t,phase,height,err,pwr,gps,x,z,ex,ez,vxw,vzw,hdg,rawhdg,mothdg,tp,tr,p,r,vx,vy,sched,fwdRaw,latRaw,vrtRaw,fwdH,latH,energy,fuel,sat,yerr,yrate,ydem,athr,amax,vv,dockc,npers,chg,nav1,nav3,nav2,trihdg,trires,aimq,wx,wz
0.00,climb,96.50,253.50,1.000,1,1892.5,365.5,-478.0,-102.0,0.00,0.00,0,0,-1,0.0,0.0,-0.0,-0.0,-0.00,-0.00,0.00,0.00,0.00,0.00,0.00,0.00,-1,-1,1,-2,0.0,-0.03,1.000,1.000,0.00,0,0,0,270.0,0.0,0.0,0.0,0.00,0,0.0,0.0
0.10,climb,96.50,253.50,1.000,1,1892.5,365.5,-478.0,-102.0,0.00,0.00,0,0,-1,0.0,0.0,-0.0,-0.0,-0.00,-0.00,0.00,0.00,0.00,0.00,0.00,0.00,-1,-1,1,-5,-0.0,-0.09,1.000,1.000,0.00,0,0,0,270.0,0.0,0.0,0.0,0.00,0,0.0,0.0
0.20,climb,96.50,253.50,1.000,1,1892.5,365.5,-478.0,-102.0,0.00,0.00,0,0,-1,0.0,0.0,-0.0,-0.0,-0.00,-0.00,0.00,0.00,0.00,0.00,0.00,0.00,-1,-1,1,-7,0.0,-0.15,1.000,1.000,0.00,0,0,0,270.0,0.0,0.0,0.0,0.00,0,-0.0,0.0
0.30,climb,96.50,253.50,1.000,1,1892.5,365.5,-478.0,-102.0,0.00,0.00,0,0,-1,0.0,0.0,-0.0,-0.0,-0.00,-0.00,0.00,0.00,0.00,0.00,0.00,0.00,-1,-1,1,-10,0.0,-0.21,1.000,1.000,0.00,0,0,0,270.0,0.0,0.0,0.0,0.00,0,-0.0,0.0
0.40,climb,96.50,253.50,1.000,1,1892.5,365.5,-478.0,-102.0,0.00,0.00,0,0,-1,0.0,0.0,-0.0,-0.0,-0.00,-0.00,0.00,0.00,0.00,0.00,0.00,0.00,-1,-1,1,-13,-0.0,-0.27,1.000,1.000,0.00,0,0,0,270.0,180.0,0.0,0.0,0.00,0,-0.0,0.0
0.50,climb,96.50,253.50,1.000,1,1892.5,365.5,-478.0,-102.0,-0.00,0.00,0,0,-1,0.0,0.0,-0.0,-0.0,-0.00,-0.00,0.00,0.00,0.00,0.00,0.00,0.00,-1,-1,1,-17,-1.7,-0.33,1.000,1.000,0.00,0,0,0,270.0,180.0,0.0,0.0,0.00,0,-0.2,0.0
0.60,climb,96.67,253.33,1.000,1,1892.5,365.5,-478.0,-102.0,-0.00,0.00,0,0,-1,0.0,0.0,-0.0,-0.0,-0.00,-0.00,0.00,0.00,0.00,0.00,-0.00,-0.00,-1,-1,1,-20,-1.7,-0.36,1.000,1.000,1.03,0,0,0,270.0,180.0,0.0,0.0,0.00,0,-0.2,0.0
0.70,climb,97.15,252.85,1.000,1,1892.5,365.5,-478.0,-102.0,0.00,0.00,0,0,-1,0.0,0.0,-0.1,-0.0,-0.00,-0.01,0.00,0.00,0.00,0.00,0.00,0.00,-1,-1,1,-22,-8.1,-0.29,1.000,1.000,3.94,0,0,0,270.0,180.0,0.0,0.0,0.00,0,-0.7,0.1
0.80,climb,97.94,252.06,1.000,1,1892.5,365.5,-478.0,-102.0,0.00,-0.03,359,357,-1,0.0,0.0,-0.2,-0.0,-0.00,-0.02,0.00,0.00,0.00,0.00,0.00,0.00,100,-1,1,-25,-28.6,-0.15,1.000,1.000,7.15,0,26,0,273.4,184.1,359.8,356.6,0.00,0,-1.6,0.2
0.90,climb,99.05,250.95,1.000,1,1892.5,365.5,-478.0,-102.0,0.00,-0.03,359,357,-1,0.0,0.0,-0.4,-0.0,0.00,-0.03,0.00,0.00,0.00,0.00,0.03,0.00,100,-1,1,-28,-28.6,0.02,1.000,1.000,10.32,0,26,0,273.4,184.1,359.8,356.6,0.00,0,-1.6,0.2
1.00,climb,100.47,249.53,1.000,1,1892.5,365.5,-478.0,-102.0,-0.09,-0.16,359,357,-1,0.0,0.0,-0.5,0.0,0.01,-0.02,0.00,0.00,0.00,0.00,0.09,-0.04,100,-1,1,-30,-44.4,0.16,1.000,1.000,13.45,0,26,0,273.4,184.1,359.8,356.6,0.00,0,-0.6,-0.6
1.10,climb,102.20,247.80,1.000,1,1892.5,365.5,-478.0,-102.0,-0.09,-0.16,358,357,-1,0.0,0.0,-0.5,0.1,0.02,-0.01,0.00,0.00,0.00,0.00,0.17,-0.08,100,-1,1,-33,-44.4,0.23,1.000,1.000,16.55,0,26,0,273.4,184.1,359.8,356.6,0.00,0,-0.6,-0.6
1.20,climb,104.24,245.76,1.000,1,1892.5,365.4,-478.0,-101.9,-0.09,-0.36,356,340,-1,0.0,0.0,-0.5,0.3,0.02,0.01,0.00,0.00,0.00,0.00,0.28,-0.07,100,-1,1,-33,-43.0,0.25,1.000,1.000,19.63,0,26,0,289.5,181.6,359.4,340.4,0.00,0,1.4,-0.8
1.30,climb,106.58,243.42,1.000,1,1892.5,365.4,-478.0,-101.9,-0.09,-0.36,353,340,-1,0.0,0.0,-0.3,0.4,0.02,0.02,0.00,0.00,0.00,0.00,0.37,-0.05,100,-1,1,-34,-43.0,0.18,1.000,1.000,22.68,0,26,0,289.5,181.6,359.4,340.4,0.00,0,1.4,-0.8
1.40,climb,109.23,240.77,1.000,1,1892.5,365.4,-478.0,-101.9,-0.09,-0.43,351,340,-1,0.0,0.0,-0.1,0.4,0.01,0.03,0.00,0.00,0.00,0.00,0.44,-0.02,100,-1,1,-35,-36.9,0.04,1.000,1.000,25.70,0,26,0,289.5,181.6,359.4,340.4,0.00,0,1.9,-0.7
1.50,climb,112.17,237.83,1.000,1,1892.4,365.3,-477.9,-101.8,-0.09,-0.47,350,340,-1,0.0,0.0,0.2,0.4,0.00,0.03,0.00,0.00,0.00,0.00,0.48,-0.00,100,-1,1,-36,-28.7,-0.15,1.000,1.000,28.68,0,26,0,289.5,181.6,359.4,340.4,0.00,0,2.0,0.0
1.60,climb,115.41,234.59,1.000,1,1892.4,365.3,-477.9,-101.8,0.00,-0.48,347,328,-1,0.0,0.0,0.3,0.3,-0.01,0.03,0.00,0.00,0.00,0.00,0.47,0.11,100,-1,1,-36,-20.4,-0.31,1.000,1.000,31.63,0,26,0,301.7,179.8,0.1,328.3,0.00,0,1.7,0.6
1.70,climb,118.94,231.06,1.000,1,1892.5,365.2,-477.9,-101.7,0.09,-0.40,344,328,-1,0.0,0.0,0.4,0.2,-0.02,0.01,0.00,0.00,0.00,0.00,0.43,0.13,100,-1,1,-36,-13.8,-0.43,1.000,1.000,34.56,0,26,0,301.7,179.8,0.1,328.3,0.00,0,-1.0,1.3
1.80,climb,122.76,227.24,1.000,1,1892.5,365.1,-478.0,-101.7,0.18,-0.33,341,328,-1,0.0,0.0,0.2,0.1,-0.02,-0.02,0.00,0.00,0.00,0.00,0.35,0.21,100,-1,1,-37,-18.1,-0.46,1.000,1.000,37.45,0,26,0,301.7,179.8,0.1,328.3,0.00,0,-2.8,1.6
1.90,climb,126.86,223.14,1.000,1,1892.5,365.1,-478.0,-101.6,0.18,-0.29,339,328,-1,0.0,0.0,-0.1,-0.1,-0.03,-0.05,0.00,0.00,0.00,0.00,0.25,0.28,100,-1,1,-38,-26.5,-0.40,1.000,1.000,40.32,0,26,0,301.7,179.8,0.1,328.3,0.00,0,-4.0,1.7
2.00,climb,133.55,216.45,1.000,1,1892.5,365.1,-478.0,-101.6,0.09,-0.30,337,320,-1,0.0,0.0,-0.5,-0.2,-0.02,-0.07,0.00,0.00,0.00,0.00,0.19,0.27,100,-1,1,-38,-38.0,-0.23,1.000,1.000,43.14,0,26,0,309.5,180.4,359.7,320.5,0.00,0,-4.1,1.3
2.10,climb,135.91,214.09,0.957,1,1892.5,365.1,-478.0,-101.6,0.09,-0.30,334,320,-1,0.0,0.0,-0.9,-0.3,-0.01,-0.07,0.00,0.00,0.00,0.00,0.23,0.21,100,-1,0,-39,-38.0,-0.01,0.957,0.990,45.94,0,26,0,309.5,180.4,359.7,320.5,0.00,0,-4.1,1.3
2.20,climb,140.85,209.15,0.803,1,1892.5,365.1,-478.0,-101.6,-0.04,-0.36,332,320,-1,0.0,0.0,-1.2,-0.3,0.00,-0.05,0.00,0.00,0.00,0.00,0.34,0.13,100,-1,0,-40,-49.4,0.20,0.805,0.827,48.70,0,26,0,309.5,180.4,359.7,320.5,0.00,0,-2.9,0.9
2.30,climb,146.04,203.96,0.649,1,1892.4,365.0,-478.0,-101.5,-0.44,-0.52,330,320,-1,0.0,0.0,-1.2,-0.1,0.02,-0.02,0.00,0.00,0.00,0.00,0.52,-0.01,100,-1,0,-41,-60.0,0.35,0.654,0.671,51.30,0,26,0,309.5,180.4,359.7,320.5,0.00,0,2.2,-1.1
2.40,climb,151.41,198.59,0.511,1,1892.4,365.0,-477.9,-101.5,-0.44,-0.52,326,299,-1,0.0,0.0,-0.9,0.1,0.04,0.04,0.00,0.00,0.00,0.00,0.67,-0.07,100,-1,0,-39,-60.0,0.42,0.517,0.546,53.41,0,26,0,330.6,180.7,358.8,299.4,0.00,0,2.2,-1.1
2.50,climb,156.92,193.08,0.401,1,1892.4,364.9,-477.9,-101.4,-0.57,-0.59,322,299,-1,0.0,0.0,-0.4,0.3,0.03,0.08,0.00,0.00,0.00,0.00,0.82,-0.08,100,-1,0,-38,-56.9,0.37,0.405,0.449,54.85,0,26,0,330.6,180.7,358.8,299.4,0.00,0,5.0,-1.3
2.60,climb,162.50,187.50,0.319,1,1892.3,364.8,-477.8,-101.3,-0.62,-0.64,318,299,-1,0.0,0.0,0.2,0.4,0.01,0.09,0.00,0.00,0.00,0.00,0.89,-0.03,100,-1,0,-38,-42.5,0.25,0.320,0.362,55.66,0,26,0,330.6,180.7,358.8,299.4,0.00,0,4.9,-0.1
2.70,climb,168.09,181.91,0.262,1,1892.2,364.7,-477.8,-101.3,-0.53,-0.64,315,299,-1,0.0,0.0,0.7,0.3,0.00,0.08,0.00,0.00,0.00,0.00,0.89,0.01,100,-1,0,-38,-35.6,0.09,0.262,0.293,55.90,0,26,0,330.6,180.7,358.8,299.4,0.00,0,3.1,-0.2
2.80,climb,173.65,176.35,0.224,1,1892.2,364.7,-477.7,-101.2,-0.53,-0.64,310,282,-1,0.0,0.0,1.0,0.3,-0.00,0.05,0.00,0.00,0.00,0.00,0.81,0.15,100,-1,0,-36,-35.6,-0.00,0.224,0.245,55.72,0,26,0,348.5,180.1,359.4,281.5,0.00,0,3.1,-0.2
2.90,climb,179.16,170.84,0.200,1,1892.2,364.6,-477.7,-101.1,-0.44,-0.62,306,282,-1,0.0,0.0,1.0,0.3,-0.00,0.02,0.00,0.00,0.00,0.00,0.72,0.24,100,-1,0,-34,-30.1,-0.08,0.200,0.208,55.25,0,26,0,348.5,180.1,359.4,281.5,0.00,0,0.9,-0.2
3.00,climb,184.60,165.40,0.186,1,1892.1,364.5,-477.6,-101.1,-0.26,-0.59,302,282,-1,0.0,0.0,1.0,0.2,-0.00,-0.00,0.00,0.00,0.00,0.00,0.61,0.32,100,-1,0,-33,-23.6,-0.14,0.187,0.190,54.55,0,26,0,348.5,180.1,359.4,281.5,0.00,0,-2.1,0.1
3.10,climb,189.95,160.05,0.180,1,1892.1,364.5,-477.6,-101.0,-0.26,-0.59,299,282,-1,0.0,0.0,0.7,0.2,-0.00,-0.03,0.00,0.00,0.00,0.00,0.52,0.39,100,-1,0,-33,-23.6,-0.19,0.180,0.194,53.72,0,26,0,348.5,180.1,359.4,281.5,0.00,0,-2.1,0.1
3.20,climb,195.20,154.80,0.180,1,1892.1,364.5,-477.6,-101.0,-0.26,-0.57,295,272,-1,0.0,0.0,0.4,0.2,-0.00,-0.05,0.00,0.00,0.00,0.00,0.48,0.41,100,-1,0,-32,-21.8,-0.20,0.181,0.201,52.75,0,26,0,358.4,180.1,355.0,271.6,0.00,0,-3.3,0.2
3.30,climb,200.34,149.66,0.185,1,1892.0,364.4,-477.5,-100.9,-0.18,-0.57,291,272,-1,0.0,0.0,0.0,0.1,-0.01,-0.05,0.00,0.00,0.00,0.00,0.37,0.47,100,-1,0,-31,-20.7,-0.22,0.186,0.210,51.71,0,26,0,358.4,180.1,355.0,271.6,0.00,0,-3.6,0.3
3.40,climb,205.39,144.61,0.189,1,1892.0,364.3,-477.5,-100.9,-0.18,-0.55,288,272,-1,0.0,0.0,-0.3,0.1,0.00,-0.05,0.00,0.00,0.00,0.00,0.34,0.47,100,-1,0,-31,-19.7,-0.23,0.189,0.212,50.70,0,26,0,358.4,180.1,355.0,271.6,0.00,0,-2.7,-0.1
3.50,climb,210.34,139.66,0.188,1,1892.0,364.3,-477.5,-100.8,-0.26,-0.53,285,272,-1,0.0,0.0,-0.6,0.1,0.01,-0.04,0.00,0.00,0.00,0.00,0.31,0.48,100,-1,0,-32,-19.7,-0.24,0.189,0.208,49.78,0,26,0,358.4,180.1,355.0,271.6,0.00,0,-1.3,-0.1
3.60,climb,215.21,134.79,0.185,1,1892.0,364.3,-477.5,-100.8,-0.26,-0.53,282,264,-1,0.0,0.0,-0.7,0.2,0.01,-0.02,0.00,0.00,0.00,0.00,0.37,0.46,100,-1,0,-31,-19.7,-0.24,0.186,0.197,48.91,0,26,0,6.3,180.1,180.8,263.7,0.00,0,-1.3,-0.1
3.70,climb,220.00,130.00,0.182,1,1891.9,364.1,-477.5,-100.7,-0.26,-0.51,279,264,-1,0.0,0.0,-0.6,0.2,0.01,0.00,0.00,0.00,0.00,0.00,0.34,0.46,100,-1,0,-32,-20.0,-0.24,0.182,0.187,48.05,0,26,0,6.3,180.1,180.8,263.7,0.00,0,1.2,-0.3
3.80,climb,224.69,125.31,0.181,1,1891.9,364.1,-477.4,-100.6,-0.26,-0.48,277,264,-1,0.0,0.0,-0.5,0.3,0.01,0.02,0.00,0.00,0.00,0.00,0.32,0.47,100,-1,0,-32,-20.1,-0.24,0.181,0.191,47.15,0,26,0,6.3,180.1,180.8,263.7,0.00,0,1.4,-0.3
3.90,climb,229.28,120.72,0.184,1,1891.9,364.1,-477.4,-100.6,-0.26,-0.48,275,264,-1,0.0,0.0,-0.3,0.3,0.01,0.02,0.00,0.00,0.00,0.00,0.30,0.46,100,-1,0,-33,-20.2,-0.26,0.185,0.197,46.17,0,26,0,6.3,180.1,180.8,263.7,0.00,0,1.5,-0.3
4.00,climb,235.98,114.02,0.166,1,1891.9,364.1,-477.4,-100.6,-0.26,-0.48,272,256,-1,0.0,0.0,-0.1,0.3,0.01,0.02,0.00,0.00,0.00,0.00,0.28,0.48,100,-1,0,-33,-20.2,-0.26,0.166,0.179,45.19,0,26,0,14.4,180.3,181.2,255.6,0.00,0,1.5,-0.3
4.10,climb,238.17,111.83,0.189,1,1891.8,364.0,-477.3,-100.5,-0.26,-0.48,269,256,-1,0.0,0.0,0.0,0.4,0.01,0.02,0.00,0.00,0.00,0.00,0.26,0.49,100,-1,0,-34,-20.8,-0.27,0.190,0.203,44.23,0,26,0,14.4,180.3,181.2,255.6,0.00,0,1.2,-0.2
4.20,climb,242.47,107.53,0.192,1,1891.8,364.0,-477.3,-100.5,-0.26,-0.48,267,256,-1,0.0,0.0,0.1,0.4,0.01,0.02,0.00,0.00,0.00,0.00,0.24,0.50,100,-1,0,-35,-20.8,-0.28,0.193,0.205,43.28,0,26,0,14.4,180.3,181.2,255.6,0.00,0,1.2,-0.2
4.30,climb,246.69,103.31,0.194,1,1891.8,363.9,-477.3,-100.4,-0.26,-0.49,265,256,-1,0.0,0.0,0.2,0.3,-0.00,0.01,0.00,0.00,0.00,0.00,0.22,0.50,100,-1,0,-36,-22.0,-0.29,0.195,0.201,42.36,0,26,0,14.4,180.3,181.2,255.6,0.00,0,0.0,1.1
4.40,climb,250.82,99.18,0.192,1,1891.7,363.8,-477.3,-100.4,-0.26,-0.51,263,247,-1,0.0,0.0,0.2,0.2,-0.02,0.00,0.00,0.00,0.00,0.00,0.20,0.52,100,-1,0,-36,-22.7,-0.28,0.193,0.201,41.50,0,26,0,22.9,180.3,180.7,247.1,0.00,0,-0.8,1.6
4.50,climb,254.87,95.13,0.191,1,1891.7,363.8,-477.2,-100.3,-0.26,-0.51,260,247,-1,0.0,0.0,0.1,0.1,-0.02,-0.02,0.00,0.00,0.00,0.00,0.17,0.54,100,-1,0,-37,-22.7,-0.28,0.192,0.206,40.65,0,26,0,22.9,180.3,180.7,247.1,0.00,0,-0.8,1.6
4.60,climb,258.83,91.17,0.187,1,1891.7,363.8,-477.2,-100.3,-0.26,-0.51,258,247,-1,0.0,0.0,-0.1,-0.0,-0.01,-0.03,0.00,0.00,0.00,0.00,0.15,0.55,100,-1,0,-38,-23.6,-0.28,0.188,0.203,39.83,0,26,0,22.9,180.3,180.7,247.1,0.00,0,-1.7,0.9
4.70,climb,262.72,87.28,0.182,1,1891.7,363.7,-477.2,-100.2,-0.18,-0.48,256,247,-1,0.0,0.0,-0.2,0.0,0.01,-0.03,0.00,0.00,0.00,0.00,0.14,0.55,100,-1,0,-39,-25.0,-0.29,0.183,0.197,39.04,0,26,0,22.9,180.3,180.7,247.1,0.00,0,-1.4,-0.9
4.80,climb,266.51,83.49,0.179,1,1891.7,363.6,-477.2,-100.2,-0.18,-0.46,254,237,-1,0.0,0.0,-0.4,0.2,0.02,-0.02,0.00,0.00,0.00,0.00,0.03,0.51,100,-1,0,-39,-25.6,-0.28,0.180,0.197,38.22,0,26,0,32.5,179.9,179.9,237.5,0.00,0,-1.0,-1.4
4.90,climb,270.23,79.77,0.177,1,1891.7,363.6,-477.2,-100.1,-0.18,-0.46,251,237,-1,0.0,0.0,-0.5,0.3,0.03,-0.02,0.00,0.00,0.00,0.00,0.02,0.49,100,-1,0,-40,-25.6,-0.28,0.178,0.196,37.37,0,26,0,32.5,179.9,179.9,237.5,0.00,0,-1.0,-1.4
5.00,climb,273.85,76.15,0.177,1,1891.6,363.5,-477.1,-100.1,-0.26,-0.44,249,237,-1,0.0,0.0,-0.5,0.5,0.03,-0.02,0.00,0.00,0.00,0.00,0.09,0.50,100,-1,0,-40,-26.5,-0.28,0.178,0.196,36.49,0,26,0,32.5,179.9,179.9,237.5,0.00,0,-0.8,-1.3
5.10,climb,277.39,72.61,0.176,1,1891.6,363.5,-477.1,-100.0,-0.26,-0.44,247,237,-1,0.0,0.0,-0.6,0.6,0.03,-0.01,0.00,0.00,0.00,0.00,0.07,0.51,100,-1,0,-42,-26.5,-0.27,0.177,0.194,35.62,0,26,0,32.5,179.9,179.9,237.5,0.00,0,-0.8,-1.3
5.20,climb,280.84,69.16,0.176,1,1891.5,363.4,-477.1,-100.0,-0.26,-0.42,244,227,-1,0.0,0.0,-0.6,0.7,0.03,-0.01,0.00,0.00,0.00,0.00,0.06,0.49,100,-1,0,-42,-27.4,-0.26,0.176,0.191,34.75,0,26,0,43.1,180.2,180.2,226.9,0.00,0,-0.4,-0.8
5.30,climb,284.21,65.79,0.174,1,1891.5,363.4,-477.0,-99.9,-0.26,-0.42,241,227,-1,0.0,0.0,-0.6,0.9,0.02,-0.01,0.00,0.00,0.00,0.00,0.03,0.49,100,-1,0,-42,-27.4,-0.25,0.175,0.187,33.90,0,26,0,43.1,180.2,180.2,226.9,0.00,0,-0.4,-0.8
5.40,climb,287.49,62.51,0.154,1,1891.5,363.4,-477.0,-99.9,-0.35,-0.40,239,227,-1,0.0,0.0,-0.6,0.9,0.02,-0.00,0.00,0.00,0.00,0.00,0.05,0.52,100,-1,0,-43,-28.3,-0.24,0.154,0.164,33.05,0,26,0,43.1,180.2,180.2,226.9,0.00,0,-0.0,-0.3
5.50,climb,290.69,59.31,0.110,1,1891.4,363.3,-477.0,-99.9,-0.35,-0.40,237,227,-1,0.0,0.0,-0.5,1.0,0.02,0.00,0.00,0.00,0.00,0.00,0.08,0.52,100,-1,0,-44,-28.6,-0.23,0.111,0.119,32.21,0,26,0,43.1,180.2,180.2,226.9,0.00,0,0.1,-0.0
5.60,climb,293.81,56.19,0.067,1,1891.4,363.3,-476.9,-99.8,-0.35,-0.40,234,216,-1,0.0,0.0,-0.4,1.0,0.01,0.00,0.00,0.00,0.00,0.00,0.05,0.53,100,-1,0,-44,-28.7,-0.23,0.068,0.075,31.38,0,26,0,54.3,180.4,180.3,215.7,0.00,0,0.1,0.2
5.70,climb,296.82,53.18,0.031,1,1891.4,363.2,-476.9,-99.8,-0.35,-0.40,231,216,-1,0.0,0.0,-0.4,1.0,0.01,0.01,0.00,0.00,0.00,0.00,0.03,0.53,100,-1,0,-44,-28.1,-0.23,0.031,0.036,30.46,0,26,0,54.3,180.4,180.3,215.7,0.00,0,0.2,0.9
5.80,climb,299.72,50.28,0.008,1,1891.4,363.2,-476.9,-99.7,-0.35,-0.40,229,216,-1,0.0,0.0,-0.3,0.9,0.00,0.01,0.00,0.00,0.00,0.00,0.00,0.53,100,-1,0,-44,-28.1,-0.24,0.008,0.012,29.29,0,26,0,54.3,180.4,180.3,215.7,0.00,0,0.2,0.9
5.90,climb,302.50,47.50,0.000,1,1891.3,363.2,-476.8,-99.7,-0.35,-0.40,227,216,-1,0.0,0.0,-0.3,0.9,0.00,0.01,0.00,0.00,0.00,0.00,-0.01,0.53,100,-1,1,-45,-27.5,-0.25,0.000,0.000,28.11,0,26,0,54.3,180.4,180.3,215.7,0.00,0,0.2,0.5
6.00,climb,306.46,43.54,0.000,1,1891.3,363.1,-476.8,-99.7,-0.35,-0.37,223,205,-1,0.0,0.0,-0.2,0.8,-0.00,0.01,0.00,0.00,0.00,0.00,-0.04,0.52,100,-1,1,-41,-26.5,-0.26,0.000,0.000,26.97,0,26,0,65.4,180.4,180.2,204.6,0.00,0,0.2,1.0
6.10,climb,307.72,42.28,0.000,1,1891.3,363.1,-476.8,-99.6,-0.35,-0.37,221,205,-1,0.0,0.0,-0.1,0.7,-0.01,0.01,0.00,0.00,0.00,0.00,-0.06,0.51,100,-1,1,-38,-26.5,-0.24,0.000,0.000,25.79,0,26,0,65.4,180.4,180.2,204.6,0.00,0,0.2,1.0
6.20,climb,310.15,39.85,0.000,1,1891.2,363.0,-476.7,-99.6,-0.35,-0.37,218,205,-1,0.0,0.0,-0.1,0.6,-0.01,0.01,0.00,0.00,0.00,0.00,-0.08,0.51,100,-1,1,-36,-25.2,-0.20,0.000,0.000,24.56,0,26,0,65.4,180.4,180.2,204.6,0.00,0,0.2,1.4
6.30,climb,312.45,37.55,0.000,1,1891.2,363.0,-476.7,-99.5,-0.35,-0.37,216,205,-1,0.0,0.0,-0.1,0.4,-0.02,0.01,0.00,0.00,0.00,0.00,-0.10,0.50,100,-1,1,-34,-25.2,-0.17,0.000,0.000,23.28,0,26,0,65.4,180.4,180.2,204.6,0.00,0,0.2,1.4
6.40,climb,314.62,35.38,0.001,1,1891.1,363.0,-476.7,-99.5,-0.35,-0.35,213,194,-1,0.0,0.0,-0.0,0.3,-0.02,0.00,0.00,0.00,0.00,0.00,-0.11,0.49,100,-1,1,-31,-24.1,-0.12,0.001,0.002,21.98,0,26,0,75.6,180.3,180.1,194.4,0.00,0,0.2,1.5
6.50,climb,316.66,33.34,0.015,1,1891.1,362.9,-476.6,-99.5,-0.35,-0.35,210,194,-1,0.0,0.0,0.0,0.1,-0.02,0.00,0.00,0.00,0.00,0.00,-0.13,0.48,100,-1,0,-28,-23.6,-0.08,0.015,0.024,20.69,0,26,0,75.6,180.3,180.1,194.4,0.00,0,0.2,1.5
6.60,climb,318.57,31.43,0.024,1,1891.1,362.9,-476.6,-99.4,-0.35,-0.35,208,194,-1,0.0,0.0,0.0,0.0,-0.02,0.00,0.00,0.00,0.00,0.00,-0.15,0.47,100,-1,0,-25,-23.2,-0.04,0.024,0.033,19.40,0,26,0,75.6,180.3,180.1,194.4,0.00,0,0.2,1.4
6.70,climb,320.35,29.65,0.036,1,1891.1,362.9,-476.6,-99.4,-0.35,-0.35,205,194,-1,0.0,0.0,0.1,-0.1,-0.02,0.00,0.00,0.00,0.00,0.00,-0.17,0.47,100,-1,0,-23,-23.2,-0.00,0.036,0.046,18.13,0,26,0,75.6,180.3,180.1,194.4,0.00,0,0.2,1.4
6.80,climb,322.01,27.99,0.052,1,1891.0,362.9,-476.5,-99.4,-0.35,-0.35,202,185,-1,0.0,0.0,0.1,-0.3,-0.02,0.00,0.00,0.00,0.00,0.00,-0.19,0.46,100,-1,0,-20,-23.0,0.05,0.052,0.062,16.87,0,26,0,84.9,180.6,180.1,185.1,0.00,0,0.2,1.4
6.90,climb,323.54,26.46,0.071,1,1891.0,362.8,-476.5,-99.3,-0.35,-0.33,200,185,-1,0.0,0.0,0.1,-0.4,-0.02,0.00,0.00,0.00,0.00,0.00,-0.21,0.45,100,-1,0,-18,-22.5,0.10,0.071,0.081,15.63,0,26,0,84.9,180.6,180.1,185.1,0.00,0,0.2,1.4
7.00,climb,324.96,25.04,0.094,1,1890.9,362.8,-476.5,-99.3,-0.35,-0.33,197,185,-1,0.0,0.0,0.1,-0.6,-0.03,0.00,0.00,0.00,0.00,0.00,-0.21,0.43,100,-1,0,-15,-22.3,0.14,0.094,0.104,14.39,0,26,0,84.9,180.6,180.1,185.1,0.00,0,0.2,1.4
7.10,climb,326.24,23.76,0.120,1,1890.9,362.7,-476.4,-99.3,-0.35,-0.33,196,185,-1,0.0,0.0,0.1,-0.7,-0.03,-0.00,0.00,0.00,0.00,0.00,-0.22,0.43,100,-1,0,-14,-22.1,0.18,0.121,0.131,13.17,0,26,0,84.9,180.6,180.1,185.1,0.00,0,0.2,1.2
7.20,climb,327.41,22.59,0.150,1,1890.9,362.7,-476.4,-99.2,-0.35,-0.33,193,176,-1,0.0,0.0,0.1,-0.8,-0.02,-0.00,0.00,0.00,0.00,0.00,-0.25,0.41,100,-1,0,-11,-22.1,0.23,0.150,0.160,11.97,0,26,0,93.9,358.0,180.1,176.1,0.00,0,0.2,1.2
7.30,climb,328.47,21.53,0.180,1,1890.8,362.7,-476.4,-99.2,-0.35,-0.33,190,176,-1,0.0,0.0,0.1,-0.9,-0.02,-0.00,0.00,0.00,0.00,0.00,-0.26,0.40,100,-1,0,-8,-21.4,0.28,0.181,0.190,10.84,0,26,0,93.9,358.0,180.1,176.1,0.00,0,0.2,0.5
7.40,climb,329.43,20.57,0.207,1,1890.8,362.7,-476.3,-99.2,-0.35,-0.33,188,176,-1,0.0,0.0,0.1,-1.0,-0.01,-0.00,0.00,0.00,0.00,0.00,-0.28,0.39,100,-1,0,-6,-21.4,0.31,0.209,0.215,9.82,0,26,0,93.9,358.0,180.1,176.1,0.00,0,0.2,0.5
7.50,climb,330.32,19.68,0.228,1,1890.8,362.6,-476.3,-99.1,-0.35,-0.33,186,176,-1,0.0,0.0,0.0,-0.9,-0.01,-0.00,0.00,0.00,0.00,0.00,-0.29,0.38,100,-1,0,-4,-20.6,0.33,0.230,0.233,9.00,0,26,0,93.9,358.0,180.1,176.1,0.00,0,0.2,-0.0
7.60,climb,331.14,18.86,0.239,1,1890.8,362.6,-476.3,-99.1,-0.26,-0.33,183,168,-1,0.0,0.0,0.0,-0.8,0.01,-0.00,0.00,0.00,0.00,0.00,-0.31,0.28,100,-1,0,-1,-19.2,0.36,0.241,0.245,8.40,0,26,0,102.1,359.0,180.2,167.9,0.00,0,0.2,-0.8
7.70,climb,331.94,18.06,0.238,1,1890.7,362.5,-476.2,-99.1,-0.26,-0.33,181,168,-1,0.0,0.0,0.0,-0.7,0.01,-0.00,0.00,0.00,0.00,0.00,-0.33,0.27,100,-1,0,1,-14.0,0.36,0.240,0.247,8.07,0,26,0,102.1,359.0,180.2,167.9,0.00,0,0.1,-1.5
7.80,cruise,332.71,17.29,0.286,1,1890.7,362.5,-476.2,-99.0,-0.26,-0.33,179,168,-1,4.0,4.0,0.0,-0.6,-0.03,-0.06,0.00,0.00,0.00,0.00,-0.33,0.26,100,-1,0,3,-10.9,0.34,0.288,0.314,7.77,0,26,0,102.1,359.0,180.2,167.9,0.00,0,-0.0,-1.6
7.90,cruise,333.44,16.56,0.284,1,1890.7,362.5,-476.2,-99.0,-0.18,-0.33,177,168,-1,8.0,8.0,-0.0,-0.4,-0.08,-0.12,0.00,0.00,0.00,0.00,-0.34,0.25,100,-1,0,18,-7.4,0.58,0.290,0.347,7.47,0,26,0,106.0,359.6,180.1,164.0,0.00,1,0.2,-1.8
8.00,cruise,334.52,15.48,0.269,1,1890.6,362.4,-476.2,-99.0,-0.18,-0.30,175,163,-1,12.0,12.0,0.0,-0.2,-0.13,-0.17,0.00,0.00,0.00,0.00,-0.34,0.15,100,-1,0,19,-3.2,0.52,0.273,0.355,7.25,0,26,0,106.7,359.7,180.1,163.3,0.00,1,1.5,-2.6
8.10,cruise,334.88,15.12,0.263,1,1890.6,362.4,-476.1,-98.9,-0.18,-0.30,173,163,-1,16.0,16.0,0.2,0.1,-0.16,-0.19,0.00,0.00,0.00,0.00,-0.32,0.14,100,-1,0,19,-3.2,0.44,0.266,0.359,7.20,0,26,0,106.9,359.3,180.2,163.1,0.00,1,1.5,-2.6
8.20,cruise,335.58,14.42,0.249,1,1890.6,362.4,-476.1,-98.9,-0.18,-0.24,172,163,-1,18.8,20.0,0.8,0.5,-0.18,-0.14,0.00,0.00,0.00,0.00,-0.26,0.14,100,-1,0,19,1.7,0.34,0.250,0.338,7.14,0,26,0,106.6,357.9,180.6,163.4,0.00,1,4.3,-3.9
8.30,cruise,336.27,13.73,0.239,1,1890.6,362.4,-476.1,-98.9,-0.09,-0.13,171,163,-1,18.9,24.0,1.7,1.1,-0.20,-0.04,0.00,0.00,0.00,0.00,-0.21,0.14,100,-1,0,18,11.0,0.23,0.240,0.303,6.99,0,26,0,105.8,355.2,181.4,164.2,0.00,1,12.2,-7.3
8.40,cruise,336.92,13.08,0.231,1,1890.6,362.4,-476.1,-98.9,-0.09,-0.13,170,165,-1,18.8,28.0,3.0,2.0,-0.19,0.06,0.00,0.00,0.00,0.00,-0.15,0.06,100,-1,0,17,11.0,0.11,0.232,0.298,6.81,0,26,0,104.7,350.7,182.5,165.4,0.00,1,12.2,-7.3
8.50,cruise,337.54,12.46,0.228,1,1890.6,362.4,-476.1,-98.9,-0.09,-0.10,169,165,-1,18.4,32.0,4.5,3.2,-0.14,0.14,0.00,0.00,0.00,0.00,-0.11,0.07,100,-1,0,15,15.1,-0.00,0.228,0.302,6.56,0,26,0,103.1,344.5,183.7,167.1,0.00,1,15.1,-10.3
8.60,cruise,338.12,11.88,0.230,1,1890.6,362.4,-476.1,-98.9,0.00,-0.11,168,165,-1,17.7,35.7,5.9,4.8,-0.08,0.17,0.00,0.00,0.00,0.00,-0.11,-0.02,100,-1,0,13,18.6,-0.12,0.230,0.297,6.24,0,26,0,101.3,336.5,185.0,169.2,0.00,1,16.2,-13.9
8.70,cruise,338.66,11.34,0.234,1,1890.6,362.3,-476.1,-98.8,-0.09,-0.27,168,165,-1,16.7,36.6,7.3,6.9,0.01,0.16,0.00,0.00,0.00,0.00,-0.16,-0.03,100,-1,0,11,23.2,-0.22,0.235,0.282,5.92,0,26,0,99.3,326.7,186.2,171.5,0.00,1,14.1,-19.4
8.80,cruise,339.16,10.84,0.238,1,1890.6,362.3,-476.1,-98.8,-0.09,-0.27,169,173,-1,15.5,37.6,8.3,9.2,0.08,0.13,0.08,0.00,0.00,0.00,-0.29,0.03,100,-1,0,8,23.2,-0.30,0.239,0.293,5.63,0,26,0,97.2,315.2,187.2,174.1,0.00,1,14.1,-19.4
8.90,cruise,339.63,10.37,0.243,1,1890.6,362.3,-476.1,-98.8,-0.13,-0.42,169,173,-1,14.1,38.4,9.0,11.7,0.11,0.06,0.15,0.00,0.00,0.00,-0.43,0.05,100,-1,0,5,24.1,-0.37,0.245,0.291,5.34,0,26,0,95.1,302.6,188.0,176.6,0.00,1,11.3,-21.1
9.00,cruise,340.27,9.73,0.250,1,1890.5,362.2,-476.0,-98.7,-0.48,-0.77,170,173,-1,12.6,39.5,9.3,14.2,0.10,-0.01,0.22,0.00,0.00,0.00,-0.63,0.16,100,-1,0,3,22.9,-0.42,0.253,0.282,5.03,0,26,0,93.0,289.5,188.5,179.2,0.00,1,5.3,-19.6
9.10,cruise,340.47,9.53,0.258,1,1890.5,362.2,-476.0,-98.7,-0.48,-0.77,170,173,-1,10.9,40.1,9.2,16.5,0.06,-0.05,0.29,0.00,0.00,0.00,-0.84,0.35,100,-1,0,1,22.9,-0.45,0.261,0.293,4.72,0,26,0,91.1,276.9,188.9,181.5,0.00,1,5.3,-19.6
9.20,cruise,340.86,9.14,0.265,1,1890.4,362.1,-475.9,-98.6,-0.75,-0.94,172,181,-1,9.4,40.7,9.0,18.5,0.01,-0.07,0.34,0.00,0.00,0.00,-1.04,0.61,100,-1,0,-1,20.7,-0.44,0.268,0.290,4.45,0,26,0,89.4,266.1,189.2,183.5,0.00,1,3.3,-17.5
9.30,cruise,341.23,8.77,0.270,1,1890.2,361.8,-475.8,-98.5,-1.36,-1.27,173,181,-1,8.1,41.4,8.8,20.2,-0.04,-0.06,0.39,0.00,0.00,0.00,-1.24,0.96,100,-1,0,-3,14.1,-0.41,0.273,0.298,4.22,0,26,0,87.9,257.9,189.5,185.2,0.00,1,3.2,-14.3
9.40,cruise,341.58,8.42,0.277,1,1890.2,361.8,-475.7,-98.3,-1.36,-1.27,174,181,-1,7.1,41.9,8.7,21.8,-0.07,-0.01,0.44,0.00,0.00,0.00,-1.40,1.23,100,-1,0,-5,14.1,-0.37,0.279,0.301,3.98,0,26,0,86.9,252.6,189.9,186.5,0.00,1,3.2,-14.3
9.50,cruise,341.91,8.09,0.281,1,1889.8,361.5,-475.5,-98.2,-2.15,-1.60,175,181,-1,6.5,42.4,8.8,23.4,-0.07,0.03,0.49,0.00,0.00,0.00,-1.57,1.63,100,-1,0,-6,6.0,-0.31,0.283,0.313,3.80,0,26,0,86.2,250.2,190.4,187.6,0.00,1,4.4,-14.7
9.60,cruise,342.22,7.78,0.286,1,1889.8,361.5,-475.3,-98.0,-2.15,-1.60,177,184,-1,6.2,42.9,9.2,25.0,-0.06,0.07,0.54,0.00,0.00,0.00,-1.73,2.05,100,-1,0,-6,6.0,-0.24,0.287,0.325,3.63,0,26,0,86.0,250.1,191.0,188.2,0.00,1,4.4,-14.7
9.70,cruise,342.51,7.49,0.293,1,1889.3,361.2,-475.1,-97.9,-2.94,-1.99,178,184,-1,6.2,43.3,9.6,26.6,-0.05,0.10,0.60,0.00,0.00,0.00,-1.88,2.43,100,-1,0,-6,-2.0,-0.17,0.294,0.336,3.44,0,26,0,86.2,251.9,191.5,188.4,0.00,1,3.0,-16.5
9.80,cruise,342.78,7.22,0.300,1,1889.0,361.0,-474.8,-97.7,-3.38,-2.21,179,184,-1,6.6,43.8,10.2,28.2,-0.03,0.11,0.65,0.00,0.00,0.00,-2.06,2.89,100,-1,0,-6,-5.4,-0.08,0.300,0.343,3.28,0,26,0,86.8,255.2,191.8,188.3,0.00,1,1.4,-17.7
9.90,cruise,343.04,6.96,0.307,1,1888.6,360.7,-474.5,-97.5,-3.87,-2.47,179,184,-1,7.3,44.1,10.8,30.0,-0.00,0.11,0.71,0.00,0.00,0.00,-2.25,3.36,100,-1,0,-6,-8.2,-0.01,0.307,0.342,3.14,0,26,0,87.8,259.9,192.0,187.8,0.00,1,-0.9,-19.3
10.00,cruise,343.28,6.72,0.314,1,1888.2,360.5,-474.1,-97.2,-4.39,-2.76,180,181,-1,8.2,44.5,11.4,31.8,0.03,0.10,0.77,0.00,0.00,0.00,-2.51,3.85,100,-1,0,-5,-10.5,0.07,0.314,0.356,3.01,0,26,0,89.1,265.8,191.9,187.0,0.00,1,-3.5,-20.4
10.10,cruise,343.51,6.49,0.320,1,1887.7,360.2,-473.7,-97.0,-5.01,-3.07,180,181,-1,9.2,44.9,11.9,33.6,0.05,0.08,0.83,0.00,0.00,0.00,-2.78,4.38,100,-1,0,-4,-11.9,0.13,0.321,0.363,2.92,0,26,0,90.6,273.1,191.5,185.8,0.00,1,-6.5,-20.5
10.20,cruise,343.73,6.27,0.325,1,1887.7,360.2,-473.2,-96.7,-5.01,-3.07,180,181,-1,10.4,45.2,12.2,35.4,0.05,0.05,0.89,0.00,0.00,0.00,-3.08,5.00,100,-1,0,-2,-11.9,0.19,0.326,0.361,2.87,0,26,0,92.2,281.7,190.7,184.4,0.00,1,-6.5,-20.5
10.30,cruise,343.95,6.05,0.332,1,1886.5,359.5,-472.6,-96.3,-6.33,-3.59,180,181,-1,11.6,45.6,12.4,37.1,0.05,0.02,0.94,0.00,0.00,0.00,-3.35,5.71,100,-1,0,-1,-12.3,0.24,0.333,0.357,2.76,0,26,0,93.8,291.6,189.6,182.8,0.00,1,-11.5,-18.8
10.40,cruise,344.16,5.84,0.343,1,1886.5,359.5,-472.0,-96.0,-6.33,-3.59,179,175,-1,12.8,45.9,12.4,38.7,0.04,-0.01,0.99,0.00,0.00,0.00,-3.66,6.29,100,-1,0,1,-12.3,0.27,0.344,0.364,2.60,0,26,0,95.3,302.6,188.3,181.0,0.00,1,-11.5,-18.8
10.50,cruise,344.35,5.65,0.353,1,1885.8,359.1,-471.3,-95.6,-7.12,-3.80,179,175,-1,13.9,46.3,12.2,40.1,0.02,-0.05,1.00,0.00,0.00,0.00,-3.95,7.04,100,-1,0,3,-11.3,0.28,0.355,0.382,2.43,0,26,0,96.6,314.4,186.8,179.3,0.00,1,-13.4,-17.1
10.60,cruise,344.54,5.46,0.362,1,1884.2,358.3,-470.6,-95.2,-8.79,-4.10,178,175,-1,14.8,46.6,11.7,41.2,0.01,-0.09,1.00,0.00,0.00,0.00,-4.20,7.80,100,-1,0,4,-6.7,0.27,0.363,0.397,2.29,0,26,0,97.6,326.1,185.1,177.7,0.00,1,-14.6,-13.3
10.70,cruise,344.72,5.28,0.369,1,1884.2,358.3,-469.7,-94.8,-8.79,-4.10,178,175,-1,15.5,47.0,11.0,42.3,-0.00,-0.12,1.00,0.00,0.00,0.00,-4.40,8.64,100,-1,0,6,-6.7,0.25,0.370,0.414,2.18,0,26,0,98.3,337.1,183.5,176.2,0.00,1,-14.6,-13.3
10.80,cruise,344.89,5.11,0.376,1,1882.2,357.5,-468.8,-94.4,-10.55,-4.14,177,171,-1,15.9,47.5,10.0,43.3,-0.01,-0.14,1.00,0.00,0.00,0.00,-4.59,9.47,100,-1,0,7,-0.0,0.21,0.377,0.437,2.05,0,26,0,98.6,347.2,182.0,175.1,0.00,1,-12.4,-10.2
10.90,cruise,345.05,4.95,0.383,1,1881.1,357.1,-467.7,-94.0,-11.47,-4.08,177,171,-1,16.0,47.9,9.0,44.2,-0.02,-0.16,1.00,0.00,0.00,0.00,-4.71,10.30,100,-1,0,8,3.6,0.15,0.384,0.451,1.94,0,26,0,98.5,355.6,180.7,174.4,0.00,1,-8.9,-9.3
11.00,cruise,345.27,4.73,0.388,1,1881.1,357.1,-466.6,-93.6,-11.47,-4.08,176,171,-1,15.9,48.5,7.9,45.1,-0.02,-0.16,1.00,0.00,0.00,0.00,-4.78,11.19,100,-1,0,8,3.6,0.09,0.388,0.457,1.84,0,26,0,98.1,1.8,179.7,174.1,0.00,1,-8.9,-9.3
11.10,cruise,345.34,4.66,0.397,1,1878.6,356.3,-465.4,-93.2,-13.36,-3.81,176,171,-1,15.4,48.9,6.8,45.9,-0.01,-0.15,1.00,0.00,0.00,0.00,-4.81,12.13,100,-1,0,8,9.6,0.02,0.397,0.464,1.74,0,26,0,97.3,5.8,179.2,174.4,0.00,1,-0.4,-7.9
11.20,cruise,345.47,4.53,0.405,1,1877.2,355.9,-464.1,-92.8,-14.28,-3.65,176,174,-1,14.7,49.4,5.9,46.8,-0.01,-0.14,1.00,0.00,0.00,0.00,-4.73,13.06,100,-1,0,7,11.9,-0.05,0.406,0.467,1.63,0,26,0,96.3,6.9,179.2,175.1,0.00,1,4.3,-7.9
11.30,cruise,345.59,4.41,0.414,1,1877.2,355.9,-462.7,-92.4,-14.28,-3.65,176,174,-1,13.7,49.9,5.2,47.6,-0.00,-0.12,1.00,0.00,0.00,0.00,-4.64,13.99,100,-1,0,6,11.9,-0.12,0.415,0.465,1.54,0,26,0,95.1,3.4,179.7,176.4,0.00,1,4.3,-7.9
11.40,cruise,345.71,4.29,0.421,1,1875.7,355.5,-461.2,-92.0,-15.34,-3.47,176,174,-1,12.6,50.5,4.8,48.6,0.01,-0.10,1.00,0.00,0.00,0.00,-4.55,15.05,100,-1,0,4,13.6,-0.19,0.422,0.466,1.50,0,26,0,93.7,350.4,180.6,178.0,0.00,1,8.7,-8.1
11.50,cruise,345.82,4.18,0.427,1,1872.3,354.9,-459.6,-91.7,-17.45,-3.24,176,174,-1,11.3,51.0,4.6,49.5,0.01,-0.07,1.00,0.00,0.00,0.00,-4.49,16.11,100,-1,0,2,14.2,-0.25,0.429,0.464,1.48,0,26,0,92.2,318.7,182.0,180.0,0.00,1,16.5,-7.8
11.60,cruise,345.93,4.07,0.436,1,1872.3,354.9,-457.8,-91.4,-17.45,-3.24,176,179,-1,10.0,51.6,4.7,50.4,0.01,-0.04,1.00,0.00,0.00,0.00,-4.31,17.21,100,-1,0,-0,14.2,-0.29,0.438,0.462,1.42,0,26,0,90.9,283.5,183.7,182.3,0.00,1,16.5,-7.8
11.70,cruise,346.03,3.97,0.445,1,1868.6,354.2,-456.0,-91.1,-19.69,-3.25,177,179,-1,8.8,52.1,5.3,51.2,0.01,-0.01,1.00,0.00,0.00,0.00,-4.20,18.35,100,-1,0,-3,10.6,-0.30,0.448,0.456,1.36,0,26,0,89.7,267.0,185.7,184.6,0.00,1,21.4,-6.5
11.80,cruise,346.14,3.86,0.454,1,1868.6,354.2,-454.1,-90.7,-19.69,-3.25,177,179,-1,7.8,52.6,6.3,52.0,0.01,0.02,1.00,0.00,0.00,0.00,-4.18,19.51,100,-1,0,-5,10.6,-0.30,0.456,0.469,1.32,0,26,0,88.8,261.3,187.8,186.9,0.00,1,21.4,-6.5
11.90,cruise,346.24,3.76,0.463,1,1864.3,353.6,-452.0,-90.4,-22.10,-3.59,178,179,-1,7.2,53.2,7.9,52.7,0.00,0.06,1.00,0.00,0.00,0.00,-4.25,20.72,100,-1,0,-7,3.4,-0.29,0.465,0.493,1.28,0,26,0,88.2,260.2,190.2,189.1,0.00,1,23.3,-4.9
12.00,cruise,346.33,3.67,0.473,1,1864.3,353.6,-449.8,-90.1,-22.10,-3.59,178,182,-1,7.1,53.7,10.0,53.4,-0.01,0.09,1.00,0.00,0.00,0.00,-4.30,21.98,100,-1,0,-9,3.4,-0.25,0.475,0.522,1.23,0,26,0,88.1,261.4,192.5,191.1,0.00,1,23.3,-4.9
12.10,cruise,346.43,3.57,0.483,1,1862.0,353.2,-447.5,-89.7,-23.33,-3.91,179,182,-1,7.6,54.2,12.6,53.9,-0.02,0.12,1.00,0.00,0.00,0.00,-4.48,23.23,100,-1,0,-11,-1.2,-0.19,0.484,0.553,1.19,0,26,0,88.4,263.9,194.7,192.8,0.00,1,22.7,-3.7
12.20,cruise,346.53,3.47,0.494,1,1857.0,352.3,-445.1,-89.2,-25.84,-4.89,179,182,-1,8.7,54.7,15.7,54.4,-0.03,0.15,1.00,0.00,0.00,0.00,-4.77,24.53,100,-1,0,-12,-11.1,-0.12,0.494,0.583,1.16,0,26,0,89.2,267.3,196.8,194.0,0.00,1,18.2,-2.6
12.30,cruise,346.62,3.38,0.507,1,1854.4,351.7,-442.5,-88.8,-27.11,-5.54,179,182,-1,10.5,55.2,19.1,54.8,-0.04,0.16,1.00,0.00,0.00,0.00,-5.19,25.78,100,-1,0,-13,-15.6,-0.03,0.507,0.610,1.13,0,26,0,90.5,271.5,198.5,194.7,0.00,1,13.7,-2.6
12.40,cruise,346.72,3.28,0.520,1,1854.4,351.7,-439.9,-88.2,-27.11,-5.54,179,178,-1,12.8,55.6,22.5,55.0,-0.06,0.17,1.00,0.00,0.00,0.00,-5.91,27.04,100,-1,0,-13,-15.6,0.06,0.520,0.635,1.12,0,26,0,92.2,276.2,199.7,194.8,0.00,1,13.7,-2.6
12.50,cruise,346.83,3.17,0.531,1,1848.6,350.4,-437.1,-87.6,-29.71,-7.11,179,178,-1,15.6,56.1,25.7,55.2,-0.07,0.16,1.00,0.00,0.00,0.00,-6.73,28.29,100,-1,0,-12,-22.1,0.14,0.531,0.654,1.13,0,26,0,94.4,281.7,200.3,194.1,0.00,1,0.6,-3.7
12.60,cruise,346.94,3.06,0.540,1,1848.6,350.4,-434.1,-86.9,-29.71,-7.11,179,178,-1,18.8,56.5,28.3,55.2,-0.09,0.14,1.00,0.00,0.00,0.00,-7.61,29.58,100,-1,0,-11,-22.1,0.23,0.542,0.665,1.15,0,26,0,96.8,287.8,200.2,192.7,0.00,1,0.6,-3.7
12.70,cruise,347.06,2.94,0.570,1,1842.4,348.8,-431.1,-86.2,-32.30,-8.78,179,178,-1,22.0,56.8,30.4,55.1,-0.10,0.11,1.00,0.00,0.00,0.00,-8.50,30.83,100,-1,0,-8,-23.1,0.30,0.573,0.689,1.18,0,26,0,99.3,294.8,199.4,190.5,0.00,1,-13.7,-7.5
12.80,cruise,347.19,2.81,0.600,1,1839.0,347.9,-427.9,-85.3,-33.66,-9.57,178,168,-1,25.2,57.2,31.7,55.0,-0.10,0.07,1.00,0.00,0.00,0.00,-9.88,31.98,100,-1,0,-6,-21.0,0.30,0.603,0.702,1.25,0,26,0,101.7,302.7,197.9,187.8,0.00,1,-20.5,-10.8
12.90,cruise,347.32,2.68,0.600,1,1835.5,346.9,-424.5,-84.4,-35.20,-10.31,177,168,-1,28.0,57.6,32.4,55.1,-0.08,0.03,1.00,0.00,0.00,0.00,-11.17,33.16,100,-1,0,-3,-17.4,0.30,0.603,0.672,1.36,0,26,0,103.9,311.7,195.6,184.6,0.00,1,-26.3,-15.3
13.00,cruise,347.55,2.45,0.600,1,1831.9,345.8,-421.0,-83.4,-36.78,-10.92,177,168,-1,30.5,58.2,32.4,55.6,-0.05,-0.00,1.00,0.00,0.00,0.00,-12.38,34.53,100,-1,0,1,-12.5,0.30,0.603,0.635,1.56,0,26,0,105.8,321.9,192.5,181.3,0.00,1,-30.6,-19.9
13.10,cruise,347.63,2.37,0.600,1,1828.1,344.7,-417.4,-82.3,-38.50,-11.36,176,168,-1,32.2,58.7,31.8,56.6,-0.00,-0.03,1.00,0.00,0.00,0.00,-13.42,35.95,100,-1,0,4,-6.9,0.30,0.603,0.625,1.83,0,26,0,107.1,333.2,188.8,177.8,0.00,1,-33.3,-24.0
13.20,cruise,347.79,2.21,0.600,1,1828.1,344.7,-413.6,-81.2,-38.50,-11.36,175,162,-1,33.5,59.4,30.8,58.0,0.05,-0.06,1.00,0.00,0.00,0.00,-14.54,37.41,100,-1,0,7,-6.9,0.29,0.603,0.664,2.09,0,26,0,107.8,345.6,184.7,174.5,0.00,1,-33.3,-24.0
13.30,cruise,347.96,2.04,0.600,1,1824.1,343.5,-409.6,-80.0,-40.21,-11.57,175,162,-1,34.1,60.2,29.2,59.8,0.09,-0.08,1.00,0.00,0.00,0.00,-15.33,38.93,100,-1,0,11,-0.9,0.23,0.602,0.703,2.29,0,26,0,107.8,358.7,180.4,171.5,0.00,1,-34.3,-26.5
13.40,cruise,348.13,1.87,0.600,1,1815.6,341.2,-405.5,-78.8,-43.81,-11.36,174,162,-1,34.0,61.1,26.9,61.9,0.13,-0.10,1.00,0.00,0.00,0.00,-15.81,40.56,100,-1,0,13,11.7,0.16,0.601,0.737,2.40,0,26,0,107.0,12.2,176.2,168.9,0.00,1,-32.7,-26.7
13.50,cruise,348.29,1.71,0.600,1,1811.1,340.1,-401.1,-77.7,-45.57,-10.94,174,162,-1,33.2,62.1,23.5,64.0,0.15,-0.12,1.00,0.00,0.00,0.00,-16.00,42.34,100,-1,0,16,17.4,0.08,0.600,0.759,2.43,0,26,0,105.6,26.0,172.3,166.5,0.00,1,-30.6,-22.8
13.60,cruise,348.46,1.54,0.600,1,1811.1,340.1,-396.6,-76.6,-45.57,-10.94,174,167,-1,31.4,63.0,18.6,65.9,0.13,-0.14,1.00,0.00,0.00,0.00,-15.70,44.16,100,-1,0,17,17.4,0.00,0.600,0.763,2.35,0,26,0,103.5,39.5,168.8,164.6,0.00,1,-30.6,-22.8
13.70,cruise,348.62,1.38,0.600,1,1801.6,338.1,-391.9,-75.5,-49.17,-9.57,174,167,-1,28.9,64.0,11.9,67.2,0.09,-0.16,1.00,0.00,0.00,0.00,-15.17,46.10,100,-1,0,19,26.2,-0.07,0.600,0.752,2.15,0,26,0,100.9,52.2,166.0,163.1,0.00,1,-22.2,-10.4
13.80,brake,348.76,1.24,0.536,1,1796.5,337.2,0.0,0.0,-50.93,-8.68,174,167,-1,22.9,58.0,3.7,68.0,0.17,-0.26,1.00,0.00,0.00,0.00,-14.49,47.96,100,-1,0,20,28.8,-0.13,0.537,0.709,1.86,0,26,0,98.1,63.7,163.9,162.2,0.00,1,-15.7,-4.3
13.90,brake,348.90,1.10,0.548,1,1796.5,337.2,0.0,0.0,-50.93,-8.68,174,167,-1,16.9,52.0,-4.9,68.3,0.18,-0.28,1.00,0.00,0.00,0.00,-13.70,49.82,100,-1,0,20,28.8,-0.18,0.549,0.733,1.52,0,26,0,95.2,73.9,162.6,162.0,0.00,1,-15.7,-4.3
14.00,brake,349.01,0.99,0.563,1,1785.9,335.7,0.0,0.0,-53.96,-6.78,175,178,-1,10.9,46.0,-12.6,68.0,0.18,-0.28,1.00,0.00,0.00,0.00,-12.27,51.69,100,-1,0,19,28.6,-0.20,0.564,0.747,1.13,0,26,0,92.3,82.8,162.1,162.6,0.00,1,0.5,8.0
14.10,brake,349.11,0.89,0.583,1,1780.4,335.1,0.0,0.0,-55.46,-5.80,176,178,-1,4.9,40.0,-18.0,66.8,0.14,-0.26,1.00,0.00,0.00,0.00,-10.88,53.29,100,-1,0,18,26.5,-0.21,0.585,0.746,0.66,0,26,0,89.8,90.6,162.4,163.9,0.00,1,10.8,15.3
14.20,brake,349.20,0.80,0.605,1,1780.4,335.1,0.0,0.0,-55.46,-5.80,176,178,-1,-1.1,34.0,-20.5,64.8,0.07,-0.21,1.00,0.00,0.00,0.00,-9.55,54.94,100,-1,0,16,26.5,-0.22,0.606,0.716,0.21,0,26,0,87.8,97.6,163.7,166.3,0.00,1,10.8,15.3
14.30,brake,349.29,0.71,0.589,1,1774.8,334.6,0.0,0.0,-57.00,-4.77,177,178,-1,-7.1,28.0,-20.2,61.7,-0.03,-0.11,1.00,0.00,0.00,0.00,-8.22,56.60,100,-1,0,12,23.2,-0.21,0.590,0.647,-0.16,0,26,0,86.3,104.7,166.1,169.5,0.00,1,22.4,23.3
14.40,brake,349.39,0.61,0.529,1,1763.0,333.8,0.0,0.0,-60.12,-2.99,177,185,-1,-13.1,22.0,-17.5,57.8,-0.12,0.04,1.00,0.00,0.00,0.00,-6.43,58.35,100,-1,0,9,12.3,-0.20,0.530,0.595,-0.39,0,26,0,85.4,113.5,169.4,173.5,0.00,1,42.3,35.6
14.50,brake,349.51,0.49,0.468,1,1756.8,333.6,0.0,0.0,-61.48,-2.45,178,185,-1,-18.0,16.0,-13.2,53.5,-0.16,0.23,1.00,0.00,0.00,0.00,-4.84,60.00,100,-1,0,4,5.4,-0.16,0.469,0.622,-0.41,0,26,0,84.9,128.1,173.5,177.8,0.00,1,47.5,36.9
14.60,brake,349.64,0.36,0.415,1,1756.8,333.6,0.0,0.0,-61.48,-2.45,179,185,-1,-12.8,10.0,-8.1,49.4,-0.09,0.32,1.00,0.00,0.00,0.00,-3.58,61.42,100,-1,0,0,5.4,-0.10,0.416,0.579,-0.28,0,26,0,84.8,158.6,178.0,181.8,0.00,1,47.5,36.9
14.70,brake,349.76,0.24,0.375,1,1744.3,333.1,0.0,0.0,-63.19,-2.30,180,185,-1,-8.3,4.0,-2.9,45.9,0.04,0.38,1.00,0.00,0.00,0.00,-2.67,62.47,100,-1,0,-3,-4.9,-0.05,0.375,0.540,-0.10,0,26,0,85.0,204.1,182.2,185.1,0.00,1,41.4,31.1
14.80,brake,349.88,0.12,0.346,1,1744.3,333.1,0.0,0.0,-63.19,-2.30,180,185,-1,-4.9,-2.0,1.6,42.8,0.17,0.39,1.00,0.00,0.00,0.00,-2.11,63.20,100,-1,0,-5,-4.9,-0.01,0.346,0.568,0.06,0,26,0,85.3,231.7,185.9,187.5,0.00,1,41.4,31.1
14.90,brake,349.99,0.01,0.326,1,1738.0,332.9,0.0,0.0,-63.68,-2.53,181,185,-1,-2.7,-8.0,5.2,40.0,0.25,0.37,1.00,0.00,0.00,0.00,-1.76,63.70,100,-1,0,-7,-7.9,0.02,0.326,0.575,0.12,0,26,0,85.8,244.3,188.8,188.8,0.00,1,33.0,29.0
15.00,brake,350.09,-0.09,0.313,1,1731.6,332.6,0.0,0.0,-63.98,-2.88,181,185,-1,-1.7,-14.0,7.8,37.0,0.25,0.32,0.91,0.00,0.00,0.00,-1.58,64.03,100,-1,0,-7,-9.7,0.05,0.313,0.540,0.10,0,26,0,86.2,250.4,190.5,189.3,0.00,1,22.8,29.6
15.10,brake,350.20,-0.20,0.304,1,1718.7,331.9,0.0,0.0,-64.34,-3.72,182,185,-1,-1.6,-20.0,9.1,33.5,0.19,0.23,0.81,0.00,0.00,0.00,-1.51,64.23,100,-1,0,-7,-10.2,0.07,0.304,0.474,-0.03,0,26,0,86.6,253.3,191.3,189.0,0.00,1,1.8,38.8
15.20,brake,350.31,-0.31,0.295,1,1712.3,331.5,0.0,0.0,-64.42,-4.16,182,183,-1,-2.2,-26.0,9.2,29.3,0.09,0.12,0.68,0.00,0.00,0.00,-1.73,64.42,100,-1,0,-6,-9.3,0.08,0.295,0.379,-0.16,0,26,0,86.8,253.8,191.0,188.1,0.00,1,-7.7,45.0
15.30,brake,350.42,-0.42,0.285,1,1712.3,331.5,0.0,0.0,-64.42,-4.16,182,183,-1,-3.3,-32.0,8.3,24.5,-0.02,-0.01,0.52,0.00,0.00,0.00,-1.96,64.53,100,-1,0,-5,-9.3,0.09,0.285,0.295,-0.28,0,26,0,86.8,252.1,189.7,186.9,0.00,1,-7.7,45.0
15.40,brake,350.53,-0.53,0.277,1,1705.8,331.1,0.0,0.0,-64.42,-4.53,182,183,-1,-4.6,-38.0,6.8,19.3,-0.11,-0.11,0.34,0.00,0.00,0.00,-2.14,64.55,100,-1,0,-4,-7.9,0.09,0.278,0.367,-0.39,0,26,0,86.8,248.1,187.9,185.6,0.00,1,-14.6,49.9
15.50,brake,350.63,-0.63,0.271,1,1693.0,330.1,0.0,0.0,-64.12,-4.94,182,183,-1,-5.7,-44.0,4.9,13.9,-0.17,-0.20,0.15,0.00,0.00,0.00,-2.23,64.48,100,-1,0,-2,-4.1,0.07,0.271,0.417,-0.47,0,26,0,86.8,240.2,185.7,184.5,0.00,1,-19.8,53.0
15.60,brake,350.71,-0.71,0.265,1,1693.0,330.1,0.0,0.0,-64.12,-4.94,182,183,-1,-6.7,-44.8,2.9,8.6,-0.22,-0.23,0.00,0.00,0.00,0.00,-2.23,64.27,100,-1,0,-2,-4.1,0.05,0.265,0.442,-0.49,0,26,0,86.7,226.0,183.4,183.8,0.00,1,-19.8,53.0
15.70,brake,350.76,-0.76,0.264,1,1680.3,329.1,0.0,0.0,-63.19,-4.93,183,183,-1,-7.3,-44.8,1.2,3.5,-0.21,-0.20,0.00,0.00,0.00,0.00,-2.14,63.84,100,-1,0,-1,-0.8,0.02,0.264,0.425,-0.54,0,26,0,86.7,203.5,181.4,183.4,0.00,1,-13.4,47.5
15.80,brake,350.78,-0.78,0.267,1,1674.0,328.6,0.0,0.0,-62.58,-4.83,183,183,-1,-7.6,-44.7,0.0,-1.1,-0.18,-0.14,0.00,0.00,0.00,0.00,-1.99,63.35,100,-1,0,-1,0.5,-0.01,0.267,0.394,-0.62,0,26,0,86.7,179.3,180.0,183.3,0.00,1,-8.7,42.8
15.90,brake,350.78,-0.78,0.273,1,1674.0,328.6,0.0,0.0,-62.58,-4.83,183,183,-1,-7.6,-44.7,-0.7,-5.3,-0.13,-0.07,0.00,0.00,0.00,0.00,-1.82,62.74,100,-1,0,-1,0.5,-0.04,0.273,0.355,-0.70,0,26,0,86.6,162.7,179.0,183.4,0.00,1,-8.7,42.8
16.00,brake,350.74,-0.74,0.281,1,1667.8,328.2,0.0,0.0,-61.88,-4.68,183,183,-1,-7.4,-44.8,-1.1,-8.9,-0.08,-0.02,0.00,0.00,0.00,0.00,-1.59,62.03,100,-1,0,-2,1.5,-0.06,0.281,0.321,-0.79,0,26,0,86.6,154.2,178.3,183.6,0.00,1,-4.8,37.4
16.10,brake,350.69,-0.69,0.292,1,1655.6,327.3,0.0,0.0,-60.25,-4.38,183,183,-1,-7.1,-44.8,-1.2,-12.0,-0.01,0.02,0.07,0.00,0.00,0.00,-1.40,61.24,100,-1,0,-2,2.4,-0.08,0.292,0.306,-0.89,0,26,0,86.4,151.1,178.0,183.9,0.00,1,0.4,28.2
16.20,brake,350.61,-0.61,0.304,1,1649.6,326.8,0.0,0.0,-59.37,-4.25,183,183,-1,-6.7,-44.8,-1.1,-14.7,0.04,0.05,0.16,0.00,0.00,0.00,-1.24,60.40,100,-1,0,-2,2.3,-0.09,0.304,0.338,-1.01,0,26,0,86.3,150.8,177.9,184.1,0.00,1,1.4,25.5
16.30,brake,350.52,-0.52,0.314,1,1643.8,326.4,0.0,0.0,-58.49,-4.14,183,183,-1,-6.4,-44.8,-0.9,-17.3,0.06,0.06,0.24,0.00,0.00,0.00,-1.11,59.51,100,-1,0,-2,1.7,-0.09,0.314,0.365,-1.08,0,26,0,86.2,151.5,177.9,184.3,0.00,1,1.7,24.1
16.40,brake,350.43,-0.43,0.320,1,1643.8,326.4,0.0,0.0,-58.49,-4.14,183,184,-1,-6.1,-44.8,-0.7,-19.7,0.07,0.06,0.32,0.00,0.00,0.00,-0.95,58.63,100,-1,0,-2,1.7,-0.08,0.320,0.373,-1.04,0,26,0,86.1,152.0,177.9,184.4,0.00,1,1.7,24.1
16.50,brake,350.34,-0.34,0.326,1,1638.0,326.0,0.0,0.0,-57.52,-4.05,183,184,-1,-5.9,-44.8,-0.6,-22.1,0.06,0.05,0.40,0.00,0.00,0.00,-0.84,57.66,100,-1,0,-2,1.0,-0.07,0.326,0.368,-1.00,0,26,0,86.1,150.8,177.8,184.4,0.00,1,1.0,24.0
16.60,brake,350.25,-0.25,0.334,1,1626.7,325.2,0.0,0.0,-55.59,-3.90,183,184,-1,-5.8,-44.9,-0.6,-24.6,0.03,0.03,0.49,0.00,0.00,0.00,-0.75,56.69,100,-1,0,-2,-0.4,-0.05,0.334,0.359,-0.98,0,26,0,86.2,147.9,177.6,184.4,0.00,1,-1.3,25.3
16.70,brake,350.16,-0.16,0.342,1,1621.3,324.8,0.0,0.0,-54.54,-3.83,183,184,-1,-5.8,-44.9,-0.8,-27.1,0.01,0.01,0.57,0.00,0.00,0.00,-0.71,55.72,100,-1,0,-2,-1.2,-0.04,0.342,0.348,-0.94,0,26,0,86.4,143.3,177.3,184.4,0.00,1,-2.3,26.2
16.80,brake,350.08,-0.08,0.350,1,1621.3,324.8,0.0,0.0,-54.54,-3.83,183,183,-1,-5.9,-44.8,-1.2,-29.8,-0.03,-0.00,0.66,0.00,0.00,0.00,-0.76,54.67,100,-1,0,-2,-1.2,-0.02,0.350,0.366,-0.89,0,26,0,86.7,137.2,176.9,184.4,0.00,1,-2.3,26.2
16.90,brake,350.00,0.00,0.357,1,1615.9,324.5,0.0,0.0,-53.39,-3.75,183,183,-1,-6.0,-44.8,-1.7,-32.5,-0.07,-0.02,0.75,0.00,0.00,0.00,-0.79,53.52,100,-1,0,-2,-2.0,-0.01,0.357,0.392,-0.78,0,26,0,87.0,130.0,176.4,184.4,0.00,1,-2.9,27.3
17.00,brake,349.93,0.07,0.362,1,1610.6,324.1,0.0,0.0,-52.16,-3.65,183,183,-1,-6.2,-44.8,-2.3,-35.2,-0.10,-0.03,0.84,0.00,0.00,0.00,-0.82,52.28,100,-1,0,-2,-2.6,0.00,0.362,0.414,-0.63,0,26,0,87.5,122.0,176.0,184.4,0.00,1,-3.4,27.3
17.10,brake,349.86,0.14,0.372,1,1605.5,323.7,0.0,0.0,-50.89,-3.53,183,183,-1,-6.5,-44.8,-2.9,-37.9,-0.12,-0.04,0.93,0.00,0.00,0.00,-0.83,51.00,100,-1,0,-2,-3.1,0.02,0.372,0.434,-0.55,0,26,0,88.0,114.0,175.5,184.3,0.00,1,-3.6,26.8
17.20,brake,349.79,0.21,0.386,1,1595.7,323.1,0.0,0.0,-48.16,-3.23,183,181,-1,-6.8,-44.8,-3.6,-40.3,-0.12,-0.04,1.00,0.00,0.00,0.00,-1.02,49.68,100,-1,0,-2,-3.4,0.02,0.386,0.450,-0.54,0,26,0,88.5,106.7,175.1,184.3,0.00,1,-2.4,22.5
17.30,brake,349.71,0.29,0.400,1,1595.7,323.1,0.0,0.0,-48.16,-3.23,182,181,-1,-7.1,-44.8,-4.3,-42.5,-0.11,-0.03,1.00,0.00,0.00,0.00,-1.13,48.26,100,-1,0,-2,-3.4,0.03,0.400,0.456,-0.52,0,26,0,89.1,100.3,174.9,184.2,0.00,1,-2.4,22.5
17.40,brake,349.64,0.36,0.414,1,1586.4,322.5,0.0,0.0,-45.13,-2.88,182,181,-1,-7.4,-44.8,-4.9,-44.3,-0.08,-0.03,1.00,0.00,0.00,0.00,-1.19,46.75,100,-1,0,-2,-2.7,0.02,0.414,0.455,-0.53,0,26,0,89.5,95.0,174.7,184.0,0.00,1,-1.1,15.0
17.50,brake,349.57,0.43,0.428,1,1582.0,322.2,0.0,0.0,-43.55,-2.68,182,181,-1,-7.6,-44.7,-5.3,-45.7,-0.04,-0.02,1.00,0.00,0.00,0.00,-1.23,45.21,100,-1,0,-2,-1.8,0.02,0.428,0.452,-0.57,0,26,0,89.9,90.9,174.6,183.9,0.00,1,-0.7,11.5
17.60,brake,349.49,0.51,0.441,1,1582.0,322.2,0.0,0.0,-43.55,-2.68,182,180,-1,-7.7,-44.7,-5.7,-46.7,-0.01,-0.01,1.00,0.00,0.00,0.00,-1.34,43.61,100,-1,0,-2,-1.8,-0.00,0.441,0.447,-0.61,0,26,0,90.2,88.2,174.5,183.9,0.00,1,-0.7,11.5
17.70,brake,349.42,0.58,0.451,1,1573.7,321.7,0.0,0.0,-40.21,-2.26,181,180,-1,-7.7,-44.7,-5.9,-47.5,0.02,0.00,1.00,0.00,0.00,0.00,-1.39,41.93,100,-1,0,-2,-0.4,-0.02,0.451,0.458,-0.63,0,26,0,90.3,86.6,174.5,183.8,0.00,1,-0.1,6.9
17.80,brake,349.36,0.64,0.458,1,1569.8,321.5,0.0,0.0,-38.54,-2.07,181,180,-1,-7.8,-44.7,-6.0,-48.2,0.03,0.01,1.00,0.00,0.00,0.00,-1.39,40.25,100,-1,0,-2,-0.0,-0.03,0.458,0.472,-0.59,0,26,0,90.4,85.7,174.5,183.8,0.00,1,-0.1,5.5
17.90,brake,349.29,0.71,0.463,1,1569.8,321.5,0.0,0.0,-38.54,-2.07,181,180,-1,-7.7,-44.7,-6.0,-48.7,0.04,0.01,1.00,0.00,0.00,0.00,-1.37,38.57,100,-1,0,-2,-0.0,-0.04,0.463,0.482,-0.56,0,26,0,90.5,85.2,174.5,183.8,0.00,1,-0.1,5.5
18.00,brake,349.22,0.78,0.468,1,1562.6,321.1,0.0,0.0,-35.11,-1.67,181,179,-1,-7.7,-44.7,-6.1,-49.2,0.03,0.01,1.00,0.00,0.00,0.00,-1.33,36.89,100,-1,0,-2,-0.0,-0.04,0.468,0.483,-0.51,0,26,0,90.5,84.9,174.4,183.9,0.00,1,-0.8,5.7
18.10,brake,349.19,0.81,0.470,1,1559.2,321.0,0.0,0.0,-33.35,-1.47,181,179,-1,-7.7,-44.7,-6.3,-49.8,0.01,0.00,1.00,0.00,0.00,0.00,-1.27,35.13,100,-1,0,-2,-0.5,-0.04,0.470,0.473,-0.40,0,26,0,90.6,84.2,174.4,183.9,0.00,1,-1.0,7.1
18.20,brake,349.16,0.84,0.472,1,1556.0,320.9,0.0,0.0,-31.60,-1.26,181,179,-1,-7.8,-44.7,-6.6,-50.6,-0.03,-0.01,1.00,0.00,0.00,0.00,-1.17,33.37,100,-1,0,-2,-1.0,-0.03,0.472,0.486,-0.27,0,26,0,90.7,83.0,174.3,184.0,0.00,1,-1.2,8.2
18.30,brake,349.14,0.86,0.474,1,1556.0,320.9,0.0,0.0,-31.60,-1.26,180,179,-1,-7.9,-44.7,-7.0,-51.4,-0.06,-0.01,1.00,0.00,0.00,0.00,-1.05,31.60,100,-1,0,-2,-1.0,-0.02,0.474,0.502,-0.11,0,26,0,90.9,81.2,174.1,184.0,0.00,1,-1.2,8.2
18.40,brake,349.13,0.87,0.474,1,1552.9,320.7,0.0,0.0,-29.84,-1.05,180,179,-1,-8.0,-44.7,-7.4,-52.2,-0.06,-0.02,1.00,0.00,0.00,0.00,-0.94,29.84,100,-1,0,-2,-1.5,-0.01,0.474,0.507,0.03,0,26,0,91.1,79.2,174.0,184.0,0.00,1,-1.4,7.9
18.50,brake,349.13,0.87,0.479,1,1547.4,320.6,0.0,0.0,-26.32,-0.64,180,179,-1,-8.2,-44.7,-8.0,-52.8,-0.05,-0.03,1.00,0.00,0.00,0.00,-0.80,28.08,100,-1,0,-2,-2.4,0.00,0.479,0.509,0.09,0,26,0,91.4,76.9,173.9,184.0,0.00,1,-1.8,4.6
18.60,brake,349.14,0.86,0.483,1,1544.9,320.5,0.0,0.0,-24.52,-0.42,180,179,-1,-8.4,-44.7,-8.6,-53.2,-0.03,-0.03,1.00,0.00,0.00,0.00,-0.65,26.32,100,-1,0,-2,-2.6,0.01,0.483,0.506,0.11,0,26,0,91.7,74.8,173.7,184.0,0.00,1,-1.8,2.5
18.70,brake,349.15,0.85,0.485,1,1544.9,320.5,0.0,0.0,-24.52,-0.42,180,179,-1,-8.6,-44.7,-9.1,-53.4,-0.01,-0.03,1.00,0.00,0.00,0.00,-0.47,24.52,100,-1,0,-2,-2.6,0.01,0.485,0.500,0.12,0,26,0,92.0,72.8,173.5,184.0,0.00,1,-1.8,2.5
18.80,brake,349.16,0.84,0.485,1,1542.6,320.5,0.0,0.0,-22.72,-0.20,180,178,-1,-8.9,-44.6,-9.6,-53.4,0.02,-0.03,1.00,0.00,0.00,0.00,-0.32,22.72,100,-1,0,-2,-2.8,0.02,0.485,0.504,0.14,0,26,0,92.3,70.9,173.4,183.9,0.00,1,-1.4,0.7
18.90,brake,349.18,0.82,0.482,1,1540.5,320.5,0.0,0.0,-20.87,0.03,180,178,-1,-9.2,-44.6,-10.1,-53.3,0.03,-0.03,1.00,0.00,0.00,0.00,-0.14,20.87,100,-1,0,-2,-2.7,0.02,0.482,0.505,0.20,0,26,0,92.6,69.2,173.3,183.9,0.00,1,-1.2,-0.5
19.00,brake,349.21,0.79,0.478,1,1536.7,320.6,0.0,0.0,-17.36,0.53,179,178,-1,-9.4,-44.6,-10.5,-53.3,0.03,-0.02,1.00,0.00,0.00,0.00,0.07,19.12,100,-1,0,-2,-1.8,0.01,0.478,0.499,0.27,0,26,0,92.8,67.7,173.2,183.8,0.00,1,-0.1,-0.4
19.10,brake,349.24,0.76,0.474,1,1535.1,320.6,0.0,0.0,-15.69,0.78,179,178,-1,-9.6,-44.6,-10.7,-53.2,0.02,-0.02,1.00,0.00,0.00,0.00,0.31,17.36,100,-1,0,-2,-1.2,0.00,0.474,0.487,0.32,0,26,0,93.0,66.5,173.2,183.7,0.00,1,1.1,0.4
19.20,brake,349.29,0.71,0.470,1,1535.1,320.6,0.0,0.0,-15.69,0.78,179,177,-1,-9.6,-44.6,-10.7,-53.3,0.00,-0.00,1.00,0.00,0.00,0.00,0.53,15.70,100,-1,0,-1,-1.2,-0.01,0.470,0.473,0.39,0,26,0,93.1,65.6,173.3,183.5,0.00,1,1.1,0.4
19.30,brake,349.33,0.67,0.466,1,1532.4,320.9,0.0,0.0,-12.26,1.24,179,177,-1,-8.3,-40.0,-10.6,-53.4,-0.08,-0.01,1.00,0.00,0.00,0.00,0.77,13.95,100,-1,0,-1,0.1,-0.02,0.466,0.501,0.46,0,26,0,93.1,64.7,173.5,183.4,0.00,1,2.0,1.6
19.40,brake,349.39,0.61,0.462,1,1532.4,320.9,0.0,0.0,-12.26,1.24,179,177,-1,-7.1,-35.0,-10.4,-53.5,-0.17,-0.01,1.00,0.00,0.00,0.00,0.99,12.28,100,-1,0,-1,0.1,-0.03,0.462,0.534,0.54,0,26,0,93.1,64.0,173.7,183.2,0.00,1,2.0,1.6
19.50,brake,349.45,0.55,0.456,1,1531.3,321.0,0.0,0.0,-10.55,1.46,179,177,-1,-5.9,-29.8,-10.2,-53.6,-0.23,-0.02,1.00,0.00,0.00,0.00,1.23,10.58,100,-1,0,-1,0.3,-0.03,0.456,0.559,0.60,0,26,0,93.1,63.6,173.9,183.1,0.00,1,1.9,1.0
19.60,brake,349.51,0.49,0.452,1,1529.6,321.3,0.0,0.0,-7.29,1.82,179,177,-1,-4.8,-25.0,-9.8,-53.3,-0.26,-0.02,1.00,0.00,0.00,0.00,1.44,8.96,100,-1,0,-1,-0.0,-0.03,0.452,0.566,0.59,0,26,0,93.0,63.1,174.1,182.9,0.00,1,2.7,-6.3
19.70,hold,349.57,0.43,0.250,1,1529.0,321.5,-115.1,-57.8,-5.67,2.00,179,177,-1,1.2,-19.0,-9.4,-52.5,-0.26,-0.07,1.00,0.00,0.00,0.00,1.64,7.34,100,-1,0,0,-0.5,0.01,0.250,0.381,0.53,0,26,0,92.9,62.7,174.3,182.7,0.00,0,2.5,-13.4
19.80,hold,349.64,0.36,0.250,1,1529.0,321.5,-114.5,-58.0,-5.67,2.00,179,177,-1,7.2,-13.0,-8.9,-50.9,-0.21,-0.13,1.00,0.00,0.00,0.00,1.85,5.72,100,-1,0,0,-0.5,0.01,0.250,0.385,0.45,0,26,0,92.9,62.7,174.3,182.7,0.00,0,2.5,-13.4
19.90,hold,349.67,0.33,0.250,1,1528.2,322.0,-114.0,-58.2,-3.56,2.19,178,177,-1,13.2,-7.0,-8.3,-48.6,-0.16,-0.18,1.00,0.00,0.00,0.00,2.00,4.36,100,-1,0,0,-1.2,0.02,0.250,0.387,0.15,0,26,0,92.9,62.7,174.3,182.7,0.00,0,4.4,-26.4
20.00,hold,349.65,0.35,0.276,1,1527.9,322.2,-113.7,-58.5,-2.81,2.30,178,177,-1,19.2,-1.0,-7.6,-45.8,-0.10,-0.24,1.00,0.00,0.00,0.00,2.09,3.62,100,-1,0,0,-1.5,0.03,0.276,0.412,-0.45,0,26,0,92.6,62.3,175.1,181.7,0.00,0,7.1,-31.4
20.10,hold,349.57,0.43,0.308,1,1527.9,322.2,-113.4,-58.7,-2.81,2.30,178,177,-1,20.4,5.0,-6.5,-42.5,-0.07,-0.23,1.00,0.00,0.00,0.00,2.21,2.88,100,-1,0,0,-1.5,0.03,0.308,0.428,-1.00,0,26,0,92.6,62.3,175.1,181.7,0.00,0,7.1,-31.4
20.20,hold,349.44,0.56,0.338,1,1527.5,322.7,-113.1,-58.9,-1.23,2.55,178,177,-1,20.4,11.0,-5.1,-38.8,-0.04,-0.19,0.97,0.00,0.00,0.00,2.33,2.14,100,-1,0,0,-0.8,0.03,0.338,0.430,-1.47,0,26,0,92.6,62.3,175.1,181.7,0.00,0,16.4,-39.1
20.30,hold,349.29,0.71,0.361,1,1527.5,322.7,-113.0,-59.2,-1.23,2.55,178,177,-1,20.5,17.0,-3.1,-34.8,0.01,-0.11,0.83,0.00,0.00,0.00,2.51,1.31,100,-1,0,0,-0.8,0.02,0.361,0.407,-1.77,0,26,0,92.6,62.3,175.1,181.7,0.00,0,16.4,-39.1
20.40,hold,349.11,0.89,0.378,1,1527.4,323.2,-112.9,-59.4,0.26,2.80,178,178,-1,20.6,20.8,-0.6,-30.5,0.06,-0.01,0.68,0.00,0.00,0.00,2.68,0.57,100,-1,0,0,2.2,-0.00,0.378,0.405,-1.92,0,26,0,92.1,343.5,180.6,177.8,0.00,0,27.7,-43.6
20.50,hold,348.92,1.08,0.386,1,1527.4,323.2,-112.9,-59.7,0.26,2.80,178,178,-1,20.7,20.9,2.4,-26.1,0.13,0.11,0.54,0.00,0.00,0.00,2.81,-0.18,100,-1,0,0,2.2,-0.04,0.386,0.480,-1.88,0,26,0,92.1,343.5,180.6,177.8,0.00,0,27.7,-43.6
20.60,hold,348.75,1.25,0.383,1,1527.7,323.8,-113.0,-60.0,1.63,2.75,178,178,-1,20.7,21.0,5.7,-21.9,0.16,0.20,0.42,0.00,0.00,0.00,2.88,-0.92,100,-1,0,0,5.6,-0.07,0.383,0.530,-1.65,0,26,0,92.1,343.5,180.6,177.8,0.00,0,33.0,-41.7
20.70,hold,348.59,1.41,0.372,1,1527.7,323.8,-113.2,-60.3,1.63,2.75,178,178,-1,20.8,21.1,9.0,-17.8,0.17,0.26,0.32,0.00,0.00,0.00,2.80,-1.54,100,-1,0,0,5.6,-0.10,0.373,0.544,-1.28,0,26,0,92.1,343.5,180.6,177.8,0.00,0,33.0,-41.7
20.80,hold,348.45,1.55,0.363,1,1527.9,324.0,-113.4,-60.5,2.07,2.52,178,178,-1,20.9,21.2,12.0,-14.2,0.14,0.27,0.28,0.00,0.00,0.00,2.58,-1.98,100,-1,0,0,6.7,-0.13,0.363,0.528,-0.95,0,26,0,92.0,279.0,192.5,175.0,0.00,0,31.1,-38.1
20.90,hold,348.35,1.65,0.351,1,1528.3,324.4,-113.6,-60.8,2.46,1.65,178,178,-1,21.0,21.3,14.5,-10.9,0.09,0.23,0.26,0.00,0.00,0.00,2.22,-2.21,100,-1,0,0,6.9,-0.14,0.351,0.482,-0.60,0,26,0,92.0,279.0,192.5,175.0,0.00,0,20.0,-28.0
21.00,hold,348.28,1.72,0.338,1,1528.3,324.4,-113.8,-60.9,2.46,1.65,178,178,-1,21.0,21.5,16.3,-8.2,0.04,0.15,0.27,0.00,0.00,0.00,1.73,-2.40,100,-1,0,1,6.9,-0.13,0.338,0.418,-0.26,0,26,0,92.0,279.0,192.5,175.0,0.00,0,20.0,-28.0
21.10,hold,348.24,1.76,0.330,1,1528.6,324.6,-114.1,-61.1,2.46,1.12,178,178,-1,21.1,21.6,17.4,-5.8,-0.00,0.06,0.27,0.00,0.00,0.00,1.20,-2.42,100,-1,0,1,5.6,-0.10,0.330,0.354,-0.05,0,26,0,92.0,279.0,192.5,175.0,0.00,0,12.5,-23.4
21.20,hold,348.22,1.78,0.322,1,1529.1,324.7,-114.3,-61.1,2.46,0.04,178,177,-1,21.2,21.7,17.8,-3.8,-0.04,-0.04,0.27,0.00,0.00,0.00,0.65,-2.44,100,-1,0,1,2.8,-0.07,0.323,0.353,0.14,0,26,0,92.6,278.0,197.9,176.4,0.00,0,0.4,-17.0
21.30,hold,348.22,1.78,0.319,1,1529.3,324.6,-114.6,-61.2,2.46,-0.43,178,177,-1,21.2,21.8,17.7,-2.1,-0.06,-0.11,0.26,0.00,0.00,0.00,0.14,-2.46,100,-1,0,1,1.4,-0.04,0.319,0.386,0.24,0,26,0,92.6,278.0,197.9,176.4,0.00,0,-2.4,-16.3
21.40,hold,348.23,1.77,0.315,1,1529.3,324.6,-114.8,-61.1,2.46,-0.43,178,177,-1,21.3,22.0,17.4,-0.4,-0.06,-0.14,0.25,0.00,0.00,0.00,-0.33,-2.48,100,-1,0,1,1.4,-0.01,0.315,0.396,0.33,0,26,0,92.6,278.0,197.9,176.4,0.00,0,-2.4,-16.3
21.50,hold,348.25,1.75,0.312,1,1529.8,324.4,-115.1,-61.1,2.37,-1.21,178,177,-1,21.4,22.1,17.2,1.3,-0.05,-0.14,0.24,0.00,0.00,0.00,-0.75,-2.41,100,-1,0,1,-0.9,0.02,0.312,0.387,0.39,0,26,0,92.6,278.0,197.9,176.4,0.00,0,-1.1,-17.3
21.60,hold,348.27,1.73,0.309,1,1530.0,324.3,-115.3,-60.9,2.29,-1.53,177,176,-1,21.4,22.2,17.2,3.0,-0.03,-0.11,0.25,0.00,0.00,0.00,-1.10,-2.43,100,-1,0,1,-1.6,0.04,0.309,0.365,0.47,0,26,0,94.5,284.4,196.9,176.6,0.00,0,1.2,-18.4
21.70,hold,348.29,1.71,0.304,1,1530.0,324.3,-115.5,-60.8,2.29,-1.53,177,176,-1,21.5,22.3,17.4,4.8,-0.00,-0.07,0.27,0.00,0.00,0.00,-1.41,-2.36,100,-1,0,2,-1.6,0.06,0.304,0.334,0.56,0,26,0,94.5,284.4,196.9,176.6,0.00,0,1.2,-18.4
21.80,hold,348.31,1.69,0.300,1,1530.2,324.1,-115.7,-60.6,2.20,-1.82,177,176,-1,21.6,22.5,18.0,6.8,0.03,-0.02,0.30,0.00,0.00,0.00,-1.70,-2.30,100,-1,0,2,-1.9,0.07,0.300,0.318,0.65,0,26,0,94.5,284.4,196.9,176.6,0.00,0,4.1,-19.5
21.90,hold,348.34,1.66,0.295,1,1530.4,323.9,-115.9,-60.4,2.02,-2.12,177,176,-1,21.6,22.6,18.8,8.8,0.05,0.02,0.35,0.00,0.00,0.00,-2.00,-2.15,100,-1,0,2,-1.6,0.07,0.295,0.326,0.74,0,26,0,94.5,284.4,196.9,176.6,0.00,0,6.6,-20.6
22.00,hold,348.37,1.63,0.292,1,1530.8,323.4,-116.1,-60.2,1.63,-2.71,176,172,-1,21.7,22.7,19.7,10.9,0.08,0.05,0.41,0.00,0.00,0.00,-2.27,-2.01,100,-1,0,3,-0.5,0.08,0.292,0.344,0.79,0,26,0,97.7,292.1,198.4,176.3,0.00,0,8.5,-20.7
22.10,hold,348.38,1.62,0.293,1,1530.8,323.4,-116.3,-59.9,1.63,-2.71,175,172,-1,21.7,22.8,20.7,13.0,0.09,0.07,0.46,0.00,0.00,0.00,-2.57,-1.84,100,-1,0,3,-0.5,0.08,0.294,0.355,0.75,0,26,0,97.7,292.1,198.4,176.3,0.00,0,8.5,-20.7
22.20,hold,348.39,1.61,0.297,1,1531.0,322.8,-116.4,-59.6,0.92,-3.38,175,172,-1,21.8,22.9,21.6,15.0,0.09,0.06,0.52,0.00,0.00,0.00,-2.91,-1.54,100,-1,0,4,1.3,0.07,0.297,0.357,0.67,0,26,0,97.7,292.1,198.4,176.3,0.00,0,6.5,-17.4
22.30,hold,348.40,1.60,0.300,1,1531.0,322.8,-116.5,-59.3,0.92,-3.38,174,172,-1,21.8,23.0,22.3,16.8,0.08,0.04,0.57,0.00,0.00,0.00,-3.28,-1.25,100,-1,0,4,1.3,0.06,0.300,0.349,0.61,0,26,0,97.7,292.1,198.4,176.3,0.00,0,6.5,-17.4
22.40,hold,348.41,1.59,0.304,1,1531.1,322.0,-116.6,-58.9,0.13,-4.11,174,170,-1,21.9,23.0,22.9,18.4,0.06,0.02,0.61,0.00,0.00,0.00,-3.65,-0.97,100,-1,0,5,2.8,0.05,0.305,0.337,0.53,0,26,0,99.8,295.4,200.0,177.4,0.00,0,2.8,-12.5
22.50,hold,348.42,1.58,0.310,1,1531.1,321.6,-116.6,-58.5,-0.31,-4.49,173,170,-1,21.9,23.0,23.2,19.8,0.04,-0.01,0.64,0.00,0.00,0.00,-4.06,-0.61,100,-1,0,5,3.4,0.05,0.310,0.332,0.43,0,26,0,99.8,295.4,200.0,177.4,0.00,0,1.0,-10.2
22.60,hold,348.42,1.58,0.315,1,1531.1,321.6,-116.6,-58.1,-0.31,-4.49,173,170,-1,22.0,23.0,23.2,20.9,0.03,-0.04,0.66,0.00,0.00,0.00,-4.50,-0.26,100,-1,0,6,3.4,0.05,0.315,0.341,0.35,0,26,0,99.8,295.4,200.0,177.4,0.00,0,1.0,-10.2
22.70,hold,348.43,1.57,0.320,1,1531.0,321.1,-116.5,-57.6,-0.79,-4.88,172,170,-1,22.0,23.0,23.2,21.8,0.02,-0.06,0.68,0.00,0.00,0.00,-4.94,0.14,100,-1,0,6,4.0,0.04,0.320,0.350,0.27,0,26,0,99.8,295.4,200.0,177.4,0.00,0,-0.1,-8.5
22.80,hold,348.42,1.58,0.326,1,1530.8,320.0,-116.4,-57.1,-1.80,-5.60,172,170,-1,22.1,23.0,23.1,22.7,0.02,-0.06,0.70,0.00,0.00,0.00,-5.35,0.55,100,-1,0,6,5.5,0.04,0.326,0.357,0.18,0,26,0,99.6,295.4,199.6,179.0,0.00,0,0.3,-5.9
22.90,hold,348.42,1.58,0.328,1,1530.5,319.5,-116.3,-56.5,-2.33,-5.95,172,170,-1,22.1,23.0,23.1,23.5,0.02,-0.06,0.71,0.00,0.00,0.00,-5.80,1.00,100,-1,0,7,6.4,0.02,0.328,0.358,0.16,0,26,0,99.6,295.4,199.6,179.0,0.00,0,1.8,-5.0
23.00,hold,348.42,1.58,0.329,1,1530.5,319.5,-116.0,-56.0,-2.33,-5.95,172,170,-1,22.2,23.0,23.1,24.2,0.02,-0.05,0.73,0.00,0.00,0.00,-6.23,1.45,100,-1,0,7,6.4,0.01,0.329,0.355,0.17,0,26,0,99.6,295.4,199.6,179.0,0.00,0,1.8,-5.0
23.10,hold,348.41,1.59,0.329,1,1529.9,318.2,-115.8,-55.3,-3.38,-6.66,172,170,-1,22.2,23.0,23.3,25.0,0.03,-0.03,0.75,0.00,0.00,0.00,-6.65,1.91,100,-1,0,7,7.2,0.00,0.329,0.350,0.19,0,26,0,99.6,295.4,199.6,179.0,0.00,0,5.3,-3.8
23.20,hold,348.41,1.59,0.330,1,1529.6,317.5,-115.4,-54.7,-3.91,-7.01,172,172,-1,22.2,23.0,23.7,25.7,0.04,-0.00,0.77,0.00,0.00,0.00,-7.07,2.40,100,-1,0,7,7.4,-0.01,0.330,0.344,0.21,0,26,0,97.6,289.8,200.5,182.2,0.00,0,7.0,-3.3
23.30,hold,348.41,1.59,0.332,1,1529.1,316.8,-115.1,-54.0,-4.39,-7.36,172,172,-1,21.6,23.0,24.1,26.4,0.04,0.03,0.79,0.00,0.00,0.00,-7.49,2.89,100,-1,0,7,7.4,-0.01,0.332,0.360,0.19,0,26,0,97.6,289.8,200.5,182.2,0.00,0,7.6,-2.1
23.40,hold,348.40,1.60,0.335,1,1529.1,316.8,-114.6,-53.3,-4.39,-7.36,172,172,-1,19.8,23.0,24.6,26.9,0.03,0.06,0.81,0.00,0.00,0.00,-7.90,3.33,100,-1,0,7,7.4,-0.02,0.335,0.373,0.15,0,26,0,97.6,289.8,200.5,182.2,0.00,0,7.6,-2.1
23.50,hold,348.40,1.60,0.337,1,1528.1,315.2,-114.2,-52.5,-5.49,-8.18,172,172,-1,17.8,23.0,25.1,27.3,0.02,0.09,0.83,0.00,0.00,0.00,-8.36,3.81,100,-1,0,6,7.3,-0.02,0.337,0.379,0.13,0,26,0,97.6,289.8,200.5,182.2,0.00,0,7.3,1.4
23.60,hold,348.40,1.60,0.341,1,1528.1,315.2,-113.6,-51.7,-5.49,-8.18,173,175,-1,15.4,23.0,25.4,27.6,0.00,0.11,0.84,0.00,0.00,0.00,-8.82,4.39,100,-1,0,6,7.3,-0.03,0.341,0.385,0.10,0,26,0,94.9,281.3,203.3,186.5,0.00,0,7.3,1.4
23.70,hold,348.40,1.60,0.344,1,1526.9,313.4,-113.0,-50.8,-6.50,-9.10,173,175,-1,13.0,23.0,25.6,27.7,-0.01,0.12,0.85,0.00,0.00,0.00,-9.29,4.93,100,-1,0,6,6.6,-0.03,0.344,0.395,0.05,0,26,0,94.9,281.3,203.3,186.5,0.00,0,3.6,2.7
23.80,hold,348.40,1.60,0.349,1,1526.2,312.5,-112.4,-49.9,-6.99,-9.58,173,175,-1,10.6,23.0,25.6,27.8,-0.02,0.13,0.85,0.00,0.00,0.00,-9.79,5.41,100,-1,0,5,6.3,-0.03,0.349,0.405,0.00,0,26,0,94.9,281.3,203.3,186.5,0.00,0,1.1,3.0
23.90,hold,348.40,1.60,0.353,1,1526.2,312.5,-111.7,-49.0,-6.99,-9.58,174,175,-1,8.1,23.0,25.3,27.7,-0.03,0.12,0.84,0.00,0.00,0.00,-10.30,5.88,100,-1,0,5,6.3,-0.03,0.353,0.414,-0.05,0,26,0,94.9,281.3,203.3,186.5,0.00,0,1.1,3.0
24.00,hold,348.40,1.60,0.357,1,1525.5,311.5,-111.0,-48.0,-7.47,-10.11,174,178,-1,5.3,23.0,24.7,27.6,-0.04,0.11,0.83,0.00,0.00,0.00,-10.80,6.43,100,-1,0,4,6.0,-0.03,0.357,0.417,-0.09,0,26,0,91.9,274.3,203.9,189.2,0.00,0,-2.0,3.0
24.10,hold,348.40,1.60,0.358,1,1524.7,310.4,-110.2,-46.9,-7.95,-10.66,175,178,-1,2.4,23.0,23.7,27.4,-0.04,0.09,0.81,0.00,0.00,0.00,-11.32,6.97,100,-1,0,4,5.6,-0.04,0.358,0.413,-0.09,0,26,0,91.9,274.3,203.9,189.2,0.00,0,-6.0,2.5
24.20,hold,348.40,1.60,0.359,1,1523.0,308.2,-109.4,-45.8,-8.88,-11.71,175,178,-1,-0.4,23.0,22.4,27.2,-0.04,0.07,0.78,0.00,0.00,0.00,-11.82,7.47,100,-1,0,3,4.4,-0.04,0.360,0.404,-0.08,0,26,0,91.9,274.3,203.9,189.2,0.00,0,-14.0,0.6
24.30,hold,348.42,1.58,0.358,1,1523.0,308.2,-108.5,-44.7,-8.88,-11.71,176,178,-1,-3.1,23.0,20.7,27.1,-0.04,0.04,0.75,0.00,0.00,0.00,-12.33,8.00,100,-1,0,3,4.4,-0.03,0.359,0.391,-0.03,0,26,0,91.9,274.3,203.9,189.2,0.00,0,-14.0,0.6
24.40,hold,348.44,1.56,0.354,1,1521.1,305.7,-107.6,-43.5,-9.80,-12.63,176,180,-1,-5.9,23.0,18.7,27.0,-0.03,0.02,0.72,0.00,0.00,0.00,-12.76,8.58,100,-1,0,2,2.3,-0.02,0.354,0.373,0.07,0,26,0,90.0,270.0,198.8,188.4,0.00,0,-20.3,-2.4
24.50,hold,348.47,1.53,0.350,1,1520.1,304.4,-106.6,-42.2,-10.33,-12.99,177,180,-1,-8.4,23.0,16.6,27.1,-0.01,0.01,0.69,0.00,0.00,0.00,-13.13,9.12,100,-1,0,2,1.2,-0.01,0.350,0.357,0.17,0,26,0,90.0,270.0,198.8,188.4,0.00,0,-22.0,-3.4
24.60,hold,348.51,1.49,0.345,1,1520.1,304.4,-105.6,-40.9,-10.33,-12.99,177,180,-1,-10.6,23.0,14.4,27.2,-0.00,-0.00,0.66,0.00,0.00,0.00,-13.44,9.73,100,-1,0,1,1.2,-0.00,0.345,0.346,0.27,0,26,0,90.0,270.0,198.8,188.4,0.00,0,-22.0,-3.4
24.70,hold,348.56,1.44,0.336,1,1519.0,303.1,-104.5,-39.6,-10.81,-13.28,178,180,-1,-12.6,23.0,12.1,27.4,0.01,-0.00,0.64,0.00,0.00,0.00,-13.68,10.30,100,-1,0,1,0.3,0.01,0.336,0.342,0.43,0,26,0,90.0,270.0,198.8,188.4,0.00,0,-22.9,-3.9
24.80,hold,348.62,1.38,0.326,1,1516.7,300.4,-103.4,-38.3,-11.82,-13.66,178,180,-1,-14.4,23.0,9.8,27.6,0.02,-0.01,0.63,0.00,0.00,0.00,-13.88,10.89,100,-1,0,0,-0.9,0.02,0.326,0.338,0.60,0,26,0,90.1,270.5,189.8,184.4,0.00,0,-23.9,-3.9
24.90,hold,348.70,1.30,0.318,1,1515.5,299.0,-102.2,-36.9,-12.35,-13.72,178,180,-1,-15.9,23.0,7.5,27.8,0.02,-0.01,0.62,0.00,0.00,0.00,-13.98,11.44,100,-1,0,0,-1.1,0.02,0.318,0.332,0.72,0,26,0,90.1,270.5,189.8,184.4,0.00,0,-23.8,-3.0
25.00,hold,348.77,1.23,0.315,1,1515.5,299.0,-101.0,-35.5,-12.35,-13.72,179,180,-1,-17.1,23.0,5.2,28.0,0.02,-0.01,0.61,0.00,0.00,0.00,-14.01,12.02,100,-1,0,-0,-1.1,0.02,0.315,0.329,0.74,0,26,0,90.1,270.5,189.8,184.4,0.00,0,-23.8,-3.0
25.10,hold,348.84,1.16,0.315,1,1512.9,296.3,-99.7,-34.2,-13.23,-13.68,179,180,-1,-17.8,23.0,2.9,28.2,0.03,-0.02,0.61,0.00,0.00,0.00,-13.98,12.50,100,-1,0,-0,-1.4,0.02,0.315,0.334,0.70,0,26,0,90.1,270.5,189.8,184.4,0.00,0,-23.5,-2.6
25.20,hold,348.89,1.11,0.317,1,1512.9,296.3,-98.4,-32.8,-13.23,-13.68,179,179,-1,-17.9,22.8,0.7,28.4,0.04,-0.04,0.61,0.00,0.00,0.00,-13.93,12.96,100,-1,0,-0,-1.4,0.02,0.317,0.349,0.63,0,26,0,90.7,335.5,180.3,179.5,0.00,0,-23.5,-2.6
25.30,hold,348.94,1.06,0.319,1,1510.2,293.6,-97.1,-31.4,-14.11,-13.43,179,179,-1,-17.9,20.6,-1.6,28.6,0.07,-0.05,0.62,0.00,0.00,0.00,-13.81,13.42,100,-1,0,-0,-1.2,0.02,0.319,0.367,0.57,0,26,0,90.7,335.5,180.3,179.5,0.00,0,-22.7,-1.3
25.40,hold,349.00,1.00,0.318,1,1508.7,292.3,-95.7,-30.1,-14.59,-13.21,179,179,-1,-17.9,18.4,-3.7,28.8,0.09,-0.06,0.63,0.00,0.00,0.00,-13.66,13.88,100,-1,0,-0,-0.7,0.02,0.318,0.380,0.55,0,26,0,90.7,335.5,180.3,179.5,0.00,0,-21.8,-0.3
25.50,hold,349.04,0.96,0.319,1,1508.7,292.3,-94.2,-28.8,-14.59,-13.21,179,179,-1,-18.0,16.1,-5.9,28.8,0.12,-0.07,0.64,0.00,0.00,0.00,-13.43,14.38,100,-1,0,-1,-0.7,0.00,0.319,0.392,0.52,0,26,0,90.7,335.5,180.3,179.5,0.00,0,-21.8,-0.3
25.60,hold,349.08,0.92,0.321,1,1505.7,289.7,-92.7,-27.5,-15.51,-12.63,179,179,-1,-18.0,13.8,-7.8,28.8,0.12,-0.07,0.65,0.00,0.00,0.00,-13.18,14.87,100,-1,0,-1,-0.1,-0.00,0.321,0.398,0.46,0,26,0,91.0,82.9,171.6,175.1,0.00,0,-18.7,3.6
25.70,hold,349.12,0.88,0.324,1,1504.1,288.4,-91.2,-26.2,-16.00,-12.27,179,179,-1,-18.0,11.5,-9.6,28.5,0.12,-0.07,0.65,0.00,0.00,0.00,-12.88,15.31,100,-1,0,-1,0.2,-0.01,0.324,0.397,0.37,0,26,0,91.0,82.9,171.6,175.1,0.00,0,-17.2,6.8
25.80,hold,349.17,0.83,0.326,1,1504.1,288.4,-89.6,-24.9,-16.00,-12.27,179,179,-1,-18.1,9.1,-11.3,27.8,0.09,-0.06,0.65,0.00,0.00,0.00,-12.53,15.80,100,-1,0,-1,0.2,-0.01,0.326,0.389,0.31,0,26,0,91.0,82.9,171.6,175.1,0.00,0,-17.2,6.8
25.90,hold,349.21,0.79,0.329,1,1502.5,287.2,-88.0,-23.7,-16.48,-11.88,179,179,-1,-18.1,6.7,-12.7,26.8,0.06,-0.06,0.63,0.00,0.00,0.00,-12.14,16.29,100,-1,0,-0,0.4,-0.02,0.329,0.377,0.25,0,26,0,91.0,82.9,171.6,175.1,0.00,0,-15.6,10.2
26.00,hold,349.29,0.71,0.330,1,1499.1,285.0,-86.3,-22.6,-17.31,-11.00,179,178,-1,-18.1,4.4,-13.9,25.5,0.03,-0.05,0.61,0.00,0.00,0.00,-11.76,16.71,100,-1,0,-0,0.9,-0.02,0.330,0.360,0.18,0,26,0,91.8,83.2,165.3,172.2,0.00,0,-12.4,16.7
26.10,hold,349.32,0.68,0.333,1,1497.3,283.9,-84.6,-21.5,-17.71,-10.51,179,178,-1,-18.2,2.2,-15.0,23.9,-0.00,-0.04,0.58,0.00,0.00,0.00,-11.34,17.09,100,-1,0,-0,1.2,-0.02,0.333,0.351,0.13,0,26,0,91.8,83.2,165.3,172.2,0.00,0,-10.5,18.4
26.20,hold,349.37,0.63,0.332,1,1495.5,282.9,-82.8,-20.4,-17.97,-10.00,179,178,-1,-17.6,-0.0,-15.8,22.1,-0.02,-0.04,0.54,0.00,0.00,0.00,-10.89,17.48,100,-1,0,-0,1.5,-0.03,0.332,0.354,0.12,0,26,0,91.8,83.2,165.3,172.2,0.00,0,-8.2,19.2
26.30,hold,349.44,0.56,0.329,1,1493.7,281.9,-81.0,-19.4,-18.24,-9.47,179,178,-1,-16.7,-1.9,-16.4,20.2,-0.03,-0.03,0.51,0.00,0.00,0.00,-10.40,17.74,100,-1,0,-0,1.7,-0.03,0.329,0.352,0.16,0,26,0,91.8,83.2,165.3,172.2,0.00,0,-6.0,19.7
26.40,hold,349.51,0.49,0.324,1,1493.7,281.9,-79.2,-18.4,-18.24,-9.47,178,176,-1,-15.8,-3.7,-16.8,18.2,-0.04,-0.02,0.47,0.00,0.00,0.00,-9.99,17.96,100,-1,0,0,1.7,-0.03,0.324,0.346,0.22,0,26,0,93.5,79.3,162.1,171.3,0.00,0,-6.0,19.7
26.50,hold,349.59,0.41,0.319,1,1490.0,280.2,-77.3,-17.5,-18.59,-8.47,178,176,-1,-15.0,-5.5,-17.1,16.3,-0.04,-0.01,0.43,0.00,0.00,0.00,-9.58,18.15,100,-1,0,1,1.2,-0.02,0.319,0.338,0.27,0,26,0,93.5,79.3,162.1,171.3,0.00,0,-3.0,18.9
26.60,hold,349.66,0.34,0.316,1,1488.1,279.4,-75.5,-16.7,-18.68,-7.99,178,176,-1,-14.1,-6.9,-17.2,14.4,-0.03,-0.01,0.40,0.00,0.00,0.00,-9.17,18.26,100,-1,0,1,0.6,-0.01,0.316,0.330,0.30,0,26,0,93.5,79.3,162.1,171.3,0.00,0,-2.0,18.0
26.70,hold,349.74,0.26,0.312,1,1488.1,279.4,-73.6,-15.9,-18.68,-7.99,178,176,-1,-13.3,-8.3,-17.3,12.6,-0.02,-0.01,0.37,0.00,0.00,0.00,-8.76,18.33,100,-1,0,1,0.6,0.01,0.312,0.321,0.34,0,26,0,93.5,79.3,162.1,171.3,0.00,0,-2.0,18.0
26.80,hold,349.81,0.19,0.308,1,1486.2,278.6,-71.7,-15.1,-18.72,-7.53,177,174,-1,-12.5,-9.5,-17.4,10.9,-0.01,-0.01,0.34,0.00,0.00,0.00,-8.46,18.32,100,-1,0,1,0.1,0.03,0.308,0.317,0.36,0,26,0,95.6,73.5,161.7,171.3,0.00,0,-1.5,17.2
26.90,hold,349.88,0.12,0.306,1,1484.4,277.9,-69.9,-14.4,-18.72,-7.09,177,174,-1,-11.8,-10.6,-17.4,9.2,-0.01,-0.02,0.32,0.00,0.00,0.00,-8.16,18.28,100,-1,0,2,-0.2,0.04,0.306,0.318,0.35,0,26,0,95.6,73.5,161.7,171.3,0.00,0,-1.4,16.9
27.00,hold,349.95,0.05,0.304,1,1482.5,277.2,-68.0,-13.7,-18.68,-6.67,176,174,-1,-11.2,-11.6,-17.5,7.6,-0.01,-0.03,0.30,0.00,0.00,0.00,-7.86,18.21,100,-1,0,2,-0.4,0.05,0.304,0.321,0.35,0,26,0,95.6,73.5,161.7,171.3,0.00,0,-1.4,16.7
27.10,hold,350.01,-0.01,0.302,1,1480.6,276.6,-66.1,-13.1,-18.63,-6.23,176,174,-1,-10.4,-12.6,-17.6,6.0,-0.01,-0.05,0.28,0.00,0.00,0.00,-7.53,18.15,100,-1,0,3,-0.5,0.06,0.302,0.324,0.35,0,26,0,95.6,73.5,161.7,171.3,0.00,0,-1.4,16.5
27.20,hold,350.08,-0.08,0.299,1,1478.8,276.0,-64.3,-12.5,-18.54,-5.81,175,172,-1,-9.8,-13.4,-17.6,4.4,-0.01,-0.06,0.27,0.00,0.00,0.00,-7.31,18.01,100,-1,0,3,-0.3,0.07,0.299,0.327,0.35,0,26,0,97.9,67.0,161.8,171.1,0.00,0,-1.3,16.3
27.30,hold,350.14,-0.14,0.297,1,1475.1,274.9,-62.4,-11.9,-18.24,-4.95,175,172,-1,-9.0,-14.0,-17.7,2.7,-0.02,-0.06,0.26,0.00,0.00,0.00,-7.02,17.80,100,-1,0,4,0.5,0.08,0.297,0.331,0.35,0,26,0,97.9,67.0,161.8,171.1,0.00,0,-0.8,16.0
27.40,hold,350.21,-0.21,0.294,1,1475.1,274.9,-60.6,-11.4,-18.24,-4.95,174,172,-1,-8.3,-14.7,-17.8,1.1,-0.03,-0.07,0.26,0.00,0.00,0.00,-6.74,17.66,100,-1,0,4,0.5,0.08,0.295,0.334,0.35,0,26,0,97.9,67.0,161.8,171.1,0.00,0,-0.8,16.0
27.50,hold,350.26,-0.26,0.293,1,1473.3,274.5,-58.8,-11.0,-18.06,-4.55,174,172,-1,-7.5,-15.3,-17.8,-0.4,-0.03,-0.07,0.26,0.00,0.00,0.00,-6.44,17.48,100,-1,0,5,1.1,0.07,0.293,0.333,0.32,0,26,0,97.9,67.0,161.8,171.1,0.00,0,-0.2,15.5
27.60,hold,350.31,-0.31,0.293,1,1469.8,273.6,-57.0,-10.5,-17.53,-3.75,173,171,-1,-6.8,-15.7,-17.6,-1.9,-0.02,-0.06,0.26,0.00,0.00,0.00,-6.18,17.20,100,-1,0,5,2.3,0.07,0.294,0.324,0.28,0,26,0,99.5,61.9,162.7,171.5,0.00,0,2.8,12.9
27.70,hold,350.36,-0.36,0.293,1,1468.0,273.3,-55.3,-10.1,-17.27,-3.36,173,171,-1,-6.1,-16.0,-17.3,-3.2,-0.01,-0.04,0.25,0.00,0.00,0.00,-5.90,16.93,100,-1,0,6,2.9,0.07,0.293,0.315,0.25,0,26,0,99.5,61.9,162.7,171.5,0.00,0,4.1,11.8
27.80,hold,350.40,-0.40,0.295,1,1466.3,273.0,-53.5,-9.8,-16.96,-3.01,172,171,-1,-5.3,-16.4,-16.9,-4.4,-0.01,-0.03,0.25,0.00,0.00,0.00,-5.60,16.68,100,-1,0,6,3.6,0.07,0.295,0.309,0.17,0,26,0,99.5,61.9,162.7,171.5,0.00,0,5.0,11.0
27.90,hold,350.43,-0.43,0.295,1,1466.3,273.0,-51.8,-9.5,-16.96,-3.01,172,171,-1,-4.6,-16.6,-16.3,-5.6,-0.01,-0.02,0.24,0.00,0.00,0.00,-5.31,16.39,100,-1,0,6,3.6,0.06,0.295,0.306,0.13,0,26,0,99.5,61.9,162.7,171.5,0.00,0,5.0,11.0
28.00,hold,350.47,-0.47,0.294,1,1463.0,272.5,-50.1,-9.2,-16.30,-2.31,172,171,-1,-3.7,-16.8,-15.8,-6.8,-0.02,-0.01,0.23,0.00,0.00,0.00,-4.96,16.12,100,-1,0,7,5.1,0.05,0.294,0.304,0.13,0,26,0,99.3,58.1,165.3,172.8,0.00,0,6.0,10.2
28.10,hold,350.50,-0.50,0.292,1,1463.0,272.5,-48.5,-9.0,-16.30,-2.31,172,171,-1,-3.0,-16.8,-15.1,-7.9,-0.02,-0.01,0.23,0.00,0.00,0.00,-4.64,15.80,100,-1,0,7,5.1,0.04,0.292,0.303,0.14,0,26,0,99.3,58.1,165.3,172.8,0.00,0,6.0,10.2
28.20,hold,350.54,-0.54,0.290,1,1461.4,272.3,-46.9,-8.8,-15.95,-1.98,172,171,-1,-2.1,-16.9,-14.4,-9.0,-0.03,-0.00,0.23,0.00,0.00,0.00,-4.31,15.49,100,-1,0,7,5.6,0.03,0.290,0.303,0.15,0,26,0,99.3,58.1,165.3,172.8,0.00,0,6.4,9.9
28.30,hold,350.57,-0.57,0.288,1,1458.3,272.0,-45.3,-8.6,-15.25,-1.42,171,171,-1,-1.4,-16.9,-13.7,-10.1,-0.04,-0.00,0.23,0.00,0.00,0.00,-4.00,15.17,100,-1,0,7,6.3,0.02,0.288,0.303,0.16,0,26,0,99.3,58.1,165.3,172.8,0.00,0,6.6,9.5
28.40,hold,350.61,-0.61,0.285,1,1456.8,271.8,-43.8,-8.5,-14.81,-1.16,172,172,-1,-0.7,-16.9,-13.0,-11.2,-0.05,0.00,0.23,0.00,0.00,0.00,-3.65,14.87,100,-1,0,7,6.7,0.01,0.285,0.304,0.17,0,26,0,97.8,56.2,168.5,174.8,0.00,0,6.6,9.1
28.50,hold,350.64,-0.64,0.283,1,1455.4,271.7,-42.3,-8.3,-14.41,-0.93,172,172,-1,0.1,-16.7,-12.2,-12.2,-0.05,-0.00,0.23,0.00,0.00,0.00,-3.31,14.48,100,-1,0,7,7.1,0.00,0.283,0.305,0.18,0,26,0,97.8,56.2,168.5,174.8,0.00,0,6.5,8.6
28.60,hold,350.67,-0.67,0.281,1,1455.4,271.7,-40.9,-8.2,-14.41,-0.93,172,172,-1,0.8,-16.5,-11.5,-13.1,-0.06,-0.00,0.24,0.00,0.00,0.00,-3.00,14.13,100,-1,0,7,7.1,-0.01,0.281,0.305,0.18,0,26,0,97.8,56.2,168.5,174.8,0.00,0,6.5,8.6
28.70,hold,350.70,-0.70,0.281,1,1452.6,271.6,-39.4,-8.2,-13.58,-0.56,172,172,-1,1.5,-16.3,-10.7,-14.0,-0.05,-0.00,0.24,0.00,0.00,0.00,-2.71,13.77,100,-1,0,7,7.4,-0.01,0.281,0.302,0.14,0,26,0,97.8,56.2,168.5,174.8,0.00,0,6.2,5.7
28.80,hold,350.70,-0.70,0.287,1,1451.2,271.5,-38.1,-8.1,-13.18,-0.41,172,175,-1,2.2,-15.8,-9.9,-14.6,-0.03,-0.00,0.25,0.00,0.00,0.00,-2.38,13.38,100,-1,0,6,7.4,-0.02,0.287,0.301,0.00,0,26,0,95.4,58.1,171.4,177.0,0.00,0,6.1,3.7
28.90,hold,350.69,-0.69,0.294,1,1451.2,271.5,-36.7,-8.0,-13.18,-0.41,173,175,-1,2.8,-15.5,-9.1,-15.0,-0.01,-0.00,0.24,0.00,0.00,0.00,-2.09,13.02,100,-1,0,6,7.4,-0.03,0.294,0.299,-0.13,0,26,0,95.4,58.1,171.4,177.0,0.00,0,6.1,3.7
29.00,hold,350.68,-0.68,0.298,1,1450.0,271.5,-35.5,-8.0,-12.74,-0.25,173,175,-1,3.4,-15.1,-8.4,-15.3,0.00,-0.00,0.24,0.00,0.00,0.00,-1.81,12.62,100,-1,0,6,7.3,-0.03,0.298,0.300,-0.21,0,26,0,95.4,58.1,171.4,177.0,0.00,0,5.9,2.1
29.10,hold,350.66,-0.66,0.298,1,1448.7,271.5,-34.2,-8.0,-12.26,-0.10,173,175,-1,4.0,-14.4,-7.6,-15.5,0.00,-0.01,0.24,0.00,0.00,0.00,-1.54,12.16,100,-1,0,5,7.1,-0.03,0.298,0.302,-0.21,0,26,0,95.4,58.1,171.4,177.0,0.00,0,5.7,1.4
29.20,hold,350.65,-0.65,0.297,1,1446.4,271.5,-33.0,-8.0,-11.38,0.16,174,177,-1,4.6,-13.9,-6.9,-15.6,0.00,-0.01,0.23,0.00,0.00,0.00,-1.23,11.76,100,-1,0,5,6.8,-0.04,0.297,0.302,-0.20,0,26,0,92.6,67.4,173.8,179.2,0.00,0,5.3,0.7
29.30,hold,350.63,-0.63,0.297,1,1445.3,271.5,-31.9,-8.0,-10.99,0.27,174,177,-1,5.3,-13.3,-6.2,-15.7,-0.00,-0.02,0.23,0.00,0.00,0.00,-0.94,11.34,100,-1,0,4,6.7,-0.05,0.297,0.304,-0.18,0,26,0,92.6,67.4,173.8,179.2,0.00,0,5.1,0.6
29.40,hold,350.62,-0.62,0.296,1,1445.3,271.5,-30.8,-8.0,-10.99,0.27,175,177,-1,5.8,-12.8,-5.5,-15.9,-0.01,-0.02,0.22,0.00,0.00,0.00,-0.71,10.97,100,-1,0,4,6.7,-0.06,0.296,0.306,-0.17,0,26,0,92.6,67.4,173.8,179.2,0.00,0,5.1,0.6
29.50,hold,350.61,-0.61,0.295,1,1443.2,271.6,-29.7,-8.1,-10.15,0.49,175,177,-1,6.3,-12.3,-4.8,-15.9,-0.01,-0.02,0.22,0.00,0.00,0.00,-0.49,10.59,100,-1,0,3,6.3,-0.07,0.295,0.308,-0.15,0,26,0,92.6,67.4,173.8,179.2,0.00,0,5.0,0.5
29.60,hold,350.60,-0.60,0.294,1,1443.2,271.6,-28.7,-8.1,-10.15,0.49,176,180,-1,6.9,-11.6,-4.1,-16.0,-0.02,-0.02,0.22,0.00,0.00,0.00,-0.22,10.16,100,-1,0,3,6.3,-0.07,0.294,0.311,-0.13,0,26,0,90.0,90.2,175.8,181.2,0.00,0,5.0,0.5
29.70,hold,350.59,-0.59,0.293,1,1442.2,271.7,-27.7,-8.2,-9.71,0.58,177,180,-1,7.4,-10.8,-3.5,-16.1,-0.03,-0.02,0.21,0.00,0.00,0.00,0.00,9.73,100,-1,0,2,5.8,-0.08,0.293,0.313,-0.12,0,26,0,90.0,90.2,175.8,181.2,0.00,0,5.1,0.5
29.80,hold,350.58,-0.58,0.292,1,1441.2,271.7,-26.7,-8.2,-9.36,0.67,177,180,-1,7.8,-10.3,-2.8,-16.1,-0.03,-0.02,0.21,0.00,0.00,0.00,0.20,9.38,100,-1,0,1,5.1,-0.07,0.292,0.313,-0.10,0,26,0,90.0,90.2,175.8,181.2,0.00,0,5.3,0.3
29.90,hold,350.57,-0.57,0.291,1,1439.5,271.9,-25.8,-8.3,-8.48,0.81,178,180,-1,8.2,-9.5,-2.1,-16.1,-0.03,-0.02,0.21,0.00,0.00,0.00,0.36,8.94,100,-1,0,1,3.2,-0.06,0.291,0.313,-0.09,0,26,0,90.0,90.2,175.8,181.2,0.00,0,5.9,-0.4
30.00,hold,350.57,-0.57,0.290,1,1439.5,271.9,-25.0,-8.4,-8.48,0.81,178,182,-1,8.6,-8.7,-1.4,-16.1,-0.04,-0.02,0.21,0.00,0.00,0.00,0.54,8.50,100,-1,0,0,3.2,-0.06,0.290,0.312,-0.07,0,26,0,88.3,132.2,178.1,182.2,0.00,0,5.9,-0.4
30.10,hold,350.56,-0.56,0.289,1,1438.7,272.0,-24.2,-8.5,-8.04,0.87,179,182,-1,9.0,-7.8,-0.7,-16.0,-0.04,-0.02,0.20,0.00,0.00,0.00,0.68,8.06,100,-1,0,-0,2.1,-0.05,0.289,0.312,-0.06,0,26,0,88.3,132.2,178.1,182.2,0.00,0,6.3,-0.8
30.20,hold,350.56,-0.56,0.288,1,1437.9,272.1,-23.4,-8.6,-7.69,0.91,179,182,-1,9.3,-7.2,-0.1,-15.9,-0.04,-0.01,0.20,0.00,0.00,0.00,0.80,7.70,100,-1,0,-1,1.0,-0.03,0.288,0.309,-0.04,0,26,0,88.3,132.2,178.1,182.2,0.00,0,6.5,-1.2
30.30,hold,350.55,-0.55,0.287,1,1436.5,272.3,-22.7,-8.7,-6.86,0.94,180,182,-1,9.5,-6.3,0.6,-15.7,-0.04,-0.01,0.19,0.00,0.00,0.00,0.88,7.26,100,-1,0,-1,-0.9,-0.02,0.287,0.308,-0.03,0,26,0,88.3,132.2,178.1,182.2,0.00,0,6.9,-2.2
30.40,hold,350.55,-0.55,0.286,1,1435.8,272.4,-22.0,-8.8,-6.46,0.94,180,182,-1,9.6,-5.4,1.3,-15.5,-0.04,-0.01,0.18,0.00,0.00,0.00,0.93,6.86,100,-1,0,-1,-1.6,-0.01,0.286,0.306,-0.01,0,26,0,88.1,202.3,180.8,181.6,0.00,0,7.0,-2.7
30.50,hold,350.55,-0.55,0.285,1,1435.8,272.4,-21.3,-8.9,-6.46,0.94,180,182,-1,9.7,-4.6,1.9,-15.2,-0.04,-0.01,0.18,0.00,0.00,0.00,0.96,6.46,100,-1,0,-2,-1.6,0.00,0.285,0.303,0.00,0,26,0,88.1,202.3,180.8,181.6,0.00,0,7.0,-2.7
30.60,hold,350.54,-0.54,0.285,1,1434.6,272.5,-20.7,-8.9,-5.67,0.87,180,182,-1,9.7,-3.9,2.6,-14.8,-0.03,0.00,0.17,0.00,0.00,0.00,0.96,6.10,100,-1,0,-2,-2.4,0.00,0.285,0.298,-0.01,0,26,0,88.1,202.3,180.8,181.6,0.00,0,7.5,-5.0
30.70,hold,350.53,-0.53,0.287,1,1434.6,272.5,-20.1,-9.0,-5.67,0.87,181,182,-1,9.7,-2.9,3.3,-14.3,-0.02,0.02,0.15,0.00,0.00,0.00,0.93,5.66,100,-1,0,-2,-2.4,0.01,0.287,0.300,-0.06,0,26,0,88.1,202.3,180.8,181.6,0.00,0,7.5,-5.0
30.80,hold,350.51,-0.51,0.289,1,1433.6,272.7,-19.6,-9.1,-4.97,0.74,181,181,-1,9.5,-2.2,4.0,-13.7,-0.00,0.02,0.14,0.00,0.00,0.00,0.86,5.31,100,-1,0,-2,-2.6,0.01,0.289,0.300,-0.08,0,26,0,89.1,256.3,183.8,180.0,0.00,0,7.5,-6.7
30.90,hold,350.50,-0.50,0.287,1,1433.6,272.7,-19.1,-9.2,-4.97,0.74,181,181,-1,9.4,-1.4,4.7,-13.0,0.00,0.03,0.13,0.00,0.00,0.00,0.80,4.96,100,-1,0,-2,-2.6,0.01,0.287,0.299,-0.06,0,26,0,89.1,256.3,183.8,180.0,0.00,0,7.5,-6.7
31.00,hold,350.48,-0.48,0.286,1,1432.6,272.8,-18.6,-9.3,-4.35,0.53,181,181,-1,9.2,-0.9,5.3,-12.4,0.00,0.04,0.11,0.00,0.00,0.00,0.71,4.69,100,-1,0,-2,-2.5,0.01,0.286,0.302,-0.03,0,26,0,89.1,256.3,183.8,180.0,0.00,0,7.1,-7.2
31.10,hold,350.48,-0.48,0.284,1,1432.6,272.8,-18.1,-9.3,-4.35,0.53,181,181,-1,8.8,-0.2,6.0,-11.7,0.00,0.04,0.10,0.00,0.00,0.00,0.58,4.34,100,-1,0,-2,-2.5,0.01,0.284,0.303,0.00,0,26,0,89.1,256.3,183.8,180.0,0.00,0,7.1,-7.2
31.20,hold,350.47,-0.47,0.282,1,1431.8,272.9,-17.7,-9.4,-3.82,0.24,181,180,-1,8.5,0.4,6.5,-11.0,0.01,0.05,0.09,0.00,0.00,0.00,0.44,4.08,100,-1,0,-2,-2.1,0.00,0.282,0.303,0.04,0,26,0,90.3,272.7,186.6,178.4,0.00,0,5.7,-7.1
31.30,hold,350.47,-0.47,0.281,1,1431.8,272.9,-17.3,-9.4,-3.82,0.24,180,180,-1,8.0,0.9,7.0,-10.3,0.00,0.04,0.08,0.00,0.00,0.00,0.27,3.82,100,-1,0,-2,-2.1,0.00,0.281,0.298,0.04,0,26,0,90.3,272.7,186.6,178.4,0.00,0,5.7,-7.1
31.40,hold,350.45,-0.45,0.284,1,1431.5,272.9,-17.0,-9.4,-3.60,0.09,180,180,-1,7.6,1.3,7.3,-9.7,-0.00,0.02,0.07,0.00,0.00,0.00,0.11,3.60,100,-1,0,-2,-1.9,0.00,0.284,0.294,-0.02,0,26,0,90.3,272.7,186.6,178.4,0.00,0,4.1,-6.7
31.50,hold,350.43,-0.43,0.290,1,1430.8,272.9,-16.6,-9.4,-3.21,-0.24,180,180,-1,7.1,1.6,7.4,-9.1,0.00,0.00,0.06,0.00,0.00,0.00,-0.05,3.43,100,-1,0,-2,-1.8,0.00,0.290,0.290,-0.13,0,26,0,90.3,272.7,186.6,178.4,0.00,0,0.4,-6.5
31.60,hold,350.41,-0.41,0.293,1,1430.8,272.9,-16.3,-9.4,-3.21,-0.24,180,179,-1,6.6,2.1,7.4,-8.4,0.00,-0.01,0.04,0.00,0.00,0.00,-0.24,3.21,100,-1,0,-1,-1.8,0.01,0.293,0.299,-0.18,0,26,0,91.4,280.4,187.6,177.5,0.00,0,0.4,-6.5
31.70,hold,350.39,-0.39,0.291,1,1430.5,272.8,-16.0,-9.3,-3.03,-0.42,180,179,-1,6.1,2.4,7.3,-7.8,0.00,-0.02,0.02,0.00,0.00,0.00,-0.43,3.03,100,-1,0,-1,-1.7,0.01,0.291,0.300,-0.14,0,26,0,91.4,280.4,187.6,177.5,0.00,0,-0.4,-6.4
31.80,hold,350.37,-0.37,0.289,1,1429.9,272.7,-15.7,-9.3,-2.68,-0.75,180,179,-1,5.5,2.7,7.2,-7.2,0.00,-0.02,0.00,0.00,0.00,0.00,-0.61,2.85,100,-1,0,-1,-1.7,0.01,0.289,0.299,-0.09,0,26,0,91.4,280.4,187.6,177.5,0.00,0,-1.2,-6.2
31.90,hold,350.36,-0.36,0.287,1,1429.9,272.7,-15.4,-9.2,-2.68,-0.75,179,179,-1,5.0,3.1,7.0,-6.6,0.00,-0.02,0.00,0.00,0.00,0.00,-0.77,2.67,100,-1,0,-1,-1.7,0.02,0.287,0.297,-0.05,0,26,0,91.4,280.4,187.6,177.5,0.00,0,-1.2,-6.2
32.00,hold,350.35,-0.35,0.284,1,1429.4,272.5,-15.2,-9.1,-2.37,-1.03,179,178,-1,4.5,3.5,6.9,-6.0,0.00,-0.02,0.00,0.00,0.00,0.00,-0.93,2.49,100,-1,0,-1,-1.7,0.02,0.284,0.295,0.00,0,26,0,92.4,288.7,187.1,176.9,0.00,0,-1.8,-6.1
32.10,hold,350.35,-0.35,0.281,1,1429.2,272.4,-14.9,-9.0,-2.24,-1.16,179,178,-1,4.1,3.7,6.6,-5.4,0.01,-0.02,0.00,0.00,0.00,0.00,-1.08,2.35,100,-1,0,-0,-1.7,0.03,0.281,0.292,0.05,0,26,0,92.4,288.7,187.1,176.9,0.00,0,-2.0,-5.9
32.20,hold,350.36,-0.36,0.278,1,1429.2,272.4,-14.7,-8.9,-2.24,-1.16,179,178,-1,3.6,4.0,6.4,-4.9,0.01,-0.02,0.00,0.00,0.00,0.00,-1.21,2.21,100,-1,0,-0,-1.7,0.03,0.278,0.289,0.11,0,26,0,92.4,288.7,187.1,176.9,0.00,0,-2.0,-5.9
32.30,hold,350.37,-0.37,0.274,1,1429.0,272.3,-14.5,-8.8,-2.15,-1.29,179,178,-1,3.2,4.1,6.2,-4.3,0.01,-0.02,0.00,0.00,0.00,0.00,-1.34,2.12,100,-1,0,0,-1.7,0.03,0.274,0.287,0.16,0,26,0,92.4,288.7,187.1,176.9,0.00,0,-2.1,-5.8
32.40,hold,350.38,-0.38,0.272,1,1428.6,272.0,-14.3,-8.7,-1.93,-1.51,178,177,-1,2.8,4.4,6.0,-3.8,0.00,-0.02,0.00,0.00,0.00,0.00,-1.47,1.98,100,-1,0,0,-1.6,0.04,0.272,0.280,0.19,0,26,0,93.4,298.4,186.2,176.3,0.00,0,-1.6,-4.8
32.50,hold,350.39,-0.39,0.272,1,1428.4,271.8,-14.1,-8.5,-1.89,-1.61,178,177,-1,2.4,4.6,5.8,-3.3,-0.00,-0.01,0.00,0.00,0.00,0.00,-1.57,1.88,100,-1,0,1,-1.4,0.04,0.272,0.276,0.17,0,26,0,93.4,298.4,186.2,176.3,0.00,0,-1.0,-4.2
32.60,hold,350.40,-0.40,0.272,1,1428.4,271.8,-13.9,-8.3,-1.89,-1.61,178,177,-1,2.0,4.6,5.7,-2.9,-0.01,0.01,0.00,0.00,0.00,0.00,-1.69,1.83,100,-1,0,1,-1.4,0.04,0.272,0.279,0.15,0,26,0,93.4,298.4,186.2,176.3,0.00,0,-1.0,-4.2
32.70,hold,350.41,-0.41,0.270,1,1428.2,271.7,-13.7,-8.2,-1.85,-1.70,178,177,-1,1.6,4.6,5.7,-2.6,-0.01,0.01,0.00,0.00,0.00,0.00,-1.78,1.77,100,-1,0,1,-1.3,0.04,0.270,0.281,0.17,0,26,0,93.4,298.4,186.2,176.3,0.00,0,-0.6,-3.7
32.80,hold,350.42,-0.42,0.267,1,1427.9,271.3,-13.5,-8.0,-1.67,-1.90,177,176,-1,1.3,4.8,5.5,-2.2,-0.01,0.01,0.00,0.00,0.00,0.00,-1.88,1.67,100,-1,0,1,-1.2,0.05,0.267,0.275,0.20,0,26,0,94.1,305.5,185.7,175.7,0.00,0,-1.6,-4.4
32.90,hold,350.44,-0.44,0.267,1,1427.9,271.3,-13.4,-7.8,-1.67,-1.90,177,176,-1,0.9,5.0,5.4,-1.7,0.00,0.00,0.00,0.00,0.00,0.00,-1.98,1.57,100,-1,0,1,-1.2,0.05,0.267,0.269,0.18,0,26,0,94.1,305.5,185.7,175.7,0.00,0,-1.6,-4.4
33.00,hold,350.44,-0.44,0.268,1,1427.7,271.1,-13.2,-7.6,-1.67,-1.98,177,176,-1,0.5,4.9,5.1,-1.3,0.01,-0.01,0.00,0.00,0.00,0.00,-2.06,1.56,100,-1,0,2,-1.2,0.06,0.268,0.276,0.14,0,26,0,94.1,305.5,185.7,175.7,0.00,0,-2.4,-4.7
33.10,hold,350.44,-0.44,0.272,1,1427.5,270.9,-13.0,-7.4,-1.63,-2.05,177,176,-1,0.2,5.0,4.7,-0.8,0.01,-0.03,0.00,0.00,0.00,0.00,-2.14,1.51,100,-1,0,2,-1.1,0.06,0.272,0.288,0.06,0,26,0,94.1,305.5,185.7,175.7,0.00,0,-3.6,-4.6
33.20,hold,350.43,-0.43,0.274,1,1427.2,270.5,-12.9,-7.2,-1.58,-2.19,177,175,-1,-0.1,5.1,4.3,-0.4,0.01,-0.03,0.00,0.00,0.00,0.00,-2.21,1.45,100,-1,0,2,-1.1,0.06,0.274,0.290,0.00,0,26,0,94.7,317.3,184.3,175.3,0.00,0,-3.5,-3.9
33.30,hold,350.42,-0.42,0.276,1,1427.2,270.5,-12.7,-7.0,-1.58,-2.19,176,175,-1,-0.5,5.0,4.0,-0.0,0.01,-0.02,0.00,0.00,0.00,0.00,-2.28,1.44,100,-1,0,2,-1.1,0.07,0.276,0.286,-0.04,0,26,0,94.7,317.3,184.3,175.3,0.00,0,-3.5,-3.9
33.40,hold,350.40,-0.40,0.281,1,1427.0,270.3,-12.5,-6.8,-1.58,-2.23,176,175,-1,-0.7,4.9,3.8,0.3,0.01,0.00,0.00,0.00,0.00,0.00,-2.33,1.43,100,-1,0,2,-0.9,0.06,0.281,0.286,-0.12,0,26,0,94.7,317.3,184.3,175.3,0.00,0,-2.3,-3.8
33.50,hold,350.38,-0.38,0.282,1,1426.7,269.8,-12.4,-6.5,-1.58,-2.31,176,175,-1,-1.0,4.9,3.6,0.7,0.01,0.02,0.00,0.00,0.00,0.00,-2.37,1.42,100,-1,0,2,-0.2,0.06,0.282,0.294,-0.14,0,26,0,94.7,317.3,184.3,175.3,0.00,0,-1.1,-3.6
33.60,hold,350.37,-0.37,0.279,1,1426.6,269.6,-12.2,-6.3,-1.58,-2.34,176,175,-1,-1.2,4.8,3.5,1.1,0.02,0.02,0.00,0.00,0.00,0.00,-2.41,1.41,100,-1,0,3,0.2,0.06,0.279,0.294,-0.08,0,26,0,95.0,325.6,183.4,175.1,0.00,0,-1.1,-3.6
33.70,hold,350.36,-0.36,0.276,1,1426.6,269.6,-12.1,-6.1,-1.58,-2.34,176,175,-1,-1.5,4.7,3.4,1.4,0.02,0.02,0.00,0.00,0.00,0.00,-2.45,1.41,100,-1,0,3,0.2,0.05,0.276,0.292,-0.01,0,26,0,95.0,325.6,183.4,175.1,0.00,0,-1.1,-3.6
33.80,hold,350.36,-0.36,0.274,1,1426.4,269.3,-11.9,-5.8,-1.58,-2.38,176,175,-1,-1.8,4.7,3.3,1.7,0.01,0.01,0.00,0.00,0.00,0.00,-2.50,1.40,100,-1,0,3,0.8,0.04,0.274,0.284,0.02,0,26,0,95.0,325.6,183.4,175.1,0.00,0,-1.4,-3.0
33.90,hold,350.36,-0.36,0.274,1,1426.1,268.9,-11.7,-5.6,-1.67,-2.48,176,175,-1,-2.1,4.3,3.0,1.9,0.00,0.00,0.00,0.00,0.00,0.00,-2.56,1.48,100,-1,0,3,2.3,0.03,0.274,0.275,0.01,0,26,0,95.0,325.6,183.4,175.1,0.00,0,-3.4,-1.1
34.00,hold,350.36,-0.36,0.274,1,1426.1,268.9,-11.6,-5.4,-1.67,-2.48,176,175,-1,-2.4,4.3,2.6,2.0,-0.01,-0.01,0.00,0.00,0.00,0.00,-2.61,1.47,100,-1,0,3,2.3,0.01,0.274,0.283,0.00,0,26,0,94.5,331.5,182.5,175.6,0.00,0,-3.4,-1.1
34.10,hold,350.36,-0.36,0.272,1,1425.7,268.3,-11.4,-5.1,-1.76,-2.55,176,175,-1,-2.7,3.9,2.2,2.0,-0.01,-0.02,0.00,0.00,0.00,0.00,-2.65,1.56,100,-1,0,3,3.1,0.00,0.272,0.287,0.02,0,26,0,94.5,331.5,182.5,175.6,0.00,0,-4.0,-0.5
34.20,hold,350.37,-0.37,0.270,1,1425.7,268.3,-11.2,-4.8,-1.76,-2.55,176,175,-1,-2.9,3.8,1.8,2.1,-0.01,-0.02,0.00,0.00,0.00,0.00,-2.68,1.55,100,-1,0,3,3.1,-0.00,0.270,0.282,0.06,0,26,0,94.5,331.5,182.5,175.6,0.00,0,-4.0,-0.5
34.30,hold,350.37,-0.37,0.270,1,1425.4,267.8,-11.1,-4.6,-1.85,-2.55,176,175,-1,-3.1,3.7,1.4,2.2,0.00,-0.02,0.00,0.00,0.00,0.00,-2.68,1.55,100,-1,0,3,3.5,-0.01,0.270,0.277,0.05,0,26,0,94.5,331.5,182.5,175.6,0.00,0,-3.1,-1.2
34.40,hold,350.37,-0.37,0.271,1,1425.2,267.6,-10.9,-4.3,-1.85,-2.55,176,177,-1,-3.3,3.4,1.1,2.4,0.01,-0.01,0.00,0.00,0.00,0.00,-2.68,1.65,100,-1,0,3,3.4,-0.01,0.271,0.277,0.01,0,26,0,93.2,343.0,181.0,176.8,0.00,0,-2.0,-1.1
34.50,hold,350.36,-0.36,0.276,1,1425.2,267.6,-10.7,-4.1,-1.85,-2.55,176,177,-1,-3.5,3.3,0.9,2.5,0.01,0.01,0.00,0.00,0.00,0.00,-2.68,1.66,100,-1,0,3,3.4,-0.01,0.276,0.282,-0.07,0,26,0,93.2,343.0,181.0,176.8,0.00,0,-2.0,-1.1
34.60,hold,350.34,-0.34,0.278,1,1424.8,267.1,-10.5,-3.8,-1.93,-2.55,176,177,-1,-3.7,3.2,0.8,2.5,0.00,0.02,0.00,0.00,0.00,0.00,-2.67,1.66,100,-1,0,3,3.4,-0.02,0.278,0.287,-0.12,0,26,0,93.2,343.0,181.0,176.8,0.00,0,-1.0,-0.4
34.70,hold,350.33,-0.33,0.277,1,1424.6,266.8,-10.3,-3.6,-1.93,-2.53,176,177,-1,-3.8,2.8,0.7,2.6,0.00,0.02,0.00,0.00,0.00,0.00,-2.67,1.76,100,-1,0,2,3.5,-0.02,0.277,0.287,-0.10,0,26,0,93.2,343.0,181.0,176.8,0.00,0,-1.2,-0.4
34.80,hold,350.33,-0.33,0.274,1,1424.6,266.8,-10.1,-3.3,-1.93,-2.53,176,178,-1,-4.0,2.6,0.6,2.6,0.00,0.02,0.00,0.00,0.00,0.00,-2.64,1.77,100,-1,0,2,3.5,-0.03,0.274,0.283,-0.03,0,26,0,91.8,345.8,180.5,178.2,0.00,0,-1.2,-0.4
34.90,hold,350.33,-0.33,0.270,1,1424.2,266.3,-9.9,-3.1,-2.02,-2.50,177,178,-1,-4.1,2.4,0.4,2.7,0.01,0.02,0.00,0.00,0.00,0.00,-2.63,1.83,100,-1,0,2,3.4,-0.03,0.270,0.280,0.03,0,26,0,91.8,345.8,180.5,178.2,0.00,0,-1.6,-0.1
35.00,hold,350.34,-0.34,0.268,1,1424.2,266.3,-9.7,-2.8,-2.02,-2.50,177,178,-1,-4.2,2.1,0.2,2.7,0.00,0.01,0.00,0.00,0.00,0.00,-2.61,1.88,100,-1,0,2,3.4,-0.04,0.268,0.273,0.07,0,26,0,91.8,345.8,180.5,178.2,0.00,0,-1.6,-0.1
35.10,hold,350.34,-0.34,0.269,1,1423.8,265.8,-9.5,-2.6,-2.11,-2.46,177,178,-1,-4.3,2.0,-0.1,2.6,0.00,-0.01,0.00,0.00,0.00,0.00,-2.58,1.89,100,-1,0,1,3.4,-0.04,0.269,0.272,0.03,0,26,0,91.8,345.8,180.5,178.2,0.00,0,-3.8,0.3
35.20,hold,350.34,-0.34,0.273,1,1423.8,265.8,-9.3,-2.3,-2.11,-2.46,177,180,-1,-4.4,1.5,-0.5,2.6,0.00,-0.03,0.00,0.00,0.00,0.00,-2.55,2.00,100,-1,0,1,3.4,-0.05,0.273,0.286,-0.05,0,26,0,90.5,49.5,179.5,179.5,0.00,0,-3.8,0.3
35.30,hold,350.32,-0.32,0.277,1,1423.6,265.6,-9.1,-2.1,-2.11,-2.43,178,180,-1,-4.5,1.4,-0.9,2.6,0.00,-0.03,0.00,0.00,0.00,0.00,-2.51,2.01,100,-1,0,1,3.4,-0.05,0.277,0.290,-0.13,0,26,0,90.5,49.5,179.5,179.5,0.00,0,-4.2,0.3
35.40,hold,350.30,-0.30,0.282,1,1423.2,265.1,-8.9,-1.8,-2.20,-2.34,178,180,-1,-4.6,1.2,-1.2,2.5,0.01,-0.01,0.00,0.00,0.00,0.00,-2.47,2.03,100,-1,0,1,3.0,-0.05,0.282,0.289,-0.21,0,26,0,90.5,49.5,179.5,179.5,0.00,0,-2.0,0.6
35.50,hold,350.28,-0.28,0.285,1,1423.0,264.9,-8.7,-1.6,-2.20,-2.29,178,180,-1,-4.6,0.8,-1.4,2.4,0.00,-0.00,0.00,0.00,0.00,0.00,-2.41,2.13,100,-1,0,0,2.8,-0.05,0.285,0.287,-0.26,0,26,0,90.5,49.5,179.5,179.5,0.00,0,-1.5,1.0
35.60,hold,350.26,-0.26,0.285,1,1423.0,264.9,-8.5,-1.4,-2.20,-2.29,179,181,-1,-4.5,0.6,-1.6,2.3,-0.00,0.00,0.00,0.00,0.00,0.00,-2.34,2.14,100,-1,0,-0,2.8,-0.06,0.285,0.286,-0.24,0,26,0,89.2,116.0,178.4,180.7,0.00,0,-1.5,1.0
35.70,hold,350.24,-0.24,0.282,1,1422.7,264.6,-8.2,-1.1,-2.20,-2.23,179,181,-1,-4.5,0.5,-1.7,2.2,0.00,0.00,0.00,0.00,0.00,0.00,-2.27,2.16,100,-1,0,-0,2.5,-0.06,0.282,0.283,-0.17,0,26,0,89.2,116.0,178.4,180.7,0.00,0,-1.4,1.0
35.80,hold,350.23,-0.23,0.279,1,1422.5,264.4,-8.0,-0.9,-2.24,-2.16,179,181,-1,-4.4,0.2,-1.9,2.1,0.00,0.00,0.00,0.00,0.00,0.00,-2.19,2.21,100,-1,0,-1,2.5,-0.06,0.279,0.280,-0.11,0,26,0,89.2,116.0,178.4,180.7,0.00,0,-1.5,1.1
35.90,hold,350.23,-0.23,0.276,1,1422.1,264.0,-7.8,-0.7,-2.29,-2.04,179,181,-1,-4.4,-0.1,-2.1,2.0,0.00,-0.00,0.00,0.00,0.00,0.00,-2.12,2.27,100,-1,0,-1,2.3,-0.06,0.276,0.278,-0.04,0,26,0,89.2,116.0,178.4,180.7,0.00,0,-1.7,1.1
36.00,hold,350.24,-0.24,0.272,1,1421.8,263.8,-7.6,-0.5,-2.29,-1.99,180,182,-1,-4.3,-0.3,-2.2,1.9,0.00,-0.01,0.00,0.00,0.00,0.00,-2.05,2.28,100,-1,0,-1,2.2,-0.07,0.272,0.276,0.03,0,26,0,88.3,127.5,177.8,181.6,0.00,0,-1.8,1.2
36.10,hold,350.25,-0.25,0.268,1,1421.8,263.8,-7.3,-0.3,-2.29,-1.99,180,182,-1,-4.3,-0.5,-2.4,1.8,0.00,-0.01,0.00,0.00,0.00,0.00,-1.99,2.29,100,-1,0,-1,2.2,-0.07,0.268,0.273,0.09,0,26,0,88.3,127.5,177.8,181.6,0.00,0,-1.8,1.2
36.20,hold,350.27,-0.27,0.264,1,1421.6,263.6,-7.1,-0.1,-2.29,-1.92,180,182,-1,-4.2,-0.6,-2.6,1.6,0.00,-0.01,0.00,0.00,0.00,0.00,-1.91,2.30,100,-1,0,-2,2.2,-0.08,0.264,0.271,0.15,0,26,0,88.3,127.5,177.8,181.6,0.00,0,-1.8,1.2
36.30,hold,350.29,-0.29,0.262,1,1421.1,263.3,-6.9,0.1,-2.37,-1.78,181,182,-1,-4.1,-1.1,-2.7,1.5,0.01,-0.00,0.00,0.00,0.00,0.00,-1.84,2.39,100,-1,0,-2,1.8,-0.08,0.262,0.267,0.16,0,26,0,88.3,127.5,177.8,181.6,0.00,0,-0.2,1.2
36.40,hold,350.30,-0.30,0.266,1,1420.9,263.1,-6.6,0.2,-2.37,-1.70,181,182,-1,-4.0,-1.2,-2.7,1.4,0.01,0.01,0.00,0.00,0.00,0.00,-1.75,2.40,100,-1,0,-2,1.5,-0.08,0.266,0.274,0.08,0,26,0,87.6,132.7,177.4,182.4,0.00,0,0.9,1.5
36.50,hold,350.29,-0.29,0.271,1,1420.9,263.1,-6.4,0.4,-2.37,-1.70,181,182,-1,-3.9,-1.4,-2.6,1.2,0.00,0.03,0.00,0.00,0.00,0.00,-1.66,2.40,100,-1,0,-2,1.5,-0.08,0.271,0.282,-0.03,0,26,0,87.6,132.7,177.4,182.4,0.00,0,0.9,1.5
36.60,hold,350.28,-0.28,0.278,1,1420.7,262.9,-6.2,0.6,-2.37,-1.64,181,182,-1,-3.7,-1.6,-2.6,1.0,-0.01,0.02,0.00,0.00,0.00,0.00,-1.58,2.41,100,-1,0,-3,1.0,-0.07,0.278,0.287,-0.16,0,26,0,87.6,132.7,177.4,182.4,0.00,0,0.8,2.0
36.70,hold,350.26,-0.26,0.283,1,1420.2,262.6,-5.9,0.7,-2.37,-1.54,181,182,-1,-3.7,-1.7,-2.6,0.8,-0.01,-0.00,0.00,0.00,0.00,0.00,-1.53,2.41,100,-1,0,-3,-0.2,-0.07,0.283,0.288,-0.24,0,26,0,87.6,132.7,177.4,182.4,0.00,0,-1.6,2.5
36.80,hold,350.24,-0.24,0.284,1,1419.9,262.4,-5.7,0.9,-2.37,-1.48,182,183,-1,-3.6,-1.9,-2.8,0.5,-0.01,-0.02,0.00,0.00,0.00,0.00,-1.47,2.42,100,-1,0,-3,-0.8,-0.06,0.285,0.297,-0.26,0,26,0,87.4,133.1,177.2,182.6,0.00,0,-2.1,2.7
36.90,hold,350.22,-0.22,0.282,1,1419.9,262.4,-5.4,1.1,-2.37,-1.48,182,183,-1,-3.5,-2.1,-3.0,0.2,-0.02,-0.03,0.00,0.00,0.00,0.00,-1.41,2.42,100,-1,0,-3,-0.8,-0.05,0.282,0.299,-0.19,0,26,0,87.4,133.1,177.2,182.6,0.00,0,-2.1,2.7
37.00,hold,350.22,-0.22,0.279,1,1419.7,262.3,-5.2,1.2,-2.37,-1.42,182,183,-1,-3.4,-2.2,-3.3,-0.0,-0.02,-0.03,0.00,0.00,0.00,0.00,-1.34,2.42,100,-1,0,-3,-1.2,-0.04,0.279,0.299,-0.13,0,26,0,87.4,133.1,177.2,182.6,0.00,0,-2.4,2.8
37.10,hold,350.21,-0.21,0.277,1,1419.2,262.0,-5.0,1.3,-2.37,-1.24,182,183,-1,-3.2,-2.4,-3.5,-0.3,-0.01,-0.03,0.00,0.00,0.00,0.00,-1.25,2.42,100,-1,0,-3,-2.0,-0.04,0.277,0.296,-0.09,0,26,0,87.4,133.1,177.2,182.6,0.00,0,-1.5,2.1
37.20,hold,350.20,-0.20,0.277,1,1419.2,262.0,-4.7,1.5,-2.37,-1.24,182,182,-1,-3.1,-2.5,-3.6,-0.5,-0.00,-0.03,0.00,0.00,0.00,0.00,-1.16,2.41,100,-1,0,-3,-2.0,-0.03,0.277,0.290,-0.10,0,26,0,88.0,118.4,176.4,182.0,0.00,0,-1.5,2.1
37.30,hold,350.20,-0.20,0.278,1,1419.0,261.9,-4.5,1.6,-2.29,-1.15,182,182,-1,-2.9,-2.4,-3.7,-0.6,0.00,-0.02,0.00,0.00,0.00,0.00,-1.07,2.32,100,-1,0,-3,-2.4,-0.02,0.278,0.286,-0.11,0,26,0,88.0,118.4,176.4,182.0,0.00,0,-0.8,1.5
37.40,hold,350.18,-0.18,0.279,1,1418.8,261.8,-4.3,1.7,-2.29,-1.07,182,182,-1,-2.7,-2.5,-3.7,-0.6,0.01,-0.01,0.00,0.00,0.00,0.00,-0.99,2.32,100,-1,0,-3,-3.0,-0.01,0.279,0.286,-0.12,0,26,0,88.0,118.4,176.4,182.0,0.00,0,0.0,1.0
37.50,hold,350.18,-0.18,0.278,1,1418.3,261.6,-4.0,1.8,-2.20,-0.87,182,182,-1,-2.4,-2.7,-3.6,-0.7,0.02,-0.00,0.00,0.00,0.00,0.00,-0.88,2.32,100,-1,0,-3,-3.7,-0.00,0.278,0.286,-0.10,0,26,0,88.0,118.4,176.4,182.0,0.00,0,0.7,0.7
37.60,hold,350.18,-0.18,0.275,1,1418.3,261.6,-3.8,1.9,-2.20,-0.87,182,181,-1,-2.2,-2.5,-3.5,-0.7,0.01,-0.00,0.00,0.00,0.00,0.00,-0.80,2.22,100,-1,0,-3,-3.7,0.01,0.275,0.282,-0.03,0,26,0,89.4,100.2,176.5,180.7,0.00,0,0.7,0.7
37.70,hold,350.18,-0.18,0.271,1,1418.1,261.5,-3.6,2.0,-2.20,-0.78,182,181,-1,-2.0,-2.6,-3.5,-0.8,0.01,-0.00,0.00,0.00,0.00,0.00,-0.72,2.22,100,-1,0,-3,-3.9,0.02,0.271,0.279,0.03,0,26,0,89.4,100.2,176.5,180.7,0.00,0,0.8,0.7
37.80,hold,350.19,-0.19,0.267,1,1417.9,261.5,-3.4,2.0,-2.11,-0.69,181,181,-1,-1.8,-2.5,-3.4,-0.8,0.01,-0.01,0.00,0.00,0.00,0.00,-0.64,2.13,100,-1,0,-3,-4.1,0.02,0.267,0.275,0.09,0,26,0,89.4,100.2,176.5,180.7,0.00,0,0.8,0.8
37.90,hold,350.21,-0.21,0.265,1,1417.7,261.4,-3.2,2.1,-2.11,-0.63,181,181,-1,-1.7,-2.6,-3.3,-0.9,0.01,-0.00,0.00,0.00,0.00,0.00,-0.58,2.12,100,-1,0,-3,-4.1,0.03,0.265,0.269,0.13,0,26,0,89.4,100.2,176.5,180.7,0.00,0,0.9,1.0
38.00,hold,350.22,-0.22,0.266,1,1417.3,261.3,-3.0,2.1,-2.02,-0.49,181,179,-1,-1.5,-2.7,-3.2,-1.1,-0.01,-0.00,0.00,0.00,0.00,0.00,-0.52,2.12,100,-1,0,-2,-4.0,0.03,0.266,0.270,0.09,0,26,0,91.0,72.5,176.8,179.1,0.00,0,1.3,2.8
38.10,hold,350.22,-0.22,0.271,1,1417.1,261.3,-2.8,2.2,-2.02,-0.43,181,179,-1,-1.4,-2.6,-3.1,-1.4,-0.02,0.00,0.00,0.00,0.00,0.00,-0.47,2.03,100,-1,0,-2,-4.1,0.04,0.271,0.282,-0.02,0,26,0,91.0,72.5,176.8,179.1,0.00,0,1.5,2.7
38.20,hold,350.20,-0.20,0.278,1,1417.1,261.3,-2.6,2.2,-2.02,-0.43,180,179,-1,-1.3,-2.7,-2.9,-1.6,-0.02,0.00,0.00,0.00,0.00,0.00,-0.41,2.02,100,-1,0,-2,-4.1,0.04,0.278,0.286,-0.15,0,26,0,91.0,72.5,176.8,179.1,0.00,0,1.5,2.7
38.30,hold,350.18,-0.18,0.283,1,1416.9,261.2,-2.4,2.3,-1.93,-0.38,180,179,-1,-1.2,-2.5,-2.8,-1.7,-0.00,0.00,0.00,0.00,0.00,0.00,-0.38,1.94,100,-1,0,-2,-3.9,0.05,0.283,0.284,-0.23,0,26,0,91.0,72.5,176.8,179.1,0.00,0,1.4,1.5
38.40,hold,350.16,-0.16,0.285,1,1416.5,261.2,-2.2,2.3,-1.85,-0.26,180,177,-1,-1.0,-2.5,-2.7,-1.8,0.01,-0.00,0.00,0.00,0.00,0.00,-0.33,1.89,100,-1,0,-1,-3.3,0.05,0.285,0.289,-0.25,0,26,0,92.6,45.1,177.4,177.5,0.00,0,1.1,0.3
38.50,hold,350.14,-0.14,0.282,1,1416.5,261.2,-2.0,2.3,-1.85,-0.26,179,177,-1,-0.9,-2.5,-2.6,-1.8,0.01,-0.01,0.00,0.00,0.00,0.00,-0.28,1.84,100,-1,0,-1,-3.3,0.05,0.282,0.288,-0.18,0,26,0,92.6,45.1,177.4,177.5,0.00,0,1.1,0.3
38.60,hold,350.13,-0.13,0.280,1,1416.1,261.1,-1.8,2.4,-1.67,-0.16,179,177,-1,-0.8,-2.3,-2.5,-1.8,0.01,-0.01,0.00,0.00,0.00,0.00,-0.24,1.75,100,-1,0,-1,-3.1,0.06,0.280,0.287,-0.12,0,26,0,92.6,45.1,177.4,177.5,0.00,0,0.8,0.1
38.70,hold,350.13,-0.13,0.276,1,1416.1,261.1,-1.6,2.4,-1.67,-0.16,179,177,-1,-0.7,-2.2,-2.5,-1.8,0.01,-0.01,0.00,0.00,0.00,0.00,-0.20,1.67,100,-1,0,-0,-3.1,0.06,0.276,0.284,-0.05,0,26,0,92.6,45.1,177.4,177.5,0.00,0,0.8,0.1
38.80,hold,350.13,-0.13,0.273,1,1416.0,261.1,-1.5,2.4,-1.67,-0.11,178,176,-1,-0.6,-2.3,-2.4,-1.8,0.01,-0.01,0.00,0.00,0.00,0.00,-0.15,1.67,100,-1,0,0,-2.9,0.06,0.273,0.283,0.01,0,26,0,93.9,30.7,177.7,176.2,0.00,0,0.6,0.1
38.90,hold,350.14,-0.14,0.269,1,1415.7,261.1,-1.3,2.4,-1.54,-0.02,178,176,-1,-0.5,-2.1,-2.4,-1.8,0.01,-0.02,0.00,0.00,0.00,0.00,-0.12,1.58,100,-1,0,0,-2.8,0.07,0.269,0.280,0.08,0,26,0,93.9,30.7,177.7,176.2,0.00,0,0.6,0.3
39.00,hold,350.16,-0.16,0.267,1,1415.5,261.1,-1.2,2.4,-1.49,0.03,178,176,-1,-0.4,-2.1,-2.3,-1.8,0.00,-0.01,0.00,0.00,0.00,0.00,-0.08,1.54,100,-1,0,1,-2.4,0.07,0.267,0.273,0.11,0,26,0,93.9,30.7,177.7,176.2,0.00,0,1.4,0.6
39.10,hold,350.16,-0.16,0.268,1,1415.4,261.1,-1.0,2.4,-1.41,0.08,178,176,-1,-0.2,-2.0,-2.1,-1.8,-0.00,0.00,0.00,0.00,0.00,0.00,-0.03,1.49,100,-1,0,1,-2.1,0.07,0.268,0.270,0.08,0,26,0,93.9,30.7,177.7,176.2,0.00,0,2.7,0.7
39.20,hold,350.16,-0.16,0.272,1,1415.2,261.1,-0.9,2.4,-1.41,0.12,177,175,-1,-0.1,-1.8,-1.8,-1.9,-0.00,0.02,0.00,0.00,0.00,0.00,0.01,1.41,100,-1,0,1,-1.8,0.07,0.272,0.283,-0.01,0,26,0,94.9,19.1,178.3,175.2,0.00,0,3.4,0.5
39.30,hold,350.15,-0.15,0.275,1,1415.2,261.1,-0.7,2.4,-1.41,0.12,177,175,-1,0.0,-1.9,-1.5,-1.9,0.00,0.03,0.00,0.00,0.00,0.00,0.04,1.41,100,-1,0,2,-1.8,0.07,0.275,0.287,-0.06,0,26,0,94.9,19.1,178.3,175.2,0.00,0,3.4,0.5
39.40,hold,350.14,-0.14,0.277,1,1415.0,261.1,-0.6,2.4,-1.32,0.18,177,175,-1,0.1,-1.8,-1.3,-1.9,0.00,0.02,0.00,0.00,0.00,0.00,0.08,1.33,100,-1,0,2,-1.0,0.07,0.277,0.284,-0.10,0,26,0,94.9,19.1,178.3,175.2,0.00,0,1.2,0.1
39.50,hold,350.12,-0.12,0.282,1,1415.0,261.1,-0.5,2.4,-1.32,0.18,176,175,-1,0.2,-1.8,-1.2,-1.9,0.00,-0.00,0.00,0.00,0.00,0.00,0.09,1.33,100,-1,0,2,-1.0,0.06,0.282,0.284,-0.17,0,26,0,94.9,19.1,178.3,175.2,0.00,0,1.2,0.1
39.60,hold,350.10,-0.10,0.283,1,1414.8,261.2,-0.3,2.3,-1.23,0.18,176,175,-1,0.2,-1.7,-1.2,-2.0,-0.00,-0.02,0.00,0.00,0.00,0.00,0.09,1.24,100,-1,0,2,-0.4,0.06,0.284,0.291,-0.20,0,26,0,95.3,10.7,179.0,174.7,0.00,0,0.1,0.1
39.70,hold,350.09,-0.09,0.281,1,1414.6,261.2,-0.2,2.3,-1.14,0.20,176,175,-1,0.2,-1.6,-1.2,-2.0,-0.00,-0.02,0.00,0.00,0.00,0.00,0.10,1.20,100,-1,0,3,0.2,0.06,0.281,0.291,-0.13,0,26,0,95.3,10.7,179.0,174.7,0.00,0,-0.9,0.5
39.80,hold,350.09,-0.09,0.277,1,1414.5,261.2,-0.1,2.3,-1.05,0.22,176,175,-1,0.3,-1.5,-1.3,-2.0,-0.00,-0.03,0.00,0.00,0.00,0.00,0.11,1.15,100,-1,0,3,0.7,0.05,0.277,0.291,-0.07,0,26,0,95.3,10.7,179.0,174.7,0.00,0,-0.7,0.4
39.90,hold,350.09,-0.09,0.274,1,1414.5,261.2,-0.0,2.3,-1.05,0.22,176,175,-1,0.3,-1.4,-1.3,-2.1,-0.01,-0.03,0.00,0.00,0.00,0.00,0.14,1.07,100,-1,0,3,0.7,0.05,0.274,0.289,-0.00,0,26,0,95.3,10.7,179.0,174.7,0.00,0,-0.7,0.4
40.00,hold,350.09,-0.09,0.272,1,1414.4,261.2,0.1,2.3,-1.05,0.25,175,175,-1,0.4,-1.4,-1.3,-2.1,-0.00,-0.02,0.00,0.00,0.00,0.00,0.17,1.07,100,-1,0,3,1.0,0.04,0.272,0.282,0.04,0,26,0,95.1,12.6,178.9,174.9,0.00,0,-0.2,0.1
40.10,hold,350.09,-0.09,0.274,1,1414.3,261.3,0.2,2.2,-0.97,0.29,175,175,-1,0.6,-1.2,-1.2,-2.0,-0.00,-0.01,0.00,0.00,0.00,0.00,0.21,0.99,100,-1,0,3,1.1,0.04,0.274,0.277,0.00,0,26,0,95.1,12.6,178.9,174.9,0.00,0,0.6,-0.1
40.20,hold,350.08,-0.08,0.278,1,1414.1,261.3,0.3,2.2,-0.88,0.35,175,175,-1,0.7,-1.2,-1.0,-2.0,-0.00,0.02,0.00,0.00,0.00,0.00,0.24,0.95,100,-1,0,3,2.4,0.03,0.278,0.286,-0.08,0,26,0,95.1,12.6,178.9,174.9,0.00,0,3.1,-0.1
40.30,hold,350.07,-0.07,0.280,1,1414.0,261.4,0.4,2.2,-0.79,0.37,175,175,-1,0.8,-1.1,-0.6,-2.0,-0.00,0.03,0.00,0.00,0.00,0.00,0.28,0.91,100,-1,0,3,2.7,0.02,0.280,0.293,-0.10,0,26,0,95.1,12.6,178.9,174.9,0.00,0,3.2,-0.0
40.40,hold,350.07,-0.07,0.276,1,1414.0,261.4,0.5,2.1,-0.79,0.37,175,176,-1,0.9,-0.9,-0.3,-2.0,-0.01,0.03,0.00,0.00,0.00,0.00,0.31,0.82,100,-1,0,3,2.9,0.01,0.276,0.292,-0.04,0,26,0,94.2,2.1,179.8,175.8,0.00,0,2.9,-0.2
40.50,hold,350.07,-0.07,0.274,1,1414.0,261.4,0.5,2.1,-0.79,0.37,175,176,-1,0.9,-1.0,-0.0,-2.0,-0.00,0.03,0.00,0.00,0.00,0.00,0.31,0.82,100,-1,0,3,2.9,0.01,0.274,0.286,-0.00,0,26,0,94.2,2.1,179.8,175.8,0.00,0,2.9,-0.2
40.60,hold,350.06,-0.06,0.276,1,1413.8,261.5,0.6,2.0,-0.70,0.35,175,176,-1,1.0,-0.8,0.2,-2.0,-0.00,0.01,0.00,0.00,0.00,0.00,0.32,0.73,100,-1,0,3,3.6,-0.00,0.276,0.281,-0.04,0,26,0,94.2,2.1,179.8,175.8,0.00,0,0.5,-0.5
40.70,hold,350.05,-0.05,0.281,1,1413.7,261.5,0.7,2.0,-0.62,0.33,175,176,-1,0.9,-0.8,0.2,-1.9,-0.00,-0.01,0.00,0.00,0.00,0.00,0.30,0.73,100,-1,0,3,3.7,-0.01,0.281,0.285,-0.12,0,26,0,94.2,2.1,179.8,175.8,0.00,0,-0.5,-0.4
40.80,hold,350.04,-0.04,0.283,1,1413.7,261.6,0.8,2.0,-0.62,0.33,176,177,-1,0.9,-0.6,0.1,-1.9,-0.00,-0.02,0.00,0.00,0.00,0.00,0.28,0.64,100,-1,0,3,3.8,-0.02,0.283,0.292,-0.14,0,26,0,92.9,355.5,180.2,177.1,0.00,0,-0.7,-0.4
40.90,hold,350.03,-0.03,0.280,1,1413.6,261.6,0.8,1.9,-0.53,0.31,176,177,-1,0.9,-0.6,0.1,-1.8,-0.00,-0.02,0.00,0.00,0.00,0.00,0.29,0.64,100,-1,0,3,3.9,-0.02,0.280,0.291,-0.07,0,26,0,92.9,355.5,180.2,177.1,0.00,0,-0.9,-0.3
40.95,fly,350.03,-250.03,0.123,1,1413.6,261.6,0.9,1.9,-0.53,0.31,176,178,-1,-0.4,-2.1,0.0,-1.8,0.00,0.00,0.00,0.00,0.00,0.00,0.27,0.55,100,-1,0,0,3.9,-0.08,0.123,0.126,-0.01,0,26,0,92.3,357.6,180.1,177.7,0.00,0,-0.9,-0.3
41.05,fly,350.03,-250.03,0.120,1,1413.6,261.6,0.9,1.9,-0.53,0.31,176,178,-1,-0.4,-2.1,-0.1,-1.8,0.01,-0.01,0.00,0.00,0.00,0.00,0.27,0.55,100,-1,0,-0,3.9,-0.08,0.120,0.128,-0.01,0,26,0,92.3,357.6,180.1,177.7,0.00,0,-1.1,-0.3
41.15,fly,349.99,-249.99,0.120,1,1413.5,261.6,0.9,1.9,-0.53,0.31,177,178,-1,-0.3,-2.1,-0.2,-1.7,0.01,-0.01,0.00,0.00,0.00,0.00,0.28,0.54,100,-1,0,-0,4.0,-0.09,0.120,0.129,0.06,0,26,0,92.3,357.6,180.1,177.7,0.00,0,-1.2,-0.3
41.25,fly,349.86,-249.86,0.120,1,1413.5,261.7,1.0,1.9,-0.53,0.31,177,178,-1,-0.3,-2.2,-0.3,-1.7,0.01,-0.02,0.00,0.00,0.00,0.00,0.28,0.54,100,-1,0,-1,4.0,-0.09,0.120,0.130,-0.64,0,26,0,92.3,357.6,180.1,177.7,0.00,0,-1.2,-0.3
41.35,fly,349.66,-249.66,0.120,1,1413.4,261.7,1.0,1.8,-0.48,0.31,177,179,-1,-0.3,-2.2,-0.4,-1.7,0.01,-0.02,0.00,0.00,0.00,0.00,0.28,0.54,100,-1,0,-1,3.8,-0.10,0.120,0.130,-1.44,0,26,0,90.7,26.2,179.6,179.3,0.00,0,-1.2,-0.2
41.45,fly,349.38,-249.38,0.120,1,1413.4,261.7,1.1,1.8,-0.44,0.31,177,179,-1,-0.2,-2.1,-0.5,-1.7,0.01,-0.02,0.00,0.00,0.00,0.00,0.29,0.50,100,-1,0,-1,3.4,-0.10,0.120,0.129,-2.23,0,26,0,90.7,26.2,179.6,179.3,0.00,0,-1.0,-0.1
41.55,fly,349.02,-249.02,0.120,1,1413.3,261.8,1.1,1.8,-0.44,0.31,178,179,-1,-0.2,-2.0,-0.6,-1.7,0.00,-0.02,0.00,0.00,0.00,0.00,0.29,0.45,100,-1,0,-2,3.2,-0.10,0.120,0.128,-3.02,0,26,0,90.7,26.2,179.6,179.3,0.00,0,-1.0,0.0
41.65,fly,348.58,-248.58,0.120,1,1413.3,261.8,1.2,1.7,-0.44,0.33,178,179,-1,-0.2,-2.0,-0.7,-1.7,0.00,-0.02,0.00,0.00,0.00,0.00,0.29,0.45,100,-1,0,-2,2.9,-0.10,0.120,0.127,-3.79,0,26,0,90.7,26.2,179.6,179.3,0.00,0,-0.9,0.2
41.75,fly,348.07,-248.07,0.120,1,1413.2,261.8,1.2,1.7,-0.44,0.33,178,181,-1,-0.1,-2.1,-0.7,-1.8,-0.00,-0.02,0.00,0.00,0.00,0.00,0.32,0.45,100,-1,0,-2,2.7,-0.10,0.120,0.127,-4.56,0,26,0,89.5,124.9,179.3,180.5,0.00,0,-0.8,0.3
41.85,fly,347.48,-247.48,0.120,1,1413.2,261.9,1.3,1.7,-0.44,0.33,179,181,-1,-0.1,-2.1,-0.8,-1.8,-0.00,-0.02,0.00,0.00,0.00,0.00,0.32,0.45,100,-1,0,-2,2.4,-0.10,0.120,0.128,-5.33,0,26,0,89.5,124.9,179.3,180.5,0.00,0,-0.7,0.4
41.95,fly,346.82,-246.82,0.120,1,1413.2,261.9,1.3,1.6,-0.44,0.33,179,181,-1,-0.0,-2.1,-0.8,-1.8,-0.00,-0.02,0.00,0.00,0.00,0.00,0.32,0.45,100,-1,0,-3,2.1,-0.10,0.120,0.128,-6.09,0,26,0,89.5,124.9,179.3,180.5,0.00,0,-0.6,0.5
42.05,fly,346.08,-246.08,0.120,1,1413.1,261.9,1.3,1.6,-0.44,0.35,179,181,-1,-0.0,-2.2,-0.9,-1.9,-0.00,-0.02,0.00,0.00,0.00,0.00,0.32,0.44,100,-1,0,-3,1.7,-0.10,0.120,0.128,-6.84,0,26,0,89.5,124.9,179.3,180.5,0.00,0,-0.5,0.5
42.15,fly,345.26,-245.26,0.120,1,1413.1,262.0,1.4,1.6,-0.44,0.35,179,181,-1,0.1,-2.2,-0.9,-1.9,-0.00,-0.02,0.00,0.00,0.00,0.00,0.35,0.44,100,-1,0,-3,1.0,-0.10,0.120,0.128,-7.58,0,26,0,88.7,142.3,179.0,181.3,0.00,0,-0.3,0.3
42.25,fly,344.38,-244.38,0.120,1,1413.0,262.0,1.4,1.5,-0.35,0.35,180,181,-1,0.1,-2.2,-1.0,-2.0,-0.00,-0.02,0.00,0.00,0.00,0.00,0.35,0.44,100,-1,0,-4,0.7,-0.09,0.120,0.127,-8.32,0,26,0,88.7,142.3,179.0,181.3,0.00,0,-0.2,0.3
42.35,fly,343.42,-243.42,0.120,1,1413.0,262.0,1.5,1.5,-0.35,0.37,180,181,-1,0.2,-2.0,-1.0,-2.0,-0.00,-0.01,0.00,0.00,0.00,0.00,0.35,0.35,100,-1,0,-4,0.4,-0.09,0.120,0.128,-9.05,0,26,0,88.7,142.3,179.0,181.3,0.00,0,-0.1,0.2
42.45,fly,342.39,-242.39,0.120,1,1413.0,262.1,1.5,1.5,-0.35,0.37,180,181,-1,0.3,-2.0,-1.0,-2.0,-0.00,-0.01,0.00,0.00,0.00,0.00,0.37,0.35,100,-1,0,-4,0.6,-0.09,0.120,0.127,-9.77,0,26,0,88.7,142.3,179.0,181.3,0.00,0,-0.2,0.4
42.55,fly,341.28,-241.28,0.120,1,1412.9,262.1,1.5,1.4,-0.35,0.37,180,181,-1,0.3,-2.0,-1.0,-2.0,-0.00,-0.01,0.00,0.00,0.00,0.00,0.38,0.35,100,-1,0,-4,-0.2,-0.10,0.120,0.126,-10.49,0,26,0,88.5,144.7,179.0,181.5,0.00,0,0.3,0.4
42.65,fly,340.11,-240.11,0.120,1,1412.9,262.2,1.6,1.4,-0.35,0.40,181,181,-1,0.3,-2.1,-1.0,-2.0,0.00,-0.01,0.00,0.00,0.00,0.00,0.38,0.35,100,-1,0,-4,0.0,-0.08,0.120,0.126,-11.20,0,26,0,88.5,144.7,179.0,181.5,0.00,0,0.0,0.0
42.75,fly,338.87,-238.87,0.120,1,1412.9,262.2,1.6,1.3,-0.26,0.40,181,181,-1,0.4,-2.1,-1.0,-2.0,0.00,-0.01,0.00,0.00,0.00,0.00,0.40,0.35,100,-1,0,-4,-0.2,-0.09,0.120,0.126,-11.91,0,26,0,88.5,144.7,179.0,181.5,0.00,0,0.1,-0.0
42.85,fly,337.55,-237.55,0.120,1,1412.8,262.2,1.6,1.3,-0.26,0.40,181,181,-1,0.4,-1.8,-0.9,-2.0,0.00,-0.01,0.00,0.00,0.00,0.00,0.40,0.26,100,-1,0,-5,-1.0,-0.09,0.120,0.125,-12.61,0,26,0,88.5,144.7,179.0,181.5,0.00,0,0.4,-0.3
42.95,fly,336.17,-236.17,0.120,1,1412.8,262.3,1.7,1.3,-0.26,0.42,181,181,-1,0.5,-1.9,-0.9,-2.0,0.00,-0.01,0.00,0.00,0.00,0.00,0.40,0.26,100,-1,0,-5,-1.0,-0.07,0.120,0.125,-13.30,0,26,0,88.8,142.9,179.1,181.3,0.00,0,0.4,-0.2
43.05,fly,334.72,-234.72,0.120,1,1412.8,262.3,1.7,1.2,-0.26,0.42,181,181,-1,0.6,-1.9,-0.8,-2.0,0.00,-0.01,0.00,0.00,0.00,0.00,0.42,0.26,100,-1,0,-5,-1.3,-0.07,0.120,0.125,-13.99,0,26,0,88.8,142.9,179.1,181.3,0.00,0,0.6,-0.2
43.15,fly,333.20,-233.20,0.120,1,1412.8,262.4,1.7,1.2,-0.26,0.42,181,181,-1,0.6,-1.9,-0.8,-1.9,0.00,-0.01,0.00,0.00,0.00,0.00,0.42,0.26,100,-1,0,-5,-1.3,-0.07,0.120,0.124,-14.67,0,26,0,88.8,142.9,179.1,181.3,0.00,0,0.6,-0.2
43.25,fly,331.62,-231.62,0.120,1,1412.7,262.4,1.7,1.1,-0.26,0.44,181,181,-1,0.6,-1.9,-0.7,-1.9,0.00,-0.01,0.00,0.00,0.00,0.00,0.42,0.26,100,-1,0,-5,-1.4,-0.07,0.120,0.124,-15.34,0,26,0,88.8,142.9,179.1,181.3,0.00,0,0.6,-0.2
43.35,fly,329.97,-229.97,0.120,1,1412.7,262.5,1.8,1.1,-0.26,0.44,181,181,-1,0.7,-1.9,-0.7,-1.9,0.00,-0.00,0.00,0.00,0.00,0.00,0.44,0.26,100,-1,0,-5,-1.6,-0.07,0.120,0.123,-16.01,0,26,0,89.3,134.8,179.3,180.7,0.00,0,0.7,-0.2
43.45,fly,328.25,-228.25,0.120,1,1412.7,262.5,1.8,1.0,-0.18,0.44,181,181,-1,0.7,-1.9,-0.6,-1.9,0.00,-0.00,0.00,0.00,0.00,0.00,0.44,0.26,100,-1,0,-5,-1.9,-0.06,0.120,0.123,-16.67,0,26,0,89.3,134.8,179.3,180.7,0.00,0,0.9,-0.2
43.55,fly,326.47,-226.47,0.120,1,1412.7,262.5,1.8,1.0,-0.18,0.44,181,181,-1,0.7,-1.7,-0.5,-1.9,0.00,-0.00,0.00,0.00,0.00,0.00,0.44,0.17,100,-1,0,-5,-1.8,-0.06,0.120,0.122,-17.33,0,26,0,89.3,134.8,179.3,180.7,0.00,0,0.8,-0.1
43.65,fly,324.62,-224.62,0.120,1,1412.6,262.6,1.8,1.0,-0.18,0.44,181,181,-1,0.8,-1.7,-0.4,-1.8,0.00,-0.00,0.00,0.00,0.00,0.00,0.44,0.17,100,-1,0,-5,-1.5,-0.06,0.120,0.122,-17.98,0,26,0,89.3,134.8,179.3,180.7,0.00,0,0.7,-0.1
43.75,fly,322.71,-222.71,0.120,1,1412.6,262.6,1.9,0.9,-0.18,0.44,181,180,-1,0.8,-1.7,-0.4,-1.8,0.00,-0.00,0.00,0.00,0.00,0.00,0.44,0.17,100,-1,0,-5,-1.7,-0.06,0.120,0.122,-18.62,0,26,0,90.0,85.1,179.6,180.0,0.00,0,0.7,-0.1
43.85,fly,320.74,-220.74,0.120,1,1412.6,262.7,1.9,0.9,-0.18,0.44,181,180,-1,0.8,-1.7,-0.3,-1.8,0.00,-0.00,0.00,0.00,0.00,0.00,0.44,0.17,100,-1,0,-4,-1.8,-0.05,0.120,0.122,-19.26,0,26,0,90.0,85.1,179.6,180.0,0.00,0,0.7,-0.1
43.95,fly,318.70,-218.70,0.120,1,1412.6,262.7,1.9,0.8,-0.18,0.44,181,180,-1,0.8,-1.8,-0.2,-1.8,0.00,-0.00,0.00,0.00,0.00,0.00,0.44,0.17,100,-1,0,-4,-1.8,-0.05,0.120,0.122,-19.89,0,26,0,90.0,85.1,179.6,180.0,0.00,0,0.7,-0.1
44.05,fly,316.61,-216.61,0.120,1,1412.6,262.8,1.9,0.8,-0.18,0.42,180,180,-1,0.9,-1.8,-0.2,-1.8,0.00,-0.00,0.00,0.00,0.00,0.00,0.44,0.17,100,-1,0,-4,-1.8,-0.05,0.120,0.122,-20.52,0,26,0,90.0,85.1,179.6,180.0,0.00,0,0.7,-0.1
44.15,fly,314.45,-214.45,0.120,1,1412.6,262.8,1.9,0.7,-0.18,0.42,180,179,-1,0.8,-1.8,-0.1,-1.8,0.00,-0.00,0.00,0.00,0.00,0.00,0.42,0.17,100,-1,0,-4,-1.7,-0.05,0.120,0.122,-21.14,0,26,0,90.7,6.9,179.9,179.3,0.00,0,0.6,-0.1
44.25,fly,312.23,-212.23,0.120,1,1412.5,262.8,1.9,0.7,-0.13,0.42,180,179,-1,0.9,-1.8,-0.1,-1.8,0.00,-0.00,0.00,0.00,0.00,0.00,0.42,0.18,100,-1,0,-4,-1.5,-0.04,0.120,0.122,-21.75,0,26,0,90.7,6.9,179.9,179.3,0.00,0,0.5,-0.0
44.35,fly,309.95,-209.95,0.120,1,1412.5,262.9,2.0,0.7,-0.09,0.42,180,179,-1,0.9,-1.7,-0.0,-1.8,-0.00,-0.01,0.00,0.00,0.00,0.00,0.42,0.13,100,-1,0,-4,-1.6,-0.04,0.120,0.122,-22.35,0,26,0,90.7,6.9,179.9,179.3,0.00,0,0.5,-0.0
44.45,fly,307.61,-207.61,0.120,1,1412.5,262.9,2.0,0.6,-0.09,0.41,180,179,-1,0.9,-1.6,0.0,-1.8,-0.00,-0.01,0.00,0.00,0.00,0.00,0.42,0.09,100,-1,0,-4,-1.7,-0.04,0.120,0.123,-22.95,0,26,0,90.7,6.9,179.9,179.3,0.00,0,0.5,-0.0
44.55,fly,305.21,-205.21,0.120,1,1412.5,263.0,2.0,0.6,-0.09,0.40,180,179,-1,0.9,-1.6,0.1,-1.8,-0.00,-0.01,0.00,0.00,0.00,0.00,0.41,0.09,100,-1,0,-3,-1.4,-0.04,0.120,0.123,-23.54,0,26,0,91.4,355.5,180.1,178.6,0.00,0,0.4,-0.0
44.65,fly,302.75,-202.75,0.120,1,1412.5,263.0,2.0,0.5,-0.09,0.40,180,179,-1,0.9,-1.6,0.1,-1.8,-0.00,-0.01,0.00,0.00,0.00,0.00,0.39,0.09,100,-1,0,-3,-1.3,-0.04,0.120,0.123,-24.12,0,26,0,91.4,355.5,180.1,178.6,0.00,0,0.3,0.0
44.75,fly,300.24,-200.24,0.120,1,1412.5,263.0,2.0,0.5,-0.09,0.40,179,179,-1,0.9,-1.6,0.1,-1.8,-0.00,-0.01,0.00,0.00,0.00,0.00,0.39,0.09,100,-1,0,-3,-1.6,-0.04,0.120,0.124,-24.70,0,26,0,91.4,355.5,180.1,178.6,0.00,0,0.4,0.0
44.85,fly,297.67,-197.67,0.120,1,1412.5,263.1,2.0,0.5,-0.09,0.37,179,179,-1,0.9,-1.6,0.1,-1.8,-0.00,-0.01,0.00,0.00,0.00,0.00,0.39,0.09,100,-1,0,-3,-1.4,-0.03,0.120,0.124,-25.27,0,26,0,91.4,355.5,180.1,178.6,0.00,0,0.3,0.1
44.95,fly,295.05,-195.05,0.120,1,1412.5,263.1,2.0,0.4,-0.09,0.37,179,178,-1,0.9,-1.6,0.2,-1.8,-0.00,-0.01,0.00,0.00,0.00,0.00,0.37,0.09,100,-1,0,-3,-1.5,-0.03,0.120,0.124,-25.83,0,26,0,91.9,353.3,180.2,178.0,0.00,0,0.2,0.1
45.05,fly,292.37,-192.37,0.120,1,1412.5,263.2,2.0,0.4,-0.09,0.37,179,178,-1,0.9,-1.6,0.2,-1.8,-0.00,-0.01,0.00,0.00,0.00,0.00,0.37,0.09,100,-1,0,-3,-1.4,-0.03,0.120,0.125,-26.39,0,26,0,91.9,353.3,180.2,178.0,0.00,0,0.2,0.1
45.15,fly,289.63,-189.63,0.120,1,1412.5,263.2,2.0,0.3,-0.09,0.35,179,178,-1,0.9,-1.6,0.2,-1.8,-0.00,-0.01,0.00,0.00,0.00,0.00,0.37,0.10,100,-1,0,-3,-1.3,-0.02,0.120,0.125,-26.94,0,26,0,91.9,353.3,180.2,178.0,0.00,0,0.1,0.1
45.25,fly,286.85,-186.85,0.120,1,1412.5,263.2,2.0,0.3,-0.09,0.35,179,178,-1,0.9,-1.6,0.2,-1.8,-0.00,-0.01,0.00,0.00,0.00,0.00,0.35,0.10,100,-1,0,-2,-1.2,-0.02,0.120,0.125,-27.48,0,26,0,91.9,353.3,180.2,178.0,0.00,0,0.1,0.1
45.35,fly,284.00,-184.00,0.120,1,1412.4,263.3,2.0,0.3,-0.09,0.35,179,178,-1,0.9,-1.6,0.2,-1.8,-0.00,-0.01,0.00,0.00,0.00,0.00,0.35,0.10,100,-1,0,-2,-1.0,-0.02,0.120,0.126,-28.02,0,26,0,92.4,353.4,180.3,177.6,0.00,0,0.0,0.1
45.45,fly,281.11,-181.11,0.120,1,1412.4,263.3,2.1,0.2,-0.09,0.33,178,178,-1,0.9,-1.7,0.2,-1.9,-0.00,-0.01,0.00,0.00,0.00,0.00,0.35,0.10,100,-1,0,-2,-1.2,-0.02,0.120,0.126,-28.55,0,26,0,92.4,353.4,180.3,177.6,0.00,0,0.0,0.2
45.55,fly,278.16,-178.16,0.120,1,1412.4,263.3,2.1,0.2,-0.09,0.33,178,178,-1,0.9,-1.7,0.2,-1.9,-0.00,-0.01,0.00,0.00,0.00,0.00,0.33,0.10,100,-1,0,-2,-1.3,-0.02,0.120,0.126,-29.08,0,26,0,92.4,353.4,180.3,177.6,0.00,0,-0.0,0.2
45.65,fly,275.16,-175.16,0.120,1,1412.4,263.4,2.1,0.2,-0.09,0.33,178,178,-1,0.9,-1.7,0.2,-1.9,-0.01,-0.01,0.00,0.00,0.00,0.00,0.33,0.10,100,-1,0,-2,-1.4,-0.01,0.120,0.127,-29.60,0,26,0,92.4,353.4,180.3,177.6,0.00,0,-0.1,0.3
45.75,fly,272.11,-172.11,0.120,1,1412.4,263.4,2.1,0.1,-0.09,0.32,178,177,-1,0.9,-1.7,0.2,-1.9,-0.01,-0.01,0.00,0.00,0.00,0.00,0.33,0.10,100,-1,0,-2,-1.3,-0.01,0.120,0.127,-30.12,0,26,0,92.8,354.6,180.3,177.2,0.00,0,-0.2,0.3
45.85,fly,269.01,-169.01,0.120,1,1412.4,263.4,2.1,0.1,-0.09,0.31,178,177,-1,0.9,-1.7,0.2,-1.9,-0.01,-0.01,0.00,0.00,0.00,0.00,0.32,0.10,100,-1,0,-2,-1.0,-0.01,0.120,0.128,-30.63,0,26,0,92.8,354.6,180.3,177.2,0.00,0,-0.2,0.3
45.95,fly,265.86,-165.86,0.120,1,1412.4,263.5,2.1,0.1,-0.09,0.31,178,177,-1,0.9,-1.7,0.1,-2.0,-0.01,-0.01,0.00,0.00,0.00,0.00,0.30,0.10,100,-1,0,-2,-0.7,-0.01,0.120,0.128,-31.13,0,26,0,92.8,354.6,180.3,177.2,0.00,0,-0.2,0.2
46.05,fly,262.66,-162.66,0.120,1,1412.4,263.5,2.1,0.0,-0.09,0.31,178,177,-1,0.9,-1.7,0.1,-2.0,-0.01,-0.02,0.00,0.00,0.00,0.00,0.30,0.10,100,-1,0,-1,0.0,-0.02,0.120,0.129,-31.63,0,26,0,92.8,354.6,180.3,177.2,0.00,0,0.0,0.0
46.15,fly,259.42,-159.42,0.120,1,1412.4,263.5,2.1,0.0,-0.09,0.29,178,177,-1,0.9,-1.7,0.1,-2.0,-0.01,-0.02,0.00,0.00,0.00,0.00,0.30,0.10,100,-1,0,-1,-0.7,-0.03,0.120,0.130,-32.13,0,26,0,93.2,356.5,180.2,176.8,0.00,0,-0.2,0.3
46.25,fly,256.12,-156.12,0.120,1,1412.4,263.5,2.1,-0.0,-0.09,0.29,177,177,-1,0.8,-1.7,0.0,-2.1,-0.01,-0.02,0.00,0.00,0.00,0.00,0.28,0.10,100,-1,0,-1,-0.8,-0.01,0.120,0.130,-32.62,0,26,0,93.2,356.5,180.2,176.8,0.00,0,-0.3,0.3
46.35,fly,252.77,-152.77,0.120,1,1412.4,263.6,2.1,-0.0,-0.09,0.29,177,177,-1,0.9,-1.7,0.0,-2.1,-0.01,-0.02,0.00,0.00,0.00,0.00,0.28,0.10,100,-1,0,-1,-0.6,-0.01,0.120,0.131,-33.10,0,26,0,93.2,356.5,180.2,176.8,0.00,0,-0.3,0.3
46.45,fly,249.38,-149.38,0.120,1,1412.3,263.6,2.1,-0.1,-0.09,0.29,177,177,-1,0.9,-1.8,-0.0,-2.1,-0.01,-0.02,0.00,0.00,0.00,0.00,0.28,0.10,100,-1,0,-1,-0.5,-0.01,0.120,0.132,-33.58,0,26,0,93.2,356.5,180.2,176.8,0.00,0,-0.3,0.3
46.55,fly,245.94,-145.94,0.120,1,1412.3,263.6,2.2,-0.1,-0.09,0.26,177,177,-1,0.9,-1.8,-0.1,-2.2,-0.01,-0.02,0.00,0.00,0.00,0.00,0.28,0.10,100,-1,0,-1,-0.8,-0.01,0.120,0.132,-34.05,0,26,0,93.5,359.0,180.1,176.5,0.00,0,-0.5,0.5
46.65,fly,242.45,-142.45,0.120,1,1412.3,263.7,2.2,-0.1,-0.09,0.26,177,177,-1,0.8,-1.8,-0.1,-2.2,-0.01,-0.02,0.00,0.00,0.00,0.00,0.26,0.10,100,-1,0,-1,-0.7,-0.00,0.120,0.133,-34.52,0,26,0,93.5,359.0,180.1,176.5,0.00,0,-0.5,0.5
46.75,fly,238.92,-138.92,0.120,1,1412.3,263.7,2.2,-0.2,-0.09,0.26,177,177,-1,0.9,-1.8,-0.2,-2.2,-0.01,-0.02,0.00,0.00,0.00,0.00,0.26,0.10,100,-1,0,-1,-0.7,-0.00,0.120,0.134,-34.99,0,26,0,93.5,359.0,180.1,176.5,0.00,0,-0.6,0.5
46.85,fly,235.34,-135.34,0.120,1,1412.3,263.7,2.2,-0.2,-0.09,0.26,177,177,-1,0.9,-1.8,-0.2,-2.3,-0.01,-0.02,0.00,0.00,0.00,0.00,0.26,0.10,100,-1,0,-1,-0.7,0.00,0.120,0.135,-35.45,0,26,0,93.5,359.0,180.1,176.5,0.00,0,-0.6,0.5
46.95,fly,231.72,-131.72,0.120,1,1412.3,263.7,2.2,-0.2,-0.09,0.24,177,176,-1,0.9,-1.8,-0.3,-2.3,-0.01,-0.03,0.00,0.00,0.00,0.00,0.26,0.10,100,-1,0,-1,-0.5,0.00,0.120,0.135,-35.90,0,26,0,93.7,2.1,179.9,176.3,0.00,0,-0.6,0.5
47.05,fly,228.06,-128.06,0.120,1,1412.3,263.8,2.2,-0.2,-0.09,0.24,177,176,-1,0.8,-1.8,-0.3,-2.3,-0.01,-0.02,0.00,0.00,0.00,0.00,0.24,0.10,100,-1,0,-1,-0.6,0.00,0.120,0.131,-36.35,0,26,0,93.7,2.1,179.9,176.3,0.00,0,-0.1,-0.0
47.15,fly,224.36,-124.36,0.120,1,1412.3,263.8,2.2,-0.3,-0.09,0.24,177,176,-1,0.8,-1.8,-0.3,-2.3,0.00,-0.01,0.00,0.00,0.00,0.00,0.24,0.10,100,-1,0,-0,-0.1,0.00,0.120,0.126,-36.73,0,26,0,93.7,2.1,179.9,176.3,0.00,0,0.1,-0.1
47.25,fly,220.61,-120.61,0.120,1,1412.3,263.8,2.2,-0.3,-0.09,0.23,177,176,-1,0.9,-1.8,-0.3,-2.2,0.00,-0.01,0.00,0.00,0.00,0.00,0.24,0.10,100,-1,0,-0,-0.5,-0.01,0.120,0.126,-37.10,0,26,0,93.7,2.1,179.9,176.3,0.00,0,0.4,-0.6
47.35,fly,216.83,-116.83,0.120,1,1412.3,263.8,2.2,-0.3,-0.09,0.22,177,176,-1,0.8,-1.8,-0.2,-2.2,0.00,-0.01,0.00,0.00,0.00,0.00,0.22,0.10,100,-1,0,-0,0.0,0.00,0.120,0.126,-37.52,0,26,0,93.9,1.0,179.9,176.1,0.00,0,0.0,0.0
47.45,fly,213.00,-113.00,0.120,1,1412.3,263.8,2.2,-0.3,-0.09,0.22,176,176,-1,0.8,-1.8,-0.2,-2.1,0.00,-0.01,0.00,0.00,0.00,0.00,0.21,0.10,100,-1,0,-0,-0.3,-0.01,0.120,0.126,-37.95,0,26,0,93.9,1.0,179.9,176.1,0.00,0,0.2,-0.4
47.55,fly,209.13,-109.13,0.120,1,1412.3,263.9,2.2,-0.3,-0.09,0.22,176,176,-1,0.8,-1.9,-0.2,-2.1,0.00,-0.01,0.00,0.00,0.00,0.00,0.21,0.10,100,-1,0,-0,-0.5,0.00,0.120,0.126,-38.38,0,26,0,93.9,1.0,179.9,176.1,0.00,0,0.3,-0.5
47.65,fly,205.22,-105.22,0.120,1,1412.2,263.9,2.2,-0.4,-0.09,0.22,176,176,-1,0.8,-1.9,-0.1,-2.0,0.00,-0.01,0.00,0.00,0.00,0.00,0.21,0.10,100,-1,0,-0,-0.5,0.01,0.120,0.127,-38.80,0,26,0,93.9,1.0,179.9,176.1,0.00,0,0.2,-0.5
47.75,fly,201.26,-101.26,0.120,1,1412.2,263.9,2.3,-0.4,-0.09,0.20,176,176,-1,0.9,-1.9,-0.1,-2.0,0.00,-0.01,0.00,0.00,0.00,0.00,0.21,0.10,100,-1,0,-0,-0.4,0.01,0.120,0.127,-39.21,0,26,0,94.1,359.8,180.0,175.9,0.00,0,0.1,-0.4
47.85,fly,197.27,-97.27,0.120,1,1412.2,263.9,2.3,-0.4,-0.18,0.20,176,176,-1,0.8,-1.9,-0.1,-2.0,0.00,-0.01,0.00,0.00,0.00,0.00,0.19,0.10,100,-1,0,-0,-0.4,0.01,0.120,0.127,-39.63,0,26,0,94.1,359.8,180.0,175.9,0.00,0,0.1,-0.4
47.95,fly,193.24,-93.24,0.120,1,1412.2,263.9,2.3,-0.4,-0.18,0.20,176,176,-1,0.8,-2.2,-0.1,-1.9,0.01,-0.01,0.00,0.00,0.00,0.00,0.19,0.19,100,-1,0,0,-0.4,0.01,0.120,0.128,-40.03,0,26,0,94.1,359.8,180.0,175.9,0.00,0,0.1,-0.4
48.05,fly,189.16,-89.16,0.139,1,1412.2,264.0,2.3,-0.4,-0.18,0.20,176,176,-1,0.8,-2.2,-0.1,-1.9,0.01,-0.02,0.00,0.00,0.00,0.00,0.19,0.19,100,-1,0,0,-0.2,0.01,0.139,0.148,-40.43,0,26,0,94.1,359.8,180.0,175.9,0.00,0,0.0,-0.2
48.15,fly,185.05,-85.05,0.207,1,1412.2,264.0,2.3,-0.5,-0.18,0.19,176,176,-1,0.8,-2.2,-0.1,-1.9,0.01,-0.02,0.00,0.00,0.00,0.00,0.19,0.19,100,-1,0,0,-0.5,0.01,0.207,0.216,-40.83,0,26,0,94.2,359.6,180.0,175.8,0.00,0,-0.0,-0.4
48.25,fly,180.91,-80.91,0.280,1,1412.1,264.0,2.3,-0.5,-0.18,0.18,176,176,-1,0.8,-2.2,-0.1,-1.9,0.00,-0.01,0.00,0.00,0.00,0.00,0.17,0.19,100,-1,0,0,0.0,0.01,0.280,0.285,-41.22,0,26,0,94.2,359.6,180.0,175.8,0.00,0,0.0,0.0
48.35,fly,176.78,-76.78,0.346,1,1412.1,264.0,2.4,-0.5,-0.18,0.18,176,176,-1,0.8,-2.2,-0.0,-2.0,-0.01,-0.00,0.00,0.00,0.00,0.00,0.16,0.19,100,-1,0,0,-0.3,0.00,0.346,0.351,-41.42,0,26,0,94.2,359.6,180.0,175.8,0.00,0,0.9,1.0
48.45,fly,172.68,-72.68,0.401,1,1412.1,264.0,2.4,-0.5,-0.09,0.18,176,176,-1,0.8,-2.2,0.1,-2.1,-0.01,-0.00,0.00,0.00,0.00,0.00,0.16,0.19,100,-1,0,0,-0.3,0.01,0.401,0.408,-41.33,0,26,0,94.2,359.6,180.0,175.8,0.00,0,0.8,1.1
48.55,fly,168.64,-68.64,0.441,1,1412.1,264.1,2.4,-0.5,-0.09,0.15,176,176,-1,0.8,-2.0,0.1,-2.2,-0.02,-0.00,0.00,0.00,0.00,0.00,0.17,0.10,100,-1,0,0,-0.2,0.01,0.441,0.450,-40.89,0,26,0,94.3,356.1,180.3,175.6,0.00,0,0.5,1.0
48.65,fly,164.70,-64.70,0.466,1,1412.1,264.1,2.4,-0.6,-0.09,0.15,176,176,-1,0.7,-2.0,0.2,-2.2,-0.01,-0.01,0.00,0.00,0.00,0.00,0.15,0.10,100,-1,0,0,-0.4,0.01,0.466,0.473,-40.16,0,26,0,94.3,356.1,180.3,175.6,0.00,0,0.5,0.2
48.75,fly,160.85,-60.85,0.485,1,1412.1,264.1,2.4,-0.6,0.00,0.14,176,176,-1,0.8,-2.0,0.2,-2.2,-0.00,-0.01,0.00,0.00,0.00,0.00,0.15,0.10,100,-1,0,0,0.0,0.01,0.485,0.490,-39.27,0,26,0,94.3,356.1,180.3,175.6,0.00,0,0.0,0.0
48.85,fly,157.11,-57.11,0.497,1,1412.1,264.1,2.4,-0.6,0.00,0.13,176,176,-1,0.8,-1.7,0.2,-2.2,0.00,-0.01,0.00,0.00,0.00,0.00,0.14,0.01,100,-1,0,0,0.0,0.01,0.497,0.503,-38.24,0,26,0,94.3,356.1,180.3,175.6,0.00,0,0.0,0.0
48.95,fly,153.50,-53.50,0.502,1,1412.1,264.1,2.4,-0.6,0.09,0.12,176,176,-1,0.7,-1.7,0.2,-2.1,0.01,-0.02,0.00,0.00,0.00,0.00,0.13,0.01,100,-1,0,0,-0.2,0.01,0.502,0.512,-37.07,0,26,0,94.5,355.9,180.3,175.5,0.00,0,-0.3,-0.6
49.05,fly,150.02,-50.02,0.499,1,1412.1,264.1,2.4,-0.6,0.13,0.11,176,176,-1,0.7,-1.5,0.1,-2.0,0.01,-0.02,0.00,0.00,0.00,0.00,0.13,-0.08,100,-1,0,0,-0.3,0.01,0.499,0.510,-35.78,0,26,0,94.5,355.9,180.3,175.5,0.00,0,-0.7,-0.9
49.15,fly,146.66,-46.66,0.496,1,1412.1,264.1,2.4,-0.6,0.18,0.11,176,176,-1,0.7,-1.3,0.0,-1.9,0.00,-0.03,0.00,0.00,0.00,0.00,0.12,-0.12,100,-1,0,0,-0.3,0.02,0.496,0.507,-34.47,0,26,0,94.5,355.9,180.3,175.5,0.00,0,-0.9,-0.7
49.25,fly,143.44,-43.44,0.492,1,1412.2,264.1,2.4,-0.6,0.26,0.09,176,176,-1,0.7,-1.2,-0.1,-1.9,0.00,-0.03,0.00,0.00,0.00,0.00,0.12,-0.17,100,-1,0,1,-0.3,0.02,0.492,0.505,-33.18,0,26,0,94.5,355.9,180.3,175.5,0.00,0,-1.4,-0.7
49.35,fly,140.34,-40.34,0.489,1,1412.2,264.2,2.3,-0.6,0.26,0.09,176,175,-1,0.7,-0.9,-0.2,-1.8,-0.00,-0.04,0.00,0.00,0.00,0.00,0.11,-0.26,100,-1,0,1,-0.2,0.02,0.489,0.505,-31.91,0,26,0,94.6,0.9,179.9,175.4,0.00,0,-1.0,-0.3
49.45,fly,137.37,-37.37,0.486,1,1412.2,264.2,2.3,-0.7,0.31,0.10,176,175,-1,0.7,-0.9,-0.4,-1.8,-0.00,-0.04,0.00,0.00,0.00,0.00,0.11,-0.26,100,-1,0,1,0.0,0.02,0.486,0.503,-30.64,0,26,0,94.6,0.9,179.9,175.4,0.00,0,-1.3,-0.3
49.55,fly,134.53,-34.53,0.482,1,1412.2,264.2,2.3,-0.7,0.35,0.12,176,175,-1,0.7,-0.7,-0.5,-1.8,-0.01,-0.04,0.00,0.00,0.00,0.00,0.12,-0.30,100,-1,0,1,0.5,0.01,0.482,0.500,-29.39,0,26,0,94.6,0.9,179.9,175.4,0.00,0,-1.1,-0.2
49.65,fly,131.81,-31.81,0.479,1,1412.3,264.2,2.3,-0.7,0.35,0.15,176,175,-1,0.8,-0.6,-0.6,-1.8,-0.01,-0.03,0.00,0.00,0.00,0.00,0.15,-0.34,100,-1,0,1,1.2,0.00,0.479,0.497,-28.15,0,26,0,94.6,0.9,179.9,175.4,0.00,0,-0.7,-0.1
49.75,fly,129.20,-29.20,0.476,1,1412.3,264.2,2.2,-0.7,0.44,0.20,176,176,-1,0.9,-0.6,-0.5,-1.7,-0.01,-0.02,0.00,0.00,0.00,0.00,0.18,-0.34,100,-1,0,1,1.9,-0.01,0.476,0.487,-26.92,0,26,0,94.3,5.5,179.6,175.7,0.00,0,0.3,-0.5
49.85,fly,126.71,-26.71,0.476,1,1412.4,264.2,2.2,-0.7,0.44,0.23,176,176,-1,1.1,-0.3,-0.4,-1.6,-0.00,-0.00,0.00,0.00,0.00,0.00,0.23,-0.42,100,-1,0,1,2.6,-0.03,0.476,0.479,-25.77,0,26,0,94.3,5.5,179.6,175.7,0.00,0,1.5,-1.0
49.95,fly,124.32,-24.32,0.478,1,1412.4,264.3,2.1,-0.7,0.53,0.26,176,176,-1,1.2,-0.3,-0.2,-1.5,0.01,0.01,0.00,0.00,0.00,0.00,0.26,-0.42,100,-1,0,1,3.0,-0.04,0.478,0.485,-24.64,0,26,0,94.3,5.5,179.6,175.7,0.00,0,2.4,-1.4
50.05,fly,122.06,-22.06,0.479,1,1412.5,264.3,2.1,-0.8,0.53,0.26,176,176,-1,1.4,-0.0,0.1,-1.4,0.01,0.02,0.00,0.00,0.00,0.00,0.30,-0.51,100,-1,0,1,3.1,-0.05,0.480,0.489,-23.52,0,26,0,94.3,5.5,179.6,175.7,0.00,0,2.6,-1.4
50.15,fly,119.91,-19.91,0.478,1,1412.5,264.3,2.0,-0.8,0.53,0.26,176,177,-1,1.4,0.0,0.3,-1.2,0.01,0.02,0.00,0.00,0.00,0.00,0.30,-0.51,100,-1,0,0,3.2,-0.06,0.478,0.489,-22.35,0,26,0,93.1,352.5,180.4,176.9,0.00,0,2.5,-1.2
50.25,fly,117.87,-17.87,0.476,1,1412.6,264.3,2.0,-0.8,0.53,0.24,176,177,-1,1.4,0.1,0.6,-1.1,0.00,0.02,0.00,0.00,0.00,0.00,0.30,-0.51,100,-1,0,0,2.9,-0.06,0.477,0.486,-21.18,0,26,0,93.1,352.5,180.4,176.9,0.00,0,2.2,-1.2
50.35,fly,115.96,-15.96,0.475,1,1412.6,264.4,1.9,-0.8,0.62,0.20,176,177,-1,1.3,0.1,0.8,-1.0,0.00,0.01,0.00,0.00,0.00,0.00,0.28,-0.51,100,-1,0,0,2.2,-0.06,0.475,0.481,-20.02,0,26,0,93.1,352.5,180.4,176.9,0.00,0,1.5,-1.0
50.45,fly,114.15,-14.15,0.474,1,1412.7,264.4,1.9,-0.9,0.62,0.14,176,177,-1,1.3,0.4,0.8,-0.9,-0.00,0.00,0.00,0.00,0.00,0.00,0.24,-0.60,100,-1,0,-0,1.4,-0.05,0.474,0.475,-18.88,0,26,0,93.1,352.5,180.4,176.9,0.00,0,0.6,-0.9
50.55,fly,112.46,-12.46,0.473,1,1412.8,264.4,1.8,-0.9,0.62,0.10,176,178,-1,1.1,0.5,0.9,-0.8,-0.00,-0.01,0.00,0.00,0.00,0.00,0.18,-0.61,100,-1,0,-0,0.8,-0.03,0.473,0.478,-17.74,0,26,0,92.3,338.8,180.9,177.7,0.00,0,-0.1,-0.7
50.65,fly,110.88,-10.88,0.472,1,1412.8,264.4,1.7,-0.9,0.62,0.05,177,178,-1,1.0,0.5,0.8,-0.8,-0.00,-0.02,0.00,0.00,0.00,0.00,0.13,-0.61,100,-1,0,-0,0.5,-0.02,0.472,0.481,-16.62,0,26,0,92.3,338.8,180.9,177.7,0.00,0,-0.7,-0.8
50.75,fly,109.41,-9.41,0.472,1,1412.9,264.4,1.7,-0.9,0.62,0.02,177,178,-1,0.8,0.6,0.7,-0.7,-0.01,-0.02,0.00,0.00,0.00,0.00,0.09,-0.61,100,-1,0,-1,0.2,-0.02,0.472,0.484,-15.51,0,26,0,92.3,338.8,180.9,177.7,0.00,0,-1.3,-0.7
50.85,fly,108.05,-8.05,0.504,1,1412.9,264.4,1.6,-0.9,0.62,0.00,177,178,-1,0.8,0.6,0.6,-0.6,-0.00,-0.03,0.00,0.00,0.00,0.00,0.05,-0.61,100,-1,0,-1,0.0,-0.02,0.504,0.515,-14.41,0,26,0,92.3,338.8,180.9,177.7,0.00,0,-0.9,-1.0
50.95,fly,106.78,-6.78,0.555,1,1413.0,264.4,1.6,-0.9,0.62,-0.02,177,178,-1,0.7,0.6,0.6,-0.5,0.00,-0.02,0.00,0.00,0.00,0.00,0.03,-0.61,100,-1,0,-1,-0.1,-0.02,0.555,0.562,-13.39,0,26,0,92.2,345.3,180.6,177.8,0.00,0,-0.2,-1.0
51.05,fly,105.61,-5.61,0.603,1,1413.1,264.4,1.5,-0.9,0.62,-0.04,177,178,-1,0.6,0.7,0.5,-0.4,0.00,-0.01,0.00,0.00,0.00,0.00,0.01,-0.62,100,-1,0,-1,-0.1,-0.02,0.603,0.609,-12.45,0,26,0,92.2,345.3,180.6,177.8,0.00,0,-0.4,-1.0
51.15,fly,104.57,-4.57,0.638,1,1413.1,264.4,1.4,-0.9,0.62,-0.07,177,178,-1,0.6,0.7,0.5,-0.3,-0.00,-0.02,0.00,0.00,0.00,0.00,-0.01,-0.62,100,-1,0,-1,-0.2,-0.02,0.638,0.646,-11.40,0,26,0,92.2,345.3,180.6,177.8,0.00,0,-0.8,-0.9
51.25,fly,103.66,-3.66,0.650,1,1413.2,264.4,1.4,-0.9,0.62,-0.09,177,178,-1,0.5,0.8,0.5,-0.2,-0.00,-0.01,0.00,0.00,0.00,0.00,-0.04,-0.62,100,-1,0,-1,0.0,-0.02,0.650,0.655,-10.09,0,26,0,92.2,345.3,180.6,177.8,0.00,0,0.0,0.0
51.35,fly,102.92,-2.92,0.641,1,1413.2,264.4,1.3,-0.9,0.53,-0.11,177,178,-1,0.4,0.8,0.5,-0.2,-0.00,-0.01,0.00,0.00,0.00,0.00,-0.06,-0.62,100,-1,0,-1,0.0,-0.02,0.641,0.647,-8.63,0,26,0,92.3,348.6,180.5,177.7,0.00,0,0.0,0.0
51.45,fly,102.33,-2.33,0.612,1,1413.3,264.3,1.3,-0.9,0.53,-0.11,177,178,-1,0.3,0.6,0.4,-0.1,-0.00,-0.01,0.00,0.00,0.00,0.00,-0.09,-0.53,100,-1,0,-1,-0.2,-0.02,0.612,0.619,-7.04,0,26,0,92.3,348.6,180.5,177.7,0.00,0,-0.6,-0.5
51.55,fly,101.91,-1.91,0.570,1,1413.3,264.3,1.2,-0.8,0.53,-0.13,177,178,-1,0.3,0.6,0.3,-0.1,-0.01,-0.02,0.00,0.00,0.00,0.00,-0.09,-0.53,100,-1,0,-1,-0.1,-0.02,0.570,0.580,-5.45,0,26,0,92.3,348.6,180.5,177.7,0.00,0,-0.8,-0.3
51.65,fly,101.64,-1.64,0.515,1,1413.4,264.3,1.2,-0.8,0.53,-0.13,178,178,-1,0.3,0.7,0.2,-0.1,-0.01,-0.02,0.00,0.00,0.00,0.00,-0.11,-0.53,100,-1,0,-1,-0.1,-0.02,0.515,0.527,-3.87,0,26,0,92.3,348.6,180.5,177.7,0.00,0,-1.1,-0.2
51.75,fly,101.50,-1.50,0.447,1,1413.5,264.3,1.1,-0.8,0.53,-0.15,178,178,-1,0.2,0.7,0.1,-0.1,-0.01,-0.03,0.00,0.00,0.00,0.00,-0.11,-0.53,100,-1,0,-1,-0.1,-0.02,0.447,0.462,-2.32,0,26,0,92.3,357.4,180.1,177.7,0.00,0,-1.4,-0.1
51.85,fly,101.47,-1.47,0.382,1,1413.5,264.3,1.0,-0.8,0.53,-0.14,178,178,-1,0.2,0.7,-0.1,-0.1,-0.01,-0.03,0.00,0.00,0.00,0.00,-0.13,-0.53,100,-1,0,-1,-0.1,-0.02,0.382,0.400,-1.03,0,26,0,92.3,357.4,180.1,177.7,0.00,0,-1.6,-0.0
51.95,fly,101.52,-1.52,0.325,1,1413.6,264.3,1.0,-0.8,0.53,-0.13,178,178,-1,0.2,0.8,-0.2,-0.1,-0.01,-0.04,0.00,0.00,0.00,0.00,-0.12,-0.53,100,-1,0,-1,-0.3,-0.02,0.325,0.345,-0.04,0,26,0,92.3,357.4,180.1,177.7,0.00,0,-1.6,0.0
52.05,fly,101.62,-1.62,0.277,1,1413.6,264.3,0.9,-0.8,0.44,-0.11,178,178,-1,0.2,0.8,-0.3,-0.0,-0.01,-0.03,0.00,0.00,0.00,0.00,-0.11,-0.53,100,-1,0,-1,-0.6,-0.02,0.277,0.293,0.64,0,26,0,92.3,357.4,180.1,177.7,0.00,0,-0.9,-0.4
52.15,fly,101.74,-1.74,0.238,1,1413.7,264.3,0.9,-0.8,0.44,-0.08,178,177,-1,0.3,0.6,-0.3,0.0,-0.00,-0.01,0.00,0.00,0.00,0.00,-0.09,-0.44,100,-1,0,-1,-0.8,-0.01,0.238,0.245,1.09,0,26,0,92.5,7.3,179.7,177.5,0.00,0,0.3,-0.3
52.25,fly,101.88,-1.88,0.209,1,1413.7,264.3,0.8,-0.8,0.44,-0.04,178,177,-1,0.4,0.6,-0.2,0.1,0.00,0.00,0.00,0.00,0.00,0.00,-0.06,-0.44,100,-1,0,-1,-1.5,-0.01,0.209,0.211,1.31,0,26,0,92.5,7.3,179.7,177.5,0.00,0,1.4,-0.9
52.35,fly,101.99,-1.99,0.191,1,1413.7,264.2,0.8,-0.8,0.44,-0.04,178,177,-1,0.5,0.6,-0.1,0.2,0.01,0.01,0.00,0.00,0.00,0.00,-0.03,-0.44,100,-1,0,-1,-1.5,0.00,0.191,0.197,1.32,0,26,0,92.5,7.3,179.7,177.5,0.00,0,1.5,-0.9
52.45,fly,102.08,-2.08,0.186,1,1413.8,264.2,0.8,-0.7,0.44,-0.02,178,177,-1,0.5,0.6,0.1,0.3,0.01,0.01,0.00,0.00,0.00,0.00,-0.02,-0.44,100,-1,0,-1,-1.6,0.00,0.186,0.193,1.11,0,26,0,92.5,7.3,179.7,177.5,0.00,0,1.6,-0.9
52.55,fly,102.13,-2.13,0.186,1,1413.8,264.2,0.7,-0.7,0.44,-0.02,177,177,-1,0.5,0.7,0.2,0.4,0.01,0.01,0.00,0.00,0.00,0.00,-0.00,-0.44,100,-1,0,-1,-1.5,0.01,0.186,0.193,0.87,0,26,0,93.1,355.9,180.2,176.9,0.00,0,1.5,-0.8
52.65,fly,102.13,-2.13,0.204,1,1413.9,264.2,0.7,-0.7,0.35,-0.02,177,177,-1,0.5,0.7,0.4,0.4,0.01,0.01,0.00,0.00,0.00,0.00,-0.00,-0.44,100,-1,0,-1,-1.5,0.01,0.204,0.211,0.39,0,26,0,93.1,355.9,180.2,176.9,0.00,0,1.5,-0.8
52.75,fly,102.08,-2.08,0.228,1,1413.9,264.2,0.6,-0.7,0.35,-0.02,177,177,-1,0.5,0.4,0.5,0.5,0.01,0.01,0.00,0.00,0.00,0.00,-0.01,-0.35,100,-1,0,-1,-1.3,0.01,0.228,0.236,-0.13,0,26,0,93.1,355.9,180.2,176.9,0.00,0,1.3,-0.7
52.85,fly,101.99,-1.99,0.255,1,1413.9,264.2,0.6,-0.7,0.35,-0.02,177,177,-1,0.5,0.5,0.6,0.5,0.00,0.01,0.00,0.00,0.00,0.00,-0.00,-0.35,100,-1,0,-1,-1.4,0.01,0.255,0.259,-0.65,0,26,0,93.1,355.9,180.2,176.9,0.00,0,0.9,-0.2
52.95,fly,101.87,-1.87,0.276,1,1414.0,264.2,0.6,-0.7,0.35,-0.04,177,176,-1,0.5,0.5,0.7,0.5,-0.00,0.00,0.00,0.00,0.00,0.00,-0.00,-0.35,100,-1,0,-1,-1.2,0.01,0.276,0.278,-0.96,0,26,0,93.7,349.6,180.7,176.3,0.00,0,0.7,-0.1
53.05,fly,101.74,-1.74,0.294,1,1414.0,264.2,0.5,-0.7,0.35,-0.04,177,176,-1,0.5,0.5,0.8,0.6,-0.00,0.00,0.00,0.00,0.00,0.00,-0.03,-0.35,100,-1,0,-1,-1.0,0.01,0.294,0.297,-1.19,0,26,0,93.7,349.6,180.7,176.3,0.00,0,0.5,-0.0
53.15,fly,101.60,-1.60,0.313,1,1414.0,264.2,0.5,-0.7,0.26,-0.07,177,176,-1,0.5,0.5,0.8,0.6,-0.00,0.00,0.00,0.00,0.00,0.00,-0.02,-0.35,100,-1,0,-1,-0.9,0.01,0.313,0.315,-1.40,0,26,0,93.7,349.6,180.7,176.3,0.00,0,0.3,0.0
53.20,climb,101.51,248.49,0.446,1,1414.1,264.2,478.5,101.3,0.26,-0.07,177,176,-1,0.0,0.0,0.8,0.5,0.01,0.01,0.00,0.00,0.00,0.00,-0.05,-0.27,100,-1,0,-2,-1.0,-0.01,0.446,0.452,-1.35,0,26,0,93.9,348.6,180.8,176.1,0.00,0,0.3,0.1
53.30,climb,101.41,248.59,0.710,1,1414.1,264.2,478.4,101.3,0.26,-0.09,177,176,-1,0.0,0.0,0.9,0.5,0.00,0.01,0.00,0.00,0.00,0.00,-0.05,-0.27,100,-1,0,-4,-1.2,-0.07,0.710,0.717,-1.27,0,26,0,93.9,348.6,180.8,176.1,0.00,0,0.1,0.2
53.40,climb,101.33,248.67,0.972,1,1414.1,264.2,478.4,101.3,0.22,-0.12,177,176,-1,0.0,0.0,0.9,0.5,0.00,0.01,0.00,0.00,0.00,0.00,-0.07,-0.27,100,-1,0,-7,-1.2,-0.12,0.973,0.978,-0.98,0,26,0,93.9,348.6,180.8,176.1,0.00,0,-0.4,0.2
53.50,climb,101.39,248.61,1.000,1,1414.1,264.2,478.4,101.3,0.22,-0.12,176,176,-1,0.0,0.0,0.8,0.5,0.00,0.00,0.00,0.00,0.00,0.00,-0.11,-0.23,100,-1,1,-10,-1.2,-0.18,1.000,1.000,0.12,0,26,0,93.9,348.6,180.8,176.1,0.00,0,-0.4,0.2
53.60,climb,101.70,248.30,1.000,1,1414.1,264.2,478.4,101.3,0.13,-0.24,176,176,-1,0.0,0.0,0.7,0.5,-0.00,-0.01,0.00,0.00,0.00,0.00,-0.18,-0.19,100,-1,1,-13,-5.3,-0.22,1.000,1.000,2.36,0,26,0,94.5,351.9,180.6,175.5,0.00,0,-2.1,0.4
53.70,climb,102.32,247.68,1.000,1,1414.1,264.2,478.4,101.3,0.13,-0.24,176,176,-1,0.0,0.0,0.4,0.4,-0.00,-0.03,0.00,0.00,0.00,0.00,-0.23,-0.15,100,-1,1,-16,-5.3,-0.21,1.000,1.000,5.41,0,26,0,94.5,351.9,180.6,175.5,0.00,0,-2.1,0.4
53.80,climb,103.26,246.74,1.000,1,1414.2,264.1,478.4,101.4,0.09,-0.29,176,176,-1,0.0,0.0,0.1,0.3,-0.01,-0.04,0.00,0.00,0.00,0.00,-0.28,-0.11,100,-1,1,-19,-16.1,-0.17,1.000,1.000,8.60,0,26,0,94.5,351.9,180.6,175.5,0.00,0,-3.4,0.8
53.90,climb,104.52,245.48,1.000,1,1414.2,264.1,478.3,101.4,0.09,-0.29,176,176,-1,0.0,0.0,-0.2,0.3,-0.01,-0.05,0.00,0.00,0.00,0.00,-0.28,-0.11,100,-1,1,-22,-16.1,-0.11,1.000,1.000,11.77,0,26,0,94.5,351.9,180.6,175.5,0.00,0,-3.4,0.8
54.00,climb,106.09,243.91,1.000,1,1414.2,264.1,478.3,101.4,0.04,-0.12,175,169,-1,0.0,0.0,-0.5,0.2,-0.01,-0.04,0.00,0.00,0.00,0.00,-0.23,-0.02,100,-1,1,-24,-28.5,-0.02,1.000,1.000,14.89,0,26,0,100.5,2.7,179.5,169.5,0.00,0,-1.8,0.9
54.10,climb,107.96,242.04,1.000,1,1414.2,264.1,478.3,101.4,0.04,-0.12,174,169,-1,0.0,0.0,-0.6,0.1,-0.01,-0.03,0.00,0.00,0.00,0.00,-0.12,-0.06,100,-1,1,-26,-28.5,0.05,1.000,1.000,17.99,0,26,0,100.5,2.7,179.5,169.5,0.00,0,-1.8,0.9
54.20,climb,110.14,239.86,1.000,1,1414.2,264.1,478.3,101.4,0.13,0.15,174,169,-1,0.0,0.0,-0.6,0.1,0.00,0.00,0.00,0.00,0.00,0.00,0.01,-0.09,100,-1,1,-28,-33.8,0.08,1.000,1.000,21.05,0,26,0,100.5,2.7,179.5,169.5,0.00,0,1.9,0.0
54.30,climb,112.63,237.37,1.000,1,1414.2,264.1,478.3,101.4,0.18,0.25,173,169,-1,0.0,0.0,-0.3,0.2,0.01,0.03,0.00,0.00,0.00,0.00,0.17,-0.11,100,-1,1,-31,-33.0,0.06,1.000,1.000,24.08,0,26,0,100.5,2.7,179.5,169.5,0.00,0,3.6,-0.2
54.40,climb,115.41,234.59,1.000,1,1414.2,264.1,478.3,101.4,0.18,0.31,170,157,-1,0.0,0.0,0.1,0.2,0.01,0.06,0.00,0.00,0.00,0.00,0.28,-0.13,100,-1,1,-31,-31.4,0.04,1.000,1.000,27.08,0,26,0,113.4,360.0,180.0,156.6,0.00,0,4.4,-0.4
54.50,climb,118.49,231.51,1.000,1,1414.2,264.1,478.3,101.4,0.18,0.31,168,157,-1,0.0,0.0,0.5,0.2,0.01,0.07,0.00,0.00,0.00,0.00,0.34,-0.11,100,-1,1,-32,-31.4,-0.01,1.000,1.000,30.06,0,26,0,113.4,360.0,180.0,156.6,0.00,0,4.4,-0.4
54.60,climb,121.86,228.14,1.000,1,1414.2,264.2,478.3,101.3,0.18,0.27,167,157,-1,0.0,0.0,0.9,0.2,0.01,0.06,0.00,0.00,0.00,0.00,0.31,-0.11,100,-1,1,-33,-29.0,-0.09,1.000,1.000,33.00,0,26,0,113.4,360.0,180.0,156.6,0.00,0,3.8,-0.5
54.70,climb,125.52,224.48,1.000,1,1414.2,264.2,478.3,101.3,0.09,0.16,165,157,-1,0.0,0.0,1.0,0.3,0.00,0.03,0.00,0.00,0.00,0.00,0.18,-0.04,100,-1,1,-35,-26.8,-0.16,1.000,1.000,35.91,0,26,0,113.4,360.0,180.0,156.6,0.00,0,1.8,-0.5
54.80,climb,129.47,220.53,1.000,1,1414.2,264.2,478.3,101.3,-0.04,0.02,162,146,-1,0.0,0.0,0.9,0.2,-0.00,-0.02,0.00,0.00,0.00,0.00,0.01,0.05,100,-1,1,-35,-25.1,-0.20,1.000,1.000,38.79,0,26,0,124.5,359.0,180.7,145.5,0.00,0,-1.0,-0.2
54.90,climb,133.71,216.29,1.000,1,1414.2,264.2,478.3,101.3,-0.18,-0.10,160,146,-1,0.0,0.0,0.4,0.1,-0.01,-0.06,0.00,0.00,0.00,0.00,-0.15,0.13,100,-1,1,-35,-25.0,-0.21,1.000,1.000,41.64,0,26,0,124.5,359.0,180.7,145.5,0.00,0,-3.8,0.6
55.00,climb,138.23,211.77,1.000,1,1414.2,264.2,478.3,101.3,-0.26,-0.19,158,146,-1,0.0,0.0,-0.3,-0.1,-0.02,-0.10,0.00,0.00,0.00,0.00,-0.27,0.17,100,-1,1,-36,-26.7,-0.19,1.000,1.000,44.46,0,26,0,124.5,359.0,180.7,145.5,0.00,0,-6.2,1.4
55.10,climb,143.03,206.97,0.848,1,1414.2,264.1,478.3,101.4,-0.26,-0.20,156,146,-1,0.0,0.0,-1.0,-0.2,-0.03,-0.13,0.00,0.00,0.00,0.00,-0.29,0.16,100,-1,0,-37,-30.0,-0.15,0.849,0.911,47.26,0,26,0,124.5,359.0,180.7,145.5,0.00,0,-7.7,2.0
55.20,climb,148.10,201.90,0.688,1,1414.1,264.1,478.3,101.4,0.00,0.04,152,134,-1,0.0,0.0,-1.7,-0.4,-0.03,-0.12,0.00,0.00,0.00,0.00,-0.20,0.14,100,-1,0,-37,-38.2,-0.06,0.688,0.746,50.02,0,26,0,136.4,1.2,178.7,133.6,0.00,0,-3.6,2.5
55.30,climb,153.39,196.61,0.536,1,1414.1,264.1,478.4,101.4,0.00,0.04,150,134,-1,0.0,0.0,-1.9,-0.5,-0.02,-0.06,0.00,0.00,0.00,0.00,0.04,0.02,100,-1,0,-37,-38.2,0.02,0.536,0.567,52.45,0,26,0,136.4,1.2,178.7,133.6,0.00,0,-3.6,2.5
55.40,climb,158.83,191.17,0.418,1,1414.2,264.2,478.3,101.4,0.48,0.27,147,134,-1,0.0,0.0,-1.7,-0.5,0.00,0.02,0.00,0.00,0.00,0.00,0.30,-0.12,100,-1,0,-38,-41.0,0.05,0.418,0.426,54.08,0,26,0,136.4,1.2,178.7,133.6,0.00,0,5.9,-0.0
55.50,climb,164.34,185.66,0.330,1,1414.2,264.2,478.3,101.3,0.48,0.27,145,134,-1,0.0,0.0,-1.1,-0.3,0.02,0.09,0.00,0.00,0.00,0.00,0.50,-0.24,100,-1,0,-39,-41.0,0.04,0.330,0.371,55.01,0,26,0,136.4,1.2,178.7,133.6,0.00,0,5.9,-0.0
55.60,climb,169.88,180.12,0.268,1,1414.3,264.2,478.2,101.3,0.62,0.33,141,118,-1,0.0,0.0,-0.2,-0.2,0.02,0.12,0.00,0.00,0.00,0.00,0.64,-0.27,100,-1,0,-38,-39.9,0.04,0.268,0.325,55.36,0,26,0,152.4,359.9,180.2,117.6,0.00,0,8.4,-0.7
55.70,climb,175.40,174.60,0.226,1,1414.3,264.2,478.2,101.3,0.62,0.33,137,118,-1,0.0,0.0,0.6,-0.1,0.02,0.12,0.00,0.00,0.00,0.00,0.66,-0.23,100,-1,0,-37,-37.7,0.01,0.226,0.283,55.28,0,26,0,152.4,359.9,180.2,117.6,0.00,0,8.4,-1.2
55.80,climb,180.86,169.14,0.202,1,1414.4,264.3,478.1,101.2,0.62,0.30,134,118,-1,0.0,0.0,1.2,0.0,0.02,0.10,0.00,0.00,0.00,0.00,0.65,-0.22,100,-1,0,-37,-35.4,-0.03,0.202,0.250,54.82,0,26,0,152.4,359.9,180.2,117.6,0.00,0,6.7,-1.5
55.90,climb,186.25,163.75,0.189,1,1414.4,264.3,478.1,101.2,0.53,0.26,132,118,-1,0.0,0.0,1.5,0.1,0.02,0.07,0.00,0.00,0.00,0.00,0.57,-0.15,100,-1,0,-37,-33.1,-0.09,0.189,0.221,54.13,0,26,0,152.4,359.9,180.2,117.6,0.00,0,4.2,-1.7
56.00,climb,194.17,155.83,0.161,1,1414.5,264.3,478.0,101.2,0.44,0.24,128,104,-1,0.0,0.0,1.6,0.2,0.02,0.03,0.00,0.00,0.00,0.00,0.50,-0.08,100,-1,0,-36,-31.1,-0.10,0.161,0.178,53.30,0,26,0,165.9,359.8,180.8,104.1,0.00,0,1.2,-1.7
56.10,climb,196.77,153.23,0.180,1,1414.6,264.4,478.0,101.2,0.26,0.20,124,104,-1,0.0,0.0,1.5,0.3,0.02,-0.01,0.00,0.00,0.00,0.00,0.41,-0.01,100,-1,0,-36,-27.8,-0.13,0.180,0.188,52.39,0,26,0,165.9,359.8,180.8,104.1,0.00,0,-2.5,-1.4
56.20,climb,201.89,148.11,0.180,1,1414.6,264.4,477.9,101.1,0.26,0.21,121,104,-1,0.0,0.0,1.2,0.3,0.01,-0.02,0.00,0.00,0.00,0.00,0.33,0.03,100,-1,0,-36,-26.5,-0.16,0.180,0.196,51.44,0,26,0,165.9,359.8,180.8,104.1,0.00,0,-3.1,-1.1
56.30,climb,206.90,143.10,0.185,1,1414.6,264.4,477.9,101.1,0.26,0.21,118,104,-1,0.0,0.0,0.9,0.4,0.01,-0.03,0.00,0.00,0.00,0.00,0.33,0.06,100,-1,0,-36,-26.5,-0.19,0.185,0.204,50.40,0,26,0,165.9,359.8,180.8,104.1,0.00,0,-3.1,-1.1
56.40,climb,211.81,138.19,0.190,1,1414.6,264.4,477.9,101.1,0.18,0.22,114,93,-1,0.0,0.0,0.6,0.4,0.01,-0.04,0.00,0.00,0.00,0.00,0.25,0.13,100,-1,0,-35,-25.5,-0.19,0.190,0.211,49.38,0,26,0,176.7,0.4,173.3,93.3,0.00,0,-3.4,-0.8
56.50,climb,216.63,133.37,0.193,1,1414.6,264.4,477.9,101.1,0.18,0.22,111,93,-1,0.0,0.0,0.3,0.4,0.00,-0.04,0.00,0.00,0.00,0.00,0.24,0.14,100,-1,0,-35,-24.3,-0.20,0.194,0.211,48.40,0,26,0,176.7,0.4,173.3,93.3,0.00,0,-2.3,0.2
56.60,climb,221.36,128.64,0.192,1,1414.6,264.4,477.9,101.1,0.18,0.22,108,93,-1,0.0,0.0,0.1,0.4,0.00,-0.03,0.00,0.00,0.00,0.00,0.24,0.15,100,-1,0,-35,-24.3,-0.22,0.193,0.203,47.51,0,26,0,176.7,0.4,173.3,93.3,0.00,0,-2.3,0.2
56.70,climb,226.01,123.99,0.189,1,1414.7,264.5,477.8,101.0,0.18,0.22,106,93,-1,0.0,0.0,0.1,0.4,0.00,-0.00,0.00,0.00,0.00,0.00,0.23,0.16,100,-1,0,-36,-24.1,-0.23,0.190,0.191,46.66,0,26,0,176.7,0.4,173.3,93.3,0.00,0,-0.9,0.2
56.80,climb,230.57,119.43,0.185,1,1414.7,264.5,477.8,101.0,0.18,0.22,103,84,-1,0.0,0.0,0.2,0.4,0.00,0.02,0.00,0.00,0.00,0.00,0.22,0.18,100,-1,0,-35,-24.0,-0.23,0.186,0.194,45.83,0,26,0,186.4,0.4,3.3,83.6,0.00,0,1.6,0.0
56.90,climb,235.04,114.96,0.184,1,1414.7,264.5,477.8,101.0,0.18,0.22,100,84,-1,0.0,0.0,0.4,0.3,0.00,0.03,0.00,0.00,0.00,0.00,0.21,0.19,100,-1,0,-35,-24.0,-0.23,0.184,0.197,44.95,0,26,0,186.4,0.4,3.3,83.6,0.00,0,1.6,0.0
57.00,climb,239.42,110.58,0.187,1,1414.7,264.5,477.8,101.0,0.18,0.22,97,84,-1,0.0,0.0,0.6,0.3,0.00,0.03,0.00,0.00,0.00,0.00,0.20,0.20,100,-1,0,-36,-23.9,-0.24,0.187,0.201,43.99,0,26,0,186.4,0.4,3.3,83.6,0.00,0,1.7,0.0
57.10,climb,243.70,106.30,0.189,1,1414.8,264.6,477.8,101.0,0.18,0.24,95,84,-1,0.0,0.0,0.7,0.3,-0.00,0.04,0.00,0.00,0.00,0.00,0.20,0.23,100,-1,0,-37,-23.9,-0.26,0.190,0.205,43.04,0,26,0,186.4,0.4,3.3,83.6,0.00,0,1.2,0.0
57.20,climb,247.89,102.11,0.189,1,1414.8,264.6,477.7,100.9,0.18,0.24,92,74,-1,0.0,0.0,0.8,0.2,-0.00,0.02,0.00,0.00,0.00,0.00,0.18,0.24,100,-1,0,-37,-24.3,-0.25,0.190,0.201,42.15,0,26,0,195.9,0.5,1.7,74.1,0.00,0,-0.2,0.2
57.30,climb,252.01,97.99,0.184,1,1414.8,264.6,477.7,100.9,0.18,0.24,89,74,-1,0.0,0.0,0.8,0.2,-0.01,0.00,0.00,0.00,0.00,0.00,0.17,0.24,100,-1,0,-37,-24.3,-0.25,0.184,0.188,41.37,0,26,0,195.9,0.5,1.7,74.1,0.00,0,-0.2,0.2
57.40,climb,256.05,93.95,0.179,1,1414.8,264.6,477.7,100.9,0.09,0.26,87,74,-1,0.0,0.0,0.6,0.2,-0.00,-0.02,0.00,0.00,0.00,0.00,0.07,0.27,100,-1,0,-37,-24.8,-0.25,0.180,0.188,40.56,0,26,0,195.9,0.5,1.7,74.1,0.00,0,-1.5,0.1
57.50,climb,259.99,90.01,0.178,1,1414.8,264.7,477.7,100.9,0.09,0.26,85,74,-1,0.0,0.0,0.4,0.1,-0.00,-0.03,0.00,0.00,0.00,0.00,0.06,0.27,100,-1,0,-39,-25.1,-0.27,0.179,0.189,39.69,0,26,0,195.9,0.5,1.7,74.1,0.00,0,-2.3,-0.0
57.60,climb,263.85,86.15,0.179,1,1414.8,264.7,477.7,100.8,0.09,0.26,82,64,-1,0.0,0.0,0.2,0.1,-0.00,-0.03,0.00,0.00,0.00,0.00,0.05,0.27,100,-1,0,-38,-25.1,-0.27,0.180,0.192,38.79,0,26,0,205.9,0.2,0.5,64.1,0.00,0,-2.3,-0.0
57.70,climb,267.62,82.38,0.179,1,1414.8,264.7,477.7,100.8,0.09,0.26,79,64,-1,0.0,0.0,-0.0,0.1,0.00,-0.03,0.00,0.00,0.00,0.00,0.04,0.28,100,-1,0,-39,-25.3,-0.27,0.180,0.193,37.89,0,26,0,205.9,0.2,0.5,64.1,0.00,0,-2.2,0.1
57.80,climb,271.30,78.70,0.180,1,1414.8,264.7,477.7,100.8,0.09,0.26,77,64,-1,0.0,0.0,-0.2,0.1,0.00,-0.03,0.00,0.00,0.00,0.00,0.02,0.28,100,-1,0,-39,-25.3,-0.28,0.181,0.194,37.01,0,26,0,205.9,0.2,0.5,64.1,0.00,0,-2.2,0.1
57.90,climb,274.89,75.11,0.180,1,1414.8,264.8,477.7,100.7,0.09,0.25,75,64,-1,0.0,0.0,-0.4,0.1,0.00,-0.03,0.00,0.00,0.00,0.00,0.02,0.27,100,-1,0,-40,-25.5,-0.29,0.181,0.194,36.13,0,26,0,205.9,0.2,0.5,64.1,0.00,0,-2.1,0.2
58.00,climb,278.39,71.61,0.179,1,1414.8,264.8,477.7,100.7,0.09,0.22,72,54,-1,0.0,0.0,-0.6,0.1,0.00,-0.03,0.00,0.00,0.00,0.00,0.01,0.26,100,-1,0,-40,-26.0,-0.29,0.180,0.194,35.26,0,26,0,216.1,359.6,359.5,53.9,0.00,0,-1.7,0.3
58.10,climb,281.81,68.19,0.179,1,1414.8,264.8,477.7,100.7,0.09,0.22,69,54,-1,0.0,0.0,-0.8,0.1,0.00,-0.03,0.00,0.00,0.00,0.00,0.00,0.24,100,-1,0,-41,-26.0,-0.28,0.179,0.193,34.40,0,26,0,216.1,359.6,359.5,53.9,0.00,0,-1.7,0.3
58.20,climb,285.15,64.85,0.178,1,1414.9,264.8,477.6,100.7,0.13,0.21,67,54,-1,0.0,0.0,-0.9,0.1,0.00,-0.03,0.00,0.00,0.00,0.00,0.04,0.24,100,-1,0,-41,-26.4,-0.27,0.178,0.191,33.55,0,26,0,216.1,359.6,359.5,53.9,0.00,0,-1.5,0.4
58.30,climb,288.40,61.60,0.145,1,1414.9,264.9,477.6,100.7,0.18,0.18,65,54,-1,0.0,0.0,-1.1,0.1,-0.00,-0.03,0.00,0.00,0.00,0.00,0.07,0.25,100,-1,0,-42,-27.2,-0.26,0.146,0.157,32.71,0,26,0,216.1,359.6,359.5,53.9,0.00,0,-1.1,0.7
58.40,climb,291.56,58.44,0.103,1,1414.9,264.9,477.6,100.6,0.18,0.15,61,43,-1,0.0,0.0,-1.2,0.1,-0.00,-0.03,0.00,0.00,0.00,0.00,0.07,0.24,100,-1,0,-42,-27.6,-0.26,0.103,0.114,31.87,0,26,0,226.8,358.8,358.9,43.2,0.00,0,-0.9,0.7
58.50,climb,294.65,55.35,0.060,1,1414.9,264.9,477.6,100.6,0.18,0.13,59,43,-1,0.0,0.0,-1.2,0.0,-0.00,-0.02,0.00,0.00,0.00,0.00,0.07,0.22,100,-1,0,-42,-27.6,-0.25,0.060,0.070,31.05,0,26,0,226.8,358.8,358.9,43.2,0.00,0,-0.7,0.8
58.60,climb,297.63,52.37,0.024,1,1414.9,264.9,477.6,100.6,0.18,0.13,56,43,-1,0.0,0.0,-1.3,0.0,-0.00,-0.02,0.00,0.00,0.00,0.00,0.07,0.21,100,-1,0,-43,-27.6,-0.25,0.024,0.032,30.12,0,26,0,226.8,358.8,358.9,43.2,0.00,0,-0.7,0.8
58.70,climb,300.49,49.51,0.002,1,1414.9,264.9,477.6,100.6,0.18,0.11,54,43,-1,0.0,0.0,-1.3,0.0,-0.00,-0.02,0.00,0.00,0.00,0.00,0.08,0.19,100,-1,1,-44,-27.0,-0.26,0.002,0.004,28.96,0,26,0,226.8,358.8,358.9,43.2,0.00,0,-0.0,0.7
58.80,climb,303.25,46.75,0.000,1,1415.0,264.9,477.5,100.6,0.18,0.11,51,32,-1,0.0,0.0,-1.3,-0.0,-0.00,-0.02,0.00,0.00,0.00,0.00,0.07,0.20,100,-1,1,-44,-26.5,-0.27,0.000,0.000,27.78,0,26,0,237.6,357.9,358.6,32.4,0.00,0,-0.4,0.8
58.90,climb,305.88,44.12,0.000,1,1415.0,264.9,477.5,100.6,0.18,0.09,48,32,-1,0.0,0.0,-1.3,-0.0,-0.00,-0.01,0.00,0.00,0.00,0.00,0.07,0.18,100,-1,1,-44,-26.1,-0.28,0.000,0.000,26.65,0,26,0,237.6,357.9,358.6,32.4,0.00,0,-0.1,0.7
59.00,climb,309.01,40.99,0.000,1,1415.0,264.9,477.5,100.6,0.18,0.07,46,32,-1,0.0,0.0,-1.3,-0.0,-0.00,-0.01,0.00,0.00,0.00,0.00,0.07,0.18,100,-1,1,-44,-25.2,-0.29,0.000,0.000,25.47,0,26,0,237.6,357.9,358.6,32.4,0.00,0,0.5,0.7
59.10,climb,310.79,39.21,0.000,1,1415.0,264.9,477.5,100.6,0.18,0.07,44,32,-1,0.0,0.0,-1.3,-0.0,-0.00,-0.00,0.00,0.00,0.00,0.00,0.07,0.17,100,-1,1,-42,-25.2,-0.30,0.000,0.000,24.24,0,26,0,237.6,357.9,358.6,32.4,0.00,0,0.5,0.7
59.20,climb,313.06,36.94,0.000,1,1415.0,264.9,477.5,100.6,0.18,0.07,40,22,-1,0.0,0.0,-1.2,-0.0,-0.00,-0.00,0.00,0.00,0.00,0.00,0.06,0.18,100,-1,1,-38,-24.1,-0.28,0.000,0.000,22.97,0,26,0,247.7,357.0,358.8,22.3,0.00,0,0.8,0.6
59.30,climb,315.19,34.81,0.000,1,1415.0,264.9,477.5,100.6,0.18,0.07,38,22,-1,0.0,0.0,-1.1,-0.1,-0.00,0.00,0.00,0.00,0.00,0.00,0.05,0.18,100,-1,1,-36,-24.1,-0.23,0.000,0.000,21.67,0,26,0,247.7,357.0,358.8,22.3,0.00,0,0.8,0.6
59.40,climb,317.20,32.80,0.013,1,1415.1,265.0,477.4,100.5,0.18,0.07,35,22,-1,0.0,0.0,-1.0,-0.1,-0.00,0.00,0.00,0.00,0.00,0.00,0.05,0.18,100,-1,0,-33,-23.5,-0.19,0.013,0.014,20.38,0,26,0,247.7,357.0,358.8,22.3,0.00,0,0.8,0.5
59.50,climb,319.08,30.92,0.023,1,1415.1,265.0,477.4,100.5,0.18,0.07,33,22,-1,0.0,0.0,-1.0,-0.1,-0.00,0.00,0.00,0.00,0.00,0.00,0.04,0.18,100,-1,0,-31,-23.1,-0.16,0.023,0.024,19.10,0,26,0,247.7,357.0,358.8,22.3,0.00,0,0.8,0.5
59.60,climb,320.83,29.17,0.036,1,1415.1,265.0,477.4,100.5,0.18,0.04,30,13,-1,0.0,0.0,-0.9,-0.1,-0.00,0.00,0.00,0.00,0.00,0.00,0.03,0.19,100,-1,0,-28,-22.5,-0.11,0.036,0.038,17.83,0,26,0,257.0,356.1,359.1,13.0,0.00,0,0.8,0.5
59.70,climb,322.45,27.55,0.053,1,1415.1,265.0,477.4,100.5,0.18,0.04,27,13,-1,0.0,0.0,-0.8,-0.1,-0.00,0.00,0.00,0.00,0.00,0.00,0.04,0.18,100,-1,0,-26,-22.5,-0.06,0.053,0.055,16.57,0,26,0,257.0,356.1,359.1,13.0,0.00,0,0.8,0.5
59.80,climb,323.96,26.04,0.073,1,1415.1,265.0,477.4,100.5,0.18,0.04,25,13,-1,0.0,0.0,-0.7,-0.1,-0.00,0.00,0.00,0.00,0.00,0.00,0.04,0.18,100,-1,0,-23,-22.3,-0.02,0.073,0.075,15.33,0,26,0,257.0,356.1,359.1,13.0,0.00,0,0.8,0.4
59.90,climb,325.34,24.66,0.097,1,1415.2,265.0,477.3,100.5,0.18,0.04,23,13,-1,0.0,0.0,-0.7,-0.1,-0.00,0.00,0.00,0.00,0.00,0.00,0.03,0.18,100,-1,0,-21,-22.1,0.01,0.097,0.099,14.10,0,26,0,257.0,356.1,359.1,13.0,0.00,0,0.8,0.4
60.00,climb,326.59,23.41,0.124,1,1415.2,265.0,477.3,100.5,0.18,0.04,20,4,-1,0.0,0.0,-0.6,-0.1,-0.00,0.00,0.00,0.00,0.00,0.00,0.02,0.18,100,-1,0,-18,-21.7,0.07,0.124,0.127,12.88,0,26,0,265.9,351.8,359.4,4.1,0.00,0,0.8,0.4
60.10,climb,327.74,22.26,0.153,1,1415.2,265.0,477.3,100.5,0.18,0.04,18,4,-1,0.0,0.0,-0.5,-0.2,-0.00,0.00,0.00,0.00,0.00,0.00,0.01,0.18,100,-1,0,-16,-21.7,0.12,0.153,0.156,11.70,0,26,0,265.9,351.8,359.4,4.1,0.00,0,0.8,0.4
60.20,climb,328.77,21.23,0.182,1,1415.2,265.0,477.3,100.5,0.18,0.04,16,4,-1,0.0,0.0,-0.4,-0.2,-0.00,0.00,0.00,0.00,0.00,0.00,0.01,0.18,100,-1,0,-14,-21.4,0.16,0.183,0.186,10.60,0,26,0,265.9,351.8,359.4,4.1,0.00,0,0.7,0.3
60.30,climb,329.71,20.29,0.208,1,1415.2,265.0,477.3,100.5,0.18,0.04,14,4,-1,0.0,0.0,-0.4,-0.2,-0.00,0.00,0.00,0.00,0.00,0.00,-0.00,0.18,100,-1,0,-12,-21.0,0.19,0.209,0.212,9.62,0,26,0,265.9,351.8,359.4,4.1,0.00,0,0.7,0.3
60.40,climb,330.58,19.42,0.226,1,1415.3,265.0,477.3,100.5,0.18,0.04,11,356,-1,0.0,0.0,-0.3,-0.2,-0.00,0.00,0.00,0.00,0.00,0.00,-0.01,0.18,100,-1,0,-9,-20.1,0.24,0.227,0.230,8.86,0,26,0,274.4,183.9,359.7,355.6,0.00,0,0.6,0.3
60.50,climb,331.41,18.59,0.234,1,1415.3,265.0,477.2,100.5,0.18,0.04,9,356,-1,0.0,0.0,-0.3,-0.2,-0.01,0.00,0.00,0.00,0.00,0.00,-0.02,0.18,100,-1,0,-7,-20.1,0.26,0.235,0.238,8.34,0,26,0,274.4,183.9,359.7,355.6,0.00,0,0.6,0.3
60.60,climb,332.21,17.79,0.231,1,1415.3,265.0,477.2,100.5,0.18,0.03,7,356,-1,0.0,0.0,-0.2,-0.3,-0.01,0.00,0.00,0.00,0.00,0.00,-0.02,0.18,100,-1,0,-5,-17.1,0.28,0.232,0.235,8.04,0,26,0,274.4,183.9,359.7,355.6,0.00,0,0.4,0.4
60.70,cruise,332.97,17.03,0.278,1,1415.3,265.0,477.2,100.5,0.18,0.02,5,356,-1,3.6,4.0,-0.2,-0.3,-0.07,-0.05,0.00,0.00,0.00,0.00,-0.02,0.18,100,-1,0,-3,-15.4,0.28,0.279,0.313,7.74,0,26,0,274.4,183.9,359.7,355.6,0.00,0,0.2,0.4
60.80,cruise,333.71,16.29,0.276,1,1415.3,265.0,477.2,100.5,0.18,0.02,3,349,-1,7.6,8.0,-0.2,-0.3,-0.13,-0.11,0.00,0.00,0.00,0.00,-0.01,0.18,100,-1,0,13,-13.3,0.57,0.281,0.347,7.44,0,26,0,281.4,180.7,359.9,348.6,0.00,1,0.4,0.0
60.90,cruise,334.43,15.57,0.269,1,1415.3,265.0,477.2,100.5,0.18,0.02,0,349,-1,11.6,12.0,-0.2,-0.3,-0.17,-0.16,0.00,0.00,0.00,0.00,-0.02,0.18,100,-1,0,15,-13.3,0.56,0.275,0.365,7.23,0,26,0,282.7,180.4,359.9,347.3,0.00,1,0.4,0.0
61.00,cruise,335.32,14.68,0.250,1,1415.3,265.0,477.2,100.5,0.09,-0.03,359,349,-1,15.6,16.0,0.0,-0.1,-0.20,-0.18,0.00,0.00,0.00,0.00,-0.01,0.09,100,-1,0,16,-6.4,0.52,0.254,0.355,7.19,0,26,0,283.6,179.7,0.1,346.4,0.00,1,4.0,-3.5
61.10,cruise,335.85,14.15,0.238,1,1415.3,265.0,477.2,100.5,0.09,-0.03,357,349,-1,17.7,20.0,0.5,0.3,-0.19,-0.14,0.00,0.00,0.00,0.00,0.03,0.09,100,-1,0,16,-6.4,0.45,0.241,0.329,7.15,0,26,0,284.2,178.2,0.5,345.8,0.00,1,4.0,-3.5
61.20,cruise,336.54,13.46,0.227,1,1415.3,265.0,477.2,100.5,-0.09,-0.14,355,346,-1,18.3,24.0,1.4,1.0,-0.17,-0.05,0.00,0.00,0.00,0.00,0.09,0.01,100,-1,0,16,2.3,0.36,0.229,0.289,7.02,0,26,0,284.3,175.6,1.1,345.8,0.00,1,10.9,-9.1
61.30,cruise,337.18,12.82,0.223,1,1415.3,265.0,477.2,100.5,-0.09,-0.14,354,346,-1,18.7,28.0,2.5,2.0,-0.15,0.03,0.00,0.00,0.00,0.00,0.15,-0.07,100,-1,0,16,2.3,0.27,0.224,0.274,6.76,0,26,0,284.0,171.8,2.0,346.1,0.00,1,10.9,-9.1
61.40,cruise,337.79,12.21,0.224,1,1415.3,265.0,477.2,100.5,-0.18,-0.18,353,346,-1,18.8,32.0,3.9,3.3,-0.12,0.10,0.00,0.00,0.00,0.00,0.19,-0.06,100,-1,0,15,10.0,0.18,0.224,0.283,6.44,0,26,0,283.3,167.0,3.1,346.9,0.00,1,15.1,-15.3
61.50,cruise,338.35,11.65,0.228,1,1415.3,265.0,477.2,100.5,-0.18,-0.18,352,346,-1,18.6,35.7,5.4,5.0,-0.06,0.14,0.00,0.00,0.00,0.00,0.20,-0.15,100,-1,0,14,10.0,0.08,0.229,0.283,6.08,0,26,0,282.3,161.2,4.3,348.1,0.00,1,15.1,-15.3
61.60,cruise,338.87,11.13,0.233,1,1415.3,265.0,477.2,100.5,-0.18,-0.13,351,349,-1,18.1,36.5,6.7,7.1,0.03,0.14,0.00,0.00,0.00,0.00,0.16,-0.15,100,-1,0,12,13.6,-0.03,0.233,0.280,5.75,0,26,0,281.1,154.6,5.3,349.7,0.00,1,15.0,-18.6
61.70,cruise,339.36,10.64,0.237,1,1415.3,265.0,477.2,100.6,-0.04,0.09,351,349,-1,17.3,37.2,7.8,9.6,0.11,0.11,0.08,0.00,0.00,0.00,0.06,-0.12,100,-1,0,10,18.7,-0.12,0.237,0.295,5.47,0,26,0,279.6,147.3,6.2,351.6,0.00,1,11.6,-22.7
61.80,cruise,339.80,10.20,0.243,1,1415.3,265.0,477.2,100.5,-0.04,0.09,351,349,-1,16.2,38.0,8.6,12.1,0.13,0.06,0.16,0.00,0.00,0.00,-0.08,-0.06,100,-1,0,8,18.7,-0.21,0.244,0.295,5.18,0,26,0,278.0,139.1,6.9,353.7,0.00,1,11.6,-22.7
61.90,cruise,340.22,9.78,0.251,1,1415.3,265.0,477.2,100.5,0.13,0.24,350,349,-1,15.0,38.8,9.1,14.6,0.12,-0.00,0.23,0.00,0.00,0.00,-0.26,0.09,100,-1,0,6,20.0,-0.28,0.252,0.285,4.88,0,26,0,276.2,129.8,7.5,355.9,0.00,1,9.1,-21.9
62.00,cruise,340.61,9.39,0.260,1,1415.3,265.0,477.2,100.5,0.35,0.40,351,356,-1,13.7,39.6,9.2,16.9,0.09,-0.06,0.30,0.00,0.00,0.00,-0.44,0.29,100,-1,0,4,20.5,-0.33,0.261,0.300,4.57,0,26,0,274.5,119.5,7.9,358.0,0.00,1,6.6,-20.3
62.10,cruise,340.98,9.02,0.268,1,1415.5,265.1,477.1,100.4,1.01,0.70,352,356,-1,12.3,40.4,9.1,19.0,0.04,-0.08,0.36,0.00,0.00,0.00,-0.64,0.57,100,-1,0,2,18.7,-0.36,0.270,0.303,4.30,0,26,0,272.7,108.4,8.2,0.1,0.00,1,4.0,-15.8
62.20,cruise,341.34,8.66,0.272,1,1415.6,265.2,477.0,100.4,1.36,0.85,352,356,-1,11.0,41.1,9.0,20.8,-0.02,-0.08,0.41,0.00,0.00,0.00,-0.83,0.91,100,-1,0,0,16.6,-0.37,0.274,0.302,4.10,0,26,0,271.2,97.7,8.5,1.9,0.00,1,4.2,-13.9
62.30,cruise,341.68,8.32,0.277,1,1415.6,265.2,476.9,100.3,1.36,0.85,353,356,-1,9.9,41.7,8.9,22.4,-0.06,-0.05,0.46,0.00,0.00,0.00,-1.01,1.25,100,-1,0,-2,16.6,-0.36,0.279,0.310,3.89,0,26,0,269.8,88.5,9.0,3.6,0.00,1,4.2,-13.9
62.40,cruise,342.00,8.00,0.283,1,1415.8,265.3,476.7,100.2,1.71,0.99,354,1,-1,8.9,42.2,9.0,23.9,-0.08,-0.00,0.51,0.00,0.00,0.00,-1.16,1.61,100,-1,0,-3,14.0,-0.34,0.285,0.308,3.68,0,26,0,268.7,82.1,9.6,5.1,0.00,1,5.5,-13.0
62.50,cruise,342.30,7.70,0.289,1,1416.2,265.5,476.5,100.1,2.59,1.27,355,1,-1,8.3,42.8,9.3,25.3,-0.08,0.05,0.55,0.00,0.00,0.00,-1.29,2.05,100,-1,0,-4,7.2,-0.30,0.291,0.328,3.50,0,26,0,267.9,78.5,10.3,6.3,0.00,1,7.3,-13.3
62.60,cruise,342.58,7.42,0.296,1,1416.2,265.5,476.3,100.0,2.59,1.27,356,1,-1,7.9,43.2,9.9,26.8,-0.06,0.09,0.60,0.00,0.00,0.00,-1.44,2.50,100,-1,0,-5,7.2,-0.25,0.297,0.342,3.32,0,26,0,267.5,77.5,11.1,7.2,0.00,1,7.3,-13.3
62.70,cruise,342.84,7.16,0.305,1,1416.5,265.7,476.0,99.8,2.94,1.46,357,1,-1,7.8,43.6,10.6,28.4,-0.04,0.12,0.66,0.00,0.00,0.00,-1.62,2.86,100,-1,0,-6,3.7,-0.19,0.306,0.354,3.12,0,26,0,267.5,78.3,11.8,7.7,0.00,1,7.1,-14.5
62.80,cruise,343.09,6.91,0.312,1,1417.2,266.0,475.7,99.7,3.91,1.94,358,2,-1,8.0,44.0,11.3,30.0,-0.01,0.13,0.71,0.00,0.00,0.00,-1.82,3.31,100,-1,0,-6,-3.2,-0.12,0.313,0.357,2.98,0,26,0,267.9,80.7,12.5,7.9,0.00,1,3.7,-17.5
62.90,cruise,343.31,6.69,0.320,1,1417.6,266.2,475.3,99.5,4.39,2.24,358,2,-1,8.5,44.4,12.1,31.8,0.02,0.12,0.77,0.00,0.00,0.00,-2.06,3.85,100,-1,0,-6,-6.3,-0.05,0.320,0.366,2.86,0,26,0,268.7,84.5,12.8,7.8,0.00,1,1.1,-18.9
63.00,cruise,343.53,6.47,0.328,1,1418.1,266.5,474.9,99.3,5.01,2.57,359,2,-1,9.3,44.8,12.8,33.6,0.04,0.11,0.84,0.00,0.00,0.00,-2.33,4.35,100,-1,0,-5,-8.9,0.02,0.328,0.377,2.76,0,26,0,269.9,89.4,12.9,7.2,0.00,1,-2.0,-19.4
63.10,cruise,343.74,6.26,0.333,1,1418.7,266.8,474.4,99.0,5.71,2.92,359,2,-1,10.2,45.2,13.4,35.3,0.05,0.10,0.89,0.00,0.00,0.00,-2.64,4.98,100,-1,0,-4,-10.9,0.09,0.333,0.380,2.72,0,26,0,271.3,95.6,12.6,6.2,0.00,1,-5.2,-19.3
63.20,cruise,343.94,6.06,0.340,1,1419.3,267.1,473.8,98.7,6.42,3.25,359,357,-1,11.4,45.5,13.9,37.0,0.05,0.07,0.95,0.00,0.00,0.00,-3.02,5.66,100,-1,0,-3,-11.9,0.16,0.340,0.379,2.64,0,26,0,272.8,103.0,11.9,4.9,0.00,1,-8.6,-19.0
63.30,cruise,344.14,5.86,0.349,1,1419.3,267.1,473.2,98.4,6.42,3.25,359,357,-1,12.6,45.9,14.2,38.6,0.04,0.03,1.00,0.00,0.00,0.00,-3.38,6.35,100,-1,0,-1,-11.9,0.21,0.350,0.376,2.53,0,26,0,274.4,111.6,10.9,3.4,0.00,1,-8.6,-19.0
63.40,cruise,344.33,5.67,0.359,1,1420.8,267.8,472.5,98.1,7.91,3.81,359,357,-1,13.7,46.2,14.2,40.1,0.04,-0.01,1.00,0.00,0.00,0.00,-3.71,7.04,100,-1,0,0,-11.4,0.25,0.360,0.377,2.39,0,26,0,275.9,121.6,9.5,1.6,0.00,1,-14.5,-17.1
63.50,cruise,344.51,5.49,0.369,1,1421.6,268.2,471.7,97.7,8.79,4.02,359,357,-1,14.9,46.6,13.9,41.4,0.03,-0.05,1.00,0.00,0.00,0.00,-4.01,7.81,100,-1,0,2,-9.8,0.27,0.370,0.398,2.25,0,26,0,277.2,132.7,7.8,359.8,0.00,1,-16.3,-15.5
63.60,cruise,344.68,5.32,0.376,1,1422.6,268.6,470.9,97.3,9.71,4.19,358,352,-1,15.9,46.9,13.4,42.6,0.02,-0.08,1.00,0.00,0.00,0.00,-4.35,8.63,100,-1,0,4,-7.4,0.28,0.378,0.418,2.14,0,26,0,278.3,144.3,6.0,357.9,0.00,1,-17.2,-14.3
63.70,cruise,344.85,5.15,0.383,1,1423.6,269.0,469.9,96.9,10.68,4.26,357,352,-1,16.6,47.3,12.5,43.7,0.02,-0.12,1.00,0.00,0.00,0.00,-4.64,9.50,100,-1,0,6,-4.3,0.26,0.384,0.438,2.06,0,26,0,279.0,156.1,4.0,356.3,0.00,1,-17.0,-13.1
63.80,cruise,345.01,4.99,0.388,1,1423.6,269.0,468.9,96.5,10.68,4.26,357,352,-1,17.1,47.8,11.4,44.8,0.02,-0.15,1.00,0.00,0.00,0.00,-4.85,10.42,100,-1,0,7,-4.3,0.23,0.389,0.454,1.99,0,26,0,279.4,167.2,2.2,354.8,0.00,1,-17.0,-13.1
63.90,cruise,345.17,4.83,0.391,1,1426.0,269.9,467.7,96.0,12.74,4.21,356,352,-1,17.4,48.3,10.1,45.8,0.01,-0.17,1.00,0.00,0.00,0.00,-4.99,11.44,100,-1,0,8,3.4,0.17,0.392,0.464,1.96,0,26,0,279.4,176.8,0.5,353.8,0.00,1,-12.3,-9.9
64.00,cruise,345.40,4.60,0.395,1,1427.4,270.3,466.5,95.6,13.75,4.08,356,351,-1,17.3,48.9,8.7,46.6,0.00,-0.18,1.00,0.00,0.00,0.00,-5.08,12.42,100,-1,0,9,6.8,0.11,0.395,0.469,1.88,0,26,0,279.0,184.9,359.2,353.3,0.00,1,-8.7,-8.7
64.10,cruise,345.47,4.53,0.404,1,1428.8,270.7,465.1,95.2,14.72,3.91,356,351,-1,16.9,49.3,7.3,47.5,0.00,-0.18,1.00,0.00,0.00,0.00,-5.09,13.41,100,-1,0,9,9.7,0.04,0.404,0.479,1.78,0,26,0,278.2,191.4,358.3,353.3,0.00,1,-4.0,-7.7
64.20,cruise,345.61,4.39,0.412,1,1428.8,270.7,463.7,94.8,14.72,3.91,355,351,-1,16.2,49.9,6.0,48.3,-0.01,-0.17,1.00,0.00,0.00,0.00,-5.06,14.37,100,-1,0,8,9.7,-0.03,0.412,0.485,1.65,0,26,0,277.1,195.8,358.0,353.7,0.00,1,-4.0,-7.7
64.30,cruise,345.74,4.26,0.419,1,1432.0,271.4,462.2,94.4,16.83,3.46,355,351,-1,15.3,50.4,5.0,48.9,-0.02,-0.15,1.00,0.00,0.00,0.00,-4.97,15.33,100,-1,0,7,13.7,-0.10,0.420,0.487,1.56,0,26,0,275.9,196.4,358.3,354.8,0.00,1,8.3,-5.7
64.40,cruise,345.87,4.13,0.424,1,1432.0,271.4,460.5,94.1,16.83,3.46,356,356,-1,14.2,51.0,4.4,49.6,-0.02,-0.12,1.00,0.00,0.00,0.00,-4.76,16.51,100,-1,0,5,13.7,-0.16,0.424,0.483,1.52,0,26,0,274.5,190.3,359.2,356.5,0.00,1,8.3,-5.7
64.50,cruise,346.00,4.00,0.425,1,1435.6,272.1,458.7,93.7,19.12,3.05,356,356,-1,13.0,51.6,4.3,50.2,-0.03,-0.08,1.00,0.00,0.00,0.00,-4.54,17.69,100,-1,0,3,14.2,-0.22,0.426,0.472,1.54,0,26,0,273.0,166.5,0.7,358.6,0.00,1,19.8,-5.0
64.60,cruise,346.13,3.87,0.428,1,1435.6,272.1,456.9,93.4,19.12,3.05,356,356,-1,11.8,52.2,4.8,50.8,-0.02,-0.04,1.00,0.00,0.00,0.00,-4.38,18.86,100,-1,0,1,14.2,-0.27,0.430,0.456,1.54,0,26,0,271.6,120.3,2.8,1.1,0.00,1,19.8,-5.0
64.70,cruise,346.25,3.75,0.435,1,1437.6,272.4,454.9,93.1,20.26,2.96,356,356,-1,10.7,52.8,5.9,51.6,-0.00,0.01,1.00,0.00,0.00,0.00,-4.30,20.02,100,-1,0,-2,13.0,-0.30,0.437,0.442,1.51,0,26,0,270.4,94.7,5.3,3.9,0.00,1,24.3,-5.6
64.80,cruise,346.37,3.63,0.442,1,1442.0,273.0,452.7,92.8,22.54,3.08,357,0,-1,9.8,53.3,7.5,52.4,0.01,0.05,1.00,0.00,0.00,0.00,-4.15,21.20,100,-1,0,-5,7.4,-0.30,0.444,0.470,1.51,0,26,0,269.5,86.6,8.1,6.7,0.00,1,29.0,-6.5
64.90,cruise,346.48,3.52,0.452,1,1444.3,273.3,450.5,92.5,23.73,3.32,357,0,-1,9.3,53.9,9.7,53.3,0.02,0.09,1.00,0.00,0.00,0.00,-4.13,22.38,100,-1,0,-7,3.4,-0.30,0.454,0.504,1.48,0,26,0,269.0,84.8,11.0,9.4,0.00,1,29.3,-6.6
65.00,cruise,346.59,3.41,0.465,1,1444.3,273.3,448.2,92.2,23.73,3.32,358,0,-1,9.2,54.4,12.5,54.3,0.03,0.12,1.00,0.00,0.00,0.00,-4.24,23.58,100,-1,0,-10,3.4,-0.27,0.467,0.536,1.45,0,26,0,268.9,85.5,14.0,11.9,0.00,1,29.3,-6.6
65.10,cruise,346.70,3.30,0.481,1,1446.8,273.7,445.7,91.8,24.96,3.70,358,0,-1,9.7,54.9,15.8,55.2,0.03,0.15,1.00,0.00,0.00,0.00,-4.51,24.83,100,-1,0,-12,-1.2,-0.22,0.483,0.567,1.41,0,26,0,269.3,87.6,16.8,14.1,0.00,1,28.4,-6.0
65.20,cruise,346.80,3.20,0.500,1,1452.1,274.5,443.1,91.4,27.47,4.83,358,360,-1,10.9,55.4,19.4,55.9,0.01,0.16,1.00,0.00,0.00,0.00,-4.94,26.06,100,-1,0,-14,-11.2,-0.15,0.501,0.589,1.35,0,26,0,270.2,90.4,19.2,15.7,0.00,1,21.3,-3.4
65.30,cruise,346.90,3.10,0.522,1,1452.1,274.5,440.4,91.0,27.47,4.83,359,360,-1,12.7,55.9,23.2,56.4,-0.02,0.17,1.00,0.00,0.00,0.00,-5.49,27.34,100,-1,0,-15,-11.2,-0.07,0.522,0.618,1.25,0,26,0,271.5,93.9,21.2,16.7,0.00,1,21.3,-3.4
65.40,cruise,347.00,3.00,0.543,1,1454.9,275.1,437.6,90.4,28.70,5.59,359,360,-1,15.2,56.3,26.9,56.7,-0.04,0.17,1.00,0.00,0.00,0.00,-6.18,28.58,100,-1,0,-15,-16.3,0.03,0.543,0.658,1.16,0,26,0,273.4,98.0,22.7,17.0,0.00,1,15.8,-2.1
65.50,cruise,347.11,2.89,0.560,1,1457.9,275.7,434.6,89.8,29.97,6.45,359,360,-1,18.2,56.7,30.3,56.6,-0.07,0.16,1.00,0.00,0.00,0.00,-6.98,29.85,100,-1,0,-14,-20.7,0.13,0.561,0.692,1.10,0,26,0,275.6,102.8,23.5,16.4,0.00,1,9.4,-1.5
65.60,cruise,347.23,2.77,0.570,1,1464.2,277.2,431.5,89.1,32.70,8.42,358,352,-1,21.7,57.1,33.1,56.4,-0.11,0.14,1.00,0.00,0.00,0.00,-8.30,31.16,100,-1,0,-13,-25.9,0.22,0.572,0.711,1.09,0,26,0,278.2,108.2,23.5,14.9,0.00,1,-6.4,-2.9
65.70,cruise,347.36,2.64,0.600,1,1467.6,278.1,428.3,88.3,34.10,9.44,358,352,-1,25.2,57.5,35.1,55.9,-0.12,0.10,1.00,0.00,0.00,0.00,-9.64,32.36,100,-1,0,-11,-25.9,0.30,0.603,0.740,1.13,0,26,0,280.8,114.5,22.8,12.6,0.00,1,-14.6,-5.5
65.80,cruise,347.49,2.51,0.600,1,1471.1,279.2,424.9,87.4,35.55,10.38,357,352,-1,28.7,57.9,36.4,55.4,-0.13,0.07,1.00,0.00,0.00,0.00,-10.99,33.63,100,-1,0,-8,-24.1,0.30,0.603,0.725,1.20,0,26,0,283.5,121.8,21.2,9.6,0.00,1,-21.6,-9.9
65.90,cruise,347.64,2.36,0.600,1,1471.1,279.2,421.4,86.3,35.55,10.38,357,352,-1,31.8,58.3,37.0,55.1,-0.12,0.04,1.00,0.00,0.00,0.00,-12.25,34.95,100,-1,0,-4,-24.1,0.30,0.603,0.695,1.34,0,26,0,286.0,130.1,18.8,6.0,0.00,1,-21.6,-9.9
66.00,cruise,347.80,2.20,0.600,1,1478.6,281.4,417.7,85.2,38.63,12.00,356,342,-1,34.5,58.7,37.0,55.3,-0.09,-0.00,1.00,0.00,0.00,0.00,-13.98,36.16,100,-1,0,-0,-15.3,0.30,0.603,0.656,1.54,0,26,0,288.2,139.5,15.6,2.3,0.00,1,-32.0,-20.1
66.10,cruise,347.96,2.04,0.600,1,1478.6,281.4,413.9,84.1,38.63,12.00,355,342,-1,36.5,59.3,36.5,55.9,-0.04,-0.03,1.00,0.00,0.00,0.00,-15.46,37.38,100,-1,0,3,-15.3,0.30,0.603,0.648,1.78,0,26,0,289.8,149.9,11.8,358.5,0.00,1,-32.0,-20.1
66.20,cruise,348.13,1.87,0.600,1,1482.6,282.7,409.9,82.8,40.21,12.54,354,342,-1,38.0,59.9,35.6,57.1,0.01,-0.05,1.00,0.00,0.00,0.00,-16.66,38.68,100,-1,0,7,-9.7,0.30,0.603,0.642,2.01,0,26,0,290.8,161.2,7.4,354.8,0.00,1,-34.9,-24.8
66.30,cruise,348.29,1.71,0.600,1,1491.1,285.3,405.8,81.5,43.64,12.95,353,342,-1,39.0,60.7,34.4,58.9,0.07,-0.07,1.00,0.00,0.00,0.00,-17.56,40.14,100,-1,0,11,2.1,0.29,0.603,0.686,2.23,0,26,0,291.1,173.3,2.6,351.4,0.00,1,-36.3,-31.4
66.40,cruise,348.46,1.54,0.600,1,1495.6,286.5,401.4,80.2,45.40,12.80,353,339,-1,39.4,61.5,32.9,61.1,0.12,-0.08,1.00,0.00,0.00,0.00,-18.25,41.70,100,-1,0,14,8.0,0.23,0.602,0.723,2.39,0,26,0,290.8,185.8,357.8,348.3,0.00,1,-34.8,-31.3
66.50,cruise,348.62,1.38,0.600,1,1500.2,287.8,396.9,79.0,47.24,12.40,353,339,-1,39.1,62.5,30.8,63.4,0.15,-0.09,1.00,0.00,0.00,0.00,-18.57,43.36,100,-1,0,16,14.0,0.17,0.601,0.749,2.46,0,26,0,289.7,198.3,353.3,345.6,0.00,1,-32.4,-28.4
66.60,cruise,348.78,1.22,0.600,1,1500.2,287.8,392.3,77.7,47.24,12.40,352,339,-1,38.1,63.5,27.6,65.6,0.16,-0.11,1.00,0.00,0.00,0.00,-18.54,45.19,100,-1,0,19,14.0,0.09,0.600,0.762,2.42,0,26,0,287.9,210.4,349.2,343.3,0.00,1,-32.4,-28.4
66.70,brake,348.93,1.07,0.506,1,1510.1,290.1,0.0,0.0,50.84,11.06,352,339,-1,32.1,57.5,22.9,67.5,0.31,-0.19,1.00,0.00,0.00,0.00,-18.23,46.99,100,-1,0,20,23.6,0.03,0.506,0.703,2.25,0,26,0,285.6,222.0,345.9,341.5,0.00,1,-25.5,-17.0
66.80,brake,349.07,0.93,0.514,1,1515.3,291.2,0.0,0.0,52.43,10.21,353,347,-1,26.1,51.5,16.2,68.8,0.35,-0.21,1.00,0.00,0.00,0.00,-17.34,49.06,100,-1,0,22,27.0,-0.04,0.514,0.737,1.96,0,26,0,282.9,232.7,343.2,340.1,0.00,1,-20.9,-9.2
66.90,brake,349.19,0.81,0.530,1,1520.7,292.1,0.0,0.0,53.79,9.33,353,347,-1,20.1,45.5,7.7,69.4,0.34,-0.24,1.00,0.00,0.00,0.00,-16.33,50.85,100,-1,0,23,29.0,-0.09,0.530,0.763,1.54,0,26,0,280.1,242.3,341.3,339.3,0.00,1,-15.2,1.0
67.00,brake,349.32,0.68,0.555,1,1526.2,293.0,0.0,0.0,55.20,8.33,354,347,-1,14.1,39.5,-1.4,69.0,0.28,-0.26,1.00,0.00,0.00,0.00,-15.33,52.39,100,-1,0,23,30.5,-0.12,0.556,0.773,0.94,0,26,0,277.4,250.3,340.1,339.0,0.00,1,-7.9,13.1
67.10,brake,349.36,0.64,0.586,1,1531.8,293.7,0.0,0.0,56.60,7.26,354,347,-1,8.1,33.5,-9.2,67.4,0.16,-0.27,1.00,0.00,0.00,0.00,-14.33,53.95,100,-1,0,22,30.9,-0.16,0.587,0.762,0.30,0,26,0,274.9,256.9,339.8,339.6,0.00,1,1.1,26.0
67.20,brake,349.43,0.57,0.615,1,1537.6,294.4,0.0,0.0,58.14,6.11,354,357,-1,2.1,27.5,-14.1,64.3,0.01,-0.25,1.00,0.00,0.00,0.00,-12.70,55.63,100,-1,0,21,29.9,-0.20,0.617,0.721,-0.31,0,26,0,272.9,262.0,340.4,341.2,0.00,1,11.4,38.4
67.30,brake,349.50,0.50,0.563,1,1537.6,294.4,0.0,0.0,58.14,6.11,355,357,-1,-3.9,21.5,-15.9,59.8,-0.16,-0.18,1.00,0.00,0.00,0.00,-11.10,57.40,100,-1,0,18,29.9,-0.24,0.565,0.702,-0.80,0,26,0,271.3,266.0,342.0,343.9,0.00,1,11.4,38.4
67.40,brake,349.60,0.40,0.502,1,1543.5,294.9,0.0,0.0,59.68,4.97,356,357,-1,-9.9,15.5,-15.2,54.3,-0.30,-0.05,1.00,0.00,0.00,0.00,-9.60,59.11,100,-1,0,14,27.4,-0.26,0.504,0.642,-1.04,0,26,0,270.1,269.5,344.6,347.5,0.00,1,22.6,48.0
67.50,brake,349.72,0.28,0.442,1,1549.6,295.3,0.0,0.0,61.04,3.96,356,357,-1,-15.9,9.5,-12.7,48.5,-0.35,0.15,1.00,0.00,0.00,0.00,-8.30,60.60,100,-1,0,10,23.4,-0.26,0.444,0.641,-1.00,0,26,0,269.2,273.7,348.1,351.6,0.00,1,33.1,52.1
67.60,brake,349.85,0.15,0.387,1,1555.8,295.6,0.0,0.0,62.09,3.18,357,2,-1,-21.9,3.5,-9.3,43.1,-0.29,0.37,1.00,0.00,0.00,0.00,-6.75,61.81,100,-1,0,6,17.7,-0.23,0.388,0.649,-0.73,0,26,0,268.5,281.1,352.2,355.8,0.00,1,40.3,50.1
67.70,brake,349.98,0.02,0.341,1,1568.3,296.2,0.0,0.0,63.15,2.57,357,2,-1,-18.2,-2.5,-5.5,38.6,-0.12,0.44,0.96,0.00,0.00,0.00,-5.60,62.61,100,-1,0,3,6.9,-0.18,0.342,0.567,-0.38,0,26,0,267.8,299.5,356.2,359.3,0.00,1,38.0,35.4
67.80,brake,350.09,-0.09,0.310,1,1574.7,296.4,0.0,0.0,63.33,2.63,358,2,-1,-14.8,-8.5,-2.2,35.1,0.06,0.44,0.84,0.00,0.00,0.00,-4.82,63.02,100,-1,0,0,3.4,-0.14,0.310,0.509,-0.11,0,26,0,267.4,352.3,359.6,1.9,0.00,1,28.8,28.5
67.90,brake,350.19,-0.19,0.288,1,1574.7,296.4,0.0,0.0,63.33,2.63,358,2,-1,-12.3,-14.5,0.3,32.3,0.20,0.38,0.74,0.00,0.00,0.00,-4.33,63.23,100,-1,0,-2,3.4,-0.10,0.289,0.517,0.06,0,26,0,267.1,35.8,2.1,3.6,0.00,1,28.8,28.5
68.00,brake,350.27,-0.27,0.277,1,1581.0,296.7,0.0,0.0,63.37,2.81,359,3,-1,-10.9,-20.5,1.7,29.8,0.26,0.28,0.66,0.00,0.00,0.00,-3.80,63.32,100,-1,0,-3,1.4,-0.08,0.277,0.490,0.09,0,26,0,266.8,47.7,3.5,4.5,0.00,1,17.9,25.4
68.10,brake,350.35,-0.35,0.274,1,1593.7,297.3,0.0,0.0,63.28,3.28,360,3,-1,-10.2,-26.5,2.1,27.1,0.25,0.16,0.57,0.00,0.00,0.00,-3.41,63.31,100,-1,0,-3,0.5,-0.07,0.274,0.440,-0.05,0,26,0,266.6,48.3,3.8,4.8,0.00,1,-1.9,29.8
68.20,brake,350.42,-0.42,0.270,1,1600.0,297.7,0.0,0.0,63.19,3.52,0,3,-1,-10.1,-32.5,1.6,24.0,0.20,0.04,0.47,0.00,0.00,0.00,-3.11,63.29,100,-1,0,-3,0.9,-0.07,0.270,0.369,-0.16,0,26,0,266.3,41.4,3.3,4.7,0.00,1,-9.5,34.8
68.30,brake,350.49,-0.49,0.270,1,1600.0,297.7,0.0,0.0,63.19,3.52,1,3,-1,-10.4,-38.5,0.5,20.4,0.12,-0.06,0.35,0.00,0.00,0.00,-2.87,63.23,100,-1,0,-2,0.9,-0.07,0.270,0.344,-0.31,0,26,0,266.0,25.9,1.9,4.4,0.00,1,-9.5,34.8
68.40,brake,350.55,-0.55,0.271,1,1606.3,298.1,0.0,0.0,63.11,3.66,1,4,-1,-10.8,-44.5,-1.1,16.3,0.03,-0.15,0.21,0.00,0.00,0.00,-2.45,63.16,100,-1,0,-2,1.5,-0.07,0.271,0.343,-0.49,0,26,0,265.8,1.2,0.1,4.0,0.00,1,-14.6,40.0
68.50,brake,350.60,-0.60,0.272,1,1612.6,298.4,0.0,0.0,62.89,3.74,2,4,-1,-11.2,-44.4,-2.8,11.7,-0.09,-0.19,0.07,0.00,0.00,0.00,-2.03,62.96,100,-1,0,-2,2.2,-0.08,0.272,0.381,-0.61,0,26,0,265.6,336.1,358.1,3.9,0.00,1,-16.8,44.6
68.60,brake,350.63,-0.63,0.273,1,1625.1,299.2,0.0,0.0,62.27,3.64,2,4,-1,-11.5,-44.4,-4.4,6.9,-0.17,-0.19,0.00,0.00,0.00,0.00,-1.60,62.71,100,-1,0,-2,3.2,-0.10,0.273,0.416,-0.70,0,26,0,265.6,318.5,356.1,3.9,0.00,1,-14.4,48.5
68.70,brake,350.65,-0.65,0.275,1,1631.3,299.5,0.0,0.0,61.79,3.47,2,4,-1,-11.6,-44.4,-5.8,2.0,-0.19,-0.17,0.00,0.00,0.00,0.00,-1.15,62.37,100,-1,0,-2,3.2,-0.11,0.275,0.419,-0.75,0,26,0,265.6,307.6,354.4,4.1,0.00,1,-10.8,46.5
68.80,brake,350.64,-0.64,0.281,1,1637.4,299.9,0.0,0.0,61.17,3.27,3,4,-1,-11.6,-44.4,-6.8,-2.6,-0.19,-0.11,0.00,0.00,0.00,0.00,-0.70,61.88,100,-1,0,-3,2.9,-0.11,0.281,0.402,-0.84,0,26,0,265.8,301.0,353.1,4.5,0.00,1,-6.5,42.5
68.90,brake,350.60,-0.60,0.289,1,1637.4,299.9,0.0,0.0,61.17,3.27,3,4,-1,-11.5,-44.4,-7.3,-6.7,-0.15,-0.06,0.00,0.00,0.00,0.00,-0.27,61.26,100,-1,0,-3,2.9,-0.12,0.290,0.373,-0.92,0,26,0,266.1,296.7,352.2,4.8,0.00,1,-6.5,42.5
69.00,brake,350.55,-0.55,0.299,1,1643.5,300.2,0.0,0.0,60.51,3.03,3,4,-1,-11.3,-44.4,-7.6,-10.4,-0.08,-0.01,0.09,0.00,0.00,0.00,0.16,60.59,100,-1,0,-3,2.4,-0.11,0.299,0.337,-1.00,0,26,0,266.3,293.8,351.8,5.0,0.00,1,-2.9,37.4
69.10,brake,350.47,-0.47,0.307,1,1649.5,300.4,0.0,0.0,59.72,2.78,3,4,-1,-11.1,-44.4,-7.6,-13.5,-0.02,0.02,0.18,0.00,0.00,0.00,0.54,59.78,100,-1,0,-3,1.5,-0.09,0.308,0.324,-1.05,0,26,0,266.7,291.4,351.6,5.2,0.00,1,-0.2,32.7
69.20,brake,350.39,-0.39,0.317,1,1661.2,300.9,0.0,0.0,58.01,2.30,3,3,-1,-11.1,-44.4,-7.5,-16.3,0.03,0.04,0.26,0.00,0.00,0.00,0.67,58.94,100,-1,0,-3,-1.2,-0.07,0.317,0.344,-1.09,0,26,0,267.1,289.1,351.7,5.1,0.00,1,3.4,25.9
69.30,brake,350.30,-0.30,0.325,1,1661.2,300.9,0.0,0.0,58.01,2.30,3,3,-1,-11.1,-44.4,-7.3,-18.8,0.05,0.05,0.33,0.00,0.00,0.00,0.81,58.05,100,-1,0,-3,-1.2,-0.03,0.325,0.368,-1.09,0,26,0,267.6,286.3,351.9,4.8,0.00,1,3.4,25.9
69.40,brake,350.21,-0.21,0.332,1,1667.0,301.2,0.0,0.0,57.08,2.09,3,3,-1,-11.3,-44.4,-7.2,-21.2,0.06,0.05,0.41,0.00,0.00,0.00,0.92,57.12,100,-1,0,-2,-2.5,0.00,0.332,0.375,-1.08,0,26,0,268.2,282.5,352.2,4.4,0.00,1,3.5,24.5
69.50,brake,350.11,-0.11,0.339,1,1678.1,301.5,0.0,0.0,55.15,1.71,3,3,-1,-11.6,-44.4,-7.2,-23.6,0.05,0.03,0.48,0.00,0.00,0.00,1.02,56.14,100,-1,0,-2,-4.5,0.03,0.339,0.371,-1.03,0,26,0,269.0,277.6,352.4,4.0,0.00,1,2.1,24.8
69.60,brake,350.02,-0.02,0.345,1,1678.1,301.5,0.0,0.0,55.15,1.71,3,0,-1,-11.9,-44.3,-7.3,-26.1,0.02,0.02,0.56,0.00,0.00,0.00,0.75,55.17,100,-1,0,-2,-4.5,0.06,0.345,0.359,-0.96,0,26,0,269.8,271.8,352.5,3.5,0.00,1,2.1,24.8
69.70,brake,349.94,0.06,0.351,1,1688.9,301.8,0.0,0.0,53.04,1.41,2,0,-1,-12.3,-44.3,-7.7,-28.7,-0.02,0.00,0.65,0.00,0.00,0.00,0.52,54.12,100,-1,0,-1,-4.8,0.08,0.351,0.361,-0.87,0,26,0,270.6,265.3,352.7,3.0,0.00,1,0.2,27.6
69.80,brake,349.86,0.14,0.358,1,1694.1,302.0,0.0,0.0,51.86,1.23,2,0,-1,-12.7,-44.3,-8.2,-31.4,-0.07,-0.02,0.74,0.00,0.00,0.00,0.35,53.06,100,-1,0,-1,-4.4,0.08,0.358,0.394,-0.77,0,26,0,271.4,259.0,352.7,2.6,0.00,1,-1.0,28.4
69.90,brake,349.79,0.21,0.365,1,1694.1,302.0,0.0,0.0,51.86,1.23,2,0,-1,-13.0,-44.2,-8.8,-34.2,-0.11,-0.03,0.83,0.00,0.00,0.00,0.26,51.87,100,-1,0,-0,-4.4,0.08,0.365,0.422,-0.64,0,26,0,272.2,253.2,352.7,2.3,0.00,1,-1.0,28.4
70.00,brake,349.69,0.31,0.376,1,1704.2,302.2,0.0,0.0,49.31,0.87,1,357,-1,-13.3,-44.2,-9.5,-37.0,-0.13,-0.03,0.92,0.00,0.00,0.00,-0.13,50.64,100,-1,0,-0,-3.1,0.07,0.376,0.443,-0.55,0,26,0,272.9,248.3,352.7,2.1,0.00,1,-0.7,26.7
70.10,brake,349.65,0.35,0.389,1,1704.2,302.2,0.0,0.0,49.31,0.87,1,357,-1,-13.5,-44.1,-10.1,-39.6,-0.14,-0.02,1.00,0.00,0.00,0.00,-0.40,49.31,100,-1,0,0,-3.1,0.06,0.389,0.456,-0.53,0,26,0,273.6,243.9,352.8,1.9,0.00,1,-0.7,26.7
70.20,brake,349.58,0.42,0.403,1,1713.7,302.3,0.0,0.0,46.41,0.46,0,357,-1,-13.6,-44.1,-10.6,-41.9,-0.13,-0.01,1.00,0.00,0.00,0.00,-0.55,47.90,100,-1,0,0,-1.4,0.05,0.404,0.461,-0.51,0,26,0,274.1,240.1,353.0,1.7,0.00,1,1.3,20.5
70.30,brake,349.51,0.49,0.418,1,1713.7,302.3,0.0,0.0,46.41,0.46,360,357,-1,-13.7,-44.1,-10.9,-43.8,-0.10,0.00,1.00,0.00,0.00,0.00,-0.63,46.40,100,-1,0,0,-1.4,0.04,0.418,0.462,-0.51,0,26,0,274.4,236.8,353.3,1.5,0.00,1,1.3,20.5
70.40,brake,349.44,0.56,0.433,1,1722.6,302.3,0.0,0.0,43.29,0.07,359,355,-1,-13.7,-44.1,-11.0,-45.3,-0.07,0.02,1.00,0.00,0.00,0.00,-0.78,44.91,100,-1,0,1,-0.1,0.03,0.433,0.468,-0.55,0,26,0,274.6,234.1,353.6,1.3,0.00,1,2.1,12.9
70.50,brake,349.37,0.63,0.447,1,1722.6,302.3,0.0,0.0,43.29,0.07,359,355,-1,-13.7,-44.1,-11.0,-46.5,-0.04,0.03,1.00,0.00,0.00,0.00,-0.86,43.28,100,-1,0,1,-0.1,0.02,0.447,0.471,-0.60,0,26,0,274.8,231.9,353.9,1.1,0.00,1,2.1,12.9
70.60,brake,349.29,0.71,0.458,1,1726.8,302.3,0.0,0.0,41.66,-0.11,359,355,-1,-13.6,-44.1,-11.0,-47.3,0.00,0.03,1.00,0.00,0.00,0.00,-0.89,41.65,100,-1,0,1,0.5,0.01,0.458,0.471,-0.63,0,26,0,274.8,230.8,354.1,1.1,0.00,1,1.7,9.2
70.70,brake,349.23,0.77,0.464,1,1730.8,302.3,0.0,0.0,39.95,-0.29,358,355,-1,-13.5,-44.2,-10.9,-47.9,0.04,0.03,1.00,0.00,0.00,0.00,-0.86,39.94,100,-1,0,1,1.1,-0.01,0.464,0.491,-0.60,0,26,0,274.7,230.8,354.2,1.1,0.00,1,0.7,5.9
70.80,brake,349.18,0.82,0.465,1,1734.7,302.2,0.0,0.0,38.19,-0.48,358,355,-1,-13.3,-44.2,-10.8,-48.2,0.05,0.03,1.00,0.00,0.00,0.00,-0.75,38.18,100,-1,0,1,1.8,-0.02,0.465,0.499,-0.51,0,26,0,274.6,231.8,354.2,1.3,0.00,1,-0.1,3.7
70.90,brake,349.13,0.87,0.465,1,1738.4,302.2,0.0,0.0,36.43,-0.66,358,355,-1,-13.1,-44.2,-10.8,-48.6,0.05,0.02,1.00,0.00,0.00,0.00,-0.63,36.43,100,-1,0,0,2.1,-0.03,0.465,0.496,-0.41,0,26,0,274.4,233.5,354.1,1.5,0.00,1,-1.3,3.0
71.00,brake,349.10,0.90,0.465,1,1745.2,302.0,0.0,0.0,33.00,-0.99,358,355,-1,-12.9,-44.2,-10.9,-49.0,0.03,0.01,1.00,0.00,0.00,0.00,-0.51,34.68,100,-1,0,0,1.2,-0.03,0.465,0.484,-0.29,0,26,0,274.3,235.2,353.9,1.8,0.00,1,-2.8,5.1
71.10,brake,349.08,0.92,0.464,1,1748.4,301.9,0.0,0.0,31.29,-1.18,358,355,-1,-12.8,-44.2,-11.2,-49.6,-0.00,-0.00,1.00,0.00,0.00,0.00,-0.34,33.02,100,-1,0,-0,0.5,-0.03,0.464,0.466,-0.14,0,26,0,274.2,236.5,353.6,2.1,0.00,1,-3.6,7.1
71.20,brake,349.08,0.92,0.465,1,1751.4,301.8,0.0,0.0,29.62,-1.36,358,356,-1,-12.7,-44.2,-11.7,-50.4,-0.05,-0.02,1.00,0.00,0.00,0.00,-0.12,31.31,100,-1,0,-0,-0.1,-0.02,0.465,0.491,0.01,0,26,0,274.3,237.5,353.3,2.4,0.00,1,-4.1,8.6
71.30,brake,349.07,0.93,0.470,1,1751.4,301.8,0.0,0.0,29.62,-1.36,358,356,-1,-12.7,-44.2,-12.4,-51.3,-0.08,-0.03,1.00,0.00,0.00,0.00,0.11,29.65,100,-1,0,-1,-0.1,-0.01,0.470,0.515,0.11,0,26,0,274.4,238.1,352.9,2.7,0.00,1,-4.1,8.6
71.40,brake,349.08,0.92,0.478,1,1756.9,301.4,0.0,0.0,26.24,-1.78,358,356,-1,-12.7,-44.2,-13.2,-52.1,-0.09,-0.04,1.00,0.00,0.00,0.00,0.36,28.03,100,-1,0,-1,-0.9,-0.01,0.478,0.530,0.14,0,26,0,274.6,238.5,352.5,3.1,0.00,1,-4.9,7.0
71.50,brake,349.08,0.92,0.484,1,1759.4,301.3,0.0,0.0,24.48,-2.03,358,356,-1,-12.8,-44.2,-14.0,-52.8,-0.08,-0.05,1.00,0.00,0.00,0.00,0.64,26.29,100,-1,0,-1,-1.4,-0.01,0.484,0.534,0.19,0,26,0,274.8,238.9,352.1,3.4,0.00,1,-4.8,5.0
71.60,brake,349.09,0.91,0.491,1,1761.7,301.0,0.0,0.0,22.72,-2.32,357,355,-1,-12.9,-44.2,-14.8,-53.3,-0.06,-0.05,1.00,0.00,0.00,0.00,0.94,24.54,100,-1,0,-2,-1.7,-0.01,0.491,0.533,0.19,0,26,0,275.0,239.2,351.7,3.7,0.00,1,-3.8,2.6
71.70,brake,349.11,0.89,0.494,1,1761.7,301.0,0.0,0.0,22.72,-2.32,357,355,-1,-13.0,-44.2,-15.4,-53.5,-0.02,-0.04,1.00,0.00,0.00,0.00,1.27,22.80,100,-1,0,-2,-1.7,-0.00,0.494,0.521,0.20,0,26,0,275.2,239.1,351.4,3.8,0.00,1,-3.8,2.6
71.80,brake,349.13,0.87,0.493,1,1763.8,300.8,0.0,0.0,20.87,-2.64,357,355,-1,-13.2,-44.2,-15.7,-53.5,0.01,-0.03,1.00,0.00,0.00,0.00,1.65,20.97,100,-1,0,-2,-1.9,0.00,0.493,0.509,0.22,0,26,0,275.4,238.6,351.2,3.8,0.00,1,-1.8,0.2
71.90,brake,349.15,0.85,0.491,1,1767.6,300.2,0.0,0.0,17.27,-3.31,357,355,-1,-13.4,-44.2,-15.9,-53.3,0.03,-0.02,1.00,0.00,0.00,0.00,2.05,19.24,100,-1,0,-2,-2.1,0.01,0.491,0.512,0.23,0,26,0,275.6,237.8,351.2,3.7,0.00,1,1.0,-2.5
72.00,brake,349.20,0.80,0.484,1,1767.6,300.2,0.0,0.0,17.27,-3.31,357,354,-1,-13.6,-44.1,-16.0,-53.0,0.05,-0.01,1.00,0.00,0.00,0.00,2.44,17.41,100,-1,0,-2,-2.1,0.01,0.484,0.508,0.28,0,26,0,275.7,236.7,351.3,3.5,0.00,1,1.0,-2.5
72.10,brake,349.23,0.77,0.476,1,1769.2,299.8,0.0,0.0,15.51,-3.61,357,354,-1,-12.8,-41.8,-15.9,-52.6,0.02,-0.01,1.00,0.00,0.00,0.00,2.81,15.68,100,-1,0,-1,-2.1,0.02,0.476,0.490,0.36,0,26,0,275.9,235.5,351.5,3.2,0.00,1,1.8,-3.1
72.20,brake,349.29,0.71,0.466,1,1771.9,299.0,0.0,0.0,12.17,-4.17,357,354,-1,-10.9,-36.6,-15.8,-52.3,-0.06,-0.02,1.00,0.00,0.00,0.00,3.16,13.99,100,-1,0,-1,-1.6,0.02,0.466,0.501,0.46,0,26,0,276.0,234.1,351.7,2.9,0.00,1,3.1,-1.5
72.30,brake,349.35,0.65,0.458,1,1771.9,299.0,0.0,0.0,12.17,-4.17,357,354,-1,-9.3,-31.7,-15.6,-52.2,-0.15,-0.04,1.00,0.00,0.00,0.00,3.50,12.38,100,-1,0,-1,-1.6,0.02,0.458,0.533,0.55,0,26,0,276.1,232.5,352.0,2.5,0.00,1,3.1,-1.5
72.40,brake,349.41,0.59,0.449,1,1773.9,298.1,0.0,0.0,8.96,-4.64,357,354,-1,-7.8,-26.8,-15.4,-51.9,-0.22,-0.05,1.00,0.00,0.00,0.00,3.81,10.78,100,-1,0,-0,-1.2,0.02,0.449,0.557,0.62,0,26,0,276.3,230.8,352.3,2.2,0.00,1,3.6,-3.1
72.50,align,349.48,0.52,0.250,1,1773.9,298.1,118.6,67.4,8.96,-4.64,357,354,-1,-1.8,-20.8,-15.0,-51.5,-0.27,-0.10,1.00,0.00,0.00,0.00,4.10,9.22,100,-1,0,3,-1.2,0.09,0.250,0.398,0.63,0,26,0,276.3,229.3,352.7,1.8,0.00,0,3.6,-3.1
72.60,align,349.55,0.45,0.250,1,1775.3,297.1,117.8,67.9,6.15,-5.00,357,354,-1,4.2,-14.8,-14.4,-50.6,-0.28,-0.14,1.00,0.00,0.00,0.00,4.38,7.70,100,-1,0,3,-0.6,0.09,0.250,0.419,0.58,0,26,0,276.3,229.3,352.7,1.8,0.00,0,5.8,-12.3
72.70,align,349.59,0.41,0.250,1,1775.3,297.1,117.2,68.4,6.15,-5.00,356,354,-1,10.2,-8.8,-13.4,-49.2,-0.26,-0.18,1.00,0.00,0.00,0.00,4.61,6.45,100,-1,0,4,-0.6,0.08,0.250,0.426,0.31,0,26,0,276.3,229.3,352.7,1.8,0.00,0,5.8,-12.3
72.80,align,349.58,0.42,0.270,1,1776.3,296.1,116.6,68.9,4.57,-5.19,356,354,-1,16.2,-2.8,-12.1,-47.1,-0.21,-0.21,1.00,0.00,0.00,0.00,4.74,5.67,100,-1,0,4,0.5,0.08,0.270,0.438,-0.29,0,26,0,276.0,224.3,354.2,0.2,0.00,0,11.2,-24.7
72.90,align,349.51,0.49,0.301,1,1776.3,296.1,116.2,69.4,4.57,-5.19,356,354,-1,20.5,3.2,-10.3,-44.3,-0.15,-0.21,1.00,0.00,0.00,0.00,4.88,4.90,100,-1,0,4,0.5,0.06,0.301,0.444,-0.84,0,26,0,276.0,224.3,354.2,0.2,0.00,0,11.2,-24.7
73.00,align,349.41,0.59,0.331,1,1777.0,295.1,115.8,69.9,2.86,-5.39,356,354,-1,20.6,9.2,-8.0,-40.9,-0.09,-0.16,1.00,0.00,0.00,0.00,5.02,4.04,100,-1,0,4,2.5,0.05,0.331,0.433,-1.33,0,26,0,276.0,224.3,354.2,0.2,0.00,0,19.6,-37.3
73.10,align,349.26,0.74,0.359,1,1777.2,294.5,115.5,70.4,1.98,-5.50,356,354,-1,20.7,15.2,-5.4,-37.0,-0.02,-0.08,0.91,0.00,0.00,0.00,5.18,3.22,100,-1,0,4,3.9,0.03,0.359,0.403,-1.73,0,26,0,276.0,224.3,354.2,0.2,0.00,0,24.4,-42.1
73.20,align,349.08,0.92,0.380,1,1777.4,294.0,115.3,71.0,1.10,-5.57,356,356,-1,20.8,20.7,-2.3,-32.6,0.05,0.02,0.75,0.00,0.00,0.00,5.36,2.35,100,-1,0,4,6.0,-0.00,0.380,0.404,-1.96,0,26,0,274.3,174.2,0.4,356.2,0.00,0,29.0,-45.7
73.30,align,348.89,1.11,0.391,1,1777.4,294.0,115.1,71.5,1.10,-5.57,356,356,-1,20.9,20.8,1.1,-27.9,0.15,0.12,0.60,0.00,0.00,0.00,5.48,1.48,100,-1,0,4,6.0,-0.04,0.391,0.496,-1.99,0,26,0,274.3,174.2,0.4,356.2,0.00,0,29.0,-45.7
73.40,align,348.70,1.30,0.392,1,1777.4,292.8,115.1,72.1,-0.35,-5.43,356,356,-1,21.0,20.9,4.6,-23.2,0.22,0.20,0.45,0.00,0.00,0.00,5.53,0.64,100,-1,0,4,10.9,-0.09,0.393,0.560,-1.82,0,26,0,274.3,174.2,0.4,356.2,0.00,0,31.8,-46.7
73.50,align,348.53,1.47,0.385,1,1777.4,292.8,115.1,72.7,-0.35,-5.43,356,356,-1,21.1,21.0,8.0,-18.6,0.24,0.25,0.33,0.00,0.00,0.00,5.44,0.02,100,-1,0,4,10.9,-0.14,0.386,0.582,-1.51,0,26,0,274.3,174.2,0.4,356.2,0.00,0,31.8,-46.7
73.60,align,348.38,1.62,0.372,1,1777.2,291.8,115.2,73.2,-1.19,-4.76,356,358,-1,21.2,21.1,11.0,-14.4,0.21,0.25,0.26,0.00,0.00,0.00,5.19,-0.55,100,-1,0,4,13.5,-0.18,0.373,0.560,-1.09,0,26,0,272.1,100.3,11.6,355.1,0.00,0,25.1,-35.9
73.70,align,348.26,1.74,0.359,1,1777.1,291.4,115.3,73.7,-1.32,-4.28,357,358,-1,21.3,21.2,13.5,-10.9,0.15,0.21,0.24,0.00,0.00,0.00,4.82,-0.90,100,-1,0,3,13.4,-0.20,0.360,0.507,-0.70,0,26,0,272.1,100.3,11.6,355.1,0.00,0,18.8,-28.7
73.80,align,348.18,1.82,0.349,1,1777.1,291.4,115.4,74.1,-1.32,-4.28,357,358,-1,21.4,21.3,15.3,-7.9,0.08,0.14,0.24,0.00,0.00,0.00,4.35,-1.07,100,-1,0,3,13.4,-0.20,0.350,0.436,-0.41,0,26,0,272.1,100.3,11.6,355.1,0.00,0,18.8,-28.7
73.90,align,348.13,1.87,0.339,1,1776.8,290.7,115.5,74.5,-1.32,-3.21,357,358,-1,21.5,21.5,16.5,-5.6,0.00,0.05,0.24,0.00,0.00,0.00,3.82,-1.11,100,-1,0,3,10.5,-0.18,0.340,0.361,-0.14,0,26,0,272.1,100.3,11.6,355.1,0.00,0,6.3,-16.4
74.00,align,348.10,1.90,0.331,1,1776.7,290.4,115.7,74.8,-1.32,-2.68,357,0,-1,21.6,21.6,17.0,-3.8,-0.06,-0.03,0.25,0.00,0.00,0.00,3.26,-1.17,100,-1,0,3,8.2,-0.16,0.332,0.368,0.06,0,26,0,269.8,89.4,17.0,359.1,0.00,0,1.5,-13.1
74.10,align,348.10,1.90,0.327,1,1776.6,290.2,115.8,75.1,-1.32,-2.19,358,0,-1,21.7,21.7,17.1,-2.3,-0.09,-0.10,0.24,0.00,0.00,0.00,2.73,-1.22,100,-1,0,2,5.7,-0.12,0.328,0.406,0.17,0,26,0,269.8,89.4,17.0,359.1,0.00,0,-1.6,-12.0
74.20,align,348.11,1.89,0.322,1,1776.6,290.2,115.9,75.3,-1.32,-2.19,358,0,-1,21.8,21.8,16.9,-0.9,-0.10,-0.15,0.23,0.00,0.00,0.00,2.23,-1.25,100,-1,0,2,5.7,-0.08,0.322,0.422,0.29,0,26,0,269.8,89.4,17.0,359.1,0.00,0,-1.6,-12.0
74.30,align,348.13,1.87,0.317,1,1776.3,289.8,116.1,75.5,-1.32,-1.37,358,0,-1,21.9,21.9,16.7,0.5,-0.08,-0.15,0.22,0.00,0.00,0.00,1.78,-1.27,100,-1,0,2,1.5,-0.04,0.317,0.411,0.40,0,26,0,269.8,89.4,17.0,359.1,0.00,0,-0.7,-14.9
74.40,align,348.16,1.84,0.312,1,1776.3,289.8,116.2,75.7,-1.32,-1.37,359,0,-1,22.0,22.1,16.7,2.1,-0.05,-0.12,0.23,0.00,0.00,0.00,1.40,-1.29,100,-1,0,1,1.5,-0.00,0.312,0.382,0.51,0,26,0,269.8,89.3,16.7,0.8,0.00,0,-0.7,-14.9
74.50,align,348.20,1.80,0.304,1,1776.1,289.6,116.3,75.8,-1.27,-0.70,359,0,-1,22.1,22.2,17.0,3.8,-0.02,-0.07,0.25,0.00,0.00,0.00,1.05,-1.30,100,-1,0,1,-1.1,0.02,0.304,0.339,0.67,0,26,0,269.8,89.3,16.7,0.8,0.00,0,5.7,-18.8
74.60,align,348.24,1.76,0.296,1,1775.9,289.6,116.4,75.9,-1.19,-0.40,359,0,-1,22.2,22.3,17.8,5.7,0.01,-0.01,0.28,0.00,0.00,0.00,0.72,-1.26,100,-1,0,1,-1.6,0.04,0.296,0.305,0.81,0,26,0,269.8,89.3,16.7,0.8,0.00,0,8.5,-20.2
74.70,align,348.28,1.72,0.290,1,1775.9,289.6,116.6,75.9,-1.19,-0.40,359,0,-1,22.2,22.4,18.7,7.8,0.04,0.04,0.34,0.00,0.00,0.00,0.41,-1.18,100,-1,0,1,-1.6,0.05,0.290,0.322,0.90,0,26,0,269.8,89.3,16.7,0.8,0.00,0,8.5,-20.2
74.80,align,348.32,1.68,0.286,1,1775.8,289.6,116.7,75.9,-1.05,-0.07,359,357,-1,22.3,22.5,19.9,9.9,0.06,0.07,0.40,0.00,0.00,0.00,0.08,-1.05,100,-1,0,1,-1.7,0.05,0.286,0.340,0.95,0,26,0,272.8,98.0,19.4,0.6,0.00,0,10.0,-21.0
74.90,align,348.35,1.65,0.287,1,1775.7,289.7,116.8,75.9,-0.66,0.65,359,357,-1,22.4,22.7,21.1,12.0,0.08,0.09,0.46,0.00,0.00,0.00,-0.27,-0.89,100,-1,0,1,-1.1,0.06,0.287,0.352,0.92,0,26,0,272.8,98.0,19.4,0.6,0.00,0,9.7,-19.9
75.00,align,348.39,1.61,0.290,1,1775.6,289.8,116.8,75.8,-0.40,1.07,358,357,-1,22.5,22.8,22.2,13.9,0.08,0.08,0.52,0.00,0.00,0.00,-0.63,-0.68,100,-1,0,2,-0.7,0.05,0.290,0.354,0.84,0,26,0,272.8,98.0,19.4,0.6,0.00,0,8.1,-18.2
75.10,align,348.41,1.59,0.292,1,1775.6,289.9,116.9,75.7,-0.04,1.51,358,357,-1,22.5,22.9,23.1,15.8,0.07,0.07,0.57,0.00,0.00,0.00,-1.05,-0.43,100,-1,0,2,-0.2,0.05,0.292,0.346,0.78,0,26,0,272.8,98.0,19.4,0.6,0.00,0,6.0,-16.2
75.20,align,348.43,1.57,0.296,1,1775.6,289.9,116.9,75.6,-0.04,1.51,358,354,-1,22.6,23.0,23.8,17.4,0.05,0.04,0.61,0.00,0.00,0.00,-1.50,-0.11,100,-1,0,2,-0.2,0.05,0.296,0.335,0.70,0,26,0,276.0,104.5,22.2,1.1,0.00,0,6.0,-16.2
75.30,align,348.45,1.55,0.301,1,1775.7,290.3,116.9,75.4,0.70,2.43,357,354,-1,22.7,23.0,24.3,18.8,0.04,0.01,0.65,0.00,0.00,0.00,-1.98,0.20,100,-1,0,3,0.7,0.05,0.301,0.321,0.60,0,26,0,276.0,104.5,22.2,1.1,0.00,0,1.2,-11.8
75.40,align,348.46,1.54,0.307,1,1775.8,290.6,116.8,75.2,1.10,2.87,357,354,-1,22.8,23.0,24.5,20.0,0.02,-0.02,0.67,0.00,0.00,0.00,-2.47,0.55,100,-1,0,3,1.0,0.06,0.307,0.324,0.48,0,26,0,276.0,104.5,22.2,1.1,0.00,0,-0.5,-10.0
75.50,align,348.47,1.53,0.314,1,1775.9,290.9,116.7,74.9,1.54,3.30,356,354,-1,22.8,23.0,24.5,21.0,0.01,-0.04,0.69,0.00,0.00,0.00,-2.93,0.90,100,-1,0,4,1.5,0.06,0.314,0.336,0.36,0,26,0,276.0,104.5,22.2,1.1,0.00,0,-1.1,-9.1
75.60,align,348.47,1.53,0.321,1,1775.9,290.9,116.6,74.6,1.54,3.30,356,353,-1,22.9,23.0,24.5,21.9,0.01,-0.06,0.71,0.00,0.00,0.00,-3.40,1.28,100,-1,0,4,1.5,0.06,0.321,0.348,0.24,0,26,0,277.4,107.9,21.9,1.6,0.00,0,-1.1,-9.1
75.70,align,348.46,1.54,0.327,1,1776.1,291.3,116.4,74.2,1.98,3.70,355,353,-1,23.0,23.0,24.4,22.7,0.01,-0.06,0.72,0.00,0.00,0.00,-3.86,1.66,100,-1,0,5,2.2,0.05,0.327,0.355,0.15,0,26,0,277.4,107.9,21.9,1.6,0.00,0,-1.2,-8.0
75.80,align,348.45,1.55,0.330,1,1776.3,291.7,116.2,73.8,2.46,4.13,355,353,-1,23.0,23.0,24.4,23.6,0.02,-0.05,0.74,0.00,0.00,0.00,-4.34,2.08,100,-1,0,5,2.9,0.05,0.330,0.356,0.12,0,26,0,277.4,107.9,21.9,1.6,0.00,0,-0.4,-7.0
75.90,align,348.45,1.55,0.331,1,1777.0,292.6,115.9,73.4,3.43,4.95,354,353,-1,23.0,23.0,24.5,24.4,0.03,-0.03,0.76,0.00,0.00,0.00,-4.81,2.49,100,-1,0,6,3.6,0.04,0.331,0.353,0.13,0,26,0,277.4,107.9,21.9,1.6,0.00,0,2.9,-6.2
76.00,align,348.44,1.56,0.331,1,1777.3,293.1,115.5,72.9,3.91,5.35,354,353,-1,23.0,23.0,24.8,25.2,0.04,-0.01,0.78,0.00,0.00,0.00,-5.27,2.92,100,-1,0,6,4.0,0.04,0.331,0.349,0.15,0,26,0,277.2,107.5,22.0,3.0,0.00,0,4.5,-5.7
76.10,align,348.42,1.58,0.334,1,1777.3,293.1,115.2,72.4,3.91,5.35,354,353,-1,23.0,23.0,25.3,26.0,0.04,0.01,0.80,0.00,0.00,0.00,-5.73,3.34,100,-1,0,6,4.0,0.04,0.334,0.357,0.13,0,26,0,277.2,107.5,22.0,3.0,0.00,0,4.5,-5.7
76.20,align,348.41,1.59,0.338,1,1778.2,294.3,114.7,71.8,4.97,6.19,354,353,-1,23.0,23.0,25.7,26.7,0.04,0.02,0.83,0.00,0.00,0.00,-6.18,3.80,100,-1,0,6,5.0,0.03,0.338,0.363,0.09,0,26,0,277.2,107.5,22.0,3.0,0.00,0,5.7,-2.8
76.30,align,348.40,1.60,0.341,1,1778.2,294.3,114.3,71.2,4.97,6.19,354,353,-1,23.0,23.0,26.1,27.2,0.03,0.02,0.85,0.00,0.00,0.00,-6.69,4.27,100,-1,0,6,5.0,0.02,0.341,0.362,0.07,0,26,0,277.2,107.5,22.0,3.0,0.00,0,5.7,-2.8
76.40,align,348.39,1.61,0.344,1,1779.4,295.6,113.7,70.6,6.02,7.09,354,354,-1,23.0,23.0,26.5,27.6,0.02,0.02,0.86,0.00,0.00,0.00,-7.17,4.75,100,-1,0,6,6.2,0.01,0.344,0.360,0.03,0,26,0,275.9,103.1,23.9,6.0,0.00,0,5.5,0.6
76.50,align,348.38,1.62,0.347,1,1780.0,296.4,113.1,69.9,6.55,7.58,354,354,-1,23.0,23.0,26.7,27.9,0.01,0.01,0.87,0.00,0.00,0.00,-7.68,5.24,100,-1,0,6,6.7,-0.00,0.347,0.355,0.01,0,26,0,275.9,103.1,23.9,6.0,0.00,0,4.9,1.7
76.60,align,348.38,1.62,0.348,1,1780.0,296.4,112.5,69.1,6.55,7.58,354,354,-1,23.0,23.0,26.8,28.0,-0.00,0.00,0.88,0.00,0.00,0.00,-8.22,5.72,100,-1,0,6,6.7,-0.01,0.348,0.350,0.03,0,26,0,275.9,103.1,23.9,6.0,0.00,0,4.9,1.7
76.70,align,348.38,1.62,0.348,1,1781.5,298.0,111.8,68.3,7.65,8.64,354,354,-1,23.0,23.0,26.9,28.2,-0.01,-0.00,0.88,0.00,0.00,0.00,-8.80,6.24,100,-1,0,6,7.3,-0.02,0.348,0.352,0.06,0,26,0,275.9,103.1,23.9,6.0,0.00,0,4.2,2.8
76.80,align,348.39,1.61,0.345,1,1782.3,298.9,111.0,67.5,8.17,9.18,355,357,-1,21.7,23.0,27.0,28.2,-0.01,0.01,0.88,0.00,0.00,0.00,-9.33,6.79,100,-1,0,5,7.4,-0.04,0.345,0.352,0.13,0,26,0,272.8,95.8,25.8,9.6,0.00,0,4.1,3.1
76.90,align,348.41,1.59,0.343,1,1782.3,298.9,110.2,66.6,8.17,9.18,355,357,-1,19.0,23.0,27.0,28.3,-0.01,0.04,0.88,0.00,0.00,0.00,-9.87,7.33,100,-1,0,5,7.4,-0.05,0.343,0.362,0.20,0,26,0,272.8,95.8,25.8,9.6,0.00,0,4.1,3.1
77.00,align,348.45,1.55,0.339,1,1784.0,300.9,109.4,65.6,9.18,10.28,355,357,-1,16.3,23.0,27.0,28.4,-0.00,0.07,0.89,0.00,0.00,0.00,-10.43,7.87,100,-1,0,5,7.4,-0.05,0.339,0.371,0.26,0,26,0,272.8,95.8,25.8,9.6,0.00,0,3.2,3.3
77.10,align,348.47,1.53,0.339,1,1784.0,300.9,108.5,64.6,9.18,10.28,356,357,-1,13.8,23.0,26.9,28.4,-0.01,0.09,0.88,0.00,0.00,0.00,-10.96,8.36,100,-1,0,4,7.4,-0.06,0.339,0.379,0.29,0,26,0,272.8,95.8,25.8,9.6,0.00,0,3.2,3.3
77.20,align,348.49,1.51,0.342,1,1786.0,303.1,107.5,63.5,9.98,11.30,356,1,-1,11.0,23.0,26.6,28.3,-0.01,0.11,0.88,0.00,0.00,0.00,-11.38,8.92,100,-1,0,4,6.9,-0.07,0.342,0.390,0.23,0,26,0,269.2,88.5,26.9,13.0,0.00,0,-0.4,3.4
77.30,align,348.51,1.49,0.345,1,1786.0,303.1,106.5,62.4,9.98,11.30,357,1,-1,8.3,23.0,26.1,28.2,-0.02,0.11,0.87,0.00,0.00,0.00,-11.81,9.37,100,-1,0,3,6.9,-0.08,0.345,0.398,0.18,0,26,0,269.2,88.5,26.9,13.0,0.00,0,-0.4,3.4
77.40,align,348.54,1.46,0.349,1,1787.0,304.3,105.5,61.2,10.42,11.82,358,1,-1,5.6,23.0,25.4,28.1,-0.03,0.11,0.85,0.00,0.00,0.00,-12.25,9.91,100,-1,0,2,6.5,-0.08,0.349,0.405,0.12,0,26,0,269.2,88.5,26.9,13.0,0.00,0,-2.8,3.4
77.50,align,348.55,1.45,0.352,1,1788.1,305.5,104.4,60.0,10.77,12.35,358,1,-1,3.0,23.0,24.5,27.8,-0.04,0.11,0.83,0.00,0.00,0.00,-12.71,10.34,100,-1,0,2,5.7,-0.08,0.353,0.411,0.06,0,26,0,269.2,88.5,26.9,13.0,0.00,0,-5.4,3.2
77.60,align,348.57,1.43,0.354,1,1790.3,308.1,103.3,58.7,11.56,13.43,359,4,-1,0.1,23.0,23.4,27.6,-0.04,0.10,0.80,0.00,0.00,0.00,-13.10,10.86,100,-1,0,1,3.7,-0.07,0.355,0.411,0.04,0,26,0,266.4,82.2,24.9,14.2,0.00,0,-12.0,1.6
77.70,align,348.60,1.40,0.354,1,1790.3,308.1,102.2,57.4,11.56,13.43,360,4,-1,-2.6,23.0,21.9,27.3,-0.04,0.08,0.77,0.00,0.00,0.00,-13.51,11.46,100,-1,0,0,3.7,-0.06,0.354,0.404,0.06,0,26,0,266.4,82.2,24.9,14.2,0.00,0,-12.0,1.6
77.80,align,348.63,1.37,0.353,1,1791.5,309.5,101.0,56.0,11.91,13.93,0,4,-1,-5.3,23.0,20.2,27.1,-0.04,0.06,0.74,0.00,0.00,0.00,-13.90,11.95,100,-1,0,-0,2.4,-0.05,0.353,0.394,0.10,0,26,0,266.4,82.2,24.9,14.2,0.00,0,-15.6,0.6
77.90,align,348.66,1.34,0.349,1,1792.7,310.9,99.8,54.6,12.26,14.41,1,4,-1,-7.8,23.0,18.2,27.0,-0.03,0.04,0.71,0.00,0.00,0.00,-14.27,12.42,100,-1,0,-1,1.0,-0.03,0.349,0.378,0.17,0,26,0,266.4,82.2,24.9,14.2,0.00,0,-19.1,-0.7
78.00,align,348.70,1.30,0.344,1,1795.3,313.9,98.5,53.1,13.10,15.21,1,4,-1,-10.2,23.0,16.0,26.9,-0.02,0.02,0.67,0.00,0.00,0.00,-14.61,12.98,100,-1,0,-1,-1.7,-0.01,0.344,0.361,0.27,0,26,0,266.1,78.0,17.8,11.3,0.00,0,-24.1,-3.3
78.10,align,348.75,1.25,0.339,1,1796.6,315.4,97.2,51.6,13.49,15.50,1,4,-1,-12.2,21.7,13.7,27.0,0.01,0.01,0.65,0.00,0.00,0.00,-14.86,13.48,100,-1,0,-1,-3.0,0.00,0.339,0.347,0.35,0,26,0,266.1,78.0,17.8,11.3,0.00,0,-25.9,-4.2
78.20,align,348.80,1.20,0.333,1,1796.6,315.4,95.9,50.1,13.49,15.50,2,4,-1,-14.1,19.5,11.3,27.1,0.06,-0.00,0.63,0.00,0.00,0.00,-15.07,13.97,100,-1,0,-2,-3.0,0.02,0.333,0.356,0.45,0,26,0,266.1,78.0,17.8,11.3,0.00,0,-25.9,-4.2
78.30,align,348.86,1.14,0.326,1,1799.4,318.6,94.5,48.5,14.41,15.85,2,4,-1,-15.7,17.2,8.7,27.3,0.09,-0.01,0.61,0.00,0.00,0.00,-15.20,14.49,100,-1,0,-2,-4.3,0.04,0.326,0.369,0.56,0,26,0,266.1,78.0,17.8,11.3,0.00,0,-28.0,-3.7
78.40,align,348.93,1.07,0.320,1,1800.9,320.2,93.1,46.9,14.90,15.90,2,2,-1,-17.0,14.9,6.2,27.4,0.12,-0.02,0.60,0.00,0.00,0.00,-15.33,14.97,100,-1,0,-2,-4.5,0.05,0.320,0.377,0.65,0,26,0,267.9,74.2,7.2,5.2,0.00,0,-28.1,-1.9
78.50,align,349.01,0.99,0.316,1,1802.4,321.8,91.6,45.3,15.38,15.88,2,2,-1,-17.2,12.5,3.6,27.4,0.13,-0.04,0.59,0.00,0.00,0.00,-15.37,15.44,100,-1,0,-2,-4.4,0.05,0.316,0.386,0.69,0,26,0,267.9,74.2,7.2,5.2,0.00,0,-28.0,0.6
78.60,align,349.08,0.92,0.312,1,1804.0,323.3,90.1,43.7,15.86,15.79,2,2,-1,-17.3,10.2,1.0,27.3,0.13,-0.06,0.58,0.00,0.00,0.00,-15.34,15.92,100,-1,0,-2,-3.9,0.05,0.313,0.390,0.70,0,26,0,267.9,74.2,7.2,5.2,0.00,0,-27.3,3.9
78.70,align,349.16,0.84,0.312,1,1804.0,323.3,88.5,42.2,15.86,15.79,2,2,-1,-17.3,7.7,-1.5,26.8,0.12,-0.08,0.56,0.00,0.00,0.00,-15.24,16.39,100,-1,0,-2,-3.9,0.04,0.312,0.390,0.67,0,26,0,267.9,74.2,7.2,5.2,0.00,0,-27.3,3.9
78.80,align,349.25,0.75,0.311,1,1805.6,324.9,86.9,40.6,16.30,15.62,2,0,-1,-17.3,5.5,-3.9,26.0,0.09,-0.10,0.54,0.00,0.00,0.00,-15.13,16.77,100,-1,0,-2,-3.2,0.03,0.311,0.385,0.63,0,26,0,269.5,277.0,356.3,358.8,0.00,0,-26.3,7.5
78.90,align,349.33,0.67,0.311,1,1809.0,328.0,85.2,39.0,17.18,15.12,2,0,-1,-17.4,3.2,-6.2,24.9,0.06,-0.11,0.52,0.00,0.00,0.00,-14.94,17.19,100,-1,0,-2,-1.8,0.02,0.311,0.378,0.58,0,26,0,269.5,277.0,356.3,358.8,0.00,0,-22.9,14.0
79.00,align,349.46,0.54,0.312,1,1810.8,329.5,83.5,37.5,17.53,14.79,1,0,-1,-17.4,1.0,-8.3,23.6,0.03,-0.11,0.49,0.00,0.00,0.00,-14.71,17.54,100,-1,0,-1,-1.0,0.01,0.312,0.368,0.48,0,26,0,269.5,277.0,356.3,358.8,0.00,0,-20.6,16.8
79.10,align,349.49,0.51,0.315,1,1812.5,330.9,81.7,36.0,17.89,14.39,1,0,-1,-17.4,-1.0,-10.1,22.0,0.00,-0.10,0.46,0.00,0.00,0.00,-14.41,17.85,100,-1,0,-1,-0.0,-0.01,0.315,0.357,0.40,0,26,0,269.5,277.0,356.3,358.8,0.00,0,-17.9,19.0
79.20,align,349.57,0.43,0.315,1,1812.5,330.9,80.0,34.6,17.89,14.39,1,359,-1,-17.5,-3.0,-11.7,20.1,-0.03,-0.09,0.43,0.00,0.00,0.00,-14.11,18.11,100,-1,0,-1,-0.0,-0.02,0.315,0.362,0.36,0,26,0,271.0,265.5,348.0,355.0,0.00,0,-17.9,19.0
79.30,align,349.66,0.34,0.311,1,1814.3,332.3,78.2,33.2,18.15,13.94,1,359,-1,-17.5,-4.8,-13.0,18.1,-0.05,-0.07,0.39,0.00,0.00,0.00,-13.74,18.30,100,-1,0,-1,1.0,-0.03,0.311,0.358,0.39,0,26,0,271.0,265.5,348.0,355.0,0.00,0,-14.7,20.4
79.40,align,349.76,0.24,0.304,1,1818.0,335.0,76.3,31.8,18.59,12.95,0,359,-1,-17.6,-6.6,-14.0,16.1,-0.06,-0.04,0.36,0.00,0.00,0.00,-13.32,18.50,100,-1,0,-0,2.0,-0.04,0.304,0.345,0.47,0,26,0,271.0,265.5,348.0,355.0,0.00,0,-8.9,20.6
79.50,align,349.85,0.15,0.298,1,1818.0,335.0,74.5,30.5,18.59,12.95,0,359,-1,-17.6,-8.2,-14.7,14.0,-0.06,-0.02,0.33,0.00,0.00,0.00,-12.89,18.63,100,-1,0,-0,2.0,-0.04,0.298,0.328,0.52,0,26,0,271.0,265.5,348.0,355.0,0.00,0,-8.9,20.6
79.60,align,349.94,0.06,0.296,1,1819.9,336.2,72.6,29.3,18.68,12.48,360,358,-1,-17.5,-9.5,-15.2,12.1,-0.04,0.00,0.31,0.00,0.00,0.00,-12.54,18.63,100,-1,0,0,2.2,-0.04,0.296,0.313,0.50,0,26,0,272.3,261.9,344.3,354.6,0.00,0,-6.5,19.0
79.70,align,350.03,-0.03,0.293,1,1823.6,338.6,70.7,28.0,18.72,11.56,359,358,-1,-17.0,-10.7,-15.7,10.4,-0.03,0.01,0.28,0.00,0.00,0.00,-12.18,18.61,100,-1,0,1,1.8,-0.03,0.293,0.308,0.49,0,26,0,272.3,261.9,344.3,354.6,0.00,0,-4.1,16.8
79.80,align,350.11,-0.11,0.290,1,1823.6,338.6,68.9,26.9,18.72,11.56,359,358,-1,-16.4,-11.7,-16.0,8.7,-0.02,0.01,0.27,0.00,0.00,0.00,-11.82,18.56,100,-1,0,1,1.8,-0.02,0.290,0.301,0.48,0,26,0,272.3,261.9,344.3,354.6,0.00,0,-4.1,16.8
79.90,align,350.19,-0.19,0.287,1,1825.5,339.7,67.0,25.8,18.63,11.11,359,358,-1,-15.9,-12.5,-16.3,7.1,-0.01,0.00,0.25,0.00,0.00,0.00,-11.44,18.43,100,-1,0,1,1.5,-0.01,0.287,0.293,0.48,0,26,0,272.3,261.9,344.3,354.6,0.00,0,-3.6,16.0
80.00,align,350.27,-0.27,0.284,1,1827.4,340.8,65.1,24.7,18.59,10.67,359,356,-1,-15.4,-13.4,-16.6,5.6,-0.00,-0.00,0.25,0.00,0.00,0.00,-11.13,18.31,100,-1,0,1,1.1,0.01,0.284,0.287,0.49,0,26,0,273.6,258.3,343.1,354.9,0.00,0,-3.4,15.3
80.10,align,350.34,-0.34,0.280,1,1831.1,342.8,63.3,23.6,18.37,9.79,358,356,-1,-14.8,-14.2,-16.9,4.1,-0.00,-0.01,0.24,0.00,0.00,0.00,-10.80,18.17,100,-1,0,2,0.7,0.02,0.280,0.286,0.49,0,26,0,273.6,258.3,343.1,354.9,0.00,0,-3.3,14.4
80.20,align,350.42,-0.42,0.276,1,1831.1,342.8,61.4,22.7,18.37,9.79,358,356,-1,-14.2,-14.9,-17.2,2.6,-0.00,-0.02,0.25,0.00,0.00,0.00,-10.45,18.00,100,-1,0,2,0.7,0.03,0.276,0.286,0.50,0,26,0,273.6,258.3,343.1,354.9,0.00,0,-3.3,14.4
80.30,align,350.49,-0.49,0.273,1,1834.7,344.7,59.6,21.7,18.06,8.92,358,356,-1,-13.6,-15.6,-17.5,1.2,-0.00,-0.04,0.25,0.00,0.00,0.00,-10.09,17.84,100,-1,0,2,0.6,0.03,0.273,0.288,0.51,0,26,0,273.6,258.3,343.1,354.9,0.00,0,-3.1,13.8
80.40,align,350.56,-0.56,0.270,1,1834.7,344.7,57.8,20.8,18.06,8.92,357,355,-1,-13.1,-16.1,-17.8,-0.2,0.00,-0.04,0.26,0.00,0.00,0.00,-9.79,17.60,100,-1,0,3,0.6,0.04,0.270,0.288,0.49,0,26,0,275.1,254.4,342.2,355.2,0.00,0,-3.1,13.8
80.50,align,350.62,-0.62,0.272,1,1838.3,346.4,56.0,19.9,17.67,8.11,357,355,-1,-12.5,-16.6,-18.0,-1.5,-0.00,-0.04,0.27,0.00,0.00,0.00,-9.50,17.38,100,-1,0,3,1.1,0.05,0.272,0.287,0.40,0,26,0,275.1,254.4,342.2,355.2,0.00,0,-0.8,13.2
80.60,align,350.66,-0.66,0.277,1,1840.0,347.2,54.2,19.1,17.45,7.71,356,355,-1,-12.0,-17.0,-18.1,-2.9,-0.01,-0.02,0.28,0.00,0.00,0.00,-9.18,17.13,100,-1,0,4,1.5,0.05,0.277,0.289,0.26,0,26,0,275.1,254.4,342.2,355.2,0.00,0,0.6,13.1
80.70,align,350.69,-0.69,0.282,1,1840.0,347.2,52.5,18.3,17.45,7.71,356,355,-1,-11.4,-17.4,-18.0,-4.2,-0.01,-0.01,0.28,0.00,0.00,0.00,-8.85,16.90,100,-1,0,4,1.5,0.05,0.282,0.292,0.12,0,26,0,275.1,254.4,342.2,355.2,0.00,0,0.6,13.1
80.80,align,350.71,-0.71,0.286,1,1843.4,348.6,50.8,17.6,16.92,6.91,356,354,-1,-10.8,-17.4,-17.8,-5.6,-0.02,0.00,0.29,0.00,0.00,0.00,-8.56,16.60,100,-1,0,4,2.3,0.05,0.286,0.294,0.01,0,26,0,276.2,250.7,342.7,355.7,0.00,0,2.4,12.3
80.90,align,350.73,-0.73,0.287,1,1843.4,348.6,49.1,16.9,16.92,6.91,355,354,-1,-10.2,-17.5,-17.6,-6.9,-0.03,0.00,0.29,0.00,0.00,0.00,-8.23,16.32,100,-1,0,5,2.3,0.05,0.287,0.299,-0.03,0,26,0,276.2,250.7,342.7,355.7,0.00,0,2.4,12.3
81.00,align,350.74,-0.74,0.286,1,1845.1,349.3,47.4,16.2,16.57,6.49,355,354,-1,-9.5,-17.5,-17.3,-8.1,-0.04,-0.00,0.30,0.00,0.00,0.00,-7.86,15.96,100,-1,0,5,2.6,0.04,0.286,0.303,-0.03,0,26,0,276.2,250.7,342.7,355.7,0.00,0,2.6,12.2
81.10,align,350.76,-0.76,0.285,1,1846.7,349.9,45.8,15.6,16.22,6.10,355,354,-1,-8.8,-17.5,-17.1,-9.4,-0.05,-0.01,0.31,0.00,0.00,0.00,-7.50,15.62,100,-1,0,5,2.9,0.04,0.285,0.308,-0.03,0,26,0,276.2,250.7,342.7,355.7,0.00,0,2.6,12.0
81.20,align,350.77,-0.77,0.284,1,1848.3,350.5,44.2,15.0,15.86,5.71,355,354,-1,-8.0,-17.6,-16.8,-10.6,-0.05,-0.02,0.32,0.00,0.00,0.00,-7.15,15.27,100,-1,0,5,3.4,0.04,0.284,0.312,-0.03,0,26,0,276.4,248.1,344.3,356.8,0.00,0,2.6,11.6
81.30,align,350.78,-0.78,0.285,1,1851.4,351.5,42.6,14.5,15.16,5.03,355,354,-1,-7.4,-17.6,-16.5,-11.8,-0.06,-0.02,0.33,0.00,0.00,0.00,-6.82,14.93,100,-1,0,5,4.1,0.03,0.285,0.313,-0.06,0,26,0,276.4,248.1,344.3,356.8,0.00,0,3.2,9.9
81.40,align,350.78,-0.78,0.288,1,1851.4,351.5,41.1,14.0,15.16,5.03,354,354,-1,-6.8,-17.6,-16.2,-12.9,-0.05,-0.01,0.34,0.00,0.00,0.00,-6.49,14.60,100,-1,0,6,4.1,0.03,0.288,0.313,-0.14,0,26,0,276.4,248.1,344.3,356.8,0.00,0,3.2,9.9
81.50,align,350.77,-0.77,0.292,1,1854.3,352.4,39.6,13.5,14.28,4.39,354,354,-1,-6.1,-17.4,-15.8,-13.8,-0.04,-0.01,0.35,0.00,0.00,0.00,-6.15,14.18,100,-1,0,6,4.4,0.03,0.292,0.314,-0.21,0,26,0,276.4,248.1,344.3,356.8,0.00,0,4.0,7.2
81.60,align,350.74,-0.74,0.296,1,1855.7,352.9,38.2,13.1,13.84,4.09,354,354,-1,-5.4,-17.0,-15.3,-14.5,-0.04,-0.01,0.35,0.00,0.00,0.00,-5.80,13.77,100,-1,0,6,4.4,0.03,0.296,0.314,-0.30,0,26,0,275.7,248.2,346.1,358.1,0.00,0,4.2,5.9
81.70,align,350.72,-0.72,0.300,1,1855.7,352.9,36.8,12.6,13.84,4.09,354,354,-1,-4.7,-16.6,-14.8,-15.2,-0.03,-0.01,0.36,0.00,0.00,0.00,-5.44,13.37,100,-1,0,6,4.4,0.03,0.300,0.316,-0.35,0,26,0,275.7,248.2,346.1,358.1,0.00,0,4.2,5.9
81.80,align,350.69,-0.69,0.302,1,1857.1,353.2,35.4,12.3,13.36,3.78,354,354,-1,-3.9,-16.1,-14.3,-15.8,-0.03,-0.01,0.36,0.00,0.00,0.00,-5.09,12.92,100,-1,0,6,4.4,0.03,0.302,0.320,-0.37,0,26,0,275.7,248.2,346.1,358.1,0.00,0,4.1,5.0
81.90,align,350.66,-0.66,0.303,1,1859.6,353.9,34.1,11.9,12.44,3.20,354,354,-1,-3.2,-15.5,-13.8,-16.2,-0.03,-0.02,0.36,0.00,0.00,0.00,-4.74,12.47,100,-1,0,6,5.0,0.02,0.303,0.324,-0.39,0,26,0,275.7,248.2,346.1,358.1,0.00,0,3.7,3.5
82.00,align,350.61,-0.61,0.305,1,1859.6,353.9,32.9,11.6,12.44,3.20,355,356,-1,-2.4,-15.1,-13.3,-16.7,-0.04,-0.02,0.36,0.00,0.00,0.00,-4.36,12.08,100,-1,0,5,5.0,0.01,0.305,0.329,-0.40,0,26,0,274.2,251.3,347.9,359.6,0.00,0,3.7,3.5
82.10,align,350.59,-0.59,0.307,1,1862.0,354.5,31.7,11.3,11.47,2.67,355,356,-1,-1.7,-14.5,-12.8,-17.0,-0.04,-0.03,0.36,0.00,0.00,0.00,-4.01,11.64,100,-1,0,5,5.8,-0.00,0.307,0.334,-0.42,0,26,0,274.2,251.3,347.9,359.6,0.00,0,3.4,2.2
82.20,align,350.55,-0.55,0.309,1,1862.0,354.5,30.5,11.0,11.47,2.67,355,356,-1,-0.9,-13.8,-12.3,-17.3,-0.04,-0.03,0.36,0.00,0.00,0.00,-3.67,11.19,100,-1,0,5,5.8,-0.02,0.309,0.340,-0.43,0,26,0,274.2,251.3,347.9,359.6,0.00,0,3.4,2.2
82.30,align,350.52,-0.52,0.310,1,1863.1,354.7,29.4,10.8,11.03,2.41,355,356,-1,-0.2,-13.2,-11.8,-17.5,-0.04,-0.03,0.36,0.00,0.00,0.00,-3.34,10.78,100,-1,0,5,6.3,-0.03,0.310,0.339,-0.42,0,26,0,274.2,251.3,347.9,359.6,0.00,0,3.4,1.4
82.40,align,350.49,-0.49,0.308,1,1864.2,355.0,28.3,10.5,10.50,2.14,356,358,-1,0.6,-12.4,-11.2,-17.6,-0.03,-0.03,0.35,0.00,0.00,0.00,-2.95,10.31,100,-1,0,4,6.4,-0.04,0.308,0.332,-0.37,0,26,0,271.9,260.3,349.3,1.5,0.00,0,3.9,0.1
82.50,align,350.46,-0.46,0.306,1,1865.2,355.2,27.3,10.3,10.02,1.90,356,358,-1,1.4,-11.6,-10.6,-17.5,-0.02,-0.02,0.34,0.00,0.00,0.00,-2.60,9.86,100,-1,0,4,6.2,-0.04,0.306,0.323,-0.32,0,26,0,271.9,260.3,349.3,1.5,0.00,0,4.4,-1.3
82.60,align,350.43,-0.43,0.306,1,1867.1,355.5,26.3,10.2,9.10,1.42,356,358,-1,2.2,-10.8,-9.9,-17.3,-0.01,-0.02,0.32,0.00,0.00,0.00,-2.26,9.41,100,-1,0,4,5.0,-0.04,0.306,0.319,-0.29,0,26,0,271.9,260.3,349.3,1.5,0.00,0,5.1,-2.9
82.70,align,350.40,-0.40,0.307,1,1868.0,355.6,25.4,10.0,8.66,1.21,357,358,-1,2.9,-10.1,-9.2,-17.1,-0.01,-0.03,0.31,0.00,0.00,0.00,-1.96,9.00,100,-1,0,3,4.3,-0.03,0.307,0.320,-0.30,0,26,0,271.9,260.3,349.3,1.5,0.00,0,5.4,-3.3
82.80,align,350.37,-0.37,0.309,1,1868.8,355.7,24.5,9.9,8.22,0.99,357,0,-1,3.6,-9.4,-8.5,-16.8,-0.01,-0.03,0.29,0.00,0.00,0.00,-1.64,8.59,100,-1,0,3,3.7,-0.03,0.309,0.321,-0.31,0,26,0,269.6,272.6,351.4,2.9,0.00,0,5.7,-3.4
82.90,align,350.34,-0.34,0.310,1,1868.8,355.7,23.7,9.8,8.22,0.99,358,0,-1,4.4,-8.6,-7.8,-16.5,-0.01,-0.03,0.27,0.00,0.00,0.00,-1.33,8.17,100,-1,0,2,3.7,-0.03,0.310,0.323,-0.31,0,26,0,269.6,272.6,351.4,2.9,0.00,0,5.7,-3.4
83.00,align,350.30,-0.30,0.311,1,1869.6,355.8,22.9,9.7,7.87,0.79,358,0,-1,5.0,-8.0,-7.1,-16.1,-0.01,-0.03,0.25,0.00,0.00,0.00,-1.06,7.83,100,-1,0,2,3.1,-0.02,0.311,0.324,-0.30,0,26,0,269.6,272.6,351.4,2.9,0.00,0,6.0,-3.6
83.10,align,350.28,-0.28,0.311,1,1870.3,355.9,22.2,9.6,7.43,0.62,358,0,-1,5.6,-7.2,-6.4,-15.8,-0.01,-0.02,0.23,0.00,0.00,0.00,-0.82,7.41,100,-1,0,2,2.5,-0.02,0.311,0.325,-0.29,0,26,0,269.6,272.6,351.4,2.9,0.00,0,6.4,-3.6
83.20,align,350.26,-0.26,0.311,1,1871.7,355.9,21.4,9.6,6.72,0.30,359,2,-1,6.1,-6.5,-5.6,-15.4,-0.01,-0.02,0.21,0.00,0.00,0.00,-0.59,7.07,100,-1,0,1,1.4,-0.02,0.311,0.325,-0.28,0,26,0,268.4,285.1,353.9,3.2,0.00,0,6.9,-3.5
83.30,align,350.23,-0.23,0.311,1,1871.7,355.9,20.8,9.6,6.72,0.30,359,2,-1,6.7,-5.9,-4.9,-15.1,-0.02,-0.02,0.19,0.00,0.00,0.00,-0.38,6.72,100,-1,0,1,1.4,-0.01,0.311,0.325,-0.26,0,26,0,268.4,285.1,353.9,3.2,0.00,0,6.9,-3.5
83.40,align,350.21,-0.21,0.311,1,1872.4,356.0,20.1,9.5,6.37,0.18,360,2,-1,7.1,-5.2,-4.2,-14.7,-0.02,-0.01,0.17,0.00,0.00,0.00,-0.22,6.37,100,-1,0,0,1.1,-0.01,0.311,0.326,-0.24,0,26,0,268.4,285.1,353.9,3.2,0.00,0,7.1,-3.5
83.50,align,350.18,-0.18,0.311,1,1873.6,356.0,19.5,9.5,5.67,-0.03,360,2,-1,7.5,-4.5,-3.4,-14.4,-0.03,-0.01,0.16,0.00,0.00,0.00,-0.06,6.02,100,-1,0,0,0.7,-0.02,0.311,0.327,-0.21,0,26,0,268.4,285.1,353.9,3.2,0.00,0,7.0,-3.4
83.60,align,350.16,-0.16,0.310,1,1873.6,356.0,18.9,9.5,5.67,-0.03,0,2,-1,7.8,-3.7,-2.7,-14.0,-0.03,-0.01,0.14,0.00,0.00,0.00,0.06,5.67,100,-1,0,-0,0.7,-0.02,0.310,0.328,-0.18,0,26,0,267.9,303.5,356.8,2.9,0.00,0,7.0,-3.4
83.70,align,350.15,-0.15,0.309,1,1874.6,355.9,18.4,9.5,4.97,-0.15,1,2,-1,8.0,-3.0,-2.0,-13.7,-0.04,-0.01,0.13,0.00,0.00,0.00,0.15,5.32,100,-1,0,-1,0.3,-0.02,0.309,0.328,-0.15,0,26,0,267.9,303.5,356.8,2.9,0.00,0,6.7,-3.5
83.80,align,350.13,-0.13,0.308,1,1875.1,355.9,17.9,9.6,4.70,-0.20,1,2,-1,8.2,-2.2,-1.3,-13.3,-0.04,-0.01,0.11,0.00,0.00,0.00,0.22,4.96,100,-1,0,-1,-0.0,-0.02,0.308,0.328,-0.12,0,26,0,267.9,303.5,356.8,2.9,0.00,0,6.6,-3.7
83.90,align,350.12,-0.12,0.306,1,1875.1,355.9,17.4,9.6,4.70,-0.20,1,2,-1,8.4,-1.7,-0.7,-12.9,-0.04,-0.01,0.10,0.00,0.00,0.00,0.28,4.70,100,-1,0,-1,-0.0,-0.02,0.306,0.325,-0.09,0,26,0,267.9,303.5,356.8,2.9,0.00,0,6.6,-3.7
84.00,align,350.11,-0.11,0.305,1,1875.9,355.9,17.0,9.6,4.00,-0.24,1,2,-1,8.4,-0.9,-0.0,-12.5,-0.04,-0.01,0.08,0.00,0.00,0.00,0.31,4.35,100,-1,0,-1,-0.7,-0.01,0.305,0.323,-0.06,0,26,0,267.8,346.5,359.5,2.3,0.00,0,6.2,-4.7
84.10,align,350.11,-0.11,0.304,1,1875.9,355.9,16.6,9.6,4.00,-0.24,1,2,-1,8.5,-0.1,0.6,-12.0,-0.03,-0.01,0.07,0.00,0.00,0.00,0.33,3.99,100,-1,0,-1,-0.7,-0.01,0.304,0.319,-0.03,0,26,0,267.8,346.5,359.5,2.3,0.00,0,6.2,-4.7
84.20,align,350.10,-0.10,0.302,1,1876.7,355.8,16.2,9.6,3.47,-0.22,1,2,-1,8.5,0.5,1.1,-11.5,-0.03,-0.00,0.05,0.00,0.00,0.00,0.33,3.73,100,-1,0,-1,-1.4,-0.01,0.302,0.314,0.01,0,26,0,267.8,346.5,359.5,2.3,0.00,0,5.8,-5.7
84.30,align,350.10,-0.10,0.300,1,1877.0,355.8,15.8,9.7,3.16,-0.20,2,2,-1,8.5,1.1,1.7,-10.9,-0.02,-0.00,0.03,0.00,0.00,0.00,0.31,3.46,100,-1,0,-2,-1.8,-0.00,0.300,0.308,0.05,0,26,0,267.8,346.5,359.5,2.3,0.00,0,5.6,-6.2
84.40,align,350.10,-0.10,0.298,1,1877.0,355.8,15.5,9.7,3.16,-0.20,2,2,-1,8.4,1.8,2.2,-10.3,-0.02,0.00,0.02,0.00,0.00,0.00,0.28,3.16,100,-1,0,-2,-1.8,0.01,0.298,0.304,0.09,0,26,0,268.4,49.2,1.9,1.3,0.00,0,5.6,-6.2
84.50,align,350.11,-0.11,0.295,1,1877.6,355.8,15.2,9.7,2.68,-0.11,2,2,-1,8.3,2.4,2.7,-9.7,-0.01,0.00,0.00,0.00,0.00,0.00,0.24,2.89,100,-1,0,-2,-2.2,0.01,0.295,0.301,0.13,0,26,0,268.4,49.2,1.9,1.3,0.00,0,5.2,-6.6
84.60,align,350.12,-0.12,0.292,1,1877.8,355.8,14.9,9.7,2.46,-0.05,2,2,-1,8.2,2.9,3.2,-9.0,-0.01,0.01,0.00,0.00,0.00,0.00,0.18,2.68,100,-1,0,-2,-2.3,0.01,0.292,0.299,0.17,0,26,0,268.4,49.2,1.9,1.3,0.00,0,5.0,-6.7
84.70,align,350.13,-0.13,0.289,1,1877.8,355.8,14.7,9.7,2.46,-0.05,2,2,-1,8.0,3.4,3.6,-8.4,-0.01,0.01,0.00,0.00,0.00,0.00,0.12,2.46,100,-1,0,-2,-2.3,0.01,0.289,0.297,0.22,0,26,0,268.4,49.2,1.9,1.3,0.00,0,5.0,-6.7
84.80,align,350.15,-0.15,0.285,1,1878.1,355.8,14.4,9.7,2.24,0.01,1,1,-1,7.8,3.9,4.1,-7.7,-0.01,0.01,0.00,0.00,0.00,0.00,0.04,2.24,100,-1,0,-1,-2.3,0.02,0.285,0.295,0.27,0,26,0,269.4,81.4,4.0,0.1,0.00,0,4.8,-6.7
84.90,align,350.17,-0.17,0.281,1,1878.3,355.8,14.2,9.7,2.07,0.10,1,1,-1,7.5,4.3,4.5,-7.1,-0.01,0.02,0.00,0.00,0.00,0.00,-0.05,2.07,100,-1,0,-1,-2.3,0.02,0.281,0.292,0.32,0,26,0,269.4,81.4,4.0,0.1,0.00,0,4.6,-6.6
85.00,align,350.22,-0.22,0.277,1,1878.5,355.8,14.0,9.7,1.93,0.19,1,1,-1,7.3,4.6,4.9,-6.4,-0.01,0.02,0.00,0.00,0.00,0.00,-0.15,1.94,100,-1,0,-1,-2.3,0.02,0.277,0.289,0.37,0,26,0,269.4,81.4,4.0,0.1,0.00,0,4.5,-6.6
85.10,align,350.24,-0.24,0.273,1,1878.8,355.9,13.9,9.7,1.63,0.37,1,1,-1,7.0,5.0,5.3,-5.8,-0.01,0.03,0.00,0.00,0.00,0.00,-0.24,1.76,100,-1,0,-1,-2.2,0.02,0.273,0.287,0.42,0,26,0,269.4,81.4,4.0,0.1,0.00,0,3.9,-6.6
85.20,align,350.27,-0.27,0.269,1,1878.8,355.9,13.7,9.6,1.63,0.37,1,359,-1,6.7,5.3,5.6,-5.1,-0.00,0.03,0.00,0.00,0.00,0.00,-0.35,1.63,100,-1,0,-1,-2.2,0.03,0.269,0.280,0.44,0,26,0,270.5,95.3,5.7,359.0,0.00,0,3.9,-6.6
85.30,align,350.29,-0.29,0.270,1,1879.0,355.9,13.5,9.6,1.49,0.47,1,359,-1,6.4,5.6,5.9,-4.5,0.00,0.01,0.00,0.00,0.00,0.00,-0.46,1.50,100,-1,0,-1,-2.1,0.03,0.270,0.277,0.40,0,26,0,270.5,95.3,5.7,359.0,0.00,0,2.9,-6.9
85.40,align,350.31,-0.31,0.273,1,1879.2,356.0,13.4,9.5,1.32,0.69,0,359,-1,6.1,5.7,6.0,-3.8,0.01,-0.00,0.00,0.00,0.00,0.00,-0.57,1.41,100,-1,0,-0,-1.6,0.03,0.273,0.277,0.30,0,26,0,270.5,95.3,5.7,359.0,0.00,0,-0.1,-6.8
85.50,align,350.32,-0.32,0.277,1,1879.4,356.1,13.3,9.5,1.27,0.80,0,359,-1,5.7,5.9,5.9,-3.2,0.01,-0.02,0.00,0.00,0.00,0.00,-0.68,1.32,100,-1,0,-0,-1.4,0.03,0.277,0.289,0.21,0,26,0,270.5,95.3,5.7,359.0,0.00,0,-1.1,-6.7
85.60,align,350.33,-0.33,0.278,1,1879.5,356.2,13.1,9.4,1.23,0.91,0,358,-1,5.3,6.0,5.8,-2.5,0.01,-0.03,0.00,0.00,0.00,0.00,-0.80,1.28,100,-1,0,-0,-1.3,0.03,0.278,0.295,0.18,0,26,0,271.5,104.4,5.8,358.2,0.00,0,-1.2,-6.4
85.70,align,350.34,-0.34,0.275,1,1879.5,356.2,13.0,9.3,1.23,0.91,360,358,-1,5.0,6.0,5.7,-1.9,0.01,-0.03,0.00,0.00,0.00,0.00,-0.92,1.23,100,-1,0,0,-1.3,0.03,0.275,0.290,0.21,0,26,0,271.5,104.4,5.8,358.2,0.00,0,-1.2,-6.4
85.80,align,350.35,-0.35,0.275,1,1879.6,356.3,12.9,9.2,1.14,1.02,360,358,-1,4.6,6.2,5.6,-1.4,0.00,-0.02,0.00,0.00,0.00,0.00,-1.03,1.14,100,-1,0,0,-1.2,0.03,0.275,0.283,0.19,0,26,0,271.5,104.4,5.8,358.2,0.00,0,-0.8,-5.7
85.90,align,350.36,-0.36,0.275,1,1879.8,356.5,12.8,9.1,1.14,1.20,359,358,-1,4.3,6.1,5.6,-0.9,-0.00,-0.00,0.00,0.00,0.00,0.00,-1.12,1.13,100,-1,0,1,-0.6,0.03,0.275,0.277,0.18,0,26,0,271.5,104.4,5.8,358.2,0.00,0,0.3,-4.6
86.00,align,350.37,-0.37,0.273,1,1879.8,356.5,12.7,9.0,1.14,1.20,359,358,-1,4.0,6.1,5.6,-0.4,-0.00,0.01,0.00,0.00,0.00,0.00,-1.21,1.13,100,-1,0,1,-0.6,0.03,0.273,0.276,0.19,0,26,0,272.1,110.2,5.6,357.9,0.00,0,0.3,-4.6
86.10,align,350.39,-0.39,0.269,1,1879.9,356.7,12.6,8.8,1.05,1.31,359,358,-1,3.6,6.3,5.6,0.0,-0.00,0.01,0.00,0.00,0.00,0.00,-1.33,1.03,100,-1,0,1,-0.3,0.03,0.269,0.273,0.25,0,26,0,272.1,110.2,5.6,357.9,0.00,0,0.3,-4.6
86.20,align,350.42,-0.42,0.264,1,1880.1,356.8,12.4,8.7,1.05,1.40,359,358,-1,3.3,6.2,5.7,0.4,0.00,0.01,0.00,0.00,0.00,0.00,-1.42,1.03,100,-1,0,1,-0.2,0.03,0.264,0.270,0.31,0,26,0,272.1,110.2,5.6,357.9,0.00,0,0.3,-4.3
86.30,align,350.44,-0.44,0.262,1,1880.3,357.1,12.3,8.6,1.05,1.57,359,358,-1,2.9,6.2,5.6,0.9,0.01,0.00,0.00,0.00,0.00,0.00,-1.51,1.02,100,-1,0,1,-0.0,0.03,0.262,0.266,0.31,0,26,0,272.1,110.2,5.6,357.9,0.00,0,-1.4,-4.3
86.40,align,350.45,-0.45,0.265,1,1880.3,357.1,12.2,8.4,1.05,1.57,359,358,-1,2.6,6.1,5.4,1.3,0.01,-0.01,0.00,0.00,0.00,0.00,-1.60,1.01,100,-1,0,1,-0.0,0.03,0.265,0.274,0.23,0,26,0,272.3,113.0,5.4,357.8,0.00,0,-1.4,-4.3
86.50,align,350.45,-0.45,0.272,1,1880.5,357.4,12.1,8.2,1.14,1.72,358,358,-1,2.2,5.8,5.2,1.7,0.01,-0.02,0.00,0.00,0.00,0.00,-1.69,1.10,100,-1,0,2,-0.0,0.03,0.272,0.285,0.09,0,26,0,272.3,113.0,5.4,357.8,0.00,0,-2.1,-3.9
86.60,align,350.43,-0.43,0.282,1,1880.5,357.4,12.0,8.1,1.14,1.72,358,358,-1,1.9,5.8,5.0,2.1,0.01,-0.01,0.00,0.00,0.00,0.00,-1.76,1.09,100,-1,0,2,-0.0,0.03,0.282,0.292,-0.11,0,26,0,272.3,113.0,5.4,357.8,0.00,0,-2.1,-3.9
86.70,align,350.40,-0.40,0.288,1,1880.7,357.8,11.9,7.9,1.19,1.86,358,358,-1,1.6,5.7,4.9,2.4,0.01,-0.00,0.00,0.00,0.00,0.00,-1.83,1.09,100,-1,0,2,0.0,0.04,0.288,0.292,-0.22,0,26,0,272.3,113.0,5.4,357.8,0.00,0,-1.3,-2.7
86.80,align,350.38,-0.38,0.288,1,1880.7,357.8,11.8,7.7,1.19,1.86,358,358,-1,1.3,5.5,4.7,2.7,0.01,0.00,0.00,0.00,0.00,0.00,-1.89,1.13,100,-1,0,2,0.0,0.04,0.288,0.290,-0.20,0,26,0,272.4,117.5,4.6,357.8,0.00,0,-1.3,-2.7
86.90,align,350.36,-0.36,0.285,1,1881.0,358.2,11.7,7.5,1.32,2.01,358,358,-1,0.9,5.3,4.6,2.9,0.01,0.00,0.00,0.00,0.00,0.00,-1.99,1.16,100,-1,0,2,0.0,0.04,0.285,0.289,-0.14,0,26,0,272.4,117.5,4.6,357.8,0.00,0,-1.6,-2.7
87.00,align,350.35,-0.35,0.282,1,1881.1,358.4,11.5,7.3,1.32,2.09,358,358,-1,0.6,5.0,4.4,3.2,0.01,0.00,0.00,0.00,0.00,0.00,-2.06,1.25,100,-1,0,2,0.0,0.04,0.282,0.288,-0.07,0,26,0,272.4,117.5,4.6,357.8,0.00,0,-1.7,-2.5
87.10,align,350.35,-0.35,0.279,1,1881.1,358.4,11.4,7.1,1.32,2.09,358,358,-1,0.2,5.0,4.2,3.5,0.02,0.00,0.00,0.00,0.00,0.00,-2.13,1.24,100,-1,0,2,0.0,0.04,0.279,0.286,-0.01,0,26,0,272.4,117.5,4.6,357.8,0.00,0,-1.7,-2.5
87.20,align,350.35,-0.35,0.275,1,1881.4,358.8,11.3,6.9,1.49,2.21,358,358,-1,-0.1,4.6,4.0,3.7,0.02,0.00,0.00,0.00,0.00,0.00,-2.20,1.32,100,-1,0,2,-0.0,0.04,0.275,0.284,0.05,0,26,0,272.5,122.6,3.9,357.8,0.00,0,-2.0,-2.5
87.30,align,350.36,-0.36,0.271,1,1881.5,359.0,11.1,6.7,1.54,2.26,358,358,-1,-0.4,4.3,3.8,4.0,0.03,0.00,0.00,0.00,0.00,0.00,-2.26,1.41,100,-1,0,2,0.0,0.04,0.271,0.282,0.11,0,26,0,272.5,122.6,3.9,357.8,0.00,0,-2.4,-2.2
87.40,align,350.37,-0.37,0.269,1,1881.7,359.3,11.0,6.5,1.58,2.31,358,358,-1,-0.7,4.1,3.6,4.2,0.02,-0.01,0.00,0.00,0.00,0.00,-2.32,1.45,100,-1,0,2,0.2,0.04,0.269,0.280,0.14,0,26,0,272.5,122.6,3.9,357.8,0.00,0,-2.8,-1.1
87.50,align,350.37,-0.37,0.270,1,1881.7,359.3,10.8,6.2,1.58,2.31,358,358,-1,-1.0,3.9,3.3,4.2,0.01,-0.01,0.00,0.00,0.00,0.00,-2.37,1.49,100,-1,0,2,0.2,0.04,0.270,0.277,0.10,0,26,0,272.5,122.6,3.9,357.8,0.00,0,-2.8,-1.1
87.60,align,350.37,-0.37,0.274,1,1882.0,359.7,10.6,6.0,1.76,2.37,358,358,-1,-1.3,3.5,3.0,4.2,-0.01,-0.01,0.00,0.00,0.00,0.00,-2.42,1.57,100,-1,0,2,0.9,0.03,0.274,0.283,0.01,0,26,0,272.4,130.4,2.8,357.8,0.00,0,-2.8,1.6
87.70,align,350.37,-0.37,0.276,1,1882.2,360.0,10.5,5.8,1.85,2.41,358,358,-1,-1.5,3.2,2.7,4.0,-0.03,-0.01,0.00,0.00,0.00,0.00,-2.44,1.66,100,-1,0,2,1.2,0.03,0.277,0.291,-0.04,0,26,0,272.4,130.4,2.8,357.8,0.00,0,-2.3,2.0
87.80,align,350.37,-0.37,0.277,1,1882.2,360.0,10.3,5.5,1.85,2.41,358,358,-1,-1.8,2.8,2.4,3.7,-0.04,-0.02,0.00,0.00,0.00,0.00,-2.48,1.75,100,-1,0,2,1.2,0.02,0.277,0.299,-0.05,0,26,0,272.4,130.4,2.8,357.8,0.00,0,-2.3,2.0
87.90,align,350.37,-0.37,0.277,1,1882.6,360.5,10.1,5.3,1.93,2.45,358,358,-1,-2.0,2.6,2.3,3.7,-0.01,0.02,0.00,0.00,0.00,0.00,-2.50,1.79,100,-1,0,2,1.7,0.02,0.277,0.288,-0.06,0,26,0,272.4,130.4,2.8,357.8,0.00,0,-1.5,1.0
88.00,align,350.36,-0.36,0.278,1,1882.8,360.7,9.9,5.0,2.02,2.46,358,358,-1,-2.2,2.3,2.2,3.6,-0.01,0.01,0.00,0.00,0.00,0.00,-2.52,1.84,100,-1,0,2,2.0,0.01,0.278,0.286,-0.07,0,26,0,271.8,131.9,2.0,358.3,0.00,0,-1.4,0.2
88.10,align,350.35,-0.35,0.278,1,1883.0,361.0,9.7,4.8,2.02,2.48,358,358,-1,-2.4,1.9,2.0,3.6,0.01,0.01,0.00,0.00,0.00,0.00,-2.54,1.93,100,-1,0,2,2.3,0.00,0.278,0.286,-0.08,0,26,0,271.8,131.9,2.0,358.3,0.00,0,-2.0,-0.3
88.20,align,350.35,-0.35,0.277,1,1883.0,361.0,9.5,4.5,2.02,2.48,358,358,-1,-2.7,1.8,1.8,3.6,0.02,0.01,0.00,0.00,0.00,0.00,-2.56,1.93,100,-1,0,2,2.3,-0.00,0.277,0.286,-0.06,0,26,0,271.8,131.9,2.0,358.3,0.00,0,-2.0,-0.3
88.30,align,350.35,-0.35,0.273,1,1883.2,361.2,9.3,4.3,2.11,2.49,358,358,-1,-2.9,1.4,1.6,3.7,0.02,0.00,0.00,0.00,0.00,0.00,-2.57,2.02,100,-1,0,2,2.3,-0.00,0.273,0.284,0.00,0,26,0,271.8,131.9,2.0,358.3,0.00,0,-2.0,-0.3
88.40,align,350.36,-0.36,0.270,1,1883.4,361.5,9.1,4.0,2.11,2.50,358,359,-1,-3.1,1.3,1.3,3.7,0.02,0.00,0.00,0.00,0.00,0.00,-2.57,2.02,100,-1,0,2,2.5,-0.01,0.270,0.280,0.06,0,26,0,270.9,126.1,1.3,359.2,0.00,0,-2.2,-0.3
88.50,align,350.37,-0.37,0.267,1,1883.9,362.0,8.9,3.8,2.24,2.50,358,359,-1,-3.2,0.9,1.0,3.7,0.02,-0.01,0.00,0.00,0.00,0.00,-2.57,2.12,100,-1,0,2,2.5,-0.01,0.267,0.278,0.10,0,26,0,270.9,126.1,1.3,359.2,0.00,0,-2.9,0.6
88.60,align,350.37,-0.37,0.268,1,1884.1,362.2,8.6,3.5,2.29,2.50,358,359,-1,-3.4,0.6,0.7,3.6,0.01,-0.01,0.00,0.00,0.00,0.00,-2.57,2.17,100,-1,0,2,2.5,-0.02,0.268,0.277,0.06,0,26,0,270.9,126.1,1.3,359.2,0.00,0,-3.0,1.8
88.70,align,350.37,-0.37,0.272,1,1884.1,362.2,8.4,3.3,2.29,2.50,358,359,-1,-3.6,0.3,0.4,3.4,-0.01,-0.01,0.00,0.00,0.00,0.00,-2.57,2.22,100,-1,0,2,2.5,-0.02,0.272,0.280,-0.02,0,26,0,270.9,126.1,1.3,359.2,0.00,0,-3.0,1.8
88.80,align,350.37,-0.37,0.274,1,1884.3,362.5,8.2,3.0,2.33,2.48,359,0,-1,-3.7,0.1,0.1,3.1,-0.02,-0.01,0.00,0.00,0.00,0.00,-2.53,2.27,100,-1,0,1,2.6,-0.03,0.274,0.286,-0.07,0,26,0,269.9,49.3,0.1,0.1,0.00,0,-2.9,2.8
88.90,align,350.37,-0.37,0.275,1,1884.8,363.0,7.9,2.8,2.37,2.44,359,0,-1,-3.7,-0.2,-0.1,2.8,-0.02,-0.01,0.00,0.00,0.00,0.00,-2.51,2.33,100,-1,0,1,2.5,-0.03,0.275,0.283,-0.08,0,26,0,269.9,49.3,0.1,0.1,0.00,0,-2.0,2.3
89.00,align,350.36,-0.36,0.275,1,1885.0,363.2,7.7,2.5,2.46,2.42,359,0,-1,-3.8,-0.4,-0.3,2.6,-0.01,0.00,0.00,0.00,0.00,0.00,-2.48,2.33,100,-1,0,1,2.6,-0.03,0.275,0.278,-0.09,0,26,0,269.9,49.3,0.1,0.1,0.00,0,-1.6,1.8
89.10,align,350.36,-0.36,0.275,1,1885.0,363.2,7.5,2.3,2.46,2.42,359,0,-1,-3.9,-0.8,-0.5,2.4,0.00,0.01,0.00,0.00,0.00,0.00,-2.45,2.43,100,-1,0,1,2.6,-0.04,0.275,0.280,-0.10,0,26,0,269.9,49.3,0.1,0.1,0.00,0,-1.6,1.8
89.20,align,350.36,-0.36,0.274,1,1885.3,363.4,7.2,2.1,2.46,2.38,360,1,-1,-4.0,-1.0,-0.7,2.3,0.01,0.01,0.00,0.00,0.00,0.00,-2.40,2.44,100,-1,0,0,2.5,-0.04,0.274,0.280,-0.08,0,26,0,268.9,331.1,359.4,1.1,0.00,0,-1.4,1.5
89.30,align,350.36,-0.36,0.270,1,1885.8,363.9,7.0,1.8,2.50,2.32,360,1,-1,-4.0,-1.2,-0.8,2.2,0.01,0.01,0.00,0.00,0.00,0.00,-2.36,2.45,100,-1,0,0,2.5,-0.05,0.270,0.275,-0.01,0,26,0,268.9,331.1,359.4,1.1,0.00,0,-1.6,1.5
89.40,align,350.37,-0.37,0.266,1,1885.8,363.9,6.7,1.6,2.50,2.32,360,1,-1,-4.0,-1.5,-1.0,2.0,0.01,0.00,0.00,0.00,0.00,0.00,-2.32,2.50,100,-1,0,0,2.5,-0.05,0.267,0.271,0.06,0,26,0,268.9,331.1,359.4,1.1,0.00,0,-1.6,1.5
89.50,align,350.38,-0.38,0.264,1,1886.3,364.4,6.5,1.4,2.55,2.24,0,1,-1,-4.0,-1.8,-1.2,1.8,0.00,-0.01,0.00,0.00,0.00,0.00,-2.27,2.55,100,-1,0,-0,2.4,-0.05,0.264,0.268,0.09,0,26,0,268.9,331.1,359.4,1.1,0.00,0,-2.4,2.5
89.60,align,350.39,-0.39,0.265,1,1886.3,364.4,6.2,1.1,2.55,2.24,0,2,-1,-4.1,-2.0,-1.5,1.5,-0.01,-0.01,0.00,0.00,0.00,0.00,-2.22,2.57,100,-1,0,-0,2.4,-0.06,0.265,0.274,0.06,0,26,0,267.9,325.8,358.6,2.0,0.00,0,-2.4,2.5
89.70,align,350.39,-0.39,0.270,1,1886.5,364.6,6.0,0.9,2.55,2.20,1,2,-1,-4.1,-2.2,-1.7,1.2,-0.02,-0.01,0.00,0.00,0.00,0.00,-2.17,2.57,100,-1,0,-1,2.4,-0.06,0.270,0.284,-0.05,0,26,0,267.9,325.8,358.6,2.0,0.00,0,-2.3,3.5
89.80,align,350.36,-0.36,0.278,1,1886.8,364.8,5.7,0.7,2.55,2.14,1,2,-1,-4.0,-2.4,-1.8,0.8,-0.02,-0.01,0.00,0.00,0.00,0.00,-2.10,2.58,100,-1,0,-1,2.4,-0.07,0.278,0.290,-0.20,0,26,0,267.9,325.8,358.6,2.0,0.00,0,-1.8,3.5
89.90,align,350.32,-0.32,0.286,1,1887.3,365.2,5.4,0.5,2.55,2.04,1,2,-1,-4.0,-2.5,-2.0,0.6,-0.01,-0.01,0.00,0.00,0.00,0.00,-2.05,2.59,100,-1,0,-1,2.2,-0.07,0.286,0.291,-0.33,0,26,0,267.9,325.8,358.6,2.0,0.00,0,-1.7,1.9
90.00,align,350.30,-0.30,0.288,1,1887.3,365.2,5.2,0.3,2.55,2.04,1,3,-1,-4.0,-2.7,-2.2,0.4,0.00,-0.01,0.00,0.00,0.00,0.00,-1.98,2.60,100,-1,0,-1,2.2,-0.07,0.288,0.292,-0.35,0,26,0,267.1,323.6,357.8,2.9,0.00,0,-1.7,1.9
90.10,align,350.29,-0.29,0.285,1,1887.8,365.6,4.9,0.1,2.46,1.92,2,3,-1,-3.9,-2.7,-2.4,0.2,0.00,-0.01,0.00,0.00,0.00,0.00,-1.92,2.51,100,-1,0,-2,1.5,-0.07,0.285,0.292,-0.28,0,26,0,267.1,323.6,357.8,2.9,0.00,0,-1.9,1.4
90.20,align,350.27,-0.27,0.282,1,1887.8,365.6,4.7,-0.1,2.46,1.92,2,3,-1,-3.8,-2.8,-2.6,0.1,0.01,-0.02,0.00,0.00,0.00,0.00,-1.85,2.52,100,-1,0,-2,1.5,-0.07,0.282,0.292,-0.21,0,26,0,267.1,323.6,357.8,2.9,0.00,0,-1.9,1.4
90.30,align,350.26,-0.26,0.279,1,1888.0,365.8,4.5,-0.3,2.46,1.83,2,3,-1,-3.6,-3.0,-2.7,-0.1,0.01,-0.02,0.00,0.00,0.00,0.00,-1.75,2.52,100,-1,0,-2,1.2,-0.06,0.279,0.290,-0.15,0,26,0,267.1,323.6,357.8,2.9,0.00,0,-1.8,1.3
90.40,align,350.25,-0.25,0.276,1,1888.5,366.1,4.2,-0.5,2.37,1.66,2,3,-1,-3.5,-3.2,-2.9,-0.2,0.01,-0.02,0.00,0.00,0.00,0.00,-1.65,2.53,100,-1,0,-2,0.2,-0.06,0.276,0.288,-0.08,0,26,0,266.6,319.5,357.1,3.4,0.00,0,-1.3,1.2
90.50,align,350.26,-0.26,0.273,1,1888.8,366.3,4.0,-0.6,2.37,1.57,2,3,-1,-3.3,-3.1,-3.0,-0.3,0.01,-0.02,0.00,0.00,0.00,0.00,-1.56,2.44,100,-1,0,-2,-0.3,-0.05,0.273,0.283,-0.02,0,26,0,266.6,319.5,357.1,3.4,0.00,0,-0.9,1.7
90.60,align,350.26,-0.26,0.270,1,1889.0,366.4,3.7,-0.8,2.37,1.48,3,3,-1,-3.1,-3.2,-3.1,-0.5,0.00,-0.01,0.00,0.00,0.00,0.00,-1.47,2.44,100,-1,0,-3,-0.9,-0.04,0.270,0.276,0.02,0,26,0,266.6,319.5,357.1,3.4,0.00,0,0.1,2.1
90.70,align,350.26,-0.26,0.270,1,1889.0,366.4,3.5,-0.9,2.37,1.48,3,3,-1,-2.9,-3.4,-3.0,-0.7,-0.00,0.00,0.00,0.00,0.00,0.00,-1.37,2.44,100,-1,0,-3,-0.9,-0.04,0.270,0.273,0.01,0,26,0,266.6,319.5,357.1,3.4,0.00,0,0.1,2.1
90.80,align,350.27,-0.27,0.270,1,1889.2,366.6,3.3,-1.1,2.29,1.40,3,3,-1,-2.8,-3.3,-2.9,-0.9,-0.02,0.02,0.00,0.00,0.00,0.00,-1.29,2.35,100,-1,0,-3,-1.3,-0.03,0.271,0.283,-0.00,0,26,0,266.9,316.2,357.0,3.1,0.00,0,1.1,2.6
90.90,align,350.28,-0.28,0.269,1,1889.7,366.8,3.0,-1.2,2.29,1.22,3,3,-1,-2.6,-3.4,-2.8,-1.2,-0.02,0.02,0.00,0.00,0.00,0.00,-1.20,2.35,100,-1,0,-3,-1.9,-0.02,0.269,0.285,0.02,0,26,0,266.9,316.2,357.0,3.1,0.00,0,1.4,2.8
91.00,align,350.29,-0.29,0.267,1,1889.7,366.8,2.8,-1.3,2.29,1.22,3,3,-1,-2.4,-3.5,-2.6,-1.5,-0.02,0.01,0.00,0.00,0.00,0.00,-1.11,2.34,100,-1,0,-3,-1.9,-0.02,0.267,0.279,0.05,0,26,0,266.9,316.2,357.0,3.1,0.00,0,1.4,2.8
91.10,align,350.29,-0.29,0.267,1,1889.9,367.0,2.6,-1.5,2.20,1.15,3,3,-1,-2.3,-3.4,-2.6,-1.7,-0.01,0.00,0.00,0.00,0.00,0.00,-1.04,2.25,100,-1,0,-3,-2.0,-0.02,0.267,0.272,0.05,0,26,0,266.9,316.2,357.0,3.1,0.00,0,0.8,2.2
91.20,align,350.29,-0.29,0.268,1,1890.3,367.2,2.4,-1.6,2.11,1.04,3,2,-1,-2.2,-3.4,-2.6,-1.8,0.00,-0.00,0.00,0.00,0.00,0.00,-0.99,2.20,100,-1,0,-3,-1.9,-0.02,0.268,0.269,0.01,0,26,0,267.7,311.0,357.4,2.4,0.00,0,0.2,0.2
91.30,align,350.28,-0.28,0.272,1,1890.3,367.2,2.2,-1.7,2.11,1.04,3,2,-1,-2.1,-3.4,-2.6,-1.7,0.02,-0.00,0.00,0.00,0.00,0.00,-0.94,2.16,100,-1,0,-3,-1.9,-0.02,0.272,0.282,-0.07,0,26,0,267.7,311.0,357.4,2.4,0.00,0,0.2,0.2
91.40,align,350.27,-0.27,0.275,1,1890.6,367.3,1.9,-1.8,2.07,0.98,3,2,-1,-2.0,-3.4,-2.5,-1.7,0.02,0.00,0.00,0.00,0.00,0.00,-0.88,2.11,100,-1,0,-3,-2.3,-0.01,0.275,0.284,-0.13,0,26,0,267.7,311.0,357.4,2.4,0.00,0,0.4,-0.2
91.50,align,350.26,-0.26,0.277,1,1891.0,367.5,1.7,-1.9,1.93,0.87,3,2,-1,-1.9,-3.4,-2.5,-1.8,0.01,0.00,0.00,0.00,0.00,0.00,-0.83,2.06,100,-1,0,-3,-2.2,-0.01,0.277,0.280,-0.16,0,26,0,267.7,311.0,357.4,2.4,0.00,0,0.5,1.4
91.60,align,350.24,-0.24,0.279,1,1891.1,367.5,1.5,-2.0,1.93,0.80,2,1,-1,-1.8,-3.2,-2.4,-1.9,-0.00,-0.00,0.00,0.00,0.00,0.00,-0.79,1.97,100,-1,0,-2,-2.1,-0.01,0.279,0.281,-0.18,0,26,0,268.5,300.6,357.5,1.5,0.00,0,0.4,1.4
91.70,align,350.23,-0.23,0.276,1,1891.1,367.5,1.4,-2.0,1.93,0.80,2,1,-1,-1.7,-3.3,-2.4,-2.1,-0.00,-0.00,0.00,0.00,0.00,0.00,-0.72,1.96,100,-1,0,-2,-2.1,-0.00,0.276,0.280,-0.12,0,26,0,268.5,300.6,357.5,1.5,0.00,0,0.4,1.4
91.80,align,350.23,-0.23,0.273,1,1891.3,367.6,1.2,-2.1,1.85,0.76,2,1,-1,-1.6,-3.2,-2.4,-2.2,-0.01,-0.01,0.00,0.00,0.00,0.00,-0.69,1.87,100,-1,0,-2,-1.9,-0.01,0.273,0.279,-0.05,0,26,0,268.5,300.6,357.5,1.5,0.00,0,0.2,1.3
91.90,align,350.24,-0.24,0.269,1,1891.7,367.8,1.0,-2.2,1.76,0.64,2,1,-1,-1.5,-3.0,-2.4,-2.3,-0.01,-0.01,0.00,0.00,0.00,0.00,-0.63,1.78,100,-1,0,-2,-2.0,-0.00,0.269,0.278,0.01,0,26,0,268.5,300.6,357.5,1.5,0.00,0,0.1,1.2
92.00,align,350.24,-0.24,0.267,1,1891.7,367.8,0.8,-2.3,1.76,0.64,2,1,-1,-1.4,-3.1,-2.4,-2.4,-0.01,-0.01,0.00,0.00,0.00,0.00,-0.58,1.78,100,-1,0,-2,-2.0,0.00,0.267,0.273,0.05,0,26,0,269.4,284.7,357.6,0.7,0.00,0,0.1,1.2
92.10,align,350.25,-0.25,0.267,1,1891.9,367.8,0.6,-2.3,1.67,0.59,2,1,-1,-1.3,-3.0,-2.3,-2.5,0.00,-0.00,0.00,0.00,0.00,0.00,-0.54,1.69,100,-1,0,-2,-2.2,0.01,0.267,0.268,0.04,0,26,0,269.4,284.7,357.6,0.7,0.00,0,0.6,0.8
92.20,align,350.25,-0.25,0.268,1,1892.2,367.9,0.5,-2.4,1.58,0.49,2,1,-1,-1.2,-2.8,-2.2,-2.5,0.00,0.01,0.00,0.00,0.00,0.00,-0.50,1.60,100,-1,0,-2,-2.0,0.01,0.268,0.272,0.00,0,26,0,269.4,284.7,357.6,0.7,0.00,0,2.2,0.4
92.30,align,350.23,-0.23,0.273,1,1892.2,367.9,0.3,-2.4,1.58,0.49,1,1,-1,-1.1,-2.9,-1.9,-2.5,0.00,0.03,0.00,0.00,0.00,0.00,-0.46,1.59,100,-1,0,-1,-2.0,0.01,0.273,0.283,-0.08,0,26,0,269.4,284.7,357.6,0.7,0.00,0,2.2,0.4
92.40,align,350.22,-0.22,0.277,1,1892.3,368.0,0.2,-2.5,1.49,0.46,1,360,-1,-1.0,-2.7,-1.8,-2.6,-0.00,0.02,0.00,0.00,0.00,0.00,-0.43,1.50,100,-1,0,-1,-2.0,0.02,0.277,0.286,-0.16,0,26,0,270.2,264.9,358.3,359.9,0.00,0,2.4,0.4
92.50,align,350.19,-0.19,0.282,1,1892.5,368.0,0.0,-2.5,1.41,0.42,1,360,-1,-1.0,-2.5,-1.7,-2.6,-0.00,0.00,0.00,0.00,0.00,0.00,-0.39,1.41,100,-1,0,-1,-2.0,0.02,0.282,0.284,-0.24,0,26,0,270.2,264.9,358.3,359.9,0.00,0,1.1,0.5
92.60,align,350.17,-0.17,0.284,1,1892.6,368.1,-0.1,-2.6,1.41,0.38,1,360,-1,-0.9,-2.6,-1.7,-2.7,-0.00,-0.01,0.00,0.00,0.00,0.00,-0.37,1.41,100,-1,0,-1,-2.1,0.03,0.284,0.289,-0.26,0,26,0,270.2,264.9,358.3,359.9,0.00,0,0.2,0.5
92.70,align,350.15,-0.15,0.281,1,1892.9,368.1,-0.2,-2.6,1.23,0.31,1,360,-1,-0.8,-2.4,-1.7,-2.7,-0.01,-0.01,0.00,0.00,0.00,0.00,-0.34,1.32,100,-1,0,-1,-1.7,0.02,0.281,0.289,-0.19,0,26,0,270.2,264.9,358.3,359.9,0.00,0,-0.1,0.5
92.80,align,350.14,-0.14,0.278,1,1893.0,368.1,-0.4,-2.6,1.14,0.27,0,359,-1,-0.8,-2.2,-1.7,-2.8,-0.01,-0.01,0.00,0.00,0.00,0.00,-0.30,1.23,100,-1,0,-0,-1.8,0.03,0.279,0.289,-0.13,0,26,0,270.9,241.1,358.3,359.2,0.00,0,-0.2,0.6
92.90,align,350.14,-0.14,0.275,1,1893.0,368.1,-0.5,-2.6,1.14,0.27,0,359,-1,-0.7,-2.0,-1.7,-2.8,-0.01,-0.02,0.00,0.00,0.00,0.00,-0.27,1.14,100,-1,0,-0,-1.8,0.03,0.275,0.288,-0.06,0,26,0,270.9,241.1,358.3,359.2,0.00,0,-0.2,0.6
93.00,align,350.14,-0.14,0.272,1,1893.1,368.2,-0.6,-2.7,1.10,0.24,0,359,-1,-0.6,-2.0,-1.8,-2.9,-0.02,-0.02,0.00,0.00,0.00,0.00,-0.24,1.10,100,-1,0,-0,-2.0,0.04,0.272,0.287,0.00,0,26,0,270.9,241.1,358.3,359.2,0.00,0,-0.4,0.7
93.10,align,350.15,-0.15,0.270,1,1893.3,368.2,-0.7,-2.7,0.97,0.16,360,359,-1,-0.5,-1.9,-1.8,-2.9,-0.01,-0.02,0.00,0.00,0.00,0.00,-0.20,1.05,100,-1,0,0,-1.8,0.04,0.270,0.282,0.04,0,26,0,270.9,241.1,358.3,359.2,0.00,0,0.2,-0.1
93.20,align,350.15,-0.15,0.270,1,1893.3,368.2,-0.8,-2.7,0.97,0.16,360,358,-1,-0.4,-1.7,-1.8,-2.9,-0.01,-0.01,0.00,0.00,0.00,0.00,-0.17,0.97,100,-1,0,0,-1.8,0.04,0.270,0.277,0.03,0,26,0,271.6,226.3,358.3,358.4,0.00,0,0.2,-0.1
93.30,align,350.14,-0.14,0.272,1,1893.4,368.2,-0.9,-2.7,0.88,0.12,359,358,-1,-0.3,-1.5,-1.7,-2.8,-0.00,0.00,0.00,0.00,0.00,0.00,-0.13,0.88,100,-1,0,1,-1.6,0.04,0.272,0.274,-0.01,0,26,0,271.6,226.3,358.3,358.4,0.00,0,1.0,-0.4
93.40,align,350.13,-0.13,0.276,1,1893.5,368.2,-1.0,-2.7,0.88,0.09,359,358,-1,-0.2,-1.5,-1.5,-2.8,-0.00,0.02,0.00,0.00,0.00,0.00,-0.10,0.88,100,-1,0,1,-1.4,0.04,0.276,0.286,-0.09,0,26,0,271.6,226.3,358.3,358.4,0.00,0,2.0,-0.4
93.50,align,350.12,-0.12,0.278,1,1893.6,368.2,-1.1,-2.7,0.70,0.04,359,358,-1,-0.2,-1.3,-1.2,-2.7,-0.01,0.03,0.00,0.00,0.00,0.00,-0.08,0.79,100,-1,0,1,-1.3,0.04,0.278,0.291,-0.11,0,26,0,271.6,226.3,358.3,358.4,0.00,0,2.4,-0.5
93.60,align,350.11,-0.11,0.276,1,1893.7,368.2,-1.1,-2.7,0.70,0.02,359,358,-1,-0.1,-1.1,-1.0,-2.7,-0.00,0.02,0.00,0.00,0.00,0.00,-0.06,0.70,100,-1,0,1,-1.0,0.05,0.276,0.286,-0.08,0,26,0,272.2,201.7,359.1,357.8,0.00,0,1.4,-1.0
93.70,align,350.10,-0.10,0.277,1,1893.7,368.2,-1.2,-2.7,0.70,0.02,359,358,-1,-0.1,-1.1,-0.9,-2.5,0.01,0.01,0.00,0.00,0.00,0.00,-0.04,0.70,100,-1,0,1,-1.0,0.04,0.277,0.282,-0.08,0,26,0,272.2,201.7,359.1,357.8,0.00,0,1.4,-1.0
93.80,align,350.09,-0.09,0.278,1,1893.8,368.3,-1.3,-2.7,0.53,0.02,359,358,-1,-0.1,-0.9,-0.8,-2.4,0.01,-0.01,0.00,0.00,0.00,0.00,-0.04,0.61,100,-1,0,1,-0.3,0.04,0.278,0.286,-0.09,0,26,0,272.2,201.7,359.1,357.8,0.00,0,-0.3,-1.9
93.90,align,350.08,-0.08,0.277,1,1893.9,368.3,-1.3,-2.8,0.53,0.02,359,358,-1,-0.1,-0.7,-0.9,-2.2,0.01,-0.02,0.00,0.00,0.00,0.00,-0.04,0.53,100,-1,0,1,-0.1,0.04,0.277,0.289,-0.07,0,26,0,272.2,201.7,359.1,357.8,0.00,0,-0.7,-1.9
94.00,align,350.08,-0.08,0.273,1,1893.9,368.3,-1.4,-2.8,0.44,0.00,358,358,-1,-0.1,-0.7,-1.0,-2.0,0.02,-0.02,0.00,0.00,0.00,0.00,-0.04,0.53,100,-1,0,2,0.1,0.03,0.273,0.289,-0.01,0,26,0,272.4,200.2,359.1,357.7,0.00,0,-0.7,-1.4
94.10,align,350.08,-0.08,0.271,1,1893.9,368.3,-1.4,-2.8,0.44,0.00,358,358,-1,-0.0,-0.5,-1.0,-1.9,0.01,-0.02,0.00,0.00,0.00,0.00,-0.01,0.44,100,-1,0,2,0.1,0.03,0.271,0.284,0.03,0,26,0,272.4,200.2,359.1,357.7,0.00,0,-0.7,-1.4
94.20,align,350.08,-0.08,0.272,1,1894.0,368.2,-1.5,-2.8,0.35,-0.03,358,358,-1,-0.0,-0.5,-1.0,-1.8,-0.00,-0.02,0.00,0.00,0.00,0.00,-0.00,0.44,100,-1,0,2,0.6,0.03,0.272,0.279,0.03,0,26,0,272.4,200.2,359.1,357.7,0.00,0,0.4,-0.6
94.30,align,350.07,-0.07,0.274,1,1894.0,368.2,-1.5,-2.7,0.35,-0.07,358,358,-1,0.1,-0.3,-1.0,-1.7,-0.01,-0.00,0.00,0.00,0.00,0.00,0.02,0.35,100,-1,0,2,0.8,0.03,0.274,0.277,-0.01,0,26,0,272.4,200.2,359.1,357.7,0.00,0,1.6,-0.5
94.40,align,350.07,-0.07,0.278,1,1894.0,368.2,-1.5,-2.7,0.35,-0.07,358,358,-1,0.1,-0.3,-0.8,-1.7,-0.01,0.02,0.00,0.00,0.00,0.00,0.05,0.35,100,-1,0,2,0.8,0.02,0.278,0.287,-0.09,0,26,0,272.2,198.4,359.3,357.9,0.00,0,1.6,-0.5
94.50,align,350.06,-0.06,0.279,1,1894.1,368.2,-1.6,-2.7,0.26,-0.09,358,358,-1,0.2,-0.3,-0.6,-1.6,-0.01,0.02,0.00,0.00,0.00,0.00,0.08,0.35,100,-1,0,2,1.2,0.02,0.279,0.292,-0.11,0,26,0,272.2,198.4,359.3,357.9,0.00,0,2.4,-0.4
94.60,align,350.05,-0.05,0.276,1,1894.1,368.2,-1.6,-2.7,0.26,-0.11,358,358,-1,0.2,-0.1,-0.3,-1.6,-0.01,0.03,0.00,0.00,0.00,0.00,0.08,0.27,100,-1,0,2,1.3,0.02,0.276,0.290,-0.05,0,26,0,272.2,198.4,359.3,357.9,0.00,0,2.2,-0.4
94.70,align,350.06,-0.06,0.273,1,1894.2,368.2,-1.6,-2.7,0.18,-0.11,358,358,-1,0.3,-0.1,-0.1,-1.6,-0.01,0.03,0.00,0.00,0.00,0.00,0.10,0.27,100,-1,0,2,1.3,0.01,0.273,0.287,0.02,0,26,0,272.2,198.4,359.3,357.9,0.00,0,1.8,-0.5
94.80,align,350.06,-0.06,0.271,1,1894.2,368.2,-1.7,-2.7,0.18,-0.11,358,358,-1,0.3,0.1,0.1,-1.5,-0.01,0.02,0.00,0.00,0.00,0.00,0.10,0.18,100,-1,0,2,1.3,0.01,0.271,0.281,0.06,0,26,0,271.7,176.2,0.1,358.3,0.00,0,1.8,-0.5
94.90,align,350.06,-0.06,0.271,1,1894.2,368.2,-1.7,-2.7,0.18,-0.11,358,358,-1,0.3,0.1,0.2,-1.4,0.00,0.01,0.00,0.00,0.00,0.00,0.10,0.18,100,-1,0,2,1.5,0.01,0.271,0.276,0.05,0,26,0,271.7,176.2,0.1,358.3,0.00,0,1.3,-1.2
95.00,align,350.06,-0.06,0.273,1,1894.2,368.2,-1.7,-2.7,0.18,-0.11,358,358,-1,0.3,0.1,0.2,-1.3,0.01,-0.01,0.00,0.00,0.00,0.00,0.10,0.18,100,-1,0,2,1.4,0.01,0.273,0.277,0.01,0,26,0,271.7,176.2,0.1,358.3,0.00,0,0.3,-1.4
95.10,align,350.05,-0.05,0.275,1,1894.2,368.2,-1.7,-2.7,0.09,-0.09,358,358,-1,0.3,0.4,0.1,-1.2,-0.00,-0.02,0.00,0.00,0.00,0.00,0.08,0.09,100,-1,0,2,1.4,0.01,0.275,0.284,-0.04,0,26,0,271.7,176.2,0.1,358.3,0.00,0,-0.8,-1.1
95.20,align,350.05,-0.05,0.274,1,1894.2,368.2,-1.7,-2.7,0.09,-0.09,358,359,-1,0.3,0.4,-0.1,-1.1,-0.01,-0.03,0.00,0.00,0.00,0.00,0.09,0.09,100,-1,0,2,1.3,0.01,0.274,0.287,-0.02,0,26,0,271.1,181.5,360.0,358.9,0.00,0,-1.4,-0.6
95.30,align,350.06,-0.06,0.271,1,1894.2,368.1,-1.7,-2.7,0.09,-0.09,358,359,-1,0.3,0.4,-0.2,-1.0,-0.01,-0.03,0.00,0.00,0.00,0.00,0.09,0.09,100,-1,0,2,1.4,0.01,0.271,0.285,0.05,0,26,0,271.1,181.5,360.0,358.9,0.00,0,-1.2,-0.6
95.40,align,350.06,-0.06,0.270,1,1894.2,368.1,-1.7,-2.6,0.00,-0.11,358,359,-1,0.3,0.3,-0.3,-1.0,-0.01,-0.02,0.00,0.00,0.00,0.00,0.09,0.09,100,-1,0,2,1.1,0.00,0.270,0.281,0.06,0,26,0,271.1,181.5,360.0,358.9,0.00,0,-0.1,-0.5
95.50,align,350.06,-0.06,0.274,1,1894.2,368.1,-1.7,-2.6,0.00,-0.11,358,359,-1,0.4,0.6,-0.3,-0.9,-0.01,-0.01,0.00,0.00,0.00,0.00,0.11,0.00,100,-1,0,2,1.3,0.01,0.274,0.280,-0.02,0,26,0,271.1,181.5,360.0,358.9,0.00,0,0.9,-0.5
95.60,align,350.04,-0.04,0.278,1,1894.2,368.1,-1.7,-2.6,0.00,-0.11,359,359,-1,0.4,0.6,-0.1,-0.9,-0.01,0.01,0.00,0.00,0.00,0.00,0.11,0.00,100,-1,0,1,1.3,0.00,0.278,0.285,-0.10,0,26,0,270.6,191.2,359.9,359.4,0.00,0,0.9,-0.5
95.70,align,350.03,-0.03,0.280,1,1894.2,368.1,-1.7,-2.6,0.00,-0.11,359,359,-1,0.4,0.6,0.0,-0.8,-0.01,0.01,0.00,0.00,0.00,0.00,0.11,0.00,100,-1,0,1,1.2,-0.00,0.280,0.289,-0.12,0,26,0,270.6,191.2,359.9,359.4,0.00,0,1.3,-0.4
95.80,align,350.03,-0.03,0.277,1,1894.2,368.1,-1.7,-2.6,0.00,-0.11,359,359,-1,0.4,0.6,0.2,-0.8,-0.01,0.01,0.00,0.00,0.00,0.00,0.11,0.00,100,-1,0,1,1.3,-0.00,0.277,0.286,-0.06,0,26,0,270.6,191.2,359.9,359.4,0.00,0,1.2,-0.4
95.90,align,350.03,-0.03,0.274,1,1894.2,368.1,-1.7,-2.6,-0.04,-0.09,359,359,-1,0.4,0.6,0.3,-0.7,-0.01,0.01,0.00,0.00,0.00,0.00,0.11,0.00,100,-1,0,1,1.4,-0.00,0.274,0.282,0.01,0,26,0,270.6,191.2,359.9,359.4,0.00,0,1.2,-0.4
96.00,align,350.04,-0.04,0.270,1,1894.2,368.1,-1.7,-2.6,-0.09,-0.09,359,360,-1,0.3,0.7,0.4,-0.7,-0.01,0.01,0.00,0.00,0.00,0.00,0.09,-0.04,100,-1,0,1,1.1,-0.01,0.270,0.279,0.07,0,26,0,270.1,107.2,0.4,359.9,0.00,0,0.6,-0.5
96.10,align,350.05,-0.05,0.268,1,1894.2,368.1,-1.7,-2.6,-0.09,-0.09,359,360,-1,0.3,0.8,0.4,-0.6,-0.01,0.00,0.00,0.00,0.00,0.00,0.09,-0.09,100,-1,0,1,1.3,-0.01,0.268,0.272,0.11,0,26,0,270.1,107.2,0.4,359.9,0.00,0,-0.0,-1.2
96.20,align,350.05,-0.05,0.267,1,1894.2,368.1,-1.7,-2.6,-0.09,-0.09,359,360,-1,0.3,0.8,0.4,-0.5,0.00,-0.01,0.00,0.00,0.00,0.00,0.09,-0.09,100,-1,0,1,1.3,-0.01,0.267,0.271,0.10,0,26,0,270.1,107.2,0.4,359.9,0.00,0,-0.0,-1.2
96.30,align,350.05,-0.05,0.269,1,1894.2,368.1,-1.7,-2.6,-0.09,-0.07,359,360,-1,0.3,0.9,0.3,-0.3,0.02,-0.01,0.00,0.00,0.00,0.00,0.07,-0.09,100,-1,0,1,1.2,-0.01,0.269,0.281,0.07,0,26,0,270.1,107.2,0.4,359.9,0.00,0,-0.2,-2.5
96.40,align,350.05,-0.05,0.273,1,1894.2,368.0,-1.7,-2.6,-0.09,-0.07,360,0,-1,0.3,0.9,0.4,-0.1,0.03,-0.00,0.00,0.00,0.00,0.00,0.07,-0.09,100,-1,0,0,1.2,-0.01,0.273,0.284,-0.01,0,26,0,269.6,44.5,0.4,0.4,0.00,0,0.6,-2.2
96.50,align,350.04,-0.04,0.276,1,1894.2,368.0,-1.7,-2.5,-0.09,-0.04,360,0,-1,0.3,0.9,0.4,0.1,0.02,0.01,0.00,0.00,0.00,0.00,0.07,-0.09,100,-1,0,0,1.2,-0.02,0.276,0.288,-0.06,0,26,0,269.6,44.5,0.4,0.4,0.00,0,0.8,-1.3
96.60,align,350.02,-0.02,0.278,1,1894.2,368.0,-1.7,-2.5,-0.09,-0.04,360,0,-1,0.2,0.9,0.5,0.2,0.01,0.01,0.00,0.00,0.00,0.00,0.04,-0.09,100,-1,0,0,1.2,-0.02,0.278,0.285,-0.10,0,26,0,269.6,44.5,0.4,0.4,0.00,0,0.8,-1.3
96.70,align,350.01,-0.01,0.282,1,1894.2,368.0,-1.7,-2.5,-0.09,-0.04,360,0,-1,0.2,0.9,0.5,0.3,-0.01,0.00,0.00,0.00,0.00,0.00,0.04,-0.09,100,-1,0,0,1.0,-0.02,0.282,0.285,-0.15,0,26,0,269.6,44.5,0.4,0.4,0.00,0,0.4,-0.3
96.80,align,350.00,0.00,0.281,1,1894.1,368.0,-1.7,-2.5,-0.09,-0.02,360,1,-1,0.2,0.9,0.5,0.3,-0.01,-0.00,0.00,0.00,0.00,0.00,0.02,-0.09,100,-1,0,0,1.4,-0.02,0.281,0.285,-0.13,0,26,0,269.2,32.3,0.5,0.8,0.00,0,-0.2,0.1
96.90,align,349.99,0.01,0.278,1,1894.1,368.0,-1.6,-2.5,-0.09,-0.02,0,1,-1,0.2,0.9,0.5,0.2,-0.01,-0.00,0.00,0.00,0.00,0.00,0.02,-0.09,100,-1,0,-0,1.4,-0.03,0.278,0.283,-0.06,0,26,0,269.2,32.3,0.5,0.8,0.00,0,-0.2,0.1
97.00,align,350.00,0.00,0.274,1,1894.1,368.0,-1.6,-2.5,-0.09,0.00,0,1,-1,0.1,0.9,0.5,0.2,-0.01,-0.01,0.00,0.00,0.00,0.00,-0.00,-0.09,100,-1,0,-0,1.2,-0.03,0.274,0.281,0.01,0,26,0,269.2,32.3,0.5,0.8,0.00,0,-0.3,0.1
97.10,align,350.01,-0.01,0.271,1,1894.1,368.0,-1.6,-2.5,-0.09,0.00,0,1,-1,0.1,0.9,0.4,0.2,-0.01,-0.01,0.00,0.00,0.00,0.00,-0.00,-0.09,100,-1,0,-0,1.2,-0.03,0.271,0.279,0.07,0,26,0,269.2,32.3,0.5,0.8,0.00,0,-0.5,0.2
97.20,align,350.02,-0.02,0.267,1,1894.1,368.0,-1.6,-2.5,-0.09,0.02,0,1,-1,0.1,0.9,0.3,0.2,-0.01,-0.01,0.00,0.00,0.00,0.00,-0.01,-0.09,100,-1,0,-0,0.9,-0.03,0.267,0.276,0.14,0,26,0,268.7,15.2,0.3,1.3,0.00,0,-0.4,0.0
97.30,align,350.05,-0.05,0.264,1,1894.1,368.0,-1.6,-2.5,-0.09,0.02,1,1,-1,0.0,0.9,0.3,0.2,-0.01,-0.01,0.00,0.00,0.00,0.00,-0.02,-0.09,100,-1,0,-1,0.9,-0.03,0.264,0.270,0.18,0,26,0,268.7,15.2,0.3,1.3,0.00,0,-0.4,0.0
97.40,align,350.05,-0.05,0.265,1,1894.1,368.0,-1.6,-2.5,0.00,0.02,1,1,-1,0.0,0.6,0.3,0.3,0.01,-0.01,0.00,0.00,0.00,0.00,-0.02,0.00,100,-1,0,-1,1.0,-0.03,0.265,0.272,0.14,0,26,0,268.7,15.2,0.3,1.3,0.00,0,-0.3,-0.7
97.50,align,350.05,-0.05,0.271,1,1894.1,368.0,-1.6,-2.5,0.00,0.03,1,1,-1,0.0,0.6,0.3,0.5,0.02,-0.00,0.00,0.00,0.00,0.00,-0.02,0.00,100,-1,0,-1,1.1,-0.04,0.271,0.281,0.03,0,26,0,268.7,15.2,0.3,1.3,0.00,0,0.3,-1.7
97.60,align,350.03,-0.03,0.279,1,1894.1,368.0,-1.6,-2.5,0.00,0.03,1,2,-1,-0.0,0.6,0.3,0.6,0.02,0.00,0.00,0.00,0.00,0.00,-0.03,0.00,100,-1,0,-1,1.1,-0.04,0.279,0.289,-0.12,0,26,0,268.3,10.3,0.3,1.7,0.00,0,0.3,-1.7
97.70,align,350.00,-0.00,0.286,1,1894.1,368.1,-1.6,-2.5,0.00,0.04,1,2,-1,-0.1,0.6,0.3,0.7,0.01,0.01,0.00,0.00,0.00,0.00,-0.04,0.00,100,-1,0,-1,1.1,-0.04,0.286,0.291,-0.24,0,26,0,268.3,10.3,0.3,1.7,0.00,0,0.5,0.2
97.80,align,349.97,0.03,0.289,1,1894.1,368.1,-1.6,-2.6,0.00,0.04,1,2,-1,-0.1,0.6,0.4,0.7,-0.00,0.01,0.00,0.00,0.00,0.00,-0.04,0.00,100,-1,0,-1,0.4,-0.05,0.289,0.293,-0.27,0,26,0,268.3,10.3,0.3,1.7,0.00,0,0.2,0.4
97.90,align,349.96,0.04,0.286,1,1894.1,368.1,-1.6,-2.6,0.00,0.04,1,2,-1,-0.1,0.6,0.4,0.6,-0.01,0.00,0.00,0.00,0.00,0.00,-0.04,0.00,100,-1,0,-1,0.4,-0.03,0.286,0.291,-0.20,0,26,0,268.3,10.3,0.3,1.7,0.00,0,0.2,0.4
98.00,align,349.95,0.05,0.283,1,1894.1,368.1,-1.6,-2.6,0.09,0.07,1,2,-1,-0.1,0.3,0.4,0.6,-0.01,0.00,0.00,0.00,0.00,0.00,-0.06,0.09,100,-1,0,-1,0.4,-0.03,0.283,0.288,-0.13,0,26,0,268.0,11.6,0.4,2.0,0.00,0,0.1,0.9
98.10,align,349.95,0.05,0.280,1,1894.1,368.1,-1.6,-2.6,0.09,0.07,1,2,-1,-0.1,0.3,0.4,0.5,-0.01,-0.00,0.00,0.00,0.00,0.00,-0.06,0.09,100,-1,0,-1,0.2,-0.03,0.280,0.286,-0.06,0,26,0,268.0,11.6,0.4,2.0,0.00,0,-0.1,1.0
98.20,align,349.95,0.05,0.277,1,1894.1,368.1,-1.6,-2.6,0.09,0.07,2,2,-1,-0.1,0.3,0.3,0.4,-0.02,-0.00,0.00,0.00,0.00,0.00,-0.06,0.09,100,-1,0,-2,0.1,-0.03,0.277,0.284,0.00,0,26,0,268.0,11.6,0.4,2.0,0.00,0,-0.2,0.7
98.30,align,349.97,0.03,0.273,1,1894.1,368.1,-1.6,-2.6,0.09,0.09,2,2,-1,-0.2,0.3,0.3,0.3,-0.02,-0.00,0.00,0.00,0.00,0.00,-0.09,0.09,100,-1,0,-2,0.0,-0.03,0.273,0.282,0.07,0,26,0,268.0,11.6,0.4,2.0,0.00,0,-0.3,0.7
98.40,align,349.98,0.02,0.269,1,1894.2,368.1,-1.6,-2.6,0.09,0.09,2,2,-1,-0.2,0.3,0.2,0.1,-0.02,-0.01,0.00,0.00,0.00,0.00,-0.09,0.09,100,-1,0,-2,-0.0,-0.03,0.269,0.280,0.13,0,26,0,268.0,7.3,0.3,2.0,0.00,0,-0.5,1.0
98.50,align,350.00,0.00,0.266,1,1894.2,368.1,-1.7,-2.6,0.09,0.09,2,2,-1,-0.2,0.2,0.2,0.1,-0.02,-0.00,0.00,0.00,0.00,0.00,-0.09,0.09,100,-1,0,-2,-0.0,-0.03,0.266,0.275,0.17,0,26,0,268.0,7.3,0.3,2.0,0.00,0,-0.5,1.0
98.60,align,350.01,-0.01,0.268,1,1894.2,368.1,-1.7,-2.6,0.09,0.09,2,2,-1,-0.2,0.2,0.2,0.1,-0.00,-0.00,0.00,0.00,0.00,0.00,-0.09,0.09,100,-1,0,-2,-0.1,-0.03,0.268,0.270,0.14,0,26,0,268.0,7.3,0.3,2.0,0.00,0,-0.5,0.4
98.70,align,350.01,-0.01,0.272,1,1894.2,368.1,-1.7,-2.6,0.09,0.11,2,2,-1,-0.2,0.2,0.2,0.2,0.01,-0.00,0.00,0.00,0.00,0.00,-0.09,0.09,100,-1,0,-2,-0.1,-0.03,0.272,0.279,0.06,0,26,0,268.0,7.3,0.3,2.0,0.00,0,-0.2,-1.8
98.80,align,350.00,-0.00,0.274,1,1894.2,368.1,-1.7,-2.6,0.09,0.11,2,2,-1,-0.3,0.2,0.1,0.4,0.03,-0.00,0.00,0.00,0.00,0.00,-0.11,0.09,100,-1,0,-2,-0.1,-0.03,0.274,0.286,0.00,0,26,0,268.1,4.5,0.2,1.9,0.00,0,0.2,-2.0
98.90,align,350.00,-0.00,0.275,1,1894.2,368.2,-1.7,-2.6,0.09,0.11,2,2,-1,-0.3,0.2,0.2,0.6,0.03,0.01,0.00,0.00,0.00,0.00,-0.11,0.09,100,-1,0,-2,-0.1,-0.03,0.275,0.288,-0.00,0,26,0,268.1,4.5,0.2,1.9,0.00,0,0.4,-1.0
99.00,align,350.00,0.00,0.277,1,1894.2,368.2,-1.7,-2.7,0.13,0.11,2,2,-1,-0.3,0.2,0.2,0.6,0.01,0.01,0.00,0.00,0.00,0.00,-0.11,0.09,100,-1,0,-2,-0.6,-0.03,0.277,0.284,-0.04,0,26,0,268.1,4.5,0.2,1.9,0.00,0,0.5,0.7
99.10,align,349.98,0.02,0.281,1,1894.2,368.2,-1.7,-2.7,0.18,0.11,2,2,-1,-0.3,0.1,0.2,0.6,-0.01,0.01,0.00,0.00,0.00,0.00,-0.11,0.14,100,-1,0,-2,-0.5,-0.03,0.281,0.287,-0.12,0,26,0,268.1,4.5,0.2,1.9,0.00,0,0.1,1.3
99.20,align,349.97,0.03,0.283,1,1894.2,368.2,-1.7,-2.7,0.18,0.11,2,2,-1,-0.3,-0.1,0.2,0.4,-0.02,0.00,0.00,0.00,0.00,0.00,-0.10,0.18,100,-1,0,-2,-0.7,-0.03,0.283,0.293,-0.14,0,26,0,268.2,8.1,0.3,1.8,0.00,0,0.0,1.5
99.30,align,349.97,0.03,0.280,1,1894.2,368.2,-1.7,-2.7,0.18,0.11,2,2,-1,-0.3,-0.1,0.2,0.2,-0.02,0.00,0.00,0.00,0.00,0.00,-0.10,0.18,100,-1,0,-2,-0.7,-0.02,0.280,0.290,-0.07,0,26,0,268.2,8.1,0.3,1.8,0.00,0,0.0,1.5
99.40,align,349.98,0.02,0.276,1,1894.3,368.2,-1.8,-2.7,0.18,0.13,2,2,-1,-0.4,-0.1,0.2,0.1,-0.03,0.00,0.00,0.00,0.00,0.00,-0.12,0.18,100,-1,0,-2,-1.0,-0.02,0.276,0.288,-0.01,0,26,0,268.2,8.1,0.3,1.8,0.00,0,-0.3,2.0
99.50,align,349.99,0.01,0.273,1,1894.3,368.2,-1.8,-2.7,0.18,0.13,2,2,-1,-0.4,-0.1,0.2,-0.1,-0.03,-0.00,0.00,0.00,0.00,0.00,-0.13,0.18,100,-1,0,-2,-1.0,-0.02,0.273,0.286,0.06,0,26,0,268.2,8.1,0.3,1.8,0.00,0,-0.4,1.4
99.60,align,349.99,0.01,0.272,1,1894.3,368.2,-1.8,-2.7,0.18,0.13,2,1,-1,-0.4,-0.1,0.1,-0.2,-0.02,-0.00,0.00,0.00,0.00,0.00,-0.13,0.18,100,-1,0,-2,-1.5,-0.02,0.272,0.282,0.07,0,26,0,268.6,5.6,0.1,1.4,0.00,0,-0.6,0.2
99.80,align,349.97,0.03,0.281,1,1894.3,368.2,-1.8,-2.7,0.18,0.13,2,1,-1,-0.5,-0.2,0.0,-0.1,0.02,-0.01,0.00,0.00,0.00,0.00,-0.13,0.18,100,-1,0,-2,-1.5,-0.00,0.281,0.292,-0.09,0,26,0,268.6,5.6,0.1,1.4,0.00,0,-0.6,-1.1
100.00,align,349.95,0.05,0.279,1,1894.4,368.3,-1.9,-2.8,0.18,0.13,2,1,-1,-0.5,-0.2,-0.2,0.3,0.03,-0.01,0.00,0.00,0.00,0.00,-0.13,0.18,100,-1,0,-2,-2.0,0.01,0.279,0.298,-0.05,0,26,0,269.2,348.7,359.8,0.8,0.00,0,-0.9,-1.9
100.20,align,349.95,0.05,0.278,1,1894.4,368.3,-1.9,-2.8,0.18,0.11,1,1,-1,-0.5,-0.2,-0.3,0.6,0.02,-0.00,0.00,0.00,0.00,0.00,-0.11,0.18,99,-1,0,-1,-2.1,0.01,0.278,0.289,-0.01,0,26,0,269.2,348.7,359.8,0.8,0.00,0,-0.4,-1.3
100.40,align,349.95,0.05,0.277,1,1894.4,368.3,-1.9,-2.8,0.18,0.11,1,0,-1,-0.5,-0.2,-0.2,0.6,0.00,0.00,0.00,0.00,0.00,0.00,-0.11,0.18,99,-1,0,-1,-1.4,0.01,0.277,0.280,-0.00,0,26,0,269.9,286.8,359.8,0.1,0.00,0,0.2,0.2
100.60,align,349.97,0.03,0.270,1,1894.5,368.3,-2.0,-2.8,0.22,0.09,1,0,-1,-0.4,-0.4,-0.2,0.5,-0.00,-0.00,0.00,0.00,0.00,0.00,-0.08,0.22,99,-1,0,-1,-1.1,0.01,0.270,0.271,0.13,0,26,0,269.9,286.8,359.8,0.1,0.00,0,-0.0,0.6
100.80,align,350.04,-0.04,0.261,1,1894.5,368.4,-2.0,-2.9,0.26,0.09,1,360,-1,-0.5,-0.5,-0.3,0.4,-0.01,-0.01,0.00,0.00,0.00,0.00,-0.09,0.26,99,-1,0,-1,-1.2,0.01,0.261,0.265,0.26,0,26,0,270.4,217.4,359.7,359.6,0.00,0,-0.4,1.0
101.00,align,350.04,-0.04,0.270,1,1894.6,368.4,-2.1,-2.9,0.26,0.07,0,360,-1,-0.4,-0.6,-0.3,0.3,0.00,-0.00,0.00,0.00,0.00,0.00,-0.06,0.26,99,-1,0,-0,-0.9,0.01,0.270,0.271,0.06,0,26,0,270.4,217.4,359.7,359.6,0.00,0,-0.1,0.4
101.20,align,350.00,0.00,0.289,1,1894.7,368.4,-2.1,-2.9,0.26,0.07,0,359,-1,-0.5,-0.6,-0.3,0.2,0.00,-0.00,0.00,0.00,0.00,0.00,-0.07,0.26,99,-1,0,-0,-0.4,0.02,0.289,0.291,-0.28,0,26,0,270.7,204.6,359.7,359.3,0.00,0,-0.2,0.2
101.40,align,349.97,0.03,0.284,1,1894.7,368.4,-2.2,-2.9,0.26,0.04,360,359,-1,-0.4,-0.6,-0.4,0.1,-0.00,-0.01,0.00,0.00,0.00,0.00,-0.04,0.26,99,-1,0,0,-0.7,0.02,0.284,0.288,-0.14,0,26,0,270.7,204.6,359.7,359.3,0.00,0,-0.4,0.4
101.60,align,349.97,0.03,0.277,1,1894.8,368.4,-2.2,-2.9,0.26,0.02,360,359,-1,-0.4,-0.7,-0.6,-0.0,-0.00,-0.02,0.00,0.00,0.00,0.00,-0.02,0.26,99,-1,0,0,-0.8,0.02,0.277,0.285,-0.01,0,26,0,271.0,208.4,359.4,359.0,0.00,0,-0.9,0.5
101.80,align,350.00,0.00,0.270,1,1894.8,368.4,-2.3,-2.9,0.26,0.00,359,359,-1,-0.3,-0.7,-0.8,-0.1,-0.00,-0.02,0.00,0.00,0.00,0.00,-0.00,0.26,99,-1,0,1,-0.9,0.03,0.270,0.281,0.12,0,26,0,271.0,208.4,359.4,359.0,0.00,0,-1.1,0.7
102.00,align,350.02,-0.02,0.268,1,1894.9,368.4,-2.3,-2.9,0.26,-0.04,359,359,-1,-0.3,-0.7,-0.9,-0.2,0.00,-0.01,0.00,0.00,0.00,0.00,0.02,0.26,99,-1,0,1,-0.6,0.03,0.269,0.273,0.12,0,26,0,271.4,212.0,359.1,358.6,0.00,0,0.9,0.1
102.20,align,350.01,-0.01,0.277,1,1894.9,368.4,-2.4,-2.9,0.26,-0.08,359,359,-1,-0.1,-0.8,-0.5,-0.2,0.00,0.03,0.00,0.00,0.00,0.00,0.06,0.26,99,-1,0,1,-0.4,0.03,0.277,0.288,-0.04,0,26,0,271.4,212.0,359.1,358.6,0.00,0,2.8,0.2
102.40,align,350.00,-0.00,0.278,1,1895.0,368.4,-2.4,-2.9,0.18,-0.09,359,358,-1,-0.1,-0.5,-0.1,-0.2,-0.00,0.02,0.00,0.00,0.00,0.00,0.08,0.18,99,-1,0,1,-0.1,0.03,0.278,0.287,-0.05,0,26,0,271.5,182.9,359.9,358.5,0.00,0,0.6,0.3
102.60,align,349.98,0.02,0.284,1,1895.0,368.4,-2.5,-2.9,0.18,-0.07,359,358,-1,-0.1,-0.6,-0.1,-0.3,-0.00,-0.01,0.00,0.00,0.00,0.00,0.06,0.18,99,-1,0,1,0.3,0.02,0.284,0.290,-0.15,0,26,0,271.5,182.9,359.9,358.5,0.00,0,-0.7,0.4
102.80,align,349.97,0.03,0.278,1,1895.0,368.3,-2.5,-2.9,0.18,-0.07,359,359,-1,-0.1,-0.6,-0.3,-0.4,-0.00,-0.02,0.00,0.00,0.00,0.00,0.06,0.18,99,-1,0,1,0.6,0.01,0.278,0.288,-0.02,0,26,0,271.4,192.5,359.7,358.6,0.00,0,-1.1,0.4
103.00,align,350.00,0.00,0.270,1,1895.1,368.3,-2.6,-2.8,0.18,-0.07,359,359,-1,-0.1,-0.6,-0.6,-0.5,-0.01,-0.03,0.00,0.00,0.00,0.00,0.06,0.18,99,-1,0,1,0.6,0.01,0.270,0.285,0.11,0,26,0,271.4,192.5,359.7,358.6,0.00,0,-1.3,0.4
103.20,align,350.01,-0.01,0.273,1,1895.1,368.3,-2.6,-2.8,0.18,-0.11,359,359,-1,-0.1,-0.6,-0.7,-0.6,-0.01,-0.01,0.00,0.00,0.00,0.00,0.08,0.18,99,-1,0,1,1.1,0.01,0.273,0.279,0.04,0,26,0,271.1,211.2,359.3,358.9,0.00,0,1.1,0.6
103.40,align,350.00,0.00,0.279,1,1895.1,368.3,-2.6,-2.8,0.09,-0.13,359,359,-1,0.0,-0.4,-0.4,-0.7,-0.01,0.02,0.00,0.00,0.00,0.00,0.11,0.09,99,-1,0,1,1.2,0.00,0.279,0.291,-0.06,0,26,0,271.1,211.2,359.3,358.9,0.00,0,1.6,0.6
103.60,align,350.01,-0.01,0.273,1,1895.1,368.3,-2.6,-2.8,0.09,-0.13,359,359,-1,0.1,-0.4,-0.1,-0.8,-0.01,0.01,0.00,0.00,0.00,0.00,0.13,0.09,99,-1,0,1,1.1,0.00,0.273,0.282,0.04,0,26,0,270.7,189.1,359.9,359.3,0.00,0,1.2,0.4
103.80,align,350.01,-0.01,0.274,1,1895.1,368.2,-2.6,-2.7,0.09,-0.13,359,359,-1,0.1,-0.4,-0.1,-0.7,0.01,-0.01,0.00,0.00,0.00,0.00,0.13,0.09,99,-1,0,1,1.2,-0.00,0.274,0.280,0.03,0,26,0,270.7,189.1,359.9,359.3,0.00,0,-0.1,-0.7
104.00,align,350.03,-0.03,0.269,1,1895.2,368.2,-2.7,-2.7,0.00,-0.13,359,360,-1,0.1,-0.2,-0.2,-0.5,0.01,-0.02,0.00,0.00,0.00,0.00,0.13,0.00,99,-1,0,1,1.0,-0.00,0.269,0.279,0.12,0,26,0,270.2,230.8,359.8,359.8,0.00,0,-0.6,-0.8
104.20,align,350.05,-0.05,0.267,1,1895.2,368.2,-2.7,-2.7,0.00,-0.15,359,360,-1,0.2,-0.2,-0.3,-0.4,-0.00,-0.00,0.00,0.00,0.00,0.00,0.15,0.00,99,-1,0,1,1.1,-0.01,0.267,0.269,0.12,0,26,0,270.2,230.8,359.8,359.8,0.00,0,0.0,-0.2
104.40,align,350.05,-0.05,0.275,1,1895.2,368.1,-2.7,-2.7,0.00,-0.15,360,0,-1,0.2,-0.2,0.1,-0.4,-0.00,0.03,0.00,0.00,0.00,0.00,0.15,0.00,99,-1,0,0,1.2,-0.02,0.275,0.288,-0.04,0,26,0,269.7,20.4,0.1,0.3,0.00,0,2.2,-0.1
104.60,align,350.01,-0.01,0.285,1,1895.2,368.1,-2.7,-2.6,0.00,-0.14,360,0,-1,0.2,-0.2,0.3,-0.4,-0.00,0.01,0.00,0.00,0.00,0.00,0.14,0.00,99,-1,0,0,1.3,-0.02,0.285,0.287,-0.20,0,26,0,269.7,20.4,0.1,0.3,0.00,0,1.0,-0.1
104.80,align,349.97,0.03,0.284,1,1895.2,368.1,-2.7,-2.6,0.00,-0.11,360,1,-1,0.2,-0.2,0.3,-0.4,-0.00,-0.01,0.00,0.00,0.00,0.00,0.11,0.00,99,-1,0,0,0.7,-0.01,0.284,0.289,-0.16,0,26,0,269.3,22.2,0.3,0.7,0.00,0,-0.7,0.0
105.00,align,349.97,0.03,0.278,1,1895.1,368.1,-2.7,-2.6,-0.09,-0.09,0,1,-1,0.1,0.0,0.1,-0.4,-0.01,-0.02,0.00,0.00,0.00,0.00,0.10,-0.09,99,-1,0,-0,0.6,-0.02,0.278,0.287,-0.02,0,26,0,269.3,22.2,0.3,0.7,0.00,0,-1.1,0.1
105.20,align,349.99,0.01,0.270,1,1895.1,368.1,-2.6,-2.6,-0.09,-0.09,0,1,-1,0.1,0.0,-0.1,-0.4,-0.01,-0.02,0.00,0.00,0.00,0.00,0.09,-0.09,99,-1,0,-0,0.7,-0.02,0.270,0.283,0.11,0,26,0,269.1,353.6,359.9,0.9,0.00,0,-1.3,0.2
105.40,align,350.01,-0.01,0.269,1,1895.1,368.0,-2.6,-2.6,-0.09,-0.09,0,1,-1,0.1,0.0,-0.2,-0.4,-0.00,-0.01,0.00,0.00,0.00,0.00,0.09,-0.09,99,-1,0,-0,0.5,-0.02,0.269,0.273,0.11,0,26,0,269.1,353.6,359.9,0.9,0.00,0,0.5,-0.3
105.60,align,350.01,-0.01,0.277,1,1895.1,368.0,-2.6,-2.5,-0.09,-0.11,1,1,-1,0.2,0.0,0.1,-0.3,-0.00,0.02,0.00,0.00,0.00,0.00,0.11,-0.09,99,-1,0,-1,0.5,-0.02,0.277,0.287,-0.05,0,26,0,268.9,3.0,0.1,1.1,0.00,0,1.6,-0.3
105.80,align,350.00,-0.00,0.275,1,1895.1,368.0,-2.6,-2.5,-0.09,-0.09,1,1,-1,0.1,0.0,0.5,-0.3,-0.00,0.03,0.00,0.00,0.00,0.00,0.09,-0.09,99,-1,0,-1,0.5,-0.03,0.275,0.288,-0.00,0,26,0,268.9,3.0,0.1,1.1,0.00,0,1.6,-0.4
106.00,align,350.00,0.00,0.275,1,1895.1,368.0,-2.6,-2.5,-0.09,-0.07,1,1,-1,0.1,0.0,0.6,-0.2,0.01,0.00,0.00,0.00,0.00,0.00,0.06,-0.09,99,-1,0,-1,0.3,-0.02,0.275,0.279,-0.00,0,26,0,268.7,25.5,0.6,1.3,0.00,0,0.6,-0.8
106.20,align,349.98,0.02,0.281,1,1895.0,368.0,-2.5,-2.5,-0.09,-0.02,1,1,-1,-0.0,0.0,0.3,-0.1,0.01,-0.03,0.00,0.00,0.00,0.00,0.02,-0.09,99,-1,0,-1,-0.2,-0.02,0.281,0.297,-0.10,0,26,0,268.7,25.5,0.6,1.3,0.00,0,-2.0,-0.6
106.40,align,349.98,0.02,0.276,1,1895.0,368.0,-2.5,-2.5,-0.09,-0.02,1,1,-1,-0.1,0.1,-0.2,0.0,-0.00,-0.04,0.00,0.00,0.00,0.00,-0.00,-0.09,99,-1,0,-1,-0.8,-0.01,0.276,0.290,0.00,0,26,0,268.8,351.2,359.8,1.2,0.00,0,-1.7,0.1
106.60,align,349.96,0.04,0.283,1,1895.0,368.0,-2.5,-2.5,-0.09,-0.04,1,1,-1,-0.0,0.1,-0.3,-0.0,-0.00,-0.00,0.00,0.00,0.00,0.00,0.03,-0.09,99,-1,0,-1,-1.4,-0.01,0.283,0.286,-0.11,0,26,0,268.8,351.2,359.8,1.2,0.00,0,0.8,0.2
106.80,align,349.94,0.06,0.282,1,1895.0,368.0,-2.5,-2.5,-0.09,-0.07,1,1,-1,0.1,0.1,-0.1,-0.1,-0.01,0.01,0.00,0.00,0.00,0.00,0.06,-0.09,99,-1,0,-1,-1.8,0.01,0.282,0.287,-0.07,0,26,0,269.3,350.2,359.9,0.7,0.00,0,0.8,0.2
107.00,align,349.95,0.05,0.275,1,1895.0,368.0,-2.5,-2.5,-0.09,-0.09,1,1,-1,0.1,0.1,0.0,-0.1,-0.01,0.01,0.00,0.00,0.00,0.00,0.06,-0.09,99,-1,0,-1,-2.0,0.02,0.275,0.281,0.06,0,26,0,269.3,350.2,359.9,0.7,0.00,0,0.7,0.3
107.20,align,349.99,0.01,0.267,1,1894.9,367.9,-2.5,-2.4,-0.09,-0.07,1,360,-1,0.1,0.1,0.2,-0.2,-0.01,0.01,0.00,0.00,0.00,0.00,0.06,-0.09,99,-1,0,-1,-1.9,0.03,0.267,0.273,0.19,0,26,0,270.1,124.0,0.2,359.9,0.00,0,0.2,0.2
107.40,align,350.03,-0.03,0.265,1,1894.9,367.9,-2.4,-2.4,-0.09,-0.07,1,360,-1,0.1,0.1,0.1,-0.1,0.01,-0.01,0.00,0.00,0.00,0.00,0.07,-0.09,99,-1,0,-1,-2.0,0.03,0.265,0.271,0.19,0,26,0,270.1,124.0,0.2,359.9,0.00,0,-0.2,-0.6
107.60,align,350.01,-0.01,0.282,1,1894.9,367.9,-2.4,-2.4,-0.09,-0.07,0,359,-1,0.1,0.1,0.1,0.1,0.01,-0.00,0.00,0.00,0.00,0.00,0.07,-0.09,99,-1,0,-0,-1.8,0.04,0.282,0.288,-0.14,0,26,0,270.9,174.0,0.1,359.1,0.00,0,0.2,-0.4
107.80,align,349.96,0.04,0.288,1,1894.9,367.9,-2.4,-2.4,-0.09,-0.07,360,359,-1,0.1,0.1,0.2,0.1,-0.00,0.00,0.00,0.00,0.00,0.00,0.07,-0.09,99,-1,0,0,-2.0,0.04,0.288,0.290,-0.21,0,26,0,270.9,174.0,0.1,359.1,0.00,0,0.3,0.1
108.00,align,349.94,0.06,0.282,1,1894.9,367.9,-2.4,-2.4,-0.09,-0.04,360,358,-1,0.0,0.1,0.2,0.1,-0.00,0.00,0.00,0.00,0.00,0.00,0.04,-0.09,99,-1,0,0,-2.2,0.05,0.282,0.284,-0.08,0,26,0,271.7,173.1,0.2,358.3,0.00,0,0.2,0.1
108.20,align,349.95,0.05,0.275,1,1894.9,367.9,-2.4,-2.4,-0.09,-0.04,359,358,-1,0.0,0.2,0.2,0.1,-0.01,-0.00,0.00,0.00,0.00,0.00,0.05,-0.09,99,-1,0,1,-2.0,0.06,0.275,0.279,0.06,0,26,0,271.7,173.1,0.2,358.3,0.00,0,-0.2,0.2
108.40,align,349.99,0.01,0.267,1,1894.8,367.9,-2.4,-2.4,-0.09,-0.02,359,358,-1,-0.0,0.2,0.1,0.0,-0.01,-0.01,0.00,0.00,0.00,0.00,0.05,-0.09,99,-1,0,1,-2.0,0.06,0.267,0.274,0.19,0,26,0,272.4,177.5,0.1,357.6,0.00,0,-0.4,0.1
108.60,align,350.03,-0.03,0.265,1,1894.8,367.9,-2.3,-2.4,-0.09,-0.02,358,358,-1,-0.1,0.2,0.1,0.1,0.00,0.01,0.00,0.00,0.00,0.00,0.02,-0.09,99,-1,0,2,-1.6,0.06,0.265,0.269,0.19,0,26,0,272.4,177.5,0.1,357.6,0.00,0,0.3,-0.2
108.80,align,350.02,-0.02,0.277,1,1894.8,367.9,-2.3,-2.4,-0.09,-0.02,358,357,-1,-0.1,0.2,0.3,0.2,0.01,0.01,0.00,0.00,0.00,0.00,0.02,-0.09,99,-1,0,2,-1.6,0.08,0.277,0.285,-0.05,0,26,0,273.2,174.4,0.3,356.8,0.00,0,-0.4,-0.7
109.00,align,349.99,0.01,0.283,1,1894.8,367.9,-2.3,-2.4,-0.09,0.00,358,357,-1,-0.2,0.2,0.1,0.3,0.01,-0.02,0.00,0.00,0.00,0.00,0.00,-0.09,99,-1,0,2,-0.8,0.07,0.284,0.296,-0.15,0,26,0,273.2,174.4,0.3,356.8,0.00,0,-1.7,-0.3
109.20,align,349.98,0.02,0.277,1,1894.8,367.9,-2.3,-2.4,0.00,-0.01,357,356,-1,-0.2,0.1,-0.3,0.3,-0.00,-0.03,0.00,0.00,0.00,0.00,0.00,-0.04,99,-1,0,3,0.6,0.05,0.277,0.290,-0.02,0,26,0,273.5,185.0,359.7,356.5,0.00,0,-1.9,0.2
109.40,align,350.00,0.00,0.273,1,1894.8,367.9,-2.3,-2.4,0.00,-0.03,357,356,-1,-0.1,-0.0,-0.6,0.3,-0.01,-0.02,0.00,0.00,0.00,0.00,0.03,0.00,99,-1,0,3,1.3,0.03,0.273,0.283,0.06,0,26,0,273.5,185.0,359.7,356.5,0.00,0,-1.4,0.4
109.60,align,349.98,0.02,0.281,1,1894.8,367.8,-2.3,-2.3,0.00,-0.09,357,357,-1,0.1,-0.0,-0.3,0.1,-0.01,0.02,0.00,0.00,0.00,0.00,0.09,0.00,99,-1,0,3,2.6,0.01,0.281,0.293,-0.10,0,26,0,272.9,186.7,359.7,357.1,0.00,0,2.4,0.7
109.80,align,349.97,0.03,0.280,1,1894.8,367.8,-2.3,-2.3,0.00,-0.11,357,357,-1,0.1,-0.0,0.1,-0.0,-0.01,0.03,0.00,0.00,0.00,0.00,0.11,0.01,99,-1,0,3,2.7,0.00,0.280,0.298,-0.06,0,26,0,272.9,186.7,359.7,357.1,0.00,0,2.3,0.7
110.00,align,349.97,0.03,0.279,1,1894.8,367.8,-2.3,-2.3,0.00,-0.10,357,358,-1,0.2,-0.1,0.5,-0.0,0.00,0.02,0.00,0.00,0.00,0.00,0.11,0.01,99,-1,0,3,2.9,-0.01,0.279,0.286,-0.02,0,26,0,271.8,165.6,0.5,358.2,0.00,0,0.8,-0.5
110.20,align,349.96,0.04,0.278,1,1894.8,367.8,-2.3,-2.3,0.00,-0.09,358,358,-1,0.1,-0.1,0.5,0.1,0.01,0.01,0.00,0.00,0.00,0.00,0.09,0.00,99,-1,0,2,3.0,-0.01,0.278,0.285,-0.01,0,26,0,271.8,165.6,0.5,358.2,0.00,0,0.3,-0.8
110.40,align,349.98,0.02,0.271,1,1894.8,367.8,-2.3,-2.3,0.00,-0.05,358,359,-1,0.1,-0.1,0.6,0.3,0.01,0.00,0.00,0.00,0.00,0.00,0.07,0.00,99,-1,0,2,2.9,-0.02,0.271,0.277,0.12,0,26,0,270.6,137.6,0.6,359.4,0.00,0,-0.1,-0.6
110.60,align,350.02,-0.02,0.265,1,1894.8,367.8,-2.3,-2.3,0.00,-0.04,358,359,-1,0.0,-0.1,0.5,0.3,0.00,-0.00,0.00,0.00,0.00,0.00,0.04,0.00,99,-1,0,2,2.9,-0.02,0.265,0.267,0.20,0,26,0,270.6,137.6,0.6,359.4,0.00,0,-0.4,1.0
110.80,align,350.02,-0.02,0.276,1,1894.8,367.8,-2.3,-2.3,0.00,-0.02,359,1,-1,-0.1,-0.1,0.4,0.0,-0.03,-0.01,0.00,0.00,0.00,0.00,0.02,0.00,99,-1,0,1,2.8,-0.03,0.276,0.288,-0.02,0,26,0,269.5,37.8,0.4,0.6,0.00,0,-0.6,1.3
111.00,align,349.97,0.03,0.289,1,1894.8,367.7,-2.3,-2.2,0.00,0.00,359,1,-1,-0.0,-0.1,0.3,-0.1,-0.00,-0.00,0.00,0.00,0.00,0.00,0.02,0.00,99,-1,0,1,2.6,-0.04,0.289,0.292,-0.24,0,26,0,269.5,37.8,0.4,0.6,0.00,0,-0.3,-0.1
111.20,align,349.95,0.05,0.286,1,1894.8,367.7,-2.3,-2.2,0.00,0.00,360,2,-1,-0.1,-0.1,0.3,-0.1,0.00,-0.01,0.00,0.00,0.00,0.00,0.00,0.00,99,-1,0,0,2.2,-0.04,0.286,0.289,-0.15,0,26,0,268.4,9.0,0.3,1.6,0.00,0,-0.5,-0.2
111.40,align,349.94,0.06,0.280,1,1894.8,367.8,-2.3,-2.2,0.00,0.02,0,2,-1,-0.1,-0.1,0.1,-0.0,0.00,-0.01,0.00,0.00,0.00,0.00,0.00,0.00,99,-1,0,-0,2.1,-0.05,0.280,0.286,-0.01,0,26,0,268.4,9.0,0.3,1.6,0.00,0,-0.8,-0.2
111.60,align,349.96,0.04,0.272,1,1894.8,367.8,-2.3,-2.3,0.00,0.02,1,2,-1,-0.2,-0.2,-0.1,0.0,0.00,-0.02,0.00,0.00,0.00,0.00,-0.02,0.00,99,-1,0,-1,2.1,-0.06,0.272,0.281,0.12,0,26,0,267.5,358.6,359.9,2.5,0.00,0,-1.0,-0.2
111.80,align,350.00,-0.00,0.265,1,1894.8,367.8,-2.3,-2.3,0.00,0.00,1,2,-1,-0.1,-0.2,-0.3,0.0,-0.00,-0.02,0.00,0.00,0.00,0.00,0.00,0.00,99,-1,0,-1,2.0,-0.07,0.265,0.273,0.22,0,26,0,267.5,358.6,359.9,2.5,0.00,0,-0.1,0.5
112.00,align,350.03,-0.03,0.270,1,1894.8,367.8,-2.3,-2.3,0.00,-0.04,2,3,-1,-0.0,-0.2,-0.1,-0.1,-0.01,0.02,0.00,0.00,0.00,0.00,0.02,-0.00,99,-1,0,-2,1.2,-0.07,0.270,0.281,0.10,0,26,0,266.8,358.5,359.9,3.2,0.00,0,2.2,0.1
112.20,align,350.02,-0.02,0.278,1,1894.8,367.7,-2.3,-2.2,0.00,-0.03,2,3,-1,0.1,-0.2,0.3,0.0,0.01,0.02,0.00,0.00,0.00,0.00,0.04,-0.00,99,-1,0,-2,0.4,-0.06,0.278,0.290,-0.06,0,26,0,266.8,358.5,359.9,3.2,0.00,0,0.3,-0.5
112.40,align,349.98,0.02,0.286,1,1894.8,367.7,-2.3,-2.2,0.00,-0.02,2,3,-1,0.0,-0.2,0.1,0.1,0.00,-0.02,0.00,0.00,0.00,0.00,0.02,-0.00,99,-1,0,-2,0.1,-0.05,0.286,0.296,-0.19,0,26,0,266.6,2.5,0.1,3.4,0.00,0,-0.9,-0.3
112.60,align,349.96,0.04,0.283,1,1894.8,367.7,-2.3,-2.2,0.00,0.00,3,3,-1,-0.1,-0.2,-0.2,0.1,0.00,-0.03,0.00,0.00,0.00,0.00,0.00,0.00,99,-1,0,-3,-1.0,-0.04,0.283,0.297,-0.10,0,26,0,266.6,2.5,0.1,3.4,0.00,0,-2.0,0.2
112.80,align,349.96,0.04,0.276,1,1894.8,367.7,-2.3,-2.2,0.00,-0.02,3,3,-1,0.0,-0.2,-0.6,0.0,-0.00,-0.04,0.00,0.00,0.00,0.00,0.02,-0.00,99,-1,0,-3,-1.5,-0.03,0.276,0.291,0.03,0,26,0,267.0,348.5,359.4,3.0,0.00,0,-1.8,0.2
113.00,align,349.96,0.04,0.280,1,1894.8,367.7,-2.3,-2.2,0.00,-0.10,3,3,-1,0.2,-0.2,-0.7,-0.0,-0.00,-0.00,0.00,0.00,0.00,0.00,0.08,-0.00,99,-1,0,-3,-2.9,-0.01,0.280,0.283,-0.04,0,26,0,267.0,348.5,359.4,3.0,0.00,0,1.3,0.1
113.20,align,349.95,0.05,0.282,1,1894.8,367.7,-2.3,-2.2,0.00,-0.12,3,2,-1,0.3,-0.2,-0.3,0.0,0.01,0.02,0.00,0.00,0.00,0.00,0.12,-0.01,99,-1,0,-3,-3.1,0.01,0.282,0.292,-0.07,0,26,0,268.1,350.3,359.7,1.9,0.00,0,1.7,-0.3
113.40,align,349.96,0.04,0.275,1,1894.8,367.7,-2.3,-2.2,0.00,-0.14,3,2,-1,0.4,-0.2,0.0,0.1,0.00,0.02,0.00,0.00,0.00,0.00,0.14,-0.01,99,-1,0,-3,-3.4,0.02,0.275,0.285,0.07,0,26,0,268.1,350.3,359.7,1.9,0.00,0,1.7,-0.2
113.60,align,349.99,0.01,0.269,1,1894.8,367.6,-2.3,-2.1,0.00,-0.15,2,1,-1,0.4,-0.2,0.3,0.1,-0.00,0.01,0.00,0.00,0.00,0.00,0.15,-0.01,99,-1,0,-2,-3.5,0.03,0.269,0.275,0.17,0,26,0,269.4,28.7,0.3,0.6,0.00,0,1.3,0.1
113.80,align,350.00,-0.00,0.274,1,1894.8,367.6,-2.3,-2.1,0.00,-0.13,2,1,-1,0.4,-0.2,0.2,-0.0,-0.01,-0.02,0.00,0.00,0.00,0.00,0.13,-0.00,99,-1,0,-2,-3.5,0.04,0.274,0.285,0.05,0,26,0,269.4,28.7,0.3,0.6,0.00,0,-1.6,0.6
114.00,align,350.02,-0.02,0.273,1,1894.8,367.6,-2.3,-2.1,0.00,-0.13,1,359,-1,0.4,-0.2,-0.1,-0.1,-0.00,-0.03,0.00,0.00,0.00,0.00,0.13,-0.00,99,-1,0,-1,-3.2,0.05,0.273,0.285,0.06,0,26,0,270.8,186.2,359.9,359.2,0.00,0,-0.6,0.1
114.20,align,350.01,-0.01,0.279,1,1894.8,367.6,-2.3,-2.1,0.00,-0.15,1,359,-1,0.4,-0.2,-0.0,-0.1,-0.00,0.01,0.00,0.00,0.00,0.00,0.15,-0.00,99,-1,0,-1,-2.4,0.04,0.279,0.282,-0.05,0,26,0,270.8,186.2,359.9,359.2,0.00,0,1.6,0.1
114.40,align,350.01,-0.01,0.277,1,1894.8,367.5,-2.3,-2.0,0.00,-0.18,0,358,-1,0.5,-0.2,0.3,-0.2,-0.00,0.02,0.00,0.00,0.00,0.00,0.18,-0.00,99,-1,0,-0,-2.1,0.04,0.277,0.286,-0.01,0,26,0,271.9,170.4,0.3,358.1,0.00,0,1.6,0.2
114.60,align,350.03,-0.03,0.269,1,1894.8,367.5,-2.3,-2.0,0.00,-0.13,360,358,-1,0.4,-0.2,0.6,-0.2,-0.00,0.02,0.00,0.00,0.00,0.00,0.15,0.00,99,-1,0,0,-1.5,0.05,0.269,0.280,0.12,0,26,0,271.9,170.4,0.3,358.1,0.00,0,0.9,0.3
114.80,align,350.04,-0.04,0.272,1,1894.8,367.5,-2.3,-2.0,0.00,-0.09,359,358,-1,0.3,-0.2,0.6,-0.3,-0.01,-0.02,0.00,0.00,0.00,0.00,0.11,0.00,99,-1,0,1,-0.9,0.05,0.272,0.281,0.05,0,26,0,272.5,166.8,0.6,357.5,0.00,0,-2.2,0.1
115.00,align,350.04,-0.04,0.275,1,1894.8,367.5,-2.3,-2.0,0.00,-0.07,359,358,-1,0.2,-0.2,0.1,-0.2,0.01,-0.04,0.00,0.00,0.00,0.00,0.07,0.00,99,-1,0,1,-0.6,0.04,0.275,0.293,-0.00,0,26,0,272.5,166.8,0.6,357.5,0.00,0,-2.5,-0.4
115.20,align,350.02,-0.02,0.281,1,1894.8,367.4,-2.3,-1.9,0.00,-0.09,358,357,-1,0.2,-0.2,-0.1,-0.1,0.01,-0.01,0.00,0.00,0.00,0.00,0.07,0.00,99,-1,0,2,0.3,0.04,0.281,0.290,-0.12,0,26,0,272.6,181.9,359.9,357.4,0.00,0,0.3,-0.4
115.40,align,349.99,0.01,0.284,1,1894.8,367.4,-2.3,-1.9,0.00,-0.09,358,357,-1,0.2,-0.2,0.0,-0.1,0.00,0.01,0.00,0.00,0.00,0.00,0.09,0.00,99,-1,0,2,0.6,0.03,0.284,0.287,-0.15,0,26,0,272.6,181.9,359.9,357.4,0.00,0,0.7,-0.0
115.60,align,349.98,0.02,0.278,1,1894.8,367.4,-2.3,-1.9,0.00,-0.11,358,358,-1,0.3,-0.2,0.2,-0.1,-0.00,0.01,0.00,0.00,0.00,0.00,0.11,0.00,99,-1,0,2,1.3,0.02,0.278,0.282,-0.01,0,26,0,272.3,174.5,0.2,357.7,0.00,0,0.8,0.1
115.80,align,350.00,-0.00,0.271,1,1894.8,367.4,-2.3,-1.9,0.00,-0.10,358,358,-1,0.3,-0.2,0.4,-0.1,-0.00,0.01,0.00,0.00,0.00,0.00,0.10,0.00,99,-1,0,2,1.3,0.02,0.271,0.275,0.12,0,26,0,272.3,174.5,0.2,357.7,0.00,0,0.7,0.1
116.00,align,350.05,-0.05,0.263,1,1894.8,367.4,-2.3,-1.9,0.00,-0.09,358,358,-1,0.3,-0.2,0.4,-0.1,0.00,0.00,0.00,0.00,0.00,0.00,0.09,0.00,99,-1,0,2,1.5,0.01,0.263,0.264,0.22,0,26,0,271.8,165.9,0.4,358.2,0.00,0,0.3,0.0
116.20,align,350.06,-0.06,0.271,1,1894.8,367.3,-2.3,-1.9,-0.09,-0.07,358,358,-1,0.2,0.1,0.2,-0.1,0.00,-0.03,0.00,0.00,0.00,0.00,0.07,-0.09,99,-1,0,2,1.4,0.01,0.271,0.282,0.05,0,26,0,271.8,165.9,0.4,358.2,0.00,0,-1.2,-0.2
116.40,align,350.02,-0.02,0.285,1,1894.8,367.3,-2.3,-1.8,-0.09,-0.07,358,359,-1,0.2,0.1,0.1,-0.0,0.00,-0.00,0.00,0.00,0.00,0.00,0.07,-0.09,99,-1,0,2,1.4,0.01,0.285,0.286,-0.20,0,26,0,271.2,173.8,0.1,358.8,0.00,0,-0.1,-0.2
116.60,align,349.99,0.01,0.284,1,1894.7,367.3,-2.2,-1.8,-0.09,-0.04,358,359,-1,0.2,0.1,0.2,0.0,0.00,0.00,0.00,0.00,0.00,0.00,0.07,-0.09,99,-1,0,2,1.4,0.01,0.284,0.285,-0.16,0,26,0,271.2,173.8,0.1,358.8,0.00,0,0.2,-0.1
116.80,align,349.98,0.02,0.278,1,1894.7,367.3,-2.2,-1.8,-0.09,-0.04,359,359,-1,0.2,0.1,0.2,0.0,-0.00,-0.00,0.00,0.00,0.00,0.00,0.05,-0.09,99,-1,0,1,1.1,0.01,0.278,0.279,-0.02,0,26,0,270.7,161.3,0.2,359.3,0.00,0,0.0,-0.0
117.00,align,350.00,0.00,0.271,1,1894.7,367.3,-2.2,-1.8,-0.04,-0.04,359,359,-1,0.2,-0.1,0.2,0.0,-0.00,-0.01,0.00,0.00,0.00,0.00,0.04,-0.04,99,-1,0,1,1.3,-0.00,0.271,0.274,0.11,0,26,0,270.7,161.3,0.2,359.3,0.00,0,-0.2,0.0
117.20,align,350.04,-0.04,0.262,1,1894.7,367.3,-2.2,-1.8,0.00,-0.02,359,360,-1,0.1,-0.2,0.1,-0.0,-0.00,-0.01,0.00,0.00,0.00,0.00,0.02,0.00,99,-1,0,1,1.3,0.00,0.262,0.267,0.24,0,26,0,270.2,148.8,0.1,359.8,0.00,0,-0.2,0.2
117.40,align,350.08,-0.08,0.264,1,1894.7,367.3,-2.2,-1.8,0.00,-0.02,359,360,-1,0.1,-0.2,0.2,-0.1,-0.00,0.01,0.00,0.00,0.00,0.00,0.02,0.00,99,-1,0,1,1.2,-0.01,0.264,0.270,0.17,0,26,0,270.2,148.8,0.1,359.8,0.00,0,0.8,0.2
117.60,align,350.06,-0.06,0.280,1,1894.7,367.3,-2.2,-1.8,-0.09,-0.02,359,0,-1,0.1,0.0,0.4,-0.1,-0.01,0.01,0.00,0.00,0.00,0.00,0.02,-0.09,99,-1,0,1,1.3,-0.02,0.280,0.285,-0.14,0,26,0,269.7,47.8,0.4,0.3,0.00,0,0.9,0.3
117.80,align,350.02,-0.02,0.287,1,1894.7,367.3,-2.2,-1.8,-0.09,0.00,360,0,-1,0.1,0.0,0.2,-0.2,-0.01,-0.02,0.00,0.00,0.00,0.00,0.00,-0.09,99,-1,0,0,1.3,-0.02,0.287,0.299,-0.24,0,26,0,269.7,47.8,0.4,0.3,0.00,0,-1.4,0.4
118.00,align,350.00,0.00,0.281,1,1894.7,367.3,-2.2,-1.8,-0.09,0.00,360,1,-1,0.1,0.1,-0.1,-0.2,-0.01,-0.03,0.00,0.00,0.00,0.00,0.00,-0.09,99,-1,0,0,1.2,-0.02,0.281,0.297,-0.10,0,26,0,269.2,351.3,359.9,0.8,0.00,0,-1.6,0.4
118.20,align,350.00,0.00,0.276,1,1894.6,367.3,-2.1,-1.8,-0.09,-0.02,0,1,-1,0.1,0.1,-0.4,-0.3,-0.01,-0.03,0.00,0.00,0.00,0.00,-0.00,-0.09,99,-1,0,-0,0.9,-0.03,0.276,0.290,0.00,0,26,0,269.2,351.3,359.9,0.8,0.00,0,-0.9,-0.3
118.40,align,349.99,0.01,0.277,1,1894.6,367.3,-2.1,-1.8,-0.09,-0.04,0,1,-1,0.2,0.1,-0.5,-0.2,0.01,-0.01,0.00,0.00,0.00,0.00,0.04,-0.09,99,-1,0,-0,0.5,-0.02,0.277,0.285,-0.01,0,26,0,268.8,336.9,359.5,1.2,0.00,0,-0.2,-0.7
118.60,align,350.00,0.00,0.272,1,1894.6,367.3,-2.1,-1.8,-0.09,-0.10,1,1,-1,0.3,0.1,-0.4,0.1,0.02,-0.00,0.00,0.00,0.00,0.00,0.09,-0.09,99,-1,0,-1,-0.2,-0.01,0.272,0.280,0.07,0,26,0,268.8,336.9,359.5,1.2,0.00,0,0.5,-1.1
118.80,align,350.03,-0.03,0.266,1,1894.6,367.2,-2.1,-1.8,-0.09,-0.11,1,1,-1,0.4,0.1,-0.3,0.2,0.01,0.00,0.00,0.00,0.00,0.00,0.11,-0.09,99,-1,0,-1,-0.4,-0.01,0.266,0.270,0.18,0,26,0,268.9,345.8,359.7,1.1,0.00,0,1.1,0.1
119.00,align,350.05,-0.05,0.270,1,1894.6,367.2,-2.1,-1.7,-0.09,-0.13,1,1,-1,0.5,0.1,-0.1,0.0,-0.02,0.00,0.00,0.00,0.00,0.00,0.13,-0.09,99,-1,0,-1,-0.4,-0.01,0.270,0.281,0.06,0,26,0,268.9,345.8,359.7,1.1,0.00,0,0.9,1.4
119.20,align,350.04,-0.04,0.279,1,1894.5,367.2,-2.1,-1.7,-0.09,-0.13,1,1,-1,0.5,0.1,0.0,-0.1,-0.00,-0.00,0.00,0.00,0.00,0.00,0.13,-0.09,99,-1,0,-1,-0.2,-0.01,0.279,0.281,-0.10,0,26,0,269.0,0.2,0.0,1.0,0.00,0,0.3,-0.4
119.40,align,349.99,0.01,0.286,1,1894.5,367.2,-2.0,-1.7,-0.09,-0.13,1,1,-1,0.5,0.1,0.1,0.1,0.02,-0.00,0.00,0.00,0.00,0.00,0.13,-0.09,99,-1,0,-1,-0.4,-0.01,0.286,0.295,-0.20,0,26,0,269.0,0.2,0.0,1.0,0.00,0,0.3,-1.3
119.60,align,349.97,0.03,0.280,1,1894.5,367.1,-2.0,-1.7,-0.04,-0.11,1,1,-1,0.5,0.1,0.1,0.4,0.02,-0.01,0.00,0.00,0.00,0.00,0.11,-0.09,99,-1,0,-1,-0.4,-0.01,0.280,0.291,-0.06,0,26,0,269.2,7.5,0.1,0.8,0.00,0,-0.1,-1.1
119.80,align,349.98,0.02,0.273,1,1894.5,367.1,-2.0,-1.6,0.00,-0.11,1,1,-1,0.5,-0.2,0.1,0.6,0.02,-0.01,0.00,0.00,0.00,0.00,0.11,-0.00,99,-1,0,-1,-0.5,-0.01,0.273,0.288,0.07,0,26,0,269.2,7.5,0.1,0.8,0.00,0,-0.2,-1.0
120.00,align,350.00,0.00,0.271,1,1894.5,367.1,-2.0,-1.6,0.00,-0.11,1,1,-1,0.5,-0.2,0.1,0.7,0.01,-0.00,0.00,0.00,0.00,0.00,0.11,-0.00,99,-1,0,-1,-0.4,-0.00,0.271,0.276,0.10,0,26,0,269.4,9.5,0.1,0.6,0.00,0,0.5,0.6
120.20,align,350.00,-0.00,0.276,1,1894.5,367.1,-2.0,-1.6,0.00,-0.09,1,1,-1,0.5,-0.2,0.2,0.4,-0.02,-0.00,0.00,0.00,0.00,0.00,0.11,-0.00,99,-1,0,-1,-0.4,-0.01,0.276,0.287,-0.02,0,26,0,269.4,9.5,0.1,0.6,0.00,0,0.2,2.5
120.40,align,350.01,-0.01,0.276,1,1894.5,367.1,-2.0,-1.6,0.00,-0.09,1,0,-1,0.4,-0.2,0.2,-0.0,-0.03,-0.00,0.00,0.00,0.00,0.00,0.09,-0.00,99,-1,0,-1,-0.4,-0.01,0.276,0.288,-0.00,0,26,0,269.5,26.4,0.2,0.5,0.00,0,0.3,2.3
120.60,align,349.99,0.01,0.282,1,1894.5,367.1,-2.0,-1.6,0.00,-0.09,1,0,-1,0.4,-0.2,0.3,-0.1,0.00,-0.00,0.00,0.00,0.00,0.00,0.09,-0.00,99,-1,0,-1,-0.7,-0.00,0.282,0.283,-0.12,0,26,0,269.5,26.4,0.2,0.5,0.00,0,0.4,0.2
120.80,align,349.97,0.03,0.281,1,1894.5,367.0,-2.0,-1.5,0.00,-0.07,1,0,-1,0.4,-0.2,0.4,0.0,0.01,-0.00,0.00,0.00,0.00,0.00,0.07,-0.00,99,-1,0,-1,-0.7,0.00,0.281,0.287,-0.07,0,26,0,269.8,57.5,0.4,0.2,0.00,0,-0.0,-0.6
121.00,align,349.98,0.02,0.274,1,1894.5,367.0,-2.0,-1.5,0.00,-0.04,0,0,-1,0.3,-0.2,0.3,0.1,0.01,-0.01,0.00,0.00,0.00,0.00,0.04,-0.00,99,-1,0,-0,-1.0,0.00,0.274,0.282,0.06,0,26,0,269.8,57.5,0.4,0.2,0.00,0,-0.4,-0.7
121.20,align,350.01,-0.01,0.267,1,1894.5,367.0,-2.0,-1.5,0.00,-0.04,0,360,-1,0.3,-0.2,0.3,0.2,0.01,-0.01,0.00,0.00,0.00,0.00,0.04,-0.00,99,-1,0,-0,-0.7,0.01,0.267,0.273,0.16,0,26,0,270.1,112.4,0.3,359.9,0.00,0,-0.2,-0.3
121.40,align,350.04,-0.04,0.267,1,1894.5,367.0,-2.0,-1.5,0.00,-0.02,0,360,-1,0.3,-0.2,0.4,0.1,-0.01,0.01,0.00,0.00,0.00,0.00,0.02,-0.00,99,-1,0,-0,-0.9,0.01,0.267,0.275,0.15,0,26,0,270.1,112.4,0.3,359.9,0.00,0,0.7,0.9
121.60,align,350.05,-0.05,0.272,1,1894.5,367.0,-2.0,-1.5,0.00,0.00,0,360,-1,0.2,-0.2,0.5,0.1,0.01,0.01,0.00,0.00,0.00,0.00,0.00,0.00,99,-1,0,-0,-0.9,0.01,0.272,0.280,0.03,0,26,0,270.5,130.0,0.5,359.6,0.00,0,0.2,-1.0
121.80,align,350.03,-0.03,0.279,1,1894.5,367.0,-2.0,-1.5,0.00,0.02,360,360,-1,0.2,-0.2,0.4,0.2,0.01,-0.02,0.00,0.00,0.00,0.00,0.00,0.00,99,-1,0,0,-0.7,0.02,0.279,0.292,-0.10,0,26,0,270.5,130.0,0.5,359.6,0.00,0,-1.2,-0.3
122.00,align,350.02,-0.02,0.275,1,1894.5,367.0,-2.0,-1.5,0.00,0.02,360,359,-1,0.1,-0.2,0.1,0.3,0.01,-0.03,0.00,0.00,0.00,0.00,-0.02,-0.00,99,-1,0,0,-0.9,0.02,0.275,0.290,-0.01,0,26,0,270.8,171.7,0.1,359.2,0.00,0,-1.6,-0.3
122.20,align,350.03,-0.03,0.273,1,1894.5,367.0,-2.0,-1.5,0.09,0.02,360,359,-1,0.1,-0.5,-0.1,0.2,-0.00,-0.02,0.00,0.00,0.00,0.00,-0.02,0.09,99,-1,0,0,-0.7,0.02,0.273,0.282,0.02,0,26,0,270.8,171.7,0.1,359.2,0.00,0,-0.8,0.5
122.40,align,350.02,-0.02,0.278,1,1894.5,367.0,-2.0,-1.5,0.09,0.00,359,359,-1,0.1,-0.5,0.0,0.1,-0.00,0.01,0.00,0.00,0.00,0.00,-0.01,0.09,99,-1,0,1,-0.4,0.02,0.278,0.283,-0.07,0,26,0,271.0,179.4,0.0,359.0,0.00,0,1.1,0.5
122.60,align,350.02,-0.02,0.273,1,1894.6,367.0,-2.1,-1.5,0.09,0.00,359,359,-1,0.1,-0.5,0.2,-0.0,-0.00,0.01,0.00,0.00,0.00,0.00,-0.00,0.09,99,-1,0,1,-0.4,0.02,0.273,0.279,0.02,0,26,0,271.0,179.4,0.0,359.0,0.00,0,1.1,0.6
122.80,align,350.05,-0.05,0.266,1,1894.6,367.0,-2.1,-1.5,0.09,0.02,359,359,-1,0.1,-0.5,0.4,-0.2,-0.00,0.01,0.00,0.00,0.00,0.00,-0.02,0.09,99,-1,0,1,-0.3,0.02,0.266,0.271,0.15,0,26,0,271.2,162.8,0.4,358.8,0.00,0,0.8,0.7
123.00,align,350.09,-0.09,0.264,1,1894.6,367.0,-2.1,-1.5,0.00,0.02,359,359,-1,0.1,-0.3,0.3,-0.2,0.00,-0.02,0.00,0.00,0.00,0.00,-0.02,-0.00,99,-1,0,1,-0.2,0.02,0.264,0.270,0.15,0,26,0,271.2,162.8,0.4,358.8,0.00,0,-0.4,0.0
123.20,align,350.06,-0.06,0.280,1,1894.6,367.0,-2.1,-1.5,0.00,0.04,359,359,-1,-0.0,-0.3,0.1,-0.2,-0.00,-0.02,0.00,0.00,0.00,0.00,-0.04,-0.00,99,-1,0,1,-0.2,0.02,0.280,0.286,-0.15,0,26,0,271.3,176.9,0.1,358.7,0.00,0,-1.0,0.1
123.40,align,350.02,-0.02,0.287,1,1894.6,367.0,-2.1,-1.5,0.00,0.04,359,359,-1,-0.0,-0.3,0.1,-0.3,-0.00,0.00,0.00,0.00,0.00,0.00,-0.04,-0.00,99,-1,0,1,-0.3,0.03,0.287,0.290,-0.25,0,26,0,271.3,176.9,0.1,358.7,0.00,0,0.8,0.3
123.60,align,349.99,0.01,0.281,1,1894.6,367.1,-2.1,-1.6,0.00,0.04,359,359,-1,-0.0,-0.3,0.2,-0.3,-0.00,0.00,0.00,0.00,0.00,0.00,-0.04,-0.00,99,-1,0,1,-0.3,0.03,0.281,0.283,-0.12,0,26,0,271.3,171.5,0.2,358.7,0.00,0,0.1,0.4
123.80,align,349.99,0.01,0.275,1,1894.6,367.1,-2.1,-1.6,0.00,0.04,359,359,-1,-0.0,-0.3,0.2,-0.4,-0.01,-0.00,0.00,0.00,0.00,0.00,-0.04,-0.00,99,-1,0,1,-0.2,0.03,0.275,0.278,0.02,0,26,0,271.3,171.5,0.2,358.7,0.00,0,-0.2,0.4
124.00,align,350.02,-0.02,0.267,1,1894.6,367.1,-2.1,-1.6,0.00,0.07,359,359,-1,-0.1,-0.3,0.1,-0.5,-0.01,-0.01,0.00,0.00,0.00,0.00,-0.07,-0.00,99,-1,0,1,0.0,0.02,0.267,0.273,0.15,0,26,0,271.4,174.3,0.1,358.6,0.00,0,0.0,0.0
124.20,align,350.05,-0.05,0.265,1,1894.6,367.1,-2.1,-1.6,0.00,0.07,359,359,-1,-0.1,-0.3,0.1,-0.4,0.01,-0.00,0.00,0.00,0.00,0.00,-0.07,-0.00,99,-1,0,1,-0.3,0.03,0.265,0.271,0.15,0,26,0,271.4,174.3,0.1,358.6,0.00,0,-0.0,-0.7
124.40,align,350.04,-0.04,0.277,1,1894.6,367.1,-2.1,-1.6,0.00,0.07,359,358,-1,-0.1,-0.3,0.2,-0.1,0.02,0.00,0.00,0.00,0.00,0.00,-0.07,-0.00,99,-1,0,1,-0.2,0.03,0.277,0.285,-0.08,0,26,0,271.5,174.0,0.2,358.5,0.00,0,0.3,-1.2
124.60,align,350.00,-0.00,0.284,1,1894.6,367.1,-2.1,-1.6,0.00,0.07,359,358,-1,-0.2,-0.3,0.2,-0.3,-0.01,-0.00,0.00,0.00,0.00,0.00,-0.07,-0.00,99,-1,0,1,0.0,0.03,0.284,0.289,-0.19,0,26,0,271.5,174.0,0.2,358.5,0.00,0,0.1,1.2
124.80,align,349.99,0.01,0.278,1,1894.6,367.1,-2.1,-1.6,0.00,0.07,359,359,-1,-0.2,-0.3,0.1,-0.5,-0.02,-0.01,0.00,0.00,0.00,0.00,-0.07,-0.00,99,-1,0,1,0.2,0.02,0.278,0.287,-0.05,0,26,0,271.5,174.7,0.1,358.5,0.00,0,-0.2,1.0
125.00,align,350.01,-0.01,0.271,1,1894.6,367.1,-2.1,-1.6,-0.09,0.09,359,359,-1,-0.2,-0.0,0.0,-0.7,-0.03,-0.01,0.00,0.00,0.00,0.00,-0.09,-0.09,99,-1,0,1,0.3,0.02,0.271,0.285,0.08,0,26,0,271.5,174.7,0.1,358.5,0.00,0,-0.6,1.3
125.20,align,350.03,-0.03,0.269,1,1894.5,367.2,-2.1,-1.7,-0.09,0.09,359,359,-1,-0.3,0.0,-0.0,-0.8,-0.01,-0.01,0.00,0.00,0.00,0.00,-0.09,-0.09,99,-1,0,1,0.1,0.02,0.269,0.275,0.08,0,26,0,271.4,180.4,360.0,358.6,0.00,0,-0.1,-0.1
125.40,align,350.02,-0.02,0.276,1,1894.5,367.2,-2.0,-1.7,-0.13,0.07,359,359,-1,-0.2,0.0,-0.1,-0.5,0.03,-0.00,0.00,0.00,0.00,0.00,-0.06,-0.09,99,-1,0,1,0.7,0.02,0.276,0.289,-0.05,0,26,0,271.4,180.4,360.0,358.6,0.00,0,0.2,-2.2
125.60,align,350.00,-0.00,0.278,1,1894.5,367.2,-2.0,-1.7,-0.18,0.07,359,359,-1,-0.2,0.3,0.0,-0.1,0.02,0.01,0.00,0.00,0.00,0.00,-0.06,-0.18,99,-1,0,1,0.7,0.01,0.278,0.288,-0.06,0,26,0,271.1,178.9,0.0,358.9,0.00,0,0.6,-1.6
125.80,align,349.99,0.01,0.277,1,1894.5,367.2,-2.0,-1.7,-0.18,0.07,359,359,-1,-0.2,0.3,0.1,-0.0,0.00,0.00,0.00,0.00,0.00,0.00,-0.06,-0.18,99,-1,0,1,0.9,0.01,0.277,0.280,-0.05,0,26,0,271.1,178.9,0.0,358.9,0.00,0,-0.0,-0.6
126.00,align,350.00,-0.00,0.270,1,1894.4,367.2,-1.9,-1.7,-0.18,0.07,359,359,-1,-0.2,0.3,0.0,0.1,0.00,-0.00,0.00,0.00,0.00,0.00,-0.06,-0.18,99,-1,0,1,0.8,0.02,0.270,0.274,0.09,0,26,0,270.8,177.1,0.0,359.2,0.00,0,-0.3,-0.4
126.20,align,350.04,-0.04,0.262,1,1894.4,367.2,-1.9,-1.7,-0.18,0.07,359,359,-1,-0.2,0.3,-0.0,0.2,0.00,-0.01,0.00,0.00,0.00,0.00,-0.06,-0.18,99,-1,0,1,0.6,0.01,0.262,0.267,0.22,0,26,0,270.8,177.1,0.0,359.2,0.00,0,-0.4,-0.3
126.40,align,350.07,-0.07,0.266,1,1894.4,367.3,-1.9,-1.7,-0.09,0.07,359,359,-1,-0.3,0.1,0.0,0.2,-0.00,0.01,0.00,0.00,0.00,0.00,-0.06,-0.09,99,-1,0,1,0.7,0.01,0.266,0.270,0.12,0,26,0,270.5,175.8,0.0,359.5,0.00,0,0.9,0.3
126.60,align,350.03,-0.03,0.284,1,1894.4,367.3,-1.9,-1.8,-0.09,0.07,359,359,-1,-0.3,0.1,0.1,0.1,-0.01,0.00,0.00,0.00,0.00,0.00,-0.06,-0.09,99,-1,0,1,0.9,0.01,0.284,0.287,-0.23,0,26,0,270.5,175.8,0.0,359.5,0.00,0,-0.7,0.5
126.80,align,349.99,0.01,0.284,1,1894.3,367.3,-1.8,-1.8,-0.09,0.07,359,360,-1,-0.3,0.1,0.0,0.0,-0.01,-0.01,0.00,0.00,0.00,0.00,-0.06,-0.09,99,-1,0,1,0.7,0.00,0.284,0.291,-0.19,0,26,0,270.2,179.9,0.0,359.8,0.00,0,-0.6,0.4
127.00,align,349.98,0.02,0.278,1,1894.3,367.3,-1.8,-1.8,-0.09,0.07,359,360,-1,-0.3,0.1,-0.2,-0.1,-0.01,-0.02,0.00,0.00,0.00,0.00,-0.07,-0.09,99,-1,0,1,0.6,-0.00,0.278,0.288,-0.05,0,26,0,270.2,179.9,0.0,359.8,0.00,0,-0.8,0.4
127.20,align,350.00,0.00,0.271,1,1894.3,367.3,-1.8,-1.8,-0.09,0.07,360,0,-1,-0.3,0.1,-0.4,-0.2,-0.01,-0.02,0.00,0.00,0.00,0.00,-0.07,-0.09,99,-1,0,0,0.8,-0.01,0.271,0.285,0.08,0,26,0,270.0,276.1,359.6,0.0,0.00,0,-1.3,0.6
127.40,align,350.01,-0.01,0.270,1,1894.3,367.3,-1.8,-1.8,-0.09,0.04,360,0,-1,-0.2,0.1,-0.5,-0.2,-0.00,-0.01,0.00,0.00,0.00,0.00,-0.04,-0.09,99,-1,0,0,0.8,-0.01,0.270,0.275,0.08,0,26,0,270.0,276.1,359.6,0.0,0.00,0,-0.6,0.1
127.60,align,350.01,-0.01,0.277,1,1894.3,367.3,-1.8,-1.8,-0.09,0.02,360,0,-1,-0.2,0.1,-0.3,-0.2,0.00,0.02,0.00,0.00,0.00,0.00,-0.02,-0.09,99,-1,0,0,0.7,-0.01,0.277,0.284,-0.05,0,26,0,269.7,315.6,359.7,0.3,0.00,0,1.3,-0.1
127.80,align,350.01,-0.01,0.272,1,1894.3,367.3,-1.8,-1.8,-0.09,0.02,360,0,-1,-0.2,0.1,-0.0,-0.1,0.00,0.02,0.00,0.00,0.00,0.00,-0.02,-0.09,99,-1,0,0,0.6,-0.01,0.272,0.281,0.04,0,26,0,269.7,315.6,359.7,0.3,0.00,0,1.0,-0.1
128.00,align,350.02,-0.02,0.272,1,1894.2,367.3,-1.7,-1.8,-0.09,0.02,0,1,-1,-0.2,0.1,0.0,-0.1,-0.01,-0.00,0.00,0.00,0.00,0.00,-0.02,-0.09,99,-1,0,-0,0.5,-0.01,0.272,0.276,0.04,0,26,0,269.4,4.3,0.0,0.6,0.00,0,0.1,0.2
128.20,align,350.01,-0.01,0.277,1,1894.2,367.3,-1.7,-1.8,-0.18,0.00,0,1,-1,-0.2,0.1,-0.3,-0.2,-0.01,-0.03,0.00,0.00,0.00,0.00,-0.02,-0.09,99,-1,0,-0,0.6,-0.02,0.277,0.295,-0.06,0,26,0,269.4,4.3,0.0,0.6,0.00,0,-1.7,0.2
128.40,align,350.00,-0.00,0.276,1,1894.2,367.3,-1.7,-1.8,-0.18,-0.02,0,1,-1,-0.1,0.4,-0.6,-0.2,0.00,-0.03,0.00,0.00,0.00,0.00,-0.00,-0.18,99,-1,0,-0,0.3,-0.02,0.276,0.287,-0.03,0,26,0,269.2,323.2,359.4,0.8,0.00,0,-0.4,-0.5
128.60,align,349.98,0.02,0.282,1,1894.2,367.3,-1.7,-1.8,-0.18,-0.04,0,1,-1,0.0,0.4,-0.5,-0.0,0.00,0.01,0.00,0.00,0.00,0.00,0.04,-0.18,99,-1,0,-0,0.1,-0.01,0.282,0.287,-0.14,0,26,0,269.2,323.2,359.4,0.8,0.00,0,0.9,-0.8
128.80,align,349.95,0.05,0.282,1,1894.1,367.3,-1.6,-1.8,-0.18,-0.09,1,1,-1,0.1,0.4,-0.2,0.1,0.00,0.02,0.00,0.00,0.00,0.00,0.09,-0.18,99,-1,0,-1,-0.5,-0.00,0.282,0.291,-0.10,0,26,0,269.2,346.4,359.8,0.8,0.00,0,1.7,-0.6
129.00,align,349.96,0.04,0.275,1,1894.1,367.3,-1.6,-1.8,-0.09,-0.09,1,1,-1,0.1,0.2,0.2,0.2,0.01,0.02,0.00,0.00,0.00,0.00,0.09,-0.09,99,-1,0,-1,-0.8,0.01,0.275,0.286,0.03,0,26,0,269.2,346.4,359.8,0.8,0.00,0,1.5,-0.4
129.20,align,349.98,0.02,0.269,1,1894.1,367.3,-1.6,-1.8,-0.09,-0.09,1,0,-1,0.2,0.2,0.4,0.2,-0.00,0.02,0.00,0.00,0.00,0.00,0.09,-0.09,99,-1,0,-1,-1.0,0.01,0.269,0.275,0.14,0,26,0,269.6,45.5,0.4,0.4,0.00,0,1.3,-0.2
129.40,align,349.99,0.01,0.274,1,1894.0,367.2,-1.6,-1.8,-0.09,-0.07,1,0,-1,0.1,0.2,0.3,0.2,-0.01,-0.02,0.00,0.00,0.00,0.00,0.08,-0.09,99,-1,0,-1,-0.9,0.01,0.274,0.284,0.02,0,26,0,269.6,45.5,0.4,0.4,0.00,0,-1.7,0.3
129.60,align,349.99,0.01,0.273,1,1894.0,367.2,-1.5,-1.7,-0.09,-0.07,0,0,-1,0.1,0.2,-0.0,0.2,-0.00,-0.03,0.00,0.00,0.00,0.00,0.07,-0.09,99,-1,0,-0,-0.9,0.01,0.273,0.285,0.04,0,26,0,270.0,335.2,360.0,0.0,0.00,0,-1.6,0.1
129.80,align,349.98,0.02,0.279,1,1894.0,367.2,-1.5,-1.7,-0.09,-0.07,0,0,-1,0.1,0.2,-0.1,0.2,0.00,-0.00,0.00,0.00,0.00,0.00,0.07,-0.09,99,-1,0,-0,-0.8,0.01,0.279,0.280,-0.08,0,26,0,270.0,335.2,360.0,0.0,0.00,0,0.1,-0.2
130.00,align,349.97,0.03,0.278,1,1894.0,367.2,-1.5,-1.7,-0.09,-0.07,0,360,-1,0.1,0.2,0.0,0.2,0.00,0.00,0.00,0.00,0.00,0.00,0.07,-0.09,99,-1,0,-0,-0.9,0.01,0.278,0.279,-0.03,0,26,0,270.3,172.1,0.0,359.7,0.00,0,0.3,-0.1
130.20,align,349.99,0.01,0.271,1,1894.0,367.2,-1.5,-1.7,-0.09,-0.07,0,360,-1,0.1,0.3,0.1,0.2,-0.00,-0.00,0.00,0.00,0.00,0.00,0.07,-0.09,99,-1,0,-0,-0.9,0.02,0.271,0.272,0.10,0,26,0,270.3,172.1,0.0,359.7,0.00,0,0.2,-0.0
130.40,align,350.03,-0.03,0.262,1,1894.0,367.2,-1.5,-1.7,-0.09,-0.07,360,359,-1,0.1,0.3,0.1,0.2,-0.00,-0.01,0.00,0.00,0.00,0.00,0.07,-0.09,99,-1,0,0,-0.3,0.02,0.262,0.266,0.23,0,26,0,270.7,173.4,0.1,359.3,0.00,0,0.1,0.0
130.60,align,350.05,-0.05,0.267,1,1893.9,367.2,-1.4,-1.7,-0.09,-0.04,360,359,-1,0.1,0.3,0.2,0.2,-0.00,0.01,0.00,0.00,0.00,0.00,0.06,-0.09,99,-1,0,0,-0.7,0.02,0.267,0.272,0.10,0,26,0,270.7,173.4,0.1,359.3,0.00,0,0.6,0.1
130.80,align,350.00,-0.00,0.289,1,1893.9,367.2,-1.4,-1.7,-0.09,-0.04,360,359,-1,0.1,0.3,0.2,0.2,-0.01,-0.00,0.00,0.00,0.00,0.00,0.04,-0.09,99,-1,0,0,0.0,0.01,0.289,0.293,-0.29,0,26,0,271.0,166.4,0.2,359.0,0.00,0,0.0,0.0
131.00,align,349.94,0.06,0.289,1,1893.9,367.2,-1.4,-1.7,0.00,-0.04,359,359,-1,0.1,0.0,0.1,0.1,-0.00,-0.02,0.00,0.00,0.00,0.00,0.04,0.00,99,-1,0,1,-0.9,0.03,0.289,0.298,-0.25,0,26,0,271.0,166.4,0.2,359.0,0.00,0,-1.1,0.3
131.20,align,349.93,0.07,0.284,1,1893.9,367.1,-1.4,-1.7,0.00,-0.04,359,359,-1,0.1,0.0,-0.1,0.0,-0.01,-0.02,0.00,0.00,0.00,0.00,0.04,0.00,99,-1,0,1,-0.7,0.03,0.284,0.295,-0.11,0,26,0,271.3,186.1,359.9,358.7,0.00,0,-1.1,0.3
131.40,align,349.93,0.07,0.277,1,1893.9,367.1,-1.4,-1.6,0.00,-0.04,359,359,-1,0.1,0.0,-0.4,-0.0,-0.01,-0.03,0.00,0.00,0.00,0.00,0.04,0.00,99,-1,0,1,-0.8,0.03,0.277,0.292,0.02,0,26,0,271.3,186.1,359.9,358.7,0.00,0,-1.5,0.5
131.60,align,349.95,0.05,0.271,1,1893.9,367.1,-1.4,-1.6,0.00,-0.09,359,358,-1,0.2,0.0,-0.6,-0.1,-0.00,-0.02,0.00,0.00,0.00,0.00,0.09,0.00,99,-1,0,1,-0.2,0.02,0.271,0.281,0.12,0,26,0,271.5,201.3,359.4,358.5,0.00,0,-1.1,0.4
131.80,align,349.96,0.04,0.277,1,1893.9,367.1,-1.4,-1.6,-0.04,-0.13,359,358,-1,0.3,0.2,-0.4,-0.1,-0.00,0.02,0.00,0.00,0.00,0.00,0.13,-0.04,99,-1,0,1,0.6,0.01,0.277,0.285,0.01,0,26,0,271.5,201.3,359.4,358.5,0.00,0,1.5,-0.0
132.00,align,349.97,0.03,0.274,1,1893.9,367.1,-1.4,-1.6,-0.09,-0.15,359,359,-1,0.4,0.3,0.1,-0.1,-0.01,0.03,0.00,0.00,0.00,0.00,0.16,-0.08,99,-1,0,1,1.2,0.00,0.274,0.289,0.05,0,26,0,271.2,173.9,0.1,358.8,0.00,0,2.2,-0.1
132.20,align,349.98,0.02,0.274,1,1893.9,367.0,-1.4,-1.5,-0.09,-0.15,359,359,-1,0.4,0.3,0.4,-0.1,0.00,0.01,0.00,0.00,0.00,0.00,0.16,-0.08,99,-1,0,1,1.3,-0.00,0.274,0.278,0.05,0,26,0,271.2,173.9,0.1,358.8,0.00,0,1.3,-0.4
132.40,align,349.97,0.03,0.279,1,1893.9,367.0,-1.4,-1.5,-0.09,-0.13,359,359,-1,0.4,0.3,0.3,0.0,0.00,-0.02,0.00,0.00,0.00,0.00,0.13,-0.09,99,-1,0,1,1.4,-0.00,0.279,0.286,-0.05,0,26,0,270.7,155.9,0.3,359.3,0.00,0,-1.0,-0.3
132.60,align,349.98,0.02,0.272,1,1893.8,367.0,-1.3,-1.5,-0.09,-0.13,359,359,-1,0.4,0.3,0.1,0.1,-0.00,-0.02,0.00,0.00,0.00,0.00,0.13,-0.09,99,-1,0,1,1.3,-0.01,0.272,0.282,0.08,0,26,0,270.7,155.9,0.3,359.3,0.00,0,-1.0,-0.2
132.80,align,350.01,-0.01,0.267,1,1893.8,367.0,-1.3,-1.5,-0.04,-0.13,359,360,-1,0.4,0.3,-0.1,0.1,-0.00,-0.02,0.00,0.00,0.00,0.00,0.13,-0.09,99,-1,0,1,1.1,-0.01,0.267,0.275,0.16,0,26,0,270.2,200.1,359.9,359.8,0.00,0,0.1,-0.1
133.00,align,350.01,-0.01,0.275,1,1893.8,366.9,-1.3,-1.4,0.00,-0.11,359,360,-1,0.4,0.1,0.1,0.1,0.00,0.01,0.00,0.00,0.00,0.00,0.13,0.00,99,-1,0,1,1.2,-0.01,0.275,0.281,-0.00,0,26,0,270.2,200.1,359.9,359.8,0.00,0,1.6,-0.0
133.20,align,350.02,-0.02,0.273,1,1893.8,366.9,-1.3,-1.4,0.00,-0.11,360,0,-1,0.4,0.1,0.4,0.1,-0.00,0.02,0.00,0.00,0.00,0.00,0.11,0.00,99,-1,0,0,1.2,-0.02,0.273,0.281,0.04,0,26,0,269.7,53.8,0.4,0.3,0.00,0,1.6,-0.0
133.40,align,350.04,-0.04,0.268,1,1893.8,366.9,-1.3,-1.4,0.00,-0.09,360,0,-1,0.3,0.1,0.6,0.1,-0.00,0.01,0.00,0.00,0.00,0.00,0.09,0.00,99,-1,0,0,1.2,-0.02,0.268,0.271,0.11,0,26,0,269.7,53.8,0.4,0.3,0.00,0,0.8,0.1
133.60,align,350.03,-0.03,0.276,1,1893.8,366.9,-1.3,-1.4,0.00,-0.07,360,1,-1,0.3,0.1,0.4,0.1,-0.00,-0.03,0.00,0.00,0.00,0.00,0.07,0.00,99,-1,0,0,1.2,-0.02,0.276,0.291,-0.05,0,26,0,269.2,24.1,0.4,0.8,0.00,0,-2.3,-0.0
133.80,align,350.01,-0.01,0.281,1,1893.8,366.9,-1.3,-1.4,0.00,-0.07,0,1,-1,0.3,0.0,0.0,0.1,0.01,-0.03,0.00,0.00,0.00,0.00,0.07,-0.00,99,-1,0,-0,1.1,-0.03,0.281,0.294,-0.13,0,26,0,269.2,24.1,0.4,0.8,0.00,0,-1.6,-0.4
134.00,align,349.95,0.05,0.289,1,1893.8,366.8,-1.3,-1.4,0.00,-0.09,0,1,-1,0.3,0.0,0.1,0.2,0.00,0.00,0.00,0.00,0.00,0.00,0.08,-0.00,99,-1,0,-0,0.2,-0.02,0.289,0.291,-0.23,0,26,0,268.8,3.5,0.1,1.2,0.00,0,0.9,-0.3
134.20,align,349.94,0.06,0.283,1,1893.8,366.8,-1.3,-1.3,0.00,-0.09,1,1,-1,0.4,0.0,0.2,0.3,0.00,0.01,0.00,0.00,0.00,0.00,0.09,-0.00,99,-1,0,-1,-0.1,-0.01,0.283,0.287,-0.10,0,26,0,268.8,3.5,0.1,1.2,0.00,0,1.2,-0.3
134.40,align,349.94,0.06,0.276,1,1893.8,366.8,-1.3,-1.3,0.00,-0.09,1,1,-1,0.4,0.0,0.4,0.3,0.00,0.01,0.00,0.00,0.00,0.00,0.09,-0.00,99,-1,0,-1,-0.3,-0.01,0.276,0.281,0.03,0,26,0,268.9,19.4,0.4,1.1,0.00,0,0.6,-0.1
134.60,align,349.97,0.03,0.269,1,1893.8,366.8,-1.3,-1.3,0.00,-0.09,1,1,-1,0.4,0.0,0.5,0.3,0.00,0.01,0.00,0.00,0.00,0.00,0.09,-0.00,99,-1,0,-1,-0.4,-0.01,0.269,0.272,0.17,0,26,0,268.9,19.4,0.4,1.1,0.00,0,0.6,-0.1
134.80,descend,350.02,-0.02,0.120,1,1893.8,366.8,-1.3,-1.3,0.00,-0.04,1,1,-1,0.3,0.0,0.5,0.3,-0.00,-0.00,0.00,0.00,0.00,0.00,0.07,-0.00,99,-1,0,-1,-0.5,-0.00,0.120,0.123,0.27,0,26,0,269.1,30.7,0.6,0.9,0.00,0,-0.6,1.0
135.00,descend,350.00,-253.50,0.120,1,1893.8,366.8,-1.3,-1.3,0.00,-0.04,1,1,-1,0.3,0.0,0.4,0.0,-0.02,-0.02,0.00,0.00,0.00,0.00,0.04,-0.00,99,-1,0,-1,-0.5,-0.01,0.120,0.135,-0.20,0,26,0,269.1,30.7,0.6,0.9,0.00,0,-1.1,1.4
135.20,descend,349.69,-253.19,0.120,1,1893.8,366.8,-1.3,-1.3,0.00,-0.04,1,1,-1,0.3,0.0,0.2,-0.2,-0.02,-0.02,0.00,0.00,0.00,0.00,0.04,-0.00,99,-1,0,-1,-0.4,-0.01,0.120,0.133,-1.77,0,26,0,269.2,15.0,0.2,0.8,0.00,0,-0.8,0.9
135.40,descend,349.08,-252.58,0.120,1,1893.8,366.8,-1.3,-1.3,0.00,-0.04,1,1,-1,0.3,0.0,0.2,-0.2,-0.00,-0.01,0.00,0.00,0.00,0.00,0.04,-0.00,99,-1,0,-1,0.0,-0.02,0.120,0.124,-3.22,0,26,0,269.2,15.0,0.2,0.8,0.00,0,0.0,0.0
135.60,descend,348.17,-251.67,0.120,1,1893.8,366.7,-1.3,-1.2,0.00,-0.04,1,1,-1,0.3,0.0,0.2,-0.2,-0.01,-0.01,0.00,0.00,0.00,0.00,0.04,-0.00,99,-1,0,-1,-0.7,-0.00,0.120,0.125,-4.77,0,26,0,269.4,16.8,0.2,0.6,0.00,0,-0.1,0.2
135.80,descend,346.95,-250.45,0.120,1,1893.8,366.7,-1.3,-1.2,0.00,-0.02,1,1,-1,0.2,0.0,0.1,-0.3,-0.01,-0.01,0.00,0.00,0.00,0.00,0.02,-0.00,99,-1,0,-1,-0.6,-0.00,0.120,0.125,-6.28,0,26,0,269.4,16.8,0.2,0.6,0.00,0,-0.2,0.2
136.00,descend,345.01,-248.51,0.120,1,1893.8,366.7,-1.3,-1.2,0.00,-0.02,1,0,-1,0.2,0.0,0.1,-0.3,-0.01,-0.01,0.00,0.00,0.00,0.00,0.02,-0.00,99,-1,0,-1,-0.3,-0.00,0.120,0.126,-7.78,0,26,0,269.6,15.3,0.1,0.4,0.00,0,-0.2,0.1
136.20,descend,343.62,-247.12,0.120,1,1893.8,366.7,-1.3,-1.2,0.00,-0.02,1,0,-1,0.2,0.0,0.1,-0.3,-0.01,-0.01,0.00,0.00,0.00,0.00,0.02,-0.00,99,-1,0,-1,-0.2,0.00,0.120,0.127,-9.24,0,26,0,269.6,15.3,0.1,0.4,0.00,0,-0.2,0.1
136.40,descend,341.52,-245.02,0.120,1,1893.8,366.7,-1.3,-1.2,0.00,-0.02,1,0,-1,0.2,0.0,-0.0,-0.4,-0.01,-0.01,0.00,0.00,0.00,0.00,0.02,-0.00,99,-1,0,-1,-0.3,-0.00,0.120,0.128,-10.68,0,26,0,269.8,357.1,360.0,0.2,0.00,0,-0.3,0.1
136.60,descend,339.14,-242.64,0.120,1,1893.8,366.7,-1.3,-1.2,0.00,-0.02,0,0,-1,0.2,0.0,-0.1,-0.4,-0.01,-0.01,0.00,0.00,0.00,0.00,0.02,-0.00,99,-1,0,-0,-0.3,-0.00,0.120,0.129,-12.09,0,26,0,269.8,357.1,360.0,0.2,0.00,0,-0.3,0.2
136.80,descend,336.48,-239.98,0.120,1,1893.8,366.7,-1.3,-1.2,0.00,-0.02,0,0,-1,0.2,0.0,-0.2,-0.4,-0.01,-0.02,0.00,0.00,0.00,0.00,0.02,-0.00,99,-1,0,-0,-0.5,-0.00,0.120,0.130,-13.48,0,26,0,269.9,288.3,359.8,0.1,0.00,0,-0.6,0.3
137.00,descend,333.55,-237.05,0.120,1,1893.8,366.7,-1.3,-1.2,0.00,-0.02,0,0,-1,0.2,0.0,-0.3,-0.5,-0.01,-0.02,0.00,0.00,0.00,0.00,0.02,-0.00,99,-1,0,-0,0.0,0.01,0.120,0.131,-14.84,0,26,0,269.9,288.3,359.8,0.1,0.00,0,0.0,0.0
137.20,descend,330.35,-233.85,0.120,1,1893.8,366.7,-1.3,-1.2,0.00,-0.04,0,360,-1,0.2,0.0,-0.4,-0.5,-0.01,-0.02,0.00,0.00,0.00,0.00,0.02,-0.00,99,-1,0,-0,-0.4,0.01,0.120,0.132,-16.18,0,26,0,270.1,256.5,359.6,359.9,0.00,0,-0.7,0.3
137.40,descend,326.88,-230.38,0.120,1,1893.8,366.7,-1.3,-1.2,0.00,-0.04,0,360,-1,0.3,0.0,-0.5,-0.6,-0.01,-0.02,0.00,0.00,0.00,0.00,0.04,-0.00,99,-1,0,-0,-0.5,0.01,0.120,0.134,-17.49,0,26,0,270.1,256.5,359.6,359.9,0.00,0,-0.9,0.3
137.60,descend,323.16,-226.66,0.120,1,1893.8,366.7,-1.3,-1.2,0.00,-0.04,0,360,-1,0.3,-0.0,-0.6,-0.6,-0.01,-0.02,0.00,0.00,0.00,0.00,0.04,-0.00,99,-1,0,-0,-0.7,0.01,0.120,0.131,-18.76,0,26,0,270.2,248.7,359.4,359.8,0.00,0,-0.9,0.1
137.80,descend,319.21,-222.71,0.120,1,1893.8,366.7,-1.3,-1.2,0.00,-0.04,360,360,-1,0.3,-0.0,-0.6,-0.5,0.01,-0.01,0.00,0.00,0.00,0.00,0.04,0.00,99,-1,0,0,-0.5,0.01,0.120,0.126,-19.91,0,26,0,270.2,248.7,359.4,359.8,0.00,0,0.4,-1.0
138.00,descend,315.01,-218.51,0.120,1,1893.8,366.7,-1.3,-1.2,0.00,-0.04,360,360,-1,0.3,-0.0,-0.5,-0.3,0.01,-0.01,0.00,0.00,0.00,0.00,0.04,0.00,99,-1,0,0,-0.4,0.01,0.120,0.127,-21.15,0,26,0,270.4,233.6,359.5,359.6,0.00,0,0.3,-0.9
138.20,descend,310.56,-214.06,0.120,1,1893.8,366.7,-1.3,-1.2,0.00,-0.04,360,360,-1,0.3,-0.0,-0.5,-0.1,0.01,-0.01,0.00,0.00,0.00,0.00,0.04,0.00,99,-1,0,0,-0.3,0.01,0.120,0.128,-22.36,0,26,0,270.4,233.6,359.5,359.6,0.00,0,0.1,-0.6
138.40,descend,305.88,-209.38,0.120,1,1893.8,366.7,-1.3,-1.2,0.00,-0.07,360,359,-1,0.4,-0.0,-0.5,0.0,0.01,-0.01,0.00,0.00,0.00,0.00,0.07,0.00,99,-1,0,0,-0.4,0.01,0.120,0.129,-23.55,0,26,0,270.5,222.3,359.5,359.5,0.00,0,0.1,-1.0
138.60,descend,300.96,-204.46,0.120,1,1893.8,366.6,-1.3,-1.1,0.00,-0.07,360,359,-1,0.4,-0.0,-0.5,0.1,0.01,-0.01,0.00,0.00,0.00,0.00,0.07,0.00,99,-1,0,0,-0.4,0.01,0.120,0.130,-24.71,0,26,0,270.5,222.3,359.5,359.5,0.00,0,-0.0,-0.9
138.80,descend,295.82,-199.32,0.120,1,1893.8,366.6,-1.3,-1.1,0.00,-0.07,360,359,-1,0.4,-0.0,-0.5,0.3,0.01,-0.02,0.00,0.00,0.00,0.00,0.07,0.00,99,-1,0,0,-0.3,0.01,0.120,0.131,-25.84,0,26,0,270.7,217.3,359.5,359.3,0.00,0,-0.1,-0.7
139.00,descend,289.08,-192.58,0.120,1,1893.8,366.6,-1.3,-1.1,0.00,-0.07,360,359,-1,0.4,-0.0,-0.5,0.4,0.01,-0.02,0.00,0.00,0.00,0.00,0.07,0.00,99,-1,0,0,-0.4,0.02,0.120,0.132,-26.95,0,26,0,270.7,217.3,359.5,359.3,0.00,0,-0.2,-0.9
139.20,descend,284.88,-188.38,0.120,1,1893.8,366.6,-1.3,-1.1,0.00,-0.04,359,359,-1,0.3,-0.0,-0.6,0.5,0.01,-0.02,0.00,0.00,0.00,0.00,0.04,0.00,99,-1,0,1,-0.4,0.01,0.120,0.132,-28.03,0,26,0,270.8,217.3,359.4,359.2,0.00,0,-0.5,-1.0
139.40,descend,279.08,-182.58,0.120,1,1893.8,366.6,-1.3,-1.1,0.00,-0.04,359,359,-1,0.3,-0.0,-0.6,0.6,0.01,-0.02,0.00,0.00,0.00,0.00,0.04,0.00,99,-1,0,1,0.0,0.02,0.120,0.133,-29.09,0,26,0,270.8,217.3,359.4,359.2,0.00,0,0.0,0.0
139.60,descend,273.09,-176.59,0.120,1,1893.8,366.6,-1.3,-1.1,0.00,-0.04,359,359,-1,0.3,-0.0,-0.7,0.7,0.01,-0.02,0.00,0.00,0.00,0.00,0.04,0.00,99,-1,0,1,-0.3,0.02,0.120,0.130,-30.10,0,26,0,270.8,219.1,359.3,359.2,0.00,0,-0.3,-0.5
139.80,descend,266.91,-170.41,0.120,1,1893.8,366.6,-1.3,-1.1,0.00,-0.04,359,359,-1,0.3,-0.0,-0.6,0.6,-0.00,-0.01,0.00,0.00,0.00,0.00,0.04,0.00,99,-1,0,1,-0.2,0.02,0.120,0.124,-31.00,0,26,0,270.8,219.1,359.3,359.2,0.00,0,0.7,0.7
140.00,descend,260.54,-164.04,0.120,1,1893.8,366.6,-1.3,-1.1,0.00,-0.04,359,359,-1,0.3,-0.0,-0.4,0.5,-0.01,-0.01,0.00,0.00,0.00,0.00,0.04,0.00,99,-1,0,1,-0.1,0.02,0.120,0.125,-31.99,0,26,0,270.9,206.9,359.5,359.1,0.00,0,0.4,0.6
140.20,descend,253.97,-157.47,0.120,1,1893.8,366.6,-1.3,-1.1,0.00,-0.04,359,359,-1,0.3,-0.0,-0.4,0.3,-0.01,-0.01,0.00,0.00,0.00,0.00,0.04,0.00,99,-1,0,1,-0.2,0.02,0.120,0.126,-32.97,0,26,0,270.9,206.9,359.5,359.1,0.00,0,0.6,0.9
140.40,descend,247.22,-150.72,0.120,1,1893.8,366.6,-1.3,-1.1,0.00,-0.04,359,359,-1,0.3,-0.0,-0.3,0.2,-0.01,-0.01,0.00,0.00,0.00,0.00,0.04,0.00,99,-1,0,1,-0.1,0.02,0.120,0.127,-33.93,0,26,0,270.9,197.0,359.7,359.1,0.00,0,0.4,0.8
140.60,descend,240.27,-143.77,0.120,1,1893.8,366.5,-1.3,-1.0,0.00,-0.04,359,359,-1,0.3,-0.0,-0.2,0.1,-0.01,-0.01,0.00,0.00,0.00,0.00,0.04,0.00,99,-1,0,1,-0.1,0.02,0.120,0.128,-34.86,0,26,0,270.9,197.0,359.7,359.1,0.00,0,0.1,0.4
140.80,descend,233.14,-136.64,0.120,1,1893.8,366.5,-1.3,-1.0,0.00,-0.04,359,359,-1,0.3,-0.0,-0.2,-0.0,-0.01,-0.01,0.00,0.00,0.00,0.00,0.04,0.00,99,-1,0,1,-0.1,0.02,0.120,0.129,-35.78,0,26,0,271.0,191.2,359.8,359.0,0.00,0,0.1,0.6
141.00,descend,223.97,-127.47,0.120,1,1893.8,366.5,-1.3,-1.0,0.00,-0.02,359,359,-1,0.3,-0.0,-0.2,-0.2,-0.01,-0.01,0.00,0.00,0.00,0.00,0.02,0.00,99,-1,0,1,0.0,0.02,0.120,0.129,-36.67,0,26,0,271.0,191.2,359.8,359.0,0.00,0,0.0,0.0
141.20,descend,218.34,-121.84,0.120,1,1893.8,366.5,-1.3,-1.0,0.00,-0.02,359,359,-1,0.3,-0.0,-0.2,-0.3,-0.01,-0.01,0.00,0.00,0.00,0.00,0.02,0.00,99,-1,0,1,-0.0,0.02,0.120,0.131,-37.55,0,26,0,271.0,189.7,359.8,359.0,0.00,0,-0.0,0.4
141.40,descend,210.68,-114.18,0.120,1,1893.8,366.5,-1.3,-1.0,0.00,-0.02,359,359,-1,0.3,-0.0,-0.2,-0.4,-0.02,-0.01,0.00,0.00,0.00,0.00,0.02,0.00,99,-1,0,1,-0.1,0.02,0.120,0.132,-38.41,0,26,0,271.0,189.7,359.8,359.0,0.00,0,-0.1,0.8
141.60,descend,202.86,-106.36,0.120,1,1893.8,366.5,-1.3,-1.0,0.00,-0.02,359,359,-1,0.3,-0.0,-0.2,-0.6,-0.02,-0.02,0.00,0.00,0.00,0.00,0.02,0.00,99,-1,0,1,-0.1,0.02,0.120,0.133,-39.24,0,26,0,271.0,191.9,359.8,359.0,0.00,0,-0.2,0.6
141.80,descend,194.87,-98.37,0.120,1,1893.8,366.5,-1.3,-1.0,0.00,-0.02,359,359,-1,0.3,-0.0,-0.3,-0.7,-0.02,-0.02,0.00,0.00,0.00,0.00,0.02,0.00,99,-1,0,1,-0.1,0.02,0.120,0.135,-40.06,0,26,0,271.0,191.9,359.8,359.0,0.00,0,-0.3,0.8
142.00,descend,186.72,-90.22,0.199,1,1893.8,366.5,-1.3,-1.0,0.00,-0.02,359,359,-1,0.3,-0.0,-0.3,-0.8,-0.02,-0.01,0.00,0.00,0.00,0.00,0.02,0.00,99,-1,0,1,-0.1,0.02,0.199,0.211,-40.83,0,26,0,271.1,195.5,359.7,359.0,0.00,0,0.4,-0.0
142.20,descend,178.49,-81.99,0.321,1,1893.8,366.5,-1.3,-1.0,0.00,-0.02,359,359,-1,0.3,-0.1,-0.2,-0.7,0.00,0.00,0.00,0.00,0.00,0.00,0.02,0.00,99,-1,0,1,-0.1,0.02,0.321,0.323,-41.21,0,26,0,271.1,195.5,359.7,359.0,0.00,0,0.9,-0.6
142.40,descend,170.31,-73.81,0.415,1,1893.8,366.5,-1.3,-1.0,0.00,-0.02,359,359,-1,0.3,-0.1,0.1,-0.5,0.01,0.01,0.00,0.00,0.00,0.00,0.02,0.00,99,-1,0,1,-0.1,0.02,0.415,0.426,-40.78,0,26,0,271.1,172.7,0.1,358.9,0.00,0,1.4,-1.4
142.60,descend,162.40,-65.90,0.463,1,1893.8,366.5,-1.3,-1.0,0.00,0.00,359,359,-1,0.2,-0.1,0.4,-0.2,0.01,0.01,0.00,0.00,0.00,0.00,0.00,0.00,99,-1,0,1,-0.1,0.02,0.463,0.473,-39.32,0,26,0,271.1,172.7,0.1,358.9,0.00,0,1.1,-1.2
142.80,descend,154.90,-58.40,0.480,1,1893.8,366.5,-1.3,-1.0,0.00,0.02,359,359,-1,0.2,-0.1,0.5,-0.0,0.01,-0.00,0.00,0.00,0.00,0.00,0.00,0.00,99,-1,0,1,-0.0,0.02,0.480,0.484,-37.21,0,26,0,271.1,157.0,0.5,358.9,0.00,0,-0.3,-0.2
143.00,descend,147.88,-51.38,0.481,1,1893.8,366.5,-1.3,-1.0,0.00,0.02,359,359,-1,0.1,-0.1,0.3,-0.1,-0.01,-0.02,0.00,0.00,0.00,0.00,-0.02,-0.00,99,-1,0,1,-0.0,0.02,0.481,0.492,-34.79,0,26,0,271.1,157.0,0.5,358.9,0.00,0,-1.2,0.3
143.20,descend,141.38,-44.88,0.471,1,1893.8,366.5,-1.3,-1.0,0.00,0.04,359,359,-1,0.1,-0.1,0.0,-0.1,-0.01,-0.03,0.00,0.00,0.00,0.00,-0.04,-0.00,99,-1,0,1,-0.0,0.02,0.471,0.487,-32.21,0,26,0,271.1,178.1,0.0,358.9,0.00,0,-1.3,0.3
143.40,descend,135.35,-38.85,0.469,1,1893.8,366.5,-1.3,-1.0,0.00,0.00,359,359,-1,0.1,-0.1,-0.1,-0.1,-0.00,-0.01,0.00,0.00,0.00,0.00,-0.02,-0.00,99,-1,0,1,1.1,0.01,0.469,0.474,-29.82,0,26,0,271.1,178.1,0.0,358.9,0.00,0,1.2,-0.0
143.60,descend,129.77,-33.27,0.477,1,1893.8,366.5,-1.3,-1.0,0.00,-0.02,359,359,-1,0.2,-0.1,0.3,-0.1,-0.00,0.03,0.00,0.00,0.00,0.00,0.02,0.00,99,-1,0,1,1.5,-0.01,0.477,0.492,-27.63,0,26,0,270.8,158.0,0.3,359.2,0.00,0,2.5,0.1
143.80,descend,124.65,-28.15,0.480,1,1893.8,366.5,-1.3,-1.0,0.00,-0.03,359,359,-1,0.3,-0.1,0.9,-0.2,-0.01,0.03,0.00,0.00,0.00,0.00,0.03,0.00,99,-1,0,1,1.8,-0.02,0.480,0.496,-25.34,0,26,0,270.8,158.0,0.3,359.2,0.00,0,2.7,0.2
144.00,descend,118.85,-22.35,0.519,1,1893.8,366.5,-1.3,-1.0,-0.04,0.11,359,360,-1,0.0,-0.1,0.8,-0.2,-0.00,-0.02,0.00,0.00,0.00,0.00,-0.05,-0.00,99,-1,0,1,0.8,-0.00,0.519,0.527,-23.21,0,26,0,270.2,100.7,0.8,359.8,0.00,0,-2.2,-0.2
144.20,descend,115.71,-19.21,0.495,1,1893.8,366.5,-1.3,-1.0,-0.09,0.15,359,360,-1,-0.3,0.2,0.3,-0.2,-0.00,-0.05,0.00,0.00,0.00,0.00,-0.14,-0.09,99,-1,0,1,0.3,0.00,0.495,0.516,-20.91,0,26,0,270.2,100.7,0.8,359.8,0.00,0,-3.4,-0.0
144.40,descend,111.93,-15.43,0.497,1,1893.8,366.6,-1.3,-1.1,-0.09,0.13,360,360,-1,-0.2,0.2,-0.3,-0.2,-0.01,-0.05,0.00,0.00,0.00,0.00,-0.13,-0.09,99,-1,0,0,0.1,0.01,0.497,0.520,-18.61,0,26,0,270.0,268.3,359.7,360.0,0.00,0,-3.0,0.1
144.60,descend,108.60,-12.10,0.502,1,1893.8,366.6,-1.3,-1.1,-0.09,0.01,360,360,-1,0.1,0.2,-0.6,-0.2,-0.01,-0.02,0.00,0.00,0.00,0.00,-0.01,-0.09,99,-1,0,0,0.0,0.01,0.502,0.516,-16.37,0,26,0,270.0,268.3,359.7,360.0,0.00,0,-1.0,0.2
144.80,descend,105.72,-9.22,0.511,1,1893.8,366.5,-1.3,-1.1,-0.09,-0.20,360,360,-1,0.6,0.2,-0.3,-0.3,-0.01,0.01,0.00,0.00,0.00,0.00,0.14,-0.09,99,-1,0,0,-0.0,0.01,0.511,0.520,-14.16,0,26,0,270.0,268.2,359.7,360.0,0.00,0,2.4,0.4
145.00,descend,103.26,-6.76,0.524,1,1893.7,366.5,-1.2,-1.0,-0.09,-0.22,360,360,-1,0.8,0.2,0.2,-0.4,-0.02,0.03,0.00,0.00,0.00,0.00,0.22,-0.09,99,-1,0,0,-0.1,0.00,0.524,0.541,-12.00,0,26,0,270.0,268.2,359.7,360.0,0.00,0,2.7,0.5
145.20,descend,101.24,-4.74,0.560,1,1893.7,366.5,-1.2,-1.0,-0.09,-0.22,360,360,-1,0.9,0.2,0.7,-0.4,-0.01,0.03,0.00,0.00,0.00,0.00,0.22,-0.09,99,-1,0,0,-0.1,0.00,0.560,0.576,-9.86,0,26,0,270.0,92.4,0.7,360.0,0.00,0,2.4,0.4
145.40,descend,99.68,-3.18,0.570,1,1893.7,366.4,-1.2,-0.9,-0.18,-0.13,360,360,-1,0.7,0.2,0.9,-0.5,-0.01,0.00,0.00,0.00,0.00,0.00,0.16,-0.09,99,-1,0,0,-0.1,0.00,0.570,0.577,-7.49,0,26,0,270.0,92.4,0.7,360.0,0.00,0,0.6,0.1
145.60,descend,98.73,-2.23,0.364,1,1893.7,366.4,-1.2,-0.9,-0.18,-0.08,360,360,-1,0.5,0.5,1.1,-0.5,-0.01,0.01,0.00,0.00,0.00,0.00,0.10,-0.18,99,-1,0,0,-0.0,0.00,0.364,0.370,-4.33,0,26,0,270.1,92.8,1.1,359.9,0.00,0,1.1,-0.8
145.80,descend,98.20,-1.70,0.275,1,1893.6,366.4,-1.1,-0.9,-0.26,-0.07,360,360,-1,0.4,0.8,1.3,-0.2,0.01,0.02,0.00,0.00,0.00,0.00,0.07,-0.26,99,-1,0,0,-0.0,0.00,0.275,0.287,-2.48,0,26,0,270.1,92.8,1.1,359.9,0.00,0,1.9,-1.8
146.00,descend,97.83,-1.33,0.237,1,1893.6,366.4,-1.1,-0.9,-0.26,-0.07,360,360,-1,0.5,0.8,1.7,0.2,0.02,0.04,0.00,0.00,0.00,0.00,0.07,-0.26,99,-1,0,0,0.0,0.00,0.237,0.262,-1.76,0,26,0,270.1,92.3,1.7,359.9,0.00,0,2.2,-2.2
146.20,descend,97.50,-1.00,0.228,1,1893.5,366.4,-1.0,-0.9,-0.35,-0.07,360,360,-1,0.5,1.0,2.2,0.7,0.04,0.05,0.00,0.00,0.00,0.00,0.07,-0.31,99,-1,0,0,0.4,-0.00,0.228,0.262,-1.60,0,26,0,270.1,92.3,1.7,359.9,0.00,0,3.1,-3.3
146.40,descend,97.17,-0.67,0.226,1,1893.5,366.4,-1.0,-0.9,-0.35,-0.07,360,0,-1,0.5,1.2,2.9,1.4,0.05,0.07,0.00,0.00,0.00,0.00,0.07,-0.35,99,-1,0,0,0.4,-0.01,0.226,0.274,-1.59,0,26,0,270.0,90.0,2.9,0.1,0.00,0,3.3,-3.6
146.60,capture,96.86,-0.36,0.310,1,1893.4,366.3,-0.9,-0.8,-0.26,-0.04,360,0,-1,0.4,1.0,3.5,2.0,0.05,0.07,0.00,0.00,0.00,0.00,0.04,-0.26,99,-1,0,0,0.2,-0.01,0.310,0.358,-1.43,0,26,0,270.0,90.0,2.9,0.1,0.00,0,3.3,-2.4
146.80,capture,96.64,-0.14,0.300,1,1893.3,366.3,-0.8,-0.8,-0.18,-0.23,360,0,-1,0.4,1.0,4.2,2.4,0.04,0.08,0.00,0.00,0.00,0.00,0.04,-0.26,99,-1,0,0,-3.2,-0.00,0.300,0.349,-1.02,0,26,0,270.0,89.5,4.2,0.2,0.00,0,-3.4,-0.3
147.00,capture,96.63,-0.13,0.247,1,1893.3,366.3,-0.8,-0.8,-0.26,-0.31,360,0,-1,1.1,0.7,3.8,2.7,0.05,0.00,0.00,0.00,0.00,0.00,0.27,-0.18,99,-1,0,0,-2.6,0.06,0.247,0.269,0.03,0,26,0,270.0,89.5,4.2,0.2,0.00,0,0.4,-3.4
147.20,capture,96.61,-0.11,0.252,1,1893.2,366.2,-0.8,-0.7,-0.18,-0.33,360,358,-1,1.2,0.9,3.7,3.4,0.07,0.00,0.00,0.00,0.00,0.00,0.30,-0.21,99,-1,0,0,-5.0,0.12,0.252,0.281,-0.05,0,26,0,271.5,112.8,3.6,358.7,0.00,0,-2.8,-2.3
147.40,capture,96.61,-0.11,0.249,1,1893.2,366.1,-0.7,-0.7,-0.33,-0.38,359,358,-1,1.5,1.1,3.5,3.4,0.01,0.02,0.00,0.00,0.00,0.00,0.36,-0.26,99,-1,0,1,4.5,-0.05,0.249,0.261,-0.00,0,26,0,271.5,112.8,3.6,358.7,0.00,0,0.3,1.2
147.60,capture,96.61,-0.11,0.249,1,1893.1,366.1,-0.6,-0.6,-0.35,-0.41,359,359,-1,1.7,1.4,3.3,3.3,0.00,-0.00,0.00,0.00,0.00,0.00,0.42,-0.35,99,-1,0,1,2.6,-0.04,0.249,0.252,-0.00,0,26,0,270.8,103.7,3.3,359.4,0.00,0,-0.8,0.9
147.80,capture,96.60,-0.10,0.252,1,1893.0,366.0,-0.6,-0.5,-0.22,-0.15,359,359,-1,2.0,1.8,2.9,2.9,-0.02,-0.03,0.00,0.00,0.00,0.00,0.51,-0.48,99,-1,0,1,0.0,-0.02,0.252,0.274,-0.07,0,26,0,270.8,103.7,3.3,359.4,0.00,0,-0.0,0.0
148.00,capture,96.63,-0.13,0.259,1,1893.0,365.9,-0.5,-0.4,-0.96,-0.89,359,360,-1,3.3,3.3,1.7,1.7,-0.17,-0.18,0.00,0.00,0.00,0.00,0.90,-0.95,99,-1,0,1,0.9,-0.00,0.259,0.398,-0.23,0,26,0,270.2,97.4,1.7,359.8,0.00,0,-7.8,7.8
148.20,capture,96.50,-0.00,0.303,1,1892.6,365.5,-0.1,-0.0,-1.70,-1.47,359,360,-1,3.8,3.7,0.0,0.0,-0.04,-0.04,0.00,0.00,0.00,0.00,1.48,-1.69,99,-1,0,1,0.0,0.01,0.303,0.336,-1.00,0,26,0,270.2,97.4,1.7,359.8,0.00,0,0.0,0.0
148.40,capture,96.50,-0.00,0.253,1,1892.5,365.5,0.0,0.0,0.00,0.00,360,0,-1,0.8,0.7,0.0,0.0,-0.01,-0.01,0.00,0.00,0.00,0.00,0.00,0.00,99,-1,0,0,0.0,0.01,0.253,0.262,0.00,0,26,0,270.0,180.0,0.0,0.0,0.00,0,-0.0,0.0
148.60,capture,96.50,-0.00,0.253,1,1892.5,365.5,0.0,0.0,0.00,0.00,360,0,-1,0.8,0.7,0.0,0.0,-0.01,-0.01,0.00,0.00,0.00,0.00,0.00,0.00,99,-1,0,0,0.0,0.01,0.253,0.262,0.00,0,26,0,270.0,180.0,0.0,0.0,0.00,0,-0.0,0.0
148.80,capture,96.50,-0.00,0.253,1,1892.5,365.5,0.0,0.0,0.00,0.00,360,0,-1,0.8,0.7,0.0,0.0,-0.01,-0.01,0.00,0.00,0.00,0.00,0.00,0.00,99,-1,0,0,0.0,0.00,0.253,0.263,0.00,0,26,0,270.0,180.0,0.0,0.0,0.00,0,-0.0,0.0
149.00,capture,96.50,-0.00,0.253,1,1892.5,365.5,0.0,0.0,0.00,0.00,360,0,-1,0.8,0.7,-0.0,0.0,-0.01,-0.01,0.00,0.00,0.00,0.00,0.00,0.00,99,-1,0,0,0.0,0.00,0.253,0.263,0.00,0,26,0,270.0,180.0,0.0,0.0,0.00,0,-0.0,0.0
149.20,docked,96.50,-0.00,0.000,1,1892.5,365.5,0.0,0.0,0.00,0.00,360,0,-1,0.8,0.7,-0.0,0.0,-0.01,-0.01,0.00,0.00,0.00,0.00,0.00,0.00,99,-1,1,0,0.0,-0.00,0.000,0.000,0.00,0,26,0,270.0,180.0,0.0,0.0,0.00,0,-0.0,0.0
149.20,end:ok:control,0,0,0,0,0,0,0,0,0,0,0,0,0,0,0,0,0,0,0,0,0,0,0,0,0,0,0,0,0,0,0,0,0,0,0,0,0,0,0,0,0,0,0,0,0
