t,phase,height,err,pwr,gps,x,z,ex,ez,vxw,vzw,hdg,rawhdg,mothdg,tp,tr,p,r,vx,vy,sched,fwdRaw,latRaw,vrtRaw,fwdH,latH,energy,fuel,sat,yerr,yrate,ydem,athr,amax,vv,dockc,npers,chg,nav1,nav3,nav2,trihdg,trires,aimq,wx,wz
0.00,climb,96.50,253.50,1.000,1,1892.5,365.5,-892.0,3635.0,0.00,0.00,179,179,-1,0.0,0.0,-0.0,-0.0,-0.00,-0.00,0.00,0.00,0.00,0.00,0.00,0.00,-1,-1,1,-2,0.0,-0.03,1.000,1.000,0.00,0,0,0,90.0,180.0,180.0,180.0,0.00,0,0.0,-0.0
0.10,climb,96.50,253.50,1.000,1,1892.5,365.5,-892.0,3635.0,0.00,0.00,179,179,-1,0.0,0.0,-0.0,-0.0,-0.00,-0.00,0.00,0.00,0.00,0.00,0.00,0.00,-1,-1,1,-4,-0.0,-0.09,1.000,1.000,0.00,0,0,0,90.0,180.0,180.0,180.0,0.00,0,0.0,-0.0
0.20,climb,96.50,253.50,1.000,1,1892.5,365.5,-892.0,3635.0,0.00,0.00,179,179,-1,0.0,0.0,-0.0,-0.0,-0.00,-0.00,0.00,0.00,0.00,0.00,0.00,0.00,-1,-1,1,-8,0.0,-0.15,1.000,1.000,0.00,0,0,0,90.0,180.0,180.0,180.0,0.00,0,-0.0,0.0
0.30,climb,96.50,253.50,1.000,1,1892.5,365.5,-892.0,3635.0,0.00,0.00,179,179,-1,0.0,0.0,-0.0,-0.0,-0.00,-0.00,0.00,0.00,0.00,0.00,0.00,0.00,-1,-1,1,-11,0.0,-0.21,1.000,1.000,0.00,0,0,0,90.0,180.0,180.0,180.0,0.00,0,-0.0,0.0
0.40,climb,96.53,253.47,1.000,1,1892.5,365.5,-892.0,3635.0,0.00,0.00,179,179,-1,0.0,0.0,-0.0,-0.0,-0.00,-0.00,0.00,0.00,0.00,0.00,0.00,0.00,-1,-1,1,-13,-1.9,-0.27,1.000,1.000,0.43,0,0,0,90.0,9.9,180.0,180.0,0.00,0,-0.3,0.1
0.50,climb,96.70,253.30,1.000,1,1892.5,365.5,-892.0,3635.0,0.00,0.00,179,179,-1,0.0,0.0,-0.0,-0.0,-0.00,-0.01,0.00,0.00,0.00,0.00,0.00,0.00,-1,-1,1,-16,-5.3,-0.29,1.000,1.000,1.24,0,0,0,90.0,9.9,180.0,180.0,0.00,0,-0.7,0.2
0.60,climb,97.09,252.91,1.000,1,1892.5,365.5,-892.0,3635.0,0.00,0.02,179,179,-1,0.0,0.0,-0.1,-0.0,-0.00,-0.01,0.00,0.00,0.00,0.00,0.00,0.00,-1,-1,1,-19,-11.2,-0.28,1.000,1.000,3.28,0,0,0,90.0,9.9,180.0,180.0,0.00,0,-1.0,0.3
0.70,climb,97.79,252.21,1.000,1,1892.5,365.5,-892.0,3635.0,0.00,0.05,179,179,-1,0.0,0.0,-0.2,-0.1,-0.00,-0.02,0.00,0.00,0.00,0.00,0.02,0.00,-1,-1,1,-22,-19.6,-0.23,1.000,1.000,6.18,0,0,0,90.0,9.9,180.0,180.0,0.00,0,-0.7,0.2
0.80,climb,98.81,251.19,1.000,1,1892.5,365.5,-892.0,3635.0,0.00,0.05,178,175,-1,0.0,0.0,-0.3,-0.0,-0.00,-0.01,0.00,0.00,0.00,0.00,0.05,0.00,100,-1,1,-25,-19.6,-0.10,1.000,1.000,9.36,0,26,0,94.4,3.5,179.7,175.6,0.00,0,-0.7,0.2
0.90,climb,100.13,249.87,1.000,1,1892.5,365.5,-892.0,3635.0,0.04,0.12,178,175,-1,0.0,0.0,-0.3,0.0,0.01,-0.00,0.00,0.00,0.00,0.00,0.12,-0.04,100,-1,1,-27,-28.2,0.02,1.000,1.000,12.51,0,26,0,94.4,3.5,179.7,175.6,0.00,0,-0.2,-0.3
1.00,climb,101.77,248.23,1.000,1,1892.5,365.5,-892.0,3635.0,0.09,0.18,177,175,-1,0.0,0.0,-0.3,0.1,0.02,0.00,0.00,0.00,0.00,0.00,0.18,-0.08,100,-1,1,-30,-35.3,0.11,1.000,1.000,15.62,0,26,0,94.4,3.5,179.7,175.6,0.00,0,0.2,-0.7
1.10,climb,103.72,246.28,1.000,1,1892.5,365.6,-892.0,3634.9,0.09,0.27,177,175,-1,0.0,0.0,-0.2,0.2,0.02,0.01,0.00,0.00,0.00,0.00,0.24,-0.08,100,-1,1,-32,-41.6,0.16,1.000,1.000,18.71,0,26,0,94.4,3.5,179.7,175.6,0.00,0,0.9,-0.8
1.20,climb,105.97,244.03,1.000,1,1892.5,365.6,-892.0,3634.9,0.04,0.31,174,160,-1,0.0,0.0,-0.0,0.3,0.01,0.02,0.00,0.00,0.00,0.00,0.28,-0.06,100,-1,1,-33,-38.9,0.18,1.000,1.000,21.77,0,26,0,109.3,0.4,179.9,160.7,0.00,0,0.9,-0.2
1.30,climb,108.52,241.48,1.000,1,1892.5,365.6,-892.0,3634.9,0.04,0.31,172,160,-1,0.0,0.0,0.1,0.3,0.00,0.02,0.00,0.00,0.00,0.00,0.31,-0.00,100,-1,1,-34,-38.9,0.11,1.000,1.000,24.79,0,26,0,109.3,0.4,179.9,160.7,0.00,0,0.9,-0.2
1.40,climb,111.38,238.62,1.000,1,1892.5,365.7,-892.0,3634.8,0.00,0.32,170,160,-1,0.0,0.0,0.1,0.2,-0.01,0.01,0.00,0.00,0.00,0.00,0.31,0.05,100,-1,1,-35,-33.2,-0.03,1.000,1.000,27.79,0,26,0,109.3,0.4,179.9,160.7,0.00,0,0.6,0.4
1.50,climb,114.53,235.47,1.000,1,1892.5,365.7,-892.0,3634.8,0.00,0.31,169,160,-1,0.0,0.0,0.1,0.1,-0.01,0.00,0.00,0.00,0.00,0.00,0.30,0.06,100,-1,1,-36,-26.0,-0.20,1.000,1.000,30.75,0,26,0,109.3,0.4,179.9,160.7,0.00,0,0.1,0.8
1.60,climb,117.97,232.03,1.000,1,1892.5,365.7,-892.0,3634.8,-0.09,0.26,166,149,-1,0.0,0.0,-0.0,0.0,-0.02,-0.02,0.00,0.00,0.00,0.00,0.25,0.16,100,-1,1,-36,-15.2,-0.34,1.000,1.000,33.69,0,26,0,120.4,0.0,180.0,149.6,0.00,0,-1.8,1.4
1.70,climb,121.70,228.30,1.000,1,1892.5,365.7,-892.0,3634.8,-0.09,0.26,163,149,-1,0.0,0.0,-0.2,-0.1,-0.02,-0.03,0.00,0.00,0.00,0.00,0.23,0.16,100,-1,1,-37,-15.2,-0.43,1.000,1.000,36.59,0,26,0,120.4,0.0,180.0,149.6,0.00,0,-1.8,1.4
1.80,climb,125.72,224.28,1.000,1,1892.5,365.8,-892.0,3634.7,-0.09,0.26,161,149,-1,0.0,0.0,-0.5,-0.3,-0.03,-0.05,0.00,0.00,0.00,0.00,0.22,0.17,100,-1,1,-37,-15.9,-0.43,1.000,1.000,39.46,0,26,0,120.4,0.0,180.0,149.6,0.00,0,-2.6,1.6
1.90,climb,130.03,219.97,1.000,1,1892.5,365.8,-892.0,3634.7,0.00,0.26,159,149,-1,0.0,0.0,-0.8,-0.4,-0.02,-0.06,0.00,0.00,0.00,0.00,0.25,0.09,100,-1,1,-38,-22.1,-0.33,1.000,1.000,42.30,0,26,0,120.4,0.0,180.0,149.6,0.00,0,-3.1,1.7
2.00,climb,134.61,215.39,1.000,1,1892.5,365.9,-892.0,3634.7,0.26,0.34,156,139,-1,0.0,0.0,-1.1,-0.4,-0.01,-0.06,0.00,0.00,0.00,0.00,0.31,0.04,100,-1,1,-39,-45.2,-0.12,1.000,1.000,45.11,0,26,0,129.7,0.9,179.3,140.3,0.00,0,-2.1,-0.1
2.10,climb,139.46,210.54,0.836,1,1892.5,365.9,-892.0,3634.6,0.26,0.34,153,139,-1,0.0,0.0,-1.3,-0.3,0.02,-0.04,0.00,0.00,0.00,0.00,0.42,-0.08,100,-1,0,-39,-45.2,0.12,0.837,0.862,47.87,0,26,0,129.7,0.9,179.3,140.3,0.00,0,-2.1,-0.1
2.20,climb,144.59,205.41,0.677,1,1892.6,365.9,-892.1,3634.6,0.44,0.43,151,139,-1,0.0,0.0,-1.3,0.0,0.04,-0.02,0.00,0.00,0.00,0.00,0.59,-0.18,100,-1,0,-40,-56.2,0.33,0.681,0.706,50.61,0,26,0,129.7,0.9,179.3,140.3,0.00,0,-0.5,-1.4
2.30,climb,149.93,200.07,0.527,1,1892.6,366.0,-892.1,3634.5,0.62,0.52,149,139,-1,0.0,0.0,-1.2,0.3,0.05,0.01,0.00,0.00,0.00,0.00,0.76,-0.27,100,-1,0,-41,-62.3,0.45,0.533,0.559,53.01,0,26,0,129.7,0.9,179.3,140.3,0.00,0,1.0,-2.0
2.40,climb,155.41,194.59,0.411,1,1892.8,366.1,-892.2,3634.5,0.75,0.69,145,116,-1,0.0,0.0,-0.8,0.6,0.04,0.04,0.00,0.00,0.00,0.00,0.90,-0.22,100,-1,0,-39,-56.6,0.45,0.416,0.450,54.60,0,26,0,152.7,1.0,178.0,117.3,0.00,0,3.6,-0.5
2.50,climb,160.97,189.03,0.323,1,1892.9,366.1,-892.3,3634.4,0.75,0.74,140,116,-1,0.0,0.0,-0.4,0.7,0.02,0.06,0.00,0.00,0.00,0.00,1.01,-0.13,100,-1,0,-38,-49.2,0.38,0.326,0.356,55.52,0,26,0,152.7,1.0,178.0,117.3,0.00,0,3.5,0.9
2.60,climb,166.56,183.44,0.263,1,1892.9,366.1,-892.4,3634.4,0.75,0.74,137,116,-1,0.0,0.0,-0.0,0.6,-0.01,0.06,0.00,0.00,0.00,0.00,1.05,-0.04,100,-1,0,-37,-49.2,0.24,0.264,0.290,55.84,0,26,0,152.7,1.0,178.0,117.3,0.00,0,3.5,0.9
2.70,climb,172.13,177.87,0.223,1,1893.0,366.3,-892.4,3634.3,0.70,0.75,133,116,-1,0.0,0.0,0.2,0.4,-0.02,0.04,0.00,0.00,0.00,0.00,1.02,0.06,100,-1,0,-37,-35.2,0.09,0.224,0.246,55.71,0,26,0,152.7,1.0,178.0,117.3,0.00,0,0.7,1.6
2.80,climb,177.64,172.36,0.200,1,1893.0,366.3,-892.5,3634.2,0.70,0.75,128,99,-1,0.0,0.0,0.2,0.2,-0.02,0.01,0.00,0.00,0.00,0.00,1.01,0.15,100,-1,0,-35,-35.2,0.01,0.200,0.212,55.24,0,26,0,170.2,0.2,178.9,99.8,0.00,0,0.7,1.6
2.90,climb,183.07,166.93,0.187,1,1893.1,366.4,-892.6,3634.1,0.62,0.73,124,99,-1,0.0,0.0,0.2,0.1,-0.02,-0.01,0.00,0.00,0.00,0.00,0.91,0.26,100,-1,0,-33,-30.4,-0.05,0.187,0.201,54.54,0,26,0,170.2,0.2,178.9,99.8,0.00,0,-0.7,1.6
3.00,climb,188.42,161.58,0.181,1,1893.1,366.4,-892.6,3634.1,0.62,0.71,120,99,-1,0.0,0.0,0.0,-0.0,-0.01,-0.02,0.00,0.00,0.00,0.00,0.89,0.32,100,-1,0,-32,-26.9,-0.11,0.181,0.194,53.71,0,26,0,170.2,0.2,178.9,99.8,0.00,0,-1.1,1.2
3.10,climb,193.68,156.32,0.181,1,1893.2,366.5,-892.7,3634.0,0.57,0.69,116,99,-1,0.0,0.0,-0.1,-0.0,-0.00,-0.02,0.00,0.00,0.00,0.00,0.82,0.37,100,-1,0,-32,-24.4,-0.15,0.181,0.189,52.77,0,26,0,170.2,0.2,178.9,99.8,0.00,0,-1.1,0.2
3.20,climb,198.83,151.17,0.184,1,1893.3,366.6,-892.7,3633.9,0.53,0.65,112,89,-1,0.0,0.0,-0.2,-0.0,0.00,-0.02,0.00,0.00,0.00,0.00,0.74,0.42,100,-1,0,-31,-21.2,-0.16,0.185,0.193,51.77,0,26,0,180.4,360.0,358.9,89.6,0.00,0,-1.0,-0.3
3.30,climb,203.87,146.13,0.190,1,1893.3,366.7,-892.8,3633.9,0.53,0.63,108,89,-1,0.0,0.0,-0.3,0.0,0.01,-0.02,0.00,0.00,0.00,0.00,0.70,0.45,100,-1,0,-30,-20.4,-0.17,0.190,0.201,50.73,0,26,0,180.4,360.0,358.9,89.6,0.00,0,-1.0,-0.4
3.40,climb,208.82,141.18,0.196,1,1893.3,366.7,-892.8,3633.8,0.53,0.63,105,89,-1,0.0,0.0,-0.4,0.1,0.01,-0.02,0.00,0.00,0.00,0.00,0.67,0.47,100,-1,0,-30,-20.4,-0.19,0.196,0.207,49.71,0,26,0,180.4,360.0,358.9,89.6,0.00,0,-1.0,-0.4
3.50,climb,213.67,136.33,0.200,1,1893.4,366.8,-892.9,3633.7,0.53,0.62,103,89,-1,0.0,0.0,-0.4,0.1,0.01,-0.02,0.00,0.00,0.00,0.00,0.65,0.49,100,-1,0,-30,-19.9,-0.20,0.200,0.208,48.73,0,26,0,180.4,360.0,358.9,89.6,0.00,0,-0.8,-0.2
3.60,climb,218.43,131.57,0.200,1,1893.5,366.9,-892.9,3633.7,0.53,0.57,99,81,-1,0.0,0.0,-0.4,0.1,0.00,-0.00,0.00,0.00,0.00,0.00,0.61,0.50,100,-1,0,-30,-19.8,-0.20,0.200,0.202,47.83,0,26,0,188.5,0.1,0.5,81.5,0.00,0,1.0,-0.1
3.70,climb,223.10,126.90,0.197,1,1893.5,366.9,-893.0,3633.6,0.53,0.57,96,81,-1,0.0,0.0,-0.3,0.2,0.01,0.02,0.00,0.00,0.00,0.00,0.59,0.51,100,-1,0,-30,-19.8,-0.20,0.197,0.206,46.98,0,26,0,188.5,0.1,0.5,81.5,0.00,0,1.0,-0.1
3.80,climb,227.70,122.30,0.194,1,1893.6,366.9,-893.1,3633.6,0.53,0.56,94,81,-1,0.0,0.0,-0.1,0.1,-0.00,0.02,0.00,0.00,0.00,0.00,0.56,0.52,100,-1,0,-30,-19.9,-0.21,0.194,0.205,46.14,0,26,0,188.5,0.1,0.5,81.5,0.00,0,1.6,0.2
3.90,climb,232.21,117.79,0.190,1,1893.6,367.0,-893.1,3633.5,0.53,0.55,92,81,-1,0.0,0.0,-0.0,0.0,-0.01,0.01,0.00,0.00,0.00,0.00,0.54,0.53,100,-1,0,-31,-20.1,-0.22,0.191,0.201,45.31,0,26,0,188.5,0.1,0.5,81.5,0.00,0,1.2,0.9
4.00,climb,236.64,113.36,0.186,1,1893.7,367.1,-893.2,3633.4,0.53,0.53,89,72,-1,0.0,0.0,-0.1,-0.1,-0.02,-0.01,0.00,0.00,0.00,0.00,0.51,0.56,100,-1,0,-30,-20.6,-0.19,0.187,0.196,44.49,0,26,0,196.5,359.9,359.7,73.5,0.00,0,-1.1,0.9
4.10,climb,240.99,109.01,0.183,1,1893.7,367.1,-893.2,3633.4,0.53,0.53,86,72,-1,0.0,0.0,-0.2,-0.2,-0.01,-0.02,0.00,0.00,0.00,0.00,0.49,0.56,100,-1,0,-27,-20.6,-0.13,0.183,0.198,43.66,0,26,0,196.5,359.9,359.7,73.5,0.00,0,-1.1,0.9
4.20,climb,245.24,104.76,0.183,1,1893.8,367.2,-893.3,3633.3,0.53,0.53,84,72,-1,0.0,0.0,-0.4,-0.2,-0.01,-0.03,0.00,0.00,0.00,0.00,0.47,0.58,100,-1,0,-25,-20.8,-0.09,0.183,0.199,42.76,0,26,0,196.5,359.9,359.7,73.5,0.00,0,-1.6,0.7
4.30,climb,249.40,100.60,0.186,1,1893.9,367.3,-893.3,3633.3,0.53,0.48,82,72,-1,0.0,0.0,-0.5,-0.3,-0.01,-0.03,0.00,0.00,0.00,0.00,0.45,0.57,100,-1,0,-23,-20.7,-0.05,0.186,0.203,41.82,0,26,0,196.5,359.9,359.7,73.5,0.00,0,-1.5,0.7
4.40,climb,253.47,96.53,0.188,1,1893.9,367.3,-893.4,3633.2,0.53,0.46,79,64,-1,0.0,0.0,-0.7,-0.3,-0.01,-0.03,0.00,0.00,0.00,0.00,0.43,0.57,100,-1,0,-21,-20.6,0.00,0.188,0.205,40.89,0,26,0,204.8,359.4,358.6,65.2,0.00,0,-1.2,0.4
4.50,climb,257.45,92.55,0.188,1,1893.9,367.3,-893.4,3633.2,0.53,0.46,77,64,-1,0.0,0.0,-0.8,-0.3,-0.00,-0.03,0.00,0.00,0.00,0.00,0.41,0.57,100,-1,0,-18,-20.6,0.04,0.188,0.200,40.00,0,26,0,204.8,359.4,358.6,65.2,0.00,0,-1.2,0.4
4.60,climb,261.34,88.66,0.186,1,1894.0,367.4,-893.5,3633.1,0.53,0.40,75,64,-1,0.0,0.0,-0.9,-0.2,0.01,-0.02,0.00,0.00,0.00,0.00,0.40,0.55,100,-1,0,-16,-19.6,0.08,0.186,0.197,39.17,0,26,0,204.8,359.4,358.6,65.2,0.00,0,0.1,-0.9
4.70,climb,265.15,84.85,0.184,1,1894.0,367.4,-893.5,3633.1,0.53,0.40,73,64,-1,0.0,0.0,-0.8,-0.1,0.02,-0.01,0.00,0.00,0.00,0.00,0.39,0.53,100,-1,0,-15,-19.6,0.10,0.184,0.194,38.34,0,26,0,204.8,359.4,358.6,65.2,0.00,0,0.1,-0.9
4.80,climb,268.88,81.12,0.182,1,1894.1,367.4,-893.6,3633.1,0.53,0.37,71,56,-1,0.0,0.0,-0.8,0.0,0.02,-0.00,0.00,0.00,0.00,0.00,0.38,0.53,100,-1,0,-12,-18.8,0.14,0.182,0.191,37.50,0,26,0,212.7,359.5,359.3,57.3,0.00,0,0.6,-1.2
4.90,climb,272.51,77.49,0.182,1,1894.2,367.5,-893.6,3633.0,0.53,0.35,69,56,-1,0.0,0.0,-0.7,0.2,0.02,0.00,0.00,0.00,0.00,0.00,0.36,0.53,100,-1,0,-10,-16.7,0.16,0.183,0.193,36.61,0,26,0,212.7,359.5,359.3,57.3,0.00,0,0.9,-0.9
5.00,climb,276.06,73.94,0.183,1,1894.2,367.5,-893.7,3633.0,0.53,0.35,67,56,-1,0.0,0.0,-0.6,0.3,0.02,0.01,0.00,0.00,0.00,0.00,0.35,0.53,100,-1,0,-8,-15.4,0.18,0.183,0.193,35.74,0,26,0,212.7,359.5,359.3,57.3,0.00,0,0.9,-0.7
5.10,climb,279.53,70.47,0.182,1,1894.3,367.6,-893.7,3633.0,0.53,0.33,65,56,-1,0.0,0.0,-0.5,0.4,0.02,0.01,0.00,0.00,0.00,0.00,0.33,0.54,100,-1,0,-6,-13.9,0.18,0.183,0.193,34.88,0,26,0,212.7,359.5,359.3,57.3,0.00,0,1.0,-0.6
5.20,climb,282.91,67.09,0.182,1,1894.3,367.6,-893.8,3632.9,0.53,0.33,63,50,-1,0.0,0.0,-0.4,0.4,0.01,0.01,0.00,0.00,0.00,0.00,0.32,0.53,100,-1,0,-4,-12.4,0.20,0.182,0.192,34.02,0,26,0,218.9,0.1,0.1,51.1,0.00,0,0.9,-0.5
5.30,climb,286.21,63.79,0.178,1,1894.4,367.6,-893.8,3632.9,0.53,0.33,61,50,-1,0.0,0.0,-0.3,0.5,0.01,0.01,0.00,0.00,0.00,0.00,0.30,0.54,100,-1,0,-2,-10.8,0.21,0.179,0.188,33.18,0,26,0,218.9,0.1,0.1,51.1,0.00,0,0.9,-0.4
5.40,climb,289.42,60.58,0.136,1,1894.4,367.6,-893.9,3632.9,0.53,0.33,59,50,-1,0.0,0.0,-0.2,0.5,0.01,0.01,0.00,0.00,0.00,0.00,0.28,0.55,100,-1,0,-0,-10.8,0.21,0.136,0.146,32.34,0,26,0,218.9,0.1,0.1,51.1,0.00,0,0.9,-0.4
5.50,climb,292.55,57.45,0.093,1,1894.4,367.7,-893.9,3632.8,0.53,0.33,58,50,-1,0.0,0.0,-0.1,0.6,0.01,0.01,0.00,0.00,0.00,0.00,0.27,0.56,100,-1,0,1,-9.3,0.21,0.094,0.103,31.51,0,26,0,218.9,0.1,0.1,51.1,0.00,0,0.8,-0.4
5.60,climb,295.59,54.41,0.053,1,1894.6,367.7,-894.0,3632.8,0.53,0.33,56,46,-1,0.0,0.0,-0.1,0.6,0.01,0.00,0.00,0.00,0.00,0.00,0.25,0.57,100,-1,0,3,-6.8,0.21,0.053,0.057,30.67,0,26,0,222.8,0.5,0.6,47.2,0.00,0,0.1,0.2
5.70,climb,298.53,51.47,0.019,1,1894.6,367.8,-894.1,3632.8,0.53,0.33,55,46,-1,0.0,0.0,-0.0,0.6,0.00,0.00,0.00,0.00,0.00,0.00,0.24,0.57,100,-1,0,4,-6.2,0.22,0.020,0.021,29.70,0,26,0,222.8,0.5,0.6,47.2,0.00,0,0.1,0.2
5.80,climb,301.35,48.65,0.002,1,1894.6,367.8,-894.1,3632.7,0.53,0.33,53,46,-1,0.0,0.0,-0.0,0.5,0.00,-0.00,0.00,0.00,0.00,0.00,0.23,0.58,100,-1,0,6,-6.2,0.24,0.002,0.004,28.47,0,26,0,222.8,0.5,0.6,47.2,0.00,0,0.1,0.2
5.90,climb,304.06,45.94,0.000,1,1894.7,367.8,-894.2,3632.7,0.53,0.33,52,46,-1,0.0,0.0,-0.0,0.5,0.00,-0.00,0.00,0.00,0.00,0.00,0.21,0.58,100,-1,1,7,-5.5,0.24,0.000,0.000,27.35,0,26,0,222.8,0.5,0.6,47.2,0.00,0,0.1,0.2
6.00,climb,306.65,43.35,0.000,1,1894.8,367.9,-894.2,3632.7,0.53,0.31,51,44,-1,0.0,0.0,-0.0,0.5,0.00,-0.00,0.00,0.00,0.00,0.00,0.22,0.57,100,-1,1,8,-4.5,0.26,0.000,0.000,26.20,0,26,0,225.1,0.5,0.5,44.9,0.00,0,0.0,0.2
6.10,climb,309.12,40.88,0.000,1,1894.8,367.9,-894.3,3632.6,0.53,0.31,50,44,-1,0.0,0.0,-0.0,0.5,0.00,-0.00,0.00,0.00,0.00,0.00,0.20,0.58,100,-1,1,9,-4.3,0.27,0.000,0.000,24.99,0,26,0,225.1,0.5,0.5,44.9,0.00,0,0.0,0.2
6.20,climb,311.46,38.54,0.000,1,1894.9,367.9,-894.3,3632.6,0.53,0.31,49,44,-1,0.0,0.0,-0.0,0.5,0.00,-0.00,0.00,0.00,0.00,0.00,0.20,0.58,100,-1,1,10,-4.1,0.28,0.000,0.000,23.74,0,26,0,225.1,0.5,0.5,44.9,0.00,0,-0.0,0.2
6.30,climb,313.67,36.33,0.000,1,1894.9,367.9,-894.4,3632.6,0.53,0.31,48,44,-1,0.0,0.0,-0.0,0.4,0.00,-0.00,0.00,0.00,0.00,0.00,0.19,0.58,100,-1,1,11,-4.1,0.29,0.000,0.000,22.45,0,26,0,225.1,0.5,0.5,44.9,0.00,0,-0.0,0.2
6.40,climb,315.75,34.25,0.008,1,1895.0,368.0,-894.4,3632.5,0.53,0.31,47,42,-1,0.0,0.0,0.0,0.4,0.00,-0.00,0.00,0.00,0.00,0.00,0.18,0.58,100,-1,0,12,-4.0,0.31,0.009,0.010,21.14,0,26,0,226.8,0.4,0.4,43.2,0.00,0,-0.0,0.2
6.50,climb,317.71,32.29,0.024,1,1895.0,368.0,-894.5,3632.5,0.53,0.31,47,42,-1,0.0,0.0,0.0,0.4,0.00,-0.00,0.00,0.00,0.00,0.00,0.17,0.59,100,-1,0,12,-4.0,0.32,0.024,0.026,19.85,0,26,0,226.8,0.4,0.4,43.2,0.00,0,-0.0,0.2
6.60,climb,319.53,30.47,0.036,1,1895.0,368.0,-894.5,3632.5,0.44,0.29,46,42,-1,0.0,0.0,0.0,0.4,0.00,-0.00,0.00,0.00,0.00,0.00,0.12,0.51,100,-1,0,13,-3.8,0.34,0.036,0.037,18.58,0,26,0,226.8,0.4,0.4,43.2,0.00,0,-0.0,0.2
6.70,climb,321.23,28.77,0.050,1,1895.1,368.1,-894.6,3632.5,0.44,0.29,45,42,-1,0.0,0.0,0.0,0.4,0.00,-0.00,0.00,0.00,0.00,0.00,0.11,0.51,100,-1,0,13,-3.8,0.35,0.051,0.052,17.32,0,26,0,226.8,0.4,0.4,43.2,0.00,0,-0.0,0.2
6.80,climb,322.81,27.19,0.069,1,1895.2,368.1,-894.6,3632.4,0.44,0.29,45,41,-1,0.0,0.0,0.0,0.4,0.00,-0.00,0.00,0.00,0.00,0.00,0.11,0.51,100,-1,0,14,-3.8,0.36,0.069,0.071,16.06,0,26,0,228.3,0.4,0.3,41.7,0.00,0,-0.0,0.2
6.90,climb,324.26,25.74,0.090,1,1895.2,368.1,-894.7,3632.4,0.44,0.29,44,41,-1,0.0,0.0,0.0,0.3,0.00,-0.00,0.00,0.00,0.00,0.00,0.10,0.51,100,-1,0,15,-3.8,0.37,0.091,0.093,14.82,0,26,0,228.3,0.4,0.3,41.7,0.00,0,-0.0,0.2
7.00,climb,325.59,24.41,0.116,1,1895.2,368.2,-894.7,3632.4,0.44,0.29,44,41,-1,0.0,0.0,0.0,0.3,0.00,-0.00,0.00,0.00,0.00,0.00,0.10,0.52,100,-1,0,15,-3.5,0.38,0.117,0.118,13.60,0,26,0,228.3,0.4,0.3,41.7,0.00,0,-0.0,0.2
7.10,climb,326.80,23.20,0.143,1,1895.3,368.2,-894.7,3632.3,0.44,0.29,43,41,-1,0.0,0.0,0.0,0.3,0.00,-0.00,0.00,0.00,0.00,0.00,0.09,0.52,100,-1,0,16,-3.0,0.38,0.144,0.145,12.42,0,26,0,228.3,0.4,0.3,41.7,0.00,0,-0.0,0.2
7.20,climb,327.91,22.09,0.170,1,1895.3,368.2,-894.8,3632.3,0.44,0.29,43,39,-1,0.0,0.0,0.0,0.3,0.00,-0.00,0.00,0.00,0.00,0.00,0.09,0.52,100,-1,0,16,-2.3,0.39,0.172,0.173,11.30,0,26,0,229.7,0.3,0.3,40.3,0.00,0,-0.0,0.2
7.30,climb,328.92,21.08,0.194,1,1895.3,368.2,-894.8,3632.3,0.44,0.29,42,39,-1,0.0,0.0,0.0,0.3,0.00,-0.00,0.00,0.00,0.00,0.00,0.08,0.52,100,-1,0,17,-2.3,0.38,0.196,0.198,10.32,0,26,0,229.7,0.3,0.3,40.3,0.00,0,-0.0,0.2
7.40,climb,329.86,20.14,0.210,1,1895.4,368.2,-894.9,3632.3,0.44,0.29,42,39,-1,0.0,0.0,0.0,0.3,0.00,-0.00,0.00,0.00,0.00,0.00,0.08,0.52,100,-1,0,17,-0.7,0.36,0.212,0.214,9.56,0,26,0,229.7,0.3,0.3,40.3,0.00,0,-0.1,0.3
7.50,climb,330.74,19.26,0.222,1,1895.5,368.3,-894.9,3632.2,0.44,0.29,41,39,-1,0.0,0.0,-0.0,0.2,-0.00,-0.00,0.00,0.00,0.00,0.00,0.08,0.52,100,-1,0,18,4.3,0.32,0.224,0.226,8.91,0,26,0,229.7,0.3,0.3,40.3,0.00,0,-0.2,0.3
7.60,climb,331.57,18.43,0.227,1,1895.5,368.3,-895.0,3632.2,0.44,0.29,41,40,-1,0.0,0.0,-0.0,0.2,-0.00,-0.01,0.00,0.00,0.00,0.00,0.07,0.52,100,-1,0,18,7.7,0.27,0.228,0.231,8.42,0,26,0,229.1,0.2,0.1,40.9,0.00,0,-0.3,0.3
7.70,climb,332.38,17.62,0.224,1,1895.5,368.3,-895.0,3632.2,0.44,0.29,41,40,-1,0.0,0.0,-0.1,0.2,-0.00,-0.01,0.00,0.00,0.00,0.00,0.07,0.52,100,-1,0,18,7.7,0.20,0.225,0.229,8.11,0,26,0,229.1,0.2,0.1,40.9,0.00,0,-0.3,0.3
7.80,climb,333.15,16.85,0.221,1,1895.5,368.4,-895.0,3632.1,0.44,0.26,41,40,-1,0.0,0.0,-0.1,0.1,-0.00,-0.01,0.00,0.00,0.00,0.00,0.09,0.51,100,-1,0,18,11.0,0.14,0.221,0.226,7.81,0,26,0,229.1,0.2,0.1,40.9,0.00,0,-0.4,0.4
7.90,climb,333.89,16.11,0.218,1,1895.6,368.4,-895.1,3632.1,0.44,0.26,41,40,-1,0.0,0.0,-0.2,0.1,-0.00,-0.01,0.00,0.00,0.00,0.00,0.09,0.51,100,-1,0,18,16.2,0.09,0.218,0.224,7.51,0,26,0,229.1,0.2,0.1,40.9,0.00,0,-0.4,0.4
8.00,climb,334.61,15.39,0.216,1,1895.6,368.4,-895.1,3632.1,0.44,0.26,41,45,-1,0.0,0.0,-0.2,0.0,-0.01,-0.01,0.00,0.00,0.00,0.00,0.09,0.50,100,-1,0,18,16.2,0.03,0.216,0.222,7.22,0,26,0,224.0,359.8,359.8,46.0,0.00,0,-0.4,0.4
8.10,climb,335.30,14.70,0.214,1,1895.7,368.5,-895.2,3632.1,0.44,0.24,42,45,-1,0.0,0.0,-0.2,-0.0,-0.01,-0.01,0.00,0.00,0.00,0.00,0.10,0.50,100,-1,0,17,19.7,-0.03,0.214,0.221,6.93,0,26,0,224.0,359.8,359.8,46.0,0.00,0,-0.3,0.3
8.20,climb,335.95,14.05,0.213,1,1895.7,368.5,-895.2,3632.0,0.44,0.24,42,45,-1,0.0,0.0,-0.3,-0.0,-0.01,-0.01,0.00,0.00,0.00,0.00,0.12,0.49,100,-1,0,16,19.7,-0.07,0.213,0.219,6.64,0,26,0,224.0,359.8,359.8,46.0,0.00,0,-0.3,0.3
8.30,climb,336.58,13.42,0.212,1,1895.8,368.5,-895.3,3632.0,0.44,0.22,43,45,-1,0.0,0.0,-0.3,-0.1,-0.01,-0.01,0.00,0.00,0.00,0.00,0.14,0.47,100,-1,0,16,21.1,-0.09,0.212,0.218,6.36,0,26,0,224.0,359.8,359.8,46.0,0.00,0,-0.4,0.2
8.40,cruise,337.18,12.82,0.262,1,1895.8,368.5,-895.3,3632.0,0.44,0.22,44,53,-1,4.0,4.0,-0.3,-0.1,-0.07,-0.08,0.00,0.00,0.00,0.00,0.15,0.47,100,-1,0,5,21.1,-0.33,0.264,0.302,6.08,0,26,0,215.9,359.6,359.5,54.1,0.00,1,-0.4,0.2
8.50,cruise,337.76,12.24,0.262,1,1895.9,368.5,-895.4,3632.0,0.44,0.21,46,53,-1,8.0,8.0,-0.4,-0.1,-0.13,-0.14,0.00,0.00,0.00,0.00,0.17,0.46,100,-1,0,3,21.3,-0.37,0.264,0.335,5.80,0,26,0,213.8,359.6,359.4,56.2,0.00,1,-0.4,0.2
8.60,cruise,338.31,11.69,0.262,1,1895.9,368.5,-895.4,3632.0,0.44,0.19,47,53,-1,12.0,12.0,-0.4,-0.1,-0.17,-0.18,0.00,0.00,0.00,0.00,0.19,0.44,100,-1,0,1,20.8,-0.41,0.264,0.358,5.55,0,26,0,211.7,359.7,359.5,58.3,0.00,1,-0.1,-0.3
8.70,cruise,338.84,11.16,0.257,1,1895.9,368.6,-895.4,3631.9,0.44,0.14,48,53,-1,16.0,16.0,-0.1,0.1,-0.18,-0.19,0.00,0.00,0.00,0.00,0.23,0.40,100,-1,0,-1,19.1,-0.41,0.260,0.359,5.37,0,26,0,209.9,0.0,0.1,60.1,0.00,1,1.5,-1.7
8.80,cruise,339.35,10.65,0.251,1,1896.0,368.6,-895.5,3631.9,0.44,-0.01,50,61,-1,20.0,20.0,0.4,0.6,-0.17,-0.16,0.00,0.00,0.00,0.00,0.28,0.34,100,-1,0,-3,13.0,-0.38,0.254,0.342,5.24,0,26,0,208.4,0.8,1.5,61.6,0.00,1,7.8,-7.4
8.90,cruise,339.84,10.16,0.247,1,1896.0,368.6,-895.5,3631.9,0.44,-0.01,51,61,-1,24.0,24.0,1.2,1.5,-0.12,-0.13,0.00,0.00,0.00,0.00,0.35,0.27,100,-1,0,-4,13.0,-0.34,0.249,0.318,5.08,0,26,0,207.1,2.1,4.1,62.9,0.00,1,7.8,-7.4
9.00,cruise,340.29,9.71,0.247,1,1896.1,368.6,-895.6,3631.9,0.44,-0.14,53,61,-1,28.0,28.0,2.4,2.7,-0.07,-0.10,0.00,0.00,0.00,0.00,0.41,0.19,100,-1,0,-5,6.6,-0.30,0.248,0.293,4.87,0,26,0,206.2,3.8,7.8,63.8,0.00,1,13.5,-14.5
9.10,cruise,340.72,9.28,0.248,1,1896.2,368.5,-895.6,3631.9,0.44,-0.15,54,61,-1,31.4,31.3,3.8,4.2,-0.01,-0.06,0.00,0.00,0.00,0.00,0.44,0.14,100,-1,0,-6,3.5,-0.24,0.249,0.270,4.65,0,26,0,205.6,6.0,12.4,64.5,0.00,1,15.7,-17.1
9.20,cruise,341.11,8.89,0.252,1,1896.2,368.5,-895.7,3632.0,0.44,-0.12,55,64,-1,31.8,31.6,5.4,6.0,0.06,-0.00,0.00,0.00,0.00,0.00,0.45,0.12,100,-1,0,-6,0.6,-0.19,0.252,0.268,4.40,0,26,0,205.2,8.5,17.7,64.9,0.00,1,17.5,-19.1
9.30,cruise,341.48,8.52,0.255,1,1896.2,368.5,-895.7,3632.0,0.44,-0.12,57,64,-1,32.2,31.9,7.2,8.0,0.11,0.05,0.02,0.00,0.00,0.00,0.43,0.14,100,-1,0,-6,0.6,-0.14,0.255,0.297,4.20,0,26,0,205.1,11.3,23.1,65.1,0.00,1,17.5,-19.1
9.40,cruise,341.82,8.18,0.259,1,1896.3,368.5,-895.8,3632.0,0.44,-0.02,58,64,-1,32.7,32.1,9.2,10.0,0.12,0.09,0.12,0.00,0.00,0.00,0.38,0.21,100,-1,0,-6,-1.9,-0.09,0.259,0.316,4.01,0,26,0,205.2,14.2,28.3,65.2,0.00,1,19.0,-20.0
9.50,cruise,342.15,7.85,0.263,1,1896.3,368.5,-895.8,3632.0,0.40,0.15,59,64,-1,33.1,32.2,11.3,11.9,0.10,0.13,0.21,0.00,0.00,0.00,0.26,0.33,100,-1,0,-6,-3.9,-0.05,0.263,0.323,3.83,0,26,0,205.4,17.0,32.8,65.1,0.00,1,20.0,-19.4
9.60,cruise,342.45,7.55,0.269,1,1896.3,368.6,-895.8,3631.9,0.35,0.41,60,63,-1,33.6,32.3,13.5,13.6,0.07,0.13,0.30,0.00,0.00,0.00,0.10,0.53,100,-1,0,-6,-5.5,-0.01,0.269,0.323,3.65,0,26,0,205.6,19.7,36.7,65.0,0.00,1,19.9,-18.0
9.70,cruise,342.74,7.26,0.277,1,1896.4,368.7,-895.9,3631.9,0.13,1.12,61,63,-1,34.1,32.3,15.6,15.2,0.04,0.11,0.38,0.00,0.00,0.00,-0.12,0.76,100,-1,0,-6,-7.6,0.01,0.277,0.320,3.43,0,26,0,206.0,22.2,39.9,64.8,0.00,1,16.3,-15.7
9.80,cruise,343.01,6.99,0.286,1,1896.4,368.9,-895.9,3631.8,-0.04,1.54,62,63,-1,34.6,32.4,17.5,16.7,0.02,0.07,0.45,0.00,0.00,0.00,-0.41,1.05,100,-1,0,-6,-8.2,0.04,0.286,0.312,3.23,0,26,0,206.5,24.6,42.5,64.4,0.00,1,13.6,-14.6
9.90,cruise,343.26,6.74,0.296,1,1896.4,368.9,-895.9,3631.6,-0.04,1.54,63,63,-1,35.1,32.5,19.1,18.0,-0.00,0.03,0.51,0.00,0.00,0.00,-0.73,1.35,100,-1,0,-5,-8.2,0.06,0.296,0.305,3.02,0,26,0,207.1,26.7,44.5,64.0,0.00,1,13.6,-14.6
10.00,cruise,343.49,6.51,0.305,1,1896.4,369.1,-895.9,3631.4,-0.18,2.00,64,61,-1,35.5,32.5,20.6,19.1,-0.03,-0.01,0.57,0.00,0.00,0.00,-1.04,1.72,100,-1,0,-5,-8.5,0.08,0.305,0.316,2.81,0,26,0,207.8,28.6,45.9,63.5,0.00,1,11.0,-13.3
10.10,cruise,343.72,6.28,0.313,1,1896.3,369.6,-895.8,3631.2,-0.57,3.03,64,61,-1,36.0,32.6,21.9,20.2,-0.04,-0.03,0.62,0.00,0.00,0.00,-1.44,2.09,100,-1,0,-4,-8.3,0.09,0.313,0.336,2.66,0,26,0,208.6,30.3,47.1,63.0,0.00,1,7.8,-11.8
10.20,cruise,343.94,6.06,0.318,1,1896.3,369.6,-895.8,3630.9,-0.57,3.03,65,61,-1,36.4,32.7,23.0,21.1,-0.04,-0.05,0.66,0.00,0.00,0.00,-1.80,2.51,100,-1,0,-4,-8.3,0.09,0.318,0.347,2.54,0,26,0,209.3,32.0,48.1,62.4,0.00,1,7.8,-11.8
10.30,cruise,344.14,5.86,0.323,1,1896.1,370.3,-895.7,3630.6,-0.92,4.15,66,61,-1,36.8,32.8,24.2,22.2,-0.03,-0.05,0.71,0.00,0.00,0.00,-2.16,2.96,100,-1,0,-3,-6.8,0.09,0.323,0.348,2.45,0,26,0,210.1,33.7,49.1,62.0,0.00,1,7.6,-12.5
10.40,cruise,344.34,5.66,0.327,1,1896.0,370.8,-895.6,3630.2,-1.05,4.75,66,58,-1,37.2,32.9,25.4,23.3,-0.00,-0.04,0.76,0.00,0.00,0.00,-2.54,3.41,100,-1,0,-3,-5.7,0.08,0.328,0.341,2.39,0,26,0,210.7,35.5,50.2,61.6,0.00,1,8.1,-13.3
10.50,cruise,344.53,5.47,0.333,1,1896.0,370.8,-895.5,3629.7,-1.05,4.75,66,58,-1,37.6,33.0,26.7,24.6,0.03,-0.02,0.81,0.00,0.00,0.00,-2.88,3.92,100,-1,0,-3,-5.7,0.06,0.333,0.350,2.32,0,26,0,211.2,37.3,51.5,61.5,0.00,1,8.1,-13.3
10.60,cruise,344.71,5.29,0.340,1,1895.9,371.3,-895.4,3629.2,-1.23,5.36,67,58,-1,38.0,33.0,28.0,26.0,0.05,-0.00,0.86,0.00,0.00,0.00,-3.25,4.44,100,-1,0,-3,-4.6,0.04,0.340,0.360,2.26,0,26,0,211.6,39.2,52.9,61.5,0.00,1,9.0,-13.9
10.70,cruise,344.88,5.12,0.346,1,1895.8,371.9,-895.3,3628.6,-1.36,6.04,67,58,-1,38.4,33.0,29.4,27.4,0.06,0.01,0.91,0.00,0.00,0.00,-3.59,5.05,100,-1,0,-3,-3.4,0.01,0.346,0.371,2.22,0,26,0,211.8,40.9,54.4,61.7,0.00,1,9.9,-13.5
10.80,cruise,345.05,4.95,0.355,1,1895.5,373.3,-895.1,3627.9,-1.67,7.50,68,57,-1,38.8,33.1,30.8,28.7,0.06,0.01,0.96,0.00,0.00,0.00,-3.93,5.68,100,-1,0,-3,-1.5,-0.02,0.355,0.379,2.16,0,26,0,211.9,42.5,55.9,62.0,0.00,1,10.0,-10.3
10.90,cruise,345.21,4.79,0.365,1,1895.5,373.3,-895.0,3627.2,-1.67,7.50,68,57,-1,39.2,33.1,32.1,29.9,0.05,0.00,1.00,0.00,0.00,0.00,-4.32,6.36,100,-1,0,-4,-1.5,-0.04,0.365,0.386,2.06,0,26,0,211.7,43.9,57.2,62.4,0.00,1,10.0,-10.3
11.00,cruise,345.37,4.63,0.375,1,1895.1,375.0,-894.8,3626.4,-1.93,9.14,69,57,-1,39.6,33.1,33.3,30.9,0.04,-0.00,1.00,0.00,0.00,0.00,-4.64,7.10,100,-1,0,-4,-0.6,-0.06,0.375,0.391,1.95,0,26,0,211.5,45.0,58.5,62.9,0.00,1,9.2,-6.9
11.10,cruise,345.52,4.48,0.383,1,1895.1,375.0,-894.6,3625.5,-1.93,9.14,70,57,-1,40.0,33.1,34.4,31.8,0.03,-0.00,1.00,0.00,0.00,0.00,-4.95,7.92,100,-1,0,-5,-0.6,-0.08,0.384,0.399,1.88,0,26,0,211.2,45.9,59.7,63.4,0.00,1,9.2,-6.9
11.20,cruise,345.67,4.33,0.391,1,1894.7,377.0,-894.4,3624.5,-2.29,10.95,71,58,-1,40.4,33.2,35.5,32.6,0.03,-0.00,1.00,0.00,0.00,0.00,-5.26,8.81,100,-1,0,-5,-0.5,-0.09,0.391,0.405,1.82,0,26,0,210.8,46.8,60.8,63.9,0.00,1,8.8,-4.6
11.30,cruise,345.82,4.18,0.400,1,1894.4,378.2,-894.2,3623.5,-2.46,11.91,72,58,-1,40.8,33.2,36.5,33.3,0.02,-0.00,1.00,0.00,0.00,0.00,-5.54,9.72,100,-1,0,-6,-0.9,-0.10,0.400,0.410,1.75,0,26,0,210.3,47.4,61.8,64.4,0.00,1,8.6,-3.1
11.40,cruise,345.96,4.04,0.407,1,1894.1,379.5,-893.9,3622.3,-2.68,12.92,73,58,-1,41.3,33.2,37.5,33.8,0.01,-0.00,1.00,0.00,0.00,0.00,-5.79,10.69,100,-1,0,-6,-1.8,-0.10,0.407,0.410,1.69,0,26,0,209.8,48.0,62.6,64.8,0.00,1,8.8,-1.0
11.50,cruise,346.12,3.88,0.409,1,1893.9,380.8,-893.6,3621.0,-2.90,13.96,74,58,-1,41.7,33.2,38.5,34.0,-0.02,-0.00,1.00,0.00,0.00,0.00,-6.06,11.72,100,-1,0,-6,-2.9,-0.09,0.410,0.417,1.70,0,26,0,209.3,48.3,63.4,65.2,0.00,1,9.0,0.6
11.60,cruise,346.28,3.72,0.410,1,1893.9,380.8,-893.4,3619.7,-2.90,13.96,76,60,-1,42.2,33.2,39.5,34.1,-0.04,0.01,1.00,0.00,0.00,0.00,-6.23,12.83,100,-1,0,-7,-2.9,-0.08,0.410,0.428,1.73,0,26,0,208.8,48.5,64.1,65.5,0.00,1,9.0,0.6
11.70,cruise,346.46,3.54,0.407,1,1893.6,382.3,-893.1,3618.2,-3.21,15.08,77,60,-1,42.7,33.1,40.6,34.1,-0.05,0.02,1.00,0.00,0.00,0.00,-6.47,14.00,100,-1,0,-7,-4.3,-0.05,0.407,0.435,1.81,0,26,0,208.4,48.7,64.6,65.7,0.00,1,9.3,1.4
11.80,cruise,346.63,3.37,0.407,1,1892.8,385.6,-892.7,3616.6,-3.82,17.13,79,60,-1,43.3,33.0,41.7,34.0,-0.05,0.03,1.00,0.00,0.00,0.00,-6.61,15.13,100,-1,0,-7,-6.7,-0.03,0.407,0.441,1.85,0,26,0,208.1,49.0,65.1,65.7,0.00,1,8.8,-0.2
11.90,cruise,346.80,3.20,0.412,1,1892.4,387.4,-892.3,3614.9,-4.17,18.13,80,60,-1,43.8,32.9,42.8,34.0,-0.04,0.05,1.00,0.00,0.00,0.00,-6.78,16.19,100,-1,0,-7,-8.0,-0.00,0.412,0.449,1.80,0,26,0,208.1,49.5,65.5,65.6,0.00,1,8.0,-1.6
12.00,cruise,346.96,3.04,0.418,1,1892.4,387.4,-891.9,3613.1,-4.17,18.13,81,61,-1,44.3,32.8,43.9,34.0,-0.04,0.05,1.00,0.00,0.00,0.00,-6.90,17.28,100,-1,0,-6,-8.0,0.03,0.418,0.456,1.76,0,26,0,208.3,50.0,65.7,65.3,0.00,1,8.0,-1.6
12.10,cruise,347.12,2.88,0.422,1,1892.0,389.3,-891.5,3611.2,-4.53,19.16,83,61,-1,44.8,32.7,45.0,34.0,-0.04,0.05,1.00,0.00,0.00,0.00,-6.98,18.41,100,-1,0,-6,-9.1,0.06,0.422,0.459,1.73,0,26,0,208.8,50.8,65.8,64.7,0.00,1,6.6,-3.0
12.20,cruise,347.28,2.72,0.427,1,1891.0,393.4,-891.0,3609.2,-5.36,21.23,84,61,-1,45.2,32.6,45.9,34.0,-0.04,0.04,1.00,0.00,0.00,0.00,-7.13,19.53,100,-1,0,-5,-9.7,0.09,0.427,0.459,1.68,0,26,0,209.7,51.6,65.7,64.0,0.00,1,2.9,-6.1
12.30,cruise,347.43,2.57,0.432,1,1891.0,393.4,-890.5,3607.1,-5.36,21.23,85,61,-1,45.6,32.6,46.7,34.1,-0.03,0.03,1.00,0.00,0.00,0.00,-7.21,20.67,100,-1,0,-4,-9.7,0.11,0.433,0.458,1.62,0,26,0,210.8,52.6,65.5,63.1,0.00,1,2.9,-6.1
12.40,cruise,347.57,2.43,0.450,1,1890.4,395.6,-889.9,3604.9,-5.76,22.28,85,57,-1,46.0,32.7,47.3,34.3,-0.02,0.01,1.00,0.00,0.00,0.00,-7.52,21.75,100,-1,0,-3,-9.1,0.11,0.450,0.465,1.54,0,26,0,212.1,53.7,65.3,62.2,0.00,1,1.1,-7.5
12.50,cruise,347.70,2.30,0.480,1,1889.8,397.9,-889.3,3602.6,-6.15,23.35,86,57,-1,46.4,32.8,47.8,34.5,-0.01,-0.00,1.00,0.00,0.00,0.00,-7.80,22.85,100,-1,0,-2,-8.1,0.11,0.480,0.487,1.46,0,26,0,213.5,54.8,65.0,61.2,0.00,1,-0.4,-8.6
12.60,cruise,347.83,2.17,0.510,1,1889.2,400.3,-888.7,3600.2,-6.55,24.47,86,57,-1,46.7,33.0,48.1,34.9,-0.00,-0.01,1.00,0.00,0.00,0.00,-8.05,24.01,100,-1,0,-2,-6.8,0.10,0.510,0.519,1.41,0,26,0,214.9,55.9,64.7,60.4,0.00,1,-1.5,-9.4
12.70,cruise,347.96,2.04,0.540,1,1887.8,405.5,-888.0,3597.7,-7.25,26.99,87,57,-1,47.0,33.2,48.3,35.4,0.01,-0.02,1.00,0.00,0.00,0.00,-8.24,25.25,100,-1,0,-1,-3.0,0.09,0.540,0.558,1.42,0,26,0,216.4,57.0,64.4,59.7,0.00,1,-3.4,-10.9
12.80,cruise,348.10,1.90,0.570,1,1887.0,408.3,-887.3,3595.0,-7.56,28.37,86,51,-1,47.3,33.6,48.5,36.2,0.02,-0.03,1.00,0.00,0.00,0.00,-8.90,26.49,100,-1,0,-0,-0.9,0.05,0.570,0.601,1.53,0,26,0,217.9,58.1,64.2,59.1,0.00,1,-3.2,-11.6
12.90,cruise,348.25,1.75,0.600,1,1887.0,408.3,-886.5,3592.2,-7.56,28.37,86,51,-1,47.6,34.0,48.6,37.2,0.04,-0.03,1.00,0.00,0.00,0.00,-9.45,27.79,100,-1,0,-0,-0.9,0.02,0.600,0.641,1.68,0,26,0,219.1,59.2,64.2,58.8,0.00,1,-3.2,-11.6
13.00,cruise,348.43,1.57,0.600,1,1886.2,411.2,-885.7,3589.3,-7.82,29.89,86,51,-1,48.0,34.5,48.8,38.3,0.05,-0.03,1.00,0.00,0.00,0.00,-9.88,29.28,100,-1,0,-0,1.3,-0.03,0.600,0.649,1.92,0,26,0,220.1,60.3,64.3,58.9,0.00,1,-2.2,-11.3
13.10,cruise,348.63,1.37,0.600,1,1885.4,414.4,-884.9,3586.1,-8.04,31.55,86,51,-1,48.3,35.1,48.9,39.5,0.06,-0.04,1.00,0.00,0.00,0.00,-10.20,30.92,100,-1,0,-0,3.7,-0.08,0.600,0.659,2.24,0,26,0,220.6,61.0,64.6,59.2,0.00,1,-1.5,-10.1
13.20,cruise,348.87,1.13,0.600,1,1883.8,421.1,-884.1,3582.9,-8.35,34.97,86,48,-1,48.7,35.8,48.9,40.6,0.06,-0.05,1.00,0.00,0.00,0.00,-10.78,32.53,100,-1,0,-1,6.7,-0.14,0.601,0.665,2.56,0,26,0,220.8,61.5,65.0,59.8,0.00,1,-0.3,-5.6
13.30,cruise,349.14,0.86,0.600,1,1882.9,424.7,-883.3,3579.4,-8.44,36.68,85,48,-1,49.1,36.5,48.8,41.5,0.05,-0.06,1.00,0.00,0.00,0.00,-11.25,34.15,100,-1,0,-2,6.2,-0.17,0.601,0.665,2.87,0,26,0,220.6,61.8,65.3,60.4,0.00,1,0.4,-3.0
13.40,cruise,349.45,0.55,0.600,1,1882.9,424.7,-882.4,3575.8,-8.44,36.68,85,48,-1,49.6,37.2,48.8,42.2,0.03,-0.06,1.00,0.00,0.00,0.00,-11.63,35.80,100,-1,0,-2,6.2,-0.17,0.601,0.659,3.15,0,26,0,220.1,61.8,65.7,61.0,0.00,1,0.4,-3.0
13.50,cruise,349.79,0.21,0.600,1,1881.2,432.5,-881.6,3572.0,-8.61,40.07,85,48,-1,50.2,37.9,48.8,42.6,0.02,-0.06,1.00,0.00,0.00,0.00,-11.97,37.44,100,-1,0,-3,2.0,-0.15,0.601,0.646,3.42,0,26,0,219.5,61.7,66.1,61.6,0.00,1,4.2,1.3
13.60,cruise,350.16,-0.16,0.500,1,1881.2,432.5,-880.7,3568.0,-8.61,40.07,85,50,-1,50.8,38.4,49.2,42.7,0.01,-0.05,1.00,0.00,0.00,0.00,-11.90,39.22,100,-1,0,-3,2.0,-0.11,0.500,0.527,3.69,0,26,0,218.7,61.6,66.6,62.2,0.00,1,4.2,1.3
13.70,cruise,350.56,-0.56,0.400,1,1880.4,436.6,-879.9,3563.9,-8.66,41.74,86,50,-1,51.6,38.7,49.9,42.7,-0.01,-0.02,1.00,0.00,0.00,0.00,-11.71,40.99,100,-1,0,-4,-1.0,-0.06,0.400,0.413,3.96,0,26,0,217.7,61.5,67.2,62.7,0.00,1,6.8,2.8
13.80,cruise,350.97,-0.97,0.300,1,1878.6,445.3,-879.0,3559.6,-8.88,44.41,86,50,-1,52.5,38.9,50.8,42.6,-0.04,0.00,1.00,0.00,0.00,0.00,-11.49,42.62,100,-1,0,-4,-6.1,-0.01,0.300,0.312,4.13,0,26,0,216.7,61.4,67.8,63.1,0.00,1,10.3,5.0
13.90,cruise,351.36,-1.36,0.280,1,1877.7,449.8,-878.1,3555.2,-8.96,45.19,87,50,-1,53.3,38.9,51.8,42.3,-0.05,0.04,1.00,0.00,0.00,0.00,-11.09,43.91,100,-1,0,-5,-7.4,0.03,0.280,0.306,4.04,0,26,0,215.6,61.2,68.5,63.4,0.00,1,11.6,5.3
14.00,cruise,351.71,-1.71,0.301,1,1877.7,449.8,-877.2,3550.7,-8.96,45.19,89,54,-1,54.0,38.7,53.0,42.0,-0.05,0.06,1.00,0.00,0.00,0.00,-9.94,44.98,100,-1,0,-5,-7.4,0.05,0.301,0.335,3.70,0,26,0,214.5,61.1,69.2,63.7,0.00,1,11.6,5.3
14.10,cruise,352.01,-2.01,0.332,1,1876.8,454.4,-876.3,3546.1,-9.05,45.71,90,54,-1,54.6,38.3,54.2,41.7,-0.04,0.07,1.00,0.00,0.00,0.00,-8.78,45.77,100,-1,0,-5,-8.0,0.06,0.332,0.370,3.18,0,26,0,213.5,61.1,69.9,63.9,0.00,1,11.5,4.8
14.20,cruise,352.26,-2.26,0.367,1,1875.0,463.7,-875.4,3541.5,-9.40,46.82,92,54,-1,55.2,37.9,55.4,41.4,-0.03,0.06,1.00,0.00,0.00,0.00,-7.67,46.51,100,-1,0,-5,-8.2,0.06,0.367,0.402,2.65,0,26,0,212.8,61.2,70.4,64.0,0.00,1,8.7,1.9
14.30,cruise,352.46,-2.46,0.395,1,1875.0,463.7,-874.5,3536.8,-9.40,46.82,93,54,-1,55.6,37.6,56.3,41.2,-0.03,0.05,1.00,0.00,0.00,0.00,-6.69,47.29,100,-1,0,-5,-8.2,0.06,0.395,0.427,2.15,0,26,0,212.5,61.3,70.8,63.9,0.00,1,8.7,1.9
14.40,cruise,352.61,-2.61,0.413,1,1874.0,468.4,-873.5,3532.1,-9.62,47.54,95,57,-1,56.1,37.3,57.1,40.9,-0.03,0.03,1.00,0.00,0.00,0.00,-5.48,48.19,100,-1,0,-5,-8.0,0.06,0.414,0.439,1.71,0,26,0,212.4,61.6,71.0,63.6,0.00,1,6.6,0.6
14.50,cruise,352.74,-2.74,0.424,1,1873.0,473.2,-872.5,3527.3,-9.98,48.37,96,57,-1,56.4,37.1,57.7,40.7,-0.03,0.01,1.00,0.00,0.00,0.00,-4.51,49.18,100,-1,0,-4,-7.5,0.06,0.424,0.441,1.33,0,26,0,212.8,62.0,71.1,63.1,0.00,1,4.2,-0.9
14.60,cruise,352.83,-2.83,0.434,1,1871.0,483.1,-871.5,3522.4,-10.59,50.30,98,57,-1,56.7,37.1,58.1,40.5,-0.03,-0.01,1.00,0.00,0.00,0.00,-3.55,50.24,100,-1,0,-4,-5.3,0.06,0.434,0.449,0.99,0,26,0,213.4,62.4,71.0,62.5,0.00,1,0.6,-3.1
14.70,cruise,352.89,-2.89,0.443,1,1869.9,488.2,-870.5,3517.4,-10.94,51.32,99,57,-1,57.0,37.1,58.4,40.4,-0.02,-0.02,1.00,0.00,0.00,0.00,-2.77,51.32,100,-1,0,-3,-4.3,0.04,0.443,0.461,0.69,0,26,0,214.1,62.9,70.8,61.9,0.00,1,-0.2,-4.0
14.80,cruise,352.92,-2.92,0.452,1,1868.8,493.4,-869.4,3512.3,-11.21,52.33,99,54,-1,57.2,37.1,58.6,40.4,-0.01,-0.03,1.00,0.00,0.00,0.00,-2.39,52.42,100,-1,0,-3,-3.1,0.03,0.452,0.471,0.42,0,26,0,215.0,63.4,70.7,61.4,0.00,1,-0.7,-4.7
14.90,cruise,352.93,-2.93,0.462,1,1868.8,493.4,-868.3,3507.1,-11.21,52.33,100,54,-1,57.4,37.2,58.8,40.5,-0.01,-0.03,1.00,0.00,0.00,0.00,-1.94,53.48,100,-1,0,-2,-3.1,0.02,0.462,0.479,0.16,0,26,0,215.8,63.9,70.6,61.0,0.00,1,-0.7,-4.7
15.00,cruise,352.90,-2.90,0.472,1,1867.6,498.7,-867.1,3501.8,-11.56,53.37,101,54,-1,57.5,37.3,59.0,40.9,0.01,-0.03,1.00,0.00,0.00,0.00,-1.54,54.59,100,-1,0,-2,-1.9,-0.00,0.472,0.488,-0.08,0,26,0,216.6,64.6,70.5,60.8,0.00,1,-0.6,-5.6
15.10,cruise,352.85,-2.85,0.481,1,1866.4,504.2,-865.9,3496.3,-11.82,54.46,101,54,-1,57.6,37.4,59.3,41.6,0.02,-0.01,1.00,0.00,0.00,0.00,-0.96,55.72,100,-1,0,-2,-0.7,-0.03,0.481,0.498,-0.29,0,26,0,217.2,65.2,70.7,60.8,0.00,1,0.3,-6.3
15.20,cruise,352.78,-2.78,0.491,1,1864.0,515.3,-864.7,3490.8,-12.30,56.76,102,51,-1,57.7,37.4,59.8,42.4,0.04,0.01,1.00,0.00,0.00,0.00,-0.61,56.88,100,-1,0,-2,1.0,-0.05,0.491,0.513,-0.48,0,26,0,217.6,65.9,71.0,61.1,0.00,1,2.7,-6.4
15.30,cruise,352.68,-2.68,0.502,1,1862.8,521.1,-863.5,3485.2,-12.52,57.99,102,51,-1,57.8,37.4,60.3,43.4,0.05,0.02,1.00,0.00,0.00,0.00,-0.00,58.07,100,-1,0,-3,1.4,-0.08,0.502,0.534,-0.68,0,26,0,217.7,66.5,71.4,61.5,0.00,1,3.0,-5.9
15.40,cruise,352.57,-2.57,0.513,1,1862.8,521.1,-862.3,3479.4,-12.52,57.99,103,51,-1,57.9,37.3,60.8,44.4,0.05,0.02,1.00,0.00,0.00,0.00,0.82,59.32,100,-1,0,-3,1.4,-0.09,0.513,0.550,-0.87,0,26,0,217.8,67.1,71.9,62.0,0.00,1,3.0,-5.9
15.50,cruise,352.44,-2.44,0.525,1,1860.2,533.0,-861.0,3473.5,-12.96,60.60,104,51,-1,57.9,37.2,61.2,45.2,0.05,0.02,1.00,0.00,0.00,0.00,1.76,60.60,100,-1,0,-4,0.4,-0.10,0.525,0.559,-1.04,0,26,0,217.9,67.6,72.2,62.4,0.00,1,1.5,-4.0
15.60,cruise,352.30,-2.30,0.538,1,1860.2,533.0,-859.7,3467.5,-12.96,60.60,105,51,-1,57.7,37.0,61.5,45.7,0.04,0.01,1.00,0.00,0.00,0.00,2.74,61.91,100,-1,0,-4,0.4,-0.08,0.538,0.561,-1.23,0,26,0,218.2,68.0,72.4,62.6,0.00,1,1.5,-4.0
15.70,cruise,352.15,-2.15,0.552,1,1857.6,545.5,-858.4,3461.3,-13.40,63.37,105,51,-1,57.6,36.7,61.6,45.8,0.02,-0.00,1.00,0.00,0.00,0.00,3.63,63.25,100,-1,0,-4,-2.6,-0.06,0.552,0.566,-1.43,0,26,0,218.5,68.2,72.3,62.4,0.00,1,-0.6,-0.3
15.80,cruise,351.99,-1.99,0.567,1,1857.6,545.5,-857.1,3455.0,-13.40,63.37,106,51,-1,57.4,36.4,61.6,45.4,0.00,-0.01,1.00,0.00,0.00,0.00,4.38,64.62,100,-1,0,-3,-2.6,-0.01,0.567,0.577,-1.62,0,26,0,218.9,68.2,72.1,62.0,0.00,1,-0.6,-0.3
15.90,cruise,351.83,-1.83,0.581,1,1854.8,558.5,-855.7,3448.6,-13.84,66.31,106,51,-1,57.3,36.1,61.4,44.6,-0.01,-0.02,1.00,0.00,0.00,0.00,4.89,66.05,100,-1,0,-2,-5.7,0.04,0.581,0.601,-1.79,0,26,0,219.4,68.2,71.8,61.3,0.00,1,-2.4,2.5
16.00,cruise,351.66,-1.66,0.593,1,1853.4,565.3,-854.3,3442.0,-14.11,67.83,106,49,-1,57.2,35.8,61.2,43.6,-0.03,-0.03,1.00,0.00,0.00,0.00,4.77,67.57,100,-1,0,-1,-6.5,0.08,0.593,0.625,-1.90,0,26,0,220.0,68.0,71.3,60.3,0.00,1,-2.7,3.0
16.10,cruise,351.48,-1.48,0.603,1,1852.0,572.2,-852.9,3435.2,-14.33,69.32,105,49,-1,57.0,35.4,61.0,42.4,-0.03,-0.03,1.00,0.00,0.00,0.00,4.36,69.14,100,-1,0,-0,-6.5,0.12,0.604,0.639,-1.97,0,26,0,220.7,67.9,70.7,59.2,0.00,1,-2.2,2.8
16.20,cruise,351.30,-1.30,0.611,1,1852.0,572.2,-851.5,3428.3,-14.33,69.32,105,49,-1,56.9,35.0,60.8,41.3,-0.03,-0.02,1.00,0.00,0.00,0.00,3.81,70.69,100,-1,0,1,-6.5,0.14,0.612,0.643,-1.98,0,26,0,221.3,67.8,70.3,58.1,0.00,1,-2.2,2.8
16.30,cruise,351.12,-1.12,0.617,1,1849.1,586.4,-850.0,3421.3,-14.90,72.44,104,49,-1,56.7,34.7,60.7,40.5,-0.02,-0.01,1.00,0.00,0.00,0.00,3.13,72.28,100,-1,0,1,-4.2,0.14,0.617,0.637,-1.94,0,26,0,221.8,67.8,69.9,57.3,0.00,1,-0.3,1.1
16.40,cruise,350.95,-0.95,0.618,1,1849.1,586.4,-848.6,3414.1,-14.90,72.44,103,47,-1,56.6,34.3,60.8,40.0,-0.01,0.00,1.00,0.00,0.00,0.00,1.99,73.93,100,-1,0,2,-4.2,0.12,0.619,0.625,-1.84,0,26,0,222.1,67.8,69.8,56.9,0.00,1,-0.3,1.1
16.50,cruise,350.78,-0.78,0.620,1,1846.0,601.3,-847.0,3406.7,-15.51,75.56,102,47,-1,56.4,34.0,60.9,40.0,0.01,0.01,1.00,0.00,0.00,0.00,1.06,75.51,100,-1,0,2,0.4,0.09,0.620,0.635,-1.73,0,26,0,222.2,67.9,69.9,56.8,0.00,1,1.3,-1.2
16.60,cruise,350.53,-0.53,0.624,1,1846.0,601.3,-845.5,3399.2,-15.51,75.56,102,47,-1,56.2,33.7,61.1,40.4,0.03,0.02,1.00,0.00,0.00,0.00,0.30,77.14,100,-1,0,2,0.4,0.03,0.624,0.653,-1.62,0,26,0,222.0,68.1,70.1,57.1,0.00,1,1.3,-1.2
16.70,cruise,350.45,-0.45,0.623,1,1844.4,609.0,-843.9,3391.5,-15.78,77.15,101,47,-1,56.1,33.7,61.2,41.2,0.04,0.02,1.00,0.00,0.00,0.00,-0.10,78.74,100,-1,0,1,3.8,-0.06,0.623,0.660,-1.52,0,26,0,221.6,68.1,70.4,57.8,0.00,1,1.5,-1.7
16.80,cruise,350.29,-0.29,0.627,1,1842.8,616.8,-842.3,3383.7,-16.08,78.73,102,48,-1,55.8,33.8,61.1,42.1,0.05,0.00,1.00,0.00,0.00,0.00,-0.03,80.35,100,-1,0,-0,6.8,-0.14,0.627,0.662,-1.46,0,26,0,220.9,68.0,70.7,58.8,0.00,1,0.8,-1.2
16.90,cruise,350.13,-0.13,0.632,1,1839.6,632.9,-840.7,3375.7,-16.57,81.80,102,48,-1,55.6,34.0,60.9,42.9,0.05,-0.01,1.00,0.00,0.00,0.00,0.20,81.93,100,-1,0,-1,9.2,-0.20,0.633,0.673,-1.43,0,26,0,220.0,67.7,71.0,59.9,0.00,1,-1.5,1.6
17.00,cruise,349.99,0.01,0.638,1,1839.6,632.9,-839.1,3367.6,-16.57,81.80,102,48,-1,55.4,34.3,60.4,43.4,0.04,-0.03,1.00,0.00,0.00,0.00,0.34,83.46,100,-1,0,-2,9.2,-0.22,0.640,0.684,-1.43,0,26,0,219.1,67.2,71.1,60.8,0.00,1,-1.5,1.6
17.10,cruise,349.79,0.21,0.645,1,1836.2,649.7,-837.4,3359.3,-17.05,84.88,102,48,-1,55.1,34.4,59.9,43.5,0.03,-0.03,1.00,0.00,0.00,0.00,0.33,84.98,100,-1,0,-3,5.3,-0.21,0.647,0.686,-1.41,0,26,0,218.1,66.5,71.2,61.5,0.00,1,-0.8,6.3
17.20,cruise,349.73,0.27,0.646,1,1834.5,658.3,-835.7,3350.8,-17.31,86.42,102,52,-1,55.0,34.6,59.5,43.1,0.01,-0.03,1.00,0.00,0.00,0.00,1.15,86.57,100,-1,0,-3,0.7,-0.17,0.647,0.673,-1.34,0,26,0,216.9,65.7,71.2,61.9,0.00,1,0.3,8.6
17.30,cruise,349.63,0.37,0.646,1,1834.5,658.3,-834.0,3342.2,-17.31,86.42,102,52,-1,54.9,34.4,59.2,42.2,-0.01,-0.02,1.00,0.00,0.00,0.00,1.53,88.12,100,-1,0,-3,0.7,-0.08,0.646,0.663,-1.23,0,26,0,216.0,64.8,71.1,61.9,0.00,1,0.3,8.6
17.40,cruise,349.56,0.44,0.642,1,1832.7,667.0,-832.2,3333.5,-17.62,87.98,102,52,-1,54.9,34.0,59.1,40.7,-0.03,-0.00,1.00,0.00,0.00,0.00,1.44,89.71,100,-1,0,-3,-4.8,0.05,0.642,0.666,-1.07,0,26,0,215.3,63.9,70.9,61.3,0.00,1,1.3,10.4
17.50,cruise,349.50,0.50,0.637,1,1829.1,685.0,-830.4,3324.6,-18.33,90.88,102,52,-1,54.9,33.5,59.1,38.7,-0.06,0.01,1.00,0.00,0.00,0.00,0.85,91.26,100,-1,0,-1,-13.5,0.17,0.638,0.682,-0.89,0,26,0,215.0,63.1,70.4,60.2,0.00,1,2.8,11.4
17.60,cruise,349.46,0.54,0.631,1,1829.1,685.0,-828.6,3315.5,-18.33,90.88,102,54,-1,55.0,32.9,59.3,36.3,-0.07,0.03,1.00,0.00,0.00,0.00,0.26,92.71,100,-1,0,0,-13.5,0.27,0.634,0.696,-0.71,0,26,0,215.0,62.4,69.9,58.6,0.00,1,2.8,11.4
17.70,cruise,349.46,0.54,0.621,1,1827.2,694.2,-826.7,3306.3,-18.85,92.26,101,54,-1,55.1,32.3,59.5,33.8,-0.08,0.03,1.00,0.00,0.00,0.00,-0.96,94.16,100,-1,0,2,-15.1,0.34,0.626,0.695,-0.53,0,26,0,215.4,61.9,69.3,56.8,0.00,1,2.6,10.3
17.80,cruise,349.46,0.54,0.600,1,1823.3,713.0,-824.8,3297.0,-19.95,94.86,100,54,-1,55.2,32.0,59.6,31.6,-0.08,0.03,1.00,0.00,0.00,0.00,-2.56,95.55,100,-1,0,4,-10.5,0.36,0.605,0.668,-0.34,0,26,0,216.0,61.6,68.6,54.9,0.00,1,0.0,4.4
17.90,cruise,349.47,0.53,0.584,1,1823.3,713.0,-822.8,3287.5,-19.95,94.86,99,54,-1,55.2,31.8,59.7,30.0,-0.06,0.02,1.00,0.00,0.00,0.00,-4.40,96.83,100,-1,0,5,-10.5,0.32,0.587,0.634,-0.16,0,26,0,216.6,61.6,68.1,53.5,0.00,1,0.0,4.4
18.00,cruise,349.48,0.52,0.572,1,1821.3,722.6,-820.8,3277.9,-20.57,96.09,98,52,-1,55.2,31.9,59.6,29.5,-0.03,0.01,1.00,0.00,0.00,0.00,-6.74,98.03,100,-1,0,6,-5.2,0.22,0.574,0.596,-0.02,0,26,0,217.2,61.7,67.8,52.8,0.00,1,-1.2,0.4
18.10,cruise,349.49,0.51,0.566,1,1819.2,732.3,-818.7,3268.2,-21.18,97.27,97,52,-1,55.2,32.1,59.4,30.1,0.01,-0.00,1.00,0.00,0.00,0.00,-8.78,99.16,100,-1,0,6,1.3,0.09,0.566,0.572,0.11,0,26,0,217.6,62.0,67.7,53.0,0.00,1,-2.5,-3.3
18.20,cruise,349.49,0.51,0.565,1,1814.8,752.0,-816.5,3258.4,-22.19,99.40,97,52,-1,55.1,32.5,59.0,31.7,0.05,-0.02,1.00,0.00,0.00,0.00,-10.27,100.21,100,-1,0,5,14.0,-0.07,0.566,0.601,0.19,0,26,0,217.6,62.3,67.9,54.1,0.00,1,-4.0,-7.4
18.30,cruise,349.49,0.51,0.570,1,1812.5,762.0,-814.3,3248.5,-22.54,100.42,96,52,-1,55.0,33.0,58.6,33.9,0.08,-0.03,1.00,0.00,0.00,0.00,-11.18,101.24,100,-1,0,3,18.2,-0.22,0.572,0.634,0.23,0,26,0,217.3,62.5,68.3,55.9,0.00,1,-3.8,-7.5
18.40,cruise,349.49,0.51,0.578,1,1812.5,762.0,-812.0,3238.5,-22.54,100.42,96,52,-1,54.8,33.8,58.1,36.4,0.10,-0.03,1.00,0.00,0.00,0.00,-11.25,102.30,100,-1,0,1,18.2,-0.35,0.582,0.660,0.28,0,26,0,216.5,62.6,69.0,58.1,0.00,1,-3.8,-7.5
18.50,cruise,349.49,0.51,0.581,1,1810.3,772.1,-809.8,3228.4,-22.90,101.51,97,52,-1,54.7,34.5,57.6,38.7,0.11,-0.04,1.00,0.00,0.00,0.00,-10.90,103.49,100,-1,0,-2,19.9,-0.43,0.588,0.671,0.35,0,26,0,215.3,62.5,69.7,60.4,0.00,1,-2.7,-5.9
18.60,cruise,349.52,0.48,0.576,1,1805.6,792.7,-807.5,3218.1,-23.42,103.75,97,52,-1,54.5,35.2,57.1,40.5,0.10,-0.04,1.00,0.00,0.00,0.00,-10.24,104.69,100,-1,0,-4,15.0,-0.45,0.583,0.660,0.44,0,26,0,213.9,62.2,70.5,62.5,0.00,1,-0.0,0.6
18.70,cruise,349.56,0.44,0.570,1,1805.6,792.7,-805.1,3207.8,-23.42,103.75,98,52,-1,54.4,35.8,56.7,41.5,0.07,-0.03,1.00,0.00,0.00,0.00,-9.53,105.94,100,-1,0,-5,15.0,-0.41,0.575,0.633,0.54,0,26,0,212.3,61.6,71.1,64.1,0.00,1,-0.0,0.6
18.80,cruise,349.62,0.38,0.562,1,1803.3,803.2,-802.8,3197.3,-23.60,104.90,99,58,-1,54.5,36.0,56.6,41.6,0.03,-0.02,1.00,0.00,0.00,0.00,-7.25,107.27,100,-1,0,-6,8.4,-0.29,0.565,0.590,0.64,0,26,0,210.9,60.9,71.6,65.0,0.00,1,1.9,5.1
18.90,cruise,349.71,0.29,0.556,1,1800.9,813.7,-800.4,3186.8,-23.82,105.97,100,58,-1,54.6,35.8,56.6,40.8,-0.02,0.01,1.00,0.00,0.00,0.00,-5.52,108.48,100,-1,0,-6,0.2,-0.13,0.556,0.570,0.70,0,26,0,209.7,60.0,71.7,65.2,0.00,1,3.8,9.0
19.00,cruise,349.81,0.19,0.545,1,1798.5,824.4,-798.0,3176.1,-24.08,106.96,100,58,-1,54.9,35.3,57.0,39.1,-0.06,0.03,1.00,0.00,0.00,0.00,-4.47,109.55,100,-1,0,-6,-8.4,0.05,0.546,0.599,0.74,0,26,0,209.2,59.1,71.5,64.6,0.00,1,5.4,11.9
19.10,cruise,349.99,0.01,0.525,1,1793.6,846.0,-795.6,3165.3,-24.79,108.85,101,58,-1,55.3,34.6,57.5,36.4,-0.11,0.06,1.00,0.00,0.00,0.00,-4.20,110.59,100,-1,0,-4,-22.0,0.24,0.526,0.615,0.79,0,26,0,209.2,58.3,70.9,62.9,0.00,1,6.2,13.5
19.20,cruise,350.05,-0.05,0.507,1,1791.1,857.0,-793.1,3154.5,-25.27,109.62,100,59,-1,55.6,33.7,58.2,33.1,-0.15,0.08,1.00,0.00,0.00,0.00,-4.58,111.54,100,-1,0,-2,-24.9,0.41,0.512,0.627,0.82,0,26,0,209.9,57.6,70.0,60.4,0.00,1,5.2,11.3
19.30,cruise,350.18,-0.18,0.491,1,1791.1,857.0,-790.6,3143.5,-25.27,109.62,100,59,-1,55.9,33.0,58.8,29.4,-0.17,0.08,1.00,0.00,0.00,0.00,-5.89,112.34,100,-1,0,2,-24.9,0.53,0.499,0.623,0.80,0,26,0,211.2,57.3,68.8,57.1,0.00,1,5.2,11.3
19.40,cruise,350.29,-0.29,0.477,1,1788.5,868.0,-788.0,3132.5,-25.80,110.35,99,59,-1,56.1,32.6,59.2,25.8,-0.17,0.07,1.00,0.00,0.00,0.00,-7.97,113.04,100,-1,0,5,-24.6,0.60,0.487,0.601,0.76,0,26,0,212.9,57.5,67.6,53.5,0.00,1,2.7,7.2
19.50,cruise,350.39,-0.39,0.467,1,1783.2,890.2,-785.4,3121.4,-26.98,111.53,98,59,-1,56.2,32.4,59.3,23.0,-0.15,0.04,1.00,0.00,0.00,0.00,-10.57,113.58,100,-1,0,9,-15.1,0.60,0.478,0.569,0.68,0,26,0,214.9,58.1,66.5,50.2,0.00,1,-2.0,-5.2
19.60,cruise,350.46,-0.46,0.463,1,1780.5,901.4,-782.7,3110.3,-27.51,112.04,96,52,-1,56.3,32.5,59.4,21.7,-0.10,0.02,1.00,0.00,0.00,0.00,-14.99,113.77,100,-1,0,11,-6.9,0.52,0.471,0.529,0.59,0,26,0,217.1,59.1,65.7,47.8,0.00,1,-4.1,-11.9
19.70,cruise,350.50,-0.50,0.465,1,1777.7,912.7,-780.0,3099.1,-27.99,112.48,94,52,-1,56.3,32.7,59.2,22.1,-0.04,-0.00,1.00,0.00,0.00,0.00,-18.73,113.84,100,-1,0,12,1.9,0.38,0.470,0.488,0.47,0,26,0,219.2,60.5,65.3,46.6,0.00,1,-5.9,-17.2
19.80,cruise,350.51,-0.51,0.476,1,1777.7,912.7,-777.2,3087.8,-27.99,112.48,93,52,-1,56.3,33.0,58.9,24.1,0.03,-0.02,1.00,0.00,0.00,0.00,-21.57,113.89,100,-1,0,12,1.9,0.20,0.477,0.502,0.30,0,26,0,221.0,62.1,65.2,46.9,0.00,1,-5.9,-17.2
19.90,cruise,350.48,-0.48,0.493,1,1772.0,935.3,-774.3,3076.6,-28.70,113.49,93,52,-1,56.1,33.5,58.5,27.5,0.10,-0.03,1.00,0.00,0.00,0.00,-23.27,114.14,100,-1,0,10,18.5,-0.00,0.493,0.557,0.14,0,26,0,222.7,63.7,65.5,48.3,0.00,1,-7.5,-24.0
20.00,cruise,350.43,-0.43,0.518,1,1772.0,935.3,-771.5,3065.2,-28.70,113.49,91,45,-1,55.9,34.2,58.0,31.9,0.15,-0.04,1.00,0.00,0.00,0.00,-25.97,114.14,100,-1,0,8,18.5,-0.21,0.519,0.618,0.00,0,26,0,224.1,65.3,66.0,50.7,0.00,1,-7.5,-24.0
20.10,cruise,350.31,-0.31,0.549,1,1769.1,946.7,-768.6,3053.8,-28.92,114.10,91,45,-1,55.6,35.2,57.4,36.5,0.19,-0.05,1.00,0.00,0.00,0.00,-27.41,114.48,100,-1,0,5,25.0,-0.40,0.554,0.682,-0.12,0,26,0,225.0,66.5,66.6,53.5,0.00,1,-7.8,-24.0
20.20,cruise,350.26,-0.26,0.573,1,1766.2,958.1,-765.7,3042.4,-29.00,114.81,91,45,-1,55.2,36.5,56.7,40.7,0.19,-0.06,1.00,0.00,0.00,0.00,-27.82,115.10,100,-1,0,2,28.9,-0.53,0.583,0.728,-0.23,0,26,0,225.4,67.4,67.1,56.4,0.00,1,-8.0,-21.7
20.30,cruise,350.18,-0.18,0.577,1,1760.4,981.3,-762.8,3030.8,-28.78,116.67,91,45,-1,54.7,37.8,55.9,44.1,0.18,-0.07,1.00,0.00,0.00,0.00,-27.56,115.99,100,-1,0,-0,26.2,-0.59,0.589,0.734,-0.25,0,26,0,225.2,67.8,67.7,58.8,0.00,1,-5.1,-10.1
20.40,cruise,350.12,-0.12,0.577,1,1757.6,993.1,-759.9,3019.2,-28.48,117.69,91,45,-1,54.3,38.9,55.0,46.4,0.15,-0.07,1.00,0.00,0.00,0.00,-27.26,117.04,100,-1,0,-2,19.2,-0.57,0.589,0.715,-0.23,0,26,0,224.3,67.7,68.2,60.9,0.00,1,-1.8,-2.1
20.50,cruise,350.08,-0.08,0.578,1,1754.7,1004.9,-757.1,3007.4,-28.17,118.72,91,45,-1,54.0,39.6,54.3,47.4,0.09,-0.06,1.00,0.00,0.00,0.00,-26.94,118.05,100,-1,0,-4,9.8,-0.46,0.585,0.673,-0.21,0,26,0,222.7,67.1,68.8,62.4,0.00,1,2.3,6.4
20.60,cruise,350.07,-0.07,0.576,1,1754.7,1004.9,-754.2,2995.6,-28.17,118.72,91,45,-1,53.9,39.7,54.0,47.3,0.03,-0.03,1.00,0.00,0.00,0.00,-26.86,119.02,100,-1,0,-5,9.8,-0.29,0.579,0.616,-0.16,0,26,0,220.6,66.1,69.2,63.4,0.00,1,2.3,6.4
20.70,cruise,350.09,-0.09,0.572,1,1749.2,1028.9,-751.4,2983.6,-27.73,120.81,90,45,-1,54.1,39.2,54.0,46.0,-0.04,-0.00,1.00,0.00,0.00,0.00,-27.07,119.94,100,-1,0,-5,-12.5,-0.07,0.573,0.596,-0.10,0,26,0,218.5,64.9,69.5,63.7,0.00,1,8.9,19.0
20.80,cruise,350.14,-0.14,0.566,1,1749.2,1028.9,-748.7,2971.6,-27.73,120.81,92,52,-1,54.5,38.2,54.5,43.6,-0.10,0.03,1.00,0.00,0.00,0.00,-24.23,121.56,100,-1,0,-4,-12.5,0.16,0.567,0.643,-0.01,0,26,0,216.8,63.5,69.5,63.1,0.00,1,8.9,19.0
20.90,cruise,350.20,-0.20,0.542,1,1743.6,1053.3,-745.9,2959.4,-27.82,122.61,92,52,-1,55.0,36.9,55.3,40.3,-0.16,0.06,1.00,0.00,0.00,0.00,-22.50,122.84,100,-1,0,-3,-27.8,0.38,0.546,0.666,0.06,0,26,0,215.7,62.1,69.1,61.6,0.00,1,10.6,21.9
21.00,cruise,350.28,-0.28,0.518,1,1740.8,1065.6,-743.1,2947.2,-28.08,123.40,93,52,-1,55.5,35.5,56.3,36.3,-0.19,0.10,1.00,0.00,0.00,0.00,-21.95,123.79,100,-1,0,-0,-30.4,0.55,0.528,0.677,0.15,0,26,0,215.5,61.0,68.4,59.1,0.00,1,9.6,18.7
21.10,cruise,350.39,-0.39,0.497,1,1740.8,1065.6,-740.3,2934.9,-28.08,123.40,93,52,-1,55.9,34.3,57.3,32.0,-0.21,0.11,1.00,0.00,0.00,0.00,-22.47,124.54,100,-1,0,3,-30.4,0.60,0.509,0.667,0.22,0,26,0,216.0,60.3,67.5,55.9,0.00,1,9.6,18.7
21.20,cruise,350.43,-0.43,0.484,1,1735.1,1090.5,-737.5,2922.5,-28.92,124.63,92,52,-1,56.1,33.4,58.1,28.0,-0.20,0.10,1.00,0.00,0.00,0.00,-23.99,124.95,100,-1,0,6,-23.1,0.60,0.495,0.638,0.24,0,26,0,217.0,60.1,66.6,52.4,0.00,1,3.7,6.1
21.30,cruise,350.48,-0.48,0.475,1,1732.2,1103.0,-734.6,2910.0,-29.44,125.11,91,52,-1,56.3,32.9,58.5,25.0,-0.16,0.08,1.00,0.00,0.00,0.00,-26.11,125.25,100,-1,0,9,-15.1,0.60,0.486,0.597,0.24,0,26,0,218.5,60.5,65.8,49.3,0.00,1,0.9,-2.2
21.40,cruise,350.51,-0.51,0.475,1,1732.2,1103.0,-731.7,2897.5,-29.44,125.11,91,52,-1,56.3,32.7,58.8,23.7,-0.09,0.05,1.00,0.00,0.00,0.00,-28.31,125.37,100,-1,0,12,-15.1,0.53,0.483,0.552,0.19,0,26,0,220.1,61.4,65.3,47.2,0.00,1,0.9,-2.2
21.50,cruise,350.50,-0.50,0.482,1,1726.2,1128.1,-728.7,2885.0,-30.37,125.90,90,52,-1,56.3,32.8,58.9,24.2,-0.02,0.03,1.00,0.00,0.00,0.00,-30.07,125.47,100,-1,0,12,3.8,0.36,0.486,0.509,0.08,0,26,0,221.8,62.6,65.1,46.5,0.00,1,-3.9,-16.0
21.60,cruise,350.47,-0.47,0.498,1,1726.2,1128.1,-725.7,2872.4,-30.37,125.90,89,46,-1,56.2,33.0,58.7,26.5,0.06,0.00,1.00,0.00,0.00,0.00,-33.12,125.21,100,-1,0,12,3.8,0.16,0.499,0.529,-0.07,0,26,0,223.3,64.0,65.3,47.2,0.00,1,-3.9,-16.0
21.70,cruise,350.40,-0.40,0.520,1,1723.1,1140.7,-722.6,2859.8,-30.72,126.34,88,46,-1,56.0,33.6,58.3,30.2,0.12,-0.02,1.00,0.00,0.00,0.00,-34.91,125.25,100,-1,0,10,13.5,-0.08,0.520,0.594,-0.20,0,26,0,224.7,65.4,65.6,49.0,0.00,1,-6.0,-20.7
21.80,cruise,350.31,-0.31,0.547,1,1716.9,1166.1,-719.5,2847.1,-31.07,127.44,88,46,-1,55.7,34.5,57.7,34.7,0.17,-0.04,1.00,0.00,0.00,0.00,-35.43,125.64,100,-1,0,7,28.6,-0.30,0.550,0.666,-0.33,0,26,0,225.9,66.8,66.1,51.7,0.00,1,-9.0,-23.2
21.90,cruise,350.20,-0.20,0.577,1,1716.9,1166.1,-716.4,2834.4,-31.07,127.44,88,46,-1,55.3,35.8,57.0,39.2,0.20,-0.06,1.00,0.00,0.00,0.00,-34.97,126.43,100,-1,0,4,28.6,-0.49,0.586,0.733,-0.42,0,26,0,226.7,67.8,66.6,54.6,0.00,1,-9.0,-23.2
22.00,cruise,350.09,-0.09,0.587,1,1713.8,1178.9,-713.3,2821.6,-31.03,128.14,88,42,-1,54.7,37.2,56.0,43.2,0.20,-0.08,1.00,0.00,0.00,0.00,-35.75,126.91,100,-1,0,1,31.8,-0.60,0.600,0.762,-0.46,0,26,0,226.9,68.4,67.0,57.3,0.00,1,-9.1,-20.2
22.10,cruise,349.99,0.01,0.590,1,1707.6,1204.7,-710.2,2808.7,-30.63,129.95,88,42,-1,54.2,38.7,54.8,46.1,0.18,-0.09,1.00,0.00,0.00,0.00,-36.30,127.61,100,-1,0,-1,26.6,-0.60,0.603,0.762,-0.47,0,26,0,226.5,68.4,67.4,59.6,0.00,1,-6.4,-7.2
22.20,cruise,349.92,0.08,0.591,1,1704.6,1217.8,-707.1,2795.8,-30.28,130.91,87,42,-1,53.7,39.8,53.6,47.8,0.13,-0.09,1.00,0.00,0.00,0.00,-37.02,128.27,100,-1,0,-3,18.5,-0.58,0.604,0.737,-0.43,0,26,0,225.3,68.0,67.8,61.4,0.00,1,-2.9,1.5
22.30,cruise,349.89,0.11,0.589,1,1704.6,1217.8,-704.1,2782.7,-30.28,130.91,87,42,-1,53.4,40.4,52.5,48.3,0.07,-0.08,1.00,0.00,0.00,0.00,-38.10,128.85,100,-1,0,-4,18.5,-0.45,0.596,0.685,-0.35,0,26,0,223.5,67.0,68.1,62.6,0.00,1,-2.9,1.5
22.40,cruise,349.88,0.12,0.585,1,1701.6,1231.0,-701.1,2769.5,-29.84,131.97,87,48,-1,53.4,40.5,51.9,47.7,0.00,-0.06,1.00,0.00,0.00,0.00,-35.99,130.43,100,-1,0,-5,8.6,-0.26,0.587,0.626,-0.25,0,26,0,221.3,65.7,68.4,63.4,0.00,1,1.2,9.6
22.50,cruise,349.91,0.09,0.564,1,1695.7,1257.6,-698.1,2756.2,-29.49,133.86,88,48,-1,53.5,40.2,51.6,46.3,-0.04,-0.04,1.00,0.00,0.00,0.00,-34.88,131.65,100,-1,0,-5,-4.4,-0.11,0.565,0.614,-0.12,0,26,0,219.1,64.2,68.6,63.8,0.00,1,6.3,17.8
22.60,cruise,349.96,0.04,0.538,1,1692.7,1271.1,-695.2,2742.9,-29.44,134.74,88,48,-1,53.8,39.7,51.5,44.6,-0.08,-0.03,1.00,0.00,0.00,0.00,-34.46,132.66,100,-1,0,-5,-7.7,-0.01,0.538,0.593,0.04,0,26,0,217.1,62.7,68.7,63.9,0.00,1,7.3,18.6
22.70,cruise,350.02,-0.02,0.512,1,1689.8,1284.6,-692.2,2729.4,-29.44,135.44,88,48,-1,54.1,39.1,51.7,42.7,-0.10,-0.01,1.00,0.00,0.00,0.00,-34.57,133.51,100,-1,0,-5,-9.7,0.05,0.513,0.567,0.19,0,26,0,215.3,61.2,68.7,63.8,0.00,1,7.8,18.1
22.80,cruise,350.09,-0.09,0.492,1,1689.8,1284.6,-689.3,2715.9,-29.44,135.44,89,55,-1,54.4,38.4,52.1,40.7,-0.11,0.00,1.00,0.00,0.00,0.00,-31.59,134.96,100,-1,0,-5,-9.7,0.10,0.492,0.548,0.30,0,26,0,213.9,59.8,68.7,63.5,0.00,1,7.8,18.1
22.90,cruise,350.17,-0.17,0.476,1,1683.9,1311.8,-686.3,2702.3,-29.71,136.45,90,55,-1,54.7,37.7,52.5,38.6,-0.12,0.02,1.00,0.00,0.00,0.00,-29.52,135.97,100,-1,0,-4,-11.9,0.14,0.477,0.541,0.36,0,26,0,212.8,58.6,68.5,63.0,0.00,1,7.8,15.2
23.00,cruise,350.24,-0.24,0.465,1,1683.9,1311.8,-683.4,2688.7,-29.71,136.45,91,55,-1,55.0,37.0,53.1,36.7,-0.12,0.03,1.00,0.00,0.00,0.00,-28.22,136.77,100,-1,0,-3,-11.9,0.17,0.466,0.535,0.39,0,26,0,212.1,57.7,68.3,62.3,0.00,1,7.8,15.2
23.10,cruise,350.30,-0.30,0.457,1,1677.9,1339.2,-680.4,2675.0,-30.15,137.15,91,55,-1,55.3,36.3,53.7,34.7,-0.12,0.04,1.00,0.00,0.00,0.00,-27.53,137.30,100,-1,0,-3,-12.6,0.20,0.458,0.530,0.38,0,26,0,211.7,56.9,68.1,61.4,0.00,1,6.1,11.0
23.20,cruise,350.36,-0.36,0.452,1,1674.8,1352.9,-677.4,2661.3,-30.45,137.37,92,57,-1,55.5,35.7,54.2,32.9,-0.12,0.04,1.00,0.00,0.00,0.00,-26.47,137.91,100,-1,0,-1,-12.1,0.22,0.453,0.523,0.35,0,26,0,211.6,56.3,67.7,60.3,0.00,1,4.7,7.9
23.30,cruise,350.40,-0.40,0.450,1,1671.8,1366.7,-674.3,2647.6,-30.72,137.55,92,57,-1,55.7,35.3,54.7,31.3,-0.11,0.04,1.00,0.00,0.00,0.00,-26.02,138.28,100,-1,0,-0,-10.5,0.24,0.452,0.516,0.27,0,26,0,211.8,56.0,67.3,59.1,0.00,1,3.3,4.2
23.40,cruise,350.43,-0.43,0.453,1,1668.7,1380.4,-671.3,2633.8,-31.11,137.68,92,57,-1,55.8,34.9,55.1,30.1,-0.08,0.03,1.00,0.00,0.00,0.00,-25.87,138.54,100,-1,0,1,-7.8,0.23,0.454,0.506,0.17,0,26,0,212.3,56.0,66.9,58.0,0.00,1,1.9,0.1
23.50,cruise,350.44,-0.44,0.458,1,1665.5,1394.2,-668.2,2620.1,-31.51,137.86,92,57,-1,55.8,34.7,55.4,29.5,-0.05,0.02,1.00,0.00,0.00,0.00,-25.99,138.74,100,-1,0,2,-4.1,0.19,0.459,0.493,0.07,0,26,0,212.9,56.4,66.7,57.1,0.00,1,0.7,-3.8
23.60,cruise,350.43,-0.43,0.466,1,1665.5,1394.2,-665.0,2606.3,-31.51,137.86,92,56,-1,55.8,34.6,55.6,29.7,-0.02,0.01,1.00,0.00,0.00,0.00,-26.66,138.88,100,-1,0,2,-4.1,0.12,0.467,0.481,-0.02,0,26,0,213.5,56.9,66.7,56.7,0.00,1,0.7,-3.8
23.70,cruise,350.40,-0.40,0.477,1,1662.4,1408.0,-661.9,2592.5,-31.86,138.03,92,56,-1,55.8,34.6,55.8,30.5,0.02,0.01,1.00,0.00,0.00,0.00,-26.93,139.08,100,-1,0,2,-0.2,0.04,0.477,0.492,-0.10,0,26,0,214.0,57.7,66.9,56.8,0.00,1,-0.1,-7.0
23.80,cruise,350.36,-0.36,0.492,1,1659.2,1421.8,-658.7,2578.7,-32.21,138.30,92,56,-1,55.7,34.7,55.9,32.0,0.06,0.01,1.00,0.00,0.00,0.00,-26.70,139.47,100,-1,0,1,3.5,-0.04,0.492,0.523,-0.17,0,26,0,214.5,58.6,67.3,57.3,0.00,1,-0.8,-10.1
23.90,cruise,350.30,-0.30,0.508,1,1655.9,1435.7,-655.4,2564.8,-32.48,138.56,93,56,-1,55.6,35.0,55.9,33.8,0.08,-0.00,1.00,0.00,0.00,0.00,-25.88,139.94,100,-1,0,1,6.6,-0.12,0.508,0.551,-0.25,0,26,0,214.9,59.6,67.7,58.1,0.00,1,-1.8,-12.0
24.00,cruise,350.24,-0.24,0.524,1,1649.4,1463.5,-652.1,2550.9,-32.92,139.26,93,54,-1,55.4,35.4,55.8,35.6,0.09,-0.02,1.00,0.00,0.00,0.00,-25.36,140.40,100,-1,0,-0,10.1,-0.18,0.525,0.581,-0.33,0,26,0,215.3,60.3,68.1,59.0,0.00,1,-3.2,-9.8
24.10,cruise,350.17,-0.17,0.539,1,1649.4,1463.5,-648.9,2537.0,-32.92,139.26,93,54,-1,55.2,35.8,55.5,37.3,0.09,-0.03,1.00,0.00,0.00,0.00,-24.41,141.00,100,-1,0,-1,10.1,-0.23,0.541,0.601,-0.41,0,26,0,215.4,60.9,68.4,60.0,0.00,1,-3.2,-9.8
24.20,cruise,350.11,-0.11,0.546,1,1642.7,1491.5,-645.6,2523.1,-33.13,140.36,94,54,-1,55.1,36.2,55.2,38.5,0.07,-0.04,1.00,0.00,0.00,0.00,-23.31,141.74,100,-1,0,-2,7.9,-0.23,0.548,0.607,-0.42,0,26,0,215.4,61.2,68.6,60.8,0.00,1,-3.2,-3.8
24.30,cruise,350.06,-0.06,0.547,1,1639.4,1505.5,-642.2,2509.0,-33.22,141.02,94,54,-1,54.9,36.5,54.8,39.2,0.05,-0.04,1.00,0.00,0.00,0.00,-22.27,142.49,100,-1,0,-3,4.7,-0.21,0.548,0.599,-0.39,0,26,0,215.3,61.2,68.7,61.4,0.00,1,-2.3,-0.3
24.40,cruise,350.03,-0.03,0.541,1,1636.1,1519.7,-638.9,2495.0,-33.31,141.64,95,54,-1,54.8,36.7,54.5,39.3,0.02,-0.04,1.00,0.00,0.00,0.00,-21.42,143.29,100,-1,0,-3,0.7,-0.15,0.542,0.576,-0.33,0,26,0,215.1,61.0,68.7,61.6,0.00,1,-1.2,2.9
24.50,cruise,350.02,-0.02,0.532,1,1632.8,1533.9,-635.6,2480.8,-33.40,142.21,95,54,-1,54.8,36.6,54.3,38.9,-0.01,-0.03,1.00,0.00,0.00,0.00,-20.95,143.98,100,-1,0,-3,-3.1,-0.07,0.532,0.554,-0.25,0,26,0,214.9,60.6,68.5,61.5,0.00,1,0.5,5.2
24.60,cruise,350.02,-0.02,0.522,1,1632.8,1533.9,-632.3,2466.6,-33.40,142.21,95,54,-1,54.9,36.4,54.2,38.1,-0.03,-0.01,1.00,0.00,0.00,0.00,-20.83,144.58,100,-1,0,-2,-3.1,0.02,0.522,0.546,-0.17,0,26,0,214.8,60.2,68.3,61.1,0.00,1,0.5,5.2
24.70,cruise,350.03,-0.03,0.513,1,1629.4,1548.2,-628.9,2452.3,-33.49,142.73,95,54,-1,55.0,36.1,54.5,37.0,-0.05,0.01,1.00,0.00,0.00,0.00,-21.01,145.10,100,-1,0,-2,-6.2,0.09,0.513,0.543,-0.10,0,26,0,214.6,59.8,68.1,60.6,0.00,1,2.4,6.6
24.80,cruise,350.04,-0.04,0.506,1,1622.7,1576.8,-625.6,2438.0,-33.79,143.66,95,55,-1,55.1,35.6,54.9,35.7,-0.06,0.03,1.00,0.00,0.00,0.00,-21.10,145.58,100,-1,0,-1,-9.4,0.15,0.507,0.551,-0.04,0,26,0,214.4,59.4,68.0,59.9,0.00,1,4.6,6.6
24.90,cruise,350.06,-0.06,0.501,1,1622.7,1576.8,-622.2,2423.7,-33.79,143.66,95,55,-1,55.3,35.1,55.3,34.5,-0.06,0.04,1.00,0.00,0.00,0.00,-21.53,146.00,100,-1,0,-0,-9.4,0.18,0.502,0.553,0.01,0,26,0,214.3,59.1,67.8,59.1,0.00,1,4.6,6.6
25.00,cruise,350.08,-0.08,0.497,1,1619.3,1591.2,-618.8,2409.3,-34.01,144.10,95,55,-1,55.4,34.7,55.7,33.4,-0.06,0.04,1.00,0.00,0.00,0.00,-22.13,146.39,100,-1,0,1,-9.2,0.20,0.499,0.545,0.05,0,26,0,214.5,59.0,67.6,58.2,0.00,1,3.8,5.1
25.10,cruise,350.09,-0.09,0.496,1,1612.4,1620.1,-615.4,2394.8,-34.58,144.80,94,55,-1,55.5,34.4,55.9,32.5,-0.05,0.02,1.00,0.00,0.00,0.00,-22.89,146.67,100,-1,0,1,-5.5,0.18,0.497,0.531,0.03,0,26,0,214.8,59.0,67.3,57.4,0.00,1,-0.3,0.5
25.20,cruise,350.10,-0.10,0.494,1,1608.9,1634.6,-611.9,2380.4,-34.85,145.06,94,54,-1,55.5,34.3,55.9,31.9,-0.04,-0.00,1.00,0.00,0.00,0.00,-24.29,146.88,100,-1,0,2,-2.7,0.15,0.495,0.513,-0.01,0,26,0,215.4,59.2,67.0,56.6,0.00,1,-2.5,-1.9
25.30,cruise,350.10,-0.10,0.493,1,1608.9,1634.6,-608.4,2365.9,-34.85,145.06,94,54,-1,55.5,34.4,55.8,31.8,-0.02,-0.02,1.00,0.00,0.00,0.00,-25.57,146.98,100,-1,0,3,-2.7,0.11,0.494,0.514,-0.06,0,26,0,216.1,59.4,66.7,56.1,0.00,1,-2.5,-1.9
25.40,cruise,350.09,-0.09,0.493,1,1605.4,1649.2,-604.9,2351.3,-35.11,145.33,93,54,-1,55.4,34.7,55.5,32.1,0.00,-0.04,1.00,0.00,0.00,0.00,-26.73,147.10,100,-1,0,3,0.5,0.05,0.494,0.515,-0.10,0,26,0,216.8,59.7,66.4,56.0,0.00,1,-3.7,-3.7
25.50,cruise,350.07,-0.07,0.493,1,1598.4,1678.3,-601.4,2336.8,-35.55,146.03,93,54,-1,55.3,35.0,55.1,32.8,0.02,-0.05,1.00,0.00,0.00,0.00,-27.68,147.33,100,-1,0,3,6.1,-0.02,0.493,0.530,-0.11,0,26,0,217.3,60.0,66.3,56.2,0.00,1,-4.5,-6.1
25.60,cruise,350.05,-0.05,0.494,1,1594.8,1692.9,-597.9,2322.2,-35.73,146.29,92,51,-1,55.2,35.4,54.7,33.8,0.04,-0.06,1.00,0.00,0.00,0.00,-29.24,147.42,100,-1,0,2,8.0,-0.08,0.494,0.544,-0.09,0,26,0,217.7,60.4,66.3,56.6,0.00,1,-4.1,-6.5
25.70,cruise,350.03,-0.03,0.497,1,1594.8,1692.9,-594.3,2307.6,-35.73,146.29,92,51,-1,55.1,35.8,54.3,34.9,0.06,-0.05,1.00,0.00,0.00,0.00,-30.39,147.50,100,-1,0,1,8.0,-0.13,0.498,0.554,-0.09,0,26,0,217.8,60.7,66.4,57.4,0.00,1,-4.1,-6.5
25.80,cruise,350.00,-0.00,0.503,1,1587.6,1722.3,-590.7,2292.9,-35.86,146.91,92,51,-1,54.9,36.1,54.1,36.2,0.07,-0.04,1.00,0.00,0.00,0.00,-31.02,147.65,100,-1,0,1,8.8,-0.17,0.504,0.559,-0.08,0,26,0,217.6,60.9,66.8,58.3,0.00,1,-0.8,-4.6
25.90,cruise,349.98,0.02,0.509,1,1587.6,1722.3,-587.1,2278.2,-35.86,146.91,92,51,-1,54.8,36.4,54.0,37.4,0.07,-0.03,1.00,0.00,0.00,0.00,-31.22,147.97,100,-1,0,-0,8.8,-0.19,0.510,0.558,-0.05,0,26,0,217.2,61.0,67.2,59.3,0.00,1,-0.8,-4.6
26.00,cruise,349.96,0.04,0.516,1,1584.0,1737.0,-583.5,2263.5,-35.95,147.26,92,53,-1,54.8,36.5,54.0,38.3,0.06,-0.01,1.00,0.00,0.00,0.00,-30.55,148.47,100,-1,0,-1,7.5,-0.18,0.517,0.554,-0.03,0,26,0,216.5,61.0,67.8,60.3,0.00,1,1.1,-2.6
26.10,cruise,349.94,0.06,0.524,1,1576.8,1766.5,-579.9,2248.8,-35.95,148.05,92,53,-1,54.7,36.5,54.2,38.9,0.05,0.01,1.00,0.00,0.00,0.00,-29.58,149.02,100,-1,0,-2,2.4,-0.15,0.524,0.553,-0.03,0,26,0,215.5,60.9,68.3,61.1,0.00,1,4.5,2.4
26.20,cruise,349.93,0.07,0.529,1,1576.8,1766.5,-576.3,2234.0,-35.95,148.05,93,53,-1,54.8,36.3,54.6,39.0,0.02,0.02,1.00,0.00,0.00,0.00,-28.55,149.65,100,-1,0,-3,2.4,-0.11,0.529,0.550,-0.01,0,26,0,214.6,60.6,68.8,61.7,0.00,1,4.5,2.4
26.30,cruise,349.94,0.06,0.528,1,1573.2,1781.4,-572.7,2219.1,-35.99,148.54,93,53,-1,54.9,36.0,54.9,38.6,-0.01,0.02,1.00,0.00,0.00,0.00,-27.70,150.30,100,-1,0,-3,-1.1,-0.04,0.528,0.543,0.02,0,26,0,213.7,60.2,69.1,62.0,0.00,1,4.9,5.3
26.40,cruise,349.96,0.04,0.523,1,1566.0,1811.2,-569.1,2204.2,-36.21,149.46,94,56,-1,55.0,35.6,55.2,37.6,-0.04,0.02,1.00,0.00,0.00,0.00,-25.71,151.14,100,-1,0,-3,-7.9,0.04,0.523,0.554,0.03,0,26,0,213.0,59.6,69.1,61.7,0.00,1,3.5,9.8
26.50,cruise,349.99,0.01,0.513,1,1562.4,1826.2,-565.5,2189.3,-36.39,149.90,94,56,-1,55.1,35.2,55.3,36.0,-0.07,0.01,1.00,0.00,0.00,0.00,-24.64,151.80,100,-1,0,-2,-10.1,0.11,0.514,0.555,0.02,0,26,0,212.7,58.8,68.8,61.0,0.00,1,2.1,10.3
26.60,cruise,350.02,-0.02,0.500,1,1562.4,1826.2,-561.9,2174.3,-36.39,149.90,95,56,-1,55.3,34.8,55.4,34.1,-0.09,0.00,1.00,0.00,0.00,0.00,-24.37,152.31,100,-1,0,-1,-10.1,0.18,0.501,0.550,0.04,0,26,0,212.8,58.2,68.2,59.8,0.00,1,2.1,10.3
26.70,cruise,350.06,-0.06,0.487,1,1558.7,1841.2,-558.2,2159.3,-36.65,150.34,94,56,-1,55.4,34.5,55.5,32.2,-0.10,-0.00,1.00,0.00,0.00,0.00,-24.89,152.73,100,-1,0,0,-11.0,0.23,0.488,0.539,0.08,0,26,0,213.1,57.6,67.5,58.5,0.00,1,1.4,9.2
26.80,cruise,350.10,-0.10,0.476,1,1551.3,1871.3,-554.5,2144.2,-37.22,150.91,94,55,-1,55.5,34.2,55.6,30.5,-0.10,-0.00,1.00,0.00,0.00,0.00,-26.18,152.93,100,-1,0,2,-8.4,0.24,0.478,0.525,0.11,0,26,0,213.6,57.3,66.9,57.2,0.00,1,0.1,3.5
26.90,cruise,350.12,-0.12,0.470,1,1547.6,1886.4,-550.8,2129.2,-37.57,151.08,94,55,-1,55.6,34.1,55.6,29.4,-0.08,0.00,1.00,0.00,0.00,0.00,-27.63,152.95,100,-1,0,3,-5.5,0.22,0.472,0.508,0.11,0,26,0,214.2,57.3,66.4,56.1,0.00,1,-0.2,-0.0
27.00,cruise,350.14,-0.14,0.469,1,1547.6,1886.4,-547.1,2114.1,-37.57,151.08,93,55,-1,55.6,34.0,55.7,29.0,-0.05,0.00,1.00,0.00,0.00,0.00,-29.12,152.94,100,-1,0,3,-5.5,0.18,0.470,0.493,0.09,0,26,0,214.7,57.5,66.2,55.4,0.00,1,-0.2,-0.0
27.10,cruise,350.13,-0.13,0.474,1,1540.0,1916.7,-543.3,2098.9,-38.10,151.26,93,55,-1,55.6,34.0,55.8,29.2,-0.01,0.00,1.00,0.00,0.00,0.00,-30.25,152.87,100,-1,0,4,1.4,0.11,0.475,0.482,0.03,0,26,0,215.2,57.9,66.2,55.2,0.00,1,-0.5,-6.0
27.20,cruise,350.11,-0.11,0.483,1,1540.0,1916.7,-539.5,2083.8,-38.10,151.26,92,53,-1,55.5,34.1,55.9,30.1,0.02,0.00,1.00,0.00,0.00,0.00,-31.68,152.73,100,-1,0,3,1.4,0.04,0.483,0.496,-0.03,0,26,0,215.6,58.5,66.4,55.4,0.00,1,-0.5,-6.0
27.30,cruise,350.08,-0.08,0.495,1,1536.2,1931.8,-535.7,2068.7,-38.36,151.44,92,53,-1,55.5,34.3,55.9,31.5,0.05,0.00,1.00,0.00,0.00,0.00,-32.42,152.82,100,-1,0,3,5.0,-0.05,0.495,0.523,-0.07,0,26,0,215.8,59.2,66.8,56.2,0.00,1,-0.7,-8.5
27.40,cruise,350.05,-0.05,0.507,1,1532.3,1947.0,-531.8,2053.5,-38.63,151.66,92,53,-1,55.4,34.6,55.9,33.4,0.08,-0.00,1.00,0.00,0.00,0.00,-32.45,153.10,100,-1,0,1,8.3,-0.14,0.507,0.549,-0.07,0,26,0,215.8,59.9,67.3,57.3,0.00,1,-1.0,-9.8
27.50,cruise,350.00,-0.00,0.521,1,1524.5,1977.4,-527.9,2038.3,-38.94,152.27,93,53,-1,55.2,35.0,55.9,35.4,0.10,-0.01,1.00,0.00,0.00,0.00,-31.73,153.60,100,-1,0,0,11.9,-0.21,0.523,0.577,-0.09,0,26,0,215.7,60.5,68.0,58.6,0.00,1,-1.3,-9.0
27.60,cruise,349.96,0.04,0.536,1,1520.6,1992.7,-524.0,2023.1,-39.02,152.71,93,54,-1,55.1,35.4,55.8,37.3,0.10,-0.01,1.00,0.00,0.00,0.00,-30.37,154.21,100,-1,0,-1,11.3,-0.26,0.538,0.596,-0.11,0,26,0,215.3,61.0,68.6,60.0,0.00,1,-1.2,-6.3
27.70,cruise,349.93,0.07,0.546,1,1520.6,1992.7,-520.1,2007.8,-39.02,152.71,94,54,-1,54.9,35.8,55.6,38.8,0.08,-0.02,1.00,0.00,0.00,0.00,-28.73,154.98,100,-1,0,-2,11.3,-0.27,0.548,0.604,-0.12,0,26,0,214.9,61.2,69.1,61.2,0.00,1,-1.2,-6.3
27.80,cruise,349.90,0.10,0.550,1,1516.7,2008.0,-516.2,1992.5,-39.07,153.19,94,54,-1,54.8,36.0,55.4,39.6,0.06,-0.02,1.00,0.00,0.00,0.00,-27.09,155.76,100,-1,0,-3,8.7,-0.24,0.552,0.597,-0.12,0,26,0,214.5,61.2,69.3,62.0,0.00,1,-1.3,-3.3
27.90,cruise,349.89,0.11,0.548,1,1508.9,2038.7,-512.3,1977.2,-39.11,154.20,95,54,-1,54.8,36.2,55.1,39.7,0.02,-0.02,1.00,0.00,0.00,0.00,-25.74,156.47,100,-1,0,-4,-0.0,-0.17,0.549,0.574,-0.10,0,26,0,214.0,61.0,69.4,62.4,0.00,1,0.1,4.4
28.00,cruise,349.90,0.10,0.539,1,1505.0,2054.2,-508.4,1961.8,-39.11,154.62,96,55,-1,54.8,36.1,55.0,39.1,-0.01,-0.02,1.00,0.00,0.00,0.00,-24.11,157.25,100,-1,0,-3,-5.0,-0.07,0.539,0.557,-0.07,0,26,0,213.7,60.5,69.3,62.2,0.00,1,0.9,7.6
28.10,cruise,349.92,0.08,0.527,1,1505.0,2054.2,-504.5,1946.3,-39.11,154.62,96,55,-1,54.9,35.8,55.0,37.8,-0.05,-0.01,1.00,0.00,0.00,0.00,-23.21,157.79,100,-1,0,-3,-5.0,0.04,0.527,0.560,-0.04,0,26,0,213.5,59.9,69.0,61.6,0.00,1,0.9,7.6
28.20,cruise,349.96,0.04,0.512,1,1497.2,2085.2,-500.6,1930.8,-39.38,155.57,96,55,-1,55.1,35.4,55.1,36.1,-0.08,0.01,1.00,0.00,0.00,0.00,-23.14,158.33,100,-1,0,-2,-13.2,0.16,0.513,0.559,0.04,0,26,0,213.6,59.3,68.4,60.5,0.00,1,2.4,8.6
28.30,cruise,350.00,0.00,0.497,1,1493.2,2100.8,-496.7,1915.3,-39.59,155.92,96,55,-1,55.2,34.8,55.4,34.1,-0.10,0.02,1.00,0.00,0.00,0.00,-23.69,158.71,100,-1,0,-0,-15.1,0.26,0.499,0.562,0.12,0,26,0,214.1,58.9,67.8,59.0,0.00,1,2.5,6.9
28.40,cruise,350.05,-0.05,0.485,1,1493.2,2100.8,-492.7,1899.7,-39.59,155.92,95,54,-1,55.4,34.4,55.8,32.1,-0.11,0.04,1.00,0.00,0.00,0.00,-25.33,158.86,100,-1,0,2,-15.1,0.33,0.488,0.559,0.19,0,26,0,214.8,58.8,67.1,57.2,0.00,1,2.5,6.9
28.50,cruise,350.09,-0.09,0.476,1,1485.2,2132.1,-488.7,1884.1,-40.08,156.45,95,54,-1,55.6,33.9,56.2,30.4,-0.10,0.05,1.00,0.00,0.00,0.00,-27.18,158.87,100,-1,0,3,-12.3,0.36,0.480,0.549,0.24,0,26,0,215.7,58.9,66.6,55.4,0.00,1,1.8,0.5
28.60,cruise,350.12,-0.12,0.475,1,1481.2,2147.7,-484.7,1868.4,-40.30,156.53,94,54,-1,55.7,33.7,56.6,29.2,-0.07,0.04,1.00,0.00,0.00,0.00,-29.07,158.86,100,-1,0,5,-8.6,0.34,0.478,0.535,0.23,0,26,0,216.8,59.4,66.2,53.9,0.00,1,0.7,-3.3
28.70,cruise,350.14,-0.14,0.478,1,1477.1,2163.4,-480.7,1852.8,-40.56,156.62,93,54,-1,55.7,33.5,56.8,28.8,-0.04,0.04,1.00,0.00,0.00,0.00,-30.73,158.69,100,-1,0,6,-3.8,0.29,0.481,0.518,0.17,0,26,0,217.8,60.1,65.9,52.9,0.00,1,-0.7,-7.3
28.80,cruise,350.14,-0.14,0.486,1,1473.1,2179.0,-476.6,1837.1,-40.83,156.80,93,50,-1,55.7,33.5,57.0,29.3,-0.00,0.02,1.00,0.00,0.00,0.00,-33.68,158.24,100,-1,0,6,1.6,0.20,0.487,0.498,0.11,0,26,0,218.9,61.0,65.9,52.4,0.00,1,-2.2,-10.6
28.90,cruise,350.12,-0.12,0.496,1,1469.0,2194.7,-472.6,1821.5,-41.00,156.97,92,50,-1,55.6,33.7,56.9,30.6,0.04,0.01,1.00,0.00,0.00,0.00,-35.80,158.02,100,-1,0,6,7.0,0.09,0.496,0.519,0.03,0,26,0,219.9,61.9,66.0,52.6,0.00,1,-3.6,-12.5
29.00,cruise,350.09,-0.09,0.509,1,1469.0,2194.7,-468.5,1805.8,-41.00,156.97,91,50,-1,55.5,34.1,56.8,32.5,0.08,-0.01,1.00,0.00,0.00,0.00,-36.98,157.97,100,-1,0,5,7.0,-0.03,0.509,0.554,-0.04,0,26,0,220.7,62.8,66.2,53.5,0.00,1,-3.6,-12.5
29.10,cruise,350.05,-0.05,0.523,1,1460.7,2226.2,-464.4,1790.0,-41.22,157.59,91,50,-1,55.3,34.7,56.4,34.9,0.10,-0.03,1.00,0.00,0.00,0.00,-37.30,158.28,100,-1,0,4,15.6,-0.16,0.524,0.593,-0.09,0,26,0,221.3,63.6,66.5,54.8,0.00,1,-5.2,-12.8
29.20,cruise,350.00,0.00,0.538,1,1456.6,2242.0,-460.2,1774.3,-41.18,157.94,91,48,-1,55.1,35.4,56.0,37.3,0.12,-0.04,1.00,0.00,0.00,0.00,-38.28,158.33,100,-1,0,2,17.8,-0.26,0.540,0.627,-0.15,0,26,0,221.5,64.2,66.9,56.3,0.00,1,-5.4,-10.3
29.30,cruise,349.95,0.05,0.549,1,1456.6,2242.0,-456.1,1758.5,-41.18,157.94,91,48,-1,54.8,36.2,55.3,39.5,0.12,-0.06,1.00,0.00,0.00,0.00,-38.62,158.58,100,-1,0,1,17.8,-0.34,0.553,0.651,-0.18,0,26,0,221.3,64.5,67.2,58.0,0.00,1,-5.4,-10.3
29.40,cruise,349.90,0.10,0.556,1,1448.4,2273.7,-452.0,1742.7,-40.96,158.82,91,48,-1,54.6,36.9,54.6,41.2,0.11,-0.07,1.00,0.00,0.00,0.00,-38.71,158.98,100,-1,0,-1,16.1,-0.38,0.561,0.658,-0.20,0,26,0,220.6,64.4,67.6,59.5,0.00,1,-3.2,-2.3
29.50,cruise,349.87,0.13,0.557,1,1448.4,2273.7,-447.9,1726.8,-40.96,158.82,91,48,-1,54.4,37.5,53.9,42.3,0.08,-0.07,1.00,0.00,0.00,0.00,-38.78,159.36,100,-1,0,-2,16.1,-0.36,0.562,0.645,-0.19,0,26,0,219.5,63.9,68.0,60.9,0.00,1,-3.2,-2.3
29.60,cruise,349.85,0.15,0.553,1,1440.3,2305.6,-443.8,1710.9,-40.56,159.79,91,51,-1,54.3,37.8,53.4,42.7,0.05,-0.05,1.00,0.00,0.00,0.00,-36.95,160.18,100,-1,0,-3,5.6,-0.30,0.556,0.612,-0.16,0,26,0,218.2,63.2,68.4,62.0,0.00,1,2.2,7.1
29.70,cruise,349.85,0.15,0.544,1,1436.2,2321.6,-439.8,1694.9,-40.43,160.31,92,51,-1,54.3,37.7,53.2,42.3,0.01,-0.03,1.00,0.00,0.00,0.00,-35.63,160.96,100,-1,0,-4,-1.6,-0.19,0.545,0.566,-0.08,0,26,0,216.7,62.3,68.7,62.6,0.00,1,5.0,10.9
29.80,cruise,349.88,0.12,0.531,1,1436.2,2321.6,-435.7,1678.9,-40.43,160.31,92,51,-1,54.5,37.3,53.4,41.3,-0.04,-0.00,1.00,0.00,0.00,0.00,-34.80,161.63,100,-1,0,-4,-1.6,-0.05,0.531,0.550,0.04,0,26,0,215.3,61.4,68.9,62.8,0.00,1,5.0,10.9
29.90,cruise,349.92,0.08,0.517,1,1432.2,2337.7,-431.7,1662.8,-40.34,160.75,92,51,-1,54.7,36.5,53.9,39.7,-0.07,0.03,1.00,0.00,0.00,0.00,-34.41,162.13,100,-1,0,-4,-8.4,0.09,0.518,0.572,0.14,0,26,0,214.2,60.4,68.9,62.5,0.00,1,7.3,13.4
30.00,cruise,349.98,0.02,0.507,1,1424.1,2369.9,-427.7,1646.7,-40.43,161.46,93,55,-1,55.0,35.6,54.6,37.6,-0.10,0.06,1.00,0.00,0.00,0.00,-32.25,162.92,100,-1,0,-3,-17.6,0.22,0.509,0.590,0.19,0,26,0,213.5,59.6,68.7,61.5,0.00,1,8.2,12.7
30.10,cruise,350.03,-0.03,0.498,1,1424.1,2369.9,-423.6,1630.6,-40.43,161.46,93,55,-1,55.3,34.6,55.5,35.3,-0.11,0.08,1.00,0.00,0.00,0.00,-30.99,163.53,100,-1,0,-1,-17.6,0.33,0.501,0.597,0.24,0,26,0,213.5,59.1,68.4,60.0,0.00,1,8.2,12.7
30.20,cruise,350.08,-0.08,0.491,1,1420.1,2386.1,-419.6,1614.4,-40.61,161.72,94,55,-1,55.6,33.8,56.2,32.9,-0.12,0.08,1.00,0.00,0.00,0.00,-30.59,163.91,100,-1,0,1,-18.9,0.39,0.495,0.593,0.24,0,26,0,213.9,58.8,67.8,58.1,0.00,1,6.9,10.1
30.30,cruise,350.13,-0.13,0.486,1,1411.9,2418.4,-415.5,1598.3,-41.18,162.07,93,55,-1,55.8,33.2,56.8,30.6,-0.11,0.07,1.00,0.00,0.00,0.00,-30.91,164.08,100,-1,0,3,-14.4,0.41,0.491,0.578,0.21,0,26,0,214.7,58.7,67.2,56.1,0.00,1,2.1,3.5
30.40,cruise,350.16,-0.16,0.483,1,1407.7,2434.6,-411.4,1582.1,-41.44,162.07,93,53,-1,55.8,32.9,57.1,29.0,-0.09,0.04,1.00,0.00,0.00,0.00,-32.69,163.99,100,-1,0,4,-9.3,0.38,0.487,0.551,0.15,0,26,0,215.6,58.9,66.6,54.3,0.00,1,-0.8,-0.8
30.50,cruise,350.18,-0.18,0.482,1,1407.7,2434.6,-407.2,1565.9,-41.44,162.07,92,53,-1,55.9,32.9,57.1,28.1,-0.06,0.01,1.00,0.00,0.00,0.00,-34.46,163.70,100,-1,0,6,-9.3,0.30,0.485,0.517,0.08,0,26,0,216.7,59.4,66.2,53.1,0.00,1,-0.8,-0.8
30.60,cruise,350.18,-0.18,0.483,1,1403.6,2450.9,-403.1,1549.6,-41.79,162.25,92,53,-1,55.8,33.1,56.9,28.3,-0.01,-0.01,1.00,0.00,0.00,0.00,-36.10,163.61,100,-1,0,6,-3.3,0.19,0.484,0.497,0.01,0,26,0,217.8,60.0,65.8,52.5,0.00,1,-3.2,-5.3
30.70,cruise,350.15,-0.15,0.490,1,1399.4,2467.1,-398.9,1533.4,-42.06,162.25,92,53,-1,55.7,33.5,56.6,29.5,0.03,-0.03,1.00,0.00,0.00,0.00,-37.20,163.43,100,-1,0,6,2.9,0.06,0.490,0.523,-0.09,0,26,0,218.8,60.7,65.7,52.7,0.00,1,-5.0,-9.2
30.80,cruise,350.11,-0.11,0.499,1,1395.2,2483.3,-394.7,1517.2,-42.28,162.42,91,49,-1,55.6,34.1,56.0,31.3,0.07,-0.06,1.00,0.00,0.00,0.00,-39.48,163.12,100,-1,0,5,8.7,-0.07,0.499,0.563,-0.18,0,26,0,219.6,61.4,65.8,53.6,0.00,1,-6.3,-11.6
30.90,cruise,350.06,-0.06,0.508,1,1386.7,2515.8,-390.4,1500.9,-42.45,162.69,91,49,-1,55.3,34.8,55.4,33.7,0.10,-0.07,1.00,0.00,0.00,0.00,-40.95,162.98,100,-1,0,4,17.5,-0.20,0.509,0.598,-0.23,0,26,0,220.0,62.0,66.0,55.0,0.00,1,-6.7,-11.8
31.00,cruise,350.00,-0.00,0.519,1,1382.4,2532.1,-386.2,1484.7,-42.45,162.95,90,49,-1,55.1,35.6,54.7,36.1,0.12,-0.08,1.00,0.00,0.00,0.00,-41.58,162.91,100,-1,0,2,19.2,-0.31,0.522,0.625,-0.28,0,26,0,220.0,62.4,66.4,56.7,0.00,1,-5.6,-10.0
31.10,cruise,349.94,0.06,0.530,1,1378.2,2548.4,-381.9,1468.4,-42.36,163.21,90,49,-1,54.8,36.4,54.0,38.4,0.13,-0.07,1.00,0.00,0.00,0.00,-41.70,163.14,100,-1,0,0,18.4,-0.38,0.535,0.642,-0.29,0,26,0,219.5,62.6,66.9,58.5,0.00,1,-3.6,-7.0
31.20,cruise,349.88,0.12,0.538,1,1378.2,2548.4,-377.7,1452.1,-42.36,163.21,91,50,-1,54.5,37.0,53.5,40.3,0.12,-0.07,1.00,0.00,0.00,0.00,-40.89,163.59,100,-1,0,-1,18.4,-0.40,0.543,0.641,-0.27,0,26,0,218.7,62.6,67.5,60.2,0.00,1,-3.6,-7.0
31.30,cruise,349.85,0.15,0.540,1,1369.7,2581.2,-373.5,1435.7,-42.06,163.92,91,50,-1,54.4,37.4,53.1,41.5,0.09,-0.05,1.00,0.00,0.00,0.00,-39.95,164.14,100,-1,0,-3,10.4,-0.37,0.544,0.621,-0.19,0,26,0,217.4,62.2,68.1,61.8,0.00,1,2.1,2.5
31.40,cruise,349.83,0.17,0.539,1,1369.7,2581.2,-369.2,1419.3,-42.06,163.92,91,50,-1,54.3,37.5,52.9,41.9,0.05,-0.03,1.00,0.00,0.00,0.00,-39.01,164.67,100,-1,0,-4,10.4,-0.29,0.542,0.587,-0.12,0,26,0,215.8,61.6,68.7,63.0,0.00,1,2.1,2.5
31.50,cruise,349.83,0.17,0.535,1,1365.6,2597.6,-365.1,1402.9,-41.84,164.27,91,50,-1,54.4,37.2,53.0,41.6,0.01,-0.01,1.00,0.00,0.00,0.00,-38.19,165.15,100,-1,0,-5,3.9,-0.18,0.536,0.543,-0.05,0,26,0,214.1,60.8,69.2,63.7,0.00,1,5.1,7.6
31.60,cruise,349.86,0.14,0.525,1,1361.4,2614.1,-360.9,1386.4,-41.75,164.71,92,56,-1,54.6,36.5,53.5,40.5,-0.04,0.02,1.00,0.00,0.00,0.00,-34.61,166.35,100,-1,0,-5,-3.3,-0.04,0.525,0.556,0.04,0,26,0,212.7,59.8,69.5,63.9,0.00,1,7.4,11.7
31.70,cruise,349.90,0.10,0.514,1,1353.0,2647.1,-356.7,1370.0,-41.75,165.41,93,56,-1,54.9,35.6,54.1,38.6,-0.08,0.05,1.00,0.00,0.00,0.00,-31.92,167.22,100,-1,0,-5,-16.0,0.11,0.515,0.582,0.12,0,26,0,211.6,58.8,69.5,63.4,0.00,1,10.0,15.4
31.80,cruise,349.95,0.05,0.503,1,1353.0,2647.1,-352.5,1353.4,-41.75,165.41,94,56,-1,55.2,34.6,55.0,36.3,-0.11,0.08,1.00,0.00,0.00,0.00,-30.28,167.89,100,-1,0,-4,-16.0,0.25,0.505,0.601,0.21,0,26,0,211.0,57.9,69.3,62.3,0.00,1,10.0,15.4
31.90,cruise,350.01,-0.01,0.494,1,1348.9,2663.6,-348.4,1336.9,-41.88,165.59,94,56,-1,55.5,33.6,56.0,33.5,-0.13,0.10,1.00,0.00,0.00,0.00,-29.58,168.22,100,-1,0,-2,-19.8,0.36,0.498,0.611,0.24,0,26,0,211.0,57.2,68.8,60.5,0.00,1,9.6,14.3
32.00,cruise,350.07,-0.07,0.487,1,1340.4,2696.8,-344.2,1320.3,-42.50,165.94,94,57,-1,55.8,32.8,56.7,30.7,-0.14,0.09,1.00,0.00,0.00,0.00,-29.47,168.48,100,-1,0,0,-19.5,0.43,0.493,0.605,0.23,0,26,0,211.6,56.8,68.1,58.3,0.00,1,4.4,8.0
32.10,cruise,350.12,-0.12,0.480,1,1340.4,2696.8,-339.9,1303.7,-42.50,165.94,94,57,-1,55.9,32.4,57.2,28.0,-0.13,0.06,1.00,0.00,0.00,0.00,-30.32,168.59,100,-1,0,3,-19.5,0.45,0.486,0.580,0.21,0,26,0,212.6,56.8,67.2,55.8,0.00,1,4.4,8.0
32.20,cruise,350.15,-0.15,0.474,1,1336.1,2713.4,-335.6,1287.1,-42.85,165.94,94,57,-1,55.9,32.4,57.3,26.0,-0.11,0.02,1.00,0.00,0.00,0.00,-31.82,168.40,100,-1,0,5,-15.8,0.42,0.479,0.543,0.15,0,26,0,214.0,57.0,66.3,53.6,0.00,1,0.4,2.9
32.30,cruise,350.17,-0.17,0.470,1,1331.8,2730.0,-331.3,1270.5,-43.29,166.03,93,57,-1,55.9,32.7,57.1,25.0,-0.08,-0.01,1.00,0.00,0.00,0.00,-33.67,168.24,100,-1,0,7,-10.4,0.35,0.474,0.516,0.06,0,26,0,215.6,57.6,65.6,51.9,0.00,1,-3.3,-2.5
32.40,cruise,350.17,-0.17,0.471,1,1323.1,2763.2,-327.0,1253.9,-43.95,165.94,92,52,-1,55.8,33.1,56.7,25.2,-0.03,-0.04,1.00,0.00,0.00,0.00,-37.56,167.42,100,-1,0,8,2.7,0.24,0.473,0.506,-0.06,0,26,0,217.2,58.4,65.0,51.0,0.00,1,-7.4,-11.9
32.50,cruise,350.14,-0.14,0.475,1,1323.1,2763.2,-322.6,1237.3,-43.95,165.94,91,52,-1,55.7,33.7,56.2,26.6,0.03,-0.06,1.00,0.00,0.00,0.00,-40.63,166.78,100,-1,0,8,2.7,0.10,0.475,0.518,-0.14,0,26,0,218.6,59.4,64.8,51.1,0.00,1,-7.4,-11.9
32.60,cruise,350.10,-0.10,0.485,1,1318.7,2779.8,-318.2,1220.7,-44.17,165.94,91,52,-1,55.5,34.3,55.6,28.9,0.08,-0.07,1.00,0.00,0.00,0.00,-42.64,166.34,100,-1,0,7,9.5,-0.06,0.485,0.557,-0.23,0,26,0,219.5,60.4,64.9,52.2,0.00,1,-7.8,-14.8
32.70,cruise,350.03,-0.03,0.499,1,1309.8,2813.0,-313.7,1204.1,-44.38,166.03,90,52,-1,55.2,35.1,55.1,31.9,0.12,-0.06,1.00,0.00,0.00,0.00,-43.50,166.15,100,-1,0,5,19.8,-0.21,0.501,0.595,-0.30,0,26,0,220.0,61.3,65.3,53.9,0.00,1,-5.9,-16.2
32.80,cruise,349.95,0.05,0.517,1,1309.8,2813.0,-309.3,1187.5,-44.38,166.03,90,49,-1,54.9,35.9,54.6,35.2,0.15,-0.06,1.00,0.00,0.00,0.00,-44.78,165.92,100,-1,0,3,19.8,-0.34,0.520,0.630,-0.34,0,26,0,220.0,62.0,66.0,56.1,0.00,1,-5.9,-16.2
32.90,cruise,349.86,0.14,0.535,1,1305.4,2829.6,-304.9,1170.9,-44.30,166.20,90,49,-1,54.6,36.7,54.1,38.3,0.16,-0.05,1.00,0.00,0.00,0.00,-44.90,166.04,100,-1,0,0,22.2,-0.44,0.541,0.656,-0.33,0,26,0,219.5,62.6,66.9,58.4,0.00,1,-4.2,-14.2
33.00,cruise,349.79,0.21,0.552,1,1296.5,2862.9,-300.4,1154.3,-44.03,166.82,90,49,-1,54.3,37.4,53.7,40.9,0.15,-0.04,1.00,0.00,0.00,0.00,-44.30,166.44,100,-1,0,-2,18.6,-0.48,0.559,0.666,-0.30,0,26,0,218.4,62.8,67.8,60.7,0.00,1,0.5,-5.6
33.10,cruise,349.73,0.27,0.564,1,1292.1,2879.6,-296.0,1137.6,-43.81,167.17,90,49,-1,54.1,37.9,53.5,42.7,0.12,-0.03,1.00,0.00,0.00,0.00,-43.20,167.03,100,-1,0,-4,12.5,-0.45,0.571,0.655,-0.25,0,26,0,216.9,62.7,68.8,62.6,0.00,1,3.0,0.5
33.20,cruise,349.70,0.30,0.569,1,1292.1,2879.6,-291.6,1120.9,-43.81,167.17,92,54,-1,54.0,38.0,53.4,43.4,0.07,-0.02,1.00,0.00,0.00,0.00,-39.17,168.32,100,-1,0,-5,12.5,-0.36,0.574,0.624,-0.21,0,26,0,215.2,62.2,69.6,64.1,0.00,1,3.0,0.5
33.30,cruise,349.69,0.31,0.564,1,1283.4,2913.2,-287.3,1104.1,-43.42,168.13,93,54,-1,54.1,37.7,53.4,43.0,0.01,-0.01,1.00,0.00,0.00,0.00,-35.79,169.45,100,-1,0,-6,-5.0,-0.21,0.566,0.574,-0.16,0,26,0,213.6,61.3,70.1,64.8,0.00,1,6.6,13.2
33.40,cruise,349.71,0.29,0.550,1,1283.4,2913.2,-282.9,1087.3,-43.42,168.13,93,54,-1,54.3,37.0,53.7,41.5,-0.06,0.02,1.00,0.00,0.00,0.00,-33.34,170.42,100,-1,0,-6,-5.0,-0.02,0.550,0.590,-0.07,0,26,0,212.3,60.2,70.1,64.7,0.00,1,6.6,13.2
33.50,cruise,349.76,0.24,0.530,1,1274.8,2946.9,-278.6,1070.5,-43.42,169.01,94,54,-1,54.6,36.0,54.3,39.0,-0.12,0.04,1.00,0.00,0.00,0.00,-32.02,171.17,100,-1,0,-5,-21.1,0.19,0.531,0.614,0.04,0,26,0,211.6,59.0,69.7,63.6,0.00,1,7.7,18.3
33.60,cruise,349.83,0.17,0.510,1,1270.4,2963.8,-274.3,1053.6,-43.59,169.28,94,57,-1,55.0,34.9,54.9,35.7,-0.16,0.06,1.00,0.00,0.00,0.00,-30.31,171.85,100,-1,0,-3,-25.1,0.36,0.514,0.629,0.11,0,26,0,211.6,57.9,68.9,61.7,0.00,1,6.9,16.7
33.70,cruise,349.90,0.10,0.492,1,1270.4,2963.8,-269.9,1036.7,-43.59,169.28,95,57,-1,55.3,34.0,55.6,32.0,-0.19,0.07,1.00,0.00,0.00,0.00,-30.12,172.19,100,-1,0,-0,-25.1,0.50,0.499,0.629,0.16,0,26,0,212.3,57.2,67.8,58.9,0.00,1,6.9,16.7
33.80,cruise,349.96,0.04,0.477,1,1266.0,2980.8,-265.5,1019.7,-43.81,169.45,94,57,-1,55.5,33.3,56.2,28.3,-0.20,0.07,1.00,0.00,0.00,0.00,-31.21,172.22,100,-1,0,3,-25.9,0.58,0.487,0.613,0.19,0,26,0,213.6,56.9,66.6,55.6,0.00,1,4.7,12.4
33.90,cruise,350.01,-0.01,0.468,1,1257.2,3014.7,-261.1,1002.8,-44.56,169.45,94,57,-1,55.6,33.0,56.7,25.3,-0.17,0.06,1.00,0.00,0.00,0.00,-33.29,171.92,100,-1,0,6,-18.1,0.60,0.479,0.587,0.18,0,26,0,215.3,57.2,65.4,52.4,0.00,1,0.4,-0.8
34.00,cruise,350.05,-0.05,0.464,1,1252.7,3031.6,-256.7,985.8,-44.96,169.45,92,52,-1,55.7,33.0,56.9,23.5,-0.12,0.04,1.00,0.00,0.00,0.00,-37.96,171.05,100,-1,0,9,-10.4,0.54,0.472,0.549,0.17,0,26,0,217.2,58.0,64.6,49.9,0.00,1,-1.6,-8.0
34.10,cruise,350.06,-0.06,0.465,1,1248.2,3048.5,-252.2,968.9,-45.26,169.28,91,52,-1,55.7,33.2,57.0,23.3,-0.06,0.02,1.00,0.00,0.00,0.00,-42.03,170.20,100,-1,0,10,-1.6,0.42,0.470,0.506,0.13,0,26,0,219.0,59.2,64.2,48.4,0.00,1,-3.7,-14.5
34.20,brake,350.05,-0.05,0.475,1,1248.2,3048.5,0.0,0.0,-45.26,169.28,90,52,-1,49.7,27.2,56.9,24.8,0.06,0.08,1.00,0.00,0.00,0.00,-44.97,169.35,100,-1,0,11,-1.6,0.24,0.477,0.533,0.03,0,26,0,220.7,60.7,64.2,48.3,0.00,1,-3.7,-14.5
34.30,brake,350.00,-0.00,0.491,1,1243.6,3065.5,0.0,0.0,-45.53,169.28,90,52,-1,43.7,21.2,56.7,27.7,0.20,0.15,1.00,0.00,0.00,0.00,-46.50,169.01,100,-1,0,9,7.4,0.04,0.491,0.632,-0.06,0,26,0,222.3,62.4,64.6,49.3,0.00,1,-5.2,-20.1
34.40,brake,349.93,0.07,0.513,1,1239.1,3082.4,0.0,0.0,-45.70,169.28,89,45,-1,37.7,15.2,56.3,31.6,0.34,0.21,1.00,0.00,0.00,0.00,-49.78,168.12,100,-1,0,8,15.7,-0.16,0.514,0.733,-0.15,0,26,0,223.6,63.9,65.0,51.3,0.00,1,-6.4,-23.3
34.50,brake,349.85,0.15,0.533,1,1234.5,3099.3,0.0,0.0,-45.79,169.28,88,45,-1,31.7,9.2,55.4,35.6,0.46,0.21,1.00,0.00,0.00,0.00,-51.74,167.56,100,-1,0,5,22.7,-0.35,0.537,0.804,-0.26,0,26,0,224.7,65.1,65.3,53.4,0.00,1,-9.8,-23.3
34.60,brake,349.77,0.23,0.541,1,1229.9,3116.3,0.0,0.0,-45.70,169.63,87,45,-1,25.7,3.2,53.6,38.6,0.53,0.16,1.00,0.00,0.00,0.00,-53.44,167.35,100,-1,0,4,27.4,-0.48,0.548,0.822,-0.41,0,26,0,225.6,65.4,64.9,55.2,0.00,1,-15.7,-18.9
34.70,brake,349.72,0.28,0.525,1,1225.3,3133.3,0.0,0.0,-45.48,169.98,86,45,-1,19.7,-2.8,50.5,39.8,0.52,0.05,1.00,0.00,0.00,0.00,-56.40,166.68,100,-1,0,3,28.9,-0.53,0.534,0.765,-0.60,0,26,0,226.0,64.4,63.6,56.1,0.00,1,-22.6,-9.2
34.80,brake,349.71,0.29,0.550,1,1216.4,3167.4,0.0,0.0,-44.56,171.04,84,44,-1,13.7,-8.8,46.0,38.9,0.44,-0.08,1.00,0.00,0.00,0.00,-63.01,164.74,100,-1,0,3,23.1,-0.49,0.558,0.764,-0.74,0,26,0,225.4,61.7,61.3,56.2,0.00,1,-35.3,22.9
34.90,brake,349.74,0.26,0.550,1,1216.4,3167.4,0.0,0.0,-44.56,171.04,81,44,-1,7.7,-14.8,40.4,35.8,0.30,-0.18,1.00,0.00,0.00,0.00,-71.56,161.61,100,-1,0,3,23.1,-0.40,0.555,0.748,-0.84,0,26,0,224.0,57.1,58.0,55.6,0.00,1,-35.3,22.9
35.00,brake,349.84,0.16,0.550,1,1211.9,3184.5,0.0,0.0,-43.95,171.39,77,44,-1,1.7,-20.8,34.6,30.8,0.12,-0.23,1.00,0.00,0.00,0.00,-81.20,157.20,100,-1,0,4,18.0,-0.28,0.553,0.693,-0.82,0,26,0,222.0,50.6,53.5,54.8,0.00,1,-37.2,41.0
35.10,brake,350.02,-0.02,0.550,1,1207.6,3201.7,0.0,0.0,-43.33,171.74,73,44,-1,-4.3,-26.8,29.3,24.3,-0.09,-0.20,0.86,0.00,0.00,0.00,-90.90,152.01,100,-1,0,5,12.8,-0.16,0.551,0.670,-0.51,0,26,0,219.6,42.5,47.9,54.2,0.00,1,-35.0,58.1
35.20,brake,350.26,-0.26,0.550,1,1199.1,3236.0,0.0,0.0,-42.36,171.39,71,51,-1,-10.3,-30.3,25.2,16.8,-0.32,-0.10,0.64,0.00,0.00,0.00,-96.48,148.37,100,-1,0,5,3.4,-0.05,0.550,0.721,0.05,0,26,0,217.5,33.5,40.8,53.8,0.00,1,-23.1,78.6
35.30,brake,350.57,-0.57,0.550,1,1194.8,3253.1,0.0,0.0,-42.19,170.68,69,51,-1,-16.3,-32.7,22.3,8.7,-0.49,0.06,0.46,0.00,0.00,0.00,-102.02,144.09,100,-1,0,5,0.2,0.04,0.550,0.768,0.83,0,26,0,215.9,24.3,31.9,53.5,0.00,1,-17.0,78.2
35.40,brake,350.93,-0.93,0.550,1,1194.8,3253.1,0.0,0.0,-42.19,170.68,66,51,-1,-22.3,-34.5,20.5,1.0,-0.55,0.22,0.35,0.00,0.00,0.00,-107.29,139.29,100,-1,0,5,0.2,0.10,0.550,0.856,1.76,0,26,0,215.0,15.6,21.8,53.3,0.00,1,-17.0,78.2
35.50,brake,351.35,-1.35,0.550,1,1190.6,3270.1,0.0,0.0,-42.32,169.63,64,51,-1,-28.3,-35.9,19.2,-5.7,-0.49,0.32,0.33,0.00,0.00,0.00,-112.28,134.01,100,-1,0,6,-1.5,0.14,0.551,0.875,2.71,0,26,0,214.7,8.0,11.5,53.2,0.00,1,-14.1,70.3
35.60,brake,351.81,-1.81,0.550,1,1182.0,3303.6,0.0,0.0,-43.46,166.46,62,54,-1,-33.6,-36.8,17.8,-10.8,-0.32,0.34,0.35,0.00,0.00,0.00,-115.92,129.07,100,-1,0,5,0.2,0.14,0.551,0.817,3.63,0,26,0,214.7,1.7,2.5,53.3,0.00,1,-21.1,37.5
35.70,brake,352.34,-2.34,0.550,1,1182.0,3303.6,0.0,0.0,-43.46,166.46,61,54,-1,-33.0,-37.2,15.6,-13.9,-0.07,0.23,0.35,0.00,0.00,0.00,-119.24,124.02,100,-1,0,5,0.2,0.09,0.550,0.673,4.50,0,26,0,214.6,356.9,355.5,54.0,0.00,1,-21.1,37.5
35.80,brake,352.92,-2.92,0.550,1,1177.6,3320.1,0.0,0.0,-44.30,164.62,59,54,-1,-32.8,-37.4,12.5,-15.1,0.18,0.07,0.31,0.00,0.00,0.00,-121.94,119.13,100,-1,0,4,3.2,0.01,0.550,0.651,5.32,0,26,0,214.1,353.2,350.0,55.2,0.00,1,-30.6,18.7
35.90,brake,353.58,-3.58,0.550,1,1173.1,3336.5,0.0,0.0,-45.09,162.69,58,54,-1,-32.8,-37.4,8.3,-14.8,0.38,-0.11,0.23,0.00,0.00,0.00,-123.85,114.72,100,-1,0,2,6.8,-0.10,0.550,0.748,6.12,0,26,0,212.9,350.3,345.3,57.1,0.00,1,-41.2,3.5
36.00,brake,354.31,-4.31,0.550,1,1164.0,3368.5,0.0,0.0,-45.88,158.99,58,58,-1,-32.8,-37.4,3.4,-14.1,0.46,-0.26,0.15,0.00,0.00,0.00,-123.88,112.28,100,-1,0,-1,11.5,-0.21,0.551,0.840,6.97,0,26,0,211.1,347.9,340.4,59.4,0.00,1,-54.9,-4.4
36.10,brake,355.13,-5.13,0.550,1,1164.0,3368.5,0.0,0.0,-45.88,158.99,58,58,-1,-32.8,-37.4,-1.8,-13.8,0.40,-0.34,0.13,0.00,0.00,0.00,-123.25,110.42,100,-1,0,-3,11.5,-0.29,0.553,0.849,7.89,0,26,0,208.9,345.3,334.6,61.9,0.00,1,-54.9,-4.4
36.20,brake,356.04,-6.04,0.550,1,1159.4,3384.3,0.0,0.0,-45.75,157.24,58,58,-1,-32.5,-37.6,-6.8,-14.6,0.24,-0.33,0.20,0.00,0.00,0.00,-122.05,109.18,100,-1,0,-6,12.3,-0.36,0.554,0.780,8.93,0,26,0,206.6,342.3,327.4,64.4,0.00,1,-53.6,3.4
36.30,brake,357.06,-7.06,0.550,1,1150.4,3415.3,0.0,0.0,-44.34,153.54,58,58,-1,-32.1,-37.9,-11.0,-16.8,0.03,-0.24,0.32,0.00,0.00,0.00,-120.17,108.50,100,-1,0,-8,10.3,-0.40,0.555,0.665,9.93,0,26,0,204.4,338.7,319.3,66.7,0.00,1,-36.4,27.4
36.40,brake,358.16,-8.16,0.550,1,1150.4,3415.3,0.0,0.0,-44.34,153.54,60,66,-1,-31.6,-38.2,-14.2,-20.2,-0.15,-0.13,0.47,0.00,0.00,0.00,-115.06,110.92,100,-1,0,-10,10.3,-0.40,0.556,0.666,10.82,0,26,0,202.7,334.7,311.4,68.7,0.00,1,-36.4,27.4
36.50,brake,359.34,-9.34,0.550,1,1141.8,3445.5,0.0,0.0,-42.50,149.15,62,66,-1,-31.2,-38.5,-16.6,-24.3,-0.27,-0.02,0.61,0.00,0.00,0.00,-109.77,112.98,100,-1,0,-11,1.9,-0.37,0.555,0.669,11.65,0,26,0,201.8,330.3,305.0,70.1,0.00,1,-15.5,40.0
36.60,brake,360.59,-10.59,0.550,1,1137.6,3460.2,0.0,0.0,-41.70,146.69,64,66,-1,-31.0,-38.6,-18.6,-28.5,-0.31,0.05,0.75,0.00,0.00,0.00,-104.49,114.60,100,-1,0,-12,-4.2,-0.28,0.553,0.694,12.41,0,26,0,201.9,325.9,300.6,70.8,0.00,1,-8.9,38.3
36.70,brake,361.90,-11.90,0.550,1,1137.6,3460.2,0.0,0.0,-41.70,146.69,65,66,-1,-31.2,-38.5,-20.3,-32.1,-0.27,0.06,0.87,0.00,0.00,0.00,-99.22,115.81,100,-1,0,-12,-4.2,-0.15,0.551,0.683,13.06,0,26,0,202.9,321.9,298.3,70.7,0.00,1,-8.9,38.3
36.80,brake,363.93,-13.93,0.550,1,1129.4,3488.8,0.0,0.0,-40.65,141.15,67,64,-1,-31.8,-38.1,-22.3,-34.9,-0.17,0.04,0.97,0.00,0.00,0.00,-94.72,115.94,100,-1,0,-11,-17.5,-0.00,0.550,0.637,13.59,0,26,0,204.7,318.5,297.4,69.9,0.00,1,-5.9,23.3
36.90,brake,364.63,-14.63,0.450,1,1125.4,3502.7,0.0,0.0,-40.30,138.25,68,64,-1,-32.7,-37.4,-24.7,-36.6,-0.06,0.01,1.00,0.00,0.00,0.00,-90.14,115.98,100,-1,0,-10,-23.0,0.15,0.451,0.475,14.04,0,26,0,206.9,315.7,297.5,68.7,0.00,1,-7.2,14.2
37.00,brake,366.05,-16.05,0.350,1,1121.4,3516.4,0.0,0.0,-39.95,135.44,70,64,-1,-34.0,-36.5,-27.2,-37.2,0.07,-0.03,1.00,0.00,0.00,0.00,-85.39,115.96,100,-1,0,-8,-26.1,0.29,0.352,0.389,14.41,0,26,0,209.2,313.7,298.1,67.1,0.00,1,-8.3,6.6
37.10,brake,367.48,-17.48,0.250,1,1121.4,3516.4,0.0,0.0,-39.95,135.44,72,64,-1,-35.2,-35.3,-29.8,-37.0,0.15,-0.04,1.00,0.00,0.00,0.00,-80.55,115.98,100,-1,0,-7,-26.1,0.39,0.252,0.330,14.63,0,26,0,211.4,312.2,298.9,65.4,0.00,1,-8.3,6.6
37.20,brake,368.90,-18.90,0.250,1,1117.4,3529.7,0.0,0.0,-39.59,132.98,72,56,-1,-36.4,-34.1,-32.1,-36.6,0.18,-0.03,1.00,0.00,0.00,0.00,-79.41,113.78,100,-1,0,-5,-26.4,0.43,0.253,0.340,14.56,0,26,0,213.5,310.8,299.8,63.6,0.00,1,-8.3,3.1
37.30,brake,370.27,-20.27,0.250,1,1113.5,3542.9,0.0,0.0,-39.24,130.96,72,56,-1,-37.4,-32.8,-34.3,-36.1,0.17,-0.03,1.00,0.00,0.00,0.00,-77.82,112.40,100,-1,0,-3,-25.0,0.44,0.253,0.331,14.19,0,26,0,215.5,309.4,300.4,61.9,0.00,1,-7.7,3.3
37.40,brake,371.59,-21.59,0.250,1,1105.7,3568.6,0.0,0.0,-38.36,127.35,73,56,-1,-38.2,-31.6,-36.3,-36.0,0.11,-0.03,1.00,0.00,0.00,0.00,-75.73,111.54,100,-1,0,-2,-19.7,0.42,0.253,0.310,13.64,0,26,0,217.6,307.7,300.8,60.3,0.00,1,-7.0,9.9
37.50,brake,372.85,-22.85,0.250,1,1101.9,3581.2,0.0,0.0,-37.92,125.60,73,56,-1,-38.9,-30.6,-38.2,-36.4,0.05,-0.04,1.00,0.00,0.00,0.00,-73.21,111.05,100,-1,0,-0,-16.2,0.39,0.252,0.287,13.08,0,26,0,219.6,305.7,300.8,59.0,0.00,1,-6.9,13.4
37.60,brake,374.05,-24.05,0.250,1,1101.9,3581.2,0.0,0.0,-37.92,125.60,73,47,-1,-39.4,-29.7,-40.1,-37.3,-0.02,-0.05,1.00,0.00,0.00,0.00,-73.65,108.57,100,-1,0,1,-16.2,0.34,0.252,0.281,12.51,0,26,0,221.6,303.5,300.4,58.0,0.00,1,-6.9,13.4
37.70,brake,375.20,-25.20,0.250,1,1094.4,3605.9,0.0,0.0,-37.05,121.99,72,47,-1,-39.8,-29.0,-41.9,-38.7,-0.09,-0.05,1.00,0.00,0.00,0.00,-73.13,106.73,100,-1,0,1,-7.9,0.27,0.251,0.305,11.95,0,26,0,223.5,301.2,299.9,57.4,0.00,1,-5.2,17.7
37.80,brake,376.30,-26.30,0.250,1,1094.4,3605.9,0.0,0.0,-37.05,121.99,73,47,-1,-40.0,-28.6,-43.4,-40.3,-0.13,-0.04,1.00,0.00,0.00,0.00,-71.80,105.35,100,-1,0,2,-7.9,0.19,0.251,0.319,11.36,0,26,0,225.3,299.0,299.2,57.2,0.00,1,-5.2,17.7
37.90,brake,377.33,-27.33,0.250,1,1090.8,3617.9,0.0,0.0,-36.69,120.15,73,47,-1,-40.1,-28.4,-44.6,-42.0,-0.16,-0.02,1.00,0.00,0.00,0.00,-69.96,104.34,100,-1,0,2,-4.2,0.12,0.250,0.320,10.73,0,26,0,226.9,297.1,298.7,57.1,0.00,1,-3.7,17.5
38.00,brake,378.31,-28.31,0.250,1,1087.1,3629.8,0.0,0.0,-36.25,118.39,72,41,-1,-40.1,-28.4,-45.5,-43.6,-0.17,0.01,1.00,0.00,0.00,0.00,-70.98,101.45,100,-1,0,2,-0.9,0.05,0.250,0.321,10.06,0,26,0,228.4,295.5,298.2,57.2,0.00,1,-2.0,16.1
38.10,brake,379.22,-29.22,0.250,1,1079.9,3653.0,0.0,0.0,-35.68,114.79,71,41,-1,-40.0,-28.6,-46.1,-45.0,-0.16,0.04,1.00,0.00,0.00,0.00,-71.46,98.85,100,-1,0,1,3.8,-0.01,0.250,0.330,9.37,0,26,0,229.4,294.3,297.8,57.5,0.00,1,0.1,9.8
38.20,brake,380.06,-30.06,0.250,1,1079.9,3653.0,0.0,0.0,-35.68,114.79,71,41,-1,-39.8,-28.9,-46.3,-46.1,-0.15,0.07,1.00,0.00,0.00,0.00,-71.52,96.61,100,-1,0,1,3.8,-0.06,0.250,0.335,8.64,0,26,0,230.0,293.7,297.5,57.8,0.00,1,0.1,9.8
38.30,brake,380.83,-30.83,0.250,1,1076.4,3664.4,0.0,0.0,-35.42,112.94,70,41,-1,-39.7,-29.2,-46.3,-46.9,-0.13,0.09,1.00,0.00,0.00,0.00,-71.39,94.41,100,-1,0,0,5.3,-0.10,0.250,0.336,7.92,0,26,0,230.0,293.4,297.3,58.3,0.00,1,0.2,6.1
38.40,brake,381.55,-31.55,0.250,1,1072.9,3675.5,0.0,0.0,-35.20,111.18,70,40,-1,-39.4,-29.6,-46.1,-47.4,-0.11,0.10,1.00,0.00,0.00,0.00,-71.75,91.94,100,-1,0,-0,6.3,-0.13,0.250,0.333,7.25,0,26,0,229.4,293.5,296.9,58.9,0.00,1,-0.7,2.3
38.50,brake,382.19,-32.19,0.250,1,1069.4,3686.5,0.0,0.0,-34.98,109.34,69,40,-1,-39.2,-30.1,-45.9,-47.6,-0.08,0.10,1.00,0.00,0.00,0.00,-71.92,89.47,100,-1,0,-1,6.9,-0.16,0.250,0.325,6.60,0,26,0,228.1,294.0,296.4,59.8,0.00,1,-2.5,-1.6
38.60,brake,382.77,-32.77,0.250,1,1062.4,3707.9,0.0,0.0,-34.58,105.82,68,40,-1,-38.9,-30.6,-45.8,-47.7,-0.07,0.09,1.00,0.00,0.00,0.00,-71.98,87.18,100,-1,0,-2,6.7,-0.18,0.251,0.315,5.93,0,26,0,226.3,294.7,295.7,60.8,0.00,1,-7.0,-7.2
38.70,brake,383.28,-33.28,0.250,1,1062.4,3707.9,0.0,0.0,-34.58,105.82,68,40,-1,-38.6,-31.0,-45.8,-47.6,-0.05,0.08,1.00,0.00,0.00,0.00,-71.92,84.98,100,-1,0,-3,6.7,-0.20,0.251,0.303,5.26,0,26,0,224.0,295.6,294.8,62.0,0.00,1,-7.0,-7.2
38.80,brake,383.72,-33.72,0.250,1,1055.6,3728.7,0.0,0.0,-34.06,102.48,70,48,-1,-38.4,-31.4,-45.9,-47.4,-0.04,0.06,1.00,0.00,0.00,0.00,-68.17,86.00,100,-1,0,-5,4.5,-0.21,0.251,0.288,4.59,0,26,0,221.4,296.6,293.8,63.4,0.00,1,-11.4,-11.4
38.90,brake,384.09,-34.09,0.250,1,1055.6,3728.7,0.0,0.0,-34.06,102.48,72,48,-1,-38.1,-31.8,-46.2,-47.0,-0.02,0.03,1.00,0.00,0.00,0.00,-64.73,86.44,100,-1,0,-6,4.5,-0.21,0.251,0.270,3.94,0,26,0,218.5,297.7,292.7,64.8,0.00,1,-11.4,-11.4
39.00,brake,384.40,-34.40,0.250,1,1052.2,3738.8,0.0,0.0,-33.79,100.90,73,48,-1,-38.0,-32.0,-46.8,-46.5,-0.00,-0.00,1.00,0.00,0.00,0.00,-61.63,86.74,100,-1,0,-7,2.9,-0.21,0.251,0.253,3.31,0,26,0,215.4,298.9,291.5,66.2,0.00,1,-13.3,-13.2
39.10,brake,384.64,-34.64,0.250,1,1045.5,3758.6,0.0,0.0,-33.09,97.56,75,48,-1,-37.9,-32.1,-47.5,-45.9,0.01,-0.04,1.00,0.00,0.00,0.00,-58.59,86.68,100,-1,0,-9,-1.3,-0.19,0.251,0.271,2.71,0,26,0,212.4,300.1,290.2,67.6,0.00,1,-15.9,-15.0
39.20,brake,384.81,-34.81,0.250,1,1042.2,3768.2,0.0,0.0,-32.70,95.98,79,60,-1,-37.9,-32.2,-48.4,-45.1,0.03,-0.07,1.00,0.00,0.00,0.00,-51.83,89.03,100,-1,0,-10,-3.4,-0.18,0.250,0.290,2.10,0,26,0,209.4,301.3,289.0,68.9,0.00,1,-16.0,-14.9
39.30,brake,384.92,-34.92,0.250,1,1039.0,3777.7,0.0,0.0,-32.21,94.31,82,60,-1,-37.9,-32.1,-49.5,-44.4,0.04,-0.10,1.00,0.00,0.00,0.00,-45.69,90.52,100,-1,0,-11,-5.7,-0.16,0.250,0.306,1.49,0,26,0,206.9,302.5,287.9,70.0,0.00,1,-15.1,-14.6
39.40,brake,384.97,-34.97,0.250,1,1035.8,3787.0,0.0,0.0,-31.73,92.64,85,60,-1,-38.1,-31.8,-50.5,-43.4,0.06,-0.12,1.00,0.00,0.00,0.00,-40.18,91.20,100,-1,0,-12,-7.8,-0.13,0.250,0.321,0.90,0,26,0,204.8,303.6,287.0,70.7,0.00,1,-13.3,-14.4
39.50,brake,384.96,-34.96,0.250,1,1035.8,3787.0,0.0,0.0,-31.73,92.64,88,60,-1,-38.3,-31.5,-51.4,-42.2,0.08,-0.13,1.00,0.00,0.00,0.00,-35.44,91.28,100,-1,0,-12,-7.8,-0.09,0.250,0.333,0.32,0,26,0,203.3,304.7,286.6,71.1,0.00,1,-13.3,-14.4
39.60,brake,384.89,-34.89,0.250,1,1032.7,3796.1,0.0,0.0,-31.16,91.05,91,67,-1,-38.6,-31.0,-52.2,-40.8,0.10,-0.13,1.00,0.00,0.00,0.00,-29.81,91.50,100,-1,0,-12,-9.5,-0.05,0.250,0.340,-0.29,0,26,0,202.3,305.7,286.4,71.0,0.00,1,-10.8,-13.6
39.70,brake,384.76,-34.76,0.250,1,1026.6,3814.0,0.0,0.0,-29.97,87.89,93,67,-1,-39.0,-30.5,-52.8,-39.2,0.12,-0.12,1.00,0.00,0.00,0.00,-25.26,91.12,100,-1,0,-12,-12.0,-0.02,0.250,0.345,-0.89,0,26,0,202.0,306.6,286.7,70.5,0.00,1,-5.3,-10.9
39.80,brake,384.58,-34.58,0.250,1,1023.6,3822.6,0.0,0.0,-29.36,86.48,95,67,-1,-39.4,-29.8,-53.2,-37.5,0.13,-0.11,1.00,0.00,0.00,0.00,-21.67,90.30,100,-1,0,-11,-12.8,0.02,0.250,0.345,-1.50,0,26,0,202.2,307.3,287.3,69.5,0.00,1,-2.2,-8.2
39.90,brake,384.33,-34.33,0.250,1,1020.7,3831.2,0.0,0.0,-28.70,84.90,97,67,-1,-39.8,-29.0,-53.4,-35.7,0.14,-0.09,1.00,0.00,0.00,0.00,-18.97,89.34,100,-1,0,-9,-13.2,0.07,0.250,0.341,-2.10,0,26,0,203.0,307.8,288.2,68.1,0.00,1,0.9,-5.2
40.00,brake,384.04,-34.04,0.250,1,1020.7,3831.2,0.0,0.0,-28.70,84.90,97,65,-1,-40.2,-28.2,-53.4,-33.9,0.14,-0.07,1.00,0.00,0.00,0.00,-17.41,87.91,100,-1,0,-8,-13.2,0.11,0.250,0.333,-2.68,0,26,0,204.3,308.0,289.4,66.3,0.00,1,0.9,-5.2
40.10,brake,383.70,-33.70,0.250,1,1015.2,3847.8,0.0,0.0,-27.38,81.91,98,65,-1,-40.6,-27.3,-53.3,-32.3,0.13,-0.04,1.00,0.00,0.00,0.00,-16.40,86.54,100,-1,0,-5,-13.3,0.16,0.250,0.321,-3.24,0,26,0,206.1,307.8,290.8,64.3,0.00,1,5.9,2.0
40.20,brake,383.30,-33.30,0.250,1,1015.2,3847.8,0.0,0.0,-27.38,81.91,98,65,-1,-41.0,-26.4,-53.0,-31.0,0.12,-0.03,1.00,0.00,0.00,0.00,-15.84,84.90,100,-1,0,-3,-13.3,0.20,0.251,0.310,-3.78,0,26,0,208.2,307.3,292.2,62.1,0.00,1,5.9,2.0
40.30,brake,382.86,-32.86,0.250,1,1012.5,3855.9,0.0,0.0,-26.74,80.51,98,65,-1,-41.3,-25.5,-52.7,-29.9,0.10,-0.02,1.00,0.00,0.00,0.00,-15.54,83.40,100,-1,0,-1,-12.7,0.23,0.251,0.296,-4.32,0,26,0,210.6,306.5,293.6,59.9,0.00,1,7.4,5.4
40.40,brake,382.37,-32.37,0.250,1,1007.3,3871.6,0.0,0.0,-25.55,77.70,96,56,-1,-41.6,-24.6,-52.3,-29.3,0.07,-0.00,1.00,0.00,0.00,0.00,-17.22,81.51,100,-1,0,1,-10.5,0.26,0.251,0.281,-4.84,0,26,0,213.2,305.4,294.9,57.7,0.00,1,9.1,12.1
40.50,brake,381.83,-31.83,0.250,1,1004.8,3879.3,0.0,0.0,-24.98,76.29,95,56,-1,-41.9,-23.7,-52.0,-29.1,0.04,-0.00,1.00,0.00,0.00,0.00,-18.64,79.64,100,-1,0,3,-8.9,0.27,0.251,0.266,-5.32,0,26,0,216.0,304.0,296.1,55.7,0.00,1,9.2,14.8
40.60,brake,381.26,-31.26,0.250,1,1004.8,3879.3,0.0,0.0,-24.98,76.29,94,56,-1,-42.2,-23.0,-51.7,-29.3,-0.00,-0.00,1.00,0.00,0.00,0.00,-19.75,77.81,100,-1,0,5,-8.9,0.28,0.251,0.253,-5.77,0,26,0,218.8,302.3,297.0,53.9,0.00,1,9.2,14.8
40.70,brake,380.63,-30.63,0.250,1,999.9,3894.2,0.0,0.0,-24.04,73.65,93,56,-1,-42.4,-22.3,-51.4,-29.8,-0.04,-0.00,1.00,0.00,0.00,0.00,-20.60,76.04,100,-1,0,6,-5.6,0.27,0.251,0.267,-6.24,0,26,0,221.7,300.6,297.8,52.4,0.00,1,9.1,17.4
40.80,brake,379.96,-29.96,0.250,1,999.9,3894.2,0.0,0.0,-24.04,73.65,90,44,-1,-42.5,-21.8,-51.1,-30.6,-0.06,-0.00,1.00,0.00,0.00,0.00,-23.89,73.70,100,-1,0,8,-5.6,0.27,0.251,0.278,-6.76,0,26,0,224.6,298.9,298.5,51.0,0.00,1,9.1,17.4
40.90,brake,379.23,-29.23,0.250,1,997.5,3901.5,0.0,0.0,-23.64,72.25,88,44,-1,-42.6,-21.4,-50.7,-31.6,-0.09,0.01,1.00,0.00,0.00,0.00,-26.52,71.24,100,-1,0,9,-3.8,0.25,0.251,0.290,-7.26,0,26,0,227.5,297.2,299.2,49.9,0.00,1,9.2,17.6
41.00,brake,378.47,-28.47,0.250,1,995.2,3908.6,0.0,0.0,-23.29,70.84,86,44,-1,-42.7,-21.2,-50.3,-32.6,-0.11,0.02,1.00,0.00,0.00,0.00,-28.58,68.87,100,-1,0,10,-1.9,0.23,0.251,0.303,-7.72,0,26,0,230.1,295.6,299.9,49.0,0.00,1,9.5,17.0
41.10,brake,377.66,-27.66,0.250,1,990.6,3922.4,0.0,0.0,-22.70,68.03,84,44,-1,-42.7,-21.1,-49.9,-33.6,-0.13,0.03,1.00,0.00,0.00,0.00,-30.21,66.61,100,-1,0,10,2.2,0.21,0.251,0.315,-8.16,0,26,0,232.4,294.4,300.5,48.4,0.00,1,9.2,13.4
41.20,brake,376.81,-26.81,0.250,1,990.6,3922.4,0.0,0.0,-22.70,68.03,80,35,-1,-42.7,-21.2,-49.3,-34.6,-0.14,0.05,1.00,0.00,0.00,0.00,-34.07,63.10,100,-1,0,11,2.2,0.17,0.250,0.325,-8.61,0,26,0,234.2,293.5,301.1,48.0,0.00,1,9.2,13.4
41.30,brake,375.91,-25.91,0.250,1,986.1,3935.6,0.0,0.0,-22.30,65.21,77,35,-1,-42.6,-21.5,-48.7,-35.5,-0.14,0.06,1.00,0.00,0.00,0.00,-37.21,59.66,100,-1,0,11,6.6,0.13,0.250,0.333,-9.09,0,26,0,235.5,292.9,301.6,47.9,0.00,1,7.8,7.6
41.40,brake,374.96,-24.96,0.287,1,986.1,3935.6,0.0,0.0,-22.30,65.21,74,35,-1,-42.4,-22.0,-47.9,-36.3,-0.14,0.08,1.00,0.00,0.00,0.00,-39.74,56.31,100,-1,0,11,6.6,0.08,0.287,0.377,-9.56,0,26,0,236.1,292.8,302.0,48.1,0.00,1,7.8,7.6
41.50,brake,373.97,-23.97,0.328,1,981.7,3948.3,0.0,0.0,-22.04,62.49,71,35,-1,-42.3,-22.7,-47.1,-37.0,-0.14,0.10,1.00,0.00,0.00,0.00,-41.78,53.08,100,-1,0,10,10.5,0.03,0.328,0.422,-10.03,0,26,0,236.0,293.1,302.3,48.5,0.00,1,5.4,0.7
41.60,brake,372.94,-22.94,0.369,1,979.5,3954.5,0.0,0.0,-21.95,61.00,68,34,-1,-42.0,-23.4,-46.2,-37.4,-0.13,0.11,1.00,0.00,0.00,0.00,-43.67,49.84,100,-1,0,10,12.2,-0.02,0.369,0.464,-10.47,0,26,0,235.3,293.8,302.4,49.3,0.00,1,3.2,-3.8
41.70,brake,371.87,-21.87,0.406,1,979.5,3954.5,0.0,0.0,-21.95,61.00,66,34,-1,-41.7,-24.4,-45.3,-37.6,-0.10,0.12,1.00,0.00,0.00,0.00,-45.10,46.57,100,-1,0,8,12.2,-0.07,0.406,0.495,-10.81,0,26,0,233.7,295.0,302.4,50.3,0.00,1,3.2,-3.8
41.80,brake,370.79,-20.79,0.436,1,977.3,3960.5,0.0,0.0,-21.88,59.41,63,34,-1,-41.4,-25.4,-44.4,-37.6,-0.08,0.12,1.00,0.00,0.00,0.00,-46.14,43.36,100,-1,0,7,13.7,-0.13,0.436,0.516,-10.98,0,26,0,231.3,296.6,302.1,51.8,0.00,1,0.5,-8.2
41.90,brake,369.70,-19.70,0.463,1,975.1,3966.3,0.0,0.0,-21.84,57.74,61,34,-1,-40.9,-26.5,-43.8,-37.4,-0.06,0.09,1.00,0.00,0.00,0.00,-46.81,40.25,100,-1,0,5,14.8,-0.19,0.464,0.525,-11.05,0,26,0,228.2,298.6,301.4,53.6,0.00,1,-3.3,-12.1
42.00,brake,368.61,-18.61,0.486,1,972.9,3971.9,0.0,0.0,-21.75,55.90,62,44,-1,-40.2,-27.3,-43.4,-37.0,-0.03,0.06,1.00,0.00,0.00,0.00,-45.19,39.44,100,-1,0,3,14.8,-0.24,0.488,0.522,-11.01,0,26,0,224.6,300.7,300.3,55.7,0.00,1,-7.6,-16.0
42.10,brake,367.52,-17.52,0.506,1,968.6,3982.6,0.0,0.0,-21.36,52.12,63,44,-1,-38.5,-27.0,-43.4,-36.3,-0.01,-0.01,1.00,0.00,0.00,0.00,-43.68,38.47,100,-1,0,1,11.2,-0.26,0.508,0.514,-10.85,0,26,0,220.6,302.9,299.0,58.0,0.00,1,-14.9,-21.7
42.20,brake,366.46,-16.46,0.524,1,966.5,3987.7,0.0,0.0,-21.03,50.19,64,44,-1,-36.7,-26.6,-43.7,-35.5,0.02,-0.08,1.00,0.00,0.00,0.00,-42.16,37.36,100,-1,0,-1,7.6,-0.25,0.526,0.563,-10.61,0,26,0,216.5,305.1,297.5,60.2,0.00,1,-17.5,-23.8
42.30,brake,365.41,-15.41,0.539,1,964.5,3992.6,0.0,0.0,-20.52,48.08,64,44,-1,-35.0,-25.9,-44.4,-34.3,0.04,-0.16,1.00,0.00,0.00,0.00,-40.61,36.22,100,-1,0,-3,3.3,-0.22,0.541,0.620,-10.32,0,26,0,212.7,307.3,296.1,62.2,0.00,1,-18.4,-24.9
42.40,brake,364.40,-14.40,0.553,1,962.5,3997.2,0.0,0.0,-19.82,46.14,68,60,-1,-33.3,-24.9,-45.4,-32.8,0.07,-0.22,1.00,0.00,0.00,0.00,-37.03,36.89,100,-1,0,-5,-2.1,-0.16,0.553,0.672,-9.98,0,26,0,209.4,309.5,294.9,63.7,0.00,1,-16.5,-24.8
42.50,brake,363.41,-13.41,0.563,1,962.5,3997.2,0.0,0.0,-19.82,46.14,71,60,-1,-31.9,-23.7,-46.3,-30.8,0.12,-0.26,1.00,0.00,0.00,0.00,-33.78,37.16,100,-1,0,-6,-2.1,-0.07,0.563,0.713,-9.62,0,26,0,207.2,311.5,294.4,64.4,0.00,1,-16.5,-24.8
42.60,brake,362.46,-12.46,0.569,1,960.5,4001.7,0.0,0.0,-18.96,44.03,73,60,-1,-30.4,-22.2,-46.8,-28.1,0.17,-0.26,1.00,0.00,0.00,0.00,-30.81,36.74,100,-1,0,-5,-7.9,0.06,0.569,0.739,-9.27,0,26,0,206.2,313.3,294.9,63.9,0.00,1,-11.5,-23.6
42.70,brake,361.56,-11.56,0.568,1,957.0,4010.0,0.0,0.0,-16.72,39.99,75,60,-1,-29.2,-20.5,-46.8,-24.9,0.22,-0.21,1.00,0.00,0.00,0.00,-28.19,35.93,100,-1,0,-4,-16.5,0.19,0.569,0.742,-8.91,0,26,0,206.6,315.0,296.6,62.3,0.00,1,5.2,-18.3
42.80,brake,360.70,-10.70,0.563,1,955.4,4013.8,0.0,0.0,-15.47,38.14,76,61,-1,-28.0,-18.7,-46.0,-21.4,0.26,-0.11,1.00,0.00,0.00,0.00,-25.84,34.80,100,-1,0,-1,-17.9,0.31,0.566,0.714,-8.57,0,26,0,208.2,316.5,299.5,59.7,0.00,1,15.7,-12.5
42.90,brake,359.91,-9.91,0.552,1,954.0,4017.5,0.0,0.0,-14.22,36.39,77,61,-1,-26.9,-17.0,-44.3,-18.2,0.25,0.01,1.00,0.00,0.00,0.00,-23.91,33.51,100,-1,0,2,-17.4,0.40,0.558,0.662,-8.21,0,26,0,210.9,317.6,303.2,56.6,0.00,1,24.1,-4.7
43.00,brake,359.18,-9.18,0.537,1,954.0,4017.5,0.0,0.0,-14.22,36.39,77,61,-1,-25.8,-15.4,-42.0,-15.8,0.20,0.11,1.00,0.00,0.00,0.00,-22.30,32.08,100,-1,0,5,-17.4,0.46,0.544,0.669,-7.78,0,26,0,214.1,318.2,307.2,53.4,0.00,1,24.1,-4.7
43.10,brake,358.51,-8.51,0.519,1,951.4,4024.4,0.0,0.0,-11.95,33.40,76,61,-1,-24.8,-14.0,-39.4,-14.7,0.10,0.18,1.00,0.00,0.00,0.00,-20.94,30.70,100,-1,0,8,-11.0,0.46,0.526,0.637,-7.27,0,26,0,217.5,318.3,310.7,50.6,0.00,1,30.1,13.1
43.20,brake,357.92,-7.92,0.498,1,950.3,4027.6,0.0,0.0,-11.07,31.99,74,48,-1,-23.9,-12.9,-36.8,-14.9,-0.04,0.19,0.95,0.00,0.00,0.00,-20.83,28.71,100,-1,0,10,-5.5,0.43,0.503,0.595,-6.67,0,26,0,220.7,317.7,313.4,48.5,0.00,1,27.8,20.9
43.30,brake,357.40,-7.40,0.472,1,949.2,4030.7,0.0,0.0,-10.46,30.59,72,48,-1,-22.9,-12.0,-34.4,-16.4,-0.19,0.16,0.89,0.00,0.00,0.00,-20.65,26.83,100,-1,0,12,1.0,0.34,0.476,0.618,-5.95,0,26,0,223.5,316.6,315.1,47.2,0.00,1,23.4,25.6
43.40,brake,356.95,-6.95,0.449,1,949.2,4030.7,0.0,0.0,-10.46,30.59,70,48,-1,-21.9,-11.4,-32.6,-18.8,-0.33,0.11,0.86,0.00,0.00,0.00,-20.49,25.00,100,-1,0,12,1.0,0.22,0.450,0.627,-5.25,0,26,0,225.6,315.2,315.8,46.7,0.00,1,23.4,25.6
43.50,brake,356.55,-6.55,0.430,1,948.2,4033.7,0.0,0.0,-10.09,29.36,68,48,-1,-20.9,-11.1,-31.0,-21.4,-0.42,0.06,0.86,0.00,0.00,0.00,-20.42,23.38,100,-1,0,12,7.6,0.08,0.431,0.622,-4.61,0,26,0,226.8,314.1,315.9,47.0,0.00,1,18.3,26.1
43.60,brake,356.19,-6.19,0.415,1,946.2,4039.2,0.0,0.0,-9.89,26.54,65,42,-1,-19.7,-11.0,-29.6,-23.8,-0.43,0.04,0.86,0.00,0.00,0.00,-20.74,21.19,100,-1,0,11,18.0,-0.05,0.415,0.605,-4.08,0,26,0,227.0,313.6,315.5,48.0,0.00,1,10.7,12.5
43.70,brake,355.86,-5.86,0.405,1,945.2,4041.8,0.0,0.0,-9.98,25.31,63,42,-1,-18.5,-11.0,-28.1,-25.5,-0.38,0.05,0.85,0.00,0.00,0.00,-20.95,19.07,100,-1,0,9,21.0,-0.17,0.406,0.574,-3.68,0,26,0,226.1,314.1,315.2,49.4,0.00,1,8.4,0.6
43.80,brake,355.55,-5.55,0.398,1,945.2,4041.8,0.0,0.0,-9.98,25.31,61,42,-1,-17.4,-11.1,-26.5,-25.9,-0.25,0.07,0.83,0.00,0.00,0.00,-21.13,17.14,100,-1,0,8,21.0,-0.27,0.400,0.528,-3.44,0,26,0,224.2,315.9,315.0,51.2,0.00,1,8.4,0.6
43.90,brake,355.25,-5.25,0.392,1,944.2,4044.2,0.0,0.0,-10.11,23.91,59,42,-1,-16.1,-11.1,-24.8,-25.1,-0.08,0.08,0.78,0.00,0.00,0.00,-21.09,15.13,100,-1,0,6,22.1,-0.33,0.394,0.462,-3.26,0,26,0,221.6,318.7,315.3,53.1,0.00,1,6.3,-12.3
44.00,brake,354.96,-4.96,0.383,1,943.2,4046.5,0.0,0.0,-10.24,22.68,58,50,-1,-15.0,-11.2,-23.1,-23.2,0.09,0.08,0.71,0.00,0.00,0.00,-20.63,13.91,100,-1,0,4,21.5,-0.35,0.386,0.453,-3.08,0,26,0,218.6,322.4,316.0,55.0,0.00,1,4.2,-24.2
44.10,brake,354.67,-4.67,0.376,1,941.2,4050.8,0.0,0.0,-10.26,20.65,58,50,-1,-13.9,-11.2,-21.9,-20.4,0.23,0.04,0.62,0.00,0.00,0.00,-20.15,12.78,100,-1,0,2,17.5,-0.36,0.379,0.485,-2.93,0,26,0,215.5,326.6,317.3,56.8,0.00,1,-1.2,-36.9
44.20,brake,354.38,-4.38,0.370,1,941.2,4050.8,0.0,0.0,-10.26,20.65,57,50,-1,-13.1,-11.2,-21.1,-17.3,0.32,-0.03,0.55,0.00,0.00,0.00,-19.75,11.91,100,-1,0,0,17.5,-0.35,0.373,0.510,-2.78,0,26,0,212.7,330.7,318.9,58.6,0.00,1,-1.2,-36.9
44.30,brake,354.11,-4.11,0.361,1,939.2,4054.7,0.0,0.0,-9.76,19.07,57,50,-1,-12.2,-11.1,-20.9,-14.2,0.35,-0.10,0.49,0.00,0.00,0.00,-19.21,11.12,100,-1,0,-1,10.2,-0.31,0.363,0.543,-2.54,0,26,0,210.4,334.5,320.9,60.1,0.00,1,-4.7,-32.4
44.40,brake,353.87,-3.87,0.350,1,938.2,4056.6,0.0,0.0,-9.34,18.37,58,60,-1,-11.6,-10.9,-20.9,-11.5,0.32,-0.15,0.45,0.00,0.00,0.00,-18.33,11.08,100,-1,0,-2,6.2,-0.25,0.352,0.543,-2.25,0,26,0,208.8,337.5,323.0,61.1,0.00,1,-3.7,-24.6
44.50,brake,353.65,-3.65,0.343,1,938.2,4056.6,0.0,0.0,-9.34,18.37,59,60,-1,-11.0,-10.6,-21.0,-9.5,0.26,-0.17,0.42,0.00,0.00,0.00,-17.44,10.98,100,-1,0,-3,6.2,-0.18,0.344,0.513,-2.02,0,26,0,207.8,339.7,324.9,61.7,0.00,1,-3.7,-24.6
44.60,brake,353.46,-3.46,0.336,1,937.3,4058.4,0.0,0.0,-8.81,17.93,60,60,-1,-10.6,-10.4,-20.9,-8.3,0.17,-0.14,0.41,0.00,0.00,0.00,-16.62,11.09,100,-1,0,-3,2.7,-0.12,0.336,0.457,-1.81,0,26,0,207.4,341.1,326.5,61.9,0.00,1,-0.5,-15.5
44.70,brake,353.30,-3.30,0.329,1,935.7,4061.8,0.0,0.0,-7.67,17.05,60,60,-1,-10.3,-10.1,-20.3,-7.8,0.07,-0.09,0.39,0.00,0.00,0.00,-15.79,11.16,100,-1,0,-3,-2.9,-0.05,0.329,0.392,-1.61,0,26,0,207.6,341.7,327.7,61.7,0.00,1,7.9,0.8
44.80,brake,353.16,-3.16,0.326,1,935.0,4063.5,0.0,0.0,-7.16,16.61,61,61,-1,-10.1,-9.7,-19.5,-7.8,-0.01,-0.03,0.36,0.00,0.00,0.00,-14.97,11.20,100,-1,0,-2,-5.1,0.01,0.326,0.343,-1.51,0,26,0,208.2,341.9,328.6,61.3,0.00,1,11.3,6.2
44.90,brake,353.04,-3.04,0.323,1,935.0,4063.5,0.0,0.0,-7.16,16.61,61,61,-1,-9.8,-9.3,-18.4,-8.3,-0.07,0.02,0.33,0.00,0.00,0.00,-14.23,11.17,100,-1,0,-2,-5.1,0.07,0.323,0.360,-1.42,0,26,0,209.1,341.7,329.3,60.5,0.00,1,11.3,6.2
45.00,brake,352.93,-2.93,0.319,1,933.7,4066.7,0.0,0.0,-6.35,15.73,62,61,-1,-9.6,-8.9,-17.0,-9.0,-0.11,0.07,0.30,0.00,0.00,0.00,-13.57,11.07,100,-1,0,-1,-7.4,0.11,0.320,0.394,-1.34,0,26,0,210.3,341.4,330.0,59.6,0.00,1,16.2,10.4
45.10,brake,352.84,-2.84,0.313,1,933.0,4068.3,0.0,0.0,-6.09,15.21,62,61,-1,-9.5,-8.5,-15.6,-9.7,-0.14,0.10,0.27,0.00,0.00,0.00,-12.99,10.92,100,-1,0,0,-7.7,0.15,0.313,0.408,-1.20,0,26,0,211.6,341.1,330.9,58.5,0.00,1,16.4,9.5
45.20,brake,352.75,-2.75,0.307,1,932.4,4069.8,0.0,0.0,-5.89,14.77,61,56,-1,-9.3,-8.1,-14.1,-10.3,-0.13,0.11,0.24,0.00,0.00,0.00,-12.61,10.45,100,-1,0,1,-7.3,0.18,0.307,0.405,-1.07,0,26,0,212.9,340.9,331.9,57.4,0.00,1,15.1,7.3
45.30,brake,352.67,-2.67,0.303,1,931.9,4071.2,0.0,0.0,-5.78,14.24,61,56,-1,-9.1,-7.7,-12.8,-10.8,-0.12,0.10,0.22,0.00,0.00,0.00,-12.32,10.05,100,-1,0,2,-6.3,0.19,0.303,0.388,-0.98,0,26,0,214.1,341.0,333.0,56.5,0.00,1,12.5,4.4
45.40,brake,352.59,-2.59,0.298,1,931.9,4071.2,0.0,0.0,-5.78,14.24,60,56,-1,-8.9,-7.4,-11.8,-11.0,-0.09,0.07,0.20,0.00,0.00,0.00,-12.05,9.54,100,-1,0,3,-6.3,0.19,0.299,0.361,-0.89,0,26,0,215.0,341.2,334.1,55.6,0.00,1,12.5,4.4
45.50,brake,352.52,-2.52,0.295,1,930.7,4073.9,0.0,0.0,-5.71,13.27,60,56,-1,-8.7,-7.1,-10.9,-10.9,-0.05,0.04,0.18,0.00,0.00,0.00,-11.84,9.10,100,-1,0,4,-3.0,0.17,0.296,0.334,-0.82,0,26,0,215.7,341.7,335.2,55.0,0.00,1,7.3,-1.7
45.60,brake,352.44,-2.44,0.294,1,930.2,4075.2,0.0,0.0,-5.67,12.92,59,53,-1,-8.4,-6.8,-10.3,-10.6,-0.02,0.02,0.15,0.00,0.00,0.00,-11.71,8.46,100,-1,0,4,-1.0,0.14,0.295,0.310,-0.80,0,26,0,216.0,342.3,336.3,54.6,0.00,1,4.9,-4.3
45.70,brake,352.36,-2.36,0.294,1,929.6,4076.5,0.0,0.0,-5.67,12.48,58,53,-1,-8.2,-6.6,-9.9,-10.1,0.02,-0.01,0.13,0.00,0.00,0.00,-11.60,8.03,100,-1,0,4,1.0,0.11,0.294,0.302,-0.77,0,26,0,216.1,343.1,337.3,54.5,0.00,1,3.1,-6.3
45.80,brake,352.28,-2.28,0.292,1,929.6,4076.5,0.0,0.0,-5.67,12.48,58,53,-1,-7.9,-6.4,-9.5,-9.4,0.04,-0.02,0.11,0.00,0.00,0.00,-11.46,7.52,100,-1,0,4,1.0,0.06,0.292,0.317,-0.74,0,26,0,215.9,343.9,338.3,54.6,0.00,1,3.1,-6.3
45.90,brake,352.20,-2.20,0.291,1,929.0,4077.7,0.0,0.0,-5.60,12.04,57,53,-1,-7.6,-6.2,-9.3,-8.7,0.05,-0.03,0.09,0.00,0.00,0.00,-11.24,7.08,100,-1,0,4,2.8,0.02,0.291,0.323,-0.70,0,26,0,215.5,344.9,339.3,54.9,0.00,1,2.1,-7.2
46.00,brake,352.13,-2.13,0.289,1,927.9,4080.0,0.0,0.0,-5.43,11.34,57,54,-1,-7.4,-6.1,-9.1,-8.1,0.06,-0.04,0.07,0.00,0.00,0.00,-11.03,6.75,100,-1,0,3,5.5,-0.02,0.289,0.325,-0.66,0,26,0,215.0,345.8,340.1,55.3,0.00,1,1.6,-7.2
46.10,brake,352.06,-2.06,0.289,1,927.9,4080.0,0.0,0.0,-5.43,11.34,57,54,-1,-7.1,-6.0,-8.8,-7.5,0.05,-0.03,0.05,0.00,0.00,0.00,-10.78,6.46,100,-1,0,3,5.5,-0.05,0.289,0.321,-0.64,0,26,0,214.4,346.7,340.9,55.9,0.00,1,1.6,-7.2
46.20,brake,351.99,-1.99,0.290,1,926.9,4082.2,0.0,0.0,-5.19,10.81,56,54,-1,-6.9,-6.0,-8.5,-7.0,0.04,-0.02,0.03,0.00,0.00,0.00,-10.57,6.25,100,-1,0,2,6.8,-0.08,0.291,0.313,-0.67,0,26,0,213.7,347.5,341.6,56.5,0.00,1,2.9,-4.8
46.30,brake,351.91,-1.91,0.292,1,926.9,4082.2,0.0,0.0,-5.19,10.81,56,54,-1,-6.6,-5.9,-8.1,-6.6,0.02,-0.01,0.01,0.00,0.00,0.00,-10.34,6.07,100,-1,0,2,6.8,-0.10,0.292,0.304,-0.69,0,26,0,213.0,348.3,342.3,57.2,0.00,1,2.9,-4.8
46.40,brake,351.85,-1.85,0.293,1,925.9,4084.3,0.0,0.0,-4.92,10.20,56,57,-1,-6.4,-5.8,-7.6,-6.3,0.01,-0.00,0.00,0.00,0.00,0.00,-10.07,5.95,100,-1,0,1,6.2,-0.11,0.293,0.298,-0.68,0,26,0,212.4,348.9,342.8,57.8,0.00,1,3.7,-3.1
46.50,brake,351.78,-1.78,0.291,1,925.4,4085.3,0.0,0.0,-4.79,9.93,56,57,-1,-6.1,-5.7,-7.2,-6.1,0.00,0.00,0.00,0.00,0.00,0.00,-9.75,5.76,100,-1,0,0,5.3,-0.11,0.291,0.293,-0.63,0,26,0,211.8,349.5,343.4,58.3,0.00,1,4.0,-2.5
46.60,brake,351.73,-1.73,0.288,1,925.4,4085.3,0.0,0.0,-4.79,9.93,56,57,-1,-5.9,-5.6,-6.7,-5.9,-0.00,0.01,0.00,0.00,0.00,0.00,-9.48,5.63,100,-1,0,-0,5.3,-0.11,0.289,0.292,-0.57,0,26,0,211.3,350.0,343.9,58.8,0.00,1,4.0,-2.5
46.70,brake,351.68,-1.68,0.286,1,924.5,4087.2,0.0,0.0,-4.57,9.49,57,57,-1,-5.7,-5.5,-6.3,-5.8,-0.01,0.01,0.00,0.00,0.00,0.00,-9.23,5.49,100,-1,0,-0,2.6,-0.09,0.286,0.292,-0.51,0,26,0,211.0,350.5,344.4,59.1,0.00,1,4.1,-1.5
46.80,brake,351.63,-1.63,0.283,1,924.5,4087.2,0.0,0.0,-4.57,9.49,57,58,-1,-5.6,-5.4,-5.8,-5.7,-0.01,0.01,0.00,0.00,0.00,0.00,-9.01,5.45,100,-1,0,-1,2.6,-0.06,0.283,0.290,-0.46,0,26,0,210.8,350.9,344.9,59.3,0.00,1,4.1,-1.5
46.90,brake,351.59,-1.59,0.280,1,924.0,4088.2,0.0,0.0,-4.48,9.23,57,58,-1,-5.4,-5.3,-5.5,-5.6,-0.01,0.00,0.00,0.00,0.00,0.00,-8.77,5.32,100,-1,0,-1,1.0,-0.03,0.280,0.285,-0.40,0,26,0,210.8,351.2,345.5,59.3,0.00,1,3.9,-1.2
47.00,brake,351.56,-1.56,0.277,1,923.1,4089.9,0.0,0.0,-4.35,8.79,57,58,-1,-5.3,-5.1,-5.1,-5.4,-0.01,-0.00,0.00,0.00,0.00,0.00,-8.56,5.16,100,-1,0,-0,-1.2,-0.00,0.277,0.282,-0.34,0,26,0,210.9,351.5,346.0,59.2,0.00,1,3.1,-1.2
47.10,brake,351.53,-1.53,0.274,1,922.7,4090.8,0.0,0.0,-4.28,8.53,58,58,-1,-5.2,-5.0,-4.9,-5.3,-0.01,-0.01,0.00,0.00,0.00,0.00,-8.39,5.08,100,-1,0,-0,-1.8,0.02,0.274,0.280,-0.28,0,26,0,211.1,351.8,346.6,59.1,0.00,1,2.9,-1.2
47.20,brake,351.51,-1.51,0.270,1,922.7,4090.8,0.0,0.0,-4.28,8.53,58,58,-1,-5.1,-4.9,-4.6,-5.2,-0.01,-0.01,0.00,0.00,0.00,0.00,-8.19,4.90,100,-1,0,-0,-1.8,0.03,0.270,0.277,-0.22,0,26,0,211.3,352.1,347.1,58.9,0.00,1,2.9,-1.2
47.30,brake,351.49,-1.49,0.266,1,921.9,4092.5,0.0,0.0,-4.17,8.09,58,58,-1,-5.0,-4.7,-4.4,-5.0,-0.01,-0.01,0.00,0.00,0.00,0.00,-8.03,4.80,100,-1,0,0,-2.3,0.05,0.266,0.275,-0.16,0,26,0,211.5,352.3,347.6,58.6,0.00,1,2.6,-1.3
47.40,brake,351.48,-1.48,0.264,1,921.9,4092.5,0.0,0.0,-4.17,8.09,58,58,-1,-4.9,-4.6,-4.1,-4.9,-0.00,-0.01,0.00,0.00,0.00,0.00,-7.85,4.60,100,-1,0,0,-2.3,0.06,0.264,0.268,-0.13,0,26,0,211.8,352.6,348.2,58.4,0.00,1,2.6,-1.3
47.50,brake,351.46,-1.46,0.265,1,921.4,4093.3,0.0,0.0,-4.11,7.91,58,58,-1,-4.8,-4.5,-3.8,-4.7,-0.00,0.01,0.00,0.00,0.00,0.00,-7.70,4.49,100,-1,0,1,-2.5,0.06,0.265,0.267,-0.17,0,26,0,212.0,353.0,348.9,58.1,0.00,1,3.2,-1.7
47.60,brake,351.42,-1.42,0.270,1,921.0,4094.0,0.0,0.0,-4.04,7.73,58,57,-1,-4.7,-4.3,-3.4,-4.5,0.01,0.02,0.00,0.00,0.00,0.00,-7.56,4.36,100,-1,0,1,-2.5,0.07,0.270,0.279,-0.28,0,26,0,212.3,353.4,349.6,57.8,0.00,1,4.0,-1.9
47.70,brake,351.38,-1.38,0.277,1,920.2,4095.5,0.0,0.0,-3.98,7.38,57,57,-1,-4.6,-4.2,-3.1,-4.2,0.01,0.01,0.00,0.00,0.00,0.00,-7.44,4.22,100,-1,0,1,-2.5,0.08,0.277,0.285,-0.41,0,26,0,212.6,353.8,350.4,57.5,0.00,1,2.4,-2.1
47.80,brake,351.33,-1.33,0.282,1,919.8,4096.3,0.0,0.0,-3.96,7.38,57,57,-1,-4.5,-4.1,-2.9,-4.0,0.01,-0.01,0.00,0.00,0.00,0.00,-7.33,4.07,100,-1,0,2,-2.2,0.08,0.282,0.289,-0.49,0,26,0,212.8,354.2,351.0,57.3,0.00,1,1.3,-2.0
47.90,brake,351.27,-1.27,0.284,1,919.8,4096.3,0.0,0.0,-3.96,7.38,57,57,-1,-4.5,-4.1,-2.8,-3.8,0.01,-0.02,0.00,0.00,0.00,0.00,-7.31,4.07,100,-1,0,2,-2.2,0.08,0.284,0.295,-0.51,0,26,0,213.0,354.4,351.4,57.1,0.00,1,1.3,-2.0
48.00,hold,351.23,-1.23,0.230,1,919.1,4097.7,81.1,-96.5,-3.87,7.03,57,56,-1,-10.5,-10.1,-2.7,-3.6,0.06,0.04,0.00,0.00,0.00,0.00,-7.10,3.78,100,-1,0,0,-0.9,0.03,0.230,0.271,-0.44,0,26,0,213.2,354.6,351.8,56.9,0.00,0,0.8,-1.5
48.10,hold,351.19,-1.19,0.228,1,918.7,4098.4,81.4,-97.2,-3.80,6.86,57,56,-1,-16.5,-16.1,-2.6,-3.5,0.12,0.09,0.00,0.00,0.00,0.00,-7.08,3.78,100,-1,0,0,-0.1,0.02,0.228,0.311,-0.38,0,26,0,213.2,354.6,351.8,56.9,0.00,0,0.6,-0.9
48.20,hold,351.14,-1.14,0.231,1,918.3,4099.1,81.8,-97.9,-3.76,6.68,57,56,-1,-20.0,-20.0,-2.6,-3.5,0.13,0.11,0.00,0.00,0.00,0.00,-6.94,3.65,100,-1,0,0,0.4,0.01,0.231,0.329,-0.42,0,26,0,213.2,354.6,351.8,56.9,0.00,0,-1.0,1.1
48.30,hold,351.08,-1.08,0.244,1,917.9,4099.7,82.2,-98.6,-3.74,6.68,57,56,-1,-20.0,-20.0,-2.8,-3.7,0.10,0.09,0.00,0.00,0.00,0.00,-6.81,3.51,100,-1,0,0,0.9,0.00,0.244,0.321,-0.64,0,26,0,213.2,354.6,351.8,56.9,0.00,0,-3.2,3.5
48.40,hold,350.99,-0.99,0.259,1,917.9,4099.7,82.6,-99.2,-3.74,6.68,57,56,-1,-20.0,-20.0,-3.2,-4.1,0.06,0.05,0.00,0.00,0.00,0.00,-6.80,3.52,100,-1,0,1,0.9,-0.01,0.259,0.306,-0.89,0,26,0,213.0,353.9,350.6,57.1,0.00,0,-3.2,3.5
48.50,hold,350.88,-0.88,0.276,1,917.6,4100.4,82.9,-99.9,-3.69,6.68,56,56,-1,-20.0,-20.0,-3.8,-4.8,0.02,0.02,0.00,0.00,0.00,0.00,-6.77,3.53,100,-1,0,1,1.2,-0.01,0.276,0.291,-1.15,0,26,0,213.0,353.9,350.6,57.1,0.00,0,-5.6,6.2
48.60,hold,350.75,-0.75,0.291,1,916.8,4101.7,83.3,-100.6,-3.60,6.33,56,56,-1,-20.0,-20.0,-4.6,-5.7,-0.02,-0.02,0.00,0.00,0.00,0.00,-6.63,3.41,100,-1,0,1,1.7,-0.02,0.291,0.304,-1.33,0,26,0,213.0,353.9,350.6,57.1,0.00,0,-9.1,10.2
48.70,hold,350.62,-0.62,0.300,1,916.8,4101.7,83.7,-101.2,-3.60,6.33,56,56,-1,-20.0,-20.0,-5.5,-6.8,-0.05,-0.05,0.00,0.00,0.00,0.00,-6.50,3.28,100,-1,0,1,1.7,-0.02,0.301,0.339,-1.42,0,26,0,213.0,353.9,350.6,57.1,0.00,0,-9.1,10.2
48.80,hold,350.49,-0.49,0.305,1,916.1,4102.9,84.0,-101.8,-3.52,5.98,57,57,-1,-20.0,-20.0,-6.5,-7.9,-0.08,-0.07,0.01,0.00,0.00,0.00,-6.46,3.32,100,-1,0,1,2.1,-0.03,0.305,0.362,-1.40,0,26,0,212.3,348.0,341.5,58.1,0.00,0,-10.1,11.4
48.90,hold,350.37,-0.37,0.307,1,915.8,4103.5,84.4,-102.4,-3.43,5.63,57,57,-1,-20.0,-20.0,-7.5,-9.1,-0.08,-0.06,0.06,0.00,0.00,0.00,-6.22,3.06,100,-1,0,0,2.2,-0.03,0.307,0.363,-1.33,0,26,0,212.3,348.0,341.5,58.1,0.00,0,-8.9,10.1
49.00,hold,350.26,-0.26,0.309,1,915.8,4103.5,84.7,-103.0,-3.43,5.63,57,57,-1,-20.0,-20.0,-8.3,-10.1,-0.07,-0.05,0.10,0.00,0.00,0.00,-5.95,2.83,100,-1,0,0,2.2,-0.04,0.309,0.354,-1.28,0,26,0,212.3,348.0,341.5,58.1,0.00,0,-8.9,10.1
49.10,hold,350.14,-0.14,0.312,1,915.1,4104.6,85.1,-103.5,-3.30,4.92,57,57,-1,-20.0,-20.0,-9.0,-11.0,-0.05,-0.02,0.14,0.00,0.00,0.00,-5.69,2.59,100,-1,0,0,2.3,-0.04,0.312,0.341,-1.23,0,26,0,212.3,348.0,341.5,58.1,0.00,0,-5.6,6.6
49.20,hold,350.02,-0.02,0.316,1,914.8,4105.0,85.4,-104.1,-3.21,4.57,57,58,-1,-20.0,-20.0,-9.5,-11.6,-0.02,-0.00,0.16,0.00,0.00,0.00,-5.43,2.36,100,-1,0,-0,2.0,-0.05,0.316,0.325,-1.20,0,26,0,211.2,342.9,333.1,59.5,0.00,0,-4.2,4.8
49.30,hold,349.92,0.08,0.318,1,914.8,4105.0,85.7,-104.5,-3.21,4.57,58,58,-1,-20.0,-20.0,-9.9,-12.1,0.00,0.02,0.18,0.00,0.00,0.00,-5.16,2.14,100,-1,0,-0,2.0,-0.05,0.318,0.325,-1.15,0,26,0,211.2,342.9,333.1,59.5,0.00,0,-4.2,4.8
49.40,hold,349.81,0.19,0.320,1,914.2,4105.9,86.0,-105.0,-3.08,3.87,58,58,-1,-20.0,-20.0,-10.2,-12.5,0.01,0.02,0.20,0.00,0.00,0.00,-4.91,1.90,100,-1,0,-1,0.9,-0.04,0.320,0.334,-1.08,0,26,0,211.2,342.9,333.1,59.5,0.00,0,-3.1,3.0
49.50,hold,349.71,0.29,0.324,1,914.2,4105.9,86.3,-105.4,-3.08,3.87,58,58,-1,-20.0,-20.0,-10.5,-12.8,0.02,0.02,0.21,0.00,0.00,0.00,-4.66,1.65,100,-1,0,-1,0.9,-0.04,0.324,0.341,-1.05,0,26,0,211.2,342.9,333.1,59.5,0.00,0,-3.1,3.0
49.60,hold,349.61,0.39,0.326,1,913.6,4106.5,86.6,-105.7,-2.94,3.16,58,58,-1,-20.0,-20.0,-10.9,-13.1,0.02,0.01,0.23,0.00,0.00,0.00,-4.41,1.41,100,-1,0,-1,-0.2,-0.03,0.326,0.339,-1.00,0,26,0,210.7,340.9,329.7,60.2,0.00,0,-4.3,3.2
49.70,hold,349.52,0.48,0.326,1,913.6,4106.5,86.9,-106.0,-2.94,3.16,59,58,-1,-20.0,-20.0,-11.3,-13.5,0.01,-0.01,0.25,0.00,0.00,0.00,-4.16,1.17,100,-1,0,-1,-0.2,-0.03,0.326,0.334,-0.91,0,26,0,210.7,340.9,329.7,60.2,0.00,0,-4.3,3.2
49.80,hold,349.44,0.56,0.325,1,913.0,4107.1,87.2,-106.3,-2.79,2.29,59,58,-1,-20.0,-20.0,-11.9,-13.9,0.00,-0.03,0.27,0.00,0.00,0.00,-3.90,0.93,100,-1,0,-2,-1.4,-0.02,0.325,0.337,-0.81,0,26,0,210.7,340.9,329.7,60.2,0.00,0,-5.7,4.5
49.90,hold,349.37,0.63,0.325,1,913.0,4107.1,87.5,-106.6,-2.79,2.29,59,58,-1,-20.0,-20.0,-12.6,-14.3,-0.01,-0.03,0.29,0.00,0.00,0.00,-3.57,0.53,100,-1,0,-2,-1.4,-0.01,0.325,0.342,-0.73,0,26,0,210.7,340.9,329.7,60.2,0.00,0,-5.7,4.5
50.00,hold,349.31,0.69,0.323,1,912.5,4107.4,87.8,-106.8,-2.59,1.41,59,58,-1,-20.0,-20.0,-13.1,-14.8,-0.01,-0.03,0.31,0.00,0.00,0.00,-3.31,0.28,100,-1,0,-2,-1.9,-0.01,0.323,0.340,-0.62,0,26,0,210.8,338.0,325.9,60.2,0.00,0,-4.1,4.9
50.10,hold,349.27,0.73,0.318,1,912.2,4107.5,88.0,-106.9,-2.50,1.05,60,58,-1,-20.0,-20.0,-13.6,-15.3,-0.02,-0.02,0.33,0.00,0.00,0.00,-2.95,-0.10,100,-1,0,-2,-2.2,-0.01,0.318,0.332,-0.48,0,26,0,210.8,338.0,325.9,60.2,0.00,0,-3.2,4.6
50.20,hold,349.24,0.76,0.315,1,912.2,4107.5,88.3,-107.0,-2.50,1.05,60,58,-1,-20.0,-20.0,-14.0,-15.7,-0.01,-0.01,0.35,0.00,0.00,0.00,-2.69,-0.35,100,-1,0,-3,-2.2,-0.01,0.315,0.324,-0.36,0,26,0,210.8,338.0,325.9,60.2,0.00,0,-3.2,4.6
50.30,hold,349.20,0.80,0.316,1,912.0,4107.6,88.5,-107.1,-2.40,0.70,60,58,-1,-20.0,-20.0,-14.3,-16.1,-0.01,-0.01,0.37,0.00,0.00,0.00,-2.42,-0.59,100,-1,0,-3,-2.6,-0.00,0.316,0.324,-0.33,0,26,0,210.8,338.0,325.9,60.2,0.00,0,-2.6,4.2
50.40,hold,349.17,0.83,0.318,1,911.5,4107.6,88.8,-107.1,-2.20,-0.35,60,57,-1,-20.0,-20.0,-14.7,-16.5,-0.01,-0.01,0.39,0.00,0.00,0.00,-2.08,-1.00,100,-1,0,-3,-2.9,-0.00,0.318,0.329,-0.34,0,26,0,211.8,335.4,323.5,59.6,0.00,0,-2.6,4.3
50.50,hold,349.13,0.87,0.321,1,911.3,4107.6,89.0,-107.1,-2.11,-0.70,60,57,-1,-20.0,-20.0,-15.1,-16.8,-0.02,-0.02,0.40,0.00,0.00,0.00,-1.73,-1.40,100,-1,0,-3,-3.0,0.00,0.321,0.334,-0.35,0,26,0,211.8,335.4,323.5,59.6,0.00,0,-2.7,4.3
50.60,hold,349.09,0.91,0.325,1,911.3,4107.6,89.2,-107.1,-2.11,-0.70,60,57,-1,-20.0,-20.0,-15.5,-17.2,-0.02,-0.02,0.42,0.00,0.00,0.00,-1.48,-1.66,100,-1,0,-3,-3.0,0.00,0.325,0.341,-0.37,0,26,0,211.8,335.4,323.5,59.6,0.00,0,-2.7,4.3
50.70,hold,349.06,0.94,0.327,1,911.1,4107.5,89.4,-107.0,-2.02,-1.05,60,57,-1,-20.0,-20.0,-15.8,-17.6,-0.02,-0.02,0.43,0.00,0.00,0.00,-1.23,-1.92,100,-1,0,-3,-3.0,-0.00,0.327,0.342,-0.36,0,26,0,211.8,335.4,323.5,59.6,0.00,0,-2.5,4.1
50.80,hold,349.03,0.97,0.327,1,910.7,4107.1,89.6,-106.8,-1.85,-2.11,60,56,-1,-20.0,-20.0,-16.1,-17.8,-0.01,-0.02,0.45,0.00,0.00,0.00,-0.88,-2.34,100,-1,0,-3,-3.0,0.00,0.327,0.338,-0.32,0,26,0,213.0,333.0,321.9,58.7,0.00,0,-1.6,3.0
50.90,hold,349.00,1.00,0.327,1,910.7,4107.1,89.8,-106.6,-1.85,-2.11,60,56,-1,-20.0,-20.0,-16.4,-18.1,-0.00,-0.01,0.46,0.00,0.00,0.00,-0.54,-2.75,100,-1,0,-3,-3.0,0.00,0.327,0.333,-0.28,0,26,0,213.0,333.0,321.9,58.7,0.00,0,-1.6,3.0
51.00,hold,348.98,1.02,0.328,1,910.5,4106.9,90.0,-106.4,-1.76,-2.46,60,56,-1,-20.0,-19.1,-16.6,-18.2,-0.01,-0.01,0.46,0.00,0.00,0.00,-0.29,-3.01,100,-1,0,-3,-3.0,0.00,0.328,0.333,-0.24,0,26,0,213.0,333.0,321.9,58.7,0.00,0,-1.1,2.4
51.10,hold,348.95,1.05,0.329,1,910.4,4106.6,90.1,-106.1,-1.67,-2.99,60,56,-1,-20.0,-17.6,-16.8,-18.3,-0.02,-0.01,0.47,0.00,0.00,0.00,0.06,-3.42,100,-1,0,-3,-3.0,0.00,0.329,0.340,-0.23,0,26,0,213.0,333.0,321.9,58.7,0.00,0,-0.9,2.1
51.20,hold,348.92,1.08,0.333,1,910.0,4105.9,90.3,-105.8,-1.52,-3.87,60,55,-1,-20.0,-15.8,-17.0,-18.5,-0.04,-0.01,0.48,0.00,0.00,0.00,0.39,-3.84,100,-1,0,-3,-2.8,0.01,0.333,0.355,-0.26,0,26,0,214.3,331.5,321.4,57.7,0.00,0,-1.2,1.7
51.30,hold,348.90,1.10,0.335,1,910.0,4105.9,90.5,-105.4,-1.52,-3.87,59,55,-1,-20.0,-14.6,-17.3,-18.6,-0.05,-0.01,0.49,0.00,0.00,0.00,0.66,-4.10,100,-1,0,-2,-2.8,0.01,0.335,0.360,-0.25,0,26,0,214.3,331.5,321.4,57.7,0.00,0,-1.2,1.7
51.40,hold,348.88,1.12,0.332,1,909.9,4105.4,90.6,-104.9,-1.45,-4.39,59,55,-1,-20.0,-12.9,-17.5,-18.5,-0.05,-0.01,0.49,0.00,0.00,0.00,0.99,-4.52,100,-1,0,-2,-3.0,0.02,0.332,0.358,-0.15,0,26,0,214.3,331.5,321.4,57.7,0.00,0,-1.4,0.5
51.50,hold,348.88,1.12,0.329,1,909.6,4104.4,90.7,-104.5,-1.30,-5.45,59,55,-1,-20.0,-11.3,-17.7,-18.3,-0.05,-0.02,0.49,0.00,0.00,0.00,1.35,-4.93,100,-1,0,-2,-2.9,0.01,0.329,0.354,-0.07,0,26,0,214.3,331.5,321.4,57.7,0.00,0,-1.7,-3.0
51.60,hold,348.87,1.13,0.326,1,909.6,4104.4,90.9,-103.9,-1.30,-5.45,59,54,-1,-20.0,-9.4,-17.9,-17.9,-0.04,-0.02,0.48,0.00,0.00,0.00,1.69,-5.34,100,-1,0,-2,-2.9,0.02,0.326,0.348,0.02,0,26,0,215.1,331.2,322.0,56.7,0.00,0,-1.7,-3.0
51.70,hold,348.88,1.12,0.323,1,909.4,4103.2,91.0,-103.4,-1.14,-6.50,59,54,-1,-20.0,-7.6,-18.2,-17.2,-0.03,-0.02,0.48,0.00,0.00,0.00,2.04,-5.75,100,-1,0,-2,-2.9,0.02,0.323,0.340,0.10,0,26,0,215.1,331.2,322.0,56.7,0.00,0,-2.0,-7.1
51.80,hold,348.89,1.11,0.319,1,909.4,4103.2,91.1,-102.7,-1.14,-6.50,59,54,-1,-20.0,-5.8,-18.4,-16.4,-0.01,-0.02,0.46,0.00,0.00,0.00,2.40,-6.15,100,-1,0,-2,-2.9,0.03,0.319,0.331,0.18,0,26,0,215.1,331.2,322.0,56.7,0.00,0,-2.0,-7.1
51.90,hold,348.90,1.10,0.316,1,909.3,4102.5,91.2,-102.0,-1.05,-7.03,59,54,-1,-20.0,-4.0,-18.5,-15.5,-0.00,-0.02,0.45,0.00,0.00,0.00,2.77,-6.55,100,-1,0,-1,-2.7,0.02,0.316,0.323,0.24,0,26,0,215.1,331.2,322.0,56.7,0.00,0,-1.9,-8.7
52.00,hold,348.92,1.08,0.317,1,909.1,4101.0,91.3,-101.3,-0.81,-7.73,58,54,-1,-20.0,-2.7,-18.7,-14.4,0.00,-0.01,0.43,0.00,0.00,0.00,3.06,-6.78,100,-1,0,-1,-2.2,0.02,0.317,0.324,0.24,0,26,0,215.1,333.7,324.9,55.8,0.00,0,-1.8,-10.0
52.10,hold,348.93,1.07,0.319,1,909.1,4101.0,91.4,-100.5,-0.81,-7.73,58,54,-1,-20.0,-1.5,-18.8,-13.4,0.00,-0.02,0.42,0.00,0.00,0.00,3.37,-7.01,100,-1,0,-1,-2.2,0.02,0.319,0.326,0.21,0,26,0,215.1,333.7,324.9,55.8,0.00,0,-1.8,-10.0
52.20,hold,348.93,1.07,0.321,1,909.0,4100.2,91.5,-99.7,-0.68,-8.09,58,54,-1,-20.0,-0.2,-19.0,-12.3,-0.00,-0.02,0.41,0.00,0.00,0.00,3.68,-7.23,100,-1,0,-1,-2.1,0.02,0.321,0.329,0.18,0,26,0,215.1,333.7,324.9,55.8,0.00,0,-1.9,-10.1
52.30,hold,348.93,1.07,0.323,1,908.9,4098.5,91.5,-98.9,-0.37,-8.79,58,54,-1,-20.0,0.9,-19.2,-11.2,-0.00,-0.02,0.39,0.00,0.00,0.00,4.03,-7.43,100,-1,0,-1,-1.9,0.02,0.323,0.333,0.16,0,26,0,215.1,333.7,324.9,55.8,0.00,0,-2.1,-10.1
52.40,hold,348.93,1.07,0.324,1,908.9,4097.6,91.6,-98.0,-0.15,-9.14,58,54,-1,-20.0,2.2,-19.4,-10.2,-0.01,-0.03,0.38,0.00,0.00,0.00,4.34,-7.65,100,-1,0,-1,-1.9,0.02,0.324,0.339,0.13,0,26,0,214.8,337.0,328.7,55.2,0.00,0,-2.1,-10.3
52.50,hold,348.93,1.07,0.325,1,908.9,4097.6,91.6,-97.1,-0.15,-9.14,58,54,-1,-20.0,3.3,-19.5,-9.1,-0.00,-0.03,0.38,0.00,0.00,0.00,4.72,-7.83,100,-1,0,-1,-1.9,0.02,0.325,0.338,0.14,0,26,0,214.8,337.0,328.7,55.2,0.00,0,-2.1,-10.3
52.60,hold,348.94,1.06,0.323,1,908.9,4096.7,91.6,-96.2,0.07,-9.49,58,54,-1,-20.0,4.4,-19.6,-7.9,-0.00,-0.02,0.37,0.00,0.00,0.00,5.10,-8.00,100,-1,0,-1,-1.9,0.02,0.323,0.331,0.19,0,26,0,214.8,337.0,328.7,55.2,0.00,0,-1.6,-10.8
52.70,hold,348.95,1.05,0.320,1,908.9,4095.7,91.6,-95.2,0.29,-9.75,58,54,-1,-20.0,5.2,-19.7,-6.8,0.01,-0.01,0.35,0.00,0.00,0.00,5.44,-8.09,100,-1,0,-1,-1.6,0.02,0.320,0.327,0.25,0,26,0,214.8,337.0,328.7,55.2,0.00,0,-0.9,-11.2
52.80,hold,348.96,1.04,0.319,1,909.1,4093.7,91.5,-94.2,0.79,-10.20,58,54,-1,-20.0,6.1,-19.7,-5.6,0.01,-0.01,0.34,0.00,0.00,0.00,5.82,-8.17,100,-1,0,-1,-1.0,0.01,0.319,0.325,0.27,0,26,0,214.6,341.0,333.5,54.6,0.00,0,-0.3,-11.3
52.90,hold,348.97,1.03,0.320,1,909.1,4093.7,91.4,-93.2,0.79,-10.20,58,54,-1,-20.0,6.7,-19.7,-4.4,0.01,-0.01,0.34,0.00,0.00,0.00,6.13,-8.18,100,-1,0,-0,-1.0,0.01,0.320,0.326,0.26,0,26,0,214.6,341.0,333.5,54.6,0.00,0,-0.3,-11.3
53.00,hold,348.98,1.02,0.321,1,909.3,4091.6,91.3,-92.2,1.32,-10.63,57,54,-1,-20.0,7.6,-19.7,-3.3,0.01,-0.01,0.33,0.00,0.00,0.00,6.51,-8.25,100,-1,0,-0,-0.8,0.01,0.321,0.327,0.25,0,26,0,214.6,341.0,333.5,54.6,0.00,0,-0.4,-11.0
53.10,hold,348.98,1.02,0.322,1,909.4,4090.6,91.2,-91.1,1.58,-10.81,57,54,-1,-20.0,8.2,-19.7,-2.2,0.01,-0.01,0.33,0.00,0.00,0.00,6.85,-8.24,100,-1,0,-0,-0.7,0.01,0.322,0.329,0.24,0,26,0,214.6,341.0,333.5,54.6,0.00,0,-0.5,-10.9
53.20,hold,348.99,1.01,0.322,1,909.4,4090.6,91.1,-90.1,1.58,-10.81,57,55,-1,-20.0,8.9,-19.8,-1.0,0.01,-0.01,0.33,0.00,0.00,0.00,7.18,-8.23,100,-1,0,-0,-0.7,0.01,0.322,0.331,0.24,0,26,0,214.2,345.3,338.9,54.3,0.00,0,-0.5,-10.9
53.30,hold,348.99,1.01,0.323,1,909.6,4089.5,90.9,-89.0,1.89,-10.90,57,55,-1,-20.0,9.2,-19.8,0.0,0.01,-0.01,0.33,0.00,0.00,0.00,7.51,-8.12,100,-1,0,-0,-0.7,0.01,0.323,0.335,0.23,0,26,0,214.2,345.3,338.9,54.3,0.00,0,-0.6,-10.8
53.40,hold,349.00,1.00,0.324,1,910.1,4087.2,90.7,-87.9,2.50,-11.25,57,55,-1,-20.0,9.7,-19.9,1.1,0.02,-0.02,0.33,0.00,0.00,0.00,7.88,-8.08,100,-1,0,0,-0.7,0.02,0.324,0.337,0.23,0,26,0,214.2,345.3,338.9,54.3,0.00,0,-0.6,-10.3
53.50,hold,349.00,1.00,0.323,1,910.3,4086.1,90.4,-86.7,2.86,-11.34,57,55,-1,-20.0,10.3,-20.0,2.2,0.01,-0.02,0.34,0.00,0.00,0.00,8.26,-8.04,100,-1,0,0,-0.6,0.02,0.323,0.334,0.25,0,26,0,214.2,345.3,338.9,54.3,0.00,0,-0.2,-9.6
53.60,hold,349.02,0.98,0.320,1,910.7,4085.0,90.2,-85.6,3.21,-11.43,57,55,-1,-20.0,10.5,-20.0,3.1,0.01,-0.01,0.34,0.00,0.00,0.00,8.62,-7.90,100,-1,0,0,-0.6,0.02,0.320,0.328,0.31,0,26,0,214.0,349.2,344.2,54.0,0.00,0,0.2,-8.8
53.70,hold,349.04,0.96,0.317,1,910.7,4085.0,89.8,-84.5,3.21,-11.43,56,55,-1,-20.0,10.8,-20.0,4.0,0.00,-0.00,0.34,0.00,0.00,0.00,8.98,-7.76,100,-1,0,1,-0.6,0.02,0.317,0.320,0.37,0,26,0,214.0,349.2,344.2,54.0,0.00,0,0.2,-8.8
53.80,hold,349.07,0.93,0.315,1,911.4,4082.7,89.5,-83.3,3.87,-11.60,56,55,-1,-20.0,11.0,-19.9,4.9,0.00,-0.00,0.35,0.00,0.00,0.00,9.35,-7.61,100,-1,0,1,-0.6,0.03,0.315,0.318,0.40,0,26,0,214.0,349.2,344.2,54.0,0.00,0,0.3,-8.2
53.90,hold,349.09,0.91,0.315,1,911.8,4081.5,89.1,-82.2,4.22,-11.60,56,55,-1,-20.0,11.3,-19.9,5.7,0.01,-0.01,0.35,0.00,0.00,0.00,9.67,-7.48,100,-1,0,1,-0.6,0.03,0.315,0.320,0.39,0,26,0,214.0,349.2,344.2,54.0,0.00,0,0.2,-8.1
54.00,hold,349.11,0.89,0.315,1,911.8,4081.5,88.7,-81.0,4.22,-11.60,56,55,-1,-20.0,11.3,-19.9,6.5,0.01,-0.01,0.36,0.00,0.00,0.00,9.99,-7.25,100,-1,0,1,-0.6,0.03,0.315,0.324,0.38,0,26,0,214.0,352.6,349.1,53.7,0.00,0,0.2,-8.1
54.10,hold,349.13,0.87,0.315,1,912.7,4079.2,88.3,-79.8,4.97,-11.60,56,55,-1,-20.0,11.3,-20.0,7.3,0.02,-0.01,0.37,0.00,0.00,0.00,10.31,-7.02,100,-1,0,1,-0.6,0.04,0.315,0.328,0.37,0,26,0,214.0,352.6,349.1,53.7,0.00,0,-0.1,-7.9
54.20,hold,349.15,0.85,0.316,1,913.2,4078.0,87.8,-78.7,5.32,-11.60,56,55,-1,-20.0,11.1,-20.0,8.1,0.03,-0.01,0.38,0.00,0.00,0.00,10.66,-6.76,100,-1,0,2,-0.5,0.04,0.316,0.333,0.35,0,26,0,214.0,352.6,349.1,53.7,0.00,0,-0.3,-7.7
54.30,hold,349.17,0.83,0.316,1,913.2,4078.0,87.3,-77.5,5.32,-11.60,55,55,-1,-20.0,11.1,-20.1,8.9,0.03,-0.02,0.39,0.00,0.00,0.00,10.97,-6.52,100,-1,0,2,-0.5,0.04,0.316,0.337,0.34,0,26,0,214.0,352.6,349.1,53.7,0.00,0,-0.3,-7.7
54.40,hold,349.18,0.82,0.317,1,913.8,4076.9,86.7,-76.4,5.67,-11.60,55,55,-1,-20.0,11.0,-20.2,9.7,0.04,-0.02,0.40,0.00,0.00,0.00,11.28,-6.28,100,-1,0,2,-0.3,0.04,0.317,0.340,0.32,0,26,0,214.1,355.6,353.4,53.5,0.00,0,-0.4,-7.4
54.50,hold,349.20,0.80,0.317,1,915.0,4074.5,86.1,-75.2,6.50,-11.60,55,55,-1,-20.0,10.7,-20.2,10.3,0.03,-0.02,0.41,0.00,0.00,0.00,11.65,-6.00,100,-1,0,2,0.6,0.04,0.317,0.337,0.32,0,26,0,214.1,355.6,353.4,53.5,0.00,0,0.1,-5.6
54.60,hold,349.23,0.77,0.314,1,915.0,4074.5,85.5,-74.0,6.50,-11.60,55,55,-1,-20.0,10.5,-20.2,10.8,0.02,-0.01,0.42,0.00,0.00,0.00,12.01,-5.72,100,-1,0,2,0.6,0.03,0.314,0.328,0.36,0,26,0,214.1,355.6,353.4,53.5,0.00,0,0.1,-5.6
54.70,hold,349.26,0.74,0.311,1,916.5,4072.2,84.8,-72.9,7.34,-11.43,55,55,-1,-20.0,9.7,-20.2,11.1,0.01,-0.00,0.42,0.00,0.00,0.00,12.26,-5.30,100,-1,0,3,2.2,0.02,0.311,0.318,0.39,0,26,0,214.1,355.6,353.4,53.5,0.00,0,1.2,-3.4
54.80,hold,349.29,0.71,0.310,1,917.2,4071.1,84.0,-71.7,7.73,-11.34,54,55,-1,-20.0,9.4,-20.1,11.4,0.01,-0.00,0.42,0.00,0.00,0.00,12.61,-5.03,100,-1,0,3,2.8,0.01,0.310,0.313,0.40,0,26,0,213.5,357.6,356.4,54.1,0.00,0,1.3,-3.1
54.90,hold,349.33,0.67,0.311,1,917.2,4071.1,83.3,-70.6,7.73,-11.34,54,55,-1,-20.0,8.8,-20.1,11.6,0.01,-0.00,0.42,0.00,0.00,0.00,12.89,-4.71,100,-1,0,3,2.8,-0.00,0.311,0.314,0.37,0,26,0,213.5,357.6,356.4,54.1,0.00,0,1.3,-3.1
55.00,hold,349.36,0.64,0.312,1,918.9,4068.9,82.5,-69.5,8.50,-11.25,54,55,-1,-20.0,8.2,-20.0,11.7,0.01,-0.00,0.43,0.00,0.00,0.00,13.17,-4.39,100,-1,0,3,3.2,-0.00,0.312,0.317,0.34,0,26,0,213.5,357.6,356.4,54.1,0.00,0,1.2,-2.6
55.10,hold,349.38,0.62,0.312,1,918.9,4068.9,81.6,-68.4,8.50,-11.25,54,55,-1,-20.0,7.8,-20.0,11.9,0.02,-0.00,0.43,0.00,0.00,0.00,13.48,-4.15,100,-1,0,3,3.2,-0.01,0.312,0.319,0.31,0,26,0,213.5,357.6,356.4,54.1,0.00,0,1.2,-2.6
55.20,hold,349.41,0.59,0.313,1,919.7,4067.7,80.8,-67.2,8.88,-11.07,54,57,-1,-20.0,6.9,-20.0,12.0,0.02,-0.00,0.43,0.00,0.00,0.00,13.67,-3.82,100,-1,0,3,3.3,-0.01,0.313,0.325,0.28,0,26,0,212.3,359.0,358.4,55.5,0.00,0,1.1,-2.4
55.30,hold,349.43,0.57,0.314,1,921.6,4065.5,79.8,-66.1,9.62,-10.90,54,57,-1,-20.0,6.5,-20.0,12.1,0.03,-0.01,0.43,0.00,0.00,0.00,13.97,-3.62,100,-1,0,3,3.5,-0.02,0.314,0.329,0.25,0,26,0,212.3,359.0,358.4,55.5,0.00,0,0.8,-2.2
55.40,hold,349.45,0.55,0.315,1,922.6,4064.5,78.9,-65.0,9.98,-10.90,54,57,-1,-18.7,5.6,-20.0,12.2,0.04,-0.02,0.43,0.00,0.00,0.00,14.17,-3.28,100,-1,0,3,3.4,-0.02,0.315,0.341,0.22,0,26,0,212.3,359.0,358.4,55.5,0.00,0,0.7,-2.1
55.50,hold,349.47,0.53,0.316,1,923.6,4063.4,77.9,-64.0,10.37,-10.72,55,57,-1,-17.0,5.1,-20.0,12.2,0.05,-0.05,0.43,0.00,0.00,0.00,14.45,-3.09,100,-1,0,3,3.2,-0.02,0.316,0.354,0.19,0,26,0,212.3,359.0,358.4,55.5,0.00,0,0.7,-1.5
55.60,hold,349.48,0.52,0.316,1,924.7,4062.3,76.9,-62.9,10.77,-10.63,55,58,-1,-15.5,4.1,-20.0,12.3,0.05,-0.06,0.43,0.00,0.00,0.00,14.66,-2.77,100,-1,0,2,3.2,-0.02,0.316,0.361,0.19,0,26,0,210.9,360.0,360.0,57.0,0.00,0,1.3,-0.3
55.70,hold,349.51,0.49,0.314,1,924.7,4062.3,75.8,-61.8,10.77,-10.63,55,58,-1,-13.8,3.3,-19.9,12.1,0.04,-0.07,0.43,0.00,0.00,0.00,14.92,-2.52,100,-1,0,2,3.2,-0.02,0.314,0.360,0.22,0,26,0,210.9,360.0,360.0,57.0,0.00,0,1.3,-0.3
55.80,hold,349.54,0.46,0.312,1,926.9,4060.2,74.7,-60.8,11.60,-10.37,55,58,-1,-12.0,2.5,-19.7,11.9,0.03,-0.08,0.42,0.00,0.00,0.00,15.21,-2.26,100,-1,0,2,3.0,-0.02,0.312,0.355,0.25,0,26,0,210.9,360.0,360.0,57.0,0.00,0,3.2,2.7
55.90,hold,349.58,0.42,0.310,1,926.9,4060.2,73.6,-59.7,11.60,-10.37,55,58,-1,-10.4,1.4,-19.4,11.4,0.02,-0.07,0.40,0.00,0.00,0.00,15.44,-1.93,100,-1,0,2,3.0,-0.02,0.310,0.347,0.27,0,26,0,210.9,360.0,360.0,57.0,0.00,0,3.2,2.7
56.00,hold,349.63,0.37,0.307,1,928.1,4059.2,72.4,-58.7,12.00,-10.37,56,59,-1,-8.4,0.8,-18.9,10.8,0.00,-0.07,0.38,0.00,0.00,0.00,15.76,-1.79,100,-1,0,1,2.9,-0.03,0.307,0.336,0.30,0,26,0,209.7,359.8,359.6,58.5,0.00,0,4.5,4.3
56.10,hold,349.69,0.31,0.304,1,929.4,4058.2,71.1,-57.7,12.39,-10.20,56,59,-1,-6.8,-0.2,-18.3,10.1,-0.01,-0.06,0.35,0.00,0.00,0.00,15.98,-1.52,100,-1,0,1,2.6,-0.03,0.304,0.334,0.33,0,26,0,209.7,359.8,359.6,58.5,0.00,0,5.8,5.7
56.20,hold,349.75,0.25,0.298,1,931.9,4056.1,69.9,-56.6,13.14,-10.02,56,59,-1,-4.8,-0.9,-17.5,9.3,-0.02,-0.05,0.32,0.00,0.00,0.00,16.30,-1.38,100,-1,0,1,2.3,-0.03,0.298,0.327,0.39,0,26,0,209.7,359.8,359.6,58.5,0.00,0,9.3,6.7
56.30,hold,349.82,0.18,0.291,1,931.9,4056.1,68.6,-55.6,13.14,-10.02,57,59,-1,-3.3,-1.8,-16.5,8.5,-0.02,-0.03,0.28,0.00,0.00,0.00,16.49,-1.13,100,-1,0,1,2.3,-0.04,0.291,0.311,0.48,0,26,0,209.7,359.8,359.6,58.5,0.00,0,9.3,6.7
56.40,hold,349.90,0.10,0.287,1,934.6,4054.1,67.2,-54.6,13.71,-10.02,57,60,-1,-1.5,-2.3,-15.5,7.8,-0.02,-0.02,0.24,0.00,0.00,0.00,16.74,-1.07,100,-1,0,0,1.7,-0.04,0.287,0.304,0.50,0,26,0,208.9,359.1,358.4,60.0,0.00,0,11.3,6.5
56.50,hold,349.97,0.03,0.285,1,936.0,4053.1,65.9,-53.6,13.95,-9.84,57,60,-1,0.2,-2.7,-14.3,7.1,-0.02,-0.02,0.19,0.00,0.00,0.00,16.95,-1.04,100,-1,0,-0,1.2,-0.04,0.285,0.299,0.50,0,26,0,208.9,359.1,358.4,60.0,0.00,0,12.0,6.4
56.60,hold,350.05,-0.05,0.281,1,937.4,4052.2,64.5,-52.6,14.13,-9.84,58,60,-1,1.6,-3.4,-13.1,6.4,-0.02,-0.01,0.15,0.00,0.00,0.00,17.05,-0.86,100,-1,0,-1,0.5,-0.04,0.281,0.291,0.51,0,26,0,208.9,359.1,358.4,60.0,0.00,0,12.4,6.2
56.70,hold,350.12,-0.12,0.277,1,937.4,4052.2,63.1,-51.7,14.13,-9.84,58,60,-1,3.1,-3.7,-11.8,5.7,-0.02,0.00,0.10,0.00,0.00,0.00,17.20,-0.85,100,-1,0,-1,0.5,-0.03,0.277,0.284,0.52,0,26,0,208.9,359.1,358.4,60.0,0.00,0,12.4,6.2
56.80,hold,350.19,-0.19,0.273,1,940.3,4050.2,61.6,-50.7,14.39,-9.67,58,60,-1,4.5,-3.8,-10.5,5.1,-0.01,0.00,0.06,0.00,0.00,0.00,17.32,-0.86,100,-1,0,-1,-0.7,-0.02,0.273,0.280,0.55,0,26,0,208.7,359.3,358.7,60.8,0.00,0,12.7,5.6
56.90,hold,350.27,-0.27,0.268,1,940.3,4050.2,60.2,-49.7,14.39,-9.67,59,60,-1,5.6,-4.4,-9.3,4.6,-0.01,0.01,0.01,0.00,0.00,0.00,17.32,-0.73,100,-1,0,-1,-0.7,-0.02,0.268,0.276,0.58,0,26,0,208.7,359.3,358.7,60.8,0.00,0,12.7,5.6
57.00,hold,350.35,-0.35,0.264,1,943.2,4048.3,58.7,-48.7,14.55,-9.67,59,60,-1,6.9,-4.5,-8.0,4.1,-0.01,-0.00,0.00,0.00,0.00,0.00,17.41,-0.75,100,-1,0,-2,-1.2,-0.01,0.264,0.267,0.60,0,26,0,208.7,359.3,358.7,60.8,0.00,0,11.9,4.3
57.10,hold,350.41,-0.41,0.264,1,943.2,4048.3,57.3,-47.8,14.55,-9.67,59,60,-1,8.1,-4.5,-6.8,3.7,0.01,-0.01,0.00,0.00,0.00,0.00,17.45,-0.79,100,-1,0,-2,-1.2,-0.01,0.264,0.268,0.54,0,26,0,208.7,359.3,358.7,60.8,0.00,0,11.9,4.3
57.20,hold,350.46,-0.46,0.267,1,944.7,4047.3,55.8,-46.8,14.55,-9.49,59,60,-1,8.9,-4.9,-5.6,3.4,0.02,-0.00,0.00,0.00,0.00,0.00,17.36,-0.67,100,-1,0,-2,-1.3,-0.01,0.267,0.276,0.42,0,26,0,209.1,0.2,0.4,60.7,0.00,0,12.0,3.3
57.30,hold,350.49,-0.49,0.273,1,946.1,4046.4,54.4,-45.9,14.52,-9.49,59,60,-1,9.9,-4.8,-4.4,3.0,0.01,0.01,0.00,0.00,0.00,0.00,17.34,-0.71,100,-1,0,-2,-1.4,-0.01,0.273,0.281,0.26,0,26,0,209.1,0.2,0.4,60.7,0.00,0,12.3,3.1
57.40,hold,350.51,-0.51,0.279,1,947.6,4045.4,52.9,-44.9,14.50,-9.32,59,60,-1,10.6,-5.2,-3.1,2.6,0.00,0.01,0.00,0.00,0.00,0.00,17.23,-0.60,100,-1,0,-2,-1.5,-0.01,0.279,0.283,0.13,0,26,0,209.1,0.2,0.4,60.7,0.00,0,12.5,3.9
57.50,hold,350.53,-0.53,0.280,1,950.4,4043.6,51.5,-44.0,14.37,-9.14,59,60,-1,11.3,-5.2,-1.9,2.1,-0.01,0.00,0.00,0.00,0.00,0.00,17.12,-0.58,100,-1,0,-2,-1.6,-0.01,0.280,0.287,0.07,0,26,0,209.1,0.2,0.4,60.7,0.00,0,11.4,5.1
57.60,hold,350.55,-0.55,0.278,1,951.9,4042.7,50.1,-43.1,14.28,-8.96,59,59,-1,12.0,-5.3,-0.8,1.6,-0.02,-0.00,0.00,0.00,0.00,0.00,17.02,-0.54,100,-1,0,-2,-1.7,-0.01,0.278,0.287,0.09,0,26,0,209.7,1.2,2.1,60.3,0.00,0,11.2,5.1
57.70,hold,350.57,-0.57,0.273,1,951.9,4042.7,48.6,-42.2,14.28,-8.96,59,59,-1,12.6,-5.6,0.3,1.1,-0.02,-0.00,0.00,0.00,0.00,0.00,16.86,-0.43,100,-1,0,-2,-1.7,-0.01,0.273,0.282,0.15,0,26,0,209.7,1.2,2.1,60.3,0.00,0,11.2,5.1
57.80,hold,350.61,-0.61,0.268,1,953.3,4041.8,47.2,-41.3,14.17,-8.96,59,59,-1,13.3,-5.4,1.4,0.6,-0.03,-0.00,0.00,0.00,0.00,0.00,16.76,-0.48,100,-1,0,-2,-1.7,-0.01,0.268,0.281,0.22,0,26,0,209.7,1.2,2.1,60.3,0.00,0,10.9,5.0
57.90,hold,350.63,-0.63,0.266,1,954.7,4040.9,45.8,-40.4,14.02,-8.79,59,59,-1,13.6,-5.6,2.5,0.2,-0.02,0.00,0.00,0.00,0.00,0.00,16.54,-0.41,100,-1,0,-2,-1.8,-0.01,0.266,0.274,0.23,0,26,0,209.7,1.2,2.1,60.3,0.00,0,10.7,4.6
58.00,hold,350.65,-0.65,0.269,1,957.5,4039.2,44.4,-39.5,13.69,-8.61,59,59,-1,14.2,-5.4,3.5,-0.1,-0.01,0.00,0.00,0.00,0.00,0.00,16.41,-0.47,100,-1,0,-2,-1.9,-0.01,0.269,0.272,0.15,0,26,0,210.3,1.9,3.3,59.7,0.00,0,10.3,2.2
58.10,hold,350.65,-0.65,0.272,1,957.5,4039.2,43.0,-38.7,13.69,-8.61,59,59,-1,14.4,-5.5,4.6,-0.4,0.01,0.00,0.00,0.00,0.00,0.00,16.17,-0.38,100,-1,0,-2,-1.9,-0.00,0.272,0.278,0.06,0,26,0,210.3,1.9,3.3,59.7,0.00,0,10.3,2.2
58.20,hold,350.65,-0.65,0.276,1,960.2,4037.5,41.7,-37.8,13.29,-8.44,59,59,-1,14.7,-5.7,5.6,-0.5,0.03,0.01,0.00,0.00,0.00,0.00,15.93,-0.31,100,-1,0,-2,-1.9,-0.00,0.276,0.290,-0.02,0,26,0,210.3,1.9,3.3,59.7,0.00,0,9.8,0.4
58.30,hold,350.64,-0.64,0.277,1,960.2,4037.5,40.3,-37.0,13.29,-8.44,59,59,-1,15.1,-5.4,6.5,-0.5,0.03,0.01,0.00,0.00,0.00,0.00,15.74,-0.41,100,-1,0,-2,-1.9,-0.00,0.277,0.292,-0.05,0,26,0,210.3,1.9,3.3,59.7,0.00,0,9.8,0.4
58.40,hold,350.64,-0.64,0.275,1,962.8,4035.8,39.0,-36.2,12.81,-8.09,59,58,-1,15.1,-5.5,7.5,-0.6,0.02,0.01,0.00,0.00,0.00,0.00,15.44,-0.35,100,-1,0,-2,-1.9,0.00,0.275,0.288,-0.02,0,26,0,210.9,3.9,6.5,58.9,0.00,0,8.6,1.2
58.50,hold,350.63,-0.63,0.275,1,964.0,4035.0,37.7,-35.3,12.57,-8.00,59,58,-1,15.1,-5.5,8.3,-0.8,0.01,0.00,0.00,0.00,0.00,0.00,15.15,-0.30,100,-1,0,-2,-1.9,0.00,0.275,0.282,-0.03,0,26,0,210.9,3.9,6.5,58.9,0.00,0,7.8,1.8
58.60,hold,350.63,-0.63,0.276,1,964.0,4035.0,36.5,-34.5,12.57,-8.00,59,58,-1,15.2,-5.4,9.1,-1.0,0.00,-0.00,0.00,0.00,0.00,0.00,14.89,-0.33,100,-1,0,-2,-1.9,0.00,0.276,0.277,-0.05,0,26,0,210.9,3.9,6.5,58.9,0.00,0,7.8,1.8
58.70,hold,350.63,-0.63,0.275,1,965.3,4034.2,35.2,-33.7,12.30,-7.82,59,58,-1,15.1,-5.4,9.8,-1.2,-0.00,-0.00,0.00,0.00,0.00,0.00,14.58,-0.29,100,-1,0,-2,-1.9,0.00,0.275,0.276,-0.04,0,26,0,210.9,3.9,6.5,58.9,0.00,0,7.2,2.1
58.80,hold,350.63,-0.63,0.272,1,967.6,4032.7,34.0,-33.0,11.71,-7.56,59,58,-1,15.1,-5.2,10.5,-1.5,-0.01,0.00,0.02,0.00,0.00,0.00,14.27,-0.35,100,-1,0,-1,-1.9,0.01,0.272,0.275,0.01,0,26,0,211.4,5.0,8.1,58.1,0.00,0,6.9,2.2
58.90,hold,350.63,-0.63,0.268,1,968.8,4032.0,32.9,-32.2,11.40,-7.38,58,58,-1,14.9,-5.2,11.1,-1.7,-0.01,0.01,0.04,0.00,0.00,0.00,13.94,-0.32,100,-1,0,-1,-1.9,0.01,0.268,0.274,0.06,0,26,0,211.4,5.0,8.1,58.1,0.00,0,6.6,2.2
59.00,hold,350.64,-0.64,0.265,1,968.8,4032.0,31.7,-31.5,11.40,-7.38,58,58,-1,14.6,-5.2,11.8,-2.0,-0.01,0.01,0.06,0.00,0.00,0.00,13.58,-0.30,100,-1,0,-1,-1.9,0.01,0.265,0.274,0.10,0,26,0,211.4,5.0,8.1,58.1,0.00,0,6.6,2.2
59.10,hold,350.65,-0.65,0.263,1,969.9,4031.2,30.6,-30.7,11.07,-7.21,58,58,-1,14.3,-5.1,12.4,-2.2,-0.01,0.01,0.09,0.00,0.00,0.00,13.21,-0.31,100,-1,0,-1,-1.9,0.01,0.263,0.272,0.11,0,26,0,211.4,5.0,8.1,58.1,0.00,0,6.2,1.9
59.20,hold,350.65,-0.65,0.267,1,972.0,4029.8,29.5,-30.0,10.48,-6.94,58,57,-1,14.0,-5.1,12.9,-2.4,-0.00,0.01,0.10,0.00,0.00,0.00,12.86,-0.29,100,-1,0,-1,-1.9,0.02,0.267,0.271,0.03,0,26,0,212.0,5.8,9.2,57.2,0.00,0,4.7,0.8
59.30,hold,350.63,-0.63,0.276,1,972.0,4029.8,28.5,-29.3,10.48,-6.94,58,57,-1,13.9,-4.9,13.4,-2.5,0.00,0.00,0.12,0.00,0.00,0.00,12.57,-0.34,100,-1,0,-1,-1.9,0.02,0.276,0.279,-0.15,0,26,0,212.0,5.8,9.2,57.2,0.00,0,4.7,0.8
59.40,hold,350.60,-0.60,0.284,1,974.1,4028.5,27.4,-28.7,9.84,-6.68,58,57,-1,13.6,-4.9,13.7,-2.6,0.01,-0.01,0.13,0.00,0.00,0.00,12.23,-0.32,100,-1,0,-1,-1.8,0.02,0.284,0.289,-0.30,0,26,0,212.0,5.8,9.2,57.2,0.00,0,2.9,0.5
59.50,hold,350.56,-0.56,0.288,1,975.0,4027.8,26.4,-28.0,9.49,-6.50,58,57,-1,13.3,-4.5,14.0,-2.7,0.00,-0.01,0.14,0.00,0.00,0.00,11.89,-0.41,100,-1,0,-1,-1.8,0.02,0.288,0.292,-0.35,0,26,0,212.0,5.8,9.2,57.2,0.00,0,2.7,0.5
59.60,hold,350.53,-0.53,0.287,1,975.0,4027.8,25.5,-27.3,9.49,-6.50,58,56,-1,12.8,-4.4,14.2,-2.8,-0.00,-0.00,0.15,0.00,0.00,0.00,11.50,-0.41,100,-1,0,-1,-1.8,0.03,0.287,0.289,-0.32,0,26,0,212.6,6.5,10.0,56.4,0.00,0,2.7,0.5
59.70,hold,350.50,-0.50,0.286,1,976.8,4026.6,24.6,-26.7,8.79,-6.15,58,56,-1,12.3,-4.3,14.5,-2.9,-0.00,0.00,0.16,0.00,0.00,0.00,11.11,-0.43,100,-1,0,-0,-1.8,0.03,0.286,0.289,-0.29,0,26,0,212.6,6.5,10.0,56.4,0.00,0,2.4,0.6
59.80,hold,350.48,-0.48,0.285,1,977.7,4026.0,23.7,-26.1,8.44,-5.98,57,56,-1,11.8,-4.2,14.7,-3.0,-0.01,0.01,0.17,0.00,0.00,0.00,10.72,-0.44,100,-1,0,-0,-1.8,0.03,0.285,0.292,-0.26,0,26,0,212.6,6.5,10.0,56.4,0.00,0,2.2,0.6
59.90,hold,350.45,-0.45,0.284,1,977.7,4026.0,22.8,-25.5,8.44,-5.98,57,56,-1,11.2,-4.1,14.9,-3.1,-0.01,0.02,0.17,0.00,0.00,0.00,10.33,-0.47,100,-1,0,-0,-1.8,0.03,0.285,0.294,-0.23,0,26,0,212.6,6.5,10.0,56.4,0.00,0,2.2,0.6
60.00,hold,350.43,-0.43,0.284,1,979.3,4024.8,22.0,-24.9,7.73,-5.63,57,56,-1,10.6,-3.9,15.1,-3.2,-0.01,0.02,0.18,0.00,0.00,0.00,9.94,-0.48,100,-1,0,-0,-1.8,0.04,0.284,0.297,-0.20,0,26,0,213.2,6.9,10.4,55.6,0.00,0,1.9,0.7
60.10,hold,350.42,-0.42,0.283,1,980.0,4024.3,21.2,-24.3,7.38,-5.45,57,56,-1,10.0,-3.8,15.3,-3.4,-0.01,0.03,0.19,0.00,0.00,0.00,9.55,-0.49,100,-1,0,0,-1.7,0.04,0.283,0.300,-0.17,0,26,0,213.2,6.9,10.4,55.6,0.00,0,1.7,0.7
60.20,hold,350.40,-0.40,0.282,1,980.7,4023.8,20.5,-23.8,7.03,-5.27,57,56,-1,9.4,-3.7,15.4,-3.5,-0.02,0.04,0.19,0.00,0.00,0.00,9.16,-0.52,100,-1,0,0,-1.6,0.04,0.282,0.303,-0.15,0,26,0,213.2,6.9,10.4,55.6,0.00,0,1.2,0.5
60.30,hold,350.39,-0.39,0.282,1,981.4,4023.2,19.8,-23.3,6.68,-5.10,57,56,-1,8.7,-3.5,15.5,-3.5,-0.01,0.03,0.20,0.00,0.00,0.00,8.77,-0.55,100,-1,0,0,-1.3,0.04,0.282,0.301,-0.15,0,26,0,213.2,6.9,10.4,55.6,0.00,0,0.1,-0.0
60.40,hold,350.37,-0.37,0.285,1,982.1,4022.7,19.1,-22.7,6.33,-4.92,57,55,-1,8.1,-3.4,15.5,-3.6,-0.01,0.03,0.19,0.00,0.00,0.00,8.38,-0.57,100,-1,0,1,-0.9,0.04,0.285,0.298,-0.20,0,26,0,213.8,7.0,10.4,55.0,0.00,0,-1.1,-0.7
60.50,hold,350.34,-0.34,0.289,1,982.1,4022.7,18.4,-22.2,6.33,-4.92,56,55,-1,7.4,-3.2,15.3,-3.5,0.00,0.02,0.19,0.00,0.00,0.00,8.00,-0.59,100,-1,0,1,-0.9,0.03,0.289,0.296,-0.25,0,26,0,213.8,7.0,10.4,55.0,0.00,0,-1.1,-0.7
60.60,hold,350.31,-0.31,0.291,1,983.2,4021.8,17.8,-21.8,5.63,-4.57,56,55,-1,6.7,-3.1,15.1,-3.4,0.00,0.01,0.18,0.00,0.00,0.00,7.61,-0.62,100,-1,0,1,0.1,0.02,0.291,0.298,-0.28,0,26,0,213.8,7.0,10.4,55.0,0.00,0,-2.4,-0.8
60.70,hold,350.29,-0.29,0.290,1,983.2,4021.8,17.3,-21.3,5.63,-4.57,56,55,-1,6.0,-2.9,14.9,-3.3,0.00,0.01,0.17,0.00,0.00,0.00,7.22,-0.66,100,-1,0,1,0.1,0.02,0.290,0.297,-0.26,0,26,0,213.8,7.0,10.4,55.0,0.00,0,-2.4,-0.8
60.80,hold,350.27,-0.27,0.290,1,983.8,4021.3,16.7,-20.8,5.27,-4.39,56,55,-1,5.2,-2.7,14.6,-3.2,0.00,0.01,0.16,0.00,0.00,0.00,6.83,-0.69,100,-1,0,1,0.4,0.01,0.290,0.296,-0.23,0,26,0,213.9,6.8,10.0,55.0,0.00,0,-2.8,-0.8
60.90,hold,350.25,-0.25,0.289,1,984.7,4020.5,16.2,-20.4,4.61,-4.13,56,55,-1,4.6,-2.3,14.3,-3.1,0.00,0.01,0.15,0.00,0.00,0.00,6.49,-0.81,100,-1,0,1,0.8,0.01,0.289,0.294,-0.21,0,26,0,213.9,6.8,10.0,55.0,0.00,0,-3.5,-0.7
61.00,hold,350.23,-0.23,0.288,1,984.7,4020.5,15.8,-20.0,4.61,-4.13,56,55,-1,3.9,-2.2,13.9,-3.0,0.00,0.01,0.14,0.00,0.00,0.00,6.14,-0.83,100,-1,0,1,0.8,0.01,0.288,0.293,-0.18,0,26,0,213.9,6.8,10.0,55.0,0.00,0,-3.5,-0.7
61.10,hold,350.22,-0.22,0.287,1,985.2,4020.1,15.3,-19.6,4.31,-4.04,56,55,-1,3.4,-1.8,13.6,-3.0,-0.00,0.01,0.13,0.00,0.00,0.00,5.84,-0.92,100,-1,0,1,0.8,0.01,0.287,0.293,-0.15,0,26,0,213.9,6.8,10.0,55.0,0.00,0,-3.6,-0.7
61.20,hold,350.21,-0.21,0.286,1,986.0,4019.3,14.9,-19.2,3.71,-3.69,56,55,-1,2.6,-1.7,13.2,-2.9,-0.00,0.01,0.12,0.00,0.00,0.00,5.48,-0.94,100,-1,0,1,0.9,0.01,0.286,0.293,-0.11,0,26,0,213.7,6.1,9.0,55.4,0.00,0,-3.9,-0.6
61.30,hold,350.21,-0.21,0.284,1,986.3,4019.0,14.5,-18.8,3.45,-3.52,56,55,-1,2.0,-1.6,12.8,-2.8,-0.00,0.02,0.10,0.00,0.00,0.00,5.15,-0.96,100,-1,0,1,0.9,0.01,0.284,0.292,-0.08,0,26,0,213.7,6.1,9.0,55.4,0.00,0,-4.1,-0.5
61.40,hold,350.21,-0.21,0.282,1,986.3,4019.0,14.2,-18.5,3.45,-3.52,56,55,-1,1.3,-1.5,12.4,-2.7,-0.01,0.02,0.09,0.00,0.00,0.00,4.83,-0.96,100,-1,0,1,0.9,0.01,0.282,0.291,-0.04,0,26,0,213.7,6.1,9.0,55.4,0.00,0,-4.1,-0.5
61.50,hold,350.21,-0.21,0.280,1,986.6,4018.6,13.9,-18.1,3.16,-3.52,56,55,-1,0.9,-1.0,12.0,-2.6,-0.01,0.02,0.07,0.00,0.00,0.00,4.60,-1.12,100,-1,0,1,0.9,0.01,0.280,0.291,-0.01,0,26,0,213.7,6.1,9.0,55.4,0.00,0,-4.1,-0.5
61.60,hold,350.22,-0.22,0.278,1,987.2,4018.0,13.6,-17.8,2.66,-3.16,56,56,-1,0.2,-0.9,11.5,-2.6,-0.01,0.02,0.06,0.00,0.00,0.00,4.30,-1.11,100,-1,0,1,0.9,0.01,0.278,0.289,0.03,0,26,0,213.5,5.1,7.8,55.8,0.00,0,-4.4,-0.4
61.70,hold,350.23,-0.23,0.275,1,987.5,4017.6,13.3,-17.5,2.44,-3.16,56,56,-1,-0.5,-0.9,11.1,-2.5,-0.01,0.02,0.05,0.00,0.00,0.00,3.98,-1.11,100,-1,0,1,0.9,0.01,0.275,0.287,0.07,0,26,0,213.5,5.1,7.8,55.8,0.00,0,-4.7,-0.6
61.80,hold,350.24,-0.24,0.274,1,987.5,4017.6,13.0,-17.1,2.44,-3.16,56,56,-1,-0.8,-0.4,10.6,-2.4,-0.01,0.01,0.03,0.00,0.00,0.00,3.80,-1.24,100,-1,0,1,0.9,0.01,0.274,0.282,0.09,0,26,0,213.5,5.1,7.8,55.8,0.00,0,-4.7,-0.6
61.90,hold,350.24,-0.24,0.275,1,987.7,4017.3,12.8,-16.8,2.22,-2.99,56,56,-1,-1.4,-0.4,10.1,-2.3,-0.00,0.00,0.01,0.00,0.00,0.00,3.52,-1.21,100,-1,0,1,0.8,0.01,0.275,0.276,0.06,0,26,0,213.5,5.1,7.8,55.8,0.00,0,-5.4,-1.1
62.00,hold,350.25,-0.25,0.275,1,988.1,4016.8,12.6,-16.6,1.82,-2.81,56,56,-1,-1.9,-0.2,9.4,-2.1,0.00,-0.01,0.00,0.00,0.00,0.00,3.29,-1.27,100,-1,0,1,0.8,0.01,0.275,0.281,0.04,0,26,0,213.3,4.2,6.3,56.3,0.00,0,-6.5,-2.0
62.10,hold,350.25,-0.25,0.275,1,988.1,4016.8,12.4,-16.3,1.82,-2.81,56,56,-1,-2.3,-0.0,8.8,-1.9,0.01,-0.02,0.00,0.00,0.00,0.00,3.09,-1.30,100,-1,0,1,0.8,0.01,0.275,0.284,0.04,0,26,0,213.3,4.2,6.3,56.3,0.00,0,-6.5,-2.0
62.20,hold,350.26,-0.26,0.271,1,988.3,4016.5,12.2,-16.0,1.65,-2.64,56,56,-1,-2.9,-0.1,8.1,-1.6,0.01,-0.02,0.00,0.00,0.00,0.00,2.85,-1.25,100,-1,0,1,0.8,0.01,0.271,0.282,0.09,0,26,0,213.3,4.2,6.3,56.3,0.00,0,-6.5,-1.9
62.30,hold,350.27,-0.27,0.269,1,988.5,4016.0,12.1,-15.7,1.30,-2.55,56,56,-1,-3.1,0.3,7.5,-1.5,0.00,-0.02,0.00,0.00,0.00,0.00,2.70,-1.35,100,-1,0,1,0.7,0.01,0.269,0.276,0.12,0,26,0,213.3,4.2,6.3,56.3,0.00,0,-5.9,-1.0
62.40,hold,350.28,-0.28,0.270,1,988.5,4016.0,12.0,-15.5,1.30,-2.55,56,56,-1,-3.6,0.4,6.9,-1.4,-0.01,-0.01,0.00,0.00,0.00,0.00,2.51,-1.38,100,-1,0,1,0.7,0.01,0.270,0.277,0.10,0,26,0,213.1,3.1,4.8,56.7,0.00,0,-5.9,-1.0
62.50,hold,350.29,-0.29,0.271,1,988.7,4015.7,11.8,-15.2,1.16,-2.46,56,56,-1,-3.9,0.5,6.4,-1.3,-0.01,0.00,0.00,0.00,0.00,0.00,2.35,-1.38,100,-1,0,1,0.7,0.01,0.271,0.278,0.05,0,26,0,213.1,3.1,4.8,56.7,0.00,0,-5.3,-0.6
62.60,hold,350.29,-0.29,0.274,1,988.8,4015.5,11.7,-15.0,1.05,-2.46,56,56,-1,-4.1,0.8,6.0,-1.2,-0.01,0.01,0.00,0.00,0.00,0.00,2.26,-1.44,100,-1,0,1,0.7,0.01,0.274,0.284,-0.00,0,26,0,213.1,3.1,4.8,56.7,0.00,0,-4.4,-0.8
62.70,hold,350.28,-0.28,0.274,1,989.0,4015.0,11.6,-14.8,0.81,-2.29,56,56,-1,-4.5,0.6,5.6,-1.1,-0.00,0.01,0.00,0.00,0.00,0.00,2.07,-1.36,100,-1,0,1,0.7,0.01,0.274,0.279,-0.02,0,26,0,213.1,3.1,4.8,56.7,0.00,0,-5.0,-1.9
62.80,hold,350.28,-0.28,0.275,1,989.0,4014.8,11.5,-14.5,0.73,-2.29,56,56,-1,-4.7,0.9,5.0,-0.8,0.01,-0.00,0.00,0.00,0.00,0.00,1.95,-1.44,100,-1,0,1,0.6,0.01,0.275,0.278,-0.03,0,26,0,212.9,2.4,3.7,57.0,0.00,0,-5.5,-2.2
62.90,hold,350.28,-0.28,0.274,1,989.0,4014.8,11.5,-14.3,0.73,-2.29,56,56,-1,-4.8,1.2,4.5,-0.6,0.01,-0.01,0.00,0.00,0.00,0.00,1.88,-1.49,100,-1,0,1,0.6,0.01,0.274,0.281,-0.01,0,26,0,212.9,2.4,3.7,57.0,0.00,0,-5.5,-2.2
63.00,hold,350.28,-0.28,0.270,1,989.1,4014.6,11.4,-14.1,0.64,-2.11,56,56,-1,-5.3,1.0,3.9,-0.4,0.01,-0.01,0.00,0.00,0.00,0.00,1.71,-1.39,100,-1,0,1,0.6,0.01,0.270,0.280,0.05,0,26,0,212.9,2.4,3.7,57.0,0.00,0,-5.6,-2.2
63.10,hold,350.29,-0.29,0.268,1,989.1,4014.4,11.4,-13.9,0.55,-2.11,56,56,-1,-5.4,1.2,3.4,-0.2,0.00,-0.01,0.00,0.00,0.00,0.00,1.64,-1.44,100,-1,0,1,0.6,0.01,0.268,0.274,0.08,0,26,0,212.9,2.4,3.7,57.0,0.00,0,-5.5,-1.9
63.20,hold,350.29,-0.29,0.268,1,989.2,4014.2,11.3,-13.7,0.48,-2.11,56,56,-1,-5.5,1.4,2.9,-0.1,-0.01,-0.01,0.00,0.00,0.00,0.00,1.58,-1.48,100,-1,0,1,0.6,0.01,0.268,0.273,0.07,0,26,0,212.7,1.8,2.7,57.2,0.00,0,-5.0,-1.2
63.30,hold,350.29,-0.29,0.269,1,989.2,4014.0,11.3,-13.5,0.44,-1.93,56,56,-1,-5.8,1.1,2.5,-0.0,-0.01,0.01,0.00,0.00,0.00,0.00,1.44,-1.36,100,-1,0,1,0.6,0.01,0.269,0.274,0.04,0,26,0,212.7,1.8,2.7,57.2,0.00,0,-4.2,-0.8
63.40,hold,350.29,-0.29,0.272,1,989.3,4013.6,11.2,-13.3,0.35,-1.93,56,56,-1,-5.8,1.3,2.2,0.1,-0.00,0.01,0.00,0.00,0.00,0.00,1.41,-1.38,100,-1,0,1,0.6,0.01,0.272,0.278,-0.02,0,26,0,212.7,1.8,2.7,57.2,0.00,0,-3.4,-1.6
63.50,hold,350.29,-0.29,0.272,1,989.3,4013.6,11.2,-13.1,0.35,-1.93,56,56,-1,-5.9,1.4,1.8,0.3,0.01,0.01,0.00,0.00,0.00,0.00,1.37,-1.41,100,-1,0,1,0.6,0.01,0.272,0.278,-0.02,0,26,0,212.7,1.8,2.7,57.2,0.00,0,-3.4,-1.6
63.60,hold,350.28,-0.28,0.272,1,989.4,4013.2,11.1,-12.9,0.31,-1.76,56,56,-1,-5.9,1.6,1.4,0.5,0.01,-0.01,0.00,0.00,0.00,0.00,1.33,-1.44,100,-1,0,1,0.5,0.01,0.272,0.280,-0.03,0,26,0,212.5,1.4,2.2,57.5,0.00,0,-4.5,-2.4
63.70,hold,350.28,-0.28,0.271,1,989.4,4013.2,11.1,-12.7,0.31,-1.76,56,56,-1,-6.1,1.2,1.0,0.7,0.02,-0.01,0.00,0.00,0.00,0.00,1.23,-1.29,100,-1,0,1,0.5,0.01,0.271,0.285,-0.01,0,26,0,212.5,1.4,2.2,57.5,0.00,0,-4.5,-2.4
63.80,hold,350.28,-0.28,0.269,1,989.4,4013.0,11.1,-12.5,0.26,-1.76,56,56,-1,-6.2,1.4,0.5,0.9,0.02,-0.01,0.00,0.00,0.00,0.00,1.20,-1.32,100,-1,0,1,0.5,0.01,0.269,0.280,0.03,0,26,0,212.5,1.4,2.2,57.5,0.00,0,-4.4,-2.1
63.90,hold,350.28,-0.28,0.269,1,989.4,4012.8,11.1,-12.3,0.26,-1.76,56,56,-1,-6.1,1.4,0.1,1.0,0.01,-0.01,0.00,0.00,0.00,0.00,1.19,-1.32,100,-1,0,1,0.5,0.01,0.269,0.275,0.02,0,26,0,212.5,1.4,2.2,57.5,0.00,0,-4.0,-1.5
64.00,hold,350.28,-0.28,0.269,1,989.5,4012.5,11.0,-12.2,0.31,-1.76,56,57,-1,-6.1,1.5,-0.2,1.1,-0.00,-0.00,0.00,0.00,0.00,0.00,1.19,-1.32,100,-1,0,1,0.5,0.00,0.269,0.271,0.02,0,26,0,212.3,1.0,1.6,57.7,0.00,0,-3.0,-0.2
64.10,hold,350.28,-0.28,0.269,1,989.5,4012.5,11.0,-12.0,0.31,-1.76,56,57,-1,-5.9,1.5,-0.5,1.1,-0.01,-0.00,0.00,0.00,0.00,0.00,1.23,-1.29,100,-1,0,1,0.5,0.00,0.269,0.274,0.01,0,26,0,212.3,1.0,1.6,57.7,0.00,0,-3.0,-0.2
64.20,hold,350.28,-0.28,0.269,1,989.5,4012.3,11.0,-11.8,0.31,-1.67,56,57,-1,-6.0,1.4,-0.7,1.1,-0.01,0.01,0.00,0.00,0.00,0.00,1.18,-1.22,100,-1,0,1,0.5,0.00,0.269,0.274,0.00,0,26,0,212.3,1.0,1.6,57.7,0.00,0,-2.6,-0.0
64.30,hold,350.27,-0.27,0.271,1,989.6,4012.0,10.9,-11.7,0.35,-1.58,56,57,-1,-6.1,1.2,-0.9,1.2,0.01,0.01,0.00,0.00,0.00,0.00,1.13,-1.15,100,-1,0,1,0.5,0.00,0.271,0.276,-0.03,0,26,0,212.3,1.0,1.6,57.7,0.00,0,-2.5,-1.6
64.40,hold,350.26,-0.26,0.274,1,989.6,4011.9,10.9,-11.5,0.40,-1.58,57,57,-1,-5.9,1.2,-1.2,1.4,0.02,-0.01,0.00,0.00,0.00,0.00,1.17,-1.13,100,-1,0,1,0.5,0.00,0.274,0.284,-0.08,0,26,0,212.1,0.7,1.0,57.8,0.00,0,-3.3,-1.8
64.50,hold,350.24,-0.24,0.274,1,989.6,4011.9,10.9,-11.4,0.40,-1.58,57,57,-1,-5.7,1.2,-1.6,1.6,0.02,-0.02,0.00,0.00,0.00,0.00,1.20,-1.10,100,-1,0,1,0.5,0.00,0.274,0.290,-0.09,0,26,0,212.1,0.7,1.0,57.8,0.00,0,-3.3,-1.8
64.60,hold,350.23,-0.23,0.275,1,989.7,4011.5,10.8,-11.2,0.46,-1.58,57,57,-1,-5.6,1.2,-1.9,1.7,0.01,-0.02,0.00,0.00,0.00,0.00,1.22,-1.09,100,-1,0,0,0.5,0.00,0.275,0.289,-0.10,0,26,0,212.1,0.7,1.0,57.8,0.00,0,-3.1,-0.5
64.70,hold,350.22,-0.22,0.275,1,989.8,4011.4,10.8,-11.0,0.51,-1.58,57,57,-1,-5.4,1.2,-2.2,1.7,0.00,-0.02,0.00,0.00,0.00,0.00,1.26,-1.07,100,-1,0,0,0.5,-0.00,0.275,0.285,-0.11,0,26,0,212.1,0.7,1.0,57.8,0.00,0,-2.7,0.1
64.80,hold,350.21,-0.21,0.276,1,989.8,4011.4,10.7,-10.9,0.51,-1.58,57,57,-1,-5.3,1.2,-2.5,1.7,-0.01,-0.02,0.00,0.00,0.00,0.00,1.29,-1.04,100,-1,0,0,0.5,-0.00,0.276,0.286,-0.11,0,26,0,212.0,0.2,0.3,58.0,0.00,0,-2.7,0.1
64.90,hold,350.20,-0.20,0.277,1,989.8,4011.2,10.7,-10.7,0.57,-1.58,57,57,-1,-5.0,1.2,-2.7,1.6,-0.02,-0.02,0.00,0.00,0.00,0.00,1.35,-1.01,100,-1,0,0,0.5,-0.00,0.277,0.289,-0.12,0,26,0,212.0,0.2,0.3,58.0,0.00,0,-2.1,0.7
65.00,hold,350.19,-0.19,0.277,1,989.9,4010.9,10.6,-10.6,0.66,-1.41,57,57,-1,-4.8,1.2,-2.8,1.5,-0.02,-0.01,0.00,0.00,0.00,0.00,1.38,-0.99,100,-1,0,0,0.5,-0.00,0.277,0.288,-0.13,0,26,0,212.0,0.2,0.3,58.0,0.00,0,-1.3,0.3
65.10,hold,350.17,-0.17,0.278,1,989.9,4010.9,10.6,-10.4,0.66,-1.41,57,57,-1,-4.9,0.7,-2.9,1.5,-0.00,-0.01,0.00,0.00,0.00,0.00,1.32,-0.82,100,-1,0,0,0.5,-0.00,0.278,0.281,-0.13,0,26,0,212.0,0.2,0.3,58.0,0.00,0,-1.3,0.3
65.20,hold,350.16,-0.16,0.279,1,990.1,4010.6,10.5,-10.3,0.79,-1.41,57,57,-1,-4.7,0.6,-3.0,1.5,0.01,-0.00,0.00,0.00,0.00,0.00,1.38,-0.78,100,-1,0,0,0.5,-0.01,0.279,0.282,-0.14,0,26,0,211.8,359.7,359.5,58.2,0.00,0,-0.6,-0.6
65.30,hold,350.15,-0.15,0.278,1,990.1,4010.6,10.4,-10.1,0.79,-1.41,57,57,-1,-4.5,0.6,-3.1,1.6,0.01,-0.00,0.00,0.00,0.00,0.00,1.43,-0.75,100,-1,0,0,0.5,-0.01,0.278,0.284,-0.12,0,26,0,211.8,359.7,359.5,58.2,0.00,0,-0.6,-0.6
65.40,hold,350.14,-0.14,0.275,1,990.3,4010.4,10.3,-10.0,0.90,-1.41,57,57,-1,-4.3,0.5,-3.1,1.6,0.01,-0.01,0.00,0.00,0.00,0.00,1.47,-0.72,100,-1,0,0,0.5,-0.01,0.275,0.282,-0.06,0,26,0,211.8,359.7,359.5,58.2,0.00,0,-0.8,-0.4
65.50,hold,350.14,-0.14,0.272,1,990.3,4010.4,10.2,-9.9,0.90,-1.41,57,57,-1,-4.0,0.5,-3.2,1.7,0.01,-0.01,0.00,0.00,0.00,0.00,1.52,-0.69,100,-1,0,0,0.5,-0.01,0.272,0.281,0.01,0,26,0,211.8,359.7,359.5,58.2,0.00,0,-0.8,-0.4
65.60,hold,350.15,-0.15,0.268,1,990.4,4010.2,10.1,-9.7,0.97,-1.41,57,57,-1,-3.8,0.4,-3.3,1.7,0.01,-0.02,0.00,0.00,0.00,0.00,1.58,-0.65,100,-1,0,0,0.4,-0.01,0.268,0.280,0.07,0,26,0,211.6,359.7,359.5,58.4,0.00,0,-0.8,-0.3
65.70,hold,350.16,-0.16,0.266,1,990.6,4009.9,10.0,-9.6,1.10,-1.41,57,57,-1,-3.5,0.3,-3.4,1.7,0.01,-0.02,0.00,0.00,0.00,0.00,1.63,-0.62,100,-1,0,-0,0.5,-0.01,0.266,0.276,0.11,0,26,0,211.6,359.7,359.5,58.4,0.00,0,-0.2,0.3
65.80,hold,350.17,-0.17,0.267,1,990.7,4009.8,9.9,-9.4,1.14,-1.41,57,57,-1,-3.2,0.2,-3.4,1.7,0.00,-0.01,0.00,0.00,0.00,0.00,1.69,-0.59,100,-1,0,-0,0.4,-0.01,0.267,0.272,0.07,0,26,0,211.6,359.7,359.5,58.4,0.00,0,0.7,0.3
65.90,hold,350.17,-0.17,0.271,1,990.7,4009.8,9.8,-9.3,1.14,-1.41,57,57,-1,-3.0,0.2,-3.3,1.7,0.00,0.01,0.00,0.00,0.00,0.00,1.72,-0.56,100,-1,0,-0,0.4,-0.01,0.271,0.274,-0.01,0,26,0,211.6,359.7,359.5,58.4,0.00,0,0.7,0.3
66.00,hold,350.16,-0.16,0.276,1,990.8,4009.7,9.7,-9.2,1.21,-1.41,57,58,-1,-2.8,0.1,-3.1,1.6,0.00,0.02,0.00,0.00,0.00,0.00,1.78,-0.53,100,-1,0,-0,0.5,-0.01,0.276,0.284,-0.09,0,26,0,211.4,359.7,359.5,58.5,0.00,0,1.8,0.3
66.10,hold,350.15,-0.15,0.277,1,990.9,4009.5,9.6,-9.0,1.27,-1.41,57,58,-1,-2.5,0.1,-2.9,1.6,0.00,0.02,0.00,0.00,0.00,0.00,1.83,-0.49,100,-1,0,-0,0.4,-0.01,0.277,0.288,-0.12,0,26,0,211.4,359.7,359.5,58.5,0.00,0,2.1,0.3
66.20,hold,350.14,-0.14,0.275,1,991.1,4009.4,9.4,-8.9,1.32,-1.41,57,58,-1,-2.3,0.0,-2.7,1.5,-0.00,0.02,0.00,0.00,0.00,0.00,1.87,-0.47,100,-1,0,-0,0.4,-0.01,0.275,0.283,-0.08,0,26,0,211.4,359.7,359.5,58.5,0.00,0,1.9,0.6
66.30,hold,350.13,-0.13,0.276,1,991.2,4009.2,9.3,-8.7,1.36,-1.41,57,58,-1,-2.1,-0.0,-2.6,1.4,-0.01,0.00,0.00,0.00,0.00,0.00,1.91,-0.45,100,-1,0,-0,0.4,-0.01,0.276,0.283,-0.09,0,26,0,211.4,359.7,359.5,58.5,0.00,0,1.2,1.2
66.40,hold,350.13,-0.13,0.275,1,991.5,4008.9,9.2,-8.6,1.45,-1.41,57,58,-1,-1.8,-0.1,-2.5,1.2,-0.02,-0.00,0.00,0.00,0.00,0.00,1.94,-0.43,100,-1,0,-0,0.5,-0.01,0.275,0.284,-0.07,0,26,0,211.2,359.7,359.5,58.7,0.00,0,0.7,1.8
66.50,hold,350.14,-0.14,0.272,1,991.5,4008.9,9.0,-8.4,1.45,-1.41,57,58,-1,-1.6,-0.1,-2.5,1.0,-0.02,-0.01,0.00,0.00,0.00,0.00,1.98,-0.41,100,-1,0,-0,0.5,-0.02,0.272,0.283,-0.00,0,26,0,211.2,359.7,359.5,58.7,0.00,0,0.7,1.8
66.60,hold,350.14,-0.14,0.269,1,991.6,4008.8,8.9,-8.3,1.49,-1.41,58,58,-1,-1.4,-0.2,-2.4,0.9,-0.02,-0.01,0.00,0.00,0.00,0.00,2.02,-0.38,100,-1,0,-0,0.5,-0.02,0.269,0.278,0.03,0,26,0,211.2,359.7,359.5,58.7,0.00,0,0.7,1.6
66.70,hold,350.15,-0.15,0.269,1,991.8,4008.7,8.7,-8.2,1.54,-1.41,58,58,-1,-1.1,-0.2,-2.3,0.8,-0.01,-0.00,0.00,0.00,0.00,0.00,2.05,-0.36,100,-1,0,-0,0.5,-0.02,0.269,0.273,0.03,0,26,0,211.2,359.7,359.5,58.7,0.00,0,1.3,1.1
66.80,hold,350.14,-0.14,0.271,1,991.9,4008.5,8.6,-8.0,1.56,-1.41,58,58,-1,-1.0,-0.2,-2.1,0.8,0.01,-0.00,0.00,0.00,0.00,0.00,2.07,-0.35,100,-1,0,-1,0.5,-0.02,0.271,0.274,-0.01,0,26,0,211.1,359.5,359.2,58.9,0.00,0,1.6,0.2
66.90,hold,350.13,-0.13,0.274,1,992.2,4008.2,8.4,-7.9,1.63,-1.41,58,58,-1,-0.8,-0.3,-2.0,0.9,0.02,0.00,0.00,0.00,0.00,0.00,2.09,-0.34,100,-1,0,-1,0.4,-0.02,0.274,0.283,-0.06,0,26,0,211.1,359.5,359.2,58.9,0.00,0,1.5,-1.0
67.00,hold,350.13,-0.13,0.273,1,992.2,4008.2,8.3,-7.7,1.63,-1.41,58,58,-1,-0.5,-0.3,-1.8,1.0,0.02,0.00,0.00,0.00,0.00,0.00,2.13,-0.32,100,-1,0,-1,0.4,-0.02,0.273,0.283,-0.04,0,26,0,211.1,359.5,359.2,58.9,0.00,0,1.5,-1.0
67.10,hold,350.13,-0.13,0.271,1,992.6,4008.0,8.1,-7.6,1.67,-1.41,58,58,-1,-0.4,-0.3,-1.7,1.1,0.02,-0.01,0.00,0.00,0.00,0.00,2.13,-0.32,100,-1,0,-1,0.4,-0.02,0.271,0.281,-0.00,0,26,0,211.1,359.5,359.2,58.9,0.00,0,0.7,0.0
67.20,hold,350.12,-0.12,0.273,1,992.6,4008.0,7.9,-7.5,1.67,-1.41,58,58,-1,-0.2,-0.3,-1.6,1.1,0.00,-0.01,0.00,0.00,0.00,0.00,2.16,-0.30,100,-1,0,-1,0.4,-0.02,0.273,0.280,-0.04,0,26,0,210.9,0.1,0.1,59.1,0.00,0,0.7,0.0
67.30,hold,350.11,-0.11,0.277,1,992.9,4007.7,7.8,-7.3,1.71,-1.23,58,58,-1,-0.3,-0.8,-1.6,0.9,-0.01,-0.01,0.00,0.00,0.00,0.00,2.07,-0.15,100,-1,0,-1,0.4,-0.02,0.277,0.287,-0.12,0,26,0,210.9,0.1,0.1,59.1,0.00,0,0.6,2.1
67.40,hold,350.10,-0.10,0.280,1,993.1,4007.6,7.6,-7.2,1.71,-1.23,58,58,-1,-0.1,-0.8,-1.5,0.7,-0.02,-0.01,0.00,0.00,0.00,0.00,2.11,-0.13,100,-1,0,-1,0.5,-0.02,0.280,0.295,-0.17,0,26,0,210.9,0.1,0.1,59.1,0.00,0,0.9,2.7
67.50,hold,350.09,-0.09,0.280,1,993.3,4007.5,7.4,-7.1,1.74,-1.23,58,58,-1,0.0,-0.8,-1.4,0.4,-0.03,-0.01,0.00,0.00,0.00,0.00,2.11,-0.13,100,-1,0,-1,0.5,-0.03,0.280,0.296,-0.15,0,26,0,210.9,0.1,0.1,59.1,0.00,0,1.0,2.6
67.60,hold,350.08,-0.08,0.278,1,993.3,4007.5,7.2,-7.0,1.74,-1.23,58,58,-1,0.2,-0.9,-1.3,0.2,-0.03,-0.01,0.00,0.00,0.00,0.00,2.12,-0.12,100,-1,0,-1,0.5,-0.03,0.278,0.292,-0.11,0,26,0,210.7,359.4,359.0,59.2,0.00,0,1.0,2.6
67.70,hold,350.08,-0.08,0.279,1,993.4,4007.3,7.1,-6.8,1.76,-1.23,58,58,-1,0.4,-0.9,-1.2,0.0,-0.02,-0.00,0.00,0.00,0.00,0.00,2.14,-0.11,100,-1,0,-1,0.3,-0.02,0.279,0.287,-0.11,0,26,0,210.7,359.4,359.0,59.2,0.00,0,1.3,1.7
67.80,hold,350.07,-0.07,0.279,1,993.6,4007.2,6.9,-6.7,1.76,-1.23,58,58,-1,0.5,-0.9,-1.0,-0.0,-0.01,0.00,0.00,0.00,0.00,0.00,2.14,-0.11,100,-1,0,-1,0.1,-0.02,0.279,0.284,-0.12,0,26,0,210.7,359.4,359.0,59.2,0.00,0,2.0,1.1
67.90,hold,350.06,-0.06,0.279,1,994.0,4007.0,6.7,-6.6,1.71,-1.23,58,58,-1,0.7,-0.9,-0.8,-0.1,-0.00,0.01,0.00,0.00,0.00,0.00,2.14,-0.11,100,-1,0,-1,-0.4,-0.02,0.279,0.281,-0.10,0,26,0,210.7,359.4,359.0,59.2,0.00,0,1.7,0.2
68.00,hold,350.06,-0.06,0.275,1,994.0,4007.0,6.5,-6.5,1.71,-1.23,58,58,-1,0.7,-0.8,-0.6,-0.1,0.00,0.00,0.00,0.00,0.00,0.00,2.11,-0.14,100,-1,0,-1,-0.4,-0.01,0.275,0.277,-0.03,0,26,0,210.8,359.5,359.2,59.2,0.00,0,1.7,0.2
68.10,hold,350.06,-0.06,0.272,1,994.1,4006.8,6.4,-6.3,1.71,-1.23,58,58,-1,0.8,-0.8,-0.4,-0.1,0.00,0.00,0.00,0.00,0.00,0.00,2.11,-0.14,100,-1,0,-1,-0.5,-0.01,0.272,0.273,0.03,0,26,0,210.8,359.5,359.2,59.2,0.00,0,1.5,0.1
68.20,hold,350.07,-0.07,0.268,1,994.5,4006.6,6.2,-6.2,1.71,-1.23,58,58,-1,0.9,-0.8,-0.3,-0.1,0.00,-0.00,0.00,0.00,0.00,0.00,2.11,-0.14,100,-1,0,-1,-0.6,-0.01,0.268,0.269,0.10,0,26,0,210.8,359.5,359.2,59.2,0.00,0,1.3,0.0
68.30,hold,350.09,-0.09,0.264,1,994.6,4006.5,6.0,-6.1,1.69,-1.23,58,58,-1,1.1,-0.8,-0.2,-0.1,0.00,-0.00,0.00,0.00,0.00,0.00,2.11,-0.14,100,-1,0,-1,-0.6,-0.01,0.264,0.266,0.16,0,26,0,210.8,359.5,359.2,59.2,0.00,0,1.1,0.0
68.40,hold,350.12,-0.12,0.259,1,994.6,4006.5,5.9,-6.0,1.69,-1.23,58,58,-1,1.1,-0.7,-0.0,-0.1,0.00,-0.00,0.00,0.00,0.00,0.00,2.09,-0.15,100,-1,0,-1,-0.6,-0.01,0.259,0.262,0.23,0,26,0,211.0,359.9,359.8,59.0,0.00,0,1.1,0.0
68.50,hold,350.13,-0.13,0.261,1,994.8,4006.4,5.7,-5.9,1.67,-1.23,58,58,-1,1.2,-0.7,0.1,-0.1,0.00,-0.01,0.00,0.00,0.00,0.00,2.07,-0.16,100,-1,0,-1,-0.6,-0.01,0.261,0.264,0.18,0,26,0,211.0,359.9,359.8,59.0,0.00,0,1.0,0.1
68.60,hold,350.12,-0.12,0.272,1,995.0,4006.2,5.5,-5.7,1.67,-1.23,58,58,-1,1.3,-0.7,0.1,-0.1,0.00,-0.01,0.00,0.00,0.00,0.00,2.07,-0.16,100,-1,0,-1,-0.6,-0.01,0.272,0.276,-0.04,0,26,0,211.0,359.9,359.8,59.0,0.00,0,0.8,0.1
68.70,hold,350.09,-0.09,0.285,1,995.3,4006.0,5.4,-5.6,1.63,-1.23,58,58,-1,1.3,-0.6,0.2,-0.1,-0.00,-0.01,0.00,0.00,0.00,0.00,2.03,-0.18,100,-1,0,-1,-0.9,-0.01,0.285,0.289,-0.27,0,26,0,211.0,359.9,359.8,59.0,0.00,0,0.9,0.2
68.80,hold,350.05,-0.05,0.292,1,995.3,4006.0,5.2,-5.5,1.63,-1.23,58,58,-1,1.5,-0.6,0.3,-0.2,-0.00,-0.01,0.00,0.00,0.00,0.00,2.03,-0.18,100,-1,0,-1,-0.9,-0.00,0.292,0.298,-0.38,0,26,0,211.3,0.0,0.0,58.7,0.00,0,0.9,0.2
68.90,hold,350.02,-0.02,0.290,1,995.6,4005.7,5.0,-5.4,1.58,-1.23,58,58,-1,1.5,-0.6,0.3,-0.2,-0.00,-0.02,0.00,0.00,0.00,0.00,2.01,-0.19,100,-1,0,-1,-0.8,-0.02,0.290,0.297,-0.31,0,26,0,211.3,0.0,0.0,58.7,0.00,0,0.4,0.2
69.00,hold,350.00,-0.00,0.287,1,995.8,4005.6,4.9,-5.2,1.54,-1.23,58,58,-1,1.6,-0.5,0.4,-0.2,-0.00,-0.02,0.00,0.00,0.00,0.00,1.99,-0.20,100,-1,0,-1,-0.9,-0.00,0.287,0.296,-0.24,0,26,0,211.3,0.0,0.0,58.7,0.00,0,0.3,0.3
69.10,hold,349.99,0.01,0.285,1,995.9,4005.5,4.7,-5.1,1.54,-1.23,58,58,-1,1.6,-0.4,0.4,-0.2,-0.01,-0.02,0.00,0.00,0.00,0.00,1.96,-0.22,100,-1,0,-1,-0.9,0.00,0.285,0.295,-0.17,0,26,0,211.3,0.0,0.0,58.7,0.00,0,0.1,0.4
69.20,hold,349.98,0.02,0.282,1,995.9,4005.5,4.6,-5.0,1.54,-1.23,58,57,-1,1.7,-0.4,0.4,-0.3,-0.01,-0.02,0.00,0.00,0.00,0.00,1.96,-0.22,100,-1,0,-1,-0.9,0.00,0.282,0.294,-0.11,0,26,0,211.6,0.0,0.0,58.4,0.00,0,0.1,0.4
69.30,hold,349.98,0.02,0.279,1,996.1,4005.4,4.4,-4.9,1.49,-1.23,58,57,-1,1.7,-0.3,0.4,-0.3,-0.01,-0.03,0.00,0.00,0.00,0.00,1.92,-0.24,100,-1,0,-1,0.0,-0.01,0.279,0.292,-0.04,0,26,0,211.6,0.0,0.0,58.4,0.00,0,0.0,0.0
69.40,hold,349.98,0.02,0.275,1,996.4,4005.1,4.3,-4.7,1.45,-1.23,58,57,-1,1.9,-0.3,0.4,-0.3,-0.01,-0.03,0.00,0.00,0.00,0.00,1.92,-0.24,100,-1,0,-1,-0.7,-0.00,0.275,0.291,0.03,0,26,0,211.6,0.0,0.0,58.4,0.00,0,-0.1,0.2
69.50,hold,349.99,0.01,0.273,1,996.5,4005.0,4.1,-4.6,1.45,-1.23,58,57,-1,1.9,-0.3,0.4,-0.3,-0.01,-0.03,0.00,0.00,0.00,0.00,1.88,-0.26,100,-1,0,-1,-0.6,0.00,0.273,0.286,0.07,0,26,0,211.6,0.0,0.0,58.4,0.00,0,0.3,-0.3
69.60,hold,349.99,0.01,0.273,1,996.5,4005.0,4.0,-4.5,1.45,-1.23,58,57,-1,2.0,-0.2,0.4,-0.3,0.00,-0.02,0.00,0.00,0.00,0.00,1.88,-0.26,100,-1,0,-0,-0.6,0.00,0.273,0.283,0.06,0,26,0,211.9,360.0,360.0,58.1,0.00,0,0.3,-0.3
69.70,hold,349.99,0.01,0.275,1,996.7,4004.9,3.8,-4.4,1.41,-1.23,58,57,-1,2.0,-0.2,0.5,-0.2,0.01,-0.01,0.00,0.00,0.00,0.00,1.85,-0.28,100,-1,0,-0,-0.6,0.00,0.275,0.280,0.02,0,26,0,211.9,360.0,360.0,58.1,0.00,0,0.9,-0.6
69.80,hold,349.98,0.02,0.279,1,996.9,4004.6,3.7,-4.3,1.36,-1.05,57,57,-1,2.1,-0.1,0.8,-0.2,0.01,0.01,0.00,0.00,0.00,0.00,1.85,-0.28,100,-1,0,-0,-0.6,0.01,0.279,0.285,-0.06,0,26,0,211.9,360.0,360.0,58.1,0.00,0,2.5,-0.6
69.90,hold,349.98,0.02,0.281,1,996.9,4004.6,3.6,-4.1,1.36,-1.05,57,57,-1,1.8,-0.5,1.0,-0.1,0.01,0.02,0.00,0.00,0.00,0.00,1.72,-0.15,100,-1,0,-0,-0.6,0.01,0.281,0.291,-0.08,0,26,0,211.9,360.0,360.0,58.1,0.00,0,2.5,-0.6
70.00,hold,349.97,0.03,0.277,1,997.2,4004.4,3.4,-4.0,1.32,-1.05,57,57,-1,1.9,-0.5,1.3,-0.0,0.01,0.02,0.00,0.00,0.00,0.00,1.70,-0.16,100,-1,0,-0,-0.6,0.01,0.277,0.288,-0.01,0,26,0,212.1,0.7,1.2,57.9,0.00,0,2.2,-0.5
70.10,hold,349.98,0.02,0.274,1,997.2,4004.4,3.3,-3.9,1.32,-1.05,57,57,-1,1.9,-0.4,1.5,0.0,0.01,0.02,0.00,0.00,0.00,0.00,1.68,-0.17,100,-1,0,-0,-0.6,0.01,0.274,0.284,0.05,0,26,0,212.1,0.7,1.2,57.9,0.00,0,2.2,-0.5
70.20,hold,349.99,0.01,0.270,1,997.3,4004.3,3.2,-3.8,1.27,-1.05,57,57,-1,1.9,-0.3,1.7,0.1,0.01,0.02,0.00,0.00,0.00,0.00,1.64,-0.20,100,-1,0,-0,-0.6,0.01,0.270,0.279,0.12,0,26,0,212.1,0.7,1.2,57.9,0.00,0,2.0,-0.5
70.30,hold,350.01,-0.01,0.268,1,997.6,4004.1,3.0,-3.7,1.19,-1.05,57,57,-1,1.9,-0.3,1.8,0.1,0.00,0.01,0.00,0.00,0.00,0.00,1.61,-0.22,100,-1,0,-0,-0.7,0.01,0.268,0.271,0.16,0,26,0,212.1,0.7,1.2,57.9,0.00,0,1.1,0.5
70.40,hold,350.02,-0.02,0.267,1,997.7,4004.0,2.9,-3.6,1.14,-1.05,57,57,-1,1.9,-0.2,1.9,-0.0,-0.01,-0.00,0.00,0.00,0.00,0.00,1.57,-0.24,100,-1,0,0,-0.6,0.01,0.267,0.272,0.15,0,26,0,212.4,1.2,1.9,57.6,0.00,0,0.0,0.9
70.50,hold,350.03,-0.03,0.269,1,997.7,4004.0,2.8,-3.5,1.14,-1.05,57,57,-1,1.9,-0.1,1.9,-0.1,-0.02,-0.02,0.00,0.00,0.00,0.00,1.53,-0.26,100,-1,0,0,-0.6,0.01,0.269,0.282,0.11,0,26,0,212.4,1.2,1.9,57.6,0.00,0,0.0,0.9
70.60,hold,350.03,-0.03,0.273,1,997.9,4003.8,2.7,-3.4,1.08,-0.88,57,57,-1,1.6,-0.5,1.8,-0.1,-0.00,-0.02,0.00,0.00,0.00,0.00,1.40,-0.14,100,-1,0,0,-0.5,0.02,0.273,0.282,0.03,0,26,0,212.4,1.2,1.9,57.6,0.00,0,-0.5,-0.4
70.70,hold,350.03,-0.03,0.275,1,997.9,4003.8,2.6,-3.3,1.08,-0.88,57,57,-1,1.6,-0.4,1.7,-0.0,0.01,-0.02,0.00,0.00,0.00,0.00,1.38,-0.15,100,-1,0,0,-0.5,0.01,0.275,0.287,-0.02,0,26,0,212.4,1.2,1.9,57.6,0.00,0,-0.5,-0.4
70.80,hold,350.02,-0.02,0.277,1,998.1,4003.7,2.5,-3.2,1.01,-0.88,57,56,-1,1.6,-0.4,1.8,0.0,0.01,-0.01,0.00,0.00,0.00,0.00,1.36,-0.16,100,-1,0,0,-0.7,0.02,0.277,0.286,-0.06,0,26,0,212.6,1.2,1.8,57.4,0.00,0,0.9,-0.7
70.90,hold,350.01,-0.01,0.280,1,998.2,4003.6,2.4,-3.2,0.97,-0.88,57,56,-1,1.6,-0.3,1.8,0.1,0.01,0.00,0.00,0.00,0.00,0.00,1.33,-0.18,100,-1,0,0,-0.6,0.02,0.280,0.284,-0.11,0,26,0,212.6,1.2,1.8,57.4,0.00,0,1.0,-0.2
71.00,hold,350.00,-0.00,0.280,1,998.3,4003.5,2.3,-3.1,0.92,-0.88,57,56,-1,1.6,-0.2,1.9,0.1,0.00,0.01,0.00,0.00,0.00,0.00,1.29,-0.20,100,-1,0,0,-0.8,0.02,0.280,0.283,-0.09,0,26,0,212.6,1.2,1.8,57.4,0.00,0,1.1,-0.2
71.10,hold,350.00,-0.00,0.277,1,998.4,4003.4,2.2,-3.0,0.88,-0.88,57,56,-1,1.5,-0.1,2.0,0.1,0.00,0.00,0.00,0.00,0.00,0.00,1.25,-0.23,100,-1,0,0,-0.5,0.02,0.277,0.278,-0.02,0,26,0,212.6,1.2,1.8,57.4,0.00,0,0.6,-0.1
71.20,hold,350.01,-0.01,0.273,1,998.4,4003.4,2.1,-2.9,0.88,-0.88,57,56,-1,1.5,-0.0,2.1,0.1,-0.00,0.00,0.00,0.00,0.00,0.00,1.22,-0.25,100,-1,0,0,-0.5,0.02,0.273,0.275,0.04,0,26,0,212.8,1.4,2.2,57.2,0.00,0,0.6,-0.1
71.30,hold,350.02,-0.02,0.269,1,998.5,4003.3,2.0,-2.8,0.83,-0.70,57,56,-1,1.2,-0.4,2.1,0.1,0.00,0.00,0.00,0.00,0.00,0.00,1.08,-0.13,100,-1,0,1,-0.7,0.03,0.269,0.272,0.11,0,26,0,212.8,1.4,2.2,57.2,0.00,0,0.7,-0.1
71.40,hold,350.04,-0.04,0.265,1,998.7,4003.2,1.9,-2.8,0.75,-0.70,56,56,-1,1.1,-0.3,2.1,0.1,0.00,0.00,0.00,0.00,0.00,0.00,1.05,-0.15,100,-1,0,1,-0.8,0.02,0.265,0.267,0.17,0,26,0,212.8,1.4,2.2,57.2,0.00,0,0.3,0.1
71.50,hold,350.06,-0.06,0.261,1,998.7,4003.2,1.8,-2.7,0.75,-0.70,56,56,-1,1.1,-0.2,2.2,0.1,-0.00,0.00,0.00,0.00,0.00,0.00,1.01,-0.17,100,-1,0,1,-0.8,0.03,0.261,0.262,0.24,0,26,0,212.8,1.4,2.2,57.2,0.00,0,0.3,0.1
71.60,hold,350.08,-0.08,0.262,1,998.8,4003.0,1.8,-2.6,0.70,-0.70,56,56,-1,1.0,-0.2,2.2,0.1,-0.00,0.00,0.00,0.00,0.00,0.00,0.97,-0.20,100,-1,0,1,0.0,0.03,0.262,0.263,0.19,0,26,0,213.0,1.5,2.3,56.9,0.00,0,0.0,0.0
71.70,hold,350.07,-0.07,0.274,1,998.9,4003.0,1.7,-2.5,0.66,-0.70,56,56,-1,1.1,-0.1,2.2,0.1,-0.00,-0.00,0.00,0.00,0.00,0.00,0.98,-0.20,100,-1,0,1,-0.6,0.02,0.274,0.276,-0.04,0,26,0,213.0,1.5,2.3,56.9,0.00,0,-0.2,0.2
71.80,hold,350.04,-0.04,0.286,1,998.9,4003.0,1.6,-2.5,0.66,-0.70,56,56,-1,1.0,-0.1,2.1,0.1,-0.00,-0.00,0.00,0.00,0.00,0.00,0.94,-0.22,100,-1,0,1,-0.6,0.03,0.286,0.289,-0.26,0,26,0,213.0,1.5,2.3,56.9,0.00,0,-0.2,0.2
71.90,hold,350.00,-0.00,0.294,1,999.0,4002.9,1.6,-2.4,0.57,-0.53,56,56,-1,0.7,-0.4,2.1,0.0,-0.00,-0.00,0.00,0.00,0.00,0.00,0.80,-0.10,100,-1,0,1,-0.5,0.03,0.294,0.295,-0.38,0,26,0,213.0,1.5,2.3,56.9,0.00,0,-0.4,0.2
72.00,hold,349.97,0.03,0.292,1,999.0,4002.9,1.5,-2.4,0.57,-0.53,56,56,-1,0.6,-0.3,2.1,0.0,-0.00,-0.00,0.00,0.00,0.00,0.00,0.77,-0.12,100,-1,0,1,-0.5,0.03,0.292,0.294,-0.31,0,26,0,213.3,1.4,2.1,56.7,0.00,0,-0.4,0.2
72.10,hold,349.95,0.05,0.289,1,999.0,4002.8,1.5,-2.3,0.53,-0.53,56,56,-1,0.6,-0.3,2.0,-0.0,-0.00,-0.01,0.00,0.00,0.00,0.00,0.73,-0.14,100,-1,0,1,-0.7,0.03,0.289,0.293,-0.24,0,26,0,213.3,1.4,2.1,56.7,0.00,0,-0.7,0.3
72.20,hold,349.94,0.06,0.287,1,999.1,4002.7,1.4,-2.3,0.46,-0.53,56,56,-1,0.5,-0.2,1.9,-0.0,-0.01,-0.01,0.00,0.00,0.00,0.00,0.70,-0.17,100,-1,0,1,-0.4,0.03,0.287,0.292,-0.17,0,26,0,213.3,1.4,2.1,56.7,0.00,0,-0.6,0.3
72.30,hold,349.93,0.07,0.284,1,999.1,4002.7,1.4,-2.2,0.46,-0.53,56,56,-1,0.5,-0.1,1.9,-0.1,-0.01,-0.01,0.00,0.00,0.00,0.00,0.68,-0.18,100,-1,0,1,-0.4,0.03,0.284,0.291,-0.10,0,26,0,213.3,1.4,2.1,56.7,0.00,0,-0.6,0.3
72.40,hold,349.93,0.07,0.281,1,999.2,4002.7,1.3,-2.2,0.42,-0.53,56,56,-1,0.4,-0.0,1.8,-0.1,-0.01,-0.01,0.00,0.00,0.00,0.00,0.64,-0.20,100,-1,0,1,-0.6,0.03,0.281,0.289,-0.04,0,26,0,213.5,1.0,1.6,56.5,0.00,0,-1.1,0.4
72.50,hold,349.93,0.07,0.277,1,999.3,4002.6,1.3,-2.1,0.35,-0.35,56,56,-1,0.1,-0.4,1.6,-0.2,-0.01,-0.01,0.00,0.00,0.00,0.00,0.52,-0.07,100,-1,0,1,-0.5,0.04,0.277,0.285,0.03,0,26,0,213.5,1.0,1.6,56.5,0.00,0,-1.2,0.4
72.60,hold,349.94,0.06,0.274,1,999.3,4002.5,1.2,-2.1,0.31,-0.35,56,56,-1,0.0,-0.4,1.5,-0.2,-0.01,-0.01,0.00,0.00,0.00,0.00,0.49,-0.09,100,-1,0,1,-0.4,0.03,0.274,0.283,0.09,0,26,0,213.5,1.0,1.6,56.5,0.00,0,-1.3,0.4
72.70,hold,349.96,0.04,0.270,1,999.3,4002.5,1.2,-2.0,0.31,-0.35,56,56,-1,-0.1,-0.3,1.4,-0.3,-0.01,-0.02,0.00,0.00,0.00,0.00,0.45,-0.12,100,-1,0,1,-0.4,0.04,0.270,0.280,0.16,0,26,0,213.5,1.0,1.6,56.5,0.00,0,-1.3,0.4
72.80,hold,349.98,0.02,0.267,1,999.3,4002.5,1.2,-2.0,0.31,-0.35,56,55,-1,-0.0,-0.3,1.3,-0.3,-0.01,-0.01,0.00,0.00,0.00,0.00,0.45,-0.12,100,-1,0,1,-0.6,0.04,0.267,0.275,0.19,0,26,0,213.7,0.6,0.9,56.3,0.00,0,-1.5,0.3
72.85,fly,349.99,-149.99,0.120,1,999.3,4002.5,1.2,-2.0,0.26,-0.35,56,55,-1,0.1,-0.2,1.2,-0.3,-0.00,0.01,0.00,0.00,0.00,0.00,0.45,-0.12,100,-1,0,0,-0.5,0.01,0.120,0.125,0.19,0,26,0,213.7,0.6,0.8,56.3,0.00,0,-0.8,-0.2
72.95,fly,350.01,-150.01,0.120,1,999.4,4002.4,1.2,-2.0,0.24,-0.35,56,55,-1,0.0,-0.2,1.2,-0.2,0.01,0.01,0.00,0.00,0.00,0.00,0.42,-0.14,100,-1,0,0,0.0,0.01,0.120,0.125,0.19,0,26,0,213.7,0.6,0.8,56.3,0.00,0,0.0,0.0
73.05,fly,349.97,-149.97,0.120,1,999.4,4002.4,1.1,-1.9,0.22,-0.35,56,55,-1,-0.0,-0.1,1.2,-0.1,0.01,0.01,0.00,0.00,0.00,0.00,0.40,-0.15,100,-1,0,0,-0.7,0.00,0.120,0.128,0.15,0,26,0,213.7,0.6,0.8,56.3,0.00,0,-0.1,-0.8
73.15,fly,349.85,-149.85,0.120,1,999.4,4002.4,1.1,-1.9,0.22,-0.35,56,55,-1,-0.1,-0.1,1.2,-0.1,0.01,0.01,0.00,0.00,0.00,0.00,0.38,-0.17,100,-1,0,0,-0.4,0.02,0.120,0.127,-0.57,0,26,0,213.7,0.6,0.8,56.3,0.00,0,-0.1,-0.4
73.25,fly,349.65,-149.65,0.120,1,999.4,4002.3,1.1,-1.9,0.22,-0.35,55,55,-1,-0.0,-0.1,1.1,-0.0,0.01,0.01,0.00,0.00,0.00,0.00,0.38,-0.17,100,-1,0,0,-0.3,0.01,0.120,0.127,-1.37,0,26,0,213.9,0.7,1.1,56.1,0.00,0,-0.1,-0.4
73.35,fly,349.38,-149.38,0.120,1,999.5,4002.3,1.1,-1.8,0.22,-0.35,55,55,-1,-0.0,-0.0,1.1,0.0,0.01,0.01,0.00,0.00,0.00,0.00,0.38,-0.16,100,-1,0,0,-0.5,0.01,0.120,0.127,-2.16,0,26,0,213.9,0.7,1.1,56.1,0.00,0,-0.2,-0.6
73.45,fly,349.02,-149.02,0.120,1,999.5,4002.3,1.0,-1.8,0.22,-0.35,55,55,-1,0.0,-0.0,1.1,0.1,0.01,0.01,0.00,0.00,0.00,0.00,0.38,-0.16,100,-1,0,0,0.0,0.02,0.120,0.127,-2.94,0,26,0,213.9,0.7,1.1,56.1,0.00,0,0.0,0.0
73.55,fly,348.59,-148.59,0.120,1,999.5,4002.2,1.0,-1.8,0.22,-0.35,55,55,-1,0.0,-0.0,1.1,0.1,0.01,0.01,0.00,0.00,0.00,0.00,0.38,-0.16,100,-1,0,0,-0.6,0.01,0.120,0.126,-3.72,0,26,0,213.9,0.7,1.1,56.1,0.00,0,-0.3,-0.6
73.65,fly,348.09,-148.09,0.120,1,999.5,4002.2,1.0,-1.7,0.18,-0.35,55,55,-1,0.1,-0.0,1.1,0.1,0.01,0.01,0.00,0.00,0.00,0.00,0.38,-0.16,100,-1,0,0,-0.4,0.02,0.120,0.126,-4.49,0,26,0,214.1,0.9,1.3,55.9,0.00,0,-0.2,-0.4
73.75,fly,347.50,-147.50,0.120,1,999.5,4002.2,1.0,-1.7,0.18,-0.35,55,55,-1,-0.0,0.1,1.0,0.2,0.01,0.01,0.00,0.00,0.00,0.00,0.34,-0.19,100,-1,0,0,-0.5,0.02,0.120,0.126,-5.26,0,26,0,214.1,0.9,1.3,55.9,0.00,0,-0.3,-0.5
73.85,fly,346.84,-146.84,0.120,1,999.6,4002.1,1.0,-1.7,0.18,-0.35,55,55,-1,-0.0,0.1,1.0,0.2,0.01,0.01,0.00,0.00,0.00,0.00,0.35,-0.19,100,-1,0,0,-0.8,0.02,0.120,0.126,-6.02,0,26,0,214.1,0.9,1.3,55.9,0.00,0,-0.6,-0.8
73.95,fly,346.11,-146.11,0.120,1,999.6,4002.1,0.9,-1.6,0.18,-0.35,55,55,-1,0.0,0.1,1.0,0.3,0.01,0.01,0.00,0.00,0.00,0.00,0.35,-0.19,100,-1,0,1,-0.4,0.03,0.120,0.125,-6.77,0,26,0,214.1,0.9,1.3,55.9,0.00,0,-0.4,-0.4
74.05,fly,345.30,-145.30,0.120,1,999.6,4002.0,0.9,-1.6,0.18,-0.35,55,55,-1,0.0,0.1,0.9,0.3,0.01,0.00,0.00,0.00,0.00,0.00,0.35,-0.19,100,-1,0,1,-0.8,0.02,0.120,0.125,-7.51,0,26,0,214.2,0.9,1.4,55.8,0.00,0,-0.7,-0.7
74.15,fly,344.42,-144.42,0.120,1,999.6,4002.0,0.9,-1.5,0.18,-0.35,55,55,-1,0.1,0.1,0.9,0.4,0.01,0.00,0.00,0.00,0.00,0.00,0.35,-0.19,100,-1,0,1,-0.4,0.03,0.120,0.125,-8.25,0,26,0,214.2,0.9,1.4,55.8,0.00,0,-0.4,-0.3
74.25,fly,343.47,-143.47,0.120,1,999.6,4002.0,0.9,-1.5,0.18,-0.35,55,55,-1,0.1,0.1,0.8,0.4,0.01,0.00,0.00,0.00,0.00,0.00,0.35,-0.19,100,-1,0,1,-0.5,0.02,0.120,0.124,-8.98,0,26,0,214.2,0.9,1.4,55.8,0.00,0,-0.5,-0.4
74.35,fly,342.44,-142.44,0.120,1,999.6,4001.9,0.9,-1.5,0.18,-0.35,55,55,-1,0.1,0.1,0.8,0.4,0.01,0.00,0.00,0.00,0.00,0.00,0.35,-0.19,100,-1,0,1,-0.4,0.02,0.120,0.124,-9.71,0,26,0,214.2,0.9,1.4,55.8,0.00,0,-0.5,-0.4
74.45,fly,341.35,-141.35,0.120,1,999.7,4001.9,0.9,-1.4,0.18,-0.18,55,55,-1,0.1,0.1,0.7,0.5,0.01,-0.00,0.00,0.00,0.00,0.00,0.35,-0.19,100,-1,0,1,-0.5,0.02,0.120,0.124,-10.42,0,26,0,214.4,1.0,1.4,55.6,0.00,0,-0.7,-0.4
74.55,fly,340.18,-140.18,0.120,1,999.7,4001.9,0.8,-1.4,0.18,-0.18,55,55,-1,-0.2,-0.3,0.7,0.5,0.01,0.00,0.00,0.00,0.00,0.00,0.24,-0.04,100,-1,0,1,0.0,0.03,0.120,0.126,-11.14,0,26,0,214.4,1.0,1.4,55.6,0.00,0,0.0,0.0
74.65,fly,338.94,-138.94,0.120,1,999.7,4001.9,0.8,-1.4,0.13,-0.18,55,55,-1,-0.1,-0.3,0.6,0.5,0.01,0.00,0.00,0.00,0.00,0.00,0.24,-0.04,100,-1,0,1,-0.5,0.02,0.120,0.126,-11.84,0,26,0,214.4,1.0,1.4,55.6,0.00,0,-0.8,-0.4
74.75,fly,337.64,-137.64,0.120,1,999.7,4001.9,0.8,-1.4,0.13,-0.18,55,55,-1,-0.2,-0.2,0.5,0.6,0.01,0.00,0.00,0.00,0.00,0.00,0.21,-0.07,100,-1,0,1,-0.5,0.03,0.120,0.125,-12.54,0,26,0,214.4,1.0,1.4,55.6,0.00,0,-0.8,-0.4
74.85,fly,336.26,-136.26,0.120,1,999.7,4001.8,0.8,-1.4,0.13,-0.18,55,54,-1,-0.2,-0.2,0.5,0.6,0.01,-0.00,0.00,0.00,0.00,0.00,0.21,-0.07,100,-1,0,1,-0.5,0.03,0.120,0.125,-13.23,0,26,0,214.6,0.9,1.3,55.4,0.00,0,-0.8,-0.3
74.95,fly,334.82,-134.82,0.120,1,999.7,4001.8,0.8,-1.3,0.13,-0.18,55,54,-1,-0.2,-0.2,0.4,0.6,0.01,-0.00,0.00,0.00,0.00,0.00,0.21,-0.07,100,-1,0,1,-0.3,0.03,0.120,0.126,-13.92,0,26,0,214.6,0.9,1.3,55.4,0.00,0,-0.4,-0.2
75.05,fly,333.31,-133.31,0.120,1,999.7,4001.8,0.8,-1.3,0.13,-0.18,55,54,-1,-0.2,-0.2,0.3,0.6,0.01,-0.00,0.00,0.00,0.00,0.00,0.21,-0.07,100,-1,0,1,-0.4,0.03,0.120,0.127,-14.60,0,26,0,214.6,0.9,1.3,55.4,0.00,0,-0.7,-0.3
75.15,fly,331.73,-131.73,0.120,1,999.8,4001.8,0.8,-1.3,0.13,-0.18,55,54,-1,-0.2,-0.2,0.3,0.7,0.01,-0.00,0.00,0.00,0.00,0.00,0.21,-0.07,100,-1,0,1,-0.3,0.03,0.120,0.127,-15.27,0,26,0,214.6,0.9,1.3,55.4,0.00,0,-0.5,-0.2
75.25,fly,330.08,-130.08,0.120,1,999.8,4001.8,0.7,-1.3,0.13,-0.18,55,54,-1,-0.2,-0.2,0.2,0.7,0.01,-0.01,0.00,0.00,0.00,0.00,0.21,-0.07,100,-1,0,1,-0.5,0.03,0.120,0.128,-15.94,0,26,0,214.8,0.8,1.2,55.2,0.00,0,-1.0,-0.3
75.35,fly,328.37,-128.37,0.120,1,999.8,4001.8,0.7,-1.3,0.13,-0.18,55,54,-1,-0.2,-0.2,0.1,0.7,0.01,-0.01,0.00,0.00,0.00,0.00,0.21,-0.07,100,-1,0,1,-0.4,0.03,0.120,0.128,-16.60,0,26,0,214.8,0.8,1.2,55.2,0.00,0,-0.8,-0.2
75.45,fly,326.60,-126.60,0.120,1,999.8,4001.7,0.7,-1.3,0.13,-0.18,54,54,-1,-0.2,-0.2,0.0,0.7,0.01,-0.01,0.00,0.00,0.00,0.00,0.21,-0.07,100,-1,0,1,-0.4,0.03,0.120,0.129,-17.26,0,26,0,214.8,0.8,1.2,55.2,0.00,0,-0.8,-0.2
75.55,fly,324.76,-124.76,0.120,1,999.8,4001.7,0.7,-1.2,0.13,-0.18,54,54,-1,-0.1,-0.2,-0.1,0.8,0.01,-0.01,0.00,0.00,0.00,0.00,0.21,-0.07,100,-1,0,1,-0.4,0.03,0.120,0.129,-17.91,0,26,0,214.8,0.8,1.2,55.2,0.00,0,-0.9,-0.2
75.65,fly,322.86,-122.86,0.120,1,999.8,4001.7,0.7,-1.2,0.13,-0.18,54,54,-1,-0.1,-0.2,-0.1,0.8,0.01,-0.01,0.00,0.00,0.00,0.00,0.21,-0.07,100,-1,0,1,-0.3,0.03,0.120,0.130,-18.56,0,26,0,214.9,0.7,1.0,55.1,0.00,0,-0.6,-0.1
75.75,fly,320.89,-120.89,0.120,1,999.8,4001.7,0.7,-1.2,0.13,-0.18,54,54,-1,-0.1,-0.2,-0.2,0.8,0.01,-0.01,0.00,0.00,0.00,0.00,0.21,-0.07,100,-1,0,1,-0.1,0.03,0.120,0.131,-19.19,0,26,0,214.9,0.7,1.0,55.1,0.00,0,-0.1,-0.0
75.85,fly,318.86,-118.86,0.120,1,999.9,4001.7,0.7,-1.2,0.13,-0.18,54,54,-1,-0.1,-0.2,-0.3,0.8,0.01,-0.01,0.00,0.00,0.00,0.00,0.21,-0.07,100,-1,0,1,-0.4,0.03,0.120,0.131,-19.83,0,26,0,214.9,0.7,1.0,55.1,0.00,0,-1.0,-0.2
75.95,fly,316.77,-116.77,0.120,1,999.9,4001.7,0.6,-1.2,0.13,-0.18,54,54,-1,-0.1,-0.1,-0.4,0.8,0.01,-0.02,0.00,0.00,0.00,0.00,0.21,-0.07,100,-1,0,1,-0.1,0.04,0.120,0.132,-20.45,0,26,0,214.9,0.7,1.0,55.1,0.00,0,-0.3,-0.0
76.05,fly,314.61,-114.61,0.120,1,999.9,4001.6,0.6,-1.2,0.15,-0.18,54,54,-1,-0.1,-0.1,-0.5,0.9,0.01,-0.02,0.00,0.00,0.00,0.00,0.21,-0.07,100,-1,0,1,-0.2,0.03,0.120,0.133,-21.07,0,26,0,215.1,0.5,0.7,54.9,0.00,0,-0.6,-0.1
76.15,fly,312.40,-112.40,0.120,1,999.9,4001.6,0.6,-1.1,0.18,-0.18,54,54,-1,-0.0,-0.2,-0.6,0.9,0.01,-0.02,0.00,0.00,0.00,0.00,0.23,-0.05,100,-1,0,1,-0.4,0.03,0.120,0.134,-21.68,0,26,0,215.1,0.5,0.7,54.9,0.00,0,-1.2,-0.2
76.25,fly,310.12,-110.12,0.120,1,999.9,4001.6,0.6,-1.1,0.18,-0.18,54,54,-1,0.0,-0.2,-0.7,0.9,0.01,-0.02,0.00,0.00,0.00,0.00,0.25,-0.04,100,-1,0,2,-0.4,0.04,0.120,0.135,-22.29,0,26,0,215.1,0.5,0.7,54.9,0.00,0,-1.2,-0.1
76.35,fly,307.80,-107.80,0.120,1,999.9,4001.6,0.6,-1.1,0.18,-0.18,54,54,-1,0.1,-0.2,-0.8,0.9,0.01,-0.02,0.00,0.00,0.00,0.00,0.25,-0.04,100,-1,0,2,-0.4,0.04,0.120,0.131,-22.89,0,26,0,215.1,0.5,0.7,54.9,0.00,0,-0.7,0.4
76.45,fly,305.42,-105.42,0.120,1,1000.0,4001.6,0.6,-1.1,0.18,-0.18,54,54,-1,0.1,-0.2,-0.8,0.8,-0.00,-0.01,0.00,0.00,0.00,0.00,0.25,-0.04,100,-1,0,2,-0.3,0.04,0.120,0.124,-23.41,0,26,0,215.2,0.2,0.3,54.8,0.00,0,-0.1,1.1
76.55,fly,302.98,-102.98,0.120,1,1000.0,4001.5,0.5,-1.1,0.18,-0.18,54,54,-1,0.1,-0.2,-0.8,0.7,-0.00,-0.01,0.00,0.00,0.00,0.00,0.25,-0.04,100,-1,0,2,-0.2,0.04,0.120,0.125,-23.93,0,26,0,215.2,0.2,0.3,54.8,0.00,0,0.0,1.0
76.65,fly,300.49,-100.49,0.120,1,1000.0,4001.5,0.5,-1.0,0.18,-0.18,54,54,-1,0.1,-0.2,-0.8,0.6,-0.01,-0.01,0.00,0.00,0.00,0.00,0.25,-0.04,100,-1,0,2,-0.2,0.04,0.120,0.125,-24.50,0,26,0,215.2,0.2,0.3,54.8,0.00,0,-0.0,1.1
76.75,fly,297.95,-97.95,0.120,1,1000.0,4001.5,0.5,-1.0,0.18,-0.18,54,54,-1,0.1,-0.2,-0.8,0.5,-0.01,-0.01,0.00,0.00,0.00,0.00,0.25,-0.04,100,-1,0,2,-0.1,0.04,0.120,0.126,-25.07,0,26,0,215.2,0.2,0.3,54.8,0.00,0,-0.0,0.8
76.85,fly,295.34,-95.34,0.120,1,1000.0,4001.5,0.5,-1.0,0.18,-0.18,54,54,-1,0.1,-0.2,-0.9,0.4,-0.01,-0.01,0.00,0.00,0.00,0.00,0.25,-0.04,100,-1,0,2,-0.1,0.04,0.120,0.127,-25.63,0,26,0,215.3,359.8,359.7,54.7,0.00,0,-0.1,0.9
76.95,fly,292.68,-92.68,0.120,1,1000.0,4001.5,0.5,-1.0,0.18,-0.18,54,54,-1,0.2,-0.2,-0.9,0.3,-0.01,-0.01,0.00,0.00,0.00,0.00,0.25,-0.04,100,-1,0,2,-0.1,0.04,0.120,0.128,-26.19,0,26,0,215.3,359.8,359.7,54.7,0.00,0,-0.1,1.1
77.05,fly,289.97,-89.97,0.120,1,1000.1,4001.5,0.5,-1.0,0.18,-0.18,54,54,-1,0.2,-0.2,-0.9,0.2,-0.01,-0.01,0.00,0.00,0.00,0.00,0.25,-0.04,100,-1,0,2,-0.1,0.04,0.120,0.128,-26.74,0,26,0,215.3,359.8,359.7,54.7,0.00,0,-0.2,1.1
77.15,fly,287.20,-87.20,0.120,1,1000.1,4001.4,0.4,-1.0,0.18,-0.18,54,54,-1,0.2,-0.2,-0.9,0.1,-0.01,-0.01,0.00,0.00,0.00,0.00,0.25,-0.04,100,-1,0,2,-0.1,0.04,0.120,0.129,-27.29,0,26,0,215.3,359.8,359.7,54.7,0.00,0,-0.2,0.8
77.25,fly,284.38,-84.38,0.120,1,1000.1,4001.4,0.4,-0.9,0.13,-0.18,54,54,-1,0.2,-0.2,-0.9,-0.0,-0.01,-0.01,0.00,0.00,0.00,0.00,0.25,-0.04,100,-1,0,2,-0.1,0.04,0.120,0.130,-27.83,0,26,0,215.3,359.3,359.0,54.7,0.00,0,-0.3,1.2
77.35,fly,281.51,-81.51,0.120,1,1000.1,4001.4,0.4,-0.9,0.13,-0.18,54,54,-1,0.1,-0.1,-0.9,-0.1,-0.01,-0.01,0.00,0.00,0.00,0.00,0.21,-0.06,100,-1,0,2,-0.1,0.04,0.120,0.131,-28.36,0,26,0,215.3,359.3,359.0,54.7,0.00,0,-0.3,1.1
77.45,fly,278.58,-78.58,0.120,1,1000.1,4001.4,0.4,-0.9,0.13,-0.18,54,54,-1,0.1,-0.1,-1.0,-0.2,-0.01,-0.02,0.00,0.00,0.00,0.00,0.21,-0.06,100,-1,0,2,-0.1,0.04,0.120,0.132,-28.89,0,26,0,215.3,359.3,359.0,54.7,0.00,0,-0.3,1.0
77.55,fly,275.60,-75.60,0.120,1,1000.1,4001.4,0.4,-0.9,0.13,-0.18,54,54,-1,0.1,-0.1,-1.0,-0.3,-0.02,-0.02,0.00,0.00,0.00,0.00,0.21,-0.06,100,-1,0,2,-0.1,0.04,0.120,0.133,-29.42,0,26,0,215.3,359.3,359.0,54.7,0.00,0,-0.4,1.1
77.65,fly,272.57,-72.57,0.120,1,1000.1,4001.4,0.4,-0.9,0.13,-0.18,54,54,-1,0.1,-0.1,-1.1,-0.4,-0.02,-0.02,0.00,0.00,0.00,0.00,0.21,-0.06,100,-1,0,2,-0.1,0.04,0.120,0.134,-29.93,0,26,0,215.4,358.8,358.3,54.6,0.00,0,-0.5,1.1
77.75,fly,269.49,-69.49,0.120,1,1000.2,4001.3,0.4,-0.9,0.13,-0.18,54,54,-1,0.2,-0.1,-1.1,-0.5,-0.02,-0.02,0.00,0.00,0.00,0.00,0.21,-0.06,100,-1,0,2,-0.0,0.04,0.120,0.135,-30.45,0,26,0,215.4,358.8,358.3,54.6,0.00,0,-0.3,0.6
77.85,fly,266.36,-66.36,0.120,1,1000.2,4001.3,0.3,-0.8,0.13,-0.18,54,54,-1,0.2,-0.1,-1.1,-0.6,-0.01,-0.01,0.00,0.00,0.00,0.00,0.21,-0.06,100,-1,0,2,-0.1,0.04,0.120,0.131,-30.95,0,26,0,215.4,358.8,358.3,54.6,0.00,0,-0.0,0.4
77.95,fly,263.19,-63.19,0.120,1,1000.2,4001.3,0.3,-0.8,0.13,-0.18,54,54,-1,0.2,-0.1,-1.1,-0.6,-0.00,-0.01,0.00,0.00,0.00,0.00,0.21,-0.06,100,-1,0,2,-0.1,0.04,0.120,0.125,-31.39,0,26,0,215.4,358.8,358.3,54.6,0.00,0,0.8,-0.1
78.05,fly,259.98,-59.98,0.120,1,1000.2,4001.3,0.3,-0.8,0.13,-0.18,54,54,-1,0.2,-0.1,-1.0,-0.6,-0.00,-0.00,0.00,0.00,0.00,0.00,0.21,-0.06,100,-1,0,2,0.0,0.04,0.120,0.122,-31.82,0,26,0,215.4,358.7,358.1,54.6,0.00,0,0.0,0.0
78.15,fly,256.71,-56.71,0.155,1,1000.2,4001.3,0.3,-0.8,0.13,-0.18,54,54,-1,0.2,-0.1,-1.0,-0.6,-0.00,-0.00,0.00,0.00,0.00,0.00,0.21,-0.06,100,-1,0,2,-0.1,0.04,0.155,0.157,-32.30,0,26,0,215.4,358.7,358.1,54.6,0.00,0,0.5,-0.1
78.25,fly,253.39,-53.39,0.229,1,1000.2,4001.2,0.3,-0.8,0.13,-0.18,54,54,-1,0.2,-0.1,-0.9,-0.6,-0.00,-0.01,0.00,0.00,0.00,0.00,0.21,-0.06,100,-1,0,2,-0.1,0.04,0.229,0.232,-32.79,0,26,0,215.4,358.7,358.1,54.6,0.00,0,0.5,-0.1
78.35,fly,250.05,-50.05,0.309,1,1000.2,4001.2,0.3,-0.7,0.13,-0.18,54,54,-1,0.2,-0.1,-0.9,-0.6,-0.00,-0.01,0.00,0.00,0.00,0.00,0.21,-0.06,100,-1,0,2,-0.1,0.04,0.309,0.312,-33.27,0,26,0,215.4,358.7,358.1,54.6,0.00,0,0.4,-0.1
78.45,fly,246.70,-46.70,0.379,1,1000.2,4001.2,0.3,-0.7,0.13,-0.18,54,54,-1,0.2,-0.1,-0.9,-0.6,-0.00,-0.01,0.00,0.00,0.00,0.00,0.21,-0.06,100,-1,0,2,-0.2,0.04,0.379,0.384,-33.49,0,26,0,215.4,358.8,358.3,54.6,0.00,0,0.5,-0.0
78.55,fly,243.39,-43.39,0.439,1,1000.3,4001.2,0.3,-0.7,0.13,-0.18,54,54,-1,0.3,-0.1,-0.9,-0.6,-0.00,-0.01,0.00,0.00,0.00,0.00,0.21,-0.06,100,-1,0,2,-0.4,0.04,0.439,0.445,-33.42,0,26,0,215.4,358.8,358.3,54.6,0.00,0,0.3,0.2
78.65,fly,240.13,-40.13,0.487,1,1000.3,4001.2,0.2,-0.7,0.13,-0.18,54,54,-1,0.3,-0.1,-0.9,-0.6,-0.00,-0.01,0.00,0.00,0.00,0.00,0.21,-0.06,100,-1,0,2,-0.1,0.05,0.487,0.494,-33.06,0,26,0,215.4,358.8,358.3,54.6,0.00,0,-0.3,0.2
78.75,fly,236.96,-36.96,0.522,1,1000.3,4001.2,0.2,-0.7,0.13,-0.18,54,54,-1,0.3,-0.1,-0.9,-0.6,-0.01,-0.02,0.00,0.00,0.00,0.00,0.21,-0.06,100,-1,0,2,-0.1,0.04,0.522,0.532,-32.42,0,26,0,215.4,358.8,358.3,54.6,0.00,0,-0.5,0.2
78.85,fly,233.90,-33.90,0.544,1,1000.3,4001.1,0.2,-0.7,0.13,-0.18,54,54,-1,0.3,-0.1,-1.0,-0.6,-0.01,-0.02,0.00,0.00,0.00,0.00,0.21,-0.06,100,-1,0,2,-0.1,0.04,0.544,0.556,-31.49,0,26,0,215.4,358.7,358.1,54.6,0.00,0,-0.9,0.3
78.95,fly,230.96,-30.96,0.552,1,1000.3,4001.1,0.2,-0.6,0.13,-0.18,54,54,-1,0.3,-0.1,-1.0,-0.7,-0.01,-0.03,0.00,0.00,0.00,0.00,0.21,-0.06,100,-1,0,2,-0.0,0.04,0.552,0.566,-30.28,0,26,0,215.4,358.7,358.1,54.6,0.00,0,-0.8,0.3
79.05,fly,228.17,-28.17,0.558,1,1000.3,4001.1,0.2,-0.6,0.18,-0.18,54,54,-1,0.3,-0.1,-1.1,-0.7,-0.00,-0.02,0.00,0.00,0.00,0.00,0.21,-0.06,100,-1,0,2,0.3,0.04,0.558,0.570,-29.04,0,26,0,215.4,358.7,358.1,54.6,0.00,0,-0.5,-0.2
79.15,fly,225.51,-25.51,0.555,1,1000.3,4001.1,0.2,-0.6,0.22,-0.35,54,54,-1,0.4,-0.1,-1.1,-0.7,-0.00,-0.02,0.00,0.00,0.00,0.00,0.25,-0.04,100,-1,0,2,0.9,0.04,0.555,0.563,-27.63,0,26,0,215.4,358.7,358.1,54.6,0.00,0,-0.1,-0.1
79.25,fly,223.01,-23.01,0.547,1,1000.4,4001.0,0.2,-0.6,0.24,-0.35,54,54,-1,0.9,0.2,-1.1,-0.7,-0.01,-0.02,0.00,0.00,0.00,0.00,0.39,-0.15,100,-1,0,2,1.7,0.02,0.547,0.556,-26.14,0,26,0,215.2,358.6,358.0,54.8,0.00,0,0.4,-0.0
79.35,fly,220.66,-20.66,0.537,1,1000.4,4001.0,0.1,-0.5,0.26,-0.35,54,54,-1,1.0,0.2,-1.0,-0.7,-0.01,-0.01,0.00,0.00,0.00,0.00,0.40,-0.14,100,-1,0,2,2.2,0.01,0.537,0.546,-24.65,0,26,0,215.2,358.6,358.0,54.8,0.00,0,0.7,0.1
79.45,fly,218.45,-18.45,0.528,1,1000.4,4001.0,0.1,-0.5,0.31,-0.53,54,54,-1,1.0,0.2,-0.9,-0.7,-0.01,-0.01,0.00,0.00,0.00,0.00,0.42,-0.13,100,-1,0,2,2.3,-0.00,0.528,0.536,-23.18,0,26,0,215.2,358.6,358.0,54.8,0.00,0,0.8,0.2
79.55,fly,216.38,-16.38,0.517,1,1000.5,4000.9,0.1,-0.5,0.31,-0.53,54,54,-1,1.5,0.5,-0.8,-0.7,-0.01,-0.01,0.00,0.00,0.00,0.00,0.56,-0.24,100,-1,0,2,2.4,-0.01,0.517,0.525,-21.72,0,26,0,215.2,358.6,358.0,54.8,0.00,0,1.2,-0.2
79.65,fly,214.44,-14.44,0.511,1,1000.5,4000.9,0.0,-0.4,0.31,-0.53,54,55,-1,1.5,0.5,-0.7,-0.6,-0.00,-0.00,0.00,0.00,0.00,0.00,0.56,-0.24,100,-1,0,2,2.5,-0.01,0.511,0.512,-20.34,0,26,0,214.3,358.9,358.4,55.7,0.00,0,1.7,-0.7
79.75,fly,212.61,-12.61,0.511,1,1000.5,4000.8,0.0,-0.4,0.31,-0.53,54,55,-1,1.6,0.6,-0.5,-0.6,0.00,0.00,0.00,0.00,0.00,0.00,0.56,-0.25,100,-1,0,2,2.5,-0.02,0.511,0.512,-19.11,0,26,0,214.3,358.9,358.4,55.7,0.00,0,1.6,-0.7
79.85,fly,210.90,-10.90,0.517,1,1000.6,4000.7,-0.0,-0.3,0.31,-0.53,54,55,-1,1.6,0.6,-0.4,-0.5,-0.00,-0.00,0.00,0.00,0.00,0.00,0.56,-0.25,100,-1,0,2,2.3,-0.02,0.517,0.518,-17.98,0,26,0,214.3,358.9,358.4,55.7,0.00,0,1.3,-0.6
79.95,fly,209.29,-9.29,0.524,1,1000.6,4000.7,-0.1,-0.2,0.31,-0.53,54,55,-1,1.6,0.6,-0.3,-0.4,-0.00,-0.00,0.00,0.00,0.00,0.00,0.56,-0.25,100,-1,0,2,2.3,-0.02,0.524,0.526,-16.86,0,26,0,214.3,358.9,358.4,55.7,0.00,0,1.1,-0.5
80.05,fly,207.80,-7.80,0.574,1,1000.6,4000.6,-0.1,-0.2,0.31,-0.53,54,56,-1,1.7,0.6,-0.2,-0.4,-0.00,-0.01,0.00,0.00,0.00,0.00,0.56,-0.25,100,-1,0,1,2.2,-0.02,0.574,0.578,-15.76,0,26,0,213.4,359.5,359.2,56.6,0.00,0,0.8,-0.4
80.15,fly,206.41,-6.41,0.633,1,1000.6,4000.6,-0.1,-0.1,0.31,-0.53,55,56,-1,1.7,0.6,-0.1,-0.4,-0.00,-0.01,0.00,0.00,0.00,0.00,0.56,-0.25,100,-1,0,1,1.9,-0.02,0.633,0.639,-14.66,0,26,0,213.4,359.5,359.2,56.6,0.00,0,0.5,-0.3
80.25,fly,205.15,-5.15,0.685,1,1000.7,4000.5,-0.1,-0.1,0.26,-0.53,55,56,-1,1.7,0.7,-0.1,-0.3,-0.01,-0.02,0.00,0.00,0.00,0.00,0.56,-0.25,100,-1,0,1,2.0,-0.02,0.685,0.694,-13.58,0,26,0,213.4,359.5,359.2,56.6,0.00,0,0.3,-0.3
80.35,fly,204.05,-4.05,0.714,1,1000.7,4000.5,-0.2,-0.0,0.26,-0.53,55,56,-1,1.7,0.8,-0.1,-0.3,-0.01,-0.02,0.00,0.00,0.00,0.00,0.52,-0.28,100,-1,0,1,1.6,-0.02,0.714,0.725,-12.25,0,26,0,213.4,359.5,359.2,56.6,0.00,0,-0.1,-0.1
80.45,fly,203.12,-3.12,0.715,1,1000.7,4000.4,-0.2,0.0,0.26,-0.53,55,56,-1,1.7,0.8,-0.1,-0.3,-0.01,-0.03,0.00,0.00,0.00,0.00,0.52,-0.28,100,-1,0,1,1.7,-0.02,0.715,0.730,-10.65,0,26,0,212.6,359.6,359.4,57.4,0.00,0,-0.4,-0.1
80.55,fly,202.38,-2.38,0.687,1,1000.8,4000.4,-0.2,0.1,0.26,-0.53,55,56,-1,1.7,0.8,-0.2,-0.3,-0.01,-0.03,0.00,0.00,0.00,0.00,0.52,-0.28,100,-1,0,0,1.6,-0.03,0.687,0.705,-8.77,0,26,0,212.6,359.6,359.4,57.4,0.00,0,-0.8,0.0
80.65,fly,201.84,-1.84,0.641,1,1000.8,4000.3,-0.3,0.1,0.26,-0.53,55,56,-1,1.8,0.8,-0.3,-0.3,-0.01,-0.04,0.00,0.00,0.00,0.00,0.52,-0.28,100,-1,0,0,1.3,-0.03,0.641,0.662,-6.88,0,26,0,212.6,359.6,359.4,57.4,0.00,0,-1.0,0.2
80.75,fly,201.48,-1.48,0.580,1,1000.8,4000.3,-0.3,0.2,0.26,-0.53,56,56,-1,1.8,0.9,-0.3,-0.3,-0.02,-0.03,0.00,0.00,0.00,0.00,0.52,-0.29,100,-1,0,0,0.6,-0.02,0.580,0.600,-5.00,0,26,0,212.6,359.6,359.4,57.4,0.00,0,-0.8,0.4
80.85,fly,201.28,-1.28,0.504,1,1000.8,4000.2,-0.3,0.2,0.31,-0.53,56,57,-1,1.8,0.9,-0.3,-0.4,-0.02,-0.03,0.00,0.00,0.00,0.00,0.51,-0.29,100,-1,0,-0,0.0,-0.01,0.504,0.523,-3.15,0,26,0,212.3,359.4,359.1,57.7,0.00,0,0.0,0.0
80.95,fly,201.23,-1.23,0.429,1,1000.9,4000.2,-0.3,0.3,0.33,-0.70,56,57,-1,2.0,0.8,-0.3,-0.4,-0.01,-0.02,0.00,0.00,0.00,0.00,0.55,-0.26,100,-1,0,-0,-1.3,-0.00,0.429,0.440,-1.56,0,26,0,212.3,359.4,359.1,57.7,0.00,0,1.0,-0.1
81.05,fly,201.28,-1.28,0.354,1,1000.9,4000.1,-0.4,0.3,0.35,-0.70,56,57,-1,2.4,1.3,-0.1,-0.4,-0.01,-0.01,0.00,0.00,0.00,0.00,0.67,-0.40,100,-1,0,-0,-1.9,0.02,0.354,0.364,-0.22,0,26,0,212.3,359.4,359.1,57.7,0.00,0,1.4,-0.1
81.15,fly,201.41,-1.41,0.290,1,1000.9,4000.0,-0.4,0.4,0.35,-0.70,56,57,-1,2.5,1.2,0.0,-0.4,-0.02,-0.01,0.00,0.00,0.00,0.00,0.68,-0.39,100,-1,0,-0,-2.3,0.03,0.290,0.299,0.76,0,26,0,212.3,359.4,359.1,57.7,0.00,0,1.6,-0.0
81.25,fly,201.58,-1.58,0.236,1,1001.0,3999.9,-0.4,0.5,0.35,-0.70,56,56,-1,2.5,1.3,0.2,-0.4,-0.02,-0.00,0.00,0.00,0.00,0.00,0.68,-0.39,100,-1,0,-0,-2.2,0.04,0.236,0.244,1.44,0,26,0,213.1,359.8,359.7,56.9,0.00,0,1.5,0.0
81.35,fly,201.77,-1.77,0.194,1,1001.0,3999.9,-0.5,0.6,0.31,-0.70,56,56,-1,2.5,1.3,0.4,-0.4,-0.02,-0.01,0.00,0.00,0.00,0.00,0.68,-0.39,100,-1,0,-0,-2.3,0.04,0.194,0.203,1.81,0,26,0,213.1,359.8,359.7,56.9,0.00,0,1.5,0.1
81.45,fly,201.95,-1.95,0.167,1,1001.0,3999.8,-0.5,0.6,0.31,-0.70,56,56,-1,2.5,1.4,0.5,-0.4,-0.02,-0.00,0.00,0.00,0.00,0.00,0.65,-0.41,100,-1,0,-0,-2.0,0.04,0.167,0.177,1.90,0,26,0,213.1,359.8,359.7,56.9,0.00,0,1.3,0.1
81.55,fly,202.08,-2.08,0.157,1,1001.1,3999.7,-0.5,0.7,0.31,-0.53,56,56,-1,2.5,1.4,0.7,-0.3,-0.02,0.00,0.00,0.00,0.00,0.00,0.65,-0.41,100,-1,0,-0,-2.1,0.03,0.157,0.163,1.69,0,26,0,213.1,359.8,359.7,56.9,0.00,0,1.8,-0.4
81.65,fly,202.17,-2.17,0.163,1,1001.1,3999.7,-0.6,0.8,0.26,-0.53,56,55,-1,2.3,1.0,0.8,-0.3,-0.01,0.01,0.00,0.00,0.00,0.00,0.55,-0.26,100,-1,0,-0,-2.0,0.04,0.163,0.169,1.26,0,26,0,213.9,0.3,0.4,56.1,0.00,0,1.9,-0.5
81.75,fly,202.20,-2.20,0.178,1,1001.1,3999.6,-0.6,0.8,0.26,-0.53,56,55,-1,2.2,1.1,1.0,-0.3,-0.01,0.01,0.00,0.00,0.00,0.00,0.51,-0.29,100,-1,0,-0,-1.7,0.04,0.178,0.184,0.74,0,26,0,213.9,0.3,0.4,56.1,0.00,0,1.7,-0.5
81.85,fly,202.18,-2.18,0.199,1,1001.1,3999.6,-0.6,0.9,0.24,-0.53,56,55,-1,2.2,1.1,1.2,-0.2,-0.01,0.01,0.00,0.00,0.00,0.00,0.52,-0.29,100,-1,0,0,-1.5,0.03,0.199,0.204,0.22,0,26,0,213.9,0.3,0.4,56.1,0.00,0,1.5,-0.5
81.95,fly,202.12,-2.12,0.224,1,1001.2,3999.5,-0.6,0.9,0.22,-0.53,56,55,-1,2.2,1.2,1.3,-0.1,-0.01,0.01,0.00,0.00,0.00,0.00,0.50,-0.30,100,-1,0,0,-1.5,0.03,0.224,0.230,-0.30,0,26,0,213.9,0.3,0.4,56.1,0.00,0,1.5,-0.6
82.05,fly,202.00,-2.00,0.254,1,1001.2,3999.5,-0.7,1.0,0.22,-0.53,55,54,-1,2.2,1.2,1.4,-0.1,-0.00,0.00,0.00,0.00,0.00,0.00,0.48,-0.31,100,-1,0,0,-1.4,0.04,0.254,0.255,-0.81,0,26,0,214.5,0.9,1.3,55.4,0.00,0,0.9,-1.1
82.15,fly,201.85,-1.85,0.284,1,1001.2,3999.4,-0.7,1.0,0.18,-0.53,55,54,-1,2.2,1.2,1.5,0.1,0.00,-0.00,0.00,0.00,0.00,0.00,0.48,-0.31,100,-1,0,0,-1.3,0.04,0.284,0.286,-1.25,0,26,0,214.5,0.9,1.3,55.4,0.00,0,0.7,-1.1
82.25,fly,201.69,-1.69,0.306,1,1001.2,3999.4,-0.7,1.1,0.18,-0.53,55,54,-1,2.2,1.3,1.6,0.2,0.00,-0.00,0.00,0.00,0.00,0.00,0.45,-0.33,100,-1,0,1,-1.0,0.04,0.306,0.309,-1.49,0,26,0,214.5,0.9,1.3,55.4,0.00,0,0.5,-0.9
82.35,fly,201.52,-1.52,0.328,1,1001.2,3999.3,-0.7,1.1,0.13,-0.53,55,54,-1,2.2,1.3,1.6,0.3,0.00,-0.01,0.00,0.00,0.00,0.00,0.45,-0.33,100,-1,0,1,-0.8,0.03,0.328,0.332,-1.70,0,26,0,214.5,0.9,1.3,55.4,0.00,0,0.3,-0.8
82.40,climb,201.44,148.56,0.462,1,1001.2,3999.3,891.3,-3633.8,0.11,-0.35,55,54,-1,0.0,0.0,1.6,0.3,0.00,0.02,0.00,0.00,0.00,0.00,0.41,-0.36,100,-1,0,-2,-1.2,-0.01,0.462,0.470,-1.65,0,26,0,215.0,1.4,2.1,55.0,0.00,0,0.3,-1.1
82.50,climb,201.28,148.72,0.726,1,1001.2,3999.3,891.3,-3633.8,0.11,-0.35,55,54,-1,0.0,0.0,1.6,0.4,0.02,0.02,0.00,0.00,0.00,0.00,0.29,-0.22,100,-1,0,-4,-1.2,-0.06,0.726,0.741,-1.57,0,26,0,215.0,1.4,2.1,55.0,0.00,0,0.3,-1.1
82.60,climb,201.18,148.82,0.986,1,1001.3,3999.2,891.2,-3633.8,0.04,-0.35,55,54,-1,0.0,0.0,1.6,0.5,0.02,0.01,0.00,0.00,0.00,0.00,0.28,-0.24,100,-1,0,-7,-1.1,-0.13,0.987,0.996,-1.22,0,26,0,215.0,1.4,2.1,55.0,0.00,0,-1.7,-0.5
82.70,climb,201.22,148.78,1.000,1,1001.3,3999.2,891.2,-3633.7,0.04,-0.35,55,54,-1,0.0,0.0,1.4,0.5,0.01,-0.02,0.00,0.00,0.00,0.00,0.24,-0.26,100,-1,1,-10,-1.1,-0.18,1.000,1.000,-0.01,0,26,0,215.0,1.4,2.1,55.0,0.00,0,-1.7,-0.5
82.80,climb,201.53,148.47,1.000,1,1001.3,3999.2,891.2,-3633.7,-0.04,0.00,54,53,-1,0.0,0.0,1.1,0.4,-0.01,-0.04,0.00,0.00,0.00,0.00,0.08,-0.16,100,-1,1,-13,-5.8,-0.21,1.000,1.000,2.28,0,26,0,215.6,1.2,1.6,54.4,0.00,0,-3.8,1.9
82.90,climb,202.14,147.86,1.000,1,1001.3,3999.2,891.2,-3633.7,-0.04,0.00,54,53,-1,0.0,0.0,0.7,0.2,-0.03,-0.05,0.00,0.00,0.00,0.00,-0.04,-0.03,100,-1,1,-16,-5.8,-0.20,1.000,1.000,5.33,0,26,0,215.6,1.2,1.6,54.4,0.00,0,-3.8,1.9
83.00,climb,203.08,146.92,1.000,1,1001.2,3999.2,891.3,-3633.7,-0.09,0.00,54,53,-1,0.0,0.0,0.2,-0.1,-0.05,-0.06,0.00,0.00,0.00,0.00,-0.07,-0.05,100,-1,1,-19,-17.5,-0.16,1.000,1.000,8.53,0,26,0,215.6,1.2,1.6,54.4,0.00,0,-4.2,3.2
83.10,climb,204.34,145.66,1.000,1,1001.2,3999.2,891.3,-3633.7,-0.04,-0.09,54,53,-1,0.0,0.0,-0.2,-0.5,-0.05,-0.06,0.00,0.00,0.00,0.00,-0.07,-0.05,100,-1,1,-22,-24.8,-0.08,1.000,1.000,11.70,0,26,0,215.6,1.2,1.6,54.4,0.00,0,-2.8,2.7
83.20,climb,205.90,144.10,1.000,1,1001.2,3999.2,891.3,-3633.7,-0.04,-0.09,53,47,-1,0.0,0.0,-0.4,-0.7,-0.04,-0.04,0.00,0.00,0.00,0.00,0.02,-0.10,100,-1,1,-24,-24.8,0.03,1.000,1.000,14.83,0,26,0,222.2,358.9,358.8,47.8,0.00,0,-2.8,2.7
83.30,climb,207.77,142.23,1.000,1,1001.2,3999.2,891.3,-3633.7,0.00,-0.26,52,47,-1,0.0,0.0,-0.5,-0.7,-0.01,-0.01,0.00,0.00,0.00,0.00,0.16,-0.21,100,-1,1,-26,-31.4,0.12,1.000,1.000,17.93,0,26,0,222.2,358.9,358.8,47.8,0.00,0,-0.7,1.1
83.40,climb,209.94,140.06,1.000,1,1001.2,3999.1,891.3,-3633.6,0.00,-0.62,51,47,-1,0.0,0.0,-0.4,-0.6,0.02,0.01,0.00,0.00,0.00,0.00,0.28,-0.34,100,-1,1,-28,-36.3,0.16,1.000,1.000,21.00,0,26,0,222.2,358.9,358.8,47.8,0.00,0,2.9,-2.6
83.50,climb,212.42,137.58,1.000,1,1001.2,3999.1,891.3,-3633.6,0.00,-0.62,51,47,-1,0.0,0.0,-0.1,-0.2,0.05,0.05,0.00,0.00,0.00,0.00,0.39,-0.48,100,-1,1,-30,-36.3,0.12,1.000,1.000,24.04,0,26,0,222.2,358.9,358.8,47.8,0.00,0,2.9,-2.6
83.60,climb,215.19,134.81,1.000,1,1001.2,3998.9,891.3,-3633.5,-0.04,-0.70,48,33,-1,0.0,0.0,0.4,0.2,0.07,0.07,0.00,0.00,0.00,0.00,0.44,-0.55,100,-1,1,-31,-29.2,0.07,1.000,1.000,27.06,0,26,0,235.9,0.8,0.5,34.1,0.00,0,5.0,-5.5
83.70,climb,218.26,131.74,1.000,1,1001.2,3998.9,891.3,-3633.4,-0.04,-0.70,46,33,-1,0.0,0.0,0.9,0.8,0.09,0.09,0.00,0.00,0.00,0.00,0.46,-0.53,100,-1,1,-31,-24.5,-0.04,1.000,1.000,30.05,0,26,0,235.9,0.8,0.5,34.1,0.00,0,4.3,-5.2
83.80,climb,221.63,128.37,0.951,1,1001.2,3998.8,891.3,-3633.4,0.02,-0.44,44,33,-1,0.0,0.0,1.3,1.2,0.08,0.08,0.00,0.00,0.00,0.00,0.48,-0.52,100,-1,1,-32,-21.4,-0.16,0.952,1.000,33.00,0,26,0,235.9,0.8,0.5,34.1,0.00,0,2.0,-3.3
83.90,climb,225.29,124.71,0.789,1,1001.2,3998.8,891.3,-3633.3,0.02,-0.44,42,33,-1,0.0,0.0,1.5,1.4,0.04,0.04,0.00,0.00,0.00,0.00,0.34,-0.28,100,-1,0,-34,-21.4,-0.25,0.792,0.826,35.93,0,26,0,235.9,0.8,0.5,34.1,0.00,0,2.0,-3.3
84.00,climb,229.23,120.77,0.625,1,1001.2,3998.8,891.3,-3633.3,0.22,0.18,39,24,-1,0.0,0.0,1.2,1.2,-0.02,-0.03,0.00,0.00,0.00,0.00,0.15,0.05,100,-1,0,-34,-22.7,-0.26,0.628,0.647,38.70,0,26,0,245.3,3.8,1.7,24.7,0.00,0,-6.2,4.7
84.10,climb,233.38,116.62,0.478,1,1001.3,3998.8,891.3,-3633.3,0.29,0.35,37,24,-1,0.0,0.0,0.5,0.6,-0.08,-0.09,0.00,0.00,0.00,0.00,-0.01,0.28,100,-1,0,-35,-26.2,-0.24,0.480,0.549,40.98,0,26,0,245.3,3.8,1.7,24.7,0.00,0,-8.6,7.2
84.20,climb,237.67,112.33,0.362,1,1001.3,3998.9,891.2,-3633.3,0.31,0.35,35,24,-1,0.0,0.0,-0.3,-0.2,-0.11,-0.13,0.00,0.00,0.00,0.00,-0.12,0.44,100,-1,0,-36,-29.5,-0.19,0.363,0.463,42.49,0,26,0,245.3,3.8,1.7,24.7,0.00,0,-8.9,7.5
84.30,climb,242.03,107.97,0.274,1,1001.3,3998.9,891.2,-3633.4,0.31,0.35,33,24,-1,0.0,0.0,-1.2,-0.8,-0.11,-0.14,0.00,0.00,0.00,0.00,-0.12,0.45,100,-1,0,-37,-29.5,-0.15,0.274,0.375,43.36,0,26,0,245.3,3.8,1.7,24.7,0.00,0,-8.9,7.5
84.40,climb,246.39,103.61,0.212,1,1001.3,3998.9,891.2,-3633.4,0.26,0.35,30,12,-1,0.0,0.0,-1.9,-1.3,-0.08,-0.13,0.00,0.00,0.00,0.00,-0.17,0.40,100,-1,0,-37,-31.8,-0.10,0.213,0.293,43.62,0,26,0,256.6,350.7,357.8,13.4,0.00,0,-7.1,5.8
84.50,climb,250.71,99.29,0.177,1,1001.4,3998.9,891.1,-3633.4,0.20,0.18,27,12,-1,0.0,0.0,-2.4,-1.4,-0.03,-0.09,0.00,0.00,0.00,0.00,-0.06,0.26,100,-1,0,-37,-32.7,-0.09,0.177,0.226,43.33,0,26,0,256.6,350.7,357.8,13.4,0.00,0,-4.3,3.2
84.60,climb,254.96,95.04,0.158,1,1001.4,3998.9,891.1,-3633.4,0.09,0.00,25,12,-1,0.0,0.0,-2.5,-1.3,0.00,-0.04,0.00,0.00,0.00,0.00,0.06,0.12,100,-1,0,-38,-32.3,-0.10,0.158,0.175,42.71,0,26,0,256.6,350.7,357.8,13.4,0.00,0,1.4,-1.2
84.70,climb,259.12,90.88,0.150,1,1001.4,3998.9,891.1,-3633.4,0.09,0.00,23,12,-1,0.0,0.0,-2.3,-1.0,0.04,-0.00,0.00,0.00,0.00,0.00,0.03,0.08,100,-1,0,-39,-32.3,-0.13,0.150,0.166,41.86,0,26,0,256.6,350.7,357.8,13.4,0.00,0,1.4,-1.2
84.80,climb,263.18,86.82,0.146,1,1001.4,3998.9,891.1,-3633.4,0.04,-0.18,20,360,-1,0.0,0.0,-2.1,-0.6,0.05,0.02,0.00,0.00,0.00,0.00,0.18,-0.02,99,-1,0,-38,-31.4,-0.14,0.146,0.172,40.93,0,26,0,269.5,283.4,357.9,0.5,0.00,0,2.8,-2.5
84.90,climb,267.16,82.84,0.141,1,1001.4,3998.9,891.1,-3633.4,0.00,-0.18,17,360,-1,0.0,0.0,-1.8,-0.2,0.06,0.03,0.00,0.00,0.00,0.00,0.17,-0.05,99,-1,0,-38,-29.8,-0.15,0.141,0.175,40.01,0,26,0,269.5,283.4,357.9,0.5,0.00,0,3.5,-2.5
85.00,climb,271.03,78.97,0.139,1,1001.4,3998.9,891.1,-3633.4,0.00,-0.18,14,360,-1,0.0,0.0,-1.4,0.1,0.05,0.04,0.00,0.00,0.00,0.00,0.17,-0.04,99,-1,0,-39,-28.9,-0.17,0.140,0.173,39.05,0,26,0,269.5,283.4,357.9,0.5,0.00,0,3.6,-1.3
85.10,climb,274.80,75.20,0.142,1,1001.4,3998.9,891.1,-3633.4,0.00,-0.18,12,360,-1,0.0,0.0,-1.1,0.2,0.03,0.04,0.00,0.00,0.00,0.00,0.17,-0.04,99,-1,0,-39,-28.9,-0.21,0.142,0.171,38.00,0,26,0,269.5,283.4,357.9,0.5,0.00,0,3.6,-1.3
85.20,climb,278.48,71.52,0.143,1,1001.4,3998.8,891.1,-3633.4,0.04,-0.18,8,348,-1,0.0,0.0,-0.7,0.3,0.01,0.04,0.00,0.00,0.00,0.00,0.17,-0.02,99,-1,0,-39,-27.6,-0.21,0.143,0.164,37.00,0,26,0,281.2,184.0,359.2,348.8,0.00,0,2.6,0.6
85.30,climb,282.06,67.94,0.141,1,1001.4,3998.8,891.1,-3633.3,0.04,-0.18,5,348,-1,0.0,0.0,-0.5,0.2,-0.01,0.03,0.00,0.00,0.00,0.00,0.18,0.03,99,-1,0,-39,-27.6,-0.22,0.142,0.157,36.05,0,26,0,281.2,184.0,359.2,348.8,0.00,0,2.6,0.6
85.40,climb,285.54,64.46,0.141,1,1001.4,3998.8,891.1,-3633.3,0.04,-0.18,2,348,-1,0.0,0.0,-0.3,0.1,-0.01,0.02,0.00,0.00,0.00,0.00,0.18,0.04,99,-1,0,-39,-26.7,-0.24,0.141,0.153,35.09,0,26,0,281.2,184.0,359.2,348.8,0.00,0,0.1,1.4
85.50,climb,288.93,61.07,0.105,1,1001.4,3998.8,891.1,-3633.3,0.04,-0.18,0,348,-1,0.0,0.0,-0.4,0.0,-0.02,-0.01,0.00,0.00,0.00,0.00,0.18,0.04,99,-1,0,-40,-26.7,-0.26,0.105,0.116,34.08,0,26,0,281.2,184.0,359.2,348.8,0.00,0,0.1,1.4
85.60,climb,292.22,57.78,0.062,1,1001.4,3998.8,891.1,-3633.3,0.09,-0.18,357,337,-1,0.0,0.0,-0.5,-0.1,-0.02,-0.03,0.00,0.00,0.00,0.00,0.17,0.10,99,-1,0,-39,-26.5,-0.25,0.062,0.080,33.12,0,26,0,291.9,181.2,359.5,338.1,0.00,0,-1.2,1.4
85.70,climb,295.40,54.60,0.022,1,1001.4,3998.8,891.1,-3633.3,0.04,-0.18,354,337,-1,0.0,0.0,-0.7,-0.2,-0.01,-0.03,0.00,0.00,0.00,0.00,0.16,0.11,99,-1,0,-39,-25.5,-0.26,0.022,0.041,32.13,0,26,0,291.9,181.2,359.5,338.1,0.00,0,-1.5,0.8
85.80,climb,298.47,51.53,0.000,1,1001.4,3998.7,891.1,-3633.3,0.04,-0.18,351,337,-1,0.0,0.0,-0.8,-0.2,-0.01,-0.03,0.00,0.00,0.00,0.00,0.17,0.07,99,-1,1,-40,-25.1,-0.28,0.000,0.000,30.91,0,26,0,291.9,181.2,359.5,338.1,0.00,0,-1.7,1.0
85.90,climb,301.41,48.59,0.000,1,1001.4,3998.7,891.1,-3633.2,0.04,-0.18,349,337,-1,0.0,0.0,-1.0,-0.3,-0.01,-0.04,0.00,0.00,0.00,0.00,0.16,0.08,99,-1,1,-40,-24.7,-0.30,0.000,0.000,29.74,0,26,0,291.9,181.2,359.5,338.1,0.00,0,-1.6,0.9
86.00,climb,304.24,45.76,0.000,1,1001.4,3998.7,891.1,-3633.2,0.04,-0.18,346,327,-1,0.0,0.0,-1.2,-0.3,-0.01,-0.04,0.00,0.00,0.00,0.00,0.16,0.09,99,-1,1,-40,-24.7,-0.31,0.000,0.000,28.57,0,26,0,302.0,181.6,359.0,328.0,0.00,0,-1.6,0.9
86.10,climb,306.95,43.05,0.000,1,1001.4,3998.7,891.1,-3633.2,0.04,-0.18,343,327,-1,0.0,0.0,-1.3,-0.3,-0.01,-0.04,0.00,0.00,0.00,0.00,0.15,0.09,99,-1,1,-40,-24.3,-0.31,0.000,0.000,27.36,0,26,0,302.0,181.6,359.0,328.0,0.00,0,-1.4,0.7
86.20,climb,309.52,40.48,0.000,1,1001.4,3998.7,891.1,-3633.2,0.04,-0.18,340,327,-1,0.0,0.0,-1.5,-0.3,-0.00,-0.04,0.00,0.00,0.00,0.00,0.15,0.10,99,-1,1,-41,-23.8,-0.32,0.000,0.000,26.10,0,26,0,302.0,181.6,359.0,328.0,0.00,0,-1.3,0.6
86.30,climb,311.97,38.03,0.000,1,1001.4,3998.7,891.1,-3633.2,0.04,-0.18,338,327,-1,0.0,0.0,-1.6,-0.3,-0.00,-0.04,0.00,0.00,0.00,0.00,0.15,0.11,99,-1,1,-42,-23.2,-0.34,0.000,0.000,24.80,0,26,0,302.0,181.6,359.0,328.0,0.00,0,-1.2,0.5
86.40,climb,314.28,35.72,0.000,1,1001.4,3998.6,891.1,-3633.1,0.00,-0.18,335,318,-1,0.0,0.0,-1.7,-0.3,0.00,-0.04,0.00,0.00,0.00,0.00,0.16,0.07,99,-1,1,-42,-22.6,-0.35,0.000,0.000,23.48,0,26,0,311.4,181.7,358.5,318.7,0.00,0,-1.1,0.4
86.50,climb,316.47,33.53,0.000,1,1001.4,3998.6,891.1,-3633.1,0.00,-0.18,332,318,-1,0.0,0.0,-1.9,-0.3,0.00,-0.04,0.00,0.00,0.00,0.00,0.16,0.08,99,-1,1,-42,-21.7,-0.36,0.000,0.000,22.16,0,26,0,311.4,181.7,358.5,318.7,0.00,0,-1.1,0.5
86.60,climb,318.52,31.48,0.000,1,1001.4,3998.6,891.1,-3633.1,0.00,-0.18,330,318,-1,0.0,0.0,-2.0,-0.2,0.00,-0.04,0.00,0.00,0.00,0.00,0.15,0.09,99,-1,1,-43,-21.4,-0.37,0.000,0.000,20.87,0,26,0,311.4,181.7,358.5,318.7,0.00,0,-1.1,0.5
86.70,climb,320.45,29.55,0.013,1,1001.4,3998.6,891.1,-3633.1,0.00,-0.18,328,318,-1,0.0,0.0,-2.1,-0.2,0.00,-0.04,0.00,0.00,0.00,0.00,0.15,0.09,99,-1,1,-44,-21.4,-0.37,0.013,0.027,19.58,0,26,0,311.4,181.7,358.5,318.7,0.00,0,-1.1,0.5
86.80,climb,322.25,27.75,0.023,1,1001.4,3998.6,891.1,-3633.1,0.00,-0.18,325,309,-1,0.0,0.0,-2.2,-0.2,0.00,-0.04,0.00,0.00,0.00,0.00,0.14,0.10,99,-1,0,-44,-21.1,-0.38,0.023,0.041,18.31,0,26,0,320.0,181.7,358.0,310.1,0.00,0,-1.1,0.5
86.90,climb,323.92,26.08,0.036,1,1001.4,3998.5,891.1,-3633.1,0.00,-0.18,323,309,-1,0.0,0.0,-2.3,-0.2,0.00,-0.04,0.00,0.00,0.00,0.00,0.14,0.11,99,-1,0,-44,-20.7,-0.38,0.037,0.055,17.05,0,26,0,320.0,181.7,358.0,310.1,0.00,0,-1.0,0.6
87.00,climb,325.47,24.53,0.053,1,1001.4,3998.5,891.1,-3633.0,0.00,-0.18,321,309,-1,0.0,0.0,-2.4,-0.1,0.00,-0.04,0.00,0.00,0.00,0.00,0.14,0.11,99,-1,0,-45,-20.5,-0.39,0.053,0.072,15.80,0,26,0,320.0,181.7,358.0,310.1,0.00,0,-1.0,0.6
87.10,climb,326.89,23.11,0.073,1,1001.4,3998.5,891.1,-3633.0,0.00,-0.18,319,309,-1,0.0,0.0,-2.5,-0.1,0.00,-0.04,0.00,0.00,0.00,0.00,0.13,0.12,99,-1,0,-46,-20.5,-0.39,0.074,0.093,14.57,0,26,0,320.0,181.7,358.0,310.1,0.00,0,-1.0,0.6
87.20,climb,328.20,21.80,0.097,1,1001.4,3998.5,891.1,-3633.0,0.00,-0.18,316,301,-1,0.0,0.0,-2.6,-0.1,0.00,-0.05,0.00,0.00,0.00,0.00,0.13,0.12,99,-1,0,-47,-20.3,-0.39,0.098,0.117,13.34,0,26,0,328.2,181.6,357.5,301.8,0.00,0,-1.0,0.6
87.30,climb,329.38,20.62,0.123,1,1001.4,3998.5,891.1,-3633.0,0.00,-0.18,314,301,-1,0.0,0.0,-2.7,-0.0,0.00,-0.04,0.00,0.00,0.00,0.00,0.12,0.13,99,-1,0,-47,-20.2,-0.40,0.125,0.144,12.14,0,26,0,328.2,181.6,357.5,301.8,0.00,0,-0.4,0.5
87.40,climb,330.45,19.55,0.152,1,1001.4,3998.5,891.1,-3633.0,0.00,-0.18,312,301,-1,0.0,0.0,-2.7,0.0,0.01,-0.04,0.00,0.00,0.00,0.00,0.12,0.13,99,-1,0,-48,-20.2,-0.40,0.154,0.171,10.99,0,26,0,328.2,181.6,357.5,301.8,0.00,0,-0.4,0.5
87.50,climb,331.42,18.58,0.180,1,1001.4,3998.4,891.1,-3633.0,-0.04,-0.18,310,301,-1,0.0,0.0,-2.7,0.1,0.01,-0.02,0.00,0.00,0.00,0.00,0.11,0.13,99,-1,0,-50,-21.4,-0.39,0.182,0.194,9.92,0,26,0,328.2,181.6,357.5,301.8,0.00,0,1.7,0.0
87.60,climb,332.30,17.70,0.203,1,1001.4,3998.4,891.1,-3632.9,-0.04,-0.18,307,293,-1,0.0,0.0,-2.5,0.2,0.02,0.00,0.00,0.00,0.00,0.00,0.14,0.11,99,-1,0,-50,-23.0,-0.37,0.205,0.212,9.01,0,26,0,336.5,181.3,357.1,293.6,0.00,0,2.8,-0.3
87.70,climb,333.10,16.90,0.221,1,1001.4,3998.4,891.1,-3632.9,-0.04,-0.18,305,293,-1,0.0,0.0,-2.1,0.3,0.02,0.02,0.00,0.00,0.00,0.00,0.14,0.12,99,-1,0,-51,-23.0,-0.34,0.223,0.240,8.25,0,26,0,336.5,181.3,357.1,293.6,0.00,0,2.8,-0.3
87.80,climb,333.85,16.15,0.235,1,1001.4,3998.4,891.1,-3632.9,-0.13,-0.18,303,293,-1,0.0,0.0,-1.7,0.4,0.02,0.04,0.00,0.00,0.00,0.00,0.17,0.10,99,-1,0,-52,-27.8,-0.30,0.236,0.258,7.63,0,26,0,336.5,181.3,357.1,293.6,0.00,0,4.2,0.4
87.90,climb,334.57,15.43,0.238,1,1001.4,3998.4,891.1,-3632.9,-0.13,-0.18,302,293,-1,0.0,0.0,-1.3,0.4,0.01,0.05,0.00,0.00,0.00,0.00,0.20,0.08,99,-1,0,-53,-30.7,-0.24,0.239,0.262,7.21,0,26,0,336.5,181.3,357.1,293.6,0.00,0,4.0,0.4
88.00,climb,335.25,14.75,0.237,1,1001.4,3998.4,891.1,-3632.9,-0.13,-0.18,299,282,-1,0.0,0.0,-0.9,0.5,0.01,0.05,0.00,0.00,0.00,0.00,0.20,0.09,99,-1,0,-53,-30.7,-0.19,0.237,0.260,6.92,0,26,0,347.3,180.7,357.1,282.7,0.00,0,4.0,0.4
88.10,climb,335.91,14.09,0.236,1,1001.4,3998.3,891.1,-3632.8,-0.13,-0.35,296,282,-1,0.0,0.0,-0.5,0.5,0.00,0.05,0.00,0.00,0.00,0.00,0.23,0.18,99,-1,0,-54,-35.6,-0.13,0.236,0.257,6.63,0,26,0,347.3,180.7,357.1,282.7,0.00,0,3.3,0.5
88.20,climb,336.54,13.46,0.235,1,1001.4,3998.3,891.1,-3632.8,-0.13,-0.35,294,282,-1,0.0,0.0,-0.1,0.4,-0.00,0.05,0.00,0.00,0.00,0.00,0.26,0.27,99,-1,0,-54,-35.6,-0.09,0.235,0.254,6.34,0,26,0,347.3,180.7,357.1,282.7,0.00,0,3.3,0.5
88.30,climb,337.14,12.86,0.235,1,1001.4,3998.2,891.1,-3632.8,-0.09,-0.35,292,282,-1,0.0,0.0,0.2,0.4,-0.00,0.04,0.00,0.00,0.00,0.00,0.25,0.28,99,-1,0,-53,-39.1,-0.05,0.235,0.253,6.06,0,26,0,347.3,180.7,357.1,282.7,0.00,0,2.2,0.5
88.40,climb,337.71,12.29,0.236,1,1001.3,3998.2,891.1,-3632.7,-0.09,-0.35,288,267,-1,0.0,0.0,0.4,0.3,-0.01,0.03,0.00,0.00,0.00,0.00,0.19,0.31,99,-1,0,-49,-40.1,-0.02,0.236,0.252,5.78,0,26,0,2.1,180.3,188.8,267.9,0.00,0,1.6,0.4
88.50,climb,338.25,11.75,0.237,1,1001.3,3998.2,891.2,-3632.7,-0.09,-0.35,285,267,-1,0.0,0.0,0.6,0.2,-0.01,0.03,0.00,0.00,0.00,0.00,0.18,0.32,99,-1,0,-46,-40.1,0.00,0.237,0.251,5.50,0,26,0,2.1,180.3,188.8,267.9,0.00,0,1.6,0.4
88.60,climb,338.77,11.23,0.238,1,1001.3,3998.1,891.2,-3632.7,-0.04,-0.35,282,267,-1,0.0,0.0,0.7,0.1,-0.01,0.02,0.00,0.00,0.00,0.00,0.12,0.33,99,-1,0,-43,-41.2,0.02,0.238,0.250,5.23,0,26,0,2.1,180.3,188.8,267.9,0.00,0,0.6,0.4
88.70,climb,339.26,10.74,0.240,1,1001.3,3998.1,891.2,-3632.6,-0.04,-0.35,280,267,-1,0.0,0.0,0.7,0.0,-0.01,0.01,0.00,0.00,0.00,0.00,0.10,0.34,99,-1,0,-41,-41.2,0.02,0.240,0.250,4.96,0,26,0,2.1,180.3,188.8,267.9,0.00,0,0.6,0.4
88.80,climb,339.72,10.28,0.243,1,1001.3,3998.1,891.2,-3632.6,0.00,-0.35,275,251,-1,0.0,0.0,0.7,-0.1,-0.02,0.00,0.00,0.00,0.00,0.00,0.03,0.35,99,-1,0,-37,-41.4,0.10,0.243,0.251,4.69,0,26,0,18.5,180.2,180.6,251.5,0.00,0,0.2,0.5
88.90,climb,340.16,9.84,0.246,1,1001.3,3998.1,891.2,-3632.6,0.00,-0.35,272,251,-1,0.0,0.0,0.7,-0.2,-0.02,-0.00,0.00,0.00,0.00,0.00,0.01,0.35,99,-1,0,-33,-41.3,0.17,0.247,0.254,4.42,0,26,0,18.5,180.2,180.6,251.5,0.00,0,-0.0,0.5
89.00,climb,340.57,9.43,0.251,1,1001.3,3998.0,891.2,-3632.5,0.04,-0.35,268,251,-1,0.0,0.0,0.7,-0.3,-0.02,-0.01,0.00,0.00,0.00,0.00,-0.03,0.35,99,-1,0,-30,-40.5,0.23,0.251,0.261,4.16,0,26,0,18.5,180.2,180.6,251.5,0.00,0,-0.6,0.4
89.10,climb,340.96,9.04,0.255,1,1001.3,3998.0,891.2,-3632.5,0.04,-0.35,266,251,-1,0.0,0.0,0.6,-0.3,-0.02,-0.01,0.00,0.00,0.00,0.00,-0.07,0.35,99,-1,0,-27,-39.3,0.27,0.256,0.268,3.90,0,26,0,18.5,180.2,180.6,251.5,0.00,0,-0.8,0.4
89.20,climb,341.32,8.68,0.261,1,1001.3,3998.0,891.2,-3632.5,0.04,-0.35,261,234,-1,0.0,0.0,0.5,-0.4,-0.02,-0.02,0.00,0.00,0.00,0.00,-0.10,0.34,99,-1,0,-22,-39.3,0.35,0.263,0.276,3.64,0,26,0,34.6,179.9,179.9,235.4,0.00,0,-0.8,0.4
89.30,climb,341.65,8.35,0.265,1,1001.4,3997.9,891.2,-3632.4,0.09,-0.35,257,234,-1,0.0,0.0,0.4,-0.4,-0.01,-0.01,0.00,0.00,0.00,0.00,-0.17,0.32,99,-1,0,-18,-35.5,0.40,0.268,0.277,3.41,0,26,0,34.6,179.9,179.9,235.4,0.00,0,-0.1,-0.5
89.40,cruise,341.97,8.03,0.318,1,1001.4,3997.8,891.1,-3632.4,0.09,-0.35,253,234,-1,4.0,4.0,0.4,-0.4,-0.05,-0.06,0.00,0.00,0.00,0.00,-0.19,0.31,99,-1,0,-14,-32.6,0.42,0.322,0.355,3.22,0,26,0,34.6,179.9,179.9,235.4,0.00,0,0.6,-0.8
89.50,cruise,342.27,7.73,0.320,1,1001.4,3997.8,891.1,-3632.3,0.09,-0.35,250,234,-1,8.0,8.0,0.4,-0.3,-0.09,-0.09,0.00,0.00,0.00,0.00,-0.20,0.30,99,-1,0,14,-28.9,0.90,0.337,0.395,3.07,0,26,0,45.0,180.1,180.1,225.0,0.00,1,1.6,-1.0
89.60,cruise,342.58,7.42,0.315,1,1001.4,3997.8,891.1,-3632.3,0.09,-0.35,246,221,-1,12.0,12.0,0.6,-0.3,-0.14,-0.12,0.00,0.00,0.00,0.00,-0.22,0.28,99,-1,0,17,-28.9,0.90,0.332,0.412,3.04,0,26,0,47.8,180.4,180.4,222.2,0.00,1,1.6,-1.0
89.70,cruise,342.90,7.10,0.300,1,1001.4,3997.8,891.1,-3632.3,0.09,-0.18,242,221,-1,16.0,16.0,0.9,-0.0,-0.17,-0.14,0.00,0.00,0.00,0.00,-0.16,0.11,99,-1,0,19,-23.7,0.85,0.314,0.407,3.20,0,26,0,50.0,181.0,180.9,220.0,0.00,1,2.7,-2.0
89.80,cruise,343.23,6.77,0.281,1,1001.4,3997.8,891.1,-3632.3,0.09,-0.18,239,221,-1,20.0,20.0,1.5,0.4,-0.17,-0.14,0.00,0.00,0.00,0.00,-0.17,0.10,99,-1,0,20,-16.0,0.72,0.290,0.378,3.41,0,26,0,51.3,182.2,181.8,218.7,0.00,1,4.8,-4.0
89.90,cruise,343.58,6.42,0.266,1,1001.4,3997.8,891.1,-3632.3,0.09,0.00,236,221,-1,24.0,24.0,2.4,1.1,-0.16,-0.10,0.00,0.00,0.00,0.00,-0.17,0.10,99,-1,0,21,1.9,0.55,0.271,0.340,3.54,0,26,0,51.8,184.2,183.3,218.2,0.00,1,11.9,-9.4
90.00,cruise,343.91,6.09,0.254,1,1001.4,3997.8,891.1,-3632.3,0.09,0.00,233,218,-1,28.0,28.0,3.6,2.2,-0.13,-0.06,0.00,0.00,0.00,0.00,-0.07,-0.05,99,-1,0,20,1.9,0.36,0.256,0.305,3.59,0,26,0,51.4,186.7,185.3,218.6,0.00,1,11.9,-9.4
90.10,cruise,344.24,5.76,0.246,1,1001.4,3997.8,891.1,-3632.3,0.09,0.00,231,218,-1,32.0,32.0,5.1,3.5,-0.07,-0.03,0.00,0.00,0.00,0.00,-0.07,-0.06,99,-1,0,19,17.5,0.17,0.246,0.273,3.57,0,26,0,50.2,189.6,188.1,219.9,0.00,1,17.3,-14.7
90.20,cruise,344.54,5.46,0.242,1,1001.4,3997.8,891.1,-3632.3,0.09,0.00,229,218,-1,35.2,34.5,6.8,5.3,0.01,-0.02,0.00,0.00,0.00,0.00,-0.07,-0.06,99,-1,0,17,23.2,-0.01,0.242,0.249,3.49,0,26,0,48.3,192.7,191.4,222.0,0.00,1,18.8,-16.7
90.30,cruise,344.82,5.18,0.243,1,1001.4,3997.8,891.1,-3632.3,0.09,0.00,227,218,-1,35.5,34.7,8.5,7.3,0.08,-0.00,0.04,0.00,0.00,0.00,-0.06,-0.06,99,-1,0,14,23.2,-0.18,0.244,0.266,3.34,0,26,0,45.8,195.7,195.3,224.6,0.00,1,18.8,-16.7
90.40,cruise,345.07,4.93,0.249,1,1001.4,3997.7,891.1,-3632.2,0.13,-0.18,227,226,-1,35.8,34.9,10.1,9.6,0.13,-0.02,0.13,0.00,0.00,0.00,-0.22,0.04,99,-1,0,11,27.0,-0.32,0.251,0.289,3.12,0,26,0,43.0,198.5,199.7,227.7,0.00,1,19.8,-17.4
90.50,cruise,345.29,4.71,0.260,1,1001.5,3997.7,891.0,-3632.2,0.13,-0.53,227,226,-1,36.0,35.1,11.6,11.9,0.16,-0.04,0.21,0.00,0.00,0.00,-0.34,0.17,99,-1,0,8,30.2,-0.43,0.263,0.316,2.85,0,26,0,40.0,200.9,204.5,231.1,0.00,1,20.1,-16.1
90.60,cruise,345.49,4.51,0.269,1,1001.5,3997.7,891.0,-3632.2,0.13,-0.53,227,226,-1,36.3,35.3,13.0,14.2,0.15,-0.07,0.30,0.00,0.00,0.00,-0.46,0.30,99,-1,0,4,30.2,-0.52,0.274,0.333,2.62,0,26,0,36.8,203.0,209.7,234.5,0.00,1,20.1,-16.1
90.70,cruise,345.67,4.33,0.276,1,1001.5,3997.5,891.0,-3632.1,0.13,-1.23,227,226,-1,36.6,35.4,14.4,16.2,0.11,-0.08,0.37,0.00,0.00,0.00,-0.69,0.56,99,-1,0,1,27.0,-0.57,0.282,0.334,2.47,0,26,0,33.5,204.7,214.8,237.9,0.00,1,20.6,-10.2
90.80,cruise,345.84,4.16,0.285,1,1001.5,3997.5,891.0,-3632.0,0.13,-1.23,229,239,-1,36.9,35.5,15.8,17.9,0.05,-0.08,0.44,0.00,0.00,0.00,-0.90,0.85,99,-1,0,-2,27.0,-0.59,0.291,0.327,2.29,0,26,0,30.4,206.1,219.9,241.1,0.00,1,20.6,-10.2
90.90,cruise,346.01,3.99,0.292,1,1001.5,3997.1,891.0,-3631.8,0.15,-2.11,232,239,-1,37.3,35.5,17.4,19.3,-0.01,-0.04,0.51,0.00,0.00,0.00,-1.14,1.23,99,-1,0,-5,18.4,-0.57,0.298,0.313,2.14,0,26,0,27.5,207.2,224.7,244.0,0.00,1,23.4,-3.6
91.00,cruise,346.17,3.83,0.298,1,1001.5,3996.9,891.0,-3631.6,0.22,-2.64,233,239,-1,37.7,35.5,19.2,20.4,-0.07,0.01,0.57,0.00,0.00,0.00,-1.38,1.60,99,-1,0,-8,12.9,-0.52,0.303,0.326,2.04,0,26,0,24.8,208.1,229.0,246.6,0.00,1,24.4,-1.4
91.10,cruise,346.32,3.68,0.306,1,1001.6,3996.6,891.0,-3631.4,0.37,-3.08,235,239,-1,38.3,35.3,21.3,21.2,-0.11,0.06,0.63,0.00,0.00,0.00,-1.69,2.04,99,-1,0,-10,6.7,-0.45,0.309,0.362,1.91,0,26,0,22.6,208.8,232.9,248.6,0.00,1,25.0,-0.3
91.20,cruise,346.46,3.54,0.313,1,1001.6,3996.2,890.9,-3631.1,0.55,-3.60,238,248,-1,38.9,35.0,23.7,21.7,-0.14,0.11,0.69,0.00,0.00,0.00,-1.93,2.42,99,-1,0,-11,0.4,-0.36,0.315,0.396,1.81,0,26,0,20.9,209.5,236.0,250.1,0.00,1,24.6,-0.3
91.30,cruise,346.60,3.40,0.322,1,1001.6,3996.2,890.9,-3630.7,0.55,-3.60,241,248,-1,39.5,34.7,26.1,22.1,-0.16,0.14,0.75,0.00,0.00,0.00,-2.21,2.90,99,-1,0,-12,0.4,-0.25,0.324,0.421,1.69,0,26,0,19.8,210.2,238.3,251.0,0.00,1,24.6,-0.3
91.40,cruise,346.72,3.28,0.334,1,1001.8,3995.4,890.8,-3630.3,1.19,-4.66,244,248,-1,40.1,34.3,28.6,22.4,-0.16,0.15,0.81,0.00,0.00,0.00,-2.55,3.35,99,-1,0,-12,-10.6,-0.14,0.334,0.440,1.55,0,26,0,19.3,211.1,239.8,251.2,0.00,1,19.7,-4.0
91.50,cruise,346.82,3.18,0.347,1,1001.8,3995.4,890.7,-3629.9,1.19,-4.66,247,248,-1,40.6,33.9,30.9,22.7,-0.16,0.15,0.87,0.00,0.00,0.00,-2.93,3.81,99,-1,0,-12,-10.6,-0.03,0.347,0.452,1.41,0,26,0,19.6,212.3,240.6,250.8,0.00,1,19.7,-4.0
91.60,cruise,346.92,3.08,0.359,1,1002.0,3994.9,890.5,-3629.4,1.65,-5.19,249,248,-1,41.2,33.5,33.1,23.0,-0.14,0.13,0.93,0.00,0.00,0.00,-3.38,4.26,99,-1,0,-11,-15.2,0.08,0.359,0.456,1.30,0,26,0,20.5,213.8,240.8,249.7,0.00,1,15.9,-7.6
91.70,cruise,347.00,3.00,0.369,1,1002.4,3993.7,890.3,-3628.8,2.70,-6.50,251,248,-1,41.6,33.2,35.0,23.5,-0.12,0.11,0.98,0.00,0.00,0.00,-3.89,4.91,99,-1,0,-9,-20.8,0.18,0.370,0.453,1.22,0,26,0,22.1,215.7,240.6,248.2,0.00,1,7.4,-16.3
91.80,cruise,347.08,2.92,0.380,1,1002.7,3993.0,890.1,-3628.2,3.23,-7.12,254,248,-1,42.0,33.0,36.6,24.2,-0.09,0.08,1.00,0.00,0.00,0.00,-4.43,5.48,99,-1,0,-7,-21.7,0.27,0.381,0.444,1.16,0,26,0,24.3,218.1,240.1,246.2,0.00,1,3.1,-20.6
91.90,cruise,347.16,2.84,0.390,1,1002.7,3993.0,889.8,-3627.5,3.23,-7.12,256,248,-1,42.4,32.9,37.9,25.0,-0.06,0.05,1.00,0.00,0.00,0.00,-4.89,6.10,99,-1,0,-5,-21.7,0.33,0.393,0.432,1.10,0,26,0,27.0,220.8,239.4,243.9,0.00,1,3.1,-20.6
92.00,cruise,347.22,2.78,0.400,1,1003.1,3992.2,889.4,-3626.7,3.76,-8.00,256,239,-1,42.7,32.9,38.9,26.2,-0.02,0.02,1.00,0.00,0.00,0.00,-5.58,6.85,99,-1,0,-3,-21.3,0.37,0.403,0.416,1.05,0,26,0,30.2,223.9,238.8,241.5,0.00,1,-0.8,-24.5
92.10,cruise,347.28,2.72,0.410,1,1004.0,3990.4,889.0,-3625.8,4.68,-9.76,256,239,-1,42.9,32.9,39.7,27.6,0.02,-0.01,1.00,0.00,0.00,0.00,-6.20,7.55,99,-1,0,-0,-16.2,0.38,0.414,0.428,1.00,0,26,0,33.7,227.2,238.2,239.1,0.00,1,-6.5,-30.3
92.20,cruise,347.34,2.66,0.419,1,1004.5,3989.3,888.5,-3624.9,5.01,-10.72,257,239,-1,43.1,33.1,40.3,29.5,0.07,-0.03,1.00,0.00,0.00,0.00,-6.74,8.47,99,-1,0,2,-11.8,0.36,0.422,0.466,1.01,0,26,0,37.4,230.6,237.8,237.0,0.00,1,-7.9,-31.5
92.30,cruise,347.39,2.61,0.426,1,1004.5,3989.3,888.0,-3623.8,5.01,-10.72,258,239,-1,43.3,33.4,40.8,31.6,0.12,-0.05,1.00,0.00,0.00,0.00,-7.15,9.43,99,-1,0,3,-11.8,0.30,0.429,0.498,1.07,0,26,0,41.1,233.9,237.5,235.4,0.00,1,-7.9,-31.5
92.40,cruise,347.44,2.56,0.437,1,1005.5,3986.9,887.5,-3622.7,5.32,-13.01,256,224,-1,43.4,33.7,41.2,34.1,0.16,-0.06,1.00,0.00,0.00,0.00,-7.97,10.23,99,-1,0,5,-1.6,0.23,0.438,0.531,1.11,0,26,0,44.5,237.0,237.4,234.3,0.00,1,-8.3,-29.7
92.50,cruise,347.49,2.51,0.450,1,1006.0,3985.5,887.0,-3621.4,5.30,-14.15,254,224,-1,43.4,34.2,41.4,36.6,0.18,-0.07,1.00,0.00,0.00,0.00,-8.65,11.07,99,-1,0,5,3.4,0.13,0.451,0.564,1.11,0,26,0,47.6,239.6,237.4,233.7,0.00,1,-8.2,-26.3
92.60,cruise,347.54,2.46,0.480,1,1006.6,3984.0,886.5,-3620.0,5.16,-15.38,253,224,-1,43.4,34.8,41.3,39.0,0.18,-0.09,1.00,0.00,0.00,0.00,-9.21,11.98,99,-1,0,5,8.1,0.04,0.480,0.611,1.09,0,26,0,50.0,241.7,237.4,233.5,0.00,1,-7.8,-21.3
92.70,cruise,347.60,2.40,0.510,1,1006.6,3984.0,885.9,-3618.5,5.16,-15.38,252,224,-1,43.3,35.4,41.0,41.2,0.17,-0.11,1.00,0.00,0.00,0.00,-9.69,13.01,99,-1,0,5,8.1,-0.06,0.510,0.652,1.09,0,26,0,51.5,243.0,237.4,233.7,0.00,1,-7.8,-21.3
92.80,cruise,347.67,2.33,0.540,1,1007.5,3980.6,885.4,-3616.9,4.53,-18.11,249,217,-1,43.2,36.2,40.3,42.9,0.14,-0.13,1.00,0.00,0.00,0.00,-10.58,13.82,99,-1,0,4,15.3,-0.16,0.541,0.685,1.11,0,26,0,51.9,243.5,237.6,234.4,0.00,1,-3.2,-7.6
92.90,cruise,347.76,2.24,0.570,1,1007.9,3978.7,885.0,-3615.1,4.11,-19.69,246,217,-1,43.2,36.9,39.5,44.0,0.10,-0.14,1.00,0.00,0.00,0.00,-11.43,14.75,99,-1,0,3,16.6,-0.24,0.572,0.709,1.19,0,26,0,51.0,243.3,238.1,235.6,0.00,1,1.0,0.1
93.00,cruise,347.89,2.11,0.600,1,1008.3,3976.6,884.6,-3613.2,3.65,-21.27,244,217,-1,43.2,37.6,38.6,44.6,0.05,-0.14,1.00,0.00,0.00,0.00,-12.37,15.85,99,-1,0,2,15.9,-0.30,0.603,0.718,1.35,0,26,0,49.0,242.3,238.9,237.2,0.00,1,6.5,7.5
93.10,cruise,348.06,1.94,0.600,1,1008.3,3976.6,884.2,-3611.1,3.65,-21.27,242,217,-1,43.5,38.2,38.1,44.6,0.01,-0.13,1.00,0.00,0.00,0.00,-13.31,16.99,99,-1,0,-0,15.9,-0.32,0.604,0.685,1.59,0,26,0,46.0,240.9,240.1,239.0,0.00,1,6.5,7.5
93.20,cruise,348.28,1.72,0.600,1,1008.7,3974.3,883.8,-3608.8,3.23,-22.94,242,227,-1,44.0,38.5,38.1,44.2,-0.03,-0.10,1.00,0.00,0.00,0.00,-13.49,18.83,99,-1,0,-2,13.1,-0.31,0.604,0.682,1.93,0,26,0,42.2,239.3,241.6,241.1,0.00,1,12.4,13.5
93.30,cruise,348.54,1.46,0.600,1,1009.2,3969.3,883.5,-3606.4,2.70,-26.28,243,227,-1,44.8,38.6,38.9,43.5,-0.05,-0.04,1.00,0.00,0.00,0.00,-13.68,20.66,99,-1,0,-5,2.0,-0.26,0.602,0.658,2.38,0,26,0,38.1,237.7,243.7,243.4,0.00,1,26.3,18.1
93.40,cruise,348.84,1.16,0.600,1,1009.2,3969.3,883.3,-3603.8,2.70,-26.28,244,227,-1,45.8,38.3,40.9,42.9,-0.05,0.03,1.00,0.00,0.00,0.00,-13.85,22.50,99,-1,0,-7,2.0,-0.18,0.601,0.651,2.85,0,26,0,34.0,236.5,246.0,245.6,0.00,1,26.3,18.1
93.50,cruise,349.18,0.82,0.600,1,1009.5,3966.6,883.0,-3601.1,2.70,-27.95,246,227,-1,47.1,37.7,43.6,42.3,-0.05,0.10,1.00,0.00,0.00,0.00,-13.97,24.36,99,-1,0,-9,-5.1,-0.08,0.600,0.690,3.32,0,26,0,30.2,235.7,248.3,247.6,0.00,1,30.9,17.3
93.60,cruise,349.56,0.44,0.600,1,1010.1,3960.6,882.7,-3598.1,3.30,-31.20,251,242,-1,48.4,36.8,46.9,41.7,-0.05,0.16,1.00,0.00,0.00,0.00,-12.53,26.90,99,-1,0,-10,-18.1,0.04,0.600,0.723,3.75,0,26,0,26.9,235.1,250.5,249.1,0.00,1,32.6,13.2
93.70,cruise,349.96,0.04,0.500,1,1010.1,3960.6,882.4,-3595.1,3.30,-31.20,255,242,-1,49.8,35.8,50.2,41.0,-0.06,0.23,1.00,0.00,0.00,0.00,-11.06,29.36,99,-1,0,-11,-18.1,0.14,0.501,0.646,4.11,0,26,0,24.5,234.8,252.2,250.0,0.00,1,32.6,13.2
93.80,cruise,350.40,-0.40,0.400,1,1010.9,3953.9,882.0,-3591.8,4.61,-34.45,260,242,-1,51.1,34.7,53.2,39.9,-0.09,0.29,1.00,0.00,0.00,0.00,-9.64,31.67,99,-1,0,-11,-24.1,0.22,0.401,0.555,4.37,0,26,0,23.0,234.6,253.2,250.0,0.00,1,22.2,9.0
93.90,cruise,350.84,-0.84,0.318,1,1010.9,3953.9,881.6,-3588.4,4.61,-34.45,264,242,-1,52.2,33.8,55.6,38.5,-0.15,0.31,1.00,0.00,0.00,0.00,-8.33,33.75,99,-1,0,-10,-24.1,0.27,0.320,0.465,4.43,0,26,0,22.6,234.5,253.5,249.1,0.00,1,22.2,9.0
94.00,cruise,351.26,-1.26,0.330,1,1012.0,3946.7,881.1,-3584.9,5.87,-36.47,268,246,-1,53.2,33.1,57.2,36.6,-0.17,0.20,1.00,0.00,0.00,0.00,-6.81,35.33,99,-1,0,-9,-21.9,0.30,0.332,0.454,4.18,0,26,0,23.2,234.6,253.1,247.4,0.00,1,6.4,2.7
94.10,cruise,351.63,-1.63,0.344,1,1012.0,3946.7,880.5,-3581.2,5.87,-36.47,270,246,-1,53.9,32.8,58.1,34.6,-0.18,0.09,1.00,0.00,0.00,0.00,-5.55,36.52,99,-1,0,-6,-21.9,0.31,0.346,0.440,3.68,0,26,0,24.7,234.9,252.1,245.0,0.00,1,6.4,2.7
94.20,cruise,351.95,-1.95,0.356,1,1012.6,3943.1,879.9,-3577.6,6.42,-37.00,273,246,-1,54.4,32.8,58.3,32.5,-0.18,-0.00,1.00,0.00,0.00,0.00,-4.64,37.27,99,-1,0,-3,-19.6,0.32,0.358,0.423,3.08,0,26,0,26.9,235.5,250.8,242.2,0.00,1,-0.2,-1.0
94.30,cruise,352.22,-2.22,0.363,1,1014.1,3935.5,879.2,-3573.8,7.51,-38.41,274,246,-1,54.8,33.1,58.1,30.8,-0.17,-0.08,1.00,0.00,0.00,0.00,-4.10,38.12,99,-1,0,-1,-13.6,0.32,0.366,0.455,2.52,0,26,0,29.6,236.4,249.3,239.3,0.00,1,-9.3,-10.0
94.40,cruise,352.43,-2.43,0.363,1,1014.8,3931.6,878.4,-3570.0,8.04,-39.29,274,236,-1,55.1,33.6,57.6,29.7,-0.14,-0.12,1.00,0.00,0.00,0.00,-4.63,38.86,99,-1,0,2,-9.9,0.31,0.366,0.461,2.02,0,26,0,32.8,237.7,247.9,236.6,0.00,1,-10.6,-14.6
94.50,cruise,352.60,-2.60,0.365,1,1015.7,3927.6,877.7,-3566.1,8.48,-39.99,274,236,-1,55.3,34.2,57.1,29.5,-0.10,-0.14,1.00,0.00,0.00,0.00,-5.20,39.76,99,-1,0,4,-5.9,0.29,0.367,0.453,1.62,0,26,0,36.0,239.4,246.7,234.4,0.00,1,-10.0,-18.5
94.60,cruise,352.71,-2.71,0.373,1,1015.7,3927.6,876.8,-3562.1,8.48,-39.99,274,236,-1,55.5,34.7,56.7,30.3,-0.04,-0.12,1.00,0.00,0.00,0.00,-5.64,40.49,99,-1,0,6,-5.9,0.24,0.374,0.435,1.28,0,26,0,39.2,241.3,245.9,232.9,0.00,1,-10.0,-18.5
94.70,cruise,352.78,-2.78,0.389,1,1017.5,3919.4,875.9,-3558.1,9.14,-41.57,274,236,-1,55.6,35.2,56.6,32.0,0.03,-0.08,1.00,0.00,0.00,0.00,-5.88,41.23,99,-1,0,7,2.8,0.16,0.390,0.434,0.98,0,26,0,42.3,243.5,245.6,232.2,0.00,1,-5.2,-25.1
94.80,cruise,352.80,-2.80,0.418,1,1018.4,3915.2,875.0,-3553.9,9.34,-42.36,273,224,-1,55.7,35.6,56.9,34.7,0.09,-0.03,1.00,0.00,0.00,0.00,-7.25,41.94,99,-1,0,6,6.9,0.07,0.418,0.468,0.73,0,26,0,45.0,245.8,245.8,232.4,0.00,1,-1.8,-26.8
94.90,cruise,352.78,-2.78,0.460,1,1019.3,3910.9,874.1,-3549.7,9.47,-43.33,272,224,-1,55.7,35.9,57.5,38.1,0.14,0.02,1.00,0.00,0.00,0.00,-8.02,42.63,99,-1,0,6,10.5,-0.03,0.460,0.535,0.51,0,26,0,47.6,248.2,246.4,233.3,0.00,1,0.7,-26.6
95.00,cruise,352.73,-2.73,0.474,1,1019.3,3910.9,873.2,-3545.4,9.47,-43.33,272,224,-1,55.7,36.4,58.3,41.8,0.18,0.05,1.00,0.00,0.00,0.00,-8.13,43.60,99,-1,0,4,10.5,-0.13,0.474,0.581,0.28,0,26,0,49.7,250.4,247.2,234.8,0.00,1,0.7,-26.6
95.10,cruise,352.66,-2.66,0.484,1,1020.3,3906.5,872.2,-3541.0,9.49,-44.47,272,224,-1,55.7,36.9,59.1,45.5,0.19,0.05,1.00,0.00,0.00,0.00,-7.56,44.84,99,-1,0,2,13.4,-0.22,0.486,0.601,0.06,0,26,0,51.5,252.2,248.0,236.5,0.00,1,1.7,-24.0
95.20,cruise,352.57,-2.57,0.495,1,1022.2,3897.3,871.3,-3536.4,9.34,-47.11,272,216,-1,55.6,37.7,59.6,48.6,0.18,0.03,1.00,0.00,0.00,0.00,-8.18,45.95,99,-1,0,1,15.5,-0.29,0.498,0.602,-0.16,0,26,0,52.6,253.5,248.8,238.2,0.00,1,0.5,-13.4
95.30,cruise,352.47,-2.47,0.509,1,1023.1,3892.4,870.3,-3531.8,9.16,-48.60,271,216,-1,55.5,38.5,59.8,50.8,0.15,-0.01,1.00,0.00,0.00,0.00,-8.38,47.29,99,-1,0,-1,14.0,-0.33,0.512,0.592,-0.42,0,26,0,53.0,254.1,249.3,239.7,0.00,1,-1.1,-5.9
95.40,cruise,352.37,-2.37,0.526,1,1023.1,3892.4,869.4,-3526.9,9.16,-48.60,271,216,-1,55.3,39.3,59.4,52.0,0.10,-0.05,1.00,0.00,0.00,0.00,-8.47,48.73,99,-1,0,-2,14.0,-0.32,0.529,0.607,-0.73,0,26,0,52.5,254.0,249.5,240.7,0.00,1,-1.1,-5.9
95.50,cruise,352.25,-2.25,0.545,1,1024.9,3882.4,868.5,-3522.0,8.75,-51.50,270,216,-1,55.3,39.9,58.7,52.1,0.04,-0.08,1.00,0.00,0.00,0.00,-8.74,50.13,99,-1,0,-3,6.6,-0.27,0.548,0.615,-1.06,0,26,0,51.3,253.3,249.5,241.3,0.00,1,-2.1,8.1
95.60,cruise,352.14,-2.14,0.563,1,1025.7,3877.1,867.6,-3516.9,8.57,-53.09,270,220,-1,55.2,40.2,57.7,51.3,-0.01,-0.10,1.00,0.00,0.00,0.00,-8.41,51.56,99,-1,0,-3,1.5,-0.19,0.564,0.627,-1.35,0,26,0,49.5,252.1,249.3,241.6,0.00,1,-0.4,13.6
95.70,cruise,352.02,-2.02,0.576,1,1025.7,3877.1,866.8,-3511.6,8.57,-53.09,270,220,-1,55.4,40.3,57.0,49.9,-0.05,-0.09,1.00,0.00,0.00,0.00,-8.52,53.09,99,-1,0,-3,1.5,-0.09,0.577,0.660,-1.53,0,26,0,47.3,250.7,249.2,241.7,0.00,1,-0.4,13.6
95.80,cruise,351.90,-1.90,0.584,1,1026.6,3871.7,865.9,-3506.2,8.44,-54.67,269,220,-1,55.6,39.9,56.6,48.1,-0.08,-0.07,1.00,0.00,0.00,0.00,-8.96,54.58,99,-1,0,-3,-4.0,0.03,0.584,0.668,-1.60,0,26,0,45.1,249.2,249.2,241.5,0.00,1,2.6,16.5
95.90,cruise,351.78,-1.78,0.587,1,1027.4,3866.1,865.1,-3500.6,8.44,-56.25,269,220,-1,55.9,39.2,56.7,46.1,-0.09,-0.03,1.00,0.00,0.00,0.00,-9.65,56.05,99,-1,0,-2,-9.2,0.13,0.588,0.658,-1.58,0,26,0,42.9,247.9,249.3,241.2,0.00,1,6.0,17.8
96.00,cruise,351.67,-1.67,0.586,1,1029.1,3854.5,864.2,-3494.8,8.66,-59.24,270,228,-1,56.3,38.2,57.4,44.2,-0.09,0.02,1.00,0.00,0.00,0.00,-8.26,57.86,99,-1,0,-2,-15.9,0.23,0.588,0.648,-1.47,0,26,0,41.0,246.8,249.6,240.9,0.00,1,12.5,14.6
96.10,cruise,351.56,-1.56,0.583,1,1030.0,3848.4,863.4,-3489.0,8.92,-60.82,271,228,-1,56.7,37.0,58.6,42.5,-0.07,0.06,1.00,0.00,0.00,0.00,-7.22,59.43,99,-1,0,-2,-16.5,0.29,0.586,0.665,-1.34,0,26,0,39.3,246.1,250.1,240.4,0.00,1,13.9,11.1
96.20,cruise,351.45,-1.45,0.581,1,1030.0,3848.4,862.5,-3482.9,8.92,-60.82,273,228,-1,56.9,35.6,60.0,41.1,-0.05,0.10,1.00,0.00,0.00,0.00,-6.23,61.15,99,-1,0,-1,-16.5,0.31,0.584,0.672,-1.22,0,26,0,37.9,245.8,250.7,240.0,0.00,1,13.9,11.1
96.30,cruise,351.34,-1.34,0.581,1,1030.9,3842.2,861.6,-3476.7,9.32,-62.23,274,228,-1,57.1,34.2,61.4,40.2,-0.03,0.12,1.00,0.00,0.00,0.00,-5.33,62.69,99,-1,0,-1,-15.0,0.28,0.584,0.669,-1.14,0,26,0,36.8,245.7,251.3,239.6,0.00,1,13.8,7.5
96.40,cruise,351.21,-1.21,0.584,1,1032.9,3829.4,860.6,-3470.4,10.33,-65.30,276,233,-1,57.1,33.0,62.6,39.8,-0.01,0.11,1.00,0.00,0.00,0.00,-3.61,64.37,99,-1,0,-1,-6.2,0.21,0.586,0.656,-1.12,0,26,0,35.8,245.8,252.0,239.5,0.00,1,8.3,0.5
96.50,cruise,351.08,-1.08,0.590,1,1032.9,3829.4,859.6,-3463.9,10.33,-65.30,277,233,-1,57.1,32.3,63.4,40.0,0.01,0.09,1.00,0.00,0.00,0.00,-1.94,66.09,99,-1,0,-1,-6.2,0.11,0.590,0.648,-1.14,0,26,0,35.3,246.0,252.5,239.7,0.00,1,8.3,0.5
96.60,cruise,350.94,-0.94,0.600,1,1035.1,3816.0,858.5,-3457.3,11.43,-68.29,279,233,-1,57.0,32.0,63.7,40.5,0.03,0.05,1.00,0.00,0.00,0.00,-0.37,67.68,99,-1,0,-1,4.4,-0.01,0.600,0.644,-1.25,0,26,0,35.1,246.3,252.9,240.1,0.00,1,-1.3,-2.8
96.70,cruise,350.79,-0.79,0.616,1,1036.3,3809.0,857.4,-3450.5,11.95,-69.79,280,233,-1,56.7,32.2,63.4,41.2,0.03,-0.00,1.00,0.00,0.00,0.00,1.11,69.23,99,-1,0,-2,8.5,-0.12,0.616,0.638,-1.44,0,26,0,35.2,246.4,252.9,240.5,0.00,1,-6.1,-2.9
96.80,cruise,350.62,-0.62,0.631,1,1036.3,3809.0,856.2,-3443.5,11.95,-69.79,282,233,-1,56.4,32.8,62.7,41.8,0.03,-0.05,1.00,0.00,0.00,0.00,2.38,70.76,99,-1,0,-2,8.5,-0.21,0.633,0.684,-1.62,0,26,0,35.7,246.4,252.5,240.9,0.00,1,-6.1,-2.9
96.90,cruise,350.45,-0.45,0.645,1,1037.5,3801.9,855.0,-3436.4,12.44,-71.37,283,233,-1,56.1,33.6,61.5,42.2,0.03,-0.08,1.00,0.00,0.00,0.00,3.36,72.36,99,-1,0,-2,10.9,-0.26,0.647,0.719,-1.74,0,26,0,36.4,246.2,252.0,241.1,0.00,1,-9.8,-2.6
97.00,cruise,350.29,-0.29,0.654,1,1040.1,3787.2,853.7,-3429.2,13.23,-74.71,283,233,-1,55.7,34.4,60.2,42.3,0.02,-0.10,1.00,0.00,0.00,0.00,3.97,73.97,99,-1,0,-2,8.6,-0.27,0.657,0.733,-1.78,0,26,0,37.0,245.8,251.3,241.2,0.00,1,-10.1,0.4
97.10,cruise,350.14,-0.14,0.656,1,1040.1,3787.2,852.4,-3421.7,13.23,-74.71,283,233,-1,55.4,35.0,59.0,42.1,0.01,-0.09,1.00,0.00,0.00,0.00,4.31,75.75,99,-1,0,-2,8.6,-0.22,0.658,0.723,-1.69,0,26,0,37.5,245.4,250.7,241.1,0.00,1,-10.1,0.4
97.20,cruise,350.01,-0.01,0.653,1,1041.5,3779.6,851.0,-3414.1,13.49,-76.29,283,231,-1,55.2,35.2,58.2,41.7,-0.00,-0.07,1.00,0.00,0.00,0.00,3.89,77.37,99,-1,0,-2,4.2,-0.12,0.654,0.701,-1.50,0,26,0,37.8,245.0,250.1,240.7,0.00,1,-7.3,1.8
97.30,cruise,349.91,0.09,0.646,1,1044.2,3764.0,849.7,-3406.4,14.11,-79.54,282,231,-1,55.1,35.1,57.9,40.9,-0.02,-0.03,1.00,0.00,0.00,0.00,3.24,79.02,99,-1,0,-1,-6.7,-0.00,0.646,0.681,-1.26,0,26,0,38.1,244.7,249.7,240.1,0.00,1,-0.2,3.9
97.40,cruise,349.84,0.16,0.636,1,1045.7,3755.9,848.3,-3398.5,14.37,-81.12,282,231,-1,55.1,34.7,58.0,39.8,-0.03,0.00,1.00,0.00,0.00,0.00,2.49,80.74,99,-1,0,-0,-11.8,0.13,0.636,0.658,-0.97,0,26,0,38.4,244.6,249.3,239.2,0.00,1,2.8,4.0
97.50,cruise,349.80,0.20,0.623,1,1047.1,3747.7,846.8,-3390.4,14.72,-82.62,281,231,-1,55.2,34.0,58.5,38.4,-0.04,0.04,1.00,0.00,0.00,0.00,1.72,82.37,99,-1,0,1,-14.7,0.25,0.625,0.676,-0.67,0,26,0,38.9,244.6,249.1,238.0,0.00,1,5.0,3.7
97.60,cruise,349.78,0.22,0.611,1,1048.6,3739.3,845.4,-3382.2,15.12,-84.11,280,230,-1,55.3,33.2,59.2,36.9,-0.05,0.06,1.00,0.00,0.00,0.00,0.48,83.92,99,-1,0,2,-14.8,0.34,0.616,0.685,-0.41,0,26,0,39.3,244.8,248.9,236.6,0.00,1,5.6,2.9
97.70,cruise,349.77,0.23,0.602,1,1048.6,3739.3,843.9,-3373.8,15.12,-84.11,280,230,-1,55.5,32.5,59.9,35.5,-0.05,0.07,1.00,0.00,0.00,0.00,-0.74,85.46,99,-1,0,4,-14.8,0.37,0.607,0.680,-0.20,0,26,0,39.8,245.1,248.9,235.2,0.00,1,5.6,2.9
97.80,cruise,349.78,0.22,0.594,1,1051.8,3722.1,842.3,-3365.3,16.04,-87.01,279,230,-1,55.6,32.0,60.5,34.6,-0.03,0.07,1.00,0.00,0.00,0.00,-1.92,86.99,99,-1,0,5,-6.3,0.33,0.598,0.657,-0.03,0,26,0,40.3,245.5,248.8,234.1,0.00,1,2.3,-1.4
97.90,cruise,349.79,0.21,0.588,1,1051.8,3722.1,840.7,-3356.6,16.04,-87.01,279,230,-1,55.6,31.7,60.8,34.4,-0.01,0.05,1.00,0.00,0.00,0.00,-3.00,88.43,99,-1,0,5,-6.3,0.23,0.590,0.622,0.08,0,26,0,40.8,245.8,248.8,233.5,0.00,1,2.3,-1.4
98.00,cruise,349.79,0.21,0.585,1,1053.4,3713.3,839.1,-3347.8,16.48,-88.42,278,228,-1,55.6,31.9,60.7,34.9,0.02,0.01,1.00,0.00,0.00,0.00,-4.30,89.84,99,-1,0,5,0.6,0.09,0.585,0.605,0.13,0,26,0,41.2,246.1,248.8,233.7,0.00,1,-0.7,-3.6
98.10,cruise,349.79,0.21,0.585,1,1055.1,3704.4,837.4,-3338.9,16.96,-89.65,277,228,-1,55.5,32.4,60.3,36.2,0.05,-0.02,1.00,0.00,0.00,0.00,-5.39,91.08,99,-1,0,4,7.9,-0.08,0.585,0.626,0.14,0,26,0,41.4,246.3,248.9,234.7,0.00,1,-3.6,-5.0
98.20,cruise,349.79,0.21,0.585,1,1058.6,3686.1,835.7,-3329.8,17.67,-92.29,277,228,-1,55.3,33.2,59.5,37.9,0.07,-0.06,1.00,0.00,0.00,0.00,-6.15,92.49,99,-1,0,3,18.9,-0.23,0.587,0.662,0.14,0,26,0,41.3,246.2,248.9,236.1,0.00,1,-7.8,-5.2
98.30,cruise,349.79,0.21,0.585,1,1058.6,3686.1,833.9,-3320.6,17.67,-92.29,277,228,-1,55.1,34.2,58.5,39.8,0.08,-0.08,1.00,0.00,0.00,0.00,-6.72,93.72,99,-1,0,1,18.9,-0.36,0.590,0.688,0.13,0,26,0,40.9,246.0,248.9,237.8,0.00,1,-7.8,-5.2
98.40,cruise,349.79,0.21,0.584,1,1060.4,3676.8,832.1,-3311.3,17.89,-93.52,277,229,-1,54.8,35.3,57.4,41.5,0.09,-0.09,1.00,0.00,0.00,0.00,-6.83,94.97,99,-1,0,-1,20.8,-0.43,0.591,0.698,0.14,0,26,0,40.2,245.6,249.0,239.5,0.00,1,-7.6,-4.0
98.50,cruise,349.79,0.21,0.582,1,1062.2,3667.4,830.3,-3301.9,18.06,-94.66,277,229,-1,54.6,36.3,56.4,42.8,0.08,-0.09,1.00,0.00,0.00,0.00,-6.97,96.11,99,-1,0,-2,19.9,-0.45,0.589,0.689,0.19,0,26,0,39.0,245.0,249.3,241.1,0.00,1,-5.8,-1.7
98.60,cruise,349.82,0.18,0.576,1,1064.0,3657.8,828.5,-3292.3,18.19,-95.89,277,229,-1,54.5,37.0,55.7,43.5,0.06,-0.07,1.00,0.00,0.00,0.00,-7.14,97.34,99,-1,0,-4,15.9,-0.39,0.581,0.658,0.29,0,26,0,37.6,244.3,249.7,242.5,0.00,1,-2.9,1.5
98.70,cruise,349.86,0.14,0.568,1,1065.8,3648.1,826.7,-3282.6,18.28,-97.03,276,229,-1,54.5,37.2,55.4,43.6,0.03,-0.04,1.00,0.00,0.00,0.00,-7.35,98.46,99,-1,0,-5,9.0,-0.27,0.571,0.609,0.40,0,26,0,36.1,243.5,250.1,243.4,0.00,1,0.9,5.1
98.80,cruise,349.93,0.07,0.560,1,1069.5,3628.4,824.9,-3272.8,18.46,-99.32,277,234,-1,54.6,36.9,55.6,42.9,-0.01,0.00,1.00,0.00,0.00,0.00,-5.76,99.70,99,-1,0,-5,-7.8,-0.11,0.561,0.566,0.52,0,26,0,34.6,242.7,250.4,243.8,0.00,1,8.1,11.8
98.90,cruise,350.01,-0.01,0.552,1,1069.5,3628.4,823.0,-3262.9,18.46,-99.32,278,234,-1,54.9,36.2,56.2,41.5,-0.05,0.04,1.00,0.00,0.00,0.00,-4.61,100.91,99,-1,0,-5,-7.8,0.06,0.552,0.603,0.60,0,26,0,33.3,241.8,250.6,243.6,0.00,1,8.1,11.8
99.00,cruise,350.11,-0.11,0.544,1,1071.3,3618.4,821.2,-3252.9,18.63,-100.37,278,234,-1,55.3,35.2,57.2,39.4,-0.08,0.08,1.00,0.00,0.00,0.00,-3.89,102.01,99,-1,0,-4,-15.5,0.23,0.546,0.635,0.69,0,26,0,32.4,241.0,250.6,242.7,0.00,1,10.4,13.9
99.10,cruise,350.22,-0.22,0.533,1,1075.2,3598.1,819.3,-3242.8,19.38,-102.39,278,234,-1,55.7,34.0,58.2,36.7,-0.11,0.10,1.00,0.00,0.00,0.00,-3.79,103.11,99,-1,0,-2,-24.1,0.38,0.538,0.652,0.75,0,26,0,32.2,240.4,250.3,240.9,0.00,1,9.0,12.3
99.20,cruise,350.33,-0.33,0.520,1,1077.1,3587.8,817.3,-3232.6,19.86,-103.27,279,236,-1,56.1,33.0,59.1,33.5,-0.13,0.10,1.00,0.00,0.00,0.00,-3.95,104.14,99,-1,0,0,-23.9,0.49,0.527,0.650,0.78,0,26,0,32.7,240.1,249.7,238.4,0.00,1,6.4,9.2
99.30,cruise,350.44,-0.44,0.508,1,1077.1,3587.8,815.4,-3222.3,19.86,-103.27,278,236,-1,56.3,32.2,59.8,30.2,-0.14,0.09,1.00,0.00,0.00,0.00,-4.83,105.05,99,-1,0,3,-23.9,0.54,0.518,0.634,0.75,0,26,0,33.7,240.0,248.9,235.4,0.00,1,6.4,9.2
99.40,cruise,350.53,-0.53,0.501,1,1081.2,3566.9,813.3,-3211.9,21.09,-105.03,278,236,-1,56.5,31.8,60.3,27.6,-0.12,0.07,1.00,0.00,0.00,0.00,-6.29,105.95,99,-1,0,6,-14.2,0.53,0.510,0.603,0.66,0,26,0,35.1,240.3,248.2,232.6,0.00,1,-0.0,-0.6
99.50,cruise,350.60,-0.60,0.496,1,1081.2,3566.9,811.3,-3201.4,21.09,-105.03,277,236,-1,56.6,31.7,60.4,26.0,-0.08,0.03,1.00,0.00,0.00,0.00,-8.07,106.82,99,-1,0,8,-14.2,0.45,0.502,0.560,0.57,0,26,0,36.6,240.8,247.5,230.5,0.00,1,-0.0,-0.6
99.60,cruise,350.65,-0.65,0.495,1,1083.4,3556.4,809.1,-3190.9,21.71,-105.73,276,231,-1,56.6,31.9,60.2,26.0,-0.03,-0.00,1.00,0.00,0.00,0.00,-11.00,107.38,99,-1,0,9,-5.9,0.30,0.498,0.514,0.47,0,26,0,38.1,241.7,247.1,229.6,0.00,1,-3.3,-6.3
99.70,cruise,350.67,-0.67,0.498,1,1087.9,3535.0,806.9,-3180.2,22.76,-107.14,275,231,-1,56.6,32.4,59.7,27.6,0.03,-0.04,1.00,0.00,0.00,0.00,-13.30,107.93,99,-1,0,9,12.7,0.10,0.499,0.534,0.36,0,26,0,39.5,242.6,246.9,230.0,0.00,1,-8.6,-15.7
99.80,cruise,350.66,-0.66,0.508,1,1087.9,3535.0,804.6,-3169.5,22.76,-107.14,274,231,-1,56.4,33.1,59.0,30.5,0.09,-0.07,1.00,0.00,0.00,0.00,-14.78,108.53,99,-1,0,7,12.7,-0.11,0.509,0.589,0.22,0,26,0,40.6,243.6,246.9,231.5,0.00,1,-8.6,-15.7
99.90,cruise,350.63,-0.63,0.523,1,1090.2,3524.3,802.3,-3158.8,23.16,-107.84,274,231,-1,56.2,34.1,58.2,34.1,0.14,-0.08,1.00,0.00,0.00,0.00,-15.38,109.22,99,-1,0,5,20.5,-0.31,0.526,0.640,0.10,0,26,0,41.2,244.4,247.2,233.8,0.00,1,-9.4,-17.2
100.00,cruise,350.58,-0.58,0.542,1,1094.9,3502.5,800.0,-3147.9,23.55,-109.42,274,228,-1,55.9,35.3,57.3,37.9,0.16,-0.08,1.00,0.00,0.00,0.00,-16.28,109.84,99,-1,0,2,27.8,-0.47,0.550,0.684,0.01,0,26,0,41.3,245.0,247.7,236.5,0.00,1,-7.4,-14.6
100.10,cruise,350.53,-0.53,0.555,1,1094.9,3502.5,797.6,-3137.0,23.55,-109.42,274,228,-1,55.5,36.6,56.4,41.2,0.17,-0.08,1.00,0.00,0.00,0.00,-16.43,110.72,99,-1,0,-0,27.8,-0.56,0.566,0.705,-0.04,0,26,0,40.9,245.4,248.4,239.1,0.00,1,-7.4,-14.6
100.20,cruise,350.48,-0.48,0.555,1,1097.2,3491.5,795.3,-3126.0,23.55,-110.30,274,228,-1,55.1,37.7,55.7,43.9,0.16,-0.07,1.00,0.00,0.00,0.00,-16.07,111.64,99,-1,0,-3,26.2,-0.58,0.566,0.692,-0.02,0,26,0,39.8,245.4,249.1,241.5,0.00,1,-4.6,-10.3
100.30,cruise,350.46,-0.46,0.553,1,1099.6,3480.4,792.9,-3114.9,23.51,-111.27,274,228,-1,54.9,38.4,55.2,45.5,0.12,-0.05,1.00,0.00,0.00,0.00,-15.51,112.66,99,-1,0,-5,21.0,-0.51,0.562,0.656,0.02,0,26,0,38.1,245.0,249.9,243.5,0.00,1,-0.9,-4.1
100.40,cruise,350.46,-0.46,0.550,1,1104.3,3457.9,790.6,-3103.7,23.29,-113.29,275,233,-1,54.8,38.7,55.0,46.0,0.06,-0.03,1.00,0.00,0.00,0.00,-12.73,114.02,99,-1,0,-6,3.1,-0.38,0.554,0.605,0.07,0,26,0,36.1,244.3,250.7,244.9,0.00,1,6.4,9.7
100.50,cruise,350.48,-0.48,0.547,1,1104.3,3457.9,788.2,-3092.4,23.29,-113.29,276,233,-1,54.9,38.4,55.2,45.5,0.00,0.00,1.00,0.00,0.00,0.00,-10.44,115.19,99,-1,0,-7,3.1,-0.20,0.548,0.551,0.10,0,26,0,34.0,243.3,251.2,245.6,0.00,1,6.4,9.7
100.60,cruise,350.52,-0.52,0.545,1,1106.6,3446.5,785.9,-3081.0,23.29,-114.26,277,233,-1,55.2,37.6,55.7,43.9,-0.05,0.03,1.00,0.00,0.00,0.00,-8.76,116.28,99,-1,0,-7,-7.1,0.00,0.545,0.592,0.10,0,26,0,32.3,242.1,251.5,245.6,0.00,1,8.9,14.5
100.70,cruise,350.57,-0.57,0.542,1,1108.9,3435.0,783.6,-3069.5,23.38,-115.22,278,233,-1,55.6,36.4,56.6,41.4,-0.10,0.07,1.00,0.00,0.00,0.00,-7.80,117.31,99,-1,0,-6,-16.6,0.22,0.543,0.635,0.13,0,26,0,31.2,240.9,251.4,244.7,0.00,1,10.6,17.7
100.80,cruise,350.64,-0.64,0.532,1,1113.7,3411.7,781.2,-3057.9,23.95,-116.98,278,238,-1,56.0,35.0,57.5,37.9,-0.15,0.09,1.00,0.00,0.00,0.00,-6.25,118.31,99,-1,0,-4,-28.6,0.41,0.538,0.663,0.15,0,26,0,31.0,239.9,250.7,242.6,0.00,1,8.8,17.7
100.90,cruise,350.70,-0.70,0.514,1,1113.7,3411.7,778.8,-3046.2,23.95,-116.98,279,238,-1,56.4,33.7,58.3,33.8,-0.18,0.09,1.00,0.00,0.00,0.00,-6.02,119.26,99,-1,0,-1,-28.6,0.56,0.524,0.664,0.13,0,26,0,31.6,239.1,249.7,239.6,0.00,1,8.8,17.7
101.00,cruise,350.76,-0.76,0.499,1,1118.6,3388.2,776.4,-3034.5,24.96,-118.39,278,238,-1,56.6,32.8,59.0,29.5,-0.19,0.09,1.00,0.00,0.00,0.00,-7.06,119.99,99,-1,0,3,-26.2,0.60,0.510,0.647,0.09,0,26,0,32.9,238.7,248.5,235.9,0.00,1,3.4,9.0
101.10,cruise,350.80,-0.80,0.487,1,1118.6,3388.2,773.9,-3022.7,24.96,-118.39,278,238,-1,56.8,32.2,59.4,25.7,-0.17,0.07,1.00,0.00,0.00,0.00,-9.02,120.65,99,-1,0,7,-26.2,0.60,0.498,0.614,0.04,0,26,0,34.5,238.7,247.3,232.1,0.00,1,3.4,9.0
101.20,cruise,350.82,-0.82,0.482,1,1121.1,3376.3,771.4,-3010.8,25.58,-118.92,276,233,-1,56.8,32.0,59.7,23.1,-0.13,0.05,1.00,0.00,0.00,0.00,-12.87,120.95,99,-1,0,10,-19.8,0.59,0.492,0.577,-0.03,0,26,0,36.3,239.2,246.4,229.1,0.00,1,0.7,2.1
101.30,cruise,350.82,-0.82,0.484,1,1123.7,3364.4,768.8,-2998.9,26.15,-119.36,275,233,-1,56.8,31.9,59.7,22.4,-0.07,0.03,1.00,0.00,0.00,0.00,-16.38,121.08,99,-1,0,11,-11.6,0.46,0.490,0.535,-0.12,0,26,0,38.0,240.3,245.9,227.4,0.00,1,-1.4,-5.7
101.40,cruise,350.78,-0.78,0.493,1,1129.1,3340.4,766.1,-2986.9,27.25,-120.32,274,233,-1,56.8,32.1,59.6,23.7,0.01,0.01,1.00,0.00,0.00,0.00,-19.17,121.23,99,-1,0,12,8.0,0.27,0.495,0.502,-0.23,0,26,0,39.6,241.6,245.9,227.2,0.00,1,-5.4,-18.3
101.50,cruise,350.71,-0.71,0.510,1,1129.1,3340.4,763.4,-2974.9,27.25,-120.32,273,233,-1,56.6,32.4,59.3,26.7,0.08,-0.02,1.00,0.00,0.00,0.00,-20.86,121.59,99,-1,0,10,8.0,0.04,0.510,0.559,-0.36,0,26,0,41.1,243.1,246.1,228.5,0.00,1,-5.4,-18.3
101.60,cruise,350.61,-0.61,0.532,1,1134.6,3316.2,760.7,-2962.8,27.99,-121.38,272,227,-1,56.4,33.1,58.7,30.9,0.14,-0.04,1.00,0.00,0.00,0.00,-23.26,121.77,99,-1,0,8,25.4,-0.19,0.533,0.628,-0.47,0,26,0,42.3,244.5,246.6,230.9,0.00,1,-8.7,-23.1
101.70,cruise,350.49,-0.49,0.560,1,1137.4,3304.0,757.9,-2950.7,28.13,-122.17,272,227,-1,56.0,34.2,58.0,35.6,0.18,-0.06,1.00,0.00,0.00,0.00,-24.37,122.16,99,-1,0,5,30.6,-0.41,0.566,0.697,-0.57,0,26,0,43.1,245.7,247.1,233.8,0.00,1,-8.8,-21.2
101.80,cruise,350.37,-0.37,0.581,1,1140.3,3291.7,755.1,-2938.5,28.13,-122.96,272,227,-1,55.6,35.5,57.2,40.1,0.20,-0.07,1.00,0.00,0.00,0.00,-24.30,122.99,99,-1,0,2,32.0,-0.57,0.593,0.746,-0.63,0,26,0,43.3,246.5,247.7,236.9,0.00,1,-7.6,-17.0
102.00,cruise,350.15,-0.15,0.586,1,1145.9,3266.9,749.4,-2913.8,27.82,-125.07,273,228,-1,54.5,38.2,55.3,46.2,0.16,-0.08,1.00,0.00,0.00,0.00,-22.17,125.20,99,-1,0,-3,22.3,-0.60,0.599,0.738,-0.58,0,26,0,41.5,246.7,249.1,242.2,0.00,1,-2.0,-0.5
102.20,cruise,350.05,-0.05,0.582,1,1151.4,3241.6,743.9,-2888.8,27.38,-127.09,273,228,-1,54.1,39.1,53.8,47.0,0.03,-0.05,1.00,0.00,0.00,0.00,-20.41,127.40,99,-1,0,-6,1.2,-0.38,0.587,0.635,-0.41,0,26,0,36.8,244.5,250.3,245.2,0.00,1,6.7,16.6
102.40,cruise,350.09,-0.09,0.561,1,1156.8,3215.9,738.4,-2863.3,27.33,-128.94,275,237,-1,54.6,37.6,54.2,43.1,-0.10,0.03,1.00,0.00,0.00,0.00,-16.78,129.85,99,-1,0,-7,-21.6,0.08,0.561,0.636,-0.20,0,26,0,32.3,241.1,250.8,245.5,0.00,1,12.5,23.8
102.60,cruise,350.21,-0.21,0.516,1,1159.6,3203.0,732.9,-2837.5,27.55,-129.81,276,237,-1,55.6,34.5,56.5,35.7,-0.19,0.13,1.00,0.00,0.00,0.00,-13.66,132.00,99,-1,0,-3,-29.4,0.53,0.525,0.689,0.08,0,26,0,30.9,238.3,249.7,241.7,0.00,1,13.4,23.1
102.80,cruise,350.35,-0.35,0.486,1,1168.1,3163.7,727.3,-2811.3,29.09,-131.57,275,236,-1,56.3,32.0,58.7,26.5,-0.21,0.13,1.00,0.00,0.00,0.00,-15.99,133.15,99,-1,0,5,-27.6,0.60,0.497,0.662,0.20,0,26,0,33.1,237.5,247.5,234.0,0.00,1,4.6,5.5
103.00,cruise,350.42,-0.42,0.478,1,1174.0,3137.3,721.5,-2785.0,30.28,-132.10,273,236,-1,56.4,31.4,59.5,20.7,-0.12,0.05,1.00,0.00,0.00,0.00,-21.72,133.38,99,-1,0,12,-11.7,0.60,0.489,0.572,0.06,0,26,0,37.4,239.1,245.4,226.8,0.00,1,-4.1,-11.2
103.20,cruise,350.37,-0.37,0.491,1,1177.1,3124.1,715.4,-2758.6,30.81,-132.45,271,226,-1,56.3,31.9,58.8,22.0,0.02,-0.03,1.00,0.00,0.00,0.00,-29.53,132.74,99,-1,0,14,-1.7,0.32,0.494,0.517,-0.28,0,26,0,42.5,242.5,244.4,224.5,0.00,1,-7.4,-18.3
103.40,cruise,350.18,-0.18,0.527,1,1186.6,3084.2,709.1,-2732.0,31.73,-133.59,268,226,-1,55.8,33.2,57.4,30.0,0.16,-0.06,1.00,0.00,0.00,0.00,-35.31,132.22,99,-1,0,11,26.9,-0.15,0.527,0.647,-0.57,0,26,0,47.0,246.1,244.6,227.8,0.00,1,-11.2,-28.5
103.60,cruise,349.91,0.09,0.584,1,1192.9,3057.3,702.8,-2705.3,31.60,-134.91,267,219,-1,54.9,35.8,55.7,40.1,0.23,-0.07,1.00,0.00,0.00,0.00,-39.25,132.20,99,-1,0,5,35.0,-0.56,0.596,0.774,-0.66,0,26,0,49.5,248.7,245.4,233.9,0.00,1,-9.1,-21.7
103.80,cruise,349.67,0.33,0.604,1,1196.0,3043.7,696.5,-2678.2,31.25,-135.79,265,219,-1,53.7,38.7,53.5,47.1,0.19,-0.09,1.00,0.00,0.00,0.00,-43.80,132.28,99,-1,0,-1,33.0,-0.60,0.617,0.785,-0.55,0,26,0,48.5,249.0,246.5,239.3,0.00,1,-6.6,-14.0
104.00,cruise,349.58,0.42,0.597,1,1205.2,3002.5,690.3,-2650.8,29.84,-138.69,264,225,-1,53.1,40.0,51.5,48.6,0.05,-0.07,1.00,0.00,0.00,0.00,-44.10,133.95,99,-1,0,-4,5.6,-0.42,0.604,0.677,-0.34,0,26,0,43.5,246.8,247.8,242.8,0.00,1,6.2,16.6
104.20,cruise,349.64,0.36,0.556,1,1208.1,2988.6,684.4,-2623.1,29.49,-139.66,265,225,-1,53.6,38.8,51.4,45.0,-0.10,0.00,1.00,0.00,0.00,0.00,-42.55,136.25,99,-1,0,-5,-6.5,0.02,0.556,0.614,-0.08,0,26,0,37.3,242.9,248.7,244.0,0.00,1,10.7,23.8
104.40,cruise,349.81,0.19,0.504,1,1214.0,2960.4,678.5,-2594.9,29.27,-141.06,266,235,-1,54.8,35.7,53.7,38.0,-0.20,0.11,1.00,0.00,0.00,0.00,-38.27,138.89,99,-1,0,-3,-26.1,0.46,0.510,0.670,0.25,0,26,0,33.6,239.3,248.5,241.9,0.00,1,16.0,27.7
104.60,cruise,349.99,0.01,0.474,1,1219.9,2932.1,672.6,-2566.6,29.84,-142.12,268,235,-1,55.7,32.6,56.6,29.6,-0.21,0.17,1.00,0.00,0.00,0.00,-34.19,141.13,99,-1,0,2,-31.6,0.60,0.485,0.665,0.47,0,26,0,33.5,237.6,247.2,236.4,0.00,1,14.0,19.1
104.80,cruise,350.11,-0.11,0.475,1,1229.1,2889.3,666.5,-2538.1,31.33,-142.73,268,233,-1,56.1,31.1,58.6,23.7,-0.12,0.12,1.00,0.00,0.00,0.00,-35.02,141.58,99,-1,0,9,-13.9,0.60,0.486,0.602,0.36,0,26,0,36.0,238.4,246.0,230.2,0.00,1,1.9,-5.7
105.00,cruise,350.12,-0.12,0.494,1,1235.5,2860.7,660.2,-2509.5,32.43,-143.26,268,233,-1,56.1,31.1,58.8,24.0,0.01,0.01,1.00,0.00,0.00,0.00,-37.04,141.75,99,-1,0,11,6.7,0.30,0.496,0.509,0.06,0,26,0,39.6,241.0,245.4,227.8,0.00,1,-7.8,-19.9
105.20,cruise,350.02,-0.02,0.521,1,1242.1,2832.0,653.7,-2480.9,33.05,-144.05,267,226,-1,55.8,32.5,57.4,30.7,0.15,-0.08,1.00,0.00,0.00,0.00,-39.22,142.00,99,-1,0,8,25.0,-0.17,0.522,0.640,-0.21,0,26,0,43.3,244.2,245.5,230.5,0.00,1,-13.0,-24.6
105.40,cruise,349.84,0.16,0.559,1,1245.4,2817.5,647.1,-2452.0,33.13,-144.49,267,226,-1,54.9,35.4,55.0,39.3,0.21,-0.12,1.00,0.00,0.00,0.00,-40.39,142.63,99,-1,0,3,30.6,-0.55,0.570,0.753,-0.39,0,26,0,45.4,246.2,245.9,235.6,0.00,1,-13.2,-22.8
105.60,cruise,349.68,0.32,0.580,1,1252.0,2788.5,640.5,-2423.0,32.78,-145.63,267,225,-1,53.9,38.2,52.3,45.2,0.17,-0.11,1.00,0.00,0.00,0.00,-40.66,143.63,99,-1,0,-1,29.9,-0.60,0.593,0.757,-0.33,0,26,0,44.4,246.2,246.7,240.2,0.00,1,-8.1,-11.3
105.80,cruise,349.64,0.36,0.566,1,1258.4,2759.2,634.1,-2393.7,32.04,-147.22,266,225,-1,53.5,39.1,51.1,46.6,0.06,-0.05,1.00,0.00,0.00,0.00,-41.79,144.75,99,-1,0,-5,13.5,-0.36,0.571,0.630,-0.02,0,26,0,40.0,244.5,248.2,243.5,0.00,1,3.3,5.6
106.00,cruise,349.76,0.24,0.532,1,1264.8,2729.5,627.7,-2364.0,31.38,-148.62,268,234,-1,54.3,37.4,52.4,43.5,-0.08,0.06,1.00,0.00,0.00,0.00,-37.51,147.19,99,-1,0,-6,-11.2,0.11,0.533,0.610,0.30,0,26,0,35.2,241.8,249.3,244.3,0.00,1,13.3,19.7
106.20,cruise,349.95,0.05,0.499,1,1274.2,2684.6,621.5,-2334.1,31.51,-150.29,270,234,-1,55.4,33.8,55.4,36.6,-0.18,0.16,1.00,0.00,0.00,0.00,-31.37,149.84,99,-1,0,-2,-33.5,0.55,0.508,0.678,0.51,0,26,0,32.9,239.2,249.0,241.2,0.00,1,15.0,20.3
106.40,cruise,350.15,-0.15,0.479,1,1280.6,2654.5,615.2,-2304.1,32.39,-150.91,271,235,-1,56.2,30.9,58.1,28.0,-0.19,0.15,1.00,0.00,0.00,0.00,-30.14,151.00,99,-1,0,4,-27.2,0.60,0.490,0.656,0.51,0,26,0,34.1,238.3,247.3,234.4,0.00,1,6.1,8.1
106.60,cruise,350.28,-0.28,0.470,1,1283.8,2639.4,608.7,-2273.9,32.92,-151.00,270,235,-1,56.5,30.2,58.9,22.1,-0.11,0.05,1.00,0.00,0.00,0.00,-32.94,150.99,99,-1,0,11,-19.2,0.60,0.481,0.555,0.32,0,26,0,37.6,239.3,245.4,227.9,0.00,1,0.6,0.1
106.80,cruise,350.29,-0.29,0.476,1,1290.6,2609.1,601.9,-2243.6,33.97,-151.35,268,227,-1,56.4,30.8,58.1,23.3,0.04,-0.05,1.00,0.00,0.00,0.00,-38.75,150.19,99,-1,0,13,0.3,0.25,0.478,0.518,0.01,0,26,0,41.7,241.8,244.4,226.2,0.00,1,-7.6,-14.8
107.00,cruise,350.18,-0.18,0.504,1,1300.9,2563.6,595.1,-2213.3,34.72,-151.88,267,227,-1,56.0,32.4,56.4,30.6,0.18,-0.09,1.00,0.00,0.00,0.00,-43.00,149.54,99,-1,0,9,27.6,-0.22,0.505,0.641,-0.26,0,26,0,44.8,244.4,244.6,229.8,0.00,1,-11.0,-22.7
107.20,cruise,349.98,0.02,0.546,1,1304.4,2548.4,588.1,-2182.9,34.72,-152.23,266,224,-1,55.2,35.1,54.3,39.2,0.22,-0.11,1.00,0.00,0.00,0.00,-44.67,149.61,99,-1,0,3,32.1,-0.58,0.558,0.739,-0.41,0,26,0,45.1,245.7,245.6,235.8,0.00,1,-9.7,-19.5
107.40,cruise,349.82,0.18,0.570,1,1314.7,2502.5,581.2,-2152.4,33.97,-153.72,266,224,-1,54.3,37.5,52.3,44.7,0.16,-0.09,1.00,0.00,0.00,0.00,-46.17,150.04,99,-1,0,-3,21.3,-0.60,0.583,0.727,-0.34,0,26,0,41.7,245.0,247.4,241.3,0.00,1,3.0,3.4
107.60,cruise,349.79,0.21,0.556,1,1318.1,2487.1,574.4,-2121.6,33.62,-154.42,267,234,-1,54.2,37.7,51.7,45.3,0.03,-0.03,1.00,0.00,0.00,0.00,-41.33,152.54,99,-1,0,-6,10.9,-0.35,0.561,0.593,-0.07,0,26,0,35.3,242.3,249.6,245.2,0.00,1,8.5,12.3
107.80,cruise,349.88,0.12,0.528,1,1324.7,2456.0,567.8,-2090.5,33.22,-155.65,270,234,-1,55.0,35.3,53.5,41.3,-0.10,0.09,1.00,0.00,0.00,0.00,-33.30,155.64,99,-1,0,-8,-12.8,0.11,0.528,0.626,0.17,0,26,0,29.5,238.7,251.0,246.3,0.00,1,17.2,24.6
108.00,cruise,350.04,-0.04,0.501,1,1331.4,2424.8,561.1,-2059.3,33.44,-156.53,272,242,-1,56.0,31.6,56.5,33.5,-0.19,0.16,1.00,0.00,0.00,0.00,-26.92,157.79,99,-1,0,-4,-29.6,0.51,0.509,0.687,0.30,0,26,0,27.4,235.3,250.3,242.9,0.00,1,17.9,26.7
108.20,cruise,350.19,-0.19,0.483,1,1338.2,2393.4,554.3,-2027.9,34.41,-156.97,273,242,-1,56.5,29.1,58.8,23.3,-0.21,0.13,1.00,0.00,0.00,0.00,-25.52,158.66,99,-1,0,4,-32.0,0.60,0.494,0.661,0.18,0,26,0,29.1,233.5,247.6,235.1,0.00,1,10.0,18.0
108.40,cruise,350.25,-0.25,0.475,1,1348.9,2346.3,547.3,-1996.5,36.47,-157.15,271,236,-1,56.6,29.0,59.0,16.1,-0.14,0.01,1.00,0.00,0.00,0.00,-32.01,157.96,99,-1,0,11,-11.1,0.60,0.485,0.557,-0.09,0,26,0,33.0,233.9,244.6,227.6,0.00,1,-5.6,-6.8
108.60,cruise,350.21,-0.21,0.475,1,1356.3,2314.9,539.9,-1965.1,37.71,-157.15,269,236,-1,56.5,29.7,57.9,16.8,0.01,-0.06,1.00,0.00,0.00,0.00,-39.84,156.50,99,-1,0,13,8.4,0.30,0.477,0.511,-0.33,0,26,0,36.9,236.3,243.4,225.5,0.00,1,-9.4,-20.9
108.80,cruise,350.05,-0.05,0.496,1,1363.9,2283.4,532.4,-1933.6,38.41,-157.24,268,230,-1,56.1,30.8,56.5,24.6,0.16,-0.07,1.00,0.00,0.00,0.00,-44.81,155.37,99,-1,0,10,24.8,-0.15,0.497,0.614,-0.51,0,26,0,39.4,239.5,244.2,229.2,0.00,1,-8.6,-25.7
109.00,cruise,349.80,0.20,0.542,1,1367.8,2267.7,524.7,-1902.2,38.58,-157.41,267,230,-1,55.4,32.8,55.2,34.8,0.24,-0.06,1.00,0.00,0.00,0.00,-45.50,155.55,99,-1,0,3,30.1,-0.55,0.552,0.714,-0.55,0,26,0,39.5,242.0,246.3,236.0,0.00,1,-7.1,-23.5
109.20,cruise,349.58,0.42,0.587,1,1375.5,2236.1,517.0,-1870.6,38.45,-158.12,269,233,-1,54.7,34.9,53.9,42.0,0.19,-0.06,1.00,0.00,0.00,0.00,-40.03,157.72,99,-1,0,-4,30.1,-0.60,0.600,0.743,-0.51,0,26,0,36.2,242.3,249.0,242.6,0.00,1,-1.8,-10.1
109.40,cruise,349.49,0.51,0.584,1,1386.9,2188.4,509.4,-1838.9,37.88,-160.05,272,233,-1,54.4,35.5,53.1,43.6,0.05,-0.03,1.00,0.00,0.00,0.00,-33.28,160.41,99,-1,0,-8,3.0,-0.45,0.591,0.639,-0.29,0,26,0,30.5,240.0,251.3,247.0,0.00,1,9.9,19.9
109.60,cruise,349.56,0.44,0.540,1,1394.5,2156.2,501.8,-1806.8,38.01,-161.19,274,244,-1,55.0,33.6,53.8,39.2,-0.12,0.04,1.00,0.00,0.00,0.00,-25.49,163.09,99,-1,0,-9,-21.6,0.01,0.540,0.625,0.01,0,26,0,25.4,235.7,252.0,247.8,0.00,1,14.6,30.6
109.80,cruise,349.75,0.25,0.489,1,1402.2,2123.9,494.1,-1774.6,38.80,-161.72,276,244,-1,55.8,30.3,56.0,29.5,-0.26,0.13,1.00,0.00,0.00,0.00,-21.15,164.68,99,-1,0,-4,-35.9,0.53,0.497,0.685,0.27,0,26,0,24.8,231.3,249.7,243.2,0.00,1,12.3,27.1
110.00,cruise,349.92,0.08,0.464,1,1410.1,2091.5,486.3,-1742.2,40.17,-161.63,274,241,-1,56.3,28.5,58.0,16.9,-0.30,0.13,1.00,0.00,0.00,0.00,-26.90,164.28,99,-1,0,6,-32.4,0.60,0.474,0.671,0.24,0,26,0,28.0,229.1,245.2,233.1,0.00,1,4.9,10.8
110.20,cruise,350.02,-0.02,0.461,1,1414.2,2075.4,478.3,-1709.9,40.96,-161.46,271,241,-1,56.4,28.7,58.6,8.2,-0.20,0.05,1.00,0.00,0.00,0.00,-38.54,162.05,99,-1,0,15,-25.4,0.60,0.471,0.584,0.09,0,26,0,32.8,230.2,241.8,223.4,0.00,1,1.0,-0.2
110.40,cruise,349.99,0.01,0.471,1,1426.9,2027.1,469.9,-1677.7,43.15,-160.84,267,231,-1,56.3,29.3,58.1,8.8,-0.02,-0.02,1.00,0.00,0.00,0.00,-51.44,158.37,99,-1,0,19,2.6,0.54,0.479,0.498,-0.20,0,26,0,37.9,234.6,241.0,219.5,0.00,1,-6.6,-30.7
110.60,cruise,349.83,0.17,0.494,1,1435.7,1994.9,461.2,-1645.5,43.99,-160.84,264,231,-1,56.0,29.9,57.2,18.4,0.16,-0.03,1.00,0.00,0.00,0.00,-59.40,155.71,99,-1,0,16,22.7,0.07,0.495,0.593,-0.41,0,26,0,42.7,240.4,242.4,222.5,0.00,1,-8.5,-39.7
110.80,cruise,349.55,0.45,0.559,1,1444.5,1962.7,452.4,-1613.3,44.08,-161.15,264,223,-1,55.4,31.5,56.3,32.2,0.27,-0.04,1.00,0.00,0.00,0.00,-61.90,154.96,99,-1,0,9,36.3,-0.44,0.566,0.740,-0.59,0,26,0,46.5,245.6,244.5,229.9,0.00,1,-9.3,-34.6
111.00,cruise,349.24,0.76,0.637,1,1448.9,1946.6,443.6,-1581.1,43.81,-161.63,264,223,-1,54.4,34.5,54.7,43.3,0.25,-0.06,1.00,0.00,0.00,0.00,-61.59,155.73,99,-1,0,2,37.5,-0.60,0.651,0.848,-0.66,0,26,0,47.6,248.1,246.3,237.2,0.00,1,-8.5,-26.6
111.20,cruise,349.07,0.93,0.635,1,1461.8,1897.7,435.0,-1548.6,42.28,-163.96,264,225,-1,53.6,36.5,52.5,47.7,0.12,-0.08,1.00,0.00,0.00,0.00,-58.63,158.14,99,-1,0,-3,16.5,-0.60,0.649,0.781,-0.45,0,26,0,44.1,247.0,247.7,241.9,0.00,1,1.4,10.6
111.40,cruise,349.10,0.90,0.590,1,1465.9,1881.2,426.6,-1515.7,41.75,-164.84,264,225,-1,53.8,35.9,50.9,45.4,-0.05,-0.06,1.00,0.00,0.00,0.00,-57.70,159.95,99,-1,0,-5,4.3,-0.19,0.592,0.658,-0.13,0,26,0,37.6,243.0,248.6,244.1,0.00,1,6.0,21.5
111.60,cruise,349.30,0.70,0.512,1,1474.2,1848.1,418.3,-1482.6,41.13,-166.25,266,236,-1,54.9,32.5,51.8,38.1,-0.21,0.04,1.00,0.00,0.00,0.00,-53.77,162.60,99,-1,0,-4,-20.6,0.33,0.515,0.646,0.33,0,26,0,32.8,238.0,248.0,242.8,0.00,1,13.2,33.2
111.80,cruise,349.55,0.45,0.464,1,1482.5,1814.7,410.0,-1449.2,41.35,-166.82,267,236,-1,55.9,28.7,54.6,28.5,-0.25,0.17,1.00,0.00,0.00,0.00,-49.59,164.55,99,-1,0,1,-32.9,0.60,0.475,0.670,0.69,0,26,0,32.0,234.9,246.3,237.4,0.00,1,16.1,26.7
112.00,cruise,349.76,0.24,0.458,1,1495.1,1764.7,401.7,-1415.9,42.71,-166.60,267,235,-1,56.4,26.5,57.5,20.5,-0.17,0.17,1.00,0.00,0.00,0.00,-50.95,164.25,99,-1,0,8,-19.9,0.60,0.468,0.625,0.75,0,26,0,33.6,234.8,244.8,230.5,0.00,1,7.7,-0.2
112.20,cruise,349.86,0.14,0.478,1,1503.8,1731.4,393.1,-1382.6,43.81,-166.29,266,235,-1,56.6,26.1,58.7,18.5,-0.02,0.07,1.00,0.00,0.00,0.00,-53.92,163.27,99,-1,0,12,-0.0,0.46,0.484,0.526,0.48,0,26,0,36.5,237.2,244.5,226.5,0.00,1,-3.6,-17.1
112.40,cruise,349.84,0.16,0.506,1,1512.6,1698.2,384.3,-1349.3,44.56,-166.20,266,229,-1,56.4,27.4,57.7,24.1,0.13,-0.06,1.00,0.00,0.00,0.00,-56.46,162.46,99,-1,0,11,20.0,-0.00,0.506,0.600,0.05,0,26,0,39.8,240.5,244.8,228.1,0.00,1,-12.3,-24.8
112.60,cruise,349.70,0.30,0.539,1,1521.6,1664.9,375.4,-1316.1,44.74,-166.68,266,229,-1,55.8,30.2,55.4,33.1,0.21,-0.13,1.00,0.00,0.00,0.00,-56.56,162.69,99,-1,0,5,31.9,-0.44,0.545,0.731,-0.27,0,26,0,42.1,243.0,245.3,233.3,0.00,1,-13.5,-20.8
112.80,cruise,349.56,0.44,0.556,1,1530.5,1631.5,366.5,-1282.7,44.34,-167.39,266,228,-1,55.0,33.3,52.6,40.5,0.21,-0.14,1.00,0.00,0.00,0.00,-54.96,163.92,99,-1,0,-0,28.8,-0.60,0.569,0.764,-0.19,0,26,0,41.4,243.5,246.3,238.9,0.00,1,-6.1,-7.2
113.00,cruise,349.52,0.48,0.547,1,1534.9,1614.7,357.6,-1249.2,43.90,-167.87,266,228,-1,54.6,34.9,50.6,43.5,0.11,-0.10,1.00,0.00,0.00,0.00,-54.21,164.83,99,-1,0,-5,21.6,-0.52,0.557,0.672,0.07,0,26,0,37.2,241.9,248.0,243.3,0.00,1,-0.3,2.1
113.20,cruise,349.63,0.37,0.519,1,1547.9,1564.1,348.9,-1215.5,43.02,-169.15,268,238,-1,55.0,33.6,51.2,42.1,-0.02,0.02,1.00,0.00,0.00,0.00,-47.94,167.51,99,-1,0,-7,-10.6,-0.16,0.520,0.540,0.45,0,26,0,31.1,238.8,250.0,246.1,0.00,1,18.5,23.5
113.40,cruise,349.83,0.17,0.496,1,1556.5,1530.2,340.3,-1181.7,43.07,-169.58,271,238,-1,56.0,30.1,54.3,36.7,-0.13,0.15,1.00,0.00,0.00,0.00,-39.09,170.35,99,-1,0,-7,-28.3,0.28,0.498,0.639,0.70,0,26,0,26.6,235.3,250.9,245.7,0.00,1,21.1,26.7
113.60,cruise,350.06,-0.06,0.485,1,1560.8,1513.3,331.7,-1147.8,43.37,-169.63,273,243,-1,56.7,26.5,57.9,27.6,-0.20,0.20,1.00,0.00,0.00,0.00,-34.51,171.65,99,-1,0,-2,-32.6,0.60,0.496,0.691,0.66,0,26,0,25.9,232.4,249.4,240.5,0.00,1,18.7,24.8
113.80,cruise,350.24,-0.24,0.479,1,1574.1,1462.4,322.9,-1113.8,45.13,-169.54,273,243,-1,57.1,25.4,59.8,17.0,-0.20,0.11,1.00,0.00,0.00,0.00,-36.69,171.47,99,-1,0,7,-23.3,0.60,0.490,0.636,0.42,0,26,0,28.7,231.2,246.2,231.4,0.00,1,0.5,5.4
114.00,cruise,350.33,-0.33,0.474,1,1578.7,1445.4,313.8,-1079.9,45.88,-169.41,270,236,-1,57.0,26.7,59.2,11.5,-0.10,-0.04,1.00,0.00,0.00,0.00,-46.07,169.36,99,-1,0,14,-14.6,0.57,0.483,0.551,0.05,0,26,0,32.9,232.2,243.3,224.8,0.00,1,-5.4,-2.8
114.20,cruise,350.29,-0.29,0.472,1,1592.7,1394.7,304.5,-1046.1,47.59,-168.88,267,236,-1,56.8,28.2,57.4,14.7,0.06,-0.11,1.00,0.00,0.00,0.00,-54.85,166.71,99,-1,0,14,15.7,0.17,0.473,0.550,-0.25,0,26,0,36.1,234.6,242.6,225.0,0.00,1,-10.4,-22.0
114.40,cruise,350.13,-0.13,0.494,1,1602.3,1360.9,295.0,-1012.3,48.08,-168.66,266,232,-1,56.3,30.0,55.9,24.3,0.20,-0.09,1.00,0.00,0.00,0.00,-58.14,165.49,99,-1,0,8,30.3,-0.33,0.497,0.640,-0.40,0,26,0,36.7,237.2,244.3,231.2,0.00,1,-6.5,-22.1
114.60,cruise,349.90,0.10,0.540,1,1607.1,1344.1,285.4,-978.6,48.08,-168.71,267,232,-1,55.7,32.2,54.7,34.5,0.24,-0.06,1.00,0.00,0.00,0.00,-55.84,166.30,99,-1,0,-1,33.1,-0.60,0.552,0.714,-0.46,0,26,0,34.1,238.7,247.6,239.4,0.00,1,-4.2,-17.9
114.80,brake,349.73,0.27,0.571,1,1621.5,1293.3,0.0,0.0,47.81,-169.58,271,240,-1,49.4,27.2,53.8,40.4,0.27,0.01,1.00,0.00,0.00,0.00,-46.15,169.73,99,-1,0,-8,18.6,-0.60,0.584,0.695,-0.34,0,26,0,28.7,238.0,251.1,246.3,0.00,1,6.6,8.0
115.00,brake,349.70,0.30,0.562,1,1631.0,1259.3,0.0,0.0,47.72,-170.55,274,240,-1,37.4,15.2,53.8,40.2,0.16,0.24,1.00,0.00,0.00,0.00,-34.79,173.13,99,-1,0,-11,-5.0,-0.38,0.567,0.725,-0.15,0,26,0,22.6,234.7,253.6,250.3,0.00,1,11.4,28.1
115.20,brake,349.84,0.16,0.498,1,1635.8,1242.2,0.0,0.0,47.86,-170.99,276,249,-1,25.4,3.2,53.9,31.7,-0.08,0.41,1.00,0.00,0.00,0.00,-28.36,175.28,99,-1,0,-10,-18.0,0.17,0.499,0.694,-0.04,0,26,0,20.4,228.5,251.7,248.4,0.00,1,8.9,37.7
115.40,brake,350.11,-0.11,0.550,1,1645.5,1207.9,0.0,0.0,48.78,-171.39,275,249,-1,13.4,-8.8,51.7,13.9,-0.33,0.35,1.00,0.00,0.00,0.00,-34.09,174.90,99,-1,0,1,-36.2,0.60,0.562,0.836,-0.23,0,26,0,24.9,219.8,240.9,237.9,0.00,1,-8.8,50.2
115.60,brake,350.44,-0.44,0.550,1,1660.6,1156.6,0.0,0.0,51.72,-170.64,268,236,-1,1.4,-20.8,44.6,-4.0,-0.32,0.00,1.00,0.00,0.00,0.00,-56.83,169.19,99,-1,0,12,-29.2,0.60,0.562,0.693,-0.26,0,26,0,33.0,209.7,221.3,226.4,0.00,1,-51.8,35.8
115.80,brake,350.82,-0.82,0.550,1,1671.2,1122.7,0.0,0.0,53.83,-168.79,259,236,-1,-10.6,-32.8,33.0,-11.7,0.06,-0.33,0.81,0.00,0.00,0.00,-83.97,156.82,99,-1,0,16,-9.8,0.72,0.568,0.724,0.29,0,26,0,39.7,198.3,201.8,222.9,0.00,1,-63.1,12.9
116.00,brake,351.32,-1.32,0.550,1,1682.2,1089.2,0.0,0.0,54.98,-166.11,251,228,-1,-22.6,-33.3,21.0,-12.1,0.34,-0.28,0.46,0.00,0.00,0.00,-106.34,140.48,99,-1,0,13,15.3,0.22,0.552,0.800,1.71,0,26,0,41.2,186.9,187.9,225.6,0.00,1,-52.3,4.8
116.20,brake,352.09,-2.09,0.550,1,1687.7,1072.7,0.0,0.0,55.11,-164.71,244,228,-1,-34.6,-35.3,13.0,-12.0,0.27,0.04,0.25,0.00,0.00,0.00,-121.95,123.67,99,-1,0,6,26.7,-0.41,0.556,0.683,3.67,0,26,0,36.6,177.6,176.8,232.3,0.00,1,-43.1,9.5
116.40,brake,353.25,-3.25,0.550,1,1698.7,1040.2,0.0,0.0,54.84,-161.72,241,240,-1,-30.8,-38.8,8.7,-15.5,-0.02,0.22,0.25,0.00,0.00,0.00,-127.16,113.98,99,-1,0,-3,39.2,-0.84,0.574,0.668,5.78,0,26,0,28.8,169.0,160.6,241.3,0.00,1,-29.9,28.1
116.60,brake,354.85,-4.85,0.550,1,1709.6,1008.2,0.0,0.0,54.67,-158.40,240,240,-1,-25.4,-41.4,5.1,-22.9,-0.29,0.16,0.44,0.00,0.00,0.00,-127.39,108.86,99,-1,0,-11,32.5,-0.86,0.576,0.756,7.99,0,26,0,21.5,158.8,135.5,249.8,0.00,1,-31.4,43.7
116.80,brake,356.82,-6.82,0.550,1,1726.0,961.8,0.0,0.0,54.93,-151.68,241,252,-1,-23.1,-42.1,-2.6,-31.3,-0.37,-0.18,0.71,0.00,0.00,0.00,-122.88,108.10,99,-1,0,-17,-7.1,-0.50,0.558,0.779,10.04,0,26,0,16.5,148.1,115.5,255.9,0.00,1,-54.2,35.2
117.00,brake,358.97,-8.97,0.550,1,1737.0,932.2,0.0,0.0,54.32,-145.88,246,252,-1,-25.7,-41.2,-17.0,-37.2,-0.18,-0.53,0.98,0.00,0.00,0.00,-110.93,113.37,99,-1,0,-21,-36.1,0.03,0.550,0.837,11.29,0,26,0,13.4,140.2,105.9,259.4,0.00,1,-55.7,13.0
117.20,brake,361.16,-11.16,0.350,1,1742.3,917.8,0.0,0.0,53.53,-142.82,253,255,-1,-31.5,-38.3,-32.5,-37.6,0.20,-0.57,1.00,0.00,0.00,0.00,-92.01,121.64,99,-1,0,-19,-48.0,0.57,0.357,0.669,11.78,0,26,0,14.4,136.9,105.4,258.1,0.00,1,-46.1,1.9
117.40,brake,363.29,-13.29,0.250,1,1752.8,890.0,0.0,0.0,51.33,-137.33,261,255,-1,-37.3,-33.0,-40.8,-31.4,0.51,-0.23,1.00,0.00,0.00,0.00,-72.81,127.25,99,-1,1,-10,-60.5,0.60,0.256,0.511,11.38,0,26,0,22.8,135.7,113.4,249.0,0.00,1,-12.9,-6.8
117.60,brake,365.30,-15.30,0.250,1,1762.8,863.1,0.0,0.0,49.13,-133.09,262,233,-1,-41.2,-25.8,-42.5,-22.6,0.53,0.10,1.00,0.00,0.00,0.00,-68.18,124.41,99,-1,0,4,-57.2,0.60,0.256,0.507,10.41,0,26,0,35.6,133.0,123.7,234.9,0.00,1,10.1,1.1
117.80,brake,367.19,-17.19,0.250,1,1772.4,836.9,0.0,0.0,47.24,-129.46,258,233,-1,-43.5,-17.6,-42.2,-17.0,0.30,0.23,1.00,0.00,0.00,0.00,-72.49,117.21,99,-1,0,18,-51.5,0.60,0.256,0.469,9.52,0,26,0,50.3,125.6,130.8,220.6,0.00,1,15.9,21.5
118.00,brake,368.96,-18.96,0.250,1,1786.1,799.0,0.0,0.0,45.18,-124.43,250,203,-1,-44.6,-9.7,-42.5,-17.1,-0.01,0.14,1.00,0.00,0.00,0.00,-85.50,103.32,99,-1,0,30,-38.3,0.60,0.256,0.315,8.78,0,26,0,66.5,112.5,133.6,208.6,0.00,1,4.7,49.0
118.20,brake,370.52,-20.52,0.250,1,1790.6,786.7,0.0,0.0,44.69,-122.78,240,203,-1,-45.0,-3.0,-45.4,-21.3,-0.23,-0.07,1.00,0.00,0.00,0.00,-100.78,83.17,99,-1,0,39,-34.0,0.60,0.256,0.378,7.88,0,26,0,83.6,96.1,133.4,199.6,0.00,1,-0.6,52.2
118.40,brake,371.84,-21.84,0.250,1,1799.5,762.5,0.0,0.0,44.12,-119.42,226,169,-1,-45.0,1.8,-49.6,-27.5,-0.34,-0.18,1.00,0.00,0.00,0.00,-114.72,55.21,99,-1,0,45,-23.7,0.60,0.256,0.466,6.75,0,26,0,99.6,81.2,132.6,193.7,0.00,1,-4.9,51.1
118.60,brake,372.91,-22.91,0.250,1,1812.7,727.6,0.0,0.0,43.99,-114.17,208,169,-1,-44.9,4.8,-52.6,-33.4,-0.36,-0.10,1.00,0.00,0.00,0.00,-122.86,16.57,99,-1,0,49,-6.7,0.60,0.256,0.443,5.41,0,26,0,110.9,70.2,133.4,190.1,0.00,1,5.5,34.7
118.80,brake,373.76,-23.76,0.250,1,1821.5,705.2,0.0,0.0,44.34,-110.76,193,153,-1,-44.8,5.9,-52.9,-37.6,-0.35,0.09,1.00,0.00,0.00,0.00,-119.60,-17.02,99,-1,0,51,5.6,0.60,0.256,0.430,3.94,0,26,0,115.5,63.4,136.3,188.1,0.00,1,14.3,18.2
119.00,brake,374.37,-24.37,0.250,1,1830.4,683.4,0.0,0.0,44.87,-107.64,181,153,-1,-44.9,5.2,-49.9,-39.5,-0.32,0.31,1.00,0.00,0.00,0.00,-110.16,-42.13,99,-1,0,51,19.0,0.56,0.255,0.505,2.41,0,26,0,114.0,61.5,140.6,187.5,0.00,1,16.5,-0.4
119.20,brake,374.73,-24.73,0.250,1,1839.5,662.3,0.0,0.0,45.57,-104.72,175,162,-1,-45.0,1.6,-44.6,-39.6,-0.27,0.48,1.00,0.00,0.00,0.00,-101.43,-54.96,99,-1,1,49,33.3,0.27,0.251,0.502,1.05,0,26,0,107.4,66.6,144.0,190.0,0.00,1,8.7,-18.4
119.40,brake,374.85,-24.85,0.250,1,1848.7,641.7,0.0,0.0,46.19,-102.04,171,162,-1,-44.9,-5.1,-38.5,-38.4,-0.18,0.57,1.00,0.00,0.00,0.00,-95.21,-61.05,99,-1,1,42,44.3,0.01,0.250,0.500,-0.09,0,26,0,96.4,81.0,144.7,196.6,0.00,1,-7.6,-34.9
119.60,brake,374.74,-24.74,0.250,1,1858.0,621.6,0.0,0.0,46.58,-99.47,173,188,-1,-44.1,-13.8,-34.2,-35.7,-0.03,0.49,1.00,0.00,0.00,0.00,-94.39,-58.26,99,-1,0,31,49.2,-0.32,0.252,0.456,-1.03,0,26,0,81.0,101.3,141.6,207.4,0.00,1,-30.7,-48.9
119.80,brake,374.39,-24.39,0.250,1,1862.6,611.7,0.0,0.0,46.63,-98.15,178,188,-1,-42.4,-22.1,-34.4,-32.1,0.12,0.17,1.00,0.00,0.00,0.00,-96.15,-50.63,99,-1,0,17,48.5,-0.60,0.256,0.370,-1.76,0,26,0,60.5,118.6,133.9,221.7,0.00,1,-43.7,-54.5
120.00,brake,373.79,-23.79,0.250,1,1876.5,583.0,0.0,0.0,45.79,-94.17,189,233,-1,-40.2,-28.0,-40.6,-28.6,0.16,-0.30,1.00,0.00,0.00,0.00,-101.70,-30.35,99,-1,0,1,30.5,-0.60,0.256,0.440,-2.45,0,26,0,36.1,130.5,122.0,237.6,0.00,1,-71.0,-62.8
120.20,brake,372.88,-22.88,0.250,1,1881.1,573.7,0.0,0.0,45.18,-92.83,209,233,-1,-38.6,-31.1,-50.3,-25.6,0.16,-0.67,1.00,0.00,0.00,0.00,-103.07,6.05,99,-1,1,-13,21.4,-0.60,0.256,0.511,-3.33,0,26,0,15.5,141.0,108.8,251.9,0.00,1,-71.5,-63.3
120.40,brake,371.69,-21.69,0.250,1,1894.1,546.5,0.0,0.0,42.10,-88.75,230,264,-1,-38.0,-32.0,-59.5,-20.2,0.24,-0.74,1.00,0.00,0.00,0.00,-91.15,41.04,99,-1,1,-22,-5.9,-0.51,0.254,0.508,-4.52,0,26,0,5.3,152.3,100.0,261.2,0.00,1,-45.0,-62.3
120.60,brake,370.23,-20.23,0.372,1,1898.2,537.8,0.0,0.0,40.83,-87.56,246,264,-1,-38.2,-31.6,-65.2,-7.0,0.37,-0.57,1.00,0.00,0.00,0.00,-72.83,63.48,99,-1,1,-21,-13.2,-0.16,0.373,0.746,-6.10,0,26,0,4.3,164.0,104.7,260.2,0.00,1,-31.4,-60.5
120.80,brake,368.49,-18.49,0.509,1,1909.7,512.0,0.0,0.0,35.99,-84.70,250,260,-1,-38.9,-30.5,-66.2,14.0,0.49,-0.19,1.00,0.00,0.00,0.00,-64.47,67.81,99,-1,0,-10,-31.8,0.33,0.512,0.785,-8.01,0,26,0,8.7,174.4,147.3,248.6,0.00,1,20.0,-41.2
121.00,brake,366.58,-16.58,0.617,1,1913.1,503.6,0.0,0.0,33.93,-84.09,248,260,-1,-39.6,-29.4,-60.0,27.6,0.55,0.40,1.00,0.00,0.00,0.00,-62.91,65.31,99,-1,1,-2,-35.7,0.60,0.631,1.000,-9.78,0,26,0,15.7,182.0,187.2,240.3,0.00,1,37.3,-27.9
121.20,brake,364.68,-14.68,0.574,1,1919.4,486.9,0.0,0.0,29.44,-83.55,245,247,-1,-40.1,-28.3,-48.2,28.4,0.41,0.83,1.00,0.00,0.00,0.00,-62.48,62.80,99,-1,1,1,-36.5,0.60,0.587,1.000,-10.48,0,26,0,22.4,184.7,191.2,237.9,0.00,1,52.0,10.3
121.40,brake,363.00,-13.00,0.550,1,1927.2,461.8,0.0,0.0,23.99,-83.56,242,247,-1,-41.1,-26.0,-38.9,21.8,0.11,0.61,1.00,0.00,0.00,0.00,-61.36,62.29,99,-1,0,5,-22.5,0.60,0.563,0.852,-9.49,0,26,0,27.9,178.4,177.0,234.1,0.00,1,-2.1,63.8
121.60,brake,361.59,-11.59,0.550,1,1931.7,445.2,0.0,0.0,21.45,-82.52,242,238,-1,-42.2,-22.7,-40.8,10.7,-0.19,-0.25,1.00,0.00,0.00,0.00,-59.53,62.44,99,-1,0,10,-0.2,0.46,0.557,0.731,-7.71,0,26,0,31.4,161.4,151.1,229.0,0.00,1,-52.6,80.1
121.80,brake,360.33,-10.33,0.550,1,1933.7,437.0,0.0,0.0,20.13,-81.30,244,238,-1,-42.5,-21.9,-52.7,-8.1,-0.49,-1.00,1.00,0.00,0.00,0.00,-53.68,64.29,99,-1,1,6,16.9,-0.21,0.552,1.000,-5.86,0,26,0,27.5,140.5,122.2,232.4,0.00,1,-65.3,81.5
122.00,brake,359.10,-9.10,0.665,1,1937.4,421.2,0.0,0.0,17.45,-77.22,256,254,-1,-41.1,-26.0,-64.1,-39.4,-0.68,-0.90,1.00,0.00,0.00,0.00,-36.09,70.47,99,-1,1,-14,46.4,-0.60,0.680,1.000,-5.58,0,26,0,15.2,125.9,101.1,252.8,0.00,1,-44.9,69.6
122.20,brake,357.77,-7.77,0.799,1,1940.6,406.5,0.0,0.0,15.07,-71.44,273,254,-1,-38.5,-31.2,-65.3,-56.3,-0.38,-0.10,1.00,0.00,0.00,0.00,-11.74,72.07,99,-1,1,-25,49.7,-0.60,0.817,1.000,-7.37,0,26,0,8.5,118.7,94.7,263.5,0.00,1,8.4,34.9
122.40,brake,356.24,-6.24,0.800,1,1943.3,393.1,0.0,0.0,12.88,-64.36,283,250,-1,-35.8,-34.7,-50.5,-50.6,0.33,0.79,1.00,0.00,0.00,0.00,2.28,65.59,99,-1,1,-18,36.0,-0.60,0.818,1.000,-9.72,0,26,0,18.9,121.5,101.8,257.2,0.00,1,62.5,-13.0
122.60,brake,354.67,-4.67,0.800,1,1946.9,375.6,0.0,0.0,11.51,-54.25,281,250,-1,-33.3,-34.5,-30.0,-37.8,0.78,1.00,1.00,0.00,0.00,0.00,-0.55,58.21,99,-1,1,-9,1.1,-0.48,0.811,1.000,-9.53,0,26,0,28.3,132.6,116.4,247.9,0.00,1,59.3,-40.2
122.80,brake,353.47,-3.47,0.627,1,1948.0,370.3,0.0,0.0,11.73,-52.34,272,236,-1,-31.4,-30.2,-21.4,-29.7,0.49,0.43,0.82,0.00,0.00,0.00,-9.75,52.74,99,-1,0,-3,-12.2,0.19,0.628,0.994,-6.02,0,26,0,33.4,140.4,128.5,241.5,0.00,1,34.2,-25.8
123.00,brake,352.86,-2.86,0.481,1,1951.7,355.2,0.0,0.0,12.22,-49.06,264,236,-1,-32.2,-26.3,-28.1,-31.6,-0.29,-0.49,0.97,0.00,0.00,0.00,-17.25,48.65,99,-1,0,1,-30.1,0.63,0.493,0.805,-2.20,0,26,0,38.5,133.8,127.4,237.9,0.00,1,-44.1,43.3
123.20,brake,352.53,-2.53,0.522,1,1954.1,345.8,0.0,0.0,11.78,-45.63,261,226,-1,-31.8,-22.7,-43.7,-42.8,-0.81,-0.94,1.00,0.00,0.00,0.00,-19.29,45.12,99,-1,1,-1,-12.8,0.44,0.528,1.000,-0.16,0,26,0,42.9,118.9,117.1,240.0,0.00,1,-41.1,52.1
123.40,brake,352.28,-2.28,0.653,1,1955.2,341.4,0.0,0.0,11.47,-43.19,265,226,-1,-29.1,-19.8,-54.5,-54.2,-0.73,-0.61,1.00,0.00,0.00,0.00,-15.26,42.00,99,-1,1,-5,-1.7,-0.07,0.653,1.000,-0.25,0,26,0,48.1,108.8,110.7,244.2,0.00,1,-22.7,42.3
123.60,brake,352.02,-2.02,0.754,1,1958.6,330.0,0.0,0.0,11.21,-34.29,264,216,-1,-25.1,-17.1,-49.3,-53.7,-0.14,0.20,1.00,0.00,0.00,0.00,-15.05,36.03,99,-1,0,-3,20.8,-0.35,0.760,0.895,-2.10,0,26,0,52.8,109.1,114.5,241.3,0.00,1,55.8,-26.1
123.80,brake,351.69,-1.69,0.624,1,1959.7,326.8,0.0,0.0,11.51,-31.08,253,216,-1,-20.9,-14.6,-28.0,-41.3,0.53,0.99,1.00,0.00,0.00,0.00,-20.22,26.27,99,-1,1,5,26.0,-0.42,0.631,1.000,-3.52,0,26,0,50.2,123.4,128.4,233.6,0.00,1,73.3,-49.8
124.00,brake,351.41,-1.41,0.550,1,1963.5,318.7,0.0,0.0,13.45,-25.30,243,225,-1,-17.5,-13.4,-8.6,-28.2,0.68,1.00,0.64,0.00,0.00,0.00,-23.17,17.69,99,-1,1,7,32.0,-0.50,0.558,1.000,-2.08,0,26,0,43.7,145.7,144.5,231.3,0.00,1,38.7,-49.1
124.20,brake,351.39,-1.39,0.550,1,1964.9,316.2,0.0,0.0,14.06,-25.02,237,225,-1,-15.9,-14.3,-1.9,-21.6,0.26,0.40,0.39,0.00,0.00,0.00,-25.32,13.52,99,-1,0,4,29.2,-0.51,0.559,0.822,0.20,0,26,0,37.1,157.2,150.9,235.1,0.00,1,12.2,-29.7
124.40,brake,351.81,-1.81,0.550,1,1967.8,311.2,0.0,0.0,15.16,-25.04,236,237,-1,-15.0,-15.6,-7.6,-23.4,-0.39,-0.43,0.48,0.00,0.00,0.00,-26.64,12.12,99,-1,0,-2,16.6,-0.38,0.555,0.884,2.39,0,26,0,31.5,152.8,140.0,241.2,0.00,1,-42.1,12.6
124.60,brake,352.56,-2.56,0.550,1,1971.0,306.3,0.0,0.0,15.82,-23.82,238,237,-1,-14.0,-15.4,-21.3,-30.4,-0.70,-0.93,0.84,0.00,0.00,0.00,-26.11,11.67,99,-1,1,-9,0.4,-0.19,0.551,1.000,4.46,0,26,0,25.9,142.2,122.1,247.8,0.00,1,-69.0,28.7
124.80,brake,353.48,-3.48,0.550,1,1974.1,301.9,0.0,0.0,15.29,-20.38,244,247,-1,-12.5,-13.1,-33.5,-33.1,-0.31,-0.84,1.00,0.00,0.00,0.00,-22.73,11.51,99,-1,1,-12,-16.4,0.08,0.550,1.000,5.46,0,26,0,21.7,137.5,113.5,251.2,0.00,1,-49.1,3.3
125.00,brake,354.44,-4.44,0.550,1,1978.2,296.9,0.0,0.0,12.52,-14.13,250,247,-1,-10.8,-9.8,-35.0,-24.2,0.43,-0.22,0.99,0.00,0.00,0.00,-18.39,10.43,99,-1,0,-7,-33.9,0.45,0.557,0.816,5.06,0,26,0,24.5,142.4,120.6,246.2,0.00,1,31.6,-50.8
125.20,brake,355.46,-5.46,0.550,1,1980.4,294.5,0.0,0.0,10.15,-11.20,249,236,-1,-9.0,-6.9,-25.1,-8.2,0.88,0.66,0.54,0.00,0.00,0.00,-14.97,7.63,99,-1,1,3,-32.1,0.76,0.570,1.000,5.01,0,26,0,33.2,155.7,145.4,235.6,0.00,1,70.7,-49.1
125.40,brake,356.73,-6.73,0.450,1,1981.4,293.4,0.0,0.0,9.23,-10.69,246,236,-1,-8.1,-5.2,-11.4,1.2,0.50,0.94,0.05,0.00,0.00,0.00,-12.79,5.98,99,-1,1,10,-25.9,0.71,0.464,0.928,6.57,0,26,0,40.2,171.5,169.9,229.2,0.00,1,69.3,-32.5
125.60,brake,358.45,-8.45,0.250,1,1983.9,290.1,0.0,0.0,8.17,-11.84,242,226,-1,-8.5,-5.1,-3.7,1.2,-0.11,0.44,0.00,0.00,0.00,0.00,-12.64,6.06,99,-1,0,12,-8.4,0.46,0.253,0.473,8.68,0,26,0,43.1,177.8,177.6,226.8,0.00,1,10.6,17.2
125.80,brake,360.36,-10.36,0.250,1,1984.7,288.9,0.0,0.0,8.26,-12.08,237,226,-1,-9.1,-5.2,-4.2,-2.6,-0.31,-0.12,0.00,0.00,0.00,0.00,-13.50,5.66,99,-1,0,13,-7.7,0.42,0.253,0.426,9.24,0,26,0,44.7,173.3,173.2,225.3,0.00,1,-7.0,20.6
126.00,brake,362.15,-12.15,0.250,1,1987.2,285.3,0.0,0.0,8.26,-11.78,234,223,-1,-9.1,-5.0,-8.2,-5.8,-0.26,-0.33,0.00,0.00,0.00,0.00,-13.77,4.78,99,-1,0,14,-1.5,0.37,0.252,0.485,8.75,0,26,0,45.6,165.9,166.2,224.7,0.00,1,-19.9,11.2
126.20,brake,363.83,-13.83,0.250,1,1988.0,284.1,0.0,0.0,8.17,-11.41,231,223,-1,-8.7,-4.8,-11.5,-7.5,-0.16,-0.24,0.12,0.00,0.00,0.00,-13.53,3.74,99,-1,0,13,2.1,0.23,0.251,0.410,8.32,0,26,0,45.1,161.4,161.5,225.3,0.00,1,-15.4,6.5
126.40,brake,365.41,-15.41,0.250,1,1990.4,280.9,0.0,0.0,7.69,-10.05,230,226,-1,-7.9,-4.7,-12.2,-7.6,-0.05,-0.05,0.14,0.00,0.00,0.00,-12.81,2.90,99,-1,0,12,11.7,0.06,0.250,0.291,7.86,0,26,0,43.4,161.4,160.4,227.0,0.00,1,3.6,-6.1
126.60,brake,366.89,-16.89,0.250,1,1991.2,279.9,0.0,0.0,7.56,-9.62,229,226,-1,-7.1,-4.7,-10.5,-6.5,0.04,0.10,0.08,0.00,0.00,0.00,-12.03,2.25,99,-1,0,9,13.9,-0.09,0.250,0.306,7.32,0,26,0,40.7,164.7,162.4,229.6,0.00,1,7.8,-8.7
126.80,brake,368.25,-18.25,0.250,1,1993.3,277.2,0.0,0.0,7.16,-8.72,229,232,-1,-6.4,-4.8,-8.3,-4.8,0.09,0.12,0.00,0.00,0.00,0.00,-11.38,1.97,99,-1,0,6,17.5,-0.22,0.251,0.332,6.81,0,26,0,37.3,168.9,165.6,232.7,0.00,1,6.9,-10.7
127.00,brake,369.51,-19.51,0.250,1,1994.1,276.4,0.0,0.0,7.03,-8.53,230,232,-1,-5.8,-4.9,-7.0,-3.3,0.08,0.05,0.00,0.00,0.00,0.00,-10.87,1.99,99,-1,0,3,17.1,-0.29,0.251,0.303,6.34,0,26,0,33.9,172.0,168.1,236.1,0.00,1,4.6,-9.6
127.20,brake,370.67,-20.67,0.250,1,1996.1,273.9,0.0,0.0,6.72,-8.15,231,238,-1,-5.4,-5.0,-6.7,-2.4,0.04,-0.02,0.00,0.00,0.00,0.00,-10.52,2.20,99,-1,0,-0,12.4,-0.30,0.251,0.276,5.77,0,26,0,30.8,173.6,169.3,239.1,0.00,1,-1.3,-3.5
127.40,brake,371.75,-21.75,0.250,1,1996.8,273.1,0.0,0.0,6.59,-8.03,233,238,-1,-5.1,-5.1,-6.9,-2.3,-0.01,-0.05,0.00,0.00,0.00,0.00,-10.08,2.52,99,-1,0,-2,9.8,-0.25,0.251,0.276,5.38,0,26,0,28.7,173.9,169.0,241.2,0.00,1,-1.7,-1.6
127.60,brake,372.76,-22.76,0.250,1,1998.1,271.5,0.0,0.0,6.28,-7.75,235,241,-1,-4.8,-5.0,-7.0,-2.5,-0.03,-0.04,0.00,0.00,0.00,0.00,-9.57,2.80,99,-1,0,-4,4.6,-0.16,0.250,0.278,4.99,0,26,0,27.6,173.9,168.4,242.3,0.00,1,-0.6,0.5
127.80,brake,373.70,-23.70,0.250,1,1999.9,269.3,0.0,0.0,5.80,-7.27,237,241,-1,-4.6,-4.8,-6.8,-2.5,-0.01,-0.02,0.00,0.00,0.00,0.00,-9.05,2.99,99,-1,0,-4,-1.6,-0.07,0.250,0.262,4.62,0,26,0,27.5,173.9,168.5,242.4,0.00,1,2.1,-0.5
128.00,brake,374.54,-24.54,0.250,1,2000.4,268.6,0.0,0.0,5.67,-7.10,238,241,-1,-4.4,-4.5,-6.3,-2.3,0.01,0.01,0.00,0.00,0.00,0.00,-8.55,3.06,99,-1,0,-3,-3.0,-0.00,0.250,0.255,4.19,0,26,0,28.1,174.4,169.6,241.8,0.00,1,2.8,-1.0
128.20,brake,375.28,-25.28,0.250,1,2002.1,266.5,0.0,0.0,5.32,-6.67,239,241,-1,-4.3,-4.3,-5.7,-1.9,0.02,0.01,0.00,0.00,0.00,0.00,-8.17,3.04,99,-1,0,-2,-5.2,0.05,0.250,0.262,3.65,0,26,0,29.0,174.9,171.0,240.9,0.00,1,3.3,-1.5
128.30,align,375.61,-25.61,0.000,1,2002.6,265.8,-109.6,99.0,5.19,-6.54,239,241,-1,-10.3,-10.3,-5.4,-1.7,0.08,0.08,0.00,0.00,0.00,0.00,-7.97,3.04,99,-1,1,2,-5.4,0.15,0.000,0.000,3.39,0,26,0,29.6,175.3,171.7,240.4,0.00,0,3.3,-1.5
128.40,align,375.90,-25.90,0.000,1,2002.6,265.8,-110.1,99.7,5.19,-6.54,239,239,-1,-16.3,-16.3,-5.1,-1.5,0.14,0.14,0.00,0.00,0.00,0.00,-7.79,2.98,99,-1,1,5,-5.4,0.22,0.000,0.000,3.13,0,26,0,30.1,175.6,172.4,239.8,0.00,0,3.3,-1.5
128.60,align,376.33,-26.33,0.000,1,2004.1,263.9,-111.1,100.9,4.97,-6.31,239,239,-1,-20.0,-20.0,-4.5,-1.2,0.16,0.17,0.00,0.00,0.00,0.00,-7.56,2.91,99,-1,1,12,-3.9,0.32,0.000,0.000,2.08,0,26,0,30.1,175.6,172.4,239.8,0.00,0,2.1,-0.3
128.80,align,376.53,-26.53,0.000,1,2005.1,262.7,-112.1,102.2,4.83,-6.22,239,237,-1,-20.0,-20.0,-4.2,-1.2,0.14,0.16,0.00,0.00,0.00,0.00,-7.45,2.83,99,-1,1,18,-2.5,0.42,0.000,0.000,0.86,0,26,0,31.8,176.2,173.9,238.2,0.00,0,1.0,0.7
129.00,align,376.38,-26.38,0.000,1,2006.0,261.4,-113.1,103.4,4.75,-6.11,238,237,-1,-20.0,-20.0,-4.0,-1.3,0.14,0.15,0.00,0.00,0.00,0.00,-7.34,2.73,99,-1,1,24,-2.5,0.53,0.000,0.000,-1.03,0,26,0,31.8,176.2,173.9,238.2,0.00,0,0.9,0.9
129.20,align,375.80,-25.80,0.000,1,2006.5,260.8,-114.0,104.7,4.75,-6.05,238,236,-1,-20.0,-20.0,-3.9,-1.5,0.14,0.16,0.00,0.00,0.00,0.00,-7.23,2.62,99,-1,1,31,-2.0,0.66,0.000,0.000,-3.20,0,26,0,32.7,176.0,173.9,237.2,0.00,0,0.7,0.7
129.40,align,374.79,-24.79,0.000,1,2007.5,259.6,-115.0,105.9,4.66,-5.94,238,236,-1,-20.0,-20.0,-3.7,-1.6,0.15,0.16,0.00,0.00,0.00,0.00,-7.12,2.52,99,-1,1,32,-2.1,0.69,0.000,0.000,-5.32,0,26,0,32.7,176.0,173.9,237.2,0.00,0,0.8,0.8
129.60,align,373.36,-23.36,0.075,1,2008.8,257.9,-115.9,107.0,4.48,-5.79,237,235,-1,-20.0,-20.0,-3.6,-1.7,0.15,0.17,0.00,0.00,0.00,0.00,-7.01,2.42,99,-1,1,33,-2.3,0.70,0.077,0.154,-7.41,0,26,0,33.6,175.9,173.9,236.4,0.00,0,0.8,0.8
129.80,align,371.53,-21.53,0.215,1,2009.7,256.7,-116.8,108.2,4.44,-5.68,237,235,-1,-20.0,-20.0,-3.5,-1.8,0.15,0.17,0.00,0.00,0.00,0.00,-6.90,2.33,99,-1,0,33,-1.6,0.71,0.222,0.349,-9.45,0,26,0,33.6,175.9,173.9,236.4,0.00,0,0.3,1.0
130.00,align,369.33,-19.33,0.360,1,2010.6,255.6,-117.7,109.3,4.39,-5.62,236,235,-1,-20.0,-20.0,-3.7,-2.2,0.12,0.13,0.00,0.00,0.00,0.00,-6.79,2.25,99,-1,0,34,3.1,0.68,0.370,0.471,-11.19,0,26,0,34.2,175.3,173.1,235.8,0.00,0,-4.6,3.9
130.20,align,366.99,-16.99,0.463,1,2011.5,254.5,-118.5,110.4,4.39,-5.55,236,235,-1,-20.0,-20.0,-5.3,-3.5,0.02,-0.01,0.00,0.00,0.00,0.00,-6.77,2.17,99,-1,0,34,18.8,0.50,0.470,0.484,-11.85,0,26,0,34.2,175.3,173.1,235.8,0.00,0,-15.8,10.2
130.40,align,364.83,-14.83,0.480,1,2011.9,254.0,-119.4,111.5,4.35,-5.43,237,242,-1,-20.0,-20.0,-8.7,-6.8,-0.15,-0.15,0.03,0.00,0.00,0.00,-6.61,2.17,99,-1,0,33,30.2,0.06,0.480,0.603,-10.83,0,26,0,26.8,168.9,158.8,243.3,0.00,0,-20.8,13.5
130.60,align,363.02,-13.02,0.445,1,2013.1,252.5,-120.2,112.6,3.56,-4.21,239,242,-1,-20.0,-20.0,-11.4,-11.3,-0.25,-0.05,0.20,0.00,0.00,0.00,-5.81,2.05,99,-1,0,31,58.5,-0.42,0.450,0.566,-9.00,0,26,0,26.8,168.9,158.8,243.3,0.00,0,-15.9,8.7
130.80,align,361.53,-11.53,0.412,1,2013.4,252.1,-120.9,113.4,3.21,-3.58,244,265,-1,-20.0,-20.0,-11.3,-14.5,-0.12,0.15,0.27,0.00,0.00,0.00,-4.46,1.79,99,-1,0,26,60.6,-0.69,0.424,0.530,-7.43,0,26,0,3.7,164.8,103.5,266.3,0.00,0,-11.9,2.0
131.00,align,360.25,-10.25,0.390,1,2014.2,251.4,-121.5,113.9,2.24,-1.82,251,265,-1,-20.0,-20.0,-10.8,-14.5,0.12,0.13,0.26,0.00,0.00,0.00,-3.14,1.36,99,-1,0,19,46.5,-0.69,0.402,0.503,-6.27,0,26,0,3.7,164.8,103.5,266.3,0.00,0,-15.8,-17.0
131.20,align,359.16,-9.16,0.366,1,2014.6,251.1,-121.9,114.3,1.54,-1.15,258,285,-1,-20.0,-20.0,-12.6,-12.6,0.23,-0.08,0.25,0.00,0.00,0.00,-2.13,1.00,99,-1,0,12,27.3,-0.51,0.372,0.497,-5.18,0,26,0,343.7,171.0,28.3,286.5,0.00,0,-23.3,-16.8
131.40,align,358.22,-8.22,0.351,1,2014.7,251.0,-122.2,114.5,1.10,-1.01,267,285,-1,-20.0,-20.0,-16.3,-11.0,0.19,-0.21,0.31,0.00,0.00,0.00,-1.15,0.95,99,-1,0,3,18.1,-0.30,0.352,0.514,-4.37,0,26,0,343.7,171.0,28.3,286.5,0.00,0,-23.4,-12.8
131.60,align,357.40,-7.40,0.344,1,2014.8,250.8,-122.3,114.7,0.13,-0.98,274,291,-1,-20.0,-20.0,-19.6,-10.6,0.12,-0.18,0.40,0.00,0.00,0.00,-0.07,0.99,99,-1,0,-4,3.1,-0.13,0.344,0.466,-3.82,0,26,0,338.1,177.4,6.4,293.3,0.00,0,-16.3,-3.4
131.80,align,356.67,-6.67,0.350,1,2014.5,250.5,-122.2,114.9,-1.58,-1.16,279,291,-1,-20.0,-20.0,-21.0,-11.2,0.07,-0.05,0.44,0.00,0.00,0.00,1.18,0.92,99,-1,0,-9,-9.7,-0.06,0.350,0.397,-3.56,0,26,0,338.1,177.4,6.4,293.3,0.00,0,0.6,8.8
132.00,align,356.03,-6.03,0.352,1,2014.3,250.4,-121.8,115.1,-2.20,-1.19,283,288,-1,-20.0,-20.0,-20.9,-12.5,0.00,0.04,0.46,0.00,0.00,0.00,2.41,0.66,99,-1,0,-13,-12.5,-0.01,0.352,0.368,-3.27,0,26,0,341.4,174.6,15.7,289.8,0.00,0,4.4,12.3
132.20,align,355.48,-5.48,0.344,1,2013.4,250.0,-121.3,115.4,-3.87,-0.90,285,288,-1,-20.0,-20.0,-20.4,-14.4,-0.04,0.06,0.48,0.00,0.00,0.00,3.50,0.14,99,-1,0,-15,-17.2,0.01,0.344,0.382,-2.81,0,26,0,341.4,174.6,15.7,289.8,0.00,0,7.0,16.3
132.40,align,355.01,-5.01,0.334,1,2012.5,249.9,-120.5,115.5,-4.79,-0.39,286,281,-1,-20.0,-20.0,-20.3,-16.2,-0.05,0.02,0.51,0.00,0.00,0.00,4.37,-0.57,99,-1,0,-16,-18.3,0.03,0.334,0.361,-2.38,0,26,0,348.2,167.9,45.9,282.2,0.00,0,4.4,15.1
132.60,align,354.60,-4.60,0.327,1,2012.0,249.9,-119.5,115.6,-5.23,-0.05,286,281,-1,-20.0,-20.0,-20.9,-17.7,-0.03,-0.04,0.55,0.00,0.00,0.00,5.03,-1.43,99,-1,0,-16,-18.5,0.04,0.327,0.354,-2.05,0,26,0,348.2,167.9,45.9,282.2,0.00,0,3.0,13.6
132.80,align,354.21,-4.21,0.328,1,2010.8,250.0,-118.3,115.5,-6.02,0.68,286,273,-1,-20.0,-20.0,-21.7,-18.4,0.01,-0.05,0.58,0.00,0.00,0.00,5.62,-2.26,99,-1,0,-16,-18.6,0.06,0.328,0.356,-1.90,0,26,0,355.7,163.2,76.2,274.4,0.00,0,2.1,9.6
133.00,align,353.84,-3.84,0.332,1,2008.8,250.4,-117.0,115.3,-7.25,1.85,284,273,-1,-20.0,-20.0,-22.2,-18.6,0.03,-0.02,0.60,0.00,0.00,0.00,6.30,-3.08,99,-1,0,-14,-16.9,0.07,0.332,0.355,-1.81,0,26,0,355.7,163.2,76.2,274.4,0.00,0,5.6,7.7
133.20,align,353.50,-3.50,0.333,1,2007.3,250.9,-115.6,114.9,-8.04,2.66,282,266,-1,-20.0,-20.0,-22.1,-18.9,0.02,0.01,0.60,0.00,0.00,0.00,7.06,-3.80,99,-1,0,-12,-15.0,0.08,0.333,0.344,-1.67,0,26,0,3.2,159.9,98.8,266.8,0.00,0,6.8,9.6
133.40,align,353.21,-3.21,0.333,1,2006.4,251.2,-113.9,114.3,-8.39,3.09,280,266,-1,-20.0,-20.0,-21.8,-19.8,-0.04,0.02,0.61,0.00,0.00,0.00,7.76,-4.44,99,-1,0,-10,-14.0,0.09,0.333,0.356,-1.52,0,26,0,3.2,159.9,98.8,266.8,0.00,0,6.9,11.0
133.60,align,352.93,-2.93,0.332,1,2003.8,252.3,-112.2,113.6,-9.23,4.50,277,259,-1,-20.0,-20.0,-21.8,-21.1,-0.07,-0.01,0.64,0.00,0.00,0.00,8.41,-5.07,99,-1,0,-7,-10.7,0.10,0.333,0.362,-1.38,0,26,0,9.7,155.5,110.5,260.6,0.00,0,4.5,10.0
133.80,align,352.68,-2.68,0.333,1,2002.8,252.8,-110.3,112.7,-9.45,5.03,274,259,-1,-20.0,-20.0,-21.9,-22.0,-0.04,-0.01,0.66,0.00,0.00,0.00,9.03,-5.75,99,-1,0,-4,-9.9,0.11,0.333,0.353,-1.27,0,26,0,9.7,155.5,110.5,260.6,0.00,0,4.2,8.1
134.00,align,352.44,-2.44,0.336,1,1999.9,254.6,-108.4,111.5,-10.11,6.70,272,255,-1,-20.0,-20.0,-21.7,-22.2,-0.00,0.01,0.66,0.00,0.00,0.00,9.68,-6.46,99,-1,0,-2,-6.4,0.12,0.336,0.342,-1.21,0,26,0,14.3,153.0,116.5,256.3,0.00,0,4.5,1.9
134.20,align,352.21,-2.21,0.338,1,1997.8,256.1,-106.3,110.2,-10.46,7.77,269,255,-1,-20.0,-20.0,-21.3,-21.9,0.03,0.03,0.64,0.00,0.00,0.00,10.37,-7.12,99,-1,0,1,-3.2,0.11,0.338,0.361,-1.14,0,26,0,14.3,153.0,116.5,256.3,0.00,0,2.7,-0.0
134.40,align,352.01,-2.01,0.337,1,1995.7,257.8,-104.2,108.6,-10.81,8.81,267,253,-1,-20.0,-20.0,-21.1,-21.8,0.01,0.01,0.63,0.00,0.00,0.00,11.04,-7.73,99,-1,0,3,-0.1,0.09,0.337,0.344,-1.01,0,26,0,16.3,152.9,119.8,254.5,0.00,0,0.1,1.0
134.60,align,351.85,-1.85,0.327,1,1994.6,258.7,-102.1,106.8,-10.99,9.33,265,253,-1,-20.0,-20.0,-21.2,-22.2,-0.04,-0.01,0.65,0.00,0.00,0.00,11.72,-8.39,99,-1,0,5,1.4,0.07,0.327,0.349,-0.75,0,26,0,16.3,152.9,119.8,254.5,0.00,0,-1.1,1.8
134.80,align,351.73,-1.73,0.322,1,1991.2,261.8,-99.8,104.8,-11.47,10.83,264,254,-1,-20.0,-20.0,-21.5,-22.8,-0.04,-0.02,0.66,0.00,0.00,0.00,12.28,-9.13,99,-1,0,6,4.9,0.04,0.322,0.347,-0.60,0,26,0,15.2,152.2,117.2,255.6,0.00,0,-2.6,-0.2
135.00,align,351.62,-1.62,0.321,1,1990.0,262.9,-97.5,102.6,-11.65,11.33,264,254,-1,-20.0,-20.0,-21.5,-23.0,-0.02,0.00,0.67,0.00,0.00,0.00,12.83,-9.97,99,-1,0,6,6.0,0.01,0.321,0.331,-0.56,0,26,0,15.2,152.2,117.2,255.6,0.00,0,-2.3,-1.5
135.20,align,351.50,-1.50,0.328,1,1987.7,265.3,-95.2,100.2,-11.95,12.25,264,257,-1,-20.0,-20.0,-21.2,-23.0,-0.01,0.02,0.66,0.00,0.00,0.00,13.23,-10.86,99,-1,0,6,7.5,-0.02,0.328,0.341,-0.64,0,26,0,12.1,153.1,112.9,258.5,0.00,0,-1.4,-3.1
135.40,align,351.36,-1.36,0.335,1,1984.0,269.2,-92.7,97.7,-12.48,13.59,264,257,-1,-20.0,-17.2,-21.0,-22.8,-0.04,0.01,0.65,0.00,0.00,0.00,13.59,-11.79,99,-1,0,6,8.3,-0.05,0.335,0.353,-0.70,0,26,0,12.1,153.1,112.9,258.5,0.00,0,-3.9,-4.2
135.60,align,351.23,-1.23,0.333,1,1981.4,272.0,-90.2,94.9,-12.88,14.47,265,261,-1,-17.3,-13.4,-21.2,-22.5,-0.07,-0.05,0.65,0.00,0.00,0.00,13.87,-12.87,99,-1,0,5,7.7,-0.06,0.333,0.383,-0.61,0,26,0,8.0,154.9,106.8,262.3,0.00,0,-5.1,-6.2
135.80,align,351.11,-1.11,0.332,1,1980.1,273.5,-87.6,92.0,-13.14,14.91,266,261,-1,-13.8,-9.6,-21.5,-21.6,-0.07,-0.10,0.64,0.00,0.00,0.00,14.10,-14.00,99,-1,0,4,7.1,-0.07,0.332,0.401,-0.53,0,26,0,8.0,154.9,106.8,262.3,0.00,0,-5.1,-7.9
136.00,align,351.00,-1.00,0.332,1,1976.1,278.2,-85.0,88.9,-13.93,16.13,267,264,-1,-10.2,-5.7,-21.3,-20.0,-0.05,-0.11,0.60,0.00,0.00,0.00,14.36,-15.11,99,-1,0,3,4.9,-0.06,0.332,0.395,-0.48,0,26,0,4.6,158.4,101.5,265.4,0.00,0,1.2,-12.9
136.20,align,350.92,-0.92,0.331,1,1973.2,281.5,-82.1,85.7,-14.55,16.81,268,264,-1,-6.5,-1.8,-20.0,-17.4,-0.00,-0.06,0.52,0.00,0.00,0.00,14.73,-16.08,99,-1,0,2,3.2,-0.05,0.331,0.358,-0.42,0,26,0,4.6,158.4,101.5,265.4,0.00,0,6.8,-15.3
136.40,align,350.85,-0.85,0.327,1,1970.2,284.9,-79.2,82.3,-15.16,17.31,269,265,-1,-2.8,1.9,-17.9,-14.3,0.02,-0.02,0.41,0.00,0.00,0.00,15.26,-16.76,99,-1,0,1,1.8,-0.02,0.327,0.343,-0.31,0,26,0,3.9,164.6,103.7,266.1,0.00,0,11.7,-16.2
136.60,align,350.81,-0.81,0.318,1,1968.7,286.7,-76.2,78.8,-15.38,17.49,269,265,-1,0.6,5.2,-15.0,-11.0,0.03,0.03,0.28,0.00,0.00,0.00,15.78,-17.13,99,-1,0,1,1.4,-0.00,0.318,0.342,-0.13,0,26,0,3.9,164.6,103.7,266.1,0.00,0,13.5,-16.2
136.80,align,350.80,-0.80,0.310,1,1964.0,291.9,-73.1,75.3,-15.82,17.71,268,265,-1,3.6,7.7,-12.1,-7.9,0.02,0.02,0.15,0.00,0.00,0.00,16.29,-17.17,99,-1,0,2,0.7,0.02,0.310,0.327,0.01,0,26,0,4.4,171.1,116.2,265.6,0.00,0,13.1,-13.6
137.00,align,350.81,-0.81,0.298,1,1962.4,293.7,-69.9,71.8,-15.91,17.70,267,265,-1,6.2,9.8,-9.5,-5.3,0.01,0.01,0.03,0.00,0.00,0.00,16.67,-16.99,99,-1,0,3,0.5,0.04,0.298,0.308,0.19,0,26,0,4.4,171.1,116.2,265.6,0.00,0,12.7,-13.0
137.20,align,350.84,-0.84,0.291,1,1959.2,297.2,-66.7,68.3,-16.00,17.61,267,264,-1,8.6,11.4,-7.0,-2.8,0.01,0.01,0.00,0.00,0.00,0.00,16.96,-16.69,99,-1,0,3,0.6,0.05,0.291,0.299,0.28,0,26,0,4.7,176.7,144.4,265.3,0.00,0,12.3,-12.5
137.40,align,350.88,-0.88,0.281,1,1956.0,300.7,-63.5,64.8,-16.00,17.41,266,264,-1,10.8,12.7,-4.6,-0.4,0.02,-0.00,0.00,0.00,0.00,0.00,17.13,-16.30,99,-1,0,4,0.8,0.06,0.281,0.288,0.38,0,26,0,4.7,176.7,144.4,265.3,0.00,0,11.9,-12.1
137.60,align,350.96,-0.96,0.269,1,1952.8,304.2,-60.3,61.3,-15.86,17.12,266,265,-1,12.5,13.7,-2.3,1.9,0.02,-0.01,0.00,0.00,0.00,0.00,17.11,-15.87,99,-1,0,4,1.4,0.06,0.269,0.279,0.50,0,26,0,4.3,181.8,202.3,265.7,0.00,0,11.4,-11.5
137.80,align,351.02,-1.02,0.261,1,1948.1,309.2,-57.2,57.9,-15.56,16.47,265,265,-1,14.0,14.2,-0.2,4.0,0.00,-0.01,0.00,0.00,0.00,0.00,16.98,-15.37,99,-1,0,5,2.9,0.04,0.261,0.267,0.56,0,26,0,4.3,181.8,202.3,265.7,0.00,0,10.7,-8.2
138.00,align,351.06,-1.06,0.266,1,1946.6,310.8,-54.1,54.7,-15.42,16.23,265,266,-1,15.1,14.7,1.9,5.4,-0.03,-0.01,0.00,0.00,0.00,0.00,16.67,-14.95,99,-1,0,5,3.4,0.02,0.266,0.282,0.36,0,26,0,2.9,185.5,242.1,267.1,0.00,0,10.6,-6.7
138.20,align,351.05,-1.05,0.278,1,1942.0,315.6,-51.0,51.5,-14.90,15.48,266,266,-1,15.8,15.1,4.1,6.8,-0.01,0.01,0.00,0.00,0.00,0.00,16.20,-14.56,99,-1,0,4,4.4,0.00,0.278,0.286,0.07,0,26,0,2.9,185.5,242.1,267.1,0.00,0,10.9,-7.8
138.40,align,351.00,-1.00,0.284,1,1939.1,318.6,-48.0,48.4,-14.41,14.90,266,268,-1,16.1,15.6,6.1,8.5,0.02,0.01,0.02,0.00,0.00,0.00,15.56,-14.24,99,-1,0,4,5.1,-0.02,0.284,0.298,-0.06,0,26,0,0.7,188.6,265.6,269.3,0.00,0,10.4,-8.5
138.60,align,350.94,-0.94,0.279,1,1936.3,321.5,-45.2,45.4,-13.84,14.26,267,268,-1,16.1,15.8,8.0,10.4,0.04,0.01,0.10,0.00,0.00,0.00,14.82,-13.91,99,-1,0,3,5.5,-0.05,0.279,0.299,0.03,0,26,0,0.7,188.6,265.6,269.3,0.00,0,9.8,-8.1
138.80,align,350.91,-0.91,0.279,1,1934.9,322.9,-42.4,42.6,-13.58,13.91,269,271,-1,15.7,15.8,9.7,12.1,0.03,0.01,0.18,0.00,0.00,0.00,13.93,-13.56,99,-1,0,1,5.4,-0.08,0.279,0.294,0.00,0,26,0,357.8,191.7,280.4,272.2,0.00,0,9.0,-7.1
139.00,align,350.85,-0.85,0.288,1,1931.0,326.9,-39.8,39.9,-12.61,12.83,270,271,-1,15.0,15.7,11.1,13.3,0.01,0.01,0.24,0.00,0.00,0.00,12.97,-13.20,99,-1,0,0,4.2,-0.09,0.288,0.294,-0.16,0,26,0,357.8,191.7,280.4,272.2,0.00,0,7.4,-3.5
139.20,align,350.78,-0.78,0.290,1,1928.6,329.4,-37.3,37.4,-11.91,12.05,271,274,-1,14.0,15.3,12.4,14.1,-0.01,0.02,0.28,0.00,0.00,0.00,11.93,-12.76,99,-1,0,-1,2.6,-0.10,0.290,0.301,-0.19,0,26,0,355.4,193.2,288.9,274.5,0.00,0,6.4,-2.4
139.40,align,350.72,-0.72,0.290,1,1926.3,331.7,-34.9,35.0,-11.12,11.32,273,274,-1,12.8,14.8,13.5,14.7,-0.01,0.04,0.32,0.00,0.00,0.00,10.88,-12.27,99,-1,0,-3,0.6,-0.09,0.291,0.308,-0.19,0,26,0,355.4,193.2,288.9,274.5,0.00,0,5.2,-2.3
139.60,align,350.66,-0.66,0.292,1,1925.2,332.8,-32.7,32.7,-10.68,10.94,274,274,-1,11.4,14.1,14.5,15.3,0.00,0.05,0.35,0.00,0.00,0.00,9.82,-11.72,99,-1,0,-4,-0.5,-0.08,0.292,0.315,-0.19,0,26,0,354.6,194.0,290.9,275.4,0.00,0,4.4,-2.5
139.80,align,350.60,-0.60,0.294,1,1922.2,335.9,-30.7,30.6,-9.45,9.85,276,274,-1,10.0,13.3,15.3,15.8,0.02,0.07,0.38,0.00,0.00,0.00,8.86,-11.12,99,-1,0,-6,-3.2,-0.06,0.294,0.328,-0.21,0,26,0,354.6,194.0,290.9,275.4,0.00,0,2.2,-2.9
140.00,align,350.53,-0.53,0.302,1,1921.3,336.8,-28.8,28.7,-9.10,9.49,276,273,-1,8.7,12.3,15.8,16.1,0.01,0.06,0.40,0.00,0.00,0.00,8.00,-10.43,99,-1,0,-6,-3.7,-0.05,0.303,0.330,-0.35,0,26,0,355.5,194.9,286.5,274.5,0.00,0,0.7,-2.1
140.20,align,350.43,-0.43,0.314,1,1919.6,338.6,-27.1,26.9,-8.22,8.73,277,273,-1,7.2,11.0,15.7,15.9,-0.00,0.04,0.39,0.00,0.00,0.00,7.13,-9.64,99,-1,0,-7,-4.8,-0.04,0.314,0.331,-0.51,0,26,0,355.5,194.9,286.5,274.5,0.00,0,-2.2,-0.4
140.40,align,350.33,-0.33,0.321,1,1917.3,341.1,-25.5,25.2,-6.99,7.60,277,271,-1,5.9,9.6,15.2,15.6,0.00,0.03,0.38,0.00,0.00,0.00,6.45,-8.78,99,-1,0,-7,-6.0,-0.02,0.321,0.332,-0.56,0,26,0,357.8,195.1,278.0,272.2,0.00,0,-5.0,0.2
140.60,align,350.21,-0.21,0.327,1,1916.0,342.5,-24.2,23.7,-6.28,6.86,276,271,-1,4.6,8.0,14.4,15.1,0.01,0.02,0.35,0.00,0.00,0.00,5.81,-7.91,99,-1,0,-6,-7.0,0.01,0.327,0.337,-0.59,0,26,0,357.8,195.1,278.0,272.2,0.00,0,-6.7,0.7
140.80,align,350.15,-0.15,0.326,1,1915.4,343.1,-22.9,22.4,-5.93,6.47,275,268,-1,3.5,6.3,13.2,14.5,0.00,-0.01,0.31,0.00,0.00,0.00,5.31,-6.99,99,-1,0,-5,-7.2,0.04,0.326,0.331,-0.51,0,26,0,1.2,194.7,265.3,268.8,0.00,0,-7.7,1.5
141.00,align,350.09,-0.09,0.327,1,1913.8,344.9,-21.8,21.2,-5.05,5.41,274,268,-1,2.5,4.8,11.8,13.7,0.01,-0.02,0.26,0.00,0.00,0.00,4.90,-6.11,99,-1,0,-4,-7.3,0.07,0.327,0.340,-0.46,0,26,0,1.2,194.7,265.3,268.8,0.00,0,-8.5,2.4
141.20,align,350.04,-0.04,0.323,1,1912.9,345.9,-20.8,20.1,-4.57,4.72,272,264,-1,1.8,3.2,10.5,12.8,0.01,-0.02,0.21,0.00,0.00,0.00,4.57,-5.26,99,-1,0,-2,-6.6,0.09,0.323,0.333,-0.33,0,26,0,5.0,193.6,250.3,265.1,0.00,0,-7.1,3.7
141.40,align,350.04,-0.04,0.316,1,1912.4,346.3,-19.9,19.2,-4.39,4.39,271,264,-1,1.2,1.7,9.4,11.7,-0.00,-0.01,0.16,0.00,0.00,0.00,4.35,-4.44,99,-1,0,-1,-5.8,0.10,0.316,0.322,-0.17,0,26,0,5.0,193.6,250.3,265.1,0.00,0,-6.5,4.4
141.60,align,350.05,-0.05,0.313,1,1911.2,347.5,-19.1,18.4,-3.87,3.54,269,262,-1,0.7,0.4,8.4,10.5,-0.00,-0.01,0.11,0.00,0.00,0.00,4.12,-3.73,99,-1,0,1,-2.3,0.10,0.313,0.319,-0.11,0,26,0,7.5,191.6,237.4,262.6,0.00,0,-5.4,5.1
141.80,align,350.06,-0.06,0.309,1,1910.8,347.8,-18.3,17.7,-3.74,3.28,267,262,-1,0.2,-0.7,7.4,9.5,0.01,-0.01,0.06,0.00,0.00,0.00,3.89,-3.10,99,-1,0,3,-0.9,0.08,0.309,0.318,-0.03,0,26,0,7.5,191.6,237.4,262.6,0.00,0,-4.9,4.9
142.00,align,350.10,-0.10,0.303,1,1909.7,348.7,-17.6,17.1,-3.38,2.63,266,261,-1,-0.1,-1.7,6.5,8.6,0.02,-0.01,0.02,0.00,0.00,0.00,3.71,-2.58,99,-1,0,4,2.4,0.06,0.304,0.315,0.05,0,26,0,7.8,189.4,230.6,262.3,0.00,0,-3.6,4.7
142.20,align,350.14,-0.14,0.297,1,1909.4,349.0,-16.9,16.5,-3.25,2.42,265,261,-1,-0.6,-2.6,5.7,7.7,0.02,-0.01,0.00,0.00,0.00,0.00,3.46,-2.11,99,-1,0,5,3.5,0.04,0.297,0.305,0.15,0,26,0,7.8,189.4,230.6,262.3,0.00,0,-3.2,4.9
142.40,align,350.22,-0.22,0.289,1,1908.8,349.4,-16.3,16.1,-3.08,2.02,264,263,-1,-0.9,-3.5,5.0,6.6,0.01,-0.01,0.00,0.00,0.00,0.00,3.27,-1.70,99,-1,0,6,5.1,0.02,0.289,0.294,0.24,0,26,0,6.3,187.2,228.7,263.7,0.00,0,-2.9,5.7
142.60,align,350.31,-0.31,0.280,1,1908.2,349.7,-15.7,15.8,-2.81,1.68,264,263,-1,-1.4,-4.3,4.3,5.5,0.00,-0.01,0.00,0.00,0.00,0.00,2.98,-1.37,99,-1,0,6,5.8,0.01,0.280,0.283,0.34,0,26,0,6.3,187.2,228.7,263.7,0.00,0,-2.9,6.1
142.80,align,350.42,-0.42,0.269,1,1907.7,350.0,-15.2,15.5,-2.64,1.42,264,265,-1,-1.7,-4.9,3.6,4.3,-0.01,-0.01,0.00,0.00,0.00,0.00,2.77,-1.13,99,-1,0,6,6.1,-0.00,0.269,0.275,0.45,0,26,0,4.1,184.6,228.6,266.0,0.00,0,-3.0,6.2
143.00,align,350.55,-0.55,0.258,1,1907.2,350.3,-14.7,15.2,-2.46,1.20,264,265,-1,-2.0,-5.4,2.9,3.2,-0.01,-0.01,0.00,0.00,0.00,0.00,2.57,-0.95,99,-1,0,6,6.1,-0.01,0.258,0.264,0.54,0,26,0,4.1,184.6,228.6,266.0,0.00,0,-3.0,6.0
143.20,align,350.63,-0.63,0.266,1,1906.5,350.6,-14.2,15.0,-2.29,1.03,265,267,-1,-2.0,-5.7,2.4,2.2,0.00,-0.00,0.00,0.00,0.00,0.00,2.42,-0.86,99,-1,0,5,6.0,-0.02,0.266,0.268,0.28,0,26,0,1.7,182.3,234.3,268.3,0.00,0,-2.3,5.0
143.40,align,350.64,-0.64,0.285,1,1906.0,350.8,-13.7,14.8,-2.20,0.96,266,267,-1,-2.1,-5.8,2.0,1.3,-0.01,0.00,0.00,0.00,0.00,0.00,2.27,-0.82,99,-1,0,4,6.0,-0.03,0.285,0.289,-0.12,0,26,0,1.7,182.3,234.3,268.3,0.00,0,-1.4,4.9
143.60,align,350.64,-0.64,0.282,1,1905.6,351.0,-13.3,14.6,-2.02,0.90,266,270,-1,-2.0,-6.0,1.6,0.4,-0.01,0.01,0.00,0.00,0.00,0.00,2.16,-0.79,99,-1,0,4,5.9,-0.05,0.282,0.289,-0.08,0,26,0,359.3,180.3,334.7,270.7,0.00,0,-1.7,4.9
143.80,align,350.66,-0.66,0.274,1,1905.4,351.1,-12.9,14.4,-2.02,0.90,267,270,-1,-2.0,-6.0,1.3,-0.6,-0.02,-0.00,0.00,0.00,0.00,0.00,2.06,-0.81,99,-1,0,3,5.8,-0.06,0.274,0.282,0.06,0,26,0,359.3,180.3,334.7,270.7,0.00,0,-1.8,4.9
144.00,align,350.70,-0.70,0.267,1,1904.8,351.4,-12.5,14.2,-1.89,0.94,268,272,-1,-1.9,-5.9,0.9,-1.4,-0.01,-0.01,0.00,0.00,0.00,0.00,1.96,-0.87,99,-1,0,2,5.2,-0.08,0.267,0.275,0.13,0,26,0,357.0,178.5,26.2,273.0,0.00,0,-2.2,2.7
144.20,align,350.70,-0.70,0.274,1,1904.6,351.5,-12.1,14.0,-1.85,0.99,269,272,-1,-1.8,-5.6,0.5,-1.7,0.03,-0.01,0.00,0.00,0.00,0.00,1.86,-0.97,99,-1,0,1,4.7,-0.08,0.274,0.289,-0.03,0,26,0,357.0,178.5,26.2,273.0,0.00,0,-2.2,1.2
144.40,align,350.69,-0.69,0.276,1,1904.3,351.7,-11.8,13.8,-1.85,1.05,270,274,-1,-1.5,-5.3,0.2,-1.9,0.02,-0.00,0.00,0.00,0.00,0.00,1.84,-1.07,99,-1,0,-0,3.3,-0.07,0.276,0.285,-0.09,0,26,0,355.3,178.1,21.8,274.7,0.00,0,-1.4,0.8
144.60,align,350.68,-0.68,0.274,1,1903.7,352.0,-11.4,13.6,-1.85,1.11,271,274,-1,-1.2,-5.1,0.2,-2.3,-0.01,0.01,0.00,0.00,0.00,0.00,1.82,-1.13,99,-1,0,-1,0.8,-0.06,0.274,0.281,-0.08,0,26,0,355.3,178.1,21.8,274.7,0.00,0,0.0,2.6
144.80,align,350.70,-0.70,0.266,1,1903.5,352.1,-11.0,13.4,-1.85,1.14,272,274,-1,-1.0,-4.8,0.2,-2.8,-0.02,0.01,0.00,0.00,0.00,0.00,1.80,-1.21,99,-1,0,-2,0.3,-0.05,0.266,0.278,0.05,0,26,0,354.8,177.2,28.8,275.2,0.00,0,0.1,2.7
145.00,align,350.72,-0.72,0.264,1,1903.0,352.5,-10.7,13.1,-1.76,1.27,273,274,-1,-1.0,-4.5,0.1,-3.3,-0.01,-0.00,0.00,0.00,0.00,0.00,1.70,-1.30,99,-1,0,-3,-0.5,-0.05,0.264,0.270,0.06,0,26,0,354.8,177.2,28.8,275.2,0.00,0,-0.7,0.7
145.20,align,350.70,-0.70,0.271,1,1902.6,352.8,-10.3,12.9,-1.76,1.37,273,274,-1,-0.8,-4.0,-0.1,-3.2,0.02,-0.01,0.00,0.00,0.00,0.00,1.69,-1.42,99,-1,0,-3,-1.2,-0.04,0.271,0.284,-0.11,0,26,0,355.0,176.8,32.8,275.0,0.00,0,-0.5,-1.5
145.40,align,350.65,-0.65,0.280,1,1902.3,353.0,-10.0,12.6,-1.76,1.46,273,274,-1,-0.6,-3.6,-0.1,-3.0,0.02,0.00,0.00,0.00,0.00,0.00,1.67,-1.53,99,-1,0,-3,-1.6,-0.04,0.280,0.287,-0.27,0,26,0,355.0,176.8,32.8,275.0,0.00,0,-0.0,0.3
145.60,align,350.58,-0.58,0.287,1,1902.1,353.2,-9.6,12.3,-1.76,1.49,273,273,-1,-0.4,-3.2,-0.2,-3.2,-0.02,-0.01,0.00,0.00,0.00,0.00,1.67,-1.60,99,-1,0,-3,-2.1,-0.03,0.287,0.297,-0.37,0,26,0,355.7,176.8,36.2,274.3,0.00,0,-0.2,1.4
145.80,align,350.53,-0.53,0.281,1,1901.6,353.7,-9.3,12.0,-1.67,1.64,273,273,-1,-0.5,-2.8,-0.3,-3.5,-0.03,-0.01,0.00,0.00,0.00,0.00,1.57,-1.68,99,-1,0,-3,-2.4,-0.02,0.281,0.298,-0.23,0,26,0,355.7,176.8,36.2,274.3,0.00,0,-0.6,1.7
146.00,align,350.51,-0.51,0.276,1,1901.4,353.8,-8.9,11.7,-1.67,1.70,273,272,-1,-0.3,-2.2,-0.4,-3.8,-0.03,-0.01,0.00,0.00,0.00,0.00,1.57,-1.79,99,-1,0,-3,-2.7,-0.01,0.276,0.294,-0.13,0,26,0,356.6,176.2,48.1,273.4,0.00,0,-0.5,1.3
146.20,align,350.48,-0.48,0.278,1,1900.9,354.4,-8.6,11.3,-1.67,1.91,273,272,-1,-0.2,-1.6,-0.4,-3.7,-0.01,-0.00,0.00,0.00,0.00,0.00,1.57,-1.92,99,-1,0,-3,-4.0,0.01,0.278,0.283,-0.15,0,26,0,356.6,176.2,48.1,273.4,0.00,0,0.8,-1.5
146.40,align,350.44,-0.44,0.278,1,1900.6,354.8,-8.3,10.9,-1.67,2.03,273,271,-1,0.0,-0.9,-0.3,-3.3,0.01,0.00,0.00,0.00,0.00,0.00,1.58,-2.05,99,-1,0,-3,-4.3,0.03,0.278,0.282,-0.14,0,26,0,358.1,176.7,60.9,271.9,0.00,0,0.8,-2.2
146.60,align,350.43,-0.43,0.271,1,1900.4,355.0,-7.9,10.5,-1.67,2.09,272,271,-1,0.2,-0.3,-0.2,-2.9,0.01,-0.00,0.00,0.00,0.00,0.00,1.59,-2.15,99,-1,0,-2,-4.4,0.05,0.271,0.274,-0.01,0,26,0,358.1,176.7,60.9,271.9,0.00,0,0.7,-2.2
146.80,align,350.45,-0.45,0.263,1,1899.9,355.6,-7.6,10.1,-1.67,2.20,272,269,-1,0.4,0.2,-0.1,-2.4,0.01,-0.01,0.00,0.00,0.00,0.00,1.61,-2.21,99,-1,0,-2,-4.5,0.06,0.263,0.268,0.12,0,26,0,359.9,177.6,88.4,270.1,0.00,0,0.3,-1.8
147.00,align,350.45,-0.45,0.266,1,1899.6,356.1,-7.3,9.7,-1.58,2.24,271,269,-1,0.6,0.6,-0.1,-2.2,-0.02,-0.01,0.00,0.00,0.00,0.00,1.64,-2.24,99,-1,0,-1,-4.3,0.07,0.267,0.277,0.02,0,26,0,359.9,177.6,88.4,270.1,0.00,0,0.8,-0.6
147.20,align,350.40,-0.40,0.281,1,1899.4,356.3,-6.9,9.2,-1.58,2.26,270,267,-1,0.5,1.0,0.1,-2.0,-0.01,0.00,0.00,0.00,0.00,0.00,1.58,-2.27,99,-1,0,-0,-4.3,0.08,0.282,0.285,-0.26,0,26,0,1.7,178.0,130.5,268.3,0.00,0,1.0,-1.4
147.40,align,350.33,-0.33,0.285,1,1899.1,356.8,-6.6,8.7,-1.58,2.31,269,267,-1,0.7,1.4,0.1,-1.4,0.02,-0.01,0.00,0.00,0.00,0.00,1.61,-2.29,99,-1,0,1,-3.6,0.09,0.285,0.297,-0.28,0,26,0,1.7,178.0,130.5,268.3,0.00,0,0.1,-3.1
147.60,align,350.29,-0.29,0.280,1,1898.7,357.5,-6.3,8.3,-1.49,2.33,269,266,-1,0.7,1.7,0.0,-0.7,0.02,-0.01,0.00,0.00,0.00,0.00,1.55,-2.29,99,-1,0,1,-1.2,0.07,0.280,0.294,-0.15,0,26,0,2.9,179.3,166.4,267.1,0.00,0,-0.1,-3.2
147.80,align,350.27,-0.27,0.275,1,1898.5,357.7,-6.0,7.8,-1.49,2.30,268,266,-1,0.9,1.9,0.1,-0.2,0.01,-0.00,0.00,0.00,0.00,0.00,1.58,-2.24,99,-1,0,2,-0.1,0.05,0.275,0.280,-0.04,0,26,0,2.9,179.3,166.4,267.1,0.00,0,0.4,-2.6
148.00,align,350.26,-0.26,0.274,1,1898.1,358.4,-5.7,7.4,-1.49,2.20,267,266,-1,1.1,2.0,0.4,0.0,-0.02,0.01,0.00,0.00,0.00,0.00,1.59,-2.16,99,-1,0,3,2.1,0.02,0.274,0.285,-0.03,0,26,0,2.7,180.0,180.4,267.3,0.00,0,1.5,-0.3
148.20,align,350.27,-0.27,0.267,1,1897.9,358.6,-5.4,6.9,-1.49,2.18,267,266,-1,1.3,2.1,0.6,0.1,-0.02,0.01,0.00,0.00,0.00,0.00,1.60,-2.10,99,-1,0,3,2.5,0.01,0.267,0.277,0.07,0,26,0,2.7,180.0,180.4,267.3,0.00,0,1.3,-0.3
148.40,align,350.26,-0.26,0.273,1,1897.6,359.0,-5.1,6.5,-1.41,2.12,267,267,-1,1.2,2.2,0.8,0.4,0.01,0.00,0.00,0.00,0.00,0.00,1.51,-2.04,99,-1,0,3,2.7,0.00,0.273,0.278,-0.04,0,26,0,1.7,180.4,195.1,268.3,0.00,0,0.8,-2.0
148.60,align,350.23,-0.23,0.275,1,1897.2,359.6,-4.8,6.1,-1.36,2.02,267,267,-1,1.4,2.2,0.8,1.0,0.03,-0.01,0.00,0.00,0.00,0.00,1.51,-1.99,99,-1,0,3,2.8,0.00,0.275,0.291,-0.07,0,26,0,1.7,180.4,195.1,268.3,0.00,0,0.1,-2.8
148.80,align,350.22,-0.22,0.273,1,1897.1,359.8,-4.6,5.7,-1.32,1.98,267,268,-1,1.3,2.2,0.9,1.5,0.02,-0.00,0.00,0.00,0.00,0.00,1.41,-1.91,99,-1,0,3,2.7,-0.00,0.273,0.281,-0.04,0,26,0,0.5,181.5,250.4,269.5,0.00,0,0.5,-2.1
149.00,align,350.20,-0.20,0.274,1,1896.7,360.4,-4.3,5.3,-1.23,1.83,268,268,-1,1.3,2.2,1.1,1.7,0.00,0.01,0.00,0.00,0.00,0.00,1.35,-1.84,99,-1,0,2,2.8,-0.01,0.274,0.280,-0.05,0,26,0,0.5,181.5,250.4,269.5,0.00,0,1.5,-0.4
149.20,align,350.21,-0.21,0.270,1,1896.6,360.6,-4.1,4.9,-1.23,1.79,268,270,-1,1.3,2.2,1.4,1.8,-0.00,0.01,0.00,0.00,0.00,0.00,1.29,-1.75,99,-1,0,2,2.8,-0.02,0.270,0.276,0.03,0,26,0,359.4,181.8,288.2,270.6,0.00,0,1.4,-0.4
149.40,align,350.21,-0.21,0.269,1,1896.3,360.9,-3.8,4.6,-1.14,1.68,269,270,-1,1.2,2.1,1.4,2.0,0.01,-0.01,0.00,0.00,0.00,0.00,1.19,-1.65,99,-1,0,1,2.6,-0.02,0.269,0.274,0.04,0,26,0,359.4,181.8,288.2,270.6,0.00,0,0.1,-0.9
149.60,align,350.19,-0.19,0.276,1,1896.1,361.2,-3.6,4.3,-1.05,1.58,269,271,-1,1.0,2.0,1.1,2.1,0.00,-0.03,0.00,0.00,0.00,0.00,1.08,-1.56,99,-1,0,1,2.7,-0.03,0.276,0.289,-0.10,0,26,0,358.3,182.1,308.4,271.7,0.00,0,-1.8,-0.6
149.80,align,350.15,-0.15,0.283,1,1895.8,361.7,-3.4,4.0,-0.97,1.43,269,271,-1,1.0,1.9,1.1,2.2,-0.00,0.00,0.00,0.00,0.00,0.00,1.02,-1.47,99,-1,0,1,2.1,-0.03,0.283,0.283,-0.21,0,26,0,358.3,182.1,308.4,271.7,0.00,0,1.0,-0.1
150.00,align,350.12,-0.12,0.282,1,1895.6,362.0,-3.2,3.7,-0.97,1.31,270,272,-1,1.0,1.7,1.2,2.2,0.00,0.01,0.00,0.00,0.00,0.00,0.97,-1.37,99,-1,0,0,1.6,-0.04,0.282,0.287,-0.17,0,26,0,357.5,182.1,319.8,272.5,0.00,0,1.0,-0.0
150.20,align,350.10,-0.10,0.276,1,1895.5,362.1,-3.0,3.4,-0.88,1.26,270,272,-1,0.8,1.6,1.4,2.2,0.00,0.01,0.00,0.00,0.00,0.00,0.87,-1.27,99,-1,0,-0,1.5,-0.04,0.276,0.282,-0.03,0,26,0,357.5,182.1,319.8,272.5,0.00,0,0.8,0.0
150.40,align,350.12,-0.12,0.268,1,1895.4,362.3,-2.9,3.2,-0.79,1.15,271,272,-1,0.6,1.4,1.6,2.2,0.00,0.01,0.00,0.00,0.00,0.00,0.77,-1.16,99,-1,0,-1,1.4,-0.05,0.268,0.275,0.09,0,26,0,356.8,182.1,326.4,273.2,0.00,0,0.7,0.1
150.60,align,350.14,-0.14,0.267,1,1895.1,362.6,-2.7,3.0,-0.70,1.00,271,272,-1,0.6,1.2,1.5,2.1,-0.01,-0.01,0.00,0.00,0.00,0.00,0.72,-1.06,99,-1,0,-1,1.4,-0.05,0.267,0.273,0.10,0,26,0,356.8,182.1,326.4,273.2,0.00,0,-1.8,0.8
150.80,align,350.14,-0.14,0.275,1,1895.0,362.8,-2.6,2.8,-0.62,0.92,272,273,-1,0.5,1.1,1.1,1.9,-0.01,-0.03,0.00,0.00,0.00,0.00,0.68,-0.97,99,-1,0,-2,1.4,-0.06,0.275,0.290,-0.07,0,26,0,356.3,181.9,333.5,273.7,0.00,0,-1.1,0.8
151.00,align,350.10,-0.10,0.283,1,1894.9,362.9,-2.4,2.6,-0.62,0.88,272,273,-1,0.3,0.9,1.0,1.8,-0.00,0.00,0.00,0.00,0.00,0.00,0.59,-0.90,99,-1,0,-2,1.0,-0.06,0.283,0.285,-0.20,0,26,0,356.3,181.9,333.5,273.7,0.00,0,-0.1,0.5
151.20,align,350.08,-0.08,0.279,1,1894.8,363.1,-2.3,2.4,-0.62,0.79,272,273,-1,0.4,0.8,1.1,1.7,-0.00,0.01,0.00,0.00,0.00,0.00,0.58,-0.81,99,-1,0,-2,0.7,-0.06,0.279,0.283,-0.11,0,26,0,355.9,181.7,337.9,274.1,0.00,0,0.4,0.4
151.40,align,350.08,-0.08,0.273,1,1894.7,363.2,-2.2,2.3,-0.53,0.71,272,273,-1,0.2,0.6,1.1,1.7,-0.00,0.01,0.00,0.00,0.00,0.00,0.50,-0.74,99,-1,0,-2,0.3,-0.06,0.273,0.277,0.02,0,26,0,355.9,181.7,337.9,274.1,0.00,0,0.3,0.3
151.60,align,350.11,-0.11,0.265,1,1894.6,363.4,-2.1,2.1,-0.53,0.64,273,273,-1,0.3,0.5,1.2,1.6,-0.00,0.01,0.00,0.00,0.00,0.00,0.50,-0.66,99,-1,0,-3,0.3,-0.06,0.265,0.268,0.15,0,26,0,355.7,181.5,340.7,274.3,0.00,0,0.1,0.5
151.80,align,350.13,-0.13,0.267,1,1894.5,363.5,-2.0,2.0,-0.44,0.54,273,273,-1,0.1,0.4,0.9,1.5,-0.00,-0.03,0.00,0.00,0.00,0.00,0.41,-0.59,99,-1,0,-3,0.3,-0.06,0.267,0.278,0.08,0,26,0,355.7,181.5,340.7,274.3,0.00,0,-2.5,0.6
152.00,align,350.10,-0.10,0.284,1,1894.4,363.6,-1.9,1.9,-0.44,0.51,273,273,-1,0.2,0.2,0.4,1.4,-0.00,-0.03,0.00,0.00,0.00,0.00,0.41,-0.53,99,-1,0,-3,0.2,-0.06,0.284,0.295,-0.22,0,26,0,355.7,181.3,343.1,274.3,0.00,0,-2.2,0.6
152.20,align,350.04,-0.04,0.291,1,1894.3,363.7,-1.8,1.8,-0.44,0.43,273,273,-1,0.2,0.2,0.4,1.2,-0.00,-0.00,0.00,0.00,0.00,0.00,0.41,-0.48,99,-1,0,-3,-0.7,-0.05,0.291,0.293,-0.32,0,26,0,355.7,181.3,343.1,274.3,0.00,0,0.2,0.7
152.40,align,350.00,-0.00,0.286,1,1894.2,363.8,-1.7,1.7,-0.40,0.40,273,273,-1,0.1,0.0,0.5,1.1,-0.00,0.00,0.00,0.00,0.00,0.00,0.37,-0.42,99,-1,0,-3,-0.8,-0.05,0.286,0.290,-0.19,0,26,0,355.9,181.1,345.7,274.1,0.00,0,0.3,0.6
152.60,align,349.99,0.01,0.280,1,1894.2,363.8,-1.7,1.7,-0.35,0.35,273,273,-1,0.1,-0.1,0.5,0.9,-0.01,0.01,0.00,0.00,0.00,0.00,0.33,-0.37,99,-1,0,-3,-1.4,-0.04,0.280,0.284,-0.05,0,26,0,355.9,181.1,345.7,274.1,0.00,0,0.3,0.9
152.80,align,350.01,-0.01,0.273,1,1894.1,363.9,-1.6,1.6,-0.35,0.31,273,273,-1,0.1,-0.2,0.5,0.8,-0.01,0.00,0.00,0.00,0.00,0.00,0.33,-0.33,99,-1,0,-3,-1.3,-0.04,0.273,0.277,0.08,0,26,0,356.4,180.7,348.7,273.6,0.00,0,0.1,0.8
153.00,align,350.05,-0.05,0.265,1,1894.0,364.0,-1.5,1.5,-0.35,0.26,273,273,-1,0.1,-0.3,0.5,0.6,-0.01,-0.00,0.00,0.00,0.00,0.00,0.34,-0.28,99,-1,0,-3,-1.4,-0.03,0.265,0.269,0.21,0,26,0,356.4,180.7,348.7,273.6,0.00,0,-0.3,0.5
153.20,align,350.08,-0.08,0.267,1,1893.9,364.0,-1.5,1.5,-0.26,0.24,273,272,-1,-0.1,-0.3,0.5,0.6,0.02,-0.00,0.00,0.00,0.00,0.00,0.25,-0.25,99,-1,0,-3,-1.3,-0.03,0.267,0.276,0.14,0,26,0,356.9,180.6,348.7,273.1,0.00,0,-0.5,-1.2
153.40,align,350.05,-0.05,0.283,1,1893.9,364.1,-1.4,1.4,-0.26,0.22,273,272,-1,-0.0,-0.3,0.3,0.8,0.02,-0.01,0.00,0.00,0.00,0.00,0.25,-0.23,99,-1,0,-3,-1.3,-0.02,0.283,0.293,-0.17,0,26,0,356.9,180.6,348.7,273.1,0.00,0,-0.6,-0.8
153.60,align,350.00,-0.00,0.290,1,1893.9,364.1,-1.4,1.4,-0.26,0.18,272,272,-1,-0.0,-0.5,0.2,0.6,-0.01,-0.01,0.00,0.00,0.00,0.00,0.26,-0.19,99,-1,0,-2,-1.4,-0.02,0.290,0.301,-0.27,0,26,0,357.4,180.6,346.8,272.6,0.00,0,-0.8,1.3
153.80,align,349.98,0.02,0.285,1,1893.8,364.1,-1.3,1.4,-0.26,0.15,272,272,-1,0.0,-0.5,-0.0,0.3,-0.02,-0.02,0.00,0.00,0.00,0.00,0.26,-0.16,99,-1,0,-2,-1.7,-0.01,0.285,0.300,-0.13,0,26,0,357.4,180.6,346.8,272.6,0.00,0,-1.2,1.6
154.00,align,349.98,0.02,0.278,1,1893.8,364.2,-1.3,1.3,-0.26,0.13,272,271,-1,0.1,-0.6,-0.3,-0.0,-0.02,-0.03,0.00,0.00,0.00,0.00,0.26,-0.14,99,-1,0,-2,-1.7,-0.00,0.278,0.298,0.00,0,26,0,358.1,180.0,1.0,271.9,0.00,0,-1.4,1.8
154.20,align,349.99,0.01,0.276,1,1893.7,364.2,-1.2,1.3,-0.26,0.13,272,271,-1,0.1,-0.5,-0.5,-0.3,-0.01,-0.02,0.00,0.00,0.00,0.00,0.26,-0.14,99,-1,0,-2,-1.7,0.00,0.276,0.289,0.03,0,26,0,358.1,180.0,1.0,271.9,0.00,0,-0.9,1.0
154.40,align,349.99,0.01,0.277,1,1893.6,364.2,-1.2,1.3,-0.26,0.13,271,270,-1,0.1,-0.5,-0.5,-0.3,0.00,-0.01,0.00,0.00,0.00,0.00,0.26,-0.14,99,-1,0,-1,-1.7,0.01,0.277,0.281,0.02,0,26,0,358.8,179.7,12.4,271.2,0.00,0,0.2,-0.4
154.60,align,350.01,-0.01,0.272,1,1893.6,364.2,-1.1,1.3,-0.26,0.15,271,270,-1,0.1,-0.4,-0.5,-0.2,0.01,-0.01,0.00,0.00,0.00,0.00,0.26,-0.16,99,-1,0,-1,-1.5,0.01,0.272,0.278,0.10,0,26,0,358.8,179.7,12.4,271.2,0.00,0,0.1,-0.3
154.80,align,350.05,-0.05,0.265,1,1893.5,364.3,-1.0,1.2,-0.31,0.15,271,270,-1,0.2,-0.4,-0.5,-0.2,-0.00,-0.01,0.00,0.00,0.00,0.00,0.26,-0.16,99,-1,0,-1,-1.5,0.01,0.265,0.268,0.21,0,26,0,359.4,179.8,17.6,270.6,0.00,0,0.6,0.3
155.00,align,350.07,-0.07,0.269,1,1893.5,364.3,-1.0,1.2,-0.35,0.15,270,270,-1,0.5,-0.4,-0.2,-0.3,-0.01,0.02,0.00,0.00,0.00,0.00,0.35,-0.16,99,-1,0,-0,-1.6,0.02,0.269,0.279,0.09,0,26,0,359.4,179.8,17.6,270.6,0.00,0,1.7,0.4
155.20,align,350.05,-0.05,0.282,1,1893.4,364.3,-0.9,1.2,-0.35,0.15,270,269,-1,0.5,-0.4,0.0,-0.2,0.00,0.00,0.00,0.00,0.00,0.00,0.35,-0.15,99,-1,0,-0,-1.5,0.03,0.282,0.283,-0.14,0,26,0,0.1,179.8,105.3,269.9,0.00,0,0.2,-0.1
155.40,align,350.03,-0.03,0.280,1,1893.3,364.4,-0.8,1.1,-0.26,0.18,270,269,-1,0.4,-0.3,0.1,-0.2,-0.00,-0.01,0.00,0.00,0.00,0.00,0.31,-0.17,99,-1,0,0,-1.6,0.03,0.280,0.283,-0.10,0,26,0,0.1,179.8,105.3,269.9,0.00,0,-0.0,-0.0
155.60,descend,350.03,-0.03,0.120,1,1893.3,364.4,-0.8,1.1,-0.26,0.18,269,268,-1,0.3,-0.3,0.0,-0.2,-0.00,-0.01,0.00,0.00,0.00,0.00,0.27,-0.17,99,-1,0,1,-1.3,0.04,0.120,0.125,0.03,0,26,0,0.7,179.8,160.8,269.3,0.00,0,-0.2,0.0
155.80,descend,350.01,-253.51,0.120,1,1893.2,364.5,-0.7,1.1,-0.26,0.18,269,268,-1,0.4,-0.3,-0.1,-0.3,-0.00,-0.01,0.00,0.00,0.00,0.00,0.27,-0.17,99,-1,0,1,-1.3,0.05,0.120,0.127,-0.16,0,26,0,0.7,179.8,160.8,269.3,0.00,0,-0.4,0.1
156.00,descend,349.69,-253.19,0.120,1,1893.2,364.5,-0.7,1.0,-0.26,0.18,269,268,-1,0.4,-0.3,-0.1,-0.3,-0.00,-0.02,0.00,0.00,0.00,0.00,0.27,-0.17,99,-1,0,1,-1.4,0.05,0.120,0.128,-1.76,0,26,0,1.3,179.7,167.7,268.7,0.00,0,-0.5,0.1
156.20,descend,349.07,-252.57,0.120,1,1893.1,364.5,-0.6,1.0,-0.26,0.18,269,268,-1,0.4,-0.2,-0.3,-0.3,-0.00,-0.02,0.00,0.00,0.00,0.00,0.27,-0.17,99,-1,0,1,-1.2,0.06,0.120,0.129,-3.33,0,26,0,1.3,179.7,167.7,268.7,0.00,0,-0.5,0.1
156.40,descend,348.13,-251.63,0.120,1,1893.1,364.6,-0.6,1.0,-0.26,0.18,268,267,-1,0.5,-0.2,-0.4,-0.3,-0.01,-0.02,0.00,0.00,0.00,0.00,0.27,-0.17,99,-1,0,2,-1.2,0.06,0.120,0.130,-4.88,0,26,0,1.8,179.7,169.4,268.2,0.00,0,-0.4,0.2
156.60,descend,346.89,-250.39,0.120,1,1893.0,364.6,-0.5,0.9,-0.26,0.18,268,267,-1,0.5,-0.2,-0.4,-0.4,-0.01,-0.02,0.00,0.00,0.00,0.00,0.27,-0.17,99,-1,0,2,-0.9,0.06,0.120,0.130,-6.39,0,26,0,1.8,179.7,169.4,268.2,0.00,0,-0.2,0.2
156.80,descend,345.35,-248.85,0.120,1,1892.9,364.6,-0.5,0.9,-0.35,0.18,268,267,-1,0.5,-0.2,-0.5,-0.4,-0.01,-0.02,0.00,0.00,0.00,0.00,0.27,-0.16,99,-1,0,2,0.0,0.05,0.120,0.129,-7.88,0,26,0,2.2,179.6,169.2,267.8,0.00,0,0.0,0.0
157.00,descend,343.52,-247.02,0.120,1,1892.9,364.7,-0.4,0.9,-0.35,0.18,267,267,-1,0.8,-0.2,-0.4,-0.4,-0.01,-0.02,0.00,0.00,0.00,0.00,0.36,-0.16,99,-1,0,3,-0.2,0.07,0.120,0.130,-9.34,0,26,0,2.2,179.6,169.2,267.8,0.00,0,0.1,0.2
157.20,descend,341.40,-244.90,0.120,1,1892.8,364.7,-0.3,0.8,-0.35,0.18,267,267,-1,0.9,-0.2,-0.4,-0.5,-0.01,-0.01,0.00,0.00,0.00,0.00,0.36,-0.16,99,-1,0,3,0.0,0.05,0.120,0.129,-10.78,0,26,0,2.3,179.5,167.7,267.7,0.00,0,0.2,0.1
157.40,descend,339.00,-242.50,0.120,1,1892.7,364.7,-0.3,0.8,-0.35,0.18,267,267,-1,0.9,-0.1,-0.3,-0.5,-0.01,-0.01,0.00,0.00,0.00,0.00,0.36,-0.16,99,-1,0,3,0.3,0.05,0.120,0.128,-12.19,0,26,0,2.3,179.5,167.7,267.7,0.00,0,0.6,0.3
157.60,descend,336.32,-239.82,0.120,1,1892.7,364.8,-0.2,0.7,-0.35,0.20,267,267,-1,1.0,-0.1,-0.2,-0.6,-0.01,-0.01,0.00,0.00,0.00,0.00,0.36,-0.18,99,-1,0,3,0.4,0.05,0.120,0.129,-13.58,0,26,0,2.2,179.4,165.0,267.8,0.00,0,0.7,0.4
157.80,descend,333.37,-236.87,0.120,1,1892.6,364.8,-0.1,0.7,-0.35,0.20,267,267,-1,1.0,-0.0,-0.1,-0.6,-0.01,-0.01,0.00,0.00,0.00,0.00,0.36,-0.18,99,-1,0,3,0.2,0.05,0.120,0.129,-14.94,0,26,0,2.2,179.4,165.0,267.8,0.00,0,0.3,0.2
158.00,descend,330.15,-233.65,0.120,1,1892.6,364.8,-0.1,0.7,-0.35,0.20,267,267,-1,1.1,-0.0,-0.0,-0.7,-0.01,-0.01,0.00,0.00,0.00,0.00,0.36,-0.18,99,-1,0,3,0.4,0.05,0.120,0.130,-16.27,0,26,0,2.1,179.3,161.4,267.9,0.00,0,0.5,0.4
158.20,descend,326.66,-230.16,0.120,1,1892.4,364.9,0.0,0.6,-0.35,0.20,267,267,-1,1.1,0.0,0.0,-0.8,-0.01,-0.01,0.00,0.00,0.00,0.00,0.36,-0.18,99,-1,0,3,0.5,0.05,0.120,0.131,-17.59,0,26,0,2.1,179.3,161.4,267.9,0.00,0,0.4,0.4
158.40,descend,322.92,-226.42,0.120,1,1892.4,364.9,0.1,0.6,-0.35,0.20,267,267,-1,1.2,0.0,0.1,-0.8,-0.02,-0.01,0.00,0.00,0.00,0.00,0.36,-0.18,99,-1,0,3,0.5,0.06,0.120,0.131,-18.88,0,26,0,1.9,179.2,157.0,268.1,0.00,0,0.3,0.3
158.60,descend,318.92,-222.42,0.120,1,1892.3,365.0,0.2,0.5,-0.35,0.22,267,267,-1,1.2,0.1,0.1,-0.9,-0.02,-0.01,0.00,0.00,0.00,0.00,0.36,-0.20,99,-1,0,3,0.7,0.05,0.120,0.132,-20.14,0,26,0,1.9,179.2,157.0,268.1,0.00,0,0.2,0.1
158.80,descend,314.68,-218.18,0.120,1,1892.3,365.0,0.2,0.5,-0.26,0.22,267,267,-1,1.0,0.2,0.2,-0.9,-0.01,-0.01,0.00,0.00,0.00,0.00,0.27,-0.21,99,-1,0,3,0.8,0.04,0.120,0.131,-21.38,0,26,0,1.7,179.1,152.7,268.3,0.00,0,0.2,0.1
159.00,descend,310.19,-213.69,0.120,1,1892.2,365.1,0.3,0.5,-0.26,0.22,267,267,-1,1.0,0.2,0.2,-0.9,-0.01,-0.01,0.00,0.00,0.00,0.00,0.27,-0.21,99,-1,0,3,0.0,0.03,0.120,0.131,-22.59,0,26,0,1.7,179.1,152.7,268.3,0.00,0,0.0,0.0
159.20,descend,305.47,-208.97,0.120,1,1892.2,365.1,0.3,0.4,-0.26,0.22,267,268,-1,1.1,0.2,0.2,-0.9,-0.02,-0.01,0.00,0.00,0.00,0.00,0.27,-0.21,99,-1,0,3,1.1,0.03,0.120,0.132,-23.77,0,26,0,1.4,179.1,147.1,268.6,0.00,0,0.1,0.1
159.40,descend,300.51,-204.01,0.120,1,1892.1,365.2,0.4,0.4,-0.26,0.22,267,268,-1,1.1,0.2,0.3,-0.9,-0.02,-0.01,0.00,0.00,0.00,0.00,0.27,-0.21,99,-1,0,3,1.0,0.03,0.120,0.132,-24.92,0,26,0,1.4,179.1,147.1,268.6,0.00,0,0.1,-0.0
159.60,descend,295.33,-198.83,0.120,1,1892.1,365.2,0.4,0.3,-0.26,0.22,267,268,-1,1.1,0.3,0.3,-0.9,-0.02,-0.02,0.00,0.00,0.00,0.00,0.27,-0.21,99,-1,0,3,0.1,0.05,0.120,0.133,-26.05,0,26,0,1.0,179.1,138.8,269.0,0.00,0,0.0,-0.0
159.80,descend,289.92,-193.42,0.120,1,1892.0,365.2,0.5,0.3,-0.26,0.22,268,268,-1,1.2,0.3,0.3,-0.9,-0.02,-0.02,0.00,0.00,0.00,0.00,0.27,-0.21,99,-1,0,2,0.0,0.03,0.120,0.133,-27.15,0,26,0,1.0,179.1,138.8,269.0,0.00,0,0.0,0.0
160.00,descend,284.31,-187.81,0.120,1,1892.0,365.3,0.5,0.2,-0.26,0.22,268,268,-1,1.2,0.3,0.3,-0.9,-0.01,-0.01,0.00,0.00,0.00,0.00,0.27,-0.21,99,-1,0,2,1.0,0.02,0.120,0.130,-28.20,0,26,0,0.7,179.1,128.2,269.3,0.00,0,0.1,-0.2
160.20,descend,278.50,-182.00,0.120,1,1891.9,365.3,0.6,0.2,-0.26,0.20,268,268,-1,1.2,0.3,0.5,-0.7,0.00,-0.00,0.00,0.00,0.00,0.00,0.27,-0.19,99,-1,0,2,0.7,0.03,0.120,0.121,-29.14,0,26,0,0.7,179.1,128.2,269.3,0.00,0,0.8,-0.9
160.40,descend,272.49,-175.99,0.120,1,1891.8,365.4,0.6,0.2,-0.26,0.20,268,269,-1,1.3,0.3,0.7,-0.5,0.00,-0.00,0.00,0.00,0.00,0.00,0.27,-0.19,99,-1,0,2,0.7,0.02,0.120,0.121,-30.18,0,26,0,0.4,179.5,128.5,269.6,0.00,0,0.8,-0.9
160.60,descend,266.27,-169.77,0.120,1,1891.8,365.4,0.7,0.1,-0.26,0.19,268,269,-1,1.3,0.3,0.8,-0.3,0.00,-0.00,0.00,0.00,0.00,0.00,0.27,-0.18,99,-1,0,2,0.7,0.02,0.120,0.121,-31.19,0,26,0,0.4,179.5,128.5,269.6,0.00,0,0.8,-0.9
160.80,descend,259.86,-163.36,0.120,1,1891.7,365.4,0.7,0.1,-0.18,0.18,268,269,-1,1.3,0.3,1.0,-0.1,0.00,-0.00,0.00,0.00,0.00,0.00,0.27,-0.17,99,-1,0,2,0.8,0.02,0.120,0.122,-32.19,0,26,0,0.1,179.9,135.0,269.9,0.00,0,0.9,-1.0
161.00,descend,253.24,-156.74,0.120,1,1891.7,365.5,0.8,0.0,-0.18,0.18,269,269,-1,1.1,0.3,1.1,0.1,0.01,0.00,0.00,0.00,0.00,0.00,0.18,-0.17,99,-1,0,1,0.5,0.02,0.120,0.123,-33.16,0,26,0,0.1,179.9,135.0,269.9,0.00,0,0.6,-0.7
161.20,descend,246.44,-149.94,0.120,1,1891.7,365.5,0.8,0.0,-0.18,0.16,269,269,-1,1.1,0.3,1.3,0.2,0.01,0.00,0.00,0.00,0.00,0.00,0.18,-0.16,99,-1,0,1,0.4,0.02,0.120,0.123,-34.11,0,26,0,359.9,180.2,300.7,270.1,0.00,0,0.5,-0.6
161.40,descend,239.45,-142.95,0.120,1,1891.6,365.5,0.9,-0.0,-0.18,0.15,269,269,-1,1.1,0.3,1.4,0.4,0.01,0.00,0.00,0.00,0.00,0.00,0.18,-0.15,99,-1,0,1,0.4,0.02,0.120,0.124,-35.04,0,26,0,359.9,180.2,300.7,270.1,0.00,0,0.5,-0.7
161.60,descend,232.28,-135.78,0.120,1,1891.6,365.5,0.9,-0.0,-0.18,0.15,269,269,-1,1.2,0.3,1.5,0.6,0.01,0.00,0.00,0.00,0.00,0.00,0.18,-0.15,99,-1,0,1,0.6,0.01,0.120,0.124,-35.96,0,26,0,359.7,180.5,301.7,270.3,0.00,0,0.6,-0.9
161.80,descend,224.93,-128.43,0.120,1,1891.6,365.6,0.9,-0.1,-0.18,0.15,269,269,-1,1.2,0.4,1.5,0.7,0.01,0.00,0.00,0.00,0.00,0.00,0.18,-0.15,99,-1,0,1,0.3,0.01,0.120,0.124,-36.85,0,26,0,359.7,180.5,301.7,270.3,0.00,0,0.3,-0.6
162.00,descend,217.41,-120.91,0.120,1,1891.5,365.6,1.0,-0.1,-0.18,0.15,269,269,-1,1.2,0.4,1.6,0.8,0.01,0.00,0.00,0.00,0.00,0.00,0.18,-0.15,99,-1,0,1,0.5,0.01,0.120,0.124,-37.72,0,26,0,359.5,180.8,301.1,270.5,0.00,0,0.4,-0.8
162.20,descend,209.71,-113.21,0.120,1,1891.5,365.6,1.0,-0.1,-0.18,0.15,269,269,-1,1.2,0.4,1.7,0.9,0.01,-0.00,0.00,0.00,0.00,0.00,0.18,-0.15,99,-1,0,1,0.4,0.01,0.120,0.124,-38.57,0,26,0,359.5,180.8,301.1,270.5,0.00,0,0.3,-0.7
162.40,descend,201.85,-105.35,0.120,1,1891.5,365.7,1.0,-0.2,-0.18,0.15,269,270,-1,1.3,0.4,1.7,1.1,0.01,-0.00,0.00,0.00,0.00,0.00,0.18,-0.15,99,-1,0,1,0.2,0.01,0.120,0.125,-39.40,0,26,0,359.4,181.1,300.1,270.6,0.00,0,0.1,-0.4
162.60,descend,193.83,-97.33,0.120,1,1891.4,365.7,1.1,-0.2,-0.18,0.15,269,270,-1,1.3,0.4,1.7,1.2,0.01,-0.00,0.00,0.00,0.00,0.00,0.18,-0.15,99,-1,0,1,0.4,0.00,0.120,0.125,-40.22,0,26,0,359.4,181.1,300.1,270.6,0.00,0,0.2,-0.9
162.80,descend,185.64,-89.14,0.203,1,1891.4,365.7,1.1,-0.2,-0.26,0.15,270,270,-1,1.6,0.5,1.7,1.3,0.01,-0.01,0.00,0.00,0.00,0.00,0.26,-0.15,99,-1,0,0,0.0,0.01,0.203,0.211,-41.01,0,26,0,359.3,181.3,299.0,270.7,0.00,0,0.0,0.0
163.00,descend,177.36,-80.86,0.332,1,1891.3,365.8,1.2,-0.3,-0.22,0.15,270,270,-1,1.5,0.5,1.8,1.2,-0.01,-0.00,0.00,0.00,0.00,0.00,0.22,-0.15,99,-1,0,0,0.2,0.00,0.332,0.337,-41.45,0,26,0,359.3,181.3,299.0,270.7,0.00,0,0.2,0.7
163.20,descend,169.21,-72.71,0.408,1,1891.3,365.8,1.2,-0.3,-0.18,0.13,270,270,-1,1.4,0.4,1.8,1.0,-0.01,0.00,0.00,0.00,0.00,0.00,0.18,-0.13,99,-1,0,0,0.3,0.00,0.408,0.411,-40.65,0,26,0,359.2,181.0,308.9,270.8,0.00,0,0.4,1.1
163.40,descend,161.34,-64.84,0.453,1,1891.3,365.8,1.2,-0.3,-0.09,0.09,270,270,-1,1.1,0.3,1.8,1.0,0.00,-0.00,0.00,0.00,0.00,0.00,0.09,-0.09,99,-1,0,0,0.0,0.01,0.453,0.454,-39.10,0,26,0,359.2,181.0,308.9,270.8,0.00,0,0.0,0.0
163.60,descend,153.89,-57.39,0.472,1,1891.3,365.8,1.2,-0.3,-0.04,0.04,270,270,-1,1.0,0.2,1.8,0.9,-0.00,-0.01,0.00,0.00,0.00,0.00,0.04,-0.04,99,-1,0,0,0.1,0.00,0.472,0.475,-37.02,0,26,0,359.1,180.9,313.2,270.9,0.00,0,-0.4,0.2
163.80,descend,146.86,-50.36,0.489,1,1891.3,365.8,1.2,-0.3,0.00,0.01,270,270,-1,0.9,0.1,1.6,0.9,-0.00,-0.01,0.00,0.00,0.00,0.00,0.00,-0.01,99,-1,0,0,0.2,0.00,0.489,0.495,-34.87,0,26,0,359.1,180.9,313.2,270.9,0.00,0,-1.0,0.4
164.00,descend,140.34,-43.84,0.483,1,1891.3,365.8,1.2,-0.3,0.09,-0.02,270,270,-1,0.6,0.0,1.3,0.8,-0.00,-0.02,0.00,0.00,0.00,0.00,-0.09,0.02,99,-1,0,0,0.1,0.00,0.483,0.492,-32.30,0,26,0,359.1,180.8,319.6,270.9,0.00,0,-1.5,0.5
164.20,descend,134.33,-37.83,0.477,1,1891.3,365.8,1.2,-0.3,0.18,-0.07,270,270,-1,0.3,-0.1,1.0,0.7,-0.00,-0.03,0.00,0.00,0.00,0.00,-0.18,0.07,99,-1,0,0,0.1,0.00,0.477,0.489,-29.77,0,26,0,359.1,180.8,319.6,270.9,0.00,0,-1.6,0.5
164.40,descend,128.80,-32.30,0.473,1,1891.4,365.8,1.2,-0.3,0.22,-0.11,270,270,-1,0.3,-0.2,0.6,0.6,-0.00,-0.03,0.00,0.00,0.00,0.00,-0.18,0.09,99,-1,0,0,0.1,0.00,0.473,0.486,-27.32,0,26,0,359.1,180.6,328.5,270.9,0.00,0,-1.3,0.1
164.60,descend,123.72,-27.22,0.482,1,1891.4,365.8,1.1,-0.3,0.26,-0.12,270,270,-1,0.0,-0.3,0.5,0.6,0.00,-0.01,0.00,0.00,0.00,0.00,-0.26,0.12,99,-1,0,0,0.0,0.00,0.482,0.485,-25.14,0,26,0,359.1,180.6,328.5,270.9,0.00,0,0.0,0.0
164.80,descend,119.09,-22.59,0.490,1,1891.5,365.7,1.1,-0.3,0.26,-0.15,270,270,-1,-0.0,-0.4,0.5,0.4,-0.01,0.00,0.00,0.00,0.00,0.00,-0.26,0.13,99,-1,0,0,0.1,-0.00,0.490,0.495,-22.91,0,26,0,359.0,180.4,338.5,271.0,0.00,0,0.1,1.2
165.00,descend,114.92,-18.42,0.491,1,1891.5,365.7,1.0,-0.2,0.26,-0.15,270,270,-1,-0.0,-0.4,0.5,0.2,-0.01,-0.00,0.00,0.00,0.00,0.00,-0.26,0.15,99,-1,0,0,0.1,-0.00,0.491,0.498,-20.57,0,26,0,359.0,180.4,338.5,271.0,0.00,0,-0.1,0.9
165.20,descend,111.21,-14.71,0.495,1,1891.6,365.7,0.9,-0.2,0.26,-0.15,270,270,-1,-0.1,-0.5,0.4,-0.0,-0.01,-0.01,0.00,0.00,0.00,0.00,-0.26,0.15,99,-1,0,0,0.1,-0.00,0.495,0.506,-18.28,0,26,0,359.0,180.0,1.5,271.0,0.00,0,-0.6,1.1
165.40,descend,107.95,-11.45,0.502,1,1891.6,365.6,0.9,-0.2,0.26,-0.13,270,270,-1,-0.1,-0.4,0.2,-0.3,-0.02,-0.02,0.00,0.00,0.00,0.00,-0.26,0.13,99,-1,0,0,0.1,-0.00,0.502,0.518,-16.04,0,26,0,359.0,180.0,1.5,271.0,0.00,0,-1.2,1.2
165.60,descend,105.13,-8.63,0.513,1,1891.7,365.6,0.8,-0.1,0.26,-0.09,270,270,-1,-0.1,-0.4,-0.1,-0.5,-0.02,-0.03,0.00,0.00,0.00,0.00,-0.26,0.11,99,-1,0,0,0.0,-0.00,0.513,0.535,-13.84,0,26,0,359.0,179.5,26.3,271.0,0.00,0,-1.6,1.2
165.80,descend,102.75,-6.25,0.528,1,1891.7,365.6,0.8,-0.1,0.26,-0.07,270,270,-1,-0.2,-0.2,-0.5,-0.8,-0.02,-0.04,0.00,0.00,0.00,0.00,-0.26,0.07,99,-1,0,-0,0.0,-0.00,0.528,0.552,-11.66,0,26,0,359.0,179.5,26.3,271.0,0.00,0,-1.8,1.2
166.00,descend,100.81,-4.31,0.565,1,1891.7,365.6,0.8,-0.1,0.18,-0.02,270,270,-1,0.1,-0.1,-0.5,-0.8,-0.01,-0.01,0.00,0.00,0.00,0.00,-0.18,0.02,99,-1,0,-0,0.2,-0.00,0.565,0.573,-9.41,0,26,0,358.9,179.2,37.1,271.1,0.00,0,-0.6,0.5
166.20,descend,99.39,-2.89,0.382,1,1891.8,365.6,0.7,-0.1,0.00,0.05,270,270,-1,0.3,0.0,-0.2,-0.7,-0.01,0.01,0.00,0.00,0.00,0.00,-0.09,-0.03,99,-1,0,-0,0.1,-0.00,0.382,0.388,-6.74,0,26,0,358.9,179.2,37.1,271.1,0.00,0,0.9,-0.0
166.40,descend,98.56,-2.06,0.342,1,1891.8,365.6,0.7,-0.1,0.09,0.08,270,270,-1,0.3,0.2,-0.2,-0.8,-0.02,-0.01,0.00,0.00,0.00,0.00,-0.09,-0.07,99,-1,0,-0,-0.1,-0.00,0.342,0.355,-3.77,0,26,0,358.9,179.2,36.2,271.1,0.00,0,-0.9,0.8
166.60,descend,98.05,-1.55,0.273,1,1891.8,365.6,0.7,-0.1,0.18,0.09,270,270,-1,0.3,0.2,-0.5,-1.0,-0.03,-0.05,0.00,0.00,0.00,0.00,-0.09,-0.09,99,-1,0,-0,-0.5,0.00,0.273,0.304,-2.44,0,26,0,358.9,179.2,36.2,271.1,0.00,0,-3.1,1.2
166.80,descend,97.68,-1.18,0.238,1,1891.8,365.7,0.7,-0.2,0.18,0.09,270,270,-1,0.0,0.2,-1.2,-1.3,-0.04,-0.08,0.00,0.00,0.00,0.00,-0.18,-0.09,99,-1,0,-0,-1.2,0.02,0.238,0.286,-1.78,0,26,0,359.1,178.7,54.4,270.9,0.00,0,-3.9,1.7
167.00,descend,97.35,-0.85,0.233,1,1891.9,365.7,0.6,-0.2,0.18,0.09,270,270,-1,0.0,0.3,-2.1,-1.6,-0.04,-0.09,0.00,0.00,0.00,0.00,-0.18,-0.09,99,-1,0,-0,-1.8,0.03,0.233,0.286,-1.69,0,26,0,359.1,178.7,54.4,270.9,0.00,0,-4.7,0.8
167.20,descend,97.02,-0.52,0.230,1,1891.9,365.7,0.6,-0.2,0.26,0.07,270,269,-1,-0.3,0.2,-3.1,-1.7,-0.03,-0.12,0.00,0.00,0.00,0.00,-0.26,-0.07,99,-1,0,0,-1.9,0.04,0.230,0.291,-1.66,0,26,0,359.7,178.3,80.0,270.3,0.00,0,-5.2,0.7
167.30,capture,96.86,-0.36,0.321,1,1892.2,365.3,0.6,-0.2,4.93,-7.36,270,269,-1,-0.3,0.1,-3.7,-1.8,-0.04,-0.13,0.00,0.00,0.00,0.00,-0.26,-0.02,99,-1,0,0,-0.0,0.04,0.321,0.389,-1.60,0,26,0,359.7,178.3,80.0,270.3,0.00,0,0.0,-0.0
167.40,capture,96.87,-0.37,0.218,1,1892.2,365.3,0.3,0.2,4.93,-7.36,270,269,-1,-2.9,-3.1,-3.5,-1.7,0.02,0.01,0.00,0.00,0.00,0.00,-4.96,7.34,99,-1,0,0,-0.0,0.00,0.218,0.230,0.43,0,26,0,359.7,178.3,80.0,270.3,0.00,0,0.0,-0.0
167.60,capture,96.66,-0.16,0.302,1,1892.4,365.3,0.1,0.2,1.68,0.21,270,269,-1,-2.9,0.4,-0.0,-0.0,0.15,0.35,0.00,0.00,0.00,0.00,-1.68,-0.22,99,-1,0,0,-0.6,0.02,0.302,0.502,-1.09,0,26,0,0.0,180.0,74.7,270.0,0.00,0,23.3,-11.3
167.80,capture,96.50,-0.00,0.255,1,1892.5,365.5,0.0,-0.0,0.00,0.00,269,269,-1,0.1,-0.1,-0.0,-0.0,-0.00,-0.01,0.00,0.00,0.00,0.00,0.00,0.00,99,-1,0,1,0.0,0.01,0.255,0.260,0.00,0,26,0,0.0,180.0,74.7,270.0,0.00,0,-0.0,0.0
168.00,capture,96.50,-0.00,0.255,1,1892.5,365.5,0.0,-0.0,0.00,0.00,269,269,-1,0.1,-0.1,-0.0,-0.0,-0.00,-0.01,0.00,0.00,0.00,0.00,0.00,0.00,99,-1,0,1,0.0,0.01,0.255,0.260,0.00,0,26,0,0.0,180.0,0.0,270.0,0.00,0,0.0,-0.0
168.20,capture,96.50,-0.00,0.255,1,1892.5,365.5,0.0,-0.0,0.00,0.00,269,269,-1,0.1,-0.1,-0.0,-0.0,-0.00,-0.01,0.00,0.00,0.00,0.00,0.00,0.00,99,-1,0,1,0.0,0.02,0.255,0.260,0.00,0,26,0,0.0,180.0,0.0,270.0,0.00,0,0.0,-0.0
168.40,capture,96.50,-0.00,0.255,1,1892.5,365.5,0.0,-0.0,0.00,0.00,269,269,-1,0.1,-0.1,-0.0,-0.0,-0.00,-0.01,0.00,0.00,0.00,0.00,0.00,0.00,99,-1,0,1,0.0,0.02,0.255,0.260,0.00,0,26,0,0.0,180.0,0.0,270.0,0.00,0,0.0,-0.0
168.60,capture,96.50,-0.00,0.255,1,1892.5,365.5,0.0,-0.0,0.00,0.00,269,269,-1,0.1,-0.1,-0.0,-0.0,-0.00,-0.01,0.00,0.00,0.00,0.00,0.00,0.00,99,-1,0,1,0.0,0.02,0.255,0.260,0.00,0,26,0,0.0,180.0,0.0,270.0,0.00,0,0.0,-0.0
168.70,docked,96.50,-0.00,0.000,1,1892.5,365.5,0.0,-0.0,0.00,0.00,269,269,-1,0.1,-0.1,-0.0,-0.0,-0.00,-0.01,0.00,0.00,0.00,0.00,0.00,0.00,99,-1,1,0,0.0,-0.00,0.000,0.000,0.00,0,26,0,0.0,180.0,0.0,270.0,0.00,0,0.0,-0.0
168.70,end:ok:control [lean 58 body 30 braketurn 0.55],0,0,0,0,0,0,0,0,0,0,0,0,0,0,0,0,0,0,0,0,0,0,0,0,0,0,0,0,0,0,0,0,0,0,0,0,0,0,0,0,0,0,0,0,0
