t,phase,height,err,pwr,gps,x,z,ex,ez,vxw,vzw,hdg,rawhdg,mothdg,tp,tr,p,r,vx,vy,sched,fwdRaw,latRaw,vrtRaw,fwdH,latH,energy,fuel,sat,yerr,yrate,ydem,athr,amax,vv,dockc,npers,chg,nav1,nav3,nav2,trihdg,trires,aimq,wx,wz
0.00,climb,96.50,253.50,1.000,1,1892.5,365.5,-478.0,-102.0,0.00,0.00,0,0,-1,0.0,0.0,-0.0,-0.0,-0.00,-0.00,0.00,0.00,0.00,0.00,0.00,0.00,-1,-1,1,-2,0.0,-0.03,1.000,1.000,0.00,0,0,0,270.0,0.0,0.0,0.0,0.00,0,0.0,0.0
0.10,climb,96.50,253.50,1.000,1,1892.5,365.5,-478.0,-102.0,0.00,0.00,0,0,-1,0.0,0.0,-0.0,-0.0,-0.00,-0.00,0.00,0.00,0.00,0.00,0.00,0.00,-1,-1,1,-5,-0.0,-0.09,1.000,1.000,0.00,0,0,0,270.0,0.0,0.0,0.0,0.00,0,0.0,0.0
0.20,climb,96.50,253.50,1.000,1,1892.5,365.5,-478.0,-102.0,0.00,0.00,0,0,-1,0.0,0.0,-0.0,-0.0,-0.00,-0.00,0.00,0.00,0.00,0.00,0.00,0.00,-1,-1,1,-8,-0.0,-0.15,1.000,1.000,0.00,0,0,0,270.0,0.0,0.0,0.0,0.00,0,0.0,-0.0
0.30,climb,96.50,253.50,1.000,1,1892.5,365.5,-478.0,-102.0,0.00,0.00,0,0,-1,0.0,0.0,-0.0,-0.0,-0.00,-0.00,0.00,0.00,0.00,0.00,0.00,0.00,-1,-1,1,-11,-0.0,-0.21,1.000,1.000,0.00,0,0,0,270.0,0.0,0.0,0.0,0.00,0,-0.0,0.0
0.40,climb,96.50,253.50,1.000,1,1892.5,365.5,-478.0,-102.0,-0.00,0.00,0,0,-1,0.0,0.0,-0.0,-0.0,-0.00,-0.00,0.00,0.00,0.00,0.00,0.00,0.00,-1,-1,1,-14,-1.3,-0.27,1.000,1.000,0.00,0,0,0,270.0,180.0,0.0,0.0,0.00,0,-0.2,0.0
0.50,climb,96.62,253.38,1.000,1,1892.5,365.5,-478.0,-102.0,-0.00,0.00,0,0,-1,0.0,0.0,-0.0,-0.0,-0.00,-0.00,0.00,0.00,0.00,0.00,-0.00,-0.00,-1,-1,1,-17,-1.3,-0.30,1.000,1.000,0.70,0,0,0,270.0,180.0,0.0,0.0,0.00,0,-0.2,0.0
0.60,climb,96.96,253.04,1.000,1,1892.5,365.5,-478.0,-102.0,0.00,0.00,0,0,-1,0.0,0.0,-0.1,-0.0,-0.00,-0.01,0.00,0.00,0.00,0.00,0.00,0.00,-1,-1,1,-20,-10.8,-0.30,1.000,1.000,2.75,0,0,0,270.0,180.0,0.0,0.0,0.00,0,-1.0,0.2
0.70,climb,97.60,252.40,1.000,1,1892.5,365.5,-478.0,-102.0,0.00,-0.02,0,0,-1,0.0,0.0,-0.2,-0.0,-0.00,-0.02,0.00,0.00,0.00,0.00,0.00,0.00,-1,-1,1,-23,-20.0,-0.23,1.000,1.000,5.65,0,0,0,270.0,180.0,0.0,0.0,0.00,0,-1.4,0.3
0.80,climb,98.57,251.43,1.000,1,1892.5,365.5,-478.0,-102.0,0.00,-0.08,359,356,-1,0.0,0.0,-0.3,-0.1,-0.00,-0.02,0.00,0.00,0.00,0.00,0.02,0.00,100,-1,1,-25,-29.8,-0.10,1.000,1.000,8.84,0,26,0,274.3,184.4,359.7,355.7,0.00,0,-1.1,0.5
0.90,climb,99.84,250.16,1.000,1,1892.5,365.5,-478.0,-102.0,0.00,-0.08,359,356,-1,0.0,0.0,-0.4,-0.1,-0.00,-0.02,0.00,0.00,0.00,0.00,0.08,0.00,100,-1,1,-27,-29.8,0.05,1.000,1.000,11.99,0,26,0,274.3,184.4,359.7,355.7,0.00,0,-1.1,0.5
1.00,climb,102.34,247.66,1.000,1,1892.5,365.4,-478.0,-102.0,-0.09,-0.25,358,356,-1,0.0,0.0,-0.5,-0.1,-0.00,-0.01,0.00,0.00,0.00,0.00,0.16,0.00,100,-1,1,-30,-42.9,0.16,1.000,1.000,15.11,0,26,0,274.3,184.4,359.7,355.7,0.00,0,0.6,-0.2
1.10,climb,103.33,246.67,1.000,1,1892.5,365.4,-478.0,-101.9,-0.09,-0.25,358,356,-1,0.0,0.0,-0.4,-0.0,0.01,0.01,0.00,0.00,0.00,0.00,0.26,-0.08,100,-1,1,-32,-42.9,0.21,1.000,1.000,18.20,0,26,0,274.3,184.4,359.7,355.7,0.00,0,0.6,-0.2
1.20,climb,105.53,244.47,1.000,1,1892.5,365.4,-478.0,-101.9,-0.18,-0.37,355,340,-1,0.0,0.0,-0.2,0.1,0.01,0.02,0.00,0.00,0.00,0.00,0.33,-0.11,100,-1,1,-33,-39.5,0.21,1.000,1.000,21.26,0,26,0,290.1,180.6,359.8,339.9,0.00,0,2.1,-0.7
1.30,climb,108.03,241.97,1.000,1,1892.4,365.3,-478.0,-101.9,-0.18,-0.40,353,340,-1,0.0,0.0,0.0,0.1,0.01,0.03,0.00,0.00,0.00,0.00,0.39,-0.13,100,-1,1,-33,-33.0,0.12,1.000,1.000,24.29,0,26,0,290.1,180.6,359.8,339.9,0.00,0,2.2,-0.8
1.40,climb,110.83,239.17,1.000,1,1892.4,365.3,-477.9,-101.8,-0.18,-0.40,351,340,-1,0.0,0.0,0.2,0.2,0.01,0.04,0.00,0.00,0.00,0.00,0.42,-0.11,100,-1,1,-35,-33.0,-0.03,1.000,1.000,27.29,0,26,0,290.1,180.6,359.8,339.9,0.00,0,2.2,-0.8
1.50,climb,113.93,236.07,1.000,1,1892.4,365.3,-477.9,-101.8,-0.09,-0.34,349,340,-1,0.0,0.0,0.4,0.2,0.01,0.03,0.00,0.00,0.00,0.00,0.40,-0.06,100,-1,1,-36,-19.3,-0.21,1.000,1.000,30.26,0,26,0,290.1,180.6,359.8,339.9,0.00,0,0.8,0.1
1.60,climb,117.33,232.67,1.000,1,1892.4,365.2,-477.9,-101.8,0.00,-0.27,346,329,-1,0.0,0.0,0.5,0.2,-0.00,0.01,0.00,0.00,0.00,0.00,0.35,-0.00,100,-1,1,-36,-16.4,-0.33,1.000,1.000,33.20,0,26,0,301.2,179.4,0.3,328.8,0.00,0,-0.8,0.7
1.70,climb,121.01,228.99,1.000,1,1892.4,365.2,-477.9,-101.7,0.00,-0.27,344,329,-1,0.0,0.0,0.3,0.1,-0.01,-0.02,0.00,0.00,0.00,0.00,0.26,0.08,100,-1,1,-36,-16.4,-0.40,1.000,1.000,36.11,0,26,0,301.2,179.4,0.3,328.8,0.00,0,-0.8,0.7
1.80,climb,124.98,225.02,1.000,1,1892.4,365.2,-477.9,-101.7,0.09,-0.18,341,329,-1,0.0,0.0,0.0,-0.0,-0.02,-0.04,0.00,0.00,0.00,0.00,0.17,0.15,100,-1,1,-37,-24.9,-0.37,1.000,1.000,38.98,0,26,0,301.2,179.4,0.3,328.8,0.00,0,-4.0,1.5
1.90,climb,129.24,220.76,1.000,1,1892.4,365.2,-477.9,-101.7,0.09,-0.18,339,329,-1,0.0,0.0,-0.4,-0.2,-0.02,-0.07,0.00,0.00,0.00,0.00,0.13,0.14,100,-1,1,-38,-24.9,-0.26,1.000,1.000,41.83,0,26,0,301.2,179.4,0.3,328.8,0.00,0,-4.0,1.5
2.00,climb,133.77,216.23,1.000,1,1892.4,365.2,-477.9,-101.7,0.09,-0.18,336,319,-1,0.0,0.0,-0.9,-0.3,-0.02,-0.08,0.00,0.00,0.00,0.00,0.13,0.15,100,-1,1,-38,-34.2,-0.07,1.000,1.000,44.64,0,26,0,311.2,180.7,359.4,318.8,0.00,0,-4.7,1.8
2.10,climb,138.59,211.41,0.865,1,1892.4,365.1,-477.9,-101.6,-0.22,-0.34,334,319,-1,0.0,0.0,-1.3,-0.4,-0.02,-0.07,0.00,0.00,0.00,0.00,0.23,0.11,100,-1,0,-38,-52.6,0.12,0.865,0.901,47.42,0,26,0,311.2,180.7,359.4,318.8,0.00,0,-2.0,1.4
2.20,climb,143.67,206.33,0.707,1,1892.4,365.1,-477.9,-101.6,-0.22,-0.34,331,319,-1,0.0,0.0,-1.4,-0.4,-0.00,-0.04,0.00,0.00,0.00,0.00,0.40,-0.03,100,-1,0,-39,-52.6,0.27,0.710,0.726,50.17,0,26,0,311.2,180.7,359.4,318.8,0.00,0,-2.0,1.4
2.30,climb,148.98,201.02,0.555,1,1892.4,365.1,-477.9,-101.6,-0.44,-0.43,329,319,-1,0.0,0.0,-1.2,-0.2,0.02,0.02,0.00,0.00,0.00,0.00,0.59,-0.16,100,-1,0,-40,-56.7,0.33,0.559,0.573,52.62,0,26,0,311.2,180.7,359.4,318.8,0.00,0,1.3,0.2
2.40,climb,154.44,195.56,0.434,1,1892.3,365.0,-477.8,-101.5,-0.75,-0.52,325,298,-1,0.0,0.0,-0.8,-0.0,0.03,0.06,0.00,0.00,0.00,0.00,0.78,-0.26,100,-1,0,-38,-49.9,0.34,0.437,0.475,54.33,0,26,0,332.3,180.4,359.3,297.7,0.00,0,5.9,-1.7
2.50,climb,159.99,190.01,0.342,1,1892.2,364.9,-477.8,-101.5,-0.79,-0.53,321,298,-1,0.0,0.0,-0.1,0.2,0.03,0.09,0.00,0.00,0.00,0.00,0.87,-0.25,100,-1,0,-37,-43.4,0.26,0.343,0.393,55.36,0,26,0,332.3,180.4,359.3,297.7,0.00,0,5.9,-1.4
2.60,climb,165.57,184.43,0.276,1,1892.2,364.9,-477.7,-101.4,-0.79,-0.53,317,298,-1,0.0,0.0,0.4,0.3,0.02,0.09,0.00,0.00,0.00,0.00,0.92,-0.22,100,-1,0,-37,-43.4,0.14,0.277,0.319,55.80,0,26,0,332.3,180.4,359.3,297.7,0.00,0,5.9,-1.4
2.70,climb,171.13,178.87,0.235,1,1892.1,364.9,-477.6,-101.4,-0.70,-0.53,314,298,-1,0.0,0.0,0.8,0.3,0.01,0.07,0.00,0.00,0.00,0.00,0.87,-0.11,100,-1,0,-37,-37.1,0.01,0.235,0.264,55.71,0,26,0,332.3,180.4,359.3,297.7,0.00,0,4.2,-0.6
2.80,climb,176.64,173.36,0.212,1,1892.0,364.8,-477.5,-101.3,-0.57,-0.51,309,282,-1,0.0,0.0,1.0,0.3,0.00,0.04,0.00,0.00,0.00,0.00,0.84,-0.01,100,-1,0,-35,-28.1,-0.06,0.212,0.227,55.24,0,26,0,348.0,180.1,359.5,282.0,0.00,0,0.5,-0.2
2.90,climb,182.07,167.93,0.200,1,1891.9,364.7,-477.5,-101.3,-0.53,-0.51,305,282,-1,0.0,0.0,1.0,0.3,-0.00,0.02,0.00,0.00,0.00,0.00,0.76,0.09,100,-1,0,-33,-25.4,-0.11,0.200,0.207,54.54,0,26,0,348.0,180.1,359.5,282.0,0.00,0,-0.8,-0.0
3.00,climb,187.42,162.58,0.194,1,1891.9,364.7,-477.4,-101.2,-0.53,-0.51,301,282,-1,0.0,0.0,0.9,0.2,-0.00,-0.01,0.00,0.00,0.00,0.00,0.71,0.16,100,-1,0,-33,-25.4,-0.15,0.195,0.199,53.71,0,26,0,348.0,180.1,359.5,282.0,0.00,0,-0.8,-0.0
3.10,climb,192.68,157.32,0.193,1,1891.9,364.7,-477.4,-101.2,-0.44,-0.48,298,282,-1,0.0,0.0,0.6,0.2,-0.01,-0.04,0.00,0.00,0.00,0.00,0.62,0.22,100,-1,0,-33,-23.5,-0.19,0.194,0.210,52.80,0,26,0,348.0,180.1,359.5,282.0,0.00,0,-2.5,0.1
3.20,climb,197.84,152.16,0.194,1,1891.8,364.6,-477.3,-101.1,-0.35,-0.48,294,272,-1,0.0,0.0,0.3,0.1,-0.01,-0.05,0.00,0.00,0.00,0.00,0.56,0.28,100,-1,0,-32,-21.4,-0.19,0.195,0.219,51.84,0,26,0,357.7,180.1,356.8,272.3,0.00,0,-3.5,0.4
3.30,climb,202.90,147.10,0.197,1,1891.8,364.6,-477.3,-101.1,-0.35,-0.48,291,272,-1,0.0,0.0,-0.1,0.1,-0.01,-0.05,0.00,0.00,0.00,0.00,0.50,0.33,100,-1,0,-31,-21.4,-0.20,0.198,0.220,50.86,0,26,0,357.7,180.1,356.8,272.3,0.00,0,-3.5,0.4
3.40,climb,207.88,142.12,0.195,1,1891.7,364.5,-477.3,-101.0,-0.35,-0.45,288,272,-1,0.0,0.0,-0.3,0.1,-0.00,-0.03,0.00,0.00,0.00,0.00,0.48,0.33,100,-1,0,-31,-20.9,-0.21,0.196,0.211,49.98,0,26,0,357.7,180.1,356.8,272.3,0.00,0,-0.9,0.4
3.50,climb,212.77,137.23,0.193,1,1891.7,364.4,-477.2,-101.0,-0.35,-0.44,285,272,-1,0.0,0.0,-0.3,0.0,-0.00,-0.01,0.00,0.00,0.00,0.00,0.46,0.34,100,-1,0,-32,-20.9,-0.22,0.194,0.200,49.11,0,26,0,357.7,180.1,356.8,272.3,0.00,0,0.5,0.3
3.60,climb,217.57,132.43,0.190,1,1891.7,364.4,-477.2,-100.9,-0.35,-0.44,282,264,-1,0.0,0.0,-0.2,0.0,-0.00,0.01,0.00,0.00,0.00,0.00,0.44,0.36,100,-1,0,-32,-20.9,-0.21,0.191,0.196,48.25,0,26,0,6.1,180.0,179.9,263.9,0.00,0,0.5,0.3
3.70,climb,222.28,127.72,0.190,1,1891.7,364.4,-477.2,-100.9,-0.40,-0.42,279,264,-1,0.0,0.0,-0.1,0.0,-0.00,0.02,0.00,0.00,0.00,0.00,0.46,0.35,100,-1,0,-32,-21.0,-0.21,0.191,0.200,47.34,0,26,0,6.1,180.0,179.9,263.9,0.00,0,1.5,0.2
3.80,climb,226.90,123.10,0.194,1,1891.6,364.3,-477.1,-100.8,-0.35,-0.40,277,264,-1,0.0,0.0,0.1,-0.0,-0.00,0.02,0.00,0.00,0.00,0.00,0.49,0.36,100,-1,0,-32,-21.0,-0.23,0.195,0.206,46.36,0,26,0,6.1,180.0,179.9,263.9,0.00,0,1.4,-0.1
3.90,climb,231.41,118.59,0.197,1,1891.6,364.3,-477.1,-100.8,-0.35,-0.40,275,264,-1,0.0,0.0,0.2,-0.0,0.00,0.02,0.00,0.00,0.00,0.00,0.38,0.36,100,-1,0,-33,-21.0,-0.25,0.197,0.206,45.41,0,26,0,6.1,180.0,179.9,263.9,0.00,0,1.4,-0.1
4.00,climb,235.85,114.15,0.195,1,1891.5,364.3,-477.0,-100.8,-0.35,-0.40,272,255,-1,0.0,0.0,0.2,0.0,0.00,0.01,0.00,0.00,0.00,0.00,0.36,0.38,100,-1,0,-33,-21.2,-0.24,0.196,0.200,44.54,0,26,0,14.6,180.1,180.3,255.4,0.00,0,0.5,-0.3
4.10,climb,240.20,109.80,0.191,1,1891.5,364.2,-477.0,-100.7,-0.35,-0.40,269,255,-1,0.0,0.0,0.1,0.0,0.00,-0.02,0.00,0.00,0.00,0.00,0.35,0.40,100,-1,0,-34,-22.0,-0.24,0.192,0.198,43.73,0,26,0,14.6,180.1,180.3,255.4,0.00,0,-1.7,-0.0
4.20,climb,244.47,105.53,0.189,1,1891.5,364.2,-477.0,-100.7,-0.35,-0.40,267,255,-1,0.0,0.0,-0.0,0.0,0.00,-0.03,0.00,0.00,0.00,0.00,0.33,0.41,100,-1,0,-35,-22.0,-0.25,0.190,0.201,42.88,0,26,0,14.6,180.1,180.3,255.4,0.00,0,-1.7,-0.0
4.30,climb,248.64,101.36,0.192,1,1891.4,364.2,-476.9,-100.7,-0.35,-0.40,265,255,-1,0.0,0.0,-0.2,0.0,0.00,-0.03,0.00,0.00,0.00,0.00,0.32,0.42,100,-1,0,-36,-22.1,-0.27,0.193,0.205,41.94,0,26,0,14.6,180.1,180.3,255.4,0.00,0,-1.8,0.0
4.40,climb,252.72,97.28,0.191,1,1891.4,364.1,-476.9,-100.6,-0.35,-0.37,262,247,-1,0.0,0.0,-0.3,0.0,0.00,-0.02,0.00,0.00,0.00,0.00,0.30,0.42,100,-1,0,-36,-22.5,-0.27,0.192,0.201,41.06,0,26,0,23.4,179.9,179.7,246.6,0.00,0,-1.4,0.0
4.50,climb,256.73,93.27,0.186,1,1891.3,364.0,-476.9,-100.6,-0.35,-0.34,260,247,-1,0.0,0.0,-0.3,0.1,0.00,-0.00,0.00,0.00,0.00,0.00,0.29,0.41,100,-1,0,-37,-23.5,-0.27,0.187,0.188,40.29,0,26,0,23.4,179.9,179.7,246.6,0.00,0,1.0,0.0
4.60,climb,260.66,89.34,0.181,1,1891.3,364.0,-476.8,-100.5,-0.35,-0.34,258,247,-1,0.0,0.0,-0.2,0.1,0.00,0.02,0.00,0.00,0.00,0.00,0.27,0.41,100,-1,0,-37,-23.5,-0.28,0.182,0.188,39.49,0,26,0,23.4,179.9,179.7,246.6,0.00,0,1.0,0.0
4.70,climb,264.50,85.50,0.179,1,1891.3,364.0,-476.8,-100.5,-0.35,-0.33,256,247,-1,0.0,0.0,-0.0,0.0,-0.00,0.02,0.00,0.00,0.00,0.00,0.26,0.40,100,-1,0,-39,-23.8,-0.30,0.180,0.191,38.64,0,26,0,23.4,179.9,179.7,246.6,0.00,0,1.5,0.3
4.80,climb,268.25,81.75,0.180,1,1891.2,363.9,-476.8,-100.5,-0.35,-0.31,253,237,-1,0.0,0.0,0.1,-0.0,-0.00,0.02,0.00,0.00,0.00,0.00,0.25,0.40,100,-1,0,-39,-24.2,-0.30,0.181,0.192,37.74,0,26,0,32.9,180.1,180.1,237.1,0.00,0,1.4,0.2
4.90,climb,271.92,78.08,0.180,1,1891.2,363.9,-476.7,-100.4,-0.35,-0.31,251,237,-1,0.0,0.0,0.3,-0.0,-0.00,0.02,0.00,0.00,0.00,0.00,0.23,0.41,100,-1,0,-39,-24.2,-0.30,0.181,0.192,36.86,0,26,0,32.9,180.1,180.1,237.1,0.00,0,1.4,0.2
5.00,climb,277.25,72.75,0.159,1,1891.2,363.9,-476.7,-100.4,-0.35,-0.31,249,237,-1,0.0,0.0,0.4,-0.1,-0.00,0.02,0.00,0.00,0.00,0.00,0.22,0.41,100,-1,0,-40,-24.6,-0.31,0.160,0.170,35.98,0,26,0,32.9,180.1,180.1,237.1,0.00,0,1.2,0.2
5.10,climb,278.99,71.01,0.179,1,1891.1,363.9,-476.7,-100.4,-0.26,-0.31,247,237,-1,0.0,0.0,0.5,-0.1,-0.00,0.02,0.00,0.00,0.00,0.00,0.16,0.40,100,-1,0,-41,-25.7,-0.30,0.180,0.189,35.11,0,26,0,32.9,180.1,180.1,237.1,0.00,0,0.7,0.0
5.20,climb,282.39,67.61,0.178,1,1891.1,363.8,-476.6,-100.4,-0.26,-0.31,244,227,-1,0.0,0.0,0.5,-0.1,-0.00,0.01,0.00,0.00,0.00,0.00,0.10,0.39,100,-1,0,-41,-26.4,-0.29,0.179,0.186,34.26,0,26,0,42.9,180.4,180.4,227.1,0.00,0,0.4,-0.1
5.30,climb,285.71,64.29,0.177,1,1891.1,363.8,-476.6,-100.3,-0.26,-0.31,241,227,-1,0.0,0.0,0.5,-0.1,-0.00,0.01,0.00,0.00,0.00,0.00,0.08,0.40,100,-1,0,-42,-26.4,-0.27,0.178,0.183,33.41,0,26,0,42.9,180.4,180.4,227.1,0.00,0,0.4,-0.1
5.40,climb,288.95,61.05,0.138,1,1891.1,363.8,-476.6,-100.3,-0.26,-0.31,239,227,-1,0.0,0.0,0.5,-0.1,-0.00,0.00,0.00,0.00,0.00,0.00,0.07,0.40,100,-1,0,-43,-27.0,-0.26,0.138,0.141,32.56,0,26,0,42.9,180.4,180.4,227.1,0.00,0,0.0,-0.2
5.50,climb,292.10,57.90,0.095,1,1891.1,363.8,-476.6,-100.3,-0.22,-0.31,237,227,-1,0.0,0.0,0.5,-0.1,0.00,-0.00,0.00,0.00,0.00,0.00,0.02,0.38,100,-1,0,-44,-27.5,-0.25,0.095,0.096,31.73,0,26,0,42.9,180.4,180.4,227.1,0.00,0,-0.3,-0.3
5.60,climb,295.17,54.83,0.053,1,1891.0,363.7,-476.5,-100.2,-0.18,-0.31,234,216,-1,0.0,0.0,0.4,-0.1,0.00,-0.01,0.00,0.00,0.00,0.00,-0.04,0.35,100,-1,0,-44,-27.9,-0.24,0.053,0.056,30.91,0,26,0,53.8,180.5,180.3,216.2,0.00,0,-0.6,-0.4
5.70,climb,298.13,51.87,0.016,1,1891.0,363.7,-476.5,-100.2,-0.18,-0.31,231,216,-1,0.0,0.0,0.3,-0.1,0.00,-0.01,0.00,0.00,0.00,0.00,-0.05,0.35,100,-1,0,-44,-27.2,-0.24,0.016,0.021,29.99,0,26,0,53.8,180.5,180.3,216.2,0.00,0,-0.8,-0.4
5.80,climb,300.98,49.02,0.000,1,1891.0,363.7,-476.5,-100.2,-0.18,-0.31,229,216,-1,0.0,0.0,0.2,-0.1,0.00,-0.01,0.00,0.00,0.00,0.00,-0.07,0.35,100,-1,1,-45,-27.2,-0.26,0.000,0.000,28.75,0,26,0,53.8,180.5,180.3,216.2,0.00,0,-0.8,-0.4
5.90,climb,303.72,46.28,0.000,1,1891.0,363.6,-476.5,-100.1,-0.18,-0.31,227,216,-1,0.0,0.0,0.2,-0.0,0.00,-0.01,0.00,0.00,0.00,0.00,-0.08,0.34,100,-1,1,-45,-26.7,-0.27,0.000,0.000,27.63,0,26,0,53.8,180.5,180.3,216.2,0.00,0,-0.9,-0.4
6.00,climb,307.59,42.41,0.000,1,1891.0,363.6,-476.5,-100.1,-0.18,-0.31,224,205,-1,0.0,0.0,0.1,0.0,0.00,-0.01,0.00,0.00,0.00,0.00,-0.10,0.34,100,-1,1,-42,-25.7,-0.28,0.000,0.000,26.47,0,26,0,64.5,180.1,180.1,205.5,0.00,0,-0.9,-0.3
6.10,climb,308.83,41.17,0.000,1,1891.0,363.6,-476.5,-100.1,-0.18,-0.31,221,205,-1,0.0,0.0,-0.0,0.0,0.00,-0.01,0.00,0.00,0.00,0.00,-0.12,0.33,100,-1,1,-39,-25.7,-0.27,0.000,0.000,25.26,0,26,0,64.5,180.1,180.1,205.5,0.00,0,-0.9,-0.3
6.20,climb,311.20,38.80,0.000,1,1890.9,363.5,-476.4,-100.0,-0.18,-0.30,219,205,-1,0.0,0.0,-0.1,0.1,0.01,-0.01,0.00,0.00,0.00,0.00,-0.12,0.32,100,-1,1,-37,-25.1,-0.23,0.000,0.000,24.01,0,26,0,64.5,180.1,180.1,205.5,0.00,0,-0.8,-0.3
6.30,climb,313.43,36.57,0.000,1,1890.9,363.5,-476.4,-100.0,-0.18,-0.29,217,205,-1,0.0,0.0,-0.2,0.1,0.01,-0.01,0.00,0.00,0.00,0.00,-0.12,0.31,100,-1,1,-35,-23.9,-0.20,0.000,0.000,22.71,0,26,0,64.5,180.1,180.1,205.5,0.00,0,-0.8,-0.2
6.40,climb,315.54,34.46,0.002,1,1890.9,363.5,-476.4,-100.0,-0.18,-0.29,213,196,-1,0.0,0.0,-0.3,0.1,0.01,-0.01,0.00,0.00,0.00,0.00,-0.14,0.30,100,-1,1,-31,-23.9,-0.15,0.002,0.003,21.41,0,26,0,74.4,179.2,179.8,195.6,0.00,0,-0.8,-0.2
6.50,climb,317.52,32.48,0.017,1,1890.9,363.4,-476.4,-100.0,-0.18,-0.29,211,196,-1,0.0,0.0,-0.3,0.1,0.01,-0.01,0.00,0.00,0.00,0.00,-0.16,0.30,100,-1,0,-29,-23.0,-0.10,0.017,0.025,20.12,0,26,0,74.4,179.2,179.8,195.6,0.00,0,-0.8,-0.2
6.60,climb,319.37,30.63,0.027,1,1890.9,363.4,-476.4,-99.9,-0.18,-0.29,208,196,-1,0.0,0.0,-0.4,0.2,0.01,-0.01,0.00,0.00,0.00,0.00,-0.17,0.29,100,-1,0,-26,-23.0,-0.07,0.027,0.036,18.84,0,26,0,74.4,179.2,179.8,195.6,0.00,0,-0.8,-0.2
6.70,climb,321.10,28.90,0.041,1,1890.8,363.4,-476.3,-99.9,-0.18,-0.27,206,196,-1,0.0,0.0,-0.5,0.2,0.01,-0.02,0.00,0.00,0.00,0.00,-0.18,0.28,100,-1,0,-24,-22.4,-0.03,0.041,0.050,17.57,0,26,0,74.4,179.2,179.8,195.6,0.00,0,-0.8,-0.1
6.80,climb,322.70,27.30,0.059,1,1890.8,363.4,-476.3,-99.9,-0.18,-0.27,203,186,-1,0.0,0.0,-0.5,0.2,0.01,-0.02,0.00,0.00,0.00,0.00,-0.18,0.27,100,-1,0,-21,-22.4,0.02,0.059,0.068,16.32,0,26,0,83.5,175.5,179.5,186.5,0.00,0,-0.8,-0.1
6.90,climb,324.17,25.83,0.079,1,1890.8,363.3,-476.3,-99.9,-0.18,-0.26,201,186,-1,0.0,0.0,-0.6,0.3,0.01,-0.02,0.00,0.00,0.00,0.00,-0.18,0.26,100,-1,0,-19,-22.0,0.07,0.080,0.089,15.08,0,26,0,83.5,175.5,179.5,186.5,0.00,0,-0.8,-0.1
7.00,climb,325.53,24.47,0.104,1,1890.8,363.3,-476.3,-99.8,-0.18,-0.26,199,186,-1,0.0,0.0,-0.7,0.3,0.01,-0.02,0.00,0.00,0.00,0.00,-0.19,0.25,100,-1,0,-16,-21.8,0.11,0.104,0.114,13.85,0,26,0,83.5,175.5,179.5,186.5,0.00,0,-0.7,0.0
7.10,climb,326.76,23.24,0.132,1,1890.8,363.3,-476.3,-99.8,-0.18,-0.26,197,186,-1,0.0,0.0,-0.7,0.3,0.01,-0.02,0.00,0.00,0.00,0.00,-0.20,0.24,100,-1,0,-15,-21.8,0.14,0.132,0.141,12.64,0,26,0,83.5,175.5,179.5,186.5,0.00,0,-0.7,0.0
7.20,climb,327.88,22.12,0.160,1,1890.7,363.2,-476.3,-99.8,-0.18,-0.26,194,178,-1,0.0,0.0,-0.8,0.3,0.01,-0.01,0.00,0.00,0.00,0.00,-0.21,0.23,100,-1,0,-12,-21.4,0.20,0.161,0.168,11.48,0,26,0,92.3,18.9,179.2,177.7,0.00,0,-0.2,0.3
7.30,climb,328.90,21.10,0.188,1,1890.7,363.2,-476.2,-99.7,-0.18,-0.24,191,178,-1,0.0,0.0,-0.7,0.3,0.00,-0.01,0.00,0.00,0.00,0.00,-0.22,0.22,100,-1,0,-9,-20.9,0.24,0.189,0.192,10.42,0,26,0,92.3,18.9,179.2,177.7,0.00,0,0.4,0.6
7.40,climb,329.83,20.17,0.211,1,1890.7,363.2,-476.2,-99.7,-0.18,-0.24,189,178,-1,0.0,0.0,-0.7,0.3,-0.00,0.00,0.00,0.00,0.00,0.00,-0.21,0.21,100,-1,0,-7,-20.9,0.27,0.212,0.214,9.52,0,26,0,92.3,18.9,179.2,177.7,0.00,0,0.4,0.6
7.50,climb,330.70,19.30,0.228,1,1890.7,363.2,-476.2,-99.7,-0.18,-0.22,187,178,-1,0.0,0.0,-0.6,0.2,-0.01,0.00,0.00,0.00,0.00,0.00,-0.22,0.21,100,-1,0,-5,-18.8,0.29,0.229,0.234,8.79,0,26,0,92.3,18.9,179.2,177.7,0.00,0,0.6,1.1
7.60,climb,331.52,18.48,0.235,1,1890.7,363.2,-476.2,-99.7,-0.18,-0.22,185,170,-1,0.0,0.0,-0.6,0.1,-0.01,0.00,0.00,0.00,0.00,0.00,-0.20,0.19,100,-1,0,-3,-18.8,0.32,0.237,0.243,8.27,0,26,0,100.3,3.2,179.4,169.7,0.00,0,0.6,1.1
7.70,cruise,332.31,17.69,0.282,1,1890.7,363.1,-476.2,-99.7,-0.18,-0.22,182,170,-1,4.0,4.0,-0.5,0.0,-0.08,-0.05,0.00,0.00,0.00,0.00,-0.21,0.19,100,-1,0,-0,-15.0,0.33,0.284,0.320,7.97,0,26,0,100.3,3.2,179.4,169.7,0.00,0,0.3,1.0
7.80,cruise,333.07,16.93,0.279,1,1890.7,363.1,-476.2,-99.6,-0.18,-0.22,181,170,-1,8.0,8.0,-0.5,-0.1,-0.13,-0.12,0.00,0.00,0.00,0.00,-0.22,0.18,100,-1,0,15,-15.0,0.61,0.286,0.356,7.67,0,26,0,103.4,1.9,179.5,166.6,0.00,1,0.3,1.0
7.90,cruise,333.82,16.18,0.273,1,1890.6,363.1,-476.1,-99.6,-0.09,-0.18,179,170,-1,12.0,12.0,-0.4,-0.1,-0.18,-0.17,0.00,0.00,0.00,0.00,-0.20,0.17,100,-1,0,17,-8.3,0.57,0.278,0.374,7.46,0,26,0,104.5,1.5,179.6,165.5,0.00,1,1.7,-0.5
8.00,cruise,334.74,15.26,0.253,1,1890.6,363.1,-476.1,-99.6,-0.09,-0.18,177,165,-1,16.0,16.0,-0.2,0.0,-0.21,-0.19,0.00,0.00,0.00,0.00,-0.18,0.08,100,-1,0,17,-8.3,0.51,0.257,0.363,7.41,0,26,0,105.2,0.7,179.8,164.8,0.00,1,1.7,-0.5
8.10,cruise,335.28,14.72,0.241,1,1890.6,363.1,-476.1,-99.6,0.00,-0.05,175,165,-1,17.9,20.0,0.3,0.3,-0.21,-0.14,0.00,0.00,0.00,0.00,-0.13,0.08,100,-1,0,17,1.7,0.42,0.244,0.336,7.37,0,26,0,105.4,359.1,180.3,164.6,0.00,1,7.9,-5.4
8.20,cruise,335.99,14.01,0.230,1,1890.6,363.1,-476.1,-99.6,0.09,0.00,173,165,-1,18.3,24.0,1.2,1.0,-0.19,-0.05,0.00,0.00,0.00,0.00,-0.05,-0.01,100,-1,0,17,6.2,0.31,0.231,0.295,7.23,0,26,0,105.1,356.4,181.0,164.9,0.00,1,11.6,-8.5
8.30,cruise,336.67,13.33,0.224,1,1890.6,363.1,-476.1,-99.6,0.09,0.00,172,165,-1,18.5,28.0,2.5,1.9,-0.16,0.05,0.00,0.00,0.00,0.00,0.01,-0.09,100,-1,0,16,6.2,0.20,0.225,0.282,7.00,0,26,0,104.5,352.4,182.0,165.6,0.00,1,11.6,-8.5
8.40,cruise,337.30,12.70,0.221,1,1890.6,363.1,-476.1,-99.6,0.13,0.03,171,167,-1,18.4,32.0,3.9,3.3,-0.11,0.12,0.00,0.00,0.00,0.00,0.05,-0.13,100,-1,0,15,10.4,0.10,0.221,0.282,6.75,0,26,0,103.4,347.1,183.1,166.8,0.00,1,14.6,-12.0
8.50,cruise,337.90,12.10,0.222,1,1890.7,363.1,-476.2,-99.6,0.18,-0.01,171,167,-1,17.9,35.4,5.4,5.1,-0.04,0.16,0.00,0.00,0.00,0.00,0.06,-0.17,100,-1,0,14,17.7,-0.02,0.222,0.273,6.43,0,26,0,102.0,340.5,184.3,168.5,0.00,1,15.3,-19.1
8.60,cruise,338.45,11.55,0.226,1,1890.7,363.1,-476.2,-99.6,0.18,-0.11,170,167,-1,17.2,36.2,6.7,7.3,0.06,0.15,0.00,0.00,0.00,0.00,0.02,-0.17,100,-1,0,12,20.3,-0.12,0.226,0.281,6.10,0,26,0,100.3,332.7,185.4,170.5,0.00,1,13.6,-21.4
8.70,cruise,338.96,11.04,0.230,1,1890.7,363.1,-476.2,-99.6,0.18,-0.11,169,167,-1,16.2,37.1,7.7,9.7,0.12,0.10,0.08,0.00,0.00,0.00,-0.08,-0.19,100,-1,0,9,20.3,-0.22,0.231,0.289,5.79,0,26,0,98.5,323.6,186.3,172.7,0.00,1,13.6,-21.4
8.80,cruise,339.44,10.56,0.238,1,1890.7,363.0,-476.2,-99.5,0.04,-0.23,170,173,-1,14.9,38.0,8.4,12.2,0.13,0.05,0.16,0.00,0.00,0.00,-0.22,-0.08,100,-1,0,7,21.8,-0.30,0.239,0.285,5.45,0,26,0,96.5,313.1,187.0,175.1,0.00,1,11.1,-22.0
8.90,cruise,339.89,10.11,0.250,1,1890.7,363.0,-476.2,-99.5,-0.13,-0.38,171,173,-1,13.5,38.8,8.7,14.6,0.10,-0.01,0.23,0.00,0.00,0.00,-0.40,0.07,100,-1,0,5,22.4,-0.36,0.252,0.282,5.14,0,26,0,94.6,301.1,187.6,177.5,0.00,1,8.5,-20.8
9.00,cruise,340.51,9.49,0.250,1,1890.7,363.0,-476.2,-99.5,-0.35,-0.53,171,173,-1,12.1,39.8,8.8,16.8,0.05,-0.06,0.29,0.00,0.00,0.00,-0.58,0.27,100,-1,0,2,21.9,-0.39,0.252,0.282,4.83,0,26,0,92.7,288.4,188.0,179.8,0.00,1,6.1,-19.0
9.10,cruise,340.71,9.29,0.259,1,1890.5,362.8,-476.1,-99.4,-1.01,-0.83,171,173,-1,10.6,40.3,8.6,18.7,0.00,-0.07,0.35,0.00,0.00,0.00,-0.77,0.55,100,-1,0,0,18.3,-0.40,0.262,0.282,4.55,0,26,0,90.9,276.2,188.3,181.8,0.00,1,4.0,-14.6
9.20,cruise,341.09,8.91,0.263,1,1890.4,362.7,-476.0,-99.3,-1.32,-0.98,173,181,-1,9.4,41.0,8.5,20.4,-0.05,-0.06,0.39,0.00,0.00,0.00,-0.95,0.90,100,-1,0,-2,15.5,-0.40,0.266,0.295,4.33,0,26,0,89.4,265.9,188.8,183.6,0.00,1,4.6,-13.3
9.30,cruise,341.45,8.55,0.270,1,1890.2,362.6,-475.9,-99.2,-1.71,-1.12,174,181,-1,8.3,41.6,8.5,21.9,-0.08,-0.02,0.44,0.00,0.00,0.00,-1.11,1.21,100,-1,0,-3,12.2,-0.37,0.272,0.298,4.09,0,26,0,88.1,258.5,189.3,185.2,0.00,1,5.9,-12.8
9.40,cruise,341.79,8.21,0.275,1,1890.2,362.6,-475.7,-99.1,-1.71,-1.12,175,181,-1,7.5,42.2,8.8,23.4,-0.09,0.04,0.49,0.00,0.00,0.00,-1.27,1.61,100,-1,0,-4,12.2,-0.33,0.277,0.312,3.88,0,26,0,87.2,254.4,190.0,186.5,0.00,1,5.9,-12.8
9.50,cruise,342.11,7.89,0.281,1,1890.0,362.5,-475.5,-99.0,-2.07,-1.26,176,181,-1,7.0,42.7,9.2,24.9,-0.08,0.08,0.54,0.00,0.00,0.00,-1.41,1.97,100,-1,0,-5,8.6,-0.28,0.283,0.328,3.68,0,26,0,86.6,252.8,190.7,187.5,0.00,1,6.8,-13.2
9.60,cruise,342.40,7.60,0.289,1,1889.5,362.2,-475.3,-98.9,-2.77,-1.63,177,183,-1,6.8,43.1,9.8,26.5,-0.05,0.11,0.59,0.00,0.00,0.00,-1.55,2.34,100,-1,0,-6,1.6,-0.22,0.290,0.337,3.47,0,26,0,86.5,253.3,191.5,188.1,0.00,1,6.0,-16.0
9.70,cruise,342.67,7.33,0.298,1,1889.2,362.0,-475.0,-98.7,-3.21,-1.88,178,183,-1,6.9,43.5,10.5,28.2,-0.02,0.13,0.65,0.00,0.00,0.00,-1.73,2.71,100,-1,0,-6,-1.9,-0.16,0.299,0.343,3.28,0,26,0,86.8,255.3,192.1,188.5,0.00,1,4.2,-17.6
9.80,cruise,342.93,7.07,0.305,1,1889.2,362.0,-474.7,-98.5,-3.21,-1.88,179,183,-1,7.3,43.9,11.1,29.9,0.01,0.13,0.71,0.00,0.00,0.00,-1.95,3.16,100,-1,0,-6,-1.9,-0.09,0.306,0.349,3.13,0,26,0,87.4,258.6,192.6,188.4,0.00,1,4.2,-17.6
9.90,cruise,343.16,6.84,0.314,1,1888.5,361.6,-474.4,-98.3,-4.17,-2.44,179,183,-1,7.9,44.3,11.7,31.8,0.04,0.11,0.77,0.00,0.00,0.00,-2.18,3.62,100,-1,0,-6,-7.5,-0.02,0.314,0.361,2.99,0,26,0,88.4,263.0,192.7,187.9,0.00,1,-2.1,-19.4
10.00,cruise,343.38,6.62,0.324,1,1888.0,361.3,-474.0,-98.1,-4.79,-2.76,179,180,-1,8.7,44.7,12.2,33.6,0.04,0.08,0.83,0.00,0.00,0.00,-2.48,4.15,100,-1,0,-5,-9.8,0.05,0.324,0.363,2.82,0,26,0,89.7,268.5,192.4,187.1,0.00,1,-5.4,-18.8
10.10,cruise,343.60,6.40,0.331,1,1888.0,361.3,-473.5,-97.8,-4.79,-2.76,180,180,-1,9.7,45.0,12.5,35.2,0.03,0.06,0.88,0.00,0.00,0.00,-2.79,4.77,100,-1,0,-4,-9.8,0.12,0.332,0.360,2.72,0,26,0,91.1,275.2,191.8,185.9,0.00,1,-5.4,-18.8
10.20,cruise,343.81,6.19,0.338,1,1886.9,360.7,-473.0,-97.5,-6.15,-3.37,180,180,-1,10.8,45.4,12.7,36.8,0.02,0.03,0.93,0.00,0.00,0.00,-3.12,5.43,100,-1,0,-2,-12.4,0.19,0.338,0.355,2.64,0,26,0,92.6,283.6,190.8,184.3,0.00,1,-11.7,-17.7
10.30,cruise,344.01,5.99,0.345,1,1886.2,360.3,-472.4,-97.2,-6.94,-3.64,180,180,-1,12.0,45.7,12.6,38.2,0.02,-0.01,0.98,0.00,0.00,0.00,-3.40,6.14,100,-1,0,-1,-12.4,0.24,0.346,0.356,2.53,0,26,0,94.2,293.7,189.5,182.6,0.00,1,-14.1,-16.7
10.40,cruise,344.21,5.79,0.352,1,1885.4,359.9,-471.7,-96.8,-7.78,-3.85,179,174,-1,13.2,46.1,12.4,39.5,0.01,-0.04,1.00,0.00,0.00,0.00,-3.74,6.89,100,-1,0,1,-11.4,0.27,0.353,0.372,2.43,0,26,0,95.6,305.4,187.9,180.7,0.00,1,-15.5,-15.7
10.50,cruise,344.40,5.60,0.356,1,1884.6,359.5,-470.9,-96.4,-8.66,-3.99,179,174,-1,14.3,46.5,12.0,40.8,0.01,-0.07,1.00,0.00,0.00,0.00,-4.03,7.68,100,-1,0,3,-9.5,0.29,0.358,0.388,2.37,0,26,0,96.9,318.2,186.2,178.8,0.00,1,-16.1,-14.8
10.60,cruise,344.60,5.40,0.360,1,1884.6,359.5,-470.1,-96.0,-8.66,-3.99,178,174,-1,15.3,46.9,11.4,42.0,0.01,-0.11,1.00,0.00,0.00,0.00,-4.26,8.53,100,-1,0,5,-9.5,0.29,0.362,0.404,2.33,0,26,0,97.9,331.1,184.4,177.1,0.00,1,-16.1,-14.8
10.70,cruise,344.78,5.22,0.365,1,1883.7,359.1,-469.2,-95.6,-9.54,-4.08,178,174,-1,16.0,47.3,10.6,43.1,0.01,-0.13,1.00,0.00,0.00,0.00,-4.43,9.38,100,-1,0,7,-6.8,0.27,0.367,0.419,2.25,0,26,0,98.6,343.2,182.6,175.5,0.00,1,-16.0,-13.7
10.80,cruise,344.95,5.05,0.373,1,1882.6,358.7,-468.1,-95.2,-10.42,-4.09,177,171,-1,16.5,47.7,9.6,44.1,0.00,-0.15,1.00,0.00,0.00,0.00,-4.59,10.20,100,-1,0,8,-3.8,0.23,0.375,0.431,2.12,0,26,0,98.9,353.3,181.1,174.4,0.00,1,-14.4,-12.2
10.90,cruise,345.12,4.88,0.382,1,1881.5,358.3,-467.0,-94.8,-11.34,-4.03,177,171,-1,16.7,48.1,8.7,45.1,0.00,-0.15,1.00,0.00,0.00,0.00,-4.68,11.09,100,-1,0,8,-0.3,0.17,0.382,0.441,1.99,0,26,0,98.8,1.0,179.8,173.7,0.00,1,-11.4,-10.7
11.00,cruise,345.34,4.66,0.388,1,1879.0,357.5,-465.8,-94.4,-13.23,-3.78,176,171,-1,16.7,48.7,7.8,46.0,-0.00,-0.15,1.00,0.00,0.00,0.00,-4.71,11.98,100,-1,0,9,6.7,0.10,0.388,0.448,1.87,0,26,0,98.4,6.3,179.1,173.5,0.00,1,-3.2,-8.6
11.10,cruise,345.41,4.59,0.398,1,1879.0,357.5,-464.5,-94.0,-13.23,-3.78,176,171,-1,16.2,49.1,6.9,46.8,-0.00,-0.15,1.00,0.00,0.00,0.00,-4.71,12.92,100,-1,0,8,6.7,0.03,0.398,0.457,1.75,0,26,0,97.6,9.3,178.7,173.9,0.00,1,-3.2,-8.6
11.20,cruise,345.54,4.46,0.408,1,1877.6,357.2,-463.1,-93.7,-14.15,-3.60,176,173,-1,15.5,49.6,6.1,47.7,-0.00,-0.14,1.00,0.00,0.00,0.00,-4.61,13.85,100,-1,0,7,9.8,-0.05,0.408,0.464,1.62,0,26,0,96.6,9.5,178.9,174.8,0.00,1,1.3,-7.9
11.30,cruise,345.66,4.34,0.417,1,1874.5,356.5,-461.6,-93.3,-16.22,-3.26,176,173,-1,14.5,50.2,5.4,48.5,-0.00,-0.12,1.00,0.00,0.00,0.00,-4.52,14.87,100,-1,0,6,14.4,-0.13,0.417,0.470,1.52,0,26,0,95.2,5.5,179.5,176.2,0.00,1,9.6,-6.7
11.40,cruise,345.78,4.22,0.423,1,1872.8,356.2,-460.0,-93.0,-17.27,-3.12,176,173,-1,13.2,50.8,4.9,49.3,-0.01,-0.11,1.00,0.00,0.00,0.00,-4.44,15.93,100,-1,0,4,15.4,-0.21,0.424,0.472,1.47,0,26,0,93.8,352.4,180.5,177.9,0.00,1,13.7,-6.5
11.50,cruise,345.89,4.11,0.430,1,1872.8,356.2,-458.3,-92.7,-17.27,-3.12,176,173,-1,11.8,51.4,4.6,50.0,-0.01,-0.08,1.00,0.00,0.00,0.00,-4.37,17.00,100,-1,0,2,15.4,-0.27,0.432,0.468,1.42,0,26,0,92.2,318.9,182.0,180.1,0.00,1,13.7,-6.5
11.60,cruise,346.00,4.00,0.436,1,1871.0,355.9,-456.5,-92.4,-18.41,-3.00,176,179,-1,10.5,51.9,4.8,50.8,0.00,-0.04,1.00,0.00,0.00,0.00,-4.16,18.19,100,-1,0,-0,15.1,-0.30,0.439,0.458,1.39,0,26,0,90.8,281.5,183.9,182.5,0.00,1,18.3,-6.6
11.70,cruise,346.11,3.89,0.445,1,1867.1,355.3,-454.6,-92.1,-20.70,-2.99,177,179,-1,9.2,52.5,5.6,51.7,0.02,-0.00,1.00,0.00,0.00,0.00,-4.03,19.32,100,-1,0,-3,11.3,-0.30,0.447,0.454,1.36,0,26,0,89.5,265.7,186.2,185.2,0.00,1,25.5,-7.3
11.80,cruise,346.21,3.79,0.454,1,1867.1,355.3,-452.6,-91.8,-20.70,-2.99,177,179,-1,8.2,53.0,7.0,52.6,0.02,0.04,1.00,0.00,0.00,0.00,-3.98,20.53,100,-1,0,-6,11.3,-0.30,0.456,0.485,1.34,0,26,0,88.6,260.9,188.8,187.9,0.00,1,25.5,-7.3
11.90,cruise,346.30,3.70,0.465,1,1862.6,354.7,-450.4,-91.5,-23.07,-3.37,178,179,-1,7.6,53.5,9.0,53.5,0.03,0.08,1.00,0.00,0.00,0.00,-4.04,21.73,100,-1,0,-8,3.0,-0.30,0.468,0.517,1.30,0,26,0,88.0,260.5,191.6,190.4,0.00,1,27.8,-6.1
12.00,cruise,346.39,3.61,0.480,1,1860.2,354.3,-448.1,-91.2,-24.35,-3.77,178,182,-1,7.5,54.0,11.7,54.3,0.02,0.12,1.00,0.00,0.00,0.00,-4.12,22.95,100,-1,0,-11,-2.0,-0.28,0.482,0.547,1.23,0,26,0,88.0,262.1,194.4,192.8,0.00,1,27.0,-5.0
12.10,cruise,346.48,3.52,0.496,1,1857.7,353.9,-445.7,-90.8,-25.58,-4.30,179,182,-1,8.1,54.6,14.9,55.1,0.01,0.14,1.00,0.00,0.00,0.00,-4.37,24.25,100,-1,0,-13,-7.3,-0.22,0.497,0.575,1.18,0,26,0,88.4,264.8,197.0,194.8,0.00,1,24.6,-3.9
12.20,cruise,346.57,3.43,0.513,1,1857.7,353.9,-443.2,-90.4,-25.58,-4.30,179,182,-1,9.4,55.0,18.6,55.7,-0.00,0.17,1.00,0.00,0.00,0.00,-4.75,25.50,100,-1,0,-14,-7.3,-0.14,0.514,0.600,1.12,0,26,0,89.4,268.2,199.4,196.3,0.00,1,24.6,-3.9
12.30,cruise,346.66,3.34,0.532,1,1855.1,353.4,-440.6,-89.9,-26.89,-4.94,179,182,-1,11.4,55.5,22.5,56.1,-0.02,0.18,1.00,0.00,0.00,0.00,-5.26,26.83,100,-1,0,-15,-12.8,-0.05,0.532,0.639,1.08,0,26,0,90.9,272.3,201.4,197.1,0.00,1,20.8,-2.7
12.40,cruise,346.75,3.25,0.551,1,1849.3,352.2,-437.8,-89.3,-29.53,-6.61,179,177,-1,14.0,56.0,26.4,56.3,-0.04,0.18,1.00,0.00,0.00,0.00,-6.15,28.13,100,-1,0,-15,-22.3,0.05,0.551,0.673,1.04,0,26,0,92.9,276.9,202.8,197.2,0.00,1,8.4,-2.1
12.50,cruise,346.85,3.15,0.567,1,1846.3,351.5,-434.8,-88.7,-30.85,-7.59,179,177,-1,17.3,56.4,29.8,56.3,-0.07,0.17,1.00,0.00,0.00,0.00,-7.12,29.41,100,-1,0,-14,-25.7,0.16,0.568,0.704,1.02,0,26,0,95.3,282.1,203.5,196.4,0.00,1,0.4,-2.3
12.60,cruise,346.96,3.04,0.576,1,1846.3,351.5,-431.8,-88.0,-30.85,-7.59,179,177,-1,20.8,56.8,32.7,56.0,-0.10,0.15,1.00,0.00,0.00,0.00,-8.19,30.70,100,-1,0,-13,-25.7,0.26,0.578,0.722,1.04,0,26,0,98.0,288.1,203.4,194.7,0.00,1,0.4,-2.3
12.70,cruise,347.08,2.92,0.576,1,1843.1,350.6,-428.6,-87.1,-32.26,-8.61,179,177,-1,24.5,57.1,34.7,55.5,-0.13,0.11,1.00,0.00,0.00,0.00,-9.31,32.06,100,-1,0,-10,-27.2,0.30,0.579,0.719,1.10,0,26,0,100.9,294.9,202.5,192.2,0.00,1,-8.1,-3.7
12.80,cruise,347.22,2.78,0.600,1,1836.3,348.7,-425.3,-86.2,-35.16,-10.57,178,166,-1,28.0,57.5,35.8,55.0,-0.14,0.07,1.00,0.00,0.00,0.00,-10.98,33.24,100,-1,0,-7,-24.1,0.30,0.603,0.726,1.20,0,26,0,103.6,302.6,200.7,189.0,0.00,1,-24.2,-9.3
12.90,cruise,347.37,2.63,0.600,1,1832.7,347.5,-421.8,-85.2,-36.56,-11.40,177,166,-1,31.1,57.9,36.1,54.6,-0.13,0.02,1.00,0.00,0.00,0.00,-12.56,34.50,100,-1,0,-3,-19.8,0.30,0.603,0.696,1.33,0,26,0,106.0,311.4,198.0,185.2,0.00,1,-30.3,-14.1
13.00,cruise,347.53,2.47,0.600,1,1832.7,347.5,-418.2,-84.0,-36.56,-11.40,176,166,-1,33.6,58.4,35.7,54.6,-0.10,-0.02,1.00,0.00,0.00,0.00,-13.97,35.66,100,-1,0,1,-19.8,0.30,0.603,0.675,1.51,0,26,0,108.0,321.3,194.6,181.3,0.00,1,-30.3,-14.1
13.10,cruise,347.70,2.30,0.600,1,1828.9,346.3,-414.4,-82.8,-38.14,-12.12,175,166,-1,35.5,58.9,34.8,55.3,-0.04,-0.05,1.00,0.00,0.00,0.00,-15.21,37.02,100,-1,0,5,-14.4,0.30,0.603,0.658,1.81,0,26,0,109.5,332.5,190.5,177.3,0.00,1,-34.5,-20.0
13.20,cruise,347.87,2.13,0.600,1,1820.9,343.8,-410.5,-81.6,-41.44,-12.88,174,160,-1,36.9,59.6,33.8,56.7,0.03,-0.06,1.00,0.00,0.00,0.00,-16.52,38.31,100,-1,0,8,-3.1,0.30,0.603,0.657,2.12,0,26,0,110.4,344.6,185.9,173.7,0.00,1,-36.6,-30.9
13.30,cruise,348.05,1.95,0.600,1,1816.6,342.5,-406.4,-80.3,-43.20,-12.91,174,160,-1,37.8,60.4,32.6,58.8,0.10,-0.07,1.00,0.00,0.00,0.00,-17.47,39.72,100,-1,0,12,2.7,0.30,0.603,0.704,2.39,0,26,0,110.7,357.3,181.0,170.3,0.00,1,-36.1,-33.6
13.40,cruise,348.22,1.78,0.600,1,1816.6,342.5,-402.1,-79.0,-43.20,-12.91,173,160,-1,38.1,61.3,31.1,61.3,0.15,-0.08,1.00,0.00,0.00,0.00,-18.08,41.30,100,-1,0,15,2.7,0.24,0.602,0.742,2.60,0,26,0,110.2,10.3,176.2,167.2,0.00,1,-36.1,-33.6
13.50,cruise,348.40,1.60,0.600,1,1807.5,340.0,-397.6,-77.7,-46.71,-12.26,173,160,-1,37.7,62.2,29.0,63.8,0.19,-0.09,1.00,0.00,0.00,0.00,-18.31,42.98,100,-1,0,17,14.6,0.18,0.601,0.767,2.67,0,26,0,109.0,23.2,171.6,164.6,0.00,1,-32.9,-29.9
13.60,cruise,348.56,1.44,0.600,1,1802.7,338.8,-393.0,-76.5,-48.56,-11.61,173,163,-1,36.5,63.2,25.5,66.2,0.18,-0.11,1.00,0.00,0.00,0.00,-18.05,44.80,100,-1,0,20,20.6,0.10,0.600,0.777,2.60,0,26,0,107.1,35.6,167.6,162.3,0.00,1,-29.8,-23.7
13.70,brake,348.72,1.28,0.509,1,1797.7,337.7,0.0,0.0,-50.32,-10.81,173,163,-1,30.5,57.2,20.0,68.1,0.33,-0.20,1.00,0.00,0.00,0.00,-17.53,46.75,100,-1,0,22,26.1,0.02,0.509,0.719,2.37,0,26,0,104.6,47.4,164.2,160.4,0.00,1,-26.3,-16.3
13.80,brake,348.87,1.13,0.520,1,1797.7,337.7,0.0,0.0,-50.32,-10.81,173,163,-1,24.5,51.2,12.0,69.4,0.35,-0.23,1.00,0.00,0.00,0.00,-16.80,48.65,100,-1,0,23,26.1,-0.06,0.520,0.754,2.02,0,26,0,101.6,58.4,161.6,159.0,0.00,1,-26.3,-16.3
13.90,brake,348.99,1.01,0.538,1,1787.2,335.8,0.0,0.0,-53.35,-8.95,173,163,-1,18.5,45.2,2.0,69.9,0.34,-0.27,1.00,0.00,0.00,0.00,-15.98,50.41,100,-1,0,24,32.2,-0.12,0.539,0.781,1.55,0,26,0,98.5,68.2,159.6,158.1,0.00,1,-16.3,2.7
14.00,brake,349.11,0.89,0.567,1,1787.2,335.8,0.0,0.0,-53.35,-8.95,174,174,-1,12.5,39.2,-8.1,69.3,0.26,-0.29,1.00,0.00,0.00,0.00,-14.54,52.10,100,-1,0,24,32.2,-0.16,0.568,0.790,0.91,0,26,0,95.5,76.4,158.3,157.9,0.00,1,-16.3,2.7
14.10,brake,349.16,0.84,0.599,1,1776.2,334.3,0.0,0.0,-56.16,-6.72,175,174,-1,6.5,33.2,-15.7,67.4,0.13,-0.29,1.00,0.00,0.00,0.00,-13.09,53.75,100,-1,0,23,32.3,-0.19,0.600,0.772,0.23,0,26,0,93.0,82.7,157.9,158.6,0.00,1,1.5,28.0
14.20,brake,349.24,0.76,0.630,1,1776.2,334.3,0.0,0.0,-56.16,-6.72,175,174,-1,0.5,27.2,-19.7,64.1,-0.03,-0.26,1.00,0.00,0.00,0.00,-11.66,55.35,100,-1,0,22,32.3,-0.21,0.632,0.748,-0.40,0,26,0,91.0,87.4,158.5,160.3,0.00,1,1.5,28.0
14.30,brake,349.31,0.69,0.583,1,1770.5,333.7,0.0,0.0,-57.61,-5.50,175,174,-1,-5.5,21.2,-20.4,59.3,-0.20,-0.17,1.00,0.00,0.00,0.00,-10.28,56.95,100,-1,0,19,30.1,-0.22,0.585,0.733,-0.88,0,26,0,89.7,90.8,160.1,163.1,0.00,1,12.6,39.9
14.40,brake,349.44,0.56,0.515,1,1764.6,333.2,0.0,0.0,-59.15,-4.26,176,181,-1,-11.5,15.2,-18.7,53.7,-0.32,-0.01,1.00,0.00,0.00,0.00,-8.33,58.72,100,-1,0,15,26.5,-0.23,0.516,0.651,-1.08,0,26,0,88.8,93.7,162.7,166.8,0.00,1,24.4,48.3
14.50,brake,349.53,0.47,0.450,1,1758.6,332.9,0.0,0.0,-60.51,-3.13,177,181,-1,-17.5,9.2,-15.4,47.8,-0.35,0.19,1.00,0.00,0.00,0.00,-6.54,60.24,100,-1,0,11,21.5,-0.21,0.451,0.670,-0.97,0,26,0,88.3,97.1,166.4,171.1,0.00,1,35.5,51.0
14.60,brake,349.66,0.34,0.394,1,1746.3,332.5,0.0,0.0,-62.18,-1.81,177,181,-1,-22.9,3.2,-11.4,42.5,-0.27,0.40,1.00,0.00,0.00,0.00,-5.12,61.35,100,-1,0,7,10.8,-0.18,0.395,0.665,-0.69,0,26,0,87.8,102.9,170.5,175.2,0.00,1,43.6,40.2
14.70,brake,349.79,0.21,0.349,1,1740.0,332.3,0.0,0.0,-62.53,-1.63,178,181,-1,-18.8,-2.8,-7.4,38.3,-0.08,0.46,0.96,0.00,0.00,0.00,-4.08,62.08,100,-1,0,3,6.9,-0.15,0.350,0.564,-0.33,0,26,0,87.4,116.2,174.7,178.8,0.00,1,38.6,31.3
14.80,brake,349.90,0.10,0.316,1,1740.0,332.3,0.0,0.0,-62.53,-1.63,179,183,-1,-15.3,-8.8,-4.0,35.1,0.11,0.44,0.84,0.00,0.00,0.00,-3.15,62.48,100,-1,0,1,6.9,-0.13,0.317,0.535,-0.02,0,26,0,86.9,148.8,178.2,181.4,0.00,1,38.6,31.3
14.90,brake,350.00,-0.00,0.295,1,1727.5,331.9,0.0,0.0,-62.80,-1.85,179,183,-1,-12.9,-14.8,-1.5,32.6,0.24,0.36,0.76,0.00,0.00,0.00,-2.55,62.68,100,-1,0,-1,3.0,-0.11,0.295,0.536,0.16,0,26,0,86.6,190.8,180.7,183.2,0.00,1,17.8,23.1
15.00,brake,350.09,-0.09,0.283,1,1727.5,331.9,0.0,0.0,-62.80,-1.85,180,183,-1,-11.3,-20.8,-0.2,30.3,0.29,0.25,0.68,0.00,0.00,0.00,-2.16,62.79,100,-1,0,-2,3.0,-0.11,0.283,0.498,0.20,0,26,0,86.2,207.8,182.0,184.3,0.00,1,17.8,23.1
15.10,brake,350.19,-0.19,0.277,1,1714.9,331.5,0.0,0.0,-62.84,-2.31,180,183,-1,-10.5,-26.8,-0.0,27.7,0.28,0.12,0.59,0.00,0.00,0.00,-1.89,62.85,100,-1,0,-3,3.1,-0.11,0.277,0.434,0.12,0,26,0,85.8,207.6,182.2,184.7,0.00,1,-3.1,29.6
15.20,brake,350.28,-0.28,0.272,1,1714.9,331.5,0.0,0.0,-62.84,-2.31,181,185,-1,-10.3,-32.8,-0.6,24.6,0.21,0.00,0.49,0.00,0.00,0.00,-1.47,62.87,100,-1,0,-3,3.1,-0.12,0.272,0.357,0.02,0,26,0,85.4,197.6,181.5,184.8,0.00,1,-3.1,29.6
15.30,brake,350.37,-0.37,0.271,1,1702.4,331.0,0.0,0.0,-62.71,-2.60,181,185,-1,-10.4,-38.8,-1.9,20.8,0.11,-0.09,0.36,0.00,0.00,0.00,-1.07,62.79,100,-1,0,-3,4.2,-0.13,0.271,0.353,-0.15,0,26,0,85.0,180.5,180.0,184.7,0.00,1,-13.6,42.2
15.40,brake,350.45,-0.45,0.270,1,1702.4,331.0,0.0,0.0,-62.71,-2.60,182,185,-1,-10.6,-44.5,-3.3,16.5,0.00,-0.16,0.23,0.00,0.00,0.00,-0.68,62.76,100,-1,0,-3,4.2,-0.14,0.271,0.334,-0.31,0,26,0,84.6,161.9,178.2,184.6,0.00,1,-13.6,42.2
15.50,brake,350.52,-0.52,0.273,1,1689.9,330.5,0.0,0.0,-62.36,-2.58,182,185,-1,-10.8,-44.5,-4.9,11.6,-0.13,-0.18,0.08,0.00,0.00,0.00,-0.27,62.63,100,-1,0,-3,4.9,-0.15,0.273,0.396,-0.48,0,26,0,84.4,146.7,176.3,184.8,0.00,1,-13.9,51.1
15.60,brake,350.59,-0.59,0.273,1,1683.7,330.3,0.0,0.0,-62.01,-2.44,183,186,-1,-10.8,-44.5,-6.2,6.4,-0.22,-0.17,0.00,0.00,0.00,0.00,0.36,62.41,100,-1,0,-3,4.6,-0.16,0.274,0.430,-0.58,0,26,0,84.3,135.8,174.4,185.0,0.00,1,-11.6,51.8
15.70,brake,350.60,-0.60,0.275,1,1683.7,330.3,0.0,0.0,-62.01,-2.44,183,186,-1,-10.8,-44.5,-7.3,1.2,-0.25,-0.14,0.00,0.00,0.00,0.00,0.98,62.05,100,-1,0,-3,4.6,-0.16,0.276,0.432,-0.63,0,26,0,84.4,128.0,172.9,185.4,0.00,1,-11.6,51.8
15.80,brake,350.60,-0.60,0.282,1,1677.5,330.0,0.0,0.0,-61.48,-2.26,184,186,-1,-10.7,-44.5,-8.0,-3.6,-0.22,-0.10,0.00,0.00,0.00,0.00,1.54,61.50,100,-1,0,-4,4.1,-0.16,0.282,0.413,-0.72,0,26,0,84.6,122.6,171.7,185.8,0.00,1,-8.3,49.2
15.90,brake,350.58,-0.58,0.290,1,1665.4,329.6,0.0,0.0,-60.12,-1.80,184,186,-1,-10.6,-44.5,-8.4,-7.9,-0.16,-0.06,0.05,0.00,0.00,0.00,2.07,60.82,100,-1,0,-4,1.9,-0.15,0.291,0.378,-0.82,0,26,0,85.0,118.7,170.9,186.2,0.00,1,-1.3,38.1
16.00,brake,350.53,-0.53,0.300,1,1659.4,329.5,0.0,0.0,-59.28,-1.54,184,185,-1,-10.5,-44.5,-8.5,-11.6,-0.08,-0.01,0.14,0.00,0.00,0.00,2.37,60.10,100,-1,0,-4,0.5,-0.12,0.300,0.340,-0.91,0,26,0,85.4,115.7,170.5,186.3,0.00,1,1.1,32.4
16.10,brake,350.46,-0.46,0.308,1,1659.4,329.5,0.0,0.0,-59.28,-1.54,184,185,-1,-10.5,-44.5,-8.5,-14.7,-0.01,0.01,0.23,0.00,0.00,0.00,2.65,59.24,100,-1,0,-4,0.5,-0.10,0.309,0.317,-0.95,0,26,0,85.9,112.9,170.4,186.3,0.00,1,1.1,32.4
16.20,brake,350.39,-0.39,0.316,1,1647.8,329.2,0.0,0.0,-57.48,-1.02,184,185,-1,-10.5,-44.5,-8.3,-17.3,0.05,0.03,0.30,0.00,0.00,0.00,2.92,58.34,100,-1,0,-4,-2.7,-0.06,0.316,0.348,-0.96,0,26,0,86.5,110.2,170.6,186.1,0.00,1,4.2,24.2
16.30,brake,350.31,-0.31,0.324,1,1647.8,329.2,0.0,0.0,-57.48,-1.02,184,185,-1,-10.7,-44.5,-8.1,-19.7,0.08,0.04,0.37,0.00,0.00,0.00,3.14,57.40,100,-1,0,-4,-2.7,-0.02,0.324,0.374,-0.98,0,26,0,87.2,106.9,170.9,185.6,0.00,1,4.2,24.2
16.40,brake,350.22,-0.22,0.332,1,1636.5,329.1,0.0,0.0,-55.55,-0.59,184,182,-1,-11.1,-44.4,-8.0,-21.8,0.09,0.03,0.43,0.00,0.00,0.00,2.95,56.49,100,-1,0,-3,-5.5,0.02,0.332,0.383,-0.98,0,26,0,88.0,102.7,171.2,185.1,0.00,1,3.9,22.4
16.50,brake,350.14,-0.14,0.337,1,1631.0,329.0,0.0,0.0,-54.54,-0.40,184,182,-1,-11.5,-44.4,-8.0,-24.0,0.08,0.02,0.50,0.00,0.00,0.00,2.81,55.48,100,-1,0,-2,-6.2,0.06,0.337,0.378,-0.92,0,26,0,88.9,97.2,171.5,184.4,0.00,1,3.4,23.2
16.60,brake,350.06,-0.06,0.341,1,1631.0,329.0,0.0,0.0,-54.54,-0.40,183,182,-1,-12.0,-44.3,-8.1,-26.3,0.05,0.01,0.57,0.00,0.00,0.00,2.70,54.47,100,-1,0,-2,-6.2,0.09,0.341,0.364,-0.82,0,26,0,89.9,90.7,171.9,183.7,0.00,1,3.4,23.2
16.70,brake,349.99,0.01,0.346,1,1625.7,329.0,0.0,0.0,-53.48,-0.23,183,182,-1,-12.5,-44.3,-8.3,-28.7,0.00,0.00,0.65,0.00,0.00,0.00,2.60,53.42,100,-1,0,-1,-6.3,0.11,0.346,0.347,-0.73,0,26,0,90.9,83.7,172.1,183.0,0.00,1,2.8,24.8
16.80,brake,349.93,0.07,0.353,1,1615.2,329.0,0.0,0.0,-51.33,0.09,182,178,-1,-13.0,-44.2,-8.7,-31.4,-0.05,-0.01,0.74,0.00,0.00,0.00,2.08,52.43,100,-1,0,-0,-4.8,0.11,0.353,0.378,-0.65,0,26,0,91.8,76.8,172.4,182.4,0.00,1,1.3,28.1
16.90,brake,349.86,0.14,0.361,1,1610.2,329.0,0.0,0.0,-50.14,0.26,182,178,-1,-13.3,-44.2,-9.1,-34.1,-0.10,-0.02,0.83,0.00,0.00,0.00,1.67,51.30,100,-1,0,0,-3.3,0.10,0.361,0.407,-0.56,0,26,0,92.6,70.6,172.6,182.0,0.00,1,1.0,28.3
17.00,brake,349.80,0.20,0.370,1,1605.3,329.1,0.0,0.0,-48.87,0.44,181,178,-1,-13.5,-44.1,-9.6,-36.9,-0.13,-0.01,0.92,0.00,0.00,0.00,1.38,50.12,100,-1,0,0,-1.9,0.07,0.370,0.427,-0.46,0,26,0,93.3,65.5,172.8,181.7,0.00,1,1.5,27.1
17.10,brake,349.74,0.26,0.384,1,1605.3,329.1,0.0,0.0,-48.87,0.44,181,178,-1,-13.6,-44.1,-9.9,-39.5,-0.14,0.00,1.00,0.00,0.00,0.00,1.19,48.85,100,-1,0,1,-1.9,0.05,0.384,0.441,-0.45,0,26,0,93.8,61.2,173.2,181.4,0.00,1,1.5,27.1
17.20,brake,349.68,0.32,0.400,1,1595.8,329.2,0.0,0.0,-46.14,0.79,180,176,-1,-13.6,-44.1,-10.0,-41.8,-0.13,0.01,1.00,0.00,0.00,0.00,0.85,47.55,100,-1,0,1,0.5,0.03,0.400,0.458,-0.48,0,26,0,94.1,57.9,173.5,181.3,0.00,1,2.4,20.3
17.30,brake,349.60,0.40,0.416,1,1595.8,329.2,0.0,0.0,-46.14,0.79,180,176,-1,-13.4,-44.2,-10.0,-43.7,-0.10,0.03,1.00,0.00,0.00,0.00,0.63,46.15,100,-1,0,1,0.5,0.01,0.416,0.466,-0.53,0,26,0,94.2,55.4,173.9,181.2,0.00,1,2.4,20.3
17.40,brake,349.53,0.47,0.432,1,1587.0,329.4,0.0,0.0,-43.02,1.11,179,176,-1,-13.3,-44.2,-9.9,-45.3,-0.07,0.03,1.00,0.00,0.00,0.00,0.48,44.61,100,-1,0,1,1.7,-0.01,0.432,0.472,-0.59,0,26,0,94.2,53.6,174.3,181.1,0.00,1,2.5,12.6
17.50,brake,349.45,0.55,0.445,1,1582.8,329.5,0.0,0.0,-41.35,1.25,179,176,-1,-13.1,-44.2,-9.7,-46.4,-0.03,0.04,1.00,0.00,0.00,0.00,0.41,43.03,100,-1,0,1,2.3,-0.01,0.445,0.475,-0.63,0,26,0,94.1,52.5,174.6,181.0,0.00,1,1.9,9.0
17.60,brake,349.38,0.62,0.456,1,1582.8,329.5,0.0,0.0,-41.35,1.25,179,176,-1,-12.8,-44.2,-9.4,-47.2,0.01,0.04,1.00,0.00,0.00,0.00,0.39,41.37,100,-1,0,1,2.3,-0.03,0.456,0.477,-0.65,0,26,0,94.0,52.5,174.8,181.1,0.00,1,1.9,9.0
17.70,brake,349.31,0.69,0.461,1,1578.8,329.6,0.0,0.0,-39.68,1.37,179,176,-1,-12.6,-44.3,-9.2,-47.8,0.04,0.04,1.00,0.00,0.00,0.00,0.39,39.70,100,-1,0,1,2.5,-0.03,0.461,0.492,-0.61,0,26,0,93.8,53.7,174.9,181.3,0.00,1,0.4,5.8
17.80,brake,349.26,0.74,0.462,1,1575.0,329.8,0.0,0.0,-37.92,1.49,178,176,-1,-12.4,-44.3,-9.3,-48.2,0.06,0.02,1.00,0.00,0.00,0.00,0.43,37.95,100,-1,0,0,2.3,-0.04,0.462,0.494,-0.52,0,26,0,93.6,56.1,174.7,181.6,0.00,1,-1.4,3.7
17.90,brake,349.22,0.78,0.462,1,1567.8,330.1,0.0,0.0,-34.41,1.72,178,176,-1,-12.2,-44.3,-9.5,-48.5,0.06,0.00,1.00,0.00,0.00,0.00,0.49,36.20,100,-1,0,0,1.4,-0.04,0.462,0.486,-0.40,0,26,0,93.4,59.1,174.3,182.0,0.00,1,-5.2,3.4
18.00,brake,349.19,0.81,0.462,1,1564.5,330.3,0.0,0.0,-32.74,1.87,178,177,-1,-12.0,-44.3,-10.0,-48.9,0.03,-0.01,1.00,0.00,0.00,0.00,0.62,34.45,100,-1,0,-0,0.8,-0.04,0.462,0.481,-0.28,0,26,0,93.3,61.9,173.8,182.5,0.00,1,-6.3,5.0
18.10,brake,349.17,0.83,0.461,1,1564.5,330.3,0.0,0.0,-32.74,1.87,178,177,-1,-11.9,-44.3,-10.7,-49.6,-0.00,-0.03,1.00,0.00,0.00,0.00,0.79,32.78,100,-1,0,-1,0.8,-0.04,0.461,0.475,-0.13,0,26,0,93.3,64.2,173.1,183.1,0.00,1,-6.3,5.0
18.20,brake,349.16,0.84,0.462,1,1558.4,330.7,0.0,0.0,-29.31,2.27,178,177,-1,-11.8,-44.4,-11.5,-50.4,-0.05,-0.05,1.00,0.00,0.00,0.00,1.02,31.12,100,-1,0,-2,-0.2,-0.04,0.462,0.501,0.03,0,26,0,93.4,65.7,172.5,183.6,0.00,1,-7.1,8.6
18.30,brake,349.17,0.83,0.466,1,1558.4,330.7,0.0,0.0,-29.31,2.27,178,177,-1,-11.8,-44.4,-12.5,-51.3,-0.08,-0.06,1.00,0.00,0.00,0.00,1.27,29.37,100,-1,0,-2,-0.2,-0.04,0.466,0.522,0.16,0,26,0,93.6,66.5,171.8,184.1,0.00,1,-7.1,8.6
18.40,brake,349.17,0.83,0.472,1,1552.9,331.2,0.0,0.0,-25.97,2.79,178,176,-1,-11.9,-44.4,-13.4,-52.2,-0.09,-0.06,1.00,0.00,0.00,0.00,1.54,27.71,100,-1,0,-3,-1.2,-0.03,0.472,0.535,0.23,0,26,0,93.8,66.5,171.3,184.5,0.00,1,-5.3,7.6
18.50,brake,349.18,0.82,0.481,1,1552.9,331.2,0.0,0.0,-25.97,2.79,178,176,-1,-12.0,-44.3,-14.3,-53.0,-0.08,-0.06,1.00,0.00,0.00,0.00,1.85,26.06,100,-1,0,-3,-1.2,-0.03,0.481,0.540,0.24,0,26,0,94.0,66.4,170.8,184.9,0.00,1,-5.3,7.6
18.60,brake,349.20,0.80,0.487,1,1550.5,331.5,0.0,0.0,-24.21,3.11,178,176,-1,-12.1,-44.3,-15.0,-53.5,-0.05,-0.06,1.00,0.00,0.00,0.00,2.22,24.31,100,-1,0,-3,-1.5,-0.03,0.487,0.531,0.25,0,26,0,94.3,66.0,170.5,185.1,0.00,1,-4.2,5.3
18.70,brake,349.22,0.78,0.488,1,1548.2,331.9,0.0,0.0,-22.37,3.45,178,176,-1,-12.3,-44.3,-15.5,-53.6,-0.01,-0.05,1.00,0.00,0.00,0.00,2.62,22.48,100,-1,0,-3,-1.9,-0.02,0.488,0.511,0.26,0,26,0,94.5,65.2,170.3,185.1,0.00,1,-2.2,2.1
18.80,brake,349.25,0.75,0.486,1,1546.1,332.3,0.0,0.0,-20.61,3.82,178,175,-1,-12.5,-44.3,-15.7,-53.5,0.03,-0.03,1.00,0.00,0.00,0.00,3.01,20.74,100,-1,0,-3,-2.2,-0.01,0.486,0.510,0.27,0,26,0,94.7,64.0,170.4,184.9,0.00,1,0.1,-0.4
18.90,brake,349.28,0.72,0.483,1,1542.4,333.1,0.0,0.0,-17.09,4.53,178,175,-1,-12.7,-44.3,-15.6,-53.1,0.06,-0.02,1.00,0.00,0.00,0.00,3.41,18.92,100,-1,0,-3,-2.7,0.00,0.483,0.514,0.26,0,26,0,94.9,62.5,170.6,184.5,0.00,1,4.1,-3.7
19.00,brake,349.33,0.67,0.476,1,1540.8,333.6,0.0,0.0,-15.38,4.83,178,175,-1,-13.0,-44.2,-15.4,-52.7,0.08,-0.00,1.00,0.00,0.00,0.00,3.80,17.27,100,-1,0,-2,-3.1,0.01,0.476,0.509,0.27,0,26,0,95.1,60.4,171.0,184.0,0.00,1,5.5,-3.4
19.10,brake,349.35,0.65,0.469,1,1540.8,333.6,0.0,0.0,-15.38,4.83,177,175,-1,-11.9,-40.7,-15.1,-52.3,0.02,-0.01,1.00,0.00,0.00,0.00,4.16,15.58,100,-1,0,-1,-3.1,0.04,0.469,0.482,0.30,0,26,0,95.4,57.5,171.6,183.4,0.00,1,5.5,-3.4
19.20,brake,349.39,0.61,0.463,1,1539.4,334.1,0.0,0.0,-13.75,5.11,177,174,-1,-10.4,-35.7,-14.9,-52.0,-0.07,-0.02,1.00,0.00,0.00,0.00,4.46,13.98,100,-1,0,-1,-3.4,0.06,0.463,0.501,0.34,0,26,0,95.7,54.0,172.2,182.7,0.00,1,6.1,-1.9
19.30,brake,349.44,0.56,0.458,1,1537.0,335.2,0.0,0.0,-10.63,5.56,177,174,-1,-9.1,-31.0,-14.7,-52.0,-0.17,-0.04,1.00,0.00,0.00,0.00,4.75,12.46,100,-1,0,0,-3.2,0.07,0.458,0.542,0.40,0,26,0,96.0,50.1,172.8,181.9,0.00,1,6.4,1.0
19.40,brake,349.49,0.51,0.452,1,1537.0,335.2,0.0,0.0,-10.63,5.56,177,174,-1,-7.8,-26.3,-14.4,-51.9,-0.25,-0.04,1.00,0.00,0.00,0.00,5.01,10.90,100,-1,0,1,-3.2,0.08,0.452,0.570,0.47,0,26,0,96.3,45.9,173.5,181.2,0.00,1,6.4,1.0
19.50,hold,349.54,0.46,0.250,1,1536.1,335.7,-121.6,-72.2,-9.05,5.76,177,174,-1,-1.8,-20.3,-13.9,-51.6,-0.30,-0.08,1.00,0.00,0.00,0.00,5.27,9.34,100,-1,0,2,-2.5,0.09,0.250,0.403,0.50,0,26,0,96.6,41.5,174.2,180.5,0.00,0,7.1,-0.9
19.60,hold,349.60,0.40,0.250,1,1535.3,336.3,-120.8,-72.8,-7.43,5.92,177,173,-1,4.2,-14.3,-12.9,-50.8,-0.30,-0.11,1.00,0.00,0.00,0.00,5.50,7.74,100,-1,0,0,-1.5,0.03,0.250,0.415,0.49,0,26,0,96.6,37.4,175.0,179.7,0.00,0,8.4,-5.5
19.70,hold,349.64,0.36,0.250,1,1534.1,337.5,-120.2,-73.4,-5.23,6.08,177,173,-1,10.2,-8.3,-11.6,-49.3,-0.26,-0.14,1.00,0.00,0.00,0.00,5.66,6.45,100,-1,0,0,0.6,0.01,0.250,0.411,0.26,0,26,0,96.6,37.4,175.0,179.7,0.00,0,11.6,-19.0
19.80,hold,349.63,0.37,0.268,1,1534.1,337.5,-119.6,-74.0,-5.23,6.08,176,173,-1,16.2,-2.3,-9.9,-47.1,-0.20,-0.16,1.00,0.00,0.00,0.00,5.74,5.59,100,-1,0,1,0.6,-0.00,0.268,0.415,-0.29,0,26,0,96.6,37.4,175.0,179.7,0.00,0,11.6,-19.0
19.90,hold,349.57,0.43,0.299,1,1533.7,338.1,-119.2,-74.6,-4.35,6.12,176,173,-1,20.5,3.7,-7.7,-44.3,-0.14,-0.17,1.00,0.00,0.00,0.00,5.83,4.74,100,-1,0,1,1.3,-0.01,0.299,0.421,-0.84,0,26,0,96.6,37.4,175.0,179.7,0.00,0,14.6,-25.7
20.00,hold,349.46,0.54,0.328,1,1533.0,339.4,-118.8,-75.3,-2.68,6.17,176,174,-1,20.7,9.7,-5.3,-40.8,-0.08,-0.12,1.00,0.00,0.00,0.00,5.91,3.92,100,-1,0,1,2.7,-0.02,0.328,0.410,-1.32,0,26,0,95.7,3.9,179.6,176.0,0.00,0,21.9,-38.1
20.10,hold,349.32,0.68,0.356,1,1533.0,339.4,-118.5,-75.9,-2.68,6.17,176,174,-1,20.8,15.7,-2.6,-36.8,-0.02,-0.05,0.89,0.00,0.00,0.00,5.98,3.10,100,-1,0,1,2.7,-0.04,0.356,0.382,-1.70,0,26,0,95.7,3.9,179.6,176.0,0.00,0,21.9,-38.1
20.20,hold,349.14,0.86,0.375,1,1532.8,340.0,-118.3,-76.5,-1.80,6.17,176,174,-1,20.9,20.7,0.5,-32.4,0.05,0.04,0.75,0.00,0.00,0.00,6.03,2.23,100,-1,0,1,3.5,-0.05,0.375,0.411,-1.92,0,26,0,95.7,3.9,179.6,176.0,0.00,0,26.0,-42.7
20.30,hold,348.95,1.05,0.386,1,1532.7,341.2,-118.2,-77.1,-0.18,6.00,176,174,-1,21.0,20.8,3.7,-27.8,0.14,0.12,0.60,0.00,0.00,0.00,6.03,1.41,100,-1,0,1,6.5,-0.07,0.387,0.491,-1.95,0,26,0,95.7,3.9,179.6,176.0,0.00,0,31.3,-46.9
20.40,hold,348.76,1.24,0.389,1,1532.7,341.8,-118.2,-77.7,0.44,5.77,176,175,-1,21.1,20.9,7.0,-23.2,0.20,0.19,0.47,0.00,0.00,0.00,5.97,0.62,100,-1,0,1,7.9,-0.10,0.389,0.544,-1.81,0,26,0,95.2,299.3,189.1,171.7,0.00,0,30.9,-45.8
20.50,hold,348.58,1.42,0.383,1,1532.7,341.8,-118.2,-78.3,0.44,5.77,176,175,-1,21.2,21.0,10.0,-18.7,0.22,0.23,0.36,0.00,0.00,0.00,5.78,0.00,100,-1,0,1,7.9,-0.13,0.384,0.561,-1.51,0,26,0,95.2,299.3,189.1,171.7,0.00,0,30.9,-45.8
20.60,hold,348.42,1.58,0.374,1,1532.8,342.3,-118.3,-78.8,0.83,5.43,175,175,-1,21.3,21.1,12.8,-14.7,0.19,0.22,0.30,0.00,0.00,0.00,5.48,-0.41,100,-1,0,1,8.7,-0.15,0.374,0.541,-1.17,0,26,0,95.2,299.3,189.1,171.7,0.00,0,28.1,-42.1
20.70,hold,348.29,1.71,0.363,1,1532.9,342.9,-118.4,-79.4,1.14,4.98,175,175,-1,21.5,21.3,15.0,-11.1,0.14,0.18,0.28,0.00,0.00,0.00,5.05,-0.74,100,-1,0,2,8.7,-0.14,0.363,0.491,-0.81,0,26,0,95.2,299.3,189.1,171.7,0.00,0,23.5,-36.3
20.80,hold,348.21,1.79,0.350,1,1533.1,343.7,-118.5,-79.8,1.23,3.86,175,174,-1,21.6,21.4,16.6,-8.2,0.06,0.12,0.28,0.00,0.00,0.00,4.53,-0.86,100,-1,0,2,6.8,-0.13,0.350,0.423,-0.46,0,26,0,95.5,287.3,197.3,172.3,0.00,0,11.4,-22.9
20.90,hold,348.16,1.84,0.338,1,1533.1,343.7,-118.6,-80.2,1.23,3.86,175,174,-1,21.7,21.5,17.6,-5.9,-0.01,0.04,0.28,0.00,0.00,0.00,3.95,-0.89,100,-1,0,2,6.8,-0.10,0.339,0.358,-0.16,0,26,0,95.5,287.3,197.3,172.3,0.00,0,11.4,-22.9
21.00,hold,348.14,1.86,0.329,1,1533.2,344.1,-118.7,-80.6,1.19,3.27,175,174,-1,21.8,21.6,18.0,-4.1,-0.07,-0.04,0.28,0.00,0.00,0.00,3.37,-0.89,100,-1,0,2,5.0,-0.06,0.330,0.371,0.06,0,26,0,95.5,287.3,197.3,172.3,0.00,0,5.8,-17.8
21.10,hold,348.14,1.86,0.323,1,1533.5,344.6,-118.8,-80.8,1.05,2.23,175,174,-1,21.9,21.7,18.1,-2.5,-0.10,-0.10,0.27,0.00,0.00,0.00,2.82,-0.89,100,-1,0,2,1.2,-0.02,0.323,0.401,0.21,0,26,0,95.5,287.3,197.3,172.3,0.00,0,-1.3,-14.0
21.20,hold,348.15,1.85,0.318,1,1533.5,344.6,-119.0,-81.1,1.05,2.23,175,174,-1,22.0,21.8,17.9,-1.1,-0.10,-0.14,0.26,0.00,0.00,0.00,2.32,-0.84,100,-1,0,2,1.2,0.02,0.318,0.412,0.33,0,26,0,96.3,288.8,198.0,173.6,0.00,0,-1.3,-14.0
21.30,hold,348.17,1.83,0.313,1,1533.6,344.8,-119.1,-81.3,1.05,1.78,174,174,-1,22.1,22.0,17.7,0.4,-0.08,-0.13,0.26,0.00,0.00,0.00,1.87,-0.88,100,-1,0,3,-0.3,0.06,0.313,0.397,0.44,0,26,0,96.3,288.8,198.0,173.6,0.00,0,-1.8,-15.0
21.40,hold,348.20,1.80,0.310,1,1533.7,344.9,-119.2,-81.4,1.05,1.38,174,174,-1,22.2,22.1,17.8,2.2,-0.04,-0.11,0.26,0.00,0.00,0.00,1.48,-0.91,100,-1,0,3,-1.5,0.08,0.310,0.367,0.51,0,26,0,96.3,288.8,198.0,173.6,0.00,0,-0.2,-17.2
21.50,hold,348.22,1.78,0.306,1,1533.8,345.0,-119.3,-81.5,0.97,1.03,174,174,-1,22.3,22.2,18.1,4.0,-0.00,-0.06,0.28,0.00,0.00,0.00,1.13,-0.86,100,-1,0,3,-2.1,0.10,0.306,0.331,0.60,0,26,0,96.3,288.8,198.0,173.6,0.00,0,2.2,-19.2
21.60,hold,348.25,1.75,0.301,1,1533.9,345.1,-119.4,-81.6,0.88,0.70,174,171,-1,22.4,22.3,18.8,6.1,0.03,-0.01,0.32,0.00,0.00,0.00,0.80,-0.79,100,-1,0,3,-2.3,0.11,0.301,0.316,0.68,0,26,0,99.3,297.0,197.9,173.0,0.00,0,5.1,-20.6
21.70,hold,348.27,1.73,0.298,1,1534.0,345.2,-119.4,-81.6,0.57,0.07,173,171,-1,22.5,22.4,19.7,8.2,0.06,0.03,0.37,0.00,0.00,0.00,0.47,-0.70,100,-1,0,4,-1.1,0.12,0.298,0.332,0.74,0,26,0,99.3,297.0,197.9,173.0,0.00,0,8.3,-21.9
21.80,hold,348.29,1.71,0.297,1,1534.0,345.2,-119.5,-81.7,0.57,0.07,173,171,-1,22.6,22.5,20.7,10.4,0.08,0.05,0.43,0.00,0.00,0.00,0.14,-0.56,100,-1,0,4,-1.1,0.11,0.298,0.351,0.74,0,26,0,99.3,297.0,197.9,173.0,0.00,0,8.3,-21.9
21.90,hold,348.30,1.70,0.300,1,1534.0,345.1,-119.5,-81.6,0.35,-0.27,172,171,-1,22.7,22.6,21.7,12.7,0.10,0.06,0.48,0.00,0.00,0.00,-0.23,-0.39,100,-1,0,5,-0.1,0.10,0.300,0.364,0.70,0,26,0,99.3,297.0,197.9,173.0,0.00,0,8.7,-21.7
22.00,hold,348.30,1.70,0.304,1,1534.0,345.0,-119.6,-81.6,-0.31,-0.99,172,168,-1,22.8,22.7,22.6,14.8,0.10,0.06,0.54,0.00,0.00,0.00,-0.60,-0.13,100,-1,0,5,2.0,0.09,0.304,0.367,0.62,0,26,0,102.5,301.8,199.7,173.5,0.00,0,6.5,-18.6
22.10,hold,348.30,1.70,0.308,1,1534.0,345.0,-119.5,-81.5,-0.31,-0.99,171,168,-1,22.9,22.8,23.3,16.7,0.09,0.04,0.59,0.00,0.00,0.00,-1.02,0.15,100,-1,0,6,2.0,0.08,0.308,0.361,0.56,0,26,0,102.5,301.8,199.7,173.5,0.00,0,6.5,-18.6
22.20,hold,348.30,1.70,0.313,1,1534.0,344.9,-119.5,-81.4,-0.66,-1.36,170,168,-1,23.0,22.9,23.8,18.5,0.08,0.02,0.63,0.00,0.00,0.00,-1.45,0.42,100,-1,0,7,3.1,0.07,0.313,0.352,0.47,0,26,0,102.5,301.8,199.7,173.5,0.00,0,4.9,-16.2
22.30,hold,348.30,1.70,0.319,1,1533.7,344.5,-119.4,-81.2,-1.63,-2.14,170,168,-1,23.0,23.0,24.2,20.0,0.07,-0.01,0.67,0.00,0.00,0.00,-1.92,0.82,100,-1,0,7,5.3,0.06,0.319,0.350,0.37,0,26,0,102.5,301.8,199.7,173.5,0.00,0,1.8,-10.9
22.40,hold,348.29,1.71,0.323,1,1533.7,344.5,-119.2,-81.0,-1.63,-2.14,170,167,-1,23.0,23.0,24.3,21.3,0.05,-0.04,0.69,0.00,0.00,0.00,-2.40,1.21,100,-1,0,7,5.3,0.04,0.324,0.357,0.30,0,26,0,103.0,302.5,199.9,175.6,0.00,0,1.8,-10.9
22.50,hold,348.30,1.70,0.325,1,1533.3,344.0,-119.0,-80.8,-2.72,-2.97,169,167,-1,23.0,23.0,24.3,22.3,0.03,-0.06,0.71,0.00,0.00,0.00,-2.93,1.68,100,-1,0,8,7.3,0.03,0.325,0.357,0.30,0,26,0,103.0,302.5,199.9,175.6,0.00,0,0.9,-5.4
22.60,hold,348.30,1.70,0.327,1,1533.0,343.6,-118.8,-80.5,-3.25,-3.34,169,167,-1,23.0,23.0,24.2,23.1,0.01,-0.07,0.73,0.00,0.00,0.00,-3.43,2.11,100,-1,0,8,8.3,0.01,0.327,0.358,0.27,0,26,0,103.0,302.5,199.9,175.6,0.00,0,1.6,-3.8
22.70,hold,348.31,1.69,0.331,1,1532.6,343.3,-118.5,-80.1,-3.78,-3.71,169,167,-1,23.0,23.0,24.1,23.8,0.01,-0.06,0.74,0.00,0.00,0.00,-3.91,2.54,100,-1,0,8,9.1,-0.00,0.331,0.358,0.22,0,26,0,103.0,302.5,199.9,175.6,0.00,0,3.0,-2.7
22.80,hold,348.32,1.68,0.331,1,1532.6,343.3,-118.1,-79.8,-3.78,-3.71,169,170,-1,23.0,23.0,24.2,24.4,0.01,-0.05,0.75,0.00,0.00,0.00,-4.37,2.99,100,-1,0,8,9.1,-0.02,0.331,0.354,0.23,0,26,0,100.4,296.8,200.1,179.1,0.00,0,3.0,-2.7
22.90,hold,348.32,1.68,0.332,1,1532.2,342.9,-117.7,-79.4,-4.31,-4.09,169,170,-1,23.0,23.0,24.3,25.1,0.01,-0.03,0.77,0.00,0.00,0.00,-4.83,3.45,100,-1,0,8,9.7,-0.04,0.332,0.349,0.23,0,26,0,100.4,296.8,200.1,179.1,0.00,0,4.7,-1.9
23.00,hold,348.33,1.67,0.333,1,1531.2,342.0,-117.2,-78.9,-5.36,-4.84,169,170,-1,23.0,23.0,24.7,25.7,0.02,-0.00,0.79,0.00,0.00,0.00,-5.29,3.91,100,-1,0,8,10.1,-0.05,0.333,0.343,0.24,0,26,0,100.4,296.8,200.1,179.1,0.00,0,8.5,-1.0
23.10,hold,348.33,1.67,0.334,1,1531.2,342.0,-116.7,-78.5,-5.36,-4.84,169,170,-1,23.0,23.0,25.2,26.3,0.03,0.02,0.81,0.00,0.00,0.00,-5.75,4.37,100,-1,0,8,10.1,-0.05,0.334,0.355,0.24,0,26,0,100.4,296.8,200.1,179.1,0.00,0,8.5,-1.0
23.20,hold,348.33,1.67,0.335,1,1530.6,341.5,-116.1,-78.0,-5.89,-5.25,170,173,-1,23.0,23.0,25.8,26.9,0.03,0.04,0.83,0.00,0.00,0.00,-6.20,4.88,100,-1,0,7,9.9,-0.06,0.335,0.362,0.24,0,26,0,96.8,285.7,202.9,184.5,0.00,0,9.8,-0.1
23.30,hold,348.34,1.66,0.338,1,1530.0,340.9,-115.5,-77.4,-6.42,-5.68,170,173,-1,23.0,23.0,26.4,27.2,0.01,0.05,0.85,0.00,0.00,0.00,-6.66,5.39,100,-1,0,7,9.4,-0.06,0.338,0.361,0.21,0,26,0,96.8,285.7,202.9,184.5,0.00,0,10.1,1.5
23.40,hold,348.35,1.65,0.341,1,1528.6,339.6,-114.8,-76.8,-7.43,-6.64,171,173,-1,23.0,23.0,26.9,27.4,-0.01,0.05,0.86,0.00,0.00,0.00,-7.16,5.84,100,-1,0,6,7.6,-0.05,0.341,0.361,0.17,0,26,0,96.8,285.7,202.9,184.5,0.00,0,8.0,3.4
23.50,hold,348.35,1.65,0.344,1,1527.8,338.9,-114.1,-76.1,-7.87,-7.14,171,173,-1,23.0,23.0,27.2,27.5,-0.02,0.04,0.87,0.00,0.00,0.00,-7.68,6.34,100,-1,0,6,6.7,-0.04,0.344,0.366,0.13,0,26,0,96.8,285.7,202.9,184.5,0.00,0,6.3,3.8
23.60,hold,348.36,1.64,0.348,1,1527.0,338.2,-113.3,-75.4,-8.35,-7.69,172,177,-1,23.0,23.0,27.5,27.5,-0.03,0.02,0.88,0.00,0.00,0.00,-8.15,6.81,100,-1,0,5,5.8,-0.04,0.348,0.369,0.07,0,26,0,93.2,276.5,206.1,189.2,0.00,0,4.7,3.9
23.70,hold,348.36,1.64,0.351,1,1527.0,338.2,-112.5,-74.7,-8.35,-7.69,173,177,-1,23.0,23.0,27.6,27.5,-0.04,0.01,0.88,0.00,0.00,0.00,-8.67,7.33,100,-1,0,4,5.8,-0.03,0.351,0.371,0.04,0,26,0,93.2,276.5,206.1,189.2,0.00,0,4.7,3.9
23.80,hold,348.37,1.63,0.353,1,1526.1,337.4,-111.6,-73.9,-8.83,-8.25,173,177,-1,23.0,23.0,27.6,27.4,-0.04,0.00,0.88,0.00,0.00,0.00,-9.21,7.83,100,-1,0,4,4.8,-0.03,0.353,0.369,0.04,0,26,0,93.2,276.5,206.1,189.2,0.00,0,3.3,3.4
23.90,hold,348.37,1.63,0.354,1,1524.2,335.6,-110.7,-73.0,-9.71,-9.39,174,177,-1,23.0,23.0,27.6,27.3,-0.04,-0.00,0.88,0.00,0.00,0.00,-9.75,8.29,100,-1,0,3,2.9,-0.02,0.354,0.370,0.05,0,26,0,93.2,276.5,206.1,189.2,0.00,0,1.1,2.0
24.00,hold,348.39,1.61,0.353,1,1523.2,334.6,-109.7,-72.1,-10.15,-9.98,175,179,-1,21.4,23.0,27.6,27.3,-0.03,0.01,0.88,0.00,0.00,0.00,-10.25,8.81,100,-1,0,2,2.0,-0.01,0.353,0.372,0.09,0,26,0,91.0,271.9,207.2,191.3,0.00,0,0.6,1.6
24.10,hold,348.41,1.59,0.350,1,1522.2,333.6,-108.7,-71.1,-10.59,-10.56,175,179,-1,18.5,23.0,27.5,27.2,-0.03,0.05,0.87,0.00,0.00,0.00,-10.76,9.31,100,-1,0,2,1.2,-0.01,0.350,0.383,0.16,0,26,0,91.0,271.9,207.2,191.3,0.00,0,0.3,1.0
24.20,hold,348.43,1.57,0.346,1,1522.2,333.6,-107.7,-70.1,-10.59,-10.56,176,179,-1,15.7,23.0,27.5,27.2,-0.03,0.09,0.87,0.00,0.00,0.00,-11.29,9.81,100,-1,0,1,1.2,-0.00,0.346,0.393,0.24,0,26,0,91.0,271.9,207.2,191.3,0.00,0,0.3,1.0
24.30,hold,348.47,1.53,0.343,1,1521.1,332.5,-106.6,-69.0,-10.94,-11.12,176,179,-1,13.0,23.0,27.4,27.2,-0.02,0.12,0.87,0.00,0.00,0.00,-11.79,10.22,100,-1,0,1,0.0,0.01,0.343,0.400,0.30,0,26,0,91.0,271.9,207.2,191.3,0.00,0,0.0,0.0
24.40,hold,348.50,1.50,0.344,1,1518.8,330.1,-105.5,-67.8,-11.73,-12.19,177,179,-1,10.3,23.0,27.2,27.2,-0.02,0.14,0.87,0.00,0.00,0.00,-12.28,10.72,100,-1,0,0,-0.6,0.01,0.344,0.406,0.30,0,26,0,90.6,271.2,206.9,191.5,0.00,0,-4.2,-1.0
24.50,hold,348.53,1.47,0.346,1,1517.6,328.8,-104.3,-66.6,-12.13,-12.76,177,179,-1,7.7,23.0,26.7,27.2,-0.02,0.13,0.86,0.00,0.00,0.00,-12.75,11.13,100,-1,0,-0,-0.9,0.01,0.346,0.407,0.27,0,26,0,90.6,271.2,206.9,191.5,0.00,0,-7.6,-1.8
24.60,hold,348.56,1.44,0.346,1,1517.6,328.8,-103.1,-65.3,-12.13,-12.76,178,179,-1,5.0,23.0,26.0,27.1,-0.02,0.12,0.84,0.00,0.00,0.00,-13.26,11.57,100,-1,0,-1,-0.9,0.01,0.346,0.402,0.26,0,26,0,90.6,271.2,206.9,191.5,0.00,0,-7.6,-1.8
24.70,hold,348.60,1.40,0.346,1,1516.4,327.5,-101.9,-64.0,-12.52,-13.32,178,179,-1,2.4,23.0,24.8,27.1,-0.02,0.10,0.82,0.00,0.00,0.00,-13.78,12.01,100,-1,0,-1,-1.2,0.01,0.346,0.393,0.26,0,26,0,90.6,271.2,206.9,191.5,0.00,0,-11.3,-2.4
24.80,hold,348.63,1.37,0.346,1,1515.1,326.2,-100.6,-62.7,-12.96,-13.84,178,179,-1,-0.2,23.0,23.3,27.1,-0.02,0.07,0.79,0.00,0.00,0.00,-14.30,12.46,100,-1,0,-1,-1.5,0.01,0.346,0.381,0.26,0,26,0,91.4,273.4,202.7,188.9,0.00,0,-15.2,-3.0
24.90,hold,348.67,1.33,0.346,1,1513.7,324.7,-99.2,-61.2,-13.32,-14.34,178,179,-1,-2.6,22.8,21.5,27.0,-0.02,0.03,0.76,0.00,0.00,0.00,-14.78,12.82,100,-1,0,-1,-1.6,0.01,0.346,0.368,0.25,0,26,0,91.4,273.4,202.7,188.9,0.00,0,-19.0,-3.3
25.00,hold,348.72,1.28,0.348,1,1512.4,323.3,-97.9,-59.8,-13.75,-14.75,178,179,-1,-4.9,20.7,19.3,26.9,0.01,0.00,0.72,0.00,0.00,0.00,-15.19,13.27,100,-1,0,-1,-1.5,0.01,0.348,0.351,0.22,0,26,0,91.4,273.4,202.7,188.9,0.00,0,-22.1,-3.2
25.10,hold,348.75,1.25,0.347,1,1509.5,320.2,-96.5,-58.3,-14.63,-15.44,178,179,-1,-7.0,18.6,16.9,26.9,0.04,-0.02,0.69,0.00,0.00,0.00,-15.55,13.72,100,-1,0,-1,-1.4,0.01,0.347,0.372,0.23,0,26,0,91.4,273.4,202.7,188.9,0.00,0,-26.4,-3.6
25.20,hold,348.80,1.20,0.342,1,1508.0,318.7,-95.0,-56.7,-15.12,-15.69,178,178,-1,-8.9,16.5,14.4,26.9,0.08,-0.04,0.65,0.00,0.00,0.00,-15.90,14.13,100,-1,0,-1,-1.2,0.00,0.342,0.389,0.32,0,26,0,92.4,279.9,193.2,183.9,0.00,0,-27.0,-3.1
25.30,hold,348.85,1.15,0.334,1,1508.0,318.7,-93.5,-55.2,-15.12,-15.69,178,178,-1,-10.7,14.2,11.8,26.9,0.11,-0.05,0.63,0.00,0.00,0.00,-16.18,14.59,100,-1,0,-1,-1.2,0.00,0.334,0.397,0.45,0,26,0,92.4,279.9,193.2,183.9,0.00,0,-27.0,-3.1
25.40,hold,348.92,1.08,0.329,1,1504.9,315.5,-92.0,-53.6,-16.08,-15.86,178,178,-1,-12.2,11.9,9.1,26.8,0.12,-0.06,0.60,0.00,0.00,0.00,-16.34,15.06,100,-1,0,-1,-1.0,0.00,0.329,0.401,0.52,0,26,0,92.4,279.9,193.2,183.9,0.00,0,-26.9,0.4
25.50,hold,348.99,1.01,0.326,1,1504.9,315.5,-90.4,-52.0,-16.08,-15.86,178,178,-1,-13.3,9.5,6.5,26.6,0.12,-0.07,0.57,0.00,0.00,0.00,-16.40,15.54,100,-1,0,-1,-1.0,-0.00,0.326,0.403,0.55,0,26,0,92.4,279.9,193.2,183.9,0.00,0,-26.9,0.4
25.60,hold,349.07,0.93,0.322,1,1503.2,313.9,-88.7,-50.4,-16.57,-15.83,178,177,-1,-14.3,7.1,4.0,26.0,0.10,-0.07,0.54,0.00,0.00,0.00,-16.41,16.00,100,-1,0,-1,-0.9,-0.00,0.322,0.391,0.59,0,26,0,92.7,316.1,182.6,178.7,0.00,0,-25.8,3.4
25.70,hold,349.16,0.84,0.317,1,1501.5,312.3,-87.0,-48.8,-17.05,-15.73,178,177,-1,-15.0,4.7,1.6,25.1,0.07,-0.06,0.51,0.00,0.00,0.00,-16.34,16.47,100,-1,0,-1,-0.6,-0.01,0.317,0.369,0.63,0,26,0,92.7,316.1,182.6,178.7,0.00,0,-23.8,7.6
25.80,hold,349.27,0.73,0.313,1,1499.8,310.8,-85.3,-47.3,-17.53,-15.57,178,177,-1,-15.6,2.3,-0.5,23.9,0.03,-0.06,0.46,0.00,0.00,0.00,-16.22,16.94,100,-1,0,-1,-0.2,-0.01,0.313,0.348,0.64,0,26,0,92.7,316.1,182.6,178.7,0.00,0,-22.0,11.7
25.90,hold,349.37,0.63,0.312,1,1496.2,307.7,-83.5,-45.7,-18.33,-15.11,178,177,-1,-16.0,-0.1,-2.5,22.3,-0.01,-0.06,0.41,0.00,0.00,0.00,-16.04,17.37,100,-1,0,-1,0.6,-0.02,0.312,0.339,0.61,0,26,0,92.7,316.1,182.6,178.7,0.00,0,-18.1,17.5
26.00,hold,349.48,0.52,0.310,1,1496.2,307.7,-81.7,-44.2,-18.33,-15.11,178,177,-1,-16.3,-2.2,-4.2,20.5,-0.04,-0.05,0.36,0.00,0.00,0.00,-15.83,17.71,100,-1,0,-1,0.6,-0.03,0.310,0.347,0.58,0,26,0,92.9,61.2,174.7,175.4,0.00,0,-18.1,17.5
26.10,hold,349.58,0.42,0.305,1,1494.3,306.2,-79.8,-42.7,-18.59,-14.82,178,177,-1,-16.5,-4.1,-5.8,18.7,-0.05,-0.05,0.32,0.00,0.00,0.00,-15.58,17.96,100,-1,0,-1,1.1,-0.03,0.305,0.344,0.61,0,26,0,92.9,61.2,174.7,175.4,0.00,0,-16.5,18.6
26.20,hold,349.70,0.30,0.299,1,1490.6,303.3,-78.0,-41.3,-19.03,-14.17,178,177,-1,-16.5,-6.0,-7.2,16.9,-0.04,-0.05,0.27,0.00,0.00,0.00,-15.29,18.22,100,-1,0,-1,1.7,-0.04,0.299,0.335,0.65,0,26,0,92.9,61.2,174.7,175.4,0.00,0,-12.9,17.8
26.30,hold,349.80,0.20,0.293,1,1488.6,302.0,-76.1,-39.8,-19.16,-13.82,178,177,-1,-16.5,-7.7,-8.4,15.2,-0.03,-0.04,0.24,0.00,0.00,0.00,-14.99,18.39,100,-1,0,-1,1.8,-0.04,0.293,0.319,0.69,0,26,0,92.9,61.2,174.7,175.4,0.00,0,-10.7,16.2
26.40,hold,349.91,0.09,0.289,1,1488.6,302.0,-74.1,-38.5,-19.16,-13.82,177,177,-1,-16.4,-9.2,-9.4,13.6,-0.00,-0.02,0.21,0.00,0.00,0.00,-14.68,18.51,100,-1,0,-0,1.8,-0.04,0.289,0.299,0.69,0,26,0,93.3,72.2,169.8,174.4,0.00,0,-10.7,16.2
26.50,hold,350.01,-0.01,0.285,1,1486.7,300.6,-72.2,-37.1,-19.20,-13.47,177,177,-1,-16.3,-10.5,-10.3,12.1,0.01,-0.01,0.19,0.00,0.00,0.00,-14.36,18.54,100,-1,0,-0,1.4,-0.03,0.285,0.294,0.70,0,26,0,93.3,72.2,169.8,174.4,0.00,0,-9.2,14.9
26.60,hold,350.11,-0.11,0.280,1,1482.9,298.0,-70.3,-35.8,-19.25,-12.72,177,177,-1,-16.0,-11.8,-11.1,10.7,0.02,-0.01,0.18,0.00,0.00,0.00,-14.02,18.58,100,-1,0,-0,0.4,-0.02,0.280,0.293,0.71,0,26,0,93.3,72.2,169.8,174.4,0.00,0,-7.9,14.1
26.70,hold,350.21,-0.21,0.275,1,1481.0,296.8,-68.4,-34.5,-19.25,-12.34,177,177,-1,-15.8,-13.0,-11.9,9.4,0.02,-0.02,0.16,0.00,0.00,0.00,-13.68,18.58,100,-1,0,-0,0.1,-0.01,0.275,0.292,0.73,0,26,0,93.3,72.2,169.8,174.4,0.00,0,-7.6,13.8
26.80,hold,350.31,-0.31,0.270,1,1479.0,295.5,-66.5,-33.3,-19.25,-11.98,177,176,-1,-15.5,-14.1,-12.6,8.0,0.03,-0.02,0.16,0.00,0.00,0.00,-13.37,18.55,100,-1,0,0,-0.1,0.00,0.270,0.291,0.74,0,26,0,94.3,72.1,166.8,174.0,0.00,0,-7.2,13.8
26.90,hold,350.41,-0.41,0.266,1,1477.1,294.4,-64.5,-32.0,-19.16,-11.60,177,176,-1,-15.3,-15.2,-13.2,6.6,0.03,-0.03,0.16,0.00,0.00,0.00,-13.07,18.53,100,-1,0,0,-0.1,0.01,0.266,0.287,0.74,0,26,0,94.3,72.1,166.8,174.0,0.00,0,-6.5,14.3
27.00,hold,350.54,-0.54,0.263,1,1477.1,294.4,-62.6,-30.9,-19.16,-11.60,177,176,-1,-15.1,-16.1,-13.8,5.2,0.02,-0.03,0.16,0.00,0.00,0.00,-12.74,18.42,100,-1,0,0,-0.1,0.01,0.263,0.282,0.69,0,26,0,94.3,72.1,166.8,174.0,0.00,0,-6.5,14.3
27.10,hold,350.58,-0.58,0.264,1,1473.3,292.2,-60.7,-29.7,-18.90,-10.88,176,176,-1,-14.7,-17.0,-14.4,3.7,0.01,-0.03,0.16,0.00,0.00,0.00,-12.41,18.33,100,-1,0,1,-0.0,0.01,0.264,0.280,0.61,0,26,0,94.3,72.1,166.8,174.0,0.00,0,-5.9,15.8
27.20,hold,350.65,-0.65,0.268,1,1473.3,292.2,-58.8,-28.7,-18.90,-10.88,176,174,-1,-14.5,-17.3,-15.0,2.1,-0.01,-0.04,0.17,0.00,0.00,0.00,-12.16,18.09,100,-1,0,1,-0.0,0.02,0.268,0.288,0.46,0,26,0,95.9,69.2,164.8,173.8,0.00,0,-5.9,15.8
27.30,hold,350.70,-0.70,0.274,1,1471.4,291.1,-56.9,-27.6,-18.76,-10.52,176,174,-1,-14.3,-17.3,-15.4,0.5,-0.03,-0.03,0.18,0.00,0.00,0.00,-11.90,17.92,100,-1,0,1,0.1,0.02,0.274,0.297,0.30,0,26,0,95.9,69.2,164.8,173.8,0.00,0,-5.1,16.0
27.40,hold,350.74,-0.74,0.278,1,1467.7,289.1,-55.1,-26.6,-18.37,-9.78,175,174,-1,-14.0,-17.4,-15.8,-1.1,-0.04,-0.02,0.19,0.00,0.00,0.00,-11.60,17.72,100,-1,0,2,0.7,0.02,0.278,0.301,0.18,0,26,0,95.9,69.2,164.8,173.8,0.00,0,-2.7,15.5
27.50,hold,350.77,-0.77,0.281,1,1467.7,289.1,-53.2,-25.6,-18.37,-9.78,175,174,-1,-13.6,-17.4,-16.1,-2.6,-0.04,-0.01,0.21,0.00,0.00,0.00,-11.28,17.48,100,-1,0,2,0.7,0.02,0.281,0.304,0.08,0,26,0,95.9,69.2,164.8,173.8,0.00,0,-2.7,15.5
27.60,hold,350.79,-0.79,0.282,1,1465.9,288.1,-51.4,-24.6,-18.15,-9.38,175,173,-1,-13.2,-17.5,-16.2,-4.1,-0.04,-0.01,0.22,0.00,0.00,0.00,-11.00,17.22,100,-1,0,2,1.3,0.02,0.282,0.304,0.03,0,26,0,97.3,65.5,164.2,174.1,0.00,0,-1.8,14.6
27.70,hold,350.80,-0.80,0.284,1,1462.4,286.3,-49.6,-23.7,-17.53,-8.61,174,173,-1,-12.8,-17.5,-16.4,-5.5,-0.04,-0.01,0.24,0.00,0.00,0.00,-10.68,16.88,100,-1,0,3,2.2,0.01,0.284,0.303,-0.03,0,26,0,97.3,65.5,164.2,174.1,0.00,0,-0.5,12.4
27.80,hold,350.81,-0.81,0.286,1,1462.4,286.3,-47.9,-22.8,-17.53,-8.61,174,173,-1,-12.3,-17.5,-16.4,-6.8,-0.03,-0.00,0.25,0.00,0.00,0.00,-10.36,16.56,100,-1,0,3,2.2,0.01,0.286,0.301,-0.08,0,26,0,97.3,65.5,164.2,174.1,0.00,0,-0.5,12.4
27.90,hold,350.81,-0.81,0.289,1,1458.9,284.7,-46.1,-22.0,-16.83,-7.89,174,173,-1,-11.9,-17.6,-16.4,-7.9,-0.02,-0.00,0.27,0.00,0.00,0.00,-10.04,16.20,100,-1,0,3,2.5,0.02,0.289,0.299,-0.15,0,26,0,97.3,65.5,164.2,174.1,0.00,0,0.3,9.7
28.00,hold,350.80,-0.80,0.290,1,1457.3,284.0,-44.4,-21.2,-16.48,-7.51,174,172,-1,-11.4,-17.6,-16.4,-8.9,-0.02,-0.00,0.28,0.00,0.00,0.00,-9.71,15.85,100,-1,0,3,2.7,0.02,0.290,0.299,-0.18,0,26,0,97.7,63.7,164.7,175.0,0.00,0,0.2,8.9
28.10,hold,350.80,-0.80,0.290,1,1455.7,283.2,-42.8,-20.5,-16.04,-7.14,173,172,-1,-10.8,-17.6,-16.4,-9.9,-0.02,-0.01,0.29,0.00,0.00,0.00,-9.36,15.51,100,-1,0,4,2.9,0.02,0.290,0.301,-0.18,0,26,0,97.7,63.7,164.7,175.0,0.00,0,0.1,8.4
28.20,hold,350.79,-0.79,0.290,1,1454.1,282.5,-41.2,-19.7,-15.69,-6.79,173,172,-1,-10.2,-17.7,-16.3,-10.8,-0.02,-0.02,0.31,0.00,0.00,0.00,-8.98,15.09,100,-1,0,4,3.0,0.02,0.290,0.305,-0.18,0,26,0,97.7,63.7,164.7,175.0,0.00,0,-0.0,8.1
28.30,hold,350.78,-0.78,0.289,1,1452.6,281.9,-39.6,-19.0,-15.25,-6.43,173,172,-1,-9.6,-17.7,-16.3,-11.7,-0.02,-0.03,0.32,0.00,0.00,0.00,-8.63,14.76,100,-1,0,4,3.0,0.02,0.289,0.310,-0.18,0,26,0,97.7,63.7,164.7,175.0,0.00,0,-0.2,7.9
28.40,hold,350.77,-0.77,0.289,1,1452.6,281.9,-38.1,-18.4,-15.25,-6.43,173,173,-1,-8.9,-17.8,-16.3,-12.6,-0.03,-0.04,0.34,0.00,0.00,0.00,-8.24,14.35,100,-1,0,4,3.0,0.02,0.289,0.316,-0.18,0,26,0,97.4,63.9,165.2,176.2,0.00,0,-0.2,7.9
28.50,hold,350.76,-0.76,0.289,1,1449.6,280.7,-36.6,-17.8,-14.46,-5.72,173,173,-1,-8.2,-17.8,-16.3,-13.4,-0.03,-0.05,0.36,0.00,0.00,0.00,-7.84,14.00,100,-1,0,4,3.3,0.02,0.289,0.323,-0.18,0,26,0,97.4,63.9,165.2,176.2,0.00,0,0.0,7.4
28.60,hold,350.75,-0.75,0.291,1,1448.2,280.2,-35.1,-17.2,-14.02,-5.38,173,173,-1,-7.5,-17.8,-16.3,-14.2,-0.03,-0.05,0.37,0.00,0.00,0.00,-7.47,13.64,100,-1,0,4,3.8,0.01,0.291,0.325,-0.22,0,26,0,97.4,63.9,165.2,176.2,0.00,0,0.8,6.5
28.70,hold,350.72,-0.72,0.296,1,1446.8,279.6,-33.7,-16.7,-13.58,-5.05,173,173,-1,-6.8,-17.9,-16.1,-15.0,-0.03,-0.04,0.38,0.00,0.00,0.00,-7.09,13.24,100,-1,0,4,4.3,0.01,0.296,0.325,-0.30,0,26,0,97.4,63.9,165.2,176.2,0.00,0,1.9,5.6
28.80,hold,350.69,-0.69,0.301,1,1446.8,279.6,-32.3,-16.1,-13.58,-5.05,173,173,-1,-6.1,-17.9,-15.9,-15.6,-0.02,-0.03,0.39,0.00,0.00,0.00,-6.68,12.86,100,-1,0,4,4.3,-0.01,0.301,0.324,-0.39,0,26,0,96.5,65.5,165.9,177.6,0.00,0,1.9,5.6
28.90,hold,350.65,-0.65,0.307,1,1445.5,279.2,-31.0,-15.7,-13.14,-4.70,173,173,-1,-5.2,-17.9,-15.4,-16.2,-0.02,-0.02,0.39,0.00,0.00,0.00,-6.26,12.47,100,-1,0,4,4.8,-0.02,0.307,0.322,-0.49,0,26,0,96.5,65.5,165.9,177.6,0.00,0,3.0,4.7
29.00,hold,350.59,-0.59,0.313,1,1443.0,278.3,-29.7,-15.2,-12.26,-4.04,173,173,-1,-4.4,-17.6,-14.9,-16.7,-0.02,-0.01,0.39,0.00,0.00,0.00,-5.86,12.08,100,-1,0,4,5.0,-0.02,0.313,0.325,-0.55,0,26,0,96.5,65.5,165.9,177.6,0.00,0,4.6,4.0
29.10,hold,350.55,-0.55,0.315,1,1443.0,278.3,-28.5,-14.8,-12.26,-4.04,173,173,-1,-3.6,-17.2,-14.3,-17.1,-0.03,-0.01,0.39,0.00,0.00,0.00,-5.47,11.69,100,-1,0,4,5.0,-0.02,0.315,0.330,-0.57,0,26,0,96.5,65.5,165.9,177.6,0.00,0,4.6,4.0
29.20,hold,350.50,-0.50,0.318,1,1440.6,277.6,-27.3,-14.4,-11.34,-3.44,173,175,-1,-2.7,-16.6,-13.7,-17.6,-0.04,-0.01,0.39,0.00,0.00,0.00,-5.03,11.28,100,-1,0,3,4.9,-0.03,0.318,0.338,-0.59,0,26,0,94.9,68.4,167.8,179.1,0.00,0,5.0,3.8
29.30,hold,350.45,-0.45,0.321,1,1439.5,277.2,-26.1,-14.1,-10.85,-3.15,174,175,-1,-1.9,-16.1,-13.1,-18.1,-0.05,-0.01,0.39,0.00,0.00,0.00,-4.65,10.90,100,-1,0,3,4.6,-0.03,0.321,0.346,-0.61,0,26,0,94.9,68.4,167.8,179.1,0.00,0,5.3,3.4
29.40,hold,350.39,-0.39,0.323,1,1439.5,277.2,-25.0,-13.7,-10.85,-3.15,174,175,-1,-1.1,-15.4,-12.4,-18.4,-0.05,-0.01,0.39,0.00,0.00,0.00,-4.27,10.46,100,-1,0,3,4.6,-0.03,0.323,0.348,-0.60,0,26,0,94.9,68.4,167.8,179.1,0.00,0,5.3,3.4
29.50,hold,350.35,-0.35,0.321,1,1438.5,277.0,-24.0,-13.5,-10.33,-2.87,174,175,-1,-0.3,-14.6,-11.8,-18.6,-0.04,-0.02,0.39,0.00,0.00,0.00,-3.90,9.98,100,-1,0,3,4.2,-0.03,0.321,0.344,-0.52,0,26,0,94.9,68.4,167.8,179.1,0.00,0,5.6,2.2
29.60,hold,350.32,-0.32,0.316,1,1436.6,276.4,-23.0,-13.2,-9.27,-2.36,175,177,-1,0.6,-13.7,-11.1,-18.7,-0.03,-0.02,0.38,0.00,0.00,0.00,-3.52,9.51,100,-1,0,2,3.6,-0.03,0.316,0.335,-0.41,0,26,0,93.3,71.8,170.0,180.1,0.00,0,5.5,-1.4
29.70,hold,350.29,-0.29,0.313,1,1436.6,276.4,-22.1,-12.9,-9.27,-2.36,175,177,-1,1.3,-12.7,-10.4,-18.5,-0.01,-0.02,0.36,0.00,0.00,0.00,-3.18,9.03,100,-1,0,2,3.6,-0.03,0.313,0.326,-0.32,0,26,0,93.3,71.8,170.0,180.1,0.00,0,5.5,-1.4
29.80,hold,350.26,-0.26,0.312,1,1434.8,276.0,-21.2,-12.7,-8.31,-1.92,175,177,-1,2.0,-11.8,-9.7,-18.2,-0.00,-0.02,0.35,0.00,0.00,0.00,-2.86,8.54,100,-1,0,2,2.8,-0.03,0.312,0.319,-0.28,0,26,0,93.3,71.8,170.0,180.1,0.00,0,6.0,-3.6
29.90,hold,350.24,-0.24,0.311,1,1434.0,275.9,-20.3,-12.5,-7.82,-1.74,175,177,-1,2.7,-11.0,-9.0,-17.9,0.01,-0.02,0.33,0.00,0.00,0.00,-2.58,8.13,100,-1,0,2,2.6,-0.03,0.311,0.321,-0.25,0,26,0,93.3,71.8,170.0,180.1,0.00,0,5.8,-3.9
30.00,hold,350.21,-0.21,0.312,1,1434.0,275.9,-19.5,-12.4,-7.82,-1.74,176,178,-1,3.3,-10.1,-8.3,-17.5,0.00,-0.02,0.31,0.00,0.00,0.00,-2.30,7.68,100,-1,0,1,2.6,-0.03,0.312,0.323,-0.25,0,26,0,91.9,76.1,172.3,180.5,0.00,0,5.8,-3.9
30.10,hold,350.19,-0.19,0.313,1,1433.3,275.7,-18.8,-12.2,-7.43,-1.56,176,178,-1,3.8,-9.4,-7.7,-17.1,0.00,-0.03,0.29,0.00,0.00,0.00,-2.05,7.31,100,-1,0,1,2.4,-0.03,0.313,0.325,-0.25,0,26,0,91.9,76.1,172.3,180.5,0.00,0,5.6,-4.1
30.20,hold,350.16,-0.16,0.314,1,1431.9,275.4,-18.1,-12.0,-6.59,-1.24,176,178,-1,4.3,-8.5,-7.0,-16.7,-0.00,-0.03,0.27,0.00,0.00,0.00,-1.83,6.89,100,-1,0,1,2.0,-0.04,0.314,0.327,-0.25,0,26,0,91.9,76.1,172.3,180.5,0.00,0,5.5,-4.2
30.30,hold,350.14,-0.14,0.314,1,1431.9,275.4,-17.4,-11.9,-6.59,-1.24,177,178,-1,4.8,-7.8,-6.4,-16.3,-0.01,-0.03,0.25,0.00,0.00,0.00,-1.62,6.51,100,-1,0,0,2.0,-0.03,0.314,0.330,-0.24,0,26,0,91.9,76.1,172.3,180.5,0.00,0,5.5,-4.2
30.40,hold,350.12,-0.12,0.315,1,1430.7,275.2,-16.8,-11.8,-5.84,-0.94,177,179,-1,5.3,-7.0,-5.8,-15.9,-0.01,-0.03,0.23,0.00,0.00,0.00,-1.40,6.13,100,-1,0,-0,1.2,-0.03,0.315,0.331,-0.23,0,26,0,90.9,80.6,174.5,180.6,0.00,0,5.9,-4.1
30.50,hold,350.09,-0.09,0.315,1,1430.7,275.2,-16.2,-11.7,-5.84,-0.94,177,179,-1,5.8,-6.3,-5.2,-15.4,-0.01,-0.03,0.21,0.00,0.00,0.00,-1.21,5.80,100,-1,0,-0,1.2,-0.03,0.315,0.332,-0.21,0,26,0,90.9,80.6,174.5,180.6,0.00,0,5.9,-4.1
30.60,hold,350.07,-0.07,0.315,1,1430.1,275.1,-15.6,-11.6,-5.49,-0.82,178,179,-1,6.2,-5.6,-4.5,-15.0,-0.02,-0.02,0.19,0.00,0.00,0.00,-1.05,5.45,100,-1,0,-1,0.7,-0.03,0.315,0.332,-0.20,0,26,0,90.9,80.6,174.5,180.6,0.00,0,6.1,-4.1
30.70,hold,350.05,-0.05,0.315,1,1429.1,275.0,-15.1,-11.5,-4.79,-0.59,178,179,-1,6.6,-4.9,-3.9,-14.6,-0.02,-0.02,0.17,0.00,0.00,0.00,-0.88,5.11,100,-1,0,-1,-0.3,-0.02,0.315,0.332,-0.17,0,26,0,90.9,80.6,174.5,180.6,0.00,0,6.7,-3.9
30.80,hold,350.04,-0.04,0.314,1,1428.7,274.9,-14.6,-11.5,-4.44,-0.51,178,179,-1,6.9,-4.1,-3.2,-14.2,-0.03,-0.02,0.15,0.00,0.00,0.00,-0.75,4.77,100,-1,0,-1,-0.8,-0.02,0.314,0.331,-0.15,0,26,0,90.7,77.5,177.0,180.1,0.00,0,7.0,-3.9
30.90,hold,350.02,-0.02,0.313,1,1428.7,274.9,-14.2,-11.4,-4.44,-0.51,178,179,-1,7.2,-3.3,-2.5,-13.8,-0.03,-0.01,0.13,0.00,0.00,0.00,-0.64,4.42,100,-1,0,-1,-0.8,-0.01,0.313,0.330,-0.12,0,26,0,90.7,77.5,177.0,180.1,0.00,0,7.0,-3.9
31.00,hold,350.01,-0.01,0.312,1,1428.2,274.9,-13.7,-11.4,-4.09,-0.44,178,179,-1,7.4,-2.5,-1.8,-13.4,-0.04,-0.01,0.12,0.00,0.00,0.00,-0.55,4.07,100,-1,0,-1,-1.1,-0.01,0.312,0.330,-0.09,0,26,0,90.7,77.5,177.0,180.1,0.00,0,7.1,-3.8
31.10,hold,350.00,-0.00,0.311,1,1427.5,274.8,-13.4,-11.3,-3.47,-0.35,179,179,-1,7.6,-1.9,-1.2,-13.0,-0.04,-0.00,0.10,0.00,0.00,0.00,-0.48,3.81,100,-1,0,-2,-1.9,-0.00,0.311,0.327,-0.06,0,26,0,90.7,77.5,177.0,180.1,0.00,0,7.0,-4.3
31.20,hold,350.00,0.00,0.309,1,1427.2,274.8,-13.0,-11.3,-3.21,-0.35,179,179,-1,7.7,-1.1,-0.5,-12.5,-0.04,0.00,0.09,0.00,0.00,0.00,-0.44,3.46,100,-1,0,-2,-2.2,0.01,0.309,0.324,-0.03,0,26,0,91.2,11.0,179.8,178.9,0.00,0,6.9,-4.9
31.30,hold,349.99,0.01,0.308,1,1426.9,274.7,-12.7,-11.3,-2.86,-0.35,179,179,-1,7.7,-0.5,0.1,-12.0,-0.03,0.00,0.07,0.00,0.00,0.00,-0.43,3.20,100,-1,0,-2,-2.3,0.01,0.308,0.321,0.01,0,26,0,91.2,11.0,179.8,178.9,0.00,0,6.7,-5.6
31.40,hold,349.99,0.01,0.306,1,1426.9,274.7,-12.4,-11.2,-2.86,-0.35,179,179,-1,7.7,0.4,0.8,-11.5,-0.02,0.01,0.05,0.00,0.00,0.00,-0.42,2.85,100,-1,0,-2,-2.3,0.01,0.306,0.318,0.04,0,26,0,91.2,11.0,179.8,178.9,0.00,0,6.7,-5.6
31.50,hold,349.99,0.01,0.304,1,1426.4,274.7,-12.1,-11.2,-2.33,-0.38,179,179,-1,7.7,1.0,1.4,-10.8,-0.01,0.01,0.03,0.00,0.00,0.00,-0.41,2.58,100,-1,0,-2,-2.4,0.01,0.304,0.314,0.07,0,26,0,91.2,11.0,179.8,178.9,0.00,0,6.4,-6.9
31.60,hold,350.00,0.00,0.302,1,1426.2,274.6,-11.9,-11.2,-2.07,-0.43,179,178,-1,7.6,1.6,1.9,-10.1,-0.01,0.02,0.01,0.00,0.00,0.00,-0.44,2.32,100,-1,0,-2,-2.3,0.02,0.302,0.311,0.11,0,26,0,92.2,313.0,182.3,177.4,0.00,0,6.2,-7.2
31.70,hold,350.00,-0.00,0.299,1,1426.0,274.6,-11.7,-11.1,-1.85,-0.48,178,178,-1,7.5,2.3,2.5,-9.4,-0.00,0.02,0.00,0.00,0.00,0.00,-0.48,2.05,100,-1,0,-1,-2.3,0.02,0.299,0.309,0.16,0,26,0,92.2,313.0,182.3,177.4,0.00,0,6.0,-7.3
31.80,hold,350.01,-0.01,0.296,1,1426.0,274.6,-11.5,-11.1,-1.85,-0.48,178,178,-1,7.3,2.8,3.1,-8.7,-0.00,0.03,0.00,0.00,0.00,0.00,-0.54,1.83,100,-1,0,-1,-2.3,0.02,0.296,0.307,0.20,0,26,0,92.2,313.0,182.3,177.4,0.00,0,6.0,-7.3
31.90,hold,350.03,-0.03,0.293,1,1425.8,274.5,-11.3,-11.0,-1.67,-0.54,178,178,-1,7.1,3.3,3.6,-8.0,0.00,0.03,0.00,0.00,0.00,0.00,-0.59,1.65,100,-1,0,-1,-2.2,0.02,0.293,0.306,0.25,0,26,0,92.2,313.0,182.3,177.4,0.00,0,5.8,-7.3
32.00,hold,350.05,-0.05,0.290,1,1425.6,274.5,-11.1,-11.0,-1.49,-0.63,178,177,-1,6.9,3.7,4.1,-7.3,0.00,0.04,0.00,0.00,0.00,0.00,-0.68,1.47,100,-1,0,-1,-2.2,0.02,0.290,0.305,0.30,0,26,0,93.3,305.6,184.5,176.2,0.00,0,5.6,-7.4
32.10,hold,350.08,-0.08,0.286,1,1425.4,274.3,-11.0,-10.9,-1.19,-0.80,178,177,-1,6.6,4.1,4.6,-6.6,0.00,0.04,0.00,0.00,0.00,0.00,-0.76,1.29,100,-1,0,-1,-1.8,0.02,0.286,0.303,0.35,0,26,0,93.3,305.6,184.5,176.2,0.00,0,5.0,-7.3
32.20,hold,350.11,-0.11,0.281,1,1425.4,274.3,-10.9,-10.8,-1.19,-0.80,178,177,-1,6.3,4.5,5.1,-5.9,0.00,0.04,0.00,0.00,0.00,0.00,-0.85,1.15,100,-1,0,-1,-1.8,0.02,0.281,0.300,0.40,0,26,0,93.3,305.6,184.5,176.2,0.00,0,5.0,-7.3
32.30,hold,350.14,-0.14,0.277,1,1425.3,274.2,-10.8,-10.7,-1.05,-0.92,178,177,-1,5.9,4.8,5.5,-5.2,0.01,0.04,0.00,0.00,0.00,0.00,-0.97,1.01,100,-1,0,-1,-1.4,0.02,0.277,0.297,0.45,0,26,0,93.3,305.6,184.5,176.2,0.00,0,4.5,-7.2
32.40,hold,350.18,-0.18,0.274,1,1425.1,274.0,-10.7,-10.6,-0.88,-1.18,177,176,-1,5.5,5.0,5.8,-4.5,0.00,0.04,0.00,0.00,0.00,0.00,-1.09,0.92,100,-1,0,-0,-0.6,0.01,0.274,0.289,0.47,0,26,0,94.1,303.8,186.1,175.4,0.00,0,2.0,-6.4
32.50,hold,350.21,-0.21,0.275,1,1425.0,273.9,-10.6,-10.5,-0.79,-1.30,177,176,-1,5.1,5.2,6.0,-3.9,0.00,0.02,0.00,0.00,0.00,0.00,-1.22,0.82,100,-1,0,-0,-0.4,0.01,0.275,0.282,0.42,0,26,0,94.1,303.8,186.1,175.4,0.00,0,0.1,-6.4
32.60,hold,350.23,-0.23,0.278,1,1425.0,273.9,-10.5,-10.4,-0.79,-1.30,177,176,-1,4.7,5.5,5.9,-3.2,0.00,-0.01,0.00,0.00,0.00,0.00,-1.34,0.72,100,-1,0,0,-0.4,0.01,0.278,0.284,0.33,0,26,0,94.1,303.8,186.1,175.4,0.00,0,0.1,-6.4
32.70,hold,350.25,-0.25,0.278,1,1424.9,273.8,-10.4,-10.3,-0.75,-1.43,177,176,-1,4.2,5.6,5.8,-2.6,0.01,-0.02,0.00,0.00,0.00,0.00,-1.47,0.66,100,-1,0,0,-0.2,0.01,0.278,0.291,0.29,0,26,0,94.1,303.8,186.1,175.4,0.00,0,-1.4,-6.2
32.80,hold,350.27,-0.27,0.274,1,1424.8,273.4,-10.4,-10.1,-0.62,-1.66,177,176,-1,3.8,5.7,5.6,-2.0,0.01,-0.03,0.00,0.00,0.00,0.00,-1.59,0.61,100,-1,0,0,0.1,0.01,0.274,0.290,0.34,0,26,0,94.5,308.2,185.7,175.3,0.00,0,-2.1,-5.8
32.90,hold,350.30,-0.30,0.271,1,1424.7,273.3,-10.3,-9.9,-0.62,-1.77,176,176,-1,3.4,6.0,5.3,-1.4,0.01,-0.03,0.00,0.00,0.00,0.00,-1.69,0.51,100,-1,0,1,0.2,0.01,0.271,0.284,0.37,0,26,0,94.5,308.2,185.7,175.3,0.00,0,-1.9,-5.1
33.00,hold,350.34,-0.34,0.270,1,1424.7,273.3,-10.2,-9.8,-0.62,-1.77,176,176,-1,3.0,6.0,5.2,-0.9,0.00,-0.02,0.00,0.00,0.00,0.00,-1.81,0.50,100,-1,0,1,0.2,0.01,0.270,0.278,0.36,0,26,0,94.5,308.2,185.7,175.3,0.00,0,-1.9,-5.1
33.10,hold,350.35,-0.35,0.271,1,1424.6,272.9,-10.2,-9.6,-0.62,-1.92,176,176,-1,2.6,5.9,5.1,-0.5,0.00,-0.01,0.00,0.00,0.00,0.00,-1.89,0.49,100,-1,0,1,0.3,0.01,0.271,0.273,0.31,0,26,0,94.5,308.2,185.7,175.3,0.00,0,-0.3,-4.5
33.20,hold,350.36,-0.36,0.274,1,1424.6,272.9,-10.1,-9.4,-0.62,-1.92,176,175,-1,2.3,5.9,5.0,0.0,0.00,0.01,0.00,0.00,0.00,0.00,-1.96,0.48,100,-1,0,1,0.3,0.01,0.274,0.280,0.23,0,26,0,94.6,312.3,185.0,175.4,0.00,0,-0.3,-4.5
33.30,hold,350.38,-0.38,0.274,1,1424.6,272.7,-10.1,-9.2,-0.62,-2.01,176,175,-1,1.9,5.9,5.1,0.5,0.01,0.02,0.00,0.00,0.00,0.00,-2.05,0.47,100,-1,0,1,0.3,0.01,0.274,0.285,0.20,0,26,0,94.6,312.3,185.0,175.4,0.00,0,0.2,-4.6
33.40,hold,350.40,-0.40,0.270,1,1424.4,272.3,-10.0,-9.0,-0.62,-2.16,176,175,-1,1.6,5.9,5.1,0.9,0.01,0.02,0.00,0.00,0.00,0.00,-2.13,0.46,100,-1,0,1,0.3,0.02,0.270,0.282,0.25,0,26,0,94.6,312.3,185.0,175.4,0.00,0,-0.4,-4.3
33.50,hold,350.42,-0.42,0.267,1,1424.4,272.3,-9.9,-8.8,-0.62,-2.16,176,175,-1,1.2,5.9,5.0,1.3,0.01,0.02,0.00,0.00,0.00,0.00,-2.20,0.45,100,-1,0,1,0.3,0.02,0.267,0.276,0.29,0,26,0,94.6,312.3,185.0,175.4,0.00,0,-0.4,-4.3
33.60,hold,350.43,-0.43,0.268,1,1424.4,272.0,-9.9,-8.5,-0.62,-2.24,176,175,-1,0.9,5.9,4.8,1.7,0.01,0.00,0.00,0.00,0.00,0.00,-2.28,0.45,100,-1,0,1,0.3,0.02,0.268,0.271,0.25,0,26,0,94.6,314.3,184.7,175.6,0.00,0,-1.3,-3.8
33.70,hold,350.44,-0.44,0.271,1,1424.2,271.6,-9.8,-8.3,-0.70,-2.36,176,175,-1,0.5,5.7,4.6,2.1,0.01,-0.01,0.00,0.00,0.00,0.00,-2.34,0.53,100,-1,0,1,0.3,0.02,0.271,0.280,0.16,0,26,0,94.6,314.3,184.7,175.6,0.00,0,-3.6,-3.4
33.80,hold,350.45,-0.45,0.273,1,1424.2,271.3,-9.7,-8.1,-0.79,-2.42,176,175,-1,0.2,5.6,4.2,2.4,0.01,-0.03,0.00,0.00,0.00,0.00,-2.41,0.52,100,-1,0,1,0.3,0.02,0.273,0.286,0.10,0,26,0,94.6,314.3,184.7,175.6,0.00,0,-3.8,-2.7
33.90,hold,350.45,-0.45,0.273,1,1424.2,271.3,-9.7,-7.8,-0.79,-2.42,176,175,-1,-0.1,5.4,3.8,2.6,0.00,-0.03,0.00,0.00,0.00,0.00,-2.47,0.60,100,-1,0,1,0.3,0.02,0.273,0.284,0.09,0,26,0,94.6,314.3,184.7,175.6,0.00,0,-3.8,-2.7
34.00,hold,350.45,-0.45,0.274,1,1424.1,271.1,-9.6,-7.6,-0.79,-2.46,176,175,-1,-0.4,5.3,3.5,2.9,0.00,-0.01,0.00,0.00,0.00,0.00,-2.51,0.60,100,-1,0,1,0.3,0.02,0.274,0.279,0.05,0,26,0,94.5,324.0,183.3,175.6,0.00,0,-3.0,-2.3
34.10,hold,350.44,-0.44,0.278,1,1424.0,270.8,-9.5,-7.3,-0.88,-2.49,176,175,-1,-0.7,5.1,3.4,3.1,0.00,0.01,0.00,0.00,0.00,0.00,-2.55,0.68,100,-1,0,1,0.5,0.02,0.278,0.283,-0.03,0,26,0,94.5,324.0,183.3,175.6,0.00,0,-1.9,-2.3
34.20,hold,350.43,-0.43,0.279,1,1423.9,270.6,-9.4,-7.1,-0.88,-2.53,176,175,-1,-1.0,5.0,3.3,3.3,0.01,0.02,0.00,0.00,0.00,0.00,-2.59,0.68,100,-1,0,1,0.8,0.01,0.279,0.289,-0.06,0,26,0,94.5,324.0,183.3,175.6,0.00,0,-1.0,-2.1
34.30,hold,350.43,-0.43,0.276,1,1423.7,270.1,-9.3,-6.8,-1.05,-2.58,176,175,-1,-1.2,4.7,3.2,3.5,0.01,0.02,0.00,0.00,0.00,0.00,-2.62,0.77,100,-1,0,1,1.1,0.01,0.276,0.288,0.01,0,26,0,94.5,324.0,183.3,175.6,0.00,0,-0.9,-2.1
34.40,hold,350.44,-0.44,0.272,1,1423.6,269.8,-9.2,-6.6,-1.10,-2.61,176,176,-1,-1.5,4.4,3.1,3.7,0.01,0.02,0.00,0.00,0.00,0.00,-2.66,0.85,100,-1,0,1,1.2,0.01,0.272,0.287,0.07,0,26,0,94.2,326.4,182.8,176.0,0.00,0,-1.2,-1.8
34.50,hold,350.44,-0.44,0.269,1,1423.5,269.6,-9.1,-6.3,-1.14,-2.64,176,176,-1,-1.8,4.3,2.9,3.9,0.01,0.02,0.00,0.00,0.00,0.00,-2.69,0.89,100,-1,0,1,1.3,0.00,0.269,0.281,0.10,0,26,0,94.2,326.4,182.8,176.0,0.00,0,-1.9,-1.2
34.60,hold,350.45,-0.45,0.269,1,1423.4,269.3,-9.0,-6.1,-1.23,-2.66,176,176,-1,-2.0,4.1,2.7,4.0,0.01,0.01,0.00,0.00,0.00,0.00,-2.72,0.94,100,-1,0,1,1.2,0.00,0.269,0.275,0.09,0,26,0,94.2,326.4,182.8,176.0,0.00,0,-2.5,-0.5
34.70,hold,350.46,-0.46,0.269,1,1423.2,269.0,-8.9,-5.8,-1.32,-2.68,176,176,-1,-2.3,3.8,2.5,4.1,-0.00,-0.00,0.00,0.00,0.00,0.00,-2.74,1.03,100,-1,0,1,1.3,0.00,0.269,0.270,0.08,0,26,0,94.2,326.4,182.8,176.0,0.00,0,-3.2,0.1
34.80,hold,350.46,-0.46,0.269,1,1423.2,269.0,-8.7,-5.5,-1.32,-2.68,176,176,-1,-2.5,3.4,2.1,4.1,-0.01,-0.01,0.00,0.00,0.00,0.00,-2.77,1.12,100,-1,0,1,1.3,-0.00,0.269,0.276,0.07,0,26,0,93.7,333.7,181.8,176.4,0.00,0,-3.2,0.1
34.90,hold,350.48,-0.48,0.267,1,1423.1,268.8,-8.6,-5.3,-1.41,-2.70,176,176,-1,-2.8,3.1,1.7,4.0,-0.01,-0.02,0.00,0.00,0.00,0.00,-2.80,1.21,100,-1,0,1,1.3,-0.00,0.267,0.277,0.08,0,26,0,93.7,333.7,181.8,176.4,0.00,0,-3.6,0.5
35.00,hold,350.49,-0.49,0.264,1,1422.8,268.2,-8.5,-5.0,-1.49,-2.70,176,176,-1,-3.0,2.9,1.4,4.0,-0.00,-0.01,0.00,0.00,0.00,0.00,-2.80,1.25,100,-1,0,1,1.3,-0.00,0.264,0.270,0.12,0,26,0,93.7,333.7,181.8,176.4,0.00,0,-2.8,-0.1
35.10,hold,350.49,-0.49,0.265,1,1422.8,268.2,-8.3,-4.7,-1.49,-2.70,176,176,-1,-3.2,2.7,1.1,4.0,0.00,-0.00,0.00,0.00,0.00,0.00,-2.80,1.30,100,-1,0,1,1.3,-0.00,0.265,0.268,0.08,0,26,0,93.7,333.7,181.8,176.4,0.00,0,-2.8,-0.1
35.20,hold,350.49,-0.49,0.269,1,1422.6,267.9,-8.1,-4.4,-1.58,-2.69,176,177,-1,-3.3,2.3,1.0,4.0,0.01,0.01,0.00,0.00,0.00,0.00,-2.79,1.39,100,-1,0,1,1.3,-0.01,0.269,0.278,-0.00,0,26,0,93.2,347.2,180.7,176.8,0.00,0,-1.8,-0.0
35.30,hold,350.48,-0.48,0.275,1,1422.5,267.7,-8.0,-4.2,-1.63,-2.68,176,177,-1,-3.5,2.1,0.9,4.0,0.00,0.03,0.00,0.00,0.00,0.00,-2.78,1.44,100,-1,0,1,1.2,-0.01,0.275,0.286,-0.11,0,26,0,93.2,347.2,180.7,176.8,0.00,0,-0.9,0.2
35.40,hold,350.45,-0.45,0.281,1,1422.1,267.1,-7.8,-3.9,-1.76,-2.66,176,177,-1,-3.6,1.9,0.7,3.9,0.00,0.02,0.00,0.00,0.00,0.00,-2.77,1.49,100,-1,0,1,1.2,-0.01,0.281,0.289,-0.23,0,26,0,93.2,347.2,180.7,176.8,0.00,0,-2.4,0.6
35.50,hold,350.42,-0.42,0.287,1,1422.0,266.9,-7.6,-3.6,-1.76,-2.64,176,177,-1,-3.8,1.5,0.4,3.9,0.00,-0.00,0.00,0.00,0.00,0.00,-2.77,1.58,100,-1,0,1,1.2,-0.01,0.287,0.290,-0.32,0,26,0,93.2,347.2,180.7,176.8,0.00,0,-3.2,0.7
35.60,hold,350.39,-0.39,0.289,1,1421.8,266.6,-7.5,-3.4,-1.85,-2.61,176,177,-1,-3.9,1.4,0.1,3.8,0.01,-0.01,0.00,0.00,0.00,0.00,-2.74,1.59,100,-1,0,1,1.2,-0.01,0.289,0.296,-0.34,0,26,0,92.7,1.8,179.9,177.3,0.00,0,-3.3,0.7
35.70,hold,350.37,-0.37,0.286,1,1421.6,266.4,-7.3,-3.1,-1.93,-2.58,177,177,-1,-4.0,1.0,-0.3,3.7,0.01,-0.02,0.00,0.00,0.00,0.00,-2.72,1.69,100,-1,0,0,1.2,-0.02,0.286,0.296,-0.27,0,26,0,92.7,1.8,179.9,177.3,0.00,0,-3.5,0.7
35.80,hold,350.35,-0.35,0.283,1,1421.6,266.4,-7.1,-2.9,-1.93,-2.58,177,177,-1,-4.1,0.6,-0.6,3.6,0.01,-0.02,0.00,0.00,0.00,0.00,-2.69,1.78,100,-1,0,0,1.2,-0.02,0.283,0.296,-0.21,0,26,0,92.7,1.8,179.9,177.3,0.00,0,-3.5,0.7
35.90,hold,350.34,-0.34,0.280,1,1421.2,265.9,-6.9,-2.6,-2.02,-2.50,177,177,-1,-4.2,0.5,-1.0,3.6,0.01,-0.03,0.00,0.00,0.00,0.00,-2.65,1.79,100,-1,0,0,1.2,-0.02,0.280,0.295,-0.14,0,26,0,92.7,1.8,179.9,177.3,0.00,0,-3.8,0.8
36.00,hold,350.33,-0.33,0.277,1,1421.0,265.6,-6.7,-2.4,-2.07,-2.45,177,178,-1,-4.2,0.1,-1.4,3.5,0.01,-0.03,0.00,0.00,0.00,0.00,-2.61,1.88,100,-1,0,0,1.2,-0.02,0.277,0.295,-0.08,0,26,0,92.3,33.5,178.5,177.7,0.00,0,-3.6,1.0
36.10,hold,350.33,-0.33,0.275,1,1420.8,265.4,-6.5,-2.1,-2.11,-2.40,177,178,-1,-4.2,-0.2,-1.7,3.4,0.01,-0.03,0.00,0.00,0.00,0.00,-2.55,1.94,100,-1,0,-0,1.2,-0.03,0.275,0.291,-0.04,0,26,0,92.3,33.5,178.5,177.7,0.00,0,-3.1,1.6
36.20,hold,350.33,-0.33,0.275,1,1420.6,265.1,-6.3,-1.9,-2.15,-2.32,177,178,-1,-4.2,-0.5,-2.0,3.2,0.00,-0.02,0.00,0.00,0.00,0.00,-2.50,1.99,100,-1,0,-0,1.0,-0.03,0.275,0.286,-0.05,0,26,0,92.3,33.5,178.5,177.7,0.00,0,-2.4,2.3
36.30,hold,350.33,-0.33,0.276,1,1420.6,265.1,-6.1,-1.6,-2.15,-2.32,177,178,-1,-4.2,-0.7,-2.2,2.9,-0.01,-0.02,0.00,0.00,0.00,0.00,-2.42,2.04,100,-1,0,-0,1.0,-0.02,0.276,0.284,-0.06,0,26,0,92.3,33.5,178.5,177.7,0.00,0,-2.4,2.3
36.40,hold,350.33,-0.33,0.276,1,1420.1,264.7,-5.9,-1.4,-2.20,-2.16,177,178,-1,-4.1,-1.0,-2.4,2.6,-0.01,-0.01,0.00,0.00,0.00,0.00,-2.35,2.09,100,-1,0,-0,0.5,-0.02,0.276,0.284,-0.07,0,26,0,91.9,52.3,177.5,178.0,0.00,0,-1.2,3.2
36.50,hold,350.33,-0.33,0.275,1,1420.1,264.7,-5.6,-1.2,-2.20,-2.16,177,178,-1,-4.0,-1.2,-2.5,2.3,-0.02,-0.00,0.00,0.00,0.00,0.00,-2.26,2.10,100,-1,0,-0,0.5,-0.02,0.275,0.284,-0.05,0,26,0,91.9,52.3,177.5,178.0,0.00,0,-1.2,3.2
36.60,hold,350.34,-0.34,0.271,1,1419.9,264.5,-5.4,-1.0,-2.29,-2.10,178,178,-1,-4.0,-1.6,-2.6,2.0,-0.02,-0.01,0.00,0.00,0.00,0.00,-2.19,2.19,100,-1,0,-1,0.3,-0.02,0.271,0.280,0.02,0,26,0,91.9,52.3,177.5,178.0,0.00,0,-1.2,3.3
36.70,hold,350.35,-0.35,0.268,1,1419.5,264.1,-5.2,-0.8,-2.29,-1.94,178,178,-1,-3.9,-1.7,-2.7,1.7,-0.01,-0.00,0.00,0.00,0.00,0.00,-2.11,2.20,100,-1,0,-1,0.2,-0.02,0.268,0.275,0.05,0,26,0,91.9,52.3,177.5,178.0,0.00,0,-0.8,2.3
36.80,hold,350.35,-0.35,0.270,1,1419.2,263.9,-5.0,-0.6,-2.29,-1.88,178,178,-1,-3.8,-1.9,-2.8,1.5,0.00,-0.00,0.00,0.00,0.00,0.00,-2.03,2.21,100,-1,0,-1,0.1,-0.02,0.270,0.271,0.02,0,26,0,91.9,56.9,177.1,178.1,0.00,0,-0.9,1.1
36.90,hold,350.34,-0.34,0.274,1,1419.2,263.9,-4.7,-0.4,-2.29,-1.88,178,178,-1,-3.7,-2.1,-2.9,1.4,0.02,-0.01,0.00,0.00,0.00,0.00,-1.97,2.21,100,-1,0,-1,0.1,-0.02,0.274,0.284,-0.07,0,26,0,91.9,56.9,177.1,178.1,0.00,0,-0.9,1.1
37.00,hold,350.34,-0.34,0.275,1,1419.0,263.7,-4.5,-0.2,-2.29,-1.81,178,178,-1,-3.6,-2.2,-3.0,1.4,0.03,-0.01,0.00,0.00,0.00,0.00,-1.90,2.22,100,-1,0,-1,0.1,-0.02,0.275,0.289,-0.09,0,26,0,91.9,56.9,177.1,178.1,0.00,0,-1.2,0.5
37.10,hold,350.33,-0.33,0.273,1,1418.8,263.5,-4.3,-0.0,-2.29,-1.74,178,178,-1,-3.5,-2.4,-3.1,1.3,0.02,-0.01,0.00,0.00,0.00,0.00,-1.82,2.22,100,-1,0,-1,0.1,-0.02,0.273,0.285,-0.05,0,26,0,91.9,56.9,177.1,178.1,0.00,0,-1.1,0.8
37.20,hold,350.33,-0.33,0.273,1,1418.3,263.2,-4.0,0.1,-2.29,-1.59,178,178,-1,-3.4,-2.5,-3.1,1.2,0.01,-0.00,0.00,0.00,0.00,0.00,-1.74,2.22,100,-1,0,-1,0.1,-0.02,0.273,0.279,-0.06,0,26,0,91.8,59.7,176.9,178.1,0.00,0,0.0,1.9
37.30,hold,350.33,-0.33,0.274,1,1418.3,263.2,-3.8,0.3,-2.29,-1.59,178,178,-1,-3.3,-2.7,-3.1,1.0,0.00,0.00,0.00,0.00,0.00,0.00,-1.67,2.23,100,-1,0,-1,0.1,-0.02,0.274,0.276,-0.07,0,26,0,91.8,59.7,176.9,178.1,0.00,0,0.0,1.9
37.40,hold,350.33,-0.33,0.272,1,1417.9,262.9,-3.6,0.5,-2.29,-1.44,178,178,-1,-3.1,-2.8,-3.1,0.7,-0.00,0.00,0.00,0.00,0.00,0.00,-1.58,2.23,100,-1,0,-1,0.1,-0.02,0.272,0.274,-0.05,0,26,0,91.8,59.7,176.9,178.1,0.00,0,0.1,2.4
37.50,hold,350.33,-0.33,0.269,1,1417.9,262.9,-3.4,0.6,-2.29,-1.44,178,178,-1,-3.0,-3.0,-3.1,0.5,-0.00,-0.00,0.00,0.00,0.00,0.00,-1.52,2.23,100,-1,0,-1,0.1,-0.02,0.269,0.269,0.01,0,26,0,91.8,59.7,176.9,178.1,0.00,0,0.1,2.4
37.60,hold,350.35,-0.35,0.265,1,1417.6,262.8,-3.1,0.7,-2.29,-1.35,178,178,-1,-2.9,-3.1,-3.1,0.3,-0.00,-0.00,0.00,0.00,0.00,0.00,-1.43,2.24,100,-1,0,-1,0.1,-0.02,0.265,0.267,0.08,0,26,0,91.8,59.2,176.9,178.1,0.00,0,-0.1,2.2
37.70,hold,350.37,-0.37,0.260,1,1417.2,262.5,-2.9,0.9,-2.24,-1.22,178,178,-1,-2.7,-3.3,-3.1,0.1,-0.00,-0.01,0.00,0.00,0.00,0.00,-1.36,2.24,100,-1,0,-1,0.1,-0.02,0.260,0.264,0.14,0,26,0,91.8,59.2,176.9,178.1,0.00,0,-0.1,2.2
37.80,hold,350.38,-0.38,0.260,1,1417.2,262.5,-2.7,1.0,-2.24,-1.22,178,178,-1,-2.6,-3.3,-3.1,-0.1,0.00,-0.01,0.00,0.00,0.00,0.00,-1.29,2.20,100,-1,0,-1,0.1,-0.02,0.260,0.263,0.12,0,26,0,91.8,59.2,176.9,178.1,0.00,0,-0.1,2.2
37.90,hold,350.37,-0.37,0.269,1,1417.0,262.4,-2.5,1.1,-2.20,-1.15,178,178,-1,-2.5,-3.3,-3.1,-0.3,0.00,-0.01,0.00,0.00,0.00,0.00,-1.23,2.16,100,-1,0,-1,0.1,-0.02,0.269,0.272,-0.06,0,26,0,91.8,59.2,176.9,178.1,0.00,0,0.1,1.7
38.00,hold,350.32,-0.32,0.282,1,1416.5,262.2,-2.2,1.2,-2.20,-1.03,178,178,-1,-2.4,-3.4,-3.1,-0.5,0.00,-0.01,0.00,0.00,0.00,0.00,-1.17,2.16,100,-1,0,-1,0.1,-0.02,0.282,0.286,-0.28,0,26,0,91.9,59.1,176.9,178.2,0.00,0,0.1,2.1
38.10,hold,350.30,-0.30,0.290,1,1416.5,262.2,-2.0,1.3,-2.20,-1.03,178,178,-1,-2.3,-3.6,-3.1,-0.7,-0.00,-0.01,0.00,0.00,0.00,0.00,-1.11,2.16,100,-1,0,-1,0.1,-0.02,0.290,0.294,-0.42,0,26,0,91.9,59.1,176.9,178.2,0.00,0,0.1,2.1
38.20,hold,350.27,-0.27,0.290,1,1416.3,262.1,-1.8,1.4,-2.11,-0.97,178,178,-1,-2.2,-3.5,-3.1,-0.9,-0.01,-0.01,0.00,0.00,0.00,0.00,-1.04,2.08,100,-1,0,-1,0.1,-0.02,0.290,0.297,-0.40,0,26,0,91.9,59.1,176.9,178.2,0.00,0,0.3,2.3
38.30,hold,350.24,-0.24,0.288,1,1415.9,261.9,-1.6,1.5,-2.02,-0.82,178,178,-1,-2.0,-3.6,-3.0,-1.2,-0.01,-0.01,0.00,0.00,0.00,0.00,-0.96,2.08,100,-1,0,-1,0.1,-0.02,0.288,0.297,-0.33,0,26,0,91.9,59.1,176.9,178.2,0.00,0,0.0,2.3
38.40,hold,350.22,-0.22,0.286,1,1415.9,261.9,-1.4,1.6,-2.02,-0.82,178,178,-1,-1.8,-3.5,-3.0,-1.4,-0.02,-0.01,0.00,0.00,0.00,0.00,-0.89,1.99,100,-1,0,-1,0.1,-0.02,0.286,0.297,-0.27,0,26,0,91.9,58.3,177.0,178.2,0.00,0,0.0,2.3
38.50,hold,350.20,-0.20,0.283,1,1415.5,261.8,-1.2,1.7,-1.93,-0.69,178,178,-1,-1.7,-3.6,-3.1,-1.7,-0.02,-0.02,0.00,0.00,0.00,0.00,-0.82,2.00,100,-1,0,-1,0.1,-0.02,0.283,0.296,-0.20,0,26,0,91.9,58.3,177.0,178.2,0.00,0,-0.3,2.5
38.60,hold,350.20,-0.20,0.280,1,1415.5,261.8,-1.0,1.7,-1.93,-0.69,178,178,-1,-1.5,-3.5,-3.1,-1.9,-0.02,-0.02,0.00,0.00,0.00,0.00,-0.76,1.91,100,-1,0,-1,0.1,-0.02,0.280,0.297,-0.14,0,26,0,91.9,58.3,177.0,178.2,0.00,0,-0.3,2.5
38.70,hold,350.19,-0.19,0.277,1,1415.1,261.6,-0.8,1.8,-1.85,-0.56,178,178,-1,-1.4,-3.5,-3.1,-2.2,-0.02,-0.03,0.00,0.00,0.00,0.00,-0.69,1.87,100,-1,0,-1,0.1,-0.02,0.277,0.296,-0.07,0,26,0,91.9,58.3,177.0,178.2,0.00,0,-0.3,2.2
38.80,hold,350.19,-0.19,0.275,1,1414.9,261.6,-0.6,1.9,-1.76,-0.49,178,178,-1,-1.2,-3.5,-3.2,-2.4,-0.02,-0.02,0.00,0.00,0.00,0.00,-0.62,1.83,100,-1,0,-1,0.0,-0.02,0.275,0.292,-0.03,0,26,0,91.9,58.8,176.9,178.3,0.00,0,0.1,1.5
38.90,hold,350.19,-0.19,0.275,1,1414.8,261.5,-0.4,1.9,-1.67,-0.43,178,178,-1,-1.1,-3.3,-3.1,-2.5,-0.01,-0.02,0.00,0.00,0.00,0.00,-0.55,1.74,100,-1,0,-1,-0.1,-0.02,0.275,0.288,-0.04,0,26,0,91.9,58.8,176.9,178.3,0.00,0,0.7,1.1
39.00,hold,350.19,-0.19,0.276,1,1414.8,261.5,-0.3,2.0,-1.67,-0.43,178,178,-1,-0.9,-3.2,-3.0,-2.6,-0.01,-0.01,0.00,0.00,0.00,0.00,-0.48,1.66,100,-1,0,-1,-0.1,-0.02,0.276,0.283,-0.05,0,26,0,91.9,58.8,176.9,178.3,0.00,0,0.7,1.1
39.10,hold,350.18,-0.18,0.276,1,1414.6,261.5,-0.1,2.0,-1.67,-0.36,178,178,-1,-0.7,-3.3,-2.9,-2.7,0.00,-0.00,0.00,0.00,0.00,0.00,-0.42,1.66,100,-1,0,-1,-0.3,-0.02,0.276,0.278,-0.06,0,26,0,91.9,58.8,176.9,178.3,0.00,0,1.5,0.7
39.20,hold,350.18,-0.18,0.275,1,1414.3,261.4,0.1,2.0,-1.49,-0.23,178,178,-1,-0.5,-3.1,-2.8,-2.7,0.00,-0.00,0.00,0.00,0.00,0.00,-0.35,1.57,100,-1,0,-1,-0.4,-0.02,0.275,0.277,-0.04,0,26,0,92.0,53.7,177.3,178.2,0.00,0,1.4,0.3
39.30,hold,350.18,-0.18,0.272,1,1414.3,261.4,0.2,2.1,-1.49,-0.23,178,178,-1,-0.4,-3.0,-2.6,-2.7,-0.00,-0.00,0.00,0.00,0.00,0.00,-0.28,1.49,100,-1,0,-1,-0.4,-0.02,0.272,0.274,0.02,0,26,0,92.0,53.7,177.3,178.2,0.00,0,1.4,0.3
39.40,hold,350.20,-0.20,0.268,1,1414.0,261.4,0.4,2.1,-1.36,-0.13,178,178,-1,-0.2,-2.8,-2.5,-2.8,-0.00,-0.01,0.00,0.00,0.00,0.00,-0.23,1.40,100,-1,0,-1,-0.4,-0.01,0.268,0.272,0.08,0,26,0,92.0,53.7,177.3,178.2,0.00,0,1.1,0.4
39.50,hold,350.21,-0.21,0.264,1,1413.9,261.4,0.5,2.1,-1.32,-0.09,178,178,-1,-0.1,-2.8,-2.4,-2.8,-0.00,-0.01,0.00,0.00,0.00,0.00,-0.18,1.36,100,-1,0,-1,-0.4,-0.01,0.264,0.269,0.15,0,26,0,92.0,53.7,177.3,178.2,0.00,0,1.5,0.4
39.60,hold,350.23,-0.23,0.262,1,1413.9,261.4,0.6,2.1,-1.32,-0.09,178,178,-1,0.0,-2.7,-2.2,-2.8,-0.01,-0.00,0.00,0.00,0.00,0.00,-0.13,1.31,100,-1,0,-1,-0.4,-0.01,0.262,0.265,0.15,0,26,0,92.1,44.8,177.9,178.0,0.00,0,1.5,0.4
39.70,hold,350.23,-0.23,0.268,1,1413.7,261.4,0.8,2.1,-1.23,-0.04,178,178,-1,0.2,-2.6,-2.0,-2.8,-0.00,0.01,0.00,0.00,0.00,0.00,-0.09,1.23,100,-1,0,-1,-0.4,-0.01,0.268,0.273,0.04,0,26,0,92.1,44.8,177.9,178.0,0.00,0,2.2,0.2
39.80,hold,350.21,-0.21,0.277,1,1413.6,261.4,0.9,2.1,-1.14,-0.01,178,178,-1,0.3,-2.4,-1.7,-2.8,-0.00,0.01,0.00,0.00,0.00,0.00,-0.05,1.14,100,-1,0,-1,-0.4,-0.01,0.277,0.283,-0.14,0,26,0,92.1,44.8,177.9,178.0,0.00,0,2.5,-0.1
39.90,hold,350.18,-0.18,0.287,1,1413.5,261.4,1.0,2.1,-1.14,0.01,178,178,-1,0.3,-2.5,-1.6,-2.8,-0.00,0.00,0.00,0.00,0.00,0.00,-0.03,1.14,100,-1,0,-1,-0.4,-0.01,0.287,0.288,-0.31,0,26,0,92.1,44.8,177.9,178.0,0.00,0,1.9,-0.1
40.00,hold,350.13,-0.13,0.290,1,1413.3,261.4,1.1,2.1,-0.97,0.07,178,178,-1,0.4,-2.3,-1.5,-2.8,-0.00,-0.01,0.00,0.00,0.00,0.00,0.01,1.06,100,-1,0,-1,-0.3,-0.02,0.290,0.295,-0.33,0,26,0,92.3,30.8,178.6,177.8,0.00,0,0.7,0.0
40.10,hold,350.12,-0.12,0.287,1,1413.3,261.4,1.2,2.1,-0.97,0.07,178,178,-1,0.5,-2.1,-1.4,-2.8,-0.01,-0.01,0.00,0.00,0.00,0.00,0.03,0.97,100,-1,0,-1,-0.3,-0.01,0.287,0.294,-0.26,0,26,0,92.3,30.8,178.6,177.8,0.00,0,0.7,0.0
40.20,hold,350.10,-0.10,0.285,1,1413.2,261.4,1.3,2.1,-0.88,0.09,178,178,-1,0.6,-1.9,-1.3,-2.8,-0.01,-0.01,0.00,0.00,0.00,0.00,0.06,0.88,100,-1,0,-1,-0.5,-0.01,0.285,0.294,-0.20,0,26,0,92.3,30.8,178.6,177.8,0.00,0,1.0,0.1
40.30,hold,350.09,-0.09,0.282,1,1413.1,261.4,1.4,2.1,-0.79,0.14,178,178,-1,0.7,-1.9,-1.3,-2.8,-0.01,-0.02,0.00,0.00,0.00,0.00,0.09,0.88,100,-1,0,-1,-0.5,-0.01,0.282,0.292,-0.13,0,26,0,92.3,30.8,178.6,177.8,0.00,0,0.5,0.1
40.40,hold,350.09,-0.09,0.279,1,1413.0,261.4,1.4,2.1,-0.70,0.16,178,178,-1,0.8,-1.7,-1.2,-2.8,-0.01,-0.02,0.00,0.00,0.00,0.00,0.11,0.80,100,-1,0,-1,-0.7,-0.01,0.279,0.291,-0.07,0,26,0,92.5,24.3,178.9,177.6,0.00,0,0.5,0.3
40.50,hold,350.09,-0.09,0.275,1,1413.0,261.4,1.5,2.1,-0.70,0.16,178,178,-1,0.8,-1.5,-1.2,-2.9,-0.02,-0.02,0.00,0.00,0.00,0.00,0.14,0.71,100,-1,0,-1,-0.7,-0.00,0.275,0.290,-0.00,0,26,0,92.5,24.3,178.9,177.6,0.00,0,0.5,0.3
40.60,hold,350.09,-0.09,0.273,1,1412.9,261.5,1.6,2.0,-0.66,0.18,178,178,-1,0.9,-1.4,-1.2,-2.9,-0.01,-0.02,0.00,0.00,0.00,0.00,0.15,0.67,100,-1,0,-1,-0.5,-0.00,0.273,0.285,0.04,0,26,0,92.5,24.3,178.9,177.6,0.00,0,0.5,-0.0
40.70,hold,350.09,-0.09,0.273,1,1412.8,261.5,1.7,2.0,-0.53,0.22,178,178,-1,1.0,-1.3,-1.1,-2.8,-0.00,-0.01,0.00,0.00,0.00,0.00,0.17,0.62,100,-1,0,-1,-0.4,-0.00,0.273,0.280,0.03,0,26,0,92.5,24.3,178.9,177.6,0.00,0,1.2,-1.0
40.80,hold,350.09,-0.09,0.274,1,1412.8,261.5,1.7,2.0,-0.53,0.22,178,177,-1,1.0,-1.1,-0.9,-2.7,0.00,-0.01,0.00,0.00,0.00,0.00,0.20,0.54,100,-1,0,-1,-0.4,-0.01,0.274,0.277,0.02,0,26,0,92.6,17.4,179.2,177.4,0.00,0,1.2,-1.0
40.90,hold,350.09,-0.09,0.273,1,1412.7,261.5,1.8,2.0,-0.44,0.23,178,177,-1,1.1,-0.9,-0.8,-2.5,0.00,-0.00,0.00,0.00,0.00,0.00,0.21,0.45,100,-1,0,-1,-0.4,-0.00,0.273,0.276,0.04,0,26,0,92.6,17.4,179.2,177.4,0.00,0,1.4,-1.4
41.00,hold,350.11,-0.11,0.269,1,1412.7,261.6,1.8,1.9,-0.44,0.24,178,177,-1,1.1,-0.9,-0.7,-2.4,0.01,-0.01,0.00,0.00,0.00,0.00,0.22,0.45,100,-1,0,-1,-0.4,-0.00,0.269,0.273,0.10,0,26,0,92.6,17.4,179.2,177.4,0.00,0,1.3,-1.4
41.10,hold,350.12,-0.12,0.265,1,1412.6,261.6,1.8,1.9,-0.35,0.26,178,177,-1,1.2,-0.7,-0.6,-2.3,0.00,-0.01,0.00,0.00,0.00,0.00,0.25,0.36,100,-1,0,-1,-0.4,-0.00,0.265,0.269,0.17,0,26,0,92.6,17.4,179.2,177.4,0.00,0,1.3,-1.2
41.20,hold,350.14,-0.14,0.262,1,1412.6,261.6,1.9,1.9,-0.26,0.26,178,177,-1,1.2,-0.7,-0.4,-2.2,-0.00,-0.00,0.00,0.00,0.00,0.00,0.25,0.36,100,-1,0,-1,-0.3,-0.00,0.262,0.264,0.20,0,26,0,92.8,7.0,179.7,177.2,0.00,0,1.6,-0.6
41.30,hold,350.15,-0.15,0.263,1,1412.6,261.6,1.9,1.9,-0.26,0.26,177,177,-1,1.3,-0.5,-0.2,-2.1,-0.01,0.01,0.00,0.00,0.00,0.00,0.25,0.28,100,-1,0,-0,-0.3,-0.00,0.263,0.270,0.17,0,26,0,92.8,7.0,179.7,177.2,0.00,0,1.6,-0.6
41.35,fly,350.15,-250.15,0.120,1,1412.6,261.7,1.9,1.9,-0.26,0.26,177,177,-1,-0.4,-1.9,-0.1,-2.1,-0.00,0.00,0.00,0.00,0.00,0.00,0.25,0.28,100,-1,0,0,-0.4,0.01,0.120,0.122,0.17,0,26,0,92.8,0.3,180.0,177.2,0.00,0,2.4,-0.6
41.45,fly,350.14,-250.14,0.120,1,1412.6,261.7,1.9,1.8,-0.18,0.26,177,177,-1,-0.4,-1.9,0.1,-2.0,0.01,0.04,0.00,0.00,0.00,0.00,0.25,0.28,100,-1,0,0,-0.4,0.01,0.120,0.139,0.03,0,26,0,92.8,0.3,180.0,177.2,0.00,0,2.0,-0.8
41.55,fly,350.07,-250.07,0.120,1,1412.5,261.7,1.9,1.8,-0.18,0.26,177,177,-1,-0.4,-1.7,0.3,-1.9,0.01,0.04,0.00,0.00,0.00,0.00,0.26,0.19,100,-1,0,0,-0.4,0.01,0.120,0.138,-0.17,0,26,0,92.8,0.3,180.0,177.2,0.00,0,1.9,-0.8
41.65,fly,349.92,-249.92,0.120,1,1412.5,261.7,2.0,1.8,-0.18,0.25,177,177,-1,-0.4,-1.7,0.4,-1.9,0.00,0.03,0.00,0.00,0.00,0.00,0.26,0.19,100,-1,0,0,-0.3,0.01,0.120,0.134,-0.89,0,26,0,92.8,0.3,180.0,177.2,0.00,0,1.2,-0.3
41.75,fly,349.71,-249.71,0.120,1,1412.5,261.8,2.0,1.8,-0.18,0.24,177,177,-1,-0.4,-1.7,0.5,-1.9,-0.00,0.02,0.00,0.00,0.00,0.00,0.24,0.19,100,-1,0,0,0.0,0.01,0.120,0.130,-1.62,0,26,0,93.0,348.3,180.6,177.0,0.00,0,0.0,0.0
41.85,fly,349.42,-249.42,0.120,1,1412.5,261.8,2.0,1.7,-0.18,0.22,177,177,-1,-0.4,-1.7,0.5,-2.0,-0.01,0.01,0.00,0.00,0.00,0.00,0.23,0.19,100,-1,0,0,-0.2,0.00,0.120,0.129,-2.34,0,26,0,93.0,348.3,180.6,177.0,0.00,0,-0.2,1.0
41.95,fly,349.06,-249.06,0.120,1,1412.5,261.8,2.0,1.7,-0.18,0.22,177,177,-1,-0.5,-1.7,0.5,-2.1,-0.02,0.00,0.00,0.00,0.00,0.00,0.21,0.19,100,-1,0,0,-0.1,0.01,0.120,0.129,-3.05,0,26,0,93.0,348.3,180.6,177.0,0.00,0,-0.4,1.0
42.05,fly,348.62,-248.62,0.120,1,1412.5,261.8,2.0,1.7,-0.09,0.22,177,177,-1,-0.4,-1.7,0.4,-2.2,-0.02,0.00,0.00,0.00,0.00,0.00,0.21,0.19,100,-1,0,0,-0.1,0.01,0.120,0.129,-3.82,0,26,0,93.0,348.3,180.6,177.0,0.00,0,-0.4,0.9
42.15,fly,348.11,-248.11,0.120,1,1412.5,261.9,2.0,1.7,-0.09,0.22,177,177,-1,-0.4,-1.5,0.4,-2.3,-0.02,0.00,0.00,0.00,0.00,0.00,0.22,0.10,100,-1,0,0,-0.1,0.01,0.120,0.129,-4.59,0,26,0,93.0,350.7,180.5,177.0,0.00,0,-0.6,1.1
42.25,fly,347.52,-247.52,0.120,1,1412.4,261.9,2.0,1.6,-0.09,0.20,177,177,-1,-0.4,-1.5,0.3,-2.4,-0.02,-0.00,0.00,0.00,0.00,0.00,0.22,0.10,100,-1,0,0,-0.1,0.01,0.120,0.129,-5.36,0,26,0,93.0,350.7,180.5,177.0,0.00,0,-0.7,1.1
42.35,fly,346.85,-246.85,0.120,1,1412.4,261.9,2.1,1.6,-0.09,0.20,177,177,-1,-0.5,-1.5,0.3,-2.4,-0.02,-0.00,0.00,0.00,0.00,0.00,0.19,0.10,100,-1,0,0,-0.1,0.01,0.120,0.130,-6.11,0,26,0,93.0,350.7,180.5,177.0,0.00,0,-0.4,0.7
42.45,fly,346.11,-246.11,0.120,1,1412.4,261.9,2.1,1.6,-0.09,0.20,177,177,-1,-0.5,-1.5,0.2,-2.5,-0.03,-0.00,0.00,0.00,0.00,0.00,0.19,0.10,100,-1,0,0,-0.1,0.01,0.120,0.131,-6.87,0,26,0,93.0,350.7,180.5,177.0,0.00,0,-0.6,1.0
42.55,fly,345.29,-245.29,0.120,1,1412.4,261.9,2.1,1.6,-0.09,0.20,177,177,-1,-0.4,-1.5,0.1,-2.6,-0.03,-0.00,0.00,0.00,0.00,0.00,0.19,0.10,100,-1,0,0,-0.1,0.01,0.120,0.132,-7.61,0,26,0,93.0,354.9,180.3,177.0,0.00,0,-0.7,1.1
42.65,fly,344.41,-244.41,0.120,1,1412.4,261.9,2.1,1.6,-0.04,0.20,177,177,-1,-0.4,-1.5,0.1,-2.7,-0.03,-0.00,0.00,0.00,0.00,0.00,0.19,0.10,100,-1,0,0,-0.1,0.01,0.120,0.133,-8.35,0,26,0,93.0,354.9,180.3,177.0,0.00,0,-0.7,1.0
42.75,fly,343.45,-243.45,0.120,1,1412.4,262.0,2.1,1.6,0.00,0.20,177,177,-1,-0.4,-1.4,-0.0,-2.8,-0.03,-0.01,0.00,0.00,0.00,0.00,0.20,0.05,100,-1,0,0,-0.1,0.01,0.120,0.134,-9.08,0,26,0,93.0,354.9,180.3,177.0,0.00,0,-0.7,1.0
42.85,fly,342.41,-242.41,0.120,1,1412.4,262.0,2.1,1.5,0.00,0.18,177,177,-1,-0.4,-1.3,-0.1,-2.9,-0.03,-0.01,0.00,0.00,0.00,0.00,0.20,0.01,100,-1,0,0,-0.1,0.01,0.120,0.136,-9.80,0,26,0,93.0,354.9,180.3,177.0,0.00,0,-1.0,1.2
42.95,fly,341.31,-241.31,0.120,1,1412.4,262.0,2.1,1.5,0.00,0.18,177,177,-1,-0.5,-1.3,-0.1,-3.0,-0.03,-0.00,0.00,0.00,0.00,0.00,0.18,0.01,100,-1,0,0,-0.1,0.01,0.120,0.132,-10.52,0,26,0,93.1,359.3,180.0,176.9,0.00,0,-0.5,0.8
43.05,fly,340.15,-240.15,0.120,1,1412.4,262.0,2.1,1.5,0.00,0.18,177,177,-1,-0.4,-1.3,-0.1,-3.0,-0.02,0.01,0.00,0.00,0.00,0.00,0.18,0.01,100,-1,0,0,-0.1,0.01,0.120,0.130,-11.17,0,26,0,93.1,359.3,180.0,176.9,0.00,0,0.4,-0.2
43.15,fly,338.92,-238.92,0.120,1,1412.4,262.0,2.1,1.5,0.00,0.18,177,177,-1,-0.4,-1.3,-0.1,-3.0,-0.02,0.01,0.00,0.00,0.00,0.00,0.18,0.01,100,-1,0,0,0.0,0.01,0.120,0.130,-11.80,0,26,0,93.1,359.3,180.0,176.9,0.00,0,0.0,0.0
43.25,fly,337.62,-237.62,0.120,1,1412.4,262.1,2.1,1.5,0.09,0.18,177,177,-1,-0.4,-1.3,-0.1,-2.9,-0.01,0.01,0.00,0.00,0.00,0.00,0.18,0.01,100,-1,0,0,0.0,0.01,0.120,0.129,-12.49,0,26,0,93.1,359.3,180.0,176.9,0.00,0,0.0,0.0
43.35,fly,336.25,-236.25,0.120,1,1412.4,262.1,2.1,1.4,0.09,0.18,177,177,-1,-0.4,-1.0,-0.0,-2.9,-0.02,0.01,0.00,0.00,0.00,0.00,0.18,-0.08,100,-1,0,0,0.0,0.01,0.120,0.130,-13.18,0,26,0,93.1,357.9,180.1,176.9,0.00,0,0.0,0.0
43.45,fly,334.81,-234.81,0.120,1,1412.4,262.1,2.1,1.4,0.09,0.18,177,177,-1,-0.4,-1.0,-0.0,-2.9,-0.02,0.01,0.00,0.00,0.00,0.00,0.18,-0.08,100,-1,0,0,0.0,0.01,0.120,0.130,-13.87,0,26,0,93.1,357.9,180.1,176.9,0.00,0,0.0,0.0
43.55,fly,333.30,-233.30,0.120,1,1412.4,262.1,2.1,1.4,0.09,0.18,177,177,-1,-0.4,-1.0,-0.0,-2.9,-0.02,0.01,0.00,0.00,0.00,0.00,0.18,-0.08,100,-1,0,0,0.1,0.01,0.120,0.130,-14.55,0,26,0,93.1,357.9,180.1,176.9,0.00,0,0.3,-0.6
43.65,fly,331.73,-231.73,0.120,1,1412.5,262.1,2.1,1.4,0.09,0.18,177,177,-1,-0.4,-1.0,-0.0,-2.9,-0.02,0.01,0.00,0.00,0.00,0.00,0.18,-0.08,100,-1,0,0,0.1,0.01,0.120,0.130,-15.23,0,26,0,93.1,357.9,180.1,176.9,0.00,0,0.2,-0.7
43.75,fly,330.09,-230.09,0.120,1,1412.5,262.1,2.0,1.4,0.09,0.18,177,177,-1,-0.4,-1.0,0.0,-2.8,-0.02,0.01,0.00,0.00,0.00,0.00,0.18,-0.08,100,-1,0,0,0.1,0.01,0.120,0.129,-15.89,0,26,0,93.1,357.2,180.2,176.9,0.00,0,0.1,-0.4
43.85,fly,328.38,-228.38,0.120,1,1412.5,262.2,2.0,1.4,0.18,0.15,177,177,-1,-0.4,-1.0,0.0,-2.8,-0.02,0.01,0.00,0.00,0.00,0.00,0.18,-0.08,100,-1,0,0,0.1,0.01,0.120,0.129,-16.56,0,26,0,93.1,357.2,180.2,176.9,0.00,0,0.0,-0.6
43.95,fly,326.61,-226.61,0.120,1,1412.5,262.2,2.0,1.3,0.18,0.15,177,177,-1,-0.4,-0.7,0.0,-2.8,-0.02,0.01,0.00,0.00,0.00,0.00,0.16,-0.17,100,-1,0,0,0.0,0.01,0.120,0.130,-17.22,0,26,0,93.1,357.2,180.2,176.9,0.00,0,0.0,0.0
44.05,fly,324.78,-224.78,0.120,1,1412.5,262.2,2.0,1.3,0.18,0.15,177,177,-1,-0.4,-0.7,-0.0,-2.8,-0.02,0.00,0.00,0.00,0.00,0.00,0.16,-0.17,100,-1,0,0,0.1,0.01,0.120,0.130,-17.87,0,26,0,93.1,357.2,180.2,176.9,0.00,0,-0.1,-0.3
44.15,fly,322.88,-222.88,0.120,1,1412.5,262.2,2.0,1.3,0.18,0.15,177,177,-1,-0.4,-0.7,-0.0,-2.8,-0.02,0.00,0.00,0.00,0.00,0.00,0.16,-0.17,100,-1,0,0,0.0,0.01,0.120,0.130,-18.51,0,26,0,93.0,357.5,180.1,177.0,0.00,0,0.0,0.0
44.25,fly,320.92,-220.92,0.120,1,1412.6,262.2,2.0,1.3,0.18,0.15,177,177,-1,-0.4,-0.7,-0.0,-2.7,-0.02,0.00,0.00,0.00,0.00,0.00,0.16,-0.17,100,-1,0,0,0.1,0.01,0.120,0.130,-19.15,0,26,0,93.0,357.5,180.1,177.0,0.00,0,-0.4,-0.4
44.35,fly,318.89,-218.89,0.120,1,1412.6,262.2,1.9,1.3,0.18,0.15,177,177,-1,-0.4,-0.7,-0.0,-2.7,-0.02,0.00,0.00,0.00,0.00,0.00,0.16,-0.17,100,-1,0,0,0.1,0.01,0.120,0.130,-19.78,0,26,0,93.0,357.5,180.1,177.0,0.00,0,-0.4,-0.3
44.45,fly,316.80,-216.80,0.120,1,1412.6,262.3,1.9,1.3,0.18,0.15,177,177,-1,-0.3,-0.7,-0.1,-2.7,-0.02,0.00,0.00,0.00,0.00,0.00,0.16,-0.17,100,-1,0,0,0.0,0.01,0.120,0.130,-20.41,0,26,0,93.0,357.5,180.1,177.0,0.00,0,-0.0,-0.0
44.55,fly,314.65,-214.65,0.120,1,1412.6,262.3,1.9,1.2,0.22,0.15,177,177,-1,-0.3,-0.7,-0.1,-2.7,-0.02,0.00,0.00,0.00,0.00,0.00,0.16,-0.17,100,-1,0,0,0.0,0.01,0.120,0.130,-21.03,0,26,0,93.0,358.9,180.1,177.0,0.00,0,0.0,0.0
44.65,fly,312.44,-212.44,0.120,1,1412.6,262.3,1.9,1.2,0.26,0.15,177,177,-1,-0.3,-0.5,-0.1,-2.7,-0.03,-0.00,0.00,0.00,0.00,0.00,0.17,-0.21,100,-1,0,0,0.1,0.01,0.120,0.130,-21.64,0,26,0,93.0,358.9,180.1,177.0,0.00,0,-0.8,-0.2
44.75,fly,310.17,-210.17,0.120,1,1412.7,262.3,1.9,1.2,0.26,0.15,177,177,-1,-0.3,-0.4,-0.1,-2.7,-0.03,-0.00,0.00,0.00,0.00,0.00,0.17,-0.26,100,-1,0,0,0.1,0.01,0.120,0.131,-22.25,0,26,0,93.0,358.9,180.1,177.0,0.00,0,-0.6,-0.1
44.85,fly,307.84,-207.84,0.120,1,1412.7,262.3,1.8,1.2,0.26,0.14,177,177,-1,-0.3,-0.4,-0.2,-2.7,-0.03,-0.00,0.00,0.00,0.00,0.00,0.17,-0.26,100,-1,0,0,0.1,0.01,0.120,0.132,-22.85,0,26,0,93.0,358.9,180.1,177.0,0.00,0,-0.6,-0.0
44.95,fly,305.46,-205.46,0.120,1,1412.7,262.3,1.8,1.2,0.26,0.13,177,177,-1,-0.3,-0.4,-0.2,-2.7,-0.03,-0.00,0.00,0.00,0.00,0.00,0.16,-0.26,100,-1,0,0,0.1,0.01,0.120,0.133,-23.44,0,26,0,93.0,1.4,179.9,177.0,0.00,0,-0.8,0.0
45.05,fly,303.01,-203.01,0.120,1,1412.7,262.3,1.8,1.2,0.26,0.13,177,177,-1,-0.3,-0.3,-0.3,-2.7,-0.03,-0.00,0.00,0.00,0.00,0.00,0.15,-0.26,100,-1,0,0,0.0,0.01,0.120,0.133,-24.02,0,26,0,93.0,1.4,179.9,177.0,0.00,0,0.0,0.0
45.15,fly,300.51,-200.51,0.120,1,1412.8,262.4,1.8,1.2,0.26,0.13,177,177,-1,-0.3,-0.3,-0.3,-2.7,-0.03,-0.00,0.00,0.00,0.00,0.00,0.15,-0.26,100,-1,0,0,0.0,0.01,0.120,0.134,-24.60,0,26,0,93.0,1.4,179.9,177.0,0.00,0,-1.1,0.1
45.25,fly,297.95,-197.95,0.120,1,1412.8,262.4,1.7,1.1,0.26,0.13,177,177,-1,-0.3,-0.3,-0.4,-2.7,-0.03,-0.01,0.00,0.00,0.00,0.00,0.15,-0.26,100,-1,0,0,0.0,0.01,0.120,0.135,-25.17,0,26,0,93.0,1.4,179.9,177.0,0.00,0,-0.7,0.1
45.35,fly,295.34,-195.34,0.120,1,1412.8,262.4,1.7,1.1,0.26,0.13,177,177,-1,-0.3,-0.3,-0.4,-2.7,-0.03,-0.00,0.00,0.00,0.00,0.00,0.15,-0.26,100,-1,0,0,0.0,0.01,0.120,0.131,-25.73,0,26,0,93.0,4.4,179.8,177.0,0.00,0,0.0,0.0
45.45,fly,292.68,-192.68,0.120,1,1412.8,262.4,1.7,1.1,0.26,0.13,177,177,-1,-0.3,-0.3,-0.3,-2.6,-0.02,0.01,0.00,0.00,0.00,0.00,0.15,-0.26,100,-1,0,0,0.0,0.01,0.120,0.130,-26.23,0,26,0,93.0,4.4,179.8,177.0,0.00,0,0.4,-0.9
45.55,fly,289.97,-189.97,0.120,1,1412.9,262.4,1.7,1.1,0.26,0.13,177,177,-1,-0.3,-0.3,-0.3,-2.5,-0.01,0.01,0.00,0.00,0.00,0.00,0.15,-0.26,100,-1,0,0,0.1,0.01,0.120,0.129,-26.71,0,26,0,93.0,4.4,179.8,177.0,0.00,0,0.6,-1.2
45.65,fly,287.20,-187.20,0.120,1,1412.9,262.4,1.6,1.1,0.26,0.13,177,177,-1,-0.3,-0.2,-0.2,-2.4,-0.01,0.01,0.00,0.00,0.00,0.00,0.15,-0.26,100,-1,0,0,0.1,0.01,0.120,0.129,-27.24,0,26,0,93.0,4.4,179.8,177.0,0.00,0,0.4,-0.9
45.75,fly,284.38,-184.38,0.120,1,1412.9,262.4,1.6,1.1,0.26,0.13,177,177,-1,-0.3,-0.2,-0.2,-2.3,-0.01,0.01,0.00,0.00,0.00,0.00,0.15,-0.26,100,-1,0,0,0.1,0.01,0.120,0.129,-27.78,0,26,0,93.0,1.4,179.9,177.0,0.00,0,0.3,-0.6
45.85,fly,281.51,-181.51,0.120,1,1412.9,262.4,1.6,1.1,0.26,0.12,177,177,-1,-0.3,-0.2,-0.2,-2.2,-0.01,0.01,0.00,0.00,0.00,0.00,0.15,-0.26,100,-1,0,0,0.1,0.01,0.120,0.128,-28.32,0,26,0,93.0,1.4,179.9,177.0,0.00,0,0.4,-1.0
45.95,fly,278.58,-178.58,0.120,1,1413.0,262.5,1.6,1.1,0.26,0.11,177,177,-1,-0.3,-0.2,-0.1,-2.1,-0.01,0.01,0.00,0.00,0.00,0.00,0.13,-0.26,100,-1,0,0,0.1,0.01,0.120,0.128,-28.85,0,26,0,93.0,1.4,179.9,177.0,0.00,0,0.3,-0.9
46.05,fly,275.60,-175.60,0.120,1,1413.0,262.5,1.5,1.0,0.26,0.11,177,177,-1,-0.3,-0.2,-0.1,-2.0,-0.01,0.01,0.00,0.00,0.00,0.00,0.12,-0.26,100,-1,0,0,0.1,0.01,0.120,0.128,-29.37,0,26,0,93.0,1.4,179.9,177.0,0.00,0,0.4,-1.2
46.15,fly,272.57,-172.57,0.120,1,1413.0,262.5,1.5,1.0,0.26,0.11,177,177,-1,-0.3,-0.2,-0.1,-1.9,-0.01,0.01,0.00,0.00,0.00,0.00,0.12,-0.26,100,-1,0,0,0.0,0.01,0.120,0.128,-29.89,0,26,0,92.9,359.5,180.0,177.1,0.00,0,0.1,-0.5
46.25,fly,269.49,-169.49,0.120,1,1413.1,262.5,1.5,1.0,0.18,0.11,177,177,-1,-0.3,-0.1,-0.1,-1.8,-0.01,0.01,0.00,0.00,0.00,0.00,0.12,-0.26,100,-1,0,0,0.1,0.01,0.120,0.128,-30.40,0,26,0,92.9,359.5,180.0,177.1,0.00,0,0.2,-0.8
46.35,fly,266.36,-166.36,0.120,1,1413.1,262.5,1.4,1.0,0.18,0.11,177,177,-1,-0.3,-0.4,-0.0,-1.7,-0.01,0.01,0.00,0.00,0.00,0.00,0.12,-0.17,100,-1,0,0,0.1,0.01,0.120,0.127,-30.91,0,26,0,92.9,359.5,180.0,177.1,0.00,0,0.1,-0.8
46.45,fly,263.18,-163.18,0.120,1,1413.1,262.5,1.4,1.0,0.18,0.11,177,177,-1,-0.3,-0.4,-0.0,-1.7,-0.01,0.01,0.00,0.00,0.00,0.00,0.12,-0.17,100,-1,0,0,0.1,0.01,0.120,0.126,-31.41,0,26,0,92.9,359.5,180.0,177.1,0.00,0,0.1,-0.9
46.55,fly,259.95,-159.95,0.120,1,1413.1,262.5,1.4,1.0,0.18,0.11,177,177,-1,-0.3,-0.4,-0.0,-1.6,-0.01,0.01,0.00,0.00,0.00,0.00,0.12,-0.17,100,-1,0,0,0.1,0.01,0.120,0.126,-31.91,0,26,0,92.9,358.8,180.1,177.1,0.00,0,0.1,-1.0
46.65,fly,256.68,-156.68,0.120,1,1413.1,262.5,1.4,1.0,0.18,0.11,177,177,-1,-0.3,-0.4,-0.0,-1.5,-0.01,0.01,0.00,0.00,0.00,0.00,0.12,-0.17,100,-1,0,0,0.0,0.01,0.120,0.126,-32.40,0,26,0,92.9,358.8,180.1,177.1,0.00,0,0.0,-1.0
46.75,fly,253.35,-153.35,0.120,1,1413.1,262.5,1.4,1.0,0.18,0.11,177,177,-1,-0.3,-0.4,-0.0,-1.5,-0.01,0.00,0.00,0.00,0.00,0.00,0.12,-0.17,100,-1,0,0,0.0,0.01,0.120,0.126,-32.89,0,26,0,92.9,358.8,180.1,177.1,0.00,0,-0.0,-0.6
46.85,fly,249.98,-149.98,0.120,1,1413.2,262.6,1.4,1.0,0.18,0.10,177,177,-1,-0.3,-0.4,-0.0,-1.4,-0.01,0.00,0.00,0.00,0.00,0.00,0.12,-0.17,100,-1,0,0,0.0,0.01,0.120,0.125,-33.37,0,26,0,92.9,358.8,180.1,177.1,0.00,0,-0.1,-0.5
46.95,fly,246.56,-146.56,0.120,1,1413.2,262.6,1.3,0.9,0.18,0.09,177,177,-1,-0.3,-0.3,-0.0,-1.3,-0.01,0.00,0.00,0.00,0.00,0.00,0.11,-0.17,100,-1,0,0,0.0,0.01,0.120,0.125,-33.84,0,26,0,92.9,359.4,180.0,177.1,0.00,0,-0.2,-1.0
47.05,fly,243.09,-143.09,0.120,1,1413.2,262.6,1.3,0.9,0.18,0.09,177,177,-1,-0.3,-0.3,-0.0,-1.3,-0.01,0.00,0.00,0.00,0.00,0.00,0.10,-0.17,100,-1,0,0,0.0,0.01,0.120,0.125,-34.32,0,26,0,92.9,359.4,180.0,177.1,0.00,0,-0.3,-1.0
47.15,fly,239.58,-139.58,0.120,1,1413.2,262.6,1.3,0.9,0.18,0.09,177,177,-1,-0.3,-0.3,-0.1,-1.2,-0.01,0.00,0.00,0.00,0.00,0.00,0.10,-0.17,100,-1,0,0,0.0,0.01,0.120,0.125,-34.78,0,26,0,92.9,359.4,180.0,177.1,0.00,0,-0.1,-0.3
47.25,fly,236.02,-136.02,0.120,1,1413.2,262.6,1.3,0.9,0.18,0.09,177,177,-1,-0.3,-0.3,-0.1,-1.2,-0.01,0.00,0.00,0.00,0.00,0.00,0.10,-0.17,100,-1,0,0,0.0,0.01,0.120,0.124,-35.24,0,26,0,92.9,359.4,180.0,177.1,0.00,0,-0.2,-0.5
47.35,fly,232.41,-132.41,0.120,1,1413.2,262.6,1.3,0.9,0.18,0.09,177,177,-1,-0.3,-0.3,-0.1,-1.1,-0.01,0.00,0.00,0.00,0.00,0.00,0.10,-0.17,100,-1,0,0,-0.0,0.01,0.120,0.124,-35.70,0,26,0,92.9,1.2,179.9,177.1,0.00,0,-0.3,-0.5
47.45,fly,228.76,-128.76,0.120,1,1413.3,262.6,1.3,0.9,0.18,0.09,177,177,-1,-0.3,-0.3,-0.1,-1.1,-0.01,-0.00,0.00,0.00,0.00,0.00,0.10,-0.17,100,-1,0,0,-0.0,0.01,0.120,0.124,-36.15,0,26,0,92.9,1.2,179.9,177.1,0.00,0,-0.3,-0.5
47.55,fly,225.07,-125.07,0.120,1,1413.3,262.6,1.2,0.9,0.18,0.09,177,177,-1,-0.3,-0.3,-0.2,-1.0,-0.01,-0.00,0.00,0.00,0.00,0.00,0.10,-0.17,100,-1,0,0,-0.0,0.01,0.120,0.125,-36.60,0,26,0,92.9,1.2,179.9,177.1,0.00,0,-0.6,-0.7
47.65,fly,221.33,-121.33,0.120,1,1413.3,262.6,1.2,0.9,0.18,0.09,177,177,-1,-0.3,-0.3,-0.2,-1.0,-0.01,-0.00,0.00,0.00,0.00,0.00,0.10,-0.17,100,-1,0,0,-0.0,0.01,0.120,0.125,-37.04,0,26,0,92.9,1.2,179.9,177.1,0.00,0,-0.2,-0.2
47.75,fly,217.55,-117.55,0.120,1,1413.3,262.6,1.2,0.9,0.09,0.09,177,177,-1,-0.3,-0.3,-0.3,-1.0,-0.01,-0.00,0.00,0.00,0.00,0.00,0.10,-0.17,100,-1,0,0,-0.0,0.01,0.120,0.126,-37.47,0,26,0,92.9,4.1,179.8,177.1,0.00,0,-0.6,-0.5
47.85,fly,213.73,-113.73,0.120,1,1413.3,262.6,1.2,0.9,0.09,0.08,177,177,-1,-0.3,-0.5,-0.3,-0.9,-0.01,-0.00,0.00,0.00,0.00,0.00,0.09,-0.08,100,-1,0,0,-0.0,0.01,0.120,0.125,-37.91,0,26,0,92.9,4.1,179.8,177.1,0.00,0,-0.6,-0.4
47.95,fly,209.86,-109.86,0.120,1,1413.3,262.6,1.2,0.9,0.09,0.07,177,177,-1,-0.3,-0.5,-0.4,-0.9,-0.01,-0.01,0.00,0.00,0.00,0.00,0.08,-0.08,100,-1,0,0,-0.0,0.01,0.120,0.125,-38.33,0,26,0,92.9,4.1,179.8,177.1,0.00,0,-0.6,-0.4
48.05,fly,205.96,-105.96,0.120,1,1413.3,262.7,1.2,0.9,0.09,0.07,177,177,-1,-0.4,-0.5,-0.4,-0.9,-0.01,-0.01,0.00,0.00,0.00,0.00,0.07,-0.08,100,-1,0,0,-0.0,0.01,0.120,0.126,-38.75,0,26,0,92.9,4.1,179.8,177.1,0.00,0,-0.7,-0.4
48.15,fly,202.01,-102.01,0.120,1,1413.3,262.7,1.2,0.8,0.09,0.07,177,177,-1,-0.4,-0.5,-0.5,-0.8,-0.01,-0.01,0.00,0.00,0.00,0.00,0.07,-0.08,100,-1,0,0,-0.0,0.01,0.120,0.126,-39.17,0,26,0,92.9,8.3,179.6,177.1,0.00,0,-0.8,-0.4
48.25,fly,198.02,-98.02,0.120,1,1413.3,262.7,1.2,0.8,0.09,0.07,177,177,-1,-0.4,-0.5,-0.5,-0.8,-0.01,-0.01,0.00,0.00,0.00,0.00,0.07,-0.08,100,-1,0,0,-0.0,0.01,0.120,0.127,-39.58,0,26,0,92.9,8.3,179.6,177.1,0.00,0,-0.7,-0.3
48.35,fly,193.99,-93.99,0.120,1,1413.4,262.7,1.2,0.8,0.09,0.07,177,177,-1,-0.4,-0.5,-0.6,-0.8,-0.01,-0.01,0.00,0.00,0.00,0.00,0.07,-0.08,100,-1,0,0,0.0,0.01,0.120,0.128,-39.99,0,26,0,92.9,8.3,179.6,177.1,0.00,0,0.0,0.0
48.45,fly,189.92,-89.92,0.128,1,1413.4,262.7,1.1,0.8,0.09,0.07,177,177,-1,-0.4,-0.5,-0.7,-0.8,-0.01,-0.01,0.00,0.00,0.00,0.00,0.07,-0.08,100,-1,0,0,-0.0,0.01,0.128,0.136,-40.39,0,26,0,92.9,8.3,179.6,177.1,0.00,0,-0.9,-0.2
48.55,fly,185.81,-85.81,0.195,1,1413.4,262.7,1.1,0.8,0.09,0.04,177,177,-1,-0.4,-0.5,-0.7,-0.7,-0.01,-0.01,0.00,0.00,0.00,0.00,0.07,-0.08,100,-1,0,0,-0.0,0.01,0.195,0.204,-40.79,0,26,0,92.9,13.4,179.3,177.1,0.00,0,-0.8,-0.2
48.65,fly,181.67,-81.67,0.267,1,1413.4,262.7,1.1,0.8,0.09,0.04,177,177,-1,-0.4,-0.5,-0.8,-0.7,-0.00,-0.01,0.00,0.00,0.00,0.00,0.05,-0.09,100,-1,0,0,-0.0,0.01,0.267,0.272,-41.18,0,26,0,92.9,13.4,179.3,177.1,0.00,0,-0.2,-0.4
48.75,fly,177.51,-77.51,0.340,1,1413.4,262.7,1.1,0.8,0.09,0.04,177,177,-1,-0.4,-0.5,-0.8,-0.6,0.00,-0.00,0.00,0.00,0.00,0.00,0.05,-0.09,100,-1,0,0,-0.0,0.01,0.340,0.342,-41.51,0,26,0,92.9,13.4,179.3,177.1,0.00,0,0.2,-1.1
48.85,fly,173.37,-73.37,0.402,1,1413.4,262.7,1.1,0.8,0.09,0.04,177,177,-1,-0.4,-0.5,-0.7,-0.5,0.01,0.01,0.00,0.00,0.00,0.00,0.05,-0.09,100,-1,0,0,-0.0,0.01,0.402,0.411,-41.57,0,26,0,92.9,13.4,179.3,177.1,0.00,0,1.1,-1.1
48.95,fly,169.29,-69.29,0.449,1,1413.4,262.7,1.1,0.8,0.09,0.07,177,177,-1,-0.4,-0.5,-0.6,-0.4,0.01,0.02,0.00,0.00,0.00,0.00,0.05,-0.09,100,-1,0,0,-0.0,0.01,0.449,0.460,-41.27,0,26,0,92.9,10.7,179.4,177.1,0.00,0,0.9,-1.0
49.05,fly,165.31,-65.31,0.476,1,1413.4,262.7,1.1,0.8,0.09,0.07,177,177,-1,-0.3,-0.5,-0.5,-0.3,0.00,0.01,0.00,0.00,0.00,0.00,0.07,-0.08,100,-1,0,0,0.0,0.01,0.476,0.481,-40.55,0,26,0,92.9,10.7,179.4,177.1,0.00,0,0.0,0.0
49.15,fly,161.43,-61.43,0.492,1,1413.4,262.7,1.1,0.8,0.09,0.07,177,177,-1,-0.3,-0.5,-0.5,-0.2,-0.00,0.00,0.00,0.00,0.00,0.00,0.07,-0.08,100,-1,0,0,-0.0,0.01,0.492,0.493,-39.59,0,26,0,92.9,10.7,179.4,177.1,0.00,0,0.0,-0.1
49.25,fly,157.67,-57.67,0.504,1,1413.4,262.7,1.1,0.8,0.09,0.09,177,177,-1,-0.3,-0.5,-0.5,-0.2,-0.00,-0.00,0.00,0.00,0.00,0.00,0.07,-0.08,100,-1,0,0,-0.0,0.01,0.504,0.506,-38.55,0,26,0,92.9,10.7,179.4,177.1,0.00,0,-0.3,-0.4
49.35,fly,154.04,-54.04,0.502,1,1413.4,262.7,1.1,0.8,0.09,0.09,177,177,-1,-0.3,-0.5,-0.6,-0.2,-0.00,-0.01,0.00,0.00,0.00,0.00,0.09,-0.08,100,-1,0,0,0.0,0.01,0.502,0.506,-37.25,0,26,0,93.0,10.8,179.4,177.0,0.00,0,0.0,0.0
49.45,fly,150.55,-50.55,0.498,1,1413.5,262.7,1.1,0.8,0.09,0.11,177,177,-1,-0.3,-0.4,-0.6,-0.2,-0.00,-0.01,0.00,0.00,0.00,0.00,0.09,-0.08,100,-1,0,0,-0.0,0.01,0.498,0.505,-35.93,0,26,0,93.0,10.8,179.4,177.0,0.00,0,-1.0,-0.2
49.55,fly,147.18,-47.18,0.495,1,1413.5,262.8,1.0,0.8,0.09,0.11,177,177,-1,-0.2,-0.4,-0.7,-0.2,-0.01,-0.02,0.00,0.00,0.00,0.00,0.11,-0.08,100,-1,0,0,-0.0,0.01,0.495,0.504,-34.63,0,26,0,93.0,10.8,179.4,177.0,0.00,0,-1.4,-0.1
49.65,fly,143.94,-43.94,0.491,1,1413.5,262.8,1.0,0.7,0.09,0.13,177,177,-1,-0.2,-0.4,-0.9,-0.2,-0.01,-0.02,0.00,0.00,0.00,0.00,0.11,-0.08,100,-1,0,0,-0.0,0.01,0.491,0.503,-33.34,0,26,0,93.0,10.8,179.4,177.0,0.00,0,-1.5,0.0
49.75,fly,140.83,-40.83,0.488,1,1413.5,262.8,1.0,0.7,0.09,0.15,177,177,-1,-0.1,-0.4,-1.0,-0.2,-0.01,-0.03,0.00,0.00,0.00,0.00,0.14,-0.08,100,-1,0,0,-0.0,0.01,0.488,0.502,-32.06,0,26,0,93.0,18.6,179.0,177.0,0.00,0,-1.4,0.1
49.85,fly,137.85,-37.85,0.484,1,1413.5,262.8,1.0,0.7,0.09,0.18,177,177,-1,-0.0,-0.4,-1.2,-0.2,-0.01,-0.04,0.00,0.00,0.00,0.00,0.16,-0.08,100,-1,0,0,-0.0,0.01,0.484,0.502,-30.79,0,26,0,93.0,18.6,179.0,177.0,0.00,0,-1.8,0.2
49.95,fly,134.99,-34.99,0.481,1,1413.5,262.8,1.0,0.7,0.09,0.20,177,177,-1,0.0,-0.4,-1.4,-0.2,-0.01,-0.04,0.00,0.00,0.00,0.00,0.18,-0.08,100,-1,0,0,-0.0,0.01,0.481,0.502,-29.54,0,26,0,93.0,18.6,179.0,177.0,0.00,0,-2.2,0.3
50.05,fly,132.25,-32.25,0.477,1,1413.5,262.8,1.0,0.7,0.09,0.24,177,177,-1,0.1,-0.4,-1.5,-0.2,-0.01,-0.04,0.00,0.00,0.00,0.00,0.20,-0.08,100,-1,0,0,0.2,0.01,0.477,0.496,-28.29,0,26,0,93.0,18.6,179.0,177.0,0.00,0,-1.4,-0.2
50.15,fly,129.62,-29.62,0.477,1,1413.5,262.9,1.0,0.7,0.09,0.30,177,177,-1,0.3,-0.4,-1.6,-0.1,0.00,-0.03,0.00,0.00,0.00,0.00,0.25,-0.08,100,-1,0,0,0.5,0.00,0.477,0.490,-27.13,0,26,0,92.9,29.1,178.4,177.1,0.00,0,-0.6,-0.8
50.25,fly,127.10,-27.10,0.478,1,1413.5,262.9,1.0,0.6,0.09,0.38,177,177,-1,0.5,-0.4,-1.5,-0.1,0.00,-0.01,0.00,0.00,0.00,0.00,0.30,-0.07,100,-1,0,0,0.5,-0.00,0.478,0.483,-25.99,0,26,0,92.9,29.1,178.4,177.1,0.00,0,1.1,-0.6
50.35,fly,124.68,-24.68,0.483,1,1413.5,263.0,1.0,0.6,0.09,0.44,177,177,-1,0.7,-0.5,-1.3,-0.0,0.00,0.02,0.00,0.00,0.00,0.00,0.39,-0.07,100,-1,0,0,0.7,-0.00,0.483,0.494,-24.92,0,26,0,92.9,29.1,178.4,177.1,0.00,0,3.1,-0.6
50.45,fly,122.38,-22.38,0.489,1,1413.5,263.0,1.0,0.5,0.09,0.48,177,177,-1,0.9,-0.5,-0.9,0.0,0.00,0.03,0.00,0.00,0.00,0.00,0.44,-0.07,100,-1,0,0,0.7,-0.01,0.489,0.505,-23.87,0,26,0,92.9,29.1,178.4,177.1,0.00,0,3.6,-0.5
50.55,fly,120.20,-20.20,0.489,1,1413.6,263.0,1.0,0.5,0.09,0.51,177,177,-1,1.1,-0.5,-0.5,0.1,0.00,0.04,0.00,0.00,0.00,0.00,0.49,-0.06,100,-1,0,0,0.7,-0.01,0.489,0.506,-22.70,0,26,0,92.6,11.8,179.4,177.4,0.00,0,3.6,-0.4
50.65,fly,118.14,-18.14,0.488,1,1413.6,263.1,0.9,0.5,0.09,0.51,177,177,-1,1.2,-0.5,-0.2,0.1,0.00,0.04,0.00,0.00,0.00,0.00,0.51,-0.06,100,-1,0,0,0.4,-0.01,0.488,0.504,-21.53,0,26,0,92.6,11.8,179.4,177.4,0.00,0,3.3,-0.4
50.75,fly,116.18,-16.18,0.488,1,1413.6,263.1,0.9,0.4,0.09,0.47,177,177,-1,1.2,-0.5,0.1,0.2,0.00,0.03,0.00,0.00,0.00,0.00,0.51,-0.06,100,-1,0,0,0.2,-0.00,0.488,0.500,-20.37,0,26,0,92.6,11.8,179.4,177.4,0.00,0,2.5,-0.3
50.85,fly,114.35,-14.35,0.487,1,1413.6,263.2,0.9,0.4,0.09,0.41,177,177,-1,1.2,-0.5,0.2,0.2,0.00,0.01,0.00,0.00,0.00,0.00,0.48,-0.06,100,-1,0,0,-0.0,0.00,0.487,0.493,-19.22,0,26,0,92.6,11.8,179.4,177.4,0.00,0,1.5,-0.3
50.95,fly,112.62,-12.62,0.487,1,1413.6,263.2,0.9,0.3,0.09,0.36,177,177,-1,1.0,-0.4,0.2,0.2,-0.00,-0.00,0.00,0.00,0.00,0.00,0.41,-0.07,100,-1,0,0,0.0,0.00,0.487,0.489,-18.08,0,26,0,92.6,354.7,180.2,177.4,0.00,0,0.0,0.0
51.05,fly,111.01,-11.01,0.488,1,1413.6,263.3,0.9,0.3,0.09,0.32,177,177,-1,0.9,-0.4,0.2,0.2,-0.00,-0.02,0.00,0.00,0.00,0.00,0.37,-0.07,100,-1,0,0,-0.1,0.00,0.488,0.496,-16.96,0,26,0,92.6,354.7,180.2,177.4,0.00,0,-0.6,-0.0
51.15,fly,109.51,-9.51,0.489,1,1413.6,263.3,0.9,0.2,0.09,0.29,177,177,-1,0.8,-0.4,0.0,0.2,-0.00,-0.03,0.00,0.00,0.00,0.00,0.32,-0.07,100,-1,0,0,-0.2,0.00,0.489,0.501,-15.84,0,26,0,92.6,354.7,180.2,177.4,0.00,0,-1.5,0.0
51.25,fly,108.12,-8.12,0.519,1,1413.6,263.3,0.9,0.2,0.09,0.26,177,177,-1,0.7,-0.4,-0.1,0.2,-0.00,-0.04,0.00,0.00,0.00,0.00,0.29,-0.07,100,-1,0,0,-0.2,0.01,0.519,0.536,-14.74,0,26,0,92.6,354.7,180.2,177.4,0.00,0,-2.0,0.1
51.35,fly,106.83,-6.83,0.568,1,1413.6,263.3,0.9,0.2,0.09,0.26,177,177,-1,0.6,-0.4,-0.4,0.2,-0.01,-0.04,0.00,0.00,0.00,0.00,0.27,-0.08,100,-1,0,0,-0.2,0.01,0.568,0.588,-13.65,0,26,0,92.7,8.2,179.6,177.3,0.00,0,-2.4,0.2
51.45,fly,105.66,-5.66,0.610,1,1413.6,263.4,0.9,0.2,0.04,0.29,177,177,-1,0.7,-0.4,-0.6,0.2,-0.00,-0.04,0.00,0.00,0.00,0.00,0.27,-0.08,100,-1,0,0,-0.2,0.01,0.610,0.627,-12.57,0,26,0,92.7,8.2,179.6,177.3,0.00,0,-1.7,-0.3
51.55,fly,104.62,-4.62,0.641,1,1413.6,263.4,0.9,0.1,0.00,0.34,177,177,-1,0.7,-0.5,-0.7,0.2,0.00,-0.03,0.00,0.00,0.00,0.00,0.29,-0.03,100,-1,0,0,-0.1,0.01,0.641,0.655,-11.44,0,26,0,92.7,8.2,179.6,177.3,0.00,0,-0.4,-0.1
51.65,fly,103.71,-3.71,0.652,1,1413.6,263.4,0.9,0.1,0.00,0.43,177,177,-1,0.9,-0.7,-0.6,0.2,0.00,-0.01,0.00,0.00,0.00,0.00,0.34,0.02,100,-1,0,0,-0.2,0.00,0.652,0.655,-10.12,0,26,0,92.7,8.2,179.6,177.3,0.00,0,1.4,-0.2
51.75,fly,102.97,-2.97,0.643,1,1413.6,263.5,0.9,0.1,0.00,0.49,177,177,-1,1.2,-0.7,-0.4,0.2,0.00,0.02,0.00,0.00,0.00,0.00,0.43,0.02,100,-1,0,0,0.1,0.01,0.643,0.652,-8.66,0,26,0,92.7,7.9,179.6,177.3,0.00,0,2.7,-0.1
51.85,fly,102.38,-2.38,0.615,1,1413.6,263.5,0.9,0.0,0.00,0.54,177,177,-1,1.4,-0.7,-0.0,0.2,0.00,0.04,0.00,0.00,0.00,0.00,0.49,0.02,100,-1,0,0,0.5,-0.00,0.615,0.630,-7.07,0,26,0,92.7,7.9,179.6,177.3,0.00,0,3.5,0.0
51.95,fly,101.95,-1.95,0.573,1,1413.6,263.6,0.9,-0.0,0.00,0.55,177,177,-1,1.6,-0.7,0.4,0.2,-0.00,0.04,0.00,0.00,0.00,0.00,0.54,0.03,100,-1,0,0,0.6,-0.01,0.573,0.591,-5.48,0,26,0,92.7,7.9,179.6,177.3,0.00,0,3.9,0.1
52.05,fly,101.67,-1.67,0.517,1,1413.6,263.7,0.9,-0.1,0.00,0.52,177,177,-1,1.7,-0.7,0.7,0.2,-0.00,0.04,0.00,0.00,0.00,0.00,0.55,0.03,100,-1,0,0,0.8,-0.01,0.517,0.536,-3.91,0,26,0,92.7,7.9,179.6,177.3,0.00,0,3.5,0.2
52.15,fly,101.54,-1.54,0.450,1,1413.6,263.7,0.9,-0.2,0.00,0.43,177,178,-1,1.6,-0.7,1.0,0.2,-0.00,0.03,0.00,0.00,0.00,0.00,0.52,0.02,100,-1,0,0,0.8,-0.01,0.450,0.464,-2.35,0,26,0,92.5,337.9,181.0,177.6,0.00,0,2.3,0.3
52.25,fly,101.52,-1.52,0.385,1,1413.6,263.7,0.9,-0.2,0.00,0.33,177,178,-1,1.4,-0.7,1.0,0.2,-0.00,0.00,0.00,0.00,0.00,0.00,0.43,0.02,100,-1,0,0,1.0,-0.01,0.385,0.387,-1.06,0,26,0,92.5,337.9,181.0,177.6,0.00,0,-0.4,0.5
52.35,fly,101.57,-1.57,0.320,1,1413.6,263.8,0.9,-0.2,0.00,0.25,177,178,-1,1.1,-0.7,0.9,0.1,-0.01,-0.02,0.00,0.00,0.00,0.00,0.33,0.01,100,-1,0,0,0.5,-0.02,0.320,0.332,0.05,0,26,0,92.5,337.9,181.0,177.6,0.00,0,-1.7,0.4
52.45,fly,101.68,-1.68,0.271,1,1413.6,263.8,0.9,-0.3,0.00,0.19,177,178,-1,0.9,-0.7,0.7,0.1,-0.01,-0.04,0.00,0.00,0.00,0.00,0.25,0.01,100,-1,0,-0,0.3,-0.01,0.271,0.289,0.74,0,26,0,92.5,337.9,181.0,177.6,0.00,0,-2.5,0.5
52.55,fly,101.80,-1.80,0.235,1,1413.6,263.8,0.9,-0.3,0.00,0.15,177,178,-1,0.7,-0.7,0.4,0.0,-0.01,-0.05,0.00,0.00,0.00,0.00,0.19,0.01,100,-1,0,-0,0.2,-0.01,0.235,0.257,1.13,0,26,0,92.3,350.5,180.4,177.7,0.00,0,-3.0,0.5
52.65,fly,101.92,-1.92,0.213,1,1413.6,263.8,0.9,-0.3,0.00,0.15,178,178,-1,0.6,-0.7,0.1,-0.0,-0.01,-0.04,0.00,0.00,0.00,0.00,0.15,0.01,100,-1,0,-0,0.1,-0.01,0.213,0.233,1.22,0,26,0,92.3,350.5,180.4,177.7,0.00,0,-2.0,0.5
52.75,fly,102.02,-2.02,0.201,1,1413.6,263.8,0.9,-0.3,0.00,0.15,178,178,-1,0.6,-0.7,-0.0,-0.1,-0.01,-0.03,0.00,0.00,0.00,0.00,0.15,0.01,100,-1,0,-0,0.1,-0.00,0.201,0.219,1.14,0,26,0,92.3,350.5,180.4,177.7,0.00,0,-1.8,0.6
52.85,fly,102.09,-2.09,0.199,1,1413.6,263.8,0.9,-0.3,0.00,0.18,178,178,-1,0.6,-0.7,-0.1,-0.1,-0.00,-0.02,0.00,0.00,0.00,0.00,0.15,0.01,100,-1,0,-0,0.1,-0.00,0.199,0.210,0.93,0,26,0,92.3,350.5,180.4,177.7,0.00,0,-0.9,0.1
52.95,fly,102.12,-2.12,0.203,1,1413.6,263.9,0.9,-0.3,0.00,0.18,178,178,-1,0.7,-0.7,-0.1,-0.1,-0.00,-0.01,0.00,0.00,0.00,0.00,0.18,0.01,100,-1,0,-0,-0.0,-0.01,0.203,0.206,0.63,0,26,0,92.2,2.4,179.9,177.8,0.00,0,0.8,0.0
53.05,fly,102.12,-2.12,0.215,1,1413.6,263.9,0.9,-0.4,0.00,0.20,178,178,-1,0.7,-0.7,0.1,-0.1,-0.00,0.02,0.00,0.00,0.00,0.00,0.18,0.01,100,-1,0,-0,-0.1,-0.00,0.215,0.222,0.26,0,26,0,92.2,2.4,179.9,177.8,0.00,0,2.2,0.0
53.15,fly,102.09,-2.09,0.230,1,1413.6,263.9,0.9,-0.4,0.00,0.20,178,178,-1,0.8,-0.7,0.3,-0.1,-0.00,0.03,0.00,0.00,0.00,0.00,0.20,0.01,100,-1,0,-0,-0.2,-0.00,0.230,0.241,-0.11,0,26,0,92.2,2.4,179.9,177.8,0.00,0,2.2,0.1
53.25,fly,102.04,-2.04,0.240,1,1413.6,263.9,0.9,-0.4,0.00,0.19,178,178,-1,0.8,-0.7,0.5,-0.1,-0.00,0.03,0.00,0.00,0.00,0.00,0.20,0.01,100,-1,0,-0,-0.2,-0.00,0.240,0.253,-0.35,0,26,0,92.2,2.4,179.9,177.8,0.00,0,2.4,0.1
53.35,fly,101.97,-1.97,0.252,1,1413.6,263.9,0.9,-0.4,0.00,0.18,178,178,-1,0.8,-0.7,0.7,-0.1,-0.00,0.03,0.00,0.00,0.00,0.00,0.19,0.01,100,-1,0,-0,-0.2,-0.00,0.252,0.266,-0.57,0,26,0,92.3,341.9,180.8,177.7,0.00,0,2.3,0.1
53.45,fly,101.87,-1.87,0.266,1,1413.6,264.0,0.9,-0.4,0.00,0.15,178,178,-1,0.8,-0.7,1.0,-0.1,-0.00,0.03,0.00,0.00,0.00,0.00,0.18,0.01,100,-1,0,-0,-0.2,-0.00,0.266,0.280,-0.79,0,26,0,92.3,341.9,180.8,177.7,0.00,0,2.0,0.1
53.55,fly,101.76,-1.76,0.282,1,1413.6,264.0,0.9,-0.5,0.00,0.14,178,178,-1,0.7,-0.7,1.2,-0.2,-0.00,0.03,0.00,0.00,0.00,0.00,0.15,0.01,100,-1,0,-0,-0.2,-0.00,0.282,0.297,-1.01,0,26,0,92.3,341.9,180.8,177.7,0.00,0,2.2,0.2
53.60,climb,101.66,248.34,0.440,1,1413.6,264.0,478.9,101.5,0.00,0.12,178,178,-1,0.0,0.0,1.2,-0.2,-0.00,0.01,0.00,0.00,0.00,0.00,0.14,0.01,100,-1,0,-2,-0.2,-0.03,0.440,0.445,-1.22,0,26,0,92.3,332.0,181.3,177.6,0.00,0,0.7,0.2
53.70,climb,101.56,248.44,0.712,1,1413.6,264.0,478.9,101.5,0.00,0.12,178,178,-1,0.0,0.0,1.3,-0.2,-0.01,0.03,0.00,0.00,0.00,0.00,0.12,0.00,100,-1,0,-4,-0.2,-0.09,0.712,0.724,-1.30,0,26,0,92.3,332.0,181.3,177.6,0.00,0,0.7,0.2
53.80,climb,101.48,248.52,0.975,1,1413.6,264.0,478.9,101.5,0.00,0.01,178,178,-1,0.0,0.0,1.4,-0.2,-0.01,0.02,0.00,0.00,0.00,0.00,0.08,0.00,100,-1,0,-7,-0.4,-0.14,0.976,0.986,-1.02,0,26,0,92.3,332.0,181.3,177.6,0.00,0,0.0,0.1
53.90,climb,101.53,248.47,1.000,1,1413.6,264.0,478.9,101.5,0.00,0.01,178,178,-1,0.0,0.0,1.3,-0.2,-0.00,0.01,0.00,0.00,0.00,0.00,0.01,0.00,100,-1,1,-10,-0.4,-0.20,1.000,1.000,0.07,0,26,0,92.3,332.0,181.3,177.6,0.00,0,0.0,0.1
54.00,climb,102.10,247.90,1.000,1,1413.6,264.0,478.9,101.5,0.09,-0.23,178,177,-1,0.0,0.0,1.2,-0.2,0.00,-0.01,0.00,0.00,0.00,0.00,-0.09,-0.00,100,-1,1,-13,-5.5,-0.22,1.000,1.000,2.31,0,26,0,92.8,336.7,181.2,177.2,0.00,0,-2.8,-0.5
54.10,climb,102.45,247.55,1.000,1,1413.6,263.9,478.9,101.5,0.09,-0.32,178,177,-1,0.0,0.0,0.9,-0.2,0.00,-0.04,0.00,0.00,0.00,0.00,-0.23,-0.10,100,-1,1,-16,-10.3,-0.22,1.000,1.000,5.36,0,26,0,92.8,336.7,181.2,177.2,0.00,0,-4.1,-0.6
54.20,climb,103.38,246.62,1.000,1,1413.6,263.9,478.9,101.6,0.09,-0.32,177,177,-1,0.0,0.0,0.4,-0.1,0.01,-0.06,0.00,0.00,0.00,0.00,-0.31,-0.10,100,-1,1,-19,-10.3,-0.18,1.000,1.000,8.55,0,26,0,92.8,336.7,181.2,177.2,0.00,0,-4.1,-0.6
54.30,climb,104.63,245.37,1.000,1,1413.7,263.9,478.8,101.6,0.09,-0.37,177,177,-1,0.0,0.0,-0.1,-0.1,0.01,-0.07,0.00,0.00,0.00,0.00,-0.37,-0.10,100,-1,1,-22,-16.1,-0.12,1.000,1.000,11.72,0,26,0,92.8,336.7,181.2,177.2,0.00,0,-4.9,-0.6
54.40,climb,106.19,243.81,1.000,1,1413.7,263.9,478.8,101.6,0.09,-0.34,177,171,-1,0.0,0.0,-0.5,-0.0,0.01,-0.07,0.00,0.00,0.00,0.00,-0.33,-0.11,100,-1,1,-24,-22.5,-0.04,1.000,1.000,14.84,0,26,0,98.8,3.3,179.5,171.2,0.00,0,-4.8,-0.5
54.50,climb,108.06,241.94,1.000,1,1413.7,263.8,478.8,101.7,0.18,-0.05,176,171,-1,0.0,0.0,-0.8,0.0,0.01,-0.05,0.00,0.00,0.00,0.00,-0.21,-0.10,100,-1,1,-27,-34.0,0.04,1.000,1.000,17.94,0,26,0,98.8,3.3,179.5,171.2,0.00,0,-1.2,-0.2
54.60,climb,110.24,239.76,1.000,1,1413.7,263.8,478.8,101.7,0.18,0.14,175,171,-1,0.0,0.0,-0.9,0.1,0.01,-0.02,0.00,0.00,0.00,0.00,-0.04,-0.18,100,-1,1,-29,-36.2,0.10,1.000,1.000,21.00,0,26,0,98.8,3.3,179.5,171.2,0.00,0,1.4,-0.1
54.70,climb,112.71,237.29,1.000,1,1413.7,263.9,478.8,101.7,0.18,0.33,174,171,-1,0.0,0.0,-0.6,0.2,0.01,0.03,0.00,0.00,0.00,0.00,0.16,-0.16,100,-1,1,-31,-36.2,0.10,1.000,1.000,24.03,0,26,0,98.8,3.3,179.5,171.2,0.00,0,4.2,0.0
54.80,climb,115.49,234.51,1.000,1,1413.7,263.9,478.8,101.6,0.18,0.45,172,158,-1,0.0,0.0,-0.1,0.2,0.00,0.07,0.00,0.00,0.00,0.00,0.35,-0.13,100,-1,1,-32,-33.7,0.09,1.000,1.000,27.03,0,26,0,112.5,0.5,179.8,157.5,0.00,0,6.3,0.8
54.90,climb,118.57,231.43,1.000,1,1413.7,263.9,478.8,101.6,0.18,0.45,170,158,-1,0.0,0.0,0.5,0.1,-0.02,0.10,0.00,0.00,0.00,0.00,0.47,-0.09,100,-1,1,-33,-33.7,0.02,1.000,1.000,30.00,0,26,0,112.5,0.5,179.8,157.5,0.00,0,6.3,0.8
55.00,climb,121.94,228.06,1.000,1,1413.8,264.0,478.7,101.5,0.04,0.33,168,158,-1,0.0,0.0,1.1,-0.2,-0.04,0.10,0.00,0.00,0.00,0.00,0.50,-0.07,100,-1,1,-34,-25.3,-0.08,1.000,1.000,32.94,0,26,0,112.5,0.5,179.8,157.5,0.00,0,4.0,3.3
55.10,climb,125.60,224.40,1.000,1,1413.8,264.0,478.7,101.5,-0.09,0.10,166,158,-1,0.0,0.0,1.4,-0.6,-0.07,0.06,0.00,0.00,0.00,0.00,0.33,0.04,100,-1,1,-35,-21.6,-0.20,1.000,1.000,35.85,0,26,0,112.5,0.5,179.8,157.5,0.00,0,0.1,4.1
55.20,climb,129.55,220.45,1.000,1,1413.8,264.0,478.7,101.5,-0.09,0.10,163,147,-1,0.0,0.0,1.2,-1.1,-0.08,-0.01,0.00,0.00,0.00,0.00,0.07,0.11,100,-1,1,-35,-21.6,-0.27,1.000,1.000,38.73,0,26,0,123.2,357.0,182.0,146.8,0.00,0,0.1,4.1
55.30,climb,133.79,216.21,1.000,1,1413.7,264.0,478.8,101.5,-0.09,-0.47,161,147,-1,0.0,0.0,0.6,-1.5,-0.07,-0.09,0.00,0.00,0.00,0.00,-0.23,0.11,100,-1,1,-36,-22.7,-0.30,1.000,1.000,41.57,0,26,0,123.2,357.0,182.0,146.8,0.00,0,-8.9,2.3
55.40,climb,140.66,209.34,1.000,1,1413.7,264.0,478.8,101.5,-0.09,-0.47,159,147,-1,0.0,0.0,-0.4,-1.6,-0.04,-0.16,0.00,0.00,0.00,0.00,-0.47,-0.09,100,-1,1,-37,-22.7,-0.28,1.000,1.000,44.39,0,26,0,123.2,357.0,182.0,146.8,0.00,0,-8.9,2.3
55.50,climb,143.08,206.92,0.852,1,1413.7,263.9,478.8,101.6,0.09,-0.67,157,147,-1,0.0,0.0,-1.6,-1.4,0.02,-0.19,0.00,0.00,0.00,0.00,-0.58,-0.34,100,-1,0,-38,-27.9,-0.20,0.854,0.935,47.17,0,26,0,123.2,357.0,182.0,146.8,0.00,0,-10.8,-0.7
55.60,climb,148.13,201.87,0.693,1,1413.8,263.8,478.7,101.7,0.83,-0.57,154,136,-1,0.0,0.0,-2.5,-0.8,0.09,-0.17,0.00,0.00,0.00,0.00,-0.47,-0.67,100,-1,0,-38,-41.7,-0.06,0.693,0.794,49.92,0,26,0,134.2,1.8,178.3,135.8,0.00,0,-4.6,-6.9
55.70,climb,153.40,196.60,0.542,1,1413.9,263.7,478.7,101.7,1.19,-0.32,151,136,-1,0.0,0.0,-2.8,0.1,0.14,-0.07,0.00,0.00,0.00,0.00,-0.10,-1.01,100,-1,0,-38,-45.9,0.08,0.542,0.626,52.34,0,26,0,134.2,1.8,178.3,135.8,0.00,0,3.2,-7.7
55.80,climb,158.80,191.20,0.426,1,1413.9,263.7,478.6,101.8,1.19,-0.32,149,136,-1,0.0,0.0,-2.2,1.1,0.15,0.06,0.00,0.00,0.00,0.00,0.34,-1.18,100,-1,0,-39,-45.9,0.15,0.427,0.513,53.93,0,26,0,134.2,1.8,178.3,135.8,0.00,0,3.2,-7.7
55.90,climb,164.28,185.72,0.343,1,1414.1,263.7,478.4,101.8,1.36,-0.05,147,136,-1,0.0,0.0,-1.0,1.7,0.11,0.17,0.00,0.00,0.00,0.00,0.70,-1.17,100,-1,0,-40,-47.1,0.15,0.343,0.454,54.80,0,26,0,134.2,1.8,178.3,135.8,0.00,0,9.5,-5.9
56.00,climb,169.79,180.21,0.283,1,1414.2,263.7,478.3,101.8,1.41,0.19,142,118,-1,0.0,0.0,0.4,1.9,0.04,0.22,0.00,0.00,0.00,0.00,1.01,-1.00,100,-1,0,-38,-45.9,0.15,0.284,0.387,55.11,0,26,0,152.3,1.7,176.8,117.7,0.00,0,12.6,-2.3
56.10,climb,175.28,174.72,0.244,1,1414.4,263.8,478.1,101.7,1.32,0.34,139,118,-1,0.0,0.0,1.6,1.7,-0.02,0.20,0.00,0.00,0.00,0.00,1.13,-0.76,100,-1,0,-37,-43.2,0.12,0.245,0.333,54.98,0,26,0,152.3,1.7,176.8,117.7,0.00,0,11.8,1.0
56.20,climb,180.73,169.27,0.220,1,1414.5,263.8,478.0,101.7,1.14,0.42,135,118,-1,0.0,0.0,2.4,1.2,-0.06,0.15,0.00,0.00,0.00,0.00,1.10,-0.52,100,-1,0,-37,-40.4,0.06,0.220,0.304,54.54,0,26,0,152.3,1.7,176.8,117.7,0.00,0,8.3,3.2
56.30,climb,186.11,163.89,0.205,1,1414.7,263.9,477.9,101.7,0.79,0.42,133,118,-1,0.0,0.0,2.8,0.6,-0.08,0.08,0.00,0.00,0.00,0.00,1.01,-0.33,100,-1,0,-38,-34.5,-0.00,0.205,0.271,53.89,0,26,0,152.3,1.7,176.8,117.7,0.00,0,0.2,4.2
56.40,climb,191.41,158.59,0.198,1,1414.7,263.9,477.8,101.6,0.66,0.37,128,102,-1,0.0,0.0,2.7,-0.0,-0.09,0.02,0.00,0.00,0.00,0.00,0.88,-0.16,100,-1,0,-36,-31.9,-0.03,0.198,0.241,53.09,0,26,0,167.5,359.4,182.8,102.5,0.00,0,-3.0,3.4
56.50,climb,196.62,153.38,0.192,1,1414.7,263.9,477.8,101.6,0.66,0.37,124,102,-1,0.0,0.0,2.4,-0.5,-0.07,-0.03,0.00,0.00,0.00,0.00,0.76,-0.06,100,-1,0,-35,-31.9,-0.06,0.192,0.233,52.28,0,26,0,167.5,359.4,182.8,102.5,0.00,0,-3.0,3.4
56.60,climb,201.75,148.25,0.185,1,1414.8,264.0,477.7,101.5,0.44,0.27,121,102,-1,0.0,0.0,1.8,-0.7,-0.05,-0.06,0.00,0.00,0.00,0.00,0.62,0.01,100,-1,0,-35,-28.0,-0.10,0.185,0.230,51.46,0,26,0,167.5,359.4,182.8,102.5,0.00,0,-5.7,0.7
56.70,climb,206.79,143.21,0.182,1,1414.8,264.0,477.7,101.5,0.44,0.27,118,102,-1,0.0,0.0,1.2,-0.8,-0.02,-0.08,0.00,0.00,0.00,0.00,0.52,0.04,100,-1,0,-35,-28.0,-0.13,0.182,0.224,50.58,0,26,0,167.5,359.4,182.8,102.5,0.00,0,-5.7,0.7
56.80,climb,211.74,138.26,0.180,1,1414.9,264.0,477.6,101.5,0.35,0.23,114,91,-1,0.0,0.0,0.6,-0.8,-0.00,-0.09,0.00,0.00,0.00,0.00,0.41,0.07,100,-1,0,-34,-26.4,-0.14,0.181,0.216,49.67,0,26,0,178.9,359.2,216.8,91.1,0.00,0,-5.9,-0.6
56.90,climb,216.59,133.41,0.179,1,1414.9,264.0,477.6,101.5,0.35,0.14,110,91,-1,0.0,0.0,0.1,-0.7,0.01,-0.08,0.00,0.00,0.00,0.00,0.39,0.05,100,-1,0,-33,-24.5,-0.16,0.180,0.213,48.76,0,26,0,178.9,359.2,216.8,91.1,0.00,0,-3.8,-1.4
57.00,climb,221.35,128.65,0.175,1,1415.0,264.1,477.6,101.5,0.35,0.11,107,91,-1,0.0,0.0,-0.3,-0.5,0.02,-0.06,0.00,0.00,0.00,0.00,0.38,0.03,100,-1,0,-33,-23.9,-0.17,0.176,0.206,47.90,0,26,0,178.9,359.2,216.8,91.1,0.00,0,-2.2,-1.6
57.10,climb,226.04,123.96,0.171,1,1415.0,264.1,477.5,101.4,0.35,0.11,105,91,-1,0.0,0.0,-0.5,-0.4,0.02,-0.03,0.00,0.00,0.00,0.00,0.37,0.02,100,-1,0,-34,-23.9,-0.19,0.171,0.195,47.06,0,26,0,178.9,359.2,216.8,91.1,0.00,0,-2.2,-1.6
57.20,climb,230.63,119.37,0.168,1,1415.0,264.1,477.5,101.4,0.40,0.09,101,81,-1,0.0,0.0,-0.6,-0.2,0.02,-0.01,0.00,0.00,0.00,0.00,0.41,0.01,100,-1,0,-33,-23.6,-0.19,0.168,0.183,46.19,0,26,0,188.6,359.7,358.2,81.4,0.00,0,-0.8,-1.6
57.30,climb,235.13,114.87,0.168,1,1415.1,264.1,477.4,101.4,0.44,0.07,98,81,-1,0.0,0.0,-0.6,-0.0,0.02,-0.00,0.00,0.00,0.00,0.00,0.44,0.00,100,-1,0,-33,-23.1,-0.19,0.168,0.178,45.26,0,26,0,188.6,359.7,358.2,81.4,0.00,0,0.4,-1.4
57.40,climb,239.53,110.47,0.170,1,1415.1,264.1,477.4,101.4,0.44,0.07,95,81,-1,0.0,0.0,-0.5,0.1,0.02,0.00,0.00,0.00,0.00,0.00,0.44,0.02,100,-1,0,-33,-22.9,-0.20,0.170,0.182,44.30,0,26,0,188.6,359.7,358.2,81.4,0.00,0,0.7,-1.4
57.50,climb,243.84,106.16,0.172,1,1415.1,264.1,477.4,101.4,0.44,0.07,93,81,-1,0.0,0.0,-0.4,0.3,0.03,0.01,0.00,0.00,0.00,0.00,0.44,0.04,100,-1,0,-34,-22.9,-0.22,0.172,0.186,43.35,0,26,0,188.6,359.7,358.2,81.4,0.00,0,0.7,-1.4
57.60,climb,248.05,101.95,0.174,1,1415.2,264.1,477.3,101.4,0.44,0.07,90,72,-1,0.0,0.0,-0.3,0.4,0.03,0.01,0.00,0.00,0.00,0.00,0.44,0.04,100,-1,0,-34,-22.8,-0.22,0.174,0.190,42.40,0,26,0,197.8,0.3,1.0,72.2,0.00,0,0.9,-1.4
57.70,climb,252.18,97.82,0.175,1,1415.3,264.1,477.3,101.4,0.44,0.07,87,72,-1,0.0,0.0,-0.2,0.6,0.03,0.01,0.00,0.00,0.00,0.00,0.44,0.09,100,-1,0,-34,-22.8,-0.23,0.176,0.193,41.47,0,26,0,197.8,0.3,1.0,72.2,0.00,0,0.9,-1.3
57.80,climb,256.21,93.79,0.177,1,1415.3,264.1,477.2,101.4,0.44,0.07,85,72,-1,0.0,0.0,-0.1,0.7,0.03,0.02,0.00,0.00,0.00,0.00,0.43,0.10,100,-1,0,-35,-22.8,-0.24,0.177,0.194,40.55,0,26,0,197.8,0.3,1.0,72.2,0.00,0,0.9,-1.3
57.90,climb,260.14,89.86,0.178,1,1415.3,264.1,477.2,101.4,0.44,0.09,83,72,-1,0.0,0.0,-0.0,0.8,0.02,0.02,0.00,0.00,0.00,0.00,0.43,0.14,100,-1,0,-36,-23.0,-0.26,0.178,0.195,39.63,0,26,0,197.8,0.3,1.0,72.2,0.00,0,0.8,-1.1
58.00,climb,265.88,84.12,0.157,1,1415.4,264.1,477.1,101.4,0.44,0.11,80,63,-1,0.0,0.0,0.1,0.9,0.02,0.02,0.00,0.00,0.00,0.00,0.42,0.17,100,-1,0,-36,-23.5,-0.25,0.158,0.174,38.73,0,26,0,206.9,1.0,1.9,63.1,0.00,0,0.7,-0.6
58.10,climb,267.75,82.25,0.178,1,1415.4,264.1,477.1,101.4,0.44,0.14,77,63,-1,0.0,0.0,0.2,1.0,0.02,0.02,0.00,0.00,0.00,0.00,0.40,0.20,100,-1,0,-36,-23.8,-0.25,0.179,0.194,37.83,0,26,0,206.9,1.0,1.9,63.1,0.00,0,0.5,-0.4
58.20,climb,271.43,78.57,0.179,1,1415.5,264.2,477.1,101.4,0.44,0.16,75,63,-1,0.0,0.0,0.3,1.0,0.01,0.02,0.00,0.00,0.00,0.00,0.39,0.25,100,-1,0,-37,-24.3,-0.26,0.180,0.192,36.95,0,26,0,206.9,1.0,1.9,63.1,0.00,0,0.3,-0.1
58.30,climb,275.01,74.99,0.179,1,1415.5,264.2,477.0,101.3,0.44,0.20,73,63,-1,0.0,0.0,0.4,1.0,0.01,0.01,0.00,0.00,0.00,0.00,0.37,0.28,100,-1,0,-38,-24.8,-0.28,0.180,0.189,36.07,0,26,0,206.9,1.0,1.9,63.1,0.00,0,0.0,0.2
58.40,climb,278.51,71.49,0.179,1,1415.5,264.2,477.0,101.3,0.44,0.20,70,53,-1,0.0,0.0,0.4,0.9,0.00,0.01,0.00,0.00,0.00,0.00,0.35,0.33,100,-1,0,-38,-24.8,-0.26,0.180,0.185,35.20,0,26,0,216.6,1.2,1.6,53.4,0.00,0,0.0,0.2
58.50,climb,281.92,68.08,0.178,1,1415.6,264.2,476.9,101.3,0.44,0.24,68,53,-1,0.0,0.0,0.4,0.8,-0.00,0.01,0.00,0.00,0.00,0.00,0.32,0.37,100,-1,0,-38,-25.7,-0.26,0.179,0.182,34.34,0,26,0,216.6,1.2,1.6,53.4,0.00,0,-0.6,0.7
58.60,climb,285.25,64.75,0.177,1,1415.7,264.3,476.9,101.3,0.44,0.26,65,53,-1,0.0,0.0,0.4,0.8,-0.01,0.00,0.00,0.00,0.00,0.00,0.30,0.40,100,-1,0,-39,-26.1,-0.27,0.178,0.181,33.49,0,26,0,216.6,1.2,1.6,53.4,0.00,0,-0.9,0.9
58.70,climb,288.50,61.50,0.144,1,1415.7,264.3,476.8,101.2,0.44,0.29,64,53,-1,0.0,0.0,0.3,0.6,-0.01,-0.00,0.00,0.00,0.00,0.00,0.28,0.43,100,-1,0,-40,-26.4,-0.28,0.144,0.150,32.65,0,26,0,216.6,1.2,1.6,53.4,0.00,0,-1.1,1.1
58.80,climb,291.66,58.34,0.101,1,1415.8,264.3,476.8,101.2,0.44,0.29,60,43,-1,0.0,0.0,0.2,0.5,-0.01,-0.01,0.00,0.00,0.00,0.00,0.24,0.47,100,-1,0,-40,-26.7,-0.27,0.101,0.110,31.82,0,26,0,227.0,0.8,0.7,43.0,0.00,0,-1.2,1.1
58.90,climb,294.74,55.26,0.058,1,1415.8,264.3,476.7,101.2,0.44,0.29,58,43,-1,0.0,0.0,0.1,0.4,-0.01,-0.01,0.00,0.00,0.00,0.00,0.22,0.48,100,-1,0,-41,-26.7,-0.27,0.059,0.069,30.99,0,26,0,227.0,0.8,0.7,43.0,0.00,0,-1.2,1.1
59.00,climb,298.45,51.55,0.004,1,1415.8,264.3,476.7,101.2,0.44,0.29,55,43,-1,0.0,0.0,0.0,0.3,-0.01,-0.01,0.00,0.00,0.00,0.00,0.20,0.48,100,-1,1,-41,-26.8,-0.26,0.004,0.007,30.07,0,26,0,227.0,0.8,0.7,43.0,0.00,0,-1.3,1.0
59.10,climb,300.58,49.42,0.010,1,1415.9,264.4,476.7,101.1,0.44,0.26,54,43,-1,0.0,0.0,-0.1,0.2,-0.01,-0.01,0.00,0.00,0.00,0.00,0.20,0.47,100,-1,0,-42,-25.9,-0.28,0.010,0.019,28.87,0,26,0,227.0,0.8,0.7,43.0,0.00,0,-1.1,0.8
59.20,climb,303.32,46.68,0.000,1,1415.9,264.4,476.6,101.1,0.35,0.26,50,32,-1,0.0,0.0,-0.2,0.2,-0.01,-0.02,0.00,0.00,0.00,0.00,0.17,0.48,100,-1,1,-42,-25.6,-0.28,0.000,0.000,27.72,0,26,0,237.5,359.9,359.9,32.5,0.00,0,-1.0,0.6
59.30,climb,305.95,44.05,0.000,1,1416.0,264.4,476.6,101.1,0.35,0.24,48,32,-1,0.0,0.0,-0.3,0.1,-0.01,-0.01,0.00,0.00,0.00,0.00,0.08,0.43,100,-1,1,-42,-25.2,-0.29,0.000,0.000,26.57,0,26,0,237.5,359.9,359.9,32.5,0.00,0,-0.8,0.5
59.40,climb,308.46,41.54,0.000,1,1416.0,264.4,476.5,101.1,0.35,0.24,45,32,-1,0.0,0.0,-0.3,0.1,-0.00,-0.01,0.00,0.00,0.00,0.00,0.08,0.42,100,-1,1,-43,-25.2,-0.30,0.000,0.000,25.38,0,26,0,237.5,359.9,359.9,32.5,0.00,0,-0.8,0.5
59.50,climb,310.84,39.16,0.000,1,1416.0,264.5,476.5,101.0,0.35,0.24,43,32,-1,0.0,0.0,-0.4,0.1,-0.00,-0.01,0.00,0.00,0.00,0.00,0.07,0.42,100,-1,1,-41,-24.1,-0.31,0.000,0.000,24.14,0,26,0,237.5,359.9,359.9,32.5,0.00,0,-0.6,0.2
59.60,climb,313.10,36.90,0.000,1,1416.1,264.5,476.5,101.0,0.35,0.24,40,23,-1,0.0,0.0,-0.4,0.1,0.00,-0.01,0.00,0.00,0.00,0.00,0.04,0.42,100,-1,1,-38,-23.6,-0.28,0.000,0.000,22.85,0,26,0,247.5,359.0,359.6,22.5,0.00,0,-0.5,0.1
59.70,climb,315.22,34.78,0.001,1,1416.1,264.5,476.4,101.0,0.35,0.24,37,23,-1,0.0,0.0,-0.5,0.1,0.00,-0.01,0.00,0.00,0.00,0.00,0.02,0.43,100,-1,1,-35,-23.6,-0.24,0.001,0.002,21.55,0,26,0,247.5,359.0,359.6,22.5,0.00,0,-0.5,0.1
59.80,climb,317.21,32.79,0.016,1,1416.1,264.5,476.4,101.0,0.35,0.22,35,23,-1,0.0,0.0,-0.5,0.1,0.00,-0.01,0.00,0.00,0.00,0.00,0.02,0.41,100,-1,0,-33,-23.1,-0.20,0.016,0.022,20.26,0,26,0,247.5,359.0,359.6,22.5,0.00,0,-0.5,0.1
59.90,climb,319.08,30.92,0.026,1,1416.1,264.6,476.4,100.9,0.35,0.22,33,23,-1,0.0,0.0,-0.6,0.1,0.00,-0.01,0.00,0.00,0.00,0.00,0.01,0.41,100,-1,0,-31,-22.7,-0.17,0.026,0.032,18.98,0,26,0,247.5,359.0,359.6,22.5,0.00,0,-0.5,0.1
60.00,climb,320.82,29.18,0.040,1,1416.2,264.6,476.3,100.9,0.35,0.22,30,13,-1,0.0,0.0,-0.6,0.1,0.00,-0.01,0.00,0.00,0.00,0.00,-0.01,0.41,100,-1,0,-28,-22.1,-0.12,0.040,0.046,17.71,0,26,0,256.6,357.5,359.4,13.4,0.00,0,-0.5,0.1
60.10,climb,322.43,27.57,0.057,1,1416.2,264.6,476.3,100.9,0.35,0.22,28,13,-1,0.0,0.0,-0.7,0.1,0.00,-0.01,0.00,0.00,0.00,0.00,-0.03,0.41,100,-1,0,-26,-22.1,-0.07,0.057,0.063,16.46,0,26,0,256.6,357.5,359.4,13.4,0.00,0,-0.5,0.1
60.20,climb,323.92,26.08,0.077,1,1416.3,264.6,476.3,100.9,0.35,0.22,25,13,-1,0.0,0.0,-0.7,0.1,0.00,-0.01,0.00,0.00,0.00,0.00,-0.05,0.41,100,-1,0,-23,-21.7,-0.03,0.077,0.084,15.22,0,26,0,256.6,357.5,359.4,13.4,0.00,0,-0.5,0.2
60.30,climb,325.29,24.71,0.102,1,1416.3,264.6,476.2,100.9,0.35,0.22,24,13,-1,0.0,0.0,-0.7,0.1,0.00,-0.01,0.00,0.00,0.00,0.00,-0.06,0.41,100,-1,0,-22,-21.7,0.00,0.102,0.108,13.98,0,26,0,256.6,357.5,359.4,13.4,0.00,0,-0.5,0.2
60.40,climb,326.54,23.46,0.129,1,1416.3,264.7,476.2,100.8,0.35,0.22,21,5,-1,0.0,0.0,-0.8,0.2,0.00,-0.01,0.00,0.00,0.00,0.00,-0.08,0.41,100,-1,0,-19,-21.5,0.05,0.129,0.136,12.76,0,26,0,265.3,350.7,359.2,4.7,0.00,0,-0.5,0.2
60.50,climb,327.67,22.33,0.159,1,1416.4,264.7,476.2,100.8,0.35,0.20,18,5,-1,0.0,0.0,-0.8,0.2,0.00,-0.01,0.00,0.00,0.00,0.00,-0.10,0.40,100,-1,0,-16,-21.2,0.10,0.159,0.166,11.59,0,26,0,265.3,350.7,359.2,4.7,0.00,0,-0.4,0.3
60.60,climb,328.69,21.31,0.188,1,1416.4,264.7,476.1,100.8,0.35,0.20,16,5,-1,0.0,0.0,-0.9,0.2,0.00,-0.01,0.00,0.00,0.00,0.00,-0.09,0.39,100,-1,0,-14,-21.2,0.14,0.189,0.194,10.50,0,26,0,265.3,350.7,359.2,4.7,0.00,0,-0.4,0.3
60.70,climb,329.63,20.37,0.214,1,1416.5,264.7,476.1,100.8,0.35,0.20,14,5,-1,0.0,0.0,-0.9,0.1,-0.00,-0.01,0.00,0.00,0.00,0.00,-0.10,0.39,100,-1,0,-12,-20.7,0.17,0.214,0.218,9.55,0,26,0,265.3,350.7,359.2,4.7,0.00,0,-0.2,0.6
60.80,climb,330.49,19.51,0.232,1,1416.5,264.7,476.0,100.8,0.35,0.20,12,356,-1,0.0,0.0,-0.9,0.1,-0.00,-0.01,0.00,0.00,0.00,0.00,-0.12,0.38,100,-1,0,-10,-20.7,0.22,0.233,0.238,8.79,0,26,0,273.7,193.5,359.1,356.3,0.00,0,-0.2,0.6
60.90,climb,331.31,18.69,0.240,1,1416.5,264.8,476.0,100.7,0.35,0.15,9,356,-1,0.0,0.0,-0.9,0.1,-0.00,-0.01,0.00,0.00,0.00,0.00,-0.12,0.38,100,-1,0,-7,-18.7,0.25,0.241,0.247,8.26,0,26,0,273.7,193.5,359.1,356.3,0.00,0,-0.2,0.7
61.00,cruise,332.10,17.90,0.287,1,1416.5,264.8,476.0,100.7,0.35,0.15,7,356,-1,2.4,4.0,-0.9,0.0,-0.06,-0.05,0.00,0.00,0.00,0.00,-0.11,0.37,100,-1,0,-5,-18.7,0.27,0.289,0.321,7.96,0,26,0,273.7,193.5,359.1,356.3,0.00,0,-0.2,0.7
61.10,cruise,332.86,17.14,0.285,1,1416.6,264.8,475.9,100.7,0.35,0.12,6,356,-1,6.4,8.0,-0.9,-0.0,-0.12,-0.11,0.00,0.00,0.00,0.00,-0.10,0.36,100,-1,0,11,-15.4,0.57,0.291,0.357,7.66,0,26,0,279.1,185.7,359.1,350.9,0.00,1,-0.0,0.6
61.20,cruise,333.60,16.40,0.279,1,1416.6,264.8,475.9,100.7,0.35,0.12,3,349,-1,10.4,12.0,-0.9,-0.0,-0.17,-0.16,0.00,0.00,0.00,0.00,-0.10,0.36,100,-1,0,13,-15.4,0.56,0.284,0.377,7.45,0,26,0,280.6,184.8,359.1,349.4,0.00,1,-0.0,0.6
61.30,cruise,334.34,15.66,0.263,1,1416.7,264.8,475.9,100.7,0.26,0.02,1,349,-1,14.4,16.0,-0.8,0.1,-0.21,-0.18,0.00,0.00,0.00,0.00,-0.08,0.27,100,-1,0,14,-8.8,0.53,0.268,0.373,7.40,0,26,0,281.8,183.7,359.2,348.2,0.00,1,3.6,-2.7
61.40,cruise,335.07,14.93,0.247,1,1416.7,264.8,475.8,100.7,0.18,-0.05,359,349,-1,16.2,20.0,-0.3,0.4,-0.21,-0.14,0.00,0.00,0.00,0.00,-0.03,0.26,100,-1,0,15,-4.1,0.47,0.250,0.343,7.37,0,26,0,282.6,181.8,359.6,347.4,0.00,1,6.8,-5.9
61.50,cruise,335.78,14.22,0.235,1,1416.7,264.8,475.8,100.7,0.09,-0.12,358,349,-1,16.9,24.0,0.5,1.1,-0.18,-0.06,0.00,0.00,0.00,0.00,0.05,0.18,100,-1,0,15,1.1,0.38,0.237,0.301,7.26,0,26,0,282.8,179.1,0.2,347.2,0.00,1,10.3,-9.8
61.60,cruise,336.46,13.54,0.225,1,1416.7,264.8,475.8,100.7,0.09,-0.12,356,347,-1,17.3,28.0,1.6,2.2,-0.13,0.03,0.00,0.00,0.00,0.00,0.11,0.10,100,-1,0,15,1.1,0.27,0.226,0.269,7.10,0,26,0,282.6,175.2,1.1,347.4,0.00,1,10.3,-9.8
61.70,cruise,337.12,12.88,0.217,1,1416.7,264.8,475.8,100.7,0.00,-0.19,355,347,-1,17.4,32.0,2.9,3.7,-0.08,0.11,0.00,0.00,0.00,0.00,0.19,0.02,100,-1,0,14,6.2,0.15,0.218,0.268,6.91,0,26,0,281.9,169.9,2.2,348.2,0.00,1,13.5,-13.7
61.80,cruise,337.73,12.27,0.216,1,1416.7,264.8,475.8,100.7,0.00,-0.22,354,347,-1,17.2,35.4,4.4,5.6,-0.01,0.15,0.00,0.00,0.00,0.00,0.22,0.02,100,-1,0,12,10.5,0.04,0.216,0.260,6.64,0,26,0,280.9,163.2,3.3,349.5,0.00,1,15.2,-17.2
61.90,cruise,338.30,11.70,0.219,1,1416.7,264.7,475.8,100.7,0.00,-0.12,353,347,-1,16.6,36.2,5.7,7.8,0.08,0.15,0.00,0.00,0.00,0.00,0.19,0.02,100,-1,0,11,17.0,-0.07,0.219,0.280,6.30,0,26,0,279.5,155.3,4.4,351.2,0.00,1,13.9,-22.2
62.00,cruise,338.83,11.17,0.225,1,1416.7,264.7,475.8,100.8,0.00,-0.12,353,352,-1,15.8,37.0,6.8,10.3,0.12,0.11,0.07,0.00,0.00,0.00,0.12,0.02,100,-1,0,9,17.0,-0.16,0.225,0.289,5.96,0,26,0,278.0,146.1,5.4,353.1,0.00,1,13.9,-22.2
62.10,cruise,339.32,10.68,0.234,1,1416.7,264.7,475.8,100.8,0.31,0.11,353,352,-1,14.8,37.8,7.6,12.7,0.12,0.06,0.16,0.00,0.00,0.00,0.00,0.13,100,-1,0,7,19.7,-0.24,0.235,0.285,5.58,0,26,0,276.3,135.5,6.2,355.2,0.00,1,9.3,-20.7
62.20,cruise,339.78,10.22,0.250,1,1416.8,264.8,475.8,100.8,0.57,0.26,353,352,-1,13.6,38.7,8.1,15.0,0.09,0.01,0.23,0.00,0.00,0.00,-0.15,0.29,100,-1,0,5,19.6,-0.30,0.251,0.278,5.27,0,26,0,274.6,123.8,6.9,357.4,0.00,1,6.7,-18.6
62.30,cruise,340.21,9.79,0.250,1,1416.8,264.8,475.7,100.7,0.57,0.26,352,352,-1,12.4,39.5,8.2,17.1,0.05,-0.05,0.29,0.00,0.00,0.00,-0.34,0.53,100,-1,0,3,19.6,-0.34,0.252,0.276,4.95,0,26,0,272.9,111.4,7.4,359.4,0.00,1,6.7,-18.6
62.40,cruise,340.63,9.37,0.254,1,1416.9,264.8,475.6,100.7,0.83,0.42,353,359,-1,11.1,40.2,8.2,18.9,-0.01,-0.07,0.35,0.00,0.00,0.00,-0.51,0.78,100,-1,0,1,18.8,-0.36,0.256,0.279,4.67,0,26,0,271.3,99.2,7.7,1.3,0.00,1,4.8,-16.2
62.50,cruise,341.02,8.98,0.259,1,1417.1,264.9,475.5,100.6,1.54,0.73,354,359,-1,9.9,40.9,8.0,20.5,-0.06,-0.07,0.39,0.00,0.00,0.00,-0.69,1.12,100,-1,0,-1,15.1,-0.37,0.261,0.296,4.44,0,26,0,269.8,88.4,8.1,3.0,0.00,1,4.3,-12.6
62.60,cruise,341.40,8.60,0.264,1,1417.1,264.9,475.4,100.6,1.54,0.73,355,359,-1,8.9,41.5,8.0,21.9,-0.09,-0.04,0.44,0.00,0.00,0.00,-0.86,1.47,100,-1,0,-3,15.1,-0.35,0.266,0.302,4.20,0,26,0,268.5,80.2,8.6,4.6,0.00,1,4.3,-12.6
62.70,cruise,341.75,8.25,0.270,1,1417.5,265.1,475.2,100.5,2.24,0.99,356,359,-1,8.1,42.1,8.1,23.3,-0.10,0.00,0.48,0.00,0.00,0.00,-1.00,1.82,100,-1,0,-4,9.3,-0.32,0.272,0.300,3.97,0,26,0,267.5,75.1,9.2,5.9,0.00,1,5.5,-13.0
62.80,cruise,342.07,7.93,0.278,1,1417.5,265.1,475.0,100.4,2.24,0.99,357,3,-1,7.5,42.6,8.4,24.8,-0.08,0.04,0.53,0.00,0.00,0.00,-1.12,2.18,100,-1,0,-5,9.3,-0.28,0.280,0.312,3.72,0,26,0,266.9,72.6,9.8,6.9,0.00,1,5.5,-13.0
62.90,cruise,342.37,7.63,0.286,1,1417.8,265.2,474.7,100.3,2.59,1.14,358,3,-1,7.2,43.1,8.8,26.4,-0.05,0.07,0.58,0.00,0.00,0.00,-1.25,2.54,100,-1,0,-6,6.1,-0.24,0.287,0.319,3.52,0,26,0,266.6,72.3,10.4,7.6,0.00,1,5.4,-14.5
63.00,cruise,342.65,7.35,0.293,1,1418.0,265.3,474.5,100.2,2.99,1.32,358,3,-1,7.1,43.5,9.3,28.1,-0.01,0.09,0.64,0.00,0.00,0.00,-1.40,2.95,100,-1,0,-6,2.9,-0.18,0.294,0.324,3.33,0,26,0,266.7,73.6,11.0,8.0,0.00,1,5.0,-16.1
63.10,cruise,342.90,7.10,0.301,1,1418.4,265.5,474.1,100.0,3.38,1.52,359,3,-1,7.4,43.9,9.9,29.9,0.02,0.10,0.70,0.00,0.00,0.00,-1.57,3.36,100,-1,0,-6,-0.4,-0.11,0.301,0.338,3.17,0,26,0,267.2,76.4,11.5,8.1,0.00,1,4.1,-17.5
63.20,cruise,343.14,6.86,0.311,1,1418.7,265.7,473.8,99.8,3.87,1.74,359,2,-1,7.9,44.3,10.6,31.7,0.04,0.11,0.76,0.00,0.00,0.00,-1.77,3.85,100,-1,0,-6,-3.4,-0.05,0.312,0.359,3.00,0,26,0,268.0,80.5,11.8,7.8,0.00,1,2.8,-18.7
63.30,cruise,343.36,6.64,0.323,1,1419.6,266.1,473.3,99.7,4.92,2.23,360,2,-1,8.6,44.6,11.3,33.5,0.04,0.10,0.82,0.00,0.00,0.00,-1.98,4.34,100,-1,0,-5,-8.1,0.01,0.323,0.369,2.82,0,26,0,269.0,85.4,11.9,7.3,0.00,1,-1.0,-17.5
63.40,cruise,343.57,6.43,0.333,1,1420.2,266.3,472.9,99.4,5.54,2.50,0,2,-1,9.5,45.0,11.9,35.1,0.02,0.09,0.88,0.00,0.00,0.00,-2.23,4.92,100,-1,0,-5,-9.8,0.07,0.333,0.368,2.65,0,26,0,270.2,91.2,11.7,6.5,0.00,1,-3.6,-16.3
63.50,cruise,343.77,6.23,0.343,1,1420.2,266.3,472.3,99.2,5.54,2.50,0,2,-1,10.5,45.3,12.4,36.5,0.00,0.06,0.92,0.00,0.00,0.00,-2.48,5.55,100,-1,0,-3,-9.8,0.13,0.344,0.366,2.50,0,26,0,271.6,97.9,11.3,5.4,0.00,1,-3.6,-16.3
63.60,cruise,343.96,6.04,0.351,1,1421.5,266.9,471.7,98.9,6.99,3.10,360,357,-1,11.6,45.7,12.7,37.8,-0.01,0.03,0.96,0.00,0.00,0.00,-2.82,6.23,100,-1,0,-2,-11.4,0.18,0.352,0.368,2.39,0,26,0,273.0,105.8,10.5,4.1,0.00,1,-9.6,-14.6
63.70,cruise,344.15,5.85,0.359,1,1422.2,267.2,471.0,98.6,7.78,3.35,360,357,-1,12.8,46.0,12.8,39.0,-0.02,-0.00,1.00,0.00,0.00,0.00,-3.15,6.96,100,-1,0,-1,-10.8,0.22,0.360,0.369,2.27,0,26,0,274.4,114.8,9.4,2.5,0.00,1,-12.0,-14.0
63.80,cruise,344.42,5.58,0.363,1,1423.1,267.6,470.3,98.3,8.61,3.59,359,357,-1,13.9,46.5,12.6,40.1,-0.02,-0.04,1.00,0.00,0.00,0.00,-3.45,7.73,100,-1,0,1,-9.6,0.24,0.364,0.388,2.18,0,26,0,275.6,124.8,8.1,0.9,0.00,1,-13.3,-13.4
63.90,cruise,344.50,5.50,0.369,1,1423.1,267.6,469.4,97.9,8.61,3.59,359,357,-1,14.8,46.8,12.3,41.1,-0.02,-0.07,1.00,0.00,0.00,0.00,-3.74,8.55,100,-1,0,3,-9.6,0.25,0.370,0.403,2.15,0,26,0,276.7,135.6,6.6,359.3,0.00,1,-13.3,-13.4
64.00,cruise,344.76,5.24,0.370,1,1424.0,267.9,468.5,97.6,9.49,3.77,358,352,-1,15.6,47.2,11.7,42.2,-0.01,-0.10,1.00,0.00,0.00,0.00,-4.04,9.38,100,-1,0,4,-7.7,0.24,0.371,0.414,2.11,0,26,0,277.5,146.5,5.0,357.8,0.00,1,-14.2,-13.0
64.10,cruise,344.85,5.15,0.376,1,1426.1,268.7,467.5,97.2,11.38,3.93,358,352,-1,16.2,47.6,10.9,43.3,0.01,-0.13,1.00,0.00,0.00,0.00,-4.28,10.26,100,-1,0,5,-2.0,0.21,0.377,0.428,2.08,0,26,0,278.0,157.1,3.4,356.5,0.00,1,-12.8,-13.6
64.20,cruise,345.01,4.99,0.379,1,1427.3,269.1,466.4,96.8,12.35,3.91,357,352,-1,16.5,48.1,10.0,44.6,0.04,-0.14,1.00,0.00,0.00,0.00,-4.47,11.18,100,-1,0,6,1.1,0.17,0.380,0.447,2.08,0,26,0,278.2,166.4,2.0,355.6,0.00,1,-10.0,-13.5
64.30,cruise,345.17,4.83,0.384,1,1428.6,269.5,465.2,96.4,13.32,3.83,357,352,-1,16.6,48.5,9.1,45.8,0.05,-0.14,1.00,0.00,0.00,0.00,-4.57,12.12,100,-1,0,7,4.1,0.12,0.385,0.460,2.05,0,26,0,278.0,173.8,0.9,355.0,0.00,1,-6.8,-12.6
64.40,cruise,345.33,4.67,0.391,1,1428.6,269.5,463.9,96.0,13.32,3.83,357,352,-1,16.4,49.1,8.3,47.1,0.06,-0.14,1.00,0.00,0.00,0.00,-4.62,13.06,100,-1,0,7,4.1,0.06,0.391,0.468,2.00,0,26,0,277.6,179.1,0.1,354.9,0.00,1,-6.8,-12.6
64.50,cruise,345.48,4.52,0.400,1,1430.0,269.9,462.5,95.6,14.28,3.72,356,352,-1,16.0,49.6,7.4,48.2,0.05,-0.13,1.00,0.00,0.00,0.00,-4.62,14.02,100,-1,0,7,6.8,-0.00,0.400,0.474,1.92,0,26,0,276.8,182.0,359.8,355.3,0.00,1,-3.1,-11.5
64.60,cruise,345.62,4.38,0.408,1,1433.2,270.6,461.0,95.3,16.39,3.43,356,352,-1,15.4,50.1,6.7,49.2,0.04,-0.12,1.00,0.00,0.00,0.00,-4.60,15.06,100,-1,0,6,10.3,-0.06,0.408,0.471,1.83,0,26,0,275.9,180.9,359.9,356.1,0.00,1,6.1,-7.6
64.70,cruise,345.77,4.23,0.416,1,1433.2,270.6,459.3,94.9,16.39,3.43,356,352,-1,14.7,50.7,6.3,50.0,0.01,-0.10,1.00,0.00,0.00,0.00,-4.56,16.11,100,-1,0,5,10.3,-0.11,0.416,0.459,1.74,0,26,0,274.9,173.3,0.6,357.3,0.00,1,6.1,-7.6
64.80,cruise,345.91,4.09,0.423,1,1436.7,271.2,457.6,94.6,18.68,3.18,356,356,-1,13.8,51.3,6.3,50.6,-0.02,-0.07,1.00,0.00,0.00,0.00,-4.43,17.28,100,-1,0,3,11.2,-0.16,0.423,0.462,1.64,0,26,0,273.7,155.5,1.7,358.9,0.00,1,14.7,-3.6
64.90,cruise,346.04,3.96,0.429,1,1438.7,271.5,455.8,94.3,19.73,3.13,356,356,-1,13.0,51.9,6.5,51.1,-0.04,-0.04,1.00,0.00,0.00,0.00,-4.32,18.44,100,-1,0,1,10.6,-0.20,0.430,0.466,1.55,0,26,0,272.7,129.3,3.2,0.9,0.00,1,17.8,-2.7
65.00,cruise,346.17,3.83,0.436,1,1438.7,271.5,453.8,94.0,19.73,3.13,357,356,-1,12.1,52.5,7.1,51.5,-0.05,-0.02,1.00,0.00,0.00,0.00,-4.28,19.51,100,-1,0,-1,10.6,-0.23,0.438,0.466,1.44,0,26,0,271.7,108.0,5.1,2.9,0.00,1,17.8,-2.7
65.10,cruise,346.29,3.71,0.443,1,1442.9,272.2,451.8,93.6,22.02,3.24,357,356,-1,11.4,53.0,8.2,51.9,-0.04,0.02,1.00,0.00,0.00,0.00,-4.30,20.67,100,-1,0,-3,6.8,-0.24,0.445,0.472,1.36,0,26,0,270.8,96.7,7.1,5.1,0.00,1,22.0,-3.0
65.20,cruise,346.40,3.60,0.451,1,1445.2,272.5,449.6,93.3,23.20,3.44,357,360,-1,11.0,53.5,9.7,52.5,-0.04,0.05,1.00,0.00,0.00,0.00,-4.29,21.84,100,-1,0,-5,4.0,-0.24,0.452,0.490,1.31,0,26,0,270.3,91.6,9.4,7.2,0.00,1,22.6,-3.7
65.30,cruise,346.50,3.50,0.458,1,1447.6,272.9,447.3,93.0,24.39,3.74,358,360,-1,10.9,54.1,11.6,53.1,-0.02,0.08,1.00,0.00,0.00,0.00,-4.39,23.04,100,-1,0,-7,0.3,-0.22,0.459,0.504,1.31,0,26,0,270.0,90.2,11.6,9.2,0.00,1,22.0,-4.9
65.40,cruise,346.61,3.39,0.468,1,1447.6,272.9,444.9,92.6,24.39,3.74,358,360,-1,11.2,54.6,14.1,53.8,-0.00,0.11,1.00,0.00,0.00,0.00,-4.60,24.24,100,-1,0,-9,0.3,-0.18,0.469,0.518,1.31,0,26,0,270.2,91.0,13.8,10.9,0.00,1,22.0,-4.9
65.50,cruise,346.70,3.30,0.481,1,1452.8,273.7,442.4,92.2,26.76,4.61,358,360,-1,12.1,55.0,16.9,54.7,0.01,0.13,1.00,0.00,0.00,0.00,-4.90,25.44,100,-1,0,-10,-7.9,-0.13,0.482,0.549,1.30,0,26,0,270.9,93.1,15.8,12.3,0.00,1,18.3,-6.3
65.60,cruise,346.80,3.20,0.499,1,1452.8,273.7,439.7,91.8,26.76,4.61,358,358,-1,13.5,55.5,20.1,55.5,0.01,0.14,1.00,0.00,0.00,0.00,-5.39,26.62,100,-1,0,-11,-7.9,-0.07,0.499,0.576,1.28,0,26,0,272.0,96.2,17.5,13.3,0.00,1,18.3,-6.3
65.70,cruise,346.89,3.11,0.519,1,1458.5,274.8,436.9,91.3,29.36,5.91,358,358,-1,15.4,55.9,23.4,56.2,0.01,0.15,1.00,0.00,0.00,0.00,-5.98,27.88,100,-1,0,-12,-15.6,0.00,0.519,0.597,1.25,0,26,0,273.5,100.1,18.8,13.6,0.00,1,9.3,-6.5
65.80,cruise,346.99,3.01,0.539,1,1461.5,275.4,434.0,90.7,30.63,6.64,358,358,-1,17.8,56.4,26.6,56.8,-0.01,0.14,1.00,0.00,0.00,0.00,-6.69,29.19,100,-1,0,-11,-18.4,0.08,0.539,0.621,1.22,0,26,0,275.4,104.8,19.6,13.4,0.00,1,3.7,-6.1
65.90,cruise,347.09,2.91,0.560,1,1464.6,276.2,431.0,90.1,31.99,7.43,359,358,-1,20.6,56.8,29.4,57.1,-0.03,0.13,1.00,0.00,0.00,0.00,-7.43,30.45,100,-1,0,-11,-20.0,0.16,0.561,0.650,1.14,0,26,0,277.5,110.0,19.9,12.5,0.00,1,-2.7,-6.0
66.00,cruise,347.19,2.81,0.575,1,1464.6,276.2,427.9,89.3,31.99,7.43,358,350,-1,23.5,57.2,31.7,57.3,-0.06,0.10,1.00,0.00,0.00,0.00,-8.60,31.70,100,-1,0,-9,-20.0,0.22,0.577,0.668,1.09,0,26,0,279.7,115.8,19.4,11.0,0.00,1,-2.7,-6.0
66.10,cruise,347.30,2.70,0.580,1,1471.4,277.9,424.5,88.5,35.02,9.11,357,350,-1,26.4,57.6,33.3,57.2,-0.08,0.07,1.00,0.00,0.00,0.00,-9.82,33.02,100,-1,0,-7,-19.1,0.27,0.583,0.670,1.10,0,26,0,281.8,122.4,18.3,8.8,0.00,1,-16.7,-7.1
66.20,cruise,347.43,2.57,0.576,1,1475.0,278.8,421.1,87.6,36.61,9.89,357,350,-1,29.1,58.1,33.9,57.0,-0.10,0.03,1.00,0.00,0.00,0.00,-11.01,34.47,100,-1,0,-4,-16.5,0.30,0.579,0.653,1.17,0,26,0,283.8,129.8,16.4,6.1,0.00,1,-22.8,-9.4
66.30,cruise,347.56,2.44,0.600,1,1475.0,278.8,417.5,86.7,36.61,9.89,356,350,-1,31.4,58.6,33.9,57.0,-0.09,-0.00,1.00,0.00,0.00,0.00,-12.13,35.93,100,-1,0,-1,-16.5,0.30,0.603,0.657,1.30,0,26,0,285.5,138.3,13.8,3.0,0.00,1,-22.8,-9.4
66.40,cruise,347.70,2.30,0.600,1,1478.8,279.9,413.7,85.6,38.19,10.51,356,343,-1,33.4,59.1,33.3,57.3,-0.06,-0.03,1.00,0.00,0.00,0.00,-13.43,37.26,100,-1,0,2,-12.9,0.30,0.603,0.659,1.44,0,26,0,286.7,147.8,10.7,359.8,0.00,1,-27.3,-12.7
66.50,cruise,347.85,2.15,0.600,1,1486.9,282.1,409.7,84.5,41.53,11.32,355,343,-1,34.8,59.8,32.3,58.0,-0.02,-0.06,1.00,0.00,0.00,0.00,-14.53,38.67,100,-1,0,5,-2.6,0.27,0.603,0.650,1.62,0,26,0,287.5,158.2,7.2,356.7,0.00,1,-31.3,-19.9
66.60,cruise,347.99,2.01,0.600,1,1486.9,282.1,405.6,83.4,41.53,11.32,354,343,-1,35.6,60.5,30.8,59.2,0.03,-0.08,1.00,0.00,0.00,0.00,-15.39,40.20,100,-1,0,8,-2.6,0.21,0.602,0.665,1.82,0,26,0,287.7,169.4,3.4,353.9,0.00,1,-31.3,-19.9
66.70,cruise,348.14,1.86,0.600,1,1491.1,283.2,401.4,82.3,43.20,11.45,354,343,-1,35.7,61.3,28.8,60.8,0.07,-0.10,1.00,0.00,0.00,0.00,-15.97,41.74,100,-1,0,11,3.3,0.15,0.601,0.701,1.99,0,26,0,287.3,181.3,359.6,351.3,0.00,1,-31.3,-22.5
66.80,cruise,348.28,1.72,0.600,1,1495.6,284.4,396.9,81.1,44.96,11.38,354,344,-1,35.2,62.2,26.1,62.7,0.11,-0.11,1.00,0.00,0.00,0.00,-16.25,43.43,100,-1,0,13,9.2,0.07,0.600,0.734,2.10,0,26,0,286.2,193.8,355.9,349.1,0.00,1,-30.1,-23.9
66.90,cruise,348.42,1.58,0.600,1,1500.2,285.5,392.3,80.0,46.71,11.12,354,344,-1,33.9,63.2,22.6,64.7,0.14,-0.12,1.00,0.00,0.00,0.00,-16.26,45.18,100,-1,0,15,14.6,-0.00,0.600,0.756,2.12,0,26,0,284.4,206.6,352.7,347.4,0.00,1,-27.6,-23.9
67.00,cruise,348.62,1.38,0.600,1,1510.0,287.6,387.5,78.9,50.41,10.06,354,344,-1,31.9,64.2,17.8,66.5,0.13,-0.13,1.00,0.00,0.00,0.00,-16.00,47.07,100,-1,0,16,22.6,-0.07,0.600,0.760,2.05,0,26,0,282.2,219.3,350.0,346.1,0.00,1,-19.9,-16.7
67.10,brake,348.68,1.32,0.534,1,1510.0,287.6,0.0,0.0,50.41,10.06,354,344,-1,25.9,58.2,11.7,67.9,0.25,-0.21,1.00,0.00,0.00,0.00,-15.57,48.99,100,-1,0,17,22.6,-0.12,0.534,0.721,1.89,0,26,0,279.7,231.5,347.9,345.3,0.00,1,-19.9,-16.7
67.20,brake,348.80,1.20,0.543,1,1520.5,289.4,0.0,0.0,53.83,8.56,354,353,-1,19.9,52.2,4.5,68.9,0.29,-0.23,1.00,0.00,0.00,0.00,-14.54,50.96,100,-1,0,17,26.0,-0.16,0.544,0.748,1.61,0,26,0,277.0,242.8,346.6,345.1,0.00,1,-7.7,-4.6
67.30,brake,348.90,1.10,0.558,1,1526.0,290.2,0.0,0.0,55.33,7.76,355,353,-1,13.9,46.2,-2.9,69.1,0.29,-0.23,1.00,0.00,0.00,0.00,-13.47,52.82,100,-1,0,17,25.6,-0.19,0.559,0.766,1.23,0,26,0,274.3,253.1,346.0,345.4,0.00,1,-0.6,3.9
67.40,brake,348.99,1.01,0.581,1,1531.7,290.9,0.0,0.0,56.91,6.91,355,353,-1,7.9,40.2,-9.0,68.5,0.23,-0.22,1.00,0.00,0.00,0.00,-12.44,54.47,100,-1,0,15,24.0,-0.20,0.582,0.762,0.72,0,26,0,272.0,262.0,346.2,346.5,0.00,1,8.1,13.9
67.50,brake,349.06,0.94,0.606,1,1531.7,290.9,0.0,0.0,56.91,6.91,355,353,-1,1.9,34.2,-12.7,66.7,0.13,-0.19,1.00,0.00,0.00,0.00,-11.44,56.17,100,-1,0,14,24.0,-0.21,0.607,0.734,0.20,0,26,0,270.0,269.9,347.3,348.4,0.00,1,8.1,13.9
67.60,brake,349.13,0.87,0.615,1,1543.5,292.1,0.0,0.0,60.25,5.28,356,1,-1,-4.1,28.2,-13.6,63.7,0.01,-0.11,1.00,0.00,0.00,0.00,-9.94,58.00,100,-1,0,11,17.1,-0.21,0.617,0.666,-0.28,0,26,0,268.5,277.6,349.2,351.0,0.00,1,26.7,34.0
67.70,brake,349.22,0.78,0.558,1,1543.5,292.1,0.0,0.0,60.25,5.28,357,1,-1,-10.1,22.2,-12.0,59.8,-0.11,0.01,1.00,0.00,0.00,0.00,-8.56,59.87,100,-1,0,8,17.1,-0.19,0.560,0.606,-0.61,0,26,0,267.6,286.8,352.0,354.3,0.00,1,26.7,34.0
67.80,brake,349.31,0.69,0.499,1,1555.9,293.0,0.0,0.0,63.37,4.11,357,1,-1,-16.1,16.2,-8.7,55.2,-0.18,0.18,1.00,0.00,0.00,0.00,-7.32,61.61,100,-1,0,4,5.9,-0.16,0.500,0.644,-0.74,0,26,0,267.0,303.5,355.5,358.0,0.00,1,40.5,44.0
67.90,brake,349.42,0.58,0.446,1,1555.9,293.0,0.0,0.0,63.37,4.11,358,1,-1,-13.8,10.2,-4.5,50.5,-0.16,0.29,1.00,0.00,0.00,0.00,-6.33,63.19,100,-1,0,0,5.9,-0.11,0.447,0.625,-0.66,0,26,0,266.8,349.0,359.4,1.6,0.00,1,40.5,44.0
68.00,brake,349.57,0.43,0.400,1,1562.3,293.4,0.0,0.0,64.51,3.90,359,3,-1,-9.5,4.2,-0.1,46.3,-0.06,0.36,1.00,0.00,0.00,0.00,-5.45,64.40,100,-1,0,-3,0.0,-0.05,0.400,0.567,-0.44,0,26,0,266.8,45.3,3.2,4.5,0.00,1,41.4,42.4
68.10,brake,349.66,0.34,0.364,1,1575.4,294.2,0.0,0.0,65.87,4.21,359,3,-1,-6.4,-1.8,3.9,42.6,0.07,0.40,1.00,0.00,0.00,0.00,-4.89,65.24,100,-1,0,-5,-8.3,0.00,0.364,0.550,-0.17,0,26,0,267.1,66.0,6.6,6.6,0.00,1,29.8,34.6
68.20,brake,349.77,0.23,0.336,1,1582.0,294.6,0.0,0.0,66.14,4.57,360,3,-1,-4.4,-7.8,7.1,39.3,0.17,0.39,0.99,0.00,0.00,0.00,-4.57,65.85,100,-1,0,-6,-10.2,0.05,0.337,0.561,0.03,0,26,0,267.5,74.6,9.2,7.7,0.00,1,19.9,32.5
68.30,brake,349.89,0.11,0.317,1,1588.7,295.1,0.0,0.0,66.36,5.00,0,3,-1,-3.6,-13.8,9.3,36.1,0.21,0.33,0.89,0.00,0.00,0.00,-4.43,66.15,100,-1,0,-6,-10.4,0.08,0.317,0.532,0.12,0,26,0,267.9,79.1,10.7,8.0,0.00,1,8.5,33.5
68.40,brake,350.01,-0.01,0.303,1,1595.3,295.7,0.0,0.0,66.45,5.42,0,2,-1,-3.7,-19.8,10.1,32.6,0.18,0.23,0.79,0.00,0.00,0.00,-4.62,66.38,100,-1,0,-5,-9.6,0.10,0.303,0.468,0.10,0,26,0,268.3,81.3,11.2,7.4,0.00,1,-2.3,36.6
68.50,brake,350.13,-0.13,0.293,1,1602.0,296.2,0.0,0.0,66.45,5.81,1,2,-1,-4.5,-25.8,9.8,28.7,0.12,0.11,0.66,0.00,0.00,0.00,-4.82,66.49,100,-1,0,-4,-8.1,0.10,0.293,0.384,-0.02,0,26,0,268.5,81.9,10.6,6.4,0.00,1,-11.4,41.1
68.60,brake,350.25,-0.25,0.284,1,1602.0,296.2,0.0,0.0,66.45,5.81,1,2,-1,-5.7,-31.8,8.5,24.2,0.04,-0.03,0.51,0.00,0.00,0.00,-5.03,66.51,100,-1,0,-3,-8.1,0.10,0.285,0.310,-0.14,0,26,0,268.5,80.7,9.2,5.1,0.00,1,-11.4,41.1
68.70,brake,350.36,-0.36,0.276,1,1615.2,297.5,0.0,0.0,66.23,6.37,1,2,-1,-6.9,-37.8,6.5,19.5,-0.03,-0.14,0.35,0.00,0.00,0.00,-5.19,66.48,100,-1,0,-2,-3.8,0.08,0.276,0.346,-0.23,0,26,0,268.4,77.3,7.1,3.9,0.00,1,-22.1,47.7
68.80,brake,350.46,-0.46,0.270,1,1621.8,298.1,0.0,0.0,65.96,6.49,1,2,-1,-8.0,-43.8,4.2,14.6,-0.09,-0.22,0.17,0.00,0.00,0.00,-5.27,66.32,100,-1,0,-1,-1.4,0.06,0.270,0.395,-0.33,0,26,0,268.2,69.2,4.7,2.9,0.00,1,-22.8,48.9
68.90,brake,350.54,-0.54,0.267,1,1621.8,298.1,0.0,0.0,65.96,6.49,1,2,-1,-8.8,-44.6,1.9,9.7,-0.15,-0.25,0.00,0.00,0.00,0.00,-5.25,66.07,100,-1,0,-0,-1.4,0.02,0.267,0.429,-0.40,0,26,0,268.0,48.7,2.3,2.3,0.00,1,-22.8,48.9
69.00,brake,350.61,-0.61,0.266,1,1634.9,299.4,0.0,0.0,65.13,6.39,1,2,-1,-9.3,-44.6,-0.1,4.9,-0.16,-0.24,0.00,0.00,0.00,0.00,-5.14,65.73,100,-1,0,-0,3.0,-0.02,0.266,0.425,-0.46,0,26,0,267.8,2.0,0.1,2.2,0.00,1,-17.0,46.3
69.10,brake,350.63,-0.63,0.269,1,1641.4,300.0,0.0,0.0,64.56,6.23,1,2,-1,-9.4,-44.6,-1.7,0.3,-0.15,-0.18,0.00,0.00,0.00,0.00,-4.95,65.25,100,-1,0,-1,4.4,-0.07,0.269,0.402,-0.54,0,26,0,267.5,326.4,358.3,2.5,0.00,1,-11.4,42.8
69.20,brake,350.63,-0.63,0.274,1,1641.4,300.0,0.0,0.0,64.56,6.23,2,3,-1,-9.1,-44.6,-2.7,-3.9,-0.12,-0.10,0.00,0.00,0.00,0.00,-4.54,64.70,100,-1,0,-1,4.4,-0.11,0.275,0.365,-0.62,0,26,0,267.2,314.5,357.1,3.0,0.00,1,-11.4,42.8
69.30,brake,350.62,-0.62,0.280,1,1647.8,300.7,0.0,0.0,63.90,6.02,2,3,-1,-8.7,-44.7,-3.1,-7.7,-0.09,-0.02,0.00,0.00,0.00,0.00,-4.13,64.05,100,-1,0,-2,4.7,-0.13,0.281,0.326,-0.68,0,26,0,266.9,311.3,356.5,3.5,0.00,1,-5.7,38.8
69.40,brake,350.58,-0.58,0.288,1,1660.4,301.8,0.0,0.0,62.31,5.60,2,3,-1,-8.2,-44.7,-3.1,-11.1,-0.05,0.04,0.05,0.00,0.00,0.00,-3.76,63.26,100,-1,0,-2,4.1,-0.13,0.288,0.321,-0.74,0,26,0,266.7,311.6,356.3,3.9,0.00,1,1.4,30.9
69.50,brake,350.52,-0.52,0.299,1,1660.4,301.8,0.0,0.0,62.31,5.60,2,3,-1,-7.7,-44.7,-2.8,-14.1,0.00,0.07,0.15,0.00,0.00,0.00,-3.44,62.47,100,-1,0,-2,4.1,-0.13,0.299,0.327,-0.85,0,26,0,266.5,313.2,356.3,4.3,0.00,1,1.4,30.9
69.60,brake,350.45,-0.45,0.310,1,1672.6,302.9,0.0,0.0,60.56,5.27,2,4,-1,-7.2,-44.8,-2.5,-16.9,0.03,0.08,0.24,0.00,0.00,0.00,-3.05,61.64,100,-1,0,-3,2.4,-0.12,0.310,0.354,-0.95,0,26,0,266.4,315.0,356.4,4.5,0.00,1,2.6,26.4
69.70,brake,350.37,-0.37,0.319,1,1672.6,302.9,0.0,0.0,60.56,5.27,2,4,-1,-6.9,-44.8,-2.2,-19.5,0.04,0.08,0.32,0.00,0.00,0.00,-2.74,60.72,100,-1,0,-3,2.4,-0.10,0.320,0.368,-0.98,0,26,0,266.3,316.0,356.5,4.6,0.00,1,2.6,26.4
69.80,brake,350.29,-0.29,0.326,1,1678.6,303.4,0.0,0.0,59.63,5.15,3,4,-1,-6.7,-44.8,-2.1,-22.1,0.04,0.06,0.41,0.00,0.00,0.00,-2.50,59.80,100,-1,0,-3,0.9,-0.07,0.326,0.367,-0.96,0,26,0,266.4,315.6,356.5,4.6,0.00,1,2.4,25.7
69.90,brake,350.21,-0.21,0.331,1,1690.3,304.4,0.0,0.0,57.52,4.95,3,4,-1,-6.7,-44.8,-2.1,-24.6,0.03,0.03,0.49,0.00,0.00,0.00,-2.32,58.75,100,-1,0,-3,-1.9,-0.04,0.331,0.355,-0.87,0,26,0,266.7,312.5,356.4,4.5,0.00,1,-1.5,25.4
70.00,brake,350.10,-0.10,0.336,1,1690.3,304.4,0.0,0.0,57.52,4.95,3,3,-1,-6.9,-44.8,-2.5,-27.2,0.01,-0.00,0.58,0.00,0.00,0.00,-2.29,57.69,100,-1,0,-2,-1.9,-0.01,0.336,0.340,-0.77,0,26,0,267.1,306.4,356.0,4.4,0.00,1,-1.5,25.4
70.10,brake,350.07,-0.07,0.341,1,1701.5,305.4,0.0,0.0,55.33,4.76,3,3,-1,-7.2,-44.8,-3.2,-29.7,-0.02,-0.04,0.66,0.00,0.00,0.00,-2.27,56.63,100,-1,0,-2,-4.0,0.01,0.341,0.363,-0.68,0,26,0,267.6,298.0,355.5,4.3,0.00,1,-5.3,26.0
70.20,brake,350.01,-0.01,0.348,1,1701.5,305.4,0.0,0.0,55.33,4.76,3,3,-1,-7.6,-44.7,-4.0,-32.3,-0.05,-0.06,0.75,0.00,0.00,0.00,-2.23,55.49,100,-1,0,-2,-4.0,0.03,0.348,0.391,-0.60,0,26,0,268.2,289.0,354.8,4.2,0.00,1,-5.3,26.0
70.30,brake,349.94,0.06,0.357,1,1707.0,305.8,0.0,0.0,54.14,4.61,3,3,-1,-8.0,-44.7,-5.0,-35.0,-0.08,-0.06,0.84,0.00,0.00,0.00,-2.17,54.29,100,-1,0,-2,-4.5,0.05,0.357,0.414,-0.54,0,26,0,268.9,280.6,354.3,4.1,0.00,1,-5.1,26.4
70.40,brake,349.88,0.12,0.370,1,1717.5,306.7,0.0,0.0,51.59,4.24,2,0,-1,-8.5,-44.7,-5.9,-37.5,-0.10,-0.06,0.93,0.00,0.00,0.00,-2.37,53.04,100,-1,0,-2,-4.9,0.06,0.370,0.434,-0.53,0,26,0,269.7,273.0,353.9,4.0,0.00,1,-3.0,24.6
70.50,brake,349.81,0.19,0.383,1,1722.5,307.1,0.0,0.0,50.19,4.01,2,0,-1,-8.9,-44.6,-6.8,-39.9,-0.10,-0.05,1.00,0.00,0.00,0.00,-2.50,51.71,100,-1,0,-2,-5.0,0.06,0.383,0.446,-0.51,0,26,0,270.4,266.0,353.6,3.8,0.00,1,-1.2,22.5
70.60,brake,349.74,0.26,0.398,1,1722.5,307.1,0.0,0.0,50.19,4.01,2,0,-1,-9.4,-44.6,-7.5,-42.1,-0.10,-0.04,1.00,0.00,0.00,0.00,-2.54,50.28,100,-1,0,-1,-5.0,0.07,0.398,0.453,-0.51,0,26,0,271.2,259.6,353.6,3.4,0.00,1,-1.2,22.5
70.70,brake,349.66,0.34,0.413,1,1732.2,307.9,0.0,0.0,47.20,3.53,1,0,-1,-9.8,-44.6,-8.1,-43.9,-0.08,-0.02,1.00,0.00,0.00,0.00,-2.52,48.82,100,-1,0,-1,-4.0,0.07,0.413,0.455,-0.54,0,26,0,271.9,253.6,353.7,3.0,0.00,1,1.7,16.4
70.80,brake,349.59,0.41,0.427,1,1736.8,308.2,0.0,0.0,45.62,3.28,1,358,-1,-10.2,-44.5,-8.5,-45.4,-0.05,-0.01,1.00,0.00,0.00,0.00,-2.71,47.25,100,-1,0,-1,-3.0,0.07,0.427,0.453,-0.56,0,26,0,272.4,248.3,354.0,2.6,0.00,1,2.5,13.2
70.90,brake,349.52,0.48,0.440,1,1736.8,308.2,0.0,0.0,45.62,3.28,1,358,-1,-10.4,-44.5,-8.6,-46.6,-0.03,0.01,1.00,0.00,0.00,0.00,-2.81,45.65,100,-1,0,-0,-3.0,0.05,0.440,0.454,-0.59,0,26,0,272.8,244.0,354.3,2.2,0.00,1,2.5,13.2
71.00,brake,349.41,0.59,0.453,1,1745.5,308.8,0.0,0.0,42.23,2.85,0,358,-1,-10.5,-44.5,-8.6,-47.6,-0.01,0.02,1.00,0.00,0.00,0.00,-2.86,44.00,100,-1,0,0,-0.6,0.04,0.453,0.465,-0.61,0,26,0,273.0,240.5,354.6,1.9,0.00,1,3.4,8.7
71.10,brake,349.38,0.62,0.459,1,1749.6,309.1,0.0,0.0,40.56,2.66,360,358,-1,-10.6,-44.5,-8.5,-48.4,0.00,0.04,1.00,0.00,0.00,0.00,-2.86,42.23,100,-1,0,0,0.4,0.02,0.459,0.475,-0.58,0,26,0,273.2,237.6,355.0,1.6,0.00,1,3.5,7.4
71.20,brake,349.32,0.68,0.466,1,1749.6,309.1,0.0,0.0,40.56,2.66,360,357,-1,-10.5,-44.5,-8.2,-49.1,0.01,0.05,1.00,0.00,0.00,0.00,-2.89,40.55,100,-1,0,1,0.4,0.00,0.466,0.488,-0.55,0,26,0,273.2,235.5,355.4,1.4,0.00,1,3.5,7.4
71.30,brake,349.26,0.74,0.471,1,1753.5,309.3,0.0,0.0,38.80,2.49,359,357,-1,-10.3,-44.5,-7.9,-49.7,0.01,0.05,1.00,0.00,0.00,0.00,-2.89,38.78,100,-1,0,1,1.4,-0.01,0.471,0.493,-0.50,0,26,0,273.0,234.9,355.7,1.3,0.00,1,2.7,6.5
71.40,brake,349.22,0.78,0.473,1,1757.3,309.6,0.0,0.0,37.00,2.35,359,357,-1,-10.1,-44.5,-7.6,-50.3,0.00,0.04,1.00,0.00,0.00,0.00,-2.87,36.97,100,-1,0,0,2.3,-0.04,0.473,0.491,-0.39,0,26,0,272.8,236.5,355.7,1.5,0.00,1,0.9,5.8
71.50,brake,349.18,0.82,0.475,1,1764.2,310.0,0.0,0.0,33.44,2.11,359,357,-1,-9.8,-44.6,-7.6,-50.9,-0.01,0.03,1.00,0.00,0.00,0.00,-2.82,35.16,100,-1,0,0,3.3,-0.06,0.475,0.490,-0.28,0,26,0,272.6,240.0,355.6,1.8,0.00,1,-4.0,5.2
71.60,brake,349.16,0.84,0.477,1,1767.5,310.2,0.0,0.0,31.68,1.98,359,358,-1,-9.4,-44.6,-7.7,-51.4,-0.02,0.02,1.00,0.00,0.00,0.00,-2.72,33.40,100,-1,0,-0,3.2,-0.07,0.477,0.490,-0.19,0,26,0,272.3,245.0,355.1,2.4,0.00,1,-6.4,5.1
71.70,brake,349.14,0.86,0.480,1,1767.5,310.2,0.0,0.0,31.68,1.98,359,358,-1,-9.0,-44.6,-8.1,-52.0,-0.03,-0.00,1.00,0.00,0.00,0.00,-2.59,31.64,100,-1,0,-1,3.2,-0.09,0.480,0.493,-0.11,0,26,0,272.0,250.1,354.4,3.1,0.00,1,-6.4,5.1
71.80,brake,349.13,0.87,0.483,1,1773.3,310.6,0.0,0.0,28.04,1.63,359,358,-1,-8.7,-44.7,-8.8,-52.5,-0.03,-0.03,1.00,0.00,0.00,0.00,-2.42,29.80,100,-1,0,-2,1.7,-0.10,0.483,0.506,-0.03,0,26,0,271.8,254.3,353.6,4.0,0.00,1,-9.9,3.9
71.90,brake,349.13,0.87,0.484,1,1773.3,310.6,0.0,0.0,28.04,1.63,359,358,-1,-8.5,-44.7,-9.7,-53.0,-0.03,-0.05,1.00,0.00,0.00,0.00,-2.20,28.00,100,-1,0,-3,1.7,-0.09,0.484,0.515,0.07,0,26,0,271.7,257.0,352.6,4.9,0.00,1,-9.9,3.9
72.00,brake,349.15,0.85,0.485,1,1776.0,310.7,0.0,0.0,26.15,1.37,359,358,-1,-8.5,-44.7,-10.7,-53.3,-0.02,-0.06,1.00,0.00,0.00,0.00,-1.90,26.11,100,-1,0,-4,0.4,-0.08,0.485,0.519,0.16,0,26,0,271.8,258.2,351.6,5.7,0.00,1,-10.2,3.0
72.10,brake,349.16,0.84,0.487,1,1778.5,310.8,0.0,0.0,24.39,1.08,359,358,-1,-8.6,-44.7,-11.9,-53.6,-0.01,-0.08,1.00,0.00,0.00,0.00,-1.57,24.36,100,-1,0,-4,-1.2,-0.06,0.487,0.521,0.20,0,26,0,272.0,258.3,350.6,6.4,0.00,1,-9.6,1.7
72.20,brake,349.18,0.82,0.488,1,1782.9,310.9,0.0,0.0,20.87,0.36,359,358,-1,-8.8,-44.7,-13.2,-53.6,0.01,-0.09,1.00,0.00,0.00,0.00,-1.20,22.61,100,-1,0,-5,-4.2,-0.04,0.488,0.525,0.23,0,26,0,272.3,257.5,349.8,6.9,0.00,1,-7.2,-0.7
72.30,brake,349.20,0.80,0.489,1,1782.9,310.9,0.0,0.0,20.87,0.36,359,358,-1,-9.2,-44.6,-14.4,-53.6,0.02,-0.09,1.00,0.00,0.00,0.00,-0.77,20.86,100,-1,0,-5,-4.2,-0.02,0.489,0.533,0.24,0,26,0,272.7,256.1,349.1,7.1,0.00,1,-7.2,-0.7
72.40,brake,349.22,0.78,0.491,1,1784.9,310.9,0.0,0.0,19.16,-0.04,359,357,-1,-9.7,-44.6,-15.4,-53.5,0.03,-0.09,1.00,0.00,0.00,0.00,-0.38,19.16,100,-1,0,-5,-5.1,-0.00,0.491,0.537,0.22,0,26,0,273.2,254.2,348.7,7.2,0.00,1,-4.9,-1.1
72.50,brake,349.24,0.76,0.490,1,1788.3,310.8,0.0,0.0,15.78,-0.94,359,357,-1,-10.2,-44.5,-16.3,-53.3,0.03,-0.08,1.00,0.00,0.00,0.00,0.07,17.50,100,-1,0,-5,-6.6,0.02,0.490,0.535,0.23,0,26,0,273.8,251.7,348.6,6.9,0.00,1,1.2,-0.5
72.60,brake,349.27,0.73,0.487,1,1788.3,310.8,0.0,0.0,15.78,-0.94,359,357,-1,-10.9,-44.5,-16.9,-53.2,0.03,-0.07,1.00,0.00,0.00,0.00,0.54,15.80,100,-1,0,-4,-6.6,0.05,0.488,0.526,0.28,0,26,0,274.5,248.5,348.7,6.3,0.00,1,1.2,-0.5
72.70,brake,349.31,0.69,0.483,1,1789.7,310.7,0.0,0.0,14.06,-1.42,358,357,-1,-9.9,-39.9,-17.3,-53.1,-0.05,-0.07,1.00,0.00,0.00,0.00,1.04,14.10,100,-1,0,-4,-7.0,0.07,0.483,0.533,0.36,0,26,0,275.2,244.5,349.2,5.5,0.00,1,4.0,0.6
72.80,brake,349.35,0.65,0.478,1,1792.1,310.3,0.0,0.0,10.72,-2.26,358,354,-1,-8.7,-34.6,-17.5,-53.2,-0.15,-0.08,1.00,0.00,0.00,0.00,1.46,12.40,100,-1,0,-3,-6.3,0.09,0.479,0.568,0.44,0,26,0,275.9,239.9,349.9,4.5,0.00,1,8.6,2.4
72.90,brake,349.40,0.60,0.474,1,1793.1,310.1,0.0,0.0,9.10,-2.63,358,354,-1,-7.6,-29.5,-17.4,-53.2,-0.22,-0.07,1.00,0.00,0.00,0.00,1.87,10.80,100,-1,0,-1,-5.5,0.10,0.474,0.594,0.49,0,26,0,276.5,234.6,350.8,3.4,0.00,1,11.0,0.8
73.00,brake,349.49,0.51,0.467,1,1793.9,309.8,0.0,0.0,7.47,-2.96,358,354,-1,-6.5,-24.6,-16.9,-52.9,-0.26,-0.06,1.00,0.00,0.00,0.00,2.25,9.20,100,-1,0,-0,-4.1,0.11,0.467,0.595,0.50,0,26,0,277.0,228.7,352.0,2.1,0.00,1,13.8,-3.6
73.10,align,349.52,0.48,0.250,1,1794.5,309.4,98.6,55.7,5.80,-3.24,357,354,-1,-0.5,-18.6,-15.7,-52.2,-0.27,-0.07,1.00,0.00,0.00,0.00,2.62,7.59,100,-1,0,3,-2.2,0.13,0.250,0.386,0.46,0,26,0,277.3,222.1,353.4,0.7,0.00,0,16.2,-10.1
73.20,align,349.58,0.42,0.250,1,1794.5,309.4,98.0,56.1,5.80,-3.24,357,353,-1,5.5,-12.6,-13.9,-50.8,-0.24,-0.08,1.00,0.00,0.00,0.00,2.95,5.96,100,-1,0,3,-2.2,0.10,0.250,0.376,0.39,0,26,0,277.3,214.8,354.9,359.3,0.00,0,16.2,-10.1
73.30,align,349.61,0.39,0.250,1,1795.4,308.8,97.5,56.4,3.74,-3.46,357,353,-1,11.5,-6.6,-11.6,-48.7,-0.20,-0.09,1.00,0.00,0.00,0.00,3.14,4.66,100,-1,0,3,1.1,0.07,0.250,0.366,0.10,0,26,0,277.3,214.8,354.9,359.3,0.00,0,19.9,-22.6
73.40,align,349.58,0.42,0.283,1,1795.4,308.8,97.1,56.7,3.74,-3.46,357,353,-1,17.5,-0.6,-8.9,-46.1,-0.16,-0.10,1.00,0.00,0.00,0.00,3.23,3.94,100,-1,0,3,1.1,0.05,0.283,0.387,-0.52,0,26,0,277.3,214.8,354.9,359.3,0.00,0,19.9,-22.6
73.50,align,349.49,0.51,0.316,1,1795.7,308.4,96.8,57.1,2.94,-3.49,356,353,-1,20.4,5.4,-6.0,-43.1,-0.12,-0.09,1.00,0.00,0.00,0.00,3.29,3.17,100,-1,0,4,2.7,0.02,0.316,0.397,-1.07,0,26,0,277.3,214.8,354.9,359.3,0.00,0,22.0,-28.0
73.60,align,349.37,0.63,0.345,1,1795.9,308.1,96.6,57.4,2.11,-3.52,356,354,-1,20.5,11.4,-2.9,-39.6,-0.09,-0.03,0.99,0.00,0.00,0.00,3.36,2.34,100,-1,0,4,4.4,-0.01,0.345,0.394,-1.52,0,26,0,276.2,160.1,2.2,353.8,0.00,0,24.2,-32.8
73.70,align,349.20,0.80,0.371,1,1796.1,307.7,96.4,57.8,1.32,-3.50,356,354,-1,20.5,17.4,0.4,-35.8,-0.05,0.04,0.86,0.00,0.00,0.00,3.40,1.56,100,-1,0,4,6.3,-0.04,0.371,0.409,-1.87,0,26,0,276.2,160.1,2.2,353.8,0.00,0,26.4,-37.0
73.80,align,349.00,1.00,0.390,1,1796.1,307.0,96.4,58.1,-0.31,-3.27,356,354,-1,20.6,20.6,3.7,-31.7,0.01,0.11,0.73,0.00,0.00,0.00,3.38,0.78,100,-1,0,4,10.1,-0.08,0.390,0.440,-2.05,0,26,0,276.2,160.1,2.2,353.8,0.00,0,28.1,-43.4
73.90,align,348.80,1.20,0.400,1,1796.1,307.0,96.4,58.5,-0.31,-3.27,356,354,-1,20.7,20.7,6.8,-27.4,0.10,0.16,0.60,0.00,0.00,0.00,3.29,-0.05,100,-1,0,4,10.1,-0.11,0.400,0.505,-2.03,0,26,0,276.2,160.1,2.2,353.8,0.00,0,28.1,-43.4
74.00,align,348.60,1.40,0.400,1,1796.0,306.7,96.5,58.8,-1.05,-3.02,356,355,-1,20.8,20.8,9.7,-22.8,0.18,0.18,0.48,0.00,0.00,0.00,3.09,-0.82,100,-1,0,4,11.8,-0.15,0.400,0.545,-1.84,0,26,0,274.6,111.3,11.6,351.4,0.00,0,26.8,-45.4
74.10,align,348.42,1.58,0.392,1,1795.9,306.5,96.6,59.0,-1.71,-2.66,356,355,-1,20.9,20.9,12.2,-18.3,0.22,0.18,0.38,0.00,0.00,0.00,2.78,-1.50,100,-1,0,4,12.7,-0.17,0.393,0.551,-1.49,0,26,0,274.6,111.3,11.6,351.4,0.00,0,24.1,-45.3
74.20,align,348.27,1.73,0.380,1,1795.7,306.2,96.8,59.3,-2.15,-2.21,356,355,-1,21.0,21.0,14.0,-13.9,0.22,0.13,0.31,0.00,0.00,0.00,2.37,-1.98,100,-1,0,4,13.0,-0.17,0.381,0.521,-1.11,0,26,0,274.6,111.3,11.6,351.4,0.00,0,19.2,-42.6
74.30,align,348.16,1.84,0.366,1,1795.4,306.0,97.1,59.5,-2.42,-1.69,356,355,-1,21.0,21.1,15.3,-10.1,0.18,0.06,0.27,0.00,0.00,0.00,1.88,-2.28,100,-1,0,4,12.4,-0.16,0.367,0.464,-0.71,0,26,0,274.6,111.3,11.6,351.4,0.00,0,13.2,-37.5
74.40,align,348.09,1.91,0.352,1,1794.9,305.8,97.3,59.6,-2.55,-0.63,356,356,-1,21.1,21.2,16.0,-6.9,0.12,-0.01,0.24,0.00,0.00,0.00,1.33,-2.45,100,-1,0,4,9.4,-0.14,0.352,0.401,-0.33,0,26,0,273.7,102.4,16.4,354.5,0.00,0,4.0,-24.9
74.50,align,348.05,1.95,0.339,1,1794.7,305.8,97.6,59.7,-2.46,-0.14,356,356,-1,21.2,21.3,16.3,-4.3,0.05,-0.05,0.23,0.00,0.00,0.00,0.82,-2.49,100,-1,0,4,7.6,-0.10,0.339,0.380,-0.01,0,26,0,273.7,102.4,16.4,354.5,0.00,0,2.1,-19.4
74.60,align,348.05,1.95,0.328,1,1794.7,305.8,97.8,59.7,-2.46,-0.14,356,356,-1,21.2,21.4,16.5,-2.3,-0.02,-0.08,0.22,0.00,0.00,0.00,0.32,-2.44,100,-1,0,4,7.6,-0.07,0.328,0.366,0.23,0,26,0,273.7,102.4,16.4,354.5,0.00,0,2.1,-19.4
74.70,align,348.07,1.93,0.318,1,1794.4,305.8,98.1,59.7,-2.37,0.29,356,356,-1,21.3,21.5,16.7,-0.7,-0.06,-0.09,0.22,0.00,0.00,0.00,-0.11,-2.39,100,-1,0,4,5.7,-0.03,0.318,0.379,0.44,0,26,0,273.7,102.4,16.4,354.5,0.00,0,1.3,-15.3
74.80,align,348.11,1.89,0.308,1,1794.2,305.9,98.3,59.6,-2.29,0.68,356,357,-1,21.4,21.6,16.8,0.7,-0.09,-0.08,0.23,0.00,0.00,0.00,-0.52,-2.33,100,-1,0,4,4.0,0.00,0.308,0.376,0.63,0,26,0,273.3,100.8,16.8,357.1,0.00,0,1.4,-12.9
74.90,align,348.16,1.84,0.303,1,1794.0,306.0,98.5,59.5,-2.20,1.03,356,357,-1,21.4,21.7,17.1,2.0,-0.08,-0.06,0.24,0.00,0.00,0.00,-0.88,-2.26,100,-1,0,4,2.7,0.03,0.303,0.360,0.73,0,26,0,273.3,100.8,16.8,357.1,0.00,0,2.6,-12.5
75.00,align,348.22,1.78,0.301,1,1793.6,306.3,98.7,59.4,-2.02,1.65,356,357,-1,21.5,21.8,17.6,3.5,-0.06,-0.03,0.26,0.00,0.00,0.00,-1.19,-2.20,100,-1,0,4,1.4,0.04,0.301,0.340,0.74,0,26,0,273.3,100.8,16.8,357.1,0.00,0,5.8,-14.7
75.10,align,348.24,1.76,0.300,1,1793.6,306.3,98.9,59.2,-2.02,1.65,356,357,-1,21.6,21.9,18.2,5.1,-0.04,-0.00,0.29,0.00,0.00,0.00,-1.51,-2.13,100,-1,0,4,1.4,0.05,0.300,0.315,0.75,0,26,0,273.3,100.8,16.8,357.1,0.00,0,5.8,-14.7
75.20,align,348.28,1.72,0.299,1,1793.4,306.5,99.1,59.0,-1.93,1.96,356,356,-1,21.6,22.0,19.1,6.8,-0.00,0.03,0.34,0.00,0.00,0.00,-1.82,-2.06,100,-1,0,4,1.2,0.05,0.299,0.313,0.76,0,26,0,274.5,103.1,18.6,357.9,0.00,0,7.5,-16.3
75.30,align,348.31,1.69,0.298,1,1793.2,306.7,99.3,58.8,-1.80,2.27,356,356,-1,21.7,22.1,20.0,8.7,0.02,0.06,0.38,0.00,0.00,0.00,-2.14,-1.96,100,-1,0,4,1.4,0.05,0.298,0.330,0.77,0,26,0,274.5,103.1,18.6,357.9,0.00,0,8.7,-17.6
75.40,align,348.33,1.67,0.298,1,1792.9,307.2,99.5,58.6,-1.45,2.99,356,356,-1,21.7,22.2,21.0,10.6,0.04,0.07,0.44,0.00,0.00,0.00,-2.49,-1.81,100,-1,0,4,2.3,0.05,0.298,0.343,0.76,0,26,0,274.5,103.1,18.6,357.9,0.00,0,8.5,-18.0
75.50,align,348.35,1.65,0.300,1,1792.9,307.2,99.6,58.3,-1.45,2.99,356,356,-1,21.8,22.4,21.9,12.5,0.06,0.07,0.49,0.00,0.00,0.00,-2.87,-1.67,100,-1,0,4,2.3,0.04,0.300,0.351,0.70,0,26,0,274.5,103.1,18.6,357.9,0.00,0,8.5,-18.0
75.60,align,348.36,1.64,0.305,1,1792.6,307.9,99.8,58.0,-0.92,3.77,355,354,-1,21.8,22.5,22.6,14.4,0.06,0.05,0.54,0.00,0.00,0.00,-3.26,-1.45,100,-1,0,5,3.5,0.03,0.305,0.350,0.61,0,26,0,276.3,105.8,21.2,359.5,0.00,0,5.2,-15.5
75.70,align,348.37,1.63,0.309,1,1792.6,307.9,99.9,57.6,-0.92,3.77,355,354,-1,21.9,22.6,23.1,16.1,0.05,0.03,0.58,0.00,0.00,0.00,-3.68,-1.24,100,-1,0,5,3.5,0.03,0.309,0.341,0.55,0,26,0,276.3,105.8,21.2,359.5,0.00,0,5.2,-15.5
75.80,align,348.37,1.63,0.313,1,1792.6,308.3,99.9,57.2,-0.57,4.19,355,354,-1,21.9,22.7,23.4,17.6,0.04,-0.00,0.61,0.00,0.00,0.00,-4.12,-0.94,100,-1,0,5,3.9,0.02,0.313,0.331,0.46,0,26,0,276.3,105.8,21.2,359.5,0.00,0,3.0,-13.7
75.90,align,348.38,1.62,0.318,1,1792.5,308.8,100.0,56.7,-0.13,4.60,355,354,-1,22.0,22.7,23.5,18.9,0.03,-0.03,0.63,0.00,0.00,0.00,-4.57,-0.56,100,-1,0,5,4.1,0.02,0.318,0.342,0.39,0,26,0,276.3,105.8,21.2,359.5,0.00,0,1.1,-11.8
76.00,align,348.38,1.62,0.322,1,1792.6,309.3,99.9,56.2,0.22,5.04,355,353,-1,22.0,22.8,23.5,20.1,0.03,-0.05,0.65,0.00,0.00,0.00,-5.04,-0.26,100,-1,0,5,4.4,0.02,0.322,0.352,0.33,0,26,0,276.6,106.5,21.4,1.4,0.00,0,-0.2,-10.5
76.10,align,348.38,1.62,0.327,1,1792.6,309.8,99.9,55.7,0.66,5.44,354,353,-1,22.0,22.9,23.4,21.2,0.02,-0.06,0.67,0.00,0.00,0.00,-5.48,0.12,100,-1,0,6,4.9,0.01,0.327,0.359,0.25,0,26,0,276.6,106.5,21.4,1.4,0.00,0,-0.6,-9.4
76.20,align,348.38,1.62,0.330,1,1792.9,311.0,99.8,55.1,1.58,6.22,354,353,-1,22.1,23.0,23.3,22.1,0.02,-0.06,0.69,0.00,0.00,0.00,-5.91,0.50,100,-1,0,6,6.3,0.00,0.330,0.361,0.21,0,26,0,276.6,106.5,21.4,1.4,0.00,0,0.8,-6.8
76.30,align,348.37,1.63,0.332,1,1793.1,311.6,99.6,54.5,2.07,6.60,354,353,-1,21.7,23.0,23.3,23.1,0.02,-0.04,0.71,0.00,0.00,0.00,-6.35,0.93,100,-1,0,6,6.7,-0.01,0.332,0.359,0.19,0,26,0,276.6,106.5,21.4,1.4,0.00,0,2.4,-6.2
76.40,align,348.37,1.63,0.332,1,1793.1,311.6,99.4,53.9,2.07,6.60,354,355,-1,20.0,23.0,23.4,24.0,0.03,-0.00,0.73,0.00,0.00,0.00,-6.78,1.39,100,-1,0,6,6.7,-0.02,0.332,0.346,0.22,0,26,0,275.3,103.4,21.4,3.9,0.00,0,2.4,-6.2
76.50,align,348.37,1.63,0.332,1,1793.6,313.0,99.2,53.2,3.03,7.36,354,355,-1,18.2,23.0,23.7,24.9,0.04,0.05,0.75,0.00,0.00,0.00,-7.21,1.84,100,-1,0,6,7.1,-0.03,0.332,0.368,0.24,0,26,0,275.3,103.4,21.4,3.9,0.00,0,5.7,-4.9
76.60,align,348.37,1.63,0.333,1,1793.6,313.0,98.9,52.5,3.03,7.36,354,355,-1,16.5,23.0,24.1,25.7,0.04,0.08,0.78,0.00,0.00,0.00,-7.62,2.30,100,-1,0,6,7.1,-0.03,0.333,0.383,0.26,0,26,0,275.3,103.4,21.4,3.9,0.00,0,5.7,-4.9
76.70,align,348.37,1.63,0.335,1,1793.9,313.8,98.6,51.7,3.56,7.76,354,355,-1,14.6,23.0,24.4,26.3,0.03,0.10,0.80,0.00,0.00,0.00,-8.06,2.79,100,-1,0,6,7.0,-0.03,0.335,0.391,0.23,0,26,0,275.3,103.4,21.4,3.9,0.00,0,5.8,-3.5
76.80,align,348.37,1.63,0.339,1,1794.3,314.6,98.2,50.9,4.04,8.18,355,357,-1,12.4,23.0,24.6,26.9,0.03,0.12,0.81,0.00,0.00,0.00,-8.52,3.28,100,-1,0,5,6.8,-0.03,0.339,0.397,0.17,0,26,0,273.3,97.5,23.3,7.6,0.00,0,4.7,-2.4
76.90,align,348.37,1.63,0.343,1,1795.3,316.4,97.7,50.0,5.05,9.12,355,357,-1,10.2,23.0,24.6,27.3,0.02,0.12,0.82,0.00,0.00,0.00,-8.99,3.82,100,-1,0,5,5.5,-0.03,0.343,0.398,0.13,0,26,0,273.3,97.5,23.3,7.6,0.00,0,0.4,-0.8
77.00,align,348.37,1.63,0.346,1,1795.3,316.4,97.2,49.1,5.05,9.12,355,357,-1,7.8,23.0,24.4,27.5,0.00,0.12,0.82,0.00,0.00,0.00,-9.50,4.30,100,-1,0,5,5.5,-0.02,0.346,0.396,0.08,0,26,0,273.3,97.5,23.3,7.6,0.00,0,0.4,-0.8
77.10,align,348.38,1.62,0.351,1,1796.4,318.3,96.7,48.2,6.06,10.11,356,357,-1,5.5,23.0,23.9,27.6,-0.01,0.11,0.81,0.00,0.00,0.00,-10.01,4.83,100,-1,0,4,4.3,-0.01,0.351,0.401,0.03,0,26,0,273.3,97.5,23.3,7.6,0.00,0,-5.5,0.3
77.20,align,348.38,1.62,0.355,1,1796.4,318.3,96.1,47.2,6.06,10.11,356,359,-1,2.9,23.0,23.0,27.6,-0.03,0.10,0.80,0.00,0.00,0.00,-10.50,5.36,100,-1,0,4,4.3,-0.01,0.355,0.405,-0.03,0,26,0,271.3,93.1,22.5,9.1,0.00,0,-5.5,0.3
77.30,align,348.38,1.62,0.358,1,1797.0,319.4,95.5,46.1,6.55,10.61,356,359,-1,0.4,23.0,21.9,27.5,-0.04,0.07,0.78,0.00,0.00,0.00,-11.00,5.88,100,-1,0,4,3.9,-0.01,0.358,0.402,-0.06,0,26,0,271.3,93.1,22.5,9.1,0.00,0,-9.1,0.4
77.40,align,348.39,1.61,0.359,1,1797.7,320.5,94.8,45.0,7.03,11.11,357,359,-1,-2.1,23.0,20.3,27.4,-0.04,0.04,0.75,0.00,0.00,0.00,-11.48,6.40,100,-1,0,3,3.5,-0.01,0.359,0.391,-0.04,0,26,0,271.3,93.1,22.5,9.1,0.00,0,-13.2,-0.0
77.50,align,348.41,1.59,0.357,1,1799.3,322.8,94.0,43.9,8.04,12.01,357,359,-1,-4.5,23.0,18.4,27.4,-0.04,0.01,0.72,0.00,0.00,0.00,-11.95,6.97,100,-1,0,3,2.2,-0.00,0.357,0.376,0.01,0,26,0,271.3,93.1,22.5,9.1,0.00,0,-19.8,-1.9
77.60,align,348.43,1.57,0.353,1,1799.3,322.8,93.2,42.7,8.04,12.01,358,360,-1,-6.8,23.0,16.3,27.4,-0.02,-0.01,0.69,0.00,0.00,0.00,-12.34,7.52,100,-1,0,2,2.2,0.01,0.353,0.367,0.11,0,26,0,270.2,90.6,16.2,7.2,0.00,0,-19.8,-1.9
77.70,align,348.47,1.53,0.349,1,1801.0,325.3,92.4,41.5,9.05,12.67,358,360,-1,-8.9,23.0,14.1,27.5,-0.01,-0.02,0.67,0.00,0.00,0.00,-12.68,8.06,100,-1,0,2,1.5,0.01,0.349,0.361,0.21,0,26,0,270.2,90.6,16.2,7.2,0.00,0,-22.8,-3.6
77.80,align,348.51,1.49,0.340,1,1801.0,325.3,91.5,40.2,9.05,12.67,358,360,-1,-10.8,23.0,11.7,27.7,0.01,-0.03,0.65,0.00,0.00,0.00,-12.95,8.64,100,-1,0,2,1.5,0.01,0.340,0.357,0.37,0,26,0,270.2,90.6,16.2,7.2,0.00,0,-22.8,-3.6
77.90,align,348.57,1.43,0.331,1,1801.9,326.6,90.6,38.9,9.62,12.89,358,360,-1,-12.5,23.0,9.4,27.9,0.02,-0.04,0.63,0.00,0.00,0.00,-13.15,9.26,100,-1,0,2,1.2,0.01,0.331,0.357,0.54,0,26,0,270.2,90.6,16.2,7.2,0.00,0,-23.4,-4.1
78.00,align,348.63,1.37,0.323,1,1804.0,329.2,89.5,37.6,10.63,13.08,359,0,-1,-13.8,23.0,7.0,28.2,0.04,-0.04,0.63,0.00,0.00,0.00,-13.25,9.84,100,-1,0,1,1.0,0.01,0.323,0.354,0.66,0,26,0,270.0,89.6,7.1,3.4,0.00,0,-22.2,-4.6
78.10,align,348.70,1.30,0.319,1,1805.1,330.5,88.5,36.3,11.16,13.07,359,0,-1,-14.9,23.0,4.8,28.6,0.05,-0.03,0.63,0.00,0.00,0.00,-13.29,10.37,100,-1,0,1,1.0,0.00,0.319,0.352,0.71,0,26,0,270.0,89.6,7.1,3.4,0.00,0,-20.8,-4.3
78.20,align,348.76,1.24,0.316,1,1805.1,330.5,87.4,35.0,11.16,13.07,359,0,-1,-15.8,22.3,2.7,29.0,0.07,-0.02,0.64,0.00,0.00,0.00,-13.26,10.94,100,-1,0,1,1.0,-0.00,0.316,0.351,0.73,0,26,0,270.0,89.6,7.1,3.4,0.00,0,-20.8,-4.3
78.30,align,348.82,1.18,0.316,1,1806.3,331.8,86.2,33.7,11.69,13.00,359,0,-1,-16.5,19.9,0.8,29.3,0.09,-0.01,0.64,0.00,0.00,0.00,-13.16,11.51,100,-1,0,1,1.0,-0.00,0.316,0.357,0.70,0,26,0,270.0,89.6,7.1,3.4,0.00,0,-19.5,-3.3
78.40,align,348.89,1.11,0.315,1,1808.7,334.4,85.0,32.4,12.74,12.77,359,0,-1,-17.1,17.6,-1.2,29.4,0.10,-0.01,0.65,0.00,0.00,0.00,-13.03,12.07,100,-1,0,1,1.0,-0.01,0.315,0.361,0.69,0,26,0,269.6,290.4,359.0,359.8,0.00,0,-18.5,0.3
78.50,align,348.96,1.04,0.311,1,1808.7,334.4,83.8,31.1,12.74,12.77,360,0,-1,-17.5,15.2,-3.1,29.3,0.11,-0.02,0.65,0.00,0.00,0.00,-12.88,12.63,100,-1,0,0,1.0,-0.01,0.311,0.362,0.70,0,26,0,269.6,290.4,359.0,359.8,0.00,0,-18.5,0.3
78.60,align,349.04,0.96,0.308,1,1811.4,336.9,82.5,29.9,13.89,12.38,360,0,-1,-17.9,12.7,-4.9,29.1,0.11,-0.03,0.65,0.00,0.00,0.00,-12.68,13.23,100,-1,0,0,0.9,-0.01,0.308,0.363,0.72,0,26,0,269.6,290.4,359.0,359.8,0.00,0,-18.0,5.3
78.70,align,349.12,0.88,0.306,1,1812.9,338.1,81.1,28.6,14.41,12.14,360,0,-1,-18.0,10.1,-6.7,28.5,0.09,-0.04,0.64,0.00,0.00,0.00,-12.45,13.83,100,-1,0,0,1.0,-0.01,0.306,0.359,0.70,0,26,0,269.6,290.4,359.0,359.8,0.00,0,-17.3,8.6
78.80,align,349.21,0.79,0.307,1,1814.3,339.3,79.6,27.4,14.90,11.85,360,1,-1,-18.1,7.6,-8.4,27.7,0.07,-0.04,0.62,0.00,0.00,0.00,-12.18,14.38,100,-1,0,0,1.1,-0.02,0.307,0.351,0.65,0,26,0,269.5,273.8,351.9,356.7,0.00,0,-16.1,11.9
78.90,align,349.29,0.71,0.308,1,1814.3,339.3,78.2,26.2,14.90,11.85,360,1,-1,-18.0,5.2,-9.9,26.5,0.04,-0.04,0.60,0.00,0.00,0.00,-11.87,14.89,100,-1,0,0,1.1,-0.02,0.308,0.342,0.57,0,26,0,269.5,273.8,351.9,356.7,0.00,0,-16.1,11.9
79.00,align,349.37,0.63,0.311,1,1817.4,341.6,76.6,25.1,15.73,11.18,0,1,-1,-17.8,3.0,-11.3,25.1,0.02,-0.04,0.57,0.00,0.00,0.00,-11.53,15.34,100,-1,0,-0,1.5,-0.03,0.311,0.333,0.46,0,26,0,269.5,273.8,351.9,356.7,0.00,0,-12.7,16.6
79.10,align,349.46,0.54,0.313,1,1819.0,342.7,75.1,23.9,16.13,10.78,0,1,-1,-17.4,0.8,-12.4,23.4,-0.01,-0.04,0.53,0.00,0.00,0.00,-11.16,15.75,100,-1,0,-0,1.7,-0.03,0.313,0.331,0.38,0,26,0,269.5,273.8,351.9,356.7,0.00,0,-11.3,18.4
79.20,align,349.54,0.46,0.311,1,1819.0,342.7,73.5,22.8,16.13,10.78,0,360,-1,-16.9,-1.3,-13.4,21.6,-0.03,-0.04,0.49,0.00,0.00,0.00,-10.76,16.14,100,-1,0,-0,1.7,-0.04,0.311,0.337,0.36,0,26,0,270.1,269.5,346.5,355.0,0.00,0,-11.3,18.4
79.30,align,349.62,0.38,0.310,1,1822.3,344.7,71.8,21.8,16.66,9.96,0,360,-1,-16.4,-3.1,-14.3,19.7,-0.04,-0.04,0.46,0.00,0.00,0.00,-10.37,16.40,100,-1,0,-0,1.5,-0.03,0.310,0.343,0.34,0,26,0,270.1,269.5,346.5,355.0,0.00,0,-9.4,19.5
79.40,align,349.69,0.31,0.309,1,1824.0,345.7,70.2,20.8,16.88,9.53,0,360,-1,-15.7,-4.9,-15.1,17.8,-0.03,-0.05,0.43,0.00,0.00,0.00,-9.96,16.66,100,-1,0,-0,1.0,-0.03,0.309,0.343,0.31,0,26,0,270.1,269.5,346.5,355.0,0.00,0,-8.2,18.9
79.50,align,349.77,0.23,0.306,1,1825.7,346.6,68.5,19.8,17.05,9.09,360,360,-1,-15.0,-6.6,-15.8,16.0,-0.02,-0.05,0.40,0.00,0.00,0.00,-9.53,16.87,100,-1,0,0,0.3,-0.02,0.306,0.335,0.34,0,26,0,270.1,269.5,346.5,355.0,0.00,0,-7.1,18.0
79.60,align,349.85,0.15,0.301,1,1825.7,346.6,66.8,18.9,17.05,9.09,360,358,-1,-14.3,-8.1,-16.3,14.3,-0.01,-0.05,0.37,0.00,0.00,0.00,-9.17,17.01,100,-1,0,0,0.3,-0.00,0.301,0.325,0.38,0,26,0,271.8,264.0,343.3,354.3,0.00,0,-7.1,18.0
79.70,align,349.92,0.08,0.296,1,1829.1,348.3,65.1,18.0,17.23,8.15,359,358,-1,-13.6,-9.3,-16.7,12.6,0.01,-0.05,0.35,0.00,0.00,0.00,-8.78,17.06,100,-1,0,1,-0.6,0.02,0.296,0.318,0.42,0,26,0,271.8,264.0,343.3,354.3,0.00,0,-4.6,16.3
79.80,align,350.00,-0.00,0.292,1,1830.9,349.1,63.4,17.2,17.23,7.69,359,358,-1,-12.7,-10.6,-17.1,11.1,0.01,-0.05,0.33,0.00,0.00,0.00,-8.37,17.12,100,-1,0,1,-0.8,0.03,0.292,0.317,0.44,0,26,0,271.8,264.0,343.3,354.3,0.00,0,-3.7,16.2
79.90,align,350.08,-0.08,0.291,1,1832.6,349.8,61.6,16.4,17.23,7.23,359,358,-1,-11.9,-11.6,-17.3,9.5,0.01,-0.05,0.32,0.00,0.00,0.00,-7.96,17.11,100,-1,0,1,-1.0,0.03,0.291,0.317,0.42,0,26,0,271.8,264.0,343.3,354.3,0.00,0,-2.8,15.9
80.00,align,350.15,-0.15,0.289,1,1834.3,350.5,59.9,15.7,17.23,6.78,359,356,-1,-11.1,-12.6,-17.5,7.9,0.01,-0.05,0.30,0.00,0.00,0.00,-7.65,17.04,100,-1,0,1,-1.0,0.05,0.289,0.315,0.40,0,26,0,274.2,257.4,342.0,353.6,0.00,0,-1.7,16.0
80.10,align,350.21,-0.21,0.288,1,1836.0,351.1,58.2,15.0,17.14,6.34,358,356,-1,-10.4,-13.6,-17.6,6.4,0.01,-0.05,0.29,0.00,0.00,0.00,-7.33,17.00,100,-1,0,2,-1.1,0.06,0.288,0.309,0.36,0,26,0,274.2,257.4,342.0,353.6,0.00,0,-0.3,16.5
80.20,align,350.27,-0.27,0.290,1,1836.0,351.1,56.5,14.4,17.14,6.34,358,356,-1,-9.6,-14.3,-17.5,4.7,-0.01,-0.03,0.27,0.00,0.00,0.00,-7.00,16.88,100,-1,0,2,-1.1,0.07,0.290,0.307,0.28,0,26,0,274.2,257.4,342.0,353.6,0.00,0,-0.3,16.5
80.30,align,350.33,-0.33,0.290,1,1837.7,351.7,54.8,13.8,17.05,5.90,357,356,-1,-8.8,-15.1,-17.4,3.1,-0.02,-0.03,0.25,0.00,0.00,0.00,-6.65,16.77,100,-1,0,3,-1.2,0.07,0.290,0.308,0.23,0,26,0,274.2,257.4,342.0,353.6,0.00,0,0.9,16.7
80.40,align,350.38,-0.38,0.288,1,1841.1,352.8,53.1,13.2,16.79,5.04,357,353,-1,-8.0,-15.7,-17.2,1.5,-0.02,-0.03,0.24,0.00,0.00,0.00,-6.40,16.59,100,-1,0,3,-0.7,0.08,0.288,0.309,0.23,0,26,0,276.7,249.4,342.7,353.2,0.00,0,2.2,16.4
80.50,align,350.43,-0.43,0.286,1,1842.8,353.3,51.4,12.7,16.57,4.64,356,353,-1,-7.3,-16.3,-16.9,-0.1,-0.03,-0.03,0.23,0.00,0.00,0.00,-6.14,16.42,100,-1,0,4,-0.0,0.09,0.286,0.309,0.23,0,26,0,276.7,249.4,342.7,353.2,0.00,0,2.8,16.1
80.60,align,350.49,-0.49,0.283,1,1842.8,353.3,49.7,12.2,16.57,4.64,356,353,-1,-6.6,-16.7,-16.6,-1.7,-0.04,-0.03,0.22,0.00,0.00,0.00,-5.85,16.18,100,-1,0,4,-0.0,0.09,0.284,0.310,0.24,0,26,0,276.7,249.4,342.7,353.2,0.00,0,2.8,16.1
80.70,align,350.53,-0.53,0.282,1,1844.4,353.7,48.1,11.8,16.35,4.25,355,353,-1,-5.9,-17.0,-16.3,-3.3,-0.04,-0.02,0.22,0.00,0.00,0.00,-5.57,15.95,100,-1,0,5,0.7,0.08,0.282,0.308,0.22,0,26,0,276.7,249.4,342.7,353.2,0.00,0,3.4,15.5
80.80,align,350.57,-0.57,0.284,1,1846.0,354.1,46.5,11.4,16.13,3.89,355,352,-1,-5.3,-17.4,-15.8,-4.7,-0.04,-0.01,0.21,0.00,0.00,0.00,-5.34,15.71,100,-1,0,5,1.5,0.07,0.284,0.303,0.16,0,26,0,278.2,242.0,344.8,353.4,0.00,0,4.4,14.5
80.90,align,350.60,-0.60,0.285,1,1849.2,354.8,44.9,11.0,15.51,3.23,354,352,-1,-4.7,-17.4,-15.3,-6.1,-0.04,0.00,0.21,0.00,0.00,0.00,-5.11,15.39,100,-1,0,6,3.3,0.07,0.285,0.303,0.09,0,26,0,278.2,242.0,344.8,353.4,0.00,0,6.4,12.4
81.00,align,350.64,-0.64,0.286,1,1850.7,355.1,43.3,10.7,15.16,2.92,354,352,-1,-4.1,-17.5,-14.6,-7.4,-0.04,0.02,0.21,0.00,0.00,0.00,-4.86,15.08,100,-1,0,6,4.2,0.06,0.287,0.310,0.03,0,26,0,278.2,242.0,344.8,353.4,0.00,0,7.1,11.5
81.10,align,350.65,-0.65,0.287,1,1852.2,355.4,41.8,10.4,14.81,2.63,354,352,-1,-3.4,-17.5,-13.9,-8.6,-0.04,0.03,0.21,0.00,0.00,0.00,-4.60,14.74,100,-1,0,6,5.0,0.05,0.287,0.316,0.00,0,26,0,278.2,242.0,344.8,353.4,0.00,0,7.0,10.7
81.20,align,350.67,-0.67,0.287,1,1853.6,355.6,40.3,10.1,14.46,2.38,353,352,-1,-2.8,-17.4,-13.1,-9.8,-0.04,0.02,0.21,0.00,0.00,0.00,-4.32,14.41,100,-1,0,7,5.8,0.03,0.287,0.314,-0.01,0,26,0,277.7,237.4,348.1,354.6,0.00,0,6.2,9.6
81.30,align,350.68,-0.68,0.289,1,1853.6,355.6,38.9,9.9,14.46,2.38,353,352,-1,-2.2,-17.3,-12.5,-10.8,-0.04,0.02,0.21,0.00,0.00,0.00,-4.07,14.08,100,-1,0,7,5.8,0.02,0.289,0.312,-0.06,0,26,0,277.7,237.4,348.1,354.6,0.00,0,6.2,9.6
81.40,align,350.68,-0.68,0.291,1,1855.1,355.9,37.4,9.6,14.11,2.16,353,352,-1,-1.7,-17.2,-11.9,-11.7,-0.04,0.01,0.22,0.00,0.00,0.00,-3.85,13.74,100,-1,0,7,6.7,0.00,0.291,0.309,-0.12,0,26,0,277.7,237.4,348.1,354.6,0.00,0,5.3,8.5
81.50,align,350.67,-0.67,0.293,1,1856.5,356.1,36.0,9.4,13.75,1.96,353,352,-1,-1.2,-17.1,-11.3,-12.6,-0.03,-0.00,0.22,0.00,0.00,0.00,-3.62,13.41,100,-1,0,7,7.6,-0.01,0.293,0.308,-0.17,0,26,0,277.7,237.4,348.1,354.6,0.00,0,4.4,7.3
81.60,align,350.66,-0.66,0.295,1,1857.8,356.2,34.7,9.3,13.32,1.75,353,355,-1,-0.6,-16.7,-10.8,-13.3,-0.03,-0.01,0.23,0.00,0.00,0.00,-3.30,13.02,100,-1,0,7,8.1,-0.03,0.295,0.312,-0.20,0,26,0,275.3,241.2,350.4,357.1,0.00,0,3.7,6.2
81.70,align,350.65,-0.65,0.294,1,1860.4,356.5,33.4,9.1,12.44,1.35,353,355,-1,0.1,-16.3,-10.3,-14.0,-0.03,-0.02,0.24,0.00,0.00,0.00,-3.00,12.62,100,-1,0,7,8.3,-0.04,0.294,0.313,-0.19,0,26,0,275.3,241.2,350.4,357.1,0.00,0,3.1,4.7
81.80,align,350.64,-0.64,0.294,1,1860.4,356.5,32.1,9.0,12.44,1.35,354,355,-1,0.7,-15.8,-9.8,-14.5,-0.03,-0.02,0.24,0.00,0.00,0.00,-2.71,12.21,100,-1,0,6,8.3,-0.04,0.294,0.315,-0.18,0,26,0,275.3,241.2,350.4,357.1,0.00,0,3.1,4.7
81.90,align,350.63,-0.63,0.293,1,1862.7,356.8,30.9,8.8,11.60,0.99,354,355,-1,1.3,-15.4,-9.3,-15.0,-0.03,-0.03,0.25,0.00,0.00,0.00,-2.45,11.85,100,-1,0,6,7.6,-0.04,0.293,0.317,-0.17,0,26,0,275.3,241.2,350.4,357.1,0.00,0,2.7,3.4
82.00,align,350.62,-0.62,0.293,1,1863.9,356.8,29.8,8.7,11.16,0.79,354,358,-1,2.0,-14.9,-8.9,-15.5,-0.03,-0.04,0.25,0.00,0.00,0.00,-2.11,11.45,100,-1,0,6,6.9,-0.04,0.293,0.319,-0.17,0,26,0,272.4,254.1,351.7,359.9,0.00,0,2.8,2.8
82.10,align,350.61,-0.61,0.293,1,1863.9,356.8,28.6,8.7,11.16,0.79,355,358,-1,2.7,-14.3,-8.4,-15.8,-0.03,-0.04,0.26,0.00,0.00,0.00,-1.78,11.05,100,-1,0,5,6.9,-0.04,0.293,0.321,-0.16,0,26,0,272.4,254.1,351.7,359.9,0.00,0,2.8,2.8
82.20,align,350.60,-0.60,0.292,1,1864.9,356.9,27.6,8.6,10.77,0.62,355,358,-1,3.4,-13.8,-8.0,-16.1,-0.03,-0.05,0.26,0.00,0.00,0.00,-1.49,10.68,100,-1,0,5,6.0,-0.03,0.292,0.322,-0.16,0,26,0,272.4,254.1,351.7,359.9,0.00,0,2.9,2.3
82.30,align,350.58,-0.58,0.294,1,1866.0,357.0,26.5,8.5,10.33,0.44,356,358,-1,4.0,-13.2,-7.5,-16.3,-0.02,-0.05,0.26,0.00,0.00,0.00,-1.21,10.27,100,-1,0,4,5.0,-0.01,0.294,0.321,-0.18,0,26,0,272.4,254.1,351.7,359.9,0.00,0,3.3,1.5
82.40,align,350.56,-0.56,0.298,1,1867.9,357.0,25.5,8.5,9.45,0.13,356,360,-1,4.7,-12.5,-7.0,-16.3,-0.01,-0.04,0.25,0.00,0.00,0.00,-0.92,9.85,100,-1,0,4,3.2,-0.01,0.298,0.318,-0.25,0,26,0,270.3,267.1,353.1,1.6,0.00,0,5.2,-0.6
82.50,align,350.53,-0.53,0.302,1,1867.9,357.0,24.6,8.5,9.45,0.13,357,360,-1,5.3,-11.8,-6.3,-16.2,-0.00,-0.03,0.24,0.00,0.00,0.00,-0.66,9.43,100,-1,0,3,3.2,-0.00,0.302,0.314,-0.31,0,26,0,270.3,267.1,353.1,1.6,0.00,0,5.2,-0.6
82.60,align,350.50,-0.50,0.305,1,1869.7,357.0,23.6,8.5,8.66,-0.19,357,360,-1,6.0,-11.3,-5.6,-16.1,0.00,-0.02,0.23,0.00,0.00,0.00,-0.40,9.09,100,-1,0,3,2.4,0.00,0.305,0.313,-0.35,0,26,0,270.3,267.1,353.1,1.6,0.00,0,6.8,-1.4
82.70,align,350.46,-0.46,0.305,1,1869.7,357.0,22.8,8.5,8.66,-0.19,358,360,-1,6.5,-10.5,-4.8,-16.0,-0.00,-0.01,0.22,0.00,0.00,0.00,-0.18,8.66,100,-1,0,2,2.4,0.00,0.305,0.312,-0.34,0,26,0,270.3,267.1,353.1,1.6,0.00,0,6.8,-1.4
82.80,align,350.43,-0.43,0.305,1,1870.6,357.0,21.9,8.5,8.31,-0.32,358,1,-1,7.1,-9.9,-4.1,-15.8,-0.01,-0.01,0.21,0.00,0.00,0.00,0.04,8.31,100,-1,0,2,2.1,-0.00,0.305,0.312,-0.32,0,26,0,269.3,279.5,355.7,1.8,0.00,0,7.1,-1.5
82.90,align,350.40,-0.40,0.305,1,1872.1,356.9,21.1,8.6,7.51,-0.49,358,1,-1,7.5,-9.1,-3.3,-15.7,-0.02,-0.00,0.20,0.00,0.00,0.00,0.19,7.87,100,-1,0,2,1.9,-0.01,0.305,0.313,-0.30,0,26,0,269.3,279.5,355.7,1.8,0.00,0,7.4,-1.5
83.00,align,350.38,-0.38,0.305,1,1872.9,356.8,20.4,8.6,7.08,-0.56,359,1,-1,7.9,-8.5,-2.5,-15.5,-0.02,-0.00,0.19,0.00,0.00,0.00,0.34,7.52,100,-1,0,1,1.8,-0.01,0.305,0.314,-0.28,0,26,0,269.3,279.5,355.7,1.8,0.00,0,7.3,-1.5
83.10,align,350.35,-0.35,0.304,1,1873.5,356.8,19.6,8.7,6.72,-0.60,359,1,-1,8.2,-7.6,-1.7,-15.4,-0.03,-0.00,0.18,0.00,0.00,0.00,0.45,7.08,100,-1,0,1,1.8,-0.02,0.304,0.317,-0.25,0,26,0,269.3,279.5,355.7,1.8,0.00,0,7.2,-1.4
83.20,align,350.33,-0.33,0.304,1,1873.5,356.8,19.0,8.7,6.72,-0.60,359,1,-1,8.4,-6.9,-1.0,-15.2,-0.04,0.00,0.17,0.00,0.00,0.00,0.54,6.73,100,-1,0,1,1.8,-0.02,0.304,0.320,-0.23,0,26,0,268.5,317.5,358.6,1.8,0.00,0,7.2,-1.4
83.30,align,350.31,-0.31,0.303,1,1874.2,356.7,18.3,8.8,6.37,-0.64,360,1,-1,8.6,-6.2,-0.2,-15.1,-0.04,0.00,0.17,0.00,0.00,0.00,0.61,6.38,100,-1,0,0,1.7,-0.03,0.303,0.323,-0.20,0,26,0,268.5,317.5,358.6,1.8,0.00,0,7.0,-1.4
83.40,align,350.29,-0.29,0.302,1,1875.4,356.6,17.7,8.9,5.67,-0.64,360,1,-1,8.7,-5.5,0.5,-14.9,-0.05,0.01,0.16,0.00,0.00,0.00,0.64,6.02,100,-1,0,0,1.1,-0.03,0.302,0.324,-0.18,0,26,0,268.5,317.5,358.6,1.8,0.00,0,6.7,-1.9
83.50,align,350.27,-0.27,0.302,1,1875.9,356.5,17.1,8.9,5.23,-0.63,0,1,-1,8.8,-4.8,1.2,-14.7,-0.05,0.01,0.16,0.00,0.00,0.00,0.66,5.67,100,-1,0,-0,0.9,-0.03,0.302,0.325,-0.15,0,26,0,268.5,317.5,358.6,1.8,0.00,0,6.4,-2.5
83.60,align,350.26,-0.26,0.301,1,1875.9,356.5,16.6,9.0,5.23,-0.63,0,2,-1,8.8,-3.8,1.9,-14.4,-0.05,0.01,0.15,0.00,0.00,0.00,0.67,5.22,100,-1,0,-0,0.9,-0.03,0.301,0.325,-0.13,0,26,0,268.0,34.3,1.3,1.6,0.00,0,6.4,-2.5
83.70,align,350.24,-0.24,0.300,1,1876.9,356.4,16.1,9.1,4.53,-0.56,1,2,-1,8.8,-3.0,2.5,-14.1,-0.04,0.01,0.14,0.00,0.00,0.00,0.65,4.87,100,-1,0,-1,0.7,-0.03,0.300,0.323,-0.11,0,26,0,268.0,34.3,1.3,1.6,0.00,0,6.1,-4.1
83.80,align,350.23,-0.23,0.299,1,1877.3,356.3,15.6,9.1,4.17,-0.51,1,2,-1,8.7,-2.2,3.1,-13.7,-0.04,0.02,0.13,0.00,0.00,0.00,0.63,4.52,100,-1,0,-1,0.7,-0.03,0.299,0.320,-0.09,0,26,0,268.0,34.3,1.3,1.6,0.00,0,5.8,-4.9
83.90,align,350.22,-0.22,0.299,1,1877.7,356.3,15.2,9.2,3.82,-0.44,1,2,-1,8.6,-1.4,3.7,-13.2,-0.03,0.02,0.12,0.00,0.00,0.00,0.58,4.17,100,-1,0,-1,0.7,-0.03,0.299,0.317,-0.07,0,26,0,268.0,34.3,1.3,1.6,0.00,0,5.7,-5.8
84.00,align,350.20,-0.20,0.298,1,1877.7,356.3,14.8,9.2,3.82,-0.44,1,2,-1,8.4,-0.6,4.3,-12.6,-0.02,0.02,0.11,0.00,0.00,0.00,0.52,3.81,100,-1,0,-1,0.7,-0.04,0.298,0.314,-0.04,0,26,0,267.8,60.1,3.8,1.3,0.00,0,5.7,-5.8
84.10,align,350.20,-0.20,0.296,1,1878.4,356.2,14.5,9.2,3.21,-0.27,1,2,-1,8.2,0.3,4.8,-11.9,-0.01,0.03,0.09,0.00,0.00,0.00,0.44,3.46,100,-1,0,-1,0.1,-0.04,0.296,0.311,-0.02,0,26,0,267.8,60.1,3.8,1.3,0.00,0,5.2,-7.2
84.20,align,350.19,-0.19,0.295,1,1878.7,356.2,14.1,9.3,2.94,-0.16,1,2,-1,8.0,0.9,5.3,-11.2,-0.00,0.03,0.08,0.00,0.00,0.00,0.36,3.20,100,-1,0,-1,-0.3,-0.03,0.295,0.307,0.02,0,26,0,267.8,60.1,3.8,1.3,0.00,0,4.8,-7.6
84.30,align,350.19,-0.19,0.293,1,1878.7,356.2,13.8,9.3,2.94,-0.16,2,2,-1,7.7,1.5,5.8,-10.4,0.00,0.03,0.06,0.00,0.00,0.00,0.24,2.94,100,-1,0,-2,-0.3,-0.03,0.293,0.306,0.05,0,26,0,267.8,60.1,3.8,1.3,0.00,0,4.8,-7.6
84.40,align,350.19,-0.19,0.291,1,1879.2,356.2,13.6,9.3,2.42,0.09,2,2,-1,7.3,2.1,6.1,-9.7,0.01,0.03,0.05,0.00,0.00,0.00,0.12,2.68,100,-1,0,-2,-1.2,-0.02,0.291,0.305,0.09,0,26,0,268.1,72.4,5.8,0.8,0.00,0,3.7,-7.8
84.50,align,350.19,-0.19,0.288,1,1879.2,356.2,13.3,9.3,2.42,0.09,2,2,-1,6.9,2.8,6.5,-8.9,0.01,0.03,0.03,0.00,0.00,0.00,-0.02,2.42,100,-1,0,-2,-1.2,-0.01,0.288,0.302,0.12,0,26,0,268.1,72.4,5.8,0.8,0.00,0,3.7,-7.8
84.60,align,350.20,-0.20,0.285,1,1879.6,356.3,13.1,9.3,2.02,0.37,2,2,-1,6.5,3.2,6.7,-8.2,0.01,0.02,0.02,0.00,0.00,0.00,-0.15,2.25,100,-1,0,-2,-2.2,0.00,0.285,0.299,0.16,0,26,0,268.1,72.4,5.8,0.8,0.00,0,2.5,-7.8
84.70,align,350.21,-0.21,0.282,1,1879.6,356.3,12.9,9.2,2.02,0.37,2,2,-1,6.0,3.7,6.9,-7.4,0.01,0.02,0.00,0.00,0.00,0.00,-0.31,2.03,100,-1,0,-2,-2.2,0.01,0.282,0.295,0.21,0,26,0,268.1,72.4,5.8,0.8,0.00,0,2.5,-7.8
84.80,align,350.22,-0.22,0.279,1,1879.8,356.3,12.7,9.2,1.85,0.52,2,1,-1,5.5,4.1,7.1,-6.7,0.01,0.02,0.00,0.00,0.00,0.00,-0.47,1.86,100,-1,0,-2,-2.5,0.02,0.279,0.292,0.25,0,26,0,269.3,84.2,7.0,359.9,0.00,0,2.0,-7.7
84.90,align,350.24,-0.24,0.276,1,1880.2,356.4,12.5,9.1,1.58,0.80,1,1,-1,5.1,4.3,7.2,-5.9,0.01,0.02,0.00,0.00,0.00,0.00,-0.62,1.73,100,-1,0,-1,-2.7,0.02,0.276,0.290,0.30,0,26,0,269.3,84.2,7.0,359.9,0.00,0,1.2,-7.4
85.00,align,350.26,-0.26,0.273,1,1880.2,356.4,12.3,9.1,1.58,0.80,1,1,-1,4.6,4.6,7.2,-5.3,0.01,0.02,0.00,0.00,0.00,0.00,-0.77,1.60,100,-1,0,-1,-2.7,0.03,0.273,0.285,0.31,0,26,0,269.3,84.2,7.0,359.9,0.00,0,1.2,-7.4
85.10,align,350.28,-0.28,0.273,1,1880.3,356.5,12.2,9.0,1.45,0.93,1,1,-1,4.1,4.9,7.2,-4.6,0.00,0.01,0.00,0.00,0.00,0.00,-0.90,1.47,100,-1,0,-1,-2.8,0.03,0.273,0.279,0.29,0,26,0,269.3,84.2,7.0,359.9,0.00,0,0.4,-6.7
85.20,align,350.30,-0.30,0.273,1,1880.6,356.8,12.1,8.9,1.27,1.20,1,359,-1,3.7,5.1,7.1,-4.1,-0.01,0.01,0.00,0.00,0.00,0.00,-1.04,1.38,100,-1,0,-1,-2.8,0.04,0.273,0.278,0.27,0,26,0,270.7,95.8,7.2,358.8,0.00,0,-0.9,-5.6
85.30,align,350.32,-0.32,0.271,1,1880.7,356.9,11.9,8.7,1.19,1.33,1,359,-1,3.2,5.3,7.0,-3.6,-0.01,0.01,0.00,0.00,0.00,0.00,-1.18,1.29,100,-1,0,-1,-2.8,0.04,0.271,0.277,0.28,0,26,0,270.7,95.8,7.2,358.8,0.00,0,-1.0,-5.5
85.40,align,350.35,-0.35,0.267,1,1880.7,356.9,11.8,8.6,1.19,1.33,0,359,-1,2.8,5.5,6.9,-3.1,-0.01,0.01,0.00,0.00,0.00,0.00,-1.32,1.20,100,-1,0,-0,-2.8,0.05,0.267,0.273,0.33,0,26,0,270.7,95.8,7.2,358.8,0.00,0,-1.0,-5.5
85.50,align,350.38,-0.38,0.264,1,1880.9,357.2,11.7,8.5,1.05,1.57,0,359,-1,2.3,5.5,6.7,-2.5,0.00,0.00,0.00,0.00,0.00,0.00,-1.46,1.15,100,-1,0,-0,-2.8,0.05,0.264,0.266,0.35,0,26,0,270.7,95.8,7.2,358.8,0.00,0,-2.3,-5.8
85.60,align,350.40,-0.40,0.264,1,1880.9,357.2,11.6,8.3,1.05,1.57,360,358,-1,1.9,5.7,6.4,-2.0,0.01,-0.01,0.00,0.00,0.00,0.00,-1.57,1.05,100,-1,0,0,-2.8,0.06,0.264,0.270,0.31,0,26,0,272.1,108.0,6.5,357.7,0.00,0,-2.3,-5.8
85.70,align,350.40,-0.40,0.271,1,1881.1,357.5,11.5,8.2,0.97,1.75,360,358,-1,1.6,5.7,6.1,-1.4,0.01,-0.02,0.00,0.00,0.00,0.00,-1.67,1.04,100,-1,0,0,-2.8,0.06,0.271,0.281,0.17,0,26,0,272.1,108.0,6.5,357.7,0.00,0,-3.0,-5.4
85.80,align,350.39,-0.39,0.281,1,1881.1,357.5,11.4,8.0,0.97,1.75,359,358,-1,1.2,5.9,5.8,-0.9,0.01,-0.01,0.00,0.00,0.00,0.00,-1.76,0.95,100,-1,0,1,-2.8,0.07,0.281,0.287,-0.04,0,26,0,272.1,108.0,6.5,357.7,0.00,0,-3.0,-5.4
85.90,align,350.37,-0.37,0.287,1,1881.3,357.9,11.3,7.8,0.97,1.92,359,358,-1,0.9,5.8,5.6,-0.5,-0.00,0.00,0.00,0.00,0.00,0.00,-1.85,0.94,100,-1,0,1,-2.5,0.07,0.287,0.287,-0.14,0,26,0,272.1,108.0,6.5,357.7,0.00,0,-2.0,-4.3
86.00,align,350.34,-0.34,0.286,1,1881.4,358.1,11.2,7.6,0.97,2.00,359,357,-1,0.5,5.8,5.4,-0.1,-0.00,0.01,0.00,0.00,0.00,0.00,-1.94,0.92,100,-1,0,1,-2.2,0.08,0.286,0.290,-0.12,0,26,0,273.4,122.1,5.4,356.6,0.00,0,-1.9,-4.3
86.10,align,350.34,-0.34,0.283,1,1881.5,358.3,11.1,7.4,0.97,2.08,358,357,-1,0.2,5.8,5.2,0.3,0.00,0.01,0.00,0.00,0.00,0.00,-2.03,0.91,100,-1,0,2,-1.9,0.08,0.283,0.289,-0.06,0,26,0,273.4,122.1,5.4,356.6,0.00,0,-1.8,-4.2
86.20,align,350.33,-0.33,0.280,1,1881.5,358.3,11.0,7.2,0.97,2.08,358,357,-1,-0.2,5.7,5.0,0.7,0.01,0.01,0.00,0.00,0.00,0.00,-2.11,0.90,100,-1,0,2,-1.9,0.08,0.280,0.288,0.00,0,26,0,273.4,122.1,5.4,356.6,0.00,0,-1.8,-4.2
86.30,align,350.33,-0.33,0.276,1,1881.7,358.7,10.9,7.0,0.97,2.25,358,357,-1,-0.5,5.7,4.8,1.1,0.01,0.01,0.00,0.00,0.00,0.00,-2.20,0.89,100,-1,0,2,-1.1,0.07,0.276,0.285,0.06,0,26,0,273.4,122.1,5.4,356.6,0.00,0,-2.4,-4.0
86.40,align,350.34,-0.34,0.272,1,1881.8,359.0,10.8,6.8,0.97,2.34,358,356,-1,-0.9,5.7,4.6,1.5,0.01,0.01,0.00,0.00,0.00,0.00,-2.29,0.87,100,-1,0,2,-0.6,0.07,0.272,0.280,0.12,0,26,0,274.2,133.2,4.5,356.0,0.00,0,-2.9,-3.9
86.50,align,350.35,-0.35,0.268,1,1881.8,359.0,10.7,6.5,0.97,2.34,357,356,-1,-1.3,5.7,4.3,1.9,0.01,0.00,0.00,0.00,0.00,0.00,-2.38,0.86,100,-1,0,3,-0.6,0.07,0.268,0.275,0.18,0,26,0,274.2,133.2,4.5,356.0,0.00,0,-2.9,-3.9
86.60,align,350.37,-0.37,0.266,1,1881.9,359.2,10.6,6.3,1.05,2.42,357,356,-1,-1.7,5.4,3.9,2.2,0.01,-0.01,0.00,0.00,0.00,0.00,-2.47,0.93,100,-1,0,3,0.1,0.06,0.266,0.274,0.21,0,26,0,274.2,133.2,4.5,356.0,0.00,0,-3.6,-3.4
86.70,align,350.38,-0.38,0.267,1,1882.0,359.4,10.5,6.1,1.10,2.47,357,356,-1,-2.0,5.2,3.4,2.4,-0.01,-0.02,0.00,0.00,0.00,0.00,-2.53,0.96,100,-1,0,3,0.7,0.05,0.267,0.277,0.17,0,26,0,274.2,133.2,4.5,356.0,0.00,0,-4.4,-2.3
86.80,align,350.38,-0.38,0.272,1,1882.2,359.9,10.4,5.8,1.19,2.55,357,356,-1,-2.3,5.0,3.0,2.5,-0.02,-0.02,0.00,0.00,0.00,0.00,-2.58,1.00,100,-1,0,3,1.7,0.04,0.272,0.287,0.06,0,26,0,274.0,145.0,2.8,356.1,0.00,0,-3.8,-0.3
86.90,align,350.38,-0.38,0.278,1,1882.4,360.2,10.3,5.6,1.23,2.57,357,356,-1,-2.6,4.9,2.6,2.5,-0.03,-0.01,0.00,0.00,0.00,0.00,-2.61,1.04,100,-1,0,3,2.0,0.03,0.278,0.291,-0.07,0,26,0,274.0,145.0,2.8,356.1,0.00,0,-2.7,-0.3
87.00,align,350.36,-0.36,0.281,1,1882.5,360.5,10.1,5.3,1.23,2.58,357,356,-1,-2.8,4.7,2.4,2.6,-0.02,0.00,0.00,0.00,0.00,0.00,-2.64,1.07,100,-1,0,3,2.5,0.03,0.281,0.291,-0.12,0,26,0,274.0,145.0,2.8,356.1,0.00,0,-2.3,-1.0
87.10,align,350.35,-0.35,0.282,1,1882.6,360.7,10.0,5.0,1.32,2.59,356,356,-1,-3.0,4.6,2.1,2.7,-0.01,0.01,0.00,0.00,0.00,0.00,-2.65,1.07,100,-1,0,4,2.9,0.02,0.282,0.290,-0.13,0,26,0,274.0,145.0,2.8,356.1,0.00,0,-1.9,-1.5
87.20,align,350.34,-0.34,0.281,1,1882.6,360.7,9.9,4.8,1.32,2.59,357,357,-1,-3.2,4.3,1.9,2.8,0.00,0.02,0.00,0.00,0.00,0.00,-2.67,1.16,100,-1,0,3,2.9,0.01,0.281,0.288,-0.11,0,26,0,273.1,150.0,1.8,357.0,0.00,0,-1.9,-1.5
87.30,align,350.33,-0.33,0.277,1,1882.9,361.2,9.8,4.5,1.41,2.61,357,357,-1,-3.5,4.2,1.7,3.0,0.01,0.01,0.00,0.00,0.00,0.00,-2.69,1.16,100,-1,0,3,3.5,0.00,0.277,0.286,-0.04,0,26,0,273.1,150.0,1.8,357.0,0.00,0,-2.2,-1.7
87.40,align,350.33,-0.33,0.274,1,1882.9,361.2,9.6,4.3,1.41,2.61,357,357,-1,-3.6,3.9,1.5,3.2,0.01,0.01,0.00,0.00,0.00,0.00,-2.69,1.25,100,-1,0,3,3.5,-0.00,0.274,0.284,0.02,0,26,0,273.1,150.0,1.8,357.0,0.00,0,-2.2,-1.7
87.50,align,350.34,-0.34,0.270,1,1883.0,361.5,9.5,4.0,1.41,2.61,357,357,-1,-3.8,3.8,1.2,3.4,0.01,0.01,0.00,0.00,0.00,0.00,-2.69,1.25,100,-1,0,3,3.5,-0.00,0.270,0.280,0.08,0,26,0,273.1,150.0,1.8,357.0,0.00,0,-2.3,-1.7
87.60,align,350.35,-0.35,0.267,1,1883.3,362.0,9.3,3.7,1.54,2.61,357,358,-1,-4.0,3.5,0.9,3.5,0.01,0.00,0.00,0.00,0.00,0.00,-2.69,1.35,100,-1,0,3,3.6,-0.01,0.267,0.274,0.12,0,26,0,271.7,154.3,0.8,358.3,0.00,0,-3.3,-0.9
87.70,align,350.36,-0.36,0.267,1,1883.3,362.0,9.2,3.5,1.54,2.61,357,358,-1,-4.2,3.2,0.6,3.6,0.01,-0.01,0.00,0.00,0.00,0.00,-2.69,1.41,100,-1,0,3,3.6,-0.01,0.267,0.274,0.11,0,26,0,271.7,154.3,0.8,358.3,0.00,0,-3.3,-0.9
87.80,align,350.36,-0.36,0.268,1,1883.6,362.5,9.0,3.2,1.67,2.58,357,358,-1,-4.3,3.0,0.2,3.6,-0.00,-0.02,0.00,0.00,0.00,0.00,-2.68,1.46,100,-1,0,3,3.6,-0.02,0.268,0.276,0.07,0,26,0,271.7,154.3,0.8,358.3,0.00,0,-3.4,0.7
87.90,align,350.36,-0.36,0.272,1,1883.6,362.5,8.9,3.0,1.67,2.58,357,358,-1,-4.5,2.6,-0.2,3.5,-0.01,-0.01,0.00,0.00,0.00,0.00,-2.65,1.55,100,-1,0,3,3.6,-0.02,0.272,0.278,-0.01,0,26,0,271.7,154.3,0.8,358.3,0.00,0,-3.4,0.7
88.00,align,350.34,-0.34,0.276,1,1884.0,363.1,8.7,2.7,1.76,2.53,358,360,-1,-4.6,2.5,-0.4,3.4,-0.01,0.01,0.00,0.00,0.00,0.00,-2.62,1.57,100,-1,0,2,3.5,-0.03,0.276,0.282,-0.09,0,26,0,270.3,234.7,359.6,359.7,0.00,0,-1.5,0.5
88.10,align,350.34,-0.34,0.279,1,1884.2,363.3,8.5,2.4,1.76,2.49,358,360,-1,-4.6,2.1,-0.6,3.4,0.00,0.02,0.00,0.00,0.00,0.00,-2.58,1.67,100,-1,0,2,3.5,-0.03,0.279,0.286,-0.14,0,26,0,270.3,234.7,359.6,359.7,0.00,0,-1.3,0.1
88.20,align,350.33,-0.33,0.278,1,1884.3,363.6,8.3,2.2,1.85,2.46,358,360,-1,-4.7,2.0,-0.7,3.4,0.00,0.02,0.00,0.00,0.00,0.00,-2.54,1.68,100,-1,0,2,3.3,-0.04,0.278,0.287,-0.12,0,26,0,270.3,234.7,359.6,359.7,0.00,0,-1.4,0.2
88.30,align,350.32,-0.32,0.275,1,1884.3,363.6,8.2,1.9,1.85,2.46,359,360,-1,-4.8,1.6,-0.9,3.3,0.01,0.01,0.00,0.00,0.00,0.00,-2.51,1.78,100,-1,0,1,3.3,-0.04,0.275,0.284,-0.06,0,26,0,270.3,234.7,359.6,359.7,0.00,0,-1.4,0.2
88.40,align,350.33,-0.33,0.271,1,1884.7,364.0,8.0,1.7,1.93,2.38,359,1,-1,-4.8,1.3,-1.1,3.3,0.01,0.01,0.00,0.00,0.00,0.00,-2.45,1.84,100,-1,0,1,3.4,-0.05,0.271,0.280,0.01,0,26,0,268.9,317.7,359.0,1.0,0.00,0,-1.9,0.5
88.50,align,350.33,-0.33,0.269,1,1884.7,364.0,7.8,1.5,1.93,2.38,359,1,-1,-4.9,1.0,-1.3,3.2,0.01,0.00,0.00,0.00,0.00,0.00,-2.41,1.90,100,-1,0,1,3.4,-0.05,0.269,0.273,0.04,0,26,0,268.9,317.7,359.0,1.0,0.00,0,-1.9,0.5
88.60,align,350.34,-0.34,0.269,1,1884.9,364.3,7.6,1.2,2.02,2.34,360,1,-1,-4.9,0.6,-1.6,3.1,0.00,-0.01,0.00,0.00,0.00,0.00,-2.36,2.00,100,-1,0,0,3.5,-0.06,0.269,0.273,0.03,0,26,0,268.9,317.7,359.0,1.0,0.00,0,-2.7,1.1
88.70,align,350.34,-0.34,0.269,1,1885.3,364.7,7.4,1.0,2.07,2.24,360,1,-1,-4.9,0.4,-1.9,2.9,-0.01,-0.02,0.00,0.00,0.00,0.00,-2.30,2.01,100,-1,0,0,3.4,-0.06,0.269,0.281,0.03,0,26,0,268.9,317.7,359.0,1.0,0.00,0,-3.3,2.0
88.80,align,350.34,-0.34,0.270,1,1885.5,364.9,7.2,0.8,2.11,2.19,0,2,-1,-4.8,0.1,-2.3,2.7,-0.01,-0.02,0.00,0.00,0.00,0.00,-2.24,2.07,100,-1,0,-0,3.2,-0.07,0.270,0.283,-0.01,0,26,0,267.6,318.5,357.9,2.3,0.00,0,-2.2,2.0
88.90,align,350.33,-0.33,0.274,1,1885.7,365.2,7.0,0.6,2.11,2.12,0,2,-1,-4.8,-0.2,-2.5,2.5,-0.01,-0.00,0.00,0.00,0.00,0.00,-2.17,2.13,100,-1,0,-0,3.0,-0.07,0.274,0.281,-0.09,0,26,0,267.6,318.5,357.9,2.3,0.00,0,-1.2,1.8
89.00,align,350.32,-0.32,0.277,1,1886.0,365.4,6.8,0.3,2.11,2.03,1,2,-1,-4.7,-0.3,-2.6,2.3,-0.00,0.01,0.00,0.00,0.00,0.00,-2.09,2.14,100,-1,0,-1,2.5,-0.08,0.277,0.282,-0.15,0,26,0,267.6,318.5,357.9,2.3,0.00,0,-0.7,1.2
89.10,align,350.32,-0.32,0.276,1,1886.0,365.4,6.5,0.1,2.11,2.03,1,2,-1,-4.6,-0.5,-2.7,2.2,0.00,0.01,0.00,0.00,0.00,0.00,-1.99,2.15,100,-1,0,-1,2.5,-0.07,0.276,0.282,-0.13,0,26,0,267.6,318.5,357.9,2.3,0.00,0,-0.7,1.2
89.20,align,350.31,-0.31,0.273,1,1886.4,365.8,6.3,-0.1,2.20,1.89,1,3,-1,-4.5,-0.9,-2.7,2.1,0.01,0.01,0.00,0.00,0.00,0.00,-1.91,2.24,100,-1,0,-1,1.3,-0.07,0.273,0.281,-0.06,0,26,0,266.6,322.6,357.4,3.3,0.00,0,-0.9,0.8
89.30,align,350.32,-0.32,0.269,1,1886.6,365.9,6.1,-0.3,2.20,1.83,2,3,-1,-4.4,-1.1,-2.8,2.0,0.02,0.00,0.00,0.00,0.00,0.00,-1.82,2.25,100,-1,0,-2,0.7,-0.06,0.269,0.277,0.00,0,26,0,266.6,322.6,357.4,3.3,0.00,0,-1.4,0.9
89.40,align,350.32,-0.32,0.267,1,1886.6,365.9,5.9,-0.4,2.20,1.83,2,3,-1,-4.3,-1.3,-3.0,1.9,0.01,-0.01,0.00,0.00,0.00,0.00,-1.76,2.26,100,-1,0,-2,0.7,-0.05,0.267,0.275,0.04,0,26,0,266.6,322.6,357.4,3.3,0.00,0,-1.4,0.9
89.50,align,350.32,-0.32,0.268,1,1886.8,366.1,5.7,-0.6,2.20,1.77,2,3,-1,-4.2,-1.4,-3.2,1.7,-0.01,-0.02,0.00,0.00,0.00,0.00,-1.68,2.26,100,-1,0,-2,0.2,-0.05,0.268,0.278,0.00,0,26,0,266.6,322.6,357.4,3.3,0.00,0,-2.0,1.8
89.60,align,350.32,-0.32,0.272,1,1887.3,366.5,5.4,-0.8,2.29,1.63,2,4,-1,-4.1,-1.8,-3.4,1.3,-0.02,-0.02,0.00,0.00,0.00,0.00,-1.61,2.35,100,-1,0,-2,-0.5,-0.04,0.272,0.292,-0.08,0,26,0,266.5,316.5,356.6,3.5,0.00,0,-1.9,4.1
89.70,align,350.31,-0.31,0.277,1,1887.5,366.6,5.2,-1.0,2.29,1.55,3,4,-1,-4.0,-2.0,-3.6,0.9,-0.04,-0.02,0.00,0.00,0.00,0.00,-1.52,2.36,100,-1,0,-3,-0.9,-0.04,0.277,0.298,-0.16,0,26,0,266.5,316.5,356.6,3.5,0.00,0,-0.9,3.9
89.80,align,350.29,-0.29,0.280,1,1887.5,366.6,5.0,-1.1,2.29,1.55,3,4,-1,-3.8,-2.1,-3.7,0.5,-0.03,-0.01,0.00,0.00,0.00,0.00,-1.44,2.36,100,-1,0,-3,-0.9,-0.04,0.280,0.295,-0.21,0,26,0,266.5,316.5,356.6,3.5,0.00,0,-0.9,3.9
89.90,align,350.27,-0.27,0.281,1,1888.0,366.9,4.8,-1.3,2.20,1.35,3,4,-1,-3.6,-2.3,-3.7,0.3,-0.02,0.00,0.00,0.00,0.00,0.00,-1.32,2.35,100,-1,0,-3,-2.1,-0.03,0.281,0.289,-0.22,0,26,0,266.5,316.5,356.6,3.5,0.00,0,0.3,2.3
90.00,align,350.25,-0.25,0.282,1,1888.2,367.0,4.5,-1.4,2.20,1.26,3,3,-1,-3.4,-2.2,-3.6,0.1,-0.01,0.01,0.00,0.00,0.00,0.00,-1.24,2.26,100,-1,0,-3,-2.7,-0.01,0.282,0.289,-0.23,0,26,0,267.1,308.5,356.4,2.9,0.00,0,0.6,1.7
90.10,align,350.24,-0.24,0.282,1,1888.4,367.1,4.3,-1.5,2.20,1.18,3,3,-1,-3.2,-2.3,-3.6,-0.1,-0.00,0.01,0.00,0.00,0.00,0.00,-1.15,2.26,100,-1,0,-3,-3.0,-0.00,0.282,0.285,-0.21,0,26,0,267.1,308.5,356.4,2.9,0.00,0,0.5,1.4
90.20,align,350.23,-0.23,0.279,1,1888.4,367.1,4.1,-1.6,2.20,1.18,3,3,-1,-3.0,-2.4,-3.5,-0.2,0.00,0.01,0.00,0.00,0.00,0.00,-1.06,2.25,100,-1,0,-3,-3.0,0.00,0.279,0.282,-0.14,0,26,0,267.1,308.5,356.4,2.9,0.00,0,0.5,1.4
90.30,align,350.23,-0.23,0.275,1,1888.6,367.3,3.9,-1.8,2.15,1.09,3,3,-1,-2.8,-2.4,-3.5,-0.3,0.00,0.00,0.00,0.00,0.00,0.00,-0.98,2.21,100,-1,0,-3,-3.2,0.01,0.275,0.278,-0.08,0,26,0,267.1,308.5,356.4,2.9,0.00,0,0.5,1.3
90.40,align,350.23,-0.23,0.272,1,1888.8,367.4,3.7,-1.9,2.11,1.02,3,2,-1,-2.7,-2.4,-3.5,-0.4,0.00,0.00,0.00,0.00,0.00,0.00,-0.92,2.15,100,-1,0,-3,-3.4,0.02,0.272,0.273,-0.01,0,26,0,268.4,294.8,356.5,1.6,0.00,0,0.3,1.3
90.50,align,350.24,-0.24,0.268,1,1889.1,367.5,3.4,-2.0,2.11,0.93,3,2,-1,-2.5,-2.5,-3.4,-0.5,0.00,-0.00,0.00,0.00,0.00,0.00,-0.84,2.15,100,-1,0,-3,-3.4,0.02,0.268,0.271,0.05,0,26,0,268.4,294.8,356.5,1.6,0.00,0,0.2,1.2
90.60,align,350.25,-0.25,0.264,1,1889.5,367.6,3.2,-2.0,2.02,0.78,2,2,-1,-2.3,-2.6,-3.4,-0.6,0.00,-0.01,0.00,0.00,0.00,0.00,-0.76,2.14,100,-1,0,-2,-3.4,0.02,0.264,0.269,0.11,0,26,0,268.4,294.8,356.5,1.6,0.00,0,0.2,1.4
90.70,align,350.27,-0.27,0.261,1,1889.7,367.7,3.0,-2.1,2.02,0.71,2,2,-1,-2.2,-2.5,-3.4,-0.8,-0.00,-0.01,0.00,0.00,0.00,0.00,-0.70,2.05,100,-1,0,-2,-3.4,0.02,0.261,0.265,0.15,0,26,0,268.4,294.8,356.5,1.6,0.00,0,0.6,2.0
90.80,align,350.28,-0.28,0.264,1,1889.7,367.7,2.8,-2.2,2.02,0.71,2,0,-1,-2.1,-2.6,-3.4,-0.9,-0.01,-0.00,0.00,0.00,0.00,0.00,-0.64,2.04,100,-1,0,-2,-3.4,0.03,0.264,0.269,0.09,0,26,0,269.8,273.2,356.6,0.2,0.00,0,0.6,2.0
90.90,align,350.25,-0.25,0.274,1,1890.1,367.8,2.6,-2.3,1.93,0.59,2,0,-1,-1.9,-2.6,-3.3,-1.2,-0.02,0.00,0.00,0.00,0.00,0.00,-0.59,2.00,100,-1,0,-2,-3.4,0.03,0.274,0.281,-0.10,0,26,0,269.8,273.2,356.6,0.2,0.00,0,0.7,1.9
91.00,align,350.22,-0.22,0.283,1,1890.3,367.9,2.4,-2.3,1.93,0.53,1,0,-1,-1.8,-2.5,-3.2,-1.3,-0.01,-0.00,0.00,0.00,0.00,0.00,-0.54,1.95,100,-1,0,-1,-3.4,0.04,0.283,0.288,-0.27,0,26,0,269.8,273.2,356.6,0.2,0.00,0,0.6,0.8
91.10,align,350.20,-0.20,0.288,1,1890.3,367.9,2.2,-2.4,1.93,0.53,1,0,-1,-1.7,-2.6,-3.2,-1.3,0.01,-0.01,0.00,0.00,0.00,0.00,-0.48,1.94,100,-1,0,-1,-3.4,0.04,0.288,0.294,-0.35,0,26,0,269.8,273.2,356.6,0.2,0.00,0,0.6,0.8
91.20,align,350.17,-0.17,0.291,1,1890.6,368.0,2.1,-2.4,1.85,0.40,1,359,-1,-1.6,-2.5,-3.1,-1.3,0.01,-0.01,0.00,0.00,0.00,0.00,-0.44,1.85,100,-1,0,-1,-3.3,0.05,0.291,0.299,-0.37,0,26,0,271.2,249.0,356.9,358.9,0.00,0,0.3,0.1
91.30,align,350.14,-0.14,0.289,1,1890.8,368.0,1.9,-2.5,1.76,0.33,1,359,-1,-1.4,-2.6,-3.1,-1.3,0.01,-0.01,0.00,0.00,0.00,0.00,-0.38,1.85,100,-1,0,-1,-3.4,0.05,0.289,0.299,-0.30,0,26,0,271.2,249.0,356.9,358.9,0.00,0,0.2,0.2
91.40,align,350.11,-0.11,0.286,1,1890.8,368.0,1.7,-2.5,1.76,0.33,0,359,-1,-1.2,-2.4,-3.1,-1.3,0.01,-0.02,0.00,0.00,0.00,0.00,-0.32,1.76,100,-1,0,-0,-3.4,0.06,0.286,0.297,-0.24,0,26,0,271.2,249.0,356.9,358.9,0.00,0,0.2,0.2
91.50,align,350.10,-0.10,0.283,1,1891.1,368.1,1.5,-2.5,1.67,0.20,0,359,-1,-1.1,-2.5,-3.1,-1.3,0.01,-0.02,0.00,0.00,0.00,0.00,-0.26,1.76,100,-1,0,-0,-3.2,0.06,0.283,0.296,-0.17,0,26,0,271.2,249.0,356.9,358.9,0.00,0,-0.1,0.2
91.60,align,350.09,-0.09,0.280,1,1891.3,368.1,1.4,-2.6,1.67,0.12,360,357,-1,-0.9,-2.3,-3.1,-1.3,0.01,-0.02,0.00,0.00,0.00,0.00,-0.21,1.67,100,-1,0,0,-3.0,0.07,0.281,0.294,-0.10,0,26,0,272.5,230.9,356.9,357.6,0.00,0,-0.0,0.3
91.70,align,350.09,-0.09,0.277,1,1891.3,368.1,1.2,-2.6,1.67,0.12,359,357,-1,-0.7,-2.4,-3.2,-1.4,0.01,-0.02,0.00,0.00,0.00,0.00,-0.14,1.67,100,-1,0,1,-3.0,0.07,0.277,0.290,-0.04,0,26,0,272.5,230.9,356.9,357.6,0.00,0,-0.0,0.3
91.80,align,350.10,-0.10,0.274,1,1891.6,368.1,1.0,-2.6,1.58,-0.03,359,357,-1,-0.6,-2.3,-3.1,-1.4,0.00,-0.02,0.00,0.00,0.00,0.00,-0.08,1.58,100,-1,0,1,-1.5,0.06,0.274,0.283,0.02,0,26,0,272.5,230.9,356.9,357.6,0.00,0,0.6,1.2
91.90,align,350.11,-0.11,0.272,1,1891.8,368.1,0.9,-2.6,1.54,-0.10,359,357,-1,-0.3,-2.4,-3.1,-1.6,-0.01,-0.01,0.00,0.00,0.00,0.00,0.00,1.58,100,-1,0,1,-0.7,0.05,0.272,0.282,0.06,0,26,0,272.5,230.9,356.9,357.6,0.00,0,1.7,2.0
92.00,align,350.11,-0.11,0.273,1,1891.8,368.1,0.7,-2.6,1.54,-0.10,359,357,-1,-0.1,-2.3,-2.9,-1.8,-0.02,0.00,0.00,0.00,0.00,0.00,0.06,1.54,100,-1,0,1,-0.7,0.04,0.273,0.284,0.02,0,26,0,273.2,220.7,357.2,356.9,0.00,0,1.7,2.0
92.10,align,350.11,-0.11,0.276,1,1891.9,368.0,0.6,-2.5,1.49,-0.16,358,357,-1,0.0,-2.3,-2.5,-1.9,-0.02,0.02,0.00,0.00,0.00,0.00,0.12,1.50,100,-1,0,2,0.0,0.03,0.276,0.294,-0.03,0,26,0,273.2,220.7,357.2,356.9,0.00,0,3.0,2.1
92.20,align,350.10,-0.10,0.278,1,1892.2,368.0,0.4,-2.5,1.41,-0.29,358,357,-1,0.2,-2.3,-2.2,-2.1,-0.01,0.03,0.00,0.00,0.00,0.00,0.18,1.46,100,-1,0,2,1.3,0.02,0.278,0.295,-0.07,0,26,0,273.2,220.7,357.2,356.9,0.00,0,3.5,0.3
92.30,align,350.09,-0.09,0.281,1,1892.2,368.0,0.3,-2.5,1.41,-0.29,358,357,-1,0.4,-2.2,-1.8,-2.1,-0.00,0.03,0.00,0.00,0.00,0.00,0.23,1.42,100,-1,0,2,1.3,0.02,0.281,0.293,-0.12,0,26,0,273.2,220.7,357.2,356.9,0.00,0,3.5,0.3
92.40,align,350.07,-0.07,0.282,1,1892.5,367.9,0.1,-2.5,1.27,-0.35,358,357,-1,0.5,-2.1,-1.6,-2.0,0.01,0.02,0.00,0.00,0.00,0.00,0.27,1.33,100,-1,0,2,2.4,0.01,0.282,0.295,-0.13,0,26,0,272.8,207.8,358.5,357.3,0.00,0,2.3,-0.9
92.50,align,350.06,-0.06,0.282,1,1892.5,367.9,0.0,-2.4,1.27,-0.35,358,357,-1,0.6,-2.0,-1.3,-1.9,0.01,0.01,0.00,0.00,0.00,0.00,0.30,1.29,100,-1,0,2,2.4,-0.00,0.282,0.293,-0.11,0,26,0,272.8,207.8,358.5,357.3,0.00,0,2.3,-0.9
92.60,align,350.06,-0.06,0.278,1,1892.7,367.9,-0.1,-2.4,1.14,-0.37,358,357,-1,0.7,-2.0,-1.1,-1.8,0.02,0.01,0.00,0.00,0.00,0.00,0.30,1.24,100,-1,0,2,3.4,-0.01,0.278,0.289,-0.05,0,26,0,272.8,207.8,358.5,357.3,0.00,0,1.7,-1.0
92.70,align,350.06,-0.06,0.275,1,1892.7,367.9,-0.2,-2.4,1.14,-0.37,358,357,-1,0.7,-1.8,-0.9,-1.8,0.01,0.01,0.00,0.00,0.00,0.00,0.32,1.16,100,-1,0,2,3.4,-0.02,0.275,0.284,0.02,0,26,0,272.8,207.8,358.5,357.3,0.00,0,1.7,-1.0
92.80,align,350.07,-0.07,0.271,1,1892.8,367.8,-0.3,-2.3,1.14,-0.38,358,359,-1,0.8,-1.9,-0.8,-1.7,0.02,0.00,0.00,0.00,0.00,0.00,0.34,1.16,100,-1,0,2,3.5,-0.02,0.271,0.280,0.08,0,26,0,271.5,207.3,359.2,358.6,0.00,0,1.4,-0.9
92.90,align,350.09,-0.09,0.269,1,1892.9,367.8,-0.4,-2.3,1.05,-0.40,358,359,-1,0.9,-1.7,-0.7,-1.6,0.01,-0.00,0.00,0.00,0.00,0.00,0.36,1.07,100,-1,0,2,3.7,-0.03,0.269,0.274,0.12,0,26,0,271.5,207.3,359.2,358.6,0.00,0,1.0,-0.7
93.00,align,350.10,-0.10,0.268,1,1893.0,367.7,-0.5,-2.2,1.05,-0.40,358,359,-1,0.9,-1.7,-0.7,-1.6,0.00,-0.02,0.00,0.00,0.00,0.00,0.36,1.07,100,-1,0,2,3.6,-0.03,0.268,0.275,0.11,0,26,0,271.5,207.3,359.2,358.6,0.00,0,0.2,-0.1
93.10,align,350.10,-0.10,0.270,1,1893.1,367.7,-0.6,-2.2,0.97,-0.42,358,359,-1,1.0,-1.5,-0.7,-1.7,-0.02,-0.02,0.00,0.00,0.00,0.00,0.38,0.98,100,-1,0,2,3.8,-0.04,0.270,0.285,0.08,0,26,0,271.5,207.3,359.2,358.6,0.00,0,-0.3,0.7
93.20,align,350.10,-0.10,0.274,1,1893.3,367.6,-0.7,-2.2,0.88,-0.43,358,0,-1,1.0,-1.6,-0.7,-1.9,-0.02,-0.01,0.00,0.00,0.00,0.00,0.39,0.98,100,-1,0,2,3.8,-0.04,0.274,0.289,-0.00,0,26,0,270.0,272.7,359.3,0.1,0.00,0,0.8,1.3
93.30,align,350.10,-0.10,0.277,1,1893.3,367.6,-0.8,-2.1,0.88,-0.43,359,0,-1,1.1,-1.4,-0.6,-2.0,-0.02,-0.00,0.00,0.00,0.00,0.00,0.41,0.89,100,-1,0,1,3.8,-0.05,0.277,0.287,-0.05,0,26,0,270.0,272.7,359.3,0.1,0.00,0,0.8,1.3
93.40,align,350.09,-0.09,0.277,1,1893.4,367.6,-0.9,-2.1,0.88,-0.44,359,0,-1,1.2,-1.5,-0.4,-2.1,-0.01,0.01,0.00,0.00,0.00,0.00,0.42,0.89,100,-1,0,1,3.5,-0.05,0.277,0.285,-0.06,0,26,0,270.0,272.7,359.3,0.1,0.00,0,1.4,0.7
93.50,align,350.09,-0.09,0.278,1,1893.6,367.5,-1.0,-2.0,0.75,-0.46,359,0,-1,1.3,-1.3,-0.2,-2.0,-0.00,0.02,0.00,0.00,0.00,0.00,0.44,0.80,100,-1,0,1,2.6,-0.04,0.278,0.285,-0.07,0,26,0,270.0,272.7,359.3,0.1,0.00,0,2.1,-0.6
93.60,align,350.08,-0.08,0.277,1,1893.7,367.4,-1.1,-2.0,0.70,-0.46,359,1,-1,1.3,-1.2,0.0,-2.0,0.00,0.02,0.00,0.00,0.00,0.00,0.45,0.75,100,-1,0,1,2.4,-0.04,0.277,0.286,-0.05,0,26,0,268.7,359.4,360.0,1.3,0.00,0,2.1,-0.8
93.70,align,350.08,-0.08,0.273,1,1893.7,367.4,-1.2,-1.9,0.70,-0.46,360,1,-1,1.4,-1.1,0.2,-1.9,0.01,0.02,0.00,0.00,0.00,0.00,0.46,0.71,100,-1,0,0,2.4,-0.04,0.273,0.283,0.02,0,26,0,268.7,359.4,360.0,1.3,0.00,0,2.1,-0.8
93.80,align,350.09,-0.09,0.270,1,1893.7,367.4,-1.2,-1.9,0.62,-0.44,360,1,-1,1.4,-0.9,0.4,-1.8,0.01,0.02,0.00,0.00,0.00,0.00,0.44,0.62,100,-1,0,0,2.2,-0.04,0.270,0.279,0.08,0,26,0,268.7,359.4,360.0,1.3,0.00,0,1.9,-0.9
93.90,align,350.11,-0.11,0.267,1,1893.8,367.3,-1.3,-1.8,0.62,-0.44,0,1,-1,1.4,-0.9,0.6,-1.7,0.00,0.01,0.00,0.00,0.00,0.00,0.44,0.61,100,-1,0,-0,2.3,-0.05,0.267,0.272,0.12,0,26,0,268.7,359.4,360.0,1.3,0.00,0,1.7,-0.8
94.00,align,350.11,-0.11,0.269,1,1893.8,367.3,-1.3,-1.8,0.53,-0.42,0,2,-1,1.4,-0.7,0.6,-1.7,-0.00,-0.00,0.00,0.00,0.00,0.00,0.42,0.52,100,-1,0,-0,2.1,-0.05,0.269,0.272,0.08,0,26,0,267.8,14.4,0.6,2.2,0.00,0,0.7,-0.3
94.10,align,350.10,-0.10,0.273,1,1893.9,367.3,-1.4,-1.8,0.53,-0.42,1,2,-1,1.4,-0.7,0.5,-1.7,-0.00,-0.02,0.00,0.00,0.00,0.00,0.42,0.52,100,-1,0,-1,2.1,-0.06,0.273,0.284,0.00,0,26,0,267.8,14.4,0.6,2.2,0.00,0,-0.6,-0.4
94.20,align,350.10,-0.10,0.275,1,1894.0,367.2,-1.4,-1.7,0.44,-0.40,1,2,-1,1.4,-0.6,0.4,-1.6,0.00,-0.03,0.00,0.00,0.00,0.00,0.40,0.48,100,-1,0,-1,1.9,-0.06,0.275,0.287,-0.05,0,26,0,267.8,14.4,0.6,2.2,0.00,0,-0.5,-0.9
94.30,align,350.09,-0.09,0.277,1,1894.0,367.1,-1.5,-1.7,0.44,-0.40,1,2,-1,1.4,-0.5,0.4,-1.5,0.00,-0.02,0.00,0.00,0.00,0.00,0.40,0.43,100,-1,0,-1,1.6,-0.06,0.277,0.285,-0.08,0,26,0,267.8,14.4,0.6,2.2,0.00,0,0.6,-0.8
94.40,align,350.06,-0.06,0.282,1,1894.0,367.1,-1.5,-1.6,0.44,-0.40,1,3,-1,1.4,-0.5,0.5,-1.4,0.00,0.00,0.00,0.00,0.00,0.00,0.41,0.43,100,-1,0,-1,1.6,-0.06,0.282,0.285,-0.16,0,26,0,267.1,8.7,0.4,2.9,0.00,0,0.6,-0.8
94.50,align,350.05,-0.05,0.284,1,1894.1,367.1,-1.6,-1.6,0.35,-0.40,2,3,-1,1.5,-0.3,0.7,-1.3,0.00,0.01,0.00,0.00,0.00,0.00,0.41,0.34,100,-1,0,-2,1.0,-0.06,0.284,0.290,-0.19,0,26,0,267.1,8.7,0.4,2.9,0.00,0,1.9,-0.8
94.60,align,350.04,-0.04,0.281,1,1894.1,367.1,-1.6,-1.6,0.35,-0.40,2,3,-1,1.5,-0.3,0.9,-1.3,0.00,0.02,0.00,0.00,0.00,0.00,0.41,0.34,100,-1,0,-2,1.0,-0.06,0.281,0.289,-0.12,0,26,0,267.1,8.7,0.4,2.9,0.00,0,1.9,-0.8
94.70,align,350.03,-0.03,0.278,1,1894.1,367.0,-1.6,-1.5,0.35,-0.37,2,3,-1,1.5,-0.3,1.0,-1.2,0.00,0.02,0.00,0.00,0.00,0.00,0.39,0.34,100,-1,0,-2,0.6,-0.05,0.278,0.287,-0.05,0,26,0,267.1,8.7,0.4,2.9,0.00,0,1.7,-0.7
94.80,align,350.03,-0.03,0.275,1,1894.2,367.0,-1.7,-1.5,0.26,-0.32,2,3,-1,1.4,-0.1,1.2,-1.1,-0.00,0.02,0.00,0.00,0.00,0.00,0.36,0.25,100,-1,0,-2,-0.2,-0.05,0.275,0.282,0.01,0,26,0,266.8,19.5,1.1,3.2,0.00,0,0.8,-0.4
94.90,align,350.05,-0.05,0.271,1,1894.2,367.0,-1.7,-1.5,0.26,-0.32,2,3,-1,1.3,-0.1,1.3,-1.1,-0.00,0.01,0.00,0.00,0.00,0.00,0.33,0.25,100,-1,0,-2,-0.2,-0.04,0.271,0.276,0.08,0,26,0,266.8,19.5,1.1,3.2,0.00,0,0.8,-0.4
95.00,align,350.06,-0.06,0.267,1,1894.2,366.9,-1.7,-1.4,0.26,-0.27,2,3,-1,1.2,-0.2,1.4,-1.0,-0.00,0.01,0.00,0.00,0.00,0.00,0.29,0.25,100,-1,0,-2,-0.7,-0.04,0.267,0.270,0.14,0,26,0,266.8,19.5,1.1,3.2,0.00,0,0.6,-0.5
95.10,align,350.07,-0.07,0.266,1,1894.3,366.9,-1.7,-1.4,0.18,-0.20,3,3,-1,1.2,-0.0,1.3,-1.0,-0.00,-0.01,0.00,0.00,0.00,0.00,0.25,0.21,100,-1,0,-3,-1.4,-0.03,0.266,0.272,0.15,0,26,0,266.8,19.5,1.1,3.2,0.00,0,-1.6,-0.5
95.20,align,350.07,-0.07,0.270,1,1894.3,366.9,-1.8,-1.4,0.18,-0.18,3,3,-1,1.0,0.1,1.1,-0.9,-0.00,-0.03,0.00,0.00,0.00,0.00,0.21,0.17,100,-1,0,-3,-1.7,-0.02,0.270,0.285,0.07,0,26,0,267.2,20.4,1.0,2.8,0.00,0,-2.4,-0.5
95.30,align,350.07,-0.07,0.274,1,1894.3,366.8,-1.8,-1.4,0.18,-0.15,3,3,-1,1.0,0.1,0.9,-0.9,-0.00,-0.03,0.00,0.00,0.00,0.00,0.18,0.17,100,-1,0,-3,-1.9,-0.02,0.274,0.289,-0.01,0,26,0,267.2,20.4,1.0,2.8,0.00,0,-1.3,-0.4
95.40,align,350.05,-0.05,0.278,1,1894.3,366.8,-1.8,-1.3,0.18,-0.15,3,3,-1,0.9,0.0,0.8,-0.9,-0.00,-0.02,0.00,0.00,0.00,0.00,0.16,0.17,100,-1,0,-3,-1.9,-0.02,0.278,0.288,-0.09,0,26,0,267.2,20.4,1.0,2.8,0.00,0,-1.3,-0.4
95.50,align,350.04,-0.04,0.283,1,1894.3,366.8,-1.8,-1.3,0.09,-0.14,3,3,-1,0.9,0.0,0.8,-0.8,-0.00,-0.00,0.00,0.00,0.00,0.00,0.16,0.17,100,-1,0,-3,-2.3,-0.01,0.283,0.286,-0.17,0,26,0,267.2,20.4,1.0,2.8,0.00,0,0.7,-0.3
95.60,align,350.02,-0.02,0.285,1,1894.3,366.8,-1.8,-1.3,0.09,-0.13,3,2,-1,0.9,0.3,0.9,-0.8,-0.01,0.01,0.00,0.00,0.00,0.00,0.15,0.08,100,-1,0,-3,-2.5,-0.00,0.285,0.290,-0.19,0,26,0,268.0,22.8,0.8,2.0,0.00,0,0.7,-0.3
95.70,align,350.01,-0.01,0.282,1,1894.3,366.8,-1.8,-1.3,0.09,-0.11,2,2,-1,0.9,0.3,0.9,-0.8,-0.01,0.01,0.00,0.00,0.00,0.00,0.14,0.08,100,-1,0,-2,-2.8,0.00,0.282,0.288,-0.12,0,26,0,268.0,22.8,0.8,2.0,0.00,0,0.7,-0.2
95.80,align,350.01,-0.01,0.279,1,1894.4,366.8,-1.8,-1.3,0.09,-0.10,2,2,-1,0.8,0.3,1.0,-0.8,-0.01,0.01,0.00,0.00,0.00,0.00,0.11,0.08,100,-1,0,-2,-2.8,0.01,0.279,0.285,-0.06,0,26,0,268.0,22.8,0.8,2.0,0.00,0,0.6,-0.2
95.90,align,350.01,-0.01,0.275,1,1894.4,366.8,-1.9,-1.3,0.09,-0.10,2,2,-1,0.8,0.3,1.0,-0.7,-0.01,0.01,0.00,0.00,0.00,0.00,0.10,0.08,100,-1,0,-2,-2.8,0.01,0.275,0.282,0.01,0,26,0,268.0,22.8,0.8,2.0,0.00,0,0.6,-0.2
96.00,align,350.02,-0.02,0.272,1,1894.4,366.8,-1.9,-1.3,0.09,-0.09,2,1,-1,0.7,0.2,1.1,-0.7,-0.01,0.01,0.00,0.00,0.00,0.00,0.09,0.08,100,-1,0,-2,-2.8,0.01,0.272,0.278,0.07,0,26,0,269.1,50.1,1.1,0.9,0.00,0,0.5,-0.2
96.10,align,350.03,-0.03,0.268,1,1894.4,366.8,-1.9,-1.3,0.00,-0.04,2,1,-1,0.7,0.4,1.1,-0.7,-0.01,0.01,0.00,0.00,0.00,0.00,0.07,0.04,100,-1,0,-2,-2.9,0.01,0.268,0.275,0.14,0,26,0,269.1,50.1,1.1,0.9,0.00,0,0.0,-0.3
96.20,align,350.05,-0.05,0.265,1,1894.4,366.8,-1.9,-1.3,0.00,-0.02,2,1,-1,0.6,0.5,1.1,-0.7,-0.01,-0.00,0.00,0.00,0.00,0.00,0.04,-0.00,100,-1,0,-2,-2.8,0.02,0.265,0.269,0.18,0,26,0,269.1,50.1,1.1,0.9,0.00,0,-0.4,-1.1
96.30,align,350.06,-0.06,0.266,1,1894.4,366.8,-1.9,-1.3,0.00,0.00,2,1,-1,0.5,0.5,1.1,-0.6,0.01,-0.01,0.00,0.00,0.00,0.00,0.02,-0.00,100,-1,0,-2,-2.8,0.02,0.266,0.271,0.14,0,26,0,269.1,50.1,1.1,0.9,0.00,0,-0.5,-2.1
96.40,align,350.06,-0.06,0.270,1,1894.4,366.8,-1.9,-1.3,0.00,0.00,1,360,-1,0.5,0.5,1.0,-0.3,0.03,-0.01,0.00,0.00,0.00,0.00,0.00,0.00,100,-1,0,-1,-2.8,0.03,0.270,0.283,0.06,0,26,0,270.2,103.2,1.0,359.8,0.00,0,-0.5,-2.1
96.50,align,350.05,-0.05,0.274,1,1894.4,366.8,-1.9,-1.3,0.00,0.02,1,360,-1,0.4,0.5,0.9,-0.1,0.02,-0.01,0.00,0.00,0.00,0.00,-0.02,0.00,100,-1,0,-1,-2.8,0.03,0.274,0.287,-0.02,0,26,0,270.2,103.2,1.0,359.8,0.00,0,-0.7,-2.4
96.60,align,350.04,-0.04,0.279,1,1894.4,366.8,-1.9,-1.3,0.00,0.04,1,360,-1,0.3,0.5,0.8,-0.0,0.00,-0.01,0.00,0.00,0.00,0.00,-0.04,0.00,100,-1,0,-1,-2.7,0.04,0.279,0.285,-0.10,0,26,0,270.2,103.2,1.0,359.8,0.00,0,-0.8,-1.1
96.70,align,350.02,-0.02,0.282,1,1894.4,366.8,-1.9,-1.3,0.00,0.07,1,360,-1,0.3,0.5,0.8,-0.1,-0.01,-0.01,0.00,0.00,0.00,0.00,-0.04,0.00,100,-1,0,-1,-2.2,0.04,0.282,0.290,-0.15,0,26,0,270.2,103.2,1.0,359.8,0.00,0,-0.5,0.8
96.80,align,350.01,-0.01,0.281,1,1894.4,366.8,-1.9,-1.3,0.00,0.09,0,359,-1,0.2,0.5,0.7,-0.2,-0.02,-0.01,0.00,0.00,0.00,0.00,-0.07,0.00,100,-1,0,-0,-1.8,0.04,0.281,0.292,-0.13,0,26,0,271.2,149.1,0.7,358.8,0.00,0,-0.6,0.9
96.90,align,350.01,-0.01,0.278,1,1894.4,366.8,-1.9,-1.3,0.00,0.09,0,359,-1,0.1,0.5,0.7,-0.3,-0.03,-0.01,0.00,0.00,0.00,0.00,-0.09,0.00,100,-1,0,-0,-1.8,0.03,0.278,0.291,-0.06,0,26,0,271.2,149.1,0.7,358.8,0.00,0,-0.6,0.9
97.00,align,350.02,-0.02,0.275,1,1894.4,366.8,-1.9,-1.3,0.00,0.11,360,359,-1,0.1,0.5,0.6,-0.4,-0.03,-0.01,0.00,0.00,0.00,0.00,-0.09,-0.00,100,-1,0,0,-1.2,0.04,0.275,0.290,0.00,0,26,0,271.2,149.1,0.7,358.8,0.00,0,-0.6,0.7
97.10,align,350.02,-0.02,0.273,1,1894.4,366.8,-1.9,-1.3,0.00,0.11,360,359,-1,0.1,0.5,0.5,-0.4,-0.02,-0.01,0.00,0.00,0.00,0.00,-0.11,-0.00,100,-1,0,0,-1.1,0.03,0.273,0.284,0.04,0,26,0,271.2,149.1,0.7,358.8,0.00,0,-0.2,0.0
97.20,align,350.02,-0.02,0.273,1,1894.4,366.8,-1.9,-1.3,0.00,0.13,360,358,-1,0.0,0.5,0.5,-0.4,-0.01,-0.00,0.00,0.00,0.00,0.00,-0.11,-0.00,100,-1,0,0,-0.6,0.03,0.273,0.276,0.04,0,26,0,271.8,163.7,0.5,358.2,0.00,0,0.2,-0.7
97.30,align,350.02,-0.02,0.273,1,1894.4,366.8,-1.9,-1.3,-0.04,0.13,359,358,-1,-0.0,0.5,0.5,-0.3,0.00,0.01,0.00,0.00,0.00,0.00,-0.13,-0.00,100,-1,0,1,-0.3,0.02,0.273,0.278,0.03,0,26,0,271.8,163.7,0.5,358.2,0.00,0,0.3,-1.1
97.40,align,350.03,-0.03,0.272,1,1894.4,366.8,-1.9,-1.3,-0.04,0.13,359,358,-1,-0.0,0.6,0.6,-0.2,0.01,0.01,0.00,0.00,0.00,0.00,-0.13,-0.05,100,-1,0,1,-0.3,0.02,0.272,0.279,0.05,0,26,0,271.8,163.7,0.5,358.2,0.00,0,0.3,-1.1
97.50,align,350.04,-0.04,0.268,1,1894.3,366.9,-1.9,-1.4,-0.09,0.15,359,358,-1,-0.1,0.8,0.6,-0.0,0.01,0.01,0.00,0.00,0.00,0.00,-0.14,-0.09,100,-1,0,1,-0.1,0.02,0.268,0.276,0.11,0,26,0,271.8,163.7,0.5,358.2,0.00,0,-0.1,-1.2
97.60,align,350.05,-0.05,0.266,1,1894.3,366.9,-1.8,-1.4,-0.09,0.15,359,358,-1,-0.1,0.8,0.6,0.1,0.01,0.00,0.00,0.00,0.00,0.00,-0.15,-0.09,100,-1,0,1,-0.1,0.02,0.266,0.269,0.15,0,26,0,271.9,163.2,0.6,358.1,0.00,0,-0.1,-1.2
97.70,align,350.06,-0.06,0.265,1,1894.3,366.9,-1.8,-1.4,-0.09,0.18,359,358,-1,-0.2,0.8,0.5,0.1,-0.00,-0.01,0.00,0.00,0.00,0.00,-0.16,-0.09,100,-1,0,1,0.1,0.02,0.265,0.270,0.14,0,26,0,271.9,163.2,0.6,358.1,0.00,0,-1.3,0.1
97.80,align,350.07,-0.07,0.267,1,1894.3,366.9,-1.8,-1.4,-0.09,0.18,359,358,-1,-0.2,0.8,0.4,0.1,-0.02,-0.02,0.00,0.00,0.00,0.00,-0.17,-0.09,100,-1,0,1,0.1,0.03,0.267,0.279,0.11,0,26,0,271.9,163.2,0.6,358.1,0.00,0,-1.0,0.9
97.90,align,350.07,-0.07,0.270,1,1894.3,366.9,-1.8,-1.4,-0.09,0.18,359,358,-1,-0.2,0.8,0.3,0.0,-0.02,-0.01,0.00,0.00,0.00,0.00,-0.17,-0.09,100,-1,0,1,0.1,0.03,0.270,0.283,0.03,0,26,0,271.9,163.2,0.6,358.1,0.00,0,-1.0,0.9
98.00,align,350.06,-0.06,0.276,1,1894.3,366.9,-1.8,-1.4,-0.09,0.18,359,358,-1,-0.3,0.8,0.3,-0.0,-0.02,0.00,0.00,0.00,0.00,0.00,-0.17,-0.09,100,-1,0,1,0.0,0.03,0.276,0.285,-0.08,0,26,0,271.9,171.4,0.3,358.1,0.00,0,-0.0,0.0
98.10,align,350.04,-0.04,0.283,1,1894.3,367.0,-1.8,-1.5,-0.09,0.20,358,358,-1,-0.3,0.8,0.3,0.0,-0.00,0.00,0.00,0.00,0.00,0.00,-0.17,-0.09,100,-1,0,2,0.1,0.03,0.283,0.287,-0.20,0,26,0,271.9,171.4,0.3,358.1,0.00,0,-0.0,-0.9
98.20,align,350.02,-0.02,0.285,1,1894.3,367.0,-1.8,-1.5,-0.09,0.20,358,358,-1,-0.4,0.8,0.3,0.1,0.00,0.00,0.00,0.00,0.00,0.00,-0.20,-0.09,100,-1,0,2,0.1,0.03,0.285,0.287,-0.23,0,26,0,271.9,171.4,0.3,358.1,0.00,0,-0.0,-0.9
98.30,align,350.01,-0.01,0.283,1,1894.3,367.0,-1.8,-1.5,-0.09,0.20,358,358,-1,-0.4,0.8,0.3,0.2,0.00,0.00,0.00,0.00,0.00,0.00,-0.20,-0.09,100,-1,0,2,0.1,0.03,0.283,0.284,-0.16,0,26,0,271.9,171.4,0.3,358.1,0.00,0,-0.2,-1.0
98.40,align,349.99,0.01,0.280,1,1894.3,367.0,-1.8,-1.5,-0.09,0.20,358,358,-1,-0.4,0.8,0.2,0.2,0.00,-0.00,0.00,0.00,0.00,0.00,-0.20,-0.09,100,-1,0,2,0.1,0.03,0.280,0.281,-0.09,0,26,0,271.8,173.3,0.2,358.2,0.00,0,-0.4,-0.8
98.50,align,349.99,0.01,0.276,1,1894.3,367.1,-1.8,-1.5,0.00,0.20,358,358,-1,-0.4,0.6,0.2,0.3,0.00,-0.00,0.00,0.00,0.00,0.00,-0.20,-0.01,100,-1,0,2,0.1,0.03,0.276,0.280,-0.02,0,26,0,271.8,173.3,0.2,358.2,0.00,0,-0.6,-0.7
98.60,align,350.00,0.00,0.273,1,1894.3,367.1,-1.8,-1.6,0.00,0.20,358,358,-1,-0.4,0.6,0.1,0.4,0.00,-0.01,0.00,0.00,0.00,0.00,-0.20,-0.01,100,-1,0,2,0.1,0.03,0.273,0.277,0.04,0,26,0,271.8,173.3,0.2,358.2,0.00,0,-0.6,-0.7
98.70,align,350.01,-0.01,0.269,1,1894.3,367.1,-1.8,-1.6,0.00,0.20,358,358,-1,-0.4,0.6,0.0,0.4,0.00,-0.01,0.00,0.00,0.00,0.00,-0.20,-0.01,100,-1,0,2,0.1,0.03,0.269,0.274,0.11,0,26,0,271.8,173.3,0.2,358.2,0.00,0,-0.7,-0.4
98.80,align,350.03,-0.03,0.265,1,1894.3,367.1,-1.8,-1.6,0.00,0.20,358,358,-1,-0.4,0.6,-0.1,0.5,0.00,-0.01,0.00,0.00,0.00,0.00,-0.20,-0.01,99,-1,0,2,0.1,0.03,0.265,0.271,0.17,0,26,0,271.8,182.4,359.9,358.2,0.00,0,-0.8,-0.3
98.90,align,350.06,-0.06,0.262,1,1894.3,367.1,-1.8,-1.6,0.00,0.20,358,358,-1,-0.5,0.6,-0.1,0.5,-0.00,-0.01,0.00,0.00,0.00,0.00,-0.20,-0.01,99,-1,0,2,0.3,0.03,0.262,0.266,0.21,0,26,0,271.8,182.4,359.9,358.2,0.00,0,-0.4,0.3
99.00,align,350.06,-0.06,0.263,1,1894.3,367.1,-1.8,-1.6,0.00,0.20,358,358,-1,-0.5,0.6,-0.1,0.5,-0.01,0.00,0.00,0.00,0.00,0.00,-0.20,-0.01,99,-1,0,2,0.3,0.03,0.263,0.267,0.17,0,26,0,271.8,182.4,359.9,358.2,0.00,0,-0.4,0.3
99.10,align,350.06,-0.06,0.270,1,1894.3,367.2,-1.8,-1.7,0.00,0.18,358,358,-1,-0.5,0.6,-0.1,0.5,-0.01,0.01,0.00,0.00,0.00,0.00,-0.20,-0.01,99,-1,0,2,0.0,0.03,0.270,0.276,0.04,0,26,0,271.8,182.4,359.9,358.2,0.00,0,0.0,0.0
99.20,align,350.04,-0.04,0.281,1,1894.3,367.2,-1.8,-1.7,0.00,0.18,358,358,-1,-0.4,0.6,-0.1,0.5,-0.00,0.00,0.00,0.00,0.00,0.00,-0.18,-0.01,99,-1,0,2,0.0,0.04,0.281,0.282,-0.16,0,26,0,271.8,183.0,359.9,358.2,0.00,0,0.0,0.0
99.30,align,350.02,-0.02,0.286,1,1894.3,367.2,-1.8,-1.7,0.00,0.18,358,358,-1,-0.5,0.6,-0.2,0.6,0.01,-0.01,0.00,0.00,0.00,0.00,-0.18,-0.01,99,-1,0,2,0.1,0.03,0.287,0.293,-0.25,0,26,0,271.8,183.0,359.9,358.2,0.00,0,-0.6,-0.6
99.40,align,349.98,0.02,0.287,1,1894.3,367.2,-1.8,-1.7,0.00,0.18,358,358,-1,-0.5,0.6,-0.3,0.6,0.01,-0.02,0.00,0.00,0.00,0.00,-0.18,-0.01,99,-1,0,2,0.1,0.03,0.287,0.297,-0.23,0,26,0,271.8,183.0,359.9,358.2,0.00,0,-1.2,-1.0
99.50,align,349.98,0.02,0.284,1,1894.3,367.2,-1.8,-1.7,0.09,0.15,358,358,-1,-0.5,0.4,-0.4,0.7,0.01,-0.02,0.00,0.00,0.00,0.00,-0.18,0.04,99,-1,0,2,0.1,0.03,0.284,0.296,-0.16,0,26,0,271.8,183.0,359.9,358.2,0.00,0,-1.3,-0.8
99.60,align,349.97,0.03,0.281,1,1894.3,367.3,-1.8,-1.7,0.09,0.15,358,358,-1,-0.4,0.3,-0.5,0.8,0.01,-0.02,0.00,0.00,0.00,0.00,-0.16,0.08,99,-1,0,2,0.1,0.03,0.281,0.296,-0.10,0,26,0,271.7,197.4,359.5,358.3,0.00,0,-1.5,-0.8
99.70,align,349.96,0.04,0.278,1,1894.3,367.3,-1.8,-1.8,0.09,0.15,358,358,-1,-0.4,0.3,-0.7,0.9,0.01,-0.03,0.00,0.00,0.00,0.00,-0.16,0.08,99,-1,0,2,0.1,0.03,0.278,0.294,-0.03,0,26,0,271.7,197.4,359.5,358.3,0.00,0,-1.5,-0.8
99.80,align,349.96,0.04,0.276,1,1894.3,367.3,-1.8,-1.8,0.09,0.11,358,358,-1,-0.4,0.3,-0.8,0.9,0.01,-0.02,0.00,0.00,0.00,0.00,-0.13,0.08,99,-1,0,2,0.3,0.03,0.276,0.288,0.01,0,26,0,271.7,197.4,359.5,358.3,0.00,0,-0.7,0.1
100.00,align,349.97,0.03,0.276,1,1894.3,367.3,-1.8,-1.8,0.09,0.09,358,358,-1,-0.3,0.3,-0.8,0.8,-0.01,-0.00,0.00,0.00,0.00,0.00,-0.09,0.09,99,-1,0,2,0.7,0.02,0.277,0.283,-0.00,0,26,0,271.6,207.7,359.2,358.4,0.00,0,0.0,0.9
100.20,align,349.98,0.02,0.272,1,1894.4,367.3,-1.9,-1.8,0.18,0.00,358,358,-1,-0.1,-0.0,-0.7,0.6,-0.01,0.00,0.00,0.00,0.00,0.00,-0.03,0.18,99,-1,0,2,1.4,0.01,0.272,0.279,0.08,0,26,0,271.6,207.7,359.2,358.4,0.00,0,0.7,1.2
100.40,align,350.02,-0.02,0.266,1,1894.4,367.3,-1.9,-1.8,0.18,-0.02,358,359,-1,0.0,-0.1,-0.6,0.4,-0.01,0.00,0.00,0.00,0.00,0.00,0.02,0.18,99,-1,0,2,1.4,0.00,0.266,0.270,0.15,0,26,0,271.1,207.8,359.4,358.9,0.00,0,0.6,0.8
100.60,align,350.01,-0.01,0.274,1,1894.4,367.3,-1.9,-1.8,0.18,-0.04,359,359,-1,0.1,-0.1,-0.5,0.6,0.03,-0.00,0.00,0.00,0.00,0.00,0.04,0.18,99,-1,0,1,1.5,-0.00,0.274,0.287,-0.01,0,26,0,271.1,207.8,359.4,358.9,0.00,0,0.5,-1.4
100.80,align,349.98,0.02,0.284,1,1894.5,367.3,-2.0,-1.8,0.18,-0.05,359,360,-1,0.1,-0.1,-0.4,0.8,0.01,-0.00,0.00,0.00,0.00,0.00,0.05,0.18,99,-1,0,1,1.3,-0.00,0.284,0.289,-0.16,0,26,0,270.5,221.8,359.6,359.5,0.00,0,0.2,-0.4
101.00,align,349.95,0.05,0.283,1,1894.5,367.3,-2.0,-1.8,0.26,-0.09,359,360,-1,0.2,-0.3,-0.4,0.7,0.00,-0.01,0.00,0.00,0.00,0.00,0.06,0.22,99,-1,0,1,1.6,-0.01,0.283,0.287,-0.12,0,26,0,270.5,221.8,359.6,359.5,0.00,0,-0.2,0.4
101.20,align,349.96,0.04,0.276,1,1894.5,367.3,-2.0,-1.8,0.26,-0.09,359,0,-1,0.3,-0.5,-0.5,0.6,0.00,-0.01,0.00,0.00,0.00,0.00,0.08,0.26,99,-1,0,1,1.5,-0.01,0.276,0.283,0.01,0,26,0,269.8,288.7,359.5,0.1,0.00,0,-0.3,0.4
101.40,align,349.99,0.01,0.268,1,1894.6,367.2,-2.1,-1.7,0.26,-0.11,359,0,-1,0.4,-0.5,-0.6,0.5,0.00,-0.02,0.00,0.00,0.00,0.00,0.11,0.26,99,-1,0,1,1.4,-0.02,0.268,0.277,0.14,0,26,0,269.8,288.7,359.5,0.1,0.00,0,-0.5,0.4
101.60,align,350.01,-0.01,0.271,1,1894.7,367.2,-2.2,-1.7,0.26,-0.13,360,1,-1,0.4,-0.6,-0.5,0.4,-0.00,0.00,0.00,0.00,0.00,0.00,0.12,0.26,99,-1,0,0,1.5,-0.03,0.271,0.273,0.07,0,26,0,269.3,328.1,359.5,0.7,0.00,0,1.8,0.6
101.80,align,350.00,-0.00,0.277,1,1894.7,367.2,-2.2,-1.7,0.26,-0.13,0,1,-1,0.5,-0.6,-0.0,0.3,-0.00,0.03,0.00,0.00,0.00,0.00,0.13,0.26,99,-1,0,-0,1.4,-0.03,0.277,0.288,-0.03,0,26,0,269.3,328.1,359.5,0.7,0.00,0,2.1,0.6
102.00,align,350.02,-0.02,0.271,1,1894.8,367.1,-2.3,-1.7,0.26,-0.11,0,1,-1,0.5,-0.6,0.3,0.2,0.00,0.02,0.00,0.00,0.00,0.00,0.13,0.26,99,-1,0,-0,1.3,-0.03,0.271,0.279,0.07,0,26,0,268.7,13.6,0.3,1.3,0.00,0,0.7,0.2
102.20,align,350.01,-0.01,0.277,1,1894.8,367.1,-2.3,-1.6,0.26,-0.10,1,1,-1,0.4,-0.7,0.2,0.2,0.00,-0.02,0.00,0.00,0.00,0.00,0.10,0.26,99,-1,0,-1,0.9,-0.03,0.277,0.288,-0.04,0,26,0,268.7,13.6,0.3,1.3,0.00,0,-1.0,0.2
102.40,align,350.00,-0.00,0.276,1,1894.9,367.1,-2.4,-1.6,0.26,-0.09,1,2,-1,0.4,-0.7,-0.2,0.1,-0.00,-0.04,0.00,0.00,0.00,0.00,0.09,0.26,99,-1,0,-1,0.2,-0.03,0.276,0.291,-0.03,0,26,0,268.4,354.0,359.8,1.6,0.00,0,-1.3,1.0
102.60,align,349.99,0.01,0.283,1,1894.9,367.1,-2.4,-1.6,0.26,-0.10,1,2,-1,0.4,-0.8,-0.2,-0.1,-0.01,-0.00,0.00,0.00,0.00,0.00,0.10,0.26,99,-1,0,-1,-0.1,-0.02,0.283,0.287,-0.14,0,26,0,268.4,354.0,359.8,1.6,0.00,0,0.1,0.4
102.80,align,349.97,0.03,0.282,1,1895.0,367.1,-2.5,-1.6,0.26,-0.13,1,1,-1,0.6,-0.8,0.0,-0.3,-0.01,0.01,0.00,0.00,0.00,0.00,0.14,0.26,99,-1,0,-1,-0.9,-0.01,0.282,0.288,-0.10,0,26,0,268.5,360.0,360.0,1.5,0.00,0,1.0,0.9
103.00,align,349.97,0.03,0.275,1,1895.0,367.1,-2.5,-1.6,0.26,-0.13,1,1,-1,0.6,-0.8,0.2,-0.5,-0.01,0.01,0.00,0.00,0.00,0.00,0.14,0.26,99,-1,0,-1,-1.0,-0.00,0.275,0.283,0.04,0,26,0,268.5,360.0,360.0,1.5,0.00,0,1.0,1.0
103.20,align,350.01,-0.01,0.267,1,1895.1,367.0,-2.6,-1.5,0.26,-0.13,1,1,-1,0.6,-0.9,0.4,-0.7,-0.01,0.01,0.00,0.00,0.00,0.00,0.14,0.26,99,-1,0,-1,-1.2,-0.00,0.267,0.275,0.17,0,26,0,269.0,20.1,0.4,1.0,0.00,0,0.8,1.1
103.40,align,350.04,-0.04,0.265,1,1895.1,367.0,-2.6,-1.5,0.18,-0.11,1,1,-1,0.5,-0.6,0.4,-0.7,0.00,-0.01,0.00,0.00,0.00,0.00,0.11,0.17,99,-1,0,-1,-1.2,-0.00,0.265,0.268,0.17,0,26,0,269.0,20.1,0.4,1.0,0.00,0,-0.1,-1.0
103.60,align,350.04,-0.04,0.273,1,1895.2,367.0,-2.7,-1.5,0.18,-0.09,1,1,-1,0.5,-0.7,0.4,-0.4,0.03,0.00,0.00,0.00,0.00,0.00,0.09,0.17,99,-1,0,-1,-1.3,0.00,0.273,0.285,0.01,0,26,0,269.5,40.1,0.4,0.5,0.00,0,0.2,-1.7
103.80,align,350.02,-0.02,0.282,1,1895.2,367.0,-2.7,-1.5,0.18,-0.08,1,1,-1,0.4,-0.7,0.6,-0.4,-0.00,0.01,0.00,0.00,0.00,0.00,0.08,0.17,99,-1,0,-1,-1.2,0.01,0.282,0.285,-0.15,0,26,0,269.5,40.1,0.4,0.5,0.00,0,0.7,-0.0
104.00,align,349.99,0.01,0.281,1,1895.2,366.9,-2.7,-1.5,0.09,-0.04,1,0,-1,0.4,-0.7,0.6,-0.5,-0.01,0.00,0.00,0.00,0.00,0.00,0.06,0.18,99,-1,0,-1,-1.2,0.01,0.281,0.287,-0.11,0,26,0,270.0,86.1,0.6,0.0,0.00,0,0.2,0.8
104.20,align,350.00,0.00,0.274,1,1895.3,366.9,-2.7,-1.4,0.09,-0.02,1,0,-1,0.3,-0.5,0.7,-0.7,-0.02,0.00,0.00,0.00,0.00,0.00,0.02,0.09,99,-1,0,-1,-1.1,0.01,0.274,0.281,0.03,0,26,0,270.0,86.1,0.6,0.0,0.00,0,-0.1,0.9
104.40,align,350.03,-0.03,0.266,1,1895.3,366.9,-2.8,-1.4,0.09,0.02,0,360,-1,0.2,-0.5,0.6,-0.9,-0.02,-0.00,0.00,0.00,0.00,0.00,0.00,0.09,99,-1,0,-0,-1.2,0.01,0.266,0.275,0.16,0,26,0,270.4,122.3,0.6,359.6,0.00,0,-0.4,0.6
104.60,align,350.05,-0.05,0.269,1,1895.3,366.9,-2.8,-1.4,0.09,0.02,0,360,-1,0.1,-0.5,0.5,-0.8,0.01,-0.01,0.00,0.00,0.00,0.00,-0.02,0.09,99,-1,0,-0,-1.1,0.02,0.269,0.275,0.09,0,26,0,270.4,122.3,0.6,359.6,0.00,0,-0.5,-0.6
104.80,align,350.03,-0.03,0.280,1,1895.3,367.0,-2.8,-1.5,0.00,0.04,360,359,-1,0.0,-0.3,0.5,-0.5,0.02,0.00,0.00,0.00,0.00,0.00,-0.04,-0.00,99,-1,0,0,-1.1,0.02,0.280,0.289,-0.12,0,26,0,270.9,148.0,0.5,359.1,0.00,0,0.5,-1.0
105.00,align,350.00,-0.00,0.280,1,1895.3,367.0,-2.8,-1.5,0.00,0.07,360,359,-1,-0.0,-0.3,0.7,-0.4,0.01,0.01,0.00,0.00,0.00,0.00,-0.07,-0.00,99,-1,0,0,-1.0,0.02,0.280,0.288,-0.10,0,26,0,270.9,148.0,0.5,359.1,0.00,0,0.5,-0.5
105.20,align,350.01,-0.01,0.273,1,1895.3,367.0,-2.8,-1.5,0.00,0.09,359,359,-1,-0.1,-0.3,0.7,-0.3,0.01,0.01,0.00,0.00,0.00,0.00,-0.09,-0.00,99,-1,0,1,-1.0,0.03,0.273,0.280,0.03,0,26,0,271.3,149.8,0.7,358.7,0.00,0,0.4,-0.5
105.40,align,350.03,-0.03,0.267,1,1895.3,367.0,-2.8,-1.5,0.00,0.11,359,359,-1,-0.2,-0.3,0.7,-0.2,-0.00,0.00,0.00,0.00,0.00,0.00,-0.11,-0.00,99,-1,0,1,-0.9,0.03,0.267,0.268,0.13,0,26,0,271.3,149.8,0.7,358.7,0.00,0,-0.1,-0.2
105.60,align,350.05,-0.05,0.268,1,1895.3,367.0,-2.8,-1.5,0.00,0.13,359,358,-1,-0.3,-0.3,0.4,-0.4,-0.01,-0.03,0.00,0.00,0.00,0.00,-0.13,-0.00,99,-1,0,1,-1.0,0.04,0.268,0.284,0.09,0,26,0,271.7,165.1,0.5,358.3,0.00,0,-1.7,0.8
105.80,align,350.04,-0.04,0.276,1,1895.3,367.1,-2.8,-1.6,-0.09,0.14,359,358,-1,-0.4,-0.1,-0.0,-0.4,0.00,-0.03,0.00,0.00,0.00,0.00,-0.15,-0.05,99,-1,0,1,-0.9,0.04,0.276,0.287,-0.07,0,26,0,271.7,165.1,0.5,358.3,0.00,0,-1.1,-0.3
106.00,align,350.00,0.00,0.286,1,1895.3,367.1,-2.8,-1.6,-0.09,0.13,359,358,-1,-0.4,0.0,0.0,-0.3,-0.00,0.01,0.00,0.00,0.00,0.00,-0.13,-0.09,99,-1,0,1,-0.7,0.04,0.286,0.292,-0.23,0,26,0,272.0,179.5,0.0,358.0,0.00,0,0.6,-0.3
106.20,align,349.96,0.04,0.286,1,1895.2,367.1,-2.7,-1.6,-0.09,0.11,358,358,-1,-0.3,0.0,0.3,-0.3,-0.00,0.02,0.00,0.00,0.00,0.00,-0.11,-0.09,99,-1,0,2,0.4,0.03,0.286,0.297,-0.18,0,26,0,272.0,179.5,0.0,358.0,0.00,0,1.5,-0.1
106.40,align,349.95,0.05,0.280,1,1895.2,367.1,-2.7,-1.6,-0.09,0.11,358,358,-1,-0.3,0.0,0.5,-0.3,-0.00,0.02,0.00,0.00,0.00,0.00,-0.11,-0.09,99,-1,0,2,0.5,0.02,0.280,0.291,-0.05,0,26,0,271.9,163.8,0.5,358.1,0.00,0,1.2,-0.0
106.60,align,349.96,0.04,0.273,1,1895.2,367.2,-2.7,-1.7,-0.09,0.14,358,358,-1,-0.5,0.1,0.7,-0.3,-0.01,0.02,0.00,0.00,0.00,0.00,-0.14,-0.09,99,-1,0,2,1.2,0.01,0.273,0.282,0.08,0,26,0,271.9,163.8,0.5,358.1,0.00,0,0.6,0.1
106.80,align,349.98,0.02,0.270,1,1895.2,367.2,-2.7,-1.7,-0.09,0.20,358,359,-1,-0.6,0.1,0.6,-0.2,0.01,-0.00,0.00,0.00,0.00,0.00,-0.17,-0.09,99,-1,0,2,1.6,0.01,0.270,0.275,0.11,0,26,0,271.4,157.5,0.6,358.6,0.00,0,-1.5,-1.2
107.00,align,350.00,0.00,0.270,1,1895.2,367.2,-2.7,-1.7,-0.09,0.20,358,359,-1,-0.7,0.1,0.2,0.0,0.02,-0.02,0.00,0.00,0.00,0.00,-0.20,-0.09,99,-1,0,2,1.5,0.00,0.270,0.283,0.10,0,26,0,271.4,157.5,0.6,358.6,0.00,0,-1.8,-1.2
107.20,align,350.01,-0.01,0.270,1,1895.1,367.3,-2.7,-1.8,-0.09,0.20,359,359,-1,-0.7,0.1,0.0,0.1,-0.00,-0.01,0.00,0.00,0.00,0.00,-0.20,-0.09,99,-1,0,1,1.6,-0.00,0.270,0.274,0.08,0,26,0,270.8,179.2,0.0,359.2,0.00,0,-0.5,0.6
107.40,align,350.03,-0.03,0.270,1,1895.1,367.3,-2.6,-1.8,-0.09,0.20,359,359,-1,-0.7,0.1,-0.0,-0.1,-0.01,0.01,0.00,0.00,0.00,0.00,-0.20,-0.09,99,-1,0,1,1.5,-0.01,0.270,0.277,0.07,0,26,0,270.8,179.2,0.0,359.2,0.00,0,-0.1,0.7
107.60,align,350.03,-0.03,0.274,1,1895.1,367.4,-2.6,-1.8,-0.09,0.20,359,360,-1,-0.7,0.1,-0.1,0.1,0.01,-0.00,0.00,0.00,0.00,0.00,-0.20,-0.09,99,-1,0,1,1.6,-0.01,0.274,0.280,-0.02,0,26,0,270.1,207.7,359.9,359.9,0.00,0,-0.7,-1.3
107.80,align,350.03,-0.03,0.270,1,1895.1,367.4,-2.6,-1.9,-0.09,0.18,359,360,-1,-0.8,0.1,-0.2,0.3,0.02,-0.01,0.00,0.00,0.00,0.00,-0.20,-0.09,99,-1,0,1,1.5,-0.01,0.270,0.281,0.07,0,26,0,270.1,207.7,359.9,359.9,0.00,0,-0.7,-0.9
108.00,align,350.05,-0.05,0.269,1,1895.1,367.4,-2.6,-1.9,-0.09,0.18,360,0,-1,-0.7,0.1,-0.4,0.3,-0.00,-0.01,0.00,0.00,0.00,0.00,-0.18,-0.09,99,-1,0,0,1.6,-0.02,0.269,0.272,0.07,0,26,0,269.5,324.6,359.7,0.5,0.00,0,-0.7,1.2
108.20,align,350.05,-0.05,0.276,1,1895.1,367.5,-2.6,-2.0,-0.09,0.15,360,0,-1,-0.7,0.1,-0.5,0.0,-0.02,-0.01,0.00,0.00,0.00,0.00,-0.15,-0.09,99,-1,0,0,1.5,-0.03,0.276,0.287,-0.06,0,26,0,269.5,324.6,359.7,0.5,0.00,0,-0.1,1.1
108.40,align,350.03,-0.03,0.277,1,1895.0,367.5,-2.5,-2.0,-0.09,0.14,0,1,-1,-0.7,0.1,-0.4,-0.1,-0.01,0.01,0.00,0.00,0.00,0.00,-0.14,-0.09,99,-1,0,-0,1.4,-0.03,0.277,0.283,-0.07,0,26,0,268.9,338.2,359.6,1.1,0.00,0,0.3,0.5
108.60,align,350.03,-0.03,0.272,1,1895.0,367.5,-2.5,-2.0,-0.09,0.13,0,1,-1,-0.6,0.1,-0.3,-0.1,-0.00,0.01,0.00,0.00,0.00,0.00,-0.13,-0.09,99,-1,0,-0,1.1,-0.03,0.272,0.276,0.02,0,26,0,268.9,338.2,359.6,1.1,0.00,0,0.4,-0.1
108.80,align,350.06,-0.06,0.264,1,1895.0,367.5,-2.5,-2.0,-0.09,0.11,1,1,-1,-0.6,0.1,-0.3,-0.1,-0.00,0.00,0.00,0.00,0.00,0.00,-0.11,-0.09,99,-1,0,-1,1.0,-0.03,0.264,0.266,0.15,0,26,0,268.5,347.7,359.7,1.5,0.00,0,0.1,-0.1
109.00,align,350.07,-0.07,0.266,1,1895.0,367.6,-2.5,-2.1,-0.09,0.09,1,1,-1,-0.5,0.1,-0.4,0.1,0.01,-0.01,0.00,0.00,0.00,0.00,-0.09,-0.09,99,-1,0,-1,0.9,-0.03,0.266,0.274,0.09,0,26,0,268.5,347.7,359.7,1.5,0.00,0,-0.9,-0.7
109.20,align,350.03,-0.03,0.288,1,1895.0,367.6,-2.5,-2.1,-0.09,0.07,1,2,-1,-0.5,0.1,-0.6,0.2,0.01,-0.01,0.00,0.00,0.00,0.00,-0.08,-0.09,99,-1,0,-1,0.9,-0.04,0.288,0.293,-0.30,0,26,0,268.2,343.1,359.4,1.8,0.00,0,0.0,-0.6
109.40,align,349.97,0.03,0.288,1,1895.0,367.6,-2.5,-2.1,-0.09,0.04,1,2,-1,-0.4,0.1,-0.6,0.3,0.01,-0.00,0.00,0.00,0.00,0.00,-0.05,-0.09,99,-1,0,-1,0.8,-0.04,0.288,0.293,-0.25,0,26,0,268.2,343.1,359.4,1.8,0.00,0,-0.1,-0.5
109.60,align,349.94,0.06,0.283,1,1894.9,367.6,-2.4,-2.1,-0.09,0.02,1,2,-1,-0.4,0.1,-0.6,0.4,0.01,-0.01,0.00,0.00,0.00,0.00,-0.02,-0.09,99,-1,0,-1,0.8,-0.05,0.283,0.290,-0.12,0,26,0,267.8,343.7,359.4,2.2,0.00,0,-0.5,-0.4
109.80,align,349.94,0.06,0.276,1,1894.9,367.6,-2.4,-2.1,-0.04,0.00,2,2,-1,-0.3,-0.1,-0.8,0.4,0.01,-0.02,0.00,0.00,0.00,0.00,-0.00,-0.04,99,-1,0,-2,0.8,-0.05,0.276,0.286,0.01,0,26,0,267.8,343.7,359.4,2.2,0.00,0,-0.7,-0.4
110.00,align,349.96,0.04,0.270,1,1894.9,367.6,-2.4,-2.1,0.00,-0.05,2,2,-1,-0.2,-0.2,-0.9,0.5,0.00,-0.02,0.00,0.00,0.00,0.00,0.03,-0.00,99,-1,0,-2,0.7,-0.05,0.270,0.278,0.12,0,26,0,267.5,340.2,359.1,2.5,0.00,0,-0.0,0.7
110.20,align,349.98,0.02,0.272,1,1894.9,367.6,-2.4,-2.1,0.00,-0.09,2,2,-1,-0.0,-0.2,-0.8,0.3,-0.01,0.01,0.00,0.00,0.00,0.00,0.09,-0.00,99,-1,0,-2,0.2,-0.04,0.272,0.280,0.08,0,26,0,267.5,340.2,359.1,2.5,0.00,0,0.8,0.8
110.40,align,349.98,0.02,0.274,1,1894.9,367.6,-2.4,-2.1,0.00,-0.13,2,2,-1,0.1,-0.2,-0.3,0.2,0.00,0.03,0.00,0.00,0.00,0.00,0.13,-0.00,99,-1,0,-2,-0.4,-0.03,0.274,0.286,0.02,0,26,0,267.6,352.5,359.7,2.4,0.00,0,2.4,0.2
110.60,align,349.97,0.03,0.281,1,1894.9,367.5,-2.4,-2.0,0.00,-0.13,2,2,-1,0.1,-0.2,-0.3,0.2,0.00,-0.01,0.00,0.00,0.00,0.00,0.13,-0.01,99,-1,0,-2,-1.1,-0.02,0.281,0.287,-0.10,0,26,0,267.6,352.5,359.7,2.4,0.00,0,-0.9,-0.0
110.80,align,349.95,0.05,0.279,1,1894.9,367.5,-2.4,-2.0,0.00,-0.13,2,2,-1,0.2,-0.2,-0.5,0.2,0.00,-0.03,0.00,0.00,0.00,0.00,0.13,-0.01,99,-1,0,-2,-1.6,-0.02,0.279,0.292,-0.05,0,26,0,268.0,346.3,359.5,2.0,0.00,0,-1.5,0.0
111.00,align,349.96,0.04,0.274,1,1894.9,367.5,-2.4,-2.0,0.00,-0.15,2,2,-1,0.2,-0.2,-0.8,0.2,-0.00,-0.03,0.00,0.00,0.00,0.00,0.15,-0.01,99,-1,0,-2,-1.9,-0.01,0.274,0.288,0.05,0,26,0,268.0,346.3,359.5,2.0,0.00,0,-1.6,0.3
111.20,align,349.96,0.04,0.280,1,1894.9,367.4,-2.4,-1.9,0.00,-0.19,2,1,-1,0.3,-0.2,-0.7,0.1,-0.01,0.00,0.00,0.00,0.00,0.00,0.19,-0.01,99,-1,0,-2,-2.2,0.00,0.280,0.284,-0.07,0,26,0,268.8,329.6,359.3,1.2,0.00,0,0.6,0.7
111.40,align,349.94,0.06,0.283,1,1894.9,367.4,-2.4,-1.9,0.00,-0.23,2,1,-1,0.5,-0.2,-0.4,-0.0,-0.00,0.02,0.00,0.00,0.00,0.00,0.22,-0.01,99,-1,0,-2,-2.7,0.02,0.283,0.290,-0.10,0,26,0,268.8,329.6,359.3,1.2,0.00,0,1.8,0.2
111.60,align,349.94,0.06,0.276,1,1894.9,367.3,-2.4,-1.8,0.00,-0.24,1,0,-1,0.6,-0.2,-0.0,-0.1,-0.00,0.02,0.00,0.00,0.00,0.00,0.24,-0.01,99,-1,0,-1,-2.7,0.02,0.276,0.284,0.04,0,26,0,269.8,351.2,360.0,0.2,0.00,0,1.7,0.3
111.80,align,349.97,0.03,0.268,1,1894.9,367.3,-2.4,-1.8,0.00,-0.22,1,0,-1,0.6,-0.2,0.3,-0.1,-0.00,0.02,0.00,0.00,0.00,0.00,0.24,-0.00,99,-1,0,-1,-2.6,0.03,0.268,0.276,0.17,0,26,0,269.8,351.2,360.0,0.2,0.00,0,1.1,0.1
112.00,align,350.01,-0.01,0.266,1,1894.9,367.2,-2.4,-1.8,0.00,-0.22,1,359,-1,0.5,-0.2,0.3,-0.1,0.00,-0.01,0.00,0.00,0.00,0.00,0.22,-0.00,99,-1,0,-1,-2.6,0.04,0.266,0.270,0.17,0,26,0,270.9,159.2,0.3,359.1,0.00,0,-1.1,-0.1
112.20,align,350.01,-0.01,0.274,1,1894.9,367.2,-2.4,-1.7,0.00,-0.20,0,359,-1,0.5,-0.2,0.1,-0.1,0.00,-0.03,0.00,0.00,0.00,0.00,0.20,-0.00,99,-1,0,-0,-2.6,0.05,0.274,0.285,0.01,0,26,0,270.9,159.2,0.3,359.1,0.00,0,-1.5,-0.1
112.40,align,349.99,0.01,0.283,1,1894.9,367.2,-2.4,-1.7,0.00,-0.22,360,358,-1,0.5,-0.2,0.2,-0.1,0.00,0.01,0.00,0.00,0.00,0.00,0.21,0.00,99,-1,0,0,-2.0,0.05,0.283,0.288,-0.15,0,26,0,271.9,175.4,0.2,358.1,0.00,0,1.6,0.0
112.60,align,349.96,0.04,0.282,1,1894.9,367.1,-2.4,-1.6,0.00,-0.21,359,358,-1,0.6,-0.2,0.5,-0.1,0.00,0.02,0.00,0.00,0.00,0.00,0.22,0.00,99,-1,0,1,-1.6,0.05,0.282,0.291,-0.10,0,26,0,271.9,175.4,0.2,358.1,0.00,0,1.6,0.1
112.80,align,349.97,0.03,0.275,1,1894.9,367.1,-2.4,-1.6,0.00,-0.19,359,357,-1,0.5,-0.2,0.7,-0.1,-0.00,0.02,0.00,0.00,0.00,0.00,0.19,0.00,99,-1,0,1,-1.3,0.05,0.275,0.283,0.03,0,26,0,272.5,163.6,0.7,357.5,0.00,0,1.2,0.1
113.00,align,350.00,-0.00,0.268,1,1894.9,367.0,-2.4,-1.6,0.00,-0.10,359,357,-1,0.3,-0.2,0.8,-0.2,-0.00,0.01,0.00,0.00,0.00,0.00,0.13,0.00,99,-1,0,1,0.1,0.03,0.268,0.271,0.16,0,26,0,272.5,163.6,0.7,357.5,0.00,0,-0.8,0.0
113.20,align,350.03,-0.03,0.266,1,1894.9,367.0,-2.4,-1.5,0.00,-0.04,358,357,-1,0.1,-0.2,0.6,-0.1,0.01,-0.03,0.00,0.00,0.00,0.00,0.07,0.00,99,-1,0,2,0.5,0.03,0.266,0.279,0.16,0,26,0,272.6,167.6,0.6,357.4,0.00,0,-2.3,-0.0
113.40,align,350.02,-0.02,0.278,1,1894.9,367.0,-2.4,-1.5,0.00,-0.04,358,357,-1,0.0,-0.2,0.2,-0.2,-0.00,-0.02,0.00,0.00,0.00,0.00,0.04,0.00,99,-1,0,2,0.9,0.03,0.278,0.289,-0.08,0,26,0,272.6,167.6,0.6,357.4,0.00,0,-0.6,0.4
113.60,align,349.99,0.01,0.285,1,1894.9,367.0,-2.4,-1.5,0.00,-0.04,358,358,-1,0.0,-0.2,0.2,-0.2,-0.01,0.00,0.00,0.00,0.00,0.00,0.04,0.00,99,-1,0,2,1.4,0.01,0.285,0.289,-0.18,0,26,0,272.2,174.7,0.2,357.8,0.00,0,0.3,0.5
113.80,align,349.98,0.02,0.278,1,1894.9,367.0,-2.4,-1.5,0.00,-0.04,358,358,-1,0.0,-0.2,0.2,-0.3,-0.01,0.00,0.00,0.00,0.00,0.00,0.04,0.00,99,-1,0,2,1.8,0.01,0.278,0.283,-0.04,0,26,0,272.2,174.7,0.2,357.8,0.00,0,0.2,0.6
114.00,align,349.99,0.01,0.271,1,1894.9,367.0,-2.4,-1.5,0.00,-0.04,358,358,-1,0.1,-0.2,0.3,-0.4,-0.01,0.00,0.00,0.00,0.00,0.00,0.04,0.00,99,-1,0,2,1.9,0.00,0.271,0.276,0.09,0,26,0,271.6,170.0,0.3,358.4,0.00,0,0.1,0.6
114.20,align,350.03,-0.03,0.264,1,1894.9,367.0,-2.4,-1.5,-0.09,-0.02,358,358,-1,0.1,-0.2,0.2,-0.5,-0.01,-0.01,0.00,0.00,0.00,0.00,0.04,0.00,99,-1,0,2,1.7,0.01,0.264,0.271,0.19,0,26,0,271.6,170.0,0.3,358.4,0.00,0,-0.8,-0.3
114.40,align,350.04,-0.04,0.271,1,1894.9,367.0,-2.4,-1.5,-0.09,-0.02,358,359,-1,0.0,0.0,0.1,-0.3,0.02,-0.01,0.00,0.00,0.00,0.00,0.02,-0.09,99,-1,0,2,1.7,0.00,0.271,0.282,0.05,0,26,0,270.9,176.0,0.1,359.1,0.00,0,-0.7,-1.2
114.60,align,350.02,-0.02,0.281,1,1894.9,367.0,-2.4,-1.5,-0.09,-0.02,358,359,-1,0.0,0.0,0.2,-0.1,0.02,0.01,0.00,0.00,0.00,0.00,0.02,-0.09,99,-1,0,2,1.6,-0.00,0.281,0.292,-0.13,0,26,0,270.9,176.0,0.1,359.1,0.00,0,0.7,-1.2
114.80,align,350.00,-0.00,0.277,1,1894.9,367.0,-2.4,-1.5,-0.09,-0.02,359,360,-1,0.0,0.0,0.3,0.1,0.01,0.01,0.00,0.00,0.00,0.00,0.02,-0.09,99,-1,0,1,1.7,-0.01,0.277,0.287,-0.04,0,26,0,270.2,125.8,0.3,359.8,0.00,0,0.8,-0.8
115.00,align,350.01,-0.01,0.270,1,1894.9,367.0,-2.4,-1.5,-0.09,0.00,359,360,-1,-0.0,0.0,0.4,0.3,0.01,0.01,0.00,0.00,0.00,0.00,0.00,-0.09,99,-1,0,1,1.7,-0.01,0.270,0.279,0.09,0,26,0,270.2,125.8,0.3,359.8,0.00,0,0.5,-0.8
115.20,align,350.04,-0.04,0.267,1,1894.8,367.0,-2.3,-1.5,-0.09,0.02,359,0,-1,-0.1,0.0,0.3,0.3,-0.00,-0.01,0.00,0.00,0.00,0.00,-0.02,-0.09,99,-1,0,1,1.5,-0.02,0.267,0.272,0.12,0,26,0,269.6,39.4,0.3,0.4,0.00,0,-0.5,0.1
115.40,align,350.05,-0.05,0.272,1,1894.8,367.0,-2.3,-1.5,0.00,0.02,360,0,-1,-0.1,-0.2,0.2,-0.0,-0.02,-0.01,0.00,0.00,0.00,0.00,-0.02,-0.00,99,-1,0,0,1.5,-0.03,0.272,0.284,0.01,0,26,0,269.6,39.4,0.3,0.4,0.00,0,0.0,1.5
115.60,align,350.04,-0.04,0.277,1,1894.8,367.0,-2.3,-1.5,-0.09,0.04,360,1,-1,-0.1,-0.2,0.2,-0.2,-0.01,0.01,0.00,0.00,0.00,0.00,-0.02,-0.00,99,-1,0,0,1.6,-0.03,0.277,0.282,-0.08,0,26,0,268.9,11.5,0.2,1.0,0.00,0,-0.1,-0.2
115.80,align,350.01,-0.01,0.280,1,1894.8,367.0,-2.3,-1.5,-0.09,0.04,0,1,-1,-0.2,0.0,0.1,-0.2,0.00,-0.01,0.00,0.00,0.00,0.00,-0.04,-0.09,99,-1,0,-0,1.6,-0.04,0.280,0.284,-0.11,0,26,0,268.9,11.5,0.2,1.0,0.00,0,-0.6,-0.5
116.00,align,350.01,-0.01,0.273,1,1894.8,367.0,-2.3,-1.5,-0.09,0.04,1,2,-1,-0.2,0.0,-0.0,-0.1,0.00,-0.01,0.00,0.00,0.00,0.00,-0.04,-0.09,99,-1,0,-1,1.4,-0.04,0.273,0.280,0.03,0,26,0,268.3,358.9,360.0,1.7,0.00,0,-0.9,-0.3
116.20,align,350.04,-0.04,0.267,1,1894.8,367.0,-2.3,-1.5,-0.09,0.04,1,2,-1,-0.2,0.0,-0.2,-0.0,-0.00,-0.01,0.00,0.00,0.00,0.00,-0.05,-0.09,99,-1,0,-1,1.6,-0.05,0.267,0.273,0.13,0,26,0,268.3,358.9,360.0,1.7,0.00,0,-1.0,-0.1
116.40,align,350.05,-0.05,0.272,1,1894.8,367.0,-2.3,-1.5,-0.09,0.02,1,2,-1,-0.1,0.0,-0.1,-0.1,-0.01,0.01,0.00,0.00,0.00,0.00,-0.02,-0.09,99,-1,0,-1,1.5,-0.05,0.272,0.280,0.01,0,26,0,267.8,357.2,359.9,2.2,0.00,0,0.8,0.3
116.60,align,350.02,-0.02,0.279,1,1894.7,367.0,-2.2,-1.5,-0.09,0.02,1,2,-1,-0.1,0.0,0.1,0.0,0.02,0.01,0.00,0.00,0.00,0.00,-0.02,-0.09,99,-1,0,-1,1.3,-0.06,0.279,0.291,-0.12,0,26,0,267.8,357.2,359.9,2.2,0.00,0,0.4,-1.2
116.80,align,350.01,-0.01,0.275,1,1894.7,367.0,-2.2,-1.5,-0.09,0.04,2,3,-1,-0.2,0.0,0.1,0.3,0.02,0.00,0.00,0.00,0.00,0.00,-0.05,-0.09,99,-1,0,-2,0.9,-0.05,0.275,0.284,-0.03,0,26,0,267.3,3.3,0.2,2.7,0.00,0,0.1,-0.9
117.00,align,350.02,-0.02,0.268,1,1894.7,367.1,-2.2,-1.5,0.00,0.07,2,3,-1,-0.2,-0.2,0.0,0.4,0.01,-0.01,0.00,0.00,0.00,0.00,-0.07,0.00,99,-1,0,-2,-0.6,-0.04,0.268,0.277,0.10,0,26,0,267.3,3.3,0.2,2.7,0.00,0,-0.8,0.1
117.20,align,350.05,-0.05,0.265,1,1894.7,367.1,-2.2,-1.6,0.00,0.07,2,3,-1,-0.3,-0.2,-0.1,0.2,-0.01,-0.00,0.00,0.00,0.00,0.00,-0.07,0.00,99,-1,0,-2,-1.0,-0.03,0.265,0.271,0.13,0,26,0,267.4,358.9,359.9,2.6,0.00,0,0.3,1.4
117.40,align,350.06,-0.06,0.271,1,1894.7,367.1,-2.2,-1.6,0.00,0.09,2,3,-1,-0.3,-0.3,0.1,0.0,-0.01,0.01,0.00,0.00,0.00,0.00,-0.08,0.00,99,-1,0,-2,-1.2,-0.02,0.271,0.280,0.02,0,26,0,267.4,358.9,359.9,2.6,0.00,0,0.7,0.0
117.60,align,350.04,-0.04,0.278,1,1894.7,367.1,-2.2,-1.6,0.00,0.09,2,2,-1,-0.3,-0.3,0.1,0.1,0.02,0.01,0.00,0.00,0.00,0.00,-0.09,0.00,99,-1,0,-2,-1.2,-0.02,0.278,0.287,-0.11,0,26,0,267.9,3.9,0.1,2.1,0.00,0,-0.2,-1.0
117.80,align,350.03,-0.03,0.274,1,1894.7,367.1,-2.2,-1.6,0.09,0.09,2,2,-1,-0.4,-0.3,0.1,0.3,0.02,-0.00,0.00,0.00,0.00,0.00,-0.09,0.00,99,-1,0,-2,-1.5,-0.02,0.274,0.283,-0.03,0,26,0,267.9,3.9,0.1,2.1,0.00,0,-0.6,-1.1
118.00,align,350.04,-0.04,0.270,1,1894.7,367.1,-2.2,-1.6,0.09,0.09,2,2,-1,-0.4,-0.5,-0.0,0.5,0.01,-0.01,0.00,0.00,0.00,0.00,-0.08,0.09,99,-1,0,-2,-1.5,-0.01,0.270,0.278,0.05,0,26,0,268.4,359.1,360.0,1.6,0.00,0,-0.7,-0.6
118.20,align,350.03,-0.03,0.277,1,1894.8,367.2,-2.3,-1.6,0.09,0.09,2,2,-1,-0.4,-0.6,-0.2,0.2,-0.02,-0.01,0.00,0.00,0.00,0.00,-0.08,0.09,99,-1,0,-2,-1.2,-0.01,0.277,0.287,-0.08,0,26,0,268.4,359.1,360.0,1.6,0.00,0,-0.4,2.1
118.40,align,350.03,-0.03,0.274,1,1894.8,367.2,-2.3,-1.7,0.09,0.07,2,1,-1,-0.3,-0.6,-0.2,-0.2,-0.02,-0.00,0.00,0.00,0.00,0.00,-0.06,0.09,99,-1,0,-2,-1.3,-0.01,0.274,0.284,-0.02,0,26,0,268.9,347.9,359.8,1.1,0.00,0,0.1,1.5
118.60,align,350.02,-0.02,0.276,1,1894.8,367.2,-2.3,-1.7,0.09,0.07,2,1,-1,-0.4,-0.6,-0.2,-0.3,-0.00,0.00,0.00,0.00,0.00,0.00,-0.06,0.09,99,-1,0,-2,-1.3,-0.00,0.276,0.278,-0.06,0,26,0,268.9,347.9,359.8,1.1,0.00,0,-0.0,-0.4
118.80,align,350.00,0.00,0.278,1,1894.8,367.2,-2.3,-1.7,0.09,0.05,1,1,-1,-0.3,-0.6,-0.3,-0.2,0.01,-0.01,0.00,0.00,0.00,0.00,-0.05,0.09,99,-1,0,-1,-1.2,-0.00,0.278,0.288,-0.09,0,26,0,269.3,337.4,359.7,0.7,0.00,0,-0.5,-0.7
119.00,align,350.00,-0.00,0.272,1,1894.8,367.2,-2.3,-1.7,0.04,0.04,1,1,-1,-0.3,-0.5,-0.4,-0.1,0.01,-0.01,0.00,0.00,0.00,0.00,-0.04,0.04,99,-1,0,-1,-1.1,-0.00,0.272,0.283,0.04,0,26,0,269.3,337.4,359.7,0.7,0.00,0,-0.7,-0.6
119.20,align,350.02,-0.02,0.269,1,1894.8,367.2,-2.3,-1.7,0.00,0.02,1,0,-1,-0.3,-0.3,-0.5,-0.1,-0.00,-0.01,0.00,0.00,0.00,0.00,-0.02,0.00,99,-1,0,-1,-0.9,-0.00,0.269,0.273,0.07,0,26,0,269.8,290.8,359.5,0.2,0.00,0,0.1,0.7
119.40,align,350.03,-0.03,0.269,1,1894.8,367.2,-2.3,-1.7,0.00,0.00,1,0,-1,-0.2,-0.3,-0.4,-0.3,-0.01,0.01,0.00,0.00,0.00,0.00,0.00,0.00,99,-1,0,-1,-1.1,0.00,0.269,0.278,0.06,0,26,0,269.8,290.8,359.5,0.2,0.00,0,0.8,0.3
119.60,align,350.03,-0.03,0.274,1,1894.8,367.2,-2.3,-1.7,0.00,-0.02,1,360,-1,-0.2,-0.3,-0.3,-0.2,0.01,0.00,0.00,0.00,0.00,0.00,0.00,0.00,99,-1,0,-1,-1.3,0.01,0.274,0.280,-0.03,0,26,0,270.3,230.6,359.7,359.7,0.00,0,-0.1,-1.1
119.80,align,350.04,-0.04,0.269,1,1894.8,367.2,-2.3,-1.7,0.00,-0.02,0,360,-1,-0.2,-0.3,-0.3,-0.1,0.02,-0.01,0.00,0.00,0.00,0.00,0.02,-0.00,99,-1,0,-0,-1.0,0.01,0.269,0.278,0.06,0,26,0,270.3,230.6,359.7,359.7,0.00,0,-0.2,-0.8
120.00,align,350.05,-0.05,0.268,1,1894.8,367.2,-2.3,-1.7,0.00,-0.04,0,359,-1,-0.1,-0.3,-0.3,-0.1,-0.00,-0.00,0.00,0.00,0.00,0.00,0.03,-0.00,99,-1,0,-0,-1.0,0.02,0.268,0.271,0.06,0,26,0,270.7,205.7,359.7,359.3,0.00,0,-0.0,1.4
120.20,align,350.04,-0.04,0.275,1,1894.8,367.2,-2.3,-1.7,0.00,-0.04,360,359,-1,-0.1,-0.3,-0.3,-0.4,-0.03,-0.00,0.00,0.00,0.00,0.00,0.04,0.00,99,-1,0,0,-1.0,0.02,0.275,0.286,-0.07,0,26,0,270.7,205.7,359.7,359.3,0.00,0,0.1,1.9
120.40,align,350.01,-0.01,0.282,1,1894.8,367.2,-2.3,-1.7,0.00,-0.07,360,359,-1,-0.1,-0.3,-0.3,-0.5,0.00,-0.00,0.00,0.00,0.00,0.00,0.05,0.00,99,-1,0,0,-0.8,0.03,0.282,0.284,-0.18,0,26,0,271.1,194.0,359.7,358.9,0.00,0,0.0,-0.8
120.60,align,349.98,0.02,0.281,1,1894.8,367.2,-2.3,-1.7,0.00,-0.07,359,359,-1,-0.0,-0.3,-0.3,-0.3,0.02,-0.01,0.00,0.00,0.00,0.00,0.07,0.00,99,-1,0,1,-0.7,0.03,0.281,0.290,-0.14,0,26,0,271.1,194.0,359.7,358.9,0.00,0,-0.1,-1.0
120.80,align,349.97,0.03,0.275,1,1894.8,367.1,-2.3,-1.6,-0.09,-0.09,359,359,-1,-0.0,-0.1,-0.4,-0.1,0.01,-0.01,0.00,0.00,0.00,0.00,0.07,-0.09,99,-1,0,1,-0.6,0.02,0.275,0.285,-0.00,0,26,0,271.3,195.2,359.6,358.7,0.00,0,-0.6,-1.0
121.00,align,349.99,0.01,0.269,1,1894.8,367.1,-2.3,-1.6,-0.09,-0.09,359,359,-1,0.0,-0.1,-0.5,0.0,0.01,-0.01,0.00,0.00,0.00,0.00,0.09,-0.09,99,-1,0,1,-0.5,0.03,0.269,0.278,0.10,0,26,0,271.3,195.2,359.6,358.7,0.00,0,-0.5,-0.7
121.20,align,350.01,-0.01,0.269,1,1894.8,367.1,-2.3,-1.6,-0.09,-0.11,359,358,-1,0.1,-0.1,-0.4,-0.0,-0.01,0.00,0.00,0.00,0.00,0.00,0.11,-0.09,99,-1,0,1,-0.5,0.03,0.269,0.273,0.08,0,26,0,271.5,194.6,359.6,358.5,0.00,0,0.5,0.6
121.40,align,350.03,-0.03,0.266,1,1894.8,367.1,-2.3,-1.6,-0.09,-0.11,359,358,-1,0.1,-0.0,-0.3,-0.1,-0.00,0.00,0.00,0.00,0.00,0.00,0.11,-0.09,99,-1,0,1,-0.4,0.03,0.266,0.268,0.12,0,26,0,271.5,194.6,359.6,358.5,0.00,0,0.5,0.5
121.60,align,350.02,-0.02,0.275,1,1894.7,367.1,-2.2,-1.6,-0.09,-0.13,359,358,-1,0.2,-0.0,-0.2,0.1,0.03,-0.00,0.00,0.00,0.00,0.00,0.13,-0.08,99,-1,0,1,-0.4,0.03,0.275,0.289,-0.04,0,26,0,271.7,188.2,359.8,358.3,0.00,0,0.2,-1.6
121.80,align,349.98,0.02,0.284,1,1894.7,367.0,-2.2,-1.5,-0.09,-0.13,359,358,-1,0.2,-0.0,-0.2,0.3,0.01,-0.01,0.00,0.00,0.00,0.00,0.13,-0.08,99,-1,0,1,-0.6,0.04,0.284,0.291,-0.20,0,26,0,271.7,188.2,359.8,358.3,0.00,0,-0.0,-1.1
122.00,align,349.94,0.06,0.288,1,1894.7,367.0,-2.2,-1.5,0.00,-0.13,358,358,-1,0.2,-0.3,-0.2,0.1,-0.01,-0.00,0.00,0.00,0.00,0.00,0.13,0.00,99,-1,0,2,0.1,0.03,0.288,0.294,-0.23,0,26,0,271.8,186.6,359.8,358.2,0.00,0,0.2,1.0
122.20,align,349.92,0.08,0.282,1,1894.7,367.0,-2.2,-1.5,0.00,-0.15,358,358,-1,0.3,-0.3,-0.2,-0.2,-0.02,-0.01,0.00,0.00,0.00,0.00,0.15,0.00,99,-1,0,2,0.5,0.02,0.282,0.293,-0.09,0,26,0,271.8,186.6,359.8,358.2,0.00,0,-0.0,1.6
122.40,align,349.93,0.07,0.275,1,1894.7,366.9,-2.2,-1.5,0.00,-0.15,358,358,-1,0.3,-0.3,-0.2,-0.5,-0.03,-0.01,0.00,0.00,0.00,0.00,0.15,0.00,99,-1,0,2,0.6,0.02,0.275,0.291,0.04,0,26,0,271.6,188.6,359.8,358.5,0.00,0,-0.2,1.5
122.60,align,349.95,0.05,0.273,1,1894.7,366.9,-2.2,-1.4,0.00,-0.15,358,358,-1,0.3,-0.3,-0.2,-0.7,-0.02,-0.00,0.00,0.00,0.00,0.00,0.15,0.00,99,-1,0,2,0.7,0.02,0.273,0.280,0.07,0,26,0,271.6,188.6,359.8,358.5,0.00,0,0.2,1.0
122.80,align,349.96,0.04,0.273,1,1894.7,366.9,-2.2,-1.4,-0.09,-0.15,358,359,-1,0.3,-0.0,-0.0,-0.7,0.00,0.01,0.00,0.00,0.00,0.00,0.16,-0.08,99,-1,0,2,1.1,0.01,0.273,0.279,0.06,0,26,0,271.2,180.8,360.0,358.8,0.00,0,1.2,-0.3
123.00,align,349.98,0.02,0.268,1,1894.7,366.9,-2.2,-1.4,-0.09,-0.15,359,359,-1,0.4,-0.0,0.2,-0.6,0.01,0.01,0.00,0.00,0.00,0.00,0.16,-0.08,99,-1,0,1,1.0,0.01,0.268,0.276,0.14,0,26,0,271.2,180.8,360.0,358.8,0.00,0,1.0,-0.6
123.20,align,350.01,-0.01,0.267,1,1894.7,366.8,-2.2,-1.3,-0.09,-0.13,359,359,-1,0.4,-0.0,0.2,-0.5,-0.00,-0.01,0.00,0.00,0.00,0.00,0.16,-0.08,99,-1,0,1,1.1,0.00,0.267,0.272,0.14,0,26,0,270.8,164.3,0.2,359.2,0.00,0,-1.4,-0.1
123.40,align,350.01,-0.01,0.275,1,1894.6,366.8,-2.2,-1.3,-0.18,-0.13,359,359,-1,0.3,0.1,-0.1,-0.5,-0.01,-0.03,0.00,0.00,0.00,0.00,0.13,-0.13,99,-1,0,1,0.9,0.00,0.275,0.289,-0.02,0,26,0,270.8,164.3,0.2,359.2,0.00,0,-0.7,0.0
123.60,align,349.98,0.02,0.284,1,1894.6,366.8,-2.1,-1.3,-0.18,-0.13,359,360,-1,0.4,0.3,-0.1,-0.5,-0.01,0.00,0.00,0.00,0.00,0.00,0.13,-0.17,99,-1,0,1,1.4,-0.01,0.284,0.287,-0.18,0,26,0,270.4,197.5,359.9,359.6,0.00,0,0.3,0.0
123.80,align,349.95,0.05,0.283,1,1894.6,366.7,-2.1,-1.2,-0.18,-0.13,359,360,-1,0.4,0.3,0.0,-0.5,-0.01,0.00,0.00,0.00,0.00,0.00,0.13,-0.17,99,-1,0,1,1.0,-0.00,0.283,0.288,-0.13,0,26,0,270.4,197.5,359.9,359.6,0.00,0,0.5,0.2
124.00,align,349.95,0.05,0.277,1,1894.5,366.7,-2.0,-1.2,-0.18,-0.13,359,0,-1,0.4,0.3,0.1,-0.6,-0.01,-0.00,0.00,0.00,0.00,0.00,0.13,-0.17,99,-1,0,1,1.2,-0.01,0.277,0.281,0.00,0,26,0,269.9,55.4,0.1,0.1,0.00,0,0.2,0.3
124.20,align,349.97,0.03,0.269,1,1894.5,366.7,-2.0,-1.2,-0.18,-0.13,360,0,-1,0.4,0.3,0.1,-0.6,-0.01,-0.00,0.00,0.00,0.00,0.00,0.13,-0.17,99,-1,0,0,1.2,-0.01,0.269,0.277,0.13,0,26,0,269.9,55.4,0.1,0.1,0.00,0,0.1,0.3
124.40,align,350.01,-0.01,0.264,1,1894.4,366.7,-2.0,-1.2,-0.26,-0.11,360,0,-1,0.4,0.6,0.1,-0.6,-0.01,-0.01,0.00,0.00,0.00,0.00,0.13,-0.26,99,-1,0,0,1.0,-0.02,0.264,0.270,0.21,0,26,0,269.5,10.4,0.1,0.5,0.00,0,-0.3,-1.2
124.60,align,350.01,-0.01,0.273,1,1894.4,366.6,-1.9,-1.1,-0.26,-0.11,360,0,-1,0.4,0.6,0.0,-0.3,0.02,-0.01,0.00,0.00,0.00,0.00,0.11,-0.26,99,-1,0,0,1.0,-0.02,0.273,0.286,0.02,0,26,0,269.5,10.4,0.1,0.5,0.00,0,-0.2,-2.1
124.80,align,349.99,0.01,0.280,1,1894.4,366.6,-1.9,-1.1,-0.26,-0.11,0,1,-1,0.4,0.7,0.1,0.1,0.01,0.00,0.00,0.00,0.00,0.00,0.11,-0.26,99,-1,0,-0,1.0,-0.02,0.280,0.284,-0.11,0,26,0,269.1,7.6,0.1,0.9,0.00,0,0.4,-1.4
125.00,align,349.97,0.03,0.279,1,1894.3,366.6,-1.8,-1.1,-0.26,-0.11,0,1,-1,0.4,0.7,0.2,0.2,0.00,-0.00,0.00,0.00,0.00,0.00,0.11,-0.26,99,-1,0,-0,1.0,-0.03,0.279,0.281,-0.07,0,26,0,269.1,7.6,0.1,0.9,0.00,0,-0.0,-0.5
125.20,align,349.98,0.02,0.272,1,1894.3,366.6,-1.8,-1.1,-0.26,-0.10,1,1,-1,0.4,0.7,0.1,0.2,0.00,-0.01,0.00,0.00,0.00,0.00,0.10,-0.26,99,-1,0,-1,0.9,-0.03,0.272,0.276,0.06,0,26,0,268.8,6.1,0.1,1.2,0.00,0,-0.1,-0.4
125.40,align,350.01,-0.01,0.264,1,1894.2,366.6,-1.7,-1.1,-0.18,-0.09,1,1,-1,0.4,0.5,0.0,0.3,0.00,-0.01,0.00,0.00,0.00,0.00,0.09,-0.18,99,-1,0,-1,0.3,-0.04,0.264,0.271,0.19,0,26,0,268.8,6.1,0.1,1.2,0.00,0,-0.0,-0.1
125.60,align,350.04,-0.04,0.266,1,1894.2,366.5,-1.7,-1.0,-0.18,-0.09,1,2,-1,0.4,0.5,0.2,0.4,0.00,0.01,0.00,0.00,0.00,0.00,0.08,-0.18,99,-1,0,-1,0.8,-0.04,0.266,0.272,0.12,0,26,0,268.4,6.4,0.2,1.6,0.00,0,1.3,-0.2
125.80,align,350.01,-0.01,0.283,1,1894.1,366.5,-1.6,-1.0,-0.18,-0.07,1,2,-1,0.4,0.5,0.4,0.4,0.00,0.01,0.00,0.00,0.00,0.00,0.08,-0.18,99,-1,0,-1,0.8,-0.04,0.283,0.285,-0.18,0,26,0,268.4,6.4,0.2,1.6,0.00,0,-0.1,0.1
126.00,align,349.96,0.04,0.286,1,1894.1,366.5,-1.6,-1.0,-0.18,-0.07,1,2,-1,0.3,0.5,0.3,0.3,-0.01,-0.01,0.00,0.00,0.00,0.00,0.06,-0.18,99,-1,0,-1,1.0,-0.04,0.286,0.296,-0.21,0,26,0,268.0,8.1,0.3,2.0,0.00,0,-0.9,0.5
126.20,align,349.95,0.05,0.280,1,1894.1,366.5,-1.6,-1.0,-0.18,-0.04,1,2,-1,0.3,0.5,0.1,0.2,-0.01,-0.02,0.00,0.00,0.00,0.00,0.04,-0.18,99,-1,0,-1,0.8,-0.05,0.280,0.293,-0.08,0,26,0,268.0,8.1,0.3,2.0,0.00,0,-1.0,0.6
126.40,align,349.96,0.04,0.273,1,1894.0,366.5,-1.5,-1.0,-0.13,-0.07,2,2,-1,0.3,0.6,-0.1,0.1,-0.01,-0.02,0.00,0.00,0.00,0.00,0.06,-0.18,99,-1,0,-2,0.4,-0.04,0.273,0.288,0.06,0,26,0,267.7,357.6,359.9,2.3,0.00,0,-0.8,0.6
126.60,align,349.98,0.02,0.271,1,1894.0,366.5,-1.5,-1.0,-0.09,-0.09,2,2,-1,0.4,0.3,-0.1,0.1,0.00,-0.00,0.00,0.00,0.00,0.00,0.09,-0.09,99,-1,0,-2,-0.3,-0.03,0.271,0.272,0.09,0,26,0,267.7,357.6,359.9,2.3,0.00,0,0.5,-0.3
126.80,align,350.00,0.00,0.270,1,1894.0,366.5,-1.5,-1.0,-0.09,-0.11,2,2,-1,0.5,0.3,0.2,0.3,0.01,0.02,0.00,0.00,0.00,0.00,0.11,-0.09,99,-1,0,-2,-0.8,-0.02,0.270,0.282,0.10,0,26,0,267.9,5.3,0.2,2.1,0.00,0,1.5,-1.0
127.00,align,350.03,-0.03,0.267,1,1894.0,366.4,-1.5,-0.9,-0.09,-0.11,2,2,-1,0.5,0.3,0.4,0.4,-0.00,0.00,0.00,0.00,0.00,0.00,0.11,-0.09,99,-1,0,-2,-1.1,-0.02,0.267,0.269,0.13,0,26,0,267.9,5.3,0.2,2.1,0.00,0,0.8,-0.1
127.20,align,350.03,-0.03,0.272,1,1894.0,366.4,-1.5,-0.9,-0.09,-0.11,2,2,-1,0.5,0.3,0.1,0.3,-0.01,-0.03,0.00,0.00,0.00,0.00,0.11,-0.09,99,-1,0,-2,-1.2,-0.02,0.272,0.288,0.01,0,26,0,268.3,5.4,0.2,1.7,0.00,0,-1.4,0.3
127.40,align,350.01,-0.01,0.281,1,1893.9,366.4,-1.4,-0.9,-0.09,-0.11,2,2,-1,0.5,0.4,-0.0,0.2,-0.01,-0.01,0.00,0.00,0.00,0.00,0.11,-0.09,99,-1,0,-2,-1.2,-0.01,0.281,0.290,-0.14,0,26,0,268.3,5.4,0.2,1.7,0.00,0,-0.7,0.4
127.60,descend,349.97,0.03,0.120,1,1893.9,366.4,-1.4,-0.9,-0.09,-0.12,2,1,-1,0.6,0.4,0.1,0.2,-0.00,0.00,0.00,0.00,0.00,0.00,0.12,-0.09,99,-1,0,-2,-1.6,-0.00,0.120,0.122,-0.17,0,26,0,268.9,5.9,0.1,1.1,0.00,0,0.8,-0.1
127.80,descend,349.91,-253.41,0.120,1,1893.9,366.3,-1.4,-0.8,-0.09,-0.13,2,1,-1,0.6,0.4,0.3,0.2,-0.00,0.01,0.00,0.00,0.00,0.00,0.13,-0.09,99,-1,0,-2,-1.9,0.01,0.120,0.123,-0.36,0,26,0,268.9,5.9,0.1,1.1,0.00,0,0.8,-0.1
128.00,descend,349.55,-253.05,0.120,1,1893.9,366.3,-1.4,-0.8,-0.09,-0.11,1,0,-1,0.6,0.4,0.5,0.2,-0.00,0.01,0.00,0.00,0.00,0.00,0.13,-0.09,99,-1,0,-1,-1.9,0.02,0.120,0.124,-1.96,0,26,0,269.7,56.4,0.5,0.3,0.00,0,0.7,-0.0
128.20,descend,348.89,-252.39,0.120,1,1893.9,366.3,-1.4,-0.8,-0.09,-0.11,1,0,-1,0.6,0.4,0.6,0.3,-0.00,0.01,0.00,0.00,0.00,0.00,0.11,-0.09,99,-1,0,-1,-1.9,0.02,0.120,0.124,-3.53,0,26,0,269.7,56.4,0.5,0.3,0.00,0,0.7,-0.0
128.40,descend,347.91,-251.41,0.120,1,1893.9,366.3,-1.4,-0.8,-0.09,-0.11,1,360,-1,0.6,0.4,0.7,0.2,-0.00,0.01,0.00,0.00,0.00,0.00,0.11,-0.09,99,-1,0,-1,-1.8,0.02,0.120,0.124,-5.07,0,26,0,270.5,123.0,0.7,359.5,0.00,0,0.6,-0.0
128.60,descend,346.63,-250.13,0.120,1,1893.8,366.3,-1.3,-0.8,-0.09,-0.09,0,360,-1,0.5,0.4,0.9,0.2,-0.00,0.01,0.00,0.00,0.00,0.00,0.09,-0.09,99,-1,0,-0,-1.9,0.03,0.120,0.125,-6.58,0,26,0,270.5,123.0,0.7,359.5,0.00,0,0.6,0.0
128.80,descend,345.06,-248.56,0.120,1,1893.8,366.2,-1.3,-0.7,0.00,-0.09,0,359,-1,0.5,0.1,1.0,0.2,-0.00,0.01,0.00,0.00,0.00,0.00,0.09,-0.00,99,-1,0,-0,-1.9,0.04,0.120,0.124,-8.07,0,26,0,271.2,142.1,1.0,358.8,0.00,0,0.5,0.0
129.00,descend,343.19,-246.69,0.120,1,1893.8,366.2,-1.3,-0.7,0.00,-0.07,360,359,-1,0.5,0.1,1.1,0.2,-0.00,0.01,0.00,0.00,0.00,0.00,0.07,0.00,99,-1,0,0,-1.9,0.04,0.120,0.124,-9.53,0,26,0,271.2,142.1,1.0,358.8,0.00,0,0.4,0.0
129.20,descend,341.03,-244.53,0.120,1,1893.8,366.2,-1.3,-0.7,0.00,-0.07,359,358,-1,0.5,0.1,1.1,0.2,-0.00,0.01,0.00,0.00,0.00,0.00,0.07,0.00,99,-1,0,1,-1.8,0.05,0.120,0.124,-10.96,0,26,0,272.0,150.3,1.1,358.0,0.00,0,0.3,0.1
129.40,descend,338.59,-242.09,0.120,1,1893.8,366.2,-1.3,-0.7,0.00,-0.04,359,358,-1,0.4,0.1,1.2,0.2,-0.00,0.01,0.00,0.00,0.00,0.00,0.04,0.00,99,-1,0,1,-1.8,0.06,0.120,0.125,-12.37,0,26,0,272.0,150.3,1.1,358.0,0.00,0,0.3,0.1
129.60,descend,335.88,-239.38,0.120,1,1893.8,366.2,-1.3,-0.7,0.00,-0.04,359,357,-1,0.4,0.1,1.2,0.2,-0.00,0.01,0.00,0.00,0.00,0.00,0.04,0.00,99,-1,0,1,-1.7,0.06,0.120,0.125,-13.75,0,26,0,272.7,155.5,1.2,357.3,0.00,0,0.2,0.1
129.80,descend,332.89,-236.39,0.120,1,1893.8,366.2,-1.3,-0.7,0.00,-0.02,358,357,-1,0.3,0.1,1.3,0.1,-0.00,0.01,0.00,0.00,0.00,0.00,0.02,0.00,99,-1,0,2,-1.5,0.07,0.120,0.125,-15.11,0,26,0,272.7,155.5,1.2,357.3,0.00,0,0.1,0.1
130.00,descend,329.64,-233.14,0.120,1,1893.8,366.2,-1.3,-0.7,0.00,-0.02,358,357,-1,0.3,0.1,1.3,0.1,-0.00,0.01,0.00,0.00,0.00,0.00,0.02,0.00,99,-1,0,2,-1.8,0.08,0.120,0.125,-16.44,0,26,0,273.4,159.4,1.3,356.6,0.00,0,0.0,0.1
130.20,descend,326.12,-229.62,0.120,1,1893.8,366.2,-1.3,-0.7,0.00,0.00,358,357,-1,0.3,0.1,1.3,0.1,-0.00,0.01,0.00,0.00,0.00,0.00,0.00,0.00,99,-1,0,2,-1.7,0.08,0.120,0.125,-17.75,0,26,0,273.4,159.4,1.3,356.6,0.00,0,-0.1,0.2
130.40,descend,322.35,-225.85,0.120,1,1893.8,366.2,-1.3,-0.7,0.00,0.02,357,356,-1,0.2,0.1,1.2,0.0,-0.01,0.00,0.00,0.00,0.00,0.00,-0.02,-0.00,99,-1,0,3,-1.5,0.08,0.120,0.124,-19.04,0,26,0,274.0,163.1,1.2,356.0,0.00,0,-0.4,0.2
130.60,descend,318.32,-221.82,0.120,1,1893.8,366.2,-1.3,-0.7,0.00,0.04,357,356,-1,0.1,0.2,1.1,-0.0,-0.00,0.00,0.00,0.00,0.00,0.00,-0.04,-0.00,99,-1,0,3,-1.1,0.08,0.120,0.122,-20.30,0,26,0,274.0,163.1,1.2,356.0,0.00,0,-0.5,0.1
130.80,descend,314.04,-217.54,0.120,1,1893.8,366.2,-1.3,-0.7,0.00,0.07,357,356,-1,0.1,0.2,1.0,-0.0,-0.00,-0.00,0.00,0.00,0.00,0.00,-0.04,-0.00,99,-1,0,3,-0.6,0.09,0.120,0.122,-21.53,0,26,0,274.4,167.3,1.0,355.6,0.00,0,-0.7,-0.1
131.00,descend,309.52,-213.02,0.120,1,1893.8,366.2,-1.3,-0.7,0.00,0.07,356,356,-1,0.0,0.2,0.8,0.0,0.00,-0.00,0.00,0.00,0.00,0.00,-0.07,-0.00,99,-1,0,4,-0.2,0.08,0.120,0.122,-22.74,0,26,0,274.4,167.3,1.0,355.6,0.00,0,-0.3,-0.1
131.20,descend,304.77,-208.27,0.120,1,1893.8,366.2,-1.3,-0.7,0.00,0.07,356,355,-1,0.0,0.2,0.7,0.1,0.00,-0.01,0.00,0.00,0.00,0.00,-0.07,-0.00,99,-1,0,4,-0.2,0.08,0.120,0.124,-23.92,0,26,0,274.6,171.5,0.7,355.4,0.00,0,-0.6,-0.3
131.40,descend,299.78,-203.28,0.120,1,1893.8,366.2,-1.3,-0.7,0.00,0.07,356,355,-1,0.0,0.2,0.5,0.2,0.00,-0.01,0.00,0.00,0.00,0.00,-0.07,-0.00,99,-1,0,4,0.1,0.08,0.120,0.124,-25.07,0,26,0,274.6,171.5,0.7,355.4,0.00,0,-1.0,-0.5
131.60,descend,294.57,-198.07,0.120,1,1893.8,366.2,-1.3,-0.7,0.00,0.04,356,355,-1,0.1,0.2,0.4,0.2,0.00,-0.01,0.00,0.00,0.00,0.00,-0.04,-0.00,99,-1,0,4,0.0,0.08,0.120,0.124,-26.19,0,26,0,274.6,174.9,0.4,355.4,0.00,0,0.0,0.0
131.80,descend,289.14,-192.64,0.120,1,1893.8,366.3,-1.3,-0.8,0.00,0.04,356,355,-1,0.0,0.2,0.3,0.3,0.00,-0.00,0.00,0.00,0.00,0.00,-0.04,-0.00,99,-1,0,4,0.8,0.08,0.120,0.124,-27.29,0,26,0,274.6,174.9,0.4,355.4,0.00,0,-0.4,-0.4
132.00,descend,283.49,-186.99,0.120,1,1893.8,366.3,-1.3,-0.8,0.00,0.02,356,356,-1,0.1,0.1,0.3,0.3,0.00,-0.00,0.00,0.00,0.00,0.00,-0.02,-0.00,99,-1,0,4,0.6,0.08,0.120,0.122,-28.36,0,26,0,274.3,176.5,0.3,355.7,0.00,0,-0.2,-0.1
132.20,descend,277.64,-181.14,0.120,1,1893.8,366.3,-1.3,-0.8,0.00,0.02,356,356,-1,0.1,0.1,0.3,0.4,0.00,-0.00,0.00,0.00,0.00,0.00,-0.02,-0.00,99,-1,0,4,0.7,0.07,0.120,0.121,-29.42,0,26,0,274.3,176.5,0.3,355.7,0.00,0,-0.1,-0.0
132.40,descend,271.57,-175.07,0.120,1,1893.8,366.3,-1.3,-0.8,0.00,0.02,356,356,-1,0.1,0.1,0.2,0.4,0.00,-0.00,0.00,0.00,0.00,0.00,-0.02,-0.00,99,-1,0,4,0.8,0.06,0.120,0.121,-30.45,0,26,0,274.0,177.1,0.2,356.0,0.00,0,-0.2,0.0
132.60,descend,265.31,-168.81,0.120,1,1893.8,366.3,-1.3,-0.8,0.00,0.02,356,356,-1,0.1,0.1,0.2,0.4,0.00,-0.00,0.00,0.00,0.00,0.00,-0.02,-0.00,99,-1,0,4,0.7,0.06,0.120,0.122,-31.46,0,26,0,274.0,177.1,0.2,356.0,0.00,0,-0.2,0.0
132.80,descend,258.84,-162.34,0.120,1,1893.8,366.3,-1.3,-0.8,0.00,0.02,356,356,-1,0.1,0.1,0.1,0.4,0.00,-0.01,0.00,0.00,0.00,0.00,-0.02,-0.00,99,-1,0,4,0.9,0.06,0.120,0.122,-32.45,0,26,0,273.6,178.4,0.1,356.4,0.00,0,-0.3,0.0
133.00,descend,252.18,-155.68,0.120,1,1893.8,366.3,-1.3,-0.8,0.00,0.02,356,356,-1,0.1,0.1,0.1,0.3,0.00,-0.01,0.00,0.00,0.00,0.00,-0.02,-0.00,99,-1,0,4,0.5,0.07,0.120,0.123,-33.41,0,26,0,273.6,178.4,0.1,356.4,0.00,0,-0.2,0.0
133.20,descend,245.33,-148.83,0.120,1,1893.8,366.3,-1.3,-0.8,0.00,0.02,356,357,-1,0.1,0.1,-0.0,0.3,-0.00,-0.01,0.00,0.00,0.00,0.00,-0.02,-0.00,99,-1,0,4,0.0,0.06,0.120,0.124,-34.36,0,26,0,273.3,180.7,360.0,356.7,0.00,0,0.0,0.0
133.40,descend,238.30,-141.80,0.120,1,1893.8,366.3,-1.3,-0.8,0.00,0.02,356,357,-1,0.1,0.1,-0.1,0.3,-0.00,-0.01,0.00,0.00,0.00,0.00,-0.02,-0.00,99,-1,0,4,0.6,0.06,0.120,0.124,-35.29,0,26,0,273.3,180.7,360.0,356.7,0.00,0,-0.5,0.1
133.60,descend,231.08,-134.58,0.120,1,1893.8,366.3,-1.3,-0.8,0.00,0.02,356,357,-1,0.1,0.1,-0.2,0.3,-0.00,-0.01,0.00,0.00,0.00,0.00,-0.02,-0.00,99,-1,0,4,0.8,0.06,0.120,0.125,-36.19,0,26,0,273.1,184.3,359.8,356.9,0.00,0,-0.7,0.1
133.80,descend,223.69,-127.19,0.120,1,1893.8,366.3,-1.3,-0.8,0.00,0.00,357,357,-1,0.1,0.1,-0.3,0.3,-0.00,-0.01,0.00,0.00,0.00,0.00,0.00,0.00,99,-1,0,3,0.7,0.05,0.120,0.126,-37.08,0,26,0,273.1,184.3,359.8,356.9,0.00,0,-0.6,0.2
134.00,descend,216.12,-119.62,0.120,1,1893.8,366.3,-1.3,-0.8,0.00,0.00,357,357,-1,0.1,0.1,-0.4,0.2,-0.00,-0.01,0.00,0.00,0.00,0.00,0.00,0.00,99,-1,0,3,0.8,0.05,0.120,0.127,-37.95,0,26,0,272.9,188.7,359.6,357.1,0.00,0,-0.7,0.2
134.20,descend,208.39,-111.89,0.120,1,1893.8,366.3,-1.3,-0.8,0.00,0.00,357,357,-1,0.1,0.1,-0.5,0.2,-0.00,-0.02,0.00,0.00,0.00,0.00,0.00,0.00,99,-1,0,3,1.0,0.05,0.120,0.127,-38.80,0,26,0,272.9,188.7,359.6,357.1,0.00,0,-0.7,0.2
134.40,descend,200.48,-103.98,0.120,1,1893.8,366.3,-1.3,-0.8,0.00,0.00,357,357,-1,0.1,0.1,-0.6,0.2,-0.00,-0.02,0.00,0.00,0.00,0.00,0.00,0.00,99,-1,0,3,0.9,0.04,0.120,0.128,-39.63,0,26,0,272.6,193.5,359.4,357.4,0.00,0,-0.5,0.2
134.60,descend,192.42,-95.92,0.120,1,1893.8,366.3,-1.3,-0.8,0.00,0.00,357,357,-1,0.1,0.1,-0.7,0.1,-0.00,-0.02,0.00,0.00,0.00,0.00,0.00,0.00,99,-1,0,3,0.6,0.05,0.120,0.128,-40.43,0,26,0,272.6,193.5,359.4,357.4,0.00,0,-0.4,0.2
134.80,descend,184.19,-87.69,0.227,1,1893.8,366.3,-1.3,-0.8,0.00,0.02,357,358,-1,0.1,0.1,-0.8,0.1,-0.00,-0.02,0.00,0.00,0.00,0.00,-0.02,-0.00,99,-1,0,3,0.7,0.05,0.227,0.236,-41.22,0,26,0,272.3,199.0,359.2,357.7,0.00,0,-0.4,0.2
135.00,descend,175.89,-79.39,0.350,1,1893.8,366.3,-1.3,-0.8,0.00,0.00,357,358,-1,0.1,0.1,-0.9,0.0,-0.01,-0.02,0.00,0.00,0.00,0.00,0.00,0.00,99,-1,0,3,0.9,0.04,0.350,0.359,-41.49,0,26,0,272.3,199.0,359.2,357.7,0.00,0,-0.5,0.3
135.20,descend,167.75,-71.25,0.424,1,1893.8,366.3,-1.3,-0.8,0.00,-0.02,357,358,-1,0.2,0.1,-1.0,-0.0,-0.01,-0.02,0.00,0.00,0.00,0.00,0.02,0.00,99,-1,0,3,1.0,0.03,0.424,0.435,-40.59,0,26,0,272.0,206.1,359.0,358.0,0.00,0,-0.4,0.3
135.40,descend,159.93,-63.43,0.461,1,1893.8,366.3,-1.3,-0.8,0.00,-0.07,358,358,-1,0.3,0.1,-1.0,-0.0,0.00,-0.02,0.00,0.00,0.00,0.00,0.07,0.00,99,-1,0,2,0.7,0.03,0.461,0.468,-38.88,0,26,0,272.0,206.1,359.0,358.0,0.00,0,-0.0,-0.1
135.60,descend,152.53,-56.03,0.479,1,1893.8,366.3,-1.3,-0.8,0.00,-0.12,358,358,-1,0.5,0.1,-1.0,-0.0,-0.00,-0.01,0.00,0.00,0.00,0.00,0.10,0.00,99,-1,0,2,1.1,0.03,0.479,0.485,-36.75,0,26,0,271.5,212.6,359.0,358.5,0.00,0,1.0,0.0
135.80,descend,145.59,-49.09,0.484,1,1893.8,366.2,-1.3,-0.7,0.00,-0.15,358,358,-1,0.6,0.1,-0.7,-0.0,-0.00,0.00,0.00,0.00,0.00,0.00,0.13,0.00,99,-1,0,2,0.8,0.02,0.484,0.487,-34.37,0,26,0,271.5,212.6,359.0,358.5,0.00,0,1.0,0.2
136.00,descend,137.64,-41.14,0.506,1,1893.8,366.2,-1.3,-0.7,0.00,-0.18,358,359,-1,0.7,0.1,-0.5,-0.1,-0.01,-0.00,0.00,0.00,0.00,0.00,0.18,0.01,99,-1,0,2,0.8,0.02,0.506,0.510,-31.80,0,26,0,271.2,205.0,359.5,358.8,0.00,0,0.6,0.3
136.20,descend,133.25,-36.75,0.473,1,1893.8,366.2,-1.3,-0.7,0.00,-0.20,358,359,-1,0.8,0.0,-0.5,-0.2,-0.01,-0.01,0.00,0.00,0.00,0.00,0.18,0.01,99,-1,0,2,0.9,0.02,0.473,0.482,-29.28,0,26,0,271.2,205.0,359.5,358.8,0.00,0,0.0,0.6
136.40,descend,127.83,-31.33,0.469,1,1893.8,366.1,-1.3,-0.6,0.00,-0.20,359,359,-1,0.8,0.0,-0.5,-0.2,-0.01,-0.02,0.00,0.00,0.00,0.00,0.20,0.01,99,-1,0,1,0.6,0.01,0.469,0.478,-26.84,0,26,0,270.9,207.6,359.5,359.1,0.00,0,0.3,-0.2
136.60,descend,122.85,-26.35,0.474,1,1893.8,366.1,-1.3,-0.6,-0.09,-0.22,359,359,-1,0.9,0.3,-0.3,-0.1,0.00,-0.00,0.00,0.00,0.00,0.00,0.22,-0.08,99,-1,0,1,0.5,0.02,0.474,0.475,-24.60,0,26,0,270.9,207.6,359.5,359.1,0.00,0,0.8,-0.5
136.80,descend,118.30,-21.80,0.486,1,1893.8,366.1,-1.3,-0.6,-0.09,-0.22,359,359,-1,1.0,0.3,0.1,-0.1,-0.00,0.02,0.00,0.00,0.00,0.00,0.22,-0.08,99,-1,0,1,0.4,0.01,0.486,0.493,-22.46,0,26,0,270.7,173.4,0.1,359.3,0.00,0,2.0,-0.3
137.00,descend,113.27,-16.77,0.516,1,1893.8,366.0,-1.3,-0.5,-0.09,-0.18,359,359,-1,0.9,0.3,0.4,-0.0,-0.00,0.01,0.00,0.00,0.00,0.00,0.20,-0.08,99,-1,0,1,0.4,0.01,0.516,0.522,-20.13,0,26,0,270.7,173.4,0.1,359.3,0.00,0,1.3,-0.1
137.20,descend,110.59,-14.09,0.493,1,1893.8,366.0,-1.3,-0.5,-0.09,-0.13,359,359,-1,0.8,0.3,0.6,-0.0,-0.00,0.01,0.00,0.00,0.00,0.00,0.16,-0.09,99,-1,0,1,0.3,0.01,0.493,0.498,-17.84,0,26,0,270.5,130.6,0.6,359.5,0.00,0,0.8,0.1
137.40,descend,107.42,-10.92,0.500,1,1893.8,366.0,-1.3,-0.5,-0.09,-0.11,359,359,-1,0.7,0.3,0.7,-0.0,-0.01,0.00,0.00,0.00,0.00,0.00,0.11,-0.09,99,-1,0,1,0.2,0.01,0.500,0.504,-15.61,0,26,0,270.5,130.6,0.6,359.5,0.00,0,0.3,0.1
137.60,descend,104.68,-8.18,0.511,1,1893.7,365.9,-1.2,-0.4,-0.09,-0.07,359,360,-1,0.6,0.4,0.7,-0.1,-0.01,-0.00,0.00,0.00,0.00,0.00,0.07,-0.09,99,-1,0,1,0.0,0.01,0.511,0.517,-13.42,0,26,0,270.4,120.2,0.7,359.6,0.00,0,0.0,0.0
137.80,descend,102.37,-5.87,0.530,1,1893.7,365.9,-1.2,-0.4,-0.09,0.01,359,360,-1,0.4,0.4,0.6,-0.2,-0.01,-0.01,0.00,0.00,0.00,0.00,0.01,-0.09,99,-1,0,1,0.1,0.01,0.530,0.540,-11.27,0,26,0,270.4,120.2,0.7,359.6,0.00,0,-0.5,0.3
138.00,descend,100.49,-3.99,0.576,1,1893.7,365.9,-1.2,-0.4,-0.09,0.04,359,360,-1,0.3,0.4,0.5,-0.2,-0.01,-0.01,0.00,0.00,0.00,0.00,-0.02,-0.09,99,-1,0,1,0.2,0.01,0.576,0.586,-9.15,0,26,0,270.4,126.2,0.5,359.6,0.00,0,-0.8,0.0
138.20,descend,99.13,-2.63,0.399,1,1893.7,365.9,-1.2,-0.4,-0.09,0.04,359,360,-1,0.3,0.4,0.3,-0.2,-0.00,-0.01,0.00,0.00,0.00,0.00,-0.04,-0.09,99,-1,0,1,0.1,0.01,0.399,0.406,-6.41,0,26,0,270.4,126.2,0.5,359.6,0.00,0,-0.6,-0.1
138.40,descend,98.37,-1.87,0.323,1,1893.6,366.0,-1.2,-0.5,-0.18,0.02,360,360,-1,0.3,0.7,0.4,0.0,0.01,0.01,0.00,0.00,0.00,0.00,-0.02,-0.18,99,-1,0,0,0.1,0.01,0.323,0.331,-3.40,0,26,0,270.3,131.1,0.4,359.7,0.00,0,1.4,-2.1
138.60,descend,97.91,-1.41,0.257,1,1893.6,366.0,-1.1,-0.5,-0.18,0.00,360,360,-1,0.4,0.7,0.7,0.6,0.05,0.03,0.00,0.00,0.00,0.00,0.00,-0.18,99,-1,0,0,0.3,0.00,0.257,0.285,-2.13,0,26,0,270.3,131.1,0.4,359.7,0.00,0,1.7,-3.1
138.80,descend,97.55,-1.05,0.234,1,1893.6,366.0,-1.1,-0.5,-0.26,-0.02,360,360,-1,0.4,1.0,1.0,1.4,0.06,0.03,0.00,0.00,0.00,0.00,0.02,-0.26,99,-1,0,0,0.7,-0.01,0.234,0.269,-1.69,0,26,0,270.2,98.2,1.0,359.9,0.00,0,1.7,-3.9
139.00,descend,97.14,-0.64,0.225,1,1893.5,365.9,-1.0,-0.4,-0.26,-0.08,360,360,-1,0.6,1.0,1.4,2.2,0.07,0.03,0.00,0.00,0.00,0.00,0.06,-0.26,99,-1,0,0,0.6,-0.01,0.225,0.264,-1.55,0,26,0,270.2,98.2,1.0,359.9,0.00,0,1.4,-4.1
139.20,capture,96.91,-0.41,0.310,1,1893.5,365.9,-1.0,-0.4,-0.26,-0.11,360,0,-1,0.7,1.0,1.7,3.1,0.09,0.03,0.00,0.00,0.00,0.00,0.11,-0.26,99,-1,0,0,0.3,-0.00,0.310,0.359,-1.44,0,26,0,270.0,88.9,1.7,0.1,0.00,0,1.6,-4.5
139.40,capture,96.66,-0.16,0.306,1,1893.4,365.9,-0.9,-0.4,-0.26,-0.13,360,0,-1,0.8,1.1,2.1,4.1,0.11,0.04,0.00,0.00,0.00,0.00,0.13,-0.26,99,-1,0,0,-0.3,0.01,0.306,0.365,-1.12,0,26,0,270.0,88.9,1.7,0.1,0.00,0,2.2,-4.9
139.60,capture,96.63,-0.13,0.251,1,1893.4,365.9,-0.9,-0.4,-0.35,-0.09,360,0,-1,0.7,1.4,2.3,4.0,0.00,0.03,0.00,0.00,0.00,0.00,0.09,-0.35,99,-1,0,0,1.4,-0.03,0.251,0.262,0.01,0,26,0,269.8,85.4,2.3,0.3,0.00,0,0.8,2.1
139.80,capture,96.63,-0.13,0.252,1,1893.3,365.9,-0.8,-0.4,-0.53,-0.13,360,0,-1,0.8,2.0,2.6,3.8,-0.01,0.04,0.00,0.00,0.00,0.00,0.13,-0.53,99,-1,0,0,2.5,-0.05,0.252,0.271,-0.01,0,26,0,269.8,85.4,2.3,0.3,0.00,0,2.0,1.2
140.00,capture,96.62,-0.12,0.258,1,1893.1,365.8,-0.6,-0.3,-0.74,-0.13,0,1,-1,0.8,2.7,3.0,3.2,-0.05,0.04,0.00,0.00,0.00,0.00,0.13,-0.74,99,-1,0,-0,3.1,-0.07,0.258,0.295,-0.13,0,26,0,268.7,66.7,3.1,1.5,0.00,0,1.9,3.6
140.20,capture,96.63,-0.13,0.262,1,1892.8,365.6,-0.5,-0.3,-2.49,-1.63,1,1,-1,2.6,3.7,1.8,1.9,-0.19,-0.17,0.00,0.00,0.00,0.00,0.70,-1.07,99,-1,0,-1,-8.9,0.07,0.262,0.408,-0.24,0,26,0,268.7,66.7,3.1,1.5,0.00,0,-19.2,19.8
140.40,capture,96.50,-0.00,0.310,1,1892.6,365.5,-0.1,-0.0,-1.97,-0.64,1,0,-1,2.5,3.9,0.0,0.0,-0.04,-0.03,0.00,0.00,0.00,0.00,0.63,-1.98,99,-1,0,-1,0.0,-0.01,0.310,0.337,-1.07,0,26,0,270.0,180.0,0.0,0.0,0.00,0,0.0,0.0
140.60,capture,96.50,-0.00,0.257,1,1892.5,365.5,0.0,0.0,0.00,0.00,0,0,-1,0.7,0.9,0.0,0.0,-0.01,-0.01,0.00,0.00,0.00,0.00,0.00,0.00,99,-1,0,-0,-0.0,-0.01,0.257,0.265,0.00,0,26,0,270.0,180.0,0.0,0.0,0.00,0,-0.0,0.0
140.80,capture,96.50,-0.00,0.257,1,1892.5,365.5,0.0,0.0,0.00,0.00,0,0,-1,0.7,0.9,0.0,0.0,-0.01,-0.01,0.00,0.00,0.00,0.00,0.00,0.00,99,-1,0,-0,-0.0,-0.01,0.257,0.265,0.00,0,26,0,270.0,0.0,0.0,0.0,0.00,0,-0.0,0.0
141.00,capture,96.50,-0.00,0.257,1,1892.5,365.5,0.0,0.0,0.00,0.00,0,0,-1,0.7,0.9,0.0,0.0,-0.01,-0.01,0.00,0.00,0.00,0.00,0.00,0.00,99,-1,0,-0,-0.0,-0.00,0.257,0.265,0.00,0,26,0,270.0,0.0,0.0,0.0,0.00,0,-0.0,0.0
141.20,capture,96.50,-0.00,0.257,1,1892.5,365.5,0.0,0.0,0.00,0.00,0,0,-1,0.7,0.9,-0.0,0.0,-0.01,-0.01,0.00,0.00,0.00,0.00,0.00,0.00,99,-1,0,-0,-0.0,-0.00,0.257,0.265,0.00,0,26,0,270.0,0.0,0.0,0.0,0.00,0,-0.0,0.0
141.40,docked,96.50,-0.00,0.000,1,1892.5,365.5,0.0,0.0,0.00,0.00,0,0,-1,0.7,0.9,-0.0,0.0,-0.01,-0.01,0.00,0.00,0.00,0.00,0.00,0.00,99,-1,1,0,-0.0,0.00,0.000,0.000,0.00,0,26,0,270.0,0.0,0.0,0.0,0.00,0,-0.0,0.0
141.40,end:ok:control,0,0,0,0,0,0,0,0,0,0,0,0,0,0,0,0,0,0,0,0,0,0,0,0,0,0,0,0,0,0,0,0,0,0,0,0,0,0,0,0,0,0,0,0,0
