t,phase,height,err,pwr,gps,x,z,ex,ez,vxw,vzw,hdg,rawhdg,mothdg,tp,tr,p,r,vx,vy,sched,fwdRaw,latRaw,vrtRaw,fwdH,latH,energy,fuel,sat,yerr,yrate,ydem,athr,amax,vv,dockc,npers,chg,nav1,nav3,nav2,trihdg,trires,aimq,wx,wz
0.00,climb,70.50,279.50,1.000,1,4242.1,-3268.8,-2349.6,3634.3,0.00,0.00,255,255,-1,0.0,0.0,-0.0,-0.0,-0.00,-0.00,0.00,0.00,0.00,0.00,0.00,0.00,-1,-1,1,-2,0.0,-0.03,1.000,1.000,0.00,0,0,0,13.6,180.0,180.0,256.4,0.00,0,0.0,0.0
0.10,climb,70.50,279.50,1.000,1,4242.1,-3268.8,-2349.6,3634.3,0.00,0.00,255,255,-1,0.0,0.0,-0.0,-0.0,-0.00,-0.00,0.00,0.00,0.00,0.00,0.00,0.00,-1,-1,1,-5,0.2,-0.09,1.000,1.000,0.00,0,0,0,13.6,180.0,180.0,256.4,0.00,0,0.2,-0.5
0.20,climb,70.50,279.50,1.000,1,4242.1,-3268.8,-2349.6,3634.3,0.00,0.00,255,255,-1,0.0,0.0,-0.0,-0.0,0.00,0.00,0.00,0.00,0.00,0.00,0.00,0.00,-1,-1,1,-7,0.2,-0.15,1.000,1.000,0.00,0,0,0,13.6,180.0,180.0,256.4,0.00,0,0.2,-0.5
0.30,climb,70.51,279.49,1.000,1,4242.1,-3268.8,-2349.6,3634.3,0.00,0.00,255,255,-1,0.0,0.0,-0.0,-0.0,-0.00,-0.00,0.00,0.00,0.00,0.00,0.00,0.00,-1,-1,1,-11,-0.0,-0.21,1.000,1.000,0.04,0,0,0,13.6,180.0,180.0,256.4,0.00,0,-0.1,0.0
0.40,climb,70.57,279.43,1.000,1,4242.1,-3268.8,-2349.6,3634.3,0.00,0.00,255,255,-1,0.0,0.0,-0.0,-0.0,-0.00,-0.00,0.00,0.00,0.00,0.00,0.00,0.00,-1,-1,1,-13,0.0,-0.27,1.000,1.000,0.36,0,0,0,13.6,180.0,179.9,256.4,0.00,0,0.0,0.0
0.50,climb,70.77,279.23,1.000,1,4242.1,-3268.8,-2349.6,3634.3,0.00,0.00,255,255,-1,0.0,0.0,-0.1,-0.0,-0.00,-0.01,0.00,0.00,0.00,0.00,0.00,0.00,-1,-1,1,-16,-5.5,-0.29,1.000,1.000,1.55,0,0,0,13.6,180.0,179.9,256.4,0.00,0,-0.9,0.2
0.60,climb,71.20,278.80,1.000,1,4242.1,-3268.8,-2349.6,3634.3,0.00,0.00,255,255,-1,0.0,0.0,-0.2,-0.1,-0.00,-0.02,0.00,0.00,0.00,0.00,0.00,0.00,-1,-1,1,-19,-5.5,-0.28,1.000,1.000,3.59,0,0,0,13.6,180.0,179.9,256.4,0.00,0,-0.9,0.2
0.70,climb,71.92,278.08,1.000,1,4242.1,-3268.8,-2349.6,3634.3,0.00,0.00,255,255,-1,0.0,0.0,-0.3,-0.1,-0.00,-0.02,0.00,0.00,0.00,0.00,0.00,0.00,-1,-1,1,-22,-18.9,-0.23,1.000,1.000,6.48,0,0,0,13.6,180.0,179.9,256.4,0.00,0,-1.0,-0.5
0.80,climb,72.97,277.03,1.000,1,4242.1,-3268.8,-2349.6,3634.3,0.00,0.18,255,251,-1,0.0,0.0,-0.4,0.0,0.01,-0.02,0.00,0.00,0.00,0.00,0.00,0.00,79,-1,1,-25,-27.0,-0.12,1.000,1.000,9.66,0,26,0,18.0,179.9,179.7,252.0,0.00,0,-0.3,-1.5
0.90,climb,74.32,275.68,1.000,1,4242.1,-3268.8,-2349.6,3634.3,0.00,0.18,254,251,-1,0.0,0.0,-0.4,0.2,0.03,-0.00,0.00,0.00,0.00,0.00,0.05,-0.17,79,-1,1,-27,-27.0,-0.00,1.000,1.000,12.80,0,26,0,18.0,179.9,179.7,252.0,0.00,0,-0.3,-1.5
1.00,climb,76.45,273.55,1.000,1,4242.0,-3268.7,-2349.6,3634.3,-0.35,0.18,254,251,-1,0.0,0.0,-0.3,0.4,0.04,0.01,0.00,0.00,0.00,0.00,0.39,-0.07,79,-1,1,-30,-38.6,0.09,1.000,1.000,15.91,0,26,0,18.0,179.9,179.7,252.0,0.00,0,1.7,-1.7
1.10,climb,77.96,272.04,1.000,1,4242.0,-3268.7,-2349.5,3634.2,-0.35,0.18,253,251,-1,0.0,0.0,-0.1,0.6,0.03,0.03,0.00,0.00,0.00,0.00,0.39,-0.07,79,-1,1,-32,-39.6,0.12,1.000,1.000,18.99,0,26,0,18.0,179.9,179.7,252.0,0.00,0,2.0,-1.4
1.20,climb,80.24,269.76,1.000,1,4242.0,-3268.7,-2349.5,3634.2,-0.35,0.18,251,237,-1,0.0,0.0,0.2,0.7,0.02,0.04,0.00,0.00,0.00,0.00,0.39,-0.05,79,-1,1,-33,-39.6,0.13,1.000,1.000,22.04,0,26,0,32.3,180.8,181.3,237.7,0.00,0,2.0,-1.4
1.30,climb,82.82,267.18,1.000,1,4242.0,-3268.7,-2349.5,3634.2,-0.35,0.00,249,237,-1,0.0,0.0,0.3,0.7,0.00,0.03,0.00,0.00,0.00,0.00,0.33,0.13,79,-1,1,-34,-37.5,0.07,1.000,1.000,25.06,0,26,0,32.3,180.8,181.3,237.7,0.00,0,1.3,-0.3
1.40,climb,85.70,264.30,1.000,1,4241.9,-3268.7,-2349.4,3634.2,-0.35,-0.18,247,237,-1,0.0,0.0,0.3,0.5,-0.02,0.00,0.00,0.00,0.00,0.00,0.29,0.22,79,-1,1,-35,-28.9,-0.03,1.000,1.000,28.05,0,26,0,32.3,180.8,181.3,237.7,0.00,0,-1.9,2.8
1.50,climb,88.88,261.12,1.000,1,4241.9,-3268.7,-2349.4,3634.2,-0.35,-0.18,245,237,-1,0.0,0.0,0.1,0.2,-0.05,-0.03,0.00,0.00,0.00,0.00,0.25,0.31,79,-1,1,-36,-28.9,-0.15,1.000,1.000,31.01,0,26,0,32.3,180.8,181.3,237.7,0.00,0,-1.9,2.8
1.60,climb,92.35,257.65,1.000,1,4241.9,-3268.8,-2349.4,3634.3,-0.35,-0.35,242,225,-1,0.0,0.0,-0.3,-0.2,-0.06,-0.07,0.00,0.00,0.00,0.00,0.15,0.47,79,-1,1,-36,-24.7,-0.23,1.000,1.000,33.93,0,26,0,44.3,179.5,179.5,225.7,0.00,0,-3.8,4.0
1.70,climb,96.12,253.88,1.000,1,4241.8,-3268.8,-2349.3,3634.3,-0.35,-0.18,240,225,-1,0.0,0.0,-0.8,-0.6,-0.07,-0.09,0.00,0.00,0.00,0.00,0.13,0.48,79,-1,1,-37,-21.0,-0.30,1.000,1.000,36.83,0,26,0,44.3,179.5,179.5,225.7,0.00,0,-5.1,4.2
1.80,climb,100.16,249.84,1.000,1,4241.8,-3268.8,-2349.3,3634.3,-0.35,-0.18,237,225,-1,0.0,0.0,-1.4,-1.0,-0.06,-0.09,0.00,0.00,0.00,0.00,0.20,0.34,79,-1,1,-37,-21.0,-0.33,1.000,1.000,39.69,0,26,0,44.3,179.5,179.5,225.7,0.00,0,-5.1,4.2
1.90,climb,105.61,244.39,1.000,1,4241.7,-3268.8,-2349.3,3634.3,-0.35,0.44,235,225,-1,0.0,0.0,-1.7,-1.1,-0.03,-0.07,0.00,0.00,0.00,0.00,0.29,0.20,79,-1,1,-39,-28.5,-0.30,1.000,1.000,42.52,0,26,0,44.3,179.5,179.5,225.7,0.00,0,-0.9,-0.8
2.00,climb,109.08,240.92,1.000,1,4241.7,-3268.7,-2349.2,3634.3,-0.35,0.79,232,215,-1,0.0,0.0,-1.8,-0.8,0.03,-0.03,0.00,0.00,0.00,0.00,0.55,-0.13,79,-1,1,-38,-36.0,-0.20,1.000,1.000,45.31,0,26,0,54.1,176.7,177.6,216.0,0.00,0,2.8,-4.3
2.10,climb,113.95,236.05,0.997,1,4241.7,-3268.7,-2349.2,3634.2,-0.35,0.79,230,215,-1,0.0,0.0,-1.4,-0.2,0.09,0.03,0.00,0.00,0.00,0.00,0.78,-0.38,79,-1,1,-39,-36.0,-0.05,0.997,1.000,48.07,0,26,0,54.1,176.7,177.6,216.0,0.00,0,2.8,-4.3
2.20,climb,119.08,230.92,0.827,1,4241.6,-3268.5,-2349.1,3634.1,-0.35,1.23,227,215,-1,0.0,0.0,-0.8,0.6,0.13,0.09,0.00,0.00,0.00,0.00,0.97,-0.54,79,-1,0,-40,-51.2,0.10,0.827,0.918,50.80,0,26,0,54.1,176.7,177.6,216.0,0.00,0,7.6,-7.9
2.30,climb,124.47,225.53,0.673,1,4241.6,-3268.4,-2349.1,3634.0,-0.70,1.14,226,215,-1,0.0,0.0,0.1,1.4,0.13,0.13,0.00,0.00,0.00,0.00,1.11,-0.63,79,-1,0,-41,-54.2,0.22,0.675,0.779,53.43,0,26,0,54.1,176.7,177.6,216.0,0.00,0,6.9,-5.7
2.40,climb,130.07,219.93,0.531,1,4241.6,-3268.4,-2349.1,3633.9,-0.70,1.14,221,196,-1,0.0,0.0,0.9,1.8,0.08,0.13,0.00,0.00,0.00,0.00,1.32,-0.22,79,-1,0,-39,-54.2,0.30,0.534,0.617,55.65,0,26,0,73.1,184.7,181.4,196.9,0.00,0,6.9,-5.7
2.50,climb,135.82,214.18,0.417,1,4241.4,-3268.2,-2349.0,3633.8,-1.05,0.70,217,196,-1,0.0,0.0,1.3,1.7,0.00,0.08,0.00,0.00,0.00,0.00,1.20,-0.03,79,-1,0,-38,-47.5,0.28,0.419,0.451,57.21,0,26,0,73.1,184.7,181.4,196.9,0.00,0,-1.0,3.5
2.60,climb,141.65,208.35,0.333,1,4241.4,-3268.2,-2348.9,3633.7,-1.05,0.70,214,196,-1,0.0,0.0,1.2,1.2,-0.07,-0.00,0.00,0.00,0.00,0.00,1.17,0.48,79,-1,0,-38,-47.5,0.19,0.333,0.363,58.09,0,26,0,73.1,184.7,181.4,196.9,0.00,0,-1.0,3.5
2.70,climb,147.50,202.50,0.276,1,4241.3,-3268.2,-2348.8,3633.7,-1.05,0.53,211,196,-1,0.0,0.0,0.6,0.4,-0.11,-0.08,0.00,0.00,0.00,0.00,1.00,0.63,79,-1,0,-38,-41.9,0.07,0.276,0.352,58.34,0,26,0,73.1,184.7,181.4,196.9,0.00,0,-5.3,6.7
2.80,climb,153.31,196.69,0.242,1,4241.2,-3268.1,-2348.7,3633.6,-1.05,0.35,206,179,-1,0.0,0.0,-0.2,-0.4,-0.12,-0.12,0.00,0.00,0.00,0.00,0.78,0.79,79,-1,0,-36,-36.5,0.00,0.242,0.338,58.12,0,26,0,90.4,22.2,179.8,179.6,0.00,0,-7.8,7.6
2.90,climb,159.07,190.93,0.219,1,4241.0,-3268.1,-2348.6,3633.6,-1.05,0.35,202,179,-1,0.0,0.0,-1.0,-0.9,-0.10,-0.14,0.00,0.00,0.00,0.00,0.72,0.85,79,-1,0,-35,-28.4,-0.06,0.219,0.313,57.66,0,26,0,90.4,22.2,179.8,179.6,0.00,0,-7.1,4.7
3.00,climb,164.76,185.24,0.205,1,4240.9,-3268.0,-2348.5,3633.6,-1.05,0.35,198,179,-1,0.0,0.0,-1.7,-1.3,-0.07,-0.12,0.00,0.00,0.00,0.00,0.67,0.89,79,-1,0,-34,-25.7,-0.12,0.205,0.281,57.00,0,26,0,90.4,22.2,179.8,179.6,0.00,0,-4.6,2.4
3.10,climb,170.36,179.64,0.198,1,4240.8,-3268.0,-2348.4,3633.5,-0.70,0.53,195,179,-1,0.0,0.0,-2.2,-1.4,-0.03,-0.09,0.00,0.00,0.00,0.00,0.62,0.93,79,-1,0,-34,-23.8,-0.17,0.199,0.245,56.21,0,26,0,90.4,22.2,179.8,179.6,0.00,0,-1.7,0.1
3.20,climb,175.87,174.13,0.197,1,4240.7,-3267.9,-2348.3,3633.5,-0.70,0.53,191,168,-1,0.0,0.0,-2.3,-1.3,0.01,-0.05,0.00,0.00,0.00,0.00,0.65,0.59,79,-1,0,-33,-22.6,-0.18,0.197,0.219,55.31,0,26,0,101.1,10.4,177.9,168.9,0.00,0,1.0,-1.5
3.30,climb,181.28,168.72,0.198,1,4240.6,-3267.9,-2348.2,3633.4,-0.70,0.70,187,168,-1,0.0,0.0,-2.2,-1.0,0.03,-0.01,0.00,0.00,0.00,0.00,0.61,0.63,79,-1,0,-32,-21.8,-0.20,0.198,0.213,54.37,0,26,0,101.1,10.4,177.9,168.9,0.00,0,2.8,-2.1
3.40,climb,186.59,163.41,0.198,1,4240.6,-3267.9,-2348.1,3633.4,-0.70,0.70,184,168,-1,0.0,0.0,-1.9,-0.7,0.04,0.02,0.00,0.00,0.00,0.00,0.75,0.65,79,-1,0,-32,-21.8,-0.21,0.198,0.224,53.45,0,26,0,101.1,10.4,177.9,168.9,0.00,0,2.8,-2.1
3.50,climb,191.82,158.18,0.198,1,4240.6,-3267.8,-2348.1,3633.3,-0.70,0.70,182,168,-1,0.0,0.0,-1.5,-0.4,0.04,0.05,0.00,0.00,0.00,0.00,0.72,0.68,79,-1,0,-33,-21.4,-0.23,0.199,0.231,52.53,0,26,0,101.1,10.4,177.9,168.9,0.00,0,4.2,-2.2
3.60,climb,196.96,153.04,0.197,1,4240.5,-3267.6,-2348.0,3633.2,-0.35,0.70,178,159,-1,0.0,0.0,-1.0,-0.3,0.02,0.06,0.00,0.00,0.00,0.00,0.69,0.37,79,-1,0,-32,-21.3,-0.22,0.198,0.229,51.63,0,26,0,109.8,2.6,179.1,160.2,0.00,0,4.4,-0.7
3.70,climb,202.01,147.99,0.197,1,4240.5,-3267.6,-2348.0,3633.1,-0.35,0.70,175,159,-1,0.0,0.0,-0.6,-0.2,0.01,0.05,0.00,0.00,0.00,0.00,0.67,0.41,79,-1,0,-32,-21.3,-0.22,0.197,0.223,50.74,0,26,0,109.8,2.6,179.1,160.2,0.00,0,4.4,-0.7
3.80,climb,206.97,143.03,0.195,1,4240.5,-3267.6,-2348.0,3633.1,-0.35,0.70,173,159,-1,0.0,0.0,-0.4,-0.1,0.01,0.04,0.00,0.00,0.00,0.00,0.65,0.44,79,-1,0,-33,-21.6,-0.22,0.196,0.214,49.86,0,26,0,109.8,2.6,179.1,160.2,0.00,0,3.2,-0.5
3.90,climb,211.85,138.15,0.194,1,4240.4,-3267.5,-2347.9,3633.0,-0.35,0.70,171,159,-1,0.0,0.0,-0.2,-0.1,0.00,0.01,0.00,0.00,0.00,0.00,0.64,0.46,79,-1,0,-34,-21.9,-0.24,0.194,0.202,48.99,0,26,0,109.8,2.6,179.1,160.2,0.00,0,1.7,-0.3
4.00,climb,216.64,133.36,0.192,1,4240.4,-3267.4,-2347.9,3632.9,-0.35,0.70,167,150,-1,0.0,0.0,-0.3,-0.1,0.00,-0.01,0.00,0.00,0.00,0.00,0.61,0.50,79,-1,0,-34,-22.4,-0.23,0.192,0.197,48.13,0,26,0,118.5,0.4,179.8,151.5,0.00,0,-1.2,0.3
4.10,climb,221.34,128.66,0.191,1,4240.3,-3267.3,-2347.9,3632.9,-0.35,0.70,165,150,-1,0.0,0.0,-0.4,-0.1,-0.01,-0.03,0.00,0.00,0.00,0.00,0.59,0.52,79,-1,0,-34,-22.4,-0.23,0.191,0.205,47.25,0,26,0,118.5,0.4,179.8,151.5,0.00,0,-1.8,0.7
4.20,climb,225.95,124.05,0.193,1,4240.3,-3267.3,-2347.8,3632.8,-0.35,0.70,163,150,-1,0.0,0.0,-0.6,-0.1,-0.01,-0.04,0.00,0.00,0.00,0.00,0.57,0.55,79,-1,0,-35,-22.4,-0.24,0.194,0.212,46.31,0,26,0,118.5,0.4,179.8,151.5,0.00,0,-1.8,0.7
4.30,climb,230.47,119.53,0.195,1,4240.3,-3267.2,-2347.8,3632.7,-0.35,0.70,161,150,-1,0.0,0.0,-0.7,-0.2,-0.01,-0.03,0.00,0.00,0.00,0.00,0.55,0.56,79,-1,0,-36,-22.9,-0.27,0.196,0.211,45.39,0,26,0,118.5,0.4,179.8,151.5,0.00,0,-0.4,0.6
4.40,climb,237.10,112.90,0.171,1,4240.2,-3267.1,-2347.8,3632.7,-0.35,0.70,158,141,-1,0.0,0.0,-0.7,-0.2,-0.01,-0.01,0.00,0.00,0.00,0.00,0.52,0.59,79,-1,0,-36,-23.3,-0.26,0.171,0.179,44.57,0,26,0,127.5,0.7,179.4,142.5,0.00,0,0.8,0.4
4.50,climb,239.26,110.74,0.187,1,4240.2,-3267.1,-2347.7,3632.6,-0.35,0.70,155,141,-1,0.0,0.0,-0.6,-0.2,-0.00,0.01,0.00,0.00,0.00,0.00,0.49,0.61,79,-1,0,-36,-23.3,-0.26,0.188,0.192,43.76,0,26,0,127.5,0.7,179.4,142.5,0.00,0,0.8,0.4
4.60,climb,243.53,106.47,0.186,1,4240.2,-3267.0,-2347.7,3632.5,-0.35,0.70,153,141,-1,0.0,0.0,-0.5,-0.2,-0.00,0.02,0.00,0.00,0.00,0.00,0.47,0.63,79,-1,0,-37,-23.8,-0.27,0.187,0.194,42.90,0,26,0,127.5,0.7,179.4,142.5,0.00,0,1.7,0.2
4.70,climb,247.70,102.30,0.189,1,4240.1,-3266.9,-2347.7,3632.4,-0.35,0.70,151,141,-1,0.0,0.0,-0.3,-0.2,-0.00,0.02,0.00,0.00,0.00,0.00,0.45,0.65,79,-1,0,-38,-24.1,-0.29,0.190,0.198,41.96,0,26,0,127.5,0.7,179.4,142.5,0.00,0,1.8,-0.0
4.80,climb,251.78,98.22,0.192,1,4240.1,-3266.8,-2347.6,3632.4,-0.35,0.70,148,132,-1,0.0,0.0,-0.1,-0.2,-0.00,0.02,0.00,0.00,0.00,0.00,0.41,0.67,79,-1,0,-38,-24.3,-0.29,0.193,0.202,41.03,0,26,0,137.1,359.9,180.1,132.9,0.00,0,1.7,-0.1
4.90,climb,255.77,94.23,0.195,1,4240.0,-3266.7,-2347.6,3632.3,-0.35,0.53,146,132,-1,0.0,0.0,0.0,-0.2,-0.00,0.02,0.00,0.00,0.00,0.00,0.38,0.69,79,-1,0,-39,-24.8,-0.29,0.196,0.204,40.11,0,26,0,137.1,359.9,180.1,132.9,0.00,0,1.0,-0.1
5.00,climb,259.68,90.32,0.194,1,4240.0,-3266.7,-2347.5,3632.2,-0.35,0.53,144,132,-1,0.0,0.0,0.1,-0.2,-0.00,0.01,0.00,0.00,0.00,0.00,0.22,0.60,79,-1,0,-40,-25.6,-0.30,0.195,0.199,39.26,0,26,0,137.1,359.9,180.1,132.9,0.00,0,-0.4,0.0
5.10,climb,263.51,86.49,0.189,1,4240.0,-3266.6,-2347.5,3632.2,-0.35,0.53,142,132,-1,0.0,0.0,-0.0,-0.2,-0.00,-0.02,0.00,0.00,0.00,0.00,0.20,0.60,79,-1,0,-41,-26.4,-0.29,0.190,0.198,38.50,0,26,0,137.1,359.9,180.1,132.9,0.00,0,-1.5,0.1
5.20,climb,267.26,82.74,0.186,1,4239.9,-3266.6,-2347.5,3632.1,-0.35,0.53,139,122,-1,0.0,0.0,-0.2,-0.2,-0.00,-0.03,0.00,0.00,0.00,0.00,0.17,0.61,79,-1,0,-41,-26.9,-0.27,0.186,0.199,37.70,0,26,0,147.3,359.9,180.1,122.7,0.00,0,-1.7,0.1
5.30,climb,270.92,79.08,0.187,1,4239.9,-3266.5,-2347.4,3632.1,-0.35,0.53,136,122,-1,0.0,0.0,-0.4,-0.2,-0.00,-0.03,0.00,0.00,0.00,0.00,0.14,0.62,79,-1,0,-41,-27.4,-0.26,0.188,0.202,36.81,0,26,0,147.3,359.9,180.1,122.7,0.00,0,-1.8,0.1
5.40,climb,274.49,75.51,0.188,1,4239.9,-3266.5,-2347.4,3632.0,-0.35,0.53,134,122,-1,0.0,0.0,-0.6,-0.2,-0.00,-0.04,0.00,0.00,0.00,0.00,0.11,0.62,79,-1,0,-42,-27.4,-0.25,0.188,0.203,35.94,0,26,0,147.3,359.9,180.1,122.7,0.00,0,-1.8,0.1
5.50,climb,277.98,72.02,0.185,1,4239.9,-3266.5,-2347.4,3632.0,-0.35,0.53,132,122,-1,0.0,0.0,-0.7,-0.1,0.00,-0.03,0.00,0.00,0.00,0.00,0.09,0.63,79,-1,0,-43,-28.0,-0.24,0.186,0.198,35.13,0,26,0,147.3,359.9,180.1,122.7,0.00,0,-1.3,-0.0
5.60,climb,281.40,68.60,0.177,1,4239.8,-3266.4,-2347.3,3631.9,0.00,0.53,129,111,-1,0.0,0.0,-0.6,-0.1,0.01,-0.01,0.00,0.00,0.00,0.00,0.06,0.63,79,-1,0,-43,-29.0,-0.23,0.178,0.184,34.41,0,26,0,158.4,0.2,179.6,111.6,0.00,0,0.8,-0.4
5.70,climb,284.75,65.25,0.172,1,4239.8,-3266.3,-2347.3,3631.9,0.00,0.53,126,111,-1,0.0,0.0,-0.6,-0.0,0.01,0.00,0.00,0.00,0.00,0.00,0.31,0.43,79,-1,0,-43,-29.2,-0.22,0.173,0.178,33.65,0,26,0,158.4,0.2,179.6,111.6,0.00,0,0.9,-0.4
5.80,climb,288.01,61.99,0.145,1,4239.8,-3266.3,-2347.3,3631.8,0.00,0.53,124,111,-1,0.0,0.0,-0.5,0.0,0.01,0.01,0.00,0.00,0.00,0.00,0.29,0.44,79,-1,0,-44,-29.2,-0.22,0.145,0.152,32.81,0,26,0,158.4,0.2,179.6,111.6,0.00,0,0.9,-0.4
5.90,climb,291.18,58.82,0.102,1,4239.8,-3266.3,-2347.3,3631.8,0.00,0.53,122,111,-1,0.0,0.0,-0.4,0.1,0.01,0.01,0.00,0.00,0.00,0.00,0.28,0.45,79,-1,0,-44,-29.2,-0.22,0.102,0.110,31.97,0,26,0,158.4,0.2,179.6,111.6,0.00,0,1.0,-0.4
6.00,climb,294.27,55.73,0.059,1,4239.8,-3266.2,-2347.3,3631.7,0.00,0.53,118,99,-1,0.0,0.0,-0.3,0.2,0.01,0.01,0.00,0.00,0.00,0.00,0.25,0.46,79,-1,0,-40,-29.0,-0.22,0.060,0.068,31.15,0,26,0,170.1,0.2,178.7,99.9,0.00,0,0.9,-0.5
6.10,climb,297.26,52.74,0.023,1,4239.8,-3266.2,-2347.3,3631.7,0.00,0.53,115,99,-1,0.0,0.0,-0.2,0.2,0.01,0.01,0.00,0.00,0.00,0.00,0.22,0.48,79,-1,0,-37,-29.0,-0.17,0.023,0.031,30.22,0,26,0,170.1,0.2,178.7,99.9,0.00,0,0.9,-0.5
6.20,climb,300.14,49.86,0.003,1,4239.8,-3266.1,-2347.3,3631.6,0.00,0.53,113,99,-1,0.0,0.0,-0.1,0.3,0.01,0.01,0.00,0.00,0.00,0.00,0.20,0.49,79,-1,1,-35,-28.2,-0.13,0.003,0.007,29.02,0,26,0,170.1,0.2,178.7,99.9,0.00,0,0.7,-0.2
6.30,climb,302.89,47.11,0.000,1,4239.8,-3266.0,-2347.3,3631.6,0.00,0.53,111,99,-1,0.0,0.0,0.0,0.3,0.01,0.01,0.00,0.00,0.00,0.00,0.19,0.49,79,-1,1,-33,-27.1,-0.10,0.000,0.000,27.87,0,26,0,170.1,0.2,178.7,99.9,0.00,0,0.7,-0.3
6.40,climb,305.54,44.46,0.000,1,4239.8,-3266.0,-2347.3,3631.5,0.00,0.53,107,88,-1,0.0,0.0,0.1,0.3,0.01,0.01,0.00,0.00,0.00,0.00,0.16,0.50,79,-1,1,-29,-27.1,-0.04,0.000,0.000,26.72,0,26,0,181.2,0.3,16.0,88.8,0.00,0,0.7,-0.3
6.50,climb,308.06,41.94,0.000,1,4239.8,-3265.9,-2347.3,3631.5,0.00,0.53,104,88,-1,0.0,0.0,0.2,0.4,0.01,0.01,0.00,0.00,0.00,0.00,0.13,0.51,79,-1,1,-26,-25.8,0.00,0.000,0.000,25.53,0,26,0,181.2,0.3,16.0,88.8,0.00,0,0.5,-0.1
6.60,climb,310.45,39.55,0.000,1,4239.8,-3265.8,-2347.3,3631.4,0.00,0.53,102,88,-1,0.0,0.0,0.2,0.3,0.00,0.01,0.00,0.00,0.00,0.00,0.11,0.52,79,-1,1,-24,-25.1,0.04,0.000,0.000,24.29,0,26,0,181.2,0.3,16.0,88.8,0.00,0,0.3,0.0
6.70,climb,312.72,37.28,0.000,1,4239.8,-3265.8,-2347.3,3631.3,0.00,0.53,99,88,-1,0.0,0.0,0.3,0.3,0.00,0.01,0.00,0.00,0.00,0.00,0.09,0.52,79,-1,1,-22,-25.1,0.07,0.000,0.000,23.00,0,26,0,181.2,0.3,16.0,88.8,0.00,0,0.3,0.0
6.80,climb,314.86,35.14,0.001,1,4239.8,-3265.8,-2347.3,3631.3,0.00,0.35,96,78,-1,0.0,0.0,0.3,0.3,0.00,0.01,0.00,0.00,0.00,0.00,0.04,0.35,79,-1,1,-18,-24.5,0.12,0.001,0.003,21.70,0,26,0,191.3,0.4,1.9,78.7,0.00,0,0.3,0.1
6.90,climb,316.87,33.13,0.016,1,4239.8,-3265.7,-2347.3,3631.3,0.00,0.35,93,78,-1,0.0,0.0,0.4,0.3,-0.00,0.01,0.00,0.00,0.00,0.00,0.02,0.35,79,-1,0,-15,-23.5,0.17,0.016,0.019,20.40,0,26,0,191.3,0.4,1.9,78.7,0.00,0,0.3,0.0
7.00,climb,318.75,31.25,0.026,1,4239.8,-3265.7,-2347.3,3631.2,0.00,0.35,91,78,-1,0.0,0.0,0.4,0.3,-0.00,0.01,0.00,0.00,0.00,0.00,0.01,0.35,79,-1,0,-13,-23.5,0.21,0.026,0.029,19.12,0,26,0,191.3,0.4,1.9,78.7,0.00,0,0.3,0.0
7.10,climb,320.50,29.50,0.039,1,4239.8,-3265.7,-2347.3,3631.2,0.00,0.35,89,78,-1,0.0,0.0,0.4,0.3,-0.00,0.01,0.00,0.00,0.00,0.00,-0.01,0.35,79,-1,0,-11,-22.8,0.24,0.039,0.043,17.85,0,26,0,191.3,0.4,1.9,78.7,0.00,0,0.3,0.0
7.20,climb,322.13,27.87,0.056,1,4239.8,-3265.6,-2347.3,3631.2,0.00,0.35,86,68,-1,0.0,0.0,0.5,0.2,-0.00,0.01,0.00,0.00,0.00,0.00,-0.03,0.35,79,-1,0,-8,-22.6,0.30,0.056,0.060,16.60,0,26,0,200.6,0.4,1.1,69.4,0.00,0,0.3,0.0
7.30,climb,323.64,26.36,0.076,1,4239.8,-3265.6,-2347.3,3631.1,0.00,0.35,83,68,-1,0.0,0.0,0.5,0.2,-0.00,0.01,0.00,0.00,0.00,0.00,-0.04,0.35,79,-1,0,-5,-22.6,0.35,0.077,0.081,15.35,0,26,0,200.6,0.4,1.1,69.4,0.00,0,0.3,0.0
7.40,climb,325.02,24.98,0.100,1,4239.8,-3265.6,-2347.3,3631.1,0.00,0.35,81,68,-1,0.0,0.0,0.6,0.2,-0.00,0.01,0.00,0.00,0.00,0.00,-0.06,0.35,79,-1,0,-3,-22.4,0.39,0.101,0.105,14.12,0,26,0,200.6,0.4,1.1,69.4,0.00,0,0.3,0.0
7.50,climb,326.28,23.72,0.128,1,4239.8,-3265.6,-2347.3,3631.1,0.00,0.35,79,68,-1,0.0,0.0,0.6,0.2,-0.00,0.01,0.00,0.00,0.00,0.00,-0.07,0.34,79,-1,0,-1,-22.2,0.42,0.129,0.133,12.90,0,26,0,200.6,0.4,1.1,69.4,0.00,0,0.3,-0.0
7.60,climb,327.42,22.58,0.157,1,4239.8,-3265.5,-2347.3,3631.0,0.00,0.35,76,60,-1,0.0,0.0,0.6,0.2,-0.00,0.01,0.00,0.00,0.00,0.00,-0.09,0.34,79,-1,0,2,-21.4,0.48,0.159,0.163,11.72,0,26,0,209.5,0.5,0.9,60.5,0.00,0,0.3,-0.0
7.70,climb,328.46,21.54,0.187,1,4239.8,-3265.5,-2347.3,3631.0,0.00,0.35,73,60,-1,0.0,0.0,0.7,0.1,-0.00,0.01,0.00,0.00,0.00,0.00,-0.10,0.34,79,-1,0,4,-21.4,0.52,0.190,0.194,10.62,0,26,0,209.5,0.5,0.9,60.5,0.00,0,0.3,-0.0
7.80,climb,329.40,20.60,0.213,1,4239.8,-3265.4,-2347.3,3630.9,0.00,0.35,71,60,-1,0.0,0.0,0.7,0.1,-0.00,0.01,0.00,0.00,0.00,0.00,-0.11,0.33,79,-1,0,7,-20.4,0.54,0.217,0.221,9.64,0,26,0,209.5,0.5,0.9,60.5,0.00,0,0.2,-0.0
7.90,climb,330.28,19.72,0.231,1,4239.8,-3265.4,-2347.3,3630.9,0.00,0.35,69,60,-1,0.0,0.0,0.7,0.1,-0.00,0.01,0.00,0.00,0.00,0.00,-0.12,0.33,79,-1,0,8,-15.2,0.54,0.235,0.238,8.88,0,26,0,209.5,0.5,0.9,60.5,0.00,0,-0.1,-0.1
8.00,climb,331.10,18.90,0.240,1,4239.8,-3265.4,-2347.3,3630.9,0.00,0.35,67,52,-1,0.0,0.0,0.7,0.1,-0.00,0.00,0.00,0.00,0.00,0.00,-0.14,0.32,79,-1,0,11,-15.2,0.53,0.244,0.245,8.35,0,26,0,216.8,0.6,0.8,53.2,0.00,0,-0.1,-0.1
8.10,climb,331.90,18.10,0.237,1,4239.8,-3265.3,-2347.3,3630.8,0.00,0.35,65,52,-1,0.0,0.0,0.7,0.1,0.00,0.00,0.00,0.00,0.00,0.00,-0.15,0.32,79,-1,0,13,-10.5,0.48,0.240,0.241,8.04,0,26,0,216.8,0.6,0.8,53.2,0.00,0,-0.2,-0.1
8.20,climb,332.66,17.34,0.235,1,4239.8,-3265.3,-2347.3,3630.8,0.00,0.35,63,52,-1,0.0,0.0,0.6,0.1,0.00,-0.00,0.00,0.00,0.00,0.00,-0.16,0.31,79,-1,0,15,-1.2,0.42,0.238,0.239,7.73,0,26,0,216.8,0.6,0.8,53.2,0.00,0,-0.7,-0.0
8.30,climb,333.40,16.60,0.234,1,4239.8,-3265.3,-2347.3,3630.8,0.00,0.35,61,52,-1,0.0,0.0,0.6,0.1,0.00,-0.01,0.00,0.00,0.00,0.00,-0.17,0.31,79,-1,0,17,-1.2,0.36,0.235,0.238,7.43,0,26,0,216.8,0.6,0.8,53.2,0.00,0,-0.7,-0.0
8.40,climb,334.28,15.72,0.228,1,4239.8,-3265.2,-2347.3,3630.7,0.00,0.35,60,51,-1,0.0,0.0,0.5,0.1,-0.00,-0.01,0.00,0.00,0.00,0.00,-0.18,0.30,79,-1,0,18,7.9,0.29,0.229,0.234,7.13,0,26,0,217.7,0.4,0.6,52.3,0.00,0,-1.0,0.3
8.50,climb,334.78,15.22,0.232,1,4239.8,-3265.2,-2347.3,3630.7,0.00,0.35,58,51,-1,0.0,0.0,0.4,0.0,-0.00,-0.01,0.00,0.00,0.00,0.00,-0.18,0.30,79,-1,0,20,7.9,0.23,0.233,0.239,6.83,0,26,0,217.7,0.4,0.6,52.3,0.00,0,-1.0,0.3
8.60,climb,335.43,14.57,0.232,1,4239.8,-3265.1,-2347.3,3630.7,0.00,0.35,57,51,-1,0.0,0.0,0.3,0.0,-0.00,-0.02,0.00,0.00,0.00,0.00,-0.19,0.30,79,-1,0,21,15.1,0.18,0.232,0.240,6.54,0,26,0,217.7,0.4,0.6,52.3,0.00,0,-1.1,0.4
8.70,climb,336.05,13.95,0.232,1,4239.8,-3265.1,-2347.3,3630.6,0.00,0.35,56,51,-1,0.0,0.0,0.2,-0.0,-0.01,-0.02,0.00,0.00,0.00,0.00,-0.19,0.29,79,-1,0,22,17.8,0.13,0.232,0.242,6.25,0,26,0,217.7,0.4,0.6,52.3,0.00,0,-1.1,0.5
8.80,climb,336.64,13.36,0.233,1,4239.8,-3265.1,-2347.3,3630.6,0.00,0.35,56,57,-1,0.0,0.0,0.0,-0.1,-0.01,-0.02,0.00,0.00,0.00,0.00,-0.19,0.29,79,-1,0,21,17.8,0.07,0.233,0.243,5.97,0,26,0,212.1,359.9,359.9,57.9,0.00,0,-1.1,0.5
8.90,climb,337.20,12.80,0.234,1,4239.8,-3265.0,-2347.3,3630.6,0.00,0.35,56,57,-1,0.0,0.0,-0.1,-0.1,-0.01,-0.02,0.00,0.00,0.00,0.00,-0.19,0.29,79,-1,0,21,21.9,0.03,0.234,0.246,5.69,0,26,0,212.1,359.9,359.9,57.9,0.00,0,-1.1,0.5
9.00,climb,337.74,12.26,0.236,1,4239.8,-3265.0,-2347.3,3630.5,0.00,0.35,57,57,-1,0.0,0.0,-0.2,-0.2,-0.01,-0.02,0.00,0.00,0.00,0.00,-0.19,0.29,79,-1,0,21,21.9,-0.01,0.236,0.248,5.41,0,26,0,212.1,359.9,359.9,57.9,0.00,0,-1.1,0.5
9.10,climb,338.24,11.76,0.239,1,4239.8,-3265.0,-2347.3,3630.5,0.00,0.35,57,57,-1,0.0,0.0,-0.2,-0.2,-0.01,-0.02,0.00,0.00,0.00,0.00,-0.19,0.29,79,-1,0,21,23.8,-0.04,0.239,0.250,5.14,0,26,0,212.1,359.9,359.9,57.9,0.00,0,-0.9,0.6
9.20,climb,338.73,11.27,0.242,1,4239.8,-3264.9,-2347.3,3630.5,0.00,0.35,58,66,-1,0.0,0.0,-0.3,-0.3,-0.01,-0.02,0.00,0.00,0.00,0.00,-0.19,0.30,79,-1,0,20,24.2,-0.08,0.242,0.254,4.87,0,26,0,203.1,359.5,358.9,66.9,0.00,0,-0.9,0.6
9.30,climb,339.18,10.82,0.245,1,4239.8,-3264.9,-2347.3,3630.4,0.00,0.35,59,66,-1,0.0,0.0,-0.4,-0.4,-0.01,-0.02,0.00,0.00,0.00,0.00,-0.18,0.30,79,-1,0,19,24.2,-0.11,0.246,0.258,4.60,0,26,0,203.1,359.5,358.9,66.9,0.00,0,-0.9,0.6
9.40,climb,339.61,10.39,0.250,1,4239.8,-3264.9,-2347.3,3630.4,0.00,0.35,60,66,-1,0.0,0.0,-0.5,-0.5,-0.01,-0.02,0.00,0.00,0.00,0.00,-0.17,0.31,79,-1,0,18,24.3,-0.13,0.250,0.263,4.33,0,26,0,203.1,359.5,358.9,66.9,0.00,0,-0.9,0.5
9.50,climb,340.01,9.99,0.255,1,4239.8,-3264.8,-2347.3,3630.4,0.00,0.35,61,66,-1,0.0,0.0,-0.5,-0.5,-0.01,-0.01,0.00,0.00,0.00,0.00,-0.17,0.31,79,-1,0,17,23.4,-0.14,0.255,0.266,4.07,0,26,0,203.1,359.5,358.9,66.9,0.00,0,-0.6,0.1
9.60,cruise,340.38,9.62,0.310,1,4239.8,-3264.8,-2347.3,3630.3,0.00,0.35,63,75,-1,4.0,4.0,-0.5,-0.5,-0.06,-0.07,0.00,0.00,0.00,0.00,-0.16,0.31,79,-1,0,1,23.4,-0.44,0.314,0.355,3.81,0,26,0,193.6,359.3,357.2,76.4,0.00,1,-0.6,0.1
9.70,cruise,340.73,9.27,0.317,1,4239.8,-3264.8,-2347.3,3630.3,0.00,0.26,65,75,-1,8.0,8.0,-0.6,-0.5,-0.11,-0.11,0.00,0.00,0.00,0.00,-0.15,0.32,79,-1,0,-1,21.0,-0.47,0.321,0.392,3.55,0,26,0,191.3,359.3,356.8,78.7,0.00,1,-0.0,-0.7
9.80,cruise,341.08,8.92,0.316,1,4239.8,-3264.8,-2347.3,3630.3,0.00,0.26,67,75,-1,12.0,12.0,-0.5,-0.5,-0.14,-0.15,0.00,0.00,0.00,0.00,-0.10,0.24,79,-1,0,-3,21.0,-0.48,0.321,0.414,3.43,0,26,0,189.3,359.5,356.7,80.7,0.00,1,-0.0,-0.7
9.90,cruise,341.51,8.49,0.303,1,4239.8,-3264.7,-2347.3,3630.2,0.00,0.18,68,75,-1,16.0,16.0,-0.4,-0.2,-0.16,-0.18,0.00,0.00,0.00,0.00,-0.07,0.16,79,-1,0,-5,14.0,-0.45,0.307,0.409,3.51,0,26,0,187.6,359.8,358.1,82.4,0.00,1,3.1,-4.9
10.00,cruise,341.77,8.23,0.295,1,4239.8,-3264.7,-2347.3,3630.2,0.00,0.00,70,83,-1,20.0,20.0,0.0,0.4,-0.14,-0.18,0.00,0.00,0.00,0.00,-0.06,0.17,79,-1,0,-6,9.2,-0.40,0.298,0.393,3.56,0,26,0,186.3,0.4,3.4,83.7,0.00,1,5.9,-8.7
10.10,cruise,342.12,7.88,0.282,1,4239.8,-3264.7,-2347.3,3630.2,0.00,0.00,72,83,-1,24.0,24.0,0.7,1.3,-0.09,-0.17,0.00,0.00,0.00,0.00,0.00,0.00,79,-1,0,-7,4.2,-0.32,0.284,0.359,3.66,0,26,0,185.5,1.4,14.4,84.5,0.00,1,8.9,-12.5
10.20,cruise,342.47,7.53,0.270,1,4239.8,-3264.7,-2347.3,3630.2,0.00,0.00,74,83,-1,28.0,28.0,1.6,2.7,-0.04,-0.15,0.00,0.00,0.00,0.00,0.00,0.00,79,-1,0,-7,4.2,-0.22,0.271,0.323,3.72,0,26,0,185.2,2.8,28.7,84.8,0.00,1,8.9,-12.5
10.30,cruise,342.81,7.19,0.263,1,4239.9,-3264.7,-2347.3,3630.2,0.35,-0.18,75,83,-1,32.0,32.0,3.0,4.3,-0.00,-0.10,0.00,0.00,0.00,0.00,0.00,0.00,79,-1,0,-7,-3.9,-0.13,0.263,0.289,3.72,0,26,0,185.2,4.6,41.4,84.8,0.00,1,15.5,-18.0
10.40,cruise,343.13,6.87,0.259,1,4239.9,-3264.7,-2347.4,3630.2,0.35,0.00,76,83,-1,33.5,33.6,4.6,6.1,0.04,-0.01,0.00,0.00,0.00,0.00,0.38,-0.09,79,-1,0,-7,-6.7,-0.05,0.259,0.273,3.65,0,26,0,185.5,6.6,50.0,84.5,0.00,1,18.4,-19.5
10.50,cruise,343.43,6.57,0.259,1,4239.9,-3264.7,-2347.4,3630.2,0.35,0.00,78,83,-1,33.9,33.8,6.7,8.1,0.08,0.08,0.01,0.00,0.00,0.00,0.34,0.08,79,-1,0,-6,-8.7,0.01,0.259,0.301,3.53,0,26,0,186.0,8.8,55.6,84.0,0.00,1,20.6,-20.1
10.60,cruise,343.72,6.28,0.260,1,4239.9,-3264.7,-2347.4,3630.2,0.35,0.00,79,83,-1,34.3,33.9,8.9,10.0,0.08,0.13,0.11,0.00,0.00,0.00,0.34,0.07,79,-1,0,-6,-8.7,0.06,0.260,0.316,3.41,0,26,0,186.6,11.0,59.2,83.4,0.00,1,20.6,-20.1
10.70,cruise,343.98,6.02,0.264,1,4239.9,-3264.7,-2347.4,3630.2,0.00,0.18,80,83,-1,34.7,33.9,11.3,11.8,0.06,0.15,0.21,0.00,0.00,0.00,-0.03,0.17,79,-1,0,-5,-10.0,0.10,0.264,0.322,3.26,0,26,0,187.2,13.2,61.6,82.8,0.00,1,21.3,-19.5
10.80,cruise,344.23,5.77,0.271,1,4239.9,-3264.6,-2347.4,3630.2,-0.35,0.70,81,81,-1,35.2,33.9,13.6,13.6,0.05,0.14,0.30,0.00,0.00,0.00,-0.07,0.43,79,-1,0,-4,-10.5,0.12,0.271,0.323,3.07,0,26,0,187.8,15.4,63.4,82.2,0.00,1,18.5,-18.5
10.90,cruise,344.46,5.54,0.278,1,4239.9,-3264.5,-2347.4,3630.1,-0.35,1.05,81,81,-1,35.7,33.9,15.8,15.3,0.04,0.11,0.38,0.00,0.00,0.00,-0.45,0.64,79,-1,0,-4,-10.0,0.13,0.278,0.319,2.90,0,26,0,188.4,17.5,64.8,81.6,0.00,1,15.9,-17.9
11.00,cruise,344.67,5.33,0.287,1,4239.9,-3264.5,-2347.4,3630.0,-0.35,1.05,82,81,-1,36.2,33.9,17.7,16.9,0.03,0.06,0.46,0.00,0.00,0.00,-0.49,1.00,79,-1,0,-3,-10.0,0.14,0.288,0.315,2.71,0,26,0,189.0,19.5,65.9,81.1,0.00,1,15.9,-17.9
11.10,cruise,344.86,5.14,0.298,1,4239.7,-3264.2,-2347.3,3629.9,-1.05,1.76,83,81,-1,36.6,34.0,19.4,18.5,0.03,0.01,0.53,0.00,0.00,0.00,-0.86,1.22,79,-1,0,-3,-8.0,0.13,0.298,0.311,2.50,0,26,0,189.6,21.5,66.9,80.6,0.00,1,10.5,-16.6
11.20,cruise,345.04,4.96,0.309,1,4239.7,-3264.2,-2347.2,3629.7,-1.05,1.76,83,79,-1,37.0,34.0,20.8,20.0,0.02,-0.03,0.59,0.00,0.00,0.00,-1.25,1.62,79,-1,0,-2,-8.0,0.11,0.309,0.326,2.30,0,26,0,190.0,23.3,67.7,80.2,0.00,1,10.5,-16.6
11.30,cruise,345.21,4.79,0.318,1,4239.4,-3263.8,-2347.1,3629.5,-1.76,2.72,84,79,-1,37.3,34.1,22.0,21.4,0.02,-0.06,0.65,0.00,0.00,0.00,-1.63,2.04,79,-1,0,-2,-5.3,0.09,0.318,0.344,2.15,0,26,0,190.4,25.0,68.5,79.9,0.00,1,7.4,-14.9
11.40,cruise,345.36,4.64,0.326,1,4239.4,-3263.8,-2346.9,3629.3,-1.76,2.72,85,79,-1,37.6,34.2,23.1,22.8,0.02,-0.08,0.70,0.00,0.00,0.00,-2.01,2.55,79,-1,0,-2,-5.3,0.07,0.327,0.360,2.03,0,26,0,190.7,26.7,69.3,79.7,0.00,1,7.4,-14.9
11.50,cruise,345.51,4.49,0.334,1,4239.2,-3263.4,-2346.7,3628.9,-2.11,3.25,85,79,-1,37.9,34.3,24.2,24.2,0.02,-0.09,0.75,0.00,0.00,0.00,-2.37,3.07,79,-1,0,-2,-3.9,0.04,0.334,0.370,1.92,0,26,0,190.9,28.1,70.3,79.6,0.00,1,6.9,-14.0
11.60,cruise,345.65,4.35,0.340,1,4238.8,-3262.7,-2346.5,3628.6,-2.46,4.31,86,78,-1,38.2,34.4,25.3,25.5,0.03,-0.08,0.80,0.00,0.00,0.00,-2.54,3.61,79,-1,0,-2,-0.9,0.01,0.340,0.376,1.86,0,26,0,190.8,29.5,71.4,79.8,0.00,1,9.0,-12.0
11.70,cruise,345.79,4.21,0.345,1,4238.5,-3262.2,-2346.3,3628.2,-2.81,5.01,87,78,-1,38.6,34.4,26.4,26.8,0.04,-0.06,0.85,0.00,0.00,0.00,-2.70,4.16,79,-1,0,-2,0.5,-0.03,0.345,0.378,1.84,0,26,0,190.4,30.9,72.9,80.2,0.00,1,10.9,-11.1
11.80,cruise,345.92,4.08,0.351,1,4238.5,-3262.2,-2346.0,3627.7,-2.81,5.01,88,78,-1,39.0,34.5,27.8,28.2,0.06,-0.03,0.90,0.00,0.00,0.00,-3.02,4.89,79,-1,0,-3,0.5,-0.07,0.352,0.382,1.80,0,26,0,189.8,32.1,74.6,80.8,0.00,1,10.9,-11.1
11.90,cruise,346.05,3.95,0.359,1,4238.2,-3261.6,-2345.7,3627.1,-3.16,5.71,89,78,-1,39.4,34.5,29.3,29.6,0.07,-0.01,0.95,0.00,0.00,0.00,-3.31,5.63,79,-1,0,-4,1.4,-0.10,0.359,0.385,1.77,0,26,0,188.9,33.2,76.5,81.7,0.00,1,12.7,-10.3
12.00,cruise,346.18,3.82,0.367,1,4237.4,-3260.3,-2345.3,3626.5,-3.87,7.12,90,81,-1,39.8,34.4,30.8,30.9,0.07,0.02,1.00,0.00,0.00,0.00,-3.51,6.42,79,-1,0,-5,1.5,-0.13,0.367,0.398,1.76,0,26,0,187.9,34.2,78.5,82.7,0.00,1,15.4,-7.7
12.10,cruise,346.30,3.70,0.377,1,4237.0,-3259.5,-2344.9,3625.8,-4.22,7.82,92,81,-1,40.2,34.3,32.6,32.1,0.07,0.04,1.00,0.00,0.00,0.00,-3.67,7.22,79,-1,0,-6,0.7,-0.15,0.378,0.419,1.71,0,26,0,186.8,35.1,80.4,83.7,0.00,1,16.2,-6.3
12.20,cruise,346.42,3.58,0.389,1,4236.6,-3258.7,-2344.5,3625.0,-4.75,8.70,93,81,-1,40.7,34.1,34.3,33.2,0.06,0.06,1.00,0.00,0.00,0.00,-3.78,8.04,79,-1,0,-7,-0.7,-0.15,0.389,0.438,1.65,0,26,0,185.6,35.8,82.2,84.7,0.00,1,16.0,-4.9
12.30,cruise,346.54,3.46,0.400,1,4236.0,-3257.8,-2344.1,3624.2,-5.27,9.58,95,81,-1,41.2,33.9,36.1,34.1,0.05,0.07,1.00,0.00,0.00,0.00,-4.01,9.07,79,-1,0,-8,-2.5,-0.14,0.401,0.446,1.61,0,26,0,184.6,36.4,83.7,85.6,0.00,1,15.0,-3.0
12.40,cruise,346.67,3.33,0.411,1,4235.5,-3256.7,-2343.5,3623.3,-5.80,10.46,97,85,-1,41.8,33.7,37.8,34.7,0.02,0.07,1.00,0.00,0.00,0.00,-4.09,10.14,79,-1,0,-8,-4.8,-0.12,0.411,0.447,1.56,0,26,0,183.9,36.7,84.8,86.3,0.00,1,13.4,-1.2
12.50,cruise,346.79,3.21,0.421,1,4234.8,-3255.6,-2343.0,3622.2,-6.50,11.34,99,85,-1,42.3,33.5,39.3,35.0,-0.01,0.06,1.00,0.00,0.00,0.00,-4.12,11.23,79,-1,0,-9,-7.2,-0.08,0.421,0.452,1.49,0,26,0,183.4,36.8,85.4,86.7,0.00,1,11.0,-0.0
12.60,cruise,346.92,3.08,0.429,1,4234.8,-3255.6,-2342.3,3621.1,-6.50,11.34,101,85,-1,42.8,33.3,40.7,34.9,-0.04,0.05,1.00,0.00,0.00,0.00,-4.30,12.34,79,-1,0,-9,-7.2,-0.03,0.429,0.468,1.42,0,26,0,183.4,36.9,85.4,86.6,0.00,1,11.0,-0.0
12.70,cruise,347.05,2.95,0.435,1,4233.4,-3253.1,-2341.6,3619.9,-7.91,13.10,102,85,-1,43.3,33.2,41.9,34.6,-0.07,0.04,1.00,0.00,0.00,0.00,-4.46,13.46,79,-1,0,-8,-11.7,0.02,0.435,0.481,1.36,0,26,0,183.8,36.9,84.9,86.2,0.00,1,6.4,0.2
12.80,cruise,347.19,2.81,0.437,1,4232.5,-3251.8,-2340.9,3618.6,-8.61,14.06,103,84,-1,43.9,33.0,42.9,34.1,-0.09,0.03,1.00,0.00,0.00,0.00,-4.64,14.58,79,-1,0,-7,-13.3,0.08,0.437,0.487,1.34,0,26,0,184.6,37.0,83.9,85.3,0.00,1,3.7,-1.0
12.90,cruise,347.33,2.67,0.450,1,4232.5,-3251.8,-2340.0,3617.3,-8.61,14.06,105,84,-1,44.3,32.9,43.7,33.5,-0.09,0.01,1.00,0.00,0.00,0.00,-4.81,15.77,79,-1,0,-6,-13.3,0.14,0.451,0.498,1.35,0,26,0,185.8,37.2,82.4,84.1,0.00,1,3.7,-1.0
13.00,cruise,347.47,2.53,0.480,1,4231.6,-3250.3,-2339.1,3615.8,-9.32,15.03,105,84,-1,44.8,32.9,44.4,32.9,-0.09,-0.01,1.00,0.00,0.00,0.00,-4.99,16.96,79,-1,0,-5,-13.9,0.18,0.481,0.526,1.36,0,26,0,187.1,37.6,80.8,82.7,0.00,1,1.2,-2.8
13.10,cruise,347.62,2.38,0.510,1,4230.6,-3248.7,-2338.1,3614.2,-10.20,15.91,106,84,-1,45.2,32.9,44.9,32.5,-0.07,-0.01,1.00,0.00,0.00,0.00,-5.38,18.11,79,-1,0,-3,-13.6,0.21,0.511,0.555,1.42,0,26,0,188.6,38.3,79.2,81.1,0.00,1,-0.7,-5.3
13.20,cruise,347.77,2.23,0.540,1,4228.4,-3245.3,-2337.0,3612.6,-11.78,17.93,106,79,-1,45.6,33.1,45.4,32.5,-0.05,-0.02,1.00,0.00,0.00,0.00,-5.95,19.29,79,-1,0,-2,-10.0,0.21,0.541,0.575,1.55,0,26,0,190.0,39.2,77.8,79.7,0.00,1,-2.1,-11.1
13.30,cruise,347.94,2.06,0.570,1,4227.1,-3243.4,-2335.9,3610.8,-12.83,19.07,106,79,-1,46.0,33.3,45.8,32.9,-0.02,-0.02,1.00,0.00,0.00,0.00,-6.29,20.51,79,-1,0,-1,-6.9,0.19,0.571,0.591,1.74,0,26,0,191.3,40.5,76.8,78.5,0.00,1,-2.5,-14.2
13.40,cruise,348.18,1.82,0.600,1,4225.8,-3241.4,-2334.6,3608.9,-13.54,20.21,106,79,-1,46.5,33.6,46.3,33.9,0.02,-0.02,1.00,0.00,0.00,0.00,-6.89,21.93,78,-1,0,0,-3.3,0.14,0.601,0.624,2.04,0,26,0,192.4,42.0,76.3,77.7,0.00,1,-2.9,-16.6
13.50,cruise,348.34,1.66,0.600,1,4225.8,-3241.4,-2333.3,3606.9,-13.54,20.21,107,79,-1,46.8,34.0,46.6,35.2,0.05,-0.03,1.00,0.00,0.00,0.00,-7.07,23.28,78,-1,0,1,-3.3,0.08,0.600,0.646,2.36,0,26,0,193.2,43.7,76.2,77.2,0.00,1,-2.9,-16.6
13.60,cruise,348.58,1.42,0.600,1,4222.8,-3237.0,-2331.9,3604.8,-15.29,23.20,107,75,-1,47.2,34.6,47.0,37.0,0.08,-0.03,1.00,0.00,0.00,0.00,-7.43,24.90,78,-1,0,1,4.2,0.00,0.600,0.664,2.74,0,26,0,193.7,45.4,76.5,77.2,0.00,1,-2.0,-17.3
13.70,cruise,348.86,1.14,0.600,1,4221.3,-3234.6,-2330.3,3602.5,-16.00,24.79,108,75,-1,47.7,35.3,47.3,38.9,0.10,-0.03,1.00,0.00,0.00,0.00,-7.60,26.73,78,-1,0,0,7.1,-0.08,0.600,0.679,3.14,0,26,0,193.8,47.0,77.1,77.5,0.00,1,-1.8,-15.8
13.80,cruise,349.17,0.83,0.600,1,4221.3,-3234.6,-2328.8,3600.1,-16.00,24.79,108,75,-1,48.1,36.2,47.4,40.8,0.10,-0.05,1.00,0.00,0.00,0.00,-7.46,28.54,78,-1,0,-0,7.1,-0.15,0.601,0.692,3.50,0,26,0,193.6,48.4,77.9,78.1,0.00,1,-1.8,-15.8
13.90,cruise,349.52,0.48,0.600,1,4219.6,-3232.0,-2327.1,3597.5,-16.70,26.37,109,75,-1,48.5,37.1,47.5,42.5,0.10,-0.06,1.00,0.00,0.00,0.00,-7.22,30.36,78,-1,0,-1,8.8,-0.20,0.601,0.695,3.81,0,26,0,193.1,49.5,78.7,78.9,0.00,1,-1.3,-12.9
14.00,cruise,349.90,0.10,0.500,1,4216.1,-3226.3,-2325.4,3594.7,-17.75,29.71,110,77,-1,49.0,38.0,47.5,43.8,0.09,-0.08,1.00,0.00,0.00,0.00,-6.59,32.24,78,-1,0,-2,8.2,-0.22,0.501,0.588,4.08,0,26,0,192.3,50.1,79.6,79.8,0.00,1,2.1,-3.4
14.10,cruise,350.32,-0.32,0.400,1,4216.1,-3226.3,-2323.6,3591.8,-17.75,29.71,111,77,-1,49.6,38.9,47.5,44.6,0.07,-0.10,1.00,0.00,0.00,0.00,-5.92,34.10,78,-1,0,-3,8.2,-0.22,0.401,0.472,4.32,0,26,0,191.3,50.3,80.6,80.7,0.00,1,2.1,-3.4
14.20,cruise,350.76,-0.76,0.300,1,4212.5,-3220.0,-2321.8,3588.7,-18.63,32.43,112,77,-1,50.3,39.6,47.7,44.9,0.04,-0.12,1.00,0.00,0.00,0.00,-5.28,35.85,78,-1,0,-4,2.8,-0.19,0.301,0.350,4.46,0,26,0,190.2,50.1,81.4,81.6,0.00,1,7.1,4.5
14.30,cruise,351.18,-1.18,0.265,1,4212.5,-3220.0,-2320.0,3585.5,-18.63,32.43,113,77,-1,50.9,40.1,48.2,44.9,0.00,-0.10,1.00,0.00,0.00,0.00,-4.63,37.11,78,-1,0,-5,2.8,-0.15,0.265,0.292,4.36,0,26,0,189.0,49.6,82.3,82.5,0.00,1,7.1,4.5
14.40,cruise,351.57,-1.57,0.278,1,4210.6,-3216.7,-2318.1,3582.2,-18.98,33.31,114,81,-1,51.7,40.2,48.9,44.8,-0.03,-0.06,1.00,0.00,0.00,0.00,-3.77,38.15,78,-1,0,-6,0.2,-0.12,0.278,0.302,4.03,0,26,0,187.6,48.9,83.3,83.5,0.00,1,10.3,7.0
14.50,cruise,351.91,-1.91,0.303,1,4208.7,-3213.3,-2316.2,3578.8,-18.98,33.84,115,81,-1,52.3,40.1,49.9,44.5,-0.04,-0.01,1.00,0.00,0.00,0.00,-2.79,38.70,78,-1,0,-7,-2.0,-0.09,0.303,0.318,3.52,0,26,0,186.3,48.1,84.3,84.5,0.00,1,12.7,8.7
14.60,cruise,352.19,-2.19,0.336,1,4204.8,-3206.4,-2314.3,3575.4,-19.34,34.80,116,81,-1,53.0,39.8,51.2,44.3,-0.03,0.03,1.00,0.00,0.00,0.00,-2.05,39.22,78,-1,0,-8,-5.5,-0.08,0.336,0.358,2.98,0,26,0,185.0,47.3,85.4,85.5,0.00,1,15.9,8.6
14.70,cruise,352.42,-2.42,0.371,1,4202.9,-3202.9,-2312.3,3571.9,-19.69,35.42,117,81,-1,53.6,39.3,52.6,44.1,-0.03,0.06,1.00,0.00,0.00,0.00,-1.30,39.79,78,-1,0,-9,-7.2,-0.06,0.371,0.404,2.48,0,26,0,183.8,46.5,86.4,86.4,0.00,1,16.3,8.2
14.80,cruise,352.61,-2.61,0.406,1,4200.9,-3199.3,-2310.4,3568.4,-20.21,36.12,118,86,-1,54.2,38.7,54.1,43.8,-0.02,0.08,1.00,0.00,0.00,0.00,-0.41,40.52,78,-1,0,-9,-9.0,-0.04,0.406,0.449,2.04,0,26,0,182.8,45.8,87.2,87.2,0.00,1,15.7,7.2
14.90,cruise,352.76,-2.76,0.419,1,4200.9,-3199.3,-2308.4,3564.8,-20.21,36.12,120,86,-1,54.8,38.1,55.6,43.6,-0.02,0.10,1.00,0.00,0.00,0.00,0.30,41.39,78,-1,0,-10,-9.0,-0.02,0.419,0.468,1.68,0,26,0,182.2,45.2,87.8,87.8,0.00,1,15.7,7.2
15.00,cruise,352.88,-2.88,0.427,1,4198.8,-3195.7,-2306.3,3561.2,-20.92,36.83,121,86,-1,55.3,37.3,57.1,43.1,-0.03,0.10,1.00,0.00,0.00,0.00,0.79,42.35,78,-1,0,-10,-10.4,0.01,0.427,0.480,1.35,0,26,0,181.8,44.6,88.1,88.0,0.00,1,14.4,6.2
15.10,cruise,352.97,-2.97,0.436,1,4196.6,-3191.9,-2304.1,3557.4,-21.62,37.71,121,86,-1,55.8,36.6,58.3,42.5,-0.04,0.08,1.00,0.00,0.00,0.00,1.26,43.45,78,-1,0,-10,-11.6,0.03,0.436,0.490,1.02,0,26,0,181.9,44.1,88.0,87.8,0.00,1,11.9,5.4
15.20,cruise,353.04,-3.04,0.447,1,4192.1,-3184.2,-2301.9,3553.6,-23.03,39.29,122,87,-1,56.2,36.0,59.2,41.5,-0.06,0.06,1.00,0.00,0.00,0.00,1.52,44.40,78,-1,0,-9,-13.3,0.07,0.447,0.498,0.67,0,26,0,182.5,43.8,87.4,87.1,0.00,1,5.3,3.3
15.30,cruise,353.07,-3.07,0.460,1,4189.8,-3180.2,-2299.6,3549.7,-23.91,40.17,123,87,-1,56.6,35.5,59.8,40.3,-0.07,0.03,1.00,0.00,0.00,0.00,1.70,45.51,78,-1,0,-8,-13.5,0.10,0.460,0.507,0.33,0,26,0,183.4,43.5,86.5,86.0,0.00,1,2.4,1.6
15.40,cruise,353.08,-3.08,0.473,1,4187.3,-3176.1,-2297.3,3545.7,-24.79,41.04,123,87,-1,56.9,35.1,60.2,39.0,-0.07,0.01,1.00,0.00,0.00,0.00,1.56,46.72,78,-1,0,-7,-13.1,0.14,0.474,0.514,-0.01,0,26,0,184.5,43.5,85.2,84.4,0.00,1,-0.2,-0.2
15.50,cruise,353.06,-3.06,0.487,1,4187.3,-3176.1,-2294.8,3541.6,-24.79,41.04,123,87,-1,57.1,34.8,60.4,37.6,-0.07,-0.01,1.00,0.00,0.00,0.00,1.25,47.93,78,-1,0,-5,-13.1,0.17,0.488,0.527,-0.32,0,26,0,185.9,43.6,83.8,82.7,0.00,1,-0.2,-0.2
15.60,cruise,353.02,-3.02,0.499,1,4182.2,-3167.7,-2292.3,3537.4,-26.54,42.80,122,82,-1,57.3,34.6,60.5,36.5,-0.07,-0.02,1.00,0.00,0.00,0.00,0.52,49.15,78,-1,0,-3,-9.6,0.18,0.500,0.541,-0.57,0,26,0,187.2,43.9,82.5,80.9,0.00,1,-2.7,-4.8
15.70,cruise,352.94,-2.94,0.511,1,4179.4,-3163.3,-2289.7,3533.2,-27.42,43.68,122,82,-1,57.4,34.6,60.6,35.7,-0.05,-0.02,1.00,0.00,0.00,0.00,-0.25,50.36,78,-1,0,-1,-6.9,0.16,0.511,0.550,-0.79,0,26,0,188.5,44.5,81.4,79.3,0.00,1,-2.9,-7.3
15.80,cruise,352.84,-2.84,0.521,1,4176.6,-3158.9,-2286.9,3528.8,-28.30,44.74,121,82,-1,57.5,34.6,60.7,35.6,-0.03,-0.02,1.00,0.00,0.00,0.00,-0.99,51.57,78,-1,0,-0,-3.7,0.13,0.522,0.547,-0.98,0,26,0,189.5,45.3,80.6,78.2,0.00,1,-2.4,-9.8
15.90,cruise,352.72,-2.72,0.530,1,4176.6,-3158.9,-2284.1,3524.4,-28.30,44.74,121,82,-1,57.5,34.6,60.8,36.1,-0.00,-0.01,1.00,0.00,0.00,0.00,-1.51,52.91,78,-1,0,0,-3.7,0.08,0.530,0.537,-1.10,0,26,0,190.2,46.4,80.3,77.5,0.00,1,-2.4,-9.8
16.00,cruise,352.58,-2.58,0.538,1,4173.7,-3154.3,-2281.2,3519.8,-29.18,45.79,120,78,-1,57.6,34.8,61.0,37.2,0.02,-0.00,1.00,0.00,0.00,0.00,-2.06,54.26,78,-1,0,0,-0.5,0.02,0.538,0.551,-1.19,0,26,0,190.6,47.6,80.3,77.4,0.00,1,-1.9,-11.9
16.10,cruise,352.42,-2.42,0.546,1,4170.8,-3149.7,-2278.3,3515.2,-30.06,46.85,120,78,-1,57.6,34.9,61.4,38.8,0.05,0.02,1.00,0.00,0.00,0.00,-2.31,55.61,78,-1,0,0,2.2,-0.04,0.546,0.582,-1.27,0,26,0,190.6,48.9,80.7,77.7,0.00,1,-0.9,-13.5
16.20,cruise,352.25,-2.25,0.554,1,4164.6,-3140.0,-2275.2,3510.4,-31.64,49.22,121,78,-1,57.5,35.0,61.8,40.7,0.07,0.03,1.00,0.00,0.00,0.00,-2.06,56.96,78,-1,0,-0,5.7,-0.10,0.554,0.605,-1.34,0,26,0,190.4,50.3,81.3,78.4,0.00,1,0.2,-12.8
16.30,cruise,352.07,-2.07,0.565,1,4164.6,-3140.0,-2272.1,3505.5,-31.64,49.22,121,78,-1,57.5,35.2,62.1,42.6,0.07,0.03,1.00,0.00,0.00,0.00,-1.61,58.49,78,-1,0,-1,5.7,-0.14,0.565,0.621,-1.45,0,26,0,190.1,51.5,82.0,79.2,0.00,1,0.2,-12.8
16.40,cruise,351.88,-1.88,0.577,1,4161.3,-3135.0,-2268.8,3500.5,-32.34,50.54,122,79,-1,57.5,35.5,62.4,44.2,0.07,0.02,1.00,0.00,0.00,0.00,-0.69,60.00,78,-1,0,-2,6.4,-0.17,0.578,0.628,-1.58,0,26,0,189.7,52.4,82.5,79.9,0.00,1,-0.1,-10.9
16.50,cruise,351.68,-1.68,0.591,1,4154.7,-3124.6,-2265.6,3495.3,-33.75,53.26,123,79,-1,57.2,35.6,62.4,45.4,0.06,-0.00,1.00,0.00,0.00,0.00,0.34,61.49,78,-1,0,-2,4.3,-0.17,0.592,0.626,-1.71,0,26,0,189.5,53.2,82.8,80.3,0.00,1,-3.1,-5.7
16.60,cruise,351.49,-1.49,0.604,1,4154.7,-3124.6,-2262.2,3490.1,-33.75,53.26,124,79,-1,57.0,35.7,62.2,45.9,0.04,-0.02,1.00,0.00,0.00,0.00,1.40,63.04,78,-1,0,-2,4.3,-0.14,0.605,0.638,-1.84,0,26,0,189.7,53.6,82.8,80.4,0.00,1,-3.1,-5.7
16.70,cruise,351.30,-1.30,0.616,1,4147.8,-3113.5,-2258.8,3484.6,-35.16,56.34,124,79,-1,56.7,35.7,61.8,45.8,0.01,-0.03,1.00,0.00,0.00,0.00,2.41,64.72,78,-1,0,-2,-1.8,-0.07,0.617,0.643,-1.94,0,26,0,190.2,53.7,82.5,80.0,0.00,1,-4.2,0.7
16.80,cruise,351.12,-1.12,0.627,1,4144.2,-3107.8,-2255.3,3479.0,-35.86,57.83,125,78,-1,56.5,35.6,61.4,45.0,-0.01,-0.03,1.00,0.00,0.00,0.00,3.01,66.34,78,-1,0,-1,-4.9,0.01,0.627,0.654,-2.01,0,26,0,191.0,53.6,81.8,79.2,0.00,1,-3.9,3.4
16.90,cruise,350.94,-0.94,0.636,1,4140.6,-3101.9,-2251.7,3473.3,-36.56,59.41,125,78,-1,56.3,35.3,61.0,43.7,-0.03,-0.03,1.00,0.00,0.00,0.00,3.32,67.97,78,-1,0,-0,-7.4,0.09,0.636,0.674,-2.03,0,26,0,191.9,53.2,81.0,78.1,0.00,1,-3.2,5.2
17.00,cruise,350.77,-0.77,0.641,1,4140.6,-3101.9,-2248.1,3467.4,-36.56,59.41,124,78,-1,56.2,34.9,60.6,42.2,-0.04,-0.03,1.00,0.00,0.00,0.00,3.34,69.68,78,-1,0,1,-7.4,0.17,0.642,0.687,-1.99,0,26,0,192.9,52.7,80.1,76.8,0.00,1,-3.2,5.2
17.10,cruise,350.62,-0.62,0.643,1,4133.1,-3089.6,-2244.4,3461.3,-37.97,62.40,124,78,-1,56.1,34.5,60.4,40.6,-0.04,-0.02,1.00,0.00,0.00,0.00,3.08,71.41,78,-1,0,2,-8.3,0.22,0.645,0.684,-1.88,0,26,0,193.8,52.3,79.2,75.6,0.00,1,-0.3,4.6
17.20,cruise,350.47,-0.47,0.643,1,4129.2,-3083.2,-2240.6,3455.1,-38.85,63.98,123,74,-1,56.0,34.0,60.5,39.4,-0.03,0.00,1.00,0.00,0.00,0.00,2.20,73.01,78,-1,0,3,-6.6,0.23,0.645,0.670,-1.74,0,26,0,194.5,51.9,78.6,74.6,0.00,1,1.3,2.9
17.30,cruise,350.32,-0.32,0.641,1,4129.2,-3083.2,-2236.7,3448.7,-38.85,63.98,122,74,-1,55.9,33.6,60.7,38.6,-0.02,0.02,1.00,0.00,0.00,0.00,1.26,74.84,78,-1,0,4,-6.6,0.21,0.643,0.667,-1.57,0,26,0,194.8,51.8,78.2,73.9,0.00,1,1.3,2.9
17.40,cruise,350.19,-0.19,0.637,1,4125.3,-3076.7,-2232.8,3442.2,-39.55,65.39,122,74,-1,55.8,33.3,60.9,38.5,0.00,0.03,1.00,0.00,0.00,0.00,0.48,76.42,78,-1,0,4,-3.5,0.15,0.638,0.655,-1.39,0,26,0,194.9,51.8,78.2,73.8,0.00,1,1.8,1.0
17.50,cruise,350.06,-0.06,0.634,1,4117.1,-3063.3,-2228.8,3435.6,-41.31,68.38,121,74,-1,55.7,33.1,61.0,38.9,0.02,0.02,1.00,0.00,0.00,0.00,-0.24,78.08,78,-1,0,4,5.3,0.06,0.634,0.663,-1.21,0,26,0,194.6,51.9,78.5,74.2,0.00,1,0.9,-1.9
17.60,cruise,349.94,0.06,0.633,1,4117.1,-3063.3,-2224.6,3428.8,-41.31,68.38,121,75,-1,55.5,33.2,61.0,39.9,0.04,0.02,1.00,0.00,0.00,0.00,-0.52,79.89,78,-1,0,3,5.3,-0.05,0.633,0.671,-1.08,0,26,0,193.9,52.0,79.1,75.1,0.00,1,0.9,-1.9
17.70,cruise,349.82,0.18,0.634,1,4113.0,-3056.3,-2220.5,3421.8,-42.01,69.79,121,75,-1,55.3,33.4,60.9,41.2,0.06,0.01,1.00,0.00,0.00,0.00,-0.43,81.45,78,-1,0,1,9.4,-0.16,0.634,0.677,-0.99,0,26,0,192.9,52.1,79.9,76.5,0.00,1,0.3,-2.2
17.80,cruise,349.72,0.28,0.635,1,4108.7,-3049.3,-2216.2,3414.8,-42.89,71.19,121,75,-1,55.1,33.9,60.5,42.4,0.07,-0.02,1.00,0.00,0.00,0.00,-0.25,83.11,78,-1,0,0,12.5,-0.25,0.638,0.690,-0.93,0,26,0,191.8,52.1,80.7,77.9,0.00,1,-1.1,-1.6
17.90,cruise,349.62,0.38,0.637,1,4099.9,-3034.7,-2211.8,3407.5,-44.30,74.00,121,75,-1,54.9,34.4,59.8,43.3,0.05,-0.04,1.00,0.00,0.00,0.00,0.16,84.68,78,-1,0,-1,12.3,-0.30,0.641,0.702,-0.88,0,26,0,190.9,51.8,81.4,79.1,0.00,1,-3.3,4.1
18.00,cruise,349.55,0.45,0.638,1,4095.4,-3027.2,-2207.4,3400.2,-45.04,75.41,122,79,-1,54.6,35.0,59.0,43.5,0.04,-0.05,1.00,0.00,0.00,0.00,0.95,86.24,78,-1,0,-2,9.1,-0.29,0.641,0.698,-0.81,0,26,0,190.0,51.2,81.9,80.1,0.00,1,-2.6,7.3
18.10,cruise,349.49,0.51,0.635,1,4090.9,-3019.5,-2202.9,3392.7,-45.79,76.82,122,79,-1,54.5,35.3,58.2,43.2,0.01,-0.05,1.00,0.00,0.00,0.00,1.48,87.83,78,-1,0,-3,4.2,-0.24,0.637,0.680,-0.69,0,26,0,189.3,50.3,82.3,80.8,0.00,1,-1.0,9.8
18.20,cruise,349.46,0.54,0.631,1,4090.9,-3019.5,-2198.4,3385.0,-45.79,76.82,122,79,-1,54.4,35.4,57.7,42.4,-0.01,-0.04,1.00,0.00,0.00,0.00,1.69,89.41,78,-1,0,-3,4.2,-0.15,0.632,0.666,-0.56,0,26,0,188.9,49.2,82.3,81.0,0.00,1,-1.0,9.8
18.30,cruise,349.46,0.54,0.624,1,4086.3,-3011.7,-2193.8,3377.2,-46.32,78.05,122,79,-1,54.4,35.2,57.4,41.0,-0.04,-0.02,1.00,0.00,0.00,0.00,1.61,90.74,78,-1,0,-3,-1.4,-0.03,0.624,0.663,-0.39,0,26,0,188.8,48.0,82.1,80.8,0.00,1,0.8,12.1
18.40,cruise,349.48,0.52,0.615,1,4076.8,-2995.8,-2189.1,3369.3,-47.90,80.51,121,80,-1,54.6,34.8,57.4,39.2,-0.06,-0.00,1.00,0.00,0.00,0.00,0.99,92.33,78,-1,0,-2,-11.5,0.09,0.615,0.652,-0.20,0,26,0,189.0,46.8,81.5,80.2,0.00,1,4.3,12.9
18.50,cruise,349.51,0.49,0.596,1,4076.8,-2995.8,-2184.3,3361.3,-47.90,80.51,121,80,-1,54.8,34.2,57.7,37.0,-0.08,0.03,1.00,0.00,0.00,0.00,0.02,93.68,78,-1,0,-1,-11.5,0.21,0.597,0.659,-0.01,0,26,0,189.6,45.6,80.6,79.1,0.00,1,4.3,12.9
18.60,cruise,349.56,0.44,0.576,1,4067.0,-2979.5,-2179.5,3353.2,-49.48,82.53,120,80,-1,55.0,33.6,58.2,34.7,-0.09,0.05,1.00,0.00,0.00,0.00,-1.38,94.94,78,-1,0,0,-16.6,0.31,0.579,0.661,0.17,0,26,0,190.5,44.7,79.4,77.5,0.00,1,5.7,9.9
18.70,cruise,349.62,0.38,0.560,1,4062.0,-2971.1,-2174.5,3345.0,-50.36,83.41,119,80,-1,55.2,32.9,58.8,32.3,-0.10,0.07,1.00,0.00,0.00,0.00,-3.33,96.17,78,-1,0,2,-15.7,0.38,0.565,0.657,0.33,0,26,0,191.4,44.0,78.2,75.7,0.00,1,5.5,7.2
18.80,cruise,349.69,0.31,0.548,1,4056.9,-2962.7,-2169.5,3336.6,-51.24,84.29,118,77,-1,55.4,32.4,59.4,30.2,-0.09,0.08,1.00,0.00,0.00,0.00,-5.98,97.25,78,-1,0,4,-12.3,0.39,0.554,0.644,0.46,0,26,0,192.3,43.6,77.1,74.0,0.00,1,4.3,3.6
18.90,cruise,349.76,0.24,0.542,1,4051.7,-2954.2,-2164.4,3328.2,-52.12,84.99,116,77,-1,55.5,32.0,59.8,28.8,-0.07,0.07,1.00,0.00,0.00,0.00,-8.63,98.26,78,-1,0,5,-7.1,0.35,0.546,0.620,0.54,0,26,0,193.0,43.4,76.3,72.6,0.00,1,2.0,0.1
19.00,cruise,349.82,0.18,0.540,1,4046.4,-2945.7,-2159.2,3319.7,-53.00,85.69,115,77,-1,55.6,31.9,60.1,28.2,-0.04,0.05,1.00,0.00,0.00,0.00,-11.18,99.07,78,-1,0,6,-0.4,0.26,0.542,0.588,0.55,0,26,0,193.5,43.6,75.9,71.8,0.00,1,-0.9,-3.7
19.10,cruise,349.86,0.14,0.540,1,4041.1,-2937.1,-2153.9,3311.2,-53.88,86.40,114,77,-1,55.6,32.1,60.0,28.8,-0.00,0.02,1.00,0.00,0.00,0.00,-13.33,99.87,78,-1,0,6,6.9,0.13,0.541,0.550,0.53,0,26,0,193.6,44.0,76.0,71.9,0.00,1,-3.4,-6.7
19.20,cruise,349.90,0.10,0.542,1,4035.6,-2928.4,-2148.6,3302.6,-54.58,87.10,113,76,-1,55.6,32.5,59.6,30.3,0.04,-0.01,1.00,0.00,0.00,0.00,-15.04,100.70,78,-1,0,5,13.5,-0.04,0.543,0.571,0.51,0,26,0,193.2,44.6,76.6,72.9,0.00,1,-5.7,-8.7
19.30,cruise,349.92,0.08,0.547,1,4035.6,-2928.4,-2143.1,3293.9,-54.58,87.10,113,76,-1,55.5,33.2,59.0,32.6,0.07,-0.05,1.00,0.00,0.00,0.00,-15.95,101.54,78,-1,0,3,13.5,-0.20,0.548,0.613,0.46,0,26,0,192.5,45.2,77.6,74.6,0.00,1,-5.7,-8.7
19.40,cruise,349.94,0.06,0.551,1,4030.1,-2919.6,-2137.6,3285.1,-55.28,87.80,113,76,-1,55.3,34.2,58.1,35.0,0.09,-0.08,1.00,0.00,0.00,0.00,-16.26,102.48,78,-1,0,1,18.5,-0.34,0.555,0.649,0.39,0,26,0,191.6,45.9,78.8,76.5,0.00,1,-7.8,-9.2
19.50,cruise,349.95,0.05,0.553,1,4018.9,-2901.8,-2132.0,3276.3,-56.51,89.56,113,76,-1,55.1,35.2,57.1,37.4,0.10,-0.09,1.00,0.00,0.00,0.00,-16.03,103.64,78,-1,0,-1,21.0,-0.44,0.559,0.666,0.37,0,26,0,190.4,46.4,80.1,78.5,0.00,1,-6.9,-6.2
19.60,cruise,349.97,0.03,0.551,1,4013.2,-2892.8,-2126.4,3267.3,-57.04,90.44,114,80,-1,54.9,36.2,56.2,39.4,0.10,-0.09,1.00,0.00,0.00,0.00,-14.65,104.88,78,-1,0,-3,17.9,-0.47,0.558,0.661,0.42,0,26,0,189.1,46.7,81.4,80.4,0.00,1,-4.1,-3.0
19.70,cruise,350.00,-0.00,0.548,1,4013.2,-2892.8,-2120.7,3258.3,-57.04,90.44,115,80,-1,54.7,37.0,55.5,40.8,0.08,-0.07,1.00,0.00,0.00,0.00,-13.18,106.11,78,-1,0,-4,17.9,-0.44,0.555,0.637,0.47,0,26,0,187.8,46.7,82.6,82.0,0.00,1,-4.1,-3.0
19.80,cruise,350.05,-0.05,0.544,1,4007.5,-2883.7,-2115.0,3249.2,-57.48,91.32,116,80,-1,54.6,37.4,55.2,41.5,0.05,-0.04,1.00,0.00,0.00,0.00,-11.68,107.27,78,-1,0,-5,11.9,-0.34,0.548,0.597,0.54,0,26,0,186.8,46.5,83.6,83.1,0.00,1,-0.6,0.7
19.90,cruise,350.11,-0.11,0.538,1,3995.9,-2865.2,-2109.2,3240.0,-58.36,92.99,117,80,-1,54.7,37.4,55.3,41.4,0.01,0.00,1.00,0.00,0.00,0.00,-10.43,108.31,78,-1,0,-6,-4.4,-0.20,0.539,0.546,0.62,0,26,0,186.1,46.0,84.1,83.8,0.00,1,6.2,7.8
20.00,cruise,350.19,-0.19,0.530,1,3990.0,-2855.9,-2103.4,3230.7,-58.80,93.78,117,83,-1,55.0,36.9,55.9,40.5,-0.03,0.04,1.00,0.00,0.00,0.00,-8.99,109.42,78,-1,0,-6,-12.3,-0.03,0.530,0.567,0.71,0,26,0,185.9,45.2,84.1,83.7,0.00,1,8.1,10.7
20.10,cruise,350.29,-0.29,0.521,1,3984.1,-2846.5,-2097.5,3221.4,-59.33,94.48,118,83,-1,55.3,36.1,56.6,38.7,-0.08,0.07,1.00,0.00,0.00,0.00,-8.19,110.38,78,-1,0,-5,-18.7,0.15,0.521,0.598,0.74,0,26,0,186.4,44.2,83.4,82.9,0.00,1,8.6,12.4
20.20,cruise,350.40,-0.40,0.511,1,3984.1,-2846.5,-2091.6,3212.0,-59.33,94.48,118,83,-1,55.7,35.2,57.5,36.2,-0.12,0.09,1.00,0.00,0.00,0.00,-8.23,111.26,78,-1,0,-3,-18.7,0.31,0.514,0.619,0.73,0,26,0,187.5,43.1,82.0,81.2,0.00,1,8.6,12.4
20.30,cruise,350.50,-0.50,0.501,1,3972.1,-2827.4,-2085.6,3202.5,-60.56,95.54,118,83,-1,56.0,34.3,58.3,33.0,-0.15,0.09,1.00,0.00,0.00,0.00,-9.11,112.00,78,-1,0,-1,-24.0,0.44,0.507,0.628,0.66,0,26,0,189.0,42.2,80.1,78.7,0.00,1,5.2,9.9
20.40,cruise,350.59,-0.59,0.490,1,3965.9,-2817.8,-2079.6,3192.9,-61.26,96.06,116,78,-1,56.3,33.6,58.9,29.6,-0.16,0.08,1.00,0.00,0.00,0.00,-11.79,112.50,78,-1,0,2,-22.1,0.53,0.499,0.617,0.57,0,26,0,190.9,41.5,77.8,75.6,0.00,1,1.9,6.0
20.50,cruise,350.67,-0.67,0.479,1,3959.8,-2808.2,-2073.4,3183.3,-61.96,96.50,115,78,-1,56.4,33.2,59.2,26.5,-0.16,0.05,1.00,0.00,0.00,0.00,-14.94,112.95,78,-1,0,6,-17.4,0.55,0.489,0.588,0.48,0,26,0,192.8,41.3,75.5,72.3,0.00,1,-1.3,0.0
20.60,cruise,350.73,-0.73,0.472,1,3959.8,-2808.2,-2067.3,3173.7,-61.96,96.50,114,78,-1,56.5,33.1,59.2,24.4,-0.13,0.02,1.00,0.00,0.00,0.00,-18.31,113.21,78,-1,0,8,-17.4,0.51,0.480,0.549,0.39,0,26,0,194.6,41.6,73.7,69.6,0.00,1,-1.3,0.0
20.70,cruise,350.77,-0.77,0.471,1,3953.5,-2798.5,-2061.0,3164.0,-62.67,96.86,112,78,-1,56.5,33.2,59.1,23.7,-0.07,-0.00,1.00,0.00,0.00,0.00,-21.49,113.34,78,-1,0,10,-10.6,0.41,0.476,0.511,0.28,0,26,0,196.0,42.5,72.7,67.9,0.00,1,-3.6,-6.6
20.80,cruise,350.77,-0.77,0.476,1,3940.8,-2779.0,-2054.7,3154.3,-63.90,97.47,111,72,-1,56.5,33.5,58.8,24.7,-0.01,-0.02,1.00,0.00,0.00,0.00,-25.03,113.18,78,-1,0,10,6.3,0.26,0.478,0.493,0.15,0,26,0,196.8,43.8,72.5,67.4,0.00,1,-6.8,-17.2
20.90,cruise,350.75,-0.75,0.487,1,3940.8,-2779.0,-2048.3,3144.5,-63.90,97.47,110,72,-1,56.4,33.9,58.3,27.2,0.06,-0.04,1.00,0.00,0.00,0.00,-27.49,113.26,78,-1,0,10,6.3,0.07,0.487,0.534,0.01,0,26,0,197.1,45.4,73.1,68.2,0.00,1,-6.8,-17.2
21.00,cruise,350.69,-0.69,0.506,1,3934.4,-2769.3,-2041.9,3134.8,-64.34,97.82,109,72,-1,56.2,34.5,57.9,30.8,0.12,-0.04,1.00,0.00,0.00,0.00,-28.57,113.54,78,-1,0,8,14.1,-0.12,0.507,0.587,-0.12,0,26,0,196.8,47.1,74.3,70.0,0.00,1,-7.2,-20.6
21.10,cruise,350.62,-0.62,0.532,1,3927.9,-2759.5,-2035.4,3125.0,-64.78,98.35,109,72,-1,55.9,35.4,57.5,34.9,0.16,-0.04,1.00,0.00,0.00,0.00,-28.37,114.30,78,-1,0,5,20.7,-0.31,0.535,0.640,-0.20,0,26,0,196.0,48.9,76.0,72.5,0.00,1,-6.9,-21.9
21.20,cruise,350.53,-0.53,0.560,1,3914.9,-2739.6,-2028.9,3115.1,-65.39,99.76,110,74,-1,55.6,36.4,57.0,39.0,0.18,-0.04,1.00,0.00,0.00,0.00,-26.55,115.53,78,-1,0,3,27.1,-0.45,0.567,0.689,-0.25,0,26,0,194.7,50.5,77.8,75.2,0.00,1,-5.3,-17.5
21.30,cruise,350.44,-0.44,0.569,1,3908.3,-2729.6,-2022.4,3105.1,-65.65,100.63,112,74,-1,55.1,37.5,56.4,42.6,0.18,-0.04,1.00,0.00,0.00,0.00,-23.89,116.86,78,-1,0,0,25.7,-0.54,0.579,0.707,-0.29,0,26,0,193.0,51.7,79.7,77.8,0.00,1,-3.6,-12.2
21.40,cruise,350.36,-0.36,0.572,1,3908.3,-2729.6,-2015.8,3095.1,-65.65,100.63,113,74,-1,54.7,38.6,55.9,45.3,0.16,-0.05,1.00,0.00,0.00,0.00,-20.76,118.35,78,-1,0,-2,25.7,-0.56,0.583,0.700,-0.30,0,26,0,191.2,52.5,81.4,80.1,0.00,1,-3.6,-12.2
21.50,cruise,350.30,-0.30,0.573,1,3901.8,-2719.4,-2009.3,3084.9,-65.74,101.60,115,74,-1,54.4,39.3,55.3,46.9,0.11,-0.04,1.00,0.00,0.00,0.00,-17.42,119.76,78,-1,0,-4,20.7,-0.49,0.582,0.673,-0.29,0,26,0,189.5,52.6,82.7,81.9,0.00,1,-1.4,-5.0
21.60,cruise,350.26,-0.26,0.575,1,3888.6,-2698.9,-2002.7,3074.7,-66.09,103.62,116,81,-1,54.3,39.6,54.9,47.3,0.05,-0.03,1.00,0.00,0.00,0.00,-13.28,121.20,78,-1,0,-5,3.0,-0.36,0.580,0.631,-0.31,0,26,0,188.1,52.1,83.7,83.1,0.00,1,4.3,10.1
21.70,cruise,350.26,-0.26,0.574,1,3882.0,-2688.4,-1996.1,3064.4,-66.27,104.68,118,81,-1,54.3,39.4,54.8,46.5,-0.01,-0.01,1.00,0.00,0.00,0.00,-9.89,122.51,78,-1,0,-6,-7.4,-0.18,0.575,0.588,-0.28,0,26,0,187.2,51.0,84.1,83.6,0.00,1,7.0,15.6
21.80,cruise,350.27,-0.27,0.572,1,3875.3,-2677.9,-1989.5,3053.9,-66.53,105.56,119,81,-1,54.6,38.6,55.1,44.7,-0.07,0.02,1.00,0.00,0.00,0.00,-7.47,123.67,78,-1,0,-6,-16.6,0.04,0.572,0.621,-0.23,0,26,0,187.1,49.4,83.9,83.4,0.00,1,8.7,19.1
21.90,cruise,350.30,-0.30,0.569,1,3875.3,-2677.9,-1982.8,3043.4,-66.53,105.56,119,81,-1,55.0,37.5,55.6,41.9,-0.12,0.05,1.00,0.00,0.00,0.00,-6.31,124.62,78,-1,0,-4,-16.6,0.24,0.572,0.665,-0.20,0,26,0,187.7,47.6,83.0,82.3,0.00,1,8.7,19.1
22.00,cruise,350.35,-0.35,0.546,1,3861.9,-2656.6,-1976.1,3032.8,-67.41,107.14,119,80,-1,55.4,36.2,56.4,38.4,-0.16,0.07,1.00,0.00,0.00,0.00,-6.57,125.53,78,-1,0,-2,-28.4,0.43,0.553,0.679,-0.14,0,26,0,189.0,45.9,81.3,80.2,0.00,1,8.2,18.1
22.10,cruise,350.40,-0.40,0.523,1,3861.9,-2656.6,-1969.4,3022.1,-67.41,107.14,118,80,-1,55.7,35.0,57.3,34.4,-0.19,0.09,1.00,0.00,0.00,0.00,-8.16,126.32,78,-1,0,1,-28.4,0.58,0.534,0.680,-0.04,0,26,0,190.8,44.5,79.0,77.3,0.00,1,8.2,18.1
22.20,cruise,350.45,-0.45,0.505,1,3848.3,-2635.0,-1962.6,3011.3,-68.64,108.28,117,80,-1,56.0,33.9,58.1,30.5,-0.18,0.10,1.00,0.00,0.00,0.00,-10.65,127.01,78,-1,0,4,-25.1,0.60,0.517,0.661,0.06,0,26,0,192.8,43.6,76.6,74.0,0.00,1,4.7,6.8
22.30,cruise,350.50,-0.50,0.493,1,3848.3,-2635.0,-1955.8,3000.5,-68.64,108.28,116,80,-1,56.2,33.3,58.7,27.4,-0.16,0.09,1.00,0.00,0.00,0.00,-13.97,127.44,78,-1,0,7,-25.1,0.60,0.504,0.626,0.13,0,26,0,194.7,43.5,74.6,70.7,0.00,1,4.7,6.8
22.40,cruise,350.53,-0.53,0.489,1,3841.4,-2624.1,-1948.9,2989.6,-69.35,108.63,114,73,-1,56.3,33.0,59.1,25.6,-0.10,0.07,1.00,0.00,0.00,0.00,-18.77,127.51,78,-1,0,10,-18.0,0.55,0.499,0.582,0.13,0,26,0,196.2,44.0,73.2,68.3,0.00,1,1.7,-0.8
22.50,cruise,350.53,-0.53,0.492,1,3827.3,-2602.3,-1941.9,2978.8,-70.58,109.25,113,73,-1,56.3,33.0,59.2,25.7,-0.03,0.04,1.00,0.00,0.00,0.00,-22.92,127.51,78,-1,0,11,1.5,0.39,0.497,0.532,0.08,0,26,0,197.3,45.1,72.7,67.1,0.00,1,-4.3,-15.1
22.60,cruise,350.51,-0.51,0.502,1,3820.2,-2591.4,-1934.8,2967.8,-71.10,109.60,111,73,-1,56.2,33.3,59.0,27.5,0.04,0.00,1.00,0.00,0.00,0.00,-25.88,127.46,78,-1,0,11,11.6,0.18,0.503,0.525,0.00,0,26,0,197.9,46.6,73.0,67.3,0.00,1,-6.9,-19.6
22.70,cruise,350.46,-0.46,0.520,1,3820.2,-2591.4,-1927.7,2956.9,-71.10,109.60,111,73,-1,56.0,33.8,58.5,30.8,0.11,-0.03,1.00,0.00,0.00,0.00,-27.47,127.72,78,-1,0,9,11.6,-0.05,0.520,0.589,-0.13,0,26,0,197.8,48.3,74.0,68.9,0.00,1,-6.9,-19.6
22.80,cruise,350.38,-0.38,0.545,1,3805.9,-2569.4,-1920.6,2945.9,-71.81,110.48,111,72,-1,55.7,34.8,57.9,35.0,0.16,-0.05,1.00,0.00,0.00,0.00,-27.79,128.20,78,-1,0,7,28.0,-0.29,0.548,0.661,-0.26,0,26,0,197.3,50.1,75.4,71.2,0.00,1,-9.8,-22.5
22.90,cruise,350.28,-0.28,0.573,1,3805.9,-2569.4,-1913.4,2934.9,-71.81,110.48,111,72,-1,55.3,36.1,57.0,39.3,0.19,-0.07,1.00,0.00,0.00,0.00,-26.62,129.05,78,-1,0,4,28.0,-0.48,0.581,0.726,-0.36,0,26,0,196.2,51.7,77.1,74.0,0.00,1,-9.8,-22.5
23.00,cruise,350.18,-0.18,0.580,1,3798.7,-2558.3,-1906.2,2923.8,-72.07,111.18,112,72,-1,54.7,37.6,55.9,43.2,0.19,-0.09,1.00,0.00,0.00,0.00,-24.48,130.22,78,-1,0,1,31.7,-0.60,0.593,0.755,-0.40,0,26,0,194.9,53.0,78.7,76.6,0.00,1,-10.0,-19.7
23.10,cruise,350.09,-0.09,0.583,1,3791.5,-2547.1,-1899.0,2912.6,-72.25,112.06,113,72,-1,54.2,39.1,54.6,46.0,0.17,-0.10,1.00,0.00,0.00,0.00,-21.77,131.54,78,-1,0,-1,31.3,-0.60,0.596,0.754,-0.40,0,26,0,193.3,53.9,80.2,78.8,0.00,1,-9.2,-14.3
23.20,cruise,350.03,-0.03,0.583,1,3777.0,-2524.4,-1891.8,2901.3,-72.25,113.99,115,77,-1,53.7,40.3,53.4,47.7,0.13,-0.09,1.00,0.00,0.00,0.00,-17.63,132.91,78,-1,0,-3,18.2,-0.58,0.596,0.727,-0.36,0,26,0,191.8,54.1,81.4,80.6,0.00,1,-2.5,0.9
23.30,cruise,349.99,0.01,0.581,1,3769.8,-2513.0,-1884.5,2889.9,-72.07,115.05,116,77,-1,53.4,40.8,52.5,48.3,0.07,-0.07,1.00,0.00,0.00,0.00,-13.92,134.24,78,-1,0,-4,7.2,-0.44,0.588,0.672,-0.29,0,26,0,190.3,53.6,82.4,81.8,0.00,1,2.4,8.6
23.40,cruise,349.99,0.01,0.576,1,3762.6,-2501.4,-1877.3,2878.5,-72.07,115.93,118,77,-1,53.4,40.8,52.1,47.7,0.00,-0.04,1.00,0.00,0.00,0.00,-10.80,135.33,78,-1,0,-5,-4.5,-0.24,0.578,0.604,-0.19,0,26,0,189.2,52.6,82.9,82.5,0.00,1,6.7,15.0
23.50,cruise,350.02,-0.02,0.567,1,3755.4,-2489.7,-1870.1,2866.9,-72.07,116.81,118,77,-1,53.7,40.2,52.3,46.1,-0.06,0.00,1.00,0.00,0.00,0.00,-8.79,136.22,78,-1,0,-5,-15.3,-0.00,0.567,0.602,-0.10,0,26,0,188.7,51.1,83.0,82.6,0.00,1,10.1,19.3
23.60,cruise,350.07,-0.07,0.545,1,3755.4,-2489.7,-1862.9,2855.2,-72.07,116.81,119,80,-1,54.2,39.1,53.1,43.7,-0.12,0.05,1.00,0.00,0.00,0.00,-7.07,137.07,78,-1,0,-4,-15.3,0.22,0.546,0.637,0.02,0,26,0,188.8,49.3,82.4,82.0,0.00,1,10.1,19.3
23.70,cruise,350.15,-0.15,0.521,1,3748.2,-2478.0,-1855.7,2843.5,-72.33,117.69,119,80,-1,54.7,37.7,54.1,40.4,-0.17,0.08,1.00,0.00,0.00,0.00,-6.73,137.97,78,-1,0,-2,-24.0,0.43,0.527,0.658,0.14,0,26,0,189.8,47.5,81.0,80.3,0.00,1,11.4,21.0
23.80,cruise,350.23,-0.23,0.500,1,3733.7,-2454.3,-1848.4,2831.7,-72.95,118.74,118,80,-1,55.2,36.2,55.2,36.7,-0.20,0.11,1.00,0.00,0.00,0.00,-7.69,138.51,78,-1,0,0,-30.2,0.59,0.510,0.661,0.24,0,26,0,191.4,46.0,79.0,77.8,0.00,1,8.4,15.3
23.90,cruise,350.31,-0.31,0.483,1,3726.3,-2442.4,-1841.2,2819.8,-73.39,119.00,118,80,-1,55.6,35.0,56.2,32.9,-0.20,0.11,1.00,0.00,0.00,0.00,-9.74,139.02,78,-1,0,3,-27.1,0.60,0.494,0.643,0.28,0,26,0,193.3,45.0,76.7,74.7,0.00,1,5.6,9.2
24.00,cruise,350.37,-0.37,0.473,1,3718.9,-2430.5,-1833.8,2807.9,-73.92,119.27,116,74,-1,55.9,34.2,57.0,29.7,-0.17,0.10,1.00,0.00,0.00,0.00,-14.06,139.10,78,-1,0,6,-21.0,0.60,0.484,0.612,0.27,0,26,0,195.2,44.7,74.6,71.5,0.00,1,2.9,1.7
24.10,cruise,350.41,-0.41,0.471,1,3718.9,-2430.5,-1826.4,2796.0,-73.92,119.27,114,74,-1,56.0,33.7,57.5,27.6,-0.12,0.08,1.00,0.00,0.00,0.00,-18.48,139.09,78,-1,0,9,-21.0,0.60,0.481,0.574,0.23,0,26,0,196.9,45.0,73.1,68.9,0.00,1,2.9,1.7
24.20,cruise,350.43,-0.43,0.474,1,3704.0,-2406.6,-1819.0,2784.1,-74.79,119.53,113,74,-1,56.1,33.6,57.7,27.1,-0.05,0.04,1.00,0.00,0.00,0.00,-22.47,138.94,78,-1,0,11,-2.5,0.46,0.480,0.526,0.16,0,26,0,198.2,45.9,72.3,67.3,0.00,1,-3.2,-13.3
24.30,cruise,350.41,-0.41,0.485,1,3696.5,-2394.6,-1811.5,2772.1,-75.23,119.71,112,74,-1,56.0,33.7,57.7,28.3,0.03,0.01,1.00,0.00,0.00,0.00,-25.38,138.70,78,-1,0,11,7.6,0.27,0.487,0.507,0.05,0,26,0,199.1,47.4,72.3,67.0,0.00,1,-5.7,-18.8
24.40,cruise,350.37,-0.37,0.503,1,3696.5,-2394.6,-1804.0,2760.1,-75.23,119.71,111,70,-1,55.9,34.2,57.4,31.1,0.10,-0.02,1.00,0.00,0.00,0.00,-28.05,138.58,78,-1,0,10,7.6,0.05,0.503,0.561,-0.08,0,26,0,199.4,49.1,73.0,67.9,0.00,1,-5.7,-18.8
24.50,cruise,350.30,-0.30,0.526,1,3689.0,-2382.6,-1796.5,2748.1,-75.50,120.06,110,70,-1,55.6,35.0,56.9,34.9,0.16,-0.04,1.00,0.00,0.00,0.00,-28.95,138.84,78,-1,0,8,17.4,-0.19,0.527,0.633,-0.19,0,26,0,199.1,50.8,74.2,69.9,0.00,1,-7.7,-21.9
24.60,cruise,350.21,-0.21,0.551,1,3673.8,-2358.5,-1788.9,2736.1,-75.94,121.03,111,70,-1,55.2,36.3,56.0,38.9,0.19,-0.07,1.00,0.00,0.00,0.00,-28.47,139.46,78,-1,0,6,30.8,-0.40,0.557,0.703,-0.29,0,26,0,198.4,52.5,75.7,72.3,0.00,1,-10.7,-19.7
24.70,cruise,350.11,-0.11,0.574,1,3673.8,-2358.5,-1781.3,2724.0,-75.94,121.03,111,70,-1,54.6,37.8,54.8,42.7,0.20,-0.10,1.00,0.00,0.00,0.00,-26.91,140.32,78,-1,0,3,30.8,-0.56,0.585,0.756,-0.37,0,26,0,197.2,53.7,77.2,74.9,0.00,1,-10.7,-19.7
24.80,cruise,350.02,-0.02,0.582,1,3658.6,-2334.1,-1773.7,2711.9,-75.85,122.61,112,73,-1,54.0,39.4,53.4,45.6,0.19,-0.12,1.00,0.00,0.00,0.00,-23.63,141.51,78,-1,0,1,30.1,-0.60,0.595,0.771,-0.39,0,26,0,195.8,54.5,78.6,77.2,0.00,1,-7.7,-7.8
24.90,cruise,349.95,0.05,0.582,1,3658.6,-2334.1,-1766.1,2699.6,-75.85,122.61,114,73,-1,53.4,40.7,51.9,47.5,0.15,-0.12,1.00,0.00,0.00,0.00,-20.29,142.74,78,-1,0,-1,30.1,-0.60,0.595,0.752,-0.32,0,26,0,194.0,54.6,80.0,79.2,0.00,1,-7.7,-7.8
25.00,cruise,349.93,0.07,0.575,1,3651.1,-2321.8,-1758.6,2687.3,-75.76,123.49,115,73,-1,53.0,41.5,50.6,48.3,0.09,-0.11,1.00,0.00,0.00,0.00,-17.39,143.83,78,-1,0,-3,23.8,-0.54,0.585,0.702,-0.22,0,26,0,192.0,54.1,81.3,80.8,0.00,1,-3.5,0.5
25.10,cruise,349.93,0.07,0.556,1,3636.0,-2296.9,-1751.0,2674.9,-75.41,125.33,115,73,-1,52.9,41.8,49.9,48.1,0.03,-0.08,1.00,0.00,0.00,0.00,-14.96,144.79,78,-1,0,-4,3.8,-0.38,0.561,0.621,-0.08,0,26,0,190.0,53.0,82.4,82.2,0.00,1,8.2,16.0
25.20,cruise,349.97,0.03,0.534,1,3636.0,-2296.9,-1743.5,2662.4,-75.41,125.33,117,81,-1,53.1,41.4,49.8,47.0,-0.04,-0.03,1.00,0.00,0.00,0.00,-11.37,145.83,78,-1,0,-5,3.8,-0.18,0.535,0.572,0.09,0,26,0,188.4,51.3,83.3,83.2,0.00,1,8.2,16.0
25.30,cruise,350.04,-0.04,0.516,1,3628.4,-2284.3,-1735.9,2649.8,-75.23,126.12,117,81,-1,53.6,40.5,50.6,45.2,-0.09,0.03,1.00,0.00,0.00,0.00,-8.72,146.60,78,-1,0,-6,-7.0,0.02,0.516,0.577,0.22,0,26,0,187.3,49.3,83.7,83.7,0.00,1,13.2,20.6
25.40,cruise,350.11,-0.11,0.502,1,3620.9,-2271.6,-1728.4,2637.1,-75.23,126.65,118,81,-1,54.2,39.2,51.9,42.8,-0.13,0.09,1.00,0.00,0.00,0.00,-7.25,147.13,78,-1,0,-6,-16.4,0.22,0.504,0.613,0.32,0,26,0,187.0,47.3,83.6,83.5,0.00,1,16.5,22.2
25.50,cruise,350.20,-0.20,0.493,1,3605.8,-2246.2,-1720.9,2624.4,-75.67,127.44,118,81,-1,54.8,37.6,53.6,40.1,-0.15,0.14,1.00,0.00,0.00,0.00,-6.80,147.70,78,-1,0,-5,-27.0,0.37,0.498,0.639,0.40,0,26,0,187.3,45.5,82.8,82.6,0.00,1,16.4,18.2
25.60,cruise,350.27,-0.27,0.488,1,3598.2,-2233.4,-1713.3,2611.7,-76.03,127.71,118,81,-1,55.3,36.0,55.2,37.1,-0.15,0.16,1.00,0.00,0.00,0.00,-7.39,148.03,78,-1,0,-3,-27.2,0.48,0.495,0.649,0.42,0,26,0,188.3,44.1,81.4,80.8,0.00,1,13.1,13.8
25.70,cruise,350.34,-0.34,0.486,1,3598.2,-2233.4,-1705.7,2598.9,-76.03,127.71,117,81,-1,55.7,34.6,56.6,34.1,-0.15,0.15,1.00,0.00,0.00,0.00,-8.85,148.36,78,-1,0,-1,-27.2,0.53,0.494,0.640,0.40,0,26,0,189.7,43.1,79.7,78.6,0.00,1,13.1,13.8
25.80,cruise,350.40,-0.40,0.485,1,3590.6,-2220.6,-1698.1,2586.1,-76.46,127.88,117,81,-1,56.0,33.7,57.6,31.5,-0.13,0.12,1.00,0.00,0.00,0.00,-11.06,148.59,78,-1,0,2,-24.3,0.52,0.493,0.614,0.33,0,26,0,191.2,42.7,77.9,76.1,0.00,1,8.8,8.4
25.90,cruise,350.44,-0.44,0.485,1,3575.2,-2195.0,-1690.4,2573.3,-77.61,128.14,116,81,-1,56.1,33.2,58.1,29.6,-0.09,0.08,1.00,0.00,0.00,0.00,-13.80,148.75,78,-1,0,4,-11.1,0.45,0.491,0.572,0.23,0,26,0,192.6,42.9,76.4,73.8,0.00,1,-1.6,-3.9
26.00,cruise,350.46,-0.46,0.486,1,3567.4,-2182.2,-1682.7,2560.5,-78.13,128.23,114,75,-1,56.2,33.1,58.1,28.8,-0.04,0.02,1.00,0.00,0.00,0.00,-17.60,148.78,78,-1,0,6,-2.2,0.34,0.489,0.519,0.10,0,26,0,193.9,43.5,75.4,72.2,0.00,1,-6.6,-9.7
26.10,cruise,350.45,-0.45,0.488,1,3567.4,-2182.2,-1674.9,2547.7,-78.13,128.23,113,75,-1,56.1,33.5,57.6,29.4,0.01,-0.04,1.00,0.00,0.00,0.00,-20.84,148.71,78,-1,0,6,-2.2,0.17,0.489,0.515,-0.03,0,26,0,194.9,44.5,74.9,71.6,0.00,1,-6.6,-9.7
26.15,cruise,350.44,-0.44,0.490,1,3555.6,-2162.9,-1670.9,2541.3,-78.84,128.50,113,75,-1,56.0,33.8,57.2,30.1,0.05,-0.08,1.00,0.00,0.00,0.00,-23.22,148.57,78,-1,0,6,10.4,0.08,0.490,0.553,-0.10,0,26,0,195.2,45.0,74.8,71.6,0.00,1,-11.3,-14.9
26.25,cruise,350.40,-0.40,0.496,1,3547.7,-2150.1,-1663.1,2528.4,-79.10,128.67,112,75,-1,55.8,34.7,56.3,32.2,0.09,-0.10,1.00,0.00,0.00,0.00,-24.85,148.69,78,-1,0,6,16.8,-0.10,0.496,0.589,-0.23,0,26,0,195.5,46.2,75.2,72.3,0.00,1,-11.6,-15.6
26.35,cruise,350.34,-0.34,0.503,1,3539.7,-2137.2,-1655.2,2515.6,-79.28,128.94,112,74,-1,55.5,35.7,55.2,34.8,0.13,-0.11,1.00,0.00,0.00,0.00,-25.71,148.84,78,-1,0,4,21.2,-0.25,0.505,0.625,-0.31,0,26,0,195.2,47.4,76.0,73.7,0.00,1,-10.3,-14.8
26.45,cruise,350.27,-0.27,0.511,1,3539.7,-2137.2,-1647.2,2502.7,-79.28,128.94,112,74,-1,55.1,36.7,54.2,37.6,0.15,-0.11,1.00,0.00,0.00,0.00,-25.56,149.18,78,-1,0,2,21.2,-0.38,0.516,0.651,-0.31,0,26,0,194.4,48.4,77.2,75.5,0.00,1,-10.3,-14.8
26.55,cruise,350.20,-0.20,0.521,1,3531.8,-2124.3,-1639.3,2489.8,-79.45,129.29,112,74,-1,54.7,37.8,53.4,40.2,0.16,-0.10,1.00,0.00,0.00,0.00,-24.63,149.74,78,-1,0,0,23.1,-0.46,0.528,0.662,-0.30,0,26,0,193.1,49.2,78.6,77.5,0.00,1,-7.6,-12.5
26.65,cruise,350.14,-0.14,0.531,1,3515.9,-2098.3,-1631.4,2476.8,-79.37,130.17,113,74,-1,54.4,38.6,52.7,42.3,0.15,-0.08,1.00,0.00,0.00,0.00,-23.00,150.38,78,-1,0,-2,18.4,-0.48,0.539,0.657,-0.27,0,26,0,191.4,49.6,80.3,79.6,0.00,1,0.8,-2.5
26.75,cruise,350.09,-0.09,0.538,1,3515.9,-2098.3,-1623.4,2463.8,-79.37,130.17,114,79,-1,54.2,39.1,52.3,43.8,0.11,-0.05,1.00,0.00,0.00,0.00,-19.50,151.20,78,-1,0,-4,18.4,-0.44,0.545,0.633,-0.21,0,26,0,189.5,49.6,81.9,81.5,0.00,1,0.8,-2.5
26.85,cruise,350.07,-0.07,0.543,1,3500.1,-2072.1,-1615.5,2450.7,-79.28,131.22,115,79,-1,54.1,39.2,52.4,44.3,0.07,-0.02,1.00,0.00,0.00,0.00,-16.19,152.00,78,-1,0,-5,4.3,-0.35,0.547,0.595,-0.16,0,26,0,187.7,49.1,83.3,83.1,0.00,1,9.5,9.6
26.95,cruise,350.06,-0.06,0.544,1,3492.1,-2059.0,-1607.6,2437.6,-79.28,131.75,116,79,-1,54.2,38.8,52.8,44.1,0.02,0.02,1.00,0.00,0.00,0.00,-13.39,152.72,78,-1,0,-6,-4.7,-0.21,0.545,0.567,-0.11,0,26,0,186.2,48.0,84.4,84.3,0.00,1,12.4,14.8
27.05,cruise,350.07,-0.07,0.541,1,3492.1,-2059.0,-1599.6,2424.5,-79.28,131.75,117,79,-1,54.5,38.0,53.6,42.8,-0.03,0.05,1.00,0.00,0.00,0.00,-11.27,153.35,78,-1,0,-7,-4.7,-0.05,0.541,0.589,-0.08,0,26,0,185.3,46.5,84.9,84.8,0.00,1,12.4,14.8
27.15,cruise,350.10,-0.10,0.533,1,3476.2,-2032.5,-1591.7,2411.3,-79.72,132.67,118,84,-1,54.9,36.8,54.6,40.7,-0.09,0.08,1.00,0.00,0.00,0.00,-9.26,154.00,78,-1,0,-7,-20.7,0.14,0.534,0.625,-0.05,0,26,0,185.3,44.7,84.6,84.5,0.00,1,13.1,20.4
27.25,cruise,350.16,-0.16,0.520,1,3468.2,-2019.2,-1583.7,2398.0,-80.16,133.02,118,84,-1,55.3,35.4,55.7,37.6,-0.14,0.10,1.00,0.00,0.00,0.00,-8.65,154.54,78,-1,0,-5,-25.4,0.31,0.523,0.647,-0.01,0,26,0,186.1,42.8,83.4,83.1,0.00,1,11.2,19.9
27.35,cruise,350.19,-0.19,0.507,1,3460.2,-2005.9,-1575.7,2384.7,-80.60,133.24,118,84,-1,55.6,34.1,56.7,33.9,-0.17,0.11,1.00,0.00,0.00,0.00,-9.61,155.01,78,-1,0,-3,-27.4,0.45,0.514,0.655,-0.00,0,26,0,187.6,41.2,81.3,80.7,0.00,1,8.0,16.3
27.45,cruise,350.24,-0.24,0.495,1,3460.2,-2005.9,-1567.7,2371.4,-80.60,133.24,117,84,-1,55.9,33.1,57.5,29.8,-0.19,0.10,1.00,0.00,0.00,0.00,-11.94,155.26,78,-1,0,0,-27.4,0.56,0.504,0.644,-0.03,0,26,0,189.5,39.9,78.6,77.5,0.00,1,8.0,16.3
27.55,cruise,350.27,-0.27,0.484,1,3443.9,-1979.2,-1559.6,2358.1,-81.83,133.33,115,77,-1,56.1,32.5,57.9,26.0,-0.18,0.07,1.00,0.00,0.00,0.00,-16.95,155.19,78,-1,0,4,-21.1,0.59,0.495,0.616,-0.07,0,26,0,191.6,39.2,75.9,74.0,0.00,1,0.7,4.7
27.65,cruise,350.29,-0.29,0.477,1,3435.7,-1965.9,-1551.4,2344.7,-82.35,133.24,113,77,-1,56.1,32.2,58.1,23.1,-0.15,0.04,1.00,0.00,0.00,0.00,-22.36,154.83,78,-1,0,7,-14.3,0.56,0.487,0.576,-0.13,0,26,0,193.5,39.1,73.5,70.9,0.00,1,-2.3,-2.9
27.75,cruise,350.29,-0.29,0.475,1,3435.7,-1965.9,-1543.2,2331.4,-82.35,133.24,112,77,-1,56.1,32.2,58.0,21.8,-0.09,0.01,1.00,0.00,0.00,0.00,-27.49,154.21,78,-1,0,9,-14.3,0.47,0.482,0.531,-0.21,0,26,0,195.1,39.7,72.1,68.7,0.00,1,-2.3,-2.9
27.85,cruise,350.26,-0.26,0.478,1,3427.4,-1952.6,-1534.9,2318.1,-82.97,133.20,110,77,-1,56.1,32.4,57.8,22.2,-0.02,-0.01,1.00,0.00,0.00,0.00,-31.87,153.66,78,-1,0,10,-5.8,0.32,0.481,0.497,-0.28,0,26,0,196.1,40.9,71.6,67.7,0.00,1,-4.7,-10.7
27.95,cruise,350.19,-0.19,0.489,1,3410.7,-1926.0,-1526.6,2304.8,-83.85,133.07,109,72,-1,55.9,32.7,57.4,24.4,0.05,-0.03,1.00,0.00,0.00,0.00,-36.03,152.86,78,-1,0,10,11.8,0.13,0.489,0.529,-0.39,0,26,0,196.6,42.5,72.1,68.1,0.00,1,-7.4,-20.9
28.05,cruise,350.11,-0.11,0.506,1,3410.7,-1926.0,-1518.2,2291.5,-83.85,133.07,108,72,-1,55.7,33.2,57.0,27.8,0.12,-0.04,1.00,0.00,0.00,0.00,-38.45,152.51,78,-1,0,8,11.8,-0.07,0.506,0.586,-0.50,0,26,0,196.4,44.4,73.3,69.7,0.00,1,-7.4,-20.9
28.15,cruise,349.99,0.01,0.528,1,3393.8,-1899.3,-1509.8,2278.1,-84.38,133.29,108,72,-1,55.4,34.0,56.5,32.0,0.17,-0.04,1.00,0.00,0.00,0.00,-39.00,152.64,78,-1,0,6,24.3,-0.27,0.531,0.642,-0.57,0,26,0,195.7,46.3,75.0,72.0,0.00,1,-7.6,-23.0
28.25,cruise,349.87,0.13,0.554,1,3393.8,-1899.3,-1501.3,2264.8,-84.38,133.29,108,72,-1,55.1,34.9,55.9,36.2,0.19,-0.05,1.00,0.00,0.00,0.00,-37.85,153.14,78,-1,0,3,24.3,-0.42,0.560,0.695,-0.62,0,26,0,194.5,48.1,76.9,74.6,0.00,1,-7.6,-23.0
28.35,cruise,349.75,0.25,0.579,1,3376.9,-1872.6,-1492.9,2251.5,-84.55,134.12,110,76,-1,54.6,36.0,55.1,40.0,0.19,-0.06,1.00,0.00,0.00,0.00,-34.62,154.30,78,-1,0,1,25.7,-0.52,0.588,0.732,-0.64,0,26,0,193.2,49.6,78.7,77.1,0.00,1,-6.3,-14.6
28.45,cruise,349.64,0.36,0.597,1,3368.5,-1859.1,-1484.4,2238.1,-84.73,134.74,111,76,-1,54.2,37.1,54.4,42.9,0.17,-0.06,1.00,0.00,0.00,0.00,-30.67,155.55,78,-1,0,-1,21.5,-0.54,0.607,0.743,-0.62,0,26,0,191.7,50.6,80.4,79.3,0.00,1,-3.8,-7.4
28.55,cruise,349.56,0.44,0.604,1,3368.5,-1859.1,-1476.0,2224.6,-84.73,134.74,112,76,-1,53.8,37.9,53.7,44.6,0.13,-0.06,1.00,0.00,0.00,0.00,-26.81,156.89,78,-1,0,-3,21.5,-0.49,0.613,0.722,-0.55,0,26,0,190.2,50.9,81.7,81.0,0.00,1,-3.8,-7.4
28.65,cruise,349.51,0.49,0.598,1,3360.0,-1845.6,-1467.5,2211.1,-84.55,135.53,114,76,-1,53.7,38.2,53.2,45.1,0.07,-0.04,1.00,0.00,0.00,0.00,-23.02,158.07,78,-1,0,-4,13.7,-0.36,0.603,0.668,-0.43,0,26,0,188.9,50.5,82.6,82.2,0.00,1,-0.5,0.9
28.75,cruise,349.51,0.49,0.581,1,3343.1,-1818.3,-1459.0,2197.5,-84.73,137.11,115,81,-1,53.7,38.0,53.0,44.4,-0.00,-0.02,1.00,0.00,0.00,0.00,-18.85,159.37,78,-1,0,-5,-6.9,-0.17,0.582,0.593,-0.26,0,26,0,188.2,49.5,83.0,82.6,0.00,1,5.9,15.3
28.85,cruise,349.54,0.46,0.558,1,3334.6,-1804.5,-1450.6,2183.8,-84.81,137.81,116,81,-1,54.0,37.3,53.2,42.5,-0.07,0.01,1.00,0.00,0.00,0.00,-16.19,160.36,78,-1,0,-4,-16.8,0.05,0.558,0.603,-0.10,0,26,0,188.2,47.9,82.6,82.3,0.00,1,7.9,19.6
28.95,cruise,349.60,0.40,0.531,1,3326.1,-1790.7,-1442.1,2170.0,-84.99,138.30,116,81,-1,54.4,36.2,53.8,39.5,-0.13,0.04,1.00,0.00,0.00,0.00,-14.90,161.13,78,-1,0,-3,-24.2,0.27,0.533,0.627,0.07,0,26,0,188.9,46.1,81.5,81.0,0.00,1,8.3,20.6
29.05,cruise,349.68,0.32,0.506,1,3326.1,-1790.7,-1433.6,2156.2,-84.99,138.30,116,81,-1,54.8,35.0,54.5,35.9,-0.18,0.07,1.00,0.00,0.00,0.00,-15.28,161.60,78,-1,0,-1,-24.2,0.47,0.513,0.642,0.18,0,26,0,190.3,44.3,79.5,78.8,0.00,1,8.3,20.6
29.15,cruise,349.77,0.23,0.484,1,3309.0,-1763.0,-1425.1,2142.3,-85.61,138.78,115,77,-1,55.2,33.9,55.3,31.7,-0.21,0.09,1.00,0.00,0.00,0.00,-18.27,161.70,78,-1,0,2,-28.7,0.60,0.495,0.640,0.27,0,26,0,192.2,42.9,76.9,75.7,0.00,1,6.0,14.4
29.25,cruise,349.85,0.15,0.467,1,3300.4,-1749.1,-1416.5,2128.5,-85.96,138.78,114,77,-1,55.5,33.0,56.0,27.7,-0.22,0.09,1.00,0.00,0.00,0.00,-22.39,161.51,78,-1,0,6,-25.4,0.60,0.478,0.620,0.33,0,26,0,194.2,42.0,74.3,72.2,0.00,1,4.1,8.1
29.35,cruise,349.92,0.08,0.458,1,3291.8,-1735.2,-1407.9,2114.6,-86.40,138.78,112,77,-1,55.7,32.4,56.6,24.4,-0.18,0.08,1.00,0.00,0.00,0.00,-27.14,160.97,78,-1,0,9,-19.0,0.60,0.469,0.590,0.33,0,26,0,196.2,41.8,72.0,68.8,0.00,1,2.3,0.6
29.45,cruise,349.97,0.03,0.454,1,3283.1,-1721.3,-1399.3,2100.7,-86.84,138.65,111,77,-1,55.8,32.2,57.0,22.4,-0.13,0.07,1.00,0.00,0.00,0.00,-31.96,160.32,78,-1,0,12,-10.8,0.60,0.465,0.553,0.34,0,26,0,197.8,42.2,70.5,66.3,0.00,1,0.4,-6.9
29.55,cruise,350.00,0.00,0.457,1,3274.4,-1707.5,-1390.6,2086.8,-87.19,138.52,109,70,-1,55.8,32.1,57.3,22.1,-0.05,0.05,1.00,0.00,0.00,0.00,-37.95,159.13,78,-1,0,13,-1.8,0.48,0.464,0.510,0.30,0,26,0,198.9,43.2,70.0,64.9,0.00,1,-1.7,-13.8
29.65,cruise,349.99,0.01,0.469,1,3265.7,-1693.6,-1381.9,2073.0,-87.45,138.43,107,70,-1,55.8,32.1,57.3,23.6,0.03,0.03,1.00,0.00,0.00,0.00,-42.44,158.07,78,-1,0,13,7.6,0.30,0.471,0.497,0.20,0,26,0,199.5,44.7,70.3,64.8,0.00,1,-3.6,-19.4
29.75,cruise,349.96,0.04,0.487,1,3256.9,-1679.8,-1373.2,2059.1,-87.71,138.43,106,70,-1,55.7,32.4,57.2,26.6,0.10,0.00,1.00,0.00,0.00,0.00,-45.09,157.41,78,-1,0,12,16.6,0.08,0.487,0.540,0.07,0,26,0,199.5,46.5,71.4,66.0,0.00,1,-5.6,-22.2
29.85,cruise,349.90,0.10,0.511,1,3256.9,-1679.8,-1364.4,2045.3,-87.71,138.43,106,70,-1,55.5,33.0,56.9,30.7,0.16,-0.02,1.00,0.00,0.00,0.00,-45.89,157.32,78,-1,0,10,16.6,-0.14,0.512,0.606,-0.07,0,26,0,199.0,48.3,72.9,68.3,0.00,1,-5.6,-22.2
29.95,cruise,349.82,0.18,0.536,1,3248.1,-1665.9,-1355.6,2031.4,-87.89,138.56,107,71,-1,55.2,34.1,56.2,35.1,0.20,-0.06,1.00,0.00,0.00,0.00,-44.67,157.89,78,-1,0,7,24.6,-0.36,0.540,0.676,-0.17,0,26,0,198.0,49.9,74.7,71.1,0.00,1,-7.6,-22.4
30.05,cruise,349.73,0.27,0.559,1,3230.5,-1638.1,-1346.8,2017.6,-88.07,139.31,108,71,-1,54.8,35.4,55.2,39.2,0.21,-0.09,1.00,0.00,0.00,0.00,-42.23,158.92,78,-1,0,4,32.8,-0.53,0.569,0.733,-0.25,0,26,0,196.5,51.2,76.6,74.1,0.00,1,-9.2,-14.3
30.15,cruise,349.66,0.34,0.572,1,3230.5,-1638.1,-1338.0,2003.6,-88.07,139.31,109,71,-1,54.2,36.9,53.9,42.5,0.19,-0.11,1.00,0.00,0.00,0.00,-38.99,160.13,78,-1,0,1,32.8,-0.60,0.585,0.760,-0.28,0,26,0,194.7,51.9,78.3,76.8,0.00,1,-9.2,-14.3
30.25,cruise,349.60,0.40,0.572,1,3221.8,-1624.2,-1329.3,1989.7,-87.89,139.92,110,71,-1,53.8,38.3,52.3,44.6,0.15,-0.13,1.00,0.00,0.00,0.00,-35.56,161.36,78,-1,0,-1,31.0,-0.60,0.585,0.747,-0.24,0,26,0,192.8,52.0,79.9,79.2,0.00,1,-7.9,-6.9
30.35,cruise,349.58,0.42,0.561,1,3204.2,-1596.0,-1320.5,1975.6,-87.54,141.33,111,78,-1,53.4,39.2,51.0,45.5,0.10,-0.12,1.00,0.00,0.00,0.00,-30.27,162.95,78,-1,0,-3,16.6,-0.57,0.572,0.697,-0.13,0,26,0,190.7,51.4,81.4,81.1,0.00,1,1.4,9.2
30.45,cruise,349.60,0.40,0.542,1,3204.2,-1596.0,-1311.7,1961.5,-87.54,141.33,113,78,-1,53.3,39.5,50.2,45.5,0.04,-0.09,1.00,0.00,0.00,0.00,-25.91,164.21,78,-1,0,-5,16.6,-0.43,0.548,0.618,0.03,0,26,0,188.7,50.2,82.7,82.6,0.00,1,1.4,9.2
30.55,cruise,349.65,0.35,0.522,1,3195.5,-1581.8,-1303.0,1947.3,-87.36,141.94,114,78,-1,53.5,39.2,50.1,44.5,-0.02,-0.03,1.00,0.00,0.00,0.00,-22.57,165.14,78,-1,0,-6,6.2,-0.24,0.524,0.555,0.20,0,26,0,187.1,48.5,83.7,83.8,0.00,1,7.8,15.9
30.65,cruise,349.72,0.28,0.505,1,3186.7,-1567.6,-1294.2,1933.1,-87.36,142.43,115,78,-1,53.9,38.3,50.9,42.8,-0.08,0.04,1.00,0.00,0.00,0.00,-20.40,165.84,78,-1,0,-7,-5.2,-0.03,0.505,0.565,0.37,0,26,0,186.0,46.5,84.3,84.4,0.00,1,13.6,20.4
30.75,cruise,349.81,0.19,0.494,1,3169.3,-1539.0,-1285.5,1918.8,-87.36,143.00,115,83,-1,54.5,36.8,52.4,40.4,-0.12,0.12,1.00,0.00,0.00,0.00,-17.63,166.40,78,-1,0,-6,-24.4,0.19,0.495,0.611,0.49,0,26,0,185.8,44.5,84.1,84.2,0.00,1,19.1,21.9
30.85,cruise,349.90,0.10,0.488,1,3160.5,-1524.7,-1276.8,1904.5,-87.54,143.09,116,83,-1,55.1,35.1,54.2,37.4,-0.15,0.17,1.00,0.00,0.00,0.00,-16.54,166.75,78,-1,0,-5,-29.9,0.39,0.492,0.650,0.54,0,26,0,186.4,42.6,83.1,83.0,0.00,1,17.6,19.7
30.95,cruise,349.99,0.01,0.484,1,3160.5,-1524.7,-1268.0,1890.2,-87.54,143.09,116,83,-1,55.6,33.3,56.0,33.7,-0.18,0.19,1.00,0.00,0.00,0.00,-16.84,166.89,78,-1,0,-3,-29.9,0.54,0.493,0.670,0.54,0,26,0,187.8,41.0,81.1,80.7,0.00,1,17.6,19.7
31.05,cruise,350.08,-0.08,0.480,1,3142.9,-1496.1,-1259.2,1875.9,-88.42,143.09,115,83,-1,55.9,31.9,57.4,29.7,-0.19,0.18,1.00,0.00,0.00,0.00,-18.66,166.96,78,-1,0,1,-29.7,0.60,0.491,0.665,0.50,0,26,0,189.7,39.9,78.5,77.4,0.00,1,8.3,9.5
31.15,cruise,350.15,-0.15,0.477,1,3134.0,-1481.8,-1250.4,1861.6,-88.95,142.95,114,77,-1,56.2,31.1,58.3,25.8,-0.18,0.13,1.00,0.00,0.00,0.00,-23.36,166.57,78,-1,0,4,-24.1,0.60,0.488,0.632,0.40,0,26,0,191.9,39.5,75.7,73.6,0.00,1,1.7,2.0
31.25,cruise,350.20,-0.20,0.474,1,3134.0,-1481.8,-1241.5,1847.3,-88.95,142.95,112,77,-1,56.3,30.8,58.6,22.9,-0.14,0.06,1.00,0.00,0.00,0.00,-28.58,165.92,78,-1,0,8,-24.1,0.60,0.485,0.581,0.25,0,26,0,194.1,39.8,73.2,70.0,0.00,1,1.7,2.0
31.35,cruise,350.23,-0.23,0.473,1,3125.1,-1467.5,-1232.6,1833.0,-89.47,142.78,111,77,-1,56.3,30.9,58.4,21.4,-0.09,-0.00,1.00,0.00,0.00,0.00,-33.73,165.09,78,-1,0,11,-16.1,0.53,0.481,0.525,0.07,0,26,0,196.0,40.6,71.5,67.3,0.00,1,-3.9,-5.5
31.45,cruise,350.23,-0.23,0.474,1,3116.1,-1453.2,-1223.6,1818.7,-89.91,142.60,109,77,-1,56.2,31.3,57.8,21.6,-0.02,-0.06,1.00,0.00,0.00,0.00,-38.09,164.22,78,-1,0,12,-7.1,0.38,0.479,0.516,-0.10,0,26,0,197.6,41.9,70.6,65.9,0.00,1,-8.3,-12.6
31.55,cruise,350.19,-0.19,0.480,1,3098.0,-1424.8,-1214.6,1804.5,-90.62,142.29,108,70,-1,56.1,31.9,56.9,23.5,0.05,-0.09,1.00,0.00,0.00,0.00,-43.06,163.08,78,-1,0,12,11.5,0.19,0.481,0.547,-0.27,0,26,0,198.6,43.6,70.5,65.9,0.00,1,-12.2,-22.1
31.65,cruise,350.12,-0.12,0.489,1,3098.0,-1424.8,-1205.5,1790.3,-90.62,142.29,107,70,-1,55.9,32.6,56.0,26.8,0.12,-0.10,1.00,0.00,0.00,0.00,-46.16,162.26,78,-1,0,11,11.5,-0.01,0.489,0.597,-0.40,0,26,0,199.0,45.4,71.3,67.1,0.00,1,-12.2,-22.1
31.75,cruise,350.02,-0.02,0.505,1,3079.9,-1396.3,-1196.5,1776.0,-90.88,142.38,106,70,-1,55.6,33.6,55.1,30.8,0.18,-0.10,1.00,0.00,0.00,0.00,-47.37,162.01,78,-1,0,9,26.1,-0.22,0.506,0.646,-0.48,0,26,0,198.6,47.2,72.7,69.3,0.00,1,-9.8,-22.6
31.85,cruise,349.91,0.09,0.525,1,3079.9,-1396.3,-1187.4,1761.8,-90.88,142.38,106,70,-1,55.2,34.7,54.3,35.1,0.21,-0.09,1.00,0.00,0.00,0.00,-46.84,162.29,78,-1,0,6,26.1,-0.41,0.530,0.689,-0.50,0,26,0,197.5,48.8,74.5,72.0,0.00,1,-9.8,-22.6
31.95,cruise,349.80,0.20,0.546,1,3070.8,-1382.0,-1178.3,1747.5,-90.88,142.60,107,73,-1,54.7,35.8,53.5,39.1,0.22,-0.08,1.00,0.00,0.00,0.00,-44.04,163.26,78,-1,0,3,29.6,-0.53,0.555,0.720,-0.49,0,26,0,195.8,50.1,76.7,75.0,0.00,1,-7.2,-19.1
32.05,cruise,349.70,0.30,0.564,1,3061.7,-1367.8,-1169.2,1733.3,-90.70,142.95,109,73,-1,54.3,36.9,52.8,42.3,0.20,-0.07,1.00,0.00,0.00,0.00,-40.26,164.44,78,-1,0,0,29.4,-0.59,0.576,0.728,-0.43,0,26,0,193.6,50.8,78.9,77.8,0.00,1,-3.5,-13.3
32.15,cruise,349.63,0.37,0.577,1,3043.6,-1339.0,-1160.1,1718.9,-90.35,144.01,110,73,-1,54.0,37.6,52.4,44.4,0.16,-0.05,1.00,0.00,0.00,0.00,-36.14,165.72,78,-1,0,-3,18.3,-0.56,0.589,0.710,-0.35,0,26,0,191.0,51.0,81.0,80.5,0.00,1,5.4,2.9
32.25,cruise,349.58,0.42,0.582,1,3034.6,-1324.6,-1151.1,1704.5,-90.18,144.62,111,73,-1,53.9,37.8,52.2,45.4,0.10,-0.03,1.00,0.00,0.00,0.00,-32.16,166.94,78,-1,0,-5,8.3,-0.46,0.590,0.665,-0.27,0,26,0,188.5,50.4,82.9,82.6,0.00,1,9.2,11.4
32.35,cruise,349.58,0.42,0.577,1,3034.6,-1324.6,-1142.1,1690.1,-90.18,144.62,113,82,-1,54.0,37.5,52.3,45.0,0.03,-0.00,1.00,0.00,0.00,0.00,-26.09,168.42,78,-1,0,-6,8.3,-0.29,0.580,0.599,-0.17,0,26,0,186.6,49.0,84.2,84.1,0.00,1,9.2,11.4
32.45,cruise,349.60,0.40,0.563,1,3016.6,-1295.5,-1133.1,1675.6,-90.18,145.77,115,82,-1,54.3,36.5,52.9,43.5,-0.04,0.03,1.00,0.00,0.00,0.00,-21.53,169.59,78,-1,0,-7,-14.5,-0.07,0.564,0.607,-0.06,0,26,0,185.6,47.1,84.8,84.7,0.00,1,14.6,23.6
32.55,cruise,349.66,0.34,0.546,1,3007.5,-1280.9,-1124.1,1661.0,-90.35,146.21,116,82,-1,54.7,35.1,53.9,40.8,-0.11,0.07,1.00,0.00,0.00,0.00,-18.59,170.39,78,-1,0,-6,-24.0,0.16,0.547,0.647,0.04,0,26,0,185.5,44.8,84.5,84.4,0.00,1,15.1,25.6
32.65,cruise,349.73,0.27,0.527,1,2998.5,-1266.3,-1115.0,1646.4,-90.62,146.47,116,82,-1,55.2,33.4,55.1,37.0,-0.17,0.11,1.00,0.00,0.00,0.00,-17.62,170.97,78,-1,0,-5,-30.6,0.38,0.531,0.676,0.14,0,26,0,186.4,42.5,83.0,82.8,0.00,1,13.7,25.0
32.75,cruise,349.81,0.19,0.508,1,2998.5,-1266.3,-1106.0,1631.8,-90.62,146.47,115,81,-1,55.6,31.7,56.3,32.4,-0.21,0.13,1.00,0.00,0.00,0.00,-19.08,171.17,78,-1,0,-2,-30.6,0.57,0.518,0.690,0.21,0,26,0,188.2,40.4,80.4,79.9,0.00,1,13.7,25.0
32.85,cruise,349.93,0.07,0.491,1,2980.2,-1237.0,-1096.9,1617.1,-91.58,146.56,114,81,-1,56.0,30.5,57.4,27.3,-0.23,0.13,1.00,0.00,0.00,0.00,-22.49,171.11,78,-1,0,2,-31.0,0.60,0.502,0.676,0.23,0,26,0,190.4,38.7,77.1,76.0,0.00,1,6.7,15.1
32.95,cruise,349.96,0.04,0.478,1,2971.0,-1222.3,-1087.7,1602.5,-92.20,146.38,113,81,-1,56.2,29.8,58.0,22.4,-0.22,0.10,1.00,0.00,0.00,0.00,-27.44,170.63,78,-1,0,6,-25.1,0.60,0.489,0.641,0.24,0,26,0,192.7,37.8,73.7,71.7,0.00,1,2.2,7.0
33.05,cruise,350.02,-0.02,0.470,1,2961.8,-1207.7,-1078.5,1587.8,-92.72,146.16,111,81,-1,56.3,29.6,58.3,18.7,-0.18,0.06,1.00,0.00,0.00,0.00,-33.26,169.77,78,-1,0,10,-17.0,0.60,0.480,0.592,0.20,0,26,0,194.9,37.6,70.9,67.8,0.00,1,-1.7,-2.1
33.15,cruise,350.05,-0.05,0.467,1,2952.5,-1193.1,-1069.3,1573.2,-93.25,145.90,109,72,-1,56.3,29.7,58.2,16.9,-0.11,0.02,1.00,0.00,0.00,0.00,-41.06,168.15,78,-1,0,13,-7.6,0.60,0.477,0.539,0.12,0,26,0,196.6,38.2,69.2,65.1,0.00,1,-4.4,-10.3
33.25,cruise,350.05,-0.05,0.469,1,2952.5,-1193.1,-1060.0,1558.6,-93.25,145.90,107,72,-1,56.3,29.9,58.0,17.1,-0.04,-0.01,1.00,0.00,0.00,0.00,-47.73,166.45,78,-1,0,14,-7.6,0.43,0.474,0.498,0.02,0,26,0,197.8,39.4,68.6,63.9,0.00,1,-4.4,-10.3
33.35,cruise,350.03,-0.03,0.475,1,2933.7,-1164.0,-1050.6,1544.0,-94.13,145.42,105,72,-1,56.2,30.3,57.5,19.4,0.05,-0.04,1.00,0.00,0.00,0.00,-52.67,165.01,78,-1,0,14,12.3,0.23,0.476,0.518,-0.09,0,26,0,198.3,41.1,69.2,64.4,0.00,1,-7.9,-23.3
33.45,cruise,349.97,0.03,0.488,1,2933.7,-1164.0,-1041.2,1529.5,-94.13,145.42,104,72,-1,56.0,30.8,57.0,23.4,0.13,-0.05,1.00,0.00,0.00,0.00,-55.34,164.15,78,-1,0,12,12.3,-0.01,0.488,0.577,-0.18,0,26,0,198.2,43.2,70.7,66.2,0.00,1,-7.9,-23.3
33.55,cruise,349.88,0.12,0.509,1,2924.3,-1149.4,-1031.8,1514.9,-94.39,145.28,104,72,-1,55.8,31.5,56.4,28.4,0.20,-0.06,1.00,0.00,0.00,0.00,-55.95,163.97,78,-1,0,9,21.2,-0.25,0.510,0.640,-0.27,0,26,0,197.4,45.3,72.8,69.1,0.00,1,-8.5,-26.5
33.65,cruise,349.77,0.23,0.536,1,2905.4,-1120.4,-1022.3,1500.4,-94.57,145.37,105,72,-1,55.4,32.6,55.7,33.6,0.23,-0.06,1.00,0.00,0.00,0.00,-54.47,164.57,78,-1,0,5,32.4,-0.46,0.543,0.701,-0.35,0,26,0,195.9,47.3,75.2,72.5,0.00,1,-7.3,-22.4
33.75,cruise,349.66,0.34,0.566,1,2895.9,-1105.8,-1012.9,1485.9,-94.39,145.68,106,72,-1,55.0,33.9,55.0,38.4,0.24,-0.07,1.00,0.00,0.00,0.00,-51.27,165.67,78,-1,0,2,33.4,-0.60,0.579,0.751,-0.43,0,26,0,193.9,48.9,77.8,76.0,0.00,1,-5.4,-15.8
33.85,cruise,349.55,0.45,0.590,1,2886.5,-1091.2,-1003.4,1471.3,-94.39,146.21,107,72,-1,54.6,35.1,54.1,42.1,0.21,-0.08,1.00,0.00,0.00,0.00,-46.97,167.11,78,-1,0,-1,30.1,-0.60,0.603,0.773,-0.44,0,26,0,191.5,49.8,80.2,79.2,0.00,1,-2.7,-6.6
33.95,cruise,349.48,0.52,0.599,1,2877.0,-1076.5,-994.0,1456.7,-94.22,146.87,110,80,-1,54.2,36.1,53.1,44.4,0.16,-0.08,1.00,0.00,0.00,0.00,-40.11,169.34,78,-1,0,-4,22.3,-0.60,0.612,0.758,-0.38,0,26,0,189.0,50.0,82.4,81.9,0.00,1,0.9,3.8
34.05,cruise,349.44,0.56,0.591,1,2877.0,-1076.5,-984.5,1442.0,-94.22,146.87,112,80,-1,54.1,36.6,52.3,45.2,0.09,-0.08,1.00,0.00,0.00,0.00,-33.80,171.18,78,-1,0,-6,22.3,-0.57,0.603,0.703,-0.25,0,26,0,186.7,49.2,84.2,84.1,0.00,1,0.9,3.8
34.15,cruise,349.45,0.55,0.573,1,2867.6,-1061.8,-975.1,1427.3,-94.22,147.57,113,80,-1,54.1,36.5,51.8,44.6,0.02,-0.05,1.00,0.00,0.00,0.00,-28.83,172.69,78,-1,0,-8,12.2,-0.40,0.578,0.620,-0.12,0,26,0,184.9,47.6,85.6,85.6,0.00,1,5.3,13.9
34.25,cruise,349.50,0.50,0.548,1,2848.8,-1032.1,-965.7,1412.5,-94.22,148.67,114,80,-1,54.4,35.6,51.9,42.7,-0.06,-0.01,1.00,0.00,0.00,0.00,-25.40,173.75,78,-1,0,-8,-12.5,-0.17,0.549,0.591,0.04,0,26,0,183.9,45.2,86.2,86.3,0.00,1,13.2,27.3
34.35,cruise,349.59,0.41,0.520,1,2848.8,-1032.1,-956.3,1397.6,-94.22,148.67,115,85,-1,54.9,34.2,52.6,39.6,-0.14,0.04,1.00,0.00,0.00,0.00,-22.24,174.60,78,-1,0,-8,-12.5,0.09,0.520,0.614,0.22,0,26,0,183.9,42.5,85.7,85.9,0.00,1,13.2,27.3
34.45,cruise,349.69,0.31,0.495,1,2829.9,-1002.3,-946.8,1382.7,-94.66,149.11,115,85,-1,55.4,32.4,53.8,35.6,-0.20,0.10,1.00,0.00,0.00,0.00,-21.28,175.09,78,-1,0,-6,-31.3,0.34,0.498,0.647,0.37,0,26,0,185.0,39.8,84.1,84.3,0.00,1,15.0,27.5
34.55,cruise,349.80,0.20,0.475,1,2820.4,-987.4,-937.4,1367.8,-95.01,149.00,115,85,-1,55.8,30.6,55.1,30.7,-0.25,0.14,1.00,0.00,0.00,0.00,-22.48,175.18,78,-1,0,-3,-35.1,0.56,0.484,0.668,0.46,0,26,0,186.8,37.4,81.1,81.3,0.00,1,13.4,22.7
34.65,cruise,349.91,0.09,0.460,1,2810.9,-972.6,-927.9,1352.9,-95.54,148.75,114,85,-1,56.2,29.2,56.5,25.3,-0.26,0.16,1.00,0.00,0.00,0.00,-25.73,174.83,78,-1,0,1,-34.5,0.60,0.470,0.667,0.53,0,26,0,189.2,35.7,77.2,77.2,0.00,1,10.5,15.0
34.75,cruise,350.00,-0.00,0.454,1,2810.9,-972.6,-918.4,1338.1,-95.54,148.75,112,77,-1,56.4,28.4,57.6,20.1,-0.25,0.15,1.00,0.00,0.00,0.00,-32.67,173.75,78,-1,0,5,-34.5,0.60,0.464,0.646,0.52,0,26,0,191.8,34.8,73.3,72.5,0.00,1,10.5,15.0
34.85,cruise,350.08,-0.08,0.452,1,2791.6,-942.9,-908.8,1323.2,-96.59,147.96,110,77,-1,56.6,28.0,58.3,16.1,-0.20,0.12,1.00,0.00,0.00,0.00,-40.16,172.16,78,-1,0,10,-22.1,0.60,0.462,0.605,0.47,0,26,0,194.2,34.9,70.1,67.9,0.00,1,1.7,-4.7
34.95,cruise,350.12,-0.12,0.455,1,2781.9,-928.1,-899.1,1308.4,-97.12,147.50,108,77,-1,56.6,28.1,58.6,13.8,-0.14,0.06,1.00,0.00,0.00,0.00,-47.45,170.21,78,-1,0,14,-13.5,0.60,0.466,0.556,0.33,0,26,0,196.3,35.9,68.0,64.3,0.00,1,-2.7,-14.5
35.05,cruise,350.14,-0.14,0.461,1,2772.2,-913.4,-889.4,1293.6,-97.65,147.13,106,77,-1,56.6,28.3,58.5,13.6,-0.06,0.01,1.00,0.00,0.00,0.00,-53.78,168.22,78,-1,0,16,-4.2,0.58,0.471,0.502,0.16,0,26,0,198.0,37.7,67.2,62.1,0.00,1,-6.7,-23.3
35.15,cruise,350.12,-0.12,0.469,1,2772.2,-913.4,-879.7,1278.9,-97.65,147.13,104,70,-1,56.5,28.7,58.1,15.5,0.02,-0.04,1.00,0.00,0.00,0.00,-60.47,165.91,78,-1,0,16,-4.2,0.41,0.474,0.502,-0.02,0,26,0,199.4,40.1,67.3,61.5,0.00,1,-6.7,-23.3
35.25,cruise,350.07,-0.07,0.481,1,2762.4,-898.7,-869.9,1264.2,-98.00,146.80,102,70,-1,56.4,29.1,57.5,19.3,0.11,-0.06,1.00,0.00,0.00,0.00,-64.70,164.22,78,-1,0,16,5.4,0.20,0.482,0.562,-0.18,0,26,0,200.2,42.9,68.4,62.3,0.00,1,-9.2,-29.9
35.35,cruise,349.99,0.01,0.499,1,2742.7,-869.4,-860.0,1249.6,-98.44,146.60,102,70,-1,56.2,29.8,56.8,24.5,0.19,-0.07,1.00,0.00,0.00,0.00,-66.39,163.54,78,-1,0,13,24.5,-0.04,0.499,0.625,-0.31,0,26,0,200.4,45.7,70.0,64.5,0.00,1,-11.0,-34.1
35.45,cruise,349.88,0.12,0.524,1,2732.9,-854.7,-850.2,1234.9,-98.44,146.71,102,70,-1,55.9,30.7,56.1,30.3,0.24,-0.07,1.00,0.00,0.00,0.00,-65.66,163.92,78,-1,0,10,31.6,-0.28,0.527,0.691,-0.39,0,26,0,200.0,48.4,72.1,67.5,0.00,1,-10.7,-31.3
35.55,cruise,349.75,0.25,0.554,1,2732.9,-854.7,-840.4,1220.2,-98.44,146.71,103,70,-1,55.5,32.0,55.3,36.0,0.27,-0.08,1.00,0.00,0.00,0.00,-62.67,165.19,78,-1,0,7,31.6,-0.49,0.563,0.755,-0.45,0,26,0,198.9,50.7,74.3,71.0,0.00,1,-10.7,-31.3
35.65,cruise,349.63,0.37,0.583,1,2723.0,-840.0,-830.5,1205.5,-98.26,147.04,105,70,-1,55.1,33.4,54.3,40.8,0.26,-0.09,1.00,0.00,0.00,0.00,-58.14,167.02,78,-1,0,4,35.7,-0.60,0.596,0.800,-0.47,0,26,0,197.2,52.3,76.6,74.4,0.00,1,-9.4,-24.9
35.75,cruise,349.53,0.47,0.600,1,2713.2,-825.3,-820.7,1190.8,-98.09,147.52,106,70,-1,54.6,34.8,53.1,44.2,0.22,-0.10,1.00,0.00,0.00,0.00,-53.04,169.03,78,-1,0,0,35.7,-0.60,0.614,0.807,-0.42,0,26,0,194.9,53.0,78.7,77.4,0.00,1,-6.8,-15.5
35.85,cruise,349.46,0.54,0.602,1,2693.7,-795.6,-810.9,1176.0,-97.38,148.91,108,70,-1,54.3,35.8,51.9,46.1,0.16,-0.11,1.00,0.00,0.00,0.00,-47.94,170.91,78,-1,0,-2,22.9,-0.60,0.616,0.776,-0.34,0,26,0,192.2,52.7,80.7,80.0,0.00,1,2.3,7.8
35.95,cruise,349.44,0.56,0.589,1,2684.0,-780.7,-801.2,1161.1,-97.12,149.72,110,80,-1,54.2,36.1,50.9,46.5,0.08,-0.10,1.00,0.00,0.00,0.00,-40.48,173.26,78,-1,0,-4,11.7,-0.54,0.600,0.707,-0.22,0,26,0,189.4,51.5,82.5,82.3,0.00,1,8.4,18.7
36.05,cruise,349.47,0.53,0.565,1,2684.0,-780.7,-791.5,1146.2,-97.12,149.72,112,80,-1,54.4,35.6,50.5,45.5,0.00,-0.07,1.00,0.00,0.00,0.00,-34.56,175.08,78,-1,0,-6,11.7,-0.36,0.569,0.607,-0.04,0,26,0,187.0,49.4,84.0,84.0,0.00,1,8.4,18.7
36.15,cruise,349.53,0.47,0.539,1,2674.3,-765.7,-781.8,1131.2,-96.86,150.36,113,80,-1,54.8,34.4,50.9,43.4,-0.07,-0.01,1.00,0.00,0.00,0.00,-30.33,176.26,78,-1,0,-7,-1.0,-0.12,0.540,0.582,0.13,0,26,0,185.4,46.7,84.9,85.0,0.00,1,14.3,26.7
36.25,cruise,349.63,0.37,0.515,1,2654.9,-735.5,-772.1,1116.1,-96.86,151.19,114,80,-1,55.3,32.5,52.1,40.3,-0.14,0.08,1.00,0.00,0.00,0.00,-28.02,177.08,78,-1,0,-7,-25.0,0.13,0.515,0.624,0.34,0,26,0,184.8,43.7,85.0,85.2,0.00,1,22.5,32.7
36.35,cruise,349.74,0.26,0.496,1,2645.2,-720.3,-762.4,1101.0,-97.12,151.28,114,84,-1,55.8,30.2,53.9,36.3,-0.19,0.15,1.00,0.00,0.00,0.00,-26.25,177.63,78,-1,0,-6,-33.1,0.38,0.500,0.669,0.51,0,26,0,185.2,40.7,84.0,84.1,0.00,1,22.6,30.9
36.45,cruise,349.85,0.15,0.484,1,2645.2,-720.3,-752.7,1085.8,-97.12,151.28,114,84,-1,56.3,28.1,56.0,31.4,-0.22,0.21,1.00,0.00,0.00,0.00,-26.81,177.76,78,-1,0,-4,-33.1,0.59,0.494,0.703,0.60,0,26,0,186.6,38.0,81.6,81.6,0.00,1,22.6,30.9
36.55,cruise,349.96,0.04,0.476,1,2635.5,-705.2,-743.0,1070.7,-97.47,151.24,113,84,-1,56.6,26.4,57.8,25.8,-0.23,0.22,1.00,0.00,0.00,0.00,-29.51,177.49,78,-1,0,0,-36.5,0.60,0.487,0.704,0.64,0,26,0,188.6,35.9,78.2,77.8,0.00,1,19.9,26.1
36.65,cruise,350.06,-0.06,0.474,1,2625.7,-690.1,-733.2,1055.6,-98.00,150.97,112,84,-1,56.8,25.6,59.2,20.2,-0.22,0.19,1.00,0.00,0.00,0.00,-34.26,176.70,78,-1,0,5,-35.1,0.60,0.485,0.682,0.58,0,26,0,190.9,34.7,74.5,73.0,0.00,1,14.7,18.9
36.75,cruise,350.13,-0.13,0.476,1,2605.9,-660.0,-723.3,1040.5,-99.23,150.25,110,76,-1,56.9,25.6,60.0,15.5,-0.19,0.13,1.00,0.00,0.00,0.00,-42.13,175.00,78,-1,0,9,-21.4,0.60,0.487,0.639,0.45,0,26,0,193.1,34.2,71.1,68.4,0.00,1,1.5,1.3
36.85,cruise,350.18,-0.18,0.479,1,2605.9,-660.0,-713.4,1025.5,-99.23,150.25,107,76,-1,56.9,26.1,60.1,12.5,-0.13,0.05,1.00,0.00,0.00,0.00,-50.25,172.90,78,-1,0,13,-21.4,0.60,0.489,0.577,0.26,0,26,0,195.0,34.5,68.7,64.8,0.00,1,1.5,1.3
36.95,cruise,350.20,-0.20,0.480,1,2585.9,-630.1,-703.5,1010.5,-100.37,149.41,105,76,-1,56.9,26.7,59.6,11.6,-0.07,-0.03,1.00,0.00,0.00,0.00,-57.44,170.59,78,-1,0,15,-2.4,0.54,0.489,0.536,0.04,0,26,0,196.6,35.5,67.3,62.7,0.00,1,-9.5,-15.4
37.05,cruise,350.19,-0.19,0.481,1,2585.9,-630.1,-693.4,995.6,-100.37,149.41,103,76,-1,56.8,27.5,58.7,13.0,0.00,-0.08,1.00,0.00,0.00,0.00,-63.27,168.51,78,-1,0,16,-2.4,0.36,0.485,0.526,-0.19,0,26,0,197.6,37.0,67.1,62.3,0.00,1,-9.5,-15.4
37.15,cruise,350.14,-0.14,0.484,1,2575.9,-615.1,-683.4,980.6,-100.90,149.11,102,71,-1,56.6,28.4,57.7,16.3,0.08,-0.11,1.00,0.00,0.00,0.00,-68.36,166.55,78,-1,0,14,7.6,0.14,0.485,0.577,-0.35,0,26,0,198.0,38.8,68.0,63.5,0.00,1,-12.1,-21.2
37.25,cruise,350.06,-0.06,0.492,1,2555.6,-585.4,-673.2,965.7,-101.43,148.69,101,71,-1,56.4,29.3,56.7,20.9,0.15,-0.12,1.00,0.00,0.00,0.00,-71.00,165.44,78,-1,0,12,25.4,-0.11,0.492,0.625,-0.45,0,26,0,197.6,40.8,69.9,66.1,0.00,1,-11.6,-25.9
37.35,cruise,349.95,0.05,0.507,1,2555.6,-585.4,-663.1,950.9,-101.43,148.69,101,71,-1,56.1,30.3,55.7,26.3,0.21,-0.11,1.00,0.00,0.00,0.00,-71.28,165.27,78,-1,0,8,25.4,-0.34,0.511,0.674,-0.53,0,26,0,196.4,42.8,72.3,69.5,0.00,1,-11.6,-25.9
37.45,cruise,349.83,0.17,0.527,1,2545.4,-570.5,-652.9,936.0,-101.60,148.67,102,71,-1,55.7,31.6,54.9,31.6,0.24,-0.10,1.00,0.00,0.00,0.00,-69.63,166.06,78,-1,0,4,31.5,-0.54,0.536,0.715,-0.53,0,26,0,194.5,44.5,75.2,73.4,0.00,1,-9.4,-24.0
37.55,brake,349.72,0.28,0.548,1,2525.1,-540.7,0.0,0.0,-101.60,149.02,103,77,-1,49.7,25.6,54.1,36.3,0.39,-0.04,1.00,0.00,0.00,0.00,-64.53,168.21,78,-1,0,1,33.3,-0.60,0.560,0.731,-0.49,0,26,0,192.0,45.8,78.3,77.3,0.00,1,-2.9,-11.8
37.65,brake,349.62,0.38,0.565,1,2525.1,-540.7,0.0,0.0,-101.60,149.02,105,77,-1,43.7,19.6,53.4,39.9,0.42,0.04,1.00,0.00,0.00,0.00,-58.77,170.51,78,-1,0,-3,33.3,-0.60,0.577,0.761,-0.41,0,26,0,189.2,46.5,81.3,80.9,0.00,1,-2.9,-11.8
37.75,brake,349.55,0.45,0.571,1,2504.9,-510.8,0.0,0.0,-101.25,149.84,107,77,-1,37.7,13.6,52.6,41.8,0.40,0.12,1.00,0.00,0.00,0.00,-52.91,172.62,78,-1,0,-6,19.4,-0.60,0.584,0.792,-0.34,0,26,0,186.3,46.2,83.9,83.8,0.00,1,3.6,11.5
37.85,brake,349.54,0.46,0.559,1,2494.7,-495.8,0.0,0.0,-101.07,150.41,109,77,-1,31.7,7.6,51.8,41.8,0.32,0.18,1.00,0.00,0.00,0.00,-48.07,174.33,78,-1,0,-8,7.9,-0.55,0.570,0.770,-0.30,0,26,0,184.1,44.6,85.8,85.9,0.00,1,4.4,27.1
37.95,brake,349.57,0.43,0.528,1,2494.7,-495.8,0.0,0.0,-101.07,150.41,110,86,-1,25.7,1.6,50.8,39.2,0.18,0.23,1.00,0.00,0.00,0.00,-42.51,176.16,78,-1,0,-9,7.9,-0.34,0.531,0.695,-0.29,0,26,0,183.1,41.4,86.5,86.8,0.00,1,4.4,27.1
38.05,brake,349.65,0.35,0.550,1,2484.6,-480.7,0.0,0.0,-101.07,150.96,111,86,-1,19.7,-4.4,49.5,34.0,0.00,0.27,1.00,0.00,0.00,0.00,-40.34,177.14,78,-1,0,-8,-4.5,-0.07,0.550,0.658,-0.31,0,26,0,183.5,36.7,85.3,86.1,0.00,1,2.7,43.3
38.15,brake,349.79,0.21,0.550,1,2474.5,-465.6,0.0,0.0,-101.25,151.30,110,86,-1,13.7,-10.4,47.8,26.2,-0.19,0.29,1.00,0.00,0.00,0.00,-42.12,177.12,78,-1,0,-6,-16.7,0.22,0.552,0.743,-0.35,0,26,0,185.3,30.7,81.1,83.5,0.00,1,-1.8,57.6
38.25,brake,349.95,0.05,0.550,1,2454.2,-435.3,0.0,0.0,-101.95,151.20,109,86,-1,7.7,-16.4,45.8,16.2,-0.36,0.28,1.00,0.00,0.00,0.00,-47.69,175.94,78,-1,0,-1,-32.3,0.50,0.559,0.814,-0.35,0,26,0,188.3,23.8,71.6,79.2,0.00,1,-19.2,72.4
38.35,brake,350.15,-0.15,0.550,1,2454.2,-435.3,0.0,0.0,-101.95,151.20,105,77,-1,1.7,-22.4,43.2,5.5,-0.46,0.22,1.00,0.00,0.00,0.00,-59.26,172.47,78,-1,0,4,-32.3,0.62,0.563,0.837,-0.21,0,26,0,191.9,16.4,54.3,74.2,0.00,1,-19.2,72.4
38.45,brake,350.37,-0.37,0.550,1,2433.6,-405.3,0.0,0.0,-103.45,149.59,101,77,-1,-4.3,-28.4,39.9,-4.3,-0.46,0.11,1.00,0.00,0.00,0.00,-72.25,167.30,78,-1,0,8,-28.9,0.66,0.565,0.795,0.09,0,26,0,195.5,9.0,29.6,69.8,0.00,1,-41.7,61.2
38.55,brake,350.61,-0.61,0.550,1,2423.2,-390.4,0.0,0.0,-104.15,148.16,97,77,-1,-10.3,-34.4,35.6,-11.6,-0.35,-0.04,0.89,0.00,0.00,0.00,-85.42,160.57,78,-1,0,11,-19.9,0.69,0.566,0.721,0.49,0,26,0,198.4,1.9,5.7,67.3,0.00,1,-50.4,48.0
38.65,brake,350.87,-0.87,0.550,1,2412.8,-375.7,0.0,0.0,-104.68,146.40,93,77,-1,-16.3,-37.5,30.6,-16.3,-0.16,-0.14,0.78,0.00,0.00,0.00,-97.18,152.82,78,-1,0,11,-8.7,0.62,0.563,0.686,1.00,0,26,0,200.1,355.6,348.2,66.8,0.00,1,-54.9,33.1
38.75,brake,351.15,-1.15,0.550,1,2412.8,-375.7,0.0,0.0,-104.68,146.40,88,69,-1,-22.3,-37.6,25.4,-18.7,0.03,-0.17,0.67,0.00,0.00,0.00,-109.48,142.85,78,-1,0,10,-8.7,0.37,0.555,0.636,1.59,0,26,0,200.2,350.7,335.9,68.1,0.00,1,-54.9,33.1
38.85,brake,351.47,-1.47,0.550,1,2402.3,-361.2,0.0,0.0,-105.03,144.45,84,69,-1,-28.3,-37.9,20.3,-19.4,0.22,-0.12,0.57,0.00,0.00,0.00,-119.03,133.14,78,-1,0,7,3.7,0.07,0.550,0.686,2.27,0,26,0,198.6,347.2,326.0,70.7,0.00,1,-55.4,19.4
38.95,brake,351.84,-1.84,0.550,1,2381.3,-332.8,0.0,0.0,-104.94,140.45,81,69,-1,-31.3,-38.5,15.8,-19.2,0.34,-0.06,0.47,0.00,0.00,0.00,-126.00,124.34,78,-1,0,4,25.7,-0.24,0.552,0.711,3.08,0,26,0,195.7,345.0,316.2,74.3,0.00,1,-49.0,5.9
39.05,brake,352.29,-2.29,0.550,1,2370.8,-318.9,0.0,0.0,-104.50,138.59,78,69,-1,-29.9,-39.3,12.0,-18.8,0.38,-0.02,0.40,0.00,0.00,0.00,-130.84,116.70,78,-1,0,-1,32.3,-0.53,0.560,0.719,3.98,0,26,0,191.6,343.4,304.7,78.6,0.00,1,-45.8,8.1
39.15,brake,352.83,-2.83,0.550,1,2370.8,-318.9,0.0,0.0,-104.50,138.59,79,82,-1,-28.1,-40.2,8.6,-19.0,0.31,0.01,0.35,0.00,0.00,0.00,-129.96,115.06,78,-1,0,-5,32.3,-0.75,0.570,0.697,4.91,0,26,0,187.0,342.0,290.7,83.3,0.00,1,-45.8,8.1
39.25,brake,353.47,-3.47,0.550,1,2360.4,-305.2,0.0,0.0,-103.97,136.82,79,82,-1,-25.9,-41.2,5.6,-20.2,0.17,0.02,0.36,0.00,0.00,0.00,-128.79,113.78,78,-1,0,-10,34.7,-0.89,0.578,0.654,5.91,0,26,0,182.2,340.0,275.9,88.0,0.00,1,-43.3,14.9
39.35,brake,354.21,-4.21,0.550,1,2339.8,-278.3,0.0,0.0,-102.30,133.32,79,82,-1,-23.6,-42.0,2.8,-22.6,-0.02,0.02,0.43,0.00,0.00,0.00,-127.30,112.74,78,-1,0,-14,25.0,-0.87,0.576,0.593,7.02,0,26,0,177.5,337.3,264.0,92.3,0.00,1,-39.0,34.6
39.45,brake,355.06,-5.06,0.550,1,2329.6,-265.1,0.0,0.0,-101.34,131.39,79,82,-1,-21.8,-42.5,0.0,-26.2,-0.21,-0.00,0.54,0.00,0.00,0.00,-125.36,111.92,78,-1,0,-18,14.0,-0.83,0.574,0.659,8.10,0,26,0,173.4,333.8,256.7,95.9,0.00,1,-37.9,41.5
39.55,brake,355.99,-5.99,0.550,1,2329.6,-265.1,0.0,0.0,-101.34,131.39,83,99,-1,-20.7,-42.8,-3.3,-30.5,-0.35,-0.06,0.69,0.00,0.00,0.00,-117.12,117.53,78,-1,0,-21,14.0,-0.70,0.567,0.734,9.10,0,26,0,170.0,329.9,253.1,98.7,0.00,1,-37.9,41.5
39.65,brake,356.99,-6.99,0.550,1,2319.6,-252.1,0.0,0.0,-100.20,129.23,86,99,-1,-20.8,-42.8,-7.6,-34.9,-0.42,-0.17,0.85,0.00,0.00,0.00,-108.42,122.41,78,-1,0,-23,0.5,-0.46,0.557,0.793,9.98,0,26,0,167.5,326.2,251.6,100.5,0.00,1,-38.2,43.4
39.75,brake,358.02,-8.02,0.550,1,2299.9,-226.9,0.0,0.0,-97.56,124.23,90,99,-1,-22.1,-42.4,-13.3,-38.7,-0.37,-0.31,1.00,0.00,0.00,0.00,-98.92,126.86,78,-1,0,-24,-28.7,-0.19,0.551,0.821,10.66,0,26,0,166.1,323.4,251.5,101.5,0.00,1,-39.4,28.7
39.85,brake,359.08,-9.08,0.450,1,2290.2,-214.7,0.0,0.0,-96.06,121.56,94,99,-1,-24.4,-41.7,-20.3,-41.3,-0.23,-0.42,1.00,0.00,0.00,0.00,-88.44,130.87,78,-1,0,-24,-41.2,0.10,0.450,0.709,11.08,0,26,0,166.0,321.8,252.4,101.5,0.00,1,-36.1,16.0
39.95,brake,360.13,-10.13,0.350,1,2290.2,-214.7,0.0,0.0,-96.06,121.56,99,101,-1,-27.5,-40.5,-27.4,-42.2,-0.01,-0.47,1.00,0.00,0.00,0.00,-76.85,134.54,78,-1,0,-23,-41.2,0.37,0.353,0.544,11.23,0,26,0,167.6,321.6,254.5,100.5,0.00,1,-36.1,16.0
40.05,brake,361.17,-11.17,0.250,1,2271.4,-191.0,0.0,0.0,-92.64,116.77,103,101,-1,-30.7,-38.8,-33.4,-41.4,0.21,-0.42,1.00,0.00,0.00,0.00,-65.77,136.84,78,-1,0,-20,-56.0,0.60,0.256,0.508,11.14,0,26,0,170.9,322.3,258.3,98.1,0.00,1,-16.3,-4.1
40.15,brake,362.17,-12.17,0.250,1,2262.3,-179.4,0.0,0.0,-91.05,114.91,106,101,-1,-33.9,-36.5,-37.7,-39.0,0.38,-0.30,1.00,0.00,0.00,0.00,-56.34,138.00,78,-1,1,-16,-58.2,0.60,0.256,0.511,10.76,0,26,0,175.6,323.2,264.2,94.1,0.00,1,-3.9,-5.3
40.25,brake,363.12,-13.12,0.250,1,2253.3,-168.1,0.0,0.0,-89.65,113.23,109,101,-1,-36.6,-33.8,-40.3,-35.5,0.48,-0.16,1.00,0.00,0.00,0.00,-48.99,138.19,78,-1,1,-11,-56.8,0.60,0.256,0.511,10.22,0,26,0,181.3,323.7,271.8,88.7,0.00,1,5.1,-2.9
40.35,brake,364.03,-14.03,0.250,1,2244.4,-156.9,0.0,0.0,-88.24,111.65,108,82,-1,-38.8,-30.7,-41.7,-31.7,0.50,-0.03,1.00,0.00,0.00,0.00,-49.40,135.71,78,-1,0,-5,-54.6,0.60,0.256,0.468,9.66,0,26,0,187.4,323.7,280.1,82.5,0.00,1,10.7,3.5
40.45,brake,364.90,-14.90,0.250,1,2244.4,-156.9,0.0,0.0,-88.24,111.65,108,82,-1,-40.6,-27.3,-42.4,-28.1,0.45,0.05,1.00,0.00,0.00,0.00,-50.41,133.09,78,-1,0,2,-54.6,0.60,0.256,0.459,9.15,0,26,0,193.7,322.8,287.9,75.8,0.00,1,10.7,3.5
40.55,brake,365.73,-15.73,0.250,1,2235.7,-145.8,0.0,0.0,-86.84,110.16,107,82,-1,-42.0,-23.6,-42.9,-25.4,0.36,0.10,1.00,0.00,0.00,0.00,-51.69,130.40,78,-1,0,9,-51.8,0.60,0.256,0.439,8.68,0,26,0,200.1,320.8,294.2,69.1,0.00,1,13.3,12.7
40.65,brake,366.52,-16.52,0.250,1,2227.1,-134.9,0.0,0.0,-85.52,108.74,106,82,-1,-43.0,-19.8,-43.3,-23.9,0.23,0.11,1.00,0.00,0.00,0.00,-52.96,127.80,78,-1,0,15,-48.3,0.60,0.256,0.391,8.23,0,26,0,206.6,317.5,298.7,62.7,0.00,1,13.4,23.2
40.75,brake,367.27,-17.27,0.250,1,2218.7,-124.1,0.0,0.0,-84.38,107.34,101,56,-1,-43.7,-16.1,-43.9,-23.6,0.09,0.08,1.00,0.00,0.00,0.00,-61.63,121.83,78,-1,0,21,-44.0,0.60,0.256,0.326,7.79,0,26,0,213.3,313.1,301.6,56.9,0.00,1,12.0,33.0
40.85,brake,367.97,-17.97,0.250,1,2202.1,-103.0,0.0,0.0,-82.18,104.48,98,56,-1,-44.3,-12.7,-44.8,-24.4,-0.04,0.03,1.00,0.00,0.00,0.00,-68.15,116.20,78,-1,0,26,-34.6,0.60,0.256,0.282,7.33,0,26,0,220.1,307.7,303.1,51.8,0.00,1,6.6,46.1
40.95,brake,368.62,-18.62,0.250,1,2193.9,-92.7,0.0,0.0,-81.30,102.96,95,56,-1,-44.6,-9.5,-46.1,-26.1,-0.14,-0.03,1.00,0.00,0.00,0.00,-72.68,111.30,78,-1,0,31,-29.4,0.60,0.256,0.323,6.82,0,26,0,227.3,301.7,303.8,47.3,0.00,1,4.7,48.5
41.05,brake,369.22,-19.22,0.250,1,2185.8,-82.5,0.0,0.0,-80.42,101.36,93,56,-1,-44.8,-6.8,-47.6,-28.4,-0.23,-0.07,1.00,0.00,0.00,0.00,-75.50,107.29,78,-1,0,34,-23.4,0.60,0.256,0.374,6.29,0,26,0,234.8,295.5,304.1,43.6,0.00,1,4.2,48.6
41.15,brake,369.76,-19.76,0.250,1,2177.9,-72.5,0.0,0.0,-79.54,99.71,86,27,-1,-44.9,-4.5,-49.1,-31.2,-0.29,-0.09,1.00,0.00,0.00,0.00,-87.39,95.42,78,-1,0,37,-17.4,0.60,0.256,0.407,5.76,0,26,0,242.4,289.6,304.2,40.7,0.00,1,5.3,46.6
41.25,brake,370.24,-20.24,0.250,1,2177.9,-72.5,0.0,0.0,-79.54,99.71,80,27,-1,-45.0,-2.8,-50.4,-34.1,-0.34,-0.08,1.00,0.00,0.00,0.00,-96.26,83.69,78,-1,0,40,-17.4,0.60,0.256,0.421,5.17,0,26,0,249.9,284.1,304.5,38.3,0.00,1,5.3,46.6
41.35,brake,370.68,-20.68,0.250,1,2162.1,-53.0,0.0,0.0,-78.40,96.27,74,27,-1,-45.0,-1.6,-51.2,-36.8,-0.35,-0.03,1.00,0.00,0.00,0.00,-102.66,72.78,78,-1,0,41,-5.4,0.60,0.256,0.410,4.53,0,26,0,256.6,279.5,305.1,36.5,0.00,1,10.7,35.4
41.45,brake,371.05,-21.05,0.250,1,2162.1,-53.0,0.0,0.0,-78.40,96.27,70,27,-1,-45.0,-0.8,-51.5,-39.2,-0.36,0.04,1.00,0.00,0.00,0.00,-107.03,62.91,78,-1,0,43,-5.4,0.60,0.256,0.415,3.88,0,26,0,261.8,276.0,306.1,35.1,0.00,1,10.7,35.4
41.55,brake,371.37,-21.37,0.250,1,2146.6,-34.2,0.0,0.0,-77.52,92.92,60,4,-1,-45.0,-0.4,-51.0,-41.0,-0.34,0.13,1.00,0.00,0.00,0.00,-114.63,43.36,78,-1,0,44,5.7,0.60,0.256,0.445,3.17,0,26,0,265.3,273.6,307.4,33.9,0.00,1,16.4,19.3
41.65,brake,371.63,-21.63,0.250,1,2138.8,-25.0,0.0,0.0,-77.17,91.32,51,4,-1,-45.0,-0.6,-49.8,-42.2,-0.32,0.23,1.00,0.00,0.00,0.00,-118.58,24.12,78,-1,0,45,11.6,0.60,0.256,0.475,2.42,0,26,0,266.9,272.5,309.0,33.1,0.00,1,17.3,10.2
41.75,brake,371.82,-21.82,0.250,1,2138.8,-25.0,0.0,0.0,-77.17,91.32,43,4,-1,-45.0,-1.2,-47.9,-42.8,-0.30,0.32,1.00,0.00,0.00,0.00,-119.38,6.60,78,-1,0,45,11.6,0.57,0.255,0.504,1.67,0,26,0,266.6,272.9,310.7,32.9,0.00,1,17.3,10.2
41.85,brake,371.96,-21.96,0.250,1,2131.1,-16.0,0.0,0.0,-76.99,89.71,36,4,-1,-45.0,-2.6,-45.5,-43.0,-0.27,0.41,1.00,0.00,0.00,0.00,-117.91,-8.53,78,-1,1,44,18.2,0.44,0.253,0.506,1.00,0,26,0,264.6,274.9,312.2,33.4,0.00,1,16.3,1.1
41.95,brake,372.04,-22.04,0.250,1,2115.8,1.6,0.0,0.0,-76.64,86.67,32,8,-1,-44.9,-4.7,-42.5,-42.8,-0.24,0.49,1.00,0.00,0.00,0.00,-115.31,-19.34,78,-1,1,43,31.6,0.30,0.251,0.503,0.36,0,26,0,261.0,278.4,313.2,34.8,0.00,1,7.5,-16.4
42.05,brake,372.06,-22.06,0.250,1,2115.8,1.6,0.0,0.0,-76.64,86.67,27,8,-1,-44.7,-7.5,-39.4,-42.2,-0.20,0.54,1.00,0.00,0.00,0.00,-112.25,-28.05,78,-1,1,41,31.6,0.17,0.250,0.501,-0.24,0,26,0,256.0,283.4,313.7,37.2,0.00,1,7.5,-16.4
42.15,brake,372.02,-22.02,0.250,1,2108.1,10.1,0.0,0.0,-76.46,85.24,24,8,-1,-44.5,-11.0,-36.4,-41.4,-0.14,0.56,1.00,0.00,0.00,0.00,-109.01,-35.05,78,-1,1,37,37.5,-0.01,0.250,0.500,-0.77,0,26,0,249.5,289.4,313.2,40.8,0.00,1,-0.3,-24.5
42.25,brake,371.88,-21.88,0.250,1,2092.9,26.8,0.0,0.0,-76.11,82.54,21,8,-1,-44.0,-14.8,-33.8,-40.2,-0.07,0.54,1.00,0.00,0.00,0.00,-105.84,-40.64,78,-1,0,32,45.9,-0.20,0.251,0.496,-1.27,0,26,0,241.6,295.7,311.6,45.5,0.00,1,-22.0,-38.3
42.35,brake,371.76,-21.76,0.250,1,2092.9,26.8,0.0,0.0,-76.11,82.54,25,37,-1,-43.2,-18.9,-32.1,-38.8,-0.00,0.47,1.00,0.00,0.00,0.00,-107.04,-33.89,78,-1,0,27,45.9,-0.38,0.252,0.442,-1.73,0,26,0,232.3,301.7,308.6,51.3,0.00,1,-22.0,-38.3
42.45,brake,371.54,-21.54,0.250,1,2085.3,35.0,0.0,0.0,-75.85,81.23,28,37,-1,-42.2,-22.8,-31.7,-37.3,0.06,0.34,1.00,0.00,0.00,0.00,-107.46,-28.36,78,-1,0,20,47.5,-0.55,0.255,0.417,-2.13,0,26,0,221.7,307.3,304.2,58.0,0.00,1,-34.9,-43.9
42.55,brake,371.20,-21.20,0.250,1,2070.2,50.9,0.0,0.0,-74.97,78.70,31,37,-1,-41.1,-26.2,-32.7,-35.6,0.12,0.16,1.00,0.00,0.00,0.00,-107.40,-23.53,78,-1,0,12,42.1,-0.60,0.256,0.368,-2.47,0,26,0,210.4,312.4,298.2,65.5,0.00,1,-59.2,-52.2
42.65,brake,370.94,-20.94,0.250,1,2062.8,58.7,0.0,0.0,-74.27,77.51,34,37,-1,-39.8,-29.0,-35.2,-34.2,0.13,-0.06,1.00,0.00,0.00,0.00,-107.04,-18.86,78,-1,0,5,35.5,-0.60,0.256,0.332,-2.83,0,26,0,199.2,317.2,290.7,73.3,0.00,1,-68.6,-54.0
42.75,brake,370.53,-20.53,0.250,1,2062.8,58.7,0.0,0.0,-74.27,77.51,43,80,-1,-38.6,-31.1,-39.1,-32.9,0.13,-0.29,1.00,0.00,0.00,0.00,-107.34,-0.85,78,-1,0,-3,35.5,-0.60,0.256,0.424,-3.20,0,26,0,189.2,322.1,281.7,81.2,0.00,1,-68.6,-54.0
42.85,brake,369.78,-19.78,0.250,1,2055.4,66.4,0.0,0.0,-73.39,76.37,53,80,-1,-37.6,-32.6,-43.9,-31.9,0.12,-0.50,1.00,0.00,0.00,0.00,-104.57,16.79,78,-1,0,-11,27.0,-0.60,0.256,0.501,-3.61,0,26,0,181.1,327.3,271.7,88.8,0.00,1,-74.1,-55.1
42.95,brake,369.49,-19.49,0.250,1,2041.0,81.4,0.0,0.0,-71.24,74.20,62,80,-1,-36.9,-33.5,-49.1,-31.1,0.11,-0.64,1.00,0.00,0.00,0.00,-99.20,32.70,78,-1,1,-18,9.6,-0.60,0.256,0.511,-4.11,0,26,0,175.4,333.0,260.9,95.8,0.00,1,-69.6,-55.9
43.05,brake,368.87,-18.87,0.250,1,2041.0,81.4,0.0,0.0,-71.24,74.20,70,80,-1,-36.4,-34.0,-54.1,-29.9,0.13,-0.71,1.00,0.00,0.00,0.00,-92.02,45.96,78,-1,1,-24,9.6,-0.60,0.256,0.511,-4.67,0,26,0,171.9,339.2,249.5,101.8,0.00,1,-69.6,-55.9
43.15,brake,368.18,-18.18,0.318,1,2034.0,88.7,0.0,0.0,-69.79,73.15,79,98,-1,-36.3,-34.1,-58.4,-27.8,0.18,-0.71,1.00,0.00,0.00,0.00,-82.67,58.19,78,-1,1,-28,0.5,-0.57,0.325,0.650,-5.23,0,26,0,170.6,345.6,237.2,106.1,0.00,1,-60.2,-55.9
43.25,brake,367.42,-17.42,0.412,1,2020.4,103.1,0.0,0.0,-66.49,71.44,85,98,-1,-36.5,-33.9,-61.9,-23.9,0.25,-0.65,1.00,0.00,0.00,0.00,-73.78,66.53,78,-1,0,-30,-16.3,-0.44,0.417,0.780,-5.94,0,26,0,170.9,351.8,221.9,108.1,0.00,1,-32.7,-53.3
43.35,brake,366.61,-16.61,0.486,1,2013.9,110.2,0.0,0.0,-64.42,70.79,90,98,-1,-36.9,-33.4,-64.0,-17.3,0.34,-0.52,1.00,0.00,0.00,0.00,-66.78,71.17,78,-1,0,-29,-25.1,-0.25,0.487,0.832,-6.75,0,26,0,172.5,357.5,198.3,106.6,0.00,1,-12.9,-50.0
43.45,brake,365.74,-15.74,0.550,1,2013.9,110.2,0.0,0.0,-64.42,70.79,92,98,-1,-37.5,-32.6,-64.4,-7.4,0.46,-0.28,1.00,0.00,0.00,0.00,-62.34,72.64,78,-1,0,-23,-25.1,0.04,0.550,0.845,-7.61,0,26,0,175.3,2.5,152.2,101.0,0.00,1,-12.9,-50.0
43.55,brake,364.83,-14.83,0.572,1,2007.6,117.3,0.0,0.0,-62.18,70.32,91,90,-1,-38.2,-31.6,-62.8,4.2,0.57,0.03,1.00,0.00,0.00,0.00,-61.28,71.11,78,-1,0,-15,-34.2,0.39,0.577,0.818,-8.47,0,26,0,178.8,6.6,100.6,92.7,0.00,1,9.7,-44.3
43.65,brake,363.89,-13.89,0.593,1,1995.8,131.3,0.0,0.0,-57.22,70.15,89,90,-1,-39.0,-30.4,-59.2,14.1,0.65,0.38,1.00,0.00,0.00,0.00,-61.49,68.55,78,-1,1,-7,-49.7,0.60,0.606,1.000,-9.23,0,26,0,182.7,9.8,74.7,84.9,0.00,1,48.0,-19.8
43.75,brake,362.95,-12.95,0.597,1,1990.3,138.3,0.0,0.0,-54.80,70.45,86,90,-1,-39.8,-28.9,-53.9,20.5,0.68,0.69,1.00,0.00,0.00,0.00,-61.98,65.97,78,-1,1,-1,-52.8,0.60,0.611,1.000,-9.74,0,26,0,186.8,11.8,60.3,79.1,0.00,1,53.5,-0.6
43.85,brake,362.04,-12.04,0.585,1,1990.3,138.3,0.0,0.0,-54.80,70.45,84,90,-1,-40.7,-27.0,-47.7,23.3,0.61,0.88,1.00,0.00,0.00,0.00,-62.14,64.07,78,-1,1,3,-52.8,0.60,0.598,1.000,-9.86,0,26,0,191.0,12.3,48.3,74.7,0.00,1,53.5,-0.6
43.95,brake,361.19,-11.19,0.557,1,1985.0,145.4,0.0,0.0,-52.65,70.97,80,74,-1,-41.6,-24.7,-41.7,23.4,0.46,0.92,1.00,0.00,0.00,0.00,-63.87,61.06,78,-1,1,7,-52.5,0.60,0.570,1.000,-9.52,0,26,0,195.2,10.8,35.0,70.5,0.00,1,46.3,21.4
44.05,brake,360.43,-10.43,0.550,1,1974.9,159.7,0.0,0.0,-49.22,72.02,78,74,-1,-42.5,-21.7,-37.3,21.4,0.26,0.78,1.00,0.00,0.00,0.00,-64.88,59.06,78,-1,0,12,-46.3,0.62,0.563,0.976,-8.81,0,26,0,199.6,6.9,18.7,65.9,0.00,1,2.7,62.5
44.15,brake,359.76,-9.76,0.550,1,1974.9,159.7,0.0,0.0,-49.22,72.02,76,74,-1,-43.3,-18.3,-35.6,17.7,0.02,0.46,0.94,0.00,0.00,0.00,-65.31,57.82,78,-1,0,17,-46.3,0.66,0.565,0.754,-7.96,0,26,0,203.9,0.1,0.2,60.6,0.00,1,2.7,62.5
44.25,brake,359.16,-9.16,0.550,1,1965.4,174.2,0.0,0.0,-46.49,72.05,75,74,-1,-44.0,-14.7,-37.3,12.5,-0.20,-0.03,0.95,0.00,0.00,0.00,-65.01,57.25,78,-1,0,23,-28.0,0.67,0.565,0.657,-7.00,0,26,0,207.7,350.0,341.3,55.2,0.00,1,-54.8,92.1
44.35,brake,358.60,-8.60,0.550,1,1960.8,181.3,0.0,0.0,-45.04,71.29,73,59,-1,-44.4,-11.7,-42.4,5.8,-0.36,-0.61,1.00,0.00,0.00,0.00,-65.55,55.28,78,-1,0,27,-10.5,0.63,0.564,0.951,-5.97,0,26,0,209.8,337.1,323.7,50.9,0.00,1,-74.9,98.4
44.45,brake,358.06,-8.06,0.550,1,1956.5,188.3,0.0,0.0,-43.46,69.84,73,59,-1,-44.5,-10.2,-50.0,-3.4,-0.51,-1.00,1.00,0.00,0.00,0.00,-64.20,54.68,78,-1,1,28,11.4,0.60,0.562,1.000,-4.97,0,26,0,209.4,323.8,307.6,49.9,0.00,1,-79.4,98.2
44.55,brake,357.53,-7.53,0.550,1,1952.2,195.2,0.0,0.0,-41.84,67.73,75,59,-1,-44.5,-10.9,-58.4,-17.3,-0.66,-1.00,1.00,0.00,0.00,0.00,-60.21,56.05,78,-1,1,23,32.5,0.23,0.552,1.000,-4.30,0,26,0,205.9,312.3,293.8,55.0,0.00,1,-66.5,91.3
44.65,brake,356.98,-6.98,0.654,1,1952.2,195.2,0.0,0.0,-41.84,67.73,80,59,-1,-44.2,-13.5,-65.9,-36.2,-0.76,-1.00,1.00,0.00,0.00,0.00,-52.81,59.57,78,-1,1,11,32.5,-0.43,0.662,1.000,-4.22,0,26,0,199.6,303.2,283.1,66.8,0.00,1,-66.5,91.3
44.75,brake,356.41,-6.41,0.702,1,1944.2,208.1,0.0,0.0,-39.24,62.30,89,77,-1,-43.5,-17.3,-71.5,-54.6,-0.76,-1.00,1.00,0.00,0.00,0.00,-41.96,64.19,78,-1,1,-1,57.8,-0.60,0.718,1.000,-4.83,0,26,0,192.0,296.1,275.9,79.3,0.00,1,-15.6,59.7
44.85,brake,355.77,-5.77,0.785,1,1940.4,214.1,0.0,0.0,-38.19,59.05,98,77,-1,-42.6,-21.5,-74.1,-65.7,-0.65,-0.59,1.00,0.00,0.00,0.00,-30.07,67.21,78,-1,1,-8,59.9,-0.60,0.802,1.000,-6.03,0,26,0,186.3,291.0,272.4,86.0,0.00,1,15.8,35.7
44.95,brake,355.06,-5.06,0.800,1,1940.4,214.1,0.0,0.0,-38.19,59.05,107,77,-1,-41.5,-25.1,-72.4,-68.7,-0.40,-0.09,1.00,0.00,0.00,0.00,-18.83,67.75,78,-1,1,-8,59.9,-0.60,0.818,1.000,-7.70,0,26,0,188.1,288.3,272.7,86.1,0.00,1,15.8,35.7
45.05,brake,354.25,-4.25,0.800,1,1933.0,225.0,0.0,0.0,-36.30,51.73,115,77,-1,-40.4,-27.7,-65.3,-65.9,-0.04,0.43,1.00,0.00,0.00,0.00,-10.32,65.99,78,-1,1,-4,50.9,-0.60,0.818,1.000,-9.58,0,26,0,198.8,288.6,276.5,81.7,0.00,1,77.2,-17.8
45.15,brake,353.35,-3.35,0.800,1,1929.4,229.8,0.0,0.0,-35.73,47.88,116,59,-1,-39.6,-29.3,-52.5,-59.5,0.35,0.90,1.00,0.00,0.00,0.00,-9.69,62.45,78,-1,1,3,45.0,-0.60,0.818,1.000,-11.22,0,26,0,209.8,292.2,283.2,75.3,0.00,1,92.8,-39.5
45.25,brake,352.39,-2.39,0.800,1,1925.8,234.4,0.0,0.0,-35.60,44.29,112,59,-1,-38.9,-30.0,-36.9,-52.3,0.63,1.00,1.00,0.00,0.00,0.00,-15.56,57.68,78,-1,1,9,36.5,-0.60,0.818,1.000,-12.06,0,26,0,215.3,298.7,291.2,69.2,0.00,1,90.5,-48.6
45.35,brake,351.42,-1.42,0.800,1,1925.8,234.4,0.0,0.0,-35.60,44.29,105,59,-1,-36.7,-28.1,-22.9,-45.8,0.68,1.00,1.00,0.00,0.00,0.00,-23.36,51.79,78,-1,1,13,36.5,-0.46,0.811,1.000,-11.77,0,26,0,217.2,306.5,299.4,64.5,0.00,1,90.5,-48.6
45.45,brake,350.51,-0.51,0.800,1,1918.6,242.6,0.0,0.0,-36.87,39.57,97,59,-1,-35.3,-26.5,-13.0,-41.0,0.55,1.00,1.00,0.00,0.00,0.00,-30.63,45.59,78,-1,1,17,13.1,-0.17,0.801,1.000,-10.52,0,26,0,217.8,313.7,306.5,61.4,0.00,1,48.6,-29.8
45.55,brake,349.72,0.28,0.800,1,1914.8,246.4,0.0,0.0,-37.92,38.37,89,51,-1,-34.7,-25.5,-7.7,-38.2,0.28,0.83,0.95,0.00,0.00,0.00,-37.64,38.83,78,-1,1,18,1.7,0.11,0.801,1.000,-8.74,0,26,0,218.1,318.2,311.2,59.5,0.00,1,16.7,-9.2
45.65,brake,349.10,0.90,0.800,1,1914.8,246.4,0.0,0.0,-37.92,38.37,82,51,-1,-34.6,-25.1,-7.0,-37.8,-0.06,0.45,0.94,0.00,0.00,0.00,-43.08,32.48,78,-1,1,19,1.7,0.34,0.806,1.000,-6.79,0,26,0,218.4,318.9,312.2,59.0,0.00,1,16.7,-9.2
45.75,brake,348.64,1.36,0.791,1,1910.9,250.2,0.0,0.0,-39.11,37.46,76,51,-1,-34.5,-25.1,-10.7,-39.7,-0.43,-0.01,1.00,0.00,0.00,0.00,-47.08,26.76,78,-1,0,18,-6.9,0.49,0.802,0.976,-4.84,0,26,0,218.4,315.6,309.0,60.2,0.00,1,-19.5,12.2
45.85,brake,348.31,1.69,0.747,1,1902.8,257.4,0.0,0.0,-41.31,34.59,72,51,-1,-34.1,-25.4,-19.0,-43.6,-0.77,-0.47,1.00,0.00,0.00,0.00,-49.62,21.98,78,-1,1,14,-11.4,0.52,0.760,1.000,-2.96,0,26,0,216.7,309.6,301.7,63.7,0.00,1,-88.1,36.0
45.95,brake,348.08,1.92,0.752,1,1898.6,260.6,0.0,0.0,-41.75,32.00,73,58,-1,-33.0,-25.6,-30.6,-49.0,-1.00,-0.79,1.00,0.00,0.00,0.00,-49.75,20.67,78,-1,1,8,-5.0,0.39,0.759,1.000,-1.30,0,26,0,211.3,303.5,291.9,70.0,0.00,1,-102.2,28.4
46.05,brake,347.90,2.10,0.800,1,1894.5,263.6,0.0,0.0,-41.48,28.86,77,58,-1,-31.0,-25.5,-42.5,-55.0,-1.00,-0.88,1.00,0.00,0.00,0.00,-47.87,21.80,78,-1,1,-1,3.9,0.08,0.800,1.000,-0.21,0,26,0,199.5,299.7,281.4,78.7,0.00,1,-98.9,9.2
46.15,brake,347.73,2.27,0.800,1,1894.5,263.6,0.0,0.0,-41.48,28.86,84,58,-1,-28.1,-25.2,-51.8,-60.2,-0.95,-0.78,1.00,0.00,0.00,0.00,-44.28,24.36,78,-1,1,-11,3.9,-0.29,0.804,1.000,-0.03,0,26,0,182.8,299.0,271.5,88.4,0.00,1,-98.9,9.2
46.25,brake,347.54,2.46,0.800,1,1890.4,266.3,0.0,0.0,-40.52,25.47,91,58,-1,-24.7,-24.5,-56.4,-62.3,-0.63,-0.53,1.00,0.00,0.00,0.00,-39.87,26.47,78,-1,1,-19,10.3,-0.59,0.817,1.000,-0.73,0,26,0,169.0,301.9,263.1,97.2,0.00,1,-82.6,-19.2
46.35,brake,347.32,2.68,0.800,1,1886.5,268.5,0.0,0.0,-38.98,22.07,101,106,-1,-21.2,-23.4,-55.7,-59.6,-0.15,-0.20,1.00,0.00,0.00,0.00,-34.22,28.91,78,-1,0,-26,12.0,-0.60,0.818,0.957,-2.01,0,26,0,163.0,308.4,256.4,103.4,0.00,1,-58.3,-53.8
46.45,brake,347.05,2.95,0.800,1,1882.7,270.5,0.0,0.0,-36.96,18.87,108,106,-1,-17.8,-22.0,-50.8,-51.5,0.42,0.13,1.00,0.00,0.00,0.00,-29.43,29.26,78,-1,1,-28,7.8,-0.60,0.818,1.000,-3.41,0,26,0,163.0,318.6,250.8,106.4,0.00,1,-31.3,-90.2
46.55,brake,346.70,3.30,0.800,1,1875.9,273.6,0.0,0.0,-31.90,13.66,112,106,-1,-14.8,-20.4,-44.6,-38.4,0.98,0.34,1.00,0.00,0.00,0.00,-26.27,27.59,78,-1,1,-28,-12.8,-0.53,0.814,1.000,-4.39,0,26,0,165.7,331.6,244.8,106.1,0.00,1,12.6,-142.3
46.65,brake,346.31,3.69,0.800,1,1875.9,273.6,0.0,0.0,-31.90,13.66,113,106,-1,-12.4,-18.6,-39.3,-22.4,1.00,0.34,1.00,0.00,0.00,0.00,-24.25,24.83,78,-1,1,-25,-12.8,-0.25,0.803,1.000,-4.46,0,26,0,169.1,345.8,232.7,103.4,0.00,1,12.6,-142.3
46.75,brake,345.91,4.09,0.800,1,1873.0,274.9,0.0,0.0,-29.14,12.43,110,97,-1,-11.0,-17.1,-35.9,-6.2,1.00,0.19,0.87,0.00,0.00,0.00,-23.06,21.71,78,-1,1,-21,-25.1,0.07,0.800,1.000,-3.49,0,26,0,172.4,359.3,185.2,99.3,0.00,1,21.0,-141.8
46.85,brake,345.59,4.41,0.775,1,1867.7,277.4,0.0,0.0,-25.09,13.83,107,97,-1,-10.7,-16.3,-33.9,8.2,1.00,0.02,0.82,0.00,0.00,0.00,-22.02,19.85,78,-1,1,-17,-43.1,0.38,0.782,1.000,-1.89,0,26,0,176.0,10.8,110.2,94.8,0.00,1,16.4,-94.8
46.95,brake,345.40,4.60,0.714,1,1865.3,279.0,0.0,0.0,-23.69,15.80,103,97,-1,-11.3,-15.9,-32.6,19.3,1.00,-0.07,0.87,0.00,0.00,0.00,-21.22,19.25,78,-1,1,-12,-46.0,0.62,0.731,1.000,-0.28,0,26,0,179.9,19.3,90.3,90.1,0.00,1,11.0,-57.9
47.05,brake,345.37,4.63,0.666,1,1863.0,280.7,0.0,0.0,-22.46,17.98,100,97,-1,-12.7,-15.7,-31.1,26.3,1.00,-0.02,0.93,0.00,0.00,0.00,-20.65,19.60,78,-1,1,-8,-43.9,0.65,0.684,1.000,0.96,0,26,0,184.2,24.2,80.8,85.7,0.00,1,7.3,-18.2
47.15,brake,345.52,4.48,0.624,1,1860.8,282.7,0.0,0.0,-21.23,20.09,95,81,-1,-14.4,-15.4,-28.9,28.8,0.82,0.10,0.93,0.00,0.00,0.00,-20.96,19.71,78,-1,1,-4,-37.5,0.65,0.641,1.000,1.76,0,26,0,188.1,25.3,73.2,81.8,0.00,1,5.2,22.3
47.25,brake,345.82,4.18,0.578,1,1858.8,284.8,0.0,0.0,-20.08,21.99,90,81,-1,-16.0,-15.0,-26.3,26.9,0.26,0.20,0.84,0.00,0.00,0.00,-21.09,20.24,78,-1,0,-1,-30.4,0.69,0.595,0.782,2.27,0,26,0,191.2,22.3,64.1,78.6,0.00,1,1.2,61.9
47.35,brake,346.28,3.72,0.550,1,1858.8,284.8,0.0,0.0,-20.08,21.99,87,81,-1,-17.4,-14.5,-24.0,20.9,-0.34,0.21,0.68,0.00,0.00,0.00,-21.03,21.09,78,-1,0,2,-30.4,0.65,0.565,0.786,2.70,0,26,0,193.6,15.3,48.6,75.8,0.00,1,1.2,61.9
47.45,brake,346.85,3.15,0.550,1,1855.1,289.6,0.0,0.0,-17.80,24.31,86,81,-1,-18.4,-14.0,-23.2,11.7,-0.87,0.07,0.51,0.00,0.00,0.00,-20.62,22.04,78,-1,0,4,-11.1,0.53,0.560,0.934,3.27,0,26,0,195.2,5.2,18.4,73.5,0.00,1,-11.7,112.5
47.55,brake,347.64,2.36,0.550,1,1855.1,289.6,0.0,0.0,-17.80,24.31,84,73,-1,-18.7,-13.5,-23.9,0.7,-1.00,-0.17,0.46,0.00,0.00,0.00,-20.28,22.28,78,-1,1,5,-11.1,0.33,0.554,1.000,4.07,0,26,0,196.0,353.5,338.2,72.5,0.00,1,-11.7,112.5
47.65,brake,348.12,1.88,0.450,1,1851.8,294.3,0.0,0.0,-15.78,23.20,83,73,-1,-18.3,-13.1,-25.8,-10.1,-1.00,-0.37,0.58,0.00,0.00,0.00,-19.55,22.00,78,-1,1,5,13.1,0.06,0.450,0.900,5.02,0,26,0,195.8,342.5,311.9,73.2,0.00,1,-13.9,90.5
47.75,brake,348.79,1.21,0.350,1,1851.8,294.3,0.0,0.0,-15.78,23.20,83,73,-1,-17.3,-12.8,-27.6,-19.4,-1.00,-0.39,0.74,0.00,0.00,0.00,-18.48,21.11,78,-1,1,3,13.1,-0.21,0.351,0.702,5.88,0,26,0,194.7,333.9,298.2,75.2,0.00,1,-13.9,90.5
47.85,brake,349.76,0.24,0.250,1,1850.2,296.6,0.0,0.0,-15.03,21.72,84,73,-1,-15.9,-12.4,-28.4,-26.3,-0.98,-0.28,0.87,0.00,0.00,0.00,-17.38,19.89,78,-1,1,0,20.0,-0.39,0.252,0.505,6.29,0,26,0,193.1,328.2,290.6,77.5,0.00,1,-7.0,65.1
47.95,brake,350.07,-0.07,0.400,1,1848.8,298.6,0.0,0.0,-14.46,20.21,85,78,-1,-14.6,-12.1,-28.0,-30.8,-0.77,-0.13,0.95,0.00,0.00,0.00,-16.16,18.88,78,-1,0,-2,23.0,-0.50,0.406,0.767,6.15,0,26,0,191.5,324.9,286.1,79.6,0.00,1,0.7,41.4
48.05,brake,350.63,-0.63,0.550,1,1846.0,302.3,0.0,0.0,-13.75,17.73,86,78,-1,-13.4,-12.0,-26.5,-33.3,-0.58,-0.01,0.98,0.00,0.00,0.00,-15.31,18.01,78,-1,0,-4,23.5,-0.55,0.560,0.797,5.61,0,26,0,189.8,323.3,283.1,81.4,0.00,1,11.1,2.5
48.15,brake,351.15,-1.15,0.550,1,1844.6,304.0,0.0,0.0,-13.40,16.03,87,78,-1,-12.3,-11.8,-23.9,-33.4,-0.29,0.12,0.95,0.00,0.00,0.00,-14.64,17.01,78,-1,0,-5,20.6,-0.57,0.561,0.726,5.01,0,26,0,188.4,324.0,281.5,82.7,0.00,1,15.2,-24.3
48.25,brake,351.65,-1.65,0.550,1,1844.6,304.0,0.0,0.0,-13.40,16.03,87,78,-1,-11.1,-11.2,-20.6,-30.6,0.13,0.23,0.83,0.00,0.00,0.00,-14.16,15.37,78,-1,0,-6,20.6,-0.53,0.559,0.704,4.69,0,26,0,187.2,327.4,281.2,83.6,0.00,1,15.2,-24.3
48.35,brake,352.15,-2.15,0.550,1,1842.0,306.8,0.0,0.0,-12.66,12.70,88,83,-1,-9.9,-10.6,-17.4,-25.2,0.55,0.27,0.65,0.00,0.00,0.00,-13.61,13.73,78,-1,0,-6,8.7,-0.43,0.556,0.884,4.66,0,26,0,186.4,333.2,282.5,84.1,0.00,1,14.6,-67.2
48.45,brake,352.65,-2.65,0.550,1,1842.0,306.8,0.0,0.0,-12.66,12.70,88,83,-1,-9.0,-9.9,-15.1,-18.3,0.86,0.21,0.44,0.00,0.00,0.00,-13.17,12.17,78,-1,0,-6,8.7,-0.30,0.553,0.982,4.97,0,26,0,186.0,340.3,286.3,84.2,0.00,1,14.6,-67.2
48.55,brake,353.19,-3.19,0.450,1,1839.6,309.1,0.0,0.0,-11.73,11.00,87,83,-1,-8.3,-9.2,-13.8,-11.3,0.95,0.10,0.25,0.00,0.00,0.00,-12.75,10.97,78,-1,0,-6,-6.0,-0.15,0.451,0.870,5.69,0,26,0,186.1,347.2,295.2,83.9,0.00,1,4.8,-58.3
48.65,brake,353.82,-3.82,0.350,1,1838.5,310.2,0.0,0.0,-11.21,10.99,87,83,-1,-8.0,-8.7,-13.4,-5.9,0.80,-0.02,0.15,0.00,0.00,0.00,-12.33,10.33,78,-1,0,-5,-10.9,0.02,0.350,0.679,6.72,0,26,0,186.8,352.5,312.3,83.1,0.00,1,0.3,-35.2
48.75,brake,354.55,-4.55,0.250,1,1837.4,311.3,0.0,0.0,-10.72,11.26,86,81,-1,-8.0,-8.4,-13.4,-2.7,0.50,-0.09,0.12,0.00,0.00,0.00,-11.93,10.19,78,-1,0,-4,-12.3,0.14,0.250,0.487,7.59,0,26,0,187.9,355.4,329.8,81.9,0.00,1,-1.2,-10.7
48.85,brake,355.34,-5.34,0.250,1,1837.4,311.3,0.0,0.0,-10.72,11.26,85,81,-1,-8.2,-8.2,-13.6,-1.9,0.17,-0.11,0.12,0.00,0.00,0.00,-11.59,10.37,78,-1,0,-3,-12.3,0.19,0.251,0.366,8.04,0,26,0,189.1,355.9,335.7,80.6,0.00,1,-1.2,-10.7
48.95,brake,356.16,-6.16,0.250,1,1835.4,313.6,0.0,0.0,-9.89,11.63,85,81,-1,-8.3,-8.0,-13.8,-2.9,-0.09,-0.12,0.14,0.00,0.00,0.00,-11.31,10.55,78,-1,0,-2,-11.6,0.21,0.251,0.332,8.11,0,26,0,190.3,354.6,332.4,79.4,0.00,1,-0.7,21.6
49.05,brake,356.98,-6.98,0.250,1,1834.4,314.7,0.0,0.0,-9.54,11.63,85,81,-1,-8.4,-7.8,-13.9,-5.0,-0.27,-0.11,0.16,0.00,0.00,0.00,-10.95,10.64,78,-1,0,-0,-10.2,0.22,0.251,0.403,7.89,0,26,0,191.5,352.1,325.9,78.3,0.00,1,0.9,28.1
49.15,brake,357.77,-7.77,0.250,1,1834.4,314.7,0.0,0.0,-9.54,11.63,84,76,-1,-8.5,-7.5,-14.0,-7.6,-0.37,-0.10,0.19,0.00,0.00,0.00,-10.77,10.50,78,-1,0,1,-10.2,0.22,0.251,0.439,7.61,0,26,0,192.6,349.3,319.8,77.2,0.00,1,0.9,28.1
49.25,brake,358.52,-8.52,0.250,1,1833.5,315.9,0.0,0.0,-9.27,11.48,83,76,-1,-8.4,-7.2,-13.8,-10.2,-0.40,-0.06,0.23,0.00,0.00,0.00,-10.62,10.25,78,-1,0,2,-8.6,0.20,0.251,0.436,7.31,0,26,0,193.6,346.5,315.4,76.3,0.00,1,3.2,28.7
49.35,brake,359.25,-9.25,0.250,1,1831.7,318.1,0.0,0.0,-8.61,10.78,82,76,-1,-8.2,-6.9,-13.3,-12.3,-0.37,-0.02,0.26,0.00,0.00,0.00,-10.33,9.90,78,-1,0,2,-4.2,0.17,0.250,0.405,7.03,0,26,0,194.5,344.4,312.8,75.6,0.00,1,8.9,18.3
49.45,brake,359.94,-9.94,0.250,1,1830.9,319.2,0.0,0.0,-8.39,10.32,82,76,-1,-8.0,-6.6,-12.5,-13.8,-0.30,0.03,0.28,0.00,0.00,0.00,-10.05,9.45,78,-1,0,3,-2.2,0.14,0.250,0.381,6.77,0,26,0,195.3,342.9,311.7,75.0,0.00,1,11.1,10.2
49.55,brake,360.59,-10.59,0.250,1,1830.9,319.2,0.0,0.0,-8.39,10.32,81,73,-1,-7.7,-6.3,-11.4,-14.6,-0.20,0.08,0.27,0.00,0.00,0.00,-9.91,8.87,78,-1,0,3,-2.2,0.11,0.250,0.360,6.45,0,26,0,195.8,342.4,311.8,74.6,0.00,1,11.1,10.2
49.65,brake,361.20,-11.20,0.250,1,1829.2,321.1,0.0,0.0,-8.04,9.32,80,73,-1,-7.4,-6.0,-10.2,-14.5,-0.09,0.11,0.25,0.00,0.00,0.00,-9.74,8.27,78,-1,0,4,1.5,0.08,0.250,0.330,6.12,0,26,0,196.2,342.7,313.1,74.3,0.00,1,11.9,-5.2
49.75,brake,361.78,-11.78,0.250,1,1828.4,322.0,0.0,0.0,-7.95,8.84,79,73,-1,-7.1,-5.8,-9.0,-13.8,0.00,0.12,0.21,0.00,0.00,0.00,-9.63,7.66,78,-1,0,4,3.4,0.04,0.250,0.299,5.84,0,26,0,196.3,343.7,315.0,74.2,0.00,1,10.4,-10.3
49.85,brake,362.32,-12.32,0.250,1,1827.6,322.8,0.0,0.0,-7.87,8.45,79,73,-1,-6.8,-5.7,-7.9,-12.7,0.08,0.11,0.16,0.00,0.00,0.00,-9.55,7.10,78,-1,0,4,4.9,0.00,0.250,0.326,5.57,0,26,0,196.1,345.1,317.4,74.3,0.00,1,8.4,-13.3
49.95,brake,362.84,-12.84,0.250,1,1827.6,322.8,0.0,0.0,-7.87,8.45,78,73,-1,-6.6,-5.5,-6.9,-11.4,0.13,0.09,0.11,0.00,0.00,0.00,-9.45,6.62,78,-1,0,3,4.9,-0.03,0.250,0.337,5.30,0,26,0,195.6,346.8,320.0,74.7,0.00,1,8.4,-13.3
50.05,brake,363.32,-13.32,0.250,1,1826.1,324.5,0.0,0.0,-7.73,7.84,77,73,-1,-6.3,-5.4,-6.3,-10.0,0.14,0.06,0.06,0.00,0.00,0.00,-9.40,6.21,78,-1,0,3,6.9,-0.07,0.250,0.333,5.08,0,26,0,195.0,348.4,322.5,75.2,0.00,1,3.1,-13.4
50.15,brake,363.79,-13.79,0.250,1,1825.3,325.2,0.0,0.0,-7.65,7.62,77,73,-1,-6.1,-5.4,-5.9,-8.8,0.14,0.02,0.02,0.00,0.00,0.00,-9.31,5.89,78,-1,0,2,7.3,-0.10,0.250,0.312,4.81,0,26,0,194.3,349.7,324.6,75.8,0.00,1,0.4,-11.3
50.25,brake,364.23,-14.23,0.250,1,1825.3,325.2,0.0,0.0,-7.65,7.62,76,73,-1,-5.9,-5.3,-5.8,-7.8,0.11,-0.02,0.00,0.00,0.00,0.00,-9.22,5.63,78,-1,0,1,7.3,-0.12,0.250,0.301,4.61,0,26,0,193.5,350.8,326.1,76.6,0.00,1,0.4,-11.3
50.35,brake,364.66,-14.66,0.250,1,1824.6,326.0,0.0,0.0,-7.56,7.46,77,76,-1,-5.8,-5.3,-5.9,-7.1,0.07,-0.05,0.00,0.00,0.00,0.00,-9.09,5.50,78,-1,0,1,7.3,-0.14,0.250,0.298,4.41,0,26,0,192.8,351.6,326.8,77.3,0.00,1,-1.4,-8.4
50.45,brake,365.07,-15.07,0.250,1,1823.1,327.4,0.0,0.0,-7.29,7.17,77,76,-1,-5.6,-5.3,-6.0,-6.8,0.03,-0.06,0.00,0.00,0.00,0.00,-8.96,5.39,78,-1,0,-0,6.6,-0.14,0.250,0.287,4.21,0,26,0,192.0,352.0,326.5,78.0,0.00,1,-2.3,-2.5
50.55,brake,365.46,-15.46,0.250,1,1822.4,328.1,0.0,0.0,-7.16,7.03,77,76,-1,-5.4,-5.3,-6.2,-6.6,-0.01,-0.07,0.00,0.00,0.00,0.00,-8.75,5.29,78,-1,0,-1,5.6,-0.15,0.250,0.279,4.02,0,26,0,191.3,352.2,325.5,78.7,0.00,1,-1.9,-0.8
50.65,brake,365.84,-15.84,0.250,1,1822.4,328.1,0.0,0.0,-7.16,7.03,77,76,-1,-5.3,-5.2,-6.3,-6.6,-0.03,-0.06,0.00,0.00,0.00,0.00,-8.59,5.19,78,-1,0,-1,5.6,-0.14,0.250,0.287,3.82,0,26,0,190.8,352.2,324.2,79.3,0.00,1,-1.9,-0.8
50.75,brake,366.20,-16.20,0.250,1,1821.0,329.5,0.0,0.0,-6.86,6.68,77,79,-1,-5.1,-5.1,-6.3,-6.8,-0.05,-0.05,0.00,0.00,0.00,0.00,-8.34,5.12,78,-1,0,-2,3.2,-0.13,0.250,0.287,3.65,0,26,0,190.3,352.1,322.8,79.7,0.00,1,0.4,0.7
50.85,brake,366.55,-16.55,0.250,1,1820.3,330.2,0.0,0.0,-6.68,6.50,77,79,-1,-5.0,-5.0,-6.2,-6.9,-0.05,-0.03,0.00,0.00,0.00,0.00,-8.14,5.03,78,-1,0,-2,1.8,-0.11,0.250,0.282,3.50,0,26,0,190.1,352.1,321.8,80.0,0.00,1,1.4,0.3
50.95,brake,366.88,-16.88,0.250,1,1820.3,330.2,0.0,0.0,-6.68,6.50,78,79,-1,-4.8,-4.9,-6.0,-6.9,-0.04,-0.02,0.00,0.00,0.00,0.00,-7.91,4.93,78,-1,0,-2,1.8,-0.08,0.250,0.273,3.30,0,26,0,189.9,352.1,321.5,80.1,0.00,1,1.4,0.3
51.05,brake,367.18,-17.18,0.250,1,1819.0,331.4,0.0,0.0,-6.37,6.11,78,79,-1,-4.7,-4.8,-5.7,-6.8,-0.03,-0.01,0.00,0.00,0.00,0.00,-7.68,4.81,78,-1,0,-2,-0.3,-0.06,0.250,0.264,3.10,0,26,0,189.9,352.2,321.8,80.1,0.00,1,3.3,-1.1
51.15,brake,367.47,-17.47,0.250,1,1818.4,332.0,0.0,0.0,-6.24,5.92,78,79,-1,-4.6,-4.6,-5.4,-6.7,-0.01,0.01,0.00,0.00,0.00,0.00,-7.49,4.68,78,-1,0,-2,-1.4,-0.04,0.250,0.258,2.91,0,26,0,190.0,352.4,322.8,80.0,0.00,1,4.1,-1.8
51.25,brake,367.73,-17.73,0.250,1,1817.8,332.6,0.0,0.0,-6.11,5.73,78,79,-1,-4.4,-4.5,-5.0,-6.5,-0.00,0.01,0.00,0.00,0.00,0.00,-7.30,4.55,78,-1,0,-2,-2.0,-0.01,0.250,0.258,2.69,0,26,0,190.2,352.6,324.2,79.8,0.00,1,4.1,-2.0
51.35,brake,367.96,-17.96,0.250,1,1817.8,332.6,0.0,0.0,-6.11,5.73,79,79,-1,-4.3,-4.4,-4.6,-6.3,0.00,0.02,0.00,0.00,0.00,0.00,-7.13,4.41,78,-1,0,-2,-2.0,0.01,0.250,0.257,2.43,0,26,0,190.5,352.9,325.9,79.6,0.00,1,4.1,-2.0
51.45,align,368.17,-18.17,0.000,1,1817.2,333.1,75.3,32.4,-5.98,5.58,79,79,-1,-10.3,1.6,-4.2,-6.0,-0.05,0.08,0.00,0.00,0.00,0.00,-6.96,4.30,78,-1,1,2,-2.5,0.09,0.000,0.000,2.17,0,26,0,190.8,353.2,327.8,79.3,0.00,0,4.1,-2.1
51.55,align,368.34,-18.34,0.000,1,1816.6,333.7,75.9,31.8,-5.89,5.42,79,78,-1,-16.3,7.6,-3.8,-5.8,-0.11,0.14,0.00,0.00,0.00,0.00,-6.84,4.15,78,-1,1,5,-2.8,0.16,0.000,0.000,1.92,0,26,0,191.1,353.5,329.7,79.0,0.00,0,4.1,-2.2
51.65,align,368.45,-18.45,0.000,1,1816.0,334.2,76.5,31.3,-5.80,5.32,79,78,-1,-20.0,13.6,-3.5,-5.6,-0.16,0.18,0.00,0.00,0.00,0.00,-6.74,4.06,78,-1,1,8,-2.7,0.22,0.000,0.000,1.24,0,26,0,191.1,353.5,329.7,79.0,0.00,0,3.9,-2.3
51.75,align,368.53,-18.53,0.000,1,1815.4,334.7,77.1,30.8,-5.76,5.19,78,78,-1,-20.0,15.5,-3.2,-5.3,-0.17,0.17,0.00,0.00,0.00,0.00,-6.68,3.93,78,-1,1,11,-2.5,0.28,0.000,0.000,0.89,0,26,0,191.1,353.5,329.7,79.0,0.00,0,3.4,-2.5
51.85,align,368.54,-18.54,0.000,1,1814.8,335.3,77.7,30.2,-5.71,5.06,78,78,-1,-20.0,15.7,-2.9,-5.0,-0.17,0.17,0.00,0.00,0.00,0.00,-6.61,3.82,78,-1,1,12,-2.0,0.27,0.000,0.000,0.37,0,26,0,191.1,353.5,329.7,79.0,0.00,0,2.7,-2.9
51.95,align,368.49,-18.49,0.000,1,1814.3,335.8,78.2,29.7,-5.71,4.95,78,77,-1,-20.0,16.0,-2.8,-4.6,-0.16,0.16,0.00,0.00,0.00,0.00,-6.60,3.69,78,-1,1,12,-1.4,0.26,0.000,0.000,-0.32,0,26,0,192.0,354.8,336.8,78.0,0.00,0,2.0,-3.4
52.05,align,368.34,-18.34,0.000,1,1813.1,336.7,78.8,29.3,-5.63,4.83,78,77,-1,-20.0,16.1,-2.6,-4.2,-0.16,0.16,0.00,0.00,0.00,0.00,-6.51,3.62,78,-1,1,12,-0.8,0.26,0.000,0.000,-1.17,0,26,0,192.0,354.8,336.8,78.0,0.00,0,1.3,-3.8
52.15,align,368.09,-18.09,0.004,1,1813.1,336.7,79.4,28.8,-5.63,4.83,78,77,-1,-20.0,16.2,-2.5,-3.8,-0.15,0.16,0.00,0.00,0.00,0.00,-6.51,3.55,78,-1,1,12,-0.8,0.26,0.004,0.009,-2.19,0,26,0,192.0,354.8,336.8,78.0,0.00,0,1.3,-3.8
52.25,align,367.73,-17.73,0.067,1,1812.6,337.2,79.9,28.3,-5.54,4.79,78,77,-1,-20.0,16.2,-2.4,-3.5,-0.15,0.16,0.00,0.00,0.00,0.00,-6.42,3.51,78,-1,1,12,-0.8,0.26,0.067,0.135,-3.27,0,26,0,192.0,354.8,336.8,78.0,0.00,0,1.3,-3.8
52.35,align,367.26,-17.26,0.123,1,1811.5,338.2,80.5,27.8,-5.45,4.70,78,77,-1,-20.0,16.2,-2.3,-3.1,-0.15,0.16,0.00,0.00,0.00,0.00,-6.38,3.46,78,-1,1,12,-0.7,0.26,0.124,0.248,-4.33,0,26,0,192.3,356.4,344.0,77.7,0.00,0,1.3,-3.7
52.45,align,366.69,-16.69,0.185,1,1810.9,338.6,81.0,27.3,-5.36,4.66,78,77,-1,-20.0,16.3,-2.1,-2.7,-0.15,0.17,0.00,0.00,0.00,0.00,-6.34,3.41,78,-1,0,12,-0.6,0.26,0.185,0.313,-5.39,0,26,0,192.3,356.4,344.0,77.7,0.00,0,0.9,-3.9
52.55,align,366.02,-16.02,0.249,1,1810.9,338.6,81.6,26.9,-5.36,4.66,77,77,-1,-20.0,16.3,-2.1,-2.3,-0.14,0.16,0.00,0.00,0.00,0.00,-6.25,3.38,78,-1,0,13,-0.6,0.26,0.250,0.373,-6.41,0,26,0,192.3,356.4,344.0,77.7,0.00,0,0.9,-3.9
52.65,align,365.26,-15.26,0.313,1,1810.4,339.1,82.1,26.4,-5.36,4.59,77,77,-1,-20.0,16.4,-2.1,-1.8,-0.13,0.14,0.00,0.00,0.00,0.00,-6.24,3.30,78,-1,0,13,-0.1,0.26,0.314,0.422,-7.32,0,26,0,192.3,356.4,344.0,77.7,0.00,0,-0.1,-4.9
52.75,align,364.43,-14.43,0.371,1,1809.3,340.0,82.6,26.0,-5.36,4.38,77,77,-1,-20.0,16.5,-2.4,-1.0,-0.09,0.11,0.00,0.00,0.00,0.00,-6.22,3.21,78,-1,0,13,2.8,0.24,0.372,0.450,-8.03,0,26,0,192.3,358.5,352.9,77.7,0.00,0,-5.8,-10.3
52.85,align,363.56,-13.56,0.417,1,1809.3,340.0,83.2,25.5,-5.36,4.38,77,77,-1,-20.0,16.8,-3.1,0.1,-0.03,0.04,0.00,0.00,0.00,0.00,-6.20,3.08,78,-1,0,13,2.8,0.20,0.418,0.445,-8.45,0,26,0,192.3,358.5,352.9,77.7,0.00,0,-5.8,-10.3
52.95,align,362.69,-12.69,0.444,1,1808.3,340.8,83.7,25.1,-5.27,4.12,77,77,-1,-20.0,17.1,-4.3,1.7,0.05,-0.04,0.00,0.00,0.00,0.00,-6.17,2.93,78,-1,0,13,9.0,0.15,0.444,0.482,-8.46,0,26,0,192.3,358.5,352.9,77.7,0.00,0,-15.3,-19.5
53.05,align,361.85,-11.85,0.452,1,1807.7,341.2,84.2,24.7,-5.19,4.09,77,77,-1,-20.0,17.4,-6.0,3.6,0.12,-0.13,0.00,0.00,0.00,0.00,-6.07,2.82,78,-1,0,13,12.3,0.08,0.453,0.554,-8.13,0,26,0,192.3,358.5,352.9,77.7,0.00,0,-18.6,-22.5
53.15,align,361.06,-11.06,0.447,1,1807.2,341.6,84.8,24.3,-4.97,4.16,77,80,-1,-20.0,16.9,-8.0,5.8,0.17,-0.20,0.00,0.00,0.00,0.00,-5.96,2.84,78,-1,0,13,15.4,0.01,0.447,0.593,-7.55,0,26,0,189.2,4.5,25.7,80.7,0.00,0,-19.2,-22.3
53.25,align,360.35,-10.35,0.431,1,1807.2,341.6,85.3,23.9,-4.97,4.16,77,80,-1,-20.0,16.1,-10.1,7.7,0.16,-0.22,0.09,0.00,0.00,0.00,-5.75,2.99,78,-1,0,13,15.4,-0.06,0.432,0.586,-6.82,0,26,0,189.2,4.5,25.7,80.7,0.00,0,-19.2,-22.3
53.35,align,359.71,-9.71,0.415,1,1806.8,342.1,85.7,23.4,-4.53,4.34,78,80,-1,-20.0,15.0,-12.1,9.3,0.12,-0.21,0.17,0.00,0.00,0.00,-5.36,3.26,78,-1,0,12,17.5,-0.10,0.415,0.548,-6.11,0,26,0,189.2,4.5,25.7,80.7,0.00,0,-17.1,-19.6
53.45,align,359.14,-9.14,0.400,1,1806.4,342.5,86.1,23.0,-4.04,4.60,78,80,-1,-20.0,13.7,-13.6,10.3,0.07,-0.16,0.23,0.00,0.00,0.00,-4.94,3.62,78,-1,0,12,18.9,-0.13,0.401,0.492,-5.50,0,26,0,189.2,4.5,25.7,80.7,0.00,0,-12.9,-15.4
53.55,align,358.64,-8.64,0.387,1,1805.7,343.5,86.5,22.5,-2.90,5.23,78,86,-1,-20.0,11.3,-14.5,10.9,0.03,-0.08,0.26,0.00,0.00,0.00,-4.38,4.12,78,-1,0,12,18.7,-0.15,0.388,0.431,-4.96,0,26,0,182.7,10.2,75.1,87.2,0.00,0,-0.9,-6.8
53.65,align,358.19,-8.19,0.377,1,1805.5,344.1,86.8,22.0,-2.33,5.55,79,86,-1,-20.0,8.9,-14.8,11.0,-0.01,0.01,0.27,0.00,0.00,0.00,-3.83,4.59,78,-1,0,11,17.6,-0.16,0.377,0.382,-4.51,0,26,0,182.7,10.2,75.1,87.2,0.00,0,4.4,-4.0
53.75,align,357.80,-7.80,0.367,1,1805.3,344.6,87.0,21.4,-1.80,5.86,80,86,-1,-20.0,6.7,-14.6,10.9,-0.02,0.09,0.27,0.00,0.00,0.00,-3.27,5.05,78,-1,0,10,16.1,-0.15,0.367,0.408,-4.11,0,26,0,182.7,10.2,75.1,87.2,0.00,0,7.5,-2.4
53.85,align,357.44,-7.44,0.358,1,1805.3,344.6,87.2,20.9,-1.80,5.86,80,86,-1,-20.0,4.6,-14.1,10.7,-0.01,0.14,0.25,0.00,0.00,0.00,-2.75,5.48,78,-1,0,10,16.1,-0.13,0.358,0.416,-3.74,0,26,0,182.7,10.2,75.1,87.2,0.00,0,7.5,-2.4
53.95,align,357.11,-7.11,0.351,1,1805.1,345.3,87.4,20.2,-1.45,6.12,82,93,-1,-20.0,1.8,-13.6,10.5,0.02,0.15,0.23,0.00,0.00,0.00,-2.29,5.86,78,-1,0,8,14.1,-0.12,0.351,0.421,-3.45,0,26,0,175.8,11.5,109.9,94.2,0.00,0,8.4,-1.8
54.05,align,356.81,-6.81,0.342,1,1805.0,345.9,87.5,19.6,-1.10,6.38,83,93,-1,-20.0,-0.8,-13.1,10.4,0.05,0.14,0.22,0.00,0.00,0.00,-1.84,6.21,78,-1,0,7,11.6,-0.10,0.342,0.418,-3.13,0,26,0,175.8,11.5,109.9,94.2,0.00,0,6.9,-1.6
54.15,align,356.54,-6.54,0.332,1,1804.9,346.5,87.6,19.0,-0.79,6.65,84,93,-1,-20.0,-3.2,-13.0,10.2,0.08,0.09,0.21,0.00,0.00,0.00,-1.43,6.54,78,-1,0,6,9.0,-0.07,0.332,0.400,-2.81,0,26,0,175.8,11.5,109.9,94.2,0.00,0,3.7,-0.9
54.25,align,356.30,-6.30,0.321,1,1804.8,347.9,87.7,18.3,-0.40,7.11,85,93,-1,-20.0,-5.3,-13.3,10.0,0.09,0.04,0.21,0.00,0.00,0.00,-1.12,6.82,78,-1,0,5,5.1,-0.04,0.321,0.375,-2.50,0,26,0,175.8,11.5,109.9,94.2,0.00,0,-4.3,1.7
54.35,align,356.08,-6.08,0.313,1,1804.8,347.9,87.7,17.6,-0.40,7.11,87,96,-1,-20.0,-7.6,-13.9,9.7,0.10,-0.02,0.22,0.00,0.00,0.00,-0.81,7.07,78,-1,0,3,5.1,-0.04,0.313,0.359,-2.27,0,26,0,172.7,11.5,122.3,97.4,0.00,0,-4.3,1.7
54.45,align,355.88,-5.88,0.308,1,1804.8,348.7,87.7,16.8,-0.22,7.34,88,96,-1,-20.0,-9.8,-14.7,9.2,0.09,-0.06,0.24,0.00,0.00,0.00,-0.51,7.32,78,-1,0,2,3.7,-0.03,0.308,0.367,-2.09,0,26,0,172.7,11.5,122.3,97.4,0.00,0,-7.6,4.0
54.55,align,355.70,-5.70,0.301,1,1804.8,350.2,87.7,16.1,0.31,7.78,89,96,-1,-20.0,-11.8,-15.6,8.5,0.07,-0.08,0.25,0.00,0.00,0.00,-0.13,7.57,78,-1,0,1,1.7,-0.02,0.301,0.365,-1.91,0,26,0,172.7,11.5,122.3,97.4,0.00,0,-9.4,8.9
54.65,align,355.54,-5.54,0.298,1,1804.8,350.2,87.7,15.3,0.31,7.78,89,96,-1,-20.0,-13.7,-16.5,7.5,0.06,-0.09,0.27,0.00,0.00,0.00,0.23,7.78,78,-1,0,1,1.7,-0.02,0.298,0.356,-1.80,0,26,0,172.7,11.5,122.3,97.4,0.00,0,-9.4,8.9
54.75,align,355.38,-5.38,0.299,1,1804.9,351.8,87.7,14.5,0.92,8.12,90,96,-1,-20.0,-15.3,-17.3,6.3,0.03,-0.08,0.28,0.00,0.00,0.00,0.60,7.95,78,-1,0,-0,1.2,-0.03,0.299,0.344,-1.78,0,26,0,172.5,8.6,130.8,97.7,0.00,0,-6.9,13.5
54.85,align,355.22,-5.22,0.301,1,1805.0,352.6,87.6,13.7,1.19,8.25,91,96,-1,-20.0,-16.9,-17.9,4.9,0.01,-0.06,0.28,0.00,0.00,0.00,1.05,8.10,78,-1,0,-1,1.1,-0.04,0.301,0.329,-1.77,0,26,0,172.5,8.6,130.8,97.7,0.00,0,-5.2,15.6
54.95,align,355.07,-5.07,0.303,1,1805.2,353.4,87.5,12.9,1.63,8.34,92,96,-1,-20.0,-18.3,-18.4,3.3,-0.02,-0.04,0.29,0.00,0.00,0.00,1.40,8.22,78,-1,0,-2,0.9,-0.05,0.303,0.328,-1.76,0,26,0,172.5,8.6,130.8,97.7,0.00,0,-3.9,17.1
55.05,align,354.92,-4.92,0.304,1,1805.2,353.4,87.3,12.1,1.63,8.34,92,96,-1,-20.0,-19.5,-18.7,1.5,-0.03,-0.03,0.29,0.00,0.00,0.00,1.94,8.27,78,-1,0,-2,0.9,-0.06,0.305,0.331,-1.75,0,26,0,172.5,8.6,130.8,97.7,0.00,0,-3.9,17.1
55.15,align,354.78,-4.78,0.306,1,1805.6,355.1,87.1,11.2,2.33,8.37,93,97,-1,-20.0,-20.0,-19.0,-0.2,-0.05,-0.03,0.30,0.00,0.00,0.00,2.38,8.27,78,-1,0,-3,0.1,-0.07,0.306,0.335,-1.74,0,26,0,172.4,2.4,162.7,98.0,0.00,0,-2.5,17.6
55.25,align,354.63,-4.63,0.309,1,1805.9,355.9,86.9,10.4,2.77,8.32,93,97,-1,-20.0,-20.0,-19.3,-2.0,-0.06,-0.02,0.31,0.00,0.00,0.00,2.82,8.22,78,-1,0,-3,-0.7,-0.07,0.309,0.339,-1.74,0,26,0,172.4,2.4,162.7,98.0,0.00,0,-1.7,17.1
55.35,align,354.48,-4.48,0.309,1,1805.9,355.9,86.6,9.6,2.77,8.32,94,97,-1,-20.0,-20.0,-19.4,-3.7,-0.05,-0.01,0.32,0.00,0.00,0.00,3.34,8.10,78,-1,0,-4,-0.7,-0.07,0.310,0.337,-1.70,0,26,0,172.4,2.4,162.7,98.0,0.00,0,-1.7,17.1
55.45,align,354.34,-4.34,0.308,1,1806.5,357.6,86.3,8.7,3.56,8.09,95,97,-1,-20.0,-20.0,-19.5,-5.2,-0.05,-0.00,0.34,0.00,0.00,0.00,3.81,7.94,78,-1,0,-5,-2.7,-0.06,0.308,0.328,-1.63,0,26,0,172.4,2.4,162.7,98.0,0.00,0,0.4,15.0
55.55,align,354.21,-4.21,0.307,1,1806.9,358.4,86.0,7.9,4.00,7.91,95,96,-1,-20.0,-20.0,-19.5,-6.5,-0.04,0.01,0.35,0.00,0.00,0.00,4.26,7.74,78,-1,0,-5,-3.7,-0.05,0.307,0.327,-1.56,0,26,0,173.0,355.9,210.1,97.4,0.00,0,1.1,14.1
55.65,align,354.07,-4.07,0.308,1,1807.3,359.2,85.6,7.1,4.35,7.72,96,96,-1,-20.0,-20.0,-19.5,-7.8,-0.03,0.02,0.36,0.00,0.00,0.00,4.75,7.49,78,-1,0,-6,-4.6,-0.04,0.308,0.327,-1.52,0,26,0,173.0,355.9,210.1,97.4,0.00,0,1.3,13.5
55.75,align,353.93,-3.93,0.310,1,1807.3,359.2,85.2,6.3,4.35,7.72,96,96,-1,-20.0,-20.0,-19.5,-9.0,-0.03,0.01,0.37,0.00,0.00,0.00,5.14,7.22,78,-1,0,-6,-4.6,-0.03,0.310,0.328,-1.53,0,26,0,173.0,355.9,210.1,97.4,0.00,0,1.3,13.5
55.85,align,353.79,-3.79,0.313,1,1808.3,360.6,84.7,5.6,5.05,7.26,96,96,-1,-20.0,-20.0,-19.5,-10.0,-0.03,0.01,0.39,0.00,0.00,0.00,5.52,6.92,78,-1,0,-6,-6.0,-0.02,0.313,0.329,-1.53,0,26,0,173.0,355.9,210.1,97.4,0.00,0,1.4,12.3
55.95,align,353.65,-3.65,0.317,1,1808.3,360.6,84.2,4.9,5.05,7.26,97,94,-1,-20.0,-20.0,-19.5,-11.0,-0.02,0.01,0.40,0.00,0.00,0.00,5.86,6.63,78,-1,0,-7,-6.0,-0.01,0.317,0.329,-1.54,0,26,0,175.0,350.7,242.1,95.2,0.00,0,1.4,12.3
56.05,align,353.50,-3.50,0.320,1,1809.4,362.0,83.7,4.2,5.76,6.71,97,94,-1,-20.0,-20.0,-19.6,-11.9,-0.02,0.00,0.42,0.00,0.00,0.00,6.20,6.31,78,-1,0,-7,-7.2,-0.00,0.320,0.330,-1.55,0,26,0,175.0,350.7,242.1,95.2,0.00,0,1.2,11.1
56.15,align,353.35,-3.35,0.325,1,1810.0,362.7,83.1,3.5,6.11,6.41,97,94,-1,-20.0,-20.0,-19.7,-12.8,-0.02,-0.00,0.43,0.00,0.00,0.00,6.53,5.96,78,-1,0,-7,-7.5,0.00,0.325,0.334,-1.56,0,26,0,175.0,350.7,242.1,95.2,0.00,0,1.1,10.7
56.25,align,353.20,-3.20,0.329,1,1810.6,363.3,82.5,2.8,6.46,6.09,97,94,-1,-20.0,-20.0,-19.8,-13.6,-0.02,-0.01,0.45,0.00,0.00,0.00,6.87,5.58,78,-1,0,-7,-7.7,0.01,0.329,0.341,-1.58,0,26,0,175.0,350.7,242.1,95.2,0.00,0,1.1,10.2
56.35,align,353.05,-3.05,0.333,1,1810.6,363.3,81.9,2.2,6.46,6.09,97,91,-1,-20.0,-20.0,-20.0,-14.3,-0.02,-0.01,0.46,0.00,0.00,0.00,7.16,5.25,78,-1,0,-7,-7.7,0.01,0.333,0.343,-1.57,0,26,0,178.0,346.4,261.8,92.0,0.00,0,1.1,10.2
56.45,align,352.90,-2.90,0.334,1,1811.3,363.9,81.2,1.6,6.81,5.73,97,91,-1,-20.0,-19.5,-20.1,-14.9,-0.02,-0.01,0.48,0.00,0.00,0.00,7.45,4.87,78,-1,0,-7,-7.8,0.02,0.334,0.343,-1.52,0,26,0,178.0,346.4,261.8,92.0,0.00,0,1.5,9.4
56.55,align,352.77,-2.77,0.334,1,1812.7,364.9,80.5,1.1,7.51,4.99,97,91,-1,-20.0,-18.6,-20.2,-15.5,-0.02,-0.01,0.49,0.00,0.00,0.00,7.75,4.49,78,-1,0,-7,-7.9,0.02,0.334,0.344,-1.46,0,26,0,178.0,346.4,261.8,92.0,0.00,0,1.6,7.2
56.65,align,352.64,-2.64,0.332,1,1813.5,365.4,79.8,0.6,7.87,4.58,97,91,-1,-20.0,-17.5,-20.3,-15.9,-0.02,-0.01,0.50,0.00,0.00,0.00,8.05,4.06,78,-1,0,-7,-7.9,0.02,0.332,0.343,-1.35,0,26,0,178.0,346.4,261.8,92.0,0.00,0,1.4,5.9
56.75,align,352.51,-2.51,0.330,1,1814.3,365.8,79.0,0.1,8.22,4.16,96,88,-1,-20.0,-16.2,-20.4,-16.1,-0.02,-0.01,0.51,0.00,0.00,0.00,8.32,3.69,78,-1,0,-6,-7.9,0.03,0.330,0.343,-1.25,0,26,0,181.3,343.4,274.5,88.6,0.00,0,1.2,4.7
56.85,align,352.40,-2.40,0.328,1,1815.2,366.2,78.2,-0.3,8.57,3.76,96,88,-1,-20.0,-14.9,-20.5,-16.3,-0.02,-0.02,0.51,0.00,0.00,0.00,8.60,3.30,78,-1,0,-6,-7.9,0.04,0.328,0.342,-1.15,0,26,0,181.3,343.4,274.5,88.6,0.00,0,1.2,3.8
56.95,align,352.29,-2.29,0.327,1,1816.1,366.6,77.3,-0.7,8.83,3.36,96,88,-1,-19.4,-13.6,-20.6,-16.4,-0.02,-0.02,0.52,0.00,0.00,0.00,8.89,2.91,78,-1,0,-6,-7.8,0.05,0.327,0.345,-1.08,0,26,0,181.3,343.4,274.5,88.6,0.00,0,1.6,3.2
57.05,align,352.19,-2.19,0.328,1,1816.1,366.6,76.4,-1.1,8.83,3.36,95,88,-1,-18.3,-12.5,-20.7,-16.4,-0.03,-0.03,0.52,0.00,0.00,0.00,9.10,2.54,78,-1,0,-5,-7.8,0.05,0.328,0.352,-1.05,0,26,0,181.3,343.4,274.5,88.6,0.00,0,1.6,3.2
57.15,align,352.09,-2.09,0.330,1,1817.9,367.1,75.5,-1.4,9.45,2.54,95,84,-1,-16.9,-11.1,-20.7,-16.4,-0.04,-0.04,0.52,0.00,0.00,0.00,9.39,2.22,78,-1,0,-5,-7.2,0.06,0.330,0.360,-1.03,0,26,0,184.7,342.0,284.2,85.3,0.00,0,2.7,1.8
57.25,align,351.96,-1.96,0.332,1,1818.9,367.4,74.6,-1.6,9.76,2.12,94,84,-1,-15.8,-9.7,-20.6,-16.2,-0.04,-0.04,0.51,0.00,0.00,0.00,9.60,1.89,78,-1,0,-4,-6.4,0.07,0.332,0.365,-1.01,0,26,0,184.7,342.0,284.2,85.3,0.00,0,3.5,0.9
57.35,align,351.89,-1.89,0.333,1,1819.9,367.5,73.6,-1.9,10.06,1.69,93,84,-1,-14.4,-8.3,-20.4,-16.1,-0.05,-0.04,0.51,0.00,0.00,0.00,9.86,1.55,78,-1,0,-3,-5.3,0.06,0.333,0.368,-0.99,0,26,0,184.7,342.0,284.2,85.3,0.00,0,4.1,-0.3
57.45,align,351.80,-1.80,0.333,1,1819.9,367.5,72.6,-2.0,10.06,1.69,93,84,-1,-13.1,-7.0,-20.1,-15.8,-0.05,-0.04,0.49,0.00,0.00,0.00,10.13,1.19,78,-1,0,-3,-5.3,0.05,0.333,0.369,-0.94,0,26,0,184.7,342.0,284.2,85.3,0.00,0,4.1,-0.3
57.55,align,351.69,-1.69,0.331,1,1822.0,367.8,71.6,-2.2,10.63,0.82,92,82,-1,-11.8,-5.4,-19.7,-15.4,-0.05,-0.04,0.48,0.00,0.00,0.00,10.36,0.88,78,-1,0,-2,-2.9,0.04,0.331,0.367,-0.86,0,26,0,187.4,342.2,292.0,82.6,0.00,0,4.9,-3.6
57.65,align,351.64,-1.64,0.328,1,1822.0,367.8,70.5,-2.3,10.63,0.82,91,82,-1,-10.3,-4.0,-19.2,-14.8,-0.04,-0.04,0.45,0.00,0.00,0.00,10.65,0.60,78,-1,0,-1,-2.9,0.03,0.328,0.362,-0.77,0,26,0,187.4,342.2,292.0,82.6,0.00,0,4.9,-3.6
57.75,align,351.57,-1.57,0.325,1,1824.2,367.8,69.5,-2.3,11.21,-0.01,90,82,-1,-8.8,-2.6,-18.6,-14.2,-0.04,-0.04,0.43,0.00,0.00,0.00,10.95,0.31,78,-1,0,-0,-0.6,0.02,0.325,0.355,-0.68,0,26,0,187.4,342.2,292.0,82.6,0.00,0,6.0,-6.9
57.85,align,351.48,-1.48,0.323,1,1825.3,367.8,68.3,-2.3,11.43,-0.37,90,82,-1,-7.4,-1.3,-18.0,-13.4,-0.03,-0.03,0.40,0.00,0.00,0.00,11.21,0.03,78,-1,0,0,0.6,0.02,0.323,0.348,-0.61,0,26,0,187.4,342.2,292.0,82.6,0.00,0,7.0,-8.1
57.95,align,351.46,-1.46,0.322,1,1825.3,367.8,67.2,-2.3,11.43,-0.37,89,81,-1,-6.0,-0.1,-17.2,-12.5,-0.02,-0.02,0.36,0.00,0.00,0.00,11.43,-0.18,78,-1,0,1,0.6,0.01,0.322,0.339,-0.57,0,26,0,188.3,345.0,298.7,81.6,0.00,0,7.0,-8.1
58.05,align,351.41,-1.41,0.320,1,1826.5,367.7,66.0,-2.2,11.65,-0.73,88,81,-1,-4.7,1.0,-16.3,-11.6,-0.01,-0.01,0.32,0.00,0.00,0.00,11.66,-0.37,78,-1,0,2,1.7,0.00,0.320,0.331,-0.52,0,26,0,188.3,345.0,298.7,81.6,0.00,0,7.9,-9.1
58.15,align,351.36,-1.36,0.318,1,1828.8,367.5,64.9,-2.1,12.04,-1.31,88,81,-1,-3.2,2.0,-15.3,-10.6,-0.01,-0.00,0.28,0.00,0.00,0.00,11.90,-0.53,78,-1,0,2,3.3,-0.00,0.318,0.321,-0.47,0,26,0,188.3,345.0,298.7,81.6,0.00,0,9.3,-10.3
58.25,align,351.31,-1.31,0.317,1,1828.8,367.5,63.7,-2.0,12.04,-1.31,87,81,-1,-1.9,2.8,-14.2,-9.6,-0.00,0.00,0.23,0.00,0.00,0.00,12.09,-0.66,78,-1,0,3,3.3,-0.00,0.317,0.318,-0.42,0,26,0,188.3,345.0,298.7,81.6,0.00,0,9.3,-10.3
58.35,align,351.27,-1.27,0.316,1,1830.0,367.4,62.5,-1.9,12.17,-1.54,86,81,-1,-0.7,3.6,-13.2,-8.7,0.00,-0.00,0.19,0.00,0.00,0.00,12.25,-0.76,78,-1,0,4,3.8,-0.00,0.316,0.317,-0.40,0,26,0,187.8,349.6,306.5,82.1,0.00,0,9.3,-10.3
58.45,align,351.23,-1.23,0.316,1,1832.5,367.0,61.2,-1.7,12.44,-1.92,86,81,-1,0.5,4.2,-12.2,-7.7,0.00,-0.00,0.14,0.00,0.00,0.00,12.40,-0.84,78,-1,0,4,4.3,0.00,0.316,0.319,-0.38,0,26,0,187.8,349.6,306.5,82.1,0.00,0,9.1,-10.1
58.55,align,351.19,-1.19,0.315,1,1832.5,367.0,60.0,-1.5,12.44,-1.92,85,81,-1,1.7,4.7,-11.2,-6.8,0.01,-0.01,0.10,0.00,0.00,0.00,12.55,-0.91,78,-1,0,5,4.3,0.01,0.315,0.321,-0.35,0,26,0,187.8,349.6,306.5,82.1,0.00,0,9.1,-10.1
58.65,align,351.15,-1.15,0.313,1,1833.8,366.8,58.7,-1.3,12.52,-2.08,85,81,-1,2.8,5.2,-10.3,-5.8,0.01,-0.01,0.06,0.00,0.00,0.00,12.66,-0.96,78,-1,0,5,4.4,0.01,0.313,0.323,-0.31,0,26,0,187.8,349.6,306.5,82.1,0.00,0,8.9,-10.0
58.75,align,351.12,-1.12,0.312,1,1836.3,366.3,57.5,-1.1,12.66,-2.32,85,83,-1,3.9,5.6,-9.3,-4.9,0.01,-0.02,0.02,0.00,0.00,0.00,12.76,-1.03,78,-1,0,5,4.7,0.01,0.312,0.324,-0.27,0,26,0,186.5,354.0,317.2,83.5,0.00,0,8.5,-9.7
58.85,align,351.09,-1.09,0.309,1,1836.3,366.3,56.2,-0.8,12.66,-2.32,84,83,-1,4.8,6.0,-8.4,-4.0,0.02,-0.02,0.00,0.00,0.00,0.00,12.82,-1.09,78,-1,0,6,4.7,0.02,0.309,0.326,-0.22,0,26,0,186.5,354.0,317.2,83.5,0.00,0,8.5,-9.7
58.95,align,351.06,-1.06,0.307,1,1838.8,365.9,54.9,-0.6,12.74,-2.46,84,83,-1,5.9,6.3,-7.6,-3.1,0.02,-0.03,0.00,0.00,0.00,0.00,12.92,-1.10,78,-1,0,6,4.8,0.02,0.307,0.328,-0.17,0,26,0,186.5,354.0,317.2,83.5,0.00,0,8.1,-9.3
59.05,align,351.04,-1.04,0.304,1,1840.1,365.6,53.7,-0.4,12.74,-2.50,84,83,-1,6.7,6.5,-6.7,-2.3,0.03,-0.04,0.00,0.00,0.00,0.00,12.93,-1.12,78,-1,0,6,4.9,0.02,0.304,0.328,-0.12,0,26,0,186.5,354.0,317.2,83.5,0.00,0,7.9,-9.2
59.15,align,351.03,-1.03,0.300,1,1840.1,365.6,52.4,-0.1,12.74,-2.50,84,84,-1,7.5,6.7,-5.9,-1.4,0.03,-0.04,0.00,0.00,0.00,0.00,12.93,-1.18,78,-1,0,6,4.9,0.02,0.300,0.328,-0.06,0,26,0,184.7,358.1,338.2,85.2,0.00,0,7.9,-9.2
59.25,align,351.01,-1.01,0.297,1,1841.4,365.4,51.1,0.1,12.83,-2.53,84,84,-1,8.6,6.8,-5.1,-0.6,0.03,-0.04,0.00,0.00,0.00,0.00,13.02,-1.20,78,-1,0,6,5.2,0.01,0.297,0.328,-0.00,0,26,0,184.7,358.1,338.2,85.2,0.00,0,7.9,-8.9
59.35,align,351.01,-1.01,0.293,1,1844.0,364.9,49.8,0.4,12.83,-2.48,84,84,-1,9.3,6.8,-4.3,0.2,0.03,-0.04,0.00,0.00,0.00,0.00,13.02,-1.18,78,-1,0,6,6.6,-0.00,0.293,0.324,0.06,0,26,0,184.7,358.1,338.2,85.2,0.00,0,8.5,-7.8
59.45,align,351.01,-1.01,0.290,1,1845.2,364.6,48.5,0.6,12.74,-2.43,84,84,-1,10.1,6.8,-3.5,0.9,0.03,-0.04,0.00,0.00,0.00,0.00,13.02,-1.17,78,-1,0,6,7.2,-0.02,0.290,0.316,0.09,0,26,0,184.7,358.1,338.2,85.2,0.00,0,9.4,-6.6
59.55,align,351.01,-1.01,0.289,1,1845.2,364.6,47.3,0.9,12.74,-2.43,85,87,-1,10.6,6.8,-2.5,1.5,0.02,-0.02,0.00,0.00,0.00,0.00,12.92,-1.21,78,-1,0,5,7.2,-0.04,0.289,0.304,0.08,0,26,0,182.2,1.4,33.0,87.8,0.00,0,9.4,-6.6
59.65,align,351.00,-1.00,0.289,1,1846.5,364.4,46.0,1.1,12.74,-2.36,85,87,-1,11.3,6.8,-1.5,2.0,0.00,-0.00,0.00,0.00,0.00,0.00,12.90,-1.22,78,-1,0,5,7.6,-0.05,0.289,0.291,0.07,0,26,0,182.2,1.4,33.0,87.8,0.00,0,10.5,-5.3
59.75,align,351.01,-1.01,0.287,1,1847.8,364.2,44.7,1.3,12.70,-2.30,85,87,-1,11.9,6.7,-0.3,2.4,-0.00,0.01,0.00,0.00,0.00,0.00,12.85,-1.22,78,-1,0,5,7.7,-0.06,0.287,0.291,0.08,0,26,0,182.2,1.4,33.0,87.8,0.00,0,11.2,-4.3
59.85,align,351.02,-1.02,0.282,1,1849.0,363.9,43.5,1.6,12.61,-2.21,85,87,-1,12.3,6.6,0.8,2.8,-0.00,0.01,0.00,0.00,0.00,0.00,12.75,-1.19,78,-1,0,5,7.7,-0.06,0.282,0.288,0.15,0,26,0,182.2,1.4,33.0,87.8,0.00,0,11.4,-3.9
59.95,align,351.03,-1.03,0.277,1,1850.3,363.7,42.2,1.8,12.48,-2.14,86,90,-1,12.6,6.7,1.9,3.1,-0.00,0.02,0.00,0.00,0.00,0.00,12.60,-1.30,78,-1,0,4,7.7,-0.08,0.277,0.286,0.21,0,26,0,178.9,3.1,109.0,91.1,0.00,0,11.5,-3.5
60.05,align,351.05,-1.05,0.272,1,1852.8,363.3,41.0,2.0,12.17,-1.97,87,90,-1,12.9,6.6,3.0,3.5,0.00,0.02,0.00,0.00,0.00,0.00,12.45,-1.35,78,-1,0,3,7.4,-0.09,0.272,0.282,0.27,0,26,0,178.9,3.1,109.0,91.1,0.00,0,11.0,-3.0
60.15,align,351.08,-1.08,0.267,1,1854.0,363.1,39.7,2.2,12.00,-1.88,87,90,-1,13.0,6.6,4.0,3.8,0.00,0.03,0.00,0.00,0.00,0.00,12.25,-1.39,78,-1,0,3,7.1,-0.09,0.267,0.278,0.33,0,26,0,178.9,3.1,109.0,91.1,0.00,0,10.1,-2.8
60.25,align,351.10,-1.10,0.264,1,1854.0,363.1,38.5,2.4,12.00,-1.88,88,90,-1,13.1,6.6,4.9,4.2,0.00,0.01,0.00,0.00,0.00,0.00,12.06,-1.41,78,-1,0,2,7.1,-0.10,0.264,0.272,0.33,0,26,0,178.9,3.1,109.0,91.1,0.00,0,10.1,-2.8
60.35,align,351.11,-1.11,0.267,1,1855.2,362.9,37.3,2.6,11.78,-1.79,89,93,-1,13.1,6.6,5.7,4.5,0.00,-0.00,0.00,0.00,0.00,0.00,11.82,-1.51,78,-1,0,1,6.6,-0.11,0.267,0.270,0.24,0,26,0,175.8,4.1,135.6,94.2,0.00,0,8.4,-2.6
60.45,align,351.12,-1.12,0.270,1,1856.3,362.8,36.2,2.7,11.56,-1.70,89,93,-1,13.0,6.6,6.3,4.8,0.00,-0.02,0.00,0.00,0.00,0.00,11.57,-1.58,78,-1,0,1,6.0,-0.11,0.270,0.280,0.15,0,26,0,175.8,4.1,135.6,94.2,0.00,0,6.7,-2.3
60.55,align,351.11,-1.11,0.273,1,1858.6,362.4,35.0,2.9,11.12,-1.48,90,93,-1,13.0,6.5,6.8,4.9,-0.01,-0.03,0.00,0.00,0.00,0.00,11.34,-1.60,78,-1,0,-0,4.1,-0.10,0.273,0.291,0.06,0,26,0,175.8,4.1,135.6,94.2,0.00,0,5.6,-0.3
60.65,align,351.11,-1.11,0.277,1,1859.7,362.3,33.9,3.1,10.85,-1.40,91,93,-1,12.9,6.4,7.3,5.0,-0.02,-0.02,0.00,0.00,0.00,0.00,11.10,-1.60,78,-1,0,-1,2.9,-0.09,0.277,0.294,-0.03,0,26,0,175.8,4.1,135.6,94.2,0.00,0,6.6,-0.2
60.75,align,351.09,-1.09,0.281,1,1860.7,362.2,32.8,3.2,10.63,-1.31,91,95,-1,12.7,6.4,8.0,5.1,-0.03,0.01,0.00,0.00,0.00,0.00,10.82,-1.65,78,-1,0,-1,1.7,-0.08,0.281,0.295,-0.12,0,26,0,174.0,4.2,144.9,96.1,0.00,0,7.5,-0.5
60.85,align,351.06,-1.06,0.284,1,1860.7,362.2,31.8,3.3,10.63,-1.31,92,95,-1,12.6,6.4,8.7,5.2,-0.02,0.03,0.00,0.00,0.00,0.00,10.58,-1.68,78,-1,0,-2,1.7,-0.07,0.284,0.304,-0.19,0,26,0,174.0,4.2,144.9,96.1,0.00,0,7.5,-0.5
60.95,align,351.04,-1.04,0.284,1,1862.8,361.9,30.7,3.5,10.06,-1.15,93,95,-1,12.4,6.3,9.5,5.3,-0.02,0.04,0.03,0.00,0.00,0.00,10.30,-1.69,78,-1,0,-3,-0.7,-0.06,0.284,0.306,-0.18,0,26,0,174.0,4.2,144.9,96.1,0.00,0,7.4,-1.5
61.05,align,351.01,-1.01,0.283,1,1862.8,361.9,29.7,3.6,10.06,-1.15,93,95,-1,12.1,6.3,10.2,5.5,-0.01,0.04,0.05,0.00,0.00,0.00,9.99,-1.70,78,-1,0,-3,-0.7,-0.05,0.283,0.303,-0.16,0,26,0,174.0,4.2,144.9,96.1,0.00,0,7.4,-1.5
61.15,align,350.99,-0.99,0.284,1,1863.8,361.8,28.7,3.7,9.80,-1.07,94,95,-1,11.8,6.2,10.9,5.7,0.01,0.04,0.07,0.00,0.00,0.00,9.71,-1.67,78,-1,0,-4,-1.8,-0.04,0.284,0.302,-0.19,0,26,0,173.9,4.5,143.4,96.2,0.00,0,6.4,-2.4
61.25,align,350.95,-0.95,0.286,1,1865.7,361.6,27.8,3.8,9.18,-0.91,94,95,-1,11.4,6.1,11.4,6.0,0.02,0.03,0.09,0.00,0.00,0.00,9.36,-1.65,78,-1,0,-4,-3.6,-0.02,0.286,0.307,-0.22,0,26,0,173.9,4.5,143.4,96.2,0.00,0,4.1,-3.7
61.35,align,350.92,-0.92,0.288,1,1865.7,361.6,26.8,3.9,9.18,-0.91,94,95,-1,11.1,5.9,11.8,6.3,0.02,0.03,0.11,0.00,0.00,0.00,9.09,-1.60,78,-1,0,-4,-3.6,-0.01,0.288,0.307,-0.25,0,26,0,173.9,4.5,143.4,96.2,0.00,0,4.1,-3.7
61.45,align,350.88,-0.88,0.290,1,1866.5,361.5,26.0,4.0,8.83,-0.80,95,95,-1,10.6,5.7,12.1,6.5,0.02,0.02,0.12,0.00,0.00,0.00,8.74,-1.51,78,-1,0,-5,-4.3,-0.01,0.290,0.305,-0.29,0,26,0,173.9,4.5,143.4,96.2,0.00,0,3.0,-3.2
61.55,align,350.85,-0.85,0.292,1,1867.4,361.5,25.1,4.0,8.48,-0.70,95,94,-1,10.1,5.4,12.4,6.7,0.02,0.02,0.13,0.00,0.00,0.00,8.40,-1.39,78,-1,0,-5,-4.9,0.00,0.292,0.305,-0.30,0,26,0,175.4,5.7,128.8,94.7,0.00,0,2.1,-2.9
61.65,align,350.82,-0.82,0.291,1,1869.0,361.4,24.3,4.1,7.78,-0.46,95,94,-1,9.6,5.1,12.6,6.9,0.02,0.02,0.14,0.00,0.00,0.00,8.05,-1.25,78,-1,0,-5,-5.5,0.01,0.291,0.307,-0.27,0,26,0,175.4,5.7,128.8,94.7,0.00,0,1.3,-2.9
61.75,align,350.79,-0.79,0.289,1,1869.0,361.4,23.5,4.1,7.78,-0.46,95,94,-1,9.0,4.7,12.8,7.1,0.03,0.02,0.15,0.00,0.00,0.00,7.71,-1.11,78,-1,0,-5,-5.5,0.01,0.289,0.310,-0.23,0,26,0,175.4,5.7,128.8,94.7,0.00,0,1.3,-2.9
61.85,align,350.77,-0.77,0.288,1,1870.5,361.3,22.7,4.2,7.16,-0.21,95,94,-1,8.7,4.3,13.0,7.2,0.03,0.03,0.16,0.00,0.00,0.00,7.46,-0.97,78,-1,0,-5,-5.7,0.02,0.288,0.311,-0.21,0,26,0,175.4,5.7,128.8,94.7,0.00,0,0.7,-2.8
61.95,align,350.75,-0.75,0.287,1,1870.5,361.3,22.0,4.2,7.16,-0.21,95,91,-1,8.2,3.9,13.1,7.4,0.04,0.03,0.16,0.00,0.00,0.00,7.12,-0.78,78,-1,0,-5,-5.7,0.02,0.287,0.314,-0.18,0,26,0,177.6,6.8,109.5,92.5,0.00,0,0.7,-2.8
62.05,align,350.72,-0.72,0.287,1,1871.2,361.3,21.3,4.2,6.81,-0.07,94,91,-1,7.6,3.4,13.2,7.5,0.04,0.03,0.17,0.00,0.00,0.00,6.79,-0.58,78,-1,0,-4,-5.6,0.03,0.287,0.314,-0.17,0,26,0,177.6,6.8,109.5,92.5,0.00,0,0.3,-2.5
62.15,align,350.70,-0.70,0.289,1,1872.5,361.3,20.7,4.2,6.20,0.22,94,91,-1,7.1,2.9,13.2,7.5,0.03,0.03,0.17,0.00,0.00,0.00,6.49,-0.41,78,-1,0,-4,-4.8,0.02,0.289,0.312,-0.22,0,26,0,177.6,6.8,109.5,92.5,0.00,0,-1.4,-0.8
62.25,align,350.67,-0.67,0.292,1,1873.1,361.3,20.0,4.2,5.84,0.37,94,91,-1,6.6,2.4,13.1,7.5,0.03,0.01,0.17,0.00,0.00,0.00,6.20,-0.21,78,-1,0,-4,-4.2,0.02,0.292,0.308,-0.26,0,26,0,177.6,6.8,109.5,92.5,0.00,0,-2.2,-0.0
62.35,align,350.65,-0.65,0.294,1,1873.1,361.3,19.4,4.2,5.84,0.37,94,89,-1,6.0,1.8,12.9,7.4,0.02,0.01,0.16,0.00,0.00,0.00,5.86,0.01,78,-1,0,-4,-4.2,0.01,0.294,0.306,-0.29,0,26,0,179.6,7.3,93.4,90.4,0.00,0,-2.2,-0.0
62.45,align,350.63,-0.63,0.293,1,1873.6,361.4,18.9,4.1,5.58,0.53,93,89,-1,5.6,1.3,12.7,7.2,0.02,0.00,0.15,0.00,0.00,0.00,5.60,0.22,78,-1,0,-3,-3.2,0.00,0.293,0.304,-0.26,0,26,0,179.6,7.3,93.4,90.4,0.00,0,-2.7,0.5
62.55,align,350.61,-0.61,0.292,1,1874.7,361.5,18.3,4.0,4.97,0.83,93,89,-1,4.9,0.7,12.4,7.1,0.03,0.00,0.14,0.00,0.00,0.00,5.26,0.42,78,-1,0,-3,-2.2,-0.00,0.292,0.303,-0.23,0,26,0,179.6,7.3,93.4,90.4,0.00,0,-3.3,1.0
62.65,align,350.60,-0.60,0.291,1,1874.7,361.5,17.8,4.0,4.97,0.83,93,89,-1,4.4,0.2,12.1,6.9,0.03,-0.00,0.13,0.00,0.00,0.00,5.00,0.61,78,-1,0,-3,-2.2,-0.01,0.291,0.304,-0.20,0,26,0,179.6,7.3,93.4,90.4,0.00,0,-3.3,1.0
62.75,align,350.59,-0.59,0.289,1,1875.6,361.7,17.4,3.9,4.35,1.10,92,88,-1,3.7,-0.3,11.8,6.7,0.03,-0.00,0.12,0.00,0.00,0.00,4.65,0.79,78,-1,0,-2,-1.8,-0.00,0.289,0.303,-0.17,0,26,0,180.7,6.9,84.3,89.3,0.00,0,-3.7,1.3
62.85,align,350.58,-0.58,0.287,1,1876.0,361.9,16.9,3.8,4.09,1.23,92,88,-1,3.2,-0.8,11.4,6.6,0.04,-0.00,0.10,0.00,0.00,0.00,4.38,0.96,78,-1,0,-2,-1.7,0.00,0.287,0.302,-0.14,0,26,0,180.7,6.9,84.3,89.3,0.00,0,-3.9,1.4
62.95,align,350.58,-0.58,0.285,1,1876.0,361.9,16.5,3.6,4.09,1.23,91,88,-1,2.6,-1.3,11.0,6.4,0.04,-0.00,0.09,0.00,0.00,0.00,4.12,1.13,78,-1,0,-1,-1.7,0.01,0.285,0.301,-0.10,0,26,0,180.7,6.9,84.3,89.3,0.00,0,-3.9,1.4
63.05,align,350.58,-0.58,0.283,1,1876.7,362.1,16.1,3.5,3.60,1.51,91,88,-1,2.1,-1.8,10.6,6.1,0.04,-0.00,0.07,0.00,0.00,0.00,3.85,1.29,78,-1,0,-1,-1.9,0.01,0.283,0.298,-0.07,0,26,0,180.7,6.9,84.3,89.3,0.00,0,-4.1,2.3
63.15,align,350.58,-0.58,0.280,1,1876.7,362.1,15.8,3.4,3.60,1.51,91,87,-1,1.6,-2.4,10.2,5.9,0.03,-0.00,0.06,0.00,0.00,0.00,3.62,1.46,78,-1,0,-1,-1.9,0.02,0.280,0.293,-0.03,0,26,0,181.6,6.1,75.4,88.4,0.00,0,-4.1,2.3
63.25,align,350.60,-0.60,0.277,1,1877.1,362.3,15.4,3.2,3.38,1.65,90,87,-1,1.2,-2.9,9.8,5.5,0.02,-0.00,0.04,0.00,0.00,0.00,3.39,1.63,78,-1,0,-0,-1.9,0.03,0.277,0.287,0.01,0,26,0,181.6,6.1,75.4,88.4,0.00,0,-4.2,3.1
63.35,align,350.61,-0.61,0.274,1,1877.7,362.7,15.1,3.0,2.94,1.90,90,87,-1,0.6,-3.4,9.4,5.1,0.01,-0.00,0.02,0.00,0.00,0.00,3.12,1.78,78,-1,0,-0,-1.3,0.03,0.274,0.281,0.05,0,26,0,181.6,6.1,75.4,88.4,0.00,0,-4.5,4.4
63.45,align,350.63,-0.63,0.271,1,1878.0,362.9,14.8,2.8,2.72,2.01,90,87,-1,0.2,-3.9,8.9,4.6,0.01,-0.01,0.00,0.00,0.00,0.00,2.94,1.91,78,-1,0,0,-1.1,0.03,0.271,0.276,0.09,0,26,0,181.6,6.1,75.4,88.4,0.00,0,-4.6,4.8
63.55,align,350.66,-0.66,0.267,1,1878.0,362.9,14.5,2.6,2.72,2.01,89,87,-1,-0.3,-4.4,8.5,4.1,0.00,-0.01,0.00,0.00,0.00,0.00,2.70,2.04,78,-1,0,1,-1.1,0.03,0.267,0.271,0.14,0,26,0,182.3,4.4,62.1,87.6,0.00,0,-4.6,4.8
63.65,align,350.69,-0.69,0.264,1,1878.2,363.1,14.3,2.4,2.55,2.08,89,87,-1,-0.7,-4.7,8.1,3.5,-0.01,-0.00,0.00,0.00,0.00,0.00,2.51,2.12,78,-1,0,1,-0.9,0.04,0.264,0.269,0.16,0,26,0,182.3,4.4,62.1,87.6,0.00,0,-4.4,5.2
63.75,align,350.71,-0.71,0.265,1,1878.7,363.5,14.0,2.2,2.20,2.19,89,87,-1,-1.1,-5.0,7.7,2.9,-0.02,0.01,0.00,0.00,0.00,0.00,2.33,2.19,78,-1,0,1,-0.7,0.04,0.265,0.275,0.11,0,26,0,182.3,4.4,62.1,87.6,0.00,0,-2.9,5.6
63.85,align,350.72,-0.72,0.270,1,1878.9,363.7,13.8,2.0,2.07,2.22,88,87,-1,-1.6,-5.3,7.4,2.4,-0.01,0.02,0.00,0.00,0.00,0.00,2.14,2.24,78,-1,0,2,-0.7,0.04,0.270,0.284,-0.01,0,26,0,182.3,4.4,62.1,87.6,0.00,0,-2.7,4.9
63.95,align,350.71,-0.71,0.277,1,1878.9,363.7,13.6,1.8,2.07,2.22,88,86,-1,-1.9,-5.5,7.2,1.9,-0.00,0.03,0.00,0.00,0.00,0.00,1.99,2.28,78,-1,0,2,-0.7,0.05,0.277,0.287,-0.14,0,26,0,182.7,2.2,39.4,87.3,0.00,0,-2.7,4.9
64.05,align,350.70,-0.70,0.280,1,1879.1,363.9,13.4,1.6,1.93,2.24,88,86,-1,-2.2,-5.7,6.8,1.5,0.01,0.02,0.00,0.00,0.00,0.00,1.85,2.31,78,-1,0,2,-0.6,0.05,0.280,0.290,-0.20,0,26,0,182.7,2.2,39.4,87.3,0.00,0,-3.0,4.0
64.15,align,350.69,-0.69,0.280,1,1879.5,364.4,13.2,1.3,1.63,2.26,88,86,-1,-2.6,-5.9,6.4,1.2,0.02,0.01,0.00,0.00,0.00,0.00,1.67,2.33,78,-1,0,2,-0.1,0.05,0.280,0.290,-0.22,0,26,0,182.7,2.2,39.4,87.3,0.00,0,-4.6,3.0
64.25,align,350.67,-0.67,0.280,1,1879.6,364.6,13.0,1.1,1.45,2.29,88,86,-1,-3.0,-6.0,5.9,0.9,0.02,-0.00,0.00,0.00,0.00,0.00,1.53,2.33,78,-1,0,2,0.4,0.05,0.280,0.289,-0.20,0,26,0,182.7,2.2,39.4,87.3,0.00,0,-5.0,3.1
64.35,align,350.67,-0.67,0.276,1,1879.8,364.9,12.9,0.9,1.32,2.29,87,86,-1,-3.4,-6.2,5.4,0.6,0.02,-0.01,0.00,0.00,0.00,0.00,1.34,2.35,78,-1,0,3,0.9,0.05,0.277,0.288,-0.14,0,26,0,182.8,0.8,16.4,87.2,0.00,0,-5.5,3.3
64.45,align,350.67,-0.67,0.273,1,1879.8,364.9,12.7,0.6,1.32,2.29,87,86,-1,-3.8,-6.3,4.9,0.2,0.01,-0.02,0.00,0.00,0.00,0.00,1.20,2.35,78,-1,0,3,0.9,0.04,0.273,0.285,-0.08,0,26,0,182.8,0.8,16.4,87.2,0.00,0,-5.5,3.3
64.55,align,350.67,-0.67,0.271,1,1879.9,365.1,12.6,0.4,1.23,2.29,87,86,-1,-4.0,-6.4,4.3,-0.2,0.00,-0.02,0.00,0.00,0.00,0.00,1.11,2.35,78,-1,0,3,1.5,0.03,0.271,0.278,-0.05,0,26,0,182.8,0.8,16.4,87.2,0.00,0,-5.5,3.9
64.65,align,350.68,-0.68,0.270,1,1880.1,365.5,12.5,0.2,1.05,2.27,87,86,-1,-4.2,-6.5,3.8,-0.7,-0.02,-0.01,0.00,0.00,0.00,0.00,1.02,2.34,78,-1,0,3,2.3,0.02,0.270,0.282,-0.06,0,26,0,182.8,0.8,16.4,87.2,0.00,0,-4.5,5.4
64.75,align,350.68,-0.68,0.272,1,1880.1,365.5,12.4,-0.0,1.05,2.27,87,87,-1,-4.4,-6.6,3.4,-1.2,-0.03,-0.00,0.00,0.00,0.00,0.00,0.93,2.33,78,-1,0,3,2.3,0.02,0.272,0.283,-0.10,0,26,0,182.1,358.9,332.7,87.9,0.00,0,-4.5,5.4
64.85,align,350.67,-0.67,0.274,1,1880.3,366.0,12.3,-0.3,0.88,2.20,87,87,-1,-4.7,-6.7,3.1,-1.7,-0.03,0.01,0.00,0.00,0.00,0.00,0.84,2.29,78,-1,0,3,2.7,0.01,0.274,0.288,-0.15,0,26,0,182.1,358.9,332.7,87.9,0.00,0,-3.5,4.7
64.95,align,350.66,-0.66,0.276,1,1880.4,366.2,12.2,-0.5,0.79,2.14,87,87,-1,-4.9,-6.7,2.7,-2.1,-0.02,0.01,0.00,0.00,0.00,0.00,0.76,2.24,78,-1,0,3,2.7,0.01,0.276,0.287,-0.18,0,26,0,182.1,358.9,332.7,87.9,0.00,0,-3.8,3.7
65.05,align,350.64,-0.64,0.279,1,1880.4,366.2,12.1,-0.7,0.79,2.14,87,87,-1,-5.1,-6.6,2.3,-2.5,-0.01,0.00,0.00,0.00,0.00,0.00,0.67,2.18,78,-1,0,3,2.7,0.01,0.279,0.283,-0.24,0,26,0,182.1,358.9,332.7,87.9,0.00,0,-3.8,3.7
65.15,align,350.62,-0.62,0.279,1,1880.5,366.6,12.1,-0.9,0.70,2.01,87,88,-1,-5.0,-6.6,1.9,-2.8,-0.00,-0.01,0.00,0.00,0.00,0.00,0.68,2.11,78,-1,0,3,2.7,0.00,0.279,0.286,-0.24,0,26,0,181.0,357.2,289.3,89.0,0.00,0,-4.9,2.9
65.25,align,350.61,-0.61,0.279,1,1880.6,366.8,12.0,-1.1,0.70,1.94,87,88,-1,-5.3,-6.5,1.4,-3.1,-0.01,-0.02,0.00,0.00,0.00,0.00,0.60,2.04,78,-1,0,3,2.7,0.00,0.279,0.288,-0.22,0,26,0,181.0,357.2,289.3,89.0,0.00,0,-5.0,2.9
65.35,align,350.60,-0.60,0.275,1,1880.6,366.8,11.9,-1.3,0.70,1.94,87,88,-1,-5.2,-6.5,0.9,-3.3,-0.01,-0.02,0.00,0.00,0.00,0.00,0.61,1.98,78,-1,0,3,2.7,-0.00,0.275,0.289,-0.15,0,26,0,181.0,357.2,289.3,89.0,0.00,0,-5.0,2.9
65.45,align,350.59,-0.59,0.272,1,1880.7,367.2,11.8,-1.5,0.62,1.77,87,88,-1,-5.4,-6.3,0.4,-3.6,-0.01,-0.03,0.00,0.00,0.00,0.00,0.53,1.88,78,-1,0,3,2.8,-0.00,0.272,0.288,-0.09,0,26,0,181.0,357.2,289.3,89.0,0.00,0,-5.0,2.7
65.55,align,350.59,-0.59,0.269,1,1880.8,367.3,11.8,-1.7,0.62,1.68,88,89,-1,-5.3,-6.2,-0.0,-3.9,-0.01,-0.03,0.00,0.00,0.00,0.00,0.54,1.79,78,-1,0,2,2.7,-0.01,0.269,0.286,-0.05,0,26,0,179.7,356.1,266.3,90.3,0.00,0,-4.3,2.3
65.65,align,350.59,-0.59,0.271,1,1880.8,367.3,11.7,-1.8,0.62,1.68,88,89,-1,-5.3,-6.1,-0.4,-4.1,-0.01,-0.02,0.00,0.00,0.00,0.00,0.55,1.70,78,-1,0,2,2.7,-0.01,0.271,0.284,-0.09,0,26,0,179.7,356.1,266.3,90.3,0.00,0,-4.3,2.3
65.75,align,350.57,-0.57,0.275,1,1880.9,367.7,11.7,-2.0,0.62,1.51,88,89,-1,-5.2,-6.0,-0.7,-4.3,-0.02,-0.01,0.00,0.00,0.00,0.00,0.56,1.61,78,-1,0,2,2.7,-0.02,0.275,0.284,-0.17,0,26,0,179.7,356.1,266.3,90.3,0.00,0,-2.4,2.1
65.85,align,350.55,-0.55,0.278,1,1881.0,367.8,11.6,-2.2,0.62,1.40,88,89,-1,-5.2,-5.8,-0.9,-4.6,-0.01,0.00,0.00,0.00,0.00,0.00,0.57,1.52,78,-1,0,2,2.8,-0.02,0.278,0.284,-0.22,0,26,0,179.7,356.1,266.3,90.3,0.00,0,-2.0,1.6
65.95,align,350.53,-0.53,0.279,1,1881.0,367.9,11.5,-2.3,0.70,1.30,89,90,-1,-5.1,-5.6,-1.1,-4.7,-0.01,0.01,0.00,0.00,0.00,0.00,0.58,1.41,78,-1,0,1,2.7,-0.03,0.279,0.285,-0.23,0,26,0,178.6,355.3,253.1,91.4,0.00,0,-1.7,1.2
66.05,align,350.51,-0.51,0.278,1,1881.1,368.1,11.5,-2.4,0.70,1.20,89,90,-1,-4.8,-5.4,-1.2,-4.8,-0.01,0.00,0.00,0.00,0.00,0.00,0.68,1.31,78,-1,0,1,2.7,-0.03,0.278,0.283,-0.21,0,26,0,178.6,355.3,253.1,91.4,0.00,0,-1.9,1.3
66.15,align,350.50,-0.50,0.275,1,1881.1,368.1,11.4,-2.6,0.70,1.20,89,90,-1,-4.7,-5.2,-1.4,-5.0,-0.01,-0.00,0.00,0.00,0.00,0.00,0.69,1.21,78,-1,0,1,2.7,-0.04,0.275,0.281,-0.15,0,26,0,178.6,355.3,253.1,91.4,0.00,0,-1.9,1.3
66.25,align,350.50,-0.50,0.272,1,1881.2,368.2,11.3,-2.7,0.70,1.09,89,90,-1,-4.7,-5.0,-1.6,-5.1,-0.02,-0.00,0.00,0.00,0.00,0.00,0.69,1.10,78,-1,0,1,2.6,-0.04,0.272,0.281,-0.08,0,26,0,178.6,355.3,253.1,91.4,0.00,0,-2.0,1.3
66.35,align,350.50,-0.50,0.269,1,1881.3,368.4,11.3,-2.8,0.79,0.87,90,92,-1,-4.6,-4.8,-1.8,-5.2,-0.02,-0.01,0.00,0.00,0.00,0.00,0.70,0.98,78,-1,0,0,2.5,-0.05,0.269,0.281,-0.02,0,26,0,177.5,354.9,243.8,92.5,0.00,0,-1.9,1.0
66.45,align,350.50,-0.50,0.266,1,1881.4,368.4,11.2,-2.9,0.79,0.76,90,92,-1,-4.3,-4.5,-1.9,-5.3,-0.02,-0.01,0.00,0.00,0.00,0.00,0.79,0.87,78,-1,0,-0,2.5,-0.05,0.266,0.278,0.01,0,26,0,177.5,354.9,243.8,92.5,0.00,0,-1.8,0.3
66.55,align,350.49,-0.49,0.268,1,1881.5,368.5,11.1,-2.9,0.88,0.65,90,92,-1,-4.2,-4.3,-2.1,-5.3,-0.01,-0.01,0.00,0.00,0.00,0.00,0.79,0.75,78,-1,0,-0,2.2,-0.06,0.268,0.275,-0.03,0,26,0,177.5,354.9,243.8,92.5,0.00,0,-1.9,-1.0
66.65,align,350.48,-0.48,0.272,1,1881.5,368.5,11.0,-3.0,0.88,0.65,91,92,-1,-3.9,-4.0,-2.3,-5.2,0.01,-0.02,0.00,0.00,0.00,0.00,0.88,0.64,78,-1,0,-1,2.2,-0.05,0.272,0.283,-0.11,0,26,0,177.5,354.9,243.8,92.5,0.00,0,-1.9,-1.0
66.75,align,350.46,-0.46,0.276,1,1881.6,368.6,10.9,-3.1,0.88,0.54,91,93,-1,-3.8,-3.7,-2.4,-5.0,0.03,-0.02,0.00,0.00,0.00,0.00,0.89,0.53,78,-1,0,-1,1.9,-0.06,0.276,0.292,-0.17,0,26,0,176.5,355.2,233.9,93.5,0.00,0,-1.8,-2.2
66.85,align,350.43,-0.43,0.277,1,1881.8,368.6,10.8,-3.1,0.97,0.34,91,93,-1,-3.6,-3.5,-2.5,-4.7,0.02,-0.01,0.00,0.00,0.00,0.00,0.93,0.41,78,-1,0,-1,1.2,-0.06,0.277,0.291,-0.18,0,26,0,176.5,355.2,233.9,93.5,0.00,0,-0.6,-1.9
66.95,align,350.41,-0.41,0.278,1,1881.8,368.6,10.7,-3.1,0.97,0.34,91,93,-1,-3.5,-3.2,-2.5,-4.6,0.02,-0.00,0.00,0.00,0.00,0.00,0.97,0.32,78,-1,0,-1,1.2,-0.05,0.278,0.285,-0.19,0,26,0,176.5,355.2,233.9,93.5,0.00,0,-0.6,-1.9
67.05,align,350.39,-0.39,0.279,1,1881.9,368.7,10.6,-3.2,1.05,0.25,92,93,-1,-3.1,-3.0,-2.5,-4.5,0.00,0.00,0.00,0.00,0.00,0.00,1.06,0.22,78,-1,0,-2,0.7,-0.05,0.279,0.281,-0.20,0,26,0,176.5,355.2,233.9,93.5,0.00,0,0.1,-1.3
67.15,align,350.37,-0.37,0.278,1,1882.0,368.7,10.5,-3.2,1.05,0.19,92,93,-1,-3.1,-2.8,-2.5,-4.4,-0.01,0.01,0.00,0.00,0.00,0.00,1.06,0.15,78,-1,0,-2,0.0,-0.04,0.278,0.283,-0.19,0,26,0,176.2,355.7,228.0,93.8,0.00,0,0.2,-0.2
67.25,align,350.36,-0.36,0.275,1,1882.2,368.7,10.4,-3.2,1.19,0.03,92,93,-1,-2.7,-2.6,-2.4,-4.4,-0.01,0.00,0.00,0.00,0.00,0.00,1.15,0.07,78,-1,0,-2,-0.8,-0.03,0.275,0.282,-0.12,0,26,0,176.2,355.7,228.0,93.8,0.00,0,0.4,0.1
67.35,align,350.36,-0.36,0.272,1,1882.3,368.7,10.3,-3.2,1.23,-0.05,92,93,-1,-2.5,-2.4,-2.4,-4.4,-0.02,-0.00,0.00,0.00,0.00,0.00,1.19,-0.01,78,-1,0,-2,-0.7,-0.03,0.272,0.280,-0.06,0,26,0,176.2,355.7,228.0,93.8,0.00,0,0.2,0.2
67.45,align,350.36,-0.36,0.268,1,1882.3,368.7,10.2,-3.2,1.23,-0.05,92,93,-1,-2.3,-2.1,-2.4,-4.4,-0.03,-0.00,0.00,0.00,0.00,0.00,1.23,-0.10,78,-1,0,-2,-0.7,-0.03,0.268,0.280,0.00,0,26,0,176.2,355.7,228.0,93.8,0.00,0,0.2,0.2
67.55,align,350.36,-0.36,0.268,1,1882.6,368.7,10.1,-3.2,1.32,-0.21,92,92,-1,-2.3,-1.9,-2.3,-4.4,-0.02,-0.01,0.00,0.00,0.00,0.00,1.22,-0.17,78,-1,0,-2,-1.3,-0.03,0.268,0.278,0.01,0,26,0,176.6,355.7,231.1,93.4,0.00,0,0.1,-1.1
67.65,align,350.35,-0.35,0.272,1,1882.7,368.6,9.9,-3.2,1.32,-0.27,92,92,-1,-2.0,-1.6,-2.3,-4.3,-0.00,-0.01,0.00,0.00,0.00,0.00,1.31,-0.26,78,-1,0,-2,-1.5,-0.02,0.272,0.278,-0.07,0,26,0,176.6,355.7,231.1,93.4,0.00,0,-0.0,-2.3
67.75,align,350.33,-0.33,0.277,1,1882.7,368.6,9.8,-3.1,1.32,-0.27,92,92,-1,-1.9,-1.4,-2.4,-4.0,0.02,-0.01,0.00,0.00,0.00,0.00,1.31,-0.33,78,-1,0,-2,-1.5,-0.02,0.277,0.289,-0.15,0,26,0,176.6,355.7,231.1,93.4,0.00,0,-0.0,-2.3
67.85,align,350.29,-0.29,0.280,1,1883.0,368.6,9.7,-3.1,1.41,-0.42,92,92,-1,-1.6,-1.2,-2.4,-3.6,0.03,-0.01,0.00,0.00,0.00,0.00,1.39,-0.40,78,-1,0,-2,-1.7,-0.01,0.280,0.298,-0.21,0,26,0,176.6,355.7,231.1,93.4,0.00,0,0.5,-3.4
67.95,align,350.27,-0.27,0.281,1,1883.1,368.5,9.5,-3.1,1.41,-0.47,92,92,-1,-1.5,-0.9,-2.3,-3.3,0.03,-0.01,0.00,0.00,0.00,0.00,1.39,-0.47,78,-1,0,-2,-1.8,-0.01,0.281,0.296,-0.22,0,26,0,177.2,356.8,228.8,92.8,0.00,0,0.9,-2.8
68.05,align,350.25,-0.25,0.283,1,1883.3,368.5,9.4,-3.0,1.49,-0.53,92,92,-1,-1.4,-0.7,-2.2,-3.0,0.02,-0.00,0.00,0.00,0.00,0.00,1.39,-0.53,78,-1,0,-2,-2.1,-0.01,0.283,0.290,-0.22,0,26,0,177.2,356.8,228.8,92.8,0.00,0,1.2,-2.3
68.15,align,350.22,-0.22,0.282,1,1883.3,368.5,9.2,-3.0,1.49,-0.53,92,92,-1,-1.1,-0.5,-2.1,-2.8,0.01,-0.00,0.00,0.00,0.00,0.00,1.47,-0.58,78,-1,0,-2,-2.1,-0.00,0.282,0.288,-0.20,0,26,0,177.2,356.8,228.8,92.8,0.00,0,1.2,-2.3
68.25,align,350.21,-0.21,0.279,1,1883.6,368.4,9.1,-2.9,1.54,-0.62,92,92,-1,-1.0,-0.3,-2.0,-2.6,0.01,-0.01,0.00,0.00,0.00,0.00,1.47,-0.63,78,-1,0,-2,-2.3,-0.00,0.279,0.286,-0.14,0,26,0,177.2,356.8,228.8,92.8,0.00,0,0.9,-2.0
68.35,align,350.20,-0.20,0.276,1,1883.6,368.4,8.9,-2.9,1.54,-0.62,92,91,-1,-0.8,-0.2,-1.9,-2.4,0.01,-0.01,0.00,0.00,0.00,0.00,1.52,-0.67,78,-1,0,-2,-2.3,0.01,0.276,0.283,-0.07,0,26,0,178.1,357.7,230.0,91.9,0.00,0,0.9,-2.0
68.45,align,350.20,-0.20,0.273,1,1883.9,368.2,8.8,-2.8,1.58,-0.69,92,91,-1,-0.5,0.0,-1.9,-2.2,0.01,-0.01,0.00,0.00,0.00,0.00,1.56,-0.71,78,-1,0,-2,-2.2,0.01,0.273,0.281,-0.01,0,26,0,178.1,357.7,230.0,91.9,0.00,0,0.5,-1.7
68.55,align,350.20,-0.20,0.269,1,1884.0,368.2,8.6,-2.7,1.58,-0.73,92,91,-1,-0.5,0.2,-1.8,-2.0,0.01,-0.02,0.00,0.00,0.00,0.00,1.56,-0.74,78,-1,0,-2,-2.3,0.01,0.269,0.278,0.06,0,26,0,178.1,357.7,230.0,91.9,0.00,0,0.6,-1.5
68.65,align,350.21,-0.21,0.267,1,1884.2,368.1,8.5,-2.7,1.67,-0.75,92,91,-1,-0.4,0.3,-1.8,-1.9,-0.00,-0.01,0.00,0.00,0.00,0.00,1.56,-0.77,78,-1,0,-2,-2.3,0.01,0.267,0.273,0.09,0,26,0,178.1,357.7,230.0,91.9,0.00,0,1.3,-1.1
68.75,align,350.21,-0.21,0.268,1,1884.2,368.1,8.3,-2.6,1.67,-0.75,91,90,-1,-0.0,0.4,-1.6,-1.7,-0.01,-0.00,0.00,0.00,0.00,0.00,1.65,-0.79,78,-1,0,-1,-2.3,0.02,0.268,0.272,0.06,0,26,0,179.0,358.3,239.3,91.0,0.00,0,1.3,-1.1
68.85,align,350.20,-0.20,0.272,1,1884.5,367.9,8.1,-2.5,1.67,-0.79,91,90,-1,0.1,0.5,-1.4,-1.6,-0.01,0.01,0.00,0.00,0.00,0.00,1.65,-0.80,78,-1,0,-1,-2.3,0.02,0.272,0.280,-0.02,0,26,0,179.0,358.3,239.3,91.0,0.00,0,3.1,-1.2
68.95,align,350.19,-0.19,0.275,1,1884.7,367.8,8.0,-2.4,1.67,-0.81,91,90,-1,0.2,0.7,-1.1,-1.5,-0.00,0.02,0.00,0.00,0.00,0.00,1.66,-0.82,78,-1,0,-1,-2.2,0.02,0.275,0.286,-0.08,0,26,0,179.0,358.3,239.3,91.0,0.00,0,3.0,-1.7
69.05,align,350.18,-0.18,0.276,1,1884.7,367.8,7.8,-2.3,1.67,-0.81,91,90,-1,0.3,0.8,-0.8,-1.3,0.01,0.02,0.00,0.00,0.00,0.00,1.66,-0.84,78,-1,0,-1,-2.2,0.03,0.276,0.287,-0.08,0,26,0,179.0,358.3,239.3,91.0,0.00,0,3.0,-1.7
69.15,align,350.17,-0.17,0.278,1,1885.0,367.7,7.6,-2.3,1.67,-0.86,91,89,-1,0.4,0.9,-0.6,-1.1,0.01,0.01,0.00,0.00,0.00,0.00,1.66,-0.85,78,-1,0,-1,-2.2,0.03,0.278,0.284,-0.12,0,26,0,179.9,358.9,264.2,90.1,0.00,0,1.0,-1.8
69.25,align,350.15,-0.15,0.281,1,1885.2,367.6,7.5,-2.2,1.67,-0.86,90,89,-1,0.5,1.0,-0.6,-0.9,0.00,-0.01,0.00,0.00,0.00,0.00,1.66,-0.87,78,-1,0,-0,-2.1,0.04,0.281,0.286,-0.17,0,26,0,179.9,358.9,264.2,90.1,0.00,0,0.5,-1.4
69.35,align,350.13,-0.13,0.281,1,1885.4,367.5,7.3,-2.1,1.67,-0.88,90,89,-1,0.6,1.1,-0.5,-0.8,0.00,-0.01,0.00,0.00,0.00,0.00,1.67,-0.86,78,-1,0,-0,-2.2,0.04,0.281,0.286,-0.14,0,26,0,179.9,358.9,264.2,90.1,0.00,0,0.4,-1.4
69.45,align,350.12,-0.12,0.278,1,1885.4,367.5,7.1,-2.0,1.67,-0.88,90,89,-1,0.7,1.2,-0.5,-0.6,-0.00,-0.02,0.00,0.00,0.00,0.00,1.67,-0.88,78,-1,0,-0,-2.2,0.04,0.278,0.285,-0.08,0,26,0,179.9,358.9,264.2,90.1,0.00,0,0.4,-1.4
69.55,align,350.12,-0.12,0.274,1,1885.5,367.4,7.0,-1.9,1.67,-0.88,90,88,-1,0.8,1.2,-0.5,-0.5,-0.00,-0.02,0.00,0.00,0.00,0.00,1.67,-0.87,78,-1,0,0,-2.1,0.05,0.274,0.283,-0.01,0,26,0,180.7,359.5,324.6,89.3,0.00,0,0.2,-1.3
69.65,align,350.13,-0.13,0.270,1,1885.9,367.2,6.8,-1.8,1.67,-0.88,90,88,-1,0.9,1.3,-0.5,-0.4,-0.00,-0.02,0.00,0.00,0.00,0.00,1.68,-0.87,78,-1,0,0,-1.9,0.05,0.271,0.280,0.05,0,26,0,180.7,359.5,324.6,89.3,0.00,0,0.4,-1.1
69.75,align,350.13,-0.13,0.270,1,1885.9,367.2,6.6,-1.7,1.67,-0.88,89,88,-1,1.0,1.3,-0.4,-0.3,-0.00,-0.01,0.00,0.00,0.00,0.00,1.68,-0.86,78,-1,0,1,-1.9,0.05,0.270,0.276,0.07,0,26,0,180.7,359.5,324.6,89.3,0.00,0,0.4,-1.1
69.85,align,350.12,-0.12,0.274,1,1886.2,367.1,6.4,-1.7,1.67,-0.88,89,88,-1,1.1,1.4,-0.2,-0.2,-0.00,0.00,0.00,0.00,0.00,0.00,1.68,-0.86,78,-1,0,1,-1.5,0.05,0.274,0.276,-0.01,0,26,0,180.7,359.5,324.6,89.3,0.00,0,2.8,-1.1
69.95,align,350.11,-0.11,0.278,1,1886.2,367.1,6.3,-1.6,1.67,-0.88,89,88,-1,1.3,1.4,0.1,-0.1,-0.00,0.03,0.00,0.00,0.00,0.00,1.69,-0.85,78,-1,0,1,-1.5,0.05,0.278,0.289,-0.09,0,26,0,181.5,359.9,358.0,88.5,0.00,0,2.8,-1.1
70.05,align,350.10,-0.10,0.280,1,1886.5,366.9,6.1,-1.5,1.58,-0.86,89,88,-1,1.4,1.4,0.5,0.0,-0.00,0.03,0.00,0.00,0.00,0.00,1.69,-0.82,78,-1,0,1,-1.1,0.05,0.280,0.294,-0.12,0,26,0,181.5,359.9,358.0,88.5,0.00,0,3.5,-1.0
70.15,align,350.09,-0.09,0.277,1,1886.7,366.8,6.0,-1.4,1.58,-0.86,89,88,-1,1.2,1.5,0.8,0.1,-0.00,0.04,0.00,0.00,0.00,0.00,1.60,-0.82,78,-1,0,1,-0.8,0.05,0.277,0.292,-0.05,0,26,0,181.5,359.9,358.0,88.5,0.00,0,3.0,-1.2
70.25,align,350.09,-0.09,0.275,1,1886.9,366.7,5.8,-1.3,1.54,-0.83,88,88,-1,1.3,1.5,1.1,0.3,0.00,0.03,0.00,0.00,0.00,0.00,1.61,-0.81,78,-1,0,2,-0.4,0.05,0.275,0.287,-0.01,0,26,0,181.5,359.9,358.0,88.5,0.00,0,1.8,-1.5
70.35,align,350.08,-0.08,0.277,1,1886.9,366.7,5.6,-1.2,1.54,-0.83,88,87,-1,1.3,1.5,1.2,0.4,0.01,0.01,0.00,0.00,0.00,0.00,1.56,-0.79,78,-1,0,2,-0.4,0.04,0.277,0.284,-0.05,0,26,0,181.8,0.5,14.5,88.2,0.00,0,1.8,-1.5
70.45,align,350.06,-0.06,0.281,1,1887.0,366.6,5.5,-1.1,1.49,-0.81,88,87,-1,1.2,1.5,1.2,0.6,0.01,-0.01,0.00,0.00,0.00,0.00,1.52,-0.76,78,-1,0,2,-0.0,0.04,0.281,0.290,-0.13,0,26,0,181.8,0.5,14.5,88.2,0.00,0,0.2,-1.6
70.55,align,350.05,-0.05,0.283,1,1887.2,366.6,5.3,-1.1,1.45,-0.80,88,87,-1,1.2,1.5,1.1,0.7,0.01,-0.03,0.00,0.00,0.00,0.00,1.48,-0.75,78,-1,0,2,0.4,0.03,0.283,0.298,-0.15,0,26,0,181.8,0.5,14.5,88.2,0.00,0,-1.0,-1.4
70.65,align,350.04,-0.04,0.280,1,1887.4,366.4,5.2,-1.0,1.36,-0.76,88,87,-1,1.2,1.5,0.9,0.8,0.01,-0.04,0.00,0.00,0.00,0.00,1.43,-0.73,78,-1,0,2,1.0,0.03,0.280,0.298,-0.08,0,26,0,181.8,0.5,14.5,88.2,0.00,0,-1.7,-1.3
70.75,align,350.03,-0.03,0.277,1,1887.4,366.4,5.1,-0.9,1.36,-0.76,88,87,-1,1.1,1.5,0.8,1.0,0.01,-0.04,0.00,0.00,0.00,0.00,1.39,-0.70,78,-1,0,2,1.0,0.02,0.277,0.297,-0.02,0,26,0,181.5,1.0,32.5,88.5,0.00,0,-1.7,-1.3
70.85,align,350.03,-0.03,0.275,1,1887.6,366.3,4.9,-0.8,1.32,-0.73,88,87,-1,1.1,1.4,0.6,1.1,0.01,-0.04,0.00,0.00,0.00,0.00,1.35,-0.67,78,-1,0,2,1.3,0.02,0.275,0.291,0.02,0,26,0,181.5,1.0,32.5,88.5,0.00,0,-1.5,-1.0
70.95,align,350.03,-0.03,0.277,1,1887.8,366.2,4.8,-0.8,1.32,-0.68,88,87,-1,1.1,1.4,0.6,1.1,0.00,-0.02,0.00,0.00,0.00,0.00,1.35,-0.65,78,-1,0,2,2.2,0.02,0.277,0.286,-0.01,0,26,0,181.5,1.0,32.5,88.5,0.00,0,0.8,-0.6
71.05,align,350.02,-0.02,0.281,1,1887.8,366.2,4.7,-0.7,1.32,-0.68,88,87,-1,1.2,1.4,0.7,1.2,0.00,-0.00,0.00,0.00,0.00,0.00,1.35,-0.63,78,-1,0,2,2.2,0.00,0.281,0.282,-0.09,0,26,0,181.5,1.0,32.5,88.5,0.00,0,0.8,-0.6
71.15,align,350.01,-0.01,0.283,1,1888.1,366.1,4.5,-0.6,1.32,-0.62,88,88,-1,1.3,1.3,0.9,1.2,0.00,0.01,0.00,0.00,0.00,0.00,1.34,-0.60,78,-1,0,2,2.7,-0.00,0.283,0.288,-0.12,0,26,0,180.8,1.2,58.5,89.2,0.00,0,1.7,-0.4
71.25,align,350.00,-0.00,0.280,1,1888.2,366.0,4.4,-0.6,1.23,-0.59,88,88,-1,1.4,1.3,1.0,1.3,0.00,0.01,0.00,0.00,0.00,0.00,1.34,-0.56,78,-1,0,2,2.9,-0.01,0.280,0.286,-0.05,0,26,0,180.8,1.2,58.5,89.2,0.00,0,1.7,-0.4
71.35,align,350.00,-0.00,0.276,1,1888.3,365.9,4.3,-0.5,1.23,-0.56,88,88,-1,1.2,1.2,1.2,1.3,0.00,0.01,0.00,0.00,0.00,0.00,1.25,-0.55,78,-1,0,2,3.0,-0.02,0.276,0.284,0.02,0,26,0,180.8,1.2,58.5,89.2,0.00,0,1.7,-0.3
71.45,align,350.01,-0.01,0.273,1,1888.3,365.9,4.2,-0.4,1.23,-0.56,88,88,-1,1.3,1.2,1.4,1.4,0.00,0.01,0.00,0.00,0.00,0.00,1.25,-0.52,78,-1,0,2,3.0,-0.02,0.273,0.280,0.08,0,26,0,180.8,1.2,58.5,89.2,0.00,0,1.7,-0.3
71.55,align,350.03,-0.03,0.269,1,1888.6,365.8,4.0,-0.4,1.14,-0.49,88,89,-1,1.3,1.1,1.5,1.4,0.00,0.01,0.00,0.00,0.00,0.00,1.25,-0.49,78,-1,0,2,3.1,-0.03,0.269,0.276,0.14,0,26,0,179.5,1.4,108.3,90.5,0.00,0,1.3,-0.0
71.65,align,350.05,-0.05,0.266,1,1888.7,365.8,3.9,-0.3,1.14,-0.46,88,89,-1,1.1,1.1,1.6,1.4,-0.00,0.01,0.00,0.00,0.00,0.00,1.16,-0.46,78,-1,0,2,3.1,-0.03,0.266,0.270,0.18,0,26,0,179.5,1.4,108.3,90.5,0.00,0,0.4,0.4
71.75,align,350.06,-0.06,0.267,1,1888.8,365.8,3.8,-0.3,1.05,-0.44,89,89,-1,1.2,1.0,1.6,1.4,-0.00,-0.01,0.00,0.00,0.00,0.00,1.15,-0.43,78,-1,0,1,3.2,-0.03,0.267,0.271,0.15,0,26,0,179.5,1.4,108.3,90.5,0.00,0,-0.9,0.4
71.85,align,350.06,-0.06,0.271,1,1888.8,365.8,3.7,-0.3,1.05,-0.44,89,89,-1,1.0,1.0,1.5,1.3,-0.00,-0.02,0.00,0.00,0.00,0.00,1.06,-0.42,78,-1,0,1,3.2,-0.04,0.271,0.282,0.06,0,26,0,179.5,1.4,108.3,90.5,0.00,0,-0.9,0.4
71.95,align,350.06,-0.06,0.275,1,1889.0,365.7,3.6,-0.2,1.01,-0.37,89,91,-1,1.1,0.9,1.4,1.3,-0.00,-0.02,0.00,0.00,0.00,0.00,1.06,-0.39,78,-1,0,1,3.1,-0.04,0.275,0.286,-0.02,0,26,0,178.3,1.3,143.5,91.7,0.00,0,-0.2,0.5
72.05,align,350.05,-0.05,0.279,1,1889.1,365.6,3.5,-0.2,0.97,-0.35,89,91,-1,1.0,0.8,1.4,1.3,-0.01,-0.01,0.00,0.00,0.00,0.00,1.02,-0.36,78,-1,0,1,2.8,-0.05,0.279,0.284,-0.10,0,26,0,178.3,1.3,143.5,91.7,0.00,0,0.8,0.3
72.15,align,350.04,-0.04,0.283,1,1889.2,365.6,3.4,-0.1,0.97,-0.33,89,91,-1,0.9,0.8,1.5,1.3,0.00,0.01,0.00,0.00,0.00,0.00,0.97,-0.34,78,-1,0,1,2.5,-0.05,0.283,0.286,-0.15,0,26,0,178.3,1.3,143.5,91.7,0.00,0,1.3,-0.1
72.25,align,350.02,-0.02,0.282,1,1889.3,365.6,3.3,-0.1,0.92,-0.30,90,91,-1,1.0,0.7,1.6,1.3,0.00,0.02,0.00,0.00,0.00,0.00,0.97,-0.32,78,-1,0,0,2.3,-0.04,0.282,0.289,-0.13,0,26,0,178.3,1.3,143.5,91.7,0.00,0,1.4,-0.0
72.35,align,350.02,-0.02,0.279,1,1889.4,365.5,3.2,-0.1,0.88,-0.27,90,92,-1,0.9,0.7,1.7,1.3,0.00,0.02,0.00,0.00,0.00,0.00,0.92,-0.30,78,-1,0,0,2.2,-0.05,0.279,0.287,-0.06,0,26,0,177.2,1.2,156.5,92.8,0.00,0,1.3,0.0
72.45,align,350.02,-0.02,0.276,1,1889.4,365.5,3.1,-0.0,0.88,-0.27,90,92,-1,0.8,0.6,1.9,1.3,0.00,0.02,0.00,0.00,0.00,0.00,0.88,-0.28,78,-1,0,-0,2.2,-0.05,0.276,0.285,0.01,0,26,0,177.2,1.2,156.5,92.8,0.00,0,1.3,0.0
72.55,align,350.03,-0.03,0.272,1,1889.6,365.5,3.0,-0.0,0.79,-0.22,90,92,-1,0.9,0.5,2.0,1.3,0.00,0.02,0.00,0.00,0.00,0.00,0.88,-0.25,78,-1,0,-0,1.6,-0.05,0.272,0.280,0.07,0,26,0,177.2,1.2,156.5,92.8,0.00,0,0.6,0.3
72.65,align,350.04,-0.04,0.269,1,1889.6,365.5,2.9,0.0,0.70,-0.20,91,92,-1,0.6,0.5,2.0,1.2,-0.00,0.01,0.00,0.00,0.00,0.00,0.79,-0.23,78,-1,0,-1,1.4,-0.05,0.269,0.274,0.11,0,26,0,177.2,1.2,156.5,92.8,0.00,0,-0.5,0.7
72.75,align,350.05,-0.05,0.271,1,1889.7,365.5,2.9,0.0,0.70,-0.18,91,92,-1,0.4,0.4,1.9,1.2,-0.01,-0.01,0.00,0.00,0.00,0.00,0.70,-0.21,78,-1,0,-1,0.9,-0.05,0.271,0.277,0.07,0,26,0,176.5,1.1,163.0,93.5,0.00,0,-2.0,0.7
72.85,align,350.05,-0.05,0.275,1,1889.7,365.5,2.8,0.0,0.70,-0.18,91,92,-1,0.5,0.4,1.7,1.1,-0.01,-0.03,0.00,0.00,0.00,0.00,0.70,-0.19,78,-1,0,-1,0.9,-0.04,0.275,0.291,-0.01,0,26,0,176.5,1.1,163.0,93.5,0.00,0,-2.0,0.7
72.95,align,350.04,-0.04,0.278,1,1889.8,365.4,2.7,0.1,0.62,-0.13,91,92,-1,0.2,0.3,1.4,1.1,-0.00,-0.04,0.00,0.00,0.00,0.00,0.61,-0.17,78,-1,0,-1,0.5,-0.04,0.278,0.295,-0.06,0,26,0,176.5,1.1,163.0,93.5,0.00,0,-2.4,0.2
73.05,align,350.03,-0.03,0.280,1,1889.8,365.4,2.7,0.1,0.62,-0.13,92,92,-1,0.3,0.3,1.2,1.0,0.00,-0.03,0.00,0.00,0.00,0.00,0.61,-0.15,78,-1,0,-2,0.5,-0.04,0.280,0.293,-0.10,0,26,0,176.5,1.1,163.0,93.5,0.00,0,-2.4,0.2
73.15,align,350.01,-0.01,0.285,1,1889.9,365.4,2.6,0.1,0.53,-0.11,92,93,-1,0.0,0.2,1.1,1.0,0.00,-0.01,0.00,0.00,0.00,0.00,0.52,-0.14,78,-1,0,-2,0.0,-0.04,0.285,0.290,-0.18,0,26,0,176.4,0.9,165.5,93.6,0.00,0,0.0,0.0
73.25,align,349.99,0.01,0.287,1,1890.0,365.4,2.6,0.1,0.53,-0.09,92,93,-1,0.1,0.2,1.1,1.0,0.00,-0.00,0.00,0.00,0.00,0.00,0.52,-0.13,78,-1,0,-2,-0.9,-0.04,0.287,0.288,-0.20,0,26,0,176.4,0.9,165.5,93.6,0.00,0,-0.2,0.5
73.35,align,349.98,0.02,0.284,1,1890.0,365.4,2.5,0.1,0.53,-0.09,92,93,-1,0.1,0.2,1.1,1.0,-0.00,-0.00,0.00,0.00,0.00,0.00,0.52,-0.11,78,-1,0,-2,-0.9,-0.02,0.284,0.284,-0.13,0,26,0,176.4,0.9,165.5,93.6,0.00,0,-0.2,0.5
73.45,align,349.98,0.02,0.281,1,1890.1,365.4,2.5,0.1,0.53,-0.04,92,93,-1,0.1,0.1,1.1,0.9,-0.00,-0.00,0.00,0.00,0.00,0.00,0.52,-0.09,78,-1,0,-2,-1.2,-0.03,0.281,0.281,-0.06,0,26,0,176.4,0.9,165.5,93.6,0.00,0,-0.1,0.4
73.55,align,349.98,0.02,0.277,1,1890.1,365.4,2.4,0.1,0.53,-0.04,92,92,-1,0.2,0.0,1.0,0.9,-0.00,-0.00,0.00,0.00,0.00,0.00,0.53,-0.06,78,-1,0,-2,-1.2,-0.02,0.277,0.278,0.00,0,26,0,176.7,0.8,166.4,93.3,0.00,0,-0.1,0.4
73.65,align,349.99,0.01,0.274,1,1890.1,365.4,2.4,0.1,0.44,-0.02,92,92,-1,-0.1,-0.0,1.0,0.8,-0.00,0.00,0.00,0.00,0.00,0.00,0.44,-0.04,78,-1,0,-2,-1.3,-0.02,0.274,0.274,0.07,0,26,0,176.7,0.8,166.4,93.3,0.00,0,-0.1,0.5
73.75,align,350.01,-0.01,0.270,1,1890.2,365.4,2.3,0.1,0.44,0.00,92,92,-1,-0.0,-0.1,1.0,0.8,-0.00,-0.00,0.00,0.00,0.00,0.00,0.44,-0.03,78,-1,0,-2,-1.2,-0.02,0.270,0.271,0.13,0,26,0,176.7,0.8,166.4,93.3,0.00,0,-0.3,0.5
73.85,align,350.03,-0.03,0.266,1,1890.2,365.4,2.3,0.1,0.44,0.00,92,92,-1,-0.0,-0.1,1.0,0.7,-0.00,-0.00,0.00,0.00,0.00,0.00,0.44,-0.02,78,-1,0,-2,-1.2,-0.02,0.266,0.268,0.20,0,26,0,176.7,0.8,166.4,93.3,0.00,0,-0.3,0.5
73.95,align,350.06,-0.06,0.261,1,1890.3,365.4,2.2,0.1,0.44,0.02,92,92,-1,0.0,-0.2,0.9,0.7,-0.00,-0.01,0.00,0.00,0.00,0.00,0.44,0.01,78,-1,0,-2,-1.2,-0.02,0.261,0.265,0.26,0,26,0,177.2,0.6,167.6,92.8,0.00,0,-0.4,0.5
74.05,align,350.08,-0.08,0.261,1,1890.3,365.4,2.2,0.1,0.35,0.02,92,92,-1,-0.2,-0.2,0.9,0.6,0.00,0.00,0.00,0.00,0.00,0.00,0.35,0.01,78,-1,0,-2,-1.2,-0.02,0.261,0.262,0.24,0,26,0,177.2,0.6,167.6,92.8,0.00,0,-0.3,0.3
74.15,align,350.08,-0.08,0.270,1,1890.3,365.4,2.2,0.1,0.35,0.04,92,92,-1,-0.2,-0.2,0.9,0.6,0.01,0.00,0.00,0.00,0.00,0.00,0.35,0.03,78,-1,0,-2,-1.3,-0.02,0.270,0.273,0.06,0,26,0,177.2,0.6,167.6,92.8,0.00,0,-0.1,0.0
74.25,align,350.06,-0.06,0.282,1,1890.4,365.4,2.1,0.1,0.35,0.07,92,92,-1,-0.2,-0.2,0.9,0.6,0.01,-0.00,0.00,0.00,0.00,0.00,0.35,0.03,78,-1,0,-2,-1.3,-0.01,0.282,0.284,-0.16,0,26,0,177.2,0.6,167.6,92.8,0.00,0,-0.3,0.1
74.35,align,350.03,-0.03,0.289,1,1890.4,365.4,2.1,0.1,0.35,0.07,92,91,-1,-0.2,-0.3,0.9,0.6,0.01,-0.00,0.00,0.00,0.00,0.00,0.35,0.05,78,-1,0,-2,-1.3,-0.01,0.289,0.292,-0.28,0,26,0,177.7,0.6,165.8,92.3,0.00,0,-0.3,0.1
74.45,align,350.01,-0.01,0.286,1,1890.4,365.4,2.1,0.1,0.31,0.07,92,91,-1,-0.3,-0.3,0.8,0.6,0.00,-0.00,0.00,0.00,0.00,0.00,0.31,0.06,78,-1,0,-2,-1.3,-0.01,0.286,0.290,-0.21,0,26,0,177.7,0.6,165.8,92.3,0.00,0,-0.5,0.1
74.55,align,350.00,-0.00,0.284,1,1890.5,365.4,2.0,0.1,0.26,0.09,92,91,-1,-0.4,-0.4,0.7,0.6,0.01,-0.01,0.00,0.00,0.00,0.00,0.27,0.08,78,-1,0,-2,-1.4,-0.01,0.284,0.288,-0.14,0,26,0,177.7,0.6,165.8,92.3,0.00,0,-0.8,0.2
74.65,align,350.00,0.00,0.281,1,1890.5,365.4,2.0,0.1,0.26,0.09,92,91,-1,-0.4,-0.4,0.7,0.6,0.00,-0.01,0.00,0.00,0.00,0.00,0.27,0.08,78,-1,0,-2,-1.4,-0.01,0.281,0.286,-0.08,0,26,0,177.7,0.6,165.8,92.3,0.00,0,-0.8,0.2
74.75,align,350.00,0.00,0.277,1,1890.5,365.4,2.0,0.1,0.26,0.11,92,91,-1,-0.4,-0.5,0.6,0.5,0.00,-0.01,0.00,0.00,0.00,0.00,0.27,0.10,78,-1,0,-2,-1.1,-0.01,0.277,0.284,-0.01,0,26,0,178.2,0.5,164.0,91.8,0.00,0,-0.7,0.2
74.85,align,350.00,-0.00,0.274,1,1890.6,365.4,1.9,0.1,0.26,0.11,91,91,-1,-0.3,-0.5,0.5,0.5,0.00,-0.01,0.00,0.00,0.00,0.00,0.27,0.10,78,-1,0,-1,-1.3,-0.00,0.274,0.281,0.06,0,26,0,178.2,0.5,164.0,91.8,0.00,0,-1.1,0.3
74.95,align,350.02,-0.02,0.270,1,1890.6,365.5,1.9,0.0,0.18,0.13,91,91,-1,-0.3,-0.5,0.4,0.5,0.00,-0.02,0.00,0.00,0.00,0.00,0.27,0.11,78,-1,0,-1,-1.2,-0.00,0.270,0.278,0.12,0,26,0,178.2,0.5,164.0,91.8,0.00,0,-1.0,0.6
75.05,align,350.04,-0.04,0.267,1,1890.6,365.5,1.9,0.0,0.18,0.13,91,91,-1,-0.6,-0.6,0.3,0.4,-0.00,-0.01,0.00,0.00,0.00,0.00,0.18,0.13,78,-1,0,-1,-1.2,-0.00,0.267,0.273,0.16,0,26,0,178.2,0.5,164.0,91.8,0.00,0,-0.4,1.0
75.15,align,350.05,-0.05,0.268,1,1890.6,365.5,1.9,0.0,0.18,0.13,91,90,-1,-0.6,-0.6,0.3,0.3,-0.01,-0.00,0.00,0.00,0.00,0.00,0.18,0.13,78,-1,0,-1,-1.2,0.00,0.268,0.271,0.12,0,26,0,178.7,0.3,167.4,91.3,0.00,0,0.6,1.0
75.25,align,350.05,-0.05,0.272,1,1890.6,365.5,1.9,0.0,0.18,0.13,91,90,-1,-0.6,-0.6,0.4,0.2,-0.01,0.02,0.00,0.00,0.00,0.00,0.18,0.13,78,-1,0,-1,-1.2,0.00,0.272,0.281,0.04,0,26,0,178.7,0.3,167.4,91.3,0.00,0,0.6,1.0
75.35,align,350.05,-0.05,0.276,1,1890.7,365.5,1.9,-0.0,0.18,0.15,91,90,-1,-0.5,-0.6,0.5,0.2,0.00,0.02,0.00,0.00,0.00,0.00,0.18,0.13,78,-1,0,-1,-1.1,0.00,0.276,0.285,-0.04,0,26,0,178.7,0.3,167.4,91.3,0.00,0,0.8,-0.3
75.45,align,350.04,-0.04,0.279,1,1890.7,365.5,1.8,-0.0,0.18,0.15,91,90,-1,-0.5,-0.7,0.5,0.2,0.01,0.01,0.00,0.00,0.00,0.00,0.18,0.15,78,-1,0,-1,-1.1,0.01,0.279,0.290,-0.09,0,26,0,178.7,0.3,167.4,91.3,0.00,0,0.3,-0.6
75.55,align,350.03,-0.03,0.278,1,1890.7,365.5,1.8,-0.0,0.18,0.15,91,90,-1,-0.5,-0.7,0.6,0.3,0.02,0.01,0.00,0.00,0.00,0.00,0.18,0.15,78,-1,0,-1,-1.1,0.01,0.278,0.289,-0.07,0,26,0,179.1,0.3,162.7,90.9,0.00,0,0.3,-0.6
75.65,align,350.03,-0.03,0.275,1,1890.7,365.6,1.8,-0.1,0.18,0.15,91,90,-1,-0.5,-0.7,0.6,0.3,0.02,0.01,0.00,0.00,0.00,0.00,0.18,0.15,78,-1,0,-1,-1.3,0.01,0.275,0.285,0.00,0,26,0,179.1,0.3,162.7,90.9,0.00,0,0.1,-0.6
75.75,align,350.04,-0.04,0.271,1,1890.7,365.6,1.8,-0.1,0.09,0.15,90,90,-1,-0.5,-0.7,0.6,0.4,0.02,0.00,0.00,0.00,0.00,0.00,0.18,0.15,78,-1,0,-0,-1.1,0.02,0.271,0.280,0.07,0,26,0,179.1,0.3,162.7,90.9,0.00,0,-0.3,-0.3
75.85,align,350.05,-0.05,0.269,1,1890.7,365.6,1.8,-0.1,0.09,0.18,90,90,-1,-0.8,-0.7,0.5,0.4,0.01,-0.00,0.00,0.00,0.00,0.00,0.09,0.15,78,-1,0,-0,-1.1,0.01,0.269,0.274,0.10,0,26,0,179.1,0.3,162.7,90.9,0.00,0,-0.8,0.6
75.95,align,350.06,-0.06,0.270,1,1890.7,365.6,1.8,-0.1,0.09,0.18,90,89,-1,-0.8,-0.8,0.5,0.3,-0.00,-0.01,0.00,0.00,0.00,0.00,0.09,0.18,78,-1,0,-0,-1.1,0.02,0.270,0.274,0.07,0,26,0,179.6,0.3,142.4,90.4,0.00,0,-0.9,1.8
76.05,align,350.06,-0.06,0.274,1,1890.8,365.6,1.8,-0.1,0.09,0.18,90,89,-1,-0.8,-0.8,0.4,0.1,-0.02,-0.01,0.00,0.00,0.00,0.00,0.09,0.18,78,-1,0,-0,-1.0,0.02,0.274,0.286,-0.01,0,26,0,179.6,0.3,142.4,90.4,0.00,0,-1.0,2.4
76.15,align,350.06,-0.06,0.275,1,1890.8,365.6,1.7,-0.1,0.09,0.18,90,89,-1,-0.8,-0.8,0.3,-0.1,-0.03,-0.01,0.00,0.00,0.00,0.00,0.09,0.18,78,-1,0,0,-1.0,0.02,0.275,0.292,-0.03,0,26,0,179.6,0.3,142.4,90.4,0.00,0,-1.0,2.4
76.25,align,350.06,-0.06,0.273,1,1890.8,365.7,1.7,-0.2,0.09,0.18,90,89,-1,-0.8,-0.8,0.2,-0.4,-0.03,-0.01,0.00,0.00,0.00,0.00,0.09,0.18,78,-1,0,0,-1.0,0.02,0.273,0.288,0.00,0,26,0,179.6,0.3,142.4,90.4,0.00,0,-0.9,2.2
76.35,align,350.07,-0.07,0.273,1,1890.8,365.7,1.7,-0.2,0.09,0.14,90,89,-1,-0.8,-0.7,0.1,-0.5,-0.02,-0.00,0.00,0.00,0.00,0.00,0.09,0.15,78,-1,0,0,-0.7,0.02,0.273,0.283,-0.00,0,26,0,180.0,359.5,271.3,90.0,0.00,0,-0.2,0.6
76.45,align,350.06,-0.06,0.275,1,1890.8,365.7,1.7,-0.2,0.09,0.12,90,89,-1,-0.8,-0.7,0.1,-0.5,-0.00,-0.00,0.00,0.00,0.00,0.00,0.09,0.14,78,-1,0,0,-0.5,0.02,0.275,0.278,-0.04,0,26,0,180.0,359.5,271.3,90.0,0.00,0,-0.4,-0.6
76.55,align,350.04,-0.04,0.280,1,1890.8,365.7,1.7,-0.2,0.09,0.12,90,89,-1,-0.7,-0.7,0.1,-0.4,0.02,-0.00,0.00,0.00,0.00,0.00,0.09,0.12,78,-1,0,0,-0.5,0.02,0.280,0.288,-0.12,0,26,0,180.0,359.5,271.3,90.0,0.00,0,-0.4,-0.6
76.65,align,350.03,-0.03,0.282,1,1890.8,365.7,1.7,-0.2,0.09,0.09,89,89,-1,-0.7,-0.6,0.0,-0.3,0.03,-0.01,0.00,0.00,0.00,0.00,0.09,0.11,78,-1,0,1,-0.2,0.02,0.282,0.295,-0.14,0,26,0,180.0,359.5,271.3,90.0,0.00,0,-0.7,-1.6
76.75,align,350.02,-0.02,0.279,1,1890.8,365.7,1.7,-0.2,0.09,0.09,89,89,-1,-0.7,-0.6,-0.0,-0.1,0.03,-0.01,0.00,0.00,0.00,0.00,0.09,0.09,78,-1,0,1,-0.2,0.02,0.279,0.293,-0.07,0,26,0,180.2,359.9,325.0,89.8,0.00,0,-0.7,-1.6
76.85,descend,350.02,-0.02,0.120,1,1890.8,365.7,1.7,-0.2,0.09,0.09,89,89,-1,-0.7,-0.6,-0.1,0.0,0.03,-0.01,0.00,0.00,0.00,0.00,0.09,0.09,78,-1,0,1,-0.0,0.02,0.120,0.137,-0.01,0,26,0,180.2,359.9,325.0,89.8,0.00,0,-0.7,-1.4
76.95,descend,350.02,-253.52,0.120,1,1890.8,365.7,1.7,-0.2,0.09,0.09,89,89,-1,-0.7,-0.6,-0.2,0.1,0.02,-0.01,0.00,0.00,0.00,0.00,0.09,0.09,78,-1,0,1,-0.0,0.02,0.120,0.133,0.03,0,26,0,180.2,359.9,325.0,89.8,0.00,0,-0.7,-1.4
77.05,descend,349.98,-253.48,0.120,1,1890.8,365.8,1.7,-0.2,0.09,0.09,89,89,-1,-0.7,-0.6,-0.2,0.2,0.01,-0.00,0.00,0.00,0.00,0.00,0.09,0.09,78,-1,0,1,0.0,0.01,0.120,0.126,-0.25,0,26,0,180.2,359.9,325.0,89.8,0.00,0,0.0,0.0
77.15,descend,349.86,-253.36,0.120,1,1890.9,365.8,1.7,-0.3,0.09,0.09,89,89,-1,-0.7,-0.6,-0.2,0.2,0.00,0.01,0.00,0.00,0.00,0.00,0.09,0.09,78,-1,0,1,0.1,0.02,0.120,0.124,-0.98,0,26,0,180.2,0.2,46.5,89.8,0.00,0,0.2,0.2
77.25,descend,349.67,-253.17,0.120,1,1890.9,365.8,1.6,-0.3,0.09,0.09,89,89,-1,-0.7,-0.6,-0.1,0.1,-0.00,0.01,0.00,0.00,0.00,0.00,0.09,0.09,78,-1,0,1,0.1,0.02,0.120,0.124,-1.73,0,26,0,180.2,0.2,46.5,89.8,0.00,0,0.2,0.2
77.35,descend,349.40,-252.90,0.120,1,1890.9,365.8,1.6,-0.3,0.09,0.09,89,89,-1,-0.7,-0.6,-0.0,0.0,-0.00,0.01,0.00,0.00,0.00,0.00,0.09,0.09,78,-1,0,1,0.4,0.01,0.120,0.125,-2.52,0,26,0,180.2,0.2,46.5,89.8,0.00,0,0.5,0.6
77.45,descend,349.05,-252.55,0.120,1,1890.9,365.8,1.6,-0.3,0.09,0.09,89,89,-1,-0.7,-0.6,0.0,-0.0,-0.00,0.01,0.00,0.00,0.00,0.00,0.09,0.09,78,-1,0,1,0.4,0.01,0.120,0.125,-3.30,0,26,0,180.2,0.2,46.5,89.8,0.00,0,0.5,0.6
77.55,descend,348.51,-252.01,0.120,1,1890.9,365.8,1.6,-0.3,0.09,0.09,89,89,-1,-0.7,-0.6,0.1,-0.1,-0.00,0.01,0.00,0.00,0.00,0.00,0.09,0.09,78,-1,0,1,0.6,0.01,0.120,0.125,-4.08,0,26,0,180.0,359.9,264.6,90.0,0.00,0,0.7,0.9
77.65,descend,348.12,-251.62,0.120,1,1890.9,365.8,1.6,-0.3,0.09,0.09,89,89,-1,-0.7,-0.6,0.1,-0.1,-0.00,0.01,0.00,0.00,0.00,0.00,0.09,0.09,78,-1,0,1,0.2,0.01,0.120,0.125,-4.84,0,26,0,180.0,359.9,264.6,90.0,0.00,0,0.2,0.3
77.75,descend,347.54,-251.04,0.120,1,1890.9,365.8,1.6,-0.3,0.09,0.09,89,89,-1,-0.7,-0.6,0.1,-0.2,-0.00,0.01,0.00,0.00,0.00,0.00,0.09,0.09,78,-1,0,1,0.2,0.02,0.120,0.126,-5.61,0,26,0,180.0,359.9,264.6,90.0,0.00,0,0.2,0.3
77.85,descend,346.54,-250.04,0.120,1,1890.9,365.8,1.6,-0.3,0.09,0.09,89,89,-1,-0.7,-0.6,0.2,-0.3,-0.01,0.01,0.00,0.00,0.00,0.00,0.09,0.09,78,-1,0,1,0.5,0.01,0.120,0.126,-6.36,0,26,0,180.0,359.9,264.6,90.0,0.00,0,0.4,0.8
77.95,descend,346.16,-249.66,0.120,1,1890.9,365.8,1.6,-0.3,0.09,0.09,89,89,-1,-0.7,-0.6,0.2,-0.3,-0.01,0.01,0.00,0.00,0.00,0.00,0.09,0.09,78,-1,0,1,0.5,0.01,0.120,0.126,-7.11,0,26,0,179.8,359.7,241.8,90.2,0.00,0,0.4,0.8
78.05,descend,345.36,-248.86,0.120,1,1890.9,365.8,1.6,-0.3,0.09,0.09,89,89,-1,-0.7,-0.6,0.2,-0.4,-0.01,0.01,0.00,0.00,0.00,0.00,0.09,0.09,78,-1,0,1,0.5,0.01,0.120,0.126,-7.85,0,26,0,179.8,359.7,241.8,90.2,0.00,0,0.3,0.8
78.15,descend,344.48,-247.98,0.120,1,1890.9,365.8,1.6,-0.3,0.09,0.09,89,89,-1,-0.7,-0.7,0.3,-0.5,-0.01,0.01,0.00,0.00,0.00,0.00,0.09,0.09,78,-1,0,1,0.2,0.01,0.120,0.126,-8.58,0,26,0,179.8,359.7,241.8,90.2,0.00,0,0.1,0.3
78.25,descend,343.54,-247.04,0.120,1,1891.0,365.9,1.6,-0.3,0.09,0.09,89,89,-1,-0.7,-0.7,0.3,-0.5,-0.01,0.01,0.00,0.00,0.00,0.00,0.09,0.09,78,-1,0,1,0.4,0.01,0.120,0.126,-9.31,0,26,0,179.8,359.7,241.8,90.2,0.00,0,0.2,0.6
78.35,descend,342.52,-246.02,0.120,1,1891.0,365.9,1.5,-0.4,0.09,0.07,89,89,-1,-0.7,-0.7,0.3,-0.6,-0.01,0.01,0.00,0.00,0.00,0.00,0.09,0.09,78,-1,0,1,0.5,0.01,0.120,0.127,-10.03,0,26,0,179.7,359.4,240.2,90.3,0.00,0,0.2,0.8
78.45,descend,341.42,-244.92,0.120,1,1891.0,365.9,1.5,-0.4,0.09,0.07,89,89,-1,-0.7,-0.6,0.3,-0.7,-0.01,0.01,0.00,0.00,0.00,0.00,0.09,0.07,78,-1,0,1,0.5,0.01,0.120,0.127,-10.75,0,26,0,179.7,359.4,240.2,90.3,0.00,0,0.2,0.8
78.55,descend,340.26,-243.76,0.120,1,1891.0,365.9,1.5,-0.4,0.09,0.07,89,89,-1,-0.7,-0.6,0.3,-0.7,-0.01,0.01,0.00,0.00,0.00,0.00,0.09,0.07,78,-1,0,1,0.3,0.01,0.120,0.127,-11.46,0,26,0,179.7,359.4,240.2,90.3,0.00,0,0.1,0.5
78.65,descend,339.03,-242.53,0.120,1,1891.0,365.9,1.5,-0.4,0.09,0.07,89,89,-1,-0.7,-0.6,0.3,-0.8,-0.01,0.01,0.00,0.00,0.00,0.00,0.09,0.07,78,-1,0,1,0.2,0.01,0.120,0.127,-12.16,0,26,0,179.7,359.4,240.2,90.3,0.00,0,0.0,0.3
78.75,descend,337.73,-241.23,0.120,1,1891.0,365.9,1.5,-0.4,0.09,0.07,89,89,-1,-0.7,-0.6,0.3,-0.9,-0.01,0.01,0.00,0.00,0.00,0.00,0.09,0.07,78,-1,0,1,0.5,0.01,0.120,0.127,-12.86,0,26,0,179.5,359.1,240.1,90.5,0.00,0,-0.0,0.8
78.85,descend,336.36,-239.86,0.120,1,1891.0,365.9,1.5,-0.4,0.09,0.07,89,89,-1,-0.7,-0.6,0.3,-0.9,-0.01,0.01,0.00,0.00,0.00,0.00,0.09,0.07,78,-1,0,1,0.5,0.01,0.120,0.127,-13.55,0,26,0,179.5,359.1,240.1,90.5,0.00,0,-0.0,0.8
78.95,descend,334.92,-238.42,0.120,1,1891.0,365.9,1.5,-0.4,0.09,0.04,89,89,-1,-0.7,-0.6,0.3,-1.0,-0.01,0.00,0.00,0.00,0.00,0.00,0.09,0.04,78,-1,0,1,0.3,0.01,0.120,0.128,-14.23,0,26,0,179.5,359.1,240.1,90.5,0.00,0,-0.0,0.6
79.05,descend,333.41,-236.91,0.120,1,1891.0,365.9,1.5,-0.4,0.09,0.04,89,89,-1,-0.6,-0.6,0.3,-1.1,-0.02,0.00,0.00,0.00,0.00,0.00,0.09,0.04,78,-1,0,1,0.4,0.01,0.120,0.128,-14.91,0,26,0,179.5,359.1,240.1,90.5,0.00,0,-0.1,0.8
79.15,descend,331.84,-235.34,0.120,1,1891.0,365.9,1.5,-0.4,0.09,0.04,89,90,-1,-0.6,-0.6,0.3,-1.1,-0.02,0.00,0.00,0.00,0.00,0.00,0.09,0.04,78,-1,0,1,0.4,0.00,0.120,0.128,-15.58,0,26,0,179.4,358.9,240.3,90.6,0.00,0,-0.1,0.8
79.25,descend,330.20,-233.70,0.120,1,1891.0,365.9,1.5,-0.4,0.09,0.04,89,90,-1,-0.6,-0.6,0.3,-1.2,-0.02,0.00,0.00,0.00,0.00,0.00,0.09,0.04,78,-1,0,1,0.3,0.00,0.120,0.128,-16.24,0,26,0,179.4,358.9,240.3,90.6,0.00,0,-0.1,0.6
79.35,descend,328.49,-231.99,0.120,1,1891.0,365.9,1.5,-0.4,0.09,0.02,89,90,-1,-0.6,-0.5,0.3,-1.3,-0.02,0.00,0.00,0.00,0.00,0.00,0.09,0.02,78,-1,0,1,0.4,0.00,0.120,0.128,-16.90,0,26,0,179.4,358.9,240.3,90.6,0.00,0,-0.3,0.8
79.45,descend,326.72,-230.22,0.120,1,1891.0,365.9,1.5,-0.4,0.09,0.02,89,90,-1,-0.6,-0.5,0.2,-1.3,-0.02,0.00,0.00,0.00,0.00,0.00,0.09,0.02,78,-1,0,1,0.4,0.00,0.120,0.128,-17.56,0,26,0,179.4,358.9,240.3,90.6,0.00,0,-0.3,0.8
79.55,descend,324.89,-228.39,0.120,1,1891.1,365.9,1.4,-0.4,0.00,0.00,90,90,-1,-0.6,-0.5,0.2,-1.4,-0.02,0.00,0.00,0.00,0.00,0.00,0.09,0.02,78,-1,0,0,0.4,0.00,0.120,0.128,-18.20,0,26,0,179.2,358.6,240.6,90.8,0.00,0,-0.3,0.8
79.65,descend,322.99,-226.49,0.120,1,1891.1,365.9,1.4,-0.4,0.00,0.00,90,90,-1,-0.9,-0.5,0.2,-1.5,-0.02,0.00,0.00,0.00,0.00,0.00,0.00,0.00,78,-1,0,0,0.2,0.00,0.120,0.130,-18.85,0,26,0,179.2,358.6,240.6,90.8,0.00,0,-0.2,0.5
79.75,descend,321.03,-224.53,0.120,1,1891.1,365.9,1.4,-0.4,0.00,0.00,90,90,-1,-0.9,-0.5,0.1,-1.6,-0.02,0.00,0.00,0.00,0.00,0.00,0.00,0.00,78,-1,0,0,0.2,0.00,0.120,0.130,-19.48,0,26,0,179.2,358.6,240.6,90.8,0.00,0,-0.2,0.5
79.85,descend,319.00,-222.50,0.120,1,1891.1,365.9,1.4,-0.4,0.00,0.00,90,90,-1,-0.9,-0.5,0.1,-1.6,-0.02,0.00,0.00,0.00,0.00,0.00,0.00,0.00,78,-1,0,0,0.3,0.00,0.120,0.130,-20.11,0,26,0,179.2,358.6,240.6,90.8,0.00,0,-0.4,0.7
79.95,descend,316.91,-220.41,0.120,1,1891.1,365.9,1.4,-0.4,0.00,-0.02,90,90,-1,-0.9,-0.4,0.1,-1.7,-0.02,0.00,0.00,0.00,0.00,0.00,0.00,-0.02,78,-1,0,0,0.3,0.00,0.120,0.130,-20.74,0,26,0,179.1,358.3,241.1,90.9,0.00,0,-0.4,0.7
80.05,descend,314.76,-218.26,0.120,1,1891.1,365.9,1.4,-0.4,0.00,-0.02,90,90,-1,-0.9,-0.4,0.0,-1.8,-0.03,-0.00,0.00,0.00,0.00,0.00,0.00,-0.02,78,-1,0,0,0.2,-0.00,0.120,0.130,-21.35,0,26,0,179.1,358.3,241.1,90.9,0.00,0,-0.3,0.4
80.15,descend,312.55,-216.05,0.120,1,1891.1,365.9,1.4,-0.4,0.00,-0.02,90,90,-1,-0.9,-0.4,-0.0,-1.9,-0.03,-0.00,0.00,0.00,0.00,0.00,0.00,-0.02,78,-1,0,0,0.2,0.00,0.120,0.131,-21.96,0,26,0,179.1,358.3,241.1,90.9,0.00,0,-0.3,0.4
80.25,descend,310.28,-213.78,0.120,1,1891.1,365.9,1.4,-0.4,0.00,-0.03,90,90,-1,-0.9,-0.4,-0.1,-1.9,-0.03,-0.00,0.00,0.00,0.00,0.00,0.00,-0.03,78,-1,0,0,0.3,-0.00,0.120,0.132,-22.56,0,26,0,179.1,358.3,241.1,90.9,0.00,0,-0.5,0.7
80.35,descend,307.95,-211.45,0.120,1,1891.1,365.9,1.4,-0.4,0.00,-0.04,90,90,-1,-0.9,-0.3,-0.1,-2.0,-0.03,-0.00,0.00,0.00,0.00,0.00,0.00,-0.04,78,-1,0,0,0.4,-0.00,0.120,0.133,-23.16,0,26,0,178.9,358.0,241.7,91.1,0.00,0,-0.7,1.0
80.45,descend,305.57,-209.07,0.120,1,1891.1,365.9,1.4,-0.4,0.00,-0.04,90,90,-1,-0.9,-0.3,-0.2,-2.1,-0.03,-0.00,0.00,0.00,0.00,0.00,0.00,-0.04,78,-1,0,0,0.3,-0.01,0.120,0.134,-23.74,0,26,0,178.9,358.0,241.7,91.1,0.00,0,-0.6,0.9
80.55,descend,303.12,-206.62,0.120,1,1891.1,365.9,1.4,-0.4,0.00,-0.04,90,90,-1,-0.9,-0.3,-0.2,-2.2,-0.03,-0.00,0.00,0.00,0.00,0.00,0.00,-0.04,78,-1,0,0,0.2,-0.00,0.120,0.135,-24.33,0,26,0,178.9,358.0,241.7,91.1,0.00,0,-0.3,0.5
80.65,descend,300.62,-204.12,0.120,1,1891.1,365.9,1.4,-0.4,0.00,-0.04,90,90,-1,-0.9,-0.3,-0.3,-2.2,-0.03,-0.00,0.00,0.00,0.00,0.00,0.00,-0.04,78,-1,0,0,0.2,-0.00,0.120,0.131,-24.87,0,26,0,178.9,358.0,241.7,91.1,0.00,0,-0.3,0.5
80.75,descend,298.07,-201.57,0.120,1,1891.1,365.9,1.4,-0.4,0.00,-0.07,90,90,-1,-0.9,-0.2,-0.2,-2.2,-0.02,0.01,0.00,0.00,0.00,0.00,0.00,-0.07,78,-1,0,0,0.2,-0.01,0.120,0.131,-25.37,0,26,0,178.8,357.8,241.4,91.2,0.00,0,0.4,-0.4
80.85,descend,295.47,-198.97,0.120,1,1891.1,365.9,1.4,-0.4,0.00,-0.07,90,90,-1,-0.9,-0.2,-0.2,-2.2,-0.02,0.01,0.00,0.00,0.00,0.00,-0.00,-0.07,78,-1,0,-0,0.2,-0.00,0.120,0.131,-25.88,0,26,0,178.8,357.8,241.4,91.2,0.00,0,0.4,-0.4
80.95,descend,292.81,-196.31,0.120,1,1891.1,365.9,1.4,-0.4,0.00,-0.07,90,90,-1,-0.9,-0.2,-0.2,-2.1,-0.02,0.01,0.00,0.00,0.00,0.00,-0.00,-0.07,78,-1,0,-0,0.1,-0.00,0.120,0.131,-26.44,0,26,0,178.8,357.8,241.4,91.2,0.00,0,0.4,-0.5
81.05,descend,290.10,-193.60,0.120,1,1891.1,365.9,1.4,-0.4,0.00,-0.07,90,90,-1,-0.9,-0.2,-0.1,-2.1,-0.02,0.01,0.00,0.00,0.00,0.00,-0.00,-0.07,78,-1,0,-0,0.0,-0.00,0.120,0.130,-26.99,0,26,0,178.8,357.8,241.4,91.2,0.00,0,0.0,0.0
81.25,descend,284.51,-188.01,0.120,1,1891.1,365.9,1.4,-0.4,0.00,-0.07,90,90,-1,-0.9,-0.2,-0.1,-2.0,-0.02,0.01,0.00,0.00,0.00,0.00,-0.00,-0.07,78,-1,0,-0,0.1,-0.00,0.120,0.130,-28.07,0,26,0,178.8,357.9,238.9,91.2,0.00,0,0.5,-0.7
81.45,descend,278.71,-182.21,0.120,1,1891.1,365.8,1.4,-0.3,0.00,-0.07,90,90,-1,-0.9,-0.2,-0.0,-2.0,-0.02,0.01,0.00,0.00,0.00,0.00,-0.00,-0.07,78,-1,0,-0,0.1,-0.00,0.120,0.130,-29.13,0,26,0,178.8,357.9,238.9,91.2,0.00,0,0.3,-0.6
81.65,descend,272.70,-176.20,0.120,1,1891.1,365.8,1.4,-0.3,0.00,-0.07,90,90,-1,-0.9,-0.2,-0.0,-1.9,-0.02,0.01,0.00,0.00,0.00,0.00,-0.00,-0.07,78,-1,0,-0,0.1,-0.00,0.120,0.130,-30.16,0,26,0,178.7,358.1,237.1,91.2,0.00,0,0.3,-0.8
81.85,descend,266.49,-169.99,0.120,1,1891.1,365.8,1.4,-0.3,0.00,-0.07,90,90,-1,-0.9,-0.2,-0.0,-1.9,-0.02,0.01,0.00,0.00,0.00,0.00,-0.00,-0.07,78,-1,0,-0,0.0,-0.00,0.120,0.130,-31.18,0,26,0,178.7,358.1,237.1,91.2,0.00,0,-0.1,-0.5
82.05,descend,260.08,-163.58,0.120,1,1891.1,365.8,1.4,-0.3,0.00,-0.05,90,90,-1,-0.9,-0.2,-0.0,-1.8,-0.02,0.01,0.00,0.00,0.00,0.00,-0.00,-0.05,78,-1,0,-0,0.0,-0.00,0.120,0.130,-32.17,0,26,0,178.7,358.1,235.9,91.3,0.00,0,0.0,0.0
82.25,descend,252.64,-156.14,0.120,1,1891.1,365.8,1.4,-0.3,0.00,-0.04,90,90,-1,-0.9,-0.3,-0.1,-1.8,-0.02,0.01,0.00,0.00,0.00,0.00,-0.00,-0.04,78,-1,0,-0,0.0,-0.00,0.120,0.130,-33.14,0,26,0,178.7,358.1,235.9,91.3,0.00,0,0.0,0.0
82.45,descend,246.68,-150.18,0.120,1,1891.1,365.8,1.4,-0.3,0.00,-0.04,90,90,-1,-0.9,-0.3,-0.1,-1.8,-0.02,0.00,0.00,0.00,0.00,0.00,-0.00,-0.04,78,-1,0,-0,-0.0,-0.00,0.120,0.129,-34.10,0,26,0,178.7,358.2,235.3,91.3,0.00,0,-0.5,-0.0
82.65,descend,239.70,-143.20,0.120,1,1891.1,365.8,1.4,-0.3,0.00,-0.02,90,90,-1,-0.9,-0.3,-0.2,-1.8,-0.02,0.00,0.00,0.00,0.00,0.00,-0.00,-0.03,78,-1,0,-0,-0.0,-0.00,0.120,0.129,-35.03,0,26,0,178.7,358.2,235.3,91.3,0.00,0,-0.5,0.1
82.85,descend,230.71,-134.21,0.120,1,1891.1,365.8,1.4,-0.3,0.00,-0.02,90,90,-1,-0.9,-0.3,-0.2,-1.8,-0.02,0.00,0.00,0.00,0.00,0.00,-0.00,-0.02,78,-1,0,-0,-0.0,-0.00,0.120,0.129,-35.94,0,26,0,178.8,358.2,235.4,91.2,0.00,0,-0.2,0.0
83.05,descend,225.19,-128.69,0.120,1,1891.1,365.8,1.4,-0.3,0.00,0.00,90,90,-1,-0.9,-0.3,-0.3,-1.8,-0.02,-0.00,0.00,0.00,0.00,0.00,-0.00,-0.02,78,-1,0,-0,-0.0,-0.00,0.120,0.130,-36.83,0,26,0,178.8,358.2,235.4,91.2,0.00,0,-0.3,0.1
83.25,descend,217.67,-121.17,0.120,1,1891.1,365.8,1.4,-0.3,0.00,0.00,90,90,-1,-0.9,-0.4,-0.4,-1.9,-0.02,-0.00,0.00,0.00,0.00,0.00,0.00,0.00,78,-1,0,-0,-0.1,-0.00,0.120,0.131,-37.70,0,26,0,178.8,358.2,236.2,91.2,0.00,0,-0.9,0.3
83.45,descend,209.98,-113.48,0.120,1,1891.1,365.8,1.4,-0.3,0.00,0.02,90,90,-1,-0.9,-0.4,-0.6,-1.9,-0.02,-0.01,0.00,0.00,0.00,0.00,0.00,0.02,78,-1,0,-0,-0.0,-0.00,0.120,0.132,-38.56,0,26,0,178.8,358.2,236.2,91.2,0.00,0,-0.5,0.2
83.65,descend,202.13,-105.63,0.120,1,1891.1,365.8,1.4,-0.3,0.00,0.04,90,90,-1,-0.9,-0.4,-0.7,-2.0,-0.03,-0.01,0.00,0.00,0.00,0.00,0.00,0.02,78,-1,0,-0,-0.1,-0.01,0.120,0.134,-39.39,0,26,0,178.8,358.1,237.5,91.2,0.00,0,-1.0,0.4
83.85,descend,194.11,-97.61,0.120,1,1891.1,365.8,1.4,-0.3,0.00,0.04,90,90,-1,-0.9,-0.5,-0.8,-2.0,-0.02,-0.01,0.00,0.00,0.00,0.00,0.00,0.04,78,-1,0,-0,0.0,-0.01,0.120,0.131,-40.18,0,26,0,178.8,358.1,237.5,91.2,0.00,0,0.0,0.0
84.05,descend,185.95,-89.45,0.190,1,1891.1,365.8,1.4,-0.3,0.00,0.05,90,90,-1,-0.9,-0.6,-0.8,-1.9,-0.01,0.01,0.00,0.00,0.00,0.00,0.00,0.05,78,-1,0,-0,-0.1,-0.00,0.190,0.196,-40.85,0,26,0,178.8,358.1,237.9,91.2,0.00,0,0.3,-0.9
84.25,descend,177.66,-81.16,0.330,1,1891.1,365.8,1.4,-0.3,0.00,0.07,90,90,-1,-0.9,-0.6,-0.7,-1.7,-0.01,0.00,0.00,0.00,0.00,0.00,0.00,0.07,78,-1,0,-0,-0.1,-0.00,0.330,0.335,-41.52,0,26,0,178.8,358.1,237.9,91.2,0.00,0,0.2,-1.0
84.45,descend,169.41,-72.91,0.431,1,1891.1,365.8,1.4,-0.3,0.00,0.03,90,90,-1,-1.0,-0.6,-0.8,-1.6,-0.00,-0.01,0.00,0.00,0.00,0.00,0.00,0.05,78,-1,0,-0,-0.1,-0.00,0.431,0.435,-41.17,0,26,0,178.8,358.4,234.7,91.2,0.00,0,-0.8,-1.0
84.65,descend,161.44,-64.94,0.481,1,1891.1,365.8,1.4,-0.3,0.00,-0.02,90,90,-1,-1.0,-0.4,-1.0,-1.4,-0.00,-0.02,0.00,0.00,0.00,0.00,0.00,0.01,78,-1,0,-0,-0.1,-0.00,0.481,0.489,-39.66,0,26,0,178.8,358.4,234.7,91.2,0.00,0,-1.1,-1.1
84.85,descend,153.90,-57.40,0.493,1,1891.1,365.8,1.4,-0.3,0.09,-0.07,90,90,-1,-0.7,-0.3,-1.2,-1.1,0.00,-0.02,0.00,0.00,0.00,0.00,0.09,-0.04,78,-1,0,-0,-0.1,-0.00,0.493,0.503,-37.38,0,26,0,178.9,358.8,227.3,91.1,0.00,0,-1.1,-1.2
85.05,descend,146.88,-50.38,0.486,1,1891.1,365.8,1.4,-0.3,0.18,-0.11,90,90,-1,-0.7,-0.1,-1.5,-0.9,0.00,-0.03,0.00,0.00,0.00,0.00,0.09,-0.09,78,-1,0,-0,-0.1,-0.00,0.486,0.499,-34.76,0,26,0,178.9,358.8,227.3,91.1,0.00,0,-1.6,-1.0
85.25,descend,140.37,-43.87,0.479,1,1891.1,365.8,1.4,-0.3,0.18,-0.13,90,90,-1,-0.4,0.0,-1.8,-0.7,-0.00,-0.05,0.00,0.00,0.00,0.00,0.18,-0.13,78,-1,0,-0,-0.1,-0.00,0.479,0.498,-32.18,0,26,0,178.9,359.2,214.3,91.1,0.00,0,-2.0,-1.0
85.45,descend,134.36,-37.86,0.476,1,1891.2,365.7,1.3,-0.2,0.31,-0.15,90,90,-1,0.0,0.1,-2.1,-0.5,-0.00,-0.03,0.00,0.00,0.00,0.00,0.31,-0.15,78,-1,0,-0,-0.1,-0.00,0.476,0.490,-29.71,0,26,0,178.9,359.2,214.3,91.1,0.00,0,-1.1,-0.7
85.65,descend,128.80,-32.30,0.486,1,1891.3,365.7,1.2,-0.2,0.48,-0.18,90,90,-1,0.6,0.2,-1.6,-0.4,-0.01,0.03,0.00,0.00,0.00,0.00,0.48,-0.18,78,-1,0,-0,-0.1,-0.00,0.486,0.499,-27.53,0,26,0,178.9,359.6,202.0,91.1,0.00,0,2.8,-0.6
85.85,descend,123.70,-27.20,0.489,1,1891.4,365.7,1.1,-0.2,0.62,-0.18,90,90,-1,1.1,0.2,-0.8,-0.3,-0.01,0.04,0.00,0.00,0.00,0.00,0.61,-0.18,78,-1,0,-0,-0.0,-0.00,0.489,0.510,-25.19,0,26,0,178.9,359.6,202.0,91.1,0.00,0,4.3,-0.4
86.05,descend,119.08,-22.58,0.488,1,1891.5,365.6,1.0,-0.1,0.57,-0.18,90,90,-1,1.0,0.2,-0.1,-0.3,-0.01,0.03,0.00,0.00,0.00,0.00,0.57,-0.18,78,-1,0,-0,-0.0,-0.00,0.488,0.505,-22.81,0,26,0,179.0,359.7,195.4,91.0,0.00,0,3.2,-0.2
86.25,descend,114.93,-18.43,0.489,1,1891.6,365.6,0.9,-0.1,0.44,-0.20,90,90,-1,0.7,0.3,0.1,-0.3,-0.01,-0.01,0.00,0.00,0.00,0.00,0.44,-0.20,78,-1,0,-0,-0.0,-0.00,0.489,0.496,-20.47,0,26,0,179.0,359.7,195.4,91.0,0.00,0,0.6,-0.1
86.45,descend,111.23,-14.73,0.492,1,1891.7,365.5,0.8,-0.1,0.35,-0.20,90,90,-1,0.5,0.3,-0.1,-0.3,-0.02,-0.03,0.00,0.00,0.00,0.00,0.35,-0.20,78,-1,0,-0,-0.0,-0.00,0.492,0.511,-18.18,0,26,0,179.0,359.7,193.8,91.0,0.00,0,-1.9,0.1
86.65,descend,107.99,-11.49,0.497,1,1891.7,365.5,0.8,-0.0,0.35,-0.20,90,90,-1,0.5,0.4,-0.6,-0.3,-0.02,-0.05,0.00,0.00,0.00,0.00,0.35,-0.20,78,-1,0,-0,-0.0,-0.00,0.497,0.525,-15.94,0,26,0,179.0,359.7,193.8,91.0,0.00,0,-2.5,0.2
86.85,descend,105.19,-8.69,0.507,1,1891.8,365.5,0.7,0.0,0.35,-0.20,90,90,-1,0.6,0.4,-1.0,-0.4,-0.02,-0.05,0.00,0.00,0.00,0.00,0.35,-0.20,78,-1,0,-0,-0.0,-0.00,0.507,0.535,-13.74,0,26,0,179.0,359.7,197.3,91.0,0.00,0,-2.0,0.3
87.05,descend,102.82,-6.32,0.521,1,1892.0,365.4,0.6,0.1,0.62,-0.22,90,90,-1,1.1,0.5,-1.1,-0.4,-0.02,-0.02,0.00,0.00,0.00,0.00,0.53,-0.22,78,-1,0,-0,0.0,-0.00,0.521,0.536,-11.57,0,26,0,179.0,359.7,197.3,91.0,0.00,0,2.1,-0.2
87.25,descend,100.90,-4.40,0.554,1,1892.0,365.4,0.5,0.1,0.70,-0.22,90,90,-1,1.8,0.5,-0.4,-0.3,-0.01,0.04,0.00,0.00,0.00,0.00,0.70,-0.22,78,-1,0,-0,0.1,-0.00,0.554,0.571,-9.32,0,26,0,179.0,359.6,200.7,91.0,0.00,0,3.9,-0.7
87.45,descend,99.48,-2.98,0.372,1,1892.2,365.3,0.3,0.1,0.62,-0.20,90,90,-1,1.8,0.5,0.4,-0.1,-0.00,0.04,0.00,0.00,0.00,0.00,0.70,-0.22,78,-1,0,-0,-0.0,-0.00,0.372,0.386,-6.76,0,26,0,179.0,359.6,200.7,91.0,0.00,0,1.9,-0.4
87.65,descend,98.64,-2.14,0.344,1,1892.3,365.3,0.2,0.2,0.48,-0.16,90,90,-1,1.3,0.4,0.5,-0.1,-0.02,-0.03,0.00,0.00,0.00,0.00,0.48,-0.17,78,-1,0,-0,-0.1,0.00,0.344,0.364,-3.82,0,26,0,179.0,359.9,184.0,91.0,0.00,0,-0.3,0.3
87.85,descend,98.02,-1.52,0.276,1,1892.4,365.3,0.1,0.2,0.35,-0.10,90,90,-1,0.9,0.3,-0.1,-0.4,-0.04,-0.06,0.00,0.00,0.00,0.00,0.35,-0.11,78,-1,0,-0,-0.3,0.00,0.276,0.317,-2.51,0,26,0,179.0,359.9,184.0,91.0,0.00,0,-2.9,1.8
88.05,descend,97.75,-1.25,0.239,1,1892.4,365.3,0.1,0.2,0.35,-0.09,90,90,-1,1.0,0.2,-0.6,-0.8,-0.05,-0.05,0.00,0.00,0.00,0.00,0.35,-0.09,78,-1,0,-0,-0.6,0.01,0.239,0.279,-1.79,0,26,0,179.0,359.4,212.1,91.0,0.00,0,-2.4,1.9
88.25,descend,97.41,-0.91,0.236,1,1892.5,365.3,0.0,0.2,0.31,-0.03,90,90,-1,1.0,0.1,-0.8,-1.2,-0.05,-0.04,0.00,0.00,0.00,0.00,0.35,-0.07,78,-1,0,-0,-1.6,0.03,0.236,0.273,-1.76,0,26,0,179.0,359.4,212.1,91.0,0.00,0,-0.8,2.1
88.45,descend,97.05,-0.55,0.238,1,1892.6,365.3,-0.1,0.2,0.26,0.00,90,90,-1,0.8,-0.0,-1.1,-1.6,-0.07,-0.04,0.00,0.00,0.00,0.00,0.26,0.00,78,-1,0,0,-1.7,0.04,0.238,0.282,-1.81,0,26,0,179.5,358.6,249.3,90.5,0.00,0,-1.0,2.4
88.55,capture,96.97,-0.47,0.326,1,1892.5,365.4,-0.1,0.2,-0.02,0.10,90,90,-1,0.8,-0.2,-1.1,-1.8,-0.05,-0.04,0.00,0.00,0.00,0.00,0.26,0.03,78,-1,0,0,-0.2,0.04,0.326,0.362,-1.74,0,26,0,179.5,358.6,249.3,90.5,0.00,0,1.0,-1.6
88.65,capture,96.93,-0.43,0.250,1,1892.5,365.4,0.0,0.1,-0.02,0.10,90,90,-1,-0.1,-0.4,-0.9,-1.5,0.03,0.02,0.00,0.00,0.00,0.00,-0.02,0.10,78,-1,0,0,-0.2,0.01,0.250,0.267,-0.19,0,26,0,179.5,358.6,249.3,90.5,0.00,0,1.0,-1.6
88.85,capture,96.58,-0.08,0.343,1,1892.5,365.5,0.0,-0.0,0.05,0.58,90,89,-1,0.1,-1.9,-0.0,-0.0,0.08,0.04,0.00,0.00,0.00,0.00,0.04,0.58,78,-1,0,0,-1.3,0.03,0.343,0.393,-1.79,0,26,0,179.9,359.5,262.5,90.1,0.00,0,6.4,-10.0
89.05,capture,96.50,-0.00,0.259,1,1892.5,365.5,-0.0,0.0,0.00,0.00,89,89,-1,-0.0,-0.2,-0.0,-0.0,-0.01,-0.01,0.00,0.00,0.00,0.00,0.00,0.00,78,-1,0,1,0.0,0.01,0.259,0.265,0.00,0,26,0,179.9,359.5,262.5,90.1,0.00,0,0.0,-0.0
89.25,capture,96.50,-0.00,0.259,1,1892.5,365.5,-0.0,0.0,0.00,0.00,89,89,-1,-0.0,-0.2,-0.0,-0.0,-0.01,-0.01,0.00,0.00,0.00,0.00,0.00,0.00,78,-1,0,1,0.0,0.01,0.259,0.265,0.00,0,26,0,180.0,0.0,180.0,90.0,0.00,0,0.0,-0.0
89.45,capture,96.50,-0.00,0.259,1,1892.5,365.5,-0.0,0.0,0.00,0.00,89,89,-1,-0.0,-0.2,-0.0,-0.0,-0.01,-0.01,0.00,0.00,0.00,0.00,0.00,0.00,78,-1,0,1,0.0,0.02,0.259,0.265,0.00,0,26,0,180.0,0.0,180.0,90.0,0.00,0,0.0,-0.0
89.65,capture,96.50,-0.00,0.259,1,1892.5,365.5,-0.0,0.0,0.00,0.00,89,89,-1,-0.0,-0.2,-0.0,-0.0,-0.01,-0.01,0.00,0.00,0.00,0.00,0.00,0.00,78,-1,0,1,0.0,0.02,0.259,0.265,0.00,0,26,0,180.0,0.0,180.0,90.0,0.00,0,0.0,-0.0
89.85,capture,96.50,-0.00,0.259,1,1892.5,365.5,-0.0,0.0,0.00,0.00,89,89,-1,-0.0,-0.2,-0.0,-0.0,-0.01,-0.01,0.00,0.00,0.00,0.00,0.00,0.00,78,-1,0,1,0.0,0.02,0.259,0.265,0.00,0,26,0,180.0,0.0,180.0,90.0,0.00,0,0.0,-0.0
89.95,docked,96.50,-0.00,0.000,1,1892.5,365.5,-0.0,0.0,0.00,0.00,89,89,-1,-0.0,-0.2,-0.0,-0.0,-0.01,-0.01,0.00,0.00,0.00,0.00,0.00,0.00,78,-1,1,0,0.0,-0.00,0.000,0.000,0.00,0,26,0,180.0,0.0,180.0,90.0,0.00,0,0.0,-0.0
89.95,end:ok:control [lean 58 body 30 braketurn 0.55],0,0,0,0,0,0,0,0,0,0,0,0,0,0,0,0,0,0,0,0,0,0,0,0,0,0,0,0,0,0,0,0,0,0,0,0,0,0,0,0,0,0,0,0,0
