t,phase,height,err,pwr,gps,x,z,ex,ez,vxw,vzw,hdg,rawhdg,mothdg,tp,tr,p,r,vx,vy,sched,fwdRaw,latRaw,vrtRaw,fwdH,latH,energy,fuel,sat,yerr,yrate,ydem
0.00,fly,68.50,31.50,0.398,1,917.8,121.9,0.0,0.0,0.00,0.00,9,9,-1,0.0,0.0,0.0,0.0,0.00,0.00,0.00,0.00,0.00,0.00,0.00,0.00,-1,-1,0,0,0.0,-0.00
0.10,fly,68.50,31.50,0.663,1,917.8,121.9,0.0,0.0,0.00,0.00,9,9,-1,0.0,0.0,0.0,0.0,-0.00,-0.00,0.00,0.00,0.00,0.00,0.00,0.00,-1,-1,0,0,0.0,0.00
0.20,fly,68.50,31.50,0.938,1,917.8,121.9,0.0,0.0,0.00,-0.00,9,9,-1,0.0,0.0,0.0,0.0,0.00,-0.00,0.00,0.00,0.00,0.00,0.00,0.00,87,-1,0,0,0.0,-0.00
0.30,fly,68.50,31.50,1.000,1,917.8,121.9,0.0,0.0,0.00,0.00,9,9,-1,0.0,0.0,-0.0,0.0,0.00,-0.00,0.00,0.00,0.00,0.00,0.00,-0.00,87,-1,1,0,0.0,0.00
0.40,fly,68.55,31.45,1.000,1,917.8,121.9,0.0,0.0,0.00,0.00,9,9,-1,0.0,0.0,-0.0,0.0,0.00,-0.00,0.00,0.00,0.00,0.00,0.00,0.00,87,-1,1,0,0.0,-0.00
0.50,fly,68.75,31.25,1.000,1,917.8,121.9,0.0,0.0,0.00,0.00,9,9,-1,0.0,0.0,-0.0,0.0,0.00,-0.00,0.00,0.00,0.00,0.00,0.00,0.00,87,-1,1,0,-0.0,0.00
0.60,fly,69.18,30.82,0.933,1,917.8,121.9,0.0,0.0,0.00,0.00,9,9,-1,0.0,0.0,0.0,-0.0,-0.00,0.01,0.00,0.00,0.00,0.00,0.00,0.00,87,-1,0,0,0.0,0.00
0.70,fly,70.16,29.84,0.774,1,917.8,121.9,0.0,0.0,0.00,0.00,9,9,-1,0.0,0.0,0.1,-0.1,-0.01,0.01,0.00,0.00,0.00,0.00,0.00,0.00,87,-1,0,0,-0.0,0.00
0.80,fly,71.61,28.39,0.587,1,917.8,121.9,0.0,-0.0,0.00,0.00,9,9,-1,-0.0,-0.0,0.1,-0.1,-0.00,0.00,0.00,0.00,0.00,0.00,-0.00,0.00,87,-1,0,0,-0.0,0.00
0.90,fly,72.29,27.71,0.438,1,917.8,121.9,0.0,-0.0,0.00,0.01,9,9,-1,-0.0,-0.0,0.1,-0.0,0.01,-0.01,0.00,0.00,0.00,0.00,-0.01,0.00,87,-1,0,0,0.0,-0.00
1.00,fly,73.77,26.23,0.306,1,917.8,121.9,0.0,-0.0,0.00,0.02,9,9,-1,-0.0,-0.0,-0.0,0.1,0.01,-0.01,0.00,0.00,0.00,0.00,-0.02,0.00,87,-1,0,0,0.0,-0.00
1.05,fly,75.31,24.69,0.233,1,917.8,121.9,0.0,-0.0,0.00,0.02,9,9,-1,-0.0,-0.0,-0.0,0.1,0.02,-0.01,0.00,0.00,0.00,0.00,-0.02,0.00,87,-1,0,0,-0.0,-0.00
1.15,fly,76.08,23.92,0.184,1,917.8,121.9,0.0,-0.0,0.00,0.02,9,9,-1,-0.0,-0.0,-0.1,0.2,0.02,-0.01,0.00,0.00,0.00,0.00,-0.02,0.00,87,-1,0,0,-0.0,0.00
1.25,fly,77.61,22.39,0.145,1,917.8,121.9,0.0,-0.0,0.00,0.02,9,9,-1,-0.0,-0.0,-0.2,0.3,0.02,-0.02,0.00,0.00,0.00,0.00,-0.02,0.00,87,-1,0,0,-0.0,0.00
1.35,fly,79.79,20.21,0.103,1,917.8,121.9,0.0,-0.0,0.00,0.01,9,9,-1,-0.0,-0.0,-0.3,0.5,0.02,-0.02,0.00,0.00,0.00,0.00,-0.01,0.00,87,-1,0,0,-0.0,0.00
1.45,fly,80.83,19.17,0.100,1,917.8,121.9,0.0,-0.0,0.00,0.01,9,9,-1,-0.0,-0.0,-0.4,0.6,0.02,-0.02,0.00,0.00,0.00,0.00,-0.01,0.00,87,-1,0,0,-0.0,0.00
1.55,fly,82.45,17.55,0.088,1,917.8,121.9,0.0,-0.0,0.04,0.00,9,9,-1,-0.0,-0.0,-0.5,0.7,0.03,-0.02,0.00,0.00,0.00,0.00,-0.01,0.00,87,-1,0,0,-0.0,0.00
1.65,fly,83.05,16.95,0.112,1,917.8,121.9,-0.0,-0.0,0.04,0.00,9,9,-1,0.0,-0.0,-0.6,0.8,0.03,-0.02,0.00,0.00,0.00,0.00,0.01,0.04,87,-1,0,0,-0.0,0.00
1.75,fly,84.73,15.27,0.108,1,917.8,121.9,-0.0,-0.0,0.04,-0.01,9,9,-1,0.0,-0.0,-0.7,1.0,0.03,-0.02,0.00,0.00,0.00,0.00,0.01,0.04,87,-1,0,0,-0.0,0.00
1.85,fly,85.73,14.27,0.122,1,917.8,121.9,-0.0,-0.0,0.04,-0.02,9,9,-1,0.0,-0.0,-0.8,1.1,0.03,-0.03,0.00,0.00,0.00,0.00,0.02,0.04,87,-1,0,0,-0.0,0.00
1.95,fly,86.64,13.36,0.138,1,917.8,121.9,-0.0,-0.0,0.07,-0.02,9,9,-1,0.0,-0.0,-1.0,1.3,0.04,-0.03,0.00,0.00,0.00,0.00,0.02,0.04,87,-1,0,0,-0.0,0.00
2.05,fly,87.48,12.52,0.156,1,917.8,121.9,-0.0,-0.0,0.09,-0.03,9,9,-1,0.0,-0.1,-1.0,1.4,0.03,-0.02,0.00,0.00,0.00,0.00,0.03,0.06,87,-1,0,0,0.0,0.00
2.15,fly,87.87,12.13,0.179,1,917.8,121.9,-0.0,-0.0,0.09,-0.03,9,9,-1,0.0,-0.1,-1.0,1.4,0.02,-0.01,0.00,0.00,0.00,0.00,0.04,0.08,87,-1,0,0,0.0,0.00
2.25,fly,88.61,11.39,0.187,1,917.8,121.9,-0.0,0.0,0.11,-0.04,9,9,-1,0.1,-0.1,-1.0,1.3,0.01,-0.01,0.00,0.00,0.00,0.00,0.06,0.10,87,-1,0,0,0.0,0.00
2.35,fly,89.62,10.38,0.186,1,917.8,121.9,-0.1,0.0,0.13,-0.06,9,9,-1,0.1,-0.1,-1.0,1.3,0.01,-0.01,0.00,0.00,0.00,0.00,0.07,0.12,87,-1,0,0,0.0,0.00
2.45,fly,90.23,9.77,0.195,1,917.9,121.9,-0.1,0.0,0.18,-0.07,9,9,-1,0.1,-0.1,-1.0,1.3,0.01,-0.01,0.00,0.00,0.00,0.00,0.08,0.12,87,-1,0,0,0.0,0.00
2.55,fly,90.51,9.49,0.213,1,917.9,121.9,-0.1,0.0,0.18,-0.07,9,9,-1,0.1,-0.2,-1.0,1.3,0.01,-0.01,0.00,0.00,0.00,0.00,0.09,0.16,87,-1,0,0,0.0,0.00
2.65,fly,91.04,8.96,0.223,1,917.9,121.9,-0.1,0.0,0.18,-0.07,9,9,-1,0.1,-0.2,-1.0,1.2,0.00,-0.01,0.00,0.00,0.00,0.00,0.10,0.16,87,-1,0,0,0.0,0.00
2.75,fly,91.78,8.22,0.221,1,917.9,121.8,-0.1,0.0,0.22,-0.09,9,9,-1,0.1,-0.2,-0.9,1.1,0.00,-0.00,0.00,0.00,0.00,0.00,0.11,0.18,87,-1,0,0,0.0,-0.00
2.85,fly,92.25,7.75,0.217,1,917.9,121.8,-0.1,0.0,0.22,-0.10,9,9,-1,0.1,-0.2,-0.8,1.0,0.00,-0.00,0.00,0.00,0.00,0.00,0.13,0.20,87,-1,0,0,0.0,-0.00
2.95,fly,92.47,7.53,0.220,1,917.9,121.8,-0.2,0.1,0.22,-0.10,9,9,-1,0.2,-0.2,-0.8,0.9,0.00,-0.00,0.00,0.00,0.00,0.00,0.13,0.20,87,-1,0,0,0.0,-0.00
3.05,fly,92.91,7.09,0.218,1,918.0,121.8,-0.2,0.1,0.24,-0.11,9,9,-1,0.2,-0.3,-0.7,0.9,0.00,-0.00,0.00,0.00,0.00,0.00,0.15,0.22,87,-1,0,0,0.0,-0.00
3.15,fly,93.53,6.47,0.211,1,918.0,121.8,-0.2,0.1,0.26,-0.12,9,9,-1,0.2,-0.3,-0.7,0.8,0.00,-0.00,0.00,0.00,0.00,0.00,0.16,0.24,87,-1,0,0,0.0,-0.00
3.25,fly,93.92,6.08,0.209,1,918.0,121.8,-0.2,0.1,0.26,-0.13,9,9,-1,0.2,-0.3,-0.7,0.7,-0.00,-0.00,0.00,0.00,0.00,0.00,0.16,0.24,87,-1,0,0,0.0,-0.00
3.35,fly,94.10,5.90,0.212,1,918.0,121.8,-0.3,0.1,0.26,-0.13,9,9,-1,0.2,-0.3,-0.6,0.6,-0.00,-0.00,0.00,0.00,0.00,0.00,0.17,0.24,87,-1,0,0,0.0,-0.00
3.45,fly,94.63,5.37,0.207,1,918.1,121.8,-0.3,0.1,0.26,-0.13,9,9,-1,0.2,-0.3,-0.6,0.5,-0.00,-0.00,0.00,0.00,0.00,0.00,0.17,0.24,87,-1,0,0,0.0,-0.00
3.55,fly,94.80,5.20,0.211,1,918.1,121.8,-0.3,0.1,0.26,-0.13,9,9,-1,0.2,-0.3,-0.5,0.4,-0.00,-0.00,0.00,0.00,0.00,0.00,0.17,0.24,87,-1,0,0,0.0,-0.00
3.65,fly,95.27,4.73,0.207,1,918.1,121.7,-0.3,0.1,0.26,-0.14,9,9,-1,0.2,-0.3,-0.5,0.3,-0.00,-0.00,0.00,0.00,0.00,0.00,0.17,0.24,87,-1,0,0,0.0,-0.00
3.75,fly,95.56,4.44,0.207,1,918.2,121.7,-0.4,0.2,0.26,-0.14,9,9,-1,0.2,-0.3,-0.4,0.2,-0.01,-0.00,0.00,0.00,0.00,0.00,0.18,0.24,87,-1,0,0,0.0,-0.00
3.85,fly,95.70,4.30,0.211,1,918.2,121.7,-0.4,0.2,0.26,-0.14,9,9,-1,0.2,-0.3,-0.4,0.1,-0.01,-0.00,0.00,0.00,0.00,0.00,0.18,0.24,87,-1,0,0,0.0,-0.00
3.95,fly,96.03,3.97,0.211,1,918.2,121.7,-0.4,0.2,0.26,-0.14,9,9,-1,0.2,-0.3,-0.3,0.0,-0.01,-0.00,0.00,0.00,0.00,0.00,0.18,0.24,87,-1,0,0,0.0,-0.00
4.05,fly,96.33,3.67,0.211,1,918.2,121.7,-0.5,0.2,0.22,-0.14,9,9,-1,0.2,-0.3,-0.3,-0.1,-0.01,0.00,0.00,0.00,0.00,0.00,0.17,0.22,87,-1,0,0,-0.0,0.00
4.15,fly,96.44,3.56,0.216,1,918.2,121.7,-0.5,0.2,0.22,-0.14,9,9,-1,0.2,-0.3,-0.2,-0.2,-0.01,0.00,0.00,0.00,0.00,0.00,0.17,0.19,87,-1,0,0,-0.0,0.00
4.25,fly,96.65,3.35,0.219,1,918.3,121.7,-0.5,0.2,0.22,-0.14,9,9,-1,0.2,-0.3,-0.2,-0.3,-0.01,0.00,0.00,0.00,0.00,0.00,0.17,0.19,87,-1,0,0,-0.0,0.00
4.35,fly,96.89,3.11,0.221,1,918.3,121.6,-0.5,0.2,0.22,-0.13,9,9,-1,0.2,-0.3,-0.1,-0.4,-0.01,0.00,0.00,0.00,0.00,0.00,0.17,0.20,87,-1,0,0,-0.0,0.00
4.45,fly,97.02,2.98,0.226,1,918.3,121.6,-0.5,0.2,0.18,-0.13,9,9,-1,0.2,-0.3,-0.0,-0.5,-0.01,0.00,0.00,0.00,0.00,0.00,0.16,0.15,87,-1,0,0,-0.0,0.00
4.55,fly,97.25,2.75,0.228,1,918.3,121.6,-0.6,0.3,0.18,-0.12,9,9,-1,0.2,-0.3,0.0,-0.6,-0.02,0.00,0.00,0.00,0.00,0.00,0.15,0.15,87,-1,0,0,-0.0,0.00
4.65,fly,97.32,2.68,0.234,1,918.3,121.6,-0.6,0.3,0.18,-0.12,9,9,-1,0.2,-0.3,0.1,-0.7,-0.02,0.01,0.00,0.00,0.00,0.00,0.15,0.15,87,-1,0,0,-0.0,0.00
4.75,fly,97.50,2.50,0.238,1,918.4,121.6,-0.6,0.3,0.13,-0.12,9,9,-1,0.2,-0.3,0.1,-0.8,-0.02,0.01,0.00,0.00,0.00,0.00,0.14,0.11,87,-1,0,0,-0.0,0.00
4.85,fly,97.55,2.45,0.245,1,918.4,121.6,-0.6,0.3,0.13,-0.12,9,9,-1,0.2,-0.3,0.2,-0.9,-0.02,0.01,0.00,0.00,0.00,0.00,0.14,0.11,87,-1,0,0,-0.0,0.00
4.95,fly,97.65,2.35,0.251,1,918.4,121.6,-0.6,0.3,0.11,-0.11,9,9,-1,0.2,-0.2,0.3,-0.9,-0.02,0.01,0.00,0.00,0.00,0.00,0.13,0.09,87,-1,0,0,-0.0,0.00
5.05,fly,97.72,2.28,0.258,1,918.4,121.6,-0.6,0.3,0.09,-0.10,9,9,-1,0.2,-0.2,0.3,-1.0,-0.02,0.01,0.00,0.00,0.00,0.00,0.12,0.07,87,-1,0,0,-0.0,0.00
5.15,fly,97.81,2.19,0.265,1,918.4,121.5,-0.6,0.3,0.04,-0.09,9,9,-1,0.2,-0.2,0.4,-1.1,-0.02,0.01,0.00,0.00,0.00,0.00,0.11,0.07,87,-1,0,0,-0.0,0.00
5.25,fly,97.85,2.15,0.273,1,918.4,121.5,-0.6,0.3,0.04,-0.08,9,9,-1,0.2,-0.2,0.4,-1.1,-0.02,0.01,0.00,0.00,0.00,0.00,0.09,0.03,87,-1,0,0,-0.0,0.00
5.35,fly,97.89,2.11,0.278,1,918.4,121.5,-0.6,0.3,0.00,-0.07,9,9,-1,0.2,-0.2,0.5,-1.1,0.00,0.01,0.00,0.00,0.00,0.00,0.09,0.03,87,-1,0,0,-0.0,0.00
5.45,fly,97.95,2.05,0.275,1,918.4,121.5,-0.6,0.4,-0.02,-0.06,9,9,-1,0.2,-0.1,0.5,-0.9,0.01,0.01,0.00,0.00,0.00,0.00,0.07,-0.01,87,-1,0,0,-0.0,0.00
5.55,fly,97.98,2.02,0.267,1,918.4,121.5,-0.6,0.4,-0.02,-0.06,9,9,-1,0.2,-0.1,0.6,-0.8,0.02,0.01,0.00,0.00,0.00,0.00,0.06,-0.03,87,-1,0,0,-0.0,0.00
5.65,fly,98.11,1.89,0.256,1,918.4,121.5,-0.6,0.4,-0.04,-0.04,9,9,-1,0.2,-0.1,0.6,-0.7,0.02,0.01,0.00,0.00,0.00,0.00,0.04,-0.05,87,-1,0,0,-0.0,0.00
5.75,fly,98.15,1.85,0.250,1,918.4,121.5,-0.6,0.4,-0.04,-0.04,9,9,-1,0.2,-0.1,0.6,-0.6,0.00,0.00,0.00,0.00,0.00,0.00,0.03,-0.05,87,-1,0,0,-0.0,0.00
5.85,fly,98.26,1.74,0.251,1,918.4,121.5,-0.6,0.4,-0.09,-0.02,9,9,-1,0.1,-0.1,0.6,-0.6,-0.01,0.00,0.00,0.00,0.00,0.00,0.02,-0.09,87,-1,0,0,-0.0,0.00
5.95,fly,98.31,1.69,0.258,1,918.4,121.5,-0.6,0.4,-0.09,-0.01,9,9,-1,0.1,-0.1,0.6,-0.6,-0.00,0.00,0.00,0.00,0.00,0.00,0.01,-0.09,87,-1,0,0,0.0,0.00
6.05,fly,98.35,1.65,0.265,1,918.4,121.5,-0.6,0.4,-0.09,-0.00,9,9,-1,0.1,-0.1,0.6,-0.6,-0.00,0.00,0.00,0.00,0.00,0.00,-0.00,-0.09,87,-1,0,0,0.0,0.00
6.15,fly,98.36,1.64,0.274,1,918.4,121.5,-0.6,0.4,-0.09,-0.00,9,9,-1,0.1,-0.1,0.6,-0.6,0.00,0.00,0.00,0.00,0.00,0.00,-0.01,-0.09,87,-1,0,0,0.0,0.00
6.25,fly,98.39,1.61,0.282,1,918.3,121.5,-0.6,0.4,-0.13,0.01,9,9,-1,0.1,-0.1,0.6,-0.5,0.00,-0.00,0.00,0.00,0.00,0.00,-0.02,-0.09,87,-1,0,0,-0.0,0.00
6.35,fly,98.40,1.60,0.285,1,918.3,121.5,-0.6,0.4,-0.13,0.01,9,9,-1,0.1,-0.0,0.6,-0.5,0.01,-0.00,0.00,0.00,0.00,0.00,-0.03,-0.13,87,-1,0,0,-0.0,0.00
6.45,fly,98.44,1.56,0.277,1,918.3,121.5,-0.6,0.4,-0.13,0.02,9,9,-1,0.1,-0.0,0.5,-0.4,0.01,-0.00,0.00,0.00,0.00,0.00,-0.05,-0.13,87,-1,0,0,-0.0,0.00
6.55,fly,98.52,1.48,0.267,1,918.3,121.5,-0.5,0.4,-0.13,0.04,9,9,-1,0.1,-0.0,0.5,-0.3,0.01,-0.01,0.00,0.00,0.00,0.00,-0.05,-0.12,87,-1,0,3,-0.0,0.06
6.65,fly,98.59,1.41,0.257,1,918.3,121.5,-0.5,0.4,-0.13,0.05,9,9,-1,0.1,-0.0,0.4,-0.2,0.02,-0.01,0.00,0.00,0.00,0.00,-0.06,-0.12,87,-1,0,6,0.0,0.12
6.75,fly,98.63,1.37,0.251,1,918.3,121.5,-0.5,0.4,-0.13,0.05,9,9,-1,0.1,-0.0,0.3,-0.2,0.00,-0.01,0.00,0.00,0.00,0.00,-0.07,-0.12,87,-1,0,9,0.0,0.18
6.85,fly,98.72,1.28,0.252,1,918.3,121.5,-0.5,0.4,-0.11,0.06,9,9,-1,0.0,-0.0,0.2,-0.2,-0.01,-0.01,0.00,0.00,0.00,0.00,-0.08,-0.12,87,-1,0,12,1.0,0.23
6.95,fly,98.77,1.23,0.259,1,918.3,121.5,-0.5,0.3,-0.09,0.06,9,9,-1,0.0,-0.0,0.1,-0.3,-0.01,-0.01,0.00,0.00,0.00,0.00,-0.07,-0.10,87,-1,0,15,1.8,0.28
7.05,fly,98.79,1.21,0.267,1,918.3,121.5,-0.5,0.3,-0.09,0.06,9,9,-1,0.0,-0.0,0.0,-0.3,-0.01,-0.02,0.00,0.00,0.00,0.00,-0.07,-0.08,87,-1,0,18,3.0,0.32
7.15,fly,98.80,1.20,0.275,1,918.3,121.5,-0.5,0.3,-0.09,0.06,9,10,-1,0.0,-0.0,-0.1,-0.4,-0.01,-0.02,0.00,0.00,0.00,0.00,-0.07,-0.08,87,-1,0,21,3.0,0.36
7.25,fly,98.82,1.18,0.280,1,918.2,121.5,-0.5,0.3,-0.09,0.03,9,10,-1,0.1,-0.0,-0.0,-0.4,-0.00,0.00,0.00,0.00,0.00,0.00,-0.06,-0.08,87,-1,0,24,6.8,0.39
7.35,fly,98.85,1.15,0.277,1,918.2,121.6,-0.5,0.3,-0.09,0.02,10,10,-1,0.1,-0.0,0.1,-0.4,-0.00,0.01,0.00,0.00,0.00,0.00,-0.04,-0.08,87,-1,0,27,9.6,0.36
7.45,fly,98.86,1.14,0.269,1,918.2,121.6,-0.5,0.3,-0.09,0.02,10,10,-1,0.1,-0.0,0.2,-0.3,0.00,0.01,0.00,0.00,0.00,0.00,-0.03,-0.08,87,-1,0,30,9.6,0.31
7.55,fly,98.95,1.05,0.259,1,918.2,121.6,-0.4,0.3,-0.09,0.01,10,14,-1,0.1,-0.0,0.3,-0.3,0.01,0.01,0.00,0.00,0.00,0.00,-0.03,-0.08,87,-1,0,32,14.9,0.25
7.65,fly,99.02,0.98,0.250,1,918.2,121.6,-0.4,0.3,-0.13,0.02,11,14,-1,0.1,-0.0,0.3,-0.2,0.01,0.01,0.00,0.00,0.00,0.00,-0.03,-0.08,87,-1,0,35,16.6,0.20
7.75,fly,99.05,0.95,0.247,1,918.2,121.6,-0.4,0.3,-0.13,0.02,11,14,-1,0.1,0.0,0.4,-0.1,0.01,0.01,0.00,0.00,0.00,0.00,-0.04,-0.13,87,-1,0,37,16.6,0.17
7.85,fly,99.11,0.89,0.253,1,918.2,121.6,-0.4,0.3,-0.13,0.04,11,14,-1,0.1,0.0,0.3,-0.0,0.02,0.00,0.00,0.00,0.00,0.00,-0.06,-0.12,87,-1,0,40,17.2,0.16
7.95,fly,99.14,0.86,0.261,1,918.2,121.6,-0.4,0.3,-0.13,0.05,13,20,-1,0.0,0.0,0.3,0.1,0.02,-0.00,0.00,0.00,0.00,0.00,-0.07,-0.12,87,-1,0,41,17.1,0.16
8.05,fly,99.15,0.85,0.269,1,918.1,121.6,-0.4,0.3,-0.11,0.05,14,20,-1,0.0,0.0,0.2,0.2,0.02,-0.01,0.00,0.00,0.00,0.00,-0.08,-0.12,87,-1,0,43,16.9,0.16
8.15,fly,99.15,0.85,0.275,1,918.1,121.6,-0.4,0.3,-0.11,0.05,15,20,-1,0.0,-0.0,0.2,0.3,0.01,-0.00,0.00,0.00,0.00,0.00,-0.08,-0.09,87,-1,0,45,16.9,0.16
8.25,fly,99.16,0.84,0.278,1,918.1,121.6,-0.4,0.3,-0.09,0.07,16,20,-1,0.0,-0.0,0.2,0.2,-0.01,-0.01,0.00,0.00,0.00,0.00,-0.08,-0.07,87,-1,0,48,16.8,0.16
8.35,fly,99.18,0.82,0.275,1,918.1,121.6,-0.4,0.3,-0.09,0.08,17,27,-1,0.0,-0.0,0.1,0.1,-0.01,-0.01,0.00,0.00,0.00,0.00,-0.09,-0.06,87,-1,0,49,17.0,0.16
8.45,fly,99.20,0.80,0.267,1,918.1,121.6,-0.3,0.3,-0.09,0.08,19,27,-1,0.0,-0.0,0.1,0.0,-0.01,-0.01,0.00,0.00,0.00,0.00,-0.10,-0.06,87,-1,0,50,17.0,0.16
8.55,fly,99.25,0.75,0.258,1,918.1,121.6,-0.3,0.3,-0.09,0.08,20,27,-1,0.0,-0.0,-0.0,-0.0,-0.01,-0.02,0.00,0.00,0.00,0.00,-0.10,-0.06,87,-1,0,52,17.1,0.16
8.65,fly,99.32,0.68,0.250,1,918.1,121.6,-0.3,0.3,-0.09,0.07,21,27,-1,0.0,-0.0,-0.0,-0.1,-0.01,-0.00,0.00,0.00,0.00,0.00,-0.10,-0.06,87,-1,0,54,16.7,0.16
8.75,fly,99.35,0.65,0.252,1,918.1,121.6,-0.3,0.3,-0.09,0.07,23,34,-1,0.0,-0.0,0.0,-0.1,-0.01,0.01,0.00,0.00,0.00,0.00,-0.10,-0.05,87,-1,0,55,16.2,0.17
8.85,fly,99.36,0.64,0.260,1,918.1,121.6,-0.3,0.3,-0.09,0.07,25,34,-1,0.0,-0.0,0.1,-0.1,-0.00,0.00,0.00,0.00,0.00,0.00,-0.10,-0.05,87,-1,0,57,16.2,0.18
8.95,fly,99.37,0.63,0.268,1,918.1,121.6,-0.3,0.2,-0.09,0.06,26,34,-1,0.0,-0.0,0.1,-0.2,-0.00,0.00,0.00,0.00,0.00,0.00,-0.10,-0.05,87,-1,0,58,15.5,0.18
9.05,fly,99.37,0.63,0.276,1,918.1,121.6,-0.3,0.2,-0.09,0.06,27,34,-1,0.0,-0.0,0.1,-0.2,0.00,-0.00,0.00,0.00,0.00,0.00,-0.09,-0.05,87,-1,0,60,15.5,0.19
9.15,fly,99.37,0.63,0.278,1,918.1,121.6,-0.3,0.2,-0.09,0.05,29,40,-1,0.0,-0.0,0.1,-0.1,0.00,-0.00,0.00,0.00,0.00,0.00,-0.09,-0.05,87,-1,0,61,15.4,0.19
9.25,fly,99.40,0.60,0.270,1,918.0,121.6,-0.3,0.2,-0.09,0.05,31,40,-1,0.0,-0.0,0.0,-0.1,0.00,-0.01,0.00,0.00,0.00,0.00,-0.09,-0.05,87,-1,0,63,15.9,0.19
9.35,fly,99.44,0.56,0.261,1,918.0,121.7,-0.3,0.2,-0.09,0.05,32,40,-1,0.0,-0.0,-0.0,-0.1,0.01,-0.01,0.00,0.00,0.00,0.00,-0.09,-0.05,87,-1,0,64,16.1,0.18
9.45,fly,99.50,0.50,0.251,1,918.0,121.7,-0.3,0.2,-0.07,0.04,33,40,-1,0.0,-0.0,-0.1,-0.0,0.01,-0.01,0.00,0.00,0.00,0.00,-0.09,-0.05,87,-1,0,66,16.1,0.18
9.55,fly,99.53,0.47,0.247,1,918.0,121.7,-0.2,0.2,-0.04,0.04,35,46,-1,0.0,-0.0,-0.2,0.0,0.01,-0.02,0.00,0.00,0.00,0.00,-0.07,-0.03,87,-1,0,64,15.7,0.18
9.65,fly,99.55,0.45,0.255,1,918.0,121.7,-0.2,0.2,-0.04,0.04,37,46,-1,0.0,-0.0,-0.3,0.1,0.01,-0.02,0.00,0.00,0.00,0.00,-0.06,-0.01,87,-1,0,62,15.7,0.19
9.75,fly,99.56,0.44,0.262,1,918.0,121.7,-0.2,0.2,-0.04,0.04,38,46,-1,0.0,-0.0,-0.4,0.1,0.01,-0.02,0.00,0.00,0.00,0.00,-0.06,-0.01,87,-1,0,61,15.4,0.19
9.85,fly,99.56,0.44,0.270,1,918.0,121.7,-0.2,0.2,-0.04,0.03,40,46,-1,0.0,-0.0,-0.5,0.2,0.01,-0.02,0.00,0.00,0.00,0.00,-0.05,-0.01,87,-1,0,60,14.8,0.20
9.95,fly,99.55,0.45,0.277,1,918.0,121.7,-0.2,0.2,-0.04,0.03,41,52,-1,0.0,-0.0,-0.5,0.2,0.01,-0.02,0.00,0.00,0.00,0.00,-0.05,-0.01,87,-1,0,58,14.8,0.20
10.05,fly,99.54,0.46,0.279,1,918.0,121.7,-0.2,0.2,0.00,0.03,43,52,-1,0.0,-0.0,-0.5,0.2,-0.01,-0.01,0.00,0.00,0.00,0.00,-0.05,-0.01,87,-1,0,56,15.2,0.20
10.15,fly,99.55,0.45,0.273,1,918.0,121.7,-0.2,0.2,0.00,0.03,45,52,-1,0.1,-0.1,-0.5,0.1,-0.01,-0.00,0.00,0.00,0.00,0.00,-0.02,0.02,87,-1,0,55,15.2,0.20
10.25,fly,99.58,0.42,0.264,1,918.0,121.7,-0.2,0.2,0.00,0.02,46,52,-1,0.1,-0.1,-0.5,-0.0,-0.01,-0.01,0.00,0.00,0.00,0.00,-0.02,0.02,87,-1,0,53,15.7,0.19
10.35,fly,99.62,0.38,0.255,1,918.0,121.7,-0.2,0.2,0.00,0.01,48,59,-1,0.1,-0.1,-0.5,-0.1,-0.01,-0.01,0.00,0.00,0.00,0.00,-0.01,0.01,87,-1,0,52,15.8,0.19
10.45,fly,99.64,0.36,0.251,1,918.0,121.7,-0.2,0.2,0.00,0.01,49,59,-1,0.1,-0.0,-0.4,-0.1,0.00,0.00,0.00,0.00,0.00,0.00,-0.01,0.01,87,-1,0,50,15.8,0.18
10.55,fly,99.66,0.34,0.255,1,918.0,121.7,-0.2,0.2,0.00,0.01,51,59,-1,0.1,-0.0,-0.4,-0.0,0.01,0.00,0.00,0.00,0.00,0.00,-0.01,0.01,87,-1,0,49,15.5,0.19
10.65,fly,99.67,0.33,0.263,1,918.0,121.7,-0.2,0.2,0.04,0.00,52,59,-1,0.1,-0.1,-0.3,0.0,0.01,0.00,0.00,0.00,0.00,0.00,0.03,0.03,87,-1,0,47,15.0,0.20
10.75,fly,99.66,0.34,0.271,1,918.0,121.7,-0.2,0.2,0.04,0.00,54,65,-1,0.1,-0.1,-0.2,0.0,0.01,0.00,0.00,0.00,0.00,0.00,0.04,0.03,87,-1,0,45,14.7,0.20
10.85,fly,99.65,0.35,0.280,1,918.0,121.7,-0.2,0.2,0.04,0.00,55,65,-1,0.1,-0.1,-0.2,0.1,0.01,-0.00,0.00,0.00,0.00,0.00,0.04,0.02,87,-1,0,44,14.7,0.21
10.95,fly,99.63,0.37,0.282,1,918.0,121.7,-0.2,0.2,0.04,0.00,57,65,-1,0.1,-0.1,-0.2,0.2,0.01,-0.00,0.00,0.00,0.00,0.00,0.04,0.02,87,-1,0,42,14.7,0.21
11.05,fly,99.64,0.36,0.274,1,918.0,121.7,-0.2,0.2,0.04,0.00,58,65,-1,0.1,-0.1,-0.2,0.2,0.01,-0.00,0.00,0.00,0.00,0.00,0.04,0.02,87,-1,0,41,15.4,0.20
11.15,fly,99.65,0.35,0.266,1,918.0,121.7,-0.2,0.2,0.04,0.00,60,71,-1,0.1,-0.1,-0.2,0.3,0.02,-0.00,0.00,0.00,0.00,0.00,0.04,0.02,87,-1,0,39,15.4,0.19
11.25,fly,99.70,0.30,0.256,1,918.0,121.7,-0.3,0.2,0.04,0.01,62,71,-1,0.1,-0.1,-0.2,0.4,0.02,-0.01,0.00,0.00,0.00,0.00,0.04,0.03,87,-1,0,38,15.8,0.19
11.35,fly,99.74,0.26,0.250,1,918.0,121.7,-0.3,0.2,0.04,0.02,63,71,-1,0.1,-0.1,-0.2,0.3,0.00,-0.01,0.00,0.00,0.00,0.00,0.04,0.03,87,-1,0,36,15.7,0.18
11.45,fly,99.76,0.24,0.252,1,918.0,121.7,-0.3,0.2,0.04,0.02,64,71,-1,0.1,-0.1,-0.2,0.2,-0.01,-0.01,0.00,0.00,0.00,0.00,0.03,0.03,87,-1,0,35,15.3,0.19
11.55,fly,99.77,0.23,0.259,1,918.0,121.7,-0.3,0.2,0.04,0.02,66,77,-1,0.1,-0.1,-0.3,0.2,-0.01,-0.01,0.00,0.00,0.00,0.00,0.03,0.04,87,-1,0,33,15.3,0.19
11.65,fly,99.76,0.24,0.267,1,918.1,121.7,-0.3,0.2,0.04,0.02,68,77,-1,0.1,-0.1,-0.3,0.1,-0.01,-0.01,0.00,0.00,0.00,0.00,0.03,0.04,87,-1,0,32,14.8,0.20
11.75,fly,99.74,0.26,0.276,1,918.1,121.7,-0.3,0.2,0.04,0.02,69,77,-1,0.1,-0.1,-0.3,0.1,-0.00,-0.01,0.00,0.00,0.00,0.00,0.03,0.04,87,-1,0,30,14.7,0.20
11.85,fly,99.73,0.27,0.281,1,918.1,121.7,-0.3,0.2,0.04,0.02,70,77,-1,0.1,-0.1,-0.2,0.0,-0.00,0.00,0.00,0.00,0.00,0.00,0.03,0.04,87,-1,0,29,14.7,0.21
11.95,fly,99.71,0.29,0.279,1,918.1,121.7,-0.3,0.2,0.04,0.03,72,83,-1,0.1,-0.1,-0.1,-0.0,-0.00,0.01,0.00,0.00,0.00,0.00,0.03,0.04,87,-1,0,27,14.9,0.20
12.05,fly,99.73,0.27,0.271,1,918.1,121.7,-0.3,0.2,0.04,0.02,74,83,-1,0.1,-0.1,-0.0,-0.0,-0.00,0.01,0.00,0.00,0.00,0.00,0.03,0.04,87,-1,0,25,15.5,0.20
12.15,fly,99.75,0.25,0.262,1,918.1,121.7,-0.3,0.2,0.04,0.02,75,83,-1,0.1,-0.1,0.1,-0.1,-0.00,0.01,0.00,0.00,0.00,0.00,0.04,0.04,87,-1,0,24,15.8,0.17
12.25,fly,99.77,0.23,0.253,1,918.1,121.7,-0.3,0.2,0.04,0.02,76,83,-1,0.1,-0.1,0.2,-0.1,0.00,0.01,0.00,0.00,0.00,0.00,0.04,0.03,87,-1,0,23,15.8,0.14
12.35,fly,99.82,0.18,0.249,1,918.1,121.7,-0.3,0.2,0.04,0.02,78,89,-1,0.1,-0.1,0.2,-0.1,0.00,0.01,0.00,0.00,0.00,0.00,0.04,0.03,87,-1,0,21,15.4,0.10
12.45,fly,99.83,0.17,0.256,1,918.1,121.7,-0.3,0.2,0.04,0.02,80,89,-1,0.2,-0.0,0.3,-0.0,0.00,0.01,0.00,0.00,0.00,0.00,0.04,0.02,87,-1,0,19,15.4,0.08
12.55,fly,99.82,0.18,0.264,1,918.1,121.7,-0.3,0.2,0.04,0.02,81,89,-1,0.2,-0.0,0.4,-0.0,0.01,0.01,0.00,0.00,0.00,0.00,0.04,0.02,87,-1,0,18,14.6,0.06
12.65,fly,99.82,0.18,0.272,1,918.1,121.7,-0.3,0.2,0.04,0.02,82,89,-1,0.2,-0.0,0.4,0.0,0.01,0.00,0.00,0.00,0.00,0.00,0.04,0.02,87,-1,0,17,14.6,0.04
12.75,fly,99.79,0.21,0.279,1,918.1,121.7,-0.3,0.2,0.00,0.01,84,95,-1,0.1,-0.0,0.3,-0.0,-0.00,-0.01,0.00,0.00,0.00,0.00,-0.00,0.01,87,-1,0,15,13.8,0.02
12.85,fly,99.78,0.22,0.279,1,918.1,121.7,-0.3,0.2,0.00,0.01,86,95,-1,0.1,-0.0,0.2,-0.0,-0.00,-0.02,0.00,0.00,0.00,0.00,-0.00,0.01,87,-1,0,13,12.8,0.01
12.95,fly,99.79,0.21,0.271,1,918.1,121.7,-0.3,0.2,0.00,0.01,87,95,-1,0.1,-0.0,0.1,-0.1,-0.00,-0.02,0.00,0.00,0.00,0.00,-0.00,0.01,87,-1,0,12,11.7,0.01
13.05,fly,99.82,0.18,0.262,1,918.1,121.7,-0.3,0.2,-0.04,0.01,88,95,-1,0.1,-0.0,-0.1,-0.1,-0.00,-0.03,0.00,0.00,0.00,0.00,-0.04,0.00,87,-1,0,11,9.3,0.01
13.15,fly,99.85,0.15,0.255,1,918.1,121.7,-0.3,0.2,-0.04,0.01,90,99,-1,0.1,-0.0,-0.1,-0.1,0.00,-0.01,0.00,0.00,0.00,0.00,-0.04,0.01,87,-1,0,9,8.2,-0.00
13.25,fly,99.87,0.13,0.254,1,918.1,121.7,-0.3,0.2,-0.04,0.00,91,99,-1,0.1,-0.0,-0.0,-0.1,0.00,0.01,0.00,0.00,0.00,0.00,-0.04,0.01,87,-1,0,8,7.2,-0.01
13.35,fly,99.88,0.12,0.256,1,918.1,121.7,-0.3,0.2,0.00,0.00,93,99,-1,0.1,-0.0,0.1,-0.0,0.00,0.02,0.00,0.00,0.00,0.00,-0.04,0.00,87,-1,0,7,6.3,-0.01
13.45,fly,99.88,0.12,0.264,1,918.1,121.7,-0.3,0.2,0.00,0.00,94,99,-1,0.1,-0.0,0.3,-0.0,0.01,0.02,0.00,0.00,0.00,0.00,0.00,0.00,87,-1,0,6,6.3,-0.01
13.55,fly,99.85,0.15,0.273,1,918.1,121.7,-0.3,0.2,-0.04,0.00,95,102,-1,0.1,-0.0,0.4,0.0,0.01,0.02,0.00,0.00,0.00,0.00,-0.02,0.00,87,-1,0,4,4.7,-0.02
13.65,fly,99.84,0.16,0.278,1,918.1,121.7,-0.3,0.2,-0.04,0.00,96,102,-1,0.1,-0.0,0.3,0.1,0.01,-0.00,0.00,0.00,0.00,0.00,-0.04,0.00,87,-1,0,3,4.7,-0.03
13.75,fly,99.84,0.16,0.275,1,918.1,121.7,-0.3,0.2,-0.04,0.00,97,102,-1,0.1,-0.0,0.3,0.1,0.01,-0.01,0.00,0.00,0.00,0.00,-0.04,0.01,87,-1,0,2,4.1,-0.03
13.85,fly,99.85,0.15,0.266,1,918.1,121.7,-0.3,0.2,-0.04,-0.00,98,102,-1,0.1,-0.0,0.2,0.2,0.01,-0.02,0.00,0.00,0.00,0.00,-0.04,0.00,87,-1,0,2,3.5,-0.04
13.95,fly,99.88,0.12,0.257,1,918.1,121.7,-0.3,0.2,-0.04,0.00,98,103,-1,0.1,-0.0,0.1,0.2,0.01,-0.02,0.00,0.00,0.00,0.00,-0.04,0.01,87,-1,0,1,2.9,-0.04
14.05,fly,99.92,0.08,0.250,1,918.0,121.7,-0.3,0.2,-0.04,0.01,99,103,-1,0.1,-0.0,0.0,0.3,0.01,-0.00,0.00,0.00,0.00,0.00,-0.04,0.01,87,-1,0,0,2.1,-0.05
14.15,fly,99.93,0.07,0.252,1,918.0,121.7,-0.3,0.2,-0.04,0.01,100,103,-1,0.1,-0.0,0.1,0.4,0.02,0.01,0.00,0.00,0.00,0.00,-0.04,0.01,87,-1,0,-1,1.8,-0.05
14.25,fly,99.94,0.06,0.260,1,918.0,121.7,-0.3,0.2,-0.04,0.01,100,103,-1,0.1,-0.0,0.2,0.4,0.02,0.01,0.00,0.00,0.00,0.00,-0.04,0.02,87,-1,0,-1,1.8,-0.06
14.35,fly,99.92,0.08,0.268,1,918.0,121.7,-0.3,0.2,-0.04,0.03,101,104,-1,0.1,-0.0,0.2,0.5,0.02,0.01,0.00,0.00,0.00,0.00,-0.04,0.02,87,-1,0,-2,1.2,-0.06
14.45,fly,99.90,0.10,0.276,1,918.0,121.7,-0.3,0.2,-0.04,0.03,101,104,-1,0.1,-0.0,0.2,0.5,0.01,0.01,0.00,0.00,0.00,0.00,-0.04,0.04,87,-1,0,-2,1.2,-0.07
14.55,fly,99.87,0.13,0.282,1,918.0,121.7,-0.3,0.1,-0.04,0.07,102,104,-1,0.1,-0.1,0.3,0.4,-0.01,0.00,0.00,0.00,0.00,0.00,-0.03,0.05,87,-1,0,-3,0.0,-0.07
14.65,fly,99.86,0.14,0.280,1,918.0,121.7,-0.2,0.1,-0.04,0.09,102,104,-1,0.1,-0.1,0.3,0.3,-0.02,0.00,0.00,0.00,0.00,0.00,-0.03,0.08,87,-1,0,-3,-0.4,-0.06
14.75,fly,99.86,0.14,0.271,1,918.0,121.8,-0.2,0.1,-0.07,0.10,102,104,-1,0.1,-0.1,0.3,0.0,-0.03,0.00,0.00,0.00,0.00,0.00,-0.02,0.10,87,-1,0,-3,-0.7,-0.06
14.85,fly,99.89,0.11,0.262,1,918.0,121.8,-0.2,0.1,-0.09,0.10,103,104,-1,0.0,-0.1,0.3,-0.2,-0.03,-0.00,0.00,0.00,0.00,0.00,-0.04,0.12,87,-1,0,-3,-1.1,-0.05
14.95,fly,99.90,0.10,0.256,1,918.0,121.8,-0.2,0.1,-0.09,0.10,103,104,-1,0.0,-0.1,0.3,-0.2,-0.01,-0.00,0.00,0.00,0.00,0.00,-0.06,0.11,87,-1,0,-4,-1.1,-0.05
15.05,fly,99.93,0.07,0.255,1,918.0,121.8,-0.2,0.1,-0.04,0.06,103,104,-1,0.0,-0.1,0.2,-0.1,0.02,-0.00,0.00,0.00,0.00,0.00,-0.07,0.10,87,-1,0,-4,-1.6,-0.05
15.15,fly,99.94,0.06,0.257,1,918.0,121.8,-0.2,0.1,-0.04,0.05,103,104,-1,0.1,-0.1,0.2,0.1,0.03,-0.01,0.00,0.00,0.00,0.00,-0.03,0.07,87,-1,0,-4,-1.6,-0.05
15.25,fly,99.94,0.06,0.265,1,918.0,121.8,-0.2,0.1,-0.04,0.05,103,104,-1,0.1,-0.1,0.1,0.3,0.03,-0.01,0.00,0.00,0.00,0.00,-0.03,0.06,87,-1,0,-4,-1.6,-0.05
15.35,fly,99.93,0.07,0.271,1,918.0,121.8,-0.2,0.1,-0.04,0.05,103,104,-1,0.1,-0.1,0.1,0.4,0.02,-0.00,0.00,0.00,0.00,0.00,-0.03,0.06,87,-1,0,-4,-1.6,-0.05
15.45,fly,99.91,0.09,0.274,1,918.0,121.8,-0.2,0.1,-0.09,0.07,103,104,-1,0.0,-0.1,0.2,0.3,-0.00,0.00,0.00,0.00,0.00,0.00,-0.07,0.08,87,-1,0,-4,-2.1,-0.05
15.55,fly,99.90,0.10,0.274,1,918.0,121.8,-0.2,0.1,-0.09,0.07,103,103,-1,0.0,-0.1,0.2,0.1,-0.03,-0.00,0.00,0.00,0.00,0.00,-0.07,0.09,87,-1,0,-4,-2.1,-0.04
15.65,fly,99.90,0.10,0.271,1,917.9,121.8,-0.2,0.1,-0.09,0.10,103,103,-1,0.0,-0.1,0.1,-0.2,-0.05,-0.00,0.00,0.00,0.00,0.00,-0.06,0.11,87,-1,0,-4,-2.4,-0.03
15.75,fly,99.90,0.10,0.266,1,917.9,121.8,-0.2,0.1,-0.09,0.10,103,103,-1,0.0,-0.1,0.1,-0.4,-0.03,-0.01,0.00,0.00,0.00,0.00,-0.06,0.12,87,-1,0,-4,-2.4,-0.03
15.85,fly,99.91,0.09,0.265,1,917.9,121.8,-0.2,0.0,-0.09,0.09,103,103,-1,0.0,-0.1,0.1,-0.4,-0.00,-0.01,0.00,0.00,0.00,0.00,-0.07,0.10,87,-1,0,-4,-2.3,-0.03
15.95,fly,99.92,0.08,0.265,1,917.9,121.8,-0.2,0.0,-0.04,0.03,103,102,-1,0.0,-0.1,0.0,-0.2,0.03,-0.01,0.00,0.00,0.00,0.00,-0.07,0.08,87,-1,0,-4,-2.3,-0.03
16.05,fly,99.92,0.08,0.264,1,917.9,121.8,-0.1,0.0,-0.04,0.03,103,102,-1,0.0,-0.1,0.1,0.1,0.05,0.00,0.00,0.00,0.00,0.00,-0.04,0.04,87,-1,0,-4,-2.3,-0.03
16.15,fly,99.93,0.07,0.263,1,917.9,121.8,-0.1,0.0,-0.04,0.02,103,102,-1,0.0,-0.1,0.1,0.3,0.03,0.01,0.00,0.00,0.00,0.00,-0.04,0.03,87,-1,0,-3,-2.3,-0.02
16.25,fly,99.94,0.06,0.263,1,917.9,121.8,-0.1,0.0,-0.04,0.02,103,102,-1,0.0,-0.1,0.2,0.3,0.01,0.01,0.00,0.00,0.00,0.00,-0.04,0.03,87,-1,0,-3,-2.3,-0.02
16.35,fly,99.95,0.05,0.262,1,917.9,121.8,-0.1,0.0,-0.04,0.04,102,101,-1,0.0,-0.1,0.3,0.1,-0.03,0.01,0.00,0.00,0.00,0.00,-0.04,0.04,87,-1,0,-3,-2.3,-0.02
16.45,fly,99.95,0.05,0.263,1,917.9,121.9,-0.1,0.0,-0.09,0.07,102,101,-1,0.0,-0.1,0.2,-0.2,-0.05,-0.00,0.00,0.00,0.00,0.00,-0.03,0.06,87,-1,0,-3,-2.1,-0.02
16.55,fly,99.96,0.04,0.265,1,917.9,121.9,-0.1,0.0,-0.09,0.06,102,101,-1,-0.0,-0.1,0.2,-0.5,-0.04,-0.01,0.00,0.00,0.00,0.00,-0.07,0.08,87,-1,0,-3,-2.0,-0.01
16.65,fly,99.96,0.04,0.265,1,917.9,121.9,-0.1,0.0,-0.09,0.06,102,101,-1,-0.0,-0.1,0.1,-0.6,-0.01,-0.01,0.00,0.00,0.00,0.00,-0.07,0.07,87,-1,0,-3,-2.0,-0.01
16.75,fly,99.97,0.03,0.264,1,917.9,121.9,-0.1,0.0,-0.04,0.00,102,100,-1,0.0,-0.1,0.0,-0.4,0.02,-0.01,0.00,0.00,0.00,0.00,-0.06,0.05,87,-1,0,-5,-1.6,-0.07
16.85,fly,99.96,0.04,0.265,1,917.9,121.9,-0.1,0.0,-0.04,-0.02,101,100,-1,0.0,-0.0,-0.0,-0.1,0.05,-0.01,0.00,0.00,0.00,0.00,-0.04,0.01,87,-1,0,-8,-1.5,-0.13
16.95,fly,99.95,0.05,0.269,1,917.9,121.9,-0.1,0.0,-0.04,-0.02,101,100,-1,0.0,-0.0,0.0,0.2,0.05,0.00,0.00,0.00,0.00,0.00,-0.05,-0.01,87,-1,0,-11,-1.8,-0.19
17.05,fly,99.95,0.05,0.272,1,917.9,121.9,-0.1,0.0,-0.04,-0.02,101,100,-1,0.0,-0.0,0.1,0.4,0.03,0.01,0.00,0.00,0.00,0.00,-0.05,-0.01,87,-1,0,-14,-1.8,-0.24
17.15,fly,99.94,0.06,0.272,1,917.9,121.9,-0.1,0.0,-0.04,0.00,101,100,-1,0.0,-0.0,0.2,0.3,-0.00,0.01,0.00,0.00,0.00,0.00,-0.04,0.01,87,-1,0,-17,-2.6,-0.28
17.25,fly,99.94,0.06,0.270,1,917.9,121.9,-0.1,0.0,-0.04,0.05,101,100,-1,0.0,-0.1,0.2,0.1,-0.03,0.00,0.00,0.00,0.00,0.00,-0.04,0.04,87,-1,0,-19,-5.0,-0.32
17.35,fly,99.95,0.05,0.264,1,917.9,121.9,-0.1,0.0,-0.04,0.05,101,100,-1,0.0,-0.1,0.2,-0.2,-0.04,-0.00,0.00,0.00,0.00,0.00,-0.03,0.06,87,-1,0,-22,-7.0,-0.34
17.45,fly,99.96,0.04,0.258,1,917.9,121.9,-0.1,-0.0,-0.04,0.05,100,100,-1,0.0,-0.1,0.1,-0.3,-0.02,-0.01,0.00,0.00,0.00,0.00,-0.03,0.06,87,-1,0,-25,-7.0,-0.36
17.55,fly,99.98,0.02,0.257,1,917.8,121.9,-0.1,-0.0,-0.04,0.04,100,97,-1,0.0,-0.1,0.0,-0.2,0.01,-0.02,0.00,0.00,0.00,0.00,-0.04,0.05,87,-1,0,-28,-8.8,-0.32
17.65,fly,100.00,0.00,0.258,1,917.8,121.9,-0.1,-0.0,-0.09,0.01,99,97,-1,-0.0,-0.1,-0.1,-0.0,0.03,-0.01,0.00,0.00,0.00,0.00,-0.08,0.03,87,-1,0,-30,-12.3,-0.29
17.75,fly,99.99,0.01,0.263,1,917.8,121.9,-0.1,-0.0,-0.09,0.01,99,97,-1,-0.0,-0.1,-0.1,0.2,0.04,-0.01,0.00,0.00,0.00,0.00,-0.09,0.02,87,-1,0,-33,-12.3,-0.25
17.85,fly,99.98,0.02,0.270,1,917.8,121.9,-0.0,-0.0,-0.04,0.01,99,97,-1,0.0,-0.1,-0.1,0.4,0.04,0.00,0.00,0.00,0.00,0.00,-0.04,0.01,87,-1,0,-36,-15.0,-0.23
17.95,fly,99.96,0.04,0.273,1,917.8,121.9,-0.0,-0.0,0.00,0.03,98,92,-1,0.0,-0.1,0.0,0.5,0.01,0.01,0.00,0.00,0.00,0.00,-0.04,0.01,87,-1,0,-37,-16.1,-0.20
18.05,fly,99.95,0.05,0.273,1,917.8,121.9,-0.0,-0.0,0.00,0.03,97,92,-1,0.1,-0.1,0.1,0.3,-0.02,0.01,0.00,0.00,0.00,0.00,0.00,0.03,87,-1,0,-40,-16.1,-0.18
18.15,fly,99.95,0.05,0.270,1,917.8,121.9,-0.0,-0.0,0.00,0.07,96,92,-1,0.1,-0.1,0.2,0.1,-0.03,0.01,0.00,0.00,0.00,0.00,0.01,0.05,87,-1,0,-42,-17.5,-0.16
18.25,fly,99.97,0.03,0.263,1,917.8,121.9,-0.0,-0.0,0.00,0.07,95,92,-1,0.1,-0.1,0.2,-0.1,-0.02,0.00,0.00,0.00,0.00,0.00,0.01,0.07,87,-1,0,-44,-17.7,-0.15
18.35,fly,99.99,0.01,0.258,1,917.8,121.9,-0.0,-0.0,-0.02,0.06,94,85,-1,0.1,-0.1,0.2,-0.2,-0.01,-0.01,0.00,0.00,0.00,0.00,0.00,0.07,87,-1,0,-46,-17.5,-0.15
18.45,fly,100.00,-0.00,0.255,1,917.8,121.9,-0.0,-0.0,-0.02,0.06,92,85,-1,0.0,-0.1,0.0,-0.1,0.01,-0.02,0.00,0.00,0.00,0.00,-0.02,0.06,87,-1,0,-47,-17.5,-0.15
18.55,fly,100.01,-0.01,0.257,1,917.8,121.9,-0.0,-0.0,-0.04,0.05,91,85,-1,0.0,-0.1,-0.1,0.0,0.03,-0.02,0.00,0.00,0.00,0.00,-0.04,0.05,87,-1,0,-49,-16.9,-0.16
18.65,fly,100.00,-0.00,0.265,1,917.8,121.9,-0.0,-0.0,0.00,0.03,90,85,-1,0.0,-0.1,-0.2,0.2,0.03,-0.02,0.00,0.00,0.00,0.00,-0.04,0.04,87,-1,0,-51,-15.7,-0.17
18.75,fly,100.00,0.00,0.271,1,917.8,121.9,-0.0,-0.0,0.00,0.03,88,78,-1,0.0,-0.1,-0.3,0.3,0.02,-0.01,0.00,0.00,0.00,0.00,-0.00,0.03,87,-1,0,-52,-15.7,-0.19
18.85,fly,99.98,0.02,0.274,1,917.8,121.9,-0.0,-0.1,0.00,0.04,87,78,-1,0.0,-0.1,-0.2,0.2,-0.00,-0.00,0.00,0.00,0.00,0.00,-0.00,0.04,87,-1,0,-54,-15.2,-0.20
18.95,fly,99.97,0.03,0.273,1,917.8,121.9,-0.0,-0.1,0.00,0.05,86,78,-1,0.0,-0.1,-0.2,0.1,-0.02,0.00,0.00,0.00,0.00,0.00,-0.00,0.05,87,-1,0,-55,-14.9,-0.20
19.05,fly,99.97,0.03,0.267,1,917.8,121.9,-0.0,-0.1,0.04,0.05,84,78,-1,0.1,-0.1,-0.1,-0.1,-0.03,0.01,0.00,0.00,0.00,0.00,0.04,0.06,87,-1,0,-57,-14.9,-0.20
19.15,fly,100.00,-0.00,0.258,1,917.8,122.0,-0.0,-0.1,0.04,0.05,83,72,-1,0.1,-0.1,-0.0,-0.3,-0.03,0.01,0.00,0.00,0.00,0.00,0.04,0.06,87,-1,0,-58,-15.2,-0.20
19.25,fly,100.03,-0.03,0.251,1,917.8,122.0,-0.0,-0.1,0.04,0.05,81,72,-1,0.1,-0.1,-0.0,-0.4,-0.01,0.00,0.00,0.00,0.00,0.00,0.04,0.06,87,-1,0,-60,-15.1,-0.20
19.35,fly,100.04,-0.04,0.252,1,917.8,122.0,-0.0,-0.1,0.04,0.05,80,72,-1,0.1,-0.1,-0.0,-0.3,0.01,-0.01,0.00,0.00,0.00,0.00,0.03,0.06,87,-1,0,-61,-15.1,-0.20
19.45,fly,100.05,-0.05,0.257,1,917.8,122.0,-0.0,-0.1,0.00,0.04,79,72,-1,0.0,-0.1,-0.1,-0.3,0.01,-0.01,0.00,0.00,0.00,0.00,-0.01,0.04,87,-1,0,-63,-14.9,-0.20
19.55,fly,100.04,-0.04,0.265,1,917.8,122.0,-0.0,-0.1,0.00,0.04,77,66,-1,0.0,-0.1,-0.2,-0.2,0.01,-0.02,0.00,0.00,0.00,0.00,-0.01,0.03,87,-1,0,-65,-14.6,-0.21
19.65,fly,100.02,-0.02,0.273,1,917.8,122.0,-0.0,-0.1,0.00,0.03,75,66,-1,0.0,-0.1,-0.3,-0.1,0.01,-0.02,0.00,0.00,0.00,0.00,-0.01,0.03,87,-1,0,-66,-14.4,-0.21
19.75,fly,99.97,0.03,0.281,1,917.8,122.0,-0.0,-0.1,0.02,0.01,74,66,-1,0.0,-0.1,-0.3,-0.1,0.01,-0.01,0.00,0.00,0.00,0.00,-0.01,0.02,87,-1,0,-65,-14.4,-0.21
19.85,fly,99.95,0.05,0.282,1,917.8,122.0,-0.0,-0.1,0.02,0.01,73,66,-1,0.1,-0.1,-0.2,-0.1,-0.00,0.00,0.00,0.00,0.00,0.00,0.02,0.02,87,-1,0,-63,-14.4,-0.21
19.95,fly,99.94,0.06,0.277,1,917.8,122.0,-0.1,-0.1,0.04,0.00,71,60,-1,0.1,-0.1,-0.1,-0.2,-0.01,0.01,0.00,0.00,0.00,0.00,0.04,0.02,87,-1,0,-62,-15.1,-0.20
20.05,fly,99.95,0.05,0.269,1,917.8,122.0,-0.1,-0.1,0.04,-0.01,69,60,-1,0.1,-0.1,-0.1,-0.2,-0.01,0.01,0.00,0.00,0.00,0.00,0.04,0.02,87,-1,0,-60,-15.5,-0.20
20.15,fly,99.96,0.04,0.260,1,917.8,122.0,-0.1,-0.1,0.04,-0.01,68,60,-1,0.1,-0.1,-0.0,-0.3,-0.00,0.00,0.00,0.00,0.00,0.00,0.04,0.01,87,-1,0,-59,-15.5,-0.19
20.25,fly,99.99,0.01,0.252,1,917.8,122.0,-0.1,-0.1,0.04,-0.01,67,60,-1,0.1,-0.1,-0.0,-0.2,0.01,-0.01,0.00,0.00,0.00,0.00,0.04,0.01,87,-1,0,-58,-15.7,-0.19
20.35,fly,100.01,-0.01,0.252,1,917.8,122.0,-0.1,-0.1,0.00,-0.01,65,54,-1,0.1,-0.1,-0.1,-0.2,0.01,-0.01,0.00,0.00,0.00,0.00,0.00,-0.01,87,-1,0,-56,-15.6,-0.19
20.45,fly,100.02,-0.02,0.259,1,917.8,122.0,-0.1,-0.1,0.00,-0.01,63,54,-1,0.1,-0.1,-0.1,-0.1,0.01,-0.01,0.00,0.00,0.00,0.00,0.01,-0.01,87,-1,0,-54,-15.3,-0.19
20.55,fly,100.00,-0.00,0.267,1,917.8,122.0,-0.1,-0.1,0.00,-0.02,62,54,-1,0.1,-0.1,-0.2,-0.0,0.01,-0.01,0.00,0.00,0.00,0.00,0.01,-0.01,87,-1,0,-53,-14.7,-0.20
20.65,fly,99.98,0.02,0.275,1,917.8,122.0,-0.1,-0.1,0.00,-0.02,61,54,-1,0.1,-0.1,-0.3,0.0,0.02,-0.01,0.00,0.00,0.00,0.00,0.01,-0.01,87,-1,0,-52,-14.7,-0.21
20.75,fly,99.96,0.04,0.279,1,917.8,122.0,-0.1,-0.1,0.00,-0.03,59,48,-1,0.1,-0.1,-0.3,0.1,0.01,-0.01,0.00,0.00,0.00,0.00,0.01,-0.02,87,-1,0,-50,-15.0,-0.21
20.85,fly,99.96,0.04,0.274,1,917.8,122.0,-0.1,-0.1,0.00,-0.03,57,48,-1,0.1,-0.0,-0.2,0.1,0.01,-0.00,0.00,0.00,0.00,0.00,0.01,-0.02,87,-1,0,-48,-15.0,-0.20
20.95,fly,99.97,0.03,0.265,1,917.8,122.0,-0.1,-0.1,0.04,-0.03,56,48,-1,0.1,-0.1,-0.2,0.1,0.01,-0.00,0.00,0.00,0.00,0.00,0.05,0.00,87,-1,0,-47,-15.6,-0.19
21.05,fly,99.99,0.01,0.257,1,917.8,122.0,-0.1,-0.1,0.04,-0.03,55,48,-1,0.1,-0.1,-0.2,0.2,0.01,-0.00,0.00,0.00,0.00,0.00,0.05,0.00,87,-1,0,-46,-15.6,-0.19
21.15,fly,100.02,-0.02,0.250,1,917.9,122.0,-0.1,-0.1,0.04,-0.03,53,42,-1,0.1,-0.1,-0.2,0.1,-0.00,-0.00,0.00,0.00,0.00,0.00,0.05,0.00,87,-1,0,-44,-15.8,-0.18
21.25,fly,100.04,-0.04,0.252,1,917.9,121.9,-0.1,-0.1,0.04,-0.03,51,42,-1,0.1,-0.1,-0.2,0.0,-0.01,-0.00,0.00,0.00,0.00,0.00,0.05,0.00,87,-1,0,-42,-15.6,-0.19
21.35,fly,100.04,-0.04,0.259,1,917.9,121.9,-0.1,-0.1,0.04,-0.03,50,42,-1,0.1,-0.1,-0.2,-0.1,-0.01,-0.00,0.00,0.00,0.00,0.00,0.05,0.00,87,-1,0,-41,-15.0,-0.19
21.45,fly,100.02,-0.02,0.268,1,917.9,121.9,-0.1,-0.1,0.04,-0.03,49,42,-1,0.1,-0.1,-0.2,-0.2,-0.01,-0.01,0.00,0.00,0.00,0.00,0.05,0.00,87,-1,0,-39,-14.7,-0.20
21.55,fly,100.00,-0.00,0.276,1,917.9,121.9,-0.1,-0.1,0.04,-0.03,47,36,-1,0.1,-0.1,-0.2,-0.2,-0.01,-0.01,0.00,0.00,0.00,0.00,0.05,0.01,87,-1,0,-38,-14.7,-0.21
21.65,fly,99.98,0.02,0.280,1,917.9,121.9,-0.1,-0.1,0.04,-0.04,45,36,-1,0.1,-0.1,-0.2,-0.2,0.00,-0.00,0.00,0.00,0.00,0.00,0.06,0.01,87,-1,0,-36,-14.7,-0.21
21.75,fly,99.96,0.04,0.275,1,917.9,121.9,-0.1,-0.1,0.04,-0.04,44,36,-1,0.1,-0.1,-0.1,-0.2,0.01,0.00,0.00,0.00,0.00,0.00,0.06,0.01,87,-1,0,-35,-15.3,-0.20
21.85,fly,99.98,0.02,0.266,1,917.9,121.9,-0.1,-0.0,0.04,-0.04,43,36,-1,0.1,-0.1,-0.0,-0.1,0.01,0.00,0.00,0.00,0.00,0.00,0.06,0.00,87,-1,0,-33,-15.7,-0.19
21.95,fly,100.00,-0.00,0.257,1,917.9,121.9,-0.1,-0.0,0.04,-0.05,41,30,-1,0.1,-0.1,-0.0,-0.0,0.01,0.00,0.00,0.00,0.00,0.00,0.06,0.00,87,-1,0,-31,-15.8,-0.19
22.05,fly,100.01,-0.01,0.251,1,917.9,121.9,-0.1,-0.0,0.04,-0.05,39,30,-1,0.1,-0.1,0.0,-0.1,-0.00,0.00,0.00,0.00,0.00,0.00,0.06,0.00,87,-1,0,-30,-15.8,-0.18
22.15,fly,100.03,-0.03,0.253,1,917.9,121.9,-0.1,-0.0,0.04,-0.04,38,30,-1,0.1,-0.1,0.1,-0.1,-0.01,0.00,0.00,0.00,0.00,0.00,0.07,0.00,87,-1,0,-28,-15.3,-0.19
22.25,fly,100.03,-0.03,0.261,1,917.9,121.9,-0.1,-0.0,0.00,-0.04,37,30,-1,0.1,-0.1,0.1,-0.2,-0.01,0.00,0.00,0.00,0.00,0.00,0.06,0.01,87,-1,0,-27,-15.0,-0.19
22.35,fly,100.01,-0.01,0.269,1,917.9,121.9,-0.1,-0.0,0.00,-0.04,35,24,-1,0.1,-0.1,0.1,-0.3,-0.01,0.00,0.00,0.00,0.00,0.00,0.04,-0.02,87,-1,0,-25,-14.7,-0.20
22.45,fly,99.99,0.01,0.278,1,917.9,121.9,-0.1,-0.0,0.00,-0.04,33,24,-1,0.1,-0.1,0.1,-0.3,-0.01,-0.00,0.00,0.00,0.00,0.00,0.04,-0.02,87,-1,0,-24,-14.7,-0.18
22.55,fly,99.96,0.04,0.280,1,917.9,121.9,-0.1,-0.0,0.00,-0.04,32,24,-1,0.1,-0.1,0.1,-0.3,-0.00,-0.00,0.00,0.00,0.00,0.00,0.04,-0.02,87,-1,0,-22,-15.1,-0.15
22.65,fly,99.96,0.04,0.272,1,917.9,121.9,-0.1,-0.0,0.00,-0.04,30,24,-1,0.1,-0.1,0.1,-0.3,-0.00,-0.00,0.00,0.00,0.00,0.00,0.03,-0.02,87,-1,0,-21,-15.5,-0.12
22.75,fly,99.97,0.03,0.264,1,917.9,121.9,-0.1,-0.0,0.00,-0.04,29,18,-1,0.1,-0.1,0.1,-0.3,-0.00,-0.00,0.00,0.00,0.00,0.00,0.03,-0.02,87,-1,0,-19,-15.5,-0.08
22.85,fly,100.00,0.00,0.255,1,917.9,121.9,-0.1,-0.0,0.00,-0.04,27,18,-1,0.1,-0.1,0.1,-0.3,0.00,-0.01,0.00,0.00,0.00,0.00,0.03,-0.02,87,-1,0,-18,-15.8,-0.04
22.95,fly,100.03,-0.03,0.251,1,917.9,121.9,-0.1,-0.0,-0.04,-0.03,26,18,-1,0.1,-0.0,0.1,-0.3,0.00,-0.01,0.00,0.00,0.00,0.00,0.02,-0.03,87,-1,0,-16,-14.6,-0.01
23.05,fly,100.03,-0.03,0.259,1,917.9,121.9,-0.1,0.0,-0.04,-0.03,24,18,-1,0.1,-0.0,0.0,-0.3,0.01,-0.01,0.00,0.00,0.00,0.00,0.01,-0.05,87,-1,0,-15,-14.6,-0.01
23.15,fly,100.01,-0.01,0.267,1,917.9,121.9,-0.1,0.0,-0.04,-0.03,22,12,-1,0.1,-0.0,-0.0,-0.2,0.01,-0.01,0.00,0.00,0.00,0.00,0.01,-0.05,87,-1,0,-13,-11.9,0.00
23.25,fly,100.00,0.00,0.275,1,917.9,121.9,-0.1,0.0,-0.04,-0.03,21,12,-1,0.1,-0.0,-0.0,-0.2,0.01,-0.01,0.00,0.00,0.00,0.00,0.02,-0.05,87,-1,0,-12,-11.9,0.01
23.35,fly,99.96,0.04,0.281,1,917.9,121.9,-0.1,0.0,-0.04,-0.03,20,12,-1,0.1,-0.0,0.0,-0.1,0.01,0.01,0.00,0.00,0.00,0.00,0.02,-0.05,87,-1,0,-10,-9.4,0.01
23.45,fly,99.95,0.05,0.278,1,917.9,121.9,-0.1,0.0,-0.04,-0.03,18,12,-1,0.1,-0.0,0.1,-0.0,0.01,0.02,0.00,0.00,0.00,0.00,0.02,-0.05,87,-1,0,-9,-9.4,0.00
23.55,fly,99.95,0.05,0.270,1,917.9,121.9,-0.1,0.0,-0.04,-0.03,17,8,-1,0.1,-0.0,0.2,0.1,0.02,0.01,0.00,0.00,0.00,0.00,0.02,-0.05,87,-1,0,-8,-7.3,0.01
23.65,fly,99.98,0.02,0.261,1,917.9,121.9,-0.1,0.0,-0.04,-0.02,15,8,-1,0.1,-0.0,0.3,0.1,0.02,0.01,0.00,0.00,0.00,0.00,0.01,-0.05,87,-1,0,-6,-6.4,0.02
23.75,fly,99.99,0.01,0.253,1,917.9,121.9,-0.1,0.0,-0.04,-0.02,14,8,-1,0.1,-0.0,0.3,0.2,0.01,0.00,0.00,0.00,0.00,0.00,0.01,-0.05,87,-1,0,-5,-6.4,0.02
23.85,fly,100.02,-0.02,0.251,1,917.9,121.9,-0.1,0.0,-0.04,-0.01,13,8,-1,0.1,-0.0,0.3,0.2,-0.00,-0.01,0.00,0.00,0.00,0.00,0.00,-0.05,87,-1,0,-4,-5.5,0.03
23.95,fly,100.04,-0.04,0.255,1,917.9,121.9,-0.1,0.0,-0.04,0.00,12,6,-1,0.1,-0.0,0.2,0.1,-0.00,-0.02,0.00,0.00,0.00,0.00,-0.00,-0.04,87,-1,0,-3,-4.1,0.04
24.05,fly,100.03,-0.03,0.263,1,917.9,121.9,-0.1,0.0,0.00,0.01,11,6,-1,0.1,-0.0,0.0,0.1,-0.00,-0.02,0.00,0.00,0.00,0.00,-0.01,-0.04,87,-1,0,-2,-3.6,0.04
24.15,fly,100.01,-0.01,0.271,1,917.9,121.9,-0.1,0.0,0.00,0.00,10,6,-1,0.1,-0.1,-0.1,0.1,0.00,-0.02,0.00,0.00,0.00,0.00,-0.01,0.00,87,-1,0,-1,-3.1,0.05
24.25,fly,99.99,0.01,0.276,1,917.9,121.9,-0.1,0.0,0.00,-0.01,10,6,-1,0.1,-0.1,-0.1,0.1,0.00,-0.00,0.00,0.00,0.00,0.00,-0.00,0.00,87,-1,0,-0,-2.5,0.05
24.35,fly,99.98,0.02,0.276,1,917.9,121.9,-0.1,0.0,0.00,-0.01,9,4,-1,0.1,-0.1,0.1,0.1,0.00,0.03,0.00,0.00,0.00,0.00,0.01,-0.00,87,-1,0,0,-2.5,0.06
24.45,fly,99.96,0.04,0.274,1,917.9,121.9,-0.1,0.0,0.00,-0.02,8,4,-1,0.1,-0.1,0.4,0.1,0.01,0.04,0.00,0.00,0.00,0.00,0.02,-0.00,87,-1,0,1,-1.3,0.06
24.55,fly,99.97,0.03,0.265,1,917.9,121.9,-0.1,0.0,0.00,-0.02,8,4,-1,0.1,-0.1,0.6,0.1,0.01,0.04,0.00,0.00,0.00,0.00,0.02,-0.00,87,-1,0,2,-1.3,0.06
24.65,fly,99.98,0.02,0.259,1,917.9,121.8,-0.1,0.0,0.00,-0.01,7,4,-1,0.1,-0.1,0.7,0.2,0.01,0.02,0.00,0.00,0.00,0.00,0.01,-0.00,87,-1,0,2,-0.8,0.06
24.75,fly,99.99,0.01,0.258,1,917.9,121.8,-0.1,0.0,0.00,0.01,7,4,-1,0.0,-0.1,0.6,0.2,0.01,-0.02,0.00,0.00,0.00,0.00,-0.01,0.00,87,-1,0,3,-0.2,0.05
24.85,fly,100.00,-0.00,0.261,1,917.9,121.9,-0.1,0.0,0.00,0.04,6,4,-1,0.0,-0.1,0.4,0.3,0.01,-0.03,0.00,0.00,0.00,0.00,-0.04,0.00,87,-1,0,3,0.2,0.05
24.95,fly,100.00,0.00,0.269,1,917.9,121.9,-0.1,0.0,0.00,0.06,6,4,-1,0.0,-0.1,0.1,0.3,0.02,-0.04,0.00,0.00,0.00,0.00,-0.06,0.01,87,-1,0,3,0.5,0.05
25.05,fly,99.98,0.02,0.275,1,917.9,121.9,-0.1,0.0,0.00,0.07,6,4,-1,-0.0,-0.1,-0.1,0.3,0.01,-0.03,0.00,0.00,0.00,0.00,-0.07,0.01,87,-1,0,4,0.9,0.05
25.15,fly,99.95,0.05,0.279,1,917.9,121.9,-0.1,0.0,0.02,0.04,6,4,-1,-0.0,-0.1,-0.1,0.3,0.00,-0.01,0.00,0.00,0.00,0.00,-0.06,0.01,87,-1,0,4,1.9,0.05
25.25,fly,99.94,0.06,0.277,1,917.9,121.9,-0.1,0.0,0.04,0.03,5,4,-1,0.0,-0.1,0.0,0.2,-0.01,0.01,0.00,0.00,0.00,0.00,-0.04,0.03,87,-1,0,4,2.2,0.04
25.35,fly,99.94,0.06,0.272,1,917.9,121.9,-0.1,-0.0,0.04,0.03,5,4,-1,0.0,-0.1,0.2,0.1,-0.01,0.02,0.00,0.00,0.00,0.00,-0.02,0.05,87,-1,0,4,2.2,0.04
25.45,fly,99.96,0.04,0.263,1,917.9,121.9,-0.1,-0.0,0.04,0.02,5,4,-1,0.0,-0.1,0.3,0.0,-0.01,0.02,0.00,0.00,0.00,0.00,-0.01,0.05,87,-1,0,4,2.4,0.04
25.55,fly,99.97,0.03,0.255,1,917.9,121.9,-0.1,-0.0,0.04,0.02,5,5,-1,0.0,-0.1,0.4,-0.0,-0.00,0.01,0.00,0.00,0.00,0.00,-0.01,0.05,87,-1,0,4,2.4,0.04
25.65,fly,100.00,0.00,0.253,1,917.9,121.9,-0.1,-0.0,0.04,0.02,5,5,-1,0.0,-0.1,0.4,0.0,0.01,-0.00,0.00,0.00,0.00,0.00,-0.02,0.05,87,-1,0,4,2.3,0.04
25.75,fly,100.01,-0.01,0.257,1,917.9,121.9,-0.1,-0.0,0.04,0.05,5,5,-1,0.0,-0.1,0.3,0.1,0.02,-0.01,0.00,0.00,0.00,0.00,-0.03,0.05,87,-1,0,4,2.3,0.03
25.85,fly,100.01,-0.01,0.265,1,917.9,121.9,-0.1,-0.0,0.04,0.05,5,5,-1,0.0,-0.1,0.2,0.2,0.02,-0.02,0.00,0.00,0.00,0.00,-0.04,0.05,87,-1,0,4,2.3,0.03
25.95,fly,99.98,0.02,0.273,1,917.9,121.9,-0.1,-0.0,0.04,0.05,5,6,-1,-0.0,-0.1,0.1,0.3,0.02,-0.02,0.00,0.00,0.00,0.00,-0.05,0.05,87,-1,0,4,2.0,0.04
26.05,fly,99.95,0.05,0.281,1,917.9,121.9,-0.1,-0.0,0.04,0.05,5,6,-1,-0.0,-0.1,-0.0,0.3,0.01,-0.01,0.00,0.00,0.00,0.00,-0.05,0.05,87,-1,0,4,1.7,0.03
26.15,fly,99.94,0.06,0.282,1,917.9,121.9,-0.1,-0.0,0.04,0.05,6,6,-1,-0.0,-0.1,-0.0,0.3,-0.00,-0.00,0.00,0.00,0.00,0.00,-0.05,0.05,87,-1,0,4,1.7,0.04
26.25,fly,99.93,0.07,0.277,1,917.9,121.9,-0.1,-0.0,0.04,0.05,6,6,-1,-0.0,-0.1,-0.0,0.2,-0.01,-0.00,0.00,0.00,0.00,0.00,-0.05,0.05,87,-1,0,4,1.6,0.04
26.35,fly,99.94,0.06,0.268,1,917.9,121.9,-0.1,-0.0,0.04,0.05,6,7,-1,-0.0,-0.1,-0.0,0.1,-0.00,-0.00,0.00,0.00,0.00,0.00,-0.05,0.05,87,-1,0,3,1.2,0.04
26.45,fly,99.97,0.03,0.259,1,917.9,121.9,-0.1,-0.0,0.04,0.05,6,7,-1,-0.0,-0.1,-0.0,0.1,-0.00,-0.01,0.00,0.00,0.00,0.00,-0.05,0.05,87,-1,0,3,1.4,0.04
26.55,fly,99.99,0.01,0.251,1,917.9,121.9,-0.1,-0.1,0.04,0.05,6,7,-1,-0.0,-0.1,-0.0,0.1,0.01,0.00,0.00,0.00,0.00,0.00,-0.04,0.05,87,-1,0,3,1.4,0.03
26.65,fly,100.02,-0.02,0.250,1,917.9,121.9,-0.1,-0.1,0.04,0.04,6,7,-1,-0.0,-0.1,0.0,0.1,0.01,0.00,0.00,0.00,0.00,0.00,-0.04,0.05,87,-1,0,3,0.9,0.04
26.75,fly,100.03,-0.03,0.257,1,917.9,121.9,-0.1,-0.1,0.04,0.04,6,7,-1,0.0,-0.1,0.0,0.2,0.01,0.00,0.00,0.00,0.00,0.00,-0.04,0.05,87,-1,0,3,0.7,0.04
26.85,fly,100.02,-0.02,0.265,1,917.9,121.9,-0.1,-0.1,0.04,0.04,6,7,-1,0.0,-0.1,0.1,0.2,0.01,-0.00,0.00,0.00,0.00,0.00,-0.04,0.05,87,-1,0,3,0.0,0.04
26.95,fly,100.01,-0.01,0.273,1,917.9,121.9,-0.2,-0.1,0.04,0.04,7,7,-1,0.0,-0.1,0.1,0.3,0.01,-0.00,0.00,0.00,0.00,0.00,-0.04,0.05,87,-1,0,3,0.0,0.05
27.05,fly,99.98,0.02,0.278,1,917.9,122.0,-0.2,-0.1,0.04,0.04,7,7,-1,-0.0,-0.1,0.0,0.2,-0.00,-0.00,0.00,0.00,0.00,0.00,-0.04,0.05,87,-1,0,3,0.0,0.05
27.15,fly,99.97,0.03,0.276,1,917.9,122.0,-0.2,-0.1,0.04,0.04,7,7,-1,-0.0,-0.1,0.0,0.1,-0.01,-0.01,0.00,0.00,0.00,0.00,-0.04,0.05,87,-1,0,2,0.6,0.04
27.25,fly,99.98,0.02,0.267,1,917.9,122.0,-0.2,-0.1,0.04,0.04,7,7,-1,-0.0,-0.1,-0.0,0.0,-0.01,-0.01,0.00,0.00,0.00,0.00,-0.04,0.05,87,-1,0,2,0.7,0.03
27.35,fly,100.01,-0.01,0.258,1,918.0,122.0,-0.2,-0.1,0.09,0.04,7,7,-1,0.0,-0.2,-0.1,-0.1,-0.01,-0.01,0.00,0.00,0.00,0.00,-0.03,0.09,87,-1,0,2,0.5,0.03
27.45,fly,100.04,-0.04,0.251,1,918.0,122.0,-0.2,-0.1,0.04,0.04,7,7,-1,0.0,-0.2,-0.1,-0.1,0.00,-0.01,0.00,0.00,0.00,0.00,-0.03,0.09,87,-1,0,2,0.8,0.03
27.55,fly,100.05,-0.05,0.253,1,918.0,122.0,-0.2,-0.1,0.04,0.04,7,8,-1,0.0,-0.1,-0.2,-0.1,0.01,-0.01,0.00,0.00,0.00,0.00,-0.03,0.05,87,-1,0,2,0.8,0.03
27.65,fly,100.04,-0.04,0.261,1,918.0,122.0,-0.2,-0.1,0.04,0.03,7,8,-1,0.0,-0.2,-0.3,-0.0,0.01,-0.02,0.00,0.00,0.00,0.00,-0.03,0.05,87,-1,0,2,0.4,0.03
27.75,fly,100.03,-0.03,0.269,1,918.0,122.0,-0.2,-0.1,0.04,0.02,7,8,-1,0.0,-0.2,-0.3,0.0,0.01,-0.02,0.00,0.00,0.00,0.00,-0.02,0.05,87,-1,0,2,0.7,0.03
27.85,fly,100.00,-0.00,0.276,1,918.0,122.0,-0.2,-0.1,0.04,0.02,7,8,-1,0.0,-0.2,-0.3,0.0,0.00,-0.01,0.00,0.00,0.00,0.00,-0.02,0.05,87,-1,0,2,0.1,0.02
27.95,fly,99.99,0.01,0.277,1,918.0,122.0,-0.2,-0.1,0.04,0.02,7,8,-1,0.0,-0.2,-0.3,-0.0,-0.01,0.00,0.00,0.00,0.00,0.00,-0.01,0.05,87,-1,0,2,0.1,0.03
28.05,fly,99.99,0.01,0.271,1,918.0,122.0,-0.2,-0.1,0.04,0.01,7,8,-1,0.0,-0.2,-0.2,-0.1,-0.01,0.01,0.00,0.00,0.00,0.00,-0.00,0.04,87,-1,0,2,0.3,0.03
28.15,fly,100.01,-0.01,0.262,1,918.0,122.0,-0.2,-0.1,0.04,-0.00,8,8,-1,0.0,-0.2,-0.2,-0.2,-0.01,0.00,0.00,0.00,0.00,0.00,0.00,0.04,87,-1,0,2,0.2,0.03
28.25,fly,100.04,-0.04,0.253,1,918.0,122.0,-0.2,-0.1,0.04,-0.01,8,8,-1,0.0,-0.2,-0.1,-0.3,-0.01,0.00,0.00,0.00,0.00,0.00,0.01,0.04,87,-1,0,2,0.2,0.03
28.35,fly,100.05,-0.05,0.250,1,918.0,122.0,-0.2,-0.1,0.04,-0.01,8,8,-1,0.0,-0.2,-0.1,-0.3,-0.01,0.00,0.00,0.00,0.00,0.00,0.01,0.04,87,-1,0,2,0.2,0.03
28.45,fly,100.05,-0.05,0.257,1,918.0,122.0,-0.2,-0.1,0.04,-0.01,8,8,-1,0.0,-0.2,-0.1,-0.4,-0.01,-0.00,0.00,0.00,0.00,0.00,0.02,0.04,87,-1,0,2,0.2,0.03
28.55,fly,100.04,-0.04,0.265,1,918.0,122.0,-0.2,-0.1,0.02,-0.01,8,8,-1,0.0,-0.2,-0.1,-0.4,-0.01,-0.00,0.00,0.00,0.00,0.00,0.02,0.04,87,-1,0,2,0.2,0.03
28.65,fly,100.03,-0.03,0.273,1,918.0,122.0,-0.2,-0.1,0.02,-0.01,8,8,-1,0.0,-0.1,-0.1,-0.5,-0.00,-0.00,0.00,0.00,0.00,0.00,0.02,0.02,87,-1,0,1,0.2,0.03
28.75,fly,99.98,0.02,0.281,1,918.0,122.0,-0.2,-0.1,0.00,-0.02,8,8,-1,0.0,-0.1,-0.0,-0.4,0.01,0.00,0.00,0.00,0.00,0.00,0.02,-0.00,87,-1,0,1,0.1,0.03
28.85,fly,99.96,0.04,0.281,1,918.0,122.0,-0.2,-0.1,0.00,-0.02,8,8,-1,0.0,-0.1,0.0,-0.3,0.01,0.01,0.00,0.00,0.00,0.00,0.02,-0.00,87,-1,0,1,0.1,0.03
28.95,fly,99.96,0.04,0.273,1,918.0,122.0,-0.2,-0.1,0.00,-0.02,8,8,-1,0.1,-0.1,0.1,-0.3,0.01,0.01,0.00,0.00,0.00,0.00,0.02,-0.00,87,-1,0,1,0.1,0.03
29.05,fly,99.97,0.03,0.264,1,918.0,122.0,-0.2,-0.1,0.00,-0.02,8,8,-1,0.1,-0.1,0.1,-0.2,0.02,0.00,0.00,0.00,0.00,0.00,0.02,-0.00,87,-1,0,1,0.1,0.03
29.15,fly,100.00,0.00,0.255,1,918.0,122.0,-0.2,-0.1,0.00,-0.02,8,8,-1,0.1,-0.1,0.2,-0.1,0.02,0.00,0.00,0.00,0.00,0.00,0.02,-0.00,87,-1,0,1,0.1,0.03
29.25,fly,100.04,-0.04,0.248,1,918.0,122.0,-0.2,-0.1,0.00,-0.01,8,8,-1,0.0,-0.1,0.2,-0.1,0.00,0.00,0.00,0.00,0.00,0.00,0.01,-0.00,87,-1,0,1,0.1,0.02
29.35,fly,100.06,-0.06,0.250,1,918.0,122.0,-0.2,-0.1,0.00,-0.01,8,8,-1,0.0,-0.1,0.2,-0.1,-0.01,0.00,0.00,0.00,0.00,0.00,0.01,-0.00,87,-1,0,1,0.1,0.02
29.45,fly,100.06,-0.06,0.257,1,918.0,122.0,-0.2,-0.1,-0.04,-0.00,8,8,-1,0.0,-0.1,0.2,-0.2,-0.00,-0.00,0.00,0.00,0.00,0.00,0.01,-0.00,87,-1,0,1,0.0,0.02
29.55,fly,100.05,-0.05,0.265,1,918.0,122.0,-0.2,-0.1,-0.04,-0.00,8,8,-1,0.0,-0.1,0.2,-0.2,-0.00,-0.00,0.00,0.00,0.00,0.00,-0.00,-0.04,87,-1,0,1,0.0,0.03
29.65,fly,100.02,-0.02,0.273,1,918.0,122.0,-0.2,-0.1,-0.04,0.00,8,8,-1,0.0,-0.1,0.2,-0.2,-0.00,-0.00,0.00,0.00,0.00,0.00,-0.01,-0.04,87,-1,0,1,0.0,0.02
29.75,fly,99.99,0.01,0.282,1,918.0,122.0,-0.2,-0.1,-0.04,0.00,8,8,-1,0.0,-0.1,0.1,-0.2,0.00,-0.00,0.00,0.00,0.00,0.00,-0.01,-0.04,87,-1,0,1,0.0,0.02
29.85,fly,99.96,0.04,0.285,1,918.0,122.0,-0.2,-0.1,-0.04,0.01,8,8,-1,0.0,-0.1,0.1,-0.2,0.00,-0.01,0.00,0.00,0.00,0.00,-0.01,-0.04,87,-1,0,1,0.0,0.02
29.95,fly,99.95,0.05,0.277,1,918.0,122.0,-0.2,-0.1,-0.04,0.01,8,8,-1,0.0,-0.1,0.1,-0.2,0.01,-0.01,0.00,0.00,0.00,0.00,-0.01,-0.04,87,-1,0,1,0.0,0.02
30.05,fly,99.96,0.04,0.269,1,918.0,122.0,-0.2,-0.1,-0.04,0.01,8,8,-1,0.0,-0.1,0.0,-0.2,0.01,-0.01,0.00,0.00,0.00,0.00,-0.02,-0.04,87,-1,0,1,0.0,0.02
30.15,fly,99.97,0.03,0.260,1,918.0,122.0,-0.2,-0.1,-0.04,0.01,8,8,-1,0.0,-0.1,-0.0,-0.1,0.01,-0.01,0.00,0.00,0.00,0.00,-0.02,-0.04,87,-1,0,1,0.0,0.02
30.25,fly,100.02,-0.02,0.251,1,918.0,122.0,-0.2,-0.1,-0.04,0.01,8,8,-1,0.0,-0.1,-0.0,-0.1,0.00,-0.00,0.00,0.00,0.00,0.00,-0.01,-0.04,87,-1,0,1,0.0,0.02
30.35,fly,100.03,-0.03,0.251,1,918.0,122.0,-0.2,-0.1,-0.04,0.01,8,8,-1,0.0,-0.1,-0.0,-0.1,0.00,-0.00,0.00,0.00,0.00,0.00,-0.01,-0.04,87,-1,0,1,0.0,0.02
30.45,fly,100.04,-0.04,0.258,1,918.0,122.0,-0.2,-0.1,-0.04,0.01,8,8,-1,0.0,-0.1,-0.0,-0.1,0.00,-0.00,0.00,0.00,0.00,0.00,-0.01,-0.04,87,-1,0,1,0.2,0.02
30.55,fly,100.03,-0.03,0.266,1,918.0,122.0,-0.2,-0.1,-0.04,0.01,8,8,-1,0.0,-0.1,-0.0,-0.1,0.01,-0.00,0.00,0.00,0.00,0.00,-0.01,-0.04,87,-1,0,1,0.0,0.02
30.65,fly,99.99,0.01,0.274,1,918.0,122.0,-0.2,-0.1,-0.04,0.00,8,8,-1,0.0,-0.1,-0.1,-0.1,0.01,-0.01,0.00,0.00,0.00,0.00,-0.01,-0.04,87,-1,0,1,0.0,0.02
30.75,fly,99.97,0.03,0.282,1,918.0,122.0,-0.2,-0.1,-0.04,0.00,8,8,-1,0.0,-0.1,-0.0,-0.1,0.00,0.00,0.00,0.00,0.00,0.00,-0.01,-0.04,87,-1,0,1,0.0,0.02
30.85,fly,99.95,0.05,0.282,1,917.9,122.0,-0.2,-0.1,-0.04,0.00,8,8,-1,0.0,-0.1,0.0,-0.1,-0.00,0.00,0.00,0.00,0.00,0.00,-0.01,-0.04,87,-1,0,1,0.0,0.02
30.95,fly,99.94,0.06,0.274,1,917.9,122.0,-0.2,-0.1,-0.04,0.00,8,8,-1,0.0,-0.1,0.0,-0.1,0.00,0.00,0.00,0.00,0.00,0.00,-0.01,-0.04,87,-1,0,1,0.0,0.02
31.05,fly,99.96,0.04,0.265,1,917.9,122.0,-0.2,-0.1,-0.04,0.00,8,8,-1,0.0,-0.1,0.1,-0.1,0.00,0.00,0.00,0.00,0.00,0.00,-0.01,-0.04,87,-1,0,1,0.0,0.02
31.15,fly,99.99,0.01,0.255,1,917.9,122.0,-0.2,-0.1,-0.04,0.00,8,8,-1,0.0,-0.1,0.1,-0.1,0.01,-0.00,0.00,0.00,0.00,0.00,-0.01,-0.04,87,-1,0,1,0.0,0.02
31.25,fly,100.01,-0.01,0.252,1,917.9,122.0,-0.2,-0.1,-0.04,0.01,8,8,-1,0.0,-0.1,0.1,-0.1,0.01,-0.00,0.00,0.00,0.00,0.00,-0.01,-0.04,87,-1,0,1,0.0,0.02
31.35,fly,100.01,-0.01,0.260,1,917.9,122.0,-0.2,-0.1,-0.04,0.01,8,8,-1,0.0,-0.1,0.1,-0.0,0.01,-0.00,0.00,0.00,0.00,0.00,-0.01,-0.04,87,-1,0,1,0.0,0.02
31.45,fly,100.00,-0.00,0.267,1,917.9,122.0,-0.1,-0.1,-0.04,0.01,8,8,-1,0.0,-0.1,0.0,0.0,0.01,-0.01,0.00,0.00,0.00,0.00,-0.01,-0.04,87,-1,0,1,0.0,0.02
31.55,fly,99.97,0.03,0.276,1,917.9,122.0,-0.1,-0.1,-0.04,0.01,8,8,-1,0.0,-0.1,0.0,0.1,0.01,-0.01,0.00,0.00,0.00,0.00,-0.01,-0.04,87,-1,0,1,0.0,0.02
31.65,fly,99.95,0.05,0.282,1,917.9,122.0,-0.1,-0.1,-0.04,0.01,8,8,-1,0.0,-0.1,-0.0,0.0,-0.00,-0.01,0.00,0.00,0.00,0.00,-0.01,-0.04,87,-1,0,1,0.0,0.02
31.75,fly,99.94,0.06,0.279,1,917.9,122.0,-0.1,-0.1,-0.04,0.01,8,8,-1,0.0,-0.1,-0.1,-0.0,-0.01,-0.01,0.00,0.00,0.00,0.00,-0.01,-0.04,87,-1,0,1,0.0,0.02
31.85,fly,99.95,0.05,0.270,1,917.9,122.0,-0.1,-0.1,-0.04,0.00,8,8,-1,0.0,-0.1,-0.1,-0.1,-0.01,-0.01,0.00,0.00,0.00,0.00,-0.01,-0.04,87,-1,0,1,0.0,0.02
31.95,fly,99.96,0.04,0.262,1,917.9,122.0,-0.1,-0.1,-0.04,0.00,8,8,-1,0.0,-0.1,-0.2,-0.2,-0.00,-0.01,0.00,0.00,0.00,0.00,-0.01,-0.04,87,-1,0,1,0.0,0.02
32.05,fly,99.99,0.01,0.254,1,917.9,122.0,-0.1,-0.1,-0.04,0.00,8,8,-1,0.0,-0.1,-0.2,-0.1,0.01,-0.01,0.00,0.00,0.00,0.00,-0.01,-0.04,87,-1,0,1,-0.0,0.02
32.15,fly,100.01,-0.01,0.253,1,917.9,122.0,-0.1,-0.1,-0.04,-0.01,8,8,-1,0.0,-0.0,-0.2,-0.1,0.01,-0.00,0.00,0.00,0.00,0.00,-0.00,-0.04,87,-1,0,1,-0.0,0.02
32.25,fly,100.02,-0.02,0.260,1,917.9,122.0,-0.1,-0.1,-0.04,-0.01,8,8,-1,0.0,-0.0,-0.2,0.0,0.01,-0.00,0.00,0.00,0.00,0.00,0.00,-0.04,87,-1,0,1,-0.0,0.02
32.35,fly,100.01,-0.01,0.268,1,917.9,122.0,-0.1,-0.1,-0.04,-0.01,8,8,-1,0.0,-0.0,-0.2,0.1,0.02,-0.01,0.00,0.00,0.00,0.00,0.00,-0.05,87,-1,0,1,-0.0,0.02
32.45,fly,99.97,0.03,0.277,1,917.9,122.0,-0.1,-0.1,-0.04,-0.02,8,8,-1,0.0,-0.0,-0.2,0.2,0.02,-0.01,0.00,0.00,0.00,0.00,0.00,-0.05,87,-1,0,1,-0.0,0.02
32.55,fly,99.95,0.05,0.282,1,917.9,122.0,-0.1,-0.1,0.00,-0.02,8,8,-1,0.0,-0.0,-0.2,0.2,0.00,-0.01,0.00,0.00,0.00,0.00,0.01,-0.05,87,-1,0,1,0.0,0.02
32.65,fly,99.94,0.06,0.280,1,917.9,122.0,-0.1,-0.1,0.00,-0.02,8,8,-1,0.0,-0.1,-0.2,0.1,-0.00,-0.01,0.00,0.00,0.00,0.00,0.02,-0.00,87,-1,0,1,0.0,0.02
32.75,fly,99.95,0.05,0.271,1,917.9,122.0,-0.1,-0.1,0.00,-0.02,8,8,-1,0.0,-0.1,-0.3,0.1,-0.00,-0.01,0.00,0.00,0.00,0.00,0.02,-0.00,87,-1,0,1,0.0,0.02
32.85,fly,99.97,0.03,0.262,1,917.9,122.0,-0.1,-0.1,0.00,-0.03,8,8,-1,0.1,-0.1,-0.3,0.0,0.00,-0.01,0.00,0.00,0.00,0.00,0.02,-0.00,87,-1,0,1,0.0,0.02
32.95,fly,100.00,0.00,0.253,1,917.9,122.0,-0.1,-0.1,0.00,-0.03,8,8,-1,0.1,-0.1,-0.4,0.0,0.00,-0.01,0.00,0.00,0.00,0.00,0.03,-0.00,87,-1,0,1,0.0,0.02
33.05,fly,100.03,-0.03,0.249,1,917.9,122.0,-0.1,-0.1,0.00,-0.04,8,8,-1,0.1,-0.1,-0.4,0.0,0.00,-0.01,0.00,0.00,0.00,0.00,0.03,-0.00,87,-1,0,1,-0.0,0.02
33.15,fly,100.03,-0.03,0.256,1,917.9,122.0,-0.1,-0.1,0.00,-0.04,8,8,-1,0.1,-0.1,-0.5,0.0,0.01,-0.02,0.00,0.00,0.00,0.00,0.04,-0.01,87,-1,0,1,-0.0,0.02
33.25,fly,100.03,-0.03,0.264,1,917.9,122.0,-0.1,-0.1,0.00,-0.05,8,8,-1,0.1,-0.1,-0.5,0.1,0.01,-0.02,0.00,0.00,0.00,0.00,0.04,-0.01,87,-1,0,1,-0.0,0.02
33.35,fly,100.00,-0.00,0.272,1,917.9,122.0,-0.1,-0.1,0.00,-0.05,8,8,-1,0.1,-0.1,-0.5,0.1,0.01,-0.02,0.00,0.00,0.00,0.00,0.05,-0.01,87,-1,0,1,-0.0,0.02
33.45,fly,99.98,0.02,0.279,1,917.9,121.9,-0.1,-0.1,0.00,-0.06,8,8,-1,0.1,-0.1,-0.5,0.1,0.00,-0.01,0.00,0.00,0.00,0.00,0.05,-0.01,87,-1,0,1,-0.0,0.02
33.55,fly,99.96,0.04,0.281,1,917.9,121.9,-0.1,-0.1,0.00,-0.07,8,8,-1,0.1,-0.1,-0.5,-0.0,-0.01,0.00,0.00,0.00,0.00,0.00,0.06,-0.01,87,-1,0,1,-0.0,0.02
33.65,fly,99.95,0.05,0.275,1,917.9,121.9,-0.1,-0.1,0.00,-0.07,8,8,-1,0.1,-0.1,-0.4,-0.1,-0.01,0.01,0.00,0.00,0.00,0.00,0.07,-0.01,87,-1,0,1,-0.0,0.02
33.75,fly,99.96,0.04,0.267,1,917.9,121.9,-0.1,-0.0,0.00,-0.08,8,8,-1,0.1,-0.1,-0.3,-0.2,-0.01,0.01,0.00,0.00,0.00,0.00,0.08,-0.01,87,-1,0,1,-0.0,0.02
33.85,fly,99.99,0.01,0.257,1,917.9,121.9,-0.1,-0.0,0.00,-0.08,8,8,-1,0.1,-0.1,-0.2,-0.3,-0.01,0.01,0.00,0.00,0.00,0.00,0.08,-0.01,87,-1,0,1,-0.0,0.02
33.95,fly,100.02,-0.02,0.251,1,917.9,121.9,-0.1,-0.0,0.00,-0.08,8,8,-1,0.1,-0.1,-0.1,-0.2,0.01,0.00,0.00,0.00,0.00,0.00,0.08,-0.01,87,-1,0,1,-0.0,0.02
34.05,fly,100.03,-0.03,0.253,1,917.9,121.9,-0.1,-0.0,0.00,-0.08,8,8,-1,0.1,-0.1,-0.1,-0.1,0.02,0.00,0.00,0.00,0.00,0.00,0.08,-0.01,87,-1,0,1,-0.0,0.02
34.15,fly,100.03,-0.03,0.260,1,917.9,121.9,-0.1,-0.0,0.00,-0.08,8,8,-1,0.1,-0.1,0.0,0.0,0.02,0.00,0.00,0.00,0.00,0.00,0.08,-0.01,87,-1,0,1,-0.0,0.02
34.25,fly,100.01,-0.01,0.268,1,917.9,121.9,-0.1,-0.0,0.00,-0.07,8,8,-1,0.1,-0.1,0.1,0.2,0.02,0.00,0.00,0.00,0.00,0.00,0.08,-0.01,87,-1,0,1,-0.0,0.02
34.35,fly,100.00,-0.00,0.275,1,917.9,121.9,-0.1,-0.0,0.00,-0.07,8,8,-1,0.1,-0.1,0.1,0.3,0.02,-0.01,0.00,0.00,0.00,0.00,0.07,-0.01,87,-1,0,1,-0.0,0.02
34.45,fly,99.97,0.03,0.278,1,917.9,121.9,-0.1,0.0,0.00,-0.07,8,8,-1,0.1,-0.1,0.0,0.2,-0.00,-0.01,0.00,0.00,0.00,0.00,0.07,-0.01,87,-1,0,1,0.0,0.02
34.55,fly,99.97,0.03,0.275,1,917.9,121.9,-0.1,0.0,0.00,-0.06,8,8,-1,0.1,-0.1,-0.0,0.1,-0.01,-0.01,0.00,0.00,0.00,0.00,0.07,-0.01,87,-1,0,1,0.0,0.02
34.65,fly,99.99,0.01,0.266,1,917.9,121.9,-0.1,0.0,0.00,-0.06,8,8,-1,0.1,-0.1,-0.1,0.0,-0.01,-0.01,0.00,0.00,0.00,0.00,0.06,-0.01,87,-1,0,1,0.0,0.02
34.75,fly,100.01,-0.01,0.257,1,917.9,121.8,-0.1,0.0,0.00,-0.05,8,8,-1,0.1,-0.1,-0.1,-0.0,-0.01,-0.01,0.00,0.00,0.00,0.00,0.06,-0.01,87,-1,0,1,-0.0,0.02
34.85,fly,100.03,-0.03,0.251,1,917.9,121.8,-0.1,0.0,0.00,-0.05,8,8,-1,0.1,-0.1,-0.1,-0.1,-0.00,0.00,0.00,0.00,0.00,0.00,0.05,-0.01,87,-1,0,1,-0.0,0.02
34.95,fly,100.04,-0.04,0.253,1,917.9,121.8,-0.1,0.0,0.00,-0.05,8,8,-1,0.1,-0.1,0.1,-0.1,-0.00,0.01,0.00,0.00,0.00,0.00,0.05,-0.01,87,-1,0,1,-0.0,0.02
35.05,fly,100.04,-0.04,0.260,1,917.9,121.8,-0.1,0.0,0.00,-0.05,8,8,-1,0.1,-0.1,0.2,-0.1,-0.00,0.01,0.00,0.00,0.00,0.00,0.05,-0.01,87,-1,0,1,-0.0,0.02
35.15,fly,100.03,-0.03,0.268,1,917.9,121.8,-0.1,0.0,0.00,-0.05,8,8,-1,0.1,-0.1,0.2,-0.2,0.00,0.01,0.00,0.00,0.00,0.00,0.05,-0.01,87,-1,0,1,-0.0,0.02
35.25,fly,99.99,0.01,0.277,1,917.9,121.8,-0.1,0.1,0.00,-0.04,8,8,-1,0.1,-0.1,0.3,-0.2,0.00,0.01,0.00,0.00,0.00,0.00,0.05,-0.01,87,-1,0,1,-0.0,0.02
35.35,fly,99.98,0.02,0.282,1,917.9,121.8,-0.1,0.1,0.00,-0.04,8,8,-1,0.1,-0.1,0.3,-0.1,0.00,-0.01,0.00,0.00,0.00,0.00,0.04,-0.01,87,-1,0,1,-0.0,0.02
35.45,fly,99.96,0.04,0.280,1,917.9,121.8,-0.1,0.1,0.00,-0.03,8,8,-1,0.1,-0.1,0.2,-0.1,0.01,-0.02,0.00,0.00,0.00,0.00,0.03,-0.00,87,-1,0,1,0.0,0.02
35.55,fly,99.96,0.04,0.272,1,917.9,121.8,-0.1,0.1,0.00,-0.02,8,8,-1,0.1,-0.1,0.1,-0.1,0.01,-0.02,0.00,0.00,0.00,0.00,0.03,-0.00,87,-1,0,1,0.0,0.02
35.65,fly,99.98,0.02,0.263,1,917.9,121.8,-0.1,0.1,0.00,-0.02,8,8,-1,0.1,-0.1,-0.0,-0.0,0.01,-0.02,0.00,0.00,0.00,0.00,0.02,-0.00,87,-1,0,1,-0.0,0.02
35.75,fly,100.01,-0.01,0.255,1,917.9,121.8,-0.1,0.1,0.00,-0.02,8,8,-1,0.1,-0.1,-0.1,-0.0,0.00,-0.01,0.00,0.00,0.00,0.00,0.02,-0.00,87,-1,0,1,0.0,0.02
35.85,fly,100.02,-0.02,0.253,1,917.9,121.8,-0.1,0.1,0.00,-0.02,8,8,-1,0.1,-0.1,-0.1,-0.1,-0.01,-0.00,0.00,0.00,0.00,0.00,0.02,-0.00,87,-1,0,1,0.0,0.02
35.95,fly,100.03,-0.03,0.257,1,917.9,121.8,-0.1,0.1,0.00,-0.02,8,8,-1,0.1,-0.1,-0.0,-0.2,-0.01,0.00,0.00,0.00,0.00,0.00,0.02,-0.00,87,-1,0,1,-0.0,0.02
36.05,fly,100.02,-0.02,0.265,1,917.9,121.8,-0.1,0.1,0.00,-0.02,8,8,-1,0.1,-0.1,0.0,-0.3,-0.01,0.00,0.00,0.00,0.00,0.00,0.02,-0.00,87,-1,0,1,-0.0,0.02
36.15,fly,100.00,-0.00,0.273,1,917.9,121.8,-0.1,0.1,-0.02,-0.02,8,8,-1,0.1,-0.1,0.1,-0.3,-0.01,0.00,0.00,0.00,0.00,0.00,0.02,-0.00,87,-1,0,1,0.0,0.02
36.25,fly,99.98,0.02,0.279,1,917.9,121.8,-0.1,0.1,-0.02,-0.02,8,8,-1,0.1,-0.1,0.1,-0.3,0.01,-0.00,0.00,0.00,0.00,0.00,0.02,-0.02,87,-1,0,1,0.0,0.02
36.35,fly,99.97,0.03,0.276,1,917.9,121.8,-0.1,0.1,-0.04,-0.02,8,8,-1,0.1,-0.0,0.1,-0.1,0.02,-0.00,0.00,0.00,0.00,0.00,0.01,-0.05,87,-1,0,1,-0.0,0.02
36.45,fly,99.97,0.03,0.268,1,917.9,121.8,-0.1,0.1,-0.04,-0.02,8,8,-1,0.1,-0.0,0.1,0.0,0.03,-0.00,0.00,0.00,0.00,0.00,0.01,-0.05,87,-1,0,1,-0.0,0.02
36.55,fly,99.99,0.01,0.258,1,917.9,121.8,-0.1,0.1,-0.04,-0.02,8,8,-1,0.1,-0.0,0.1,0.2,0.03,-0.00,0.00,0.00,0.00,0.00,0.01,-0.05,87,-1,0,1,-0.0,0.02
36.65,fly,100.03,-0.03,0.252,1,917.9,121.8,-0.1,0.1,0.00,-0.01,8,8,-1,0.1,-0.0,0.1,0.2,0.01,-0.01,0.00,0.00,0.00,0.00,0.00,-0.05,87,-1,0,1,0.0,0.02
36.75,fly,100.04,-0.04,0.254,1,917.9,121.8,-0.1,0.1,0.00,-0.01,8,8,-1,0.1,-0.1,0.1,0.2,-0.00,-0.01,0.00,0.00,0.00,0.00,0.01,-0.00,87,-1,0,1,0.0,0.02
36.85,fly,100.04,-0.04,0.261,1,917.9,121.8,-0.1,0.1,0.00,0.00,8,8,-1,0.1,-0.1,0.0,0.1,-0.00,-0.01,0.00,0.00,0.00,0.00,0.01,-0.00,87,-1,0,1,0.4,0.01
36.95,fly,100.02,-0.02,0.270,1,917.9,121.8,-0.1,0.1,0.00,0.00,8,8,-1,0.1,-0.1,-0.0,0.1,-0.00,-0.01,0.00,0.00,0.00,0.00,0.00,0.00,87,-1,0,1,0.7,0.02
37.05,fly,100.00,-0.00,0.278,1,917.9,121.8,-0.1,0.1,0.00,0.00,8,8,-1,0.1,-0.1,-0.1,0.0,-0.00,-0.01,0.00,0.00,0.00,0.00,0.00,0.00,87,-1,0,1,0.7,0.01
37.15,fly,99.97,0.03,0.282,1,917.9,121.8,-0.1,0.1,0.00,0.00,8,8,-1,0.1,-0.1,-0.0,0.0,0.01,-0.00,0.00,0.00,0.00,0.00,0.00,0.00,87,-1,0,1,0.8,0.01
37.25,fly,99.96,0.04,0.277,1,917.9,121.8,-0.1,0.1,0.00,0.00,8,8,-1,0.1,-0.1,-0.0,0.1,0.01,-0.00,0.00,0.00,0.00,0.00,0.00,0.00,87,-1,0,1,0.7,0.01
37.35,fly,99.97,0.03,0.268,1,917.9,121.8,-0.1,0.1,0.00,0.00,8,8,-1,0.1,-0.1,-0.0,0.1,0.01,-0.00,0.00,0.00,0.00,0.00,0.00,0.00,87,-1,0,1,0.5,0.01
37.45,fly,99.98,0.02,0.259,1,917.9,121.8,-0.1,0.1,0.00,0.00,8,8,-1,0.1,-0.1,-0.0,0.2,0.01,-0.00,0.00,0.00,0.00,0.00,0.00,0.00,87,-1,0,1,0.5,0.01
37.55,fly,100.01,-0.01,0.253,1,917.9,121.8,-0.1,0.1,0.02,0.00,8,8,-1,0.1,-0.1,-0.0,0.1,-0.00,-0.01,0.00,0.00,0.00,0.00,0.00,0.02,87,-1,0,1,0.0,0.02
37.65,fly,100.03,-0.03,0.255,1,917.9,121.8,-0.1,0.1,0.04,0.00,8,8,-1,0.1,-0.1,-0.0,0.0,-0.01,-0.01,0.00,0.00,0.00,0.00,0.01,0.04,87,-1,0,1,0.3,0.01
37.75,fly,100.02,-0.02,0.262,1,917.9,121.8,-0.1,0.1,0.04,0.00,8,8,-1,0.1,-0.1,-0.0,-0.1,-0.01,-0.01,0.00,0.00,0.00,0.00,0.01,0.04,87,-1,0,1,0.1,0.01
37.85,fly,100.01,-0.01,0.271,1,917.9,121.8,-0.1,0.1,0.04,0.00,8,8,-1,0.1,-0.1,-0.1,-0.1,-0.01,-0.01,0.00,0.00,0.00,0.00,0.01,0.04,87,-1,0,1,0.1,0.02
37.95,fly,99.99,0.01,0.277,1,917.9,121.8,-0.1,0.1,0.04,0.00,8,9,-1,0.1,-0.1,-0.1,-0.1,0.00,-0.00,0.00,0.00,0.00,0.00,0.01,0.04,87,-1,0,1,0.0,0.02
38.05,fly,99.97,0.03,0.279,1,917.9,121.8,-0.1,0.1,0.00,-0.00,8,9,-1,0.1,-0.1,0.0,-0.1,0.02,0.01,0.00,0.00,0.00,0.00,0.00,-0.00,87,-1,0,1,0.2,0.01
38.15,fly,99.96,0.04,0.273,1,917.9,121.8,-0.1,0.1,0.00,-0.01,8,9,-1,0.1,-0.1,0.1,0.1,0.02,0.01,0.00,0.00,0.00,0.00,0.01,-0.00,87,-1,0,1,0.2,0.01
38.25,fly,99.98,0.02,0.265,1,917.9,121.8,-0.1,0.1,0.00,0.00,8,9,-1,0.1,-0.1,0.2,0.2,0.02,0.01,0.00,0.00,0.00,0.00,0.00,-0.00,87,-1,0,1,0.1,0.01
38.35,fly,99.99,0.01,0.257,1,917.9,121.8,-0.1,0.1,0.00,0.01,8,9,-1,0.1,-0.1,0.3,0.3,0.02,0.00,0.00,0.00,0.00,0.00,0.00,0.00,87,-1,0,1,0.3,0.01
38.40,fly,100.00,-0.00,0.255,1,917.9,121.8,-0.1,0.1,0.00,0.01,9,9,-1,0.1,-0.1,0.2,0.2,0.00,-0.00,0.00,0.00,0.00,0.00,-0.01,0.00,87,-1,0,1,0.3,0.01
38.50,fly,100.02,-0.02,0.256,1,917.9,121.8,-0.1,0.1,0.00,0.01,9,9,-1,0.1,-0.1,0.2,0.2,0.00,-0.01,0.00,0.00,0.00,0.00,-0.01,0.00,87,-1,0,1,0.1,0.01
38.60,fly,100.01,-0.01,0.264,1,917.9,121.8,-0.1,0.1,0.02,0.02,9,9,-1,0.1,-0.1,0.2,0.2,0.00,-0.01,0.00,0.00,0.00,0.00,-0.01,0.00,87,-1,0,1,0.2,0.01
38.70,fly,99.99,0.01,0.272,1,917.9,121.8,-0.1,0.1,0.04,0.02,9,9,-1,0.1,-0.1,0.1,0.2,0.00,-0.01,0.00,0.00,0.00,0.00,-0.01,0.02,87,-1,0,1,0.2,0.01
38.80,fly,99.97,0.03,0.280,1,917.9,121.8,-0.1,0.1,0.04,0.02,9,9,-1,0.1,-0.1,0.1,0.1,0.00,-0.01,0.00,0.00,0.00,0.00,-0.01,0.05,87,-1,0,1,0.2,0.01
38.90,fly,99.94,0.06,0.283,1,917.9,121.8,-0.1,0.1,0.04,0.02,9,9,-1,0.1,-0.1,0.1,0.1,0.01,-0.01,0.00,0.00,0.00,0.00,-0.02,0.05,87,-1,0,1,0.1,0.01
39.00,fly,99.95,0.05,0.275,1,917.9,121.8,-0.1,0.1,0.04,0.02,9,9,-1,0.1,-0.1,-0.0,0.2,0.01,-0.01,0.00,0.00,0.00,0.00,-0.02,0.05,87,-1,0,1,0.0,0.01
39.10,fly,99.95,0.05,0.266,1,917.9,121.8,-0.1,0.1,0.04,0.02,9,9,-1,0.1,-0.1,-0.1,0.2,0.01,-0.02,0.00,0.00,0.00,0.00,-0.02,0.05,87,-1,0,1,0.0,0.01
39.20,fly,99.98,0.02,0.257,1,917.9,121.8,-0.1,0.1,0.04,0.02,9,9,-1,0.1,-0.1,-0.2,0.2,0.01,-0.02,0.00,0.00,0.00,0.00,-0.02,0.05,87,-1,0,1,0.0,0.01
39.30,fly,100.02,-0.02,0.250,1,917.9,121.8,-0.1,0.1,0.04,0.02,9,9,-1,0.1,-0.1,-0.1,0.2,0.01,-0.00,0.00,0.00,0.00,0.00,-0.02,0.05,87,-1,0,1,0.0,0.01
39.40,fly,100.03,-0.03,0.252,1,917.9,121.8,-0.1,0.1,0.04,0.02,9,9,-1,0.1,-0.1,-0.1,0.3,0.01,0.01,0.00,0.00,0.00,0.00,-0.01,0.05,87,-1,0,1,0.0,0.01
39.50,fly,100.04,-0.04,0.259,1,917.9,121.8,-0.1,0.1,0.04,0.02,9,9,-1,0.1,-0.1,0.0,0.3,0.01,0.01,0.00,0.00,0.00,0.00,-0.01,0.05,87,-1,0,1,0.0,0.01
39.60,fly,100.02,-0.02,0.267,1,917.9,121.8,-0.1,0.1,0.04,0.02,9,9,-1,0.1,-0.1,0.1,0.3,0.01,0.00,0.00,0.00,0.00,0.00,-0.01,0.05,87,-1,0,1,0.0,0.01
39.70,fly,100.00,-0.00,0.276,1,917.9,121.8,-0.1,0.1,0.04,0.02,9,9,-1,0.1,-0.1,0.1,0.4,0.02,0.00,0.00,0.00,0.00,0.00,-0.01,0.05,87,-1,0,1,0.0,0.01
39.80,fly,99.96,0.04,0.282,1,917.9,121.8,-0.1,0.1,0.04,0.02,9,9,-1,0.1,-0.1,0.1,0.3,-0.00,0.00,0.00,0.00,0.00,0.00,-0.01,0.05,87,-1,0,1,0.0,0.01
39.90,fly,99.96,0.04,0.279,1,917.9,121.8,-0.1,0.1,0.04,0.02,9,9,-1,0.1,-0.1,0.1,0.2,-0.01,-0.00,0.00,0.00,0.00,0.00,-0.01,0.05,87,-1,0,1,0.0,0.01
40.00,fly,99.96,0.04,0.271,1,917.9,121.8,-0.2,0.1,0.04,0.02,9,9,-1,0.1,-0.2,0.1,0.1,-0.01,-0.00,0.00,0.00,0.00,0.00,-0.02,0.05,87,-1,0,1,0.0,0.01
40.10,fly,99.99,0.01,0.261,1,917.9,121.8,-0.2,0.1,0.04,0.03,9,9,-1,0.1,-0.2,0.1,0.0,-0.01,-0.01,0.00,0.00,0.00,0.00,-0.02,0.05,87,-1,0,1,0.0,0.01
40.20,fly,100.02,-0.02,0.252,1,917.9,121.8,-0.2,0.1,0.04,0.03,9,9,-1,0.1,-0.2,0.1,-0.0,-0.01,-0.01,0.00,0.00,0.00,0.00,-0.02,0.05,87,-1,0,1,0.0,0.01
40.30,fly,100.04,-0.04,0.249,1,917.9,121.8,-0.2,0.1,0.04,0.03,9,9,-1,0.1,-0.2,0.1,-0.1,-0.00,-0.01,0.00,0.00,0.00,0.00,-0.02,0.05,87,-1,0,1,0.0,0.01
40.40,fly,100.05,-0.05,0.255,1,917.9,121.8,-0.2,0.0,0.04,0.03,9,9,-1,0.0,-0.2,0.0,-0.2,-0.00,-0.01,0.00,0.00,0.00,0.00,-0.02,0.05,87,-1,0,1,0.0,0.01
40.50,fly,100.04,-0.04,0.263,1,918.0,121.8,-0.2,0.0,0.04,0.02,9,9,-1,0.0,-0.2,-0.0,-0.2,-0.00,-0.01,0.00,0.00,0.00,0.00,-0.02,0.05,87,-1,0,1,0.0,0.01
40.60,fly,100.02,-0.02,0.271,1,918.0,121.8,-0.2,0.0,0.04,0.02,9,9,-1,0.1,-0.2,-0.1,-0.2,-0.00,-0.01,0.00,0.00,0.00,0.00,-0.02,0.05,87,-1,0,0,0.0,0.01
40.70,fly,100.00,-0.00,0.280,1,918.0,121.8,-0.2,0.0,0.04,0.02,9,9,-1,0.1,-0.2,-0.1,-0.3,-0.00,-0.01,0.00,0.00,0.00,0.00,-0.02,0.05,87,-1,0,0,0.0,0.01
40.80,fly,99.97,0.03,0.283,1,918.0,121.8,-0.2,0.0,0.04,0.02,9,9,-1,0.1,-0.2,-0.2,-0.3,0.00,-0.02,0.00,0.00,0.00,0.00,-0.01,0.05,87,-1,0,0,0.0,0.01
40.90,fly,99.97,0.03,0.274,1,918.0,121.8,-0.2,0.0,0.00,0.01,9,9,-1,0.1,-0.2,-0.3,-0.3,0.00,-0.02,0.00,0.00,0.00,0.00,-0.01,0.05,87,-1,0,0,0.0,0.01
41.00,fly,99.98,0.02,0.266,1,918.0,121.8,-0.2,0.0,0.00,0.01,9,9,-1,0.1,-0.1,-0.3,-0.3,0.00,-0.02,0.00,0.00,0.00,0.00,-0.01,0.00,87,-1,0,0,0.0,0.01
41.10,fly,100.02,-0.02,0.256,1,918.0,121.8,-0.2,0.0,0.00,-0.01,9,9,-1,0.1,-0.1,-0.4,-0.3,0.00,-0.02,0.00,0.00,0.00,0.00,0.00,0.00,87,-1,0,0,0.0,0.01
41.20,fly,100.04,-0.04,0.250,1,918.0,121.8,-0.2,0.0,0.00,-0.02,9,9,-1,0.1,-0.1,-0.4,-0.2,0.01,-0.01,0.00,0.00,0.00,0.00,0.01,-0.00,87,-1,0,0,-0.0,0.01
41.30,fly,100.06,-0.06,0.252,1,918.0,121.8,-0.2,0.0,0.00,-0.02,9,9,-1,0.1,-0.1,-0.3,-0.2,0.01,0.00,0.00,0.00,0.00,0.00,0.02,-0.00,87,-1,0,0,-0.0,0.01
41.40,fly,100.06,-0.06,0.259,1,918.0,121.8,-0.2,0.0,0.00,-0.02,9,9,-1,0.1,-0.1,-0.3,-0.2,0.01,0.00,0.00,0.00,0.00,0.00,0.02,-0.00,87,-1,0,0,-0.0,0.01
41.50,fly,100.04,-0.04,0.267,1,918.0,121.8,-0.2,0.0,0.00,-0.03,9,9,-1,0.1,-0.1,-0.2,-0.1,0.01,0.00,0.00,0.00,0.00,0.00,0.03,-0.00,87,-1,0,0,-0.0,0.01
41.60,fly,100.01,-0.01,0.276,1,918.0,121.8,-0.2,0.0,0.00,-0.03,9,9,-1,0.1,-0.1,-0.2,-0.1,0.01,-0.00,0.00,0.00,0.00,0.00,0.03,-0.00,87,-1,0,0,0.0,0.01
41.70,fly,99.98,0.02,0.282,1,918.0,121.8,-0.2,0.0,0.00,-0.03,9,9,-1,0.1,-0.1,-0.1,-0.1,-0.00,-0.00,0.00,0.00,0.00,0.00,0.03,-0.01,87,-1,0,0,0.0,0.01
41.80,fly,99.97,0.03,0.279,1,918.0,121.8,-0.2,0.1,0.00,-0.04,9,9,-1,0.1,-0.1,-0.1,-0.2,-0.01,-0.00,0.00,0.00,0.00,0.00,0.03,-0.01,87,-1,0,0,0.0,0.01
41.90,fly,99.97,0.03,0.270,1,918.0,121.8,-0.2,0.1,0.00,-0.04,9,9,-1,0.1,-0.1,-0.1,-0.3,-0.01,-0.00,0.00,0.00,0.00,0.00,0.04,-0.01,87,-1,0,0,0.0,0.01
42.00,fly,100.00,0.00,0.261,1,918.0,121.8,-0.2,0.1,0.00,-0.04,9,9,-1,0.1,-0.1,-0.1,-0.3,-0.01,-0.01,0.00,0.00,0.00,0.00,0.04,-0.01,87,-1,0,0,0.0,0.01
42.10,fly,100.02,-0.02,0.252,1,918.0,121.8,-0.2,0.1,0.00,-0.04,9,9,-1,0.1,-0.1,-0.1,-0.4,-0.00,-0.01,0.00,0.00,0.00,0.00,0.04,-0.01,87,-1,0,0,0.0,0.01
42.20,fly,100.05,-0.05,0.248,1,918.0,121.8,-0.2,0.1,-0.04,-0.04,9,9,-1,0.1,-0.1,-0.1,-0.4,-0.00,-0.01,0.00,0.00,0.00,0.00,0.04,-0.01,87,-1,0,0,0.0,0.01
42.30,fly,100.06,-0.06,0.256,1,918.0,121.8,-0.2,0.1,-0.04,-0.04,9,9,-1,0.1,-0.1,-0.1,-0.4,-0.00,-0.01,0.00,0.00,0.00,0.00,0.03,-0.05,87,-1,0,0,0.0,0.01
42.40,fly,100.05,-0.05,0.263,1,918.0,121.8,-0.2,0.1,-0.04,-0.04,9,9,-1,0.1,-0.1,-0.1,-0.4,0.00,-0.01,0.00,0.00,0.00,0.00,0.03,-0.05,87,-1,0,0,-0.0,0.01
42.50,fly,100.02,-0.02,0.272,1,918.0,121.8,-0.2,0.1,-0.04,-0.04,9,9,-1,0.1,-0.1,-0.1,-0.4,0.00,-0.01,0.00,0.00,0.00,0.00,0.04,-0.05,87,-1,0,0,-0.0,0.01
42.60,fly,99.99,0.01,0.281,1,917.9,121.8,-0.2,0.1,-0.04,-0.04,9,9,-1,0.1,-0.1,-0.2,-0.4,0.00,-0.01,0.00,0.00,0.00,0.00,0.04,-0.05,87,-1,0,0,0.0,0.01
42.70,fly,99.97,0.03,0.283,1,917.9,121.8,-0.2,0.1,-0.04,-0.05,9,9,-1,0.1,-0.1,-0.2,-0.3,0.01,-0.01,0.00,0.00,0.00,0.00,0.04,-0.05,87,-1,0,0,-0.0,0.01
42.80,fly,99.97,0.03,0.275,1,917.9,121.8,-0.2,0.1,-0.04,-0.05,9,9,-1,0.1,-0.1,-0.2,-0.3,0.01,-0.01,0.00,0.00,0.00,0.00,0.04,-0.05,87,-1,0,0,-0.0,0.01
42.90,fly,99.98,0.02,0.266,1,917.9,121.8,-0.2,0.1,-0.04,-0.05,9,9,-1,0.1,-0.1,-0.3,-0.2,0.01,-0.01,0.00,0.00,0.00,0.00,0.04,-0.05,87,-1,0,0,-0.0,0.01
43.00,fly,100.00,0.00,0.257,1,917.9,121.8,-0.2,0.1,-0.04,-0.05,9,9,-1,0.1,-0.1,-0.3,-0.1,0.01,-0.01,0.00,0.00,0.00,0.00,0.05,-0.05,87,-1,0,0,-0.0,0.01
43.10,fly,100.02,-0.02,0.252,1,917.9,121.8,-0.2,0.1,-0.04,-0.06,9,9,-1,0.1,-0.1,-0.3,-0.1,0.01,-0.01,0.00,0.00,0.00,0.00,0.05,-0.05,87,-1,0,0,-0.0,0.01
43.20,fly,100.03,-0.03,0.257,1,917.9,121.8,-0.1,0.1,-0.04,-0.06,9,9,-1,0.1,-0.1,-0.3,-0.1,0.01,-0.00,0.00,0.00,0.00,0.00,0.05,-0.05,87,-1,0,0,-0.0,0.01
43.30,fly,100.02,-0.02,0.265,1,917.9,121.7,-0.1,0.1,-0.04,-0.07,9,9,-1,0.1,-0.1,-0.2,-0.0,0.01,-0.00,0.00,0.00,0.00,0.00,0.06,-0.05,87,-1,0,0,-0.0,0.01
43.40,fly,100.01,-0.01,0.273,1,917.9,121.7,-0.1,0.1,-0.04,-0.07,9,9,-1,0.2,-0.1,-0.2,0.0,0.01,-0.00,0.00,0.00,0.00,0.00,0.06,-0.05,87,-1,0,0,-0.0,0.01
43.50,fly,99.97,0.03,0.280,1,917.9,121.7,-0.1,0.1,-0.04,-0.07,9,9,-1,0.2,-0.0,-0.1,0.0,0.00,0.00,0.00,0.00,0.00,0.00,0.06,-0.05,87,-1,0,0,-0.0,0.01
43.60,fly,99.95,0.05,0.280,1,917.9,121.7,-0.1,0.1,-0.04,-0.07,9,9,-1,0.2,-0.0,-0.0,-0.0,0.00,0.01,0.00,0.00,0.00,0.00,0.06,-0.05,87,-1,0,0,-0.0,0.01
43.70,fly,99.95,0.05,0.272,1,917.9,121.7,-0.1,0.1,-0.04,-0.07,9,9,-1,0.2,-0.0,0.0,-0.0,0.00,0.01,0.00,0.00,0.00,0.00,0.06,-0.05,87,-1,0,0,-0.0,0.01
43.80,fly,99.98,0.02,0.263,1,917.9,121.7,-0.1,0.2,-0.04,-0.06,9,9,-1,0.2,-0.0,0.1,0.0,0.01,0.01,0.00,0.00,0.00,0.00,0.06,-0.05,87,-1,0,0,-0.0,0.01
43.90,fly,99.99,0.01,0.254,1,917.9,121.7,-0.1,0.2,-0.04,-0.06,9,9,-1,0.2,-0.0,0.2,0.0,0.01,0.00,0.00,0.00,0.00,0.00,0.05,-0.05,87,-1,0,0,-0.0,0.01
44.00,fly,100.02,-0.02,0.250,1,917.9,121.7,-0.1,0.2,-0.04,-0.05,9,9,-1,0.1,-0.0,0.2,0.1,0.01,0.00,0.00,0.00,0.00,0.00,0.05,-0.05,87,-1,0,0,0.0,0.01
44.10,fly,100.03,-0.03,0.258,1,917.9,121.7,-0.1,0.2,-0.04,-0.04,9,9,-1,0.1,-0.0,0.3,0.1,0.01,0.00,0.00,0.00,0.00,0.00,0.04,-0.05,87,-1,0,0,-0.0,0.01
44.20,fly,100.02,-0.02,0.265,1,917.9,121.7,-0.1,0.2,-0.04,-0.04,9,9,-1,0.1,-0.0,0.3,0.2,0.02,0.00,0.00,0.00,0.00,0.00,0.04,-0.05,87,-1,0,0,-0.0,0.01
44.30,fly,99.99,0.01,0.274,1,917.9,121.7,-0.1,0.2,-0.04,-0.04,9,9,-1,0.1,-0.0,0.3,0.3,0.02,0.00,0.00,0.00,0.00,0.00,0.03,-0.05,87,-1,0,0,-0.0,0.01
44.40,fly,99.97,0.03,0.279,1,917.9,121.7,-0.1,0.2,0.00,-0.02,9,9,-1,0.1,-0.0,0.3,0.2,0.00,-0.00,0.00,0.00,0.00,0.00,0.02,-0.05,87,-1,0,0,0.0,0.01
44.50,fly,99.96,0.04,0.276,1,917.9,121.7,-0.1,0.2,0.00,-0.01,9,9,-1,0.1,-0.1,0.3,0.2,-0.01,-0.00,0.00,0.00,0.00,0.00,0.02,-0.00,87,-1,0,0,0.0,0.01
44.60,fly,99.97,0.03,0.268,1,917.9,121.7,-0.1,0.2,0.00,-0.01,9,9,-1,0.1,-0.1,0.3,0.1,-0.00,-0.00,0.00,0.00,0.00,0.00,0.01,-0.00,87,-1,0,0,0.0,0.01
44.70,fly,100.00,-0.00,0.259,1,917.9,121.7,-0.1,0.2,0.00,0.00,9,9,-1,0.1,-0.1,0.3,0.1,-0.00,-0.00,0.00,0.00,0.00,0.00,0.01,-0.00,87,-1,0,0,-0.0,0.01
44.80,fly,100.03,-0.03,0.251,1,917.9,121.7,-0.1,0.2,0.00,0.00,9,9,-1,0.1,-0.1,0.3,0.1,0.01,0.00,0.00,0.00,0.00,0.00,-0.00,0.00,87,-1,0,0,-0.0,0.01
44.90,fly,100.05,-0.05,0.250,1,917.9,121.7,-0.1,0.2,0.00,0.01,9,9,-1,0.1,-0.1,0.4,0.2,0.02,0.01,0.00,0.00,0.00,0.00,-0.01,0.00,87,-1,0,0,0.0,0.01
45.00,fly,100.05,-0.05,0.257,1,917.9,121.7,-0.1,0.2,0.00,0.02,9,9,-1,0.1,-0.1,0.4,0.2,0.02,0.00,0.00,0.00,0.00,0.00,-0.01,0.00,87,-1,0,0,-0.0,0.01
45.10,fly,100.05,-0.05,0.265,1,917.9,121.7,-0.1,0.2,0.00,0.02,9,9,-1,0.1,-0.1,0.5,0.3,0.02,0.00,0.00,0.00,0.00,0.00,-0.02,0.00,87,-1,0,0,-0.0,0.01
45.20,fly,100.01,-0.01,0.273,1,917.9,121.7,-0.1,0.2,0.00,0.03,9,9,-1,0.1,-0.1,0.5,0.4,0.02,0.00,0.00,0.00,0.00,0.00,-0.03,0.00,87,-1,0,0,0.0,0.01
45.30,fly,99.99,0.01,0.279,1,917.9,121.7,-0.1,0.2,0.00,0.04,9,9,-1,0.1,-0.1,0.5,0.4,0.00,-0.00,0.00,0.00,0.00,0.00,-0.03,0.01,87,-1,0,0,0.0,0.01
45.40,fly,99.98,0.02,0.276,1,917.9,121.7,-0.1,0.2,0.00,0.04,9,9,-1,0.1,-0.1,0.4,0.3,-0.00,-0.00,0.00,0.00,0.00,0.00,-0.04,0.01,87,-1,0,0,0.0,0.01
45.50,fly,99.99,0.01,0.267,1,917.9,121.7,-0.1,0.2,0.00,0.05,9,9,-1,0.1,-0.1,0.4,0.2,-0.00,-0.00,0.00,0.00,0.00,0.00,-0.05,0.01,87,-1,0,0,0.0,0.01
45.60,fly,100.02,-0.02,0.258,1,917.9,121.7,-0.1,0.2,0.00,0.07,9,9,-1,0.0,-0.1,0.4,0.2,0.00,-0.01,0.00,0.00,0.00,0.00,-0.06,0.01,87,-1,0,0,0.0,0.01
45.70,fly,100.04,-0.04,0.252,1,917.9,121.7,-0.1,0.2,0.00,0.07,9,9,-1,0.0,-0.1,0.4,0.2,0.00,0.01,0.00,0.00,0.00,0.00,-0.07,0.01,87,-1,0,0,-0.0,0.01
45.80,fly,100.04,-0.04,0.254,1,917.9,121.7,-0.1,0.1,0.00,0.07,9,9,-1,0.0,-0.1,0.5,0.1,0.00,0.02,0.00,0.00,0.00,0.00,-0.07,0.01,87,-1,0,0,-0.0,0.01
45.90,fly,100.04,-0.04,0.262,1,917.9,121.7,-0.1,0.1,0.00,0.08,9,9,-1,0.0,-0.1,0.6,0.1,0.00,0.01,0.00,0.00,0.00,0.00,-0.07,0.01,87,-1,0,0,0.0,0.01
46.00,fly,100.01,-0.01,0.270,1,917.9,121.8,-0.1,0.1,0.00,0.09,9,9,-1,0.0,-0.1,0.7,0.1,0.01,0.01,0.00,0.00,0.00,0.00,-0.08,0.01,87,-1,0,0,0.0,0.01
46.10,fly,99.98,0.02,0.279,1,917.9,121.8,-0.1,0.1,0.00,0.09,9,9,-1,0.0,-0.1,0.7,0.1,0.01,0.01,0.00,0.00,0.00,0.00,-0.08,0.01,87,-1,0,0,0.0,0.01
46.20,fly,99.97,0.03,0.283,1,917.9,121.8,-0.1,0.1,0.00,0.09,9,9,-1,-0.0,-0.1,0.7,0.1,-0.00,-0.00,0.00,0.00,0.00,0.00,-0.09,0.01,87,-1,0,0,0.0,0.01
46.30,fly,99.95,0.05,0.278,1,917.9,121.8,-0.1,0.1,0.00,0.11,9,9,-1,-0.0,-0.1,0.6,-0.0,-0.00,-0.01,0.00,0.00,0.00,0.00,-0.10,0.02,87,-1,0,0,0.0,0.01
46.40,fly,99.96,0.04,0.269,1,917.9,121.8,-0.1,0.1,0.00,0.11,9,9,-1,-0.0,-0.1,0.5,-0.1,-0.00,-0.01,0.00,0.00,0.00,0.00,-0.11,0.02,87,-1,0,0,0.0,0.01
46.50,fly,99.98,0.02,0.260,1,917.9,121.8,-0.1,0.1,0.00,0.12,9,9,-1,-0.0,-0.1,0.4,-0.1,-0.00,-0.02,0.00,0.00,0.00,0.00,-0.12,0.02,87,-1,0,0,0.0,0.01
46.60,fly,100.01,-0.01,0.254,1,917.9,121.8,-0.1,0.1,0.00,0.12,9,9,-1,-0.0,-0.1,0.3,-0.1,0.00,-0.00,0.00,0.00,0.00,0.00,-0.12,0.02,87,-1,0,0,0.0,0.01
46.70,fly,100.02,-0.02,0.256,1,917.9,121.8,-0.1,0.1,0.00,0.12,9,9,-1,-0.0,-0.1,0.4,-0.1,0.00,0.00,0.00,0.00,0.00,0.00,-0.12,0.02,87,-1,0,0,0.0,0.01
46.80,fly,100.01,-0.01,0.263,1,917.9,121.8,-0.1,0.0,0.00,0.12,9,9,-1,-0.0,-0.1,0.4,-0.1,0.00,0.00,0.00,0.00,0.00,0.00,-0.12,0.02,87,-1,0,0,0.0,0.01
46.90,fly,99.99,0.01,0.272,1,917.9,121.9,-0.1,0.0,0.00,0.12,9,9,-1,-0.0,-0.1,0.4,-0.2,0.00,-0.00,0.00,0.00,0.00,0.00,-0.12,0.02,87,-1,0,0,0.0,0.01
47.00,fly,99.97,0.03,0.280,1,917.9,121.9,-0.1,0.0,0.00,0.12,9,9,-1,-0.1,-0.1,0.3,-0.1,0.00,-0.00,0.00,0.00,0.00,0.00,-0.12,0.02,87,-1,0,0,0.0,0.01
47.10,fly,99.94,0.06,0.283,1,917.9,121.9,-0.1,0.0,0.00,0.13,9,9,-1,-0.1,-0.1,0.3,-0.1,0.01,-0.01,0.00,0.00,0.00,0.00,-0.12,0.02,87,-1,0,0,0.0,0.01
47.20,fly,99.94,0.06,0.275,1,917.9,121.9,-0.1,-0.0,0.00,0.13,9,9,-1,-0.1,-0.1,0.2,-0.1,0.01,-0.01,0.00,0.00,0.00,0.00,-0.12,0.02,87,-1,0,0,0.0,0.01
47.30,fly,99.96,0.04,0.266,1,917.9,121.9,-0.1,-0.0,0.00,0.12,9,9,-1,-0.1,-0.1,0.2,-0.1,0.01,-0.01,0.00,0.00,0.00,0.00,-0.12,0.02,87,-1,0,0,0.0,0.01
47.40,fly,99.98,0.02,0.257,1,917.9,121.9,-0.1,-0.0,0.00,0.12,9,9,-1,-0.1,-0.1,0.1,-0.0,0.01,-0.02,0.00,0.00,0.00,0.00,-0.12,0.02,87,-1,0,0,0.0,0.01
47.50,fly,100.02,-0.02,0.250,1,917.9,121.9,-0.1,-0.0,0.00,0.12,9,9,-1,-0.1,-0.1,0.1,0.0,0.01,-0.00,0.00,0.00,0.00,0.00,-0.12,0.02,87,-1,0,0,0.0,0.01
47.60,fly,100.03,-0.03,0.252,1,917.9,121.9,-0.1,-0.1,0.00,0.12,9,9,-1,-0.1,-0.1,0.1,0.1,0.01,0.00,0.00,0.00,0.00,0.00,-0.11,0.02,87,-1,0,0,0.0,0.01
47.70,fly,100.04,-0.04,0.259,1,917.9,121.9,-0.1,-0.1,0.00,0.11,9,9,-1,-0.1,-0.1,0.1,0.1,0.02,0.00,0.00,0.00,0.00,0.00,-0.11,0.02,87,-1,0,0,0.0,0.01
47.80,fly,100.02,-0.02,0.267,1,917.9,122.0,-0.1,-0.1,0.00,0.10,9,9,-1,-0.1,-0.1,0.1,0.2,0.02,-0.00,0.00,0.00,0.00,0.00,-0.10,0.02,87,-1,0,0,0.0,0.01
47.90,fly,99.99,0.01,0.276,1,917.9,122.0,-0.1,-0.1,0.00,0.10,9,9,-1,-0.1,-0.1,0.1,0.3,0.02,-0.00,0.00,0.00,0.00,0.00,-0.10,0.02,87,-1,0,0,0.0,0.01
48.00,fly,99.98,0.02,0.281,1,917.9,122.0,-0.1,-0.1,0.00,0.10,9,9,-1,-0.1,-0.1,0.1,0.2,0.00,-0.01,0.00,0.00,0.00,0.00,-0.10,0.02,87,-1,0,0,0.0,0.01
48.10,fly,99.96,0.04,0.279,1,917.9,122.0,-0.1,-0.1,0.00,0.10,9,9,-1,-0.1,-0.1,0.0,0.1,-0.01,-0.01,0.00,0.00,0.00,0.00,-0.10,0.02,87,-1,0,0,0.0,0.01
48.20,fly,99.97,0.03,0.270,1,917.9,122.0,-0.1,-0.1,0.00,0.10,9,9,-1,-0.1,-0.1,-0.0,0.1,-0.00,-0.01,0.00,0.00,0.00,0.00,-0.10,0.02,86,-1,0,0,0.0,0.01
48.30,fly,99.98,0.02,0.261,1,917.9,122.0,-0.1,-0.1,0.00,0.09,9,9,-1,-0.1,-0.1,-0.1,0.0,-0.00,-0.02,0.00,0.00,0.00,0.00,-0.09,0.01,86,-1,0,0,0.0,0.01
48.40,fly,100.02,-0.02,0.253,1,917.9,122.0,-0.1,-0.1,0.00,0.08,9,9,-1,-0.1,-0.1,-0.2,0.0,0.01,-0.01,0.00,0.00,0.00,0.00,-0.09,0.01,86,-1,0,0,0.0,0.01
48.50,fly,100.03,-0.03,0.253,1,917.9,122.0,-0.1,-0.1,0.00,0.08,9,9,-1,-0.1,-0.1,-0.2,0.1,0.01,-0.01,0.00,0.00,0.00,0.00,-0.08,0.01,86,-1,0,0,0.0,0.01
48.60,fly,100.03,-0.03,0.260,1,917.9,122.0,-0.1,-0.1,0.00,0.07,9,9,-1,-0.0,-0.1,-0.2,0.2,0.02,-0.01,0.00,0.00,0.00,0.00,-0.08,0.01,86,-1,0,0,0.0,0.01
48.70,fly,100.02,-0.02,0.268,1,917.9,122.0,-0.1,-0.2,0.00,0.06,9,9,-1,-0.0,-0.1,-0.3,0.2,0.02,-0.01,0.00,0.00,0.00,0.00,-0.07,0.01,86,-1,0,0,0.0,0.01
48.80,fly,100.00,-0.00,0.276,1,917.9,122.0,-0.1,-0.2,0.00,0.06,9,9,-1,-0.0,-0.1,-0.3,0.3,0.02,-0.01,0.00,0.00,0.00,0.00,-0.06,0.01,86,-1,0,0,0.0,0.01
48.90,fly,99.98,0.02,0.280,1,917.9,122.0,-0.1,-0.2,0.00,0.05,9,9,-1,-0.0,-0.1,-0.3,0.3,0.01,-0.01,0.00,0.00,0.00,0.00,-0.05,0.01,86,-1,0,0,0.0,0.01
49.00,fly,99.97,0.03,0.275,1,917.9,122.1,-0.1,-0.2,0.04,0.04,9,9,-1,-0.0,-0.1,-0.3,0.3,0.01,-0.01,0.00,0.00,0.00,0.00,-0.05,0.01,86,-1,0,0,0.0,0.01
49.10,fly,99.98,0.02,0.266,1,917.9,122.1,-0.1,-0.2,0.04,0.03,9,9,-1,-0.0,-0.2,-0.3,0.3,0.01,-0.01,0.00,0.00,0.00,0.00,-0.03,0.05,86,-1,0,0,0.0,0.01
49.20,fly,100.01,-0.01,0.257,1,917.9,122.1,-0.1,-0.2,0.04,0.03,9,9,-1,-0.0,-0.2,-0.3,0.3,0.01,-0.01,0.00,0.00,0.00,0.00,-0.03,0.05,86,-1,0,0,0.0,0.01
49.30,fly,100.03,-0.03,0.252,1,917.9,122.1,-0.1,-0.2,0.04,0.02,9,9,-1,-0.0,-0.2,-0.3,0.2,0.00,-0.00,0.00,0.00,0.00,0.00,-0.02,0.05,86,-1,0,0,0.0,0.01
49.40,fly,100.03,-0.03,0.257,1,917.9,122.1,-0.1,-0.2,0.04,0.02,9,9,-1,0.0,-0.2,-0.3,0.2,-0.00,0.00,0.00,0.00,0.00,0.00,-0.01,0.05,86,-1,0,0,0.0,0.01
49.50,fly,100.03,-0.03,0.265,1,917.9,122.1,-0.1,-0.2,0.04,0.02,9,9,-1,0.0,-0.2,-0.2,0.1,-0.00,-0.00,0.00,0.00,0.00,0.00,-0.01,0.05,86,-1,0,0,0.0,0.01
49.60,fly,100.00,0.00,0.273,1,917.9,122.1,-0.1,-0.2,0.04,0.01,9,9,-1,0.0,-0.2,-0.2,0.1,0.00,-0.00,0.00,0.00,0.00,0.00,-0.00,0.05,86,-1,0,0,0.0,0.01
49.70,fly,99.98,0.02,0.282,1,917.9,122.1,-0.1,-0.2,0.04,0.01,9,9,-1,0.0,-0.2,-0.2,0.0,0.00,-0.00,0.00,0.00,0.00,0.00,0.00,0.04,86,-1,0,0,0.0,0.01
49.80,fly,99.94,0.06,0.285,1,917.9,122.1,-0.1,-0.2,0.04,0.00,9,9,-1,0.0,-0.2,-0.2,0.0,0.00,-0.01,0.00,0.00,0.00,0.00,0.01,0.04,86,-1,0,0,0.0,0.01
49.90,fly,99.94,0.06,0.277,1,917.9,122.1,-0.1,-0.2,0.04,-0.01,9,9,-1,0.0,-0.2,-0.2,0.0,0.00,-0.01,0.00,0.00,0.00,0.00,0.01,0.04,86,-1,0,0,0.0,0.01
50.00,fly,99.94,0.06,0.268,1,917.9,122.1,-0.1,-0.2,0.04,-0.01,9,9,-1,0.0,-0.2,-0.2,0.0,0.01,-0.01,0.00,0.00,0.00,0.00,0.01,0.04,86,-1,0,0,0.0,0.01
50.10,fly,99.97,0.03,0.259,1,917.9,122.1,-0.1,-0.2,0.04,-0.01,9,9,-1,0.0,-0.2,-0.3,0.0,0.01,-0.01,0.00,0.00,0.00,0.00,0.02,0.04,86,-1,0,0,0.0,0.01
50.20,fly,100.01,-0.01,0.251,1,917.9,122.1,-0.1,-0.2,0.04,-0.02,9,9,-1,0.0,-0.2,-0.2,-0.0,-0.00,-0.00,0.00,0.00,0.00,0.00,0.02,0.04,86,-1,0,0,0.0,0.01
50.30,fly,100.03,-0.03,0.250,1,917.9,122.1,-0.2,-0.2,0.04,-0.02,9,9,-1,0.0,-0.2,-0.2,-0.1,-0.00,0.00,0.00,0.00,0.00,0.00,0.03,0.04,86,-1,0,0,0.0,0.01
50.40,fly,100.04,-0.04,0.257,1,917.9,122.1,-0.2,-0.2,0.04,-0.02,9,9,-1,0.0,-0.2,-0.2,-0.2,-0.00,-0.00,0.00,0.00,0.00,0.00,0.03,0.04,86,-1,0,0,-0.0,0.01
50.50,fly,100.03,-0.03,0.265,1,917.9,122.1,-0.2,-0.2,0.04,-0.03,9,9,-1,0.0,-0.2,-0.1,-0.2,-0.00,-0.00,0.00,0.00,0.00,0.00,0.03,0.04,86,-1,0,0,0.0,0.01
50.60,fly,100.00,0.00,0.273,1,917.9,122.1,-0.2,-0.2,0.04,-0.03,9,9,-1,0.1,-0.2,-0.1,-0.2,-0.00,-0.00,0.00,0.00,0.00,0.00,0.03,0.04,86,-1,0,0,-0.0,0.01
50.70,fly,99.98,0.02,0.282,1,917.9,122.1,-0.2,-0.2,0.04,-0.03,9,9,-1,0.1,-0.2,-0.1,-0.3,0.00,-0.00,0.00,0.00,0.00,0.00,0.03,0.04,86,-1,0,0,-0.0,0.01
50.80,fly,99.95,0.05,0.285,1,918.0,122.0,-0.2,-0.2,0.00,-0.03,9,9,-1,0.1,-0.2,-0.1,-0.3,0.00,-0.00,0.00,0.00,0.00,0.00,0.03,0.04,86,-1,0,0,0.0,0.01
50.90,fly,99.94,0.06,0.277,1,918.0,122.0,-0.2,-0.2,0.00,-0.03,9,9,-1,0.1,-0.1,-0.1,-0.3,0.00,-0.01,0.00,0.00,0.00,0.00,0.03,-0.01,86,-1,0,0,-0.0,0.01
51.00,fly,99.95,0.05,0.268,1,918.0,122.0,-0.2,-0.2,0.00,-0.03,9,9,-1,0.1,-0.1,-0.1,-0.3,0.01,-0.01,0.00,0.00,0.00,0.00,0.03,-0.01,86,-1,0,0,-0.0,0.01
51.10,fly,99.97,0.03,0.259,1,918.0,122.0,-0.2,-0.2,0.00,-0.03,9,9,-1,0.1,-0.1,-0.1,-0.2,0.01,-0.01,0.00,0.00,0.00,0.00,0.03,-0.01,86,-1,0,0,-0.0,0.01
51.20,fly,100.02,-0.02,0.251,1,918.0,122.0,-0.2,-0.2,0.00,-0.04,9,9,-1,0.1,-0.1,-0.1,-0.3,0.00,-0.00,0.00,0.00,0.00,0.00,0.03,-0.01,86,-1,0,0,-0.0,0.01
51.30,fly,100.04,-0.04,0.250,1,918.0,122.0,-0.2,-0.2,0.00,-0.04,9,9,-1,0.1,-0.1,-0.0,-0.3,-0.00,0.00,0.00,0.00,0.00,0.00,0.04,-0.01,86,-1,0,0,-0.0,0.01
51.40,fly,100.04,-0.04,0.257,1,918.0,122.0,-0.2,-0.2,0.00,-0.04,9,9,-1,0.1,-0.1,0.0,-0.3,-0.00,0.00,0.00,0.00,0.00,0.00,0.04,-0.01,86,-1,0,0,-0.0,0.01
51.50,fly,100.03,-0.03,0.265,1,918.0,122.0,-0.2,-0.1,0.00,-0.04,9,9,-1,0.1,-0.1,0.0,-0.3,0.00,0.00,0.00,0.00,0.00,0.00,0.04,-0.01,86,-1,0,0,-0.0,0.01
51.60,fly,100.00,0.00,0.273,1,917.9,122.0,-0.2,-0.1,-0.02,-0.03,9,9,-1,0.1,-0.1,0.1,-0.3,0.00,0.00,0.00,0.00,0.00,0.00,0.04,-0.01,86,-1,0,0,0.0,0.01
51.70,fly,99.96,0.04,0.282,1,917.9,122.0,-0.2,-0.1,-0.04,-0.03,9,9,-1,0.1,-0.1,0.1,-0.3,0.00,-0.00,0.00,0.00,0.00,0.00,0.03,-0.03,86,-1,0,0,-0.0,0.01
51.80,fly,99.95,0.05,0.285,1,917.9,122.0,-0.2,-0.1,-0.04,-0.03,9,9,-1,0.1,-0.1,0.1,-0.3,0.01,-0.00,0.00,0.00,0.00,0.00,0.03,-0.05,86,-1,0,0,-0.0,0.01
51.90,fly,99.94,0.06,0.277,1,917.9,122.0,-0.2,-0.1,-0.04,-0.03,9,9,-1,0.1,-0.1,0.1,-0.3,0.01,-0.00,0.00,0.00,0.00,0.00,0.03,-0.05,86,-1,0,0,0.0,0.01
52.00,fly,99.96,0.04,0.268,1,917.9,122.0,-0.2,-0.1,-0.04,-0.03,9,9,-1,0.0,-0.1,0.1,-0.2,0.01,-0.00,0.00,0.00,0.00,0.00,0.02,-0.05,86,-1,0,0,-0.0,0.01
52.10,fly,99.98,0.02,0.259,1,917.9,122.0,-0.2,-0.1,-0.04,-0.02,9,9,-1,0.0,-0.1,0.1,-0.2,0.01,-0.01,0.00,0.00,0.00,0.00,0.02,-0.05,86,-1,0,0,0.0,0.01
52.20,fly,100.00,-0.00,0.251,1,917.9,122.0,-0.2,-0.1,-0.04,-0.02,9,9,-1,0.0,-0.1,0.1,-0.2,0.01,0.00,0.00,0.00,0.00,0.00,0.02,-0.05,86,-1,0,0,0.0,0.01
52.30,fly,100.03,-0.03,0.250,1,917.9,122.0,-0.1,-0.1,-0.04,-0.02,9,9,-1,0.0,-0.1,0.2,-0.2,0.00,0.01,0.00,0.00,0.00,0.00,0.02,-0.05,86,-1,0,0,-0.0,0.01
52.40,fly,100.04,-0.04,0.257,1,917.9,122.0,-0.1,-0.1,-0.04,-0.02,9,9,-1,0.0,-0.1,0.2,-0.1,0.01,0.00,0.00,0.00,0.00,0.00,0.01,-0.05,86,-1,0,0,0.0,0.01
52.50,fly,100.02,-0.02,0.265,1,917.9,122.0,-0.1,-0.1,-0.04,-0.01,9,9,-1,0.0,-0.1,0.2,-0.1,0.01,0.00,0.00,0.00,0.00,0.00,0.01,-0.05,86,-1,0,0,0.0,0.01
52.60,fly,100.00,0.00,0.274,1,917.9,122.0,-0.1,-0.1,-0.04,-0.01,9,9,-1,0.0,-0.1,0.3,-0.1,0.01,0.00,0.00,0.00,0.00,0.00,0.00,-0.05,86,-1,0,0,0.0,0.01
52.70,fly,99.97,0.03,0.281,1,917.9,122.0,-0.1,-0.1,-0.04,-0.01,9,9,-1,0.0,-0.1,0.2,-0.1,0.00,-0.01,0.00,0.00,0.00,0.00,0.00,-0.04,86,-1,0,0,0.0,0.01
52.80,fly,99.96,0.04,0.280,1,917.9,122.0,-0.1,-0.1,-0.04,0.00,9,9,-1,0.0,-0.1,0.1,-0.1,0.00,-0.01,0.00,0.00,0.00,0.00,-0.00,-0.04,86,-1,0,0,0.0,0.01
52.90,fly,99.97,0.03,0.272,1,917.9,122.0,-0.1,-0.1,-0.04,0.00,9,9,-1,0.0,-0.1,0.0,-0.1,0.00,-0.02,0.00,0.00,0.00,0.00,-0.01,-0.04,86,-1,0,0,0.0,0.01
53.00,fly,99.98,0.02,0.263,1,917.9,122.0,-0.1,-0.1,-0.04,0.00,9,9,-1,0.0,-0.1,-0.0,-0.1,0.01,-0.02,0.00,0.00,0.00,0.00,-0.01,-0.04,86,-1,0,0,0.0,0.01
53.10,fly,100.01,-0.01,0.254,1,917.9,122.0,-0.1,-0.1,-0.04,0.01,9,9,-1,0.0,-0.1,-0.1,-0.1,0.01,-0.02,0.00,0.00,0.00,0.00,-0.01,-0.04,86,-1,0,0,0.0,0.01
53.20,fly,100.05,-0.05,0.249,1,917.9,122.0,-0.1,-0.1,-0.04,0.00,9,9,-1,0.0,-0.1,-0.2,-0.1,0.00,-0.01,0.00,0.00,0.00,0.00,-0.01,-0.04,86,-1,0,0,-0.0,0.01
53.30,fly,100.06,-0.06,0.253,1,917.9,122.0,-0.1,-0.1,-0.04,-0.01,9,9,-1,0.0,-0.1,-0.2,-0.1,-0.00,-0.01,0.00,0.00,0.00,0.00,-0.01,-0.04,86,-1,0,0,0.0,0.01
53.40,fly,100.06,-0.06,0.260,1,917.9,122.0,-0.1,-0.1,-0.04,-0.01,9,9,-1,0.0,-0.1,-0.2,-0.1,0.00,-0.01,0.00,0.00,0.00,0.00,-0.00,-0.04,86,-1,0,0,0.0,0.01
53.50,fly,100.05,-0.05,0.268,1,917.9,122.0,-0.1,-0.1,-0.04,-0.01,9,9,-1,0.0,-0.1,-0.3,-0.1,0.00,-0.01,0.00,0.00,0.00,0.00,-0.00,-0.04,86,-1,0,0,-0.0,0.01
53.60,fly,100.01,-0.01,0.277,1,917.9,122.0,-0.1,-0.1,-0.04,-0.01,9,9,-1,0.0,-0.1,-0.3,-0.1,0.01,-0.01,0.00,0.00,0.00,0.00,0.00,-0.05,86,-1,0,0,0.0,0.01
53.70,fly,99.98,0.02,0.283,1,917.9,122.0,-0.1,-0.1,-0.04,-0.02,9,9,-1,0.0,-0.1,-0.2,-0.1,0.01,0.00,0.00,0.00,0.00,0.00,0.01,-0.05,86,-1,0,0,-0.0,0.01
53.80,fly,99.97,0.03,0.280,1,917.9,122.0,-0.1,-0.1,-0.04,-0.02,9,9,-1,0.0,-0.1,-0.1,-0.0,0.01,0.01,0.00,0.00,0.00,0.00,0.02,-0.05,86,-1,0,0,-0.0,0.01
53.90,fly,99.96,0.04,0.272,1,917.8,122.0,-0.1,-0.1,-0.04,-0.03,9,9,-1,0.0,-0.1,-0.0,0.0,0.01,0.01,0.00,0.00,0.00,0.00,0.02,-0.05,86,-1,0,0,-0.0,0.01
54.00,fly,99.98,0.02,0.263,1,917.8,122.0,-0.1,-0.1,-0.04,-0.03,9,9,-1,0.0,-0.1,0.0,0.1,0.02,0.01,0.00,0.00,0.00,0.00,0.02,-0.05,86,-1,0,0,-0.0,0.01
54.10,fly,100.00,0.00,0.256,1,917.8,122.0,-0.1,-0.1,-0.04,-0.03,9,9,-1,0.0,-0.1,0.1,0.1,0.01,-0.00,0.00,0.00,0.00,0.00,0.02,-0.05,86,-1,0,0,-0.0,0.01
54.20,fly,100.02,-0.02,0.254,1,917.8,122.0,-0.1,-0.1,-0.04,-0.02,9,9,-1,0.0,-0.1,-0.0,0.0,-0.00,-0.02,0.00,0.00,0.00,0.00,0.02,-0.05,86,-1,0,0,0.0,0.01
54.30,fly,100.03,-0.03,0.258,1,917.8,122.0,-0.1,-0.1,-0.04,-0.02,9,9,-1,0.0,-0.1,-0.1,-0.0,-0.00,-0.02,0.00,0.00,0.00,0.00,0.02,-0.05,86,-1,0,0,0.0,0.01
54.40,fly,100.02,-0.02,0.266,1,917.8,122.0,-0.1,-0.1,-0.04,-0.02,9,9,-1,0.0,-0.1,-0.2,-0.1,-0.00,-0.02,0.00,0.00,0.00,0.00,0.02,-0.05,86,-1,0,0,0.0,0.01
54.50,fly,100.00,0.00,0.274,1,917.8,122.0,-0.0,-0.1,-0.04,-0.02,9,9,-1,0.0,-0.1,-0.4,-0.1,-0.00,-0.02,0.00,0.00,0.00,0.00,0.02,-0.05,86,-1,0,0,-0.0,0.01
54.60,fly,99.98,0.02,0.280,1,917.8,122.0,-0.0,-0.1,-0.04,-0.02,9,9,-1,0.0,-0.1,-0.4,-0.1,0.00,-0.01,0.00,0.00,0.00,0.00,0.02,-0.05,86,-1,0,0,-0.0,0.01
54.70,fly,99.97,0.03,0.277,1,917.8,122.0,-0.0,-0.1,-0.04,-0.03,9,9,-1,0.1,-0.1,-0.3,-0.1,0.00,0.00,0.00,0.00,0.00,0.00,0.02,-0.05,86,-1,0,0,0.0,0.01
54.80,fly,99.98,0.02,0.268,1,917.8,122.0,-0.0,-0.1,-0.04,-0.04,9,9,-1,0.1,-0.1,-0.3,-0.1,0.01,-0.00,0.00,0.00,0.00,0.00,0.03,-0.05,86,-1,0,0,-0.0,0.01
54.90,fly,100.01,-0.01,0.259,1,917.8,122.0,-0.0,-0.1,-0.04,-0.04,9,9,-1,0.1,-0.0,-0.2,-0.1,0.01,-0.00,0.00,0.00,0.00,0.00,0.04,-0.05,86,-1,0,0,0.0,0.01
55.00,fly,100.03,-0.03,0.251,1,917.8,122.0,-0.0,-0.1,-0.04,-0.04,9,9,-1,0.1,-0.0,-0.2,-0.1,0.00,0.00,0.00,0.00,0.00,0.00,0.04,-0.05,86,-1,0,0,0.0,0.01
55.10,fly,100.05,-0.05,0.250,1,917.8,121.9,-0.0,-0.1,-0.04,-0.05,9,9,-1,0.1,-0.0,-0.1,-0.1,-0.00,0.01,0.00,0.00,0.00,0.00,0.04,-0.05,86,-1,0,0,-0.0,0.01
55.20,fly,100.05,-0.05,0.258,1,917.8,121.9,-0.0,-0.1,-0.04,-0.05,9,9,-1,0.1,-0.0,0.0,-0.1,0.00,0.01,0.00,0.00,0.00,0.00,0.04,-0.05,86,-1,0,0,-0.0,0.01
55.30,fly,100.04,-0.04,0.265,1,917.8,121.9,-0.0,-0.1,-0.04,-0.05,9,9,-1,0.1,-0.0,0.1,-0.1,0.00,0.01,0.00,0.00,0.00,0.00,0.04,-0.05,86,-1,0,0,-0.0,0.01
55.40,fly,100.02,-0.02,0.274,1,917.8,121.9,-0.0,-0.1,-0.04,-0.05,9,9,-1,0.1,-0.0,0.1,-0.1,0.01,0.01,0.00,0.00,0.00,0.00,0.04,-0.05,86,-1,0,0,-0.0,0.01
55.50,fly,99.99,0.01,0.281,1,917.8,121.9,-0.0,-0.1,-0.04,-0.04,9,9,-1,0.1,-0.0,0.1,-0.2,-0.00,-0.00,0.00,0.00,0.00,0.00,0.04,-0.05,86,-1,0,0,-0.0,0.01
55.60,fly,99.96,0.04,0.281,1,917.8,121.9,-0.0,-0.0,-0.04,-0.03,9,9,-1,0.1,-0.0,0.1,-0.2,-0.00,-0.01,0.00,0.00,0.00,0.00,0.03,-0.05,86,-1,0,0,0.0,0.01
55.70,fly,99.96,0.04,0.273,1,917.8,121.9,0.0,-0.0,-0.04,-0.03,9,9,-1,0.1,-0.0,0.1,-0.2,-0.00,-0.01,0.00,0.00,0.00,0.00,0.03,-0.05,86,-1,0,0,0.0,0.01
55.80,fly,99.99,0.01,0.264,1,917.8,121.9,0.0,-0.0,-0.04,-0.03,9,9,-1,0.1,-0.0,0.0,-0.3,0.00,-0.01,0.00,0.00,0.00,0.00,0.03,-0.05,86,-1,0,0,-0.0,0.01
55.90,fly,100.02,-0.02,0.255,1,917.8,121.9,0.0,-0.0,-0.04,-0.03,9,9,-1,0.1,-0.0,-0.0,-0.2,0.00,-0.01,0.00,0.00,0.00,0.00,0.03,-0.05,86,-1,0,0,0.0,0.01
56.00,fly,100.03,-0.03,0.248,1,917.8,121.9,0.0,-0.0,-0.04,-0.03,9,9,-1,0.1,-0.0,0.0,-0.2,0.01,0.00,0.00,0.00,0.00,0.00,0.02,-0.05,86,-1,0,0,0.0,0.01
56.10,fly,100.06,-0.06,0.250,1,917.8,121.9,0.0,-0.0,-0.04,-0.03,9,9,-1,0.1,-0.0,0.1,-0.2,0.01,0.01,0.00,0.00,0.00,0.00,0.03,-0.05,86,-1,0,0,-0.0,0.01
56.20,fly,100.06,-0.06,0.257,1,917.7,121.9,0.0,-0.0,-0.04,-0.03,9,9,-1,0.1,-0.0,0.2,-0.1,0.01,0.01,0.00,0.00,0.00,0.00,0.02,-0.05,86,-1,0,0,-0.0,0.01
56.30,fly,100.06,-0.06,0.265,1,917.7,121.9,0.0,-0.0,-0.04,-0.03,9,9,-1,0.1,-0.0,0.3,-0.1,0.01,0.01,0.00,0.00,0.00,0.00,0.02,-0.05,86,-1,0,0,-0.0,0.01
56.40,fly,100.02,-0.02,0.274,1,917.7,121.9,0.0,-0.0,-0.04,-0.02,9,9,-1,0.1,-0.0,0.3,-0.0,0.01,0.01,0.00,0.00,0.00,0.00,0.02,-0.05,86,-1,0,0,-0.0,0.01
56.50,fly,99.99,0.01,0.281,1,917.7,121.9,0.0,-0.0,-0.04,-0.01,9,9,-1,0.1,-0.0,0.3,-0.0,0.01,-0.00,0.00,0.00,0.00,0.00,0.01,-0.05,86,-1,0,0,0.0,0.01
56.60,fly,99.97,0.03,0.281,1,917.7,121.9,0.0,-0.0,-0.04,-0.01,9,9,-1,0.0,-0.0,0.3,-0.0,0.01,-0.01,0.00,0.00,0.00,0.00,0.00,-0.05,86,-1,0,0,0.0,0.01
56.70,fly,99.98,0.02,0.272,1,917.7,121.9,0.0,-0.0,-0.04,0.00,9,9,-1,0.0,-0.0,0.2,0.0,0.01,-0.01,0.00,0.00,0.00,0.00,-0.00,-0.04,86,-1,0,0,0.0,0.01
56.80,fly,99.98,0.02,0.264,1,917.7,121.9,0.1,-0.0,-0.04,0.00,9,9,-1,0.0,-0.0,0.2,0.0,0.01,-0.01,0.00,0.00,0.00,0.00,-0.01,-0.04,86,-1,0,0,0.0,0.01
56.90,fly,100.01,-0.01,0.255,1,917.7,121.9,0.1,-0.0,-0.04,0.01,9,9,-1,0.0,-0.0,0.1,0.1,0.01,-0.01,0.00,0.00,0.00,0.00,-0.01,-0.04,86,-1,0,0,0.0,0.01
57.00,fly,100.05,-0.05,0.249,1,917.7,121.9,0.1,-0.0,-0.04,0.01,9,9,-1,0.0,-0.0,0.1,0.1,0.01,-0.01,0.00,0.00,0.00,0.00,-0.02,-0.04,86,-1,0,0,-0.0,0.01
57.10,fly,100.06,-0.06,0.254,1,917.7,121.9,0.1,-0.0,-0.04,0.01,9,9,-1,0.0,-0.0,0.1,0.1,0.00,-0.00,0.00,0.00,0.00,0.00,-0.02,-0.04,86,-1,0,0,0.0,0.01
57.20,fly,100.05,-0.05,0.261,1,917.7,121.9,0.1,-0.0,-0.04,0.01,9,9,-1,0.0,-0.0,0.1,0.1,0.01,-0.00,0.00,0.00,0.00,0.00,-0.02,-0.04,86,-1,0,0,0.0,0.01
57.30,fly,100.03,-0.03,0.270,1,917.7,121.9,0.1,-0.0,-0.04,0.02,9,9,-1,0.0,-0.0,0.1,0.1,0.01,-0.01,0.00,0.00,0.00,0.00,-0.02,-0.04,86,-1,0,0,-0.0,0.01
57.40,fly,100.01,-0.01,0.278,1,917.7,121.9,0.1,-0.0,-0.04,0.02,9,9,-1,0.0,-0.0,0.0,0.1,0.01,-0.01,0.00,0.00,0.00,0.00,-0.02,-0.04,86,-1,0,0,-0.0,0.01
57.50,fly,99.98,0.02,0.282,1,917.7,121.9,0.1,-0.0,-0.04,0.02,9,9,-1,0.0,-0.0,0.1,0.1,0.00,-0.00,0.00,0.00,0.00,0.00,-0.02,-0.04,86,-1,0,0,-0.0,0.01
57.60,fly,99.97,0.03,0.277,1,917.7,121.9,0.1,-0.0,-0.02,0.02,9,9,-1,0.0,-0.0,0.1,0.1,-0.00,0.00,0.00,0.00,0.00,0.00,-0.02,-0.04,86,-1,0,0,-0.0,0.01
57.70,fly,99.97,0.03,0.269,1,917.7,121.9,0.1,-0.0,-0.02,0.02,9,9,-1,0.0,-0.0,0.1,0.0,0.00,0.00,0.00,0.00,0.00,0.00,-0.02,-0.02,86,-1,0,0,-0.0,0.01
57.80,fly,100.00,-0.00,0.259,1,917.7,121.9,0.1,-0.0,0.00,0.02,9,9,-1,0.0,-0.1,0.1,0.0,0.00,-0.00,0.00,0.00,0.00,0.00,-0.02,0.00,86,-1,0,0,-0.0,0.01
57.90,fly,100.04,-0.04,0.250,1,917.7,121.9,0.1,-0.0,0.00,0.02,9,9,-1,0.0,-0.1,0.1,0.0,0.01,-0.00,0.00,0.00,0.00,0.00,-0.02,0.00,86,-1,0,0,-0.0,0.01
58.00,fly,100.06,-0.06,0.246,1,917.7,121.9,0.1,-0.0,0.00,0.02,9,9,-1,0.0,-0.1,0.1,0.1,0.01,-0.01,0.00,0.00,0.00,0.00,-0.02,0.00,86,-1,0,0,-0.0,0.01
58.10,fly,100.07,-0.07,0.253,1,917.7,121.9,0.1,-0.0,0.00,0.02,9,9,-1,0.0,-0.1,0.1,0.1,0.01,-0.01,0.00,0.00,0.00,0.00,-0.02,0.00,86,-1,0,0,-0.0,0.01
58.20,fly,100.06,-0.06,0.261,1,917.7,121.9,0.1,-0.0,0.00,0.02,9,9,-1,0.0,-0.1,0.1,0.1,0.01,-0.01,0.00,0.00,0.00,0.00,-0.02,0.00,86,-1,0,0,0.0,0.01
58.30,fly,100.05,-0.05,0.269,1,917.7,121.9,0.1,-0.0,0.00,0.02,9,9,-1,0.0,-0.1,0.0,0.2,0.01,-0.01,0.00,0.00,0.00,0.00,-0.02,0.00,86,-1,0,0,0.0,0.01
58.40,fly,100.01,-0.01,0.278,1,917.7,121.9,0.1,-0.0,0.00,0.02,9,9,-1,0.0,-0.1,-0.0,0.2,0.01,-0.01,0.00,0.00,0.00,0.00,-0.02,0.00,86,-1,0,0,0.0,0.01
58.50,fly,100.00,0.00,0.282,1,917.7,121.9,0.1,-0.1,0.00,0.02,9,9,-1,0.0,-0.1,-0.0,0.2,0.01,-0.00,0.00,0.00,0.00,0.00,-0.02,0.00,86,-1,0,0,-0.0,0.01
58.60,fly,99.98,0.02,0.277,1,917.7,121.9,0.1,-0.1,0.00,0.02,9,9,-1,0.0,-0.1,-0.0,0.2,0.00,-0.00,0.00,0.00,0.00,0.00,-0.02,0.00,86,-1,0,0,0.0,0.01
58.70,fly,99.99,0.01,0.268,1,917.7,121.9,0.1,-0.1,0.00,0.02,9,9,-1,0.0,-0.1,-0.0,0.2,0.01,-0.00,0.00,0.00,0.00,0.00,-0.02,0.00,86,-1,0,0,0.0,0.01
58.80,fly,100.01,-0.01,0.259,1,917.7,121.9,0.1,-0.1,0.00,0.02,9,9,-1,0.0,-0.1,-0.0,0.2,0.01,-0.01,0.00,0.00,0.00,0.00,-0.02,0.00,86,-1,0,0,0.0,0.01
58.90,fly,100.04,-0.04,0.251,1,917.7,121.9,0.1,-0.1,0.00,0.02,9,9,-1,0.0,-0.1,0.0,0.2,0.00,0.00,0.00,0.00,0.00,0.00,-0.02,0.00,86,-1,0,0,0.0,0.01
59.00,fly,100.05,-0.05,0.250,1,917.7,121.9,0.1,-0.1,0.00,0.02,9,9,-1,0.0,-0.1,0.1,0.1,-0.00,0.00,0.00,0.00,0.00,0.00,-0.02,0.00,86,-1,0,0,-0.0,0.01
59.10,fly,100.05,-0.05,0.258,1,917.7,121.9,0.1,-0.1,0.00,0.02,9,9,-1,0.0,-0.1,0.1,0.1,-0.00,0.00,0.00,0.00,0.00,0.00,-0.02,0.00,86,-1,0,0,0.0,0.01
59.20,fly,100.05,-0.05,0.265,1,917.7,121.9,0.1,-0.1,0.00,0.02,9,9,-1,0.0,-0.1,0.1,0.0,0.00,0.00,0.00,0.00,0.00,0.00,-0.02,0.00,86,-1,0,0,0.0,0.01
59.30,fly,100.01,-0.01,0.274,1,917.7,121.9,0.1,-0.1,0.00,0.02,9,9,-1,0.0,-0.1,0.1,-0.0,0.00,-0.00,0.00,0.00,0.00,0.00,-0.02,0.00,86,-1,0,0,0.0,0.01
59.40,fly,99.98,0.02,0.283,1,917.7,121.9,0.1,-0.1,0.00,0.02,9,9,-1,0.0,-0.1,0.1,-0.0,0.00,-0.00,0.00,0.00,0.00,0.00,-0.02,0.00,86,-1,0,0,0.0,0.01
59.50,fly,99.94,0.06,0.286,1,917.7,122.0,0.1,-0.1,0.00,0.02,9,9,-1,0.0,-0.1,0.1,-0.0,0.00,-0.00,0.00,0.00,0.00,0.00,-0.02,0.00,86,-1,0,0,0.0,0.01
59.60,fly,99.94,0.06,0.278,1,917.7,122.0,0.1,-0.1,0.00,0.03,9,9,-1,0.0,-0.1,0.1,-0.0,0.01,-0.01,0.00,0.00,0.00,0.00,-0.02,0.00,86,-1,0,0,0.0,0.01
59.70,fly,99.94,0.06,0.270,1,917.7,122.0,0.1,-0.1,0.00,0.03,9,9,-1,-0.0,-0.1,0.1,0.0,0.01,-0.01,0.00,0.00,0.00,0.00,-0.03,0.00,86,-1,0,0,0.0,0.01
59.80,fly,99.97,0.03,0.261,1,917.7,122.0,0.1,-0.1,0.00,0.03,9,9,-1,-0.0,-0.1,0.0,0.0,0.01,-0.01,0.00,0.00,0.00,0.00,-0.03,0.00,86,-1,0,0,0.0,0.01
59.90,fly,100.00,-0.00,0.253,1,917.7,122.0,0.1,-0.1,0.00,0.03,9,9,-1,-0.0,-0.1,0.0,0.0,0.00,-0.00,0.00,0.00,0.00,0.00,-0.03,0.00,86,-1,0,0,0.0,0.01
60.00,fly,100.02,-0.02,0.252,1,917.7,122.0,0.1,-0.1,0.00,0.03,9,9,-1,-0.0,-0.1,0.1,-0.0,-0.00,-0.00,0.00,0.00,0.00,0.00,-0.03,0.00,86,-1,0,0,0.0,0.01
60.10,fly,100.02,-0.02,0.259,1,917.7,122.0,0.1,-0.1,0.00,0.03,9,9,-1,-0.0,-0.1,0.1,-0.1,0.00,-0.00,0.00,0.00,0.00,0.00,-0.03,0.00,86,-1,0,0,0.0,0.01
60.20,fly,100.00,-0.00,0.267,1,917.7,122.0,0.1,-0.1,0.00,0.03,9,9,-1,-0.0,-0.1,0.1,-0.1,0.00,-0.00,0.00,0.00,0.00,0.00,-0.03,0.00,86,-1,0,0,0.0,0.01
60.30,fly,99.98,0.02,0.276,1,917.7,122.0,0.1,-0.1,0.00,0.02,9,9,-1,-0.0,-0.1,0.1,-0.1,0.00,-0.00,0.00,0.00,0.00,0.00,-0.03,0.00,86,-1,0,0,0.0,0.01
60.40,fly,99.96,0.04,0.280,1,917.7,122.0,0.1,-0.1,0.00,0.02,9,9,-1,-0.0,-0.1,0.1,-0.1,-0.00,0.00,0.00,0.00,0.00,0.00,-0.02,0.00,86,-1,0,0,0.0,0.01
60.50,fly,99.96,0.04,0.274,1,917.7,122.0,0.1,-0.1,0.00,0.02,9,9,-1,-0.0,-0.1,0.1,-0.2,-0.01,0.00,0.00,0.00,0.00,0.00,-0.02,0.00,86,-1,0,0,0.0,0.01
60.60,fly,99.97,0.03,0.265,1,917.7,122.0,0.1,-0.1,0.00,0.03,9,9,-1,-0.0,-0.1,0.2,-0.2,-0.00,0.00,0.00,0.00,0.00,0.00,-0.02,0.00,86,-1,0,0,0.0,0.01
60.70,fly,99.99,0.01,0.256,1,917.7,122.0,0.1,-0.1,0.00,0.03,9,9,-1,-0.0,-0.1,0.2,-0.3,-0.00,0.00,0.00,0.00,0.00,0.00,-0.03,0.00,86,-1,0,0,0.0,0.01
60.80,fly,100.01,-0.01,0.251,1,917.7,122.0,0.1,-0.1,0.00,0.03,9,9,-1,-0.0,-0.1,0.1,-0.3,0.01,-0.01,0.00,0.00,0.00,0.00,-0.03,0.00,86,-1,0,0,0.0,0.01
60.90,fly,100.03,-0.03,0.256,1,917.7,122.0,0.1,-0.1,0.00,0.03,9,9,-1,-0.0,-0.1,0.0,-0.2,0.01,-0.02,0.00,0.00,0.00,0.00,-0.03,0.00,86,-1,0,0,0.0,0.01
61.00,fly,100.02,-0.02,0.264,1,917.7,122.0,0.1,-0.1,-0.04,0.03,9,9,-1,-0.0,-0.1,-0.0,-0.1,0.02,-0.02,0.00,0.00,0.00,0.00,-0.03,0.00,86,-1,0,0,0.0,0.01
61.10,fly,100.01,-0.01,0.272,1,917.7,122.0,0.1,-0.1,-0.04,0.03,9,9,-1,-0.0,-0.0,-0.1,-0.0,0.02,-0.02,0.00,0.00,0.00,0.00,-0.03,-0.04,86,-1,0,0,0.0,0.01
61.20,fly,99.98,0.02,0.279,1,917.7,122.0,0.1,-0.1,0.00,0.02,9,9,-1,-0.0,-0.0,-0.2,0.0,0.01,-0.01,0.00,0.00,0.00,0.00,-0.03,-0.04,86,-1,0,0,0.0,0.01
61.30,fly,99.96,0.04,0.280,1,917.7,122.0,0.1,-0.1,0.00,0.02,9,9,-1,-0.0,-0.1,-0.2,-0.0,-0.00,-0.00,0.00,0.00,0.00,0.00,-0.02,0.00,86,-1,0,0,0.0,0.01
61.40,fly,99.95,0.05,0.275,1,917.7,122.0,0.1,-0.1,0.00,0.02,9,9,-1,-0.0,-0.1,-0.1,-0.1,-0.00,0.00,0.00,0.00,0.00,0.00,-0.02,0.00,86,-1,0,0,-0.0,0.01
61.50,fly,99.96,0.04,0.266,1,917.7,122.0,0.1,-0.1,0.00,0.01,9,9,-1,0.0,-0.1,-0.1,-0.1,-0.00,0.00,0.00,0.00,0.00,0.00,-0.01,0.00,86,-1,0,0,-0.0,0.01
61.60,fly,100.00,0.00,0.257,1,917.7,122.0,0.1,-0.1,-0.02,0.01,9,9,-1,0.0,-0.1,-0.1,-0.2,0.00,-0.00,0.00,0.00,0.00,0.00,-0.01,0.00,86,-1,0,0,-0.0,0.01
61.70,fly,100.02,-0.02,0.250,1,917.7,122.0,0.1,-0.1,-0.02,0.01,9,9,-1,0.0,-0.0,-0.1,-0.1,0.02,-0.00,0.00,0.00,0.00,0.00,-0.01,-0.02,86,-1,0,0,-0.0,0.01
61.80,fly,100.03,-0.03,0.252,1,917.7,122.0,0.1,-0.1,-0.04,0.01,9,9,-1,-0.0,-0.0,-0.1,0.1,0.03,-0.01,0.00,0.00,0.00,0.00,-0.01,-0.04,86,-1,0,0,-0.0,0.01
61.90,fly,100.04,-0.04,0.260,1,917.7,122.0,0.1,-0.1,0.00,0.01,9,9,-1,-0.0,-0.0,-0.1,0.3,0.03,-0.01,0.00,0.00,0.00,0.00,-0.01,-0.04,86,-1,0,0,0.0,0.01
62.00,fly,100.02,-0.02,0.268,1,917.7,122.0,0.1,-0.1,0.00,0.01,9,9,-1,0.0,-0.1,-0.1,0.4,0.03,-0.01,0.00,0.00,0.00,0.00,-0.01,0.00,86,-1,0,0,0.2,0.01
62.10,fly,100.00,0.00,0.275,1,917.7,122.0,0.1,-0.1,0.00,0.01,9,9,-1,0.0,-0.1,-0.1,0.5,0.02,-0.00,0.00,0.00,0.00,0.00,-0.01,0.00,86,-1,0,0,0.2,0.01
62.20,fly,99.99,0.01,0.277,1,917.7,122.0,0.1,-0.1,0.00,0.01,9,9,-1,0.0,-0.1,-0.0,0.4,-0.00,0.00,0.00,0.00,0.00,0.00,-0.01,0.00,86,-1,0,0,0.5,-0.00
62.30,fly,99.98,0.02,0.274,1,917.7,122.0,0.1,-0.1,0.04,0.01,9,9,-1,0.0,-0.1,0.0,0.2,-0.02,0.00,0.00,0.00,0.00,0.00,-0.00,0.04,86,-1,0,0,0.9,-0.01
62.40,fly,99.99,0.01,0.266,1,917.7,122.0,0.1,-0.1,0.04,0.01,9,9,-1,0.0,-0.1,0.0,0.0,-0.02,-0.00,0.00,0.00,0.00,0.00,-0.00,0.05,86,-1,0,0,1.0,-0.01
62.50,fly,100.00,-0.00,0.257,1,917.7,122.0,0.1,-0.1,0.04,0.01,9,9,-1,0.0,-0.1,0.0,-0.1,-0.02,-0.00,0.00,0.00,0.00,0.00,-0.00,0.05,86,-1,0,0,1.0,-0.01
62.60,fly,100.04,-0.04,0.250,1,917.7,122.0,0.1,-0.1,0.04,0.01,9,9,-1,0.0,-0.1,0.0,-0.2,-0.00,-0.00,0.00,0.00,0.00,0.00,-0.00,0.05,86,-1,0,0,1.1,-0.01
62.70,fly,100.05,-0.05,0.252,1,917.7,122.0,0.1,-0.1,0.04,0.01,9,9,-1,0.0,-0.1,0.0,-0.2,0.01,-0.01,0.00,0.00,0.00,0.00,-0.00,0.05,86,-1,0,0,1.1,-0.01
62.80,fly,100.06,-0.06,0.259,1,917.7,122.0,0.1,-0.1,0.04,0.01,9,9,-1,0.0,-0.1,-0.0,-0.2,0.01,-0.01,0.00,0.00,0.00,0.00,-0.00,0.05,86,-1,0,0,0.8,-0.01
62.90,fly,100.03,-0.03,0.268,1,917.7,122.0,0.1,-0.1,0.04,0.01,9,9,-1,0.0,-0.1,-0.0,-0.2,0.01,-0.01,0.00,0.00,0.00,0.00,-0.00,0.05,86,-1,0,0,0.0,-0.02
63.00,fly,100.01,-0.01,0.276,1,917.7,122.0,0.1,-0.1,0.04,0.01,9,9,-1,0.0,-0.1,-0.1,-0.2,0.01,-0.01,0.00,0.00,0.00,0.00,-0.00,0.05,86,-1,0,0,0.9,0.00
63.10,fly,99.99,0.01,0.280,1,917.7,122.0,0.1,-0.1,0.04,0.01,9,10,-1,0.0,-0.1,-0.1,-0.2,-0.00,-0.00,0.00,0.00,0.00,0.00,-0.00,0.05,86,-1,0,0,0.9,-0.02
63.20,fly,99.98,0.02,0.275,1,917.7,122.0,0.1,-0.1,0.04,0.01,9,10,-1,0.0,-0.1,-0.0,-0.3,-0.00,0.00,0.00,0.00,0.00,0.00,0.00,0.04,86,-1,0,0,0.6,-0.01
63.30,fly,99.99,0.01,0.266,1,917.7,122.0,0.1,-0.1,0.02,0.01,9,10,-1,0.0,-0.1,0.0,-0.3,-0.00,-0.00,0.00,0.00,0.00,0.00,0.00,0.04,86,-1,0,-0,0.5,-0.01
63.40,fly,100.02,-0.02,0.257,1,917.7,122.0,0.1,-0.1,0.00,0.00,9,10,-1,0.0,-0.1,0.0,-0.3,-0.00,-0.00,0.00,0.00,0.00,0.00,-0.00,0.02,86,-1,0,-0,0.2,-0.01
63.50,fly,100.04,-0.04,0.252,1,917.7,122.0,0.1,-0.1,0.00,0.00,9,10,-1,0.0,-0.1,0.1,-0.3,0.01,0.00,0.00,0.00,0.00,0.00,0.00,0.00,86,-1,0,-0,0.2,-0.01
63.60,fly,100.04,-0.04,0.257,1,917.7,122.0,0.1,-0.1,0.00,0.00,9,10,-1,0.0,-0.1,0.1,-0.2,0.01,0.01,0.00,0.00,0.00,0.00,0.00,0.00,86,-1,0,-0,0.2,-0.01
63.70,fly,100.02,-0.02,0.265,1,917.7,122.0,0.1,-0.1,0.00,0.00,9,10,-1,0.0,-0.1,0.2,-0.2,0.02,0.01,0.00,0.00,0.00,0.00,0.00,0.00,86,-1,0,-0,0.2,-0.01
63.80,fly,100.00,0.00,0.273,1,917.7,122.0,0.1,-0.1,0.00,0.01,10,10,-1,0.0,-0.1,0.2,-0.1,0.02,0.00,0.00,0.00,0.00,0.00,0.00,0.00,86,-1,0,-0,0.2,-0.01
63.90,fly,99.98,0.02,0.279,1,917.7,122.0,0.1,-0.1,0.00,0.01,10,10,-1,0.0,-0.1,0.3,-0.1,0.00,0.00,0.00,0.00,0.00,0.00,-0.01,0.00,86,-1,0,-0,0.2,-0.01
64.00,fly,99.97,0.03,0.276,1,917.7,122.0,0.1,-0.1,0.00,0.01,10,10,-1,-0.0,-0.1,0.3,-0.2,-0.01,0.00,0.00,0.00,0.00,0.00,-0.01,0.00,86,-1,0,-0,0.2,-0.01
64.10,fly,99.98,0.02,0.267,1,917.7,122.0,0.1,-0.1,0.00,0.02,10,10,-1,-0.0,-0.1,0.3,-0.2,-0.01,-0.00,0.00,0.00,0.00,0.00,-0.01,0.00,86,-1,0,-0,0.0,-0.01
64.20,fly,100.01,-0.01,0.258,1,917.7,122.0,0.1,-0.1,0.00,0.02,10,10,-1,-0.0,-0.1,0.3,-0.3,-0.00,-0.00,0.00,0.00,0.00,0.00,-0.02,0.00,86,-1,0,-0,0.2,-0.01
64.30,fly,100.02,-0.02,0.252,1,917.7,122.0,0.1,-0.1,0.00,0.02,10,10,-1,-0.0,-0.1,0.3,-0.2,0.02,-0.00,0.00,0.00,0.00,0.00,-0.02,0.00,86,-1,0,-0,0.2,-0.01
64.40,fly,100.04,-0.04,0.254,1,917.7,122.0,0.1,-0.1,-0.04,0.02,10,10,-1,-0.0,-0.0,0.2,-0.0,0.03,-0.01,0.00,0.00,0.00,0.00,-0.03,-0.04,86,-1,0,-0,0.1,-0.01
64.50,fly,100.04,-0.04,0.261,1,917.7,122.0,0.1,-0.1,-0.04,0.03,10,10,-1,-0.0,-0.0,0.2,0.1,0.03,-0.01,0.00,0.00,0.00,0.00,-0.03,-0.04,86,-1,0,-1,0.1,-0.01
64.60,fly,100.02,-0.02,0.269,1,917.7,122.0,0.1,-0.2,-0.04,0.03,10,10,-1,-0.0,-0.0,0.1,0.3,0.03,-0.01,0.00,0.00,0.00,0.00,-0.03,-0.04,86,-1,0,-1,0.0,-0.01
64.70,fly,100.00,0.00,0.276,1,917.7,122.0,0.1,-0.2,-0.04,0.03,10,10,-1,-0.0,-0.0,0.1,0.3,0.02,-0.00,0.00,0.00,0.00,0.00,-0.04,-0.04,86,-1,0,-1,0.0,-0.01
64.80,fly,99.98,0.02,0.279,1,917.7,122.0,0.1,-0.2,0.00,0.03,10,10,-1,-0.0,-0.1,0.2,0.3,0.00,0.00,0.00,0.00,0.00,0.00,-0.03,0.01,86,-1,0,-1,0.0,-0.01
64.90,fly,99.96,0.04,0.276,1,917.7,122.0,0.1,-0.2,0.00,0.04,10,10,-1,-0.0,-0.1,0.2,0.2,-0.01,-0.00,0.00,0.00,0.00,0.00,-0.04,0.01,86,-1,0,-1,-0.2,-0.01
65.00,fly,99.97,0.03,0.268,1,917.7,122.0,0.1,-0.2,0.00,0.04,10,10,-1,-0.0,-0.1,0.2,0.1,-0.01,-0.00,0.00,0.00,0.00,0.00,-0.04,0.01,86,-1,0,-1,-0.3,-0.01
65.10,fly,99.99,0.01,0.259,1,917.7,122.0,0.1,-0.2,0.00,0.04,10,10,-1,-0.0,-0.1,0.1,-0.0,-0.01,-0.01,0.00,0.00,0.00,0.00,-0.04,0.01,86,-1,0,-1,-0.3,-0.01
65.20,fly,100.01,-0.01,0.253,1,917.7,122.1,0.1,-0.2,0.00,0.04,10,10,-1,-0.0,-0.1,0.1,0.0,0.01,-0.01,0.00,0.00,0.00,0.00,-0.04,0.01,86,-1,0,-1,-0.4,-0.00
65.30,fly,100.03,-0.03,0.255,1,917.7,122.1,0.1,-0.2,0.00,0.04,10,10,-1,-0.1,-0.1,0.1,0.1,0.02,-0.01,0.00,0.00,0.00,0.00,-0.05,0.01,86,-1,0,-1,-0.2,-0.00
65.40,fly,100.02,-0.02,0.262,1,917.7,122.1,0.1,-0.2,0.00,0.04,10,10,-1,-0.1,-0.1,0.0,0.2,0.02,-0.01,0.00,0.00,0.00,0.00,-0.04,0.01,86,-1,0,-1,-0.1,-0.01
65.50,fly,100.02,-0.02,0.270,1,917.7,122.1,0.1,-0.2,0.00,0.04,10,10,-1,-0.1,-0.1,-0.1,0.3,0.02,-0.01,0.00,0.00,0.00,0.00,-0.04,0.01,86,-1,0,-1,-0.1,-0.01
65.60,fly,99.98,0.02,0.277,1,917.7,122.1,0.1,-0.2,0.00,0.04,10,10,-1,-0.1,-0.1,-0.1,0.3,0.01,-0.01,0.00,0.00,0.00,0.00,-0.04,0.01,86,-1,0,-1,-0.3,-0.00
65.70,fly,99.96,0.04,0.279,1,917.7,122.1,0.1,-0.2,0.04,0.04,10,10,-1,-0.1,-0.1,-0.0,0.3,0.00,0.01,0.00,0.00,0.00,0.00,-0.04,0.01,86,-1,0,-1,-0.1,-0.01
65.80,fly,99.96,0.04,0.273,1,917.7,122.1,0.1,-0.2,0.04,0.04,10,10,-1,-0.0,-0.1,0.1,0.2,-0.00,0.01,0.00,0.00,0.00,0.00,-0.03,0.05,86,-1,0,-1,-0.2,-0.01
65.90,fly,99.97,0.03,0.265,1,917.7,122.1,0.1,-0.2,0.04,0.04,10,10,-1,-0.0,-0.1,0.1,0.1,0.00,0.01,0.00,0.00,0.00,0.00,-0.03,0.05,86,-1,0,-1,-0.2,-0.01
66.00,fly,100.01,-0.01,0.255,1,917.7,122.1,0.1,-0.2,0.04,0.04,10,10,-1,-0.0,-0.1,0.2,0.1,0.00,0.00,0.00,0.00,0.00,0.00,-0.03,0.05,86,-1,0,-0,-0.3,-0.01
66.10,fly,100.02,-0.02,0.252,1,917.7,122.1,0.1,-0.2,0.04,0.04,10,10,-1,-0.0,-0.1,0.2,0.1,0.00,0.00,0.00,0.00,0.00,0.00,-0.03,0.05,86,-1,0,-0,0.0,-0.00
66.20,fly,100.02,-0.02,0.259,1,917.7,122.1,0.1,-0.2,0.04,0.04,10,10,-1,-0.1,-0.1,0.2,0.1,0.00,-0.00,0.00,0.00,0.00,0.00,-0.04,0.05,86,-1,0,-0,0.0,-0.01
66.30,fly,100.00,-0.00,0.267,1,917.7,122.1,0.1,-0.2,0.04,0.04,10,10,-1,-0.1,-0.1,0.2,0.0,0.01,-0.00,0.00,0.00,0.00,0.00,-0.04,0.05,86,-1,0,-0,0.0,-0.01
66.40,fly,99.98,0.02,0.276,1,917.7,122.1,0.0,-0.2,0.04,0.04,10,10,-1,-0.1,-0.1,0.2,0.0,0.01,-0.00,0.00,0.00,0.00,0.00,-0.04,0.05,86,-1,0,-0,-0.1,-0.01
66.50,fly,99.96,0.04,0.281,1,917.7,122.1,0.0,-0.2,0.04,0.04,10,10,-1,-0.1,-0.1,0.1,-0.1,-0.01,-0.01,0.00,0.00,0.00,0.00,-0.04,0.05,86,-1,0,-0,-0.1,-0.01
66.60,fly,99.95,0.05,0.279,1,917.7,122.1,0.0,-0.2,0.04,0.04,10,10,-1,-0.1,-0.1,0.1,-0.2,-0.02,-0.01,0.00,0.00,0.00,0.00,-0.04,0.05,86,-1,0,-0,-0.0,-0.01
66.70,fly,99.95,0.05,0.270,1,917.7,122.1,0.0,-0.2,0.00,0.04,10,10,-1,-0.1,-0.1,0.0,-0.4,-0.02,-0.01,0.00,0.00,0.00,0.00,-0.04,0.05,86,-1,0,-0,-0.0,-0.01
66.80,fly,99.98,0.02,0.261,1,917.7,122.1,0.0,-0.2,0.00,0.04,10,10,-1,-0.1,-0.1,-0.0,-0.5,-0.02,-0.01,0.00,0.00,0.00,0.00,-0.04,0.01,86,-1,0,-0,-0.0,-0.01
66.90,fly,99.99,0.01,0.254,1,917.7,122.1,0.0,-0.2,0.00,0.04,10,10,-1,-0.1,-0.1,-0.0,-0.5,-0.00,-0.01,0.00,0.00,0.00,0.00,-0.04,0.01,86,-1,0,-0,-0.0,-0.01
67.00,fly,100.03,-0.03,0.251,1,917.7,122.1,0.0,-0.3,0.00,0.03,10,10,-1,-0.1,-0.1,0.0,-0.4,0.01,0.01,0.00,0.00,0.00,0.00,-0.04,0.01,86,-1,0,-0,-0.0,-0.01
67.10,fly,100.03,-0.03,0.256,1,917.7,122.1,0.0,-0.3,0.00,0.03,10,10,-1,-0.1,-0.1,0.1,-0.4,0.02,0.01,0.00,0.00,0.00,0.00,-0.03,0.01,86,-1,0,-0,-0.0,-0.01
67.20,fly,100.02,-0.02,0.263,1,917.7,122.1,0.0,-0.3,0.00,0.03,10,10,-1,-0.1,-0.1,0.2,-0.3,0.02,0.01,0.00,0.00,0.00,0.00,-0.03,0.01,86,-1,0,-0,-0.0,-0.01
67.30,fly,100.00,-0.00,0.272,1,917.7,122.1,0.0,-0.3,0.00,0.03,10,10,-1,-0.1,-0.1,0.2,-0.2,0.02,0.01,0.00,0.00,0.00,0.00,-0.03,0.01,86,-1,0,-0,-0.0,-0.01
67.40,fly,99.97,0.03,0.279,1,917.7,122.1,0.0,-0.3,-0.04,0.03,10,10,-1,-0.1,-0.0,0.2,-0.1,0.01,-0.00,0.00,0.00,0.00,0.00,-0.04,-0.04,86,-1,0,-0,-0.0,-0.01
67.50,fly,99.96,0.04,0.280,1,917.7,122.1,0.0,-0.3,-0.04,0.03,10,10,-1,-0.1,-0.0,0.1,-0.1,-0.00,-0.02,0.00,0.00,0.00,0.00,-0.04,-0.04,86,-1,0,-0,-0.0,-0.01
67.60,fly,99.96,0.04,0.275,1,917.7,122.1,0.0,-0.3,-0.04,0.03,10,10,-1,-0.1,-0.0,-0.1,-0.2,-0.00,-0.03,0.00,0.00,0.00,0.00,-0.04,-0.04,86,-1,0,-0,0.0,-0.01
67.70,fly,99.98,0.02,0.266,1,917.7,122.2,0.0,-0.3,-0.04,0.03,10,10,-1,-0.1,-0.0,-0.3,-0.2,-0.00,-0.03,0.00,0.00,0.00,0.00,-0.04,-0.04,86,-1,0,-0,0.0,-0.01
67.80,fly,100.01,-0.01,0.256,1,917.7,122.2,0.1,-0.3,-0.04,0.02,10,10,-1,-0.1,-0.0,-0.4,-0.2,0.00,-0.03,0.00,0.00,0.00,0.00,-0.03,-0.04,86,-1,0,-0,-0.0,-0.01
67.90,fly,100.03,-0.03,0.250,1,917.7,122.2,0.1,-0.3,-0.04,0.02,10,10,-1,-0.1,-0.0,-0.5,-0.2,0.00,-0.02,0.00,0.00,0.00,0.00,-0.03,-0.04,86,-1,0,-0,-0.0,-0.01
68.00,fly,100.05,-0.05,0.252,1,917.7,122.2,0.1,-0.3,-0.04,0.00,10,10,-1,-0.1,-0.0,-0.5,-0.2,0.01,-0.01,0.00,0.00,0.00,0.00,-0.02,-0.04,86,-1,0,-0,0.0,-0.01
68.10,fly,100.05,-0.05,0.259,1,917.7,122.2,0.1,-0.3,-0.04,0.00,10,10,-1,-0.0,-0.0,-0.5,-0.2,0.01,-0.01,0.00,0.00,0.00,0.00,-0.01,-0.04,86,-1,0,-0,0.0,-0.01
68.20,fly,100.03,-0.03,0.267,1,917.7,122.2,0.1,-0.3,-0.04,-0.01,10,10,-1,-0.0,-0.0,-0.5,-0.1,0.01,-0.01,0.00,0.00,0.00,0.00,-0.00,-0.04,86,-1,0,-0,-0.0,-0.01
68.30,fly,100.01,-0.01,0.276,1,917.7,122.2,0.1,-0.3,-0.04,-0.01,10,10,-1,-0.0,-0.0,-0.5,-0.1,0.01,-0.01,0.00,0.00,0.00,0.00,0.01,-0.05,86,-1,0,-0,-0.0,-0.01
68.40,fly,99.98,0.02,0.280,1,917.7,122.2,0.1,-0.3,-0.04,-0.03,10,10,-1,-0.0,-0.0,-0.5,-0.1,0.00,-0.00,0.00,0.00,0.00,0.00,0.01,-0.05,86,-1,0,-0,-0.0,-0.01
68.50,fly,99.98,0.02,0.274,1,917.7,122.1,0.1,-0.3,-0.04,-0.04,10,10,-1,-0.0,-0.0,-0.4,-0.1,0.00,-0.00,0.00,0.00,0.00,0.00,0.03,-0.05,86,-1,0,-0,-0.0,-0.01
68.60,fly,100.00,0.00,0.265,1,917.7,122.1,0.1,-0.3,-0.04,-0.05,10,10,-1,-0.0,-0.0,-0.4,-0.1,0.00,-0.00,0.00,0.00,0.00,0.00,0.03,-0.05,86,-1,0,-0,-0.0,-0.01
68.70,fly,100.01,-0.01,0.256,1,917.7,122.1,0.1,-0.3,-0.04,-0.05,10,10,-1,0.0,-0.0,-0.4,-0.1,0.01,-0.00,0.00,0.00,0.00,0.00,0.04,-0.05,86,-1,0,-0,-0.0,-0.01
68.80,fly,100.03,-0.03,0.252,1,917.7,122.1,0.1,-0.3,-0.04,-0.05,10,10,-1,0.0,-0.0,-0.3,-0.1,0.00,0.00,0.00,0.00,0.00,0.00,0.05,-0.05,86,-1,0,-0,-0.0,-0.01
68.90,fly,100.04,-0.04,0.256,1,917.7,122.1,0.1,-0.3,-0.04,-0.06,10,10,-1,0.0,-0.0,-0.2,-0.2,-0.00,0.01,0.00,0.00,0.00,0.00,0.05,-0.05,86,-1,0,-0,-0.0,-0.01
69.00,fly,100.03,-0.03,0.264,1,917.7,122.1,0.1,-0.2,-0.04,-0.06,10,10,-1,0.0,-0.0,-0.1,-0.2,-0.00,0.01,0.00,0.00,0.00,0.00,0.05,-0.05,86,-1,0,-0,-0.0,-0.01
69.10,fly,100.02,-0.02,0.272,1,917.7,122.1,0.1,-0.2,-0.04,-0.06,10,10,-1,0.0,-0.0,-0.1,-0.2,0.00,0.01,0.00,0.00,0.00,0.00,0.05,-0.05,86,-1,0,-0,-0.0,-0.01
69.20,fly,99.97,0.03,0.281,1,917.7,122.1,0.1,-0.2,-0.04,-0.06,10,10,-1,0.0,-0.0,0.0,-0.2,0.00,0.01,0.00,0.00,0.00,0.00,0.05,-0.05,86,-1,0,-0,-0.0,-0.01
69.30,fly,99.95,0.05,0.284,1,917.7,122.1,0.1,-0.2,-0.04,-0.06,10,10,-1,0.0,-0.0,0.1,-0.2,0.01,0.00,0.00,0.00,0.00,0.00,0.05,-0.05,86,-1,0,-0,-0.0,-0.01
69.40,fly,99.94,0.06,0.276,1,917.6,122.1,0.1,-0.2,-0.04,-0.05,10,10,-1,0.0,-0.0,0.1,-0.1,0.01,0.00,0.00,0.00,0.00,0.00,0.05,-0.05,86,-1,0,-0,-0.0,-0.01
69.50,fly,99.95,0.05,0.267,1,917.6,122.1,0.1,-0.2,-0.04,-0.05,10,10,-1,0.0,-0.0,0.1,-0.1,0.01,0.00,0.00,0.00,0.00,0.00,0.05,-0.05,86,-1,0,-0,-0.0,-0.01
69.60,fly,99.97,0.03,0.258,1,917.6,122.1,0.1,-0.2,-0.04,-0.05,10,10,-1,0.0,-0.0,0.2,-0.0,0.01,0.00,0.00,0.00,0.00,0.00,0.04,-0.05,86,-1,0,-0,-0.0,-0.01
69.70,fly,100.00,0.00,0.252,1,917.6,122.1,0.1,-0.2,-0.04,-0.04,10,10,-1,0.0,-0.0,0.2,-0.1,-0.00,0.00,0.00,0.00,0.00,0.00,0.04,-0.05,86,-1,0,-0,-0.0,-0.01
69.80,fly,100.02,-0.02,0.254,1,917.6,122.1,0.1,-0.2,-0.04,-0.04,10,10,-1,0.0,-0.0,0.2,-0.2,-0.01,-0.00,0.00,0.00,0.00,0.00,0.03,-0.05,86,-1,0,-0,-0.0,-0.01
69.90,fly,100.02,-0.02,0.261,1,917.6,122.1,0.1,-0.2,-0.04,-0.04,10,10,-1,0.0,-0.0,0.2,-0.2,-0.01,-0.00,0.00,0.00,0.00,0.00,0.03,-0.05,86,-1,0,-0,-0.0,-0.01
70.00,fly,100.00,-0.00,0.269,1,917.6,122.1,0.1,-0.2,-0.04,-0.03,10,10,-1,-0.0,-0.0,0.2,-0.3,-0.00,-0.00,0.00,0.00,0.00,0.00,0.03,-0.05,86,-1,0,-0,-0.0,-0.01
70.10,fly,99.97,0.03,0.278,1,917.6,122.1,0.2,-0.2,-0.04,-0.03,10,10,-1,-0.0,-0.0,0.2,-0.3,-0.00,-0.00,0.00,0.00,0.00,0.00,0.02,-0.05,86,-1,0,-0,-0.0,-0.01
70.20,fly,99.96,0.04,0.280,1,917.6,122.1,0.2,-0.2,-0.04,-0.02,10,10,-1,-0.0,-0.0,0.2,-0.3,-0.00,-0.00,0.00,0.00,0.00,0.00,0.01,-0.05,86,-1,0,-0,-0.0,-0.01
70.30,fly,99.96,0.04,0.272,1,917.6,122.1,0.2,-0.2,-0.04,-0.02,10,10,-1,-0.0,-0.0,0.1,-0.3,0.00,-0.01,0.00,0.00,0.00,0.00,0.01,-0.05,86,-1,0,-0,-0.0,-0.01
70.40,fly,99.98,0.02,0.263,1,917.6,122.1,0.2,-0.2,-0.04,-0.02,10,10,-1,-0.0,-0.0,0.1,-0.3,0.01,-0.01,0.00,0.00,0.00,0.00,0.01,-0.05,86,-1,0,-0,-0.0,-0.01
70.50,fly,100.01,-0.01,0.254,1,917.6,122.1,0.2,-0.2,-0.04,-0.01,10,10,-1,-0.0,0.0,0.1,-0.2,0.01,-0.01,0.00,0.00,0.00,0.00,0.01,-0.05,86,-1,0,-0,-0.0,-0.01
70.60,fly,100.02,-0.02,0.251,1,917.6,122.1,0.2,-0.2,-0.04,-0.01,10,10,-1,-0.0,0.0,0.0,-0.2,0.01,-0.01,0.00,0.00,0.00,0.00,0.00,-0.05,86,-1,0,-0,-0.0,-0.01
70.70,fly,100.03,-0.03,0.258,1,917.6,122.1,0.2,-0.2,-0.04,-0.01,10,10,-1,-0.0,0.0,-0.0,-0.1,0.01,-0.01,0.00,0.00,0.00,0.00,0.00,-0.05,86,-1,0,-0,-0.0,-0.01
70.80,fly,100.02,-0.02,0.265,1,917.6,122.1,0.2,-0.2,-0.04,-0.01,10,10,-1,-0.0,0.0,-0.1,-0.1,0.01,-0.01,0.00,0.00,0.00,0.00,0.00,-0.05,86,-1,0,-0,-0.0,-0.01
70.90,fly,100.00,0.00,0.274,1,917.6,122.1,0.2,-0.2,-0.04,-0.01,10,10,-1,-0.0,0.0,-0.1,0.0,0.02,-0.01,0.00,0.00,0.00,0.00,0.00,-0.05,86,-1,0,-0,0.0,-0.01
71.00,fly,99.97,0.03,0.281,1,917.6,122.1,0.2,-0.2,-0.04,-0.01,10,10,-1,-0.0,0.0,-0.1,0.0,0.01,-0.01,0.00,0.00,0.00,0.00,0.00,-0.05,86,-1,0,-0,0.0,-0.01
71.10,fly,99.94,0.06,0.283,1,917.6,122.1,0.2,-0.2,-0.04,-0.02,10,10,-1,-0.0,0.0,-0.1,0.0,-0.00,0.01,0.00,0.00,0.00,0.00,0.01,-0.05,86,-1,0,-0,-0.0,-0.01
71.20,fly,99.94,0.06,0.277,1,917.6,122.1,0.2,-0.2,-0.04,-0.02,10,10,-1,-0.0,0.0,0.0,-0.0,-0.00,0.01,0.00,0.00,0.00,0.00,0.01,-0.05,86,-1,0,-0,-0.0,-0.01
71.30,fly,99.94,0.06,0.269,1,917.6,122.1,0.2,-0.2,-0.04,-0.02,10,10,-1,-0.0,0.0,0.1,-0.1,-0.00,0.01,0.00,0.00,0.00,0.00,0.01,-0.05,86,-1,0,-0,-0.0,-0.01
71.40,fly,99.97,0.03,0.260,1,917.6,122.1,0.2,-0.2,-0.04,-0.01,10,10,-1,-0.0,0.0,0.1,-0.1,0.00,0.01,0.00,0.00,0.00,0.00,0.01,-0.05,86,-1,0,-0,-0.0,-0.01
71.50,fly,99.99,0.01,0.250,1,917.6,122.1,0.2,-0.2,-0.04,-0.01,10,10,-1,-0.0,0.0,0.2,-0.1,0.00,0.00,0.00,0.00,0.00,0.00,0.01,-0.05,86,-1,0,-0,-0.0,-0.01
71.60,fly,100.04,-0.04,0.246,1,917.6,122.0,0.2,-0.2,-0.04,-0.01,10,10,-1,-0.0,0.0,0.2,-0.0,0.01,0.00,0.00,0.00,0.00,0.00,0.00,-0.05,86,-1,0,-0,-0.0,-0.01
71.70,fly,100.05,-0.05,0.253,1,917.5,122.0,0.2,-0.2,-0.04,-0.01,10,10,-1,-0.0,0.0,0.2,-0.0,0.01,0.00,0.00,0.00,0.00,0.00,0.00,-0.04,86,-1,0,-0,-0.0,-0.01
71.80,fly,100.05,-0.05,0.261,1,917.5,122.0,0.2,-0.2,-0.04,-0.01,10,10,-1,-0.0,0.0,0.2,0.0,0.01,-0.00,0.00,0.00,0.00,0.00,-0.00,-0.04,86,-1,0,-0,-0.0,-0.01
71.90,fly,100.03,-0.03,0.269,1,917.5,122.0,0.2,-0.2,-0.04,0.00,10,10,-1,-0.0,0.0,0.2,0.1,0.01,-0.00,0.00,0.00,0.00,0.00,-0.01,-0.04,86,-1,0,-0,-0.0,-0.01
72.00,fly,99.99,0.01,0.278,1,917.5,122.0,0.2,-0.2,-0.04,0.01,10,10,-1,-0.0,0.0,0.2,0.1,0.01,-0.00,0.00,0.00,0.00,0.00,-0.01,-0.04,86,-1,0,-0,0.0,-0.01
72.10,fly,99.97,0.03,0.283,1,917.5,122.0,0.2,-0.2,-0.04,0.01,10,10,-1,-0.0,0.0,0.2,0.1,-0.00,-0.00,0.00,0.00,0.00,0.00,-0.01,-0.04,86,-1,0,-0,0.0,-0.01
72.20,fly,99.95,0.05,0.281,1,917.5,122.1,0.2,-0.2,-0.04,0.01,10,10,-1,-0.0,0.0,0.1,0.0,-0.01,-0.01,0.00,0.00,0.00,0.00,-0.02,-0.04,86,-1,0,-0,0.0,-0.01
72.30,fly,99.95,0.05,0.273,1,917.5,122.1,0.3,-0.2,-0.04,0.02,10,10,-1,-0.0,0.0,0.1,-0.0,-0.01,-0.01,0.00,0.00,0.00,0.00,-0.02,-0.04,86,-1,0,-0,0.0,-0.01
72.40,fly,99.97,0.03,0.264,1,917.5,122.1,0.3,-0.2,-0.04,0.02,10,10,-1,-0.1,0.0,0.1,-0.1,-0.00,-0.01,0.00,0.00,0.00,0.00,-0.02,-0.04,86,-1,0,-0,0.0,-0.01
72.50,fly,99.99,0.01,0.255,1,917.5,122.1,0.3,-0.2,-0.04,0.02,10,10,-1,-0.1,0.0,-0.0,-0.1,-0.00,-0.01,0.00,0.00,0.00,0.00,-0.02,-0.04,86,-1,0,-0,0.0,-0.01
72.60,fly,100.03,-0.03,0.249,1,917.5,122.1,0.3,-0.2,-0.04,0.02,10,10,-1,-0.1,0.0,-0.0,-0.1,0.01,-0.00,0.00,0.00,0.00,0.00,-0.02,-0.04,86,-1,0,-0,-0.0,-0.01
72.70,fly,100.04,-0.04,0.254,1,917.5,122.1,0.3,-0.2,-0.04,0.02,10,10,-1,-0.1,0.0,-0.0,0.0,0.02,-0.00,0.00,0.00,0.00,0.00,-0.02,-0.04,86,-1,0,-0,-0.0,-0.01
72.80,fly,100.04,-0.04,0.261,1,917.5,122.1,0.3,-0.2,-0.04,0.02,10,10,-1,-0.1,0.0,-0.0,0.1,0.02,-0.00,0.00,0.00,0.00,0.00,-0.02,-0.04,86,-1,0,-0,-0.0,-0.01
72.90,fly,100.02,-0.02,0.269,1,917.5,122.1,0.3,-0.2,-0.04,0.01,10,10,-1,-0.1,0.0,-0.0,0.2,0.02,-0.00,0.00,0.00,0.00,0.00,-0.02,-0.04,86,-1,0,-0,-0.0,-0.01
73.00,fly,99.98,0.02,0.278,1,917.5,122.1,0.3,-0.2,-0.04,0.01,10,10,-1,-0.1,0.0,-0.0,0.3,0.02,-0.01,0.00,0.00,0.00,0.00,-0.02,-0.04,86,-1,0,-0,0.0,-0.01
73.10,fly,99.95,0.05,0.284,1,917.5,122.1,0.3,-0.2,0.00,0.01,10,10,-1,-0.1,0.0,-0.1,0.3,0.01,-0.01,0.00,0.00,0.00,0.00,-0.02,-0.04,86,-1,0,-0,0.0,-0.01
73.20,fly,99.95,0.05,0.281,1,917.5,122.1,0.3,-0.2,0.00,0.01,10,10,-1,-0.0,-0.0,-0.1,0.2,-0.00,-0.01,0.00,0.00,0.00,0.00,-0.01,0.00,86,-1,0,-0,0.0,-0.01
73.30,fly,99.94,0.06,0.273,1,917.5,122.1,0.3,-0.2,0.00,0.01,10,10,-1,-0.0,-0.0,-0.1,0.2,0.00,-0.01,0.00,0.00,0.00,0.00,-0.01,0.00,86,-1,0,-0,0.0,-0.01
73.40,fly,99.97,0.03,0.264,1,917.5,122.1,0.3,-0.2,0.00,0.01,10,10,-1,-0.0,-0.0,-0.2,0.2,0.00,-0.01,0.00,0.00,0.00,0.00,-0.01,0.00,86,-1,0,-0,0.0,-0.01
73.50,fly,100.00,-0.00,0.255,1,917.5,122.1,0.3,-0.2,0.00,0.01,10,10,-1,-0.0,-0.0,-0.3,0.2,0.01,-0.01,0.00,0.00,0.00,0.00,-0.01,0.00,86,-1,0,-0,0.0,-0.01
73.60,fly,100.01,-0.01,0.250,1,917.5,122.1,0.3,-0.2,0.00,0.01,10,10,-1,-0.0,-0.0,-0.3,0.1,-0.00,-0.01,0.00,0.00,0.00,0.00,-0.01,0.00,86,-1,0,-0,0.0,-0.01
73.70,fly,100.03,-0.03,0.254,1,917.5,122.1,0.3,-0.2,0.00,0.00,10,10,-1,-0.0,-0.0,-0.3,0.0,-0.01,-0.00,0.00,0.00,0.00,0.00,0.00,0.00,86,-1,0,-0,-0.0,-0.01
73.80,fly,100.03,-0.03,0.262,1,917.5,122.1,0.3,-0.2,0.00,-0.01,10,10,-1,-0.0,-0.0,-0.3,-0.0,-0.00,-0.01,0.00,0.00,0.00,0.00,0.01,-0.00,86,-1,0,-0,-0.0,-0.01
73.90,fly,100.01,-0.01,0.270,1,917.5,122.1,0.3,-0.2,0.00,-0.01,10,10,-1,-0.0,-0.0,-0.3,-0.1,-0.00,-0.01,0.00,0.00,0.00,0.00,0.01,-0.00,86,-1,0,-0,-0.0,-0.01
74.00,fly,99.99,0.01,0.278,1,917.5,122.1,0.3,-0.2,0.00,-0.01,10,10,-1,-0.0,-0.0,-0.3,-0.1,-0.00,-0.01,0.00,0.00,0.00,0.00,0.01,-0.00,86,-1,0,-0,-0.0,-0.01
74.10,fly,99.97,0.03,0.281,1,917.5,122.1,0.3,-0.2,0.00,-0.02,10,10,-1,-0.0,-0.0,-0.3,-0.1,0.00,-0.01,0.00,0.00,0.00,0.00,0.02,-0.00,86,-1,0,-0,-0.0,-0.01
74.20,fly,99.97,0.03,0.273,1,917.5,122.1,0.3,-0.2,0.00,-0.03,10,10,-1,-0.0,-0.0,-0.3,-0.1,0.00,-0.01,0.00,0.00,0.00,0.00,0.02,-0.00,86,-1,0,-0,-0.0,-0.01
74.30,fly,99.99,0.01,0.264,1,917.5,122.1,0.3,-0.2,0.00,-0.03,10,10,-1,-0.0,-0.0,-0.3,-0.1,0.00,-0.01,0.00,0.00,0.00,0.00,0.03,-0.00,86,-1,0,-0,-0.0,-0.01
74.40,fly,100.01,-0.01,0.255,1,917.5,122.1,0.3,-0.2,0.00,-0.03,10,10,-1,-0.0,-0.0,-0.4,-0.1,0.01,-0.01,0.00,0.00,0.00,0.00,0.03,-0.01,86,-1,0,-0,-0.0,-0.01
74.50,fly,100.04,-0.04,0.250,1,917.5,122.0,0.3,-0.2,0.00,-0.04,10,10,-1,0.0,-0.0,-0.4,-0.1,-0.00,-0.01,0.00,0.00,0.00,0.00,0.04,-0.01,86,-1,0,-0,-0.0,-0.01
74.60,fly,100.05,-0.05,0.254,1,917.5,122.0,0.3,-0.2,0.00,-0.04,10,10,-1,0.0,0.0,-0.3,-0.2,-0.00,-0.00,0.00,0.00,0.00,0.00,0.04,-0.01,86,-1,0,-0,-0.0,-0.01
74.70,fly,100.04,-0.04,0.262,1,917.5,122.0,0.3,-0.2,0.00,-0.05,10,10,-1,0.0,0.0,-0.3,-0.2,-0.00,-0.00,0.00,0.00,0.00,0.00,0.05,-0.01,86,-1,0,-0,-0.0,-0.01
74.80,fly,100.03,-0.03,0.270,1,917.5,122.0,0.3,-0.2,0.00,-0.05,10,10,-1,0.0,0.0,-0.3,-0.2,-0.00,-0.00,0.00,0.00,0.00,0.00,0.05,-0.01,86,-1,0,-0,-0.0,-0.01
74.90,fly,100.00,-0.00,0.278,1,917.5,122.0,0.3,-0.2,0.00,-0.05,10,10,-1,0.0,0.0,-0.3,-0.2,0.00,-0.00,0.00,0.00,0.00,0.00,0.05,-0.01,86,-1,0,-0,-0.0,-0.01
75.00,fly,99.97,0.03,0.281,1,917.5,122.0,0.3,-0.2,0.00,-0.06,10,10,-1,0.0,0.0,-0.2,-0.2,0.00,-0.00,0.00,0.00,0.00,0.00,0.05,-0.01,86,-1,0,-0,-0.0,-0.01
75.10,fly,99.97,0.03,0.273,1,917.5,122.0,0.3,-0.1,0.00,-0.07,10,10,-1,0.0,0.0,-0.2,-0.2,0.00,-0.01,0.00,0.00,0.00,0.00,0.06,-0.01,86,-1,0,-0,0.0,-0.01
75.20,fly,99.98,0.02,0.264,1,917.5,122.0,0.3,-0.1,0.00,-0.07,10,10,-1,0.0,0.0,-0.2,-0.2,0.01,-0.01,0.00,0.00,0.00,0.00,0.07,-0.01,86,-1,0,-0,0.0,-0.01
75.30,fly,100.01,-0.01,0.255,1,917.5,122.0,0.3,-0.1,0.00,-0.07,10,10,-1,0.0,0.0,-0.2,-0.1,0.01,-0.01,0.00,0.00,0.00,0.00,0.07,-0.01,86,-1,0,-0,0.0,-0.01
75.40,fly,100.04,-0.04,0.250,1,917.5,122.0,0.3,-0.1,0.00,-0.07,10,10,-1,0.0,0.0,-0.2,-0.2,0.00,0.00,0.00,0.00,0.00,0.00,0.07,-0.01,86,-1,0,-0,0.0,-0.01
75.50,fly,100.05,-0.05,0.255,1,917.5,122.0,0.3,-0.1,0.00,-0.07,10,10,-1,0.0,0.0,-0.1,-0.2,-0.00,0.00,0.00,0.00,0.00,0.00,0.07,-0.01,86,-1,0,-0,-0.0,-0.01
75.60,fly,100.05,-0.05,0.262,1,917.5,122.0,0.3,-0.1,0.00,-0.07,10,10,-1,0.0,0.0,-0.1,-0.2,0.00,0.00,0.00,0.00,0.00,0.00,0.07,-0.01,86,-1,0,-0,-0.0,-0.01
75.70,fly,100.03,-0.03,0.270,1,917.5,122.0,0.3,-0.1,0.00,-0.07,10,10,-1,0.1,0.0,-0.0,-0.2,0.00,0.00,0.00,0.00,0.00,0.00,0.07,-0.01,86,-1,0,-0,-0.0,-0.01
75.80,fly,100.00,0.00,0.279,1,917.5,122.0,0.3,-0.1,0.00,-0.07,10,10,-1,0.0,0.0,0.0,-0.2,0.00,0.00,0.00,0.00,0.00,0.00,0.07,-0.01,86,-1,0,-0,0.0,-0.01
75.90,fly,99.97,0.03,0.282,1,917.5,122.0,0.3,-0.1,-0.04,-0.07,10,10,-1,0.0,0.1,0.1,-0.1,0.01,0.00,0.00,0.00,0.00,0.00,0.06,-0.05,86,-1,0,-0,-0.0,-0.01
76.00,fly,99.97,0.03,0.274,1,917.5,122.0,0.3,-0.1,-0.04,-0.06,10,10,-1,0.0,0.1,0.1,-0.1,0.01,0.00,0.00,0.00,0.00,0.00,0.05,-0.05,86,-1,0,-0,0.0,-0.01
76.10,fly,99.98,0.02,0.265,1,917.5,121.9,0.3,-0.1,-0.04,-0.05,10,10,-1,0.0,0.1,0.1,-0.0,0.01,0.00,0.00,0.00,0.00,0.00,0.05,-0.05,86,-1,0,-0,-0.0,-0.01
76.20,fly,100.00,0.00,0.256,1,917.5,121.9,0.3,-0.1,-0.04,-0.05,10,10,-1,0.0,0.1,0.2,0.0,0.01,-0.00,0.00,0.00,0.00,0.00,0.04,-0.05,86,-1,0,-0,-0.0,-0.01
76.30,fly,100.03,-0.03,0.249,1,917.5,121.9,0.3,-0.1,-0.04,-0.05,10,10,-1,0.0,0.1,0.2,-0.0,-0.00,-0.00,0.00,0.00,0.00,0.00,0.04,-0.05,86,-1,0,-0,-0.0,-0.01
76.40,fly,100.06,-0.06,0.251,1,917.5,121.9,0.3,-0.1,-0.04,-0.04,10,10,-1,0.0,0.1,0.2,-0.1,-0.01,-0.00,0.00,0.00,0.00,0.00,0.04,-0.05,86,-1,0,-0,-0.0,-0.01
76.50,fly,100.06,-0.06,0.258,1,917.5,121.9,0.3,-0.1,-0.04,-0.04,10,10,-1,0.0,0.1,0.2,-0.2,-0.01,-0.00,0.00,0.00,0.00,0.00,0.03,-0.05,86,-1,0,-0,-0.0,-0.01
76.60,fly,100.04,-0.04,0.266,1,917.5,121.9,0.3,-0.1,-0.04,-0.03,10,10,-1,0.0,0.1,0.2,-0.2,-0.01,-0.00,0.00,0.00,0.00,0.00,0.03,-0.05,86,-1,0,-0,-0.0,-0.01
76.70,fly,100.01,-0.01,0.275,1,917.4,121.9,0.3,-0.1,-0.04,-0.03,10,10,-1,0.0,0.1,0.1,-0.2,-0.00,-0.00,0.00,0.00,0.00,0.00,0.02,-0.05,86,-1,0,-0,0.0,-0.01
76.80,fly,99.98,0.02,0.282,1,917.4,121.9,0.3,-0.1,-0.04,-0.02,10,10,-1,0.0,0.1,0.2,-0.2,0.01,0.00,0.00,0.00,0.00,0.00,0.02,-0.05,86,-1,0,-0,-0.0,-0.01
76.90,fly,99.97,0.03,0.282,1,917.4,121.9,0.3,-0.0,-0.04,-0.02,10,10,-1,0.0,0.1,0.2,-0.1,0.01,0.01,0.00,0.00,0.00,0.00,0.01,-0.05,86,-1,0,-0,-0.0,-0.01
77.00,fly,99.96,0.04,0.274,1,917.4,121.9,0.3,-0.0,-0.04,-0.02,10,10,-1,0.0,0.1,0.3,-0.0,0.02,0.00,0.00,0.00,0.00,0.00,0.01,-0.05,86,-1,0,-0,-0.0,-0.01
77.10,fly,99.97,0.03,0.265,1,917.4,121.9,0.3,-0.0,-0.04,-0.01,10,10,-1,-0.0,0.1,0.3,0.1,0.02,0.00,0.00,0.00,0.00,0.00,0.01,-0.05,86,-1,0,-0,-0.0,-0.01
77.20,fly,100.01,-0.01,0.256,1,917.4,121.9,0.3,-0.0,-0.04,0.00,10,10,-1,-0.0,0.1,0.3,0.2,0.02,0.00,0.00,0.00,0.00,0.00,0.00,-0.04,86,-1,0,-0,-0.0,-0.01
77.30,fly,100.03,-0.03,0.249,1,917.4,121.9,0.4,-0.0,-0.04,0.01,10,10,-1,-0.0,0.1,0.3,0.2,0.01,0.00,0.00,0.00,0.00,0.00,-0.01,-0.04,86,-1,0,-0,0.0,-0.01
77.40,fly,100.05,-0.05,0.251,1,917.4,121.9,0.4,-0.0,-0.04,0.01,10,10,-1,-0.0,0.1,0.3,0.1,-0.00,-0.00,0.00,0.00,0.00,0.00,-0.01,-0.04,86,-1,0,-0,0.0,-0.01
77.50,fly,100.05,-0.05,0.258,1,917.4,121.9,0.4,-0.0,-0.04,0.01,10,10,-1,-0.0,0.1,0.3,0.1,0.00,-0.00,0.00,0.00,0.00,0.00,-0.02,-0.04,86,-1,0,-0,0.0,-0.01
77.60,fly,100.03,-0.03,0.266,1,917.4,121.9,0.4,-0.0,-0.04,0.02,10,10,-1,-0.0,0.1,0.3,0.1,0.00,-0.00,0.00,0.00,0.00,0.00,-0.02,-0.04,86,-1,0,-0,0.0,-0.01
77.70,fly,100.00,-0.00,0.275,1,917.4,121.9,0.4,-0.0,-0.04,0.02,10,10,-1,-0.0,0.1,0.2,0.1,0.00,-0.01,0.00,0.00,0.00,0.00,-0.03,-0.04,86,-1,0,-0,-0.0,-0.01
77.80,fly,99.99,0.01,0.280,1,917.4,121.9,0.4,-0.0,-0.04,0.02,10,10,-1,-0.0,0.1,0.3,0.1,0.01,0.01,0.00,0.00,0.00,0.00,-0.03,-0.04,86,-1,0,-0,-0.0,-0.01
77.90,fly,99.97,0.03,0.278,1,917.4,121.9,0.4,-0.1,0.00,0.03,10,10,-1,-0.0,0.0,0.4,0.1,0.01,0.02,0.00,0.00,0.00,0.00,-0.03,0.00,86,-1,0,-0,-0.0,-0.01
78.00,fly,99.97,0.03,0.270,1,917.4,121.9,0.4,-0.1,0.00,0.03,10,10,-1,-0.0,0.0,0.5,0.1,0.01,0.02,0.00,0.00,0.00,0.00,-0.03,0.01,86,-1,0,-0,-0.0,-0.01
78.10,fly,99.99,0.01,0.260,1,917.4,121.9,0.4,-0.1,0.00,0.05,10,10,-1,-0.1,0.0,0.6,0.2,0.01,0.01,0.00,0.00,0.00,0.00,-0.04,0.01,86,-1,0,-0,0.0,-0.01
78.20,fly,100.02,-0.02,0.252,1,917.4,121.9,0.4,-0.1,0.00,0.06,10,10,-1,-0.1,0.0,0.6,0.2,0.01,0.00,0.00,0.00,0.00,0.00,-0.05,0.01,86,-1,0,-0,0.0,-0.01
78.30,fly,100.04,-0.04,0.252,1,917.4,122.0,0.4,-0.1,0.00,0.07,10,10,-1,-0.1,0.0,0.5,0.2,0.00,-0.00,0.00,0.00,0.00,0.00,-0.06,0.01,86,-1,0,-0,0.0,-0.01
78.40,fly,100.04,-0.04,0.259,1,917.4,122.0,0.4,-0.1,0.00,0.07,10,10,-1,-0.1,0.0,0.5,0.1,0.00,-0.01,0.00,0.00,0.00,0.00,-0.07,0.01,86,-1,0,-0,0.0,-0.01
78.50,fly,100.03,-0.03,0.267,1,917.4,122.0,0.4,-0.1,0.00,0.07,10,10,-1,-0.1,0.0,0.4,0.1,0.01,-0.01,0.00,0.00,0.00,0.00,-0.07,0.01,86,-1,0,-0,0.0,-0.01
78.60,fly,99.99,0.01,0.276,1,917.4,122.0,0.4,-0.1,0.00,0.08,10,10,-1,-0.1,0.0,0.3,0.2,0.01,-0.01,0.00,0.00,0.00,0.00,-0.08,0.01,86,-1,0,-0,0.0,-0.01
78.70,fly,99.97,0.03,0.282,1,917.4,122.0,0.4,-0.1,0.00,0.08,10,10,-1,-0.1,0.0,0.3,0.2,0.01,0.00,0.00,0.00,0.00,0.00,-0.08,0.01,86,-1,0,-0,0.0,-0.01
78.80,fly,99.95,0.05,0.279,1,917.4,122.0,0.4,-0.1,0.00,0.08,10,10,-1,-0.1,0.0,0.4,0.2,0.01,0.01,0.00,0.00,0.00,0.00,-0.08,0.01,86,-1,0,-0,0.0,-0.01
78.90,fly,99.96,0.04,0.270,1,917.4,122.0,0.4,-0.1,0.00,0.09,10,10,-1,-0.1,0.0,0.4,0.2,0.01,0.01,0.00,0.00,0.00,0.00,-0.09,0.01,86,-1,0,-0,0.0,-0.01
79.00,fly,99.98,0.02,0.261,1,917.4,122.0,0.4,-0.1,0.00,0.09,10,10,-1,-0.1,0.0,0.4,0.3,0.01,0.01,0.00,0.00,0.00,0.00,-0.09,0.01,86,-1,0,-0,0.0,-0.01
79.10,fly,100.01,-0.01,0.253,1,917.4,122.0,0.4,-0.1,0.00,0.10,10,10,-1,-0.1,0.0,0.4,0.3,0.01,-0.01,0.00,0.00,0.00,0.00,-0.09,0.02,86,-1,0,-0,0.0,-0.01
79.20,fly,100.02,-0.02,0.253,1,917.4,122.0,0.4,-0.1,0.00,0.10,10,10,-1,-0.1,0.0,0.3,0.2,0.00,-0.01,0.00,0.00,0.00,0.00,-0.10,0.02,86,-1,0,-0,0.0,-0.01
79.30,fly,100.02,-0.02,0.260,1,917.4,122.0,0.4,-0.2,0.00,0.10,10,10,-1,-0.1,0.0,0.2,0.2,0.00,-0.02,0.00,0.00,0.00,0.00,-0.10,0.02,86,-1,0,-0,0.0,-0.01
79.40,fly,100.01,-0.01,0.268,1,917.4,122.1,0.4,-0.2,0.00,0.10,10,10,-1,-0.1,0.0,0.1,0.2,0.00,-0.02,0.00,0.00,0.00,0.00,-0.10,0.02,86,-1,0,-0,0.0,-0.01
79.50,fly,99.98,0.02,0.277,1,917.4,122.1,0.4,-0.2,0.00,0.10,10,10,-1,-0.1,0.0,-0.1,0.2,0.01,-0.02,0.00,0.00,0.00,0.00,-0.10,0.02,86,-1,0,-0,0.0,-0.01
79.60,fly,99.96,0.04,0.282,1,917.4,122.1,0.4,-0.2,0.00,0.10,10,10,-1,-0.1,0.0,-0.1,0.2,0.01,-0.01,0.00,0.00,0.00,0.00,-0.10,0.02,86,-1,0,-0,0.0,-0.01
79.70,fly,99.95,0.05,0.280,1,917.4,122.1,0.4,-0.2,0.00,0.09,10,10,-1,-0.1,0.0,-0.1,0.2,0.01,0.00,0.00,0.00,0.00,0.00,-0.09,0.02,86,-1,0,-0,0.0,-0.01
79.80,fly,99.95,0.05,0.272,1,917.4,122.1,0.4,-0.2,0.04,0.08,10,10,-1,-0.1,-0.0,-0.1,0.2,0.01,-0.00,0.00,0.00,0.00,0.00,-0.08,0.06,86,-1,0,-0,0.0,-0.01
79.90,fly,99.96,0.04,0.263,1,917.4,122.1,0.4,-0.2,0.04,0.08,10,10,-1,-0.1,-0.0,-0.1,0.2,0.01,-0.00,0.00,0.00,0.00,0.00,-0.07,0.06,86,-1,0,-0,0.0,-0.01
80.00,fly,100.01,-0.01,0.253,1,917.4,122.1,0.4,-0.2,0.04,0.08,10,10,-1,-0.1,-0.0,-0.1,0.3,0.01,-0.01,0.00,0.00,0.00,0.00,-0.07,0.06,86,-1,0,-0,0.0,-0.01
80.10,fly,100.03,-0.03,0.248,1,917.4,122.1,0.4,-0.2,0.04,0.07,10,10,-1,-0.1,-0.0,-0.1,0.3,0.00,-0.00,0.00,0.00,0.00,0.00,-0.07,0.06,86,-1,0,-0,0.0,-0.01
80.20,fly,100.04,-0.04,0.252,1,917.4,122.1,0.4,-0.2,0.04,0.07,10,10,-1,-0.1,-0.0,-0.1,0.2,0.00,0.00,0.00,0.00,0.00,0.00,-0.06,0.06,86,-1,0,-0,0.0,-0.01
80.30,fly,100.05,-0.05,0.260,1,917.4,122.1,0.4,-0.2,0.04,0.07,10,10,-1,-0.1,-0.0,-0.1,0.2,0.00,-0.00,0.00,0.00,0.00,0.00,-0.06,0.05,86,-1,0,-0,0.0,-0.01
80.40,fly,100.04,-0.04,0.268,1,917.4,122.1,0.3,-0.2,0.04,0.06,10,10,-1,-0.1,-0.0,-0.1,0.1,0.00,-0.00,0.00,0.00,0.00,0.00,-0.05,0.05,86,-1,0,-0,0.0,-0.01
80.50,fly,100.00,0.00,0.276,1,917.4,122.1,0.3,-0.3,0.04,0.05,10,10,-1,-0.1,-0.0,-0.1,0.1,0.00,-0.00,0.00,0.00,0.00,0.00,-0.05,0.05,86,-1,0,-0,0.0,-0.01
80.60,fly,99.98,0.02,0.280,1,917.4,122.1,0.3,-0.3,0.04,0.05,10,10,-1,-0.1,-0.0,-0.1,0.1,-0.00,0.00,0.00,0.00,0.00,0.00,-0.05,0.05,86,-1,0,-0,0.0,-0.01
80.70,fly,99.97,0.03,0.275,1,917.4,122.1,0.3,-0.3,0.04,0.05,10,10,-1,-0.1,-0.0,-0.0,-0.0,-0.01,0.00,0.00,0.00,0.00,0.00,-0.04,0.05,86,-1,0,-0,0.0,-0.01
80.80,fly,99.98,0.02,0.266,1,917.4,122.1,0.3,-0.3,0.04,0.05,10,10,-1,-0.1,-0.0,-0.0,-0.1,-0.01,0.00,0.00,0.00,0.00,0.00,-0.04,0.05,86,-1,0,-0,0.0,-0.01
80.90,fly,100.01,-0.01,0.257,1,917.5,122.2,0.3,-0.3,0.04,0.04,10,10,-1,-0.1,-0.0,0.0,-0.2,-0.01,-0.00,0.00,0.00,0.00,0.00,-0.04,0.05,86,-1,0,-0,0.0,-0.01
81.00,fly,100.03,-0.03,0.251,1,917.5,122.2,0.3,-0.3,0.04,0.04,10,10,-1,-0.1,-0.0,-0.0,-0.1,0.01,-0.00,0.00,0.00,0.00,0.00,-0.04,0.05,86,-1,0,-0,0.0,-0.01
81.10,fly,100.05,-0.05,0.253,1,917.5,122.2,0.3,-0.3,0.04,0.04,10,10,-1,-0.1,-0.0,-0.0,0.0,0.02,-0.00,0.00,0.00,0.00,0.00,-0.03,0.05,86,-1,0,-0,0.0,-0.01
81.20,fly,100.05,-0.05,0.260,1,917.5,122.2,0.3,-0.3,0.04,0.04,10,10,-1,-0.1,-0.0,-0.0,0.1,0.02,-0.01,0.00,0.00,0.00,0.00,-0.03,0.05,86,-1,0,-0,0.0,-0.01
81.30,fly,100.03,-0.03,0.268,1,917.5,122.2,0.3,-0.3,0.04,0.03,10,10,-1,-0.1,-0.0,-0.1,0.3,0.02,-0.01,0.00,0.00,0.00,0.00,-0.03,0.05,86,-1,0,-0,0.0,-0.01
81.40,fly,100.00,-0.00,0.275,1,917.5,122.2,0.3,-0.3,0.04,0.03,10,10,-1,-0.1,-0.0,-0.1,0.3,0.02,-0.00,0.00,0.00,0.00,0.00,-0.03,0.05,86,-1,0,-0,0.0,-0.01
81.50,fly,99.99,0.01,0.278,1,917.5,122.2,0.3,-0.3,0.04,0.03,10,10,-1,-0.1,-0.0,-0.0,0.2,-0.00,0.00,0.00,0.00,0.00,0.00,-0.03,0.05,86,-1,0,-0,0.0,-0.01
81.60,fly,99.98,0.02,0.275,1,917.5,122.2,0.3,-0.3,0.04,0.03,10,10,-1,-0.1,-0.0,-0.0,0.1,-0.01,0.00,0.00,0.00,0.00,0.00,-0.02,0.05,86,-1,0,-0,0.0,-0.01
81.70,fly,99.99,0.01,0.266,1,917.5,122.2,0.3,-0.3,0.04,0.03,10,10,-1,-0.1,-0.0,-0.0,0.0,-0.01,-0.00,0.00,0.00,0.00,0.00,-0.02,0.05,86,-1,0,-0,0.0,-0.01
81.80,fly,100.02,-0.02,0.257,1,917.5,122.2,0.3,-0.3,0.04,0.02,10,10,-1,-0.1,-0.0,-0.0,-0.1,-0.01,-0.00,0.00,0.00,0.00,0.00,-0.02,0.05,86,-1,0,-0,0.0,-0.01
81.90,fly,100.04,-0.04,0.251,1,917.5,122.2,0.3,-0.3,0.04,0.02,10,10,-1,-0.1,-0.0,-0.1,-0.1,0.01,-0.01,0.00,0.00,0.00,0.00,-0.02,0.05,86,-1,0,-0,0.0,-0.01
82.00,fly,100.05,-0.05,0.253,1,917.5,122.2,0.3,-0.3,0.04,0.02,10,10,-1,-0.1,-0.0,-0.1,0.0,0.02,-0.01,0.00,0.00,0.00,0.00,-0.01,0.05,86,-1,0,-0,0.0,-0.01
82.10,fly,100.05,-0.05,0.260,1,917.5,122.2,0.3,-0.3,0.04,0.02,10,10,-1,-0.1,-0.0,-0.1,0.1,0.02,-0.01,0.00,0.00,0.00,0.00,-0.01,0.05,86,-1,0,-0,0.0,-0.01
82.20,fly,100.04,-0.04,0.268,1,917.5,122.2,0.3,-0.3,0.04,0.02,10,10,-1,-0.1,-0.0,-0.2,0.2,0.02,-0.01,0.00,0.00,0.00,0.00,-0.01,0.05,86,-1,0,-0,0.0,-0.01
82.30,fly,100.01,-0.01,0.275,1,917.5,122.2,0.3,-0.3,0.04,0.01,10,10,-1,-0.1,-0.0,-0.2,0.3,0.01,-0.00,0.00,0.00,0.00,0.00,-0.01,0.05,86,-1,0,-0,0.0,-0.01
82.40,fly,99.99,0.01,0.278,1,917.5,122.2,0.3,-0.3,0.04,0.01,10,10,-1,-0.1,-0.0,-0.1,0.2,-0.01,0.00,0.00,0.00,0.00,0.00,-0.00,0.05,86,-1,0,-0,0.0,-0.01
82.50,fly,99.98,0.02,0.275,1,917.5,122.2,0.3,-0.3,0.04,0.01,10,10,-1,-0.1,-0.0,-0.1,0.0,-0.02,-0.00,0.00,0.00,0.00,0.00,-0.00,0.05,86,-1,0,-0,0.0,-0.01
82.60,fly,99.99,0.01,0.267,1,917.5,122.2,0.2,-0.3,0.04,0.01,10,10,-1,-0.1,-0.0,-0.1,-0.1,-0.01,-0.00,0.00,0.00,0.00,0.00,0.00,0.04,86,-1,0,-0,0.0,-0.01
82.70,fly,100.00,-0.00,0.258,1,917.5,122.2,0.2,-0.3,0.04,0.01,10,10,-1,-0.1,-0.0,-0.1,-0.2,-0.01,-0.00,0.00,0.00,0.00,0.00,0.00,0.04,86,-1,0,-0,0.0,-0.01
82.80,fly,100.03,-0.03,0.251,1,917.5,122.2,0.2,-0.3,0.04,0.00,10,10,-1,-0.1,-0.0,-0.2,-0.2,0.01,-0.01,0.00,0.00,0.00,0.00,0.01,0.04,86,-1,0,-0,0.0,-0.01
82.90,fly,100.05,-0.05,0.253,1,917.5,122.2,0.2,-0.3,0.04,-0.01,10,10,-1,-0.1,-0.0,-0.2,-0.1,0.02,-0.01,0.00,0.00,0.00,0.00,0.01,0.04,86,-1,0,-0,-0.0,-0.01
83.00,fly,100.05,-0.05,0.261,1,917.5,122.2,0.2,-0.3,0.04,-0.01,10,10,-1,-0.1,-0.0,-0.2,-0.0,0.02,-0.01,0.00,0.00,0.00,0.00,0.01,0.04,86,-1,0,-0,-0.0,-0.01
83.10,fly,100.04,-0.04,0.269,1,917.5,122.2,0.2,-0.3,0.04,-0.01,10,10,-1,-0.1,-0.0,-0.2,0.1,0.02,-0.01,0.00,0.00,0.00,0.00,0.02,0.04,86,-1,0,-0,-0.0,-0.01
83.20,fly,100.00,0.00,0.276,1,917.6,122.2,0.2,-0.3,0.04,-0.01,10,10,-1,-0.1,-0.0,-0.2,0.1,0.01,-0.00,0.00,0.00,0.00,0.00,0.02,0.04,86,-1,0,-0,-0.0,-0.01
83.30,fly,99.98,0.02,0.279,1,917.6,122.2,0.2,-0.3,0.04,-0.02,10,10,-1,-0.1,-0.0,-0.2,0.0,-0.01,0.00,0.00,0.00,0.00,0.00,0.02,0.04,86,-1,0,-0,0.0,-0.01
83.40,fly,99.97,0.03,0.276,1,917.6,122.2,0.2,-0.3,0.04,-0.02,10,10,-1,-0.1,-0.0,-0.2,-0.1,-0.02,0.00,0.00,0.00,0.00,0.00,0.02,0.04,86,-1,0,-0,0.0,-0.01
83.50,fly,99.98,0.02,0.268,1,917.6,122.2,0.2,-0.3,0.04,-0.02,10,10,-1,-0.1,-0.0,-0.1,-0.3,-0.02,-0.00,0.00,0.00,0.00,0.00,0.03,0.04,86,-1,0,-0,0.0,-0.01
83.60,fly,100.00,-0.00,0.258,1,917.6,122.2,0.2,-0.3,0.00,-0.03,10,10,-1,-0.1,-0.0,-0.1,-0.4,-0.01,-0.00,0.00,0.00,0.00,0.00,0.03,0.04,86,-1,0,-0,0.0,-0.01
83.70,fly,100.02,-0.02,0.252,1,917.6,122.2,0.2,-0.3,0.00,-0.03,10,10,-1,-0.1,-0.0,-0.1,-0.3,0.00,-0.00,0.00,0.00,0.00,0.00,0.03,-0.00,86,-1,0,-0,0.0,-0.01
83.80,fly,100.03,-0.03,0.254,1,917.6,122.2,0.2,-0.3,0.00,-0.03,10,10,-1,-0.1,-0.0,-0.1,-0.3,0.02,-0.00,0.00,0.00,0.00,0.00,0.03,-0.00,86,-1,0,-0,-0.0,-0.01
83.90,fly,100.03,-0.03,0.262,1,917.6,122.2,0.2,-0.3,0.00,-0.03,10,10,-1,-0.1,-0.0,-0.2,-0.2,0.02,-0.01,0.00,0.00,0.00,0.00,0.03,-0.01,86,-1,0,-0,-0.0,-0.01
84.00,fly,100.02,-0.02,0.270,1,917.6,122.2,0.2,-0.3,0.00,-0.03,10,10,-1,-0.1,-0.0,-0.2,-0.1,0.02,-0.01,0.00,0.00,0.00,0.00,0.03,-0.01,86,-1,0,-0,-0.0,-0.01
84.10,fly,99.98,0.02,0.277,1,917.6,122.2,0.2,-0.3,0.00,-0.04,10,10,-1,-0.1,-0.0,-0.1,-0.0,0.01,0.00,0.00,0.00,0.00,0.00,0.03,-0.01,86,-1,0,-0,-0.0,-0.01
84.20,fly,99.96,0.04,0.279,1,917.6,122.2,0.2,-0.3,0.00,-0.04,10,10,-1,-0.0,0.0,-0.0,-0.1,-0.00,0.01,0.00,0.00,0.00,0.00,0.04,-0.01,86,-1,0,-0,-0.0,-0.01
84.30,fly,99.96,0.04,0.273,1,917.6,122.2,0.2,-0.3,0.00,-0.04,10,10,-1,-0.0,0.0,0.1,-0.1,-0.00,0.02,0.00,0.00,0.00,0.00,0.04,-0.01,86,-1,0,-0,-0.0,-0.01
84.40,fly,99.97,0.03,0.264,1,917.6,122.2,0.2,-0.3,0.00,-0.04,10,10,-1,-0.0,0.0,0.2,-0.1,-0.00,0.02,0.00,0.00,0.00,0.00,0.04,-0.01,86,-1,0,-0,-0.0,-0.01
84.50,fly,100.01,-0.01,0.255,1,917.6,122.2,0.2,-0.3,0.00,-0.03,10,10,-1,-0.0,0.0,0.3,-0.2,0.00,0.01,0.00,0.00,0.00,0.00,0.03,-0.01,86,-1,0,-0,-0.0,-0.01
84.60,fly,100.04,-0.04,0.248,1,917.6,122.2,0.2,-0.3,0.00,-0.02,10,10,-1,-0.1,-0.0,0.3,-0.2,0.00,-0.00,0.00,0.00,0.00,0.00,0.03,-0.00,86,-1,0,-0,0.0,-0.01
84.70,fly,100.06,-0.06,0.250,1,917.6,122.1,0.2,-0.3,0.00,-0.02,10,10,-1,-0.1,-0.0,0.2,-0.2,0.00,-0.01,0.00,0.00,0.00,0.00,0.02,-0.00,86,-1,0,-0,0.0,-0.01
84.80,fly,100.06,-0.06,0.257,1,917.6,122.1,0.2,-0.3,0.00,-0.02,10,10,-1,-0.1,-0.0,0.1,-0.1,0.01,-0.02,0.00,0.00,0.00,0.00,0.02,-0.00,86,-1,0,-0,0.0,-0.01
84.90,fly,100.05,-0.05,0.265,1,917.6,122.1,0.2,-0.3,0.00,-0.02,10,10,-1,-0.1,-0.0,-0.0,-0.1,0.01,-0.02,0.00,0.00,0.00,0.00,0.02,-0.00,86,-1,0,-0,0.0,-0.01
85.00,fly,100.03,-0.03,0.273,1,917.6,122.1,0.2,-0.3,0.00,-0.01,10,10,-1,-0.1,-0.0,-0.1,-0.1,0.01,-0.02,0.00,0.00,0.00,0.00,0.01,-0.00,86,-1,0,-0,0.0,-0.01
85.10,fly,99.99,0.01,0.279,1,917.6,122.1,0.2,-0.3,0.00,-0.02,10,10,-1,-0.1,-0.0,-0.1,-0.0,0.01,-0.00,0.00,0.00,0.00,0.00,0.01,-0.00,86,-1,0,-0,-0.0,-0.01
85.20,fly,99.97,0.03,0.278,1,917.6,122.1,0.2,-0.3,0.00,-0.02,10,10,-1,-0.1,-0.0,0.0,-0.0,0.00,0.02,0.00,0.00,0.00,0.00,0.02,-0.00,86,-1,0,-0,-0.0,-0.01
85.30,fly,99.97,0.03,0.272,1,917.6,122.1,0.2,-0.3,0.00,-0.02,10,10,-1,-0.1,-0.0,0.1,-0.1,0.00,0.02,0.00,0.00,0.00,0.00,0.02,-0.00,86,-1,0,-0,-0.0,-0.01
85.40,fly,99.98,0.02,0.264,1,917.6,122.1,0.2,-0.3,0.00,-0.02,10,10,-1,-0.1,-0.0,0.2,-0.1,0.00,0.02,0.00,0.00,0.00,0.00,0.02,-0.00,86,-1,0,-0,-0.0,-0.01
85.50,fly,100.02,-0.02,0.254,1,917.6,122.1,0.2,-0.3,-0.02,-0.01,10,10,-1,-0.1,-0.0,0.3,-0.0,0.01,0.02,0.00,0.00,0.00,0.00,0.01,-0.00,86,-1,0,-0,-0.0,-0.01
85.60,fly,100.05,-0.05,0.248,1,917.6,122.1,0.2,-0.3,-0.02,-0.01,10,10,-1,-0.1,0.0,0.3,-0.0,0.01,-0.00,0.00,0.00,0.00,0.00,0.00,-0.02,86,-1,0,-0,-0.0,-0.01
85.70,fly,100.06,-0.06,0.249,1,917.6,122.1,0.2,-0.3,-0.04,0.01,10,10,-1,-0.1,0.0,0.2,0.0,0.01,-0.01,0.00,0.00,0.00,0.00,-0.01,-0.04,86,-1,0,-0,0.0,-0.01
85.80,fly,100.07,-0.07,0.257,1,917.6,122.1,0.2,-0.3,-0.04,0.01,10,10,-1,-0.1,0.0,0.1,0.1,0.01,-0.02,0.00,0.00,0.00,0.00,-0.01,-0.04,86,-1,0,-0,0.0,-0.01
