t,phase,height,err,pwr,gps,x,z,ex,ez,vxw,vzw,hdg,rawhdg,mothdg,tp,tr,p,r,vx,vy,sched,fwdRaw,latRaw,vrtRaw,fwdH,latH,energy,fuel,sat,yerr,yrate,ydem,athr,amax,vv,dockc,npers,chg,nav1,nav3,nav2,trihdg,trires,aimq,wx,wz
0.00,climb,96.50,253.50,1.000,1,1892.5,365.5,2349.0,-3534.0,0.00,0.00,179,179,-1,0.0,0.0,0.0,-0.0,-0.00,0.00,0.00,0.00,0.00,0.00,0.00,0.00,-1,-1,1,2,0.0,0.03,1.000,1.000,0.00,0,0,0,90.0,180.0,180.0,180.0,0.00,0,0.0,-0.0
0.10,climb,96.50,253.50,1.000,1,1892.5,365.5,2349.0,-3534.0,0.00,0.00,179,179,-1,0.0,0.0,0.0,-0.0,0.00,-0.00,0.00,0.00,0.00,0.00,0.00,0.00,-1,-1,1,5,0.0,0.09,1.000,1.000,0.00,0,0,0,90.0,180.0,180.0,180.0,0.00,0,0.0,0.0
0.20,climb,96.50,253.50,1.000,1,1892.5,365.5,2349.0,-3534.0,0.00,0.00,179,179,-1,0.0,0.0,-0.0,-0.0,-0.00,-0.00,0.00,0.00,0.00,0.00,0.00,0.00,-1,-1,1,8,0.0,0.15,1.000,1.000,0.00,0,0,0,90.0,180.0,180.0,180.0,0.00,0,0.0,0.0
0.30,climb,96.50,253.50,1.000,1,1892.5,365.5,2349.0,-3534.0,0.00,0.00,179,179,-1,0.0,0.0,-0.0,-0.0,0.00,0.00,0.00,0.00,0.00,0.00,0.00,0.00,-1,-1,1,11,0.0,0.21,1.000,1.000,0.00,0,0,0,90.0,180.0,180.0,180.0,0.00,0,-0.0,0.0
0.40,climb,96.53,253.47,1.000,1,1892.5,365.5,2349.0,-3534.0,0.00,0.00,179,179,-1,0.0,0.0,-0.0,-0.0,-0.00,-0.00,0.00,0.00,0.00,0.00,0.00,0.00,-1,-1,1,13,1.9,0.27,1.000,1.000,0.43,0,0,0,90.0,170.2,180.0,180.0,0.00,0,-0.3,0.1
0.50,climb,96.70,253.30,1.000,1,1892.5,365.5,2349.0,-3534.0,0.00,0.00,179,179,-1,0.0,0.0,-0.0,-0.0,-0.00,-0.01,0.00,0.00,0.00,0.00,0.00,0.00,-1,-1,1,16,5.3,0.29,1.000,1.000,1.24,0,0,0,90.0,170.2,180.0,180.0,0.00,0,-0.6,0.2
0.60,climb,97.09,252.91,1.000,1,1892.5,365.5,2349.0,-3534.0,0.00,0.00,179,179,-1,0.0,0.0,-0.1,-0.0,-0.00,-0.01,0.00,0.00,0.00,0.00,0.00,0.00,-1,-1,1,19,5.3,0.28,1.000,1.000,3.28,0,0,0,90.0,170.2,180.0,180.0,0.00,0,-0.6,0.2
0.70,climb,97.79,252.21,1.000,1,1892.5,365.5,2349.0,-3534.0,0.00,0.02,179,179,-1,0.0,0.0,-0.2,-0.1,-0.01,-0.02,0.00,0.00,0.00,0.00,0.02,0.00,-1,-1,1,22,11.2,0.23,1.000,1.000,6.18,0,0,0,90.0,170.2,180.0,180.0,0.00,0,-1.0,0.4
0.80,climb,98.81,251.19,1.000,1,1892.5,365.5,2349.0,-3534.0,0.00,0.05,180,183,-1,0.0,0.0,-0.3,-0.1,-0.01,-0.01,0.00,0.00,0.00,0.00,0.05,0.00,100,-1,1,25,19.6,0.10,1.000,1.000,9.36,0,26,0,85.6,176.6,179.7,184.4,0.00,0,-0.7,0.4
0.90,climb,100.14,249.86,1.000,1,1892.5,365.5,2349.0,-3534.0,0.09,0.19,180,183,-1,0.0,0.0,-0.2,-0.1,-0.00,-0.00,0.00,0.00,0.00,0.00,0.12,-0.04,100,-1,1,27,35.2,-0.02,1.000,1.000,12.51,0,26,0,85.6,176.6,179.7,184.4,0.00,0,0.3,-0.4
1.00,climb,102.71,247.29,1.000,1,1892.5,365.5,2349.0,-3534.0,0.09,0.19,181,183,-1,0.0,0.0,-0.2,-0.1,0.01,0.01,0.00,0.00,0.00,0.00,0.19,-0.09,100,-1,1,30,35.2,-0.11,1.000,1.000,15.62,0,26,0,85.6,176.6,179.7,184.4,0.00,0,0.3,-0.4
1.10,climb,103.72,246.28,1.000,1,1892.5,365.6,2349.0,-3534.1,0.09,0.24,181,183,-1,0.0,0.0,-0.1,0.0,0.02,0.01,0.00,0.00,0.00,0.00,0.24,-0.09,100,-1,1,32,39.5,-0.14,1.000,1.000,18.71,0,26,0,85.6,176.6,179.7,184.4,0.00,0,0.9,-1.2
1.20,climb,105.97,244.03,1.000,1,1892.5,365.6,2349.0,-3534.1,0.09,0.25,184,198,-1,0.0,0.0,-0.0,0.2,0.02,0.01,0.00,0.00,0.00,0.00,0.27,-0.11,100,-1,1,33,38.5,-0.16,1.000,1.000,21.77,0,26,0,70.9,180.1,180.0,199.1,0.00,0,0.2,-0.8
1.30,climb,108.52,241.48,1.000,1,1892.5,365.6,2349.0,-3534.1,0.09,0.25,186,198,-1,0.0,0.0,-0.0,0.2,0.01,-0.00,0.00,0.00,0.00,0.00,0.24,-0.11,100,-1,1,34,38.5,-0.10,1.000,1.000,24.80,0,26,0,70.9,180.1,180.0,199.1,0.00,0,0.2,-0.8
1.40,climb,111.38,238.62,1.000,1,1892.5,365.7,2349.0,-3534.1,0.00,0.22,188,198,-1,0.0,0.0,-0.1,0.2,-0.00,-0.01,0.00,0.00,0.00,0.00,0.22,-0.03,100,-1,1,35,27.3,0.02,1.000,1.000,27.79,0,26,0,70.9,180.1,180.0,199.1,0.00,0,-1.0,1.0
1.50,climb,114.53,235.47,1.000,1,1892.5,365.7,2349.0,-3534.2,0.00,0.22,189,198,-1,0.0,0.0,-0.2,0.1,-0.02,-0.02,0.00,0.00,0.00,0.00,0.22,-0.04,100,-1,1,36,27.3,0.18,1.000,1.000,30.76,0,26,0,70.9,180.1,180.0,199.1,0.00,0,-1.0,1.0
1.60,climb,117.98,232.02,1.000,1,1892.5,365.7,2349.0,-3534.2,-0.09,0.22,192,210,-1,0.0,0.0,-0.3,-0.2,-0.04,-0.02,0.00,0.00,0.00,0.00,0.23,0.04,100,-1,1,36,21.5,0.29,1.000,1.000,33.69,0,26,0,59.3,179.3,179.6,210.7,0.00,0,-0.9,2.1
1.70,climb,121.71,228.29,1.000,1,1892.5,365.7,2349.0,-3534.2,-0.09,0.24,195,210,-1,0.0,0.0,-0.4,-0.5,-0.05,-0.02,0.00,0.00,0.00,0.00,0.26,0.02,100,-1,1,37,18.0,0.37,1.000,1.000,36.59,0,26,0,59.3,179.3,179.6,210.7,0.00,0,-1.0,2.8
1.80,climb,125.74,224.26,1.000,1,1892.5,365.8,2349.0,-3534.2,-0.09,0.40,197,210,-1,0.0,0.0,-0.5,-0.8,-0.06,-0.02,0.00,0.00,0.00,0.00,0.31,-0.00,100,-1,1,37,23.3,0.37,1.000,1.000,39.47,0,26,0,59.3,179.3,179.6,210.7,0.00,0,-0.8,2.6
1.90,climb,130.04,219.96,1.000,1,1892.5,365.8,2349.0,-3534.3,-0.09,0.40,199,210,-1,0.0,0.0,-0.5,-1.1,-0.05,-0.01,0.00,0.00,0.00,0.00,0.40,-0.05,100,-1,1,38,23.3,0.30,1.000,1.000,42.31,0,26,0,59.3,179.3,179.6,210.7,0.00,0,-0.8,2.6
2.00,climb,134.62,215.38,1.000,1,1892.5,365.8,2349.0,-3534.3,0.00,0.54,202,219,-1,0.0,0.0,-0.5,-1.1,-0.02,-0.01,0.00,0.00,0.00,0.00,0.50,-0.20,100,-1,1,38,31.5,0.14,1.000,1.000,45.11,0,26,0,49.7,178.2,178.5,220.3,0.00,0,-0.7,0.9
2.10,climb,139.48,210.52,0.835,1,1892.5,366.0,2349.0,-3534.4,0.18,0.87,205,219,-1,0.0,0.0,-0.5,-1.0,0.01,-0.00,0.00,0.00,0.00,0.00,0.58,-0.41,100,-1,0,39,50.0,-0.05,0.835,0.842,47.88,0,26,0,49.7,178.2,178.5,220.3,0.00,0,-0.3,-3.7
2.20,climb,144.60,205.40,0.676,1,1892.5,366.0,2349.0,-3534.5,0.18,0.87,207,219,-1,0.0,0.0,-0.4,-0.6,0.05,0.00,0.00,0.00,0.00,0.00,0.69,-0.55,100,-1,0,40,50.0,-0.21,0.678,0.699,50.63,0,26,0,49.7,178.2,178.5,220.3,0.00,0,-0.3,-3.7
2.30,climb,149.94,200.06,0.525,1,1892.6,366.1,2348.9,-3534.6,0.26,1.00,209,219,-1,0.0,0.0,-0.4,-0.1,0.08,-0.00,0.00,0.00,0.00,0.00,0.75,-0.71,100,-1,0,41,55.3,-0.31,0.529,0.561,53.03,0,26,0,49.7,178.2,178.5,220.3,0.00,0,-0.2,-5.5
2.40,climb,155.42,194.58,0.411,1,1892.6,366.3,2348.9,-3534.7,0.18,0.99,213,240,-1,0.0,0.0,-0.5,0.4,0.08,-0.01,0.00,0.00,0.00,0.00,0.72,-0.79,100,-1,0,39,52.0,-0.33,0.413,0.450,54.59,0,26,0,29.1,180.1,180.3,240.9,0.00,0,-0.5,-3.9
2.50,climb,160.98,189.02,0.325,1,1892.6,366.3,2348.9,-3534.8,0.18,0.99,218,240,-1,0.0,0.0,-0.6,0.7,0.05,-0.02,0.00,0.00,0.00,0.00,0.68,-0.74,100,-1,0,38,52.0,-0.28,0.327,0.355,55.48,0,26,0,29.1,180.1,180.3,240.9,0.00,0,-0.5,-3.9
2.60,climb,166.55,183.45,0.267,1,1892.6,366.5,2348.9,-3534.9,0.04,0.82,221,240,-1,0.0,0.0,-0.7,0.7,0.01,-0.02,0.00,0.00,0.00,0.00,0.63,-0.66,100,-1,0,38,40.0,-0.17,0.267,0.283,55.77,0,26,0,29.1,180.1,180.3,240.9,0.00,0,-0.5,0.7
2.70,climb,172.10,177.90,0.230,1,1892.6,366.5,2348.9,-3535.0,0.00,0.77,224,240,-1,0.0,0.0,-0.8,0.6,-0.02,-0.02,0.00,0.00,0.00,0.00,0.56,-0.60,100,-1,0,35,34.6,-0.11,0.230,0.247,55.59,0,26,0,29.1,180.1,180.3,240.9,0.00,0,0.1,2.1
2.80,climb,177.60,172.40,0.207,1,1892.6,366.5,2348.9,-3535.0,0.00,0.77,229,257,-1,0.0,0.0,-0.8,0.3,-0.04,-0.01,0.00,0.00,0.00,0.00,0.51,-0.58,100,-1,0,30,34.6,-0.10,0.207,0.224,55.12,0,26,0,12.3,180.1,180.6,257.7,0.00,0,0.1,2.1
2.90,climb,183.03,166.97,0.194,1,1892.6,366.6,2348.9,-3535.1,-0.04,0.74,233,257,-1,0.0,0.0,-0.7,0.0,-0.04,0.00,0.00,0.00,0.00,0.00,0.48,-0.56,100,-1,0,25,30.4,-0.10,0.194,0.213,54.43,0,26,0,12.3,180.1,180.6,257.7,0.00,0,0.9,2.4
3.00,climb,188.37,161.63,0.188,1,1892.6,366.8,2348.9,-3535.2,-0.09,0.70,237,257,-1,0.0,0.0,-0.6,-0.2,-0.03,0.01,0.00,0.00,0.00,0.00,0.47,-0.56,100,-1,0,22,24.3,-0.10,0.189,0.205,53.60,0,26,0,12.3,180.1,180.6,257.7,0.00,0,0.9,0.8
3.10,climb,193.62,156.38,0.187,1,1892.6,366.8,2348.9,-3535.3,-0.09,0.70,240,257,-1,0.0,0.0,-0.5,-0.2,-0.01,0.01,0.00,0.00,0.00,0.00,0.43,-0.56,100,-1,0,19,24.3,-0.11,0.187,0.196,52.68,0,26,0,12.3,180.1,180.6,257.7,0.00,0,0.9,0.8
3.20,climb,198.77,151.23,0.187,1,1892.6,366.8,2348.9,-3535.3,-0.09,0.70,244,267,-1,0.0,0.0,-0.5,-0.2,0.00,0.00,0.00,0.00,0.00,0.00,0.39,-0.59,100,-1,0,14,21.9,-0.15,0.187,0.188,51.76,0,26,0,2.3,179.8,174.3,267.7,0.00,0,0.6,-0.3
3.30,climb,203.82,146.18,0.190,1,1892.6,367.0,2348.9,-3535.4,-0.09,0.70,248,267,-1,0.0,0.0,-0.5,-0.1,0.01,-0.01,0.00,0.00,0.00,0.00,0.35,-0.62,100,-1,0,11,18.0,-0.18,0.190,0.196,50.77,0,26,0,2.3,179.8,174.3,267.7,0.00,0,-0.2,-1.0
3.40,climb,208.77,141.23,0.196,1,1892.6,367.0,2348.9,-3535.5,-0.09,0.68,251,267,-1,0.0,0.0,-0.5,-0.1,0.01,-0.01,0.00,0.00,0.00,0.00,0.32,-0.63,100,-1,0,8,16.1,-0.20,0.196,0.204,49.74,0,26,0,2.3,179.8,174.3,267.7,0.00,0,-0.3,-1.1
3.50,climb,213.61,136.39,0.201,1,1892.6,367.1,2348.9,-3535.5,-0.09,0.68,253,267,-1,0.0,0.0,-0.5,0.0,0.01,-0.01,0.00,0.00,0.00,0.00,0.28,-0.63,100,-1,0,5,14.1,-0.21,0.202,0.212,48.73,0,26,0,2.3,179.8,174.3,267.7,0.00,0,-0.2,-1.0
3.60,climb,218.37,131.63,0.205,1,1892.6,367.2,2348.9,-3535.6,-0.09,0.66,256,273,-1,0.0,0.0,-0.5,0.1,0.01,-0.01,0.00,0.00,0.00,0.00,0.25,-0.64,100,-1,0,2,12.1,-0.24,0.206,0.214,47.76,0,26,0,355.7,180.2,357.9,274.3,0.00,0,0.3,-0.5
3.70,climb,223.03,126.97,0.203,1,1892.5,367.2,2348.9,-3535.7,-0.09,0.64,259,273,-1,0.0,0.0,-0.5,0.1,0.00,-0.00,0.00,0.00,0.00,0.00,0.21,-0.63,100,-1,0,-0,10.0,-0.25,0.204,0.206,46.89,0,26,0,355.7,180.2,357.9,274.3,0.00,0,0.8,0.0
3.80,climb,227.63,122.37,0.197,1,1892.5,367.2,2349.0,-3535.7,-0.09,0.64,261,273,-1,0.0,0.0,-0.4,0.1,-0.00,0.01,0.00,0.00,0.00,0.00,0.18,-0.62,100,-1,0,-3,10.0,-0.25,0.197,0.202,46.13,0,26,0,355.7,180.2,357.9,274.3,0.00,0,0.8,0.0
3.90,climb,232.15,117.85,0.188,1,1892.5,367.4,2349.0,-3535.8,-0.18,0.62,263,273,-1,0.0,0.0,-0.3,0.1,-0.01,0.01,0.00,0.00,0.00,0.00,0.25,-0.61,100,-1,0,-5,6.0,-0.25,0.189,0.195,45.40,0,26,0,355.7,180.2,357.9,274.3,0.00,0,0.7,0.2
4.00,climb,237.69,112.31,0.170,1,1892.5,367.4,2349.0,-3535.9,-0.18,0.59,265,277,-1,0.0,0.0,-0.2,0.1,-0.00,0.00,0.00,0.00,0.00,0.00,0.23,-0.60,100,-1,0,-7,4.5,-0.25,0.170,0.172,44.64,0,26,0,352.2,180.1,359.2,277.8,0.00,0,0.2,-0.2
4.10,climb,240.95,109.05,0.180,1,1892.5,367.5,2349.0,-3535.9,-0.18,0.58,267,277,-1,0.0,0.0,-0.2,0.1,0.00,-0.00,0.00,0.00,0.00,0.00,0.21,-0.58,100,-1,0,-8,3.2,-0.26,0.181,0.183,43.73,0,26,0,352.2,180.1,359.2,277.8,0.00,0,0.1,-0.1
4.20,climb,245.20,104.80,0.183,1,1892.5,367.5,2349.0,-3536.0,-0.18,0.58,269,277,-1,0.0,0.0,-0.2,0.1,0.00,-0.00,0.00,0.00,0.00,0.00,0.19,-0.58,100,-1,0,-10,3.2,-0.26,0.184,0.185,42.79,0,26,0,352.2,180.1,359.2,277.8,0.00,0,0.1,-0.1
4.30,climb,249.36,100.64,0.185,1,1892.5,367.5,2349.0,-3536.0,-0.18,0.57,270,277,-1,0.0,0.0,-0.2,0.1,0.00,-0.00,0.00,0.00,0.00,0.00,0.18,-0.57,100,-1,0,-11,1.5,-0.25,0.186,0.188,41.85,0,26,0,352.2,180.1,359.2,277.8,0.00,0,0.0,-0.1
4.40,climb,253.43,96.57,0.187,1,1892.4,367.6,2349.1,-3536.1,-0.18,0.54,271,278,-1,0.0,0.0,-0.2,0.1,0.00,-0.00,0.00,0.00,0.00,0.00,0.17,-0.55,100,-1,0,-12,-0.9,-0.25,0.188,0.191,40.92,0,26,0,351.4,180.2,359.0,278.6,0.00,0,-0.1,-0.1
4.50,climb,257.41,92.59,0.189,1,1892.4,367.6,2349.1,-3536.1,-0.18,0.54,272,278,-1,0.0,0.0,-0.2,0.1,0.00,-0.01,0.00,0.00,0.00,0.00,0.16,-0.54,100,-1,0,-13,-0.9,-0.25,0.190,0.193,40.00,0,26,0,351.4,180.2,359.0,278.6,0.00,0,-0.1,-0.1
4.60,climb,261.29,88.71,0.191,1,1892.4,367.7,2349.1,-3536.2,-0.18,0.51,273,278,-1,0.0,0.0,-0.2,0.1,0.00,-0.01,0.00,0.00,0.00,0.00,0.15,-0.54,100,-1,0,-14,-2.8,-0.25,0.192,0.195,39.10,0,26,0,351.4,180.2,359.0,278.6,0.00,0,-0.2,-0.0
4.70,climb,265.09,84.91,0.192,1,1892.4,367.8,2349.1,-3536.2,-0.18,0.51,274,278,-1,0.0,0.0,-0.3,0.1,0.00,-0.01,0.00,0.00,0.00,0.00,0.14,-0.52,100,-1,0,-15,-3.8,-0.24,0.193,0.197,38.20,0,26,0,351.4,180.2,359.0,278.6,0.00,0,-0.3,-0.0
4.80,climb,268.80,81.20,0.194,1,1892.4,367.8,2349.1,-3536.3,-0.18,0.51,274,277,-1,0.0,0.0,-0.3,0.1,0.00,-0.01,0.00,0.00,0.00,0.00,0.14,-0.52,100,-1,0,-15,-3.8,-0.23,0.194,0.198,37.31,0,26,0,352.4,180.2,358.7,277.6,0.00,0,-0.3,-0.0
4.90,climb,272.42,77.58,0.195,1,1892.3,367.9,2349.1,-3536.3,-0.18,0.47,274,277,-1,0.0,0.0,-0.3,0.1,0.00,-0.01,0.00,0.00,0.00,0.00,0.14,-0.50,100,-1,0,-16,-5.7,-0.22,0.195,0.200,36.43,0,26,0,352.4,180.2,358.7,277.6,0.00,0,-0.4,0.0
5.00,climb,275.96,74.04,0.195,1,1892.3,367.9,2349.2,-3536.4,-0.18,0.46,275,277,-1,0.0,0.0,-0.4,0.1,0.00,-0.01,0.00,0.00,0.00,0.00,0.14,-0.49,100,-1,0,-16,-6.6,-0.21,0.196,0.201,35.56,0,26,0,352.4,180.2,358.7,277.6,0.00,0,-0.5,0.1
5.10,climb,279.40,70.60,0.196,1,1892.3,367.9,2349.2,-3536.4,-0.18,0.46,275,277,-1,0.0,0.0,-0.4,0.1,0.00,-0.01,0.00,0.00,0.00,0.00,0.13,-0.48,100,-1,0,-16,-6.6,-0.20,0.196,0.202,34.70,0,26,0,352.4,180.2,358.7,277.6,0.00,0,-0.5,0.1
5.20,climb,282.78,67.22,0.193,1,1892.3,368.0,2349.2,-3536.5,-0.18,0.44,275,274,-1,0.0,0.0,-0.4,0.1,0.00,-0.00,0.00,0.00,0.00,0.00,0.14,-0.45,100,-1,0,-16,-7.4,-0.18,0.193,0.195,33.90,0,26,0,354.9,180.2,358.0,275.1,0.00,0,-0.1,0.0
5.30,climb,286.08,63.92,0.184,1,1892.3,368.1,2349.2,-3536.5,-0.18,0.44,275,274,-1,0.0,0.0,-0.3,0.2,0.00,0.01,0.00,0.00,0.00,0.00,0.14,-0.45,100,-1,0,-16,-9.4,-0.15,0.184,0.191,33.20,0,26,0,354.9,180.2,358.0,275.1,0.00,0,1.6,-0.2
5.40,climb,289.30,60.70,0.136,1,1892.3,368.1,2349.2,-3536.6,-0.18,0.44,275,274,-1,0.0,0.0,-0.1,0.2,0.00,0.02,0.00,0.00,0.00,0.00,0.14,-0.45,100,-1,0,-16,-9.4,-0.13,0.136,0.146,32.45,0,26,0,354.9,180.2,358.0,275.1,0.00,0,1.6,-0.2
5.50,climb,292.44,57.56,0.093,1,1892.2,368.2,2349.3,-3536.6,-0.18,0.42,275,274,-1,0.0,0.0,0.0,0.2,0.00,0.02,0.00,0.00,0.00,0.00,0.14,-0.43,100,-1,0,-16,-10.8,-0.12,0.094,0.104,31.62,0,26,0,354.9,180.2,358.0,275.1,0.00,0,0.9,-0.1
5.60,climb,295.49,54.51,0.054,1,1892.2,368.2,2349.3,-3536.7,-0.18,0.40,274,270,-1,0.0,0.0,0.1,0.2,0.00,0.01,0.00,0.00,0.00,0.00,0.15,-0.43,100,-1,0,-15,-11.0,-0.09,0.054,0.059,30.74,0,26,0,358.9,180.2,350.0,271.1,0.00,0,0.1,-0.0
5.70,climb,298.43,51.57,0.023,1,1892.2,368.2,2349.3,-3536.7,-0.18,0.40,273,270,-1,0.0,0.0,0.1,0.2,0.00,0.00,0.00,0.00,0.00,0.00,0.15,-0.41,100,-1,0,-15,-11.0,-0.07,0.023,0.024,29.73,0,26,0,358.9,180.2,350.0,271.1,0.00,0,0.1,-0.0
5.80,climb,301.26,48.74,0.006,1,1892.2,368.2,2349.3,-3536.7,-0.18,0.40,273,270,-1,0.0,0.0,0.1,0.2,0.00,0.00,0.00,0.00,0.00,0.00,0.16,-0.40,100,-1,0,-14,-10.8,-0.07,0.006,0.007,28.50,0,26,0,358.9,180.2,350.0,271.1,0.00,0,0.0,0.0
5.90,climb,303.97,46.03,0.000,1,1892.2,368.3,2349.3,-3536.8,-0.18,0.37,272,270,-1,0.0,0.0,0.1,0.2,0.00,-0.00,0.00,0.00,0.00,0.00,0.16,-0.38,100,-1,1,-14,-10.8,-0.06,0.000,0.000,27.39,0,26,0,358.9,180.2,350.0,271.1,0.00,0,-0.1,0.1
6.00,climb,306.56,43.44,0.000,1,1892.2,368.3,2349.3,-3536.8,-0.09,0.37,271,266,-1,0.0,0.0,0.1,0.2,-0.00,-0.00,0.00,0.00,0.00,0.00,0.12,-0.38,100,-1,1,-13,-10.3,-0.05,0.000,0.000,26.23,0,26,0,3.2,180.2,183.1,266.8,0.00,0,-0.2,0.1
6.10,climb,309.03,40.97,0.000,1,1892.2,368.3,2349.3,-3536.8,-0.09,0.37,271,266,-1,0.0,0.0,0.1,0.2,-0.00,-0.00,0.00,0.00,0.00,0.00,0.08,-0.37,100,-1,1,-12,-10.3,-0.03,0.000,0.000,25.02,0,26,0,3.2,180.2,183.1,266.8,0.00,0,-0.2,0.1
6.20,climb,311.38,38.62,0.000,1,1892.1,368.4,2349.4,-3536.9,-0.09,0.35,270,266,-1,0.0,0.0,0.1,0.1,-0.00,-0.00,0.00,0.00,0.00,0.00,0.09,-0.35,100,-1,1,-11,-10.1,-0.02,0.000,0.000,23.77,0,26,0,3.2,180.2,183.1,266.8,0.00,0,-0.2,0.1
6.30,climb,313.59,36.41,0.000,1,1892.1,368.5,2349.4,-3536.9,-0.09,0.35,269,266,-1,0.0,0.0,0.1,0.1,-0.00,-0.00,0.00,0.00,0.00,0.00,0.09,-0.35,100,-1,1,-11,-9.5,-0.02,0.000,0.000,22.48,0,26,0,3.2,180.2,183.1,266.8,0.00,0,-0.2,0.2
6.40,climb,315.68,34.32,0.012,1,1892.1,368.5,2349.4,-3537.0,-0.09,0.35,268,262,-1,0.0,0.0,0.0,0.1,-0.00,-0.00,0.00,0.00,0.00,0.00,0.10,-0.35,100,-1,0,-10,-9.5,-0.00,0.012,0.014,21.17,0,26,0,7.1,180.1,180.9,262.9,0.00,0,-0.2,0.2
6.50,climb,317.63,32.37,0.020,1,1892.1,368.5,2349.4,-3537.0,-0.09,0.35,267,262,-1,0.0,0.0,0.0,0.1,-0.00,-0.00,0.00,0.00,0.00,0.00,0.10,-0.35,100,-1,0,-9,-9.3,0.01,0.020,0.022,19.88,0,26,0,7.1,180.1,180.9,262.9,0.00,0,-0.2,0.2
6.60,climb,319.46,30.54,0.031,1,1892.1,368.6,2349.4,-3537.0,-0.09,0.33,266,262,-1,0.0,0.0,0.0,0.1,-0.00,-0.00,0.00,0.00,0.00,0.00,0.11,-0.32,100,-1,0,-8,-9.1,0.03,0.031,0.034,18.61,0,26,0,7.1,180.1,180.9,262.9,0.00,0,-0.2,0.2
6.70,climb,321.17,28.83,0.046,1,1892.1,368.6,2349.4,-3537.1,-0.09,0.33,266,262,-1,0.0,0.0,-0.0,0.1,-0.00,-0.00,0.00,0.00,0.00,0.00,0.11,-0.32,100,-1,0,-7,-8.9,0.04,0.046,0.049,17.34,0,26,0,7.1,180.1,180.9,262.9,0.00,0,-0.2,0.2
6.80,climb,322.75,27.25,0.064,1,1892.1,368.6,2349.4,-3537.1,-0.09,0.33,265,258,-1,0.0,0.0,-0.0,0.0,-0.00,-0.00,0.00,0.00,0.00,0.00,0.12,-0.32,100,-1,0,-6,-8.9,0.06,0.064,0.067,16.09,0,26,0,10.8,180.0,180.2,259.2,0.00,0,-0.2,0.2
6.90,climb,324.20,25.80,0.086,1,1892.1,368.7,2349.4,-3537.1,-0.09,0.33,264,258,-1,0.0,0.0,-0.0,0.0,-0.00,-0.00,0.00,0.00,0.00,0.00,0.12,-0.32,100,-1,0,-5,-8.8,0.08,0.086,0.089,14.85,0,26,0,10.8,180.0,180.2,259.2,0.00,0,-0.2,0.2
7.00,climb,325.85,24.15,0.103,1,1892.1,368.7,2349.4,-3537.2,-0.09,0.33,263,258,-1,0.0,0.0,-0.1,0.0,-0.00,-0.00,0.00,0.00,0.00,0.00,0.13,-0.32,100,-1,0,-4,-8.7,0.09,0.103,0.106,13.62,0,26,0,10.8,180.0,180.2,259.2,0.00,0,-0.1,0.1
7.10,climb,326.74,23.26,0.140,1,1892.1,368.7,2349.4,-3537.2,-0.09,0.33,262,258,-1,0.0,0.0,-0.1,0.0,-0.00,-0.00,0.00,0.00,0.00,0.00,0.13,-0.31,100,-1,0,-4,-8.7,0.10,0.140,0.141,12.42,0,26,0,10.8,180.0,180.2,259.2,0.00,0,-0.1,0.1
7.20,climb,327.84,22.16,0.169,1,1892.0,368.8,2349.4,-3537.2,-0.09,0.33,261,255,-1,0.0,0.0,-0.1,0.0,0.00,-0.00,0.00,0.00,0.00,0.00,0.14,-0.31,100,-1,0,-2,-8.5,0.12,0.170,0.171,11.26,0,26,0,14.2,180.0,180.0,255.8,0.00,0,0.2,-0.2
7.30,climb,328.84,21.16,0.197,1,1892.0,368.8,2349.5,-3537.3,-0.09,0.31,260,255,-1,0.0,0.0,-0.0,0.0,0.00,0.00,0.00,0.00,0.00,0.00,0.14,-0.31,100,-1,0,-1,-8.1,0.14,0.197,0.200,10.22,0,26,0,14.2,180.0,180.0,255.8,0.00,0,0.5,-0.4
7.40,climb,329.76,20.24,0.218,1,1892.0,368.8,2349.5,-3537.3,-0.09,0.31,259,255,-1,0.0,0.0,0.0,0.1,0.01,0.01,0.00,0.00,0.00,0.00,0.14,-0.29,100,-1,0,-1,-8.1,0.15,0.219,0.224,9.37,0,26,0,14.2,180.0,180.0,255.8,0.00,0,0.5,-0.4
7.50,climb,330.61,19.39,0.236,1,1892.0,368.8,2349.5,-3537.3,-0.09,0.31,259,255,-1,0.0,0.0,0.1,0.2,0.01,0.01,0.00,0.00,0.00,0.00,0.15,-0.28,100,-1,0,0,-7.5,0.15,0.236,0.245,8.64,0,26,0,14.2,180.0,180.0,255.8,0.00,0,0.7,-0.7
7.60,climb,331.41,18.59,0.244,1,1892.0,368.9,2349.5,-3537.3,-0.09,0.31,258,252,-1,0.0,0.0,0.2,0.2,0.01,0.01,0.00,0.00,0.00,0.00,0.15,-0.28,100,-1,0,1,-4.9,0.15,0.244,0.254,8.13,0,26,0,17.2,180.3,180.9,252.8,0.00,0,0.7,-0.7
7.70,cruise,332.18,17.82,0.291,1,1892.0,368.9,2349.5,-3537.4,-0.09,0.31,257,252,-1,4.0,4.0,0.2,0.3,-0.04,-0.04,0.00,0.00,0.00,0.00,0.16,-0.28,100,-1,0,2,-3.2,0.14,0.292,0.314,7.83,0,26,0,17.2,180.3,180.9,252.8,0.00,0,0.6,-0.7
7.80,cruise,332.93,17.07,0.290,1,1892.0,368.9,2349.5,-3537.4,-0.09,0.29,256,252,-1,8.0,8.0,0.3,0.4,-0.09,-0.10,0.00,0.00,0.00,0.00,0.16,-0.28,100,-1,0,7,-1.5,0.19,0.290,0.344,7.53,0,26,0,17.9,180.5,181.4,252.1,0.00,1,0.6,-0.7
7.90,cruise,333.66,16.34,0.282,1,1892.0,369.0,2349.5,-3537.4,-0.09,0.29,255,252,-1,12.0,12.0,0.4,0.4,-0.15,-0.15,0.00,0.00,0.00,0.00,0.16,-0.25,100,-1,0,7,0.3,0.16,0.283,0.367,7.35,0,26,0,18.1,180.6,181.7,251.9,0.00,1,1.2,-1.3
8.00,cruise,334.39,15.61,0.265,1,1892.0,369.0,2349.5,-3537.5,-0.18,0.31,255,251,-1,16.0,16.0,0.5,0.6,-0.19,-0.19,0.00,0.00,0.00,0.00,0.16,-0.25,100,-1,0,7,2.3,0.12,0.265,0.367,7.35,0,26,0,18.0,180.8,182.4,252.0,0.00,1,3.2,-3.1
8.10,cruise,335.12,14.88,0.248,1,1892.0,369.0,2349.5,-3537.5,-0.18,0.31,254,251,-1,20.0,20.0,0.9,1.0,-0.19,-0.19,0.00,0.00,0.00,0.00,0.25,-0.25,100,-1,0,6,2.3,0.08,0.248,0.350,7.32,0,26,0,17.7,181.3,184.0,252.3,0.00,1,3.2,-3.1
8.20,cruise,335.82,14.18,0.237,1,1892.0,369.0,2349.5,-3537.5,-0.18,0.33,254,251,-1,24.0,24.0,1.6,1.6,-0.17,-0.17,0.00,0.00,0.00,0.00,0.26,-0.27,100,-1,0,6,4.1,0.03,0.237,0.327,7.19,0,26,0,17.2,182.1,186.8,252.8,0.00,1,6.1,-5.6
8.30,cruise,336.49,13.51,0.231,1,1891.9,369.1,2349.6,-3537.6,-0.26,0.41,253,251,-1,27.7,27.6,2.6,2.6,-0.13,-0.12,0.00,0.00,0.00,0.00,0.28,-0.31,100,-1,0,5,7.1,-0.01,0.231,0.299,6.97,0,26,0,16.6,183.3,191.0,253.4,0.00,1,12.5,-11.3
8.40,cruise,337.13,12.87,0.227,1,1891.9,369.1,2349.6,-3537.6,-0.26,0.42,253,253,-1,28.3,28.2,3.9,3.8,-0.06,-0.05,0.00,0.00,0.00,0.00,0.37,-0.31,100,-1,0,4,8.3,-0.05,0.227,0.257,6.73,0,26,0,15.8,184.9,196.8,254.2,0.00,1,15.3,-13.8
8.50,cruise,337.73,12.27,0.227,1,1891.9,369.1,2349.6,-3537.6,-0.26,0.42,253,253,-1,28.8,28.6,5.4,5.3,0.01,0.01,0.00,0.00,0.00,0.00,0.37,-0.32,100,-1,0,3,8.3,-0.10,0.227,0.235,6.44,0,26,0,14.8,186.7,204.1,255.2,0.00,1,15.3,-13.8
8.60,cruise,338.29,11.71,0.230,1,1891.9,369.2,2349.6,-3537.7,-0.26,0.41,253,253,-1,29.4,29.1,7.1,7.1,0.08,0.07,0.00,0.00,0.00,0.00,0.37,-0.31,100,-1,0,2,9.1,-0.14,0.230,0.269,6.13,0,26,0,13.7,188.8,212.4,256.3,0.00,1,17.7,-16.0
8.70,cruise,338.82,11.18,0.235,1,1891.8,369.2,2349.7,-3537.7,-0.18,0.34,254,253,-1,29.9,29.4,9.0,9.0,0.12,0.08,0.09,0.00,0.00,0.00,0.26,-0.28,100,-1,0,1,9.8,-0.18,0.235,0.289,5.81,0,26,0,12.5,190.9,221.1,257.6,0.00,1,19.0,-17.1
8.80,cruise,339.31,10.69,0.250,1,1891.8,369.3,2349.7,-3537.7,0.00,0.04,255,258,-1,30.5,29.7,10.7,10.9,0.12,0.07,0.17,0.00,0.00,0.00,0.19,-0.18,100,-1,0,-0,9.6,-0.21,0.251,0.301,5.52,0,26,0,11.2,192.9,229.2,258.9,0.00,1,17.7,-15.4
8.90,cruise,339.78,10.22,0.250,1,1891.8,369.2,2349.7,-3537.8,0.13,-0.21,255,258,-1,31.0,30.0,12.3,12.6,0.09,0.04,0.24,0.00,0.00,0.00,0.01,-0.04,100,-1,0,-2,8.6,-0.22,0.251,0.286,5.22,0,26,0,9.9,194.7,236.3,260.2,0.00,1,16.3,-13.5
9.00,cruise,340.22,9.78,0.252,1,1891.8,369.2,2349.7,-3537.7,0.13,-0.21,256,258,-1,31.5,30.3,13.8,14.2,0.06,0.01,0.31,0.00,0.00,0.00,-0.18,0.17,100,-1,0,-3,8.6,-0.23,0.253,0.273,4.93,0,26,0,8.7,196.2,242.2,261.4,0.00,1,16.3,-13.5
9.10,cruise,340.63,9.37,0.259,1,1891.9,369.1,2349.6,-3537.7,0.48,-0.81,257,258,-1,32.0,30.6,15.2,15.5,0.02,-0.01,0.37,0.00,0.00,0.00,-0.41,0.41,100,-1,0,-4,5.5,-0.22,0.259,0.268,4.67,0,26,0,7.6,197.4,247.0,262.5,0.00,1,14.0,-9.6
9.20,cruise,341.03,8.97,0.266,1,1892.0,369.0,2349.6,-3537.6,0.70,-1.14,259,262,-1,32.6,30.8,16.5,16.7,-0.02,-0.03,0.43,0.00,0.00,0.00,-0.63,0.70,100,-1,0,-5,3.7,-0.21,0.267,0.279,4.39,0,26,0,6.7,198.5,250.7,263.4,0.00,1,13.4,-7.8
9.30,cruise,341.40,8.60,0.274,1,1892.0,368.9,2349.5,-3537.5,0.92,-1.47,260,262,-1,33.1,31.0,17.8,17.6,-0.06,-0.02,0.48,0.00,0.00,0.00,-0.89,1.00,100,-1,0,-6,1.8,-0.18,0.275,0.296,4.11,0,26,0,6.0,199.4,253.5,264.1,0.00,1,13.8,-6.7
9.40,cruise,341.75,8.25,0.282,1,1892.0,368.9,2349.5,-3537.4,0.92,-1.47,261,262,-1,33.6,31.2,19.2,18.5,-0.08,0.00,0.53,0.00,0.00,0.00,-1.13,1.32,100,-1,0,-6,1.8,-0.16,0.283,0.305,3.86,0,26,0,5.3,200.1,255.7,264.7,0.00,1,13.8,-6.7
9.50,cruise,342.07,7.93,0.290,1,1892.2,368.7,2349.3,-3537.2,1.19,-1.82,263,262,-1,34.2,31.3,20.7,19.3,-0.07,0.02,0.58,0.00,0.00,0.00,-1.41,1.65,100,-1,0,-7,-0.2,-0.13,0.290,0.318,3.64,0,26,0,4.9,200.9,257.3,265.1,0.00,1,14.1,-6.6
9.60,cruise,342.37,7.63,0.299,1,1892.5,368.3,2349.2,-3537.0,1.80,-2.50,264,264,-1,34.7,31.4,22.3,20.2,-0.06,0.03,0.63,0.00,0.00,0.00,-1.67,1.99,100,-1,0,-7,-4.2,-0.09,0.299,0.326,3.41,0,26,0,4.7,201.9,258.4,265.3,0.00,1,13.0,-9.0
9.70,cruise,342.65,7.35,0.309,1,1892.5,368.3,2349.0,-3536.8,1.80,-2.50,265,264,-1,35.2,31.5,23.8,21.1,-0.04,0.04,0.68,0.00,0.00,0.00,-2.00,2.35,100,-1,0,-7,-4.2,-0.05,0.309,0.333,3.20,0,26,0,4.7,202.9,259.1,265.3,0.00,1,13.0,-9.0
9.80,cruise,342.92,7.08,0.316,1,1892.9,367.7,2348.8,-3536.5,2.50,-3.31,267,264,-1,35.8,31.5,25.4,22.1,-0.03,0.04,0.73,0.00,0.00,0.00,-2.31,2.76,100,-1,0,-7,-7.5,-0.01,0.316,0.341,3.05,0,26,0,4.8,204.0,259.3,265.2,0.00,1,11.5,-10.5
9.90,cruise,343.17,6.83,0.324,1,1893.2,367.3,2348.6,-3536.2,2.94,-3.77,268,264,-1,36.3,31.5,26.9,23.0,-0.03,0.05,0.78,0.00,0.00,0.00,-2.62,3.22,100,-1,0,-6,-8.8,0.03,0.324,0.351,2.92,0,26,0,5.1,205.2,259.2,264.9,0.00,1,10.5,-11.3
10.00,cruise,343.41,6.59,0.332,1,1893.5,366.9,2348.3,-3535.8,3.38,-4.25,269,263,-1,36.8,31.5,28.5,23.9,-0.02,0.05,0.83,0.00,0.00,0.00,-3.00,3.73,100,-1,0,-6,-9.8,0.06,0.332,0.356,2.79,0,26,0,5.6,206.4,258.8,264.4,0.00,1,9.0,-12.4
10.10,cruise,343.63,6.37,0.340,1,1893.5,366.9,2348.0,-3535.4,3.38,-4.25,270,263,-1,37.3,31.5,29.9,24.9,-0.01,0.05,0.88,0.00,0.00,0.00,-3.36,4.27,100,-1,0,-5,-9.8,0.09,0.340,0.358,2.68,0,26,0,6.2,207.8,258.3,263.8,0.00,1,9.0,-12.4
10.20,cruise,343.85,6.15,0.348,1,1894.3,365.9,2347.6,-3534.9,4.35,-5.34,272,263,-1,37.7,31.6,31.2,25.9,0.00,0.03,0.93,0.00,0.00,0.00,-3.74,4.87,100,-1,0,-4,-9.7,0.11,0.348,0.359,2.57,0,26,0,7.0,209.3,257.7,263.1,0.00,1,4.9,-13.8
10.30,cruise,344.06,5.94,0.355,1,1894.8,365.3,2347.2,-3534.4,4.88,-5.95,273,263,-1,38.2,31.7,32.3,27.0,0.01,0.00,0.97,0.00,0.00,0.00,-4.10,5.54,100,-1,0,-4,-8.9,0.12,0.355,0.361,2.48,0,26,0,7.8,210.8,257.1,262.3,0.00,1,3.2,-14.3
10.40,cruise,344.26,5.74,0.360,1,1894.8,365.3,2346.7,-3533.8,4.88,-5.95,273,260,-1,38.6,31.8,33.2,28.1,0.03,-0.01,1.00,0.00,0.00,0.00,-4.51,6.23,100,-1,0,-3,-8.9,0.12,0.361,0.375,2.42,0,26,0,8.6,212.3,256.6,261.6,0.00,1,3.2,-14.3
10.50,cruise,344.47,5.53,0.364,1,1895.3,364.7,2346.2,-3533.2,5.41,-6.66,274,260,-1,39.0,32.0,34.1,29.2,0.05,-0.02,1.00,0.00,0.00,0.00,-4.90,7.04,100,-1,0,-2,-7.6,0.10,0.364,0.389,2.41,0,26,0,9.3,213.8,256.2,261.0,0.00,1,2.3,-14.6
10.60,cruise,344.67,5.33,0.368,1,1896.5,363.2,2345.6,-3532.4,6.37,-8.16,275,260,-1,39.3,32.2,34.8,30.4,0.06,-0.03,1.00,0.00,0.00,0.00,-5.21,7.89,100,-1,0,-2,-4.4,0.08,0.368,0.402,2.38,0,26,0,9.9,215.3,256.1,260.5,0.00,1,1.5,-14.0
10.70,cruise,344.86,5.14,0.374,1,1896.5,363.2,2345.0,-3531.7,6.37,-8.16,276,260,-1,39.7,32.4,35.5,31.6,0.07,-0.04,1.00,0.00,0.00,0.00,-5.49,8.78,100,-1,0,-2,-4.4,0.06,0.374,0.415,2.33,0,26,0,10.4,216.7,256.2,260.2,0.00,1,1.5,-14.0
10.80,cruise,345.06,4.94,0.379,1,1897.2,362.3,2344.3,-3530.8,6.81,-8.96,277,258,-1,40.0,32.6,36.2,32.8,0.08,-0.04,1.00,0.00,0.00,0.00,-5.73,9.69,100,-1,0,-1,-2.8,0.03,0.379,0.425,2.29,0,26,0,10.7,218.1,256.5,260.1,0.00,1,1.7,-13.2
10.90,cruise,345.24,4.76,0.385,1,1897.9,361.3,2343.6,-3529.8,7.25,-9.81,277,258,-1,40.4,32.8,36.9,34.0,0.08,-0.03,1.00,0.00,0.00,0.00,-5.93,10.66,100,-1,0,-2,-1.3,-0.01,0.385,0.430,2.25,0,26,0,10.7,219.2,257.0,260.2,0.00,1,2.6,-11.5
11.00,cruise,345.47,4.53,0.392,1,1899.5,359.1,2342.8,-3528.8,8.04,-11.59,278,258,-1,40.8,33.1,37.6,35.0,0.08,-0.03,1.00,0.00,0.00,0.00,-6.00,11.63,100,-1,0,-2,1.0,-0.04,0.392,0.436,2.17,0,26,0,10.5,220.2,257.6,260.5,0.00,1,4.5,-7.5
11.10,cruise,345.61,4.39,0.399,1,1899.5,359.1,2342.0,-3527.6,8.04,-11.59,279,258,-1,41.1,33.2,38.2,36.0,0.07,-0.03,1.00,0.00,0.00,0.00,-6.11,12.71,100,-1,0,-2,1.0,-0.07,0.399,0.440,2.12,0,26,0,10.1,220.9,258.4,260.9,0.00,1,4.5,-7.5
11.20,cruise,345.79,4.21,0.403,1,1900.3,357.9,2341.2,-3526.4,8.48,-12.54,280,259,-1,41.5,33.5,38.8,36.6,0.05,-0.04,1.00,0.00,0.00,0.00,-6.15,13.83,100,-1,0,-3,1.4,-0.08,0.403,0.438,2.09,0,26,0,9.6,221.3,259.1,261.4,0.00,1,4.9,-4.9
11.30,cruise,345.98,4.02,0.406,1,1902.1,355.2,2340.3,-3525.1,9.27,-14.47,281,259,-1,41.9,33.6,39.4,37.1,0.03,-0.04,1.00,0.00,0.00,0.00,-6.12,14.96,100,-1,0,-3,0.9,-0.09,0.406,0.433,2.04,0,26,0,9.0,221.5,259.9,261.9,0.00,1,5.9,0.4
11.40,cruise,346.17,3.83,0.408,1,1903.0,353.6,2339.4,-3523.7,9.71,-15.44,282,259,-1,42.3,33.8,39.9,37.3,0.00,-0.04,1.00,0.00,0.00,0.00,-6.06,16.08,100,-1,0,-4,0.1,-0.09,0.408,0.426,1.98,0,26,0,8.4,221.5,260.5,262.4,0.00,1,6.9,2.3
11.50,cruise,346.35,3.65,0.410,1,1903.0,353.6,2338.5,-3522.1,9.71,-15.44,283,259,-1,42.7,33.9,40.6,37.3,-0.02,-0.03,1.00,0.00,0.00,0.00,-6.04,17.21,100,-1,0,-4,0.1,-0.09,0.410,0.429,1.92,0,26,0,7.8,221.3,261.2,262.9,0.00,1,6.9,2.3
11.60,cruise,346.53,3.47,0.414,1,1904.1,352.0,2337.4,-3520.5,10.20,-16.37,284,262,-1,43.2,33.9,41.4,37.3,-0.02,-0.01,1.00,0.00,0.00,0.00,-5.95,18.34,100,-1,0,-5,-0.9,-0.08,0.414,0.426,1.86,0,26,0,7.1,221.0,261.9,263.5,0.00,1,8.5,3.2
11.70,cruise,346.71,3.29,0.417,1,1906.2,348.5,2336.4,-3518.8,11.25,-18.25,285,262,-1,43.7,33.8,42.3,37.2,-0.02,0.02,1.00,0.00,0.00,0.00,-5.84,19.47,100,-1,0,-5,-3.2,-0.07,0.417,0.433,1.82,0,26,0,6.4,220.8,262.6,264.0,0.00,1,10.7,3.3
11.80,cruise,346.88,3.12,0.420,1,1907.4,346.6,2335.3,-3517.0,11.87,-19.19,286,262,-1,44.2,33.7,43.4,37.2,-0.02,0.04,1.00,0.00,0.00,0.00,-5.80,20.64,100,-1,0,-6,-4.6,-0.05,0.420,0.445,1.82,0,26,0,5.8,220.5,263.2,264.5,0.00,1,11.1,3.0
11.90,cruise,347.05,2.95,0.422,1,1907.4,346.6,2334.1,-3515.1,11.87,-19.19,287,262,-1,44.8,33.6,44.6,37.1,-0.02,0.05,1.00,0.00,0.00,0.00,-5.78,21.81,100,-1,0,-6,-4.6,-0.03,0.422,0.455,1.84,0,26,0,5.3,220.3,263.7,264.8,0.00,1,11.1,3.0
12.00,cruise,347.22,2.78,0.427,1,1908.6,344.6,2332.9,-3513.1,12.48,-20.13,288,264,-1,45.3,33.4,45.8,37.0,-0.03,0.07,1.00,0.00,0.00,0.00,-5.67,22.99,100,-1,0,-6,-6.2,-0.00,0.427,0.466,1.82,0,26,0,5.1,220.2,264.0,265.0,0.00,1,10.7,2.3
12.10,cruise,347.39,2.61,0.434,1,1911.3,340.4,2331.6,-3511.1,13.80,-21.86,289,264,-1,45.9,33.2,47.0,36.8,-0.03,0.07,1.00,0.00,0.00,0.00,-5.57,24.12,100,-1,0,-6,-8.8,0.03,0.434,0.476,1.74,0,26,0,5.1,220.2,264.0,264.8,0.00,1,8.0,0.0
12.20,cruise,347.54,2.46,0.443,1,1912.7,338.1,2330.2,-3508.9,14.50,-22.76,290,264,-1,46.4,33.0,48.1,36.6,-0.03,0.06,1.00,0.00,0.00,0.00,-5.56,25.25,100,-1,0,-6,-9.5,0.06,0.443,0.485,1.64,0,26,0,5.4,220.3,263.7,264.5,0.00,1,5.8,-1.2
12.30,cruise,347.69,2.31,0.451,1,1912.7,338.1,2328.8,-3506.6,14.50,-22.76,291,264,-1,46.9,32.9,49.0,36.4,-0.03,0.05,1.00,0.00,0.00,0.00,-5.55,26.41,100,-1,0,-5,-9.5,0.08,0.451,0.489,1.53,0,26,0,5.9,220.5,263.1,263.9,0.00,1,5.8,-1.2
12.40,cruise,347.83,2.17,0.456,1,1915.8,333.4,2327.3,-3504.3,16.08,-24.64,291,262,-1,47.3,32.8,49.7,36.1,-0.04,0.03,1.00,0.00,0.00,0.00,-5.71,27.61,100,-1,0,-4,-9.3,0.10,0.456,0.488,1.44,0,26,0,6.7,220.9,262.3,263.0,0.00,1,1.1,-4.0
12.50,cruise,347.96,2.04,0.459,1,1917.5,330.8,2325.7,-3501.9,16.88,-25.59,292,262,-1,47.7,32.9,50.2,35.8,-0.04,0.01,1.00,0.00,0.00,0.00,-5.88,28.83,100,-1,0,-3,-8.5,0.12,0.459,0.482,1.37,0,26,0,7.6,221.4,261.4,262.0,0.00,1,-0.9,-5.2
12.60,cruise,348.09,1.91,0.461,1,1917.5,330.8,2324.0,-3499.3,16.88,-25.59,292,262,-1,48.0,33.0,50.5,35.7,-0.03,-0.01,1.00,0.00,0.00,0.00,-6.07,30.04,100,-1,0,-2,-8.5,0.12,0.461,0.478,1.30,0,26,0,8.6,222.0,260.5,261.0,0.00,1,-0.9,-5.2
12.70,cruise,348.21,1.79,0.461,1,1919.2,328.2,2322.3,-3496.7,17.67,-26.55,292,262,-1,48.4,33.2,50.6,35.7,-0.02,-0.02,1.00,0.00,0.00,0.00,-6.26,31.27,100,-1,0,-1,-7.3,0.12,0.462,0.481,1.24,0,26,0,9.6,222.8,259.6,260.0,0.00,1,-2.5,-6.7
12.80,cruise,348.32,1.68,0.462,1,1922.9,322.6,2320.5,-3494.0,19.07,-28.56,292,258,-1,48.7,33.5,50.7,35.9,-0.00,-0.03,1.00,0.00,0.00,0.00,-6.58,32.47,100,-1,0,-0,-4.1,0.11,0.462,0.479,1.21,0,26,0,10.7,223.7,258.8,259.0,0.00,1,-4.2,-10.2
12.90,cruise,348.43,1.57,0.480,1,1923.9,321.2,2318.6,-3491.1,19.42,-29.06,292,258,-1,48.9,33.8,50.8,36.4,0.01,-0.03,1.00,0.00,0.00,0.00,-6.85,33.66,100,-1,0,0,-3.2,0.09,0.480,0.503,1.17,0,26,0,11.6,224.7,258.3,258.3,0.00,1,-4.0,-10.8
13.00,cruise,348.57,1.43,0.510,1,1925.9,318.2,2317.6,-3489.7,20.08,-30.08,292,258,-1,49.1,34.0,50.9,37.2,0.03,-0.02,1.00,0.00,0.00,0.00,-6.91,34.26,100,-1,0,1,-1.4,0.08,0.510,0.540,1.15,0,26,0,12.4,225.8,258.0,257.8,0.00,1,-3.0,-11.5
13.10,cruise,348.62,1.38,0.540,1,1928.0,315.1,2315.6,-3486.7,20.70,-31.19,293,258,-1,49.3,34.3,51.1,38.2,0.05,-0.02,1.00,0.00,0.00,0.00,-6.97,35.49,100,-1,0,1,0.5,0.05,0.540,0.577,1.13,0,26,0,12.8,226.9,258.0,257.6,0.00,1,-2.2,-11.3
13.20,cruise,348.71,1.29,0.570,1,1930.1,311.9,2313.5,-3483.6,21.36,-32.41,293,256,-1,49.5,34.7,51.3,39.4,0.06,-0.02,1.00,0.00,0.00,0.00,-7.01,36.77,100,-1,0,1,2.6,0.01,0.570,0.613,1.15,0,26,0,13.0,228.0,258.2,257.7,0.00,1,-1.3,-10.4
13.30,cruise,348.82,1.18,0.600,1,1932.2,308.5,2311.4,-3480.4,21.97,-33.74,293,256,-1,49.8,35.2,51.5,40.5,0.06,-0.02,1.00,0.00,0.00,0.00,-6.93,38.19,100,-1,0,1,4.7,-0.04,0.600,0.650,1.23,0,26,0,13.0,228.8,258.6,258.1,0.00,1,-0.7,-8.8
13.40,cruise,348.94,1.06,0.600,1,1934.5,305.1,2309.3,-3477.0,22.59,-35.17,294,256,-1,50.0,35.7,51.6,41.7,0.07,-0.02,1.00,0.00,0.00,0.00,-6.66,39.71,100,-1,0,-0,6.5,-0.10,0.600,0.655,1.34,0,26,0,12.5,229.5,259.3,258.7,0.00,1,0.6,-6.5
13.50,cruise,349.08,0.92,0.600,1,1936.8,301.4,2307.0,-3473.6,23.20,-36.74,294,256,-1,50.3,36.2,51.6,42.7,0.06,-0.03,1.00,0.00,0.00,0.00,-6.27,41.32,100,-1,0,-1,7.3,-0.15,0.601,0.658,1.49,0,26,0,11.8,229.9,260.0,259.5,0.00,1,1.2,-3.7
13.60,cruise,349.25,0.75,0.600,1,1939.2,297.6,2304.7,-3469.9,23.86,-38.32,295,258,-1,50.6,36.8,51.6,43.4,0.05,-0.04,1.00,0.00,0.00,0.00,-5.60,43.09,100,-1,0,-2,7.0,-0.18,0.601,0.656,1.71,0,26,0,10.9,229.9,260.8,260.4,0.00,1,1.7,-0.3
13.70,cruise,349.45,0.55,0.600,1,1941.6,293.7,2302.3,-3466.1,24.48,-39.90,296,258,-1,51.0,37.4,51.5,43.7,0.03,-0.05,1.00,0.00,0.00,0.00,-4.98,44.87,100,-1,0,-3,5.7,-0.19,0.601,0.648,1.90,0,26,0,10.0,229.7,261.5,261.2,0.00,1,2.4,3.2
13.80,cruise,349.68,0.32,0.600,1,1944.1,289.6,2299.9,-3462.2,25.09,-41.46,296,258,-1,51.5,37.9,51.4,43.6,0.00,-0.05,1.00,0.00,0.00,0.00,-4.39,46.61,100,-1,0,-3,3.1,-0.18,0.601,0.634,2.09,0,26,0,9.1,229.1,262.1,261.9,0.00,1,3.5,6.8
13.90,cruise,349.93,0.07,0.600,1,1946.7,285.3,2297.4,-3458.1,25.75,-42.98,297,258,-1,52.1,38.2,51.5,43.1,-0.02,-0.04,1.00,0.00,0.00,0.00,-3.90,48.31,100,-1,0,-4,-0.2,-0.14,0.601,0.637,2.29,0,26,0,8.3,228.3,262.6,262.4,0.00,1,5.9,8.7
14.00,cruise,350.21,-0.21,0.500,1,1949.3,280.9,2294.8,-3453.8,26.41,-44.44,297,261,-1,52.7,38.3,52.0,42.5,-0.04,-0.02,1.00,0.00,0.00,0.00,-3.26,50.00,100,-1,0,-4,-4.1,-0.08,0.500,0.530,2.50,0,26,0,7.6,227.4,263.0,262.9,0.00,1,8.6,9.6
14.10,cruise,350.51,-0.51,0.400,1,1952.0,276.4,2292.2,-3449.4,27.16,-45.83,298,261,-1,53.5,38.2,52.9,41.7,-0.07,0.02,1.00,0.00,0.00,0.00,-2.75,51.62,100,-1,0,-5,-7.8,-0.01,0.400,0.435,2.74,0,26,0,7.1,226.5,263.3,263.1,0.00,1,11.2,9.9
14.20,cruise,350.82,-0.82,0.350,1,1954.7,271.7,2289.5,-3444.9,27.82,-46.92,298,261,-1,54.3,37.9,54.0,40.8,-0.09,0.07,1.00,0.00,0.00,0.00,-2.42,53.22,100,-1,0,-5,-10.6,0.06,0.350,0.404,2.98,0,26,0,6.7,225.7,263.4,263.2,0.00,1,12.3,9.6
14.30,cruise,351.11,-1.11,0.351,1,1957.6,266.9,2286.8,-3440.2,28.34,-47.66,298,261,-1,55.1,37.5,55.2,39.8,-0.09,0.10,1.00,0.00,0.00,0.00,-2.24,54.50,100,-1,0,-4,-12.2,0.12,0.352,0.417,3.01,0,26,0,6.5,225.0,263.4,263.1,0.00,1,12.6,7.8
14.40,cruise,351.36,-1.36,0.368,1,1960.4,262.1,2283.9,-3435.4,28.83,-48.24,299,262,-1,55.7,36.9,56.5,38.9,-0.08,0.11,1.00,0.00,0.00,0.00,-2.10,55.41,100,-1,0,-4,-12.9,0.16,0.369,0.438,2.78,0,26,0,6.6,224.5,263.3,262.7,0.00,1,11.4,5.5
14.50,cruise,351.58,-1.58,0.392,1,1963.4,257.3,2281.1,-3430.6,29.36,-48.78,299,262,-1,56.3,36.3,57.7,38.1,-0.07,0.10,1.00,0.00,0.00,0.00,-2.07,56.16,100,-1,0,-3,-12.8,0.19,0.393,0.459,2.43,0,26,0,6.9,224.3,262.9,262.1,0.00,1,9.4,2.8
14.60,cruise,351.75,-1.75,0.408,1,1966.3,252.4,2278.1,-3425.8,29.93,-49.32,299,262,-1,56.7,35.8,58.7,37.4,-0.06,0.08,1.00,0.00,0.00,0.00,-2.16,56.89,100,-1,0,-3,-12.0,0.20,0.409,0.467,2.04,0,26,0,7.4,224.3,262.5,261.3,0.00,1,6.9,0.1
14.70,cruise,351.88,-1.88,0.421,1,1969.4,247.4,2275.2,-3420.9,30.50,-49.88,299,262,-1,57.1,35.5,59.4,36.8,-0.05,0.05,1.00,0.00,0.00,0.00,-2.35,57.64,100,-1,0,-2,-10.3,0.21,0.422,0.466,1.63,0,26,0,8.0,224.6,261.8,260.3,0.00,1,3.7,-2.2
14.80,cruise,351.98,-1.98,0.434,1,1972.5,242.3,2272.1,-3415.9,31.20,-50.55,299,260,-1,57.4,35.3,59.8,36.3,-0.04,0.02,1.00,0.00,0.00,0.00,-2.75,58.40,100,-1,0,-1,-7.9,0.19,0.435,0.461,1.23,0,26,0,8.9,225.1,261.2,259.2,0.00,1,0.3,-4.5
14.90,cruise,352.04,-2.04,0.446,1,1975.6,237.2,2269.0,-3410.8,31.90,-51.23,299,260,-1,57.6,35.4,59.9,36.1,-0.03,-0.01,1.00,0.00,0.00,0.00,-3.22,59.32,100,-1,0,0,-5.3,0.17,0.446,0.466,0.88,0,26,0,9.7,225.7,260.5,258.3,0.00,1,-2.1,-6.6
15.00,cruise,352.07,-2.07,0.459,1,1978.9,232.1,2265.9,-3405.7,32.61,-51.96,298,260,-1,57.7,35.6,59.9,36.3,-0.01,-0.03,1.00,0.00,0.00,0.00,-3.63,60.24,100,-1,0,1,-2.3,0.13,0.459,0.480,0.54,0,26,0,10.5,226.5,260.1,257.5,0.00,1,-3.6,-8.2
15.10,cruise,352.07,-2.07,0.472,1,1982.2,226.8,2262.6,-3400.6,33.22,-52.72,298,260,-1,57.7,35.8,59.8,36.9,0.01,-0.04,1.00,0.00,0.00,0.00,-3.92,61.22,100,-1,0,2,0.6,0.08,0.472,0.496,0.23,0,26,0,11.1,227.4,259.8,257.1,0.00,1,-4.5,-9.6
15.20,cruise,352.03,-2.03,0.485,1,1985.6,221.5,2259.3,-3395.3,33.88,-53.58,298,257,-1,57.6,36.0,59.7,37.9,0.03,-0.04,1.00,0.00,0.00,0.00,-4.19,62.17,100,-1,0,2,3.3,0.02,0.485,0.520,-0.05,0,26,0,11.5,228.4,259.7,257.0,0.00,1,-4.0,-10.7
15.30,cruise,351.97,-1.97,0.496,1,1989.0,216.0,2255.9,-3390.0,34.50,-54.49,298,257,-1,57.4,36.3,59.6,39.2,0.05,-0.03,1.00,0.00,0.00,0.00,-4.22,63.25,100,-1,0,1,5.7,-0.04,0.496,0.537,-0.26,0,26,0,11.6,229.4,260.0,257.3,0.00,1,-3.0,-11.2
15.40,cruise,351.88,-1.88,0.506,1,1992.5,210.5,2252.5,-3384.5,35.07,-55.46,299,257,-1,57.3,36.6,59.6,40.8,0.07,-0.02,1.00,0.00,0.00,0.00,-3.93,64.37,100,-1,0,1,7.7,-0.10,0.507,0.553,-0.45,0,26,0,11.4,230.4,260.5,258.0,0.00,1,-2.0,-10.7
15.50,cruise,351.78,-1.78,0.516,1,1996.0,204.9,2249.0,-3379.0,35.60,-56.53,299,257,-1,57.1,36.8,59.7,42.5,0.08,-0.01,1.00,0.00,0.00,0.00,-3.30,65.54,100,-1,0,-0,8.9,-0.16,0.517,0.565,-0.62,0,26,0,10.8,231.3,261.3,258.9,0.00,1,-0.3,-8.9
15.60,cruise,351.67,-1.67,0.526,1,1999.6,199.2,2245.5,-3373.4,36.12,-57.63,300,259,-1,56.9,37.0,59.9,44.2,0.09,-0.00,1.00,0.00,0.00,0.00,-2.23,66.77,100,-1,0,-2,9.1,-0.21,0.527,0.573,-0.75,0,26,0,10.0,231.9,262.2,260.1,0.00,1,1.5,-6.3
15.70,cruise,351.54,-1.54,0.537,1,2003.3,193.3,2241.9,-3367.7,36.65,-58.84,301,259,-1,56.7,37.2,60.1,45.5,0.08,0.00,1.00,0.00,0.00,0.00,-1.01,68.01,100,-1,0,-3,7.9,-0.24,0.539,0.583,-0.91,0,26,0,9.0,232.2,263.0,261.3,0.00,1,2.2,-3.3
15.80,cruise,351.41,-1.41,0.547,1,2007.0,187.3,2238.2,-3361.8,37.22,-60.07,302,259,-1,56.5,37.2,60.2,46.3,0.06,0.00,1.00,0.00,0.00,0.00,0.32,69.32,100,-1,0,-4,5.6,-0.23,0.549,0.584,-1.03,0,26,0,8.1,232.3,263.7,262.2,0.00,1,2.5,-0.2
15.90,cruise,351.28,-1.28,0.559,1,2010.8,181.2,2234.5,-3355.8,37.75,-61.29,303,259,-1,56.4,37.0,60.3,46.6,0.04,0.00,1.00,0.00,0.00,0.00,1.54,70.65,100,-1,0,-4,2.5,-0.20,0.560,0.582,-1.17,0,26,0,7.4,232.1,264.2,262.9,0.00,1,2.6,3.0
16.00,cruise,351.14,-1.14,0.571,1,2014.6,175.0,2230.7,-3349.7,38.32,-62.50,304,262,-1,56.3,36.7,60.3,46.3,0.01,-0.00,1.00,0.00,0.00,0.00,2.87,71.92,100,-1,0,-5,-1.1,-0.14,0.572,0.581,-1.32,0,26,0,7.0,231.6,264.4,263.1,0.00,1,2.6,6.1
16.10,cruise,351.00,-1.00,0.584,1,2018.5,168.7,2226.9,-3343.5,38.94,-63.78,305,262,-1,56.2,36.3,60.3,45.3,-0.01,-0.00,1.00,0.00,0.00,0.00,3.85,73.21,100,-1,0,-4,-5.1,-0.07,0.584,0.592,-1.47,0,26,0,7.0,230.8,264.3,263.0,0.00,1,2.5,8.4
16.20,cruise,350.86,-0.86,0.595,1,2022.4,162.2,2223.0,-3337.2,39.55,-65.04,305,262,-1,56.2,35.6,60.3,43.8,-0.04,0.00,1.00,0.00,0.00,0.00,4.44,74.59,100,-1,0,-4,-9.3,0.03,0.595,0.618,-1.58,0,26,0,7.4,229.9,263.8,262.3,0.00,1,2.2,10.0
16.30,cruise,350.73,-0.73,0.605,1,2026.4,155.6,2219.1,-3330.7,40.34,-66.24,305,262,-1,56.2,34.9,60.4,41.8,-0.06,0.01,1.00,0.00,0.00,0.00,4.57,75.98,100,-1,0,-2,-12.8,0.14,0.606,0.645,-1.66,0,26,0,8.2,228.9,262.9,261.1,0.00,1,2.0,10.8
16.40,cruise,350.59,-0.59,0.614,1,2030.5,148.9,2215.1,-3324.1,41.13,-67.48,304,260,-1,56.2,34.1,60.5,39.5,-0.07,0.01,1.00,0.00,0.00,0.00,3.85,77.46,100,-1,0,-1,-15.0,0.24,0.616,0.668,-1.71,0,26,0,9.3,228.0,261.7,259.4,0.00,1,1.6,9.8
16.50,cruise,350.47,-0.47,0.619,1,2034.7,142.0,2211.0,-3317.4,42.01,-68.67,303,260,-1,56.1,33.4,60.6,37.1,-0.07,0.02,1.00,0.00,0.00,0.00,2.76,78.98,100,-1,0,1,-15.1,0.32,0.622,0.681,-1.68,0,26,0,10.5,227.3,260.3,257.5,0.00,1,1.3,8.0
16.60,cruise,350.34,-0.34,0.622,1,2038.9,135.1,2206.8,-3310.5,42.93,-69.87,302,260,-1,56.1,32.8,60.8,35.0,-0.07,0.02,1.00,0.00,0.00,0.00,1.27,80.49,100,-1,0,3,-13.3,0.36,0.627,0.682,-1.62,0,26,0,11.7,226.9,259.1,255.7,0.00,1,0.6,5.1
16.70,cruise,350.22,-0.22,0.622,1,2043.3,128.0,2202.6,-3303.6,43.90,-71.03,301,260,-1,56.0,32.4,60.8,33.4,-0.05,0.02,1.00,0.00,0.00,0.00,-0.41,82.00,100,-1,0,5,-9.3,0.36,0.627,0.672,-1.52,0,26,0,12.7,226.7,258.1,254.1,0.00,1,-0.4,1.6
16.80,cruise,350.09,-0.09,0.623,1,2047.8,120.8,2198.2,-3296.5,44.87,-72.16,300,256,-1,55.9,32.2,60.8,32.8,-0.02,0.02,1.00,0.00,0.00,0.00,-2.54,83.46,100,-1,0,5,-3.4,0.29,0.626,0.650,-1.41,0,26,0,13.3,226.9,257.5,253.3,0.00,1,-1.4,-2.1
16.90,cruise,349.97,0.03,0.623,1,2052.3,113.5,2193.7,-3289.3,45.88,-73.32,299,256,-1,55.7,32.3,60.7,33.4,0.01,0.00,1.00,0.00,0.00,0.00,-4.36,84.86,100,-1,0,5,4.3,0.17,0.624,0.634,-1.29,0,26,0,13.4,227.3,257.6,253.4,0.00,1,-2.7,-5.5
17.00,cruise,349.85,0.15,0.621,1,2057.0,106.1,2189.2,-3282.0,46.85,-74.50,298,256,-1,55.5,32.6,60.4,35.1,0.05,-0.01,1.00,0.00,0.00,0.00,-5.68,86.30,100,-1,0,4,12.3,-0.01,0.621,0.659,-1.14,0,26,0,12.9,227.9,258.3,254.5,0.00,1,-3.5,-7.5
17.10,cruise,349.72,0.28,0.619,1,2061.8,98.6,2184.5,-3274.6,47.72,-75.71,298,256,-1,55.3,33.2,59.9,37.6,0.09,-0.02,1.00,0.00,0.00,0.00,-6.30,87.78,100,-1,0,2,19.4,-0.20,0.620,0.691,-1.00,0,26,0,11.8,228.5,259.6,256.6,0.00,1,-4.2,-8.8
17.20,cruise,349.61,0.39,0.617,1,2066.6,90.9,2179.7,-3267.1,48.60,-76.87,298,259,-1,54.9,34.1,59.3,40.4,0.12,-0.04,1.00,0.00,0.00,0.00,-5.83,89.31,100,-1,0,-0,24.3,-0.40,0.623,0.721,-0.87,0,26,0,10.1,229.1,261.2,259.1,0.00,1,-4.9,-8.1
17.30,cruise,349.49,0.51,0.619,1,2071.5,83.1,2174.9,-3259.4,49.31,-78.11,299,259,-1,54.5,35.2,58.4,43.1,0.13,-0.06,1.00,0.00,0.00,0.00,-4.92,90.82,100,-1,0,-3,26.3,-0.55,0.630,0.746,-0.80,0,26,0,8.2,229.5,263.0,261.7,0.00,1,-4.9,-5.7
17.40,cruise,349.40,0.60,0.619,1,2076.5,75.2,2170.0,-3251.6,49.83,-79.38,300,259,-1,54.1,36.3,57.4,45.0,0.12,-0.07,1.00,0.00,0.00,0.00,-3.59,92.30,100,-1,0,-5,24.4,-0.60,0.633,0.750,-0.72,0,26,0,6.2,229.5,264.7,263.9,0.00,1,-4.0,-1.1
17.50,cruise,349.34,0.66,0.618,1,2081.5,67.2,2165.0,-3243.7,50.54,-80.71,301,259,-1,53.7,37.1,56.4,46.0,0.08,-0.07,1.00,0.00,0.00,0.00,-2.13,93.70,100,-1,0,-7,18.2,-0.60,0.632,0.728,-0.63,0,26,0,4.5,229.1,266.1,265.8,0.00,1,-1.5,5.1
17.60,cruise,349.30,0.70,0.614,1,2086.6,59.0,2160.0,-3235.7,51.06,-82.02,302,266,-1,53.6,37.5,55.7,46.0,0.04,-0.05,1.00,0.00,0.00,0.00,-0.12,95.22,100,-1,0,-8,8.9,-0.53,0.625,0.680,-0.50,0,26,0,3.1,228.1,267.2,267.0,0.00,1,2.5,10.7
17.70,cruise,349.31,0.69,0.607,1,2091.8,50.7,2154.9,-3227.5,51.77,-83.28,303,266,-1,53.7,37.3,55.6,45.0,-0.02,-0.02,1.00,0.00,0.00,0.00,1.52,96.60,100,-1,0,-9,-2.7,-0.36,0.612,0.633,-0.34,0,26,0,2.4,226.7,267.7,267.6,0.00,1,5.8,15.1
17.80,cruise,349.34,0.66,0.599,1,2097.0,42.3,2149.7,-3219.2,52.29,-84.47,303,266,-1,54.0,36.5,56.0,42.9,-0.07,0.03,1.00,0.00,0.00,0.00,2.32,98.03,100,-1,0,-9,-15.4,-0.12,0.599,0.658,-0.17,0,26,0,2.7,225.0,267.3,267.1,0.00,1,9.0,18.5
17.90,cruise,349.45,0.55,0.585,1,2102.3,33.8,2144.5,-3210.8,53.17,-85.53,303,266,-1,54.4,35.2,56.9,39.6,-0.13,0.08,1.00,0.00,0.00,0.00,2.41,99.32,100,-1,0,-7,-27.4,0.17,0.586,0.705,0.04,0,26,0,4.1,223.1,265.7,265.4,0.00,1,10.8,19.4
18.00,cruise,349.50,0.50,0.560,1,2107.6,25.1,2139.2,-3202.3,53.88,-86.45,302,263,-1,54.9,33.6,58.1,35.1,-0.18,0.12,1.00,0.00,0.00,0.00,0.67,100.71,100,-1,0,-3,-37.0,0.48,0.568,0.737,0.21,0,26,0,6.4,221.5,262.8,262.0,0.00,1,10.9,18.4
18.10,cruise,349.61,0.39,0.534,1,2113.1,16.4,2133.9,-3193.6,54.93,-87.27,301,263,-1,55.3,32.3,59.3,29.4,-0.23,0.14,1.00,0.00,0.00,0.00,-2.10,101.84,100,-1,0,2,-42.3,0.60,0.546,0.746,0.34,0,26,0,9.5,220.3,258.8,256.9,0.00,1,9.0,14.8
18.20,cruise,349.72,0.28,0.510,1,2118.7,7.7,2128.4,-3184.9,55.90,-87.91,299,263,-1,55.6,31.5,60.3,23.0,-0.26,0.14,1.00,0.00,0.00,0.00,-6.39,102.92,100,-1,0,8,-42.1,0.60,0.522,0.722,0.46,0,26,0,13.1,219.8,254.4,250.5,0.00,1,5.3,7.6
18.30,cruise,349.82,0.18,0.493,1,2124.3,-1.2,2122.8,-3176.2,56.87,-88.42,296,263,-1,55.7,31.3,60.7,17.0,-0.25,0.10,1.00,0.00,0.00,0.00,-11.63,103.52,100,-1,0,15,-36.9,0.60,0.504,0.676,0.49,0,26,0,16.8,220.2,250.3,243.6,0.00,1,0.6,-0.9
18.40,cruise,349.90,0.10,0.481,1,2130.1,-10.0,2117.2,-3167.3,57.74,-88.76,292,249,-1,55.8,31.5,60.8,12.4,-0.22,0.04,1.00,0.00,0.00,0.00,-19.33,103.33,100,-1,0,21,-29.5,0.60,0.492,0.619,0.45,0,26,0,20.4,221.5,247.2,237.4,0.00,1,-3.5,-10.8
18.50,cruise,349.95,0.05,0.477,1,2135.9,-18.9,2111.4,-3158.5,58.62,-89.08,288,249,-1,55.8,31.9,60.4,10.2,-0.16,-0.01,1.00,0.00,0.00,0.00,-26.64,102.49,100,-1,0,26,-20.4,0.60,0.487,0.568,0.31,0,26,0,23.8,223.7,245.3,232.6,0.00,1,-7.3,-21.5
18.60,cruise,349.97,0.03,0.474,1,2141.9,-27.9,2105.6,-3149.6,59.50,-89.46,285,249,-1,55.7,32.2,59.8,10.6,-0.08,-0.05,1.00,0.00,0.00,0.00,-32.99,101.41,100,-1,0,29,-10.5,0.60,0.485,0.547,0.16,0,26,0,26.9,226.6,244.4,229.8,0.00,1,-10.0,-31.1
18.70,cruise,349.95,0.05,0.476,1,2147.9,-36.8,2099.6,-3140.6,60.21,-89.91,283,249,-1,55.7,32.5,59.0,13.5,0.01,-0.07,1.00,0.00,0.00,0.00,-37.93,100.52,100,-1,0,30,-0.2,0.60,0.486,0.522,0.02,0,26,0,29.9,230.2,244.3,228.8,0.00,1,-11.2,-38.8
18.80,cruise,349.89,0.11,0.486,1,2153.9,-45.9,2093.6,-3131.7,60.64,-90.47,280,236,-1,55.6,32.7,58.4,18.4,0.10,-0.05,1.00,0.00,0.00,0.00,-43.25,99.19,100,-1,0,29,10.3,0.58,0.497,0.572,-0.08,0,26,0,32.6,234.0,245.0,229.6,0.00,1,-10.5,-44.0
18.90,cruise,349.80,0.20,0.511,1,2160.0,-55.0,2087.6,-3122.6,60.91,-91.04,279,236,-1,55.4,33.0,58.1,25.0,0.19,-0.02,1.00,0.00,0.00,0.00,-46.20,98.63,100,-1,0,27,20.4,0.33,0.514,0.621,-0.14,0,26,0,35.0,237.8,246.2,232.0,0.00,1,-9.3,-46.5
19.00,cruise,349.67,0.33,0.557,1,2166.1,-64.1,2081.5,-3113.5,61.00,-91.79,278,236,-1,55.1,33.7,57.9,32.6,0.26,0.01,1.00,0.00,0.00,0.00,-46.83,99.02,100,-1,0,23,31.5,0.05,0.557,0.704,-0.24,0,26,0,36.8,241.4,247.8,235.6,0.00,1,-7.9,-46.1
19.10,cruise,349.51,0.49,0.601,1,2172.2,-73.4,2075.4,-3104.4,60.91,-92.71,279,236,-1,54.6,35.1,57.8,40.4,0.31,0.01,1.00,0.00,0.00,0.00,-45.24,100.50,100,-1,0,19,42.0,-0.26,0.603,0.792,-0.30,0,26,0,37.8,244.4,249.6,240.0,0.00,1,-7.4,-42.1
19.20,cruise,349.34,0.66,0.610,1,2178.3,-82.7,2069.3,-3095.1,60.64,-93.90,280,231,-1,53.8,37.1,57.3,47.4,0.34,-0.02,1.00,0.00,0.00,0.00,-43.45,102.07,100,-1,0,14,50.1,-0.56,0.622,0.840,-0.36,0,26,0,37.9,246.5,251.3,244.5,0.00,1,-7.8,-34.2
19.30,cruise,349.18,0.82,0.619,1,2184.3,-92.2,2063.2,-3085.8,60.21,-95.29,282,231,-1,52.7,39.6,55.9,52.7,0.32,-0.07,1.00,0.00,0.00,0.00,-40.62,104.14,100,-1,0,10,54.0,-0.60,0.633,0.878,-0.43,0,26,0,36.7,247.5,252.8,248.4,0.00,1,-8.3,-22.7
19.40,cruise,349.04,0.96,0.629,1,2190.3,-101.9,2057.2,-3076.3,59.68,-96.84,283,231,-1,51.4,42.0,53.4,55.8,0.25,-0.14,1.00,0.00,0.00,0.00,-38.08,106.09,100,-1,0,7,52.2,-0.60,0.643,0.888,-0.52,0,26,0,34.1,247.2,254.2,251.5,0.00,1,-8.0,-7.8
19.50,cruise,348.95,1.05,0.640,1,2196.2,-111.7,2051.2,-3066.6,58.97,-98.40,283,231,-1,50.1,44.0,49.8,56.9,0.14,-0.19,1.00,0.00,0.00,0.00,-37.30,107.47,100,-1,0,4,46.3,-0.60,0.654,0.868,-0.65,0,26,0,29.7,245.7,255.5,254.2,0.00,1,-4.3,8.3
19.60,cruise,348.89,1.11,0.651,1,2202.0,-121.6,2045.3,-3056.8,58.27,-99.92,285,245,-1,49.1,45.2,45.6,56.3,0.03,-0.21,1.00,0.00,0.00,0.00,-32.45,110.03,100,-1,0,2,37.7,-0.60,0.666,0.823,-0.79,0,26,0,24.0,242.9,257.2,256.8,0.00,1,2.2,23.4
19.70,cruise,348.87,1.13,0.641,1,2207.8,-131.7,2039.5,-3046.9,57.57,-101.47,285,245,-1,48.7,45.8,41.9,54.4,-0.08,-0.21,1.00,0.00,0.00,0.00,-30.19,111.66,100,-1,0,-1,26.4,-0.60,0.655,0.843,-0.88,0,26,0,17.8,239.3,259.2,259.5,0.00,1,11.2,35.0
19.80,cruise,348.90,1.10,0.586,1,2213.5,-142.0,2033.7,-3036.8,57.13,-102.92,285,245,-1,48.9,45.6,39.9,51.6,-0.18,-0.17,1.00,0.00,0.00,0.00,-29.72,112.81,100,-1,0,-4,12.6,-0.60,0.599,0.802,-0.79,0,26,0,11.9,235.2,261.7,262.3,0.00,1,21.1,41.8
19.90,cruise,348.98,1.02,0.541,1,2219.2,-152.4,2028.0,-3026.5,56.95,-104.22,284,245,-1,49.7,44.6,40.1,48.5,-0.23,-0.07,1.00,0.00,0.00,0.00,-30.15,113.79,100,-1,0,-6,-2.7,-0.38,0.545,0.708,-0.50,0,26,0,7.2,231.1,264.2,264.8,0.00,1,30.9,42.9
20.00,cruise,349.08,0.92,0.508,1,2224.9,-162.9,2022.3,-3016.1,56.95,-105.13,287,265,-1,50.9,43.0,42.5,45.7,-0.22,0.09,1.00,0.00,0.00,0.00,-24.57,116.19,100,-1,0,-8,-17.4,-0.11,0.508,0.667,-0.03,0,26,0,3.9,227.4,266.4,266.8,0.00,1,38.1,36.8
20.10,cruise,349.18,0.82,0.496,1,2230.6,-173.4,2016.6,-3005.6,57.13,-105.70,289,265,-1,52.2,40.8,46.4,43.3,-0.17,0.25,1.00,0.00,0.00,0.00,-19.87,117.91,100,-1,0,-9,-29.5,0.16,0.497,0.704,0.42,0,26,0,2.2,224.5,267.7,268.0,0.00,1,41.6,27.9
20.20,cruise,349.28,0.72,0.508,1,2236.4,-184.0,2010.9,-2995.1,57.57,-106.07,291,265,-1,53.4,38.0,51.1,41.3,-0.11,0.36,1.00,0.00,0.00,0.00,-15.89,119.10,100,-1,0,-10,-38.0,0.40,0.513,0.755,0.73,0,26,0,1.8,222.6,268.0,268.2,0.00,1,41.3,18.7
20.30,cruise,349.36,0.64,0.538,1,2242.2,-194.7,2005.1,-2984.5,58.10,-106.36,292,265,-1,54.3,35.1,55.5,39.3,-0.08,0.39,1.00,0.00,0.00,0.00,-12.79,120.00,100,-1,0,-8,-42.0,0.59,0.549,0.804,0.90,0,26,0,2.6,221.5,267.1,267.1,0.00,1,35.3,10.4
20.40,cruise,349.44,0.56,0.557,1,2248.1,-205.3,1999.3,-2973.8,58.97,-106.66,294,265,-1,55.1,32.5,59.1,36.9,-0.08,0.35,1.00,0.00,0.00,0.00,-10.64,120.72,100,-1,0,-6,-41.3,0.60,0.570,0.807,0.92,0,26,0,4.3,221.2,265.1,264.6,0.00,1,24.6,2.8
20.50,cruise,349.52,0.48,0.560,1,2254.0,-216.0,1993.4,-2963.2,60.03,-107.03,294,265,-1,55.5,30.7,61.2,33.9,-0.09,0.24,1.00,0.00,0.00,0.00,-9.86,121.48,100,-1,0,-2,-36.1,0.60,0.572,0.758,0.81,0,26,0,6.9,221.7,262.3,260.7,0.00,1,10.0,-4.4
20.60,cruise,349.59,0.41,0.568,1,2260.1,-226.7,1987.5,-2952.5,61.17,-107.47,294,265,-1,55.7,30.1,61.7,30.8,-0.09,0.10,1.00,0.00,0.00,0.00,-10.33,122.28,100,-1,0,3,-28.2,0.60,0.581,0.688,0.59,0,26,0,10.2,222.9,259.1,255.8,0.00,1,-5.4,-11.4
20.70,cruise,349.65,0.35,0.568,1,2266.3,-237.5,1981.4,-2941.8,62.14,-107.98,294,265,-1,55.7,30.6,60.8,28.2,-0.08,-0.05,1.00,0.00,0.00,0.00,-11.77,123.10,100,-1,0,8,-19.1,0.60,0.581,0.653,0.30,0,26,0,14.1,224.6,255.7,250.9,0.00,1,-18.7,-17.5
20.80,cruise,349.68,0.32,0.543,1,2272.6,-248.4,1975.2,-2931.0,63.11,-108.60,293,251,-1,55.5,31.7,58.9,27.0,-0.05,-0.18,1.00,0.00,0.00,0.00,-16.01,123.55,100,-1,0,12,-8.2,0.60,0.555,0.681,0.01,0,26,0,18.2,226.5,252.7,246.9,0.00,1,-27.9,-22.5
20.90,cruise,349.70,0.30,0.519,1,2279.0,-259.3,1968.9,-2920.1,63.90,-109.24,291,251,-1,55.2,33.2,56.4,27.6,0.00,-0.27,1.00,0.00,0.00,0.00,-20.02,124.00,100,-1,0,14,3.1,0.45,0.525,0.664,-0.18,0,26,0,22.0,228.5,250.3,244.5,0.00,1,-31.4,-26.0
21.00,cruise,349.69,0.31,0.502,1,2285.4,-270.3,1962.5,-2909.2,64.34,-109.90,290,251,-1,54.9,34.8,53.9,29.9,0.08,-0.29,1.00,0.00,0.00,0.00,-23.21,124.40,100,-1,0,15,14.6,0.23,0.503,0.692,-0.23,0,26,0,25.0,230.5,249.0,243.8,0.00,1,-29.1,-28.7
21.10,cruise,349.66,0.34,0.492,1,2291.8,-281.3,1956.1,-2898.2,64.42,-110.41,289,251,-1,54.4,36.4,51.8,33.4,0.18,-0.26,1.00,0.00,0.00,0.00,-25.10,124.85,100,-1,0,14,24.0,-0.01,0.492,0.707,-0.09,0,26,0,26.8,232.4,248.8,244.7,0.00,1,-22.9,-29.3
21.20,cruise,349.61,0.39,0.498,1,2298.3,-292.4,1949.7,-2887.2,64.34,-110.92,288,242,-1,53.9,38.0,50.3,37.7,0.26,-0.19,1.00,0.00,0.00,0.00,-28.16,124.69,100,-1,0,12,31.7,-0.24,0.500,0.726,0.02,0,26,0,27.0,234.2,249.8,246.8,0.00,1,-13.7,-27.6
21.30,cruise,349.55,0.45,0.515,1,2304.7,-303.5,1943.2,-2876.1,64.07,-111.45,287,242,-1,53.3,39.5,49.4,42.2,0.31,-0.13,1.00,0.00,0.00,0.00,-29.61,124.76,100,-1,0,9,36.7,-0.46,0.522,0.748,0.18,0,26,0,25.6,235.7,251.9,249.8,0.00,1,-4.9,-22.9
21.40,cruise,349.49,0.51,0.539,1,2314.2,-320.3,1933.6,-2859.4,63.46,-112.47,287,242,-1,52.6,40.9,48.7,46.3,0.31,-0.09,1.00,0.00,0.00,0.00,-29.33,125.34,100,-1,0,5,38.6,-0.60,0.551,0.769,0.34,0,26,0,22.5,236.7,254.7,253.6,0.00,1,7.7,-10.2
21.50,cruise,349.45,0.55,0.565,1,2320.5,-331.6,1927.3,-2848.2,63.02,-113.37,287,242,-1,52.0,42.0,48.2,49.5,0.27,-0.07,1.00,0.00,0.00,0.00,-28.19,126.02,100,-1,0,1,34.4,-0.60,0.578,0.770,0.41,0,26,0,17.8,236.8,258.1,257.6,0.00,1,15.1,2.5
21.60,cruise,349.46,0.54,0.579,1,2320.5,-331.6,1921.0,-2836.9,63.02,-113.37,289,257,-1,51.7,42.8,47.8,51.3,0.18,-0.07,1.00,0.00,0.00,0.00,-21.79,127.86,100,-1,0,-3,34.4,-0.60,0.592,0.737,0.47,0,26,0,12.0,236.0,261.8,261.8,0.00,1,15.1,2.5
21.70,cruise,349.50,0.50,0.577,1,2333.1,-354.6,1914.7,-2825.5,62.40,-115.44,292,257,-1,51.7,42.9,47.5,51.5,0.08,-0.06,1.00,0.00,0.00,0.00,-16.03,129.40,100,-1,0,-7,15.3,-0.60,0.590,0.669,0.49,0,26,0,5.9,233.9,265.7,265.8,0.00,1,28.3,29.5
21.80,cruise,349.58,0.42,0.563,1,2339.3,-366.2,1908.4,-2813.9,62.40,-116.46,293,257,-1,52.0,42.5,47.8,50.4,-0.02,-0.03,1.00,0.00,0.00,0.00,-11.49,130.73,100,-1,0,-11,2.6,-0.52,0.572,0.599,0.51,0,26,0,0.6,230.7,269.5,269.5,0.00,1,33.8,39.9
21.90,cruise,349.69,0.31,0.542,1,2345.5,-377.9,1902.2,-2802.3,62.58,-117.31,295,257,-1,52.8,41.2,49.0,48.1,-0.11,0.03,1.00,0.00,0.00,0.00,-8.22,131.86,100,-1,0,-14,-11.5,-0.33,0.546,0.623,0.56,0,26,0,356.9,226.5,273.0,272.7,0.00,1,37.3,45.9
22.00,cruise,349.83,0.17,0.522,1,2345.5,-377.9,1896.0,-2790.6,62.58,-117.31,297,274,-1,53.7,39.3,51.0,44.9,-0.18,0.11,1.00,0.00,0.00,0.00,-2.70,132.93,100,-1,0,-16,-11.5,-0.09,0.522,0.675,0.67,0,26,0,355.1,221.6,275.5,274.9,0.00,1,37.3,45.9
22.10,cruise,349.97,0.03,0.509,1,2358.2,-401.5,1889.7,-2778.8,63.72,-118.21,298,274,-1,54.7,36.7,53.7,40.8,-0.22,0.21,1.00,0.00,0.00,0.00,0.67,133.68,100,-1,0,-17,-35.8,0.16,0.510,0.728,0.76,0,26,0,355.1,216.7,276.6,275.7,0.00,1,36.5,43.4
22.20,cruise,350.11,-0.11,0.503,1,2364.6,-413.3,1883.3,-2767.0,64.60,-118.28,299,274,-1,55.6,33.9,56.6,35.7,-0.24,0.28,1.00,0.00,0.00,0.00,1.79,134.28,100,-1,0,-16,-43.1,0.40,0.508,0.775,0.81,0,26,0,356.7,212.2,275.3,274.5,0.00,1,31.7,37.0
22.30,cruise,350.24,-0.24,0.504,1,2364.6,-413.3,1876.9,-2755.2,64.60,-118.28,299,274,-1,56.2,31.4,59.4,29.3,-0.26,0.31,1.00,0.00,0.00,0.00,0.53,134.77,100,-1,0,-12,-43.1,0.60,0.516,0.805,0.78,0,26,0,359.4,208.5,271.1,270.9,0.00,1,31.7,37.0
22.40,cruise,350.34,-0.34,0.511,1,2371.2,-425.1,1870.3,-2743.4,65.65,-118.11,297,266,-1,56.6,29.8,61.6,21.7,-0.27,0.28,1.00,0.00,0.00,0.00,-4.50,135.06,100,-1,0,-6,-45.8,0.60,0.522,0.804,0.62,0,26,0,2.8,206.0,264.3,265.0,0.00,1,24.3,28.4
22.50,cruise,350.42,-0.42,0.517,1,2384.6,-448.7,1863.7,-2731.6,68.03,-117.41,295,266,-1,56.8,29.4,62.9,13.5,-0.26,0.19,1.00,0.00,0.00,0.00,-11.61,134.92,100,-1,0,1,-38.0,0.60,0.529,0.765,0.38,0,26,0,6.5,204.8,256.2,257.3,0.00,1,3.0,5.2
22.60,cruise,350.48,-0.48,0.521,1,2384.6,-448.7,1856.9,-2719.8,68.03,-117.41,292,266,-1,56.7,30.0,63.0,6.5,-0.24,0.07,1.00,0.00,0.00,0.00,-20.14,134.19,100,-1,0,9,-38.0,0.60,0.532,0.693,0.08,0,26,0,10.1,204.8,249.0,249.6,0.00,1,3.0,5.2
22.70,cruise,350.51,-0.51,0.518,1,2391.5,-460.4,1850.0,-2708.1,69.35,-116.97,288,266,-1,56.6,30.9,62.1,2.1,-0.19,-0.05,1.00,0.00,0.00,0.00,-29.08,132.84,100,-1,0,15,-30.1,0.60,0.529,0.656,-0.26,0,26,0,13.4,205.9,243.9,243.5,0.00,1,-7.2,-7.4
22.80,cruise,350.50,-0.50,0.506,1,2398.5,-472.0,1843.0,-2696.5,70.66,-116.59,284,253,-1,56.5,31.7,60.6,0.8,-0.14,-0.15,1.00,0.00,0.00,0.00,-39.55,130.47,100,-1,0,19,-21.1,0.60,0.518,0.662,-0.54,0,26,0,16.3,208.0,241.2,239.5,0.00,1,-14.7,-19.5
22.90,cruise,350.47,-0.47,0.490,1,2405.7,-483.7,1835.8,-2684.8,71.81,-116.27,281,253,-1,56.4,32.3,58.7,2.5,-0.06,-0.21,1.00,0.00,0.00,0.00,-48.11,127.91,100,-1,0,21,-11.3,0.60,0.501,0.631,-0.71,0,26,0,18.7,211.0,240.6,237.6,0.00,1,-18.6,-30.4
23.00,cruise,350.37,-0.37,0.477,1,2420.3,-506.9,1828.6,-2673.2,73.56,-115.92,279,253,-1,56.2,32.7,57.1,6.5,0.03,-0.21,1.00,0.00,0.00,0.00,-54.34,125.73,100,-1,0,21,8.1,0.45,0.483,0.597,-0.77,0,26,0,20.4,214.6,241.6,237.5,0.00,1,-15.1,-44.8
23.10,cruise,350.29,-0.29,0.474,1,2420.3,-506.9,1821.2,-2661.6,73.56,-115.92,277,253,-1,56.0,33.0,56.0,12.3,0.13,-0.15,1.00,0.00,0.00,0.00,-58.03,124.42,100,-1,0,20,8.1,0.23,0.475,0.606,-0.74,0,26,0,21.4,218.6,243.9,239.0,0.00,1,-15.1,-44.8
23.20,cruise,350.14,-0.14,0.487,1,2427.7,-518.5,1813.8,-2650.0,74.09,-115.93,277,248,-1,55.8,33.3,55.6,19.5,0.23,-0.05,1.00,0.00,0.00,0.00,-60.16,123.73,100,-1,0,17,17.6,-0.02,0.487,0.622,-0.67,0,26,0,21.4,222.8,247.1,241.9,0.00,1,-9.5,-47.7
23.30,cruise,349.97,0.03,0.522,1,2435.1,-530.1,1806.4,-2638.4,74.36,-116.04,277,248,-1,55.5,33.6,55.9,27.5,0.29,0.03,1.00,0.00,0.00,0.00,-59.42,124.35,100,-1,0,13,26.2,-0.27,0.524,0.691,-0.59,0,26,0,20.4,226.9,250.8,246.1,0.00,1,-3.8,-47.3
23.40,cruise,349.79,0.21,0.577,1,2450.0,-553.4,1799.0,-2626.8,74.71,-116.92,279,248,-1,55.1,34.2,56.6,35.4,0.32,0.07,1.00,0.00,0.00,0.00,-56.07,126.32,100,-1,0,8,37.1,-0.51,0.587,0.808,-0.50,0,26,0,18.3,230.5,254.8,250.9,0.00,1,2.8,-36.0
23.50,cruise,349.61,0.39,0.621,1,2457.5,-565.1,1791.5,-2615.1,74.71,-117.71,281,248,-1,54.7,35.1,57.2,42.5,0.31,0.06,1.00,0.00,0.00,0.00,-50.63,129.18,100,-1,0,3,36.6,-0.60,0.635,0.866,-0.50,0,26,0,15.4,233.3,258.4,255.7,0.00,1,2.8,-24.8
23.60,cruise,349.45,0.55,0.629,1,2457.5,-565.1,1784.0,-2603.4,74.71,-117.71,285,257,-1,54.1,36.4,57.4,47.6,0.27,0.03,1.00,0.00,0.00,0.00,-41.81,133.00,100,-1,0,-1,36.6,-0.60,0.644,0.831,-0.55,0,26,0,12.2,235.1,261.4,259.7,0.00,1,2.8,-24.8
23.70,cruise,349.33,0.67,0.637,1,2472.4,-588.9,1776.5,-2591.5,74.53,-120.08,289,257,-1,53.6,37.5,56.9,50.4,0.19,-0.01,1.00,0.00,0.00,0.00,-32.90,136.43,100,-1,0,-4,22.0,-0.60,0.652,0.777,-0.61,0,26,0,9.2,235.5,263.6,262.6,0.00,1,1.2,4.2
23.80,cruise,349.25,0.75,0.646,1,2479.9,-601.0,1769.1,-2579.6,74.62,-121.31,292,257,-1,53.3,38.1,55.9,50.8,0.08,-0.05,1.00,0.00,0.00,0.00,-24.81,139.13,100,-1,0,-6,10.2,-0.56,0.658,0.745,-0.70,0,26,0,7.0,234.6,265.0,264.4,0.00,1,1.3,18.5
23.90,cruise,349.22,0.78,0.654,1,2479.9,-601.0,1761.6,-2567.5,74.62,-121.31,294,257,-1,53.2,38.2,54.6,49.2,-0.03,-0.08,1.00,0.00,0.00,0.00,-18.91,141.16,100,-1,0,-7,10.2,-0.34,0.658,0.728,-0.79,0,26,0,5.8,232.4,265.5,265.2,0.00,1,1.3,18.5
24.00,cruise,349.23,0.77,0.655,1,2487.4,-613.3,1754.1,-2555.2,74.71,-122.54,296,263,-1,53.4,37.6,53.4,45.8,-0.13,-0.08,1.00,0.00,0.00,0.00,-13.88,142.85,100,-1,0,-6,-2.9,-0.07,0.655,0.788,-0.77,0,26,0,5.6,229.2,265.1,264.9,0.00,1,2.6,29.8
24.10,cruise,349.28,0.72,0.602,1,2494.8,-625.6,1746.7,-2542.9,74.97,-123.66,297,263,-1,53.8,36.5,53.0,41.0,-0.22,-0.05,1.00,0.00,0.00,0.00,-11.60,144.15,100,-1,0,-5,-16.5,0.23,0.604,0.764,-0.60,0,26,0,6.6,225.7,263.5,263.4,0.00,1,4.8,36.4
24.20,cruise,349.36,0.64,0.549,1,2502.4,-638.0,1739.1,-2530.5,75.41,-124.56,296,263,-1,54.3,35.2,53.2,35.4,-0.29,0.00,1.00,0.00,0.00,0.00,-11.92,145.12,100,-1,0,-2,-27.9,0.52,0.558,0.719,-0.32,0,26,0,8.4,222.3,260.7,260.7,0.00,1,7.0,37.3
24.30,cruise,349.47,0.53,0.505,1,2510.0,-650.6,1731.5,-2517.9,76.03,-125.20,296,263,-1,54.8,33.8,54.0,29.5,-0.32,0.07,1.00,0.00,0.00,0.00,-14.43,145.76,100,-1,0,2,-34.7,0.60,0.516,0.714,0.04,0,26,0,10.7,219.6,257.1,257.0,0.00,1,9.1,32.9
24.40,cruise,349.57,0.43,0.477,1,2525.3,-675.7,1723.9,-2505.4,77.26,-125.53,293,256,-1,55.2,32.7,55.1,23.9,-0.31,0.12,1.00,0.00,0.00,0.00,-20.17,145.60,100,-1,0,6,-31.9,0.60,0.487,0.693,0.35,0,26,0,13.1,217.9,253.4,252.7,0.00,1,10.4,13.4
24.50,cruise,349.66,0.34,0.464,1,2533.1,-688.2,1716.2,-2492.8,77.78,-125.35,291,256,-1,55.4,31.9,56.3,19.6,-0.25,0.15,1.00,0.00,0.00,0.00,-26.61,144.98,100,-1,0,10,-25.0,0.60,0.475,0.664,0.54,0,26,0,15.2,217.4,250.4,248.6,0.00,1,9.5,1.0
24.60,cruise,349.72,0.28,0.467,1,2533.1,-688.2,1708.4,-2480.3,77.78,-125.35,289,256,-1,55.6,31.4,57.5,17.1,-0.17,0.16,1.00,0.00,0.00,0.00,-32.72,143.85,100,-1,0,13,-25.0,0.60,0.477,0.631,0.60,0,26,0,16.9,218.1,248.8,245.2,0.00,1,9.5,1.0
24.70,cruise,349.76,0.24,0.479,1,2548.8,-713.2,1700.6,-2467.8,79.01,-124.98,287,256,-1,55.7,31.0,58.4,16.7,-0.08,0.14,1.00,0.00,0.00,0.00,-38.14,142.72,100,-1,0,15,-6.1,0.60,0.490,0.594,0.55,0,26,0,18.1,219.7,248.5,243.2,0.00,1,3.2,-21.4
24.80,cruise,349.76,0.24,0.498,1,2548.8,-713.2,1692.7,-2455.3,79.01,-124.98,285,250,-1,55.8,30.8,59.0,18.6,0.02,0.10,1.00,0.00,0.00,0.00,-43.19,141.42,100,-1,0,16,-6.1,0.44,0.504,0.562,0.42,0,26,0,18.9,222.2,249.3,242.7,0.00,1,3.2,-21.4
24.90,cruise,349.73,0.27,0.524,1,2564.8,-738.2,1684.7,-2442.8,80.16,-124.96,284,250,-1,55.7,30.9,59.1,22.8,0.10,0.05,1.00,0.00,0.00,0.00,-46.27,140.75,100,-1,0,15,16.0,0.20,0.525,0.605,0.26,0,26,0,19.3,225.2,250.8,243.8,0.00,1,-6.9,-35.4
25.00,cruise,349.67,0.33,0.556,1,2564.8,-738.2,1676.7,-2430.3,80.16,-124.96,284,250,-1,55.5,31.4,58.8,28.4,0.17,-0.00,1.00,0.00,0.00,0.00,-46.83,140.88,100,-1,0,12,16.0,-0.07,0.556,0.651,0.06,0,26,0,19.5,228.4,252.5,246.2,0.00,1,-6.9,-35.4
25.10,cruise,349.58,0.42,0.590,1,2580.9,-763.3,1668.7,-2417.8,80.86,-125.79,285,250,-1,55.2,32.6,58.0,34.5,0.22,-0.05,1.00,0.00,0.00,0.00,-45.29,141.92,100,-1,0,9,35.1,-0.34,0.594,0.754,-0.10,0,26,0,19.4,231.4,254.3,249.2,0.00,1,-16.6,-35.7
25.20,cruise,349.48,0.52,0.623,1,2589.0,-775.9,1660.6,-2405.2,81.04,-126.54,286,250,-1,54.7,34.5,56.6,40.3,0.24,-0.09,1.00,0.00,0.00,0.00,-42.08,143.50,100,-1,0,7,39.5,-0.57,0.635,0.843,-0.22,0,26,0,19.2,234.0,255.8,252.1,0.00,1,-18.7,-30.4
25.30,cruise,349.38,0.62,0.629,1,2589.0,-775.9,1652.5,-2392.6,81.04,-126.54,288,250,-1,53.9,36.7,54.8,44.9,0.24,-0.13,1.00,0.00,0.00,0.00,-37.88,145.41,100,-1,0,4,39.5,-0.60,0.643,0.874,-0.27,0,26,0,18.9,236.0,257.0,254.5,0.00,1,-18.7,-30.4
25.40,cruise,349.30,0.70,0.628,1,2597.1,-788.6,1644.4,-2379.9,81.04,-127.53,290,250,-1,53.1,38.8,52.7,48.2,0.21,-0.15,1.00,0.00,0.00,0.00,-33.31,147.38,100,-1,0,2,38.9,-0.60,0.642,0.867,-0.20,0,26,0,18.3,237.2,258.0,256.4,0.00,1,-17.7,-22.3
25.50,cruise,349.27,0.73,0.623,1,2605.2,-801.5,1636.3,-2367.0,80.77,-128.65,291,250,-1,52.4,40.5,50.6,50.0,0.16,-0.15,1.00,0.00,0.00,0.00,-28.95,149.12,100,-1,0,1,33.2,-0.60,0.637,0.826,-0.07,0,26,0,17.4,237.6,258.7,257.8,0.00,1,-13.9,-12.1
25.60,cruise,349.28,0.72,0.614,1,2621.2,-827.5,1628.3,-2354.1,79.98,-131.00,293,253,-1,52.1,41.4,48.9,50.5,0.08,-0.13,1.00,0.00,0.00,0.00,-24.35,150.77,100,-1,0,-0,12.1,-0.48,0.623,0.752,0.13,0,26,0,16.1,237.1,259.4,258.9,0.00,1,0.0,9.2
25.70,cruise,349.34,0.66,0.586,1,2621.2,-827.5,1620.3,-2341.0,79.98,-131.00,294,253,-1,52.1,41.6,48.0,49.9,0.01,-0.09,1.00,0.00,0.00,0.00,-20.78,152.07,100,-1,0,-1,12.1,-0.27,0.589,0.649,0.34,0,26,0,14.5,235.9,260.1,259.8,0.00,1,0.0,9.2
25.80,cruise,349.44,0.56,0.556,1,2629.2,-840.7,1612.3,-2327.8,79.54,-132.01,294,253,-1,52.4,41.1,48.0,48.4,-0.05,-0.03,1.00,0.00,0.00,0.00,-18.29,153.03,100,-1,0,-2,-0.2,-0.03,0.556,0.606,0.55,0,26,0,13.0,234.1,260.5,260.4,0.00,1,7.5,16.9
25.90,cruise,349.57,0.43,0.529,1,2637.1,-853.9,1604.4,-2314.6,79.28,-132.89,295,253,-1,53.1,40.0,48.9,46.2,-0.11,0.03,1.00,0.00,0.00,0.00,-16.85,153.82,100,-1,0,-2,-11.8,0.20,0.530,0.606,0.75,0,26,0,11.9,232.1,260.7,260.6,0.00,1,13.5,21.9
26.00,cruise,349.72,0.28,0.508,1,2653.0,-880.7,1596.5,-2301.2,79.10,-134.14,295,258,-1,53.9,38.4,50.6,43.6,-0.15,0.10,1.00,0.00,0.00,0.00,-14.83,154.55,100,-1,0,-2,-27.4,0.40,0.513,0.639,0.93,0,26,0,11.4,230.1,260.4,260.1,0.00,1,19.6,22.7
26.10,cruise,349.88,0.12,0.492,1,2660.9,-894.1,1588.5,-2287.8,79.19,-134.52,295,258,-1,54.6,36.6,52.5,40.7,-0.16,0.16,1.00,0.00,0.00,0.00,-13.93,155.10,100,-1,0,-0,-28.9,0.54,0.501,0.655,1.08,0,26,0,11.6,228.4,259.7,259.1,0.00,1,18.6,18.6
26.20,cruise,350.03,-0.03,0.485,1,2660.9,-894.1,1580.6,-2274.4,79.19,-134.52,295,258,-1,55.3,34.8,54.5,37.8,-0.14,0.18,1.00,0.00,0.00,0.00,-13.96,155.47,100,-1,0,1,-28.9,0.60,0.495,0.653,1.18,0,26,0,12.2,227.1,258.7,257.5,0.00,1,18.6,18.6
26.30,cruise,350.17,-0.17,0.483,1,2668.8,-907.6,1572.7,-2260.9,79.45,-134.80,295,258,-1,55.8,33.4,56.2,35.3,-0.11,0.18,1.00,0.00,0.00,0.00,-14.78,155.78,100,-1,0,3,-26.4,0.59,0.493,0.633,1.20,0,26,0,12.9,226.4,257.7,255.8,0.00,1,15.8,13.2
26.40,cruise,350.29,-0.29,0.486,1,2684.8,-934.6,1564.7,-2247.4,80.24,-135.07,295,255,-1,56.1,32.3,57.4,33.5,-0.07,0.14,1.00,0.00,0.00,0.00,-16.66,155.88,100,-1,0,4,-13.4,0.51,0.494,0.598,1.14,0,26,0,13.7,226.2,256.8,254.1,0.00,1,5.8,1.2
26.50,cruise,350.39,-0.39,0.491,1,2692.8,-948.1,1556.7,-2233.9,80.60,-135.13,294,255,-1,56.3,31.9,58.0,32.5,-0.03,0.08,1.00,0.00,0.00,0.00,-18.59,156.00,100,-1,0,6,-4.4,0.38,0.496,0.550,1.01,0,26,0,14.4,226.4,256.2,252.9,0.00,1,-0.4,-4.2
26.60,cruise,350.47,-0.47,0.499,1,2692.8,-948.1,1548.7,-2220.4,80.60,-135.13,293,255,-1,56.4,32.0,58.0,32.7,0.02,0.01,1.00,0.00,0.00,0.00,-20.18,156.04,100,-1,0,6,-4.4,0.21,0.500,0.516,0.80,0,26,0,15.0,226.9,256.0,252.5,0.00,1,-0.4,-4.2
26.70,cruise,350.51,-0.51,0.506,1,2700.9,-961.6,1540.6,-2206.9,80.95,-135.24,293,255,-1,56.4,32.5,57.5,33.9,0.07,-0.05,1.00,0.00,0.00,0.00,-21.19,156.18,100,-1,0,6,5.0,0.01,0.506,0.566,0.59,0,26,0,15.2,227.7,256.1,252.9,0.00,1,-5.8,-8.4
26.80,cruise,350.53,-0.53,0.511,1,2717.2,-988.7,1532.4,-2193.3,81.56,-135.73,293,254,-1,56.2,33.5,56.5,36.0,0.11,-0.10,1.00,0.00,0.00,0.00,-21.79,156.47,100,-1,0,5,20.5,-0.18,0.512,0.620,0.44,0,26,0,15.0,228.5,256.7,254.0,0.00,1,-11.1,-11.6
26.90,cruise,350.54,-0.54,0.515,1,2717.2,-988.7,1524.3,-2179.8,81.56,-135.73,293,254,-1,55.9,34.8,55.3,38.3,0.14,-0.13,1.00,0.00,0.00,0.00,-21.60,156.87,100,-1,0,3,20.5,-0.35,0.519,0.661,0.32,0,26,0,14.3,229.2,257.6,255.6,0.00,1,-11.1,-11.6
27.00,cruise,350.53,-0.53,0.518,1,2733.5,-1016.0,1516.1,-2166.2,81.74,-136.45,293,254,-1,55.6,36.2,53.9,40.7,0.16,-0.15,1.00,0.00,0.00,0.00,-20.75,157.36,100,-1,0,1,25.9,-0.47,0.525,0.683,0.26,0,26,0,13.1,229.7,258.8,257.6,0.00,1,-8.1,-6.6
27.10,cruise,350.53,-0.53,0.518,1,2741.7,-1029.6,1508.0,-2152.5,81.74,-136.80,294,254,-1,55.3,37.5,52.6,42.7,0.15,-0.15,1.00,0.00,0.00,0.00,-19.39,157.87,100,-1,0,-1,23.7,-0.54,0.527,0.683,0.25,0,26,0,11.5,229.9,260.3,259.6,0.00,1,-3.7,-1.9
27.20,cruise,350.53,-0.53,0.517,1,2749.9,-1043.4,1499.8,-2138.9,81.56,-137.24,295,259,-1,55.0,38.5,51.6,44.1,0.13,-0.12,1.00,0.00,0.00,0.00,-16.35,158.52,100,-1,0,-3,18.4,-0.53,0.526,0.659,0.25,0,26,0,9.5,229.7,261.9,261.6,0.00,1,2.4,3.9
27.30,cruise,350.55,-0.55,0.514,1,2758.0,-1057.1,1491.6,-2125.1,81.39,-137.59,296,259,-1,54.9,38.9,51.1,44.9,0.10,-0.08,1.00,0.00,0.00,0.00,-13.33,159.09,100,-1,0,-5,10.6,-0.47,0.521,0.614,0.30,0,26,0,7.3,229.1,263.6,263.6,0.00,1,8.6,9.5
27.40,cruise,350.58,-0.58,0.513,1,2758.0,-1057.1,1483.5,-2111.4,81.39,-137.59,297,259,-1,55.0,38.8,51.3,44.9,0.05,-0.03,1.00,0.00,0.00,0.00,-10.66,159.51,100,-1,0,-7,10.6,-0.35,0.517,0.559,0.34,0,26,0,5.2,228.0,265.3,265.3,0.00,1,8.6,9.5
27.50,cruise,350.63,-0.63,0.514,1,2766.2,-1070.9,1475.3,-2097.6,81.39,-137.94,297,259,-1,55.2,38.1,52.1,44.3,0.01,0.04,1.00,0.00,0.00,0.00,-8.55,159.94,100,-1,0,-8,1.4,-0.19,0.515,0.539,0.37,0,26,0,3.5,226.5,266.7,266.7,0.00,1,14.4,14.4
27.60,cruise,350.68,-0.68,0.515,1,2774.3,-1084.7,1467.2,-2083.8,81.39,-138.30,299,266,-1,55.7,36.8,53.6,42.9,-0.03,0.10,1.00,0.00,0.00,0.00,-5.24,160.38,100,-1,0,-9,-8.4,-0.01,0.515,0.584,0.40,0,26,0,2.5,224.7,267.5,267.5,0.00,1,18.8,18.4
27.70,cruise,350.75,-0.75,0.517,1,2790.6,-1112.5,1459.1,-2069.9,81.83,-138.91,299,266,-1,56.2,35.0,55.3,40.7,-0.08,0.14,1.00,0.00,0.00,0.00,-3.08,160.78,100,-1,0,-9,-24.7,0.17,0.518,0.632,0.40,0,26,0,2.4,222.6,267.4,267.4,0.00,1,20.1,22.4
27.80,cruise,350.82,-0.82,0.516,1,2790.6,-1112.5,1450.9,-2056.0,81.83,-138.91,300,266,-1,56.6,33.0,57.1,37.6,-0.12,0.17,1.00,0.00,0.00,0.00,-2.51,161.20,100,-1,0,-8,-24.7,0.34,0.520,0.667,0.36,0,26,0,3.2,220.5,266.3,266.2,0.00,1,20.1,22.4
27.90,cruise,350.89,-0.89,0.510,1,2807.1,-1140.3,1442.7,-2042.1,82.88,-139.22,299,266,-1,57.0,31.2,58.6,33.4,-0.16,0.16,1.00,0.00,0.00,0.00,-3.63,161.55,100,-1,0,-5,-31.7,0.50,0.518,0.681,0.29,0,26,0,4.8,218.5,264.0,263.6,0.00,1,11.7,19.3
28.00,cruise,350.96,-0.96,0.499,1,2807.1,-1140.3,1434.4,-2028.2,82.88,-139.22,298,262,-1,57.3,29.9,59.6,28.4,-0.18,0.13,1.00,0.00,0.00,0.00,-7.59,161.84,100,-1,0,-1,-31.7,0.60,0.510,0.665,0.21,0,26,0,7.0,216.9,260.7,259.8,0.00,1,11.7,19.3
28.10,cruise,351.02,-1.02,0.486,1,2823.8,-1168.1,1426.1,-2014.3,84.29,-139.09,296,262,-1,57.5,29.2,60.1,23.4,-0.19,0.07,1.00,0.00,0.00,0.00,-13.09,161.85,100,-1,0,3,-24.8,0.60,0.497,0.624,0.08,0,26,0,9.5,215.9,256.9,255.3,0.00,1,-0.8,8.1
28.20,cruise,351.06,-1.06,0.475,1,2823.8,-1168.1,1417.7,-2000.4,84.29,-139.09,294,262,-1,57.5,29.1,60.0,19.2,-0.17,0.01,1.00,0.00,0.00,0.00,-19.55,161.45,100,-1,0,8,-24.8,0.60,0.486,0.572,-0.07,0,26,0,11.9,215.4,253.5,251.1,0.00,1,-0.8,8.1
28.30,cruise,351.07,-1.07,0.467,1,2840.9,-1195.9,1409.2,-1986.5,85.78,-138.65,292,262,-1,57.5,29.4,59.5,16.6,-0.12,-0.04,1.00,0.00,0.00,0.00,-26.34,160.80,100,-1,0,11,-8.8,0.56,0.476,0.554,-0.23,0,26,0,13.9,215.6,251.0,247.9,0.00,1,-8.2,-7.0
28.40,cruise,351.05,-1.05,0.462,1,2849.5,-1209.7,1400.6,-1972.6,86.40,-138.38,290,254,-1,57.4,29.8,58.8,16.1,-0.06,-0.08,1.00,0.00,0.00,0.00,-34.18,159.41,100,-1,0,12,0.6,0.42,0.467,0.531,-0.37,0,26,0,15.3,216.4,249.7,246.3,0.00,1,-8.9,-13.7
28.50,cruise,351.00,-1.00,0.464,1,2849.5,-1209.7,1392.0,-1958.8,86.40,-138.38,288,254,-1,57.3,30.1,58.1,17.7,0.02,-0.08,1.00,0.00,0.00,0.00,-40.48,158.04,100,-1,0,12,0.6,0.23,0.466,0.513,-0.49,0,26,0,15.9,217.8,249.9,246.4,0.00,1,-8.9,-13.7
28.60,cruise,350.91,-0.91,0.474,1,2858.2,-1223.5,1383.3,-1945.0,86.75,-138.12,286,254,-1,57.2,30.5,57.6,20.9,0.10,-0.07,1.00,0.00,0.00,0.00,-44.56,156.90,100,-1,0,11,9.9,0.01,0.474,0.553,-0.59,0,26,0,15.6,219.4,251.2,248.0,0.00,1,-7.8,-18.4
28.70,cruise,350.80,-0.80,0.492,1,2875.6,-1251.1,1374.6,-1931.2,87.45,-137.90,286,254,-1,57.0,31.0,57.1,25.4,0.16,-0.05,1.00,0.00,0.00,0.00,-46.56,156.44,100,-1,0,8,25.0,-0.21,0.493,0.600,-0.67,0,26,0,14.5,221.1,253.5,250.8,0.00,1,-4.7,-21.0
28.80,cruise,350.66,-0.66,0.519,1,2884.4,-1264.9,1365.9,-1917.4,87.71,-137.90,286,256,-1,56.7,31.7,56.8,30.3,0.20,-0.04,1.00,0.00,0.00,0.00,-45.69,156.77,100,-1,0,4,29.2,-0.42,0.524,0.651,-0.74,0,26,0,12.7,222.8,256.4,254.4,0.00,1,-3.1,-18.0
28.90,cruise,350.51,-0.51,0.550,1,2884.4,-1264.9,1357.1,-1903.6,87.71,-137.90,287,256,-1,56.3,32.6,56.4,35.0,0.21,-0.04,1.00,0.00,0.00,0.00,-43.20,157.62,100,-1,0,0,29.2,-0.58,0.561,0.699,-0.80,0,26,0,10.2,224.2,259.5,258.2,0.00,1,-3.1,-18.0
29.00,cruise,350.36,-0.36,0.579,1,2902.0,-1292.6,1348.3,-1889.8,87.98,-138.47,289,256,-1,56.0,33.5,56.0,38.8,0.19,-0.04,1.00,0.00,0.00,0.00,-39.51,158.87,100,-1,0,-3,26.6,-0.60,0.592,0.727,-0.83,0,26,0,7.6,225.0,262.4,261.8,0.00,1,0.8,-5.0
29.10,cruise,350.24,-0.24,0.598,1,2902.0,-1292.6,1339.5,-1875.9,87.98,-138.47,290,256,-1,55.7,34.3,55.6,41.3,0.15,-0.04,1.00,0.00,0.00,0.00,-35.27,160.22,100,-1,0,-6,26.6,-0.60,0.612,0.726,-0.82,0,26,0,5.0,225.2,265.1,264.8,0.00,1,0.8,-5.0
29.20,cruise,350.15,-0.15,0.604,1,2919.6,-1320.4,1330.7,-1862.0,88.42,-139.57,292,266,-1,55.5,34.6,55.3,42.4,0.09,-0.03,1.00,0.00,0.00,0.00,-28.93,162.00,100,-1,0,-8,8.8,-0.56,0.615,0.690,-0.76,0,26,0,2.8,224.5,267.1,267.1,0.00,1,6.4,12.7
29.30,cruise,350.10,-0.10,0.595,1,2928.5,-1334.4,1321.9,-1848.1,88.77,-140.19,294,266,-1,55.5,34.4,55.2,41.9,0.02,-0.01,1.00,0.00,0.00,0.00,-23.71,163.51,100,-1,0,-10,-3.9,-0.37,0.600,0.620,-0.65,0,26,0,1.5,223.1,268.4,268.4,0.00,1,8.9,20.1
29.40,cruise,350.09,-0.09,0.574,1,2928.5,-1334.4,1313.0,-1834.1,88.77,-140.19,295,266,-1,55.7,33.5,55.5,39.8,-0.06,0.02,1.00,0.00,0.00,0.00,-20.12,164.70,100,-1,0,-10,-3.9,-0.12,0.574,0.617,-0.49,0,26,0,1.3,220.9,268.5,268.5,0.00,1,8.9,20.1
29.50,cruise,350.12,-0.12,0.547,1,2937.4,-1348.5,1304.1,-1820.0,89.21,-140.71,296,266,-1,56.0,32.2,56.1,36.2,-0.14,0.05,1.00,0.00,0.00,0.00,-18.57,165.57,100,-1,0,-9,-16.6,0.16,0.548,0.653,-0.33,0,26,0,2.3,218.4,267.1,267.1,0.00,1,10.7,25.1
29.60,cruise,350.17,-0.17,0.518,1,2955.4,-1376.7,1295.1,-1805.9,90.26,-141.15,296,265,-1,56.3,30.7,56.9,31.1,-0.21,0.08,1.00,0.00,0.00,0.00,-19.80,165.97,100,-1,0,-5,-34.7,0.44,0.525,0.678,-0.21,0,26,0,4.4,215.8,263.9,264.1,0.00,1,8.8,26.4
29.70,cruise,350.23,-0.23,0.494,1,2964.4,-1390.8,1286.1,-1791.8,90.97,-141.06,295,265,-1,56.5,29.5,57.7,24.7,-0.27,0.09,1.00,0.00,0.00,0.00,-23.40,165.90,100,-1,0,-1,-37.1,0.60,0.505,0.686,-0.15,0,26,0,7.2,213.4,259.1,259.4,0.00,1,6.1,21.9
29.80,cruise,350.29,-0.29,0.478,1,2964.4,-1390.8,1277.1,-1777.7,90.97,-141.06,293,265,-1,56.7,28.9,58.2,17.9,-0.30,0.08,1.00,0.00,0.00,0.00,-29.33,165.27,100,-1,0,5,-37.1,0.60,0.488,0.670,-0.15,0,26,0,10.4,211.7,253.5,253.6,0.00,1,6.1,21.9
29.90,cruise,350.32,-0.32,0.468,1,2982.8,-1418.9,1267.9,-1763.6,92.20,-140.36,290,265,-1,56.7,28.8,58.5,11.7,-0.28,0.05,1.00,0.00,0.00,0.00,-36.64,163.83,100,-1,0,11,-28.4,0.60,0.479,0.635,-0.19,0,26,0,13.5,210.9,248.2,247.7,0.00,1,-0.6,4.0
30.00,cruise,350.34,-0.34,0.465,1,2982.8,-1418.9,1258.7,-1749.6,92.20,-140.36,287,253,-1,56.7,29.0,58.5,7.4,-0.23,0.02,1.00,0.00,0.00,0.00,-47.33,161.12,100,-1,0,16,-28.4,0.60,0.476,0.591,-0.26,0,26,0,16.2,211.1,244.3,242.7,0.00,1,-0.6,4.0
30.10,cruise,350.33,-0.33,0.466,1,3001.4,-1446.9,1249.4,-1735.6,93.43,-139.35,284,253,-1,56.7,29.3,58.3,5.4,-0.16,-0.01,1.00,0.00,0.00,0.00,-57.23,157.87,100,-1,0,19,-11.4,0.60,0.477,0.555,-0.36,0,26,0,18.3,212.2,242.3,239.3,0.00,1,-3.9,-17.1
30.20,cruise,350.28,-0.28,0.471,1,3001.4,-1446.9,1240.1,-1721.6,93.43,-139.35,281,253,-1,56.6,29.4,58.0,5.8,-0.07,-0.02,1.00,0.00,0.00,0.00,-65.36,154.52,100,-1,0,21,-11.4,0.60,0.482,0.525,-0.49,0,26,0,19.8,214.2,242.1,237.5,0.00,1,-3.9,-17.1
30.30,cruise,350.20,-0.20,0.479,1,3020.2,-1474.6,1230.7,-1707.7,94.48,-138.56,279,253,-1,56.5,29.5,57.8,8.7,0.02,-0.01,1.00,0.00,0.00,0.00,-71.36,151.81,100,-1,0,21,8.9,0.45,0.485,0.502,-0.58,0,26,0,20.6,216.9,243.4,237.6,0.00,1,-3.4,-33.1
30.40,cruise,350.08,-0.08,0.494,1,3029.7,-1488.5,1221.3,-1693.9,94.92,-138.38,277,248,-1,56.4,29.4,57.7,13.8,0.12,0.00,1.00,0.00,0.00,0.00,-75.67,149.66,100,-1,0,19,19.6,0.20,0.495,0.556,-0.64,0,26,0,20.6,220.1,245.9,239.5,0.00,1,-3.6,-37.4
30.50,cruise,349.93,0.07,0.520,1,3039.2,-1502.3,1211.8,-1680.0,95.19,-138.43,277,248,-1,56.2,29.5,57.7,20.7,0.21,0.01,1.00,0.00,0.00,0.00,-77.00,149.10,100,-1,0,15,29.9,-0.08,0.520,0.634,-0.71,0,26,0,19.8,223.4,249.2,243.2,0.00,1,-4.1,-38.4
30.60,cruise,349.76,0.24,0.558,1,3048.8,-1516.2,1202.3,-1666.2,95.45,-138.65,278,248,-1,55.9,30.1,57.6,28.4,0.26,0.01,1.00,0.00,0.00,0.00,-75.26,150.20,100,-1,0,11,37.6,-0.38,0.563,0.716,-0.73,0,26,0,18.1,226.5,252.8,248.0,0.00,1,-5.0,-35.2
30.70,cruise,349.57,0.43,0.607,1,3048.8,-1516.2,1192.7,-1652.3,95.45,-138.65,280,248,-1,55.5,31.2,57.3,35.7,0.28,-0.01,1.00,0.00,0.00,0.00,-71.06,152.59,100,-1,0,6,37.6,-0.60,0.620,0.796,-0.77,0,26,0,15.8,229.3,256.3,253.0,0.00,1,-5.0,-35.2
30.80,cruise,349.39,0.61,0.639,1,3058.3,-1530.1,1183.2,-1638.4,95.45,-139.09,283,256,-1,54.9,32.8,56.7,41.8,0.27,-0.04,1.00,0.00,0.00,0.00,-62.96,156.50,100,-1,0,1,41.6,-0.60,0.654,0.850,-0.80,0,26,0,13.1,231.3,259.4,257.4,0.00,1,-6.1,-28.3
30.90,cruise,349.24,0.76,0.646,1,3077.4,-1558.1,1173.6,-1624.5,95.45,-140.67,286,256,-1,54.4,34.5,55.5,45.8,0.23,-0.07,1.00,0.00,0.00,0.00,-54.33,160.31,100,-1,0,-2,34.5,-0.60,0.660,0.855,-0.81,0,26,0,10.3,232.3,262.0,260.9,0.00,1,-5.8,-5.2
31.00,cruise,349.14,0.86,0.649,1,3086.9,-1572.2,1164.1,-1610.4,95.27,-141.72,288,256,-1,53.8,35.9,53.9,47.8,0.15,-0.11,1.00,0.00,0.00,0.00,-46.24,163.58,100,-1,0,-5,24.7,-0.60,0.664,0.829,-0.77,0,26,0,7.8,232.2,263.9,263.5,0.00,1,-3.0,8.6
31.10,cruise,349.08,0.92,0.648,1,3086.9,-1572.2,1154.6,-1596.3,95.27,-141.72,291,256,-1,53.6,36.6,52.2,47.7,0.06,-0.12,1.00,0.00,0.00,0.00,-39.44,166.16,100,-1,0,-7,24.7,-0.60,0.662,0.776,-0.68,0,26,0,5.7,230.9,265.3,265.2,0.00,1,-3.0,8.6
31.20,cruise,349.09,0.91,0.618,1,3106.0,-1600.8,1145.1,-1582.0,95.10,-143.66,293,265,-1,53.6,36.5,50.9,46.1,-0.04,-0.11,1.00,0.00,0.00,0.00,-32.09,168.45,100,-1,0,-8,-1.6,-0.40,0.625,0.714,-0.52,0,26,0,4.3,228.5,266.2,266.3,0.00,1,6.5,29.3
31.30,cruise,349.14,0.86,0.571,1,3106.0,-1600.8,1135.5,-1567.7,95.10,-143.66,294,265,-1,53.9,35.6,50.4,43.2,-0.13,-0.07,1.00,0.00,0.00,0.00,-27.25,170.11,100,-1,0,-8,-1.6,-0.12,0.572,0.683,-0.25,0,26,0,3.8,225.5,266.3,266.5,0.00,1,6.5,29.3
31.40,cruise,349.24,0.76,0.526,1,3115.5,-1615.2,1126.0,-1553.3,95.27,-144.40,295,265,-1,54.4,34.1,50.9,39.2,-0.21,0.01,1.00,0.00,0.00,0.00,-24.92,171.20,100,-1,0,-7,-16.0,0.18,0.527,0.642,0.10,0,26,0,4.2,222.2,265.4,265.7,0.00,1,11.9,33.9
31.50,cruise,349.37,0.63,0.490,1,3125.0,-1629.7,1116.5,-1538.8,95.45,-144.89,295,265,-1,55.1,32.0,52.4,34.5,-0.26,0.11,1.00,0.00,0.00,0.00,-24.74,171.73,100,-1,0,-5,-28.5,0.47,0.496,0.681,0.45,0,26,0,5.6,219.1,263.2,263.7,0.00,1,16.7,33.9
31.60,cruise,349.50,0.50,0.467,1,3134.6,-1644.2,1106.9,-1524.3,95.80,-145.02,294,261,-1,55.6,30.0,54.4,29.2,-0.29,0.21,1.00,0.00,0.00,0.00,-27.62,171.60,100,-1,0,-2,-36.9,0.60,0.477,0.706,0.71,0,26,0,7.6,216.7,259.8,260.3,0.00,1,19.3,29.2
31.70,cruise,349.63,0.37,0.457,1,3144.2,-1658.7,1097.3,-1509.8,96.15,-144.89,293,261,-1,56.0,28.3,56.4,23.7,-0.28,0.25,1.00,0.00,0.00,0.00,-32.07,170.91,100,-1,0,3,-39.9,0.60,0.467,0.707,0.85,0,26,0,10.1,215.2,255.9,255.9,0.00,1,19.1,21.9
31.80,cruise,349.77,0.23,0.458,1,3163.5,-1687.6,1087.7,-1495.3,97.03,-144.18,291,261,-1,56.3,27.2,58.1,18.6,-0.24,0.23,1.00,0.00,0.00,0.00,-37.80,169.76,100,-1,0,8,-32.2,0.60,0.468,0.686,0.86,0,26,0,12.6,214.8,252.2,250.8,0.00,1,10.7,1.8
31.90,cruise,349.83,0.17,0.467,1,3173.3,-1702.0,1078.0,-1480.9,97.65,-143.79,289,261,-1,56.5,26.7,59.3,14.5,-0.19,0.18,1.00,0.00,0.00,0.00,-44.21,168.08,100,-1,0,13,-24.6,0.60,0.478,0.651,0.73,0,26,0,15.0,215.4,249.3,245.9,0.00,1,4.4,-9.5
32.00,cruise,349.90,0.10,0.479,1,3173.3,-1702.0,1068.2,-1466.5,97.65,-143.79,286,252,-1,56.5,26.7,59.8,12.2,-0.12,0.11,1.00,0.00,0.00,0.00,-52.94,165.55,100,-1,0,17,-24.6,0.60,0.490,0.599,0.51,0,26,0,17.4,217.0,247.5,241.7,0.00,1,4.4,-9.5
32.10,cruise,349.91,0.09,0.489,1,3192.9,-1730.7,1058.4,-1452.2,98.70,-143.13,284,252,-1,56.5,26.8,59.7,12.2,-0.05,0.02,1.00,0.00,0.00,0.00,-60.33,162.97,100,-1,0,20,-5.6,0.60,0.500,0.536,0.26,0,26,0,19.5,219.4,246.7,239.1,0.00,1,-8.6,-29.0
32.20,cruise,349.90,0.10,0.497,1,3192.9,-1730.7,1048.6,-1437.8,98.70,-143.13,282,252,-1,56.5,27.1,59.0,14.4,0.03,-0.05,1.00,0.00,0.00,0.00,-65.89,160.89,100,-1,0,21,-5.6,0.52,0.505,0.543,0.01,0,26,0,21.4,222.3,246.7,238.1,0.00,1,-8.6,-29.0
32.30,cruise,349.85,0.15,0.504,1,3212.8,-1759.2,1038.7,-1423.6,99.49,-142.95,281,252,-1,56.3,27.7,58.0,18.6,0.11,-0.10,1.00,0.00,0.00,0.00,-69.17,159.63,100,-1,0,20,16.0,0.30,0.507,0.614,-0.18,0,26,0,23.1,225.6,247.3,238.7,0.00,1,-16.8,-40.2
32.40,cruise,349.78,0.22,0.516,1,3212.8,-1759.2,1028.7,-1409.3,99.49,-142.95,280,245,-1,56.1,28.6,56.8,24.3,0.20,-0.12,1.00,0.00,0.00,0.00,-72.08,158.55,100,-1,0,18,16.0,0.04,0.516,0.681,-0.30,0,26,0,24.4,228.9,248.4,240.6,0.00,1,-16.8,-40.2
32.50,cruise,349.67,0.33,0.535,1,3232.7,-1787.9,1018.8,-1394.9,99.49,-143.39,280,245,-1,55.8,29.9,55.6,30.6,0.26,-0.13,1.00,0.00,0.00,0.00,-72.41,158.67,100,-1,0,15,34.0,-0.22,0.536,0.743,-0.35,0,26,0,25.2,231.9,249.8,243.4,0.00,1,-15.9,-37.5
32.60,cruise,349.55,0.45,0.561,1,3232.7,-1787.9,1008.8,-1380.6,99.49,-143.39,281,245,-1,55.4,31.5,54.4,36.7,0.30,-0.12,1.00,0.00,0.00,0.00,-70.38,159.71,100,-1,0,12,34.0,-0.44,0.568,0.801,-0.36,0,26,0,25.2,234.5,251.5,246.7,0.00,1,-15.9,-37.5
32.70,cruise,349.44,0.56,0.587,1,3242.6,-1802.3,998.9,-1366.2,99.23,-143.88,282,245,-1,54.9,33.3,53.2,41.9,0.30,-0.12,1.00,0.00,0.00,0.00,-66.81,161.51,100,-1,0,9,39.0,-0.60,0.601,0.843,-0.30,0,26,0,24.2,236.3,253.3,250.0,0.00,1,-13.0,-30.7
32.80,cruise,349.35,0.65,0.606,1,3257.4,-1823.9,989.0,-1351.8,98.53,-144.84,284,247,-1,54.4,34.9,51.8,45.8,0.26,-0.12,1.00,0.00,0.00,0.00,-61.55,163.86,100,-1,0,5,38.6,-0.60,0.619,0.851,-0.23,0,26,0,22.2,237.1,255.2,253.2,0.00,1,-6.7,-13.8
32.85,cruise,349.31,0.69,0.609,1,3257.4,-1823.9,984.1,-1344.6,98.53,-144.84,285,247,-1,54.2,35.6,51.0,47.1,0.21,-0.13,1.00,0.00,0.00,0.00,-56.87,165.69,100,-1,0,4,38.6,-0.60,0.623,0.828,-0.17,0,26,0,20.9,237.1,256.2,254.6,0.00,1,-6.7,-13.8
32.95,cruise,349.28,0.72,0.604,1,3267.2,-1838.5,974.3,-1330.0,97.91,-145.68,287,247,-1,53.9,36.4,49.7,48.6,0.16,-0.12,1.00,0.00,0.00,0.00,-52.23,167.57,100,-1,0,1,32.8,-0.60,0.618,0.789,-0.04,0,26,0,17.5,236.4,258.2,257.4,0.00,1,-0.3,-0.9
33.05,cruise,349.31,0.69,0.585,1,3277.0,-1853.1,964.5,-1315.4,97.29,-146.56,288,247,-1,53.9,36.5,48.7,48.7,0.08,-0.10,1.00,0.00,0.00,0.00,-48.51,169.09,100,-1,0,-1,23.6,-0.50,0.594,0.702,0.13,0,26,0,13.6,234.7,260.3,260.0,0.00,1,7.1,11.9
33.15,cruise,349.37,0.63,0.559,1,3296.3,-1882.6,954.8,-1300.7,96.24,-148.18,290,259,-1,54.2,35.6,48.5,47.5,-0.00,-0.06,1.00,0.00,0.00,0.00,-41.23,171.51,100,-1,0,-4,-0.7,-0.31,0.562,0.600,0.31,0,26,0,10.0,232.2,262.2,262.3,0.00,1,21.4,31.6
33.25,cruise,349.48,0.52,0.533,1,3296.3,-1882.6,945.2,-1285.9,96.24,-148.18,291,259,-1,54.8,33.8,49.2,45.3,-0.07,0.00,1.00,0.00,0.00,0.00,-35.69,173.05,100,-1,0,-5,-0.7,-0.10,0.533,0.574,0.49,0,26,0,7.0,229.0,263.9,264.0,0.00,1,21.4,31.6
33.35,cruise,349.60,0.40,0.512,1,3305.9,-1897.5,935.6,-1271.0,95.98,-148.75,292,259,-1,55.5,31.2,50.9,42.2,-0.13,0.09,1.00,0.00,0.00,0.00,-32.02,174.11,100,-1,0,-6,-12.9,0.13,0.513,0.623,0.65,0,26,0,5.2,225.6,264.9,265.1,0.00,1,26.7,36.3
33.45,cruise,349.73,0.27,0.500,1,3315.5,-1912.4,926.0,-1256.1,95.98,-149.02,293,259,-1,56.1,28.1,53.1,38.5,-0.16,0.17,1.00,0.00,0.00,0.00,-30.25,174.65,100,-1,0,-6,-23.4,0.34,0.504,0.671,0.74,0,26,0,4.6,222.1,264.9,265.0,0.00,1,29.5,37.5
33.55,cruise,349.86,0.14,0.493,1,3334.8,-1942.2,916.4,-1241.2,96.42,-149.15,293,264,-1,56.7,25.0,55.6,34.0,-0.18,0.23,1.00,0.00,0.00,0.00,-28.96,175.03,100,-1,0,-5,-34.7,0.52,0.502,0.705,0.81,0,26,0,5.2,218.9,263.6,263.7,0.00,1,26.0,31.2
33.65,cruise,349.99,0.01,0.491,1,3344.4,-1957.1,906.7,-1226.3,96.94,-148.97,293,264,-1,57.1,22.2,57.9,28.9,-0.19,0.25,1.00,0.00,0.00,0.00,-29.99,175.05,100,-1,0,-2,-34.5,0.60,0.502,0.717,0.83,0,26,0,6.5,216.3,261.1,260.9,0.00,1,20.3,24.4
33.75,cruise,350.09,-0.09,0.493,1,3344.4,-1957.1,897.1,-1211.4,96.94,-148.97,292,264,-1,57.4,20.4,59.7,23.3,-0.18,0.23,1.00,0.00,0.00,0.00,-33.19,174.61,100,-1,0,2,-34.5,0.60,0.504,0.704,0.75,0,26,0,8.4,214.4,257.8,257.0,0.00,1,20.3,24.4
33.85,cruise,350.18,-0.18,0.497,1,3354.2,-1972.0,887.3,-1196.5,97.47,-148.67,291,264,-1,57.6,19.4,60.8,18.1,-0.16,0.16,1.00,0.00,0.00,0.00,-38.07,173.65,100,-1,0,6,-30.5,0.60,0.509,0.666,0.59,0,26,0,10.4,213.3,254.3,252.5,0.00,1,12.9,16.5
33.95,cruise,350.24,-0.24,0.501,1,3373.9,-2001.6,877.5,-1181.7,99.05,-147.96,289,257,-1,57.6,19.2,61.1,14.1,-0.12,0.07,1.00,0.00,0.00,0.00,-45.84,171.96,100,-1,0,10,-14.5,0.60,0.512,0.606,0.36,0,26,0,12.4,212.9,251.3,248.6,0.00,1,-3.4,-0.4
34.05,cruise,350.27,-0.27,0.502,1,3383.8,-2016.4,867.6,-1166.9,99.76,-147.61,286,257,-1,57.6,19.7,60.7,12.1,-0.07,-0.02,1.00,0.00,0.00,0.00,-53.24,169.91,100,-1,0,13,-4.1,0.54,0.511,0.552,0.08,0,26,0,13.9,213.2,249.3,246.0,0.00,1,-9.6,-7.6
34.15,cruise,350.28,-0.28,0.499,1,3383.8,-2016.4,857.7,-1152.1,99.76,-147.61,285,257,-1,57.6,20.6,59.7,12.4,0.00,-0.10,1.00,0.00,0.00,0.00,-59.61,167.89,100,-1,0,13,-4.1,0.35,0.502,0.550,-0.15,0,26,0,14.9,214.0,248.5,245.3,0.00,1,-9.6,-7.6
34.25,cruise,350.25,-0.25,0.492,1,3404.0,-2045.9,847.6,-1137.4,100.99,-147.08,283,257,-1,57.5,21.6,58.3,14.9,0.08,-0.15,1.00,0.00,0.00,0.00,-64.30,166.30,100,-1,0,12,17.8,0.10,0.492,0.606,-0.28,0,26,0,15.1,215.1,249.1,246.4,0.00,1,-15.1,-17.7
34.35,cruise,350.20,-0.20,0.489,1,3414.1,-2060.6,837.5,-1122.6,101.43,-146.87,282,255,-1,57.3,22.8,56.9,19.0,0.16,-0.17,1.00,0.00,0.00,0.00,-67.38,165.20,100,-1,0,9,26.3,-0.17,0.490,0.651,-0.35,0,26,0,14.4,216.4,250.9,249.2,0.00,1,-13.2,-18.3
34.45,cruise,350.12,-0.12,0.494,1,3424.2,-2075.2,827.4,-1107.9,101.60,-146.78,282,255,-1,57.1,24.1,55.7,23.8,0.21,-0.16,1.00,0.00,0.00,0.00,-68.41,164.85,100,-1,0,6,31.8,-0.41,0.499,0.685,-0.40,0,26,0,12.8,217.7,253.7,252.8,0.00,1,-9.5,-15.8
34.55,cruise,350.03,-0.03,0.504,1,3434.4,-2089.9,817.3,-1093.3,101.78,-146.60,282,255,-1,56.8,25.4,54.7,28.6,0.25,-0.14,1.00,0.00,0.00,0.00,-67.44,165.28,100,-1,0,2,33.8,-0.60,0.516,0.709,-0.40,0,26,0,10.4,218.7,257.2,257.0,0.00,1,-4.2,-11.1
34.65,cruise,349.95,0.05,0.518,1,3434.4,-2089.9,807.1,-1078.6,101.78,-146.60,283,255,-1,56.6,26.7,54.0,32.8,0.25,-0.10,1.00,0.00,0.00,0.00,-65.14,166.15,100,-1,0,-3,33.8,-0.60,0.530,0.710,-0.34,0,26,0,7.3,219.4,261.1,261.3,0.00,1,-4.2,-11.1
34.75,cruise,349.87,0.13,0.533,1,3444.6,-2104.6,796.9,-1063.9,101.78,-146.78,285,265,-1,56.4,27.5,53.7,36.1,0.22,-0.06,1.00,0.00,0.00,0.00,-58.85,168.64,100,-1,0,-7,31.7,-0.60,0.545,0.693,-0.25,0,26,0,4.0,219.5,265.1,265.4,0.00,1,2.1,-4.1
34.85,cruise,349.82,0.18,0.543,1,3464.9,-2133.9,786.7,-1049.3,101.78,-147.04,288,265,-1,56.3,27.9,53.7,37.9,0.16,-0.03,1.00,0.00,0.00,0.00,-52.68,170.67,100,-1,0,-10,16.1,-0.60,0.555,0.655,-0.16,0,26,0,0.9,218.6,268.9,269.0,0.00,1,13.5,15.8
34.95,cruise,349.81,0.19,0.546,1,3475.1,-2148.7,776.6,-1034.6,101.95,-147.22,289,265,-1,56.3,27.5,54.2,38.2,0.08,0.01,1.00,0.00,0.00,0.00,-47.07,172.52,100,-1,0,-13,5.0,-0.59,0.558,0.610,-0.06,0,26,0,358.4,216.8,272.1,271.9,0.00,1,18.2,25.5
35.05,cruise,349.82,0.18,0.544,1,3485.4,-2163.4,766.4,-1019.8,102.30,-147.30,291,265,-1,56.5,26.6,55.0,36.9,0.00,0.06,1.00,0.00,0.00,0.00,-42.84,173.87,100,-1,0,-15,-8.1,-0.40,0.549,0.583,0.02,0,26,0,357.0,214.0,274.5,273.8,0.00,1,21.0,33.1
35.15,cruise,349.87,0.13,0.535,1,3495.6,-2178.1,756.1,-1005.1,102.74,-147.30,292,272,-1,56.7,25.1,56.3,33.8,-0.08,0.11,1.00,0.00,0.00,0.00,-38.85,175.09,100,-1,0,-16,-21.3,-0.15,0.536,0.640,0.09,0,26,0,356.9,210.4,275.3,274.3,0.00,1,21.5,37.9
35.25,cruise,349.94,0.06,0.524,1,3505.9,-2192.8,745.9,-990.4,103.27,-147.13,293,272,-1,56.9,23.5,57.7,28.6,-0.17,0.16,1.00,0.00,0.00,0.00,-37.61,175.62,100,-1,0,-14,-32.7,0.15,0.525,0.696,0.13,0,26,0,358.3,206.5,273.5,272.7,0.00,1,19.3,39.4
35.35,cruise,350.01,-0.01,0.513,1,3505.9,-2192.8,735.6,-975.7,103.27,-147.13,292,272,-1,57.1,22.3,59.2,21.1,-0.25,0.18,1.00,0.00,0.00,0.00,-39.74,175.31,100,-1,0,-10,-32.7,0.46,0.520,0.742,0.10,0,26,0,1.0,202.5,267.7,268.4,0.00,1,19.3,39.4
35.45,cruise,350.09,-0.09,0.507,1,3516.3,-2207.5,725.2,-961.0,104.06,-146.69,291,272,-1,57.2,22.2,60.4,11.4,-0.32,0.17,1.00,0.00,0.00,0.00,-45.84,173.91,100,-1,0,-3,-41.0,0.60,0.519,0.767,0.02,0,26,0,4.6,199.0,256.8,261.3,0.00,1,14.8,37.8
35.55,cruise,350.15,-0.15,0.513,1,3526.8,-2222.1,714.7,-946.4,104.85,-145.99,287,260,-1,57.2,23.3,61.0,0.6,-0.35,0.11,1.00,0.00,0.00,0.00,-57.90,170.16,100,-1,0,6,-44.9,0.60,0.524,0.764,-0.12,0,26,0,8.8,196.1,241.9,252.4,0.00,1,8.4,32.3
35.65,cruise,350.20,-0.20,0.526,1,3548.0,-2251.1,704.2,-931.8,106.79,-144.23,283,260,-1,57.1,24.9,61.0,-9.0,-0.34,0.04,1.00,0.00,0.00,0.00,-71.82,164.76,100,-1,0,15,-37.7,0.60,0.538,0.740,-0.28,0,26,0,12.9,194.3,228.1,243.7,0.00,1,-4.2,11.4
35.75,cruise,350.22,-0.22,0.539,1,3558.8,-2265.5,693.5,-917.4,107.84,-143.17,278,260,-1,56.9,26.7,60.3,-15.6,-0.30,-0.04,1.00,0.00,0.00,0.00,-86.00,157.51,100,-1,0,22,-29.6,0.60,0.551,0.732,-0.48,0,26,0,16.5,193.6,219.1,237.0,0.00,1,-8.2,-2.3
35.85,cruise,350.22,-0.22,0.538,1,3558.8,-2265.5,682.7,-903.0,107.84,-143.17,273,260,-1,56.7,28.2,59.2,-18.9,-0.24,-0.10,1.00,0.00,0.00,0.00,-99.02,149.41,100,-1,0,26,-29.6,0.60,0.551,0.732,-0.63,0,26,0,19.5,194.1,215.4,232.5,0.00,1,-8.2,-2.3
35.95,brake,350.19,-0.19,0.525,1,3580.6,-2293.8,0.0,0.0,109.78,-141.06,269,247,-1,50.7,22.2,57.8,-18.9,-0.20,-0.10,1.00,0.00,0.00,0.00,-112.03,139.59,100,-1,0,29,-8.6,0.60,0.536,0.656,-0.71,0,26,0,21.6,195.9,215.8,230.1,0.00,1,-7.9,-29.1
36.05,brake,350.14,-0.14,0.504,1,3591.6,-2307.9,0.0,0.0,110.65,-140.19,265,247,-1,44.7,16.2,56.6,-16.2,-0.06,-0.00,1.00,0.00,0.00,0.00,-121.93,130.70,100,-1,0,29,3.5,0.60,0.515,0.538,-0.70,0,26,0,22.7,198.9,219.3,229.5,0.00,1,-4.9,-39.5
36.15,brake,350.06,-0.06,0.482,1,3591.6,-2307.9,0.0,0.0,110.65,-140.19,262,247,-1,38.7,10.2,55.7,-11.0,0.12,0.14,1.00,0.00,0.00,0.00,-128.54,123.99,100,-1,0,28,3.5,0.49,0.490,0.591,-0.62,0,26,0,22.7,202.8,225.1,230.8,0.00,1,-4.9,-39.5
36.25,brake,349.95,0.05,0.550,1,3613.9,-2335.7,0.0,0.0,111.88,-138.78,261,247,-1,32.7,4.2,55.3,-3.3,0.32,0.29,1.00,0.00,0.00,0.00,-131.84,120.10,100,-1,0,24,28.4,0.17,0.551,0.794,-0.50,0,26,0,21.7,207.4,232.4,234.2,0.00,1,-2.9,-52.1
36.35,brake,349.82,0.18,0.550,1,3613.9,-2335.7,0.0,0.0,111.88,-138.78,261,249,-1,26.7,-1.8,54.9,6.4,0.54,0.39,1.00,0.00,0.00,0.00,-131.70,120.14,100,-1,0,19,28.4,-0.19,0.551,0.922,-0.43,0,26,0,19.8,212.0,240.1,239.6,0.00,1,-2.9,-52.1
36.45,brake,349.67,0.33,0.550,1,3636.4,-2363.4,0.0,0.0,112.76,-138.60,263,249,-1,20.7,-7.8,54.1,16.8,0.74,0.38,1.00,0.00,0.00,0.00,-128.98,123.15,100,-1,1,12,47.7,-0.54,0.560,1.000,-0.43,0,26,0,17.3,216.1,246.9,246.2,0.00,1,-18.6,-44.4
36.55,brake,349.54,0.46,0.550,1,3647.7,-2377.3,0.0,0.0,112.94,-139.04,265,249,-1,14.7,-13.8,52.0,25.5,0.88,0.24,1.00,0.00,0.00,0.00,-124.70,127.97,100,-1,1,6,50.8,-0.60,0.562,1.000,-0.44,0,26,0,14.8,219.2,252.0,252.1,0.00,1,-32.2,-29.2
36.65,brake,349.45,0.55,0.550,1,3647.7,-2377.3,0.0,0.0,112.94,-139.04,267,249,-1,8.7,-19.8,47.9,30.8,0.88,0.00,1.00,0.00,0.00,0.00,-120.18,132.83,100,-1,0,2,50.8,-0.60,0.562,0.915,-0.56,0,26,0,13.1,220.5,254.8,256.1,0.00,1,-32.2,-29.2
36.75,brake,349.43,0.57,0.550,1,3659.0,-2391.3,0.0,0.0,112.85,-139.66,269,257,-1,2.7,-24.8,41.6,32.2,0.74,-0.27,1.00,0.00,0.00,0.00,-114.59,138.23,100,-1,0,0,49.7,-0.60,0.562,0.964,-0.72,0,26,0,11.9,219.3,255.5,258.3,0.00,1,-45.1,-6.2
36.85,brake,349.47,0.53,0.550,1,3681.5,-2419.4,0.0,0.0,112.06,-141.06,270,257,-1,-3.3,-27.7,33.6,30.3,0.49,-0.47,1.00,0.00,0.00,0.00,-111.89,140.92,100,-1,0,-1,47.7,-0.60,0.562,0.945,-0.83,0,26,0,10.7,215.3,255.1,259.9,0.00,1,-53.0,48.6
36.95,brake,349.60,0.40,0.550,1,3692.6,-2433.5,0.0,0.0,111.36,-141.59,270,257,-1,-9.3,-31.2,25.3,25.6,0.13,-0.57,0.80,0.00,0.00,0.00,-112.03,141.09,100,-1,0,-3,47.7,-0.71,0.567,0.846,-0.74,0,26,0,8.5,208.8,254.8,261.9,0.00,1,-45.1,73.5
37.05,brake,349.81,0.19,0.550,1,3692.6,-2433.5,0.0,0.0,111.36,-141.59,269,257,-1,-15.3,-34.9,18.3,18.7,-0.27,-0.49,0.51,0.00,0.00,0.00,-113.98,139.49,100,-1,0,-6,47.7,-0.83,0.574,0.878,-0.35,0,26,0,5.2,200.3,256.1,264.9,0.00,1,-45.1,73.5
37.15,brake,350.10,-0.10,0.550,1,3714.7,-2461.8,0.0,0.0,109.60,-141.33,269,268,-1,-21.3,-38.2,14.0,10.4,-0.62,-0.21,0.24,0.00,0.00,0.00,-112.59,140.01,100,-1,0,-10,41.4,-0.90,0.578,0.907,0.37,0,26,0,1.3,190.7,263.4,268.7,0.00,1,-13.3,98.2
37.25,brake,350.46,-0.46,0.550,1,3725.6,-2475.9,0.0,0.0,108.81,-140.27,269,268,-1,-27.2,-40.6,12.4,1.5,-0.80,0.19,0.08,0.00,0.00,0.00,-112.08,139.37,100,-1,0,-14,30.8,-0.90,0.578,0.978,1.41,0,26,0,357.5,180.9,340.2,272.6,0.00,1,0.9,93.6
37.35,brake,350.88,-0.88,0.550,1,3736.4,-2489.8,0.0,0.0,108.19,-138.60,269,268,-1,-23.1,-42.1,13.0,-7.0,-0.77,0.48,0.15,0.00,0.00,0.00,-112.29,137.51,100,-1,1,-17,16.8,-0.90,0.578,1.000,2.64,0,26,0,354.7,171.9,57.2,275.4,0.00,1,5.7,78.3
37.45,brake,351.36,-1.36,0.550,1,3747.2,-2503.5,0.0,0.0,107.67,-136.49,268,268,-1,-20.2,-42.9,13.9,-14.0,-0.59,0.54,0.31,0.00,0.00,0.00,-113.15,134.59,100,-1,1,-18,1.8,-0.70,0.567,1.000,3.80,0,26,0,353.3,164.5,67.3,276.6,0.00,1,-1.0,57.7
37.55,brake,351.90,-1.90,0.550,1,3757.9,-2517.0,0.0,0.0,107.31,-133.95,268,276,-1,-19.1,-43.2,13.8,-19.2,-0.36,0.38,0.44,0.00,0.00,0.00,-111.39,133.47,100,-1,0,-18,-12.8,-0.39,0.555,0.853,4.79,0,26,0,353.2,159.3,72.5,276.5,0.00,1,-15.8,36.6
37.65,brake,352.51,-2.51,0.550,1,3768.6,-2530.2,0.0,0.0,107.05,-131.40,269,276,-1,-20.1,-43.0,11.4,-22.6,-0.13,0.08,0.49,0.00,0.00,0.00,-109.91,131.82,100,-1,0,-17,-25.9,-0.09,0.550,0.633,5.57,0,26,0,353.8,156.4,76.1,275.7,0.00,1,-33.5,18.2
37.75,brake,353.17,-3.17,0.550,1,3779.3,-2543.1,0.0,0.0,106.61,-128.85,270,276,-1,-22.5,-42.3,6.6,-24.2,0.10,-0.23,0.50,0.00,0.00,0.00,-108.05,130.57,100,-1,0,-16,-37.8,0.20,0.551,0.684,6.15,0,26,0,355.0,155.3,79.2,274.6,0.00,1,-47.1,4.5
37.85,brake,353.87,-3.87,0.550,1,3789.9,-2555.8,0.0,0.0,105.82,-126.39,271,276,-1,-26.0,-41.1,-0.2,-24.5,0.27,-0.47,0.48,0.00,0.00,0.00,-105.26,129.96,100,-1,0,-14,-47.7,0.47,0.558,0.856,6.68,0,26,0,356.8,155.5,83.0,272.9,0.00,1,-52.6,-3.3
37.95,brake,354.61,-4.61,0.550,1,3789.9,-2555.8,0.0,0.0,105.82,-126.39,271,270,-1,-29.7,-39.4,-7.6,-23.9,0.38,-0.58,0.49,0.00,0.00,0.00,-103.70,128.13,100,-1,0,-12,-47.7,0.71,0.568,0.952,7.36,0,26,0,359.4,156.2,88.6,270.6,0.00,1,-52.6,-3.3
38.05,brake,355.40,-5.40,0.550,1,3810.8,-2580.5,0.0,0.0,103.18,-122.08,272,270,-1,-33.1,-37.2,-14.4,-23.2,0.39,-0.53,0.55,0.00,0.00,0.00,-101.11,127.19,100,-1,0,-9,-51.7,0.81,0.573,0.942,8.18,0,26,0,2.6,156.3,96.0,267.5,0.00,1,-36.8,4.5
38.15,brake,356.28,-6.28,0.550,1,3810.8,-2580.5,0.0,0.0,103.18,-122.08,273,270,-1,-35.7,-34.9,-19.8,-23.0,0.29,-0.36,0.64,0.00,0.00,0.00,-97.57,126.61,100,-1,0,-5,-51.7,0.78,0.571,0.830,9.01,0,26,0,6.2,155.1,103.3,264.0,0.00,1,-36.8,4.5
38.25,brake,357.25,-7.25,0.550,1,3830.9,-2604.5,0.0,0.0,99.23,-118.39,274,270,-1,-37.4,-32.8,-23.3,-24.0,0.09,-0.13,0.73,0.00,0.00,0.00,-93.49,126.52,100,-1,0,-2,-33.2,0.74,0.569,0.660,9.84,0,26,0,9.8,152.5,108.4,260.6,0.00,1,-3.6,32.9
38.35,brake,358.31,-8.31,0.550,1,3840.7,-2616.2,0.0,0.0,97.29,-116.46,273,256,-1,-38.4,-31.4,-25.1,-26.5,-0.14,0.09,0.81,0.00,0.00,0.00,-93.53,122.94,100,-1,0,1,-19.9,0.68,0.566,0.656,10.62,0,26,0,13.2,148.7,111.1,257.7,0.00,1,9.6,44.6
38.45,brake,359.46,-9.46,0.550,1,3850.3,-2627.7,0.0,0.0,95.63,-114.35,272,256,-1,-38.8,-30.7,-25.6,-30.3,-0.35,0.26,0.90,0.00,0.00,0.00,-92.78,120.09,100,-1,0,3,-6.0,0.46,0.557,0.799,11.30,0,26,0,16.4,144.0,112.1,255.5,0.00,1,17.5,50.4
38.55,brake,360.67,-10.67,0.550,1,3859.8,-2638.9,0.0,0.0,94.22,-111.88,272,256,-1,-38.7,-30.9,-25.1,-34.9,-0.50,0.38,1.00,0.00,0.00,0.00,-91.58,117.61,100,-1,0,4,8.1,0.21,0.551,0.904,11.89,0,26,0,19.1,139.3,112.0,254.2,0.00,1,20.0,48.6
38.65,brake,361.91,-11.91,0.550,1,3869.1,-2649.9,0.0,0.0,93.25,-109.34,272,256,-1,-38.1,-31.9,-23.7,-39.5,-0.56,0.47,1.00,0.00,0.00,0.00,-90.33,115.05,100,-1,0,5,20.4,-0.07,0.550,0.960,12.34,0,26,0,21.0,135.2,111.2,253.9,0.00,1,17.2,38.3
38.75,brake,363.18,-13.18,0.550,1,3878.4,-2660.7,0.0,0.0,92.64,-106.52,270,248,-1,-37.0,-33.3,-21.5,-43.1,-0.49,0.53,1.00,0.00,0.00,0.00,-92.98,109.56,100,-1,0,4,29.9,-0.33,0.554,0.961,12.61,0,26,0,21.3,132.5,109.7,254.6,0.00,1,8.8,21.6
38.85,brake,364.46,-14.46,0.550,1,3878.4,-2660.7,0.0,0.0,92.64,-106.52,268,248,-1,-35.5,-35.0,-18.8,-45.3,-0.31,0.57,1.00,0.00,0.00,0.00,-95.95,103.55,100,-1,0,2,29.9,-0.56,0.561,0.909,12.74,0,26,0,19.3,131.5,107.3,256.5,0.00,1,8.8,21.6
38.95,brake,365.74,-15.74,0.550,1,3887.6,-2671.1,0.0,0.0,92.29,-103.71,266,248,-1,-33.7,-36.7,-16.2,-45.7,-0.05,0.54,1.00,0.00,0.00,0.00,-99.08,97.24,100,-1,0,-1,35.6,-0.60,0.562,0.797,12.78,0,26,0,14.7,132.2,103.4,259.8,0.00,1,-4.9,2.1
39.05,brake,367.04,-17.04,0.550,1,3896.8,-2681.3,0.0,0.0,92.02,-100.90,264,248,-1,-31.8,-38.1,-15.1,-44.5,0.21,0.43,1.00,0.00,0.00,0.00,-101.75,91.08,100,-1,0,-6,36.9,-0.60,0.562,0.817,12.80,0,26,0,7.8,134.4,97.6,264.4,0.00,1,-23.2,-16.9
39.15,brake,368.35,-18.35,0.550,1,3915.1,-2700.8,0.0,0.0,91.14,-95.80,267,269,-1,-29.9,-39.3,-16.3,-42.4,0.39,0.22,1.00,0.00,0.00,0.00,-96.49,93.54,100,-1,0,-12,28.4,-0.60,0.562,0.806,12.90,0,26,0,359.5,137.7,89.5,270.3,0.00,1,-64.5,-37.5
39.25,brake,369.67,-19.67,0.550,1,3924.2,-2710.2,0.0,0.0,90.26,-93.43,270,269,-1,-28.3,-40.1,-20.2,-40.2,0.42,-0.07,1.00,0.00,0.00,0.00,-91.28,95.67,100,-1,0,-18,19.3,-0.60,0.562,0.759,13.21,0,26,0,351.4,141.7,79.1,277.1,0.00,1,-81.7,-35.8
39.35,brake,371.01,-21.01,0.450,1,3924.2,-2710.2,0.0,0.0,90.26,-93.43,273,269,-1,-27.3,-40.6,-26.5,-39.0,0.30,-0.40,1.00,0.00,0.00,0.00,-85.51,97.80,100,-1,0,-25,19.3,-0.60,0.460,0.738,13.75,0,26,0,344.3,146.2,67.3,284.1,0.00,1,-81.7,-35.8
39.45,brake,372.36,-22.36,0.350,1,3933.1,-2719.4,0.0,0.0,88.95,-91.32,276,269,-1,-27.1,-40.7,-34.6,-39.5,0.08,-0.69,1.00,0.00,0.00,0.00,-78.68,100.30,100,-1,0,-32,8.2,-0.60,0.358,0.667,14.39,0,26,0,339.1,150.8,55.7,291.0,0.00,1,-91.8,-27.2
39.55,brake,373.69,-23.69,0.250,1,3941.9,-2728.4,0.0,0.0,87.10,-89.65,282,293,-1,-27.5,-40.5,-43.2,-41.4,-0.10,-0.86,1.00,0.00,0.00,0.00,-66.71,105.70,100,-1,1,-39,-2.7,-0.60,0.256,0.511,14.82,0,26,0,335.9,155.2,46.0,297.4,0.00,1,-91.8,-16.5
39.65,brake,374.98,-24.98,0.250,1,3950.5,-2737.2,0.0,0.0,85.17,-88.24,287,293,-1,-28.5,-40.0,-51.1,-44.0,-0.16,-0.89,1.00,0.00,0.00,0.00,-54.84,109.69,100,-1,1,-44,-10.3,-0.59,0.256,0.511,14.65,0,26,0,334.6,159.4,38.4,303.0,0.00,1,-81.6,-9.3
39.75,brake,376.20,-26.20,0.250,1,3967.0,-2754.6,0.0,0.0,81.56,-86.13,293,293,-1,-29.7,-39.4,-57.8,-46.6,-0.14,-0.86,1.00,0.00,0.00,0.00,-43.50,112.41,100,-1,1,-49,-21.1,-0.48,0.254,0.507,14.02,0,26,0,334.6,163.3,32.4,307.8,0.00,1,-55.1,-9.1
39.85,brake,377.33,-27.33,0.250,1,3967.0,-2754.6,0.0,0.0,81.56,-86.13,297,293,-1,-31.2,-38.5,-63.1,-48.3,-0.07,-0.78,1.00,0.00,0.00,0.00,-33.10,113.91,100,-1,1,-53,-21.1,-0.38,0.252,0.504,13.08,0,26,0,335.8,166.7,27.8,311.4,0.00,1,-55.1,-9.1
39.95,brake,378.36,-28.36,0.250,1,3975.1,-2763.2,0.0,0.0,79.80,-85.17,301,291,-1,-32.7,-37.5,-66.8,-48.4,0.03,-0.66,1.00,0.00,0.00,0.00,-24.31,114.15,100,-1,1,-54,-26.5,-0.27,0.251,0.502,11.97,0,26,0,338.0,169.6,24.4,312.9,0.00,1,-40.4,-11.2
40.05,brake,379.31,-29.31,0.250,1,3982.9,-2771.6,0.0,0.0,78.13,-84.29,304,291,-1,-34.3,-36.2,-68.9,-45.8,0.15,-0.51,1.00,0.00,0.00,0.00,-17.63,113.57,100,-1,1,-53,-31.6,-0.17,0.250,0.501,10.77,0,26,0,341.1,172.0,22.2,311.6,0.00,1,-24.9,-13.9
40.15,brake,380.17,-30.17,0.250,1,3990.6,-2780.0,0.0,0.0,76.38,-83.41,306,291,-1,-35.8,-34.7,-69.2,-39.4,0.29,-0.31,1.00,0.00,0.00,0.00,-13.72,112.26,100,-1,0,-48,-35.8,-0.08,0.250,0.488,9.53,0,26,0,344.7,174.1,20.8,306.4,0.00,1,-8.8,-16.9
40.25,brake,380.94,-30.94,0.250,1,4001.8,-2792.4,0.0,0.0,73.83,-82.18,305,291,-1,-37.1,-33.2,-68.1,-29.3,0.41,-0.10,1.00,0.00,0.00,0.00,-13.21,110.53,100,-1,0,-39,-40.7,0.01,0.250,0.453,8.31,0,26,0,348.9,175.8,20.3,297.4,0.00,1,13.9,-19.3
40.30,brake,381.30,-31.30,0.250,1,4009.1,-2800.5,0.0,0.0,72.42,-81.47,304,278,-1,-37.7,-32.3,-67.1,-23.3,0.47,0.04,1.00,0.00,0.00,0.00,-15.94,109.31,100,-1,0,-33,-43.7,0.15,0.250,0.457,7.72,0,26,0,351.1,176.6,20.5,291.8,0.00,1,23.8,-17.2
40.40,brake,381.93,-31.93,0.250,1,4009.1,-2800.5,0.0,0.0,72.42,-81.47,301,278,-1,-39.0,-30.5,-64.6,-11.1,0.55,0.14,1.00,0.00,0.00,0.00,-21.03,106.96,100,-1,1,-21,-43.7,0.44,0.253,0.506,6.61,0,26,0,355.6,178.0,24.8,280.1,0.00,1,23.8,-17.2
40.45,brake,382.22,-32.22,0.250,1,4019.7,-2812.7,0.0,0.0,70.40,-80.51,297,278,-1,-39.5,-29.4,-63.2,-5.5,0.58,0.22,1.00,0.00,0.00,0.00,-26.96,104.93,100,-1,1,-16,-46.6,0.58,0.255,0.511,6.09,0,26,0,358.0,178.5,36.5,274.5,0.00,1,31.2,-8.4
40.55,brake,382.73,-32.73,0.250,1,4026.7,-2820.7,0.0,0.0,68.91,-79.89,293,278,-1,-40.6,-27.1,-60.0,3.8,0.61,0.31,1.00,0.00,0.00,0.00,-33.27,101.64,100,-1,1,-6,-46.2,0.60,0.256,0.511,5.17,0,26,0,2.7,179.1,162.2,264.6,0.00,1,32.0,0.4
40.65,brake,383.18,-33.18,0.250,1,4026.7,-2820.7,0.0,0.0,68.91,-79.89,288,262,-1,-41.6,-24.6,-56.7,10.2,0.61,0.38,1.00,0.00,0.00,0.00,-41.58,96.96,100,-1,1,2,-46.2,0.60,0.256,0.511,4.42,0,26,0,7.3,179.1,173.2,256.7,0.00,1,32.0,0.4
40.75,brake,383.57,-33.57,0.250,1,4040.1,-2836.5,0.0,0.0,66.18,-79.01,282,262,-1,-42.5,-21.8,-53.4,14.1,0.56,0.42,1.00,0.00,0.00,0.00,-48.97,92.04,100,-1,1,8,-41.7,0.60,0.256,0.511,3.81,0,26,0,11.8,178.3,171.7,250.4,0.00,1,23.7,20.8
40.85,brake,383.93,-33.93,0.250,1,4040.1,-2836.5,0.0,0.0,66.18,-79.01,278,262,-1,-43.2,-18.9,-50.5,15.9,0.49,0.41,1.00,0.00,0.00,0.00,-55.11,87.10,100,-1,1,14,-41.7,0.60,0.256,0.511,3.29,0,26,0,16.0,176.4,167.7,245.0,0.00,1,23.7,20.8
40.95,brake,384.24,-34.24,0.250,1,4053.0,-2852.2,0.0,0.0,63.63,-78.05,274,262,-1,-43.8,-15.9,-48.2,16.2,0.40,0.36,1.00,0.00,0.00,0.00,-59.80,82.41,100,-1,1,18,-34.8,0.60,0.256,0.511,2.82,0,26,0,19.9,173.5,162.4,240.2,0.00,1,7.3,40.5
41.05,brake,384.52,-34.52,0.250,1,4053.0,-2852.2,0.0,0.0,63.63,-78.05,269,245,-1,-44.2,-12.8,-46.6,15.2,0.28,0.27,1.00,0.00,0.00,0.00,-65.40,76.57,100,-1,0,23,-34.8,0.60,0.256,0.478,2.43,0,26,0,23.6,169.2,156.3,235.7,0.00,1,7.3,40.5
41.15,brake,384.76,-34.76,0.250,1,4059.3,-2860.0,0.0,0.0,62.49,-77.43,265,245,-1,-44.6,-9.9,-46.1,13.0,0.16,0.14,1.00,0.00,0.00,0.00,-69.36,71.35,100,-1,0,27,-30.4,0.60,0.256,0.378,2.06,0,26,0,26.9,163.5,149.7,231.5,0.00,1,-2.2,49.7
41.25,brake,384.95,-34.95,0.250,1,4071.5,-2875.3,0.0,0.0,60.29,-76.03,262,245,-1,-44.8,-7.3,-46.7,9.7,0.04,-0.03,1.00,0.00,0.00,0.00,-71.78,67.27,100,-1,0,31,-19.5,0.60,0.256,0.285,1.68,0,26,0,29.8,156.4,142.7,227.7,0.00,1,-20.3,64.5
41.35,brake,385.09,-35.09,0.250,1,4077.5,-2882.9,0.0,0.0,59.24,-75.23,260,245,-1,-44.9,-5.1,-48.3,5.3,-0.07,-0.21,1.00,0.00,0.00,0.00,-72.86,64.08,100,-1,0,34,-12.8,0.60,0.256,0.367,1.27,0,26,0,32.3,148.3,135.7,224.7,0.00,1,-25.7,69.3
41.45,brake,385.16,-35.16,0.250,1,4077.5,-2882.9,0.0,0.0,59.24,-75.23,258,235,-1,-44.9,-3.6,-50.8,-0.3,-0.17,-0.37,1.00,0.00,0.00,0.00,-74.05,60.71,100,-1,0,36,-12.8,0.60,0.256,0.473,0.77,0,26,0,34.4,139.8,129.0,222.9,0.00,1,-25.7,69.3
41.55,brake,385.16,-35.16,0.250,1,4089.1,-2897.6,0.0,0.0,57.39,-73.13,257,235,-1,-45.0,-2.8,-53.7,-7.4,-0.27,-0.49,1.00,0.00,0.00,0.00,-73.77,58.90,100,-1,1,36,2.1,0.60,0.256,0.511,0.20,0,26,0,36.4,131.4,123.0,222.6,0.00,1,-24.9,74.3
41.65,brake,385.09,-35.09,0.250,1,4089.1,-2897.6,0.0,0.0,57.39,-73.13,257,235,-1,-45.0,-2.7,-56.8,-16.1,-0.36,-0.55,1.00,0.00,0.00,0.00,-72.01,58.79,100,-1,1,35,2.1,0.60,0.256,0.511,-0.45,0,26,0,38.7,123.5,117.9,224.1,0.00,1,-24.9,74.3
41.75,brake,384.95,-34.95,0.250,1,4094.7,-2904.9,0.0,0.0,56.43,-71.72,260,235,-1,-44.9,-3.4,-59.7,-26.1,-0.43,-0.56,1.00,0.00,0.00,0.00,-68.51,60.28,100,-1,1,31,10.4,0.42,0.253,0.505,-1.07,0,26,0,42.1,116.1,113.9,227.3,0.00,1,-19.4,74.5
41.85,brake,384.75,-34.75,0.250,1,4105.8,-2918.8,0.0,0.0,54.84,-68.55,261,221,-1,-44.9,-4.8,-62.1,-36.5,-0.49,-0.51,1.00,0.00,0.00,0.00,-65.73,60.80,100,-1,1,27,25.2,0.18,0.251,0.501,-1.81,0,26,0,47.6,109.6,111.3,231.2,0.00,1,-0.5,67.2
41.95,brake,384.47,-34.47,0.250,1,4111.3,-2925.6,0.0,0.0,54.14,-66.97,264,221,-1,-44.8,-6.6,-63.7,-45.8,-0.52,-0.41,1.00,0.00,0.00,0.00,-61.46,62.69,100,-1,1,24,30.3,-0.02,0.250,0.500,-2.65,0,26,0,55.9,104.0,110.2,234.5,0.00,1,10.4,61.3
42.05,brake,384.12,-34.12,0.250,1,4111.3,-2925.6,0.0,0.0,54.14,-66.97,268,221,-1,-44.7,-8.7,-64.5,-53.1,-0.52,-0.29,1.00,0.00,0.00,0.00,-56.07,65.37,100,-1,1,22,30.3,-0.16,0.250,0.501,-3.59,0,26,0,66.6,99.2,110.5,236.2,0.00,1,10.4,61.3
42.15,brake,383.68,-33.68,0.250,1,4122.0,-2938.6,0.0,0.0,53.44,-63.81,273,221,-1,-44.5,-10.8,-64.1,-58.3,-0.51,-0.16,1.00,0.00,0.00,0.00,-50.59,67.90,100,-1,1,22,35.2,-0.22,0.251,0.501,-4.60,0,26,0,76.9,95.5,112.3,236.1,0.00,1,30.3,45.1
42.25,brake,383.15,-33.15,0.250,1,4127.3,-2944.8,0.0,0.0,53.09,-62.40,262,185,-1,-44.3,-12.7,-62.6,-61.5,-0.47,-0.03,1.00,0.00,0.00,0.00,-61.54,56.04,100,-1,0,24,35.8,-0.22,0.251,0.449,-5.63,0,26,0,84.0,92.8,115.2,234.7,0.00,1,37.5,35.2
42.35,brake,382.52,-32.52,0.250,1,4127.3,-2944.8,0.0,0.0,53.09,-62.40,251,185,-1,-44.0,-14.4,-59.8,-63.3,-0.42,0.10,1.00,0.00,0.00,0.00,-70.53,41.69,100,-1,0,26,35.8,-0.19,0.251,0.457,-6.65,0,26,0,87.4,91.4,118.9,232.3,0.00,1,37.5,35.2
42.45,brake,381.81,-31.81,0.250,1,4132.6,-2951.0,0.0,0.0,53.09,-61.00,240,185,-1,-43.8,-15.9,-55.5,-63.9,-0.36,0.22,1.00,0.00,0.00,0.00,-76.58,25.97,100,-1,0,29,35.9,-0.14,0.250,0.481,-7.63,0,26,0,87.7,91.5,123.1,229.6,0.00,1,42.0,24.5
42.55,brake,381.01,-31.01,0.250,1,4143.2,-2962.8,0.0,0.0,53.09,-58.36,229,185,-1,-43.6,-17.2,-49.6,-63.8,-0.30,0.32,1.00,0.00,0.00,0.00,-79.07,10.81,100,-1,1,32,35.3,-0.08,0.250,0.500,-8.56,0,26,0,86.2,92.9,127.3,226.9,0.00,1,43.0,5.2
42.65,brake,380.13,-30.13,0.308,1,4143.2,-2962.8,0.0,0.0,53.09,-58.36,221,186,-1,-43.3,-18.4,-42.3,-63.0,-0.25,0.41,1.00,0.00,0.00,0.00,-78.86,-2.18,100,-1,0,34,35.3,-0.02,0.308,0.573,-9.43,0,26,0,83.5,95.7,131.4,224.5,0.00,1,43.0,5.2
42.75,brake,379.16,-29.16,0.373,1,4153.9,-2974.2,0.0,0.0,53.44,-56.07,213,186,-1,-43.1,-19.5,-33.8,-61.9,-0.19,0.49,1.00,0.00,0.00,0.00,-77.01,-12.71,100,-1,0,36,35.4,0.02,0.373,0.647,-10.24,0,26,0,80.0,100.0,135.0,222.6,0.00,1,33.8,-10.6
42.85,brake,378.11,-28.11,0.396,1,4153.9,-2974.2,0.0,0.0,53.44,-56.07,208,186,-1,-42.8,-20.8,-24.8,-60.3,-0.13,0.56,1.00,0.00,0.00,0.00,-74.48,-21.28,100,-1,0,37,35.4,0.04,0.396,0.672,-10.97,0,26,0,76.0,105.5,138.0,221.5,0.00,1,33.8,-10.6
42.95,brake,377.01,-27.01,0.389,1,4159.2,-2979.7,0.0,0.0,53.61,-54.93,203,186,-1,-42.4,-22.3,-16.2,-58.3,-0.05,0.61,1.00,0.00,0.00,0.00,-71.54,-27.81,100,-1,0,37,36.3,0.02,0.389,0.650,-11.56,0,26,0,71.2,112.0,139.9,221.5,0.00,1,24.2,-18.2
43.05,brake,375.86,-25.86,0.392,1,4170.1,-2990.4,0.0,0.0,55.02,-52.56,202,203,-1,-41.8,-24.1,-9.1,-55.8,0.06,0.62,1.00,0.00,0.00,0.00,-69.87,-30.85,100,-1,0,36,39.2,-0.04,0.392,0.666,-11.98,0,26,0,65.6,118.7,140.4,223.1,0.00,1,-7.0,-31.7
43.15,brake,374.68,-24.68,0.399,1,4175.7,-2995.6,0.0,0.0,55.55,-51.42,200,203,-1,-41.0,-26.3,-4.3,-52.7,0.19,0.59,1.00,0.00,0.00,0.00,-68.42,-33.30,100,-1,0,32,40.2,-0.14,0.400,0.711,-12.27,0,26,0,59.1,124.8,139.2,226.3,0.00,1,-25.5,-35.6
43.25,brake,373.48,-23.48,0.410,1,4175.7,-2995.6,0.0,0.0,55.55,-51.42,200,203,-1,-40.0,-28.6,-2.2,-49.2,0.30,0.51,1.00,0.00,0.00,0.00,-67.07,-35.08,100,-1,0,27,40.2,-0.26,0.412,0.734,-12.48,0,26,0,51.5,129.6,136.2,231.2,0.00,1,-25.5,-35.6
43.35,brake,372.27,-22.27,0.422,1,4181.3,-3000.7,0.0,0.0,56.25,-50.36,199,203,-1,-38.8,-30.8,-2.7,-45.7,0.37,0.36,1.00,0.00,0.00,0.00,-66.04,-36.60,100,-1,0,21,39.9,-0.38,0.425,0.714,-12.54,0,26,0,42.9,133.1,131.1,237.5,0.00,1,-44.7,-37.2
43.45,brake,371.06,-21.06,0.432,1,4192.6,-3010.5,0.0,0.0,56.95,-48.08,204,236,-1,-37.3,-32.9,-5.7,-42.7,0.35,0.14,1.00,0.00,0.00,0.00,-68.12,-31.41,100,-1,0,14,34.7,-0.49,0.439,0.634,-12.41,0,26,0,33.2,135.4,123.5,245.0,0.00,1,-81.1,-30.4
43.55,brake,369.87,-19.87,0.444,1,4198.3,-3015.2,0.0,0.0,56.95,-46.85,209,236,-1,-35.7,-34.8,-10.9,-40.7,0.23,-0.11,1.00,0.00,0.00,0.00,-69.73,-26.33,100,-1,0,5,30.0,-0.59,0.454,0.592,-12.09,0,26,0,22.3,136.8,113.6,253.2,0.00,1,-93.9,-23.3
43.65,brake,368.69,-18.69,0.464,1,4204.0,-3019.8,0.0,0.0,56.60,-45.53,214,236,-1,-34.2,-36.3,-17.8,-40.2,0.03,-0.37,1.00,0.00,0.00,0.00,-70.72,-20.91,100,-1,0,-3,24.0,-0.61,0.474,0.634,-11.63,0,26,0,10.8,137.8,101.9,261.7,0.00,1,-101.0,-15.7
43.75,brake,367.51,-17.51,0.498,1,4204.0,-3019.8,0.0,0.0,56.60,-45.53,219,236,-1,-32.8,-37.4,-25.9,-41.3,-0.19,-0.58,1.00,0.00,0.00,0.00,-71.10,-14.87,100,-1,0,-12,24.0,-0.60,0.509,0.818,-11.11,0,26,0,359.5,138.9,89.4,270.4,0.00,1,-101.0,-15.7
43.85,brake,366.35,-16.35,0.556,1,4215.1,-3028.5,0.0,0.0,54.32,-42.54,231,279,-1,-31.8,-38.1,-34.5,-43.6,-0.35,-0.73,1.00,0.00,0.00,0.00,-71.06,-1.32,100,-1,0,-20,6.2,-0.60,0.569,1.000,-10.62,0,26,0,349.9,140.3,77.8,278.8,0.00,1,-92.5,-10.0
43.95,brake,365.20,-15.20,0.645,1,4220.4,-3032.6,0.0,0.0,52.56,-40.78,243,279,-1,-31.3,-38.4,-42.6,-46.2,-0.38,-0.79,1.00,0.00,0.00,0.00,-67.74,13.06,100,-1,1,-28,-5.1,-0.60,0.660,1.000,-10.27,0,26,0,343.0,142.7,68.1,286.3,0.00,1,-77.4,-15.8
44.05,brake,364.05,-14.05,0.755,1,4220.4,-3032.6,0.0,0.0,52.56,-40.78,255,279,-1,-31.5,-38.3,-49.3,-47.7,-0.25,-0.74,1.00,0.00,0.00,0.00,-61.12,26.26,100,-1,1,-33,-5.1,-0.57,0.770,1.000,-10.18,0,26,0,339.6,146.3,60.8,292.1,0.00,1,-77.4,-15.8
44.15,brake,362.90,-12.90,0.800,1,4225.5,-3036.6,0.0,0.0,50.27,-39.11,267,279,-1,-32.5,-37.6,-53.7,-46.7,0.00,-0.59,1.00,0.00,0.00,0.00,-52.27,36.41,100,-1,1,-36,-18.2,-0.36,0.806,1.000,-10.38,0,26,0,339.6,150.9,56.3,295.0,0.00,1,-56.1,-26.0
44.25,brake,361.74,-11.74,0.800,1,4230.3,-3040.3,0.0,0.0,47.46,-37.35,276,286,-1,-33.0,-35.4,-55.3,-41.3,0.34,-0.36,1.00,0.00,0.00,0.00,-43.00,42.41,100,-1,1,-35,-34.2,-0.01,0.800,1.000,-10.78,0,26,0,343.1,156.2,55.5,293.2,0.00,1,-29.6,-38.1
44.35,brake,360.58,-10.58,0.800,1,4238.9,-3047.4,0.0,0.0,40.61,-34.28,282,286,-1,-32.5,-31.3,-53.9,-30.3,0.73,-0.02,1.00,0.00,0.00,0.00,-35.71,44.10,100,-1,1,-27,-67.7,0.51,0.813,1.000,-11.21,0,26,0,349.6,161.6,61.0,285.4,0.00,1,33.2,-56.6
44.45,brake,359.44,-9.44,0.800,1,4242.7,-3050.8,0.0,0.0,37.09,-33.40,284,286,-1,-32.1,-26.9,-49.8,-15.2,1.00,0.39,1.00,0.00,0.00,0.00,-31.12,43.07,100,-1,1,-15,-75.7,0.60,0.818,1.000,-11.40,0,26,0,357.9,167.2,80.8,273.1,0.00,1,58.1,-53.9
44.55,brake,358.36,-8.36,0.774,1,4242.7,-3050.8,0.0,0.0,37.09,-33.40,284,286,-1,-31.9,-22.6,-43.7,-1.3,1.00,0.79,1.00,0.00,0.00,0.00,-28.13,41.23,100,-1,1,-2,-75.7,0.62,0.792,1.000,-11.07,0,26,0,6.6,172.4,130.9,261.0,0.00,1,58.1,-53.9
44.65,brake,357.40,-7.40,0.730,1,4249.4,-3057.4,0.0,0.0,31.46,-33.57,278,255,-1,-31.9,-18.8,-36.4,7.8,1.00,1.00,0.90,0.00,0.00,0.00,-29.04,37.73,100,-1,1,7,-69.5,0.69,0.752,1.000,-10.11,0,26,0,14.5,177.0,168.5,252.0,0.00,1,67.6,-15.6
44.75,brake,356.60,-6.60,0.668,1,4249.4,-3057.4,0.0,0.0,31.46,-33.57,273,255,-1,-32.0,-15.4,-29.2,12.3,0.76,1.00,0.70,0.00,0.00,0.00,-29.51,35.31,100,-1,1,13,-69.5,0.76,0.692,1.000,-8.65,0,26,0,21.4,179.9,179.7,245.4,0.00,1,67.6,-15.6
44.85,brake,356.00,-6.00,0.597,1,4255.3,-3064.4,0.0,0.0,28.30,-35.51,269,255,-1,-32.6,-12.2,-23.4,12.7,0.32,0.99,0.54,0.00,0.00,0.00,-30.14,34.08,100,-1,1,19,-59.0,0.82,0.623,1.000,-7.06,0,26,0,27.7,179.9,179.9,239.7,0.00,1,24.6,41.2
44.95,brake,355.57,-5.57,0.550,1,4258.0,-3068.0,0.0,0.0,27.25,-36.30,266,255,-1,-33.3,-9.2,-20.4,10.0,-0.15,0.65,0.41,0.00,0.00,0.00,-30.54,33.60,100,-1,0,25,-54.6,0.87,0.576,0.897,-5.54,0,26,0,33.5,176.0,174.0,234.0,0.00,1,-6.3,66.4
45.05,brake,355.28,-5.28,0.550,1,4258.0,-3068.0,0.0,0.0,27.25,-36.30,260,230,-1,-33.7,-6.1,-20.9,4.8,-0.55,0.13,0.38,0.00,0.00,0.00,-32.94,31.23,100,-1,0,30,-54.6,0.88,0.577,0.847,-4.16,0,26,0,39.2,167.2,164.5,228.3,0.00,1,-6.3,66.4
45.15,brake,355.08,-5.08,0.550,1,4263.3,-3075.3,0.0,0.0,26.02,-36.30,256,230,-1,-34.0,-3.4,-25.3,-1.6,-0.76,-0.48,0.51,0.00,0.00,0.00,-34.93,29.04,100,-1,1,36,-37.4,0.84,0.574,1.000,-2.87,0,26,0,44.4,153.9,153.5,223.1,0.00,1,-62.5,85.6
45.25,brake,354.92,-4.92,0.450,1,4265.9,-3078.9,0.0,0.0,25.66,-35.24,253,230,-1,-33.5,-1.5,-32.4,-8.5,-0.84,-0.98,0.77,0.00,0.00,0.00,-35.65,26.89,100,-1,1,39,-20.0,0.74,0.465,0.931,-1.65,0,26,0,48.4,139.1,142.5,220.0,0.00,1,-71.4,78.0
45.35,brake,354.80,-4.80,0.367,1,4268.4,-3082.3,0.0,0.0,25.14,-33.49,251,230,-1,-32.7,-0.7,-40.4,-16.0,-0.85,-1.00,1.00,0.00,0.00,0.00,-35.64,25.11,100,-1,1,39,-3.2,0.62,0.376,0.751,-0.53,0,26,0,50.8,127.0,132.7,220.0,0.00,1,-63.0,64.1
45.45,brake,354.69,-4.69,0.500,1,4270.9,-3085.5,0.0,0.0,24.79,-31.55,249,217,-1,-31.4,-0.8,-47.4,-23.8,-0.83,-1.00,1.00,0.00,0.00,0.00,-35.51,22.19,100,-1,1,36,8.8,0.60,0.511,1.000,-0.03,0,26,0,51.8,118.8,124.9,222.7,0.00,1,-47.6,49.0
45.55,brake,354.57,-4.57,0.550,1,4270.9,-3085.5,0.0,0.0,24.79,-31.55,248,217,-1,-30.1,-1.4,-52.6,-31.5,-0.78,-0.97,1.00,0.00,0.00,0.00,-34.67,20.20,100,-1,1,32,8.8,0.45,0.557,1.000,-0.24,0,26,0,51.8,113.8,119.2,227.0,0.00,1,-47.6,49.0
45.65,brake,354.42,-4.42,0.588,1,4275.8,-3091.2,0.0,0.0,24.26,-26.98,249,217,-1,-28.7,-2.2,-55.0,-37.0,-0.65,-0.62,1.00,0.00,0.00,0.00,-33.54,18.64,100,-1,1,28,23.0,0.22,0.590,1.000,-0.90,0,26,0,51.0,111.6,116.1,231.0,0.00,1,1.1,9.1
45.75,brake,354.27,-4.27,0.630,1,4275.8,-3091.2,0.0,0.0,24.26,-26.98,249,217,-1,-27.0,-2.9,-53.6,-38.9,-0.44,-0.15,1.00,0.00,0.00,0.00,-32.25,16.62,100,-1,0,26,23.0,0.05,0.630,0.867,-1.77,0,26,0,49.9,112.5,116.1,233.1,0.00,1,1.1,9.1
45.85,brake,354.11,-4.11,0.612,1,4280.6,-3096.0,0.0,0.0,23.73,-21.80,249,221,-1,-25.2,-3.7,-48.1,-37.2,-0.20,0.38,1.00,0.00,0.00,0.00,-31.07,14.25,100,-1,0,25,39.7,-0.09,0.612,0.843,-2.73,0,26,0,48.2,116.5,119.1,233.3,0.00,1,56.1,-36.6
45.95,brake,353.94,-3.94,0.571,1,4280.6,-3096.0,0.0,0.0,23.73,-21.80,247,221,-1,-23.4,-4.7,-39.0,-33.0,0.06,0.89,1.00,0.00,0.00,0.00,-30.35,10.82,100,-1,0,25,39.7,-0.29,0.574,0.955,-3.49,0,26,0,45.2,124.3,124.5,233.4,0.00,1,56.1,-36.6
46.05,brake,353.74,-3.74,0.550,1,4282.9,-3098.0,0.0,0.0,23.55,-19.25,244,221,-1,-21.5,-6.1,-28.0,-27.8,0.29,1.00,0.90,0.00,0.00,0.00,-29.60,7.01,100,-1,1,24,53.8,-0.60,0.562,1.000,-3.72,0,26,0,40.4,135.5,131.0,234.9,0.00,1,69.9,-55.9
46.15,brake,353.53,-3.53,0.550,1,4285.3,-3099.7,0.0,0.0,23.55,-17.14,241,221,-1,-19.7,-7.8,-18.0,-22.5,0.48,1.00,0.59,0.00,0.00,0.00,-28.92,3.50,100,-1,1,20,67.9,-0.79,0.572,1.000,-3.29,0,26,0,33.9,147.7,136.7,239.0,0.00,1,65.5,-66.3
46.25,brake,353.34,-3.34,0.550,1,4290.0,-3102.9,0.0,0.0,23.91,-15.03,242,243,-1,-18.0,-9.8,-11.0,-17.5,0.60,1.00,0.34,0.00,0.00,0.00,-28.25,2.67,100,-1,1,13,78.9,-0.89,0.578,1.000,-2.42,0,26,0,26.0,157.7,140.0,245.2,0.00,1,17.5,-58.4
46.35,brake,353.23,-3.23,0.550,1,4290.0,-3102.9,0.0,0.0,23.91,-15.03,242,243,-1,-16.4,-11.8,-7.7,-13.1,0.60,0.57,0.17,0.00,0.00,0.00,-28.17,2.00,100,-1,1,6,78.9,-0.90,0.578,1.000,-1.26,0,26,0,17.9,164.6,139.6,252.5,0.00,1,17.5,-58.4
46.45,brake,353.23,-3.23,0.550,1,4294.9,-3105.8,0.0,0.0,24.61,-14.94,242,243,-1,-15.0,-13.7,-7.9,-9.9,0.47,0.04,0.09,0.00,0.00,0.00,-28.39,1.83,100,-1,0,-1,64.4,-0.90,0.578,0.783,0.01,0,26,0,10.1,168.7,131.8,260.0,0.00,1,-38.6,-27.7
46.55,brake,353.35,-3.35,0.450,1,4297.4,-3107.3,0.0,0.0,24.61,-15.12,243,243,-1,-13.8,-15.2,-11.4,-8.8,0.21,-0.46,0.14,0.00,0.00,0.00,-28.73,1.93,100,-1,0,-8,53.5,-0.90,0.473,0.740,1.28,0,26,0,3.1,170.6,108.3,266.9,0.00,1,-58.8,-9.5
46.65,brake,353.60,-3.60,0.350,1,4299.8,-3108.8,0.0,0.0,24.08,-15.03,247,272,-1,-12.6,-16.3,-16.8,-9.7,-0.09,-0.82,0.30,0.00,0.00,0.00,-28.53,4.47,100,-1,0,-14,42.7,-0.90,0.368,0.731,2.51,0,26,0,357.1,171.2,71.9,273.0,0.00,1,-65.2,3.4
46.75,brake,353.93,-3.93,0.250,1,4299.8,-3108.8,0.0,0.0,24.08,-15.03,252,272,-1,-11.3,-16.8,-22.5,-11.9,-0.27,-0.95,0.50,0.00,0.00,0.00,-27.58,6.73,100,-1,1,-20,42.7,-0.83,0.261,0.522,3.56,0,26,0,352.0,171.3,47.5,278.5,0.00,1,-65.2,3.4
46.85,brake,354.29,-4.29,0.250,1,4304.4,-3111.8,0.0,0.0,22.15,-14.41,256,272,-1,-10.2,-16.9,-27.3,-14.3,-0.30,-0.90,0.67,0.00,0.00,0.00,-26.28,8.60,100,-1,1,-25,22.8,-0.77,0.259,0.519,4.01,0,26,0,348.1,171.7,34.8,283.2,0.00,1,-45.1,4.5
46.95,brake,354.66,-4.66,0.300,1,4306.5,-3113.2,0.0,0.0,21.09,-14.15,260,272,-1,-9.2,-16.5,-31.2,-16.3,-0.26,-0.82,0.80,0.00,0.00,0.00,-24.38,10.19,100,-1,1,-28,13.8,-0.72,0.310,0.619,4.15,0,26,0,345.5,172.2,28.0,286.7,0.00,1,-32.7,1.7
47.05,brake,354.99,-4.99,0.450,1,4308.5,-3114.6,0.0,0.0,19.86,-13.80,265,285,-1,-8.5,-16.1,-33.9,-17.6,-0.19,-0.72,0.89,0.00,0.00,0.00,-22.33,12.11,100,-1,0,-30,5.3,-0.68,0.463,0.824,3.83,0,26,0,344.0,172.9,23.5,289.0,0.00,1,-17.9,-3.6
47.15,brake,355.29,-5.29,0.550,1,4308.5,-3114.6,0.0,0.0,19.86,-13.80,269,285,-1,-8.0,-15.5,-35.1,-17.5,-0.04,-0.54,0.92,0.00,0.00,0.00,-20.11,13.44,100,-1,0,-31,5.3,-0.67,0.565,0.799,3.39,0,26,0,343.5,173.8,20.2,289.8,0.00,1,-17.9,-3.6
47.25,brake,355.59,-5.59,0.550,1,4310.4,-3116.0,0.0,0.0,18.46,-13.45,272,285,-1,-7.6,-14.7,-34.1,-15.4,0.19,-0.24,0.87,0.00,0.00,0.00,-17.87,14.22,100,-1,0,-30,-4.5,-0.51,0.559,0.731,3.06,0,26,0,344.4,175.1,17.0,288.7,0.00,1,2.4,-12.6
47.35,brake,355.91,-5.91,0.550,1,4313.6,-3118.5,0.0,0.0,14.94,-12.74,275,285,-1,-7.3,-13.6,-30.9,-11.2,0.45,0.13,0.74,0.00,0.00,0.00,-15.50,14.42,100,-1,0,-27,-27.7,-0.23,0.552,0.786,2.94,0,26,0,346.5,176.9,12.8,285.7,0.00,1,49.0,-30.6
47.45,brake,356.24,-6.24,0.550,1,4315.0,-3119.8,0.0,0.0,13.18,-12.66,276,279,-1,-7.3,-12.5,-25.7,-6.1,0.65,0.50,0.54,0.00,0.00,0.00,-13.54,14.23,100,-1,1,-23,-39.9,0.10,0.550,1.000,3.06,0,26,0,349.8,178.9,6.1,281.3,0.00,1,64.2,-30.0
47.55,brake,356.62,-6.62,0.550,1,4315.0,-3119.8,0.0,0.0,13.18,-12.66,276,279,-1,-7.5,-11.4,-19.2,-1.3,0.69,0.79,0.31,0.00,0.00,0.00,-11.68,14.06,100,-1,1,-18,-39.9,0.44,0.557,1.000,3.48,0,26,0,354.1,180.8,352.6,276.3,0.00,1,64.2,-30.0
47.65,brake,357.08,-7.08,0.550,1,4316.2,-3121.1,0.0,0.0,12.13,-12.92,277,279,-1,-8.2,-10.5,-12.5,1.7,0.52,0.93,0.09,0.00,0.00,0.00,-10.51,14.26,100,-1,1,-12,-51.4,0.79,0.571,1.000,4.29,0,26,0,359.3,181.9,290.5,270.7,0.00,1,68.5,-19.5
47.75,brake,357.65,-7.65,0.550,1,4318.5,-3123.8,0.0,0.0,11.25,-13.97,277,279,-1,-9.1,-9.7,-6.7,2.5,0.21,0.85,0.00,0.00,0.00,0.00,-9.68,14.67,100,-1,1,-6,-62.7,0.90,0.578,1.000,5.31,0,26,0,5.1,181.9,200.7,264.8,0.00,1,40.5,14.5
47.85,brake,358.35,-8.35,0.550,1,4319.7,-3125.2,0.0,0.0,11.60,-14.50,274,258,-1,-10.2,-8.9,-3.0,1.2,-0.13,0.58,0.00,0.00,0.00,0.00,-10.21,14.75,100,-1,0,-0,-62.4,0.90,0.578,0.860,6.36,0,26,0,11.3,180.6,182.9,258.6,0.00,1,13.5,29.5
47.95,brake,359.18,-9.18,0.550,1,4319.7,-3125.2,0.0,0.0,11.60,-14.50,272,258,-1,-11.5,-8.1,-2.5,-1.8,-0.40,0.13,0.00,0.00,0.00,0.00,-11.19,14.82,100,-1,0,6,-62.4,0.90,0.578,0.793,7.47,0,26,0,17.5,177.4,171.9,252.5,0.00,1,13.5,29.5
48.05,brake,360.11,-10.11,0.450,1,4322.1,-3128.2,0.0,0.0,12.66,-14.77,270,258,-1,-12.5,-7.2,-5.0,-5.4,-0.54,-0.34,0.00,0.00,0.00,0.00,-12.25,14.67,100,-1,0,11,-45.9,0.90,0.473,0.827,8.55,0,26,0,22.9,172.5,162.7,247.2,0.00,1,-37.3,39.8
48.15,brake,361.13,-11.13,0.350,1,4322.1,-3128.2,0.0,0.0,12.66,-14.77,268,258,-1,-13.2,-6.5,-9.6,-8.8,-0.55,-0.69,0.10,0.00,0.00,0.00,-13.18,14.30,100,-1,1,15,-45.9,0.90,0.368,0.736,9.64,0,26,0,26.7,166.5,154.5,243.5,0.00,1,-37.3,39.8
48.25,brake,362.20,-12.20,0.250,1,4323.4,-3129.6,0.0,0.0,12.66,-14.33,264,240,-1,-13.2,-5.7,-14.7,-11.6,-0.48,-0.78,0.28,0.00,0.00,0.00,-14.06,12.95,100,-1,1,17,-32.0,0.90,0.263,0.526,10.58,0,26,0,29.0,160.7,147.7,241.4,0.00,1,-45.3,34.3
48.35,brake,363.28,-13.28,0.250,1,4325.8,-3132.3,0.0,0.0,11.95,-12.92,261,240,-1,-12.8,-5.1,-18.7,-13.8,-0.42,-0.69,0.42,0.00,0.00,0.00,-14.28,11.54,100,-1,1,18,-10.5,0.77,0.259,0.519,11.00,0,26,0,30.1,156.2,142.7,240.4,0.00,1,-27.4,20.0
48.45,brake,364.35,-14.35,0.250,1,4325.8,-3132.3,0.0,0.0,11.95,-12.92,259,240,-1,-12.3,-4.7,-21.6,-15.6,-0.39,-0.55,0.53,0.00,0.00,0.00,-14.26,10.31,100,-1,1,18,-10.5,0.58,0.255,0.510,10.95,0,26,0,30.5,152.9,139.0,240.2,0.00,1,-27.4,20.0
48.55,brake,365.38,-15.38,0.250,1,4327.0,-3133.5,0.0,0.0,11.60,-12.22,257,240,-1,-11.8,-4.4,-23.1,-17.0,-0.37,-0.40,0.59,0.00,0.00,0.00,-14.09,9.24,100,-1,1,18,-3.8,0.44,0.253,0.506,10.49,0,26,0,30.5,150.8,136.6,240.4,0.00,1,-16.5,15.3
48.65,brake,366.37,-16.37,0.250,1,4328.1,-3134.7,0.0,0.0,11.07,-11.51,255,239,-1,-11.2,-4.3,-23.2,-18.1,-0.33,-0.22,0.61,0.00,0.00,0.00,-13.67,8.26,100,-1,0,18,2.9,0.30,0.251,0.470,9.99,0,26,0,30.2,150.0,135.3,240.9,0.00,1,-4.6,10.1
48.75,brake,367.33,-17.33,0.250,1,4329.2,-3135.8,0.0,0.0,10.55,-10.81,253,239,-1,-10.5,-4.2,-22.0,-18.6,-0.27,-0.02,0.59,0.00,0.00,0.00,-13.19,7.36,100,-1,0,17,9.4,0.15,0.250,0.365,9.47,0,26,0,29.6,150.5,135.1,241.7,0.00,1,7.2,3.7
48.85,brake,368.24,-18.24,0.250,1,4331.2,-3137.8,0.0,0.0,9.84,-9.32,252,239,-1,-9.8,-4.2,-19.4,-18.4,-0.18,0.18,0.53,0.00,0.00,0.00,-12.79,6.38,100,-1,0,16,21.4,0.01,0.250,0.397,8.95,0,26,0,28.6,152.3,136.1,242.7,0.00,1,25.9,-10.7
48.95,brake,369.10,-19.10,0.250,1,4332.2,-3138.7,0.0,0.0,9.84,-8.70,251,239,-1,-9.1,-4.3,-15.9,-17.6,-0.08,0.35,0.44,0.00,0.00,0.00,-12.39,5.50,100,-1,0,15,26.1,-0.14,0.250,0.420,8.47,0,26,0,27.1,155.2,137.9,244.1,0.00,1,29.4,-17.3
49.05,brake,369.90,-19.90,0.250,1,4333.1,-3139.5,0.0,0.0,9.49,-8.26,250,244,-1,-8.6,-4.5,-12.0,-16.1,0.03,0.44,0.33,0.00,0.00,0.00,-12.24,4.78,100,-1,0,13,29.5,-0.27,0.251,0.438,7.93,0,26,0,25.1,158.7,140.3,245.9,0.00,1,28.3,-22.4
49.15,brake,370.63,-20.63,0.250,1,4334.1,-3140.3,0.0,0.0,9.49,-7.91,249,244,-1,-8.0,-4.7,-8.4,-14.2,0.13,0.45,0.21,0.00,0.00,0.00,-11.81,4.34,100,-1,0,11,31.6,-0.38,0.252,0.484,7.41,0,26,0,22.6,162.6,143.0,248.1,0.00,1,23.1,-25.4
49.25,brake,371.31,-21.31,0.250,1,4334.1,-3140.3,0.0,0.0,9.49,-7.91,248,244,-1,-7.6,-5.0,-5.5,-11.9,0.22,0.38,0.10,0.00,0.00,0.00,-11.74,3.87,100,-1,0,8,31.6,-0.47,0.253,0.495,6.98,0,26,0,19.7,166.2,145.6,250.7,0.00,1,23.1,-25.4
49.35,brake,371.96,-21.96,0.250,1,4336.0,-3141.8,0.0,0.0,9.49,-7.38,248,244,-1,-7.2,-5.3,-3.5,-9.5,0.27,0.27,0.00,0.00,0.00,0.00,-11.68,3.49,100,-1,0,5,30.8,-0.54,0.254,0.470,6.73,0,26,0,16.6,169.5,148.2,253.6,0.00,1,6.6,-24.6
49.45,brake,372.58,-22.58,0.250,1,4336.0,-3141.8,0.0,0.0,9.49,-7.38,249,255,-1,-6.8,-5.5,-2.6,-7.3,0.26,0.12,0.00,0.00,0.00,0.00,-11.51,3.48,100,-1,0,2,30.8,-0.57,0.255,0.408,6.56,0,26,0,13.6,172.1,150.2,256.5,0.00,1,6.6,-24.6
49.55,brake,373.20,-23.20,0.250,1,4336.9,-3142.6,0.0,0.0,9.49,-7.38,250,255,-1,-6.5,-5.9,-2.6,-5.6,0.21,-0.02,0.00,0.00,0.00,0.00,-11.45,3.68,100,-1,0,-1,28.6,-0.59,0.255,0.345,6.41,0,26,0,10.7,173.9,150.6,259.3,0.00,1,-1.7,-19.7
49.65,brake,373.80,-23.80,0.250,1,4338.8,-3144.0,0.0,0.0,9.49,-7.21,251,255,-1,-6.2,-6.1,-3.3,-4.6,0.12,-0.12,0.00,0.00,0.00,0.00,-11.36,3.77,100,-1,0,-3,22.8,-0.58,0.255,0.349,6.20,0,26,0,8.1,174.9,148.1,261.9,0.00,1,-10.5,-6.5
49.75,brake,374.37,-24.37,0.250,1,4339.8,-3144.7,0.0,0.0,9.49,-7.21,252,255,-1,-5.9,-6.3,-4.2,-4.2,0.03,-0.17,0.00,0.00,0.00,0.00,-11.28,3.84,100,-1,0,-6,19.1,-0.57,0.255,0.334,5.93,0,26,0,5.8,175.3,141.4,264.2,0.00,1,-10.8,-1.6
49.85,brake,374.93,-24.93,0.250,1,4340.7,-3145.5,0.0,0.0,9.32,-7.21,254,265,-1,-5.8,-6.5,-5.1,-4.3,-0.04,-0.18,0.00,0.00,0.00,0.00,-11.14,4.24,100,-1,0,-7,14.8,-0.53,0.254,0.343,5.65,0,26,0,3.9,175.3,130.1,266.1,0.00,1,-8.9,1.3
49.95,brake,375.47,-25.47,0.250,1,4340.7,-3145.5,0.0,0.0,9.32,-7.21,255,265,-1,-5.5,-6.5,-5.8,-4.6,-0.07,-0.16,0.00,0.00,0.00,0.00,-10.83,4.63,100,-1,0,-9,14.8,-0.47,0.253,0.346,5.40,0,26,0,2.5,175.1,117.2,267.5,0.00,1,-8.9,1.3
50.05,brake,375.98,-25.98,0.250,1,4342.5,-3146.9,0.0,0.0,8.79,-6.86,257,265,-1,-5.3,-6.5,-6.2,-4.9,-0.07,-0.12,0.00,0.00,0.00,0.00,-10.49,4.79,100,-1,0,-10,5.0,-0.40,0.252,0.326,5.17,0,26,0,1.6,175.0,107.5,268.4,0.00,1,-1.8,0.6
50.15,brake,376.48,-26.48,0.250,1,4343.4,-3147.5,0.0,0.0,8.61,-6.68,258,265,-1,-5.1,-6.3,-6.2,-4.9,-0.04,-0.07,0.00,0.00,0.00,0.00,-10.00,4.93,100,-1,0,-10,0.0,-0.30,0.251,0.297,4.98,0,26,0,1.2,175.0,103.5,268.8,0.00,1,1.4,-0.9
50.25,brake,376.95,-26.95,0.250,1,4343.4,-3147.5,0.0,0.0,8.61,-6.68,260,268,-1,-5.0,-6.1,-6.0,-4.8,-0.01,-0.03,0.00,0.00,0.00,0.00,-9.66,5.05,100,-1,0,-10,0.0,-0.20,0.251,0.267,4.80,0,26,0,1.3,175.1,105.3,268.7,0.00,1,1.4,-0.9
50.35,brake,377.40,-27.40,0.250,1,4345.1,-3148.8,0.0,0.0,8.09,-6.33,261,268,-1,-4.9,-6.0,-5.6,-4.5,0.02,0.00,0.00,0.00,0.00,0.00,-9.35,5.11,100,-1,0,-9,-8.0,-0.10,0.250,0.257,4.58,0,26,0,1.9,175.4,112.4,268.1,0.00,1,5.9,-3.4
50.45,brake,377.82,-27.82,0.250,1,4345.9,-3149.4,0.0,0.0,8.09,-6.15,262,268,-1,-4.9,-5.7,-5.0,-4.0,0.04,0.03,0.00,0.00,0.00,0.00,-8.88,5.16,100,-1,0,-9,-11.0,-0.01,0.250,0.276,4.36,0,26,0,2.8,175.8,123.7,267.2,0.00,1,7.0,-4.1
50.55,brake,378.22,-28.22,0.250,1,4345.9,-3149.4,0.0,0.0,8.09,-6.15,263,268,-1,-4.9,-5.5,-4.4,-3.5,0.05,0.05,0.00,0.00,0.00,0.00,-8.78,5.12,100,-1,0,-7,-11.0,0.07,0.250,0.289,4.13,0,26,0,4.1,176.2,136.8,265.9,0.00,1,7.0,-4.1
50.65,brake,378.60,-28.60,0.250,1,4346.7,-3150.1,0.0,0.0,7.73,-6.15,263,264,-1,-4.9,-5.3,-3.7,-3.0,0.05,0.06,0.00,0.00,0.00,0.00,-8.42,5.18,100,-1,0,-6,-13.3,0.15,0.250,0.291,3.88,0,26,0,5.5,176.6,148.3,264.5,0.00,1,7.4,-3.8
50.75,brake,378.96,-28.96,0.250,1,4348.2,-3151.3,0.0,0.0,7.56,-5.98,263,264,-1,-5.0,-5.1,-3.1,-2.7,0.03,0.06,0.00,0.00,0.00,0.00,-8.39,5.02,100,-1,0,-4,-15.3,0.21,0.251,0.287,3.69,0,26,0,7.0,176.9,156.5,263.0,0.00,1,6.4,-2.0
50.85,brake,379.30,-29.30,0.250,1,4349.0,-3151.8,0.0,0.0,7.38,-5.80,263,264,-1,-5.1,-4.9,-2.5,-2.4,0.02,0.05,0.00,0.00,0.00,0.00,-8.21,5.05,100,-1,0,-3,-14.9,0.25,0.251,0.280,3.50,0,26,0,8.6,177.2,162.0,261.5,0.00,1,5.4,-1.1
50.95,brake,379.63,-29.63,0.250,1,4349.0,-3151.8,0.0,0.0,7.38,-5.80,263,264,-1,-5.0,-4.6,-2.1,-2.3,0.00,0.04,0.00,0.00,0.00,0.00,-8.01,4.90,100,-1,0,-1,-14.9,0.27,0.251,0.269,3.32,0,26,0,10.0,177.4,165.4,260.0,0.00,1,5.4,-1.1
51.05,brake,379.94,-29.94,0.250,1,4350.4,-3153.0,0.0,0.0,7.38,-5.63,262,258,-1,-5.1,-4.5,-1.8,-2.2,-0.02,0.03,0.00,0.00,0.00,0.00,-8.08,4.78,100,-1,0,0,-12.3,0.28,0.251,0.270,3.14,0,26,0,11.4,177.4,167.4,258.6,0.00,1,2.6,0.5
51.15,brake,380.24,-30.24,0.250,1,4351.2,-3153.5,0.0,0.0,7.38,-5.63,262,258,-1,-5.2,-4.3,-1.6,-2.3,-0.03,0.01,0.00,0.00,0.00,0.00,-8.12,4.50,100,-1,0,1,-10.4,0.27,0.251,0.265,2.98,0,26,0,12.6,177.4,168.5,257.4,0.00,1,1.0,0.4
51.25,brake,380.52,-30.52,0.250,1,4351.2,-3153.5,0.0,0.0,7.38,-5.63,261,258,-1,-5.2,-4.2,-1.6,-2.3,-0.02,-0.01,0.00,0.00,0.00,0.00,-8.16,4.42,100,-1,0,2,-10.4,0.25,0.251,0.265,2.85,0,26,0,13.6,177.4,169.2,256.4,0.00,1,1.0,0.4
51.35,brake,380.77,-30.77,0.250,1,4351.9,-3154.1,0.0,0.0,7.03,-5.45,261,258,-1,-5.1,-4.0,-1.6,-2.2,-0.02,-0.02,0.00,0.00,0.00,0.00,-7.83,4.23,100,-1,0,3,-8.2,0.22,0.251,0.270,2.64,0,26,0,14.4,177.4,169.8,255.7,0.00,1,0.0,0.1
51.45,brake,381.01,-31.01,0.250,1,4353.3,-3155.2,0.0,0.0,7.03,-5.27,260,254,-1,-5.1,-4.0,-1.7,-2.2,-0.02,-0.03,0.00,0.00,0.00,0.00,-7.90,4.09,100,-1,0,3,-3.7,0.19,0.251,0.271,2.39,0,26,0,14.9,177.3,170.1,255.1,0.00,1,-0.6,-0.5
51.55,brake,381.22,-31.22,0.250,1,4354.0,-3155.7,0.0,0.0,7.03,-5.27,259,254,-1,-5.1,-3.9,-1.7,-2.1,-0.02,-0.03,0.00,0.00,0.00,0.00,-7.92,3.81,100,-1,0,4,-1.2,0.15,0.250,0.267,2.17,0,26,0,15.2,177.4,170.5,254.8,0.00,1,-0.1,-1.2
51.65,brake,381.41,-31.41,0.250,1,4354.0,-3155.7,0.0,0.0,7.03,-5.27,258,254,-1,-5.1,-3.9,-1.7,-2.0,-0.00,-0.02,0.00,0.00,0.00,0.00,-7.97,3.71,100,-1,0,4,-1.2,0.10,0.250,0.259,1.99,0,26,0,15.3,177.5,171.0,254.8,0.00,1,-0.1,-1.2
51.75,brake,381.58,-31.58,0.250,1,4354.7,-3156.2,0.0,0.0,7.03,-5.10,258,254,-1,-5.0,-3.8,-1.7,-1.8,0.01,-0.01,0.00,0.00,0.00,0.00,-7.97,3.46,100,-1,0,4,1.0,0.05,0.250,0.255,1.82,0,26,0,15.1,177.7,171.7,254.9,0.00,1,0.4,-1.7
51.85,brake,381.74,-31.74,0.250,1,4356.0,-3157.2,0.0,0.0,6.68,-4.92,257,254,-1,-4.8,-3.7,-1.6,-1.6,0.01,-0.00,0.00,0.00,0.00,0.00,-7.65,3.47,100,-1,0,3,4.2,0.01,0.250,0.255,1.62,0,26,0,14.8,178.0,172.4,255.2,0.00,1,1.0,-2.4
51.95,hold,381.87,-31.87,0.000,1,4356.7,-3157.7,-114.5,-11.3,6.68,-4.92,257,254,-1,-10.8,2.3,-1.5,-1.4,-0.05,0.06,0.00,0.00,0.00,0.00,-7.64,3.24,100,-1,1,0,5.1,-0.08,0.000,0.000,1.38,0,26,0,14.3,178.3,173.2,255.7,0.00,0,1.0,-2.4
52.05,hold,381.95,-31.95,0.000,1,4356.7,-3157.7,-115.2,-10.8,6.68,-4.92,256,254,-1,-16.8,8.3,-1.3,-1.1,-0.10,0.12,0.00,0.00,0.00,0.00,-7.66,3.19,100,-1,1,0,5.1,-0.09,0.000,0.000,1.14,0,26,0,14.3,178.3,173.2,255.7,0.00,0,1.0,-2.4
52.15,hold,381.99,-31.99,0.000,1,4358.0,-3158.7,-115.9,-10.3,6.68,-4.75,256,254,-1,-20.0,13.9,-1.2,-0.9,-0.15,0.15,0.00,0.00,0.00,0.00,-7.63,2.98,100,-1,1,1,5.3,-0.09,0.000,0.000,0.47,0,26,0,14.3,178.3,173.2,255.7,0.00,0,0.7,-2.7
52.25,hold,381.99,-31.99,0.000,1,4358.7,-3159.1,-116.5,-9.8,6.33,-4.75,256,256,-1,-20.0,13.7,-1.2,-0.6,-0.14,0.15,0.00,0.00,0.00,0.00,-7.63,2.99,100,-1,1,1,5.1,-0.09,0.000,0.000,0.14,0,26,0,12.8,179.1,176.1,257.2,0.00,0,0.3,-3.1
52.35,hold,381.93,-31.93,0.000,1,4358.7,-3159.1,-117.2,-9.4,6.33,-4.75,256,256,-1,-20.0,13.2,-1.2,-0.3,-0.13,0.14,0.00,0.00,0.00,0.00,-7.29,3.08,100,-1,1,1,5.1,-0.09,0.000,0.000,-0.37,0,26,0,12.8,179.1,176.1,257.2,0.00,0,0.3,-3.1
52.45,hold,381.80,-31.80,0.000,1,4359.9,-3160.1,-117.8,-8.9,6.33,-4.57,256,256,-1,-20.0,13.5,-1.2,0.0,-0.12,0.13,0.00,0.00,0.00,0.00,-7.24,2.91,100,-1,1,1,4.6,-0.08,0.000,0.000,-1.05,0,26,0,12.8,179.1,176.1,257.2,0.00,0,-0.7,-4.0
52.55,hold,381.58,-31.58,0.000,1,4359.9,-3160.1,-118.4,-8.4,6.33,-4.57,256,256,-1,-20.0,13.3,-1.3,0.4,-0.11,0.13,0.00,0.00,0.00,0.00,-7.24,2.91,100,-1,1,1,4.6,-0.08,0.000,0.000,-1.90,0,26,0,12.8,179.1,176.1,257.2,0.00,0,-0.7,-4.0
52.65,hold,381.25,-31.25,0.000,1,4360.6,-3160.5,-119.1,-8.0,6.33,-4.57,256,258,-1,-20.0,12.6,-1.4,0.8,-0.10,0.13,0.00,0.00,0.00,0.00,-7.23,2.95,100,-1,1,0,4.5,-0.08,0.000,0.000,-2.91,0,26,0,10.9,180.5,182.8,259.1,0.00,0,-0.9,-4.0
52.75,hold,380.82,-30.82,0.000,1,4361.2,-3161.0,-119.7,-7.5,6.33,-4.48,257,258,-1,-20.0,12.3,-1.5,1.2,-0.10,0.13,0.00,0.00,0.00,0.00,-7.19,2.90,100,-1,1,-0,4.4,-0.09,0.000,0.000,-3.98,0,26,0,10.9,180.5,182.8,259.1,0.00,0,-0.8,-3.9
52.85,hold,380.28,-30.28,0.000,1,4362.5,-3161.8,-120.3,-7.1,6.33,-4.39,257,258,-1,-20.0,12.1,-1.6,1.6,-0.10,0.13,0.00,0.00,0.00,0.00,-7.16,2.84,100,-1,1,-0,4.3,-0.09,0.000,0.000,-5.04,0,26,0,10.9,180.5,182.8,259.1,0.00,0,-0.8,-3.9
52.95,hold,379.64,-29.64,0.000,1,4363.1,-3162.3,-121.0,-6.7,5.98,-4.39,257,258,-1,-20.0,11.6,-1.7,2.0,-0.09,0.13,0.00,0.00,0.00,0.00,-7.15,2.86,100,-1,1,-0,4.3,-0.09,0.000,0.000,-6.09,0,26,0,10.9,180.5,182.8,259.1,0.00,0,-0.8,-3.9
53.05,hold,378.89,-28.89,0.000,1,4363.7,-3162.7,-121.6,-6.2,5.98,-4.39,257,260,-1,-20.0,10.5,-1.8,2.3,-0.08,0.13,0.00,0.00,0.00,0.00,-6.79,2.99,100,-1,1,-1,4.3,-0.10,0.000,0.000,-7.13,0,26,0,9.2,182.0,192.4,260.8,0.00,0,-0.8,-3.9
53.15,hold,378.04,-28.04,0.000,1,4363.7,-3162.7,-122.2,-5.8,5.98,-4.39,258,260,-1,-20.0,9.8,-1.9,2.7,-0.07,0.13,0.00,0.00,0.00,0.00,-6.77,3.03,100,-1,1,-1,4.3,-0.11,0.000,0.000,-8.16,0,26,0,9.2,182.0,192.4,260.8,0.00,0,-0.8,-3.9
53.25,hold,377.09,-27.09,0.060,1,4364.9,-3163.6,-122.8,-5.4,5.98,-4.22,258,260,-1,-20.0,9.7,-2.0,3.1,-0.06,0.13,0.00,0.00,0.00,0.00,-6.72,2.89,100,-1,1,-1,4.1,-0.11,0.060,0.119,-9.19,0,26,0,9.2,182.0,192.4,260.8,0.00,0,-0.8,-3.8
53.35,hold,376.04,-26.04,0.131,1,4364.9,-3163.6,-123.4,-4.9,5.98,-4.22,258,260,-1,-20.0,9.1,-2.1,3.4,-0.06,0.13,0.00,0.00,0.00,0.00,-6.71,2.92,100,-1,0,-2,4.1,-0.12,0.131,0.207,-10.20,0,26,0,9.2,182.0,192.4,260.8,0.00,0,-0.8,-3.8
53.45,hold,374.89,-24.89,0.207,1,4365.5,-3164.0,-124.0,-4.5,5.98,-4.22,259,261,-1,-20.0,8.2,-2.2,3.8,-0.05,0.13,0.00,0.00,0.00,0.00,-6.68,2.97,100,-1,0,-2,4.1,-0.12,0.208,0.280,-11.20,0,26,0,7.6,183.5,204.8,262.5,0.00,0,-0.8,-3.7
53.55,hold,373.64,-23.64,0.287,1,4366.1,-3164.4,-124.6,-4.1,5.98,-4.22,259,261,-1,-20.0,7.4,-2.3,4.2,-0.03,0.13,0.00,0.00,0.00,0.00,-6.66,3.02,100,-1,0,-3,4.0,-0.13,0.288,0.352,-12.16,0,26,0,7.6,183.5,204.8,262.5,0.00,0,-1.1,-3.7
53.65,hold,372.32,-22.32,0.366,1,4367.2,-3165.3,-125.1,-3.7,5.63,-4.22,259,261,-1,-20.0,6.6,-2.7,4.6,-0.02,0.10,0.00,0.00,0.00,0.00,-6.30,3.12,100,-1,0,-3,3.2,-0.13,0.366,0.413,-13.00,0,26,0,7.6,183.5,204.8,262.5,0.00,0,-5.0,-4.8
53.75,hold,370.94,-20.94,0.436,1,4367.8,-3165.7,-125.7,-3.2,5.63,-4.22,260,261,-1,-20.0,6.0,-3.3,5.1,0.01,0.06,0.00,0.00,0.00,0.00,-6.29,3.15,100,-1,0,-3,2.0,-0.13,0.437,0.461,-13.59,0,26,0,7.6,183.5,204.8,262.5,0.00,0,-9.0,-5.7
53.85,hold,369.55,-19.55,0.491,1,4367.8,-3165.7,-126.3,-2.8,5.63,-4.22,260,262,-1,-20.0,5.2,-4.3,5.6,0.03,-0.02,0.00,0.00,0.00,0.00,-6.27,3.18,100,-1,0,-3,2.0,-0.11,0.491,0.512,-13.82,0,26,0,6.5,185.1,218.2,263.5,0.00,0,-9.0,-5.7
53.95,hold,368.19,-18.19,0.520,1,4368.3,-3166.1,-126.8,-2.4,5.63,-4.22,260,262,-1,-20.0,4.6,-5.8,6.3,0.06,-0.10,0.00,0.00,0.00,0.00,-6.25,3.21,100,-1,0,-4,0.3,-0.08,0.520,0.584,-13.55,0,26,0,6.5,185.1,218.2,263.5,0.00,0,-14.0,-6.6
54.05,hold,366.90,-16.90,0.525,1,4369.4,-3167.0,-127.4,-2.0,5.27,-4.48,261,262,-1,-20.0,3.5,-7.6,7.2,0.10,-0.15,0.01,0.00,0.00,0.00,-6.27,3.41,100,-1,0,-4,-4.8,-0.03,0.526,0.625,-12.84,0,26,0,6.5,185.1,218.2,263.5,0.00,0,-18.1,-7.5
54.15,hold,365.72,-15.72,0.512,1,4369.9,-3167.4,-127.9,-1.5,4.75,-4.75,261,262,-1,-20.0,2.7,-9.3,8.0,0.12,-0.16,0.07,0.00,0.00,0.00,-5.93,3.56,100,-1,0,-4,-6.9,0.02,0.512,0.620,-11.83,0,26,0,6.5,185.1,218.2,263.5,0.00,0,-15.8,-5.8
54.25,hold,364.66,-14.66,0.491,1,4370.3,-3167.9,-128.4,-1.1,4.22,-5.01,260,260,-1,-20.0,1.9,-10.7,8.7,0.11,-0.12,0.12,0.00,0.00,0.00,-5.48,3.88,100,-1,0,-4,-8.4,0.06,0.491,0.582,-10.74,0,26,0,8.8,187.0,218.4,261.1,0.00,0,-12.1,-2.6
54.35,hold,363.70,-13.70,0.467,1,4370.3,-3167.9,-128.8,-0.6,4.22,-5.01,260,260,-1,-20.0,1.1,-11.7,9.0,0.07,-0.07,0.15,0.00,0.00,0.00,-5.02,4.21,100,-1,0,-3,-8.4,0.10,0.468,0.524,-9.67,0,26,0,8.8,187.0,218.4,261.1,0.00,0,-12.1,-2.6
54.45,hold,362.85,-12.85,0.445,1,4371.0,-3169.0,-129.2,-0.1,2.99,-5.54,260,260,-1,-20.0,0.1,-12.3,9.0,0.03,-0.01,0.17,0.00,0.00,0.00,-4.57,4.54,100,-1,0,-3,-9.0,0.12,0.445,0.463,-8.71,0,26,0,8.8,187.0,218.4,261.1,0.00,0,-5.4,5.2
54.55,hold,362.09,-12.09,0.425,1,4371.3,-3169.6,-129.5,0.5,2.46,-5.80,260,260,-1,-20.0,-1.0,-12.6,8.6,-0.02,0.02,0.17,0.00,0.00,0.00,-3.94,4.91,100,-1,0,-3,-8.2,0.12,0.425,0.440,-7.85,0,26,0,8.8,187.0,218.4,261.1,0.00,0,-3.9,8.3
54.65,hold,361.40,-11.40,0.409,1,4371.3,-3169.6,-129.8,1.1,2.46,-5.80,259,256,-1,-20.0,-1.3,-12.8,7.9,-0.06,0.04,0.16,0.00,0.00,0.00,-3.53,5.22,100,-1,0,-2,-8.2,0.12,0.410,0.448,-7.14,0,26,0,12.5,185.1,201.7,257.2,0.00,0,-3.9,8.3
54.75,hold,360.79,-10.79,0.396,1,4371.7,-3170.8,-130.0,1.7,1.58,-5.98,258,256,-1,-20.0,-1.5,-13.0,7.1,-0.09,0.05,0.16,0.00,0.00,0.00,-3.27,5.43,100,-1,0,-2,-5.6,0.11,0.396,0.450,-6.51,0,26,0,12.5,185.1,201.7,257.2,0.00,0,-2.7,10.4
54.85,hold,360.23,-10.23,0.381,1,4371.8,-3171.4,-130.2,2.3,1.05,-5.98,258,256,-1,-20.0,-1.5,-13.2,6.2,-0.10,0.04,0.15,0.00,0.00,0.00,-2.80,5.51,100,-1,0,-1,-4.2,0.09,0.381,0.437,-5.90,0,26,0,12.5,185.1,201.7,257.2,0.00,0,-3.1,9.6
54.95,hold,359.72,-9.72,0.367,1,4371.8,-3171.4,-130.3,2.9,1.05,-5.98,258,256,-1,-20.0,-1.7,-13.5,5.3,-0.10,0.03,0.15,0.00,0.00,0.00,-2.32,5.61,100,-1,0,-1,-4.2,0.06,0.367,0.417,-5.36,0,26,0,12.5,185.1,201.7,257.2,0.00,0,-3.1,9.6
55.05,hold,359.25,-9.25,0.355,1,4371.9,-3172.5,-130.4,3.5,0.35,-5.98,257,255,-1,-20.0,-1.4,-13.8,4.7,-0.07,0.01,0.15,0.00,0.00,0.00,-2.03,5.67,100,-1,0,-0,-1.3,0.05,0.355,0.389,-4.88,0,26,0,14.4,181.1,184.4,255.2,0.00,0,-4.9,4.7
55.15,hold,358.82,-8.82,0.346,1,4371.9,-3173.1,-130.4,4.0,0.00,-5.80,257,255,-1,-20.0,-1.4,-14.3,4.4,-0.04,-0.02,0.16,0.00,0.00,0.00,-1.73,5.73,100,-1,0,0,0.0,0.03,0.346,0.371,-4.48,0,26,0,14.4,181.1,184.4,255.2,0.00,0,-6.2,2.1
55.25,hold,358.40,-8.40,0.341,1,4371.9,-3173.7,-130.4,4.6,-0.35,-5.80,256,255,-1,-20.0,-0.9,-15.0,4.2,-0.02,-0.04,0.18,0.00,0.00,0.00,-1.38,5.63,100,-1,0,0,0.7,0.01,0.341,0.363,-4.17,0,26,0,14.4,181.1,184.4,255.2,0.00,0,-6.3,-0.1
55.35,hold,358.01,-8.01,0.339,1,4371.9,-3173.7,-130.4,5.2,-0.35,-5.80,256,255,-1,-20.0,-1.1,-15.6,4.3,0.01,-0.05,0.20,0.00,0.00,0.00,-1.07,5.71,100,-1,0,1,0.7,0.00,0.339,0.364,-3.94,0,26,0,14.4,181.1,184.4,255.2,0.00,0,-6.3,-0.1
55.45,hold,357.64,-7.64,0.336,1,4371.8,-3174.8,-130.4,5.8,-1.05,-5.63,256,255,-1,-20.0,-0.8,-16.1,4.4,0.03,-0.04,0.22,0.00,0.00,0.00,-0.72,5.62,100,-1,0,1,1.3,-0.00,0.336,0.364,-3.70,0,26,0,14.3,180.2,180.9,255.1,0.00,0,-4.2,-2.3
55.55,hold,357.28,-7.28,0.336,1,4371.7,-3175.4,-130.3,6.3,-1.41,-5.54,255,255,-1,-20.0,-1.1,-16.5,4.6,0.04,-0.02,0.24,0.00,0.00,0.00,-0.40,5.71,100,-1,0,1,1.4,-0.00,0.336,0.361,-3.51,0,26,0,14.3,180.2,180.9,255.1,0.00,0,-2.6,-2.8
55.65,hold,356.95,-6.95,0.335,1,4371.7,-3175.4,-130.2,6.9,-1.41,-5.54,255,255,-1,-20.0,-1.2,-16.8,4.9,0.05,0.00,0.25,0.00,0.00,0.00,-0.06,5.71,100,-1,0,1,1.4,0.00,0.335,0.357,-3.33,0,26,0,14.3,180.2,180.9,255.1,0.00,0,-2.6,-2.8
55.75,hold,356.63,-6.63,0.334,1,4371.5,-3175.9,-130.0,7.4,-1.76,-5.45,255,255,-1,-20.0,-1.3,-16.9,5.1,0.05,0.02,0.25,0.00,0.00,0.00,0.29,5.72,100,-1,0,2,1.5,0.00,0.334,0.359,-3.16,0,26,0,14.3,180.2,180.9,255.1,0.00,0,-1.2,-2.5
55.85,hold,356.34,-6.34,0.332,1,4371.0,-3177.0,-129.8,8.0,-2.64,-5.45,255,255,-1,-20.0,-1.8,-17.0,5.1,0.03,0.02,0.26,0.00,0.00,0.00,0.62,5.81,100,-1,0,2,1.4,0.00,0.332,0.353,-2.99,0,26,0,13.7,180.8,183.4,255.7,0.00,0,-0.6,0.8
55.95,hold,356.06,-6.06,0.330,1,4370.7,-3177.6,-129.5,8.5,-2.99,-5.45,255,255,-1,-20.0,-2.5,-17.1,4.9,0.01,0.03,0.26,0.00,0.00,0.00,1.12,5.95,100,-1,0,2,1.5,0.01,0.330,0.344,-2.82,0,26,0,13.7,180.8,183.4,255.7,0.00,0,-0.6,2.7
56.05,hold,355.81,-5.81,0.328,1,4370.4,-3178.1,-129.2,9.1,-3.34,-5.45,255,255,-1,-20.0,-3.1,-17.1,4.5,-0.01,0.03,0.26,0.00,0.00,0.00,1.46,6.04,100,-1,0,2,1.5,0.01,0.328,0.343,-2.65,0,26,0,13.7,180.8,183.4,255.7,0.00,0,-1.0,4.0
56.15,hold,355.57,-5.57,0.324,1,4370.4,-3178.1,-128.9,9.6,-3.34,-5.45,255,255,-1,-20.0,-3.7,-17.3,4.1,-0.02,0.01,0.26,0.00,0.00,0.00,1.80,6.13,100,-1,0,2,1.5,0.01,0.324,0.339,-2.48,0,26,0,13.7,180.8,183.4,255.7,0.00,0,-1.0,4.0
56.25,hold,355.35,-5.35,0.322,1,4370.0,-3178.7,-128.5,10.2,-3.69,-5.45,255,256,-1,-20.0,-4.5,-17.5,3.6,-0.01,-0.00,0.26,0.00,0.00,0.00,2.15,6.22,100,-1,0,2,1.5,0.00,0.322,0.328,-2.34,0,26,0,13.1,179.4,177.6,256.3,0.00,0,-2.1,4.2
56.35,hold,355.13,-5.13,0.322,1,4369.2,-3179.7,-128.1,10.7,-4.39,-5.27,255,256,-1,-20.0,-4.8,-17.8,3.2,-0.01,-0.01,0.27,0.00,0.00,0.00,2.54,6.14,100,-1,0,2,1.5,0.00,0.322,0.331,-2.24,0,26,0,13.1,179.4,177.6,256.3,0.00,0,-3.2,3.6
56.45,hold,354.92,-4.92,0.323,1,4368.8,-3180.3,-127.7,11.2,-4.75,-5.27,255,256,-1,-20.0,-5.5,-18.1,2.8,-0.00,-0.02,0.28,0.00,0.00,0.00,2.89,6.22,100,-1,0,1,1.5,-0.00,0.323,0.332,-2.16,0,26,0,13.1,179.4,177.6,256.3,0.00,0,-3.2,3.6
56.55,hold,354.71,-4.71,0.326,1,4368.3,-3180.8,-127.3,11.8,-5.10,-5.10,255,256,-1,-20.0,-6.3,-18.4,2.4,0.00,-0.03,0.29,0.00,0.00,0.00,3.25,6.31,100,-1,0,1,1.5,-0.00,0.326,0.337,-2.14,0,26,0,13.1,179.4,177.6,256.3,0.00,0,-3.3,3.6
56.65,hold,354.50,-4.50,0.330,1,4367.7,-3181.3,-126.8,12.3,-5.45,-5.10,255,257,-1,-20.0,-6.7,-18.8,2.0,0.00,-0.03,0.30,0.00,0.00,0.00,3.65,6.21,100,-1,0,1,1.5,-0.01,0.330,0.343,-2.11,0,26,0,12.5,177.7,169.7,256.8,0.00,0,-3.0,3.7
56.75,hold,354.31,-4.31,0.331,1,4367.7,-3181.3,-126.2,12.8,-5.45,-5.10,256,257,-1,-20.0,-7.5,-19.0,1.6,0.01,-0.03,0.30,0.00,0.00,0.00,4.02,6.29,100,-1,0,1,1.5,-0.01,0.331,0.344,-2.04,0,26,0,12.5,177.7,169.7,256.8,0.00,0,-3.0,3.7
56.85,hold,354.13,-4.13,0.327,1,4367.1,-3181.8,-125.6,13.3,-5.80,-4.92,256,257,-1,-20.0,-7.8,-19.2,1.2,0.01,-0.01,0.31,0.00,0.00,0.00,4.42,6.19,100,-1,0,1,1.4,-0.01,0.327,0.335,-1.88,0,26,0,12.5,177.7,169.7,256.8,0.00,0,-2.0,3.7
56.95,hold,353.96,-3.96,0.323,1,4366.5,-3182.3,-125.0,13.8,-6.15,-4.75,256,257,-1,-20.0,-8.2,-19.3,0.8,0.01,0.01,0.31,0.00,0.00,0.00,4.82,6.09,100,-1,0,1,1.3,-0.01,0.323,0.330,-1.73,0,26,0,12.5,177.7,169.7,256.8,0.00,0,-0.8,3.7
57.05,hold,353.81,-3.81,0.320,1,4365.2,-3183.2,-124.4,14.2,-6.86,-4.57,256,257,-1,-20.0,-9.0,-19.2,0.3,0.01,0.02,0.31,0.00,0.00,0.00,5.19,6.15,100,-1,0,0,1.0,-0.02,0.320,0.332,-1.60,0,26,0,11.9,176.1,162.1,257.4,0.00,0,0.4,4.3
57.15,hold,353.67,-3.67,0.320,1,4364.5,-3183.6,-123.7,14.7,-7.21,-4.39,256,257,-1,-20.0,-9.4,-19.2,-0.2,0.01,0.02,0.31,0.00,0.00,0.00,5.60,6.04,100,-1,0,0,1.0,-0.02,0.320,0.332,-1.55,0,26,0,11.9,176.1,162.1,257.4,0.00,0,0.3,4.4
57.25,hold,353.52,-3.52,0.323,1,4363.8,-3184.1,-123.0,15.1,-7.38,-4.31,257,257,-1,-20.0,-9.7,-19.2,-0.6,0.01,0.02,0.31,0.00,0.00,0.00,6.00,5.93,100,-1,0,-0,0.9,-0.02,0.323,0.334,-1.53,0,26,0,11.9,176.1,162.1,257.4,0.00,0,0.2,4.3
57.35,hold,353.38,-3.38,0.325,1,4363.8,-3184.1,-122.3,15.6,-7.38,-4.31,257,257,-1,-20.0,-10.1,-19.2,-1.1,0.01,0.02,0.31,0.00,0.00,0.00,6.22,5.86,100,-1,0,-0,0.9,-0.02,0.325,0.337,-1.52,0,26,0,11.9,176.1,162.1,257.4,0.00,0,0.2,4.3
57.45,hold,353.24,-3.24,0.326,1,4362.2,-3184.9,-121.5,16.0,-8.09,-4.04,257,257,-1,-20.0,-10.7,-19.2,-1.6,0.01,0.01,0.31,0.00,0.00,0.00,6.61,5.83,100,-1,0,-1,0.9,-0.03,0.326,0.334,-1.48,0,26,0,11.6,174.3,154.2,257.8,0.00,0,-0.8,5.0
57.55,hold,353.11,-3.11,0.325,1,4362.2,-3184.9,-120.7,16.4,-8.09,-4.04,257,257,-1,-20.0,-10.9,-19.3,-2.2,-0.00,-0.00,0.31,0.00,0.00,0.00,7.01,5.71,100,-1,0,-1,0.9,-0.03,0.325,0.326,-1.39,0,26,0,11.6,174.3,154.2,257.8,0.00,0,-0.8,5.0
57.65,hold,352.99,-2.99,0.324,1,4360.5,-3185.7,-119.9,16.8,-8.79,-3.69,258,257,-1,-20.0,-11.2,-19.5,-2.8,-0.01,-0.01,0.32,0.00,0.00,0.00,7.42,5.58,100,-1,0,-1,0.9,-0.04,0.324,0.334,-1.31,0,26,0,11.6,174.3,154.2,257.8,0.00,0,-2.1,6.0
57.75,hold,352.87,-2.87,0.324,1,4360.5,-3185.7,-119.0,17.2,-8.79,-3.69,258,257,-1,-20.0,-11.4,-19.7,-3.4,-0.02,-0.02,0.33,0.00,0.00,0.00,7.82,5.45,100,-1,0,-1,0.9,-0.04,0.324,0.339,-1.26,0,26,0,11.6,174.3,154.2,257.8,0.00,0,-2.1,6.0
57.85,hold,352.76,-2.76,0.325,1,4359.6,-3186.0,-118.1,17.5,-9.14,-3.52,258,258,-1,-20.0,-11.7,-19.9,-4.0,-0.01,-0.02,0.34,0.00,0.00,0.00,8.23,5.31,100,-1,0,-2,0.9,-0.05,0.325,0.338,-1.22,0,26,0,11.2,171.9,144.4,258.2,0.00,0,-2.0,5.8
57.95,hold,352.65,-2.65,0.323,1,4357.7,-3186.7,-117.2,17.9,-9.67,-3.08,258,258,-1,-20.0,-11.8,-20.0,-4.6,-0.01,-0.01,0.35,0.00,0.00,0.00,8.46,5.14,100,-1,0,-2,0.6,-0.05,0.323,0.332,-1.15,0,26,0,11.2,171.9,144.4,258.2,0.00,0,-0.8,4.6
58.05,hold,352.55,-2.55,0.322,1,4357.7,-3186.7,-116.2,18.2,-9.67,-3.08,259,258,-1,-20.0,-11.8,-20.1,-5.0,-0.00,-0.01,0.35,0.00,0.00,0.00,8.88,4.91,100,-1,0,-2,0.6,-0.05,0.322,0.325,-1.08,0,26,0,11.2,171.9,144.4,258.2,0.00,0,-0.8,4.6
58.15,hold,352.45,-2.45,0.322,1,4356.7,-3187.0,-115.2,18.5,-9.84,-2.90,259,258,-1,-20.0,-11.8,-20.2,-5.5,-0.00,-0.00,0.36,0.00,0.00,0.00,9.10,4.73,100,-1,0,-2,0.3,-0.05,0.322,0.323,-1.04,0,26,0,11.2,171.9,144.4,258.2,0.00,0,-0.3,4.2
58.25,hold,352.35,-2.35,0.325,1,4355.7,-3187.2,-114.2,18.7,-10.20,-2.64,259,258,-1,-20.0,-11.7,-20.2,-5.9,-0.00,-0.00,0.36,0.00,0.00,0.00,9.52,4.50,100,-1,0,-3,0.1,-0.05,0.325,0.327,-1.05,0,26,0,11.1,170.1,138.1,258.4,0.00,0,-0.3,4.2
58.35,hold,352.25,-2.25,0.327,1,4353.6,-3187.7,-113.2,19.0,-10.90,-2.20,259,258,-1,-20.0,-11.8,-20.2,-6.3,-0.01,-0.00,0.37,0.00,0.00,0.00,9.92,4.36,100,-1,0,-3,-0.1,-0.06,0.327,0.330,-1.05,0,26,0,11.1,170.1,138.1,258.4,0.00,0,-0.4,4.2
58.45,hold,352.15,-2.15,0.330,1,4352.5,-3187.9,-112.1,19.2,-11.07,-1.93,260,258,-1,-20.0,-11.6,-20.3,-6.8,-0.01,-0.00,0.37,0.00,0.00,0.00,10.33,4.12,100,-1,0,-3,-0.2,-0.06,0.330,0.336,-1.05,0,26,0,11.1,170.1,138.1,258.4,0.00,0,-0.5,4.3
58.55,hold,352.05,-2.05,0.332,1,4352.5,-3187.9,-111.0,19.4,-11.07,-1.93,260,258,-1,-20.0,-11.3,-20.4,-7.2,-0.02,-0.01,0.38,0.00,0.00,0.00,10.56,3.86,100,-1,0,-3,-0.2,-0.06,0.332,0.342,-1.06,0,26,0,11.1,170.1,138.1,258.4,0.00,0,-0.5,4.3
58.65,hold,351.95,-1.95,0.334,1,4350.2,-3188.2,-109.9,19.6,-11.60,-1.49,260,258,-1,-20.0,-11.2,-20.4,-7.6,-0.02,-0.00,0.39,0.00,0.00,0.00,10.78,3.68,100,-1,0,-3,-0.3,-0.06,0.334,0.342,-1.04,0,26,0,11.1,168.4,133.7,258.3,0.00,0,-0.1,3.3
58.75,hold,351.86,-1.86,0.332,1,4349.0,-3188.4,-108.7,19.7,-11.95,-1.23,260,258,-1,-20.0,-10.9,-20.4,-7.8,-0.01,-0.00,0.39,0.00,0.00,0.00,11.18,3.45,100,-1,0,-4,-0.5,-0.07,0.332,0.336,-0.95,0,26,0,11.1,168.4,133.7,258.3,0.00,0,-0.2,1.6
58.85,hold,351.79,-1.79,0.327,1,4349.0,-3188.4,-107.5,19.9,-11.95,-1.23,260,258,-1,-20.0,-10.6,-20.5,-8.0,0.01,-0.01,0.39,0.00,0.00,0.00,11.58,3.22,100,-1,0,-4,-0.5,-0.06,0.327,0.333,-0.82,0,26,0,11.1,168.4,133.7,258.3,0.00,0,-0.2,1.6
58.95,hold,351.72,-1.72,0.323,1,4347.8,-3188.5,-106.3,20.0,-12.30,-0.88,260,258,-1,-20.0,-10.0,-20.5,-7.9,0.02,-0.01,0.39,0.00,0.00,0.00,11.99,2.90,100,-1,0,-4,-0.6,-0.07,0.323,0.335,-0.70,0,26,0,11.1,168.4,133.7,258.3,0.00,0,-0.3,0.3
59.05,hold,351.65,-1.65,0.320,1,4346.6,-3188.5,-105.1,20.0,-12.48,-0.62,261,258,-1,-20.0,-9.5,-20.6,-7.8,0.03,-0.01,0.39,0.00,0.00,0.00,12.21,2.66,100,-1,0,-4,-1.0,-0.06,0.320,0.336,-0.63,0,26,0,11.5,167.9,133.4,258.0,0.00,0,-0.5,-0.4
59.15,hold,351.59,-1.59,0.321,1,4344.0,-3188.6,-103.8,20.1,-13.01,-0.18,261,258,-1,-20.0,-9.0,-20.7,-7.8,0.02,-0.01,0.40,0.00,0.00,0.00,12.43,2.42,100,-1,0,-4,-1.9,-0.05,0.321,0.333,-0.62,0,26,0,11.5,167.9,133.4,258.0,0.00,0,-0.1,0.5
59.25,hold,351.54,-1.54,0.319,1,4342.7,-3188.6,-102.5,20.1,-13.36,0.09,261,258,-1,-20.0,-8.8,-20.7,-7.8,0.01,-0.01,0.40,0.00,0.00,0.00,12.81,2.29,100,-1,0,-4,-2.0,-0.04,0.319,0.325,-0.56,0,26,0,11.5,167.9,133.4,258.0,0.00,0,0.1,1.1
59.35,hold,351.48,-1.48,0.318,1,4342.7,-3188.6,-101.2,20.1,-13.36,0.09,261,258,-1,-20.0,-8.3,-20.7,-7.8,-0.00,-0.01,0.40,0.00,0.00,0.00,13.20,2.08,100,-1,0,-4,-2.0,-0.04,0.318,0.321,-0.53,0,26,0,11.5,167.9,133.4,258.0,0.00,0,0.1,1.1
59.45,hold,351.43,-1.43,0.320,1,4341.3,-3188.6,-99.8,20.1,-13.54,0.35,261,257,-1,-20.0,-7.7,-20.8,-7.9,-0.01,-0.01,0.40,0.00,0.00,0.00,13.41,1.86,100,-1,0,-4,-2.5,-0.03,0.320,0.328,-0.54,0,26,0,12.2,167.6,134.5,257.2,0.00,0,-0.0,1.5
59.55,hold,351.37,-1.37,0.322,1,4338.6,-3188.5,-98.5,20.0,-14.06,0.79,261,257,-1,-19.4,-7.3,-20.8,-7.9,-0.02,-0.02,0.40,0.00,0.00,0.00,13.61,1.73,100,-1,0,-4,-2.8,-0.03,0.322,0.337,-0.55,0,26,0,12.2,167.6,134.5,257.2,0.00,0,-0.3,1.9
59.65,hold,351.32,-1.32,0.324,1,4338.6,-3188.5,-97.1,20.0,-14.06,0.79,261,257,-1,-17.4,-6.8,-20.9,-8.0,-0.03,-0.05,0.41,0.00,0.00,0.00,14.00,1.54,100,-1,0,-4,-2.8,-0.02,0.324,0.353,-0.57,0,26,0,12.2,167.6,134.5,257.2,0.00,0,-0.3,1.9
59.75,hold,351.26,-1.26,0.324,1,4335.7,-3188.2,-95.6,19.9,-14.41,1.32,260,257,-1,-15.9,-6.2,-21.0,-8.1,-0.03,-0.06,0.41,0.00,0.00,0.00,14.22,1.32,100,-1,0,-4,-2.9,-0.02,0.324,0.362,-0.55,0,26,0,12.2,167.6,134.5,257.2,0.00,0,0.3,1.2
59.85,hold,351.21,-1.21,0.323,1,4334.2,-3188.1,-94.2,19.7,-14.77,1.58,260,256,-1,-14.4,-5.5,-21.0,-8.1,-0.03,-0.07,0.41,0.00,0.00,0.00,14.43,1.14,100,-1,0,-4,-3.3,-0.01,0.323,0.364,-0.50,0,26,0,13.4,166.9,135.7,256.0,0.00,0,1.3,0.7
59.95,hold,351.17,-1.17,0.320,1,4332.7,-3187.9,-92.7,19.6,-15.12,1.93,260,256,-1,-12.4,-4.9,-20.8,-8.0,-0.03,-0.08,0.40,0.00,0.00,0.00,14.82,0.98,100,-1,0,-3,-3.8,-0.00,0.320,0.363,-0.44,0,26,0,13.4,166.9,135.7,256.0,0.00,0,3.1,0.3
60.05,hold,351.14,-1.14,0.315,1,4332.7,-3187.9,-91.2,19.4,-15.12,1.93,260,256,-1,-10.3,-4.1,-20.5,-7.9,-0.03,-0.08,0.39,0.00,0.00,0.00,15.22,0.74,100,-1,0,-3,-3.8,0.01,0.315,0.357,-0.33,0,26,0,13.4,166.9,135.7,256.0,0.00,0,3.1,0.3
60.15,hold,351.13,-1.13,0.309,1,4331.2,-3187.7,-89.7,19.2,-15.47,2.20,260,256,-1,-8.2,-3.5,-20.0,-7.7,-0.02,-0.07,0.37,0.00,0.00,0.00,15.61,0.59,100,-1,0,-3,-4.3,0.02,0.309,0.347,-0.23,0,26,0,13.4,166.9,135.7,256.0,0.00,0,5.0,-0.1
60.25,hold,351.12,-1.12,0.303,1,4328.1,-3187.2,-88.1,18.9,-15.82,2.72,259,254,-1,-6.6,-2.8,-19.3,-7.4,-0.03,-0.05,0.35,0.00,0.00,0.00,15.83,0.49,100,-1,0,-3,-4.7,0.04,0.303,0.334,-0.12,0,26,0,15.4,167.2,140.6,254.0,0.00,0,8.8,-0.8
60.35,hold,351.13,-1.13,0.298,1,4326.4,-3186.9,-86.6,18.7,-16.17,2.99,259,254,-1,-5.0,-2.1,-18.5,-7.1,-0.02,-0.04,0.32,0.00,0.00,0.00,16.05,0.39,100,-1,0,-2,-4.6,0.05,0.298,0.322,-0.03,0,26,0,15.4,167.2,140.6,254.0,0.00,0,10.2,-1.5
60.45,hold,351.13,-1.13,0.294,1,4326.4,-3186.9,-84.9,18.4,-16.17,2.99,258,254,-1,-2.8,-1.5,-17.5,-6.8,-0.02,-0.03,0.29,0.00,0.00,0.00,16.44,0.31,100,-1,0,-2,-4.6,0.06,0.294,0.312,0.02,0,26,0,15.4,167.2,140.6,254.0,0.00,0,10.2,-1.5
60.55,hold,351.14,-1.14,0.291,1,4324.8,-3186.6,-83.3,18.1,-16.17,3.25,258,254,-1,-1.7,-0.8,-16.4,-6.4,-0.02,-0.01,0.25,0.00,0.00,0.00,16.49,0.17,100,-1,0,-1,-4.3,0.06,0.291,0.302,0.05,0,26,0,15.4,167.2,140.6,254.0,0.00,0,11.3,-2.2
60.65,hold,351.15,-1.15,0.290,1,4321.5,-3185.9,-81.7,17.7,-16.52,3.69,257,251,-1,0.5,-0.2,-15.2,-6.0,-0.02,-0.01,0.21,0.00,0.00,0.00,16.89,0.21,100,-1,0,-1,-2.9,0.06,0.290,0.301,0.04,0,26,0,17.9,169.1,149.2,251.7,0.00,0,12.4,-3.0
60.75,hold,351.16,-1.16,0.288,1,4321.5,-3185.9,-80.0,17.4,-16.52,3.69,257,251,-1,1.7,0.3,-14.0,-5.6,-0.01,-0.00,0.17,0.00,0.00,0.00,16.93,0.24,100,-1,0,0,-2.9,0.06,0.288,0.295,0.05,0,26,0,17.9,169.1,149.2,251.7,0.00,0,12.4,-3.0
60.85,hold,351.18,-1.18,0.285,1,4318.2,-3185.1,-78.4,17.0,-16.88,4.04,256,251,-1,2.8,0.8,-12.7,-5.1,-0.01,0.00,0.12,0.00,0.00,0.00,16.97,0.25,100,-1,0,1,-1.2,0.05,0.285,0.292,0.07,0,26,0,17.9,169.1,149.2,251.7,0.00,0,12.8,-3.9
60.95,hold,351.19,-1.19,0.282,1,4316.5,-3184.7,-76.7,16.6,-16.88,4.22,255,251,-1,5.0,0.9,-11.4,-4.7,-0.01,0.00,0.08,0.00,0.00,0.00,17.35,0.34,100,-1,0,1,-0.4,0.05,0.282,0.285,0.09,0,26,0,17.9,169.1,149.2,251.7,0.00,0,12.9,-4.3
61.05,hold,351.20,-1.20,0.279,1,4314.8,-3184.2,-75.0,16.2,-16.88,4.31,255,250,-1,6.2,1.4,-10.1,-4.2,-0.00,0.00,0.03,0.00,0.00,0.00,17.39,0.38,100,-1,0,2,0.1,0.05,0.279,0.282,0.13,0,26,0,19.2,172.2,158.6,250.7,0.00,0,12.9,-4.5
61.15,hold,351.22,-1.22,0.275,1,4314.8,-3184.2,-73.3,15.7,-16.88,4.31,254,250,-1,7.3,1.5,-8.8,-3.8,0.00,0.01,0.00,0.00,0.00,0.00,17.41,0.49,100,-1,0,3,0.1,0.05,0.275,0.279,0.17,0,26,0,19.2,172.2,158.6,250.7,0.00,0,12.9,-4.5
61.25,hold,351.24,-1.24,0.271,1,4313.1,-3183.8,-71.6,15.3,-16.88,4.39,254,250,-1,8.5,1.7,-7.6,-3.3,0.01,0.00,0.00,0.00,0.00,0.00,17.43,0.58,100,-1,0,3,0.5,0.05,0.271,0.275,0.21,0,26,0,19.2,172.2,158.6,250.7,0.00,0,12.7,-4.6
61.35,hold,351.27,-1.27,0.266,1,4309.7,-3182.9,-69.9,14.8,-16.88,4.57,253,250,-1,9.7,2.1,-6.3,-2.8,0.01,0.00,0.00,0.00,0.00,0.00,17.47,0.56,100,-1,0,4,0.9,0.06,0.266,0.269,0.26,0,26,0,19.2,172.2,158.6,250.7,0.00,0,12.1,-4.5
61.45,hold,351.29,-1.29,0.262,1,4308.1,-3182.4,-68.2,14.4,-16.52,4.57,253,250,-1,10.8,1.9,-5.1,-2.4,0.01,-0.01,0.00,0.00,0.00,0.00,17.47,0.70,100,-1,0,4,1.1,0.06,0.262,0.268,0.29,0,26,0,19.4,175.8,168.2,250.6,0.00,0,11.5,-3.6
61.55,hold,351.31,-1.31,0.262,1,4308.1,-3182.4,-66.6,13.9,-16.52,4.57,252,250,-1,10.8,2.1,-4.0,-2.1,-0.01,-0.01,0.00,0.00,0.00,0.00,17.13,0.72,100,-1,0,4,1.1,0.07,0.262,0.267,0.25,0,26,0,19.4,175.8,168.2,250.6,0.00,0,11.5,-3.6
61.65,hold,351.32,-1.32,0.265,1,4304.8,-3181.5,-64.9,13.5,-16.52,4.57,252,250,-1,11.8,2.0,-2.8,-1.8,-0.02,-0.00,0.00,0.00,0.00,0.00,17.12,0.83,100,-1,0,5,1.2,0.07,0.266,0.274,0.13,0,26,0,19.4,175.8,168.2,250.6,0.00,0,11.9,-2.4
61.75,hold,351.31,-1.31,0.272,1,4304.8,-3181.5,-63.3,13.0,-16.52,4.57,251,250,-1,12.9,1.9,-1.6,-1.6,-0.01,0.00,0.00,0.00,0.00,0.00,17.12,0.92,100,-1,0,5,1.2,0.08,0.272,0.278,-0.02,0,26,0,19.4,175.8,168.2,250.6,0.00,0,11.9,-2.4
61.85,hold,351.29,-1.29,0.278,1,4303.1,-3181.1,-61.6,12.6,-16.35,4.57,251,250,-1,13.4,2.0,-0.4,-1.2,0.01,0.01,0.00,0.00,0.00,0.00,16.95,0.93,100,-1,0,5,1.3,0.08,0.278,0.283,-0.15,0,26,0,19.1,178.6,176.0,250.9,0.00,0,12.0,-3.2
61.95,hold,351.26,-1.26,0.279,1,4301.5,-3180.6,-60.0,12.1,-16.17,4.57,251,250,-1,13.9,2.0,0.8,-0.8,0.02,0.01,0.00,0.00,0.00,0.00,16.78,0.93,100,-1,0,6,1.5,0.08,0.279,0.289,-0.17,0,26,0,19.1,178.6,176.0,250.9,0.00,0,11.8,-4.0
62.05,hold,351.25,-1.25,0.275,1,4298.3,-3179.7,-58.4,11.6,-15.82,4.57,251,250,-1,14.9,1.9,1.9,-0.4,0.02,0.00,0.00,0.00,0.00,0.00,16.78,0.98,100,-1,0,6,2.7,0.08,0.275,0.286,-0.10,0,26,0,19.1,178.6,176.0,250.9,0.00,0,11.1,-4.1
62.15,hold,351.24,-1.24,0.271,1,4298.3,-3179.7,-56.8,11.2,-15.82,4.57,251,250,-1,14.9,2.2,3.0,0.0,0.02,0.00,0.00,0.00,0.00,0.00,16.44,0.91,100,-1,0,6,2.7,0.06,0.271,0.282,-0.04,0,26,0,19.1,178.6,176.0,250.9,0.00,0,11.1,-4.1
62.25,hold,351.22,-1.22,0.269,1,4296.7,-3179.2,-55.2,10.7,-15.64,4.57,251,251,-1,15.4,2.3,4.1,0.3,0.01,0.00,0.00,0.00,0.00,0.00,16.28,0.83,100,-1,0,6,3.5,0.05,0.269,0.274,-0.03,0,26,0,18.0,181.6,185.1,251.9,0.00,0,10.5,-3.3
62.35,hold,351.20,-1.20,0.273,1,4293.7,-3178.4,-53.7,10.3,-15.12,4.39,251,251,-1,15.7,2.0,5.1,0.5,-0.01,0.00,0.00,0.00,0.00,0.00,16.05,0.93,100,-1,0,6,4.7,0.03,0.273,0.276,-0.11,0,26,0,18.0,181.6,185.1,251.9,0.00,0,9.8,-0.2
62.45,hold,351.18,-1.18,0.277,1,4293.7,-3178.4,-52.2,9.9,-15.12,4.39,251,251,-1,15.7,2.3,6.0,0.5,-0.03,0.00,0.00,0.00,0.00,0.00,15.72,0.80,100,-1,0,6,4.7,0.02,0.277,0.291,-0.19,0,26,0,18.0,181.6,185.1,251.9,0.00,0,9.8,-0.2
62.55,hold,351.15,-1.15,0.278,1,4292.1,-3177.9,-50.6,9.4,-15.12,4.22,251,251,-1,16.4,1.7,7.0,0.5,-0.03,0.00,0.00,0.00,0.00,0.00,15.67,0.96,100,-1,0,6,5.1,0.01,0.278,0.292,-0.22,0,26,0,18.0,181.6,185.1,251.9,0.00,0,9.4,0.9
62.65,hold,351.13,-1.13,0.278,1,4289.2,-3177.1,-49.2,9.0,-14.41,4.04,251,253,-1,16.3,2.1,7.9,0.5,-0.03,0.01,0.00,0.00,0.00,0.00,15.34,0.75,100,-1,0,5,5.6,0.00,0.278,0.291,-0.22,0,26,0,15.9,182.8,189.6,253.9,0.00,0,8.9,-0.5
62.75,hold,351.09,-1.09,0.283,1,4287.8,-3176.7,-47.7,8.6,-14.06,4.04,252,253,-1,16.1,2.0,8.7,0.7,-0.01,0.01,0.00,0.00,0.00,0.00,14.95,0.72,100,-1,0,5,5.9,-0.01,0.283,0.290,-0.30,0,26,0,15.9,182.8,189.6,253.9,0.00,0,8.5,-1.6
62.85,hold,351.04,-1.04,0.287,1,4287.8,-3176.7,-46.3,8.2,-14.06,4.04,252,253,-1,15.9,2.4,9.6,1.0,0.01,0.01,0.00,0.00,0.00,0.00,14.62,0.53,100,-1,0,5,5.9,-0.02,0.287,0.295,-0.36,0,26,0,15.9,182.8,189.6,253.9,0.00,0,8.5,-1.6
62.95,hold,351.00,-1.00,0.287,1,4285.0,-3175.9,-44.9,7.8,-13.54,3.78,252,253,-1,16.1,2.1,10.3,1.3,0.02,0.01,0.01,0.00,0.00,0.00,14.40,0.58,100,-1,0,4,6.2,-0.03,0.287,0.299,-0.36,0,26,0,15.9,182.8,189.6,253.9,0.00,0,7.7,-2.0
63.05,hold,350.96,-0.96,0.285,1,4285.0,-3175.9,-43.5,7.4,-13.54,3.78,253,256,-1,15.9,2.3,11.1,1.6,0.02,0.02,0.04,0.00,0.00,0.00,14.05,0.41,100,-1,0,4,6.2,-0.05,0.285,0.300,-0.31,0,26,0,13.3,184.2,197.4,256.4,0.00,0,7.7,-2.0
63.15,hold,350.92,-0.92,0.283,1,4283.7,-3175.6,-42.2,7.1,-13.36,3.69,253,256,-1,16.1,2.3,11.8,1.9,0.02,0.02,0.07,0.00,0.00,0.00,13.86,0.31,100,-1,0,3,6.3,-0.06,0.283,0.300,-0.26,0,26,0,13.3,184.2,197.4,256.4,0.00,0,7.5,-1.9
63.25,hold,350.89,-0.89,0.281,1,4282.4,-3175.2,-40.9,6.7,-13.01,3.52,254,256,-1,15.7,2.2,12.5,2.2,0.03,0.02,0.09,0.00,0.00,0.00,13.47,0.27,100,-1,0,3,6.3,-0.07,0.282,0.301,-0.21,0,26,0,13.3,184.2,197.4,256.4,0.00,0,7.3,-1.8
63.35,hold,350.86,-0.86,0.280,1,4281.1,-3174.9,-39.6,6.4,-12.66,3.43,254,256,-1,15.4,2.4,13.2,2.5,0.02,0.03,0.11,0.00,0.00,0.00,13.11,0.16,100,-1,0,2,6.0,-0.07,0.280,0.300,-0.17,0,26,0,13.3,184.2,197.4,256.4,0.00,0,7.0,-1.5
63.45,hold,350.84,-0.84,0.279,1,4278.7,-3174.2,-38.4,6.0,-11.95,3.16,255,258,-1,15.1,2.6,13.8,2.7,0.01,0.03,0.13,0.00,0.00,0.00,12.75,-0.02,100,-1,0,2,4.7,-0.08,0.280,0.294,-0.17,0,26,0,10.7,185.4,206.3,259.0,0.00,0,5.4,0.2
63.55,hold,350.81,-0.81,0.282,1,4277.5,-3173.9,-37.2,5.7,-11.60,2.99,256,258,-1,14.6,2.5,14.3,2.8,-0.00,0.02,0.15,0.00,0.00,0.00,12.36,-0.09,100,-1,0,1,3.8,-0.07,0.282,0.291,-0.21,0,26,0,10.7,185.4,206.3,259.0,0.00,0,4.2,1.3
63.65,hold,350.78,-0.78,0.284,1,4277.5,-3173.9,-36.0,5.4,-11.60,2.99,256,258,-1,14.2,2.4,14.6,2.7,-0.02,0.01,0.16,0.00,0.00,0.00,11.98,-0.12,100,-1,0,0,3.8,-0.07,0.284,0.298,-0.25,0,26,0,10.7,185.4,206.3,259.0,0.00,0,4.2,1.3
63.75,hold,350.76,-0.76,0.286,1,4276.4,-3173.6,-34.9,5.1,-11.07,2.81,257,258,-1,13.2,2.4,14.9,2.6,-0.04,0.01,0.17,0.00,0.00,0.00,11.42,-0.17,100,-1,0,0,2.8,-0.06,0.286,0.306,-0.27,0,26,0,10.7,185.4,206.3,259.0,0.00,0,3.2,2.1
63.85,hold,350.73,-0.73,0.285,1,4274.3,-3173.1,-33.9,4.9,-10.20,2.64,257,260,-1,12.7,2.2,15.2,2.4,-0.04,0.01,0.18,0.00,0.00,0.00,11.04,-0.20,100,-1,0,-1,1.0,-0.05,0.285,0.308,-0.25,0,26,0,9.4,184.9,207.6,260.3,0.00,0,1.7,2.2
63.95,hold,350.71,-0.71,0.286,1,4274.3,-3173.1,-32.8,4.6,-10.20,2.64,258,260,-1,11.7,2.7,15.3,2.2,-0.05,0.01,0.18,0.00,0.00,0.00,10.52,-0.40,100,-1,0,-1,1.0,-0.04,0.286,0.309,-0.25,0,26,0,9.4,184.9,207.6,260.3,0.00,0,1.7,2.2
64.05,hold,350.68,-0.68,0.289,1,4272.3,-3172.6,-31.8,4.3,-9.49,2.29,258,260,-1,11.2,2.5,15.3,2.1,-0.04,0.00,0.18,0.00,0.00,0.00,10.14,-0.38,100,-1,0,-2,-0.8,-0.03,0.289,0.305,-0.30,0,26,0,9.4,184.9,207.6,260.3,0.00,0,-0.6,0.6
64.15,hold,350.64,-0.64,0.292,1,4272.3,-3172.6,-30.8,4.1,-9.49,2.29,258,260,-1,10.6,2.3,15.3,2.0,-0.03,-0.01,0.18,0.00,0.00,0.00,9.76,-0.34,100,-1,0,-2,-0.8,-0.02,0.292,0.307,-0.35,0,26,0,9.4,184.9,207.6,260.3,0.00,0,-0.6,0.6
64.25,hold,350.61,-0.61,0.294,1,4270.5,-3172.2,-29.9,3.9,-8.79,2.11,259,259,-1,10.2,2.6,15.1,2.0,-0.02,-0.01,0.18,0.00,0.00,0.00,9.41,-0.46,100,-1,0,-2,-1.8,-0.02,0.294,0.308,-0.37,0,26,0,9.5,184.6,205.6,260.2,0.00,0,-1.5,-0.8
64.35,hold,350.58,-0.58,0.294,1,4270.5,-3172.2,-29.0,3.7,-8.79,2.11,259,259,-1,9.6,2.4,15.0,2.1,-0.02,-0.01,0.17,0.00,0.00,0.00,9.03,-0.39,100,-1,0,-2,-1.8,-0.01,0.294,0.303,-0.34,0,26,0,9.5,184.6,205.6,260.2,0.00,0,-1.5,-0.8
64.45,hold,350.55,-0.55,0.293,1,4269.7,-3171.9,-28.2,3.4,-8.44,2.11,259,259,-1,9.1,2.6,14.8,2.1,-0.01,-0.01,0.17,0.00,0.00,0.00,8.68,-0.49,100,-1,0,-3,-2.3,-0.01,0.293,0.301,-0.31,0,26,0,9.5,184.6,205.6,260.2,0.00,0,-1.6,-1.3
64.55,hold,350.52,-0.52,0.292,1,4268.1,-3171.6,-27.4,3.2,-7.73,1.93,259,259,-1,8.5,2.4,14.6,2.2,-0.01,-0.00,0.16,0.00,0.00,0.00,8.30,-0.41,100,-1,0,-3,-2.9,-0.00,0.292,0.297,-0.28,0,26,0,9.5,184.6,205.6,260.2,0.00,0,-2.0,-1.8
64.65,hold,350.49,-0.49,0.291,1,4267.4,-3171.4,-26.6,3.1,-7.38,1.76,259,258,-1,7.9,2.6,14.4,2.3,-0.01,-0.00,0.15,0.00,0.00,0.00,7.96,-0.47,100,-1,0,-3,-3.0,0.00,0.291,0.295,-0.25,0,26,0,10.6,185.1,205.4,259.1,0.00,0,-2.2,-1.9
64.75,hold,350.47,-0.47,0.290,1,4267.4,-3171.4,-25.9,2.9,-7.38,1.76,259,258,-1,7.2,2.3,14.2,2.4,-0.00,0.00,0.15,0.00,0.00,0.00,7.58,-0.36,100,-1,0,-3,-3.0,0.00,0.290,0.291,-0.22,0,26,0,10.6,185.1,205.4,259.1,0.00,0,-2.2,-1.9
64.85,hold,350.45,-0.45,0.289,1,4266.7,-3171.2,-25.2,2.7,-7.03,1.58,259,258,-1,6.6,2.0,14.0,2.5,0.00,0.00,0.14,0.00,0.00,0.00,7.20,-0.25,100,-1,0,-3,-3.1,0.01,0.289,0.293,-0.19,0,26,0,10.6,185.1,205.4,259.1,0.00,0,-2.4,-1.9
64.95,hold,350.44,-0.44,0.288,1,4265.3,-3170.9,-24.5,2.6,-6.33,1.41,259,258,-1,5.9,2.2,13.8,2.7,0.00,0.01,0.13,0.00,0.00,0.00,6.86,-0.32,100,-1,0,-3,-3.2,0.01,0.288,0.292,-0.16,0,26,0,10.6,185.1,205.4,259.1,0.00,0,-2.6,-1.9
65.05,hold,350.42,-0.42,0.287,1,4265.3,-3170.9,-23.8,2.4,-6.33,1.41,259,257,-1,5.2,1.9,13.5,2.8,0.01,0.01,0.13,0.00,0.00,0.00,6.48,-0.19,100,-1,0,-3,-3.2,0.01,0.287,0.294,-0.13,0,26,0,12.0,185.7,205.1,257.8,0.00,0,-2.6,-1.9
65.15,hold,350.42,-0.42,0.285,1,4264.7,-3170.8,-23.2,2.3,-5.98,1.23,259,257,-1,4.5,1.6,13.3,2.9,0.01,0.02,0.12,0.00,0.00,0.00,6.10,-0.06,100,-1,0,-2,-3.2,0.02,0.285,0.295,-0.09,0,26,0,12.0,185.7,205.1,257.8,0.00,0,-2.8,-1.9
65.25,hold,350.41,-0.41,0.283,1,4263.6,-3170.5,-22.7,2.2,-5.45,1.05,259,257,-1,3.8,1.8,13.0,3.0,0.01,0.02,0.11,0.00,0.00,0.00,5.76,-0.12,100,-1,0,-2,-3.1,0.02,0.283,0.294,-0.06,0,26,0,12.0,185.7,205.1,257.8,0.00,0,-3.0,-1.7
65.35,hold,350.41,-0.41,0.281,1,4263.1,-3170.5,-22.1,2.0,-5.27,0.88,259,257,-1,3.5,1.3,12.7,3.1,0.01,0.02,0.10,0.00,0.00,0.00,5.55,0.03,100,-1,0,-2,-3.1,0.02,0.281,0.294,-0.03,0,26,0,12.0,185.7,205.1,257.8,0.00,0,-3.1,-1.6
65.45,hold,350.41,-0.41,0.279,1,4263.1,-3170.5,-21.6,2.0,-5.27,0.88,258,256,-1,3.2,0.9,12.4,3.1,0.02,0.02,0.09,0.00,0.00,0.00,5.34,0.20,100,-1,0,-2,-3.1,0.03,0.279,0.293,0.01,0,26,0,13.3,186.1,204.3,256.4,0.00,0,-3.1,-1.6
65.55,hold,350.42,-0.42,0.276,1,4262.6,-3170.4,-21.1,1.9,-4.92,0.79,258,256,-1,2.5,0.8,12.1,3.2,0.02,0.02,0.08,0.00,0.00,0.00,4.98,0.24,100,-1,0,-2,-3.1,0.03,0.276,0.293,0.05,0,26,0,13.3,186.1,204.3,256.4,0.00,0,-3.2,-1.6
65.65,hold,350.43,-0.43,0.275,1,4261.7,-3170.3,-20.6,1.8,-4.39,0.53,258,256,-1,1.7,0.8,11.8,3.3,0.02,0.02,0.07,0.00,0.00,0.00,4.62,0.27,100,-1,0,-1,-3.0,0.04,0.275,0.289,0.06,0,26,0,13.3,186.1,204.3,256.4,0.00,0,-4.2,-0.6
65.75,hold,350.43,-0.43,0.276,1,4261.2,-3170.2,-20.2,1.8,-4.22,0.35,258,256,-1,1.3,0.3,11.3,3.3,0.01,0.01,0.06,0.00,0.00,0.00,4.41,0.42,100,-1,0,-1,-3.0,0.04,0.276,0.284,0.03,0,26,0,13.3,186.1,204.3,256.4,0.00,0,-4.8,-0.0
65.85,hold,350.43,-0.43,0.277,1,4260.8,-3170.2,-19.7,1.7,-3.87,0.35,257,254,-1,0.9,-0.1,10.8,3.2,0.01,-0.00,0.04,0.00,0.00,0.00,4.19,0.59,100,-1,0,-1,-2.9,0.05,0.277,0.280,-0.00,0,26,0,14.7,186.0,202.0,255.1,0.00,0,-5.3,0.4
65.95,hold,350.44,-0.44,0.276,1,4260.5,-3170.2,-19.3,1.7,-3.69,0.18,257,254,-1,0.1,0.1,10.3,3.1,-0.00,-0.00,0.03,0.00,0.00,0.00,3.85,0.53,100,-1,0,-0,-2.9,0.05,0.276,0.278,-0.01,0,26,0,14.7,186.0,202.0,255.1,0.00,0,-5.4,0.5
66.05,hold,350.45,-0.45,0.273,1,4260.1,-3170.1,-19.0,1.7,-3.52,0.00,257,254,-1,-0.3,-0.3,9.8,3.0,0.00,-0.01,0.01,0.00,0.00,0.00,3.63,0.68,100,-1,0,-0,-2.9,0.06,0.273,0.277,0.04,0,26,0,14.7,186.0,202.0,255.1,0.00,0,-5.6,0.5
66.15,hold,350.46,-0.46,0.270,1,4260.1,-3170.1,-18.6,1.6,-3.52,0.00,256,254,-1,-0.7,-0.8,9.3,2.9,0.01,-0.01,0.00,0.00,0.00,0.00,3.42,0.83,100,-1,0,0,-2.9,0.06,0.270,0.275,0.09,0,26,0,14.7,186.0,202.0,255.1,0.00,0,-5.6,0.5
66.25,hold,350.48,-0.48,0.266,1,4259.5,-3170.2,-18.3,1.6,-3.16,-0.18,256,253,-1,-1.5,-0.6,8.7,2.8,0.00,-0.01,0.00,0.00,0.00,0.00,3.07,0.77,100,-1,0,1,-2.8,0.07,0.266,0.270,0.13,0,26,0,16.1,185.3,197.8,253.8,0.00,0,-5.5,0.8
66.35,hold,350.50,-0.50,0.264,1,4259.2,-3170.2,-18.0,1.7,-2.81,-0.18,256,253,-1,-1.5,-1.1,8.2,2.6,0.00,-0.01,0.00,0.00,0.00,0.00,3.02,0.96,100,-1,0,1,-2.8,0.08,0.264,0.267,0.16,0,26,0,16.1,185.3,197.8,253.8,0.00,0,-4.8,1.3
66.45,hold,350.52,-0.52,0.265,1,4259.2,-3170.2,-17.7,1.7,-2.81,-0.18,255,253,-1,-2.4,-0.9,7.7,2.4,-0.01,0.01,0.00,0.00,0.00,0.00,2.67,0.89,100,-1,0,1,-2.8,0.08,0.265,0.272,0.11,0,26,0,16.1,185.3,197.8,253.8,0.00,0,-4.8,1.3
66.55,hold,350.52,-0.52,0.270,1,4258.9,-3170.2,-17.4,1.7,-2.81,-0.35,255,253,-1,-2.4,-1.5,7.4,2.2,-0.01,0.02,0.00,0.00,0.00,0.00,2.62,1.07,100,-1,0,2,-2.8,0.09,0.271,0.281,-0.01,0,26,0,16.1,185.3,197.8,253.8,0.00,0,-4.0,1.5
66.65,hold,350.51,-0.51,0.277,1,4258.6,-3170.2,-17.1,1.7,-2.81,-0.35,255,252,-1,-2.2,-1.5,6.9,2.0,-0.01,0.00,0.00,0.00,0.00,0.00,2.62,1.09,100,-1,0,2,-2.6,0.09,0.277,0.283,-0.14,0,26,0,17.3,184.2,193.2,252.6,0.00,0,-4.1,1.8
66.75,hold,350.49,-0.49,0.282,1,4258.1,-3170.3,-16.9,1.8,-2.46,-0.53,254,252,-1,-3.2,-1.5,6.3,1.8,-0.01,-0.01,0.00,0.00,0.00,0.00,2.25,1.10,100,-1,0,2,-1.5,0.09,0.282,0.290,-0.23,0,26,0,17.3,184.2,193.2,252.6,0.00,0,-6.7,1.4
66.85,hold,350.47,-0.47,0.284,1,4257.9,-3170.4,-16.6,1.8,-2.11,-0.53,254,252,-1,-3.1,-1.8,5.7,1.7,0.00,-0.03,0.00,0.00,0.00,0.00,2.22,1.19,100,-1,0,3,-0.6,0.09,0.284,0.298,-0.26,0,26,0,17.3,184.2,193.2,252.6,0.00,0,-7.1,1.0
66.95,hold,350.46,-0.46,0.281,1,4257.9,-3170.4,-16.4,1.9,-2.11,-0.53,254,252,-1,-4.0,-1.6,5.0,1.6,0.01,-0.04,0.00,0.00,0.00,0.00,1.87,1.10,100,-1,0,3,-0.6,0.07,0.281,0.298,-0.20,0,26,0,17.3,184.2,193.2,252.6,0.00,0,-7.1,1.0
67.05,hold,350.45,-0.45,0.278,1,4257.5,-3170.5,-16.2,1.9,-2.11,-0.70,253,251,-1,-3.9,-1.6,4.2,1.5,0.01,-0.04,0.00,0.00,0.00,0.00,1.87,1.11,100,-1,0,3,1.2,0.06,0.278,0.301,-0.14,0,26,0,17.7,182.9,189.0,252.2,0.00,0,-6.9,0.6
67.15,hold,350.44,-0.44,0.276,1,4257.5,-3170.5,-16.0,2.0,-2.11,-0.70,253,251,-1,-4.0,-2.2,3.6,1.5,0.02,-0.04,0.00,0.00,0.00,0.00,1.81,1.29,100,-1,0,4,1.2,0.05,0.276,0.300,-0.10,0,26,0,17.7,182.9,189.0,252.2,0.00,0,-6.9,0.6
67.25,hold,350.43,-0.43,0.278,1,4257.3,-3170.6,-15.8,2.1,-2.11,-0.70,253,251,-1,-3.9,-2.3,3.0,1.4,0.01,-0.03,0.00,0.00,0.00,0.00,1.80,1.30,100,-1,0,4,1.8,0.04,0.278,0.296,-0.14,0,26,0,17.7,182.9,189.0,252.2,0.00,0,-5.9,0.9
67.35,hold,350.40,-0.40,0.283,1,4256.9,-3170.7,-15.6,2.1,-1.76,-0.70,252,251,-1,-4.8,-2.0,2.6,1.3,0.01,-0.00,0.00,0.00,0.00,0.00,1.46,1.20,100,-1,0,4,3.5,0.03,0.283,0.288,-0.21,0,26,0,17.7,182.9,189.0,252.2,0.00,0,-3.3,1.5
67.45,hold,350.38,-0.38,0.286,1,4256.7,-3170.8,-15.4,2.2,-1.76,-0.70,252,252,-1,-4.8,-2.1,2.3,1.2,-0.00,0.01,0.00,0.00,0.00,0.00,1.46,1.20,100,-1,0,4,4.2,0.01,0.286,0.290,-0.27,0,26,0,16.8,181.8,186.1,253.2,0.00,0,-2.6,2.0
67.55,hold,350.36,-0.36,0.286,1,4256.5,-3170.9,-15.2,2.3,-1.76,-0.79,252,252,-1,-4.7,-2.2,2.0,1.0,-0.01,0.01,0.00,0.00,0.00,0.00,1.46,1.20,100,-1,0,4,4.7,-0.00,0.286,0.294,-0.24,0,26,0,16.8,181.8,186.1,253.2,0.00,0,-2.4,2.2
67.65,hold,350.35,-0.35,0.283,1,4256.4,-3170.9,-15.0,2.4,-1.76,-0.88,252,252,-1,-4.7,-2.5,1.8,0.8,-0.01,0.01,0.00,0.00,0.00,0.00,1.44,1.29,100,-1,0,4,4.9,-0.01,0.283,0.291,-0.18,0,26,0,16.8,181.8,186.1,253.2,0.00,0,-2.3,2.2
67.75,hold,350.34,-0.34,0.279,1,4256.4,-3170.9,-14.9,2.4,-1.76,-0.88,252,252,-1,-4.7,-2.8,1.5,0.6,-0.01,0.01,0.00,0.00,0.00,0.00,1.41,1.37,100,-1,0,4,4.9,-0.01,0.279,0.287,-0.11,0,26,0,16.8,181.8,186.1,253.2,0.00,0,-2.3,2.2
67.85,hold,350.35,-0.35,0.276,1,4256.2,-3171.0,-14.7,2.5,-1.76,-0.88,253,254,-1,-4.6,-2.9,1.3,0.3,-0.01,0.01,0.00,0.00,0.00,0.00,1.42,1.36,100,-1,0,4,5.2,-0.02,0.276,0.283,-0.04,0,26,0,14.9,180.7,182.6,255.1,0.00,0,-2.4,2.3
67.95,hold,350.35,-0.35,0.272,1,4255.8,-3171.2,-14.5,2.6,-1.76,-0.88,253,254,-1,-4.5,-3.0,1.0,0.1,-0.01,0.01,0.00,0.00,0.00,0.00,1.42,1.36,100,-1,0,4,5.3,-0.03,0.272,0.279,0.02,0,26,0,14.9,180.7,182.6,255.1,0.00,0,-2.5,2.3
68.05,hold,350.37,-0.37,0.268,1,4255.7,-3171.3,-14.3,2.7,-1.76,-0.88,253,254,-1,-4.4,-3.1,0.8,-0.1,-0.01,0.00,0.00,0.00,0.00,0.00,1.42,1.35,100,-1,0,4,5.3,-0.03,0.268,0.274,0.09,0,26,0,14.9,180.7,182.6,255.1,0.00,0,-2.7,2.1
68.15,hold,350.38,-0.38,0.265,1,4255.7,-3171.3,-14.2,2.8,-1.76,-0.88,253,254,-1,-4.3,-3.2,0.5,-0.3,-0.01,-0.01,0.00,0.00,0.00,0.00,1.43,1.35,100,-1,0,3,5.3,-0.04,0.265,0.270,0.13,0,26,0,14.9,180.7,182.6,255.1,0.00,0,-2.7,2.1
68.25,hold,350.39,-0.39,0.266,1,4255.3,-3171.5,-14.0,2.9,-1.58,-0.88,254,256,-1,-4.2,-3.3,0.2,-0.4,0.01,-0.01,0.00,0.00,0.00,0.00,1.44,1.34,100,-1,0,3,5.2,-0.05,0.266,0.274,0.09,0,26,0,12.8,179.6,178.4,257.2,0.00,0,-3.1,0.4
68.35,hold,350.39,-0.39,0.271,1,4255.2,-3171.6,-13.8,3.0,-1.41,-0.88,254,256,-1,-4.6,-3.3,-0.1,-0.4,0.02,-0.01,0.00,0.00,0.00,0.00,1.28,1.28,100,-1,0,3,5.2,-0.05,0.271,0.281,-0.02,0,26,0,12.8,179.6,178.4,257.2,0.00,0,-2.4,0.1
68.45,hold,350.37,-0.37,0.277,1,4255.0,-3171.6,-13.7,3.1,-1.41,-0.70,254,256,-1,-5.1,-3.3,-0.3,-0.4,0.02,0.01,0.00,0.00,0.00,0.00,1.12,1.23,100,-1,0,2,5.0,-0.06,0.277,0.288,-0.14,0,26,0,12.8,179.6,178.4,257.2,0.00,0,-1.5,0.3
68.55,hold,350.35,-0.35,0.280,1,4255.0,-3171.6,-13.5,3.1,-1.41,-0.70,255,256,-1,-4.8,-2.9,-0.4,-0.5,0.01,0.01,0.00,0.00,0.00,0.00,1.17,1.05,100,-1,0,2,5.0,-0.06,0.280,0.289,-0.19,0,26,0,12.8,179.6,178.4,257.2,0.00,0,-1.5,0.3
68.65,hold,350.34,-0.34,0.280,1,4254.7,-3171.8,-13.4,3.2,-1.41,-0.70,255,258,-1,-4.8,-3.0,-0.6,-0.6,0.00,0.01,0.00,0.00,0.00,0.00,1.18,1.04,100,-1,0,1,4.3,-0.07,0.280,0.285,-0.17,0,26,0,10.8,179.3,176.3,259.2,0.00,0,-1.4,1.2
68.75,hold,350.33,-0.33,0.276,1,4254.6,-3171.8,-13.2,3.3,-1.41,-0.70,256,258,-1,-4.7,-3.1,-0.7,-0.7,-0.00,0.01,0.00,0.00,0.00,0.00,1.19,1.03,100,-1,0,1,4.0,-0.07,0.276,0.281,-0.10,0,26,0,10.8,179.3,176.3,259.2,0.00,0,-1.9,1.5
68.85,hold,350.33,-0.33,0.273,1,4254.6,-3171.8,-13.1,3.3,-1.41,-0.70,256,258,-1,-4.6,-3.2,-0.9,-0.9,-0.01,0.00,0.00,0.00,0.00,0.00,1.19,1.02,100,-1,0,1,4.0,-0.07,0.273,0.276,-0.04,0,26,0,10.8,179.3,176.3,259.2,0.00,0,-1.9,1.5
68.95,hold,350.34,-0.34,0.269,1,4254.5,-3171.9,-13.0,3.4,-1.41,-0.70,256,258,-1,-4.5,-3.3,-1.1,-1.1,-0.01,-0.01,0.00,0.00,0.00,0.00,1.20,1.02,100,-1,0,0,3.5,-0.06,0.269,0.276,0.03,0,26,0,10.8,179.3,176.3,259.2,0.00,0,-2.2,1.6
69.05,hold,350.36,-0.36,0.265,1,4254.3,-3172.0,-12.8,3.5,-1.41,-0.70,257,260,-1,-4.4,-3.4,-1.4,-1.2,-0.01,-0.02,0.00,0.00,0.00,0.00,1.21,1.00,100,-1,0,-0,3.1,-0.07,0.265,0.276,0.10,0,26,0,9.3,178.5,171.1,260.7,0.00,0,-2.5,1.7
69.15,hold,350.37,-0.37,0.262,1,4254.2,-3172.1,-12.7,3.6,-1.41,-0.70,257,260,-1,-4.3,-3.5,-1.6,-1.4,-0.01,-0.02,0.00,0.00,0.00,0.00,1.22,1.00,100,-1,0,-1,3.0,-0.07,0.262,0.271,0.13,0,26,0,9.3,178.5,171.1,260.7,0.00,0,-2.6,1.6
69.25,hold,350.38,-0.38,0.264,1,4253.9,-3172.2,-12.5,3.6,-1.41,-0.53,258,260,-1,-4.2,-3.6,-1.8,-1.5,0.00,-0.01,0.00,0.00,0.00,0.00,1.22,0.99,100,-1,0,-1,2.5,-0.08,0.264,0.270,0.07,0,26,0,9.3,178.5,171.1,260.7,0.00,0,-1.7,0.3
69.35,hold,350.36,-0.36,0.272,1,4253.9,-3172.2,-12.4,3.7,-1.41,-0.53,258,260,-1,-4.0,-3.1,-2.0,-1.5,0.01,-0.01,0.00,0.00,0.00,0.00,1.27,0.81,100,-1,0,-1,2.5,-0.08,0.272,0.278,-0.08,0,26,0,9.3,178.5,171.1,260.7,0.00,0,-1.7,0.3
69.45,hold,350.34,-0.34,0.279,1,4253.6,-3172.3,-12.3,3.7,-1.76,-0.53,258,261,-1,-3.9,-3.2,-2.0,-1.5,0.01,0.01,0.00,0.00,0.00,0.00,1.27,0.80,100,-1,0,-2,1.4,-0.07,0.279,0.288,-0.21,0,26,0,8.3,178.2,168.0,261.7,0.00,0,0.5,0.1
69.55,hold,350.32,-0.32,0.282,1,4253.6,-3172.3,-12.1,3.8,-1.76,-0.53,259,261,-1,-2.8,-3.5,-1.9,-1.5,0.01,0.01,0.00,0.00,0.00,0.00,1.62,0.86,100,-1,0,-2,1.4,-0.07,0.282,0.291,-0.26,0,26,0,8.3,178.2,168.0,261.7,0.00,0,0.5,0.1
69.65,hold,350.29,-0.29,0.282,1,4253.4,-3172.3,-11.9,3.8,-1.76,-0.53,259,261,-1,-2.7,-3.6,-1.9,-1.6,0.00,0.01,0.00,0.00,0.00,0.00,1.63,0.85,100,-1,0,-2,0.8,-0.06,0.282,0.290,-0.24,0,26,0,8.3,178.2,168.0,261.7,0.00,0,0.9,0.6
69.75,hold,350.28,-0.28,0.279,1,4253.1,-3172.4,-11.7,3.9,-1.76,-0.35,259,261,-1,-2.6,-3.6,-1.8,-1.7,-0.00,0.01,0.00,0.00,0.00,0.00,1.63,0.84,100,-1,0,-3,-0.9,-0.05,0.279,0.283,-0.17,0,26,0,8.3,178.2,168.0,261.7,0.00,0,0.2,1.3
69.85,hold,350.27,-0.27,0.276,1,4252.9,-3172.5,-11.6,3.9,-1.76,-0.35,260,261,-1,-2.4,-3.2,-1.8,-1.8,-0.01,0.00,0.00,0.00,0.00,0.00,1.66,0.67,100,-1,0,-3,-1.7,-0.04,0.276,0.281,-0.11,0,26,0,8.3,177.9,166.0,261.7,0.00,0,-0.2,1.7
69.95,hold,350.27,-0.27,0.272,1,4252.9,-3172.5,-11.4,4.0,-1.76,-0.35,260,261,-1,-2.3,-3.2,-1.8,-2.0,-0.02,-0.01,0.00,0.00,0.00,0.00,1.67,0.66,100,-1,0,-3,-1.7,-0.03,0.272,0.281,-0.04,0,26,0,8.3,177.9,166.0,261.7,0.00,0,-0.2,1.7
70.05,hold,350.28,-0.28,0.268,1,4252.5,-3172.5,-11.2,4.0,-1.76,-0.35,260,261,-1,-2.2,-3.3,-1.9,-2.2,-0.02,-0.01,0.00,0.00,0.00,0.00,1.67,0.66,100,-1,0,-3,-2.3,-0.02,0.268,0.282,0.03,0,26,0,8.3,177.9,166.0,261.7,0.00,0,-0.6,1.6
70.15,hold,350.29,-0.29,0.266,1,4252.4,-3172.6,-11.0,4.0,-1.76,-0.26,260,261,-1,-2.0,-3.3,-2.0,-2.3,-0.02,-0.01,0.00,0.00,0.00,0.00,1.67,0.65,100,-1,0,-3,-2.5,-0.02,0.266,0.278,0.06,0,26,0,8.3,177.9,166.0,261.7,0.00,0,-0.5,1.0
70.25,hold,350.29,-0.29,0.267,1,4252.4,-3172.6,-10.9,4.1,-1.76,-0.26,260,260,-1,-1.9,-3.1,-2.0,-2.4,-0.01,-0.02,0.00,0.00,0.00,0.00,1.69,0.57,100,-1,0,-3,-2.5,-0.02,0.267,0.276,0.03,0,26,0,9.2,177.3,163.8,260.8,0.00,0,-0.5,1.0
70.35,hold,350.28,-0.28,0.271,1,4252.0,-3172.6,-10.7,4.1,-1.76,-0.18,260,260,-1,-1.8,-2.9,-2.1,-2.3,0.01,-0.02,0.00,0.00,0.00,0.00,1.70,0.48,100,-1,0,-3,-2.7,-0.01,0.271,0.284,-0.05,0,26,0,9.2,177.3,163.8,260.8,0.00,0,-0.4,-0.8
70.45,hold,350.27,-0.27,0.276,1,4251.8,-3172.6,-10.5,4.1,-1.76,-0.18,260,260,-1,-1.7,-2.9,-2.1,-2.2,0.02,-0.01,0.00,0.00,0.00,0.00,1.70,0.48,100,-1,0,-3,-2.7,-0.01,0.276,0.288,-0.13,0,26,0,9.2,177.3,163.8,260.8,0.00,0,0.6,-0.7
70.55,hold,350.24,-0.24,0.281,1,4251.8,-3172.6,-10.3,4.1,-1.76,-0.18,260,260,-1,-1.6,-2.9,-2.1,-2.2,0.02,0.00,0.00,0.00,0.00,0.00,1.70,0.48,100,-1,0,-3,-2.7,-0.01,0.281,0.287,-0.21,0,26,0,9.2,177.3,163.8,260.8,0.00,0,0.6,-0.7
70.65,hold,350.22,-0.22,0.284,1,4251.5,-3172.6,-10.2,4.1,-1.76,0.00,260,259,-1,-1.4,-2.5,-1.9,-2.1,0.01,0.01,0.00,0.00,0.00,0.00,1.73,0.31,100,-1,0,-3,-2.8,-0.01,0.284,0.290,-0.26,0,26,0,10.3,177.5,166.7,259.7,0.00,0,1.6,-0.1
70.75,hold,350.19,-0.19,0.284,1,4251.5,-3172.6,-10.0,4.1,-1.76,0.00,260,259,-1,-1.3,-2.5,-1.8,-2.1,0.00,0.01,0.00,0.00,0.00,0.00,1.73,0.32,100,-1,0,-3,-2.8,-0.00,0.284,0.289,-0.24,0,26,0,10.3,177.5,166.7,259.7,0.00,0,1.6,-0.1
70.85,hold,350.18,-0.18,0.281,1,4251.1,-3172.6,-9.8,4.1,-1.76,0.00,259,259,-1,-1.2,-2.5,-1.6,-2.1,0.00,0.01,0.00,0.00,0.00,0.00,1.73,0.32,100,-1,0,-3,-2.6,-0.01,0.281,0.285,-0.18,0,26,0,10.3,177.5,166.7,259.7,0.00,0,1.2,0.0
70.95,hold,350.17,-0.17,0.278,1,4251.0,-3172.6,-9.6,4.1,-1.76,0.18,259,259,-1,-1.1,-2.5,-1.5,-2.1,0.00,0.01,0.00,0.00,0.00,0.00,1.73,0.32,100,-1,0,-3,-2.6,-0.00,0.278,0.281,-0.11,0,26,0,10.3,177.5,166.7,259.7,0.00,0,1.1,0.0
71.05,hold,350.16,-0.16,0.275,1,4250.8,-3172.6,-9.5,4.1,-1.76,0.18,259,258,-1,-0.9,-2.0,-1.4,-2.1,-0.00,0.00,0.00,0.00,0.00,0.00,1.76,0.16,100,-1,0,-3,-2.5,0.00,0.275,0.278,-0.04,0,26,0,11.4,177.6,168.4,258.6,0.00,0,0.9,0.1
71.15,hold,350.17,-0.17,0.271,1,4250.8,-3172.6,-9.3,4.1,-1.76,0.18,259,258,-1,-0.8,-2.0,-1.3,-2.1,-0.00,0.00,0.00,0.00,0.00,0.00,1.76,0.17,100,-1,0,-2,-2.5,0.00,0.271,0.274,0.02,0,26,0,11.4,177.6,168.4,258.6,0.00,0,0.9,0.1
71.25,hold,350.18,-0.18,0.268,1,4250.4,-3172.6,-9.1,4.1,-1.76,0.18,259,258,-1,-0.7,-2.0,-1.3,-2.1,-0.01,-0.00,0.00,0.00,0.00,0.00,1.76,0.17,100,-1,0,-2,-2.6,0.01,0.268,0.271,0.08,0,26,0,11.4,177.6,168.4,258.6,0.00,0,0.7,0.2
71.35,hold,350.20,-0.20,0.263,1,4250.4,-3172.6,-8.9,4.1,-1.76,0.18,259,258,-1,-0.6,-2.0,-1.2,-2.1,-0.01,-0.00,0.00,0.00,0.00,0.00,1.76,0.18,100,-1,0,-2,-2.6,0.01,0.263,0.268,0.15,0,26,0,11.4,177.6,168.4,258.6,0.00,0,0.7,0.2
71.45,hold,350.21,-0.21,0.262,1,4250.1,-3172.5,-8.7,4.0,-1.76,0.35,258,257,-1,-0.4,-1.5,-1.2,-2.0,-0.00,-0.01,0.00,0.00,0.00,0.00,1.79,0.01,100,-1,0,-2,-2.4,0.02,0.262,0.266,0.16,0,26,0,12.4,177.7,169.6,257.6,0.00,0,0.6,-1.1
71.55,hold,350.21,-0.21,0.267,1,4250.1,-3172.5,-8.6,4.0,-1.76,0.35,258,257,-1,-0.3,-1.5,-1.1,-1.9,0.01,-0.01,0.00,0.00,0.00,0.00,1.79,0.02,100,-1,0,-1,-2.4,0.02,0.267,0.274,0.05,0,26,0,12.4,177.7,169.6,257.6,0.00,0,0.6,-1.1
71.65,hold,350.19,-0.19,0.277,1,4249.7,-3172.4,-8.4,4.0,-1.76,0.35,258,257,-1,-0.2,-1.5,-1.0,-1.8,0.02,-0.00,0.00,0.00,0.00,0.00,1.79,0.03,100,-1,0,-1,-2.5,0.03,0.277,0.285,-0.13,0,26,0,12.4,177.7,169.6,257.6,0.00,0,0.7,-1.0
71.75,hold,350.15,-0.15,0.287,1,4249.5,-3172.4,-8.2,3.9,-1.76,0.35,258,257,-1,-0.1,-1.5,-1.0,-1.7,0.01,-0.01,0.00,0.00,0.00,0.00,1.79,0.03,100,-1,0,-1,-2.5,0.03,0.287,0.291,-0.30,0,26,0,12.4,177.7,169.6,257.6,0.00,0,0.6,-0.2
71.85,hold,350.12,-0.12,0.289,1,4249.4,-3172.3,-8.0,3.9,-1.76,0.53,257,256,-1,0.0,-1.5,-0.9,-1.7,-0.00,-0.01,0.00,0.00,0.00,0.00,1.79,0.04,100,-1,0,-1,-2.5,0.04,0.289,0.293,-0.32,0,26,0,13.4,178.1,172.1,256.6,0.00,0,0.4,-0.2
71.95,hold,350.10,-0.10,0.287,1,4249.2,-3172.3,-7.9,3.8,-1.76,0.53,257,256,-1,0.2,-1.0,-0.9,-1.6,-0.01,-0.01,0.00,0.00,0.00,0.00,1.83,-0.12,100,-1,0,-0,-2.1,0.04,0.287,0.295,-0.25,0,26,0,13.4,178.1,172.1,256.6,0.00,0,0.2,-0.1
72.05,hold,350.08,-0.08,0.284,1,4249.0,-3172.2,-7.7,3.8,-1.76,0.53,257,256,-1,0.3,-1.0,-0.9,-1.6,-0.01,-0.02,0.00,0.00,0.00,0.00,1.83,-0.11,100,-1,0,-0,-2.4,0.04,0.284,0.294,-0.19,0,26,0,13.4,178.1,172.1,256.6,0.00,0,0.1,-0.1
72.15,hold,350.07,-0.07,0.281,1,4249.0,-3172.2,-7.5,3.7,-1.76,0.53,257,256,-1,0.5,-1.0,-0.9,-1.6,-0.01,-0.02,0.00,0.00,0.00,0.00,1.83,-0.11,100,-1,0,-0,-2.4,0.05,0.281,0.292,-0.12,0,26,0,13.4,178.1,172.1,256.6,0.00,0,0.1,-0.1
72.25,hold,350.07,-0.07,0.278,1,4248.7,-3172.1,-7.3,3.7,-1.76,0.53,256,255,-1,0.6,-1.0,-0.9,-1.6,-0.01,-0.02,0.00,0.00,0.00,0.00,1.83,-0.10,100,-1,0,0,-2.3,0.05,0.278,0.291,-0.05,0,26,0,14.4,178.2,172.9,255.6,0.00,0,-0.1,-0.0
72.35,hold,350.07,-0.07,0.274,1,4248.5,-3172.1,-7.2,3.6,-1.76,0.62,256,255,-1,0.7,-1.0,-0.9,-1.6,-0.01,-0.03,0.00,0.00,0.00,0.00,1.83,-0.09,100,-1,0,1,-2.2,0.06,0.274,0.289,0.01,0,26,0,14.4,178.2,172.9,255.6,0.00,0,0.2,-0.2
72.45,hold,350.07,-0.07,0.272,1,4248.5,-3172.1,-7.0,3.6,-1.76,0.62,256,255,-1,0.8,-0.8,-0.9,-1.6,-0.01,-0.02,0.00,0.00,0.00,0.00,1.85,-0.17,100,-1,0,1,-2.2,0.06,0.272,0.283,0.05,0,26,0,14.4,178.2,172.9,255.6,0.00,0,0.2,-0.2
72.55,hold,350.08,-0.08,0.272,1,4248.3,-3172.0,-6.8,3.5,-1.76,0.70,256,255,-1,1.0,-0.5,-0.8,-1.5,-0.00,-0.01,0.00,0.00,0.00,0.00,1.88,-0.25,100,-1,0,1,-1.6,0.05,0.272,0.277,0.04,0,26,0,14.4,178.2,172.9,255.6,0.00,0,0.9,-0.7
72.65,hold,350.08,-0.08,0.273,1,4248.0,-3171.9,-6.6,3.4,-1.76,0.70,255,254,-1,1.1,-0.5,-0.6,-1.3,0.01,0.00,0.00,0.00,0.00,0.00,1.88,-0.24,100,-1,0,1,-0.8,0.05,0.273,0.278,0.03,0,26,0,15.1,178.5,174.5,254.9,0.00,0,2.3,-1.5
72.75,hold,350.08,-0.08,0.271,1,4248.0,-3171.9,-6.5,3.4,-1.76,0.70,255,254,-1,1.2,-0.5,-0.3,-1.2,0.01,0.01,0.00,0.00,0.00,0.00,1.88,-0.23,100,-1,0,1,-0.8,0.04,0.271,0.281,0.05,0,26,0,15.1,178.5,174.5,254.9,0.00,0,2.3,-1.5
72.85,hold,350.09,-0.09,0.267,1,4247.8,-3171.8,-6.3,3.3,-1.76,0.70,255,254,-1,1.4,-0.5,-0.1,-1.0,0.01,0.02,0.00,0.00,0.00,0.00,1.88,-0.22,100,-1,0,2,-0.5,0.04,0.268,0.278,0.12,0,26,0,15.1,178.5,174.5,254.9,0.00,0,2.5,-1.5
72.95,hold,350.11,-0.11,0.265,1,4247.4,-3171.6,-6.1,3.2,-1.76,0.70,255,254,-1,1.5,-0.4,0.1,-0.9,0.01,0.01,0.00,0.00,0.00,0.00,1.88,-0.22,100,-1,0,2,-0.2,0.04,0.265,0.272,0.16,0,26,0,15.1,178.5,174.5,254.9,0.00,0,1.5,-0.8
73.05,hold,350.11,-0.11,0.266,1,4247.4,-3171.6,-5.9,3.1,-1.76,0.70,255,254,-1,1.6,-0.4,0.2,-0.8,0.00,-0.00,0.00,0.00,0.00,0.00,1.88,-0.21,100,-1,0,2,-0.2,0.04,0.266,0.269,0.12,0,26,0,15.3,179.2,177.2,254.7,0.00,0,1.5,-0.8
73.15,hold,350.11,-0.11,0.271,1,4247.3,-3171.6,-5.8,3.1,-1.76,0.70,255,254,-1,1.7,-0.4,0.3,-0.8,-0.00,-0.02,0.00,0.00,0.00,0.00,1.88,-0.21,100,-1,0,2,-0.2,0.04,0.271,0.280,0.01,0,26,0,15.3,179.2,177.2,254.7,0.00,0,0.6,-0.7
73.25,hold,350.09,-0.09,0.280,1,4246.9,-3171.4,-5.6,3.0,-1.76,0.70,254,254,-1,1.8,-0.4,0.3,-0.8,-0.01,-0.02,0.00,0.00,0.00,0.00,1.88,-0.20,100,-1,0,2,-0.0,0.05,0.280,0.292,-0.14,0,26,0,15.3,179.2,177.2,254.7,0.00,0,0.6,0.3
73.35,hold,350.07,-0.07,0.287,1,4246.7,-3171.4,-5.4,2.9,-1.76,0.70,254,254,-1,1.9,-0.4,0.4,-0.9,-0.02,-0.01,0.00,0.00,0.00,0.00,1.88,-0.20,100,-1,0,2,0.2,0.05,0.287,0.295,-0.26,0,26,0,15.3,179.2,177.2,254.7,0.00,0,1.8,0.5
73.45,hold,350.04,-0.04,0.289,1,4246.7,-3171.4,-5.2,2.9,-1.76,0.70,254,254,-1,2.1,-0.4,0.6,-0.9,-0.02,0.00,0.00,0.00,0.00,0.00,1.88,-0.20,100,-1,0,2,0.2,0.04,0.289,0.298,-0.28,0,26,0,15.2,179.3,177.3,254.8,0.00,0,1.8,0.5
73.55,hold,350.02,-0.02,0.287,1,4246.4,-3171.2,-5.1,2.8,-1.76,0.88,254,254,-1,2.3,0.1,0.8,-1.0,-0.02,0.00,0.00,0.00,0.00,0.00,1.93,-0.37,100,-1,0,2,0.7,0.04,0.287,0.298,-0.22,0,26,0,15.2,179.3,177.3,254.8,0.00,0,1.9,0.5
73.65,hold,350.01,-0.01,0.284,1,4246.4,-3171.2,-4.9,2.7,-1.76,0.88,254,254,-1,2.4,0.1,1.0,-1.0,-0.02,0.01,0.00,0.00,0.00,0.00,1.93,-0.36,100,-1,0,3,0.7,0.04,0.284,0.296,-0.15,0,26,0,15.2,179.3,177.3,254.8,0.00,0,1.9,0.5
73.75,hold,350.00,-0.00,0.281,1,4246.2,-3171.1,-4.7,2.6,-1.58,0.88,254,254,-1,2.0,0.3,1.2,-1.1,-0.03,0.01,0.00,0.00,0.00,0.00,1.76,-0.41,100,-1,0,3,0.8,0.04,0.281,0.296,-0.08,0,26,0,15.2,179.3,177.3,254.8,0.00,0,1.6,0.5
73.85,hold,350.00,-0.00,0.278,1,4245.9,-3170.9,-4.6,2.5,-1.41,0.88,254,254,-1,1.6,0.5,1.4,-1.1,-0.03,0.02,0.00,0.00,0.00,0.00,1.59,-0.46,100,-1,0,3,1.7,0.03,0.278,0.294,-0.02,0,26,0,14.9,179.3,177.3,255.1,0.00,0,1.6,-0.2
73.95,hold,350.00,-0.00,0.276,1,4245.8,-3170.8,-4.4,2.4,-1.41,0.88,254,254,-1,1.7,0.5,1.5,-1.0,-0.01,0.01,0.00,0.00,0.00,0.00,1.59,-0.46,100,-1,0,3,2.1,0.02,0.276,0.285,0.02,0,26,0,14.9,179.3,177.3,255.1,0.00,0,0.8,-1.1
74.05,hold,350.00,-0.00,0.276,1,4245.7,-3170.8,-4.3,2.3,-1.41,0.88,254,254,-1,1.8,0.5,1.6,-0.9,0.00,-0.00,0.00,0.00,0.00,0.00,1.59,-0.46,100,-1,0,3,2.5,0.01,0.276,0.277,0.01,0,26,0,14.9,179.3,177.3,255.1,0.00,0,0.2,-2.0
74.15,hold,350.00,0.00,0.277,1,4245.7,-3170.8,-4.2,2.3,-1.41,0.88,254,254,-1,1.9,0.6,1.6,-0.7,0.02,-0.01,0.00,0.00,0.00,0.00,1.59,-0.46,100,-1,0,3,2.5,0.00,0.277,0.288,0.00,0,26,0,14.9,179.3,177.3,255.1,0.00,0,0.2,-2.0
74.25,hold,350.00,0.00,0.276,1,4245.5,-3170.7,-4.0,2.2,-1.41,0.88,254,255,-1,2.0,0.6,1.6,-0.4,0.03,-0.02,0.00,0.00,0.00,0.00,1.59,-0.46,100,-1,0,2,2.7,-0.01,0.276,0.293,0.03,0,26,0,14.0,180.0,180.0,256.0,0.00,0,-0.3,-2.6
74.35,hold,350.00,-0.00,0.273,1,4245.2,-3170.5,-3.9,2.1,-1.41,0.88,254,255,-1,2.1,0.6,1.6,-0.2,0.02,-0.02,0.00,0.00,0.00,0.00,1.59,-0.47,100,-1,0,2,3.0,-0.01,0.273,0.290,0.06,0,26,0,14.0,180.0,180.0,256.0,0.00,0,0.2,-1.9
74.45,hold,350.00,-0.00,0.274,1,4245.1,-3170.4,-3.7,2.0,-1.05,0.88,254,255,-1,2.2,0.7,1.6,0.0,0.02,-0.01,0.00,0.00,0.00,0.00,1.59,-0.47,100,-1,0,2,3.2,-0.02,0.274,0.285,0.06,0,26,0,14.0,180.0,180.0,256.0,0.00,0,0.6,-1.4
74.55,hold,350.01,-0.01,0.274,1,4245.1,-3170.4,-3.6,1.9,-1.05,0.88,255,255,-1,1.3,1.0,1.7,0.2,0.01,0.00,0.00,0.00,0.00,0.00,1.25,-0.57,100,-1,0,2,3.2,-0.02,0.274,0.278,0.05,0,26,0,14.0,180.0,180.0,256.0,0.00,0,0.6,-1.4
74.65,hold,350.01,-0.01,0.274,1,4244.9,-3170.2,-3.5,1.8,-1.05,0.88,255,256,-1,1.4,1.0,1.8,0.3,-0.00,0.01,0.00,0.00,0.00,0.00,1.25,-0.57,100,-1,0,2,3.1,-0.02,0.274,0.280,0.04,0,26,0,12.7,180.7,182.9,257.3,0.00,0,1.3,-0.4
74.75,hold,350.01,-0.01,0.273,1,4244.8,-3170.1,-3.4,1.7,-1.05,0.88,255,256,-1,1.4,1.1,1.9,0.3,-0.01,0.01,0.00,0.00,0.00,0.00,1.25,-0.58,100,-1,0,2,3.1,-0.03,0.273,0.280,0.06,0,26,0,12.7,180.7,182.9,257.3,0.00,0,1.1,-0.4
74.85,hold,350.03,-0.03,0.269,1,4244.7,-3170.1,-3.3,1.6,-1.05,0.88,255,256,-1,1.5,1.1,2.0,0.4,-0.01,0.01,0.00,0.00,0.00,0.00,1.24,-0.58,100,-1,0,1,2.9,-0.03,0.269,0.276,0.13,0,26,0,12.7,180.7,182.9,257.3,0.00,0,0.7,-0.6
74.95,hold,350.04,-0.04,0.266,1,4244.6,-3170.0,-3.2,1.6,-1.05,0.70,255,256,-1,1.6,1.1,2.1,0.4,-0.00,0.00,0.00,0.00,0.00,0.00,1.24,-0.58,100,-1,0,1,3.1,-0.03,0.266,0.268,0.16,0,26,0,12.7,180.7,182.9,257.3,0.00,0,0.0,-1.1
75.05,hold,350.05,-0.05,0.266,1,4244.6,-3170.0,-3.1,1.5,-1.05,0.70,256,258,-1,1.5,0.7,2.0,0.6,0.01,-0.01,0.00,0.00,0.00,0.00,1.20,-0.42,100,-1,0,1,3.1,-0.04,0.266,0.274,0.15,0,26,0,11.5,181.0,184.9,258.5,0.00,0,0.0,-1.1
75.15,hold,350.06,-0.06,0.267,1,4244.5,-3169.9,-3.0,1.4,-1.05,0.70,256,258,-1,1.6,0.7,1.9,0.7,0.02,-0.02,0.00,0.00,0.00,0.00,1.19,-0.43,100,-1,0,1,2.9,-0.05,0.268,0.284,0.12,0,26,0,11.5,181.0,184.9,258.5,0.00,0,-0.9,-1.4
75.25,hold,350.06,-0.06,0.271,1,4244.3,-3169.8,-2.9,1.3,-0.70,0.70,256,258,-1,1.7,0.7,1.7,0.8,0.01,-0.04,0.00,0.00,0.00,0.00,1.19,-0.43,100,-1,0,0,2.9,-0.05,0.271,0.288,0.04,0,26,0,11.5,181.0,184.9,258.5,0.00,0,-1.3,-0.2
75.35,hold,350.06,-0.06,0.276,1,4244.2,-3169.7,-2.8,1.3,-0.70,0.70,256,258,-1,0.7,1.0,1.6,0.8,-0.00,-0.02,0.00,0.00,0.00,0.00,0.85,-0.52,100,-1,0,0,2.7,-0.05,0.276,0.284,-0.04,0,26,0,11.5,181.0,184.9,258.5,0.00,0,-0.2,-0.2
75.45,hold,350.04,-0.04,0.280,1,4244.1,-3169.6,-2.7,1.2,-0.70,0.70,257,259,-1,0.7,1.1,1.6,0.9,-0.00,0.00,0.00,0.00,0.00,0.00,0.85,-0.52,100,-1,0,-0,2.6,-0.06,0.280,0.283,-0.12,0,26,0,10.3,181.2,186.3,259.7,0.00,0,0.8,-0.1
75.55,hold,350.03,-0.03,0.282,1,4244.1,-3169.6,-2.6,1.1,-0.70,0.70,257,259,-1,0.8,1.1,1.7,0.9,-0.01,0.01,0.00,0.00,0.00,0.00,0.84,-0.53,100,-1,0,-0,2.6,-0.06,0.282,0.289,-0.15,0,26,0,10.3,181.2,186.3,259.7,0.00,0,0.8,-0.1
75.65,hold,350.02,-0.02,0.279,1,4244.0,-3169.5,-2.6,1.1,-0.70,0.53,257,259,-1,0.8,1.1,1.8,0.9,-0.01,0.02,0.00,0.00,0.00,0.00,0.84,-0.53,100,-1,0,-1,1.7,-0.05,0.279,0.288,-0.08,0,26,0,10.3,181.2,186.3,259.7,0.00,0,1.1,-0.1
75.75,hold,350.02,-0.02,0.276,1,4243.9,-3169.5,-2.5,1.0,-0.70,0.53,257,259,-1,0.8,0.7,1.9,0.9,-0.00,0.02,0.00,0.00,0.00,0.00,0.80,-0.36,100,-1,0,-1,1.5,-0.05,0.276,0.284,-0.01,0,26,0,10.3,181.2,186.3,259.7,0.00,0,1.1,-0.0
75.85,hold,350.03,-0.03,0.272,1,4243.9,-3169.5,-2.4,1.0,-0.70,0.53,258,259,-1,0.8,0.7,2.0,0.9,-0.00,0.02,0.00,0.00,0.00,0.00,0.80,-0.37,100,-1,0,-1,1.5,-0.05,0.272,0.280,0.05,0,26,0,9.6,181.2,187.3,260.4,0.00,0,1.1,-0.0
75.95,hold,350.04,-0.04,0.268,1,4243.8,-3169.3,-2.4,0.9,-0.70,0.53,258,259,-1,0.8,0.7,2.1,0.9,-0.00,0.01,0.00,0.00,0.00,0.00,0.80,-0.37,100,-1,0,-1,0.3,-0.05,0.268,0.275,0.12,0,26,0,9.6,181.2,187.3,260.4,0.00,0,-0.0,0.0
76.05,hold,350.05,-0.05,0.267,1,4243.8,-3169.3,-2.3,0.8,-0.70,0.53,258,259,-1,0.9,0.7,2.0,0.9,-0.01,-0.00,0.00,0.00,0.00,0.00,0.80,-0.37,100,-1,0,-2,0.3,-0.04,0.267,0.271,0.12,0,26,0,9.6,181.2,187.3,260.4,0.00,0,-0.0,0.0
76.15,hold,350.05,-0.05,0.271,1,4243.7,-3169.3,-2.2,0.8,-0.70,0.53,258,259,-1,0.9,0.8,1.8,0.9,-0.01,-0.03,0.00,0.00,0.00,0.00,0.79,-0.38,100,-1,0,-2,0.4,-0.04,0.271,0.286,0.04,0,26,0,9.6,181.2,187.3,260.4,0.00,0,-1.8,0.1
76.25,hold,350.05,-0.05,0.274,1,4243.6,-3169.2,-2.2,0.7,-0.35,0.35,259,260,-1,1.0,0.8,1.6,0.9,-0.00,-0.04,0.00,0.00,0.00,0.00,0.79,-0.38,100,-1,0,-2,-0.2,-0.04,0.274,0.290,-0.01,0,26,0,9.4,181.2,187.0,260.6,0.00,0,-1.8,-0.4
76.35,hold,350.04,-0.04,0.276,1,4243.6,-3169.2,-2.1,0.7,-0.35,0.35,259,260,-1,-0.1,0.5,1.4,1.0,0.00,-0.02,0.00,0.00,0.00,0.00,0.41,-0.28,100,-1,0,-2,-0.5,-0.04,0.276,0.284,-0.05,0,26,0,9.4,181.2,187.0,260.6,0.00,0,-0.9,-0.4
76.45,hold,350.03,-0.03,0.280,1,4243.6,-3169.2,-2.1,0.7,-0.35,0.35,259,260,-1,-0.1,0.5,1.4,1.0,0.00,0.00,0.00,0.00,0.00,0.00,0.41,-0.28,100,-1,0,-2,-0.5,-0.03,0.280,0.282,-0.12,0,26,0,9.4,181.2,187.0,260.6,0.00,0,-0.9,-0.4
76.55,hold,350.02,-0.02,0.282,1,4243.5,-3169.1,-2.1,0.6,-0.35,0.35,259,260,-1,-0.1,0.5,1.4,1.0,0.00,0.01,0.00,0.00,0.00,0.00,0.41,-0.28,100,-1,0,-2,-1.0,-0.03,0.282,0.286,-0.15,0,26,0,9.4,181.2,187.0,260.6,0.00,0,0.1,-0.3
76.60,fly,350.01,-287.01,0.127,1,4243.5,-3169.1,-2.0,0.6,-0.35,0.35,259,259,-1,-0.0,0.7,1.4,1.0,0.00,0.01,0.00,0.00,0.00,0.00,0.41,-0.28,100,-1,0,0,-1.0,0.02,0.127,0.134,-0.08,0,26,0,9.7,181.3,187.4,260.3,0.00,0,0.1,-0.3
76.70,fly,350.01,-287.01,0.120,1,4243.5,-3169.1,-2.0,0.6,-0.35,0.35,259,259,-1,-0.0,0.7,1.4,1.1,0.01,0.02,0.00,0.00,0.00,0.00,0.41,-0.28,100,-1,0,-0,-1.1,0.02,0.120,0.129,-0.08,0,26,0,9.7,181.3,187.4,260.3,0.00,0,0.0,-0.2
76.80,fly,349.96,-286.96,0.120,1,4243.4,-3169.0,-2.0,0.6,-0.35,0.35,259,259,-1,0.0,0.7,1.4,1.0,0.00,0.01,0.00,0.00,0.00,0.00,0.41,-0.28,100,-1,0,-0,-1.2,0.02,0.120,0.124,-0.01,0,26,0,9.7,181.3,187.4,260.3,0.00,0,-0.5,0.3
76.90,fly,349.84,-286.84,0.120,1,4243.4,-3169.0,-1.9,0.5,-0.35,0.35,259,259,-1,0.0,0.8,1.3,1.0,-0.00,0.01,0.00,0.00,0.00,0.00,0.41,-0.28,100,-1,0,-0,-1.1,0.02,0.120,0.123,-0.65,0,26,0,9.7,181.3,187.4,260.3,0.00,0,-0.5,0.3
77.00,fly,349.64,-286.64,0.120,1,4243.4,-3169.0,-1.9,0.5,-0.35,0.35,259,259,-1,0.1,0.8,1.3,1.0,-0.00,0.00,0.00,0.00,0.00,0.00,0.41,-0.28,100,-1,0,-0,-1.5,0.02,0.120,0.123,-1.44,0,26,0,10.1,181.2,186.6,259.9,0.00,0,-0.7,0.4
77.10,fly,349.36,-286.36,0.120,1,4243.3,-3168.9,-1.9,0.5,-0.35,0.35,259,259,-1,0.1,0.8,1.2,0.9,-0.00,0.00,0.00,0.00,0.00,0.00,0.41,-0.28,100,-1,0,-0,-1.1,0.03,0.120,0.123,-2.23,0,26,0,10.1,181.2,186.6,259.9,0.00,0,-0.6,0.3
77.20,fly,349.00,-286.00,0.120,1,4243.3,-3168.9,-1.8,0.4,-0.35,0.35,259,259,-1,0.1,0.8,1.1,0.9,-0.01,0.00,0.00,0.00,0.00,0.00,0.41,-0.28,100,-1,0,-0,-0.9,0.02,0.120,0.123,-3.02,0,26,0,10.1,181.2,186.6,259.9,0.00,0,-0.5,0.3
77.30,fly,348.56,-285.56,0.120,1,4243.3,-3168.8,-1.8,0.4,-0.35,0.35,259,259,-1,0.1,0.8,1.1,0.8,-0.01,0.00,0.00,0.00,0.00,0.00,0.41,-0.28,100,-1,0,0,-1.5,0.02,0.120,0.123,-3.79,0,26,0,10.1,181.2,186.6,259.9,0.00,0,-0.8,0.5
77.40,fly,348.05,-285.05,0.120,1,4243.2,-3168.8,-1.8,0.3,-0.35,0.18,259,258,-1,0.2,0.8,1.0,0.8,-0.01,-0.00,0.00,0.00,0.00,0.00,0.41,-0.28,100,-1,0,0,-1.3,0.03,0.120,0.123,-4.56,0,26,0,10.6,181.0,185.2,259.4,0.00,0,-0.8,0.4
77.50,fly,347.46,-284.46,0.120,1,4243.2,-3168.8,-1.7,0.3,-0.35,0.18,259,258,-1,0.1,0.3,0.9,0.8,-0.00,-0.00,0.00,0.00,0.00,0.00,0.38,-0.10,100,-1,0,0,-1.2,0.03,0.120,0.121,-5.33,0,26,0,10.6,181.0,185.2,259.4,0.00,0,-0.7,0.4
77.60,fly,346.79,-283.79,0.120,1,4243.2,-3168.8,-1.7,0.3,-0.35,0.18,259,258,-1,0.1,0.3,0.9,0.7,-0.00,-0.00,0.00,0.00,0.00,0.00,0.38,-0.10,100,-1,0,0,-1.3,0.03,0.120,0.122,-6.09,0,26,0,10.6,181.0,185.2,259.4,0.00,0,-0.9,0.5
77.70,fly,346.05,-283.05,0.120,1,4243.1,-3168.8,-1.7,0.3,-0.35,0.18,259,258,-1,0.1,0.4,0.8,0.7,-0.00,-0.00,0.00,0.00,0.00,0.00,0.38,-0.10,100,-1,0,0,-1.3,0.03,0.120,0.123,-6.84,0,26,0,10.6,181.0,185.2,259.4,0.00,0,-0.9,0.5
77.80,fly,345.24,-282.24,0.120,1,4243.1,-3168.8,-1.6,0.3,-0.35,0.18,259,258,-1,0.1,0.4,0.7,0.6,-0.00,-0.01,0.00,0.00,0.00,0.00,0.38,-0.10,100,-1,0,0,-1.3,0.04,0.120,0.124,-7.58,0,26,0,11.1,180.8,183.9,258.9,0.00,0,-0.9,0.5
77.90,fly,344.36,-281.36,0.120,1,4243.1,-3168.7,-1.6,0.3,-0.35,0.18,258,258,-1,0.2,0.4,0.6,0.6,-0.00,-0.01,0.00,0.00,0.00,0.00,0.38,-0.10,100,-1,0,1,-1.1,0.04,0.120,0.124,-8.32,0,26,0,11.1,180.8,183.9,258.9,0.00,0,-0.8,0.4
78.00,fly,343.40,-280.40,0.120,1,4243.0,-3168.7,-1.6,0.2,-0.35,0.18,258,258,-1,0.2,0.4,0.5,0.5,-0.00,-0.01,0.00,0.00,0.00,0.00,0.38,-0.10,100,-1,0,1,-1.1,0.04,0.120,0.125,-9.05,0,26,0,11.1,180.8,183.9,258.9,0.00,0,-0.8,0.4
78.10,fly,342.37,-279.37,0.120,1,4243.0,-3168.7,-1.5,0.2,-0.35,0.18,258,258,-1,0.2,0.4,0.4,0.5,-0.01,-0.01,0.00,0.00,0.00,0.00,0.38,-0.10,100,-1,0,1,-1.3,0.04,0.120,0.126,-9.77,0,26,0,11.1,180.8,183.9,258.9,0.00,0,-1.1,0.5
78.20,fly,341.27,-278.27,0.120,1,4243.0,-3168.7,-1.5,0.2,-0.35,0.18,258,257,-1,0.2,0.4,0.3,0.4,-0.01,-0.01,0.00,0.00,0.00,0.00,0.38,-0.10,100,-1,0,1,-1.1,0.04,0.120,0.127,-10.49,0,26,0,11.6,180.5,182.5,258.4,0.00,0,-0.9,0.4
78.30,fly,340.09,-277.09,0.120,1,4242.9,-3168.7,-1.5,0.2,-0.35,0.18,258,257,-1,0.3,0.4,0.2,0.4,-0.01,-0.01,0.00,0.00,0.00,0.00,0.38,-0.10,100,-1,0,1,-1.1,0.04,0.120,0.128,-11.20,0,26,0,11.6,180.5,182.5,258.4,0.00,0,-1.0,0.5
78.40,fly,338.85,-275.85,0.120,1,4242.9,-3168.6,-1.4,0.2,-0.35,0.18,258,257,-1,0.3,0.4,0.1,0.4,-0.01,-0.01,0.00,0.00,0.00,0.00,0.38,-0.10,100,-1,0,1,-1.0,0.04,0.120,0.129,-11.91,0,26,0,11.6,180.5,182.5,258.4,0.00,0,-1.0,0.4
78.50,fly,337.54,-274.54,0.120,1,4242.8,-3168.6,-1.4,0.1,-0.35,0.18,258,257,-1,0.3,0.4,0.0,0.3,-0.01,-0.02,0.00,0.00,0.00,0.00,0.38,-0.10,100,-1,0,1,-0.9,0.04,0.120,0.130,-12.60,0,26,0,11.6,180.5,182.5,258.4,0.00,0,-0.9,0.4
78.60,fly,336.16,-273.16,0.120,1,4242.8,-3168.6,-1.3,0.1,-0.35,0.18,258,257,-1,0.3,0.4,-0.1,0.3,-0.01,-0.02,0.00,0.00,0.00,0.00,0.38,-0.10,100,-1,0,1,-1.0,0.04,0.120,0.131,-13.30,0,26,0,12.0,180.2,181.1,258.0,0.00,0,-1.0,0.5
78.70,fly,334.71,-271.71,0.120,1,4242.8,-3168.6,-1.3,0.1,-0.35,0.18,258,257,-1,0.4,0.4,-0.2,0.2,-0.01,-0.02,0.00,0.00,0.00,0.00,0.38,-0.10,100,-1,0,1,-1.0,0.05,0.120,0.132,-13.98,0,26,0,12.0,180.2,181.1,258.0,0.00,0,-1.0,0.5
78.80,fly,333.20,-270.20,0.120,1,4242.7,-3168.6,-1.3,0.1,-0.35,0.18,258,257,-1,0.4,0.4,-0.3,0.2,-0.01,-0.02,0.00,0.00,0.00,0.00,0.38,-0.10,100,-1,0,1,-0.9,0.05,0.120,0.133,-14.66,0,26,0,12.0,180.2,181.1,258.0,0.00,0,-0.9,0.4
78.90,fly,331.61,-268.61,0.120,1,4242.7,-3168.6,-1.2,0.1,-0.35,0.18,257,257,-1,0.4,0.4,-0.4,0.1,-0.01,-0.02,0.00,0.00,0.00,0.00,0.38,-0.10,100,-1,0,2,-1.0,0.05,0.120,0.133,-15.34,0,26,0,12.0,180.2,181.1,258.0,0.00,0,-1.1,0.5
79.00,fly,329.97,-266.97,0.120,1,4242.7,-3168.5,-1.2,0.1,-0.35,0.18,257,257,-1,0.4,0.4,-0.5,0.1,-0.01,-0.02,0.00,0.00,0.00,0.00,0.38,-0.09,100,-1,0,2,-0.7,0.05,0.120,0.134,-16.00,0,26,0,12.4,180.0,179.8,257.6,0.00,0,-0.8,0.4
79.10,fly,328.25,-265.25,0.120,1,4242.6,-3168.5,-1.2,0.0,-0.35,0.18,257,257,-1,0.5,0.4,-0.6,0.0,-0.01,-0.02,0.00,0.00,0.00,0.00,0.38,-0.09,100,-1,0,2,-0.7,0.05,0.120,0.134,-16.66,0,26,0,12.4,180.0,179.8,257.6,0.00,0,-0.8,0.5
79.20,fly,326.47,-263.47,0.120,1,4242.6,-3168.5,-1.1,0.0,-0.35,0.18,257,257,-1,0.5,0.4,-0.6,-0.0,-0.01,-0.02,0.00,0.00,0.00,0.00,0.38,-0.09,100,-1,0,2,-0.5,0.05,0.120,0.129,-17.32,0,26,0,12.4,180.0,179.8,257.6,0.00,0,-0.2,0.0
79.30,fly,324.64,-261.64,0.120,1,4242.6,-3168.5,-1.1,0.0,-0.35,0.18,257,257,-1,0.5,0.4,-0.6,0.0,0.00,-0.01,0.00,0.00,0.00,0.00,0.38,-0.09,100,-1,0,2,-0.3,0.05,0.120,0.123,-17.91,0,26,0,12.4,180.0,179.8,257.6,0.00,0,0.5,-0.5
79.40,fly,322.74,-259.74,0.120,1,4242.5,-3168.5,-1.1,-0.0,-0.35,0.18,257,256,-1,0.5,0.5,-0.5,0.1,0.01,-0.00,0.00,0.00,0.00,0.00,0.38,-0.09,100,-1,0,2,-0.2,0.05,0.120,0.122,-18.48,0,26,0,12.6,180.0,179.9,257.4,0.00,0,0.7,-0.7
79.50,fly,320.79,-257.79,0.120,1,4242.5,-3168.5,-1.0,-0.0,-0.35,0.18,257,256,-1,0.6,0.5,-0.4,0.1,0.01,0.00,0.00,0.00,0.00,0.00,0.38,-0.09,100,-1,0,2,-0.1,0.05,0.120,0.123,-19.11,0,26,0,12.6,180.0,179.9,257.4,0.00,0,0.5,-0.4
79.60,fly,318.76,-255.76,0.120,1,4242.5,-3168.4,-1.0,-0.0,-0.35,0.18,257,256,-1,0.6,0.5,-0.4,0.2,0.01,0.00,0.00,0.00,0.00,0.00,0.38,-0.09,100,-1,0,2,-0.0,0.05,0.120,0.123,-19.74,0,26,0,12.6,180.0,179.9,257.4,0.00,0,0.9,-0.7
79.70,fly,316.68,-253.68,0.120,1,4242.4,-3168.4,-1.0,-0.1,-0.35,0.18,257,256,-1,0.6,0.5,-0.3,0.3,0.01,0.00,0.00,0.00,0.00,0.00,0.38,-0.09,100,-1,0,2,0.0,0.05,0.120,0.123,-20.37,0,26,0,12.6,180.0,179.9,257.4,0.00,0,0.9,-0.7
79.80,fly,314.53,-251.53,0.120,1,4242.4,-3168.4,-0.9,-0.1,-0.35,0.18,257,256,-1,0.6,0.5,-0.2,0.3,0.01,0.00,0.00,0.00,0.00,0.00,0.38,-0.09,100,-1,0,2,0.1,0.05,0.120,0.123,-20.99,0,26,0,12.6,180.3,181.2,257.4,0.00,0,0.8,-0.6
79.90,fly,312.33,-249.33,0.120,1,4242.4,-3168.4,-0.9,-0.1,-0.35,0.18,257,256,-1,0.7,0.5,-0.2,0.4,0.01,0.00,0.00,0.00,0.00,0.00,0.38,-0.09,100,-1,0,2,0.1,0.05,0.120,0.123,-21.60,0,26,0,12.6,180.3,181.2,257.4,0.00,0,0.5,-0.4
80.00,fly,310.06,-247.06,0.120,1,4242.3,-3168.4,-0.9,-0.1,-0.35,0.18,257,256,-1,0.7,0.5,-0.1,0.4,0.01,0.00,0.00,0.00,0.00,0.00,0.38,-0.09,100,-1,0,2,0.0,0.05,0.120,0.123,-22.21,0,26,0,12.6,180.3,181.2,257.4,0.00,0,0.0,0.0
80.10,fly,307.73,-244.73,0.120,1,4242.3,-3168.3,-0.8,-0.1,-0.35,0.18,257,256,-1,0.7,0.5,-0.0,0.5,0.01,0.00,0.00,0.00,0.00,0.00,0.38,-0.09,100,-1,0,2,0.1,0.05,0.120,0.123,-22.81,0,26,0,12.6,180.3,181.2,257.4,0.00,0,0.8,-0.7
80.20,fly,305.35,-242.35,0.120,1,4242.3,-3168.3,-0.8,-0.2,-0.35,0.18,257,256,-1,0.7,0.5,0.0,0.5,0.01,0.00,0.00,0.00,0.00,0.00,0.38,-0.09,100,-1,0,2,0.1,0.05,0.120,0.123,-23.40,0,26,0,12.6,180.5,182.3,257.4,0.00,0,0.5,-0.5
80.30,fly,302.91,-239.91,0.120,1,4242.2,-3168.3,-0.8,-0.2,-0.35,0.18,257,256,-1,0.8,0.5,0.1,0.6,0.01,0.00,0.00,0.00,0.00,0.00,0.38,-0.09,100,-1,0,3,0.1,0.05,0.120,0.123,-23.98,0,26,0,12.6,180.5,182.3,257.4,0.00,0,0.3,-0.2
80.40,fly,300.41,-237.41,0.120,1,4242.2,-3168.3,-0.7,-0.2,-0.35,0.18,257,256,-1,0.8,0.5,0.1,0.6,0.01,-0.00,0.00,0.00,0.00,0.00,0.38,-0.09,100,-1,0,3,0.1,0.05,0.120,0.123,-24.56,0,26,0,12.6,180.5,182.3,257.4,0.00,0,0.6,-0.6
80.50,fly,297.85,-234.85,0.120,1,4242.1,-3168.3,-0.7,-0.2,-0.35,0.18,257,256,-1,0.8,0.5,0.1,0.6,0.01,-0.00,0.00,0.00,0.00,0.00,0.38,-0.09,100,-1,0,3,0.1,0.05,0.120,0.123,-25.13,0,26,0,12.6,180.5,182.3,257.4,0.00,0,0.3,-0.3
80.60,fly,295.24,-232.24,0.120,1,4242.1,-3168.3,-0.6,-0.2,-0.35,0.18,256,256,-1,0.8,0.5,0.2,0.7,0.01,-0.00,0.00,0.00,0.00,0.00,0.38,-0.09,100,-1,0,3,0.0,0.05,0.120,0.124,-25.69,0,26,0,12.5,180.7,183.3,257.5,0.00,0,0.0,0.0
80.70,fly,292.57,-229.57,0.120,1,4242.1,-3168.2,-0.6,-0.2,-0.35,0.18,256,256,-1,0.9,0.5,0.2,0.7,0.01,-0.00,0.00,0.00,0.00,0.00,0.38,-0.09,100,-1,0,3,0.0,0.05,0.120,0.124,-26.25,0,26,0,12.5,180.7,183.3,257.5,0.00,0,0.0,0.0
80.80,fly,289.85,-226.85,0.120,1,4242.0,-3168.2,-0.6,-0.3,-0.35,0.18,256,256,-1,0.9,0.5,0.2,0.8,0.01,-0.00,0.00,0.00,0.00,0.00,0.38,-0.09,100,-1,0,3,0.0,0.05,0.120,0.124,-26.81,0,26,0,12.5,180.7,183.3,257.5,0.00,0,0.0,0.0
80.90,fly,287.07,-224.07,0.120,1,4242.0,-3168.2,-0.5,-0.3,-0.35,0.18,256,256,-1,0.9,0.5,0.3,0.8,0.01,-0.00,0.00,0.00,0.00,0.00,0.38,-0.09,100,-1,0,3,0.0,0.05,0.120,0.125,-27.35,0,26,0,12.5,180.7,183.3,257.5,0.00,0,0.0,0.0
81.00,fly,284.24,-221.24,0.120,1,4242.0,-3168.2,-0.5,-0.3,-0.35,0.18,256,257,-1,0.9,0.5,0.3,0.8,0.01,-0.00,0.00,0.00,0.00,0.00,0.38,-0.09,100,-1,0,3,0.2,0.05,0.120,0.125,-27.89,0,26,0,12.5,180.9,184.1,257.5,0.00,0,0.4,-0.8
81.10,fly,281.36,-218.36,0.120,1,4241.9,-3168.2,-0.5,-0.3,-0.35,0.18,256,257,-1,0.9,0.6,0.3,0.9,0.01,-0.01,0.00,0.00,0.00,0.00,0.38,-0.09,100,-1,0,3,0.1,0.05,0.120,0.126,-28.42,0,26,0,12.5,180.9,184.1,257.5,0.00,0,0.1,-0.3
81.20,fly,278.43,-215.43,0.120,1,4241.9,-3168.2,-0.4,-0.3,-0.35,0.18,256,257,-1,1.0,0.6,0.3,0.9,0.01,-0.01,0.00,0.00,0.00,0.00,0.38,-0.09,100,-1,0,3,0.0,0.05,0.120,0.126,-28.95,0,26,0,12.5,180.9,184.1,257.5,0.00,0,0.0,0.0
81.30,fly,275.44,-212.44,0.120,1,4241.9,-3168.1,-0.4,-0.3,-0.35,0.18,256,257,-1,1.0,0.6,0.3,0.9,0.01,-0.01,0.00,0.00,0.00,0.00,0.38,-0.09,100,-1,0,3,0.2,0.05,0.120,0.126,-29.47,0,26,0,12.5,180.9,184.1,257.5,0.00,0,0.1,-0.7
81.40,fly,272.40,-209.40,0.120,1,4241.8,-3168.1,-0.4,-0.4,-0.35,0.18,257,257,-1,1.0,0.6,0.3,1.0,0.01,-0.01,0.00,0.00,0.00,0.00,0.38,-0.09,100,-1,0,3,0.0,0.05,0.120,0.127,-29.99,0,26,0,12.5,181.0,184.7,257.5,0.00,0,0.0,0.0
81.50,fly,269.31,-206.31,0.120,1,4241.8,-3168.1,-0.3,-0.4,-0.35,0.18,257,257,-1,1.0,0.6,0.3,1.0,0.01,-0.01,0.00,0.00,0.00,0.00,0.38,-0.09,100,-1,0,3,0.1,0.05,0.120,0.127,-30.50,0,26,0,12.5,181.0,184.7,257.5,0.00,0,-0.0,-0.3
81.60,fly,266.17,-203.17,0.120,1,4241.8,-3168.1,-0.3,-0.4,-0.35,0.18,257,257,-1,1.1,0.6,0.3,1.0,0.01,-0.01,0.00,0.00,0.00,0.00,0.38,-0.09,100,-1,0,3,0.2,0.05,0.120,0.128,-31.01,0,26,0,12.5,181.0,184.7,257.5,0.00,0,-0.2,-0.9
81.70,fly,262.98,-199.98,0.120,1,4241.7,-3168.1,-0.3,-0.4,-0.35,0.18,257,257,-1,1.1,0.6,0.3,1.1,0.01,-0.01,0.00,0.00,0.00,0.00,0.38,-0.09,100,-1,0,3,0.0,0.05,0.120,0.128,-31.51,0,26,0,12.5,181.0,184.7,257.5,0.00,0,-0.1,-0.2
81.80,fly,259.75,-196.75,0.120,1,4241.7,-3168.0,-0.2,-0.4,-0.35,0.18,257,257,-1,1.1,0.6,0.3,1.1,0.01,-0.01,0.00,0.00,0.00,0.00,0.38,-0.09,100,-1,0,3,0.0,0.05,0.120,0.129,-32.01,0,26,0,12.4,181.2,185.2,257.6,0.00,0,0.0,0.0
81.90,fly,256.46,-193.46,0.120,1,4241.7,-3168.0,-0.2,-0.5,-0.35,0.18,257,257,-1,1.1,0.6,0.3,1.1,0.01,-0.01,0.00,0.00,0.00,0.00,0.38,-0.09,100,-1,0,3,0.1,0.05,0.120,0.129,-32.50,0,26,0,12.4,181.2,185.2,257.6,0.00,0,-0.3,-0.5
82.00,fly,253.12,-190.12,0.120,1,4241.6,-3168.0,-0.2,-0.5,-0.35,0.18,257,257,-1,1.2,0.6,0.2,1.2,0.01,-0.01,0.00,0.00,0.00,0.00,0.38,-0.09,100,-1,0,2,0.1,0.05,0.120,0.130,-32.98,0,26,0,12.4,181.2,185.2,257.6,0.00,0,-0.3,-0.3
82.10,fly,249.74,-186.74,0.120,1,4241.6,-3168.0,-0.1,-0.5,-0.35,0.18,257,257,-1,1.2,0.6,0.2,1.2,0.01,-0.02,0.00,0.00,0.00,0.00,0.38,-0.09,100,-1,0,2,0.1,0.05,0.120,0.130,-33.46,0,26,0,12.4,181.2,185.2,257.6,0.00,0,-0.6,-0.6
82.20,fly,246.31,-183.31,0.120,1,4241.5,-3168.0,-0.1,-0.5,-0.35,0.18,257,257,-1,1.2,0.6,0.2,1.2,0.01,-0.02,0.00,0.00,0.00,0.00,0.38,-0.09,100,-1,0,2,0.1,0.05,0.120,0.131,-33.94,0,26,0,12.4,181.2,185.6,257.6,0.00,0,-0.6,-0.5
82.30,fly,242.83,-179.83,0.120,1,4241.5,-3168.0,-0.0,-0.5,-0.35,0.18,257,257,-1,1.2,0.6,0.1,1.2,0.01,-0.02,0.00,0.00,0.00,0.00,0.38,-0.09,100,-1,0,2,0.1,0.05,0.120,0.131,-34.41,0,26,0,12.4,181.2,185.6,257.6,0.00,0,-0.4,-0.3
82.40,fly,239.31,-176.31,0.120,1,4241.5,-3167.9,-0.0,-0.5,-0.35,0.18,257,257,-1,1.3,0.6,0.1,1.3,0.01,-0.02,0.00,0.00,0.00,0.00,0.38,-0.09,100,-1,0,2,0.0,0.05,0.120,0.132,-34.88,0,26,0,12.4,181.2,185.6,257.6,0.00,0,0.0,0.0
82.50,fly,235.74,-172.74,0.120,1,4241.4,-3167.9,0.0,-0.6,-0.35,0.18,257,257,-1,1.3,0.6,0.1,1.3,0.01,-0.02,0.00,0.00,0.00,0.00,0.38,-0.09,100,-1,0,2,0.2,0.05,0.120,0.132,-35.34,0,26,0,12.4,181.2,185.6,257.6,0.00,0,-0.6,-0.4
82.60,fly,232.13,-169.13,0.120,1,4241.4,-3167.9,0.1,-0.6,-0.35,0.18,257,257,-1,1.3,0.6,0.0,1.3,0.01,-0.02,0.00,0.00,0.00,0.00,0.38,-0.09,100,-1,0,2,0.1,0.05,0.120,0.133,-35.79,0,26,0,12.4,181.3,185.9,257.6,0.00,0,-0.3,-0.2
82.70,fly,228.47,-165.47,0.120,1,4241.4,-3167.9,0.1,-0.6,-0.35,0.18,257,257,-1,1.3,0.7,0.0,1.3,0.01,-0.02,0.00,0.00,0.00,0.00,0.38,-0.09,100,-1,0,2,0.5,0.05,0.120,0.133,-36.24,0,26,0,12.4,181.3,185.9,257.6,0.00,0,-0.6,-0.5
82.80,fly,224.77,-161.77,0.120,1,4241.3,-3167.9,0.1,-0.6,-0.35,0.18,257,257,-1,1.4,0.7,-0.0,1.3,0.01,-0.02,0.00,0.00,0.00,0.00,0.38,-0.09,100,-1,0,2,0.6,0.04,0.120,0.133,-36.69,0,26,0,12.4,181.3,185.9,257.6,0.00,0,-0.4,-0.4
82.90,fly,221.02,-158.02,0.120,1,4241.3,-3167.9,0.2,-0.6,-0.35,0.18,257,257,-1,1.4,0.7,-0.0,1.4,0.01,-0.02,0.00,0.00,0.00,0.00,0.38,-0.09,100,-1,0,2,0.0,0.04,0.120,0.132,-37.13,0,26,0,12.4,181.3,185.9,257.6,0.00,0,0.0,0.0
83.00,fly,217.24,-154.24,0.120,1,4241.3,-3167.8,0.2,-0.6,-0.35,0.18,257,257,-1,1.4,0.7,-0.0,1.4,0.01,-0.02,0.00,0.00,0.00,0.00,0.38,-0.09,100,-1,0,2,0.7,0.05,0.120,0.132,-37.56,0,26,0,12.2,181.4,186.3,257.8,0.00,0,-0.1,-0.3
83.10,fly,213.40,-150.40,0.120,1,4241.2,-3167.8,0.2,-0.7,-0.35,0.18,257,257,-1,1.4,0.7,-0.1,1.4,0.01,-0.02,0.00,0.00,0.00,0.00,0.38,-0.09,100,-1,0,2,1.3,0.03,0.120,0.132,-37.99,0,26,0,12.2,181.4,186.3,257.8,0.00,0,-0.0,-0.4
83.20,fly,209.53,-146.53,0.120,1,4241.2,-3167.8,0.3,-0.7,-0.35,0.18,257,257,-1,1.5,0.7,-0.1,1.4,0.01,-0.02,0.00,0.00,0.00,0.00,0.38,-0.09,100,-1,0,2,1.3,0.02,0.120,0.132,-38.42,0,26,0,12.2,181.4,186.3,257.8,0.00,0,0.1,-0.4
83.30,fly,205.61,-142.61,0.120,1,4241.2,-3167.8,0.3,-0.7,-0.35,0.18,257,257,-1,1.5,0.7,-0.0,1.5,0.01,-0.02,0.00,0.00,0.00,0.00,0.38,-0.09,100,-1,0,2,0.1,0.02,0.120,0.132,-38.84,0,26,0,12.2,181.4,186.3,257.8,0.00,0,0.0,-0.0
83.40,fly,201.66,-138.66,0.120,1,4241.1,-3167.8,0.3,-0.7,-0.35,0.18,257,257,-1,1.5,0.7,-0.0,1.5,0.01,-0.02,0.00,0.00,0.00,0.00,0.38,-0.09,100,-1,0,2,0.3,0.04,0.120,0.132,-39.26,0,26,0,11.9,181.5,186.9,258.1,0.00,0,0.0,-0.1
83.50,fly,197.66,-134.66,0.120,1,4241.1,-3167.7,0.4,-0.7,-0.35,0.18,257,257,-1,1.5,0.7,-0.0,1.5,0.01,-0.02,0.00,0.00,0.00,0.00,0.38,-0.09,100,-1,0,2,0.8,0.04,0.120,0.132,-39.67,0,26,0,11.9,181.5,186.9,258.1,0.00,0,0.1,-0.2
83.60,fly,193.62,-130.62,0.120,1,4241.1,-3167.7,0.4,-0.8,0.00,0.18,257,257,-1,1.6,0.7,-0.0,1.5,0.01,-0.02,0.00,0.00,0.00,0.00,0.38,-0.09,100,-1,0,2,0.2,0.03,0.120,0.133,-40.07,0,26,0,11.9,181.5,186.9,258.1,0.00,0,0.0,-0.1
83.70,fly,189.54,-126.54,0.120,1,4241.1,-3167.7,0.4,-0.8,0.00,0.18,257,257,-1,0.6,1.0,-0.0,1.5,0.01,-0.01,0.00,0.00,0.00,0.00,0.04,-0.17,100,-1,0,2,0.2,0.04,0.120,0.128,-40.47,0,26,0,11.9,181.5,186.9,258.1,0.00,0,0.0,-0.1
83.80,fly,185.43,-122.43,0.120,1,4241.1,-3167.7,0.4,-0.8,0.00,0.18,257,257,-1,0.6,1.0,-0.0,1.6,0.01,-0.01,0.00,0.00,0.00,0.00,0.04,-0.17,100,-1,0,2,0.0,0.04,0.120,0.128,-40.87,0,26,0,11.6,181.6,187.5,258.4,0.00,0,0.0,0.0
83.90,fly,181.27,-118.27,0.120,1,4241.1,-3167.7,0.4,-0.8,0.00,0.18,257,257,-1,0.6,1.0,-0.0,1.6,0.01,-0.01,0.00,0.00,0.00,0.00,0.04,-0.17,100,-1,0,2,1.2,0.04,0.120,0.128,-41.26,0,26,0,11.6,181.6,187.5,258.4,0.00,0,0.1,-0.3
84.00,fly,177.08,-114.08,0.120,1,4241.1,-3167.7,0.4,-0.8,0.00,0.18,257,257,-1,0.6,1.0,-0.0,1.6,0.01,-0.01,0.00,0.00,0.00,0.00,0.04,-0.17,100,-1,0,2,0.4,0.02,0.120,0.128,-41.65,0,26,0,11.6,181.6,187.5,258.4,0.00,0,0.0,-0.1
84.10,fly,172.85,-109.85,0.120,1,4241.1,-3167.6,0.4,-0.8,0.00,0.18,257,257,-1,0.6,1.0,-0.0,1.6,0.01,-0.01,0.00,0.00,0.00,0.00,0.04,-0.17,100,-1,0,2,0.8,0.03,0.120,0.129,-42.03,0,26,0,11.6,181.6,187.5,258.4,0.00,0,-0.0,-0.3
84.20,fly,168.58,-105.58,0.120,1,4241.1,-3167.6,0.4,-0.9,0.00,0.18,257,258,-1,0.6,1.0,-0.0,1.6,0.01,-0.01,0.00,0.00,0.00,0.00,0.04,-0.17,100,-1,0,2,0.0,0.02,0.120,0.129,-42.41,0,26,0,11.3,181.6,188.1,258.7,0.00,0,0.0,0.0
84.30,fly,164.27,-101.27,0.120,1,4241.1,-3167.6,0.4,-0.9,0.00,0.18,257,258,-1,0.6,1.0,-0.0,1.7,0.01,-0.01,0.00,0.00,0.00,0.00,0.04,-0.17,100,-1,0,2,0.4,0.04,0.120,0.129,-42.78,0,26,0,11.3,181.6,188.1,258.7,0.00,0,-0.1,-0.1
84.40,fly,159.93,-96.93,0.183,1,4241.1,-3167.6,0.4,-0.9,0.00,0.18,257,258,-1,0.6,1.1,-0.1,1.7,0.01,-0.01,0.00,0.00,0.00,0.00,0.04,-0.17,100,-1,0,2,0.8,0.03,0.183,0.193,-43.15,0,26,0,11.3,181.6,188.1,258.7,0.00,0,-0.2,-0.3
84.50,fly,155.55,-92.55,0.252,1,4241.1,-3167.6,0.4,-0.9,0.00,0.18,257,258,-1,0.6,1.1,-0.1,1.7,0.01,-0.01,0.00,0.00,0.00,0.00,0.04,-0.17,100,-1,0,2,0.6,0.02,0.252,0.263,-43.52,0,26,0,11.3,181.6,188.1,258.7,0.00,0,-0.2,-0.2
84.60,fly,151.15,-88.15,0.326,1,4241.1,-3167.6,0.4,-0.9,0.00,0.18,257,258,-1,0.6,1.1,-0.1,1.7,0.01,-0.02,0.00,0.00,0.00,0.00,0.04,-0.17,100,-1,0,2,0.0,0.02,0.326,0.337,-43.87,0,26,0,11.1,181.7,188.7,258.9,0.00,0,0.0,0.0
84.70,fly,146.77,-83.77,0.390,1,4241.1,-3167.5,0.4,-0.9,0.00,0.18,258,258,-1,0.6,1.1,-0.1,1.8,0.01,-0.02,0.00,0.00,0.00,0.00,0.04,-0.17,100,-1,0,2,0.3,0.03,0.390,0.401,-43.97,0,26,0,11.1,181.7,188.7,258.9,0.00,0,-0.2,-0.1
84.80,fly,142.43,-79.43,0.442,1,4241.1,-3167.5,0.4,-1.0,0.00,0.18,258,258,-1,0.6,1.1,-0.2,1.7,0.01,-0.01,0.00,0.00,0.00,0.00,0.04,-0.17,100,-1,0,1,0.3,0.02,0.442,0.450,-43.78,0,26,0,11.1,181.7,188.7,258.9,0.00,0,-0.0,0.2
84.90,fly,138.17,-75.17,0.477,1,4241.1,-3167.5,0.4,-1.0,0.00,0.18,258,258,-1,0.6,1.1,-0.1,1.7,-0.00,-0.01,0.00,0.00,0.00,0.00,0.04,-0.17,100,-1,0,1,0.5,0.02,0.477,0.482,-43.24,0,26,0,11.1,181.7,188.7,258.9,0.00,0,0.4,1.0
85.00,fly,134.01,-71.01,0.499,1,4241.1,-3167.5,0.4,-1.0,0.00,0.18,258,258,-1,0.6,1.1,-0.1,1.6,-0.01,-0.01,0.00,0.00,0.00,0.00,0.04,-0.17,100,-1,0,1,0.4,0.02,0.499,0.506,-42.40,0,26,0,10.9,181.5,187.9,259.1,0.00,0,0.1,0.8
85.10,fly,129.98,-66.98,0.510,1,4241.1,-3167.5,0.4,-1.0,0.00,0.00,258,258,-1,0.6,1.1,-0.1,1.5,-0.01,-0.01,0.00,0.00,0.00,0.00,0.04,-0.17,100,-1,0,1,0.2,0.02,0.510,0.519,-41.34,0,26,0,10.9,181.5,187.9,259.1,0.00,0,-0.1,0.6
85.20,fly,126.08,-63.08,0.507,1,4241.1,-3167.5,0.4,-1.0,0.00,0.00,258,258,-1,0.5,0.6,-0.2,1.3,-0.01,-0.02,0.00,0.00,0.00,0.00,0.00,0.00,100,-1,0,1,0.4,0.02,0.507,0.516,-40.01,0,26,0,10.9,181.5,187.9,259.1,0.00,0,-0.4,1.1
85.30,fly,122.31,-59.31,0.501,1,4241.1,-3167.5,0.4,-1.0,0.00,0.00,258,258,-1,0.5,0.6,-0.2,1.2,-0.01,-0.02,0.00,0.00,0.00,0.00,0.00,0.00,100,-1,0,1,0.4,0.02,0.501,0.513,-38.66,0,26,0,10.9,181.5,187.9,259.1,0.00,0,-0.6,1.1
85.40,fly,118.68,-55.68,0.496,1,4241.1,-3167.5,0.4,-1.0,0.00,0.00,258,258,-1,0.5,0.6,-0.3,1.1,-0.01,-0.02,0.00,0.00,0.00,0.00,0.00,0.00,100,-1,0,1,0.4,0.01,0.496,0.510,-37.32,0,26,0,10.7,181.1,185.6,259.3,0.00,0,-0.9,1.3
85.50,fly,115.18,-52.18,0.490,1,4241.1,-3167.5,0.4,-1.0,0.00,0.00,258,258,-1,0.5,0.6,-0.4,1.0,-0.01,-0.03,0.00,0.00,0.00,0.00,0.00,0.00,100,-1,0,1,0.4,0.01,0.490,0.507,-36.00,0,26,0,10.7,181.1,185.6,259.3,0.00,0,-1.3,1.4
85.60,fly,111.82,-48.82,0.485,1,4241.1,-3167.5,0.4,-1.0,0.00,0.00,258,258,-1,0.5,0.6,-0.5,0.9,-0.01,-0.03,0.00,0.00,0.00,0.00,0.00,0.00,100,-1,0,1,0.3,0.01,0.485,0.504,-34.68,0,26,0,10.7,181.1,185.6,259.3,0.00,0,-1.4,1.3
85.70,fly,108.58,-45.58,0.479,1,4241.0,-3167.5,0.4,-1.0,-0.35,0.00,258,258,-1,0.5,0.6,-0.7,0.8,-0.02,-0.04,0.00,0.00,0.00,0.00,0.00,0.00,100,-1,0,1,0.6,0.01,0.479,0.500,-33.38,0,26,0,10.7,181.1,185.6,259.3,0.00,0,-1.5,1.3
85.80,fly,105.46,-42.46,0.473,1,4241.0,-3167.5,0.5,-1.0,-0.35,0.00,258,258,-1,1.5,0.4,-0.8,0.7,-0.01,-0.04,0.00,0.00,0.00,0.00,0.34,0.07,100,-1,0,1,1.1,0.01,0.473,0.493,-32.10,0,26,0,10.5,180.5,182.8,259.5,0.00,0,-0.7,0.9
85.90,fly,102.46,-39.46,0.470,1,4241.0,-3167.5,0.5,-1.0,-0.35,0.00,258,258,-1,1.5,0.4,-0.8,0.6,-0.00,-0.03,0.00,0.00,0.00,0.00,0.34,0.07,100,-1,0,1,1.5,-0.00,0.470,0.482,-30.89,0,26,0,10.5,180.5,182.8,259.5,0.00,0,0.3,0.3
86.00,fly,99.57,-36.57,0.469,1,4240.9,-3167.5,0.5,-1.0,-0.35,0.00,258,258,-1,1.6,0.4,-0.6,0.6,0.00,-0.00,0.00,0.00,0.00,0.00,0.34,0.07,100,-1,0,1,1.9,-0.01,0.469,0.470,-29.70,0,26,0,10.5,180.5,182.8,259.5,0.00,0,1.9,0.3
86.10,fly,96.80,-33.80,0.470,1,4240.9,-3167.5,0.6,-1.0,-0.35,0.00,258,258,-1,1.6,0.4,-0.3,0.5,-0.00,0.03,0.00,0.00,0.00,0.00,0.34,0.07,100,-1,0,1,2.1,-0.02,0.470,0.481,-28.59,0,26,0,10.5,180.5,182.8,259.5,0.00,0,3.7,0.3
86.20,fly,94.14,-31.14,0.473,1,4240.9,-3167.5,0.6,-1.0,-0.35,-0.09,258,259,-1,1.6,0.4,0.1,0.5,-0.00,0.04,0.00,0.00,0.00,0.00,0.34,0.07,100,-1,0,1,2.2,-0.03,0.473,0.490,-27.49,0,26,0,9.8,180.5,183.1,260.2,0.00,0,4.1,0.4
86.30,fly,91.59,-28.59,0.469,1,4240.8,-3167.5,0.6,-1.0,-0.35,-0.18,259,259,-1,1.6,0.1,0.5,0.5,-0.00,0.03,0.00,0.00,0.00,0.00,0.33,0.16,100,-1,0,1,2.2,-0.03,0.469,0.483,-26.28,0,26,0,9.8,180.5,183.1,260.2,0.00,0,3.2,0.5
86.40,fly,89.16,-26.16,0.472,1,4240.8,-3167.5,0.7,-1.0,-0.35,-0.18,259,259,-1,1.6,-0.1,0.7,0.4,0.00,0.02,0.00,0.00,0.00,0.00,0.31,0.24,100,-1,0,0,1.7,-0.04,0.472,0.478,-25.20,0,26,0,9.8,180.5,183.1,260.2,0.00,0,1.6,0.5
86.50,fly,86.82,-23.82,0.476,1,4240.8,-3167.5,0.7,-1.0,-0.35,-0.18,259,259,-1,1.6,-0.1,0.7,0.4,-0.00,-0.01,0.00,0.00,0.00,0.00,0.31,0.24,100,-1,0,0,1.2,-0.03,0.476,0.479,-24.14,0,26,0,9.8,180.5,183.1,260.2,0.00,0,-0.0,0.6
86.60,fly,84.59,-21.59,0.480,1,4240.7,-3167.6,0.7,-1.0,-0.35,-0.18,259,260,-1,1.6,-0.1,0.6,0.3,-0.00,-0.04,0.00,0.00,0.00,0.00,0.31,0.24,100,-1,0,0,0.6,-0.02,0.480,0.495,-23.09,0,26,0,9.1,180.4,182.4,260.9,0.00,0,-1.4,0.5
86.70,fly,82.47,-19.47,0.485,1,4240.7,-3167.6,0.8,-0.9,-0.35,-0.18,259,260,-1,1.6,-0.2,0.4,0.2,-0.00,-0.05,0.00,0.00,0.00,0.00,0.31,0.24,100,-1,0,-0,0.4,-0.01,0.485,0.507,-22.05,0,26,0,9.1,180.4,182.4,260.9,0.00,0,-2.3,0.7
86.80,fly,80.46,-17.46,0.484,1,4240.7,-3167.6,0.8,-0.9,-0.35,-0.18,259,260,-1,1.6,-0.2,0.2,0.2,-0.00,-0.05,0.00,0.00,0.00,0.00,0.31,0.24,100,-1,0,-0,0.0,-0.01,0.484,0.505,-20.90,0,26,0,9.1,180.4,182.4,260.9,0.00,0,-1.3,0.7
86.90,fly,78.55,-15.55,0.490,1,4240.6,-3167.6,0.8,-0.9,-0.35,-0.18,259,260,-1,1.7,-0.2,0.2,0.1,-0.01,-0.03,0.00,0.00,0.00,0.00,0.31,0.24,100,-1,0,-0,-0.3,-0.01,0.490,0.503,-19.87,0,26,0,9.1,180.4,182.4,260.9,0.00,0,0.1,0.8
87.00,fly,76.31,-13.31,0.511,1,4240.6,-3167.6,0.9,-0.9,-0.35,-0.18,259,260,-1,1.7,-0.2,0.3,-0.0,-0.01,0.00,0.00,0.00,0.00,0.00,0.31,0.24,100,-1,0,-0,-0.5,-0.00,0.511,0.514,-18.86,0,26,0,9.1,180.0,180.3,260.9,0.00,0,2.0,0.8
87.10,fly,75.04,-12.04,0.506,1,4240.6,-3167.6,0.9,-0.9,-0.35,-0.18,259,260,-1,1.7,-0.2,0.6,-0.1,-0.01,0.02,0.00,0.00,0.00,0.00,0.31,0.24,100,-1,0,-0,-0.6,0.00,0.506,0.518,-17.87,0,26,0,9.1,180.0,180.3,260.9,0.00,0,2.7,0.8
87.20,fly,73.45,-10.45,0.508,1,4240.5,-3167.7,0.9,-0.9,-0.35,-0.18,260,260,-1,1.7,-0.2,0.9,-0.2,-0.01,0.03,0.00,0.00,0.00,0.00,0.31,0.24,100,-1,0,-0,-0.6,0.00,0.508,0.524,-16.76,0,26,0,9.1,180.0,180.3,260.9,0.00,0,2.9,0.9
87.30,fly,71.97,-8.97,0.510,1,4240.5,-3167.7,1.0,-0.8,-0.35,-0.18,260,260,-1,1.7,-0.2,1.2,-0.3,-0.01,0.03,0.00,0.00,0.00,0.00,0.31,0.24,100,-1,0,-1,-0.6,0.00,0.510,0.528,-15.64,0,26,0,9.1,180.0,180.3,260.9,0.00,0,3.1,1.0
87.50,fly,69.34,-6.34,0.608,1,4240.4,-3167.7,1.1,-0.8,0.00,0.00,260,260,-1,1.8,0.0,1.8,-0.5,-0.02,0.03,0.00,0.00,0.00,0.00,0.33,0.15,100,-1,0,-1,-0.6,0.00,0.608,0.629,-13.45,0,26,0,9.4,179.9,179.2,260.6,0.00,0,2.4,1.1
87.70,fly,69.74,-6.74,0.120,1,4240.4,-3167.7,1.1,-0.8,0.00,0.00,260,260,-1,1.1,0.4,0.7,-0.3,-0.00,-0.05,0.00,0.00,0.00,0.00,0.07,0.01,100,-1,0,-1,0.1,-0.01,0.120,0.140,1.10,0,26,0,9.4,179.9,179.2,260.6,0.00,0,-2.8,-0.3
87.90,fly,70.37,-7.37,0.120,1,4240.4,-3167.7,1.1,-0.8,0.00,0.00,260,260,-1,0.9,0.4,0.5,-0.3,-0.01,-0.01,0.00,0.00,0.00,0.00,0.00,0.00,100,-1,0,-1,0.1,-0.01,0.120,0.129,3.47,0,26,0,9.4,179.8,178.7,260.6,0.00,0,0.4,0.5
88.10,fly,70.79,-7.79,0.120,1,4240.4,-3167.7,1.1,-0.8,0.00,0.00,260,260,-1,0.9,0.5,0.8,-0.4,-0.01,0.02,0.00,0.00,0.00,0.00,0.00,0.00,100,-1,0,-1,0.0,-0.01,0.120,0.132,2.31,0,26,0,9.4,179.8,178.7,260.6,0.00,0,1.7,0.3
88.30,fly,70.89,-7.89,0.120,1,4240.4,-3167.7,1.1,-0.8,0.00,0.00,260,260,-1,0.9,0.5,1.2,-0.4,-0.01,0.02,0.00,0.00,0.00,0.00,0.00,0.00,100,-1,0,-1,0.0,-0.01,0.120,0.134,0.67,0,26,0,9.4,179.7,178.5,260.6,0.00,0,1.9,0.3
88.50,fly,70.66,-7.66,0.120,1,4240.4,-3167.7,1.1,-0.8,0.00,0.00,260,260,-1,0.9,0.5,1.5,-0.5,-0.01,0.02,0.00,0.00,0.00,0.00,0.00,0.00,100,-1,0,-1,0.0,-0.01,0.120,0.131,-0.94,0,26,0,9.4,179.7,178.5,260.6,0.00,0,1.1,-0.1
88.70,fly,70.15,-7.15,0.120,1,4240.4,-3167.7,1.1,-0.8,0.00,0.00,260,260,-1,0.9,0.5,1.7,-0.3,0.01,0.01,0.00,0.00,0.00,0.00,0.00,0.00,100,-1,0,-1,0.0,-0.01,0.120,0.127,-2.38,0,26,0,9.4,179.9,179.1,260.6,0.00,0,0.6,-0.7
88.90,fly,69.53,-6.53,0.120,1,4240.3,-3167.7,1.1,-0.8,-1.42,0.35,260,260,-1,0.9,0.5,0.6,-0.3,-0.01,-0.18,0.00,0.00,0.00,0.00,0.00,0.00,100,-1,0,-1,-0.1,-0.01,0.120,0.198,-3.92,0,26,0,9.4,179.9,179.1,260.6,0.00,0,-23.5,1.7
89.10,fly,69.57,-6.57,0.120,1,4240.1,-3167.7,1.3,-0.8,-0.70,-0.35,260,260,-1,3.3,-1.1,-1.4,0.9,0.11,-0.12,0.00,0.00,0.00,0.00,0.77,0.50,100,-1,0,-1,-0.2,-0.01,0.120,0.212,0.83,0,26,0,9.4,180.2,181.1,260.6,0.00,0,-3.4,-5.5
89.30,fly,69.55,-6.55,0.120,1,4240.0,-3167.8,1.4,-0.7,-0.35,-0.17,260,260,-1,3.0,-1.0,-1.0,1.1,-0.02,-0.00,0.00,0.00,0.00,0.00,0.63,0.47,100,-1,0,-1,8.6,-0.01,0.120,0.128,-0.07,0,26,0,9.4,180.2,181.1,260.6,0.00,0,3.6,4.0
89.50,fly,69.50,-6.50,0.120,1,4240.0,-3167.8,1.5,-0.7,0.00,0.07,260,261,-1,2.2,0.2,0.1,-0.1,-0.07,0.04,0.00,0.00,0.00,0.00,0.35,0.06,100,-1,0,-1,-0.5,-0.10,0.120,0.166,-0.52,0,26,0,8.1,180.3,182.4,261.9,0.00,0,0.6,0.7
89.70,fly,69.50,-6.50,0.120,1,4240.0,-3167.8,1.5,-0.7,0.00,0.00,260,261,-1,1.2,0.3,-0.0,0.0,-0.00,-0.02,0.00,0.00,0.00,0.00,0.01,0.01,100,-1,0,-1,-0.0,-0.02,0.120,0.129,-0.05,0,26,0,8.1,180.3,182.4,261.9,0.00,0,0.4,0.4
89.90,fly,69.50,-6.50,0.120,1,4240.0,-3167.8,1.5,-0.7,0.00,0.00,260,261,-1,1.2,0.4,-0.0,0.0,-0.00,-0.02,0.00,0.00,0.00,0.00,0.00,0.00,100,-1,0,-1,0.0,-0.04,0.120,0.129,-0.00,0,26,0,7.9,180.0,180.0,262.1,0.00,0,0.0,0.0
90.10,fly,69.50,-6.50,0.120,1,4240.0,-3167.8,1.5,-0.7,0.00,0.00,261,261,-1,1.2,0.4,-0.0,0.0,-0.00,-0.02,0.00,0.00,0.00,0.00,0.00,0.00,100,-1,0,-2,0.0,-0.02,0.120,0.129,0.00,0,26,0,7.9,180.0,180.0,262.1,0.00,0,0.0,0.0
90.30,fly,69.50,-6.50,0.120,1,4240.0,-3167.8,1.5,-0.7,0.00,0.00,261,261,-1,1.2,0.4,-0.0,0.0,-0.00,-0.02,0.00,0.00,0.00,0.00,0.00,0.00,100,-1,0,-2,-0.6,-0.03,0.120,0.130,0.00,0,26,0,7.9,180.0,180.0,262.1,0.00,0,0.0,-0.0
90.50,fly,69.50,-6.50,0.120,1,4240.0,-3167.8,1.5,-0.7,0.00,0.00,261,261,-1,1.2,0.4,0.0,0.0,-0.00,-0.02,0.00,0.00,0.00,0.00,0.00,0.00,100,-1,0,-2,0.0,-0.03,0.120,0.130,0.00,0,26,0,7.9,180.0,180.0,262.1,0.00,0,0.0,0.0
90.70,fly,69.50,-6.50,0.120,1,4240.0,-3167.8,1.5,-0.7,0.00,0.00,261,261,-1,1.2,0.4,0.0,0.0,-0.00,-0.02,0.00,0.00,0.00,0.00,0.00,0.00,100,-1,0,-2,0.0,-0.02,0.120,0.130,0.00,0,26,0,7.9,180.0,180.0,262.1,0.00,0,0.0,0.0
90.90,fly,69.50,-6.50,0.120,1,4240.0,-3167.8,1.5,-0.7,0.00,0.00,261,261,-1,1.2,0.4,0.0,0.0,-0.00,-0.02,0.00,0.00,0.00,0.00,0.00,0.00,100,-1,0,-2,0.0,-0.04,0.120,0.130,0.00,0,26,0,7.9,180.0,180.0,262.1,0.00,0,0.0,0.0
91.10,fly,69.50,-6.50,0.120,1,4240.0,-3167.8,1.5,-0.7,0.00,0.00,261,261,-1,1.2,0.4,-0.0,0.0,-0.00,-0.02,0.00,0.00,0.00,0.00,0.00,0.00,100,-1,0,-2,0.0,-0.03,0.120,0.130,0.00,0,26,0,7.9,180.0,180.0,262.1,0.00,0,0.0,0.0
91.30,fly,69.50,-6.50,0.120,1,4240.0,-3167.8,1.5,-0.7,0.00,0.00,261,261,-1,1.2,0.4,0.0,0.0,-0.00,-0.02,0.00,0.00,0.00,0.00,0.00,0.00,100,-1,0,-2,0.0,-0.03,0.120,0.130,0.00,0,26,0,7.9,180.0,180.0,262.1,0.00,0,0.0,0.0
91.50,fly,69.50,-6.50,0.120,1,4240.0,-3167.8,1.5,-0.7,0.00,0.00,261,261,-1,1.2,0.4,0.0,-0.0,-0.00,-0.02,0.00,0.00,0.00,0.00,0.00,0.00,100,-1,0,-2,-0.8,-0.02,0.120,0.130,0.00,0,26,0,8.0,180.0,180.0,262.0,0.00,0,0.1,0.0
91.70,fly,69.50,-6.50,0.120,1,4240.0,-3167.8,1.5,-0.7,0.00,0.00,261,261,-1,1.2,0.4,-0.0,0.0,-0.00,-0.02,0.00,0.00,0.00,0.00,0.00,0.00,100,-1,0,-2,0.0,-0.04,0.120,0.131,0.00,0,26,0,8.0,180.0,180.0,262.0,0.00,0,0.0,0.0
91.90,fly,69.50,-6.50,0.120,1,4240.0,-3167.8,1.5,-0.7,0.00,0.00,261,261,-1,1.2,0.4,-0.0,-0.0,-0.00,-0.02,0.00,0.00,0.00,0.00,0.00,0.00,100,-1,0,-2,-0.3,-0.04,0.120,0.131,0.00,0,26,0,8.0,180.0,180.0,262.0,0.00,0,0.0,-0.0
92.10,fly,69.50,-6.50,0.120,1,4240.0,-3167.8,1.5,-0.7,0.00,0.00,261,261,-1,1.2,0.4,-0.0,-0.0,-0.00,-0.02,0.00,0.00,0.00,0.00,0.00,0.00,100,-1,0,-2,0.0,-0.03,0.120,0.131,0.00,0,26,0,8.0,180.0,180.0,262.0,0.00,0,0.0,0.0
92.30,fly,69.50,-6.50,0.120,1,4240.0,-3167.8,1.5,-0.7,0.00,0.00,261,261,-1,1.2,0.4,0.0,-0.0,-0.00,-0.02,0.00,0.00,0.00,0.00,0.00,0.00,100,-1,0,-2,-0.1,-0.04,0.120,0.131,0.00,0,26,0,8.0,180.0,180.0,262.0,0.00,0,0.0,0.0
92.50,fly,69.50,-6.50,0.120,1,4240.0,-3167.8,1.5,-0.7,0.00,0.00,261,261,-1,1.2,0.4,-0.0,-0.0,-0.00,-0.03,0.00,0.00,0.00,0.00,0.00,0.00,100,-1,0,-2,-0.2,-0.04,0.120,0.131,0.00,0,26,0,8.0,180.0,180.0,262.0,0.00,0,-0.0,0.0
92.70,fly,69.50,-6.50,0.120,1,4240.0,-3167.8,1.5,-0.7,0.00,0.00,261,261,-1,1.2,0.4,-0.0,-0.0,-0.00,-0.03,0.00,0.00,0.00,0.00,0.00,0.00,100,-1,0,-2,0.0,-0.03,0.120,0.131,0.00,0,26,0,8.0,180.0,180.0,262.0,0.00,0,0.0,0.0
92.90,fly,69.50,-6.50,0.120,1,4240.0,-3167.8,1.5,-0.7,0.00,0.00,261,261,-1,1.2,0.4,0.0,-0.0,-0.00,-0.03,0.00,0.00,0.00,0.00,0.00,0.00,100,-1,0,-2,-1.0,-0.03,0.120,0.131,0.00,0,26,0,8.0,180.0,180.0,262.0,0.00,0,0.0,0.0
93.10,fly,69.50,-6.50,0.120,1,4240.0,-3167.8,1.5,-0.7,0.00,0.00,261,261,-1,1.2,0.4,-0.0,-0.0,-0.00,-0.03,0.00,0.00,0.00,0.00,0.00,0.00,100,-1,0,-2,-0.8,-0.03,0.120,0.132,0.00,0,26,0,8.0,180.0,180.0,262.0,0.00,0,-0.0,0.0
93.30,fly,69.50,-6.50,0.120,1,4240.0,-3167.8,1.5,-0.7,0.00,0.00,261,261,-1,1.2,0.4,0.0,0.0,-0.00,-0.03,0.00,0.00,0.00,0.00,0.00,0.00,100,-1,0,-2,-0.5,-0.04,0.120,0.132,0.00,0,26,0,8.0,180.0,180.0,262.0,0.00,0,-0.0,0.0
93.50,fly,69.50,-6.50,0.120,1,4240.0,-3167.8,1.5,-0.7,0.00,0.00,261,261,-1,1.2,0.4,0.0,-0.0,-0.00,-0.03,0.00,0.00,0.00,0.00,0.00,0.00,100,-1,0,-2,-0.1,-0.04,0.120,0.132,0.00,0,26,0,8.0,180.0,180.0,262.0,0.00,0,0.0,0.0
93.70,fly,69.50,-6.50,0.120,1,4240.0,-3167.8,1.5,-0.7,0.00,0.00,261,261,-1,1.2,0.4,0.0,0.0,-0.00,-0.03,0.00,0.00,0.00,0.00,0.00,0.00,100,-1,0,-2,0.0,-0.04,0.120,0.132,0.00,0,26,0,8.0,180.0,180.0,262.0,0.00,0,0.0,0.0
93.90,fly,69.50,-6.50,0.120,1,4240.0,-3167.8,1.5,-0.7,0.00,0.00,261,261,-1,1.2,0.4,0.0,0.0,-0.00,-0.03,0.00,0.00,0.00,0.00,0.00,0.00,100,-1,0,-2,-0.9,-0.03,0.120,0.132,0.00,0,26,0,8.0,180.0,180.0,262.0,0.00,0,0.0,0.0
94.10,fly,69.50,-6.50,0.120,1,4240.0,-3167.8,1.5,-0.7,0.00,0.00,261,261,-1,1.2,0.4,-0.0,-0.0,-0.00,-0.03,0.00,0.00,0.00,0.00,0.00,0.00,100,-1,0,-2,-0.4,-0.03,0.120,0.132,0.00,0,26,0,8.0,180.0,180.0,262.0,0.00,0,0.0,-0.0
94.30,fly,69.50,-6.50,0.120,1,4240.0,-3167.8,1.5,-0.7,0.00,0.00,261,261,-1,1.2,0.4,0.0,0.0,-0.00,-0.03,0.00,0.00,0.00,0.00,0.00,0.00,100,-1,0,-2,0.0,-0.03,0.120,0.132,0.00,0,26,0,8.0,180.0,180.0,262.0,0.00,0,0.0,0.0
94.50,fly,69.50,-6.50,0.120,1,4240.0,-3167.8,1.5,-0.7,0.00,0.00,261,261,-1,1.2,0.4,-0.0,0.0,-0.00,-0.03,0.00,0.00,0.00,0.00,0.00,0.00,100,-1,0,-2,-0.4,-0.04,0.120,0.133,0.00,0,26,0,8.0,180.0,180.0,262.0,0.00,0,-0.0,0.0
94.70,fly,69.50,-6.50,0.120,1,4240.0,-3167.8,1.5,-0.7,0.00,0.00,261,261,-1,1.2,0.4,-0.0,0.0,-0.00,-0.03,0.00,0.00,0.00,0.00,0.00,0.00,100,-1,0,-2,-0.4,-0.04,0.120,0.133,0.00,0,26,0,8.0,180.0,180.0,262.0,0.00,0,-0.0,-0.0
94.90,fly,69.50,-6.50,0.120,1,4240.0,-3167.8,1.5,-0.7,0.00,0.00,261,261,-1,1.2,0.4,0.0,0.0,-0.00,-0.03,0.00,0.00,0.00,0.00,0.00,0.00,100,-1,0,-2,-0.3,-0.04,0.120,0.133,0.00,0,26,0,8.0,180.0,180.0,262.0,0.00,0,-0.0,-0.0
95.10,fly,69.50,-6.50,0.120,1,4240.0,-3167.8,1.5,-0.7,0.00,0.00,261,261,-1,1.3,0.4,-0.0,-0.0,-0.00,-0.03,0.00,0.00,0.00,0.00,0.00,0.00,100,-1,0,-2,-0.4,-0.03,0.120,0.133,0.00,0,26,0,8.0,180.0,180.0,262.0,0.00,0,0.0,0.0
95.30,fly,69.50,-6.50,0.120,1,4240.0,-3167.8,1.5,-0.7,0.00,0.00,261,261,-1,1.3,0.4,-0.0,0.0,-0.00,-0.03,0.00,0.00,0.00,0.00,0.00,0.00,100,-1,0,-2,0.0,-0.03,0.120,0.133,0.00,0,26,0,8.0,180.0,180.0,262.0,0.00,0,0.0,0.0
95.50,fly,69.50,-6.50,0.120,1,4240.0,-3167.8,1.5,-0.7,0.00,0.00,261,261,-1,1.3,0.4,0.0,0.0,-0.00,-0.03,0.00,0.00,0.00,0.00,0.00,0.00,100,-1,0,-2,-0.8,-0.02,0.120,0.133,0.00,0,26,0,8.0,180.0,180.0,262.0,0.00,0,0.0,-0.0
95.70,fly,69.50,-6.50,0.120,1,4240.0,-3167.8,1.5,-0.7,0.00,0.00,261,261,-1,1.3,0.4,-0.0,0.0,-0.00,-0.03,0.00,0.00,0.00,0.00,0.00,0.00,100,-1,0,-2,-0.4,-0.03,0.120,0.133,0.00,0,26,0,8.0,180.0,180.0,262.0,0.00,0,-0.0,0.0
95.90,fly,69.50,-6.50,0.120,1,4240.0,-3167.8,1.5,-0.7,0.00,0.00,261,261,-1,1.3,0.4,-0.0,0.0,-0.00,-0.03,0.00,0.00,0.00,0.00,0.00,0.00,100,-1,0,-2,0.0,-0.03,0.120,0.134,0.00,0,26,0,8.0,180.0,180.0,262.0,0.00,0,0.0,0.0
96.10,fly,69.50,-6.50,0.120,1,4240.0,-3167.8,1.5,-0.7,0.00,0.00,261,261,-1,1.3,0.4,-0.0,-0.0,-0.00,-0.03,0.00,0.00,0.00,0.00,0.00,0.00,100,-1,0,-2,0.0,-0.04,0.120,0.134,0.00,0,26,0,8.0,180.0,180.0,262.0,0.00,0,0.0,0.0
96.30,fly,69.50,-6.50,0.120,1,4240.0,-3167.8,1.5,-0.7,0.00,0.00,261,261,-1,1.3,0.4,-0.0,-0.0,-0.00,-0.03,0.00,0.00,0.00,0.00,0.00,0.00,100,-1,0,-2,0.0,-0.03,0.120,0.134,0.00,0,26,0,8.0,180.0,180.0,262.0,0.00,0,0.0,0.0
96.50,fly,69.50,-6.50,0.120,1,4240.0,-3167.8,1.5,-0.7,0.00,0.00,261,261,-1,1.3,0.4,-0.0,-0.0,-0.00,-0.03,0.00,0.00,0.00,0.00,0.00,0.00,100,-1,0,-2,0.0,-0.04,0.120,0.134,0.00,0,26,0,8.0,180.0,180.0,262.0,0.00,0,0.0,0.0
96.70,fly,69.50,-6.50,0.120,1,4240.0,-3167.8,1.5,-0.7,0.00,0.00,261,261,-1,1.3,0.4,-0.0,-0.0,-0.00,-0.03,0.00,0.00,0.00,0.00,0.00,0.00,100,-1,0,-2,0.0,-0.04,0.120,0.134,0.00,0,26,0,8.0,180.0,180.0,262.0,0.00,0,0.0,0.0
96.90,fly,69.50,-6.50,0.120,1,4240.0,-3167.8,1.5,-0.7,0.00,0.00,261,261,-1,1.3,0.4,-0.0,-0.0,-0.00,-0.03,0.00,0.00,0.00,0.00,0.00,0.00,100,-1,0,-2,0.0,-0.04,0.120,0.134,0.00,0,26,0,8.0,180.0,180.0,262.0,0.00,0,0.0,0.0
97.10,fly,69.50,-6.50,0.120,1,4240.0,-3167.8,1.5,-0.7,0.00,0.00,261,261,-1,1.3,0.4,-0.0,-0.0,-0.00,-0.03,0.00,0.00,0.00,0.00,0.00,0.00,100,-1,0,-2,0.0,-0.04,0.120,0.135,0.00,0,26,0,8.1,180.0,180.0,261.9,0.00,0,0.0,0.0
97.30,fly,69.50,-6.50,0.120,1,4240.0,-3167.8,1.5,-0.7,0.00,0.00,261,261,-1,1.3,0.4,-0.0,-0.0,-0.00,-0.03,0.00,0.00,0.00,0.00,0.00,0.00,100,-1,0,-2,-0.3,-0.03,0.120,0.135,0.00,0,26,0,8.1,180.0,180.0,261.9,0.00,0,-0.0,0.0
97.50,fly,69.50,-6.50,0.120,1,4240.0,-3167.8,1.5,-0.7,0.00,0.00,261,261,-1,1.3,0.4,-0.0,-0.0,-0.00,-0.03,0.00,0.00,0.00,0.00,0.00,0.00,100,-1,0,-2,0.0,-0.03,0.120,0.135,-0.00,0,26,0,8.1,180.0,180.0,261.9,0.00,0,0.0,0.0
97.70,fly,69.50,-6.50,0.120,1,4240.0,-3167.8,1.5,-0.7,0.00,0.00,261,261,-1,1.3,0.4,-0.0,-0.0,-0.00,-0.03,0.00,0.00,0.00,0.00,0.00,0.00,100,-1,0,-2,-0.6,-0.04,0.120,0.135,0.00,0,26,0,8.1,180.0,180.0,261.9,0.00,0,0.1,-0.1
97.90,fly,69.50,-6.50,0.120,1,4240.0,-3167.8,1.5,-0.7,0.00,0.00,261,261,-1,1.3,0.4,-0.0,-0.0,-0.01,-0.03,0.00,0.00,0.00,0.00,0.00,0.00,100,-1,0,-2,-0.4,-0.02,0.120,0.135,-0.00,0,26,0,8.1,180.0,180.0,261.9,0.00,0,-0.0,0.0
98.10,fly,69.50,-6.50,0.120,1,4240.0,-3167.8,1.5,-0.7,0.00,0.00,261,261,-1,1.3,0.4,-0.0,-0.0,-0.01,-0.03,0.00,0.00,0.00,0.00,0.00,0.00,100,-1,0,-2,0.0,-0.04,0.120,0.135,0.00,0,26,0,8.1,180.0,180.0,261.9,0.00,0,-0.0,0.0
98.30,fly,69.50,-6.50,0.120,1,4240.0,-3167.8,1.5,-0.7,0.00,0.00,261,261,-1,1.3,0.4,-0.0,-0.0,-0.01,-0.03,0.00,0.00,0.00,0.00,0.00,0.00,100,-1,0,-2,0.0,-0.04,0.120,0.135,0.00,0,26,0,8.1,180.0,180.0,261.9,0.00,0,-0.0,0.0
98.50,fly,69.50,-6.50,0.120,1,4240.0,-3167.8,1.5,-0.7,0.00,0.00,261,261,-1,1.3,0.4,-0.0,-0.0,-0.01,-0.03,0.00,0.00,0.00,0.00,0.00,0.00,100,-1,0,-2,0.0,-0.04,0.120,0.136,0.00,0,26,0,8.1,180.0,180.0,261.9,0.00,0,-0.0,0.0
98.70,fly,69.50,-6.50,0.120,1,4240.0,-3167.8,1.5,-0.7,0.00,0.00,261,261,-1,1.3,0.4,-0.0,-0.0,-0.01,-0.03,0.00,0.00,0.00,0.00,0.00,0.00,100,-1,0,-2,0.0,-0.04,0.120,0.136,0.00,0,26,0,8.1,180.0,180.0,261.9,0.00,0,-0.0,0.0
98.90,fly,69.50,-6.50,0.120,1,4240.0,-3167.8,1.5,-0.7,0.00,0.00,261,261,-1,1.3,0.4,-0.0,-0.0,-0.01,-0.03,0.00,0.00,0.00,0.00,0.00,0.00,100,-1,0,-2,0.0,-0.04,0.120,0.136,0.00,0,26,0,8.1,180.0,180.0,261.9,0.00,0,-0.0,0.0
99.10,fly,69.50,-6.50,0.120,1,4240.0,-3167.8,1.5,-0.7,0.00,0.00,261,261,-1,1.3,0.4,-0.0,-0.0,-0.01,-0.03,0.00,0.00,0.00,0.00,0.00,0.00,100,-1,0,-2,0.0,-0.04,0.120,0.136,0.00,0,26,0,8.1,180.0,180.0,261.9,0.00,0,-0.0,0.0
99.30,fly,69.50,-6.50,0.120,1,4240.0,-3167.8,1.5,-0.7,0.00,0.00,261,261,-1,1.3,0.4,-0.0,-0.0,-0.01,-0.03,0.00,0.00,0.00,0.00,0.00,0.00,100,-1,0,-2,0.0,-0.04,0.120,0.136,0.00,0,26,0,8.1,180.0,180.0,261.9,0.00,0,-0.0,0.0
99.50,fly,69.50,-6.50,0.120,1,4240.0,-3167.8,1.5,-0.7,0.00,0.00,261,261,-1,1.3,0.4,-0.0,-0.0,-0.01,-0.04,0.00,0.00,0.00,0.00,0.00,0.00,100,-1,0,-2,0.0,-0.04,0.120,0.136,0.00,0,26,0,8.1,180.0,180.0,261.9,0.00,0,-0.0,0.0
99.70,fly,69.50,-6.50,0.120,1,4240.0,-3167.8,1.5,-0.7,0.00,0.00,261,261,-1,1.3,0.4,-0.0,-0.0,-0.01,-0.04,0.00,0.00,0.00,0.00,0.00,0.00,100,-1,0,-2,0.0,-0.04,0.120,0.137,0.00,0,26,0,8.1,180.0,180.0,261.9,0.00,0,-0.0,0.0
99.90,fly,69.50,-6.50,0.120,1,4240.0,-3167.8,1.5,-0.7,0.00,0.00,261,261,-1,1.3,0.4,-0.0,-0.0,-0.01,-0.04,0.00,0.00,0.00,0.00,0.00,0.00,100,-1,0,-2,0.0,-0.04,0.120,0.137,0.00,0,26,0,8.1,180.0,180.0,261.9,0.00,0,-0.0,0.0
100.10,fly,69.50,-6.50,0.120,1,4240.0,-3167.8,1.5,-0.7,0.00,0.00,261,261,-1,1.3,0.4,-0.0,-0.0,-0.01,-0.04,0.00,0.00,0.00,0.00,0.00,0.00,100,-1,0,-2,0.0,-0.04,0.120,0.137,0.00,0,26,0,8.1,180.0,180.0,261.9,0.00,0,-0.0,0.0
100.30,land,69.50,-6.50,0.126,1,4240.0,-3167.8,0.0,0.0,0.00,0.00,261,261,-1,0.4,0.1,-0.0,-0.0,-0.00,-0.03,0.00,0.00,0.00,0.00,0.00,0.00,99,-1,0,-2,0.0,-0.04,0.126,0.138,0.00,0,26,0,8.1,180.0,180.0,261.9,0.00,0,-0.0,0.0
100.50,land,69.50,-6.50,0.364,1,4240.0,-3167.8,0.0,0.0,0.00,0.00,261,261,-1,0.4,0.1,0.0,-0.0,-0.00,-0.03,0.00,0.00,0.00,0.00,0.00,0.00,99,-1,0,-2,0.0,-0.04,0.364,0.376,0.00,0,26,0,8.1,180.0,180.0,261.9,0.00,0,0.0,0.0
100.70,land,69.61,-6.61,0.341,1,4240.0,-3167.8,0.0,0.0,0.00,0.00,261,261,-1,0.4,0.1,0.1,-0.0,-0.01,-0.01,0.00,0.00,0.00,0.00,0.00,0.00,99,-1,0,-2,-1.2,-0.02,0.341,0.348,0.44,0,26,0,8.1,180.0,180.0,261.9,0.00,0,1.0,0.2
100.90,land,69.85,-6.85,0.302,1,4240.0,-3167.8,0.0,0.0,0.00,0.00,261,261,-1,0.4,0.1,0.4,-0.1,-0.01,0.00,0.00,0.00,0.00,0.00,0.00,0.00,99,-1,0,-2,-2.2,0.00,0.302,0.307,1.14,0,26,0,8.1,180.0,180.0,261.9,0.00,0,1.8,0.2
101.10,land,70.17,-7.17,0.120,1,4240.0,-3167.8,0.0,0.0,0.00,0.00,261,260,-1,0.4,0.1,0.8,-0.1,-0.01,0.01,0.00,0.00,0.00,0.00,0.00,0.00,99,-1,0,-2,-2.3,0.01,0.120,0.128,1.57,0,26,0,8.9,180.0,180.0,261.1,0.00,0,2.0,0.3
101.30,land,70.31,-7.31,0.120,1,4240.0,-3167.8,0.0,0.0,0.00,0.00,261,260,-1,0.4,0.1,1.2,-0.2,-0.01,0.01,0.00,0.00,0.00,0.00,0.00,0.00,99,-1,0,-1,-1.9,0.01,0.120,0.129,0.91,0,26,0,8.9,180.0,180.0,261.1,0.00,0,1.8,0.3
101.50,land,70.13,-7.13,0.152,1,4240.0,-3167.8,0.0,0.0,0.00,0.00,260,259,-1,0.4,0.1,1.5,-0.3,-0.01,0.01,0.00,0.00,0.00,0.00,0.00,0.00,99,-1,0,-1,-1.5,0.01,0.152,0.162,-0.71,0,26,0,9.7,180.0,180.0,260.3,0.00,0,1.6,0.3
101.70,land,69.65,-6.65,0.231,1,4240.0,-3167.8,0.0,0.0,0.00,0.00,260,259,-1,0.4,0.1,1.8,-0.3,-0.01,0.02,0.00,0.00,0.00,0.00,0.00,0.00,99,-1,0,-1,-1.4,0.01,0.231,0.242,-2.30,0,26,0,9.7,180.0,180.0,260.3,0.00,0,1.6,0.3
101.90,land,69.53,-6.53,0.150,1,4239.8,-3167.8,0.1,-0.0,-0.70,-0.18,260,259,-1,3.4,0.1,-0.6,0.2,0.08,-0.24,0.00,0.00,0.00,0.00,1.07,0.02,99,-1,0,-1,0.4,-0.01,0.150,0.279,-0.70,0,26,0,10.1,179.8,178.7,259.9,0.00,0,-6.1,-5.6
102.10,land,69.57,-6.57,0.120,1,4239.7,-3167.8,0.2,0.0,-0.70,-0.18,259,259,-1,2.5,-0.8,-0.9,1.2,0.09,-0.04,0.00,0.00,0.00,0.00,0.66,0.30,99,-1,0,-0,0.0,-0.01,0.120,0.172,0.41,0,26,0,10.1,179.8,178.7,259.9,0.00,0,1.8,-4.5
102.30,land,69.53,-6.53,0.120,1,4239.5,-3167.8,0.4,0.0,-0.68,0.01,259,259,-1,2.6,-0.5,-0.6,0.5,-0.10,-0.03,0.00,0.00,0.00,0.00,0.68,0.20,99,-1,0,-0,8.9,-0.18,0.120,0.172,-0.18,0,26,0,9.5,181.1,186.4,260.5,0.00,0,2.0,8.4
102.50,land,69.50,-6.50,0.120,1,4239.5,-3167.8,0.5,0.0,0.00,-0.04,259,259,-1,1.2,0.5,0.0,-0.0,0.01,-0.04,0.00,0.00,0.00,0.00,0.17,-0.13,99,-1,0,-0,-0.0,0.03,0.120,0.141,-0.19,0,26,0,9.5,181.1,186.4,260.5,0.00,0,-1.1,-1.4
102.70,land,69.50,-6.50,0.120,1,4239.5,-3167.8,0.5,0.0,0.00,0.00,260,260,-1,0.7,0.1,-0.0,-0.0,-0.00,-0.03,0.00,0.00,0.00,0.00,0.00,0.00,99,-1,0,-1,0.0,-0.01,0.120,0.133,-0.01,0,26,0,8.8,180.0,180.0,261.2,0.00,0,0.0,0.0
102.90,land,69.50,-6.50,0.120,1,4239.5,-3167.8,0.5,0.0,0.00,0.00,260,260,-1,0.7,0.1,0.0,0.0,-0.00,-0.03,0.00,0.00,0.00,0.00,0.00,0.00,99,-1,0,-1,0.0,-0.02,0.120,0.133,0.00,0,26,0,8.8,180.0,180.0,261.2,0.00,0,0.0,0.0
103.10,land,69.50,-6.50,0.120,1,4239.5,-3167.8,0.5,0.0,0.00,0.00,260,260,-1,0.7,0.1,-0.0,0.0,-0.00,-0.03,0.00,0.00,0.00,0.00,0.00,0.00,99,-1,0,-1,0.0,-0.02,0.120,0.134,0.00,0,26,0,8.8,180.0,180.0,261.2,0.00,0,0.0,0.0
103.30,touchdown,69.50,-6.50,0.000,1,4239.5,-3167.8,0.5,0.0,0.00,0.00,260,260,-1,0.7,0.1,0.0,-0.0,-0.00,-0.03,0.00,0.00,0.00,0.00,0.00,0.00,99,-1,1,-1,-0.2,-0.01,0.000,0.000,0.00,0,26,0,8.8,180.0,180.0,261.2,0.00,0,0.0,0.0
103.50,touchdown,69.50,-6.50,0.000,1,4239.5,-3167.8,0.5,0.0,0.00,0.00,260,260,-1,0.7,0.1,-0.0,-0.0,-0.00,-0.03,0.00,0.00,0.00,0.00,0.00,0.00,99,-1,1,-1,0.0,-0.02,0.000,0.000,-0.00,0,26,0,8.8,180.0,180.0,261.2,0.00,0,0.0,0.0
103.70,touchdown,69.50,-6.50,0.000,1,4239.5,-3167.8,0.5,0.0,0.00,0.00,260,260,-1,0.7,0.1,-0.0,-0.0,-0.00,-0.03,0.00,0.00,0.00,0.00,0.00,0.00,99,-1,1,-1,-0.6,-0.01,0.000,0.000,0.00,0,26,0,8.8,180.0,180.0,261.2,0.00,0,0.0,-0.0
103.90,touchdown,69.50,-6.50,0.000,1,4239.5,-3167.8,0.5,0.0,0.00,0.00,260,260,-1,0.7,0.1,-0.0,0.0,-0.00,-0.03,0.00,0.00,0.00,0.00,0.00,0.00,99,-1,1,-1,-0.3,-0.02,0.000,0.000,0.00,0,26,0,8.8,180.0,180.0,261.2,0.00,0,0.2,0.1
104.10,touchdown,69.50,-6.50,0.000,1,4239.5,-3167.8,0.5,0.0,0.00,0.00,260,260,-1,0.7,0.1,-0.0,0.0,-0.00,-0.03,0.00,0.00,0.00,0.00,0.00,0.00,99,-1,1,-1,0.0,-0.02,0.000,0.000,0.00,0,26,0,8.8,180.0,180.0,261.2,0.00,0,-0.0,-0.0
104.30,touchdown,69.50,-6.50,0.000,1,4239.5,-3167.8,0.5,0.0,0.00,0.00,260,260,-1,0.7,0.1,0.0,0.0,-0.00,-0.03,0.00,0.00,0.00,0.00,0.00,0.00,99,-1,1,-1,-0.1,-0.02,0.000,0.000,0.00,0,26,0,8.8,180.0,180.0,261.2,0.00,0,0.3,0.0
104.50,touchdown,69.50,-6.50,0.000,1,4239.5,-3167.8,0.5,0.0,0.00,0.00,260,260,-1,0.7,0.1,-0.0,-0.0,-0.00,-0.03,0.00,0.00,0.00,0.00,0.00,0.00,99,-1,1,-1,-0.0,-0.02,0.000,0.000,0.00,0,26,0,8.8,180.0,180.0,261.2,0.00,0,-0.0,-0.0
104.70,touchdown,69.50,-6.50,0.000,1,4239.5,-3167.8,0.5,0.0,0.00,0.00,260,260,-1,0.7,0.1,0.0,-0.0,-0.00,-0.03,0.00,0.00,0.00,0.00,0.00,0.00,99,-1,1,-1,-0.0,-0.02,0.000,0.000,0.00,0,26,0,8.8,180.0,180.0,261.2,0.00,0,-0.0,0.0
104.90,touchdown,69.50,-6.50,0.000,1,4239.5,-3167.8,0.5,0.0,0.00,0.00,260,260,-1,0.7,0.1,0.0,-0.0,-0.00,-0.03,0.00,0.00,0.00,0.00,0.00,0.00,99,-1,1,-1,0.0,-0.03,0.000,0.000,0.00,0,26,0,8.8,180.0,180.0,261.2,0.00,0,0.0,0.0
105.10,touchdown,69.50,-6.50,0.000,1,4239.5,-3167.8,0.5,0.0,0.00,0.00,260,260,-1,0.7,0.1,0.0,-0.0,-0.00,-0.03,0.00,0.00,0.00,0.00,0.00,0.00,99,-1,1,-1,0.0,-0.02,0.000,0.000,0.00,0,26,0,8.8,180.0,180.0,261.2,0.00,0,0.0,0.0
105.30,touchdown,69.50,-6.50,0.000,1,4239.5,-3167.8,0.5,0.0,0.00,0.00,260,260,-1,0.7,0.1,0.0,-0.0,-0.00,-0.03,0.00,0.00,0.00,0.00,0.00,0.00,99,-1,1,-1,0.0,-0.01,0.000,0.000,0.00,0,26,0,8.8,180.0,180.0,261.2,0.00,0,0.0,0.0
105.50,touchdown,69.50,-6.50,0.000,1,4239.5,-3167.8,0.5,0.0,0.00,0.00,260,260,-1,0.7,0.1,0.0,-0.0,-0.00,-0.03,0.00,0.00,0.00,0.00,0.00,0.00,99,-1,1,-1,0.0,-0.02,0.000,0.000,0.00,0,26,0,8.8,180.0,180.0,261.2,0.00,0,0.0,0.0
105.70,touchdown,69.50,-6.50,0.000,1,4239.5,-3167.8,0.5,0.0,0.00,0.00,260,260,-1,0.7,0.1,-0.0,-0.0,-0.00,-0.03,0.00,0.00,0.00,0.00,0.00,0.00,99,-1,1,-1,0.0,-0.02,0.000,0.000,0.00,0,26,0,8.8,180.0,180.0,261.2,0.00,0,0.0,0.0
105.90,touchdown,69.50,-6.50,0.000,1,4239.5,-3167.8,0.5,0.0,0.00,0.00,260,260,-1,0.7,0.1,-0.0,-0.0,-0.00,-0.03,0.00,0.00,0.00,0.00,0.00,0.00,99,-1,1,-1,0.0,-0.02,0.000,0.000,0.00,0,26,0,8.8,180.0,180.0,261.2,0.00,0,-0.0,0.0
106.10,touchdown,69.50,-6.50,0.000,1,4239.5,-3167.8,0.5,0.0,0.00,0.00,260,260,-1,0.7,0.1,-0.0,-0.0,-0.00,-0.03,0.00,0.00,0.00,0.00,0.00,0.00,99,-1,1,-1,0.0,-0.02,0.000,0.000,0.00,0,26,0,8.8,180.0,180.0,261.2,0.00,0,-0.0,0.0
106.30,touchdown,69.50,-6.50,0.000,1,4239.5,-3167.8,0.5,0.0,0.00,0.00,260,260,-1,0.7,0.1,-0.0,-0.0,-0.00,-0.03,0.00,0.00,0.00,0.00,0.00,0.00,99,-1,1,-1,0.0,-0.02,0.000,0.000,0.00,0,26,0,8.8,180.0,180.0,261.2,0.00,0,-0.0,0.0
106.45,climb,69.50,280.50,0.378,1,4239.5,-3167.8,-2347.0,3533.3,0.00,0.00,260,260,-1,0.0,0.0,-0.0,-0.0,-0.00,-0.00,0.00,0.00,0.00,0.00,0.00,0.00,99,-1,0,2,0.0,0.03,0.378,0.378,0.00,0,26,0,8.8,180.0,180.0,261.2,0.00,0,-0.0,0.0
106.65,climb,69.50,280.50,0.918,1,4239.5,-3167.8,-2347.0,3533.3,0.00,0.00,260,260,-1,0.0,0.0,-0.0,-0.0,0.00,-0.00,0.00,0.00,0.00,0.00,0.00,0.00,99,-1,0,7,0.0,0.15,0.919,0.919,0.00,0,26,0,8.8,180.0,180.0,261.2,0.00,0,-0.0,0.0
106.85,climb,69.54,280.46,1.000,1,4239.5,-3167.8,-2347.0,3533.3,0.00,0.00,260,260,-1,0.0,0.0,-0.0,0.0,0.00,-0.01,0.00,0.00,0.00,0.00,0.00,0.00,99,-1,1,13,1.5,0.27,1.000,1.000,0.18,0,26,0,8.8,180.0,180.2,261.2,0.00,0,-0.4,-0.1
107.05,climb,70.09,279.91,1.000,1,4239.5,-3167.8,-2347.0,3533.3,0.00,0.00,260,260,-1,0.0,0.0,-0.1,0.0,-0.00,-0.01,0.00,0.00,0.00,0.00,0.00,0.00,99,-1,1,19,5.0,0.29,1.000,1.000,3.24,0,26,0,8.8,180.0,180.2,261.2,0.00,0,-0.4,0.0
107.25,climb,71.80,278.20,1.000,1,4239.5,-3167.8,-2347.0,3533.3,0.00,0.00,261,265,-1,0.0,0.0,0.0,-0.0,-0.01,0.02,0.00,0.00,0.00,0.00,0.00,0.00,99,-1,1,25,20.0,0.10,1.000,1.000,9.31,0,26,0,4.3,180.0,179.4,265.7,0.00,0,0.9,0.4
107.45,climb,74.76,275.24,1.000,1,4239.4,-3167.8,-2346.9,3533.3,-0.18,0.00,262,265,-1,0.0,0.0,0.4,-0.2,-0.01,0.03,0.00,0.00,0.00,0.00,0.35,0.05,99,-1,1,30,40.5,-0.13,1.000,1.000,15.57,0,26,0,4.3,180.0,179.4,265.7,0.00,0,1.3,0.4
107.65,climb,78.94,271.06,1.000,1,4239.4,-3167.8,-2346.9,3533.3,0.00,0.18,265,280,-1,0.0,0.0,0.5,-0.1,0.00,-0.00,0.00,0.00,0.00,0.00,0.02,-0.18,99,-1,1,33,37.0,-0.16,1.000,1.000,21.71,0,26,0,349.4,179.8,1.2,280.6,0.00,0,-1.8,-0.1
107.85,climb,84.34,265.66,1.000,1,4239.4,-3167.8,-2346.9,3533.3,0.00,0.18,269,280,-1,0.0,0.0,-0.0,-0.1,0.00,-0.05,0.00,0.00,0.00,0.00,0.00,-0.18,99,-1,1,35,30.8,0.08,1.000,1.000,27.72,0,26,0,349.4,179.8,1.2,280.6,0.00,0,-3.0,-0.3
108.05,climb,90.91,259.09,1.000,1,4239.4,-3167.7,-2346.9,3533.2,0.00,0.18,274,290,-1,0.0,0.0,-0.8,-0.0,0.00,-0.06,0.00,0.00,0.00,0.00,-0.01,-0.18,99,-1,1,36,15.6,0.36,1.000,1.000,33.61,0,26,0,339.0,180.3,359.2,291.0,0.00,0,-3.1,-0.4
108.25,climb,98.64,251.36,1.000,1,4239.4,-3167.7,-2346.9,3533.2,-0.35,0.00,278,290,-1,0.0,0.0,-1.2,-0.0,-0.00,-0.02,0.00,0.00,0.00,0.00,0.35,-0.05,99,-1,1,38,17.2,0.41,1.000,1.000,39.37,0,26,0,339.0,180.3,359.2,291.0,0.00,0,-1.4,-0.3
108.45,climb,107.51,242.49,1.000,1,4239.2,-3167.7,-2346.8,3533.2,-0.70,-0.18,283,300,-1,0.0,0.0,-0.6,-0.1,-0.01,0.05,0.00,0.00,0.00,0.00,0.72,0.01,99,-1,1,39,42.6,0.13,1.000,1.000,45.00,0,26,0,329.5,180.2,359.6,300.5,0.00,0,4.8,0.5
108.65,climb,117.47,232.53,0.852,1,4239.1,-3167.8,-2346.6,3533.3,-0.70,-0.18,288,300,-1,0.0,0.0,0.4,-0.2,-0.00,0.07,0.00,0.00,0.00,0.00,0.72,-0.04,99,-1,0,40,51.3,-0.23,0.855,0.884,50.51,0,26,0,329.5,180.2,359.6,300.5,0.00,0,4.7,0.2
108.85,climb,128.47,221.53,0.544,1,4238.9,-3167.8,-2346.5,3533.3,-0.70,0.18,294,320,-1,0.0,0.0,0.7,0.2,0.04,0.00,0.00,0.00,0.00,0.00,0.64,-0.29,99,-1,0,40,51.8,-0.33,0.547,0.565,55.65,0,26,0,308.5,179.3,0.5,321.5,0.00,0,-2.3,-2.3
109.05,climb,140.06,209.94,0.336,1,4238.8,-3167.7,-2346.4,3533.2,-0.35,0.18,302,320,-1,0.0,0.0,-0.2,0.6,0.03,-0.08,0.00,0.00,0.00,0.00,0.21,-0.33,99,-1,0,38,37.6,-0.13,0.337,0.379,58.26,0,26,0,308.5,179.3,0.5,321.5,0.00,0,-5.0,-0.6
109.25,climb,151.74,198.26,0.242,1,4238.8,-3167.7,-2346.3,3533.2,-0.35,0.18,309,336,-1,0.0,0.0,-1.1,0.6,-0.00,-0.08,0.00,0.00,0.00,0.00,0.16,-0.36,99,-1,0,36,31.6,0.10,0.242,0.273,58.38,0,26,0,292.6,183.3,358.6,337.4,0.00,0,-4.4,-0.1
109.45,climb,163.22,186.78,0.208,1,4238.7,-3167.7,-2346.2,3533.2,-0.35,0.00,317,336,-1,0.0,0.0,-1.5,0.4,-0.01,-0.03,0.00,0.00,0.00,0.00,0.24,-0.26,99,-1,0,35,22.2,0.21,0.209,0.224,57.20,0,26,0,292.6,183.3,358.6,337.4,0.00,0,0.3,-0.0
109.65,climb,174.38,175.62,0.197,1,4238.7,-3167.7,-2346.2,3533.2,-0.35,-0.18,324,346,-1,0.0,0.0,-1.3,0.4,0.00,0.02,0.00,0.00,0.00,0.00,0.35,-0.18,99,-1,0,34,21.1,0.25,0.198,0.204,55.56,0,26,0,283.3,185.7,358.6,346.7,0.00,0,1.7,-0.3
109.85,climb,185.17,164.83,0.198,1,4238.6,-3167.7,-2346.1,3533.2,-0.35,-0.18,330,346,-1,0.0,0.0,-0.6,0.3,-0.00,0.04,0.00,0.00,0.00,0.00,0.33,-0.22,99,-1,0,33,20.3,0.26,0.199,0.216,53.70,0,26,0,283.3,185.7,358.6,346.7,0.00,0,3.7,0.0
110.05,climb,195.59,154.41,0.197,1,4238.5,-3167.8,-2346.0,3533.3,-0.35,-0.18,336,354,-1,0.0,0.0,-0.3,0.3,0.00,0.01,0.00,0.00,0.00,0.00,0.30,-0.25,99,-1,0,34,20.5,0.26,0.198,0.202,51.88,0,26,0,275.2,183.8,359.7,354.8,0.00,0,1.2,-0.0
110.25,climb,205.65,144.35,0.197,1,4238.5,-3167.8,-2346.0,3533.3,-0.35,-0.18,341,354,-1,0.0,0.0,-0.6,0.3,-0.00,-0.03,0.00,0.00,0.00,0.00,0.28,-0.28,99,-1,0,35,21.2,0.27,0.198,0.212,50.08,0,26,0,275.2,183.8,359.7,354.8,0.00,0,-1.5,-0.0
110.45,climb,215.36,134.64,0.196,1,4238.4,-3167.8,-2345.9,3533.3,-0.35,-0.18,346,2,-1,0.0,0.0,-0.7,0.1,-0.01,-0.01,0.00,0.00,0.00,0.00,0.26,-0.30,99,-1,0,36,21.8,0.28,0.197,0.206,48.30,0,26,0,266.6,348.0,359.3,3.4,0.00,0,-0.5,0.5
110.65,climb,224.72,125.28,0.193,1,4238.3,-3167.9,-2345.8,3533.4,-0.35,-0.35,351,2,-1,0.0,0.0,-0.4,-0.0,-0.01,0.02,0.00,0.00,0.00,0.00,0.40,-0.29,99,-1,0,37,23.3,0.28,0.194,0.207,46.58,0,26,0,266.6,348.0,359.3,3.4,0.00,0,2.2,-0.2
110.85,climb,233.72,116.28,0.193,1,4238.2,-3168.0,-2345.8,3533.5,-0.35,-0.35,356,12,-1,0.0,0.0,-0.1,0.1,0.01,0.01,0.00,0.00,0.00,0.00,0.38,-0.32,99,-1,0,38,24.8,0.28,0.194,0.204,44.80,0,26,0,257.3,359.6,359.9,12.7,0.00,0,0.0,-1.2
111.05,climb,242.39,107.61,0.187,1,4238.2,-3168.0,-2345.7,3533.5,-0.35,-0.35,0,12,-1,0.0,0.0,-0.3,0.3,0.02,-0.03,0.00,0.00,0.00,0.00,0.35,-0.35,99,-1,0,40,25.5,0.28,0.188,0.206,43.15,0,26,0,257.3,359.6,359.9,12.7,0.00,0,-1.2,-1.2
111.25,climb,250.71,99.29,0.185,1,4238.1,-3168.1,-2345.6,3533.6,-0.35,-0.18,5,22,-1,0.0,0.0,-0.6,0.2,-0.01,-0.03,0.00,0.00,0.00,0.00,0.14,-0.37,99,-1,0,41,27.3,0.27,0.186,0.200,41.42,0,26,0,246.9,358.8,359.5,23.1,0.00,0,-0.8,1.2
111.45,climb,258.71,91.29,0.182,1,4238.0,-3168.1,-2345.5,3533.6,0.00,-0.35,10,22,-1,0.0,0.0,-0.7,-0.2,-0.03,-0.01,0.00,0.00,0.00,0.00,0.11,-0.38,99,-1,0,42,28.4,0.24,0.182,0.197,39.73,0,26,0,246.9,358.8,359.5,23.1,0.00,0,0.7,1.3
111.65,climb,266.36,83.64,0.178,1,4238.0,-3168.2,-2345.5,3533.7,0.00,-0.35,15,33,-1,0.0,0.0,-0.4,-0.4,-0.02,0.02,0.00,0.00,0.00,0.00,0.34,-0.09,99,-1,0,43,29.0,0.22,0.179,0.194,38.04,0,26,0,235.6,359.0,359.3,34.4,0.00,0,1.3,0.8
111.85,climb,273.66,76.34,0.180,1,4238.0,-3168.2,-2345.5,3533.7,0.00,-0.35,20,33,-1,0.0,0.0,-0.1,-0.6,-0.02,0.02,0.00,0.00,0.00,0.00,0.33,-0.12,99,-1,0,43,29.1,0.22,0.180,0.196,36.27,0,26,0,235.6,359.0,359.3,34.4,0.00,0,1.3,0.7
112.05,climb,280.62,69.38,0.180,1,4238.0,-3168.3,-2345.5,3533.8,-0.35,-0.35,26,45,-1,0.0,0.0,0.2,-0.7,-0.02,0.02,0.00,0.00,0.00,0.00,0.32,-0.15,99,-1,0,44,29.0,0.22,0.180,0.196,34.54,0,26,0,224.0,359.5,359.5,46.0,0.00,0,1.2,0.7
112.25,climb,287.23,62.77,0.162,1,4238.0,-3168.4,-2345.5,3533.9,-0.35,-0.35,31,45,-1,0.0,0.0,0.5,-0.8,-0.01,0.03,0.00,0.00,0.00,0.00,0.12,-0.48,99,-1,0,45,28.9,0.22,0.163,0.179,32.85,0,26,0,224.0,359.5,359.5,46.0,0.00,0,1.1,0.7
112.45,climb,293.51,56.49,0.078,1,4237.9,-3168.5,-2345.4,3533.9,-0.35,-0.35,37,57,-1,0.0,0.0,0.8,-0.9,-0.01,0.02,0.00,0.00,0.00,0.00,0.07,-0.49,99,-1,0,42,28.9,0.22,0.078,0.093,31.19,0,26,0,212.4,359.6,359.4,57.6,0.00,0,0.3,0.5
112.65,climb,299.40,50.60,0.015,1,4237.8,-3168.6,-2345.3,3534.0,-0.35,-0.35,42,57,-1,0.0,0.0,0.8,-0.8,-0.00,0.01,0.00,0.00,0.00,0.00,0.02,-0.50,99,-1,0,36,27.7,0.16,0.015,0.019,29.20,0,26,0,212.4,359.6,359.4,57.6,0.00,0,-0.3,-0.0
112.85,climb,304.83,45.17,0.000,1,4237.7,-3168.6,-2345.3,3534.1,-0.35,-0.35,48,68,-1,0.0,0.0,0.8,-0.7,0.00,0.00,0.00,0.00,0.00,0.00,-0.03,-0.50,99,-1,1,30,26.6,0.07,0.000,0.000,26.87,0,26,0,201.3,359.6,359.0,68.7,0.00,0,-0.6,-0.3
113.05,climb,309.78,40.22,0.000,1,4237.7,-3168.7,-2345.2,3534.2,-0.35,-0.35,54,68,-1,0.0,0.0,0.7,-0.6,0.01,-0.00,0.00,0.00,0.00,0.00,-0.08,-0.49,99,-1,1,25,26.0,-0.02,0.000,0.000,24.49,0,26,0,201.3,359.6,359.0,68.7,0.00,0,-0.7,-0.4
113.25,climb,314.23,35.77,0.000,1,4237.6,-3168.8,-2345.1,3534.2,-0.35,-0.35,59,78,-1,0.0,0.0,0.6,-0.4,0.01,-0.00,0.00,0.00,0.00,0.00,-0.12,-0.48,99,-1,1,19,24.2,-0.11,0.000,0.000,21.94,0,26,0,191.1,359.7,358.7,78.9,0.00,0,-0.8,-0.7
113.45,climb,318.16,31.84,0.023,1,4237.6,-3168.8,-2345.1,3534.3,-0.35,-0.35,65,78,-1,0.0,0.0,0.5,-0.2,0.01,-0.01,0.00,0.00,0.00,0.00,-0.17,-0.47,99,-1,0,14,23.7,-0.19,0.023,0.031,19.35,0,26,0,191.1,359.7,358.7,78.9,0.00,0,-0.8,-0.7
113.65,climb,321.59,28.41,0.053,1,4237.5,-3168.9,-2345.0,3534.4,-0.35,-0.35,70,87,-1,0.0,0.0,0.3,-0.0,0.01,-0.01,0.00,0.00,0.00,0.00,-0.21,-0.45,99,-1,0,9,22.7,-0.28,0.053,0.062,16.83,0,26,0,181.7,360.0,359.5,88.3,0.00,0,-0.8,-0.7
113.85,climb,324.52,25.48,0.096,1,4237.4,-3168.9,-2344.9,3534.4,-0.35,-0.35,75,87,-1,0.0,0.0,0.2,0.1,0.01,-0.01,0.00,0.00,0.00,0.00,-0.25,-0.43,99,-1,0,4,22.5,-0.37,0.097,0.107,14.34,0,26,0,181.7,360.0,359.5,88.3,0.00,0,-0.8,-0.7
114.05,climb,326.96,23.04,0.153,1,4237.3,-3169.0,-2344.8,3534.5,-0.35,-0.35,80,96,-1,0.0,0.0,-0.0,0.3,0.01,-0.01,0.00,0.00,0.00,0.00,-0.28,-0.41,99,-1,0,-1,21.5,-0.46,0.155,0.165,11.94,0,26,0,172.8,0.3,177.7,97.2,0.00,0,-0.5,-0.5
114.25,climb,328.98,21.02,0.208,1,4237.3,-3169.1,-2344.8,3534.6,-0.35,-0.35,84,96,-1,0.0,0.0,-0.1,0.3,0.01,-0.00,0.00,0.00,0.00,0.00,-0.32,-0.38,99,-1,0,-6,20.6,-0.53,0.212,0.215,9.85,0,26,0,172.8,0.3,177.7,97.2,0.00,0,-0.1,-0.2
114.45,climb,330.71,19.29,0.238,1,4237.2,-3169.1,-2344.7,3534.6,-0.35,-0.18,89,104,-1,0.0,0.0,0.0,0.3,-0.00,0.01,0.00,0.00,0.00,0.00,-0.35,-0.18,99,-1,0,-10,11.2,-0.52,0.241,0.246,8.49,0,26,0,165.3,0.3,178.8,104.7,0.00,0,0.7,0.4
114.65,cruise,332.30,17.70,0.284,1,4237.1,-3169.2,-2344.6,3534.7,-0.35,-0.18,93,104,-1,4.0,4.0,0.1,0.2,-0.06,-0.04,0.00,0.00,0.00,0.00,-0.36,-0.16,99,-1,0,-14,6.3,-0.42,0.287,0.317,7.85,0,26,0,165.3,0.3,178.8,104.7,0.00,0,0.6,0.5
114.85,cruise,333.78,16.22,0.276,1,4237.1,-3169.2,-2344.6,3534.7,-0.35,-0.18,96,105,-1,12.0,12.0,0.2,0.2,-0.16,-0.16,0.00,0.00,0.00,0.00,-0.37,-0.14,99,-1,0,-27,-3.6,-0.47,0.280,0.369,7.33,0,26,0,164.3,0.1,179.5,105.7,0.00,1,0.4,0.0
115.05,cruise,335.21,14.79,0.246,1,4237.0,-3169.3,-2344.5,3534.7,0.00,-0.35,99,105,-1,20.0,20.0,0.7,1.0,-0.15,-0.20,0.00,0.00,0.00,0.00,-0.23,-0.32,99,-1,0,-24,-20.6,-0.18,0.247,0.341,7.23,0,26,0,167.0,0.8,176.6,103.0,0.00,1,5.3,-8.4
115.25,cruise,336.57,13.43,0.227,1,4237.0,-3169.3,-2344.5,3534.8,0.00,-0.35,99,97,-1,27.7,27.8,2.4,3.1,-0.06,-0.11,0.00,0.00,0.00,0.00,-0.06,-0.35,99,-1,0,-20,-24.8,0.10,0.227,0.274,6.94,0,26,0,171.7,2.7,161.9,98.3,0.00,1,8.6,-12.2
115.45,cruise,337.79,12.21,0.224,1,4237.0,-3169.5,-2344.5,3534.9,0.00,-0.35,99,97,-1,28.8,28.8,5.6,6.4,0.08,0.07,0.00,0.00,0.00,0.00,-0.08,-0.52,99,-1,0,-14,-29.1,0.29,0.225,0.265,6.41,0,26,0,177.2,6.1,114.8,92.8,0.00,1,16.3,-21.3
115.65,cruise,338.87,11.13,0.231,1,4237.0,-3169.5,-2344.5,3535.0,0.00,-0.35,97,87,-1,30.0,29.4,9.8,10.0,0.11,0.16,0.13,0.00,0.00,0.00,-0.04,-0.35,99,-1,0,-9,-28.4,0.39,0.233,0.305,5.81,0,26,0,182.4,10.4,77.2,87.6,0.00,1,16.8,-22.1
115.85,cruise,339.82,10.18,0.250,1,4236.9,-3169.5,-2344.5,3535.0,-0.70,0.26,95,87,-1,31.2,29.9,13.8,13.3,0.05,0.12,0.29,0.00,0.00,0.00,-0.35,0.03,99,-1,0,-5,-21.3,0.39,0.252,0.297,5.15,0,26,0,186.8,14.9,65.7,83.2,0.00,1,11.0,-18.9
116.05,cruise,340.66,9.34,0.261,1,4236.7,-3169.4,-2344.3,3534.9,-1.05,0.88,93,79,-1,32.3,30.5,16.7,16.1,0.02,-0.02,0.42,0.00,0.00,0.00,-0.85,0.66,99,-1,0,-1,-14.2,0.33,0.263,0.274,4.59,0,26,0,190.2,18.9,62.2,79.9,0.00,1,5.2,-16.9
116.25,cruise,341.41,8.59,0.277,1,4236.6,-3169.3,-2344.1,3534.8,-1.41,1.23,90,79,-1,33.2,31.1,18.5,18.6,0.02,-0.12,0.51,0.00,0.00,0.00,-1.40,1.24,99,-1,0,1,-10.5,0.22,0.278,0.317,4.04,0,26,0,192.4,22.3,61.8,77.9,0.00,1,3.6,-15.6
116.45,cruise,342.05,7.95,0.295,1,4236.1,-3168.7,-2343.8,3534.4,-1.76,2.46,89,76,-1,34.0,31.7,20.0,21.2,0.04,-0.12,0.60,0.00,0.00,0.00,-1.80,1.98,99,-1,0,1,-0.5,0.09,0.295,0.343,3.53,0,26,0,193.2,25.3,63.7,77.4,0.00,1,6.5,-12.8
116.65,cruise,342.60,7.40,0.313,1,4235.9,-3168.4,-2343.4,3533.9,-2.11,2.90,87,76,-1,34.7,32.1,21.8,23.9,0.06,-0.08,0.70,0.00,0.00,0.00,-2.24,2.80,99,-1,0,0,2.2,-0.04,0.313,0.358,3.12,0,26,0,192.4,28.0,67.6,78.3,0.00,1,8.6,-11.7
116.85,cruise,343.10,6.90,0.326,1,4235.4,-3167.7,-2342.9,3533.2,-2.46,3.96,88,79,-1,35.6,32.4,24.1,26.4,0.05,-0.04,0.79,0.00,0.00,0.00,-2.62,3.85,99,-1,0,-2,6.0,-0.16,0.326,0.356,2.90,0,26,0,190.1,30.0,72.8,80.5,0.00,1,13.0,-7.9
117.05,cruise,343.57,6.43,0.339,1,4234.6,-3166.2,-2342.4,3532.2,-3.16,5.71,89,79,-1,36.5,32.6,26.9,28.6,0.04,-0.00,0.89,0.00,0.00,0.00,-2.91,5.13,99,-1,0,-5,6.6,-0.24,0.340,0.354,2.71,0,26,0,187.0,31.2,78.6,83.5,0.00,1,17.0,-2.7
117.25,cruise,344.01,5.99,0.353,1,4234.2,-3165.6,-2341.7,3531.1,-3.52,6.42,91,85,-1,37.6,32.5,29.9,30.0,-0.01,0.03,0.97,0.00,0.00,0.00,-3.36,6.50,99,-1,0,-8,5.1,-0.26,0.355,0.368,2.51,0,26,0,183.8,31.6,83.8,86.4,0.00,1,17.4,-0.3
117.45,cruise,344.45,5.55,0.362,1,4232.9,-3163.3,-2340.9,3529.6,-5.10,8.53,95,85,-1,38.8,32.4,33.2,30.5,-0.06,0.07,1.00,0.00,0.00,0.00,-3.92,8.17,99,-1,0,-10,-3.4,-0.19,0.363,0.409,2.42,0,26,0,181.6,31.3,87.4,88.5,0.00,1,16.3,2.6
117.65,cruise,344.88,5.12,0.374,1,4231.7,-3161.4,-2339.8,3527.9,-6.33,9.76,98,88,-1,40.0,32.0,36.5,30.4,-0.09,0.09,1.00,0.00,0.00,0.00,-4.31,9.91,99,-1,0,-10,-10.2,-0.07,0.374,0.442,2.27,0,26,0,181.0,31.0,88.4,89.0,0.00,1,12.2,0.3
117.85,cruise,345.29,4.71,0.387,1,4230.3,-3159.3,-2338.6,3525.9,-7.56,11.16,101,88,-1,41.2,31.7,39.5,29.9,-0.10,0.08,1.00,0.00,0.00,0.00,-4.77,11.56,99,-1,0,-9,-15.1,0.08,0.387,0.458,2.10,0,26,0,182.2,31.3,86.4,87.7,0.00,1,6.4,-4.0
118.05,cruise,345.66,4.34,0.400,1,4229.5,-3158.1,-2337.0,3523.6,-8.26,11.69,103,84,-1,42.2,31.5,41.7,29.3,-0.10,0.04,1.00,0.00,0.00,0.00,-5.51,13.21,99,-1,0,-6,-16.3,0.20,0.401,0.460,1.87,0,26,0,184.9,32.6,82.3,84.7,0.00,1,3.4,-6.5
118.25,cruise,345.98,4.02,0.411,1,4227.7,-3155.6,-2335.2,3521.1,-9.84,13.10,104,84,-1,43.0,31.5,43.1,29.4,-0.06,0.01,1.00,0.00,0.00,0.00,-6.47,15.05,99,-1,0,-2,-16.0,0.27,0.413,0.441,1.70,0,26,0,188.5,35.1,78.0,81.0,0.00,1,-1.5,-12.7
118.45,cruise,346.26,3.74,0.422,1,4224.3,-3151.3,-2333.0,3518.3,-11.95,15.38,104,77,-1,43.6,31.9,44.1,30.9,0.02,-0.02,1.00,0.00,0.00,0.00,-7.42,16.79,99,-1,0,1,-7.8,0.24,0.423,0.439,1.62,0,26,0,191.9,38.8,75.3,77.8,0.00,1,-5.6,-20.7
118.65,cruise,346.52,3.48,0.432,1,4223.1,-3149.7,-2330.6,3515.2,-12.66,16.26,104,77,-1,44.1,32.6,44.5,34.0,0.10,-0.05,1.00,0.00,0.00,0.00,-8.29,18.86,99,-1,0,3,-3.8,0.13,0.433,0.497,1.63,0,26,0,194.7,43.0,74.2,75.9,0.00,1,-6.4,-21.7
118.85,cruise,346.75,3.25,0.449,1,4219.0,-3144.3,-2327.9,3511.7,-14.06,19.42,105,73,-1,44.4,33.6,44.5,37.9,0.15,-0.07,1.00,0.00,0.00,0.00,-8.64,21.16,99,-1,0,3,7.8,-0.04,0.449,0.546,1.63,0,26,0,196.1,46.7,74.8,75.8,0.00,1,-4.3,-16.6
119.05,cruise,346.99,3.01,0.463,1,4216.2,-3140.1,-2325.1,3507.8,-14.77,21.97,105,73,-1,44.6,34.9,44.2,41.3,0.14,-0.09,1.00,0.00,0.00,0.00,-8.43,23.73,99,-1,0,2,11.2,-0.17,0.464,0.570,1.60,0,26,0,195.7,49.0,76.3,77.1,0.00,1,-0.8,-7.1
119.25,cruise,347.27,2.73,0.465,1,4214.7,-3137.8,-2322.2,3503.3,-14.94,23.20,107,76,-1,44.9,36.0,43.7,43.2,0.08,-0.10,1.00,0.00,0.00,0.00,-7.65,26.52,99,-1,0,-1,11.2,-0.24,0.467,0.549,1.60,0,26,0,193.3,49.3,78.5,79.3,0.00,1,1.9,-1.4
119.45,cruise,347.59,2.41,0.480,1,4211.6,-3132.8,-2319.1,3498.3,-15.47,25.66,108,76,-1,45.5,36.6,43.6,43.0,-0.01,-0.07,1.00,0.00,0.00,0.00,-6.78,29.19,99,-1,0,-3,7.2,-0.21,0.481,0.520,1.58,0,26,0,189.8,47.7,81.1,81.9,0.00,1,8.3,9.5
119.65,cruise,347.94,2.06,0.540,1,4206.8,-3124.5,-2315.9,3492.9,-16.70,29.27,110,83,-1,46.7,36.4,45.2,41.7,-0.05,0.01,1.00,0.00,0.00,0.00,-5.69,31.94,99,-1,0,-6,-4.4,-0.11,0.540,0.572,1.63,0,26,0,186.2,45.0,83.8,84.5,0.00,1,18.1,15.4
119.85,cruise,348.33,1.67,0.600,1,4205.0,-3121.5,-2312.5,3487.0,-17.40,30.50,112,83,-1,48.3,35.4,48.3,39.9,-0.06,0.08,1.00,0.00,0.00,0.00,-4.81,34.78,99,-1,0,-8,-8.2,0.01,0.600,0.682,1.90,0,26,0,183.8,42.3,85.8,86.3,0.00,1,19.7,14.9
120.05,cruise,348.80,1.20,0.600,1,4201.4,-3115.1,-2308.9,3480.6,-19.16,33.05,114,86,-1,50.0,34.2,51.9,37.7,-0.07,0.10,1.00,0.00,0.00,0.00,-4.35,37.95,99,-1,0,-8,-14.1,0.12,0.601,0.702,2.37,0,26,0,183.2,40.2,86.2,86.5,0.00,1,17.5,11.1
120.25,cruise,349.37,0.63,0.600,1,4195.0,-3104.5,-2304.7,3473.7,-22.85,36.65,115,86,-1,51.6,33.5,54.3,35.1,-0.08,0.06,1.00,0.00,0.00,0.00,-4.78,41.30,99,-1,0,-6,-14.6,0.20,0.601,0.685,2.85,0,26,0,184.6,39.2,84.4,84.6,0.00,1,4.4,1.9
120.45,cruise,350.03,-0.03,0.500,1,4190.1,-3096.9,-2300.1,3466.3,-25.49,38.94,115,82,-1,52.9,33.9,55.2,33.0,-0.08,-0.01,1.00,0.00,0.00,0.00,-6.01,44.41,99,-1,0,-3,-8.8,0.18,0.501,0.545,3.18,0,26,0,187.0,39.5,81.6,81.5,0.00,1,-3.1,-5.9
120.65,cruise,350.71,-0.71,0.300,1,4184.7,-3088.9,-2295.0,3458.4,-27.42,40.87,114,82,-1,54.0,35.0,55.1,32.9,-0.05,-0.09,1.00,0.00,0.00,0.00,-7.64,47.38,99,-1,0,-1,-2.3,0.09,0.300,0.341,3.45,0,26,0,189.1,41.2,79.7,79.2,0.00,1,-5.1,-12.9
120.85,cruise,351.29,-1.29,0.320,1,4182.0,-3084.7,-2289.5,3450.2,-27.77,41.40,114,78,-1,54.8,36.2,55.1,35.0,0.04,-0.08,1.00,0.00,0.00,0.00,-8.33,49.15,99,-1,0,0,-0.2,0.01,0.320,0.358,2.99,0,26,0,190.5,44.0,79.1,78.2,0.00,1,-4.7,-15.1
121.05,cruise,351.66,-1.66,0.388,1,4173.4,-3072.1,-2283.8,3441.9,-28.83,42.80,115,78,-1,55.3,37.1,55.6,38.3,0.08,-0.03,1.00,0.00,0.00,0.00,-8.23,50.23,99,-1,0,0,3.1,-0.04,0.388,0.431,2.06,0,26,0,191.3,47.2,79.6,78.2,0.00,1,-0.9,-15.5
121.25,cruise,351.86,-1.86,0.442,1,4167.6,-3063.4,-2278.0,3433.3,-29.53,44.30,116,78,-1,55.6,37.8,56.6,41.8,0.09,0.00,1.00,0.00,0.00,0.00,-7.08,51.91,99,-1,0,-0,3.6,-0.08,0.442,0.484,1.30,0,26,0,191.2,50.0,80.6,79.0,0.00,1,1.4,-11.6
121.45,cruise,351.96,-1.96,0.461,1,4161.6,-3054.3,-2272.1,3424.4,-30.23,46.41,118,78,-1,55.9,38.3,57.6,44.5,0.07,0.00,1.00,0.00,0.00,0.00,-5.12,54.00,99,-1,0,-2,2.7,-0.10,0.461,0.497,0.72,0,26,0,190.5,51.9,81.7,80.2,0.00,1,2.2,-5.3
121.65,cruise,351.99,-1.99,0.479,1,4155.4,-3044.7,-2266.0,3415.0,-31.11,48.60,120,79,-1,56.3,38.7,58.1,45.7,0.03,-0.02,1.00,0.00,0.00,0.00,-2.84,56.49,99,-1,0,-2,0.4,-0.08,0.479,0.504,0.24,0,26,0,189.7,52.4,82.5,81.0,0.00,1,1.4,1.5
121.85,cruise,351.96,-1.96,0.502,1,4152.3,-3039.8,-2259.8,3405.3,-31.64,49.75,122,79,-1,56.7,38.8,58.1,45.1,-0.02,-0.04,1.00,0.00,0.00,0.00,-0.88,58.95,99,-1,0,-3,-1.1,-0.03,0.502,0.531,-0.27,0,26,0,189.3,51.7,82.6,81.2,0.00,1,1.7,4.6
122.05,cruise,351.88,-1.88,0.518,1,4145.8,-3029.5,-2253.3,3395.0,-32.70,52.03,122,80,-1,56.9,38.3,58.2,43.4,-0.04,-0.03,1.00,0.00,0.00,0.00,0.23,61.45,99,-1,0,-2,-4.2,0.04,0.518,0.557,-0.59,0,26,0,189.1,50.3,82.4,81.0,0.00,1,2.7,7.4
122.25,cruise,351.76,-1.76,0.529,1,4139.2,-3018.8,-2246.7,3384.3,-33.75,54.23,122,80,-1,57.0,37.2,58.8,41.7,-0.04,0.00,1.00,0.00,0.00,0.00,0.66,63.87,99,-1,0,-2,-5.6,0.07,0.529,0.550,-0.76,0,26,0,188.9,49.0,82.2,80.6,0.00,1,4.9,7.2
122.45,cruise,351.59,-1.59,0.537,1,4128.7,-3002.0,-2239.7,3373.2,-35.86,57.57,123,81,-1,57.0,36.1,60.0,41.1,-0.00,0.04,1.00,0.00,0.00,0.00,0.71,66.48,99,-1,0,-2,-2.8,0.03,0.537,0.560,-0.83,0,26,0,188.1,48.2,82.7,81.0,0.00,1,6.9,2.6
122.65,cruise,351.38,-1.38,0.552,1,4121.3,-2990.2,-2232.5,3361.7,-37.44,59.68,123,81,-1,56.9,35.1,61.1,41.4,0.02,0.04,1.00,0.00,0.00,0.00,0.85,69.10,99,-1,0,-3,-0.1,-0.04,0.552,0.584,-1.00,0,26,0,187.1,47.9,83.6,81.9,0.00,1,3.8,1.0
122.85,cruise,351.13,-1.13,0.573,1,4117.5,-2984.2,-2225.0,3349.7,-38.32,60.73,123,83,-1,56.7,34.6,61.5,41.7,0.01,0.01,1.00,0.00,0.00,0.00,1.33,71.80,99,-1,0,-4,0.6,-0.09,0.574,0.587,-1.26,0,26,0,186.5,47.8,84.1,82.5,0.00,1,1.8,0.9
123.05,cruise,350.85,-0.85,0.595,1,4105.6,-2965.4,-2217.1,3337.3,-40.78,64.16,124,83,-1,56.4,34.4,61.2,41.3,-0.00,-0.01,1.00,0.00,0.00,0.00,1.73,74.57,99,-1,0,-4,-1.5,-0.07,0.595,0.604,-1.48,0,26,0,186.6,47.5,83.9,82.4,0.00,1,-2.5,2.2
123.25,cruise,350.56,-0.56,0.614,1,4101.4,-2958.9,-2208.9,3324.4,-41.66,65.39,123,81,-1,56.1,34.2,60.6,39.8,-0.02,-0.02,1.00,0.00,0.00,0.00,1.27,77.52,99,-1,0,-3,-3.1,0.01,0.614,0.638,-1.60,0,26,0,187.6,46.9,82.9,81.1,0.00,1,-2.5,3.0
123.45,cruise,350.30,-0.30,0.618,1,4092.9,-2945.5,-2200.4,3311.0,-43.51,67.85,123,81,-1,55.9,33.7,60.4,37.8,-0.03,0.00,1.00,0.00,0.00,0.00,-0.05,80.60,99,-1,0,-1,-5.9,0.10,0.619,0.639,-1.46,0,26,0,188.9,46.4,81.6,79.4,0.00,1,-0.9,3.1
123.65,cruise,350.07,-0.07,0.619,1,4079.3,-2924.5,-2191.5,3297.1,-46.32,71.46,121,79,-1,55.7,33.1,60.5,35.8,-0.03,0.01,1.00,0.00,0.00,0.00,-2.11,83.60,99,-1,0,1,-5.6,0.15,0.620,0.647,-1.27,0,26,0,190.2,46.1,80.2,77.5,0.00,1,-1.4,0.6
123.85,cruise,349.87,0.13,0.619,1,4069.9,-2909.9,-2182.1,3282.7,-48.16,73.83,120,79,-1,55.5,32.9,60.2,34.6,-0.02,-0.00,1.00,0.00,0.00,0.00,-4.87,86.45,99,-1,0,3,-0.9,0.12,0.619,0.633,-1.06,0,26,0,191.4,46.2,79.0,76.0,0.00,1,-3.2,-2.0
124.05,cruise,349.71,0.29,0.612,1,4060.0,-2894.8,-2172.5,3267.9,-50.01,76.11,118,77,-1,55.2,33.2,59.6,34.9,0.01,-0.02,1.00,0.00,0.00,0.00,-7.42,89.33,99,-1,0,3,5.5,0.01,0.612,0.627,-0.77,0,26,0,191.9,46.6,78.7,75.7,0.00,1,-3.8,-3.9
124.25,cruise,349.60,0.40,0.601,1,4049.8,-2879.3,-2162.4,3252.6,-51.59,78.40,118,77,-1,55.0,33.8,58.9,36.8,0.04,-0.02,1.00,0.00,0.00,0.00,-9.03,92.14,99,-1,0,2,9.1,-0.12,0.602,0.638,-0.44,0,26,0,191.4,47.2,79.4,77.0,0.00,1,-2.9,-3.9
124.45,cruise,349.53,0.47,0.590,1,4044.6,-2871.4,-2152.1,3236.9,-52.29,79.54,118,79,-1,54.7,34.6,58.2,38.9,0.05,-0.02,1.00,0.00,0.00,0.00,-9.10,94.76,99,-1,0,-0,9.1,-0.19,0.591,0.630,-0.15,0,26,0,190.2,47.7,80.7,78.8,0.00,1,-2.2,-2.9
124.65,cruise,349.54,0.46,0.580,1,4033.9,-2855.2,-2141.4,3220.7,-53.70,81.83,118,79,-1,54.6,35.1,57.6,39.6,0.02,-0.02,1.00,0.00,0.00,0.00,-8.59,97.50,99,-1,0,-1,5.4,-0.14,0.581,0.604,0.06,0,26,0,189.3,47.3,81.4,80.0,0.00,1,-1.5,1.5
124.85,cruise,349.61,0.39,0.562,1,4023.0,-2838.6,-2130.5,3204.1,-54.93,83.94,118,80,-1,54.6,35.3,57.1,38.4,-0.03,-0.02,1.00,0.00,0.00,0.00,-8.57,99.95,99,-1,0,-1,-1.0,-0.01,0.562,0.590,0.22,0,26,0,189.3,46.2,81.1,79.8,0.00,1,-0.6,6.0
125.05,cruise,349.73,0.27,0.526,1,4011.9,-2821.5,-2119.4,3187.0,-56.16,85.87,118,80,-1,54.8,35.0,56.8,35.8,-0.07,-0.01,1.00,0.00,0.00,0.00,-9.73,102.14,99,-1,0,0,-5.8,0.12,0.527,0.569,0.38,0,26,0,190.0,44.7,79.9,78.6,0.00,1,0.5,8.3
125.25,cruise,349.86,0.14,0.499,1,3994.7,-2795.4,-2108.0,3169.7,-57.92,87.98,116,78,-1,55.1,34.7,56.8,33.1,-0.07,0.00,1.00,0.00,0.00,0.00,-12.50,103.70,99,-1,0,2,-5.4,0.17,0.500,0.538,0.48,0,26,0,190.9,43.4,78.5,76.9,0.00,1,1.5,4.9
125.45,cruise,349.99,0.01,0.487,1,3983.0,-2777.7,-2096.4,3152.1,-59.15,89.21,115,78,-1,55.3,34.5,57.2,32.0,-0.03,0.02,1.00,0.00,0.00,0.00,-15.60,105.16,99,-1,0,2,-0.2,0.11,0.488,0.514,0.57,0,26,0,191.3,43.0,77.9,76.2,0.00,1,1.7,-0.9
125.65,cruise,350.06,-0.06,0.501,1,3977.0,-2768.7,-2084.5,3134.2,-59.68,89.65,114,78,-1,55.4,34.6,57.5,33.1,0.02,0.02,1.00,0.00,0.00,0.00,-17.62,106.24,99,-1,0,2,2.8,-0.03,0.501,0.518,0.45,0,26,0,190.7,43.5,78.7,77.0,0.00,1,1.1,-3.0
125.85,cruise,350.08,-0.08,0.523,1,3958.9,-2741.5,-2072.5,3116.1,-61.35,91.32,114,78,-1,55.3,35.0,57.5,35.6,0.05,-0.00,1.00,0.00,0.00,0.00,-18.06,107.65,99,-1,0,-0,8.6,-0.16,0.524,0.551,0.30,0,26,0,189.5,44.4,80.3,78.9,0.00,1,-1.2,-5.4
126.05,cruise,350.09,-0.09,0.538,1,3946.5,-2723.1,-2060.2,3097.8,-62.40,92.72,115,81,-1,55.1,35.8,57.0,37.9,0.05,-0.03,1.00,0.00,0.00,0.00,-16.95,109.59,99,-1,0,-2,6.8,-0.21,0.539,0.578,0.18,0,26,0,188.4,45.1,81.7,80.6,0.00,1,-2.9,-2.4
126.25,cruise,350.12,-0.12,0.531,1,3940.2,-2713.8,-2047.7,3079.3,-62.93,93.43,116,81,-1,55.0,36.4,56.2,38.4,0.00,-0.05,1.00,0.00,0.00,0.00,-15.47,111.58,99,-1,0,-3,4.1,-0.14,0.531,0.556,0.13,0,26,0,188.1,45.1,82.0,81.2,0.00,1,-3.2,0.1
126.45,cruise,350.18,-0.18,0.513,1,3921.1,-2685.4,-2035.0,3060.4,-64.25,95.54,116,80,-1,55.1,36.5,55.8,37.3,-0.04,-0.01,1.00,0.00,0.00,0.00,-15.00,113.36,99,-1,0,-2,-6.5,0.02,0.513,0.540,0.16,0,26,0,188.7,44.6,81.2,80.4,0.00,1,0.7,3.3
126.65,cruise,350.24,-0.24,0.500,1,3914.6,-2675.8,-2022.1,3041.3,-64.78,96.15,116,80,-1,55.3,35.9,56.3,35.3,-0.06,0.03,1.00,0.00,0.00,0.00,-15.59,114.88,99,-1,0,-0,-9.1,0.18,0.501,0.547,0.21,0,26,0,190.0,44.2,79.8,78.6,0.00,1,1.8,2.6
126.85,cruise,350.31,-0.31,0.494,1,3894.9,-2646.6,-2009.0,3021.9,-66.18,97.82,115,77,-1,55.5,35.2,57.0,33.3,-0.06,0.03,1.00,0.00,0.00,0.00,-17.71,116.08,99,-1,0,2,-8.6,0.25,0.496,0.542,0.21,0,26,0,191.7,44.3,78.0,76.2,0.00,1,-0.3,-2.0
127.05,cruise,350.34,-0.34,0.493,1,3881.6,-2626.9,-1995.8,3002.3,-67.15,98.70,114,77,-1,55.6,35.1,57.1,32.4,-0.03,0.00,1.00,0.00,0.00,0.00,-20.46,116.99,99,-1,0,4,-2.0,0.20,0.495,0.511,0.12,0,26,0,193.4,45.2,76.6,74.1,0.00,1,-3.5,-6.9
127.25,cruise,350.33,-0.33,0.502,1,3868.0,-2607.1,-1982.3,2982.5,-67.94,99.76,113,75,-1,55.5,35.5,56.7,33.7,0.02,-0.03,1.00,0.00,0.00,0.00,-22.72,117.89,99,-1,0,5,6.8,0.05,0.502,0.528,-0.02,0,26,0,194.4,46.6,76.3,73.7,0.00,1,-5.2,-9.5
127.45,cruise,350.27,-0.27,0.516,1,3854.3,-2587.0,-1968.7,2962.6,-68.55,100.99,113,75,-1,55.2,36.6,55.8,36.9,0.08,-0.06,1.00,0.00,0.00,0.00,-23.46,119.04,99,-1,0,3,14.0,-0.15,0.517,0.584,-0.11,0,26,0,194.1,48.2,77.4,75.2,0.00,1,-5.3,-9.5
127.65,cruise,350.18,-0.18,0.537,1,3847.5,-2576.8,-1955.0,2942.3,-68.73,101.51,114,77,-1,54.7,37.9,54.8,40.5,0.09,-0.06,1.00,0.00,0.00,0.00,-21.64,120.67,99,-1,0,1,15.5,-0.30,0.540,0.620,-0.19,0,26,0,192.4,49.4,79.3,78.0,0.00,1,-3.8,-7.5
127.85,cruise,350.11,-0.11,0.548,1,3826.7,-2546.0,-1941.2,2921.9,-69.35,103.80,115,77,-1,54.3,38.7,54.1,42.8,0.06,-0.04,1.00,0.00,0.00,0.00,-18.52,122.61,99,-1,0,-2,8.4,-0.29,0.551,0.604,-0.16,0,26,0,189.9,49.4,81.5,80.7,0.00,1,2.7,4.1
128.05,cruise,350.10,-0.10,0.541,1,3812.8,-2525.0,-1927.3,2901.1,-69.79,105.38,117,81,-1,54.3,38.7,54.1,42.6,-0.01,-0.01,1.00,0.00,0.00,0.00,-14.87,124.70,99,-1,0,-4,-2.3,-0.15,0.541,0.550,-0.05,0,26,0,187.8,48.0,82.9,82.5,0.00,1,6.6,10.9
128.25,cruise,350.16,-0.16,0.522,1,3798.8,-2503.8,-1913.3,2880.0,-70.49,106.79,118,81,-1,54.7,37.6,55.0,40.2,-0.07,0.04,1.00,0.00,0.00,0.00,-12.52,126.56,99,-1,0,-4,-13.3,0.09,0.523,0.582,0.10,0,26,0,187.3,45.8,82.9,82.5,0.00,1,8.5,12.4
128.45,cruise,350.24,-0.24,0.508,1,3791.7,-2493.1,-1899.2,2858.6,-70.93,107.31,118,81,-1,55.3,35.9,56.5,36.3,-0.11,0.08,1.00,0.00,0.00,0.00,-12.90,127.99,99,-1,0,-2,-16.6,0.30,0.511,0.607,0.17,0,26,0,188.5,43.8,81.2,80.3,0.00,1,8.2,11.0
128.65,cruise,350.31,-0.31,0.502,1,3777.4,-2471.5,-1884.9,2837.0,-71.81,108.19,117,81,-1,55.7,34.5,57.8,32.2,-0.10,0.07,1.00,0.00,0.00,0.00,-15.67,128.91,99,-1,0,2,-16.8,0.38,0.506,0.591,0.08,0,26,0,190.8,43.0,78.4,76.6,0.00,1,4.3,5.5
128.85,cruise,350.33,-0.33,0.495,1,3755.5,-2438.8,-1870.4,2815.2,-73.56,109.25,115,76,-1,55.8,34.2,57.9,29.9,-0.06,0.00,1.00,0.00,0.00,0.00,-20.61,129.57,99,-1,0,5,-3.0,0.28,0.497,0.527,-0.03,0,26,0,193.2,43.5,76.2,73.4,0.00,1,-5.1,-6.9
129.05,cruise,350.30,-0.30,0.498,1,3748.2,-2427.9,-1855.7,2793.4,-74.00,109.60,113,76,-1,55.6,34.9,57.0,31.2,0.02,-0.06,1.00,0.00,0.00,0.00,-24.98,129.86,99,-1,0,6,3.2,0.05,0.498,0.536,-0.19,0,26,0,194.5,45.1,75.6,72.7,0.00,1,-7.3,-10.2
129.25,cruise,350.20,-0.20,0.508,1,3725.7,-2394.8,-1840.7,2771.4,-75.06,110.83,113,75,-1,55.1,36.4,55.5,35.1,0.09,-0.09,1.00,0.00,0.00,0.00,-26.82,130.62,99,-1,0,4,17.1,-0.20,0.510,0.599,-0.30,0,26,0,194.3,47.1,76.6,74.6,0.00,1,-7.9,-11.7
129.45,cruise,350.08,-0.08,0.526,1,3718.2,-2383.7,-1825.7,2749.2,-75.23,111.36,113,75,-1,54.5,38.0,54.1,39.6,0.11,-0.07,1.00,0.00,0.00,0.00,-25.95,131.86,99,-1,0,1,18.2,-0.35,0.530,0.628,-0.30,0,26,0,192.6,48.6,78.8,77.7,0.00,1,-5.8,-10.3
129.65,cruise,349.97,0.03,0.545,1,3695.6,-2349.9,-1810.6,2726.7,-75.59,113.12,114,79,-1,54.0,39.0,53.5,42.8,0.09,-0.03,1.00,0.00,0.00,0.00,-22.01,133.71,99,-1,0,-2,9.1,-0.33,0.549,0.612,-0.21,0,26,0,190.0,49.3,81.4,80.8,0.00,1,3.6,0.5
129.85,cruise,349.93,0.07,0.553,1,3688.0,-2338.6,-1795.5,2704.1,-75.59,113.91,116,79,-1,54.1,38.8,54.0,43.4,0.01,0.02,1.00,0.00,0.00,0.00,-17.20,135.62,99,-1,0,-4,2.9,-0.14,0.554,0.573,-0.10,0,26,0,187.7,48.5,83.2,82.8,0.00,1,6.7,5.6
130.05,cruise,349.96,0.04,0.545,1,3672.9,-2315.6,-1780.4,2681.1,-75.94,115.22,118,82,-1,54.5,37.4,55.2,41.0,-0.07,0.06,1.00,0.00,0.00,0.00,-13.82,137.30,99,-1,0,-4,-9.2,0.10,0.545,0.612,-0.04,0,26,0,186.9,46.2,83.4,82.9,0.00,1,9.3,13.3
130.25,cruise,350.04,-0.04,0.520,1,3657.6,-2292.4,-1765.1,2657.9,-76.73,116.54,118,82,-1,55.1,35.7,56.5,36.3,-0.12,0.06,1.00,0.00,0.00,0.00,-13.45,138.88,99,-1,0,-2,-17.3,0.31,0.523,0.620,0.05,0,26,0,188.3,43.7,81.3,80.4,0.00,1,7.2,14.2
130.45,cruise,350.13,-0.13,0.493,1,3634.3,-2257.2,-1749.6,2634.5,-78.31,117.77,116,78,-1,55.5,34.6,57.1,31.3,-0.13,0.04,1.00,0.00,0.00,0.00,-17.47,139.76,99,-1,0,2,-12.6,0.37,0.497,0.577,0.10,0,26,0,190.9,42.2,78.0,76.5,0.00,1,-0.5,3.7
130.65,cruise,350.18,-0.18,0.477,1,3618.5,-2233.6,-1733.9,2610.9,-79.28,118.30,114,78,-1,55.5,34.5,57.0,29.1,-0.06,-0.01,1.00,0.00,0.00,0.00,-23.25,140.10,99,-1,0,5,-1.8,0.25,0.478,0.510,0.10,0,26,0,193.0,42.3,75.8,73.6,0.00,1,-4.0,-6.4
130.85,cruise,350.16,-0.16,0.486,1,3610.6,-2221.7,-1718.1,2587.2,-79.72,118.39,113,75,-1,55.4,35.1,56.5,30.9,0.03,-0.03,1.00,0.00,0.00,0.00,-27.87,139.98,99,-1,0,5,3.9,0.02,0.486,0.516,-0.03,0,26,0,193.7,44.1,75.8,73.6,0.00,1,-5.0,-10.6
131.05,cruise,350.07,-0.07,0.515,1,3594.5,-2198.0,-1702.0,2563.5,-80.33,118.83,112,75,-1,55.0,36.1,55.9,35.6,0.11,-0.02,1.00,0.00,0.00,0.00,-29.20,140.43,99,-1,0,3,12.7,-0.20,0.517,0.585,-0.16,0,26,0,193.0,46.6,77.7,75.8,0.00,1,-4.8,-15.0
131.25,cruise,349.94,0.06,0.555,1,3578.4,-2174.2,-1685.9,2539.7,-80.68,119.62,114,78,-1,54.5,37.3,55.4,40.6,0.12,-0.02,1.00,0.00,0.00,0.00,-26.05,141.92,99,-1,0,-1,16.8,-0.35,0.559,0.639,-0.23,0,26,0,190.9,48.7,80.4,79.2,0.00,1,-2.7,-12.1
131.45,cruise,349.84,0.16,0.574,1,3554.2,-2138.0,-1669.8,2515.6,-81.04,121.55,116,78,-1,54.1,38.3,54.8,43.5,0.07,-0.02,1.00,0.00,0.00,0.00,-20.70,143.97,99,-1,0,-3,7.5,-0.32,0.578,0.633,-0.24,0,26,0,188.6,49.3,82.6,81.9,0.00,1,-0.0,2.3
131.65,cruise,349.83,0.17,0.558,1,3537.9,-2113.4,-1653.5,2491.2,-81.47,123.13,117,81,-1,54.1,38.3,54.2,42.8,-0.03,-0.03,1.00,0.00,0.00,0.00,-16.00,145.97,99,-1,0,-4,-5.8,-0.10,0.558,0.587,-0.15,0,26,0,187.7,48.1,83.0,82.6,0.00,1,1.8,11.5
131.85,cruise,349.91,0.09,0.513,1,3521.6,-2088.7,-1637.2,2466.6,-81.91,124.19,118,81,-1,54.5,37.4,54.3,38.8,-0.12,0.01,1.00,0.00,0.00,0.00,-14.42,147.61,99,-1,0,-2,-16.9,0.20,0.515,0.581,0.06,0,26,0,188.9,45.7,81.3,80.7,0.00,1,3.6,13.3
132.05,cruise,350.03,-0.03,0.478,1,3505.1,-2063.7,-1620.8,2441.7,-82.53,124.80,117,77,-1,55.0,36.0,55.1,33.5,-0.16,0.05,1.00,0.00,0.00,0.00,-17.63,148.29,99,-1,0,2,-19.3,0.42,0.484,0.583,0.18,0,26,0,191.6,43.7,77.9,76.8,0.00,1,3.6,7.3
132.25,cruise,350.11,-0.11,0.467,1,3496.8,-2051.2,-1604.3,2416.7,-82.88,124.98,114,77,-1,55.4,34.9,56.2,29.6,-0.11,0.07,1.00,0.00,0.00,0.00,-23.65,148.09,99,-1,0,6,-16.6,0.45,0.473,0.556,0.20,0,26,0,194.3,43.5,75.0,72.7,0.00,1,3.1,2.2
132.45,cruise,350.12,-0.12,0.482,1,3480.2,-2026.2,-1587.7,2391.7,-83.50,125.16,112,73,-1,55.4,34.6,56.9,29.6,-0.01,0.04,1.00,0.00,0.00,0.00,-29.70,147.49,99,-1,0,8,-5.8,0.28,0.484,0.507,0.06,0,26,0,196.2,45.3,74.0,70.6,0.00,1,-0.4,-9.6
132.65,cruise,350.03,-0.03,0.517,1,3463.4,-2001.2,-1570.9,2366.7,-84.11,125.46,111,73,-1,55.2,35.2,56.8,33.7,0.10,-0.00,1.00,0.00,0.00,0.00,-32.88,147.43,99,-1,0,7,8.1,-0.02,0.517,0.568,-0.13,0,26,0,196.7,48.4,75.1,71.6,0.00,1,-4.7,-17.7
132.85,cruise,349.88,0.12,0.561,1,3446.5,-1976.0,-1554.0,2341.5,-84.46,126.08,112,73,-1,54.6,36.8,55.8,39.9,0.15,-0.05,1.00,0.00,0.00,0.00,-31.24,148.51,99,-1,0,4,18.9,-0.30,0.564,0.674,-0.33,0,26,0,196.2,51.6,77.1,74.5,0.00,1,-8.3,-19.5
133.05,cruise,349.73,0.27,0.586,1,3429.6,-1950.6,-1537.1,2316.1,-84.55,127.27,114,73,-1,53.7,38.9,53.9,44.6,0.13,-0.08,1.00,0.00,0.00,0.00,-26.56,150.47,99,-1,0,1,21.4,-0.41,0.592,0.712,-0.38,0,26,0,194.8,53.5,78.9,77.5,0.00,1,-8.2,-12.1
133.25,cruise,349.66,0.34,0.573,1,3404.3,-1912.0,-1520.2,2290.5,-84.29,129.77,115,76,-1,53.1,40.3,52.0,46.2,0.05,-0.08,1.00,0.00,0.00,0.00,-21.01,152.61,99,-1,0,-1,7.2,-0.29,0.576,0.650,-0.23,0,26,0,193.1,53.2,80.2,79.4,0.00,1,-1.2,6.4
133.45,cruise,349.70,0.30,0.533,1,3395.8,-1899.0,-1503.3,2264.5,-84.20,130.52,116,76,-1,53.2,40.2,51.1,44.6,-0.05,-0.04,1.00,0.00,0.00,0.00,-17.25,154.36,99,-1,0,-1,-0.1,-0.02,0.533,0.577,0.03,0,26,0,191.9,51.3,80.4,80.0,0.00,1,2.1,10.8
133.65,cruise,349.81,0.19,0.500,1,3379.0,-1872.7,-1486.5,2238.2,-84.02,131.62,117,77,-1,53.9,38.8,52.0,41.2,-0.10,0.04,1.00,0.00,0.00,0.00,-16.21,155.31,99,-1,0,-0,-12.4,0.24,0.502,0.572,0.25,0,26,0,191.9,48.9,79.6,79.0,0.00,1,7.5,14.0
133.85,cruise,349.95,0.05,0.479,1,3353.8,-1833.0,-1469.7,2211.8,-84.29,132.76,116,77,-1,54.6,37.0,53.9,37.6,-0.10,0.09,1.00,0.00,0.00,0.00,-17.31,155.99,99,-1,0,2,-15.3,0.37,0.483,0.575,0.48,0,26,0,192.8,47.3,78.1,77.0,0.00,1,8.1,6.6
134.05,cruise,350.07,-0.07,0.479,1,3336.9,-1806.5,-1452.9,2185.3,-84.73,133.07,115,75,-1,55.1,35.7,55.6,35.4,-0.04,0.08,1.00,0.00,0.00,0.00,-19.98,156.27,99,-1,0,3,-6.8,0.30,0.482,0.541,0.52,0,26,0,193.8,47.0,77.1,75.1,0.00,1,3.3,-1.3
134.25,cruise,350.14,-0.14,0.493,1,3328.4,-1793.1,-1435.9,2158.6,-84.90,133.24,114,75,-1,55.2,35.6,56.1,35.8,0.03,0.01,1.00,0.00,0.00,0.00,-22.26,156.42,99,-1,0,4,-1.4,0.11,0.494,0.513,0.36,0,26,0,194.4,47.8,76.9,74.5,0.00,1,-0.1,-5.0
134.45,cruise,350.14,-0.14,0.508,1,3302.8,-1753.0,-1418.9,2131.9,-85.43,133.99,114,74,-1,55.0,36.6,55.2,37.9,0.07,-0.07,1.00,0.00,0.00,0.00,-23.10,156.82,99,-1,0,3,12.4,-0.11,0.508,0.577,0.09,0,26,0,194.5,49.0,77.3,75.3,0.00,1,-7.8,-7.7
134.65,cruise,350.10,-0.10,0.511,1,3285.7,-1726.2,-1401.8,2105.1,-85.43,134.69,114,74,-1,54.5,38.1,53.3,40.4,0.08,-0.11,1.00,0.00,0.00,0.00,-22.56,157.60,99,-1,0,2,14.4,-0.26,0.513,0.609,-0.06,0,26,0,193.8,49.8,78.2,77.0,0.00,1,-6.8,-3.7
134.85,cruise,350.07,-0.07,0.505,1,3268.7,-1699.1,-1384.7,2078.2,-85.34,135.48,115,77,-1,54.1,39.4,51.6,42.0,0.06,-0.10,1.00,0.00,0.00,0.00,-20.90,158.42,99,-1,0,-0,9.4,-0.26,0.507,0.586,-0.09,0,26,0,192.5,49.7,79.4,78.8,0.00,1,-1.4,2.6
135.05,cruise,350.08,-0.08,0.491,1,3260.1,-1685.6,-1367.6,2051.1,-85.25,135.83,115,77,-1,54.0,39.6,50.9,42.0,0.00,-0.05,1.00,0.00,0.00,0.00,-19.12,159.23,99,-1,0,-2,5.1,-0.13,0.492,0.516,0.02,0,26,0,190.8,48.6,80.5,80.3,0.00,1,2.1,6.1
135.25,cruise,350.13,-0.13,0.480,1,3243.1,-1658.3,-1350.6,2023.8,-85.08,136.45,116,79,-1,54.4,38.7,51.7,40.3,-0.05,0.02,1.00,0.00,0.00,0.00,-17.65,159.83,99,-1,0,-2,-4.7,0.05,0.480,0.515,0.12,0,26,0,189.5,46.7,81.0,80.9,0.00,1,8.0,10.8
135.45,cruise,350.18,-0.18,0.481,1,3226.1,-1631.0,-1333.6,1996.5,-85.08,136.85,116,79,-1,54.9,37.1,53.6,37.8,-0.07,0.08,1.00,0.00,0.00,0.00,-17.06,160.23,99,-1,0,-2,-11.4,0.19,0.482,0.553,0.13,0,26,0,189.3,44.9,80.7,80.3,0.00,1,10.4,10.4
135.65,cruise,350.22,-0.22,0.488,1,3209.0,-1603.6,-1316.5,1969.1,-85.52,137.11,115,79,-1,55.4,35.5,55.4,35.4,-0.06,0.08,1.00,0.00,0.00,0.00,-18.20,160.56,99,-1,0,-0,-12.3,0.24,0.490,0.558,0.11,0,26,0,189.9,43.9,79.7,78.9,0.00,1,8.2,6.1
135.85,cruise,350.24,-0.24,0.496,1,3183.2,-1562.4,-1299.3,1941.6,-86.48,137.50,115,79,-1,55.6,34.6,56.5,34.0,-0.03,0.04,1.00,0.00,0.00,0.00,-20.13,160.89,99,-1,0,1,-4.3,0.18,0.497,0.530,0.02,0,26,0,190.8,43.9,78.8,77.4,0.00,1,0.1,-2.2
136.05,cruise,350.21,-0.21,0.505,1,3165.8,-1534.8,-1282.0,1914.1,-87.10,137.77,114,77,-1,55.5,34.7,56.4,34.2,0.01,-0.02,1.00,0.00,0.00,0.00,-22.24,161.21,99,-1,0,2,3.2,0.05,0.505,0.522,-0.14,0,26,0,191.7,44.7,78.2,76.6,0.00,1,-5.0,-5.8
136.25,cruise,350.14,-0.14,0.511,1,3157.1,-1521.0,-1264.6,1886.5,-87.36,137.94,114,77,-1,55.3,35.5,55.3,35.7,0.05,-0.07,1.00,0.00,0.00,0.00,-23.55,161.58,99,-1,0,2,6.5,-0.10,0.512,0.571,-0.32,0,26,0,191.9,45.7,78.3,77.0,0.00,1,-6.5,-6.2
136.45,cruise,350.06,-0.06,0.511,1,3139.6,-1493.4,-1247.1,1858.9,-87.71,138.38,114,78,-1,54.9,36.6,54.0,37.7,0.06,-0.08,1.00,0.00,0.00,0.00,-23.43,162.16,99,-1,0,0,10.0,-0.19,0.512,0.584,-0.32,0,26,0,191.4,46.4,79.1,78.2,0.00,1,-5.9,-5.2
136.65,cruise,349.99,0.01,0.514,1,3122.0,-1465.6,-1229.5,1831.1,-87.89,138.87,115,78,-1,54.6,37.2,53.2,39.2,0.05,-0.05,1.00,0.00,0.00,0.00,-22.29,162.83,99,-1,0,-1,8.1,-0.19,0.515,0.564,-0.27,0,26,0,190.2,46.6,80.3,79.8,0.00,1,-1.3,-1.3
136.85,cruise,349.93,0.07,0.519,1,3104.4,-1437.8,-1211.9,1803.3,-87.89,139.35,115,80,-1,54.6,37.0,53.5,39.5,0.02,0.00,1.00,0.00,0.00,0.00,-20.06,163.53,99,-1,0,-3,2.6,-0.10,0.519,0.530,-0.22,0,26,0,188.7,45.9,81.5,81.2,0.00,1,4.0,3.8
137.05,cruise,349.90,0.10,0.524,1,3086.8,-1409.9,-1194.3,1775.4,-88.07,139.88,116,80,-1,54.8,36.0,54.6,38.5,-0.02,0.05,1.00,0.00,0.00,0.00,-18.04,164.30,99,-1,0,-3,-3.7,0.01,0.524,0.557,-0.16,0,26,0,187.6,44.5,82.3,81.9,0.00,1,8.1,8.1
137.25,cruise,349.91,0.09,0.520,1,3060.3,-1367.8,-1176.7,1747.3,-88.77,140.63,116,81,-1,55.2,34.7,55.7,36.0,-0.06,0.05,1.00,0.00,0.00,0.00,-17.69,165.03,99,-1,0,-3,-10.3,0.13,0.521,0.575,-0.11,0,26,0,187.7,42.8,81.7,81.2,0.00,1,4.8,10.4
137.45,cruise,349.94,0.06,0.502,1,3051.4,-1353.7,-1158.9,1719.2,-89.12,140.80,115,81,-1,55.4,33.8,56.2,32.4,-0.09,0.01,1.00,0.00,0.00,0.00,-19.85,165.45,99,-1,0,-1,-10.3,0.20,0.504,0.554,-0.10,0,26,0,188.9,41.0,79.8,79.1,0.00,1,2.6,9.8
137.65,cruise,349.96,0.04,0.488,1,3033.5,-1325.5,-1141.0,1691.0,-89.91,140.89,114,79,-1,55.5,33.5,56.1,29.7,-0.07,-0.01,1.00,0.00,0.00,0.00,-24.78,165.29,99,-1,0,2,-7.4,0.18,0.489,0.526,-0.14,0,26,0,190.4,40.1,77.7,76.9,0.00,1,-0.7,4.4
137.85,cruise,349.93,0.07,0.488,1,3006.3,-1283.3,-1122.9,1662.9,-90.88,140.71,112,79,-1,55.4,33.5,56.0,29.3,-0.01,-0.01,1.00,0.00,0.00,0.00,-29.88,164.75,99,-1,0,3,1.3,0.09,0.488,0.499,-0.18,0,26,0,191.2,40.5,76.9,75.9,0.00,1,-1.8,-5.1
138.05,cruise,349.86,0.14,0.503,1,2997.2,-1269.2,-1104.7,1634.7,-91.23,140.71,112,78,-1,55.3,33.8,55.8,31.1,0.04,-0.01,1.00,0.00,0.00,0.00,-32.87,164.45,99,-1,0,2,4.4,-0.05,0.503,0.529,-0.25,0,26,0,191.0,41.6,77.7,76.6,0.00,1,-1.7,-6.8
138.25,cruise,349.76,0.24,0.522,1,2978.9,-1241.1,-1086.4,1606.6,-91.76,140.80,112,78,-1,55.0,34.4,55.6,34.2,0.08,-0.01,1.00,0.00,0.00,0.00,-33.12,164.77,99,-1,0,0,8.6,-0.17,0.523,0.569,-0.24,0,26,0,189.9,43.1,79.4,78.5,0.00,1,-1.8,-8.4
138.45,cruise,349.68,0.32,0.535,1,2951.3,-1198.7,-1068.0,1578.4,-92.46,141.46,113,80,-1,54.8,34.9,55.3,36.8,0.07,-0.02,1.00,0.00,0.00,0.00,-30.69,165.86,99,-1,0,-2,6.0,-0.20,0.537,0.581,-0.18,0,26,0,188.8,44.2,80.9,80.3,0.00,1,-1.6,-3.4
138.65,cruise,349.65,0.35,0.534,1,2932.7,-1170.3,-1049.5,1550.0,-92.81,142.08,114,80,-1,54.7,35.2,54.9,37.5,0.02,-0.03,1.00,0.00,0.00,0.00,-27.50,167.14,99,-1,0,-2,-0.4,-0.11,0.534,0.558,-0.11,0,26,0,188.4,44.4,81.4,80.9,0.00,1,-1.7,2.3
138.85,cruise,349.67,0.33,0.515,1,2914.1,-1141.9,-1030.9,1521.6,-93.25,142.60,114,80,-1,54.8,35.1,54.5,36.0,-0.04,-0.02,1.00,0.00,0.00,0.00,-26.36,168.01,99,-1,0,-1,-6.7,0.05,0.515,0.550,-0.05,0,26,0,189.1,43.6,80.4,79.9,0.00,1,0.1,6.1
139.05,cruise,349.73,0.27,0.493,1,2904.8,-1127.6,-1012.3,1493.1,-93.52,142.82,114,80,-1,55.0,34.5,54.7,33.3,-0.08,0.01,1.00,0.00,0.00,0.00,-27.59,168.47,99,-1,0,1,-8.7,0.19,0.494,0.534,0.07,0,26,0,190.4,42.5,78.7,78.1,0.00,1,1.4,6.7
139.25,cruise,349.79,0.21,0.481,1,2876.6,-1084.7,-993.5,1464.5,-94.04,143.00,113,78,-1,55.2,33.8,55.3,31.0,-0.06,0.03,1.00,0.00,0.00,0.00,-30.91,168.24,99,-1,0,2,-5.7,0.20,0.482,0.523,0.17,0,26,0,191.4,41.7,77.3,76.3,0.00,1,2.5,2.1
139.45,cruise,349.80,0.20,0.490,1,2857.7,-1056.1,-974.7,1435.9,-94.48,142.82,112,78,-1,55.3,33.4,55.9,30.5,-0.01,0.03,1.00,0.00,0.00,0.00,-34.49,167.66,99,-1,0,3,-0.1,0.12,0.490,0.512,0.08,0,26,0,191.7,41.8,77.0,75.7,0.00,1,2.2,-2.7
139.65,cruise,349.77,0.23,0.509,1,2848.3,-1041.8,-955.8,1407.3,-94.75,142.82,111,78,-1,55.3,33.4,56.3,31.9,0.03,0.02,1.00,0.00,0.00,0.00,-36.33,167.50,99,-1,0,2,2.7,-0.01,0.509,0.538,-0.01,0,26,0,191.2,42.5,77.9,76.5,0.00,1,1.3,-4.3
139.85,cruise,349.72,0.28,0.529,1,2829.3,-1013.3,-936.8,1378.8,-95.27,142.95,112,78,-1,55.1,33.8,56.3,34.2,0.06,-0.00,1.00,0.00,0.00,0.00,-35.94,167.99,99,-1,0,0,6.8,-0.13,0.530,0.561,-0.08,0,26,0,190.1,43.5,79.3,78.2,0.00,1,-0.6,-5.6
140.05,cruise,349.69,0.31,0.535,1,2810.2,-984.6,-917.7,1350.1,-95.80,143.35,112,80,-1,54.9,34.4,55.8,36.0,0.04,-0.03,1.00,0.00,0.00,0.00,-33.79,169.07,99,-1,0,-1,7.1,-0.16,0.535,0.575,-0.07,0,26,0,189.3,44.0,80.4,79.6,0.00,1,-2.6,-3.2
140.20,cruise,349.68,0.32,0.526,1,2795.8,-963.1,-903.3,1328.6,-96.06,143.72,113,80,-1,54.9,34.8,55.1,36.2,0.01,-0.05,1.00,0.00,0.00,0.00,-31.49,169.98,99,-1,0,-1,4.2,-0.11,0.527,0.557,-0.05,0,26,0,189.1,43.9,80.5,79.9,0.00,1,-3.4,0.3
140.40,cruise,349.72,0.28,0.507,1,2766.8,-919.8,-884.0,1299.8,-96.68,144.43,114,80,-1,54.9,34.9,54.5,35.3,-0.03,-0.03,1.00,0.00,0.00,0.00,-30.81,170.78,99,-1,0,-1,-2.8,-0.01,0.507,0.536,0.05,0,26,0,189.4,43.2,80.0,79.5,0.00,1,0.0,4.8
140.60,cruise,349.78,0.22,0.488,1,2747.5,-890.9,-864.7,1270.9,-97.03,144.71,113,80,-1,55.0,34.5,54.6,33.6,-0.05,0.00,1.00,0.00,0.00,0.00,-31.59,171.15,99,-1,0,-0,-5.9,0.09,0.488,0.513,0.20,0,26,0,189.9,42.2,79.2,78.7,0.00,1,2.3,5.4
140.80,cruise,349.85,0.15,0.479,1,2737.8,-876.4,-845.3,1241.9,-97.12,144.71,113,78,-1,55.3,33.9,55.0,31.7,-0.06,0.02,1.00,0.00,0.00,0.00,-33.84,170.96,99,-1,0,1,-6.3,0.15,0.480,0.516,0.23,0,26,0,190.5,41.4,78.1,77.5,0.00,1,2.5,4.8
141.00,cruise,349.88,0.12,0.485,1,2718.3,-847.5,-825.8,1213.0,-97.38,144.56,112,78,-1,55.4,33.5,55.6,30.5,-0.03,0.02,1.00,0.00,0.00,0.00,-36.74,170.38,99,-1,0,2,-5.0,0.14,0.486,0.515,0.09,0,26,0,191.1,41.2,77.3,76.4,0.00,1,2.1,1.2
141.20,cruise,349.87,0.13,0.495,1,2689.0,-804.2,-806.3,1184.1,-98.09,144.40,111,77,-1,55.4,33.6,55.8,30.7,-0.00,0.00,1.00,0.00,0.00,0.00,-39.32,169.95,99,-1,0,3,1.0,0.07,0.496,0.498,-0.02,0,26,0,191.5,41.8,77.1,76.0,0.00,1,-1.5,-4.5
141.40,cruise,349.84,0.16,0.504,1,2669.3,-775.3,-786.6,1155.2,-98.44,144.49,111,77,-1,55.2,34.1,55.6,32.0,0.02,-0.02,1.00,0.00,0.00,0.00,-40.75,169.86,99,-1,0,2,4.2,-0.01,0.504,0.526,-0.08,0,26,0,191.6,42.7,77.5,76.3,0.00,1,-3.2,-6.2
141.60,cruise,349.80,0.20,0.511,1,2649.6,-746.4,-766.9,1126.3,-98.79,144.65,111,77,-1,55.0,34.8,55.0,33.7,0.04,-0.04,1.00,0.00,0.00,0.00,-40.68,170.18,99,-1,0,2,5.3,-0.07,0.511,0.549,-0.11,0,26,0,191.5,43.8,78.0,76.9,0.00,1,-3.9,-6.5
141.80,cruise,349.76,0.24,0.514,1,2639.7,-731.9,-747.2,1097.4,-98.96,144.82,111,77,-1,54.8,35.5,54.5,35.4,0.04,-0.03,1.00,0.00,0.00,0.00,-39.55,170.89,99,-1,0,1,4.7,-0.07,0.514,0.549,-0.07,0,26,0,191.4,44.8,78.5,77.5,0.00,1,-3.2,-5.5
142.00,cruise,349.75,0.25,0.514,1,2609.9,-688.4,-727.4,1068.4,-99.14,145.39,112,78,-1,54.7,35.8,54.3,36.3,0.02,-0.02,1.00,0.00,0.00,0.00,-37.82,171.68,99,-1,0,1,0.6,-0.03,0.514,0.532,0.02,0,26,0,191.4,45.4,78.8,77.9,0.00,1,-0.2,-1.8
142.20,cruise,349.76,0.24,0.513,1,2600.0,-673.8,-707.5,1039.3,-99.14,145.57,112,78,-1,54.7,35.6,54.5,36.4,0.00,0.00,1.00,0.00,0.00,0.00,-36.07,172.39,99,-1,0,1,-1.0,0.04,0.513,0.515,0.10,0,26,0,191.4,45.6,78.8,77.8,0.00,1,0.6,-0.4
142.40,cruise,349.79,0.21,0.514,1,2580.2,-644.6,-687.7,1010.1,-99.23,145.85,113,77,-1,54.8,35.4,54.8,36.0,-0.01,0.01,1.00,0.00,0.00,0.00,-35.13,172.88,99,-1,0,1,-2.8,0.08,0.514,0.523,0.09,0,26,0,191.8,45.6,78.5,77.3,0.00,1,1.0,0.5
142.60,cruise,349.81,0.19,0.513,1,2550.4,-600.8,-667.8,980.9,-99.40,146.23,113,77,-1,54.9,35.1,55.0,35.3,-0.02,0.01,1.00,0.00,0.00,0.00,-34.92,173.19,99,-1,0,2,-2.8,0.11,0.514,0.525,0.06,0,26,0,192.2,45.5,78.0,76.7,0.00,1,0.2,0.7
142.80,cruise,349.82,0.18,0.512,1,2540.5,-586.2,-648.0,951.7,-99.49,146.36,113,76,-1,55.0,35.0,55.0,34.8,-0.01,-0.01,1.00,0.00,0.00,0.00,-35.52,173.37,99,-1,0,2,-1.7,0.08,0.513,0.523,0.02,0,26,0,192.7,45.5,77.5,76.1,0.00,1,-0.6,0.2
143.00,cruise,349.82,0.18,0.511,1,2520.5,-556.9,-628.0,922.4,-99.67,146.56,112,76,-1,54.9,35.3,54.6,35.1,0.01,-0.03,1.00,0.00,0.00,0.00,-36.31,173.48,99,-1,0,2,1.9,0.01,0.511,0.532,-0.02,0,26,0,192.8,45.6,77.5,76.2,0.00,1,-2.0,-1.1
143.10,brake,349.81,0.19,0.511,1,2510.6,-542.2,0.0,0.0,-99.76,146.67,112,76,-1,48.9,29.3,54.4,35.5,0.07,0.03,1.00,0.00,0.00,0.00,-36.47,173.59,99,-1,0,2,3.8,-0.04,0.511,0.554,-0.01,0,26,0,192.6,45.7,77.7,76.5,0.00,1,-2.1,-1.8
143.20,brake,349.81,0.19,0.512,1,2490.6,-512.9,0.0,0.0,-99.84,146.89,112,77,-1,42.9,23.3,54.2,36.2,0.14,0.11,1.00,0.00,0.00,0.00,-36.28,173.75,99,-1,0,2,6.6,-0.08,0.512,0.615,0.01,0,26,0,192.2,45.9,78.1,77.1,0.00,1,-1.9,-2.2
143.40,brake,349.81,0.19,0.504,1,2470.6,-483.4,0.0,0.0,-99.84,147.36,113,77,-1,30.9,11.3,53.2,37.1,0.25,0.23,1.00,0.00,0.00,0.00,-35.45,174.22,99,-1,0,0,6.3,-0.13,0.504,0.697,0.06,0,26,0,191.5,45.8,78.8,78.1,0.00,1,-6.9,4.4
143.60,brake,349.89,0.11,0.457,1,2460.6,-468.7,0.0,0.0,-99.84,147.62,112,77,-1,18.9,-0.7,50.0,34.7,0.23,0.18,1.00,0.00,0.00,0.00,-37.18,174.30,99,-1,0,1,5.2,-0.08,0.457,0.621,-0.06,0,26,0,192.2,43.5,77.2,77.5,0.00,1,-12.8,11.5
143.80,brake,350.07,-0.07,0.550,1,2430.7,-424.3,0.0,0.0,-99.84,148.10,109,77,-1,6.9,-12.7,43.0,27.5,0.13,0.01,1.00,0.00,0.00,0.00,-45.72,172.57,99,-1,0,4,3.3,0.01,0.550,0.606,-0.28,0,26,0,194.6,37.4,71.1,74.7,0.00,1,-34.0,37.3
144.00,brake,350.41,-0.41,0.550,1,2410.7,-394.7,0.0,0.0,-99.84,148.14,103,72,-1,-5.1,-24.7,33.6,17.3,-0.01,-0.14,0.88,0.00,0.00,0.00,-62.80,167.29,99,-1,0,7,5.7,0.05,0.550,0.609,0.07,0,26,0,196.9,27.1,59.4,72.0,0.00,1,-41.3,51.8
144.20,brake,351.01,-1.01,0.550,1,2400.7,-379.9,0.0,0.0,-99.76,147.81,96,72,-1,-17.1,-33.1,24.3,6.2,-0.17,-0.15,0.50,0.00,0.00,0.00,-83.23,157.71,99,-1,0,7,8.2,-0.03,0.550,0.681,1.46,0,26,0,197.0,13.8,38.8,71.8,0.00,1,-40.5,56.1
144.40,brake,351.89,-1.89,0.550,1,2380.8,-350.5,0.0,0.0,-99.32,146.15,90,74,-1,-29.1,-36.2,17.6,-4.1,-0.26,0.07,0.27,0.00,0.00,0.00,-99.82,145.81,99,-1,0,4,13.0,-0.17,0.551,0.681,3.38,0,26,0,194.9,0.7,2.6,74.3,0.00,1,-31.8,55.5
144.60,brake,353.08,-3.08,0.550,1,2361.0,-321.6,0.0,0.0,-98.79,143.23,85,74,-1,-31.3,-38.4,13.3,-12.0,-0.13,0.20,0.25,0.00,0.00,0.00,-111.53,133.55,99,-1,0,1,14.5,-0.28,0.553,0.683,5.56,0,26,0,191.8,350.8,322.2,78.0,0.00,1,-24.2,42.0
144.80,brake,354.61,-4.61,0.550,1,2341.3,-293.4,0.0,0.0,-98.26,139.50,82,81,-1,-29.5,-39.5,8.2,-16.5,0.07,0.05,0.28,0.00,0.00,0.00,-116.90,124.31,99,-1,0,-3,11.0,-0.28,0.553,0.601,7.47,0,26,0,188.4,344.6,298.3,81.8,0.00,1,-30.5,24.1
145.00,brake,356.47,-6.47,0.550,1,2321.8,-266.0,0.0,0.0,-97.56,135.53,81,81,-1,-29.3,-39.6,0.5,-19.5,0.12,-0.17,0.32,0.00,0.00,0.00,-117.21,118.94,99,-1,0,-6,2.6,-0.18,0.551,0.667,9.35,0,26,0,185.3,340.5,284.7,85.0,0.00,1,-41.6,15.2
145.20,brake,358.96,-8.96,0.550,1,2292.9,-226.4,0.0,0.0,-94.92,129.61,82,86,-1,-30.2,-39.1,-8.7,-23.2,0.02,-0.25,0.48,0.00,0.00,0.00,-112.44,117.84,99,-1,0,-9,-9.5,-0.04,0.550,0.656,11.21,0,26,0,183.1,336.4,277.0,87.2,0.00,1,-38.7,21.3
145.40,brake,361.16,-11.16,0.550,1,2283.5,-213.6,0.0,0.0,-93.52,127.55,85,86,-1,-31.5,-38.3,-16.8,-28.0,-0.10,-0.16,0.72,0.00,0.00,0.00,-103.31,119.75,99,-1,0,-9,-11.8,0.05,0.550,0.654,12.88,0,26,0,182.2,331.5,274.0,88.0,0.00,1,-31.5,24.3
145.60,brake,363.89,-13.89,0.550,1,2265.2,-188.6,0.0,0.0,-90.53,123.16,89,86,-1,-32.8,-37.4,-22.7,-32.8,-0.11,-0.03,0.92,0.00,0.00,0.00,-92.35,121.79,99,-1,0,-9,-13.7,0.10,0.550,0.603,14.09,0,26,0,182.9,326.4,274.4,87.4,0.00,1,-15.7,24.7
145.80,brake,366.82,-16.82,0.450,1,2238.8,-152.9,0.0,0.0,-85.96,115.87,93,86,-1,-34.0,-36.5,-26.1,-36.1,-0.04,0.10,1.00,0.00,0.00,0.00,-81.00,122.81,99,-1,0,-7,-10.5,0.10,0.450,0.508,14.94,0,26,0,184.9,322.3,276.3,85.8,0.00,1,-0.2,14.9
146.00,brake,369.89,-19.89,0.250,1,2230.4,-141.5,0.0,0.0,-84.64,113.46,96,82,-1,-34.8,-35.7,-28.0,-38.1,0.00,0.15,1.00,0.00,0.00,0.00,-72.46,121.60,99,-1,0,-6,-8.8,0.06,0.250,0.312,15.55,0,26,0,186.9,319.7,278.2,84.3,0.00,1,-0.0,11.9
146.20,brake,372.90,-22.90,0.250,1,2205.5,-108.5,0.0,0.0,-81.65,107.92,98,82,-1,-35.3,-35.2,-30.4,-39.8,-0.02,0.09,1.00,0.00,0.00,0.00,-66.02,120.17,99,-1,0,-5,-4.9,0.01,0.250,0.296,15.15,0,26,0,187.5,317.7,278.2,83.9,0.00,1,-9.4,8.4
146.40,brake,375.67,-25.67,0.250,1,2189.4,-87.3,0.0,0.0,-79.80,104.69,101,83,-1,-35.6,-34.9,-33.9,-41.8,-0.07,0.01,1.00,0.00,0.00,0.00,-58.93,119.82,99,-1,0,-6,-3.8,-0.04,0.250,0.282,13.96,0,26,0,186.4,315.9,276.6,84.9,0.00,1,-15.0,7.6
146.60,brake,378.20,-28.20,0.250,1,2173.7,-66.8,0.0,0.0,-77.87,101.40,104,83,-1,-35.8,-34.7,-38.2,-44.0,-0.10,-0.05,1.00,0.00,0.00,0.00,-50.57,119.50,99,-1,0,-8,-3.5,-0.09,0.250,0.310,12.85,0,26,0,184.1,314.4,274.0,86.7,0.00,1,-17.1,4.6
146.80,brake,380.50,-30.50,0.250,1,2166.0,-56.8,0.0,0.0,-76.90,99.75,109,88,-1,-36.0,-34.5,-42.3,-45.7,-0.08,-0.08,1.00,0.00,0.00,0.00,-40.55,119.25,99,-1,0,-10,-3.9,-0.13,0.250,0.314,11.66,0,26,0,181.3,313.7,271.3,88.9,0.00,1,-17.2,2.3
147.00,brake,382.52,-32.52,0.250,1,2143.5,-27.7,0.0,0.0,-73.83,95.12,113,88,-1,-36.3,-34.1,-45.7,-46.4,-0.02,-0.08,1.00,0.00,0.00,0.00,-30.47,118.39,99,-1,0,-12,-6.1,-0.14,0.250,0.293,10.25,0,26,0,179.2,314.0,269.2,90.7,0.00,1,-12.9,-4.4
147.20,brake,384.27,-34.27,0.250,1,2129.0,-9.1,0.0,0.0,-71.63,92.01,117,91,-1,-36.8,-33.6,-48.0,-45.8,0.03,-0.07,1.00,0.00,0.00,0.00,-22.05,116.48,99,-1,0,-13,-8.3,-0.12,0.250,0.290,8.80,0,26,0,178.3,315.2,268.3,91.5,0.00,1,-8.5,-6.5
147.40,brake,385.76,-35.76,0.250,1,2114.9,9.0,0.0,0.0,-69.43,89.02,120,91,-1,-37.5,-32.7,-49.6,-44.2,0.07,-0.06,1.00,0.00,0.00,0.00,-15.85,113.60,99,-1,0,-13,-11.0,-0.06,0.250,0.303,7.48,0,26,0,178.8,316.5,268.7,91.1,0.00,1,-5.1,-6.0
147.60,brake,386.98,-36.98,0.250,1,2101.3,26.4,0.0,0.0,-67.24,86.24,121,89,-1,-38.4,-31.4,-50.8,-42.1,0.09,-0.06,1.00,0.00,0.00,0.00,-12.60,110.36,99,-1,0,-11,-12.7,0.02,0.250,0.312,6.13,0,26,0,180.4,317.6,270.5,89.6,0.00,1,-1.6,-3.4
147.80,brake,387.94,-37.94,0.250,1,2094.7,34.9,0.0,0.0,-66.18,84.90,122,89,-1,-39.3,-29.9,-51.5,-39.9,0.10,-0.05,1.00,0.00,0.00,0.00,-11.48,107.03,99,-1,0,-8,-13.0,0.09,0.250,0.307,4.76,0,26,0,183.0,318.0,273.3,86.9,0.00,1,0.3,-1.7
148.00,brake,388.65,-38.65,0.250,1,2075.4,59.7,0.0,0.0,-62.93,80.87,121,83,-1,-40.1,-28.2,-52.0,-38.1,0.07,-0.04,1.00,0.00,0.00,0.00,-12.27,103.45,99,-1,0,-5,-12.4,0.16,0.250,0.294,3.49,0,26,0,186.1,317.4,276.6,83.6,0.00,1,4.3,6.2
148.20,brake,389.13,-39.13,0.250,1,2069.2,67.7,0.0,0.0,-61.88,79.54,120,83,-1,-40.9,-26.5,-52.2,-37.2,0.03,-0.03,1.00,0.00,0.00,0.00,-13.92,99.81,99,-1,0,-1,-11.7,0.20,0.251,0.275,2.30,0,26,0,189.6,315.7,279.8,80.1,0.00,1,5.3,8.6
148.40,brake,389.38,-39.38,0.250,1,2057.0,83.3,0.0,0.0,-59.85,76.87,118,76,-1,-41.5,-25.0,-52.2,-37.0,-0.02,-0.01,1.00,0.00,0.00,0.00,-16.30,96.05,99,-1,0,2,-9.3,0.23,0.251,0.262,1.12,0,26,0,193.4,313.3,282.6,76.6,0.00,1,7.3,11.7
148.60,brake,389.40,-39.40,0.250,1,2045.3,98.3,0.0,0.0,-58.01,74.24,117,76,-1,-41.9,-23.8,-51.9,-37.5,-0.06,0.00,1.00,0.00,0.00,0.00,-18.78,92.33,99,-1,0,5,-6.0,0.22,0.251,0.275,-0.11,0,26,0,197.1,310.8,284.8,73.8,0.00,1,8.2,12.8
148.80,brake,389.20,-39.20,0.250,1,2033.9,112.8,0.0,0.0,-56.25,71.54,115,69,-1,-42.1,-23.1,-51.2,-38.4,-0.09,0.04,1.00,0.00,0.00,0.00,-21.51,88.43,99,-1,0,7,-2.3,0.19,0.251,0.301,-1.26,0,26,0,200.4,308.6,286.5,71.6,0.00,1,9.0,11.8
149.00,brake,388.80,-38.80,0.250,1,2022.9,126.8,0.0,0.0,-54.62,68.69,112,69,-1,-42.1,-23.1,-50.0,-39.2,-0.11,0.08,1.00,0.00,0.00,0.00,-24.39,84.31,99,-1,0,8,1.7,0.13,0.250,0.323,-2.32,0,26,0,203.0,307.1,287.8,70.3,0.00,1,9.1,8.5
149.20,brake,388.18,-38.18,0.250,1,2006.9,146.7,0.0,0.0,-52.56,64.69,110,65,-1,-42.0,-23.7,-48.5,-39.9,-0.11,0.10,1.00,0.00,0.00,0.00,-27.26,80.23,99,-1,0,9,6.6,0.07,0.250,0.333,-3.40,0,26,0,204.2,306.6,288.5,70.0,0.00,1,5.5,1.7
149.40,brake,387.34,-37.34,0.250,1,2001.7,153.0,0.0,0.0,-51.90,63.39,108,65,-1,-41.6,-24.7,-47.2,-40.4,-0.11,0.09,1.00,0.00,0.00,0.00,-30.07,76.21,99,-1,0,8,7.8,0.00,0.250,0.331,-4.51,0,26,0,203.5,307.1,288.2,70.8,0.00,1,3.3,-0.9
149.60,brake,386.28,-36.28,0.250,1,1991.4,165.4,0.0,0.0,-50.63,60.80,106,68,-1,-41.1,-26.1,-46.2,-40.5,-0.09,0.07,1.00,0.00,0.00,0.00,-31.44,72.60,99,-1,0,6,9.7,-0.08,0.250,0.316,-5.53,0,26,0,200.8,308.7,286.9,72.9,0.00,1,-2.1,-6.9
149.80,brake,385.00,-35.00,0.250,1,1981.5,177.3,0.0,0.0,-49.39,58.35,106,68,-1,-40.5,-27.6,-45.5,-40.0,-0.05,0.05,1.00,0.00,0.00,0.00,-31.95,69.46,99,-1,0,3,10.1,-0.15,0.250,0.291,-6.59,0,26,0,196.7,311.1,284.7,75.8,0.00,1,-6.4,-11.9
150.00,brake,383.51,-33.51,0.250,1,1971.7,188.6,0.0,0.0,-48.08,55.98,106,77,-1,-39.8,-28.9,-45.5,-38.9,-0.01,-0.00,1.00,0.00,0.00,0.00,-30.93,66.99,99,-1,0,-1,8.6,-0.18,0.251,0.254,-7.59,0,26,0,192.0,314.3,281.8,79.2,0.00,1,-10.6,-16.3
150.20,brake,381.81,-31.81,0.250,1,1957.7,204.8,0.0,0.0,-45.88,52.54,107,77,-1,-39.3,-29.8,-46.2,-37.3,0.03,-0.06,1.00,0.00,0.00,0.00,-29.10,64.87,99,-1,0,-4,3.9,-0.19,0.251,0.288,-8.50,0,26,0,187.8,317.9,278.6,82.4,0.00,1,-13.6,-19.1
150.40,brake,379.91,-29.91,0.250,1,1948.7,215.0,0.0,0.0,-44.21,50.42,108,84,-1,-39.1,-30.3,-47.3,-35.2,0.07,-0.10,1.00,0.00,0.00,0.00,-26.88,62.91,99,-1,0,-6,0.1,-0.17,0.250,0.320,-9.41,0,26,0,184.8,321.5,276.0,85.0,0.00,1,-12.2,-17.7
150.60,brake,377.83,-27.83,0.250,1,1944.4,220.0,0.0,0.0,-43.37,49.45,109,84,-1,-39.1,-30.3,-48.5,-32.8,0.10,-0.12,1.00,0.00,0.00,0.00,-24.62,61.00,99,-1,0,-8,-1.7,-0.12,0.250,0.338,-10.35,0,26,0,183.2,324.7,274.5,86.4,0.00,1,-10.5,-16.1
150.80,brake,375.55,-25.55,0.326,1,1935.9,229.7,0.0,0.0,-41.57,47.59,110,86,-1,-39.3,-29.8,-49.3,-30.2,0.12,-0.11,1.00,0.00,0.00,0.00,-23.02,58.85,99,-1,0,-8,-5.1,-0.05,0.326,0.419,-11.32,0,26,0,183.1,327.2,274.9,86.3,0.00,1,-6.0,-12.2
151.00,brake,373.13,-23.13,0.412,1,1924.0,243.4,0.0,0.0,-38.23,44.63,110,86,-1,-39.8,-28.9,-49.3,-27.4,0.13,-0.06,1.00,0.00,0.00,0.00,-21.81,56.28,99,-1,0,-6,-9.1,0.04,0.412,0.492,-12.06,0,26,0,184.6,328.6,277.4,84.4,0.00,1,3.5,-3.0
151.20,brake,370.67,-20.67,0.480,1,1920.3,247.8,0.0,0.0,-36.91,43.53,109,82,-1,-37.9,-25.9,-48.6,-25.1,0.10,-0.04,1.00,0.00,0.00,0.00,-21.17,53.00,99,-1,0,-3,-9.9,0.15,0.481,0.539,-12.34,0,26,0,187.2,328.6,281.6,81.2,0.00,1,6.3,0.9
151.40,brake,368.27,-18.27,0.527,1,1909.9,260.2,0.0,0.0,-32.61,39.75,107,82,-1,-35.9,-22.7,-47.4,-24.2,0.02,-0.03,1.00,0.00,0.00,0.00,-20.64,49.25,99,-1,0,1,-9.2,0.23,0.529,0.552,-12.10,0,26,0,190.7,326.8,286.0,77.3,0.00,1,12.4,14.8
151.60,brake,366.01,-16.01,0.556,1,1903.8,267.8,0.0,0.0,-29.79,36.80,105,75,-1,-33.5,-19.6,-45.8,-25.3,-0.10,-0.02,1.00,0.00,0.00,0.00,-20.28,45.07,99,-1,0,5,-2.9,0.23,0.558,0.606,-11.46,0,26,0,194.5,323.6,289.3,73.9,0.00,1,15.6,20.4
151.80,brake,363.95,-13.95,0.571,1,1898.1,274.8,0.0,0.0,-27.25,33.41,103,75,-1,-30.6,-17.4,-43.4,-28.1,-0.22,0.02,1.00,0.00,0.00,0.00,-19.85,40.63,99,-1,0,7,7.0,0.09,0.571,0.668,-10.56,0,26,0,197.6,320.2,290.8,72.1,0.00,1,18.4,17.6
152.00,brake,362.11,-12.11,0.569,1,1892.9,281.0,0.0,0.0,-25.27,29.60,101,70,-1,-27.3,-16.2,-39.8,-30.8,-0.27,0.09,1.00,0.00,0.00,0.00,-19.81,35.89,99,-1,0,7,15.2,-0.10,0.569,0.712,-9.54,0,26,0,199.1,318.5,291.4,72.0,0.00,1,17.9,5.1
152.20,brake,360.48,-10.48,0.547,1,1890.5,283.8,0.0,0.0,-24.52,27.70,98,70,-1,-23.8,-15.5,-35.1,-31.2,-0.17,0.14,1.00,0.00,0.00,0.00,-20.42,30.85,99,-1,0,5,17.4,-0.24,0.549,0.671,-8.46,0,26,0,198.2,320.1,291.5,73.4,0.00,1,15.7,-4.1
152.40,brake,359.05,-9.05,0.508,1,1883.5,291.1,0.0,0.0,-22.68,22.34,95,74,-1,-20.6,-14.9,-31.0,-28.0,0.06,0.09,0.96,0.00,0.00,0.00,-20.93,26.08,99,-1,0,3,13.6,-0.26,0.510,0.571,-7.27,0,26,0,195.3,325.2,291.4,75.7,0.00,1,1.5,-31.7
152.60,brake,357.83,-7.83,0.461,1,1881.2,293.3,0.0,0.0,-21.97,20.94,93,74,-1,-17.8,-14.2,-29.3,-22.3,0.24,-0.10,0.83,0.00,0.00,0.00,-20.88,22.03,99,-1,0,0,10.1,-0.19,0.462,0.599,-5.95,0,26,0,191.9,332.2,291.7,78.1,0.00,1,-4.0,-35.4
152.80,brake,356.80,-6.80,0.421,1,1877.0,297.2,0.0,0.0,-20.39,18.80,91,79,-1,-15.9,-13.2,-29.8,-16.4,0.27,-0.25,0.76,0.00,0.00,0.00,-20.01,19.20,99,-1,0,-1,1.9,-0.05,0.421,0.630,-4.71,0,26,0,190.0,338.4,294.0,79.4,0.00,1,-8.5,-31.4
153.00,brake,355.98,-5.98,0.394,1,1871.5,302.5,0.0,0.0,-17.27,16.90,90,79,-1,-14.5,-12.0,-29.8,-12.2,0.18,-0.20,0.72,0.00,0.00,0.00,-18.35,17.39,99,-1,0,-0,-6.2,0.09,0.395,0.547,-3.81,0,26,0,190.4,342.2,299.7,78.6,0.00,1,6.9,-8.9
153.20,brake,355.36,-5.36,0.370,1,1869.8,304.1,0.0,0.0,-16.22,16.40,88,77,-1,-13.5,-10.8,-27.4,-10.7,0.03,0.01,0.63,0.00,0.00,0.00,-16.71,15.90,99,-1,0,2,-6.7,0.17,0.371,0.385,-3.13,0,26,0,192.4,343.2,306.0,76.6,0.00,1,14.5,-0.9
153.40,brake,354.89,-4.89,0.350,1,1865.4,308.8,0.0,0.0,-13.75,14.99,86,77,-1,-12.6,-9.6,-23.1,-11.4,-0.11,0.16,0.51,0.00,0.00,0.00,-15.33,14.57,99,-1,0,4,-5.1,0.20,0.351,0.462,-2.67,0,26,0,195.1,342.4,310.5,74.3,0.00,1,25.4,11.1
153.60,brake,354.50,-4.50,0.333,1,1864.1,310.2,0.0,0.0,-13.23,14.46,84,71,-1,-11.8,-8.7,-18.6,-12.8,-0.17,0.18,0.40,0.00,0.00,0.00,-14.61,13.05,99,-1,0,6,-3.7,0.20,0.333,0.472,-2.24,0,26,0,197.5,341.5,313.4,72.4,0.00,1,23.6,10.5
153.80,brake,354.15,-4.15,0.320,1,1861.5,313.0,0.0,0.0,-12.52,13.34,82,71,-1,-11.1,-8.0,-15.5,-13.7,-0.13,0.08,0.34,0.00,0.00,0.00,-14.32,11.39,99,-1,0,7,0.4,0.13,0.320,0.406,-1.90,0,26,0,198.6,341.3,314.9,71.6,0.00,1,14.5,4.8
154.00,brake,353.83,-3.83,0.310,1,1857.9,316.7,0.0,0.0,-11.95,11.67,80,71,-1,-10.2,-7.7,-13.9,-13.2,-0.02,-0.00,0.29,0.00,0.00,0.00,-14.13,9.84,99,-1,0,6,6.6,0.03,0.310,0.320,-1.61,0,26,0,198.1,342.5,316.0,72.2,0.00,1,3.0,-8.5
154.20,brake,353.53,-3.53,0.301,1,1855.5,318.9,0.0,0.0,-11.51,10.71,78,71,-1,-9.4,-7.4,-13.1,-11.5,0.06,-0.05,0.24,0.00,0.00,0.00,-13.81,8.45,99,-1,0,5,9.2,-0.06,0.301,0.346,-1.37,0,26,0,196.5,344.8,317.4,73.6,0.00,1,0.3,-12.3
154.40,brake,353.25,-3.25,0.302,1,1854.4,320.0,0.0,0.0,-11.25,10.33,77,75,-1,-8.6,-7.2,-12.6,-9.5,0.09,-0.06,0.19,0.00,0.00,0.00,-13.27,7.56,99,-1,0,3,9.5,-0.13,0.303,0.363,-1.32,0,26,0,194.4,347.4,319.0,75.5,0.00,1,0.2,-12.3
154.60,brake,352.98,-2.98,0.302,1,1852.2,321.9,0.0,0.0,-10.68,9.68,77,75,-1,-7.8,-7.1,-11.9,-7.9,0.06,-0.04,0.14,0.00,0.00,0.00,-12.59,7.01,99,-1,0,1,9.0,-0.15,0.303,0.341,-1.25,0,26,0,192.6,349.4,320.2,77.3,0.00,1,2.4,-9.0
154.80,brake,352.75,-2.75,0.302,1,1850.2,323.8,0.0,0.0,-9.98,9.17,77,78,-1,-7.2,-6.9,-10.6,-7.2,0.01,0.01,0.09,0.00,0.00,0.00,-11.77,6.72,99,-1,0,-0,6.8,-0.14,0.302,0.311,-1.17,0,26,0,191.3,350.7,320.9,78.6,0.00,1,5.7,-4.6
155.00,brake,352.53,-2.53,0.300,1,1847.3,326.4,0.0,0.0,-9.18,8.47,78,78,-1,-6.7,-6.6,-9.1,-6.8,-0.01,0.03,0.04,0.00,0.00,0.00,-11.10,6.47,99,-1,0,-1,1.8,-0.09,0.300,0.317,-1.07,0,26,0,190.7,351.5,321.6,79.3,0.00,1,7.2,-1.3
155.20,brake,352.34,-2.34,0.298,1,1846.4,327.3,0.0,0.0,-8.92,8.24,78,78,-1,-6.4,-6.2,-7.7,-6.6,-0.02,0.03,0.00,0.00,0.00,0.00,-10.44,6.20,99,-1,0,-1,-0.0,-0.01,0.298,0.316,-0.96,0,26,0,190.8,351.9,323.4,79.2,0.00,1,6.9,-1.0
155.40,brake,352.17,-2.17,0.295,1,1843.8,329.6,0.0,0.0,-8.39,7.55,78,78,-1,-6.1,-5.9,-6.5,-6.3,-0.01,0.02,0.00,0.00,0.00,0.00,-9.98,5.87,99,-1,0,0,-3.7,0.06,0.295,0.307,-0.85,0,26,0,191.5,352.3,326.5,78.5,0.00,1,5.5,-1.1
155.60,brake,352.02,-2.02,0.291,1,1842.2,331.1,0.0,0.0,-8.09,7.12,78,77,-1,-5.9,-5.5,-5.6,-6.0,-0.01,0.01,0.00,0.00,0.00,0.00,-9.55,5.49,99,-1,0,1,-4.2,0.10,0.291,0.300,-0.73,0,26,0,192.4,352.8,330.1,77.6,0.00,1,4.7,-1.2
155.80,brake,351.89,-1.89,0.286,1,1840.6,332.4,0.0,0.0,-7.82,6.70,78,77,-1,-5.7,-5.2,-4.8,-5.7,-0.01,0.00,0.00,0.00,0.00,0.00,-9.23,5.09,99,-1,0,2,-3.1,0.11,0.287,0.291,-0.61,0,26,0,193.3,353.2,333.3,76.8,0.00,1,3.5,-1.8
156.00,brake,351.79,-1.79,0.281,1,1839.8,333.1,0.0,0.0,-7.73,6.50,77,75,-1,-5.4,-4.9,-4.2,-5.2,0.00,-0.01,0.00,0.00,0.00,0.00,-8.97,4.66,99,-1,0,2,-2.3,0.09,0.281,0.285,-0.49,0,26,0,193.8,353.8,336.1,76.2,0.00,1,2.9,-2.2
156.20,brake,351.70,-1.70,0.275,1,1837.6,335.0,0.0,0.0,-7.38,5.95,77,75,-1,-5.2,-4.7,-3.8,-4.7,0.01,-0.01,0.00,0.00,0.00,0.00,-8.67,4.27,99,-1,0,2,1.9,0.04,0.275,0.283,-0.37,0,26,0,193.8,354.4,338.3,76.2,0.00,1,2.1,-2.7
156.40,brake,351.64,-1.64,0.269,1,1836.9,335.5,0.0,0.0,-7.25,5.80,77,76,-1,-4.9,-4.5,-3.3,-4.2,0.00,-0.00,0.00,0.00,0.00,0.00,-8.40,3.95,99,-1,0,2,2.9,-0.02,0.269,0.271,-0.27,0,26,0,193.3,355.0,339.7,76.7,0.00,1,2.3,-2.3
156.60,brake,351.59,-1.59,0.268,1,1835.4,336.7,0.0,0.0,-7.03,5.52,76,76,-1,-4.7,-4.4,-2.7,-4.0,-0.01,0.01,0.00,0.00,0.00,0.00,-8.14,3.70,99,-1,0,1,3.9,-0.06,0.268,0.277,-0.26,0,26,0,192.6,355.4,340.3,77.4,0.00,1,3.1,-1.2
156.80,brake,351.54,-1.54,0.265,1,1833.4,338.2,0.0,0.0,-6.77,5.13,76,77,-1,-4.4,-4.3,-2.2,-3.7,0.00,-0.00,0.00,0.00,0.00,0.00,-7.90,3.48,99,-1,0,0,4.4,-0.08,0.265,0.267,-0.23,0,26,0,191.8,355.9,341.0,78.2,0.00,1,1.4,-2.4
157.00,align,351.43,-1.43,0.226,1,1832.7,338.8,59.8,26.7,-6.68,5.02,77,77,-1,-10.3,1.8,-1.9,-3.2,-0.05,0.05,0.00,0.00,0.00,0.00,-7.66,3.34,99,-1,0,5,4.4,0.01,0.226,0.265,-0.45,0,26,0,190.9,356.4,342.1,79.1,0.00,0,1.1,-2.5
157.20,align,351.32,-1.32,0.239,1,1830.8,340.2,61.1,25.8,-6.42,4.71,77,79,-1,-20.0,13.6,-1.5,-2.9,-0.16,0.15,0.00,0.00,0.00,0.00,-7.41,3.22,99,-1,0,11,3.9,0.13,0.239,0.364,-0.65,0,26,0,190.1,356.8,342.8,79.9,0.00,0,0.6,-2.6
157.40,align,351.09,-1.09,0.271,1,1829.5,341.1,62.4,24.8,-6.33,4.48,78,79,-1,-20.0,13.2,-1.7,-2.1,-0.10,0.09,0.00,0.00,0.00,0.00,-7.26,3.12,99,-1,0,12,4.4,0.17,0.271,0.346,-1.14,0,26,0,190.1,356.8,342.8,79.9,0.00,0,-5.1,-8.1
157.60,align,350.77,-0.77,0.297,1,1828.2,342.0,63.7,23.9,-6.29,4.25,78,81,-1,-20.0,12.9,-3.2,-0.0,0.02,-0.02,0.00,0.00,0.00,0.00,-7.08,2.98,99,-1,0,12,6.3,0.13,0.297,0.311,-1.42,0,26,0,188.3,359.5,356.8,81.7,0.00,0,-10.7,-14.2
157.80,align,350.43,-0.43,0.308,1,1827.0,342.8,64.9,23.1,-6.06,4.15,79,81,-1,-20.0,12.4,-5.5,2.9,0.10,-0.09,0.00,0.00,0.00,0.00,-6.89,2.90,99,-1,0,11,8.3,0.08,0.308,0.383,-1.38,0,26,0,188.3,359.5,356.8,81.7,0.00,0,-12.2,-15.6
158.00,align,350.12,-0.12,0.313,1,1825.8,343.7,66.1,22.3,-5.63,4.27,80,84,-1,-20.0,11.0,-8.0,5.6,0.09,-0.10,0.00,0.00,0.00,0.00,-6.50,3.08,99,-1,0,10,10.6,0.02,0.313,0.391,-1.24,0,26,0,185.2,4.9,43.1,84.7,0.00,0,-9.7,-12.3
158.20,align,349.84,0.16,0.320,1,1824.8,344.5,67.2,21.4,-5.05,4.55,80,84,-1,-20.0,9.0,-9.9,7.4,0.05,-0.07,0.08,0.00,0.00,0.00,-6.01,3.45,99,-1,0,10,12.6,-0.04,0.320,0.368,-1.14,0,26,0,185.2,4.9,43.1,84.7,0.00,0,-5.6,-7.6
158.40,align,349.61,0.39,0.326,1,1823.8,345.5,68.2,20.5,-4.44,4.88,82,88,-1,-20.0,6.2,-11.2,8.1,0.01,-0.02,0.12,0.00,0.00,0.00,-5.42,3.96,99,-1,0,8,13.6,-0.10,0.327,0.340,-1.05,0,26,0,180.6,8.0,85.5,89.4,0.00,0,-2.1,-3.5
158.60,align,349.43,0.57,0.326,1,1823.4,346.0,69.1,19.5,-4.09,5.05,83,88,-1,-20.0,3.0,-11.7,8.1,-0.01,0.02,0.14,0.00,0.00,0.00,-4.67,4.52,99,-1,0,7,13.3,-0.13,0.326,0.337,-0.86,0,26,0,180.6,8.0,85.5,89.4,0.00,0,-0.7,-1.9
158.80,align,349.29,0.71,0.328,1,1822.3,347.6,69.8,18.5,-3.25,5.52,85,93,-1,-20.0,-0.3,-12.0,7.7,0.01,0.03,0.14,0.00,0.00,0.00,-4.03,5.02,99,-1,0,5,9.7,-0.12,0.328,0.347,-0.73,0,26,0,175.7,8.6,116.6,94.4,0.00,0,-0.5,-0.3
159.00,align,349.20,0.80,0.318,1,1821.7,348.7,70.5,17.3,-2.72,5.84,87,93,-1,-20.0,-3.7,-12.5,7.4,0.05,0.00,0.15,0.00,0.00,0.00,-3.31,5.50,99,-1,0,3,6.3,-0.09,0.318,0.338,-0.43,0,26,0,175.7,8.6,116.6,94.4,0.00,0,-3.3,0.8
159.20,align,349.17,0.83,0.308,1,1821.5,349.3,71.0,16.2,-2.46,6.00,88,96,-1,-20.0,-7.0,-13.4,6.8,0.05,-0.03,0.17,0.00,0.00,0.00,-2.62,5.93,99,-1,0,2,4.9,-0.07,0.308,0.340,-0.15,0,26,0,173.1,8.4,129.2,97.0,0.00,0,-4.2,2.1
159.40,align,349.19,0.81,0.297,1,1820.9,351.2,71.4,14.9,-1.63,6.41,90,96,-1,-20.0,-10.0,-14.3,5.8,0.05,-0.02,0.18,0.00,0.00,0.00,-1.88,6.29,99,-1,0,-0,1.1,-0.05,0.297,0.327,0.08,0,26,0,173.1,8.4,129.2,97.0,0.00,0,-3.3,5.6
159.60,align,349.26,0.74,0.288,1,1820.7,352.5,71.7,13.6,-1.01,6.64,91,96,-1,-20.0,-12.5,-14.8,4.6,0.05,-0.01,0.18,0.00,0.00,0.00,-1.12,6.57,99,-1,0,-1,-0.9,-0.03,0.288,0.311,0.23,0,26,0,172.7,6.5,138.3,97.5,0.00,0,-2.5,7.3
159.80,align,349.33,0.67,0.287,1,1820.6,353.2,71.9,12.3,-0.66,6.73,92,96,-1,-20.0,-14.7,-15.3,3.0,0.04,0.00,0.18,0.00,0.00,0.00,-0.37,6.76,99,-1,0,-2,-1.4,-0.02,0.287,0.303,0.24,0,26,0,172.7,6.5,138.3,97.5,0.00,0,-2.2,8.3
160.00,align,349.41,0.59,0.289,1,1820.5,355.2,72.0,10.9,0.22,6.89,93,96,-1,-20.0,-16.4,-15.5,1.0,0.01,0.01,0.18,0.00,0.00,0.00,0.25,6.85,99,-1,0,-3,-2.2,-0.03,0.289,0.296,0.16,0,26,0,173.5,2.8,156.8,96.8,0.00,0,-1.3,11.7
160.20,align,349.47,0.53,0.286,1,1820.6,355.9,71.9,9.6,0.48,6.89,94,96,-1,-20.0,-17.7,-15.8,-1.3,-0.01,0.00,0.19,0.00,0.00,0.00,0.95,6.84,99,-1,0,-4,-2.4,-0.03,0.286,0.290,0.20,0,26,0,173.5,2.8,156.8,96.8,0.00,0,-1.4,12.2
160.40,align,349.56,0.44,0.282,1,1820.7,357.3,71.8,8.2,1.10,6.80,94,95,-1,-20.0,-18.5,-16.1,-3.7,-0.02,-0.01,0.22,0.00,0.00,0.00,1.61,6.70,99,-1,0,-4,-2.5,-0.04,0.282,0.294,0.24,0,26,0,174.4,357.9,200.3,95.8,0.00,0,-1.6,12.6
160.60,align,349.64,0.36,0.278,1,1821.1,359.0,71.5,7.2,1.89,6.50,95,95,-1,-20.0,-18.8,-16.6,-6.1,-0.04,-0.02,0.25,0.00,0.00,0.00,2.18,6.49,99,-1,0,-5,-2.6,-0.05,0.278,0.300,0.26,0,26,0,174.4,357.9,200.3,95.8,0.00,0,-1.9,12.6
160.80,align,349.70,0.30,0.278,1,1821.6,360.2,71.1,5.9,2.50,6.17,95,94,-1,-20.0,-18.7,-17.0,-8.2,-0.03,-0.01,0.29,0.00,0.00,0.00,2.80,6.12,99,-1,0,-5,-3.4,-0.05,0.278,0.295,0.22,0,26,0,175.5,353.2,236.4,94.7,0.00,0,-1.0,10.7
161.00,align,349.73,0.27,0.285,1,1822.2,361.4,70.6,4.7,3.12,5.73,95,94,-1,-20.0,-18.2,-17.3,-9.8,-0.01,0.00,0.32,0.00,0.00,0.00,3.41,5.67,99,-1,0,-5,-4.8,-0.03,0.285,0.288,0.08,0,26,0,175.5,353.2,236.4,94.7,0.00,0,0.3,8.6
161.20,align,349.74,0.26,0.289,1,1822.9,362.5,70.0,3.5,3.82,5.24,96,92,-1,-20.0,-17.3,-17.5,-11.1,-0.01,-0.00,0.34,0.00,0.00,0.00,3.98,5.13,99,-1,0,-6,-5.6,-0.00,0.289,0.294,-0.00,0,26,0,177.4,349.7,255.7,92.7,0.00,0,0.3,7.8
161.40,align,349.75,0.25,0.291,1,1823.7,363.5,69.2,2.5,4.44,4.70,95,92,-1,-20.0,-16.1,-17.7,-12.2,-0.03,-0.01,0.37,0.00,0.00,0.00,4.54,4.57,99,-1,0,-5,-5.9,0.01,0.291,0.304,-0.02,0,26,0,177.4,349.7,255.7,92.7,0.00,0,0.2,7.5
161.60,align,349.75,0.25,0.293,1,1824.7,364.3,68.3,1.6,5.05,4.12,95,89,-1,-20.0,-14.7,-18.1,-13.4,-0.05,-0.02,0.40,0.00,0.00,0.00,5.08,3.97,99,-1,0,-5,-5.9,0.01,0.293,0.319,-0.05,0,26,0,179.7,346.7,268.7,90.3,0.00,0,-0.1,7.3
161.80,align,349.73,0.27,0.296,1,1825.8,365.1,67.3,0.8,5.58,3.47,95,89,-1,-20.0,-13.0,-18.5,-14.3,-0.06,-0.02,0.43,0.00,0.00,0.00,5.62,3.34,99,-1,0,-5,-5.9,0.02,0.296,0.329,-0.08,0,26,0,179.7,346.7,268.7,90.3,0.00,0,0.1,5.9
162.00,align,349.67,0.33,0.308,1,1826.9,365.7,66.2,0.1,6.11,2.79,94,87,-1,-20.0,-11.0,-18.7,-14.8,-0.05,-0.01,0.44,0.00,0.00,0.00,6.06,2.70,99,-1,0,-4,-5.9,0.03,0.308,0.332,-0.27,0,26,0,182.1,344.5,277.5,87.9,0.00,0,1.0,3.2
162.20,align,349.59,0.41,0.319,1,1828.2,366.2,64.9,-0.4,6.64,2.04,94,87,-1,-19.3,-8.8,-18.8,-14.8,-0.05,-0.01,0.44,0.00,0.00,0.00,6.51,2.02,99,-1,0,-4,-5.9,0.05,0.320,0.346,-0.41,0,26,0,182.1,344.5,277.5,87.9,0.00,0,0.8,1.2
162.40,align,349.51,0.49,0.322,1,1829.6,366.5,63.6,-0.8,7.25,1.22,93,84,-1,-16.9,-6.2,-18.9,-14.1,-0.02,-0.04,0.43,0.00,0.00,0.00,7.06,1.30,99,-1,0,-3,-5.8,0.06,0.322,0.348,-0.37,0,26,0,184.5,344.4,285.9,85.4,0.00,0,0.4,-3.3
162.60,align,349.45,0.55,0.319,1,1831.2,366.6,62.1,-1.1,7.87,0.48,92,84,-1,-14.5,-3.6,-18.9,-12.7,0.00,-0.05,0.41,0.00,0.00,0.00,7.58,0.62,99,-1,0,-2,-4.9,0.08,0.319,0.341,-0.23,0,26,0,184.5,344.4,285.9,85.4,0.00,0,1.6,-6.2
162.80,align,349.43,0.57,0.314,1,1832.8,366.6,60.5,-1.1,8.48,-0.20,90,82,-1,-11.9,-1.2,-18.3,-11.0,0.00,-0.03,0.37,0.00,0.00,0.00,8.13,0.07,99,-1,0,-0,-3.4,0.07,0.314,0.329,-0.10,0,26,0,186.5,346.9,296.2,83.3,0.00,0,4.4,-7.1
163.00,align,349.44,0.56,0.303,1,1834.6,366.5,58.8,-1.1,9.01,-0.75,89,82,-1,-9.0,1.0,-17.1,-9.4,-0.01,-0.02,0.31,0.00,0.00,0.00,8.75,-0.36,99,-1,0,1,-2.0,0.07,0.303,0.313,0.13,0,26,0,186.5,346.9,296.2,83.3,0.00,0,6.3,-7.3
163.20,align,349.46,0.54,0.304,1,1836.5,366.3,57.0,-0.9,9.49,-1.19,88,81,-1,-6.3,2.6,-15.7,-7.8,-0.01,-0.02,0.25,0.00,0.00,0.00,9.30,-0.60,99,-1,0,2,-0.7,0.07,0.304,0.318,0.13,0,26,0,187.7,350.1,307.8,82.1,0.00,0,7.0,-7.3
163.40,align,349.48,0.52,0.303,1,1838.4,366.0,55.1,-0.7,9.93,-1.56,86,81,-1,-3.7,3.9,-14.2,-6.3,-0.02,-0.02,0.18,0.00,0.00,0.00,9.78,-0.76,99,-1,0,4,1.1,0.07,0.303,0.318,0.13,0,26,0,187.7,350.1,307.8,82.1,0.00,0,7.7,-7.6
163.60,align,349.51,0.49,0.302,1,1840.4,365.7,53.1,-0.4,10.28,-1.87,85,81,-1,-1.1,5.0,-12.5,-4.8,-0.01,-0.02,0.11,0.00,0.00,0.00,10.21,-0.90,99,-1,0,5,3.3,0.05,0.302,0.313,0.16,0,26,0,187.5,353.6,319.6,82.3,0.00,0,8.3,-8.1
163.80,align,349.54,0.46,0.298,1,1842.5,365.3,51.0,0.0,10.59,-2.10,85,81,-1,1.3,5.9,-10.7,-3.2,0.00,-0.01,0.04,0.00,0.00,0.00,10.60,-0.99,99,-1,0,5,5.4,0.02,0.299,0.304,0.21,0,26,0,187.5,353.6,319.6,82.3,0.00,0,9.0,-8.6
164.00,align,349.58,0.42,0.294,1,1844.7,364.8,48.9,0.4,10.81,-2.23,84,83,-1,3.5,6.5,-8.8,-1.7,0.01,-0.01,0.00,0.00,0.00,0.00,10.89,-1.06,99,-1,0,6,6.7,-0.01,0.294,0.303,0.28,0,26,0,185.6,357.4,335.4,84.4,0.00,0,9.2,-8.7
164.20,align,349.64,0.36,0.287,1,1846.9,364.4,46.7,0.9,10.94,-2.26,84,83,-1,5.4,6.8,-7.0,-0.2,0.02,-0.02,0.00,0.00,0.00,0.00,11.08,-1.10,99,-1,0,6,7.2,-0.02,0.287,0.303,0.37,0,26,0,185.6,357.4,335.4,84.4,0.00,0,9.0,-8.4
164.40,align,349.72,0.28,0.278,1,1849.1,363.9,44.5,1.3,10.99,-2.24,84,86,-1,7.0,6.9,-5.2,1.3,0.03,-0.03,0.00,0.00,0.00,0.00,11.16,-1.14,99,-1,0,6,7.4,-0.03,0.278,0.303,0.48,0,26,0,182.8,1.1,20.9,87.2,0.00,0,8.7,-8.1
164.60,align,349.81,0.19,0.272,1,1851.3,363.5,42.3,1.8,10.99,-2.12,85,86,-1,8.2,6.9,-3.4,2.6,0.02,-0.02,0.00,0.00,0.00,0.00,11.14,-1.17,99,-1,0,5,7.0,-0.04,0.272,0.290,0.53,0,26,0,182.8,1.1,20.9,87.2,0.00,0,9.5,-6.3
164.75,align,349.87,0.13,0.271,1,1853.5,363.1,40.1,2.2,10.90,-1.94,85,89,-1,9.4,6.7,-2.0,3.3,0.01,-0.01,0.00,0.00,0.00,0.00,11.11,-1.16,99,-1,0,5,5.7,-0.04,0.271,0.278,0.50,0,26,0,180.2,3.3,86.4,89.8,0.00,0,10.8,-4.2
164.95,align,349.95,0.05,0.269,1,1854.5,362.9,38.0,2.6,10.85,-1.86,86,89,-1,10.2,6.5,0.2,4.0,-0.01,0.02,0.00,0.00,0.00,0.00,10.95,-1.17,99,-1,0,4,5.2,-0.03,0.269,0.280,0.47,0,26,0,180.2,3.3,86.4,89.8,0.00,0,11.3,-3.2
165.15,align,350.02,-0.02,0.268,1,1856.7,362.6,35.8,2.9,10.63,-1.66,87,91,-1,10.7,6.3,2.2,4.4,-0.02,0.02,0.00,0.00,0.00,0.00,10.70,-1.19,99,-1,0,3,4.7,-0.04,0.268,0.280,0.41,0,26,0,177.9,4.3,116.0,92.1,0.00,0,10.4,-1.8
165.35,align,350.07,-0.07,0.273,1,1859.8,362.1,33.7,3.2,10.20,-1.37,89,91,-1,11.0,6.1,3.8,4.8,-0.01,-0.01,0.00,0.00,0.00,0.00,10.40,-1.20,99,-1,0,1,3.6,-0.05,0.273,0.281,0.26,0,26,0,177.9,4.3,116.0,92.1,0.00,0,6.8,-2.4
165.55,align,350.09,-0.09,0.277,1,1861.8,361.9,31.7,3.5,9.80,-1.15,90,93,-1,11.1,5.8,5.1,5.5,0.02,-0.01,0.00,0.00,0.00,0.00,10.03,-1.20,99,-1,0,0,3.3,-0.06,0.277,0.291,0.16,0,26,0,176.1,5.1,127.1,93.9,0.00,0,7.1,-3.2
165.75,align,350.09,-0.09,0.277,1,1863.7,361.7,29.7,3.7,9.40,-0.92,91,93,-1,11.0,5.5,6.5,6.1,0.02,0.02,0.00,0.00,0.00,0.00,9.61,-1.17,99,-1,0,-1,2.7,-0.08,0.277,0.292,0.13,0,26,0,176.1,5.1,127.1,93.9,0.00,0,7.6,-1.7
165.95,align,350.10,-0.10,0.279,1,1865.5,361.5,27.9,3.9,8.92,-0.67,92,94,-1,10.7,5.1,7.9,6.3,-0.00,0.02,0.00,0.00,0.00,0.00,9.16,-1.08,99,-1,0,-2,1.5,-0.08,0.279,0.287,0.08,0,26,0,174.8,5.6,132.9,95.3,0.00,0,6.0,0.4
166.15,align,350.11,-0.11,0.280,1,1866.4,361.5,26.1,4.0,8.66,-0.54,93,94,-1,10.2,4.6,8.9,6.2,-0.03,0.01,0.03,0.00,0.00,0.00,8.62,-0.94,99,-1,0,-3,0.7,-0.07,0.280,0.294,0.05,0,26,0,174.8,5.6,132.9,95.3,0.00,0,5.1,1.2
166.35,align,350.13,-0.13,0.276,1,1868.1,361.4,24.4,4.1,8.13,-0.32,93,94,-1,9.6,4.1,9.7,5.9,-0.02,0.00,0.04,0.00,0.00,0.00,8.10,-0.80,99,-1,0,-3,-1.0,-0.05,0.276,0.287,0.11,0,26,0,174.6,5.0,137.2,95.5,0.00,0,3.8,1.2
166.55,align,350.14,-0.14,0.278,1,1869.6,361.3,22.9,4.2,7.60,-0.14,94,94,-1,9.0,3.6,10.2,5.9,0.00,-0.01,0.06,0.00,0.00,0.00,7.57,-0.67,99,-1,0,-4,-2.5,-0.03,0.278,0.282,0.05,0,26,0,174.6,5.0,137.2,95.5,0.00,0,1.9,-0.4
166.75,align,350.15,-0.15,0.275,1,1871.1,361.3,21.4,4.2,6.99,0.03,94,93,-1,8.1,3.1,10.4,6.0,0.02,-0.01,0.07,0.00,0.00,0.00,6.97,-0.48,99,-1,0,-4,-3.3,-0.02,0.275,0.284,0.09,0,26,0,175.6,5.2,130.0,94.4,0.00,0,1.0,-1.2
166.95,align,350.17,-0.17,0.271,1,1873.0,361.4,20.1,4.1,6.20,0.32,94,93,-1,7.4,2.4,10.7,6.1,0.02,0.00,0.07,0.00,0.00,0.00,6.46,-0.25,99,-1,0,-4,-3.8,-0.01,0.271,0.281,0.14,0,26,0,175.6,5.2,130.0,94.4,0.00,0,1.0,-0.4
167.15,align,350.18,-0.18,0.279,1,1873.6,361.4,18.9,4.1,5.93,0.43,94,92,-1,6.6,1.7,10.9,5.9,-0.00,0.01,0.08,0.00,0.00,0.00,5.95,0.00,99,-1,0,-4,-3.7,-0.01,0.279,0.286,-0.02,0,26,0,177.1,5.3,118.7,93.0,0.00,0,0.8,0.7
167.35,align,350.17,-0.17,0.283,1,1875.3,361.6,17.7,4.0,5.14,0.70,94,92,-1,5.8,1.0,11.0,5.4,-0.02,0.01,0.07,0.00,0.00,0.00,5.43,0.24,99,-1,0,-4,-3.7,-0.00,0.283,0.294,-0.10,0,26,0,177.1,5.3,118.7,93.0,0.00,0,-0.1,2.0
167.55,align,350.17,-0.17,0.279,1,1876.3,361.8,16.7,3.8,4.61,0.88,93,90,-1,4.9,0.2,11.0,4.8,-0.01,0.02,0.07,0.00,0.00,0.00,4.92,0.52,99,-1,0,-3,-3.6,0.01,0.279,0.291,-0.02,0,26,0,178.5,4.5,107.8,91.5,0.00,0,-0.4,2.1
167.75,align,350.19,-0.19,0.275,1,1877.1,362.0,15.8,3.6,4.13,1.02,93,90,-1,3.9,-0.4,10.9,4.3,-0.01,0.02,0.06,0.00,0.00,0.00,4.39,0.75,99,-1,0,-3,-3.6,0.02,0.275,0.285,0.03,0,26,0,178.5,4.5,107.8,91.5,0.00,0,-1.5,1.4
167.95,align,350.19,-0.19,0.277,1,1877.9,362.2,15.0,3.4,3.65,1.16,92,89,-1,2.9,-1.0,10.6,4.0,0.01,0.00,0.04,0.00,0.00,0.00,3.90,0.96,99,-1,0,-2,-3.5,0.03,0.278,0.284,-0.03,0,26,0,180.0,4.0,89.9,90.0,0.00,0,-2.6,0.5
168.15,align,350.20,-0.20,0.275,1,1878.6,362.4,14.3,3.2,3.16,1.31,91,89,-1,1.9,-1.6,10.1,3.7,0.02,0.00,0.02,0.00,0.00,0.00,3.41,1.15,99,-1,0,-1,-3.5,0.04,0.275,0.284,0.02,0,26,0,180.0,4.0,89.9,90.0,0.00,0,-2.9,0.6
168.35,align,350.23,-0.23,0.270,1,1878.9,362.6,13.6,2.9,2.94,1.37,91,88,-1,1.0,-2.3,9.5,3.4,0.02,-0.00,0.00,0.00,0.00,0.00,2.96,1.34,99,-1,0,-1,-3.4,0.05,0.270,0.277,0.08,0,26,0,181.5,3.7,68.3,88.5,0.00,0,-3.3,0.9
168.55,align,350.24,-0.24,0.277,1,1879.4,362.9,13.1,2.6,2.55,1.48,90,88,-1,0.1,-2.8,8.8,2.7,-0.02,-0.01,0.00,0.00,0.00,0.00,2.55,1.48,99,-1,0,0,-2.7,0.06,0.277,0.288,-0.07,0,26,0,181.5,3.7,68.3,88.5,0.00,0,-3.7,3.3
168.75,align,350.24,-0.24,0.277,1,1879.9,363.2,12.6,2.3,2.20,1.60,89,86,-1,-0.8,-3.3,8.0,1.8,-0.03,-0.00,0.00,0.00,0.00,0.00,2.18,1.63,99,-1,0,1,-2.0,0.06,0.277,0.290,-0.08,0,26,0,182.5,2.1,40.3,87.5,0.00,0,-3.7,4.5
168.95,align,350.23,-0.23,0.281,1,1880.4,363.7,12.2,2.0,1.71,1.64,89,86,-1,-1.6,-3.6,7.4,1.1,-0.01,0.01,0.00,0.00,0.00,0.00,1.80,1.68,99,-1,0,1,-0.7,0.05,0.281,0.287,-0.14,0,26,0,182.5,2.1,40.3,87.5,0.00,0,-3.3,1.6
169.15,align,350.20,-0.20,0.284,1,1880.6,363.8,11.9,1.7,1.54,1.63,88,86,-1,-2.4,-3.7,6.7,0.9,0.02,0.00,0.00,0.00,0.00,0.00,1.48,1.68,99,-1,0,2,-0.2,0.05,0.284,0.293,-0.19,0,26,0,182.9,1.2,22.9,87.1,0.00,0,-3.8,0.9
169.35,align,350.19,-0.19,0.278,1,1880.9,364.1,11.6,1.4,1.23,1.64,87,86,-1,-3.2,-3.9,5.9,0.8,0.03,0.00,0.00,0.00,0.00,0.00,1.16,1.69,99,-1,0,3,0.3,0.04,0.279,0.289,-0.07,0,26,0,182.9,1.2,22.9,87.1,0.00,0,-4.1,0.6
169.55,align,350.20,-0.20,0.272,1,1881.2,364.6,11.4,1.0,0.88,1.68,87,86,-1,-3.8,-4.2,5.1,0.6,0.02,-0.00,0.00,0.00,0.00,0.00,0.93,1.72,99,-1,0,3,1.6,0.03,0.272,0.282,0.05,0,26,0,182.7,0.8,16.9,87.3,0.00,0,-4.3,1.9
169.75,align,350.21,-0.21,0.275,1,1881.3,365.0,11.3,0.7,0.70,1.69,87,86,-1,-4.4,-4.4,4.2,-0.0,-0.02,-0.01,0.00,0.00,0.00,0.00,0.70,1.73,99,-1,0,3,2.6,0.02,0.275,0.286,-0.02,0,26,0,182.7,0.8,16.9,87.3,0.00,0,-4.3,4.8
169.95,align,350.21,-0.21,0.278,1,1881.4,365.2,11.1,0.3,0.62,1.69,87,87,-1,-4.9,-4.6,3.4,-1.0,-0.04,0.00,0.00,0.00,0.00,0.00,0.52,1.72,99,-1,0,3,2.9,0.00,0.278,0.297,-0.09,0,26,0,181.7,359.1,333.0,88.3,0.00,0,-3.8,5.2
170.15,align,350.19,-0.19,0.284,1,1881.5,365.6,11.0,0.0,0.44,1.55,87,87,-1,-5.1,-4.6,2.7,-1.6,-0.01,-0.00,0.00,0.00,0.00,0.00,0.44,1.64,99,-1,0,3,3.2,-0.00,0.284,0.290,-0.20,0,26,0,181.7,359.1,333.0,88.3,0.00,0,-3.9,1.6
170.35,align,350.15,-0.15,0.288,1,1881.6,365.9,10.9,-0.3,0.35,1.42,87,89,-1,-5.3,-4.4,1.8,-1.8,0.02,-0.02,0.00,0.00,0.00,0.00,0.37,1.50,99,-1,0,3,3.2,-0.01,0.288,0.300,-0.24,0,26,0,180.4,358.3,282.9,89.6,0.00,0,-4.5,0.1
170.55,align,350.12,-0.12,0.282,1,1881.7,366.2,10.8,-0.6,0.26,1.30,88,89,-1,-5.5,-4.2,0.9,-1.7,0.02,-0.02,0.00,0.00,0.00,0.00,0.29,1.36,99,-1,0,2,3.2,-0.02,0.282,0.301,-0.10,0,26,0,180.4,358.3,282.9,89.6,0.00,0,-4.7,-0.4
170.75,align,350.12,-0.12,0.277,1,1881.7,366.3,10.8,-0.8,0.26,1.25,88,90,-1,-5.7,-4.1,0.0,-1.7,0.02,-0.03,0.00,0.00,0.00,0.00,0.22,1.26,99,-1,0,2,3.2,-0.03,0.277,0.296,0.00,0,26,0,179.1,358.3,240.3,90.9,0.00,0,-4.6,-0.2
170.95,align,350.12,-0.12,0.277,1,1881.8,366.6,10.7,-1.1,0.26,1.16,89,90,-1,-5.6,-4.1,-0.7,-1.8,0.00,-0.02,0.00,0.00,0.00,0.00,0.24,1.17,99,-1,0,1,3.0,-0.03,0.277,0.285,-0.01,0,26,0,179.1,358.3,240.3,90.9,0.00,0,-3.5,0.9
171.15,align,350.12,-0.12,0.276,1,1881.9,366.9,10.7,-1.3,0.35,1.02,89,91,-1,-5.3,-4.0,-1.1,-2.2,-0.01,-0.00,0.00,0.00,0.00,0.00,0.34,1.07,99,-1,0,1,1.9,-0.03,0.276,0.283,-0.00,0,26,0,178.0,357.9,226.1,92.0,0.00,0,-1.9,1.8
171.35,align,350.15,-0.15,0.269,1,1881.9,367.0,10.6,-1.5,0.44,0.96,90,91,-1,-5.0,-3.9,-1.5,-2.5,-0.02,-0.01,0.00,0.00,0.00,0.00,0.43,0.96,99,-1,0,0,1.7,-0.03,0.269,0.280,0.13,0,26,0,178.0,357.9,226.1,92.0,0.00,0,-1.8,1.8
171.55,align,350.18,-0.18,0.267,1,1882.1,367.3,10.5,-1.7,0.53,0.80,90,92,-1,-4.9,-3.7,-1.7,-2.7,-0.00,-0.00,0.00,0.00,0.00,0.00,0.44,0.84,99,-1,0,-0,1.4,-0.04,0.267,0.270,0.13,0,26,0,177.3,357.4,224.3,92.7,0.00,0,-1.4,-0.3
171.75,align,350.18,-0.18,0.273,1,1882.1,367.3,10.4,-1.8,0.53,0.74,91,92,-1,-4.6,-3.5,-2.0,-2.6,0.02,-0.01,0.00,0.00,0.00,0.00,0.54,0.73,99,-1,0,-1,1.3,-0.04,0.273,0.286,-0.01,0,26,0,177.3,357.4,224.3,92.7,0.00,0,-1.3,-1.1
171.95,align,350.17,-0.17,0.276,1,1882.2,367.5,10.3,-2.0,0.62,0.64,91,92,-1,-4.2,-3.3,-2.1,-2.4,0.01,-0.00,0.00,0.00,0.00,0.00,0.63,0.63,99,-1,0,-1,1.3,-0.05,0.276,0.279,-0.05,0,26,0,176.7,357.7,215.3,93.3,0.00,0,-0.6,-0.4
172.15,align,350.14,-0.14,0.282,1,1882.4,367.6,10.1,-2.1,0.70,0.56,91,92,-1,-3.9,-3.2,-2.3,-2.8,-0.03,-0.01,0.00,0.00,0.00,0.00,0.72,0.54,99,-1,0,-1,0.8,-0.05,0.282,0.299,-0.16,0,26,0,176.7,357.7,215.3,93.3,0.00,0,-0.9,2.0
172.35,align,350.14,-0.14,0.277,1,1882.6,367.7,10.0,-2.2,0.79,0.38,92,93,-1,-3.5,-2.9,-2.5,-3.2,-0.03,-0.02,0.00,0.00,0.00,0.00,0.80,0.43,99,-1,0,-2,-0.2,-0.04,0.277,0.296,-0.06,0,26,0,176.5,357.0,220.4,93.5,0.00,0,-0.4,0.9
172.55,align,350.12,-0.12,0.278,1,1882.7,367.7,9.8,-2.2,0.88,0.30,92,93,-1,-3.2,-2.5,-2.5,-3.2,-0.01,-0.01,0.00,0.00,0.00,0.00,0.89,0.27,99,-1,0,-2,-1.1,-0.02,0.278,0.285,-0.08,0,26,0,176.5,357.0,220.4,93.5,0.00,0,-0.1,0.2
172.75,align,350.10,-0.10,0.278,1,1882.9,367.8,9.7,-2.3,0.97,0.08,92,92,-1,-2.8,-2.1,-2.4,-3.0,0.01,-0.00,0.00,0.00,0.00,0.00,0.97,0.11,99,-1,0,-2,-1.7,-0.01,0.278,0.283,-0.07,0,26,0,176.9,357.2,222.1,93.1,0.00,0,0.4,-1.5
172.95,align,350.11,-0.11,0.272,1,1883.0,367.8,9.5,-2.3,1.05,0.02,92,92,-1,-2.5,-1.7,-2.4,-2.7,0.01,-0.01,0.00,0.00,0.00,0.00,1.05,-0.02,99,-1,0,-2,-1.8,-0.01,0.272,0.280,0.06,0,26,0,176.9,357.2,222.1,93.1,0.00,0,0.3,-1.6
173.15,align,350.13,-0.13,0.265,1,1883.4,367.8,9.2,-2.3,1.14,-0.12,92,91,-1,-2.1,-1.4,-2.4,-2.4,0.01,-0.01,0.00,0.00,0.00,0.00,1.14,-0.12,99,-1,0,-2,-1.8,-0.00,0.265,0.273,0.16,0,26,0,177.6,357.7,223.1,92.4,0.00,0,0.6,-0.7
173.35,align,350.15,-0.15,0.266,1,1883.5,367.8,9.0,-2.3,1.14,-0.16,92,91,-1,-2.0,-1.1,-2.1,-2.2,-0.01,0.01,0.00,0.00,0.00,0.00,1.14,-0.20,99,-1,0,-2,-1.9,-0.00,0.266,0.273,0.11,0,26,0,177.6,357.7,223.1,92.4,0.00,0,1.3,-0.4
173.55,align,350.13,-0.13,0.279,1,1883.7,367.7,8.8,-2.2,1.23,-0.24,92,91,-1,-1.6,-0.9,-1.7,-2.0,0.01,0.02,0.00,0.00,0.00,0.00,1.22,-0.28,99,-1,0,-2,-1.9,0.00,0.279,0.289,-0.12,0,26,0,178.3,358.0,229.8,91.7,0.00,0,2.3,-1.4
173.75,align,350.09,-0.09,0.282,1,1884.1,367.6,8.5,-2.2,1.32,-0.33,91,91,-1,-1.5,-0.6,-1.4,-1.5,0.02,0.01,0.00,0.00,0.00,0.00,1.22,-0.34,99,-1,0,-1,-1.8,0.01,0.282,0.294,-0.16,0,26,0,178.3,358.0,229.8,91.7,0.00,0,1.2,-2.4
173.95,align,350.08,-0.08,0.275,1,1884.2,367.6,8.3,-2.1,1.32,-0.35,91,90,-1,-1.0,-0.4,-1.2,-1.0,0.03,0.00,0.00,0.00,0.00,0.00,1.31,-0.38,99,-1,0,-1,-1.7,0.01,0.275,0.286,-0.02,0,26,0,179.1,359.0,227.6,90.9,0.00,0,1.1,-2.3
174.15,align,350.08,-0.08,0.271,1,1884.6,367.5,8.0,-2.0,1.32,-0.40,91,90,-1,-0.9,-0.3,-1.0,-0.6,0.02,-0.00,0.00,0.00,0.00,0.00,1.31,-0.40,99,-1,0,-1,-1.7,0.02,0.271,0.279,0.05,0,26,0,179.1,359.0,227.6,90.9,0.00,0,0.7,-0.6
174.35,align,350.07,-0.07,0.278,1,1884.8,367.4,7.7,-1.9,1.32,-0.40,90,89,-1,-0.7,-0.2,-0.9,-0.6,-0.02,-0.00,0.00,0.00,0.00,0.00,1.32,-0.41,99,-1,0,-0,-1.5,0.02,0.278,0.286,-0.08,0,26,0,179.8,359.4,250.7,90.2,0.00,0,0.7,0.3
174.55,align,350.07,-0.07,0.274,1,1885.2,367.3,7.5,-1.9,1.32,-0.44,90,89,-1,-0.6,-0.1,-0.7,-0.8,-0.02,-0.00,0.00,0.00,0.00,0.00,1.32,-0.42,99,-1,0,-0,-1.7,0.03,0.274,0.285,0.01,0,26,0,179.8,359.4,250.7,90.2,0.00,0,0.7,0.8
174.75,align,350.08,-0.08,0.269,1,1885.4,367.2,7.2,-1.8,1.32,-0.46,90,89,-1,-0.4,0.0,-0.6,-0.8,-0.01,-0.01,0.00,0.00,0.00,0.00,1.32,-0.43,99,-1,0,0,-1.5,0.04,0.269,0.279,0.08,0,26,0,180.4,359.2,297.0,89.6,0.00,0,0.4,-1.0
174.95,align,350.07,-0.07,0.276,1,1885.6,367.2,6.9,-1.7,1.32,-0.48,89,89,-1,-0.3,0.2,-0.5,-0.5,0.02,-0.01,0.00,0.00,0.00,0.00,1.32,-0.47,99,-1,0,1,-1.2,0.03,0.276,0.288,-0.05,0,26,0,180.4,359.2,297.0,89.6,0.00,0,0.5,-2.2
175.15,align,350.05,-0.05,0.277,1,1885.8,367.1,6.7,-1.6,1.32,-0.51,89,88,-1,-0.1,0.4,-0.3,-0.1,0.01,0.01,0.00,0.00,0.00,0.00,1.33,-0.49,99,-1,0,1,-0.7,0.03,0.277,0.285,-0.06,0,26,0,180.8,359.9,353.6,89.2,0.00,0,1.3,-1.8
175.35,align,350.05,-0.05,0.273,1,1886.1,367.0,6.4,-1.5,1.32,-0.48,89,88,-1,0.1,0.4,0.0,0.1,0.01,0.01,0.00,0.00,0.00,0.00,1.33,-0.46,99,-1,0,1,-0.1,0.02,0.273,0.277,0.03,0,26,0,180.8,359.9,353.6,89.2,0.00,0,1.4,-1.0
175.55,align,350.08,-0.08,0.265,1,1886.5,366.9,6.2,-1.4,1.32,-0.44,89,88,-1,0.2,0.3,0.3,0.2,0.00,0.00,0.00,0.00,0.00,0.00,1.33,-0.43,99,-1,0,1,0.4,0.02,0.265,0.266,0.16,0,26,0,180.8,0.2,17.3,89.2,0.00,0,0.6,-0.2
175.75,align,350.10,-0.10,0.266,1,1886.7,366.8,5.9,-1.3,1.23,-0.42,89,88,-1,0.1,0.3,0.3,0.2,-0.01,-0.01,0.00,0.00,0.00,0.00,1.24,-0.41,99,-1,0,1,0.0,0.01,0.266,0.274,0.10,0,26,0,180.8,0.2,17.3,89.2,0.00,0,0.0,0.0
175.95,align,350.06,-0.06,0.285,1,1887.0,366.7,5.7,-1.2,1.23,-0.40,88,88,-1,0.3,0.3,0.5,0.3,0.00,0.00,0.00,0.00,0.00,0.00,1.24,-0.38,99,-1,0,2,0.5,0.02,0.285,0.287,-0.24,0,26,0,180.6,0.3,28.1,89.4,0.00,0,1.0,-0.8
176.15,align,350.00,-0.00,0.288,1,1887.1,366.6,5.4,-1.1,1.23,-0.40,88,88,-1,0.4,0.3,0.6,0.5,0.01,-0.00,0.00,0.00,0.00,0.00,1.24,-0.36,99,-1,0,2,0.6,0.02,0.288,0.291,-0.24,0,26,0,180.6,0.3,28.1,89.4,0.00,0,0.9,-0.8
176.35,align,349.97,0.03,0.282,1,1887.3,366.6,5.2,-1.1,1.14,-0.37,88,89,-1,0.3,0.3,0.7,0.6,0.01,-0.00,0.00,0.00,0.00,0.00,1.15,-0.34,99,-1,0,2,0.5,0.02,0.282,0.286,-0.11,0,26,0,180.4,0.6,57.8,89.6,0.00,0,0.6,-0.7
176.55,align,349.97,0.03,0.276,1,1887.5,366.5,5.0,-1.0,1.10,-0.33,89,89,-1,0.3,0.2,0.8,0.7,0.01,-0.01,0.00,0.00,0.00,0.00,1.11,-0.30,99,-1,0,1,0.5,0.02,0.276,0.281,0.03,0,26,0,180.4,0.6,57.8,89.6,0.00,0,0.2,-0.6
176.75,align,350.00,0.00,0.268,1,1887.9,366.4,4.7,-0.9,1.05,-0.29,89,89,-1,0.3,0.1,0.8,0.8,0.01,-0.01,0.00,0.00,0.00,0.00,1.06,-0.27,99,-1,0,1,0.8,0.01,0.268,0.275,0.15,0,26,0,180.2,0.8,77.6,89.8,0.00,0,0.0,-0.4
176.95,align,350.04,-0.04,0.265,1,1888.1,366.4,4.5,-0.9,0.97,-0.24,89,89,-1,0.1,0.1,0.9,0.8,-0.01,0.00,0.00,0.00,0.00,0.00,0.97,-0.24,99,-1,0,1,0.5,0.01,0.265,0.268,0.18,0,26,0,180.2,0.8,77.6,89.8,0.00,0,1.1,0.7
177.15,align,350.06,-0.06,0.270,1,1888.3,366.3,4.3,-0.8,0.88,-0.22,89,89,-1,0.3,-0.0,1.2,0.7,0.00,0.02,0.00,0.00,0.00,0.00,0.97,-0.20,99,-1,0,1,0.4,0.01,0.270,0.278,0.07,0,26,0,180.0,0.7,92.1,90.0,0.00,0,0.9,-0.3
177.35,align,350.04,-0.04,0.278,1,1888.3,366.3,4.2,-0.8,0.88,-0.20,89,89,-1,0.1,-0.1,1.2,0.8,0.01,-0.01,0.00,0.00,0.00,0.00,0.88,-0.18,99,-1,0,1,0.8,0.01,0.278,0.285,-0.09,0,26,0,180.0,0.7,92.1,90.0,0.00,0,-0.3,-0.5
177.55,align,350.03,-0.03,0.277,1,1888.5,366.3,4.0,-0.8,0.79,-0.16,89,89,-1,-0.1,-0.1,1.0,0.8,0.01,-0.02,0.00,0.00,0.00,0.00,0.79,-0.15,99,-1,0,1,0.6,0.01,0.277,0.288,-0.05,0,26,0,179.8,0.8,105.0,90.2,0.00,0,-1.4,-0.2
177.75,align,350.03,-0.03,0.271,1,1888.7,366.2,3.8,-0.7,0.79,-0.11,89,89,-1,0.0,-0.2,0.7,0.8,0.00,-0.02,0.00,0.00,0.00,0.00,0.79,-0.12,99,-1,0,1,0.5,0.01,0.271,0.281,0.05,0,26,0,179.8,0.8,105.0,90.2,0.00,0,-0.5,0.5
177.95,align,350.03,-0.03,0.277,1,1888.9,366.2,3.7,-0.7,0.70,-0.09,89,89,-1,-0.1,-0.3,0.8,0.7,-0.00,0.01,0.00,0.00,0.00,0.00,0.70,-0.10,99,-1,0,1,0.5,0.02,0.277,0.281,-0.06,0,26,0,179.6,0.7,120.4,90.4,0.00,0,1.2,0.6
178.15,align,350.02,-0.02,0.275,1,1889.0,366.2,3.5,-0.7,0.70,-0.07,89,89,-1,-0.1,-0.4,1.0,0.6,-0.00,0.01,0.00,0.00,0.00,0.00,0.70,-0.06,99,-1,0,1,0.5,0.01,0.275,0.281,-0.02,0,26,0,179.6,0.7,120.4,90.4,0.00,0,1.0,0.7
178.35,align,350.04,-0.04,0.268,1,1889.1,366.2,3.4,-0.7,0.62,-0.04,89,90,-1,-0.2,-0.5,1.1,0.4,-0.01,0.01,0.00,0.00,0.00,0.00,0.62,-0.04,99,-1,0,1,0.5,0.01,0.268,0.274,0.11,0,26,0,179.4,0.4,144.2,90.6,0.00,0,0.6,0.7
178.55,align,350.07,-0.07,0.266,1,1889.3,366.2,3.3,-0.7,0.53,-0.02,89,90,-1,-0.2,-0.5,1.0,0.4,0.00,-0.02,0.00,0.00,0.00,0.00,0.62,-0.04,99,-1,0,1,0.4,0.01,0.266,0.273,0.11,0,26,0,179.4,0.4,144.2,90.6,0.00,0,-1.4,0.2
178.75,align,350.04,-0.04,0.283,1,1889.3,366.2,3.2,-0.7,0.53,-0.02,89,90,-1,-0.4,-0.5,0.8,0.3,0.00,-0.01,0.00,0.00,0.00,0.00,0.53,-0.02,99,-1,0,1,0.5,0.00,0.283,0.289,-0.19,0,26,0,179.2,0.3,156.4,90.8,0.00,0,-1.4,0.3
178.95,align,349.99,0.01,0.290,1,1889.5,366.2,3.1,-0.7,0.48,0.00,90,90,-1,-0.3,-0.6,0.8,0.3,0.00,0.01,0.00,0.00,0.00,0.00,0.53,0.00,99,-1,0,0,0.0,-0.00,0.290,0.292,-0.29,0,26,0,179.2,0.3,156.4,90.8,0.00,0,0.0,0.0
179.15,align,349.95,0.05,0.285,1,1889.6,366.2,3.0,-0.7,0.44,0.00,90,90,-1,-0.5,-0.6,0.9,0.2,-0.00,0.00,0.00,0.00,0.00,0.00,0.44,0.00,99,-1,0,0,0.4,-0.01,0.285,0.287,-0.15,0,26,0,179.1,0.2,167.8,90.9,0.00,0,0.0,0.4
179.35,align,349.95,0.05,0.279,1,1889.6,366.2,2.9,-0.7,0.44,0.00,90,90,-1,-0.5,-0.6,0.8,0.1,-0.00,-0.00,0.00,0.00,0.00,0.00,0.44,0.00,99,-1,0,0,0.1,0.00,0.279,0.280,-0.02,0,26,0,179.1,0.2,167.8,90.9,0.00,0,-0.0,0.1
179.55,align,349.97,0.03,0.271,1,1889.7,366.2,2.8,-0.7,0.35,0.02,90,90,-1,-0.7,-0.7,0.8,0.0,-0.00,-0.00,0.00,0.00,0.00,0.00,0.35,0.02,99,-1,0,0,0.4,-0.01,0.271,0.274,0.11,0,26,0,178.9,0.0,179.2,91.1,0.00,0,-0.6,0.5
179.75,align,350.02,-0.02,0.263,1,1889.8,366.2,2.7,-0.7,0.35,0.01,90,90,-1,-0.6,-0.7,0.6,-0.1,-0.01,-0.01,0.00,0.00,0.00,0.00,0.35,0.02,99,-1,0,0,0.3,-0.01,0.263,0.269,0.24,0,26,0,178.9,0.0,179.2,91.1,0.00,0,-0.5,0.3
179.95,align,350.06,-0.06,0.262,1,1889.8,366.2,2.7,-0.7,0.35,0.00,90,90,-1,-0.6,-0.6,0.6,-0.1,0.01,0.00,0.00,0.00,0.00,0.00,0.35,0.00,99,-1,0,0,0.0,0.00,0.262,0.265,0.21,0,26,0,178.8,359.9,184.4,91.2,0.00,0,0.0,0.0
180.15,align,350.03,-0.03,0.283,1,1889.9,366.2,2.6,-0.7,0.26,0.00,90,90,-1,-0.8,-0.6,0.6,0.0,0.01,0.00,0.00,0.00,0.00,0.00,0.26,-0.00,99,-1,0,-0,0.2,-0.00,0.283,0.288,-0.19,0,26,0,178.8,359.9,184.4,91.2,0.00,0,-0.3,-0.1
180.35,align,349.97,0.03,0.292,1,1889.9,366.2,2.6,-0.7,0.26,0.00,90,90,-1,-0.8,-0.6,0.4,-0.0,-0.00,-0.01,0.00,0.00,0.00,0.00,0.26,-0.00,99,-1,0,-0,0.4,-0.01,0.292,0.297,-0.31,0,26,0,178.6,360.0,180.9,91.4,0.00,0,-0.9,0.2
180.55,align,349.93,0.07,0.287,1,1890.0,366.2,2.5,-0.7,0.26,0.00,90,90,-1,-0.8,-0.6,0.2,-0.1,-0.00,-0.02,0.00,0.00,0.00,0.00,0.26,-0.00,99,-1,0,-0,0.3,-0.01,0.287,0.295,-0.17,0,26,0,178.6,360.0,180.9,91.4,0.00,0,-1.0,0.3
180.75,align,349.92,0.08,0.281,1,1890.1,366.2,2.5,-0.7,0.26,0.00,90,91,-1,-0.7,-0.6,-0.1,-0.1,-0.00,-0.02,0.00,0.00,0.00,0.00,0.26,-0.00,99,-1,0,-0,0.3,-0.01,0.281,0.292,-0.04,0,26,0,178.5,359.9,185.2,91.5,0.00,0,-1.3,0.3
180.95,align,349.94,0.06,0.274,1,1890.1,366.2,2.4,-0.7,0.26,0.00,90,91,-1,-0.7,-0.6,-0.4,-0.2,-0.01,-0.03,0.00,0.00,0.00,0.00,0.26,-0.00,99,-1,0,-0,0.3,-0.01,0.274,0.289,0.09,0,26,0,178.5,359.9,185.2,91.5,0.00,0,-1.6,0.3
181.15,align,349.96,0.04,0.273,1,1890.2,366.2,2.4,-0.7,0.26,-0.02,90,91,-1,-0.7,-0.5,-0.6,-0.2,0.00,-0.02,0.00,0.00,0.00,0.00,0.26,-0.02,99,-1,0,-0,0.1,-0.01,0.273,0.280,0.10,0,26,0,178.3,359.8,187.4,91.7,0.00,0,0.2,-0.0
181.35,align,349.95,0.05,0.281,1,1890.2,366.2,2.3,-0.7,0.26,-0.02,90,91,-1,-0.7,-0.5,-0.4,-0.2,0.00,0.02,0.00,0.00,0.00,0.00,0.26,-0.02,99,-1,0,-0,-0.1,-0.01,0.281,0.290,-0.06,0,26,0,178.3,359.8,187.4,91.7,0.00,0,1.5,0.0
181.55,align,349.94,0.06,0.280,1,1890.2,366.2,2.3,-0.7,0.26,-0.02,91,91,-1,-0.6,-0.5,0.1,-0.2,-0.00,0.03,0.00,0.00,0.00,0.00,0.26,-0.02,99,-1,0,-1,-0.5,-0.00,0.280,0.293,-0.02,0,26,0,178.4,359.8,189.0,91.6,0.00,0,2.4,0.1
181.75,align,349.96,0.04,0.274,1,1890.3,366.2,2.2,-0.7,0.26,-0.04,91,91,-1,-0.6,-0.5,0.5,-0.2,0.00,0.03,0.00,0.00,0.00,0.00,0.26,-0.05,99,-1,0,-1,-0.6,0.00,0.274,0.286,0.08,0,26,0,178.4,359.8,189.0,91.6,0.00,0,1.8,-0.1
181.95,align,349.95,0.05,0.280,1,1890.4,366.1,2.1,-0.6,0.26,-0.04,91,90,-1,-0.6,-0.5,0.5,-0.2,0.01,-0.01,0.00,0.00,0.00,0.00,0.26,-0.05,99,-1,0,-1,-0.8,0.01,0.280,0.285,-0.03,0,26,0,178.7,359.8,187.7,91.3,0.00,0,-0.3,-0.4
182.15,align,349.95,0.05,0.278,1,1890.4,366.1,2.1,-0.6,0.26,-0.04,90,90,-1,-0.5,-0.5,0.3,-0.1,0.01,-0.02,0.00,0.00,0.00,0.00,0.26,-0.05,99,-1,0,-0,-0.7,0.00,0.278,0.288,0.01,0,26,0,178.7,359.8,187.7,91.3,0.00,0,-1.5,-0.2
182.35,align,349.98,0.02,0.271,1,1890.5,366.1,2.0,-0.6,0.26,-0.07,90,90,-1,-0.5,-0.5,-0.0,-0.1,0.00,-0.03,0.00,0.00,0.00,0.00,0.26,-0.05,99,-1,0,-0,-0.6,0.01,0.271,0.283,0.14,0,26,0,179.0,359.9,183.9,91.0,0.00,0,-1.3,0.1
182.55,align,350.01,-0.01,0.269,1,1890.5,366.1,2.0,-0.6,0.26,-0.07,90,90,-1,-0.5,-0.4,-0.2,-0.1,-0.01,-0.01,0.00,0.00,0.00,0.00,0.26,-0.07,99,-1,0,-0,-0.4,0.01,0.269,0.277,0.14,0,26,0,179.0,359.9,183.9,91.0,0.00,0,0.2,0.4
182.75,align,350.01,-0.01,0.275,1,1890.6,366.1,1.9,-0.6,0.26,-0.07,90,90,-1,-0.4,-0.4,-0.0,-0.2,-0.00,0.01,0.00,0.00,0.00,0.00,0.26,-0.07,99,-1,0,-0,-0.6,0.01,0.275,0.282,0.01,0,26,0,179.2,359.8,194.8,90.8,0.00,0,1.2,-0.0
182.95,align,350.03,-0.03,0.270,1,1890.6,366.1,1.9,-0.6,0.26,-0.07,90,90,-1,-0.4,-0.4,0.2,-0.2,-0.00,0.01,0.00,0.00,0.00,0.00,0.26,-0.07,99,-1,0,-0,-0.6,0.01,0.270,0.277,0.10,0,26,0,179.2,359.8,194.8,90.8,0.00,0,1.1,0.0
183.15,align,350.06,-0.06,0.265,1,1890.7,366.1,1.8,-0.6,0.18,-0.09,90,90,-1,-0.5,-0.4,0.3,-0.2,-0.00,0.00,0.00,0.00,0.00,0.00,0.22,-0.07,99,-1,0,0,-0.5,0.01,0.265,0.267,0.17,0,26,0,179.4,359.8,203.5,90.6,0.00,0,-0.7,0.1
183.35,align,350.06,-0.06,0.274,1,1890.7,366.0,1.8,-0.6,0.18,-0.09,90,90,-1,-0.6,-0.3,-0.0,-0.2,0.00,-0.03,0.00,0.00,0.00,0.00,0.18,-0.09,99,-1,0,0,-0.6,0.02,0.274,0.288,-0.02,0,26,0,179.4,359.8,203.5,90.6,0.00,0,-1.8,-0.3
183.55,align,350.02,-0.02,0.286,1,1890.8,366.0,1.8,-0.5,0.18,-0.09,90,89,-1,-0.6,-0.3,-0.2,-0.2,0.00,-0.01,0.00,0.00,0.00,0.00,0.18,-0.09,99,-1,0,0,-0.4,0.02,0.286,0.292,-0.22,0,26,0,179.7,359.8,207.3,90.3,0.00,0,-0.1,-0.3
183.75,align,349.98,0.02,0.285,1,1890.8,366.0,1.7,-0.5,0.26,-0.09,90,89,-1,-0.3,-0.3,-0.2,-0.1,0.00,-0.01,0.00,0.00,0.00,0.00,0.26,-0.09,99,-1,0,0,0.4,0.01,0.285,0.289,-0.17,0,26,0,179.7,359.8,207.3,90.3,0.00,0,0.2,-0.4
183.95,align,349.97,0.03,0.279,1,1890.9,366.0,1.7,-0.5,0.26,-0.09,90,89,-1,-0.3,-0.3,-0.2,-0.1,0.00,-0.01,0.00,0.00,0.00,0.00,0.26,-0.09,99,-1,0,0,0.2,0.00,0.279,0.282,-0.04,0,26,0,179.6,359.9,193.6,90.4,0.00,0,0.0,-0.1
184.15,align,349.98,0.02,0.272,1,1890.9,366.0,1.6,-0.5,0.26,-0.09,89,89,-1,-0.3,-0.2,-0.2,-0.1,0.00,-0.01,0.00,0.00,0.00,0.00,0.26,-0.09,99,-1,0,1,0.0,0.01,0.272,0.276,0.09,0,26,0,179.6,359.9,193.6,90.4,0.00,0,0.0,0.0
184.35,align,350.03,-0.03,0.264,1,1890.9,366.0,1.6,-0.5,0.26,-0.11,89,90,-1,-0.2,-0.2,-0.3,-0.1,-0.00,-0.01,0.00,0.00,0.00,0.00,0.26,-0.11,99,-1,0,1,0.8,-0.01,0.264,0.270,0.22,0,26,0,179.5,359.9,187.7,90.5,0.00,0,-0.5,0.0
184.55,align,350.06,-0.06,0.266,1,1891.0,365.9,1.5,-0.4,0.26,-0.11,90,90,-1,-0.2,-0.1,-0.1,-0.1,-0.00,0.01,0.00,0.00,0.00,0.00,0.26,-0.11,99,-1,0,0,0.4,-0.00,0.266,0.272,0.15,0,26,0,179.5,359.9,187.7,90.5,0.00,0,1.4,0.1
184.75,align,350.04,-0.04,0.282,1,1891.1,365.9,1.5,-0.4,0.26,-0.11,90,90,-1,-0.2,-0.1,0.1,-0.1,-0.00,0.01,0.00,0.00,0.00,0.00,0.26,-0.11,99,-1,0,0,0.3,0.00,0.282,0.286,-0.16,0,26,0,179.3,359.9,189.4,90.7,0.00,0,-0.0,-0.0
184.95,descend,350.00,0.00,0.120,1,1891.1,365.9,1.4,-0.4,0.26,-0.11,90,90,-1,-0.1,-0.1,0.0,-0.1,0.00,-0.01,0.00,0.00,0.00,0.00,0.26,-0.11,99,-1,0,0,0.5,-0.00,0.120,0.127,-0.18,0,26,0,179.3,359.9,189.4,90.7,0.00,0,-0.6,-0.4
185.15,descend,349.93,-253.43,0.120,1,1891.2,365.9,1.3,-0.4,0.26,-0.11,90,90,-1,-0.1,-0.1,-0.1,-0.0,0.00,-0.02,0.00,0.00,0.00,0.00,0.26,-0.11,99,-1,0,0,0.2,0.00,0.120,0.129,-0.38,0,26,0,179.1,360.0,180.9,90.9,0.00,0,-0.3,-0.1
185.35,descend,349.58,-253.08,0.120,1,1891.2,365.9,1.3,-0.4,0.26,-0.11,90,90,-1,-0.1,-0.1,-0.3,0.0,0.00,-0.02,0.00,0.00,0.00,0.00,0.26,-0.11,99,-1,0,0,0.5,-0.00,0.120,0.130,-1.97,0,26,0,179.1,360.0,180.9,90.9,0.00,0,-0.8,-0.2
185.55,descend,348.91,-252.41,0.120,1,1891.3,365.8,1.2,-0.3,0.26,-0.11,90,90,-1,-0.0,-0.1,-0.4,0.1,0.00,-0.02,0.00,0.00,0.00,0.00,0.26,-0.11,99,-1,0,0,0.4,-0.00,0.120,0.131,-3.54,0,26,0,178.9,0.1,175.6,91.1,0.00,0,-0.8,-0.2
185.75,descend,347.93,-251.43,0.120,1,1891.3,365.8,1.2,-0.3,0.26,-0.09,90,90,-1,-0.0,-0.1,-0.6,0.1,0.00,-0.03,0.00,0.00,0.00,0.00,0.26,-0.09,99,-1,0,0,0.4,-0.01,0.120,0.132,-5.08,0,26,0,178.9,0.1,175.6,91.1,0.00,0,-0.8,-0.2
185.95,descend,346.65,-250.15,0.120,1,1891.4,365.8,1.1,-0.3,0.26,-0.09,90,90,-1,0.0,-0.1,-0.8,0.2,0.00,-0.03,0.00,0.00,0.00,0.00,0.26,-0.09,99,-1,0,0,0.5,-0.01,0.120,0.134,-6.59,0,26,0,178.7,0.2,172.5,91.3,0.00,0,-1.1,-0.2
186.15,descend,345.07,-248.57,0.120,1,1891.4,365.8,1.1,-0.3,0.26,-0.09,90,90,-1,0.1,-0.1,-1.0,0.1,-0.00,-0.03,0.00,0.00,0.00,0.00,0.26,-0.09,99,-1,0,-0,0.5,-0.01,0.120,0.132,-8.05,0,26,0,178.7,0.2,172.5,91.3,0.00,0,-0.3,0.7
186.35,descend,343.23,-246.73,0.120,1,1891.5,365.8,1.0,-0.3,0.26,-0.09,90,90,-1,0.1,-0.1,-1.0,-0.0,-0.02,-0.02,0.00,0.00,0.00,0.00,0.26,-0.09,99,-1,0,-0,0.3,-0.01,0.120,0.133,-9.39,0,26,0,178.5,360.0,180.4,91.5,0.00,0,0.1,0.9
186.55,descend,341.10,-244.60,0.120,1,1891.5,365.7,1.0,-0.2,0.26,-0.09,90,90,-1,0.1,-0.1,-0.9,-0.2,-0.02,-0.02,0.00,0.00,0.00,0.00,0.26,-0.09,99,-1,0,-0,0.2,-0.01,0.120,0.135,-10.83,0,26,0,178.5,360.0,180.4,91.5,0.00,0,0.2,0.6
186.75,descend,338.71,-242.21,0.120,1,1891.6,365.7,0.9,-0.2,0.26,-0.09,90,91,-1,0.1,-0.1,-0.8,-0.3,-0.01,-0.00,0.00,0.00,0.00,0.00,0.26,-0.09,99,-1,0,-0,0.1,-0.01,0.120,0.124,-12.14,0,26,0,178.4,359.7,190.5,91.6,0.00,0,0.4,0.1
186.95,descend,336.05,-239.55,0.120,1,1891.6,365.7,0.9,-0.2,0.26,-0.09,90,91,-1,0.2,-0.1,-0.6,-0.3,-0.00,-0.00,0.00,0.00,0.00,0.00,0.26,-0.09,99,-1,0,-0,0.2,-0.01,0.120,0.121,-13.48,0,26,0,178.4,359.7,190.5,91.6,0.00,0,1.0,-0.1
187.15,descend,333.11,-236.61,0.120,1,1891.7,365.7,0.8,-0.2,0.26,-0.09,90,91,-1,0.2,-0.1,-0.4,-0.3,-0.00,-0.00,0.00,0.00,0.00,0.00,0.26,-0.09,99,-1,0,-0,0.2,-0.02,0.120,0.121,-14.84,0,26,0,178.3,359.7,188.9,91.7,0.00,0,0.7,-0.1
187.35,descend,329.91,-233.41,0.120,1,1891.7,365.7,0.8,-0.2,0.26,-0.09,91,91,-1,0.2,-0.0,-0.2,-0.3,-0.00,-0.00,0.00,0.00,0.00,0.00,0.26,-0.09,99,-1,0,-1,0.3,-0.02,0.120,0.121,-16.18,0,26,0,178.3,359.7,188.9,91.7,0.00,0,1.0,-0.1
187.55,descend,326.44,-229.94,0.120,1,1891.8,365.6,0.7,-0.2,0.26,-0.09,91,91,-1,0.3,-0.0,-0.0,-0.3,-0.00,-0.00,0.00,0.00,0.00,0.00,0.26,-0.09,99,-1,0,-1,0.1,-0.02,0.120,0.122,-17.49,0,26,0,178.2,359.7,188.1,91.8,0.00,0,0.2,-0.0
187.75,descend,322.72,-226.22,0.120,1,1891.8,365.6,0.7,-0.1,0.26,-0.09,91,91,-1,0.3,-0.0,0.1,-0.3,-0.00,-0.00,0.00,0.00,0.00,0.00,0.26,-0.09,99,-1,0,-1,0.0,-0.01,0.120,0.122,-18.78,0,26,0,178.2,359.7,188.1,91.8,0.00,0,0.0,0.0
187.95,descend,318.74,-222.24,0.120,1,1891.9,365.6,0.6,-0.1,0.26,-0.09,91,91,-1,0.3,-0.0,0.2,-0.3,-0.00,-0.00,0.00,0.00,0.00,0.00,0.26,-0.09,99,-1,0,-1,0.0,-0.01,0.120,0.122,-20.05,0,26,0,178.1,359.7,187.8,91.9,0.00,0,0.0,0.0
188.15,descend,314.51,-218.01,0.120,1,1892.0,365.6,0.6,-0.1,0.26,-0.09,91,91,-1,0.4,0.0,0.4,-0.3,-0.01,-0.00,0.00,0.00,0.00,0.00,0.26,-0.09,99,-1,0,-1,0.4,-0.02,0.120,0.123,-21.29,0,26,0,178.1,359.7,187.8,91.9,0.00,0,0.9,0.1
188.35,descend,310.04,-213.54,0.120,1,1892.0,365.6,0.5,-0.1,0.26,-0.09,91,91,-1,0.4,0.0,0.4,-0.3,-0.01,-0.00,0.00,0.00,0.00,0.00,0.26,-0.09,99,-1,0,-1,0.2,-0.02,0.120,0.123,-22.50,0,26,0,178.0,359.7,188.1,92.0,0.00,0,0.4,0.1
188.55,descend,305.34,-208.84,0.120,1,1892.0,365.6,0.5,-0.1,0.26,-0.09,91,91,-1,0.4,0.0,0.5,-0.3,-0.01,-0.00,0.00,0.00,0.00,0.00,0.26,-0.09,99,-1,0,-1,0.0,-0.02,0.120,0.124,-23.68,0,26,0,178.0,359.7,188.1,92.0,0.00,0,0.0,0.0
188.75,descend,300.40,-203.90,0.120,1,1892.1,365.5,0.4,-0.0,0.26,-0.09,91,91,-1,0.5,0.0,0.6,-0.3,-0.01,-0.00,0.00,0.00,0.00,0.00,0.26,-0.09,99,-1,0,-1,0.0,-0.02,0.120,0.124,-24.84,0,26,0,178.0,359.7,188.8,92.0,0.00,0,0.0,0.0
188.95,descend,295.23,-198.73,0.120,1,1892.2,365.5,0.3,-0.0,0.18,-0.09,91,91,-1,0.5,0.1,0.6,-0.3,-0.01,-0.00,0.00,0.00,0.00,0.00,0.26,-0.09,99,-1,0,-1,0.4,-0.02,0.120,0.125,-25.97,0,26,0,178.0,359.7,188.8,92.0,0.00,0,0.4,0.3
189.15,descend,289.85,-193.35,0.120,1,1892.2,365.5,0.3,-0.0,0.18,-0.09,91,91,-1,0.3,0.1,0.7,-0.3,-0.01,-0.00,0.00,0.00,0.00,0.00,0.17,-0.09,99,-1,0,-1,0.0,-0.02,0.120,0.125,-27.07,0,26,0,177.9,359.6,190.0,92.1,0.00,0,0.0,0.0
189.35,descend,284.24,-187.74,0.120,1,1892.2,365.5,0.3,0.0,0.18,-0.09,91,91,-1,0.3,0.1,0.7,-0.4,-0.01,-0.00,0.00,0.00,0.00,0.00,0.17,-0.09,99,-1,0,-1,0.0,-0.03,0.120,0.126,-28.15,0,26,0,177.9,359.6,190.0,92.1,0.00,0,0.0,0.0
189.55,descend,278.43,-181.93,0.120,1,1892.3,365.5,0.2,0.0,0.18,-0.09,91,91,-1,0.3,0.1,0.7,-0.4,-0.01,-0.01,0.00,0.00,0.00,0.00,0.17,-0.09,99,-1,0,-1,0.0,-0.02,0.120,0.127,-29.21,0,26,0,177.8,359.6,191.6,92.2,0.00,0,0.0,0.0
189.75,descend,272.41,-175.91,0.120,1,1892.3,365.5,0.2,0.0,0.18,-0.07,91,91,-1,0.3,0.1,0.7,-0.5,-0.01,-0.01,0.00,0.00,0.00,0.00,0.17,-0.09,99,-1,0,-1,0.0,-0.02,0.120,0.128,-30.24,0,26,0,177.8,359.6,191.6,92.2,0.00,0,0.0,0.0
189.95,descend,266.18,-169.68,0.120,1,1892.3,365.4,0.2,0.1,0.18,-0.07,91,91,-1,0.4,0.0,0.6,-0.5,-0.01,-0.01,0.00,0.00,0.00,0.00,0.17,-0.07,99,-1,0,-1,0.1,-0.02,0.120,0.128,-31.26,0,26,0,177.8,359.5,193.6,92.2,0.00,0,-0.2,0.3
190.15,descend,259.76,-163.26,0.120,1,1892.4,365.4,0.1,0.1,0.18,-0.07,91,91,-1,0.4,0.0,0.6,-0.6,-0.01,-0.01,0.00,0.00,0.00,0.00,0.17,-0.07,99,-1,0,-1,0.1,-0.03,0.120,0.129,-32.25,0,26,0,177.8,359.5,193.6,92.2,0.00,0,-0.4,0.4
190.35,descend,253.14,-156.64,0.120,1,1892.4,365.4,0.1,0.1,0.18,-0.07,91,91,-1,0.4,0.1,0.5,-0.6,-0.01,-0.01,0.00,0.00,0.00,0.00,0.17,-0.07,99,-1,0,-1,0.0,-0.02,0.120,0.131,-33.22,0,26,0,177.8,359.4,195.9,92.2,0.00,0,0.0,0.0
190.55,descend,246.33,-149.83,0.120,1,1892.5,365.4,0.1,0.1,0.18,-0.07,91,91,-1,0.4,0.1,0.4,-0.7,-0.02,-0.01,0.00,0.00,0.00,0.00,0.17,-0.07,99,-1,0,-1,0.0,-0.02,0.120,0.132,-34.17,0,26,0,177.8,359.4,195.9,92.2,0.00,0,0.0,0.0
190.75,descend,239.33,-142.83,0.120,1,1892.5,365.4,0.0,0.1,0.18,-0.04,91,91,-1,0.4,0.1,0.4,-0.7,-0.02,-0.02,0.00,0.00,0.00,0.00,0.17,-0.07,99,-1,0,-1,0.0,-0.02,0.120,0.133,-35.10,0,26,0,177.7,359.2,198.6,92.3,0.00,0,-0.4,0.3
190.95,descend,232.15,-135.65,0.120,1,1892.5,365.4,-0.0,0.1,0.18,-0.04,91,91,-1,0.5,0.0,0.3,-0.8,-0.02,-0.02,0.00,0.00,0.00,0.00,0.17,-0.05,99,-1,0,-1,0.1,-0.03,0.120,0.134,-36.01,0,26,0,177.7,359.2,198.6,92.3,0.00,0,-0.6,0.3
191.15,descend,224.81,-128.31,0.120,1,1892.6,365.4,-0.0,0.1,0.18,-0.04,91,91,-1,0.5,0.0,0.3,-0.8,-0.00,-0.01,0.00,0.00,0.00,0.00,0.17,-0.05,99,-1,0,-1,0.0,-0.02,0.120,0.124,-36.80,0,26,0,177.7,359.2,198.9,92.3,0.00,0,0.4,-0.6
191.35,descend,217.30,-120.80,0.120,1,1892.6,365.4,-0.1,0.1,0.18,-0.04,91,91,-1,0.5,0.0,0.4,-0.6,-0.00,-0.00,0.00,0.00,0.00,0.00,0.17,-0.05,99,-1,0,-1,0.0,-0.03,0.120,0.122,-37.63,0,26,0,177.7,359.2,198.9,92.3,0.00,0,0.5,-0.7
191.55,descend,209.62,-113.12,0.120,1,1892.6,365.4,-0.1,0.1,0.18,-0.02,91,91,-1,0.5,-0.0,0.4,-0.5,0.00,-0.00,0.00,0.00,0.00,0.00,0.18,-0.03,99,-1,0,-1,0.0,-0.03,0.120,0.122,-38.49,0,26,0,177.7,359.5,192.8,92.3,0.00,0,0.0,0.0
191.75,descend,201.78,-105.28,0.120,1,1892.7,365.4,-0.1,0.1,0.18,-0.02,91,91,-1,0.6,-0.0,0.5,-0.4,0.00,-0.01,0.00,0.00,0.00,0.00,0.18,-0.03,99,-1,0,-1,-0.0,-0.03,0.120,0.123,-39.32,0,26,0,177.7,359.5,192.8,92.3,0.00,0,0.1,-0.3
191.95,descend,193.77,-97.27,0.120,1,1892.7,365.4,-0.2,0.1,0.18,-0.02,91,91,-1,0.6,-0.0,0.5,-0.3,0.00,-0.01,0.00,0.00,0.00,0.00,0.18,-0.03,99,-1,0,-1,-0.0,-0.03,0.120,0.123,-40.14,0,26,0,177.7,359.7,187.2,92.3,0.00,0,0.2,-0.6
192.15,descend,185.60,-89.10,0.200,1,1892.7,365.3,-0.2,0.2,0.18,-0.02,91,91,-1,0.6,-0.0,0.6,-0.2,0.00,-0.01,0.00,0.00,0.00,0.00,0.18,-0.03,99,-1,0,-1,-0.0,-0.03,0.200,0.204,-40.93,0,26,0,177.7,359.7,187.2,92.3,0.00,0,0.1,-0.4
192.35,descend,177.33,-80.83,0.329,1,1892.7,365.3,-0.2,0.2,0.09,-0.02,91,91,-1,0.4,-0.0,0.8,-0.1,0.00,0.02,0.00,0.00,0.00,0.00,0.09,-0.02,99,-1,0,-1,-0.0,-0.03,0.329,0.339,-41.40,0,26,0,177.7,359.9,182.7,92.3,0.00,0,1.6,-0.5
192.55,descend,169.16,-72.66,0.412,1,1892.8,365.3,-0.3,0.2,0.09,-0.02,91,91,-1,0.4,-0.0,1.1,-0.1,-0.01,0.01,0.00,0.00,0.00,0.00,0.09,-0.02,99,-1,0,-1,0.0,-0.03,0.412,0.419,-40.72,0,26,0,177.7,359.9,182.7,92.3,0.00,0,0.9,0.2
192.75,descend,161.28,-64.78,0.457,1,1892.8,365.3,-0.3,0.2,0.09,-0.02,91,91,-1,0.4,-0.0,1.1,-0.2,-0.01,-0.00,0.00,0.00,0.00,0.00,0.09,-0.02,99,-1,0,-1,0.0,-0.03,0.457,0.463,-39.17,0,26,0,177.7,359.8,184.8,92.3,0.00,0,-0.3,0.8
192.95,descend,153.82,-57.32,0.477,1,1892.8,365.3,-0.3,0.2,0.00,-0.02,91,91,-1,0.1,-0.0,1.0,-0.2,-0.01,-0.01,0.00,0.00,0.00,0.00,-0.00,-0.02,99,-1,0,-1,-0.0,-0.03,0.477,0.486,-37.09,0,26,0,177.7,359.8,184.8,92.3,0.00,0,-1.0,0.1
193.15,descend,146.80,-50.30,0.486,1,1892.8,365.3,-0.3,0.2,0.00,-0.04,91,91,-1,0.1,0.1,0.8,-0.2,0.00,-0.02,0.00,0.00,0.00,0.00,-0.00,-0.04,99,-1,0,-1,-0.0,-0.02,0.486,0.494,-34.79,0,26,0,177.7,359.8,184.7,92.3,0.00,0,-1.2,-0.5
193.35,descend,140.29,-43.79,0.480,1,1892.8,365.3,-0.3,0.2,-0.09,-0.04,91,91,-1,-0.1,0.1,0.5,-0.1,0.00,-0.02,0.00,0.00,0.00,0.00,-0.09,-0.04,99,-1,0,-1,-0.0,-0.02,0.480,0.490,-32.22,0,26,0,177.7,359.8,184.7,92.3,0.00,0,-1.4,-0.4
193.55,descend,134.29,-37.79,0.473,1,1892.8,365.3,-0.3,0.2,-0.09,-0.04,91,91,-1,-0.1,0.1,0.2,-0.0,-0.00,-0.03,0.00,0.00,0.00,0.00,-0.09,-0.04,99,-1,0,-1,-0.0,-0.02,0.473,0.488,-29.69,0,26,0,177.7,360.0,180.4,92.3,0.00,0,-2.0,-0.3
193.75,descend,128.75,-32.25,0.479,1,1892.7,365.3,-0.2,0.2,-0.09,-0.04,91,91,-1,-0.2,0.1,0.0,0.0,-0.00,-0.01,0.00,0.00,0.00,0.00,-0.09,-0.04,99,-1,0,-1,0.0,-0.03,0.479,0.482,-27.41,0,26,0,177.7,360.0,180.4,92.3,0.00,0,0.0,0.0
193.95,descend,123.65,-27.15,0.489,1,1892.7,365.3,-0.2,0.2,0.00,-0.04,91,91,-1,0.1,0.1,0.4,0.0,-0.01,0.03,0.00,0.00,0.00,0.00,-0.00,-0.04,99,-1,0,-1,-1.6,0.01,0.489,0.502,-25.22,0,26,0,178.1,0.0,179.7,91.9,0.00,0,2.3,-0.0
194.15,descend,119.02,-22.52,0.488,1,1892.7,365.3,-0.2,0.2,0.00,-0.04,91,91,-1,0.1,0.1,0.9,-0.0,-0.01,0.03,0.00,0.00,0.00,0.00,-0.00,-0.04,99,-1,0,-1,-2.0,0.02,0.488,0.505,-22.83,0,26,0,178.1,0.0,179.7,91.9,0.00,0,2.3,0.1
194.35,descend,114.87,-18.37,0.489,1,1892.7,365.3,-0.2,0.2,-0.09,-0.04,91,90,-1,-0.2,0.1,1.2,-0.1,-0.01,0.03,0.00,0.00,0.00,0.00,-0.09,-0.04,99,-1,0,-1,-0.9,0.01,0.489,0.504,-20.50,0,26,0,178.8,359.9,184.0,91.2,0.00,0,0.8,0.3
194.75,descend,107.92,-11.42,0.499,1,1892.6,365.2,-0.2,0.2,-0.26,-0.04,91,90,-1,-0.7,0.1,1.0,-0.2,-0.02,-0.01,0.00,0.00,0.00,0.00,-0.26,-0.04,99,-1,0,-1,0.6,-0.02,0.499,0.509,-15.97,0,26,0,178.8,359.7,192.1,91.2,0.00,0,-1.5,0.6
195.15,descend,102.74,-6.24,0.526,1,1892.5,365.2,-0.0,0.3,-0.35,-0.09,90,90,-1,-1.1,0.2,0.2,-0.5,-0.02,-0.03,0.00,0.00,0.00,0.00,-0.35,-0.09,99,-1,0,-0,0.6,-0.02,0.526,0.548,-11.62,0,26,0,178.5,359.5,199.4,91.5,0.00,0,-2.4,0.6
195.55,descend,99.38,-2.88,0.382,1,1892.4,365.2,0.1,0.3,-0.26,-0.13,90,91,-1,-0.9,0.4,-0.4,-0.5,-0.01,-0.00,0.00,0.00,0.00,0.00,-0.26,-0.13,99,-1,0,-0,0.0,-0.01,0.382,0.389,-6.74,0,26,0,178.5,359.5,197.9,91.5,0.00,0,0.0,0.0
195.95,descend,98.05,-1.55,0.274,1,1892.4,365.1,0.1,0.4,0.00,-0.09,90,90,-1,-0.4,0.3,-0.0,-1.1,-0.05,0.02,0.00,0.00,0.00,0.00,-0.09,-0.09,99,-1,0,-0,-1.2,0.01,0.274,0.303,-2.46,0,26,0,178.9,358.9,225.9,91.1,0.00,0,1.8,2.6
196.35,descend,97.34,-0.84,0.234,1,1892.4,365.1,0.1,0.4,0.00,-0.01,90,89,-1,-0.1,0.2,0.8,-2.3,-0.08,0.03,0.00,0.00,0.00,0.00,-0.00,-0.04,99,-1,0,-0,-1.9,0.03,0.234,0.280,-1.70,0,26,0,179.5,357.7,258.7,90.5,0.00,0,1.7,3.8
196.65,capture,96.94,-0.44,0.324,1,1892.4,365.1,0.1,0.4,0.09,0.07,90,89,-1,0.1,-0.1,1.1,-3.3,-0.07,0.01,0.00,0.00,0.00,0.00,0.09,0.07,99,-1,0,0,-1.5,0.03,0.324,0.359,-1.69,0,26,0,179.5,357.7,258.7,90.5,0.00,0,1.2,4.7
196.75,capture,96.90,-0.40,0.249,1,1892.3,365.4,0.2,0.1,0.12,0.16,90,89,-1,0.2,-0.6,0.9,-2.7,0.06,-0.03,0.00,0.00,0.00,0.00,0.12,0.16,99,-1,0,0,-0.0,0.01,0.249,0.284,-0.16,0,26,0,180.0,357.3,269.9,90.0,0.00,0,-1.0,-3.0
197.15,capture,96.50,-0.00,0.258,1,1892.5,365.5,-0.0,0.0,0.00,0.00,89,89,-1,-0.0,-0.2,0.0,-0.0,-0.01,-0.01,0.00,0.00,0.00,0.00,0.00,0.00,99,-1,0,1,0.0,0.01,0.258,0.262,0.00,0,26,0,180.0,0.0,180.0,90.0,0.00,0,-0.0,-0.0
197.55,capture,96.50,-0.00,0.258,1,1892.5,365.5,-0.0,0.0,0.00,0.00,89,89,-1,-0.0,-0.2,-0.0,-0.0,-0.01,-0.01,0.00,0.00,0.00,0.00,0.00,0.00,99,-1,0,1,0.0,0.02,0.258,0.262,0.00,0,26,0,180.0,0.0,180.0,90.0,0.00,0,-0.0,-0.0
197.95,capture,96.50,-0.00,0.258,1,1892.5,365.5,-0.0,0.0,0.00,0.00,89,89,-1,-0.0,-0.2,-0.0,-0.0,-0.01,-0.01,0.00,0.00,0.00,0.00,0.00,0.00,99,-1,0,1,0.0,0.02,0.258,0.262,0.00,0,26,0,180.0,0.0,180.0,90.0,0.00,0,-0.0,-0.0
198.05,docked,96.50,-0.00,0.000,1,1892.5,365.5,-0.0,0.0,0.00,0.00,89,89,-1,-0.0,-0.2,-0.0,-0.0,-0.01,-0.01,0.00,0.00,0.00,0.00,0.00,0.00,99,-1,1,0,0.0,0.00,0.000,0.000,0.00,0,26,0,180.0,0.0,180.0,90.0,0.00,0,-0.0,-0.0
198.05,end:ok:control [lean 58 body 30 braketurn 0.55],0,0,0,0,0,0,0,0,0,0,0,0,0,0,0,0,0,0,0,0,0,0,0,0,0,0,0,0,0,0,0,0,0,0,0,0,0,0,0,0,0,0,0,0,0
