t,phase,height,err,pwr,gps,x,z,ex,ez,vxw,vzw,hdg,rawhdg,mothdg,tp,tr,p,r,vx,vy,sched,fwdRaw,latRaw,vrtRaw,fwdH,latH,energy,fuel,sat,yerr,yrate,ydem,athr,amax,vv,dockc,npers,chg,nav1,nav3,nav2,trihdg,trires,aimq,wx,wz
0.00,climb,77.50,272.50,0.378,1,2399.1,-3269.1,-506.6,3634.6,0.00,0.00,232,232,-1,0.0,0.0,0.0,0.0,0.00,0.00,0.00,0.00,0.00,0.00,0.00,0.00,-1,-1,0,-2,-0.0,-0.01,0.378,0.378,0.00,0,0,0,36.9,180.0,180.0,233.1,0.00,0,0.0,-0.0
0.75,climb,77.50,272.50,1.000,1,2399.1,-3269.1,-506.6,3634.6,0.00,0.00,232,232,-1,0.0,0.0,0.0,-0.0,-0.00,0.00,0.00,0.00,0.00,0.00,0.00,0.00,-1,-1,1,-24,-0.3,-0.12,1.000,1.000,-0.00,0,0,0,36.9,180.0,180.0,233.1,0.00,0,-0.6,0.3
0.85,climb,77.50,272.50,1.000,1,2399.1,-3269.1,-506.6,3634.6,0.00,0.00,232,232,-1,0.0,0.0,-0.0,-0.0,-0.00,-0.00,0.00,0.00,0.00,0.00,0.00,0.00,-1,-1,1,-27,-0.3,-0.13,1.000,1.000,0.00,0,0,0,36.9,180.0,180.0,233.1,0.00,0,2.3,-2.5
0.95,climb,77.55,272.45,1.000,1,2399.1,-3269.1,-506.6,3634.6,0.00,0.00,232,232,-1,0.0,0.0,0.4,0.4,0.06,0.06,0.00,0.00,0.00,0.00,0.00,0.00,-1,-1,1,-30,-0.3,-0.15,1.000,1.000,0.39,0,0,0,36.9,180.0,180.0,233.1,0.00,0,2.3,-2.5
1.05,climb,77.72,272.28,1.000,1,2399.1,-3269.1,-506.6,3634.6,0.00,0.00,232,232,-1,0.0,0.0,1.2,1.4,0.16,0.14,0.00,0.00,0.00,0.00,0.00,0.00,-1,-1,1,-33,-2.0,-0.14,1.000,1.000,1.44,0,0,0,37.2,182.3,183.0,232.8,0.00,0,7.4,-8.5
1.15,climb,78.06,271.94,1.000,1,2399.1,-3269.1,-506.6,3634.6,0.00,-0.09,232,232,-1,0.0,0.0,2.3,2.6,0.22,0.19,0.00,0.00,0.00,0.00,-0.05,0.07,-1,-1,1,-36,-5.1,-0.12,1.000,1.000,3.12,0,0,0,37.2,182.3,183.0,232.8,0.00,0,10.5,-12.5
1.25,climb,78.65,271.35,1.000,1,2399.1,-3269.2,-506.6,3634.6,0.09,-0.97,232,232,-1,0.0,0.0,3.3,3.8,0.22,0.19,0.00,0.00,0.00,0.00,-0.22,0.28,-1,-1,1,-39,-14.0,-0.08,1.000,1.000,5.44,0,0,0,37.2,182.3,183.0,232.8,0.00,0,6.4,-8.6
1.35,climb,79.55,270.45,1.000,1,2399.1,-3269.2,-506.6,3634.7,0.09,-0.97,232,232,-1,0.0,0.0,3.9,4.4,0.13,0.13,0.00,0.00,0.00,0.00,-0.66,0.71,-1,-1,1,-42,-14.0,-0.04,1.000,1.000,8.34,0,0,0,37.2,182.3,183.0,232.8,0.00,0,6.4,-8.6
1.45,climb,80.77,269.23,1.000,1,2399.1,-3269.3,-506.6,3634.8,0.00,-1.85,231,227,-1,0.0,0.0,3.8,4.0,-0.02,0.02,0.00,0.00,0.00,0.00,-1.16,1.44,93,-1,1,-44,-18.1,-0.00,1.000,1.000,11.42,0,26,0,42.3,187.4,188.2,227.9,0.00,0,-0.5,0.2
1.55,climb,82.32,267.68,1.000,1,2399.1,-3269.6,-506.6,3635.1,0.00,-2.72,231,227,-1,0.0,0.0,2.9,2.5,-0.19,-0.11,0.00,0.00,0.00,0.00,-1.73,2.10,93,-1,1,-46,-21.0,0.02,1.000,1.000,14.46,0,26,0,42.3,187.4,188.2,227.9,0.00,0,-8.5,10.6
1.65,climb,84.19,265.81,1.000,1,2399.1,-3270.3,-506.6,3635.4,0.00,-3.69,230,227,-1,0.0,0.0,1.2,0.3,-0.33,-0.24,0.00,0.00,0.00,0.00,-2.20,2.63,93,-1,1,-49,-21.3,0.02,1.000,1.000,17.49,0,26,0,42.3,187.4,188.2,227.9,0.00,0,-20.5,25.2
1.75,climb,86.37,263.63,1.000,1,2399.1,-3270.6,-506.6,3635.8,0.18,-3.43,230,227,-1,0.0,0.0,-0.9,-2.3,-0.40,-0.32,0.00,0.00,0.00,0.00,-2.40,2.81,93,-1,1,-51,-20.1,-0.00,1.000,1.000,20.54,0,26,0,42.3,187.4,188.2,227.9,0.00,0,-20.0,23.7
1.85,climb,88.83,261.17,1.000,1,2399.1,-3270.6,-506.6,3636.1,0.18,-3.43,228,218,-1,0.0,0.0,-2.9,-4.4,-0.36,-0.33,0.00,0.00,0.00,0.00,-2.43,2.42,93,-1,1,-53,-20.1,-0.02,1.000,1.000,23.56,0,26,0,50.7,172.1,173.5,219.5,0.00,0,-20.0,23.7
1.95,climb,91.56,258.44,1.000,1,2399.2,-3271.1,-506.6,3636.4,0.70,-1.23,226,218,-1,0.0,0.0,-4.2,-5.5,-0.21,-0.23,0.00,0.00,0.00,0.00,-1.95,1.54,93,-1,1,-54,-17.7,-0.05,1.000,1.000,26.49,0,26,0,50.7,172.1,173.5,219.5,0.00,0,-2.6,1.0
2.05,climb,94.55,255.45,1.000,1,2399.2,-3271.1,-506.7,3636.6,0.70,-1.23,225,218,-1,0.0,0.0,-4.3,-5.0,0.02,-0.05,0.00,0.00,0.00,0.00,-1.37,0.38,93,-1,1,-56,-17.7,-0.07,1.000,1.000,29.27,0,26,0,50.7,172.1,173.5,219.5,0.00,0,-2.6,1.0
2.15,climb,97.79,252.21,1.000,1,2399.3,-3271.1,-506.8,3636.6,0.97,0.18,224,218,-1,0.0,0.0,-3.0,-3.0,0.28,0.17,0.00,0.00,0.00,0.00,-0.55,-0.82,93,-1,1,-58,-17.2,-0.08,1.000,1.000,31.99,0,26,0,50.7,172.1,173.5,219.5,0.00,0,11.0,-15.4
2.25,climb,101.28,248.72,1.000,1,2399.4,-3271.0,-506.9,3636.5,1.23,1.41,222,211,-1,0.0,0.0,-0.4,0.3,0.49,0.38,0.00,0.00,0.00,0.00,0.21,-1.86,93,-1,1,-59,-16.8,-0.09,1.000,1.000,34.75,0,26,0,57.5,179.7,179.8,212.5,0.00,0,23.7,-29.5
2.35,climb,105.04,244.96,1.000,1,2399.5,-3270.8,-507.0,3636.3,1.23,1.93,221,211,-1,0.0,0.0,2.9,3.9,0.59,0.52,0.00,0.00,0.00,0.00,0.66,-2.19,93,-1,1,-61,-16.7,-0.10,1.000,1.000,37.60,0,26,0,57.5,179.7,179.8,212.5,0.00,0,31.4,-36.8
2.45,climb,109.08,240.92,1.000,1,2399.6,-3270.6,-507.1,3636.1,0.26,0.35,219,211,-1,0.0,0.0,6.1,6.9,0.52,0.53,0.00,0.00,0.00,0.00,0.60,-1.63,93,-1,1,-62,-18.3,-0.11,1.000,1.000,40.43,0,26,0,57.5,179.7,179.8,212.5,0.00,0,22.9,-21.0
2.55,climb,113.41,236.59,1.000,1,2399.6,-3270.7,-507.1,3636.1,-0.44,-1.49,218,211,-1,0.0,0.0,8.3,8.4,0.30,0.41,0.06,0.00,0.00,0.00,0.11,-0.42,93,-1,1,-64,-20.4,-0.10,1.000,1.000,43.06,0,26,0,57.5,179.7,179.8,212.5,0.00,0,6.5,-0.6
2.65,climb,118.02,231.98,1.000,1,2399.6,-3270.7,-507.1,3636.2,-0.44,-1.49,216,204,-1,0.0,0.0,8.7,7.5,-0.04,0.15,0.05,0.00,0.00,0.00,-0.95,1.23,93,-1,1,-65,-20.4,-0.08,1.000,1.000,45.43,0,26,0,65.1,204.8,192.1,205.8,0.00,0,6.5,-0.6
2.75,climb,122.92,227.08,1.000,1,2399.5,-3271.0,-507.0,3636.5,-1.14,-3.60,214,204,-1,0.0,0.0,6.8,4.4,-0.42,-0.20,0.00,0.00,0.00,0.00,-2.34,2.97,93,-1,1,-66,-22.8,-0.06,1.000,1.000,47.67,0,26,0,65.1,204.8,192.1,205.8,0.00,0,-14.8,22.6
2.85,climb,128.09,221.91,1.000,1,2399.4,-3271.5,-506.9,3637.0,-1.58,-5.27,213,204,-1,0.0,0.0,2.8,-0.5,-0.73,-0.58,0.00,0.00,0.00,0.00,-3.58,4.18,93,-1,1,-68,-23.8,-0.05,1.000,1.000,50.01,0,26,0,65.1,204.8,192.1,205.8,0.00,0,-36.6,43.1
2.95,climb,133.50,216.50,0.963,1,2399.1,-3272.7,-506.7,3637.6,-0.97,-6.06,211,204,-1,0.0,0.0,-2.9,-6.1,-0.88,-0.86,0.00,0.00,0.00,0.00,-4.54,4.72,93,-1,1,-69,-21.2,-0.07,0.963,1.000,52.60,0,26,0,65.1,204.8,192.1,205.8,0.00,0,-57.5,51.7
3.05,climb,139.12,210.88,0.792,1,2399.1,-3273.2,-506.6,3638.2,0.18,-4.48,209,195,-1,0.0,0.0,-8.8,-10.7,-0.80,-0.96,0.13,0.00,0.00,0.00,-4.84,3.78,93,-1,1,-70,-19.9,-0.09,0.793,1.000,55.24,0,26,0,74.1,143.7,168.2,197.5,0.00,0,-47.0,33.5
3.15,climb,144.90,205.10,0.645,1,2399.1,-3273.2,-506.6,3638.7,0.18,-4.48,207,195,-1,0.0,0.0,-13.5,-13.2,-0.50,-0.82,0.29,0.00,0.00,0.00,-4.08,1.87,93,-1,1,-71,-19.9,-0.11,0.645,1.000,57.39,0,26,0,74.1,143.7,168.2,197.5,0.00,0,-47.0,33.5
3.25,climb,150.74,199.26,0.540,1,2399.4,-3273.5,-506.7,3638.9,2.81,0.09,205,195,-1,0.0,0.0,-15.6,-12.6,-0.06,-0.48,0.32,0.00,0.00,0.00,-2.58,-0.54,93,-1,0,-72,-22.6,-0.11,0.541,0.755,58.57,0,26,0,74.1,143.7,168.2,197.5,0.00,0,5.1,-22.4
3.35,climb,156.61,193.39,0.475,1,2399.4,-3273.5,-506.9,3639.0,2.81,0.09,204,195,-1,0.0,0.0,-14.6,-9.1,0.39,-0.02,0.23,0.00,0.00,0.00,-1.05,-2.61,93,-1,0,-73,-22.6,-0.10,0.475,0.642,58.91,0,26,0,74.1,143.7,168.2,197.5,0.00,0,5.1,-22.4
3.45,climb,162.45,187.55,0.424,1,2399.8,-3273.3,-507.3,3638.8,3.60,1.93,201,188,-1,0.0,0.0,-11.0,-3.7,0.72,0.43,0.05,0.00,0.00,0.00,0.50,-4.06,93,-1,1,-74,-24.2,-0.08,0.424,0.848,58.91,0,26,0,81.3,126.9,168.5,189.2,0.00,0,32.4,-43.9
3.55,climb,168.26,181.74,0.373,1,2400.5,-3272.7,-507.7,3638.5,3.78,3.78,199,188,-1,0.0,0.0,-5.6,1.9,0.83,0.74,0.00,0.00,0.00,0.00,1.72,-4.69,93,-1,1,-75,-26.3,-0.07,0.373,0.746,58.88,0,26,0,81.3,126.9,168.5,189.2,0.00,0,58.0,-47.9
3.65,climb,174.07,175.93,0.319,1,2400.9,-3272.3,-508.0,3638.2,3.08,3.78,197,188,-1,0.0,0.0,0.4,6.6,0.75,0.89,0.00,0.00,0.00,0.00,2.47,-4.74,93,-1,1,-76,-25.7,-0.07,0.319,0.638,58.86,0,26,0,81.3,126.9,168.5,189.2,0.00,0,55.9,-37.0
3.75,climb,179.89,170.11,0.254,1,2400.9,-3272.3,-508.4,3637.8,3.08,3.78,196,188,-1,0.0,0.0,6.2,9.8,0.58,0.90,0.05,0.00,0.00,0.00,2.79,-4.00,93,-1,1,-78,-25.7,-0.08,0.254,0.508,59.01,0,26,0,81.3,126.9,168.5,189.2,0.00,0,55.9,-37.0
3.85,climb,185.68,164.32,0.250,1,2401.3,-3271.7,-508.6,3637.4,1.49,2.55,193,178,-1,0.0,0.0,10.9,11.6,0.39,0.80,0.19,0.00,0.00,0.00,2.63,-3.05,93,-1,1,-78,-25.8,-0.09,0.250,0.500,58.74,0,26,0,91.3,276.9,190.7,180.9,0.00,0,32.9,-12.2
3.95,climb,191.42,158.58,0.250,1,2401.3,-3271.7,-508.8,3637.2,1.49,2.55,191,178,-1,0.0,0.0,14.5,12.2,0.21,0.67,0.29,0.00,0.00,0.00,2.22,-1.95,93,-1,1,-79,-25.8,-0.08,0.250,0.500,58.03,0,26,0,91.3,276.9,190.7,180.9,0.00,0,32.9,-12.2
4.05,climb,197.10,152.90,0.250,1,2401.4,-3271.5,-508.9,3637.0,0.79,1.85,189,178,-1,0.0,0.0,16.6,11.6,0.06,0.50,0.33,0.00,0.00,0.00,1.70,-1.06,93,-1,0,-80,-27.0,-0.07,0.250,0.472,57.02,0,26,0,91.3,276.9,190.7,180.9,0.00,0,19.6,-3.2
4.15,climb,202.69,147.31,0.250,1,2401.4,-3271.4,-508.9,3636.9,0.18,0.97,187,178,-1,0.0,0.0,17.2,10.1,-0.09,0.29,0.32,0.00,0.00,0.00,0.94,-0.29,93,-1,0,-81,-28.3,-0.07,0.250,0.402,55.96,0,26,0,91.3,276.9,190.7,180.9,0.00,0,5.2,4.9
4.25,climb,208.22,141.78,0.250,1,2401.4,-3271.3,-508.9,3636.8,-0.44,0.26,184,167,-1,0.0,0.0,16.3,7.9,-0.22,0.05,0.26,0.00,0.00,0.00,0.29,0.42,93,-1,0,-81,-29.6,-0.05,0.250,0.357,54.92,0,26,0,102.2,309.5,194.7,170.3,0.00,0,-9.5,11.7
4.35,climb,213.66,136.34,0.145,1,2401.3,-3271.3,-508.8,3636.8,-0.88,-0.44,181,167,-1,0.0,0.0,14.0,5.3,-0.30,-0.18,0.16,0.00,0.00,0.00,-0.42,0.89,93,-1,1,-81,-30.3,-0.04,0.145,0.291,53.93,0,26,0,102.2,309.5,194.7,170.3,0.00,0,-22.9,16.2
4.45,climb,218.99,131.01,0.136,1,2401.1,-3271.5,-508.7,3636.9,-1.23,-1.14,179,167,-1,0.0,0.0,10.9,2.8,-0.32,-0.34,0.04,0.00,0.00,0.00,-0.90,1.13,93,-1,1,-82,-29.2,-0.05,0.136,0.273,52.90,0,26,0,102.2,309.5,194.7,170.3,0.00,0,-35.2,17.4
4.55,climb,224.20,125.80,0.133,1,2400.9,-3271.7,-508.6,3637.0,-1.41,-1.32,177,167,-1,0.0,0.0,7.4,0.6,-0.31,-0.44,0.00,0.00,0.00,0.00,-1.20,1.17,93,-1,1,-83,-27.4,-0.07,0.133,0.266,51.77,0,26,0,102.2,309.5,194.7,170.3,0.00,0,-35.7,17.2
4.65,climb,229.28,120.72,0.130,1,2400.9,-3271.7,-508.4,3637.2,-1.41,-1.32,174,157,-1,0.0,0.0,3.9,-1.4,-0.30,-0.48,0.00,0.00,0.00,0.00,-1.46,1.26,93,-1,1,-83,-27.4,-0.09,0.131,0.261,50.64,0,26,0,112.1,349.2,184.4,157.9,0.00,0,-35.7,17.2
4.75,climb,234.24,115.76,0.127,1,2400.8,-3271.8,-508.3,3637.3,-1.23,-1.41,171,157,-1,0.0,0.0,0.5,-3.1,-0.28,-0.49,0.00,0.00,0.00,0.00,-1.57,1.01,93,-1,1,-83,-26.0,-0.11,0.127,0.254,49.54,0,26,0,112.1,349.2,184.4,157.9,0.00,0,-33.8,16.5
4.85,climb,239.07,110.93,0.124,1,2400.6,-3272.1,-508.2,3637.4,-0.88,-1.32,169,157,-1,0.0,0.0,-2.6,-4.5,-0.25,-0.48,0.00,0.00,0.00,0.00,-1.58,0.77,93,-1,1,-84,-23.9,-0.12,0.125,0.249,48.43,0,26,0,112.1,349.2,184.4,157.9,0.00,0,-26.4,13.0
4.95,climb,243.78,106.22,0.123,1,2400.5,-3272.2,-508.1,3637.6,-0.70,-1.23,167,157,-1,0.0,0.0,-5.4,-5.6,-0.21,-0.45,0.00,0.00,0.00,0.00,-1.48,0.57,93,-1,1,-85,-23.0,-0.14,0.123,0.247,47.30,0,26,0,112.1,349.2,184.4,157.9,0.00,0,-21.7,10.7
5.05,climb,248.37,101.63,0.124,1,2400.5,-3272.3,-508.0,3637.7,-0.35,-1.05,164,147,-1,0.0,0.0,-7.7,-6.3,-0.17,-0.41,0.00,0.00,0.00,0.00,-1.37,0.34,93,-1,1,-85,-22.3,-0.15,0.125,0.249,46.14,0,26,0,121.7,6.1,176.2,148.9,0.00,0,-16.9,8.2
5.15,climb,252.84,97.16,0.127,1,2400.5,-3272.3,-508.0,3637.8,-0.35,-1.05,162,147,-1,0.0,0.0,-9.5,-6.8,-0.13,-0.36,0.05,0.00,0.00,0.00,-1.11,0.00,93,-1,1,-86,-22.3,-0.16,0.127,0.255,44.97,0,26,0,121.7,6.1,176.2,148.9,0.00,0,-16.9,8.2
5.25,climb,257.18,92.82,0.130,1,2400.5,-3272.5,-508.0,3637.9,0.18,-0.88,160,147,-1,0.0,0.0,-10.9,-7.0,-0.09,-0.30,0.09,0.00,0.00,0.00,-0.94,-0.26,93,-1,1,-86,-21.0,-0.17,0.131,0.261,43.80,0,26,0,121.7,6.1,176.2,148.9,0.00,0,-7.2,3.3
5.35,climb,261.41,88.59,0.134,1,2400.5,-3272.6,-508.0,3638.0,0.44,-0.70,158,147,-1,0.0,0.0,-11.7,-6.8,-0.05,-0.24,0.12,0.00,0.00,0.00,-0.75,-0.50,93,-1,0,-88,-20.9,-0.19,0.135,0.252,42.64,0,26,0,121.7,6.1,176.2,148.9,0.00,0,-2.2,1.4
5.45,climb,265.53,84.47,0.138,1,2400.6,-3272.6,-508.0,3638.1,0.70,-0.53,155,138,-1,0.0,0.0,-12.0,-6.5,-0.02,-0.17,0.12,0.00,0.00,0.00,-0.45,-0.70,93,-1,0,-88,-21.0,-0.19,0.139,0.212,41.48,0,26,0,130.5,7.7,173.4,140.7,0.00,0,3.2,-0.5
5.55,climb,269.53,80.47,0.139,1,2400.6,-3272.6,-508.1,3638.1,0.70,-0.53,152,138,-1,0.0,0.0,-11.8,-5.9,0.02,-0.09,0.10,0.00,0.00,0.00,-0.14,-0.87,93,-1,0,-88,-21.0,-0.19,0.139,0.181,40.41,0,26,0,130.5,7.7,173.4,140.7,0.00,0,3.2,-0.5
5.65,climb,273.43,76.57,0.141,1,2400.8,-3272.7,-508.2,3638.2,1.23,-0.35,150,138,-1,0.0,0.0,-11.1,-5.2,0.05,-0.01,0.07,0.00,0.00,0.00,0.10,-1.06,93,-1,0,-89,-20.4,-0.19,0.142,0.165,39.31,0,26,0,130.5,7.7,173.4,140.7,0.00,0,11.4,-4.0
5.75,climb,277.22,72.78,0.146,1,2400.8,-3272.7,-508.3,3638.2,1.23,-0.35,148,138,-1,0.0,0.0,-10.1,-4.4,0.08,0.06,0.03,0.00,0.00,0.00,0.35,-1.23,93,-1,0,-90,-20.4,-0.21,0.146,0.198,38.18,0,26,0,130.5,7.7,173.4,140.7,0.00,0,11.4,-4.0
5.85,climb,280.88,69.12,0.152,1,2400.9,-3272.7,-508.4,3638.2,1.32,-0.35,146,131,-1,0.0,0.0,-8.8,-3.6,0.09,0.10,0.00,0.00,0.00,0.00,0.45,-1.29,93,-1,0,-91,-20.0,-0.21,0.152,0.227,37.04,0,26,0,138.5,4.3,175.2,132.1,0.00,0,13.6,-4.9
5.95,climb,284.44,65.56,0.157,1,2401.2,-3272.8,-508.6,3638.3,1.58,-0.18,143,131,-1,0.0,0.0,-7.4,-2.8,0.09,0.13,0.00,0.00,0.00,0.00,0.70,-1.23,93,-1,0,-90,-19.6,-0.22,0.157,0.245,35.93,0,26,0,138.5,4.3,175.2,132.1,0.00,0,14.6,-5.0
6.05,climb,287.91,62.09,0.132,1,2401.4,-3272.8,-508.7,3638.3,1.58,-0.18,141,131,-1,0.0,0.0,-6.1,-2.0,0.09,0.14,0.00,0.00,0.00,0.00,0.85,-1.35,93,-1,0,-88,-19.8,-0.21,0.133,0.224,34.92,0,26,0,138.5,4.3,175.2,132.1,0.00,0,13.8,-4.3
6.15,climb,291.28,58.72,0.085,1,2401.4,-3272.8,-508.9,3638.3,1.58,-0.18,140,131,-1,0.0,0.0,-4.8,-1.5,0.07,0.14,0.00,0.00,0.00,0.00,0.89,-1.32,93,-1,0,-87,-19.8,-0.20,0.085,0.170,34.00,0,26,0,138.5,4.3,175.2,132.1,0.00,0,13.8,-4.3
6.25,climb,294.56,55.44,0.038,1,2401.7,-3272.8,-509.0,3638.3,1.58,0.00,137,123,-1,0.0,0.0,-3.7,-1.0,0.05,0.12,0.00,0.00,0.00,0.00,1.08,-1.16,93,-1,1,-84,-20.0,-0.18,0.039,0.077,33.08,0,26,0,146.2,1.4,177.8,123.9,0.00,0,9.7,-2.2
6.35,climb,297.73,52.27,0.000,1,2401.7,-3272.8,-509.2,3638.3,1.58,0.00,135,123,-1,0.0,0.0,-2.8,-0.7,0.04,0.11,0.00,0.00,0.00,0.00,1.12,-1.12,93,-1,1,-82,-20.0,-0.17,0.000,0.000,32.07,0,26,0,146.2,1.4,177.8,123.9,0.00,0,9.7,-2.2
6.45,climb,300.79,49.21,0.000,1,2401.8,-3272.8,-509.3,3638.3,1.58,0.00,133,123,-1,0.0,0.0,-1.9,-0.5,0.03,0.11,0.00,0.00,0.00,0.00,1.15,-1.08,93,-1,1,-80,-19.6,-0.17,0.000,0.000,30.93,0,26,0,146.2,1.4,177.8,123.9,0.00,0,8.9,-1.3
6.55,climb,303.73,46.27,0.000,1,2402.1,-3272.8,-509.5,3638.3,1.58,0.00,132,123,-1,0.0,0.0,-1.1,-0.3,0.02,0.11,0.00,0.00,0.00,0.00,1.18,-1.05,93,-1,1,-79,-18.9,-0.16,0.000,0.000,29.73,0,26,0,146.2,1.4,177.8,123.9,0.00,0,7.6,-1.2
6.65,climb,306.55,43.45,0.000,1,2402.3,-3272.8,-509.6,3638.3,1.41,0.00,129,115,-1,0.0,0.0,-0.4,-0.2,0.02,0.10,0.00,0.00,0.00,0.00,1.23,-1.00,93,-1,1,-76,-18.4,-0.15,0.000,0.000,28.52,0,26,0,153.9,360.0,180.0,116.1,0.00,0,6.9,-1.0
6.75,climb,309.24,40.76,0.000,1,2402.3,-3272.8,-509.8,3638.3,1.41,0.00,127,115,-1,0.0,0.0,0.3,-0.1,0.01,0.10,0.00,0.00,0.00,0.00,1.12,-0.84,93,-1,1,-74,-18.4,-0.15,0.000,0.000,27.26,0,26,0,153.9,360.0,180.0,116.1,0.00,0,6.9,-1.0
6.85,climb,311.81,38.19,0.000,1,2402.6,-3272.8,-509.9,3638.3,1.41,0.00,125,115,-1,0.0,0.0,0.9,-0.0,0.01,0.10,0.00,0.00,0.00,0.00,1.15,-0.81,93,-1,1,-72,-17.5,-0.15,0.000,0.000,25.97,0,26,0,153.9,360.0,180.0,116.1,0.00,0,6.0,-0.8
6.95,climb,314.24,35.76,0.000,1,2402.6,-3272.8,-510.1,3638.3,1.41,0.00,124,115,-1,0.0,0.0,1.5,0.0,0.01,0.10,0.00,0.00,0.00,0.00,1.17,-0.78,93,-1,1,-71,-17.5,-0.14,0.000,0.000,24.66,0,26,0,153.9,360.0,180.0,116.1,0.00,0,6.0,-0.8
7.05,climb,316.54,33.46,0.000,1,2402.9,-3272.8,-510.2,3638.3,1.41,0.00,121,108,-1,0.0,0.0,2.1,0.0,0.00,0.11,0.00,0.00,0.00,0.00,1.20,-0.73,93,-1,1,-68,-16.7,-0.14,0.000,0.000,23.34,0,26,0,160.9,359.3,181.9,109.1,0.00,0,5.8,-1.0
7.15,climb,318.71,31.29,0.000,1,2402.9,-3272.8,-510.4,3638.3,1.41,0.00,119,108,-1,0.0,0.0,2.6,0.1,0.00,0.11,0.00,0.00,0.00,0.00,1.23,-0.69,93,-1,1,-66,-16.7,-0.13,0.000,0.000,22.03,0,26,0,160.9,359.3,181.9,109.1,0.00,0,5.8,-1.0
7.25,climb,320.75,29.25,0.000,1,2403.0,-3272.8,-510.5,3638.3,1.41,0.00,118,108,-1,0.0,0.0,3.2,0.1,0.00,0.12,0.00,0.00,0.00,0.00,1.25,-0.65,93,-1,1,-65,-16.5,-0.13,0.000,0.000,20.73,0,26,0,160.9,359.3,181.9,109.1,0.00,0,5.7,-1.1
7.35,climb,322.66,27.34,0.005,1,2403.3,-3272.8,-510.6,3638.3,1.41,0.00,116,108,-1,0.0,0.0,3.8,0.1,0.00,0.12,0.00,0.00,0.00,0.00,1.26,-0.62,93,-1,1,-63,-16.1,-0.12,0.005,0.011,19.45,0,26,0,160.9,359.3,181.9,109.1,0.00,0,5.6,-1.3
7.45,climb,324.44,25.56,0.024,1,2403.4,-3272.8,-510.8,3638.3,1.41,0.00,114,102,-1,0.0,0.0,4.3,0.1,0.00,0.13,0.00,0.00,0.00,0.00,1.29,-0.57,93,-1,1,-61,-16.0,-0.11,0.024,0.048,18.18,0,26,0,167.5,359.2,183.7,102.6,0.00,0,5.5,-1.4
7.55,climb,326.10,23.90,0.036,1,2403.6,-3272.8,-510.9,3638.3,1.41,0.00,112,102,-1,0.0,0.0,4.9,0.1,0.00,0.13,0.00,0.00,0.00,0.00,1.30,-0.53,93,-1,1,-59,-15.8,-0.10,0.036,0.071,16.93,0,26,0,167.5,359.2,183.7,102.6,0.00,0,5.5,-1.5
7.65,climb,327.64,22.36,0.051,1,2403.6,-3272.8,-511.1,3638.3,1.41,0.00,110,102,-1,0.0,0.0,5.5,0.2,0.00,0.14,0.00,0.00,0.00,0.00,1.32,-0.49,93,-1,1,-57,-15.8,-0.10,0.051,0.101,15.68,0,26,0,167.5,359.2,183.7,102.6,0.00,0,5.5,-1.5
7.75,climb,329.05,20.95,0.069,1,2403.7,-3272.8,-511.2,3638.3,1.23,0.00,109,102,-1,0.0,0.0,6.0,0.2,-0.00,0.14,0.00,0.00,0.00,0.00,1.16,-0.40,93,-1,0,-56,-15.6,-0.09,0.069,0.126,14.44,0,26,0,167.5,359.2,183.7,102.6,0.00,0,5.4,-1.5
7.85,climb,330.34,19.66,0.090,1,2403.9,-3272.8,-511.3,3638.3,1.23,0.00,107,95,-1,0.0,0.0,6.5,0.1,-0.00,0.14,0.00,0.00,0.00,0.00,1.18,-0.36,93,-1,0,-54,-15.4,-0.08,0.090,0.148,13.24,0,26,0,173.8,359.4,185.2,96.3,0.00,0,4.7,-1.6
7.95,climb,331.52,18.48,0.114,1,2404.1,-3272.8,-511.4,3638.3,1.23,0.00,105,95,-1,0.0,0.0,7.0,0.1,-0.00,0.14,0.00,0.00,0.00,0.00,1.19,-0.32,93,-1,0,-52,-15.4,-0.08,0.114,0.171,12.07,0,26,0,173.8,359.4,185.2,96.3,0.00,0,3.6,-1.6
8.05,climb,332.59,17.41,0.137,1,2404.2,-3272.8,-511.6,3638.3,1.23,0.00,104,95,-1,0.0,0.0,7.3,0.1,-0.01,0.12,0.00,0.00,0.00,0.00,1.20,-0.29,93,-1,0,-51,-15.5,-0.07,0.137,0.188,10.97,0,26,0,173.8,359.4,185.2,96.3,0.00,0,1.4,-1.6
8.15,climb,333.57,16.43,0.159,1,2404.2,-3272.8,-511.7,3638.3,1.23,0.00,102,95,-1,0.0,0.0,7.4,0.1,-0.01,0.09,0.00,0.00,0.00,0.00,1.20,-0.26,93,-1,0,-49,-15.5,-0.06,0.159,0.197,9.98,0,26,0,173.8,359.4,185.2,96.3,0.00,0,1.4,-1.6
8.25,climb,334.45,15.55,0.180,1,2404.4,-3272.8,-511.8,3638.3,1.05,0.00,100,89,-1,0.0,0.0,7.2,-0.0,-0.01,0.05,0.00,0.00,0.00,0.00,1.04,-0.19,93,-1,0,-47,-15.5,-0.05,0.180,0.202,9.06,0,26,0,180.0,360.0,187.6,90.0,0.00,0,-4.0,-1.4
8.35,climb,335.25,14.75,0.202,1,2404.4,-3272.8,-511.9,3638.3,1.05,0.00,99,89,-1,0.0,0.0,6.7,-0.1,-0.01,0.00,0.00,0.00,0.00,0.00,1.04,-0.16,93,-1,0,-46,-15.5,-0.04,0.202,0.207,8.19,0,26,0,180.0,360.0,187.6,90.0,0.00,0,-4.0,-1.4
8.45,climb,335.98,14.02,0.222,1,2404.6,-3272.8,-512.0,3638.3,0.88,0.00,97,89,-1,0.0,0.0,6.0,-0.1,-0.01,-0.04,0.00,0.00,0.00,0.00,0.96,-0.12,93,-1,0,-44,-15.9,-0.03,0.222,0.242,7.40,0,26,0,180.0,360.0,187.6,90.0,0.00,0,-8.8,-1.9
8.55,climb,336.64,13.36,0.238,1,2404.6,-3272.8,-512.1,3638.3,0.88,0.00,96,89,-1,0.0,0.0,5.0,-0.0,0.01,-0.08,0.00,0.00,0.00,0.00,0.87,-0.09,93,-1,0,-43,-15.9,-0.02,0.238,0.273,6.76,0,26,0,180.0,360.0,187.6,90.0,0.00,0,-8.8,-1.9
8.65,climb,337.26,12.74,0.246,1,2404.7,-3272.8,-512.2,3638.3,0.79,0.00,94,83,-1,0.0,0.0,4.0,0.1,0.01,-0.11,0.00,0.00,0.00,0.00,0.79,-0.05,93,-1,0,-41,-16.1,-0.01,0.246,0.295,6.28,0,26,0,186.3,0.5,4.7,83.7,0.00,0,-10.1,-2.3
8.75,climb,337.86,12.14,0.245,1,2404.7,-3272.8,-512.2,3638.3,0.70,0.00,92,83,-1,0.0,0.0,3.0,0.2,0.02,-0.11,0.00,0.00,0.00,0.00,0.70,-0.03,93,-1,0,-39,-16.3,-0.00,0.245,0.295,6.02,0,26,0,186.3,0.5,4.7,83.7,0.00,0,-10.2,-2.1
8.85,climb,338.44,11.56,0.238,1,2404.9,-3272.8,-512.3,3638.3,0.70,0.00,91,83,-1,0.0,0.0,2.2,0.2,0.01,-0.09,0.00,0.00,0.00,0.00,0.70,-0.01,93,-1,0,-38,-16.5,0.01,0.238,0.279,5.86,0,26,0,186.3,0.5,4.7,83.7,0.00,0,-6.2,-0.9
8.95,climb,339.00,11.00,0.234,1,2404.9,-3272.8,-512.4,3638.3,0.70,0.00,90,83,-1,0.0,0.0,1.7,0.3,0.00,-0.06,0.00,0.00,0.00,0.00,0.70,0.01,93,-1,0,-37,-16.5,0.02,0.234,0.258,5.65,0,26,0,186.3,0.5,4.7,83.7,0.00,0,-6.2,-0.9
9.05,climb,339.54,10.46,0.230,1,2405.0,-3272.8,-512.4,3638.3,0.70,0.00,88,76,-1,0.0,0.0,1.4,0.2,-0.01,-0.02,0.00,0.00,0.00,0.00,0.70,0.03,93,-1,0,-35,-16.5,0.03,0.230,0.240,5.45,0,26,0,192.9,0.5,2.3,77.1,0.00,0,-1.5,0.3
9.15,climb,340.06,9.94,0.228,1,2405.0,-3272.8,-512.5,3638.3,0.70,0.00,86,76,-1,0.0,0.0,1.3,0.1,-0.01,0.00,0.00,0.00,0.00,0.00,0.70,0.05,93,-1,0,-33,-16.5,0.03,0.228,0.233,5.22,0,26,0,192.9,0.5,2.3,77.1,0.00,0,-1.5,0.3
9.25,climb,340.55,9.45,0.229,1,2405.2,-3272.8,-512.6,3638.3,0.70,0.00,84,76,-1,0.0,0.0,1.2,0.1,-0.01,0.01,0.00,0.00,0.00,0.00,0.70,0.07,93,-1,0,-31,-16.2,0.04,0.229,0.238,4.95,0,26,0,192.9,0.5,2.3,77.1,0.00,0,-0.3,0.4
9.35,climb,341.01,8.99,0.231,1,2405.2,-3272.8,-512.7,3638.3,0.70,0.00,83,76,-1,0.0,0.0,1.2,-0.0,-0.01,0.02,0.00,0.00,0.00,0.00,0.70,0.08,93,-1,0,-30,-16.1,0.04,0.231,0.242,4.68,0,26,0,192.9,0.5,2.3,77.1,0.00,0,-0.0,0.4
9.45,climb,341.45,8.55,0.233,1,2405.3,-3272.8,-512.7,3638.3,0.70,0.00,81,70,-1,0.0,0.0,1.2,-0.1,-0.01,0.02,0.00,0.00,0.00,0.00,0.69,0.11,93,-1,0,-28,-16.0,0.05,0.233,0.246,4.41,0,26,0,199.4,0.3,1.0,70.6,0.00,0,0.1,0.4
9.55,climb,341.86,8.14,0.235,1,2405.3,-3272.8,-512.8,3638.3,0.70,0.00,79,70,-1,0.0,0.0,1.2,-0.2,-0.01,0.02,0.00,0.00,0.00,0.00,0.69,0.13,93,-1,0,-26,-16.0,0.06,0.235,0.250,4.15,0,26,0,199.4,0.3,1.0,70.6,0.00,0,0.1,0.4
9.65,climb,342.24,7.76,0.239,1,2405.4,-3272.8,-512.9,3638.3,0.70,0.00,78,70,-1,0.0,0.0,1.2,-0.2,-0.02,0.02,0.00,0.00,0.00,0.00,0.69,0.15,93,-1,0,-25,-15.8,0.07,0.239,0.253,3.89,0,26,0,199.4,0.3,1.0,70.6,0.00,0,0.1,0.5
9.75,climb,342.60,7.40,0.243,1,2405.4,-3272.8,-512.9,3638.3,0.53,0.00,77,70,-1,0.0,0.0,1.2,-0.3,-0.02,0.02,0.00,0.00,0.00,0.00,0.51,0.12,93,-1,0,-24,-15.4,0.07,0.243,0.256,3.63,0,26,0,199.4,0.3,1.0,70.6,0.00,0,-0.1,0.4
9.85,climb,342.93,7.07,0.248,1,2405.5,-3272.8,-513.0,3638.3,0.53,0.00,75,63,-1,0.0,0.0,1.1,-0.4,-0.01,0.01,0.00,0.00,0.00,0.00,0.51,0.14,93,-1,0,-22,-14.9,0.07,0.248,0.258,3.37,0,26,0,205.6,0.2,0.4,64.4,0.00,0,-0.4,0.3
9.95,climb,343.24,6.76,0.254,1,2405.5,-3272.8,-513.0,3638.3,0.53,0.00,73,63,-1,0.0,0.0,1.0,-0.4,-0.01,0.00,0.00,0.00,0.00,0.00,0.50,0.16,93,-1,0,-20,-14.2,0.07,0.254,0.259,3.12,0,26,0,205.6,0.2,0.4,64.4,0.00,0,-0.8,0.1
10.05,climb,343.52,6.48,0.260,1,2405.6,-3272.8,-513.1,3638.3,0.53,0.00,71,63,-1,0.0,0.0,0.9,-0.4,-0.01,-0.00,0.00,0.00,0.00,0.00,0.50,0.17,93,-1,0,-19,-13.3,0.07,0.260,0.264,2.86,0,26,0,205.6,0.2,0.4,64.4,0.00,0,-1.2,-0.2
10.15,climb,343.77,6.23,0.267,1,2405.7,-3272.8,-513.1,3638.3,0.35,0.00,70,63,-1,0.0,0.0,0.7,-0.4,0.00,-0.01,0.00,0.00,0.00,0.00,0.41,0.15,93,-1,0,-17,-11.8,0.06,0.267,0.272,2.61,0,26,0,205.6,0.2,0.4,64.4,0.00,0,-1.9,-0.7
10.25,climb,344.00,6.00,0.275,1,2405.7,-3272.8,-513.2,3638.3,0.35,0.00,68,58,-1,0.0,0.0,0.5,-0.3,0.01,-0.02,0.00,0.00,0.00,0.00,0.33,0.13,93,-1,0,-15,-11.3,0.06,0.275,0.284,2.36,0,26,0,210.7,0.0,0.0,59.3,0.00,0,-1.7,-0.9
10.35,cruise,344.22,5.78,0.331,1,2405.7,-3272.8,-513.2,3638.3,0.35,0.00,67,58,-1,4.0,4.0,0.4,-0.2,-0.04,-0.06,0.00,0.00,0.00,0.00,0.32,0.14,93,-1,0,-14,-11.3,0.07,0.331,0.364,2.17,0,26,0,210.7,0.0,0.0,59.3,0.00,0,-1.7,-0.9
10.45,cruise,344.42,5.58,0.331,1,2405.8,-3272.8,-513.2,3638.3,0.35,0.00,66,58,-1,8.0,8.0,0.3,-0.2,-0.09,-0.10,0.00,0.00,0.00,0.00,0.32,0.15,93,-1,0,-4,-10.4,0.11,0.331,0.394,2.10,0,26,0,212.9,0.0,0.0,57.1,0.00,1,-0.2,-0.5
10.55,cruise,344.64,5.36,0.323,1,2405.8,-3272.8,-513.3,3638.3,0.35,0.00,64,58,-1,12.0,12.0,0.3,-0.1,-0.14,-0.13,0.00,0.00,0.00,0.00,0.32,0.15,93,-1,0,-3,-10.4,0.11,0.324,0.411,2.16,0,26,0,213.9,0.1,0.1,56.1,0.00,1,-0.2,-0.5
10.65,cruise,344.88,5.12,0.308,1,2405.8,-3272.8,-513.3,3638.3,0.35,0.00,63,54,-1,16.0,16.0,0.5,-0.0,-0.19,-0.15,0.00,0.00,0.00,0.00,0.31,0.16,93,-1,0,-2,-9.7,0.11,0.308,0.412,2.35,0,26,0,214.9,0.3,0.5,55.1,0.00,1,1.4,-0.9
10.75,cruise,345.13,4.87,0.294,1,2405.8,-3272.8,-513.3,3638.3,0.35,-0.09,62,54,-1,20.0,20.0,0.9,0.3,-0.20,-0.15,0.00,0.00,0.00,0.00,0.35,0.09,93,-1,0,-1,-8.8,0.10,0.294,0.394,2.51,0,26,0,215.7,1.0,1.4,54.3,0.00,1,3.7,-2.4
10.85,cruise,345.38,4.62,0.281,1,2405.9,-3272.8,-513.4,3638.3,0.35,-0.18,60,54,-1,24.0,24.0,1.7,0.9,-0.17,-0.12,0.00,0.00,0.00,0.00,0.39,0.02,93,-1,0,-1,-6.4,0.09,0.281,0.363,2.62,0,26,0,216.5,2.2,3.0,53.5,0.00,1,10.4,-9.3
10.95,cruise,345.63,4.37,0.272,1,2405.9,-3272.9,-513.4,3638.3,0.35,-0.35,60,54,-1,28.0,28.0,2.9,1.9,-0.13,-0.07,0.00,0.00,0.00,0.00,0.39,0.03,93,-1,0,-0,-5.1,0.08,0.272,0.327,2.68,0,26,0,217.1,4.1,5.4,53.0,0.00,1,13.6,-13.0
11.05,cruise,345.86,4.14,0.267,1,2406.0,-3272.9,-513.4,3638.4,0.35,-0.35,58,51,-1,32.0,32.0,4.3,3.3,-0.08,-0.03,0.00,0.00,0.00,0.00,0.48,-0.11,93,-1,0,0,-3.6,0.06,0.267,0.297,2.65,0,26,0,217.5,6.6,8.6,52.6,0.00,1,15.5,-16.6
11.15,cruise,346.08,3.92,0.264,1,2406.0,-3272.9,-513.5,3638.4,0.35,-0.35,57,51,-1,36.0,36.0,5.9,5.0,-0.02,-0.02,0.00,0.00,0.00,0.00,0.49,-0.11,93,-1,0,1,-3.6,0.05,0.264,0.274,2.59,0,26,0,217.8,9.6,12.3,52.3,0.00,1,15.5,-16.6
11.25,cruise,346.28,3.72,0.265,1,2406.0,-3273.0,-513.5,3638.5,0.35,-0.35,57,51,-1,37.0,36.3,7.7,7.1,0.06,0.01,0.01,0.00,0.00,0.00,0.49,-0.10,93,-1,0,1,-2.4,0.03,0.265,0.285,2.49,0,26,0,218.0,12.9,16.3,52.3,0.00,1,16.7,-19.6
11.35,cruise,346.45,3.55,0.269,1,2406.1,-3273.0,-513.6,3638.5,0.35,-0.18,56,51,-1,37.2,36.3,9.5,9.3,0.12,0.03,0.11,0.00,0.00,0.00,0.39,0.05,93,-1,0,0,-1.2,0.02,0.269,0.309,2.35,0,26,0,218.1,16.5,20.7,52.5,0.00,1,17.7,-21.9
11.45,cruise,346.61,3.39,0.276,1,2406.1,-3273.0,-513.6,3638.5,0.18,0.18,55,51,-1,37.4,36.3,11.5,11.6,0.13,0.05,0.20,0.00,0.00,0.00,0.14,0.10,93,-1,0,0,0.5,0.00,0.276,0.324,2.19,0,26,0,218.1,20.0,24.9,52.8,0.00,1,18.5,-21.6
11.55,cruise,346.74,3.26,0.282,1,2406.1,-3273.0,-513.6,3638.5,0.18,0.18,55,51,-1,37.6,36.3,13.4,13.8,0.11,0.04,0.30,0.00,0.00,0.00,0.04,0.24,93,-1,0,-0,0.5,-0.01,0.282,0.327,2.06,0,26,0,218.0,23.4,29.0,53.3,0.00,1,18.5,-21.6
11.65,cruise,346.87,3.13,0.291,1,2406.1,-3272.8,-513.6,3638.4,0.18,0.97,55,51,-1,38.0,36.4,15.3,15.9,0.09,0.03,0.38,0.00,0.00,0.00,-0.16,0.53,93,-1,0,-1,2.1,-0.02,0.291,0.326,1.91,0,26,0,217.7,26.4,32.7,53.9,0.00,1,17.6,-17.2
11.75,cruise,346.98,3.02,0.302,1,2406.1,-3272.7,-513.6,3638.3,0.18,1.32,55,51,-1,38.4,36.4,17.1,17.7,0.05,0.02,0.46,0.00,0.00,0.00,-0.42,0.89,93,-1,0,-2,2.6,-0.03,0.302,0.322,1.73,0,26,0,217.3,29.0,36.0,54.7,0.00,1,16.6,-14.8
11.85,cruise,347.08,2.92,0.313,1,2406.1,-3272.7,-513.6,3638.2,0.18,1.32,55,52,-1,38.8,36.4,18.8,19.4,0.02,-0.01,0.54,0.00,0.00,0.00,-0.61,1.18,93,-1,0,-3,2.6,-0.04,0.313,0.323,1.55,0,26,0,216.9,31.3,39.0,55.5,0.00,1,16.6,-14.8
11.95,cruise,347.17,2.83,0.323,1,2406.2,-3272.3,-513.7,3638.0,0.00,2.46,55,52,-1,39.2,36.5,20.4,20.9,0.00,-0.02,0.60,0.00,0.00,0.00,-0.91,1.62,93,-1,0,-3,2.8,-0.05,0.323,0.332,1.43,0,26,0,216.3,33.3,41.7,56.3,0.00,1,14.8,-11.5
12.05,cruise,347.25,2.75,0.332,1,2406.2,-3272.3,-513.7,3637.8,0.00,2.46,56,52,-1,39.7,36.6,21.9,22.3,-0.01,-0.03,0.66,0.00,0.00,0.00,-1.39,2.03,93,-1,0,-4,2.8,-0.06,0.332,0.345,1.33,0,26,0,215.8,35.0,44.2,57.2,0.00,1,14.8,-11.5
12.15,cruise,347.32,2.68,0.342,1,2406.2,-3272.0,-513.7,3637.5,0.00,3.08,56,52,-1,40.1,36.6,23.4,23.6,-0.01,-0.04,0.72,0.00,0.00,0.00,-1.71,2.55,93,-1,0,-5,2.8,-0.06,0.342,0.359,1.21,0,26,0,215.1,36.6,46.5,58.0,0.00,1,14.4,-10.3
12.25,cruise,347.39,2.61,0.351,1,2406.1,-3271.3,-513.7,3637.2,-0.18,4.31,57,55,-1,40.6,36.6,24.9,24.9,-0.01,-0.02,0.78,0.00,0.00,0.00,-1.96,3.03,93,-1,0,-6,2.2,-0.06,0.351,0.364,1.14,0,26,0,214.5,38.1,48.8,58.9,0.00,1,15.5,-9.2
12.35,cruise,347.46,2.54,0.356,1,2406.1,-3270.8,-513.6,3636.8,-0.26,5.01,58,55,-1,41.1,36.6,26.6,26.2,-0.00,-0.00,0.84,0.00,0.00,0.00,-2.42,3.57,93,-1,0,-7,1.5,-0.06,0.357,0.359,1.15,0,26,0,213.7,39.6,51.1,59.9,0.00,1,15.9,-9.3
12.45,cruise,347.53,2.47,0.360,1,2406.1,-3270.8,-513.6,3636.3,-0.26,5.01,59,55,-1,41.6,36.6,28.3,27.5,0.01,0.01,0.90,0.00,0.00,0.00,-2.79,4.17,93,-1,0,-8,1.5,-0.06,0.361,0.368,1.21,0,26,0,213.0,41.1,53.3,60.8,0.00,1,15.9,-9.3
12.55,cruise,347.61,2.39,0.364,1,2406.0,-3269.6,-513.6,3635.7,-0.53,6.68,60,55,-1,42.2,36.7,30.1,28.9,0.02,0.02,0.96,0.00,0.00,0.00,-3.22,4.95,93,-1,0,-9,0.2,-0.05,0.365,0.381,1.28,0,26,0,212.3,42.6,55.4,61.7,0.00,1,16.1,-9.3
12.65,cruise,347.69,2.31,0.371,1,2406.0,-3268.8,-513.5,3635.1,-0.70,7.47,62,57,-1,42.8,36.7,32.0,30.2,0.03,0.04,1.00,0.00,0.00,0.00,-3.59,5.66,93,-1,0,-10,-0.2,-0.05,0.371,0.396,1.32,0,26,0,211.6,44.0,57.5,62.6,0.00,1,15.9,-9.2
12.75,cruise,347.77,2.23,0.380,1,2405.9,-3268.0,-513.5,3634.3,-0.97,8.44,64,57,-1,43.4,36.6,33.8,31.6,0.04,0.05,1.00,0.00,0.00,0.00,-3.91,6.40,93,-1,0,-11,-0.8,-0.05,0.380,0.413,1.33,0,26,0,210.9,45.5,59.5,63.5,0.00,1,15.4,-8.9
12.85,cruise,347.85,2.15,0.393,1,2405.9,-3268.0,-513.4,3633.5,-0.97,8.44,66,57,-1,44.1,36.7,35.7,32.9,0.04,0.05,1.00,0.00,0.00,0.00,-4.34,7.30,93,-1,0,-11,-0.8,-0.05,0.393,0.430,1.30,0,26,0,210.3,46.8,61.3,64.3,0.00,1,15.4,-8.9
12.95,cruise,347.93,2.07,0.420,1,2405.8,-3267.1,-513.3,3632.6,-1.14,9.32,68,57,-1,44.7,36.7,37.4,34.0,0.03,0.05,1.00,0.00,0.00,0.00,-4.59,8.19,93,-1,0,-12,-1.7,-0.04,0.420,0.455,1.25,0,26,0,209.7,48.0,62.9,65.1,0.00,1,14.6,-8.1
13.05,cruise,348.01,1.99,0.450,1,2405.6,-3266.1,-513.1,3631.6,-1.41,10.37,70,60,-1,45.4,36.7,39.0,35.0,0.02,0.04,1.00,0.00,0.00,0.00,-4.85,9.28,93,-1,0,-13,-2.8,-0.03,0.450,0.476,1.19,0,26,0,209.2,49.1,64.2,65.6,0.00,1,13.2,-7.0
13.15,cruise,348.09,1.91,0.480,1,2405.3,-3263.8,-513.0,3630.5,-2.02,12.57,72,60,-1,46.0,36.8,40.5,35.8,0.00,0.02,1.00,0.00,0.00,0.00,-5.04,10.39,93,-1,0,-13,-4.7,-0.02,0.480,0.492,1.14,0,26,0,208.9,50.0,65.2,66.0,0.00,1,9.4,-4.3
13.25,cruise,348.18,1.82,0.510,1,2405.0,-3262.4,-512.8,3629.3,-2.37,13.89,75,60,-1,46.7,36.9,41.7,36.2,-0.02,0.01,1.00,0.00,0.00,0.00,-5.27,11.59,93,-1,0,-13,-5.6,-0.01,0.510,0.522,1.15,0,26,0,208.7,50.7,65.8,66.2,0.00,1,7.7,-3.4
13.35,cruise,348.30,1.70,0.540,1,2405.0,-3262.4,-512.5,3627.9,-2.37,13.89,77,60,-1,47.5,37.1,42.8,36.6,-0.03,-0.00,1.00,0.00,0.00,0.00,-5.49,12.97,93,-1,0,-13,-5.6,0.00,0.540,0.558,1.25,0,26,0,208.8,51.4,66.3,66.1,0.00,1,7.7,-3.4
13.45,cruise,348.43,1.57,0.570,1,2404.5,-3259.3,-512.3,3626.4,-3.16,16.70,79,60,-1,48.3,37.4,43.8,36.8,-0.04,-0.01,1.00,0.00,0.00,0.00,-5.65,14.47,93,-1,0,-13,-6.6,0.01,0.570,0.597,1.44,0,26,0,209.0,52.0,66.6,66.0,0.00,1,5.8,-3.2
13.55,cruise,348.59,1.41,0.600,1,2404.5,-3259.3,-512.0,3624.8,-3.16,16.70,81,60,-1,49.1,37.7,44.8,36.9,-0.04,-0.01,1.00,0.00,0.00,0.00,-5.84,15.96,93,-1,0,-13,-6.6,0.02,0.600,0.631,1.64,0,26,0,209.3,52.6,66.8,65.7,0.00,1,5.8,-3.2
13.65,cruise,348.78,1.22,0.600,1,2404.1,-3257.5,-511.6,3623.0,-3.60,18.19,82,60,-1,50.0,38.2,45.7,37.1,-0.04,-0.02,1.00,0.00,0.00,0.00,-5.99,17.55,93,-1,0,-12,-6.8,0.02,0.600,0.634,1.92,0,26,0,209.6,53.3,67.0,65.4,0.00,1,5.1,-3.8
13.75,cruise,349.00,1.00,0.600,1,2403.3,-3253.4,-511.2,3621.1,-4.57,21.53,84,60,-1,50.9,38.7,46.5,37.4,-0.03,-0.02,1.00,0.00,0.00,0.00,-6.18,19.32,93,-1,0,-12,-5.8,0.02,0.600,0.634,2.28,0,26,0,210.1,54.0,67.2,65.1,0.00,1,4.0,-6.2
13.85,cruise,349.26,0.74,0.600,1,2402.8,-3251.2,-510.8,3618.9,-5.01,23.20,85,58,-1,51.9,39.4,47.4,37.9,-0.02,-0.03,1.00,0.00,0.00,0.00,-6.32,21.09,93,-1,0,-12,-5.0,0.01,0.600,0.630,2.69,0,26,0,210.7,54.9,67.4,64.8,0.00,1,3.6,-8.0
13.95,cruise,349.55,0.45,0.600,1,2402.3,-3248.7,-510.3,3616.7,-5.54,24.96,87,58,-1,52.9,40.1,48.2,38.6,-0.01,-0.03,1.00,0.00,0.00,0.00,-6.37,22.87,93,-1,0,-12,-4.0,0.00,0.600,0.623,3.06,0,26,0,211.3,56.0,67.7,64.6,0.00,1,3.6,-9.4
14.05,cruise,349.87,0.13,0.600,1,2402.3,-3248.7,-509.8,3614.2,-5.54,24.96,88,58,-1,54.0,40.9,49.1,39.5,-0.00,-0.03,1.00,0.00,0.00,0.00,-6.41,24.75,93,-1,0,-12,-4.0,-0.01,0.600,0.616,3.41,0,26,0,211.9,57.1,68.0,64.6,0.00,1,3.6,-9.4
14.15,cruise,350.22,-0.22,0.500,1,2401.7,-3246.1,-509.2,3611.6,-5.98,26.63,89,58,-1,55.0,41.8,50.1,40.6,0.01,-0.03,1.00,0.00,0.00,0.00,-6.22,26.58,93,-1,0,-12,-3.4,-0.02,0.500,0.516,3.72,0,26,0,212.4,58.3,68.5,64.6,0.00,1,4.4,-9.9
14.25,cruise,350.59,-0.59,0.400,1,2400.4,-3240.3,-508.5,3608.8,-6.77,30.06,91,56,-1,56.1,42.7,51.2,41.7,0.02,-0.02,1.00,0.00,0.00,0.00,-6.07,28.46,93,-1,0,-12,-2.6,-0.02,0.400,0.417,4.00,0,26,0,212.8,59.4,69.1,64.8,0.00,1,5.6,-10.1
14.35,cruise,350.97,-0.97,0.327,1,2399.7,-3237.2,-507.9,3605.8,-7.03,31.29,92,56,-1,57.2,43.6,52.3,42.9,0.03,-0.03,1.00,0.00,0.00,0.00,-5.67,30.29,93,-1,0,-12,-2.4,-0.03,0.327,0.346,4.14,0,26,0,213.2,60.6,69.8,65.1,0.00,1,5.7,-10.1
14.45,cruise,351.33,-1.33,0.352,1,2399.7,-3237.2,-507.2,3602.7,-7.03,31.29,94,56,-1,58.1,44.3,53.4,44.1,0.03,-0.02,1.00,0.00,0.00,0.00,-5.02,31.67,93,-1,0,-12,-2.4,-0.03,0.352,0.370,4.01,0,26,0,213.6,61.8,70.4,65.4,0.00,1,5.7,-10.1
14.55,cruise,351.64,-1.64,0.373,1,2399.0,-3234.0,-506.5,3599.5,-7.21,32.26,95,56,-1,58.9,44.9,54.6,45.4,0.03,-0.01,1.00,0.00,0.00,0.00,-4.13,32.79,93,-1,0,-13,-2.3,-0.04,0.373,0.390,3.64,0,26,0,213.8,62.9,71.1,65.8,0.00,1,6.5,-9.8
14.65,cruise,351.91,-1.91,0.390,1,2398.2,-3230.7,-505.7,3596.2,-7.29,33.05,97,55,-1,59.6,45.2,55.9,46.6,0.03,-0.00,1.00,0.00,0.00,0.00,-3.11,33.70,93,-1,0,-13,-2.7,-0.03,0.390,0.403,3.17,0,26,0,213.8,63.9,71.8,66.3,0.00,1,7.1,-8.9
14.75,cruise,352.14,-2.14,0.406,1,2396.7,-3223.9,-505.0,3592.9,-7.56,34.98,99,55,-1,60.3,45.5,57.1,47.7,0.03,0.01,1.00,0.00,0.00,0.00,-1.93,34.67,93,-1,0,-14,-4.1,-0.03,0.406,0.421,2.73,0,26,0,213.9,64.9,72.6,66.7,0.00,1,7.6,-7.0
14.85,cruise,352.33,-2.33,0.415,1,2396.7,-3223.9,-504.2,3589.4,-7.56,34.98,101,55,-1,61.0,45.8,58.3,48.6,0.02,0.01,1.00,0.00,0.00,0.00,-0.67,35.78,93,-1,0,-14,-4.1,-0.02,0.415,0.426,2.32,0,26,0,213.8,65.8,73.2,67.1,0.00,1,7.6,-7.0
14.95,cruise,352.49,-2.49,0.425,1,2395.2,-3216.6,-503.5,3585.8,-7.91,37.18,103,55,-1,61.6,46.0,59.5,49.4,0.00,0.00,1.00,0.00,0.00,0.00,0.69,36.85,93,-1,0,-15,-5.5,-0.02,0.425,0.428,1.92,0,26,0,213.6,66.4,73.8,67.5,0.00,1,7.4,-3.7
15.05,cruise,352.61,-2.61,0.436,1,2395.2,-3216.6,-502.7,3582.1,-7.91,37.18,105,56,-1,62.3,46.2,60.6,49.9,-0.00,0.00,1.00,0.00,0.00,0.00,2.18,37.95,93,-1,0,-15,-5.5,-0.01,0.436,0.438,1.52,0,26,0,213.4,67.0,74.4,67.8,0.00,1,7.4,-3.7
15.15,cruise,352.70,-2.70,0.447,1,2394.4,-3212.8,-501.9,3578.3,-8.09,38.41,107,56,-1,63.0,46.3,61.6,50.4,-0.01,0.00,1.00,0.00,0.00,0.00,3.75,39.07,93,-1,0,-15,-6.0,-0.00,0.447,0.451,1.15,0,26,0,213.1,67.5,74.9,68.0,0.00,1,7.2,-3.2
15.25,cruise,352.75,-2.75,0.461,1,2392.7,-3204.8,-501.1,3574.4,-8.44,40.87,109,56,-1,63.6,46.4,62.6,50.9,-0.01,0.00,1.00,0.00,0.00,0.00,5.36,40.13,93,-1,0,-15,-6.4,-0.00,0.461,0.466,0.77,0,26,0,212.9,68.0,75.4,68.2,0.00,1,6.7,-2.7
15.35,cruise,352.77,-2.77,0.477,1,2391.8,-3200.7,-500.2,3570.3,-8.70,42.01,111,56,-1,64.2,46.4,63.6,51.3,-0.01,0.00,1.00,0.00,0.00,0.00,7.01,41.14,93,-1,0,-15,-6.5,-0.00,0.477,0.483,0.36,0,26,0,212.7,68.5,75.8,68.4,0.00,1,6.4,-2.5
15.45,cruise,352.74,-2.74,0.496,1,2391.8,-3200.7,-499.3,3566.2,-8.70,42.01,113,57,-1,64.7,46.3,64.5,51.6,-0.01,0.00,1.00,0.00,0.00,0.00,8.63,42.03,93,-1,0,-16,-6.5,-0.00,0.496,0.503,-0.05,0,26,0,212.5,68.9,76.2,68.6,0.00,1,6.4,-2.5
15.55,cruise,352.67,-2.67,0.515,1,2390.0,-3191.9,-498.5,3561.9,-9.23,44.82,115,57,-1,65.3,46.2,65.4,52.0,-0.01,0.00,1.00,0.00,0.00,0.00,10.35,43.11,93,-1,0,-16,-6.5,-0.00,0.515,0.523,-0.44,0,26,0,212.2,69.4,76.6,68.7,0.00,1,5.9,-2.3
15.65,cruise,352.57,-2.57,0.534,1,2389.1,-3187.3,-497.5,3557.4,-9.49,46.23,117,57,-1,65.8,46.2,66.2,52.3,-0.01,0.00,1.00,0.00,0.00,0.00,12.07,44.14,93,-1,0,-16,-6.4,-0.00,0.534,0.541,-0.78,0,26,0,212.1,69.8,77.0,68.8,0.00,1,5.5,-2.2
15.75,cruise,352.44,-2.44,0.555,1,2389.1,-3187.3,-496.6,3552.8,-9.49,46.23,119,57,-1,66.2,46.1,67.0,52.6,-0.01,0.00,1.00,0.00,0.00,0.00,13.79,45.13,93,-1,0,-16,-6.4,-0.00,0.555,0.562,-1.14,0,26,0,211.9,70.2,77.3,68.9,0.00,1,5.5,-2.2
15.85,cruise,352.27,-2.27,0.578,1,2387.1,-3177.7,-495.6,3548.1,-10.11,49.39,120,57,-1,66.7,46.0,67.7,52.9,-0.01,0.00,1.00,0.00,0.00,0.00,15.64,46.22,93,-1,0,-16,-6.3,-0.00,0.578,0.585,-1.49,0,26,0,211.8,70.6,77.7,68.9,0.00,1,4.9,-3.2
15.95,cruise,352.07,-2.07,0.600,1,2386.1,-3172.6,-494.6,3543.2,-10.37,51.15,122,57,-1,67.2,45.9,68.5,53.2,-0.01,0.01,1.00,0.00,0.00,0.00,17.41,47.32,93,-1,0,-16,-6.3,-0.00,0.600,0.608,-1.82,0,26,0,211.9,71.1,78.0,68.9,0.00,1,4.6,-3.2
16.05,cruise,351.84,-1.84,0.624,1,2385.0,-3167.4,-493.6,3538.1,-10.72,52.91,123,57,-1,67.6,45.8,69.2,53.5,-0.01,0.00,1.00,0.00,0.00,0.00,19.35,48.48,93,-1,0,-16,-6.2,-0.00,0.624,0.632,-2.12,0,26,0,212.0,71.5,78.2,68.9,0.00,1,4.3,-3.5
16.15,cruise,351.58,-1.58,0.649,1,2385.0,-3167.4,-492.5,3532.9,-10.72,52.91,125,57,-1,68.1,45.7,69.9,53.9,-0.01,0.01,1.00,0.00,0.00,0.00,21.21,49.64,93,-1,0,-16,-6.2,-0.01,0.649,0.657,-2.44,0,26,0,212.2,72.1,78.5,68.9,0.00,1,4.3,-3.5
16.25,cruise,351.29,-1.29,0.675,1,2383.9,-3161.9,-491.4,3527.4,-11.07,54.76,126,56,-1,68.5,45.6,70.5,54.2,-0.01,0.01,1.00,0.00,0.00,0.00,23.10,50.86,93,-1,0,-16,-6.1,-0.01,0.675,0.683,-2.72,0,26,0,212.5,72.6,78.7,68.8,0.00,1,3.9,-4.1
16.35,cruise,350.98,-0.98,0.701,1,2381.6,-3150.5,-490.3,3521.8,-11.78,58.80,127,56,-1,68.9,45.6,71.2,54.5,-0.01,0.00,1.00,0.00,0.00,0.00,25.04,52.13,93,-1,0,-16,-6.0,-0.00,0.701,0.709,-2.99,0,26,0,212.9,73.1,78.9,68.6,0.00,1,3.0,-4.1
16.45,cruise,350.64,-0.64,0.729,1,2380.4,-3144.4,-489.1,3516.0,-12.13,60.91,128,56,-1,69.4,45.6,71.7,54.7,-0.01,0.00,1.00,0.00,0.00,0.00,27.08,53.50,93,-1,0,-15,-5.9,-0.01,0.729,0.736,-3.26,0,26,0,213.5,73.7,79.0,68.4,0.00,1,2.2,-4.4
16.55,cruise,350.28,-0.28,0.757,1,2380.4,-3144.4,-487.9,3509.9,-12.13,60.91,129,56,-1,69.0,44.4,72.2,54.8,-0.01,0.00,1.00,0.00,0.00,0.00,29.10,54.86,93,-1,0,-15,-5.9,-0.00,0.757,0.765,-3.51,0,26,0,214.3,74.2,79.1,68.0,0.00,1,2.2,-4.4
16.65,cruise,349.89,0.11,0.786,1,2379.2,-3138.2,-486.7,3503.7,-12.57,63.19,130,54,-1,68.7,43.2,72.6,55.0,-0.00,0.01,1.00,0.00,0.00,0.00,30.99,56.49,93,-1,0,-15,-5.9,-0.00,0.786,0.795,-3.74,0,26,0,215.3,74.9,79.1,67.6,0.00,1,1.8,-4.7
16.75,cruise,349.49,0.51,0.800,1,2377.9,-3131.7,-485.4,3497.2,-12.92,65.57,131,54,-1,68.3,42.0,73.1,55.1,-0.00,0.01,1.00,0.00,0.00,0.00,33.00,58.11,93,-1,0,-14,-5.9,-0.00,0.800,0.811,-3.94,0,26,0,216.5,75.5,79.1,67.2,0.00,1,1.5,-5.3
16.85,cruise,349.07,0.93,0.800,1,2375.2,-3118.0,-484.1,3490.4,-13.62,70.49,131,54,-1,67.9,40.7,73.4,55.1,-0.00,0.01,1.00,0.00,0.00,0.00,35.05,59.80,93,-1,0,-14,-5.7,0.00,0.800,0.813,-4.14,0,26,0,217.8,76.1,79.1,66.6,0.00,1,0.2,-5.0
16.95,cruise,348.63,1.37,0.800,1,2375.2,-3118.0,-482.7,3483.5,-13.62,70.49,132,54,-1,67.5,39.5,73.7,55.0,-0.00,0.01,1.00,0.00,0.00,0.00,37.03,61.51,93,-1,0,-13,-5.7,0.00,0.800,0.812,-4.33,0,26,0,219.5,76.7,79.0,65.9,0.00,1,0.2,-5.0
17.05,cruise,348.18,1.82,0.800,1,2372.4,-3103.2,-481.3,3476.2,-14.24,75.59,132,48,-1,67.1,38.4,73.7,54.5,-0.01,0.01,1.00,0.00,0.00,0.00,38.56,63.57,93,-1,0,-12,-5.6,0.01,0.800,0.809,-4.52,0,26,0,221.5,77.3,78.7,64.8,0.00,1,-2.9,-4.7
17.15,cruise,347.72,2.28,0.800,1,2371.0,-3095.5,-479.9,3468.7,-14.50,78.13,132,48,-1,66.7,37.5,73.6,53.8,-0.01,-0.00,1.00,0.00,0.00,0.00,39.85,65.79,93,-1,0,-11,-5.6,0.01,0.800,0.807,-4.70,0,26,0,223.9,77.8,78.3,63.5,0.00,1,-4.4,-4.5
17.25,cruise,347.24,2.76,0.800,1,2371.0,-3095.5,-478.5,3461.0,-14.50,78.13,132,48,-1,66.2,36.6,73.4,52.8,-0.01,-0.01,1.00,0.00,0.00,0.00,40.95,68.11,93,-1,0,-9,-5.6,0.02,0.800,0.816,-4.88,0,26,0,226.6,78.4,77.7,61.9,0.00,1,-4.4,-4.5
17.35,cruise,346.75,3.25,0.800,1,2369.5,-3087.5,-477.0,3453.0,-14.77,80.60,131,48,-1,65.7,35.9,73.0,51.7,-0.01,-0.01,1.00,0.00,0.00,0.00,41.71,70.53,93,-1,0,-7,-5.6,0.03,0.800,0.818,-5.04,0,26,0,229.7,79.0,77.1,60.1,0.00,1,-5.5,-4.7
17.45,cruise,346.25,3.75,0.800,1,2366.5,-3070.7,-475.5,3444.7,-15.03,85.52,129,36,-1,65.2,35.2,72.7,50.6,-0.01,-0.01,1.00,0.00,0.00,0.00,40.59,73.99,93,-1,0,-5,-5.6,0.04,0.800,0.816,-5.18,0,26,0,233.0,79.7,76.4,58.2,0.00,1,-6.3,-6.6
17.55,cruise,345.73,4.27,0.800,1,2365.0,-3062.0,-474.0,3436.2,-15.12,87.98,127,36,-1,64.6,34.5,72.4,49.5,-0.01,-0.01,1.00,0.00,0.00,0.00,39.35,77.40,93,-1,0,-3,-5.7,0.05,0.800,0.814,-5.30,0,26,0,236.6,80.5,75.7,56.3,0.00,1,-6.6,-7.6
17.65,cruise,345.20,4.80,0.800,1,2365.0,-3062.0,-472.5,3427.5,-15.12,87.98,125,36,-1,64.1,33.9,72.0,48.5,-0.01,-0.00,1.00,0.00,0.00,0.00,37.93,80.81,93,-1,0,-1,-5.7,0.06,0.800,0.811,-5.40,0,26,0,240.5,81.4,75.0,54.3,0.00,1,-6.6,-7.6
17.75,cruise,344.67,5.33,0.800,1,2362.0,-3043.8,-471.0,3418.5,-15.12,92.72,123,36,-1,63.5,33.3,71.7,47.5,-0.01,-0.00,1.00,0.00,0.00,0.00,36.38,84.08,93,-1,0,1,-5.8,0.07,0.800,0.809,-5.48,0,26,0,244.6,82.4,74.2,52.2,0.00,1,-7.3,-9.4
17.85,cruise,344.13,5.87,0.800,1,2362.0,-3043.8,-469.5,3409.3,-15.12,92.72,116,20,-1,63.0,32.8,71.3,46.6,-0.01,0.00,1.00,0.00,0.00,0.00,27.24,89.91,93,-1,0,3,-5.8,0.08,0.800,0.808,-5.54,0,26,0,248.9,83.5,73.4,50.1,0.00,1,-7.3,-9.4
17.95,cruise,343.59,6.41,0.800,1,2360.5,-3034.4,-468.0,3399.9,-15.03,95.10,110,20,-1,62.4,32.3,70.9,45.8,-0.01,0.00,1.00,0.00,0.00,0.00,17.90,94.60,93,-1,0,5,-5.7,0.09,0.800,0.809,-5.58,0,26,0,253.4,84.7,72.6,48.0,0.00,1,-7.6,-10.4
18.05,cruise,343.04,6.96,0.800,1,2359.0,-3024.7,-466.5,3390.2,-14.94,97.47,104,20,-1,61.8,31.9,70.6,45.2,-0.00,0.01,1.00,0.00,0.00,0.00,8.68,98.23,93,-1,0,7,-5.1,0.10,0.800,0.808,-5.58,0,26,0,258.1,86.1,71.8,45.9,0.00,1,-8.0,-11.9
18.15,cruise,342.49,7.51,0.800,1,2356.1,-3004.6,-465.0,3380.3,-14.41,102.04,98,20,-1,61.2,31.6,70.2,44.9,0.00,0.01,1.00,0.00,0.00,0.00,0.05,100.83,93,-1,0,9,-2.4,0.09,0.800,0.811,-5.57,0,26,0,263.0,87.6,71.0,44.0,0.00,1,-9.8,-15.4
18.25,cruise,341.94,8.06,0.800,1,2356.1,-3004.6,-463.6,3370.1,-14.41,102.04,87,1,-1,60.6,31.5,69.7,44.8,0.01,0.00,1.00,0.00,0.00,0.00,-19.58,101.18,93,-1,0,11,-2.4,0.08,0.800,0.808,-5.56,0,26,0,267.9,89.2,69.9,42.1,0.00,1,-9.8,-15.4
18.35,cruise,341.40,8.60,0.800,1,2354.7,-2994.3,-462.2,3359.8,-13.97,104.15,74,1,-1,60.6,32.3,68.9,44.8,0.01,-0.02,1.00,0.00,0.00,0.00,-41.56,96.52,93,-1,0,13,-0.1,0.06,0.800,0.822,-5.54,0,26,0,272.1,90.8,68.7,40.3,0.00,1,-12.2,-16.4
18.45,cruise,340.86,9.14,0.800,1,2353.3,-2983.7,-460.8,3349.2,-13.45,106.44,61,1,-1,60.4,33.2,68.0,44.8,0.01,-0.04,1.00,0.00,0.00,0.00,-62.74,87.02,93,-1,0,14,2.3,0.04,0.800,0.838,-5.50,0,26,0,275.4,92.3,67.2,38.5,0.00,1,-14.3,-15.9
18.55,cruise,340.33,9.67,0.800,1,2352.0,-2972.9,-459.5,3338.4,-12.92,108.54,50,1,-1,60.3,34.2,66.9,45.1,0.02,-0.04,1.00,0.00,0.00,0.00,-80.14,74.34,93,-1,0,16,4.3,0.03,0.800,0.847,-5.41,0,26,0,277.8,93.6,65.7,37.2,0.00,1,-14.8,-14.6
18.65,cruise,339.82,10.18,0.800,1,2350.8,-2961.9,-459.5,3338.4,-12.04,110.65,37,349,-1,60.1,35.3,66.0,45.7,0.02,-0.04,1.00,0.00,0.00,0.00,-94.37,55.16,93,-1,0,17,7.7,0.03,0.800,0.852,-5.41,0,26,0,279.7,94.7,64.2,36.2,0.00,1,-12.2,-13.8
18.75,cruise,339.31,10.69,0.800,1,2348.6,-2939.2,-458.3,3327.4,-10.28,114.52,27,349,-1,60.0,36.2,65.3,46.6,0.03,-0.03,1.00,0.00,0.00,0.00,-104.38,38.66,93,-1,0,17,8.9,-0.01,0.800,0.854,-5.25,0,26,0,281.2,95.8,63.0,35.7,0.00,1,-9.8,-13.5
18.85,cruise,338.83,11.17,0.800,1,2347.6,-2927.6,-456.1,3304.7,-9.14,116.46,18,349,-1,59.9,37.0,64.7,47.9,0.05,-0.02,1.00,0.00,0.00,0.00,-111.99,26.07,93,-1,0,17,10.2,-0.02,0.800,0.854,-4.76,0,26,0,282.3,96.6,61.9,35.6,0.00,1,-7.9,-12.1
18.95,cruise,338.37,11.63,0.800,1,2346.8,-2915.8,-455.1,3293.1,-8.09,118.30,12,349,-1,59.7,37.8,64.2,49.2,0.05,-0.02,1.00,0.00,0.00,0.00,-115.83,15.12,93,-1,0,17,10.2,-0.04,0.800,0.856,-4.48,0,26,0,283.0,97.3,61.0,35.8,0.00,1,-6.8,-9.7
19.05,cruise,337.94,12.06,0.800,1,2346.8,-2915.8,-454.3,3281.3,-8.09,118.30,7,346,-1,59.6,38.5,63.8,50.3,0.05,-0.02,1.00,0.00,0.00,0.00,-118.44,5.59,93,-1,0,17,10.2,-0.04,0.800,0.857,-4.22,0,26,0,283.3,97.7,60.2,36.1,0.00,1,-6.8,-9.7
19.15,cruise,337.53,12.47,0.800,1,2346.1,-2903.9,-453.6,3269.4,-6.86,120.06,3,346,-1,59.4,39.2,63.2,51.1,0.05,-0.03,1.00,0.00,0.00,0.00,-120.25,-1.46,93,-1,0,17,10.0,-0.04,0.800,0.859,-3.98,0,26,0,283.0,97.7,59.4,36.3,0.00,1,-6.2,-6.6
19.25,cruise,337.16,12.84,0.800,1,2345.0,-2879.4,-453.0,3257.2,-4.22,123.57,359,346,-1,59.3,39.9,62.4,51.5,0.04,-0.04,1.00,0.00,0.00,0.00,-121.76,-6.72,93,-1,0,16,9.6,-0.04,0.800,0.861,-3.75,0,26,0,282.1,97.4,58.7,36.6,0.00,1,-5.8,0.8
19.35,cruise,336.82,13.18,0.800,1,2344.7,-2867.0,-452.5,3244.9,-2.99,125.24,357,346,-1,59.2,40.5,61.5,51.4,0.03,-0.05,1.00,0.00,0.00,0.00,-123.20,-10.47,93,-1,0,16,8.3,-0.03,0.800,0.862,-3.52,0,26,0,280.7,96.7,58.1,36.8,0.00,1,-4.9,3.7
19.45,cruise,336.52,13.48,0.800,1,2344.7,-2867.0,-452.2,3232.5,-2.99,125.24,356,350,-1,59.1,40.9,60.6,51.2,0.02,-0.06,1.00,0.00,0.00,0.00,-124.68,-12.22,93,-1,0,16,8.3,-0.02,0.800,0.857,-3.25,0,26,0,279.2,95.8,57.6,37.0,0.00,1,-4.9,3.7
19.55,cruise,336.25,13.75,0.800,1,2344.5,-2854.3,-452.0,3219.8,-1.76,126.91,355,350,-1,59.0,41.1,59.9,50.8,0.01,-0.05,1.00,0.00,0.00,0.00,-126.21,-13.44,93,-1,0,16,6.4,0.00,0.800,0.849,-2.93,0,26,0,277.6,94.9,57.4,37.3,0.00,1,-2.8,5.7
19.65,cruise,336.01,13.99,0.800,1,2344.5,-2828.5,-451.9,3207.0,0.70,130.08,354,350,-1,59.0,41.1,59.4,50.4,0.01,-0.04,1.00,0.00,0.00,0.00,-127.70,-14.26,93,-1,0,15,3.6,0.02,0.800,0.839,-2.55,0,26,0,275.9,93.8,57.4,37.8,0.00,1,2.9,8.6
19.75,cruise,335.82,14.18,0.800,1,2344.5,-2828.5,-452.0,3194.0,0.70,130.08,353,350,-1,59.1,40.9,59.2,50.0,0.01,-0.02,1.00,0.00,0.00,0.00,-129.24,-14.78,93,-1,0,14,3.6,0.03,0.800,0.830,-2.14,0,26,0,274.3,92.7,57.8,38.5,0.00,1,2.9,8.6
19.85,cruise,335.66,14.34,0.800,1,2344.6,-2815.4,-452.1,3180.9,1.76,131.66,354,357,-1,59.1,40.6,59.3,49.9,0.02,-0.01,1.00,0.00,0.00,0.00,-131.04,-12.90,93,-1,0,13,3.0,0.03,0.800,0.822,-1.70,0,26,0,272.5,91.5,58.5,39.6,0.00,1,6.1,9.4
19.95,cruise,335.54,14.46,0.800,1,2345.2,-2788.6,-452.4,3167.6,3.69,135.00,354,357,-1,59.2,40.2,59.6,49.9,0.03,0.01,1.00,0.00,0.00,0.00,-132.88,-11.28,93,-1,0,12,3.5,0.02,0.800,0.828,-1.26,0,26,0,270.6,90.3,59.5,41.0,0.00,1,11.1,10.7
20.05,cruise,335.46,14.54,0.800,1,2345.6,-2775.0,-452.7,3154.1,4.48,136.58,354,357,-1,59.3,39.7,60.1,50.0,0.03,0.01,1.00,0.00,0.00,0.00,-134.69,-9.79,93,-1,0,10,3.8,0.01,0.800,0.838,-0.85,0,26,0,268.3,89.0,60.6,42.6,0.00,1,11.8,12.3
20.15,cruise,335.42,14.58,0.800,1,2345.6,-2775.0,-453.1,3140.5,4.48,136.58,355,357,-1,59.5,39.2,60.5,50.0,0.03,0.02,1.00,0.00,0.00,0.00,-136.39,-8.59,93,-1,0,9,3.8,-0.00,0.800,0.838,-0.47,0,26,0,265.4,87.5,61.8,44.4,0.00,1,11.8,12.3
20.25,cruise,335.41,14.59,0.800,1,2346.1,-2761.2,-453.6,3126.7,5.19,138.34,357,7,-1,59.5,38.8,60.8,50.0,0.03,0.01,1.00,0.00,0.00,0.00,-138.43,-1.80,93,-1,0,7,4.5,-0.02,0.800,0.833,-0.13,0,26,0,261.9,85.9,63.0,46.2,0.00,1,12.0,14.2
20.35,cruise,335.44,14.56,0.800,1,2346.7,-2747.3,-454.2,3112.8,5.89,140.01,359,7,-1,59.6,38.3,61.0,49.7,0.03,0.01,1.00,0.00,0.00,0.00,-140.07,4.23,93,-1,0,5,5.1,-0.04,0.800,0.825,0.17,0,26,0,257.6,83.9,64.2,48.1,0.00,1,12.0,16.5
20.45,cruise,335.51,14.49,0.800,1,2347.3,-2733.1,-454.8,3098.6,6.42,141.77,1,7,-1,59.7,37.8,61.1,49.1,0.02,-0.00,1.00,0.00,0.00,0.00,-141.60,9.40,93,-1,0,3,4.9,-0.04,0.800,0.814,0.47,0,26,0,252.7,81.8,65.3,50.0,0.00,1,11.8,18.9
20.55,cruise,335.61,14.39,0.800,1,2348.7,-2704.3,-455.5,3084.3,7.03,145.28,3,7,-1,59.8,37.2,61.1,48.2,0.01,-0.01,1.00,0.00,0.00,0.00,-143.02,13.83,93,-1,0,1,2.8,-0.04,0.800,0.810,0.75,0,26,0,247.1,79.5,66.3,51.7,0.00,1,11.1,24.0
20.65,cruise,335.74,14.26,0.800,1,2349.4,-2689.7,-456.2,3069.8,7.03,146.95,12,28,-1,59.9,36.6,61.0,47.0,-0.01,-0.01,1.00,0.00,0.00,0.00,-140.93,36.00,93,-1,0,-0,2.0,-0.04,0.800,0.815,1.04,0,26,0,241.2,77.1,67.3,53.3,0.00,1,11.1,25.5
20.75,cruise,335.91,14.09,0.800,1,2350.1,-2674.9,-456.9,3055.2,6.86,148.71,20,28,-1,60.0,35.9,60.9,45.6,-0.01,-0.01,1.00,0.00,0.00,0.00,-135.81,56.57,93,-1,0,-2,1.3,-0.03,0.800,0.818,1.36,0,26,0,235.3,74.6,68.3,54.8,0.00,1,11.8,26.0
20.85,cruise,336.12,13.88,0.800,1,2350.8,-2659.9,-457.6,3040.4,6.59,150.29,27,28,-1,60.2,35.2,61.0,44.2,-0.01,-0.00,1.00,0.00,0.00,0.00,-128.90,74.47,93,-1,0,-3,0.6,-0.03,0.800,0.813,1.69,0,26,0,229.5,72.0,69.2,56.3,0.00,1,12.0,25.8
20.95,cruise,336.35,13.65,0.800,1,2350.8,-2659.9,-458.3,3025.4,6.59,150.29,34,28,-1,60.3,34.4,61.2,42.8,-0.01,0.00,1.00,0.00,0.00,0.00,-121.09,89.27,93,-1,0,-5,0.6,-0.03,0.800,0.812,2.04,0,26,0,224.2,69.6,70.1,57.7,0.00,1,12.0,25.8
21.05,cruise,336.62,13.38,0.800,1,2351.4,-2644.7,-458.9,3010.2,6.15,151.96,44,49,-1,60.4,33.7,61.4,41.3,-0.01,0.01,1.00,0.00,0.00,0.00,-104.46,110.54,93,-1,0,-6,0.1,-0.03,0.800,0.816,2.39,0,26,0,219.5,67.3,71.0,58.9,0.00,1,11.5,24.7
21.15,cruise,336.92,13.08,0.800,1,2352.5,-2613.9,-459.5,2994.9,4.83,155.04,54,49,-1,60.5,32.9,61.6,39.9,-0.01,0.01,1.00,0.00,0.00,0.00,-85.76,127.48,93,-1,0,-7,-0.8,-0.03,0.800,0.819,2.74,0,26,0,215.5,65.1,71.7,60.1,0.00,1,10.5,22.4
21.25,cruise,337.26,12.74,0.800,1,2352.9,-2598.3,-460.0,2979.4,3.87,156.62,62,49,-1,60.6,32.2,61.9,38.6,-0.01,0.02,1.00,0.00,0.00,0.00,-67.56,139.63,93,-1,0,-8,-1.1,-0.03,0.800,0.822,3.10,0,26,0,212.0,63.1,72.4,61.1,0.00,1,9.9,21.2
21.35,cruise,337.62,12.38,0.800,1,2353.2,-2582.5,-460.4,2963.8,2.90,158.03,69,49,-1,60.6,31.5,62.2,37.2,-0.01,0.02,1.00,0.00,0.00,0.00,-51.80,147.86,93,-1,0,-9,-1.4,-0.03,0.800,0.825,3.45,0,26,0,209.0,61.1,73.0,62.0,0.00,1,9.0,20.5
21.45,cruise,338.03,11.97,0.800,1,2353.2,-2582.5,-460.7,2948.0,2.90,158.03,76,63,-1,60.7,30.9,62.5,35.8,-0.01,0.02,1.00,0.00,0.00,0.00,-34.22,154.31,93,-1,0,-10,-1.4,-0.03,0.800,0.826,3.78,0,26,0,206.5,59.2,73.5,62.8,0.00,1,9.0,20.5
21.55,cruise,338.47,11.53,0.800,1,2353.4,-2566.6,-460.9,2932.1,1.76,159.43,82,63,-1,60.8,30.4,62.6,34.2,-0.02,0.01,1.00,0.00,0.00,0.00,-20.19,158.16,93,-1,0,-10,-1.6,-0.03,0.800,0.824,4.12,0,26,0,204.5,57.3,73.7,63.3,0.00,1,7.4,20.4
21.65,cruise,338.94,11.06,0.800,1,2353.4,-2534.4,-461.0,2916.1,-0.88,161.89,86,63,-1,60.8,30.1,62.7,32.4,-0.02,0.00,1.00,0.00,0.00,0.00,-9.67,160.37,93,-1,0,-11,-1.8,-0.03,0.800,0.822,4.45,0,26,0,202.8,55.4,73.8,63.6,0.00,1,4.6,19.8
21.75,cruise,339.45,10.55,0.800,1,2353.2,-2518.2,-460.9,2899.9,-2.29,163.13,89,63,-1,60.8,29.8,62.6,30.6,-0.03,0.00,1.00,0.00,0.00,0.00,-2.35,161.88,93,-1,0,-11,-2.1,-0.03,0.800,0.823,4.79,0,26,0,201.5,53.5,73.7,63.7,0.00,1,4.1,18.4
21.85,cruise,339.99,10.01,0.800,1,2353.2,-2518.2,-460.7,2883.7,-2.29,163.13,92,68,-1,60.8,29.6,62.6,28.8,-0.03,0.00,1.00,0.00,0.00,0.00,4.28,163.08,93,-1,0,-11,-2.1,-0.03,0.800,0.826,5.13,0,26,0,200.5,51.8,73.6,63.7,0.00,1,4.1,18.4
21.95,cruise,340.57,9.43,0.800,1,2352.9,-2501.8,-460.4,2867.3,-3.78,164.18,94,68,-1,60.9,29.4,62.7,27.0,-0.03,0.01,1.00,0.00,0.00,0.00,8.58,164.00,93,-1,0,-11,-2.8,-0.02,0.800,0.830,5.48,0,26,0,199.8,50.3,73.4,63.5,0.00,1,3.6,16.6
22.05,cruise,341.18,8.82,0.800,1,2352.4,-2485.3,-459.9,2850.8,-5.36,165.23,96,68,-1,60.9,29.3,62.8,25.2,-0.03,0.01,1.00,0.00,0.00,0.00,10.98,164.96,93,-1,0,-10,-3.9,-0.00,0.800,0.835,5.83,0,26,0,199.4,49.1,73.1,63.0,0.00,1,3.2,14.4
22.15,cruise,341.83,8.17,0.800,1,2350.9,-2452.0,-459.2,2834.2,-8.79,167.08,96,68,-1,60.9,29.2,62.9,23.4,-0.04,0.01,1.00,0.00,0.00,0.00,11.82,165.93,93,-1,0,-9,-6.5,0.02,0.800,0.840,6.19,0,26,0,199.2,48.1,72.6,62.2,0.00,1,2.3,9.5
22.25,cruise,342.51,7.49,0.800,1,2349.9,-2435.2,-458.4,2817.5,-10.46,167.96,97,70,-1,61.4,29.6,63.0,21.5,-0.04,0.01,1.00,0.00,0.00,0.00,11.65,166.91,93,-1,0,-8,-7.8,0.04,0.800,0.843,6.54,0,26,0,199.4,47.3,72.0,61.1,0.00,1,1.8,6.9
22.35,cruise,343.22,6.78,0.800,1,2349.9,-2435.2,-457.4,2800.7,-10.46,167.96,97,70,-1,62.2,30.2,63.1,19.6,-0.05,0.01,1.00,0.00,0.00,0.00,10.53,167.95,93,-1,0,-7,-7.8,0.06,0.800,0.843,6.89,0,26,0,199.8,46.9,71.3,59.7,0.00,1,1.8,6.9
22.45,cruise,343.97,6.03,0.793,1,2347.4,-2401.4,-456.2,2783.9,-14.06,169.54,97,70,-1,62.9,30.9,63.3,17.9,-0.05,0.00,1.00,0.00,0.00,0.00,8.56,169.06,93,-1,0,-5,-7.5,0.07,0.793,0.833,7.24,0,26,0,200.4,46.7,70.7,58.2,0.00,1,1.0,1.7
22.55,cruise,344.74,5.26,0.745,1,2347.4,-2401.4,-454.9,2766.9,-14.06,169.54,97,70,-1,63.8,31.6,63.4,16.5,-0.05,-0.00,1.00,0.00,0.00,0.00,5.97,170.02,93,-1,0,-4,-7.5,0.07,0.745,0.783,7.57,0,26,0,201.0,46.7,70.1,56.7,0.00,1,1.0,1.7
22.65,cruise,345.55,4.45,0.696,1,2345.8,-2384.4,-453.3,2749.9,-15.82,170.42,96,67,-1,64.6,32.5,63.5,15.6,-0.05,-0.01,1.00,0.00,0.00,0.00,2.66,171.13,93,-1,0,-2,-6.6,0.07,0.696,0.736,7.90,0,26,0,201.6,47.0,69.7,55.4,0.00,1,0.5,-0.9
22.75,cruise,346.37,3.63,0.649,1,2342.3,-2350.2,-451.6,2732.8,-18.98,171.65,96,67,-1,65.4,33.4,63.6,15.0,-0.04,-0.02,1.00,0.00,0.00,0.00,-0.54,172.01,93,-1,0,-1,-4.1,0.06,0.649,0.692,8.17,0,26,0,202.3,47.5,69.4,54.3,0.00,1,0.3,-5.9
22.85,cruise,347.20,2.80,0.609,1,2340.2,-2333.0,-449.8,2715.7,-20.39,172.09,95,67,-1,66.3,34.4,63.7,15.0,-0.04,-0.02,1.00,0.00,0.00,0.00,-3.31,172.67,93,-1,0,-1,-2.4,0.05,0.609,0.646,8.34,0,26,0,202.9,48.3,69.4,53.6,0.00,1,1.4,-8.0
22.95,cruise,348.04,1.96,0.576,1,2340.2,-2333.0,-447.7,2698.5,-20.39,172.09,95,67,-1,67.2,35.3,64.0,15.6,-0.03,-0.02,1.00,0.00,0.00,0.00,-5.49,173.21,93,-1,0,-0,-2.4,0.03,0.576,0.603,8.44,0,26,0,203.2,49.2,69.7,53.3,0.00,1,1.4,-8.0
23.05,cruise,348.86,1.14,0.543,1,2335.9,-2298.5,-445.6,2681.2,-22.76,172.62,95,66,-1,68.0,36.2,64.4,16.7,-0.01,-0.01,1.00,0.00,0.00,0.00,-7.22,173.64,93,-1,0,-1,1.7,0.00,0.543,0.558,8.45,0,26,0,203.4,50.2,70.2,53.5,0.00,1,3.5,-11.1
23.15,cruise,349.67,0.33,0.509,1,2333.5,-2281.2,-443.4,2664.0,-23.82,172.79,95,66,-1,68.9,37.1,64.9,18.5,-0.00,-0.01,1.00,0.00,0.00,0.00,-7.89,173.93,93,-1,0,-1,3.3,-0.03,0.509,0.513,8.39,0,26,0,203.3,51.4,71.0,54.2,0.00,1,4.3,-12.5
23.25,cruise,350.45,-0.45,0.481,1,2331.1,-2263.9,-441.0,2646.7,-24.70,172.97,95,66,-1,69.7,38.1,65.5,20.8,0.01,0.00,1.00,0.00,0.00,0.00,-7.41,174.27,93,-1,0,-2,4.3,-0.05,0.481,0.488,8.23,0,26,0,203.1,52.7,72.0,55.3,0.00,1,4.6,-13.3
23.35,cruise,351.20,-1.20,0.458,1,2331.1,-2263.9,-438.6,2629.4,-24.70,172.97,96,66,-1,70.5,39.1,66.1,23.3,0.02,0.00,1.00,0.00,0.00,0.00,-5.68,174.63,93,-1,0,-4,4.3,-0.07,0.458,0.470,7.97,0,26,0,202.7,54.0,73.1,56.6,0.00,1,4.6,-13.3
23.45,cruise,351.92,-1.92,0.440,1,2328.5,-2246.6,-436.0,2612.1,-25.40,172.97,98,67,-1,71.2,40.1,66.7,26.0,0.03,-0.00,1.00,0.00,0.00,0.00,-2.58,174.80,93,-1,0,-5,4.9,-0.08,0.440,0.454,7.63,0,26,0,202.4,55.3,74.1,58.1,0.00,1,4.5,-13.4
23.55,cruise,352.59,-2.59,0.425,1,2323.3,-2212.0,-433.4,2594.8,-26.63,172.97,99,67,-1,71.9,41.2,67.4,28.6,0.03,-0.01,1.00,0.00,0.00,0.00,1.32,174.92,93,-1,0,-7,5.1,-0.10,0.425,0.442,7.24,0,26,0,202.0,56.5,75.1,59.6,0.00,1,4.1,-11.8
23.65,cruise,353.22,-3.22,0.416,1,2320.6,-2194.7,-430.8,2577.5,-27.16,172.79,101,67,-1,72.6,42.3,68.0,31.2,0.03,-0.01,1.00,0.00,0.00,0.00,6.03,174.90,93,-1,0,-8,4.6,-0.10,0.416,0.435,6.78,0,26,0,201.5,57.7,76.0,61.1,0.00,1,4.0,-11.2
23.75,cruise,353.80,-3.80,0.411,1,2320.6,-2194.7,-428.1,2560.2,-27.16,172.79,103,67,-1,73.2,43.4,68.6,33.5,0.03,-0.01,1.00,0.00,0.00,0.00,11.19,174.56,93,-1,0,-10,4.6,-0.10,0.411,0.430,6.27,0,26,0,201.1,58.7,76.8,62.5,0.00,1,4.0,-11.2
23.85,cruise,354.33,-4.33,0.408,1,2317.8,-2177.4,-425.3,2542.9,-27.60,172.79,105,68,-1,73.7,44.4,69.2,35.7,0.03,-0.01,1.00,0.00,0.00,0.00,17.12,174.14,93,-1,0,-11,3.8,-0.10,0.408,0.424,5.74,0,26,0,200.7,59.7,77.6,63.8,0.00,1,4.3,-10.3
23.95,cruise,354.80,-4.80,0.409,1,2315.1,-2160.2,-422.6,2525.7,-28.04,172.62,107,68,-1,74.2,45.2,69.9,37.6,0.03,0.00,1.00,0.00,0.00,0.00,23.16,173.34,93,-1,0,-12,2.7,-0.09,0.409,0.422,5.18,0,26,0,200.1,60.6,78.3,65.0,0.00,1,5.1,-8.9
24.05,cruise,355.22,-5.22,0.413,1,2309.4,-2125.7,-419.7,2508.4,-28.65,172.27,109,68,-1,74.7,45.8,70.7,39.3,0.02,0.01,1.00,0.00,0.00,0.00,29.27,172.29,93,-1,0,-13,-0.0,-0.08,0.413,0.426,4.60,0,26,0,199.4,61.3,79.1,66.1,0.00,1,6.2,-5.4
24.15,cruise,355.58,-5.58,0.421,1,2309.4,-2125.7,-416.9,2491.2,-28.65,172.27,111,68,-1,75.1,46.0,71.4,40.6,0.01,0.01,1.00,0.00,0.00,0.00,35.26,171.04,93,-1,0,-14,-0.0,-0.07,0.421,0.432,4.00,0,26,0,198.7,61.8,79.7,67.0,0.00,1,6.2,-5.4
24.25,cruise,355.88,-5.88,0.432,1,2306.5,-2108.5,-414.0,2474.0,-29.00,172.27,113,71,-1,75.4,46.2,72.1,41.4,0.00,0.00,1.00,0.00,0.00,0.00,41.16,169.77,93,-1,0,-15,-1.5,-0.06,0.432,0.435,3.37,0,26,0,198.2,62.2,80.2,67.5,0.00,1,5.9,-3.6
24.35,cruise,356.12,-6.12,0.446,1,2303.5,-2091.3,-411.0,2456.8,-29.44,172.09,115,71,-1,75.5,45.8,72.7,41.8,-0.01,-0.00,1.00,0.00,0.00,0.00,46.24,168.36,93,-1,0,-15,-3.0,-0.04,0.446,0.450,2.73,0,26,0,197.8,62.5,80.5,67.7,0.00,1,5.0,-2.3
24.45,cruise,356.31,-6.31,0.463,1,2300.6,-2074.0,-408.1,2439.5,-29.79,172.09,117,71,-1,75.6,45.0,73.2,41.8,-0.01,-0.01,1.00,0.00,0.00,0.00,50.68,167.14,93,-1,0,-15,-4.6,-0.02,0.463,0.472,2.09,0,26,0,197.6,62.7,80.7,67.5,0.00,1,4.4,-1.5
24.55,cruise,356.44,-6.44,0.482,1,2297.6,-2056.8,-405.1,2422.3,-30.15,172.09,118,71,-1,75.6,44.2,73.6,41.4,-0.02,-0.01,1.00,0.00,0.00,0.00,54.29,166.06,93,-1,0,-14,-5.6,-0.00,0.482,0.495,1.46,0,26,0,197.5,62.9,80.8,67.0,0.00,1,3.9,-1.0
24.65,cruise,356.50,-6.50,0.504,1,2294.5,-2039.6,-402.0,2405.1,-30.59,172.18,119,71,-1,75.6,43.4,74.1,40.9,-0.02,-0.00,1.00,0.00,0.00,0.00,57.18,165.26,93,-1,0,-13,-6.2,0.01,0.504,0.515,0.83,0,26,0,197.6,63.1,80.9,66.4,0.00,1,3.7,-0.8
24.75,cruise,356.51,-6.51,0.527,1,2288.3,-2005.1,-398.9,2387.9,-31.55,172.57,120,71,-1,75.6,42.5,74.5,40.2,-0.02,-0.00,1.00,0.00,0.00,0.00,59.38,164.70,93,-1,0,-13,-6.8,0.02,0.527,0.538,0.23,0,26,0,197.6,63.3,80.9,65.6,0.00,1,3.3,-0.7
24.85,cruise,356.46,-6.46,0.551,1,2288.3,-2005.1,-395.8,2370.6,-31.55,172.57,121,71,-1,75.7,41.7,74.8,39.4,-0.02,-0.00,1.00,0.00,0.00,0.00,60.88,164.53,93,-1,0,-12,-6.8,0.02,0.551,0.563,-0.34,0,26,0,197.8,63.5,80.9,64.7,0.00,1,3.3,-0.7
24.95,cruise,356.36,-6.36,0.577,1,2285.1,-1987.9,-392.6,2353.4,-32.08,172.88,121,71,-1,75.7,40.9,75.2,38.5,-0.02,-0.00,1.00,0.00,0.00,0.00,61.76,164.63,93,-1,0,-11,-6.9,0.03,0.577,0.589,-0.90,0,26,0,198.0,63.7,80.9,63.5,0.00,1,2.9,-1.0
25.05,cruise,356.21,-6.21,0.603,1,2278.5,-1953.2,-389.3,2336.0,-33.22,173.80,121,71,-1,75.7,40.1,75.5,37.4,-0.02,-0.00,1.00,0.00,0.00,0.00,62.04,165.09,93,-1,0,-9,-7.1,0.04,0.603,0.616,-1.43,0,26,0,198.4,64.0,80.8,62.3,0.00,1,2.2,-1.5
25.15,cruise,356.00,-6.00,0.632,1,2278.5,-1953.2,-386.0,2318.7,-33.22,173.80,121,71,-1,75.7,39.4,75.8,36.2,-0.02,-0.00,1.00,0.00,0.00,0.00,61.69,165.85,93,-1,0,-8,-7.1,0.05,0.632,0.646,-1.94,0,26,0,198.8,64.3,80.7,60.8,0.00,1,2.2,-1.5
25.25,cruise,355.75,-5.75,0.662,1,2275.2,-1935.8,-382.7,2301.3,-33.84,174.38,121,71,-1,75.5,38.2,76.0,34.9,-0.02,-0.00,1.00,0.00,0.00,0.00,60.85,166.88,93,-1,0,-6,-7.0,0.05,0.663,0.676,-2.44,0,26,0,199.3,64.6,80.6,59.2,0.00,1,1.9,-1.8
25.35,cruise,355.45,-5.45,0.694,1,2271.7,-1918.3,-379.2,2283.8,-34.54,175.08,121,71,-1,75.2,37.2,76.2,33.6,-0.02,0.00,1.00,0.00,0.00,0.00,59.51,168.24,93,-1,0,-5,-6.9,0.06,0.694,0.707,-2.91,0,26,0,199.9,64.9,80.4,57.6,0.00,1,1.6,-2.5
25.45,cruise,355.11,-5.11,0.726,1,2264.7,-1883.0,-375.7,2266.2,-35.95,176.79,120,68,-1,74.8,36.2,76.4,32.4,-0.02,0.00,1.00,0.00,0.00,0.00,57.63,169.86,93,-1,0,-3,-5.5,0.06,0.726,0.740,-3.35,0,26,0,200.5,65.4,80.3,55.9,0.00,1,0.9,-4.8
25.55,cruise,354.73,-4.73,0.758,1,2264.7,-1883.0,-372.2,2248.5,-35.95,176.79,119,68,-1,74.4,35.4,76.6,31.5,-0.01,0.01,1.00,0.00,0.00,0.00,55.65,171.61,93,-1,0,-2,-5.5,0.06,0.759,0.773,-3.75,0,26,0,201.3,66.0,80.2,54.5,0.00,1,0.9,-4.8
25.65,cruise,354.31,-4.31,0.792,1,2261.0,-1865.3,-368.5,2230.8,-36.83,177.89,119,68,-1,74.0,34.6,76.7,31.0,-0.01,0.01,1.00,0.00,0.00,0.00,53.65,173.56,93,-1,0,-0,-4.3,0.05,0.792,0.807,-4.13,0,26,0,202.1,66.7,80.1,53.2,0.00,1,0.5,-6.0
25.75,cruise,353.85,-3.85,0.800,1,2253.4,-1829.4,-364.8,2212.9,-38.41,180.40,118,68,-1,73.5,34.0,76.9,30.9,-0.01,0.01,1.00,0.00,0.00,0.00,52.03,175.43,93,-1,0,1,-1.7,0.04,0.800,0.815,-4.48,0,26,0,203.1,67.6,80.0,52.4,0.00,1,-0.5,-9.2
25.85,cruise,353.36,-3.36,0.800,1,2249.5,-1811.3,-360.9,2194.9,-39.29,181.76,118,65,-1,73.0,33.5,76.9,31.3,-0.00,0.01,1.00,0.00,0.00,0.00,50.42,177.41,93,-1,0,1,-0.8,0.03,0.800,0.814,-4.79,0,26,0,204.2,68.5,80.0,51.8,0.00,1,-1.7,-10.2
25.95,cruise,352.84,-2.84,0.800,1,2249.5,-1811.3,-357.0,2176.8,-39.29,181.76,118,65,-1,72.5,33.2,76.8,31.8,-0.00,0.01,1.00,0.00,0.00,0.00,49.15,179.34,93,-1,0,2,-0.8,0.02,0.800,0.809,-5.10,0,26,0,205.8,69.6,79.8,51.2,0.00,1,-1.7,-10.2
26.05,cruise,352.29,-2.29,0.800,1,2241.5,-1774.5,-353.0,2158.5,-40.52,184.66,117,65,-1,71.9,33.1,76.6,32.1,-0.00,0.00,1.00,0.00,0.00,0.00,48.37,181.22,93,-1,0,3,0.1,0.01,0.800,0.803,-5.40,0,26,0,207.8,70.6,79.5,50.4,0.00,1,-4.7,-10.8
26.15,cruise,351.72,-1.72,0.800,1,2237.4,-1756.0,-349.0,2140.0,-41.13,186.15,117,65,-1,71.3,33.1,76.3,32.3,-0.00,-0.01,1.00,0.00,0.00,0.00,47.81,182.91,93,-1,0,3,0.3,0.02,0.800,0.810,-5.68,0,26,0,210.2,71.7,79.1,49.5,0.00,1,-5.8,-11.2
26.25,cruise,351.13,-1.13,0.800,1,2237.4,-1756.0,-344.9,2121.5,-41.13,186.15,116,56,-1,70.7,33.3,75.9,32.4,-0.00,-0.01,1.00,0.00,0.00,0.00,45.89,185.04,93,-1,0,4,0.3,0.02,0.800,0.812,-5.95,0,26,0,213.1,72.8,78.6,48.5,0.00,1,-5.8,-11.2
26.35,cruise,350.51,-0.51,0.800,1,2233.3,-1737.2,-340.8,2102.7,-41.57,187.60,116,56,-1,70.0,33.3,75.5,32.7,-0.00,-0.00,1.00,0.00,0.00,0.00,44.38,186.96,93,-1,0,5,0.3,0.02,0.800,0.806,-6.19,0,26,0,216.2,73.9,78.1,47.5,0.00,1,-5.8,-11.8
26.45,cruise,349.87,0.13,0.800,1,2229.1,-1718.4,-336.6,2083.9,-42.01,189.05,115,56,-1,69.3,33.2,75.2,33.2,-0.00,0.01,1.00,0.00,0.00,0.00,43.21,188.78,93,-1,0,6,0.4,0.03,0.800,0.807,-6.41,0,26,0,219.3,75.1,77.7,46.8,0.00,1,-5.0,-11.7
26.55,cruise,349.21,0.79,0.800,1,2224.8,-1699.3,-332.3,2064.8,-42.36,190.55,115,56,-1,68.6,33.0,74.9,33.7,-0.00,0.01,1.00,0.00,0.00,0.00,42.49,190.52,93,-1,0,7,0.4,0.03,0.800,0.811,-6.61,0,26,0,222.7,76.3,77.3,46.0,0.00,1,-4.6,-12.0
26.65,cruise,348.53,1.47,0.800,1,2216.3,-1660.9,-328.1,2045.7,-42.80,193.45,114,42,-1,67.9,33.0,74.5,34.0,-0.00,0.01,1.00,0.00,0.00,0.00,38.55,192.81,93,-1,0,8,0.2,0.04,0.800,0.809,-6.79,0,26,0,226.6,77.5,76.8,45.0,0.00,1,-7.0,-12.3
26.75,cruise,347.84,2.16,0.800,1,2216.3,-1660.9,-323.8,2026.4,-42.80,193.45,113,42,-1,67.1,33.1,74.0,34.1,-0.00,0.00,1.00,0.00,0.00,0.00,34.98,195.01,93,-1,0,9,0.2,0.04,0.800,0.804,-6.95,0,26,0,231.0,78.7,76.1,43.8,0.00,1,-7.0,-12.3
26.85,cruise,347.14,2.86,0.800,1,2207.7,-1621.8,-319.5,2006.9,-42.89,196.35,111,42,-1,66.3,33.3,73.4,33.9,-0.01,-0.01,1.00,0.00,0.00,0.00,31.43,197.03,93,-1,0,11,-0.1,0.05,0.800,0.810,-7.09,0,26,0,235.7,79.8,75.3,42.3,0.00,1,-9.5,-12.3
26.95,cruise,346.44,3.56,0.800,1,2203.4,-1602.1,-315.2,1987.3,-42.89,197.75,110,42,-1,65.5,33.5,72.6,33.7,-0.01,-0.01,1.00,0.00,0.00,0.00,27.89,199.03,93,-1,0,12,-0.2,0.06,0.800,0.813,-7.19,0,26,0,240.6,81.0,74.4,40.8,0.00,1,-9.4,-12.8
27.05,cruise,345.72,4.28,0.800,1,2199.2,-1582.2,-310.9,1967.6,-42.71,199.16,106,24,-1,64.7,33.6,72.0,33.6,-0.01,-0.00,1.00,0.00,0.00,0.00,11.58,202.02,93,-1,0,14,-0.4,0.07,0.800,0.808,-7.25,0,26,0,245.4,82.3,73.5,39.3,0.00,1,-8.6,-12.6
27.15,cruise,345.01,4.99,0.800,1,2199.2,-1582.2,-306.7,1947.7,-42.71,199.16,101,24,-1,63.9,33.6,71.4,33.6,-0.00,0.01,1.00,0.00,0.00,0.00,-3.56,203.66,93,-1,0,15,-0.4,0.08,0.800,0.809,-7.28,0,26,0,250.0,83.5,72.7,37.9,0.00,1,-8.6,-12.6
27.25,cruise,344.29,5.71,0.800,1,2194.9,-1562.2,-302.4,1927.7,-42.45,200.57,97,24,-1,63.1,33.6,70.8,33.7,-0.00,0.01,1.00,0.00,0.00,0.00,-17.45,204.27,93,-1,0,16,-0.5,0.09,0.800,0.812,-7.27,0,26,0,254.5,84.8,71.9,36.6,0.00,1,-8.2,-12.8
27.35,cruise,343.58,6.42,0.800,1,2190.7,-1542.0,-298.2,1907.5,-42.19,201.88,93,24,-1,62.2,33.6,70.1,33.6,-0.01,0.01,1.00,0.00,0.00,0.00,-30.34,204.00,93,-1,0,18,-0.6,0.10,0.800,0.810,-7.24,0,26,0,258.9,86.1,71.0,35.1,0.00,1,-9.0,-13.3
27.45,cruise,342.88,7.12,0.800,1,2182.4,-1501.3,-294.0,1887.2,-41.31,204.57,83,6,-1,61.4,33.7,69.3,33.5,-0.01,-0.00,1.00,0.00,0.00,0.00,-64.56,197.19,93,-1,0,19,0.6,0.10,0.801,0.809,-7.17,0,26,0,263.0,87.4,69.9,33.6,0.00,1,-12.7,-13.6
27.55,cruise,342.20,7.80,0.800,1,2182.4,-1501.3,-289.9,1866.8,-41.31,204.57,73,6,-1,60.6,33.8,68.3,33.5,-0.01,-0.02,1.00,0.00,0.00,0.00,-98.10,184.20,93,-1,0,21,0.6,0.10,0.800,0.820,-7.09,0,26,0,266.9,88.8,68.6,32.0,0.00,1,-12.7,-13.6
27.65,cruise,341.52,8.48,0.800,1,2178.3,-1480.8,-285.8,1846.3,-40.78,205.88,64,6,-1,60.3,34.3,67.2,33.9,-0.00,-0.03,1.00,0.00,0.00,0.00,-127.81,166.48,93,-1,0,22,2.4,0.08,0.800,0.824,-6.95,0,26,0,270.4,90.2,67.1,30.8,0.00,1,-14.4,-14.8
27.75,cruise,340.86,9.14,0.800,1,2170.3,-1439.3,-281.7,1825.6,-39.46,208.30,55,6,-1,60.2,35.0,66.2,34.9,0.01,-0.03,1.00,0.00,0.00,0.00,-151.87,146.44,93,-1,0,23,6.8,0.06,0.800,0.831,-6.73,0,26,0,273.6,91.6,65.7,30.0,0.00,1,-12.7,-17.5
27.85,cruise,340.22,9.78,0.800,1,2170.3,-1439.3,-277.8,1804.8,-39.46,208.30,44,353,-1,60.1,35.7,65.3,36.4,0.02,-0.02,1.00,0.00,0.00,0.00,-177.75,115.55,93,-1,0,23,6.8,0.03,0.800,0.834,-6.44,0,26,0,276.4,93.1,64.5,29.7,0.00,1,-12.7,-17.5
27.95,cruise,339.60,10.40,0.800,1,2166.4,-1418.4,-273.9,1783.9,-38.58,209.40,34,353,-1,60.0,36.1,64.7,38.4,0.04,-0.01,1.00,0.00,0.00,0.00,-195.70,83.88,93,-1,0,23,8.8,0.01,0.800,0.836,-6.11,0,26,0,278.9,94.5,63.3,29.9,0.00,1,-10.9,-18.1
28.05,cruise,339.01,10.99,0.800,1,2158.9,-1376.2,-270.1,1762.8,-36.39,211.60,25,353,-1,59.9,36.6,64.1,40.6,0.05,-0.00,1.00,0.00,0.00,0.00,-206.55,55.44,93,-1,0,23,12.1,-0.01,0.800,0.842,-5.77,0,26,0,280.8,95.7,62.2,30.4,0.00,1,-9.2,-16.1
28.15,cruise,338.46,11.54,0.800,1,2155.4,-1355.0,-266.4,1741.7,-35.16,212.56,18,353,-1,59.9,37.1,63.5,42.6,0.06,-0.01,1.00,0.00,0.00,0.00,-212.32,31.88,93,-1,0,22,13.0,-0.04,0.800,0.850,-5.43,0,26,0,282.0,96.7,61.2,31.0,0.00,1,-9.1,-13.5
28.25,cruise,337.93,12.07,0.800,1,2152.0,-1333.6,-262.9,1720.5,-33.75,213.53,12,347,-1,59.8,37.6,62.9,44.3,0.06,-0.02,1.00,0.00,0.00,0.00,-215.25,9.31,93,-1,0,21,13.6,-0.05,0.800,0.858,-5.11,0,26,0,282.5,97.3,60.1,31.6,0.00,1,-9.2,-10.2
28.35,cruise,337.45,12.55,0.800,1,2152.0,-1333.6,-259.5,1699.1,-33.75,213.53,7,347,-1,59.7,38.1,62.0,45.7,0.05,-0.03,1.00,0.00,0.00,0.00,-216.03,-8.10,93,-1,0,21,13.6,-0.06,0.800,0.866,-4.80,0,26,0,282.3,97.5,58.9,32.1,0.00,1,-9.2,-10.2
28.45,cruise,337.00,13.00,0.800,1,2145.6,-1290.7,-256.2,1677.7,-30.94,215.33,3,347,-1,59.6,38.6,61.0,46.6,0.05,-0.04,1.00,0.00,0.00,0.00,-215.82,-21.35,93,-1,0,20,13.1,-0.06,0.800,0.872,-4.48,0,26,0,281.5,97.3,57.9,32.5,0.00,1,-8.8,-2.7
28.55,cruise,336.60,13.40,0.800,1,2142.6,-1269.1,-253.1,1656.2,-29.53,216.17,360,347,-1,59.5,39.0,59.9,47.1,0.04,-0.05,1.00,0.00,0.00,0.00,-215.27,-31.36,93,-1,0,20,11.5,-0.06,0.800,0.873,-4.12,0,26,0,280.2,96.7,56.9,32.9,0.00,1,-7.6,1.2
28.65,cruise,336.25,13.75,0.800,1,2142.6,-1269.1,-250.1,1634.6,-29.53,216.17,358,350,-1,59.5,39.2,58.8,47.1,0.02,-0.06,1.00,0.00,0.00,0.00,-215.05,-36.80,93,-1,0,20,11.5,-0.04,0.800,0.868,-3.73,0,26,0,278.6,95.8,56.1,33.3,0.00,1,-7.6,1.2
28.75,cruise,335.94,14.06,0.800,1,2139.8,-1247.4,-247.3,1612.9,-27.95,216.96,357,350,-1,59.5,39.0,57.9,46.9,0.02,-0.06,1.00,0.00,0.00,0.00,-214.94,-40.66,93,-1,0,19,9.5,-0.02,0.800,0.858,-3.28,0,26,0,276.8,94.7,55.7,33.8,0.00,1,-4.9,5.0
28.85,cruise,335.69,14.31,0.800,1,2137.1,-1225.7,-244.6,1591.2,-26.54,217.71,355,350,-1,59.6,38.5,57.2,46.5,0.01,-0.04,1.00,0.00,0.00,0.00,-214.93,-43.65,93,-1,0,18,7.6,0.00,0.800,0.845,-2.79,0,26,0,274.8,93.3,55.7,34.5,0.00,1,-1.0,8.0
28.95,cruise,335.49,14.51,0.800,1,2132.1,-1181.9,-242.0,1569.3,-23.91,219.20,355,350,-1,59.7,37.8,56.9,46.2,0.01,-0.03,1.00,0.00,0.00,0.00,-215.10,-45.87,93,-1,0,17,4.8,0.02,0.800,0.833,-2.26,0,26,0,272.7,91.8,56.1,35.4,0.00,1,6.2,11.5
29.05,cruise,335.34,14.66,0.800,1,2132.1,-1181.9,-239.6,1547.4,-23.91,219.20,355,358,-1,59.9,36.9,56.9,45.9,0.02,-0.01,1.00,0.00,0.00,0.00,-216.36,-42.53,93,-1,0,16,4.8,0.02,0.800,0.824,-1.70,0,26,0,270.5,90.4,56.8,36.6,0.00,1,6.2,11.5
29.15,cruise,335.24,14.76,0.800,1,2129.8,-1160.0,-237.3,1525.5,-22.68,219.99,356,358,-1,60.1,35.7,57.3,45.8,0.03,0.01,1.00,0.00,0.00,0.00,-217.59,-39.56,93,-1,0,15,4.0,0.03,0.800,0.828,-1.12,0,26,0,268.2,88.9,57.8,38.2,0.00,1,9.6,12.2
29.25,cruise,335.19,14.81,0.800,1,2125.5,-1115.8,-235.1,1503.4,-20.57,221.62,356,358,-1,60.3,34.5,57.8,45.7,0.03,0.02,1.00,0.00,0.00,0.00,-218.72,-36.99,93,-1,0,13,3.8,0.02,0.800,0.840,-0.57,0,26,0,265.5,87.3,59.0,39.9,0.00,1,13.0,14.7
29.35,cruise,335.20,14.80,0.800,1,2123.5,-1093.5,-233.0,1481.3,-19.78,222.50,356,358,-1,60.4,33.2,58.3,45.5,0.03,0.02,1.00,0.00,0.00,0.00,-219.82,-34.86,93,-1,0,11,4.2,0.01,0.800,0.842,-0.06,0,26,0,262.3,85.6,60.3,41.7,0.00,1,13.4,16.7
29.45,brake,335.25,14.75,0.800,1,2123.5,-1093.5,0.0,0.0,-19.78,222.50,360,11,-1,54.4,27.2,58.7,45.2,0.10,0.12,1.00,0.00,0.00,0.00,-222.36,-21.26,93,-1,0,9,4.2,-0.00,0.800,0.887,0.41,0,26,0,258.5,83.7,61.6,43.6,0.00,1,13.4,16.7
29.55,brake,335.35,14.65,0.800,1,2119.8,-1048.8,0.0,0.0,-18.37,224.34,2,11,-1,48.4,21.2,59.1,44.8,0.14,0.19,1.00,0.00,0.00,0.00,-224.03,-9.16,93,-1,0,7,5.6,-0.02,0.800,0.933,0.85,0,26,0,253.9,81.6,62.9,45.6,0.00,1,12.0,21.8
29.65,brake,335.50,14.50,0.800,1,2118.0,-1026.3,0.0,0.0,-17.84,225.40,5,11,-1,42.4,15.2,59.0,43.9,0.16,0.23,1.00,0.00,0.00,0.00,-225.09,1.06,93,-1,0,6,5.9,-0.04,0.800,0.957,1.24,0,26,0,248.5,79.1,63.9,47.4,0.00,1,6.7,26.2
29.75,brake,335.70,14.30,0.800,1,2118.0,-1026.3,0.0,0.0,-17.84,225.40,7,11,-1,36.4,9.2,58.2,42.1,0.16,0.22,1.00,0.00,0.00,0.00,-225.89,9.75,93,-1,0,4,5.9,-0.05,0.800,0.949,1.54,0,26,0,242.9,76.1,64.3,48.6,0.00,1,6.7,26.2
29.85,brake,335.96,14.04,0.800,1,2116.2,-1003.7,0.0,0.0,-17.58,226.41,15,32,-1,30.4,3.2,56.3,38.9,0.12,0.15,1.00,0.00,0.00,0.00,-223.24,41.63,93,-1,0,4,5.9,-0.05,0.800,0.906,1.76,0,26,0,237.4,72.4,63.6,48.9,0.00,1,-1.5,32.1
29.95,brake,336.29,13.71,0.800,1,2114.5,-981.0,0.0,0.0,-17.40,227.44,22,32,-1,24.4,-2.8,53.2,34.1,0.05,0.04,1.00,0.00,0.00,0.00,-217.88,67.54,93,-1,0,5,5.2,-0.04,0.800,0.832,1.99,0,26,0,232.9,67.7,61.6,48.1,0.00,1,-12.3,40.0
30.05,brake,336.70,13.30,0.800,1,2111.0,-935.3,0.0,0.0,-17.67,229.20,26,32,-1,18.4,-8.8,49.0,28.1,-0.03,-0.08,1.00,0.00,0.00,0.00,-212.34,85.93,93,-1,0,6,4.5,-0.02,0.800,0.843,2.33,0,26,0,229.4,62.0,58.1,46.7,0.00,1,-32.4,54.1
30.15,brake,337.21,12.79,0.800,1,2109.2,-912.3,0.0,0.0,-18.02,229.70,30,32,-1,12.4,-14.8,44.3,21.6,-0.07,-0.16,1.00,0.00,0.00,0.00,-208.08,97.70,93,-1,0,8,5.1,-0.02,0.800,0.893,2.92,0,26,0,226.9,55.2,53.4,45.3,0.00,1,-37.0,58.4
30.25,brake,337.82,12.18,0.800,1,2109.2,-912.3,0.0,0.0,-18.02,229.70,34,44,-1,6.4,-20.8,39.5,15.1,-0.10,-0.17,1.00,0.00,0.00,0.00,-200.61,113.32,93,-1,0,8,5.1,-0.02,0.800,0.906,3.85,0,26,0,225.0,47.5,47.6,44.4,0.00,1,-37.0,58.4
30.35,brake,338.54,11.46,0.790,1,2107.3,-889.3,0.0,0.0,-18.54,229.88,37,44,-1,0.4,-26.8,35.1,9.1,-0.10,-0.13,0.86,0.00,0.00,0.00,-194.79,123.47,93,-1,0,9,6.5,-0.04,0.790,0.884,5.11,0,26,0,223.2,39.4,41.1,44.3,0.00,1,-37.4,59.7
30.45,brake,339.40,10.60,0.673,1,2103.4,-843.4,0.0,0.0,-20.13,228.89,39,44,-1,-5.6,-32.8,31.5,3.7,-0.09,-0.04,0.72,0.00,0.00,0.00,-190.46,129.64,93,-1,0,8,8.3,-0.05,0.673,0.725,6.66,0,26,0,221.7,31.3,34.4,44.8,0.00,1,-28.5,54.6
30.55,brake,340.41,9.59,0.550,1,2101.4,-820.6,0.0,0.0,-21.01,227.72,40,44,-1,-11.6,-37.4,28.7,-1.2,-0.07,0.09,0.62,0.00,0.00,0.00,-187.37,132.99,93,-1,0,7,8.1,-0.06,0.550,0.612,8.39,0,26,0,220.3,23.9,27.6,45.7,0.00,1,-23.3,50.3
30.65,brake,341.54,8.46,0.550,1,2101.4,-820.6,0.0,0.0,-21.01,227.72,42,50,-1,-17.6,-38.6,26.6,-5.7,-0.07,0.21,0.57,0.00,0.00,0.00,-182.97,137.20,93,-1,0,6,8.1,-0.07,0.550,0.661,10.01,0,26,0,219.1,17.1,20.7,46.8,0.00,1,-23.3,50.3
30.75,brake,342.76,7.24,0.550,1,2097.0,-775.5,0.0,0.0,-22.59,224.52,43,50,-1,-23.6,-39.4,24.8,-9.7,-0.06,0.28,0.54,0.00,0.00,0.00,-179.49,139.42,93,-1,0,5,7.7,-0.07,0.550,0.688,11.15,0,26,0,218.1,10.8,13.7,47.9,0.00,1,-23.6,42.3
30.85,brake,344.04,5.96,0.550,1,2097.0,-775.5,0.0,0.0,-22.59,224.52,44,50,-1,-28.2,-40.2,22.7,-13.3,-0.06,0.28,0.52,0.00,0.00,0.00,-176.86,140.13,93,-1,0,4,7.7,-0.07,0.550,0.685,12.00,0,26,0,217.2,4.7,6.2,49.3,0.00,1,-23.6,42.3
30.95,brake,345.40,4.60,0.550,1,2092.2,-731.0,0.0,0.0,-24.43,220.76,45,50,-1,-27.0,-40.7,20.1,-16.5,-0.04,0.18,0.51,0.00,0.00,0.00,-175.00,139.71,93,-1,0,2,9.1,-0.09,0.550,0.635,12.76,0,26,0,216.4,358.5,358.0,51.1,0.00,1,-38.4,35.8
31.05,brake,346.82,3.18,0.550,1,2092.2,-731.0,0.0,0.0,-24.43,220.76,45,54,-1,-25.9,-41.2,16.6,-19.3,-0.02,0.03,0.49,0.00,0.00,0.00,-172.39,140.05,93,-1,0,-0,9.1,-0.11,0.550,0.570,13.49,0,26,0,215.4,352.1,348.9,53.3,0.00,1,-38.4,35.8
31.15,brake,348.31,1.69,0.550,1,2087.1,-687.4,0.0,0.0,-26.10,216.39,46,54,-1,-25.0,-41.5,12.2,-21.9,-0.01,-0.11,0.48,0.00,0.00,0.00,-170.15,139.68,93,-1,0,-3,9.8,-0.13,0.551,0.600,14.20,0,26,0,214.0,345.7,339.3,56.1,0.00,1,-55.7,30.1
31.25,brake,349.86,0.14,0.550,1,2084.5,-666.0,0.0,0.0,-26.81,213.86,47,54,-1,-24.3,-41.7,7.1,-24.3,-0.02,-0.22,0.50,0.00,0.00,0.00,-167.82,139.07,93,-1,0,-6,9.6,-0.15,0.551,0.646,14.94,0,26,0,212.2,339.5,329.3,59.2,0.00,1,-59.0,27.4
31.35,brake,351.47,-1.47,0.550,1,2081.7,-644.8,0.0,0.0,-27.16,211.11,47,54,-1,-23.7,-42.0,1.8,-26.8,-0.04,-0.27,0.56,0.00,0.00,0.00,-165.33,138.28,93,-1,0,-10,8.7,-0.16,0.551,0.675,15.71,0,26,0,209.9,334.0,319.8,62.6,0.00,1,-57.7,25.0
31.45,brake,353.14,-3.14,0.550,1,2079.0,-623.9,0.0,0.0,-27.25,208.17,49,62,-1,-23.1,-42.1,-3.5,-29.3,-0.07,-0.27,0.65,0.00,0.00,0.00,-159.01,141.50,93,-1,0,-13,7.4,-0.17,0.551,0.686,16.46,0,26,0,207.3,329.4,311.1,66.0,0.00,1,-52.2,22.9
31.55,brake,354.85,-4.85,0.550,1,2079.0,-623.9,0.0,0.0,-27.25,208.17,51,62,-1,-22.7,-42.3,-8.2,-31.8,-0.09,-0.23,0.75,0.00,0.00,0.00,-152.34,144.46,93,-1,0,-16,7.4,-0.17,0.551,0.678,17.17,0,26,0,204.5,325.6,303.7,69.2,0.00,1,-52.2,22.9
31.65,brake,356.62,-6.62,0.550,1,2076.3,-603.3,0.0,0.0,-27.07,205.05,53,62,-1,-22.4,-42.3,-12.3,-34.2,-0.09,-0.17,0.85,0.00,0.00,0.00,-145.27,147.22,93,-1,0,-19,5.5,-0.16,0.551,0.653,17.81,0,26,0,202.0,322.5,297.8,71.9,0.00,1,-43.9,20.4
31.75,brake,358.45,-8.45,0.550,1,2071.0,-563.1,0.0,0.0,-26.28,198.48,55,62,-1,-22.3,-42.4,-15.6,-36.2,-0.06,-0.10,0.94,0.00,0.00,0.00,-137.95,149.67,93,-1,0,-21,0.1,-0.14,0.551,0.616,18.37,0,26,0,200.0,320.2,293.6,74.0,0.00,1,-25.5,14.0
31.85,brake,360.31,-10.31,0.450,1,2071.0,-563.1,0.0,0.0,-26.28,198.48,59,70,-1,-22.4,-42.3,-18.3,-37.9,-0.02,-0.05,1.00,0.00,0.00,0.00,-125.83,155.73,93,-1,0,-22,0.1,-0.11,0.450,0.476,18.80,0,26,0,198.6,318.4,290.7,75.4,0.00,1,-25.5,14.0
31.95,brake,362.21,-12.21,0.350,1,2068.4,-543.5,0.0,0.0,-25.84,195.18,62,70,-1,-22.7,-42.3,-20.4,-39.1,0.03,-0.01,1.00,0.00,0.00,0.00,-114.16,160.41,93,-1,0,-23,-2.8,-0.08,0.350,0.363,19.12,0,26,0,197.9,317.0,289.1,76.2,0.00,1,-17.9,11.0
32.05,brake,364.12,-14.12,0.250,1,2063.3,-505.3,0.0,0.0,-24.96,189.08,65,70,-1,-23.2,-42.1,-22.3,-40.0,0.06,0.01,1.00,0.00,0.00,0.00,-103.06,163.95,93,-1,0,-23,-7.7,-0.05,0.250,0.281,19.32,0,26,0,197.7,315.9,288.3,76.4,0.00,1,-9.6,7.2
32.15,brake,366.02,-16.02,0.250,1,2063.3,-505.3,0.0,0.0,-24.96,189.08,68,70,-1,-23.8,-41.9,-24.0,-40.7,0.08,0.02,1.00,0.00,0.00,0.00,-92.63,166.71,93,-1,0,-23,-7.7,-0.03,0.250,0.288,19.22,0,26,0,197.9,314.9,287.9,76.4,0.00,1,-9.6,7.2
32.25,brake,367.87,-17.87,0.250,1,2060.9,-486.5,0.0,0.0,-24.52,186.48,71,71,-1,-24.5,-41.7,-25.7,-41.4,0.07,0.01,1.00,0.00,0.00,0.00,-82.65,168.96,93,-1,0,-23,-9.1,-0.01,0.250,0.280,18.86,0,26,0,198.4,313.8,287.7,76.2,0.00,1,-8.2,7.4
32.35,brake,369.67,-19.67,0.250,1,2058.4,-468.1,0.0,0.0,-24.17,184.10,74,71,-1,-25.2,-41.4,-27.5,-42.2,0.04,-0.00,1.00,0.00,0.00,0.00,-73.18,170.65,93,-1,0,-23,-9.7,0.00,0.250,0.267,18.31,0,26,0,198.9,312.6,287.5,76.0,0.00,1,-7.5,8.8
32.45,brake,371.40,-21.40,0.250,1,2053.7,-431.8,0.0,0.0,-23.55,179.43,77,71,-1,-25.9,-41.1,-29.3,-43.2,0.00,-0.02,1.00,0.00,0.00,0.00,-64.05,171.75,93,-1,0,-23,-10.2,0.01,0.250,0.259,17.76,0,26,0,199.6,311.3,287.4,75.7,0.00,1,-6.8,11.8
32.55,brake,373.08,-23.08,0.250,1,2051.3,-414.1,0.0,0.0,-23.20,177.19,80,71,-1,-26.7,-40.9,-31.2,-44.3,-0.03,-0.03,1.00,0.00,0.00,0.00,-54.97,172.42,93,-1,0,-22,-10.2,0.01,0.250,0.275,17.17,0,26,0,200.4,309.8,287.2,75.4,0.00,1,-6.7,12.4
32.65,brake,374.68,-24.68,0.250,1,2051.3,-414.1,0.0,0.0,-23.20,177.19,82,68,-1,-27.4,-40.5,-33.2,-45.4,-0.05,-0.05,1.00,0.00,0.00,0.00,-47.70,172.22,93,-1,0,-22,-10.2,0.01,0.250,0.290,16.51,0,26,0,201.2,308.2,287.0,75.1,0.00,1,-6.7,12.4
32.75,brake,376.22,-26.22,0.250,1,2046.8,-379.2,0.0,0.0,-22.63,172.64,84,68,-1,-28.1,-40.2,-35.1,-46.6,-0.07,-0.06,1.00,0.00,0.00,0.00,-40.24,171.77,93,-1,0,-22,-9.8,0.01,0.250,0.300,15.85,0,26,0,202.1,306.7,286.8,74.8,0.00,1,-5.6,12.2
32.85,brake,377.70,-27.70,0.250,1,2046.8,-379.2,0.0,0.0,-22.63,172.64,87,68,-1,-28.7,-39.9,-36.9,-47.6,-0.08,-0.06,1.00,0.00,0.00,0.00,-32.56,171.04,93,-1,0,-22,-9.8,0.01,0.250,0.304,15.20,0,26,0,203.0,305.2,286.7,74.5,0.00,1,-5.6,12.2
32.95,brake,379.11,-29.11,0.250,1,2042.3,-345.2,0.0,0.0,-22.02,168.11,89,68,-1,-29.3,-39.6,-38.6,-48.6,-0.07,-0.05,1.00,0.00,0.00,0.00,-24.84,170.00,93,-1,0,-21,-9.4,0.01,0.250,0.300,14.51,0,26,0,204.0,303.9,286.7,74.2,0.00,1,-2.7,9.6
33.05,brake,380.44,-30.44,0.250,1,2042.3,-345.2,0.0,0.0,-22.02,168.11,91,64,-1,-29.9,-39.3,-40.0,-49.2,-0.06,-0.04,1.00,0.00,0.00,0.00,-19.84,168.38,93,-1,0,-21,-9.4,0.01,0.250,0.289,13.78,0,26,0,205.2,302.8,286.8,73.7,0.00,1,-2.7,9.6
33.15,brake,381.71,-31.71,0.250,1,2040.1,-328.6,0.0,0.0,-21.75,165.87,92,64,-1,-30.5,-38.9,-41.1,-49.7,-0.04,-0.03,1.00,0.00,0.00,0.00,-14.82,166.63,93,-1,0,-20,-9.2,0.01,0.250,0.280,13.05,0,26,0,206.5,301.8,287.1,73.1,0.00,1,-1.2,8.1
33.25,brake,382.91,-32.91,0.250,1,2035.9,-296.0,0.0,0.0,-21.14,161.32,94,64,-1,-31.1,-38.6,-42.1,-50.0,-0.03,-0.02,1.00,0.00,0.00,0.00,-9.94,164.69,93,-1,0,-19,-9.1,0.01,0.250,0.270,12.33,0,26,0,207.9,300.9,287.6,72.4,0.00,1,1.3,5.4
33.35,brake,384.04,-34.04,0.250,1,2033.8,-280.0,0.0,0.0,-20.87,159.07,96,64,-1,-31.6,-38.2,-42.8,-50.1,-0.02,-0.01,1.00,0.00,0.00,0.00,-5.45,162.61,93,-1,0,-19,-8.8,0.02,0.250,0.259,11.61,0,26,0,209.3,300.2,288.1,71.5,0.00,1,2.4,3.9
33.45,brake,385.11,-35.11,0.250,1,2033.8,-280.0,0.0,0.0,-20.87,159.07,96,58,-1,-32.1,-37.9,-43.3,-50.0,0.00,0.01,1.00,0.00,0.00,0.00,-4.96,160.36,93,-1,0,-18,-8.8,0.02,0.250,0.253,10.90,0,26,0,210.8,299.7,288.8,70.7,0.00,1,2.4,3.9
33.55,brake,386.10,-36.10,0.250,1,2031.7,-264.3,0.0,0.0,-20.65,156.86,96,58,-1,-32.6,-37.5,-43.7,-49.8,0.01,0.01,1.00,0.00,0.00,0.00,-4.41,158.16,93,-1,0,-17,-8.5,0.02,0.250,0.258,10.19,0,26,0,212.3,299.2,289.5,69.8,0.00,1,3.0,2.9
33.65,brake,387.03,-37.03,0.250,1,2027.6,-233.4,0.0,0.0,-20.21,152.61,96,58,-1,-33.1,-37.2,-44.0,-49.6,0.01,0.02,1.00,0.00,0.00,0.00,-3.82,156.02,93,-1,0,-16,-8.1,0.02,0.250,0.259,9.46,0,26,0,213.7,298.8,290.1,68.8,0.00,1,3.2,2.3
33.75,brake,387.88,-37.88,0.250,1,2027.6,-233.4,0.0,0.0,-20.21,152.61,96,58,-1,-33.5,-36.8,-44.3,-49.3,0.01,0.02,1.00,0.00,0.00,0.00,-3.25,153.91,93,-1,0,-15,-8.1,0.02,0.250,0.259,8.75,0,26,0,215.1,298.4,290.8,67.9,0.00,1,3.2,2.3
33.85,brake,388.66,-38.66,0.250,1,2025.6,-218.3,0.0,0.0,-20.00,150.51,95,53,-1,-34.0,-36.5,-44.6,-49.0,0.00,0.02,1.00,0.00,0.00,0.00,-6.32,151.70,93,-1,0,-14,-8.0,0.03,0.250,0.258,8.05,0,26,0,216.4,298.0,291.4,67.0,0.00,1,3.1,2.1
33.95,brake,389.38,-39.38,0.250,1,2021.7,-188.8,0.0,0.0,-19.56,146.38,94,53,-1,-34.4,-36.1,-44.9,-48.7,0.00,0.01,1.00,0.00,0.00,0.00,-8.75,149.49,93,-1,0,-13,-7.8,0.03,0.250,0.257,7.36,0,26,0,217.7,297.6,292.1,66.2,0.00,1,2.9,1.9
34.05,brake,390.03,-40.03,0.250,1,2019.7,-174.3,0.0,0.0,-19.38,144.34,93,53,-1,-34.8,-35.7,-45.1,-48.4,-0.00,0.01,1.00,0.00,0.00,0.00,-10.65,147.29,93,-1,0,-12,-7.6,0.03,0.250,0.255,6.68,0,26,0,219.0,297.2,292.7,65.3,0.00,1,2.8,1.8
34.15,brake,390.60,-40.60,0.250,1,2019.7,-174.3,0.0,0.0,-19.38,144.34,93,53,-1,-35.2,-35.4,-45.4,-48.1,-0.00,0.01,1.00,0.00,0.00,0.00,-12.18,145.12,93,-1,0,-11,-7.6,0.03,0.250,0.255,6.00,0,26,0,220.3,296.8,293.2,64.4,0.00,1,2.8,1.8
34.25,brake,391.12,-41.12,0.250,1,2017.8,-160.0,0.0,0.0,-19.20,142.32,91,47,-1,-35.5,-35.0,-45.6,-47.8,-0.01,0.01,1.00,0.00,0.00,0.00,-16.74,142.63,93,-1,0,-11,-7.6,0.04,0.250,0.255,5.33,0,26,0,221.5,296.5,293.8,63.6,0.00,1,2.7,1.8
34.35,brake,391.56,-41.56,0.250,1,2014.0,-132.0,0.0,0.0,-18.85,138.35,89,47,-1,-35.9,-34.6,-45.9,-47.5,-0.01,0.00,1.00,0.00,0.00,0.00,-20.38,140.13,93,-1,0,-10,-7.4,0.04,0.250,0.255,4.67,0,26,0,222.8,296.1,294.3,62.7,0.00,1,2.4,1.7
34.45,brake,391.94,-41.94,0.250,1,2012.1,-118.3,0.0,0.0,-18.68,136.38,88,47,-1,-36.2,-34.2,-46.1,-47.2,-0.01,0.00,1.00,0.00,0.00,0.00,-23.26,137.67,93,-1,0,-9,-7.4,0.04,0.250,0.256,4.02,0,26,0,224.0,295.6,294.8,61.9,0.00,1,2.3,1.7
34.55,brake,392.26,-42.26,0.250,1,2012.1,-118.3,0.0,0.0,-18.68,136.38,87,47,-1,-36.6,-33.8,-46.3,-46.9,-0.02,-0.00,1.00,0.00,0.00,0.00,-25.49,135.27,93,-1,0,-8,-7.4,0.05,0.250,0.257,3.37,0,26,0,225.1,295.2,295.3,61.1,0.00,1,2.3,1.7
34.65,brake,392.51,-42.51,0.250,1,2010.3,-104.8,0.0,0.0,-18.50,134.43,85,43,-1,-36.9,-33.4,-46.6,-46.6,-0.02,-0.01,1.00,0.00,0.00,0.00,-30.29,132.28,93,-1,0,-7,-7.3,0.05,0.250,0.260,2.73,0,26,0,226.3,294.8,295.8,60.2,0.00,1,2.2,1.7
34.75,brake,392.70,-42.70,0.250,1,2006.6,-78.4,0.0,0.0,-18.19,130.60,83,43,-1,-37.2,-33.0,-46.8,-46.3,-0.02,-0.01,1.00,0.00,0.00,0.00,-34.13,129.35,93,-1,0,-7,-7.1,0.05,0.250,0.263,2.09,0,26,0,227.4,294.4,296.2,59.4,0.00,1,1.9,1.5
34.85,brake,392.82,-42.82,0.250,1,2004.8,-65.5,0.0,0.0,-18.06,128.70,82,43,-1,-37.5,-32.7,-47.1,-46.0,-0.03,-0.01,1.00,0.00,0.00,0.00,-37.07,126.54,93,-1,0,-6,-6.7,0.06,0.250,0.264,1.46,0,26,0,228.4,294.0,296.6,58.7,0.00,1,1.8,1.3
34.95,brake,392.89,-42.89,0.250,1,2004.8,-65.5,0.0,0.0,-18.06,128.70,80,43,-1,-37.8,-32.3,-47.3,-45.7,-0.03,-0.01,1.00,0.00,0.00,0.00,-39.38,123.85,93,-1,0,-5,-6.7,0.06,0.250,0.266,0.83,0,26,0,229.4,293.6,297.0,57.9,0.00,1,1.8,1.3
35.05,brake,392.89,-42.89,0.250,1,2001.2,-40.2,0.0,0.0,-17.80,124.96,78,39,-1,-38.0,-31.9,-47.4,-45.4,-0.03,-0.01,1.00,0.00,0.00,0.00,-43.66,120.41,93,-1,0,-4,-5.9,0.05,0.250,0.266,0.20,0,26,0,230.3,293.3,297.4,57.2,0.00,1,1.6,0.6
35.15,brake,392.83,-42.83,0.250,1,1999.5,-27.9,0.0,0.0,-17.67,123.11,76,39,-1,-38.3,-31.6,-47.6,-45.0,-0.03,-0.01,1.00,0.00,0.00,0.00,-47.02,117.14,93,-1,0,-4,-5.5,0.05,0.250,0.267,-0.42,0,26,0,231.1,293.0,297.7,56.6,0.00,1,1.5,0.3
35.25,brake,392.71,-42.71,0.250,1,1997.7,-15.7,0.0,0.0,-17.58,121.26,75,39,-1,-38.5,-31.3,-47.7,-44.7,-0.03,-0.01,1.00,0.00,0.00,0.00,-49.62,114.05,93,-1,0,-3,-5.0,0.05,0.250,0.267,-1.03,0,26,0,231.8,292.8,298.0,56.0,0.00,1,1.5,-0.3
35.35,brake,392.53,-42.53,0.250,1,1996.0,-3.7,0.0,0.0,-17.45,119.39,73,39,-1,-38.7,-31.0,-47.7,-44.2,-0.03,-0.00,1.00,0.00,0.00,0.00,-51.69,111.09,93,-1,0,-2,-4.5,0.05,0.250,0.263,-1.62,0,26,0,232.3,292.6,298.4,55.4,0.00,1,2.0,-1.2
35.45,brake,392.30,-42.30,0.250,1,1996.0,-3.7,0.0,0.0,-17.45,119.39,71,36,-1,-38.8,-30.7,-47.6,-43.7,-0.02,0.01,1.00,0.00,0.00,0.00,-54.71,107.55,93,-1,0,-2,-4.5,0.05,0.250,0.262,-2.18,0,26,0,232.8,292.6,298.8,54.8,0.00,1,2.0,-1.2
35.55,brake,392.01,-42.01,0.250,1,1994.2,8.1,0.0,0.0,-17.31,117.56,70,36,-1,-39.0,-30.5,-47.5,-43.2,-0.02,0.02,1.00,0.00,0.00,0.00,-57.12,104.21,93,-1,0,-1,-4.1,0.04,0.250,0.263,-2.75,0,26,0,233.1,292.7,299.1,54.2,0.00,1,2.2,-2.0
35.65,brake,391.66,-41.66,0.250,1,1990.8,31.1,0.0,0.0,-17.09,114.04,68,36,-1,-39.1,-30.2,-47.3,-42.6,-0.02,0.02,1.00,0.00,0.00,0.00,-59.08,101.07,93,-1,0,-1,-3.2,0.04,0.250,0.264,-3.33,0,26,0,233.4,292.8,299.5,53.7,0.00,1,2.0,-2.7
35.75,brake,391.26,-41.26,0.250,1,1989.1,42.4,0.0,0.0,-16.96,112.30,67,36,-1,-39.2,-30.0,-47.1,-42.1,-0.02,0.02,1.00,0.00,0.00,0.00,-60.58,98.12,93,-1,0,-0,-2.9,0.04,0.250,0.265,-3.91,0,26,0,233.5,293.0,299.8,53.3,0.00,1,1.8,-2.9
35.85,brake,390.80,-40.80,0.250,1,1989.1,42.4,0.0,0.0,-16.96,112.30,65,35,-1,-39.3,-29.9,-46.9,-41.5,-0.01,0.02,1.00,0.00,0.00,0.00,-62.17,95.05,93,-1,0,0,-2.9,0.04,0.250,0.265,-4.47,0,26,0,233.6,293.2,300.2,52.8,0.00,1,1.8,-2.9
35.95,brake,390.29,-40.29,0.250,1,1987.4,53.5,0.0,0.0,-16.88,110.59,64,35,-1,-39.4,-29.7,-46.7,-40.9,-0.02,0.02,1.00,0.00,0.00,0.00,-63.42,92.16,93,-1,0,0,-2.6,0.03,0.250,0.265,-5.02,0,26,0,233.7,293.4,300.5,52.5,0.00,1,1.7,-3.0
36.00,brake,390.01,-40.01,0.250,1,1985.7,64.4,0.0,0.0,-16.74,108.90,63,35,-1,-39.4,-29.6,-46.6,-40.7,-0.02,0.02,1.00,0.00,0.00,0.00,-65.16,90.93,93,-1,0,1,-2.4,0.03,0.250,0.265,-5.02,0,26,0,233.7,293.5,300.6,52.3,0.00,1,1.4,-3.1
36.10,brake,389.42,-39.42,0.250,1,1984.1,75.2,0.0,0.0,-16.61,107.23,62,35,-1,-39.5,-29.5,-46.5,-40.2,-0.02,0.02,1.00,0.00,0.00,0.00,-65.78,88.39,93,-1,0,1,-2.0,0.03,0.250,0.265,-5.55,0,26,0,233.7,293.7,300.8,52.0,0.00,1,1.0,-3.1
36.20,brake,388.78,-38.78,0.250,1,1982.4,85.8,0.0,0.0,-16.48,105.58,61,35,-1,-39.6,-29.4,-46.4,-39.7,-0.02,0.02,1.00,0.00,0.00,0.00,-66.14,86.02,93,-1,0,1,-1.6,0.03,0.250,0.265,-6.08,0,26,0,233.6,293.9,301.0,51.8,0.00,1,0.6,-3.0
36.30,brake,388.08,-38.08,0.250,1,1980.8,96.2,0.0,0.0,-16.35,103.94,61,35,-1,-39.6,-29.3,-46.2,-39.3,-0.03,0.01,1.00,0.00,0.00,0.00,-66.31,83.79,93,-1,0,1,-1.3,0.03,0.250,0.265,-6.59,0,26,0,233.4,294.2,301.2,51.6,0.00,1,0.2,-3.0
36.40,brake,387.33,-37.33,0.250,1,1979.1,106.5,0.0,0.0,-16.26,102.32,60,35,-1,-39.6,-29.3,-46.2,-39.0,-0.03,0.01,1.00,0.00,0.00,0.00,-66.31,81.69,93,-1,0,1,-1.1,0.02,0.250,0.265,-7.10,0,26,0,233.2,294.4,301.3,51.5,0.00,1,-0.0,-3.0
36.50,brake,386.53,-36.53,0.279,1,1977.5,116.6,0.0,0.0,-16.08,100.70,59,35,-1,-39.7,-29.2,-46.1,-38.6,-0.03,0.01,1.00,0.00,0.00,0.00,-66.22,79.68,93,-1,0,2,-0.9,0.02,0.279,0.293,-7.60,0,26,0,233.0,294.7,301.3,51.4,0.00,1,-0.2,-3.1
36.60,brake,385.69,-35.69,0.303,1,1975.9,126.6,0.0,0.0,-15.95,99.11,59,36,-1,-39.7,-29.2,-46.0,-38.3,-0.03,0.00,1.00,0.00,0.00,0.00,-65.59,78.09,93,-1,0,2,-0.6,0.02,0.303,0.317,-8.11,0,26,0,232.7,295.0,301.4,51.4,0.00,1,-0.4,-3.2
36.70,brake,384.80,-34.80,0.330,1,1974.3,136.4,0.0,0.0,-15.82,97.38,59,36,-1,-39.7,-29.2,-46.0,-37.9,-0.03,0.00,1.00,0.00,0.00,0.00,-64.98,76.52,93,-1,0,2,-0.1,0.01,0.330,0.342,-8.60,0,26,0,232.2,295.3,301.4,51.4,0.00,1,-1.1,-4.1
36.80,brake,383.87,-33.87,0.353,1,1972.8,146.0,0.0,0.0,-15.69,95.59,59,36,-1,-39.7,-29.2,-45.9,-37.6,-0.03,-0.00,1.00,0.00,0.00,0.00,-64.25,74.86,93,-1,0,1,0.4,0.01,0.353,0.364,-8.98,0,26,0,231.7,295.7,301.4,51.5,0.00,1,-1.3,-4.4
36.90,brake,382.93,-32.93,0.375,1,1971.2,155.4,0.0,0.0,-15.56,93.71,58,36,-1,-39.6,-29.3,-45.8,-37.1,-0.02,0.00,1.00,0.00,0.00,0.00,-63.48,73.17,93,-1,0,1,0.8,0.00,0.375,0.383,-9.30,0,26,0,230.9,296.3,301.3,51.7,0.00,1,-1.5,-5.8
37.00,brake,381.97,-31.97,0.394,1,1969.7,164.6,0.0,0.0,-15.38,91.74,59,39,-1,-39.6,-29.3,-45.7,-36.7,-0.01,0.00,1.00,0.00,0.00,0.00,-61.81,72.13,93,-1,0,1,1.1,-0.00,0.394,0.400,-9.53,0,26,0,230.1,296.9,301.2,52.0,0.00,1,-1.7,-6.1
37.10,brake,380.99,-30.99,0.410,1,1968.1,173.6,0.0,0.0,-15.21,89.78,59,39,-1,-39.5,-29.4,-45.7,-36.2,-0.01,0.00,1.00,0.00,0.00,0.00,-60.21,70.91,93,-1,0,1,1.2,-0.01,0.410,0.414,-9.66,0,26,0,229.3,297.5,301.2,52.2,0.00,1,-1.8,-6.1
37.20,brake,380.01,-30.01,0.427,1,1966.6,182.5,0.0,0.0,-14.99,87.84,59,39,-1,-39.5,-29.5,-45.6,-35.8,-0.01,-0.00,1.00,0.00,0.00,0.00,-58.73,69.59,93,-1,0,0,1.3,-0.01,0.427,0.431,-9.77,0,26,0,228.4,298.1,301.0,52.5,0.00,1,-2.0,-6.2
37.30,brake,379.02,-29.02,0.445,1,1965.2,191.1,0.0,0.0,-14.77,85.73,60,39,-1,-39.4,-29.6,-45.5,-35.4,-0.00,-0.01,1.00,0.00,0.00,0.00,-57.31,68.24,93,-1,0,0,1.4,-0.02,0.445,0.450,-9.87,0,26,0,227.5,298.8,300.9,52.8,0.00,1,-2.2,-6.2
37.40,brake,378.05,-28.05,0.455,1,1963.7,199.5,0.0,0.0,-14.55,83.61,61,42,-1,-39.4,-29.8,-45.5,-35.0,-0.00,-0.01,1.00,0.00,0.00,0.00,-54.88,67.49,93,-1,0,-0,1.4,-0.02,0.455,0.462,-9.82,0,26,0,226.6,299.4,300.8,53.1,0.00,1,-2.4,-6.1
37.50,brake,377.08,-27.08,0.466,1,1962.3,207.7,0.0,0.0,-14.28,81.51,61,42,-1,-39.3,-29.9,-45.5,-34.6,-0.00,-0.02,1.00,0.00,0.00,0.00,-52.69,66.52,93,-1,0,-1,1.4,-0.02,0.466,0.474,-9.73,0,26,0,225.7,300.0,300.6,53.5,0.00,1,-2.6,-6.0
37.60,brake,376.12,-26.12,0.477,1,1960.9,215.7,0.0,0.0,-13.97,79.44,62,42,-1,-39.2,-30.0,-45.5,-34.2,0.00,-0.03,1.00,0.00,0.00,0.00,-50.67,65.43,93,-1,0,-1,1.4,-0.02,0.477,0.488,-9.64,0,26,0,224.8,300.6,300.4,53.8,0.00,1,-2.8,-5.9
37.70,brake,375.17,-25.17,0.488,1,1959.5,223.5,0.0,0.0,-13.67,77.29,63,42,-1,-39.2,-30.1,-45.5,-33.8,0.01,-0.02,1.00,0.00,0.00,0.00,-48.80,64.22,93,-1,0,-1,1.4,-0.02,0.488,0.500,-9.55,0,26,0,224.0,301.2,300.3,54.1,0.00,1,-2.0,-5.8
37.80,brake,374.25,-24.25,0.494,1,1958.1,231.1,0.0,0.0,-13.32,75.11,64,46,-1,-39.1,-30.2,-45.4,-33.4,0.01,-0.02,1.00,0.00,0.00,0.00,-46.24,63.43,93,-1,0,-1,1.2,-0.02,0.494,0.506,-9.38,0,26,0,223.3,301.7,300.2,54.4,0.00,1,-1.3,-5.2
37.90,brake,373.36,-23.36,0.498,1,1956.8,238.4,0.0,0.0,-12.96,72.89,65,46,-1,-39.1,-30.2,-45.4,-33.1,0.01,-0.02,1.00,0.00,0.00,0.00,-43.91,62.38,93,-1,0,-2,0.9,-0.02,0.498,0.512,-9.16,0,26,0,222.7,302.2,300.2,54.6,0.00,1,-1.3,-5.1
38.00,brake,372.49,-22.49,0.499,1,1955.6,245.5,0.0,0.0,-12.57,70.70,66,46,-1,-39.1,-30.3,-45.3,-32.7,0.02,-0.03,1.00,0.00,0.00,0.00,-41.81,61.10,93,-1,0,-2,0.7,-0.02,0.499,0.516,-8.89,0,26,0,222.1,302.7,300.2,54.8,0.00,1,-1.3,-5.0
38.10,brake,371.65,-21.65,0.500,1,1954.3,252.4,0.0,0.0,-12.17,68.53,66,46,-1,-39.0,-30.4,-45.3,-32.3,0.02,-0.03,1.00,0.00,0.00,0.00,-39.88,59.71,93,-1,0,-2,0.5,-0.02,0.500,0.520,-8.61,0,26,0,221.6,303.2,300.2,54.9,0.00,1,-1.4,-4.8
38.20,brake,370.83,-20.83,0.500,1,1953.2,259.1,0.0,0.0,-11.78,66.39,67,48,-1,-39.0,-30.4,-45.3,-31.9,0.02,-0.04,1.00,0.00,0.00,0.00,-37.63,58.55,93,-1,0,-2,0.5,-0.02,0.500,0.524,-8.33,0,26,0,221.1,303.7,300.1,55.1,0.00,1,-1.6,-4.7
38.30,brake,370.05,-20.05,0.500,1,1952.0,265.6,0.0,0.0,-11.38,64.27,68,48,-1,-39.0,-30.4,-45.3,-31.6,0.03,-0.04,1.00,0.00,0.00,0.00,-35.62,57.25,93,-1,0,-2,0.2,-0.02,0.500,0.527,-8.04,0,26,0,220.6,304.1,300.1,55.2,0.00,1,-1.6,-4.5
38.40,brake,369.29,-19.29,0.500,1,1950.9,271.9,0.0,0.0,-10.94,62.16,69,48,-1,-39.0,-30.4,-45.3,-31.1,0.03,-0.04,1.00,0.00,0.00,0.00,-33.81,55.83,93,-1,0,-2,-0.4,-0.01,0.500,0.530,-7.76,0,26,0,220.1,304.5,300.1,55.3,0.00,1,-1.3,-4.5
38.50,brake,368.56,-18.56,0.498,1,1949.8,277.9,0.0,0.0,-10.46,60.08,69,48,-1,-39.0,-30.4,-45.3,-30.7,0.04,-0.04,1.00,0.00,0.00,0.00,-32.13,54.33,93,-1,0,-2,-0.9,-0.01,0.498,0.531,-7.49,0,26,0,219.8,304.9,300.2,55.3,0.00,1,-0.7,-4.4
38.60,brake,367.86,-17.86,0.496,1,1948.8,283.8,0.0,0.0,-9.98,58.03,70,49,-1,-39.0,-30.3,-45.2,-30.2,0.05,-0.03,1.00,0.00,0.00,0.00,-30.32,52.92,93,-1,0,-2,-1.4,-0.00,0.496,0.529,-7.22,0,26,0,219.7,305.2,300.4,55.1,0.00,1,0.4,-4.0
38.70,brake,367.18,-17.18,0.494,1,1947.9,289.4,0.0,0.0,-9.45,56.05,71,49,-1,-38.1,-29.4,-45.0,-29.7,0.05,-0.03,1.00,0.00,0.00,0.00,-28.71,51.41,93,-1,0,-2,-1.9,0.01,0.494,0.524,-6.96,0,26,0,219.8,305.5,300.7,54.8,0.00,1,2.1,-2.8
38.80,brake,366.53,-16.53,0.492,1,1947.0,294.9,0.0,0.0,-8.96,54.12,71,49,-1,-36.7,-28.1,-44.7,-29.2,0.03,-0.03,1.00,0.00,0.00,0.00,-27.24,49.89,93,-1,0,-1,-2.1,0.02,0.492,0.518,-6.74,0,26,0,220.1,305.7,301.2,54.4,0.00,1,3.5,-1.0
38.90,brake,365.90,-15.90,0.489,1,1946.1,300.2,0.0,0.0,-8.48,52.23,71,49,-1,-35.3,-26.8,-44.3,-28.9,0.01,-0.04,1.00,0.00,0.00,0.00,-25.96,48.32,93,-1,0,-1,-2.2,0.02,0.489,0.510,-6.50,0,26,0,220.7,305.7,301.7,53.8,0.00,1,4.6,1.1
39.00,brake,365.31,-15.31,0.485,1,1945.3,305.2,0.0,0.0,-8.00,50.35,71,47,-1,-34.0,-25.6,-43.9,-28.8,-0.02,-0.05,1.00,0.00,0.00,0.00,-25.10,46.58,93,-1,0,-0,-1.9,0.03,0.485,0.514,-6.24,0,26,0,221.5,305.5,302.3,53.3,0.00,1,5.6,3.0
39.10,brake,364.74,-14.74,0.480,1,1944.5,310.1,0.0,0.0,-7.56,48.44,71,47,-1,-32.7,-24.4,-43.4,-28.8,-0.05,-0.06,1.00,0.00,0.00,0.00,-24.24,44.85,93,-1,0,0,-1.4,0.02,0.480,0.523,-5.97,0,26,0,222.5,305.2,302.8,52.7,0.00,1,6.3,4.1
39.20,brake,364.21,-14.21,0.472,1,1943.8,314.8,0.0,0.0,-7.16,46.57,70,47,-1,-31.4,-23.2,-42.8,-28.9,-0.06,-0.06,1.00,0.00,0.00,0.00,-23.43,43.06,93,-1,0,1,-1.1,0.02,0.472,0.520,-5.67,0,26,0,223.4,305.0,303.5,52.1,0.00,1,7.9,4.3
39.30,brake,363.71,-13.71,0.463,1,1943.1,319.4,0.0,0.0,-6.81,44.73,70,47,-1,-30.1,-22.1,-42.0,-28.9,-0.07,-0.04,1.00,0.00,0.00,0.00,-22.71,41.29,93,-1,0,2,-0.9,0.02,0.463,0.509,-5.41,0,26,0,224.5,304.8,304.4,51.4,0.00,1,9.7,3.7
39.40,brake,363.23,-13.23,0.453,1,1942.5,323.7,0.0,0.0,-6.46,42.88,69,43,-1,-28.8,-21.0,-41.0,-28.7,-0.07,-0.02,1.00,0.00,0.00,0.00,-22.64,39.17,93,-1,0,2,-0.8,0.02,0.453,0.491,-5.16,0,26,0,225.6,304.9,305.4,50.7,0.00,1,11.5,2.5
39.50,brake,362.78,-12.78,0.441,1,1941.8,327.9,0.0,0.0,-6.20,41.09,67,43,-1,-27.6,-19.9,-39.8,-28.3,-0.06,-0.00,1.00,0.00,0.00,0.00,-22.48,37.08,93,-1,0,3,-0.6,0.02,0.441,0.466,-4.91,0,26,0,226.6,305.2,306.7,49.8,0.00,1,12.9,0.3
39.60,brake,362.35,-12.35,0.428,1,1941.2,331.8,0.0,0.0,-5.98,39.36,66,43,-1,-26.4,-19.0,-38.4,-27.6,-0.04,0.02,1.00,0.00,0.00,0.00,-22.35,35.03,93,-1,0,4,-0.4,0.03,0.428,0.452,-4.69,0,26,0,227.4,305.8,308.1,49.0,0.00,1,13.8,-2.1
39.70,brake,361.95,-11.95,0.414,1,1940.6,335.6,0.0,0.0,-5.80,37.77,65,43,-1,-25.2,-18.0,-37.0,-26.9,-0.03,0.03,1.00,0.00,0.00,0.00,-22.21,33.05,93,-1,0,5,-0.3,0.03,0.414,0.438,-4.45,0,26,0,228.1,306.6,309.6,48.2,0.00,1,14.2,-3.6
39.80,brake,361.56,-11.56,0.402,1,1940.1,339.3,0.0,0.0,-5.67,36.24,63,40,-1,-24.2,-17.2,-35.4,-26.0,-0.02,0.04,1.00,0.00,0.00,0.00,-22.42,30.94,93,-1,0,6,-0.1,0.03,0.402,0.427,-4.27,0,26,0,228.6,307.7,311.3,47.4,0.00,1,14.4,-4.8
39.90,brake,361.19,-11.19,0.388,1,1939.5,342.8,0.0,0.0,-5.54,34.80,61,40,-1,-23.2,-16.4,-33.9,-25.0,-0.02,0.04,0.98,0.00,0.00,0.00,-22.54,28.95,93,-1,0,6,0.7,0.03,0.388,0.412,-4.06,0,26,0,229.0,308.9,312.9,46.7,0.00,1,13.7,-6.3
40.00,brake,360.84,-10.84,0.376,1,1939.0,346.2,0.0,0.0,-5.45,33.48,59,40,-1,-22.2,-15.8,-32.4,-24.1,-0.01,0.04,0.93,0.00,0.00,0.00,-22.54,27.09,93,-1,0,7,1.8,0.02,0.376,0.397,-3.86,0,26,0,229.1,310.3,314.3,46.3,0.00,1,12.1,-7.2
40.10,brake,360.42,-10.42,0.368,1,1938.4,349.5,0.0,0.0,-5.36,32.23,58,40,-1,-21.2,-15.2,-31.1,-23.2,-0.01,0.03,0.88,0.00,0.00,0.00,-22.49,25.38,93,-1,0,7,2.9,0.01,0.368,0.384,-3.68,0,26,0,228.9,311.8,315.7,46.1,0.00,1,10.8,-8.3
40.20,brake,360.17,-10.17,0.357,1,1937.9,352.6,0.0,0.0,-5.27,31.10,56,40,-1,-20.3,-14.7,-29.8,-22.3,-0.01,0.02,0.84,0.00,0.00,0.00,-22.36,23.83,93,-1,0,7,3.8,-0.00,0.357,0.371,-3.53,0,26,0,228.6,313.4,316.9,46.0,0.00,1,10.0,-8.6
40.30,brake,359.86,-9.86,0.351,1,1937.4,355.6,0.0,0.0,-5.19,29.99,55,40,-1,-19.5,-14.3,-28.6,-21.5,-0.01,0.02,0.80,0.00,0.00,0.00,-22.19,22.42,93,-1,0,7,4.5,-0.01,0.351,0.363,-3.41,0,26,0,228.1,315.0,318.1,46.1,0.00,1,9.3,-8.7
40.40,brake,359.55,-9.55,0.344,1,1936.9,358.5,0.0,0.0,-5.10,28.94,54,40,-1,-18.7,-13.9,-27.4,-20.7,-0.01,0.02,0.76,0.00,0.00,0.00,-21.94,21.10,93,-1,0,7,5.0,-0.02,0.344,0.355,-3.28,0,26,0,227.6,316.6,319.2,46.2,0.00,1,8.8,-8.7
40.50,brake,359.26,-9.26,0.336,1,1936.4,361.4,0.0,0.0,-4.97,27.91,53,40,-1,-17.9,-13.6,-26.3,-19.9,-0.01,0.01,0.72,0.00,0.00,0.00,-21.64,19.88,93,-1,0,7,5.3,-0.03,0.336,0.346,-3.13,0,26,0,227.0,318.3,320.3,46.4,0.00,1,8.4,-8.6
40.60,brake,358.98,-8.98,0.328,1,1935.9,364.1,0.0,0.0,-4.83,26.94,52,43,-1,-17.1,-13.2,-25.2,-19.1,-0.00,0.01,0.68,0.00,0.00,0.00,-21.13,18.90,93,-1,0,6,5.4,-0.03,0.328,0.333,-2.97,0,26,0,226.4,319.9,321.3,46.7,0.00,1,7.5,-9.0
40.70,brake,358.72,-8.72,0.322,1,1935.4,366.7,0.0,0.0,-4.75,26.02,51,43,-1,-16.4,-12.9,-24.3,-18.3,0.00,-0.00,0.64,0.00,0.00,0.00,-20.63,17.99,93,-1,0,6,5.6,-0.04,0.322,0.325,-2.85,0,26,0,225.8,321.5,322.3,47.0,0.00,1,6.6,-9.4
40.80,brake,358.45,-8.45,0.317,1,1934.9,369.2,0.0,0.0,-4.61,25.21,51,43,-1,-15.7,-12.6,-23.4,-17.5,0.01,-0.01,0.61,0.00,0.00,0.00,-20.16,17.12,93,-1,0,6,5.6,-0.04,0.317,0.324,-2.73,0,26,0,225.1,323.2,323.2,47.4,0.00,1,6.3,-9.3
40.90,brake,358.17,-8.17,0.319,1,1934.5,371.7,0.0,0.0,-4.48,24.44,50,43,-1,-15.1,-12.4,-22.5,-16.8,0.01,-0.01,0.57,0.00,0.00,0.00,-19.71,16.39,93,-1,0,5,5.7,-0.04,0.319,0.329,-2.76,0,26,0,224.4,324.7,324.2,47.8,0.00,1,6.1,-9.2
41.00,brake,357.89,-7.89,0.323,1,1934.0,374.1,0.0,0.0,-4.39,23.71,50,45,-1,-14.5,-12.1,-21.7,-16.0,0.02,-0.01,0.54,0.00,0.00,0.00,-19.14,15.85,93,-1,0,5,5.7,-0.04,0.324,0.336,-2.81,0,26,0,223.7,326.3,325.1,48.2,0.00,1,5.9,-9.0
41.10,brake,357.61,-7.61,0.328,1,1933.6,376.4,0.0,0.0,-4.26,23.01,50,45,-1,-13.9,-11.9,-20.9,-15.3,0.02,-0.02,0.50,0.00,0.00,0.00,-18.63,15.31,93,-1,0,4,5.7,-0.05,0.328,0.343,-2.84,0,26,0,223.0,327.8,326.0,48.6,0.00,1,5.6,-8.8
41.20,brake,357.33,-7.33,0.332,1,1933.2,378.7,0.0,0.0,-4.13,22.28,50,45,-1,-13.3,-11.7,-20.1,-14.6,0.02,-0.01,0.47,0.00,0.00,0.00,-18.11,14.81,93,-1,0,4,5.7,-0.05,0.332,0.346,-2.86,0,26,0,222.4,329.3,327.0,49.1,0.00,1,6.0,-8.1
41.30,brake,357.06,-7.06,0.333,1,1932.8,380.8,0.0,0.0,-4.00,21.60,50,45,-1,-12.8,-11.4,-19.3,-14.0,0.01,-0.01,0.44,0.00,0.00,0.00,-17.59,14.29,93,-1,0,3,5.4,-0.05,0.333,0.342,-2.82,0,26,0,221.9,330.6,327.9,49.5,0.00,1,6.3,-7.0
41.40,brake,356.79,-6.79,0.334,1,1932.4,382.9,0.0,0.0,-3.82,20.93,50,48,-1,-12.3,-11.2,-18.5,-13.5,-0.00,-0.01,0.41,0.00,0.00,0.00,-17.00,13.91,93,-1,0,3,4.9,-0.05,0.334,0.338,-2.76,0,26,0,221.4,331.8,328.7,49.8,0.00,1,6.2,-5.4
41.50,brake,356.55,-6.55,0.331,1,1932.0,385.0,0.0,0.0,-3.69,20.27,50,48,-1,-11.8,-10.9,-17.8,-13.2,-0.02,-0.01,0.39,0.00,0.00,0.00,-16.40,13.55,93,-1,0,3,4.6,-0.05,0.331,0.345,-2.63,0,26,0,221.0,332.8,329.4,50.2,0.00,1,5.9,-3.7
41.60,brake,356.31,-6.31,0.327,1,1931.7,387.0,0.0,0.0,-3.56,19.62,50,48,-1,-11.4,-10.7,-17.0,-13.0,-0.03,-0.01,0.36,0.00,0.00,0.00,-15.86,13.15,93,-1,0,2,4.4,-0.04,0.327,0.342,-2.49,0,26,0,220.7,333.8,330.2,50.4,0.00,1,6.7,-3.3
41.70,brake,356.09,-6.09,0.323,1,1931.3,388.9,0.0,0.0,-3.43,19.00,50,48,-1,-10.9,-10.4,-16.2,-12.6,-0.02,-0.00,0.34,0.00,0.00,0.00,-15.34,12.74,93,-1,0,2,4.0,-0.04,0.323,0.331,-2.35,0,26,0,220.3,334.8,331.0,50.7,0.00,1,6.6,-4.2
41.80,brake,355.89,-5.89,0.317,1,1931.0,390.7,0.0,0.0,-3.34,18.38,50,49,-1,-10.5,-10.1,-15.5,-12.2,-0.00,-0.00,0.31,0.00,0.00,0.00,-14.79,12.40,93,-1,0,2,3.6,-0.04,0.317,0.318,-2.20,0,26,0,220.0,335.8,331.9,50.9,0.00,1,6.4,-5.5
41.90,brake,355.68,-5.68,0.312,1,1930.7,392.5,0.0,0.0,-3.25,17.82,50,49,-1,-10.1,-9.8,-14.8,-11.7,0.01,-0.00,0.28,0.00,0.00,0.00,-14.30,12.02,93,-1,0,2,3.1,-0.03,0.312,0.318,-2.05,0,26,0,219.7,337.0,332.9,51.1,0.00,1,6.2,-5.8
42.00,brake,355.48,-5.48,0.312,1,1930.3,394.3,0.0,0.0,-3.12,17.30,50,49,-1,-9.7,-9.6,-14.1,-11.1,0.02,-0.00,0.26,0.00,0.00,0.00,-13.86,11.66,93,-1,0,2,2.8,-0.03,0.312,0.322,-2.02,0,26,0,219.5,338.1,333.9,51.3,0.00,1,6.0,-6.0
42.10,brake,355.29,-5.29,0.314,1,1930.0,396.0,0.0,0.0,-3.03,16.80,50,49,-1,-9.4,-9.4,-13.4,-10.5,0.03,-0.00,0.23,0.00,0.00,0.00,-13.42,11.36,93,-1,0,1,2.6,-0.03,0.314,0.326,-1.99,0,26,0,219.2,339.2,335.0,51.5,0.00,1,5.8,-6.1
42.20,brake,355.09,-5.09,0.315,1,1929.7,397.6,0.0,0.0,-2.94,16.33,51,50,-1,-9.1,-9.1,-12.8,-10.0,0.03,-0.00,0.20,0.00,0.00,0.00,-13.00,11.07,93,-1,0,1,2.5,-0.02,0.315,0.329,-1.96,0,26,0,219.0,340.2,336.1,51.6,0.00,1,5.6,-6.1
42.30,brake,354.90,-4.90,0.316,1,1929.5,399.2,0.0,0.0,-2.81,15.88,51,50,-1,-8.8,-8.9,-12.2,-9.4,0.03,-0.00,0.17,0.00,0.00,0.00,-12.61,10.78,93,-1,0,1,2.3,-0.02,0.316,0.331,-1.93,0,26,0,218.8,341.3,337.1,51.7,0.00,1,5.4,-5.9
42.40,brake,354.71,-4.71,0.317,1,1929.2,400.8,0.0,0.0,-2.72,15.45,51,50,-1,-8.5,-8.7,-11.6,-8.8,0.03,-0.01,0.15,0.00,0.00,0.00,-12.20,10.54,93,-1,0,1,1.9,-0.02,0.317,0.333,-1.89,0,26,0,218.6,342.3,338.2,51.9,0.00,1,5.2,-5.6
42.50,brake,354.52,-4.52,0.317,1,1928.9,402.3,0.0,0.0,-2.64,15.04,51,50,-1,-8.2,-8.5,-11.0,-8.3,0.03,-0.01,0.12,0.00,0.00,0.00,-11.86,10.27,93,-1,0,1,1.5,-0.02,0.317,0.333,-1.85,0,26,0,218.4,343.2,339.2,51.9,0.00,1,5.0,-5.1
42.60,brake,354.35,-4.35,0.318,1,1928.7,403.8,0.0,0.0,-2.55,14.66,51,51,-1,-8.0,-8.3,-10.5,-7.9,0.03,-0.01,0.10,0.00,0.00,0.00,-11.51,10.03,93,-1,0,1,1.0,-0.01,0.318,0.333,-1.80,0,26,0,218.4,344.1,340.2,52.0,0.00,1,4.9,-4.6
42.70,brake,354.17,-4.17,0.318,1,1928.4,405.2,0.0,0.0,-2.46,14.28,51,51,-1,-7.8,-8.1,-10.0,-7.5,0.03,-0.01,0.08,0.00,0.00,0.00,-11.18,9.81,93,-1,0,1,0.5,-0.01,0.318,0.332,-1.75,0,26,0,218.3,344.9,341.1,52.0,0.00,1,4.6,-4.0
42.80,brake,354.01,-4.01,0.319,1,1928.2,406.6,0.0,0.0,-2.33,13.93,51,51,-1,-7.6,-7.8,-9.6,-7.1,0.02,-0.01,0.06,0.00,0.00,0.00,-10.87,9.59,93,-1,0,1,-0.0,-0.00,0.319,0.331,-1.69,0,26,0,218.3,345.5,341.9,52.0,0.00,1,4.5,-3.5
42.90,brake,353.84,-3.84,0.319,1,1928.0,408.0,0.0,0.0,-2.24,13.60,51,51,-1,-7.4,-7.6,-9.1,-6.8,0.02,-0.01,0.04,0.00,0.00,0.00,-10.54,9.40,93,-1,0,1,-0.4,0.01,0.319,0.329,-1.64,0,26,0,218.4,346.2,342.7,51.9,0.00,1,4.3,-3.0
43.00,brake,353.69,-3.69,0.319,1,1927.7,409.3,0.0,0.0,-2.15,13.27,51,51,-1,-7.2,-7.5,-8.7,-6.5,0.01,-0.01,0.03,0.00,0.00,0.00,-10.26,9.20,93,-1,0,1,-0.6,0.01,0.319,0.328,-1.58,0,26,0,218.5,346.8,343.5,51.8,0.00,1,4.1,-2.7
43.10,brake,353.54,-3.54,0.319,1,1927.5,410.6,0.0,0.0,-2.11,12.94,51,51,-1,-7.0,-7.3,-8.3,-6.2,0.01,-0.01,0.01,0.00,0.00,0.00,-9.99,9.00,93,-1,0,1,-0.8,0.01,0.319,0.328,-1.52,0,26,0,218.6,347.3,344.2,51.6,0.00,1,3.9,-2.5
43.20,brake,353.40,-3.40,0.318,1,1927.3,411.9,0.0,0.0,-2.02,12.63,51,51,-1,-6.9,-7.1,-8.0,-5.9,0.01,-0.01,0.00,0.00,0.00,0.00,-9.75,8.77,93,-1,0,1,-0.9,0.02,0.318,0.327,-1.46,0,26,0,218.7,347.8,344.9,51.5,0.00,1,3.8,-2.3
43.30,brake,353.26,-3.26,0.318,1,1927.1,413.1,0.0,0.0,-1.93,12.33,51,51,-1,-6.7,-6.9,-7.6,-5.7,0.01,-0.01,0.00,0.00,0.00,0.00,-9.49,8.58,93,-1,0,2,-0.9,0.02,0.318,0.326,-1.40,0,26,0,218.8,348.3,345.5,51.4,0.00,1,3.6,-2.2
43.40,brake,353.13,-3.13,0.317,1,1926.9,414.3,0.0,0.0,-1.85,12.03,51,50,-1,-6.5,-6.7,-7.3,-5.5,0.01,-0.02,0.00,0.00,0.00,0.00,-9.24,8.38,93,-1,0,2,-1.0,0.02,0.317,0.326,-1.34,0,26,0,218.9,348.7,346.2,51.3,0.00,1,3.4,-2.1
43.50,brake,353.00,-3.00,0.317,1,1926.8,415.5,0.0,0.0,-1.85,11.76,51,50,-1,-6.4,-6.5,-7.0,-5.3,0.00,-0.02,0.00,0.00,0.00,0.00,-9.00,8.19,93,-1,0,2,-1.0,0.02,0.317,0.325,-1.27,0,26,0,219.0,349.2,346.7,51.1,0.00,1,3.2,-2.0
43.60,brake,352.89,-2.89,0.316,1,1926.6,416.7,0.0,0.0,-1.76,11.48,51,50,-1,-6.3,-6.4,-6.6,-5.1,0.00,-0.02,0.00,0.00,0.00,0.00,-8.84,7.97,93,-1,0,2,-0.9,0.02,0.316,0.324,-1.21,0,26,0,219.2,349.6,347.3,51.0,0.00,1,3.0,-1.9
43.70,brake,352.77,-2.77,0.315,1,1926.4,417.8,0.0,0.0,-1.67,11.22,51,50,-1,-6.1,-6.2,-6.4,-4.9,0.00,-0.02,0.00,0.00,0.00,0.00,-8.61,7.80,93,-1,0,2,-0.9,0.02,0.315,0.323,-1.15,0,26,0,219.3,350.0,347.8,50.9,0.00,1,2.8,-1.8
43.80,brake,352.67,-2.67,0.313,1,1926.2,418.9,0.0,0.0,-1.67,10.95,51,50,-1,-6.0,-6.1,-6.1,-4.7,0.00,-0.02,0.00,0.00,0.00,0.00,-8.39,7.63,93,-1,0,2,-1.0,0.02,0.313,0.322,-1.08,0,26,0,219.4,350.4,348.4,50.8,0.00,1,2.7,-1.8
43.90,brake,352.57,-2.57,0.312,1,1926.1,420.0,0.0,0.0,-1.58,10.71,51,50,-1,-5.9,-5.9,-5.8,-4.5,0.00,-0.02,0.00,0.00,0.00,0.00,-8.24,7.41,93,-1,0,2,-1.0,0.02,0.312,0.321,-1.02,0,26,0,219.5,350.8,348.8,50.6,0.00,1,2.7,-1.8
44.00,brake,352.48,-2.48,0.310,1,1925.9,421.0,0.0,0.0,-1.58,10.47,51,50,-1,-5.7,-5.8,-5.6,-4.3,0.00,-0.02,0.00,0.00,0.00,0.00,-8.03,7.26,93,-1,0,2,-0.9,0.02,0.310,0.320,-0.95,0,26,0,219.6,351.1,349.3,50.5,0.00,1,2.3,-1.6
44.10,brake,352.39,-2.39,0.308,1,1925.8,422.1,0.0,0.0,-1.49,10.25,50,50,-1,-5.6,-5.6,-5.4,-4.1,0.00,-0.02,0.00,0.00,0.00,0.00,-7.89,7.06,93,-1,0,3,-0.9,0.02,0.308,0.319,-0.89,0,26,0,219.7,351.5,349.7,50.4,0.00,1,2.2,-1.7
44.20,brake,352.31,-2.31,0.306,1,1925.6,423.1,0.0,0.0,-1.49,10.02,50,49,-1,-5.5,-5.5,-5.2,-3.9,0.00,-0.03,0.00,0.00,0.00,0.00,-7.70,6.93,93,-1,0,3,-0.9,0.02,0.306,0.317,-0.82,0,26,0,219.8,351.8,350.2,50.3,0.00,1,2.1,-1.6
44.30,brake,352.24,-2.24,0.304,1,1925.5,424.0,0.0,0.0,-1.41,9.80,50,49,-1,-5.4,-5.4,-5.0,-3.8,0.00,-0.03,0.00,0.00,0.00,0.00,-7.57,6.74,93,-1,0,3,-0.9,0.02,0.304,0.315,-0.76,0,26,0,219.9,352.1,350.5,50.2,0.00,1,1.9,-1.5
44.40,brake,352.17,-2.17,0.301,1,1925.3,425.0,0.0,0.0,-1.41,9.59,50,49,-1,-5.3,-5.2,-4.8,-3.6,0.00,-0.03,0.00,0.00,0.00,0.00,-7.37,6.61,93,-1,0,3,-0.7,0.02,0.301,0.313,-0.69,0,26,0,220.0,352.4,350.9,50.1,0.00,1,1.7,-1.4
44.50,brake,352.11,-2.11,0.299,1,1925.2,426.0,0.0,0.0,-1.32,9.38,50,49,-1,-5.2,-5.1,-4.6,-3.5,-0.00,-0.02,0.00,0.00,0.00,0.00,-7.25,6.44,93,-1,0,3,-0.4,0.02,0.299,0.309,-0.63,0,26,0,220.0,352.7,351.3,50.1,0.00,1,1.9,-1.4
44.60,brake,352.06,-2.06,0.296,1,1925.1,426.9,0.0,0.0,-1.27,9.17,50,49,-1,-5.0,-5.0,-4.4,-3.3,-0.00,-0.02,0.00,0.00,0.00,0.00,-7.06,6.32,93,-1,0,3,-0.0,0.02,0.296,0.304,-0.56,0,26,0,220.0,353.0,351.7,50.0,0.00,1,2.2,-1.4
44.70,brake,352.02,-2.02,0.293,1,1925.0,427.8,0.0,0.0,-1.23,8.98,50,49,-1,-4.9,-4.9,-4.2,-3.2,-0.00,-0.02,0.00,0.00,0.00,0.00,-6.90,6.18,93,-1,0,3,0.3,0.01,0.293,0.300,-0.50,0,26,0,220.0,353.3,352.0,50.0,0.00,1,2.4,-1.3
44.80,brake,351.98,-1.98,0.289,1,1924.8,428.7,0.0,0.0,-1.19,8.79,50,49,-1,-4.8,-4.8,-3.9,-3.1,-0.00,-0.01,0.00,0.00,0.00,0.00,-6.75,6.04,93,-1,0,3,0.5,0.01,0.289,0.296,-0.43,0,26,0,220.0,353.6,352.4,50.1,0.00,1,2.4,-1.3
44.90,brake,351.94,-1.94,0.286,1,1924.7,429.5,0.0,0.0,-1.14,8.61,50,49,-1,-4.7,-4.7,-3.7,-2.9,-0.00,-0.01,0.00,0.00,0.00,0.00,-6.60,5.92,93,-1,0,3,0.7,0.01,0.286,0.292,-0.37,0,26,0,219.9,354.0,352.8,50.1,0.00,1,2.4,-1.3
45.00,brake,351.91,-1.91,0.282,1,1924.6,430.4,0.0,0.0,-1.14,8.44,50,49,-1,-4.6,-4.6,-3.5,-2.8,-0.00,-0.01,0.00,0.00,0.00,0.00,-6.46,5.81,93,-1,0,3,0.7,0.01,0.282,0.288,-0.30,0,26,0,219.9,354.3,353.1,50.2,0.00,1,2.2,-1.1
45.10,brake,351.89,-1.89,0.277,1,1924.5,431.2,0.0,0.0,-1.05,8.27,49,49,-1,-4.5,-4.5,-3.3,-2.7,-0.00,-0.01,0.00,0.00,0.00,0.00,-6.35,5.67,93,-1,0,3,0.8,0.00,0.277,0.284,-0.24,0,26,0,219.8,354.6,353.5,50.3,0.00,1,2.1,-1.1
45.20,brake,351.88,-1.88,0.273,1,1924.4,432.0,0.0,0.0,-1.05,8.11,49,49,-1,-4.4,-4.4,-3.1,-2.6,-0.00,-0.01,0.00,0.00,0.00,0.00,-6.18,5.60,93,-1,0,3,0.9,0.00,0.273,0.280,-0.18,0,26,0,219.7,354.8,353.8,50.3,0.00,1,2.1,-1.1
45.30,brake,351.87,-1.87,0.268,1,1924.3,432.8,0.0,0.0,-1.05,7.95,49,49,-1,-4.3,-4.4,-2.9,-2.5,-0.00,-0.01,0.00,0.00,0.00,0.00,-6.08,5.47,93,-1,0,3,0.8,0.00,0.268,0.276,-0.11,0,26,0,219.6,355.1,354.1,50.4,0.00,1,1.8,-1.0
45.40,brake,351.87,-1.87,0.263,1,1924.2,433.6,0.0,0.0,-1.05,7.82,49,49,-1,-4.2,-4.3,-2.6,-2.4,0.00,-0.01,0.00,0.00,0.00,0.00,-5.98,5.35,93,-1,0,2,0.8,0.00,0.263,0.267,-0.05,0,26,0,219.6,355.4,354.5,50.5,0.00,1,2.2,-1.4
45.50,land,351.85,0.00,0.259,1,1924.1,434.4,-31.7,-68.1,-0.97,7.69,49,49,-1,-10.2,-10.3,-2.4,-2.3,0.06,0.06,0.00,0.00,0.00,0.00,-5.89,5.26,93,-1,0,1,0.8,-0.01,0.260,0.311,-0.05,0,26,0,219.5,355.8,354.9,50.5,0.00,0,3.1,-1.4
45.60,land,351.83,0.02,0.263,1,1924.0,435.1,-31.6,-68.9,-0.97,7.56,49,49,-1,-16.2,-16.3,-2.0,-2.1,0.12,0.14,0.00,0.00,0.00,0.00,-5.74,5.21,93,-1,0,-0,0.8,-0.01,0.263,0.367,-0.12,0,26,0,219.5,355.8,354.9,50.5,0.00,0,4.2,-1.4
45.70,land,351.80,0.05,0.268,1,1923.9,435.9,-31.5,-69.6,-0.97,7.46,49,49,-1,-20.0,-20.0,-1.6,-2.0,0.15,0.17,0.00,0.00,0.00,0.00,-5.65,5.11,93,-1,0,-0,0.8,-0.01,0.268,0.395,-0.20,0,26,0,219.5,355.8,354.9,50.5,0.00,0,3.4,-0.7
45.80,land,351.76,0.09,0.275,1,1923.8,436.6,-31.4,-70.4,-0.97,7.39,49,50,-1,-20.0,-20.0,-1.5,-2.1,0.12,0.14,0.00,0.00,0.00,0.00,-5.58,5.04,93,-1,0,-0,0.7,-0.01,0.275,0.381,-0.34,0,26,0,219.3,356.7,356.0,50.8,0.00,0,0.5,1.2
45.90,land,351.72,0.13,0.281,1,1923.7,437.4,-31.3,-71.1,-0.97,7.35,50,50,-1,-20.0,-20.0,-1.7,-2.4,0.09,0.09,0.00,0.00,0.00,0.00,-5.53,5.00,93,-1,0,-0,0.6,-0.01,0.281,0.351,-0.43,0,26,0,219.3,356.7,356.0,50.8,0.00,0,-3.3,3.6
46.00,land,351.68,0.18,0.285,1,1923.6,438.1,-31.2,-71.9,-0.97,7.32,50,50,-1,-20.0,-20.0,-2.3,-3.0,0.04,0.03,0.00,0.00,0.00,0.00,-5.50,4.97,93,-1,0,-0,0.7,-0.01,0.285,0.312,-0.50,0,26,0,219.3,356.7,356.0,50.8,0.00,0,-7.0,6.7
46.10,land,351.64,0.21,0.287,1,1923.5,438.8,-31.1,-72.6,-0.97,7.26,50,50,-1,-20.0,-20.0,-3.2,-3.9,-0.01,-0.03,0.00,0.00,0.00,0.00,-5.48,4.95,93,-1,0,-0,0.9,-0.01,0.287,0.303,-0.51,0,26,0,219.3,356.7,356.0,50.8,0.00,0,-10.0,9.5
46.20,land,351.61,0.24,0.285,1,1923.4,439.5,-31.0,-73.3,-0.97,7.17,50,50,-1,-20.0,-20.0,-4.4,-5.0,-0.05,-0.07,0.00,0.00,0.00,0.00,-5.43,4.91,93,-1,0,-0,1.0,-0.01,0.285,0.334,-0.45,0,26,0,218.9,351.5,349.5,51.3,0.00,0,-11.9,11.4
46.30,land,351.59,0.27,0.285,1,1923.3,440.2,-30.9,-74.0,-0.97,7.01,50,50,-1,-20.0,-20.0,-5.6,-6.2,-0.08,-0.10,0.00,0.00,0.00,0.00,-5.37,4.86,93,-1,0,-0,1.2,-0.01,0.285,0.357,-0.45,0,26,0,218.9,351.5,349.5,51.3,0.00,0,-12.8,12.5
46.40,land,351.56,0.29,0.283,1,1923.2,440.9,-30.8,-74.7,-0.97,6.80,50,50,-1,-20.0,-20.0,-6.9,-7.5,-0.09,-0.10,0.00,0.00,0.00,0.00,-5.25,4.74,93,-1,0,-0,1.4,-0.02,0.283,0.361,-0.39,0,26,0,218.9,351.5,349.5,51.3,0.00,0,-12.1,11.8
46.50,land,351.54,0.31,0.281,1,1923.1,441.6,-30.7,-75.4,-0.97,6.51,50,50,-1,-20.0,-20.0,-8.0,-8.6,-0.08,-0.09,0.05,0.00,0.00,0.00,-5.11,4.59,93,-1,0,-1,1.4,-0.02,0.281,0.348,-0.33,0,26,0,218.9,351.5,349.5,51.3,0.00,0,-10.7,10.4
46.60,land,351.53,0.33,0.279,1,1923.0,442.2,-30.6,-76.1,-0.88,6.17,50,51,-1,-20.0,-20.0,-8.9,-9.5,-0.06,-0.07,0.10,0.00,0.00,0.00,-4.91,4.39,93,-1,0,-1,1.2,-0.02,0.279,0.330,-0.29,0,26,0,218.3,343.7,339.7,52.3,0.00,0,-8.8,8.7
46.70,land,351.51,0.35,0.278,1,1922.9,442.8,-30.5,-76.7,-0.88,5.81,51,51,-1,-20.0,-20.0,-9.6,-10.3,-0.03,-0.04,0.13,0.00,0.00,0.00,-4.61,4.21,93,-1,0,-1,1.0,-0.02,0.278,0.309,-0.25,0,26,0,218.3,343.7,339.7,52.3,0.00,0,-6.7,6.7
46.80,land,351.49,0.37,0.277,1,1922.9,443.4,-30.4,-77.3,-0.79,5.45,51,51,-1,-20.0,-20.0,-10.2,-10.9,-0.01,-0.02,0.16,0.00,0.00,0.00,-4.36,3.94,93,-1,0,-1,0.9,-0.02,0.277,0.291,-0.22,0,26,0,218.3,343.7,339.7,52.3,0.00,0,-5.2,5.3
46.90,land,351.46,0.40,0.280,1,1922.8,443.9,-30.4,-77.9,-0.79,5.08,51,51,-1,-20.0,-20.0,-10.6,-11.3,0.00,-0.00,0.18,0.00,0.00,0.00,-4.05,3.73,93,-1,0,-1,0.7,-0.02,0.280,0.283,-0.27,0,26,0,218.3,343.7,339.7,52.3,0.00,0,-3.7,3.8
47.00,land,351.42,0.43,0.283,1,1922.7,444.4,-30.3,-78.4,-0.70,4.70,51,51,-1,-20.0,-20.0,-10.9,-11.7,0.02,0.02,0.19,0.00,0.00,0.00,-3.80,3.45,93,-1,0,-2,0.5,-0.02,0.283,0.299,-0.32,0,26,0,217.9,340.4,335.4,53.0,0.00,0,-2.5,2.7
47.10,land,351.39,0.47,0.287,1,1922.6,444.8,-30.2,-78.9,-0.70,4.32,51,51,-1,-20.0,-20.0,-11.1,-11.9,0.03,0.03,0.20,0.00,0.00,0.00,-3.49,3.23,93,-1,0,-2,0.3,-0.02,0.287,0.309,-0.38,0,26,0,217.9,340.4,335.4,53.0,0.00,0,-2.0,2.3
47.20,land,351.35,0.50,0.287,1,1922.6,445.2,-30.1,-79.3,-0.62,3.94,52,51,-1,-20.0,-20.0,-11.3,-12.1,0.03,0.03,0.21,0.00,0.00,0.00,-3.24,2.94,93,-1,0,-2,0.3,-0.01,0.287,0.312,-0.37,0,26,0,217.9,340.4,335.4,53.0,0.00,0,-1.9,2.1
47.30,land,351.32,0.54,0.287,1,1922.5,445.6,-30.1,-79.7,-0.62,3.60,52,51,-1,-20.0,-20.0,-11.5,-12.4,0.03,0.02,0.22,0.00,0.00,0.00,-2.93,2.71,93,-1,0,-2,0.1,-0.01,0.287,0.308,-0.35,0,26,0,217.9,340.4,335.4,53.0,0.00,0,-2.2,2.5
47.40,land,351.28,0.58,0.290,1,1922.5,445.9,-30.0,-80.1,-0.53,3.25,52,51,-1,-20.0,-20.0,-11.8,-12.7,0.02,0.01,0.24,0.00,0.00,0.00,-2.71,2.45,93,-1,0,-2,-0.2,-0.01,0.290,0.302,-0.39,0,26,0,217.8,338.8,333.4,53.3,0.00,0,-2.8,3.3
47.50,land,351.23,0.62,0.293,1,1922.4,446.2,-30.0,-80.4,-0.53,2.90,52,51,-1,-20.0,-20.0,-12.2,-13.1,0.00,0.00,0.25,0.00,0.00,0.00,-2.42,2.24,93,-1,0,-3,-0.6,-0.01,0.293,0.294,-0.44,0,26,0,217.8,338.8,333.4,53.3,0.00,0,-3.4,4.3
47.60,land,351.18,0.67,0.296,1,1922.4,446.5,-29.9,-80.7,-0.48,2.54,52,51,-1,-20.0,-20.0,-12.6,-13.6,-0.01,-0.01,0.27,0.00,0.00,0.00,-2.20,1.97,93,-1,0,-3,-0.9,-0.01,0.296,0.302,-0.49,0,26,0,217.8,338.8,333.4,53.3,0.00,0,-3.6,4.6
47.70,land,351.14,0.72,0.297,1,1922.3,446.7,-29.9,-81.0,-0.44,2.15,52,51,-1,-20.0,-20.0,-13.0,-14.1,-0.01,-0.01,0.29,0.00,0.00,0.00,-1.93,1.71,93,-1,0,-3,-1.1,-0.00,0.297,0.307,-0.48,0,26,0,217.8,338.8,333.4,53.3,0.00,0,-3.7,4.9
47.80,land,351.09,0.76,0.297,1,1922.3,446.9,-29.8,-81.2,-0.44,1.76,52,51,-1,-20.0,-20.0,-13.4,-14.6,-0.02,-0.02,0.31,0.00,0.00,0.00,-1.66,1.44,93,-1,0,-3,-1.2,-0.00,0.297,0.311,-0.47,0,26,0,218.1,335.9,330.3,53.3,0.00,0,-3.7,4.9
47.90,land,351.05,0.81,0.298,1,1922.2,447.0,-29.8,-81.4,-0.35,1.36,52,51,-1,-19.8,-20.0,-13.9,-15.1,-0.02,-0.02,0.34,0.00,0.00,0.00,-1.42,1.13,93,-1,0,-3,-1.3,-0.00,0.298,0.316,-0.46,0,26,0,218.1,335.9,330.3,53.3,0.00,0,-3.8,5.0
48.00,land,351.00,0.85,0.299,1,1922.2,447.1,-29.7,-81.5,-0.35,0.96,53,51,-1,-18.9,-20.0,-14.3,-15.6,-0.03,-0.04,0.36,0.00,0.00,0.00,-1.11,0.87,93,-1,0,-3,-1.3,-0.00,0.299,0.325,-0.46,0,26,0,218.1,335.9,330.3,53.3,0.00,0,-4.0,5.1
48.10,land,350.96,0.90,0.300,1,1922.2,447.2,-29.7,-81.6,-0.31,0.54,53,51,-1,-18.1,-20.0,-14.8,-16.1,-0.03,-0.05,0.38,0.00,0.00,0.00,-0.86,0.55,93,-1,0,-3,-1.3,-0.00,0.300,0.334,-0.46,0,26,0,218.1,335.9,330.3,53.3,0.00,0,-4.1,5.1
48.20,land,350.91,0.94,0.301,1,1922.1,447.2,-29.7,-81.7,-0.26,0.10,53,50,-1,-17.3,-20.0,-15.3,-16.6,-0.04,-0.07,0.40,0.00,0.00,0.00,-0.57,0.24,93,-1,0,-3,-1.3,-0.00,0.301,0.342,-0.46,0,26,0,218.7,332.7,327.2,53.2,0.00,0,-3.9,5.2
48.30,land,350.86,0.99,0.302,1,1922.1,447.2,-29.6,-81.7,-0.22,-0.36,53,50,-1,-16.3,-20.0,-15.6,-17.0,-0.03,-0.06,0.42,0.00,0.00,0.00,-0.27,-0.08,93,-1,0,-3,-1.2,-0.00,0.302,0.340,-0.48,0,26,0,218.7,332.7,327.2,53.2,0.00,0,-2.5,4.2
48.40,land,350.81,1.05,0.305,1,1922.1,447.1,-29.6,-81.7,-0.18,-0.82,53,50,-1,-15.3,-20.0,-15.8,-17.3,-0.01,-0.05,0.43,0.00,0.00,0.00,0.04,-0.42,93,-1,0,-3,-1.2,-0.00,0.305,0.330,-0.50,0,26,0,218.7,332.7,327.2,53.2,0.00,0,-0.7,2.7
48.50,land,350.75,1.10,0.307,1,1922.1,447.0,-29.6,-81.6,-0.13,-1.30,53,50,-1,-14.4,-20.0,-15.8,-17.4,0.01,-0.03,0.43,0.00,0.00,0.00,0.36,-0.76,93,-1,0,-3,-1.1,-0.00,0.307,0.325,-0.53,0,26,0,218.7,332.7,327.2,53.2,0.00,0,1.2,1.3
48.60,land,350.70,1.16,0.310,1,1922.1,446.8,-29.6,-81.5,-0.09,-1.77,53,50,-1,-13.4,-20.0,-15.6,-17.5,0.02,-0.03,0.43,0.00,0.00,0.00,0.68,-1.11,93,-1,0,-3,-1.1,-0.00,0.310,0.328,-0.56,0,26,0,219.4,331.4,326.4,52.8,0.00,0,2.1,0.9
48.70,land,350.64,1.22,0.313,1,1922.1,446.6,-29.6,-81.3,-0.04,-2.22,53,50,-1,-12.5,-20.0,-15.4,-17.5,0.02,-0.02,0.42,0.00,0.00,0.00,1.00,-1.46,93,-1,0,-3,-1.2,-0.00,0.313,0.331,-0.59,0,26,0,219.4,331.4,326.4,52.8,0.00,0,2.9,0.9
48.80,land,350.58,1.28,0.315,1,1922.1,446.4,-29.6,-81.1,0.00,-2.67,53,50,-1,-11.5,-20.0,-15.1,-17.5,0.02,-0.03,0.42,0.00,0.00,0.00,1.31,-1.79,93,-1,0,-3,-1.4,-0.00,0.315,0.335,-0.63,0,26,0,219.4,331.4,326.4,52.8,0.00,0,3.4,0.8
48.90,land,350.51,1.34,0.318,1,1922.1,446.1,-29.6,-80.9,0.00,-3.10,53,50,-1,-10.6,-20.0,-14.8,-17.5,0.03,-0.03,0.41,0.00,0.00,0.00,1.62,-2.12,93,-1,0,-3,-1.5,0.00,0.318,0.340,-0.65,0,26,0,219.4,331.4,326.4,52.8,0.00,0,3.6,0.8
49.00,land,350.45,1.40,0.321,1,1922.1,445.7,-29.6,-80.6,0.00,-3.55,52,49,-1,-9.9,-20.0,-14.5,-17.6,0.02,-0.03,0.41,0.00,0.00,0.00,1.90,-2.45,93,-1,0,-3,-1.6,0.00,0.321,0.341,-0.67,0,26,0,220.4,331.8,327.8,51.8,0.00,0,4.2,1.3
49.10,land,350.40,1.46,0.320,1,1922.1,445.3,-29.6,-80.2,0.00,-3.99,52,49,-1,-9.1,-20.0,-14.1,-17.7,0.01,-0.03,0.40,0.00,0.00,0.00,2.18,-2.80,93,-1,0,-3,-1.6,0.01,0.320,0.336,-0.63,0,26,0,220.4,331.8,327.8,51.8,0.00,0,4.8,1.9
49.20,land,350.35,1.51,0.318,1,1922.1,444.9,-29.6,-79.8,0.00,-4.41,52,49,-1,-8.3,-20.0,-13.6,-17.9,0.00,-0.02,0.40,0.00,0.00,0.00,2.47,-3.13,93,-1,0,-2,-1.6,0.01,0.318,0.330,-0.58,0,26,0,220.4,331.8,327.8,51.8,0.00,0,5.2,2.5
49.30,land,350.30,1.55,0.317,1,1922.1,444.4,-29.6,-79.4,-0.09,-4.83,52,49,-1,-7.5,-20.0,-13.2,-18.1,-0.01,-0.02,0.40,0.00,0.00,0.00,2.74,-3.45,93,-1,0,-2,-1.6,0.01,0.317,0.329,-0.53,0,26,0,220.4,331.8,327.8,51.8,0.00,0,5.6,3.1
49.40,land,350.26,1.60,0.315,1,1922.0,443.9,-29.6,-78.9,-0.09,-5.23,51,47,-1,-7.0,-20.0,-12.7,-18.3,-0.01,-0.02,0.39,0.00,0.00,0.00,2.97,-3.82,93,-1,0,-2,-1.6,0.01,0.315,0.330,-0.48,0,26,0,222.0,331.9,329.3,50.5,0.00,0,5.5,3.1
49.50,land,350.21,1.64,0.316,1,1922.0,443.4,-29.5,-78.4,-0.18,-5.60,51,47,-1,-6.4,-20.0,-12.2,-18.6,-0.02,-0.03,0.39,0.00,0.00,0.00,3.25,-4.10,93,-1,0,-1,-1.6,0.01,0.316,0.335,-0.48,0,26,0,222.0,331.9,329.3,50.5,0.00,0,5.4,3.1
49.60,land,350.17,1.69,0.318,1,1922.0,442.8,-29.5,-77.9,-0.22,-5.98,50,47,-1,-5.9,-20.0,-11.7,-18.8,-0.02,-0.03,0.39,0.00,0.00,0.00,3.44,-4.42,93,-1,0,-1,-1.7,0.02,0.318,0.339,-0.50,0,26,0,222.0,331.9,329.3,50.5,0.00,0,5.2,3.1
49.70,land,350.13,1.73,0.320,1,1922.0,442.2,-29.5,-77.3,-0.31,-6.37,50,47,-1,-5.2,-20.0,-11.3,-19.0,-0.02,-0.03,0.39,0.00,0.00,0.00,3.68,-4.72,93,-1,0,-1,-1.5,0.02,0.320,0.339,-0.51,0,26,0,222.0,331.9,329.3,50.5,0.00,0,5.6,2.6
49.80,land,350.09,1.77,0.318,1,1921.9,441.5,-29.5,-76.7,-0.40,-6.77,49,45,-1,-4.8,-20.0,-10.7,-19.2,-0.01,-0.02,0.39,0.00,0.00,0.00,3.91,-5.04,93,-1,0,0,-1.2,0.02,0.318,0.332,-0.46,0,26,0,223.5,332.2,330.9,49.2,0.00,0,6.3,2.1
49.90,land,350.05,1.80,0.316,1,1921.9,440.8,-29.4,-76.0,-0.48,-7.16,49,45,-1,-4.2,-20.0,-10.1,-19.3,-0.00,-0.01,0.38,0.00,0.00,0.00,4.15,-5.36,93,-1,0,1,-0.8,0.02,0.316,0.322,-0.41,0,26,0,223.5,332.2,330.9,49.2,0.00,0,7.1,1.5
50.00,land,350.02,1.83,0.315,1,1921.8,440.0,-29.4,-75.3,-0.62,-7.51,48,45,-1,-3.6,-20.0,-9.4,-19.4,-0.00,-0.00,0.37,0.00,0.00,0.00,4.39,-5.68,93,-1,0,1,-0.4,0.01,0.315,0.317,-0.36,0,26,0,223.5,332.2,330.9,49.2,0.00,0,7.4,1.5
50.10,land,349.99,1.86,0.316,1,1921.8,439.3,-29.3,-74.5,-0.70,-7.84,48,45,-1,-3.1,-20.0,-8.6,-19.5,-0.01,-0.00,0.37,0.00,0.00,0.00,4.57,-6.00,93,-1,0,1,-0.2,0.01,0.316,0.318,-0.36,0,26,0,223.5,332.2,330.9,49.2,0.00,0,7.3,1.5
50.20,land,349.96,1.90,0.317,1,1921.7,438.5,-29.3,-73.8,-0.83,-8.17,47,44,-1,-2.6,-20.0,-7.9,-19.6,-0.01,0.00,0.36,0.00,0.00,0.00,4.79,-6.25,93,-1,0,2,-0.1,0.01,0.317,0.320,-0.37,0,26,0,224.6,333.7,333.4,48.1,0.00,0,7.2,1.5
50.30,land,349.92,1.93,0.318,1,1921.6,437.6,-29.2,-73.0,-1.01,-8.49,47,44,-1,-2.2,-20.0,-7.2,-19.7,-0.01,0.00,0.36,0.00,0.00,0.00,4.97,-6.54,93,-1,0,2,-0.0,0.01,0.318,0.323,-0.38,0,26,0,224.6,333.7,333.4,48.1,0.00,0,7.1,1.5
50.40,land,349.89,1.97,0.319,1,1921.5,436.7,-29.1,-72.1,-1.14,-8.79,46,44,-1,-1.8,-20.0,-6.5,-19.9,-0.01,0.00,0.36,0.00,0.00,0.00,5.11,-6.86,93,-1,0,3,-0.0,0.02,0.319,0.325,-0.39,0,26,0,224.6,333.7,333.4,48.1,0.00,0,6.9,1.6
50.50,land,349.85,2.01,0.320,1,1921.4,435.8,-29.0,-71.2,-1.32,-9.09,46,44,-1,-1.3,-20.0,-5.9,-20.0,-0.02,0.00,0.36,0.00,0.00,0.00,5.27,-7.12,92,-1,0,3,0.0,0.02,0.320,0.327,-0.40,0,26,0,224.6,333.7,333.4,48.1,0.00,0,6.7,1.6
50.60,land,349.81,2.04,0.321,1,1921.2,434.9,-28.9,-70.3,-1.49,-9.36,46,44,-1,-0.9,-20.0,-5.2,-20.1,-0.02,0.00,0.36,0.00,0.00,0.00,5.42,-7.41,92,-1,0,4,0.0,0.02,0.321,0.329,-0.40,0,26,0,225.4,335.3,335.6,47.1,0.00,0,6.6,1.6
50.70,land,349.77,2.08,0.323,1,1921.0,434.0,-28.7,-69.4,-1.71,-9.64,45,44,-1,-0.5,-18.6,-4.6,-20.3,-0.04,-0.00,0.36,0.00,0.00,0.00,5.54,-7.69,92,-1,0,4,0.0,0.02,0.323,0.338,-0.41,0,26,0,225.4,335.3,335.6,47.1,0.00,0,6.4,1.6
50.80,land,349.73,2.12,0.324,1,1920.9,433.0,-28.5,-68.5,-1.89,-9.90,45,44,-1,-0.2,-17.1,-4.0,-20.4,-0.06,-0.00,0.36,0.00,0.00,0.00,5.64,-8.00,92,-1,0,5,0.0,0.02,0.324,0.348,-0.41,0,26,0,225.4,335.3,335.6,47.1,0.00,0,6.2,1.7
50.90,land,349.70,2.15,0.325,1,1920.7,432.0,-28.4,-67.5,-2.15,-10.18,44,44,-1,0.2,-15.7,-3.3,-20.5,-0.07,-0.00,0.36,0.00,0.00,0.00,5.76,-8.27,92,-1,0,5,0.1,0.03,0.325,0.352,-0.42,0,26,0,225.4,335.3,335.6,47.1,0.00,0,6.0,0.5
51.00,land,349.68,2.18,0.320,1,1920.4,430.9,-28.2,-66.5,-2.42,-10.49,44,43,-1,0.5,-14.0,-2.8,-20.4,-0.06,-0.00,0.35,0.00,0.00,0.00,5.84,-8.62,92,-1,0,5,0.3,0.03,0.320,0.347,-0.31,0,26,0,226.0,337.1,337.8,46.3,0.00,0,5.8,-1.0
51.10,land,349.67,2.19,0.314,1,1920.2,429.8,-27.9,-65.4,-2.68,-10.78,44,43,-1,0.9,-12.2,-2.2,-20.2,-0.06,-0.00,0.34,0.00,0.00,0.00,5.93,-8.99,92,-1,0,6,0.4,0.03,0.314,0.338,-0.18,0,26,0,226.0,337.1,337.8,46.3,0.00,0,5.5,-2.9
51.20,land,349.67,2.19,0.308,1,1919.9,428.7,-27.7,-64.3,-2.94,-11.06,43,43,-1,1.3,-10.5,-1.6,-19.8,-0.04,-0.00,0.33,0.00,0.00,0.00,6.01,-9.34,92,-1,0,6,0.5,0.03,0.308,0.327,-0.07,0,26,0,226.0,337.1,337.8,46.3,0.00,0,5.3,-4.9
51.30,land,349.68,2.17,0.302,1,1919.5,427.6,-27.4,-63.2,-3.25,-11.33,43,43,-1,1.7,-8.8,-1.1,-19.1,-0.03,-0.00,0.30,0.00,0.00,0.00,6.08,-9.70,92,-1,0,6,0.5,0.03,0.302,0.314,0.05,0,26,0,226.0,337.1,337.8,46.3,0.00,0,5.1,-7.0
51.40,land,349.69,2.16,0.296,1,1919.2,426.5,-27.0,-62.1,-3.52,-11.54,43,43,-1,2.0,-7.0,-0.6,-18.3,-0.02,-0.00,0.28,0.00,0.00,0.00,6.09,-10.09,92,-1,0,7,0.6,0.03,0.296,0.305,0.17,0,26,0,225.8,341.2,341.6,45.8,0.00,0,4.9,-8.0
51.50,land,349.70,2.15,0.295,1,1918.8,425.3,-26.7,-61.0,-3.74,-11.71,43,43,-1,2.3,-5.4,-0.1,-17.5,-0.01,-0.00,0.25,0.00,0.00,0.00,6.09,-10.41,92,-1,0,7,0.8,0.03,0.295,0.302,0.18,0,26,0,225.8,341.2,341.6,45.8,0.00,0,4.7,-8.9
51.60,land,349.71,2.14,0.295,1,1918.4,424.1,-26.3,-59.8,-3.96,-11.88,43,43,-1,2.6,-3.9,0.4,-16.5,-0.01,-0.00,0.22,0.00,0.00,0.00,6.10,-10.68,92,-1,0,7,1.0,0.02,0.295,0.301,0.17,0,26,0,225.8,341.2,341.6,45.8,0.00,0,4.6,-9.4
51.70,land,349.73,2.13,0.295,1,1918.0,422.9,-25.9,-58.6,-4.17,-12.01,42,43,-1,2.8,-2.4,0.9,-15.6,-0.01,-0.00,0.19,0.00,0.00,0.00,6.08,-10.94,92,-1,0,7,1.2,0.02,0.295,0.300,0.18,0,26,0,225.8,341.2,341.6,45.8,0.00,0,4.3,-9.6
51.80,land,349.74,2.12,0.294,1,1917.6,421.7,-25.5,-57.4,-4.39,-12.12,43,44,-1,3.0,-1.0,1.4,-14.6,-0.01,-0.00,0.15,0.00,0.00,0.00,6.02,-11.20,92,-1,0,7,1.3,0.02,0.294,0.300,0.19,0,26,0,225.1,346.7,346.7,45.7,0.00,0,4.2,-9.8
51.90,land,349.75,2.10,0.292,1,1917.1,420.5,-25.1,-56.2,-4.57,-12.21,43,44,-1,3.2,0.4,1.8,-13.6,-0.02,-0.00,0.12,0.00,0.00,0.00,5.95,-11.44,92,-1,0,7,1.4,0.02,0.292,0.300,0.21,0,26,0,225.1,346.7,346.7,45.7,0.00,0,4.0,-9.8
52.00,land,349.77,2.09,0.290,1,1916.7,419.3,-24.6,-55.0,-4.75,-12.26,43,44,-1,3.4,1.7,2.2,-12.6,-0.02,-0.00,0.09,0.00,0.00,0.00,5.88,-11.63,92,-1,0,7,1.4,0.02,0.290,0.299,0.23,0,26,0,225.1,346.7,346.7,45.7,0.00,0,3.8,-9.8
52.10,land,349.78,2.07,0.288,1,1916.2,418.0,-24.2,-53.8,-4.92,-12.29,43,44,-1,3.5,2.9,2.6,-11.6,-0.02,-0.00,0.06,0.00,0.00,0.00,5.79,-11.80,92,-1,0,7,1.5,0.02,0.288,0.298,0.26,0,26,0,225.1,346.7,346.7,45.7,0.00,0,3.6,-9.7
52.20,land,349.81,2.05,0.286,1,1915.7,416.8,-23.7,-52.5,-5.05,-12.32,43,45,-1,3.5,4.1,3.0,-10.7,-0.02,-0.00,0.04,0.00,0.00,0.00,5.65,-11.97,92,-1,0,7,1.5,0.01,0.286,0.296,0.30,0,26,0,224.3,352.1,352.0,45.9,0.00,0,3.5,-9.6
52.30,land,349.83,2.02,0.283,1,1915.2,415.6,-23.2,-51.3,-5.19,-12.32,43,45,-1,3.6,5.1,3.3,-9.7,-0.03,-0.00,0.01,0.00,0.00,0.00,5.54,-12.10,92,-1,0,6,1.5,0.01,0.283,0.294,0.34,0,26,0,224.3,352.1,352.0,45.9,0.00,0,3.3,-9.5
52.40,land,349.86,1.99,0.281,1,1914.6,414.3,-22.7,-50.1,-5.36,-12.30,43,45,-1,3.7,6.2,3.6,-8.8,-0.03,-0.00,0.00,0.00,0.00,0.00,5.42,-12.21,92,-1,0,6,1.6,0.01,0.281,0.293,0.38,0,26,0,224.3,352.1,352.0,45.9,0.00,0,3.1,-9.4
52.50,land,349.89,1.96,0.277,1,1914.1,413.1,-22.1,-48.8,-5.45,-12.26,43,45,-1,3.6,7.3,4.0,-7.8,-0.03,0.00,0.00,0.00,0.00,0.00,5.26,-12.35,92,-1,0,6,1.6,0.01,0.277,0.292,0.43,0,26,0,224.3,352.1,352.0,45.9,0.00,0,2.9,-9.3
52.60,land,349.93,1.92,0.274,1,1913.5,411.9,-21.6,-47.6,-5.58,-12.21,44,45,-1,3.6,8.1,4.3,-6.9,-0.04,0.00,0.00,0.00,0.00,0.00,5.11,-12.40,92,-1,0,6,1.8,0.01,0.274,0.289,0.47,0,26,0,223.6,357.1,357.0,46.3,0.00,0,2.8,-9.3
52.70,land,349.96,1.89,0.271,1,1913.0,410.7,-21.0,-46.4,-5.67,-12.14,44,45,-1,3.5,9.1,4.5,-5.9,-0.02,0.00,0.00,0.00,0.00,0.00,4.93,-12.48,92,-1,0,6,2.0,0.01,0.271,0.281,0.52,0,26,0,223.6,357.1,357.0,46.3,0.00,0,2.6,-10.5
52.80,land,349.98,1.87,0.274,1,1912.4,409.5,-20.5,-45.2,-5.76,-12.05,44,45,-1,3.4,9.9,4.8,-4.7,-0.00,0.00,0.00,0.00,0.00,0.00,4.78,-12.52,92,-1,0,5,2.4,0.00,0.274,0.276,0.44,0,26,0,223.6,357.1,357.0,46.3,0.00,0,2.5,-11.8
52.90,land,349.99,1.86,0.278,1,1911.8,408.3,-19.9,-44.0,-5.80,-11.96,44,45,-1,3.3,10.6,5.0,-3.4,0.02,0.01,0.00,0.00,0.00,0.00,4.61,-12.53,92,-1,0,5,2.6,-0.00,0.278,0.289,0.35,0,26,0,223.6,357.1,357.0,46.3,0.00,0,2.3,-13.1
53.00,land,350.00,1.86,0.282,1,1911.2,407.1,-19.3,-42.8,-5.89,-11.83,45,46,-1,3.2,11.3,5.3,-2.1,0.04,0.01,0.00,0.00,0.00,0.00,4.45,-12.53,92,-1,0,5,2.9,-0.01,0.282,0.298,0.26,0,26,0,222.6,2.8,3.0,47.2,0.00,0,2.2,-13.3
53.10,land,350.01,1.85,0.279,1,1910.6,405.9,-18.7,-41.6,-5.98,-11.69,45,46,-1,2.9,12.0,5.4,-0.7,0.03,0.00,0.00,0.00,0.00,0.00,4.23,-12.52,92,-1,0,5,3.0,-0.01,0.279,0.294,0.30,0,26,0,222.6,2.8,3.0,47.2,0.00,0,1.5,-12.7
53.20,land,350.01,1.84,0.279,1,1910.0,404.8,-18.1,-40.4,-5.98,-11.51,45,46,-1,2.6,12.6,5.5,0.5,0.03,-0.01,0.00,0.00,0.00,0.00,4.01,-12.50,92,-1,0,4,2.9,-0.01,0.279,0.292,0.29,0,26,0,222.6,2.8,3.0,47.2,0.00,0,0.8,-11.9
53.30,land,350.01,1.84,0.279,1,1909.4,403.6,-17.5,-39.3,-5.98,-11.33,45,46,-1,2.5,13.0,5.6,1.6,0.02,-0.01,0.00,0.00,0.00,0.00,3.84,-12.39,92,-1,0,4,2.7,-0.01,0.279,0.289,0.28,0,26,0,222.6,2.8,3.0,47.2,0.00,0,0.6,-10.5
53.40,land,350.01,1.84,0.282,1,1908.8,402.5,-16.9,-38.1,-5.98,-11.12,46,47,-1,2.2,13.4,5.7,2.6,0.00,-0.00,0.00,0.00,0.00,0.00,3.64,-12.28,92,-1,0,4,2.4,-0.01,0.282,0.284,0.20,0,26,0,221.7,7.6,8.5,48.3,0.00,0,0.9,-9.4
53.50,land,350.02,1.84,0.283,1,1908.2,401.4,-16.3,-37.0,-5.98,-10.90,46,47,-1,1.9,13.7,5.7,3.5,-0.00,0.00,0.00,0.00,0.00,0.00,3.43,-12.15,92,-1,0,3,2.1,-0.01,0.283,0.285,0.18,0,26,0,221.7,7.6,8.5,48.3,0.00,0,0.8,-8.9
53.60,land,350.03,1.83,0.280,1,1907.6,400.3,-15.7,-35.9,-5.98,-10.66,46,47,-1,1.6,13.9,5.8,4.4,-0.00,0.00,0.00,0.00,0.00,0.00,3.23,-12.00,92,-1,0,3,1.9,-0.01,0.280,0.283,0.23,0,26,0,221.7,7.6,8.5,48.3,0.00,0,0.7,-8.6
53.70,land,350.04,1.81,0.277,1,1907.1,399.3,-15.1,-34.8,-5.89,-10.40,46,47,-1,1.2,14.1,5.9,5.3,-0.00,0.01,0.00,0.00,0.00,0.00,3.01,-11.84,92,-1,0,3,1.8,-0.01,0.277,0.280,0.28,0,26,0,221.7,7.6,8.5,48.3,0.00,0,0.5,-8.4
53.80,land,350.06,1.79,0.274,1,1906.5,398.3,-14.6,-33.8,-5.89,-10.16,47,48,-1,1.0,14.1,5.9,6.1,0.00,0.01,0.00,0.00,0.00,0.00,2.85,-11.61,92,-1,0,3,1.7,-0.01,0.274,0.278,0.33,0,26,0,221.2,11.2,12.7,49.1,0.00,0,0.4,-8.2
53.90,land,350.08,1.77,0.270,1,1905.9,397.3,-14.0,-32.8,-5.80,-9.90,47,48,-1,0.6,14.2,5.9,6.9,0.01,0.01,0.00,0.00,0.00,0.00,2.64,-11.44,92,-1,0,3,1.6,-0.01,0.270,0.277,0.39,0,26,0,221.2,11.2,12.7,49.1,0.00,0,0.2,-8.0
54.00,land,350.11,1.74,0.267,1,1905.3,396.3,-13.4,-31.8,-5.80,-9.61,47,48,-1,0.4,14.2,5.9,7.8,0.01,0.01,0.00,0.00,0.00,0.00,2.49,-11.20,92,-1,0,2,1.6,-0.01,0.267,0.276,0.43,0,26,0,221.2,11.2,12.7,49.1,0.00,0,0.1,-7.8
54.10,land,350.14,1.71,0.264,1,1904.7,395.4,-12.8,-30.8,-5.71,-9.34,47,48,-1,-0.1,14.2,5.9,8.5,0.01,0.01,0.01,0.00,0.00,0.00,2.26,-11.00,92,-1,0,2,1.5,-0.01,0.264,0.271,0.48,0,26,0,221.2,11.2,12.7,49.1,0.00,0,-0.6,-7.3
54.20,land,350.17,1.68,0.264,1,1904.2,394.5,-12.2,-29.9,-5.63,-9.06,47,48,-1,-0.4,14.1,5.8,9.2,0.00,0.00,0.03,0.00,0.00,0.00,2.11,-10.74,92,-1,0,2,1.5,-0.01,0.264,0.267,0.46,0,26,0,220.9,14.0,16.0,49.7,0.00,0,-0.8,-6.1
54.30,land,350.18,1.67,0.268,1,1903.6,393.6,-11.7,-29.0,-5.54,-8.82,48,48,-1,-0.7,13.9,5.6,9.7,-0.00,-0.00,0.04,0.00,0.00,0.00,1.96,-10.49,92,-1,0,2,1.5,-0.01,0.268,0.270,0.37,0,26,0,220.9,14.0,16.0,49.7,0.00,0,-1.4,-5.3
54.40,land,350.18,1.68,0.275,1,1903.1,392.7,-11.1,-28.1,-5.45,-8.56,48,48,-1,-0.9,13.8,5.5,10.2,-0.00,-0.00,0.05,0.00,0.00,0.00,1.84,-10.25,92,-1,0,2,1.5,-0.01,0.275,0.278,0.21,0,26,0,220.9,14.0,16.0,49.7,0.00,0,-1.5,-5.1
54.50,land,350.15,1.70,0.287,1,1902.5,391.9,-10.6,-27.2,-5.36,-8.29,48,48,-1,-1.1,13.7,5.3,10.8,0.01,-0.00,0.07,0.00,0.00,0.00,1.72,-10.00,92,-1,0,2,1.5,-0.01,0.287,0.294,-0.03,0,26,0,220.9,14.0,16.0,49.7,0.00,0,-1.6,-6.1
54.60,land,350.12,1.73,0.293,1,1902.0,391.1,-10.0,-26.4,-5.27,-7.99,48,48,-1,-1.4,13.5,5.1,11.5,0.03,-0.00,0.08,0.00,0.00,0.00,1.59,-9.75,92,-1,0,2,1.4,-0.01,0.293,0.305,-0.14,0,26,0,220.7,15.6,18.0,50.2,0.00,0,-1.8,-6.2
54.70,land,350.10,1.75,0.292,1,1901.5,390.3,-9.5,-25.6,-5.14,-7.67,48,48,-1,-1.7,13.3,4.9,12.1,0.03,-0.00,0.10,0.00,0.00,0.00,1.43,-9.46,92,-1,0,1,1.4,-0.01,0.292,0.307,-0.12,0,26,0,220.7,15.6,18.0,50.2,0.00,0,-1.9,-6.0
54.80,land,350.08,1.77,0.291,1,1901.0,389.5,-9.0,-24.8,-5.01,-7.36,48,48,-1,-2.0,12.8,4.7,12.7,0.04,-0.00,0.12,0.00,0.00,0.00,1.31,-9.14,92,-1,0,1,1.4,-0.01,0.291,0.309,-0.08,0,26,0,220.7,15.6,18.0,50.2,0.00,0,-2.0,-6.0
54.90,land,350.07,1.79,0.289,1,1900.5,388.8,-8.5,-24.0,-4.88,-7.03,48,48,-1,-2.3,12.5,4.5,13.3,0.05,-0.00,0.13,0.00,0.00,0.00,1.20,-8.82,92,-1,0,1,1.2,-0.01,0.289,0.310,-0.04,0,26,0,220.7,15.6,18.0,50.2,0.00,0,-2.1,-5.7
55.00,land,350.05,1.80,0.287,1,1900.0,388.2,-8.0,-23.3,-4.70,-6.70,48,48,-1,-2.6,12.0,4.2,13.8,0.05,-0.00,0.15,0.00,0.00,0.00,1.07,-8.49,92,-1,0,1,1.0,-0.01,0.287,0.310,-0.01,0,26,0,220.6,17.2,19.8,50.5,0.00,0,-2.3,-5.2
55.10,land,350.05,1.81,0.286,1,1899.6,387.5,-7.5,-22.7,-4.53,-6.35,48,48,-1,-2.8,11.4,4.0,14.3,0.06,-0.00,0.16,0.00,0.00,0.00,0.98,-8.13,92,-1,0,1,0.9,-0.01,0.286,0.309,0.02,0,26,0,220.6,17.2,19.8,50.5,0.00,0,-2.4,-4.5
55.20,land,350.03,1.82,0.285,1,1899.1,386.9,-7.1,-22.0,-4.35,-6.03,48,48,-1,-3.1,10.8,3.7,14.6,0.04,-0.00,0.17,0.00,0.00,0.00,0.88,-7.75,92,-1,0,1,0.8,-0.00,0.285,0.303,0.04,0,26,0,220.6,17.2,19.8,50.5,0.00,0,-2.5,-2.7
55.30,land,350.02,1.84,0.290,1,1898.7,386.3,-6.6,-21.4,-4.17,-5.71,48,48,-1,-3.3,10.2,3.4,14.7,0.02,-0.00,0.17,0.00,0.00,0.00,0.80,-7.39,92,-1,0,1,0.8,-0.00,0.290,0.301,-0.07,0,26,0,220.6,17.2,19.8,50.5,0.00,0,-2.7,-0.6
55.40,land,349.99,1.86,0.296,1,1898.3,385.8,-6.2,-20.8,-4.00,-5.38,48,48,-1,-3.5,9.5,3.2,14.7,0.00,-0.00,0.17,0.00,0.00,0.00,0.72,-7.04,92,-1,0,1,0.9,-0.00,0.296,0.298,-0.19,0,26,0,220.6,17.2,19.8,50.6,0.00,0,-2.2,1.0
55.50,land,349.97,1.88,0.300,1,1897.9,385.3,-5.8,-20.3,-3.78,-5.05,48,48,-1,-3.7,8.9,2.9,14.5,-0.01,0.00,0.16,0.00,0.00,0.00,0.63,-6.68,92,-1,0,1,0.8,-0.00,0.300,0.303,-0.25,0,26,0,220.6,17.2,19.8,50.6,0.00,0,-2.3,1.8
55.60,land,349.96,1.90,0.300,1,1897.5,384.8,-5.4,-19.8,-3.60,-4.74,48,48,-1,-3.9,8.1,2.7,14.3,-0.01,-0.00,0.15,0.00,0.00,0.00,0.57,-6.28,92,-1,0,1,0.8,-0.00,0.300,0.304,-0.24,0,26,0,220.6,17.2,19.8,50.6,0.00,0,-2.3,2.3
55.70,land,349.95,1.91,0.299,1,1897.2,384.3,-5.0,-19.3,-3.43,-4.43,48,48,-1,-4.1,7.4,2.4,14.0,-0.01,-0.00,0.14,0.00,0.00,0.00,0.49,-5.93,92,-1,0,1,0.8,-0.00,0.299,0.304,-0.21,0,26,0,220.6,17.2,19.8,50.6,0.00,0,-2.5,2.7
55.80,land,349.94,1.92,0.298,1,1896.9,383.9,-4.7,-18.8,-3.25,-4.14,48,49,-1,-4.3,6.7,2.1,13.7,-0.01,-0.00,0.13,0.00,0.00,0.00,0.42,-5.58,92,-1,0,1,0.8,-0.00,0.298,0.303,-0.18,0,26,0,220.3,15.4,18.0,50.7,0.00,0,-2.6,2.9
55.90,land,349.93,1.92,0.297,1,1896.6,383.5,-4.4,-18.4,-3.08,-3.86,48,49,-1,-4.5,6.1,1.8,13.4,-0.01,-0.01,0.12,0.00,0.00,0.00,0.35,-5.25,92,-1,0,1,0.8,-0.00,0.297,0.302,-0.15,0,26,0,220.3,15.4,18.0,50.7,0.00,0,-2.8,3.1
56.00,land,349.93,1.92,0.295,1,1896.3,383.1,-4.1,-18.0,-2.90,-3.59,48,49,-1,-4.6,5.4,1.5,13.1,-0.00,-0.01,0.11,0.00,0.00,0.00,0.29,-4.92,92,-1,0,1,0.8,-0.00,0.295,0.300,-0.12,0,26,0,220.3,15.4,18.0,50.7,0.00,0,-2.9,3.2
56.10,land,349.93,1.92,0.294,1,1896.0,382.8,-3.8,-17.6,-2.72,-3.35,48,49,-1,-4.8,4.7,1.2,12.8,-0.00,-0.01,0.09,0.00,0.00,0.00,0.24,-4.61,92,-1,0,1,0.8,-0.00,0.294,0.299,-0.09,0,26,0,220.3,15.4,18.0,50.7,0.00,0,-3.0,3.2
56.20,land,349.94,1.91,0.292,1,1895.7,382.5,-3.5,-17.3,-2.55,-3.11,48,49,-1,-4.8,4.1,0.8,12.5,0.00,-0.02,0.08,0.00,0.00,0.00,0.21,-4.31,92,-1,0,1,0.8,-0.00,0.292,0.299,-0.05,0,26,0,220.0,13.1,15.5,50.8,0.00,0,-3.1,3.3
56.30,land,349.95,1.91,0.290,1,1895.5,382.2,-3.2,-17.0,-2.37,-2.88,48,49,-1,-4.9,3.5,0.5,12.1,0.01,-0.02,0.07,0.00,0.00,0.00,0.17,-4.02,92,-1,0,1,0.8,-0.00,0.290,0.300,-0.01,0,26,0,220.0,13.1,15.5,50.8,0.00,0,-3.2,3.3
56.40,land,349.96,1.89,0.288,1,1895.3,381.9,-3.0,-16.7,-2.20,-2.66,48,49,-1,-5.0,2.8,0.2,11.8,0.01,-0.02,0.06,0.00,0.00,0.00,0.15,-3.73,92,-1,0,1,0.9,-0.00,0.288,0.301,0.02,0,26,0,220.0,13.1,15.5,50.8,0.00,0,-3.4,3.3
56.50,land,349.98,1.87,0.286,1,1895.0,381.7,-2.8,-16.4,-2.07,-2.45,48,49,-1,-5.1,2.2,-0.2,11.5,0.01,-0.03,0.05,0.00,0.00,0.00,0.13,-3.45,92,-1,0,1,0.9,-0.00,0.286,0.302,0.07,0,26,0,220.0,13.1,15.5,50.8,0.00,0,-3.5,3.4
56.60,land,350.00,1.85,0.284,1,1894.9,381.4,-2.5,-16.2,-1.89,-2.25,48,49,-1,-5.2,1.6,-0.6,11.1,0.01,-0.03,0.04,0.00,0.00,0.00,0.09,-3.20,92,-1,0,1,0.9,-0.00,0.284,0.302,0.11,0,26,0,219.7,10.7,12.8,50.8,0.00,0,-3.6,3.3
56.70,land,350.03,1.83,0.282,1,1894.7,381.2,-2.4,-15.9,-1.71,-2.07,48,49,-1,-5.2,1.0,-1.0,10.8,0.02,-0.04,0.03,0.00,0.00,0.00,0.08,-2.94,92,-1,0,1,0.9,-0.01,0.282,0.303,0.15,0,26,0,219.7,10.7,12.8,50.8,0.00,0,-3.7,3.3
56.80,land,350.05,1.80,0.279,1,1894.5,381.0,-2.2,-15.7,-1.54,-1.91,48,49,-1,-5.2,0.4,-1.3,10.4,0.02,-0.04,0.02,0.00,0.00,0.00,0.09,-2.68,92,-1,0,1,0.9,-0.01,0.279,0.300,0.19,0,26,0,219.7,10.7,12.8,50.8,0.00,0,-3.2,3.8
56.90,land,350.08,1.78,0.280,1,1894.4,380.9,-2.0,-15.5,-1.41,-1.76,48,49,-1,-5.1,-0.1,-1.6,10.0,0.01,-0.03,0.00,0.00,0.00,0.00,0.12,-2.45,92,-1,0,1,0.9,-0.01,0.280,0.295,0.17,0,26,0,219.7,10.7,12.8,50.8,0.00,0,-2.6,4.4
57.00,land,350.10,1.75,0.281,1,1894.2,380.7,-1.9,-15.4,-1.23,-1.63,49,50,-1,-5.1,-0.6,-1.8,9.5,0.00,-0.02,0.00,0.00,0.00,0.00,0.11,-2.25,92,-1,0,1,0.9,-0.01,0.281,0.288,0.15,0,26,0,219.3,8.1,9.8,50.9,0.00,0,-1.6,5.0
57.10,land,350.12,1.73,0.282,1,1894.1,380.5,-1.7,-15.2,-1.05,-1.51,49,50,-1,-5.0,-1.1,-1.9,9.0,-0.01,-0.01,0.00,0.00,0.00,0.00,0.15,-2.03,92,-1,0,1,0.8,-0.01,0.282,0.287,0.12,0,26,0,219.3,8.1,9.8,50.9,0.00,0,-0.7,5.5
57.20,land,350.15,1.70,0.283,1,1894.0,380.4,-1.6,-15.0,-0.88,-1.40,49,50,-1,-4.8,-1.7,-2.0,8.4,-0.01,-0.00,0.00,0.00,0.00,0.00,0.20,-1.83,92,-1,0,1,0.8,-0.01,0.283,0.288,0.10,0,26,0,219.3,8.1,9.8,50.9,0.00,0,-0.4,5.6
57.30,land,350.18,1.67,0.280,1,1894.0,380.3,-1.5,-14.9,-0.75,-1.29,49,50,-1,-4.6,-2.2,-2.0,7.8,-0.01,-0.00,0.00,0.00,0.00,0.00,0.26,-1.63,92,-1,0,1,0.8,-0.01,0.280,0.285,0.14,0,26,0,219.3,8.1,9.8,50.9,0.00,0,-0.4,5.6
57.40,land,350.22,1.64,0.277,1,1893.9,380.1,-1.5,-14.8,-0.62,-1.18,49,50,-1,-4.5,-2.6,-2.1,7.3,-0.01,-0.00,0.00,0.00,0.00,0.00,0.28,-1.46,92,-1,0,0,0.8,-0.01,0.277,0.283,0.19,0,26,0,218.9,5.6,7.0,51.2,0.00,0,-0.4,5.6
57.50,land,350.26,1.60,0.274,1,1893.9,380.0,-1.4,-14.6,-0.48,-1.09,49,50,-1,-4.4,-3.0,-2.1,6.7,-0.01,-0.01,0.00,0.00,0.00,0.00,0.30,-1.29,92,-1,0,0,0.8,-0.01,0.274,0.280,0.24,0,26,0,218.9,5.6,7.0,51.2,0.00,0,-0.4,5.6
57.60,land,350.30,1.55,0.271,1,1893.8,379.9,-1.4,-14.5,-0.35,-1.00,49,50,-1,-4.3,-3.4,-2.2,6.2,-0.01,-0.01,0.00,0.00,0.00,0.00,0.34,-1.14,92,-1,0,0,0.8,-0.01,0.271,0.278,0.30,0,26,0,218.9,5.6,7.0,51.2,0.00,0,-0.5,5.5
57.70,land,350.35,1.50,0.268,1,1893.8,379.8,-1.3,-14.4,-0.26,-0.91,49,50,-1,-4.1,-3.9,-2.2,5.6,-0.01,-0.01,0.00,0.00,0.00,0.00,0.39,-0.99,92,-1,0,0,0.8,-0.01,0.268,0.276,0.35,0,26,0,218.9,5.6,7.0,51.2,0.00,0,-0.6,5.6
57.80,land,350.40,1.45,0.264,1,1893.8,379.8,-1.3,-14.3,-0.13,-0.86,49,51,-1,-4.0,-4.2,-2.3,5.1,-0.01,-0.01,0.00,0.00,0.00,0.00,0.39,-0.86,92,-1,0,-0,0.8,-0.01,0.264,0.270,0.41,0,26,0,218.5,3.3,4.1,51.6,0.00,0,-0.2,5.1
57.90,land,350.45,1.40,0.263,1,1893.8,379.7,-1.3,-14.3,-0.04,-0.80,50,51,-1,-3.8,-4.5,-2.3,4.6,0.00,-0.00,0.00,0.00,0.00,0.00,0.45,-0.74,92,-1,0,-0,0.8,-0.01,0.263,0.266,0.40,0,26,0,218.5,3.3,4.1,51.6,0.00,0,0.2,4.5
58.00,land,350.49,1.37,0.263,1,1893.8,379.6,-1.3,-14.2,0.00,-0.76,50,51,-1,-3.7,-4.8,-2.2,4.2,0.01,0.00,0.00,0.00,0.00,0.00,0.48,-0.64,92,-1,0,-0,0.8,-0.01,0.263,0.269,0.39,0,26,0,218.5,3.3,4.1,51.6,0.00,0,0.7,3.9
58.10,land,350.50,1.35,0.270,1,1893.8,379.5,-1.3,-14.1,0.09,-0.73,50,51,-1,-3.6,-5.0,-2.2,3.8,0.01,0.00,0.00,0.00,0.00,0.00,0.49,-0.58,92,-1,0,-0,0.8,-0.01,0.270,0.277,0.24,0,26,0,218.5,3.3,4.1,51.6,0.00,0,0.6,3.9
58.20,land,350.50,1.35,0.281,1,1893.8,379.5,-1.3,-14.0,0.18,-0.69,50,51,-1,-3.5,-5.2,-2.1,3.4,0.01,-0.00,0.00,0.00,0.00,0.00,0.53,-0.50,92,-1,0,-1,0.8,-0.01,0.281,0.286,0.02,0,26,0,218.1,1.7,2.2,51.9,0.00,0,-0.0,4.3
58.30,land,350.49,1.36,0.289,1,1893.8,379.4,-1.3,-14.0,0.22,-0.66,50,51,-1,-3.3,-5.5,-2.2,2.9,-0.01,-0.01,0.00,0.00,0.00,0.00,0.58,-0.42,92,-1,0,-1,0.8,-0.01,0.289,0.298,-0.14,0,26,0,218.1,1.7,2.2,51.9,0.00,0,-0.2,5.4
58.40,land,350.48,1.37,0.294,1,1893.8,379.3,-1.3,-13.9,0.26,-0.64,50,51,-1,-3.2,-5.6,-2.2,2.3,-0.02,-0.01,0.00,0.00,0.00,0.00,0.59,-0.37,92,-1,0,-1,0.8,-0.01,0.294,0.308,-0.23,0,26,0,218.1,1.7,2.2,51.9,0.00,0,-0.3,5.6
58.50,land,350.48,1.38,0.292,1,1893.9,379.3,-1.3,-13.8,0.35,-0.63,50,51,-1,-3.1,-5.7,-2.2,1.8,-0.02,-0.02,0.00,0.00,0.00,0.00,0.61,-0.32,92,-1,0,-1,0.8,-0.01,0.292,0.308,-0.18,0,26,0,218.1,1.7,2.2,51.9,0.00,0,-0.5,5.5
58.60,land,350.48,1.37,0.289,1,1893.9,379.2,-1.4,-13.8,0.44,-0.62,50,51,-1,-2.9,-5.9,-2.3,1.2,-0.02,-0.02,0.00,0.00,0.00,0.00,0.67,-0.26,92,-1,0,-1,0.8,-0.01,0.289,0.308,-0.12,0,26,0,217.8,359.4,359.3,52.2,0.00,0,-0.6,5.6
58.70,land,350.49,1.36,0.286,1,1894.0,379.1,-1.4,-13.7,0.44,-0.64,51,51,-1,-2.6,-6.1,-2.4,0.7,-0.03,-0.03,0.00,0.00,0.00,0.00,0.73,-0.20,92,-1,0,-1,0.8,-0.02,0.286,0.308,-0.05,0,26,0,217.8,359.4,359.3,52.2,0.00,0,-0.8,5.5
58.80,land,350.51,1.35,0.283,1,1894.0,379.1,-1.5,-13.6,0.53,-0.64,51,51,-1,-2.5,-6.1,-2.5,0.1,-0.03,-0.03,0.00,0.00,0.00,0.00,0.74,-0.21,92,-1,0,-1,0.8,-0.02,0.283,0.309,0.01,0,26,0,217.8,359.4,359.3,52.2,0.00,0,-0.9,5.4
58.90,land,350.52,1.33,0.279,1,1894.1,379.0,-1.5,-13.6,0.53,-0.67,51,51,-1,-2.3,-6.2,-2.5,-0.4,-0.03,-0.03,0.00,0.00,0.00,0.00,0.81,-0.16,92,-1,0,-1,0.7,-0.02,0.279,0.304,0.08,0,26,0,217.8,359.4,359.3,52.2,0.00,0,-0.4,5.1
59.00,land,350.54,1.31,0.279,1,1894.1,378.9,-1.6,-13.5,0.53,-0.71,51,51,-1,-2.2,-6.2,-2.5,-0.9,-0.02,-0.02,0.00,0.00,0.00,0.00,0.83,-0.19,92,-1,0,-1,0.2,-0.01,0.279,0.298,0.08,0,26,0,217.6,357.2,356.4,52.4,0.00,0,0.3,4.1
59.10,land,350.55,1.30,0.280,1,1894.2,378.9,-1.6,-13.4,0.62,-0.77,51,51,-1,-2.0,-6.1,-2.4,-1.2,-0.02,-0.01,0.00,0.00,0.00,0.00,0.86,-0.22,92,-1,0,-2,-0.4,-0.01,0.280,0.290,0.07,0,26,0,217.6,357.2,356.4,52.4,0.00,0,1.1,3.5
59.20,land,350.56,1.29,0.280,1,1894.2,378.8,-1.7,-13.4,0.62,-0.82,51,51,-1,-1.7,-6.1,-2.3,-1.5,-0.00,-0.00,0.00,0.00,0.00,0.00,0.96,-0.21,92,-1,0,-2,-0.9,-0.00,0.280,0.283,0.06,0,26,0,217.6,357.2,356.4,52.4,0.00,0,1.7,2.5
59.30,land,350.58,1.28,0.280,1,1894.3,378.7,-1.7,-13.3,0.62,-0.88,51,51,-1,-1.5,-6.0,-2.1,-1.7,-0.00,0.00,0.00,0.00,0.00,0.00,1.00,-0.26,92,-1,0,-2,-1.4,0.00,0.280,0.281,0.05,0,26,0,217.6,357.2,356.4,52.4,0.00,0,1.8,2.4
59.40,land,350.59,1.26,0.277,1,1894.3,378.6,-1.8,-13.2,0.62,-0.93,51,51,-1,-1.3,-5.8,-1.9,-1.9,-0.00,0.00,0.00,0.00,0.00,0.00,1.03,-0.30,92,-1,0,-2,-1.6,0.01,0.277,0.279,0.11,0,26,0,218.0,356.6,355.6,52.0,0.00,0,1.9,2.3
59.50,land,350.62,1.23,0.274,1,1894.4,378.5,-1.8,-13.1,0.62,-0.98,51,51,-1,-1.2,-5.7,-1.8,-2.2,-0.01,-0.00,0.00,0.00,0.00,0.00,1.07,-0.34,92,-1,0,-2,-1.8,0.01,0.274,0.276,0.17,0,26,0,218.0,356.6,355.6,52.0,0.00,0,1.8,2.3
59.60,land,350.65,1.20,0.270,1,1894.5,378.4,-1.9,-13.0,0.62,-1.03,51,51,-1,-1.0,-5.6,-1.6,-2.4,-0.01,-0.00,0.00,0.00,0.00,0.00,1.09,-0.37,92,-1,0,-2,-1.8,0.01,0.270,0.274,0.23,0,26,0,218.0,356.6,355.6,52.0,0.00,0,1.6,2.2
59.70,land,350.69,1.16,0.266,1,1894.5,378.3,-2.0,-12.9,0.62,-1.09,51,51,-1,-0.8,-5.4,-1.5,-2.6,-0.01,-0.00,0.00,0.00,0.00,0.00,1.13,-0.42,92,-1,0,-2,-1.8,0.01,0.266,0.273,0.30,0,26,0,218.0,356.6,355.6,52.0,0.00,0,1.4,2.1
59.80,land,350.73,1.13,0.263,1,1894.6,378.2,-2.0,-12.8,0.62,-1.13,51,50,-1,-0.7,-5.3,-1.3,-2.8,-0.01,-0.00,0.00,0.00,0.00,0.00,1.16,-0.46,92,-1,0,-2,-2.0,0.01,0.263,0.267,0.36,0,26,0,218.8,356.2,355.3,51.3,0.00,0,1.9,1.7
59.90,land,350.76,1.09,0.262,1,1894.7,378.1,-2.1,-12.7,0.57,-1.18,51,50,-1,-0.5,-5.2,-1.1,-2.8,0.00,0.00,0.00,0.00,0.00,0.00,1.19,-0.49,92,-1,0,-1,-1.9,0.02,0.262,0.264,0.35,0,26,0,218.8,356.2,355.3,51.3,0.00,0,1.8,0.6
60.00,land,350.77,1.08,0.265,1,1894.7,377.9,-2.2,-12.6,0.53,-1.21,51,50,-1,-0.5,-5.0,-1.0,-2.9,0.01,-0.00,0.00,0.00,0.00,0.00,1.19,-0.55,92,-1,0,-1,-2.0,0.02,0.265,0.269,0.28,0,26,0,218.8,356.2,355.3,51.3,0.00,0,1.7,0.5
60.10,land,350.76,1.09,0.276,1,1894.8,377.8,-2.2,-12.4,0.53,-1.24,51,50,-1,-0.5,-4.8,-0.8,-2.9,0.01,-0.00,0.00,0.00,0.00,0.00,1.17,-0.60,92,-1,0,-1,-1.9,0.02,0.276,0.278,0.07,0,26,0,218.8,356.2,355.3,51.3,0.00,0,1.5,0.5
60.20,land,350.74,1.11,0.287,1,1894.8,377.7,-2.3,-12.3,0.53,-1.27,50,49,-1,-0.4,-4.7,-0.7,-3.0,-0.01,-0.00,0.00,0.00,0.00,0.00,1.20,-0.62,92,-1,0,-1,-1.9,0.02,0.287,0.292,-0.16,0,26,0,219.6,356.4,355.6,50.5,0.00,0,1.4,1.5
60.30,land,350.72,1.13,0.293,1,1894.9,377.6,-2.3,-12.2,0.44,-1.32,50,49,-1,-0.2,-4.6,-0.6,-3.2,-0.02,-0.01,0.00,0.00,0.00,0.00,1.22,-0.64,92,-1,0,-1,-1.9,0.02,0.293,0.302,-0.25,0,26,0,219.6,356.4,355.6,50.5,0.00,0,1.3,1.7
60.40,land,350.71,1.14,0.291,1,1894.9,377.4,-2.4,-12.1,0.44,-1.36,50,49,-1,-0.3,-4.3,-0.5,-3.4,-0.02,-0.01,0.00,0.00,0.00,0.00,1.18,-0.73,92,-1,0,-1,-1.8,0.02,0.291,0.303,-0.21,0,26,0,219.6,356.4,355.6,50.5,0.00,0,1.1,1.7
60.50,land,350.70,1.15,0.288,1,1894.9,377.3,-2.4,-11.9,0.40,-1.42,50,49,-1,-0.1,-4.1,-0.4,-3.6,-0.03,-0.01,0.00,0.00,0.00,0.00,1.21,-0.76,92,-1,0,-1,-1.8,0.02,0.288,0.302,-0.14,0,26,0,219.6,356.4,355.6,50.5,0.00,0,0.9,1.7
60.60,land,350.70,1.15,0.285,1,1895.0,377.1,-2.4,-11.8,0.35,-1.46,50,49,-1,-0.1,-3.9,-0.3,-3.7,-0.03,-0.01,0.00,0.00,0.00,0.00,1.22,-0.83,92,-1,0,-0,-1.8,0.02,0.285,0.302,-0.08,0,26,0,220.3,356.0,355.3,49.7,0.00,0,0.8,1.7
60.70,land,350.71,1.14,0.281,1,1895.0,377.0,-2.5,-11.6,0.26,-1.51,50,49,-1,-0.0,-3.6,-0.2,-3.9,-0.04,-0.01,0.00,0.00,0.00,0.00,1.21,-0.89,92,-1,0,-0,-1.9,0.02,0.281,0.301,-0.01,0,26,0,220.3,356.0,355.3,49.7,0.00,0,0.7,1.8
60.80,land,350.72,1.13,0.278,1,1895.0,376.8,-2.5,-11.5,0.26,-1.56,50,49,-1,-0.1,-3.3,-0.2,-4.1,-0.04,-0.02,0.00,0.00,0.00,0.00,1.18,-0.97,92,-1,0,-0,-1.6,0.02,0.278,0.300,0.05,0,26,0,220.3,356.0,355.3,49.7,0.00,0,0.5,1.6
60.90,land,350.73,1.12,0.275,1,1895.1,376.7,-2.5,-11.3,0.18,-1.61,49,49,-1,0.1,-3.1,-0.1,-4.2,-0.03,-0.01,0.00,0.00,0.00,0.00,1.22,-1.01,92,-1,0,0,-1.4,0.02,0.275,0.294,0.11,0,26,0,220.3,356.0,355.3,49.7,0.00,0,0.9,1.0
61.00,land,350.75,1.11,0.275,1,1895.1,376.5,-2.6,-11.2,0.13,-1.68,49,48,-1,0.1,-2.8,-0.0,-4.2,-0.03,-0.01,0.00,0.00,0.00,0.00,1.19,-1.11,92,-1,0,0,-1.1,0.02,0.275,0.287,0.11,0,26,0,221.0,355.8,355.1,49.1,0.00,0,1.4,0.1
61.10,land,350.75,1.11,0.275,1,1895.1,376.3,-2.6,-11.0,0.09,-1.72,49,48,-1,0.1,-2.5,0.1,-4.1,-0.01,-0.00,0.00,0.00,0.00,0.00,1.20,-1.18,92,-1,0,0,-0.7,0.02,0.275,0.280,0.10,0,26,0,221.0,355.8,355.1,49.1,0.00,0,1.3,-1.5
61.20,land,350.74,1.11,0.279,1,1895.1,376.2,-2.6,-10.8,0.00,-1.78,49,48,-1,0.2,-2.2,0.2,-3.9,0.01,-0.00,0.00,0.00,0.00,0.00,1.20,-1.24,92,-1,0,1,-0.3,0.01,0.279,0.286,0.03,0,26,0,221.0,355.8,355.1,49.1,0.00,0,1.1,-2.8
61.30,land,350.73,1.12,0.283,1,1895.1,376.0,-2.6,-10.7,-0.04,-1.82,49,48,-1,0.2,-1.9,0.3,-3.6,0.02,-0.01,0.00,0.00,0.00,0.00,1.17,-1.34,92,-1,0,1,-0.1,0.01,0.283,0.294,-0.06,0,26,0,221.0,355.8,355.1,49.1,0.00,0,0.9,-3.0
61.40,land,350.73,1.12,0.281,1,1895.1,375.8,-2.6,-10.5,-0.09,-1.86,49,48,-1,0.2,-1.6,0.4,-3.2,0.02,-0.01,0.00,0.00,0.00,0.00,1.17,-1.40,92,-1,0,1,0.1,0.01,0.281,0.293,-0.01,0,26,0,221.1,357.1,356.7,49.0,0.00,0,0.8,-3.2
61.50,land,350.74,1.12,0.278,1,1895.1,375.6,-2.6,-10.3,-0.18,-1.89,48,48,-1,0.3,-1.3,0.4,-2.9,0.02,-0.01,0.00,0.00,0.00,0.00,1.17,-1.45,92,-1,0,1,0.2,0.00,0.278,0.291,0.05,0,26,0,221.1,357.1,356.7,49.0,0.00,0,0.6,-3.1
61.60,land,350.75,1.11,0.274,1,1895.0,375.4,-2.6,-10.1,-0.18,-1.91,48,48,-1,0.2,-1.0,0.5,-2.6,0.02,-0.01,0.00,0.00,0.00,0.00,1.12,-1.53,92,-1,0,1,0.2,0.00,0.274,0.288,0.11,0,26,0,221.1,357.1,356.7,49.0,0.00,0,0.5,-3.3
61.70,land,350.76,1.09,0.271,1,1895.0,375.2,-2.5,-9.9,-0.26,-1.93,48,48,-1,0.3,-0.9,0.6,-2.3,0.02,-0.01,0.00,0.00,0.00,0.00,1.14,-1.54,92,-1,0,1,0.3,0.00,0.271,0.281,0.18,0,26,0,221.1,357.1,356.7,49.0,0.00,0,0.8,-2.7
61.80,land,350.78,1.08,0.270,1,1895.0,375.0,-2.5,-9.7,-0.26,-1.93,48,48,-1,0.2,-0.5,0.7,-2.1,0.01,0.00,0.00,0.00,0.00,0.00,1.09,-1.62,92,-1,0,1,0.3,0.00,0.270,0.275,0.18,0,26,0,221.0,358.5,358.3,49.0,0.00,0,1.1,-1.8
61.90,land,350.78,1.07,0.270,1,1895.0,374.8,-2.5,-9.5,-0.31,-1.93,48,48,-1,0.3,-0.4,0.8,-2.0,-0.01,0.00,0.00,0.00,0.00,0.00,1.09,-1.62,92,-1,0,1,0.4,0.00,0.270,0.274,0.17,0,26,0,221.0,358.5,358.3,49.0,0.00,0,1.3,-1.0
62.00,land,350.79,1.06,0.274,1,1894.9,374.6,-2.5,-9.3,-0.35,-1.93,48,48,-1,0.3,-0.3,0.9,-1.9,-0.02,-0.00,0.00,0.00,0.00,0.00,1.06,-1.65,92,-1,0,1,0.4,0.00,0.274,0.283,0.10,0,26,0,221.0,358.5,358.3,49.0,0.00,0,0.6,-0.2
62.10,land,350.80,1.05,0.275,1,1894.9,374.5,-2.4,-9.1,-0.35,-1.93,48,48,-1,0.2,-0.1,0.9,-1.9,-0.03,-0.01,0.00,0.00,0.00,0.00,1.03,-1.68,92,-1,0,1,0.0,0.00,0.275,0.288,0.08,0,26,0,221.0,358.5,358.3,49.0,0.00,0,0.0,0.0
62.20,land,350.82,1.04,0.271,1,1894.8,374.3,-2.4,-9.0,-0.44,-1.93,48,48,-1,0.3,0.0,1.0,-1.9,-0.02,-0.00,0.00,0.00,0.00,0.00,1.03,-1.67,92,-1,0,1,0.3,0.01,0.271,0.282,0.13,0,26,0,220.8,359.0,358.8,49.2,0.00,0,0.6,-0.5
62.30,land,350.83,1.03,0.271,1,1894.8,374.1,-2.3,-8.8,-0.44,-1.93,48,48,-1,0.2,0.3,1.1,-1.8,-0.02,0.00,0.00,0.00,0.00,0.00,0.96,-1.73,92,-1,0,1,0.3,0.00,0.271,0.279,0.13,0,26,0,220.8,359.0,358.8,49.2,0.00,0,0.9,-0.9
62.40,land,350.83,1.02,0.271,1,1894.8,373.9,-2.3,-8.6,-0.44,-1.93,48,48,-1,0.2,0.4,1.2,-1.6,-0.00,0.01,0.00,0.00,0.00,0.00,0.96,-1.73,92,-1,0,1,0.3,0.00,0.271,0.274,0.13,0,26,0,220.8,359.0,358.8,49.2,0.00,0,1.0,-2.1
62.50,land,350.83,1.02,0.275,1,1894.7,373.7,-2.3,-8.4,-0.53,-1.91,48,48,-1,0.3,0.5,1.2,-1.3,0.01,-0.00,0.00,0.00,0.00,0.00,0.96,-1.73,92,-1,0,1,0.3,0.00,0.275,0.280,0.05,0,26,0,220.8,359.0,358.8,49.2,0.00,0,0.4,-2.9
62.60,land,350.83,1.02,0.276,1,1894.7,373.5,-2.2,-8.2,-0.53,-1.90,48,48,-1,0.1,0.7,1.3,-1.1,0.01,-0.00,0.00,0.00,0.00,0.00,0.88,-1.78,92,-1,0,1,0.3,0.00,0.276,0.283,0.04,0,26,0,220.7,0.0,0.0,49.3,0.00,0,0.2,-2.8
62.70,land,350.84,1.01,0.273,1,1894.6,373.3,-2.2,-8.0,-0.53,-1.89,48,48,-1,0.1,0.8,1.3,-0.8,0.01,-0.01,0.00,0.00,0.00,0.00,0.87,-1.77,92,-1,0,1,0.3,0.00,0.273,0.281,0.09,0,26,0,220.7,0.0,0.0,49.3,0.00,0,0.0,-2.6
62.80,land,350.86,0.99,0.269,1,1894.5,373.1,-2.1,-7.8,-0.62,-1.87,48,48,-1,0.1,0.9,1.3,-0.5,0.02,-0.01,0.00,0.00,0.00,0.00,0.87,-1.76,92,-1,0,1,0.3,0.00,0.269,0.279,0.16,0,26,0,220.7,0.0,0.0,49.3,0.00,0,-0.1,-2.6
62.90,land,350.88,0.98,0.265,1,1894.5,372.9,-2.0,-7.6,-0.62,-1.83,48,48,-1,-0.0,1.2,1.3,-0.3,0.01,-0.00,0.00,0.00,0.00,0.00,0.79,-1.80,92,-1,0,1,0.3,0.00,0.265,0.270,0.22,0,26,0,220.7,0.0,0.0,49.3,0.00,0,0.3,-2.0
63.00,land,350.89,0.96,0.265,1,1894.4,372.7,-2.0,-7.4,-0.62,-1.80,48,48,-1,-0.1,1.2,1.3,-0.2,-0.01,-0.00,0.00,0.00,0.00,0.00,0.76,-1.78,92,-1,0,1,0.3,0.00,0.265,0.268,0.22,0,26,0,220.6,0.9,1.1,49.4,0.00,0,0.2,-0.8
63.10,land,350.90,0.95,0.268,1,1894.4,372.6,-1.9,-7.2,-0.62,-1.78,48,48,-1,-0.1,1.2,1.3,-0.2,-0.02,-0.00,0.00,0.00,0.00,0.00,0.74,-1.75,92,-1,0,1,0.0,0.00,0.268,0.279,0.15,0,26,0,220.6,0.9,1.1,49.4,0.00,0,0.0,0.0
63.20,land,350.90,0.95,0.272,1,1894.3,372.4,-1.9,-7.1,-0.62,-1.76,48,48,-1,-0.1,1.3,1.4,-0.2,-0.03,0.00,0.00,0.00,0.00,0.00,0.72,-1.74,92,-1,0,1,0.4,0.01,0.272,0.283,0.07,0,26,0,220.6,0.9,1.1,49.4,0.00,0,0.6,-0.0
63.30,land,350.88,0.97,0.280,1,1894.2,372.2,-1.8,-6.9,-0.70,-1.72,48,48,-1,-0.1,1.3,1.4,-0.1,-0.01,0.00,0.00,0.00,0.00,0.00,0.71,-1.72,92,-1,0,1,0.3,0.00,0.280,0.286,-0.07,0,26,0,220.6,0.9,1.1,49.4,0.00,0,0.4,-1.2
63.40,land,350.86,1.00,0.284,1,1894.2,372.1,-1.7,-6.7,-0.70,-1.69,48,49,-1,-0.3,1.5,1.4,0.1,0.00,0.00,0.00,0.00,0.00,0.00,0.62,-1.76,92,-1,0,1,0.3,0.00,0.284,0.287,-0.16,0,26,0,220.5,1.3,1.5,49.5,0.00,0,0.3,-2.1
63.50,land,350.83,1.02,0.289,1,1894.1,371.9,-1.7,-6.6,-0.70,-1.66,48,49,-1,-0.3,1.6,1.4,0.3,0.01,0.00,0.00,0.00,0.00,0.00,0.60,-1.73,92,-1,0,1,0.3,0.00,0.289,0.294,-0.24,0,26,0,220.5,1.3,1.5,49.5,0.00,0,0.1,-2.4
63.60,land,350.81,1.04,0.287,1,1894.0,371.7,-1.6,-6.4,-0.70,-1.61,48,49,-1,-0.4,1.6,1.5,0.5,0.01,0.00,0.00,0.00,0.00,0.00,0.58,-1.71,92,-1,0,1,0.3,0.00,0.287,0.292,-0.19,0,26,0,220.5,1.3,1.5,49.5,0.00,0,-0.0,-2.2
63.70,land,350.80,1.05,0.283,1,1893.9,371.6,-1.5,-6.2,-0.70,-1.57,48,49,-1,-0.4,1.6,1.4,0.8,0.01,-0.00,0.00,0.00,0.00,0.00,0.55,-1.67,92,-1,0,1,0.3,0.00,0.283,0.289,-0.12,0,26,0,220.5,1.3,1.5,49.5,0.00,0,-0.2,-2.2
63.80,land,350.80,1.06,0.280,1,1893.9,371.4,-1.4,-6.1,-0.70,-1.53,48,49,-1,-0.5,1.6,1.4,1.0,0.01,-0.00,0.00,0.00,0.00,0.00,0.52,-1.64,92,-1,0,1,0.3,0.00,0.280,0.287,-0.06,0,26,0,220.4,2.2,2.5,49.6,0.00,0,-0.3,-2.2
63.90,land,350.80,1.05,0.277,1,1893.8,371.3,-1.4,-5.9,-0.70,-1.48,48,49,-1,-0.5,1.6,1.4,1.2,0.02,-0.00,0.00,0.00,0.00,0.00,0.49,-1.61,92,-1,0,1,0.3,0.00,0.277,0.285,0.01,0,26,0,220.4,2.2,2.5,49.6,0.00,0,-0.5,-2.1
64.00,land,350.81,1.04,0.273,1,1893.7,371.1,-1.3,-5.8,-0.70,-1.43,49,49,-1,-0.6,1.6,1.3,1.4,0.02,-0.01,0.00,0.00,0.00,0.00,0.46,-1.58,92,-1,0,1,0.3,0.00,0.273,0.283,0.07,0,26,0,220.4,2.2,2.5,49.6,0.00,0,-0.6,-2.0
64.10,land,350.82,1.03,0.270,1,1893.7,371.0,-1.2,-5.6,-0.70,-1.37,49,49,-1,-0.7,1.6,1.2,1.6,0.02,-0.01,0.00,0.00,0.00,0.00,0.42,-1.54,92,-1,0,1,0.2,0.00,0.270,0.280,0.14,0,26,0,220.4,2.2,2.5,49.6,0.00,0,-0.7,-1.8
64.20,land,350.84,1.01,0.266,1,1893.6,370.8,-1.2,-5.5,-0.70,-1.33,49,49,-1,-0.8,1.6,1.2,1.7,0.01,-0.00,0.00,0.00,0.00,0.00,0.38,-1.49,92,-1,0,1,0.3,0.00,0.266,0.274,0.20,0,26,0,220.3,2.7,3.2,49.7,0.00,0,-0.3,-1.3
64.30,land,350.86,1.00,0.266,1,1893.5,370.7,-1.1,-5.3,-0.70,-1.27,49,49,-1,-0.8,1.5,1.2,1.8,-0.00,-0.00,0.00,0.00,0.00,0.00,0.35,-1.46,92,-1,0,1,0.2,0.00,0.266,0.267,0.20,0,26,0,220.3,2.7,3.2,49.7,0.00,0,-0.3,-0.1
64.40,land,350.86,0.99,0.269,1,1893.5,370.6,-1.0,-5.2,-0.70,-1.23,49,49,-1,-0.9,1.5,1.1,1.7,-0.02,-0.00,0.00,0.00,0.00,0.00,0.32,-1.42,92,-1,0,1,0.4,0.00,0.269,0.278,0.13,0,26,0,220.3,2.7,3.2,49.7,0.00,0,-0.6,1.1
64.50,land,350.86,0.99,0.273,1,1893.4,370.5,-1.0,-5.1,-0.70,-1.19,49,49,-1,-1.0,1.5,1.1,1.6,-0.03,0.01,0.00,0.00,0.00,0.00,0.29,-1.39,92,-1,0,1,0.2,-0.00,0.273,0.286,0.05,0,26,0,220.3,2.7,3.2,49.7,0.00,0,0.3,0.8
64.60,land,350.86,1.00,0.277,1,1893.3,370.4,-0.9,-5.0,-0.70,-1.14,49,49,-1,-1.1,1.5,1.2,1.6,-0.02,0.01,0.00,0.00,0.00,0.00,0.26,-1.36,92,-1,0,1,0.0,0.00,0.277,0.289,-0.03,0,26,0,220.2,2.5,3.0,49.9,0.00,0,0.0,0.0
64.70,land,350.84,1.02,0.282,1,1893.2,370.2,-0.8,-4.9,-0.62,-1.10,49,49,-1,-1.2,1.5,1.2,1.6,0.00,0.01,0.00,0.00,0.00,0.00,0.23,-1.32,92,-1,0,1,0.2,0.00,0.282,0.287,-0.11,0,26,0,220.2,2.5,3.0,49.9,0.00,0,0.2,-0.7
64.80,land,350.82,1.04,0.286,1,1893.2,370.1,-0.7,-4.7,-0.62,-1.04,49,49,-1,-1.0,1.3,1.2,1.8,0.02,0.00,0.00,0.00,0.00,0.00,0.26,-1.23,92,-1,0,1,0.2,0.00,0.286,0.293,-0.19,0,26,0,220.2,2.5,3.0,49.9,0.00,0,-0.4,-1.5
64.90,land,350.80,1.06,0.287,1,1893.1,370.0,-0.7,-4.6,-0.62,-1.00,49,49,-1,-1.1,1.2,1.1,1.9,0.02,-0.00,0.00,0.00,0.00,0.00,0.23,-1.19,92,-1,0,1,0.2,0.00,0.287,0.296,-0.20,0,26,0,220.2,2.5,3.0,49.9,0.00,0,-0.6,-1.6
65.00,land,350.78,1.07,0.284,1,1893.1,369.9,-0.6,-4.5,-0.62,-0.94,49,49,-1,-1.2,1.2,1.0,2.1,0.02,-0.00,0.00,0.00,0.00,0.00,0.20,-1.16,92,-1,0,1,0.3,0.00,0.284,0.295,-0.15,0,26,0,220.1,2.9,3.5,50.0,0.00,0,-0.8,-1.6
65.10,land,350.78,1.08,0.281,1,1893.0,369.9,-0.6,-4.4,-0.62,-0.89,49,49,-1,-1.3,1.1,0.9,2.2,0.02,-0.01,0.00,0.00,0.00,0.00,0.16,-1.12,92,-1,0,1,0.2,0.00,0.281,0.293,-0.08,0,26,0,220.1,2.9,3.5,50.0,0.00,0,-0.8,-1.3
65.20,land,350.78,1.08,0.278,1,1892.9,369.8,-0.5,-4.4,-0.62,-0.83,49,49,-1,-1.4,1.1,0.8,2.4,0.02,-0.01,0.00,0.00,0.00,0.00,0.12,-1.07,92,-1,0,1,0.2,0.00,0.278,0.291,-0.01,0,26,0,220.1,2.9,3.5,50.0,0.00,0,-1.1,-1.5
65.30,land,350.79,1.07,0.275,1,1892.9,369.7,-0.4,-4.3,-0.53,-0.78,49,49,-1,-1.5,1.0,0.7,2.5,0.03,-0.01,0.00,0.00,0.00,0.00,0.09,-1.03,92,-1,0,1,0.2,-0.00,0.275,0.289,0.05,0,26,0,220.1,2.9,3.5,50.0,0.00,0,-1.0,-1.2
65.40,land,350.80,1.06,0.271,1,1892.8,369.6,-0.4,-4.2,-0.53,-0.73,49,49,-1,-1.4,0.8,0.6,2.6,0.02,-0.01,0.00,0.00,0.00,0.00,0.12,-0.93,92,-1,0,1,0.3,0.00,0.271,0.283,0.11,0,26,0,220.0,3.1,3.7,50.0,0.00,0,-0.9,-1.0
65.50,land,350.81,1.05,0.271,1,1892.8,369.5,-0.3,-4.1,-0.53,-0.67,49,49,-1,-1.5,0.7,0.6,2.7,0.01,-0.00,0.00,0.00,0.00,0.00,0.08,-0.89,92,-1,0,1,0.5,-0.00,0.271,0.277,0.11,0,26,0,220.0,3.1,3.7,50.0,0.00,0,-0.7,-0.4
65.60,land,350.81,1.04,0.271,1,1892.7,369.5,-0.3,-4.0,-0.44,-0.63,49,49,-1,-1.6,0.6,0.5,2.6,0.00,0.00,0.00,0.00,0.00,0.00,0.04,-0.85,92,-1,0,1,0.2,-0.00,0.271,0.272,0.11,0,26,0,220.0,3.1,3.7,50.0,0.00,0,-0.3,0.7
65.70,land,350.81,1.04,0.275,1,1892.7,369.4,-0.2,-4.0,-0.44,-0.57,49,49,-1,-1.5,0.4,0.5,2.4,-0.02,-0.00,0.00,0.00,0.00,0.00,0.08,-0.76,92,-1,0,1,0.3,0.00,0.275,0.282,0.03,0,26,0,220.0,3.1,3.7,50.0,0.00,0,-0.5,2.0
65.80,land,350.82,1.04,0.279,1,1892.6,369.4,-0.2,-3.9,-0.44,-0.53,49,49,-1,-1.6,0.3,0.4,2.2,-0.02,-0.00,0.00,0.00,0.00,0.00,0.04,-0.72,92,-1,0,0,0.3,-0.00,0.279,0.290,-0.05,0,26,0,219.9,2.5,3.0,50.1,0.00,0,-0.6,2.2
65.90,land,350.82,1.03,0.277,1,1892.6,369.3,-0.1,-3.9,-0.44,-0.48,49,49,-1,-1.7,0.3,0.4,2.0,-0.03,-0.00,0.00,0.00,0.00,0.00,0.01,-0.69,92,-1,0,0,0.3,-0.00,0.277,0.289,-0.00,0,26,0,219.9,2.5,3.0,50.1,0.00,0,-0.8,2.4
66.00,land,350.84,1.01,0.273,1,1892.6,369.3,-0.1,-3.8,-0.35,-0.45,49,49,-1,-1.8,0.2,0.3,1.7,-0.03,-0.01,0.00,0.00,0.00,0.00,-0.01,-0.65,92,-1,0,0,0.3,-0.00,0.273,0.287,0.07,0,26,0,219.9,2.5,3.0,50.1,0.00,0,-0.9,2.2
66.10,land,350.86,1.00,0.270,1,1892.5,369.2,-0.1,-3.8,-0.35,-0.42,49,49,-1,-1.7,0.0,0.2,1.5,-0.02,-0.00,0.00,0.00,0.00,0.00,0.03,-0.57,92,-1,0,0,0.3,-0.00,0.270,0.281,0.13,0,26,0,219.9,2.5,3.0,50.1,0.00,0,-0.6,1.9
66.20,land,350.87,0.99,0.269,1,1892.5,369.2,-0.0,-3.7,-0.35,-0.40,49,49,-1,-1.7,-0.0,0.1,1.4,-0.01,-0.00,0.00,0.00,0.00,0.00,0.01,-0.55,92,-1,0,0,0.3,-0.00,0.269,0.274,0.13,0,26,0,219.8,1.5,1.8,50.2,0.00,0,-0.7,0.8
66.30,land,350.87,0.99,0.273,1,1892.5,369.2,0.0,-3.7,-0.35,-0.36,49,49,-1,-1.8,-0.1,0.1,1.4,0.01,-0.00,0.00,0.00,0.00,0.00,-0.01,-0.53,92,-1,0,0,0.1,-0.00,0.273,0.278,0.06,0,26,0,219.8,1.5,1.8,50.2,0.00,0,-0.3,-0.1
66.40,land,350.86,1.00,0.120,1,1892.4,369.1,0.0,-3.7,-0.26,-0.34,49,49,-1,-1.9,-0.1,-0.0,1.6,0.03,-0.01,0.00,0.00,0.00,0.00,-0.03,-0.50,92,-1,0,0,0.2,0.00,0.120,0.133,-0.02,0,26,0,219.8,1.5,1.8,50.2,0.00,0,-0.9,-1.5
66.50,land,350.85,1.01,0.120,1,1892.4,369.1,0.1,-3.6,-0.26,-0.31,49,49,-1,-1.7,-0.3,-0.1,1.7,0.04,-0.01,0.00,0.00,0.00,0.00,0.02,-0.43,92,-1,0,0,0.2,-0.00,0.120,0.139,-0.10,0,26,0,219.8,1.5,1.8,50.2,0.00,0,-0.9,-1.5
66.60,land,350.79,1.07,0.120,1,1892.4,369.1,0.1,-3.6,-0.26,-0.31,49,49,-1,-1.8,-0.3,-0.2,1.9,0.04,-0.01,0.00,0.00,0.00,0.00,0.00,-0.41,92,-1,0,0,0.2,-0.00,0.120,0.140,-0.05,0,26,0,219.7,1.7,2.0,50.3,0.00,0,-1.0,-1.5
66.70,land,350.66,1.20,0.120,1,1892.3,369.0,0.1,-3.6,-0.26,-0.29,49,49,-1,-1.8,-0.3,-0.3,2.0,0.03,-0.01,0.00,0.00,0.00,0.00,0.00,-0.41,92,-1,0,0,0.3,-0.00,0.120,0.136,-0.75,0,26,0,219.7,1.7,2.0,50.3,0.00,0,-0.6,-1.0
66.80,land,350.45,1.40,0.120,1,1892.3,369.0,0.2,-3.5,-0.26,-0.27,49,49,-1,-1.8,-0.4,-0.3,2.0,0.02,0.00,0.00,0.00,0.00,0.00,-0.01,-0.39,92,-1,0,0,0.0,-0.00,0.120,0.129,-1.48,0,26,0,219.7,1.7,2.0,50.3,0.00,0,0.0,0.0
66.90,land,350.18,1.67,0.120,1,1892.3,369.0,0.2,-3.5,-0.26,-0.26,49,49,-1,-1.8,-0.4,-0.3,2.0,0.01,0.01,0.00,0.00,0.00,0.00,-0.02,-0.38,92,-1,0,0,0.1,0.00,0.120,0.128,-2.20,0,26,0,219.7,1.7,2.0,50.3,0.00,0,0.2,0.2
67.00,land,349.83,2.02,0.120,1,1892.3,369.0,0.2,-3.5,-0.18,-0.24,49,49,-1,-1.9,-0.4,-0.2,1.9,0.00,0.01,0.00,0.00,0.00,0.00,-0.03,-0.37,92,-1,0,0,0.3,-0.00,0.120,0.127,-2.92,0,26,0,219.6,1.7,2.1,50.4,0.00,0,0.6,0.8
67.10,land,349.41,2.45,0.120,1,1892.3,368.9,0.2,-3.5,-0.18,-0.24,49,49,-1,-1.7,-0.6,-0.2,1.8,0.01,0.01,0.00,0.00,0.00,0.00,0.02,-0.30,92,-1,0,0,0.3,-0.00,0.120,0.127,-3.69,0,26,0,219.6,1.7,2.1,50.4,0.00,0,0.4,0.6
67.20,land,348.91,2.95,0.120,1,1892.2,368.9,0.2,-3.4,-0.18,-0.22,49,49,-1,-1.7,-0.5,-0.1,1.8,0.00,0.01,0.00,0.00,0.00,0.00,0.02,-0.30,92,-1,0,0,0.2,-0.00,0.120,0.126,-4.46,0,26,0,219.6,1.7,2.1,50.4,0.00,0,0.3,0.7
67.30,land,348.33,3.53,0.120,1,1892.2,368.9,0.3,-3.4,-0.18,-0.22,49,49,-1,-1.8,-0.6,-0.1,1.7,0.00,0.01,0.00,0.00,0.00,0.00,0.01,-0.28,92,-1,0,0,0.2,-0.00,0.120,0.126,-5.22,0,26,0,219.6,1.7,2.1,50.4,0.00,0,0.3,0.6
67.40,land,347.67,4.18,0.120,1,1892.2,368.9,0.3,-3.4,-0.18,-0.20,49,50,-1,-1.8,-0.6,-0.1,1.6,0.00,0.01,0.00,0.00,0.00,0.00,0.01,-0.28,92,-1,0,0,0.3,-0.00,0.120,0.126,-5.98,0,26,0,219.4,1.5,1.9,50.6,0.00,0,0.4,0.9
67.50,land,346.95,4.91,0.120,1,1892.2,368.8,0.3,-3.4,-0.18,-0.20,49,50,-1,-1.8,-0.6,-0.0,1.5,0.00,0.01,0.00,0.00,0.00,0.00,-0.00,-0.26,92,-1,0,0,0.4,-0.00,0.120,0.125,-6.73,0,26,0,219.4,1.5,1.9,50.6,0.00,0,0.4,1.2
67.60,land,346.15,5.71,0.120,1,1892.2,368.8,0.3,-3.3,-0.18,-0.20,49,50,-1,-1.8,-0.6,0.0,1.4,0.00,0.01,0.00,0.00,0.00,0.00,-0.00,-0.26,92,-1,0,0,0.3,-0.00,0.120,0.125,-7.48,0,26,0,219.4,1.5,1.9,50.6,0.00,0,0.3,1.0
67.70,land,345.27,6.58,0.120,1,1892.2,368.8,0.3,-3.3,-0.18,-0.18,49,50,-1,-1.8,-0.6,0.0,1.3,-0.00,0.01,0.00,0.00,0.00,0.00,-0.00,-0.26,92,-1,0,0,0.2,-0.00,0.120,0.125,-8.22,0,26,0,219.4,1.5,1.9,50.6,0.00,0,0.2,0.6
67.80,land,344.32,7.53,0.120,1,1892.1,368.8,0.3,-3.3,-0.18,-0.18,49,50,-1,-1.9,-0.6,0.1,1.2,-0.00,0.01,0.00,0.00,0.00,0.00,-0.02,-0.25,92,-1,0,-0,0.5,-0.00,0.120,0.125,-8.95,0,26,0,219.3,1.3,1.5,50.7,0.00,0,0.3,1.4
67.90,land,343.30,8.55,0.120,1,1892.1,368.8,0.4,-3.3,-0.18,-0.18,49,50,-1,-1.9,-0.6,0.1,1.1,-0.00,0.01,0.00,0.00,0.00,0.00,-0.02,-0.25,92,-1,0,-0,0.3,-0.01,0.120,0.125,-9.67,0,26,0,219.3,1.3,1.5,50.7,0.00,0,0.2,1.0
68.00,land,342.21,9.64,0.120,1,1892.1,368.8,0.4,-3.3,-0.18,-0.16,50,50,-1,-1.9,-0.6,0.1,1.0,-0.00,0.01,0.00,0.00,0.00,0.00,-0.02,-0.25,92,-1,0,-0,0.3,-0.00,0.120,0.126,-10.39,0,26,0,219.3,1.3,1.5,50.7,0.00,0,0.1,1.0
68.10,land,341.05,10.80,0.120,1,1892.1,368.7,0.4,-3.3,-0.18,-0.15,50,50,-1,-1.9,-0.6,0.1,0.9,-0.00,0.01,0.00,0.00,0.00,0.00,-0.03,-0.24,92,-1,0,-0,0.3,-0.00,0.120,0.126,-11.10,0,26,0,219.3,1.3,1.5,50.7,0.00,0,0.1,0.9
68.20,land,339.82,12.03,0.120,1,1892.1,368.7,0.4,-3.2,-0.18,-0.15,50,50,-1,-1.9,-0.6,0.1,0.9,-0.00,0.01,0.00,0.00,0.00,0.00,-0.03,-0.23,92,-1,0,-0,0.2,-0.00,0.120,0.126,-11.81,0,26,0,219.2,0.9,1.2,50.8,0.00,0,0.0,0.8
68.30,land,338.52,13.34,0.120,1,1892.1,368.7,0.4,-3.2,-0.09,-0.15,50,50,-1,-1.9,-0.6,0.1,0.8,-0.00,0.01,0.00,0.00,0.00,0.00,-0.03,-0.23,92,-1,0,-0,0.3,-0.00,0.120,0.126,-12.51,0,26,0,219.2,0.9,1.2,50.8,0.00,0,0.0,0.9
68.40,land,337.15,14.71,0.120,1,1892.0,368.7,0.4,-3.2,-0.09,-0.15,50,50,-1,-1.7,-0.8,0.1,0.7,-0.00,0.01,0.00,0.00,0.00,0.00,0.03,-0.17,92,-1,0,-0,0.0,-0.00,0.120,0.125,-13.20,0,26,0,219.2,0.9,1.2,50.8,0.00,0,0.0,0.0
68.50,land,335.71,16.14,0.120,1,1892.0,368.7,0.5,-3.2,-0.09,-0.13,50,50,-1,-1.7,-0.8,0.1,0.6,-0.00,0.01,0.00,0.00,0.00,0.00,0.03,-0.17,92,-1,0,-0,0.1,-0.00,0.120,0.125,-13.89,0,26,0,219.2,0.9,1.2,50.8,0.00,0,-0.0,0.5
68.60,land,334.20,17.65,0.120,1,1892.0,368.7,0.5,-3.2,-0.09,-0.13,50,50,-1,-1.8,-0.8,0.1,0.5,-0.01,0.01,0.00,0.00,0.00,0.00,0.02,-0.16,92,-1,0,-0,0.3,-0.00,0.120,0.126,-14.57,0,26,0,219.1,0.6,0.7,50.9,0.00,0,-0.1,1.1
68.70,land,332.63,19.22,0.120,1,1892.0,368.7,0.5,-3.2,-0.09,-0.13,50,50,-1,-1.8,-0.8,0.1,0.4,-0.01,0.01,0.00,0.00,0.00,0.00,0.02,-0.16,92,-1,0,-0,0.3,-0.01,0.120,0.126,-15.24,0,26,0,219.1,0.6,0.7,50.9,0.00,0,-0.2,1.2
68.80,land,330.99,20.86,0.120,1,1892.0,368.6,0.5,-3.2,-0.09,-0.13,50,50,-1,-1.8,-0.8,0.1,0.3,-0.01,0.01,0.00,0.00,0.00,0.00,0.02,-0.16,92,-1,0,-0,0.3,-0.01,0.120,0.126,-15.91,0,26,0,219.1,0.6,0.7,50.9,0.00,0,-0.2,0.9
68.90,land,329.29,22.57,0.120,1,1892.0,368.6,0.5,-3.1,-0.09,-0.13,50,50,-1,-1.8,-0.8,0.0,0.2,-0.01,0.01,0.00,0.00,0.00,0.00,0.02,-0.16,92,-1,0,-0,0.2,-0.01,0.120,0.126,-16.57,0,26,0,219.1,0.6,0.7,50.9,0.00,0,-0.1,0.7
69.00,land,327.52,24.34,0.120,1,1892.0,368.6,0.5,-3.1,-0.09,-0.13,50,50,-1,-1.8,-0.8,0.0,0.1,-0.01,0.01,0.00,0.00,0.00,0.00,0.02,-0.16,92,-1,0,-0,0.3,-0.00,0.120,0.126,-17.23,0,26,0,219.0,0.1,0.2,51.0,0.00,0,-0.3,1.1
69.10,land,325.68,26.17,0.120,1,1892.0,368.6,0.5,-3.1,-0.09,-0.13,50,50,-1,-1.8,-0.8,-0.0,0.0,-0.01,0.01,0.00,0.00,0.00,0.00,0.02,-0.16,92,-1,0,-0,0.2,-0.01,0.120,0.126,-17.88,0,26,0,219.0,0.1,0.2,51.0,0.00,0,-0.2,0.8
69.20,land,323.78,28.07,0.120,1,1892.0,368.6,0.5,-3.1,-0.09,-0.13,50,50,-1,-1.8,-0.8,-0.0,-0.1,-0.01,0.01,0.00,0.00,0.00,0.00,0.02,-0.16,92,-1,0,-0,0.3,-0.01,0.120,0.127,-18.53,0,26,0,219.0,0.1,0.2,51.0,0.00,0,-0.3,1.1
69.30,land,321.82,30.03,0.120,1,1892.0,368.6,0.5,-3.1,-0.09,-0.13,50,50,-1,-1.8,-0.7,-0.1,-0.2,-0.01,0.00,0.00,0.00,0.00,0.00,0.02,-0.16,92,-1,0,-0,0.0,-0.01,0.120,0.127,-19.16,0,26,0,219.0,0.1,0.2,51.0,0.00,0,0.0,0.0
69.40,land,319.80,32.06,0.120,1,1892.0,368.6,0.5,-3.1,-0.09,-0.13,50,50,-1,-1.8,-0.7,-0.1,-0.2,-0.01,0.00,0.00,0.00,0.00,0.00,0.02,-0.16,92,-1,0,-1,0.3,-0.00,0.120,0.127,-19.80,0,26,0,218.9,359.7,359.6,51.1,0.00,0,-0.4,1.0
69.50,land,317.71,34.15,0.120,1,1892.0,368.5,0.5,-3.1,-0.09,-0.13,50,50,-1,-1.8,-0.7,-0.1,-0.3,-0.01,0.00,0.00,0.00,0.00,0.00,0.02,-0.16,92,-1,0,-1,0.4,-0.01,0.120,0.127,-20.42,0,26,0,218.9,359.7,359.6,51.1,0.00,0,-0.6,1.4
69.60,land,315.56,36.29,0.120,1,1891.9,368.5,0.5,-3.0,-0.09,-0.13,50,50,-1,-1.8,-0.7,-0.2,-0.4,-0.01,0.00,0.00,0.00,0.00,0.00,0.02,-0.16,92,-1,0,-1,0.3,-0.01,0.120,0.127,-21.04,0,26,0,218.9,359.7,359.6,51.1,0.00,0,-0.4,1.0
69.70,land,313.35,38.50,0.120,1,1891.9,368.5,0.6,-3.0,-0.09,-0.13,50,50,-1,-1.8,-0.7,-0.2,-0.5,-0.02,0.00,0.00,0.00,0.00,0.00,0.02,-0.16,92,-1,0,-1,0.2,-0.01,0.120,0.127,-21.66,0,26,0,218.9,359.7,359.6,51.1,0.00,0,-0.4,0.9
69.80,land,311.08,40.77,0.120,1,1891.9,368.5,0.6,-3.0,-0.09,-0.13,50,50,-1,-1.8,-0.7,-0.3,-0.6,-0.02,0.00,0.00,0.00,0.00,0.00,0.02,-0.16,92,-1,0,-1,0.3,-0.01,0.120,0.127,-22.26,0,26,0,218.8,359.2,358.9,51.2,0.00,0,-0.6,1.1
69.90,land,308.75,43.10,0.120,1,1891.9,368.5,0.6,-3.0,-0.09,-0.13,50,50,-1,-1.8,-0.7,-0.3,-0.7,-0.02,0.00,0.00,0.00,0.00,0.00,0.02,-0.16,92,-1,0,-1,0.2,-0.01,0.120,0.127,-22.86,0,26,0,218.8,359.2,358.9,51.2,0.00,0,-0.5,1.0
70.00,land,306.36,45.49,0.120,1,1891.9,368.5,0.6,-3.0,-0.09,-0.13,50,50,-1,-1.8,-0.7,-0.4,-0.8,-0.02,-0.00,0.00,0.00,0.00,0.00,0.02,-0.16,92,-1,0,-1,0.2,-0.01,0.120,0.128,-23.45,0,26,0,218.8,359.2,358.9,51.2,0.00,0,-0.4,0.7
70.10,land,303.92,47.94,0.120,1,1891.9,368.5,0.6,-3.0,-0.09,-0.13,50,50,-1,-1.8,-0.7,-0.4,-0.9,-0.02,-0.00,0.00,0.00,0.00,0.00,0.02,-0.16,92,-1,0,-1,0.1,-0.01,0.120,0.129,-24.04,0,26,0,218.8,359.2,358.9,51.2,0.00,0,-0.3,0.5
70.20,land,301.42,50.44,0.120,1,1891.9,368.5,0.6,-3.0,-0.09,-0.13,50,50,-1,-1.8,-0.7,-0.5,-1.0,-0.02,-0.00,0.00,0.00,0.00,0.00,0.02,-0.16,92,-1,0,-1,0.2,-0.01,0.120,0.130,-24.62,0,26,0,218.7,358.6,358.2,51.3,0.00,0,-0.7,1.1
70.30,land,298.86,53.00,0.120,1,1891.9,368.4,0.6,-3.0,-0.09,-0.13,50,50,-1,-1.8,-0.7,-0.6,-1.1,-0.02,-0.00,0.00,0.00,0.00,0.00,0.02,-0.16,92,-1,0,-1,0.1,-0.01,0.120,0.130,-25.19,0,26,0,218.7,358.6,358.2,51.3,0.00,0,-0.5,0.7
70.40,land,296.24,55.61,0.120,1,1891.9,368.4,0.6,-2.9,-0.09,-0.13,50,50,-1,-1.8,-0.7,-0.6,-1.2,-0.02,-0.00,0.00,0.00,0.00,0.00,0.02,-0.16,92,-1,0,-1,0.1,-0.01,0.120,0.131,-25.75,0,26,0,218.7,358.6,358.2,51.3,0.00,0,-0.5,0.7
70.50,land,293.57,58.28,0.120,1,1891.9,368.4,0.6,-2.9,-0.09,-0.13,50,50,-1,-1.8,-0.7,-0.7,-1.3,-0.03,-0.01,0.00,0.00,0.00,0.00,0.02,-0.16,92,-1,0,-1,0.2,-0.01,0.120,0.132,-26.31,0,26,0,218.7,358.6,358.2,51.3,0.00,0,-0.9,1.3
70.60,land,290.85,61.01,0.120,1,1891.9,368.4,0.6,-2.9,-0.09,-0.13,50,50,-1,-1.8,-0.6,-0.8,-1.4,-0.03,-0.01,0.00,0.00,0.00,0.00,0.02,-0.16,92,-1,0,-1,0.1,-0.01,0.120,0.133,-26.86,0,26,0,218.6,358.0,357.5,51.4,0.00,0,-0.6,0.8
70.70,land,288.07,63.79,0.120,1,1891.8,368.4,0.6,-2.9,-0.09,-0.11,50,50,-1,-1.8,-0.6,-0.9,-1.5,-0.03,-0.01,0.00,0.00,0.00,0.00,0.02,-0.16,92,-1,0,-1,0.1,-0.01,0.120,0.134,-27.40,0,26,0,218.6,358.0,357.5,51.4,0.00,0,-0.7,0.8
70.80,land,285.23,66.62,0.120,1,1891.8,368.4,0.7,-2.9,-0.09,-0.11,50,50,-1,-1.8,-0.7,-0.9,-1.6,-0.03,-0.01,0.00,0.00,0.00,0.00,0.00,-0.14,92,-1,0,-1,0.2,-0.01,0.120,0.135,-27.94,0,26,0,218.6,358.0,357.5,51.4,0.00,0,-0.9,1.1
70.90,land,282.35,69.51,0.120,1,1891.8,368.4,0.7,-2.9,-0.09,-0.11,50,50,-1,-1.8,-0.7,-1.0,-1.7,-0.03,-0.01,0.00,0.00,0.00,0.00,0.00,-0.14,92,-1,0,-1,0.2,-0.01,0.120,0.136,-28.48,0,26,0,218.6,358.0,357.5,51.4,0.00,0,-1.0,1.1
71.00,land,279.41,72.44,0.120,1,1891.8,368.4,0.7,-2.9,-0.09,-0.11,50,50,-1,-1.8,-0.7,-1.1,-1.8,-0.03,-0.01,0.00,0.00,0.00,0.00,0.00,-0.14,92,-1,0,-1,0.1,-0.01,0.120,0.132,-29.01,0,26,0,218.5,357.4,356.7,51.5,0.00,0,-0.4,0.5
71.10,land,276.43,75.42,0.120,1,1891.8,368.3,0.7,-2.9,-0.09,-0.11,50,50,-1,-1.8,-0.7,-1.1,-1.8,-0.02,0.00,0.00,0.00,0.00,0.00,0.00,-0.14,92,-1,0,-1,0.5,-0.01,0.120,0.128,-29.46,0,26,0,218.5,357.4,356.7,51.5,0.00,0,0.5,-0.1
71.20,land,273.41,78.45,0.120,1,1891.8,368.3,0.7,-2.8,-0.09,-0.11,50,50,-1,-1.8,-0.7,-1.1,-1.8,-0.01,0.00,0.00,0.00,0.00,0.00,0.00,-0.14,92,-1,0,-1,0.1,-0.01,0.120,0.128,-29.91,0,26,0,218.5,357.4,356.7,51.5,0.00,0,0.2,-0.1
71.30,land,270.33,81.53,0.120,1,1891.8,368.3,0.7,-2.8,-0.09,-0.11,50,50,-1,-1.8,-0.6,-1.1,-1.8,-0.02,0.00,0.00,0.00,0.00,0.00,0.00,-0.14,92,-1,0,-1,0.0,-0.01,0.120,0.128,-30.41,0,26,0,218.5,357.4,356.7,51.5,0.00,0,0.0,0.0
71.40,land,267.20,84.66,0.120,1,1891.8,368.3,0.7,-2.8,-0.09,-0.11,50,51,-1,-1.8,-0.6,-1.0,-1.8,-0.02,0.00,0.00,0.00,0.00,0.00,0.00,-0.14,92,-1,0,-1,0.5,-0.00,0.120,0.128,-30.92,0,26,0,218.5,357.4,356.7,51.5,0.00,0,0.3,-0.2
71.50,land,264.02,87.84,0.120,1,1891.8,368.3,0.7,-2.8,-0.09,-0.11,50,51,-1,-1.8,-0.6,-1.0,-1.8,-0.02,0.00,0.00,0.00,0.00,0.00,0.00,-0.14,92,-1,0,-1,0.0,-0.01,0.120,0.128,-31.42,0,26,0,218.5,357.4,356.7,51.5,0.00,0,0.0,0.0
71.60,land,260.79,91.07,0.120,1,1891.8,368.3,0.7,-2.8,-0.09,-0.10,50,51,-1,-1.8,-0.6,-1.0,-1.8,-0.02,0.00,0.00,0.00,0.00,0.00,0.00,-0.14,92,-1,0,-1,0.0,-0.01,0.120,0.128,-31.92,0,26,0,218.5,357.4,356.7,51.5,0.00,0,0.0,0.0
71.70,land,257.51,94.34,0.120,1,1891.8,368.3,0.7,-2.8,-0.09,-0.09,50,51,-1,-1.9,-0.6,-1.1,-1.8,-0.02,0.00,0.00,0.00,0.00,0.00,-0.00,-0.13,92,-1,0,-1,0.0,-0.01,0.120,0.128,-32.41,0,26,0,218.5,357.4,356.7,51.5,0.00,0,0.0,0.0
71.80,land,254.19,97.67,0.120,1,1891.7,368.3,0.7,-2.8,-0.09,-0.09,50,51,-1,-1.9,-0.7,-1.1,-1.8,-0.02,0.00,0.00,0.00,0.00,0.00,-0.01,-0.12,92,-1,0,-1,0.2,-0.01,0.120,0.128,-32.90,0,26,0,218.5,357.4,356.7,51.6,0.00,0,-0.4,0.2
71.90,land,250.81,101.04,0.120,1,1891.7,368.3,0.8,-2.8,-0.09,-0.09,50,51,-1,-1.9,-0.7,-1.1,-1.8,-0.02,0.00,0.00,0.00,0.00,0.00,-0.01,-0.12,92,-1,0,-1,0.0,-0.01,0.120,0.128,-33.38,0,26,0,218.5,357.4,356.7,51.6,0.00,0,0.0,0.0
72.00,land,247.39,104.46,0.120,1,1891.7,368.3,0.8,-2.8,-0.09,-0.09,50,51,-1,-1.9,-0.6,-1.1,-1.8,-0.02,0.00,0.00,0.00,0.00,0.00,-0.01,-0.12,92,-1,0,-1,0.1,-0.01,0.120,0.128,-33.85,0,26,0,218.5,357.4,356.7,51.6,0.00,0,-0.6,0.3
72.10,land,243.92,107.93,0.120,1,1891.7,368.2,0.8,-2.8,-0.09,-0.07,50,51,-1,-1.9,-0.6,-1.1,-1.8,-0.02,-0.00,0.00,0.00,0.00,0.00,-0.01,-0.12,92,-1,0,-1,0.0,-0.01,0.120,0.128,-34.32,0,26,0,218.5,357.4,356.7,51.6,0.00,0,0.0,0.0
72.20,land,240.41,111.44,0.120,1,1891.7,368.2,0.8,-2.7,-0.09,-0.07,51,51,-1,-1.9,-0.7,-1.2,-1.8,-0.02,-0.00,0.00,0.00,0.00,0.00,-0.03,-0.11,92,-1,0,-1,0.0,-0.01,0.120,0.128,-34.79,0,26,0,218.5,357.2,356.5,51.6,0.00,0,-0.5,0.3
72.30,land,236.85,115.00,0.120,1,1891.7,368.2,0.8,-2.7,-0.09,-0.07,51,51,-1,-1.9,-0.7,-1.2,-1.9,-0.02,-0.00,0.00,0.00,0.00,0.00,-0.03,-0.11,92,-1,0,-1,0.0,-0.01,0.120,0.129,-35.25,0,26,0,218.5,357.2,356.5,51.6,0.00,0,-0.2,0.1
72.40,land,233.25,118.61,0.120,1,1891.7,368.2,0.8,-2.7,-0.09,-0.05,51,51,-1,-1.9,-0.7,-1.2,-1.9,-0.02,-0.00,0.00,0.00,0.00,0.00,-0.03,-0.11,92,-1,0,-1,0.0,-0.01,0.120,0.130,-35.71,0,26,0,218.5,357.2,356.5,51.6,0.00,0,-0.2,0.1
72.50,land,229.60,122.26,0.120,1,1891.7,368.2,0.8,-2.7,-0.09,-0.04,51,51,-1,-2.0,-0.7,-1.3,-1.9,-0.02,-0.00,0.00,0.00,0.00,0.00,-0.03,-0.10,92,-1,0,-1,0.0,-0.01,0.120,0.130,-36.16,0,26,0,218.5,357.2,356.5,51.6,0.00,0,-0.6,0.3
72.60,land,225.91,125.95,0.120,1,1891.7,368.2,0.8,-2.7,-0.09,-0.04,51,51,-1,-2.0,-0.7,-1.3,-1.9,-0.02,-0.00,0.00,0.00,0.00,0.00,-0.04,-0.09,92,-1,0,-1,0.0,-0.01,0.120,0.131,-36.60,0,26,0,218.4,357.0,356.2,51.6,0.00,0,-0.6,0.3
72.70,land,222.17,129.69,0.120,1,1891.7,368.2,0.8,-2.7,-0.09,-0.03,51,51,-1,-2.0,-0.7,-1.4,-2.0,-0.02,-0.01,0.00,0.00,0.00,0.00,-0.04,-0.09,92,-1,0,-1,-0.0,-0.01,0.120,0.132,-37.04,0,26,0,218.4,357.0,356.2,51.6,0.00,0,-0.8,0.4
72.80,land,218.39,133.47,0.120,1,1891.7,368.2,0.8,-2.7,-0.09,-0.02,51,51,-1,-2.0,-0.7,-1.4,-2.0,-0.02,-0.01,0.00,0.00,0.00,0.00,-0.05,-0.08,92,-1,0,-1,-0.0,-0.01,0.120,0.132,-37.48,0,26,0,218.4,357.0,356.2,51.6,0.00,0,-0.7,0.4
72.90,land,214.57,137.29,0.120,1,1891.7,368.2,0.8,-2.7,-0.09,-0.02,51,51,-1,-2.1,-0.8,-1.5,-2.0,-0.02,-0.01,0.00,0.00,0.00,0.00,-0.05,-0.07,92,-1,0,-1,-0.0,-0.01,0.120,0.133,-37.91,0,26,0,218.4,357.0,356.2,51.6,0.00,0,-0.6,0.3
73.00,land,210.70,141.15,0.120,1,1891.6,368.2,0.8,-2.7,-0.09,0.00,51,51,-1,-2.1,-0.8,-1.6,-2.1,-0.03,-0.01,0.00,0.00,0.00,0.00,-0.05,-0.07,92,-1,0,-1,-0.0,-0.01,0.120,0.134,-38.34,0,26,0,218.4,356.7,355.8,51.6,0.00,0,-0.7,0.4
73.10,land,206.79,145.06,0.120,1,1891.6,368.2,0.9,-2.7,-0.09,0.00,51,51,-1,-2.1,-0.8,-1.7,-2.1,-0.03,-0.01,0.00,0.00,0.00,0.00,-0.07,-0.06,92,-1,0,-1,-0.0,-0.01,0.120,0.134,-38.76,0,26,0,218.4,356.7,355.8,51.6,0.00,0,-0.5,0.3
73.20,land,202.85,149.01,0.120,1,1891.6,368.2,0.9,-2.7,-0.09,0.02,51,51,-1,-2.1,-0.8,-1.7,-2.1,-0.03,-0.01,0.00,0.00,0.00,0.00,-0.07,-0.06,92,-1,0,-1,-0.0,-0.01,0.120,0.135,-39.18,0,26,0,218.4,356.7,355.8,51.6,0.00,0,-0.9,0.5
73.30,land,198.86,152.99,0.120,1,1891.6,368.2,0.9,-2.7,-0.09,0.02,51,51,-1,-2.2,-0.9,-1.8,-2.2,-0.02,-0.01,0.00,0.00,0.00,0.00,-0.08,-0.04,92,-1,0,-1,0.0,-0.01,0.120,0.131,-39.59,0,26,0,218.4,356.7,355.8,51.6,0.00,0,0.0,0.0
73.40,land,194.84,157.01,0.120,1,1891.6,368.2,0.9,-2.7,-0.09,0.04,51,51,-1,-2.2,-0.9,-1.8,-2.1,-0.01,0.00,0.00,0.00,0.00,0.00,-0.08,-0.04,92,-1,0,-1,-0.1,-0.01,0.120,0.126,-39.93,0,26,0,218.5,356.5,355.6,51.6,0.00,0,0.2,-0.8
73.50,land,190.79,161.07,0.130,1,1891.6,368.2,0.9,-2.7,-0.09,0.04,51,51,-1,-2.2,-0.9,-1.8,-2.0,-0.01,0.00,0.00,0.00,0.00,0.00,-0.10,-0.02,92,-1,0,-1,0.0,-0.00,0.130,0.135,-40.26,0,26,0,218.5,356.5,355.6,51.6,0.00,0,0.0,0.0
73.60,land,186.69,165.16,0.196,1,1891.6,368.2,0.9,-2.7,-0.09,0.07,51,51,-1,-2.2,-0.9,-1.7,-2.0,-0.01,0.00,0.00,0.00,0.00,0.00,-0.10,-0.02,92,-1,0,-1,-0.0,-0.01,0.196,0.201,-40.65,0,26,0,218.5,356.5,355.6,51.6,0.00,0,0.0,-0.1
73.70,land,182.56,169.29,0.267,1,1891.6,368.2,0.9,-2.7,-0.09,0.07,51,51,-1,-2.3,-1.0,-1.8,-1.9,-0.00,-0.00,0.00,0.00,0.00,0.00,-0.11,-0.00,92,-1,0,-1,-0.1,-0.01,0.267,0.270,-41.04,0,26,0,218.5,356.5,355.6,51.6,0.00,0,-0.4,-0.9
73.80,land,178.42,173.44,0.339,1,1891.6,368.2,0.9,-2.7,-0.09,0.07,51,51,-1,-2.3,-1.0,-1.9,-1.8,0.01,-0.01,0.00,0.00,0.00,0.00,-0.11,-0.00,92,-1,0,-1,-0.1,-0.00,0.339,0.347,-41.37,0,26,0,218.5,356.8,355.9,51.6,0.00,0,-1.2,-1.6
73.90,land,174.30,177.56,0.401,1,1891.6,368.2,0.9,-2.7,0.00,0.04,51,51,-1,-2.3,-1.0,-2.0,-1.6,0.02,-0.01,0.00,0.00,0.00,0.00,-0.11,-0.00,92,-1,0,-1,-0.1,-0.00,0.401,0.413,-41.43,0,26,0,218.5,356.8,355.9,51.6,0.00,0,-0.9,-2.2
74.00,land,170.24,181.62,0.444,1,1891.6,368.3,0.9,-2.7,0.00,0.02,51,51,-1,-2.1,-1.1,-2.0,-1.4,0.01,-0.01,0.00,0.00,0.00,0.00,-0.03,0.03,92,-1,0,-1,-0.1,-0.00,0.444,0.455,-41.07,0,26,0,218.5,356.8,355.9,51.6,0.00,0,-0.5,-1.7
74.10,land,166.26,185.59,0.473,1,1891.6,368.2,0.9,-2.8,0.00,-0.02,51,51,-1,-2.0,-1.0,-2.0,-1.3,0.00,-0.01,0.00,0.00,0.00,0.00,-0.01,0.02,92,-1,0,-1,-0.1,-0.00,0.473,0.478,-40.40,0,26,0,218.5,356.8,355.9,51.6,0.00,0,-0.1,-0.8
74.20,land,162.39,189.46,0.489,1,1891.6,368.2,0.9,-2.7,0.00,-0.07,51,51,-1,-1.9,-0.9,-2.1,-1.2,-0.00,-0.01,0.00,0.00,0.00,0.00,0.01,-0.02,92,-1,0,-1,-0.0,-0.00,0.489,0.492,-39.46,0,26,0,218.5,357.1,356.4,51.5,0.00,0,-0.1,-0.2
74.30,land,158.65,193.21,0.499,1,1891.6,368.2,0.9,-2.7,0.00,-0.12,51,51,-1,-1.9,-0.8,-2.1,-1.2,-0.00,-0.01,0.00,0.00,0.00,0.00,0.04,-0.05,92,-1,0,-1,0.0,-0.01,0.499,0.505,-38.42,0,26,0,218.5,357.1,356.4,51.5,0.00,0,0.0,0.0
74.40,land,155.03,196.82,0.497,1,1891.6,368.2,0.9,-2.7,0.04,-0.16,51,51,-1,-1.8,-0.7,-2.2,-1.1,-0.00,-0.02,0.00,0.00,0.00,0.00,0.08,-0.09,92,-1,0,-1,-0.1,-0.01,0.497,0.506,-37.12,0,26,0,218.5,357.1,356.4,51.5,0.00,0,-0.9,-0.5
74.50,land,151.55,200.30,0.492,1,1891.6,368.2,0.9,-2.7,0.09,-0.22,51,51,-1,-1.6,-0.7,-2.3,-1.1,-0.01,-0.03,0.00,0.00,0.00,0.00,0.14,-0.10,92,-1,0,-1,-0.1,-0.00,0.492,0.505,-35.81,0,26,0,218.5,357.1,356.4,51.5,0.00,0,-1.1,-0.4
74.60,land,148.20,203.66,0.488,1,1891.6,368.2,0.9,-2.7,0.09,-0.27,51,51,-1,-1.3,-0.6,-2.4,-1.0,-0.01,-0.03,0.00,0.00,0.00,0.00,0.21,-0.11,92,-1,0,-1,-0.1,-0.00,0.488,0.504,-34.51,0,26,0,218.5,357.0,356.3,51.5,0.00,0,-1.3,-0.3
74.70,land,144.97,206.88,0.450,1,1891.6,368.1,0.9,-2.7,0.18,-0.35,51,51,-1,-1.2,-0.4,-2.6,-1.0,-0.01,-0.04,0.00,0.00,0.00,0.00,0.26,-0.17,92,-1,0,-1,-0.1,-0.00,0.450,0.471,-32.58,0,26,0,218.5,357.0,356.3,51.5,0.00,0,-1.5,-0.1
74.80,land,141.87,209.98,0.444,1,1891.6,368.1,0.9,-2.6,0.18,-0.42,51,51,-1,-0.8,-0.5,-2.7,-1.0,-0.01,-0.05,0.00,0.00,0.00,0.00,0.36,-0.16,92,-1,0,-1,-0.3,-0.00,0.444,0.468,-31.30,0,26,0,218.5,357.0,356.3,51.5,0.00,0,-0.9,-0.2
74.90,land,138.88,212.97,0.443,1,1891.6,368.1,0.9,-2.6,0.18,-0.42,51,51,-1,-0.7,-0.3,-2.9,-1.0,-0.01,-0.04,0.00,0.00,0.00,0.00,0.40,-0.21,92,-1,0,-1,-0.3,-0.00,0.443,0.463,-30.13,0,26,0,218.5,357.0,356.3,51.5,0.00,0,-0.9,-0.2
75.00,land,136.00,215.86,0.450,1,1891.7,368.0,0.8,-2.5,0.26,-0.47,51,50,-1,-0.4,-0.3,-2.8,-0.9,0.00,-0.03,0.00,0.00,0.00,0.00,0.50,-0.20,92,-1,0,-1,0.0,-0.01,0.450,0.461,-29.10,0,26,0,218.6,356.9,356.1,51.4,0.00,0,0.0,0.0
75.10,land,133.21,218.65,0.459,1,1891.7,367.9,0.8,-2.5,0.35,-0.62,51,50,-1,-0.1,-0.2,-2.7,-0.8,0.00,-0.01,0.00,0.00,0.00,0.00,0.59,-0.23,92,-1,0,-1,-0.6,0.00,0.459,0.465,-28.11,0,26,0,218.6,356.9,356.1,51.4,0.00,0,1.9,-1.0
75.20,land,130.51,221.34,0.471,1,1891.7,367.9,0.8,-2.4,0.35,-0.62,51,50,-1,0.2,-0.1,-2.5,-0.7,0.00,0.00,0.00,0.00,0.00,0.00,0.66,-0.25,92,-1,0,-1,-0.6,0.00,0.471,0.472,-27.18,0,26,0,218.6,356.9,356.1,51.4,0.00,0,1.9,-1.0
75.30,land,127.91,223.95,0.485,1,1891.8,367.9,0.7,-2.4,0.44,-0.66,51,50,-1,0.5,-0.2,-2.2,-0.6,0.00,0.01,0.00,0.00,0.00,0.00,0.76,-0.23,92,-1,0,-1,-0.6,0.00,0.485,0.488,-26.25,0,26,0,218.6,356.9,356.1,51.4,0.00,0,2.5,-0.9
75.50,land,123.04,228.82,0.494,1,1891.9,367.6,0.6,-2.2,0.53,-0.77,50,50,-1,1.0,-0.2,-1.7,-0.4,-0.00,0.01,0.00,0.00,0.00,0.00,0.88,-0.23,92,-1,0,-1,-0.6,0.00,0.494,0.498,-24.03,0,26,0,218.9,357.9,357.4,51.1,0.00,0,2.7,-0.6
75.70,land,118.65,233.21,0.496,1,1892.0,367.5,0.5,-2.1,0.53,-0.79,50,50,-1,1.1,-0.0,-1.2,-0.3,-0.00,0.01,0.00,0.00,0.00,0.00,0.90,-0.26,92,-1,0,-1,-0.5,0.00,0.496,0.500,-21.67,0,26,0,218.9,357.9,357.4,51.1,0.00,0,2.2,-0.4
75.90,land,114.72,237.14,0.500,1,1892.1,367.4,0.4,-1.9,0.53,-0.79,50,50,-1,1.3,0.0,-0.8,-0.2,-0.01,0.00,0.00,0.00,0.00,0.00,0.91,-0.27,92,-1,0,-1,-0.4,0.00,0.500,0.503,-19.35,0,26,0,219.1,359.0,358.7,50.9,0.00,0,1.8,-0.3
76.10,land,111.24,240.61,0.506,1,1892.2,367.2,0.3,-1.7,0.53,-0.78,50,50,-1,1.4,0.0,-0.5,-0.2,-0.01,-0.01,0.00,0.00,0.00,0.00,0.90,-0.26,92,-1,0,-1,-0.4,0.00,0.506,0.512,-17.09,0,26,0,219.1,359.0,358.7,50.9,0.00,0,1.3,-0.2
76.30,land,108.21,243.64,0.517,1,1892.3,367.1,0.2,-1.6,0.53,-0.76,50,50,-1,1.5,0.0,-0.3,-0.2,-0.01,-0.01,0.00,0.00,0.00,0.00,0.89,-0.24,92,-1,0,-1,-0.2,-0.00,0.517,0.526,-14.87,0,26,0,219.3,359.5,359.4,50.7,0.00,0,0.6,-0.0
76.50,land,105.62,246.23,0.533,1,1892.4,366.9,0.1,-1.4,0.48,-0.73,50,50,-1,1.5,-0.0,-0.2,-0.2,-0.01,-0.02,0.00,0.00,0.00,0.00,0.87,-0.22,92,-1,0,-1,0.0,0.00,0.533,0.547,-12.69,0,26,0,219.3,359.5,359.4,50.7,0.00,0,0.0,0.0
76.70,land,103.48,248.38,0.565,1,1892.5,366.8,0.0,-1.3,0.44,-0.70,50,50,-1,1.4,0.1,-0.1,-0.1,-0.01,-0.01,0.00,0.00,0.00,0.00,0.79,-0.25,92,-1,0,-0,-0.2,0.00,0.565,0.571,-10.44,0,26,0,219.4,359.7,359.6,50.6,0.00,0,0.7,-0.3
76.90,land,101.82,250.03,0.576,1,1892.6,366.7,-0.1,-1.2,0.44,-0.67,50,50,-1,1.4,0.1,0.2,-0.0,0.00,-0.00,0.00,0.00,0.00,0.00,0.77,-0.23,92,-1,0,-0,-0.2,0.00,0.576,0.577,-7.94,0,26,0,219.4,359.7,359.6,50.6,0.00,0,1.3,-0.7
77.10,land,100.69,251.17,0.423,1,1892.6,366.5,-0.1,-1.0,0.44,-0.63,50,50,-1,1.4,-0.0,0.3,0.1,-0.00,-0.01,0.00,0.00,0.00,0.00,0.74,-0.19,92,-1,0,-0,-0.1,-0.00,0.423,0.428,-5.33,0,26,0,219.5,0.2,0.3,50.5,0.00,0,0.3,-0.2
77.30,land,99.91,251.94,0.339,1,1892.8,366.4,-0.2,-0.9,0.35,-0.54,50,50,-1,1.2,0.1,0.6,0.2,-0.00,0.00,0.00,0.00,0.00,0.00,0.64,-0.21,92,-1,0,-0,-0.2,0.00,0.339,0.342,-3.72,0,26,0,219.5,0.2,0.3,50.5,0.00,0,1.3,-0.3
77.50,land,99.34,252.51,0.289,1,1892.8,366.3,-0.3,-0.8,0.31,-0.48,50,49,-1,1.2,-0.1,0.7,0.2,-0.00,-0.00,0.00,0.00,0.00,0.00,0.60,-0.16,92,-1,0,-0,-0.1,0.00,0.289,0.290,-2.76,0,26,0,219.5,0.7,0.9,50.5,0.00,0,0.6,-0.1
77.70,land,98.86,252.99,0.270,1,1892.9,366.2,-0.3,-0.7,0.26,-0.42,50,49,-1,0.9,-0.0,0.9,0.2,-0.00,-0.00,0.00,0.00,0.00,0.00,0.49,-0.17,92,-1,0,-0,-0.1,-0.00,0.270,0.273,-2.39,0,26,0,219.5,0.7,0.9,50.5,0.00,0,0.5,-0.1
77.90,land,98.41,253.44,0.261,1,1892.9,366.1,-0.4,-0.6,0.26,-0.37,50,49,-1,0.9,-0.1,0.9,0.2,-0.00,-0.01,0.00,0.00,0.00,0.00,0.46,-0.13,92,-1,0,-0,-0.2,0.00,0.261,0.265,-2.21,0,26,0,219.5,1.0,1.2,50.4,0.00,0,0.7,-0.5
78.10,land,97.95,253.91,0.268,1,1893.0,366.0,-0.5,-0.6,0.18,-0.33,50,49,-1,0.6,-0.0,1.0,0.3,0.00,0.00,0.00,0.00,0.00,0.00,0.36,-0.15,92,-1,0,-0,-0.1,0.00,0.268,0.270,-2.36,0,26,0,219.5,1.0,1.2,50.4,0.00,0,0.4,-0.6
78.30,land,97.42,254.43,0.285,1,1893.0,366.0,-0.5,-0.5,0.18,-0.31,49,49,-1,0.6,-0.1,1.0,0.4,-0.00,-0.01,0.00,0.00,0.00,0.00,0.33,-0.12,92,-1,0,-0,-0.2,0.00,0.285,0.288,-2.67,0,26,0,219.6,1.2,1.5,50.4,0.00,0,0.1,-0.6
78.50,land,96.91,254.94,0.277,1,1893.0,365.9,-0.5,-0.4,0.18,-0.22,49,49,-1,0.5,-0.3,0.9,0.3,-0.01,-0.01,0.00,0.00,0.00,0.00,0.29,-0.07,92,-1,0,-0,-0.1,0.00,0.277,0.285,-2.53,0,26,0,219.6,1.2,1.5,50.4,0.00,0,-1.0,0.3
78.70,land,96.49,255.36,0.268,1,1893.1,365.9,-0.6,-0.4,0.09,-0.20,49,49,-1,0.3,-0.2,0.6,0.3,0.00,-0.04,0.00,0.00,0.00,0.00,0.20,-0.09,92,-1,0,-0,-0.0,0.00,0.268,0.284,-2.34,0,26,0,219.6,1.0,1.2,50.4,0.00,0,-0.9,0.3
78.90,land,96.49,255.36,0.140,1,1893.2,365.9,-0.6,-0.4,0.35,-0.11,49,49,-1,0.8,-0.9,-0.5,0.9,0.05,-0.09,0.00,0.00,0.00,0.00,0.35,0.14,92,-1,0,-0,-0.1,0.00,0.140,0.197,0.03,0,26,0,219.6,1.0,1.2,50.4,0.00,0,-3.5,-2.4
79.10,land,96.45,255.40,0.137,1,1893.2,365.8,-0.7,-0.4,0.44,-0.09,49,49,-1,0.9,-1.1,-1.4,1.4,0.06,-0.12,0.00,0.00,0.00,0.00,0.37,0.20,92,-1,0,0,-0.1,0.00,0.137,0.211,-0.05,0,26,0,219.6,0.4,0.5,50.4,0.00,0,-6.2,-3.3
79.30,land,96.42,255.43,0.131,1,1893.3,365.8,-0.8,-0.3,0.47,-0.11,49,49,-1,1.1,-1.2,-2.7,2.1,0.08,-0.15,0.00,0.00,0.00,0.00,0.43,0.23,92,-1,0,0,0.2,-0.00,0.131,0.221,-0.09,0,26,0,219.6,0.4,0.5,50.4,0.00,0,-6.5,-3.3
79.50,land,96.38,255.47,0.126,1,1893.4,365.8,-0.9,-0.3,0.60,-0.11,49,49,-1,1.5,-1.5,-4.2,2.9,0.10,-0.19,0.00,0.00,0.00,0.00,0.53,0.31,92,-1,0,0,0.4,-0.00,0.126,0.241,-0.13,0,26,0,219.6,359.6,359.5,50.3,0.00,0,-7.7,-4.2
79.70,land,96.32,255.53,0.121,1,1893.5,365.8,-1.0,-0.3,0.70,-0.13,49,49,-1,1.8,-1.7,-6.1,3.9,0.13,-0.24,0.00,0.00,0.00,0.00,0.62,0.36,92,-1,1,0,0.5,-0.01,0.121,0.241,-0.18,0,26,0,219.6,359.6,359.5,50.3,0.00,0,-9.4,-5.2
79.90,land,96.24,255.61,0.120,1,1893.7,365.8,-1.2,-0.3,0.86,-0.15,49,50,-1,2.3,-2.0,-8.4,5.1,0.16,-0.30,0.00,0.00,0.00,0.00,0.75,0.44,92,-1,1,0,0.7,-0.01,0.120,0.240,-0.25,0,26,0,219.3,358.6,358.3,50.3,0.00,0,-11.7,-6.4
80.10,land,96.12,255.73,0.120,1,1893.9,365.7,-1.4,-0.2,1.05,-0.19,49,50,-1,2.6,-2.3,-11.3,6.7,0.21,-0.39,0.10,0.00,0.00,0.00,0.92,0.54,92,-1,1,0,0.9,-0.01,0.120,0.240,-0.37,0,26,0,219.3,358.6,358.3,50.3,0.00,0,-14.8,-8.0
80.20,touchdown,96.04,255.81,0.000,1,1894.1,365.7,-1.5,-0.2,1.24,-0.25,49,50,-1,3.3,-2.5,-13.0,7.8,0.26,-0.44,0.17,0.00,0.00,0.00,1.01,0.57,92,-1,1,0,-3.6,0.03,0.000,0.000,-0.45,0,26,0,219.2,357.1,356.4,49.6,0.00,0,-18.2,-10.5
80.30,touchdown,95.94,255.91,0.000,1,1894.2,365.6,-1.6,-0.2,1.17,-0.32,49,50,-1,3.6,-2.7,-14.9,9.0,0.31,-0.50,0.24,0.00,0.00,0.00,1.10,0.62,92,-1,1,0,0.1,0.04,0.000,0.000,-0.55,0,26,0,219.2,357.1,356.4,49.6,0.00,0,-18.8,-8.2
80.50,touchdown,95.94,255.92,0.000,1,1894.4,365.6,-1.8,-0.1,0.94,-0.35,49,50,-1,3.5,-2.2,-18.5,10.7,0.25,-0.53,0.37,0.00,0.00,0.00,1.03,0.44,92,-1,1,0,0.5,-0.00,0.000,0.000,0.26,0,26,0,219.2,357.1,356.4,49.6,0.00,0,-16.1,-5.5
80.70,touchdown,95.92,255.94,0.000,1,1894.6,365.5,-2.0,-0.0,0.70,-0.40,49,50,-1,3.1,-1.7,-21.6,11.7,0.22,-0.55,0.47,0.00,0.00,0.00,0.86,0.25,92,-1,1,0,0.4,-0.00,0.000,0.000,0.13,0,26,0,219.1,354.4,353.1,48.1,0.00,0,-13.8,-2.4
80.90,touchdown,95.89,255.96,0.000,1,1894.6,365.5,-2.1,0.0,0.61,-0.42,49,50,-1,2.9,-1.2,-24.2,12.1,0.19,-0.56,0.55,0.00,0.00,0.00,0.73,0.08,92,-1,1,0,0.5,-0.00,0.000,0.000,0.04,0,26,0,219.1,354.4,353.1,48.1,0.00,0,-12.8,-0.8
81.10,touchdown,95.87,255.99,0.000,1,1894.7,365.4,-2.2,0.1,0.38,-0.52,49,51,-1,2.6,-0.5,-26.5,11.8,0.14,-0.59,0.61,0.00,0.00,0.00,0.63,-0.14,92,-1,1,0,1.0,-0.01,0.000,0.000,-0.03,0,26,0,218.4,350.7,348.4,47.2,0.00,0,-11.3,2.6
81.30,touchdown,95.84,256.01,0.000,1,1894.8,365.3,-2.3,0.2,0.23,-0.63,50,51,-1,2.6,0.1,-28.6,10.8,0.08,-0.63,0.67,0.00,0.00,0.00,0.59,-0.33,92,-1,1,-0,1.7,-0.02,0.000,0.000,-0.09,0,26,0,218.4,350.7,348.4,47.2,0.00,0,-10.7,5.9
81.50,touchdown,95.82,256.04,0.000,1,1894.8,365.1,-2.3,0.4,0.09,-0.78,50,52,-1,2.6,0.8,-30.7,8.9,0.01,-0.69,0.72,0.00,0.00,0.00,0.57,-0.55,92,-1,1,-1,2.7,-0.04,0.000,0.000,-0.17,0,26,0,217.5,345.4,341.2,46.9,0.00,0,-10.8,9.3
81.70,touchdown,95.78,256.08,0.000,1,1894.8,364.8,-2.3,0.6,-0.10,-1.14,51,52,-1,2.8,1.8,-33.0,6.0,-0.08,-0.76,0.78,0.00,0.00,0.00,0.58,-0.83,92,-1,1,-2,7.1,-0.07,0.000,0.000,-0.30,0,26,0,217.5,345.4,341.2,46.9,0.00,0,-12.3,14.9
81.90,touchdown,95.71,256.15,0.000,1,1894.8,364.7,-2.3,0.8,-0.18,-1.29,53,54,-1,3.0,2.9,-35.5,1.6,-0.22,-0.86,0.85,0.00,0.00,0.00,0.64,-1.14,92,-1,1,-4,9.5,-0.13,0.000,0.000,-0.49,0,26,0,215.2,337.8,329.9,48.6,0.00,0,-13.0,17.0
82.10,touchdown,95.61,256.25,0.000,1,1894.7,364.2,-2.2,1.1,-0.35,-1.74,55,54,-1,3.2,4.4,-38.3,-3.6,-0.30,-0.96,0.95,0.00,0.00,0.00,0.67,-1.59,92,-1,1,-6,8.5,-0.14,0.000,0.000,-0.54,0,26,0,215.2,337.8,329.9,48.6,0.00,0,-15.4,18.7
82.30,touchdown,95.58,256.28,0.000,1,1894.7,364.0,-2.2,1.5,-0.32,-1.79,59,58,-1,3.3,5.1,-40.8,-8.7,-0.34,-0.96,1.00,0.00,0.00,0.00,0.65,-1.70,92,-1,1,-9,7.5,-0.14,0.000,0.000,0.11,0,26,0,211.0,328.6,314.6,53.6,0.00,0,-10.0,17.5
82.50,touchdown,95.57,256.28,0.000,1,1894.6,363.7,-2.1,1.8,-0.35,-1.67,63,58,-1,2.7,5.3,-42.8,-13.6,-0.39,-0.99,1.00,0.00,0.00,0.00,0.46,-1.64,92,-1,1,-13,6.8,-0.15,0.000,0.000,-0.05,0,26,0,211.0,328.6,314.6,53.6,0.00,0,-9.0,16.8
82.70,touchdown,95.54,256.31,0.000,1,1894.5,363.2,-2.0,2.1,-0.53,-1.71,67,61,-1,2.1,5.8,-44.8,-18.7,-0.47,-1.00,1.00,0.00,0.00,0.00,0.25,-1.71,92,-1,1,-18,8.9,-0.18,0.000,0.000,-0.17,0,26,0,208.2,321.2,303.7,58.3,0.00,0,-8.6,17.0
82.90,touchdown,95.47,256.38,0.000,1,1894.4,362.8,-1.9,2.5,-0.63,-1.81,72,61,-1,1.4,6.6,-46.9,-24.5,-0.56,-1.00,1.00,0.00,0.00,0.00,0.03,-1.86,92,-1,1,-22,7.9,-0.23,0.000,0.000,-0.33,0,26,0,208.2,321.2,303.7,58.3,0.00,0,-10.7,18.6
83.10,touchdown,95.34,256.52,0.000,1,1894.3,362.5,-1.8,2.8,-0.03,-1.40,78,64,-1,1.5,6.0,-50.8,-31.6,-0.68,-1.00,1.00,0.00,0.00,0.00,0.09,-1.53,92,-1,1,-29,-1.6,-0.20,0.000,0.000,-0.36,0,26,0,204.7,313.8,293.8,64.6,0.00,0,-19.2,29.0
83.30,touchdown,95.04,256.82,0.000,1,1894.3,362.2,-1.8,3.1,0.26,-1.80,86,64,-1,1.9,6.6,-56.8,-39.0,-0.68,-1.00,1.00,0.00,0.00,0.00,0.29,-1.61,92,-1,1,-36,-9.8,-0.11,0.000,0.000,-0.75,0,26,0,204.7,313.8,293.8,64.6,0.00,0,-17.8,31.5
83.30,end:ok:control [yawkp 0.005 yawkd 0.012 yawmax 0.6 lean 70 body 30 braketurn 0.55 side 0],0,0,0,0,0,0,0,0,0,0,0,0,0,0,0,0,0,0,0,0,0,0,0,0,0,0,0,0,0,0,0,0,0,0,0,0,0,0,0,0,0,0,0,0,0
