t,phase,height,err,pwr,gps,x,z,ex,ez,vxw,vzw,hdg,rawhdg,mothdg,tp,tr,p,r,vx,vy,sched,fwdRaw,latRaw,vrtRaw,fwdH,latH,energy,fuel,sat,yerr,yrate,ydem,athr,amax,vv,dockc,npers,chg,nav1,nav3,nav2,trihdg,trires,aimq,wx,wz
0.00,climb,96.50,253.50,1.000,1,1892.5,365.5,-688.0,1630.0,0.00,0.00,180,180,-1,0.0,0.0,-0.0,-0.0,-0.00,-0.00,0.00,0.00,0.00,0.00,0.00,0.00,-1,-1,1,-2,-0.0,-0.03,1.000,1.000,0.00,0,0,0,90.0,0.0,180.0,180.0,0.00,0,-0.0,-0.0
0.10,climb,96.50,253.50,1.000,1,1892.5,365.5,-688.0,1630.0,0.00,0.00,180,180,-1,0.0,0.0,-0.0,-0.0,-0.00,-0.00,0.00,0.00,0.00,0.00,0.00,0.00,-1,-1,1,-5,0.0,-0.09,1.000,1.000,0.00,0,0,0,90.0,0.0,180.0,180.0,0.00,0,0.0,-0.0
0.20,climb,96.50,253.50,1.000,1,1892.5,365.5,-688.0,1630.0,0.00,0.00,180,180,-1,0.0,0.0,-0.0,-0.0,-0.00,-0.00,0.00,0.00,0.00,0.00,0.00,0.00,-1,-1,1,-7,0.0,-0.15,1.000,1.000,0.00,0,0,0,90.0,0.0,180.0,180.0,0.00,0,-0.0,0.0
0.30,climb,96.50,253.50,1.000,1,1892.5,365.5,-688.0,1630.0,0.00,0.00,180,180,-1,0.0,0.0,-0.0,-0.0,-0.00,-0.00,0.00,0.00,0.00,0.00,0.00,0.00,-1,-1,1,-11,-0.0,-0.21,1.000,1.000,0.00,0,0,0,90.0,0.0,180.0,180.0,0.00,0,-0.0,0.0
0.40,climb,96.50,253.50,1.000,1,1892.5,365.5,-688.0,1630.0,0.00,0.00,180,180,-1,0.0,0.0,-0.0,-0.0,-0.00,-0.00,0.00,0.00,0.00,0.00,0.00,0.00,-1,-1,1,-14,-0.0,-0.27,1.000,1.000,0.00,0,0,0,90.0,0.0,180.0,180.0,0.00,0,-0.0,0.0
0.50,climb,96.75,253.25,1.000,1,1892.5,365.5,-688.0,1630.0,0.00,-0.00,180,180,-1,0.0,0.0,-0.0,-0.0,-0.00,-0.00,0.00,0.00,0.00,0.00,-0.00,-0.00,-1,-1,1,-17,-1.3,-0.30,1.000,1.000,0.70,0,0,0,90.0,0.0,180.0,180.0,0.00,0,-0.2,0.0
0.60,climb,96.96,253.04,1.000,1,1892.5,365.5,-688.0,1630.0,0.00,0.00,180,180,-1,0.0,0.0,-0.1,-0.0,-0.00,-0.01,0.00,0.00,0.00,0.00,0.00,0.00,-1,-1,1,-20,-4.6,-0.30,1.000,1.000,2.75,0,0,0,90.0,0.0,180.0,180.0,0.00,0,-0.5,0.1
0.70,climb,97.60,252.40,1.000,1,1892.5,365.5,-688.0,1630.0,0.00,0.02,180,180,-1,0.0,0.0,-0.2,-0.0,-0.00,-0.02,0.00,0.00,0.00,0.00,0.00,0.00,-1,-1,1,-22,-20.0,-0.23,1.000,1.000,5.65,0,0,0,90.0,0.0,180.0,180.0,0.00,0,-1.4,0.3
0.80,climb,98.57,251.43,1.000,1,1892.5,365.5,-688.0,1630.0,0.00,0.02,179,176,-1,0.0,0.0,-0.3,-0.1,-0.00,-0.02,0.00,0.00,0.00,0.00,0.02,0.00,100,-1,1,-25,-20.0,-0.10,1.000,1.000,8.84,0,26,0,94.3,4.4,179.7,175.7,0.00,0,-1.4,0.3
0.90,climb,99.84,250.16,1.000,1,1892.5,365.5,-688.0,1630.0,0.00,0.08,179,176,-1,0.0,0.0,-0.4,-0.1,-0.00,-0.02,0.00,0.00,0.00,0.00,0.08,0.00,100,-1,1,-27,-29.8,0.05,1.000,1.000,11.99,0,26,0,94.3,4.4,179.7,175.7,0.00,0,-1.1,0.5
1.00,climb,102.34,247.66,1.000,1,1892.5,365.6,-688.0,1630.0,0.09,0.25,178,176,-1,0.0,0.0,-0.5,-0.1,-0.00,-0.01,0.00,0.00,0.00,0.00,0.16,0.00,100,-1,1,-30,-42.9,0.16,1.000,1.000,15.11,0,26,0,94.3,4.4,179.7,175.7,0.00,0,0.6,-0.2
1.10,climb,103.33,246.67,1.000,1,1892.5,365.6,-688.0,1629.9,0.13,0.32,178,176,-1,0.0,0.0,-0.4,-0.0,0.01,0.01,0.00,0.00,0.00,0.00,0.26,-0.08,100,-1,1,-32,-43.4,0.21,1.000,1.000,18.20,0,26,0,94.3,4.4,179.7,175.7,0.00,0,1.6,-0.5
1.20,climb,105.53,244.47,1.000,1,1892.5,365.6,-688.0,1629.9,0.18,0.37,175,160,-1,0.0,0.0,-0.2,0.1,0.01,0.02,0.00,0.00,0.00,0.00,0.33,-0.11,100,-1,1,-33,-39.4,0.21,1.000,1.000,21.26,0,26,0,110.1,0.6,179.8,159.9,0.00,0,2.1,-0.7
1.30,climb,108.03,241.97,1.000,1,1892.6,365.7,-688.0,1629.9,0.18,0.40,173,160,-1,0.0,0.0,0.0,0.1,0.01,0.03,0.00,0.00,0.00,0.00,0.39,-0.13,100,-1,1,-33,-33.0,0.12,1.000,1.000,24.29,0,26,0,110.1,0.6,179.8,159.9,0.00,0,2.2,-0.8
1.40,climb,110.83,239.17,1.000,1,1892.6,365.7,-688.1,1629.8,0.13,0.38,171,160,-1,0.0,0.0,0.2,0.2,0.01,0.04,0.00,0.00,0.00,0.00,0.42,-0.11,100,-1,1,-35,-25.5,-0.03,1.000,1.000,27.29,0,26,0,110.1,0.6,179.8,159.9,0.00,0,1.9,-0.7
1.50,climb,115.59,234.41,1.000,1,1892.6,365.7,-688.1,1629.8,0.13,0.38,169,160,-1,0.0,0.0,0.4,0.2,0.01,0.03,0.00,0.00,0.00,0.00,0.40,-0.06,100,-1,1,-36,-25.5,-0.21,1.000,1.000,30.26,0,26,0,110.1,0.6,179.8,159.9,0.00,0,1.9,-0.7
1.60,climb,117.33,232.67,1.000,1,1892.6,365.8,-688.1,1629.8,0.00,0.27,166,149,-1,0.0,0.0,0.5,0.2,-0.00,0.01,0.00,0.00,0.00,0.00,0.35,-0.00,100,-1,1,-36,-16.4,-0.33,1.000,1.000,33.20,0,26,0,121.2,359.4,180.3,148.8,0.00,0,-0.8,0.7
1.70,climb,121.01,228.99,1.000,1,1892.6,365.8,-688.1,1629.7,-0.09,0.21,164,149,-1,0.0,0.0,0.3,0.1,-0.01,-0.02,0.00,0.00,0.00,0.00,0.26,0.08,100,-1,1,-36,-18.3,-0.40,1.000,1.000,36.11,0,26,0,121.2,359.4,180.3,148.8,0.00,0,-2.6,1.1
1.80,climb,124.98,225.02,1.000,1,1892.6,365.8,-688.1,1629.7,-0.09,0.21,161,149,-1,0.0,0.0,0.0,-0.0,-0.02,-0.04,0.00,0.00,0.00,0.00,0.17,0.15,100,-1,1,-37,-18.3,-0.37,1.000,1.000,38.98,0,26,0,121.2,359.4,180.3,148.8,0.00,0,-2.6,1.1
1.90,climb,129.24,220.76,1.000,1,1892.6,365.8,-688.1,1629.7,-0.09,0.18,159,149,-1,0.0,0.0,-0.4,-0.2,-0.02,-0.07,0.00,0.00,0.00,0.00,0.13,0.14,100,-1,1,-38,-34.2,-0.26,1.000,1.000,41.83,0,26,0,121.2,359.4,180.3,148.8,0.00,0,-4.7,1.8
2.00,climb,136.15,213.85,1.000,1,1892.6,365.8,-688.1,1629.7,-0.09,0.18,156,139,-1,0.0,0.0,-0.9,-0.3,-0.02,-0.08,0.00,0.00,0.00,0.00,0.13,0.15,100,-1,1,-38,-34.2,-0.07,1.000,1.000,44.64,0,26,0,131.2,0.7,179.4,138.8,0.00,0,-4.7,1.8
2.10,climb,138.59,211.41,0.865,1,1892.6,365.9,-688.1,1629.6,0.00,0.25,154,139,-1,0.0,0.0,-1.3,-0.4,-0.02,-0.07,0.00,0.00,0.00,0.00,0.23,0.11,100,-1,0,-38,-44.3,0.12,0.865,0.901,47.42,0,26,0,131.2,0.7,179.4,138.8,0.00,0,-4.0,1.9
2.20,climb,143.67,206.33,0.707,1,1892.6,365.9,-688.1,1629.6,0.44,0.43,151,139,-1,0.0,0.0,-1.4,-0.4,-0.00,-0.04,0.00,0.00,0.00,0.00,0.40,-0.03,100,-1,0,-39,-56.7,0.27,0.710,0.726,50.17,0,26,0,131.2,0.7,179.4,138.8,0.00,0,1.3,0.2
2.30,climb,148.98,201.02,0.555,1,1892.6,365.9,-688.1,1629.6,0.44,0.43,149,139,-1,0.0,0.0,-1.2,-0.2,0.02,0.02,0.00,0.00,0.00,0.00,0.59,-0.16,100,-1,0,-40,-56.7,0.33,0.559,0.573,52.62,0,26,0,131.2,0.7,179.4,138.8,0.00,0,1.3,0.2
2.40,climb,154.44,195.56,0.434,1,1892.7,366.0,-688.2,1629.5,0.66,0.48,145,118,-1,0.0,0.0,-0.8,-0.0,0.03,0.06,0.00,0.00,0.00,0.00,0.78,-0.26,100,-1,0,-38,-55.0,0.34,0.437,0.475,54.33,0,26,0,152.3,0.4,179.3,117.7,0.00,0,4.4,-1.0
2.50,climb,162.78,187.22,0.321,1,1892.7,366.0,-688.2,1629.5,0.75,0.52,141,118,-1,0.0,0.0,-0.1,0.2,0.03,0.09,0.00,0.00,0.00,0.00,0.87,-0.25,100,-1,0,-37,-49.9,0.26,0.322,0.372,55.36,0,26,0,152.3,0.4,179.3,117.7,0.00,0,5.9,-1.7
2.60,climb,165.57,184.43,0.275,1,1892.8,366.1,-688.3,1629.4,0.79,0.53,137,118,-1,0.0,0.0,0.4,0.3,0.02,0.09,0.00,0.00,0.00,0.00,0.92,-0.22,100,-1,0,-37,-43.4,0.14,0.276,0.318,55.80,0,26,0,152.3,0.4,179.3,117.7,0.00,0,5.9,-1.4
2.70,climb,171.13,178.87,0.234,1,1893.0,366.2,-688.4,1629.4,0.66,0.53,134,118,-1,0.0,0.0,0.8,0.3,0.01,0.07,0.00,0.00,0.00,0.00,0.87,-0.11,100,-1,0,-37,-31.9,0.01,0.234,0.263,55.71,0,26,0,152.3,0.4,179.3,117.7,0.00,0,2.2,-0.5
2.80,climb,176.64,173.36,0.211,1,1893.0,366.2,-688.5,1629.3,0.57,0.51,129,102,-1,0.0,0.0,1.0,0.3,0.00,0.04,0.00,0.00,0.00,0.00,0.84,-0.01,100,-1,0,-35,-28.1,-0.06,0.211,0.226,55.24,0,26,0,168.0,0.1,179.5,102.0,0.00,0,0.5,-0.2
2.90,climb,182.07,167.93,0.199,1,1893.0,366.2,-688.5,1629.3,0.57,0.51,125,102,-1,0.0,0.0,1.0,0.3,-0.00,0.02,0.00,0.00,0.00,0.00,0.76,0.09,100,-1,0,-33,-28.1,-0.11,0.199,0.206,54.54,0,26,0,168.0,0.1,179.5,102.0,0.00,0,0.5,-0.2
3.00,climb,190.06,159.94,0.172,1,1893.1,366.3,-688.6,1629.2,0.53,0.51,121,102,-1,0.0,0.0,0.9,0.2,-0.00,-0.01,0.00,0.00,0.00,0.00,0.71,0.16,100,-1,0,-33,-25.5,-0.15,0.172,0.177,53.71,0,26,0,168.0,0.1,179.5,102.0,0.00,0,-0.8,-0.0
3.10,climb,192.68,157.32,0.191,1,1893.2,366.4,-688.6,1629.2,0.40,0.48,118,102,-1,0.0,0.0,0.6,0.2,-0.01,-0.04,0.00,0.00,0.00,0.00,0.62,0.22,100,-1,0,-33,-22.2,-0.19,0.192,0.209,52.80,0,26,0,168.0,0.1,179.5,102.0,0.00,0,-3.7,0.3
3.20,climb,197.84,152.16,0.193,1,1893.2,366.4,-688.7,1629.1,0.40,0.48,114,92,-1,0.0,0.0,0.3,0.1,-0.01,-0.05,0.00,0.00,0.00,0.00,0.56,0.28,100,-1,0,-32,-22.2,-0.19,0.193,0.217,51.84,0,26,0,177.7,0.1,176.8,92.3,0.00,0,-3.7,0.3
3.30,climb,202.90,147.10,0.196,1,1893.2,366.5,-688.7,1629.1,0.35,0.46,111,92,-1,0.0,0.0,-0.1,0.1,-0.01,-0.05,0.00,0.00,0.00,0.00,0.50,0.33,100,-1,0,-31,-21.0,-0.20,0.196,0.218,50.86,0,26,0,177.7,0.1,176.8,92.3,0.00,0,-2.3,0.4
3.40,climb,207.88,142.12,0.194,1,1893.3,366.5,-688.7,1629.0,0.35,0.45,108,92,-1,0.0,0.0,-0.3,0.1,-0.00,-0.03,0.00,0.00,0.00,0.00,0.48,0.33,100,-1,0,-31,-20.9,-0.21,0.194,0.209,49.98,0,26,0,177.7,0.1,176.8,92.3,0.00,0,-0.9,0.4
3.50,climb,215.18,134.82,0.170,1,1893.3,366.5,-688.8,1629.0,0.35,0.45,105,92,-1,0.0,0.0,-0.3,0.0,-0.00,-0.01,0.00,0.00,0.00,0.00,0.46,0.34,100,-1,0,-32,-20.9,-0.22,0.170,0.177,49.11,0,26,0,177.7,0.1,176.8,92.3,0.00,0,-0.9,0.4
3.60,climb,217.57,132.43,0.188,1,1893.3,366.6,-688.8,1628.9,0.40,0.42,102,84,-1,0.0,0.0,-0.2,0.0,-0.00,0.01,0.00,0.00,0.00,0.00,0.44,0.36,100,-1,0,-32,-21.0,-0.21,0.188,0.194,48.25,0,26,0,186.1,360.0,359.9,83.9,0.00,0,1.5,0.2
3.70,climb,222.28,127.72,0.187,1,1893.4,366.7,-688.8,1628.9,0.44,0.42,99,84,-1,0.0,0.0,-0.1,0.0,-0.00,0.02,0.00,0.00,0.00,0.00,0.46,0.35,100,-1,0,-31,-21.0,-0.21,0.188,0.198,47.34,0,26,0,186.1,360.0,359.9,83.9,0.00,0,1.6,0.2
3.80,climb,226.90,123.10,0.192,1,1893.4,366.7,-688.9,1628.8,0.44,0.42,97,84,-1,0.0,0.0,0.1,-0.0,-0.00,0.02,0.00,0.00,0.00,0.00,0.49,0.36,100,-1,0,-29,-21.0,-0.16,0.192,0.203,46.36,0,26,0,186.1,360.0,359.9,83.9,0.00,0,1.6,0.2
3.90,climb,231.41,118.59,0.196,1,1893.4,366.7,-688.9,1628.8,0.35,0.40,95,84,-1,0.0,0.0,0.3,-0.0,-0.00,0.03,0.00,0.00,0.00,0.00,0.38,0.36,100,-1,0,-27,-20.9,-0.12,0.196,0.208,45.38,0,26,0,186.1,360.0,359.9,83.9,0.00,0,1.6,0.1
4.00,climb,238.02,111.98,0.175,1,1893.5,366.8,-689.0,1628.8,0.35,0.40,92,75,-1,0.0,0.0,0.3,-0.1,-0.01,0.02,0.00,0.00,0.00,0.00,0.36,0.38,100,-1,0,-24,-21.2,-0.06,0.175,0.184,44.47,0,26,0,194.5,0.0,0.1,75.5,0.00,0,-0.2,0.3
4.10,climb,240.18,109.82,0.192,1,1893.5,366.8,-689.0,1628.7,0.35,0.40,89,75,-1,0.0,0.0,0.3,-0.1,-0.01,-0.01,0.00,0.00,0.00,0.00,0.35,0.40,100,-1,0,-21,-21.1,-0.00,0.192,0.197,43.66,0,26,0,194.5,0.0,0.1,75.5,0.00,0,-1.1,0.4
4.20,climb,244.44,105.56,0.190,1,1893.5,366.8,-689.0,1628.7,0.35,0.40,87,75,-1,0.0,0.0,0.2,-0.2,-0.01,-0.02,0.00,0.00,0.00,0.00,0.33,0.41,100,-1,0,-19,-21.1,0.04,0.190,0.201,42.81,0,26,0,194.5,0.0,0.1,75.5,0.00,0,-1.1,0.4
4.30,climb,248.61,101.39,0.193,1,1893.6,366.9,-689.1,1628.7,0.35,0.37,85,75,-1,0.0,0.0,0.0,-0.2,-0.01,-0.02,0.00,0.00,0.00,0.00,0.32,0.40,100,-1,0,-17,-20.2,0.07,0.193,0.205,41.87,0,26,0,194.5,0.0,0.1,75.5,0.00,0,-1.3,0.3
4.40,climb,252.68,97.32,0.194,1,1893.6,366.9,-689.1,1628.6,0.26,0.35,83,67,-1,0.0,0.0,-0.1,-0.2,-0.00,-0.02,0.00,0.00,0.00,0.00,0.30,0.42,100,-1,0,-15,-19.4,0.11,0.194,0.204,40.97,0,26,0,202.8,359.7,359.4,67.2,0.00,0,-0.8,-0.3
4.50,climb,258.64,91.36,0.171,1,1893.6,367.0,-689.1,1628.6,0.26,0.35,80,67,-1,0.0,0.0,-0.2,-0.2,0.01,-0.01,0.00,0.00,0.00,0.00,0.20,0.39,100,-1,0,-12,-18.5,0.14,0.171,0.179,40.12,0,26,0,202.8,359.7,359.4,67.2,0.00,0,-0.1,-0.6
4.60,climb,260.59,89.41,0.188,1,1893.6,367.0,-689.1,1628.5,0.26,0.35,78,67,-1,0.0,0.0,-0.2,-0.1,0.01,0.00,0.00,0.00,0.00,0.00,0.19,0.40,100,-1,0,-10,-18.5,0.16,0.188,0.192,39.32,0,26,0,202.8,359.7,359.4,67.2,0.00,0,-0.1,-0.6
4.70,climb,264.41,85.59,0.185,1,1893.7,367.0,-689.2,1628.5,0.26,0.33,76,67,-1,0.0,0.0,-0.1,-0.1,0.01,0.01,0.00,0.00,0.00,0.00,0.18,0.38,100,-1,0,-9,-17.2,0.17,0.185,0.192,38.51,0,26,0,202.8,359.7,359.4,67.2,0.00,0,0.7,-0.6
4.80,climb,268.15,81.85,0.186,1,1893.7,367.1,-689.2,1628.5,0.26,0.31,74,60,-1,0.0,0.0,-0.0,0.0,0.01,0.01,0.00,0.00,0.00,0.00,0.16,0.39,100,-1,0,-6,-14.2,0.19,0.186,0.193,37.61,0,26,0,209.8,360.0,360.0,60.2,0.00,0,0.7,-0.5
4.90,climb,271.80,78.20,0.186,1,1893.8,367.1,-689.2,1628.4,0.26,0.31,72,60,-1,0.0,0.0,0.0,0.1,0.01,0.01,0.00,0.00,0.00,0.00,0.15,0.37,100,-1,0,-4,-12.6,0.20,0.187,0.194,36.73,0,26,0,209.8,360.0,360.0,60.2,0.00,0,0.7,-0.5
5.00,climb,275.36,74.64,0.186,1,1893.8,367.1,-689.3,1628.4,0.26,0.31,70,60,-1,0.0,0.0,0.1,0.1,0.01,0.01,0.00,0.00,0.00,0.00,0.14,0.38,100,-1,0,-2,-12.6,0.21,0.187,0.195,35.86,0,26,0,209.8,360.0,360.0,60.2,0.00,0,0.7,-0.5
5.10,climb,278.84,71.16,0.186,1,1893.8,367.1,-689.3,1628.4,0.26,0.31,69,60,-1,0.0,0.0,0.2,0.2,0.01,0.01,0.00,0.00,0.00,0.00,0.13,0.38,100,-1,0,-1,-11.1,0.21,0.187,0.195,34.99,0,26,0,209.8,360.0,360.0,60.2,0.00,0,0.6,-0.5
5.20,climb,282.23,67.77,0.186,1,1893.8,367.2,-689.3,1628.4,0.26,0.31,67,56,-1,0.0,0.0,0.2,0.2,0.01,0.01,0.00,0.00,0.00,0.00,0.12,0.39,100,-1,0,1,-8.0,0.22,0.187,0.194,34.14,0,26,0,214.4,0.4,0.5,55.6,0.00,0,0.5,-0.5
5.30,climb,285.54,64.46,0.185,1,1893.9,367.2,-689.3,1628.3,0.26,0.31,65,56,-1,0.0,0.0,0.3,0.2,0.01,0.01,0.00,0.00,0.00,0.00,0.11,0.39,100,-1,0,3,-6.4,0.22,0.186,0.193,33.29,0,26,0,214.4,0.4,0.5,55.6,0.00,0,0.4,-0.4
5.40,climb,288.76,61.24,0.149,1,1893.9,367.2,-689.4,1628.3,0.26,0.31,64,56,-1,0.0,0.0,0.3,0.3,0.01,0.01,0.00,0.00,0.00,0.00,0.10,0.39,100,-1,0,4,-5.1,0.22,0.149,0.156,32.45,0,26,0,214.4,0.4,0.5,55.6,0.00,0,0.3,-0.4
5.50,climb,291.91,58.09,0.107,1,1893.9,367.2,-689.4,1628.3,0.26,0.31,62,56,-1,0.0,0.0,0.3,0.3,0.01,0.01,0.00,0.00,0.00,0.00,0.09,0.39,100,-1,0,6,-5.1,0.21,0.107,0.114,31.62,0,26,0,214.4,0.4,0.5,55.6,0.00,0,0.3,-0.4
5.60,climb,294.96,55.04,0.065,1,1893.9,367.3,-689.4,1628.2,0.26,0.31,61,53,-1,0.0,0.0,0.4,0.3,0.01,0.01,0.00,0.00,0.00,0.00,0.08,0.40,100,-1,0,7,-2.7,0.21,0.065,0.072,30.80,0,26,0,216.6,0.6,0.8,53.4,0.00,0,0.2,-0.4
5.70,climb,297.92,52.08,0.029,1,1893.9,367.3,-689.4,1628.2,0.26,0.31,60,53,-1,0.0,0.0,0.4,0.4,0.01,0.01,0.00,0.00,0.00,0.00,0.07,0.40,100,-1,0,8,-2.7,0.22,0.029,0.034,29.88,0,26,0,216.6,0.6,0.8,53.4,0.00,0,0.2,-0.4
5.80,climb,300.76,49.24,0.010,1,1894.0,367.3,-689.5,1628.2,0.26,0.31,59,53,-1,0.0,0.0,0.4,0.4,0.01,0.00,0.00,0.00,0.00,0.00,0.07,0.40,100,-1,0,9,-2.2,0.23,0.010,0.014,28.68,0,26,0,216.6,0.6,0.8,53.4,0.00,0,-0.1,-0.1
5.90,climb,303.48,46.52,0.000,1,1894.0,367.4,-689.5,1628.1,0.26,0.29,58,53,-1,0.0,0.0,0.4,0.4,0.01,0.00,0.00,0.00,0.00,0.00,0.06,0.40,100,-1,1,10,-1.2,0.23,0.000,0.000,27.54,0,26,0,216.6,0.6,0.8,53.4,0.00,0,-0.1,-0.2
6.00,climb,306.09,43.91,0.000,1,1894.0,367.4,-689.5,1628.1,0.26,0.29,57,53,-1,0.0,0.0,0.4,0.4,0.01,0.00,0.00,0.00,0.00,0.00,0.07,0.38,100,-1,1,11,-0.3,0.24,0.000,0.000,26.39,0,26,0,217.3,0.7,0.9,52.7,0.00,0,-0.1,-0.0
6.10,climb,308.58,41.42,0.000,1,1894.1,367.4,-689.5,1628.1,0.26,0.29,57,53,-1,0.0,0.0,0.4,0.4,0.00,-0.00,0.00,0.00,0.00,0.00,0.06,0.38,100,-1,1,11,-0.6,0.23,0.000,0.000,25.20,0,26,0,217.3,0.7,0.9,52.7,0.00,0,-0.3,0.1
6.20,climb,310.95,39.05,0.000,1,1894.1,367.5,-689.6,1628.1,0.22,0.29,56,53,-1,0.0,0.0,0.3,0.4,0.00,-0.00,0.00,0.00,0.00,0.00,0.06,0.38,100,-1,1,12,-0.5,0.25,0.000,0.000,23.96,0,26,0,217.3,0.7,0.9,52.7,0.00,0,-0.4,0.1
6.30,climb,313.18,36.82,0.000,1,1894.1,367.5,-689.6,1628.0,0.22,0.29,55,53,-1,0.0,0.0,0.3,0.4,0.00,-0.00,0.00,0.00,0.00,0.00,0.02,0.36,100,-1,1,12,-0.5,0.26,0.000,0.000,22.68,0,26,0,217.3,0.7,0.9,52.7,0.00,0,-0.4,0.1
6.40,climb,315.29,34.71,0.003,1,1894.1,367.5,-689.6,1628.0,0.18,0.29,55,52,-1,0.0,0.0,0.2,0.4,0.00,-0.01,0.00,0.00,0.00,0.00,-0.02,0.33,100,-1,0,13,-0.6,0.27,0.003,0.006,21.38,0,26,0,217.6,0.5,0.7,52.4,0.00,0,-0.6,0.2
6.50,climb,317.27,32.73,0.019,1,1894.1,367.5,-689.6,1628.0,0.18,0.29,55,52,-1,0.0,0.0,0.2,0.4,0.00,-0.01,0.00,0.00,0.00,0.00,-0.02,0.33,100,-1,0,13,-0.6,0.28,0.019,0.022,20.09,0,26,0,217.6,0.5,0.7,52.4,0.00,0,-0.6,0.2
6.60,climb,319.11,30.89,0.030,1,1894.2,367.6,-689.6,1627.9,0.18,0.29,54,52,-1,0.0,0.0,0.1,0.3,0.00,-0.01,0.00,0.00,0.00,0.00,-0.02,0.33,100,-1,0,14,-0.6,0.28,0.030,0.033,18.81,0,26,0,217.6,0.5,0.7,52.4,0.00,0,-0.6,0.2
6.70,climb,320.84,29.16,0.044,1,1894.2,367.6,-689.7,1627.9,0.18,0.27,54,52,-1,0.0,0.0,0.1,0.3,0.00,-0.01,0.00,0.00,0.00,0.00,-0.03,0.33,100,-1,0,14,-0.1,0.29,0.044,0.047,17.54,0,26,0,217.6,0.5,0.7,52.4,0.00,0,-0.1,0.0
6.80,climb,322.44,27.56,0.062,1,1894.2,367.6,-689.7,1627.9,0.18,0.26,54,52,-1,0.0,0.0,-0.0,0.3,0.00,-0.01,0.00,0.00,0.00,0.00,-0.02,0.33,100,-1,0,14,-0.5,0.29,0.062,0.065,16.29,0,26,0,217.8,0.3,0.4,52.2,0.00,0,-0.5,0.2
6.90,climb,323.91,26.09,0.083,1,1894.2,367.7,-689.7,1627.9,0.18,0.26,54,52,-1,0.0,0.0,-0.1,0.3,0.00,-0.01,0.00,0.00,0.00,0.00,-0.02,0.32,100,-1,0,14,-0.5,0.30,0.083,0.087,15.05,0,26,0,217.8,0.3,0.4,52.2,0.00,0,-0.5,0.2
7.00,climb,325.26,24.74,0.108,1,1894.2,367.7,-689.7,1627.8,0.18,0.26,53,52,-1,0.0,0.0,-0.1,0.3,0.00,-0.01,0.00,0.00,0.00,0.00,-0.02,0.32,100,-1,0,15,-0.5,0.30,0.108,0.112,13.82,0,26,0,217.8,0.3,0.4,52.2,0.00,0,-0.5,0.2
7.10,climb,326.49,23.51,0.136,1,1894.3,367.7,-689.7,1627.8,0.18,0.26,53,52,-1,0.0,0.0,-0.2,0.3,0.00,-0.01,0.00,0.00,0.00,0.00,-0.02,0.32,100,-1,0,15,-0.7,0.30,0.137,0.141,12.60,0,26,0,217.8,0.3,0.4,52.2,0.00,0,-0.9,0.3
7.20,climb,327.61,22.39,0.166,1,1894.3,367.7,-689.8,1627.8,0.18,0.26,53,52,-1,0.0,0.0,-0.2,0.2,0.00,-0.01,0.00,0.00,0.00,0.00,-0.02,0.32,100,-1,0,15,-0.7,0.31,0.167,0.171,11.43,0,26,0,217.9,0.1,0.1,52.1,0.00,0,-0.9,0.3
7.30,climb,328.62,21.38,0.195,1,1894.3,367.8,-689.8,1627.8,0.18,0.26,53,52,-1,0.0,0.0,-0.2,0.2,-0.00,-0.01,0.00,0.00,0.00,0.00,-0.02,0.32,100,-1,0,15,1.1,0.30,0.196,0.200,10.36,0,26,0,217.9,0.1,0.1,52.1,0.00,0,-0.2,0.6
7.40,climb,329.55,20.45,0.219,1,1894.3,367.8,-689.8,1627.7,0.18,0.26,53,52,-1,0.0,0.0,-0.2,0.1,-0.01,-0.00,0.00,0.00,0.00,0.00,-0.02,0.32,100,-1,0,15,2.3,0.28,0.220,0.224,9.45,0,26,0,217.9,0.1,0.1,52.1,0.00,0,0.2,0.4
7.50,climb,330.40,19.60,0.237,1,1894.3,367.8,-689.8,1627.7,0.18,0.26,53,52,-1,0.0,0.0,-0.2,0.1,-0.00,0.00,0.00,0.00,0.00,0.00,-0.02,0.32,100,-1,0,15,2.3,0.26,0.237,0.241,8.71,0,26,0,217.9,0.1,0.1,52.1,0.00,0,0.2,0.4
7.60,climb,331.22,18.78,0.243,1,1894.4,367.8,-689.8,1627.7,0.26,0.22,53,53,-1,0.0,0.0,-0.1,0.1,-0.00,0.01,0.00,0.00,0.00,0.00,0.06,0.35,100,-1,0,15,7.4,0.21,0.244,0.250,8.22,0,26,0,216.9,360.0,360.0,53.1,0.00,0,1.1,0.2
7.70,cruise,332.00,18.00,0.291,1,1894.4,367.9,-689.9,1627.7,0.26,0.22,53,53,-1,4.0,4.0,0.0,0.0,-0.06,-0.03,0.00,0.00,0.00,0.00,0.08,0.33,100,-1,0,15,9.8,0.15,0.291,0.317,7.92,0,26,0,216.9,360.0,360.0,53.1,0.00,0,1.2,0.2
7.80,cruise,332.76,17.24,0.289,1,1894.4,367.9,-689.9,1627.6,0.26,0.21,53,53,-1,8.0,8.0,0.1,0.0,-0.11,-0.08,0.00,0.00,0.00,0.00,0.08,0.33,100,-1,0,13,12.0,0.06,0.289,0.346,7.62,0,26,0,215.1,0.1,0.2,54.9,0.00,1,1.6,-0.1
7.90,cruise,333.50,16.50,0.282,1,1894.4,367.9,-689.9,1627.6,0.26,0.19,53,53,-1,12.0,12.0,0.3,0.1,-0.16,-0.13,0.00,0.00,0.00,0.00,0.08,0.33,100,-1,0,12,14.2,-0.01,0.282,0.364,7.41,0,26,0,213.9,0.3,0.4,56.1,0.00,1,2.7,-1.2
8.00,cruise,334.23,15.77,0.268,1,1894.5,367.9,-689.9,1627.6,0.26,0.14,54,58,-1,16.0,16.0,0.6,0.2,-0.19,-0.15,0.00,0.00,0.00,0.00,0.10,0.31,100,-1,0,10,16.0,-0.08,0.268,0.360,7.36,0,26,0,212.4,0.6,1.0,57.6,0.00,1,4.7,-3.0
8.10,cruise,334.96,15.04,0.250,1,1894.5,367.9,-690.0,1627.6,0.26,0.09,54,58,-1,20.0,20.0,1.1,0.6,-0.19,-0.16,0.00,0.00,0.00,0.00,0.13,0.27,100,-1,0,9,17.0,-0.15,0.250,0.343,7.36,0,26,0,210.8,1.3,2.2,59.2,0.00,1,7.0,-5.7
8.20,cruise,335.67,14.33,0.235,1,1894.5,367.9,-690.0,1627.6,0.26,0.09,55,58,-1,24.0,23.8,1.9,1.3,-0.16,-0.15,0.00,0.00,0.00,0.00,0.16,0.22,100,-1,0,7,17.0,-0.20,0.235,0.316,7.30,0,26,0,209.0,2.3,4.2,61.0,0.00,1,7.0,-5.7
8.30,cruise,336.36,13.64,0.226,1,1894.5,367.9,-690.0,1627.6,0.26,0.03,55,58,-1,28.0,25.2,2.9,2.4,-0.07,-0.12,0.00,0.00,0.00,0.00,0.20,0.18,100,-1,0,5,17.3,-0.24,0.227,0.280,7.13,0,26,0,207.3,3.9,7.5,62.7,0.00,1,9.8,-9.1
8.40,cruise,337.01,12.99,0.222,1,1894.6,367.9,-690.0,1627.6,0.26,-0.04,57,64,-1,29.5,26.5,4.1,3.8,-0.00,-0.08,0.00,0.00,0.00,0.00,0.23,0.13,100,-1,0,3,16.1,-0.27,0.223,0.243,6.89,0,26,0,205.6,5.7,11.9,64.5,0.00,1,15.2,-14.7
8.50,cruise,337.62,12.38,0.221,1,1894.6,367.9,-690.1,1627.6,0.26,-0.04,58,64,-1,29.5,27.7,5.6,5.4,0.06,-0.01,0.00,0.00,0.00,0.00,0.25,0.10,100,-1,0,2,16.1,-0.29,0.222,0.242,6.60,0,26,0,203.9,7.9,17.4,66.2,0.00,1,15.2,-14.7
8.60,cruise,338.20,11.80,0.222,1,1894.6,367.9,-690.1,1627.6,0.26,-0.01,59,64,-1,29.4,28.9,7.2,7.3,0.10,0.04,0.01,0.00,0.00,0.00,0.23,0.13,100,-1,0,0,15.1,-0.30,0.223,0.261,6.31,0,26,0,202.3,10.2,23.6,67.9,0.00,1,17.1,-16.4
8.70,cruise,338.75,11.25,0.224,1,1894.6,367.9,-690.1,1627.6,0.26,0.07,60,64,-1,29.3,29.9,8.9,9.2,0.11,0.07,0.09,0.00,0.00,0.00,0.20,0.19,100,-1,0,-2,13.8,-0.31,0.225,0.273,6.03,0,26,0,200.7,12.4,30.2,69.5,0.00,1,18.3,-16.7
8.80,cruise,339.26,10.74,0.250,1,1894.7,368.0,-690.1,1627.5,0.18,0.40,62,71,-1,29.2,30.8,10.6,11.0,0.10,0.08,0.17,0.00,0.00,0.00,0.06,0.26,100,-1,0,-3,10.2,-0.30,0.251,0.300,5.71,0,26,0,199.3,14.6,36.6,71.0,0.00,1,18.3,-14.9
8.90,cruise,339.74,10.26,0.250,1,1894.7,368.0,-690.2,1627.5,0.18,0.40,64,71,-1,29.3,31.7,12.3,12.7,0.06,0.08,0.25,0.00,0.00,0.00,-0.02,0.43,100,-1,0,-4,10.2,-0.29,0.251,0.288,5.36,0,26,0,198.0,16.5,42.4,72.3,0.00,1,18.3,-14.9
9.00,cruise,340.20,9.80,0.250,1,1894.7,368.0,-690.2,1627.5,0.04,0.65,65,71,-1,29.4,32.3,13.9,14.2,0.01,0.08,0.32,0.00,0.00,0.00,-0.23,0.61,100,-1,0,-6,7.8,-0.27,0.251,0.273,5.07,0,26,0,196.9,18.2,47.2,73.4,0.00,1,17.3,-12.8
9.10,cruise,340.63,9.37,0.250,1,1894.7,368.1,-690.2,1627.4,-0.09,0.96,66,71,-1,29.6,32.9,15.4,15.5,-0.04,0.07,0.38,0.00,0.00,0.00,-0.46,0.84,100,-1,0,-6,5.3,-0.23,0.251,0.279,4.80,0,26,0,196.1,19.6,51.1,74.3,0.00,1,16.1,-11.1
9.20,cruise,341.04,8.96,0.254,1,1894.6,368.4,-690.1,1627.2,-0.44,1.65,68,74,-1,30.0,33.4,16.8,16.6,-0.08,0.04,0.43,0.00,0.00,0.00,-0.72,1.11,100,-1,0,-7,-0.3,-0.19,0.255,0.289,4.55,0,26,0,195.5,20.9,54.0,74.9,0.00,1,12.0,-9.0
9.30,cruise,341.43,8.57,0.260,1,1894.6,368.4,-690.1,1627.1,-0.44,1.65,70,74,-1,30.5,33.7,18.0,17.6,-0.11,0.02,0.48,0.00,0.00,0.00,-0.97,1.40,100,-1,0,-7,-0.3,-0.14,0.261,0.295,4.31,0,26,0,195.3,22.1,56.0,75.1,0.00,1,12.0,-9.0
9.40,cruise,341.79,8.21,0.269,1,1894.5,368.6,-690.0,1626.9,-0.66,2.00,72,74,-1,31.0,33.9,19.2,18.5,-0.11,0.00,0.53,0.00,0.00,0.00,-1.25,1.69,100,-1,0,-7,-2.9,-0.09,0.269,0.301,4.02,0,26,0,195.3,23.3,57.5,75.1,0.00,1,10.2,-9.2
9.50,cruise,342.13,7.87,0.278,1,1894.3,369.1,-690.0,1626.7,-1.14,2.72,73,74,-1,31.7,34.1,20.3,19.5,-0.10,-0.01,0.57,0.00,0.00,0.00,-1.56,1.98,100,-1,0,-7,-7.1,-0.04,0.278,0.308,3.75,0,26,0,195.7,24.6,58.5,74.8,0.00,1,7.5,-11.9
9.60,cruise,342.44,7.56,0.287,1,1894.3,369.1,-689.8,1626.4,-1.14,2.72,74,74,-1,32.3,34.1,21.4,20.5,-0.07,-0.01,0.62,0.00,0.00,0.00,-1.83,2.32,100,-1,0,-6,-7.1,0.01,0.287,0.309,3.52,0,26,0,196.3,26.1,59.2,74.3,0.00,1,7.5,-11.9
9.70,cruise,342.72,7.28,0.296,1,1894.2,369.4,-689.7,1626.1,-1.41,3.10,76,74,-1,33.1,34.1,22.6,21.8,-0.03,-0.01,0.67,0.00,0.00,0.00,-2.13,2.65,100,-1,0,-6,-8.6,0.06,0.296,0.307,3.29,0,26,0,197.0,27.8,59.8,73.7,0.00,1,6.6,-14.0
9.80,cruise,342.98,7.02,0.307,1,1894.1,369.7,-689.6,1625.8,-1.63,3.49,77,74,-1,33.8,33.9,23.8,23.1,0.01,0.00,0.72,0.00,0.00,0.00,-2.38,3.03,100,-1,0,-5,-9.7,0.09,0.307,0.311,3.08,0,26,0,198.0,29.7,60.3,73.0,0.00,1,6.1,-16.0
9.90,cruise,343.22,6.78,0.316,1,1893.9,370.1,-689.4,1625.4,-1.89,3.96,78,74,-1,34.5,33.8,25.0,24.6,0.04,0.01,0.77,0.00,0.00,0.00,-2.68,3.47,100,-1,0,-4,-10.3,0.12,0.316,0.333,2.92,0,26,0,199.0,31.7,60.9,72.2,0.00,1,6.0,-17.4
10.00,cruise,343.45,6.55,0.325,1,1893.4,371.0,-689.2,1625.0,-2.42,5.03,78,70,-1,35.2,33.6,26.3,26.1,0.06,0.01,0.83,0.00,0.00,0.00,-3.00,3.94,100,-1,0,-4,-9.9,0.14,0.326,0.351,2.79,0,26,0,200.1,33.9,61.4,71.4,0.00,1,5.0,-18.4
10.10,cruise,343.65,6.35,0.337,1,1893.4,371.0,-688.9,1624.5,-2.42,5.03,79,70,-1,35.9,33.4,27.6,27.6,0.08,0.01,0.88,0.00,0.00,0.00,-3.32,4.49,100,-1,0,-3,-9.9,0.14,0.337,0.369,2.62,0,26,0,201.2,36.0,61.9,70.7,0.00,1,5.0,-18.4
10.20,cruise,343.85,6.15,0.349,1,1893.2,371.6,-688.7,1623.9,-2.64,5.67,80,70,-1,36.5,33.3,28.7,29.1,0.09,-0.00,0.93,0.00,0.00,0.00,-3.59,5.12,100,-1,0,-2,-9.0,0.14,0.349,0.379,2.48,0,26,0,202.2,38.0,62.4,70.1,0.00,1,4.4,-17.8
10.30,cruise,344.04,5.96,0.358,1,1892.6,372.9,-688.4,1623.3,-3.08,7.14,81,70,-1,37.0,33.3,29.8,30.5,0.08,-0.02,0.98,0.00,0.00,0.00,-3.84,5.84,100,-1,0,-2,-5.5,0.11,0.358,0.393,2.38,0,26,0,203.1,39.8,62.8,69.6,0.00,1,3.4,-13.8
10.40,cruise,344.23,5.77,0.368,1,1892.3,373.7,-688.1,1622.6,-3.25,7.94,81,66,-1,37.5,33.3,30.7,31.7,0.07,-0.04,1.00,0.00,0.00,0.00,-4.15,6.58,100,-1,0,-1,-3.5,0.08,0.368,0.407,2.26,0,26,0,203.8,41.3,63.3,69.4,0.00,1,3.3,-11.6
10.50,cruise,344.40,5.60,0.378,1,1892.3,373.7,-687.8,1621.8,-3.25,7.94,81,66,-1,37.8,33.4,31.5,32.7,0.06,-0.05,1.00,0.00,0.00,0.00,-4.40,7.37,100,-1,0,-1,-3.5,0.04,0.378,0.419,2.14,0,26,0,204.2,42.6,63.9,69.3,0.00,1,3.3,-11.6
10.60,cruise,344.58,5.42,0.386,1,1891.6,375.5,-687.4,1621.0,-3.60,9.72,82,66,-1,38.1,33.7,32.2,33.6,0.05,-0.05,1.00,0.00,0.00,0.00,-4.63,8.24,100,-1,0,-2,-0.0,0.00,0.386,0.424,2.05,0,26,0,204.3,43.5,64.6,69.4,0.00,1,5.0,-6.5
10.70,cruise,344.75,5.25,0.391,1,1891.2,376.5,-687.1,1620.0,-3.78,10.69,82,66,-1,38.4,34.0,32.9,34.4,0.03,-0.05,1.00,0.00,0.00,0.00,-4.85,9.17,100,-1,0,-2,1.2,-0.04,0.391,0.425,2.00,0,26,0,204.1,44.2,65.4,69.8,0.00,1,5.9,-4.2
10.80,cruise,344.93,5.07,0.394,1,1891.2,376.5,-686.7,1619.0,-3.78,10.69,83,66,-1,38.6,34.3,33.6,35.0,0.02,-0.05,1.00,0.00,0.00,0.00,-5.03,10.16,100,-1,0,-2,1.2,-0.07,0.394,0.423,1.98,0,26,0,203.6,44.7,66.2,70.3,0.00,1,5.9,-4.2
10.90,cruise,345.10,4.90,0.397,1,1890.4,378.9,-686.3,1617.8,-4.13,12.60,84,66,-1,38.8,34.7,34.3,35.5,0.00,-0.04,1.00,0.00,0.00,0.00,-5.19,11.14,100,-1,0,-3,2.2,-0.10,0.397,0.417,1.95,0,26,0,202.8,45.0,67.2,71.0,0.00,1,8.6,-0.4
11.00,cruise,345.28,4.72,0.400,1,1890.0,380.2,-685.9,1616.6,-4.35,13.60,85,66,-1,39.0,35.2,35.1,35.9,-0.00,-0.03,1.00,0.00,0.00,0.00,-5.32,12.15,100,-1,0,-4,1.8,-0.12,0.400,0.412,1.94,0,26,0,201.8,45.1,68.3,71.8,0.00,1,10.4,0.7
11.10,cruise,345.46,4.54,0.402,1,1889.5,381.7,-685.5,1615.3,-4.61,14.58,85,66,-1,39.3,35.5,36.0,36.2,-0.01,0.00,1.00,0.00,0.00,0.00,-5.45,13.20,100,-1,0,-5,0.9,-0.13,0.402,0.407,1.95,0,26,0,200.7,45.2,69.5,72.7,0.00,1,12.2,1.6
11.20,cruise,345.64,4.36,0.405,1,1889.5,381.7,-685.0,1613.8,-4.61,14.58,87,71,-1,39.6,35.9,37.2,36.5,-0.02,0.03,1.00,0.00,0.00,0.00,-5.41,14.30,100,-1,0,-6,0.9,-0.13,0.405,0.425,1.95,0,26,0,199.4,45.3,70.7,73.6,0.00,1,12.2,1.6
11.30,cruise,345.82,4.18,0.410,1,1889.0,383.2,-684.5,1612.3,-4.88,15.57,88,71,-1,39.9,36.1,38.5,36.8,-0.02,0.06,1.00,0.00,0.00,0.00,-5.32,15.42,100,-1,0,-7,-0.6,-0.12,0.410,0.442,1.95,0,26,0,198.3,45.3,71.9,74.4,0.00,1,13.3,1.8
11.40,cruise,345.99,4.01,0.415,1,1888.5,384.8,-684.0,1610.7,-5.23,16.55,90,71,-1,40.4,36.2,39.9,37.1,-0.02,0.08,1.00,0.00,0.00,0.00,-5.27,16.53,100,-1,0,-7,-2.6,-0.09,0.416,0.457,1.93,0,26,0,197.4,45.5,72.9,75.1,0.00,1,13.2,1.2
11.50,cruise,346.17,3.83,0.421,1,1888.0,386.6,-683.5,1608.9,-5.58,17.55,91,71,-1,40.9,36.3,41.3,37.2,-0.03,0.08,1.00,0.00,0.00,0.00,-5.18,17.67,100,-1,0,-8,-4.6,-0.06,0.421,0.469,1.92,0,26,0,196.8,45.7,73.6,75.4,0.00,1,12.1,0.8
11.60,cruise,346.34,3.66,0.428,1,1886.7,390.3,-682.9,1607.1,-6.55,19.49,93,73,-1,41.5,36.2,42.5,37.2,-0.05,0.07,1.00,0.00,0.00,0.00,-5.01,18.79,100,-1,0,-8,-8.4,-0.02,0.428,0.480,1.84,0,26,0,196.6,45.9,73.9,75.4,0.00,1,7.3,-0.3
11.70,cruise,346.51,3.49,0.434,1,1886.7,390.3,-682.2,1605.2,-6.55,19.49,95,73,-1,42.2,36.0,43.5,37.0,-0.06,0.06,1.00,0.00,0.00,0.00,-4.92,19.96,100,-1,0,-7,-8.4,0.02,0.434,0.484,1.77,0,26,0,196.9,46.2,73.8,75.0,0.00,1,7.3,-0.3
11.80,cruise,346.68,3.32,0.436,1,1886.0,392.3,-681.5,1603.2,-7.08,20.54,96,73,-1,42.9,35.6,44.4,36.7,-0.06,0.04,1.00,0.00,0.00,0.00,-4.82,21.19,100,-1,0,-6,-10.2,0.08,0.436,0.481,1.74,0,26,0,197.7,46.6,73.2,74.2,0.00,1,4.1,-2.1
11.90,cruise,346.85,3.15,0.436,1,1884.5,396.7,-680.8,1601.0,-8.17,22.61,97,73,-1,43.7,35.2,45.0,36.5,-0.06,0.02,1.00,0.00,0.00,0.00,-4.78,22.39,100,-1,0,-5,-12.1,0.12,0.437,0.472,1.70,0,26,0,199.0,47.3,72.4,73.1,0.00,1,-2.0,-6.4
12.00,cruise,347.01,2.99,0.436,1,1883.6,399.0,-680.0,1598.8,-8.70,23.65,98,69,-1,44.4,34.7,45.4,36.3,-0.06,-0.01,1.00,0.00,0.00,0.00,-4.95,23.53,100,-1,0,-4,-12.0,0.17,0.436,0.464,1.67,0,26,0,200.7,48.2,71.3,71.6,0.00,1,-4.5,-8.6
12.10,cruise,347.18,2.82,0.433,1,1883.6,399.0,-679.1,1596.5,-8.70,23.65,98,69,-1,45.2,34.2,45.7,36.2,-0.05,-0.03,1.00,0.00,0.00,0.00,-5.12,24.68,100,-1,0,-2,-12.0,0.20,0.434,0.467,1.65,0,26,0,202.7,49.2,70.2,70.0,0.00,1,-4.5,-8.6
12.20,cruise,347.34,2.66,0.450,1,1882.7,401.5,-678.2,1594.0,-9.23,24.72,99,69,-1,45.9,33.8,45.8,36.2,-0.03,-0.05,1.00,0.00,0.00,0.00,-5.30,25.85,100,-1,0,-1,-11.0,0.21,0.451,0.485,1.65,0,26,0,204.9,50.4,69.0,68.4,0.00,1,-6.1,-10.3
12.30,cruise,347.50,2.50,0.480,1,1880.8,406.7,-677.3,1591.5,-10.06,26.85,99,69,-1,46.4,33.5,45.9,36.5,0.00,-0.05,1.00,0.00,0.00,0.00,-5.38,27.00,100,-1,0,1,-6.7,0.20,0.481,0.508,1.65,0,26,0,207.0,51.7,68.1,67.0,0.00,1,-6.6,-13.8
12.40,cruise,347.65,2.35,0.510,1,1879.7,409.5,-676.3,1588.8,-10.42,27.97,98,61,-1,46.9,33.3,46.0,37.2,0.03,-0.05,1.00,0.00,0.00,0.00,-6.01,28.04,100,-1,0,2,-3.6,0.17,0.511,0.556,1.68,0,26,0,209.0,53.2,67.4,65.9,0.00,1,-5.6,-15.1
12.50,cruise,347.80,2.20,0.540,1,1879.7,409.5,-675.2,1586.0,-10.42,27.97,98,61,-1,47.3,33.4,46.2,38.3,0.06,-0.05,1.00,0.00,0.00,0.00,-6.49,29.13,100,-1,0,3,-3.6,0.13,0.541,0.600,1.74,0,26,0,210.7,54.7,67.1,65.2,0.00,1,-5.6,-15.1
12.60,cruise,347.96,2.04,0.570,1,1878.7,412.4,-674.2,1583.1,-10.68,29.19,98,61,-1,47.6,33.8,46.4,39.7,0.09,-0.04,1.00,0.00,0.00,0.00,-6.74,30.34,100,-1,0,3,-0.2,0.06,0.570,0.641,1.84,0,26,0,211.9,56.1,67.2,65.0,0.00,1,-3.7,-15.1
12.70,cruise,348.13,1.87,0.600,1,1877.6,415.4,-673.1,1580.1,-10.94,30.55,98,61,-1,47.9,34.5,46.7,41.1,0.09,-0.04,1.00,0.00,0.00,0.00,-6.83,31.73,100,-1,0,3,3.3,-0.01,0.600,0.680,2.03,0,26,0,212.6,57.2,67.6,65.2,0.00,1,-1.9,-13.5
12.80,cruise,348.32,1.68,0.600,1,1875.4,421.9,-672.0,1577.0,-11.29,33.72,97,57,-1,48.0,35.4,46.8,42.6,0.10,-0.05,1.00,0.00,0.00,0.00,-7.07,33.21,100,-1,0,2,9.9,-0.10,0.600,0.688,2.27,0,26,0,212.5,58.0,68.3,66.0,0.00,1,1.8,-7.4
12.90,cruise,348.55,1.45,0.600,1,1875.4,421.9,-670.9,1573.6,-11.29,33.72,97,57,-1,48.1,36.6,46.9,44.0,0.10,-0.05,1.00,0.00,0.00,0.00,-7.17,34.83,100,-1,0,1,9.9,-0.18,0.601,0.690,2.53,0,26,0,211.6,58.4,69.2,67.2,0.00,1,1.8,-7.4
13.00,cruise,348.81,1.19,0.600,1,1873.1,429.0,-669.7,1570.1,-11.56,37.14,97,57,-1,48.2,38.0,46.9,45.0,0.08,-0.06,1.00,0.00,0.00,0.00,-7.13,36.54,100,-1,0,-1,11.8,-0.25,0.602,0.684,2.81,0,26,0,210.0,58.3,70.4,68.7,0.00,1,6.5,2.2
13.10,cruise,349.11,0.89,0.600,1,1871.9,432.9,-668.6,1566.5,-11.69,38.85,97,57,-1,48.4,39.3,46.9,45.7,0.05,-0.06,1.00,0.00,0.00,0.00,-7.03,38.26,100,-1,0,-2,10.1,-0.29,0.603,0.669,3.07,0,26,0,207.7,57.8,71.7,70.3,0.00,1,9.2,7.0
13.20,cruise,349.44,0.56,0.600,1,1870.7,436.9,-667.4,1562.6,-11.91,40.55,98,65,-1,48.6,40.5,47.0,45.9,0.02,-0.05,1.00,0.00,0.00,0.00,-5.94,40.13,100,-1,0,-4,6.9,-0.28,0.603,0.644,3.32,0,26,0,205.0,56.9,73.1,72.0,0.00,1,12.3,11.1
13.30,cruise,349.81,0.19,0.600,1,1870.7,436.9,-666.2,1558.6,-11.91,40.55,100,65,-1,49.0,41.5,47.5,45.7,-0.01,-0.03,1.00,0.00,0.00,0.00,-4.97,41.97,100,-1,0,-6,6.9,-0.25,0.602,0.628,3.58,0,26,0,202.2,55.8,74.5,73.7,0.00,1,12.3,11.1
13.40,cruise,350.21,-0.21,0.500,1,1869.5,441.1,-665.0,1554.4,-12.17,42.24,101,65,-1,49.6,42.2,48.3,45.3,-0.04,-0.00,1.00,0.00,0.00,0.00,-4.06,43.77,100,-1,0,-7,2.2,-0.19,0.501,0.524,3.85,0,26,0,199.5,54.6,75.9,75.2,0.00,1,15.1,13.2
13.50,cruise,350.63,-0.63,0.400,1,1867.0,449.9,-663.8,1550.1,-13.01,45.27,102,65,-1,50.5,42.6,49.6,44.6,-0.09,0.05,1.00,0.00,0.00,0.00,-3.28,45.50,100,-1,0,-8,-9.4,-0.10,0.400,0.456,4.09,0,26,0,197.2,53.4,77.1,76.3,0.00,1,18.8,14.6
13.60,cruise,351.06,-1.06,0.300,1,1867.0,449.9,-662.5,1545.6,-13.01,45.27,104,75,-1,51.6,42.6,51.2,43.6,-0.15,0.13,1.00,0.00,0.00,0.00,-1.60,47.08,100,-1,0,-9,-9.4,0.00,0.300,0.384,4.24,0,26,0,195.4,52.3,78.0,77.1,0.00,1,18.8,14.6
13.70,cruise,351.48,-1.48,0.285,1,1864.3,459.2,-661.1,1541.0,-13.84,46.99,106,75,-1,52.7,42.2,53.0,42.5,-0.17,0.19,1.00,0.00,0.00,0.00,-0.19,48.23,100,-1,0,-9,-16.4,0.09,0.286,0.388,4.14,0,26,0,194.3,51.4,78.5,77.4,0.00,1,17.9,10.8
13.80,cruise,351.85,-1.85,0.309,1,1864.3,459.2,-659.8,1536.3,-13.84,46.99,108,75,-1,53.7,41.4,54.9,41.4,-0.16,0.20,1.00,0.00,0.00,0.00,1.07,48.97,100,-1,0,-9,-16.4,0.14,0.310,0.419,3.78,0,26,0,193.6,50.8,78.8,77.2,0.00,1,17.9,10.8
13.90,cruise,352.16,-2.16,0.344,1,1862.8,463.9,-658.3,1531.6,-14.19,47.41,109,75,-1,54.7,40.4,56.5,40.3,-0.14,0.17,1.00,0.00,0.00,0.00,2.06,49.44,100,-1,0,-9,-17.6,0.18,0.344,0.451,3.23,0,26,0,193.5,50.5,78.8,76.6,0.00,1,15.3,7.8
14.00,cruise,352.41,-2.41,0.367,1,1861.4,468.7,-656.9,1526.8,-14.63,47.82,110,76,-1,55.5,39.3,57.9,39.2,-0.12,0.14,1.00,0.00,0.00,0.00,2.89,49.93,100,-1,0,-8,-17.9,0.20,0.368,0.464,2.66,0,26,0,194.0,50.5,78.4,75.6,0.00,1,11.7,4.0
14.10,cruise,352.62,-2.62,0.389,1,1858.3,478.4,-655.4,1522.0,-15.73,48.86,111,76,-1,56.2,38.0,58.9,38.1,-0.11,0.09,1.00,0.00,0.00,0.00,3.43,50.50,100,-1,0,-6,-15.7,0.22,0.390,0.467,2.12,0,26,0,195.0,50.9,77.7,74.0,0.00,1,2.4,-3.9
14.20,cruise,352.77,-2.77,0.411,1,1858.3,478.4,-653.8,1517.1,-15.73,48.86,112,76,-1,56.9,36.9,59.5,37.1,-0.09,0.04,1.00,0.00,0.00,0.00,3.76,51.19,100,-1,0,-4,-15.7,0.23,0.412,0.466,1.61,0,26,0,196.6,51.6,76.7,72.2,0.00,1,2.4,-3.9
14.30,cruise,352.89,-2.89,0.426,1,1856.7,483.3,-652.2,1512.2,-16.39,49.49,113,76,-1,57.4,35.8,59.7,36.3,-0.07,-0.01,1.00,0.00,0.00,0.00,3.87,51.99,100,-1,0,-2,-13.5,0.23,0.427,0.462,1.14,0,26,0,198.6,52.6,75.6,70.1,0.00,1,-2.0,-8.0
14.40,cruise,352.95,-2.95,0.441,1,1853.3,493.4,-650.5,1507.2,-17.62,50.99,112,69,-1,57.8,35.0,59.7,36.0,-0.05,-0.04,1.00,0.00,0.00,0.00,3.36,52.92,100,-1,0,-0,-7.3,0.21,0.442,0.481,0.72,0,26,0,200.8,54.0,74.6,68.1,0.00,1,-7.6,-15.4
14.50,cruise,352.98,-2.98,0.455,1,1851.5,498.6,-648.8,1502.1,-18.19,51.87,112,69,-1,58.1,34.4,59.5,36.2,-0.01,-0.06,1.00,0.00,0.00,0.00,2.99,53.86,100,-1,0,1,-3.8,0.17,0.456,0.490,0.36,0,26,0,203.2,55.6,73.6,66.5,0.00,1,-8.3,-18.0
14.60,cruise,352.97,-2.97,0.467,1,1851.5,498.6,-647.0,1496.9,-18.19,51.87,112,69,-1,58.2,34.2,59.4,37.1,0.02,-0.07,1.00,0.00,0.00,0.00,2.78,54.89,100,-1,0,3,-3.8,0.13,0.467,0.506,0.06,0,26,0,205.6,57.4,73.0,65.2,0.00,1,-8.3,-18.0
14.70,cruise,352.93,-2.93,0.475,1,1849.6,503.8,-645.1,1491.7,-18.72,52.84,112,69,-1,58.3,34.4,59.3,38.6,0.05,-0.06,1.00,0.00,0.00,0.00,2.87,55.99,100,-1,0,3,-0.2,0.07,0.475,0.528,-0.14,0,26,0,207.9,59.4,72.6,64.5,0.00,1,-7.9,-20.1
14.80,cruise,352.86,-2.86,0.483,1,1845.8,514.7,-643.2,1486.3,-19.47,55.02,112,60,-1,58.4,34.9,59.4,40.6,0.09,-0.04,1.00,0.00,0.00,0.00,2.46,57.14,100,-1,0,3,6.5,0.00,0.483,0.544,-0.31,0,26,0,209.8,61.3,72.6,64.4,0.00,1,-4.9,-21.0
14.90,cruise,352.77,-2.77,0.492,1,1845.8,514.7,-641.3,1480.8,-19.47,55.02,112,60,-1,58.3,35.7,59.6,43.0,0.12,-0.02,1.00,0.00,0.00,0.00,2.57,58.31,100,-1,0,3,6.5,-0.07,0.492,0.560,-0.47,0,26,0,211.5,63.1,72.8,64.8,0.00,1,-4.9,-21.0
15.00,cruise,352.65,-2.65,0.501,1,1843.8,520.3,-639.3,1475.2,-19.73,56.18,112,60,-1,58.1,36.7,59.8,45.5,0.13,-0.01,1.00,0.00,0.00,0.00,3.24,59.46,100,-1,0,2,9.2,-0.14,0.502,0.574,-0.63,0,26,0,212.7,64.8,73.1,65.5,0.00,1,-3.6,-19.7
15.10,cruise,352.52,-2.52,0.512,1,1840.8,528.9,-637.3,1469.5,-20.00,58.05,113,60,-1,57.9,37.7,60.0,47.7,0.13,-0.01,1.00,0.00,0.00,0.00,4.40,60.61,100,-1,0,1,10.9,-0.18,0.513,0.586,-0.81,0,26,0,213.5,66.0,73.6,66.5,0.00,1,-1.9,-14.7
15.20,cruise,352.38,-2.38,0.525,1,1837.8,537.8,-635.3,1463.7,-20.04,60.01,114,56,-1,57.5,38.5,60.2,49.5,0.12,-0.01,1.00,0.00,0.00,0.00,5.32,61.79,100,-1,0,1,9.3,-0.20,0.526,0.596,-1.00,0,26,0,213.9,66.9,74.0,67.3,0.00,1,-0.9,-7.7
15.30,cruise,352.22,-2.22,0.541,1,1835.8,543.9,-633.3,1457.7,-20.13,61.35,114,56,-1,57.1,39.0,60.1,50.7,0.09,-0.02,1.00,0.00,0.00,0.00,6.55,62.92,100,-1,0,-0,6.9,-0.19,0.542,0.604,-1.23,0,26,0,213.9,67.3,74.3,68.1,0.00,1,-0.4,-2.5
15.40,cruise,352.06,-2.06,0.559,1,1835.8,543.9,-631.3,1451.6,-20.13,61.35,115,56,-1,56.8,39.3,60.0,51.3,0.06,-0.03,1.00,0.00,0.00,0.00,7.71,64.10,100,-1,0,-1,6.9,-0.15,0.559,0.611,-1.48,0,26,0,213.4,67.3,74.6,68.7,0.00,1,-0.4,-2.5
15.50,cruise,351.89,-1.89,0.576,1,1833.8,550.1,-629.3,1445.4,-20.13,62.75,115,56,-1,56.6,39.3,59.8,51.2,0.03,-0.04,1.00,0.00,0.00,0.00,8.83,65.31,100,-1,0,-1,4.0,-0.10,0.576,0.615,-1.71,0,26,0,212.6,66.9,74.7,69.0,0.00,1,0.4,2.6
15.60,cruise,351.71,-1.71,0.590,1,1829.7,563.1,-627.3,1439.0,-20.26,65.81,116,58,-1,56.5,39.0,59.5,50.5,0.00,-0.04,1.00,0.00,0.00,0.00,10.06,66.60,100,-1,0,-1,-3.0,-0.04,0.590,0.613,-1.87,0,26,0,211.5,66.1,74.8,69.2,0.00,1,2.7,10.7
15.70,cruise,351.54,-1.54,0.602,1,1829.7,563.1,-625.2,1432.4,-20.26,65.81,116,58,-1,56.4,38.3,59.3,49.3,-0.02,-0.03,1.00,0.00,0.00,0.00,10.93,67.98,100,-1,0,-1,-3.0,0.03,0.602,0.632,-1.98,0,26,0,210.3,65.0,74.8,69.2,0.00,1,2.7,10.7
15.80,cruise,351.37,-1.37,0.611,1,1825.6,576.6,-623.2,1425.7,-20.65,68.95,116,58,-1,56.4,37.4,59.3,47.8,-0.03,-0.02,1.00,0.00,0.00,0.00,11.39,69.49,100,-1,0,-1,-8.4,0.10,0.611,0.643,-2.01,0,26,0,209.1,63.9,74.8,69.0,0.00,1,5.7,14.4
15.90,cruise,351.20,-1.20,0.617,1,1823.5,583.6,-621.1,1418.9,-20.96,70.51,116,58,-1,56.5,36.3,59.5,46.2,-0.04,-0.00,1.00,0.00,0.00,0.00,11.50,71.05,100,-1,0,-1,-9.4,0.15,0.618,0.643,-2.00,0,26,0,207.8,62.7,74.8,68.8,0.00,1,7.3,14.8
16.00,cruise,351.03,-1.03,0.621,1,1821.4,590.8,-619.0,1411.9,-21.40,72.00,116,64,-1,56.5,35.1,59.8,44.6,-0.04,0.02,1.00,0.00,0.00,0.00,12.05,72.57,100,-1,0,-1,-9.1,0.17,0.623,0.657,-1.94,0,26,0,206.5,61.5,74.9,68.6,0.00,1,8.3,14.1
16.10,cruise,350.87,-0.87,0.624,1,1821.4,590.8,-616.9,1404.7,-21.40,72.00,116,64,-1,56.5,34.0,60.3,43.2,-0.03,0.03,1.00,0.00,0.00,0.00,12.22,74.12,100,-1,0,-1,-9.1,0.17,0.625,0.664,-1.86,0,26,0,205.1,60.4,75.1,68.5,0.00,1,8.3,14.1
16.20,cruise,350.71,-0.71,0.628,1,1817.0,605.5,-614.7,1397.4,-22.50,74.93,116,64,-1,56.5,33.1,60.8,42.0,-0.02,0.04,1.00,0.00,0.00,0.00,12.18,75.69,100,-1,0,-1,-5.4,0.14,0.628,0.665,-1.79,0,26,0,203.9,59.4,75.3,68.6,0.00,1,7.8,11.3
16.30,cruise,350.55,-0.55,0.630,1,1817.0,605.5,-612.5,1390.0,-22.50,74.93,115,64,-1,56.4,32.4,61.3,41.1,-0.01,0.04,1.00,0.00,0.00,0.00,11.92,77.32,100,-1,0,-1,-5.4,0.09,0.631,0.662,-1.71,0,26,0,202.6,58.5,75.7,68.8,0.00,1,7.8,11.3
16.40,cruise,350.39,-0.39,0.634,1,1814.7,613.2,-610.2,1382.3,-23.12,76.38,116,69,-1,56.3,31.9,61.6,40.5,0.00,0.04,1.00,0.00,0.00,0.00,12.25,78.85,100,-1,0,-1,-3.1,0.04,0.634,0.660,-1.65,0,26,0,201.5,57.7,76.0,69.2,0.00,1,6.7,9.8
16.50,cruise,350.15,-0.15,0.641,1,1809.9,628.8,-607.9,1374.6,-24.61,79.15,116,69,-1,56.1,31.8,61.9,40.0,0.01,0.04,1.00,0.00,0.00,0.00,12.40,80.40,100,-1,0,-2,1.7,-0.03,0.641,0.671,-1.61,0,26,0,199.9,56.6,76.6,70.0,0.00,1,3.8,6.9
16.60,cruise,350.08,-0.08,0.645,1,1807.4,636.8,-605.4,1366.7,-25.40,80.60,116,69,-1,56.0,31.8,61.9,40.0,0.02,0.02,1.00,0.00,0.00,0.00,12.42,81.95,100,-1,0,-3,3.5,-0.08,0.645,0.671,-1.58,0,26,0,199.4,56.3,76.8,70.4,0.00,1,2.2,6.4
16.70,cruise,349.93,0.07,0.649,1,1807.4,636.8,-602.9,1358.7,-25.40,80.60,116,69,-1,55.7,32.1,61.7,39.9,0.02,0.01,1.00,0.00,0.00,0.00,12.44,83.58,100,-1,0,-3,3.5,-0.13,0.650,0.669,-1.52,0,26,0,198.5,55.6,77.1,71.1,0.00,1,2.2,6.4
16.80,cruise,349.79,0.21,0.652,1,1802.1,653.3,-600.3,1350.5,-27.07,83.50,116,72,-1,55.5,32.3,61.4,39.7,0.01,-0.01,1.00,0.00,0.00,0.00,12.74,85.21,100,-1,0,-4,3.6,-0.16,0.653,0.666,-1.46,0,26,0,197.8,54.8,77.2,71.6,0.00,1,-1.8,7.5
16.90,cruise,349.67,0.33,0.655,1,1802.1,653.3,-597.6,1342.2,-27.07,83.50,116,72,-1,55.3,32.5,60.8,39.0,-0.00,-0.02,1.00,0.00,0.00,0.00,12.76,86.84,100,-1,0,-4,3.6,-0.15,0.655,0.672,-1.39,0,26,0,197.5,54.0,77.1,71.8,0.00,1,-1.8,7.5
17.00,cruise,349.53,0.47,0.657,1,1796.5,670.3,-594.8,1333.8,-28.74,86.26,116,72,-1,55.2,32.5,60.2,38.0,-0.02,-0.03,1.00,0.00,0.00,0.00,12.43,88.50,100,-1,0,-4,-1.2,-0.11,0.658,0.691,-1.30,0,26,0,197.5,53.1,76.7,71.6,0.00,1,-3.4,8.7
17.10,cruise,349.49,0.51,0.654,1,1793.5,679.1,-592.0,1325.2,-29.62,87.63,116,72,-1,55.2,32.2,59.6,36.7,-0.03,-0.03,1.00,0.00,0.00,0.00,11.70,90.17,100,-1,0,-3,-4.5,-0.04,0.655,0.695,-1.17,0,26,0,197.7,52.2,76.1,71.0,0.00,1,-2.3,8.7
17.20,cruise,349.43,0.57,0.647,1,1790.5,687.9,-589.0,1316.4,-30.54,88.92,115,72,-1,55.2,31.6,59.3,35.0,-0.04,-0.02,1.00,0.00,0.00,0.00,10.51,91.90,100,-1,0,-2,-7.6,0.05,0.648,0.688,-0.95,0,26,0,198.1,51.4,75.3,70.1,0.00,1,-1.1,8.1
17.30,cruise,349.39,0.61,0.625,1,1790.5,687.9,-586.0,1307.6,-30.54,88.92,114,72,-1,55.3,30.7,59.1,33.2,-0.05,-0.00,1.00,0.00,0.00,0.00,8.91,93.60,100,-1,0,-1,-7.6,0.13,0.625,0.661,-0.71,0,26,0,198.8,50.7,74.5,68.8,0.00,1,-1.1,8.1
17.40,cruise,349.38,0.62,0.602,1,1784.2,706.0,-582.9,1298.6,-32.30,91.25,113,72,-1,55.5,29.5,59.1,31.3,-0.06,0.01,1.00,0.00,0.00,0.00,7.03,95.19,100,-1,0,1,-10.7,0.21,0.604,0.646,-0.46,0,26,0,199.6,50.3,73.5,67.3,0.00,1,0.8,5.2
17.50,cruise,349.38,0.62,0.584,1,1784.2,706.0,-579.7,1289.5,-32.30,91.25,112,72,-1,55.7,28.4,59.2,29.6,-0.05,0.02,1.00,0.00,0.00,0.00,4.91,96.68,100,-1,0,2,-10.7,0.26,0.587,0.632,-0.23,0,26,0,200.3,50.0,72.7,65.8,0.00,1,0.8,5.2
17.60,cruise,349.39,0.61,0.573,1,1780.9,715.2,-576.4,1280.3,-33.13,92.24,111,69,-1,55.9,27.3,59.4,28.3,-0.04,0.03,1.00,0.00,0.00,0.00,2.25,97.99,100,-1,0,3,-9.5,0.26,0.576,0.617,-0.09,0,26,0,201.0,49.9,72.1,64.5,0.00,1,1.1,3.0
17.70,cruise,349.40,0.60,0.566,1,1774.0,733.9,-573.0,1271.0,-34.85,94.15,110,69,-1,56.0,26.6,59.6,27.6,-0.02,0.03,1.00,0.00,0.00,0.00,-0.27,99.20,100,-1,0,4,-2.8,0.22,0.568,0.599,0.06,0,26,0,201.5,50.1,71.7,63.6,0.00,1,0.5,-1.7
17.80,cruise,349.42,0.58,0.562,1,1774.0,733.9,-569.5,1261.6,-34.85,94.15,109,69,-1,56.0,26.5,59.7,27.6,0.00,0.02,1.00,0.00,0.00,0.00,-2.55,100.36,100,-1,0,5,-2.8,0.15,0.563,0.579,0.16,0,26,0,201.8,50.3,71.7,63.4,0.00,1,0.5,-1.7
17.90,cruise,349.43,0.57,0.562,1,1770.5,743.4,-566.0,1252.1,-35.64,95.03,108,69,-1,56.0,26.9,59.6,28.4,0.03,0.01,1.00,0.00,0.00,0.00,-4.37,101.40,100,-1,0,4,2.4,0.03,0.562,0.584,0.22,0,26,0,201.6,50.6,72.0,63.9,0.00,1,-0.7,-3.1
18.00,cruise,349.45,0.55,0.565,1,1763.2,762.6,-562.4,1242.6,-37.09,96.79,108,69,-1,55.9,27.9,59.4,29.8,0.05,-0.01,1.00,0.00,0.00,0.00,-5.67,102.42,100,-1,0,3,11.7,-0.09,0.565,0.597,0.23,0,26,0,201.1,50.8,72.5,65.1,0.00,1,-2.7,-4.1
18.10,cruise,349.45,0.55,0.568,1,1759.4,772.3,-558.7,1232.9,-37.79,97.71,107,69,-1,55.6,29.3,59.0,31.5,0.07,-0.02,1.00,0.00,0.00,0.00,-6.43,103.45,100,-1,0,1,14.6,-0.21,0.569,0.620,0.25,0,26,0,200.3,50.9,73.2,66.7,0.00,1,-3.4,-3.9
18.20,cruise,349.46,0.54,0.570,1,1759.4,772.3,-554.9,1223.2,-37.79,97.71,107,69,-1,55.4,30.9,58.5,33.4,0.08,-0.03,1.00,0.00,0.00,0.00,-6.72,104.55,100,-1,0,-1,14.6,-0.31,0.573,0.636,0.27,0,26,0,199.4,51.0,74.1,68.6,0.00,1,-3.4,-3.9
18.30,cruise,349.48,0.52,0.571,1,1755.6,782.2,-551.1,1213.3,-38.45,98.59,108,69,-1,55.1,32.5,58.0,35.1,0.07,-0.04,1.00,0.00,0.00,0.00,-6.65,105.62,100,-1,0,-3,15.5,-0.36,0.575,0.639,0.31,0,26,0,198.3,50.9,75.0,70.4,0.00,1,-3.2,-2.8
18.40,cruise,349.50,0.50,0.569,1,1747.8,802.1,-547.2,1203.4,-39.59,100.42,108,73,-1,54.8,33.8,57.5,36.3,0.06,-0.03,1.00,0.00,0.00,0.00,-5.55,106.75,100,-1,0,-4,11.1,-0.37,0.574,0.628,0.35,0,26,0,197.1,50.6,75.8,72.0,0.00,1,-0.8,2.6
18.50,cruise,349.55,0.45,0.564,1,1743.8,812.2,-543.3,1193.4,-40.17,101.32,109,73,-1,54.7,34.8,57.2,37.0,0.04,-0.02,1.00,0.00,0.00,0.00,-4.53,107.84,100,-1,0,-5,6.1,-0.33,0.568,0.602,0.40,0,26,0,196.0,50.1,76.5,73.2,0.00,1,0.9,5.6
18.60,cruise,349.59,0.41,0.556,1,1743.8,812.2,-539.3,1183.3,-40.17,101.32,110,73,-1,54.6,35.2,57.0,36.9,0.00,-0.01,1.00,0.00,0.00,0.00,-3.73,108.92,100,-1,0,-6,6.1,-0.24,0.558,0.566,0.46,0,26,0,195.2,49.4,76.9,74.0,0.00,1,0.9,5.6
18.70,cruise,349.66,0.34,0.544,1,1739.7,822.4,-535.2,1173.1,-40.74,102.19,110,73,-1,54.7,35.1,57.0,36.0,-0.03,0.01,1.00,0.00,0.00,0.00,-3.31,109.97,100,-1,0,-6,0.0,-0.12,0.544,0.567,0.54,0,26,0,194.8,48.6,76.9,74.0,0.00,1,2.6,8.4
18.80,cruise,349.75,0.25,0.527,1,1731.4,843.1,-531.1,1162.8,-41.97,103.82,110,75,-1,55.0,34.4,57.2,34.4,-0.07,0.03,1.00,0.00,0.00,0.00,-3.01,111.00,100,-1,0,-5,-11.7,0.02,0.527,0.578,0.64,0,26,0,194.9,47.7,76.4,73.4,0.00,1,3.7,10.7
18.90,cruise,349.84,0.16,0.512,1,1727.2,853.5,-526.9,1152.4,-42.63,104.46,110,75,-1,55.4,33.3,57.5,32.2,-0.10,0.04,1.00,0.00,0.00,0.00,-3.48,111.93,100,-1,0,-4,-16.0,0.15,0.512,0.584,0.69,0,26,0,195.5,46.9,75.4,71.9,0.00,1,3.6,9.6
19.00,cruise,350.00,0.00,0.497,1,1727.2,853.5,-522.7,1142.0,-42.63,104.46,110,75,-1,55.9,31.7,57.9,29.6,-0.12,0.05,1.00,0.00,0.00,0.00,-4.63,112.73,100,-1,0,-2,-16.0,0.28,0.499,0.585,0.70,0,26,0,196.6,46.2,74.0,69.8,0.00,1,3.6,9.6
19.10,cruise,350.05,-0.05,0.486,1,1718.5,874.5,-518.3,1131.5,-43.95,105.51,109,75,-1,56.3,29.7,58.3,26.8,-0.13,0.06,1.00,0.00,0.00,0.00,-6.47,113.41,100,-1,0,1,-19.0,0.38,0.490,0.580,0.70,0,26,0,198.0,45.9,72.5,67.2,0.00,1,2.2,4.0
19.20,cruise,350.14,-0.14,0.478,1,1714.0,885.1,-514.0,1121.0,-44.65,105.91,108,70,-1,56.7,27.6,58.6,24.2,-0.12,0.06,1.00,0.00,0.00,0.00,-9.56,113.90,100,-1,0,4,-17.1,0.45,0.484,0.568,0.66,0,26,0,199.6,45.9,71.0,64.3,0.00,1,1.2,-0.1
19.30,cruise,350.21,-0.21,0.475,1,1709.5,895.7,-509.5,1110.4,-45.35,106.26,106,70,-1,57.0,25.8,58.9,22.1,-0.10,0.05,1.00,0.00,0.00,0.00,-12.91,114.21,100,-1,0,6,-12.9,0.47,0.482,0.549,0.58,0,26,0,201.2,46.4,69.7,61.7,0.00,1,-0.3,-4.4
19.40,cruise,350.27,-0.27,0.477,1,1709.5,895.7,-505.0,1099.8,-45.35,106.26,105,70,-1,57.2,24.5,59.1,20.9,-0.06,0.03,1.00,0.00,0.00,0.00,-16.15,114.40,100,-1,0,8,-12.9,0.42,0.482,0.524,0.47,0,26,0,202.6,47.1,68.9,59.7,0.00,1,-0.3,-4.4
19.50,cruise,350.30,-0.30,0.481,1,1700.3,917.1,-500.4,1089.1,-46.67,106.98,104,70,-1,57.3,23.9,59.1,21.1,-0.01,0.01,1.00,0.00,0.00,0.00,-18.94,114.56,100,-1,0,9,0.4,0.32,0.484,0.495,0.35,0,26,0,203.7,48.2,68.6,58.7,0.00,1,-3.0,-12.6
19.60,cruise,350.30,-0.30,0.490,1,1695.6,927.8,-495.8,1078.4,-47.24,107.42,103,66,-1,57.3,24.3,59.0,22.5,0.04,-0.01,1.00,0.00,0.00,0.00,-21.92,114.64,100,-1,0,9,8.2,0.17,0.491,0.515,0.23,0,26,0,204.3,49.4,68.8,58.8,0.00,1,-4.4,-15.1
19.70,cruise,350.29,-0.29,0.502,1,1695.6,927.8,-491.1,1067.7,-47.24,107.42,102,66,-1,57.1,25.6,58.7,25.2,0.09,-0.02,1.00,0.00,0.00,0.00,-23.80,114.91,100,-1,0,8,8.2,-0.01,0.502,0.560,0.12,0,26,0,204.5,50.6,69.5,60.1,0.00,1,-4.4,-15.1
19.80,cruise,350.25,-0.25,0.518,1,1690.8,938.6,-486.3,1056.9,-47.77,107.91,102,66,-1,56.8,27.6,58.3,28.6,0.13,-0.04,1.00,0.00,0.00,0.00,-24.55,115.43,100,-1,0,6,15.3,-0.20,0.519,0.606,0.01,0,26,0,204.1,51.8,70.6,62.4,0.00,1,-5.3,-16.0
19.90,cruise,350.19,-0.19,0.537,1,1681.1,960.3,-481.5,1046.1,-48.56,109.14,102,66,-1,56.4,30.1,57.7,32.3,0.15,-0.05,1.00,0.00,0.00,0.00,-24.24,116.19,100,-1,0,3,24.6,-0.37,0.541,0.649,-0.10,0,26,0,203.2,52.7,71.9,65.1,0.00,1,-5.6,-12.2
20.00,cruise,350.13,-0.13,0.553,1,1676.3,971.3,-476.6,1035.2,-48.91,109.91,103,68,-1,55.9,32.7,57.0,35.7,0.15,-0.06,1.00,0.00,0.00,0.00,-22.50,117.32,100,-1,0,-0,25.2,-0.50,0.561,0.678,-0.14,0,26,0,201.8,53.2,73.3,68.0,0.00,1,-4.2,-7.8
20.10,cruise,350.06,-0.06,0.565,1,1671.3,982.3,-471.8,1024.2,-49.17,110.72,104,68,-1,55.3,35.0,56.3,38.5,0.13,-0.06,1.00,0.00,0.00,0.00,-20.32,118.57,100,-1,0,-3,22.0,-0.56,0.576,0.686,-0.14,0,26,0,200.1,53.3,74.8,70.8,0.00,1,-1.9,-2.2
20.20,cruise,350.05,-0.05,0.570,1,1671.3,982.3,-466.8,1013.2,-49.17,110.72,105,68,-1,54.8,36.8,55.7,40.3,0.10,-0.05,1.00,0.00,0.00,0.00,-17.94,119.81,100,-1,0,-5,22.0,-0.54,0.580,0.666,-0.11,0,26,0,198.2,53.0,76.1,73.1,0.00,1,-1.9,-2.2
20.30,cruise,350.04,-0.04,0.565,1,1661.5,1004.7,-461.9,1002.0,-49.61,112.54,106,68,-1,54.5,37.9,55.3,40.9,0.05,-0.03,1.00,0.00,0.00,0.00,-15.72,121.05,100,-1,0,-7,6.1,-0.45,0.572,0.616,-0.02,0,26,0,196.4,52.2,77.2,74.8,0.00,1,4.8,10.8
20.40,cruise,350.07,-0.07,0.553,1,1661.5,1004.7,-457.0,990.8,-49.61,112.54,108,75,-1,54.5,38.0,55.3,40.4,-0.01,-0.00,1.00,0.00,0.00,0.00,-12.46,122.36,100,-1,0,-8,6.1,-0.28,0.555,0.565,0.10,0,26,0,195.0,51.0,77.8,75.7,0.00,1,4.8,10.8
20.50,cruise,350.12,-0.12,0.537,1,1656.5,1016.0,-452.0,979.5,-49.97,113.40,109,75,-1,54.7,37.4,55.7,38.7,-0.08,0.04,1.00,0.00,0.00,0.00,-10.22,123.50,100,-1,0,-8,-4.5,-0.07,0.537,0.598,0.22,0,26,0,194.3,49.6,77.8,75.7,0.00,1,7.6,15.6
20.60,cruise,350.19,-0.19,0.519,1,1646.4,1038.9,-446.9,968.1,-50.80,114.87,110,75,-1,55.3,35.8,56.4,35.9,-0.13,0.08,1.00,0.00,0.00,0.00,-9.08,124.44,100,-1,0,-7,-23.1,0.16,0.520,0.629,0.31,0,26,0,194.4,48.0,77.0,74.5,0.00,1,10.1,18.8
20.70,cruise,350.27,-0.27,0.502,1,1641.2,1050.4,-441.9,956.6,-51.42,115.36,110,75,-1,55.9,33.3,57.3,32.2,-0.18,0.11,1.00,0.00,0.00,0.00,-9.25,125.26,100,-1,0,-4,-28.3,0.38,0.507,0.648,0.38,0,26,0,195.4,46.6,75.4,72.1,0.00,1,9.2,16.6
20.80,cruise,350.36,-0.36,0.488,1,1641.2,1050.4,-436.7,945.1,-51.42,115.36,109,73,-1,56.5,30.4,58.3,27.8,-0.20,0.12,1.00,0.00,0.00,0.00,-11.24,125.80,100,-1,0,-1,-28.3,0.55,0.497,0.652,0.39,0,26,0,197.0,45.6,73.3,68.6,0.00,1,9.2,16.6
20.90,cruise,350.44,-0.44,0.476,1,1636.1,1062.0,-431.6,933.5,-52.03,115.80,108,73,-1,57.1,27.2,59.0,23.1,-0.20,0.10,1.00,0.00,0.00,0.00,-14.30,126.14,100,-1,0,4,-29.7,0.60,0.487,0.631,0.37,0,26,0,199.1,45.1,70.9,64.3,0.00,1,6.5,12.1
21.00,cruise,350.50,-0.50,0.470,1,1625.5,1085.2,-426.3,921.9,-53.53,116.41,106,73,-1,57.5,24.4,59.4,19.1,-0.17,0.07,1.00,0.00,0.00,0.00,-18.31,126.27,100,-1,0,8,-21.8,0.60,0.481,0.595,0.29,0,26,0,201.4,45.2,68.8,59.9,0.00,1,-0.1,-2.1
21.10,cruise,350.54,-0.54,0.468,1,1625.5,1085.2,-421.0,910.3,-53.53,116.41,105,73,-1,57.7,22.1,59.5,16.4,-0.12,0.03,1.00,0.00,0.00,0.00,-22.55,126.13,100,-1,0,12,-21.8,0.60,0.479,0.550,0.17,0,26,0,203.6,46.1,67.1,56.2,0.00,1,-0.1,-2.1
21.20,cruise,350.55,-0.55,0.470,1,1620.1,1096.9,-415.6,898.6,-54.23,116.59,102,64,-1,57.8,21.0,59.4,15.5,-0.05,-0.00,1.00,0.00,0.00,0.00,-28.24,125.44,100,-1,0,14,-13.8,0.56,0.479,0.505,0.03,0,26,0,205.6,47.4,66.2,53.9,0.00,1,-3.1,-9.8
21.30,cruise,350.53,-0.53,0.477,1,1609.0,1120.2,-410.1,886.9,-55.50,116.98,100,64,-1,57.8,21.1,59.0,16.7,0.02,-0.03,1.00,0.00,0.00,0.00,-32.92,124.77,100,-1,0,15,5.7,0.38,0.481,0.508,-0.15,0,26,0,207.1,49.1,66.1,53.2,0.00,1,-7.1,-21.6
21.40,cruise,350.48,-0.48,0.488,1,1609.0,1120.2,-404.5,875.3,-55.50,116.98,99,64,-1,57.6,22.5,58.5,19.9,0.10,-0.05,1.00,0.00,0.00,0.00,-36.07,124.36,100,-1,0,14,5.7,0.16,0.488,0.560,-0.29,0,26,0,208.1,51.0,66.6,54.3,0.00,1,-7.1,-21.6
21.50,cruise,350.39,-0.39,0.506,1,1603.5,1132.0,-399.0,863.5,-55.94,117.20,99,64,-1,57.3,25.1,58.0,24.5,0.16,-0.05,1.00,0.00,0.00,0.00,-37.49,124.34,100,-1,0,11,15.8,-0.09,0.506,0.617,-0.42,0,26,0,208.4,52.8,67.7,56.8,0.00,1,-7.8,-24.9
21.60,cruise,350.27,-0.27,0.531,1,1592.2,1155.5,-393.3,851.8,-56.51,118.08,99,62,-1,56.7,28.4,57.4,29.8,0.21,-0.06,1.00,0.00,0.00,0.00,-37.77,124.83,100,-1,0,8,31.6,-0.35,0.535,0.676,-0.52,0,26,0,207.9,54.5,69.3,60.3,0.00,1,-7.5,-22.9
21.70,cruise,350.14,-0.14,0.561,1,1586.5,1167.4,-387.7,840.0,-56.65,118.74,99,62,-1,56.0,32.0,56.7,35.1,0.22,-0.06,1.00,0.00,0.00,0.00,-36.52,125.71,100,-1,0,4,34.8,-0.56,0.571,0.730,-0.60,0,26,0,206.8,55.8,71.1,64.1,0.00,1,-6.3,-17.1
21.80,cruise,350.01,-0.01,0.587,1,1586.5,1167.4,-382.0,828.1,-56.65,118.74,100,62,-1,55.1,35.3,55.8,39.4,0.20,-0.07,1.00,0.00,0.00,0.00,-34.19,127.04,100,-1,0,-0,34.8,-0.60,0.600,0.761,-0.63,0,26,0,204.9,56.4,72.9,67.9,0.00,1,-6.3,-17.1
21.90,cruise,349.90,0.10,0.604,1,1575.2,1191.3,-376.4,816.2,-56.69,120.45,102,62,-1,54.3,38.0,54.9,42.6,0.16,-0.07,1.00,0.00,0.00,0.00,-31.33,128.53,100,-1,0,-3,27.6,-0.60,0.617,0.760,-0.60,0,26,0,202.5,56.5,74.6,71.2,0.00,1,-1.0,-0.8
22.00,cruise,349.83,0.17,0.606,1,1569.5,1203.4,-370.7,804.2,-56.69,121.51,104,70,-1,53.5,39.9,54.0,44.3,0.10,-0.07,1.00,0.00,0.00,0.00,-26.19,130.53,100,-1,0,-6,18.2,-0.60,0.619,0.723,-0.51,0,26,0,199.9,55.8,76.2,73.8,0.00,1,2.8,8.8
22.10,cruise,349.80,0.20,0.592,1,1569.5,1203.4,-365.0,792.1,-56.69,121.51,106,70,-1,53.1,40.9,53.3,44.5,0.03,-0.05,1.00,0.00,0.00,0.00,-21.76,132.30,100,-1,0,-8,18.2,-0.52,0.602,0.650,-0.36,0,26,0,197.4,54.5,77.4,75.7,0.00,1,2.8,8.8
22.20,cruise,349.81,0.19,0.569,1,1558.2,1228.0,-359.4,779.8,-56.78,123.44,107,70,-1,53.1,41.0,53.1,43.3,-0.05,-0.02,1.00,0.00,0.00,0.00,-18.36,133.78,100,-1,0,-9,-6.6,-0.30,0.573,0.612,-0.18,0,26,0,195.4,52.7,78.1,76.7,0.00,1,10.0,22.6
22.30,cruise,349.86,0.14,0.544,1,1558.2,1228.0,-353.7,767.5,-56.78,123.44,108,70,-1,53.4,40.2,53.5,41.0,-0.12,0.03,1.00,0.00,0.00,0.00,-16.25,134.90,100,-1,0,-9,-6.6,-0.04,0.544,0.628,-0.02,0,26,0,194.4,50.6,78.1,76.7,0.00,1,10.0,22.6
22.40,cruise,349.93,0.07,0.521,1,1552.5,1240.4,-348.0,755.1,-57.00,124.23,109,76,-1,54.1,38.5,54.4,37.7,-0.18,0.09,1.00,0.00,0.00,0.00,-14.12,135.95,100,-1,0,-8,-18.6,0.22,0.522,0.663,0.14,0,26,0,194.4,48.5,77.2,75.5,0.00,1,12.4,24.6
22.50,cruise,350.01,-0.01,0.501,1,1541.0,1265.4,-342.3,742.6,-57.83,125.20,109,76,-1,55.0,36.0,55.6,33.5,-0.23,0.13,1.00,0.00,0.00,0.00,-13.66,136.71,100,-1,0,-5,-33.7,0.46,0.508,0.686,0.24,0,26,0,195.5,46.8,75.4,72.9,0.00,1,11.3,19.9
22.60,cruise,350.10,-0.10,0.485,1,1535.2,1277.9,-336.5,730.1,-58.36,125.51,109,76,-1,55.8,32.9,56.8,28.5,-0.25,0.14,1.00,0.00,0.00,0.00,-14.93,137.10,100,-1,0,-1,-35.4,0.60,0.496,0.687,0.28,0,26,0,197.4,45.6,73.0,69.0,0.00,1,8.2,13.3
22.70,cruise,350.17,-0.17,0.474,1,1535.2,1277.9,-330.7,717.6,-58.36,125.51,108,76,-1,56.5,29.3,57.8,23.5,-0.24,0.13,1.00,0.00,0.00,0.00,-17.61,137.29,100,-1,0,4,-35.4,0.60,0.485,0.661,0.28,0,26,0,199.9,45.2,70.3,64.2,0.00,1,8.2,13.3
22.80,brake,350.24,-0.24,0.468,1,1529.3,1290.5,0.0,0.0,-59.06,125.68,106,67,-1,50.5,23.3,58.4,19.1,-0.23,0.20,1.00,0.00,0.00,0.00,-23.27,136.91,100,-1,0,9,-32.8,0.60,0.479,0.651,0.23,0,26,0,202.7,45.7,67.8,59.1,0.00,1,4.2,4.1
22.90,brake,350.27,-0.27,0.467,1,1517.3,1315.6,0.0,0.0,-60.38,125.86,103,67,-1,44.5,17.3,58.7,16.2,-0.14,0.25,1.00,0.00,0.00,0.00,-28.97,136.16,100,-1,0,13,-18.8,0.60,0.477,0.631,0.14,0,26,0,205.6,47.1,66.0,54.6,0.00,1,-4.1,-15.5
23.00,brake,350.29,-0.29,0.468,1,1511.2,1328.2,0.0,0.0,-61.00,125.95,101,67,-1,38.5,11.3,58.4,15.2,-0.02,0.27,1.00,0.00,0.00,0.00,-34.31,135.31,100,-1,0,16,-9.2,0.60,0.478,0.594,0.00,0,26,0,208.5,49.2,64.8,51.4,0.00,1,-10.2,-24.4
23.10,brake,350.27,-0.27,0.469,1,1511.2,1328.2,0.0,0.0,-61.00,125.95,100,67,-1,32.5,5.3,57.6,16.4,0.13,0.26,1.00,0.00,0.00,0.00,-38.66,134.49,100,-1,0,18,-9.2,0.55,0.478,0.635,-0.18,0,26,0,211.7,51.7,64.0,49.6,0.00,1,-10.2,-24.4
23.20,brake,350.22,-0.22,0.470,1,1505.1,1340.8,0.0,0.0,-61.52,126.08,97,55,-1,26.5,-0.7,56.0,19.1,0.29,0.22,1.00,0.00,0.00,0.00,-45.20,132.81,100,-1,0,19,0.6,0.36,0.474,0.678,-0.42,0,26,0,215.2,54.4,63.2,49.0,0.00,1,-18.0,-31.2
23.30,brake,350.15,-0.15,0.468,1,1492.7,1366.1,0.0,0.0,-62.09,126.74,95,55,-1,20.5,-6.7,53.5,22.8,0.46,0.14,1.00,0.00,0.00,0.00,-50.43,131.35,100,-1,0,19,21.0,0.15,0.469,0.708,-0.68,0,26,0,219.1,56.6,61.9,49.3,0.00,1,-37.3,-33.1
23.40,brake,350.06,-0.06,0.461,1,1492.7,1366.1,0.0,0.0,-62.09,126.74,93,55,-1,14.5,-8.3,49.8,26.5,0.59,0.02,1.00,0.00,0.00,0.00,-54.86,130.03,100,-1,0,18,21.0,-0.06,0.461,0.704,-0.92,0,26,0,222.7,57.9,59.9,50.0,0.00,1,-37.3,-33.1
23.50,brake,349.96,0.04,0.447,1,1480.3,1391.6,0.0,0.0,-61.74,127.66,91,55,-1,8.5,-7.3,44.8,29.5,0.65,-0.12,1.00,0.00,0.00,0.00,-59.32,128.52,100,-1,0,17,36.6,-0.25,0.448,0.757,-1.10,0,26,0,225.6,57.7,57.1,50.7,0.00,1,-54.4,-17.2
23.60,brake,349.87,0.13,0.427,1,1474.2,1404.4,0.0,0.0,-61.13,128.10,86,43,-1,2.5,-7.8,38.4,31.2,0.65,-0.27,1.00,0.00,0.00,0.00,-69.53,123.59,100,-1,0,17,41.6,-0.40,0.431,0.799,-1.24,0,26,0,226.9,55.5,53.7,51.3,0.00,1,-57.5,-2.2
23.70,brake,349.80,0.20,0.403,1,1468.1,1417.2,0.0,0.0,-60.25,128.28,81,43,-1,-3.5,-9.9,30.9,31.4,0.58,-0.38,1.00,0.00,0.00,0.00,-79.59,117.53,100,-1,0,16,45.1,-0.51,0.410,0.795,-1.32,0,26,0,226.1,51.0,49.8,52.0,0.00,1,-55.2,14.6
23.80,brake,349.77,0.23,0.381,1,1462.2,1430.1,0.0,0.0,-59.19,128.41,76,43,-1,-9.5,-13.4,22.9,30.0,0.41,-0.45,0.85,0.00,0.00,0.00,-88.96,110.32,100,-1,0,15,46.3,-0.61,0.390,0.738,-1.36,0,26,0,223.6,44.4,45.8,53.3,0.00,1,-49.1,31.3
23.90,brake,349.77,0.23,0.358,1,1462.2,1430.1,0.0,0.0,-59.19,128.41,71,43,-1,-15.5,-17.7,15.3,27.0,0.18,-0.44,0.67,0.00,0.00,0.00,-97.13,102.75,100,-1,0,13,46.3,-0.67,0.368,0.616,-1.29,0,26,0,219.7,36.4,41.6,55.1,0.00,1,-49.1,31.3
24.00,brake,349.81,0.19,0.336,1,1456.3,1442.9,0.0,0.0,-58.14,128.28,69,55,-1,-21.5,-22.4,9.3,22.6,-0.08,-0.32,0.47,0.00,0.00,0.00,-100.46,98.70,100,-1,0,10,46.3,-0.73,0.347,0.508,-1.15,0,26,0,215.0,28.0,37.2,57.9,0.00,1,-38.7,46.3
24.10,brake,349.88,0.12,0.316,1,1450.6,1455.7,0.0,0.0,-57.04,127.84,67,55,-1,-27.5,-27.0,5.3,17.2,-0.30,-0.10,0.26,0.00,0.00,0.00,-103.00,94.80,100,-1,0,6,45.8,-0.79,0.328,0.488,-0.97,0,26,0,209.9,19.9,32.2,61.4,0.00,1,-24.9,56.8
24.20,brake,349.94,0.06,0.303,1,1439.4,1481.1,0.0,0.0,-55.37,126.25,65,55,-1,-33.5,-31.0,3.1,11.3,-0.43,0.14,0.06,0.00,0.00,0.00,-104.87,91.19,100,-1,0,3,38.8,-0.82,0.316,0.542,-0.86,0,26,0,205.2,12.7,25.7,65.3,0.00,1,-3.5,60.0
24.30,brake,350.02,-0.02,0.293,1,1439.4,1481.1,0.0,0.0,-55.37,126.25,63,55,-1,-35.2,-35.3,2.1,2.9,-0.84,0.28,0.00,0.00,0.00,0.00,-106.20,87.91,100,-1,1,-3,38.8,-0.83,0.306,0.611,-0.76,0,26,0,199.5,3.7,10.3,70.5,0.00,1,-3.5,60.0
24.40,brake,350.05,-0.05,0.284,1,1428.5,1506.1,0.0,0.0,-54.36,124.15,65,72,-1,-34.2,-36.3,1.9,0.5,0.03,0.39,0.00,0.00,0.00,0.00,-103.13,89.78,100,-1,0,-4,24.0,-0.71,0.293,0.463,-0.58,0,26,0,198.1,1.1,3.3,71.9,0.00,1,-5.5,45.6
24.50,brake,350.08,-0.08,0.277,1,1423.1,1518.4,0.0,0.0,-54.10,122.87,66,72,-1,-32.5,-37.6,1.3,-3.7,-0.23,0.31,0.00,0.00,0.00,0.00,-100.53,90.89,100,-1,0,-6,17.3,-0.61,0.283,0.499,-0.43,0,26,0,195.9,356.6,348.3,74.1,0.00,1,-11.6,37.0
24.60,brake,350.09,-0.09,0.275,1,1417.7,1530.6,0.0,0.0,-53.75,121.64,67,72,-1,-31.3,-38.5,0.1,-7.4,-0.17,0.21,0.00,0.00,0.00,0.00,-98.29,91.45,100,-1,0,-8,11.7,-0.51,0.279,0.429,-0.35,0,26,0,194.2,352.6,333.0,75.9,0.00,1,-19.1,34.4
24.70,brake,350.09,-0.09,0.280,1,1417.7,1530.6,0.0,0.0,-53.75,121.64,68,72,-1,-30.5,-38.9,-1.9,-10.7,-0.14,0.08,0.03,0.00,0.00,0.00,-96.19,91.83,100,-1,0,-9,11.7,-0.42,0.283,0.369,-0.40,0,26,0,193.0,348.9,319.6,77.2,0.00,1,-19.1,34.4
24.80,brake,350.04,-0.04,0.290,1,1407.0,1554.6,0.0,0.0,-53.13,119.00,69,78,-1,-30.2,-39.1,-4.7,-13.7,-0.08,-0.05,0.15,0.00,0.00,0.00,-92.69,93.52,100,-1,0,-10,0.4,-0.32,0.292,0.344,-0.48,0,26,0,192.1,345.4,309.4,78.2,0.00,1,-33.0,25.5
24.90,brake,349.97,0.03,0.305,1,1401.7,1566.4,0.0,0.0,-52.69,117.55,71,78,-1,-30.4,-39.0,-8.2,-16.2,-0.03,-0.15,0.26,0.00,0.00,0.00,-89.24,94.98,100,-1,0,-11,-4.8,-0.23,0.306,0.376,-0.62,0,26,0,191.4,342.3,302.2,79.0,0.00,1,-36.0,21.1
25.00,brake,349.88,0.12,0.320,1,1401.7,1566.4,0.0,0.0,-52.69,117.55,72,78,-1,-30.9,-38.7,-12.1,-18.3,0.03,-0.21,0.38,0.00,0.00,0.00,-85.68,96.20,100,-1,0,-12,-4.8,-0.14,0.320,0.418,-0.72,0,26,0,190.9,339.6,297.4,79.5,0.00,1,-36.0,21.1
25.10,brake,349.83,0.17,0.333,1,1391.3,1589.5,0.0,0.0,-51.50,114.48,74,78,-1,-31.7,-38.2,-16.1,-20.0,0.07,-0.24,0.50,0.00,0.00,0.00,-81.99,97.28,100,-1,0,-12,-13.9,-0.04,0.333,0.456,-0.76,0,26,0,190.8,337.2,294.4,79.7,0.00,1,-33.0,16.2
25.20,brake,349.72,0.28,0.349,1,1386.2,1600.8,0.0,0.0,-50.80,112.90,76,79,-1,-32.7,-37.5,-20.0,-21.6,0.10,-0.23,0.61,0.00,0.00,0.00,-77.70,98.60,100,-1,0,-12,-17.1,0.05,0.349,0.479,-0.80,0,26,0,191.0,335.0,292.7,79.4,0.00,1,-28.8,16.0
25.30,brake,349.60,0.40,0.364,1,1381.2,1612.0,0.0,0.0,-49.88,111.23,78,79,-1,-33.8,-36.6,-23.6,-23.0,0.10,-0.21,0.71,0.00,0.00,0.00,-73.33,99.75,100,-1,0,-11,-19.3,0.12,0.365,0.488,-0.82,0,26,0,191.7,332.8,291.9,78.8,0.00,1,-23.3,17.2
25.40,brake,349.49,0.51,0.379,1,1381.2,1612.0,0.0,0.0,-49.88,111.23,80,79,-1,-34.8,-35.7,-26.8,-24.3,0.09,-0.16,0.80,0.00,0.00,0.00,-68.69,100.70,100,-1,0,-10,-19.3,0.19,0.380,0.481,-0.78,0,26,0,192.7,330.5,291.7,77.8,0.00,1,-23.3,17.2
25.50,brake,349.39,0.61,0.391,1,1371.5,1633.8,0.0,0.0,-47.86,107.80,82,79,-1,-35.8,-34.8,-29.4,-25.7,0.07,-0.09,0.88,0.00,0.00,0.00,-64.01,101.48,100,-1,0,-9,-19.6,0.23,0.392,0.459,-0.72,0,26,0,194.1,328.1,292.0,76.4,0.00,1,-9.8,21.6
25.60,brake,349.30,0.70,0.403,1,1366.8,1644.5,0.0,0.0,-46.85,106.04,83,74,-1,-36.6,-33.8,-31.4,-27.2,0.04,-0.03,0.95,0.00,0.00,0.00,-60.61,101.18,100,-1,0,-7,-18.2,0.25,0.404,0.432,-0.64,0,26,0,195.9,325.4,292.5,74.9,0.00,1,-4.5,24.0
25.70,brake,349.23,0.77,0.413,1,1362.2,1654.9,0.0,0.0,-45.83,104.15,84,74,-1,-37.3,-32.9,-33.0,-28.9,-0.00,0.02,1.00,0.00,0.00,0.00,-57.12,100.88,100,-1,0,-5,-15.7,0.25,0.414,0.423,-0.55,0,26,0,198.0,322.7,293.0,73.3,0.00,1,-0.5,25.9
25.80,brake,349.17,0.83,0.424,1,1362.2,1654.9,0.0,0.0,-45.83,104.15,86,74,-1,-37.9,-32.1,-34.3,-30.8,-0.05,0.05,1.00,0.00,0.00,0.00,-53.50,100.43,100,-1,0,-4,-15.7,0.24,0.425,0.468,-0.47,0,26,0,200.1,319.8,293.4,71.8,0.00,1,-0.5,25.9
25.90,brake,349.13,0.87,0.432,1,1357.6,1665.2,0.0,0.0,-44.91,102.22,87,74,-1,-38.3,-31.5,-35.3,-32.9,-0.10,0.08,1.00,0.00,0.00,0.00,-49.86,99.90,100,-1,0,-3,-12.4,0.19,0.433,0.505,-0.32,0,26,0,202.3,316.8,293.6,70.5,0.00,1,1.8,27.3
26.00,brake,349.10,0.90,0.440,1,1348.9,1685.1,0.0,0.0,-43.33,98.09,87,66,-1,-38.5,-31.1,-36.3,-35.1,-0.15,0.08,1.00,0.00,0.00,0.00,-48.53,98.10,100,-1,0,-2,-5.1,0.14,0.441,0.531,-0.17,0,26,0,204.2,314.0,293.5,69.6,0.00,1,1.3,25.6
26.10,brake,349.09,0.91,0.452,1,1344.6,1694.8,0.0,0.0,-42.67,95.89,88,66,-1,-38.7,-30.9,-37.3,-37.4,-0.18,0.07,1.00,0.00,0.00,0.00,-46.87,96.44,100,-1,0,-1,-1.4,0.08,0.452,0.552,-0.05,0,26,0,205.7,311.5,293.1,69.2,0.00,1,-0.2,22.6
26.20,brake,349.08,0.92,0.465,1,1344.6,1694.8,0.0,0.0,-42.67,95.89,89,66,-1,-38.7,-31.0,-38.2,-39.6,-0.19,0.08,1.00,0.00,0.00,0.00,-44.85,94.89,100,-1,0,-1,-1.4,0.00,0.465,0.571,0.04,0,26,0,206.7,309.3,292.4,69.2,0.00,1,-0.2,22.6
26.30,brake,349.08,0.92,0.478,1,1336.2,1713.4,0.0,0.0,-41.57,91.36,90,66,-1,-38.5,-31.2,-39.0,-41.5,-0.18,0.08,1.00,0.00,0.00,0.00,-42.62,93.41,100,-1,0,-2,5.0,-0.08,0.478,0.583,0.13,0,26,0,207.0,307.6,291.5,69.6,0.00,1,-4.6,12.6
26.40,brake,349.09,0.91,0.490,1,1336.2,1713.4,0.0,0.0,-41.57,91.36,90,63,-1,-38.3,-31.6,-39.8,-43.0,-0.16,0.08,1.00,0.00,0.00,0.00,-41.00,91.62,100,-1,0,-3,5.0,-0.15,0.491,0.587,0.20,0,26,0,206.5,306.5,290.3,70.5,0.00,1,-4.6,12.6
26.50,brake,349.10,0.90,0.502,1,1332.1,1722.4,0.0,0.0,-41.09,89.03,91,63,-1,-38.0,-32.0,-40.4,-44.2,-0.12,0.08,1.00,0.00,0.00,0.00,-39.26,89.85,100,-1,0,-4,6.8,-0.21,0.503,0.582,0.23,0,26,0,205.1,306.1,288.9,71.8,0.00,1,-7.5,6.2
26.60,brake,349.11,0.89,0.512,1,1324.0,1739.6,0.0,0.0,-40.12,84.33,92,63,-1,-37.7,-32.5,-41.1,-44.8,-0.07,0.06,1.00,0.00,0.00,0.00,-37.53,88.10,100,-1,0,-5,6.2,-0.25,0.514,0.568,0.23,0,26,0,203.0,306.3,287.3,73.3,0.00,1,-14.0,-6.5
26.70,brake,349.13,0.87,0.518,1,1324.0,1739.6,0.0,0.0,-40.12,84.33,93,63,-1,-37.4,-32.9,-41.9,-44.9,-0.02,0.04,1.00,0.00,0.00,0.00,-35.73,86.28,100,-1,0,-7,6.2,-0.27,0.520,0.544,0.24,0,26,0,200.4,307.0,285.6,75.0,0.00,1,-14.0,-6.5
26.80,brake,349.14,0.86,0.520,1,1316.1,1755.8,0.0,0.0,-38.94,79.54,95,73,-1,-37.1,-33.1,-42.9,-44.6,0.03,0.00,1.00,0.00,0.00,0.00,-31.68,85.31,100,-1,0,-9,0.9,-0.26,0.522,0.535,0.30,0,26,0,197.4,308.1,283.8,76.9,0.00,1,-20.5,-15.8
26.90,brake,349.16,0.84,0.520,1,1316.1,1755.8,0.0,0.0,-38.94,79.54,98,73,-1,-37.1,-33.3,-44.2,-43.9,0.07,-0.05,1.00,0.00,0.00,0.00,-28.14,83.97,100,-1,0,-11,0.9,-0.23,0.522,0.571,0.39,0,26,0,194.4,309.5,282.0,78.6,0.00,1,-20.5,-15.8
27.00,brake,349.18,0.82,0.520,1,1312.3,1763.6,0.0,0.0,-38.14,77.17,99,73,-1,-37.2,-33.1,-45.9,-43.0,0.10,-0.11,1.00,0.00,0.00,0.00,-24.89,82.40,100,-1,0,-12,-3.6,-0.17,0.521,0.608,0.52,0,26,0,191.8,311.0,280.3,80.2,0.00,1,-22.8,-18.1
27.10,brake,349.20,0.80,0.522,1,1308.5,1771.2,0.0,0.0,-37.22,74.88,101,73,-1,-37.4,-32.7,-47.8,-41.9,0.13,-0.17,1.00,0.00,0.00,0.00,-21.92,80.70,100,-1,0,-13,-8.4,-0.10,0.523,0.642,0.64,0,26,0,189.9,312.5,279.1,81.3,0.00,1,-23.8,-18.2
27.20,brake,349.23,0.77,0.526,1,1301.3,1785.6,0.0,0.0,-34.89,70.49,104,81,-1,-37.9,-32.1,-49.8,-40.6,0.14,-0.21,1.00,0.00,0.00,0.00,-17.87,79.18,100,-1,0,-14,-17.2,-0.02,0.526,0.668,0.74,0,26,0,188.8,313.9,278.4,81.8,0.00,1,-18.7,-13.8
27.30,brake,349.25,0.75,0.529,1,1298.0,1792.5,0.0,0.0,-33.49,68.38,106,81,-1,-38.5,-31.1,-51.7,-39.1,0.16,-0.22,1.00,0.00,0.00,0.00,-14.45,77.31,100,-1,0,-14,-20.4,0.07,0.529,0.683,0.81,0,26,0,188.6,314.9,278.6,81.4,0.00,1,-13.0,-10.0
27.40,brake,349.29,0.71,0.528,1,1298.0,1792.5,0.0,0.0,-33.49,68.38,107,81,-1,-39.3,-30.0,-53.1,-37.2,0.18,-0.20,1.00,0.00,0.00,0.00,-11.60,75.25,100,-1,0,-12,-20.4,0.16,0.529,0.680,0.86,0,26,0,189.5,315.5,279.7,80.0,0.00,1,-13.0,-10.0
27.50,brake,349.34,0.66,0.521,1,1291.6,1805.6,0.0,0.0,-30.50,64.25,108,81,-1,-40.0,-28.6,-53.8,-35.1,0.19,-0.14,1.00,0.00,0.00,0.00,-9.41,72.98,100,-1,0,-10,-22.1,0.25,0.523,0.655,0.87,0,26,0,191.4,315.6,281.6,77.7,0.00,1,3.0,1.3
27.60,brake,349.41,0.59,0.508,1,1291.6,1805.6,0.0,0.0,-30.50,64.25,109,76,-1,-40.7,-27.1,-53.9,-33.1,0.19,-0.05,1.00,0.00,0.00,0.00,-8.47,70.61,100,-1,0,-7,-22.1,0.31,0.511,0.608,0.84,0,26,0,194.1,315.1,284.1,74.5,0.00,1,3.0,1.3
27.70,brake,349.49,0.51,0.492,1,1285.9,1818.0,0.0,0.0,-27.51,60.42,108,76,-1,-41.3,-25.6,-53.5,-31.4,0.17,0.03,1.00,0.00,0.00,0.00,-7.82,68.27,100,-1,0,-3,-18.6,0.35,0.495,0.574,0.82,0,26,0,197.5,314.0,287.0,70.9,0.00,1,15.9,16.0
27.80,brake,349.59,0.41,0.475,1,1285.9,1818.0,0.0,0.0,-27.51,60.42,108,76,-1,-41.8,-24.2,-52.7,-30.4,0.11,0.08,1.00,0.00,0.00,0.00,-7.41,65.98,100,-1,0,1,-18.6,0.38,0.479,0.558,0.81,0,26,0,201.5,312.1,289.6,67.3,0.00,1,15.9,16.0
27.90,brake,349.71,0.29,0.459,1,1283.3,1823.9,0.0,0.0,-26.24,58.49,108,76,-1,-42.2,-22.9,-51.8,-30.5,0.03,0.11,1.00,0.00,0.00,0.00,-7.18,63.70,100,-1,0,4,-15.2,0.38,0.463,0.520,0.86,0,26,0,205.8,309.7,291.9,64.0,0.00,1,18.6,23.6
28.00,brake,349.83,0.17,0.448,1,1280.7,1829.6,0.0,0.0,-25.09,56.60,105,60,-1,-42.5,-21.9,-51.1,-31.7,-0.06,0.10,1.00,0.00,0.00,0.00,-9.07,61.25,100,-1,0,7,-11.2,0.35,0.452,0.515,0.95,0,26,0,210.3,306.7,293.5,61.3,0.00,1,19.0,29.9
28.10,brake,349.96,0.04,0.445,1,1275.9,1840.5,0.0,0.0,-23.42,52.87,104,60,-1,-42.7,-21.3,-50.7,-33.8,-0.16,0.07,1.00,0.00,0.00,0.00,-10.41,58.88,100,-1,0,8,-1.3,0.30,0.447,0.538,1.05,0,26,0,214.8,303.3,294.6,59.4,0.00,1,14.7,36.6
28.20,brake,350.09,-0.09,0.453,1,1273.6,1845.6,0.0,0.0,-22.90,50.98,103,60,-1,-42.7,-21.0,-50.6,-36.7,-0.25,0.03,1.00,0.00,0.00,0.00,-11.27,56.71,100,-1,0,10,4.1,0.22,0.454,0.565,1.10,0,26,0,219.1,300.0,295.1,58.3,0.00,1,11.5,36.0
28.30,brake,350.22,-0.22,0.471,1,1273.6,1845.6,0.0,0.0,-22.90,50.98,102,60,-1,-42.7,-21.3,-50.7,-40.0,-0.32,-0.00,1.00,0.00,0.00,0.00,-11.65,54.65,100,-1,0,10,4.1,0.12,0.471,0.602,1.10,0,26,0,223.0,296.9,295.2,57.9,0.00,1,11.5,36.0
28.40,brake,350.33,-0.33,0.494,1,1269.1,1855.3,0.0,0.0,-22.32,46.93,99,44,-1,-42.5,-21.9,-50.7,-43.2,-0.36,0.01,1.00,0.00,0.00,0.00,-14.73,51.84,100,-1,0,10,14.3,0.00,0.494,0.639,1.06,0,26,0,226.0,294.4,295.2,58.2,0.00,1,8.8,24.9
28.50,brake,350.44,-0.44,0.515,1,1269.1,1855.3,0.0,0.0,-22.32,46.93,96,44,-1,-42.2,-23.0,-50.3,-45.9,-0.35,0.05,1.00,0.00,0.00,0.00,-17.15,49.06,100,-1,0,9,14.3,-0.10,0.516,0.676,0.95,0,26,0,228.0,292.9,295.1,58.8,0.00,1,8.8,24.9
28.60,brake,350.55,-0.55,0.525,1,1264.7,1864.1,0.0,0.0,-22.28,42.54,94,44,-1,-41.7,-24.3,-49.2,-47.7,-0.30,0.12,1.00,0.00,0.00,0.00,-19.27,46.09,100,-1,0,8,20.6,-0.20,0.526,0.695,0.79,0,26,0,228.6,292.5,295.2,59.7,0.00,1,8.1,3.7
28.70,brake,350.64,-0.64,0.517,1,1264.7,1864.1,0.0,0.0,-22.28,42.54,91,44,-1,-41.2,-25.7,-47.4,-48.3,-0.21,0.21,1.00,0.00,0.00,0.00,-21.36,43.01,100,-1,0,7,20.6,-0.27,0.520,0.684,0.61,0,26,0,227.3,293.4,295.2,60.7,0.00,1,8.1,3.7
28.80,brake,350.72,-0.72,0.494,1,1260.2,1872.1,0.0,0.0,-22.54,38.10,89,46,-1,-40.7,-27.1,-45.1,-47.8,-0.09,0.27,1.00,0.00,0.00,0.00,-23.15,39.88,100,-1,0,6,20.9,-0.31,0.497,0.641,0.44,0,26,0,224.4,295.6,295.1,62.0,0.00,1,1.3,-20.9
28.90,brake,350.80,-0.80,0.462,1,1260.2,1872.1,0.0,0.0,-22.54,38.10,86,46,-1,-40.1,-28.4,-42.7,-46.4,0.03,0.29,1.00,0.00,0.00,0.00,-24.93,36.58,100,-1,0,4,20.9,-0.33,0.465,0.592,0.33,0,26,0,220.0,298.7,294.7,63.7,0.00,1,1.3,-20.9
29.00,brake,350.86,-0.86,0.429,1,1257.9,1875.7,0.0,0.0,-22.63,36.04,84,46,-1,-39.5,-29.5,-40.9,-44.4,0.12,0.26,1.00,0.00,0.00,0.00,-26.49,33.30,100,-1,0,2,18.8,-0.34,0.432,0.583,0.31,0,26,0,214.8,302.3,293.7,65.8,0.00,1,-5.8,-30.2
29.10,brake,350.92,-0.92,0.400,1,1255.7,1879.2,0.0,0.0,-22.63,34.15,81,46,-1,-39.0,-30.4,-40.1,-42.1,0.18,0.16,1.00,0.00,0.00,0.00,-27.66,30.22,100,-1,0,-1,15.3,-0.32,0.403,0.539,0.38,0,26,0,209.2,306.1,292.1,68.4,0.00,1,-14.4,-35.8
29.20,brake,350.96,-0.96,0.381,1,1251.2,1885.6,0.0,0.0,-22.15,30.94,83,66,-1,-38.6,-31.1,-40.6,-39.9,0.19,0.02,1.00,0.00,0.00,0.00,-26.03,29.64,100,-1,0,-3,5.4,-0.28,0.383,0.468,0.47,0,26,0,203.7,309.5,289.9,71.2,0.00,1,-31.5,-35.2
29.30,brake,350.98,-0.98,0.376,1,1249.0,1888.6,0.0,0.0,-21.62,29.62,85,66,-1,-38.3,-31.5,-42.4,-38.1,0.15,-0.14,1.00,0.00,0.00,0.00,-24.54,29.08,100,-1,0,-6,0.6,-0.23,0.377,0.496,0.55,0,26,0,198.6,312.5,287.1,74.2,0.00,1,-36.8,-30.3
29.40,brake,350.97,-0.97,0.386,1,1249.0,1888.6,0.0,0.0,-21.62,29.62,87,66,-1,-38.3,-31.6,-45.1,-36.9,0.11,-0.29,1.00,0.00,0.00,0.00,-22.94,28.61,100,-1,0,-9,0.6,-0.19,0.387,0.546,0.56,0,26,0,194.2,314.8,284.2,77.0,0.00,1,-36.8,-30.3
29.50,brake,350.94,-0.94,0.409,1,1246.9,1891.5,0.0,0.0,-21.01,28.34,89,66,-1,-38.4,-31.4,-48.1,-36.1,0.07,-0.39,1.00,0.00,0.00,0.00,-21.32,28.11,100,-1,0,-11,-4.2,-0.15,0.410,0.597,0.49,0,26,0,190.8,316.8,281.4,79.4,0.00,1,-38.4,-25.4
29.60,brake,350.89,-0.89,0.442,1,1242.9,1896.8,0.0,0.0,-19.12,25.93,93,82,-1,-38.7,-30.9,-51.1,-35.3,0.07,-0.44,1.00,0.00,0.00,0.00,-18.71,28.18,100,-1,0,-13,-12.1,-0.10,0.442,0.643,0.32,0,26,0,188.4,318.4,279.4,81.1,0.00,1,-28.8,-17.0
29.70,brake,350.82,-0.82,0.474,1,1242.9,1896.8,0.0,0.0,-19.12,25.93,96,82,-1,-39.1,-30.3,-53.6,-34.1,0.09,-0.41,1.00,0.00,0.00,0.00,-16.22,27.83,100,-1,0,-14,-12.1,-0.03,0.474,0.673,0.11,0,26,0,187.2,319.7,278.5,81.7,0.00,1,-28.8,-17.0
29.80,brake,350.73,-0.73,0.497,1,1239.4,1901.7,0.0,0.0,-16.52,23.29,99,82,-1,-39.6,-29.3,-55.1,-32.2,0.14,-0.32,1.00,0.00,0.00,0.00,-14.00,27.04,100,-1,0,-13,-18.3,0.05,0.497,0.680,-0.18,0,26,0,187.4,320.8,279.1,80.9,0.00,1,-5.6,-11.2
29.90,brake,350.65,-0.65,0.503,1,1237.9,1903.9,0.0,0.0,-14.99,21.88,100,82,-1,-40.2,-28.2,-55.3,-29.2,0.21,-0.16,1.00,0.00,0.00,0.00,-12.03,25.90,100,-1,0,-11,-20.6,0.15,0.504,0.651,-0.49,0,26,0,189.0,321.7,281.4,78.5,0.00,1,8.5,-7.5
30.00,brake,350.56,-0.56,0.492,1,1236.5,1906.0,0.0,0.0,-13.45,20.48,101,78,-1,-40.7,-26.9,-54.4,-25.6,0.26,0.02,1.00,0.00,0.00,0.00,-10.53,24.35,100,-1,0,-7,-21.9,0.28,0.494,0.607,-0.77,0,26,0,191.9,322.3,285.3,74.6,0.00,1,20.5,-2.6
30.10,brake,350.49,-0.49,0.472,1,1235.2,1908.0,0.0,0.0,-11.95,19.20,101,78,-1,-41.3,-25.5,-52.4,-21.8,0.29,0.19,1.00,0.00,0.00,0.00,-9.34,22.65,100,-1,0,-2,-22.1,0.40,0.477,0.668,-0.99,0,26,0,195.8,322.5,290.2,70.0,0.00,1,27.9,3.8
30.20,brake,350.43,-0.43,0.450,1,1235.2,1908.0,0.0,0.0,-11.95,19.20,100,78,-1,-41.8,-24.0,-49.9,-18.8,0.27,0.30,1.00,0.00,0.00,0.00,-8.35,21.02,100,-1,0,3,-22.1,0.49,0.456,0.684,-1.09,0,26,0,200.1,322.2,295.2,65.3,0.00,1,27.9,3.8
30.30,brake,350.38,-0.38,0.427,1,1233.2,1911.5,0.0,0.0,-9.54,16.83,99,78,-1,-42.3,-22.5,-47.6,-17.2,0.20,0.32,1.00,0.00,0.00,0.00,-7.57,19.47,100,-1,0,7,-18.5,0.56,0.435,0.644,-1.03,0,26,0,204.5,321.1,299.4,61.1,0.00,1,25.2,20.5
30.40,brake,350.34,-0.34,0.407,1,1232.3,1913.1,0.0,0.0,-8.66,15.86,96,61,-1,-42.7,-21.2,-45.8,-17.0,0.09,0.26,1.00,0.00,0.00,0.00,-7.59,17.80,100,-1,0,10,-14.0,0.57,0.415,0.555,-0.84,0,26,0,208.6,319.1,302.1,57.8,0.00,1,17.3,28.0
30.50,brake,350.32,-0.32,0.394,1,1232.3,1913.1,0.0,0.0,-8.66,15.86,94,61,-1,-42.9,-20.2,-45.0,-18.4,-0.05,0.14,1.00,0.00,0.00,0.00,-7.53,16.43,100,-1,0,12,-14.0,0.53,0.401,0.477,-0.60,0,26,0,212.0,316.2,303.1,55.5,0.00,1,17.3,28.0
30.60,brake,350.31,-0.31,0.389,1,1231.5,1914.6,0.0,0.0,-7.91,14.81,92,61,-1,-43.1,-19.6,-45.2,-21.1,-0.19,0.00,1.00,0.00,0.00,0.00,-7.34,15.10,100,-1,0,13,-7.9,0.43,0.393,0.469,-0.34,0,26,0,214.6,312.8,302.6,54.4,0.00,1,7.9,33.4
30.70,brake,350.31,-0.31,0.396,1,1230.0,1917.3,0.0,0.0,-6.90,12.61,91,61,-1,-43.0,-19.7,-46.1,-24.9,-0.30,-0.11,1.00,0.00,0.00,0.00,-7.10,13.90,100,-1,0,13,6.4,0.28,0.398,0.564,-0.14,0,26,0,216.3,309.2,300.9,54.7,0.00,1,-5.2,35.1
30.80,brake,350.29,-0.29,0.420,1,1230.0,1917.3,0.0,0.0,-6.90,12.61,89,53,-1,-41.0,-19.0,-47.3,-29.3,-0.39,-0.20,1.00,0.00,0.00,0.00,-7.02,12.55,100,-1,0,12,6.4,0.11,0.420,0.658,-0.10,0,26,0,217.1,305.9,298.7,56.0,0.00,1,-5.2,35.1
30.90,brake,350.27,-0.27,0.455,1,1229.4,1918.5,0.0,0.0,-6.55,11.43,89,53,-1,-37.1,-17.6,-48.5,-33.6,-0.45,-0.24,1.00,0.00,0.00,0.00,-6.82,11.26,100,-1,0,10,12.9,-0.06,0.455,0.731,-0.18,0,26,0,217.1,303.4,296.5,58.2,0.00,1,-6.5,30.6
31.00,brake,350.24,-0.24,0.489,1,1228.7,1919.5,0.0,0.0,-6.24,10.02,88,53,-1,-32.7,-16.1,-48.9,-37.3,-0.46,-0.22,1.00,0.00,0.00,0.00,-6.52,9.84,100,-1,0,7,18.5,-0.22,0.491,0.762,-0.35,0,26,0,216.4,301.9,294.7,60.6,0.00,1,-4.2,22.8
31.10,brake,350.20,-0.20,0.512,1,1227.5,1921.1,0.0,0.0,-5.76,6.72,88,53,-1,-28.0,-14.4,-48.2,-39.7,-0.42,-0.13,1.00,0.00,0.00,0.00,-6.23,8.25,100,-1,0,5,24.6,-0.35,0.516,0.738,-0.58,0,26,0,215.0,301.8,293.5,62.8,0.00,1,7.2,-1.5
31.20,brake,350.16,-0.16,0.513,1,1227.0,1921.6,0.0,0.0,-5.58,4.83,89,57,-1,-23.0,-12.6,-46.1,-40.2,-0.32,-0.02,1.00,0.00,0.00,0.00,-5.91,6.59,100,-1,0,3,24.4,-0.42,0.518,0.656,-0.84,0,26,0,213.1,303.3,293.2,64.5,0.00,1,13.6,-17.2
31.30,cruise,350.12,-0.12,0.490,1,1226.4,1922.0,-22.5,73.9,-5.41,2.86,88,57,-1,-19.0,-8.6,-42.7,-38.8,-0.15,0.08,1.00,0.00,0.00,0.00,-5.73,4.66,100,-1,0,2,22.3,-0.44,0.496,0.612,-1.06,0,26,0,210.9,306.4,293.8,65.6,0.00,1,18.0,-32.8
31.40,cruise,350.07,-0.07,0.456,1,1225.9,1922.1,-21.9,73.5,-5.19,1.19,87,57,-1,-15.0,-4.6,-38.6,-35.5,-0.03,0.16,1.00,0.00,0.00,0.00,-5.55,2.57,100,-1,0,2,19.1,-0.41,0.461,0.545,-1.16,0,26,0,208.6,311.0,295.4,66.3,0.00,1,18.6,-45.5
31.50,cruise,350.02,-0.02,0.421,1,1225.4,1922.1,-21.4,73.4,-4.97,-0.26,85,57,-1,-11.0,-0.6,-34.5,-31.1,0.10,0.17,1.00,0.00,0.00,0.00,-5.27,0.73,100,-1,0,1,14.7,-0.36,0.424,0.537,-1.17,0,26,0,206.2,316.8,297.6,66.9,0.00,1,16.2,-54.0
31.60,cruise,349.96,0.04,0.386,1,1224.9,1922.0,-20.9,73.4,-4.61,-1.45,84,66,-1,-7.0,3.4,-31.1,-25.8,0.23,0.11,0.92,0.00,0.00,0.00,-4.91,-0.76,100,-1,0,0,9.6,-0.28,0.388,0.518,-1.00,0,26,0,204.1,323.0,300.8,67.4,0.00,1,12.0,-57.4
31.70,cruise,349.90,0.10,0.356,1,1224.9,1922.0,-20.4,73.5,-4.61,-1.45,83,66,-1,-3.0,7.4,-28.7,-20.2,0.33,-0.02,0.78,0.00,0.00,0.00,-4.41,-2.00,100,-1,0,0,9.6,-0.19,0.357,0.482,-0.74,0,26,0,202.5,329.2,304.8,67.8,0.00,1,12.0,-57.4
31.80,cruise,349.84,0.16,0.333,1,1224.1,1921.6,-20.0,73.7,-3.82,-2.77,82,66,-1,1.0,11.4,-27.2,-14.9,0.36,-0.18,0.67,0.00,0.00,0.00,-3.89,-2.84,100,-1,0,-0,1.3,-0.11,0.334,0.517,-0.50,0,26,0,201.4,335.0,310.1,68.0,0.00,1,5.5,-50.8
31.90,cruise,349.78,0.22,0.318,1,1224.1,1921.6,-19.6,73.9,-3.82,-2.77,80,66,-1,5.0,15.4,-26.2,-9.9,0.34,-0.31,0.58,0.00,0.00,0.00,-3.29,-3.38,100,-1,0,-0,1.3,-0.03,0.318,0.526,-0.30,0,26,0,200.9,340.1,316.5,68.0,0.00,1,5.5,-50.8
32.00,cruise,349.72,0.28,0.309,1,1223.5,1920.9,-19.3,74.2,-2.72,-3.30,79,69,-1,9.0,19.4,-25.3,-5.6,0.27,-0.37,0.52,0.00,0.00,0.00,-2.65,-3.69,100,-1,0,0,-2.5,0.03,0.309,0.505,-0.19,0,26,0,200.8,344.5,323.9,67.7,0.00,1,10.0,-36.3
32.10,cruise,349.66,0.34,0.307,1,1223.3,1920.6,-19.0,74.6,-2.11,-3.43,78,69,-1,13.0,23.4,-24.0,-2.0,0.16,-0.33,0.47,0.00,0.00,0.00,-1.98,-3.79,100,-1,0,1,-2.5,0.06,0.307,0.457,-0.17,0,26,0,201.0,348.3,331.7,67.3,0.00,1,16.1,-28.8
32.20,cruise,349.62,0.38,0.308,1,1223.3,1920.6,-18.8,74.9,-2.11,-3.43,77,69,-1,17.0,27.4,-22.2,0.8,0.03,-0.22,0.41,0.00,0.00,0.00,-1.27,-3.82,100,-1,0,1,-2.5,0.07,0.308,0.385,-0.24,0,26,0,201.4,351.7,339.5,67.1,0.00,1,16.1,-28.8
32.30,cruise,349.58,0.42,0.309,1,1223.0,1919.9,-18.6,75.3,-0.88,-3.43,76,69,-1,21.0,31.4,-19.7,2.9,-0.09,-0.08,0.33,0.00,0.00,0.00,-0.60,-3.69,100,-1,0,1,-0.3,0.05,0.309,0.363,-0.30,0,26,0,201.7,354.7,346.9,67.0,0.00,1,30.1,-17.7
32.40,cruise,349.54,0.46,0.312,1,1223.0,1919.9,-18.5,75.6,-0.88,-3.43,75,68,-1,25.0,35.4,-16.6,4.5,-0.18,0.06,0.24,0.00,0.00,0.00,0.07,-3.54,100,-1,0,1,-0.3,0.02,0.312,0.387,-0.39,0,26,0,201.8,357.7,354.2,67.2,0.00,1,30.1,-17.7
32.50,cruise,349.49,0.51,0.313,1,1222.9,1919.6,-18.4,75.9,-0.40,-3.43,73,68,-1,29.0,39.4,-13.0,5.9,-0.22,0.17,0.14,0.00,0.00,0.00,0.60,-3.40,100,-1,0,0,1.3,-0.02,0.313,0.437,-0.44,0,26,0,201.7,0.7,1.7,67.7,0.00,1,35.4,-15.6
32.60,cruise,349.44,0.56,0.312,1,1222.9,1919.2,-18.4,76.3,0.04,-3.43,73,68,-1,33.0,43.4,-9.3,7.4,-0.22,0.23,0.06,0.00,0.00,0.00,1.07,-3.26,100,-1,0,-1,2.8,-0.07,0.312,0.453,-0.42,0,26,0,201.2,3.8,9.7,68.5,0.00,1,38.2,-15.8
32.70,cruise,349.38,0.62,0.310,1,1223.0,1918.5,-18.5,76.6,0.48,-3.30,72,68,-1,32.0,45.2,-5.6,9.2,-0.16,0.25,0.02,0.00,0.00,0.00,1.41,-3.14,100,-1,0,-2,5.1,-0.11,0.311,0.439,-0.34,0,26,0,200.6,7.1,18.4,69.5,0.00,1,34.8,-21.6
32.80,cruise,349.31,0.69,0.311,1,1223.0,1918.5,-18.5,77.0,0.48,-3.30,71,70,-1,31.1,45.5,-2.4,11.4,-0.07,0.20,0.05,0.00,0.00,0.00,1.51,-2.97,100,-1,0,-3,5.1,-0.16,0.312,0.398,-0.29,0,26,0,199.7,10.5,27.5,70.6,0.00,1,34.8,-21.6
32.90,cruise,349.23,0.77,0.312,1,1223.1,1918.2,-18.6,77.3,0.53,-3.16,71,70,-1,30.3,45.6,0.4,14.0,0.02,0.12,0.13,0.00,0.00,0.00,1.52,-2.82,100,-1,0,-4,5.8,-0.19,0.313,0.355,-0.20,0,26,0,198.7,14.1,36.6,71.8,0.00,1,30.3,-25.7
33.00,cruise,349.15,0.85,0.313,1,1223.2,1917.7,-18.6,77.6,0.44,-2.59,71,70,-1,29.5,45.8,2.6,17.0,0.09,0.03,0.24,0.00,0.00,0.00,1.46,-2.61,100,-1,0,-5,5.6,-0.22,0.314,0.351,-0.08,0,26,0,197.7,17.7,45.0,73.0,0.00,1,20.2,-30.7
33.10,cruise,349.07,0.93,0.315,1,1223.2,1917.7,-18.7,77.8,0.44,-2.59,71,70,-1,29.0,45.8,4.4,20.1,0.14,-0.05,0.35,0.00,0.00,0.00,1.26,-2.31,100,-1,0,-6,5.6,-0.24,0.317,0.375,0.05,0,26,0,196.9,21.3,52.1,74.1,0.00,1,20.2,-30.7
33.20,cruise,349.00,1.00,0.318,1,1223.2,1917.4,-18.7,78.1,0.35,-2.15,72,74,-1,28.6,45.8,5.9,23.3,0.15,-0.09,0.46,0.00,0.00,0.00,1.02,-1.93,100,-1,0,-7,4.5,-0.23,0.319,0.396,0.18,0,26,0,196.2,24.8,57.7,75.1,0.00,1,16.6,-31.1
33.30,cruise,348.93,1.07,0.324,1,1223.3,1917.1,-18.7,78.2,0.26,-1.01,72,74,-1,27.7,45.9,7.5,26.3,0.13,-0.09,0.57,0.00,0.00,0.00,0.79,-1.45,100,-1,0,-8,0.8,-0.22,0.325,0.396,0.26,0,26,0,195.7,27.9,62.1,75.9,0.00,1,14.5,-26.7
33.40,cruise,348.87,1.13,0.334,1,1223.3,1917.1,-18.8,78.4,0.35,-0.35,73,74,-1,26.1,46.2,9.1,28.9,0.09,-0.05,0.66,0.00,0.00,0.00,0.55,-0.89,100,-1,0,-9,-1.4,-0.19,0.335,0.383,0.25,0,26,0,195.3,30.8,65.4,76.6,0.00,1,15.1,-23.4
33.50,cruise,348.81,1.19,0.348,1,1223.3,1917.1,-18.8,78.4,0.35,-0.35,74,74,-1,26.7,45.8,11.0,31.3,0.05,-0.03,0.75,0.00,0.00,0.00,0.44,-0.24,100,-1,0,-9,-1.4,-0.16,0.348,0.376,0.20,0,26,0,195.0,33.4,67.9,77.3,0.00,1,15.1,-23.4
33.60,cruise,348.75,1.25,0.362,1,1223.3,1917.1,-18.8,78.4,0.35,0.35,75,75,-1,27.1,45.6,13.1,33.3,0.02,0.01,0.83,0.00,0.00,0.00,0.25,0.43,100,-1,0,-10,-3.7,-0.12,0.363,0.372,0.14,0,26,0,194.7,35.7,69.9,77.7,0.00,1,15.8,-20.1
33.70,cruise,348.70,1.30,0.376,1,1223.4,1917.4,-18.9,78.3,0.31,1.98,76,75,-1,27.8,45.5,15.5,35.1,-0.00,0.04,0.90,0.00,0.00,0.00,0.06,1.19,100,-1,0,-10,-8.3,-0.08,0.376,0.391,0.12,0,26,0,194.5,37.7,71.5,78.2,0.00,1,17.4,-15.6
33.80,cruise,348.65,1.35,0.389,1,1223.4,1917.6,-18.9,78.1,0.22,2.90,77,75,-1,28.7,45.2,18.1,36.7,-0.01,0.07,0.97,0.00,0.00,0.00,-0.13,2.00,100,-1,0,-11,-10.3,-0.05,0.389,0.419,0.12,0,26,0,194.3,39.7,72.9,78.5,0.00,1,17.5,-14.4
33.90,cruise,348.61,1.39,0.403,1,1223.4,1917.6,-18.9,77.9,0.22,2.90,79,75,-1,29.7,45.0,20.9,38.2,-0.01,0.09,1.00,0.00,0.00,0.00,-0.34,2.89,100,-1,0,-11,-10.3,-0.01,0.403,0.442,0.13,0,26,0,194.3,41.5,73.9,78.7,0.00,1,17.5,-14.4
34.00,cruise,348.57,1.43,0.418,1,1223.4,1918.5,-18.9,77.5,-0.13,4.97,81,76,-1,30.8,44.7,23.7,39.6,-0.01,0.09,1.00,0.00,0.00,0.00,-0.53,3.88,100,-1,0,-11,-12.7,0.02,0.418,0.460,0.16,0,26,0,194.4,43.2,74.7,78.8,0.00,1,14.7,-13.1
34.10,cruise,348.54,1.46,0.431,1,1223.4,1918.5,-18.9,77.0,-0.13,4.97,83,76,-1,31.8,44.4,26.5,40.8,-0.00,0.09,1.00,0.00,0.00,0.00,-0.74,4.91,100,-1,0,-11,-12.7,0.04,0.431,0.472,0.21,0,26,0,194.7,44.9,75.2,78.7,0.00,1,14.7,-13.1
34.20,cruise,348.52,1.48,0.448,1,1223.4,1919.0,-18.9,76.5,-0.35,6.02,85,76,-1,32.9,44.0,29.0,42.0,-0.00,0.08,1.00,0.00,0.00,0.00,-0.86,5.97,100,-1,0,-11,-13.2,0.05,0.448,0.483,0.23,0,26,0,195.3,46.5,75.5,78.5,0.00,1,12.2,-12.8
34.30,cruise,348.50,1.50,0.464,1,1223.2,1920.5,-18.8,75.8,-0.92,8.39,87,76,-1,33.9,43.7,31.2,43.1,-0.00,0.05,1.00,0.00,0.00,0.00,-0.98,7.08,100,-1,0,-10,-12.8,0.06,0.464,0.490,0.25,0,26,0,196.2,48.0,75.4,78.0,0.00,1,4.9,-12.2
34.40,cruise,348.50,1.50,0.475,1,1223.1,1921.5,-18.7,75.0,-1.27,9.76,89,73,-1,35.0,43.4,33.0,44.0,-0.01,0.03,1.00,0.00,0.00,0.00,-1.04,8.38,100,-1,0,-9,-12.6,0.07,0.475,0.491,0.32,0,26,0,197.4,49.5,75.0,77.3,0.00,1,1.6,-12.0
34.50,cruise,348.52,1.48,0.483,1,1223.0,1922.6,-18.6,74.0,-1.58,11.07,91,73,-1,35.9,43.1,34.4,44.8,-0.01,0.00,1.00,0.00,0.00,0.00,-1.10,9.78,100,-1,0,-8,-12.0,0.08,0.483,0.489,0.43,0,26,0,199.0,50.9,74.4,76.4,0.00,1,-1.3,-11.8
34.60,cruise,348.54,1.46,0.490,1,1222.8,1923.8,-18.5,72.9,-1.85,12.48,93,73,-1,36.9,42.8,35.6,45.5,-0.01,-0.02,1.00,0.00,0.00,0.00,-1.04,11.14,100,-1,0,-7,-11.4,0.09,0.490,0.505,0.51,0,26,0,200.8,52.2,73.6,75.3,0.00,1,-3.5,-11.6
34.70,cruise,348.59,1.41,0.494,1,1222.6,1925.1,-18.3,71.7,-2.11,13.97,95,73,-1,37.9,42.6,36.5,46.1,-0.01,-0.04,1.00,0.00,0.00,0.00,-0.85,12.59,100,-1,0,-6,-10.5,0.10,0.495,0.517,0.61,0,26,0,202.9,53.5,72.7,74.1,0.00,1,-4.5,-11.7
34.80,cruise,348.64,1.36,0.496,1,1222.6,1925.1,-18.1,70.4,-2.11,13.97,95,65,-1,38.8,42.3,37.4,46.8,0.00,-0.05,1.00,0.00,0.00,0.00,-0.94,14.10,100,-1,0,-5,-10.5,0.11,0.496,0.519,0.76,0,26,0,205.1,54.9,71.8,72.9,0.00,1,-4.5,-11.7
34.90,brake,348.71,1.29,0.497,1,1222.4,1926.6,0.0,0.0,-2.29,15.38,95,65,-1,32.8,36.3,38.1,47.5,0.09,0.00,1.00,0.00,0.00,0.00,-0.90,15.52,100,-1,0,-4,-9.2,0.10,0.497,0.535,0.91,0,26,0,207.2,56.2,71.0,71.9,0.00,1,-4.8,-12.1
35.00,brake,348.79,1.21,0.499,1,1221.9,1930.1,0.0,0.0,-2.50,18.37,96,65,-1,26.8,30.3,38.8,48.3,0.19,0.07,1.00,0.00,0.00,0.00,-0.73,17.03,100,-1,0,-3,-5.5,0.09,0.499,0.603,1.04,0,26,0,209.3,57.5,70.4,70.9,0.00,1,-4.8,-11.8
35.10,brake,348.88,1.12,0.502,1,1221.6,1932.0,0.0,0.0,-2.55,19.78,96,65,-1,20.8,24.3,39.2,49.0,0.28,0.12,1.00,0.00,0.00,0.00,-0.46,18.53,100,-1,0,-2,-3.3,0.07,0.502,0.660,1.13,0,26,0,211.2,58.7,69.8,70.1,0.00,1,-5.8,-8.2
35.20,brake,348.99,1.01,0.499,1,1221.4,1934.1,0.0,0.0,-2.55,21.36,95,57,-1,14.8,18.3,39.2,49.4,0.32,0.15,1.00,0.00,0.00,0.00,-0.77,19.92,100,-1,0,-1,-1.5,0.04,0.500,0.686,1.15,0,26,0,212.7,59.4,69.2,69.4,0.00,1,-8.1,-2.1
35.30,brake,349.11,0.89,0.487,1,1221.1,1936.4,0.0,0.0,-2.46,22.90,94,57,-1,8.8,12.3,38.4,49.0,0.32,0.15,1.00,0.00,0.00,0.00,-1.09,21.48,100,-1,0,-1,0.1,0.02,0.487,0.677,1.13,0,26,0,213.9,59.3,68.2,68.6,0.00,1,-11.4,6.3
35.40,brake,349.26,0.74,0.462,1,1221.1,1936.4,0.0,0.0,-2.46,22.90,92,57,-1,2.8,6.3,36.6,47.6,0.27,0.13,1.00,0.00,0.00,0.00,-1.51,22.98,100,-1,0,0,0.1,0.01,0.462,0.622,1.05,0,26,0,214.6,58.1,66.8,67.5,0.00,1,-11.4,6.3
35.50,brake,349.44,0.56,0.425,1,1220.6,1941.3,0.0,0.0,-2.29,25.93,90,57,-1,-3.2,0.3,33.8,45.0,0.17,0.08,1.00,0.00,0.00,0.00,-2.28,24.49,100,-1,0,2,2.0,0.01,0.425,0.527,0.93,0,26,0,214.8,55.7,64.6,66.2,0.00,1,-21.5,28.3
35.60,brake,349.65,0.35,0.383,1,1220.4,1944.0,0.0,0.0,-2.20,27.20,87,55,-1,-9.2,-5.7,30.0,41.3,0.06,0.03,1.00,0.00,0.00,0.00,-3.50,25.79,100,-1,0,3,3.2,0.02,0.383,0.420,0.82,0,26,0,214.7,52.0,61.6,64.7,0.00,1,-26.1,37.5
35.70,brake,349.88,0.12,0.345,1,1220.4,1944.0,0.0,0.0,-2.20,27.20,84,55,-1,-15.2,-11.7,25.8,36.8,-0.03,-0.01,1.00,0.00,0.00,0.00,-5.00,26.83,100,-1,0,5,3.2,0.03,0.345,0.359,0.70,0,26,0,214.4,47.2,57.6,63.1,0.00,1,-26.1,37.5
35.80,brake,350.10,-0.10,0.313,1,1220.2,1946.8,0.0,0.0,-2.11,28.17,81,55,-1,-21.2,-17.7,21.4,31.9,-0.11,-0.04,0.88,0.00,0.00,0.00,-6.62,27.46,100,-1,0,6,4.8,0.03,0.313,0.373,0.59,0,26,0,213.8,41.5,52.9,61.8,0.00,1,-29.0,43.8
35.90,brake,350.33,-0.33,0.285,1,1220.0,1949.7,0.0,0.0,-2.07,28.92,77,55,-1,-27.2,-23.7,17.2,26.9,-0.16,-0.07,0.69,0.00,0.00,0.00,-8.29,27.78,100,-1,0,7,6.8,0.00,0.285,0.378,0.55,0,26,0,213.0,35.3,47.5,60.9,0.00,1,-30.5,46.9
36.00,brake,350.53,-0.53,0.263,1,1219.6,1955.6,0.0,0.0,-1.93,29.71,75,58,-1,-33.2,-29.7,13.2,22.2,-0.18,-0.08,0.51,0.00,0.00,0.00,-9.65,27.94,100,-1,0,7,11.0,-0.03,0.263,0.368,0.53,0,26,0,212.1,29.0,41.5,60.5,0.00,1,-29.6,44.6
36.10,brake,350.71,-0.71,0.250,1,1219.6,1955.6,0.0,0.0,-1.93,29.71,72,58,-1,-33.3,-35.7,9.6,17.8,-0.15,-0.12,0.33,0.00,0.00,0.00,-10.79,27.74,100,-1,0,7,11.0,-0.07,0.250,0.358,0.45,0,26,0,211.0,22.9,35.1,60.6,0.00,1,-29.6,44.6
36.20,brake,350.85,-0.85,0.250,1,1219.4,1958.6,0.0,0.0,-1.93,29.79,70,58,-1,-32.6,-37.6,6.3,13.9,-0.12,-0.14,0.17,0.00,0.00,0.00,-11.86,27.40,100,-1,0,7,12.6,-0.12,0.250,0.356,0.31,0,26,0,209.8,17.2,28.4,61.1,0.00,1,-27.9,41.0
36.30,brake,350.95,-0.95,0.250,1,1219.0,1964.5,0.0,0.0,-1.85,29.62,68,58,-1,-31.8,-38.1,3.4,10.3,-0.11,-0.14,0.03,0.00,0.00,0.00,-12.74,26.95,100,-1,0,6,14.1,-0.16,0.250,0.349,0.17,0,26,0,208.6,12.1,21.6,61.9,0.00,1,-23.2,32.9
36.40,brake,351.02,-1.02,0.250,1,1219.0,1964.5,0.0,0.0,-1.85,29.62,68,63,-1,-31.0,-38.6,1.0,7.2,-0.07,-0.11,0.00,0.00,0.00,0.00,-13.02,26.67,100,-1,0,5,14.1,-0.18,0.251,0.324,0.01,0,26,0,207.2,7.7,14.7,63.0,0.00,1,-23.2,32.9
36.50,brake,351.06,-1.06,0.251,1,1218.8,1967.5,0.0,0.0,-1.76,29.40,67,63,-1,-30.2,-39.1,-1.1,4.4,-0.03,-0.08,0.00,0.00,0.00,0.00,-13.20,26.33,100,-1,0,4,14.0,-0.21,0.252,0.295,-0.15,0,26,0,205.9,3.8,7.9,64.2,0.00,1,-20.2,28.9
36.60,brake,351.08,-1.08,0.258,1,1218.5,1973.3,0.0,0.0,-1.58,28.78,66,63,-1,-29.5,-39.5,-2.8,1.8,0.00,-0.04,0.00,0.00,0.00,0.00,-13.34,25.96,100,-1,0,2,12.2,-0.22,0.258,0.276,-0.30,0,26,0,204.6,0.6,1.2,65.4,0.00,1,-14.2,23.5
36.70,brake,351.07,-1.07,0.264,1,1218.4,1976.1,0.0,0.0,-1.49,28.43,66,63,-1,-28.7,-39.9,-4.2,-0.5,0.02,-0.01,0.00,0.00,0.00,0.00,-13.30,25.57,100,-1,0,1,10.7,-0.22,0.265,0.274,-0.43,0,26,0,203.4,357.6,354.6,66.6,0.00,1,-11.7,22.2
36.80,brake,351.05,-1.05,0.270,1,1218.4,1976.1,0.0,0.0,-1.49,28.43,66,68,-1,-28.1,-40.2,-5.3,-2.8,0.02,0.02,0.00,0.00,0.00,0.00,-12.93,25.37,100,-1,0,0,10.7,-0.21,0.270,0.289,-0.51,0,26,0,202.4,355.0,348.0,67.6,0.00,1,-11.7,22.2
36.90,brake,351.02,-1.02,0.276,1,1218.2,1978.9,0.0,0.0,-1.41,28.08,66,68,-1,-27.5,-40.5,-6.2,-5.1,0.02,0.04,0.00,0.00,0.00,0.00,-12.56,25.15,100,-1,0,-1,8.8,-0.19,0.276,0.297,-0.60,0,26,0,201.5,352.5,341.5,68.5,0.00,1,-9.9,21.7
37.00,brake,350.98,-0.98,0.282,1,1218.0,1984.5,0.0,0.0,-1.19,27.29,67,68,-1,-27.0,-40.7,-7.1,-7.4,0.00,0.03,0.01,0.00,0.00,0.00,-12.16,24.95,100,-1,0,-1,5.0,-0.17,0.282,0.296,-0.66,0,26,0,200.9,350.0,335.1,69.3,0.00,1,-9.6,22.3
37.10,brake,350.94,-0.94,0.286,1,1218.0,1984.5,0.0,0.0,-1.19,27.29,67,68,-1,-26.7,-40.9,-8.0,-9.7,-0.00,0.02,0.08,0.00,0.00,0.00,-11.77,24.65,100,-1,0,-2,5.0,-0.14,0.287,0.297,-0.68,0,26,0,200.4,347.4,329.0,69.9,0.00,1,-9.6,22.3
37.20,brake,350.89,-0.89,0.291,1,1217.7,1989.8,0.0,0.0,-1.01,26.32,68,70,-1,-26.5,-40.9,-9.1,-12.0,-0.00,0.01,0.16,0.00,0.00,0.00,-11.21,24.37,100,-1,0,-2,1.3,-0.11,0.291,0.296,-0.68,0,26,0,200.1,344.9,323.5,70.3,0.00,1,-10.3,22.0
37.30,brake,350.85,-0.85,0.294,1,1217.7,1989.8,0.0,0.0,-1.01,26.32,68,70,-1,-26.4,-41.0,-10.2,-14.2,-0.00,-0.00,0.24,0.00,0.00,0.00,-10.68,24.08,100,-1,0,-3,1.3,-0.08,0.294,0.295,-0.64,0,26,0,199.9,342.3,318.7,70.6,0.00,1,-10.3,22.0
37.40,brake,350.79,-0.79,0.298,1,1217.6,1994.9,0.0,0.0,-0.88,25.14,69,70,-1,-26.5,-40.9,-11.4,-16.4,-0.00,-0.02,0.32,0.00,0.00,0.00,-10.12,23.70,100,-1,0,-3,-1.8,-0.05,0.298,0.307,-0.62,0,26,0,199.9,339.8,314.5,70.9,0.00,1,-11.2,21.6
37.50,brake,350.74,-0.74,0.304,1,1217.6,1994.9,0.0,0.0,-0.88,25.14,70,70,-1,-26.6,-40.9,-12.7,-18.6,-0.01,-0.04,0.40,0.00,0.00,0.00,-9.60,23.25,100,-1,0,-3,-1.8,-0.03,0.304,0.321,-0.61,0,26,0,200.0,337.3,311.0,71.0,0.00,1,-11.2,21.6
37.60,brake,350.68,-0.68,0.312,1,1217.5,1997.4,0.0,0.0,-0.75,24.52,70,70,-1,-26.8,-40.8,-14.1,-20.8,-0.01,-0.05,0.48,0.00,0.00,0.00,-9.00,22.82,100,-1,0,-3,-2.7,-0.01,0.312,0.337,-0.62,0,26,0,200.2,334.7,307.9,71.1,0.00,1,-11.4,21.4
37.70,brake,350.61,-0.61,0.322,1,1217.4,2002.1,0.0,0.0,-0.53,23.12,71,70,-1,-27.1,-40.7,-15.6,-22.9,-0.02,-0.06,0.56,0.00,0.00,0.00,-8.41,22.30,100,-1,0,-3,-3.8,0.00,0.322,0.355,-0.65,0,26,0,200.3,332.2,305.1,71.2,0.00,1,-11.0,20.9
37.80,brake,350.54,-0.54,0.333,1,1217.3,2004.4,0.0,0.0,-0.40,22.28,72,70,-1,-27.4,-40.6,-17.1,-25.0,-0.03,-0.06,0.64,0.00,0.00,0.00,-7.76,21.78,100,-1,0,-3,-4.1,0.01,0.333,0.370,-0.68,0,26,0,200.6,329.8,302.8,71.3,0.00,1,-9.7,20.5
37.90,brake,350.47,-0.47,0.342,1,1217.3,2004.4,0.0,0.0,-0.40,22.28,73,70,-1,-27.6,-40.4,-18.5,-27.1,-0.04,-0.05,0.71,0.00,0.00,0.00,-7.07,21.13,100,-1,0,-3,-4.1,0.01,0.342,0.379,-0.67,0,26,0,200.9,327.4,300.9,71.3,0.00,1,-9.7,20.5
38.00,brake,350.39,-0.39,0.352,1,1217.3,2008.6,0.0,0.0,-0.04,20.52,73,69,-1,-27.9,-40.3,-19.8,-29.1,-0.05,-0.04,0.78,0.00,0.00,0.00,-6.42,20.46,100,-1,0,-3,-4.2,0.01,0.352,0.388,-0.65,0,26,0,201.4,325.1,299.3,71.3,0.00,1,-6.0,19.9
38.10,brake,350.32,-0.32,0.362,1,1217.3,2010.6,0.0,0.0,0.09,19.51,74,69,-1,-28.1,-40.2,-20.9,-31.1,-0.06,-0.03,0.85,0.00,0.00,0.00,-5.73,19.70,100,-1,0,-3,-4.2,0.02,0.362,0.396,-0.63,0,26,0,201.9,322.9,298.0,71.2,0.00,1,-4.4,18.7
38.20,brake,350.25,-0.25,0.373,1,1217.3,2012.5,0.0,0.0,0.22,18.50,75,69,-1,-28.4,-40.1,-21.9,-32.8,-0.06,-0.01,0.91,0.00,0.00,0.00,-5.07,18.84,100,-1,0,-3,-4.2,0.02,0.373,0.400,-0.62,0,26,0,202.6,320.9,297.1,71.1,0.00,1,-2.8,17.2
38.30,brake,350.17,-0.17,0.385,1,1217.3,2012.5,0.0,0.0,0.22,18.50,76,69,-1,-28.6,-40.0,-22.8,-34.5,-0.05,-0.00,0.96,0.00,0.00,0.00,-4.41,17.97,100,-1,0,-3,-4.2,0.02,0.385,0.405,-0.64,0,26,0,203.3,319.1,296.4,70.9,0.00,1,-2.8,17.2
38.40,brake,350.10,-0.10,0.395,1,1217.4,2015.9,0.0,0.0,0.44,16.22,76,66,-1,-28.8,-39.9,-23.6,-35.9,-0.04,0.01,1.00,0.00,0.00,0.00,-3.91,16.96,100,-1,0,-3,-4.2,0.03,0.395,0.415,-0.63,0,26,0,204.1,317.4,296.0,70.6,0.00,1,-1.0,13.4
38.50,brake,350.03,-0.03,0.402,1,1217.4,2015.9,0.0,0.0,0.44,16.22,76,66,-1,-29.1,-39.7,-24.3,-37.0,-0.02,0.02,1.00,0.00,0.00,0.00,-3.42,15.86,100,-1,0,-2,-4.2,0.04,0.402,0.417,-0.57,0,26,0,204.9,316.0,295.7,70.3,0.00,1,-1.0,13.4
38.60,brake,349.98,0.02,0.406,1,1217.4,2017.4,0.0,0.0,0.53,14.99,77,66,-1,-28.7,-38.9,-24.9,-38.0,-0.01,0.01,1.00,0.00,0.00,0.00,-2.92,14.71,100,-1,0,-2,-4.1,0.04,0.406,0.417,-0.49,0,26,0,205.7,314.9,295.6,70.0,0.00,1,-0.8,10.9
38.70,brake,349.93,0.07,0.410,1,1217.5,2018.8,0.0,0.0,0.53,13.75,77,66,-1,-25.9,-35.2,-25.5,-38.7,-0.04,-0.01,1.00,0.00,0.00,0.00,-2.52,13.53,100,-1,0,-2,-3.8,0.04,0.410,0.431,-0.42,0,26,0,206.3,314.0,295.5,69.7,0.00,1,-0.8,8.5
38.80,brake,349.89,0.11,0.413,1,1217.6,2021.2,0.0,0.0,0.62,11.25,77,63,-1,-23.2,-31.5,-26.0,-39.2,-0.08,-0.04,1.00,0.00,0.00,0.00,-2.16,12.31,100,-1,0,-2,-2.9,0.03,0.413,0.462,-0.35,0,26,0,206.8,313.3,295.4,69.6,0.00,1,-1.5,5.1
38.90,brake,349.86,0.14,0.414,1,1217.7,2022.3,0.0,0.0,0.70,10.02,77,63,-1,-20.7,-28.0,-26.5,-39.7,-0.12,-0.07,1.00,0.00,0.00,0.00,-1.87,11.11,100,-1,0,-2,-2.4,0.03,0.414,0.490,-0.27,0,26,0,207.1,312.7,295.3,69.4,0.00,1,-1.6,3.3
39.00,brake,349.83,0.17,0.416,1,1217.7,2022.3,0.0,0.0,0.70,10.02,77,63,-1,-18.3,-24.6,-26.9,-39.9,-0.15,-0.10,1.00,0.00,0.00,0.00,-1.49,9.93,100,-1,0,-1,-2.4,0.02,0.416,0.515,-0.23,0,26,0,207.3,312.3,295.2,69.4,0.00,1,-1.6,3.3
39.10,brake,349.81,0.19,0.416,1,1217.8,2024.0,0.0,0.0,0.79,7.47,78,63,-1,-15.8,-21.2,-27.1,-39.9,-0.16,-0.11,1.00,0.00,0.00,0.00,-1.19,8.69,100,-1,0,-1,-1.4,0.01,0.416,0.526,-0.20,0,26,0,207.4,312.3,295.2,69.3,0.00,1,0.3,-2.9
39.20,hold,349.79,0.21,0.250,1,1217.8,2024.0,-13.3,-28.5,0.79,7.47,78,63,-1,-9.8,-20.1,-26.9,-39.4,-0.13,-0.15,1.00,0.00,0.00,0.00,-0.84,7.47,100,-1,0,-7,-1.4,-0.11,0.250,0.362,-0.18,0,26,0,207.4,312.7,295.6,69.1,0.00,0,0.3,-2.9
39.30,hold,349.78,0.22,0.252,1,1218.0,2025.2,-13.4,-29.1,0.88,5.19,77,63,-1,-3.8,-20.1,-26.4,-38.4,-0.06,-0.18,1.00,0.00,0.00,0.00,-0.54,6.23,100,-1,0,-4,-0.6,-0.05,0.252,0.346,-0.20,0,26,0,207.4,312.7,295.6,69.1,0.00,0,5.6,-11.5
39.40,hold,349.75,0.25,0.263,1,1218.1,2025.6,-13.5,-29.7,0.97,4.39,77,63,-1,2.2,-20.2,-25.4,-37.0,0.01,-0.20,1.00,0.00,0.00,0.00,-0.30,5.25,100,-1,0,-0,-0.7,0.01,0.263,0.346,-0.39,0,26,0,207.4,312.7,295.6,69.1,0.00,0,8.9,-14.4
39.50,hold,349.67,0.33,0.289,1,1218.1,2025.6,-13.6,-30.1,0.97,4.39,77,63,-1,3.5,-20.2,-24.0,-35.3,0.07,-0.17,1.00,0.00,0.00,0.00,-0.08,4.50,100,-1,0,1,-0.7,0.03,0.289,0.385,-0.82,0,26,0,207.4,312.7,295.6,69.1,0.00,0,8.9,-14.4
39.60,hold,349.57,0.43,0.313,1,1218.2,2026.0,-13.7,-30.5,1.05,3.65,76,62,-1,3.8,-20.3,-22.2,-33.3,0.13,-0.10,0.92,0.00,0.00,0.00,0.12,3.79,100,-1,0,2,-1.1,0.06,0.313,0.407,-1.19,0,26,0,208.3,318.7,301.5,66.7,0.00,0,13.4,-16.3
39.70,hold,349.43,0.57,0.337,1,1218.4,2026.5,-13.8,-30.8,1.23,2.20,75,62,-1,4.2,-20.3,-20.0,-31.3,0.17,-0.04,0.85,0.00,0.00,0.00,0.34,3.10,100,-1,0,3,-1.2,0.08,0.337,0.418,-1.53,0,26,0,208.3,318.7,301.5,66.7,0.00,0,22.5,-15.0
39.80,hold,349.27,0.73,0.356,1,1218.4,2026.5,-13.9,-31.0,1.23,2.20,74,62,-1,4.5,-20.4,-17.5,-29.5,0.17,0.03,0.76,0.00,0.00,0.00,0.56,2.46,100,-1,0,4,-1.2,0.10,0.356,0.438,-1.76,0,26,0,208.3,318.7,301.5,66.7,0.00,0,22.5,-15.0
39.90,hold,349.12,0.88,0.367,1,1218.5,2026.7,-14.0,-31.2,1.32,1.49,72,62,-1,4.8,-20.4,-14.7,-28.1,0.14,0.09,0.69,0.00,0.00,0.00,0.80,1.82,100,-1,0,5,-0.8,0.12,0.367,0.461,-1.80,0,26,0,208.3,318.7,301.5,66.7,0.00,0,26.0,-12.0
40.00,hold,348.97,1.03,0.370,1,1218.8,2026.8,-14.2,-31.3,1.32,0.18,70,58,-1,4.7,-20.5,-11.8,-27.2,0.09,0.14,0.63,0.00,0.00,0.00,0.98,1.19,100,-1,0,7,0.9,0.14,0.370,0.461,-1.70,0,26,0,212.4,327.2,314.5,61.4,0.00,0,27.9,-3.4
40.10,hold,348.78,1.22,0.368,1,1218.9,2026.8,-14.3,-31.3,1.19,-0.44,69,58,-1,4.7,-20.5,-9.0,-26.7,0.02,0.16,0.59,0.00,0.00,0.00,1.16,0.65,100,-1,0,9,1.9,0.16,0.368,0.442,-1.48,0,26,0,212.4,327.2,314.5,61.4,0.00,0,26.1,0.6
40.20,hold,348.73,1.27,0.361,1,1218.9,2026.8,-14.4,-31.3,1.19,-0.44,67,58,-1,4.4,-20.5,-6.3,-26.8,-0.05,0.17,0.58,0.00,0.00,0.00,1.26,0.06,100,-1,0,11,1.9,0.18,0.361,0.450,-1.24,0,26,0,212.4,327.2,314.5,61.4,0.00,0,26.1,0.6
40.30,hold,348.64,1.36,0.354,1,1219.0,2026.7,-14.5,-31.2,0.97,-0.97,65,58,-1,4.0,-19.8,-4.0,-27.1,-0.11,0.16,0.58,0.00,0.00,0.00,1.28,-0.47,100,-1,0,12,3.1,0.18,0.355,0.464,-0.99,0,26,0,212.4,327.2,314.5,61.4,0.00,0,22.9,3.7
40.40,hold,348.58,1.42,0.347,1,1219.1,2026.6,-14.6,-31.1,0.66,-1.49,63,55,-1,3.3,-18.1,-2.0,-27.6,-0.17,0.14,0.59,0.00,0.00,0.00,1.26,-1.04,100,-1,0,14,4.4,0.20,0.348,0.470,-0.76,0,26,0,215.1,331.3,322.1,58.3,0.00,0,18.2,5.0
40.50,hold,348.52,1.48,0.342,1,1219.1,2026.2,-14.6,-30.9,-0.13,-2.55,61,55,-1,2.7,-16.2,-0.5,-28.0,-0.19,0.12,0.60,0.00,0.00,0.00,1.24,-1.63,100,-1,0,16,7.8,0.20,0.343,0.464,-0.59,0,26,0,215.1,331.3,322.1,58.3,0.00,0,9.0,1.8
40.60,hold,348.48,1.52,0.339,1,1219.1,2026.2,-14.6,-30.7,-0.13,-2.55,60,55,-1,2.0,-14.2,0.7,-28.1,-0.17,0.09,0.60,0.00,0.00,0.00,1.16,-2.27,100,-1,0,18,7.8,0.20,0.340,0.445,-0.46,0,26,0,215.1,331.3,322.1,58.3,0.00,0,9.0,1.8
40.70,hold,348.44,1.56,0.338,1,1219.0,2025.5,-14.6,-30.4,-1.10,-3.60,59,55,-1,1.3,-12.0,1.7,-27.7,-0.13,0.08,0.59,0.00,0.00,0.00,1.08,-2.95,100,-1,0,19,12.1,0.18,0.338,0.421,-0.36,0,26,0,215.1,331.3,322.1,58.3,0.00,0,1.3,-7.1
40.80,hold,348.41,1.59,0.341,1,1218.9,2025.1,-14.5,-30.0,-1.49,-4.09,58,58,-1,0.8,-9.7,2.4,-26.9,-0.07,0.07,0.56,0.00,0.00,0.00,0.98,-3.64,100,-1,0,20,14.5,0.15,0.341,0.396,-0.35,0,26,0,212.1,334.3,322.5,60.5,0.00,0,-1.7,-12.0
40.90,hold,348.37,1.63,0.343,1,1218.9,2025.1,-14.4,-29.6,-1.49,-4.09,57,58,-1,0.6,-7.6,2.8,-25.5,-0.01,0.05,0.52,0.00,0.00,0.00,0.95,-4.25,100,-1,0,20,14.5,0.11,0.344,0.365,-0.34,0,26,0,212.1,334.3,322.5,60.5,0.00,0,-1.7,-12.0
41.00,hold,348.34,1.66,0.344,1,1218.7,2024.7,-14.2,-29.2,-1.89,-4.61,57,58,-1,0.5,-5.3,3.1,-23.7,0.05,0.03,0.46,0.00,0.00,0.00,0.93,-4.90,100,-1,0,21,17.0,0.07,0.344,0.376,-0.29,0,26,0,212.1,334.3,322.5,60.5,0.00,0,-4.3,-16.2
41.10,hold,348.31,1.69,0.342,1,1218.5,2024.2,-14.0,-28.7,-2.24,-5.05,57,58,-1,0.4,-3.3,3.2,-21.7,0.09,0.01,0.40,0.00,0.00,0.00,0.90,-5.45,100,-1,0,21,19.5,0.03,0.342,0.379,-0.20,0,26,0,212.1,334.3,322.5,60.5,0.00,0,-6.7,-18.6
41.20,hold,348.30,1.70,0.338,1,1217.9,2023.1,-13.7,-28.1,-2.86,-5.84,58,67,-1,0.3,-1.3,3.0,-19.6,0.10,-0.02,0.33,0.00,0.00,0.00,0.71,-6.03,100,-1,0,20,23.3,-0.04,0.338,0.388,-0.08,0,26,0,202.7,341.5,321.4,68.3,0.00,0,-10.4,-19.6
41.30,hold,348.30,1.70,0.332,1,1217.6,2022.5,-13.4,-27.6,-3.03,-6.11,59,67,-1,0.2,0.4,2.7,-17.5,0.10,-0.05,0.26,0.00,0.00,0.00,0.55,-6.48,100,-1,0,18,24.0,-0.10,0.332,0.392,0.08,0,26,0,202.7,341.5,321.4,68.3,0.00,0,-11.2,-18.4
41.40,hold,348.31,1.69,0.326,1,1217.6,2022.5,-13.1,-27.0,-3.03,-6.11,60,67,-1,0.1,1.8,2.3,-15.6,0.09,-0.07,0.19,0.00,0.00,0.00,0.41,-6.81,100,-1,0,17,24.0,-0.13,0.326,0.389,0.22,0,26,0,202.7,341.5,321.4,68.3,0.00,0,-11.2,-18.4
41.50,hold,348.34,1.66,0.317,1,1217.0,2021.2,-12.8,-26.3,-3.25,-6.59,61,67,-1,0.1,3.1,1.8,-13.9,0.06,-0.09,0.13,0.00,0.00,0.00,0.31,-7.11,100,-1,0,16,23.2,-0.15,0.318,0.379,0.39,0,26,0,202.7,341.5,321.4,68.3,0.00,0,-11.1,-14.2
41.60,hold,348.38,1.62,0.309,1,1217.0,2021.2,-12.5,-25.7,-3.25,-6.59,64,78,-1,0.0,4.2,1.2,-12.5,0.03,-0.10,0.09,0.00,0.00,0.00,0.02,-7.35,100,-1,0,14,23.2,-0.18,0.310,0.360,0.54,0,26,0,191.7,347.7,313.5,78.6,0.00,0,-11.1,-14.2
41.70,hold,348.44,1.56,0.304,1,1216.4,2019.8,-12.2,-25.0,-3.25,-6.86,66,78,-1,-0.0,5.0,0.7,-11.4,-0.01,-0.09,0.05,0.00,0.00,0.00,-0.20,-7.47,100,-1,0,12,20.6,-0.21,0.305,0.345,0.62,0,26,0,191.7,347.7,313.5,78.6,0.00,0,-7.5,-9.7
41.80,hold,348.50,1.50,0.299,1,1216.4,2019.8,-11.9,-24.3,-3.25,-6.86,68,78,-1,-0.1,5.9,0.4,-10.4,-0.03,-0.07,0.01,0.00,0.00,0.00,-0.40,-7.58,100,-1,0,10,20.6,-0.21,0.300,0.341,0.69,0,26,0,191.7,347.7,313.5,78.6,0.00,0,-7.5,-9.7
41.90,hold,348.57,1.43,0.291,1,1216.0,2019.1,-11.5,-23.6,-3.16,-7.03,69,78,-1,0.1,6.7,0.3,-9.5,-0.04,-0.04,0.00,0.00,0.00,0.00,-0.46,-7.70,100,-1,0,8,18.8,-0.21,0.292,0.326,0.81,0,26,0,191.7,347.7,313.5,78.6,0.00,0,-4.8,-8.9
42.00,hold,348.65,1.35,0.285,1,1215.7,2018.4,-11.2,-22.9,-3.16,-7.16,72,87,-1,-0.1,7.6,0.4,-8.5,-0.03,-0.02,0.00,0.00,0.00,0.00,-0.77,-7.79,100,-1,0,6,16.8,-0.22,0.286,0.305,0.89,0,26,0,183.5,351.5,292.2,86.5,0.00,0,-2.5,-9.4
42.10,hold,348.73,1.27,0.281,1,1215.1,2016.9,-10.9,-22.2,-3.08,-7.38,74,87,-1,-0.1,8.4,0.5,-7.5,-0.02,-0.00,0.00,0.00,0.00,0.00,-0.95,-7.86,100,-1,0,4,12.4,-0.22,0.282,0.290,0.91,0,26,0,183.5,351.5,292.2,86.5,0.00,0,0.5,-11.2
42.20,hold,348.80,1.20,0.281,1,1214.8,2016.2,-10.6,-21.4,-2.99,-7.47,76,87,-1,-0.4,9.1,0.8,-6.3,-0.00,0.01,0.00,0.00,0.00,0.00,-1.18,-7.91,100,-1,0,2,10.0,-0.21,0.281,0.287,0.88,0,26,0,183.5,351.5,292.2,86.5,0.00,0,1.3,-11.8
42.30,hold,348.87,1.13,0.278,1,1214.8,2016.2,-10.3,-20.7,-2.99,-7.47,77,87,-1,-0.5,9.8,1.0,-5.1,0.01,0.02,0.00,0.00,0.00,0.00,-1.30,-7.94,100,-1,0,0,10.0,-0.20,0.279,0.289,0.88,0,26,0,183.5,351.5,292.2,86.5,0.00,0,1.3,-11.8
42.40,hold,348.95,1.05,0.273,1,1214.2,2014.7,-10.0,-20.0,-2.99,-7.56,79,91,-1,-0.9,10.2,1.2,-3.9,0.02,0.02,0.00,0.00,0.00,0.00,-1.57,-7.89,100,-1,0,-2,5.1,-0.19,0.273,0.288,0.93,0,26,0,179.3,356.1,259.8,90.7,0.00,0,1.6,-11.9
42.50,hold,349.03,0.97,0.267,1,1214.2,2014.7,-9.7,-19.2,-2.99,-7.56,81,91,-1,-1.3,10.9,1.4,-2.7,0.02,0.02,0.00,0.00,0.00,0.00,-1.79,-7.93,100,-1,0,-4,5.1,-0.17,0.268,0.285,0.98,0,26,0,179.3,356.1,259.8,90.7,0.00,0,1.6,-11.9
42.60,hold,349.11,0.89,0.263,1,1213.6,2013.2,-9.4,-18.5,-2.99,-7.47,83,91,-1,-1.7,11.3,1.5,-1.6,0.02,0.02,0.00,0.00,0.00,0.00,-2.00,-7.84,100,-1,0,-5,0.6,-0.16,0.263,0.280,1.01,0,26,0,179.3,356.1,259.8,90.7,0.00,0,0.6,-11.1
42.70,hold,349.18,0.82,0.262,1,1213.6,2013.2,-9.1,-17.7,-2.99,-7.47,84,91,-1,-2.1,11.6,1.6,-0.4,0.02,0.01,0.00,0.00,0.00,0.00,-2.17,-7.75,100,-1,0,-6,0.6,-0.14,0.262,0.274,0.96,0,26,0,179.3,356.1,259.8,90.7,0.00,0,0.6,-11.1
42.80,hold,349.25,0.75,0.265,1,1213.0,2011.7,-8.8,-17.0,-2.99,-7.34,85,91,-1,-2.5,11.9,1.5,0.6,0.01,0.00,0.00,0.00,0.00,0.00,-2.32,-7.66,100,-1,0,-7,-3.0,-0.12,0.266,0.273,0.85,0,26,0,178.8,0.6,154.5,91.2,0.00,0,-1.1,-9.9
42.90,hold,349.29,0.71,0.272,1,1213.0,2011.7,-8.5,-16.2,-2.99,-7.34,86,91,-1,-2.9,12.0,1.4,1.6,0.01,-0.00,0.00,0.00,0.00,0.00,-2.46,-7.53,100,-1,0,-8,-3.0,-0.11,0.272,0.277,0.69,0,26,0,178.8,0.6,154.5,91.2,0.00,0,-1.1,-9.9
43.00,hold,349.33,0.67,0.277,1,1212.4,2010.3,-8.2,-15.5,-2.99,-7.12,87,91,-1,-3.3,12.2,1.3,2.4,-0.01,-0.00,0.00,0.00,0.00,0.00,-2.57,-7.41,100,-1,0,-9,-6.2,-0.09,0.277,0.281,0.55,0,26,0,178.8,0.6,154.5,91.2,0.00,0,-1.4,-7.4
43.10,hold,349.37,0.63,0.279,1,1212.1,2009.6,-7.9,-14.8,-2.94,-6.99,87,91,-1,-3.6,12.2,1.2,3.1,-0.02,0.01,0.00,0.00,0.00,0.00,-2.66,-7.25,100,-1,0,-10,-7.7,-0.07,0.279,0.288,0.49,0,26,0,178.8,0.6,154.5,91.2,0.00,0,-0.9,-6.7
43.20,hold,349.41,0.59,0.276,1,1212.1,2009.6,-7.6,-14.1,-2.94,-6.99,88,89,-1,-3.7,12.3,1.1,3.7,-0.02,0.01,0.00,0.00,0.00,0.00,-2.65,-7.10,100,-1,0,-10,-7.7,-0.05,0.276,0.291,0.51,0,26,0,181.1,3.8,73.3,88.9,0.00,0,-0.9,-6.7
43.30,hold,349.45,0.55,0.272,1,1211.8,2008.9,-7.3,-13.4,-2.90,-6.86,88,89,-1,-3.8,12.3,1.1,4.4,-0.02,0.02,0.00,0.00,0.00,0.00,-2.64,-6.96,100,-1,0,-10,-9.0,-0.03,0.272,0.287,0.57,0,26,0,181.1,3.8,73.3,88.9,0.00,0,-0.8,-6.6
43.40,hold,349.50,0.50,0.269,1,1211.2,2007.5,-7.0,-12.7,-2.90,-6.59,88,89,-1,-4.0,12.3,1.1,5.1,-0.01,0.02,0.00,0.00,0.00,0.00,-2.66,-6.82,100,-1,0,-10,-10.8,-0.01,0.269,0.279,0.60,0,26,0,181.1,3.8,73.3,88.9,0.00,0,-1.6,-7.5
43.50,hold,349.54,0.46,0.268,1,1210.9,2006.9,-6.7,-12.0,-2.90,-6.42,88,89,-1,-4.2,12.3,1.0,5.8,0.01,0.02,0.00,0.00,0.00,0.00,-2.69,-6.68,100,-1,0,-11,-11.2,0.00,0.268,0.278,0.58,0,26,0,181.1,3.8,73.3,88.9,0.00,0,-2.4,-7.9
43.60,hold,349.57,0.43,0.268,1,1210.9,2006.9,-6.4,-11.4,-2.90,-6.42,88,85,-1,-4.3,12.3,0.9,6.6,0.02,0.00,0.00,0.00,0.00,0.00,-2.63,-6.53,100,-1,0,-10,-11.2,0.02,0.268,0.279,0.54,0,26,0,185.4,6.7,51.1,84.6,0.00,0,-2.4,-7.9
43.70,hold,349.60,0.40,0.272,1,1210.7,2006.3,-6.2,-10.8,-2.90,-6.24,87,85,-1,-4.4,12.2,0.6,7.4,0.03,-0.01,0.00,0.00,0.00,0.00,-2.59,-6.38,100,-1,0,-10,-11.5,0.04,0.272,0.289,0.45,0,26,0,185.4,6.7,51.1,84.6,0.00,0,-3.6,-7.8
43.80,hold,349.62,0.38,0.275,1,1210.4,2005.7,-5.9,-10.2,-2.81,-6.06,87,85,-1,-4.2,12.1,0.3,8.0,0.03,-0.02,0.00,0.00,0.00,0.00,-2.47,-6.21,100,-1,0,-9,-11.6,0.05,0.275,0.294,0.36,0,26,0,185.4,6.7,51.1,84.6,0.00,0,-4.4,-7.3
43.90,hold,349.63,0.37,0.279,1,1209.8,2004.5,-5.6,-9.6,-2.72,-5.67,86,85,-1,-4.3,11.9,0.1,8.6,0.01,-0.02,0.00,0.00,0.00,0.00,-2.44,-6.05,100,-1,0,-9,-11.3,0.05,0.279,0.293,0.26,0,26,0,185.4,6.7,51.1,84.6,0.00,0,-4.3,-4.7
44.00,hold,349.64,0.36,0.282,1,1209.5,2003.9,-5.3,-9.0,-2.68,-5.45,85,80,-1,-4.0,11.7,-0.2,9.1,0.00,-0.02,0.00,0.00,0.00,0.00,-2.26,-5.87,100,-1,0,-8,-10.8,0.07,0.283,0.292,0.20,0,26,0,190.3,9.0,41.3,79.9,0.00,0,-3.6,-3.7
44.10,hold,349.65,0.35,0.283,1,1209.3,2003.4,-5.0,-8.4,-2.64,-5.23,85,80,-1,-3.9,11.5,-0.3,9.4,-0.01,-0.01,0.00,0.00,0.00,0.00,-2.15,-5.68,100,-1,0,-7,-10.2,0.08,0.284,0.291,0.17,0,26,0,190.3,9.0,41.3,79.9,0.00,0,-3.0,-3.1
44.20,hold,349.66,0.34,0.283,1,1209.3,2003.4,-4.8,-7.9,-2.64,-5.23,84,80,-1,-3.8,11.2,-0.5,9.7,-0.01,-0.01,0.00,0.00,0.00,0.00,-2.06,-5.48,100,-1,0,-6,-10.2,0.08,0.283,0.289,0.18,0,26,0,190.3,9.0,41.3,79.9,0.00,0,-3.0,-3.1
44.25,hold,349.67,0.33,0.282,1,1208.9,2002.7,-4.7,-7.7,-2.46,-4.88,83,80,-1,-3.6,11.0,-0.5,9.9,-0.01,-0.01,0.00,0.00,0.00,0.00,-1.92,-5.37,100,-1,0,-6,-9.2,0.09,0.282,0.287,0.20,0,26,0,190.3,9.0,41.3,79.9,0.00,0,-2.6,-2.8
44.35,hold,349.69,0.31,0.279,1,1208.7,2002.2,-4.4,-7.2,-2.37,-4.61,82,76,-1,-3.3,10.7,-0.6,10.2,-0.00,-0.01,0.01,0.00,0.00,0.00,-1.76,-5.17,100,-1,0,-4,-8.3,0.09,0.279,0.283,0.25,0,26,0,193.9,10.0,35.5,76.3,0.00,0,-2.2,-2.9
44.45,hold,349.71,0.29,0.275,1,1208.7,2002.2,-4.2,-6.7,-2.37,-4.61,81,76,-1,-3.1,10.2,-0.7,10.5,0.01,-0.01,0.02,0.00,0.00,0.00,-1.63,-4.93,100,-1,0,-4,-8.3,0.10,0.276,0.282,0.29,0,26,0,193.9,10.0,35.5,76.3,0.00,0,-2.2,-2.9
44.55,hold,349.74,0.26,0.272,1,1208.4,2001.8,-3.9,-6.3,-2.29,-4.39,80,76,-1,-2.9,9.9,-0.7,10.8,0.02,-0.01,0.03,0.00,0.00,0.00,-1.51,-4.72,100,-1,0,-3,-7.4,0.09,0.272,0.282,0.34,0,26,0,193.9,10.0,35.5,76.3,0.00,0,-1.8,-3.1
44.65,hold,349.77,0.23,0.269,1,1208.0,2000.9,-3.7,-5.8,-2.02,-3.96,80,76,-1,-2.6,9.5,-0.7,11.1,0.03,-0.01,0.04,0.00,0.00,0.00,-1.36,-4.49,100,-1,0,-2,-5.2,0.08,0.269,0.282,0.38,0,26,0,193.9,10.0,35.5,76.3,0.00,0,-0.8,-3.0
44.75,hold,349.80,0.20,0.266,1,1208.0,2000.9,-3.5,-5.4,-2.02,-3.96,79,73,-1,-2.2,9.1,-0.7,11.4,0.03,-0.00,0.05,0.00,0.00,0.00,-1.20,-4.28,100,-1,0,-1,-5.2,0.08,0.267,0.278,0.40,0,26,0,196.7,11.2,33.5,73.6,0.00,0,-0.8,-3.0
44.85,hold,349.83,0.17,0.268,1,1207.8,2000.6,-3.3,-5.1,-1.93,-3.74,78,73,-1,-2.0,8.7,-0.6,11.6,0.02,0.00,0.05,0.00,0.00,0.00,-1.10,-4.06,100,-1,0,-0,-4.3,0.08,0.268,0.276,0.34,0,26,0,196.7,11.2,33.5,73.6,0.00,0,-0.1,-2.0
44.95,hold,349.85,0.15,0.273,1,1207.4,1999.9,-3.1,-4.7,-1.76,-3.25,77,73,-1,-1.9,8.1,-0.5,11.6,-0.00,0.00,0.05,0.00,0.00,0.00,-1.02,-3.80,100,-1,0,1,-2.6,0.08,0.273,0.275,0.23,0,26,0,196.7,11.2,33.5,73.6,0.00,0,0.2,1.2
45.05,hold,349.86,0.14,0.278,1,1207.3,1999.6,-2.9,-4.4,-1.67,-3.03,76,73,-1,-1.8,7.7,-0.5,11.4,-0.02,0.00,0.05,0.00,0.00,0.00,-0.94,-3.57,100,-1,0,1,-1.7,0.07,0.278,0.287,0.12,0,26,0,196.7,11.2,33.5,73.6,0.00,0,0.3,2.2
45.15,hold,349.88,0.12,0.280,1,1207.1,1999.3,-2.8,-4.1,-1.54,-2.77,76,72,-1,-1.6,7.2,-0.4,11.2,-0.03,0.00,0.04,0.00,0.00,0.00,-0.87,-3.35,100,-1,0,2,-1.2,0.07,0.280,0.292,0.07,0,26,0,197.7,11.1,31.4,72.6,0.00,0,0.3,2.6
45.25,hold,349.89,0.11,0.277,1,1207.0,1999.0,-2.6,-3.8,-1.45,-2.50,75,72,-1,-1.4,6.6,-0.4,10.9,-0.03,-0.00,0.03,0.00,0.00,0.00,-0.78,-3.07,100,-1,0,2,-0.7,0.07,0.277,0.290,0.11,0,26,0,197.7,11.1,31.4,72.6,0.00,0,0.2,2.6
45.35,hold,349.92,0.08,0.274,1,1206.8,1998.8,-2.5,-3.5,-1.36,-2.33,75,72,-1,-1.4,5.9,-0.3,10.7,-0.02,-0.01,0.02,0.00,0.00,0.00,-0.74,-2.80,100,-1,0,3,-0.1,0.07,0.274,0.286,0.16,0,26,0,197.7,11.1,31.4,72.6,0.00,0,0.3,2.0
45.45,hold,349.94,0.06,0.272,1,1206.8,1998.8,-2.3,-3.3,-1.36,-2.33,74,72,-1,-1.3,5.5,-0.3,10.5,-0.01,-0.00,0.02,0.00,0.00,0.00,-0.68,-2.61,100,-1,0,3,-0.1,0.07,0.272,0.279,0.18,0,26,0,197.7,11.1,31.4,72.6,0.00,0,0.3,2.0
45.55,hold,349.96,0.04,0.273,1,1206.7,1998.6,-2.2,-3.1,-1.32,-2.11,74,72,-1,-1.3,5.0,-0.2,10.4,0.00,0.00,0.01,0.00,0.00,0.00,-0.68,-2.39,100,-1,0,4,0.4,0.07,0.273,0.276,0.15,0,26,0,197.8,10.3,29.6,72.5,0.00,0,0.8,1.3
45.65,hold,349.97,0.03,0.274,1,1206.5,1998.2,-2.1,-2.9,-1.14,-1.71,74,72,-1,-1.3,4.6,-0.1,10.4,0.02,0.01,0.01,0.00,0.00,0.00,-0.63,-2.20,100,-1,0,4,1.3,0.06,0.274,0.286,0.13,0,26,0,197.8,10.3,29.6,72.5,0.00,0,1.5,-0.4
45.75,hold,349.98,0.02,0.273,1,1206.4,1998.0,-2.0,-2.7,-1.05,-1.54,73,72,-1,-1.2,4.0,0.0,10.4,0.04,0.01,0.01,0.00,0.00,0.00,-0.60,-1.97,100,-1,0,4,1.8,0.06,0.273,0.292,0.13,0,26,0,197.8,10.3,29.6,72.5,0.00,0,1.2,-0.4
45.85,hold,350.00,0.00,0.271,1,1206.4,1998.0,-1.9,-2.5,-1.05,-1.54,73,72,-1,-1.1,3.5,0.1,10.5,0.04,0.00,0.02,0.00,0.00,0.00,-0.56,-1.78,100,-1,0,4,1.8,0.05,0.271,0.288,0.15,0,26,0,197.8,10.3,29.6,72.5,0.00,0,1.2,-0.4
45.95,hold,350.00,-0.00,0.273,1,1206.2,1997.8,-1.8,-2.4,-0.97,-1.14,73,73,-1,-1.4,3.0,0.1,10.4,0.03,-0.00,0.01,0.00,0.00,0.00,-0.63,-1.57,100,-1,0,4,2.5,0.05,0.273,0.286,0.10,0,26,0,197.1,10.4,30.9,73.2,0.00,0,0.5,1.9
46.05,hold,350.01,-0.01,0.278,1,1206.2,1997.8,-1.7,-2.3,-0.97,-1.14,73,73,-1,-1.3,2.5,0.1,10.2,0.01,-0.01,0.01,0.00,0.00,0.00,-0.59,-1.38,100,-1,0,5,2.5,0.04,0.278,0.285,0.00,0,26,0,197.1,10.4,30.9,73.2,0.00,0,0.5,1.9
46.15,hold,350.00,-0.00,0.283,1,1206.0,1997.6,-1.6,-2.2,-0.83,-0.75,73,73,-1,-1.3,1.9,0.1,9.8,-0.01,-0.01,0.00,0.00,0.00,0.00,-0.57,-1.14,100,-1,0,5,3.4,0.03,0.283,0.290,-0.10,0,26,0,197.1,10.4,30.9,73.2,0.00,0,0.2,4.4
46.25,hold,350.00,-0.00,0.286,1,1205.9,1997.5,-1.5,-2.1,-0.79,-0.53,73,73,-1,-1.3,1.4,0.1,9.3,-0.02,-0.01,0.00,0.00,0.00,0.00,-0.58,-0.96,100,-1,0,5,3.7,0.02,0.286,0.298,-0.14,0,26,0,197.1,10.4,30.9,73.2,0.00,0,0.1,4.7
46.35,hold,350.00,-0.00,0.283,1,1205.9,1997.5,-1.4,-2.0,-0.79,-0.53,73,74,-1,-1.4,0.8,-0.0,8.9,-0.02,-0.01,0.00,0.00,0.00,0.00,-0.60,-0.73,100,-1,0,4,3.7,0.01,0.283,0.297,-0.09,0,26,0,195.7,8.9,29.0,74.5,0.00,0,0.1,4.7
46.45,hold,350.01,-0.01,0.281,1,1205.8,1997.5,-1.3,-2.0,-0.70,-0.35,73,74,-1,-1.4,0.2,-0.1,8.4,-0.02,-0.02,0.00,0.00,0.00,0.00,-0.57,-0.54,100,-1,0,4,3.9,0.01,0.281,0.295,-0.04,0,26,0,195.7,8.9,29.0,74.5,0.00,0,-0.1,4.9
46.55,hold,350.03,-0.03,0.278,1,1205.7,1997.5,-1.3,-2.0,-0.62,-0.04,73,74,-1,-1.4,-0.3,-0.2,7.9,-0.02,-0.02,0.00,0.00,0.00,0.00,-0.58,-0.36,100,-1,0,4,4.0,0.00,0.278,0.293,0.01,0,26,0,195.7,8.9,29.0,74.5,0.00,0,-0.1,4.8
46.65,hold,350.04,-0.04,0.276,1,1205.7,1997.5,-1.2,-2.0,-0.62,-0.04,74,74,-1,-1.5,-0.7,-0.2,7.4,-0.02,-0.01,0.00,0.00,0.00,0.00,-0.58,-0.22,100,-1,0,4,4.0,-0.00,0.276,0.288,0.04,0,26,0,195.7,8.9,29.0,74.5,0.00,0,-0.1,4.8
46.75,hold,350.05,-0.05,0.276,1,1205.6,1997.5,-1.1,-2.0,-0.53,0.26,74,76,-1,-1.5,-1.1,-0.2,7.0,-0.01,-0.01,0.00,0.00,0.00,0.00,-0.57,-0.07,100,-1,0,4,4.1,-0.01,0.276,0.282,0.02,0,26,0,194.0,6.9,26.0,76.1,0.00,0,0.8,3.8
46.85,hold,350.06,-0.06,0.277,1,1205.5,1997.5,-1.1,-2.0,-0.53,0.35,74,76,-1,-1.5,-1.7,-0.2,6.6,0.00,0.00,0.00,0.00,0.00,0.00,-0.58,0.11,100,-1,0,3,4.0,-0.01,0.277,0.279,0.01,0,26,0,194.0,6.9,26.0,76.1,0.00,0,1.0,3.4
46.95,hold,350.07,-0.07,0.276,1,1205.5,1997.5,-1.0,-2.0,-0.53,0.35,74,76,-1,-1.6,-1.9,-0.1,6.3,0.01,0.00,0.00,0.00,0.00,0.00,-0.60,0.20,100,-1,0,3,4.0,-0.02,0.276,0.280,0.02,0,26,0,194.0,6.9,26.0,76.1,0.00,0,1.0,3.4
47.05,hold,350.09,-0.09,0.272,1,1205.4,1997.6,-1.0,-2.1,-0.44,0.62,75,76,-1,-1.5,-2.4,-0.1,5.9,0.01,0.00,0.00,0.00,0.00,0.00,-0.55,0.35,100,-1,0,3,4.0,-0.02,0.272,0.276,0.08,0,26,0,194.0,6.9,26.0,76.1,0.00,0,0.7,3.4
47.15,hold,350.11,-0.11,0.268,1,1205.4,1997.7,-0.9,-2.1,-0.35,0.70,75,78,-1,-1.6,-2.8,-0.1,5.6,0.01,0.00,0.00,0.00,0.00,0.00,-0.58,0.48,100,-1,0,2,3.9,-0.03,0.268,0.273,0.14,0,26,0,192.3,5.6,24.1,77.7,0.00,0,0.5,3.5
47.25,hold,350.15,-0.15,0.264,1,1205.4,1997.7,-0.9,-2.2,-0.35,0.70,75,78,-1,-1.5,-3.2,-0.1,5.2,0.01,-0.00,0.00,0.00,0.00,0.00,-0.52,0.59,100,-1,0,2,3.9,-0.04,0.264,0.269,0.20,0,26,0,192.3,5.6,24.1,77.7,0.00,0,0.5,3.5
47.35,hold,350.17,-0.17,0.263,1,1205.4,1997.8,-0.9,-2.3,-0.35,0.79,76,78,-1,-1.5,-3.5,-0.1,4.8,-0.00,-0.00,0.00,0.00,0.00,0.00,-0.53,0.68,100,-1,0,2,3.9,-0.04,0.263,0.264,0.20,0,26,0,192.3,5.6,24.1,77.7,0.00,0,0.4,3.9
47.45,hold,350.19,-0.19,0.266,1,1205.3,1998.0,-0.8,-2.4,-0.35,0.97,76,78,-1,-1.6,-3.8,-0.1,4.3,-0.02,-0.00,0.00,0.00,0.00,0.00,-0.55,0.77,100,-1,0,1,3.8,-0.05,0.266,0.275,0.12,0,26,0,192.3,5.6,24.1,77.7,0.00,0,0.1,5.7
47.55,hold,350.19,-0.19,0.273,1,1205.3,1998.0,-0.8,-2.5,-0.35,0.97,77,79,-1,-1.7,-4.2,-0.1,3.7,-0.03,-0.00,0.00,0.00,0.00,0.00,-0.57,0.86,100,-1,0,1,3.8,-0.06,0.273,0.285,-0.02,0,26,0,190.7,3.7,18.8,79.3,0.00,0,0.1,5.7
47.65,hold,350.18,-0.18,0.282,1,1205.2,1998.2,-0.8,-2.6,-0.26,1.05,77,79,-1,-1.6,-4.3,-0.1,3.2,-0.02,-0.01,0.00,0.00,0.00,0.00,-0.52,0.87,100,-1,0,1,3.6,-0.06,0.282,0.291,-0.19,0,26,0,190.7,3.7,18.8,79.3,0.00,0,-0.1,3.9
47.75,hold,350.16,-0.16,0.287,1,1205.2,1998.3,-0.7,-2.7,-0.26,1.05,77,79,-1,-1.5,-4.6,-0.2,2.9,0.00,-0.01,0.00,0.00,0.00,0.00,-0.49,0.97,100,-1,0,0,3.2,-0.07,0.287,0.292,-0.27,0,26,0,190.7,3.7,18.8,79.3,0.00,0,-0.3,2.9
47.85,hold,350.13,-0.13,0.289,1,1205.2,1998.3,-0.7,-2.8,-0.26,1.05,78,79,-1,-1.5,-4.7,-0.2,2.6,0.01,-0.01,0.00,0.00,0.00,0.00,-0.48,0.97,100,-1,0,-0,3.2,-0.06,0.289,0.299,-0.29,0,26,0,190.7,3.7,18.8,79.3,0.00,0,-0.3,2.9
47.90,fly,350.13,-230.13,0.137,1,1205.2,1998.4,-0.7,-2.8,-0.26,1.10,78,80,-1,-1.4,-3.0,-0.2,2.5,0.05,0.01,0.00,0.00,0.00,0.00,-0.48,0.98,100,-1,0,0,2.8,-0.06,0.137,0.164,-0.29,0,26,0,189.5,2.4,14.1,80.5,0.00,0,-0.4,2.5
48.00,fly,350.11,-230.11,0.120,1,1205.2,1998.5,-0.7,-2.9,-0.26,1.14,78,80,-1,-1.4,-4.9,-0.3,2.2,0.04,0.00,0.00,0.00,0.00,0.00,-0.48,1.02,100,-1,0,-0,2.5,-0.06,0.120,0.135,-0.23,0,26,0,189.5,2.4,14.1,80.5,0.00,0,-0.6,2.4
48.10,fly,350.06,-230.06,0.120,1,1205.1,1998.6,-0.7,-3.0,-0.26,1.14,79,80,-1,-1.4,-5.1,-0.4,1.9,0.03,0.00,0.00,0.00,0.00,0.00,-0.48,1.07,100,-1,0,-1,2.1,-0.06,0.120,0.130,-0.16,0,26,0,189.5,2.4,14.1,80.5,0.00,0,-0.6,3.2
48.20,fly,349.95,-229.95,0.120,1,1205.1,1998.7,-0.6,-3.1,-0.26,1.14,79,80,-1,-1.4,-5.1,-0.4,1.5,0.00,-0.00,0.00,0.00,0.00,0.00,-0.48,1.07,100,-1,0,-1,2.0,-0.06,0.120,0.122,-0.73,0,26,0,189.5,2.4,14.1,80.5,0.00,0,-0.7,4.6
48.30,fly,349.76,-229.76,0.120,1,1205.1,1998.8,-0.6,-3.2,-0.26,1.14,79,81,-1,-1.4,-5.2,-0.5,1.0,-0.01,-0.00,0.00,0.00,0.00,0.00,-0.47,1.07,100,-1,0,-1,1.8,-0.07,0.120,0.124,-1.38,0,26,0,188.7,0.9,6.1,81.3,0.00,0,-0.8,4.7
48.40,fly,349.50,-229.50,0.120,1,1205.1,1999.0,-0.6,-3.3,-0.26,1.14,80,81,-1,-1.4,-5.3,-0.6,0.5,-0.01,-0.00,0.00,0.00,0.00,0.00,-0.47,1.08,100,-1,0,-2,1.7,-0.07,0.120,0.126,-2.15,0,26,0,188.7,0.9,6.1,81.3,0.00,0,-0.8,4.8
48.50,fly,349.15,-229.15,0.120,1,1205.0,1999.1,-0.6,-3.5,-0.26,1.14,80,81,-1,-1.4,-5.4,-0.7,0.0,-0.01,-0.00,0.00,0.00,0.00,0.00,-0.46,1.08,100,-1,0,-2,1.6,-0.07,0.120,0.128,-2.94,0,26,0,188.7,0.9,6.1,81.3,0.00,0,-0.9,4.8
48.60,fly,348.73,-228.73,0.120,1,1205.0,1999.2,-0.5,-3.6,-0.22,1.14,80,81,-1,-1.4,-5.5,-0.8,-0.4,-0.02,-0.01,0.00,0.00,0.00,0.00,-0.46,1.08,100,-1,0,-2,1.6,-0.07,0.120,0.129,-3.72,0,26,0,188.7,0.9,6.1,81.3,0.00,0,-0.9,4.8
48.70,fly,348.23,-228.23,0.120,1,1205.0,1999.3,-0.5,-3.7,-0.18,1.14,80,82,-1,-1.3,-5.6,-0.9,-0.9,-0.02,-0.01,0.00,0.00,0.00,0.00,-0.41,1.09,100,-1,0,-2,1.4,-0.08,0.120,0.131,-4.49,0,26,0,188.0,359.0,352.7,82.0,0.00,0,-0.9,4.7
48.80,fly,347.66,-227.66,0.120,1,1205.0,1999.4,-0.5,-3.8,-0.18,1.05,81,82,-1,-1.2,-5.7,-1.0,-1.4,-0.02,-0.01,0.00,0.00,0.00,0.00,-0.36,1.10,100,-1,0,-3,1.3,-0.08,0.120,0.133,-5.26,0,26,0,188.0,359.0,352.7,82.0,0.00,0,-1.0,4.6
48.90,fly,347.01,-227.01,0.120,1,1205.0,1999.5,-0.5,-3.9,-0.18,1.05,81,82,-1,-1.1,-5.5,-1.0,-1.8,-0.03,-0.01,0.00,0.00,0.00,0.00,-0.34,1.01,100,-1,0,-3,1.1,-0.08,0.120,0.135,-6.01,0,26,0,188.0,359.0,352.7,82.0,0.00,0,-0.9,4.4
49.00,fly,346.28,-226.28,0.120,1,1204.9,1999.6,-0.5,-4.0,-0.18,1.05,81,82,-1,-1.1,-5.6,-1.1,-2.3,-0.03,-0.01,0.00,0.00,0.00,0.00,-0.34,1.01,100,-1,0,-3,0.9,-0.08,0.120,0.136,-6.76,0,26,0,188.0,359.0,352.7,82.0,0.00,0,-0.9,4.3
49.10,fly,345.49,-225.49,0.120,1,1204.9,1999.7,-0.4,-4.1,-0.18,1.01,81,82,-1,-1.1,-5.6,-1.2,-2.6,-0.02,-0.01,0.00,0.00,0.00,0.00,-0.33,1.02,100,-1,0,-3,0.6,-0.08,0.120,0.131,-7.51,0,26,0,187.6,357.2,339.9,82.4,0.00,0,-0.3,3.5
49.20,fly,344.62,-224.62,0.120,1,1204.9,1999.8,-0.4,-4.2,-0.18,0.97,81,82,-1,-1.1,-5.6,-1.2,-2.9,-0.01,0.00,0.00,0.00,0.00,0.00,-0.32,0.97,100,-1,0,-3,0.3,-0.08,0.120,0.126,-8.18,0,26,0,187.6,357.2,339.9,82.4,0.00,0,0.3,2.8
49.30,fly,343.69,-223.69,0.120,1,1204.9,1999.9,-0.4,-4.3,-0.18,0.97,82,82,-1,-1.1,-5.5,-1.1,-3.2,-0.01,0.01,0.00,0.00,0.00,0.00,-0.32,0.93,100,-1,0,-4,0.0,-0.08,0.120,0.126,-8.84,0,26,0,187.6,357.2,339.9,82.4,0.00,0,0.4,2.5
49.40,fly,342.68,-222.68,0.120,1,1204.9,2000.0,-0.4,-4.4,-0.18,0.88,82,82,-1,-1.1,-5.6,-1.1,-3.5,-0.01,0.01,0.00,0.00,0.00,0.00,-0.31,0.93,100,-1,0,-4,-0.3,-0.07,0.120,0.127,-9.56,0,26,0,187.6,357.2,339.9,82.4,0.00,0,0.5,2.6
49.50,fly,341.60,-221.60,0.120,1,1204.9,2000.1,-0.4,-4.5,-0.18,0.88,82,82,-1,-1.1,-5.4,-1.0,-3.7,-0.01,0.01,0.00,0.00,0.00,0.00,-0.30,0.84,100,-1,0,-4,-0.5,-0.07,0.120,0.127,-10.28,0,26,0,187.6,356.2,333.6,82.4,0.00,0,0.5,2.4
49.60,fly,340.45,-220.45,0.120,1,1204.8,2000.2,-0.4,-4.6,-0.18,0.88,82,82,-1,-1.1,-5.4,-1.0,-3.9,-0.01,0.01,0.00,0.00,0.00,0.00,-0.30,0.85,100,-1,0,-4,-0.8,-0.07,0.120,0.127,-11.00,0,26,0,187.6,356.2,333.6,82.4,0.00,0,0.4,2.2
49.70,fly,339.23,-219.23,0.120,1,1204.8,2000.3,-0.3,-4.7,-0.18,0.79,82,82,-1,-1.1,-5.5,-1.0,-4.1,-0.01,0.01,0.00,0.00,0.00,0.00,-0.30,0.85,100,-1,0,-4,-0.9,-0.06,0.120,0.126,-11.71,0,26,0,187.6,356.2,333.6,82.4,0.00,0,0.3,1.8
49.80,fly,337.94,-217.94,0.120,1,1204.8,2000.3,-0.3,-4.8,-0.18,0.79,82,82,-1,-1.1,-5.3,-0.9,-4.3,-0.01,0.01,0.00,0.00,0.00,0.00,-0.28,0.76,100,-1,0,-4,-1.1,-0.06,0.120,0.126,-12.41,0,26,0,187.6,356.2,333.6,82.4,0.00,0,0.3,1.8
49.90,fly,336.59,-216.59,0.120,1,1204.8,2000.4,-0.3,-4.8,-0.18,0.75,82,82,-1,-1.1,-5.4,-0.9,-4.5,-0.01,0.00,0.00,0.00,0.00,0.00,-0.28,0.76,100,-1,0,-4,-1.1,-0.06,0.120,0.126,-13.10,0,26,0,188.1,355.4,330.5,82.0,0.00,0,0.2,1.6
50.00,fly,335.16,-215.16,0.120,1,1204.8,2000.5,-0.3,-4.9,-0.18,0.70,82,82,-1,-1.1,-5.3,-0.9,-4.6,-0.01,0.00,0.00,0.00,0.00,0.00,-0.28,0.72,100,-1,0,-4,-1.2,-0.06,0.120,0.126,-13.79,0,26,0,188.1,355.4,330.5,82.0,0.00,0,0.2,1.6
50.10,fly,333.66,-213.66,0.120,1,1204.7,2000.5,-0.3,-5.0,-0.18,0.70,82,82,-1,-1.1,-5.2,-0.9,-4.8,-0.01,0.00,0.00,0.00,0.00,0.00,-0.27,0.67,100,-1,0,-4,-1.2,-0.06,0.120,0.126,-14.47,0,26,0,188.1,355.4,330.5,82.0,0.00,0,0.1,1.6
50.20,fly,332.10,-212.10,0.120,1,1204.7,2000.6,-0.2,-5.0,-0.18,0.62,82,82,-1,-1.1,-5.2,-0.9,-5.0,-0.01,0.00,0.00,0.00,0.00,0.00,-0.27,0.67,100,-1,0,-4,-1.4,-0.06,0.120,0.127,-15.15,0,26,0,188.1,355.4,330.5,82.0,0.00,0,0.1,1.8
50.30,fly,330.47,-210.47,0.120,1,1204.7,2000.7,-0.2,-5.1,-0.18,0.62,82,81,-1,-1.1,-5.0,-0.9,-5.1,-0.02,0.00,0.00,0.00,0.00,0.00,-0.26,0.58,100,-1,0,-4,-1.3,-0.05,0.120,0.128,-15.82,0,26,0,188.6,354.7,328.7,81.4,0.00,0,0.0,1.6
50.40,fly,328.77,-208.77,0.120,1,1204.7,2000.7,-0.2,-5.2,-0.18,0.62,82,81,-1,-1.1,-5.1,-0.9,-5.3,-0.02,0.00,0.00,0.00,0.00,0.00,-0.26,0.58,100,-1,0,-4,-1.4,-0.05,0.120,0.128,-16.48,0,26,0,188.6,354.7,328.7,81.4,0.00,0,-0.0,1.7
50.50,fly,327.01,-207.01,0.120,1,1204.7,2000.8,-0.2,-5.3,-0.18,0.57,82,81,-1,-1.2,-5.0,-1.0,-5.4,-0.02,0.00,0.00,0.00,0.00,0.00,-0.26,0.54,100,-1,0,-4,-1.4,-0.05,0.120,0.128,-17.47,0,26,0,188.6,354.7,328.7,81.4,0.00,0,-0.0,1.7
50.60,fly,325.19,-205.19,0.120,1,1204.6,2000.9,-0.2,-5.3,-0.18,0.53,82,81,-1,-1.2,-4.9,-1.0,-5.6,-0.02,-0.00,0.00,0.00,0.00,0.00,-0.25,0.50,100,-1,0,-4,-1.3,-0.05,0.120,0.129,-18.12,0,26,0,188.6,354.7,328.7,81.4,0.00,0,-0.1,1.3
50.70,fly,323.30,-203.30,0.120,1,1204.6,2000.9,-0.1,-5.4,-0.09,0.44,82,81,-1,-1.2,-4.9,-1.0,-5.7,-0.02,-0.00,0.00,0.00,0.00,0.00,-0.25,0.50,100,-1,0,-4,-1.5,-0.05,0.120,0.129,-18.76,0,26,0,189.2,354.1,327.4,80.9,0.00,0,-0.1,1.3
50.80,fly,321.34,-201.34,0.120,1,1204.6,2000.9,-0.1,-5.4,-0.09,0.44,82,81,-1,-0.9,-4.7,-1.0,-5.9,-0.02,-0.00,0.00,0.00,0.00,0.00,-0.15,0.42,100,-1,0,-3,-1.5,-0.04,0.120,0.131,-19.40,0,26,0,189.2,354.1,327.4,80.9,0.00,0,-0.1,1.3
50.90,fly,319.33,-199.33,0.120,1,1204.6,2001.0,-0.1,-5.5,-0.09,0.44,81,81,-1,-0.9,-4.8,-1.1,-6.0,-0.02,-0.01,0.00,0.00,0.00,0.00,-0.15,0.42,100,-1,0,-3,-1.6,-0.04,0.120,0.131,-20.04,0,26,0,189.2,354.1,327.4,80.9,0.00,0,-0.2,1.2
51.00,fly,317.25,-197.25,0.120,1,1204.6,2001.0,-0.1,-5.5,-0.09,0.35,81,81,-1,-0.9,-4.5,-1.1,-6.1,-0.02,-0.01,0.00,0.00,0.00,0.00,-0.14,0.33,100,-1,0,-3,-1.7,-0.03,0.120,0.132,-20.66,0,26,0,189.2,354.1,327.4,80.9,0.00,0,-0.2,1.1
51.10,fly,315.10,-195.10,0.120,1,1204.6,2001.0,-0.1,-5.5,-0.09,0.35,81,80,-1,-0.9,-4.6,-1.2,-6.2,-0.02,-0.01,0.00,0.00,0.00,0.00,-0.14,0.33,100,-1,0,-3,-1.9,-0.03,0.120,0.133,-21.28,0,26,0,189.9,353.6,327.3,80.2,0.00,0,-0.2,1.0
51.20,fly,312.90,-192.90,0.120,1,1204.6,2001.1,-0.1,-5.6,-0.09,0.35,81,80,-1,-0.9,-4.6,-1.2,-6.3,-0.02,-0.01,0.00,0.00,0.00,0.00,-0.14,0.33,100,-1,0,-3,-2.0,-0.02,0.120,0.133,-21.89,0,26,0,189.9,353.6,327.3,80.2,0.00,0,-0.3,0.9
51.30,fly,310.64,-190.64,0.120,1,1204.6,2001.1,-0.1,-5.6,-0.09,0.26,81,80,-1,-0.9,-4.4,-1.3,-6.3,-0.02,-0.01,0.00,0.00,0.00,0.00,-0.13,0.25,100,-1,0,-3,-2.1,-0.01,0.120,0.134,-22.49,0,26,0,189.9,353.6,327.3,80.2,0.00,0,-0.4,0.7
51.40,fly,308.31,-188.31,0.120,1,1204.6,2001.2,-0.1,-5.6,-0.09,0.26,81,80,-1,-0.9,-4.4,-1.3,-6.4,-0.02,-0.01,0.00,0.00,0.00,0.00,-0.13,0.25,100,-1,0,-3,-2.1,-0.01,0.120,0.134,-23.09,0,26,0,189.9,353.6,327.3,80.2,0.00,0,-0.2,0.5
51.50,fly,305.94,-185.94,0.120,1,1204.6,2001.2,-0.1,-5.7,-0.09,0.26,81,79,-1,-1.0,-4.4,-1.4,-6.4,-0.02,-0.01,0.00,0.00,0.00,0.00,-0.13,0.25,100,-1,0,-3,-2.1,-0.01,0.120,0.130,-23.65,0,26,0,190.7,353.3,328.2,79.4,0.00,0,-0.2,0.5
51.60,fly,303.51,-183.51,0.120,1,1204.6,2001.2,-0.1,-5.7,-0.09,0.18,80,79,-1,-0.9,-4.1,-1.3,-6.4,-0.01,0.00,0.00,0.00,0.00,0.00,-0.12,0.16,100,-1,0,-2,-2.1,-0.01,0.120,0.125,-24.16,0,26,0,190.7,353.3,328.2,79.4,0.00,0,0.3,-0.1
51.70,fly,301.02,-181.02,0.120,1,1204.5,2001.2,-0.1,-5.7,-0.09,0.18,80,79,-1,-1.0,-4.2,-1.3,-6.3,-0.01,0.00,0.00,0.00,0.00,0.00,-0.12,0.16,100,-1,0,-2,-2.1,-0.00,0.120,0.125,-24.69,0,26,0,190.7,353.3,328.2,79.4,0.00,0,0.6,-0.4
51.80,fly,298.48,-178.48,0.120,1,1204.5,2001.2,-0.0,-5.7,-0.09,0.18,80,79,-1,-1.0,-4.2,-1.3,-6.3,-0.01,0.00,0.00,0.00,0.00,0.00,-0.12,0.16,100,-1,0,-2,-2.0,0.00,0.120,0.125,-25.26,0,26,0,190.7,353.3,328.2,79.4,0.00,0,0.6,-0.4
51.90,fly,295.88,-175.88,0.120,1,1204.5,2001.2,-0.0,-5.7,-0.09,0.18,80,78,-1,-1.0,-4.2,-1.2,-6.3,-0.01,0.00,0.00,0.00,0.00,0.00,-0.12,0.16,100,-1,0,-2,-1.6,0.00,0.120,0.125,-25.83,0,26,0,191.5,353.5,330.8,78.5,0.00,0,0.4,-0.3
52.00,fly,293.23,-173.23,0.120,1,1204.5,2001.2,-0.0,-5.7,-0.09,0.18,80,78,-1,-1.0,-4.2,-1.2,-6.2,-0.01,0.00,0.00,0.00,0.00,0.00,-0.12,0.16,100,-1,0,-2,-1.6,-0.00,0.120,0.125,-26.38,0,26,0,191.5,353.5,330.8,78.5,0.00,0,0.4,-0.3
52.10,fly,290.52,-170.52,0.120,1,1204.5,2001.2,-0.0,-5.7,-0.09,0.09,80,78,-1,-1.0,-3.9,-1.2,-6.2,-0.01,0.00,0.00,0.00,0.00,0.00,-0.10,0.07,100,-1,0,-1,-1.8,0.01,0.120,0.126,-26.93,0,26,0,191.5,353.5,330.8,78.5,0.00,0,0.4,-0.3
52.20,fly,287.76,-167.76,0.120,1,1204.5,2001.3,-0.0,-5.8,-0.09,0.09,79,78,-1,-1.0,-4.0,-1.2,-6.2,-0.01,0.00,0.00,0.00,0.00,0.00,-0.10,0.07,100,-1,0,-1,-1.6,0.01,0.120,0.126,-27.47,0,26,0,191.5,353.5,330.8,78.5,0.00,0,0.3,-0.2
52.30,fly,284.95,-164.95,0.120,1,1204.5,2001.3,-0.0,-5.8,-0.09,0.09,79,78,-1,-1.0,-4.0,-1.1,-6.1,-0.01,0.00,0.00,0.00,0.00,0.00,-0.10,0.07,100,-1,0,-1,-2.0,0.01,0.120,0.126,-28.01,0,26,0,192.3,353.6,332.8,77.8,0.00,0,0.4,-0.2
52.40,fly,282.08,-162.08,0.120,1,1204.5,2001.3,0.0,-5.8,-0.09,0.09,79,78,-1,-1.1,-4.0,-1.1,-6.1,-0.01,0.00,0.00,0.00,0.00,0.00,-0.10,0.07,100,-1,0,-1,-2.0,0.02,0.120,0.126,-28.54,0,26,0,192.3,353.6,332.8,77.8,0.00,0,0.4,-0.2
52.50,fly,279.16,-159.16,0.120,1,1204.5,2001.3,0.0,-5.8,-0.09,0.09,79,78,-1,-1.1,-4.0,-1.1,-6.1,-0.01,0.00,0.00,0.00,0.00,0.00,-0.10,0.07,100,-1,0,-1,-1.5,0.02,0.120,0.126,-29.07,0,26,0,192.3,353.6,332.8,77.8,0.00,0,0.2,-0.1
52.60,fly,276.19,-156.19,0.120,1,1204.5,2001.3,0.0,-5.8,-0.09,0.09,79,78,-1,-1.1,-4.0,-1.1,-6.1,-0.02,0.00,0.00,0.00,0.00,0.00,-0.10,0.07,100,-1,0,-1,-1.7,0.02,0.120,0.127,-29.59,0,26,0,192.3,353.6,332.8,77.8,0.00,0,0.2,-0.0
52.70,fly,273.17,-153.17,0.120,1,1204.5,2001.3,0.0,-5.8,-0.09,0.09,78,77,-1,-1.1,-4.0,-1.1,-6.1,-0.02,0.00,0.00,0.00,0.00,0.00,-0.10,0.07,100,-1,0,-0,-1.7,0.03,0.120,0.127,-30.10,0,26,0,192.9,353.7,334.1,77.2,0.00,0,0.2,-0.0
52.80,fly,270.09,-150.09,0.120,1,1204.5,2001.3,0.0,-5.8,-0.09,0.09,78,77,-1,-1.1,-4.0,-1.1,-6.1,-0.02,-0.00,0.00,0.00,0.00,0.00,-0.10,0.07,100,-1,0,-0,-1.2,0.02,0.120,0.127,-30.61,0,26,0,192.9,353.7,334.1,77.2,0.00,0,0.1,0.0
52.90,fly,266.97,-146.97,0.120,1,1204.4,2001.3,0.0,-5.8,-0.09,0.09,78,77,-1,-1.2,-4.0,-1.1,-6.1,-0.02,-0.00,0.00,0.00,0.00,0.00,-0.10,0.07,100,-1,0,-0,-1.3,0.03,0.120,0.128,-31.11,0,26,0,192.9,353.7,334.1,77.2,0.00,0,0.0,0.1
53.00,fly,263.80,-143.80,0.120,1,1204.4,2001.3,0.1,-5.8,-0.09,0.09,78,77,-1,-1.2,-4.0,-1.1,-6.1,-0.02,-0.00,0.00,0.00,0.00,0.00,-0.10,0.07,100,-1,0,0,-1.3,0.03,0.120,0.128,-31.61,0,26,0,192.9,353.7,334.1,77.2,0.00,0,-0.0,0.2
53.10,fly,260.57,-140.57,0.120,1,1204.4,2001.3,0.1,-5.8,-0.09,0.09,78,77,-1,-1.2,-4.0,-1.2,-6.1,-0.02,-0.00,0.00,0.00,0.00,0.00,-0.10,0.07,100,-1,0,0,-1.3,0.03,0.120,0.129,-32.10,0,26,0,193.4,353.6,334.8,76.7,0.00,0,-0.0,0.2
53.20,fly,257.30,-137.30,0.120,1,1204.4,2001.4,0.1,-5.8,-0.09,0.09,78,77,-1,-1.2,-4.0,-1.2,-6.1,-0.02,-0.00,0.00,0.00,0.00,0.00,-0.10,0.07,100,-1,0,0,-1.0,0.03,0.120,0.129,-32.59,0,26,0,193.4,353.6,334.8,76.7,0.00,0,-0.1,0.2
53.30,fly,253.98,-133.98,0.120,1,1204.4,2001.4,0.1,-5.9,-0.09,0.09,77,77,-1,-1.2,-4.0,-1.2,-6.2,-0.02,-0.00,0.00,0.00,0.00,0.00,-0.10,0.07,100,-1,0,1,-1.0,0.03,0.120,0.130,-33.07,0,26,0,193.4,353.6,334.8,76.7,0.00,0,-0.1,0.2
53.40,fly,250.62,-130.62,0.120,1,1204.4,2001.4,0.1,-5.9,-0.09,0.09,77,77,-1,-1.2,-4.0,-1.2,-6.2,-0.02,-0.00,0.00,0.00,0.00,0.00,-0.11,0.07,100,-1,0,1,-0.7,0.03,0.120,0.131,-33.55,0,26,0,193.4,353.6,334.8,76.7,0.00,0,-0.1,0.2
53.50,fly,247.20,-127.20,0.120,1,1204.4,2001.4,0.1,-5.9,-0.09,0.18,77,76,-1,-1.3,-4.3,-1.3,-6.2,-0.02,-0.00,0.00,0.00,0.00,0.00,-0.12,0.15,100,-1,0,1,-1.0,0.04,0.120,0.130,-34.02,0,26,0,193.9,353.5,335.1,76.2,0.00,0,-0.2,0.3
53.60,fly,243.74,-123.74,0.120,1,1204.4,2001.4,0.1,-5.9,-0.09,0.18,77,76,-1,-1.3,-4.3,-1.3,-6.3,-0.02,-0.00,0.00,0.00,0.00,0.00,-0.13,0.15,100,-1,0,1,-0.5,0.03,0.120,0.131,-34.49,0,26,0,193.9,353.5,335.1,76.2,0.00,0,-0.1,0.2
53.70,fly,240.24,-120.24,0.120,1,1204.4,2001.4,0.1,-5.9,-0.09,0.18,77,76,-1,-1.4,-4.3,-1.4,-6.3,-0.02,-0.01,0.00,0.00,0.00,0.00,-0.13,0.15,100,-1,0,1,-0.5,0.02,0.120,0.131,-34.95,0,26,0,193.9,353.5,335.1,76.2,0.00,0,-0.2,0.2
53.80,fly,236.69,-116.69,0.120,1,1204.4,2001.4,0.1,-5.9,-0.09,0.18,77,76,-1,-1.4,-4.3,-1.4,-6.3,-0.02,-0.01,0.00,0.00,0.00,0.00,-0.13,0.15,100,-1,0,1,-0.8,0.03,0.120,0.131,-35.41,0,26,0,193.9,353.5,335.1,76.2,0.00,0,-0.4,0.3
53.90,fly,233.09,-113.09,0.120,1,1204.4,2001.4,0.1,-5.9,-0.09,0.18,77,76,-1,-1.4,-4.4,-1.4,-6.3,-0.02,-0.01,0.00,0.00,0.00,0.00,-0.13,0.15,100,-1,0,1,-0.8,0.04,0.120,0.132,-35.86,0,26,0,194.2,353.3,335.0,75.9,0.00,0,-0.4,0.3
54.00,fly,229.45,-109.45,0.120,1,1204.4,2001.5,0.1,-6.0,-0.09,0.18,77,76,-1,-1.4,-4.4,-1.5,-6.4,-0.02,-0.01,0.00,0.00,0.00,0.00,-0.13,0.15,100,-1,0,1,-0.6,0.04,0.120,0.132,-36.31,0,26,0,194.2,353.3,335.0,75.9,0.00,0,-0.4,0.3
54.10,fly,225.76,-105.76,0.120,1,1204.3,2001.5,0.2,-6.0,-0.09,0.18,76,76,-1,-1.4,-4.4,-1.5,-6.4,-0.02,-0.01,0.00,0.00,0.00,0.00,-0.13,0.15,100,-1,0,2,-0.6,0.04,0.120,0.133,-36.75,0,26,0,194.2,353.3,335.0,75.9,0.00,0,-0.9,0.4
54.20,fly,222.03,-102.03,0.120,1,1204.3,2001.5,0.2,-6.0,-0.09,0.18,76,76,-1,-1.4,-4.4,-1.6,-6.4,-0.02,-0.01,0.00,0.00,0.00,0.00,-0.13,0.15,100,-1,0,2,-0.6,0.05,0.120,0.133,-37.18,0,26,0,194.2,353.3,335.0,75.9,0.00,0,-0.9,0.4
54.30,fly,218.26,-98.26,0.120,1,1204.3,2001.5,0.2,-6.0,-0.09,0.18,76,76,-1,-1.5,-4.4,-1.7,-6.4,-0.02,-0.01,0.00,0.00,0.00,0.00,-0.13,0.15,100,-1,0,2,-0.4,0.04,0.120,0.133,-37.62,0,26,0,194.3,353.1,334.7,75.8,0.00,0,-0.9,0.3
54.40,fly,214.45,-94.45,0.120,1,1204.3,2001.5,0.2,-6.0,-0.09,0.22,76,76,-1,-1.5,-4.6,-1.7,-6.5,-0.02,-0.01,0.00,0.00,0.00,0.00,-0.14,0.19,100,-1,0,2,-0.2,0.04,0.120,0.133,-38.04,0,26,0,194.3,353.1,334.7,75.8,0.00,0,-0.7,0.2
54.50,fly,210.59,-90.59,0.120,1,1204.3,2001.6,0.2,-6.1,-0.09,0.26,76,76,-1,-1.5,-4.7,-1.8,-6.5,-0.02,-0.01,0.00,0.00,0.00,0.00,-0.15,0.23,100,-1,0,2,-0.0,0.04,0.120,0.132,-38.46,0,26,0,194.3,353.1,334.7,75.8,0.00,0,-1.2,0.1
54.60,fly,206.69,-86.69,0.120,1,1204.3,2001.6,0.2,-6.1,-0.09,0.26,76,76,-1,-1.6,-4.7,-1.9,-6.5,-0.02,-0.01,0.00,0.00,0.00,0.00,-0.15,0.23,100,-1,0,2,0.2,0.04,0.120,0.132,-38.88,0,26,0,194.3,353.1,334.7,75.8,0.00,0,-0.8,-0.0
54.70,fly,202.75,-82.75,0.155,1,1204.3,2001.6,0.2,-6.1,-0.09,0.26,76,76,-1,-1.6,-4.7,-1.9,-6.5,-0.02,-0.01,0.00,0.00,0.00,0.00,-0.15,0.23,100,-1,0,2,0.4,0.03,0.155,0.168,-39.29,0,26,0,194.2,353.1,334.4,75.9,0.00,0,-1.2,-0.1
54.80,fly,198.77,-78.77,0.225,1,1204.3,2001.6,0.2,-6.1,-0.09,0.26,76,76,-1,-1.6,-4.8,-2.0,-6.5,-0.02,-0.02,0.00,0.00,0.00,0.00,-0.15,0.23,100,-1,0,2,0.4,0.03,0.225,0.238,-39.70,0,26,0,194.2,353.1,334.4,75.9,0.00,0,-1.2,-0.1
54.90,fly,194.77,-74.77,0.294,1,1204.3,2001.7,0.2,-6.2,-0.09,0.26,76,76,-1,-1.6,-4.8,-2.1,-6.4,-0.02,-0.02,0.00,0.00,0.00,0.00,-0.15,0.23,100,-1,0,2,0.3,0.03,0.294,0.307,-39.99,0,26,0,194.2,353.1,334.4,75.9,0.00,0,-0.9,-0.0
55.00,fly,190.77,-70.77,0.351,1,1204.3,2001.7,0.2,-6.2,-0.09,0.18,76,76,-1,-1.6,-4.8,-2.2,-6.4,-0.02,-0.02,0.00,0.00,0.00,0.00,-0.15,0.23,100,-1,0,2,0.4,0.03,0.351,0.366,-39.99,0,26,0,194.2,353.1,334.4,75.9,0.00,0,-1.3,0.0
55.10,fly,186.82,-66.82,0.396,1,1204.3,2001.7,0.2,-6.2,-0.09,0.18,76,76,-1,-1.6,-4.6,-2.3,-6.5,-0.02,-0.02,0.00,0.00,0.00,0.00,-0.13,0.15,100,-1,0,2,0.4,0.03,0.396,0.414,-39.70,0,26,0,194.1,353.0,333.8,76.0,0.00,0,-1.3,0.0
55.20,fly,182.92,-62.92,0.429,1,1204.2,2001.7,0.2,-6.2,0.00,0.00,76,76,-1,-1.5,-4.5,-2.4,-6.5,-0.02,-0.03,0.00,0.00,0.00,0.00,-0.12,0.11,100,-1,0,2,0.5,0.03,0.429,0.449,-39.13,0,26,0,194.1,353.0,333.8,76.0,0.00,0,-1.3,-0.1
55.30,fly,179.11,-59.11,0.452,1,1204.2,2001.7,0.3,-6.2,0.00,-0.13,76,76,-1,-1.2,-4.1,-2.5,-6.4,-0.02,-0.03,0.00,0.00,0.00,0.00,0.00,0.00,100,-1,0,2,0.7,0.03,0.452,0.472,-38.35,0,26,0,194.1,353.0,333.8,76.0,0.00,0,-0.8,-0.3
55.40,fly,175.39,-55.39,0.471,1,1204.2,2001.7,0.3,-6.2,0.00,-0.13,76,76,-1,-1.1,-3.8,-2.6,-6.4,-0.02,-0.02,0.00,0.00,0.00,0.00,0.03,-0.13,100,-1,0,2,0.7,0.02,0.471,0.490,-37.46,0,26,0,194.1,353.0,333.8,76.0,0.00,0,-0.8,-0.3
55.50,fly,171.77,-51.77,0.482,1,1204.3,2001.7,0.3,-6.2,0.09,-0.44,76,76,-1,-1.0,-3.4,-2.6,-6.4,-0.02,-0.01,0.00,0.00,0.00,0.00,0.06,-0.26,100,-1,0,2,1.5,0.02,0.482,0.498,-36.41,0,26,0,193.7,353.0,333.3,76.4,0.00,0,0.6,-0.7
55.60,fly,168.27,-48.27,0.489,1,1204.3,2001.6,0.2,-6.2,0.09,-0.57,76,76,-1,-0.6,-2.9,-2.5,-6.3,-0.02,-0.00,0.00,0.00,0.00,0.00,0.19,-0.41,100,-1,0,2,2.0,0.01,0.489,0.500,-35.27,0,26,0,193.7,353.0,333.3,76.4,0.00,0,1.1,-1.0
55.70,fly,164.90,-44.90,0.490,1,1204.3,2001.6,0.2,-6.1,0.09,-0.57,76,76,-1,-0.5,-2.5,-2.3,-6.2,-0.03,0.00,0.00,0.00,0.00,0.00,0.22,-0.53,100,-1,0,2,2.0,-0.00,0.490,0.501,-34.03,0,26,0,193.7,353.0,333.3,76.4,0.00,0,1.1,-1.0
55.80,fly,161.66,-41.66,0.489,1,1204.3,2001.5,0.2,-6.0,0.18,-0.75,76,76,-1,-0.1,-2.0,-2.2,-6.1,-0.03,-0.00,0.00,0.00,0.00,0.00,0.35,-0.68,100,-1,0,2,2.2,-0.01,0.489,0.503,-32.75,0,26,0,193.7,353.0,333.3,76.4,0.00,0,1.1,-0.9
55.90,fly,158.54,-38.54,0.489,1,1204.3,2001.4,0.2,-6.0,0.18,-1.05,76,77,-1,0.0,-1.6,-2.1,-6.1,-0.04,-0.00,0.00,0.00,0.00,0.00,0.38,-0.81,100,-1,0,2,2.2,-0.01,0.489,0.506,-31.49,0,26,0,192.9,353.5,333.5,77.1,0.00,0,0.9,-0.7
56.00,fly,155.55,-35.55,0.488,1,1204.3,2001.2,0.2,-5.9,0.18,-1.19,77,77,-1,0.2,-1.0,-2.0,-6.0,-0.04,-0.01,0.00,0.00,0.00,0.00,0.42,-0.98,100,-1,0,2,1.8,-0.01,0.488,0.509,-30.23,0,26,0,192.9,353.5,333.5,77.1,0.00,0,0.7,-1.0
56.10,fly,152.68,-32.68,0.488,1,1204.3,2001.1,0.2,-5.7,0.18,-1.36,77,77,-1,0.3,-0.6,-1.9,-5.9,-0.04,-0.01,0.00,0.00,0.00,0.00,0.45,-1.11,100,-1,0,1,1.4,-0.01,0.488,0.510,-28.99,0,26,0,192.9,353.5,333.5,77.1,0.00,0,0.4,-1.9
56.20,fly,149.93,-29.93,0.488,1,1204.3,2001.1,0.2,-5.6,0.18,-1.36,77,77,-1,0.4,0.0,-1.9,-5.7,-0.03,-0.02,0.00,0.00,0.00,0.00,0.48,-1.29,100,-1,0,1,1.4,-0.00,0.488,0.509,-27.77,0,26,0,192.9,353.5,333.5,77.1,0.00,0,0.4,-1.9
56.30,fly,147.30,-27.30,0.489,1,1204.4,2000.8,0.1,-5.5,0.18,-1.71,77,78,-1,0.6,0.6,-1.9,-5.4,-0.02,-0.02,0.00,0.00,0.00,0.00,0.52,-1.46,100,-1,0,1,0.9,0.00,0.489,0.506,-26.56,0,26,0,192.4,354.2,335.2,77.7,0.00,0,-0.2,-4.2
56.40,fly,144.78,-24.78,0.490,1,1204.4,2000.6,0.1,-5.3,0.18,-1.89,77,78,-1,0.7,1.3,-1.9,-4.9,-0.00,-0.03,0.00,0.00,0.00,0.00,0.56,-1.63,100,-1,0,1,0.4,0.00,0.490,0.503,-25.36,0,26,0,192.4,354.2,335.2,77.7,0.00,0,-0.5,-5.2
56.50,fly,142.39,-22.39,0.492,1,1204.4,2000.4,0.1,-5.1,0.18,-1.98,77,78,-1,0.9,1.9,-1.9,-4.4,0.01,-0.04,0.00,0.00,0.00,0.00,0.59,-1.80,100,-1,0,1,0.1,0.01,0.492,0.511,-24.17,0,26,0,192.4,354.2,335.2,77.7,0.00,0,-0.7,-5.8
56.60,fly,140.11,-20.11,0.494,1,1204.4,2000.4,0.1,-4.9,0.18,-1.98,77,78,-1,1.0,2.3,-2.0,-3.8,0.02,-0.04,0.00,0.00,0.00,0.00,0.61,-1.89,100,-1,0,1,0.1,0.01,0.494,0.520,-22.99,0,26,0,192.4,354.2,335.2,77.7,0.00,0,-0.7,-5.8
56.70,fly,137.95,-17.95,0.497,1,1204.5,2000.0,0.1,-4.7,0.26,-2.11,77,78,-1,1.4,2.7,-2.1,-3.2,0.03,-0.05,0.00,0.00,0.00,0.00,0.72,-2.00,100,-1,0,1,-0.2,0.02,0.497,0.526,-21.81,0,26,0,192.2,356.4,343.6,77.8,0.00,0,-0.4,-6.3
56.80,fly,135.90,-15.90,0.500,1,1204.5,1999.8,0.0,-4.5,0.35,-2.20,77,78,-1,1.4,2.8,-2.1,-2.6,0.03,-0.04,0.00,0.00,0.00,0.00,0.72,-2.00,100,-1,0,1,-0.3,0.02,0.500,0.529,-20.65,0,26,0,192.2,356.4,343.6,77.8,0.00,0,0.5,-6.2
56.90,fly,133.97,-13.97,0.504,1,1204.5,1999.6,-0.0,-4.3,0.44,-2.20,77,78,-1,1.8,3.2,-2.0,-1.9,0.03,-0.03,0.00,0.00,0.00,0.00,0.82,-2.07,100,-1,0,1,-0.2,0.02,0.504,0.529,-19.51,0,26,0,192.2,356.4,343.6,77.8,0.00,0,1.6,-6.0
57.00,fly,132.15,-12.15,0.509,1,1204.5,1999.6,-0.0,-4.1,0.44,-2.20,78,78,-1,2.1,3.2,-1.8,-1.4,0.03,-0.01,0.00,0.00,0.00,0.00,0.90,-2.05,100,-1,0,1,-0.2,0.02,0.509,0.528,-18.37,0,26,0,192.2,356.4,343.6,77.8,0.00,0,1.6,-6.0
57.10,fly,130.45,-10.45,0.515,1,1204.7,1999.1,-0.1,-3.8,0.62,-2.20,78,78,-1,2.5,3.3,-1.5,-0.8,0.03,0.00,0.00,0.00,0.00,0.00,1.03,-2.02,100,-1,0,0,1.1,0.01,0.515,0.528,-17.25,0,26,0,192.2,358.9,354.7,77.8,0.00,0,3.8,-4.8
57.20,fly,128.85,-8.85,0.524,1,1204.7,1999.1,-0.2,-3.6,0.62,-2.20,78,78,-1,2.7,3.4,-1.1,-0.4,0.02,0.02,0.00,0.00,0.00,0.00,1.07,-2.01,100,-1,0,0,1.1,-0.01,0.524,0.539,-16.13,0,26,0,192.2,358.9,354.7,77.8,0.00,0,3.8,-4.8
57.30,fly,127.37,-7.37,0.588,1,1204.8,1998.7,-0.2,-3.4,0.70,-2.02,78,78,-1,3.0,3.2,-0.7,0.0,0.01,0.02,0.00,0.00,0.00,0.00,1.14,-1.91,100,-1,0,0,2.3,-0.03,0.588,0.603,-15.03,0,26,0,192.2,358.9,354.7,77.8,0.00,0,4.3,-3.1
57.40,fly,126.00,-6.00,0.644,1,1204.8,1998.7,-0.3,-3.2,0.70,-2.02,78,78,-1,3.0,3.1,-0.3,0.3,0.00,0.02,0.00,0.00,0.00,0.00,1.12,-1.82,100,-1,0,0,2.3,-0.04,0.644,0.656,-13.91,0,26,0,192.2,358.9,354.7,77.8,0.00,0,4.3,-3.1
57.50,fly,124.77,-4.77,0.685,1,1204.9,1998.3,-0.4,-3.0,0.70,-1.89,78,79,-1,3.1,3.0,0.1,0.5,-0.01,0.01,0.00,0.00,0.00,0.00,1.11,-1.78,100,-1,0,0,2.1,-0.04,0.685,0.694,-12.65,0,26,0,191.4,0.5,2.5,78.6,0.00,0,2.9,-1.4
57.60,fly,123.70,-3.70,0.701,1,1204.9,1998.3,-0.4,-2.8,0.70,-1.89,78,79,-1,3.1,2.9,0.3,0.6,-0.01,0.00,0.00,0.00,0.00,0.00,1.08,-1.70,100,-1,0,0,2.1,-0.04,0.701,0.708,-11.14,0,26,0,191.4,0.5,2.5,78.6,0.00,0,2.9,-1.4
57.70,fly,122.80,-2.80,0.691,1,1205.0,1998.1,-0.5,-2.6,0.66,-1.80,78,79,-1,2.9,2.8,0.5,0.7,-0.02,-0.01,0.00,0.00,0.00,0.00,1.02,-1.63,100,-1,0,0,1.3,-0.03,0.691,0.701,-9.40,0,26,0,191.4,0.5,2.5,78.6,0.00,0,1.7,-1.0
57.80,fly,122.10,-2.10,0.658,1,1205.1,1997.9,-0.6,-2.4,0.62,-1.71,78,79,-1,2.8,2.7,0.6,0.8,-0.02,-0.02,0.00,0.00,0.00,0.00,0.96,-1.55,100,-1,0,-0,1.0,-0.02,0.658,0.672,-7.49,0,26,0,191.4,0.5,2.5,78.6,0.00,0,1.2,-0.9
57.90,fly,121.58,-1.58,0.609,1,1205.1,1997.8,-0.6,-2.3,0.53,-1.58,78,79,-1,2.5,2.4,0.6,0.8,-0.02,-0.02,0.00,0.00,0.00,0.00,0.84,-1.44,100,-1,0,-0,0.8,-0.02,0.609,0.625,-5.61,0,26,0,191.0,1.0,4.9,79.0,0.00,0,0.6,-0.8
58.00,fly,121.24,-1.24,0.549,1,1205.2,1997.5,-0.7,-2.1,0.48,-1.41,78,79,-1,2.5,2.3,0.6,0.9,-0.01,-0.02,0.00,0.00,0.00,0.00,0.82,-1.36,100,-1,0,-0,0.3,-0.01,0.549,0.565,-3.83,0,26,0,191.0,1.0,4.9,79.0,0.00,0,0.2,-1.1
58.10,fly,121.05,-1.05,0.486,1,1205.2,1997.5,-0.7,-2.0,0.48,-1.41,78,79,-1,2.4,2.1,0.6,1.0,-0.01,-0.02,0.00,0.00,0.00,0.00,0.76,-1.28,100,-1,0,-0,0.3,-0.01,0.486,0.497,-2.25,0,26,0,191.0,1.0,4.9,79.0,0.00,0,0.2,-1.1
58.20,fly,120.99,-0.99,0.420,1,1205.3,1997.2,-0.8,-1.8,0.44,-1.23,79,79,-1,2.2,2.0,0.6,1.2,-0.00,-0.02,0.00,0.00,0.00,0.00,0.69,-1.20,100,-1,0,-1,0.1,-0.01,0.420,0.429,-0.87,0,26,0,191.0,1.0,4.9,79.0,0.00,0,-0.1,-1.2
58.30,fly,121.04,-1.04,0.357,1,1205.4,1997.1,-0.8,-1.7,0.40,-1.14,79,79,-1,2.2,1.8,0.6,1.3,0.00,-0.03,0.00,0.00,0.00,0.00,0.67,-1.12,100,-1,0,-1,0.1,-0.01,0.357,0.367,0.26,0,26,0,190.9,1.4,7.3,79.1,0.00,0,-0.5,-1.2
58.40,fly,121.16,-1.16,0.301,1,1205.4,1997.1,-0.9,-1.6,0.40,-1.14,79,79,-1,2.1,1.6,0.6,1.4,0.00,-0.03,0.00,0.00,0.00,0.00,0.61,-1.04,100,-1,0,-1,0.1,-0.01,0.301,0.313,1.08,0,26,0,190.9,1.4,7.3,79.1,0.00,0,-0.5,-1.2
58.50,fly,121.33,-1.33,0.255,1,1205.4,1996.9,-0.9,-1.5,0.35,-1.05,79,79,-1,2.0,1.6,0.5,1.5,0.00,-0.03,0.00,0.00,0.00,0.00,0.56,-1.01,100,-1,0,-1,0.0,-0.02,0.255,0.268,1.60,0,26,0,190.9,1.4,7.3,79.1,0.00,0,-0.8,-1.0
58.60,fly,121.51,-1.51,0.221,1,1205.4,1996.9,-0.9,-1.4,0.35,-1.05,79,79,-1,2.0,1.5,0.4,1.6,0.00,-0.03,0.00,0.00,0.00,0.00,0.55,-0.97,100,-1,0,-1,0.0,-0.02,0.221,0.236,1.83,0,26,0,190.9,1.4,7.3,79.1,0.00,0,-0.8,-1.0
58.70,fly,121.69,-1.69,0.200,1,1205.5,1996.7,-1.0,-1.3,0.35,-0.88,79,79,-1,2.0,1.3,0.4,1.7,0.00,-0.02,0.00,0.00,0.00,0.00,0.53,-0.88,100,-1,0,-1,-0.4,-0.01,0.200,0.210,1.83,0,26,0,190.9,1.7,8.9,79.1,0.00,0,0.6,-0.7
58.80,fly,121.85,-1.85,0.186,1,1205.5,1996.6,-1.0,-1.2,0.35,-0.88,79,79,-1,1.9,1.1,0.5,1.7,0.01,-0.01,0.00,0.00,0.00,0.00,0.51,-0.79,100,-1,0,-1,-0.8,-0.01,0.186,0.194,1.67,0,26,0,190.9,1.7,8.9,79.1,0.00,0,1.3,-0.8
58.90,fly,121.97,-1.97,0.183,1,1205.5,1996.6,-1.0,-1.1,0.35,-0.88,79,79,-1,2.0,1.2,0.7,1.8,0.00,0.00,0.00,0.00,0.00,0.00,0.51,-0.79,100,-1,0,-1,-0.8,-0.00,0.183,0.185,1.37,0,26,0,190.9,1.7,8.9,79.1,0.00,0,1.3,-0.8
59.00,fly,122.05,-2.05,0.191,1,1205.6,1996.5,-1.1,-1.0,0.35,-0.79,79,79,-1,2.0,1.0,0.9,1.9,0.01,0.01,0.00,0.00,0.00,0.00,0.50,-0.71,100,-1,0,-1,-0.8,-0.00,0.191,0.197,0.94,0,26,0,190.9,1.7,8.9,79.1,0.00,0,1.9,-0.7
59.10,fly,122.08,-2.08,0.208,1,1205.6,1996.4,-1.1,-0.9,0.35,-0.79,79,79,-1,2.0,1.0,1.0,1.9,0.01,0.01,0.00,0.00,0.00,0.00,0.50,-0.71,100,-1,0,-1,-0.8,-0.00,0.208,0.215,0.41,0,26,0,191.2,2.1,10.6,78.8,0.00,0,1.9,-0.6
59.20,fly,122.06,-2.06,0.230,1,1205.7,1996.3,-1.1,-0.9,0.26,-0.70,79,79,-1,2.0,0.8,1.2,2.0,0.01,0.01,0.00,0.00,0.00,0.00,0.48,-0.62,100,-1,0,-1,-0.8,-0.00,0.230,0.238,-0.11,0,26,0,191.2,2.1,10.6,78.8,0.00,0,1.7,-0.5
59.30,fly,122.00,-2.00,0.250,1,1205.7,1996.2,-1.2,-0.8,0.26,-0.62,79,79,-1,1.8,0.9,1.4,2.0,0.01,0.01,0.00,0.00,0.00,0.00,0.39,-0.64,100,-1,0,-1,-0.7,-0.00,0.250,0.258,-0.51,0,26,0,191.2,2.1,10.6,78.8,0.00,0,1.5,-0.4
59.40,fly,121.92,-1.92,0.263,1,1205.7,1996.2,-1.2,-0.7,0.26,-0.62,79,79,-1,1.7,0.7,1.6,2.1,0.01,0.01,0.00,0.00,0.00,0.00,0.38,-0.55,100,-1,0,-1,-0.7,-0.00,0.263,0.272,-0.73,0,26,0,191.2,2.1,10.6,78.8,0.00,0,1.5,-0.4
59.50,fly,121.82,-1.82,0.277,1,1205.8,1996.1,-1.2,-0.7,0.26,-0.53,79,79,-1,1.7,0.6,1.7,2.1,0.01,0.01,0.00,0.00,0.00,0.00,0.37,-0.51,100,-1,0,-1,-0.7,-0.00,0.277,0.287,-0.95,0,26,0,191.5,2.5,12.0,78.5,0.00,0,1.2,-0.2
59.60,fly,121.70,-1.70,0.293,1,1205.8,1996.1,-1.3,-0.6,0.26,-0.53,79,79,-1,1.7,0.5,1.8,2.1,0.01,0.01,0.00,0.00,0.00,0.00,0.36,-0.47,100,-1,0,-1,-0.7,-0.00,0.293,0.298,-1.14,0,26,0,191.5,2.5,12.0,78.5,0.00,0,1.2,-0.2
59.70,fly,121.58,-1.58,0.302,1,1205.8,1996.1,-1.3,-0.6,0.18,-0.44,79,79,-1,1.4,0.3,1.9,2.1,0.00,0.01,0.00,0.00,0.00,0.00,0.26,-0.40,100,-1,0,-1,-0.6,-0.00,0.302,0.306,-1.20,0,26,0,191.5,2.5,12.0,78.5,0.00,0,0.6,0.2
59.80,fly,121.47,-1.47,0.305,1,1205.8,1996.0,-1.3,-0.5,0.18,-0.44,79,79,-1,1.5,0.3,1.9,2.1,0.00,0.00,0.00,0.00,0.00,0.00,0.26,-0.40,100,-1,0,-1,-0.4,-0.01,0.305,0.307,-1.12,0,26,0,191.5,2.5,12.0,78.5,0.00,0,0.3,0.2
59.90,fly,121.37,-1.37,0.306,1,1205.8,1996.0,-1.3,-0.5,0.13,-0.35,79,78,-1,1.3,0.1,2.0,2.0,0.00,0.00,0.00,0.00,0.00,0.00,0.20,-0.32,100,-1,0,-1,-0.6,-0.00,0.306,0.309,-1.05,0,26,0,191.7,2.4,11.6,78.3,0.00,0,0.4,0.4
59.95,climb,121.30,228.70,0.431,1,1205.8,1996.0,686.7,-1630.5,0.09,-0.26,79,78,-1,0.0,0.0,2.0,2.0,0.02,0.02,0.00,0.00,0.00,0.00,0.20,-0.32,100,-1,0,2,0.0,0.04,0.431,0.447,-1.05,0,26,0,191.7,2.4,11.5,78.3,0.00,0,0.0,0.0
60.05,climb,121.23,228.77,0.692,1,1205.8,1995.9,686.7,-1630.5,0.04,-0.18,79,78,-1,0.0,0.0,2.0,2.0,0.01,0.02,0.00,0.00,0.00,0.00,0.14,-0.24,100,-1,0,5,-0.2,0.11,0.693,0.707,-0.93,0,26,0,191.7,2.4,11.5,78.3,0.00,0,-0.1,0.3
60.15,climb,121.18,228.82,0.954,1,1205.8,1995.9,686.7,-1630.4,0.00,-0.09,79,78,-1,0.0,0.0,2.0,1.9,0.01,0.02,0.00,0.00,0.00,0.00,0.08,-0.16,100,-1,0,8,0.4,0.16,0.955,0.966,-0.64,0,26,0,191.7,2.4,11.5,78.3,0.00,0,-0.5,0.7
60.25,climb,121.27,228.73,1.000,1,1205.8,1995.9,686.7,-1630.4,-0.13,0.09,79,78,-1,0.0,0.0,1.9,1.8,0.00,0.00,0.00,0.00,0.00,0.00,0.02,-0.09,100,-1,1,11,2.8,0.20,1.000,1.000,0.44,0,26,0,191.7,2.4,11.5,78.3,0.00,0,-2.0,1.9
60.35,climb,121.62,228.38,1.000,1,1205.8,1995.9,686.7,-1630.4,-0.26,0.26,79,79,-1,0.0,0.0,1.6,1.6,-0.01,-0.02,0.00,0.00,0.00,0.00,-0.15,0.06,100,-1,1,14,7.2,0.22,1.000,1.000,2.68,0,26,0,191.3,1.9,9.4,78.7,0.00,0,-3.2,2.8
60.45,climb,122.28,227.72,1.000,1,1205.8,1995.9,686.7,-1630.4,-0.26,0.26,79,79,-1,0.0,0.0,1.2,1.3,-0.03,-0.04,0.00,0.00,0.00,0.00,-0.31,0.21,100,-1,1,17,7.2,0.19,1.000,1.000,5.72,0,26,0,191.3,1.9,9.4,78.7,0.00,0,-3.2,2.8
60.55,climb,123.25,226.75,1.000,1,1205.7,1996.0,686.7,-1630.5,-0.35,0.53,79,79,-1,0.0,0.0,0.8,1.0,-0.04,-0.06,0.00,0.00,0.00,0.00,-0.42,0.32,100,-1,1,20,18.8,0.13,1.000,1.000,8.91,0,26,0,191.3,1.9,9.4,78.7,0.00,0,-4.6,3.7
60.65,climb,124.54,225.46,1.000,1,1205.7,1996.0,686.8,-1630.5,-0.35,0.53,79,79,-1,0.0,0.0,0.3,0.6,-0.05,-0.07,0.00,0.00,0.00,0.00,-0.45,0.45,100,-1,1,23,18.8,0.07,1.000,1.000,12.07,0,26,0,191.3,1.9,9.4,78.7,0.00,0,-4.6,3.7
60.75,climb,126.15,223.85,1.000,1,1205.7,1996.1,686.8,-1630.6,-0.35,0.53,80,86,-1,0.0,0.0,-0.0,0.3,-0.05,-0.05,0.00,0.00,0.00,0.00,-0.44,0.46,100,-1,1,24,24.7,-0.00,1.000,1.000,15.19,0,26,0,184.4,0.3,3.5,85.6,0.00,0,-3.7,3.8
60.85,climb,128.06,221.94,1.000,1,1205.7,1996.1,686.8,-1630.6,-0.26,0.53,81,86,-1,0.0,0.0,-0.2,-0.0,-0.04,-0.02,0.00,0.00,0.00,0.00,-0.35,0.48,100,-1,1,27,29.5,-0.06,1.000,1.000,18.29,0,26,0,184.4,0.3,3.5,85.6,0.00,0,-1.8,3.1
60.95,climb,130.27,219.73,1.000,1,1205.6,1996.2,686.9,-1630.7,0.04,0.35,81,86,-1,0.0,0.0,-0.0,-0.2,-0.02,0.02,0.00,0.00,0.00,0.00,-0.15,0.42,100,-1,1,29,32.6,-0.07,1.000,1.000,21.35,0,26,0,184.4,0.3,3.5,85.6,0.00,0,3.5,-0.0
61.05,climb,134.15,215.85,1.000,1,1205.7,1996.3,686.9,-1630.7,0.09,0.26,82,86,-1,0.0,0.0,0.4,-0.1,0.01,0.07,0.00,0.00,0.00,0.00,-0.01,0.35,100,-1,1,31,30.6,-0.03,1.000,1.000,24.38,0,26,0,184.4,0.3,3.5,85.6,0.00,0,5.4,-1.9
61.15,climb,135.59,214.41,1.000,1,1205.7,1996.3,686.8,-1630.8,0.09,0.26,84,98,-1,0.0,0.0,1.0,0.2,0.04,0.09,0.00,0.00,0.00,0.00,0.06,0.27,100,-1,1,32,30.6,0.02,1.000,1.000,27.38,0,26,0,172.0,0.0,179.8,98.0,0.00,0,5.4,-1.9
61.25,climb,138.69,211.31,1.000,1,1205.7,1996.3,686.8,-1630.8,-0.04,0.09,86,98,-1,0.0,0.0,1.5,0.6,0.07,0.09,0.00,0.00,0.00,0.00,0.08,0.18,100,-1,1,33,24.9,0.11,1.000,1.000,30.35,0,26,0,172.0,0.0,179.8,98.0,0.00,0,3.9,-4.2
61.35,climb,142.09,207.91,1.000,1,1205.7,1996.3,686.8,-1630.8,-0.04,0.09,88,98,-1,0.0,0.0,1.7,1.1,0.08,0.06,0.00,0.00,0.00,0.00,-0.05,0.09,100,-1,1,34,24.9,0.18,1.000,1.000,33.29,0,26,0,172.0,0.0,179.8,98.0,0.00,0,3.9,-4.2
61.45,climb,145.77,204.23,1.000,1,1205.6,1996.3,686.9,-1630.8,-0.31,0.18,90,98,-1,0.0,0.0,1.6,1.4,0.06,-0.00,0.00,0.00,0.00,0.00,-0.31,0.17,100,-1,1,35,23.6,0.24,1.000,1.000,36.20,0,26,0,172.0,0.0,179.8,98.0,0.00,0,0.4,-3.0
61.55,climb,149.75,200.25,1.000,1,1205.5,1996.4,686.9,-1630.8,-0.97,0.44,92,108,-1,0.0,0.0,1.0,1.4,0.02,-0.07,0.00,0.00,0.00,0.00,-0.65,0.33,100,-1,1,36,26.7,0.23,1.000,1.000,39.07,0,26,0,162.0,1.0,176.8,108.0,0.00,0,-8.2,3.0
61.65,climb,154.02,195.98,1.000,1,1205.4,1996.4,687.0,-1630.9,-1.14,0.62,95,108,-1,0.0,0.0,0.1,1.0,-0.04,-0.14,0.00,0.00,0.00,0.00,-0.93,0.52,100,-1,1,36,30.8,0.19,1.000,1.000,41.91,0,26,0,162.0,1.0,176.8,108.0,0.00,0,-10.8,6.0
61.75,climb,158.57,191.43,0.862,1,1205.4,1996.4,687.1,-1630.9,-1.14,0.62,97,108,-1,0.0,0.0,-1.1,0.3,-0.10,-0.18,0.00,0.00,0.00,0.00,-1.06,0.75,100,-1,0,37,30.8,0.13,0.863,0.973,44.73,0,26,0,162.0,1.0,176.8,108.0,0.00,0,-10.8,6.0
61.85,climb,163.41,186.59,0.701,1,1205.2,1996.6,687.2,-1631.0,-0.75,0.79,98,108,-1,0.0,0.0,-2.1,-0.5,-0.13,-0.17,0.00,0.00,0.00,0.00,-0.98,0.90,100,-1,0,39,39.8,0.06,0.701,0.822,47.52,0,26,0,162.0,1.0,176.8,108.0,0.00,0,-7.2,6.5
61.95,climb,168.47,181.53,0.547,1,1205.2,1996.6,687.3,-1631.1,-0.75,0.79,102,122,-1,0.0,0.0,-2.6,-1.3,-0.12,-0.10,0.00,0.00,0.00,0.00,-0.57,0.93,100,-1,0,38,39.8,-0.03,0.547,0.636,50.00,0,26,0,148.4,0.3,179.5,121.6,0.00,0,-7.2,6.5
62.05,climb,173.68,176.32,0.425,1,1205.1,1996.7,687.4,-1631.2,-0.40,0.88,105,122,-1,0.0,0.0,-2.4,-1.6,-0.07,0.01,0.00,0.00,0.00,0.00,-0.16,0.95,100,-1,0,38,41.9,-0.07,0.425,0.456,51.73,0,26,0,148.4,0.3,179.5,121.6,0.00,0,-0.7,3.0
62.15,climb,178.97,171.03,0.333,1,1205.1,1996.7,687.4,-1631.2,0.04,0.88,107,122,-1,0.0,0.0,-1.6,-1.5,0.00,0.10,0.00,0.00,0.00,0.00,0.31,0.83,100,-1,0,39,42.0,-0.07,0.333,0.376,52.74,0,26,0,148.4,0.3,179.5,121.6,0.00,0,5.6,-1.5
62.25,climb,184.28,165.72,0.270,1,1205.2,1996.9,687.3,-1631.3,0.44,0.79,110,122,-1,0.0,0.0,-0.6,-1.0,0.06,0.15,0.00,0.00,0.00,0.00,0.56,0.64,100,-1,0,39,38.2,-0.02,0.270,0.354,53.12,0,26,0,148.4,0.3,179.5,121.6,0.00,0,9.1,-6.6
62.35,climb,189.56,160.44,0.229,1,1205.2,1997.0,687.3,-1631.4,0.44,0.70,114,138,-1,0.0,0.0,0.4,-0.4,0.10,0.14,0.00,0.00,0.00,0.00,0.72,0.55,100,-1,0,38,36.0,0.00,0.229,0.325,53.02,0,26,0,132.3,359.2,180.7,137.7,0.00,0,7.2,-6.5
62.45,climb,194.79,155.21,0.204,1,1205.2,1997.0,687.3,-1631.5,0.44,0.70,117,138,-1,0.0,0.0,1.0,0.3,0.10,0.11,0.00,0.00,0.00,0.00,0.71,0.42,100,-1,0,38,36.0,0.03,0.204,0.288,52.58,0,26,0,132.3,359.2,180.7,137.7,0.00,0,7.2,-6.5
62.55,climb,199.95,150.05,0.191,1,1205.3,1997.0,687.2,-1631.5,0.40,0.66,121,138,-1,0.0,0.0,1.3,0.8,0.09,0.06,0.00,0.00,0.00,0.00,0.68,0.37,100,-1,0,38,34.0,0.07,0.191,0.250,51.89,0,26,0,132.3,359.2,180.7,137.7,0.00,0,4.2,-4.9
62.65,climb,205.03,144.97,0.184,1,1205.3,1997.2,687.2,-1631.6,0.26,0.53,123,138,-1,0.0,0.0,1.4,1.1,0.06,0.02,0.00,0.00,0.00,0.00,0.63,0.32,100,-1,0,38,30.7,0.11,0.184,0.214,51.07,0,26,0,132.3,359.2,180.7,137.7,0.00,0,-0.9,-0.5
62.75,climb,211.26,138.74,0.169,1,1205.3,1997.2,687.2,-1631.7,0.26,0.53,127,151,-1,0.0,0.0,1.2,1.2,0.02,-0.01,0.00,0.00,0.00,0.00,0.53,0.26,100,-1,0,37,30.7,0.12,0.169,0.184,50.21,0,26,0,119.2,359.1,180.5,150.8,0.00,0,-0.9,-0.5
62.85,climb,214.94,135.06,0.178,1,1205.4,1997.2,687.1,-1631.7,0.18,0.53,131,151,-1,0.0,0.0,0.9,1.0,-0.01,-0.03,0.00,0.00,0.00,0.00,0.48,0.28,100,-1,0,36,29.5,0.13,0.178,0.195,49.29,0,26,0,119.2,359.1,180.5,150.8,0.00,0,-2.1,1.6
62.95,climb,219.75,130.25,0.176,1,1205.4,1997.3,687.1,-1631.8,0.09,0.48,134,151,-1,0.0,0.0,0.6,0.8,-0.03,-0.04,0.00,0.00,0.00,0.00,0.40,0.29,100,-1,0,36,28.3,0.15,0.177,0.204,48.37,0,26,0,119.2,359.1,180.5,150.8,0.00,0,-2.7,2.7
63.05,climb,226.79,123.21,0.158,1,1205.4,1997.4,687.1,-1631.8,0.00,0.44,137,151,-1,0.0,0.0,0.2,0.5,-0.04,-0.05,0.00,0.00,0.00,0.00,0.38,0.24,100,-1,0,36,26.3,0.18,0.158,0.191,47.37,0,26,0,119.2,359.1,180.5,150.8,0.00,0,-2.8,2.9
63.15,climb,229.09,120.91,0.180,1,1205.4,1997.4,687.1,-1631.9,0.00,0.44,141,162,-1,0.0,0.0,-0.0,0.2,-0.04,-0.04,0.00,0.00,0.00,0.00,0.34,0.28,100,-1,0,36,25.5,0.18,0.180,0.212,46.41,0,26,0,108.2,0.3,179.9,161.8,0.00,0,-2.1,2.3
63.25,climb,233.62,116.38,0.182,1,1205.4,1997.4,687.1,-1631.9,0.00,0.44,144,162,-1,0.0,0.0,-0.2,-0.0,-0.03,-0.03,0.00,0.00,0.00,0.00,0.36,0.26,100,-1,0,35,25.5,0.19,0.182,0.207,45.46,0,26,0,108.2,0.3,179.9,161.8,0.00,0,-2.1,2.3
63.35,climb,238.05,111.95,0.185,1,1205.4,1997.4,687.1,-1631.9,0.00,0.44,147,162,-1,0.0,0.0,-0.3,-0.2,-0.02,-0.02,0.00,0.00,0.00,0.00,0.37,0.24,100,-1,0,35,24.9,0.21,0.186,0.201,44.47,0,26,0,108.2,0.3,179.9,161.8,0.00,0,-1.3,1.6
63.45,climb,242.38,107.62,0.184,1,1205.4,1997.5,687.1,-1632.0,0.09,0.44,149,162,-1,0.0,0.0,-0.3,-0.2,-0.01,-0.00,0.00,0.00,0.00,0.00,0.42,0.15,100,-1,0,36,24.6,0.23,0.184,0.190,43.59,0,26,0,108.2,0.3,179.9,161.8,0.00,0,-0.4,0.7
63.55,climb,246.63,103.37,0.182,1,1205.4,1997.6,687.1,-1632.0,0.09,0.44,153,172,-1,0.0,0.0,-0.3,-0.2,-0.00,0.01,0.00,0.00,0.00,0.00,0.43,0.12,100,-1,0,36,24.3,0.22,0.182,0.186,42.72,0,26,0,98.2,1.7,179.8,171.8,0.00,0,0.9,-0.4
63.65,climb,250.79,99.21,0.181,1,1205.4,1997.6,687.1,-1632.1,0.09,0.44,156,172,-1,0.0,0.0,-0.2,-0.2,0.00,0.01,0.00,0.00,0.00,0.00,0.44,0.10,100,-1,0,36,24.3,0.22,0.182,0.189,41.83,0,26,0,98.2,1.7,179.8,171.8,0.00,0,0.9,-0.4
63.75,climb,254.86,95.14,0.182,1,1205.4,1997.7,687.1,-1632.1,0.09,0.44,158,172,-1,0.0,0.0,-0.1,-0.2,0.01,0.01,0.00,0.00,0.00,0.00,0.44,0.08,100,-1,0,36,24.0,0.24,0.183,0.191,40.90,0,26,0,98.2,1.7,179.8,171.8,0.00,0,0.9,-0.4
63.85,climb,258.83,91.17,0.184,1,1205.4,1997.7,687.1,-1632.2,0.09,0.44,160,172,-1,0.0,0.0,0.0,-0.1,0.01,0.01,0.00,0.00,0.00,0.00,0.44,0.07,100,-1,0,37,24.0,0.26,0.184,0.193,39.98,0,26,0,98.2,1.7,179.8,171.8,0.00,0,0.9,-0.4
63.95,climb,262.72,87.28,0.184,1,1205.4,1997.7,687.1,-1632.2,0.09,0.44,163,181,-1,0.0,0.0,0.1,-0.1,0.01,0.01,0.00,0.00,0.00,0.00,0.45,0.04,100,-1,0,37,24.0,0.25,0.185,0.194,39.08,0,26,0,88.6,183.7,180.1,181.4,0.00,0,0.8,-0.4
64.05,climb,267.45,82.55,0.174,1,1205.4,1997.8,687.1,-1632.3,0.09,0.44,166,181,-1,0.0,0.0,0.2,-0.0,0.01,0.01,0.00,0.00,0.00,0.00,0.45,0.02,100,-1,0,37,24.1,0.26,0.175,0.184,38.18,0,26,0,88.6,183.7,180.1,181.4,0.00,0,0.6,-0.4
64.15,climb,270.22,79.78,0.185,1,1205.5,1997.8,687.1,-1632.3,0.09,0.44,169,181,-1,0.0,0.0,0.2,0.0,0.01,0.01,0.00,0.00,0.00,0.00,0.45,0.00,100,-1,0,38,24.2,0.27,0.186,0.193,37.29,0,26,0,88.6,183.7,180.1,181.4,0.00,0,0.3,-0.3
64.25,climb,273.84,76.16,0.185,1,1205.5,1997.8,687.0,-1632.3,0.09,0.44,171,181,-1,0.0,0.0,0.2,0.1,0.01,0.01,0.00,0.00,0.00,0.00,0.45,-0.01,100,-1,0,39,24.2,0.29,0.186,0.192,36.41,0,26,0,88.6,183.7,180.1,181.4,0.00,0,0.3,-0.3
64.35,climb,277.37,72.63,0.185,1,1205.5,1997.9,687.0,-1632.4,0.09,0.40,174,191,-1,0.0,0.0,0.2,0.1,0.01,0.00,0.00,0.00,0.00,0.00,0.40,-0.04,100,-1,0,38,24.4,0.28,0.185,0.190,35.54,0,26,0,78.9,181.3,180.2,191.1,0.00,0,0.0,-0.3
64.45,climb,280.82,69.18,0.184,1,1205.5,1998.0,687.0,-1632.4,0.09,0.35,176,191,-1,0.0,0.0,0.2,0.1,0.01,-0.00,0.00,0.00,0.00,0.00,0.36,-0.07,100,-1,0,39,25.2,0.28,0.185,0.188,34.68,0,26,0,78.9,181.3,180.2,191.1,0.00,0,-0.6,0.0
64.55,climb,284.18,65.82,0.183,1,1205.5,1998.0,687.0,-1632.5,0.09,0.35,179,191,-1,0.0,0.0,0.1,0.1,0.00,-0.01,0.00,0.00,0.00,0.00,0.35,-0.08,100,-1,0,39,25.2,0.29,0.184,0.188,33.82,0,26,0,78.9,181.3,180.2,191.1,0.00,0,-0.6,0.0
64.65,climb,287.45,62.55,0.163,1,1205.5,1998.0,687.0,-1632.5,0.09,0.35,181,191,-1,0.0,0.0,0.0,0.1,-0.00,-0.01,0.00,0.00,0.00,0.00,0.35,-0.09,100,-1,0,41,26.1,0.29,0.164,0.169,32.98,0,26,0,78.9,181.3,180.2,191.1,0.00,0,-1.0,0.5
64.75,climb,290.65,59.35,0.120,1,1205.5,1998.0,687.0,-1632.5,0.09,0.35,184,201,-1,0.0,0.0,-0.1,0.0,-0.01,-0.01,0.00,0.00,0.00,0.00,0.35,-0.11,100,-1,0,40,26.1,0.28,0.120,0.129,32.14,0,26,0,68.7,179.8,179.9,201.3,0.00,0,-1.0,0.5
64.85,climb,293.76,56.24,0.077,1,1205.5,1998.1,687.0,-1632.6,0.00,0.35,186,201,-1,0.0,0.0,-0.2,-0.0,-0.01,-0.01,0.00,0.00,0.00,0.00,0.35,-0.04,100,-1,0,41,26.7,0.27,0.077,0.087,31.31,0,26,0,68.7,179.8,179.9,201.3,0.00,0,-1.0,0.7
64.95,climb,296.77,53.23,0.041,1,1205.5,1998.1,687.0,-1632.6,0.00,0.35,189,201,-1,0.0,0.0,-0.3,-0.1,-0.01,-0.01,0.00,0.00,0.00,0.00,0.35,-0.05,100,-1,0,41,26.9,0.26,0.041,0.051,30.38,0,26,0,68.7,179.8,179.9,201.3,0.00,0,-0.9,0.7
65.05,climb,301.07,48.93,0.000,1,1205.5,1998.1,687.0,-1632.6,0.00,0.35,191,201,-1,0.0,0.0,-0.3,-0.2,-0.01,-0.01,0.00,0.00,0.00,0.00,0.35,-0.07,100,-1,1,42,26.7,0.27,0.000,0.000,29.29,0,26,0,68.7,179.8,179.9,201.3,0.00,0,-0.8,0.6
65.15,climb,302.45,47.55,0.005,1,1205.5,1998.2,687.0,-1632.7,0.00,0.35,194,212,-1,0.0,0.0,-0.4,-0.3,-0.01,-0.01,0.00,0.00,0.00,0.00,0.34,-0.08,100,-1,1,42,26.1,0.28,0.005,0.011,28.06,0,26,0,58.1,179.1,179.4,211.9,0.00,0,-0.8,0.6
65.25,climb,305.12,44.88,0.000,1,1205.5,1998.2,687.0,-1632.7,0.00,0.35,197,212,-1,0.0,0.0,-0.5,-0.3,-0.01,-0.01,0.00,0.00,0.00,0.00,0.34,-0.10,100,-1,1,42,25.6,0.28,0.000,0.000,26.95,0,26,0,58.1,179.1,179.4,211.9,0.00,0,-0.6,0.4
65.35,climb,307.67,42.33,0.000,1,1205.5,1998.2,687.0,-1632.7,0.00,0.35,199,212,-1,0.0,0.0,-0.5,-0.4,-0.01,-0.01,0.00,0.00,0.00,0.00,0.33,-0.11,100,-1,1,43,25.6,0.29,0.000,0.000,25.79,0,26,0,58.1,179.1,179.4,211.9,0.00,0,-0.6,0.4
65.45,climb,310.10,39.90,0.000,1,1205.5,1998.3,687.0,-1632.8,0.00,0.35,201,212,-1,0.0,0.0,-0.5,-0.4,-0.01,-0.01,0.00,0.00,0.00,0.00,0.33,-0.13,100,-1,1,44,25.2,0.30,0.000,0.000,24.59,0,26,0,58.1,179.1,179.4,211.9,0.00,0,-0.6,0.3
65.55,climb,312.40,37.60,0.000,1,1205.5,1998.3,687.0,-1632.8,0.00,0.35,204,222,-1,0.0,0.0,-0.6,-0.5,-0.01,-0.01,0.00,0.00,0.00,0.00,0.32,-0.14,100,-1,1,44,24.7,0.31,0.000,0.000,23.35,0,26,0,48.0,178.9,179.0,222.0,0.00,0,-0.5,0.2
65.65,climb,314.57,35.43,0.002,1,1205.5,1998.4,687.0,-1632.8,0.00,0.35,207,222,-1,0.0,0.0,-0.6,-0.5,-0.01,-0.01,0.00,0.00,0.00,0.00,0.31,-0.16,100,-1,1,41,23.7,0.32,0.002,0.005,22.06,0,26,0,48.0,178.9,179.0,222.0,0.00,0,-0.5,0.2
65.75,climb,316.62,33.38,0.016,1,1205.5,1998.4,687.0,-1632.9,0.00,0.35,209,222,-1,0.0,0.0,-0.6,-0.6,-0.01,-0.01,0.00,0.00,0.00,0.00,0.31,-0.17,100,-1,0,39,23.7,0.30,0.016,0.025,20.76,0,26,0,48.0,178.9,179.0,222.0,0.00,0,-0.5,0.2
65.85,climb,318.53,31.47,0.025,1,1205.5,1998.4,687.0,-1632.9,0.00,0.35,211,222,-1,0.0,0.0,-0.7,-0.6,-0.01,-0.01,0.00,0.00,0.00,0.00,0.30,-0.18,100,-1,0,37,23.2,0.27,0.025,0.034,19.47,0,26,0,48.0,178.9,179.0,222.0,0.00,0,-0.5,0.2
65.95,climb,320.32,29.68,0.037,1,1205.5,1998.4,687.0,-1632.9,0.00,0.35,214,231,-1,0.0,0.0,-0.7,-0.7,-0.01,-0.01,0.00,0.00,0.00,0.00,0.29,-0.20,100,-1,0,34,22.8,0.21,0.037,0.046,18.20,0,26,0,38.6,178.8,178.5,231.4,0.00,0,-0.5,0.2
66.05,climb,321.99,28.01,0.053,1,1205.5,1998.5,687.0,-1633.0,0.00,0.26,217,231,-1,0.0,0.0,-0.7,-0.7,-0.01,-0.01,0.00,0.00,0.00,0.00,0.21,-0.16,100,-1,0,31,22.6,0.17,0.053,0.062,16.94,0,26,0,38.6,178.8,178.5,231.4,0.00,0,-0.5,0.1
66.15,climb,323.53,26.47,0.072,1,1205.5,1998.5,687.0,-1633.0,0.00,0.26,219,231,-1,0.0,0.0,-0.7,-0.7,-0.01,-0.01,0.00,0.00,0.00,0.00,0.20,-0.17,100,-1,0,29,22.3,0.13,0.072,0.081,15.69,0,26,0,38.6,178.8,178.5,231.4,0.00,0,-0.5,0.1
66.25,climb,324.94,25.06,0.094,1,1205.5,1998.5,687.0,-1633.0,0.00,0.26,221,231,-1,0.0,0.0,-0.7,-0.8,-0.01,-0.01,0.00,0.00,0.00,0.00,0.20,-0.17,100,-1,0,27,22.1,0.09,0.094,0.103,14.46,0,26,0,38.6,178.8,178.5,231.4,0.00,0,-0.5,0.1
66.35,climb,326.24,23.76,0.120,1,1205.5,1998.6,687.0,-1633.1,0.00,0.26,224,240,-1,0.0,0.0,-0.8,-0.8,-0.01,-0.01,0.00,0.00,0.00,0.00,0.19,-0.18,100,-1,0,24,21.9,0.04,0.120,0.130,13.23,0,26,0,29.8,178.7,177.8,240.2,0.00,0,-0.5,0.1
66.45,climb,327.41,22.59,0.149,1,1205.5,1998.6,687.0,-1633.1,0.00,0.26,226,240,-1,0.0,0.0,-0.8,-0.8,-0.01,-0.01,0.00,0.00,0.00,0.00,0.18,-0.19,100,-1,0,21,21.7,-0.01,0.149,0.157,12.05,0,26,0,29.8,178.7,177.8,240.2,0.00,0,-0.3,-0.1
66.55,climb,328.48,21.52,0.178,1,1205.5,1998.6,687.0,-1633.1,0.00,0.26,229,240,-1,0.0,0.0,-0.8,-0.9,-0.01,-0.01,0.00,0.00,0.00,0.00,0.17,-0.20,100,-1,0,19,21.7,-0.05,0.178,0.184,10.92,0,26,0,29.8,178.7,177.8,240.2,0.00,0,-0.1,-0.3
66.65,climb,329.45,20.55,0.204,1,1205.5,1998.6,687.0,-1633.1,0.00,0.26,230,240,-1,0.0,0.0,-0.7,-0.9,-0.01,-0.00,0.00,0.00,0.00,0.00,0.17,-0.20,100,-1,0,17,21.7,-0.08,0.204,0.208,9.93,0,26,0,29.8,178.7,177.8,240.2,0.00,0,-0.1,-0.3
66.75,climb,330.35,19.65,0.223,1,1205.5,1998.7,687.0,-1633.2,0.00,0.26,233,249,-1,0.0,0.0,-0.7,-0.8,-0.00,0.00,0.00,0.00,0.00,0.00,0.16,-0.21,100,-1,0,15,21.7,-0.14,0.223,0.224,9.14,0,26,0,21.1,178.9,177.2,248.9,0.00,0,0.1,-0.6
66.85,climb,331.19,18.81,0.231,1,1205.5,1998.7,687.0,-1633.2,0.00,0.35,236,249,-1,0.0,0.0,-0.6,-0.7,0.00,0.00,0.00,0.00,0.00,0.00,0.20,-0.29,100,-1,0,12,21.5,-0.19,0.232,0.235,8.57,0,26,0,21.1,178.9,177.2,248.9,0.00,0,0.4,-1.1
66.95,climb,332.01,17.99,0.228,1,1205.5,1998.7,687.0,-1633.2,0.00,0.35,238,249,-1,0.0,0.0,-0.5,-0.7,0.01,0.00,0.00,0.00,0.00,0.00,0.19,-0.30,100,-1,0,10,21.5,-0.23,0.229,0.234,8.25,0,26,0,21.1,178.9,177.2,248.9,0.00,0,0.4,-1.1
67.05,cruise,332.80,17.20,0.275,1,1205.5,1998.8,687.0,-1633.3,0.00,0.35,239,249,-1,4.0,4.0,-0.5,-0.5,-0.04,-0.05,0.00,0.00,0.00,0.00,0.18,-0.30,100,-1,0,8,20.7,-0.25,0.276,0.303,7.96,0,26,0,21.1,178.9,177.2,248.9,0.00,0,0.3,-1.2
67.15,cruise,333.55,16.45,0.272,1,1205.5,1998.8,687.0,-1633.3,0.00,0.35,242,257,-1,8.0,8.0,-0.5,-0.4,-0.10,-0.12,0.00,0.00,0.00,0.00,0.16,-0.31,100,-1,0,-9,17.9,-0.58,0.278,0.336,7.66,0,26,0,12.8,179.5,177.6,257.2,0.00,1,0.4,-1.5
67.25,cruise,334.29,15.71,0.265,1,1205.5,1998.8,687.0,-1633.3,0.00,0.35,244,257,-1,12.0,12.0,-0.4,-0.3,-0.15,-0.17,0.00,0.00,0.00,0.00,0.15,-0.32,100,-1,0,-11,17.9,-0.58,0.270,0.354,7.45,0,26,0,11.1,179.6,178.2,258.9,0.00,1,0.4,-1.5
67.35,cruise,335.03,14.97,0.249,1,1205.5,1998.9,687.0,-1633.4,-0.09,0.44,246,257,-1,16.0,16.0,-0.2,0.0,-0.16,-0.19,0.00,0.00,0.00,0.00,0.16,-0.36,100,-1,0,-13,11.2,-0.56,0.254,0.349,7.40,0,26,0,9.6,180.0,180.1,260.4,0.00,1,3.6,-5.0
67.45,cruise,335.75,14.25,0.234,1,1205.5,1998.9,687.0,-1633.4,-0.09,0.44,248,257,-1,20.0,20.0,0.2,0.6,-0.15,-0.19,0.00,0.00,0.00,0.00,0.25,-0.37,100,-1,0,-14,11.2,-0.50,0.237,0.327,7.34,0,26,0,8.6,180.6,184.3,261.4,0.00,1,3.6,-5.0
67.55,cruise,336.44,13.56,0.225,1,1205.5,1999.0,687.0,-1633.5,-0.09,0.57,250,262,-1,20.8,24.0,0.9,1.5,-0.12,-0.12,0.00,0.00,0.00,0.00,0.26,-0.47,100,-1,0,-14,2.4,-0.42,0.227,0.291,7.15,0,26,0,8.1,181.6,191.4,261.9,0.00,1,9.1,-11.3
67.65,cruise,337.10,12.90,0.221,1,1205.5,1999.0,687.0,-1633.5,-0.09,0.57,252,262,-1,21.2,28.0,1.9,2.7,-0.09,-0.05,0.00,0.00,0.00,0.00,0.26,-0.52,100,-1,0,-14,2.4,-0.33,0.222,0.259,6.90,0,26,0,7.9,183.0,200.6,262.1,0.00,1,9.1,-11.3
67.75,cruise,337.72,12.28,0.219,1,1205.4,1999.1,687.0,-1633.6,-0.18,0.62,254,262,-1,21.9,32.0,3.1,4.2,-0.06,0.02,0.00,0.00,0.00,0.00,0.34,-0.54,100,-1,0,-14,-5.1,-0.25,0.220,0.242,6.61,0,26,0,8.1,184.7,209.9,261.9,0.00,1,13.5,-17.0
67.85,cruise,338.30,11.70,0.221,1,1205.4,1999.1,687.1,-1633.6,-0.18,0.62,255,262,-1,22.7,33.9,4.6,5.9,-0.02,0.08,0.00,0.00,0.00,0.00,0.33,-0.55,100,-1,0,-14,-5.1,-0.17,0.221,0.247,6.29,0,26,0,8.6,186.6,217.6,261.5,0.00,1,13.5,-17.0
67.95,cruise,338.84,11.16,0.226,1,1205.4,1999.3,687.1,-1633.7,-0.09,0.53,256,261,-1,23.6,34.2,6.1,7.8,0.03,0.11,0.00,0.00,0.00,0.00,0.32,-0.55,100,-1,0,-13,-10.1,-0.10,0.226,0.264,5.93,0,26,0,9.3,188.8,223.5,260.8,0.00,1,14.1,-20.4
68.05,cruise,339.58,10.42,0.227,1,1205.4,1999.3,687.1,-1633.8,0.00,0.40,257,261,-1,24.8,34.5,7.7,9.8,0.06,0.11,0.08,0.00,0.00,0.00,0.21,-0.49,100,-1,0,-12,-11.9,-0.04,0.227,0.272,5.57,0,26,0,10.1,191.1,227.7,260.0,0.00,1,13.3,-21.1
68.15,cruise,339.80,10.20,0.242,1,1205.4,1999.3,687.1,-1633.8,0.00,0.40,258,261,-1,25.6,34.4,9.3,11.7,0.07,0.10,0.16,0.00,0.00,0.00,0.08,-0.39,100,-1,0,-11,-11.9,0.01,0.242,0.289,5.21,0,26,0,11.2,193.5,230.6,259.0,0.00,1,13.3,-21.1
68.25,cruise,340.23,9.77,0.252,1,1205.4,1999.3,687.1,-1633.8,0.09,0.22,259,261,-1,26.7,34.3,10.9,13.6,0.05,0.08,0.24,0.00,0.00,0.00,-0.04,-0.23,100,-1,0,-10,-13.1,0.06,0.252,0.288,4.87,0,26,0,12.3,195.8,232.4,257.9,0.00,1,12.1,-20.5
68.35,cruise,340.63,9.37,0.261,1,1205.4,1999.3,687.1,-1633.8,0.22,-0.04,259,256,-1,27.7,34.2,12.3,15.2,0.02,0.05,0.31,0.00,0.00,0.00,-0.22,-0.00,100,-1,0,-9,-14.0,0.10,0.261,0.280,4.56,0,26,0,13.6,198.0,233.4,256.8,0.00,1,10.2,-19.1
68.45,cruise,341.00,9.00,0.271,1,1205.5,1999.2,687.0,-1633.8,0.53,-0.66,259,256,-1,28.8,34.1,13.5,16.7,0.00,0.01,0.37,0.00,0.00,0.00,-0.40,0.23,100,-1,0,-8,-14.1,0.13,0.271,0.274,4.26,0,26,0,14.9,200.0,233.9,255.6,0.00,1,6.2,-16.9
68.55,cruise,341.36,8.64,0.278,1,1205.5,1999.2,687.0,-1633.7,0.53,-0.66,259,256,-1,29.8,34.0,14.6,18.1,-0.01,-0.04,0.42,0.00,0.00,0.00,-0.64,0.55,100,-1,0,-7,-14.1,0.15,0.278,0.290,4.02,0,26,0,16.2,202.0,234.2,254.4,0.00,1,6.2,-16.9
68.65,cruise,341.70,8.30,0.281,1,1205.6,1999.2,686.9,-1633.7,0.70,-1.05,260,256,-1,30.7,33.9,15.6,19.5,-0.00,-0.07,0.48,0.00,0.00,0.00,-0.88,0.91,100,-1,0,-5,-13.5,0.16,0.281,0.302,3.86,0,26,0,17.6,203.8,234.4,253.3,0.00,1,4.4,-16.4
68.75,cruise,342.03,7.97,0.282,1,1205.8,1998.8,686.8,-1633.5,0.97,-1.89,259,251,-1,31.6,33.8,16.6,20.8,0.01,-0.08,0.53,0.00,0.00,0.00,-1.15,1.30,100,-1,0,-4,-10.9,0.16,0.282,0.309,3.76,0,26,0,18.8,205.7,234.7,252.2,0.00,1,4.4,-16.1
68.85,cruise,342.34,7.66,0.288,1,1205.8,1998.8,686.7,-1633.3,0.97,-1.89,259,251,-1,32.3,33.8,17.6,22.2,0.03,-0.08,0.58,0.00,0.00,0.00,-1.32,1.66,100,-1,0,-4,-10.9,0.15,0.288,0.318,3.58,0,26,0,19.9,207.6,235.3,251.4,0.00,1,4.4,-16.1
68.95,cruise,342.63,7.37,0.297,1,1206.0,1998.3,686.6,-1633.1,1.23,-2.81,259,251,-1,33.0,33.7,18.7,23.6,0.04,-0.06,0.63,0.00,0.00,0.00,-1.54,2.07,100,-1,0,-3,-7.4,0.13,0.297,0.328,3.36,0,26,0,20.8,209.5,236.1,250.8,0.00,1,6.9,-15.2
69.05,cruise,342.89,7.11,0.307,1,1206.1,1998.0,686.5,-1632.8,1.32,-3.34,259,251,-1,33.6,33.8,20.0,25.0,0.05,-0.05,0.69,0.00,0.00,0.00,-1.76,2.52,100,-1,0,-3,-5.4,0.10,0.307,0.338,3.15,0,26,0,21.4,211.3,237.2,250.4,0.00,1,7.8,-14.4
69.15,cruise,343.14,6.86,0.315,1,1206.3,1997.6,686.4,-1632.5,1.41,-3.91,258,248,-1,34.0,33.9,21.2,26.4,0.07,-0.04,0.74,0.00,0.00,0.00,-1.96,3.01,100,-1,0,-3,-3.5,0.06,0.315,0.349,3.00,0,26,0,21.8,213.0,238.4,250.3,0.00,1,8.6,-13.7
69.25,cruise,343.38,6.62,0.322,1,1206.4,1997.2,686.2,-1632.1,1.49,-4.57,258,248,-1,34.4,34.1,22.4,27.7,0.07,-0.03,0.79,0.00,0.00,0.00,-2.17,3.54,100,-1,0,-3,-1.7,0.02,0.322,0.356,2.89,0,26,0,21.9,214.7,239.9,250.5,0.00,1,9.7,-12.4
69.35,cruise,343.61,6.39,0.328,1,1206.6,1996.7,686.1,-1631.7,1.63,-5.19,258,248,-1,34.8,34.4,23.7,29.1,0.07,-0.02,0.84,0.00,0.00,0.00,-2.38,4.18,100,-1,0,-3,-0.3,-0.03,0.328,0.360,2.80,0,26,0,21.7,216.2,241.4,250.9,0.00,1,10.5,-10.6
69.45,cruise,343.84,6.16,0.335,1,1206.6,1996.7,685.9,-1631.2,1.63,-5.19,259,248,-1,35.0,34.7,25.0,30.3,0.06,-0.02,0.89,0.00,0.00,0.00,-2.61,4.76,100,-1,0,-4,-0.3,-0.07,0.335,0.362,2.71,0,26,0,21.3,217.4,243.1,251.4,0.00,1,10.5,-10.6
69.55,cruise,344.06,5.94,0.341,1,1206.9,1995.5,685.8,-1630.6,1.93,-6.68,259,249,-1,35.3,35.1,26.2,31.3,0.04,-0.02,0.94,0.00,0.00,0.00,-2.84,5.55,100,-1,0,-4,1.5,-0.10,0.341,0.362,2.63,0,26,0,20.6,218.5,244.6,252.1,0.00,1,11.0,-6.0
69.65,cruise,344.28,5.72,0.347,1,1206.9,1995.5,685.6,-1630.0,1.93,-6.68,260,249,-1,35.5,35.5,27.4,32.2,0.01,-0.02,0.97,0.00,0.00,0.00,-3.07,6.24,100,-1,0,-5,1.5,-0.13,0.348,0.360,2.53,0,26,0,19.8,219.2,246.2,252.9,0.00,1,11.0,-6.0
69.75,cruise,344.50,5.50,0.354,1,1207.1,1994.8,685.4,-1629.3,2.07,-7.47,261,249,-1,35.7,35.8,28.5,32.9,-0.01,-0.01,1.00,0.00,0.00,0.00,-3.24,7.04,100,-1,0,-6,1.7,-0.15,0.354,0.361,2.43,0,26,0,18.9,219.8,247.7,253.8,0.00,1,11.5,-3.8
69.85,cruise,344.71,5.29,0.358,1,1207.3,1993.9,685.2,-1628.4,2.29,-8.26,262,249,-1,36.0,36.2,29.8,33.4,-0.02,0.01,1.00,0.00,0.00,0.00,-3.47,7.84,100,-1,0,-7,1.3,-0.16,0.358,0.369,2.38,0,26,0,17.9,220.2,249.1,254.6,0.00,1,12.1,-2.4
69.95,cruise,344.92,5.08,0.360,1,1207.9,1992.1,684.9,-1627.6,2.77,-9.98,263,253,-1,36.3,36.5,31.1,33.9,-0.03,0.03,1.00,0.00,0.00,0.00,-3.58,8.78,100,-1,0,-8,-1.5,-0.15,0.361,0.382,2.36,0,26,0,17.0,220.6,250.4,255.4,0.00,1,12.6,-1.2
70.05,cruise,345.13,4.87,0.364,1,1207.9,1992.1,684.6,-1626.6,2.77,-9.98,265,253,-1,36.7,36.7,32.5,34.3,-0.05,0.05,1.00,0.00,0.00,0.00,-3.69,9.67,100,-1,0,-8,-1.5,-0.13,0.365,0.398,2.32,0,26,0,16.2,221.0,251.5,256.0,0.00,1,12.6,-1.2
70.15,cruise,345.34,4.66,0.369,1,1208.5,1989.9,684.3,-1625.5,3.38,-11.60,266,253,-1,37.2,36.8,33.9,34.6,-0.05,0.06,1.00,0.00,0.00,0.00,-3.76,10.58,100,-1,0,-9,-5.3,-0.10,0.369,0.413,2.27,0,26,0,15.7,221.3,252.3,256.4,0.00,1,11.8,-1.3
70.25,cruise,345.54,4.46,0.376,1,1208.5,1989.9,684.0,-1624.4,3.38,-11.60,268,253,-1,37.8,36.8,35.4,34.9,-0.06,0.07,1.00,0.00,0.00,0.00,-3.88,11.45,100,-1,0,-9,-5.3,-0.07,0.377,0.426,2.18,0,26,0,15.3,221.7,252.9,256.6,0.00,1,11.8,-1.3
70.35,cruise,345.72,4.28,0.386,1,1208.9,1988.7,683.6,-1623.2,3.74,-12.44,269,255,-1,38.4,36.7,36.8,35.2,-0.05,0.08,1.00,0.00,0.00,0.00,-3.90,12.39,100,-1,0,-9,-6.9,-0.04,0.386,0.435,2.07,0,26,0,15.3,222.3,253.3,256.6,0.00,1,10.4,-2.4
70.45,cruise,345.90,4.10,0.395,1,1209.7,1986.0,683.2,-1621.8,4.61,-14.15,271,255,-1,39.1,36.6,38.1,35.4,-0.05,0.07,1.00,0.00,0.00,0.00,-3.98,13.33,100,-1,0,-8,-9.5,-0.00,0.395,0.441,1.96,0,26,0,15.6,222.9,253.3,256.3,0.00,1,6.4,-5.4
70.55,cruise,346.06,3.94,0.404,1,1210.2,1984.5,682.8,-1620.5,5.05,-15.03,272,255,-1,39.8,36.3,39.4,35.7,-0.04,0.06,1.00,0.00,0.00,0.00,-4.02,14.33,100,-1,0,-8,-10.3,0.03,0.404,0.446,1.86,0,26,0,16.2,223.7,253.1,255.7,0.00,1,4.2,-6.7
70.65,cruise,346.23,3.77,0.411,1,1210.2,1984.5,682.3,-1619.0,5.05,-15.03,274,255,-1,40.6,36.1,40.4,36.0,-0.04,0.05,1.00,0.00,0.00,0.00,-4.03,15.33,100,-1,0,-7,-10.3,0.06,0.411,0.445,1.79,0,26,0,17.1,224.6,252.7,255.0,0.00,1,4.2,-6.7
70.75,cruise,346.39,3.61,0.416,1,1211.3,1981.2,681.8,-1617.4,6.02,-16.92,275,252,-1,41.3,35.7,41.2,36.2,-0.03,0.02,1.00,0.00,0.00,0.00,-4.19,16.36,100,-1,0,-6,-10.4,0.09,0.416,0.440,1.74,0,26,0,18.3,225.6,252.1,254.0,0.00,1,-0.8,-8.8
70.85,cruise,346.54,3.46,0.420,1,1212.0,1979.5,681.2,-1615.7,6.46,-17.97,276,252,-1,42.0,35.4,41.8,36.5,-0.02,-0.00,1.00,0.00,0.00,0.00,-4.33,17.43,100,-1,0,-5,-9.8,0.11,0.421,0.431,1.69,0,26,0,19.7,226.7,251.3,252.9,0.00,1,-2.8,-10.2
70.95,cruise,346.69,3.31,0.423,1,1212.0,1979.5,680.5,-1614.0,6.46,-17.97,276,252,-1,42.7,35.1,42.3,36.8,-0.01,-0.02,1.00,0.00,0.00,0.00,-4.39,18.59,100,-1,0,-4,-9.8,0.12,0.423,0.436,1.66,0,26,0,21.4,227.9,250.5,251.7,0.00,1,-2.8,-10.2
71.05,cruise,346.88,3.12,0.424,1,1213.4,1975.6,679.8,-1612.1,7.34,-20.08,277,252,-1,43.3,35.0,42.6,37.3,0.01,-0.04,1.00,0.00,0.00,0.00,-4.43,19.66,100,-1,0,-3,-7.1,0.12,0.424,0.443,1.65,0,26,0,23.1,229.1,249.7,250.5,0.00,1,-5.0,-11.9
71.15,cruise,347.00,3.00,0.425,1,1214.1,1973.5,679.1,-1610.1,7.69,-21.14,277,245,-1,43.8,34.8,42.9,37.9,0.02,-0.05,1.00,0.00,0.00,0.00,-4.81,20.83,100,-1,0,-2,-5.5,0.11,0.425,0.458,1.66,0,26,0,24.8,230.3,249.1,249.5,0.00,1,-5.3,-12.6
71.25,cruise,347.14,2.86,0.426,1,1214.1,1973.5,678.4,-1608.0,7.69,-21.14,277,245,-1,44.3,34.8,43.0,38.6,0.05,-0.06,1.00,0.00,0.00,0.00,-5.06,21.92,100,-1,0,-1,-5.5,0.09,0.426,0.472,1.67,0,26,0,26.4,231.6,248.5,248.6,0.00,1,-5.3,-12.6
71.35,cruise,347.29,2.71,0.428,1,1215.7,1969.0,677.6,-1605.8,8.22,-23.29,277,245,-1,44.7,34.8,43.2,39.5,0.06,-0.07,1.00,0.00,0.00,0.00,-5.18,23.00,100,-1,0,-0,-1.8,0.07,0.428,0.484,1.66,0,26,0,27.9,232.8,248.2,247.9,0.00,1,-4.0,-11.5
71.45,cruise,347.43,2.57,0.433,1,1216.6,1966.6,676.8,-1603.5,8.39,-24.39,277,245,-1,45.1,35.0,43.3,40.3,0.07,-0.07,1.00,0.00,0.00,0.00,-5.24,24.14,100,-1,0,0,-0.1,0.04,0.433,0.494,1.62,0,26,0,29.0,233.9,248.0,247.5,0.00,1,-2.5,-9.8
71.55,cruise,347.56,2.44,0.437,1,1216.6,1966.6,675.9,-1601.1,8.39,-24.39,277,240,-1,45.3,35.3,43.5,41.2,0.08,-0.07,1.00,0.00,0.00,0.00,-5.55,25.19,100,-1,0,0,-0.1,0.01,0.437,0.499,1.60,0,26,0,29.7,234.8,248.0,247.4,0.00,1,-2.5,-9.8
71.65,cruise,347.70,2.30,0.442,1,1218.3,1961.5,675.1,-1598.6,8.61,-26.67,276,240,-1,45.6,35.7,43.8,41.9,0.07,-0.06,1.00,0.00,0.00,0.00,-5.74,26.30,100,-1,0,0,1.8,-0.01,0.442,0.501,1.56,0,26,0,30.1,235.5,248.3,247.5,0.00,1,1.6,-5.2
71.75,cruise,347.83,2.17,0.448,1,1219.2,1958.7,674.2,-1596.0,8.70,-27.82,276,240,-1,45.8,36.1,44.1,42.6,0.07,-0.05,1.00,0.00,0.00,0.00,-5.81,27.42,100,-1,0,0,2.2,-0.04,0.448,0.501,1.51,0,26,0,29.9,235.9,248.7,247.8,0.00,1,3.9,-2.6
71.85,cruise,347.96,2.04,0.454,1,1219.2,1958.7,673.3,-1593.2,8.70,-27.82,276,240,-1,46.0,36.5,44.5,43.1,0.06,-0.04,1.00,0.00,0.00,0.00,-5.80,28.56,100,-1,0,-1,2.2,-0.06,0.455,0.498,1.45,0,26,0,29.3,236.1,249.3,248.4,0.00,1,3.9,-2.6
71.95,cruise,348.08,1.92,0.480,1,1220.9,1952.8,672.5,-1590.3,8.92,-30.15,276,242,-1,46.2,37.0,45.0,43.5,0.04,-0.03,1.00,0.00,0.00,0.00,-5.57,29.75,100,-1,0,-1,2.6,-0.08,0.480,0.513,1.38,0,26,0,28.2,236.1,250.1,249.2,0.00,1,8.3,2.7
72.05,cruise,348.20,1.80,0.510,1,1221.8,1949.7,671.6,-1587.3,9.05,-31.38,277,242,-1,46.4,37.4,45.6,43.8,0.03,-0.02,1.00,0.00,0.00,0.00,-5.32,30.98,100,-1,0,-2,2.3,-0.10,0.510,0.533,1.31,0,26,0,26.8,235.8,251.1,250.2,0.00,1,10.0,5.0
72.15,cruise,348.32,1.68,0.540,1,1222.8,1946.5,670.7,-1584.2,9.27,-32.70,277,242,-1,46.6,37.8,46.3,43.8,0.01,-0.01,1.00,0.00,0.00,0.00,-5.02,32.27,100,-1,0,-3,1.3,-0.11,0.540,0.551,1.29,0,26,0,25.0,235.4,252.1,251.3,0.00,1,11.2,6.9
72.25,cruise,348.45,1.55,0.570,1,1222.8,1946.5,669.7,-1581.0,9.27,-32.70,278,242,-1,46.9,38.2,47.1,43.8,-0.00,0.00,1.00,0.00,0.00,0.00,-4.73,33.65,100,-1,0,-5,1.3,-0.12,0.570,0.573,1.33,0,26,0,23.2,234.8,253.2,252.4,0.00,1,11.2,6.9
72.35,cruise,348.60,1.40,0.600,1,1224.7,1939.6,668.8,-1577.6,9.98,-35.60,280,249,-1,47.2,38.5,47.9,43.5,-0.02,0.02,1.00,0.00,0.00,0.00,-3.78,35.21,100,-1,0,-6,-2.7,-0.11,0.600,0.620,1.43,0,26,0,21.3,234.1,254.2,253.4,0.00,1,13.0,10.0
72.45,cruise,348.77,1.23,0.600,1,1224.7,1939.6,667.8,-1574.1,9.98,-35.60,281,249,-1,47.7,38.7,48.9,43.0,-0.03,0.03,1.00,0.00,0.00,0.00,-3.01,36.84,100,-1,0,-6,-2.7,-0.07,0.600,0.638,1.60,0,26,0,19.6,233.3,255.1,254.2,0.00,1,13.0,10.0
72.55,cruise,348.96,1.04,0.600,1,1226.8,1932.1,666.8,-1570.4,11.07,-38.76,282,249,-1,48.4,38.7,49.9,42.3,-0.05,0.04,1.00,0.00,0.00,0.00,-2.31,38.55,100,-1,0,-7,-9.0,-0.02,0.600,0.653,1.82,0,26,0,18.4,232.5,255.7,254.7,0.00,1,11.4,10.3
72.65,cruise,349.19,0.81,0.600,1,1226.8,1932.1,665.7,-1566.6,11.07,-38.76,283,249,-1,49.2,38.5,50.9,41.3,-0.07,0.04,1.00,0.00,0.00,0.00,-1.81,40.27,100,-1,0,-7,-9.0,0.04,0.600,0.665,2.07,0,26,0,17.7,231.8,255.9,254.7,0.00,1,11.4,10.3
72.75,cruise,349.44,0.56,0.600,1,1228.0,1928.1,664.5,-1562.6,11.78,-40.34,285,252,-1,50.1,38.1,52.0,40.2,-0.07,0.05,1.00,0.00,0.00,0.00,-1.13,42.01,100,-1,0,-6,-11.7,0.11,0.600,0.674,2.32,0,26,0,17.5,231.3,255.8,254.3,0.00,1,10.4,8.5
72.85,cruise,349.71,0.29,0.600,1,1229.2,1923.9,663.3,-1558.4,12.52,-41.84,286,252,-1,51.1,37.5,53.1,39.2,-0.07,0.06,1.00,0.00,0.00,0.00,-0.62,43.67,100,-1,0,-6,-13.8,0.16,0.601,0.678,2.55,0,26,0,17.7,231.1,255.6,253.6,0.00,1,9.2,6.1
72.95,cruise,350.00,0.00,0.600,1,1230.5,1919.7,662.0,-1554.2,13.36,-43.33,287,252,-1,52.0,36.9,54.2,38.3,-0.06,0.05,1.00,0.00,0.00,0.00,-0.28,45.34,100,-1,0,-5,-14.5,0.20,0.601,0.672,2.77,0,26,0,18.3,231.3,255.1,252.6,0.00,1,7.5,2.7
73.05,cruise,350.37,-0.37,0.500,1,1231.9,1915.2,660.6,-1549.7,14.19,-44.74,288,252,-1,53.0,36.4,55.1,37.7,-0.06,0.05,1.00,0.00,0.00,0.00,-0.03,46.93,100,-1,0,-4,-14.0,0.21,0.501,0.556,2.97,0,26,0,19.3,231.9,254.6,251.4,0.00,1,4.9,-1.8
73.15,cruise,350.61,-0.61,0.400,1,1233.4,1910.6,659.1,-1545.1,15.07,-46.23,288,249,-1,53.8,35.9,55.7,37.5,-0.04,0.04,1.00,0.00,0.00,0.00,-0.08,48.63,100,-1,0,-2,-11.8,0.19,0.401,0.433,3.14,0,26,0,20.6,232.8,254.1,250.1,0.00,1,2.1,-6.4
73.25,cruise,350.92,-0.92,0.347,1,1236.6,1901.1,657.5,-1540.4,16.48,-48.56,288,249,-1,54.5,35.6,56.2,37.7,-0.01,0.01,1.00,0.00,0.00,0.00,-0.12,50.10,100,-1,0,-1,-6.1,0.16,0.347,0.354,3.20,0,26,0,22.1,234.1,253.6,249.0,0.00,1,-3.5,-13.0
73.35,cruise,351.20,-1.20,0.356,1,1238.3,1896.2,655.9,-1535.6,16.92,-49.39,289,249,-1,55.1,35.6,56.4,38.3,0.02,-0.03,1.00,0.00,0.00,0.00,0.08,51.28,100,-1,0,-0,-3.4,0.12,0.356,0.371,3.03,0,26,0,23.8,235.5,253.1,247.9,0.00,1,-5.2,-14.7
73.45,cruise,351.44,-1.44,0.374,1,1238.3,1896.2,654.2,-1530.7,16.92,-49.39,289,249,-1,55.6,35.7,56.5,39.1,0.04,-0.05,1.00,0.00,0.00,0.00,0.41,52.21,100,-1,0,1,-3.4,0.08,0.374,0.408,2.70,0,26,0,25.6,237.0,252.7,247.1,0.00,1,-5.2,-14.7
73.55,cruise,351.65,-1.65,0.397,1,1240.0,1891.2,652.5,-1525.7,17.27,-50.10,289,243,-1,55.9,35.9,56.4,40.2,0.06,-0.06,1.00,0.00,0.00,0.00,0.15,52.99,100,-1,0,1,-1.0,0.05,0.398,0.445,2.30,0,26,0,27.4,238.4,252.3,246.4,0.00,1,-6.0,-15.2
73.65,cruise,351.81,-1.81,0.416,1,1241.8,1886.1,650.7,-1520.6,17.53,-50.84,289,243,-1,56.1,36.4,56.4,41.3,0.07,-0.07,1.00,0.00,0.00,0.00,0.16,53.78,100,-1,0,2,1.1,0.02,0.416,0.473,1.92,0,26,0,29.1,239.8,252.0,246.0,0.00,1,-6.2,-15.1
73.75,cruise,351.93,-1.93,0.424,1,1245.3,1875.7,649.0,-1515.5,17.93,-52.60,289,243,-1,56.3,36.9,56.4,42.6,0.08,-0.06,1.00,0.00,0.00,0.00,0.44,54.64,100,-1,0,2,4.1,-0.02,0.424,0.487,1.58,0,26,0,30.5,241.0,251.9,245.9,0.00,1,-3.7,-13.0
73.85,cruise,352.03,-2.03,0.432,1,1245.3,1875.7,647.2,-1510.2,17.93,-52.60,290,243,-1,56.5,37.6,56.5,44.0,0.09,-0.05,1.00,0.00,0.00,0.00,0.97,55.57,100,-1,0,2,4.1,-0.05,0.432,0.494,1.30,0,26,0,31.5,242.1,252.0,246.0,0.00,1,-3.7,-13.0
73.95,cruise,352.10,-2.10,0.438,1,1248.9,1864.9,645.4,-1504.9,18.19,-54.62,290,238,-1,56.6,38.3,56.7,45.3,0.09,-0.04,1.00,0.00,0.00,0.00,1.15,56.56,100,-1,0,1,5.5,-0.07,0.438,0.498,1.05,0,26,0,32.0,243.0,252.3,246.4,0.00,1,0.4,-7.9
74.05,cruise,352.15,-2.15,0.446,1,1248.9,1864.9,643.6,-1499.4,18.19,-54.62,290,238,-1,56.6,39.0,56.9,46.5,0.09,-0.03,1.00,0.00,0.00,0.00,1.57,57.55,100,-1,0,1,5.5,-0.09,0.446,0.501,0.80,0,26,0,32.0,243.6,252.8,247.1,0.00,1,0.4,-7.9
74.15,cruise,352.17,-2.17,0.456,1,1252.6,1853.8,641.7,-1493.9,18.28,-56.73,290,238,-1,56.7,39.6,57.3,47.5,0.08,-0.02,1.00,0.00,0.00,0.00,2.31,58.54,100,-1,0,-0,4.9,-0.11,0.456,0.503,0.52,0,26,0,31.4,243.9,253.4,247.9,0.00,1,4.6,-1.4
74.25,cruise,352.17,-2.17,0.467,1,1254.4,1848.0,639.9,-1488.3,18.37,-57.83,291,238,-1,56.7,40.2,57.6,48.3,0.07,-0.01,1.00,0.00,0.00,0.00,3.19,59.52,100,-1,0,-1,3.7,-0.12,0.467,0.505,0.24,0,26,0,30.2,243.9,254.1,248.9,0.00,1,5.8,2.5
74.35,cruise,352.15,-2.15,0.479,1,1254.4,1848.0,638.1,-1482.5,18.37,-57.83,292,241,-1,56.6,40.5,58.0,48.7,0.04,-0.01,1.00,0.00,0.00,0.00,4.57,60.51,100,-1,0,-2,3.7,-0.11,0.479,0.507,-0.02,0,26,0,28.7,243.5,254.8,249.9,0.00,1,5.8,2.5
74.45,cruise,352.11,-2.11,0.491,1,1258.1,1836.1,636.2,-1476.6,18.59,-60.12,293,241,-1,56.6,40.6,58.2,48.6,0.02,-0.01,1.00,0.00,0.00,0.00,5.87,61.52,100,-1,0,-3,0.1,-0.10,0.491,0.508,-0.28,0,26,0,26.9,242.9,255.5,250.8,0.00,1,7.4,9.5
74.55,cruise,352.06,-2.06,0.504,1,1258.1,1836.1,634.4,-1470.6,18.59,-60.12,294,241,-1,56.5,40.5,58.5,48.2,-0.00,-0.01,1.00,0.00,0.00,0.00,6.99,62.54,100,-1,0,-4,0.1,-0.08,0.504,0.512,-0.53,0,26,0,25.0,241.9,256.1,251.6,0.00,1,7.4,9.5
74.65,cruise,352.00,-2.00,0.516,1,1261.9,1823.8,632.5,-1464.5,19.03,-62.49,294,241,-1,56.5,40.1,58.8,47.4,-0.02,-0.00,1.00,0.00,0.00,0.00,7.88,63.58,100,-1,0,-4,-4.0,-0.05,0.516,0.529,-0.75,0,26,0,23.1,240.9,256.6,252.2,0.00,1,8.8,13.3
74.75,cruise,351.92,-1.92,0.526,1,1263.8,1817.5,630.6,-1458.3,19.38,-63.68,295,249,-1,56.6,39.6,59.2,46.5,-0.03,0.01,1.00,0.00,0.00,0.00,9.39,64.64,100,-1,0,-5,-5.8,-0.02,0.526,0.547,-0.92,0,26,0,21.4,239.7,257.1,252.8,0.00,1,9.4,14.0
74.85,cruise,351.82,-1.82,0.537,1,1265.8,1811.0,628.7,-1452.0,19.82,-64.86,296,249,-1,56.6,39.0,59.6,45.4,-0.04,0.02,1.00,0.00,0.00,0.00,10.52,65.72,100,-1,0,-5,-7.3,0.01,0.537,0.569,-1.08,0,26,0,19.8,238.5,257.5,253.2,0.00,1,9.6,13.7
74.95,cruise,351.71,-1.71,0.547,1,1265.8,1811.0,626.7,-1445.5,19.82,-64.86,297,249,-1,56.7,38.1,60.2,44.2,-0.04,0.04,1.00,0.00,0.00,0.00,11.31,66.87,100,-1,0,-6,-7.3,0.04,0.547,0.589,-1.21,0,26,0,18.6,237.3,257.8,253.4,0.00,1,9.6,13.7
75.05,cruise,351.59,-1.59,0.556,1,1269.9,1797.8,624.7,-1439.0,21.01,-67.28,297,249,-1,56.8,37.2,60.9,43.1,-0.04,0.06,1.00,0.00,0.00,0.00,11.81,68.10,100,-1,0,-6,-9.4,0.06,0.556,0.606,-1.30,0,26,0,17.6,236.4,258.1,253.4,0.00,1,9.2,10.2
75.15,cruise,351.46,-1.46,0.565,1,1269.9,1797.8,622.6,-1432.3,21.01,-67.28,298,253,-1,56.8,36.1,61.6,42.0,-0.03,0.07,1.00,0.00,0.00,0.00,12.49,69.37,100,-1,0,-5,-9.4,0.08,0.565,0.619,-1.39,0,26,0,16.9,235.7,258.2,253.3,0.00,1,9.2,10.2
75.25,cruise,351.32,-1.32,0.574,1,1272.0,1790.9,620.5,-1425.4,21.71,-68.51,298,253,-1,56.9,35.1,62.2,40.9,-0.03,0.06,1.00,0.00,0.00,0.00,12.90,70.70,100,-1,0,-5,-9.2,0.08,0.574,0.626,-1.47,0,26,0,16.6,235.1,258.3,252.9,0.00,1,7.7,8.3
75.35,cruise,351.17,-1.17,0.584,1,1274.3,1784.0,618.2,-1418.5,22.46,-69.74,298,253,-1,56.9,34.1,62.7,39.9,-0.03,0.05,1.00,0.00,0.00,0.00,13.07,72.09,100,-1,0,-4,-8.6,0.08,0.584,0.629,-1.56,0,26,0,16.6,234.7,258.1,252.3,0.00,1,5.3,6.0
75.45,cruise,351.01,-1.01,0.596,1,1279.0,1769.7,615.9,-1411.4,24.13,-72.20,298,253,-1,56.9,33.1,62.8,38.8,-0.02,0.03,1.00,0.00,0.00,0.00,12.94,73.57,100,-1,0,-4,-6.7,0.08,0.596,0.630,-1.68,0,26,0,17.0,234.5,257.7,251.4,0.00,1,-0.5,1.7
75.55,cruise,350.85,-0.85,0.609,1,1279.0,1769.7,613.5,-1404.2,24.13,-72.20,298,252,-1,56.8,32.2,62.8,37.8,-0.02,0.01,1.00,0.00,0.00,0.00,12.52,75.09,100,-1,0,-3,-6.7,0.08,0.609,0.631,-1.79,0,26,0,17.8,234.5,257.1,250.4,0.00,1,-0.5,1.7
75.65,cruise,350.68,-0.68,0.620,1,1284.0,1755.0,611.1,-1396.9,25.84,-74.79,298,252,-1,56.7,31.5,62.5,36.9,-0.02,-0.01,1.00,0.00,0.00,0.00,11.92,76.68,100,-1,0,-1,-3.2,0.08,0.620,0.636,-1.86,0,26,0,18.7,234.5,256.4,249.3,0.00,1,-5.7,-1.1
75.75,cruise,350.51,-0.51,0.628,1,1286.6,1747.4,608.5,-1389.5,26.72,-76.20,297,252,-1,56.6,31.1,62.0,36.2,-0.01,-0.03,1.00,0.00,0.00,0.00,11.15,78.34,100,-1,0,-0,-1.0,0.06,0.628,0.656,-1.89,0,26,0,19.8,234.6,255.6,248.2,0.00,1,-7.4,-2.5
75.85,cruise,350.34,-0.34,0.634,1,1289.4,1739.7,605.9,-1381.9,27.60,-77.52,297,252,-1,56.5,30.8,61.3,35.7,-0.01,-0.04,1.00,0.00,0.00,0.00,10.30,80.09,100,-1,0,1,1.3,0.03,0.634,0.666,-1.86,0,26,0,21.0,234.8,254.9,247.3,0.00,1,-8.1,-3.7
75.95,cruise,350.18,-0.18,0.636,1,1289.4,1739.7,603.1,-1374.2,27.60,-77.52,296,248,-1,56.3,30.8,60.6,35.6,0.01,-0.05,1.00,0.00,0.00,0.00,8.86,81.81,100,-1,0,1,1.3,-0.00,0.636,0.673,-1.75,0,26,0,22.0,235.1,254.3,246.8,0.00,1,-8.1,-3.7
76.05,cruise,350.03,-0.03,0.636,1,1292.2,1731.8,600.3,-1366.3,28.39,-78.93,295,248,-1,56.0,31.0,59.9,35.9,0.02,-0.05,1.00,0.00,0.00,0.00,7.63,83.53,100,-1,0,1,3.5,-0.04,0.636,0.681,-1.60,0,26,0,22.8,235.4,253.8,246.5,0.00,1,-8.0,-4.7
76.15,cruise,349.90,0.10,0.633,1,1295.1,1723.8,597.4,-1358.3,29.09,-80.24,294,248,-1,55.8,31.4,59.3,36.4,0.03,-0.04,1.00,0.00,0.00,0.00,6.61,85.10,100,-1,0,1,4.9,-0.07,0.633,0.678,-1.41,0,26,0,23.3,235.7,253.6,246.6,0.00,1,-6.8,-4.9
76.25,cruise,349.78,0.22,0.627,1,1301.1,1707.4,594.4,-1350.2,30.37,-82.97,294,248,-1,55.6,31.8,58.9,37.2,0.04,-0.03,1.00,0.00,0.00,0.00,5.85,86.66,100,-1,0,1,5.9,-0.10,0.628,0.668,-1.19,0,26,0,23.4,235.9,253.7,247.0,0.00,1,-1.8,-3.0
76.35,cruise,349.67,0.33,0.620,1,1304.2,1699.0,591.4,-1341.9,30.94,-84.29,293,247,-1,55.4,32.3,58.8,37.9,0.04,-0.01,1.00,0.00,0.00,0.00,5.20,88.20,100,-1,0,0,5.3,-0.11,0.621,0.652,-0.96,0,26,0,23.1,236.0,254.0,247.6,0.00,1,0.7,-1.5
76.45,cruise,349.59,0.41,0.614,1,1304.2,1699.0,588.3,-1333.5,30.94,-84.29,293,247,-1,55.2,32.6,58.9,38.6,0.04,0.01,1.00,0.00,0.00,0.00,4.83,89.66,100,-1,0,-1,5.3,-0.12,0.614,0.647,-0.75,0,26,0,22.5,236.0,254.4,248.4,0.00,1,0.7,-1.5
76.55,cruise,349.53,0.47,0.608,1,1310.5,1681.9,585.2,-1325.0,32.04,-86.84,293,247,-1,55.1,32.9,59.0,39.1,0.04,0.03,1.00,0.00,0.00,0.00,4.65,91.10,100,-1,0,-1,2.0,-0.10,0.608,0.646,-0.57,0,26,0,21.8,235.9,254.9,249.1,0.00,1,3.5,2.4
76.65,cruise,349.48,0.52,0.605,1,1313.7,1673.1,582.0,-1316.4,32.61,-88.11,293,247,-1,55.0,33.0,59.2,39.3,0.03,0.03,1.00,0.00,0.00,0.00,4.58,92.44,100,-1,0,-2,-0.0,-0.08,0.606,0.640,-0.46,0,26,0,21.0,235.6,255.3,249.7,0.00,1,3.3,4.4
76.75,cruise,349.45,0.55,0.603,1,1313.7,1673.1,578.8,-1307.6,32.61,-88.11,293,250,-1,55.0,32.8,59.4,39.0,0.01,0.03,1.00,0.00,0.00,0.00,4.86,93.82,100,-1,0,-2,-0.0,-0.04,0.603,0.626,-0.38,0,26,0,20.4,235.2,255.5,249.9,0.00,1,3.3,4.4
76.85,cruise,349.43,0.57,0.601,1,1320.4,1655.1,575.5,-1298.7,33.84,-90.62,293,250,-1,55.0,32.5,59.4,38.2,-0.01,0.02,1.00,0.00,0.00,0.00,4.91,95.22,100,-1,0,-2,-4.5,0.01,0.601,0.618,-0.30,0,26,0,20.2,234.6,255.4,249.7,0.00,1,0.6,7.5
76.95,cruise,349.43,0.57,0.599,1,1323.8,1646.0,572.1,-1289.6,34.45,-91.80,293,250,-1,55.1,32.0,59.3,36.9,-0.03,0.00,1.00,0.00,0.00,0.00,4.50,96.62,100,-1,0,-1,-6.2,0.06,0.599,0.619,-0.24,0,26,0,20.3,233.9,254.9,249.1,0.00,1,-1.6,8.2
77.05,cruise,349.44,0.56,0.594,1,1323.8,1646.0,568.7,-1280.5,34.45,-91.80,293,250,-1,55.3,31.3,58.9,35.2,-0.05,-0.02,1.00,0.00,0.00,0.00,3.65,97.99,100,-1,0,-0,-6.2,0.12,0.595,0.635,-0.19,0,26,0,20.8,233.2,254.1,248.0,0.00,1,-1.6,8.2
77.15,cruise,349.47,0.53,0.570,1,1330.9,1627.4,565.2,-1271.2,35.77,-94.00,292,248,-1,55.5,30.5,58.5,33.3,-0.06,-0.03,1.00,0.00,0.00,0.00,2.14,99.32,100,-1,0,1,-7.3,0.17,0.571,0.623,-0.11,0,26,0,21.6,232.5,253.1,246.7,0.00,1,-3.6,6.9
77.25,cruise,349.51,0.49,0.547,1,1330.9,1627.4,561.6,-1261.9,35.77,-94.00,291,248,-1,55.6,29.8,58.1,31.6,-0.06,-0.04,1.00,0.00,0.00,0.00,0.18,100.58,100,-1,0,3,-7.3,0.20,0.548,0.602,0.00,0,26,0,22.4,231.9,252.1,245.3,0.00,1,-3.6,6.9
77.35,cruise,349.55,0.45,0.527,1,1334.5,1617.9,558.0,-1252.4,36.47,-94.97,290,248,-1,55.8,29.1,57.8,30.2,-0.05,-0.03,1.00,0.00,0.00,0.00,-1.98,101.71,100,-1,0,4,-6.4,0.20,0.528,0.572,0.13,0,26,0,23.1,231.6,251.3,244.2,0.00,1,-3.1,5.2
77.45,cruise,349.59,0.41,0.514,1,1338.2,1608.3,554.3,-1242.8,37.09,-95.84,289,248,-1,55.9,28.7,57.7,29.5,-0.03,-0.01,1.00,0.00,0.00,0.00,-4.07,102.69,100,-1,0,4,-4.6,0.18,0.515,0.537,0.25,0,26,0,23.5,231.4,250.8,243.5,0.00,1,-1.6,3.0
77.55,cruise,349.63,0.37,0.507,1,1345.8,1589.0,550.5,-1233.2,38.28,-97.38,288,246,-1,56.0,28.6,57.7,29.4,-0.00,0.00,1.00,0.00,0.00,0.00,-6.32,103.58,100,-1,0,4,1.7,0.12,0.508,0.511,0.37,0,26,0,23.6,231.4,250.8,243.4,0.00,1,1.0,-1.9
77.65,cruise,349.66,0.34,0.509,1,1345.8,1589.0,546.7,-1223.5,38.28,-97.38,287,246,-1,55.9,28.9,57.9,30.0,0.03,0.02,1.00,0.00,0.00,0.00,-8.11,104.32,100,-1,0,4,1.7,0.04,0.509,0.533,0.42,0,26,0,23.3,231.6,251.2,243.9,0.00,1,1.0,-1.9
77.75,cruise,349.68,0.32,0.518,1,1349.6,1579.2,542.9,-1213.7,38.80,-98.00,287,246,-1,55.9,29.6,58.0,31.2,0.05,0.02,1.00,0.00,0.00,0.00,-9.35,104.99,100,-1,0,3,5.1,-0.04,0.518,0.557,0.41,0,26,0,22.7,231.9,251.9,244.9,0.00,1,1.8,-3.4
77.85,cruise,349.69,0.31,0.532,1,1357.5,1559.4,538.9,-1203.8,39.77,-99.32,286,246,-1,55.7,30.6,58.2,32.8,0.07,0.02,1.00,0.00,0.00,0.00,-9.95,105.72,100,-1,0,1,10.7,-0.14,0.532,0.582,0.36,0,26,0,21.7,232.2,252.8,246.4,0.00,1,1.6,-3.8
77.95,cruise,349.69,0.31,0.546,1,1361.5,1549.4,535.0,-1193.9,40.25,-100.11,287,249,-1,55.5,31.7,58.2,34.5,0.08,0.01,1.00,0.00,0.00,0.00,-9.50,106.56,100,-1,0,-0,11.7,-0.22,0.548,0.597,0.30,0,26,0,20.6,232.3,253.8,248.1,0.00,1,0.7,-2.2
78.05,cruise,349.69,0.31,0.557,1,1365.6,1539.3,531.0,-1183.9,40.74,-100.94,287,249,-1,55.3,32.9,58.1,35.9,0.07,-0.00,1.00,0.00,0.00,0.00,-8.74,107.54,100,-1,0,-2,11.2,-0.27,0.560,0.599,0.24,0,26,0,19.5,232.3,254.7,249.7,0.00,1,0.0,0.3
78.15,cruise,349.70,0.30,0.563,1,1369.7,1529.2,526.9,-1173.8,41.22,-101.78,288,249,-1,55.1,33.9,57.8,37.0,0.05,-0.01,1.00,0.00,0.00,0.00,-7.86,108.57,100,-1,0,-3,9.3,-0.29,0.566,0.603,0.19,0,26,0,18.4,232.0,255.5,251.1,0.00,1,-0.5,3.0
78.25,cruise,349.71,0.29,0.563,1,1369.7,1529.2,522.8,-1163.7,41.22,-101.78,288,249,-1,54.9,34.7,57.5,37.4,0.03,-0.02,1.00,0.00,0.00,0.00,-7.08,109.58,100,-1,0,-4,9.3,-0.27,0.565,0.596,0.14,0,26,0,17.4,231.5,256.0,252.2,0.00,1,-0.5,3.0
78.35,cruise,349.73,0.27,0.557,1,1378.1,1508.6,518.6,-1153.4,42.23,-103.49,289,253,-1,54.8,35.2,57.1,37.3,0.00,-0.02,1.00,0.00,0.00,0.00,-5.79,110.61,100,-1,0,-5,1.9,-0.23,0.558,0.573,0.12,0,26,0,16.7,230.8,256.2,252.8,0.00,1,0.5,8.0
78.45,cruise,349.76,0.24,0.544,1,1382.3,1498.2,514.4,-1143.1,42.76,-104.33,290,253,-1,54.8,35.3,56.9,36.5,-0.03,-0.02,1.00,0.00,0.00,0.00,-4.98,111.67,100,-1,0,-5,-3.4,-0.14,0.544,0.568,0.18,0,26,0,16.3,229.9,256.2,252.9,0.00,1,0.8,9.3
78.55,cruise,349.81,0.19,0.527,1,1386.7,1487.7,510.2,-1132.7,43.33,-105.12,290,253,-1,55.0,34.9,56.7,35.2,-0.06,-0.01,1.00,0.00,0.00,0.00,-4.74,112.65,100,-1,0,-5,-8.5,-0.02,0.527,0.562,0.25,0,26,0,16.4,229.1,255.7,252.4,0.00,1,1.4,9.7
78.65,cruise,349.88,0.12,0.509,1,1386.7,1487.7,505.8,-1122.2,43.33,-105.12,290,253,-1,55.3,34.0,56.8,33.3,-0.09,0.01,1.00,0.00,0.00,0.00,-5.12,113.58,100,-1,0,-3,-8.5,0.10,0.510,0.558,0.33,0,26,0,16.9,228.3,254.9,251.3,0.00,1,1.4,9.7
78.75,cruise,349.95,0.05,0.494,1,1395.5,1466.5,501.5,-1111.6,44.52,-106.39,289,252,-1,55.6,32.8,57.0,31.2,-0.10,0.03,1.00,0.00,0.00,0.00,-6.26,114.39,100,-1,0,-2,-14.5,0.21,0.495,0.559,0.40,0,26,0,17.7,227.6,253.8,249.7,0.00,1,2.0,6.7
78.85,cruise,350.02,-0.02,0.482,1,1400.0,1455.8,497.0,-1101.0,45.09,-106.88,289,252,-1,56.0,31.3,57.3,29.1,-0.11,0.03,1.00,0.00,0.00,0.00,-7.94,115.06,100,-1,0,0,-14.8,0.29,0.485,0.552,0.43,0,26,0,18.8,227.3,252.6,247.7,0.00,1,1.3,3.2
78.95,cruise,350.08,-0.08,0.475,1,1400.0,1455.8,492.5,-1090.3,45.09,-106.88,288,252,-1,56.3,29.8,57.6,27.2,-0.10,0.04,1.00,0.00,0.00,0.00,-9.90,115.57,100,-1,0,2,-14.8,0.34,0.478,0.541,0.42,0,26,0,20.0,227.4,251.5,245.6,0.00,1,1.3,3.2
79.05,cruise,350.15,-0.15,0.472,1,1404.5,1445.1,488.0,-1079.6,45.70,-107.27,287,252,-1,56.6,28.5,57.9,25.8,-0.07,0.04,1.00,0.00,0.00,0.00,-12.04,115.98,100,-1,0,4,-13.2,0.35,0.476,0.526,0.38,0,26,0,21.3,227.8,250.5,243.7,0.00,1,0.8,-0.9
79.15,cruise,350.16,-0.16,0.475,1,1409.1,1434.4,483.4,-1068.9,46.32,-107.71,286,248,-1,56.7,27.5,58.1,25.2,-0.04,0.03,1.00,0.00,0.00,0.00,-15.01,116.28,100,-1,0,6,-10.0,0.31,0.478,0.509,0.31,0,26,0,22.5,228.6,249.9,242.3,0.00,1,-0.2,-4.8
79.25,cruise,350.17,-0.17,0.482,1,1418.5,1412.7,478.7,-1058.1,47.37,-108.41,285,248,-1,56.8,27.0,58.2,25.4,0.00,0.02,1.00,0.00,0.00,0.00,-17.47,116.48,100,-1,0,6,-1.1,0.25,0.484,0.494,0.21,0,26,0,23.5,229.6,249.7,241.4,0.00,1,-2.1,-11.5
79.35,cruise,350.17,-0.17,0.493,1,1418.5,1412.7,474.0,-1047.2,47.37,-108.41,284,248,-1,56.8,27.0,58.2,26.5,0.04,0.01,1.00,0.00,0.00,0.00,-19.34,116.72,100,-1,0,7,-1.1,0.15,0.494,0.516,0.09,0,26,0,24.2,230.8,249.8,241.2,0.00,1,-2.1,-11.5
79.45,cruise,350.14,-0.14,0.505,1,1423.3,1401.9,469.2,-1036.4,47.86,-108.90,284,248,-1,56.7,27.7,58.1,28.3,0.07,-0.01,1.00,0.00,0.00,0.00,-20.43,117.18,100,-1,0,6,4.2,0.04,0.505,0.546,-0.00,0,26,0,24.7,231.9,250.2,241.8,0.00,1,-3.4,-13.4
79.55,cruise,350.10,-0.10,0.519,1,1428.1,1390.9,464.4,-1025.4,48.34,-109.42,284,245,-1,56.5,28.9,57.8,30.7,0.10,-0.02,1.00,0.00,0.00,0.00,-21.31,117.71,100,-1,0,5,9.2,-0.09,0.519,0.582,-0.08,0,26,0,24.9,233.1,250.8,242.9,0.00,1,-4.4,-14.3
79.65,cruise,350.05,-0.05,0.533,1,1437.9,1368.9,459.5,-1014.4,49.09,-110.74,284,245,-1,56.2,30.4,57.4,33.2,0.11,-0.03,1.00,0.00,0.00,0.00,-21.34,118.44,100,-1,0,3,15.9,-0.20,0.534,0.614,-0.15,0,26,0,24.7,234.0,251.5,244.5,0.00,1,-5.0,-11.2
79.75,cruise,350.00,-0.00,0.546,1,1442.8,1357.8,454.6,-1003.4,49.31,-111.45,284,245,-1,55.8,32.0,56.9,35.6,0.12,-0.05,1.00,0.00,0.00,0.00,-20.74,119.34,100,-1,0,2,16.6,-0.29,0.549,0.636,-0.20,0,26,0,24.2,234.6,252.3,246.2,0.00,1,-4.4,-7.6
79.85,cruise,349.95,0.05,0.555,1,1447.8,1346.6,449.7,-992.3,49.53,-112.24,285,245,-1,55.5,33.6,56.4,37.6,0.10,-0.05,1.00,0.00,0.00,0.00,-19.67,120.27,100,-1,0,-0,15.1,-0.33,0.559,0.644,-0.23,0,26,0,23.4,234.9,253.1,247.9,0.00,1,-2.9,-2.9
79.95,cruise,349.91,0.09,0.559,1,1452.7,1335.3,444.7,-981.1,49.70,-112.98,285,248,-1,55.1,34.8,55.9,38.9,0.08,-0.05,1.00,0.00,0.00,0.00,-17.84,121.37,100,-1,0,-2,11.8,-0.33,0.563,0.635,-0.24,0,26,0,22.3,234.7,253.8,249.4,0.00,1,-1.2,1.9
80.05,cruise,349.88,0.12,0.558,1,1457.7,1323.9,439.8,-969.8,49.88,-113.82,286,248,-1,54.9,35.6,55.4,39.5,0.05,-0.04,1.00,0.00,0.00,0.00,-16.17,122.37,100,-1,0,-3,6.7,-0.29,0.560,0.611,-0.22,0,26,0,21.2,234.2,254.3,250.6,0.00,1,0.7,6.2
80.15,cruise,349.88,0.12,0.549,1,1462.7,1312.5,434.8,-958.4,50.14,-114.70,287,248,-1,54.8,35.9,55.1,39.3,0.01,-0.03,1.00,0.00,0.00,0.00,-14.82,123.38,100,-1,0,-3,0.6,-0.20,0.550,0.572,-0.15,0,26,0,20.2,233.4,254.7,251.3,0.00,1,2.9,9.7
80.25,cruise,349.90,0.10,0.536,1,1462.7,1312.5,429.8,-947.0,50.14,-114.70,287,248,-1,54.9,35.7,55.1,38.4,-0.03,-0.01,1.00,0.00,0.00,0.00,-14.02,124.39,100,-1,0,-4,0.6,-0.09,0.537,0.557,-0.05,0,26,0,19.5,232.4,254.8,251.5,0.00,1,2.9,9.7
80.35,cruise,349.93,0.07,0.522,1,1467.8,1300.9,424.7,-935.4,50.41,-115.49,288,251,-1,55.1,35.0,55.3,36.8,-0.07,0.02,1.00,0.00,0.00,0.00,-13.02,125.33,100,-1,0,-3,-5.6,0.05,0.522,0.566,0.05,0,26,0,19.1,231.3,254.5,251.1,0.00,1,4.9,12.5
80.45,cruise,349.97,0.03,0.509,1,1472.8,1289.3,419.7,-923.8,50.76,-116.15,288,251,-1,55.4,33.8,55.8,34.7,-0.10,0.04,1.00,0.00,0.00,0.00,-12.84,126.10,100,-1,0,-2,-11.3,0.18,0.510,0.580,0.13,0,26,0,19.2,230.3,253.9,250.1,0.00,1,6.0,13.4
80.55,cruise,350.02,-0.02,0.498,1,1483.1,1266.0,414.6,-912.2,51.55,-117.29,288,251,-1,55.8,32.2,56.4,32.3,-0.11,0.06,1.00,0.00,0.00,0.00,-13.35,126.72,100,-1,0,-1,-17.8,0.29,0.500,0.588,0.20,0,26,0,19.6,229.5,253.0,248.6,0.00,1,6.3,10.3
80.65,cruise,350.08,-0.08,0.488,1,1483.1,1266.0,409.4,-900.5,51.55,-117.29,287,251,-1,56.2,30.4,57.1,29.8,-0.12,0.08,1.00,0.00,0.00,0.00,-14.56,127.29,100,-1,0,1,-17.8,0.38,0.493,0.587,0.24,0,26,0,20.5,228.9,252.0,246.5,0.00,1,6.3,10.3
80.75,cruise,350.12,-0.12,0.483,1,1488.3,1254.2,404.2,-888.7,52.03,-117.73,286,249,-1,56.5,28.7,57.6,27.3,-0.11,0.07,1.00,0.00,0.00,0.00,-16.88,127.60,100,-1,0,3,-17.6,0.42,0.488,0.573,0.23,0,26,0,21.5,228.6,250.9,244.4,0.00,1,4.9,7.5
80.85,cruise,350.16,-0.16,0.480,1,1493.5,1242.4,399.0,-876.9,52.51,-118.08,285,249,-1,56.7,27.3,57.9,25.4,-0.09,0.04,1.00,0.00,0.00,0.00,-19.47,127.76,100,-1,0,5,-14.8,0.41,0.485,0.546,0.16,0,26,0,22.5,228.6,249.9,242.4,0.00,1,2.4,4.2
80.95,cruise,350.18,-0.18,0.480,1,1504.1,1218.7,393.7,-865.1,53.61,-118.74,284,249,-1,56.9,26.5,57.9,24.3,-0.05,0.01,1.00,0.00,0.00,0.00,-22.14,127.88,100,-1,0,7,-3.8,0.34,0.483,0.512,0.08,0,26,0,23.5,228.9,249.2,240.9,0.00,1,-2.6,-3.8
81.05,cruise,350.17,-0.17,0.481,1,1509.5,1206.8,388.4,-853.2,54.10,-119.05,283,249,-1,56.9,26.5,57.7,24.3,-0.01,-0.02,1.00,0.00,0.00,0.00,-24.49,127.96,100,-1,0,7,2.9,0.22,0.483,0.494,-0.01,0,26,0,24.2,229.4,248.9,240.4,0.00,1,-4.0,-7.6
81.15,cruise,350.15,-0.15,0.488,1,1509.5,1206.8,383.0,-841.3,54.10,-119.05,283,245,-1,56.7,27.3,57.4,25.5,0.04,-0.03,1.00,0.00,0.00,0.00,-26.94,127.96,100,-1,0,7,2.9,0.08,0.488,0.525,-0.11,0,26,0,24.6,230.0,249.0,240.8,0.00,1,-4.0,-7.6
81.25,cruise,350.11,-0.11,0.497,1,1515.0,1194.9,377.5,-829.4,54.54,-119.31,282,245,-1,56.5,28.7,57.0,27.6,0.08,-0.05,1.00,0.00,0.00,0.00,-28.50,128.05,100,-1,0,6,9.6,-0.08,0.498,0.563,-0.20,0,26,0,24.4,230.7,249.6,242.1,0.00,1,-4.7,-10.1
81.35,cruise,350.05,-0.05,0.509,1,1526.0,1170.9,372.0,-817.4,55.24,-120.15,282,245,-1,56.1,30.7,56.5,30.3,0.11,-0.06,1.00,0.00,0.00,0.00,-29.07,128.48,100,-1,0,4,19.4,-0.23,0.510,0.597,-0.25,0,26,0,23.8,231.4,250.6,244.1,0.00,1,-4.6,-10.4
81.45,cruise,349.99,0.01,0.522,1,1526.0,1170.9,366.5,-805.4,55.24,-120.15,282,245,-1,55.7,32.8,56.0,33.2,0.13,-0.06,1.00,0.00,0.00,0.00,-28.85,129.05,100,-1,0,1,19.4,-0.36,0.527,0.623,-0.30,0,26,0,22.7,231.9,251.8,246.5,0.00,1,-4.6,-10.4
81.55,cruise,349.92,0.08,0.535,1,1537.1,1146.8,361.0,-793.4,55.68,-121.20,283,249,-1,55.1,34.9,55.5,35.8,0.12,-0.06,1.00,0.00,0.00,0.00,-27.06,130.00,100,-1,0,-1,20.0,-0.44,0.541,0.637,-0.31,0,26,0,21.3,232.2,253.1,248.9,0.00,1,-1.9,-4.4
81.65,cruise,349.86,0.14,0.543,1,1537.1,1146.8,355.4,-781.3,55.68,-121.20,284,249,-1,54.6,36.6,55.0,37.8,0.10,-0.05,1.00,0.00,0.00,0.00,-24.90,131.03,100,-1,0,-3,20.0,-0.47,0.550,0.631,-0.28,0,26,0,19.7,232.1,254.5,251.2,0.00,1,-1.9,-4.4
81.75,cruise,349.82,0.18,0.546,1,1542.7,1134.6,349.8,-769.1,55.90,-121.86,285,249,-1,54.2,37.9,54.6,39.0,0.07,-0.03,1.00,0.00,0.00,0.00,-22.75,132.13,100,-1,0,-5,16.3,-0.43,0.552,0.606,-0.23,0,26,0,17.9,231.7,255.7,253.0,0.00,1,0.6,0.5
81.85,cruise,349.81,0.19,0.545,1,1553.9,1110.0,344.2,-756.9,56.25,-123.22,286,249,-1,53.9,38.6,54.5,39.3,0.02,-0.01,1.00,0.00,0.00,0.00,-20.74,133.12,100,-1,0,-7,2.9,-0.34,0.548,0.566,-0.16,0,26,0,16.4,230.9,256.5,254.4,0.00,1,5.2,10.3
81.95,cruise,349.81,0.19,0.537,1,1553.9,1110.0,338.6,-744.5,56.25,-123.22,287,255,-1,53.9,38.6,54.6,38.6,-0.03,0.01,1.00,0.00,0.00,0.00,-17.81,134.28,100,-1,0,-7,2.9,-0.20,0.538,0.563,-0.08,0,26,0,15.3,229.8,257.0,255.0,0.00,1,5.2,10.3
82.05,cruise,349.84,0.16,0.526,1,1559.5,1097.7,333.0,-732.2,56.56,-123.84,288,255,-1,54.2,38.1,55.0,37.0,-0.09,0.04,1.00,0.00,0.00,0.00,-15.86,135.22,99,-1,0,-7,-5.5,-0.03,0.526,0.593,-0.00,0,26,0,14.9,228.6,256.8,254.8,0.00,1,7.0,14.1
82.15,cruise,349.88,0.12,0.513,1,1570.9,1072.8,327.3,-719.8,57.26,-124.85,288,255,-1,54.6,36.8,55.6,34.5,-0.13,0.07,1.00,0.00,0.00,0.00,-14.88,135.96,99,-1,0,-6,-20.0,0.15,0.514,0.616,0.06,0,26,0,15.1,227.3,256.0,253.6,0.00,1,7.5,14.9
82.25,brake,349.93,0.07,0.501,1,1576.7,1060.3,0.0,0.0,57.74,-125.29,288,255,-1,48.6,30.8,56.3,31.4,-0.18,0.19,1.00,0.00,0.00,0.00,-15.19,136.51,99,-1,0,-4,-24.2,0.33,0.505,0.655,0.08,0,26,0,16.2,226.3,254.5,251.4,0.00,1,5.9,12.4
82.35,brake,349.98,0.02,0.490,1,1576.7,1060.3,0.0,0.0,57.74,-125.29,288,252,-1,42.6,24.8,57.0,27.7,-0.18,0.29,1.00,0.00,0.00,0.00,-17.18,136.88,99,-1,0,-0,-24.2,0.48,0.496,0.681,0.10,0,26,0,17.8,225.6,252.5,248.2,0.00,1,5.9,12.4
82.45,brake,350.03,-0.03,0.477,1,1588.4,1035.1,0.0,0.0,58.97,-125.82,287,252,-1,36.6,18.8,57.3,24.0,-0.15,0.35,1.00,0.00,0.00,0.00,-20.21,137.01,99,-1,0,3,-22.7,0.57,0.487,0.685,0.09,0,26,0,19.9,225.3,250.3,244.5,0.00,1,-3.3,2.9
82.55,brake,350.08,-0.08,0.465,1,1594.3,1022.5,0.0,0.0,59.68,-125.99,285,252,-1,30.6,12.8,57.0,20.7,-0.10,0.34,1.00,0.00,0.00,0.00,-24.01,136.86,99,-1,0,7,-17.4,0.60,0.475,0.651,-0.00,0,26,0,22.5,225.5,247.8,240.7,0.00,1,-12.6,-3.3
82.65,brake,350.11,-0.11,0.448,1,1594.3,1022.5,0.0,0.0,59.68,-125.99,284,252,-1,24.6,6.8,55.8,18.4,-0.02,0.28,1.00,0.00,0.00,0.00,-28.34,136.50,99,-1,0,11,-17.4,0.56,0.457,0.577,-0.15,0,26,0,25.6,226.0,245.2,237.3,0.00,1,-12.6,-3.3
82.75,brake,350.13,-0.13,0.429,1,1606.4,997.3,0.0,0.0,60.86,-126.28,281,241,-1,18.6,0.8,53.4,17.4,0.10,0.19,1.00,0.00,0.00,0.00,-35.61,135.20,99,-1,0,13,-1.3,0.46,0.435,0.551,-0.34,0,26,0,28.9,226.6,242.4,234.7,0.00,1,-33.6,-13.9
82.85,brake,350.14,-0.14,0.409,1,1606.4,997.3,0.0,0.0,60.86,-126.28,278,241,-1,12.6,-5.2,50.0,17.7,0.25,0.08,1.00,0.00,0.00,0.00,-42.53,133.57,99,-1,0,15,-1.3,0.32,0.412,0.541,-0.55,0,26,0,32.4,227.1,239.5,233.1,0.00,1,-33.6,-13.9
82.95,brake,350.13,-0.13,0.388,1,1612.5,984.7,0.0,0.0,61.26,-126.39,275,241,-1,6.6,-11.2,45.6,18.8,0.41,-0.05,1.00,0.00,0.00,0.00,-49.02,131.62,99,-1,0,15,7.5,0.16,0.389,0.572,-0.72,0,26,0,35.6,227.0,236.2,232.3,0.00,1,-43.5,-16.3
83.05,brake,350.11,-0.11,0.367,1,1624.8,959.4,0.0,0.0,61.39,-126.52,273,241,-1,0.6,-17.2,40.2,20.1,0.56,-0.17,1.00,0.00,0.00,0.00,-55.20,129.32,99,-1,0,16,23.1,-0.00,0.367,0.659,-0.83,0,26,0,38.2,225.9,232.7,232.2,0.00,1,-57.0,-10.5
83.15,brake,350.09,-0.09,0.346,1,1624.8,959.4,0.0,0.0,61.39,-126.52,268,230,-1,-5.4,-18.1,34.0,21.2,0.60,-0.27,0.93,0.00,0.00,0.00,-65.12,124.64,99,-1,1,15,23.1,-0.16,0.346,0.692,-0.87,0,26,0,39.6,223.3,228.8,232.5,0.00,1,-57.0,-10.5
83.25,brake,350.07,-0.07,0.328,1,1630.9,946.7,0.0,0.0,61.08,-126.50,264,230,-1,-11.4,-18.9,27.3,21.4,0.54,-0.35,0.76,0.00,0.00,0.00,-74.34,119.19,99,-1,1,15,29.0,-0.29,0.330,0.660,-0.90,0,26,0,39.5,219.2,224.7,233.3,0.00,1,-58.6,-1.4
83.35,brake,350.07,-0.07,0.314,1,1637.0,934.1,0.0,0.0,60.56,-126.32,259,230,-1,-17.4,-20.8,20.5,20.4,0.39,-0.38,0.59,0.00,0.00,0.00,-82.66,113.10,99,-1,0,13,33.4,-0.40,0.317,0.626,-0.91,0,26,0,38.1,213.6,220.4,234.7,0.00,1,-55.9,10.9
83.45,brake,350.08,-0.08,0.300,1,1643.0,921.5,0.0,0.0,59.77,-126.04,255,230,-1,-23.4,-23.5,14.2,18.3,0.20,-0.35,0.42,0.00,0.00,0.00,-89.76,106.77,99,-1,0,11,36.3,-0.50,0.304,0.524,-0.87,0,26,0,35.5,207.1,215.6,236.6,0.00,1,-50.4,24.0
83.55,brake,350.10,-0.10,0.292,1,1648.9,908.9,0.0,0.0,58.97,-125.57,253,238,-1,-29.4,-26.6,8.9,15.0,-0.01,-0.25,0.24,0.00,0.00,0.00,-93.53,102.47,99,-1,0,9,38.3,-0.59,0.299,0.403,-0.89,0,26,0,32.0,200.1,210.4,239.2,0.00,1,-42.1,35.1
83.65,brake,350.12,-0.12,0.288,1,1660.5,884.0,0.0,0.0,57.30,-124.12,250,238,-1,-35.4,-29.7,4.9,10.9,-0.20,-0.09,0.06,0.00,0.00,0.00,-96.47,98.37,99,-1,0,5,39.2,-0.68,0.296,0.413,-0.91,0,26,0,28.2,193.4,204.0,242.4,0.00,1,-22.5,47.6
83.75,brake,350.13,-0.13,0.288,1,1660.5,884.0,0.0,0.0,57.30,-124.12,249,238,-1,-37.6,-32.6,2.2,6.3,-0.29,0.07,0.00,0.00,0.00,0.00,-98.74,94.56,99,-1,0,2,39.2,-0.75,0.298,0.442,-0.96,0,26,0,24.2,187.3,195.9,245.9,0.00,1,-22.5,47.6
83.90,brake,350.12,-0.12,0.290,1,1674.6,853.3,0.0,0.0,55.72,-121.57,247,238,-1,-34.6,-35.9,-0.1,-0.4,-0.28,0.18,0.00,0.00,0.00,0.00,-100.40,91.09,99,-1,0,-3,29.8,-0.81,0.302,0.488,-0.97,0,26,0,19.0,179.6,178.8,251.0,0.00,1,-13.0,41.2
84.00,brake,350.10,-0.10,0.289,1,1680.1,841.2,0.0,0.0,55.24,-120.39,248,254,-1,-32.7,-37.4,-1.4,-4.4,-0.23,0.21,0.00,0.00,0.00,0.00,-97.23,91.83,99,-1,0,-6,23.2,-0.72,0.298,0.475,-0.89,0,26,0,16.1,175.2,163.9,253.9,0.00,1,-15.0,35.5
84.10,brake,350.06,-0.06,0.291,1,1680.1,841.2,0.0,0.0,55.24,-120.39,249,254,-1,-31.3,-38.4,-2.7,-7.9,-0.16,0.16,0.00,0.00,0.00,0.00,-94.82,92.49,99,-1,0,-8,23.2,-0.63,0.298,0.426,-0.84,0,26,0,13.9,171.5,148.8,256.2,0.00,1,-15.0,35.5
84.20,brake,350.01,-0.01,0.295,1,1691.1,817.5,0.0,0.0,54.45,-117.80,250,254,-1,-30.4,-39.0,-4.7,-10.7,-0.08,0.07,0.06,0.00,0.00,0.00,-92.66,92.81,99,-1,0,-10,8.7,-0.52,0.300,0.360,-0.81,0,26,0,12.2,168.3,136.3,258.0,0.00,1,-25.4,24.0
84.30,brake,349.92,0.08,0.301,1,1691.1,817.5,0.0,0.0,54.45,-117.80,251,254,-1,-30.1,-39.2,-7.2,-13.2,-0.01,-0.03,0.16,0.00,0.00,0.00,-90.47,93.04,99,-1,0,-11,8.7,-0.40,0.304,0.318,-0.78,0,26,0,11.1,165.5,127.1,259.2,0.00,1,-25.4,24.0
84.40,brake,349.88,0.12,0.308,1,1701.8,794.3,0.0,0.0,53.48,-115.00,252,260,-1,-30.3,-39.0,-10.4,-15.2,0.05,-0.11,0.27,0.00,0.00,0.00,-86.72,94.60,99,-1,0,-12,-5.3,-0.27,0.310,0.374,-0.78,0,26,0,10.3,163.0,120.9,259.9,0.00,1,-32.0,17.4
84.50,brake,349.79,0.21,0.319,1,1707.1,782.9,0.0,0.0,52.82,-113.55,254,260,-1,-30.9,-38.7,-13.9,-16.9,0.08,-0.17,0.38,0.00,0.00,0.00,-82.96,95.94,99,-1,0,-12,-11.5,-0.14,0.319,0.422,-0.79,0,26,0,10.1,160.8,117.1,260.2,0.00,1,-31.9,16.2
84.60,brake,349.64,0.36,0.332,1,1712.4,771.6,0.0,0.0,52.12,-112.04,256,260,-1,-31.9,-38.1,-17.5,-18.5,0.11,-0.20,0.49,0.00,0.00,0.00,-79.08,97.11,99,-1,0,-12,-16.7,-0.01,0.332,0.455,-0.79,0,26,0,10.4,158.6,115.1,259.9,0.00,1,-29.4,16.2
84.70,brake,349.58,0.42,0.342,1,1712.4,771.6,0.0,0.0,52.12,-112.04,258,260,-1,-33.0,-37.2,-21.1,-19.9,0.12,-0.20,0.60,0.00,0.00,0.00,-75.12,98.11,99,-1,0,-11,-16.7,0.11,0.342,0.468,-0.76,0,26,0,11.1,156.4,114.2,259.1,0.00,1,-29.4,16.2
84.80,brake,349.43,0.57,0.355,1,1717.5,760.5,0.0,0.0,51.28,-110.52,259,258,-1,-34.2,-36.3,-24.5,-21.3,0.11,-0.18,0.70,0.00,0.00,0.00,-71.51,98.65,99,-1,0,-10,-20.4,0.21,0.356,0.470,-0.71,0,26,0,12.3,154.0,114.1,257.9,0.00,1,-25.5,17.7
84.90,brake,349.38,0.62,0.367,1,1722.6,749.6,0.0,0.0,50.36,-108.96,260,258,-1,-35.3,-35.2,-27.4,-22.7,0.08,-0.14,0.79,0.00,0.00,0.00,-67.68,99.14,99,-1,0,-9,-22.3,0.28,0.369,0.456,-0.68,0,26,0,13.9,151.3,114.3,256.4,0.00,1,-20.6,20.2
85.00,brake,349.28,0.72,0.382,1,1732.4,728.2,0.0,0.0,48.38,-105.78,262,258,-1,-36.4,-34.1,-30.0,-24.4,0.03,-0.09,0.88,0.00,0.00,0.00,-63.70,99.56,99,-1,0,-7,-21.8,0.32,0.384,0.434,-0.65,0,26,0,15.8,148.3,114.6,254.7,0.00,1,-9.5,27.0
85.10,brake,349.19,0.81,0.398,1,1737.2,717.8,0.0,0.0,47.33,-104.04,264,258,-1,-37.3,-33.0,-32.2,-26.3,-0.02,-0.05,0.96,0.00,0.00,0.00,-59.55,99.92,99,-1,0,-5,-19.5,0.33,0.401,0.428,-0.64,0,26,0,17.9,145.1,114.8,252.9,0.00,1,-5.2,29.8
85.20,brake,349.12,0.88,0.413,1,1737.2,717.8,0.0,0.0,47.33,-104.04,264,250,-1,-38.0,-32.0,-34.0,-28.5,-0.07,-0.01,1.00,0.00,0.00,0.00,-57.34,98.88,99,-1,0,-3,-19.5,0.32,0.416,0.449,-0.58,0,26,0,20.2,141.7,114.9,251.2,0.00,1,-5.2,29.8
85.30,brake,349.02,0.98,0.428,1,1741.8,707.5,0.0,0.0,46.36,-102.19,265,250,-1,-38.5,-31.2,-35.4,-30.9,-0.13,0.03,1.00,0.00,0.00,0.00,-54.77,97.94,99,-1,0,-2,-16.1,0.29,0.430,0.492,-0.50,0,26,0,22.6,138.2,115.0,249.7,0.00,1,-1.2,31.3
85.40,brake,348.99,1.01,0.443,1,1746.4,697.4,0.0,0.0,45.48,-100.26,266,250,-1,-38.9,-30.6,-36.6,-33.4,-0.17,0.06,1.00,0.00,0.00,0.00,-51.93,97.08,99,-1,0,-1,-12.1,0.23,0.445,0.534,-0.45,0,26,0,24.9,134.9,114.8,248.5,0.00,1,1.5,31.5
85.50,brake,348.94,1.06,0.460,1,1750.9,687.5,0.0,0.0,44.65,-98.26,268,250,-1,-39.1,-30.3,-37.5,-35.8,-0.19,0.09,1.00,0.00,0.00,0.00,-48.88,96.23,99,-1,0,0,-7.3,0.15,0.460,0.572,-0.41,0,26,0,27.0,131.9,114.6,247.7,0.00,1,3.0,29.5
85.60,brake,348.91,1.09,0.472,1,1755.3,677.9,0.0,0.0,43.95,-96.09,267,241,-1,-39.1,-30.3,-38.1,-38.1,-0.20,0.11,1.00,0.00,0.00,0.00,-48.31,93.97,99,-1,0,0,-2.1,0.05,0.473,0.600,-0.30,0,26,0,28.6,129.5,114.2,247.4,0.00,1,3.3,25.8
85.70,brake,348.89,1.11,0.483,1,1763.9,659.2,0.0,0.0,42.80,-91.52,268,241,-1,-38.9,-30.5,-38.5,-40.2,-0.20,0.13,1.00,0.00,0.00,0.00,-47.38,91.82,99,-1,0,0,7.0,-0.06,0.483,0.617,-0.18,0,26,0,29.3,127.7,113.5,247.6,0.00,1,-0.1,14.7
85.80,brake,348.87,1.13,0.493,1,1763.9,659.2,0.0,0.0,42.80,-91.52,268,241,-1,-38.6,-31.0,-38.8,-41.9,-0.18,0.15,1.00,0.00,0.00,0.00,-46.28,89.81,99,-1,0,-1,7.0,-0.15,0.494,0.625,-0.11,0,26,0,29.2,126.6,112.6,248.4,0.00,1,-0.1,14.7
85.90,brake,348.87,1.13,0.500,1,1772.4,641.5,0.0,0.0,41.97,-86.75,268,241,-1,-38.2,-31.7,-38.8,-43.1,-0.14,0.16,1.00,0.00,0.00,0.00,-45.16,87.78,99,-1,0,-2,11.8,-0.24,0.502,0.619,-0.05,0,26,0,28.0,126.2,111.3,249.6,0.00,1,-7.7,0.1
86.00,brake,348.87,1.13,0.503,1,1776.6,633.0,0.0,0.0,41.53,-84.35,269,244,-1,-37.7,-32.4,-39.0,-43.8,-0.08,0.15,1.00,0.00,0.00,0.00,-43.20,86.14,99,-1,0,-4,11.8,-0.31,0.506,0.598,0.04,0,26,0,25.8,126.6,109.7,251.3,0.00,1,-13.2,-7.1
86.10,brake,348.88,1.12,0.502,1,1780.7,624.8,0.0,0.0,41.09,-81.98,270,244,-1,-37.2,-33.1,-39.4,-44.0,-0.03,0.11,1.00,0.00,0.00,0.00,-41.36,84.44,99,-1,0,-6,9.7,-0.35,0.505,0.560,0.15,0,26,0,22.6,127.4,107.6,253.5,0.00,1,-19.0,-13.4
86.20,brake,348.90,1.10,0.499,1,1780.7,624.8,0.0,0.0,41.09,-81.98,271,244,-1,-36.7,-33.7,-40.2,-43.7,0.03,0.05,1.00,0.00,0.00,0.00,-39.62,82.70,99,-1,0,-8,9.7,-0.35,0.503,0.534,0.28,0,26,0,18.8,128.8,105.3,255.9,0.00,1,-19.0,-13.4
86.30,brake,348.94,1.06,0.496,1,1788.8,609.0,0.0,0.0,39.90,-77.32,272,244,-1,-36.4,-34.0,-41.7,-43.2,0.07,-0.03,1.00,0.00,0.00,0.00,-37.82,80.99,99,-1,0,-11,0.8,-0.33,0.499,0.540,0.44,0,26,0,14.8,130.4,102.7,258.4,0.00,1,-29.6,-20.6
86.40,brake,348.96,1.04,0.496,1,1792.7,601.4,0.0,0.0,39.07,-75.06,275,259,-1,-36.3,-34.1,-43.8,-42.5,0.09,-0.13,1.00,0.00,0.00,0.00,-32.68,80.64,99,-1,0,-13,-5.3,-0.27,0.498,0.587,0.65,0,26,0,11.1,132.2,100.1,260.8,0.00,1,-32.2,-20.7
86.50,brake,348.99,1.01,0.501,1,1792.7,601.4,0.0,0.0,39.07,-75.06,278,259,-1,-36.5,-33.9,-46.4,-41.7,0.10,-0.23,1.00,0.00,0.00,0.00,-27.98,79.86,99,-1,0,-15,-5.3,-0.19,0.502,0.634,0.83,0,26,0,8.1,133.9,97.8,262.9,0.00,1,-32.2,-20.7
86.60,brake,349.02,0.98,0.514,1,1800.2,586.9,0.0,0.0,36.78,-70.86,281,259,-1,-37.0,-33.3,-49.3,-40.7,0.12,-0.30,1.00,0.00,0.00,0.00,-23.60,78.78,99,-1,0,-16,-17.7,-0.09,0.514,0.682,0.94,0,26,0,6.0,135.5,96.1,264.3,0.00,1,-29.1,-16.7
86.70,brake,349.04,0.96,0.531,1,1800.2,586.9,0.0,0.0,36.78,-70.86,283,259,-1,-37.7,-32.4,-52.1,-39.4,0.14,-0.34,1.00,0.00,0.00,0.00,-19.65,77.38,99,-1,0,-17,-17.7,0.02,0.531,0.721,0.99,0,26,0,5.1,136.9,95.5,264.7,0.00,1,-29.1,-16.7
86.80,brake,349.07,0.93,0.544,1,1807.2,573.2,0.0,0.0,33.79,-66.86,286,264,-1,-38.5,-31.2,-54.3,-37.6,0.17,-0.32,1.00,0.00,0.00,0.00,-15.53,75.82,99,-1,0,-16,-26.2,0.13,0.545,0.741,0.97,0,26,0,5.5,137.9,96.1,263.9,0.00,1,-13.2,-8.9
86.90,brake,349.09,0.91,0.549,1,1807.2,573.2,0.0,0.0,33.79,-66.86,287,264,-1,-39.4,-29.6,-55.7,-35.0,0.22,-0.24,1.00,0.00,0.00,0.00,-12.31,73.90,99,-1,0,-14,-26.2,0.25,0.551,0.735,0.88,0,26,0,7.2,138.4,98.1,261.5,0.00,1,-13.2,-8.9
87.00,brake,349.13,0.87,0.538,1,1810.5,566.7,0.0,0.0,32.04,-64.86,288,264,-1,-40.3,-27.8,-56.1,-31.8,0.26,-0.11,1.00,0.00,0.00,0.00,-9.91,71.66,99,-1,0,-10,-28.2,0.37,0.543,0.692,0.76,0,26,0,10.1,138.5,101.4,257.7,0.00,1,-1.6,-4.1
87.10,brake,349.19,0.81,0.514,1,1813.5,560.4,0.0,0.0,30.19,-62.86,289,264,-1,-41.2,-25.9,-55.4,-28.3,0.28,0.03,1.00,0.00,0.00,0.00,-8.34,69.24,99,-1,0,-5,-28.6,0.48,0.522,0.645,0.66,0,26,0,14.2,137.9,105.6,252.6,0.00,1,10.3,2.7
87.20,brake,349.27,0.73,0.486,1,1819.1,548.3,0.0,0.0,26.81,-59.06,287,251,-1,-41.9,-23.9,-54.0,-25.5,0.25,0.16,1.00,0.00,0.00,0.00,-9.00,66.63,99,-1,0,1,-23.9,0.55,0.495,0.657,0.61,0,26,0,19.0,136.4,109.9,247.3,0.00,1,25.6,21.4
87.30,brake,349.43,0.57,0.457,1,1821.7,542.5,0.0,0.0,25.49,-57.35,286,251,-1,-42.5,-22.0,-52.3,-24.0,0.17,0.23,1.00,0.00,0.00,0.00,-9.76,64.12,99,-1,0,6,-19.5,0.59,0.467,0.625,0.62,0,26,0,24.3,134.1,113.7,242.3,0.00,1,26.0,31.0
87.40,brake,349.49,0.51,0.437,1,1824.2,536.9,0.0,0.0,24.39,-55.68,284,251,-1,-42.9,-20.3,-50.8,-24.2,0.05,0.22,1.00,0.00,0.00,0.00,-10.51,61.87,99,-1,0,10,-13.8,0.58,0.447,0.556,0.68,0,26,0,29.8,130.9,116.4,238.2,0.00,1,22.3,39.0
87.50,brake,349.61,0.39,0.427,1,1824.2,536.9,0.0,0.0,24.39,-55.68,283,251,-1,-43.2,-19.1,-49.9,-26.2,-0.09,0.15,1.00,0.00,0.00,0.00,-10.97,59.79,99,-1,0,13,-13.8,0.53,0.434,0.532,0.78,0,26,0,35.1,127.0,117.9,235.3,0.00,1,22.3,39.0
87.60,brake,349.73,0.27,0.428,1,1828.9,526.2,0.0,0.0,22.85,-52.25,280,230,-1,-43.3,-18.5,-49.7,-29.6,-0.24,0.06,1.00,0.00,0.00,0.00,-14.16,57.15,99,-1,0,14,1.7,0.41,0.432,0.551,0.92,0,26,0,40.0,122.7,118.3,233.7,0.00,1,10.7,47.1
87.70,brake,349.85,0.15,0.444,1,1828.9,526.2,0.0,0.0,22.85,-52.25,277,230,-1,-43.3,-18.6,-50.1,-34.1,-0.37,-0.02,1.00,0.00,0.00,0.00,-16.24,54.67,99,-1,0,14,1.7,0.25,0.446,0.604,1.01,0,26,0,44.5,118.3,117.9,233.4,0.00,1,10.7,47.1
87.80,brake,350.01,-0.01,0.477,1,1831.1,521.1,0.0,0.0,22.46,-50.49,276,230,-1,-43.1,-19.4,-50.8,-39.1,-0.46,-0.07,1.00,0.00,0.00,0.00,-17.50,52.42,99,-1,0,14,9.5,0.08,0.477,0.687,1.01,0,26,0,48.4,114.5,117.2,234.2,0.00,1,6.8,45.6
87.90,brake,350.06,-0.06,0.523,1,1835.6,511.5,0.0,0.0,22.06,-46.58,275,230,-1,-42.8,-20.8,-51.3,-43.8,-0.49,-0.05,1.00,0.00,0.00,0.00,-18.00,50.33,99,-1,0,12,22.8,-0.09,0.523,0.740,0.91,0,26,0,51.4,111.6,116.4,235.7,0.00,1,5.5,29.4
88.00,brake,350.14,-0.14,0.564,1,1837.8,507.0,0.0,0.0,22.15,-44.40,271,217,-1,-42.3,-22.5,-51.0,-47.5,-0.46,0.03,1.00,0.00,0.00,0.00,-21.25,46.96,99,-1,0,11,26.8,-0.25,0.566,0.761,0.71,0,26,0,52.9,110.1,115.9,237.3,0.00,1,7.2,15.1
88.10,brake,350.21,-0.21,0.581,1,1840.0,502.7,0.0,0.0,22.37,-41.97,267,217,-1,-41.7,-24.5,-49.6,-49.6,-0.35,0.16,1.00,0.00,0.00,0.00,-24.19,43.32,99,-1,0,9,28.6,-0.36,0.585,0.787,0.45,0,26,0,52.4,110.3,115.7,238.9,0.00,1,8.1,-2.4
88.20,brake,350.28,-0.28,0.562,1,1842.3,498.7,0.0,0.0,22.63,-39.52,263,217,-1,-41.0,-26.4,-46.9,-49.8,-0.18,0.29,1.00,0.00,0.00,0.00,-27.00,39.15,99,-1,0,7,28.4,-0.42,0.568,0.756,0.21,0,26,0,49.4,112.4,115.7,240.4,0.00,1,6.1,-20.4
88.30,brake,350.37,-0.37,0.520,1,1842.3,498.7,0.0,0.0,22.63,-39.52,259,217,-1,-40.2,-28.1,-43.4,-48.3,0.01,0.39,1.00,0.00,0.00,0.00,-29.59,34.62,99,-1,0,6,28.4,-0.45,0.526,0.684,0.01,0,26,0,44.4,116.0,115.6,242.2,0.00,1,6.1,-20.4
88.40,brake,350.40,-0.40,0.473,1,1846.8,491.4,0.0,0.0,23.12,-34.95,259,232,-1,-39.4,-29.6,-40.1,-45.6,0.17,0.39,1.00,0.00,0.00,0.00,-29.51,32.18,99,-1,0,3,21.6,-0.45,0.479,0.705,-0.05,0,26,0,38.2,120.7,115.0,244.4,0.00,1,-10.6,-44.2
88.50,brake,350.45,-0.45,0.428,1,1849.2,488.0,0.0,0.0,23.07,-33.08,258,232,-1,-38.7,-30.8,-38.2,-42.5,0.27,0.30,1.00,0.00,0.00,0.00,-29.62,29.63,99,-1,0,1,15.4,-0.42,0.432,0.661,0.08,0,26,0,31.5,125.6,113.7,247.1,0.00,1,-22.9,-46.6
88.60,brake,350.48,-0.48,0.395,1,1849.2,488.0,0.0,0.0,23.07,-33.08,258,232,-1,-38.2,-31.7,-38.1,-39.5,0.29,0.11,1.00,0.00,0.00,0.00,-29.57,27.43,99,-1,0,-2,15.4,-0.36,0.398,0.560,0.31,0,26,0,25.1,130.0,111.4,250.3,0.00,1,-22.9,-46.6
88.70,brake,350.51,-0.51,0.377,1,1853.7,481.8,0.0,0.0,22.37,-30.19,257,232,-1,-37.9,-32.1,-39.8,-37.1,0.25,-0.11,1.00,0.00,0.00,0.00,-29.19,25.73,99,-1,0,-6,1.7,-0.29,0.379,0.523,0.54,0,26,0,19.2,133.7,108.4,253.6,0.00,1,-42.4,-37.0
88.80,brake,350.51,-0.51,0.378,1,1853.7,481.8,0.0,0.0,22.37,-30.19,261,256,-1,-37.8,-32.3,-42.9,-35.4,0.17,-0.32,1.00,0.00,0.00,0.00,-26.66,26.48,99,-1,0,-9,1.7,-0.21,0.379,0.575,0.71,0,26,0,14.3,136.5,105.0,256.8,0.00,1,-42.4,-37.0
88.90,brake,350.50,-0.50,0.398,1,1858.0,476.0,0.0,0.0,20.92,-27.89,265,256,-1,-37.9,-32.0,-46.8,-34.5,0.10,-0.47,1.00,0.00,0.00,0.00,-24.10,27.04,99,-1,0,-12,-9.0,-0.16,0.399,0.628,0.75,0,26,0,10.3,138.6,101.6,259.7,0.00,1,-44.4,-22.1
89.00,brake,350.45,-0.45,0.435,1,1860.0,473.3,0.0,0.0,19.91,-26.75,269,256,-1,-38.3,-31.5,-50.7,-33.9,0.07,-0.54,1.00,0.00,0.00,0.00,-21.58,27.39,99,-1,0,-14,-12.8,-0.10,0.436,0.680,0.64,0,26,0,7.4,140.2,98.9,261.8,0.00,1,-36.9,-16.9
89.10,brake,350.39,-0.39,0.479,1,1860.0,473.3,0.0,0.0,19.91,-26.75,272,256,-1,-38.8,-30.8,-53.9,-33.2,0.08,-0.52,1.00,0.00,0.00,0.00,-19.05,27.37,99,-1,0,-15,-12.8,-0.05,0.479,0.715,0.41,0,26,0,5.9,141.5,97.4,263.0,0.00,1,-36.9,-16.9
89.20,brake,350.32,-0.32,0.512,1,1861.9,470.7,0.0,0.0,18.63,-25.55,275,264,-1,-39.3,-29.9,-55.9,-31.6,0.12,-0.40,1.00,0.00,0.00,0.00,-16.23,27.14,99,-1,0,-15,-15.7,0.02,0.512,0.720,0.09,0,26,0,5.9,142.5,97.6,262.5,0.00,1,-24.3,-12.9
89.30,brake,350.21,-0.21,0.528,1,1865.3,466.0,0.0,0.0,15.51,-22.96,278,264,-1,-39.9,-28.7,-56.4,-28.9,0.19,-0.21,1.00,0.00,0.00,0.00,-13.75,26.39,99,-1,0,-12,-20.3,0.12,0.529,0.688,-0.31,0,26,0,7.4,143.2,99.8,260.2,0.00,1,8.7,-5.7
89.40,brake,350.17,-0.17,0.521,1,1865.3,466.0,0.0,0.0,15.51,-22.96,279,264,-1,-40.5,-27.5,-55.4,-25.2,0.26,0.02,1.00,0.00,0.00,0.00,-11.58,25.17,99,-1,0,-8,-20.3,0.24,0.523,0.635,-0.71,0,26,0,10.3,143.7,103.9,256.2,0.00,1,8.7,-5.7
89.50,brake,350.10,-0.10,0.498,1,1866.7,463.8,0.0,0.0,13.84,-21.58,280,264,-1,-41.1,-26.1,-52.9,-21.3,0.30,0.25,1.00,0.00,0.00,0.00,-9.88,23.66,99,-1,0,-3,-21.9,0.37,0.503,0.723,-1.01,0,26,0,14.5,143.8,109.4,251.1,0.00,1,24.2,-1.0
89.60,brake,350.06,-0.06,0.469,1,1869.0,459.8,0.0,0.0,10.63,-18.94,279,251,-1,-41.6,-24.7,-49.7,-18.1,0.30,0.41,1.00,0.00,0.00,0.00,-9.02,21.79,99,-1,0,2,-22.2,0.49,0.476,0.759,-1.12,0,26,0,19.3,143.5,115.3,246.0,0.00,1,38.0,13.3
89.70,brake,350.03,-0.03,0.437,1,1870.0,458.0,0.0,0.0,9.45,-17.84,277,251,-1,-42.1,-23.2,-46.5,-16.2,0.23,0.46,1.00,0.00,0.00,0.00,-8.28,20.08,99,-1,0,7,-20.5,0.57,0.446,0.722,-1.01,0,26,0,24.3,142.5,120.5,241.3,0.00,1,32.7,22.4
89.80,brake,350.03,-0.03,0.409,1,1870.0,458.0,0.0,0.0,9.45,-17.84,275,251,-1,-42.5,-21.8,-44.2,-16.1,0.11,0.38,1.00,0.00,0.00,0.00,-7.76,18.64,99,-1,0,10,-20.5,0.60,0.419,0.614,-0.73,0,26,0,29.0,140.4,123.9,237.5,0.00,1,32.7,22.4
89.90,brake,350.04,-0.04,0.388,1,1871.7,454.7,0.0,0.0,7.95,-15.90,274,251,-1,-42.8,-20.5,-43.1,-17.5,-0.04,0.21,1.00,0.00,0.00,0.00,-7.41,17.41,99,-1,0,13,-11.7,0.60,0.397,0.500,-0.37,0,26,0,33.0,137.3,125.2,234.7,0.00,1,8.4,37.0
90.00,brake,350.06,-0.06,0.378,1,1872.5,453.1,0.0,0.0,7.51,-14.93,271,234,-1,-43.0,-19.7,-43.4,-20.3,-0.20,0.01,1.00,0.00,0.00,0.00,-7.73,16.01,99,-1,0,15,-4.8,0.53,0.384,0.468,-0.02,0,26,0,36.1,133.3,124.5,233.3,0.00,1,-3.0,40.0
90.10,brake,350.08,-0.08,0.385,1,1873.2,451.7,0.0,0.0,7.16,-13.89,269,234,-1,-43.1,-19.5,-44.8,-24.3,-0.32,-0.15,1.00,0.00,0.00,0.00,-7.89,14.73,99,-1,0,15,2.5,0.39,0.389,0.579,0.20,0,26,0,38.2,129.0,122.6,233.1,0.00,1,-9.9,39.2
90.20,brake,350.09,-0.09,0.411,1,1873.2,451.7,0.0,0.0,7.16,-13.89,267,234,-1,-43.0,-19.8,-46.7,-28.9,-0.41,-0.25,1.00,0.00,0.00,0.00,-7.81,13.53,99,-1,0,13,2.5,0.22,0.412,0.675,0.27,0,26,0,39.4,125.1,120.0,234.3,0.00,1,-9.9,39.2
90.30,brake,350.08,-0.08,0.452,1,1873.9,450.4,0.0,0.0,6.81,-12.71,267,234,-1,-41.0,-19.5,-48.5,-33.7,-0.46,-0.27,1.00,0.00,0.00,0.00,-7.47,12.33,99,-1,0,11,9.8,0.03,0.452,0.744,0.19,0,26,0,39.7,121.9,117.4,236.5,0.00,1,-11.6,34.8
90.40,brake,350.07,-0.07,0.508,1,1875.2,448.2,0.0,0.0,6.33,-9.72,267,231,-1,-36.5,-18.7,-49.5,-39.4,-0.62,-0.24,1.00,0.00,0.00,0.00,-7.13,11.00,99,-1,0,8,21.5,-0.17,0.508,0.849,-0.02,0,26,0,38.8,119.5,114.5,240.2,0.00,1,-1.8,15.7
90.50,brake,350.06,-0.06,0.526,1,1875.8,447.4,0.0,0.0,6.15,-7.91,267,231,-1,-31.8,-16.2,-49.2,-40.6,-0.30,-0.13,1.00,0.00,0.00,0.00,-6.81,9.39,99,-1,0,7,24.8,-0.30,0.529,0.701,-0.26,0,26,0,38.1,119.5,114.0,241.3,0.00,1,6.3,0.7
90.60,brake,350.04,-0.04,0.529,1,1876.4,446.7,0.0,0.0,6.02,-5.94,267,231,-1,-26.5,-14.2,-47.2,-41.4,-0.32,0.01,1.00,0.00,0.00,0.00,-6.58,7.56,99,-1,0,5,26.0,-0.40,0.535,0.665,-0.57,0,26,0,36.2,120.9,113.7,243.1,0.00,1,13.8,-16.7
90.70,cruise,350.02,-0.02,0.508,1,1877.0,446.3,16.1,-81.2,5.89,-3.98,266,231,-1,-22.5,-10.2,-43.7,-40.1,-0.15,0.12,1.00,0.00,0.00,0.00,-6.44,5.48,99,-1,0,4,25.0,-0.45,0.515,0.651,-0.87,0,26,0,33.7,124.1,114.3,244.3,0.00,1,18.4,-30.9
90.80,cruise,349.98,0.02,0.473,1,1877.6,446.0,15.5,-80.8,5.76,-2.13,266,239,-1,-18.5,-6.2,-39.4,-37.1,-0.04,0.21,1.00,0.00,0.00,0.00,-6.18,3.51,99,-1,0,3,22.7,-0.45,0.479,0.597,-1.03,0,26,0,31.0,128.6,115.7,245.2,0.00,1,19.2,-43.2
90.90,cruise,349.97,0.03,0.433,1,1878.1,445.9,14.9,-80.5,5.58,-0.57,264,239,-1,-14.5,-2.2,-35.0,-33.0,0.07,0.24,1.00,0.00,0.00,0.00,-5.94,1.56,99,-1,0,2,19.0,-0.42,0.438,0.569,-1.02,0,26,0,28.2,134.3,117.6,246.0,0.00,1,16.3,-51.3
91.00,cruise,349.94,0.06,0.395,1,1878.1,445.9,14.4,-80.4,5.58,-0.57,263,239,-1,-10.5,1.8,-31.3,-28.2,0.17,0.18,0.97,0.00,0.00,0.00,-5.61,-0.15,99,-1,0,1,19.0,-0.36,0.398,0.537,-0.85,0,26,0,25.6,140.4,120.1,246.9,0.00,1,16.3,-51.3
91.10,cruise,349.90,0.10,0.361,1,1878.7,446.0,13.8,-80.5,5.32,0.68,261,239,-1,-6.5,5.8,-28.8,-23.1,0.25,0.05,0.83,0.00,0.00,0.00,-5.14,-1.53,99,-1,0,0,14.2,-0.28,0.362,0.473,-0.56,0,26,0,23.4,146.4,123.1,247.7,0.00,1,11.1,-54.7
91.20,cruise,349.87,0.13,0.334,1,1879.7,446.3,13.3,-80.6,4.61,2.22,260,248,-1,-2.5,9.8,-27.4,-18.1,0.29,-0.15,0.72,0.00,0.00,0.00,-4.62,-2.41,99,-1,0,-1,4.3,-0.19,0.335,0.481,-0.27,0,26,0,21.6,152.0,126.7,248.4,0.00,1,-0.4,-49.8
91.30,cruise,349.83,0.17,0.314,1,1880.1,446.6,12.8,-80.8,4.17,2.68,260,248,-1,1.5,13.8,-26.9,-13.4,0.27,-0.35,0.64,0.00,0.00,0.00,-4.14,-3.02,99,-1,0,-1,0.3,-0.10,0.315,0.512,-0.02,0,26,0,20.5,156.8,131.1,248.8,0.00,1,-1.5,-44.1
91.40,cruise,349.81,0.19,0.303,1,1880.1,446.6,12.4,-81.1,4.17,2.68,259,248,-1,5.5,17.8,-26.6,-9.2,0.22,-0.47,0.59,0.00,0.00,0.00,-3.57,-3.45,99,-1,0,-1,0.3,-0.02,0.303,0.512,0.13,0,26,0,20.0,161.0,136.6,248.7,0.00,1,-1.5,-44.1
91.50,cruise,349.79,0.21,0.298,1,1880.8,447.2,12.0,-81.4,2.99,3.21,258,248,-1,9.5,21.8,-26.1,-5.4,0.15,-0.46,0.55,0.00,0.00,0.00,-2.89,-3.68,99,-1,0,-1,-3.6,0.04,0.298,0.481,0.16,0,26,0,20.0,164.8,143.2,248.4,0.00,1,8.7,-32.2
91.60,cruise,349.76,0.24,0.298,1,1880.8,447.2,11.7,-81.7,2.99,3.21,257,250,-1,13.5,25.8,-25.0,-2.1,0.07,-0.36,0.50,0.00,0.00,0.00,-2.19,-3.80,99,-1,0,-0,-3.6,0.07,0.298,0.425,0.09,0,26,0,20.3,168.2,150.6,247.9,0.00,1,8.7,-32.2
91.70,cruise,349.74,0.26,0.302,1,1881.2,447.9,11.5,-82.0,1.71,3.48,256,250,-1,17.5,29.8,-23.0,0.7,-0.03,-0.19,0.43,0.00,0.00,0.00,-1.49,-3.84,99,-1,0,0,-3.9,0.09,0.302,0.367,-0.05,0,26,0,20.9,171.5,158.5,247.5,0.00,1,26.3,-22.3
91.80,cruise,349.69,0.31,0.306,1,1881.2,447.9,11.3,-82.4,1.71,3.48,255,250,-1,21.5,33.8,-20.2,2.9,-0.11,-0.00,0.35,0.00,0.00,0.00,-0.76,-3.81,99,-1,0,1,-3.9,0.09,0.306,0.339,-0.19,0,26,0,21.5,174.7,166.7,247.1,0.00,1,26.3,-22.3
91.90,cruise,349.68,0.32,0.308,1,1881.3,448.2,11.2,-82.7,1.10,3.57,254,250,-1,25.5,37.8,-16.6,4.9,-0.16,0.16,0.24,0.00,0.00,0.00,-0.09,-3.73,99,-1,0,1,-3.1,0.08,0.308,0.408,-0.30,0,26,0,21.9,178.0,175.1,247.1,0.00,1,34.2,-19.5
92.00,cruise,349.64,0.36,0.306,1,1881.4,449.0,11.1,-83.1,0.13,3.63,253,248,-1,29.5,41.8,-12.6,6.7,-0.18,0.28,0.14,0.00,0.00,0.00,0.55,-3.62,99,-1,0,0,0.3,0.04,0.306,0.448,-0.30,0,26,0,22.0,181.5,183.8,247.4,0.00,1,41.5,-19.9
92.10,cruise,349.61,0.39,0.300,1,1881.4,449.3,11.1,-83.5,-0.18,3.55,252,248,-1,28.4,45.8,-8.5,8.6,-0.18,0.37,0.07,0.00,0.00,0.00,0.98,-3.49,99,-1,0,-0,2.4,-0.01,0.300,0.464,-0.20,0,26,0,21.8,185.2,192.9,248.0,0.00,1,39.7,-22.4
92.20,cruise,349.56,0.44,0.296,1,1881.4,449.3,11.1,-83.8,-0.18,3.55,251,248,-1,27.0,47.2,-4.8,10.8,-0.12,0.36,0.06,0.00,0.00,0.00,1.30,-3.31,99,-1,0,-1,2.4,-0.07,0.296,0.438,-0.09,0,26,0,21.2,189.0,202.3,249.0,0.00,1,39.7,-22.4
92.30,cruise,349.48,0.52,0.295,1,1881.4,449.7,11.1,-84.2,-0.26,3.43,251,248,-1,26.3,47.2,-1.6,13.4,-0.04,0.26,0.12,0.00,0.00,0.00,1.38,-3.15,99,-1,0,-2,4.5,-0.14,0.296,0.384,0.01,0,26,0,20.3,192.8,211.6,250.2,0.00,1,34.9,-25.3
92.40,cruise,349.44,0.56,0.297,1,1881.4,450.3,11.1,-84.5,-0.18,2.90,251,251,-1,25.7,47.3,0.8,16.3,0.04,0.12,0.21,0.00,0.00,0.00,1.31,-2.93,99,-1,0,-4,7.0,-0.20,0.298,0.345,0.06,0,26,0,19.3,196.5,220.3,251.5,0.00,1,20.6,-30.3
92.50,cruise,349.37,0.63,0.303,1,1881.4,450.3,11.1,-84.8,-0.18,2.90,251,251,-1,25.4,47.3,2.5,19.3,0.09,-0.02,0.32,0.00,0.00,0.00,1.13,-2.68,99,-1,0,-5,7.0,-0.24,0.304,0.338,0.09,0,26,0,18.3,200.1,227.8,252.7,0.00,1,20.6,-30.3
92.60,cruise,349.29,0.71,0.311,1,1881.3,450.8,11.2,-85.0,0.00,2.02,251,251,-1,25.0,47.2,3.6,22.4,0.11,-0.12,0.42,0.00,0.00,0.00,0.92,-2.34,99,-1,0,-6,6.7,-0.27,0.313,0.385,0.09,0,26,0,17.5,203.4,234.0,253.9,0.00,1,10.5,-29.7
92.70,cruise,349.21,0.79,0.321,1,1881.3,450.8,11.2,-85.3,0.00,2.02,251,251,-1,24.9,47.0,4.4,25.5,0.11,-0.17,0.52,0.00,0.00,0.00,0.67,-1.91,99,-1,0,-7,6.7,-0.27,0.322,0.413,0.09,0,26,0,16.8,206.5,238.8,254.8,0.00,1,10.5,-29.7
92.80,cruise,349.08,0.92,0.333,1,1881.3,450.9,11.2,-85.4,0.00,1.47,251,254,-1,24.1,47.0,5.3,28.3,0.10,-0.16,0.62,0.00,0.00,0.00,0.47,-1.39,99,-1,0,-8,4.9,-0.25,0.334,0.421,0.08,0,26,0,16.3,209.5,242.6,255.7,0.00,1,9.2,-28.3
92.90,cruise,349.05,0.95,0.345,1,1881.3,451.1,11.2,-85.5,-0.18,0.18,252,254,-1,21.0,47.5,6.4,30.9,0.07,-0.09,0.71,0.00,0.00,0.00,0.36,-0.81,99,-1,0,-9,0.0,-0.22,0.346,0.399,0.04,0,26,0,15.9,212.2,245.7,256.4,0.00,1,13.1,-23.9
93.00,cruise,348.97,1.03,0.356,1,1881.3,451.0,11.2,-85.6,-0.26,-0.56,252,254,-1,21.0,47.3,8.0,33.3,0.05,-0.02,0.80,0.00,0.00,0.00,0.22,-0.11,99,-1,0,-9,-2.9,-0.18,0.357,0.382,0.05,0,26,0,15.5,214.9,248.2,257.1,0.00,1,16.1,-21.6
93.10,cruise,348.90,1.10,0.369,1,1881.3,450.9,11.2,-85.5,-0.35,-1.40,253,254,-1,21.5,47.2,10.1,35.5,0.04,0.04,0.88,0.00,0.00,0.00,0.09,0.61,99,-1,0,-10,-5.7,-0.14,0.369,0.398,0.04,0,26,0,15.2,217.3,250.4,257.7,0.00,1,17.8,-19.5
93.20,cruise,348.83,1.17,0.383,1,1881.3,450.9,11.2,-85.4,-0.35,-1.40,254,255,-1,22.3,47.1,12.7,37.5,0.03,0.08,0.95,0.00,0.00,0.00,-0.04,1.44,99,-1,0,-10,-5.7,-0.09,0.383,0.425,0.04,0,26,0,14.8,219.6,252.2,258.3,0.00,1,17.8,-19.5
93.30,cruise,348.73,1.27,0.400,1,1881.2,450.7,11.3,-85.2,-0.44,-2.27,256,255,-1,23.4,46.9,15.5,39.3,0.03,0.11,1.00,0.00,0.00,0.00,-0.14,2.31,99,-1,0,-11,-8.3,-0.05,0.400,0.456,0.02,0,26,0,14.6,221.7,253.7,258.8,0.00,1,18.8,-17.8
93.40,cruise,348.71,1.29,0.415,1,1881.2,450.4,11.3,-84.9,-0.35,-3.27,257,255,-1,24.5,46.7,18.5,41.0,0.03,0.13,1.00,0.00,0.00,0.00,-0.38,3.27,99,-1,0,-11,-10.5,-0.01,0.415,0.478,0.04,0,26,0,14.5,223.8,254.9,259.1,0.00,1,18.2,-16.6
93.50,cruise,348.66,1.34,0.430,1,1881.1,450.0,11.4,-84.5,-0.26,-4.35,259,255,-1,25.8,46.5,21.6,42.6,0.02,0.13,1.00,0.00,0.00,0.00,-0.55,4.32,99,-1,0,-11,-12.6,0.03,0.430,0.494,0.09,0,26,0,14.8,225.6,255.6,259.1,0.00,1,16.1,-15.4
93.60,cruise,348.62,1.38,0.448,1,1881.1,449.5,11.4,-84.0,-0.13,-5.48,261,255,-1,27.2,46.3,24.4,43.9,0.01,0.11,1.00,0.00,0.00,0.00,-0.70,5.44,99,-1,0,-11,-14.3,0.06,0.448,0.502,0.10,0,26,0,15.4,227.4,255.8,258.9,0.00,1,13.2,-14.2
93.70,cruise,348.59,1.41,0.463,1,1881.1,448.8,11.4,-83.3,0.04,-6.68,264,255,-1,28.6,46.0,26.9,45.0,-0.00,0.09,1.00,0.00,0.00,0.00,-0.80,6.63,99,-1,0,-10,-15.4,0.10,0.464,0.506,0.13,0,26,0,16.5,229.0,255.5,258.3,0.00,1,9.0,-13.1
93.80,cruise,348.57,1.43,0.477,1,1881.2,447.2,11.3,-82.6,0.57,-9.29,266,255,-1,29.9,45.7,29.0,45.8,-0.02,0.06,1.00,0.00,0.00,0.00,-0.89,7.92,99,-1,0,-9,-16.0,0.13,0.477,0.514,0.17,0,26,0,18.2,230.5,254.8,257.3,0.00,1,-0.2,-11.5
93.90,cruise,348.57,1.43,0.487,1,1881.2,447.2,11.3,-81.7,0.57,-9.29,268,255,-1,31.3,45.5,30.6,46.5,-0.03,0.03,1.00,0.00,0.00,0.00,-0.88,9.27,99,-1,0,-8,-16.0,0.16,0.487,0.516,0.23,0,26,0,20.4,231.9,253.7,256.0,0.00,1,-0.2,-11.5
94.00,cruise,348.58,1.42,0.493,1,1881.3,446.1,11.2,-80.6,0.83,-10.67,269,247,-1,32.5,45.2,31.8,47.1,-0.03,-0.00,1.00,0.00,0.00,0.00,-1.07,10.65,99,-1,0,-7,-15.3,0.17,0.494,0.512,0.31,0,26,0,23.0,233.2,252.4,254.5,0.00,1,-4.2,-11.5
94.10,cruise,348.60,1.40,0.498,1,1881.4,445.0,11.1,-79.5,1.01,-12.06,269,247,-1,33.7,45.0,32.7,47.6,-0.03,-0.03,1.00,0.00,0.00,0.00,-1.13,12.05,99,-1,0,-5,-13.9,0.18,0.499,0.527,0.39,0,26,0,25.9,234.6,251.0,252.8,0.00,1,-7.6,-11.9
94.20,cruise,348.64,1.36,0.499,1,1881.5,443.7,11.0,-78.2,1.14,-13.52,270,247,-1,34.8,44.8,33.2,48.2,-0.01,-0.05,1.00,0.00,0.00,0.00,-1.09,13.53,99,-1,0,-3,-12.3,0.18,0.500,0.534,0.51,0,26,0,29.0,236.0,249.5,251.2,0.00,1,-9.9,-12.6
94.30,brake,348.71,1.29,0.498,1,1881.6,442.2,0.0,0.0,1.23,-15.00,271,247,-1,28.8,38.8,33.5,48.9,0.08,-0.03,1.00,0.00,0.00,0.00,-0.97,15.02,99,-1,0,-2,-10.2,0.17,0.498,0.542,0.66,0,26,0,32.1,237.4,248.1,249.5,0.00,1,-11.2,-13.0
94.40,brake,348.74,1.26,0.497,1,1881.9,438.8,0.0,0.0,1.14,-18.01,269,235,-1,22.8,32.8,33.6,49.7,0.19,0.02,1.00,0.00,0.00,0.00,-1.59,16.47,99,-1,0,-0,-4.7,0.15,0.498,0.581,0.81,0,26,0,35.0,238.7,246.9,248.1,0.00,1,-10.4,-13.0
94.50,brake,348.81,1.19,0.495,1,1881.9,438.8,0.0,0.0,1.14,-18.01,267,235,-1,16.8,26.8,33.7,50.5,0.29,0.07,1.00,0.00,0.00,0.00,-2.13,17.92,99,-1,0,1,-4.7,0.11,0.496,0.642,0.95,0,26,0,37.6,239.9,246.0,247.0,0.00,1,-10.4,-13.0
94.60,brake,348.90,1.10,0.493,1,1882.0,436.9,0.0,0.0,0.97,-19.50,265,235,-1,10.8,20.8,33.3,51.1,0.36,0.11,1.00,0.00,0.00,0.00,-2.60,19.35,99,-1,0,2,-1.8,0.07,0.493,0.680,1.02,0,26,0,39.5,240.7,245.2,246.1,0.00,1,-9.5,-10.3
94.70,brake,349.00,1.00,0.483,1,1882.1,432.6,0.0,0.0,0.40,-22.53,264,235,-1,4.8,14.8,32.2,51.0,0.37,0.11,1.00,0.00,0.00,0.00,-3.08,20.80,99,-1,0,3,3.9,0.03,0.483,0.676,1.01,0,26,0,40.6,240.6,244.2,245.3,0.00,1,-13.0,4.4
94.80,brake,349.20,0.80,0.462,1,1882.1,430.3,0.0,0.0,0.13,-24.03,260,229,-1,-1.2,8.8,30.0,50.0,0.32,0.08,1.00,0.00,0.00,0.00,-4.29,22.12,99,-1,0,3,6.4,-0.01,0.462,0.621,0.91,0,26,0,41.0,239.4,242.9,244.5,0.00,1,-16.8,16.0
94.90,brake,349.28,0.72,0.434,1,1882.1,430.3,0.0,0.0,0.13,-24.03,257,229,-1,-7.2,2.8,26.7,47.8,0.21,0.04,1.00,0.00,0.00,0.00,-5.74,23.33,99,-1,0,4,6.4,-0.04,0.434,0.532,0.75,0,26,0,40.4,236.8,240.9,243.6,0.00,1,-16.8,16.0
95.00,brake,349.46,0.54,0.399,1,1882.0,425.1,0.0,0.0,-0.57,-26.73,253,229,-1,-13.2,-3.2,22.5,44.4,0.08,-0.01,1.00,0.00,0.00,0.00,-7.24,24.40,99,-1,0,5,11.2,-0.07,0.399,0.433,0.60,0,26,0,39.0,232.7,238.3,242.6,0.00,1,-23.1,39.2
95.10,brake,349.66,0.34,0.364,1,1882.0,425.1,0.0,0.0,-0.57,-26.73,250,229,-1,-19.2,-9.2,18.0,40.0,-0.04,-0.03,1.00,0.00,0.00,0.00,-8.79,25.25,99,-1,0,6,11.2,-0.11,0.364,0.390,0.48,0,26,0,37.2,227.4,235.1,241.9,0.00,1,-23.1,39.2
95.20,brake,349.88,0.12,0.332,1,1881.8,419.5,0.0,0.0,-1.14,-28.56,248,235,-1,-25.2,-15.2,13.7,35.2,-0.14,-0.03,0.89,0.00,0.00,0.00,-9.81,26.00,99,-1,0,6,14.2,-0.13,0.332,0.403,0.43,0,26,0,35.2,221.2,231.2,241.5,0.00,1,-24.6,50.7
95.30,brake,350.20,-0.20,0.301,1,1881.7,416.6,0.0,0.0,-1.36,-29.10,246,235,-1,-31.2,-21.2,9.7,30.0,-0.23,-0.03,0.70,0.00,0.00,0.00,-10.78,26.48,99,-1,0,6,14.9,-0.15,0.301,0.406,0.43,0,26,0,33.2,214.6,226.5,241.4,0.00,1,-24.2,51.1
95.40,brake,350.30,-0.30,0.280,1,1881.6,413.7,0.0,0.0,-1.49,-29.38,244,235,-1,-32.0,-27.2,6.2,25.0,-0.24,-0.05,0.52,0.00,0.00,0.00,-11.63,26.71,99,-1,0,6,15.2,-0.17,0.280,0.398,0.46,0,26,0,31.3,208.0,221.1,241.6,0.00,1,-22.8,47.7
95.50,brake,350.49,-0.49,0.263,1,1881.6,413.7,0.0,0.0,-1.49,-29.38,242,235,-1,-31.0,-33.2,3.1,20.4,-0.19,-0.08,0.35,0.00,0.00,0.00,-12.35,26.70,99,-1,0,6,15.2,-0.19,0.263,0.372,0.47,0,26,0,29.6,201.9,215.3,242.1,0.00,1,-22.8,47.7
95.60,brake,350.64,-0.64,0.252,1,1881.2,407.8,0.0,0.0,-1.71,-29.42,242,242,-1,-30.1,-39.2,0.4,16.3,-0.12,-0.11,0.21,0.00,0.00,0.00,-12.38,26.81,99,-1,0,5,14.6,-0.20,0.253,0.343,0.44,0,26,0,28.1,196.5,209.1,242.9,0.00,1,-20.4,36.9
95.70,brake,350.77,-0.77,0.250,1,1881.1,404.9,0.0,0.0,-1.80,-29.27,242,242,-1,-29.4,-39.6,-1.9,12.8,-0.07,-0.11,0.10,0.00,0.00,0.00,-12.35,26.76,99,-1,0,4,13.5,-0.21,0.251,0.324,0.38,0,26,0,26.7,191.8,202.6,243.8,0.00,1,-18.4,31.8
95.80,brake,350.89,-0.89,0.250,1,1880.9,402.0,0.0,0.0,-1.89,-29.04,242,242,-1,-28.6,-40.0,-3.9,9.6,-0.03,-0.09,0.01,0.00,0.00,0.00,-12.25,26.64,99,-1,0,3,12.2,-0.21,0.251,0.302,0.26,0,26,0,25.4,187.8,196.1,244.7,0.00,1,-16.0,27.7
95.90,brake,350.92,-0.92,0.253,1,1880.9,402.0,0.0,0.0,-1.89,-29.04,242,242,-1,-28.0,-40.3,-5.6,6.9,0.01,-0.07,0.00,0.00,0.00,0.00,-12.10,26.46,99,-1,0,2,12.2,-0.20,0.253,0.284,0.07,0,26,0,24.3,184.4,189.6,245.7,0.00,1,-16.0,27.7
96.00,brake,350.95,-0.95,0.262,1,1880.5,396.2,0.0,0.0,-2.15,-28.48,242,247,-1,-27.4,-40.5,-7.0,4.4,0.04,-0.04,0.00,0.00,0.00,0.00,-11.53,26.44,99,-1,0,1,8.8,-0.19,0.262,0.291,-0.14,0,26,0,23.3,181.4,183.2,246.6,0.00,1,-10.9,22.6
96.10,brake,350.96,-0.96,0.268,1,1880.2,393.4,0.0,0.0,-2.29,-28.17,243,247,-1,-26.9,-40.7,-8.0,2.0,0.06,-0.00,0.00,0.00,0.00,0.00,-10.98,26.36,99,-1,0,0,6.9,-0.17,0.268,0.292,-0.28,0,26,0,22.4,178.7,176.9,247.4,0.00,1,-8.9,21.7
96.20,brake,350.95,-0.95,0.274,1,1880.2,393.4,0.0,0.0,-2.29,-28.17,244,247,-1,-26.5,-40.9,-8.9,-0.2,0.06,0.02,0.00,0.00,0.00,0.00,-10.45,26.26,99,-1,0,-0,6.9,-0.14,0.275,0.305,-0.40,0,26,0,21.8,176.2,170.6,248.0,0.00,1,-8.9,21.7
96.30,brake,350.91,-0.91,0.283,1,1879.7,387.8,0.0,0.0,-2.59,-27.51,244,247,-1,-26.2,-41.0,-9.6,-2.5,0.04,0.03,0.00,0.00,0.00,0.00,-9.89,26.14,99,-1,0,-1,3.1,-0.11,0.283,0.311,-0.54,0,26,0,21.3,173.7,164.2,248.5,0.00,1,-6.8,23.3
96.40,brake,350.89,-0.89,0.290,1,1879.7,387.8,0.0,0.0,-2.59,-27.51,245,249,-1,-26.0,-41.1,-10.3,-5.0,0.02,0.04,0.05,0.00,0.00,0.00,-9.24,26.04,99,-1,0,-1,3.1,-0.08,0.290,0.311,-0.64,0,26,0,21.1,171.1,157.9,248.8,0.00,1,-6.8,23.3
96.50,brake,350.85,-0.85,0.297,1,1879.2,382.4,0.0,0.0,-2.90,-26.71,246,249,-1,-25.9,-41.2,-11.0,-7.5,-0.00,0.03,0.11,0.00,0.00,0.00,-8.60,25.87,99,-1,0,-1,-0.1,-0.05,0.297,0.309,-0.71,0,26,0,21.0,168.3,151.8,249.0,0.00,1,-7.2,25.3
96.60,brake,350.81,-0.81,0.301,1,1878.9,379.8,0.0,0.0,-2.99,-26.24,247,249,-1,-25.9,-41.2,-11.8,-10.0,-0.01,0.02,0.18,0.00,0.00,0.00,-7.93,25.67,99,-1,0,-1,-1.4,-0.02,0.301,0.313,-0.71,0,26,0,21.1,165.5,146.3,249.0,0.00,1,-7.5,25.7
96.70,brake,350.77,-0.77,0.304,1,1878.6,377.2,0.0,0.0,-3.08,-25.71,247,249,-1,-26.0,-41.1,-12.7,-12.6,-0.02,0.00,0.25,0.00,0.00,0.00,-7.35,25.36,99,-1,0,-1,-2.2,0.00,0.304,0.315,-0.67,0,26,0,21.4,162.7,141.4,249.0,0.00,1,-7.8,25.8
96.80,brake,350.69,-0.69,0.309,1,1878.3,374.7,0.0,0.0,-3.21,-25.13,248,248,-1,-26.2,-41.1,-13.7,-15.2,-0.03,-0.01,0.33,0.00,0.00,0.00,-6.79,24.98,99,-1,0,-1,-2.7,0.02,0.309,0.327,-0.64,0,26,0,21.7,159.8,137.2,249.0,0.00,1,-8.1,25.9
96.90,brake,350.67,-0.67,0.315,1,1877.9,372.2,0.0,0.0,-3.30,-24.49,249,248,-1,-26.4,-41.0,-14.8,-17.8,-0.05,-0.02,0.42,0.00,0.00,0.00,-6.18,24.56,99,-1,0,-1,-2.8,0.03,0.315,0.342,-0.63,0,26,0,22.0,156.9,133.4,248.9,0.00,1,-8.3,25.8
97.00,brake,350.61,-0.61,0.323,1,1877.9,372.2,0.0,0.0,-3.30,-24.49,249,248,-1,-26.6,-40.9,-15.9,-20.3,-0.06,-0.03,0.50,0.00,0.00,0.00,-5.59,24.07,99,-1,0,-1,-2.8,0.03,0.323,0.360,-0.64,0,26,0,22.4,154.0,130.1,248.9,0.00,1,-8.3,25.8
97.10,brake,350.54,-0.54,0.333,1,1877.3,367.5,0.0,0.0,-3.47,-23.02,250,248,-1,-26.7,-40.8,-17.1,-22.9,-0.06,-0.04,0.59,0.00,0.00,0.00,-4.97,23.51,99,-1,0,-1,-2.2,0.03,0.333,0.373,-0.65,0,26,0,22.7,151.2,127.3,249.0,0.00,1,-7.6,24.0
97.20,brake,350.48,-0.48,0.342,1,1876.9,365.3,0.0,0.0,-3.56,-22.17,250,247,-1,-26.9,-40.8,-18.2,-25.3,-0.06,-0.03,0.66,0.00,0.00,0.00,-4.42,22.85,99,-1,0,-1,-1.7,0.02,0.342,0.381,-0.65,0,26,0,23.1,148.5,124.8,249.1,0.00,1,-6.9,22.3
97.30,brake,350.37,-0.37,0.354,1,1876.9,365.3,0.0,0.0,-3.56,-22.17,251,247,-1,-27.0,-40.7,-19.3,-27.5,-0.06,-0.03,0.74,0.00,0.00,0.00,-3.84,22.12,99,-1,0,-1,-1.7,0.00,0.354,0.388,-0.66,0,26,0,23.4,146.1,122.8,249.3,0.00,1,-6.9,22.3
97.40,brake,350.33,-0.33,0.364,1,1876.2,361.1,0.0,0.0,-3.69,-20.29,252,247,-1,-27.0,-40.7,-20.3,-29.5,-0.04,-0.03,0.80,0.00,0.00,0.00,-3.26,21.31,99,-1,0,-2,-0.4,-0.01,0.364,0.392,-0.66,0,26,0,23.6,144.0,120.9,249.5,0.00,1,-6.0,17.9
97.50,brake,350.26,-0.26,0.374,1,1875.8,359.1,0.0,0.0,-3.78,-19.27,252,247,-1,-27.0,-40.7,-21.3,-31.3,-0.03,-0.02,0.86,0.00,0.00,0.00,-2.63,20.46,99,-1,0,-2,0.1,-0.03,0.375,0.396,-0.67,0,26,0,23.7,142.1,119.4,249.8,0.00,1,-5.4,16.2
97.60,brake,350.19,-0.19,0.384,1,1875.4,357.3,0.0,0.0,-3.78,-18.18,253,246,-1,-27.0,-40.7,-22.1,-33.0,-0.03,-0.02,0.92,0.00,0.00,0.00,-2.03,19.53,99,-1,0,-2,0.3,-0.05,0.384,0.402,-0.64,0,26,0,23.8,140.3,118.0,250.1,0.00,1,-5.3,14.8
97.70,brake,350.12,-0.12,0.393,1,1875.0,355.5,0.0,0.0,-3.87,-17.06,254,246,-1,-27.0,-40.7,-23.0,-34.6,-0.03,-0.02,0.97,0.00,0.00,0.00,-1.50,18.51,99,-1,0,-3,0.3,-0.06,0.393,0.412,-0.60,0,26,0,23.8,138.8,116.8,250.5,0.00,1,-5.1,13.4
97.80,brake,350.02,-0.02,0.402,1,1875.0,355.5,0.0,0.0,-3.87,-17.06,254,246,-1,-27.0,-40.7,-23.8,-36.0,-0.02,-0.02,1.00,0.00,0.00,0.00,-0.88,17.47,99,-1,0,-3,0.3,-0.06,0.402,0.420,-0.56,0,26,0,23.9,137.4,115.7,250.8,0.00,1,-5.1,13.4
97.90,brake,349.99,0.01,0.409,1,1874.6,353.9,0.0,0.0,-3.91,-15.92,255,246,-1,-27.0,-40.7,-24.6,-37.2,-0.01,-0.02,1.00,0.00,0.00,0.00,-0.31,16.39,99,-1,0,-3,-0.1,-0.06,0.409,0.422,-0.51,0,26,0,24.0,136.1,114.8,251.1,0.00,1,-4.5,11.8
98.00,brake,349.94,0.06,0.414,1,1873.8,351.0,0.0,0.0,-4.04,-13.43,256,246,-1,-25.5,-38.7,-25.3,-38.2,-0.03,-0.04,1.00,0.00,0.00,0.00,0.23,15.22,99,-1,0,-3,-2.1,-0.05,0.414,0.439,-0.44,0,26,0,24.2,135.0,114.2,251.2,0.00,1,-2.9,8.6
98.10,brake,349.90,0.10,0.416,1,1873.4,349.8,0.0,0.0,-4.13,-12.14,257,246,-1,-22.7,-34.9,-26.0,-39.0,-0.06,-0.07,1.00,0.00,0.00,0.00,0.81,14.00,99,-1,0,-3,-3.4,-0.02,0.416,0.467,-0.32,0,26,0,24.5,134.1,113.8,251.1,0.00,1,-1.9,7.1
98.20,brake,349.87,0.13,0.418,1,1873.0,348.7,0.0,0.0,-4.13,-10.84,257,246,-1,-20.2,-31.1,-26.6,-39.6,-0.09,-0.10,1.00,0.00,0.00,0.00,1.36,12.75,99,-1,0,-3,-4.7,0.01,0.418,0.494,-0.23,0,26,0,25.0,133.3,113.7,250.9,0.00,1,-0.8,5.5
98.30,brake,349.84,0.16,0.419,1,1873.0,348.7,0.0,0.0,-4.13,-10.84,258,246,-1,-17.9,-27.4,-27.1,-40.0,-0.12,-0.12,1.00,0.00,0.00,0.00,1.79,11.47,99,-1,0,-3,-4.7,0.04,0.419,0.518,-0.16,0,26,0,25.7,132.6,113.9,250.6,0.00,1,-0.8,5.5
98.40,brake,349.84,0.16,0.418,1,1872.6,347.7,0.0,0.0,-4.22,-9.51,258,243,-1,-15.6,-23.6,-27.5,-40.1,-0.14,-0.14,1.00,0.00,0.00,0.00,2.18,10.18,99,-1,0,-2,-5.7,0.07,0.418,0.530,-0.08,0,26,0,26.5,132.2,114.4,250.0,0.00,1,0.8,3.6
98.50,align,349.84,0.16,0.250,1,1872.2,346.8,20.3,18.7,-4.31,-8.16,258,243,-1,-9.6,-20.1,-27.5,-39.8,-0.14,-0.18,1.00,0.00,0.00,0.00,2.57,8.86,99,-1,0,-8,-6.2,-0.03,0.250,0.379,-0.01,0,26,0,27.5,132.2,115.2,249.2,0.00,0,3.3,0.7
98.60,align,349.85,0.15,0.250,1,1871.7,346.1,20.8,19.4,-4.35,-6.84,258,243,-1,-3.6,-20.1,-27.0,-39.0,-0.08,-0.20,1.00,0.00,0.00,0.00,2.88,7.58,99,-1,0,-5,-6.5,0.04,0.250,0.361,-0.00,0,26,0,27.5,132.2,115.2,249.2,0.00,0,6.7,-3.1
98.70,align,349.83,0.17,0.256,1,1871.3,345.5,21.2,20.0,-4.39,-5.76,258,243,-1,2.4,-20.2,-26.0,-37.7,-0.01,-0.21,1.00,0.00,0.00,0.00,3.12,6.53,99,-1,0,-1,-6.4,0.10,0.256,0.343,-0.20,0,26,0,27.5,132.2,115.2,249.2,0.00,0,10.4,-7.2
98.80,align,349.77,0.23,0.283,1,1870.4,344.6,21.6,20.5,-4.39,-4.24,257,239,-1,8.4,-20.2,-24.6,-36.0,0.06,-0.22,1.00,0.00,0.00,0.00,3.14,5.89,99,-1,0,3,-6.1,0.18,0.284,0.396,-0.68,0,26,0,31.1,134.9,121.0,245.3,0.00,0,19.0,-12.7
98.90,align,349.68,0.32,0.308,1,1870.4,344.6,22.1,20.9,-4.39,-4.24,255,239,-1,14.4,-20.3,-22.5,-34.1,0.12,-0.20,0.95,0.00,0.00,0.00,3.19,5.21,99,-1,0,7,-6.1,0.27,0.309,0.440,-1.07,0,26,0,31.1,134.9,121.0,245.3,0.00,0,19.0,-12.7
99.00,align,349.56,0.44,0.331,1,1870.0,344.2,22.5,21.3,-4.48,-3.48,254,239,-1,19.7,-20.3,-19.9,-32.2,0.16,-0.17,0.87,0.00,0.00,0.00,3.35,4.58,99,-1,0,12,-5.7,0.35,0.333,0.465,-1.41,0,26,0,31.1,134.9,121.0,245.3,0.00,0,24.7,-13.4
99.10,align,349.42,0.58,0.348,1,1869.1,343.7,23.0,21.6,-4.48,-1.96,252,239,-1,19.8,-20.4,-16.8,-30.5,0.16,-0.07,0.78,0.00,0.00,0.00,3.45,3.94,99,-1,0,16,-2.3,0.42,0.352,0.446,-1.62,0,26,0,31.1,134.9,121.0,245.3,0.00,0,35.6,-10.1
99.20,align,349.28,0.72,0.359,1,1868.6,343.5,23.4,21.8,-4.48,-1.25,250,232,-1,19.4,-20.4,-13.0,-29.1,0.14,0.04,0.70,0.00,0.00,0.00,3.52,3.39,99,-1,0,20,0.7,0.45,0.364,0.435,-1.68,0,26,0,37.5,143.7,136.3,237.5,0.00,0,40.0,-6.6
99.30,align,349.07,0.93,0.367,1,1868.6,343.5,23.9,22.0,-4.48,-1.25,247,232,-1,19.2,-20.5,-8.8,-28.2,0.07,0.15,0.64,0.00,0.00,0.00,3.64,2.90,99,-1,0,23,0.7,0.45,0.371,0.459,-1.65,0,26,0,37.5,143.7,136.3,237.5,0.00,0,40.0,-6.6
99.40,align,349.01,0.99,0.366,1,1867.8,343.4,24.3,22.0,-4.09,-0.02,245,232,-1,18.8,-20.5,-4.3,-28.0,-0.02,0.23,0.61,0.00,0.00,0.00,3.66,2.44,99,-1,0,25,9.3,0.42,0.370,0.471,-1.52,0,26,0,37.5,143.7,136.3,237.5,0.00,0,42.0,2.5
99.50,align,348.89,1.11,0.361,1,1867.4,343.5,24.7,22.1,-3.65,0.51,242,232,-1,18.1,-20.6,0.4,-28.3,-0.10,0.30,0.61,0.00,0.00,0.00,3.60,1.93,99,-1,0,28,14.4,0.37,0.364,0.524,-1.28,0,26,0,37.5,143.7,136.3,237.5,0.00,0,38.8,4.8
99.60,align,348.79,1.21,0.352,1,1867.4,343.5,25.1,22.0,-3.65,0.51,240,230,-1,16.9,-20.6,5.0,-28.8,-0.14,0.35,0.64,0.00,0.00,0.00,3.40,1.41,99,-1,0,30,14.4,0.32,0.355,0.550,-1.00,0,26,0,40.0,154.5,150.4,232.7,0.00,0,38.8,4.8
99.70,align,348.70,1.30,0.347,1,1866.8,343.7,25.4,21.9,-2.37,1.36,237,230,-1,15.4,-20.6,9.4,-29.3,-0.14,0.37,0.68,0.00,0.00,0.00,3.10,0.87,99,-1,0,33,23.9,0.27,0.348,0.552,-0.78,0,26,0,40.0,154.5,150.4,232.7,0.00,0,25.8,3.4
99.80,align,348.57,1.43,0.346,1,1866.7,343.9,25.7,21.8,-1.58,1.74,235,230,-1,13.7,-20.7,13.1,-29.3,-0.09,0.36,0.71,0.00,0.00,0.00,2.73,0.24,99,-1,0,35,28.1,0.22,0.347,0.527,-0.66,0,26,0,40.0,154.5,150.4,232.7,0.00,0,16.4,-0.1
99.90,align,348.53,1.47,0.348,1,1866.6,344.1,25.8,21.6,-0.75,2.07,233,230,-1,12.0,-19.1,16.0,-28.8,-0.02,0.32,0.73,0.00,0.00,0.00,2.31,-0.44,99,-1,0,37,32.2,0.17,0.349,0.484,-0.62,0,26,0,40.0,154.5,150.4,232.7,0.00,0,6.2,-3.9
100.00,align,348.44,1.56,0.356,1,1866.6,344.1,25.9,21.4,-0.75,2.07,233,239,-1,10.6,-16.8,17.9,-27.6,0.06,0.25,0.72,0.00,0.00,0.00,1.84,-1.20,99,-1,0,37,32.2,0.10,0.356,0.482,-0.67,0,26,0,31.1,161.9,151.5,238.8,0.00,0,6.2,-3.9
100.10,align,348.35,1.65,0.365,1,1866.6,344.5,26.0,21.2,0.97,2.67,233,239,-1,9.2,-14.5,18.8,-25.7,0.14,0.16,0.68,0.00,0.00,0.00,1.37,-1.94,99,-1,0,37,40.3,0.02,0.365,0.485,-0.74,0,26,0,31.1,161.9,151.5,238.8,0.00,0,-14.7,-9.0
100.20,align,348.28,1.72,0.368,1,1866.8,344.8,25.9,21.0,1.76,2.96,233,239,-1,7.8,-12.1,18.6,-23.4,0.19,0.06,0.63,0.00,0.00,0.00,0.85,-2.71,99,-1,0,37,43.6,-0.06,0.368,0.468,-0.71,0,26,0,31.1,161.9,151.5,238.8,0.00,0,-23.6,-9.0
100.30,align,348.19,1.81,0.370,1,1867.0,345.1,25.7,20.7,2.46,3.22,233,239,-1,6.5,-9.7,17.6,-21.0,0.21,-0.05,0.55,0.00,0.00,0.00,0.38,-3.42,99,-1,0,37,46.1,-0.13,0.370,0.477,-0.64,0,26,0,31.1,161.9,151.5,238.8,0.00,0,-30.2,-7.2
100.40,align,348.18,1.82,0.365,1,1867.0,345.1,25.5,20.4,2.46,3.22,236,258,-1,5.6,-7.3,15.9,-18.8,0.19,-0.15,0.47,0.00,0.00,0.00,-0.23,-4.05,99,-1,0,34,46.1,-0.24,0.366,0.501,-0.47,0,26,0,11.8,164.3,126.6,258.2,0.00,0,-30.2,-7.2
100.50,align,348.17,1.83,0.355,1,1867.3,345.5,25.2,20.0,3.03,3.46,239,258,-1,4.8,-5.3,14.0,-17.1,0.12,-0.21,0.39,0.00,0.00,0.00,-0.79,-4.53,99,-1,0,31,47.8,-0.33,0.357,0.490,-0.23,0,26,0,11.8,164.3,126.6,258.2,0.00,0,-33.8,-3.8
100.60,align,348.18,1.82,0.343,1,1867.6,345.9,24.9,19.6,3.47,3.70,241,258,-1,4.1,-3.6,12.0,-16.0,0.03,-0.23,0.32,0.00,0.00,0.00,-1.25,-4.92,99,-1,0,29,48.5,-0.39,0.347,0.451,0.03,0,26,0,11.8,164.3,126.6,258.2,0.00,0,-34.0,0.3
100.70,align,348.23,1.77,0.330,1,1868.4,346.7,24.5,19.3,3.87,4.19,243,258,-1,3.8,-2.2,10.3,-15.4,-0.05,-0.21,0.28,0.00,0.00,0.00,-1.56,-5.19,99,-1,0,27,45.7,-0.42,0.333,0.439,0.31,0,26,0,11.8,164.3,126.6,258.2,0.00,0,-26.4,5.4
100.80,align,348.32,1.68,0.317,1,1868.8,347.1,24.1,18.8,3.87,4.45,248,281,-1,3.7,-0.7,9.0,-15.2,-0.11,-0.16,0.25,0.00,0.00,0.00,-2.06,-5.31,99,-1,0,22,42.3,-0.48,0.322,0.433,0.52,0,26,0,349.4,163.3,58.1,280.3,0.00,0,-21.0,4.9
100.90,align,348.36,1.64,0.309,1,1868.8,347.1,23.7,18.4,3.87,4.45,253,281,-1,3.7,0.6,8.1,-14.9,-0.14,-0.12,0.23,0.00,0.00,0.00,-2.40,-5.38,99,-1,0,17,42.3,-0.51,0.313,0.415,0.68,0,26,0,349.4,163.3,58.1,280.3,0.00,0,-21.0,4.9
101.00,align,348.45,1.55,0.298,1,1869.5,348.1,23.3,17.9,3.74,5.05,257,281,-1,3.8,2.0,7.6,-14.7,-0.14,-0.08,0.21,0.00,0.00,0.00,-2.66,-5.48,99,-1,0,13,33.1,-0.50,0.303,0.388,0.84,0,26,0,349.4,163.3,58.1,280.3,0.00,0,-11.7,0.3
101.10,align,348.55,1.45,0.290,1,1869.9,348.6,23.0,17.4,3.65,5.36,260,281,-1,3.9,3.4,7.3,-14.2,-0.12,-0.04,0.19,0.00,0.00,0.00,-2.85,-5.60,99,-1,0,10,27.6,-0.47,0.294,0.359,0.96,0,26,0,349.4,163.3,58.1,280.3,0.00,0,-8.5,-3.0
101.20,align,348.64,1.36,0.285,1,1870.2,349.1,22.6,16.9,3.52,5.64,266,296,-1,3.6,4.9,7.2,-13.5,-0.09,-0.03,0.17,0.00,0.00,0.00,-3.23,-5.62,99,-1,0,4,21.8,-0.47,0.289,0.337,0.99,0,26,0,334.3,163.3,31.9,294.9,0.00,0,-6.4,-6.2
101.30,align,348.76,1.24,0.283,1,1870.2,349.1,22.3,16.4,3.52,5.64,270,296,-1,3.3,6.3,7.0,-12.5,-0.06,-0.03,0.14,0.00,0.00,0.00,-3.54,-5.62,99,-1,0,-0,21.8,-0.44,0.286,0.321,0.96,0,26,0,334.3,163.3,31.9,294.9,0.00,0,-6.4,-6.2
101.40,align,348.80,1.20,0.285,1,1870.6,349.7,21.9,15.8,3.47,5.90,274,296,-1,2.7,7.6,6.8,-11.3,-0.02,-0.03,0.10,0.00,0.00,0.00,-3.89,-5.64,99,-1,0,-4,16.3,-0.41,0.288,0.309,0.89,0,26,0,334.3,163.3,31.9,294.9,0.00,0,-5.2,-9.5
101.50,align,348.87,1.13,0.286,1,1870.9,350.3,21.6,15.2,3.38,6.14,277,296,-1,2.1,8.9,6.5,-9.9,0.01,-0.03,0.06,0.00,0.00,0.00,-4.15,-5.65,99,-1,0,-7,10.9,-0.37,0.288,0.304,0.83,0,26,0,334.3,163.3,31.9,294.9,0.00,0,-4.2,-12.4
101.60,align,348.93,1.07,0.287,1,1871.3,351.0,21.2,14.5,3.34,6.35,281,300,-1,1.3,9.9,6.3,-8.4,0.03,-0.03,0.01,0.00,0.00,0.00,-4.49,-5.60,99,-1,0,-11,5.5,-0.33,0.288,0.311,0.77,0,26,0,329.5,168.0,19.8,300.1,0.00,0,-3.2,-14.2
101.70,align,348.98,1.02,0.286,1,1871.9,352.3,20.9,13.9,3.25,6.65,284,300,-1,0.6,10.8,6.0,-6.8,0.04,-0.02,0.00,0.00,0.00,0.00,-4.73,-5.54,99,-1,0,-14,-4.5,-0.29,0.287,0.312,0.75,0,26,0,329.5,168.0,19.8,300.1,0.00,0,-1.6,-15.5
101.80,align,349.06,0.94,0.282,1,1871.9,352.3,20.6,13.2,3.25,6.65,287,300,-1,-0.4,11.6,5.8,-5.3,0.04,-0.01,0.00,0.00,0.00,0.00,-5.01,-5.45,99,-1,0,-17,-4.5,-0.24,0.283,0.302,0.76,0,26,0,329.5,168.0,19.8,300.1,0.00,0,-1.6,-15.5
101.90,align,349.09,0.91,0.283,1,1872.3,352.9,20.2,12.6,3.25,6.72,289,300,-1,-1.2,12.1,5.7,-4.0,0.03,0.01,0.00,0.00,0.00,0.00,-5.23,-5.33,99,-1,0,-19,-8.5,-0.20,0.283,0.302,0.73,0,26,0,329.5,168.0,19.8,300.1,0.00,0,-0.4,-15.1
102.00,align,349.14,0.86,0.282,1,1872.9,354.3,19.9,11.9,3.25,6.79,290,297,-1,-1.9,12.5,5.7,-2.7,0.02,0.04,0.00,0.00,0.00,0.00,-5.37,-5.26,99,-1,0,-20,-15.5,-0.16,0.283,0.307,0.71,0,26,0,332.8,174.4,10.8,297.3,0.00,0,1.1,-13.4
102.10,align,349.19,0.81,0.281,1,1872.9,354.3,19.6,11.2,3.25,6.79,291,297,-1,-2.5,12.8,5.8,-1.5,0.01,0.05,0.00,0.00,0.00,0.00,-5.48,-5.17,99,-1,0,-21,-15.5,-0.11,0.282,0.305,0.69,0,26,0,332.8,174.4,10.8,297.3,0.00,0,1.1,-13.4
102.20,align,349.24,0.76,0.281,1,1873.6,355.7,19.3,10.5,3.34,6.77,292,297,-1,-3.2,13.1,5.8,-0.5,-0.01,0.05,0.00,0.00,0.00,0.00,-5.60,-5.06,99,-1,0,-22,-20.5,-0.07,0.281,0.305,0.67,0,26,0,332.8,174.4,10.8,297.3,0.00,0,-0.2,-11.3
102.30,align,349.30,0.70,0.281,1,1873.9,356.3,18.9,9.8,3.43,6.73,293,297,-1,-3.8,13.2,5.7,0.4,-0.02,0.05,0.00,0.00,0.00,0.00,-5.70,-4.94,99,-1,0,-23,-22.1,-0.05,0.281,0.307,0.62,0,26,0,332.8,174.4,10.8,297.3,0.00,0,-1.7,-10.6
102.40,align,349.32,0.68,0.285,1,1873.9,356.3,18.6,9.2,3.43,6.73,292,289,-1,-4.2,13.4,5.6,1.2,-0.02,0.04,0.00,0.00,0.00,0.00,-5.72,-4.93,99,-1,0,-22,-22.1,-0.00,0.285,0.308,0.53,0,26,0,340.7,179.3,2.1,289.4,0.00,0,-1.7,-10.6
102.50,align,349.35,0.65,0.287,1,1874.6,357.7,18.2,8.5,3.65,6.62,292,289,-1,-4.7,13.5,5.3,2.0,-0.02,0.02,0.00,0.00,0.00,0.00,-5.75,-4.89,99,-1,0,-22,-24.1,0.03,0.287,0.304,0.46,0,26,0,340.7,179.3,2.1,289.4,0.00,0,-4.3,-10.5
102.60,align,349.38,0.62,0.287,1,1875.0,358.3,17.9,7.8,3.78,6.54,291,289,-1,-5.2,13.5,4.9,2.9,-0.01,0.01,0.00,0.00,0.00,0.00,-5.82,-4.83,99,-1,0,-21,-24.5,0.05,0.287,0.296,0.44,0,26,0,340.7,179.3,2.1,289.4,0.00,0,-5.5,-10.4
102.70,align,349.41,0.59,0.285,1,1875.0,358.3,17.5,7.2,3.78,6.54,291,289,-1,-5.8,13.5,4.5,3.7,-0.00,0.01,0.00,0.00,0.00,0.00,-5.88,-4.73,99,-1,0,-21,-24.5,0.07,0.285,0.288,0.45,0,26,0,340.7,179.3,2.1,289.4,0.00,0,-5.5,-10.4
102.80,align,349.47,0.53,0.281,1,1875.8,359.6,17.1,6.5,3.96,6.31,289,280,-1,-5.9,13.6,4.1,4.5,0.00,-0.00,0.00,0.00,0.00,0.00,-5.79,-4.77,99,-1,0,-19,-24.5,0.10,0.281,0.282,0.50,0,26,0,350.5,183.8,338.3,279.5,0.00,0,-6.7,-9.7
102.90,align,349.49,0.51,0.277,1,1876.2,360.2,16.7,5.9,4.00,6.15,288,280,-1,-6.0,13.6,3.6,5.3,0.01,-0.01,0.00,0.00,0.00,0.00,-5.71,-4.78,99,-1,0,-18,-24.3,0.13,0.277,0.281,0.56,0,26,0,350.5,183.8,338.3,279.5,0.00,0,-7.1,-9.3
103.00,align,349.54,0.46,0.272,1,1876.6,360.8,16.3,5.3,4.04,6.00,287,280,-1,-6.0,13.6,3.1,6.1,0.01,-0.01,0.00,0.00,0.00,0.00,-5.60,-4.74,99,-1,0,-17,-23.3,0.15,0.273,0.280,0.61,0,26,0,350.5,183.8,338.3,279.5,0.00,0,-7.3,-9.0
103.10,align,349.59,0.41,0.267,1,1877.0,361.4,15.9,4.7,4.04,5.80,286,280,-1,-6.1,13.5,2.7,6.8,0.02,-0.01,0.00,0.00,0.00,0.00,-5.52,-4.68,99,-1,0,-16,-21.8,0.15,0.268,0.279,0.66,0,26,0,350.5,183.8,338.3,279.5,0.00,0,-7.3,-8.4
103.20,align,349.64,0.36,0.264,1,1877.0,361.4,15.5,4.1,4.04,5.80,283,270,-1,-5.8,13.5,2.2,7.6,0.02,-0.01,0.00,0.00,0.00,0.00,-5.28,-4.71,99,-1,0,-13,-21.8,0.17,0.265,0.277,0.68,0,26,0,0.0,187.6,269.9,270.0,0.00,0,-7.3,-8.4
103.30,align,349.71,0.29,0.264,1,1877.8,362.5,15.1,3.5,4.04,5.43,281,270,-1,-5.5,13.5,1.8,8.2,0.01,-0.02,0.00,0.00,0.00,0.00,-5.08,-4.71,99,-1,0,-11,-18.3,0.17,0.264,0.275,0.63,0,26,0,0.0,187.6,269.9,270.0,0.00,0,-7.1,-6.0
103.40,align,349.73,0.27,0.269,1,1878.2,363.0,14.7,3.0,4.04,5.23,280,270,-1,-5.3,13.4,1.3,8.7,-0.00,-0.02,0.00,0.00,0.00,0.00,-4.90,-4.67,99,-1,0,-10,-16.5,0.17,0.269,0.279,0.51,0,26,0,0.0,187.6,269.9,270.0,0.00,0,-6.4,-5.4
103.50,align,349.75,0.25,0.275,1,1878.2,363.0,14.3,2.5,4.04,5.23,278,270,-1,-5.1,13.3,1.0,9.2,0.00,-0.02,0.00,0.00,0.00,0.00,-4.75,-4.59,99,-1,0,-8,-16.5,0.16,0.275,0.283,0.37,0,26,0,0.0,187.6,269.9,270.0,0.00,0,-6.4,-5.4
103.60,align,349.76,0.24,0.279,1,1878.6,363.6,13.9,1.9,4.04,5.01,276,263,-1,-4.8,13.1,0.7,9.7,0.00,-0.01,0.00,0.00,0.00,0.00,-4.54,-4.57,99,-1,0,-6,-14.5,0.17,0.280,0.285,0.27,0,26,0,7.2,189.8,233.8,262.9,0.00,0,-5.3,-5.0
103.70,align,349.78,0.22,0.281,1,1879.0,364.0,13.5,1.5,3.96,4.78,274,263,-1,-4.3,12.9,0.5,10.2,0.01,-0.02,0.01,0.00,0.00,0.00,-4.27,-4.50,99,-1,0,-4,-12.4,0.17,0.281,0.291,0.23,0,26,0,7.2,189.8,233.8,262.9,0.00,0,-4.7,-4.8
103.80,align,349.81,0.19,0.278,1,1879.8,364.9,13.1,1.0,3.87,4.30,272,263,-1,-4.1,12.6,0.1,10.6,0.01,-0.03,0.02,0.00,0.00,0.00,-4.13,-4.38,99,-1,0,-2,-7.7,0.16,0.278,0.294,0.27,0,26,0,7.2,189.8,233.8,262.9,0.00,0,-4.9,-4.5
103.90,align,349.82,0.18,0.275,1,1879.8,364.9,12.7,0.6,3.87,4.30,271,263,-1,-3.8,12.3,-0.2,11.0,0.02,-0.04,0.04,0.00,0.00,0.00,-3.92,-4.24,99,-1,0,-1,-7.7,0.14,0.275,0.299,0.31,0,26,0,7.2,189.8,233.8,262.9,0.00,0,-4.9,-4.5
104.00,align,349.84,0.16,0.273,1,1880.5,365.7,12.3,0.2,3.69,3.79,269,259,-1,-3.3,11.9,-0.6,11.4,0.02,-0.05,0.05,0.00,0.00,0.00,-3.70,-4.11,99,-1,0,1,-3.5,0.13,0.273,0.300,0.33,0,26,0,10.9,191.3,226.1,259.3,0.00,0,-4.1,-3.3
104.10,align,349.86,0.14,0.274,1,1880.5,365.7,12.0,-0.2,3.69,3.79,267,259,-1,-3.0,11.5,-0.9,11.8,0.01,-0.05,0.06,0.00,0.00,0.00,-3.52,-3.95,99,-1,0,3,-3.5,0.12,0.274,0.300,0.29,0,26,0,10.9,191.3,226.1,259.3,0.00,0,-4.1,-3.3
104.20,align,349.88,0.12,0.276,1,1880.9,366.1,11.6,-0.6,3.60,3.55,266,259,-1,-2.7,11.1,-1.2,12.0,0.01,-0.04,0.07,0.00,0.00,0.00,-3.35,-3.79,99,-1,0,4,-1.8,0.12,0.276,0.299,0.23,0,26,0,10.9,191.3,226.1,259.3,0.00,0,-3.2,-2.6
104.30,align,349.88,0.12,0.281,1,1881.6,366.7,11.3,-0.9,3.38,3.04,265,259,-1,-2.5,10.6,-1.3,12.2,0.01,-0.03,0.08,0.00,0.00,0.00,-3.21,-3.59,99,-1,0,5,0.8,0.11,0.281,0.298,0.12,0,26,0,10.9,191.3,226.1,259.3,0.00,0,-0.4,-1.6
104.40,align,349.88,0.12,0.287,1,1881.9,367.0,10.9,-1.2,3.25,2.80,264,259,-1,-2.2,10.1,-1.3,12.4,0.01,-0.02,0.08,0.00,0.00,0.00,-3.04,-3.39,99,-1,0,6,2.2,0.11,0.287,0.298,0.02,0,26,0,11.5,192.1,226.6,258.8,0.00,0,0.9,-0.9
104.50,align,349.87,0.13,0.291,1,1882.2,367.3,10.6,-1.5,3.16,2.52,263,259,-1,-1.9,9.6,-1.3,12.4,0.00,-0.01,0.08,0.00,0.00,0.00,-2.89,-3.18,99,-1,0,7,3.2,0.10,0.292,0.296,-0.07,0,26,0,11.5,192.1,226.6,258.8,0.00,0,1.5,0.1
104.60,align,349.86,0.14,0.292,1,1882.2,367.3,10.3,-1.8,3.16,2.52,262,259,-1,-1.8,8.9,-1.2,12.4,-0.00,-0.00,0.08,0.00,0.00,0.00,-2.80,-2.92,99,-1,0,8,3.2,0.09,0.293,0.294,-0.08,0,26,0,11.5,192.1,226.6,258.8,0.00,0,1.5,0.1
104.70,align,349.86,0.14,0.291,1,1882.5,367.5,10.0,-2.0,3.03,2.24,262,259,-1,-1.6,8.2,-1.1,12.3,-0.00,-0.00,0.08,0.00,0.00,0.00,-2.67,-2.66,99,-1,0,8,4.4,0.08,0.291,0.294,-0.04,0,26,0,11.5,192.1,226.6,258.8,0.00,0,1.9,0.6
104.80,align,349.87,0.13,0.289,1,1883.1,367.9,9.7,-2.2,2.81,1.70,261,260,-1,-1.4,7.5,-1.0,12.1,-0.01,-0.00,0.07,0.00,0.00,0.00,-2.57,-2.38,99,-1,0,9,6.4,0.06,0.289,0.292,-0.01,0,26,0,9.7,192.0,231.2,260.5,0.00,0,2.6,1.6
104.90,align,349.87,0.13,0.287,1,1883.1,367.9,9.4,-2.4,2.81,1.70,261,260,-1,-1.4,6.9,-0.9,12.0,-0.00,0.00,0.07,0.00,0.00,0.00,-2.52,-2.12,99,-1,0,9,6.4,0.05,0.287,0.290,0.03,0,26,0,9.7,192.0,231.2,260.5,0.00,0,2.6,1.6
105.00,align,349.88,0.12,0.285,1,1883.4,368.0,9.1,-2.5,2.72,1.44,261,260,-1,-1.4,6.2,-0.7,11.8,-0.00,0.00,0.06,0.00,0.00,0.00,-2.46,-1.85,99,-1,0,9,6.9,0.04,0.285,0.288,0.06,0,26,0,9.7,192.0,231.2,260.5,0.00,0,2.8,1.8
105.10,align,349.90,0.10,0.283,1,1883.7,368.2,8.8,-2.7,2.64,1.20,261,260,-1,-1.4,5.5,-0.6,11.6,-0.00,0.01,0.05,0.00,0.00,0.00,-2.41,-1.60,99,-1,0,9,7.2,0.04,0.283,0.285,0.10,0,26,0,9.7,192.0,231.2,260.5,0.00,0,2.8,2.0
105.20,align,349.92,0.08,0.280,1,1883.9,368.3,8.6,-2.8,2.55,0.96,261,263,-1,-1.4,4.8,-0.5,11.3,0.00,0.01,0.04,0.00,0.00,0.00,-2.37,-1.34,99,-1,0,9,7.4,0.03,0.280,0.284,0.14,0,26,0,6.6,191.3,239.8,263.5,0.00,0,2.8,2.2
105.30,align,349.96,0.04,0.277,1,1884.4,368.4,8.3,-2.8,2.46,0.48,261,263,-1,-1.4,4.1,-0.4,11.1,0.01,0.01,0.04,0.00,0.00,0.00,-2.33,-1.07,99,-1,0,9,7.5,0.02,0.277,0.282,0.18,0,26,0,6.6,191.3,239.8,263.5,0.00,0,2.6,2.3
105.40,align,349.97,0.03,0.274,1,1884.6,368.4,8.1,-2.9,2.37,0.26,262,263,-1,-1.7,3.5,-0.3,10.9,0.01,0.01,0.03,0.00,0.00,0.00,-2.37,-0.83,99,-1,0,8,7.4,0.02,0.274,0.282,0.23,0,26,0,6.6,191.3,239.8,263.5,0.00,0,2.5,2.4
105.50,align,350.01,-0.01,0.270,1,1884.6,368.4,7.9,-2.9,2.37,0.26,262,263,-1,-1.7,2.9,-0.2,10.6,0.01,0.01,0.02,0.00,0.00,0.00,-2.31,-0.59,99,-1,0,8,7.4,0.01,0.270,0.280,0.27,0,26,0,6.6,191.3,239.8,263.5,0.00,0,2.5,2.4
105.60,align,350.04,-0.04,0.268,1,1885.1,368.4,7.6,-2.9,2.29,-0.15,263,267,-1,-2.0,2.2,-0.1,10.3,0.01,0.01,0.01,0.00,0.00,0.00,-2.35,-0.35,99,-1,0,7,7.3,-0.00,0.268,0.276,0.29,0,26,0,3.4,190.3,251.7,266.6,0.00,0,1.4,3.3
105.70,align,350.08,-0.08,0.268,1,1885.1,368.4,7.4,-2.9,2.29,-0.15,263,267,-1,-1.9,1.6,-0.1,10.0,0.01,-0.00,0.00,0.00,0.00,0.00,-2.29,-0.12,99,-1,0,7,7.3,-0.01,0.268,0.272,0.26,0,26,0,3.4,190.3,251.7,266.6,0.00,0,1.4,3.3
105.80,align,350.12,-0.12,0.269,1,1885.3,368.4,7.2,-2.9,2.29,-0.33,264,267,-1,-2.1,1.0,-0.1,9.6,-0.01,-0.01,0.00,0.00,0.00,0.00,-2.31,0.08,99,-1,0,6,7.4,-0.02,0.269,0.274,0.21,0,26,0,3.4,190.3,251.7,266.6,0.00,0,0.9,4.1
105.90,align,350.12,-0.12,0.273,1,1885.8,368.3,6.9,-2.9,2.20,-0.66,264,267,-1,-2.2,0.5,-0.2,9.0,-0.02,-0.01,0.00,0.00,0.00,0.00,-2.28,0.27,99,-1,0,6,7.2,-0.03,0.273,0.284,0.11,0,26,0,3.4,190.3,251.7,266.6,0.00,0,0.9,5.8
106.00,align,350.14,-0.14,0.276,1,1886.0,368.2,6.7,-2.8,2.20,-0.81,265,270,-1,-2.3,-0.1,-0.2,8.4,-0.02,-0.00,0.00,0.00,0.00,0.00,-2.25,0.46,99,-1,0,5,7.1,-0.04,0.276,0.285,0.04,0,26,0,0.5,188.4,266.9,269.5,0.00,0,1.3,5.1
106.10,align,350.15,-0.15,0.276,1,1886.0,368.2,6.5,-2.7,2.20,-0.81,266,270,-1,-2.4,-0.6,-0.2,7.9,-0.01,0.01,0.00,0.00,0.00,0.00,-2.25,0.64,99,-1,0,4,7.1,-0.05,0.276,0.285,0.03,0,26,0,0.5,188.4,266.9,269.5,0.00,0,1.3,5.1
106.20,align,350.16,-0.16,0.277,1,1886.2,368.1,6.3,-2.6,2.20,-0.96,266,270,-1,-2.6,-1.1,-0.1,7.5,-0.00,0.02,0.00,0.00,0.00,0.00,-2.26,0.81,99,-1,0,4,7.0,-0.06,0.277,0.285,0.01,0,26,0,0.5,188.4,266.9,269.5,0.00,0,1.7,4.6
106.30,align,350.18,-0.18,0.275,1,1886.6,367.9,6.1,-2.5,2.11,-1.22,267,270,-1,-2.5,-1.6,0.0,7.1,0.01,0.02,0.00,0.00,0.00,0.00,-2.17,0.96,99,-1,0,3,6.5,-0.07,0.276,0.286,0.02,0,26,0,0.5,188.4,266.9,269.5,0.00,0,1.7,3.9
106.40,align,350.19,-0.19,0.272,1,1886.6,367.9,5.9,-2.4,2.11,-1.22,268,272,-1,-2.6,-2.1,0.1,6.7,0.01,0.02,0.00,0.00,0.00,0.00,-2.16,1.13,99,-1,0,2,6.5,-0.08,0.272,0.284,0.08,0,26,0,357.7,186.7,289.2,272.3,0.00,0,1.7,3.9
106.50,align,350.21,-0.21,0.270,1,1887.1,367.6,5.6,-2.3,2.11,-1.45,268,272,-1,-2.7,-2.6,0.1,6.3,0.01,0.01,0.00,0.00,0.00,0.00,-2.15,1.28,99,-1,0,2,5.7,-0.09,0.270,0.278,0.11,0,26,0,357.7,186.7,289.2,272.3,0.00,0,0.1,4.7
106.60,align,350.23,-0.23,0.269,1,1887.1,367.6,5.4,-2.1,2.11,-1.45,269,272,-1,-2.9,-3.0,0.1,5.8,-0.00,0.00,0.00,0.00,0.00,0.00,-2.14,1.41,99,-1,0,1,5.7,-0.09,0.270,0.271,0.09,0,26,0,357.7,186.7,289.2,272.3,0.00,0,0.1,4.7
106.70,align,350.25,-0.25,0.269,1,1887.3,367.5,5.2,-2.0,2.11,-1.55,269,272,-1,-3.0,-3.4,-0.1,5.2,-0.01,-0.01,0.00,0.00,0.00,0.00,-2.13,1.53,99,-1,0,1,5.1,-0.09,0.269,0.281,0.08,0,26,0,357.7,186.7,289.2,272.3,0.00,0,-0.9,5.4
106.80,align,350.29,-0.29,0.267,1,1887.7,367.1,5.0,-1.8,2.11,-1.74,270,274,-1,-3.0,-3.9,-0.3,4.6,-0.02,-0.02,0.00,0.00,0.00,0.00,-2.10,1.66,99,-1,0,-0,3.4,-0.09,0.267,0.285,0.09,0,26,0,355.6,184.7,313.2,274.4,0.00,0,-1.9,5.7
106.90,align,350.30,-0.30,0.265,1,1887.9,367.0,4.8,-1.6,2.11,-1.79,271,274,-1,-3.1,-4.3,-0.5,4.1,-0.01,-0.02,0.00,0.00,0.00,0.00,-2.09,1.76,99,-1,0,-1,2.6,-0.08,0.265,0.279,0.13,0,26,0,355.6,184.7,313.2,274.4,0.00,0,-1.3,5.1
107.00,align,350.31,-0.31,0.266,1,1887.9,367.0,4.6,-1.5,2.11,-1.79,271,274,-1,-3.2,-4.6,-0.7,3.6,-0.01,-0.01,0.00,0.00,0.00,0.00,-2.07,1.84,99,-1,0,-1,2.6,-0.08,0.266,0.272,0.09,0,26,0,355.6,184.7,313.2,274.4,0.00,0,-1.3,5.1
107.10,align,350.32,-0.32,0.269,1,1888.3,366.6,4.4,-1.3,2.02,-1.85,272,274,-1,-3.2,-4.9,-0.6,3.1,-0.00,0.01,0.00,0.00,0.00,0.00,-2.01,1.89,99,-1,0,-2,0.7,-0.07,0.269,0.275,0.01,0,26,0,355.6,184.7,313.2,274.4,0.00,0,1.0,4.1
107.20,align,350.32,-0.32,0.275,1,1888.5,366.4,4.2,-1.1,2.02,-1.87,272,275,-1,-3.1,-5.1,-0.5,2.7,0.01,0.03,0.00,0.00,0.00,0.00,-1.95,1.92,99,-1,0,-2,-0.2,-0.06,0.275,0.289,-0.10,0,26,0,354.9,182.8,331.4,275.1,0.00,0,1.1,3.3
107.30,align,350.28,-0.28,0.282,1,1888.7,366.2,4.0,-0.9,1.93,-1.89,273,275,-1,-3.2,-5.3,-0.4,2.4,0.02,0.02,0.00,0.00,0.00,0.00,-1.93,1.96,99,-1,0,-3,-0.9,-0.05,0.282,0.297,-0.23,0,26,0,354.9,182.8,331.4,275.1,0.00,0,-0.2,3.0
107.40,align,350.27,-0.27,0.286,1,1888.7,366.2,3.8,-0.7,1.93,-1.89,273,275,-1,-3.0,-5.5,-0.5,2.1,0.02,0.00,0.00,0.00,0.00,0.00,-1.83,1.99,99,-1,0,-3,-0.9,-0.04,0.286,0.295,-0.30,0,26,0,354.9,182.8,331.4,275.1,0.00,0,-0.2,3.0
107.50,align,350.24,-0.24,0.290,1,1889.1,365.8,3.6,-0.5,1.93,-1.91,273,275,-1,-3.1,-5.7,-0.6,1.8,0.01,-0.01,0.00,0.00,0.00,0.00,-1.82,2.02,99,-1,0,-3,-2.2,-0.04,0.290,0.301,-0.35,0,26,0,354.9,182.8,331.4,275.1,0.00,0,-2.1,3.5
107.60,align,350.22,-0.22,0.290,1,1889.1,365.8,3.4,-0.3,1.93,-1.91,274,275,-1,-3.2,-5.8,-0.8,1.4,0.01,-0.02,0.00,0.00,0.00,0.00,-1.81,2.03,99,-1,0,-4,-2.2,-0.03,0.290,0.304,-0.33,0,26,0,355.5,181.5,341.9,274.5,0.00,0,-2.1,3.5
107.70,align,350.20,-0.20,0.287,1,1889.3,365.6,3.2,-0.1,1.93,-1.93,274,275,-1,-3.3,-6.0,-1.1,1.1,0.01,-0.03,0.00,0.00,0.00,0.00,-1.81,2.05,99,-1,0,-4,-2.5,-0.02,0.287,0.303,-0.26,0,26,0,355.5,181.5,341.9,274.5,0.00,0,-2.3,3.4
107.80,align,350.18,-0.18,0.285,1,1889.5,365.5,3.0,0.0,1.85,-1.93,274,275,-1,-3.1,-6.2,-1.4,0.7,0.01,-0.04,0.00,0.00,0.00,0.00,-1.71,2.05,99,-1,0,-4,-2.8,-0.02,0.285,0.303,-0.19,0,26,0,355.5,181.5,341.9,274.5,0.00,0,-2.6,3.4
107.90,align,350.18,-0.18,0.281,1,1889.7,365.3,2.8,0.2,1.85,-1.93,274,275,-1,-3.2,-6.3,-1.6,0.4,0.01,-0.04,0.00,0.00,0.00,0.00,-1.71,2.05,99,-1,0,-4,-3.0,-0.02,0.281,0.301,-0.13,0,26,0,355.5,181.5,341.9,274.5,0.00,0,-2.8,3.4
108.00,align,350.18,-0.18,0.279,1,1890.0,364.9,2.6,0.4,1.76,-1.91,274,273,-1,-3.1,-6.4,-1.9,0.0,0.00,-0.04,0.00,0.00,0.00,0.00,-1.63,2.05,99,-1,0,-4,-3.6,-0.01,0.279,0.295,-0.09,0,26,0,356.7,180.2,357.4,273.3,0.00,0,-1.7,4.1
108.10,align,350.17,-0.17,0.280,1,1890.0,364.9,2.5,0.6,1.76,-1.91,274,273,-1,-3.2,-6.5,-2.0,-0.4,-0.01,-0.02,0.00,0.00,0.00,0.00,-1.63,2.02,99,-1,0,-4,-3.6,-0.00,0.280,0.293,-0.10,0,26,0,356.7,180.2,357.4,273.3,0.00,0,-1.7,4.1
108.20,align,350.17,-0.17,0.282,1,1890.2,364.7,2.3,0.8,1.67,-1.89,274,273,-1,-3.0,-6.5,-2.0,-0.8,-0.01,-0.01,0.00,0.00,0.00,0.00,-1.55,1.99,99,-1,0,-4,-3.8,0.00,0.282,0.291,-0.13,0,26,0,356.7,180.2,357.4,273.3,0.00,0,-0.5,4.5
108.30,align,350.15,-0.15,0.285,1,1890.5,364.3,2.1,1.0,1.49,-1.83,274,273,-1,-2.9,-6.6,-1.9,-1.2,-0.01,0.01,0.00,0.00,0.00,0.00,-1.46,1.96,99,-1,0,-4,-4.3,0.01,0.285,0.293,-0.18,0,26,0,356.7,180.2,357.4,273.3,0.00,0,1.2,3.9
108.40,align,350.15,-0.15,0.284,1,1890.7,364.1,2.0,1.2,1.45,-1.79,273,272,-1,-2.7,-6.6,-1.8,-1.6,-0.01,0.01,0.00,0.00,0.00,0.00,-1.38,1.92,99,-1,0,-3,-4.4,0.02,0.284,0.294,-0.16,0,26,0,358.3,178.5,42.1,271.7,0.00,0,1.3,3.9
108.50,align,350.15,-0.15,0.281,1,1890.8,364.0,1.8,1.4,1.41,-1.74,273,272,-1,-2.7,-6.5,-1.7,-2.0,-0.02,0.01,0.00,0.00,0.00,0.00,-1.35,1.87,99,-1,0,-3,-4.4,0.03,0.281,0.293,-0.10,0,26,0,358.3,178.5,42.1,271.7,0.00,0,1.3,3.9
108.60,align,350.15,-0.15,0.278,1,1890.9,363.8,1.7,1.5,1.32,-1.68,273,272,-1,-2.7,-6.5,-1.6,-2.4,-0.02,0.01,0.00,0.00,0.00,0.00,-1.32,1.80,99,-1,0,-3,-4.5,0.03,0.278,0.291,-0.03,0,26,0,358.3,178.5,42.1,271.7,0.00,0,1.3,4.0
108.70,align,350.16,-0.16,0.274,1,1890.9,363.8,1.6,1.7,1.32,-1.68,273,272,-1,-2.6,-6.4,-1.5,-2.7,-0.02,0.01,0.00,0.00,0.00,0.00,-1.24,1.74,99,-1,0,-3,-4.5,0.04,0.274,0.288,0.03,0,26,0,358.3,178.5,42.1,271.7,0.00,0,1.3,4.0
108.80,align,350.18,-0.18,0.271,1,1891.1,363.6,1.4,1.9,1.32,-1.60,272,270,-1,-2.7,-6.3,-1.4,-3.1,-0.02,0.01,0.00,0.00,0.00,0.00,-1.25,1.66,99,-1,0,-2,-4.5,0.04,0.271,0.283,0.07,0,26,0,0.1,176.9,92.0,269.9,0.00,0,0.9,3.7
108.90,align,350.18,-0.18,0.271,1,1891.3,363.3,1.3,2.0,1.23,-1.45,272,270,-1,-2.6,-6.1,-1.5,-3.4,-0.02,-0.01,0.00,0.00,0.00,0.00,-1.18,1.57,99,-1,0,-2,-4.3,0.05,0.271,0.280,0.06,0,26,0,0.1,176.9,92.0,269.9,0.00,0,-0.2,2.1
109.00,align,350.19,-0.19,0.273,1,1891.3,363.3,1.2,2.2,1.23,-1.45,272,270,-1,-2.7,-6.0,-1.5,-3.5,-0.00,-0.01,0.00,0.00,0.00,0.00,-1.19,1.49,99,-1,0,-2,-4.3,0.05,0.273,0.278,0.02,0,26,0,0.1,176.9,92.0,269.9,0.00,0,-0.2,2.1
109.10,align,350.18,-0.18,0.277,1,1891.5,363.1,1.1,2.3,1.14,-1.26,271,270,-1,-2.6,-5.8,-1.6,-3.5,0.02,-0.01,0.00,0.00,0.00,0.00,-1.15,1.40,99,-1,0,-1,-3.6,0.05,0.277,0.289,-0.06,0,26,0,0.1,176.9,92.0,269.9,0.00,0,-0.5,-0.4
109.20,align,350.17,-0.17,0.279,1,1891.5,363.1,1.0,2.4,1.14,-1.26,271,268,-1,-2.6,-5.6,-1.6,-3.5,0.03,-0.01,0.00,0.00,0.00,0.00,-1.12,1.28,99,-1,0,-1,-3.6,0.05,0.279,0.295,-0.09,0,26,0,1.7,176.5,115.5,268.3,0.00,0,-0.5,-0.4
109.30,align,350.16,-0.16,0.277,1,1891.7,362.9,0.8,2.6,1.14,-1.18,271,268,-1,-2.7,-5.4,-1.7,-3.5,0.02,-0.01,0.00,0.00,0.00,0.00,-1.13,1.19,99,-1,0,-1,-3.3,0.06,0.277,0.289,-0.05,0,26,0,1.7,176.5,115.5,268.3,0.00,0,-0.4,-0.3
109.40,align,350.16,-0.16,0.278,1,1891.8,362.8,0.7,2.7,1.05,-1.11,270,268,-1,-2.6,-5.2,-1.7,-3.5,0.01,-0.00,0.00,0.00,0.00,0.00,-1.05,1.11,99,-1,0,-0,-2.7,0.05,0.278,0.282,-0.06,0,26,0,1.7,176.5,115.5,268.3,0.00,0,0.1,0.4
109.50,align,350.16,-0.16,0.278,1,1892.0,362.6,0.6,2.8,0.97,-0.98,270,268,-1,-2.7,-5.1,-1.6,-3.7,-0.01,0.00,0.00,0.00,0.00,0.00,-1.06,1.04,99,-1,0,0,-1.9,0.05,0.278,0.283,-0.07,0,26,0,1.7,176.5,115.5,268.3,0.00,0,0.7,2.0
109.60,align,350.16,-0.16,0.277,1,1892.0,362.6,0.5,2.9,0.97,-0.98,270,267,-1,-2.5,-4.9,-1.6,-3.9,-0.02,0.00,0.00,0.00,0.00,0.00,-0.97,0.97,99,-1,0,0,-1.9,0.05,0.277,0.287,-0.05,0,26,0,2.7,176.1,124.2,267.3,0.00,0,0.7,2.0
109.80,align,350.18,-0.18,0.270,1,1892.2,362.4,0.3,3.1,0.92,-0.80,269,267,-1,-2.5,-4.5,-1.5,-4.3,-0.03,0.00,0.00,0.00,0.00,0.00,-0.94,0.79,99,-1,0,1,-1.3,0.05,0.270,0.284,0.08,0,26,0,2.7,176.1,124.2,267.3,0.00,0,0.4,2.4
110.00,align,350.18,-0.18,0.273,1,1892.3,362.3,0.2,3.2,0.88,-0.60,268,267,-1,-2.5,-4.0,-1.5,-4.5,-0.01,-0.00,0.00,0.00,0.00,0.00,-0.89,0.58,99,-1,0,2,-0.5,0.04,0.273,0.276,0.00,0,26,0,3.1,175.5,124.2,266.9,0.00,0,0.1,0.4
110.20,align,350.16,-0.16,0.279,1,1892.6,362.2,-0.0,3.3,0.79,-0.32,268,267,-1,-2.4,-3.4,-1.5,-4.1,0.02,-0.01,0.00,0.00,0.00,0.00,-0.80,0.38,99,-1,0,2,0.5,0.03,0.279,0.291,-0.11,0,26,0,3.1,175.5,124.2,266.9,0.00,0,-0.3,-2.2
110.40,align,350.15,-0.15,0.273,1,1892.7,362.1,-0.2,3.3,0.70,-0.14,268,267,-1,-2.2,-2.9,-1.6,-3.6,0.03,-0.01,0.00,0.00,0.00,0.00,-0.71,0.20,99,-1,0,2,1.1,0.03,0.273,0.288,0.01,0,26,0,2.9,176.3,128.0,267.1,0.00,0,-0.3,-2.0
110.60,align,350.16,-0.16,0.271,1,1892.9,362.1,-0.3,3.4,0.62,-0.03,268,267,-1,-2.3,-2.6,-1.6,-3.4,0.00,0.00,0.00,0.00,0.00,0.00,-0.71,0.07,99,-1,0,2,2.0,0.02,0.271,0.271,0.04,0,26,0,2.9,176.3,128.0,267.1,0.00,0,0.5,-0.1
110.80,align,350.17,-0.17,0.270,1,1893.0,362.1,-0.4,3.4,0.57,0.08,268,268,-1,-2.1,-2.2,-1.4,-3.5,-0.02,0.01,0.00,0.00,0.00,0.00,-0.61,-0.05,99,-1,0,2,2.4,0.00,0.270,0.283,0.05,0,26,0,2.2,176.5,121.7,267.8,0.00,0,0.4,0.5
111.00,align,350.18,-0.18,0.269,1,1893.0,362.1,-0.5,3.4,0.53,0.14,268,268,-1,-1.9,-1.9,-1.4,-3.5,-0.01,-0.01,0.00,0.00,0.00,0.00,-0.52,-0.16,99,-1,0,2,2.6,-0.01,0.269,0.276,0.05,0,26,0,2.2,176.5,121.7,267.8,0.00,0,-0.1,-0.2
111.20,align,350.15,-0.15,0.277,1,1893.2,362.2,-0.6,3.3,0.44,0.32,268,269,-1,-1.8,-1.5,-1.4,-3.1,0.02,-0.01,0.00,0.00,0.00,0.00,-0.47,-0.28,99,-1,0,2,2.5,-0.01,0.277,0.289,-0.11,0,26,0,1.2,176.9,110.6,268.8,0.00,0,-0.5,-3.0
111.40,align,350.12,-0.12,0.278,1,1893.3,362.3,-0.7,3.2,0.40,0.42,268,269,-1,-1.7,-1.1,-1.4,-2.5,0.02,-0.01,0.00,0.00,0.00,0.00,-0.43,-0.39,99,-1,0,2,2.5,-0.01,0.278,0.290,-0.10,0,26,0,1.2,176.9,110.6,268.8,0.00,0,0.0,-2.0
111.60,align,350.10,-0.10,0.279,1,1893.3,362.4,-0.8,3.2,0.35,0.49,269,270,-1,-1.5,-0.8,-1.3,-2.2,-0.00,0.00,0.00,0.00,0.00,0.00,-0.34,-0.47,99,-1,0,1,2.5,-0.02,0.279,0.280,-0.11,0,26,0,0.2,177.8,94.1,269.8,0.00,0,0.7,-1.0
111.80,align,350.08,-0.08,0.275,1,1893.4,362.5,-0.9,3.1,0.26,0.57,269,270,-1,-1.4,-0.6,-1.2,-2.1,-0.01,-0.00,0.00,0.00,0.00,0.00,-0.30,-0.54,99,-1,0,1,2.5,-0.03,0.275,0.278,-0.03,0,26,0,0.2,177.8,94.1,269.8,0.00,0,0.4,-0.9
112.00,align,350.10,-0.10,0.268,1,1893.4,362.6,-0.9,2.9,0.26,0.62,269,271,-1,-1.3,-0.3,-1.1,-1.9,-0.01,-0.01,0.00,0.00,0.00,0.00,-0.26,-0.62,99,-1,0,1,2.3,-0.03,0.268,0.274,0.10,0,26,0,359.2,178.1,66.6,270.8,0.00,0,0.2,-0.8
112.20,align,350.13,-0.13,0.261,1,1893.5,362.7,-1.0,2.8,0.18,0.68,270,271,-1,-1.1,-0.0,-1.1,-1.7,-0.01,-0.01,0.00,0.00,0.00,0.00,-0.17,-0.68,99,-1,0,0,2.5,-0.05,0.261,0.266,0.20,0,26,0,359.2,178.1,66.6,270.8,0.00,0,0.2,-1.0
112.40,align,350.13,-0.13,0.273,1,1893.5,362.9,-1.0,2.7,0.18,0.74,270,272,-1,-1.1,0.2,-0.9,-1.4,0.01,0.00,0.00,0.00,0.00,0.00,-0.18,-0.72,99,-1,0,-0,2.4,-0.05,0.273,0.277,-0.04,0,26,0,358.2,178.6,38.0,271.8,0.00,0,0.7,-1.8
112.60,align,350.05,-0.05,0.293,1,1893.5,363.1,-1.0,2.5,0.09,0.77,271,272,-1,-0.9,0.4,-0.8,-1.1,0.01,-0.00,0.00,0.00,0.00,0.00,-0.10,-0.75,99,-1,0,-1,2.1,-0.06,0.293,0.296,-0.38,0,26,0,358.2,178.6,38.0,271.8,0.00,0,0.4,-1.5
112.80,align,349.99,0.01,0.289,1,1893.5,363.1,-1.0,2.4,0.09,0.77,271,273,-1,-0.9,0.5,-0.7,-0.8,0.00,-0.01,0.00,0.00,0.00,0.00,-0.10,-0.77,99,-1,0,-1,2.3,-0.07,0.289,0.293,-0.24,0,26,0,357.3,179.3,15.2,272.7,0.00,0,0.3,-1.6
113.00,align,349.97,0.03,0.283,1,1893.6,363.3,-1.1,2.2,0.09,0.79,272,273,-1,-0.9,0.7,-0.7,-0.5,0.00,-0.01,0.00,0.00,0.00,0.00,-0.11,-0.79,99,-1,0,-2,2.2,-0.08,0.283,0.289,-0.11,0,26,0,357.3,179.3,15.2,272.7,0.00,0,0.0,-1.5
113.20,align,349.96,0.04,0.277,1,1893.6,363.5,-1.1,2.1,0.00,0.79,272,274,-1,-0.7,0.8,-0.7,-0.2,0.00,-0.02,0.00,0.00,0.00,0.00,-0.03,-0.79,99,-1,0,-2,1.9,-0.08,0.277,0.285,0.03,0,26,0,356.5,179.8,2.5,273.5,0.00,0,-0.2,-1.3
113.40,align,349.99,0.01,0.269,1,1893.6,363.7,-1.1,1.9,-0.09,0.77,272,274,-1,-0.7,0.9,-0.7,0.1,0.00,-0.01,0.00,0.00,0.00,0.00,-0.03,-0.79,99,-1,0,-2,1.1,-0.08,0.269,0.275,0.16,0,26,0,356.5,179.8,2.5,273.5,0.00,0,0.5,-1.0
113.60,align,350.02,-0.02,0.266,1,1893.6,363.8,-1.1,1.7,-0.09,0.77,273,274,-1,-0.4,0.9,-0.5,0.2,-0.01,0.01,0.00,0.00,0.00,0.00,0.05,-0.77,99,-1,0,-3,0.7,-0.07,0.266,0.275,0.18,0,26,0,356.0,180.2,357.2,274.0,0.00,0,1.5,-0.4
113.80,align,350.04,-0.04,0.271,1,1893.5,363.9,-1.0,1.6,-0.09,0.75,273,274,-1,-0.4,0.9,0.0,0.2,-0.01,0.03,0.00,0.00,0.00,0.00,0.05,-0.75,99,-1,0,-3,-0.2,-0.06,0.271,0.289,0.07,0,26,0,356.0,180.2,357.2,274.0,0.00,0,2.8,0.0
114.00,align,350.02,-0.02,0.280,1,1893.5,364.1,-1.0,1.4,-0.09,0.75,273,274,-1,-0.4,1.0,0.1,0.2,-0.01,-0.01,0.00,0.00,0.00,0.00,0.04,-0.75,99,-1,0,-3,-2.2,-0.04,0.280,0.288,-0.09,0,26,0,356.3,180.2,356.8,273.7,0.00,0,-1.3,-0.8
114.20,align,349.99,0.01,0.282,1,1893.5,364.3,-1.0,1.3,-0.09,0.73,273,274,-1,-0.4,1.1,-0.3,0.5,0.01,-0.04,0.00,0.00,0.00,0.00,0.04,-0.75,99,-1,0,-3,-3.1,-0.01,0.282,0.301,-0.12,0,26,0,356.3,180.2,356.8,273.7,0.00,0,-2.2,-1.4
114.40,align,349.98,0.02,0.278,1,1893.5,364.4,-1.0,1.1,-0.09,0.71,273,273,-1,-0.4,1.1,-0.6,0.7,-0.00,-0.02,0.00,0.00,0.00,0.00,0.05,-0.72,99,-1,0,-3,-3.5,0.00,0.278,0.288,-0.02,0,26,0,357.5,180.7,343.7,272.5,0.00,0,-1.9,-1.3
114.60,align,349.97,0.03,0.281,1,1893.5,364.5,-1.0,1.0,-0.18,0.68,273,273,-1,-0.1,1.1,-0.6,0.9,0.01,-0.01,0.00,0.00,0.00,0.00,0.14,-0.69,99,-1,0,-3,-3.8,0.01,0.281,0.287,-0.08,0,26,0,357.5,180.7,343.7,272.5,0.00,0,0.4,-0.9
114.80,align,349.98,0.02,0.274,1,1893.4,364.7,-0.9,0.9,-0.26,0.59,273,271,-1,0.1,1.0,-0.5,1.1,0.01,-0.00,0.00,0.00,0.00,0.00,0.19,-0.64,99,-1,0,-3,-3.9,0.02,0.274,0.279,0.06,0,26,0,359.0,181.1,312.0,271.0,0.00,0,0.8,-0.8
115.00,align,350.00,-0.00,0.267,1,1893.3,364.8,-0.9,0.8,-0.26,0.54,272,271,-1,0.2,1.0,-0.3,1.3,0.01,-0.00,0.00,0.00,0.00,0.00,0.24,-0.58,99,-1,0,-2,-3.9,0.03,0.267,0.272,0.19,0,26,0,359.0,181.1,312.0,271.0,0.00,0,0.9,-0.5
115.20,align,350.04,-0.04,0.265,1,1893.3,364.8,-0.8,0.7,-0.26,0.51,272,269,-1,0.3,0.8,-0.1,1.3,-0.01,0.00,0.00,0.00,0.00,0.00,0.25,-0.51,99,-1,0,-2,-3.9,0.04,0.265,0.271,0.19,0,26,0,0.6,181.3,245.5,269.4,0.00,0,1.1,0.3
115.40,align,350.03,-0.03,0.281,1,1893.2,365.0,-0.8,0.6,-0.26,0.44,271,269,-1,0.3,0.8,0.2,1.1,-0.01,0.00,0.00,0.00,0.00,0.00,0.26,-0.47,99,-1,0,-1,-3.8,0.06,0.281,0.284,-0.12,0,26,0,0.6,181.3,245.5,269.4,0.00,0,0.8,-0.5
115.60,align,349.98,0.02,0.288,1,1893.2,365.0,-0.7,0.5,-0.26,0.42,270,268,-1,0.4,0.7,0.3,1.3,0.02,-0.00,0.00,0.00,0.00,0.00,0.26,-0.42,99,-1,0,-0,-3.6,0.06,0.288,0.297,-0.22,0,26,0,2.1,181.4,213.2,267.9,0.00,0,0.7,-1.4
115.80,align,349.95,0.05,0.282,1,1893.1,365.1,-0.7,0.4,-0.18,0.32,270,268,-1,0.4,0.6,0.4,1.6,0.03,-0.01,0.00,0.00,0.00,0.00,0.27,-0.36,99,-1,0,0,-3.0,0.07,0.282,0.294,-0.09,0,26,0,2.1,181.4,213.2,267.9,0.00,0,0.2,-1.2
116.00,align,349.96,0.04,0.276,1,1893.1,365.2,-0.6,0.3,-0.18,0.22,269,267,-1,0.2,0.3,0.4,1.8,0.02,-0.01,0.00,0.00,0.00,0.00,0.18,-0.27,99,-1,0,1,-2.1,0.07,0.276,0.287,0.04,0,26,0,3.3,181.8,209.4,266.7,0.00,0,-0.1,-0.4
116.20,align,349.99,0.01,0.269,1,1893.1,365.2,-0.6,0.3,-0.18,0.10,268,267,-1,0.2,0.0,0.5,1.8,0.00,-0.01,0.00,0.00,0.00,0.00,0.18,-0.16,99,-1,0,2,-1.0,0.06,0.270,0.273,0.14,0,26,0,3.3,181.8,209.4,266.7,0.00,0,0.4,1.4
116.40,align,350.02,-0.02,0.269,1,1893.0,365.2,-0.5,0.3,-0.18,0.05,268,266,-1,0.2,-0.3,0.6,1.3,-0.03,0.01,0.00,0.00,0.00,0.00,0.18,-0.05,99,-1,0,2,-0.5,0.05,0.269,0.284,0.13,0,26,0,3.7,181.4,200.3,266.3,0.00,0,0.9,2.5
116.60,align,350.03,-0.03,0.274,1,1893.0,365.2,-0.5,0.3,-0.18,-0.02,267,266,-1,0.2,-0.5,0.8,0.9,-0.01,0.01,0.00,0.00,0.00,0.00,0.17,0.03,99,-1,0,3,0.2,0.05,0.274,0.282,0.01,0,26,0,3.7,181.4,200.3,266.3,0.00,0,0.6,0.4
116.80,align,350.00,-0.00,0.282,1,1893.0,365.2,-0.5,0.3,-0.09,-0.04,267,266,-1,-0.0,-0.6,0.9,1.0,0.02,0.00,0.00,0.00,0.00,0.00,0.09,0.05,99,-1,0,3,0.7,0.04,0.282,0.292,-0.12,0,26,0,3.6,181.1,196.5,266.4,0.00,0,0.5,-0.7
117.00,align,350.00,0.00,0.278,1,1892.9,365.2,-0.5,0.3,-0.09,-0.11,267,266,-1,-0.0,-0.7,0.9,1.2,0.03,-0.01,0.00,0.00,0.00,0.00,0.08,0.08,99,-1,0,3,1.3,0.04,0.278,0.292,-0.03,0,26,0,3.6,181.1,196.5,266.4,0.00,0,-0.3,-0.8
117.20,align,350.01,-0.01,0.272,1,1892.9,365.2,-0.4,0.3,-0.09,-0.14,267,267,-1,-0.0,-0.9,0.8,1.3,0.02,-0.01,0.00,0.00,0.00,0.00,0.08,0.15,99,-1,0,3,1.8,0.03,0.272,0.282,0.07,0,26,0,3.0,181.3,203.9,267.0,0.00,0,-0.2,-0.3
117.40,align,350.01,-0.01,0.278,1,1892.9,365.1,-0.4,0.4,0.00,-0.24,267,267,-1,-0.3,-1.2,0.8,0.9,-0.02,-0.00,0.00,0.00,0.00,0.00,-0.01,0.22,99,-1,0,3,2.9,0.01,0.278,0.289,-0.05,0,26,0,3.0,181.3,203.9,267.0,0.00,0,-0.3,3.4
117.60,align,350.02,-0.02,0.276,1,1892.9,365.1,-0.4,0.4,0.00,-0.26,267,268,-1,-0.3,-1.3,0.7,0.2,-0.04,-0.01,0.00,0.00,0.00,0.00,-0.01,0.26,99,-1,0,3,3.1,-0.00,0.276,0.296,-0.01,0,26,0,1.9,180.2,186.4,268.1,0.00,0,-0.4,3.6
117.70,descend,350.02,-0.02,0.120,1,1892.9,365.0,-0.4,0.4,0.00,-0.25,267,268,-1,-0.3,-1.3,0.7,-0.1,-0.04,-0.00,0.00,0.00,0.00,0.00,-0.01,0.26,99,-1,0,3,3.3,-0.01,0.120,0.137,0.03,0,26,0,1.9,180.2,186.4,268.1,0.00,0,-0.1,2.4
117.80,descend,350.01,-253.51,0.120,1,1892.9,365.0,-0.4,0.5,0.00,-0.22,267,268,-1,-0.3,-1.3,0.7,-0.3,-0.02,-0.00,0.00,0.00,0.00,0.00,-0.01,0.25,99,-1,0,3,3.1,-0.01,0.120,0.130,-0.00,0,26,0,1.9,180.2,186.4,268.1,0.00,0,-0.2,0.8
118.00,descend,349.86,-253.36,0.120,1,1892.9,365.0,-0.4,0.5,0.00,-0.20,268,269,-1,-0.3,-1.3,0.6,-0.3,0.01,-0.00,0.00,0.00,0.00,0.00,-0.01,0.22,99,-1,0,2,3.3,-0.02,0.120,0.126,-1.01,0,26,0,0.6,179.7,151.5,269.4,0.00,0,-0.3,-0.3
118.20,descend,349.38,-252.88,0.120,1,1892.9,364.9,-0.4,0.5,0.00,-0.20,268,269,-1,-0.3,-1.2,0.5,-0.3,0.01,-0.01,0.00,0.00,0.00,0.00,-0.01,0.20,99,-1,0,2,3.1,-0.03,0.120,0.128,-2.60,0,26,0,0.6,179.7,151.5,269.4,0.00,0,-0.4,-0.4
118.40,descend,348.58,-252.08,0.120,1,1892.9,364.9,-0.4,0.6,0.09,-0.20,269,271,-1,-0.5,-1.2,0.5,-0.2,0.01,-0.01,0.00,0.00,0.00,0.00,-0.09,0.20,99,-1,0,1,3.1,-0.04,0.120,0.128,-4.15,0,26,0,359.4,179.8,16.5,270.6,0.00,0,-0.4,-0.4
118.60,descend,347.48,-250.98,0.120,1,1893.0,364.9,-0.5,0.6,0.09,-0.18,269,271,-1,-0.5,-1.2,0.4,-0.1,0.02,-0.01,0.00,0.00,0.00,0.00,-0.09,0.17,99,-1,0,1,3.0,-0.05,0.120,0.129,-5.68,0,26,0,359.4,179.8,16.5,270.6,0.00,0,-0.5,-0.4
118.80,descend,345.69,-249.19,0.120,1,1893.0,364.8,-0.5,0.7,0.09,-0.18,270,272,-1,-0.5,-1.2,0.3,-0.0,0.02,-0.01,0.00,0.00,0.00,0.00,-0.09,0.18,99,-1,0,0,3.0,-0.06,0.120,0.130,-7.18,0,26,0,358.1,180.0,0.9,271.9,0.00,0,-0.6,-0.4
119.00,descend,344.39,-247.89,0.120,1,1893.0,364.8,-0.5,0.7,0.09,-0.18,270,272,-1,-0.6,-1.3,0.2,0.1,0.02,-0.01,0.00,0.00,0.00,0.00,-0.09,0.18,99,-1,0,-0,2.9,-0.07,0.120,0.131,-8.66,0,26,0,358.1,180.0,0.9,271.9,0.00,0,-0.6,-0.4
119.20,descend,342.40,-245.90,0.120,1,1893.0,364.8,-0.5,0.7,0.09,-0.18,271,273,-1,-0.6,-1.3,0.0,0.1,0.02,-0.01,0.00,0.00,0.00,0.00,-0.08,0.18,99,-1,0,-1,2.7,-0.07,0.120,0.131,-10.10,0,26,0,357.0,180.1,358.1,273.0,0.00,0,-0.6,-0.2
119.40,descend,340.13,-243.63,0.120,1,1893.0,364.7,-0.5,0.8,0.04,-0.20,272,273,-1,-0.6,-1.3,-0.1,0.1,0.01,-0.01,0.00,0.00,0.00,0.00,-0.08,0.18,99,-1,0,-2,2.0,-0.08,0.120,0.130,-11.53,0,26,0,357.0,180.1,358.1,273.0,0.00,0,-0.5,0.2
119.60,descend,337.58,-241.08,0.120,1,1893.0,364.7,-0.5,0.8,0.00,-0.20,272,274,-1,-0.3,-1.4,-0.2,0.0,0.01,-0.01,0.00,0.00,0.00,0.00,0.01,0.20,99,-1,0,-2,1.3,-0.08,0.120,0.129,-12.92,0,26,0,356.2,180.1,359.2,273.8,0.00,0,-0.3,0.4
119.80,descend,334.76,-238.26,0.120,1,1893.0,364.6,-0.5,0.8,0.00,-0.20,273,274,-1,-0.3,-1.4,-0.2,-0.1,0.00,-0.01,0.00,0.00,0.00,0.00,0.01,0.20,99,-1,0,-3,0.8,-0.08,0.120,0.126,-14.30,0,26,0,356.2,180.1,359.2,273.8,0.00,0,-0.1,0.6
120.00,descend,331.67,-235.17,0.120,1,1893.0,364.6,-0.5,0.9,0.00,-0.20,273,274,-1,-0.3,-1.5,-0.2,-0.2,0.00,-0.01,0.00,0.00,0.00,0.00,0.01,0.20,99,-1,0,-3,0.6,-0.07,0.120,0.123,-15.65,0,26,0,355.8,179.8,2.7,274.2,0.00,0,-0.0,0.7
120.20,descend,328.31,-231.81,0.120,1,1893.0,364.6,-0.5,0.9,0.00,-0.20,273,274,-1,-0.3,-1.5,-0.2,-0.4,-0.00,-0.01,0.00,0.00,0.00,0.00,0.01,0.20,99,-1,0,-3,0.2,-0.07,0.120,0.123,-16.97,0,26,0,355.8,179.8,2.7,274.2,0.00,0,0.2,1.0
120.40,descend,324.69,-228.19,0.120,1,1893.0,364.5,-0.5,1.0,0.00,-0.20,274,274,-1,-0.3,-1.5,-0.1,-0.6,-0.00,-0.00,0.00,0.00,0.00,0.00,0.01,0.20,99,-1,0,-4,0.1,-0.07,0.120,0.123,-18.27,0,26,0,355.7,179.4,7.4,274.3,0.00,0,0.2,0.8
120.60,descend,320.82,-224.32,0.120,1,1893.0,364.5,-0.5,1.0,0.00,-0.20,274,274,-1,-0.2,-1.6,-0.1,-0.8,-0.01,-0.00,0.00,0.00,0.00,0.00,0.01,0.20,99,-1,0,-4,0.1,-0.08,0.120,0.124,-19.55,0,26,0,355.7,179.4,7.4,274.3,0.00,0,0.2,1.1
120.80,descend,316.69,-220.19,0.120,1,1893.0,364.5,-0.5,1.0,0.00,-0.18,274,274,-1,-0.2,-1.5,-0.1,-1.0,-0.01,-0.00,0.00,0.00,0.00,0.00,0.01,0.18,99,-1,0,-4,0.0,-0.08,0.120,0.125,-20.80,0,26,0,355.6,179.1,12.2,274.4,0.00,0,0.1,0.6
121.00,descend,312.32,-215.82,0.120,1,1893.0,364.4,-0.5,1.1,0.00,-0.15,274,274,-1,-0.2,-1.5,-0.1,-1.1,-0.01,-0.01,0.00,0.00,0.00,0.00,0.01,0.16,99,-1,0,-4,-0.2,-0.08,0.120,0.126,-22.02,0,26,0,355.6,179.1,12.2,274.4,0.00,0,0.1,1.0
121.20,descend,307.71,-211.21,0.120,1,1893.0,364.4,-0.5,1.1,0.00,-0.15,274,274,-1,-0.2,-1.5,-0.1,-1.3,-0.01,-0.01,0.00,0.00,0.00,0.00,0.01,0.15,99,-1,0,-4,-0.3,-0.08,0.120,0.126,-23.22,0,26,0,355.7,178.7,16.5,274.3,0.00,0,0.0,0.8
121.40,descend,302.86,-206.36,0.120,1,1893.0,364.4,-0.5,1.1,0.00,-0.11,274,274,-1,-0.3,-1.5,-0.0,-1.4,-0.01,-0.01,0.00,0.00,0.00,0.00,0.01,0.13,99,-1,0,-4,-0.6,-0.06,0.120,0.124,-24.38,0,26,0,355.7,178.7,16.5,274.3,0.00,0,0.1,0.3
121.60,descend,297.79,-201.29,0.120,1,1893.0,364.3,-0.5,1.1,0.00,-0.11,274,274,-1,-0.3,-1.4,-0.0,-1.4,-0.00,-0.00,0.00,0.00,0.00,0.00,0.01,0.11,99,-1,0,-4,-0.5,-0.06,0.120,0.123,-25.52,0,26,0,356.0,178.6,19.8,274.0,0.00,0,0.1,0.1
121.80,descend,292.49,-195.99,0.120,1,1893.0,364.3,-0.5,1.2,0.00,-0.10,274,274,-1,-0.3,-1.4,0.0,-1.5,-0.00,-0.00,0.00,0.00,0.00,0.00,0.01,0.10,99,-1,0,-4,-1.3,-0.06,0.120,0.123,-26.64,0,26,0,356.0,178.6,19.8,274.0,0.00,0,0.2,0.3
122.00,descend,286.97,-190.47,0.120,1,1893.0,364.3,-0.5,1.2,0.00,-0.09,274,274,-1,-0.3,-1.4,0.0,-1.5,-0.00,-0.00,0.00,0.00,0.00,0.00,0.01,0.09,99,-1,0,-4,-1.0,-0.06,0.120,0.124,-27.73,0,26,0,356.4,178.5,23.2,273.6,0.00,0,0.1,0.2
122.20,descend,281.24,-184.74,0.120,1,1893.0,364.3,-0.5,1.2,0.00,-0.09,274,274,-1,-0.3,-1.4,0.0,-1.6,-0.01,-0.01,0.00,0.00,0.00,0.00,0.01,0.09,99,-1,0,-4,-0.6,-0.05,0.120,0.125,-28.79,0,26,0,356.4,178.5,23.2,273.6,0.00,0,-0.0,0.2
122.40,descend,275.30,-178.80,0.120,1,1893.0,364.3,-0.5,1.2,0.00,-0.09,274,273,-1,-0.3,-1.4,-0.0,-1.6,-0.01,-0.01,0.00,0.00,0.00,0.00,0.01,0.09,99,-1,0,-4,-1.1,-0.05,0.120,0.125,-29.84,0,26,0,356.8,178.4,27.1,273.2,0.00,0,-0.1,0.3
122.60,descend,269.16,-172.66,0.120,1,1893.0,364.3,-0.5,1.2,0.00,-0.09,274,273,-1,-0.3,-1.4,-0.0,-1.7,-0.01,-0.01,0.00,0.00,0.00,0.00,0.01,0.09,99,-1,0,-4,-0.7,-0.06,0.120,0.126,-30.86,0,26,0,356.8,178.4,27.1,273.2,0.00,0,-0.2,0.3
122.80,descend,262.81,-166.31,0.120,1,1893.0,364.2,-0.5,1.3,0.00,-0.09,273,273,-1,-0.3,-1.4,-0.1,-1.8,-0.01,-0.01,0.00,0.00,0.00,0.00,0.01,0.09,99,-1,0,-3,-0.6,-0.06,0.120,0.127,-31.86,0,26,0,357.1,178.2,31.4,272.9,0.00,0,-0.2,0.3
123.00,descend,256.27,-159.77,0.120,1,1893.0,364.2,-0.5,1.3,0.00,-0.09,273,273,-1,-0.3,-1.4,-0.1,-1.9,-0.01,-0.01,0.00,0.00,0.00,0.00,0.01,0.09,99,-1,0,-3,-0.7,-0.06,0.120,0.128,-32.84,0,26,0,357.1,178.2,31.4,272.9,0.00,0,-0.3,0.4
123.20,descend,249.53,-153.03,0.120,1,1893.0,364.2,-0.5,1.3,0.00,-0.09,273,273,-1,-0.3,-1.5,-0.2,-1.9,-0.01,-0.01,0.00,0.00,0.00,0.00,0.00,0.09,99,-1,0,-3,-0.5,-0.05,0.120,0.130,-33.80,0,26,0,357.4,178.1,36.0,272.6,0.00,0,-0.4,0.4
123.40,descend,242.61,-146.11,0.120,1,1893.0,364.2,-0.5,1.3,0.00,-0.09,273,273,-1,-0.3,-1.5,-0.3,-2.0,-0.01,-0.02,0.00,0.00,0.00,0.00,0.00,0.09,99,-1,0,-3,-0.8,-0.05,0.120,0.131,-34.73,0,26,0,357.4,178.1,36.0,272.6,0.00,0,-0.7,0.7
123.60,descend,235.51,-139.01,0.120,1,1893.0,364.2,-0.5,1.3,0.00,-0.09,273,272,-1,-0.3,-1.5,-0.4,-2.1,-0.01,-0.02,0.00,0.00,0.00,0.00,0.00,0.09,99,-1,0,-3,-0.6,-0.05,0.120,0.133,-35.65,0,26,0,357.6,177.9,40.9,272.4,0.00,0,-0.5,0.5
123.80,descend,228.22,-131.72,0.120,1,1893.0,364.2,-0.5,1.3,0.00,-0.09,273,272,-1,-0.3,-1.5,-0.5,-2.2,-0.02,-0.02,0.00,0.00,0.00,0.00,0.00,0.09,99,-1,0,-3,-0.4,-0.05,0.120,0.134,-36.55,0,26,0,357.6,177.9,40.9,272.4,0.00,0,-0.5,0.5
124.00,descend,220.77,-124.27,0.120,1,1893.0,364.1,-0.5,1.4,0.00,-0.11,273,272,-1,-0.3,-1.6,-0.5,-2.2,-0.00,-0.00,0.00,0.00,0.00,0.00,0.01,0.11,99,-1,0,-3,-0.5,-0.04,0.120,0.122,-37.33,0,26,0,357.8,177.8,44.7,272.2,0.00,0,0.2,-0.2
124.20,descend,213.16,-116.66,0.120,1,1893.0,364.1,-0.5,1.4,0.00,-0.11,273,272,-1,-0.3,-1.6,-0.4,-2.1,0.00,0.00,0.00,0.00,0.00,0.00,0.00,0.11,99,-1,0,-3,-0.8,-0.04,0.120,0.121,-38.15,0,26,0,357.8,177.8,44.7,272.2,0.00,0,0.7,-0.5
124.40,descend,205.38,-108.88,0.120,1,1893.0,364.1,-0.5,1.4,0.00,-0.12,272,272,-1,-0.3,-1.6,-0.3,-2.0,0.00,0.00,0.00,0.00,0.00,0.00,0.01,0.12,99,-1,0,-2,-0.9,-0.03,0.120,0.121,-38.99,0,26,0,358.1,178.0,46.2,271.9,0.00,0,0.8,-0.5
124.60,descend,197.44,-100.94,0.120,1,1893.0,364.0,-0.5,1.4,0.00,-0.13,272,272,-1,-0.3,-1.7,-0.2,-1.9,0.00,0.00,0.00,0.00,0.00,0.00,0.01,0.13,99,-1,0,-2,-0.7,-0.03,0.120,0.121,-39.81,0,26,0,358.1,178.0,46.2,271.9,0.00,0,0.5,-0.4
124.80,descend,189.34,-92.84,0.135,1,1893.0,364.0,-0.5,1.5,0.00,-0.15,272,272,-1,-0.3,-1.8,-0.1,-1.9,0.00,0.00,0.00,0.00,0.00,0.00,0.01,0.15,99,-1,0,-2,-0.3,-0.03,0.135,0.136,-40.61,0,26,0,358.3,178.1,48.5,271.7,0.00,0,0.2,-0.2
125.00,descend,181.09,-84.59,0.268,1,1893.0,364.0,-0.5,1.5,0.00,-0.15,272,272,-1,-0.3,-1.8,-0.0,-1.8,0.00,-0.00,0.00,0.00,0.00,0.00,0.01,0.15,99,-1,0,-2,0.0,-0.04,0.268,0.269,-41.29,0,26,0,358.3,178.1,48.5,271.7,0.00,0,0.0,0.0
125.20,descend,172.88,-76.38,0.365,1,1893.0,364.0,-0.5,1.5,0.00,-0.11,272,271,-1,-0.3,-1.8,0.1,-1.9,-0.01,0.00,0.00,0.00,0.00,0.00,0.00,0.13,99,-1,0,-2,-0.6,-0.02,0.365,0.368,-41.00,0,26,0,358.5,178.1,52.0,271.5,0.00,0,0.7,0.7
125.40,descend,164.86,-68.36,0.434,1,1893.0,364.0,-0.5,1.5,0.00,-0.09,272,271,-1,-0.3,-1.6,0.1,-2.0,-0.01,0.00,0.00,0.00,0.00,0.00,0.00,0.09,99,-1,0,-2,-0.6,-0.02,0.434,0.439,-39.98,0,26,0,358.5,178.1,52.0,271.5,0.00,0,0.5,0.7
125.60,descend,157.17,-60.67,0.470,1,1893.0,363.9,-0.5,1.6,0.00,-0.02,272,271,-1,-0.3,-1.5,0.1,-1.9,0.00,-0.01,0.00,0.00,0.00,0.00,0.00,0.02,99,-1,0,-2,-0.5,-0.02,0.470,0.472,-38.20,0,26,0,358.7,178.1,56.4,271.3,0.00,0,-0.1,-0.5
125.80,descend,149.91,-53.41,0.486,1,1893.0,363.9,-0.5,1.6,0.00,0.05,272,271,-1,-0.3,-1.2,0.0,-1.9,-0.00,-0.01,0.00,0.00,0.00,0.00,-0.00,-0.05,99,-1,0,-2,-0.5,-0.02,0.486,0.493,-36.03,0,26,0,358.7,178.1,56.4,271.3,0.00,0,-0.7,-0.4
126.00,descend,143.16,-46.66,0.480,1,1893.0,364.0,-0.5,1.5,0.00,0.14,271,271,-1,-0.3,-0.9,-0.1,-1.9,-0.01,-0.02,0.00,0.00,0.00,0.00,-0.00,-0.14,99,-1,0,-1,-0.5,-0.02,0.480,0.492,-33.43,0,26,0,358.9,178.2,58.3,271.1,0.00,0,-1.4,-0.1
126.20,descend,136.92,-40.42,0.474,1,1893.0,364.0,-0.5,1.5,0.00,0.23,271,271,-1,-0.3,-0.7,-0.4,-1.9,-0.02,-0.03,0.00,0.00,0.00,0.00,-0.01,-0.23,99,-1,0,-1,-0.3,-0.02,0.474,0.493,-30.88,0,26,0,358.9,178.2,58.3,271.1,0.00,0,-1.4,0.1
126.40,descend,131.16,-34.66,0.474,1,1893.0,364.1,-0.5,1.4,-0.09,0.34,271,271,-1,-0.1,-0.4,-0.6,-1.8,-0.01,-0.02,0.00,0.00,0.00,0.00,0.08,-0.31,99,-1,0,-1,-1.5,-0.01,0.474,0.485,-28.48,0,26,0,359.0,178.2,61.7,271.0,0.00,0,0.4,-0.9
126.60,descend,125.85,-29.35,0.482,1,1893.0,364.1,-0.5,1.4,-0.09,0.37,271,271,-1,-0.1,-0.1,-0.4,-1.6,-0.00,0.02,0.00,0.00,0.00,0.00,0.08,-0.38,99,-1,0,-1,-1.6,0.01,0.482,0.489,-26.25,0,26,0,359.0,178.2,61.7,271.0,0.00,0,1.4,-0.8
126.80,descend,121.01,-24.51,0.483,1,1893.0,364.3,-0.5,1.3,-0.18,0.46,271,270,-1,0.2,0.1,0.0,-1.4,-0.00,0.02,0.00,0.00,0.00,0.00,0.17,-0.44,99,-1,0,-1,-2.3,0.02,0.484,0.492,-23.89,0,26,0,359.8,178.6,82.2,270.2,0.00,0,2.0,-0.9
127.00,descend,116.65,-20.15,0.484,1,1892.9,364.4,-0.4,1.2,-0.18,0.51,271,270,-1,0.2,0.3,0.4,-1.3,-0.01,0.02,0.00,0.00,0.00,0.00,0.17,-0.49,99,-1,0,-1,-2.1,0.03,0.484,0.494,-21.53,0,26,0,359.8,178.6,82.2,270.2,0.00,0,1.6,-0.7
127.20,descend,112.74,-16.24,0.487,1,1892.9,364.4,-0.4,1.1,-0.13,0.53,270,269,-1,0.1,0.5,0.7,-1.1,-0.01,0.02,0.00,0.00,0.00,0.00,0.13,-0.53,99,-1,0,-0,-2.0,0.03,0.487,0.497,-19.22,0,26,0,0.6,178.9,120.1,269.4,0.00,0,1.3,-0.6
127.40,descend,109.29,-12.79,0.492,1,1892.9,364.5,-0.4,1.0,-0.09,0.56,270,269,-1,-0.0,0.7,0.8,-1.0,-0.01,0.01,0.00,0.00,0.00,0.00,0.09,-0.56,99,-1,0,-0,-1.7,0.03,0.492,0.502,-16.96,0,26,0,0.6,178.9,120.1,269.4,0.00,0,0.8,-0.4
127.60,descend,106.29,-9.79,0.501,1,1892.9,364.7,-0.4,0.9,0.00,0.59,270,269,-1,-0.3,0.8,0.9,-1.0,-0.02,0.01,0.00,0.00,0.00,0.00,0.00,-0.59,99,-1,0,0,-1.4,0.03,0.501,0.511,-14.74,0,26,0,1.3,179.0,143.1,268.7,0.00,0,0.1,-0.1
127.80,descend,103.72,-7.22,0.515,1,1892.9,364.8,-0.4,0.7,0.09,0.62,270,269,-1,-0.2,1.0,0.9,-1.0,-0.02,-0.00,0.00,0.00,0.00,0.00,0.01,-0.62,99,-1,0,0,-1.3,0.03,0.515,0.524,-12.57,0,26,0,1.3,179.0,143.1,268.7,0.00,0,-0.5,0.0
128.00,descend,101.58,-5.08,0.549,1,1892.9,365.0,-0.4,0.6,0.09,0.66,269,268,-1,-0.5,1.1,0.7,-1.0,-0.03,-0.01,0.00,0.00,0.00,0.00,-0.08,-0.64,99,-1,0,1,-0.6,0.04,0.549,0.561,-10.44,0,26,0,1.8,179.0,151.0,268.2,0.00,0,-1.0,-0.7
128.20,descend,99.89,-3.39,0.571,1,1892.9,365.1,-0.4,0.5,0.09,0.70,269,268,-1,-0.5,1.4,0.5,-0.7,0.00,-0.01,0.00,0.00,0.00,0.00,-0.07,-0.70,99,-1,0,1,0.8,0.02,0.571,0.578,-8.11,0,26,0,1.8,179.0,151.0,268.2,0.00,0,-1.1,-1.7
128.40,descend,98.83,-2.33,0.370,1,1892.9,365.2,-0.4,0.3,0.09,0.65,269,268,-1,-0.5,1.4,0.4,-0.5,-0.02,-0.00,0.00,0.00,0.00,0.00,-0.07,-0.68,99,-1,0,1,1.4,-0.00,0.370,0.379,-4.87,0,26,0,1.5,179.5,162.2,268.5,0.00,0,0.1,0.7
128.60,descend,98.22,-1.72,0.297,1,1892.9,365.3,-0.4,0.2,0.00,0.57,269,268,-1,-0.5,1.3,0.5,-0.8,-0.06,0.02,0.00,0.00,0.00,0.00,-0.07,-0.60,99,-1,0,1,1.5,-0.00,0.297,0.330,-2.91,0,26,0,1.5,179.5,162.2,268.5,0.00,0,2.0,2.5
128.80,descend,97.81,-1.31,0.249,1,1892.9,365.4,-0.4,0.1,0.00,0.55,269,269,-1,-0.3,1.2,1.1,-1.3,-0.06,0.05,0.00,0.00,0.00,0.00,0.01,-0.55,99,-1,0,1,1.7,-0.01,0.249,0.295,-1.99,0,26,0,0.9,178.8,127.3,269.1,0.00,0,2.8,2.2
129.00,descend,97.46,-0.96,0.238,1,1892.9,365.5,-0.4,-0.0,-0.04,0.51,269,269,-1,-0.1,1.1,1.8,-1.6,-0.06,0.08,0.00,0.00,0.00,0.00,0.05,-0.50,99,-1,0,1,2.3,-0.02,0.238,0.293,-1.78,0,26,0,0.9,178.8,127.3,269.1,0.00,0,4.0,1.9
129.20,descend,97.10,-0.60,0.239,1,1892.9,365.6,-0.4,-0.1,-0.18,0.38,269,270,-1,-0.0,1.0,2.7,-2.0,-0.07,0.09,0.00,0.00,0.00,0.00,0.10,-0.43,99,-1,0,1,2.3,-0.03,0.239,0.301,-1.81,0,26,0,0.1,178.0,91.4,269.9,0.00,0,4.6,2.6
129.30,capture,96.93,-0.43,0.330,1,1892.9,365.6,-0.4,-0.1,-0.18,0.38,269,270,-1,0.3,0.8,3.2,-2.3,-0.08,0.10,0.00,0.00,0.00,0.00,0.18,-0.38,99,-1,0,1,2.3,-0.03,0.330,0.399,-1.78,0,26,0,0.1,178.0,91.4,269.9,0.00,0,4.6,2.6
129.40,capture,96.93,-0.43,0.228,1,1892.7,365.8,-0.2,-0.3,-4.20,3.80,269,270,-1,3.0,2.6,3.0,-2.2,-0.04,-0.03,0.00,0.00,0.00,0.00,4.25,-3.74,99,-1,0,1,0.7,0.00,0.228,0.255,0.23,0,26,0,0.1,178.0,91.4,269.9,0.00,0,-0.1,-0.0
129.60,capture,96.68,-0.18,0.312,1,1892.5,365.5,-0.0,-0.2,-0.05,-0.98,269,270,-1,3.0,-3.4,0.0,-0.0,0.23,-0.32,0.00,0.00,0.00,0.00,1.27,1.55,99,-1,0,1,0.0,0.04,0.312,0.532,-1.26,0,26,0,0.0,180.0,84.2,270.0,0.00,0,0.0,0.0
129.80,capture,96.50,-0.00,0.258,1,1892.5,365.5,0.0,-0.0,0.00,0.00,270,270,-1,-0.0,-0.4,0.0,-0.0,-0.00,-0.01,0.00,0.00,0.00,0.00,0.00,0.00,99,-1,0,0,0.0,0.01,0.258,0.261,0.00,0,26,0,0.0,180.0,84.2,270.0,0.00,0,-0.0,-0.0
130.00,capture,96.50,-0.00,0.258,1,1892.5,365.5,0.0,-0.0,0.00,0.00,270,270,-1,-0.0,-0.4,0.0,-0.0,-0.00,-0.01,0.00,0.00,0.00,0.00,0.00,0.00,99,-1,0,0,0.0,0.01,0.258,0.261,0.00,0,26,0,0.0,180.0,0.0,270.0,0.00,0,-0.0,-0.0
130.20,capture,96.50,-0.00,0.258,1,1892.5,365.5,0.0,-0.0,0.00,0.00,270,270,-1,-0.0,-0.4,0.0,-0.0,-0.00,-0.01,0.00,0.00,0.00,0.00,0.00,0.00,99,-1,0,0,0.0,0.00,0.258,0.261,0.00,0,26,0,0.0,180.0,0.0,270.0,0.00,0,-0.0,-0.0
130.40,capture,96.50,-0.00,0.258,1,1892.5,365.5,0.0,-0.0,0.00,0.00,270,270,-1,-0.0,-0.4,0.0,-0.0,-0.00,-0.01,0.00,0.00,0.00,0.00,0.00,0.00,99,-1,0,0,0.0,0.00,0.258,0.261,0.00,0,26,0,0.0,180.0,0.0,270.0,0.00,0,-0.0,-0.0
130.60,capture,96.50,-0.00,0.258,1,1892.5,365.5,0.0,-0.0,0.00,0.00,270,270,-1,-0.0,-0.4,-0.0,-0.0,-0.00,-0.01,0.00,0.00,0.00,0.00,0.00,0.00,99,-1,0,0,0.0,0.00,0.258,0.261,0.00,0,26,0,0.0,180.0,0.0,270.0,0.00,0,-0.0,-0.0
130.70,docked,96.50,-0.00,0.000,1,1892.5,365.5,0.0,-0.0,0.00,0.00,270,270,-1,-0.0,-0.4,-0.0,-0.0,-0.00,-0.01,0.00,0.00,0.00,0.00,0.00,0.00,99,-1,1,0,0.0,0.00,0.000,0.000,0.00,0,26,0,0.0,180.0,0.0,270.0,0.00,0,-0.0,-0.0
130.70,end:ok:control,0,0,0,0,0,0,0,0,0,0,0,0,0,0,0,0,0,0,0,0,0,0,0,0,0,0,0,0,0,0,0,0,0,0,0,0,0,0,0,0,0,0,0,0,0
