t,phase,height,err,pwr,gps,x,z,ex,ez,vxw,vzw,hdg,rawhdg,mothdg,tp,tr,p,r,vx,vy,sched,fwdRaw,latRaw,vrtRaw,fwdH,latH,energy,fuel,sat,yerr,yrate,ydem,athr,amax,vv,dockc,npers,chg,nav1,nav0,nav2,trihdg,trires,aimq,wx,wz
0.00,climb,68.45,281.55,1.000,1,2404.8,2593.6,87.7,771.9,0.00,0.00,29,29,-1,0.0,0.0,-0.8,1.2,0.01,-0.01,0.00,0.00,0.00,0.00,0.00,0.00,-1,-1,1,2,0.0,0.03,1.000,1.000,0.00,0,0,0,240.9,359.7,359.8,29.1,0.00,0,0.0,0.0
0.10,climb,68.45,281.55,1.000,1,2404.8,2593.6,87.7,771.9,0.00,0.00,29,29,-1,0.0,0.0,-0.8,1.2,0.01,-0.01,0.00,0.00,0.00,0.00,0.00,0.00,-1,-1,1,4,0.0,0.09,1.000,1.000,0.00,0,0,0,240.9,359.7,359.8,29.1,0.00,0,0.0,0.0
0.20,climb,68.46,281.54,1.000,1,2404.8,2593.6,87.7,771.9,0.00,0.00,29,29,-1,0.0,0.0,-0.8,1.2,0.01,-0.01,0.00,0.00,0.00,0.00,0.00,0.00,-1,-1,1,7,0.3,0.15,1.000,1.000,0.00,0,0,0,240.9,359.7,359.8,29.1,0.00,0,0.0,-0.3
0.30,climb,68.47,281.53,1.000,1,2404.8,2593.6,87.7,771.9,0.00,0.00,29,29,-1,0.0,0.0,-0.8,1.2,0.01,-0.01,0.00,0.00,0.00,0.00,0.00,0.00,-1,-1,1,9,1.2,0.18,1.000,1.000,0.10,0,0,0,240.9,359.7,359.8,29.1,0.00,0,0.4,0.1
0.40,climb,68.57,281.43,1.000,1,2404.8,2593.6,87.7,771.9,0.00,0.00,29,29,-1,0.0,0.0,-0.8,1.1,0.01,-0.00,0.00,0.00,0.00,0.00,0.00,0.00,-1,-1,1,9,1.2,0.16,1.000,1.000,0.67,0,0,0,240.8,359.8,359.9,29.2,0.00,0,0.4,0.1
0.50,climb,68.86,281.14,1.000,1,2404.8,2593.6,87.7,771.9,0.18,0.00,29,29,-1,0.0,0.0,-0.7,1.1,0.01,-0.00,0.00,0.00,0.00,0.00,0.09,0.15,-1,-1,1,9,3.3,0.12,1.000,1.000,2.26,0,0,0,240.8,359.8,359.9,29.2,0.00,0,0.5,0.1
0.60,climb,69.43,280.57,1.000,1,2404.8,2593.6,87.7,771.9,0.18,0.00,29,29,-1,0.0,0.0,-0.7,1.1,0.01,-0.00,0.00,0.00,0.00,0.00,0.09,0.15,-1,-1,1,9,7.7,0.03,1.000,1.000,4.85,0,0,0,240.8,359.8,359.9,29.2,0.00,0,0.6,-0.1
0.70,climb,70.37,279.63,1.000,1,2404.9,2593.6,87.6,771.9,0.53,0.00,29,29,-1,0.0,0.0,-0.6,1.1,0.01,-0.00,0.00,0.00,0.00,0.00,0.17,0.31,-1,-1,1,9,20.1,-0.10,1.000,1.000,8.44,0,0,0,240.8,359.8,359.9,29.2,0.00,0,0.7,0.2
0.80,climb,71.71,278.29,1.000,1,2405.0,2593.6,87.6,771.9,0.70,0.00,30,34,-1,0.0,0.0,-0.6,1.1,0.00,-0.00,0.00,0.00,0.00,0.00,0.26,0.46,99,-1,1,9,23.2,-0.23,1.000,1.000,12.38,0,25,0,235.7,0.2,0.1,34.3,0.00,0,0.8,0.5
0.90,climb,73.44,276.56,1.000,1,2405.0,2593.6,87.5,771.9,0.70,0.00,31,34,-1,0.0,0.0,-0.6,1.0,-0.00,0.00,0.00,0.00,0.00,0.00,0.36,0.61,99,-1,1,8,23.2,-0.31,1.000,1.000,16.28,0,25,0,235.7,0.2,0.1,34.3,0.00,0,0.8,0.5
1.00,climb,75.55,274.45,1.000,1,2405.1,2593.6,87.5,771.9,0.88,0.00,31,34,-1,0.0,0.0,-0.4,0.9,-0.01,0.01,0.00,0.00,0.00,0.00,0.41,0.68,99,-1,1,7,18.2,-0.31,1.000,1.000,20.15,0,25,0,235.7,0.2,0.1,34.3,0.00,0,1.9,1.3
1.10,climb,78.04,271.96,1.000,1,2405.1,2593.6,87.4,771.9,0.88,0.00,32,34,-1,0.0,0.0,-0.3,0.7,-0.01,0.02,0.00,0.00,0.00,0.00,0.46,0.75,99,-1,1,7,18.2,-0.23,1.000,1.000,23.98,0,25,0,235.7,0.2,0.1,34.3,0.00,0,1.9,1.3
1.20,climb,80.91,269.09,1.000,1,2405.2,2593.6,87.3,771.9,1.05,0.00,33,41,-1,0.0,0.0,-0.1,0.6,-0.00,0.02,0.00,0.00,0.00,0.00,0.57,0.88,99,-1,1,6,8.9,-0.07,1.000,1.000,27.76,0,25,0,228.9,0.5,0.5,41.1,0.00,0,1.9,1.0
1.30,climb,84.16,265.84,1.000,1,2405.4,2593.6,87.2,771.9,1.05,0.18,34,41,-1,0.0,0.0,-0.0,0.7,0.02,0.01,0.00,0.00,0.00,0.00,0.45,0.97,99,-1,1,4,-11.9,0.12,1.000,1.000,31.51,0,25,0,228.9,0.5,0.5,41.1,0.00,0,-0.7,-1.2
1.40,climb,87.77,262.23,1.000,1,2405.4,2593.6,87.1,771.9,1.05,0.18,35,41,-1,0.0,0.0,-0.1,0.8,0.03,-0.02,0.00,0.00,0.00,0.00,0.47,0.96,99,-1,1,3,-11.9,0.30,1.000,1.000,35.22,0,25,0,228.9,0.5,0.5,41.1,0.00,0,-0.7,-1.2
1.50,climb,91.75,258.25,1.000,1,2405.7,2593.6,87.0,771.9,1.05,0.35,36,41,-1,0.0,0.0,-0.4,1.0,0.04,-0.04,0.00,0.00,0.00,0.00,0.41,1.01,99,-1,1,2,-19.0,0.41,1.000,1.000,38.89,0,25,0,228.9,0.5,0.5,41.1,0.00,0,-3.6,-1.6
1.60,climb,96.09,253.91,1.000,1,2405.7,2593.6,86.8,771.9,1.05,0.35,36,36,-1,0.0,0.0,-0.7,1.2,0.04,-0.06,0.00,0.00,0.00,0.00,0.34,1.06,99,-1,1,2,-19.0,0.43,1.000,1.000,42.54,0,25,0,234.5,0.2,0.1,35.5,0.00,0,-3.6,-1.6
1.70,climb,100.79,249.21,1.000,1,2405.8,2593.7,86.7,771.8,1.23,0.35,36,36,-1,0.0,0.0,-1.0,1.2,0.02,-0.06,0.00,0.00,0.00,0.00,0.44,1.20,99,-1,1,3,-13.5,0.32,1.000,1.000,46.15,0,25,0,234.5,0.2,0.1,35.5,0.00,0,-3.4,-0.6
1.80,climb,105.85,244.15,0.967,1,2406.1,2593.7,86.6,771.8,1.67,0.26,36,36,-1,0.0,0.0,-1.2,1.1,-0.01,-0.04,0.00,0.00,0.00,0.00,0.54,1.35,99,-1,0,3,12.6,0.09,0.967,0.984,49.71,0,25,0,234.5,0.2,0.1,35.5,0.00,0,0.4,2.4
1.90,climb,111.27,238.73,0.773,1,2406.3,2593.8,86.4,771.8,1.93,0.18,36,36,-1,0.0,0.0,-1.1,0.8,-0.04,0.00,0.00,0.00,0.00,0.00,0.76,1.51,99,-1,0,3,26.0,-0.20,0.775,0.791,53.23,0,25,0,234.5,0.2,0.1,35.5,0.00,0,3.6,3.8
2.00,climb,117.01,232.99,0.577,1,2406.3,2593.8,86.2,771.7,1.93,0.18,36,39,-1,0.0,0.0,-0.7,0.4,-0.06,0.05,0.00,0.00,0.00,0.00,1.00,1.66,99,-1,0,2,26.0,-0.48,0.585,0.629,56.59,0,25,0,230.9,359.5,359.6,39.1,0.00,0,3.6,3.8
2.10,climb,123.01,226.99,0.402,1,2406.7,2593.8,86.0,771.7,1.93,0.00,37,39,-1,0.0,0.0,-0.1,0.0,-0.05,0.09,0.00,0.00,0.00,0.00,1.21,1.62,99,-1,0,2,34.1,-0.64,0.412,0.468,59.33,0,25,0,230.9,359.5,359.6,39.1,0.00,0,6.5,1.9
2.20,climb,129.14,220.86,0.271,1,2406.7,2593.8,85.8,771.7,1.93,0.00,37,39,-1,0.0,0.0,0.6,-0.1,-0.02,0.10,0.00,0.00,0.00,0.00,1.17,1.54,99,-1,0,1,34.1,-0.65,0.278,0.325,61.07,0,25,0,230.9,359.5,359.6,39.1,0.00,0,6.5,1.9
2.30,climb,135.33,214.67,0.182,1,2407.0,2593.8,85.6,771.7,1.76,0.00,37,39,-1,0.0,0.0,0.9,-0.0,0.02,0.06,0.00,0.00,0.00,0.00,1.17,1.54,99,-1,0,1,23.1,-0.57,0.186,0.216,61.88,0,25,0,230.9,359.5,359.6,39.1,0.00,0,0.9,-1.3
2.40,climb,141.50,208.50,0.133,1,2407.2,2593.8,85.5,771.7,1.76,0.00,39,51,-1,0.0,0.0,0.9,0.2,0.03,0.01,0.00,0.00,0.00,0.00,1.12,1.36,99,-1,0,-1,17.8,-0.48,0.134,0.150,61.85,0,25,0,219.3,0.9,1.1,50.7,0.00,0,-2.1,-1.5
2.50,climb,147.60,202.40,0.113,1,2407.2,2593.8,85.3,771.7,1.76,0.00,41,51,-1,0.0,0.0,0.6,0.3,0.03,-0.04,0.00,0.00,0.00,0.00,1.16,1.32,99,-1,0,-3,17.8,-0.41,0.114,0.142,61.22,0,25,0,219.3,0.9,1.1,50.7,0.00,0,-2.1,-1.5
2.60,climb,153.60,196.40,0.110,1,2407.4,2593.8,85.1,771.7,1.76,0.18,43,51,-1,0.0,0.0,0.2,0.4,0.02,-0.06,0.00,0.00,0.00,0.00,1.06,1.41,99,-1,0,-4,13.8,-0.36,0.111,0.141,60.26,0,25,0,219.3,0.9,1.1,50.7,0.00,0,-3.9,-0.9
2.70,climb,159.47,190.53,0.120,1,2407.7,2593.8,84.9,771.7,1.58,0.18,44,51,-1,0.0,0.0,-0.1,0.3,-0.00,-0.05,0.00,0.00,0.00,0.00,1.03,1.33,99,-1,0,-5,9.0,-0.33,0.121,0.143,59.06,0,25,0,219.3,0.9,1.1,50.7,0.00,0,-2.7,0.9
2.80,climb,165.23,184.77,0.133,1,2407.9,2593.8,84.8,771.7,1.58,0.00,46,56,-1,0.0,0.0,-0.4,0.2,-0.01,-0.04,0.00,0.00,0.00,0.00,1.01,1.23,99,-1,0,-7,6.7,-0.32,0.134,0.156,57.82,0,25,0,214.4,360.0,360.0,55.6,0.00,0,-1.3,1.1
2.90,climb,170.86,179.14,0.145,1,2407.9,2593.8,84.6,771.7,1.58,0.00,47,56,-1,0.0,0.0,-0.5,0.1,-0.01,-0.02,0.00,0.00,0.00,0.00,1.16,1.08,99,-1,0,-9,6.7,-0.31,0.146,0.158,56.63,0,25,0,214.4,360.0,360.0,55.6,0.00,0,-1.3,1.1
3.00,climb,176.39,173.61,0.154,1,2408.2,2593.8,84.5,771.7,1.58,0.00,48,56,-1,0.0,0.0,-0.3,0.1,-0.00,0.01,0.00,0.00,0.00,0.00,1.18,1.05,99,-1,0,-10,2.4,-0.29,0.155,0.161,55.51,0,25,0,214.4,360.0,360.0,55.6,0.00,0,2.2,-0.2
3.10,climb,181.80,168.20,0.161,1,2408.3,2593.8,84.3,771.7,1.58,0.00,49,56,-1,0.0,0.0,-0.1,0.1,0.01,0.03,0.00,0.00,0.00,0.00,1.20,1.03,99,-1,0,-11,0.3,-0.27,0.162,0.181,54.42,0,25,0,214.4,360.0,360.0,55.6,0.00,0,2.8,-1.2
3.20,climb,187.12,162.88,0.165,1,2408.5,2593.8,84.2,771.7,1.58,0.00,51,57,-1,0.0,0.0,0.2,0.3,0.02,0.04,0.00,0.00,0.00,0.00,1.22,1.00,99,-1,0,-12,-1.8,-0.25,0.165,0.192,53.44,0,25,0,213.2,0.4,0.6,56.8,0.00,0,2.6,-1.5
3.30,climb,192.35,157.65,0.165,1,2408.5,2593.8,84.0,771.7,1.58,0.00,52,57,-1,0.0,0.0,0.4,0.4,0.03,0.04,0.00,0.00,0.00,0.00,1.24,0.98,99,-1,0,-13,-1.8,-0.22,0.165,0.195,52.52,0,25,0,213.2,0.4,0.6,56.8,0.00,0,2.6,-1.5
3.40,climb,197.48,152.52,0.165,1,2408.8,2593.8,83.8,771.7,1.41,0.00,52,57,-1,0.0,0.0,0.7,0.6,0.03,0.04,0.00,0.00,0.00,0.00,1.25,0.97,99,-1,0,-14,-5.6,-0.20,0.165,0.195,51.60,0,25,0,213.2,0.4,0.6,56.8,0.00,0,2.1,-1.7
3.50,climb,202.53,147.47,0.164,1,2408.8,2593.8,83.7,771.7,1.41,0.00,53,57,-1,0.0,0.0,0.9,0.7,0.03,0.04,0.00,0.00,0.00,0.00,1.12,0.85,99,-1,0,-14,-5.6,-0.18,0.165,0.194,50.70,0,25,0,213.2,0.4,0.6,56.8,0.00,0,2.1,-1.7
3.60,climb,207.48,142.52,0.164,1,2409.1,2593.8,83.6,771.7,1.41,0.18,53,55,-1,0.0,0.0,1.1,0.9,0.03,0.03,0.00,0.00,0.00,0.00,1.07,0.91,99,-1,0,-15,-8.8,-0.15,0.164,0.191,49.81,0,25,0,215.2,1.6,2.3,54.8,0.00,0,1.1,-1.4
3.70,climb,212.35,137.65,0.163,1,2409.2,2593.9,83.4,771.7,1.41,0.18,53,55,-1,0.0,0.0,1.2,1.0,0.03,0.03,0.00,0.00,0.00,0.00,1.03,0.98,99,-1,0,-15,-10.1,-0.12,0.163,0.186,48.92,0,25,0,215.2,1.6,2.3,54.8,0.00,0,0.4,-1.2
3.80,climb,217.13,132.87,0.162,1,2409.2,2593.9,83.3,771.6,1.41,0.18,54,55,-1,0.0,0.0,1.2,1.1,0.03,0.02,0.00,0.00,0.00,0.00,1.03,0.97,99,-1,0,-15,-10.1,-0.10,0.162,0.180,48.04,0,25,0,215.2,1.6,2.3,54.8,0.00,0,0.4,-1.2
3.90,climb,221.83,128.17,0.160,1,2409.4,2593.9,83.1,771.6,1.41,0.18,54,55,-1,0.0,0.0,1.2,1.2,0.02,0.01,0.00,0.00,0.00,0.00,1.03,0.97,99,-1,0,-15,-10.9,-0.09,0.160,0.174,47.18,0,25,0,215.2,1.6,2.3,54.8,0.00,0,-0.2,-0.9
4.00,climb,226.44,123.56,0.159,1,2409.6,2593.9,83.0,771.6,1.23,0.35,53,51,-1,0.0,0.0,1.1,1.2,0.02,0.00,0.00,0.00,0.00,0.00,0.88,0.88,99,-1,0,-15,-12.1,-0.07,0.159,0.167,46.32,0,25,0,219.5,2.1,2.6,50.6,0.00,0,-1.2,-0.4
4.10,climb,230.96,119.04,0.156,1,2409.6,2593.9,82.9,771.6,1.23,0.35,53,51,-1,0.0,0.0,1.0,1.2,0.02,-0.01,0.00,0.00,0.00,0.00,0.77,1.02,99,-1,0,-14,-12.1,-0.05,0.156,0.165,45.47,0,25,0,219.5,2.1,2.6,50.6,0.00,0,-1.2,-0.4
4.20,climb,235.41,114.59,0.154,1,2409.9,2594.0,82.8,771.5,1.23,0.35,53,51,-1,0.0,0.0,0.9,1.2,0.01,-0.01,0.00,0.00,0.00,0.00,0.76,1.03,99,-1,0,-14,-12.6,-0.03,0.154,0.164,44.63,0,25,0,219.5,2.1,2.6,50.6,0.00,0,-2.0,0.1
4.30,climb,239.76,110.24,0.151,1,2409.9,2594.0,82.6,771.5,1.23,0.35,52,51,-1,0.0,0.0,0.7,1.1,0.01,-0.02,0.00,0.00,0.00,0.00,0.76,1.03,99,-1,0,-14,-12.6,-0.02,0.151,0.162,43.80,0,25,0,219.5,2.1,2.6,50.6,0.00,0,-2.0,0.1
4.40,climb,244.04,105.96,0.147,1,2410.0,2594.0,82.5,771.5,1.23,0.35,51,46,-1,0.0,0.0,0.5,1.1,0.01,-0.03,0.00,0.00,0.00,0.00,0.74,1.04,99,-1,0,-13,-12.7,-0.00,0.147,0.160,42.97,0,25,0,224.5,1.6,1.6,45.5,0.00,0,-2.2,0.3
4.50,climb,248.24,101.76,0.143,1,2410.1,2594.1,82.4,771.4,1.23,0.35,50,46,-1,0.0,0.0,0.3,1.1,0.01,-0.03,0.00,0.00,0.00,0.00,0.72,1.06,99,-1,0,-12,-12.5,0.01,0.143,0.158,42.16,0,25,0,224.5,1.6,1.6,45.5,0.00,0,-2.4,0.3
4.60,climb,252.35,97.65,0.138,1,2410.4,2594.1,82.3,771.4,1.23,0.35,50,46,-1,0.0,0.0,0.0,1.0,0.01,-0.03,0.00,0.00,0.00,0.00,0.71,1.06,99,-1,0,-11,-12.1,0.02,0.138,0.155,41.35,0,25,0,224.5,1.6,1.6,45.5,0.00,0,-2.2,0.7
4.70,climb,256.39,93.61,0.135,1,2410.4,2594.1,82.1,771.4,1.23,0.35,49,46,-1,0.0,0.0,-0.1,0.9,-0.00,-0.03,0.00,0.00,0.00,0.00,0.70,1.07,99,-1,0,-11,-12.1,0.03,0.135,0.146,40.52,0,25,0,224.5,1.6,1.6,45.5,0.00,0,-2.2,0.7
4.80,climb,260.32,89.68,0.136,1,2410.6,2594.2,82.0,771.3,1.23,0.35,48,41,-1,0.0,0.0,-0.2,0.8,-0.01,-0.00,0.00,0.00,0.00,0.00,0.68,1.09,99,-1,0,-9,-11.3,0.05,0.136,0.140,39.61,0,25,0,229.3,0.6,0.6,40.7,0.00,0,1.1,1.1
4.90,climb,264.17,85.83,0.139,1,2410.7,2594.2,81.9,771.3,1.23,0.35,47,41,-1,0.0,0.0,0.0,0.7,-0.00,0.03,0.00,0.00,0.00,0.00,0.65,1.10,99,-1,0,-8,-10.8,0.06,0.139,0.152,38.66,0,25,0,229.3,0.6,0.6,40.7,0.00,0,2.7,0.6
5.00,climb,267.92,82.08,0.141,1,2410.7,2594.2,81.8,771.3,1.23,0.35,46,41,-1,0.0,0.0,0.3,0.7,0.00,0.05,0.00,0.00,0.00,0.00,0.64,1.11,99,-1,0,-7,-10.8,0.07,0.141,0.163,37.74,0,25,0,229.3,0.6,0.6,40.7,0.00,0,2.7,0.6
5.10,climb,271.58,78.42,0.141,1,2410.9,2594.3,81.6,771.2,1.23,0.35,45,41,-1,0.0,0.0,0.5,0.7,0.01,0.04,0.00,0.00,0.00,0.00,0.62,1.12,99,-1,0,-7,-10.4,0.08,0.141,0.162,36.86,0,25,0,229.3,0.6,0.6,40.7,0.00,0,2.6,-0.1
5.20,climb,275.16,74.84,0.144,1,2411.0,2594.3,81.5,771.2,1.23,0.35,44,36,-1,0.0,0.0,0.6,0.7,0.01,0.01,0.00,0.00,0.00,0.00,0.60,1.13,99,-1,0,-5,-10.0,0.09,0.144,0.154,35.93,0,25,0,233.5,1.5,1.1,36.5,0.00,0,0.7,-0.2
5.30,climb,278.63,71.37,0.147,1,2411.2,2594.4,81.4,771.1,1.05,0.53,43,36,-1,0.0,0.0,0.4,0.7,0.01,-0.02,0.00,0.00,0.00,0.00,0.58,1.14,99,-1,0,-4,-9.0,0.11,0.147,0.161,35.02,0,25,0,233.5,1.5,1.1,36.5,0.00,0,-2.7,-0.3
5.40,climb,282.03,67.97,0.146,1,2411.2,2594.4,81.3,771.1,1.05,0.53,42,36,-1,0.0,0.0,0.1,0.7,0.01,-0.04,0.00,0.00,0.00,0.00,0.31,1.14,99,-1,0,-3,-9.0,0.12,0.146,0.167,34.17,0,25,0,233.5,1.5,1.1,36.5,0.00,0,-2.7,-0.3
5.50,climb,285.35,64.65,0.141,1,2411.3,2594.5,81.2,771.0,1.05,0.53,41,36,-1,0.0,0.0,-0.1,0.7,0.00,-0.03,0.00,0.00,0.00,0.00,0.29,1.14,99,-1,0,-2,-8.3,0.12,0.141,0.156,33.41,0,25,0,233.5,1.5,1.1,36.5,0.00,0,-2.5,0.2
5.60,climb,288.60,61.40,0.105,1,2411.4,2594.5,81.1,771.0,1.05,0.53,40,33,-1,0.0,0.0,-0.2,0.5,-0.01,-0.02,0.00,0.00,0.00,0.00,0.27,1.15,99,-1,0,-1,-7.6,0.13,0.105,0.120,32.60,0,25,0,236.9,0.2,0.1,33.1,0.00,0,-1.7,1.3
5.70,climb,291.75,58.25,0.062,1,2411.6,2594.6,81.0,770.9,1.05,0.53,39,33,-1,0.0,0.0,-0.2,0.3,-0.02,-0.00,0.00,0.00,0.00,0.00,0.25,1.15,99,-1,0,-0,-6.2,0.13,0.062,0.072,31.77,0,25,0,236.9,0.2,0.1,33.1,0.00,0,0.8,2.1
5.80,climb,294.81,55.19,0.026,1,2411.7,2594.7,80.9,770.9,1.05,0.53,38,33,-1,0.0,0.0,-0.1,0.1,-0.02,0.01,0.00,0.00,0.00,0.00,0.23,1.16,99,-1,0,1,-5.8,0.14,0.026,0.039,30.82,0,25,0,236.9,0.2,0.1,33.1,0.00,0,0.9,1.1
5.90,climb,297.75,52.25,0.002,1,2411.7,2594.7,80.8,770.8,1.05,0.53,37,33,-1,0.0,0.0,-0.0,0.0,-0.02,0.01,0.00,0.00,0.00,0.00,0.22,1.16,99,-1,1,1,-5.8,0.14,0.002,0.004,29.70,0,25,0,236.9,0.2,0.1,33.1,0.00,0,0.9,1.1
6.00,climb,300.58,49.42,0.000,1,2411.8,2594.7,80.7,770.8,1.05,0.53,36,31,-1,0.0,0.0,0.1,-0.1,-0.02,0.01,0.00,0.00,0.00,0.00,0.20,1.16,99,-1,1,2,-5.4,0.15,0.000,0.000,28.56,0,25,0,239.3,360.0,360.0,30.7,0.00,0,0.9,1.6
6.10,climb,303.30,46.70,0.000,1,2411.9,2594.8,80.6,770.7,1.05,0.35,35,31,-1,0.0,0.0,0.2,-0.2,-0.01,0.02,0.00,0.00,0.00,0.00,0.32,1.06,99,-1,1,3,-4.9,0.16,0.000,0.000,27.47,0,25,0,239.3,360.0,360.0,30.7,0.00,0,1.0,1.1
6.20,climb,305.91,44.09,0.000,1,2412.2,2594.8,80.5,770.7,1.05,0.35,35,31,-1,0.0,0.0,0.3,-0.3,-0.01,0.02,0.00,0.00,0.00,0.00,0.31,1.07,99,-1,1,4,-4.3,0.17,0.000,0.000,26.31,0,25,0,239.3,360.0,360.0,30.7,0.00,0,1.0,0.1
6.30,climb,308.39,41.61,0.000,1,2412.2,2594.8,80.3,770.7,1.05,0.35,34,31,-1,0.0,0.0,0.4,-0.3,0.00,0.02,0.00,0.00,0.00,0.00,0.30,1.07,99,-1,1,4,-4.3,0.17,0.000,0.000,25.11,0,25,0,239.3,360.0,360.0,30.7,0.00,0,1.0,0.1
6.40,climb,310.74,39.26,0.000,1,2412.4,2594.9,80.2,770.6,1.05,0.35,33,29,-1,0.0,0.0,0.5,-0.2,0.01,0.02,0.00,0.00,0.00,0.00,0.29,1.07,99,-1,1,5,-4.0,0.18,0.000,0.000,23.84,0,25,0,241.0,0.6,0.3,29.0,0.00,0,1.0,-0.5
6.50,climb,312.96,37.04,0.000,1,2412.5,2594.9,80.1,770.6,1.05,0.35,33,29,-1,0.0,0.0,0.6,-0.2,0.01,0.02,0.00,0.00,0.00,0.00,0.27,1.08,99,-1,1,6,-4.0,0.20,0.000,0.000,22.54,0,25,0,241.0,0.6,0.3,29.0,0.00,0,1.0,-0.5
6.60,climb,315.05,34.95,0.000,1,2412.5,2594.9,80.0,770.6,1.05,0.35,32,29,-1,0.0,0.0,0.7,-0.2,0.01,0.02,0.00,0.00,0.00,0.00,0.26,1.08,99,-1,1,6,-4.0,0.21,0.000,0.000,21.24,0,25,0,241.0,0.6,0.3,29.0,0.00,0,1.0,-0.5
6.70,climb,317.01,32.99,0.008,1,2412.7,2595.0,79.9,770.5,1.05,0.35,32,29,-1,0.0,0.0,0.7,-0.1,0.01,0.02,0.00,0.00,0.00,0.00,0.25,1.08,99,-1,1,7,-3.8,0.22,0.008,0.016,19.95,0,25,0,241.0,0.6,0.3,29.0,0.00,0,0.9,-0.5
6.80,climb,318.85,31.15,0.026,1,2412.7,2595.0,79.8,770.5,1.05,0.35,31,27,-1,0.0,0.0,0.8,-0.1,0.01,0.02,0.00,0.00,0.00,0.00,0.24,1.09,99,-1,0,8,-3.8,0.23,0.026,0.040,18.67,0,25,0,242.6,1.6,0.8,27.4,0.00,0,0.9,-0.5
6.90,climb,320.55,29.45,0.041,1,2412.8,2595.0,79.7,770.5,1.05,0.35,30,27,-1,0.0,0.0,0.9,-0.0,0.01,0.02,0.00,0.00,0.00,0.00,0.23,1.09,99,-1,0,8,-3.8,0.24,0.041,0.055,17.41,0,25,0,242.6,1.6,0.8,27.4,0.00,0,1.0,-0.6
7.00,climb,322.14,27.86,0.059,1,2413.0,2595.1,79.6,770.4,0.88,0.35,30,27,-1,0.0,0.0,1.0,0.0,0.01,0.03,0.00,0.00,0.00,0.00,0.22,1.09,99,-1,0,9,-3.7,0.24,0.060,0.075,16.16,0,25,0,242.6,1.6,0.8,27.4,0.00,0,0.9,-0.6
7.10,climb,323.60,26.40,0.082,1,2413.0,2595.1,79.5,770.4,0.88,0.35,30,27,-1,0.0,0.0,1.1,0.1,0.01,0.03,0.00,0.00,0.00,0.00,0.13,0.94,99,-1,0,9,-3.7,0.25,0.082,0.097,14.92,0,25,0,242.6,1.6,0.8,27.4,0.00,0,0.9,-0.6
7.20,climb,324.94,25.06,0.107,1,2413.1,2595.1,79.4,770.4,0.88,0.35,29,26,-1,0.0,0.0,1.2,0.1,0.01,0.03,0.00,0.00,0.00,0.00,0.12,0.94,99,-1,0,9,-3.7,0.26,0.108,0.123,13.69,0,25,0,244.0,2.6,1.3,26.0,0.00,0,0.9,-0.6
7.30,climb,326.15,23.85,0.136,1,2413.2,2595.2,79.3,770.3,0.88,0.35,29,26,-1,0.0,0.0,1.3,0.2,0.01,0.02,0.00,0.00,0.00,0.00,0.11,0.94,99,-1,0,10,-3.5,0.27,0.137,0.151,12.48,0,25,0,244.0,2.6,1.3,26.0,0.00,0,0.8,-0.5
7.40,climb,327.26,22.74,0.166,1,2413.3,2595.2,79.3,770.3,0.88,0.35,28,26,-1,0.0,0.0,1.3,0.2,0.01,0.02,0.00,0.00,0.00,0.00,0.11,0.94,99,-1,0,10,-2.9,0.28,0.167,0.177,11.33,0,25,0,244.0,2.6,1.3,26.0,0.00,0,-0.4,0.2
7.50,climb,328.26,21.74,0.195,1,2413.4,2595.3,79.2,770.3,0.88,0.35,28,26,-1,0.0,0.0,1.2,0.1,0.00,0.00,0.00,0.00,0.00,0.00,0.10,0.94,99,-1,0,11,-2.1,0.27,0.196,0.197,10.27,0,25,0,244.0,2.6,1.3,26.0,0.00,0,-1.7,0.7
7.60,climb,329.19,20.81,0.218,1,2413.5,2595.3,79.1,770.2,0.88,0.35,27,25,-1,0.0,0.0,1.0,0.0,-0.01,-0.02,0.00,0.00,0.00,0.00,0.09,0.94,99,-1,0,11,-0.8,0.26,0.219,0.230,9.40,0,25,0,245.2,2.3,1.0,24.8,0.00,0,-2.8,1.5
7.70,climb,330.05,19.95,0.233,1,2413.5,2595.3,79.0,770.2,0.88,0.35,27,25,-1,0.0,0.0,0.7,-0.1,-0.02,-0.04,0.00,0.00,0.00,0.00,0.09,0.94,99,-1,0,11,-0.8,0.25,0.234,0.257,8.71,0,25,0,245.2,2.3,1.0,24.8,0.00,0,-2.8,1.5
7.80,climb,330.87,19.13,0.237,1,2413.7,2595.4,78.9,770.1,0.88,0.35,27,25,-1,0.0,0.0,0.3,-0.3,-0.03,-0.05,0.00,0.00,0.00,0.00,0.08,0.94,99,-1,0,12,3.5,0.22,0.238,0.270,8.27,0,25,0,245.2,2.3,1.0,24.8,0.00,0,-3.9,2.1
7.90,climb,331.68,18.32,0.227,1,2413.8,2595.4,78.8,770.1,0.88,0.35,26,25,-1,0.0,0.0,-0.0,-0.5,-0.03,-0.06,0.00,0.00,0.00,0.00,0.08,0.94,99,-1,0,12,6.2,0.17,0.227,0.262,8.11,0,25,0,245.2,2.3,1.0,24.8,0.00,0,-3.2,1.4
8.00,cruise,332.48,17.52,0.264,1,2413.9,2595.5,78.7,770.1,0.88,0.35,26,26,-1,4.0,4.0,-0.3,-0.6,-0.09,-0.13,0.00,0.00,0.00,0.00,0.07,0.94,99,-1,0,13,8.7,0.13,0.265,0.322,7.99,0,25,0,244.0,358.7,359.4,26.0,0.00,1,-1.7,0.1
8.10,cruise,333.27,16.73,0.252,1,2413.9,2595.5,78.6,770.0,0.88,0.35,26,26,-1,8.0,8.0,-0.4,-0.6,-0.12,-0.15,0.00,0.00,0.00,0.00,0.07,0.94,99,-1,0,12,8.7,0.06,0.252,0.325,7.87,0,25,0,243.1,358.5,359.2,26.9,0.00,1,-1.7,0.1
8.20,cruise,334.04,15.96,0.240,1,2414.0,2595.5,78.5,770.0,0.88,0.35,26,26,-1,12.0,12.0,-0.3,-0.5,-0.16,-0.15,0.00,0.00,0.00,0.00,0.07,0.94,99,-1,0,10,10.7,-0.01,0.240,0.322,7.73,0,25,0,242.0,358.9,359.4,28.0,0.00,1,0.4,-0.9
8.30,cruise,334.80,15.20,0.222,1,2414.1,2595.5,78.5,770.0,0.70,0.18,26,26,-1,16.0,16.0,0.2,-0.2,-0.16,-0.13,0.00,0.00,0.00,0.00,0.23,0.87,99,-1,0,9,13.8,-0.07,0.223,0.298,7.70,0,25,0,240.7,0.1,0.0,29.3,0.00,1,7.2,-5.5
8.40,cruise,335.54,14.46,0.211,1,2414.1,2595.5,78.4,770.0,0.70,0.18,27,31,-1,20.0,20.0,1.0,0.4,-0.13,-0.09,0.00,0.00,0.00,0.00,0.16,0.71,99,-1,0,8,13.8,-0.12,0.211,0.269,7.55,0,25,0,239.3,2.1,1.2,30.7,0.00,1,7.2,-5.5
8.50,cruise,336.26,13.74,0.199,1,2414.2,2595.5,78.3,770.0,0.70,0.00,27,31,-1,24.0,24.0,2.1,1.5,-0.08,-0.05,0.00,0.00,0.00,0.00,0.32,0.62,99,-1,0,6,14.6,-0.17,0.199,0.233,7.41,0,25,0,237.8,4.8,3.0,32.2,0.00,1,10.9,-8.9
8.60,cruise,336.94,13.06,0.189,1,2414.3,2595.5,78.2,770.0,0.70,0.00,28,31,-1,28.0,25.6,3.5,2.9,0.02,-0.02,0.00,0.00,0.00,0.00,0.33,0.62,99,-1,0,5,15.1,-0.21,0.190,0.201,7.24,0,25,0,236.3,8.2,5.5,33.8,0.00,1,16.1,-16.7
8.70,cruise,337.59,12.41,0.185,1,2414.3,2595.5,78.2,770.0,0.70,0.00,28,31,-1,30.5,26.8,5.1,4.8,0.12,-0.01,0.00,0.00,0.00,0.00,0.33,0.62,99,-1,0,3,15.1,-0.24,0.186,0.220,6.99,0,25,0,234.9,11.9,8.4,35.4,0.00,1,16.1,-16.7
8.80,cruise,338.20,11.80,0.187,1,2414.4,2595.5,78.1,770.0,0.70,0.00,30,37,-1,30.5,28.0,6.7,6.8,0.16,0.04,0.00,0.00,0.00,0.00,0.35,0.61,99,-1,0,1,14.6,-0.26,0.188,0.239,6.65,0,25,0,233.5,15.6,11.7,37.0,0.00,1,17.3,-18.5
8.90,cruise,338.77,11.23,0.192,1,2414.5,2595.6,78.0,770.0,0.70,0.26,31,37,-1,30.4,29.1,8.4,8.7,0.13,0.06,0.07,0.00,0.00,0.00,0.28,0.65,99,-1,0,-0,12.5,-0.28,0.193,0.244,6.29,0,25,0,232.2,19.0,15.0,38.6,0.00,1,18.9,-15.3
9.00,cruise,339.31,10.69,0.195,1,2414.6,2595.6,78.0,769.9,0.88,0.44,32,37,-1,30.4,30.1,10.2,10.4,0.08,0.07,0.15,0.00,0.00,0.00,0.15,0.74,99,-1,0,-2,11.0,-0.28,0.196,0.237,5.98,0,25,0,231.0,22.1,18.2,40.1,0.00,1,19.0,-12.4
9.10,cruise,339.81,10.19,0.250,1,2414.7,2595.7,77.9,769.9,0.88,0.70,33,37,-1,30.6,31.0,11.9,11.9,0.01,0.08,0.22,0.00,0.00,0.00,0.10,0.98,99,-1,0,-3,9.4,-0.28,0.251,0.276,5.65,0,25,0,229.8,24.7,21.2,41.6,0.00,1,18.6,-9.6
9.20,cruise,340.29,9.71,0.250,1,2414.7,2595.7,77.8,769.8,0.88,0.70,34,41,-1,30.7,31.8,13.6,13.0,-0.05,0.08,0.28,0.00,0.00,0.00,-0.09,1.12,99,-1,0,-4,9.4,-0.27,0.251,0.286,5.29,0,25,0,228.8,26.9,24.0,42.9,0.00,1,18.6,-9.6
9.30,cruise,340.75,9.25,0.250,1,2414.9,2595.9,77.7,769.7,0.88,1.49,35,41,-1,31.0,32.5,15.1,14.0,-0.11,0.04,0.34,0.00,0.00,0.00,-0.35,1.33,99,-1,0,-5,4.1,-0.25,0.251,0.291,5.01,0,25,0,228.0,28.7,26.3,43.9,0.00,1,13.9,-6.5
9.40,cruise,341.21,8.79,0.250,1,2415.0,2596.1,77.6,769.6,0.88,1.93,37,41,-1,31.4,33.2,16.4,14.8,-0.14,0.01,0.39,0.00,0.00,0.00,-0.67,1.60,99,-1,0,-6,1.1,-0.20,0.251,0.290,4.94,0,25,0,227.5,30.3,28.2,44.6,0.00,1,11.7,-7.3
9.50,cruise,341.65,8.35,0.250,1,2415.0,2596.1,77.5,769.4,0.88,1.93,38,41,-1,31.9,33.7,17.6,15.7,-0.14,-0.01,0.43,0.00,0.00,0.00,-0.99,1.88,99,-1,0,-6,1.1,-0.15,0.250,0.291,4.84,0,25,0,227.4,32.0,29.9,44.9,0.00,1,11.7,-7.3
9.60,cruise,342.09,7.91,0.250,1,2415.1,2596.6,77.4,769.2,0.70,2.90,39,42,-1,32.5,34.1,18.7,16.7,-0.11,-0.02,0.48,0.00,0.00,0.00,-1.35,2.10,99,-1,0,-6,-4.9,-0.09,0.250,0.283,4.79,0,25,0,227.7,33.9,31.5,44.9,0.00,1,9.3,-12.6
9.70,cruise,342.52,7.48,0.250,1,2415.2,2596.9,77.4,768.9,0.70,3.34,40,42,-1,33.3,34.4,19.9,18.0,-0.06,-0.02,0.53,0.00,0.00,0.00,-1.78,2.40,99,-1,0,-6,-7.3,-0.02,0.250,0.269,4.74,0,25,0,228.4,36.2,33.0,44.6,0.00,1,8.6,-16.1
9.80,cruise,342.93,7.07,0.250,1,2415.3,2597.3,77.3,768.6,0.70,3.78,41,42,-1,34.2,34.6,21.2,19.5,0.01,-0.01,0.59,0.00,0.00,0.00,-2.07,2.72,99,-1,0,-6,-9.0,0.03,0.250,0.254,4.69,0,25,0,229.6,39.0,34.6,44.2,0.00,1,8.6,-19.2
9.90,cruise,343.32,6.68,0.250,1,2415.3,2597.3,77.2,768.2,0.70,3.78,42,42,-1,35.1,34.7,22.6,21.3,0.07,0.02,0.66,0.00,0.00,0.00,-2.35,3.04,99,-1,0,-5,-9.0,0.08,0.250,0.275,4.60,0,25,0,231.0,42.1,36.2,43.5,0.00,1,8.6,-19.2
10.00,cruise,343.68,6.32,0.250,1,2415.4,2598.2,77.2,767.8,0.70,4.75,42,37,-1,35.9,34.8,24.2,23.2,0.11,0.05,0.73,0.00,0.00,0.00,-2.86,3.26,99,-1,0,-4,-10.4,0.11,0.250,0.292,4.42,0,25,0,232.7,45.5,37.8,42.9,0.00,1,8.5,-21.6
10.10,cruise,344.02,5.98,0.250,1,2415.4,2598.2,77.1,767.3,0.70,4.75,42,37,-1,36.9,34.8,25.7,25.1,0.13,0.04,0.80,0.00,0.00,0.00,-3.07,3.69,99,-1,0,-4,-10.4,0.13,0.250,0.296,4.19,0,25,0,234.5,48.9,39.2,42.2,0.00,1,8.5,-21.6
10.20,cruise,344.35,5.65,0.250,1,2415.5,2598.7,77.0,766.8,0.70,5.36,42,37,-1,37.7,34.8,27.3,26.8,0.11,0.03,0.86,0.00,0.00,0.00,-3.52,4.11,99,-1,0,-3,-10.3,0.15,0.250,0.289,4.01,0,25,0,236.4,52.0,40.4,41.6,0.00,1,7.6,-20.4
10.30,cruise,344.67,5.33,0.250,1,2415.6,2599.9,77.0,766.2,0.88,6.77,42,37,-1,38.7,34.9,28.7,28.2,0.08,0.02,0.92,0.00,0.00,0.00,-3.96,4.66,99,-1,0,-2,-8.8,0.15,0.250,0.276,3.84,0,25,0,238.1,54.8,41.4,41.0,0.00,1,6.5,-14.8
10.40,cruise,344.97,5.03,0.250,1,2415.7,2600.7,76.9,765.6,1.05,7.47,41,30,-1,39.5,35.0,30.0,29.4,0.04,-0.01,0.96,0.00,0.00,0.00,-4.52,5.12,99,-1,0,-2,-7.6,0.14,0.250,0.264,3.63,0,25,0,239.6,57.2,42.3,40.5,0.00,1,5.8,-11.6
10.50,cruise,345.27,4.73,0.250,1,2415.8,2601.5,76.8,764.8,1.23,8.00,40,30,-1,40.3,35.1,31.2,30.3,-0.00,-0.04,1.00,0.00,0.00,0.00,-5.01,5.64,99,-1,0,-2,-6.2,0.12,0.250,0.262,3.41,0,25,0,240.9,59.1,43.0,40.1,0.00,1,5.4,-9.3
10.60,cruise,345.53,4.47,0.250,1,2415.8,2601.5,76.7,764.0,1.23,8.00,40,30,-1,41.0,35.2,32.2,31.1,-0.01,-0.07,1.00,0.00,0.00,0.00,-5.37,6.06,99,-1,0,-1,-6.2,0.10,0.250,0.271,3.12,0,25,0,241.9,60.7,43.6,39.9,0.00,1,5.4,-9.3
10.70,cruise,345.76,4.24,0.258,1,2416.1,2603.2,76.5,763.2,1.58,9.23,39,30,-1,41.6,35.4,33.2,31.9,-0.01,-0.08,1.00,0.00,0.00,0.00,-5.85,6.60,99,-1,0,-1,-3.4,0.07,0.258,0.282,2.75,0,25,0,242.8,62.2,44.2,39.7,0.00,1,5.6,-8.3
10.80,cruise,345.96,4.04,0.277,1,2416.3,2604.2,76.4,762.3,1.76,9.93,38,26,-1,42.1,35.6,34.1,32.8,0.02,-0.07,1.00,0.00,0.00,0.00,-6.28,6.94,99,-1,0,-1,-2.0,0.04,0.277,0.300,2.41,0,25,0,243.5,63.5,44.9,39.8,0.00,1,7.1,-8.7
10.90,cruise,346.12,3.88,0.295,1,2416.5,2605.2,76.2,761.3,1.93,10.63,37,26,-1,42.6,35.9,35.2,33.8,0.05,-0.04,1.00,0.00,0.00,0.00,-6.84,7.41,99,-1,0,-2,-0.7,0.01,0.295,0.319,2.14,0,25,0,244.1,64.8,45.9,40.1,0.00,1,9.7,-8.7
11.00,cruise,346.25,3.75,0.315,1,2416.7,2606.4,76.0,760.3,2.11,11.34,37,26,-1,43.0,36.2,36.6,35.0,0.08,0.01,1.00,0.00,0.00,0.00,-7.39,7.89,99,-1,0,-2,0.2,-0.03,0.315,0.342,1.90,0,25,0,244.5,66.1,47.1,40.8,0.00,1,11.7,-8.6
11.10,cruise,346.36,3.64,0.337,1,2416.9,2607.6,75.8,759.1,2.37,12.30,36,26,-1,43.3,36.6,38.0,36.3,0.09,0.04,1.00,0.00,0.00,0.00,-7.92,8.39,99,-1,0,-3,1.1,-0.07,0.337,0.381,1.69,0,25,0,244.7,67.3,48.5,41.6,0.00,1,12.4,-7.5
11.20,cruise,346.46,3.54,0.356,1,2416.9,2607.6,75.6,757.9,2.37,12.30,36,25,-1,43.7,37.1,39.5,37.5,0.08,0.04,1.00,0.00,0.00,0.00,-8.63,9.09,99,-1,0,-4,1.1,-0.10,0.356,0.402,1.57,0,25,0,244.6,68.2,49.9,42.6,0.00,1,12.4,-7.5
11.30,cruise,346.56,3.44,0.372,1,2417.2,2608.9,75.3,756.6,2.64,13.27,35,25,-1,44.1,37.6,40.9,38.5,0.06,0.04,1.00,0.00,0.00,0.00,-9.32,9.81,99,-1,0,-5,1.6,-0.14,0.373,0.410,1.48,0,25,0,244.2,68.9,51.3,43.7,0.00,1,12.8,-4.7
11.40,cruise,346.67,3.33,0.386,1,2417.8,2611.8,75.0,755.2,3.16,15.64,35,25,-1,44.6,38.2,42.0,39.1,0.01,0.02,1.00,0.00,0.00,0.00,-10.13,10.66,99,-1,0,-6,0.5,-0.15,0.387,0.399,1.38,0,25,0,243.6,69.2,52.5,44.7,0.00,1,10.3,1.9
11.50,cruise,346.78,3.22,0.393,1,2418.1,2613.5,74.7,753.7,3.34,16.88,35,25,-1,45.1,38.7,42.9,39.3,-0.03,-0.01,1.00,0.00,0.00,0.00,-10.99,11.57,99,-1,0,-7,-1.0,-0.15,0.394,0.409,1.34,0,25,0,242.8,69.1,53.5,45.5,0.00,1,9.2,4.1
11.60,cruise,346.90,3.10,0.398,1,2418.1,2613.5,74.4,752.0,3.34,16.88,36,28,-1,45.8,39.1,43.7,39.3,-0.07,-0.01,1.00,0.00,0.00,0.00,-11.74,12.58,99,-1,0,-8,-1.0,-0.13,0.399,0.430,1.30,0,25,0,241.9,69.0,54.3,46.1,0.00,1,9.2,4.1
11.70,cruise,347.03,2.97,0.402,1,2418.8,2617.1,74.0,750.3,3.69,19.34,37,28,-1,46.5,39.4,44.5,39.1,-0.08,-0.00,1.00,0.00,0.00,0.00,-12.40,13.68,99,-1,0,-8,-5.4,-0.10,0.403,0.436,1.27,0,25,0,241.4,69.1,55.0,46.4,0.00,1,8.4,2.4
11.80,cruise,347.15,2.85,0.405,1,2418.8,2617.1,73.7,748.4,3.69,19.34,37,28,-1,47.3,39.5,45.5,38.9,-0.08,0.01,1.00,0.00,0.00,0.00,-13.13,14.67,99,-1,0,-8,-5.4,-0.05,0.405,0.442,1.31,0,25,0,241.3,69.4,55.6,46.5,0.00,1,8.4,2.4
11.90,cruise,347.27,2.73,0.409,1,2419.2,2619.2,73.3,746.3,3.87,20.74,38,28,-1,48.2,39.6,46.8,38.9,-0.06,0.04,1.00,0.00,0.00,0.00,-13.90,15.88,99,-1,0,-8,-7.7,-0.00,0.409,0.451,1.37,0,25,0,241.7,70.2,56.3,46.4,0.00,1,8.4,-0.2
12.00,cruise,347.38,2.62,0.418,1,2419.6,2621.3,72.9,744.2,3.87,21.97,39,27,-1,49.1,39.5,48.2,39.2,-0.04,0.07,1.00,0.00,0.00,0.00,-14.64,16.84,99,-1,0,-8,-9.6,0.04,0.418,0.463,1.42,0,25,0,242.7,71.5,57.0,46.1,0.00,1,8.6,-3.6
12.10,cruise,347.50,2.50,0.430,1,2420.4,2626.1,72.5,741.9,4.04,24.61,40,27,-1,50.1,39.2,49.7,39.7,-0.02,0.08,1.00,0.00,0.00,0.00,-15.26,18.05,99,-1,0,-7,-11.5,0.08,0.431,0.473,1.47,0,25,0,244.3,73.0,57.6,45.6,0.00,1,6.6,-9.8
12.20,cruise,347.61,2.39,0.445,1,2420.8,2628.6,72.1,739.4,4.04,26.10,41,27,-1,51.0,39.0,51.1,40.3,-0.00,0.08,1.00,0.00,0.00,0.00,-15.93,19.19,99,-1,0,-6,-11.5,0.10,0.446,0.481,1.50,0,25,0,246.4,74.8,58.1,44.9,0.00,1,4.1,-12.8
12.30,cruise,347.72,2.28,0.462,1,2420.8,2628.6,71.7,736.9,4.04,26.10,42,27,-1,52.0,38.8,52.4,41.0,0.01,0.06,1.00,0.00,0.00,0.00,-16.64,20.51,99,-1,0,-5,-11.5,0.12,0.463,0.497,1.50,0,25,0,249.3,76.9,58.4,44.0,0.00,1,4.1,-12.8
12.40,cruise,347.84,2.16,0.476,1,2421.2,2631.4,71.3,734.1,4.22,27.69,40,17,-1,53.0,38.7,53.3,41.7,0.02,0.03,1.00,0.00,0.00,0.00,-18.46,21.06,99,-1,0,-4,-10.7,0.13,0.476,0.497,1.51,0,25,0,252.6,79.1,58.3,42.8,0.00,1,0.2,-15.4
12.50,cruise,347.97,2.03,0.483,1,2421.7,2634.3,70.8,731.2,4.39,29.36,38,17,-1,54.0,38.7,53.8,42.4,0.02,-0.02,1.00,0.00,0.00,0.00,-20.28,21.67,99,-1,0,-3,-9.2,0.13,0.483,0.502,1.53,0,25,0,256.2,81.2,57.8,41.4,0.00,1,-4.1,-16.4
12.60,cruise,348.11,1.89,0.510,1,2422.6,2640.5,70.4,728.2,5.01,32.70,37,17,-1,54.9,38.9,53.8,42.9,0.01,-0.07,1.00,0.00,0.00,0.00,-22.06,22.29,99,-1,0,-1,-5.1,0.12,0.510,0.550,1.53,0,25,0,259.5,83.2,57.0,39.9,0.00,1,-10.0,-15.2
12.70,cruise,348.26,1.74,0.540,1,2422.6,2640.5,69.9,725.0,5.01,32.70,36,17,-1,55.8,39.1,53.6,43.4,0.01,-0.10,1.00,0.00,0.00,0.00,-23.65,23.12,99,-1,0,0,-5.1,0.10,0.540,0.596,1.56,0,25,0,262.4,84.9,56.0,38.5,0.00,1,-10.0,-15.2
12.80,cruise,348.42,1.58,0.570,1,2423.1,2643.9,69.4,721.6,5.45,34.37,31,5,-1,56.7,39.7,53.4,44.0,0.02,-0.10,1.00,0.00,0.00,0.00,-26.49,22.56,99,-1,0,1,-2.8,0.08,0.570,0.637,1.66,0,25,0,264.8,86.3,55.2,37.4,0.00,1,-9.4,-14.0
12.90,cruise,348.59,1.41,0.600,1,2423.7,2647.5,68.8,718.0,6.06,36.21,28,5,-1,57.6,40.6,53.4,44.9,0.03,-0.09,1.00,0.00,0.00,0.00,-29.24,22.20,99,-1,0,2,-0.1,0.04,0.600,0.674,1.87,0,25,0,266.6,87.6,54.6,36.8,0.00,1,-7.1,-13.1
13.00,cruise,348.78,1.22,0.600,1,2425.1,2655.2,68.1,714.2,7.65,39.81,25,5,-1,58.4,41.8,53.7,46.2,0.05,-0.07,1.00,0.00,0.00,0.00,-31.74,21.91,99,-1,0,1,5.5,-0.02,0.600,0.674,2.13,0,25,0,267.9,88.5,54.5,37.0,0.00,1,3.4,-10.1
13.10,cruise,348.98,1.02,0.600,1,2425.1,2655.2,67.4,710.3,7.65,39.81,22,5,-1,59.1,43.3,54.5,47.9,0.08,-0.04,1.00,0.00,0.00,0.00,-34.14,21.87,99,-1,0,0,5.5,-0.10,0.600,0.669,2.47,0,25,0,268.6,89.0,55.0,38.1,0.00,1,3.4,-10.1
13.20,cruise,349.21,0.79,0.600,1,2426.0,2659.3,66.5,706.2,8.53,41.75,19,1,-1,59.9,45.2,55.6,49.9,0.09,-0.01,1.00,0.00,0.00,0.00,-36.80,21.47,99,-1,0,-2,8.2,-0.20,0.601,0.661,2.83,0,25,0,268.5,89.0,56.2,40.1,0.00,1,10.1,-6.8
13.30,cruise,349.46,0.54,0.600,1,2427.9,2668.2,65.6,701.9,10.28,45.79,16,1,-1,60.7,47.2,57.0,51.8,0.09,0.01,1.00,0.00,0.00,0.00,-39.36,21.16,99,-1,0,-4,9.4,-0.28,0.603,0.660,3.12,0,25,0,267.5,88.5,57.9,42.8,0.00,1,19.3,3.5
13.40,cruise,349.74,0.26,0.600,1,2429.0,2672.9,64.6,697.3,11.16,47.72,14,1,-1,61.6,49.3,58.4,53.3,0.07,0.01,1.00,0.00,0.00,0.00,-41.98,20.98,99,-1,0,-7,7.0,-0.33,0.604,0.649,3.31,0,25,0,265.7,87.5,59.9,45.7,0.00,1,20.6,8.1
13.50,cruise,350.04,-0.04,0.600,1,2430.1,2677.8,63.5,692.6,11.87,49.83,12,1,-1,62.5,51.1,59.7,54.4,0.04,0.01,1.00,0.00,0.00,0.00,-44.35,20.86,99,-1,0,-10,2.3,-0.34,0.604,0.629,3.42,0,25,0,263.0,86.3,62.0,48.6,0.00,1,21.1,13.0
13.60,cruise,350.36,-0.36,0.600,1,2430.1,2677.8,62.4,687.7,11.87,49.83,13,10,-1,63.7,52.6,60.9,54.8,-0.00,0.00,1.00,0.00,0.00,0.00,-46.00,22.55,99,-1,0,-13,2.3,-0.30,0.603,0.607,3.45,0,25,0,259.6,84.9,64.0,51.1,0.00,1,21.1,13.0
13.70,cruise,350.70,-0.70,0.600,1,2431.4,2683.0,61.1,682.5,12.39,52.12,13,10,-1,65.1,53.6,62.1,54.4,-0.05,0.00,1.00,0.00,0.00,0.00,-47.80,24.19,99,-1,0,-15,-4.5,-0.20,0.601,0.632,3.43,0,25,0,255.5,83.5,66.1,53.1,0.00,1,21.4,17.5
13.80,cruise,351.05,-1.05,0.600,1,2432.6,2688.4,59.9,677.1,12.83,54.23,14,10,-1,66.6,54.0,63.5,53.3,-0.08,0.01,1.00,0.00,0.00,0.00,-49.36,25.87,99,-1,0,-16,-12.6,-0.06,0.600,0.658,3.42,0,25,0,251.4,82.2,67.9,54.3,0.00,1,21.1,20.0
13.90,cruise,351.41,-1.41,0.600,1,2435.3,2699.8,58.6,671.5,13.18,58.62,15,10,-1,68.3,53.8,65.2,51.8,-0.10,0.04,1.00,0.00,0.00,0.00,-51.02,27.56,99,-1,0,-16,-28.0,0.10,0.600,0.682,3.40,0,25,0,247.9,81.4,69.5,54.7,0.00,1,19.7,15.4
14.00,cruise,351.75,-1.75,0.600,1,2435.3,2699.8,57.2,665.7,13.18,58.62,24,25,-1,69.9,52.6,67.1,49.8,-0.10,0.06,1.00,0.00,0.00,0.00,-48.38,35.63,99,-1,0,-16,-28.0,0.25,0.602,0.703,3.36,0,25,0,245.5,81.1,71.0,54.0,0.00,1,19.7,15.4
14.10,cruise,352.08,-2.08,0.600,1,2436.6,2705.8,55.9,659.7,13.01,60.73,32,25,-1,70.7,49.5,69.0,47.5,-0.10,0.08,1.00,0.00,0.00,0.00,-44.50,43.33,99,-1,0,-14,-33.0,0.39,0.606,0.717,3.28,0,25,0,244.9,81.4,72.2,52.2,0.00,1,17.9,9.9
14.20,cruise,352.39,-2.39,0.600,1,2437.8,2712.0,54.7,653.5,12.74,63.02,40,25,-1,71.5,45.5,70.8,44.8,-0.09,0.09,1.00,0.00,0.00,0.00,-39.70,50.57,99,-1,0,-11,-34.9,0.48,0.609,0.718,3.14,0,25,0,246.5,82.5,73.1,49.2,0.00,1,14.7,2.5
14.30,cruise,352.67,-2.67,0.600,1,2439.1,2718.5,53.4,647.0,12.39,65.13,48,25,-1,72.0,41.5,72.3,41.9,-0.08,0.08,1.00,0.00,0.00,0.00,-34.19,56.80,99,-1,0,-7,-33.2,0.53,0.610,0.707,2.93,0,25,0,250.8,84.2,73.8,45.3,0.00,1,11.1,-5.5
14.40,cruise,352.92,-2.92,0.600,1,2440.3,2725.2,52.2,640.3,12.04,67.41,48,12,-1,72.5,37.5,73.4,39.6,-0.06,0.05,1.00,0.00,0.00,0.00,-36.11,58.19,99,-1,0,-3,-27.6,0.50,0.609,0.678,2.65,0,25,0,257.8,86.5,74.2,41.1,0.00,1,6.9,-13.4
14.50,cruise,353.14,-3.14,0.600,1,2441.5,2732.1,51.0,633.4,11.78,69.70,48,12,-1,72.8,33.8,74.1,38.6,-0.04,0.01,1.00,0.00,0.00,0.00,-37.59,59.86,99,-1,0,1,-18.8,0.39,0.606,0.634,2.32,0,25,0,267.3,89.2,74.2,37.6,0.00,1,1.6,-21.0
14.60,cruise,353.31,-3.31,0.600,1,2443.8,2746.6,49.8,626.3,11.60,74.18,49,12,-1,73.0,33.2,74.3,39.9,-0.01,-0.03,1.00,0.00,0.00,0.00,-38.85,61.70,99,-1,0,3,4.9,0.20,0.601,0.624,1.96,0,25,0,277.8,92.3,73.8,35.9,0.00,1,-6.2,-33.5
14.70,cruise,353.42,-3.42,0.600,1,2445.0,2754.2,48.7,618.9,11.78,76.29,49,12,-1,73.1,35.1,74.4,43.8,0.03,-0.04,1.00,0.00,0.00,0.00,-39.80,63.67,99,-1,0,2,15.6,-0.05,0.600,0.640,1.60,0,25,0,287.7,95.6,73.0,36.3,0.00,1,-6.7,-37.6
14.80,cruise,353.47,-3.47,0.600,1,2445.0,2754.2,47.5,611.3,11.78,76.29,39,334,-1,73.0,38.8,74.7,49.4,0.06,-0.02,1.00,0.00,0.00,0.00,-52.01,57.04,99,-1,0,0,15.6,-0.31,0.604,0.655,1.22,0,25,0,295.6,98.8,72.0,38.3,0.00,1,-6.7,-37.6
14.90,brake,353.45,-3.45,0.385,1,2447.5,2769.9,0.0,0.0,12.92,80.42,29,334,-1,67.0,32.8,75.2,55.9,0.18,0.10,1.00,0.00,0.00,0.00,-62.49,48.75,99,-1,0,-2,27.5,-0.52,0.391,0.500,0.84,0,25,0,301.5,102.0,70.9,41.0,0.00,1,-4.7,-39.2
15.00,brake,353.38,-3.38,0.406,1,2448.8,2778.1,0.0,0.0,13.62,81.91,21,334,-1,61.0,26.8,76.0,61.8,0.25,0.21,1.00,0.00,0.00,0.00,-70.64,40.55,99,-1,0,-5,26.6,-0.60,0.415,0.603,0.45,0,25,0,305.6,105.0,69.5,43.3,0.00,1,-5.3,-35.9
15.10,brake,353.26,-3.26,0.433,1,2450.2,2786.4,0.0,0.0,14.33,82.88,14,334,-1,55.0,20.8,76.8,66.3,0.31,0.29,1.00,0.00,0.00,0.00,-76.15,33.12,99,-1,0,-6,22.5,-0.60,0.443,0.682,-0.09,0,25,0,308.0,107.6,68.0,44.5,0.00,1,-8.8,-28.6
15.20,brake,353.10,-3.10,0.474,1,2451.7,2794.7,0.0,0.0,15.29,83.85,8,321,-1,49.0,14.8,76.9,68.7,0.32,0.28,1.00,0.00,0.00,0.00,-79.86,26.39,99,-1,0,-6,15.5,-0.57,0.483,0.723,-0.86,0,25,0,308.5,109.5,66.0,44.3,0.00,1,-15.9,-16.9
15.30,brake,352.91,-2.91,0.522,1,2451.7,2794.7,0.0,0.0,15.29,83.85,4,321,-1,43.0,8.8,75.6,68.2,0.26,0.20,1.00,0.00,0.00,0.00,-82.61,20.99,99,-1,0,-4,15.5,-0.38,0.527,0.711,-1.72,0,25,0,307.1,110.6,63.6,42.1,0.00,1,-15.9,-16.9
15.40,brake,352.73,-2.73,0.575,1,2455.1,2811.8,0.0,0.0,17.58,86.13,360,321,-1,37.0,8.5,72.6,64.5,0.14,0.05,1.00,0.00,0.00,0.00,-84.94,16.15,99,-1,0,1,-4.5,-0.10,0.575,0.652,-2.63,0,25,0,304.0,110.8,60.7,37.8,0.00,1,-36.0,13.6
15.50,brake,352.55,-2.55,0.628,1,2456.9,2820.5,0.0,0.0,18.98,87.36,356,321,-1,31.0,8.2,68.0,57.8,-0.02,-0.11,1.00,0.00,0.00,0.00,-87.16,11.41,99,-1,0,7,-13.6,0.23,0.630,0.681,-3.51,0,25,0,299.8,110.1,57.3,31.6,0.00,1,-44.3,28.6
15.60,brake,352.39,-2.39,0.671,1,2456.9,2820.5,0.0,0.0,18.98,87.36,353,335,-1,25.0,7.0,62.1,48.8,-0.18,-0.23,1.00,0.00,0.00,0.00,-89.03,8.10,99,-1,0,14,-13.6,0.56,0.684,0.849,-4.17,0,25,0,294.9,108.9,53.7,24.1,0.00,1,-44.3,28.6
15.70,brake,352.25,-2.25,0.675,1,2458.9,2829.3,0.0,0.0,20.39,88.95,350,335,-1,19.0,5.4,56.1,39.0,-0.29,-0.27,1.00,0.00,0.00,0.00,-91.13,4.71,99,-1,0,22,-19.1,0.60,0.690,0.914,-4.43,0,25,0,290.3,107.3,49.9,16.7,0.00,1,-48.4,39.2
15.80,brake,352.14,-2.14,0.550,1,2463.4,2847.4,0.0,0.0,22.85,91.76,347,335,-1,13.0,3.4,50.7,30.5,-0.29,-0.19,1.00,0.00,0.00,0.00,-92.93,1.49,99,-1,0,28,-11.5,0.60,0.563,0.756,-4.12,0,25,0,286.3,105.6,46.4,10.9,0.00,1,-36.4,37.9
15.90,brake,352.05,-2.05,0.455,1,2465.7,2856.7,0.0,0.0,23.64,92.99,345,335,-1,7.0,1.3,46.7,24.7,-0.17,0.00,1.00,0.00,0.00,0.00,-94.55,-1.69,99,-1,0,31,-0.8,0.60,0.465,0.533,-3.22,0,25,0,283.1,103.7,43.7,7.6,0.00,1,-23.7,26.6
16.00,brake,351.98,-1.98,0.375,1,2468.1,2866.1,0.0,0.0,23.91,93.60,345,350,-1,1.0,-0.8,44.1,21.8,0.04,0.24,1.00,0.00,0.00,0.00,-95.94,-0.59,99,-1,0,32,10.0,0.60,0.384,0.495,-2.08,0,25,0,280.5,101.7,41.8,6.8,0.00,1,-14.7,14.5
16.10,brake,351.92,-1.92,0.324,1,2470.5,2875.5,0.0,0.0,24.08,93.96,346,350,-1,-5.0,-3.0,42.2,21.1,0.25,0.40,1.00,0.00,0.00,0.00,-96.61,0.12,99,-1,0,31,19.8,0.42,0.328,0.586,-1.27,0,25,0,278.0,99.3,40.5,7.7,0.00,1,-13.4,7.1
16.20,brake,351.87,-1.87,0.296,1,2472.9,2884.9,0.0,0.0,24.26,94.22,346,350,-1,-11.0,-5.4,40.1,21.7,0.41,0.42,1.00,0.00,0.00,0.00,-96.99,0.82,99,-1,1,29,28.8,0.18,0.297,0.593,-0.88,0,25,0,275.1,96.3,38.9,9.6,0.00,1,-20.4,5.9
16.30,brake,351.84,-1.84,0.277,1,2472.9,2884.9,0.0,0.0,24.26,94.22,346,350,-1,-17.0,-8.4,36.9,22.5,0.48,0.29,1.00,0.00,0.00,0.00,-97.28,1.58,99,-1,1,26,28.8,-0.05,0.277,0.553,-0.76,0,25,0,271.4,91.9,36.5,12.1,0.00,1,-20.4,5.9
16.40,brake,351.83,-1.83,0.263,1,2475.3,2894.3,0.0,0.0,24.26,94.39,349,3,-1,-23.0,-11.9,32.0,22.6,0.45,0.08,0.90,0.00,0.00,0.00,-97.28,6.02,99,-1,0,24,36.0,-0.24,0.264,0.476,-0.87,0,25,0,266.9,85.2,33.0,14.6,0.00,1,-32.6,10.5
16.50,brake,351.85,-1.85,0.250,1,2480.3,2913.2,0.0,0.0,24.79,94.57,351,3,-1,-29.0,-15.8,25.6,21.6,0.34,-0.16,0.73,0.00,0.00,0.00,-97.19,9.98,99,-1,0,21,47.1,-0.41,0.253,0.452,-1.01,0,25,0,261.6,74.6,28.3,17.1,0.00,1,-53.3,30.6
16.60,brake,351.88,-1.88,0.250,1,2481.5,2918.0,0.0,0.0,24.87,94.48,353,3,-1,-35.0,-20.2,18.2,19.2,0.13,-0.35,0.52,0.00,0.00,0.00,-96.85,13.35,99,-1,0,19,49.7,-0.57,0.255,0.445,-1.15,0,25,0,255.7,58.5,22.6,19.9,0.00,1,-55.4,37.6
16.70,brake,351.91,-1.91,0.250,1,2484.0,2927.4,0.0,0.0,24.96,94.13,355,3,-1,-41.0,-24.7,10.8,15.5,-0.11,-0.41,0.29,0.00,0.00,0.00,-96.38,16.04,99,-1,0,15,53.2,-0.69,0.257,0.467,-1.26,0,25,0,249.5,38.2,16.4,23.3,0.00,1,-54.6,47.6
16.80,brake,351.90,-1.90,0.250,1,2486.5,2936.7,0.0,0.0,25.14,93.60,359,27,-1,-39.9,-28.8,4.4,10.9,-0.27,-0.39,0.06,0.00,0.00,0.00,-94.36,24.07,99,-1,1,11,55.6,-0.84,0.261,0.523,-1.48,0,25,0,243.4,19.2,9.9,27.6,0.00,1,-46.8,51.2
16.90,brake,351.86,-1.86,0.250,1,2489.0,2946.0,0.0,0.0,25.14,92.72,4,27,-1,-37.7,-32.4,-0.3,6.0,-0.34,-0.24,0.00,0.00,0.00,0.00,-91.84,30.96,99,-1,0,6,54.8,-0.90,0.263,0.495,-1.66,0,25,0,237.7,5.6,3.5,32.5,0.00,1,-35.8,49.6
17.00,brake,351.81,-1.81,0.250,1,2491.5,2955.3,0.0,0.0,25.14,91.85,7,27,-1,-35.3,-35.2,-3.4,1.4,-0.30,-0.06,0.00,0.00,0.00,0.00,-88.87,36.50,99,-1,0,1,50.7,-0.90,0.263,0.410,-1.54,0,25,0,232.4,356.9,357.6,37.5,0.00,1,-25.4,42.8
17.10,brake,351.74,-1.74,0.250,1,2494.0,2964.4,0.0,0.0,24.87,90.79,10,27,-1,-32.8,-37.4,-5.3,-2.4,-0.18,0.08,0.00,0.00,0.00,0.00,-85.94,41.02,99,-1,0,-4,44.4,-0.90,0.263,0.366,-1.34,0,25,0,227.9,351.7,352.5,42.1,0.00,1,-17.8,31.8
17.20,brake,351.66,-1.66,0.250,1,2496.5,2973.4,0.0,0.0,24.61,89.74,16,46,-1,-30.6,-38.9,-6.6,-5.1,-0.01,0.15,0.00,0.00,0.00,0.00,-80.69,48.49,99,-1,0,-8,37.6,-0.90,0.263,0.324,-1.17,0,25,0,224.0,348.6,348.2,46.2,0.00,1,-14.5,19.3
17.30,brake,351.56,-1.56,0.250,1,2498.9,2982.3,0.0,0.0,24.35,88.68,20,46,-1,-28.7,-39.9,-7.8,-6.8,0.14,0.14,0.01,0.00,0.00,0.00,-75.46,54.44,99,-1,0,-11,29.9,-0.90,0.263,0.375,-1.13,0,25,0,220.8,346.7,344.7,49.5,0.00,1,-15.0,10.9
17.40,brake,351.46,-1.46,0.250,1,2501.4,2991.0,0.0,0.0,24.08,87.63,25,46,-1,-27.4,-40.5,-9.1,-8.0,0.23,0.10,0.07,0.00,0.00,0.00,-70.49,59.06,99,-1,0,-14,20.7,-0.87,0.262,0.393,-1.14,0,25,0,218.4,345.1,341.4,52.0,0.00,1,-16.2,7.7
17.50,brake,351.34,-1.34,0.250,1,2503.8,2999.7,0.0,0.0,23.91,86.57,28,46,-1,-26.8,-40.8,-10.6,-9.2,0.23,0.05,0.13,0.00,0.00,0.00,-65.89,62.59,99,-1,0,-15,11.6,-0.72,0.258,0.372,-1.12,0,25,0,216.8,343.2,338.0,53.7,0.00,1,-18.0,9.8
17.60,brake,351.23,-1.23,0.250,1,2506.1,3008.3,0.0,0.0,23.91,85.61,32,54,-1,-26.7,-40.9,-12.5,-10.7,0.18,-0.00,0.21,0.00,0.00,0.00,-60.19,66.65,99,-1,0,-16,2.7,-0.55,0.255,0.329,-1.14,0,25,0,216.1,340.6,334.3,54.5,0.00,1,-19.4,15.5
17.70,brake,351.10,-1.10,0.254,1,2508.5,3016.8,0.0,0.0,23.82,84.55,36,54,-1,-27.1,-40.7,-14.6,-12.8,0.11,-0.04,0.30,0.00,0.00,0.00,-54.89,69.90,99,-1,0,-16,-5.4,-0.38,0.256,0.316,-1.18,0,25,0,216.3,337.3,330.4,54.6,0.00,1,-19.4,21.9
17.80,brake,350.96,-0.96,0.267,1,2510.9,3025.2,0.0,0.0,23.73,83.50,40,54,-1,-28.0,-40.3,-16.9,-15.3,0.04,-0.07,0.41,0.00,0.00,0.00,-49.99,72.23,99,-1,0,-15,-12.1,-0.20,0.268,0.311,-1.23,0,25,0,217.4,333.2,326.6,54.0,0.00,1,-18.5,27.8
17.90,brake,350.80,-0.80,0.287,1,2513.3,3033.4,0.0,0.0,23.73,82.44,43,54,-1,-29.2,-39.7,-19.4,-18.1,-0.02,-0.09,0.52,0.00,0.00,0.00,-45.44,73.96,99,-1,0,-14,-18.0,-0.04,0.287,0.331,-1.35,0,25,0,219.3,328.4,323.2,52.9,0.00,1,-16.9,32.6
18.00,brake,350.62,-0.62,0.308,1,2515.6,3041.6,0.0,0.0,23.55,81.21,44,48,-1,-30.6,-38.9,-22.0,-20.9,-0.05,-0.10,0.64,0.00,0.00,0.00,-42.52,74.51,99,-1,0,-13,-22.7,0.11,0.308,0.370,-1.43,0,25,0,222.1,323.3,320.4,51.2,0.00,1,-14.7,34.7
18.10,brake,350.44,-0.44,0.327,1,2518.0,3049.6,0.0,0.0,23.38,79.80,46,48,-1,-32.1,-37.9,-24.7,-23.7,-0.06,-0.11,0.75,0.00,0.00,0.00,-39.65,74.68,99,-1,0,-11,-26.1,0.24,0.329,0.399,-1.45,0,25,0,225.5,317.8,318.3,49.2,0.00,1,-12.0,35.6
18.20,brake,350.24,-0.24,0.351,1,2520.3,3057.5,0.0,0.0,23.29,78.40,47,48,-1,-33.6,-36.8,-27.3,-26.3,-0.06,-0.11,0.85,0.00,0.00,0.00,-36.68,74.63,99,-1,0,-8,-28.3,0.35,0.354,0.421,-1.49,0,25,0,229.6,312.3,316.8,46.9,0.00,1,-9.1,34.4
18.30,brake,350.05,-0.05,0.371,1,2522.6,3065.2,0.0,0.0,23.03,76.82,49,48,-1,-35.0,-35.6,-29.8,-28.5,-0.05,-0.08,0.94,0.00,0.00,0.00,-33.65,74.54,99,-1,0,-6,-28.7,0.45,0.376,0.429,-1.46,0,25,0,234.1,306.8,316.0,44.4,0.00,1,-4.9,33.1
18.40,brake,349.88,0.12,0.389,1,2524.9,3072.7,0.0,0.0,22.76,75.06,47,31,-1,-36.2,-34.3,-31.9,-30.5,-0.04,-0.03,1.00,0.00,0.00,0.00,-35.22,72.05,99,-1,0,-3,-27.3,0.51,0.396,0.427,-1.41,0,25,0,239.0,301.6,315.7,41.7,0.00,1,0.1,31.3
18.50,brake,349.72,0.28,0.402,1,2527.2,3080.1,0.0,0.0,22.41,73.21,46,31,-1,-37.2,-33.0,-33.4,-32.2,-0.04,0.03,1.00,0.00,0.00,0.00,-36.04,69.66,99,-1,0,-1,-23.6,0.53,0.410,0.437,-1.30,0,25,0,243.8,296.9,315.9,39.1,0.00,1,4.7,28.6
18.60,brake,349.60,0.40,0.412,1,2529.4,3087.3,0.0,0.0,21.88,71.37,45,31,-1,-38.0,-32.0,-34.3,-33.7,-0.05,0.10,1.00,0.00,0.00,0.00,-36.41,67.35,99,-1,0,2,-18.3,0.51,0.418,0.477,-1.16,0,25,0,248.2,292.8,316.5,36.8,0.00,1,8.0,26.3
18.70,brake,349.50,0.50,0.418,1,2531.5,3094.3,0.0,0.0,21.36,69.35,44,31,-1,-38.4,-31.3,-34.9,-35.2,-0.07,0.15,1.00,0.00,0.00,0.00,-36.58,65.07,99,-1,0,4,-11.4,0.44,0.423,0.513,-1.00,0,25,0,251.8,289.5,317.1,35.0,0.00,1,8.9,23.8
18.80,brake,349.43,0.57,0.418,1,2533.6,3101.1,0.0,0.0,20.65,67.41,40,16,-1,-38.6,-31.0,-35.2,-36.9,-0.11,0.18,1.00,0.00,0.00,0.00,-39.78,60.68,99,-1,0,5,-3.7,0.32,0.421,0.536,-0.75,0,25,0,254.4,287.0,317.6,33.9,0.00,1,6.6,21.0
18.90,brake,349.39,0.61,0.419,1,2535.6,3107.7,0.0,0.0,19.78,65.65,36,16,-1,-38.5,-31.2,-35.4,-38.7,-0.14,0.18,1.00,0.00,0.00,0.00,-42.22,56.47,99,-1,0,5,3.9,0.17,0.419,0.550,-0.49,0,25,0,255.8,285.5,317.6,33.9,0.00,1,2.0,17.0
19.00,brake,349.36,0.64,0.423,1,2537.5,3114.1,0.0,0.0,18.90,63.81,33,16,-1,-38.1,-31.8,-35.6,-40.5,-0.16,0.17,1.00,0.00,0.00,0.00,-44.12,52.49,99,-1,0,4,11.1,-0.01,0.423,0.556,-0.30,0,25,0,255.9,285.1,317.0,34.9,0.00,1,-4.5,11.3
19.10,brake,349.35,0.65,0.425,1,2539.3,3120.4,0.0,0.0,17.93,61.96,31,16,-1,-37.5,-32.7,-35.9,-42.0,-0.15,0.16,1.00,0.00,0.00,0.00,-45.29,48.76,99,-1,0,2,17.3,-0.19,0.426,0.550,-0.09,0,25,0,254.6,285.8,315.8,37.0,0.00,1,-11.5,4.1
19.20,brake,349.37,0.63,0.423,1,2541.1,3126.4,0.0,0.0,16.96,60.03,29,18,-1,-36.5,-33.9,-36.4,-43.3,-0.12,0.13,1.00,0.00,0.00,0.00,-45.59,45.63,99,-1,0,-2,21.3,-0.38,0.427,0.528,0.15,0,25,0,251.9,287.4,313.8,40.0,0.00,1,-19.3,-3.8
19.30,brake,349.40,0.60,0.421,1,2542.7,3132.3,0.0,0.0,16.00,58.10,27,18,-1,-35.4,-35.1,-37.1,-44.1,-0.07,0.09,1.00,0.00,0.00,0.00,-45.46,42.72,99,-1,0,-5,22.7,-0.53,0.428,0.492,0.38,0,25,0,247.8,289.5,311.0,43.9,0.00,1,-27.3,-11.9
19.40,brake,349.45,0.55,0.419,1,2544.2,3137.9,0.0,0.0,15.21,56.25,26,18,-1,-34.3,-36.2,-38.2,-44.5,-0.01,0.02,1.00,0.00,0.00,0.00,-45.02,40.06,99,-1,0,-10,20.9,-0.60,0.428,0.442,0.57,0,25,0,242.4,291.9,307.6,48.2,0.00,1,-34.5,-19.1
19.50,brake,349.49,0.51,0.420,1,2545.7,3143.4,0.0,0.0,14.50,54.23,25,18,-1,-33.2,-37.1,-39.9,-44.4,0.05,-0.07,1.00,0.00,0.00,0.00,-44.29,37.86,99,-1,0,-14,15.7,-0.60,0.430,0.475,0.71,0,25,0,235.9,294.3,303.7,52.8,0.00,1,-40.5,-25.0
19.60,brake,349.54,0.46,0.424,1,2547.1,3148.7,0.0,0.0,13.89,52.21,31,41,-1,-32.5,-37.6,-42.4,-44.0,0.10,-0.17,1.00,0.00,0.00,0.00,-39.11,40.27,99,-1,0,-19,7.7,-0.60,0.433,0.541,0.87,0,25,0,228.7,296.5,299.6,57.2,0.00,1,-43.8,-28.0
19.70,brake,349.59,0.41,0.432,1,2548.5,3153.8,0.0,0.0,13.71,50.19,36,41,-1,-32.3,-37.7,-45.4,-43.3,0.13,-0.28,1.00,0.00,0.00,0.00,-33.87,42.08,99,-1,0,-22,-2.0,-0.60,0.442,0.605,1.02,0,25,0,221.8,298.4,295.8,60.9,0.00,1,-43.3,-27.9
19.80,brake,349.62,0.38,0.446,1,2549.8,3158.6,0.0,0.0,13.71,48.08,42,41,-1,-32.7,-37.5,-48.6,-42.3,0.16,-0.36,1.00,0.00,0.00,0.00,-28.38,43.60,99,-1,0,-25,-12.9,-0.46,0.452,0.661,1.13,0,25,0,216.3,299.9,292.8,63.4,0.00,1,-38.4,-24.7
19.90,brake,349.65,0.35,0.459,1,2551.2,3163.2,0.0,0.0,13.97,45.79,47,41,-1,-33.7,-36.7,-51.5,-40.5,0.23,-0.38,1.00,0.00,0.00,0.00,-22.85,44.46,99,-1,0,-25,-24.3,-0.25,0.461,0.705,1.16,0,25,0,213.0,300.9,291.3,64.0,0.00,1,-28.4,-21.5
20.00,brake,349.67,0.33,0.458,1,2552.6,3167.7,0.0,0.0,14.41,43.68,54,57,-1,-35.2,-35.3,-53.6,-37.3,0.34,-0.32,1.00,0.00,0.00,0.00,-15.23,45.39,99,-1,0,-24,-34.6,0.01,0.458,0.720,1.14,0,25,0,212.7,301.5,291.5,62.1,0.00,1,-14.7,-16.9
20.10,brake,349.70,0.30,0.444,1,2554.1,3171.9,0.0,0.0,15.03,41.57,61,57,-1,-37.0,-33.4,-54.5,-32.4,0.45,-0.18,1.00,0.00,0.00,0.00,-8.69,45.17,99,-1,0,-19,-44.2,0.32,0.447,0.699,0.99,0,25,0,215.8,301.3,293.7,57.1,0.00,1,1.8,-9.3
20.20,brake,349.76,0.24,0.413,1,2555.7,3175.9,0.0,0.0,15.73,39.46,65,57,-1,-38.8,-30.7,-53.9,-26.2,0.53,0.02,1.00,0.00,0.00,0.00,-3.61,44.06,99,-1,0,-11,-50.8,0.60,0.422,0.641,0.83,0,25,0,222.1,300.0,297.5,49.2,0.00,1,18.8,1.5
20.30,brake,349.83,0.17,0.380,1,2557.3,3179.7,0.0,0.0,16.61,37.53,68,57,-1,-40.6,-27.4,-52.1,-20.1,0.55,0.23,1.00,0.00,0.00,0.00,0.01,42.48,99,-1,0,-1,-54.8,0.60,0.389,0.700,0.61,0,25,0,231.2,297.0,302.4,39.6,0.00,1,32.3,17.4
20.40,brake,349.94,0.06,0.349,1,2559.0,3183.3,0.0,0.0,17.14,35.68,64,28,-1,-42.0,-23.4,-49.6,-15.7,0.46,0.38,1.00,0.00,0.00,0.00,-1.41,41.02,99,-1,0,9,-56.0,0.60,0.357,0.692,0.52,0,25,0,242.4,291.6,307.1,29.7,0.00,1,37.7,36.7
20.50,brake,350.07,-0.07,0.322,1,2560.8,3186.7,0.0,0.0,17.58,34.10,60,28,-1,-43.2,-18.8,-47.5,-13.9,0.28,0.38,1.00,0.00,0.00,0.00,-2.73,39.49,99,-1,0,18,-56.0,0.60,0.330,0.593,0.57,0,25,0,255.0,283.1,310.8,20.3,0.00,1,32.9,56.7
20.60,brake,350.19,-0.19,0.308,1,2562.6,3190.0,0.0,0.0,17.75,32.70,57,28,-1,-44.1,-13.9,-46.5,-14.8,0.06,0.23,1.00,0.00,0.00,0.00,-3.72,38.18,99,-1,0,27,-54.2,0.60,0.315,0.428,0.66,0,25,0,268.4,271.5,313.3,11.8,0.00,1,21.4,74.0
20.70,brake,350.27,-0.27,0.307,1,2564.3,3193.2,0.0,0.0,17.67,31.46,55,28,-1,-44.6,-8.9,-47.3,-17.7,-0.16,-0.03,1.00,0.00,0.00,0.00,-4.44,36.94,99,-1,0,34,-50.8,0.60,0.314,0.387,0.83,0,25,0,282.0,258.2,314.5,4.3,0.00,1,7.8,85.9
20.80,brake,350.31,-0.31,0.329,1,2566.1,3196.3,0.0,0.0,17.31,30.41,44,335,-1,-44.9,-4.1,-49.8,-22.1,-0.32,-0.29,1.00,0.00,0.00,0.00,-10.35,34.57,99,-1,0,41,-45.4,0.60,0.336,0.582,0.94,0,25,0,294.9,245.0,315.2,357.9,0.00,1,-3.4,92.0
20.90,brake,350.30,-0.30,0.381,1,2567.7,3199.2,0.0,0.0,16.61,29.27,33,335,-1,-45.0,0.1,-53.2,-27.5,-0.42,-0.47,1.00,0.00,0.00,0.00,-16.07,31.08,99,-1,0,46,-38.2,0.60,0.390,0.746,0.91,0,25,0,305.8,233.1,316.1,352.8,0.00,1,-7.2,91.5
21.00,brake,350.26,-0.26,0.460,1,2569.3,3202.1,0.0,0.0,15.73,28.04,23,335,-1,-44.9,3.6,-56.5,-33.0,-0.45,-0.49,1.00,0.00,0.00,0.00,-20.62,26.60,99,-1,0,50,-29.6,0.60,0.470,0.845,0.72,0,25,0,313.9,222.7,318.5,348.7,0.00,1,-0.8,85.1
21.10,brake,350.23,-0.23,0.530,1,2570.8,3204.8,0.0,0.0,14.24,26.72,14,335,-1,-44.8,6.7,-58.4,-37.7,-0.43,-0.33,1.00,0.00,0.00,0.00,-23.51,21.93,99,-1,0,54,-19.8,0.60,0.542,0.844,0.41,0,25,0,318.7,213.3,323.3,344.7,0.00,1,14.6,74.9
21.20,brake,350.23,-0.23,0.547,1,2572.1,3207.4,0.0,0.0,12.22,25.49,4,309,-1,-44.6,9.6,-58.0,-40.5,-0.37,-0.02,1.00,0.00,0.00,0.00,-25.58,16.20,99,-1,0,58,-10.1,0.60,0.559,0.716,0.07,0,25,0,320.7,204.4,330.9,340.1,0.00,1,35.8,60.3
21.30,brake,350.28,-0.28,0.549,1,2573.1,3209.8,0.0,0.0,9.93,24.52,357,309,-1,-44.3,12.3,-54.7,-41.1,-0.30,0.36,1.00,0.00,0.00,0.00,-26.18,10.66,99,-1,0,64,1.4,0.60,0.561,0.827,-0.39,0,25,0,320.6,196.0,340.7,334.8,0.00,1,56.6,41.6
21.40,brake,350.36,-0.36,0.495,1,2573.9,3212.2,0.0,0.0,7.29,23.91,350,309,-1,-44.0,14.3,-48.8,-40.5,-0.26,0.73,1.00,0.00,0.00,0.00,-25.85,5.65,99,-1,0,68,16.1,0.60,0.506,0.903,-0.83,0,25,0,318.9,188.3,350.6,330.1,0.00,1,68.6,21.5
21.50,brake,350.46,-0.46,0.435,1,2574.5,3214.6,0.0,0.0,4.83,23.73,345,309,-1,-44.0,14.8,-41.0,-39.4,-0.26,1.00,1.00,0.00,0.00,0.00,-24.98,0.95,99,-1,1,71,34.0,0.48,0.441,0.883,-1.08,0,25,0,315.6,181.7,358.3,327.4,0.00,1,67.0,0.4
21.60,brake,350.55,-0.55,0.380,1,2574.8,3217.0,0.0,0.0,2.81,24.08,342,319,-1,-44.2,13.2,-32.7,-38.1,-0.25,1.00,1.00,0.00,0.00,0.00,-24.07,-2.65,99,-1,1,71,52.2,0.12,0.380,0.761,-1.01,0,25,0,310.9,177.4,2.2,327.8,0.00,1,47.6,-19.4
21.70,brake,350.62,-0.62,0.336,1,2575.0,3219.5,0.0,0.0,1.23,24.70,340,319,-1,-44.6,9.0,-25.3,-36.4,-0.16,1.00,1.00,0.00,0.00,0.00,-23.56,-5.72,99,-1,1,67,67.6,-0.24,0.337,0.675,-0.82,0,25,0,304.6,177.0,2.1,331.6,0.00,1,18.0,-36.5
21.80,brake,350.67,-0.67,0.297,1,2575.0,3222.0,0.0,0.0,0.09,25.22,337,319,-1,-45.0,3.0,-20.2,-33.9,0.04,0.96,0.91,0.00,0.00,0.00,-23.28,-8.32,99,-1,1,60,76.7,-0.55,0.303,0.605,-0.52,0,25,0,297.2,182.5,358.7,338.4,0.00,1,-13.2,-50.8
21.90,brake,350.70,-0.70,0.266,1,2574.9,3224.5,0.0,0.0,-0.79,25.58,335,319,-1,-44.9,-3.0,-18.2,-30.4,0.25,0.66,0.80,0.00,0.00,0.00,-22.98,-10.41,99,-1,1,51,79.8,-0.72,0.275,0.550,-0.24,0,25,0,289.0,200.2,352.8,347.4,0.00,1,-44.0,-62.4
22.00,brake,350.70,-0.70,0.250,1,2574.8,3227.1,0.0,0.0,-1.49,25.84,338,350,-1,-44.3,-9.0,-19.9,-26.6,0.39,0.22,0.72,0.00,0.00,0.00,-23.41,-10.33,99,-1,0,41,78.0,-0.74,0.259,0.502,-0.07,0,25,0,280.1,236.7,344.8,357.9,0.00,1,-74.2,-70.4
22.10,brake,350.64,-0.64,0.250,1,2574.6,3229.7,0.0,0.0,-2.02,25.66,340,350,-1,-43.3,-15.0,-25.0,-23.2,0.39,-0.28,0.74,0.00,0.00,0.00,-23.77,-10.25,99,-1,1,29,71.4,-0.73,0.258,0.517,0.13,0,25,0,270.4,269.1,335.2,9.1,0.00,1,-97.3,-73.4
22.20,brake,350.49,-0.49,0.260,1,2574.4,3232.2,0.0,0.0,-2.29,25.31,341,350,-1,-42.1,-21.0,-32.4,-21.1,0.26,-0.72,0.89,0.00,0.00,0.00,-23.69,-10.06,99,-1,1,18,64.0,-0.68,0.267,0.534,0.20,0,25,0,259.2,285.1,324.7,20.5,0.00,1,-109.5,-70.9
22.30,brake,350.25,-0.25,0.311,1,2574.2,3234.7,0.0,0.0,-2.29,24.70,343,350,-1,-40.8,-26.9,-41.0,-20.6,0.12,-1.00,1.00,0.00,0.00,0.00,-23.46,-9.76,99,-1,1,7,53.4,-0.60,0.318,0.637,0.01,0,25,0,245.4,293.7,313.8,31.7,0.00,1,-112.3,-67.8
22.40,brake,349.95,0.05,0.389,1,2573.9,3237.1,0.0,0.0,-2.11,23.55,353,41,-1,-39.5,-29.4,-49.6,-21.6,0.01,-1.00,1.00,0.00,0.00,0.00,-24.23,-5.31,99,-1,1,-4,41.1,-0.60,0.397,0.795,-0.16,0,25,0,229.0,299.8,303.4,42.7,0.00,1,-104.3,-65.4
22.50,brake,349.63,0.37,0.491,1,2573.8,3239.3,0.0,0.0,-1.49,22.15,4,41,-1,-38.5,-31.3,-56.9,-23.0,-0.00,-1.00,1.00,0.00,0.00,0.00,-23.65,-0.33,99,-1,0,-14,30.0,-0.60,0.502,0.902,-0.39,0,25,0,212.7,305.4,294.5,52.9,0.00,1,-84.3,-66.0
22.60,brake,349.32,0.68,0.591,1,2573.7,3241.4,0.0,0.0,-0.53,20.30,16,41,-1,-37.4,-32.8,-61.4,-23.1,0.08,-0.83,1.00,0.00,0.00,0.00,-21.68,4.78,99,-1,0,-23,19.9,-0.60,0.604,0.969,-0.76,0,25,0,201.0,311.5,288.8,61.1,0.00,1,-52.1,-68.2
22.70,brake,349.07,0.93,0.631,1,2573.7,3243.3,0.0,0.0,0.88,18.37,27,41,-1,-36.2,-34.3,-62.2,-19.5,0.25,-0.33,1.00,0.00,0.00,0.00,-18.28,8.85,99,-1,0,-27,10.9,-0.60,0.646,0.879,-1.35,0,25,0,195.6,318.4,287.5,65.1,0.00,1,-10.2,-71.2
22.80,brake,348.87,1.13,0.608,1,2574.0,3245.0,0.0,0.0,2.72,16.35,39,74,-1,-34.7,-35.8,-58.9,-11.8,0.49,0.29,1.00,0.00,0.00,0.00,-13.66,12.31,99,-1,0,-26,0.6,-0.60,0.621,0.932,-2.15,0,25,0,195.6,326.0,292.5,64.5,0.00,1,35.7,-71.4
22.90,brake,348.71,1.29,0.572,1,2574.4,3246.5,0.0,0.0,5.27,14.59,48,74,-1,-33.0,-37.2,-52.1,-2.8,0.74,0.88,1.00,0.00,0.00,0.00,-8.91,13.98,99,-1,1,-23,-12.3,-0.47,0.580,1.000,-2.97,0,25,0,198.8,334.1,305.0,61.5,0.00,1,73.5,-64.0
23.00,brake,348.57,1.43,0.545,1,2575.1,3247.9,0.0,0.0,7.65,13.45,54,74,-1,-31.8,-38.1,-43.6,4.8,0.93,1.00,1.00,0.00,0.00,0.00,-4.41,14.87,99,-1,1,-20,-28.1,-0.15,0.546,1.000,-3.41,0,25,0,203.5,341.7,322.8,58.2,0.00,1,87.8,-45.9
23.10,brake,348.45,1.55,0.510,1,2576.0,3249.2,0.0,0.0,9.67,13.18,57,74,-1,-30.1,-36.7,-35.2,9.8,0.95,1.00,0.86,0.00,0.00,0.00,-0.86,15.45,99,-1,1,-16,-45.0,0.24,0.512,1.000,-3.20,0,25,0,209.2,347.6,338.4,54.4,0.00,1,78.9,-19.0
23.20,brake,348.39,1.61,0.453,1,2577.1,3250.5,0.0,0.0,11.07,13.62,56,54,-1,-31.8,-35.8,-28.1,11.9,0.74,1.00,0.66,0.00,0.00,0.00,0.77,16.33,99,-1,1,-11,-58.5,0.68,0.466,0.932,-2.33,0,25,0,215.6,350.2,346.5,49.4,0.00,1,55.9,13.1
23.30,brake,348.45,1.55,0.393,1,2578.3,3252.0,0.0,0.0,12.22,14.33,56,54,-1,-35.7,-34.8,-23.3,10.6,0.33,0.92,0.51,0.00,0.00,0.00,1.53,17.49,99,-1,1,-5,-66.4,0.83,0.410,0.820,-1.32,0,25,0,222.8,348.0,347.1,43.2,0.00,1,26.1,48.0
23.40,brake,348.59,1.41,0.334,1,2579.6,3253.4,0.0,0.0,12.92,15.03,56,54,-1,-38.3,-31.5,-21.9,6.3,-0.13,0.49,0.42,0.00,0.00,0.00,2.01,18.72,99,-1,0,3,-71.1,0.87,0.350,0.598,-0.30,0,25,0,230.9,339.0,342.7,35.7,0.00,1,-7.0,77.8
23.50,brake,348.79,1.21,0.288,1,2580.9,3255.0,0.0,0.0,13.45,15.38,56,54,-1,-40.7,-27.1,-24.7,-0.0,-0.48,-0.13,0.49,0.00,0.00,0.00,2.27,19.69,99,-1,0,11,-71.6,0.84,0.301,0.546,0.60,0,25,0,239.9,321.5,335.3,27.7,0.00,1,-42.3,100.1
23.60,brake,348.91,1.09,0.260,1,2582.3,3256.5,0.0,0.0,13.54,15.29,51,20,-1,-42.4,-22.1,-31.3,-7.2,-0.61,-0.73,0.73,0.00,0.00,0.00,0.59,20.42,99,-1,1,18,-68.2,0.75,0.269,0.538,1.47,0,25,0,250.4,298.5,326.8,20.4,0.00,1,-63.6,106.2
23.70,brake,348.94,1.06,0.292,1,2583.6,3258.0,0.0,0.0,13.45,14.50,46,20,-1,-43.5,-17.4,-40.5,-14.9,-0.65,-1.00,1.00,0.00,0.00,0.00,-0.73,20.41,99,-1,1,23,-54.4,0.62,0.299,0.597,1.68,0,25,0,262.8,278.1,318.4,15.2,0.00,1,-77.7,107.1
23.80,brake,348.89,1.11,0.364,1,2584.9,3259.3,0.0,0.0,13.01,13.36,44,20,-1,-44.1,-13.9,-50.9,-24.5,-0.71,-1.00,1.00,0.00,0.00,0.00,-1.08,19.75,99,-1,1,25,-36.1,0.60,0.373,0.745,2.09,0,25,0,277.7,263.4,310.6,13.5,0.00,1,-77.3,105.5
23.90,brake,348.77,1.23,0.519,1,2586.2,3260.6,0.0,0.0,12.22,11.78,44,20,-1,-44.4,-11.7,-60.9,-36.3,-0.73,-1.00,1.00,0.00,0.00,0.00,-0.60,18.64,99,-1,1,23,-20.5,0.60,0.530,1.000,2.20,0,25,0,294.6,252.6,304.4,15.7,0.00,1,-65.2,98.9
24.00,brake,348.61,1.39,0.542,1,2587.3,3261.6,0.0,0.0,11.16,10.11,34,321,-1,-40.2,-8.2,-68.9,-48.9,-0.68,-1.00,1.00,0.00,0.00,0.00,-2.96,16.71,99,-1,1,18,-7.9,0.60,0.554,1.000,1.78,0,25,0,308.9,244.2,300.9,20.2,0.00,1,-41.5,84.1
24.10,brake,348.46,1.54,0.591,1,2588.3,3262.5,0.0,0.0,9.49,8.00,25,321,-1,-34.9,-4.9,-73.0,-57.4,-0.52,-0.92,1.00,0.00,0.00,0.00,-4.55,14.35,99,-1,1,16,1.7,0.48,0.599,1.000,0.87,0,25,0,316.1,237.9,301.2,22.3,0.00,1,-3.5,59.9
24.20,brake,348.34,1.66,0.666,1,2589.1,3263.1,0.0,0.0,7.65,6.06,16,321,-1,-28.9,-1.9,-71.9,-58.0,-0.29,-0.33,1.00,0.00,0.00,0.00,-5.02,11.35,99,-1,0,20,9.8,0.37,0.671,0.917,-0.52,0,25,0,316.1,233.4,305.5,18.5,0.00,1,38.3,32.5
24.30,cruise,348.27,1.73,0.756,1,2589.8,3263.6,-96.6,102.4,5.71,4.04,9,321,-1,-24.9,-5.9,-65.1,-52.0,0.00,0.20,1.00,0.00,0.00,0.00,-4.83,8.48,99,-1,0,29,17.4,0.38,0.763,0.911,-2.17,0,25,0,311.1,230.0,313.9,9.6,0.00,1,82.6,6.7
24.40,cruise,348.21,1.79,0.800,1,2590.2,3263.8,-97.3,101.9,3.34,2.11,2,327,-1,-20.9,-9.9,-52.7,-43.6,0.14,0.53,1.00,0.00,0.00,0.00,-3.79,5.88,99,-1,1,39,29.2,0.43,0.809,1.000,-3.79,0,25,0,303.4,226.1,325.6,359.8,0.00,1,120.9,-15.8
24.50,cruise,348.14,1.86,0.709,1,2590.3,3263.9,-97.7,101.7,0.70,0.35,357,327,-1,-16.9,-13.9,-36.1,-36.6,0.24,0.91,1.00,0.00,0.00,0.00,-2.27,3.23,99,-1,1,46,48.1,0.22,0.711,1.000,-4.93,0,25,0,294.9,219.7,338.9,353.0,0.00,1,139.3,-31.6
24.60,cruise,348.04,1.96,0.651,1,2590.1,3263.9,-97.8,101.6,-2.11,-0.79,353,327,-1,-12.9,-17.9,-17.8,-31.9,0.26,1.00,0.84,0.00,0.00,0.00,-0.44,0.65,99,-1,1,48,69.1,-0.16,0.652,1.000,-5.01,0,25,0,286.5,204.8,352.2,350.2,0.00,1,137.9,-34.9
24.70,cruise,347.93,2.07,0.600,1,2589.8,3263.8,-97.6,101.6,-4.13,-0.62,349,327,-1,-8.9,-21.9,-0.8,-29.1,0.24,1.00,0.64,0.00,0.00,0.00,1.18,-1.92,99,-1,1,47,86.5,-0.58,0.613,1.000,-3.65,0,25,0,278.1,155.3,3.7,351.2,0.00,1,113.8,-26.8
24.80,cruise,347.83,2.17,0.600,1,2589.3,3263.8,-97.3,101.7,-5.36,0.53,351,1,-1,-4.9,-25.9,12.7,-27.0,0.21,1.00,0.64,0.00,0.00,0.00,1.26,-3.98,99,-1,1,43,96.6,-0.78,0.623,1.000,-1.81,0,25,0,268.9,84.9,12.2,355.5,0.00,1,76.9,-12.2
24.90,cruise,347.80,2.20,0.600,1,2588.7,3264.0,-96.8,101.7,-6.33,2.20,353,1,-1,-0.9,-29.9,21.6,-25.0,0.25,0.92,0.72,0.00,0.00,0.00,0.16,-5.38,99,-1,1,36,98.6,-0.74,0.621,1.000,-0.23,0,25,0,258.9,57.3,17.0,2.6,0.00,1,34.4,3.9
25.00,cruise,347.91,2.09,0.600,1,2587.9,3264.3,-96.2,101.5,-7.29,4.13,354,1,-1,3.1,-28.9,25.5,-23.0,0.25,0.53,0.75,0.00,0.00,0.00,-1.53,-6.52,99,-1,1,26,94.4,-0.73,0.620,1.000,0.97,0,25,0,248.9,39.1,17.4,12.0,0.00,1,-11.5,18.3
25.10,cruise,348.18,1.82,0.600,1,2587.1,3264.9,-95.4,101.2,-8.44,6.06,355,1,-1,7.1,-24.9,24.4,-21.4,0.18,0.07,0.70,0.00,0.00,0.00,-3.51,-7.61,99,-1,0,16,88.3,-0.75,0.621,0.775,1.96,0,25,0,239.8,21.1,12.7,23.0,0.00,1,-56.3,31.7
25.20,cruise,348.62,1.38,0.600,1,2586.2,3265.6,-94.6,100.6,-9.67,7.56,1,38,-1,11.1,-20.9,19.0,-21.5,0.01,-0.38,0.59,0.00,0.00,0.00,-6.27,-8.28,99,-1,0,4,81.1,-0.80,0.624,0.860,2.82,0,25,0,231.6,2.3,1.8,34.6,0.00,1,-97.9,45.0
25.30,cruise,349.20,0.80,0.600,1,2585.1,3266.5,-93.7,99.9,-11.07,8.35,7,38,-1,15.1,-16.9,10.7,-23.8,-0.25,-0.70,0.52,0.00,0.00,0.00,-8.64,-8.71,99,-1,1,-8,73.5,-0.83,0.626,1.000,3.86,0,25,0,223.7,345.4,344.8,46.4,0.00,1,-121.8,53.0
25.40,cruise,349.85,0.15,0.500,1,2583.9,3267.3,-92.6,99.0,-12.30,8.00,11,38,-1,19.1,-12.9,1.9,-27.8,-0.59,-0.97,0.60,0.00,0.00,0.00,-10.35,-9.23,99,-1,1,-19,63.9,-0.81,0.521,1.000,5.22,0,25,0,215.2,333.2,324.4,57.8,0.00,1,-121.3,50.3
25.50,cruise,350.58,-0.58,0.400,1,2582.6,3268.0,-91.4,98.2,-13.01,6.68,15,38,-1,23.1,-8.9,-6.1,-32.0,-0.88,-1.00,0.75,0.00,0.00,0.00,-10.94,-9.78,99,-1,1,-29,50.2,-0.75,0.414,0.828,6.69,0,25,0,206.0,325.9,305.7,67.9,0.00,1,-104.7,33.5
25.60,cruise,351.38,-1.38,0.300,1,2581.3,3268.5,-90.1,97.5,-12.92,4.66,24,73,-1,27.1,-4.9,-12.5,-34.7,-0.98,-1.00,0.87,0.00,0.00,0.00,-11.44,-9.11,99,-1,1,-38,35.3,-0.70,0.309,0.618,7.95,0,25,0,197.0,322.8,291.9,76.1,0.00,1,-81.6,9.3
25.70,cruise,352.22,-2.22,0.250,1,2580.1,3268.8,-88.8,97.0,-12.39,2.99,33,73,-1,31.1,-0.9,-17.1,-35.0,-0.65,-1.00,0.91,0.00,0.00,0.00,-10.99,-8.24,99,-1,1,-44,23.1,-0.67,0.257,0.514,8.72,0,25,0,189.6,323.0,282.7,82.1,0.00,1,-58.4,-15.4
25.80,cruise,353.06,-3.06,0.250,1,2578.9,3269.0,-87.6,96.7,-11.69,1.58,42,73,-1,35.1,3.1,-19.8,-33.0,-0.15,-1.00,0.89,0.00,0.00,0.00,-10.46,-7.28,99,-1,1,-47,12.7,-0.68,0.257,0.514,8.81,0,25,0,184.8,325.8,277.0,85.9,0.00,1,-37.6,-35.6
25.90,cruise,353.86,-3.86,0.250,1,2577.8,3269.1,-86.4,96.5,-10.99,0.62,49,73,-1,39.1,7.1,-20.9,-28.8,0.31,-1.00,0.79,0.00,0.00,0.00,-9.83,-6.52,99,-1,1,-49,2.3,-0.71,0.258,0.516,8.39,0,25,0,182.6,330.4,274.6,87.6,0.00,1,-18.6,-50.2
26.00,cruise,354.60,-4.60,0.250,1,2576.7,3269.1,-85.3,96.4,-10.28,-0.35,57,87,-1,43.1,11.1,-20.5,-22.7,0.76,-0.88,0.64,0.00,0.00,0.00,-9.53,-5.50,99,-1,1,-49,-6.7,-0.77,0.259,0.519,7.74,0,25,0,182.8,336.4,276.4,87.3,0.00,1,2.4,-63.2
26.10,cruise,355.29,-5.29,0.250,1,2575.8,3269.0,-84.2,96.4,-9.40,-1.05,63,87,-1,44.7,15.1,-18.2,-15.2,1.00,-0.47,0.43,0.00,0.00,0.00,-9.01,-4.97,99,-1,1,-47,-13.3,-0.67,0.257,0.514,7.18,0,25,0,184.5,343.5,284.9,85.5,0.00,1,24.7,-71.4
26.20,cruise,355.92,-5.92,0.250,1,2574.9,3268.9,-83.3,96.5,-8.70,-1.41,68,87,-1,45.0,19.1,-14.1,-7.3,1.00,0.04,0.19,0.00,0.00,0.00,-8.30,-4.54,99,-1,1,-44,-17.3,-0.53,0.254,0.509,6.74,0,25,0,186.9,351.0,307.4,83.0,0.00,1,44.9,-71.8
26.30,cruise,356.48,-6.48,0.000,1,2574.1,3268.7,-82.4,96.6,-8.00,-1.41,71,87,-1,46.4,23.1,-8.4,-0.2,1.00,0.52,0.00,0.00,0.00,0.00,-7.78,-4.14,99,-1,1,-42,-21.8,-0.45,0.000,0.000,6.36,0,25,0,189.3,358.4,350.5,80.6,0.00,1,60.3,-63.5
26.40,cruise,356.96,-6.96,0.000,1,2573.3,3268.6,-81.6,96.8,-7.47,-1.32,72,79,-1,48.4,27.1,-1.5,5.6,1.00,0.85,0.00,0.00,0.00,0.00,-7.20,-3.76,99,-1,1,-40,-22.7,-0.36,0.000,0.000,5.99,0,25,0,191.5,5.3,24.6,78.5,0.00,1,69.5,-55.5
26.50,cruise,357.38,-7.38,0.000,1,2572.6,3268.5,-80.8,96.9,-7.21,-0.88,74,79,-1,50.4,31.1,6.3,10.0,0.71,1.00,0.06,0.00,0.00,0.00,-6.80,-3.37,99,-1,1,-39,-22.5,-0.32,0.000,0.000,5.50,0,25,0,192.8,11.4,41.5,77.3,0.00,1,76.1,-39.8
26.60,cruise,357.75,-7.75,0.250,1,2571.9,3268.4,-80.1,97.0,-7.03,-0.35,75,79,-1,52.3,35.1,14.6,12.7,0.29,1.00,0.30,0.00,0.00,0.00,-6.73,-2.72,99,-1,1,-38,-19.7,-0.32,0.252,0.503,5.25,0,25,0,193.2,16.0,50.7,76.9,0.00,1,77.9,-24.7
26.70,cruise,358.04,-8.04,0.250,1,2571.2,3268.4,-79.4,97.1,-7.21,0.09,77,79,-1,53.9,39.1,22.8,14.5,0.00,1.00,0.54,0.00,0.00,0.00,-6.76,-1.98,99,-1,1,-39,-15.7,-0.38,0.252,0.504,4.85,0,25,0,192.7,19.4,57.5,77.1,0.00,1,76.5,-14.3
26.80,cruise,358.23,-8.23,0.250,1,2570.5,3268.5,-78.7,97.1,-7.21,0.26,78,78,-1,55.1,43.1,30.6,15.8,-0.15,1.00,0.77,0.00,0.00,0.00,-7.08,-1.37,99,-1,1,-39,-14.9,-0.47,0.253,0.507,4.17,0,25,0,191.6,22.0,63.2,77.6,0.00,1,72.5,-10.2
26.90,cruise,358.33,-8.33,0.250,1,2569.7,3268.5,-78.0,97.0,-7.47,0.62,80,78,-1,56.1,44.5,37.6,16.7,-0.26,1.00,0.99,0.00,0.00,0.00,-7.15,-0.95,99,-1,1,-40,-15.8,-0.49,0.254,0.508,3.22,0,25,0,190.5,23.9,67.4,78.1,0.00,1,63.4,-5.4
27.00,cruise,358.36,-8.36,0.250,1,2568.9,3268.6,-77.2,97.0,-7.82,0.97,82,78,-1,57.0,42.7,43.3,16.9,-0.33,0.82,1.00,0.00,0.00,0.00,-7.49,-0.38,99,-1,1,-39,-17.4,-0.47,0.253,0.507,2.33,0,25,0,189.8,25.0,69.7,78.0,0.00,1,50.1,-1.3
27.10,cruise,358.36,-8.36,0.250,1,2568.1,3268.7,-76.4,96.9,-8.53,1.41,84,78,-1,57.7,40.7,47.2,16.0,-0.42,0.51,1.00,0.00,0.00,0.00,-7.88,0.17,99,-1,0,-38,-19.4,-0.42,0.253,0.501,1.47,0,25,0,190.0,25.6,69.8,76.9,0.00,1,32.0,1.7
27.20,cruise,358.33,-8.33,0.250,1,2567.2,3268.9,-75.6,96.8,-9.23,1.85,86,79,-1,58.5,38.9,49.1,14.1,-0.52,0.09,1.00,0.00,0.00,0.00,-8.61,0.75,99,-1,0,-36,-22.5,-0.33,0.252,0.415,0.63,0,25,0,191.4,25.8,67.4,74.5,0.00,1,11.9,1.6
27.30,cruise,358.29,-8.29,0.250,1,2566.2,3269.1,-74.7,96.6,-9.93,2.37,86,79,-1,59.2,36.8,49.1,11.3,-0.60,-0.36,1.00,0.00,0.00,0.00,-9.33,1.27,99,-1,1,-32,-27.3,-0.19,0.251,0.501,-0.22,0,25,0,194.1,26.1,62.8,70.5,0.00,1,-8.0,-2.6
27.40,cruise,358.22,-8.22,0.251,1,2565.2,3269.4,-73.7,96.4,-10.63,2.64,87,79,-1,59.8,34.3,47.6,8.3,-0.62,-0.73,1.00,0.00,0.00,0.00,-10.05,1.80,99,-1,1,-27,-33.7,0.01,0.251,0.502,-1.02,0,25,0,198.3,26.9,57.0,65.4,0.00,1,-20.4,-11.5
27.50,cruise,358.09,-8.09,0.272,1,2564.1,3269.7,-72.7,96.1,-11.34,2.90,87,79,-1,60.4,31.1,45.5,6.0,-0.56,-0.93,1.00,0.00,0.00,0.00,-10.77,2.01,99,-1,1,-21,-39.8,0.26,0.273,0.545,-1.79,0,25,0,203.6,28.8,51.6,59.4,0.00,1,-25.7,-23.3
27.60,cruise,357.91,-7.91,0.288,1,2562.9,3270.0,-71.6,95.8,-12.04,3.16,84,60,-1,60.9,27.1,43.5,4.9,-0.40,-0.92,1.00,0.00,0.00,0.00,-11.57,1.73,99,-1,1,-15,-44.7,0.51,0.292,0.584,-2.34,0,25,0,209.9,32.2,47.7,53.1,0.00,1,-22.5,-36.6
27.70,cruise,357.67,-7.67,0.301,1,2561.6,3270.3,-70.4,95.5,-12.66,3.34,82,60,-1,61.2,23.1,42.5,5.2,-0.20,-0.71,1.00,0.00,0.00,0.00,-12.36,1.45,99,-1,0,-8,-47.6,0.63,0.308,0.584,-2.63,0,25,0,216.8,37.8,46.1,46.5,0.00,1,-10.7,-51.4
27.80,cruise,357.36,-7.36,0.313,1,2560.3,3270.7,-69.1,95.2,-13.10,3.52,80,60,-1,61.4,19.1,43.4,6.9,-0.02,-0.32,1.00,0.00,0.00,0.00,-13.04,1.17,99,-1,0,-1,-48.9,0.61,0.321,0.427,-2.65,0,25,0,224.2,46.1,46.9,40.0,0.00,1,8.1,-63.9
27.90,cruise,356.98,-6.98,0.338,1,2559.0,3271.1,-67.8,94.8,-13.36,3.96,79,60,-1,61.4,15.1,46.7,9.8,0.13,0.17,1.00,0.00,0.00,0.00,-13.52,1.07,99,-1,0,5,-46.6,0.60,0.346,0.449,-2.53,0,25,0,232.0,56.9,50.1,33.9,0.00,1,30.2,-74.2
28.00,cruise,356.53,-6.53,0.390,1,2557.6,3271.5,-66.5,94.4,-13.54,4.48,75,29,-1,61.1,11.1,52.4,14.2,0.22,0.58,1.00,0.00,0.00,0.00,-13.93,0.29,99,-1,0,9,-39.8,0.60,0.399,0.711,-2.34,0,25,0,240.8,68.8,55.2,29.1,0.00,1,48.9,-81.4
28.10,cruise,355.99,-5.99,0.502,1,2556.3,3272.0,-65.1,94.0,-13.54,5.19,72,29,-1,60.7,7.1,59.4,20.8,0.24,0.69,1.00,0.00,0.00,0.00,-14.26,0.08,99,-1,0,12,-29.2,0.60,0.513,0.980,-2.26,0,25,0,252.3,80.0,61.1,26.7,0.00,1,56.3,-86.6
28.20,cruise,355.40,-5.40,0.594,1,2554.9,3272.6,-63.8,93.5,-13.54,6.33,72,29,-1,60.2,3.1,66.5,30.4,0.24,0.66,1.00,0.00,0.00,0.00,-14.47,0.82,99,-1,1,11,-17.2,0.60,0.608,1.000,-2.44,0,25,0,270.4,90.2,66.5,27.5,0.00,1,49.5,-90.0
28.30,cruise,354.81,-4.81,0.628,1,2553.6,3273.4,-62.4,92.9,-13.27,8.35,76,29,-1,59.8,0.4,72.2,42.6,0.23,0.54,1.00,0.00,0.00,0.00,-14.66,2.89,99,-1,1,8,-3.2,0.49,0.637,1.000,-2.79,0,25,0,294.0,99.4,69.7,30.9,0.00,1,27.9,-90.0
28.40,brake,354.23,-4.23,0.671,1,2552.3,3274.4,0.0,0.0,-12.57,11.07,66,320,-1,53.8,6.4,75.1,53.2,0.34,0.58,1.00,0.00,0.00,0.00,-15.54,2.10,99,-1,1,5,12.7,0.17,0.672,1.000,-3.32,0,25,0,310.0,107.6,69.3,33.2,0.00,1,-3.9,-84.1
28.50,brake,353.65,-3.65,0.735,1,2551.2,3275.7,0.0,0.0,-11.25,13.80,53,320,-1,47.8,12.4,74.7,58.5,0.28,0.19,1.00,0.00,0.00,0.00,-16.70,1.25,99,-1,0,8,27.2,-0.09,0.736,0.923,-4.22,0,25,0,314.1,115.0,64.3,30.4,0.00,1,-39.3,-75.4
28.60,brake,353.07,-3.07,0.800,1,2550.2,3277.3,0.0,0.0,-9.58,16.52,40,320,-1,41.8,18.4,70.7,58.7,0.19,-0.24,1.00,0.00,0.00,0.00,-17.80,0.15,99,-1,0,16,37.2,-0.23,0.803,0.972,-5.36,0,25,0,311.2,121.8,54.7,22.8,0.00,1,-75.7,-64.4
28.70,brake,352.46,-2.46,0.800,1,2549.4,3279.1,0.0,0.0,-7.03,18.90,27,320,-1,35.8,24.4,63.1,56.6,0.09,-0.61,1.00,0.00,0.00,0.00,-19.08,-0.93,99,-1,1,25,42.9,-0.24,0.803,1.000,-6.55,0,25,0,305.5,128.9,41.5,13.2,0.00,1,-102.9,-50.8
28.80,brake,351.83,-1.83,0.800,1,2548.9,3281.2,0.0,0.0,-3.96,20.92,18,330,-1,29.8,30.4,52.8,54.6,0.05,-0.82,1.00,0.00,0.00,0.00,-20.14,-0.97,99,-1,1,34,45.2,-0.17,0.801,1.000,-7.46,0,25,0,299.6,137.6,27.4,4.3,0.00,1,-112.0,-37.3
28.90,brake,351.19,-1.19,0.800,1,2548.8,3283.4,0.0,0.0,-0.44,21.97,10,330,-1,23.8,36.4,41.5,53.9,0.10,-0.82,1.00,0.00,0.00,0.00,-21.29,-0.16,99,-1,1,41,44.1,-0.10,0.801,1.000,-7.68,0,25,0,294.4,149.7,14.8,357.3,0.00,1,-100.8,-28.2
29.00,brake,350.57,-0.57,0.800,1,2549.0,3285.6,0.0,0.0,2.99,21.88,5,330,-1,17.8,36.2,31.2,54.4,0.28,-0.67,1.00,0.00,0.00,0.00,-21.93,1.39,99,-1,1,46,40.8,-0.08,0.800,1.000,-7.11,0,25,0,290.1,165.3,5.5,352.8,0.00,1,-73.6,-21.8
29.10,brake,350.02,-0.02,0.800,1,2549.5,3287.7,0.0,0.0,6.15,20.83,1,330,-1,11.8,30.2,23.3,55.7,0.50,-0.44,1.00,0.00,0.00,0.00,-21.85,3.24,99,-1,1,47,37.7,-0.02,0.800,1.000,-6.04,0,25,0,286.2,179.0,0.3,351.2,0.00,1,-35.7,-15.7
29.20,brake,349.57,0.43,0.800,1,2550.4,3289.7,0.0,0.0,9.32,19.34,359,347,-1,5.8,24.2,18.6,56.8,0.60,-0.22,1.00,0.00,0.00,0.00,-20.91,5.86,99,-1,1,46,34.7,0.05,0.800,1.000,-4.86,0,25,0,282.7,181.9,359.6,352.7,0.00,1,5.2,-4.6
29.30,brake,349.26,0.74,0.795,1,2551.6,3291.5,0.0,0.0,12.57,17.93,358,347,-1,-0.2,18.2,17.1,56.5,0.49,-0.00,1.00,0.00,0.00,0.00,-19.64,8.66,99,-1,0,41,29.7,0.11,0.795,0.991,-3.85,0,25,0,279.6,162.3,3.1,357.3,0.00,1,41.9,16.5
29.40,brake,349.10,0.90,0.743,1,2553.1,3293.2,0.0,0.0,16.08,16.96,357,347,-1,-6.2,12.2,18.6,53.8,0.19,0.23,1.00,0.00,0.00,0.00,-18.55,11.63,99,-1,0,34,23.2,0.09,0.743,0.912,-3.12,0,25,0,276.7,123.7,10.0,4.1,0.00,1,71.4,46.7
29.50,brake,349.11,0.89,0.682,1,2554.9,3294.9,0.0,0.0,19.42,16.79,356,347,-1,-12.2,6.2,22.5,48.4,-0.19,0.52,1.00,0.00,0.00,0.00,-18.02,14.89,99,-1,0,26,14.4,0.06,0.682,0.968,-2.58,0,25,0,273.3,99.5,19.2,12.1,0.00,1,90.2,81.0
29.60,brake,349.24,0.76,0.619,1,2557.1,3296.6,0.0,0.0,22.24,17.58,357,2,-1,-18.2,0.2,27.5,40.7,-0.49,0.86,1.00,0.00,0.00,0.00,-17.78,18.52,99,-1,1,19,3.6,0.09,0.619,1.000,-2.00,0,25,0,268.3,86.8,28.7,19.4,0.00,1,93.4,105.5
29.70,brake,349.45,0.55,0.554,1,2559.5,3298.5,0.0,0.0,23.91,19.16,358,2,-1,-13.2,-5.8,32.6,31.7,-0.59,1.00,1.00,0.00,0.00,0.00,-18.42,21.54,99,-1,1,14,-7.6,0.21,0.555,1.000,-1.20,0,25,0,261.2,78.1,36.3,24.5,0.00,1,79.5,111.5
29.80,brake,349.69,0.31,0.484,1,2561.9,3300.5,0.0,0.0,24.26,21.18,358,2,-1,-7.2,-11.8,36.6,22.2,-0.57,1.00,1.00,0.00,0.00,0.00,-19.79,23.39,99,-1,1,12,-15.6,0.40,0.489,0.978,-0.17,0,25,0,253.6,71.2,40.8,26.2,0.00,1,52.9,101.2
29.90,brake,349.96,0.04,0.421,1,2564.3,3302.8,0.0,0.0,23.64,23.12,359,2,-1,-5.5,-17.8,38.2,12.8,-0.49,0.78,0.98,0.00,0.00,0.00,-21.57,23.91,99,-1,1,13,-18.4,0.58,0.429,0.859,0.74,0,25,0,247.9,65.2,41.4,25.1,0.00,1,16.9,81.6
30.00,brake,350.28,-0.28,0.370,1,2566.5,3305.2,0.0,0.0,22.50,24.79,4,25,-1,-8.3,-23.8,36.8,5.0,-0.34,0.34,0.90,0.00,0.00,0.00,-21.43,25.18,99,-1,0,16,-15.6,0.68,0.381,0.654,1.28,0,25,0,245.3,59.7,38.2,22.9,0.00,1,-20.5,59.3
30.10,brake,350.62,-0.62,0.329,1,2568.7,3307.8,0.0,0.0,21.27,26.02,8,25,-1,-13.0,-29.8,32.3,-0.3,-0.12,-0.16,0.74,0.00,0.00,0.00,-21.48,25.67,99,-1,0,17,-10.0,0.66,0.338,0.451,1.49,0,25,0,245.1,53.6,32.2,21.3,0.00,1,-52.2,38.4
30.20,brake,350.95,-0.95,0.300,1,2570.8,3310.5,0.0,0.0,20.21,26.81,11,25,-1,-18.0,-35.8,25.5,-3.0,0.14,-0.58,0.52,0.00,0.00,0.00,-21.55,25.79,99,-1,0,18,-4.8,0.55,0.305,0.592,1.48,0,25,0,246.0,45.5,24.4,20.8,0.00,1,-73.3,19.7
30.30,brake,351.23,-1.23,0.276,1,2572.7,3313.2,0.0,0.0,19.42,27.25,13,25,-1,-22.0,-41.8,17.7,-4.1,0.32,-0.80,0.27,0.00,0.00,0.00,-21.49,25.79,99,-1,1,17,-0.1,0.44,0.280,0.559,1.44,0,25,0,246.7,33.9,16.1,21.2,0.00,1,-77.7,12.1
30.40,brake,351.49,-1.49,0.259,1,2574.6,3315.9,0.0,0.0,18.90,27.42,15,23,-1,-24.4,-41.7,10.5,-4.8,0.35,-0.77,0.05,0.00,0.00,0.00,-21.38,25.74,99,-1,1,16,6.7,0.33,0.261,0.521,1.41,0,25,0,246.7,19.1,8.5,22.3,0.00,1,-70.2,8.2
30.50,brake,351.75,-1.75,0.250,1,2576.5,3318.7,0.0,0.0,18.63,27.16,16,23,-1,-25.4,-41.3,4.5,-5.5,0.32,-0.63,0.00,0.00,0.00,0.00,-21.09,25.77,99,-1,1,14,14.1,0.15,0.250,0.501,1.81,0,25,0,245.6,4.4,2.0,24.1,0.00,1,-58.1,10.0
30.60,brake,352.02,-2.02,0.250,1,2578.3,3321.4,0.0,0.0,18.63,26.81,17,23,-1,-25.0,-41.5,-0.0,-6.7,0.24,-0.43,0.00,0.00,0.00,0.00,-20.41,25.85,99,-1,1,12,20.6,-0.04,0.250,0.500,2.23,0,25,0,243.7,353.3,356.7,26.5,0.00,1,-42.9,14.5
30.70,brake,352.29,-2.29,0.250,1,2580.2,3324.0,0.0,0.0,18.63,26.28,18,23,-1,-23.4,-42.0,-2.8,-8.8,0.11,-0.21,0.00,0.00,0.00,0.00,-19.66,26.06,99,-1,0,9,25.0,-0.23,0.251,0.382,2.49,0,25,0,241.3,346.3,352.4,29.3,0.00,1,-27.4,21.3
30.80,brake,352.57,-2.57,0.250,1,2582.1,3326.6,0.0,0.0,18.63,25.66,20,31,-1,-20.9,-42.7,-3.9,-11.6,-0.02,0.01,0.08,0.00,0.00,0.00,-18.26,26.54,99,-1,0,6,27.3,-0.37,0.252,0.264,2.57,0,25,0,238.8,342.3,349.0,32.2,0.00,1,-11.9,29.1
30.90,brake,352.84,-2.84,0.250,1,2583.9,3329.1,0.0,0.0,18.46,25.14,22,31,-1,-17.9,-43.4,-3.6,-15.2,-0.12,0.21,0.19,0.00,0.00,0.00,-16.94,26.81,99,-1,0,4,27.8,-0.48,0.254,0.385,2.56,0,25,0,236.6,339.8,346.3,35.0,0.00,1,0.1,35.5
31.00,brake,353.08,-3.08,0.250,1,2585.8,3331.6,0.0,0.0,18.28,24.61,23,31,-1,-14.8,-44.0,-2.3,-19.2,-0.19,0.32,0.31,0.00,0.00,0.00,-15.92,26.81,99,-1,0,1,26.6,-0.53,0.254,0.460,2.44,0,25,0,234.6,337.9,343.9,37.4,0.00,1,6.2,39.1
31.10,brake,353.28,-3.28,0.250,1,2587.6,3334.0,0.0,0.0,18.02,24.17,24,31,-1,-11.9,-44.4,-0.8,-23.2,-0.21,0.34,0.44,0.00,0.00,0.00,-15.07,26.70,99,-1,0,-1,24.4,-0.55,0.255,0.478,2.16,0,25,0,233.0,335.9,341.4,39.5,0.00,1,5.7,39.2
31.20,brake,353.44,-3.44,0.250,1,2589.3,3336.4,0.0,0.0,17.49,23.73,26,38,-1,-9.4,-44.6,0.4,-26.9,-0.20,0.29,0.56,0.00,0.00,0.00,-13.99,26.70,99,-1,0,-3,20.9,-0.55,0.255,0.451,1.88,0,25,0,231.7,333.5,338.5,41.4,0.00,1,0.9,36.9
31.30,brake,353.59,-3.59,0.250,1,2591.0,3338.7,0.0,0.0,16.79,23.29,27,38,-1,-7.8,-44.7,0.8,-30.3,-0.16,0.17,0.68,0.00,0.00,0.00,-13.23,26.34,99,-1,0,-5,15.9,-0.51,0.254,0.387,1.71,0,25,0,230.7,330.5,335.2,43.2,0.00,1,-8.4,31.9
31.40,brake,353.72,-3.72,0.250,1,2592.7,3341.0,0.0,0.0,16.08,22.76,28,38,-1,-7.1,-44.8,-0.0,-33.0,-0.11,0.02,0.77,0.00,0.00,0.00,-12.71,25.74,99,-1,0,-7,10.9,-0.45,0.253,0.306,1.65,0,25,0,229.9,327.0,331.3,45.1,0.00,1,-18.6,26.5
31.50,brake,353.83,-3.83,0.250,1,2594.2,3343.2,0.0,0.0,15.47,22.24,29,38,-1,-6.9,-44.8,-2.0,-35.3,-0.05,-0.10,0.84,0.00,0.00,0.00,-12.22,25.05,99,-1,0,-9,6.4,-0.39,0.252,0.316,1.51,0,25,0,229.2,323.2,327.2,47.1,0.00,1,-26.6,20.9
31.60,brake,353.90,-3.90,0.250,1,2595.7,3345.4,0.0,0.0,14.85,21.53,30,41,-1,-7.1,-44.8,-4.9,-37.1,-0.01,-0.20,0.91,0.00,0.00,0.00,-11.56,24.50,99,-1,0,-11,1.4,-0.34,0.252,0.335,1.20,0,25,0,228.6,319.5,323.1,49.1,0.00,1,-30.7,15.9
31.70,brake,353.94,-3.94,0.250,1,2597.2,3347.5,0.0,0.0,14.15,20.83,31,41,-1,-7.7,-44.7,-8.2,-38.5,0.03,-0.26,0.97,0.00,0.00,0.00,-10.80,23.82,99,-1,0,-12,-3.5,-0.27,0.251,0.367,0.94,0,25,0,228.2,316.3,319.5,50.8,0.00,1,-29.9,12.0
31.80,brake,353.95,-3.95,0.250,1,2598.5,3349.5,0.0,0.0,13.62,19.95,32,41,-1,-8.8,-44.7,-11.5,-39.6,0.07,-0.27,1.00,0.00,0.00,0.00,-10.14,23.05,99,-1,0,-13,-8.2,-0.20,0.251,0.387,0.64,0,25,0,228.2,313.4,316.6,51.9,0.00,1,-25.3,8.7
31.90,brake,353.94,-3.94,0.250,1,2599.9,3351.4,0.0,0.0,13.27,18.98,33,41,-1,-9.9,-44.6,-14.6,-40.4,0.11,-0.26,1.00,0.00,0.00,0.00,-9.25,22.32,99,-1,0,-14,-12.7,-0.11,0.250,0.396,0.33,0,25,0,228.8,311.1,314.8,52.3,0.00,1,-18.2,6.6
32.00,brake,353.89,-3.89,0.253,1,2601.2,3353.3,0.0,0.0,12.83,18.19,34,40,-1,-11.0,-44.4,-17.2,-41.0,0.12,-0.23,1.00,0.00,0.00,0.00,-8.33,21.61,99,-1,0,-13,-16.2,-0.01,0.253,0.393,0.07,0,25,0,230.1,308.9,314.0,51.9,0.00,1,-10.1,7.1
32.10,brake,353.81,-3.81,0.277,1,2602.4,3355.0,0.0,0.0,12.57,17.31,35,40,-1,-12.6,-44.3,-19.2,-41.5,0.13,-0.18,1.00,0.00,0.00,0.00,-7.62,20.92,99,-1,0,-12,-18.7,0.08,0.277,0.399,-0.30,0,25,0,232.2,306.8,314.0,50.8,0.00,1,-1.5,8.4
32.20,brake,353.69,-3.69,0.303,1,2603.7,3356.7,0.0,0.0,12.30,16.35,36,40,-1,-14.0,-44.1,-20.6,-42.1,0.11,-0.13,1.00,0.00,0.00,0.00,-6.77,20.30,99,-1,0,-10,-20.6,0.17,0.304,0.400,-0.68,0,25,0,235.2,304.7,314.9,48.9,0.00,1,6.5,11.4
32.30,brake,353.56,-3.56,0.327,1,2604.9,3358.3,0.0,0.0,11.95,15.38,36,40,-1,-15.4,-43.9,-21.6,-42.8,0.09,-0.08,1.00,0.00,0.00,0.00,-5.89,19.59,99,-1,0,-8,-21.6,0.25,0.329,0.396,-1.00,0,25,0,238.8,302.4,316.3,46.4,0.00,1,13.6,14.1
32.40,brake,353.41,-3.41,0.349,1,2606.0,3359.7,0.0,0.0,11.51,14.33,35,27,-1,-16.8,-43.6,-22.1,-43.6,0.05,-0.04,1.00,0.00,0.00,0.00,-5.87,18.58,99,-1,0,-5,-21.8,0.33,0.352,0.387,-1.26,0,25,0,242.8,299.9,318.2,43.5,0.00,1,19.0,17.2
32.50,brake,353.24,-3.24,0.367,1,2607.1,3361.1,0.0,0.0,10.99,13.27,33,27,-1,-18.1,-43.4,-22.3,-44.6,-0.00,0.00,1.00,0.00,0.00,0.00,-5.70,17.47,99,-1,0,-2,-20.9,0.40,0.370,0.372,-1.39,0,25,0,247.1,297.1,320.4,40.3,0.00,1,23.6,20.5
32.60,cruise,353.07,-3.07,0.386,1,2608.2,3362.3,-114.6,4.4,10.46,12.22,32,27,-1,-14.1,-39.4,-22.1,-46.0,-0.12,-0.01,1.00,0.00,0.00,0.00,-5.48,16.33,99,-1,0,2,-18.6,0.45,0.390,0.439,-1.51,0,25,0,251.2,294.2,322.9,36.9,0.00,1,27.0,23.1
32.70,brake,352.91,-2.91,0.398,1,2609.2,3363.4,0.0,0.0,9.58,11.07,31,27,-1,-20.1,-42.9,-21.6,-47.5,-0.12,0.07,1.00,0.00,0.00,0.00,-5.19,15.22,99,-1,0,5,-15.1,0.47,0.404,0.481,-1.49,0,25,0,255.0,291.3,325.5,33.6,0.00,1,28.8,24.2
32.80,brake,352.75,-2.75,0.408,1,2610.1,3364.5,0.0,0.0,8.53,9.93,27,12,-1,-20.6,-41.6,-20.6,-49.0,-0.16,0.12,1.00,0.00,0.00,0.00,-5.43,13.60,99,-1,0,8,-10.1,0.46,0.413,0.527,-1.42,0,25,0,258.0,288.9,328.2,30.6,0.00,1,30.1,22.4
32.90,brake,352.62,-2.62,0.412,1,2610.8,3365.4,0.0,0.0,7.38,8.88,25,12,-1,-18.4,-36.7,-18.9,-50.3,-0.22,0.16,1.00,0.00,0.00,0.00,-5.49,11.88,99,-1,0,11,-4.0,0.42,0.417,0.567,-1.30,0,25,0,260.0,287.7,330.9,27.9,0.00,1,29.1,17.4
33.00,brake,352.49,-2.49,0.414,1,2611.5,3366.2,0.0,0.0,6.15,7.91,22,12,-1,-16.1,-32.1,-16.5,-51.2,-0.25,0.20,1.00,0.00,0.00,0.00,-5.45,10.18,99,-1,0,13,2.9,0.34,0.417,0.595,-1.24,0,25,0,260.7,288.1,333.5,25.8,0.00,1,26.9,11.1
33.10,brake,352.37,-2.37,0.412,1,2612.0,3366.9,0.0,0.0,4.75,7.03,20,12,-1,-13.7,-27.7,-13.3,-51.4,-0.23,0.25,1.00,0.00,0.00,0.00,-5.33,8.48,99,-1,0,14,10.1,0.22,0.414,0.604,-1.23,0,25,0,260.3,290.8,335.7,24.4,0.00,1,22.4,1.8
33.20,brake,352.27,-2.27,0.406,1,2612.4,3367.6,0.0,0.0,3.34,6.24,18,11,-1,-11.1,-23.3,-9.5,-50.7,-0.17,0.29,1.00,0.00,0.00,0.00,-5.21,6.69,99,-1,0,15,17.0,0.09,0.406,0.589,-1.27,0,25,0,258.6,295.9,337.5,24.0,0.00,1,16.7,-8.7
33.30,cruise,352.18,-2.18,0.395,1,2612.6,3368.1,-119.9,-2.1,1.67,5.54,16,11,-1,-7.1,-27.3,-5.7,-49.0,0.06,0.31,1.00,0.00,0.00,0.00,-5.04,4.97,99,-1,0,14,23.8,-0.06,0.395,0.538,-1.33,0,25,0,255.8,302.9,338.7,24.6,0.00,1,7.5,-20.7
33.40,cruise,352.11,-2.11,0.375,1,2612.6,3368.6,-120.1,-2.6,0.18,5.01,15,11,-1,-3.1,-31.3,-2.5,-46.2,0.32,0.29,1.00,0.00,0.00,0.00,-4.91,3.06,99,-1,0,12,28.7,-0.24,0.376,0.604,-1.32,0,25,0,252.1,310.3,339.1,26.5,0.00,1,-3.2,-30.7
33.50,cruise,352.05,-2.05,0.357,1,2612.5,3369.1,-120.1,-3.1,-1.23,4.48,14,11,-1,0.9,-35.3,-0.7,-42.9,0.55,0.20,1.00,0.00,0.00,0.00,-4.81,1.40,99,-1,0,9,32.4,-0.40,0.360,0.626,-1.32,0,25,0,247.6,316.2,338.4,29.7,0.00,1,-17.0,-34.3
33.60,cruise,351.99,-1.99,0.338,1,2612.3,3369.5,-120.0,-3.6,-2.29,4.04,15,27,-1,4.9,-39.3,-0.4,-39.9,0.66,0.03,1.00,0.00,0.00,0.00,-4.65,-0.01,99,-1,0,4,34.0,-0.56,0.344,0.577,-1.21,0,25,0,242.7,319.7,336.4,34.0,0.00,1,-30.5,-29.4
33.70,cruise,351.94,-1.94,0.319,1,2612.0,3369.9,-119.8,-4.0,-3.25,3.60,16,27,-1,8.9,-43.3,-1.4,-38.0,0.59,-0.17,0.93,0.00,0.00,0.00,-4.52,-1.05,99,-1,0,-1,34.0,-0.68,0.328,0.570,-0.98,0,25,0,237.9,320.7,332.8,39.1,0.00,1,-40.2,-15.7
33.80,cruise,351.90,-1.90,0.303,1,2611.7,3370.2,-119.5,-4.4,-3.78,3.25,17,27,-1,12.9,-47.3,-3.1,-37.9,0.33,-0.32,0.93,0.00,0.00,0.00,-4.41,-2.03,99,-1,0,-6,32.9,-0.68,0.312,0.508,-0.65,0,25,0,233.3,319.6,327.6,44.3,0.00,1,-42.9,3.1
33.90,cruise,351.85,-1.85,0.298,1,2611.3,3370.5,-119.2,-4.7,-4.13,2.72,18,27,-1,16.9,-50.0,-4.8,-39.9,-0.03,-0.37,1.00,0.00,0.00,0.00,-4.26,-2.59,99,-1,0,-11,30.7,-0.66,0.306,0.424,-0.36,0,25,0,229.5,317.0,321.5,49.3,0.00,1,-39.8,20.7
34.00,cruise,351.79,-1.79,0.304,1,2610.8,3370.7,-118.8,-5.0,-4.39,2.02,21,43,-1,20.9,-49.4,-5.9,-43.2,-0.37,-0.34,1.00,0.00,0.00,0.00,-4.01,-2.89,99,-1,0,-15,27.7,-0.62,0.311,0.528,-0.13,0,25,0,226.6,313.7,315.3,53.7,0.00,1,-32.0,32.7
34.10,cruise,351.72,-1.72,0.324,1,2610.4,3370.9,-118.3,-5.2,-4.66,1.23,23,43,-1,24.9,-48.8,-6.4,-47.0,-0.52,-0.27,1.00,0.00,0.00,0.00,-3.58,-3.26,99,-1,0,-19,23.4,-0.60,0.331,0.589,-0.04,0,25,0,224.8,310.2,310.0,57.2,0.00,1,-22.2,36.1
34.20,cruise,351.63,-1.63,0.349,1,2609.9,3370.9,-117.9,-5.4,-5.01,0.26,25,43,-1,28.9,-48.3,-6.1,-50.4,-0.48,-0.22,1.00,0.00,0.00,0.00,-3.05,-3.73,99,-1,0,-21,18.2,-0.60,0.357,0.601,-0.02,0,25,0,223.9,307.3,306.2,59.7,0.00,1,-13.4,30.7
34.30,cruise,351.54,-1.54,0.379,1,2609.3,3370.9,-117.4,-5.4,-5.36,-0.88,26,43,-1,32.9,-47.9,-5.5,-52.6,-0.30,-0.20,1.00,0.00,0.00,0.00,-2.41,-4.40,99,-1,0,-23,12.0,-0.60,0.387,0.576,-0.20,0,25,0,223.4,305.5,304.0,61.2,0.00,1,-6.5,17.8
34.40,cruise,351.45,-1.45,0.399,1,2608.8,3370.7,-116.8,-5.4,-5.89,-2.20,27,47,-1,36.9,-47.5,-4.8,-53.1,-0.04,-0.22,1.00,0.00,0.00,0.00,-1.66,-5.17,99,-1,0,-23,4.7,-0.60,0.408,0.509,-0.47,0,25,0,223.0,305.3,303.4,61.7,0.00,1,0.4,0.3
34.50,cruise,351.38,-1.38,0.407,1,2608.1,3370.4,-116.3,-5.2,-6.42,-3.69,28,47,-1,39.0,-47.2,-4.4,-51.9,0.23,-0.25,1.00,0.00,0.00,0.00,-0.86,-6.23,99,-1,0,-23,-4.7,-0.54,0.415,0.609,-0.84,0,25,0,222.9,306.6,304.5,61.0,0.00,1,8.2,-15.7
34.60,cruise,351.30,-1.30,0.406,1,2607.5,3369.9,-115.6,-4.9,-6.94,-5.10,30,47,-1,39.7,-47.3,-4.2,-49.5,0.44,-0.29,1.00,0.00,0.00,0.00,0.04,-7.40,99,-1,0,-20,-16.0,-0.32,0.408,0.707,-1.16,0,25,0,223.7,308.9,307.6,59.0,0.00,1,17.8,-25.7
34.70,cruise,351.24,-1.24,0.395,1,2606.7,3369.3,-115.0,-4.4,-7.47,-6.68,31,47,-1,39.8,-47.8,-4.0,-46.6,0.56,-0.32,1.00,0.00,0.00,0.00,0.82,-8.58,99,-1,0,-17,-28.1,-0.02,0.395,0.744,-1.31,0,25,0,226.3,311.4,312.7,55.3,0.00,1,30.8,-26.5
34.80,cruise,351.18,-1.18,0.379,1,2606.0,3368.5,-114.2,-3.8,-7.82,-7.91,31,39,-1,39.2,-48.8,-3.3,-44.3,0.55,-0.30,1.00,0.00,0.00,0.00,1.90,-9.84,99,-1,0,-11,-38.5,0.34,0.382,0.703,-1.23,0,25,0,230.8,313.7,319.5,49.7,0.00,1,46.5,-18.1
34.90,cruise,351.12,-1.12,0.364,1,2605.1,3367.6,-113.5,-3.0,-8.17,-9.05,31,39,-1,37.3,-50.1,-1.7,-43.3,0.39,-0.21,1.00,0.00,0.00,0.00,2.76,-10.78,99,-1,0,-4,-46.1,0.62,0.373,0.591,-1.01,0,25,0,236.9,315.4,327.2,42.5,0.00,1,62.5,-3.8
35.00,cruise,351.08,-1.08,0.350,1,2604.3,3366.6,-112.6,-2.1,-8.70,-9.93,31,39,-1,34.5,-51.6,0.9,-44.1,0.12,-0.08,1.00,0.00,0.00,0.00,3.59,-11.66,99,-1,0,5,-50.2,0.61,0.358,0.428,-0.61,0,25,0,243.9,316.9,335.4,33.9,0.00,1,76.3,12.6
35.10,cruise,351.04,-1.04,0.345,1,2603.4,3365.6,-111.8,-1.1,-9.23,-10.46,30,39,-1,30.6,-53.0,4.3,-46.7,-0.20,0.04,1.00,0.00,0.00,0.00,4.16,-12.53,99,-1,0,14,-50.9,0.60,0.353,0.436,-0.16,0,25,0,250.8,319.8,343.6,24.3,0.00,1,86.1,26.0
35.20,cruise,350.98,-0.98,0.361,1,2602.4,3364.5,-110.9,-0.1,-10.02,-10.81,27,13,-1,26.6,-54.1,8.2,-50.5,-0.44,0.11,1.00,0.00,0.00,0.00,5.10,-12.98,99,-1,0,24,-48.9,0.60,0.369,0.571,0.16,0,25,0,256.9,329.3,352.1,14.2,0.00,1,92.2,32.6
35.30,cruise,350.92,-0.92,0.395,1,2601.3,3363.4,-109.9,1.0,-11.07,-10.99,24,13,-1,22.6,-54.9,12.6,-54.8,-0.51,0.15,1.00,0.00,0.00,0.00,5.76,-13.57,99,-1,0,35,-44.7,0.60,0.404,0.662,0.41,0,25,0,261.8,7.6,1.1,3.8,0.00,1,95.3,29.7
35.40,brake,350.85,-0.85,0.444,1,2600.1,3362.3,0.0,0.0,-12.48,-10.90,22,13,-1,28.6,-48.9,17.3,-58.3,-0.53,0.11,1.00,0.00,0.00,0.00,6.15,-14.34,99,-1,0,45,-38.5,0.60,0.454,0.708,0.50,0,25,0,265.5,67.0,10.4,353.5,0.00,1,96.0,16.3
35.50,brake,350.79,-0.79,0.499,1,2598.8,3361.3,0.0,0.0,-13.97,-10.46,19,13,-1,34.6,-42.9,22.1,-60.3,-0.40,0.08,1.00,0.00,0.00,0.00,6.16,-15.38,99,-1,0,55,-29.5,0.60,0.510,0.700,0.33,0,25,0,268.6,86.1,20.0,343.5,0.00,1,95.7,-3.5
35.60,brake,350.74,-0.74,0.540,1,2597.2,3360.3,0.0,0.0,-15.73,-9.67,16,358,-1,40.6,-36.9,27.3,-60.3,-0.17,0.07,1.00,0.00,0.00,0.00,6.13,-16.34,99,-1,0,65,-16.6,0.60,0.552,0.647,-0.01,0,25,0,271.6,92.8,29.5,334.0,0.00,1,94.8,-27.0
35.70,brake,350.68,-0.68,0.559,1,2595.5,3359.4,0.0,0.0,-17.40,-8.44,14,358,-1,44.9,-30.9,32.8,-58.3,0.09,0.11,1.00,0.00,0.00,0.00,5.70,-17.57,99,-1,0,73,-0.5,0.60,0.572,0.651,-0.41,0,25,0,275.5,96.8,38.6,325.3,0.00,1,93.2,-50.0
35.80,brake,350.58,-0.58,0.572,1,2593.7,3358.7,0.0,0.0,-18.98,-6.59,11,358,-1,44.7,-24.9,38.8,-54.7,0.26,0.24,1.00,0.00,0.00,0.00,4.85,-18.72,99,-1,0,81,18.8,0.60,0.585,0.784,-0.79,0,25,0,281.0,100.2,47.1,318.0,0.00,1,89.8,-65.7
35.90,brake,350.42,-0.42,0.589,1,2591.7,3358.2,0.0,0.0,-19.95,-4.48,9,358,-1,44.8,-18.9,45.3,-50.3,0.32,0.45,1.00,0.00,0.00,0.00,3.41,-19.81,99,-1,0,86,40.2,0.42,0.596,0.903,-1.02,0,25,0,288.2,103.2,54.6,312.7,0.00,1,84.2,-70.8
36.00,brake,350.18,-0.18,0.611,1,2589.7,3357.9,0.0,0.0,-20.39,-2.11,2,334,-1,44.9,-12.9,51.8,-44.8,0.35,0.67,1.00,0.00,0.00,0.00,3.84,-20.08,99,-1,1,88,61.7,-0.00,0.611,1.000,-1.00,0,25,0,295.8,105.4,60.3,310.5,0.00,1,72.2,-65.9
36.10,brake,349.88,0.12,0.624,1,2587.6,3357.9,0.0,0.0,-20.13,0.53,354,334,-1,45.0,-6.9,57.4,-36.9,0.43,0.78,1.00,0.00,0.00,0.00,4.28,-20.05,99,-1,1,85,80.9,-0.43,0.631,1.000,-0.88,0,25,0,301.1,106.6,63.6,313.5,0.00,1,51.9,-54.0
36.20,brake,349.59,0.41,0.602,1,2585.7,3358.2,0.0,0.0,-19.34,3.34,346,334,-1,41.3,-0.9,60.6,-23.3,0.60,0.67,1.00,0.00,0.00,0.00,4.22,-19.69,99,-1,1,74,93.3,-0.60,0.616,1.000,-0.78,0,25,0,301.1,106.5,63.8,324.6,0.00,1,20.7,-39.6
36.30,brake,349.35,0.65,0.565,1,2583.8,3358.7,0.0,0.0,-18.11,6.15,341,334,-1,35.3,5.1,60.2,-4.5,0.73,0.27,1.00,0.00,0.00,0.00,3.14,-19.37,99,-1,0,55,96.4,-0.60,0.578,0.979,-0.86,0,25,0,295.0,104.6,60.7,343.2,0.00,1,-15.8,-22.6
36.40,brake,349.21,0.79,0.537,1,2582.1,3359.5,0.0,0.0,-16.88,8.70,340,346,-1,29.3,11.1,55.9,10.9,0.71,-0.30,1.00,0.00,0.00,0.00,0.29,-19.12,99,-1,0,38,94.1,-0.60,0.549,0.954,-1.19,0,25,0,284.4,100.2,54.9,0.6,0.00,1,-50.5,-0.9
36.50,brake,349.17,0.83,0.501,1,2580.5,3360.6,0.0,0.0,-15.47,10.99,341,346,-1,23.3,17.1,47.8,18.0,0.49,-0.85,1.00,0.00,0.00,0.00,-2.59,-18.81,99,-1,1,26,94.2,-0.60,0.512,1.000,-1.62,0,25,0,271.4,91.3,47.6,12.3,0.00,1,-73.3,27.5
36.60,brake,349.22,0.78,0.459,1,2579.1,3361.8,0.0,0.0,-14.33,12.83,341,346,-1,17.3,23.1,37.6,19.0,0.10,-1.00,1.00,0.00,0.00,0.00,-5.39,-18.19,99,-1,0,17,97.9,-0.63,0.470,0.912,-1.85,0,25,0,257.7,75.6,40.2,21.2,0.00,1,-74.3,56.2
36.70,brake,349.35,0.65,0.411,1,2577.7,3363.2,0.0,0.0,-13.27,14.24,342,346,-1,11.3,28.6,28.2,16.5,-0.35,-1.00,0.72,0.00,0.00,0.00,-7.70,-17.62,99,-1,1,8,101.0,-0.75,0.425,0.850,-1.64,0,25,0,244.2,54.6,34.2,30.3,0.00,1,-54.8,77.1
36.80,brake,349.53,0.47,0.350,1,2576.4,3364.7,0.0,0.0,-12.57,15.03,350,39,-1,5.3,22.6,22.1,12.3,-0.57,-0.68,0.49,0.00,0.00,0.00,-11.83,-15.46,99,-1,1,-2,104.1,-0.84,0.365,0.730,-0.85,0,25,0,231.0,35.8,30.2,40.4,0.00,1,-22.3,83.9
36.90,brake,349.73,0.27,0.289,1,2575.2,3366.2,0.0,0.0,-12.22,15.38,358,39,-1,-0.7,16.6,20.2,7.9,-0.62,-0.04,0.38,0.00,0.00,0.00,-14.67,-12.98,99,-1,0,-13,101.4,-0.88,0.303,0.566,0.12,0,25,0,218.5,23.3,28.5,51.2,0.00,1,10.0,80.9
37.00,brake,349.93,0.07,0.250,1,2574.0,3367.8,0.0,0.0,-12.13,15.29,6,39,-1,-6.7,10.6,21.8,4.3,-0.48,0.57,0.41,0.00,0.00,0.00,-16.48,-10.68,99,-1,1,-23,95.2,-0.87,0.262,0.524,1.04,0,25,0,206.9,15.6,28.8,61.8,0.00,1,33.1,70.7
37.10,brake,350.10,-0.10,0.250,1,2572.8,3369.3,0.0,0.0,-12.39,15.21,12,39,-1,-12.7,4.6,25.3,2.4,-0.21,0.97,0.51,0.00,0.00,0.00,-17.44,-8.77,99,-1,1,-33,89.9,-0.84,0.261,0.522,1.70,0,25,0,196.5,10.3,31.5,71.9,0.00,1,41.2,55.8
37.20,brake,350.23,-0.23,0.250,1,2571.5,3370.8,0.0,0.0,-12.74,15.12,23,83,-1,-18.7,-1.4,28.9,1.9,0.04,1.00,0.63,0.00,0.00,0.00,-18.79,-5.63,99,-1,1,-43,83.0,-0.79,0.260,0.520,1.95,0,25,0,187.4,6.0,38.8,81.6,0.00,1,37.5,46.9
37.30,brake,350.34,-0.34,0.250,1,2570.2,3372.3,0.0,0.0,-13.27,14.94,33,83,-1,-24.7,-7.4,31.5,2.0,0.18,1.00,0.72,0.00,0.00,0.00,-19.62,-2.47,99,-1,1,-52,76.6,-0.76,0.259,0.518,1.86,0,25,0,179.4,1.7,111.5,90.8,0.00,1,25.4,44.0
37.40,brake,350.46,-0.46,0.250,1,2568.8,3373.8,0.0,0.0,-13.97,14.85,42,83,-1,-19.8,-13.4,32.4,2.2,0.25,0.81,0.75,0.00,0.00,0.00,-19.98,0.26,99,-1,1,-61,70.0,-0.75,0.259,0.518,1.62,0,25,0,172.2,357.2,199.7,99.3,0.00,1,7.1,44.0
37.50,brake,350.60,-0.60,0.250,1,2567.3,3375.3,0.0,0.0,-14.85,14.68,50,83,-1,-14.0,-19.4,31.4,1.7,0.25,0.45,0.71,0.00,0.00,0.00,-20.24,2.48,99,-1,1,-68,64.1,-0.76,0.259,0.518,1.39,0,25,0,165.5,352.7,206.4,107.0,0.00,1,-12.8,46.4
37.60,brake,350.76,-0.76,0.250,1,2565.8,3376.7,0.0,0.0,-15.56,14.41,61,111,-1,-9.7,-25.4,28.6,0.2,0.19,0.08,0.62,0.00,0.00,0.00,-20.15,5.49,99,-1,0,-75,59.3,-0.80,0.260,0.369,1.06,0,25,0,158.8,348.3,208.2,113.9,0.00,1,-31.7,50.6
37.70,brake,350.93,-0.93,0.250,1,2564.2,3378.1,0.0,0.0,-16.26,14.06,70,111,-1,-6.1,-31.4,24.3,-2.4,0.08,-0.24,0.48,0.00,0.00,0.00,-19.61,8.08,99,-1,0,-82,56.0,-0.85,0.261,0.390,0.67,0,25,0,151.7,344.1,207.9,120.3,0.00,1,-47.5,56.6
37.80,brake,351.08,-1.08,0.250,1,2562.5,3379.5,0.0,0.0,-16.61,13.71,77,111,-1,-3.1,-37.4,19.4,-6.1,-0.06,-0.44,0.34,0.00,0.00,0.00,-19.01,10.03,99,-1,0,-88,53.8,-0.90,0.263,0.465,0.35,0,25,0,144.1,340.1,206.6,126.6,0.00,1,-56.1,61.8
37.90,brake,351.17,-1.17,0.250,1,2560.9,3380.9,0.0,0.0,-16.70,13.36,83,111,-1,0.2,-43.4,14.9,-10.5,-0.17,-0.46,0.26,0.00,0.00,0.00,-18.17,11.57,99,-1,0,-94,52.6,-0.90,0.263,0.513,0.12,0,25,0,136.3,336.3,204.7,132.9,0.00,1,-53.9,61.8
38.00,brake,351.21,-1.21,0.250,1,2559.2,3382.2,0.0,0.0,-16.52,12.92,93,141,-1,3.5,-44.9,11.4,-15.2,-0.25,-0.34,0.29,0.00,0.00,0.00,-16.01,14.18,99,-1,0,-100,47.7,-0.90,0.263,0.500,-0.23,0,25,0,128.9,332.4,202.8,138.9,0.00,1,-46.3,59.5
38.10,brake,351.22,-1.22,0.250,1,2557.6,3383.4,0.0,0.0,-16.08,12.39,102,141,-1,6.5,-44.8,9.0,-19.8,-0.28,-0.20,0.38,0.00,0.00,0.00,-13.56,16.01,99,-1,0,-106,39.8,-0.88,0.262,0.456,-0.32,0,25,0,122.5,328.6,201.2,144.2,0.00,1,-36.6,52.7
38.20,brake,351.20,-1.20,0.250,1,2556.0,3384.6,0.0,0.0,-15.56,11.87,109,141,-1,8.9,-44.6,7.6,-23.8,-0.22,-0.10,0.49,0.00,0.00,0.00,-11.10,17.00,99,-1,0,-110,31.1,-0.84,0.261,0.390,-0.27,0,25,0,117.4,325.1,199.9,148.4,0.00,1,-27.6,42.6
38.30,brake,351.16,-1.16,0.252,1,2554.5,3385.8,0.0,0.0,-14.85,11.34,116,141,-1,10.7,-44.5,6.7,-26.8,-0.12,-0.06,0.58,0.00,0.00,0.00,-8.93,17.41,99,-1,0,-113,23.0,-0.81,0.263,0.332,-0.24,0,25,0,113.6,322.3,198.7,151.7,0.00,1,-21.9,31.4
38.40,brake,351.10,-1.10,0.265,1,2553.1,3386.9,0.0,0.0,-14.15,10.99,124,159,-1,12.0,-44.3,5.8,-29.0,-0.01,-0.06,0.65,0.00,0.00,0.00,-6.09,17.67,99,-1,0,-116,14.9,-0.79,0.275,0.302,-0.37,0,25,0,111.0,320.7,197.5,154.1,0.00,1,-17.9,21.4
38.50,cruise,351.02,-1.02,0.282,1,2551.7,3387.9,-60.6,-21.4,-13.62,10.55,130,159,-1,12.4,-40.3,4.8,-30.4,0.04,-0.13,0.69,0.00,0.00,0.00,-3.63,17.54,99,-1,0,-117,6.6,-0.77,0.293,0.343,-0.60,0,25,0,109.6,320.6,196.3,155.6,0.00,1,-15.7,14.4
38.60,brake,350.92,-0.92,0.300,1,2550.4,3389.0,0.0,0.0,-12.74,10.20,136,159,-1,12.6,-44.3,3.5,-31.5,0.13,-0.13,0.72,0.00,0.00,0.00,-1.83,17.13,99,-1,0,-118,-2.5,-0.76,0.311,0.413,-0.82,0,25,0,109.2,321.7,195.4,156.3,0.00,1,-12.1,10.6
38.70,brake,350.82,-0.82,0.314,1,2549.2,3390.0,0.0,0.0,-11.95,9.84,141,159,-1,11.5,-44.4,2.0,-32.6,0.14,-0.15,0.75,0.00,0.00,0.00,-0.16,16.32,99,-1,0,-117,-12.8,-0.75,0.325,0.440,-0.98,0,25,0,109.9,323.6,194.9,155.9,0.00,1,-7.4,9.8
38.80,brake,350.71,-0.71,0.322,1,2548.1,3390.9,0.0,0.0,-11.07,9.49,144,158,-1,9.4,-44.6,0.4,-33.6,0.12,-0.16,0.79,0.00,0.00,0.00,1.07,15.45,99,-1,0,-116,-23.7,-0.54,0.328,0.441,-0.99,0,25,0,111.7,325.7,195.2,154.3,0.00,1,-1.3,10.9
38.90,brake,350.61,-0.61,0.327,1,2547.0,3391.9,0.0,0.0,-10.28,9.23,148,158,-1,6.1,-43.5,-1.4,-34.9,0.07,-0.17,0.83,0.00,0.00,0.00,2.07,14.44,99,-1,0,-113,-34.3,-0.33,0.329,0.424,-0.92,0,25,0,114.6,327.3,196.4,151.5,0.00,1,5.1,13.0
39.00,brake,350.52,-0.52,0.331,1,2546.1,3392.7,0.0,0.0,-9.32,8.88,150,158,-1,2.0,-41.3,-3.4,-36.1,0.02,-0.16,0.87,0.00,0.00,0.00,2.87,13.52,99,-1,0,-109,-44.4,-0.11,0.332,0.405,-0.84,0,25,0,118.6,328.2,198.7,147.4,0.00,1,12.2,14.5
39.10,brake,350.44,-0.44,0.333,1,2545.2,3393.6,0.0,0.0,-8.35,8.53,152,158,-1,-2.1,-38.4,-5.5,-37.3,-0.03,-0.15,0.92,0.00,0.00,0.00,3.51,12.38,99,-1,0,-104,-52.9,0.09,0.334,0.406,-0.70,0,25,0,123.5,328.3,202.3,142.3,0.00,1,19.6,15.7
39.20,brake,350.37,-0.37,0.335,1,2544.4,3394.4,0.0,0.0,-7.47,8.00,152,141,-1,-6.0,-35.2,-7.6,-38.4,-0.07,-0.13,0.96,0.00,0.00,0.00,3.54,11.40,99,-1,0,-98,-59.3,0.26,0.337,0.418,-0.57,0,25,0,129.4,327.7,207.4,136.2,0.00,1,26.9,16.5
39.30,brake,350.32,-0.32,0.336,1,2543.7,3395.2,0.0,0.0,-6.59,7.47,151,141,-1,-9.2,-31.5,-9.4,-39.1,-0.07,-0.09,0.99,0.00,0.00,0.00,3.42,10.40,99,-1,0,-91,-62.8,0.39,0.339,0.404,-0.46,0,25,0,136.1,326.9,214.1,129.3,0.00,1,33.7,13.3
39.40,brake,350.28,-0.28,0.334,1,2543.2,3395.9,0.0,0.0,-5.71,6.77,151,141,-1,-11.7,-27.6,-10.7,-39.0,-0.03,-0.03,0.99,0.00,0.00,0.00,3.33,9.39,99,-1,0,-83,-64.0,0.46,0.339,0.362,-0.37,0,25,0,143.7,326.1,222.4,121.8,0.00,1,40.4,8.8
39.50,brake,350.26,-0.26,0.329,1,2542.7,3396.5,0.0,0.0,-4.83,6.06,151,141,-1,-13.2,-23.1,-11.2,-38.4,-0.00,0.06,0.97,0.00,0.00,0.00,3.10,8.30,99,-1,0,-75,-63.0,0.48,0.334,0.357,-0.30,0,25,0,152.0,325.5,232.3,114.0,0.00,1,46.0,4.4
39.60,hold,350.27,-0.27,0.250,1,2542.2,3397.0,-50.2,-31.0,-4.13,5.19,146,109,-1,-7.2,-17.1,-10.9,-37.3,-0.01,0.07,0.94,0.00,0.00,0.00,2.31,7.40,99,-1,0,-104,-59.6,0.46,0.253,0.283,-0.19,0,25,0,160.9,325.2,243.4,106.1,0.00,0,49.2,-0.1
39.70,hold,350.29,-0.29,0.250,1,2541.9,3397.5,-49.7,-31.5,-3.60,4.22,142,109,-1,-1.2,-12.3,-10.0,-35.9,-0.02,0.07,0.89,0.00,0.00,0.00,1.51,6.46,99,-1,0,-97,-54.4,0.39,0.252,0.286,-0.06,0,25,0,160.9,325.2,243.4,106.1,0.00,0,48.7,-3.8
39.80,hold,350.31,-0.31,0.250,1,2541.5,3397.8,-49.4,-32.0,-3.34,3.43,138,109,-1,4.8,-11.7,-8.7,-34.3,0.02,0.06,0.83,0.00,0.00,0.00,0.71,5.50,99,-1,0,-90,-49.4,0.29,0.251,0.281,0.04,0,25,0,160.9,325.2,243.4,106.1,0.00,0,46.9,-7.0
39.90,hold,350.32,-0.32,0.250,1,2541.2,3398.1,-49.0,-32.3,-3.16,2.72,134,109,-1,10.8,-11.5,-7.0,-32.7,0.05,0.04,0.77,0.00,0.00,0.00,0.01,4.79,99,-1,0,-84,-44.2,0.19,0.251,0.287,-0.08,0,25,0,160.9,325.2,243.4,106.1,0.00,0,44.4,-9.7
40.00,hold,350.31,-0.31,0.250,1,2540.9,3398.4,-48.7,-32.6,-3.16,2.02,126,78,-1,16.8,-13.8,-5.2,-31.1,0.11,0.02,0.71,0.00,0.00,0.00,-0.93,4.07,99,-1,0,-73,-39.3,0.08,0.250,0.303,-0.21,0,25,0,192.1,328.1,289.0,79.7,0.00,0,41.8,-11.8
40.10,hold,350.28,-0.28,0.250,1,2540.6,3398.5,-48.4,-32.9,-3.25,1.49,119,78,-1,20.3,-15.7,-3.3,-29.5,0.15,0.02,0.65,0.00,0.00,0.00,-1.80,3.30,99,-1,0,-62,-35.2,-0.01,0.250,0.318,-0.31,0,25,0,192.1,328.1,289.0,79.7,0.00,0,39.7,-12.3
40.20,hold,350.24,-0.24,0.250,1,2540.2,3398.6,-48.1,-33.0,-3.34,0.97,112,78,-1,20.3,-17.3,-1.2,-28.2,0.14,0.06,0.61,0.00,0.00,0.00,-2.45,2.61,99,-1,0,-53,-31.7,-0.10,0.250,0.327,-0.44,0,25,0,192.1,328.1,289.0,79.7,0.00,0,37.4,-10.4
40.30,hold,350.18,-0.18,0.250,1,2539.9,3398.7,-47.7,-33.1,-3.52,0.53,106,78,-1,20.1,-18.2,0.8,-27.4,0.09,0.08,0.58,0.00,0.00,0.00,-2.94,1.85,99,-1,0,-44,-29.3,-0.17,0.250,0.320,-0.55,0,25,0,192.1,328.1,289.0,79.7,0.00,0,35.4,-7.6
40.40,hold,350.11,-0.11,0.250,1,2539.5,3398.7,-47.4,-33.2,-3.69,0.18,98,59,-1,16.7,-19.7,2.8,-27.0,0.04,0.13,0.57,0.00,0.00,0.00,-3.41,1.00,99,-1,0,-32,-28.0,-0.06,0.250,0.319,-0.64,0,25,0,211.1,334.3,321.5,61.4,0.00,0,33.6,-4.1
40.50,hold,350.03,-0.03,0.250,1,2539.1,3398.7,-47.0,-33.2,-3.96,-0.18,91,59,-1,13.6,-20.3,4.5,-27.0,-0.01,0.16,0.58,0.00,0.00,0.00,-3.69,0.21,99,-1,0,-22,-27.7,0.12,0.250,0.318,-0.72,0,25,0,211.1,334.3,321.5,61.4,0.00,0,31.0,-1.3
40.60,hold,349.93,0.07,0.250,1,2538.7,3398.7,-46.6,-33.2,-4.22,-0.53,84,59,-1,10.6,-20.3,5.9,-27.3,-0.06,0.16,0.59,0.00,0.00,0.00,-3.92,-0.57,99,-1,0,-13,-27.9,0.30,0.251,0.340,-0.86,0,25,0,211.1,334.3,321.5,61.4,0.00,0,27.1,0.4
40.70,hold,349.81,0.19,0.256,1,2538.3,3398.6,-46.2,-33.2,-4.57,-0.70,79,59,-1,8.1,-20.3,6.8,-27.7,-0.09,0.13,0.61,0.00,0.00,0.00,-4.04,-1.32,99,-1,0,-4,-27.9,0.47,0.259,0.347,-0.95,0,25,0,211.1,334.3,321.5,61.4,0.00,0,21.8,0.6
40.80,hold,349.70,0.30,0.269,1,2537.8,3398.5,-45.8,-33.1,-5.01,-1.05,72,45,-1,4.9,-20.4,7.1,-28.0,-0.07,0.10,0.62,0.00,0.00,0.00,-4.14,-2.05,99,-1,0,5,-27.2,0.66,0.277,0.346,-1.12,0,25,0,225.0,337.8,337.8,46.9,0.00,0,15.8,-1.4
40.90,hold,349.57,0.43,0.278,1,2537.2,3398.4,-45.3,-33.0,-5.54,-1.32,67,45,-1,2.2,-19.2,6.9,-28.0,-0.04,0.07,0.62,0.00,0.00,0.00,-4.19,-2.94,99,-1,0,14,-25.0,0.79,0.289,0.333,-1.18,0,25,0,225.0,337.8,337.8,46.9,0.00,0,9.8,-4.3
41.00,hold,349.45,0.55,0.287,1,2536.6,3398.2,-44.7,-32.9,-6.06,-1.58,62,45,-1,-0.3,-17.8,6.3,-27.6,-0.00,0.05,0.60,0.00,0.00,0.00,-4.29,-3.74,99,-1,0,21,-20.8,0.80,0.299,0.320,-1.23,0,25,0,225.0,337.8,337.8,46.9,0.00,0,4.7,-6.9
41.10,hold,349.34,0.66,0.294,1,2536.0,3398.1,-44.1,-32.7,-6.59,-1.85,59,45,-1,-2.3,-16.2,5.6,-26.8,0.03,0.06,0.58,0.00,0.00,0.00,-4.36,-4.51,99,-1,0,28,-14.7,0.81,0.306,0.343,-1.24,0,25,0,225.0,337.8,337.8,46.9,0.00,0,1.7,-9.3
41.20,hold,349.22,0.78,0.299,1,2535.3,3397.9,-43.5,-32.6,-7.12,-2.11,55,38,-1,-4.2,-14.3,5.2,-25.9,0.05,0.10,0.54,0.00,0.00,0.00,-4.30,-5.33,99,-1,0,35,-7.0,0.82,0.312,0.372,-1.24,0,25,0,232.1,339.7,343.9,39.5,0.00,0,-0.2,-10.3
41.30,hold,349.13,0.87,0.301,1,2534.5,3397.6,-42.8,-32.4,-7.65,-2.37,51,38,-1,-5.7,-12.3,4.9,-24.9,0.05,0.14,0.51,0.00,0.00,0.00,-4.23,-6.10,99,-1,0,41,2.2,0.84,0.314,0.389,-1.15,0,25,0,232.1,339.7,343.9,39.5,0.00,0,-3.0,-10.2
41.40,hold,349.04,0.96,0.297,1,2533.7,3397.4,-42.0,-32.1,-8.17,-2.55,49,38,-1,-6.8,-10.3,4.7,-23.8,0.04,0.16,0.47,0.00,0.00,0.00,-4.16,-6.84,99,-1,0,47,11.8,0.76,0.308,0.387,-0.98,0,25,0,232.1,339.7,343.9,39.5,0.00,0,-7.0,-9.3
41.50,hold,348.97,1.03,0.296,1,2532.8,3397.1,-41.2,-31.9,-8.70,-2.81,46,38,-1,-7.9,-8.5,4.4,-22.8,0.04,0.16,0.44,0.00,0.00,0.00,-4.15,-7.49,99,-1,0,52,22.1,0.56,0.302,0.381,-0.86,0,25,0,232.1,339.7,343.9,39.5,0.00,0,-12.0,-9.3
41.60,hold,348.91,1.09,0.291,1,2531.9,3396.8,-40.3,-31.6,-9.05,-2.99,46,45,-1,-8.5,-6.6,3.9,-21.5,0.06,0.14,0.39,0.00,0.00,0.00,-4.26,-8.09,99,-1,0,56,31.5,0.36,0.293,0.370,-0.68,0,25,0,225.1,342.0,342.1,46.2,0.00,0,-17.6,-10.6
41.70,hold,348.87,1.13,0.287,1,2531.0,3396.5,-39.4,-31.3,-9.49,-3.25,45,45,-1,-9.0,-5.0,3.1,-20.1,0.08,0.09,0.34,0.00,0.00,0.00,-4.31,-8.50,99,-1,0,59,40.1,0.17,0.288,0.357,-0.55,0,25,0,225.1,342.0,342.1,46.2,0.00,0,-23.5,-12.0
41.80,hold,348.84,1.16,0.283,1,2530.0,3396.1,-38.5,-31.0,-9.76,-3.43,45,45,-1,-9.7,-3.0,2.0,-18.6,0.08,0.03,0.29,0.00,0.00,0.00,-4.39,-9.02,99,-1,0,63,47.0,-0.00,0.283,0.329,-0.41,0,25,0,225.1,342.0,342.1,46.2,0.00,0,-28.8,-12.4
41.90,hold,348.82,1.18,0.281,1,2529.0,3395.8,-37.5,-30.6,-10.02,-3.69,45,45,-1,-10.2,-1.4,0.4,-17.3,0.06,-0.03,0.24,0.00,0.00,0.00,-4.41,-9.35,99,-1,0,66,52.7,-0.14,0.281,0.317,-0.31,0,25,0,225.1,342.0,342.1,46.2,0.00,0,-33.2,-11.6
42.00,hold,348.80,1.20,0.273,1,2528.0,3395.4,-36.5,-30.3,-10.20,-3.87,48,67,-1,-10.5,-0.4,-1.4,-16.3,0.02,-0.08,0.21,0.00,0.00,0.00,-4.98,-9.45,99,-1,0,66,56.0,-0.25,0.274,0.315,-0.13,0,25,0,202.9,343.2,324.4,67.9,0.00,0,-35.0,-10.6
42.10,hold,348.80,1.20,0.271,1,2527.0,3395.0,-35.5,-29.9,-10.20,-4.13,51,67,-1,-10.9,0.4,-3.3,-15.5,-0.02,-0.11,0.19,0.00,0.00,0.00,-5.49,-9.42,99,-1,0,66,57.5,-0.32,0.273,0.325,-0.06,0,25,0,202.9,343.2,324.4,67.9,0.00,0,-34.9,-10.2
42.20,hold,348.81,1.19,0.265,1,2526.0,3394.6,-34.5,-29.5,-10.02,-4.39,54,67,-1,-10.8,1.1,-5.0,-14.9,-0.05,-0.12,0.19,0.00,0.00,0.00,-5.75,-9.38,99,-1,0,66,57.1,-0.35,0.267,0.333,0.08,0,25,0,202.9,343.2,324.4,67.9,0.00,0,-32.9,-10.9
42.30,hold,348.82,1.18,0.262,1,2525.0,3394.1,-33.5,-29.1,-9.84,-4.66,56,67,-1,-10.3,1.5,-6.7,-14.3,-0.06,-0.12,0.19,0.00,0.00,0.00,-5.82,-9.27,99,-1,0,67,55.4,-0.34,0.264,0.334,0.16,0,25,0,202.9,343.2,324.4,67.9,0.00,0,-30.2,-12.1
42.40,hold,348.83,1.17,0.259,1,2524.0,3393.6,-32.5,-28.6,-9.58,-4.92,62,93,-1,-10.1,1.4,-8.0,-13.7,-0.04,-0.10,0.19,0.00,0.00,0.00,-6.45,-8.78,99,-1,0,64,52.4,-0.31,0.261,0.317,0.21,0,25,0,177.0,346.7,257.5,92.9,0.00,0,-26.2,-14.6
42.50,hold,348.86,1.14,0.254,1,2523.1,3393.1,-31.5,-28.1,-9.32,-5.19,67,93,-1,-9.6,1.4,-9.1,-12.7,0.01,-0.07,0.18,0.00,0.00,0.00,-6.86,-8.30,99,-1,0,62,48.8,-0.25,0.255,0.289,0.33,0,25,0,177.0,346.7,257.5,92.9,0.00,0,-21.1,-18.4
42.60,hold,348.88,1.12,0.251,1,2522.2,3392.6,-30.6,-27.6,-8.88,-5.45,71,93,-1,-9.2,1.6,-9.9,-11.5,0.06,-0.05,0.17,0.00,0.00,0.00,-7.15,-7.91,99,-1,0,60,44.8,-0.18,0.252,0.295,0.37,0,25,0,177.0,346.7,257.5,92.9,0.00,0,-17.3,-20.3
42.70,hold,348.91,1.09,0.249,1,2521.3,3392.0,-29.7,-27.1,-8.53,-5.45,75,93,-1,-8.3,1.9,-10.5,-10.2,0.09,-0.04,0.15,0.00,0.00,0.00,-7.16,-7.57,99,-1,0,60,40.9,-0.10,0.249,0.302,0.40,0,25,0,177.0,346.7,257.5,92.9,0.00,0,-13.7,-21.5
42.80,hold,348.93,1.07,0.247,1,2520.5,3391.5,-28.8,-26.5,-8.09,-5.63,81,111,-1,-7.9,1.2,-11.0,-8.8,0.11,-0.03,0.13,0.00,0.00,0.00,-7.54,-6.74,99,-1,0,57,37.6,-0.02,0.247,0.306,0.44,0,25,0,158.6,355.5,191.4,111.8,0.00,0,-11.2,-21.0
42.90,hold,348.95,1.05,0.248,1,2519.7,3390.9,-28.0,-26.0,-7.73,-5.63,86,111,-1,-7.1,1.3,-11.4,-7.6,0.10,-0.03,0.12,0.00,0.00,0.00,-7.65,-6.20,99,-1,0,55,34.8,0.05,0.248,0.300,0.41,0,25,0,158.6,355.5,191.4,111.8,0.00,0,-8.8,-18.3
43.00,hold,348.98,1.02,0.249,1,2519.0,3390.4,-27.2,-25.4,-7.38,-5.45,90,111,-1,-6.7,1.1,-11.6,-6.7,0.06,-0.03,0.11,0.00,0.00,0.00,-7.74,-5.62,99,-1,0,53,32.6,0.10,0.249,0.284,0.38,0,25,0,158.6,355.5,191.4,111.8,0.00,0,-6.7,-14.6
43.10,hold,349.00,1.00,0.250,1,2518.3,3389.8,-26.5,-24.9,-7.12,-5.36,94,111,-1,-6.2,0.5,-11.8,-6.2,0.02,-0.02,0.11,0.00,0.00,0.00,-7.71,-4.97,99,-1,0,52,31.3,0.15,0.251,0.264,0.35,0,25,0,158.6,355.5,191.4,111.8,0.00,0,-4.9,-10.7
43.20,hold,349.03,0.97,0.251,1,2517.6,3389.3,-25.8,-24.3,-6.77,-5.27,99,125,-1,-5.9,0.1,-11.8,-6.0,-0.01,0.00,0.11,0.00,0.00,0.00,-7.84,-4.24,99,-1,0,47,30.9,0.17,0.251,0.257,0.33,0,25,0,145.4,2.3,176.7,125.4,0.00,0,-3.2,-8.4
43.30,hold,349.06,0.94,0.252,1,2516.9,3388.8,-25.1,-23.8,-6.50,-5.10,103,125,-1,-5.3,-0.2,-11.8,-5.9,-0.03,0.01,0.10,0.00,0.00,0.00,-7.77,-3.64,99,-1,0,43,31.0,0.18,0.252,0.265,0.31,0,25,0,145.4,2.3,176.7,125.4,0.00,0,-2.6,-7.6
43.40,hold,349.07,0.93,0.256,1,2516.3,3388.3,-24.4,-23.3,-6.15,-4.92,106,125,-1,-4.9,-0.6,-11.7,-5.8,-0.03,0.01,0.10,0.00,0.00,0.00,-7.68,-3.06,99,-1,0,40,31.7,0.17,0.257,0.271,0.22,0,25,0,145.4,2.3,176.7,125.4,0.00,0,-2.3,-7.2
43.50,hold,349.08,0.92,0.262,1,2515.7,3387.8,-23.8,-22.8,-5.98,-4.92,109,125,-1,-4.2,-0.8,-11.6,-5.8,-0.03,0.00,0.10,0.00,0.00,0.00,-7.44,-2.60,99,-1,0,37,32.7,0.10,0.262,0.277,0.12,0,25,0,145.4,2.3,176.7,125.4,0.00,0,-2.2,-7.0
43.60,hold,349.08,0.92,0.268,1,2515.1,3387.3,-23.2,-22.3,-5.63,-4.75,114,137,-1,-4.1,-0.8,-11.5,-5.7,-0.03,-0.00,0.09,0.00,0.00,0.00,-7.45,-2.09,99,-1,0,32,33.9,-0.01,0.268,0.280,0.02,0,25,0,132.5,7.0,173.6,138.5,0.00,0,-2.8,-7.9
43.70,hold,349.08,0.92,0.270,1,2514.6,3386.8,-22.6,-21.8,-5.36,-4.57,118,137,-1,-3.3,-1.0,-11.5,-5.4,-0.00,-0.01,0.09,0.00,0.00,0.00,-7.18,-1.60,99,-1,0,28,35.0,-0.11,0.270,0.276,-0.00,0,25,0,132.5,7.0,173.6,138.5,0.00,0,-2.8,-9.9
43.80,hold,349.08,0.92,0.268,1,2514.1,3386.4,-22.1,-21.3,-5.10,-4.39,121,137,-1,-2.8,-1.2,-11.4,-5.0,0.03,-0.02,0.08,0.00,0.00,0.00,-6.94,-1.19,99,-1,0,25,35.8,-0.20,0.268,0.290,0.06,0,25,0,132.5,7.0,173.6,138.5,0.00,0,-2.9,-12.1
43.90,hold,349.09,0.91,0.264,1,2513.6,3386.0,-21.6,-20.9,-4.75,-4.22,123,137,-1,-2.2,-1.3,-11.3,-4.5,0.05,-0.01,0.07,0.00,0.00,0.00,-6.68,-0.86,99,-1,0,23,35.8,-0.27,0.266,0.292,0.13,0,25,0,132.5,7.0,173.6,138.5,0.00,0,-1.2,-12.5
44.00,hold,349.12,0.88,0.261,1,2513.1,3385.6,-21.1,-20.5,-4.57,-4.04,128,152,-1,-1.4,-1.2,-11.1,-4.0,0.04,-0.01,0.06,0.00,0.00,0.00,-6.34,-0.42,99,-1,0,18,34.8,-0.35,0.263,0.287,0.20,0,25,0,118.0,16.6,171.0,153.0,0.00,0,-0.9,-10.9
44.10,hold,349.14,0.86,0.257,1,2512.7,3385.2,-20.6,-20.1,-4.39,-3.87,132,152,-1,-0.9,-1.3,-10.9,-3.8,0.03,-0.02,0.05,0.00,0.00,0.00,-6.10,0.01,99,-1,0,14,32.9,-0.41,0.259,0.278,0.27,0,25,0,118.0,16.6,171.0,153.0,0.00,0,-0.6,-8.9
44.20,hold,349.18,0.82,0.252,1,2512.3,3384.8,-20.2,-19.7,-4.22,-3.60,135,152,-1,-0.5,-1.4,-10.8,-3.6,0.00,-0.02,0.04,0.00,0.00,0.00,-5.84,0.35,99,-1,0,11,30.2,-0.44,0.255,0.266,0.34,0,25,0,118.0,16.6,171.0,153.0,0.00,0,-0.3,-6.6
44.30,hold,349.23,0.77,0.248,1,2511.9,3384.5,-19.8,-19.3,-4.04,-3.34,137,152,-1,0.1,-1.6,-10.6,-3.6,-0.01,-0.02,0.04,0.00,0.00,0.00,-5.51,0.68,99,-1,0,8,26.9,-0.43,0.251,0.262,0.41,0,25,0,118.0,16.6,171.0,153.0,0.00,0,0.8,-5.1
44.40,hold,349.26,0.74,0.247,1,2511.5,3384.1,-19.4,-19.0,-3.87,-3.16,142,164,-1,0.9,-1.8,-10.3,-3.6,-0.01,-0.02,0.03,0.00,0.00,0.00,-5.13,1.09,99,-1,0,4,23.3,-0.45,0.250,0.260,0.40,0,25,0,106.0,29.7,170.7,164.8,0.00,0,1.1,-4.7
44.50,hold,349.29,0.71,0.251,1,2511.1,3383.8,-19.0,-18.6,-3.69,-2.99,145,164,-1,1.4,-1.7,-10.0,-3.5,0.00,-0.02,0.02,0.00,0.00,0.00,-4.81,1.36,99,-1,0,1,19.4,-0.45,0.254,0.265,0.32,0,25,0,106.0,29.7,170.7,164.8,0.00,0,1.3,-4.5
44.60,hold,349.30,0.70,0.256,1,2510.8,3383.5,-18.6,-18.3,-3.60,-2.81,148,164,-1,1.9,-1.5,-9.8,-3.3,0.01,-0.03,0.01,0.00,0.00,0.00,-4.49,1.55,99,-1,0,-2,15.4,-0.43,0.259,0.274,0.22,0,25,0,106.0,29.7,170.7,164.8,0.00,0,1.7,-4.4
44.70,hold,349.30,0.70,0.261,1,2510.4,3383.3,-18.3,-18.0,-3.52,-2.64,151,164,-1,2.3,-1.6,-9.5,-3.1,0.03,-0.03,0.00,0.00,0.00,0.00,-4.22,1.75,99,-1,0,-5,11.3,-0.40,0.264,0.285,0.12,0,25,0,106.0,29.7,170.7,164.8,0.00,0,2.1,-4.4
44.80,hold,349.30,0.70,0.267,1,2510.1,3383.0,-17.9,-17.8,-3.34,-2.37,154,170,-1,2.7,-1.6,-9.2,-2.8,0.03,-0.02,0.00,0.00,0.00,0.00,-3.93,1.97,99,-1,0,-8,6.8,-0.38,0.269,0.289,0.02,0,25,0,100.0,40.8,171.3,170.5,0.00,0,3.5,-3.8
44.90,hold,349.30,0.70,0.269,1,2509.7,3382.8,-17.6,-17.5,-3.16,-2.11,156,170,-1,3.5,-1.4,-8.7,-2.5,0.04,-0.00,0.00,0.00,0.00,0.00,-3.52,2.09,99,-1,0,-10,2.3,-0.34,0.271,0.285,-0.00,0,25,0,100.0,40.8,171.3,170.5,0.00,0,4.9,-3.0
45.00,hold,349.30,0.70,0.270,1,2509.4,3382.6,-17.2,-17.3,-3.16,-1.93,158,170,-1,4.2,-1.2,-8.2,-2.4,0.02,0.00,0.00,0.00,0.00,0.00,-3.13,2.16,99,-1,0,-12,-2.4,-0.29,0.271,0.282,-0.02,0,25,0,100.0,40.8,171.3,170.5,0.00,0,5.6,-1.0
45.10,hold,349.32,0.68,0.267,1,2509.1,3382.4,-16.9,-17.1,-2.99,-1.76,160,170,-1,4.6,-1.4,-7.6,-2.4,-0.00,0.01,0.00,0.00,0.00,0.00,-2.90,2.32,99,-1,0,-14,-6.9,-0.23,0.268,0.272,0.05,0,25,0,100.0,40.8,171.3,170.5,0.00,0,6.1,1.3
45.20,hold,349.34,0.66,0.263,1,2508.8,3382.3,-16.6,-16.9,-2.99,-1.58,161,169,-1,5.1,-1.1,-7.0,-2.5,-0.03,0.01,0.00,0.00,0.00,0.00,-2.62,2.27,99,-1,0,-15,-10.9,-0.17,0.263,0.280,0.13,0,25,0,101.3,29.7,173.5,169.1,0.00,0,6.3,3.5
45.30,hold,349.38,0.62,0.258,1,2508.5,3382.1,-16.3,-16.8,-2.90,-1.41,163,169,-1,5.5,-1.3,-6.6,-2.8,-0.04,-0.01,0.00,0.00,0.00,0.00,-2.41,2.38,99,-1,0,-17,-14.5,-0.11,0.258,0.280,0.21,0,25,0,101.3,29.7,173.5,169.1,0.00,0,4.5,4.2
45.40,hold,349.41,0.59,0.253,1,2508.2,3382.0,-16.0,-16.6,-2.81,-1.32,163,169,-1,5.9,-1.3,-6.2,-2.9,-0.03,-0.03,0.00,0.00,0.00,0.00,-2.17,2.38,99,-1,0,-18,-17.4,-0.06,0.253,0.276,0.29,0,25,0,101.3,29.7,173.5,169.1,0.00,0,4.0,2.5
45.50,hold,349.46,0.54,0.247,1,2508.0,3381.9,-15.7,-16.5,-2.64,-1.23,164,169,-1,6.2,-1.2,-6.0,-2.8,0.01,-0.04,0.00,0.00,0.00,0.00,-2.03,2.35,99,-1,0,-18,-19.6,-0.02,0.247,0.265,0.38,0,25,0,101.3,29.7,173.5,169.1,0.00,0,3.8,0.3
45.60,hold,349.50,0.50,0.241,1,2507.7,3381.8,-15.5,-16.4,-2.55,-1.05,164,162,-1,6.5,-0.9,-5.6,-2.5,0.04,-0.03,0.00,0.00,0.00,0.00,-1.91,2.19,99,-1,0,-18,-21.2,0.03,0.241,0.267,0.47,0,25,0,108.3,14.2,175.2,161.9,0.00,0,4.7,-1.3
45.70,hold,349.54,0.46,0.239,1,2507.5,3381.6,-15.2,-16.3,-2.46,-1.05,164,162,-1,6.9,-1.0,-5.2,-2.1,0.05,-0.02,0.00,0.00,0.00,0.00,-1.73,2.15,99,-1,0,-18,-22.3,0.07,0.239,0.268,0.48,0,25,0,108.3,14.2,175.2,161.9,0.00,0,5.1,-1.9
45.80,hold,349.58,0.42,0.242,1,2507.2,3381.6,-15.0,-16.1,-2.29,-0.88,163,162,-1,6.9,-0.9,-4.7,-1.7,0.05,-0.00,0.00,0.00,0.00,0.00,-1.72,2.05,99,-1,0,-17,-22.8,0.10,0.242,0.262,0.41,0,25,0,108.3,14.2,175.2,161.9,0.00,0,6.3,-1.3
45.90,hold,349.62,0.38,0.241,1,2507.0,3381.5,-14.7,-16.1,-2.29,-0.79,163,162,-1,7.5,-0.7,-4.0,-1.5,0.03,0.02,0.00,0.00,0.00,0.00,-1.51,1.93,99,-1,0,-17,-22.7,0.11,0.241,0.263,0.40,0,25,0,108.3,14.2,175.2,161.9,0.00,0,7.6,-0.5
46.00,hold,349.65,0.35,0.239,1,2506.8,3381.4,-14.5,-16.0,-2.11,-0.70,161,153,-1,7.7,-1.1,-3.3,-1.3,0.03,0.04,0.00,0.00,0.00,0.00,-1.48,1.91,99,-1,0,-16,-22.1,0.14,0.239,0.266,0.41,0,25,0,117.2,5.1,177.4,152.9,0.00,0,7.9,-0.3
46.10,hold,349.68,0.32,0.241,1,2506.6,3381.3,-14.3,-15.9,-2.11,-0.70,160,153,-1,8.0,-1.0,-2.5,-1.2,0.02,0.04,0.00,0.00,0.00,0.00,-1.38,1.74,99,-1,0,-14,-21.2,0.16,0.242,0.268,0.34,0,25,0,117.2,5.1,177.4,152.9,0.00,0,8.0,-0.2
46.20,hold,349.70,0.30,0.244,1,2506.4,3381.3,-14.1,-15.8,-2.11,-0.70,159,153,-1,7.9,-1.2,-1.8,-1.1,0.02,0.05,0.00,0.00,0.00,0.00,-1.41,1.72,99,-1,0,-13,-20.2,0.16,0.245,0.272,0.26,0,25,0,117.2,5.1,177.4,152.9,0.00,0,7.7,-0.1
46.30,hold,349.72,0.28,0.247,1,2506.1,3381.2,-13.9,-15.8,-2.11,-0.62,158,153,-1,7.8,-1.4,-1.1,-1.1,0.01,0.04,0.00,0.00,0.00,0.00,-1.44,1.69,99,-1,0,-12,-19.2,0.16,0.248,0.267,0.19,0,25,0,117.2,5.1,177.4,152.9,0.00,0,6.5,0.9
46.40,hold,349.74,0.26,0.247,1,2505.9,3381.1,-13.6,-15.7,-2.11,-0.62,156,145,-1,8.0,-1.9,-0.6,-1.3,-0.01,0.02,0.00,0.00,0.00,0.00,-1.42,1.68,99,-1,0,-10,-17.8,0.18,0.247,0.259,0.19,0,25,0,125.2,359.7,180.2,144.8,0.00,0,4.9,2.0
46.50,hold,349.76,0.24,0.245,1,2505.7,3381.1,-13.4,-15.6,-1.93,-0.70,154,145,-1,7.9,-2.2,-0.2,-1.4,-0.02,0.01,0.00,0.00,0.00,0.00,-1.47,1.64,99,-1,0,-8,-16.4,0.19,0.246,0.256,0.20,0,25,0,125.2,359.7,180.2,144.8,0.00,0,4.2,2.1
46.60,hold,349.77,0.23,0.248,1,2505.5,3381.0,-13.2,-15.6,-1.93,-0.70,153,145,-1,7.7,-1.9,0.1,-1.7,-0.02,0.00,0.00,0.00,0.00,0.00,-1.51,1.40,99,-1,0,-7,-14.8,0.19,0.249,0.259,0.14,0,25,0,125.2,359.7,180.2,144.8,0.00,0,3.7,2.1
46.70,hold,349.78,0.22,0.252,1,2505.4,3380.9,-13.0,-15.5,-1.93,-0.70,152,145,-1,7.6,-2.2,0.4,-1.9,-0.02,0.00,0.00,0.00,0.00,0.00,-1.54,1.37,99,-1,0,-6,-13.1,0.18,0.252,0.262,0.07,0,25,0,125.2,359.7,180.2,144.8,0.00,0,3.4,2.0
46.80,hold,349.78,0.22,0.256,1,2505.2,3380.9,-12.9,-15.4,-1.93,-0.70,150,139,-1,7.5,-2.5,0.7,-2.1,-0.02,0.00,0.00,0.00,0.00,0.00,-1.58,1.32,99,-1,0,-4,-11.3,0.18,0.256,0.265,-0.00,0,25,0,130.9,357.2,182.5,139.1,0.00,0,3.1,1.9
46.90,hold,349.77,0.23,0.260,1,2505.0,3380.8,-12.7,-15.4,-1.93,-0.70,148,139,-1,7.3,-2.8,0.9,-2.3,-0.02,0.00,0.00,0.00,0.00,0.00,-1.62,1.27,99,-1,0,-2,-9.4,0.18,0.260,0.269,-0.08,0,25,0,130.9,357.2,182.5,139.1,0.00,0,3.0,1.8
47.00,hold,349.75,0.25,0.264,1,2504.8,3380.7,-12.5,-15.3,-1.93,-0.70,147,139,-1,7.2,-3.0,1.2,-2.4,-0.02,0.01,0.00,0.00,0.00,0.00,-1.65,1.23,99,-1,0,-1,-7.5,0.17,0.265,0.273,-0.15,0,25,0,130.9,357.2,182.5,139.1,0.00,0,2.8,1.6
47.10,hold,349.73,0.27,0.269,1,2504.6,3380.6,-12.3,-15.2,-1.76,-0.88,146,139,-1,7.1,-3.2,1.4,-2.5,-0.00,0.00,0.00,0.00,0.00,0.00,-1.67,1.20,99,-1,0,0,-5.5,0.16,0.270,0.271,-0.22,0,25,0,130.9,357.2,182.5,139.1,0.00,0,2.0,0.6
47.20,hold,349.71,0.29,0.270,1,2504.4,3380.6,-12.1,-15.1,-1.76,-0.88,144,136,-1,6.8,-2.7,1.6,-2.5,0.02,0.00,0.00,0.00,0.00,0.00,-1.74,0.91,99,-1,0,2,-3.3,0.14,0.271,0.278,-0.22,0,25,0,133.7,355.9,183.9,136.3,0.00,0,2.0,-1.2
47.30,hold,349.71,0.29,0.266,1,2504.2,3380.5,-11.9,-15.1,-1.76,-0.88,143,136,-1,6.6,-2.9,1.8,-2.3,0.04,0.01,0.00,0.00,0.00,0.00,-1.76,0.88,99,-1,0,3,-0.9,0.12,0.266,0.283,-0.13,0,25,0,133.7,355.9,183.9,136.3,0.00,0,2.0,-1.7
47.40,hold,349.73,0.27,0.253,1,2504.1,3380.4,-11.7,-15.0,-1.76,-0.97,142,136,-1,6.5,-3.1,1.9,-2.3,0.02,0.01,0.00,0.00,0.00,0.00,-1.77,0.84,99,-1,0,4,1.3,0.10,0.254,0.265,0.12,0,25,0,133.7,355.9,183.9,136.3,0.00,0,1.7,0.0
47.50,hold,349.77,0.23,0.246,1,2503.9,3380.3,-11.6,-14.9,-1.76,-1.05,141,136,-1,6.2,-3.1,2.1,-2.4,-0.01,0.01,0.00,0.00,0.00,0.00,-1.86,0.76,99,-1,0,5,3.2,0.07,0.247,0.254,0.24,0,25,0,133.7,355.9,183.9,136.3,0.00,0,1.5,2.0
47.60,hold,349.80,0.20,0.240,1,2503.7,3380.2,-11.4,-14.8,-1.76,-1.05,140,137,-1,5.8,-3.0,2.3,-2.6,-0.02,0.01,0.00,0.00,0.00,0.00,-1.93,0.69,99,-1,0,5,4.7,0.04,0.240,0.255,0.33,0,25,0,133.1,354.9,184.7,136.9,0.00,0,1.3,2.5
47.70,hold,349.83,0.17,0.242,1,2503.5,3380.1,-11.2,-14.7,-1.76,-1.05,140,137,-1,5.7,-3.1,2.4,-2.9,-0.03,0.01,0.00,0.00,0.00,0.00,-1.94,0.67,99,-1,0,6,5.8,0.03,0.242,0.258,0.28,0,25,0,133.1,354.9,184.7,136.9,0.00,0,1.0,2.7
47.80,hold,349.84,0.16,0.245,1,2503.4,3379.9,-11.0,-14.6,-1.76,-1.23,139,137,-1,5.6,-3.2,2.5,-3.1,-0.03,0.01,0.00,0.00,0.00,0.00,-1.94,0.65,99,-1,0,6,6.7,0.01,0.245,0.261,0.20,0,25,0,133.1,354.9,184.7,136.9,0.00,0,0.8,2.6
47.90,hold,349.85,0.15,0.249,1,2503.2,3379.8,-10.9,-14.4,-1.58,-1.23,139,137,-1,5.0,-2.9,2.6,-3.3,-0.03,0.01,0.00,0.00,0.00,0.00,-2.08,0.52,99,-1,0,7,7.3,0.00,0.249,0.266,0.13,0,25,0,133.1,354.9,184.7,136.9,0.00,0,0.6,2.3
48.00,hold,349.86,0.14,0.252,1,2503.0,3379.7,-10.7,-14.3,-1.58,-1.32,139,140,-1,5.3,-2.5,2.7,-3.5,-0.03,0.01,0.00,0.00,0.00,0.00,-1.97,0.39,99,-1,0,7,7.8,-0.01,0.252,0.269,0.05,0,25,0,130.3,353.3,185.7,139.5,0.00,0,0.4,2.0
48.10,hold,349.85,0.15,0.256,1,2502.9,3379.5,-10.5,-14.2,-1.58,-1.41,139,140,-1,4.9,-2.4,2.8,-3.7,-0.03,0.01,0.00,0.00,0.00,0.00,-2.03,0.34,99,-1,0,7,8.1,-0.02,0.256,0.274,-0.02,0,25,0,130.3,353.3,185.7,139.5,0.00,0,0.3,1.8
48.20,hold,349.84,0.16,0.261,1,2502.7,3379.4,-10.4,-14.0,-1.58,-1.41,139,140,-1,4.6,-2.2,2.8,-3.7,-0.02,0.01,0.00,0.00,0.00,0.00,-2.10,0.28,99,-1,0,7,8.2,-0.03,0.261,0.271,-0.10,0,25,0,130.3,353.3,185.7,139.5,0.00,0,-0.5,0.8
48.30,hold,349.83,0.17,0.261,1,2502.6,3379.3,-10.2,-13.9,-1.58,-1.58,139,140,-1,4.5,-2.2,2.8,-3.7,0.00,-0.01,0.00,0.00,0.00,0.00,-2.10,0.28,99,-1,0,7,8.2,-0.03,0.261,0.264,-0.09,0,25,0,130.3,353.3,185.7,139.5,0.00,0,-1.5,-0.5
48.40,hold,349.82,0.18,0.261,1,2502.4,3379.1,-10.1,-13.8,-1.41,-1.58,140,143,-1,4.0,-1.9,2.6,-3.5,0.02,-0.02,0.00,0.00,0.00,0.00,-2.23,0.19,99,-1,0,6,8.1,-0.04,0.261,0.275,-0.08,0,25,0,127.1,353.1,185.2,142.8,0.00,0,-2.4,-1.7
48.50,hold,349.81,0.19,0.261,1,2502.3,3378.9,-9.9,-13.6,-1.41,-1.76,140,143,-1,4.2,-1.5,2.4,-3.2,0.02,-0.03,0.00,0.00,0.00,0.00,-2.12,0.07,99,-1,0,6,7.9,-0.05,0.261,0.282,-0.07,0,25,0,127.1,353.1,185.2,142.8,0.00,0,-2.5,-2.1
48.60,hold,349.79,0.21,0.265,1,2502.1,3378.8,-9.8,-13.4,-1.41,-1.76,141,143,-1,3.7,-1.1,2.2,-3.0,0.02,-0.02,0.00,0.00,0.00,0.00,-2.25,-0.02,99,-1,0,5,7.9,-0.05,0.265,0.278,-0.13,0,25,0,127.1,353.1,185.2,142.8,0.00,0,-1.8,-1.5
48.70,hold,349.78,0.22,0.266,1,2502.0,3378.6,-9.6,-13.3,-1.41,-1.76,141,143,-1,3.6,-1.1,2.2,-2.9,0.00,-0.00,0.00,0.00,0.00,0.00,-2.25,-0.01,99,-1,0,5,7.5,-0.06,0.266,0.268,-0.13,0,25,0,127.1,353.1,185.2,142.8,0.00,0,-0.7,-0.6
48.80,hold,349.77,0.23,0.266,1,2501.9,3378.4,-9.5,-13.1,-1.41,-1.76,142,146,-1,3.4,-1.0,2.2,-2.9,-0.01,0.02,0.00,0.00,0.00,0.00,-2.25,0.02,99,-1,0,4,6.9,-0.07,0.266,0.278,-0.12,0,25,0,124.0,353.8,184.2,145.9,0.00,0,0.4,0.4
48.90,hold,349.76,0.24,0.266,1,2501.7,3378.2,-9.4,-12.9,-1.23,-1.93,142,146,-1,3.3,-1.0,2.3,-3.1,-0.04,0.03,0.00,0.00,0.00,0.00,-2.25,0.04,99,-1,0,4,6.4,-0.07,0.266,0.293,-0.10,0,25,0,124.0,353.8,184.2,145.9,0.00,0,0.8,2.3
49.00,hold,349.77,0.23,0.261,1,2501.6,3378.0,-9.2,-12.7,-1.23,-1.93,143,146,-1,3.1,-0.2,2.3,-3.3,-0.06,0.01,0.00,0.00,0.00,0.00,-2.28,-0.18,99,-1,0,3,5.8,-0.07,0.261,0.291,-0.01,0,25,0,124.0,353.8,184.2,145.9,0.00,0,-0.8,2.4
49.10,hold,349.79,0.21,0.256,1,2501.5,3377.8,-9.1,-12.5,-1.23,-1.93,143,146,-1,2.9,-0.2,2.2,-3.4,-0.04,0.00,0.00,0.00,0.00,0.00,-2.29,-0.16,99,-1,0,3,4.8,-0.06,0.256,0.272,0.08,0,25,0,124.0,353.8,184.2,145.9,0.00,0,-1.2,0.4
49.20,hold,349.81,0.19,0.251,1,2501.4,3377.6,-9.0,-12.3,-1.23,-2.11,144,148,-1,2.8,-0.2,2.1,-3.2,-0.00,-0.01,0.00,0.00,0.00,0.00,-2.29,-0.14,99,-1,0,2,4.0,-0.06,0.251,0.254,0.18,0,25,0,121.8,353.4,184.1,148.1,0.00,0,-1.7,-2.1
49.30,hold,349.84,0.16,0.245,1,2501.3,3377.4,-8.9,-12.1,-1.05,-2.11,145,148,-1,2.2,0.2,1.9,-2.8,0.04,-0.01,0.00,0.00,0.00,0.00,-2.43,-0.21,99,-1,0,1,3.2,-0.06,0.245,0.263,0.27,0,25,0,121.8,353.4,184.1,148.1,0.00,0,-2.1,-4.7
49.40,hold,349.87,0.13,0.239,1,2501.1,3377.2,-8.8,-11.9,-1.05,-2.20,145,148,-1,2.4,0.6,1.7,-2.2,0.06,-0.02,0.00,0.00,0.00,0.00,-2.33,-0.34,99,-1,0,1,2.7,-0.05,0.239,0.268,0.37,0,25,0,121.8,353.4,184.1,148.1,0.00,0,-2.3,-5.4
49.50,hold,349.88,0.12,0.241,1,2501.0,3377.0,-8.6,-11.7,-1.05,-2.29,146,148,-1,2.0,0.8,1.5,-1.7,0.06,-0.02,0.00,0.00,0.00,0.00,-2.41,-0.37,99,-1,0,0,2.3,-0.05,0.241,0.273,0.31,0,25,0,121.8,353.4,184.1,148.1,0.00,0,-2.4,-5.6
49.60,hold,349.90,0.10,0.244,1,2500.9,3376.7,-8.5,-11.5,-1.05,-2.29,146,149,-1,1.6,1.0,1.3,-1.2,0.06,-0.01,0.00,0.00,0.00,0.00,-2.49,-0.39,99,-1,0,-0,1.8,-0.05,0.244,0.270,0.23,0,25,0,120.8,356.6,182.0,149.2,0.00,0,-1.5,-4.7
49.70,hold,349.92,0.08,0.243,1,2500.8,3376.5,-8.4,-11.2,-1.05,-2.29,147,149,-1,1.5,1.0,1.2,-0.8,0.04,0.01,0.00,0.00,0.00,0.00,-2.49,-0.37,99,-1,0,-1,1.4,-0.05,0.243,0.263,0.24,0,25,0,120.8,356.6,182.0,149.2,0.00,0,-0.4,-3.3
49.80,hold,349.94,0.06,0.241,1,2500.7,3376.3,-8.3,-11.0,-1.05,-2.29,147,149,-1,1.3,1.1,1.3,-0.6,0.02,0.03,0.00,0.00,0.00,0.00,-2.49,-0.36,99,-1,0,-1,1.0,-0.05,0.241,0.260,0.25,0,25,0,120.8,356.6,182.0,149.2,0.00,0,0.7,-1.7
49.90,hold,349.96,0.04,0.240,1,2500.6,3376.1,-8.2,-10.8,-1.05,-2.29,147,149,-1,1.2,1.1,1.4,-0.5,0.00,0.04,0.00,0.00,0.00,0.00,-2.49,-0.34,99,-1,0,-1,0.7,-0.05,0.240,0.257,0.26,0,25,0,120.8,356.6,182.0,149.2,0.00,0,1.0,-1.0
50.00,hold,349.97,0.03,0.242,1,2500.5,3375.8,-8.1,-10.6,-1.05,-2.29,148,150,-1,1.0,1.1,1.5,-0.4,-0.00,0.04,0.00,0.00,0.00,0.00,-2.50,-0.33,99,-1,0,-2,0.2,-0.05,0.242,0.260,0.20,0,25,0,120.4,357.1,181.7,149.6,0.00,0,0.8,-0.4
50.10,hold,349.98,0.02,0.245,1,2500.4,3375.6,-8.0,-10.3,-1.05,-2.29,148,150,-1,0.8,1.2,1.6,-0.4,-0.01,0.04,0.00,0.00,0.00,0.00,-2.50,-0.32,99,-1,0,-2,-0.2,-0.05,0.245,0.266,0.13,0,25,0,120.4,357.1,181.7,149.6,0.00,0,0.4,-0.1
50.20,hold,349.98,0.02,0.249,1,2500.3,3375.4,-7.9,-10.1,-1.05,-2.29,148,150,-1,0.7,1.2,1.6,-0.4,-0.01,0.04,0.00,0.00,0.00,0.00,-2.50,-0.31,99,-1,0,-2,-1.4,-0.04,0.249,0.269,0.05,0,25,0,120.4,357.1,181.7,149.6,0.00,0,0.5,0.2
50.30,hold,349.97,0.03,0.253,1,2500.2,3375.1,-7.8,-9.9,-1.05,-2.29,148,150,-1,0.5,1.2,1.6,-0.4,-0.02,0.03,0.00,0.00,0.00,0.00,-2.50,-0.30,99,-1,0,-3,-1.6,-0.02,0.253,0.272,-0.02,0,25,0,120.4,357.1,181.7,149.6,0.00,0,-0.1,0.2
50.40,hold,349.96,0.04,0.257,1,2500.1,3374.9,-7.7,-9.6,-1.05,-2.29,149,149,-1,0.4,1.2,1.5,-0.4,-0.01,0.02,0.00,0.00,0.00,0.00,-2.50,-0.29,99,-1,0,-3,-1.8,-0.02,0.257,0.267,-0.09,0,25,0,120.8,357.1,181.7,149.2,0.00,0,-1.4,-0.6
50.50,hold,349.95,0.05,0.257,1,2500.0,3374.7,-7.6,-9.4,-1.05,-2.29,149,149,-1,0.2,1.2,1.2,-0.3,0.01,-0.01,0.00,0.00,0.00,0.00,-2.50,-0.29,99,-1,0,-3,-2.5,-0.02,0.257,0.262,-0.09,0,25,0,120.8,357.1,181.7,149.2,0.00,0,-2.9,-1.6
50.60,hold,349.95,0.05,0.257,1,2499.9,3374.5,-7.5,-9.2,-1.05,-2.29,149,149,-1,0.1,1.3,0.8,-0.0,0.02,-0.03,0.00,0.00,0.00,0.00,-2.50,-0.29,99,-1,0,-3,-2.9,-0.01,0.257,0.277,-0.07,0,25,0,120.8,357.1,181.7,149.2,0.00,0,-4.2,-2.5
50.70,hold,349.93,0.07,0.256,1,2499.8,3374.2,-7.4,-9.0,-1.23,-2.29,149,149,-1,-0.1,1.3,0.4,0.2,0.03,-0.04,0.00,0.00,0.00,0.00,-2.50,-0.28,99,-1,0,-3,-3.1,0.00,0.256,0.285,-0.06,0,25,0,120.8,357.1,181.7,149.2,0.00,0,-4.6,-2.7
50.80,hold,349.92,0.08,0.260,1,2499.6,3374.0,-7.3,-8.7,-1.23,-2.29,149,148,-1,-0.5,0.8,-0.0,0.5,0.03,-0.03,0.00,0.00,0.00,0.00,-2.59,-0.14,99,-1,0,-3,-3.3,0.01,0.260,0.286,-0.12,0,25,0,122.0,0.5,179.7,148.0,0.00,0,-4.0,-2.0
50.90,hold,349.90,0.10,0.260,1,2499.5,3373.8,-7.1,-8.5,-1.05,-2.29,149,148,-1,-0.7,0.9,-0.3,0.6,0.02,-0.02,0.00,0.00,0.00,0.00,-2.59,-0.14,99,-1,0,-3,-3.4,0.01,0.260,0.277,-0.11,0,25,0,122.0,0.5,179.7,148.0,0.00,0,-2.9,-1.2
51.00,hold,349.89,0.11,0.260,1,2499.4,3373.5,-7.0,-8.3,-1.05,-2.20,148,148,-1,-0.5,1.3,-0.5,0.6,0.00,-0.01,0.00,0.00,0.00,0.00,-2.50,-0.30,99,-1,0,-3,-3.4,0.02,0.260,0.264,-0.09,0,25,0,122.0,0.5,179.7,148.0,0.00,0,-1.6,-0.4
51.10,hold,349.89,0.11,0.260,1,2499.3,3373.3,-6.9,-8.0,-1.05,-2.11,148,148,-1,-0.5,1.2,-0.6,0.6,-0.01,0.01,0.00,0.00,0.00,0.00,-2.42,-0.25,99,-1,0,-3,-3.2,0.02,0.260,0.267,-0.08,0,25,0,122.0,0.5,179.7,148.0,0.00,0,-0.4,0.5
51.20,hold,349.88,0.12,0.260,1,2499.2,3373.1,-6.8,-7.8,-1.05,-2.11,148,147,-1,-0.4,1.1,-0.6,0.6,-0.01,0.02,0.00,0.00,0.00,0.00,-2.35,-0.22,99,-1,0,-2,-3.0,0.02,0.260,0.271,-0.06,0,25,0,123.3,1.5,179.0,146.7,0.00,0,-0.1,0.4
51.30,hold,349.87,0.13,0.263,1,2499.1,3372.9,-6.7,-7.6,-1.05,-2.11,148,147,-1,-0.5,1.1,-0.7,0.6,0.00,0.01,0.00,0.00,0.00,0.00,-2.35,-0.23,99,-1,0,-2,-3.0,0.02,0.263,0.268,-0.12,0,25,0,123.3,1.5,179.0,146.7,0.00,0,-0.8,-0.5
51.40,hold,349.85,0.15,0.264,1,2499.0,3372.7,-6.6,-7.4,-1.05,-2.11,148,147,-1,-0.6,1.1,-0.8,0.7,0.02,-0.00,0.00,0.00,0.00,0.00,-2.35,-0.23,99,-1,0,-2,-2.9,0.02,0.264,0.271,-0.12,0,25,0,123.3,1.5,179.0,146.7,0.00,0,-1.6,-1.5
51.50,hold,349.85,0.15,0.263,1,2498.9,3372.5,-6.5,-7.2,-1.05,-1.93,148,147,-1,-0.8,1.1,-1.1,0.9,0.03,-0.02,0.00,0.00,0.00,0.00,-2.35,-0.24,99,-1,0,-2,-3.0,0.02,0.263,0.283,-0.10,0,25,0,123.3,1.5,179.0,146.7,0.00,0,-3.4,-1.8
51.60,hold,349.85,0.15,0.259,1,2498.8,3372.3,-6.4,-7.0,-1.05,-1.93,147,146,-1,-0.5,0.9,-1.4,1.0,0.01,-0.04,0.00,0.00,0.00,0.00,-2.20,-0.16,99,-1,0,-1,-2.9,0.03,0.259,0.280,-0.01,0,25,0,124.5,3.1,177.9,145.5,0.00,0,-3.5,-0.3
51.70,hold,349.86,0.14,0.254,1,2498.7,3372.1,-6.3,-6.8,-1.05,-1.93,147,146,-1,-0.6,0.9,-1.7,1.0,-0.01,-0.03,0.00,0.00,0.00,0.00,-2.20,-0.17,99,-1,0,-1,-2.6,0.04,0.254,0.269,0.09,0,25,0,124.5,3.1,177.9,145.5,0.00,0,-2.7,0.8
51.80,hold,349.88,0.12,0.252,1,2498.6,3371.9,-6.2,-6.6,-1.05,-1.76,147,146,-1,-0.7,0.9,-1.9,0.9,-0.01,-0.01,0.00,0.00,0.00,0.00,-2.20,-0.18,99,-1,0,-1,-2.4,0.04,0.252,0.261,0.11,0,25,0,124.5,3.1,177.9,145.5,0.00,0,-0.9,1.0
51.90,hold,349.90,0.10,0.247,1,2498.5,3371.8,-6.1,-6.4,-1.05,-1.76,147,146,-1,-0.4,0.6,-1.8,0.8,-0.00,0.01,0.00,0.00,0.00,0.00,-2.05,-0.09,99,-1,0,-1,-2.1,0.03,0.247,0.251,0.20,0,25,0,124.5,3.1,177.9,145.5,0.00,0,0.5,0.1
52.00,hold,349.92,0.08,0.245,1,2498.4,3371.6,-6.0,-6.3,-1.05,-1.76,146,145,-1,-0.5,0.6,-1.8,0.8,0.00,0.02,0.00,0.00,0.00,0.00,-2.05,-0.10,99,-1,0,-0,-1.7,0.03,0.245,0.255,0.22,0,25,0,125.4,3.3,177.6,144.6,0.00,0,0.8,-0.1
52.10,hold,349.93,0.07,0.247,1,2498.3,3371.4,-5.9,-6.1,-1.05,-1.58,146,145,-1,-0.6,0.7,-1.7,0.9,0.01,0.02,0.00,0.00,0.00,0.00,-2.05,-0.11,99,-1,0,-0,-1.5,0.03,0.247,0.259,0.16,0,25,0,125.4,3.3,177.6,144.6,0.00,0,0.9,-0.1
52.20,hold,349.93,0.07,0.251,1,2498.1,3371.3,-5.8,-5.9,-1.05,-1.58,146,145,-1,-0.3,0.4,-1.6,0.9,0.01,0.02,0.00,0.00,0.00,0.00,-1.90,-0.02,99,-1,0,0,-1.3,0.03,0.251,0.264,0.09,0,25,0,125.4,3.3,177.6,144.6,0.00,0,0.9,-0.2
52.30,hold,349.93,0.07,0.255,1,2498.0,3371.1,-5.6,-5.8,-1.05,-1.58,146,145,-1,-0.4,0.4,-1.5,0.9,0.01,0.02,0.00,0.00,0.00,0.00,-1.90,-0.02,99,-1,0,0,-1.3,0.03,0.255,0.269,0.01,0,25,0,125.4,3.3,177.6,144.6,0.00,0,1.0,-0.4
52.40,hold,349.92,0.08,0.259,1,2497.9,3370.9,-5.5,-5.6,-0.88,-1.58,145,144,-1,-0.5,0.4,-1.4,1.0,0.01,0.02,0.00,0.00,0.00,0.00,-1.90,-0.03,99,-1,0,0,-0.7,0.04,0.259,0.273,-0.06,0,25,0,125.9,2.9,177.9,144.1,0.00,0,0.5,-0.4
52.50,hold,349.90,0.10,0.263,1,2497.9,3370.8,-5.4,-5.4,-0.88,-1.41,145,144,-1,-0.4,0.8,-1.4,1.0,0.00,0.01,0.00,0.00,0.00,0.00,-1.80,-0.18,99,-1,0,1,-0.4,0.03,0.263,0.266,-0.13,0,25,0,125.9,2.9,177.9,144.1,0.00,0,-0.6,0.2
52.60,hold,349.89,0.11,0.263,1,2497.8,3370.7,-5.4,-5.3,-0.88,-1.41,145,144,-1,-0.0,0.5,-1.6,0.9,-0.01,-0.02,0.00,0.00,0.00,0.00,-1.66,-0.08,99,-1,0,1,0.0,0.03,0.263,0.274,-0.12,0,25,0,125.9,2.9,177.9,144.1,0.00,0,-2.1,1.1
52.70,hold,349.88,0.12,0.263,1,2497.7,3370.5,-5.3,-5.2,-0.88,-1.41,145,144,-1,-0.1,0.5,-1.8,0.8,-0.01,-0.03,0.00,0.00,0.00,0.00,-1.66,-0.09,99,-1,0,1,0.3,0.02,0.263,0.281,-0.11,0,25,0,125.9,2.9,177.9,144.1,0.00,0,-2.4,1.0
52.80,hold,349.87,0.13,0.267,1,2497.6,3370.4,-5.2,-5.0,-0.88,-1.41,145,144,-1,-0.2,0.6,-2.0,0.7,-0.01,-0.02,0.00,0.00,0.00,0.00,-1.66,-0.09,99,-1,0,1,0.6,0.02,0.267,0.279,-0.16,0,25,0,125.9,3.5,177.5,144.1,0.00,0,-1.1,0.9
52.90,hold,349.87,0.13,0.263,1,2497.5,3370.2,-5.1,-4.9,-0.88,-1.23,145,144,-1,-0.3,0.6,-2.0,0.6,-0.01,0.01,0.00,0.00,0.00,0.00,-1.66,-0.10,99,-1,0,1,1.0,0.01,0.263,0.269,-0.09,0,25,0,125.9,3.5,177.5,144.1,0.00,0,0.8,0.8
53.00,hold,349.88,0.12,0.258,1,2497.4,3370.1,-5.0,-4.7,-0.88,-1.23,145,144,-1,0.0,0.3,-1.8,0.5,-0.01,0.03,0.00,0.00,0.00,0.00,-1.51,0.00,99,-1,0,1,1.0,0.01,0.258,0.273,0.01,0,25,0,125.9,3.5,177.5,144.1,0.00,0,2.4,0.5
53.10,hold,349.90,0.10,0.252,1,2497.3,3370.0,-4.9,-4.6,-0.88,-1.23,145,144,-1,-0.1,0.3,-1.6,0.6,0.01,0.04,0.00,0.00,0.00,0.00,-1.51,0.00,99,-1,0,1,1.3,0.01,0.252,0.269,0.11,0,25,0,125.9,3.5,177.5,144.1,0.00,0,2.1,-0.4
53.20,hold,349.92,0.08,0.251,1,2497.2,3369.9,-4.8,-4.5,-0.88,-1.23,145,145,-1,-0.2,0.3,-1.5,0.6,0.01,0.01,0.00,0.00,0.00,0.00,-1.51,0.00,99,-1,0,1,1.5,0.00,0.251,0.262,0.14,0,25,0,125.4,2.7,178.1,144.6,0.00,0,0.1,-0.7
53.30,hold,349.94,0.06,0.245,1,2497.2,3369.8,-4.7,-4.4,-0.88,-1.05,145,145,-1,-0.3,0.3,-1.6,0.6,0.01,-0.01,0.00,0.00,0.00,0.00,-1.51,0.00,99,-1,0,1,1.5,-0.00,0.245,0.252,0.23,0,25,0,125.4,2.7,178.1,144.6,0.00,0,-1.3,0.0
53.40,hold,349.96,0.04,0.243,1,2497.1,3369.7,-4.7,-4.3,-0.88,-1.05,145,145,-1,0.1,-0.0,-1.8,0.6,0.01,-0.03,0.00,0.00,0.00,0.00,-1.37,0.10,99,-1,0,1,1.7,-0.00,0.243,0.256,0.25,0,25,0,125.4,2.7,178.1,144.6,0.00,0,-1.9,0.0
53.50,hold,349.97,0.03,0.245,1,2497.0,3369.6,-4.6,-4.2,-0.88,-1.05,145,145,-1,0.0,-0.0,-2.0,0.6,0.01,-0.03,0.00,0.00,0.00,0.00,-1.37,0.10,99,-1,0,1,1.7,-0.01,0.245,0.262,0.19,0,25,0,125.4,2.7,178.1,144.6,0.00,0,-2.1,-0.1
53.60,hold,349.98,0.02,0.249,1,2496.9,3369.5,-4.5,-4.1,-0.88,-1.05,145,145,-1,-0.1,-0.1,-2.2,0.6,0.01,-0.04,0.00,0.00,0.00,0.00,-1.37,0.11,99,-1,0,1,1.8,-0.01,0.249,0.268,0.11,0,25,0,124.8,3.8,177.3,145.2,0.00,0,-2.3,-0.2
53.70,hold,349.98,0.02,0.252,1,2496.8,3369.3,-4.4,-4.0,-0.88,-1.05,145,145,-1,-0.2,-0.1,-2.5,0.6,0.01,-0.04,0.00,0.00,0.00,0.00,-1.37,0.11,99,-1,0,1,1.7,-0.01,0.252,0.273,0.04,0,25,0,124.8,3.8,177.3,145.2,0.00,0,-2.3,-0.3
53.80,hold,349.97,0.03,0.256,1,2496.7,3369.3,-4.3,-3.8,-0.70,-0.88,145,145,-1,-0.2,-0.1,-2.6,0.6,0.01,-0.03,0.00,0.00,0.00,0.00,-1.37,0.11,99,-1,0,1,1.6,-0.01,0.256,0.269,-0.03,0,25,0,124.8,3.8,177.3,145.2,0.00,0,-1.2,0.3
53.90,hold,349.97,0.03,0.256,1,2496.7,3369.2,-4.2,-3.8,-0.70,-0.88,145,145,-1,0.4,0.1,-2.6,0.5,-0.01,-0.01,0.00,0.00,0.00,0.00,-1.12,0.07,99,-1,0,1,1.4,-0.01,0.256,0.264,-0.03,0,25,0,124.8,3.8,177.3,145.2,0.00,0,0.4,1.1
54.00,hold,349.98,0.02,0.255,1,2496.6,3369.1,-4.2,-3.7,-0.70,-0.70,145,146,-1,0.4,0.1,-2.5,0.3,-0.02,0.01,0.00,0.00,0.00,0.00,-1.12,0.07,99,-1,0,1,1.4,-0.01,0.255,0.269,-0.01,0,25,0,124.2,4.0,177.3,145.9,0.00,0,1.8,2.0
54.10,hold,349.98,0.02,0.255,1,2496.5,3369.0,-4.1,-3.6,-0.70,-0.70,145,146,-1,0.7,-0.3,-2.3,0.1,-0.02,0.02,0.00,0.00,0.00,0.00,-0.98,0.17,99,-1,0,1,1.3,-0.01,0.255,0.272,-0.00,0,25,0,124.2,4.0,177.3,145.9,0.00,0,2.2,1.9
54.20,hold,349.97,0.03,0.258,1,2496.5,3369.0,-4.0,-3.5,-0.70,-0.70,145,146,-1,0.7,-0.3,-2.1,0.0,-0.01,0.02,0.00,0.00,0.00,0.00,-0.98,0.18,99,-1,0,1,1.4,-0.01,0.258,0.270,-0.06,0,25,0,124.2,4.0,177.3,145.9,0.00,0,1.7,1.0
54.30,hold,349.97,0.03,0.258,1,2496.4,3368.9,-4.0,-3.5,-0.53,-0.62,145,146,-1,0.6,-0.3,-2.0,0.0,0.00,0.01,0.00,0.00,0.00,0.00,-0.98,0.18,99,-1,0,1,1.1,-0.02,0.258,0.261,-0.06,0,25,0,124.2,4.0,177.3,145.9,0.00,0,0.7,-0.1
54.40,hold,349.96,0.04,0.258,1,2496.3,3368.8,-3.9,-3.4,-0.53,-0.53,145,146,-1,1.1,0.0,-2.0,0.1,0.02,-0.01,0.00,0.00,0.00,0.00,-0.81,0.09,99,-1,0,0,1.2,-0.01,0.258,0.269,-0.04,0,25,0,123.6,3.1,178.0,146.4,0.00,0,-0.1,-1.1
54.50,hold,349.95,0.05,0.257,1,2496.3,3368.8,-3.8,-3.3,-0.53,-0.53,146,146,-1,1.2,-0.1,-2.0,0.2,0.03,-0.02,0.00,0.00,0.00,0.00,-0.73,0.14,99,-1,0,0,1.2,-0.02,0.257,0.275,-0.03,0,25,0,123.6,3.1,178.0,146.4,0.00,0,-0.2,-1.3
54.60,hold,349.94,0.06,0.261,1,2496.2,3368.7,-3.8,-3.3,-0.53,-0.53,146,146,-1,1.2,-0.2,-2.0,0.3,0.02,-0.01,0.00,0.00,0.00,0.00,-0.73,0.14,99,-1,0,0,1.2,-0.02,0.261,0.273,-0.09,0,25,0,123.6,3.1,178.0,146.4,0.00,0,0.6,-0.7
54.70,hold,349.94,0.06,0.261,1,2496.2,3368.7,-3.7,-3.2,-0.53,-0.53,146,146,-1,1.2,-0.2,-1.8,0.3,0.01,0.01,0.00,0.00,0.00,0.00,-0.73,0.14,99,-1,0,0,1.2,-0.02,0.261,0.266,-0.09,0,25,0,123.6,3.1,178.0,146.4,0.00,0,1.5,0.1
54.80,hold,349.93,0.07,0.261,1,2496.1,3368.6,-3.7,-3.2,-0.53,-0.35,146,147,-1,1.1,-0.2,-1.6,0.2,-0.00,0.02,0.00,0.00,0.00,0.00,-0.73,0.14,99,-1,0,-0,1.2,-0.02,0.261,0.271,-0.07,0,25,0,123.1,2.7,178.2,146.9,0.00,0,2.3,0.9
54.90,hold,349.92,0.08,0.260,1,2496.1,3368.6,-3.6,-3.1,-0.53,-0.35,146,147,-1,1.5,-0.5,-1.4,0.1,-0.01,0.02,0.00,0.00,0.00,0.00,-0.59,0.24,99,-1,0,-0,1.2,-0.03,0.260,0.272,-0.06,0,25,0,123.1,2.7,178.2,146.9,0.00,0,2.5,0.9
55.00,hold,349.91,0.09,0.264,1,2496.0,3368.6,-3.6,-3.1,-0.53,-0.35,146,147,-1,1.5,-0.5,-1.2,0.1,0.01,0.02,0.00,0.00,0.00,0.00,-0.59,0.24,99,-1,0,-0,1.1,-0.03,0.264,0.272,-0.12,0,25,0,123.1,2.7,178.2,146.9,0.00,0,1.6,-0.1
55.10,hold,349.91,0.09,0.264,1,2496.0,3368.5,-3.5,-3.1,-0.35,-0.35,146,147,-1,1.5,-0.5,-1.2,0.2,0.01,-0.01,0.00,0.00,0.00,0.00,-0.59,0.24,99,-1,0,-0,1.1,-0.03,0.264,0.272,-0.11,0,25,0,123.1,2.7,178.2,146.9,0.00,0,-0.1,-0.3
55.20,hold,349.91,0.09,0.259,1,2496.0,3368.5,-3.5,-3.0,-0.35,-0.35,146,147,-1,1.7,-0.1,-1.3,0.2,0.01,-0.04,0.00,0.00,0.00,0.00,-0.49,0.10,99,-1,0,-1,1.2,-0.03,0.259,0.279,-0.02,0,25,0,122.7,2.2,178.6,147.3,0.00,0,-2.0,-0.5
55.30,hold,349.92,0.08,0.254,1,2495.9,3368.5,-3.5,-3.0,-0.35,-0.35,147,147,-1,1.7,-0.1,-1.5,0.2,0.00,-0.04,0.00,0.00,0.00,0.00,-0.49,0.10,99,-1,0,-1,1.0,-0.04,0.254,0.273,0.08,0,25,0,122.7,2.2,178.6,147.3,0.00,0,-1.3,0.2
55.40,hold,349.94,0.06,0.252,1,2495.9,3368.4,-3.4,-3.0,-0.35,-0.18,147,147,-1,1.7,-0.1,-1.5,0.2,0.00,-0.02,0.00,0.00,0.00,0.00,-0.49,0.10,99,-1,0,-1,0.8,-0.04,0.252,0.260,0.10,0,25,0,122.7,2.2,178.6,147.3,0.00,0,0.3,0.2
55.50,hold,349.97,0.03,0.247,1,2495.8,3368.4,-3.4,-2.9,-0.35,-0.18,147,147,-1,2.1,-0.4,-1.3,0.2,0.01,0.01,0.00,0.00,0.00,0.00,-0.34,0.20,99,-1,0,-1,0.7,-0.03,0.247,0.253,0.19,0,25,0,122.7,2.2,178.6,147.3,0.00,0,2.4,0.0
55.60,hold,349.99,0.01,0.241,1,2495.8,3368.4,-3.3,-2.9,-0.35,-0.18,147,148,-1,2.1,-0.4,-1.0,0.2,0.01,0.03,0.00,0.00,0.00,0.00,-0.34,0.20,99,-1,0,-1,0.5,-0.03,0.241,0.254,0.29,0,25,0,122.3,1.7,178.9,147.7,0.00,0,3.0,-0.1
55.70,hold,350.01,-0.01,0.243,1,2495.8,3368.4,-3.3,-2.9,-0.35,-0.18,147,148,-1,2.0,-0.4,-0.7,0.2,0.01,0.03,0.00,0.00,0.00,0.00,-0.34,0.20,99,-1,0,-1,0.3,-0.03,0.243,0.259,0.24,0,25,0,122.3,1.7,178.9,147.7,0.00,0,2.9,-0.2
55.80,hold,350.02,-0.02,0.246,1,2495.7,3368.4,-3.3,-2.9,-0.35,-0.18,147,148,-1,2.0,-0.4,-0.4,0.2,0.01,0.03,0.00,0.00,0.00,0.00,-0.34,0.20,99,-1,0,-1,0.1,-0.03,0.246,0.264,0.16,0,25,0,122.3,1.7,178.9,147.7,0.00,0,2.9,-0.3
55.90,hold,350.02,-0.02,0.249,1,2495.7,3368.4,-3.2,-2.9,-0.35,-0.18,147,148,-1,2.0,-0.4,-0.1,0.2,0.02,0.03,0.00,0.00,0.00,0.00,-0.34,0.20,99,-1,0,-1,-0.2,-0.03,0.249,0.268,0.09,0,25,0,122.3,1.7,178.9,147.7,0.00,0,2.6,-0.4
56.00,hold,350.02,-0.02,0.252,1,2495.7,3368.3,-3.2,-2.9,-0.35,-0.18,147,148,-1,2.0,-0.4,0.1,0.3,0.02,0.03,0.00,0.00,0.00,0.00,-0.34,0.20,99,-1,0,-1,-0.5,-0.02,0.252,0.271,0.02,0,25,0,122.3,0.1,179.9,147.7,0.00,0,2.4,-0.6
56.10,hold,350.01,-0.01,0.256,1,2495.6,3368.3,-3.2,-2.8,-0.35,-0.18,147,148,-1,2.0,-0.4,0.3,0.3,0.01,0.02,0.00,0.00,0.00,0.00,-0.34,0.20,99,-1,0,-1,-0.9,-0.02,0.256,0.267,-0.05,0,25,0,122.3,0.1,179.9,147.7,0.00,0,1.1,0.1
56.20,hold,350.01,-0.01,0.256,1,2495.6,3368.3,-3.1,-2.8,-0.35,-0.18,147,148,-1,2.0,-0.4,0.3,0.2,-0.00,-0.00,0.00,0.00,0.00,0.00,-0.34,0.20,99,-1,0,-1,-1.3,-0.01,0.256,0.258,-0.04,0,25,0,122.3,0.1,179.9,147.7,0.00,0,-0.3,0.9
56.30,hold,350.01,-0.01,0.255,1,2495.6,3368.3,-3.1,-2.8,-0.35,-0.18,147,148,-1,1.9,-0.4,0.1,0.1,-0.01,-0.03,0.00,0.00,0.00,0.00,-0.34,0.20,99,-1,0,-2,-1.7,-0.00,0.255,0.271,-0.03,0,25,0,122.3,0.1,179.9,147.7,0.00,0,-1.6,1.7
56.40,hold,350.01,-0.01,0.255,1,2495.5,3368.3,-3.1,-2.8,-0.35,-0.18,147,147,-1,1.9,-0.5,-0.1,-0.1,-0.02,-0.04,0.00,0.00,0.00,0.00,-0.34,0.20,99,-1,0,-1,-1.9,0.00,0.255,0.277,-0.02,0,25,0,122.9,0.0,180.0,147.1,0.00,0,-2.0,1.7
56.50,hold,350.00,-0.00,0.258,1,2495.5,3368.3,-3.0,-2.8,-0.35,-0.18,147,147,-1,1.9,-0.5,-0.2,-0.2,-0.01,-0.03,0.00,0.00,0.00,0.00,-0.34,0.20,99,-1,0,-1,-1.9,0.01,0.258,0.275,-0.08,0,25,0,122.9,0.0,180.0,147.1,0.00,0,-1.3,0.7
56.60,hold,350.00,0.00,0.258,1,2495.5,3368.2,-3.0,-2.8,-0.35,-0.18,147,147,-1,1.9,-0.5,-0.3,-0.2,0.01,-0.02,0.00,0.00,0.00,0.00,-0.34,0.20,99,-1,0,-1,-2.0,0.01,0.258,0.269,-0.07,0,25,0,122.9,0.0,180.0,147.1,0.00,0,-0.3,-0.3
56.70,hold,350.00,0.00,0.257,1,2495.4,3368.2,-3.0,-2.7,-0.35,-0.18,147,147,-1,1.9,-0.5,-0.2,-0.1,0.02,0.01,0.00,0.00,0.00,0.00,-0.34,0.20,99,-1,0,-1,-2.1,0.01,0.257,0.267,-0.05,0,25,0,122.9,0.0,180.0,147.1,0.00,0,1.9,-0.6
56.80,hold,350.00,-0.00,0.253,1,2495.4,3368.2,-2.9,-2.7,-0.35,-0.18,147,146,-1,1.8,-0.5,0.1,-0.1,0.01,0.04,0.00,0.00,0.00,0.00,-0.34,0.20,99,-1,0,-1,-1.8,0.02,0.253,0.270,0.04,0,25,0,123.6,359.7,180.2,146.4,0.00,0,3.1,0.1
56.90,hold,350.01,-0.01,0.251,1,2495.4,3368.2,-2.9,-2.7,-0.35,-0.18,147,146,-1,1.8,-0.5,0.4,-0.2,-0.00,0.04,0.00,0.00,0.00,0.00,-0.34,0.20,99,-1,0,-1,-1.8,0.01,0.251,0.268,0.06,0,25,0,123.6,359.7,180.2,146.4,0.00,0,2.5,0.9
57.00,hold,350.02,-0.02,0.250,1,2495.3,3368.2,-2.9,-2.7,-0.35,-0.18,147,146,-1,1.8,-0.5,0.6,-0.3,-0.02,0.03,0.00,0.00,0.00,0.00,-0.34,0.20,99,-1,0,-1,-1.7,0.02,0.250,0.267,0.07,0,25,0,123.6,359.7,180.2,146.4,0.00,0,1.6,1.7
57.10,hold,350.04,-0.04,0.248,1,2495.3,3368.1,-2.8,-2.7,-0.35,-0.18,147,146,-1,1.8,-0.6,0.7,-0.4,-0.01,0.01,0.00,0.00,0.00,0.00,-0.34,0.20,99,-1,0,-1,-1.0,0.01,0.248,0.257,0.10,0,25,0,123.6,359.7,180.2,146.4,0.00,0,-0.1,0.2
57.20,hold,350.05,-0.05,0.247,1,2495.3,3368.1,-2.8,-2.6,-0.35,-0.18,147,146,-1,1.8,-0.6,0.6,-0.5,0.00,-0.01,0.00,0.00,0.00,0.00,-0.34,0.20,99,-1,0,-1,-1.0,0.00,0.247,0.252,0.11,0,25,0,124.2,358.7,180.9,145.8,0.00,0,-0.1,0.2
57.30,hold,350.05,-0.05,0.248,1,2495.2,3368.1,-2.7,-2.6,-0.35,-0.18,147,146,-1,1.7,-0.6,0.5,-0.4,0.01,-0.02,0.00,0.00,0.00,0.00,-0.34,0.20,99,-1,0,-1,-1.0,0.01,0.248,0.259,0.09,0,25,0,124.2,358.7,180.9,145.8,0.00,0,-0.9,-0.4
57.40,hold,350.05,-0.05,0.251,1,2495.2,3368.1,-2.7,-2.6,-0.35,-0.18,146,146,-1,1.7,-0.6,0.4,-0.4,0.01,-0.02,0.00,0.00,0.00,0.00,-0.34,0.20,99,-1,0,-1,-1.0,0.01,0.251,0.264,0.02,0,25,0,124.2,358.7,180.9,145.8,0.00,0,-1.1,-0.6
57.50,hold,350.04,-0.04,0.255,1,2495.2,3368.1,-2.7,-2.6,-0.35,-0.18,146,146,-1,1.7,-0.6,0.3,-0.3,0.02,-0.02,0.00,0.00,0.00,0.00,-0.34,0.20,99,-1,0,-0,-0.8,0.01,0.255,0.270,-0.05,0,25,0,124.2,358.7,180.9,145.8,0.00,0,-1.1,-0.7
57.60,hold,350.03,-0.03,0.259,1,2495.1,3368.1,-2.6,-2.6,-0.35,-0.18,146,145,-1,1.7,-0.6,0.2,-0.2,0.02,-0.02,0.00,0.00,0.00,0.00,-0.34,0.19,99,-1,0,-0,-0.9,0.01,0.259,0.276,-0.12,0,25,0,124.6,359.5,180.3,145.4,0.00,0,-1.4,-0.9
57.70,hold,350.01,-0.01,0.262,1,2495.1,3368.0,-2.6,-2.6,-0.35,-0.18,146,145,-1,1.7,-0.6,0.1,-0.2,0.01,-0.02,0.00,0.00,0.00,0.00,-0.34,0.19,99,-1,0,-0,-0.7,0.01,0.262,0.273,-0.16,0,25,0,124.6,359.5,180.3,145.4,0.00,0,0.0,0.3
57.80,hold,350.00,-0.00,0.261,1,2495.1,3368.0,-2.6,-2.5,-0.35,-0.18,146,145,-1,1.7,-0.7,0.1,-0.2,0.00,-0.00,0.00,0.00,0.00,0.00,-0.34,0.19,99,-1,0,-0,-0.7,0.01,0.261,0.263,-0.14,0,25,0,124.6,359.5,180.3,145.4,0.00,0,0.0,0.3
57.90,hold,349.99,0.01,0.261,1,2495.0,3368.0,-2.5,-2.5,-0.35,-0.18,146,145,-1,1.6,-0.7,0.2,-0.4,-0.01,0.01,0.00,0.00,0.00,0.00,-0.34,0.19,99,-1,0,0,-0.6,0.02,0.261,0.271,-0.13,0,25,0,124.6,359.5,180.3,145.4,0.00,0,1.4,1.5
58.00,hold,349.98,0.02,0.263,1,2495.0,3368.0,-2.5,-2.5,-0.35,-0.18,146,145,-1,1.6,-0.7,0.4,-0.5,-0.02,0.02,0.00,0.00,0.00,0.00,-0.34,0.19,99,-1,0,0,-0.6,0.02,0.263,0.276,-0.14,0,25,0,124.8,358.9,180.7,145.2,0.00,0,0.9,0.9
58.10,hold,349.96,0.04,0.265,1,2494.9,3367.9,-2.5,-2.5,-0.35,-0.35,146,145,-1,1.6,-0.7,0.5,-0.6,-0.01,0.01,0.00,0.00,0.00,0.00,-0.34,0.19,99,-1,0,0,-0.2,0.02,0.265,0.271,-0.18,0,25,0,124.8,358.9,180.7,145.2,0.00,0,0.0,-0.0
58.20,hold,349.94,0.06,0.265,1,2494.9,3367.9,-2.4,-2.4,-0.35,-0.35,146,145,-1,1.1,-0.4,0.4,-0.5,0.01,-0.00,0.00,0.00,0.00,0.00,-0.49,0.09,99,-1,0,0,-0.2,0.01,0.265,0.268,-0.16,0,25,0,124.8,358.9,180.7,145.2,0.00,0,0.0,-0.0
58.30,hold,349.93,0.07,0.265,1,2494.8,3367.9,-2.4,-2.4,-0.35,-0.35,146,145,-1,1.1,-0.4,0.3,-0.4,0.02,-0.02,0.00,0.00,0.00,0.00,-0.49,0.09,99,-1,0,0,-0.7,0.02,0.265,0.281,-0.15,0,25,0,124.8,358.9,180.7,145.2,0.00,0,-1.5,-1.1
58.40,hold,349.92,0.08,0.263,1,2494.8,3367.8,-2.3,-2.4,-0.26,-0.35,145,145,-1,1.1,-0.4,0.2,-0.3,0.01,-0.02,0.00,0.00,0.00,0.00,-0.49,0.09,99,-1,0,0,-0.6,0.02,0.263,0.278,-0.10,0,25,0,125.1,359.4,180.4,144.9,0.00,0,-1.5,0.6
58.50,hold,349.92,0.08,0.258,1,2494.8,3367.8,-2.3,-2.3,-0.26,-0.35,145,145,-1,1.2,-0.2,0.0,-0.4,-0.01,-0.03,0.00,0.00,0.00,0.00,-0.44,0.02,99,-1,0,1,-0.6,0.02,0.258,0.274,0.00,0,25,0,125.1,359.4,180.4,144.9,0.00,0,-1.5,0.6
58.60,hold,349.94,0.06,0.254,1,2494.8,3367.8,-2.3,-2.3,-0.18,-0.35,145,145,-1,1.3,0.0,-0.1,-0.7,-0.04,-0.02,0.00,0.00,0.00,0.00,-0.39,-0.06,99,-1,0,1,-0.6,0.02,0.254,0.276,0.07,0,25,0,125.1,359.4,180.4,144.9,0.00,0,-1.2,2.0
58.70,hold,349.95,0.05,0.253,1,2494.8,3367.8,-2.3,-2.3,-0.18,-0.35,145,145,-1,1.3,0.0,-0.1,-0.8,-0.03,-0.00,0.00,0.00,0.00,0.00,-0.39,-0.06,99,-1,0,1,-0.6,0.02,0.253,0.268,0.09,0,25,0,125.1,359.4,180.4,144.9,0.00,0,-0.2,2.1
58.75,fly,349.95,-49.95,0.120,1,2494.8,3367.7,-2.3,-2.3,-0.18,-0.35,145,145,-1,0.7,0.5,-0.0,-0.9,-0.01,-0.01,0.00,0.00,0.00,0.00,-0.39,-0.06,99,-1,0,0,-0.3,0.01,0.120,0.129,0.09,0,25,0,125.3,359.1,180.6,144.7,0.00,0,0.7,0.8
58.85,fly,349.96,-49.96,0.120,1,2494.7,3367.7,-2.3,-2.2,-0.18,-0.35,145,145,-1,0.7,0.5,0.1,-0.9,-0.01,0.02,0.00,0.00,0.00,0.00,-0.39,-0.06,99,-1,0,0,-0.0,0.01,0.120,0.133,0.10,0,25,0,125.3,359.1,180.6,144.7,0.00,0,1.7,-0.3
58.95,fly,349.93,-49.93,0.120,1,2494.7,3367.7,-2.2,-2.2,-0.18,-0.35,145,145,-1,0.7,0.5,0.3,-0.8,-0.01,0.03,0.00,0.00,0.00,0.00,-0.39,-0.06,99,-1,0,0,0.1,0.00,0.120,0.133,0.11,0,25,0,125.3,359.1,180.6,144.7,0.00,0,2.2,-0.6
59.05,fly,349.81,-49.81,0.120,1,2494.7,3367.6,-2.2,-2.2,-0.18,-0.35,145,145,-1,0.7,0.5,0.5,-0.8,-0.00,0.03,0.00,0.00,0.00,0.00,-0.39,-0.06,99,-1,0,0,0.1,0.00,0.120,0.133,-0.55,0,25,0,125.3,359.1,180.6,144.7,0.00,0,1.7,-0.6
59.15,fly,349.63,-49.63,0.120,1,2494.7,3367.6,-2.2,-2.1,-0.18,-0.35,145,145,-1,0.6,0.5,0.7,-0.7,-0.00,0.03,0.00,0.00,0.00,0.00,-0.39,-0.06,99,-1,0,0,0.2,0.00,0.120,0.133,-1.30,0,25,0,125.3,358.3,181.2,144.7,0.00,0,2.0,-0.7
59.25,fly,349.37,-49.37,0.120,1,2494.7,3367.6,-2.2,-2.1,-0.18,-0.35,145,145,-1,0.6,0.5,0.9,-0.6,-0.00,0.03,0.00,0.00,0.00,0.00,-0.39,-0.06,99,-1,0,0,0.2,0.00,0.120,0.133,-2.04,0,25,0,125.3,358.3,181.2,144.7,0.00,0,2.0,-0.8
59.35,fly,349.03,-49.03,0.120,1,2494.7,3367.5,-2.2,-2.1,-0.18,-0.35,145,145,-1,0.6,0.5,1.1,-0.5,0.00,0.03,0.00,0.00,0.00,0.00,-0.39,-0.06,99,-1,0,0,0.2,0.00,0.120,0.134,-2.77,0,25,0,125.3,358.3,181.2,144.7,0.00,0,2.0,-0.8
59.45,fly,348.63,-48.63,0.120,1,2494.6,3367.5,-2.2,-2.0,-0.18,-0.35,145,145,-1,0.6,0.5,1.3,-0.4,0.00,0.04,0.00,0.00,0.00,0.00,-0.39,-0.06,99,-1,0,0,0.2,0.00,0.120,0.135,-3.50,0,25,0,125.3,358.3,181.2,144.7,0.00,0,1.8,-0.8
59.55,fly,348.16,-48.16,0.120,1,2494.6,3367.5,-2.1,-2.0,-0.18,-0.35,145,145,-1,0.6,0.5,1.4,-0.4,-0.01,0.03,0.00,0.00,0.00,0.00,-0.39,-0.06,99,-1,0,0,0.2,0.00,0.120,0.133,-4.22,0,25,0,125.2,357.6,181.7,144.8,0.00,0,0.8,-0.1
59.65,fly,347.62,-47.62,0.120,1,2494.6,3367.4,-2.1,-2.0,-0.18,-0.35,145,145,-1,0.5,0.6,1.5,-0.5,-0.02,0.01,0.00,0.00,0.00,0.00,-0.39,-0.06,99,-1,0,0,0.4,0.00,0.120,0.133,-4.86,0,25,0,125.2,357.6,181.7,144.8,0.00,0,-0.1,0.8
59.75,fly,347.03,-47.03,0.120,1,2494.6,3367.4,-2.1,-1.9,-0.18,-0.35,145,145,-1,0.5,0.6,1.4,-0.6,-0.02,0.00,0.00,0.00,0.00,0.00,-0.39,-0.06,99,-1,0,0,0.2,-0.00,0.120,0.132,-5.49,0,25,0,125.2,357.6,181.7,144.8,0.00,0,-0.2,0.5
59.85,fly,346.36,-46.36,0.120,1,2494.6,3367.3,-2.1,-1.9,-0.18,-0.35,145,145,-1,0.5,0.6,1.4,-0.6,-0.03,0.00,0.00,0.00,0.00,0.00,-0.39,-0.06,99,-1,0,0,0.4,0.00,0.120,0.131,-6.18,0,25,0,125.2,357.6,181.7,144.8,0.00,0,-0.5,0.9
59.95,fly,345.62,-45.62,0.120,1,2494.6,3367.3,-2.1,-1.8,-0.18,-0.35,145,145,-1,0.5,0.6,1.3,-0.7,-0.03,0.00,0.00,0.00,0.00,0.00,-0.39,-0.06,99,-1,0,0,0.3,-0.00,0.120,0.131,-6.88,0,25,0,125.1,357.4,181.8,144.9,0.00,0,-0.3,0.5
60.05,fly,344.81,-44.81,0.120,1,2494.5,3367.3,-2.1,-1.8,-0.18,-0.35,145,145,-1,0.4,0.6,1.3,-0.8,-0.03,0.00,0.00,0.00,0.00,0.00,-0.39,-0.06,99,-1,0,0,0.3,0.00,0.120,0.131,-7.58,0,25,0,125.1,357.4,181.8,144.9,0.00,0,-0.4,0.6
60.15,fly,343.93,-43.93,0.120,1,2494.5,3367.2,-2.0,-1.8,-0.18,-0.35,145,145,-1,0.4,0.6,1.2,-0.8,-0.03,0.00,0.00,0.00,0.00,0.00,-0.39,-0.06,99,-1,0,0,0.4,-0.00,0.120,0.130,-8.26,0,25,0,125.1,357.4,181.8,144.9,0.00,0,-0.5,0.6
60.25,fly,342.99,-42.99,0.120,1,2494.5,3367.2,-2.0,-1.7,-0.18,-0.35,145,145,-1,0.4,0.6,1.2,-0.9,-0.03,-0.00,0.00,0.00,0.00,0.00,-0.39,-0.06,99,-1,0,0,0.5,-0.00,0.120,0.130,-8.94,0,25,0,125.1,357.4,181.8,144.9,0.00,0,-0.7,0.7
60.35,fly,341.98,-41.98,0.120,1,2494.5,3367.2,-2.0,-1.7,-0.18,-0.35,145,145,-1,0.4,0.6,1.1,-1.0,-0.03,-0.00,0.00,0.00,0.00,0.00,-0.39,-0.06,99,-1,0,0,0.4,-0.00,0.120,0.131,-9.61,0,25,0,124.9,357.5,181.8,145.1,0.00,0,-0.6,0.6
60.45,fly,340.90,-40.90,0.120,1,2494.5,3367.1,-2.0,-1.7,-0.18,-0.35,145,145,-1,0.4,0.6,1.0,-1.0,-0.03,-0.00,0.00,0.00,0.00,0.00,-0.39,-0.06,99,-1,0,0,0.5,-0.00,0.120,0.131,-10.28,0,25,0,124.9,357.5,181.8,145.1,0.00,0,-0.8,0.7
60.55,fly,339.76,-39.76,0.120,1,2494.4,3367.1,-2.0,-1.6,-0.18,-0.35,145,145,-1,0.3,0.6,1.0,-1.1,-0.03,-0.00,0.00,0.00,0.00,0.00,-0.39,-0.06,99,-1,0,0,0.3,-0.01,0.120,0.131,-10.94,0,25,0,124.9,357.5,181.8,145.1,0.00,0,-0.4,0.3
60.65,fly,338.55,-38.55,0.120,1,2494.4,3367.1,-1.9,-1.6,-0.18,-0.35,145,145,-1,0.3,0.6,0.9,-1.1,-0.03,-0.00,0.00,0.00,0.00,0.00,-0.39,-0.06,99,-1,0,0,0.3,-0.00,0.120,0.131,-11.60,0,25,0,124.9,357.5,181.8,145.1,0.00,0,-0.5,0.3
60.75,fly,337.28,-37.28,0.120,1,2494.4,3367.0,-1.9,-1.6,-0.18,-0.35,145,145,-1,0.3,0.6,0.9,-1.1,-0.03,-0.00,0.00,0.00,0.00,0.00,-0.39,-0.06,99,-1,0,0,0.3,-0.00,0.120,0.131,-12.25,0,25,0,124.7,357.6,181.7,145.3,0.00,0,-0.5,0.3
60.85,fly,335.94,-35.94,0.120,1,2494.4,3367.0,-1.9,-1.5,-0.18,-0.35,145,145,-1,0.3,0.6,0.8,-1.2,-0.03,-0.00,0.00,0.00,0.00,0.00,-0.39,-0.06,99,-1,0,0,0.4,-0.00,0.120,0.131,-12.89,0,25,0,124.7,357.6,181.7,145.3,0.00,0,-0.7,0.4
60.95,fly,334.54,-34.54,0.120,1,2494.4,3367.0,-1.9,-1.5,-0.18,-0.35,145,145,-1,0.2,0.6,0.7,-1.2,-0.03,-0.00,0.00,0.00,0.00,0.00,-0.39,-0.06,99,-1,0,0,0.0,-0.01,0.120,0.132,-13.53,0,25,0,124.7,357.6,181.7,145.3,0.00,0,0.0,0.0
61.05,fly,333.08,-33.08,0.120,1,2494.4,3366.9,-1.9,-1.5,-0.18,-0.35,145,145,-1,0.2,0.6,0.7,-1.2,-0.03,-0.00,0.00,0.00,0.00,0.00,-0.39,-0.06,99,-1,0,0,0.4,0.00,0.120,0.132,-14.16,0,25,0,124.7,357.6,181.7,145.3,0.00,0,-0.6,0.2
61.15,fly,331.55,-31.55,0.120,1,2494.3,3366.9,-1.9,-1.4,-0.18,-0.35,145,145,-1,0.2,0.6,0.6,-1.3,-0.03,-0.00,0.00,0.00,0.00,0.00,-0.39,-0.06,99,-1,0,-0,0.4,-0.01,0.120,0.132,-14.79,0,25,0,124.6,357.9,181.5,145.4,0.00,0,-0.7,0.2
61.25,fly,329.97,-29.97,0.120,1,2494.3,3366.9,-1.8,-1.4,-0.18,-0.35,145,145,-1,0.2,0.6,0.5,-1.3,-0.03,-0.00,0.00,0.00,0.00,0.00,-0.39,-0.06,99,-1,0,-0,0.3,-0.01,0.120,0.132,-15.41,0,25,0,124.6,357.9,181.5,145.4,0.00,0,-0.5,0.1
61.35,fly,328.32,-28.32,0.120,1,2494.3,3366.8,-1.8,-1.4,-0.18,-0.53,145,145,-1,0.1,0.6,0.5,-1.3,-0.02,-0.00,0.00,0.00,0.00,0.00,-0.39,-0.06,99,-1,0,-0,0.0,-0.01,0.120,0.132,-16.03,0,25,0,124.6,357.9,181.5,145.4,0.00,0,0.0,0.0
61.45,fly,326.61,-26.61,0.120,1,2494.3,3366.8,-1.8,-1.3,-0.18,-0.53,145,145,-1,-0.3,0.9,0.4,-1.3,-0.03,-0.00,0.00,0.00,0.00,0.00,-0.53,-0.16,99,-1,0,-0,0.5,-0.00,0.120,0.131,-16.64,0,25,0,124.6,357.9,181.5,145.4,0.00,0,-0.9,0.1
61.55,fly,324.84,-24.84,0.120,1,2494.3,3366.7,-1.8,-1.3,-0.18,-0.53,145,146,-1,-0.4,1.0,0.4,-1.3,-0.03,-0.00,0.00,0.00,0.00,0.00,-0.53,-0.16,99,-1,0,-0,0.5,-0.01,0.120,0.131,-17.24,0,25,0,124.4,358.2,181.2,145.6,0.00,0,-0.8,0.0
61.65,fly,323.01,-23.01,0.120,1,2494.3,3366.6,-1.8,-1.2,-0.18,-0.53,145,146,-1,-0.4,1.0,0.3,-1.3,-0.03,-0.00,0.00,0.00,0.00,0.00,-0.53,-0.16,99,-1,0,-0,0.2,-0.01,0.120,0.131,-17.84,0,25,0,124.4,358.2,181.2,145.6,0.00,0,-0.4,-0.0
61.75,fly,321.12,-21.12,0.122,1,2494.2,3366.6,-1.8,-1.1,-0.18,-0.53,145,146,-1,-0.4,1.0,0.2,-1.3,-0.03,-0.00,0.00,0.00,0.00,0.00,-0.53,-0.15,99,-1,0,-0,0.5,-0.01,0.122,0.133,-18.44,0,25,0,124.4,358.2,181.2,145.6,0.00,0,-1.0,-0.1
61.85,fly,319.18,-19.18,0.199,1,2494.2,3366.5,-1.7,-1.1,-0.18,-0.53,145,146,-1,-0.5,1.0,0.2,-1.3,-0.03,-0.00,0.00,0.00,0.00,0.00,-0.53,-0.15,99,-1,0,-0,0.3,-0.02,0.199,0.210,-19.02,0,25,0,124.4,358.2,181.2,145.6,0.00,0,-0.6,-0.1
61.95,fly,317.18,-17.18,0.283,1,2494.2,3366.5,-1.7,-1.0,-0.18,-0.53,145,146,-1,-0.5,1.0,0.2,-1.2,-0.02,0.01,0.00,0.00,0.00,0.00,-0.53,-0.15,99,-1,0,-0,0.4,-0.01,0.283,0.292,-19.61,0,25,0,124.3,358.5,181.0,145.7,0.00,0,0.2,-1.2
62.05,fly,315.15,-15.15,0.369,1,2494.2,3366.4,-1.7,-1.0,-0.09,-0.53,146,146,-1,-0.5,1.0,0.2,-1.0,0.01,0.01,0.00,0.00,0.00,0.00,-0.53,-0.15,99,-1,0,-0,0.3,-0.02,0.369,0.378,-20.11,0,25,0,124.3,358.5,181.0,145.7,0.00,0,0.3,-2.8
62.15,fly,313.15,-13.15,0.442,1,2494.2,3366.4,-1.7,-0.9,0.00,-0.53,146,146,-1,-0.4,1.2,0.2,-0.7,0.02,0.01,0.00,0.00,0.00,0.00,-0.48,-0.23,99,-1,0,-0,0.3,-0.01,0.442,0.455,-20.22,0,25,0,124.3,358.5,181.0,145.7,0.00,0,0.2,-3.1
62.25,fly,311.22,-11.22,0.495,1,2494.2,3366.3,-1.7,-0.9,0.00,-0.53,146,146,-1,-0.3,1.5,0.2,-0.4,0.02,0.01,0.00,0.00,0.00,0.00,-0.43,-0.30,99,-1,0,-0,0.3,-0.01,0.495,0.508,-19.83,0,25,0,124.3,358.5,181.0,145.7,0.00,0,0.2,-3.3
62.35,fly,309.39,-9.39,0.532,1,2494.2,3366.3,-1.7,-0.8,0.00,-0.53,146,146,-1,-0.3,1.5,0.2,-0.0,0.03,0.01,0.00,0.00,0.00,0.00,-0.44,-0.30,99,-1,0,-0,0.3,-0.02,0.532,0.547,-19.08,0,25,0,124.2,359.6,180.3,145.8,0.00,0,0.1,-3.4
62.45,fly,307.69,-7.69,0.599,1,2494.2,3366.2,-1.7,-0.8,0.00,-0.53,146,146,-1,-0.3,1.5,0.3,0.3,0.04,0.01,0.00,0.00,0.00,0.00,-0.44,-0.30,99,-1,0,-0,0.3,-0.02,0.599,0.617,-17.99,0,25,0,124.2,359.6,180.3,145.8,0.00,0,0.1,-3.7
62.55,fly,306.14,-6.14,0.658,1,2494.2,3366.2,-1.7,-0.7,-0.18,-0.53,146,146,-1,-0.4,1.5,0.3,0.6,0.02,0.01,0.00,0.00,0.00,0.00,-0.44,-0.30,99,-1,0,-1,0.0,-0.02,0.658,0.671,-16.58,0,25,0,124.2,359.6,180.3,145.8,0.00,0,0.0,-1.9
62.65,fly,304.79,-4.79,0.696,1,2494.2,3366.1,-1.7,-0.7,-0.18,-0.53,146,146,-1,-0.7,1.1,0.3,0.6,-0.01,0.01,0.00,0.00,0.00,0.00,-0.53,-0.15,99,-1,0,-1,-0.7,-0.01,0.696,0.703,-14.98,0,25,0,124.2,359.6,180.3,145.8,0.00,0,-0.0,0.3
62.75,fly,303.64,-3.64,0.702,1,2494.1,3366.1,-1.7,-0.6,-0.18,-0.35,146,146,-1,-0.7,1.1,0.2,0.5,-0.03,0.00,0.00,0.00,0.00,0.00,-0.53,-0.15,99,-1,0,-1,-1.2,0.00,0.702,0.716,-13.08,0,25,0,124.3,0.2,179.9,145.7,0.00,0,-0.8,1.6
62.85,fly,302.73,-2.73,0.676,1,2494.1,3366.0,-1.6,-0.6,-0.18,-0.35,146,146,-1,-0.3,0.8,0.1,0.3,-0.04,-0.01,0.00,0.00,0.00,0.00,-0.39,-0.05,99,-1,0,-1,-1.6,0.01,0.676,0.696,-10.92,0,25,0,124.3,0.2,179.9,145.7,0.00,0,-1.0,1.8
62.95,fly,302.06,-2.06,0.618,1,2494.1,3366.0,-1.6,-0.5,-0.18,-0.35,146,146,-1,-0.3,0.8,-0.0,0.1,-0.04,-0.01,0.00,0.00,0.00,0.00,-0.39,-0.05,99,-1,0,-1,-1.6,0.02,0.618,0.637,-8.54,0,25,0,124.3,0.2,179.9,145.7,0.00,0,-1.1,1.4
63.05,fly,301.61,-1.61,0.539,1,2494.1,3366.0,-1.6,-0.5,-0.18,-0.35,146,146,-1,-0.4,0.8,-0.1,0.2,-0.00,-0.01,0.00,0.00,0.00,0.00,-0.39,-0.05,99,-1,0,-1,-1.3,0.02,0.539,0.544,-6.14,0,25,0,124.3,0.2,179.9,145.7,0.00,0,-1.1,-1.6
63.15,fly,301.36,-1.36,0.450,1,2494.1,3365.9,-1.6,-0.5,-0.18,-0.35,146,145,-1,-0.4,0.8,-0.2,0.6,0.05,-0.01,0.00,0.00,0.00,0.00,-0.39,-0.05,99,-1,0,-0,-0.9,0.02,0.450,0.471,-3.91,0,25,0,124.9,0.9,179.4,145.1,0.00,0,-0.4,-4.4
63.25,fly,301.29,-1.29,0.358,1,2494.1,3365.9,-1.6,-0.4,-0.18,-0.35,146,145,-1,-0.4,0.8,-0.2,1.1,0.08,-0.00,0.00,0.00,0.00,0.00,-0.39,-0.05,99,-1,0,-0,-0.5,0.01,0.358,0.390,-1.95,0,25,0,124.9,0.9,179.4,145.1,0.00,0,-0.4,-5.8
63.35,fly,301.34,-1.34,0.266,1,2494.0,3365.9,-1.6,-0.4,-0.18,-0.35,145,145,-1,-0.4,0.9,-0.3,1.6,0.07,-0.00,0.00,0.00,0.00,0.00,-0.39,-0.05,99,-1,0,-0,-0.2,0.00,0.266,0.296,-0.26,0,25,0,124.9,0.9,179.4,145.1,0.00,0,-0.4,-4.4
63.45,fly,301.47,-1.47,0.190,1,2494.0,3365.8,-1.5,-0.4,-0.26,-0.35,145,145,-1,-0.5,0.9,-0.3,1.9,0.04,-0.00,0.00,0.00,0.00,0.00,-0.39,-0.05,99,-1,0,-0,-0.1,-0.00,0.190,0.209,0.93,0,25,0,124.9,0.9,179.4,145.1,0.00,0,-0.4,-2.0
63.55,fly,301.63,-1.63,0.145,1,2494.0,3365.8,-1.5,-0.3,-0.35,-0.18,145,145,-1,-0.6,0.6,-0.3,1.9,0.01,-0.00,0.00,0.00,0.00,0.00,-0.44,0.02,99,-1,0,-0,-0.0,-0.00,0.145,0.150,1.44,0,25,0,124.9,2.4,178.3,145.0,0.00,0,-0.7,0.7
63.65,fly,301.77,-1.77,0.120,1,2493.9,3365.8,-1.5,-0.3,-0.35,-0.18,145,145,-1,-0.4,0.1,-0.4,1.7,-0.02,-0.00,0.00,0.00,0.00,0.00,-0.34,0.19,99,-1,0,-0,0.0,-0.00,0.120,0.131,1.57,0,25,0,124.9,2.4,178.3,145.0,0.00,0,-0.4,2.8
63.75,fly,301.89,-1.89,0.120,1,2493.9,3365.8,-1.4,-0.3,-0.35,-0.18,145,145,-1,-0.4,0.1,-0.4,1.4,-0.04,-0.00,0.00,0.00,0.00,0.00,-0.34,0.19,99,-1,0,-0,0.0,-0.00,0.120,0.139,1.36,0,25,0,124.9,2.4,178.3,145.0,0.00,0,-0.4,3.3
63.85,fly,301.93,-1.93,0.122,1,2493.9,3365.8,-1.4,-0.3,-0.35,-0.18,145,145,-1,-0.4,0.1,-0.5,1.0,-0.05,-0.00,0.00,0.00,0.00,0.00,-0.34,0.19,99,-1,0,-0,0.1,-0.00,0.122,0.143,0.95,0,25,0,124.9,2.4,178.3,145.0,0.00,0,-0.4,3.3
63.95,fly,301.92,-1.92,0.153,1,2493.8,3365.7,-1.4,-0.3,-0.35,-0.18,145,145,-1,-0.4,0.1,-0.5,0.8,-0.03,-0.00,0.00,0.00,0.00,0.00,-0.34,0.19,99,-1,0,-0,0.0,-0.00,0.153,0.168,0.23,0,25,0,124.9,1.5,178.9,145.1,0.00,0,-0.4,1.8
64.05,fly,301.83,-1.83,0.185,1,2493.8,3365.7,-1.3,-0.2,-0.35,-0.18,145,145,-1,-0.5,0.1,-0.6,0.8,-0.00,-0.00,0.00,0.00,0.00,0.00,-0.34,0.19,99,-1,0,-0,0.0,-0.00,0.185,0.187,-0.37,0,25,0,124.9,1.5,178.9,145.1,0.00,0,-0.6,-0.6
64.15,fly,301.71,-1.71,0.220,1,2493.8,3365.7,-1.3,-0.2,-0.35,-0.18,145,145,-1,-0.5,0.1,-0.6,0.9,0.02,-0.00,0.00,0.00,0.00,0.00,-0.35,0.19,99,-1,0,-0,0.0,-0.00,0.220,0.229,-0.95,0,25,0,124.9,1.5,178.9,145.1,0.00,0,-0.4,-1.0
64.25,fly,301.54,-1.54,0.253,1,2493.7,3365.7,-1.3,-0.2,-0.35,-0.18,145,145,-1,-0.5,0.1,-0.6,1.0,0.02,-0.01,0.00,0.00,0.00,0.00,-0.35,0.19,99,-1,0,-0,0.0,-0.00,0.253,0.263,-1.38,0,25,0,124.9,1.5,178.9,145.1,0.00,0,-0.4,-1.2
64.35,fly,301.35,-1.35,0.286,1,2493.7,3365.7,-1.2,-0.2,-0.35,-0.18,145,145,-1,-0.5,0.0,-0.7,1.1,0.03,-0.01,0.00,0.00,0.00,0.00,-0.35,0.19,99,-1,0,0,0.0,-0.00,0.286,0.299,-1.78,0,25,0,124.9,2.1,178.5,145.1,0.00,0,-0.3,-1.1
64.45,fly,301.15,-1.15,0.306,1,2493.7,3365.7,-1.2,-0.2,-0.35,-0.18,145,145,-1,-0.5,0.0,-0.7,1.3,0.03,-0.01,0.00,0.00,0.00,0.00,-0.35,0.19,99,-1,0,0,0.0,-0.00,0.306,0.321,-1.87,0,25,0,124.9,2.1,178.5,145.1,0.00,0,-0.4,-1.7
64.55,fly,300.97,-0.97,0.323,1,2493.6,3365.6,-1.2,-0.2,-0.35,0.00,145,145,-1,-0.6,0.0,-0.8,1.5,0.04,-0.01,0.00,0.00,0.00,0.00,-0.35,0.19,99,-1,0,0,0.0,0.00,0.323,0.340,-1.93,0,25,0,124.9,2.1,178.5,145.1,0.00,0,-0.4,-1.8
64.65,fly,300.82,-0.82,0.323,1,2493.6,3365.6,-1.1,-0.1,-0.35,0.00,145,145,-1,-0.1,-0.3,-0.8,1.7,0.05,-0.01,0.00,0.00,0.00,0.00,-0.20,0.29,99,-1,0,0,0.0,0.00,0.323,0.346,-1.68,0,25,0,124.9,2.1,178.5,145.1,0.00,0,-0.5,-2.1
64.70,climb,300.76,49.24,0.449,1,2493.6,3365.6,-601.1,-3000.1,-0.35,0.00,145,145,-1,0.0,0.0,-0.8,1.8,0.02,-0.01,0.00,0.00,0.00,0.00,-0.20,0.29,99,-1,0,2,0.0,0.03,0.449,0.459,-1.39,0,25,0,124.9,3.0,177.9,145.1,0.00,0,-0.7,-0.5
64.80,climb,300.68,49.32,0.694,1,2493.6,3365.6,-601.1,-3000.1,-0.35,0.00,145,145,-1,0.0,0.0,-0.9,1.7,0.01,-0.02,0.00,0.00,0.00,0.00,-0.20,0.29,99,-1,0,5,0.0,0.09,0.694,0.706,-0.96,0,25,0,124.9,3.0,177.9,145.1,0.00,0,-0.7,-0.5
64.90,climb,300.67,49.33,0.937,1,2493.5,3365.7,-601.0,-3000.2,-0.53,0.18,145,145,-1,0.0,0.0,-0.9,1.6,-0.01,-0.02,0.00,0.00,0.00,0.00,-0.23,0.48,99,-1,0,8,0.3,0.15,0.939,0.948,-0.32,0,25,0,124.9,3.0,177.9,145.1,0.00,0,-0.4,1.8
65.00,climb,300.85,49.15,1.000,1,2493.5,3365.7,-601.0,-3000.2,-0.53,0.18,145,145,-1,0.0,0.0,-1.0,1.4,-0.02,-0.02,0.00,0.00,0.00,0.00,-0.16,0.53,99,-1,1,11,0.3,0.20,1.000,1.000,1.15,0,25,0,124.9,3.0,177.9,145.1,0.00,0,-0.4,1.8
65.10,climb,301.34,48.66,1.000,1,2493.4,3365.7,-600.9,-3000.2,-0.62,0.53,145,145,-1,0.0,0.0,-0.9,1.1,-0.02,0.00,0.00,0.00,0.00,0.00,-0.01,0.63,99,-1,1,13,6.5,0.23,1.000,1.000,3.94,0,25,0,124.6,2.5,178.3,145.4,0.00,0,1.4,2.4
65.20,climb,302.21,47.79,1.000,1,2493.4,3365.7,-600.9,-3000.2,-0.62,0.53,145,145,-1,0.0,0.0,-0.8,0.9,-0.03,0.01,0.00,0.00,0.00,0.00,0.08,0.81,98,-1,1,16,6.5,0.20,1.000,1.000,7.66,0,25,0,124.6,2.5,178.3,145.4,0.00,0,1.4,2.4
65.30,climb,303.47,46.53,0.912,1,2493.3,3365.8,-600.8,-3000.3,-0.70,0.62,145,145,-1,0.0,0.0,-0.6,0.6,-0.03,0.02,0.00,0.00,0.00,0.00,0.10,0.93,98,-1,0,19,13.0,0.13,0.913,0.930,11.61,0,25,0,124.6,2.5,178.3,145.4,0.00,0,1.6,2.4
65.40,climb,305.12,44.88,0.689,1,2493.1,3365.9,-600.7,-3000.4,-0.70,0.70,145,145,-1,0.0,0.0,-0.5,0.5,-0.02,0.02,0.00,0.00,0.00,0.00,0.18,0.98,98,-1,0,22,28.4,0.03,0.689,0.702,15.52,0,25,0,124.6,2.5,178.3,145.4,0.00,0,1.6,0.5
65.50,climb,307.12,42.88,0.463,1,2493.1,3365.9,-600.6,-3000.4,-0.70,0.70,146,153,-1,0.0,0.0,-0.4,0.5,0.00,0.01,0.00,0.00,0.00,0.00,0.20,0.97,98,-1,0,24,28.4,-0.08,0.463,0.468,19.14,0,25,0,117.0,1.2,179.4,153.0,0.00,0,1.6,0.5
65.60,climb,309.36,40.64,0.264,1,2493.0,3366.1,-600.6,-3000.5,-0.70,0.70,147,153,-1,0.0,0.0,-0.3,0.6,0.02,0.00,0.00,0.00,0.00,0.00,0.21,0.97,98,-1,0,26,35.2,-0.14,0.265,0.273,21.92,0,25,0,117.0,1.2,179.4,153.0,0.00,0,-0.3,-1.6
65.70,climb,311.74,38.26,0.112,1,2492.9,3366.2,-600.5,-3000.6,-0.70,0.70,148,153,-1,0.0,0.0,-0.5,0.7,0.03,-0.02,0.00,0.00,0.00,0.00,0.23,0.97,98,-1,0,28,35.3,-0.14,0.113,0.135,23.59,0,25,0,117.0,1.2,179.4,153.0,0.00,0,-1.9,-1.3
65.80,climb,314.15,35.85,0.014,1,2492.9,3366.2,-600.4,-3000.7,-0.70,0.70,149,153,-1,0.0,0.0,-0.7,0.8,0.02,-0.04,0.00,0.00,0.00,0.00,0.24,0.96,98,-1,1,31,35.3,-0.09,0.014,0.027,24.12,0,25,0,117.0,1.2,179.4,153.0,0.00,0,-1.9,-1.3
65.90,climb,316.49,33.51,0.000,1,2492.9,3366.2,-600.4,-3000.7,-0.70,0.70,152,167,-1,0.0,0.0,-0.9,0.7,-0.00,-0.04,0.00,0.00,0.00,0.00,0.28,0.95,98,-1,1,31,34.6,-0.07,0.000,0.000,23.71,0,25,0,103.1,4.5,178.9,166.9,0.00,0,-1.7,0.1
66.00,climb,318.73,31.27,0.000,1,2492.7,3366.4,-600.3,-3000.8,-0.70,0.70,154,167,-1,0.0,0.0,-1.0,0.5,-0.01,-0.03,0.00,0.00,0.00,0.00,0.32,0.94,98,-1,1,32,33.3,-0.05,0.000,0.000,22.61,0,25,0,103.1,4.5,178.9,166.9,0.00,0,-0.2,1.4
66.10,climb,320.88,29.12,0.000,1,2492.7,3366.4,-600.2,-3000.9,-0.70,0.70,156,167,-1,0.0,0.0,-1.1,0.3,-0.03,-0.02,0.00,0.00,0.00,0.00,0.35,0.93,98,-1,1,33,33.3,-0.01,0.000,0.000,21.68,0,25,0,103.1,4.5,178.9,166.9,0.00,0,-0.2,1.4
66.20,climb,322.92,27.08,0.000,1,2492.6,3366.5,-600.1,-3000.9,-0.70,0.70,158,167,-1,0.0,0.0,-1.0,0.1,-0.04,-0.00,0.00,0.00,0.00,0.00,0.38,0.92,98,-1,1,34,32.3,0.03,0.000,0.000,20.68,0,25,0,103.1,4.5,178.9,166.9,0.00,0,1.0,2.5
66.30,climb,324.86,25.14,0.000,1,2492.5,3366.6,-600.1,-3001.0,-0.70,0.70,161,180,-1,0.0,0.0,-0.9,-0.3,-0.05,0.01,0.00,0.00,0.00,0.00,0.43,0.89,98,-1,1,34,32.0,0.03,0.000,0.000,19.60,0,25,0,89.9,94.5,179.1,180.1,0.00,0,1.3,2.7
66.40,climb,326.68,23.32,0.000,1,2492.4,3366.6,-600.0,-3001.1,-0.70,0.70,164,180,-1,0.0,0.0,-0.7,-0.6,-0.05,0.01,0.00,0.00,0.00,0.00,0.48,0.87,98,-1,1,34,31.7,0.04,0.000,0.000,18.45,0,25,0,89.9,94.5,179.1,180.1,0.00,0,1.3,2.8
66.50,climb,328.38,21.62,0.000,1,2492.4,3366.6,-599.9,-3001.1,-0.70,0.70,166,180,-1,0.0,0.0,-0.6,-0.9,-0.06,0.02,0.00,0.00,0.00,0.00,0.52,0.85,98,-1,1,34,31.7,0.05,0.000,0.000,17.22,0,25,0,89.9,94.5,179.1,180.1,0.00,0,1.3,2.8
66.60,climb,329.95,20.05,0.012,1,2492.3,3366.8,-599.9,-3001.2,-0.70,0.70,168,180,-1,0.0,0.0,-0.4,-1.2,-0.06,0.02,0.00,0.00,0.00,0.00,0.55,0.83,98,-1,1,35,31.1,0.08,0.012,0.024,15.97,0,25,0,89.9,94.5,179.1,180.1,0.00,0,1.3,2.8
66.70,climb,331.40,18.60,0.027,1,2492.2,3366.9,-599.8,-3001.3,-0.53,0.70,172,193,-1,0.0,0.0,-0.2,-1.5,-0.06,0.03,0.00,0.00,0.00,0.00,0.60,0.79,98,-1,1,35,30.9,0.07,0.027,0.053,14.73,0,25,0,77.3,177.8,179.5,192.7,0.00,0,1.3,2.9
66.80,climb,332.72,17.28,0.045,1,2492.2,3366.9,-599.7,-3001.4,-0.53,0.70,175,193,-1,0.0,0.0,0.1,-1.8,-0.06,0.03,0.00,0.00,0.00,0.00,0.66,0.58,98,-1,0,34,30.9,0.07,0.045,0.082,13.51,0,25,0,77.3,177.8,179.5,192.7,0.00,0,1.3,2.9
66.90,climb,333.92,16.08,0.067,1,2492.1,3367.0,-599.7,-3001.4,-0.53,0.70,178,193,-1,0.0,0.0,0.3,-2.1,-0.06,0.04,0.00,0.00,0.00,0.00,0.68,0.55,98,-1,0,35,30.3,0.08,0.067,0.107,12.29,0,25,0,77.3,177.8,179.5,192.7,0.00,0,1.3,2.9
67.00,climb,335.01,14.99,0.093,1,2492.1,3367.1,-599.6,-3001.5,-0.53,0.70,180,193,-1,0.0,0.0,0.5,-2.3,-0.06,0.04,0.00,0.00,0.00,0.00,0.70,0.53,98,-1,0,34,30.0,0.06,0.093,0.135,11.09,0,25,0,77.3,177.8,179.5,192.7,0.00,0,1.2,2.8
67.10,climb,335.97,14.03,0.123,1,2492.0,3367.1,-599.6,-3001.6,-0.53,0.70,184,205,-1,0.0,0.0,0.8,-2.6,-0.06,0.04,0.00,0.00,0.00,0.00,0.74,0.48,98,-1,0,30,29.8,-0.00,0.123,0.164,9.90,0,25,0,65.2,179.1,179.6,204.8,0.00,0,0.9,2.2
67.20,climb,336.82,13.18,0.154,1,2492.0,3367.1,-599.5,-3001.6,-0.53,0.70,187,205,-1,0.0,0.0,1.0,-2.7,-0.05,0.04,0.00,0.00,0.00,0.00,0.76,0.44,98,-1,0,27,29.8,-0.06,0.154,0.189,8.77,0,25,0,65.2,179.1,179.6,204.8,0.00,0,0.9,2.2
67.30,cruise,337.57,12.43,0.235,1,2492.0,3367.2,-599.5,-3001.7,-0.53,0.70,190,205,-1,4.0,4.0,1.1,-2.7,-0.10,-0.02,0.00,0.00,0.00,0.00,0.78,0.40,98,-1,0,24,29.6,-0.11,0.235,0.266,7.72,0,25,0,65.2,179.1,179.6,204.8,0.00,0,0.1,0.9
67.40,cruise,338.23,11.77,0.263,1,2491.9,3367.4,-599.4,-3001.8,-0.53,0.70,192,205,-1,8.0,8.0,1.1,-2.5,-0.11,-0.11,0.00,0.00,0.00,0.00,0.80,0.37,98,-1,0,0,29.0,-0.59,0.268,0.326,6.80,0,25,0,56.3,179.2,179.4,213.6,0.00,1,-2.3,-3.3
67.50,cruise,338.83,11.17,0.279,1,2491.8,3367.4,-599.4,-3001.9,-0.35,0.70,196,217,-1,12.0,12.0,1.0,-2.0,-0.10,-0.19,0.00,0.00,0.00,0.00,0.82,0.32,98,-1,0,-3,28.0,-0.64,0.286,0.367,6.14,0,25,0,53.5,179.3,179.5,216.5,0.00,1,-3.2,-7.0
67.60,cruise,339.40,10.60,0.277,1,2491.8,3367.5,-599.3,-3001.9,-0.35,0.70,199,217,-1,16.0,16.0,0.7,-1.2,-0.06,-0.27,0.00,0.00,0.00,0.00,0.78,0.10,98,-1,0,-6,24.7,-0.67,0.285,0.377,5.87,0,25,0,50.7,179.7,179.7,219.3,0.00,1,-2.6,-11.4
67.70,cruise,339.96,10.04,0.263,1,2491.8,3367.5,-599.3,-3002.0,-0.35,0.70,202,217,-1,20.0,20.0,0.5,0.1,-0.01,-0.32,0.00,0.00,0.00,0.00,0.78,0.07,98,-1,0,-8,24.7,-0.65,0.270,0.355,5.84,0,25,0,48.4,180.7,180.6,221.6,0.00,1,-2.6,-11.4
67.80,cruise,340.53,9.47,0.242,1,2491.8,3367.6,-599.3,-3002.1,-0.35,0.88,204,217,-1,24.0,24.0,0.9,1.7,0.05,-0.25,0.00,0.00,0.00,0.00,0.95,-0.04,98,-1,0,-10,19.3,-0.58,0.247,0.326,5.94,0,25,0,46.6,182.6,182.5,223.4,0.00,1,1.9,-15.0
67.90,cruise,341.10,8.90,0.221,1,2491.7,3367.8,-599.2,-3002.2,-0.35,1.05,207,224,-1,26.3,28.0,2.0,3.6,0.09,-0.08,0.00,0.00,0.00,0.00,0.94,-0.09,98,-1,0,-11,6.9,-0.48,0.224,0.270,6.02,0,25,0,45.5,185.6,185.5,224.6,0.00,1,17.5,-20.4
68.00,cruise,341.64,8.36,0.206,1,2491.6,3367.9,-599.2,-3002.3,-0.53,1.05,210,224,-1,22.3,32.0,3.9,5.7,0.09,0.17,0.00,0.00,0.00,0.00,1.09,-0.22,98,-1,0,-12,1.8,-0.37,0.208,0.278,5.99,0,25,0,45.0,189.5,189.5,225.3,0.00,1,23.7,-20.7
68.10,cruise,342.17,7.83,0.198,1,2491.6,3367.9,-599.1,-3002.4,-0.53,1.05,212,224,-1,18.3,36.0,6.4,7.8,0.05,0.39,0.00,0.00,0.00,0.00,1.17,-0.12,98,-1,0,-12,1.8,-0.28,0.199,0.316,5.85,0,25,0,44.9,193.9,194.0,225.7,0.00,1,23.7,-20.7
68.20,cruise,342.67,7.33,0.193,1,2491.6,3368.0,-599.1,-3002.5,-0.53,0.88,214,224,-1,14.3,40.0,9.1,9.6,-0.07,0.51,0.10,0.00,0.00,0.00,1.02,-0.06,98,-1,0,-12,-2.9,-0.18,0.194,0.346,5.67,0,25,0,45.1,198.3,198.2,225.7,0.00,1,26.3,-19.0
68.30,cruise,343.15,6.85,0.250,1,2491.5,3368.1,-599.0,-3002.6,-0.53,0.44,216,224,-1,18.3,37.6,11.4,11.2,-0.08,0.39,0.19,0.00,0.00,0.00,0.88,0.01,98,-1,0,-12,-9.8,-0.10,0.250,0.375,5.40,0,25,0,45.8,202.1,201.5,225.3,0.00,1,14.8,-16.3
68.40,cruise,343.59,6.41,0.250,1,2491.5,3368.1,-599.0,-3002.6,-0.53,0.44,217,224,-1,22.3,37.5,12.9,12.7,-0.11,0.18,0.26,0.00,0.00,0.00,0.67,0.15,98,-1,0,-11,-9.8,-0.02,0.250,0.325,5.03,0,25,0,47.0,205.2,203.7,224.5,0.00,1,14.8,-16.3
68.50,cruise,344.02,5.98,0.250,1,2491.4,3368.1,-598.9,-3002.6,-0.35,-0.44,219,224,-1,26.3,37.4,13.5,14.1,-0.10,-0.07,0.31,0.00,0.00,0.00,0.33,0.41,98,-1,0,-10,-15.5,0.07,0.250,0.295,4.76,0,25,0,48.7,207.7,204.8,223.2,0.00,1,-4.3,-18.2
68.60,cruise,344.44,5.56,0.250,1,2491.4,3368.1,-598.9,-3002.6,-0.35,-0.44,220,224,-1,30.3,37.4,13.4,15.6,-0.07,-0.29,0.34,0.00,0.00,0.00,-0.11,0.55,98,-1,0,-8,-15.5,0.15,0.250,0.346,4.57,0,25,0,50.9,209.8,204.9,221.5,0.00,1,-4.3,-18.2
68.70,cruise,344.84,5.16,0.250,1,2491.3,3368.0,-598.8,-3002.5,-0.35,-0.97,219,216,-1,33.2,37.4,13.0,17.2,-0.03,-0.40,0.37,0.00,0.00,0.00,-0.52,0.89,98,-1,0,-6,-17.4,0.23,0.251,0.364,4.44,0,25,0,53.5,211.9,204.7,219.4,0.00,1,-9.7,-19.8
68.80,cruise,345.22,4.78,0.250,1,2491.3,3367.9,-598.8,-3002.4,-0.35,-1.32,219,216,-1,34.4,37.3,13.0,18.9,0.04,-0.36,0.41,0.00,0.00,0.00,-0.80,1.10,98,-1,0,-4,-18.6,0.30,0.251,0.358,4.33,0,25,0,56.3,214.5,204.7,217.3,0.00,1,-9.3,-21.7
68.90,cruise,345.58,4.42,0.250,1,2491.2,3367.5,-598.8,-3002.2,-0.70,-2.02,219,216,-1,35.6,37.1,13.6,20.9,0.10,-0.24,0.48,0.00,0.00,0.00,-0.97,1.46,98,-1,0,-2,-17.8,0.34,0.252,0.341,4.27,0,25,0,58.9,218.1,205.2,215.5,0.00,1,4.4,-23.8
69.00,cruise,345.93,4.07,0.250,1,2491.2,3367.5,-598.7,-3002.0,-0.70,-2.02,219,216,-1,36.7,36.9,15.1,22.9,0.15,-0.07,0.56,0.00,0.00,0.00,-1.14,1.81,98,-1,0,-0,-17.8,0.35,0.252,0.310,4.26,0,25,0,61.4,222.6,206.6,214.1,0.00,1,4.4,-23.8
69.10,cruise,346.27,3.73,0.250,1,2491.0,3367.0,-598.6,-3001.8,-1.32,-2.72,217,206,-1,37.8,36.8,17.5,25.0,0.16,0.08,0.65,0.00,0.00,0.00,-1.27,2.27,98,-1,0,0,-13.3,0.32,0.252,0.316,4.22,0,25,0,63.5,227.7,208.7,213.3,0.00,1,19.0,-20.2
69.20,cruise,346.60,3.40,0.250,1,2491.0,3367.0,-598.5,-3001.5,-1.32,-2.72,215,206,-1,38.7,36.7,20.3,26.8,0.14,0.17,0.74,0.00,0.00,0.00,-1.46,2.65,98,-1,0,1,-13.3,0.28,0.251,0.332,4.13,0,25,0,65.2,232.6,211.1,213.0,0.00,1,19.0,-20.2
69.30,cruise,346.91,3.09,0.250,1,2490.8,3366.7,-598.3,-3001.2,-1.67,-3.16,214,206,-1,39.6,36.7,23.2,28.4,0.10,0.18,0.82,0.00,0.00,0.00,-1.67,3.16,98,-1,0,1,-10.4,0.22,0.251,0.323,3.94,0,25,0,66.5,236.8,213.5,213.1,0.00,1,21.3,-16.4
69.40,cruise,347.20,2.80,0.250,1,2490.4,3366.0,-598.1,-3000.9,-2.20,-4.31,213,206,-1,40.4,36.9,25.7,29.7,0.05,0.13,0.89,0.00,0.00,0.00,-2.02,3.65,98,-1,0,0,-4.7,0.15,0.250,0.300,3.69,0,25,0,67.4,239.9,215.7,213.5,0.00,1,17.5,-9.6
69.50,cruise,347.47,2.53,0.250,1,2490.2,3365.5,-597.9,-3000.5,-2.46,-5.01,212,202,-1,41.0,37.2,27.8,30.8,0.02,0.05,0.95,0.00,0.00,0.00,-2.49,4.14,98,-1,0,-0,-1.9,0.09,0.250,0.268,3.37,0,25,0,67.9,242.2,217.5,214.1,0.00,1,13.6,-7.5
69.60,cruise,347.73,2.27,0.250,1,2489.9,3364.9,-597.7,-3000.0,-2.72,-5.71,211,202,-1,41.5,37.7,29.3,31.8,-0.01,-0.04,1.00,0.00,0.00,0.00,-3.04,4.68,98,-1,0,-1,0.8,0.02,0.250,0.262,3.09,0,25,0,68.2,243.7,219.0,214.7,0.00,1,10.4,-5.8
69.70,cruise,347.96,2.04,0.250,1,2489.9,3364.9,-597.4,-2999.4,-2.72,-5.71,210,202,-1,41.9,38.2,30.3,32.7,-0.03,-0.11,1.00,0.00,0.00,0.00,-3.60,5.20,98,-1,0,-2,0.8,-0.05,0.250,0.288,2.81,0,25,0,68.2,244.6,220.1,215.4,0.00,1,10.4,-5.8
69.80,cruise,348.17,1.83,0.250,1,2489.6,3364.3,-597.1,-2998.8,-2.99,-6.24,209,202,-1,42.2,38.8,31.2,33.4,-0.05,-0.15,1.00,0.00,0.00,0.00,-4.01,5.64,98,-1,0,-3,2.7,-0.10,0.250,0.303,2.46,0,25,0,67.9,245.0,221.1,216.2,0.00,1,8.6,-4.2
69.90,cruise,348.34,1.66,0.261,1,2489.0,3362.9,-596.8,-2998.1,-3.43,-7.65,208,203,-1,42.4,39.5,32.0,34.2,-0.05,-0.14,1.00,0.00,0.00,0.00,-4.60,6.09,98,-1,0,-3,4.7,-0.15,0.261,0.311,2.14,0,25,0,67.4,245.4,222.2,217.2,0.00,1,11.2,-3.6
70.00,cruise,348.48,1.52,0.276,1,2489.0,3362.9,-596.5,-2997.4,-3.43,-7.65,208,203,-1,42.6,40.1,33.1,35.1,-0.02,-0.08,1.00,0.00,0.00,0.00,-5.14,6.62,98,-1,0,-5,4.7,-0.19,0.277,0.303,1.88,0,25,0,66.9,245.8,223.6,218.4,0.00,1,11.2,-3.6
70.10,cruise,348.59,1.41,0.296,1,2488.6,3362.1,-596.1,-2996.6,-3.69,-8.17,208,203,-1,42.7,40.7,34.5,36.3,0.02,-0.00,1.00,0.00,0.00,0.00,-5.52,7.07,98,-1,0,-6,4.7,-0.22,0.297,0.303,1.62,0,25,0,66.2,246.4,225.3,219.8,0.00,1,14.7,-4.2
70.20,cruise,348.66,1.34,0.320,1,2487.8,3360.3,-595.7,-2995.7,-4.13,-9.76,208,203,-1,42.8,41.2,36.4,37.5,0.04,0.07,1.00,0.00,0.00,0.00,-6.08,7.54,98,-1,0,-8,2.8,-0.24,0.321,0.357,1.39,0,25,0,65.5,247.2,227.4,221.5,0.00,1,20.4,-4.8
70.30,cruise,348.71,1.29,0.347,1,2487.8,3360.3,-595.3,-2994.8,-4.13,-9.76,208,205,-1,43.1,41.7,38.5,38.9,0.06,0.12,1.00,0.00,0.00,0.00,-6.65,8.25,98,-1,0,-10,2.8,-0.25,0.348,0.409,1.18,0,25,0,64.8,248.2,229.6,223.2,0.00,1,20.4,-4.8
70.40,cruise,348.74,1.26,0.374,1,2487.4,3359.2,-594.9,-2993.7,-4.39,-10.63,209,205,-1,43.4,42.1,40.7,40.2,0.05,0.14,1.00,0.00,0.00,0.00,-7.19,8.98,98,-1,0,-11,1.0,-0.24,0.376,0.446,1.03,0,25,0,64.2,249.2,231.8,224.8,0.00,1,20.8,-4.5
70.50,cruise,348.78,1.22,0.400,1,2486.9,3358.1,-594.4,-2992.6,-4.57,-11.60,210,205,-1,43.9,42.3,42.8,41.2,0.02,0.13,1.00,0.00,0.00,0.00,-7.82,9.71,98,-1,0,-12,-1.5,-0.22,0.402,0.460,0.89,0,25,0,63.8,250.1,233.6,226.0,0.00,1,19.2,-3.3
70.60,cruise,348.82,1.18,0.420,1,2486.5,3356.8,-594.0,-2991.3,-4.83,-12.83,211,205,-1,44.6,42.5,44.5,41.7,-0.03,0.10,1.00,0.00,0.00,0.00,-8.60,10.68,98,-1,0,-13,-4.8,-0.17,0.421,0.475,0.80,0,25,0,63.7,250.9,234.9,226.7,0.00,1,15.4,-1.6
70.70,cruise,348.88,1.12,0.433,1,2485.5,3353.9,-593.5,-2989.9,-5.19,-15.64,212,206,-1,45.6,42.5,46.0,41.6,-0.08,0.07,1.00,0.00,0.00,0.00,-9.44,11.81,98,-1,0,-13,-12.1,-0.09,0.434,0.496,0.74,0,25,0,64.1,251.7,235.7,226.6,0.00,1,6.0,-0.2
70.80,cruise,348.94,1.06,0.439,1,2484.9,3352.2,-593.0,-2988.4,-5.27,-17.23,213,206,-1,46.7,42.3,47.0,41.2,-0.12,0.03,1.00,0.00,0.00,0.00,-10.34,12.83,98,-1,0,-12,-15.3,-0.00,0.439,0.504,0.69,0,25,0,65.1,252.6,235.9,225.8,0.00,1,0.6,-1.6
70.90,cruise,349.03,0.97,0.437,1,2484.9,3352.2,-592.4,-2986.7,-5.27,-17.23,214,206,-1,48.0,42.0,47.6,40.4,-0.15,-0.01,1.00,0.00,0.00,0.00,-11.36,13.98,98,-1,0,-10,-15.3,0.10,0.437,0.505,0.69,0,25,0,67.1,253.8,235.5,224.2,0.00,1,0.6,-1.6
71.00,cruise,349.12,0.88,0.430,1,2483.8,3348.4,-591.9,-2984.9,-5.54,-20.21,215,206,-1,49.4,41.4,48.1,39.5,-0.15,-0.04,1.00,0.00,0.00,0.00,-12.23,15.18,98,-1,0,-8,-19.7,0.20,0.431,0.510,0.75,0,25,0,70.0,255.6,234.8,221.9,0.00,1,-6.4,-10.9
71.10,cruise,349.21,0.79,0.423,1,2483.3,3346.3,-591.3,-2982.9,-5.71,-21.80,213,196,-1,50.7,40.7,48.7,39.1,-0.12,-0.04,1.00,0.00,0.00,0.00,-13.89,15.69,98,-1,0,-6,-20.1,0.28,0.425,0.491,0.87,0,25,0,73.8,258.1,234.0,219.3,0.00,1,-7.1,-17.9
71.20,cruise,349.30,0.70,0.422,1,2483.3,3346.3,-590.8,-2980.8,-5.71,-21.80,212,196,-1,52.0,40.0,49.5,39.3,-0.06,-0.02,1.00,0.00,0.00,0.00,-15.53,16.33,98,-1,0,-3,-20.1,0.34,0.425,0.458,1.00,0,25,0,78.5,261.4,233.2,216.6,0.00,1,-7.1,-17.9
71.30,cruise,349.37,0.63,0.431,1,2482.1,3341.6,-590.2,-2978.5,-6.24,-24.43,211,196,-1,53.0,39.1,50.6,40.3,0.01,0.01,1.00,0.00,0.00,0.00,-16.81,16.80,98,-1,0,-1,-16.0,0.37,0.434,0.447,1.13,0,25,0,83.9,265.3,232.6,214.2,0.00,1,-4.9,-29.8
71.40,cruise,349.43,0.57,0.454,1,2481.4,3339.0,-589.6,-2976.1,-6.59,-25.84,210,196,-1,54.0,38.6,51.9,42.0,0.08,0.04,1.00,0.00,0.00,0.00,-18.11,17.55,98,-1,0,1,-11.6,0.35,0.457,0.514,1.20,0,25,0,89.4,269.5,232.2,212.2,0.00,1,-3.9,-32.9
71.50,cruise,349.48,0.52,0.491,1,2480.7,3336.4,-588.9,-2973.5,-7.29,-27.25,205,175,-1,54.8,38.4,53.4,44.4,0.13,0.06,1.00,0.00,0.00,0.00,-20.72,16.79,98,-1,0,3,-5.9,0.29,0.493,0.583,1.23,0,25,0,94.6,273.7,231.8,210.8,0.00,1,-3.8,-33.8
71.60,cruise,349.51,0.49,0.495,1,2479.9,3333.5,-588.2,-2970.9,-8.00,-28.65,200,175,-1,55.4,38.8,54.8,47.2,0.17,0.05,1.00,0.00,0.00,0.00,-23.04,16.27,98,-1,0,4,0.5,0.19,0.496,0.603,1.25,0,25,0,99.2,277.4,231.2,210.0,0.00,1,-4.8,-31.9
71.70,cruise,349.55,0.45,0.492,1,2479.9,3333.5,-587.4,-2968.0,-8.00,-28.65,196,175,-1,55.9,39.7,55.9,50.0,0.19,0.02,1.00,0.00,0.00,0.00,-25.22,15.77,98,-1,0,4,0.5,0.07,0.492,0.594,1.25,0,25,0,102.5,280.4,230.4,209.7,0.00,1,-4.8,-31.9
71.80,cruise,349.60,0.40,0.492,1,2479.0,3330.5,-586.5,-2965.0,-8.96,-30.23,193,175,-1,56.4,41.3,56.1,52.4,0.17,-0.05,1.00,0.00,0.00,0.00,-27.40,15.62,98,-1,0,4,6.9,-0.06,0.492,0.598,1.19,0,25,0,104.2,282.3,229.3,209.5,0.00,1,-7.3,-27.0
71.90,cruise,349.66,0.34,0.496,1,2477.0,3324.1,-585.6,-2961.9,-11.25,-33.22,189,166,-1,56.7,43.2,55.5,54.0,0.12,-0.13,1.00,0.00,0.00,0.00,-29.75,15.15,98,-1,0,4,16.3,-0.16,0.497,0.622,1.03,0,25,0,104.4,283.1,227.8,209.4,0.00,1,-12.3,-10.3
72.00,cruise,349.72,0.28,0.504,1,2475.7,3320.7,-584.5,-2958.6,-12.48,-34.54,186,166,-1,56.9,45.2,54.0,54.8,0.07,-0.20,1.00,0.00,0.00,0.00,-31.81,14.77,98,-1,0,4,18.2,-0.24,0.505,0.639,0.83,0,25,0,103.2,282.6,226.2,209.4,0.00,1,-10.6,-1.6
72.10,cruise,349.79,0.21,0.510,1,2475.7,3320.7,-583.2,-2955.2,-12.48,-34.54,184,166,-1,57.1,47.2,52.1,55.0,0.02,-0.24,1.00,0.00,0.00,0.00,-33.70,14.61,98,-1,0,4,18.2,-0.29,0.512,0.641,0.65,0,25,0,101.1,281.1,225.1,209.7,0.00,1,-10.6,-1.6
72.20,cruise,349.86,0.14,0.511,1,2472.9,3313.5,-581.9,-2951.6,-15.21,-37.09,181,166,-1,57.2,49.2,50.4,54.9,-0.02,-0.23,1.00,0.00,0.00,0.00,-35.51,14.75,98,-1,0,3,16.9,-0.31,0.514,0.640,0.57,0,25,0,98.6,278.6,224.8,210.8,0.00,1,5.6,10.2
72.30,cruise,349.93,0.07,0.507,1,2471.3,3309.7,-580.4,-2948.0,-16.52,-38.32,180,174,-1,57.3,50.9,49.5,54.9,-0.01,-0.18,1.00,0.00,0.00,0.00,-36.98,15.48,98,-1,0,1,13.8,-0.32,0.511,0.610,0.59,0,25,0,96.0,275.9,225.6,212.8,0.00,1,18.0,11.8
72.40,cruise,349.98,0.02,0.499,1,2469.5,3305.7,-578.8,-2944.2,-17.67,-39.55,180,174,-1,57.5,52.5,50.0,55.4,0.01,-0.09,1.00,0.00,0.00,0.00,-38.43,16.26,98,-1,0,-2,9.2,-0.32,0.502,0.557,0.69,0,25,0,93.6,273.3,227.7,215.7,0.00,1,29.9,11.5
72.50,cruise,350.03,-0.03,0.488,1,2469.5,3305.7,-577.0,-2940.2,-17.67,-39.55,179,174,-1,57.8,53.8,52.0,56.4,0.06,0.01,1.00,0.00,0.00,0.00,-39.88,16.92,98,-1,0,-6,9.2,-0.30,0.490,0.525,0.87,0,25,0,91.7,271.4,231.0,219.6,0.00,1,29.9,11.5
72.60,cruise,350.06,-0.06,0.478,1,2467.7,3301.7,-575.2,-2936.2,-18.72,-40.96,178,174,-1,58.3,54.8,55.3,58.0,0.11,0.12,1.00,0.00,0.00,0.00,-41.49,17.52,98,-1,0,-10,3.6,-0.28,0.480,0.591,1.01,0,25,0,90.2,270.1,235.2,224.1,0.00,1,39.9,10.7
72.70,cruise,350.07,-0.07,0.476,1,2463.7,3293.1,-573.3,-2932.0,-20.30,-43.95,179,181,-1,59.0,55.4,59.3,59.9,0.13,0.20,1.00,0.00,0.00,0.00,-42.77,18.69,98,-1,0,-15,-9.2,-0.25,0.477,0.636,1.01,0,25,0,88.7,269.3,239.9,228.9,0.00,1,47.0,13.3
72.80,cruise,350.08,-0.08,0.482,1,2463.7,3293.1,-571.2,-2927.6,-20.30,-43.95,179,181,-1,60.0,55.7,63.3,61.7,0.11,0.24,1.00,0.00,0.00,0.00,-44.23,19.67,98,-1,0,-20,-9.2,-0.22,0.484,0.652,0.84,0,25,0,86.8,268.5,244.5,233.7,0.00,1,47.0,13.3
72.90,cruise,350.07,-0.07,0.499,1,2461.7,3288.6,-569.2,-2923.1,-20.83,-45.53,180,181,-1,61.1,55.6,66.7,62.6,0.05,0.21,1.00,0.00,0.00,0.00,-45.69,20.46,98,-1,0,-24,-15.9,-0.16,0.499,0.633,0.49,0,25,0,83.2,267.3,248.6,237.7,0.00,1,43.3,17.9
73.00,cruise,350.05,-0.05,0.525,1,2459.6,3283.9,-567.1,-2918.4,-21.18,-47.20,180,181,-1,62.5,54.9,68.9,62.1,-0.03,0.15,1.00,0.00,0.00,0.00,-47.25,21.07,98,-1,0,-27,-22.2,-0.09,0.525,0.618,-0.03,0,25,0,77.3,265.7,251.7,240.4,0.00,1,35.1,23.7
73.10,cruise,350.03,-0.03,0.557,1,2455.3,3274.0,-564.9,-2913.6,-21.27,-50.89,189,200,-1,63.9,53.8,70.0,59.7,-0.11,0.07,1.00,0.00,0.00,0.00,-44.88,29.04,98,-1,0,-28,-34.1,0.02,0.557,0.655,-0.63,0,25,0,69.5,263.7,253.5,241.2,0.00,1,13.9,32.4
73.20,cruise,349.98,0.02,0.591,1,2455.3,3274.0,-562.8,-2908.5,-21.27,-50.89,199,200,-1,65.3,51.9,70.1,55.0,-0.17,-0.01,1.00,0.00,0.00,0.00,-41.11,36.77,98,-1,0,-26,-34.1,0.17,0.592,0.700,-1.24,0,25,0,62.3,261.5,254.1,239.5,0.00,1,13.9,32.4
73.30,cruise,349.91,0.09,0.623,1,2453.2,3268.8,-560.7,-2903.3,-21.09,-53.00,208,200,-1,66.7,49.2,69.7,48.1,-0.20,-0.06,1.00,0.00,0.00,0.00,-37.18,43.26,98,-1,0,-21,-38.7,0.35,0.628,0.795,-1.78,0,25,0,58.0,259.6,253.6,235.0,0.00,1,4.3,31.3
73.40,cruise,349.81,0.19,0.649,1,2449.1,3257.7,-558.6,-2897.8,-20.13,-57.30,214,200,-1,67.9,45.5,69.2,39.7,-0.21,-0.09,1.00,0.00,0.00,0.00,-34.00,48.03,98,-1,0,-14,-41.8,0.54,0.661,0.853,-2.15,0,25,0,57.3,258.5,252.4,228.1,0.00,1,-4.2,15.3
73.50,cruise,349.68,0.32,0.665,1,2449.1,3257.7,-556.6,-2892.2,-20.13,-57.30,222,211,-1,68.7,41.5,68.9,30.9,-0.19,-0.08,1.00,0.00,0.00,0.00,-28.94,53.40,98,-1,0,-6,-41.8,0.60,0.680,0.858,-2.30,0,25,0,59.2,258.5,251.2,219.7,0.00,1,-4.2,15.3
73.60,cruise,349.52,0.48,0.672,1,2447.1,3251.8,-554.6,-2886.3,-19.42,-59.68,228,211,-1,68.9,37.5,69.0,23.6,-0.16,-0.04,1.00,0.00,0.00,0.00,-25.34,57.42,98,-1,0,2,-37.5,0.60,0.687,0.820,-2.27,0,25,0,63.2,259.8,250.5,211.6,0.00,1,-2.3,2.5
73.70,cruise,349.32,0.68,0.673,1,2445.2,3245.6,-552.7,-2880.1,-18.72,-62.05,233,211,-1,68.9,33.5,69.6,19.6,-0.10,0.01,1.00,0.00,0.00,0.00,-22.68,60.72,98,-1,0,8,-28.3,0.60,0.688,0.762,-2.09,0,25,0,69.1,262.3,250.5,205.7,0.00,1,1.5,-12.0
73.80,cruise,349.09,0.91,0.673,1,2441.7,3232.6,-550.9,-2873.7,-17.40,-67.06,237,211,-1,68.7,29.5,70.7,20.4,-0.03,0.07,1.00,0.00,0.00,0.00,-20.14,63.88,98,-1,0,10,0.5,0.51,0.684,0.754,-1.88,0,25,0,77.4,265.7,251.2,203.4,0.00,1,10.5,-38.6
73.90,cruise,348.83,1.17,0.676,1,2439.9,3225.7,-549.2,-2867.1,-17.05,-69.61,228,181,-1,68.4,27.4,72.4,27.0,0.04,0.13,1.00,0.00,0.00,0.00,-31.61,61.65,98,-1,0,8,18.0,0.14,0.677,0.786,-1.71,0,25,0,88.9,269.6,252.4,206.0,0.00,1,10.9,-47.9
74.00,cruise,348.51,1.49,0.687,1,2438.2,3218.5,-547.4,-2860.2,-17.05,-72.16,221,181,-1,68.0,30.8,74.1,38.7,0.10,0.15,1.00,0.00,0.00,0.00,-41.66,58.31,98,-1,0,1,34.4,-0.35,0.692,0.863,-1.68,0,25,0,102.8,273.9,253.3,213.1,0.00,1,6.6,-53.2
74.10,cruise,348.16,1.84,0.710,1,2436.5,3211.1,-545.7,-2853.0,-17.31,-74.71,214,181,-1,67.3,34.8,75.7,51.7,0.14,0.15,1.00,0.00,0.00,0.00,-50.16,54.61,98,-1,0,-8,45.4,-0.60,0.726,0.928,-1.85,0,25,0,115.5,278.2,253.2,221.4,0.00,1,-1.7,-54.0
74.20,cruise,347.76,2.24,0.744,1,2436.5,3211.1,-544.0,-2845.6,-17.31,-74.71,209,181,-1,66.3,38.8,76.8,61.9,0.15,0.11,1.00,0.00,0.00,0.00,-57.31,50.96,98,-1,0,-13,45.4,-0.60,0.761,0.956,-2.21,0,25,0,123.1,282.1,251.8,226.6,0.00,1,-1.7,-54.0
74.30,cruise,347.35,2.65,0.789,1,2434.7,3203.5,-542.2,-2838.0,-18.11,-77.17,201,144,-1,65.2,42.8,77.1,67.9,0.13,0.06,1.00,0.00,0.00,0.00,-65.62,44.45,98,-1,0,-14,47.8,-0.60,0.807,0.957,-2.73,0,25,0,125.7,285.4,249.0,228.0,0.00,1,-11.8,-49.7
74.40,cruise,346.94,3.06,0.800,1,2432.8,3195.6,-540.3,-2830.1,-19.16,-79.63,195,144,-1,64.1,46.8,76.4,70.4,0.09,-0.00,1.00,0.00,0.00,0.00,-72.18,38.70,98,-1,0,-13,42.0,-0.60,0.818,0.896,-3.33,0,25,0,125.1,288.1,245.1,226.4,0.00,1,-22.0,-41.2
74.50,cruise,346.53,3.47,0.800,1,2430.8,3187.4,-538.3,-2821.9,-20.74,-82.27,190,144,-1,63.2,49.7,74.5,70.3,0.04,-0.07,1.00,0.00,0.00,0.00,-77.70,34.07,98,-1,0,-9,30.3,-0.60,0.818,0.900,-3.94,0,25,0,123.1,290.2,240.6,222.7,0.00,1,-31.4,-30.7
74.60,cruise,346.13,3.87,0.800,1,2426.2,3170.3,-536.1,-2813.5,-24.79,-87.28,185,144,-1,62.8,49.2,71.8,68.3,-0.02,-0.11,1.00,0.00,0.00,0.00,-82.53,30.13,98,-1,0,-4,-4.8,-0.37,0.807,0.916,-4.45,0,25,0,121.5,292.3,236.2,217.7,0.00,1,-39.0,-12.4
74.70,cruise,345.76,4.24,0.800,1,2426.2,3170.3,-533.7,-2804.8,-24.79,-87.28,181,149,-1,62.8,46.9,69.0,65.1,-0.07,-0.13,1.00,0.00,0.00,0.00,-86.61,27.01,98,-1,0,2,-4.8,0.13,0.801,0.958,-4.75,0,25,0,121.2,295.0,232.4,211.9,0.00,1,-39.0,-12.4
74.80,cruise,345.40,4.60,0.800,1,2423.5,3161.4,-531.0,-2795.9,-26.98,-89.56,178,149,-1,63.2,42.9,67.0,61.1,-0.10,-0.11,1.00,0.00,0.00,0.00,-90.41,23.99,98,-1,0,8,-24.4,0.60,0.818,0.982,-4.80,0,25,0,122.9,298.8,229.7,205.4,0.00,1,-35.5,-8.6
74.90,cruise,345.07,4.93,0.800,1,2420.6,3152.3,-528.1,-2786.8,-29.27,-91.41,175,149,-1,63.7,38.9,66.1,56.8,-0.10,-0.06,1.00,0.00,0.00,0.00,-93.64,21.05,98,-1,0,15,-40.3,0.60,0.818,0.950,-4.60,0,25,0,126.6,303.4,228.3,198.5,0.00,1,-28.2,-8.6
75.00,cruise,344.74,5.26,0.800,1,2417.5,3143.0,-525.0,-2777.5,-31.64,-93.16,172,149,-1,64.0,34.9,66.2,53.0,-0.08,-0.01,1.00,0.00,0.00,0.00,-96.69,18.19,98,-1,0,22,-46.7,0.60,0.818,0.885,-4.19,0,25,0,131.2,308.3,228.0,192.0,0.00,1,-18.9,-12.6
75.10,cruise,344.42,5.58,0.800,1,2414.2,3133.6,-521.7,-2768.1,-34.01,-94.92,168,134,-1,64.1,30.9,67.2,50.7,-0.03,0.05,1.00,0.00,0.00,0.00,-99.85,14.07,98,-1,0,27,-41.8,0.60,0.818,0.881,-3.64,0,25,0,135.9,312.7,228.2,186.7,0.00,1,-9.7,-18.8
75.20,cruise,344.11,5.89,0.800,1,2406.8,3114.2,-518.1,-2758.5,-39.02,-98.09,165,134,-1,63.9,26.9,68.6,50.7,0.03,0.09,1.00,0.00,0.00,0.00,-102.61,10.70,98,-1,0,30,-13.7,0.60,0.818,0.919,-3.07,0,25,0,139.8,316.8,228.0,183.3,0.00,1,-0.4,-33.1
75.30,cruise,343.79,6.21,0.800,1,2406.8,3114.2,-514.3,-2748.7,-39.02,-98.09,163,134,-1,63.7,22.9,70.2,53.2,0.09,0.11,1.00,0.00,0.00,0.00,-105.22,8.53,98,-1,0,32,-13.7,0.60,0.818,0.982,-2.61,0,25,0,142.1,320.6,226.6,182.2,0.00,1,-0.4,-33.1
75.40,cruise,343.47,6.53,0.800,1,2402.7,3104.3,-510.2,-2738.8,-41.66,-99.49,162,134,-1,63.3,18.9,71.3,57.3,0.14,0.09,1.00,0.00,0.00,0.00,-107.57,7.94,98,-1,1,31,5.2,0.52,0.813,1.000,-2.35,0,25,0,142.3,324.3,223.0,182.6,0.00,1,-3.0,-37.5
75.50,cruise,343.14,6.86,0.800,1,2398.3,3094.3,-505.8,-2728.8,-44.47,-100.72,161,130,-1,62.9,16.8,71.3,61.7,0.18,0.03,1.00,0.00,0.00,0.00,-109.75,8.76,98,-1,0,30,25.9,0.09,0.800,0.971,-2.32,0,25,0,139.9,327.5,217.1,183.4,0.00,1,-10.3,-37.5
75.60,cruise,342.80,7.20,0.800,1,2388.6,3073.9,-501.1,-2718.6,-50.54,-102.39,161,130,-1,62.2,20.8,69.8,65.1,0.19,-0.06,1.00,0.00,0.00,0.00,-111.68,10.96,98,-1,1,30,66.0,-0.34,0.806,1.000,-2.48,0,25,0,134.8,330.0,209.8,183.8,0.00,1,-30.1,-24.8
75.70,cruise,342.47,7.53,0.800,1,2383.3,3063.6,-496.1,-2708.4,-53.70,-102.83,161,130,-1,61.3,24.8,66.1,67.2,0.19,-0.15,1.00,0.00,0.00,0.00,-113.32,14.03,98,-1,1,30,78.3,-0.60,0.818,1.000,-2.71,0,25,0,127.7,331.7,202.6,183.7,0.00,1,-34.7,-13.5
75.80,cruise,342.14,7.86,0.800,1,2383.3,3063.6,-490.8,-2698.1,-53.70,-102.83,161,130,-1,60.1,28.8,59.6,68.1,0.17,-0.24,1.00,0.00,0.00,0.00,-114.67,17.58,98,-1,1,30,78.3,-0.60,0.818,1.000,-2.92,0,25,0,119.4,331.7,196.9,183.4,0.00,1,-34.7,-13.5
75.90,cruise,341.85,8.15,0.800,1,2371.8,3043.1,-485.2,-2687.8,-60.29,-102.48,163,159,-1,58.8,32.8,49.7,67.9,0.13,-0.30,1.00,0.00,0.00,0.00,-115.15,23.82,98,-1,1,30,75.4,-0.60,0.818,1.000,-3.02,0,25,0,111.0,328.9,193.1,183.7,0.00,1,-22.9,12.5
76.00,cruise,341.61,8.39,0.800,1,2365.5,3032.9,-479.3,-2677.6,-63.54,-102.04,164,159,-1,57.4,36.8,36.8,66.7,0.06,-0.33,1.00,0.00,0.00,0.00,-115.12,29.76,98,-1,1,29,62.9,-0.60,0.818,1.000,-2.98,0,25,0,103.4,320.4,191.1,184.7,0.00,1,-8.0,23.7
76.10,cruise,341.45,8.55,0.800,1,2358.9,3022.7,-473.0,-2667.4,-66.71,-101.34,165,159,-1,56.2,40.8,24.3,64.5,-0.02,-0.32,1.00,0.00,0.00,0.00,-114.94,35.19,98,-1,1,27,46.2,-0.60,0.818,1.000,-2.76,0,25,0,97.0,302.1,191.0,186.9,0.00,1,12.1,33.0
76.20,cruise,341.37,8.63,0.800,1,2358.9,3022.7,-466.4,-2657.2,-66.71,-101.34,166,159,-1,55.5,44.8,16.7,61.6,-0.11,-0.27,1.00,0.00,0.00,0.00,-114.55,39.99,98,-1,1,23,46.2,-0.46,0.810,1.000,-2.32,0,25,0,92.1,279.1,193.0,190.4,0.00,1,12.1,33.0
76.30,cruise,341.37,8.63,0.800,1,2344.8,3002.6,-459.5,-2647.1,-72.51,-100.37,168,181,-1,55.2,48.8,15.5,58.5,-0.16,-0.18,1.00,0.00,0.00,0.00,-113.01,47.55,98,-1,1,18,7.0,-0.18,0.802,1.000,-1.63,0,25,0,88.9,266.3,197.3,195.2,0.00,1,60.4,36.3
76.40,cruise,341.44,8.56,0.800,1,2337.4,2992.5,-452.3,-2637.1,-74.97,-100.37,170,181,-1,55.4,50.2,20.3,56.0,-0.13,-0.04,1.00,0.00,0.00,0.00,-111.40,54.06,98,-1,0,13,-12.5,0.11,0.801,0.942,-0.68,0,25,0,87.3,263.9,203.8,201.0,0.00,1,82.5,29.1
76.50,cruise,341.55,8.45,0.800,1,2337.4,2992.5,-444.9,-2627.0,-74.97,-100.37,172,181,-1,55.9,49.4,29.6,55.0,-0.02,0.12,1.00,0.00,0.00,0.00,-110.17,59.65,98,-1,0,6,-12.5,0.37,0.807,0.917,0.53,0,25,0,87.3,265.8,212.4,207.4,0.00,1,82.5,29.1
76.60,cruise,341.67,8.33,0.800,1,2321.9,2972.2,-437.2,-2616.9,-78.57,-102.39,173,181,-1,56.4,48.4,41.7,56.5,0.15,0.27,1.00,0.00,0.00,0.00,-109.63,64.33,98,-1,1,-1,-32.4,0.51,0.813,1.000,1.83,0,25,0,89.0,268.9,222.5,214.8,0.00,1,105.9,4.0
76.70,cruise,341.79,8.21,0.800,1,2321.9,2972.2,-429.4,-2606.7,-78.57,-102.39,174,178,-1,56.8,47.6,54.4,60.6,0.30,0.38,1.00,0.00,0.00,0.00,-110.20,67.19,98,-1,1,-10,-32.4,0.46,0.810,1.000,2.96,0,25,0,92.1,271.6,233.1,223.2,0.00,1,105.9,4.0
76.80,cruise,341.93,8.07,0.800,1,2314.0,2961.9,-421.5,-2596.4,-79.80,-104.50,175,178,-1,57.1,47.0,65.7,66.5,0.37,0.43,1.00,0.00,0.00,0.00,-111.66,69.44,98,-1,1,-19,-30.6,0.23,0.803,1.000,3.64,0,25,0,96.1,273.1,243.0,232.8,0.00,1,101.6,-0.1
76.90,cruise,342.06,7.94,0.800,1,2297.8,2940.3,-413.4,-2585.7,-80.77,-109.95,175,178,-1,57.2,46.9,74.3,72.9,0.36,0.40,1.00,0.00,0.00,0.00,-113.62,70.93,98,-1,1,-29,-12.2,-0.13,0.801,1.000,3.64,0,25,0,99.5,273.2,251.6,242.9,0.00,1,70.3,14.0
77.00,cruise,342.18,7.82,0.800,1,2289.8,2929.1,-405.3,-2574.8,-80.68,-112.94,175,178,-1,57.3,47.3,79.4,77.7,0.29,0.30,1.00,0.00,0.00,0.00,-115.99,71.83,98,-1,1,-38,-4.0,-0.52,0.813,1.000,2.91,0,25,0,97.5,271.6,258.1,251.8,0.00,1,46.4,29.8
77.10,cruise,342.28,7.72,0.800,1,2281.7,2917.6,-397.3,-2563.6,-80.33,-115.93,182,193,-1,57.2,47.9,80.7,78.8,0.16,0.14,1.00,0.00,0.00,0.00,-110.23,84.35,98,-1,1,-44,-1.7,-0.60,0.818,1.000,1.63,0,25,0,77.1,268.2,262.1,257.7,0.00,1,21.2,49.6
77.20,cruise,342.37,7.63,0.800,1,2273.7,2905.7,-389.2,-2552.1,-79.72,-119.00,196,193,-1,57.2,48.2,77.9,75.0,0.00,-0.05,1.00,0.00,0.00,0.00,-89.46,109.04,98,-1,0,-46,-6.2,-0.60,0.818,0.861,0.10,0,25,0,41.3,262.7,263.6,260.0,0.00,1,-1.9,71.2
77.30,cruise,342.47,7.53,0.800,1,2265.8,2893.6,-381.2,-2540.2,-78.66,-121.82,201,193,-1,57.4,48.0,71.9,66.2,-0.17,-0.24,1.00,0.00,0.00,0.00,-82.27,117.25,98,-1,1,-45,-15.8,-0.60,0.818,1.000,-1.30,0,25,0,26.3,255.2,262.6,258.5,0.00,1,-17.6,87.9
77.40,cruise,342.60,7.40,0.800,1,2265.8,2893.6,-373.3,-2528.1,-78.66,-121.82,203,193,-1,58.0,47.1,65.1,53.9,-0.30,-0.35,1.00,0.00,0.00,0.00,-82.33,119.37,98,-1,1,-41,-15.8,-0.48,0.812,1.000,-2.17,0,25,0,22.9,246.3,259.5,254.3,0.00,1,-17.6,87.9
77.50,cruise,342.75,7.25,0.800,1,2250.5,2868.6,-365.6,-2515.7,-75.32,-126.74,217,247,-1,59.0,45.0,59.7,39.9,-0.37,-0.34,1.00,0.00,0.00,0.00,-54.18,136.12,98,-1,1,-35,-45.0,-0.12,0.801,1.000,-2.27,0,25,0,23.2,237.5,254.8,248.3,0.00,1,-14.7,87.0
77.60,cruise,342.92,7.08,0.800,1,2243.2,2855.8,-358.0,-2503.1,-72.95,-128.32,229,247,-1,60.3,41.0,57.0,25.0,-0.40,-0.23,1.00,0.00,0.00,0.00,-26.70,144.99,98,-1,1,-27,-61.3,0.37,0.807,1.000,-1.59,0,25,0,25.2,230.0,248.4,240.2,0.00,1,-2.4,73.3
77.70,cruise,343.12,6.88,0.800,1,2243.2,2855.8,-350.7,-2490.3,-72.95,-128.32,236,247,-1,61.7,37.0,56.7,9.2,-0.41,-0.08,1.00,0.00,0.00,0.00,-10.00,147.27,98,-1,1,-16,-61.3,0.60,0.818,1.000,-0.34,0,25,0,28.6,224.8,241.3,229.3,0.00,1,-2.4,73.3
77.80,cruise,343.36,6.64,0.800,1,2236.1,2842.9,-343.6,-2477.4,-70.14,-129.46,240,247,-1,62.8,33.0,58.4,-6.9,-0.39,0.06,1.00,0.00,0.00,0.00,-4.65,147.17,98,-1,1,-2,-72.5,0.60,0.818,1.000,1.12,0,25,0,32.9,222.9,235.2,215.7,0.00,1,12.6,52.4
77.90,cruise,343.64,6.36,0.800,1,2229.3,2829.9,-336.8,-2464.4,-66.97,-130.17,238,233,-1,63.6,29.0,61.2,-21.7,-0.35,0.16,1.00,0.00,0.00,0.00,-11.06,145.97,98,-1,1,13,-74.7,0.60,0.818,1.000,2.48,0,25,0,37.5,224.8,232.4,200.5,0.00,1,27.6,25.7
78.00,cruise,343.96,6.04,0.800,1,2222.9,2816.8,-330.4,-2451.3,-63.37,-130.87,236,233,-1,63.9,25.0,64.0,-33.0,-0.28,0.18,1.00,0.00,0.00,0.00,-20.74,143.92,98,-1,1,28,-66.9,0.60,0.818,1.000,3.51,0,25,0,42.1,230.3,233.1,185.8,0.00,1,37.5,-5.8
78.10,cruise,344.32,5.68,0.800,1,2216.8,2803.7,-324.3,-2438.2,-59.68,-131.75,233,233,-1,64.1,21.0,66.1,-39.1,-0.18,0.13,1.00,0.00,0.00,0.00,-31.02,141.27,98,-1,1,40,-51.9,0.60,0.818,1.000,4.09,0,25,0,47.2,238.4,236.4,173.4,0.00,1,40.4,-38.0
78.20,cruise,344.71,5.29,0.800,1,2211.1,2790.4,-318.6,-2424.9,-56.34,-133.07,231,233,-1,64.3,17.0,67.1,-39.4,-0.06,0.06,1.00,0.00,0.00,0.00,-39.74,138.93,98,-1,0,49,-32.1,0.60,0.818,0.916,4.29,0,25,0,54.4,248.1,240.7,164.6,0.00,1,37.3,-67.6
78.30,cruise,345.09,4.91,0.800,1,2200.5,2763.4,-313.2,-2411.5,-51.15,-136.85,228,203,-1,64.6,13.0,67.3,-33.3,0.06,0.00,1.00,0.00,0.00,0.00,-51.54,135.47,98,-1,0,54,13.0,0.60,0.818,0.867,4.31,0,25,0,67.1,258.7,244.6,160.2,0.00,1,23.4,-115.1
78.40,cruise,345.44,4.56,0.800,1,2200.5,2763.4,-308.0,-2397.9,-51.15,-136.85,226,203,-1,65.1,9.0,67.4,-19.9,0.16,0.00,1.00,0.00,0.00,0.00,-58.67,133.80,98,-1,0,52,13.0,0.54,0.814,0.945,4.34,0,25,0,89.6,269.8,247.4,161.8,0.00,1,23.4,-115.1
78.50,cruise,345.71,4.29,0.800,1,2195.5,2749.5,-303.0,-2384.0,-49.83,-139.31,227,203,-1,65.6,5.0,68.4,2.0,0.25,0.07,1.00,0.00,0.00,0.00,-59.68,135.38,98,-1,1,42,35.7,0.09,0.800,1.000,4.47,0,25,0,115.7,280.9,248.3,171.7,0.00,1,17.5,-126.6
78.60,cruise,345.90,4.10,0.783,1,2190.5,2735.4,-298.0,-2369.9,-49.66,-141.68,230,203,-1,65.9,1.0,70.5,30.5,0.35,0.17,1.00,0.00,0.00,0.00,-52.08,140.81,98,-1,1,25,58.3,-0.60,0.801,1.000,4.65,0,25,0,131.3,290.8,246.6,189.0,0.00,1,13.0,-126.6
78.70,cruise,346.01,3.99,0.771,1,2180.3,2706.5,-293.0,-2355.5,-52.29,-145.99,220,134,-1,65.8,5.0,73.5,55.6,0.42,0.24,1.00,0.00,0.00,0.00,-78.13,131.15,98,-1,1,10,90.3,-0.60,0.789,1.000,4.73,0,25,0,135.9,298.9,241.9,204.1,0.00,1,-0.8,-103.2
78.80,cruise,346.08,3.92,0.777,1,2174.9,2691.8,-287.8,-2341.0,-54.58,-147.48,211,134,-1,65.1,9.0,77.1,71.6,0.45,0.27,1.00,0.00,0.00,0.00,-98.66,119.63,98,-1,1,3,88.8,-0.60,0.794,1.000,4.48,0,25,0,134.6,304.9,234.8,211.2,0.00,1,-10.5,-83.9
78.90,cruise,346.12,3.88,0.800,1,2174.9,2691.8,-282.4,-2326.3,-54.58,-147.48,204,134,-1,63.8,13.0,80.6,80.3,0.42,0.23,1.00,0.00,0.00,0.00,-112.84,109.53,98,-1,1,1,88.8,-0.60,0.818,1.000,3.75,0,25,0,130.3,308.7,226.6,212.3,0.00,1,-10.5,-83.9
79.00,cruise,346.14,3.86,0.800,1,2163.4,2662.0,-276.8,-2311.4,-59.94,-149.15,199,134,-1,62.3,17.0,82.7,84.3,0.35,0.14,1.00,0.00,0.00,0.00,-122.39,101.59,98,-1,1,4,63.8,-0.60,0.818,1.000,2.50,0,25,0,124.7,310.8,218.7,210.0,0.00,1,-38.1,-35.0
79.10,cruise,346.13,3.87,0.800,1,2157.1,2647.1,-270.9,-2296.5,-62.93,-149.77,195,151,-1,61.1,21.0,81.3,84.7,0.22,0.03,1.00,0.00,0.00,0.00,-129.26,95.56,98,-1,1,8,46.2,-0.60,0.818,1.000,0.89,0,25,0,118.9,311.9,211.7,205.7,0.00,1,-51.2,-7.7
79.20,cruise,346.08,3.92,0.800,1,2157.1,2647.1,-264.6,-2281.6,-62.93,-149.77,191,151,-1,61.1,25.0,74.6,82.1,0.06,-0.09,1.00,0.00,0.00,0.00,-134.89,90.52,98,-1,0,14,46.2,-0.60,0.818,0.937,-0.82,0,25,0,113.7,312.8,205.3,200.1,0.00,1,-51.2,-7.7
79.30,cruise,346.03,3.97,0.800,1,2143.8,2617.1,-258.1,-2266.6,-69.35,-150.03,188,151,-1,62.2,29.0,61.9,76.9,-0.13,-0.21,1.00,0.00,0.00,0.00,-139.65,86.03,98,-1,1,20,11.2,-0.17,0.801,1.000,-2.31,0,25,0,109.5,314.8,199.6,193.8,0.00,1,-64.5,41.4
79.40,cruise,345.98,4.02,0.800,1,2143.8,2617.1,-251.3,-2251.6,-69.35,-150.03,185,151,-1,63.8,33.0,47.6,70.0,-0.27,-0.29,1.00,0.00,0.00,0.00,-143.66,81.73,98,-1,1,26,11.2,0.30,0.805,1.000,-3.29,0,25,0,107.0,319.8,194.5,187.4,0.00,1,-64.5,41.4
79.50,cruise,345.95,4.05,0.800,1,2136.6,2602.1,-244.1,-2236.6,-72.42,-149.68,183,164,-1,65.2,30.7,37.0,62.9,-0.32,-0.33,1.00,0.00,0.00,0.00,-146.12,79.35,98,-1,1,32,-4.9,0.60,0.818,1.000,-3.57,0,25,0,106.4,328.8,190.1,181.3,0.00,1,-60.3,50.8
79.60,cruise,345.95,4.05,0.800,1,2129.1,2587.2,-236.6,-2221.7,-75.41,-148.97,181,164,-1,65.8,26.7,30.6,56.6,-0.28,-0.33,1.00,0.00,0.00,0.00,-148.04,77.22,98,-1,1,38,-16.0,0.60,0.818,1.000,-3.08,0,25,0,107.3,339.0,186.8,176.1,0.00,1,-50.9,48.6
79.70,cruise,346.00,4.00,0.800,1,2113.4,2557.7,-228.9,-2206.9,-80.42,-146.43,179,164,-1,66.0,22.7,27.3,51.9,-0.18,-0.30,1.00,0.00,0.00,0.00,-149.31,75.19,98,-1,1,41,-12.8,0.60,0.818,1.000,-1.90,0,25,0,108.7,345.9,184.9,172.3,0.00,1,-17.0,23.8
79.80,cruise,346.13,3.87,0.800,1,2113.4,2557.7,-220.9,-2192.2,-80.42,-146.43,177,164,-1,66.0,18.7,26.1,49.4,-0.02,-0.26,1.00,0.00,0.00,0.00,-150.03,73.48,98,-1,1,43,-12.8,0.60,0.818,1.000,-0.23,0,25,0,109.5,347.7,184.4,170.7,0.00,1,-17.0,23.8
79.90,cruise,346.34,3.66,0.800,1,2096.8,2528.7,-212.7,-2177.6,-84.46,-143.61,176,161,-1,66.2,14.7,26.8,49.4,0.15,-0.20,1.00,0.00,0.00,0.00,-150.77,71.48,98,-1,1,42,13.1,0.60,0.818,1.000,1.60,0,25,0,109.3,344.3,185.6,171.7,0.00,1,29.3,-4.9
80.00,cruise,346.63,3.37,0.734,1,2088.2,2514.5,-204.3,-2163.2,-86.75,-142.38,174,161,-1,66.6,10.7,29.1,51.3,0.33,-0.15,1.00,0.00,0.00,0.00,-151.10,70.19,98,-1,1,38,29.3,0.50,0.745,1.000,3.38,0,25,0,107.8,334.0,188.9,175.8,0.00,1,53.0,-7.2
80.10,cruise,347.02,2.98,0.686,1,2088.2,2514.5,-195.7,-2149.0,-86.75,-142.38,174,161,-1,67.0,10.8,32.0,54.2,0.43,-0.13,1.00,0.00,0.00,0.00,-151.28,70.08,98,-1,1,31,29.3,0.03,0.686,1.000,4.92,0,25,0,104.9,316.1,194.3,182.8,0.00,1,53.0,-7.2
80.20,cruise,347.54,2.46,0.651,1,2079.3,2500.3,-186.8,-2134.8,-89.03,-141.42,173,161,-1,67.0,14.8,33.8,56.7,0.42,-0.17,1.00,0.00,0.00,0.00,-151.45,70.63,98,-1,1,21,45.5,-0.48,0.660,1.000,6.06,0,25,0,100.2,294.6,201.5,192.2,0.00,1,70.2,2.6
80.30,cruise,348.19,1.81,0.602,1,2061.0,2472.1,-177.8,-2120.7,-93.08,-140.98,174,177,-1,66.7,18.8,33.8,57.3,0.28,-0.26,1.00,0.00,0.00,0.00,-150.25,74.87,98,-1,0,10,60.0,-0.60,0.615,0.941,6.66,0,25,0,93.3,275.7,210.0,203.2,0.00,1,93.6,55.0
80.40,cruise,348.98,1.02,0.521,1,2051.6,2458.0,-168.5,-2106.6,-94.57,-141.42,174,177,-1,66.5,22.8,32.9,55.1,0.03,-0.36,1.00,0.00,0.00,0.00,-149.59,78.50,98,-1,0,-2,52.2,-0.60,0.532,0.731,6.90,0,25,0,82.8,261.3,219.7,215.2,0.00,1,108.3,85.9
80.50,cruise,349.87,0.13,0.429,1,2051.6,2458.0,-159.1,-2092.5,-94.57,-141.42,175,177,-1,66.8,26.8,34.1,50.6,-0.28,-0.34,1.00,0.00,0.00,0.00,-149.46,81.26,98,-1,0,-14,52.2,-0.60,0.439,0.702,7.10,0,25,0,66.4,250.1,230.4,228.0,0.00,1,108.3,85.9
80.60,cruise,350.77,-0.77,0.361,1,2042.1,2443.8,-149.6,-2078.3,-95.32,-141.94,175,177,-1,67.6,30.8,39.1,45.6,-0.41,-0.03,1.00,0.00,0.00,0.00,-149.53,82.90,98,-1,0,-28,36.5,-0.60,0.369,0.527,7.40,0,25,0,43.4,240.8,242.1,241.2,0.00,1,126.2,106.0
80.70,cruise,351.56,-1.56,0.353,1,2032.5,2429.6,-140.0,-2064.1,-95.10,-142.38,185,251,-1,68.6,34.8,47.9,42.2,-0.17,0.56,1.00,0.00,0.00,0.00,-133.19,107.59,98,-1,0,-41,16.6,-0.60,0.361,0.618,7.69,0,25,0,19.2,232.2,254.9,254.3,0.00,1,141.9,109.8
80.80,cruise,352.17,-2.17,0.407,1,2013.8,2401.1,-130.6,-2049.8,-92.42,-142.38,198,251,-1,69.8,38.8,59.1,41.8,0.14,1.00,1.00,0.00,0.00,0.00,-106.37,133.61,98,-1,1,-54,-23.9,-0.60,0.416,0.833,7.79,0,25,0,2.0,223.6,267.9,267.7,0.00,1,147.2,90.0
80.90,cruise,352.62,-2.62,0.390,1,2013.8,2401.1,-121.3,-2035.6,-92.42,-142.38,215,251,-1,71.0,42.8,70.8,45.2,0.31,1.00,1.00,0.00,0.00,0.00,-64.93,156.84,98,-1,1,-69,-23.9,-0.32,0.392,0.785,7.55,0,25,0,353.5,214.3,279.5,282.2,0.00,1,147.2,90.0
81.00,cruise,352.99,-2.99,0.415,1,2004.7,2386.9,-112.2,-2021.4,-90.26,-142.21,235,251,-1,72.1,45.9,80.9,52.8,0.28,1.00,1.00,0.00,0.00,0.00,-6.89,168.29,98,-1,1,-86,-42.2,0.04,0.415,0.831,6.86,0,25,0,352.1,204.4,287.0,299.3,0.00,1,127.5,84.8
81.00,end:/fly.lua:3141: tumbled (89; 77) - thrust cut. Sable rates x 99 y -60 z 83 deg/s,0,0,0,0,0,0,0,0,0,0,0,0,0,0,0,0,0,0,0,0,0,0,0,0,0,0,0,0,0,0,0,0,0,0,0,0,0,0,0,0,0,0,0,0,0
