t,phase,height,err,pwr,gps,x,z,ex,ez,vxw,vzw,hdg,rawhdg,mothdg,tp,tr,p,r,vx,vy,sched,fwdRaw,latRaw,vrtRaw,fwdH,latH,energy,fuel,sat,yerr,yrate,ydem,athr,amax,vv,dockc,npers,chg,nav1,nav3,nav2,trihdg,trires,aimq,wx,wz
0.00,climb,77.50,272.50,0.378,1,2400.5,-3266.1,-1442.0,3771.6,0.00,0.00,232,232,-1,0.0,0.0,0.0,-0.0,-0.00,0.00,0.00,0.00,0.00,0.00,0.00,0.00,-1,-1,0,-2,0.0,-0.01,0.378,0.378,0.00,0,0,0,36.6,180.0,180.0,233.4,0.00,0,0.0,0.0
0.10,climb,77.50,272.50,0.642,1,2400.5,-3266.1,-1442.0,3771.6,0.00,0.00,232,232,-1,0.0,0.0,0.0,-0.0,-0.00,0.00,0.00,0.00,0.00,0.00,0.00,0.00,-1,-1,0,-4,0.0,-0.03,0.643,0.643,0.00,0,0,0,36.6,180.0,180.0,233.4,0.00,0,0.0,0.0
0.20,climb,77.50,272.50,0.917,1,2400.5,-3266.1,-1442.0,3771.6,0.00,0.00,232,232,-1,0.0,0.0,-0.0,0.0,0.00,-0.00,0.00,0.00,0.00,0.00,0.00,0.00,-1,-1,0,-7,0.0,-0.05,0.918,0.918,0.00,0,0,0,36.6,180.0,180.0,233.4,0.00,0,0.0,0.4
0.30,climb,77.50,272.50,1.000,1,2400.5,-3266.1,-1442.0,3771.6,0.00,0.00,232,232,-1,0.0,0.0,-0.0,-0.0,-0.00,-0.00,0.00,0.00,0.00,0.00,0.00,0.00,-1,-1,1,-11,0.0,-0.07,1.000,1.000,0.00,0,0,0,36.6,180.0,180.0,233.4,0.00,0,0.0,0.4
0.40,climb,77.53,272.47,1.000,1,2400.5,-3266.1,-1442.0,3771.6,0.00,0.00,232,232,-1,0.0,0.0,-0.0,-0.0,-0.00,-0.00,0.00,0.00,0.00,0.00,0.00,0.00,-1,-1,1,-14,-0.0,-0.09,1.000,1.000,0.17,0,0,0,36.6,180.0,180.0,233.4,0.00,0,-0.2,0.1
0.50,climb,77.68,272.32,1.000,1,2400.5,-3266.1,-1442.0,3771.6,0.00,0.00,232,232,-1,0.0,0.0,-0.0,-0.0,-0.00,-0.00,0.00,0.00,0.00,0.00,0.00,0.00,-1,-1,1,-17,0.0,-0.12,1.000,1.000,1.07,0,0,0,36.6,180.0,180.0,233.4,0.00,0,0.0,0.0
0.60,climb,78.02,271.98,1.000,1,2400.5,-3266.1,-1442.0,3771.6,0.00,0.09,232,232,-1,0.0,0.0,-0.1,-0.0,0.00,-0.00,0.00,0.00,0.00,0.00,0.00,0.00,-1,-1,1,-20,-2.3,-0.13,1.000,1.000,2.84,0,0,0,36.6,180.0,180.0,233.4,0.00,0,-0.1,-0.4
0.70,climb,78.63,271.37,1.000,1,2400.5,-3266.1,-1442.0,3771.6,0.00,0.09,232,232,-1,0.0,0.0,-0.1,0.0,0.01,-0.00,0.00,0.00,0.00,0.00,0.05,-0.07,-1,-1,1,-23,-6.1,-0.13,1.000,1.000,5.37,0,0,0,36.6,180.0,180.0,233.4,0.00,0,-0.0,-0.6
0.80,climb,79.50,270.50,1.000,1,2400.5,-3266.1,-1442.0,3771.6,0.00,0.09,232,231,-1,0.0,0.0,-0.1,0.1,0.01,-0.00,0.00,0.00,0.00,0.00,0.05,-0.07,100,-1,1,-25,-11.0,-0.10,1.000,1.000,8.07,0,28,0,37.7,180.0,180.0,232.3,0.00,0,-0.1,-0.8
0.90,climb,80.64,269.36,1.000,1,2400.5,-3266.1,-1442.0,3771.6,0.00,0.09,232,231,-1,0.0,0.0,-0.1,0.2,0.01,-0.00,0.00,0.00,0.00,0.00,0.05,-0.07,100,-1,1,-28,-11.0,-0.07,1.000,1.000,10.73,0,28,0,37.7,180.0,180.0,232.3,0.00,0,-0.1,-0.8
1.00,climb,82.04,267.96,1.000,1,2400.5,-3266.0,-1442.0,3771.6,-0.09,0.09,232,231,-1,0.0,0.0,-0.1,0.2,0.01,-0.00,0.00,0.00,0.00,0.00,0.05,-0.07,100,-1,1,-31,-20.2,-0.02,1.000,1.000,13.36,0,28,0,37.7,180.0,180.0,232.3,0.00,0,-0.4,-0.0
1.10,climb,83.70,266.30,1.000,1,2400.5,-3266.0,-1442.0,3771.5,-0.09,0.09,232,231,-1,0.0,0.0,-0.1,0.2,0.00,-0.01,0.00,0.00,0.00,0.00,0.12,-0.01,100,-1,1,-34,-20.2,0.01,1.000,1.000,15.97,0,28,0,37.7,180.0,180.0,232.3,0.00,0,-0.4,-0.0
1.20,climb,85.62,264.38,1.000,1,2400.5,-3266.0,-1442.0,3771.5,-0.09,0.00,231,224,-1,0.0,0.0,-0.2,0.1,-0.01,-0.01,0.00,0.00,0.00,0.00,0.07,0.06,100,-1,1,-36,-22.6,0.02,1.000,1.000,18.55,0,28,0,45.0,179.9,179.9,225.0,0.00,0,-0.6,0.8
1.30,climb,87.80,262.20,1.000,1,2400.5,-3266.0,-1442.0,3771.5,-0.18,0.00,230,224,-1,0.0,0.0,-0.3,-0.0,-0.02,-0.02,0.00,0.00,0.00,0.00,0.13,0.11,100,-1,1,-38,-23.1,0.02,1.000,1.000,21.11,0,28,0,45.0,179.9,179.9,225.0,0.00,0,-1.0,1.7
1.40,climb,90.23,259.77,1.000,1,2400.5,-3266.0,-1442.0,3771.5,-0.18,0.00,229,224,-1,0.0,0.0,-0.4,-0.2,-0.03,-0.02,0.00,0.00,0.00,0.00,0.13,0.12,100,-1,1,-40,-23.1,-0.00,1.000,1.000,23.64,0,28,0,45.0,179.9,179.9,225.0,0.00,0,-1.0,1.7
1.50,climb,92.91,257.09,1.000,1,2400.4,-3266.0,-1442.0,3771.5,-0.18,0.09,228,224,-1,0.0,0.0,-0.5,-0.4,-0.03,-0.03,0.00,0.00,0.00,0.00,0.13,0.12,100,-1,1,-42,-21.2,-0.03,1.000,1.000,26.14,0,28,0,45.0,179.9,179.9,225.0,0.00,0,-1.5,2.2
1.60,climb,95.84,254.16,1.000,1,2400.4,-3266.0,-1441.9,3771.5,-0.18,0.18,226,215,-1,0.0,0.0,-0.7,-0.6,-0.04,-0.03,0.00,0.00,0.00,0.00,0.19,0.06,100,-1,1,-43,-20.3,-0.05,1.000,1.000,28.62,0,28,0,54.0,178.5,178.9,216.0,0.00,0,-1.6,2.2
1.70,climb,99.01,250.99,1.000,1,2400.4,-3266.0,-1441.9,3771.5,-0.18,0.18,224,215,-1,0.0,0.0,-0.9,-0.7,-0.03,-0.04,0.00,0.00,0.00,0.00,0.25,0.00,100,-1,1,-45,-20.3,-0.07,1.000,1.000,31.07,0,28,0,54.0,178.5,178.9,216.0,0.00,0,-1.6,2.2
1.80,climb,102.42,247.58,1.000,1,2400.4,-3266.0,-1441.9,3771.5,-0.18,0.26,223,215,-1,0.0,0.0,-1.0,-0.8,-0.02,-0.03,0.00,0.00,0.00,0.00,0.31,-0.05,100,-1,1,-46,-20.7,-0.08,1.000,1.000,33.50,0,28,0,54.0,178.5,178.9,216.0,0.00,0,-1.2,1.6
1.90,climb,106.07,243.93,1.000,1,2400.4,-3265.9,-1441.9,3771.5,-0.09,0.62,222,215,-1,0.0,0.0,-1.1,-0.8,-0.01,-0.02,0.00,0.00,0.00,0.00,0.44,-0.16,100,-1,1,-48,-23.1,-0.08,1.000,1.000,35.90,0,28,0,54.0,178.5,178.9,216.0,0.00,0,0.5,-0.4
2.00,climb,109.95,240.05,1.000,1,2400.4,-3265.8,-1441.9,3771.4,-0.09,0.79,220,206,-1,0.0,0.0,-1.0,-0.7,0.01,-0.00,0.00,0.00,0.00,0.00,0.53,-0.32,100,-1,1,-49,-24.6,-0.06,1.000,1.000,38.28,0,28,0,62.6,177.3,178.6,207.4,0.00,0,1.5,-1.7
2.10,climb,114.07,235.93,1.000,1,2400.4,-3265.8,-1441.9,3771.3,-0.09,0.79,218,206,-1,0.0,0.0,-0.9,-0.5,0.03,0.01,0.00,0.00,0.00,0.00,0.68,-0.41,100,-1,1,-50,-24.6,-0.05,1.000,1.000,40.63,0,28,0,62.6,177.3,178.6,207.4,0.00,0,1.5,-1.7
2.20,climb,118.42,231.58,1.000,1,2400.4,-3265.7,-1441.9,3771.2,0.00,0.88,216,206,-1,0.0,0.0,-0.6,-0.1,0.05,0.03,0.00,0.00,0.00,0.00,0.71,-0.51,100,-1,1,-51,-25.9,-0.05,1.000,1.000,42.96,0,28,0,62.6,177.3,178.6,207.4,0.00,0,2.5,-2.9
2.30,climb,122.99,227.01,1.000,1,2400.4,-3265.6,-1441.9,3771.1,0.00,0.97,214,206,-1,0.0,0.0,-0.3,0.2,0.06,0.04,0.00,0.00,0.00,0.00,0.80,-0.55,100,-1,1,-53,-26.2,-0.05,1.000,1.000,45.26,0,28,0,62.6,177.3,178.6,207.4,0.00,0,3.0,-3.6
2.40,climb,127.80,222.20,0.931,1,2400.4,-3265.5,-1441.9,3771.1,-0.18,0.97,212,196,-1,0.0,0.0,-0.0,0.5,0.05,0.05,0.00,0.00,0.00,0.00,0.87,-0.43,100,-1,0,-53,-26.5,-0.05,0.931,0.970,47.55,0,28,0,73.0,180.5,180.2,197.0,0.00,0,2.4,-1.9
2.50,climb,132.84,217.16,0.802,1,2400.3,-3265.4,-1441.9,3771.0,-0.26,0.79,209,196,-1,0.0,0.0,0.2,0.7,0.03,0.04,0.00,0.00,0.00,0.00,0.93,-0.32,100,-1,0,-53,-26.8,-0.06,0.803,0.829,49.81,0,28,0,73.0,180.5,180.2,197.0,0.00,0,1.4,0.2
2.60,climb,138.07,211.93,0.677,1,2400.3,-3265.4,-1441.8,3770.9,-0.26,0.79,207,196,-1,0.0,0.0,0.4,0.6,-0.01,0.02,0.00,0.00,0.00,0.00,0.82,-0.13,100,-1,0,-54,-26.8,-0.06,0.677,0.690,51.86,0,28,0,73.0,180.5,180.2,197.0,0.00,0,1.4,0.2
2.70,climb,143.45,206.55,0.569,1,2400.3,-3265.3,-1441.8,3770.8,-0.35,0.70,206,196,-1,0.0,0.0,0.3,0.3,-0.04,-0.00,0.00,0.00,0.00,0.00,0.79,0.01,100,-1,0,-56,-27.3,-0.06,0.569,0.585,53.44,0,28,0,73.0,180.5,180.2,197.0,0.00,0,-0.1,2.1
2.80,climb,148.93,201.07,0.481,1,2400.2,-3265.2,-1441.8,3770.7,-0.44,0.62,202,185,-1,0.0,0.0,0.1,-0.0,-0.05,-0.03,0.00,0.00,0.00,0.00,0.74,0.17,100,-1,0,-56,-27.6,-0.06,0.481,0.513,54.52,0,28,0,83.9,181.1,180.1,186.1,0.00,0,-2.5,3.3
2.85,climb,151.69,198.31,0.441,1,2400.2,-3265.1,-1441.7,3770.7,-0.44,0.53,200,185,-1,0.0,0.0,-0.0,-0.2,-0.05,-0.04,0.00,0.00,0.00,0.00,0.73,0.20,100,-1,0,-54,-27.1,-0.05,0.441,0.481,54.95,0,28,0,83.9,181.1,180.1,186.1,0.00,0,-2.9,3.3
2.95,climb,157.22,192.78,0.391,1,2400.2,-3265.1,-1441.7,3770.6,-0.35,0.53,198,185,-1,0.0,0.0,-0.3,-0.5,-0.05,-0.05,0.00,0.00,0.00,0.00,0.64,0.26,100,-1,0,-55,-26.6,-0.06,0.391,0.431,55.19,0,28,0,83.9,181.1,180.1,186.1,0.00,0,-2.5,2.7
3.05,climb,162.74,187.26,0.349,1,2400.2,-3265.1,-1441.7,3770.6,-0.35,0.53,196,185,-1,0.0,0.0,-0.6,-0.7,-0.04,-0.05,0.00,0.00,0.00,0.00,0.60,0.20,100,-1,0,-56,-26.6,-0.07,0.349,0.385,55.20,0,28,0,83.9,181.1,180.1,186.1,0.00,0,-2.5,2.7
3.15,climb,168.24,181.76,0.315,1,2400.1,-3265.0,-1441.6,3770.5,-0.26,0.62,193,176,-1,0.0,0.0,-0.8,-0.9,-0.03,-0.04,0.00,0.00,0.00,0.00,0.57,0.14,100,-1,0,-56,-25.4,-0.08,0.315,0.344,55.03,0,28,0,93.2,13.5,179.2,176.8,0.00,0,-1.4,1.0
3.25,climb,173.69,176.31,0.289,1,2400.1,-3264.9,-1441.6,3770.5,-0.18,0.62,190,176,-1,0.0,0.0,-1.0,-0.9,-0.02,-0.03,0.00,0.00,0.00,0.00,0.65,0.15,100,-1,0,-57,-24.9,-0.09,0.290,0.310,54.66,0,28,0,93.2,13.5,179.2,176.8,0.00,0,-0.7,0.2
3.35,climb,179.10,170.90,0.269,1,2400.1,-3264.9,-1441.6,3770.4,-0.18,0.62,188,176,-1,0.0,0.0,-1.1,-0.8,-0.00,-0.03,0.00,0.00,0.00,0.00,0.63,0.09,100,-1,0,-58,-24.9,-0.10,0.269,0.280,54.17,0,28,0,93.2,13.5,179.2,176.8,0.00,0,-0.7,0.2
3.45,climb,184.44,165.56,0.253,1,2400.1,-3264.9,-1441.6,3770.4,-0.09,0.62,186,176,-1,0.0,0.0,-1.1,-0.7,0.01,-0.02,0.00,0.00,0.00,0.00,0.62,0.02,100,-1,0,-59,-24.4,-0.12,0.253,0.264,53.59,0,28,0,93.2,13.5,179.2,176.8,0.00,0,-0.2,-0.5
3.55,climb,189.71,160.29,0.240,1,2400.1,-3264.7,-1441.6,3770.3,0.00,0.70,183,166,-1,0.0,0.0,-1.1,-0.6,0.01,-0.01,0.00,0.00,0.00,0.00,0.71,0.05,100,-1,0,-59,-23.6,-0.12,0.241,0.248,52.92,0,28,0,103.0,4.0,179.1,167.0,0.00,0,1.1,-1.1
3.65,climb,194.90,155.10,0.234,1,2400.1,-3264.7,-1441.6,3770.2,0.00,0.70,180,166,-1,0.0,0.0,-1.0,-0.4,0.02,0.00,0.00,0.00,0.00,0.00,0.70,-0.01,99,-1,0,-59,-23.3,-0.13,0.234,0.243,52.13,0,28,0,103.0,4.0,179.1,167.0,0.00,0,1.3,-1.2
3.75,climb,200.00,150.00,0.230,1,2400.1,-3264.6,-1441.6,3770.2,0.00,0.70,178,166,-1,0.0,0.0,-0.9,-0.3,0.02,0.01,0.00,0.00,0.00,0.00,0.70,0.02,99,-1,0,-60,-23.1,-0.14,0.230,0.242,51.29,0,28,0,103.0,4.0,179.1,167.0,0.00,0,1.4,-1.2
3.85,climb,205.03,144.97,0.226,1,2400.1,-3264.6,-1441.6,3770.1,0.00,0.70,176,166,-1,0.0,0.0,-0.7,-0.1,0.02,0.01,0.00,0.00,0.00,0.00,0.70,0.04,99,-1,0,-61,-23.1,-0.15,0.226,0.239,50.45,0,28,0,103.0,4.0,179.1,167.0,0.00,0,1.4,-1.2
3.95,climb,209.97,140.03,0.221,1,2400.1,-3264.4,-1441.6,3770.0,0.00,0.70,173,157,-1,0.0,0.0,-0.6,-0.0,0.02,0.01,0.00,0.00,0.00,0.00,0.70,0.08,99,-1,0,-61,-22.8,-0.15,0.221,0.234,49.63,0,28,0,112.3,1.4,179.4,157.7,0.00,0,1.5,-0.9
4.05,climb,214.83,135.17,0.216,1,2400.1,-3264.4,-1441.6,3769.9,0.00,0.70,171,157,-1,0.0,0.0,-0.4,0.1,0.02,0.02,0.00,0.00,0.00,0.00,0.69,0.11,99,-1,0,-61,-22.8,-0.16,0.216,0.229,48.81,0,28,0,112.3,1.4,179.4,157.7,0.00,0,1.5,-0.9
4.15,climb,219.61,130.39,0.210,1,2400.1,-3264.3,-1441.6,3769.9,0.00,0.70,169,157,-1,0.0,0.0,-0.3,0.2,0.01,0.02,0.00,0.00,0.00,0.00,0.69,0.14,99,-1,0,-62,-22.9,-0.16,0.210,0.223,48.01,0,28,0,112.3,1.4,179.4,157.7,0.00,0,1.4,-0.6
4.25,climb,224.31,125.69,0.204,1,2400.1,-3264.2,-1441.6,3769.8,0.00,0.70,167,157,-1,0.0,0.0,-0.1,0.2,0.01,0.02,0.00,0.00,0.00,0.00,0.68,0.16,99,-1,0,-63,-23.1,-0.17,0.204,0.216,47.21,0,28,0,112.3,1.4,179.4,157.7,0.00,0,1.2,-0.3
4.35,climb,231.20,118.80,0.177,1,2400.1,-3264.2,-1441.6,3769.7,0.00,0.70,164,148,-1,0.0,0.0,-0.0,0.3,0.01,0.02,0.00,0.00,0.00,0.00,0.68,0.20,99,-1,0,-64,-23.1,-0.17,0.177,0.185,46.39,0,28,0,121.4,0.3,179.8,148.6,0.00,0,1.2,-0.3
4.45,climb,233.46,116.54,0.194,1,2400.1,-3264.1,-1441.6,3769.7,0.00,0.70,161,148,-1,0.0,0.0,0.1,0.2,-0.00,0.01,0.00,0.00,0.00,0.00,0.67,0.22,99,-1,0,-64,-23.3,-0.17,0.194,0.199,45.54,0,28,0,121.4,0.3,179.8,148.6,0.00,0,0.5,0.4
4.55,climb,237.89,112.11,0.194,1,2400.1,-3264.0,-1441.6,3769.6,0.00,0.70,159,148,-1,0.0,0.0,0.1,0.2,-0.01,0.01,0.00,0.00,0.00,0.00,0.66,0.25,99,-1,0,-65,-23.2,-0.17,0.195,0.200,44.61,0,28,0,121.4,0.3,179.8,148.6,0.00,0,0.5,0.4
4.65,climb,242.23,107.77,0.200,1,2400.1,-3264.0,-1441.6,3769.5,0.00,0.70,157,148,-1,0.0,0.0,0.2,0.1,-0.01,0.01,0.00,0.00,0.00,0.00,0.65,0.27,99,-1,0,-66,-23.2,-0.18,0.200,0.206,43.59,0,28,0,121.4,0.3,179.8,148.6,0.00,0,0.5,0.4
4.75,climb,246.47,103.53,0.203,1,2400.1,-3264.0,-1441.6,3769.5,0.00,0.70,155,138,-1,0.0,0.0,0.2,0.1,-0.00,0.00,0.00,0.00,0.00,0.00,0.63,0.30,99,-1,0,-66,-23.1,-0.19,0.204,0.206,42.61,0,28,0,130.7,359.9,180.1,139.3,0.00,0,0.2,0.2
4.85,climb,250.62,99.38,0.204,1,2400.1,-3263.8,-1441.6,3769.4,-0.09,0.62,152,138,-1,0.0,0.0,0.1,0.1,-0.00,-0.01,0.00,0.00,0.00,0.00,0.62,0.33,99,-1,0,-67,-23.5,-0.19,0.204,0.209,41.71,0,28,0,130.7,359.9,180.1,139.3,0.00,0,-0.9,0.2
4.95,climb,254.69,95.31,0.198,1,2400.0,-3263.8,-1441.6,3769.3,-0.09,0.62,150,138,-1,0.0,0.0,0.0,0.1,-0.00,-0.02,0.00,0.00,0.00,0.00,0.49,0.38,99,-1,0,-68,-24.0,-0.19,0.199,0.206,40.92,0,28,0,130.7,359.9,180.1,139.3,0.00,0,-0.8,0.0
5.05,climb,258.69,91.31,0.191,1,2400.0,-3263.7,-1441.5,3769.3,0.00,0.62,148,138,-1,0.0,0.0,-0.0,0.1,0.00,-0.01,0.00,0.00,0.00,0.00,0.48,0.40,99,-1,0,-69,-24.2,-0.19,0.191,0.197,40.16,0,28,0,130.7,359.9,180.1,139.3,0.00,0,-0.3,-0.3
5.15,climb,262.60,87.40,0.186,1,2400.0,-3263.6,-1441.5,3769.2,0.00,0.62,145,129,-1,0.0,0.0,-0.0,0.1,0.00,-0.00,0.00,0.00,0.00,0.00,0.51,0.35,99,-1,0,-69,-24.3,-0.19,0.187,0.190,39.35,0,28,0,140.2,0.1,179.8,129.8,0.00,0,0.1,-0.3
5.25,climb,266.42,83.58,0.186,1,2400.0,-3263.6,-1441.5,3769.1,0.00,0.62,143,129,-1,0.0,0.0,-0.0,0.1,0.01,-0.00,0.00,0.00,0.00,0.00,0.49,0.37,99,-1,0,-69,-24.3,-0.19,0.187,0.189,38.45,0,28,0,140.2,0.1,179.8,129.8,0.00,0,0.1,-0.3
5.35,climb,271.97,78.03,0.168,1,2400.0,-3263.5,-1441.5,3769.1,0.00,0.62,141,129,-1,0.0,0.0,-0.0,0.2,0.01,-0.00,0.00,0.00,0.00,0.00,0.48,0.39,99,-1,0,-70,-24.2,-0.20,0.168,0.171,37.49,0,28,0,140.2,0.1,179.8,129.8,0.00,0,0.0,-0.3
5.45,climb,273.78,76.22,0.191,1,2400.0,-3263.5,-1441.5,3769.0,0.00,0.62,139,129,-1,0.0,0.0,-0.0,0.2,0.01,-0.00,0.00,0.00,0.00,0.00,0.46,0.41,99,-1,0,-71,-24.2,-0.21,0.192,0.195,36.55,0,28,0,140.2,0.1,179.8,129.8,0.00,0,-0.0,-0.3
5.55,climb,277.31,72.69,0.194,1,2400.0,-3263.4,-1441.5,3769.0,0.00,0.62,136,119,-1,0.0,0.0,-0.0,0.2,0.01,-0.00,0.00,0.00,0.00,0.00,0.44,0.43,99,-1,0,-70,-24.1,-0.20,0.195,0.198,35.61,0,28,0,149.9,0.2,179.6,120.1,0.00,0,-0.1,-0.3
5.65,climb,280.76,69.24,0.197,1,2400.0,-3263.3,-1441.5,3768.9,0.00,0.53,133,119,-1,0.0,0.0,-0.0,0.3,0.01,-0.00,0.00,0.00,0.00,0.00,0.42,0.45,99,-1,0,-67,-24.2,-0.18,0.197,0.200,34.69,0,28,0,149.9,0.2,179.6,120.1,0.00,0,-0.1,-0.3
5.75,climb,284.11,65.89,0.199,1,2400.0,-3263.3,-1441.5,3768.8,0.00,0.53,131,119,-1,0.0,0.0,-0.0,0.3,0.01,-0.00,0.00,0.00,0.00,0.00,0.35,0.40,99,-1,0,-65,-24.2,-0.17,0.200,0.203,33.77,0,28,0,149.9,0.2,179.6,120.1,0.00,0,-0.1,-0.3
5.85,climb,287.38,62.62,0.182,1,2400.0,-3263.3,-1441.5,3768.8,0.00,0.53,129,119,-1,0.0,0.0,0.0,0.3,0.00,0.00,0.00,0.00,0.00,0.00,0.33,0.41,99,-1,0,-63,-24.2,-0.15,0.182,0.184,32.89,0,28,0,149.9,0.2,179.6,120.1,0.00,0,0.1,-0.1
5.95,climb,290.57,59.43,0.137,1,2400.0,-3263.2,-1441.5,3768.7,0.00,0.53,126,109,-1,0.0,0.0,0.1,0.2,-0.01,0.01,0.00,0.00,0.00,0.00,0.31,0.43,99,-1,0,-60,-24.6,-0.13,0.138,0.143,32.09,0,28,0,159.6,0.2,179.5,110.4,0.00,0,0.3,0.8
6.05,climb,293.68,56.32,0.095,1,2400.0,-3263.2,-1441.5,3768.7,0.00,0.53,124,109,-1,0.0,0.0,0.1,0.1,-0.01,0.01,0.00,0.00,0.00,0.00,0.29,0.44,99,-1,0,-58,-24.6,-0.11,0.095,0.102,31.26,0,28,0,159.6,0.2,179.5,110.4,0.00,0,0.3,0.8
6.15,climb,296.69,53.31,0.058,1,2400.0,-3263.1,-1441.5,3768.6,0.00,0.53,121,109,-1,0.0,0.0,0.1,0.1,-0.01,-0.00,0.00,0.00,0.00,0.00,0.28,0.45,99,-1,0,-56,-24.6,-0.09,0.058,0.062,30.35,0,28,0,159.6,0.2,179.5,110.4,0.00,0,0.1,0.7
6.25,climb,299.59,50.41,0.029,1,2400.0,-3263.1,-1441.5,3768.6,-0.09,0.53,120,109,-1,0.0,0.0,0.1,0.0,-0.01,-0.00,0.00,0.00,0.00,0.00,0.18,0.50,99,-1,0,-54,-24.4,-0.08,0.029,0.033,29.32,0,28,0,159.6,0.2,179.5,110.4,0.00,0,-0.2,0.5
6.35,climb,302.37,47.63,0.013,1,2400.0,-3263.0,-1441.5,3768.5,0.00,0.53,117,100,-1,0.0,0.0,0.1,-0.0,-0.01,-0.00,0.00,0.00,0.00,0.00,0.16,0.51,99,-1,0,-51,-23.2,-0.07,0.013,0.018,28.07,0,28,0,169.3,360.0,180.2,100.7,0.00,0,-0.2,0.4
6.45,climb,305.03,44.97,0.000,1,2400.0,-3262.9,-1441.5,3768.5,0.00,0.53,114,100,-1,0.0,0.0,0.0,-0.1,-0.01,-0.00,0.00,0.00,0.00,0.00,0.21,0.48,99,-1,1,-48,-22.7,-0.06,0.000,0.000,26.93,0,28,0,169.3,360.0,180.2,100.7,0.00,0,-0.2,0.3
6.55,climb,307.58,42.42,0.000,1,2400.0,-3262.9,-1441.5,3768.4,0.00,0.53,112,100,-1,0.0,0.0,0.0,-0.1,-0.01,-0.01,0.00,0.00,0.00,0.00,0.20,0.49,99,-1,1,-46,-22.7,-0.05,0.000,0.000,25.75,0,28,0,169.3,360.0,180.2,100.7,0.00,0,-0.2,0.3
6.65,climb,310.00,40.00,0.000,1,2400.0,-3262.8,-1441.5,3768.4,0.00,0.44,110,100,-1,0.0,0.0,-0.0,-0.1,-0.01,-0.01,0.00,0.00,0.00,0.00,0.18,0.50,99,-1,1,-44,-21.5,-0.04,0.000,0.000,24.53,0,28,0,169.3,360.0,180.2,100.7,0.00,0,-0.2,0.3
6.75,climb,312.29,37.71,0.000,1,2400.0,-3262.8,-1441.5,3768.3,0.00,0.44,107,91,-1,0.0,0.0,-0.0,-0.2,-0.01,-0.01,0.00,0.00,0.00,0.00,0.13,0.42,99,-1,1,-41,-21.0,-0.03,0.000,0.000,23.27,0,28,0,178.2,359.8,184.9,91.8,0.00,0,-0.2,0.3
6.85,climb,314.46,35.54,0.007,1,2400.0,-3262.8,-1441.5,3768.3,0.00,0.44,105,91,-1,0.0,0.0,-0.1,-0.2,-0.01,-0.01,0.00,0.00,0.00,0.00,0.11,0.43,99,-1,0,-39,-21.0,-0.02,0.007,0.012,21.97,0,28,0,178.2,359.8,184.9,91.8,0.00,0,-0.2,0.3
6.95,climb,316.50,33.50,0.021,1,2400.0,-3262.7,-1441.5,3768.2,0.00,0.44,102,91,-1,0.0,0.0,-0.1,-0.2,-0.01,-0.01,0.00,0.00,0.00,0.00,0.09,0.43,99,-1,0,-36,-20.6,-0.01,0.021,0.026,20.68,0,28,0,178.2,359.8,184.9,91.8,0.00,0,-0.2,0.3
7.05,climb,318.40,31.60,0.030,1,2400.0,-3262.7,-1441.5,3768.2,0.00,0.44,101,91,-1,0.0,0.0,-0.1,-0.2,-0.01,-0.01,0.00,0.00,0.00,0.00,0.08,0.43,99,-1,0,-35,-20.2,-0.00,0.030,0.036,19.39,0,28,0,178.2,359.8,184.9,91.8,0.00,0,-0.2,0.3
7.15,climb,320.18,29.82,0.043,1,2400.0,-3262.6,-1441.5,3768.1,0.00,0.44,98,83,-1,0.0,0.0,-0.2,-0.3,-0.01,-0.01,0.00,0.00,0.00,0.00,0.06,0.44,99,-1,0,-32,-19.9,0.02,0.043,0.049,18.12,0,28,0,186.3,359.7,357.5,83.7,0.00,0,-0.2,0.3
7.25,climb,321.84,28.16,0.059,1,2400.0,-3262.6,-1441.5,3768.1,0.00,0.44,96,83,-1,0.0,0.0,-0.2,-0.3,-0.01,-0.01,0.00,0.00,0.00,0.00,0.04,0.44,99,-1,0,-30,-19.5,0.03,0.059,0.065,16.86,0,28,0,186.3,359.7,357.5,83.7,0.00,0,-0.2,0.3
7.35,climb,324.09,25.91,0.060,1,2400.0,-3262.6,-1441.5,3768.1,0.00,0.44,94,83,-1,0.0,0.0,-0.2,-0.3,-0.01,-0.01,0.00,0.00,0.00,0.00,0.03,0.44,99,-1,0,-28,-19.5,0.04,0.060,0.066,15.62,0,28,0,186.3,359.7,357.5,83.7,0.00,0,-0.2,0.3
7.45,climb,324.78,25.22,0.101,1,2400.0,-3262.5,-1441.5,3768.0,0.00,0.44,92,83,-1,0.0,0.0,-0.3,-0.3,-0.01,-0.01,0.00,0.00,0.00,0.00,0.01,0.44,99,-1,0,-26,-19.1,0.05,0.101,0.107,14.38,0,28,0,186.3,359.7,357.5,83.7,0.00,0,-0.2,0.3
7.55,climb,326.06,23.94,0.127,1,2400.0,-3262.4,-1441.5,3768.0,0.00,0.44,89,75,-1,0.0,0.0,-0.3,-0.3,-0.01,-0.01,0.00,0.00,0.00,0.00,-0.01,0.44,99,-1,0,-23,-18.9,0.07,0.127,0.134,13.16,0,28,0,194.1,359.6,358.3,75.9,0.00,0,-0.2,0.3
7.65,climb,327.23,22.77,0.158,1,2400.0,-3262.4,-1441.5,3767.9,0.00,0.44,87,75,-1,0.0,0.0,-0.3,-0.4,-0.01,-0.01,0.00,0.00,0.00,0.00,-0.02,0.44,99,-1,0,-21,-18.9,0.08,0.158,0.165,11.94,0,28,0,194.1,359.6,358.3,75.9,0.00,0,-0.2,0.3
7.75,climb,328.28,21.72,0.189,1,2400.0,-3262.4,-1441.5,3767.9,0.00,0.44,85,75,-1,0.0,0.0,-0.4,-0.4,-0.01,-0.01,0.00,0.00,0.00,0.00,-0.04,0.44,99,-1,0,-19,-18.7,0.09,0.189,0.196,10.79,0,28,0,194.1,359.6,358.3,75.9,0.00,0,-0.2,0.3
7.85,climb,329.23,20.77,0.219,1,2400.0,-3262.3,-1441.5,3767.8,0.00,0.44,84,75,-1,0.0,0.0,-0.4,-0.4,-0.01,-0.01,0.00,0.00,0.00,0.00,-0.05,0.44,99,-1,0,-18,-18.3,0.10,0.219,0.225,9.75,0,28,0,194.1,359.6,358.3,75.9,0.00,0,-0.1,0.2
7.95,climb,330.10,19.90,0.244,1,2400.0,-3262.3,-1441.5,3767.8,0.00,0.44,81,68,-1,0.0,0.0,-0.4,-0.4,-0.00,-0.01,0.00,0.00,0.00,0.00,-0.07,0.43,99,-1,0,-15,-18.3,0.11,0.245,0.250,8.85,0,28,0,201.5,359.5,358.6,68.5,0.00,0,-0.1,0.2
8.05,climb,330.90,19.10,0.262,1,2400.0,-3262.2,-1441.5,3767.7,0.00,0.35,79,68,-1,0.0,0.0,-0.4,-0.4,-0.00,-0.01,0.00,0.00,0.00,0.00,-0.08,0.43,99,-1,0,-13,-17.0,0.12,0.262,0.266,8.16,0,28,0,201.5,359.5,358.6,68.5,0.00,0,0.2,-0.1
8.15,cruise,331.66,18.34,0.317,1,2400.0,-3262.2,-1441.5,3767.7,0.00,0.35,77,68,-1,4.0,4.0,-0.4,-0.3,-0.05,-0.06,0.00,0.00,0.00,0.00,-0.08,0.34,99,-1,0,-11,-16.0,0.12,0.318,0.351,7.72,0,28,0,201.5,359.5,358.6,68.5,0.00,0,0.4,-0.3
8.25,cruise,332.38,17.62,0.322,1,2400.0,-3262.2,-1441.5,3767.7,0.00,0.35,76,68,-1,8.0,8.0,-0.4,-0.3,-0.10,-0.10,0.00,0.00,0.00,0.00,-0.09,0.34,99,-1,0,2,-16.0,0.21,0.323,0.387,7.32,0,28,0,206.5,359.5,359.0,63.5,0.00,1,0.4,-0.3
8.35,cruise,333.44,16.56,0.310,1,2400.0,-3262.1,-1441.5,3767.6,0.00,0.35,74,61,-1,12.0,12.0,-0.3,-0.2,-0.14,-0.14,0.00,0.00,0.00,0.00,-0.10,0.34,99,-1,0,4,-13.0,0.20,0.310,0.399,7.09,0,28,0,207.9,359.6,359.3,62.1,0.00,1,1.7,-1.4
8.45,cruise,333.78,16.22,0.308,1,2400.0,-3262.1,-1441.5,3767.6,0.00,0.35,72,61,-1,16.0,16.0,-0.1,-0.0,-0.17,-0.17,0.00,0.00,0.00,0.00,-0.11,0.33,99,-1,0,5,-13.0,0.19,0.309,0.413,6.99,0,28,0,209.2,359.9,359.8,60.8,0.00,1,1.7,-1.4
8.50,cruise,334.12,15.88,0.301,1,2400.0,-3262.1,-1441.5,3767.6,0.00,0.26,70,61,-1,18.0,18.0,0.1,0.1,-0.17,-0.17,0.00,0.00,0.00,0.00,-0.12,0.33,99,-1,0,6,-10.9,0.20,0.301,0.405,6.99,0,28,0,209.7,0.1,0.2,60.3,0.00,1,3.2,-2.8
8.60,cruise,334.79,15.21,0.292,1,2400.0,-3262.1,-1441.5,3767.6,0.09,0.18,69,61,-1,22.0,22.0,0.6,0.5,-0.19,-0.17,0.00,0.00,0.00,0.00,-0.10,0.25,99,-1,0,7,-8.6,0.18,0.293,0.398,6.86,0,28,0,210.6,0.9,1.5,59.4,0.00,1,5.8,-5.2
8.70,cruise,335.45,14.55,0.280,1,2400.0,-3262.0,-1441.5,3767.6,0.09,0.09,67,58,-1,26.0,26.0,1.4,1.3,-0.17,-0.15,0.00,0.00,0.00,0.00,0.01,0.20,99,-1,0,7,-6.5,0.15,0.281,0.369,6.79,0,28,0,211.3,2.2,3.6,58.7,0.00,1,9.2,-8.3
8.80,cruise,336.08,13.92,0.272,1,2400.1,-3262.0,-1441.5,3767.5,0.18,0.00,66,58,-1,27.3,27.2,2.6,2.3,-0.11,-0.08,0.00,0.00,0.00,0.00,0.04,0.12,99,-1,0,8,-4.4,0.13,0.273,0.327,6.65,0,28,0,211.8,3.9,6.3,58.2,0.00,1,12.2,-11.1
8.90,cruise,336.68,13.32,0.268,1,2400.1,-3262.1,-1441.6,3767.5,0.18,-0.09,64,58,-1,27.9,27.7,4.1,3.6,-0.04,-0.01,0.00,0.00,0.00,0.00,0.16,0.08,99,-1,0,8,-2.3,0.11,0.269,0.283,6.45,0,28,0,212.0,6.2,9.8,58.0,0.00,1,15.2,-14.0
9.00,cruise,337.25,12.75,0.265,1,2400.1,-3262.1,-1441.6,3767.6,0.18,-0.09,63,58,-1,28.5,28.2,5.7,5.2,0.03,0.04,0.00,0.00,0.00,0.00,0.20,-0.00,99,-1,0,8,-0.3,0.08,0.265,0.283,6.26,0,28,0,212.1,8.7,13.8,58.1,0.00,1,16.5,-16.2
9.10,cruise,337.79,12.21,0.266,1,2400.1,-3262.1,-1441.6,3767.6,0.09,0.00,63,57,-1,29.0,28.5,7.4,7.0,0.09,0.07,0.01,0.00,0.00,0.00,0.20,0.00,99,-1,0,8,1.6,0.06,0.266,0.310,6.00,0,28,0,211.9,11.5,18.2,58.4,0.00,1,17.5,-18.0
9.20,cruise,338.30,11.70,0.269,1,2400.1,-3262.1,-1441.6,3767.6,0.09,0.09,62,57,-1,29.5,28.9,9.2,8.9,0.12,0.07,0.09,0.00,0.00,0.00,0.08,0.04,99,-1,0,7,3.2,0.03,0.269,0.320,5.75,0,28,0,211.5,14.3,22.7,58.9,0.00,1,17.2,-18.5
9.30,cruise,338.78,11.22,0.273,1,2400.1,-3262.0,-1441.6,3767.6,0.09,0.26,61,57,-1,30.0,29.2,10.9,10.8,0.12,0.06,0.17,0.00,0.00,0.00,0.04,0.12,99,-1,0,6,4.5,0.01,0.273,0.323,5.49,0,28,0,210.9,17.0,27.1,59.6,0.00,1,17.1,-17.5
9.40,cruise,339.23,10.77,0.279,1,2400.1,-3262.0,-1441.6,3767.5,0.00,0.53,61,57,-1,30.6,29.5,12.5,12.6,0.11,0.05,0.25,0.00,0.00,0.00,-0.05,0.27,99,-1,0,5,5.5,-0.02,0.279,0.322,5.22,0,28,0,210.2,19.5,31.2,60.5,0.00,1,16.7,-16.0
9.50,cruise,339.66,10.34,0.286,1,2400.1,-3261.9,-1441.6,3767.5,-0.09,0.88,61,60,-1,31.2,29.8,14.1,14.3,0.08,0.03,0.32,0.00,0.00,0.00,-0.25,0.46,99,-1,0,4,6.2,-0.03,0.286,0.319,4.94,0,28,0,209.4,21.6,35.1,61.5,0.00,1,16.1,-14.2
9.60,cruise,340.05,9.95,0.296,1,2400.1,-3261.8,-1441.6,3767.4,-0.18,1.14,62,60,-1,31.7,30.1,15.6,15.8,0.06,0.01,0.39,0.00,0.00,0.00,-0.50,0.73,99,-1,0,3,6.8,-0.05,0.296,0.316,4.64,0,28,0,208.5,23.5,38.7,62.6,0.00,1,15.4,-12.1
9.70,cruise,340.42,9.58,0.314,1,2400.1,-3261.6,-1441.6,3767.2,-0.26,1.76,62,60,-1,32.3,30.5,16.9,17.2,0.03,-0.01,0.45,0.00,0.00,0.00,-0.82,1.16,99,-1,0,2,7.0,-0.07,0.314,0.326,4.19,0,28,0,207.4,25.1,42.0,63.7,0.00,1,14.0,-9.7
9.80,cruise,340.78,9.22,0.322,1,2400.0,-3261.4,-1441.6,3767.1,-0.35,2.20,62,60,-1,32.9,30.7,18.2,18.5,0.02,-0.02,0.50,0.00,0.00,0.00,-1.05,1.43,99,-1,0,1,7.0,-0.08,0.322,0.335,3.96,0,28,0,206.4,26.5,45.1,64.8,0.00,1,13.6,-8.6
9.90,cruise,341.11,8.89,0.330,1,2400.0,-3261.4,-1441.5,3766.9,-0.35,2.20,63,64,-1,33.4,31.0,19.4,19.7,0.01,-0.03,0.56,0.00,0.00,0.00,-1.30,1.80,99,-1,0,-0,7.0,-0.08,0.330,0.343,3.74,0,28,0,205.3,27.7,48.0,66.0,0.00,1,13.6,-8.6
10.00,cruise,341.42,8.58,0.338,1,2400.0,-3261.1,-1441.5,3766.6,-0.53,2.72,64,64,-1,34.0,31.3,20.6,20.8,-0.01,-0.03,0.60,0.00,0.00,0.00,-1.66,2.23,99,-1,0,-1,6.8,-0.09,0.338,0.351,3.54,0,28,0,204.2,28.7,50.7,67.1,0.00,1,13.4,-7.4
10.10,cruise,341.72,8.28,0.343,1,2399.9,-3260.8,-1441.4,3766.3,-0.62,3.16,65,64,-1,34.5,31.5,21.9,21.8,-0.01,-0.02,0.65,0.00,0.00,0.00,-1.88,2.62,99,-1,0,-2,6.4,-0.09,0.343,0.355,3.40,0,28,0,203.0,29.7,53.3,68.3,0.00,1,13.8,-6.4
10.20,cruise,342.02,7.98,0.348,1,2399.8,-3260.4,-1441.3,3765.9,-0.79,3.69,66,64,-1,35.1,31.7,23.3,22.8,-0.02,-0.00,0.70,0.00,0.00,0.00,-2.21,3.06,99,-1,0,-4,5.7,-0.09,0.349,0.355,3.28,0,28,0,201.9,30.6,55.9,69.4,0.00,1,14.7,-5.7
10.30,cruise,342.30,7.70,0.353,1,2399.8,-3260.0,-1441.3,3765.5,-0.97,4.22,68,68,-1,35.7,31.8,24.7,23.7,-0.01,0.01,0.75,0.00,0.00,0.00,-2.47,3.55,99,-1,0,-5,4.8,-0.09,0.354,0.362,3.17,0,28,0,200.7,31.6,58.4,70.6,0.00,1,15.4,-5.6
10.40,cruise,342.57,7.43,0.357,1,2399.5,-3259.0,-1441.1,3765.1,-1.49,5.45,70,68,-1,36.4,32.0,26.3,24.7,-0.00,0.03,0.80,0.00,0.00,0.00,-2.83,4.11,99,-1,0,-6,2.6,-0.08,0.357,0.368,3.12,0,28,0,199.6,32.5,60.8,71.6,0.00,1,15.8,-5.8
10.50,cruise,342.84,7.16,0.360,1,2399.5,-3259.0,-1441.0,3764.5,-1.49,5.45,71,68,-1,37.0,32.1,27.9,25.7,0.00,0.04,0.85,0.00,0.00,0.00,-3.16,4.69,99,-1,0,-7,2.6,-0.08,0.361,0.377,3.07,0,28,0,198.6,33.4,63.0,72.6,0.00,1,15.8,-5.8
10.60,cruise,343.10,6.90,0.366,1,2399.3,-3258.4,-1440.8,3763.9,-1.76,6.06,73,68,-1,37.7,32.2,29.5,26.7,0.01,0.05,0.91,0.00,0.00,0.00,-3.45,5.29,99,-1,0,-8,1.6,-0.07,0.366,0.388,3.00,0,28,0,197.6,34.4,65.1,73.5,0.00,1,15.6,-6.0
10.70,cruise,343.35,6.65,0.374,1,2399.1,-3257.8,-1440.6,3763.3,-2.11,6.68,75,72,-1,38.3,32.3,31.1,27.7,0.02,0.06,0.96,0.00,0.00,0.00,-3.74,5.92,99,-1,0,-8,0.7,-0.07,0.374,0.401,2.91,0,28,0,196.7,35.3,67.0,74.3,0.00,1,15.2,-6.1
10.80,cruise,343.59,6.41,0.383,1,2398.9,-3257.1,-1440.4,3762.6,-2.46,7.29,77,72,-1,39.0,32.4,32.8,28.7,0.02,0.06,1.00,0.00,0.00,0.00,-4.00,6.58,99,-1,0,-9,-0.1,-0.06,0.383,0.414,2.79,0,28,0,195.9,36.2,68.7,75.1,0.00,1,14.7,-6.1
10.90,cruise,343.82,6.18,0.394,1,2398.3,-3255.4,-1440.1,3761.8,-3.16,8.70,79,72,-1,39.6,32.4,34.3,29.6,0.01,0.06,1.00,0.00,0.00,0.00,-4.24,7.34,99,-1,0,-10,-2.1,-0.06,0.394,0.422,2.66,0,28,0,195.2,37.0,70.1,75.7,0.00,1,12.8,-4.9
11.00,cruise,344.04,5.96,0.404,1,2398.3,-3255.4,-1439.8,3760.9,-3.16,8.70,81,72,-1,40.3,32.5,35.8,30.3,0.00,0.06,1.00,0.00,0.00,0.00,-4.44,8.13,99,-1,0,-10,-2.1,-0.05,0.404,0.427,2.54,0,28,0,194.7,37.7,71.3,76.2,0.00,1,12.8,-4.9
11.10,cruise,344.26,5.74,0.415,1,2397.6,-3253.5,-1439.5,3760.0,-4.13,10.28,84,75,-1,40.9,32.6,37.1,30.9,-0.01,0.04,1.00,0.00,0.00,0.00,-4.64,9.03,99,-1,0,-11,-3.5,-0.04,0.415,0.436,2.41,0,28,0,194.3,38.3,72.2,76.5,0.00,1,9.4,-4.0
11.20,cruise,344.46,5.54,0.424,1,2397.6,-3253.5,-1439.1,3759.0,-4.13,10.28,86,75,-1,41.6,32.7,38.2,31.4,-0.02,0.03,1.00,0.00,0.00,0.00,-4.90,9.94,99,-1,0,-11,-3.5,-0.03,0.424,0.443,2.29,0,28,0,194.0,38.9,72.8,76.7,0.00,1,9.4,-4.0
11.30,cruise,344.65,5.35,0.434,1,2396.6,-3251.2,-1438.6,3757.9,-5.10,11.95,88,75,-1,42.1,32.9,39.3,31.8,-0.02,0.01,1.00,0.00,0.00,0.00,-5.04,10.87,99,-1,0,-11,-4.5,-0.03,0.434,0.449,2.17,0,28,0,194.0,39.5,73.2,76.7,0.00,1,6.5,-4.2
11.40,cruise,344.84,5.16,0.441,1,2396.1,-3250.0,-1438.1,3756.7,-5.63,12.83,89,75,-1,42.8,33.1,40.2,32.2,-0.03,0.01,1.00,0.00,0.00,0.00,-5.24,11.89,99,-1,0,-11,-5.0,-0.02,0.441,0.455,2.08,0,28,0,194.0,40.0,73.5,76.7,0.00,1,5.6,-4.1
11.50,cruise,345.03,4.97,0.447,1,2395.5,-3248.6,-1437.6,3755.5,-6.15,13.71,91,75,-1,43.4,33.3,41.0,32.5,-0.03,0.00,1.00,0.00,0.00,0.00,-5.42,12.92,99,-1,0,-11,-5.4,-0.01,0.447,0.462,2.01,0,28,0,194.2,40.6,73.6,76.5,0.00,1,5.1,-4.1
11.60,cruise,345.21,4.79,0.454,1,2395.5,-3248.6,-1437.0,3754.1,-6.15,13.71,92,75,-1,44.0,33.5,41.9,32.8,-0.03,-0.00,1.00,0.00,0.00,0.00,-5.57,13.96,99,-1,0,-10,-5.4,-0.01,0.454,0.470,1.93,0,28,0,194.4,41.1,73.6,76.2,0.00,1,5.1,-4.1
11.70,cruise,345.38,4.62,0.460,1,2394.8,-3247.2,-1436.3,3752.7,-6.68,14.59,94,75,-1,44.5,33.7,42.7,33.0,-0.04,-0.00,1.00,0.00,0.00,0.00,-5.70,15.00,99,-1,0,-10,-5.8,0.00,0.460,0.477,1.85,0,28,0,194.7,41.7,73.6,75.9,0.00,1,4.5,-4.2
11.80,cruise,345.55,4.45,0.466,1,2394.1,-3245.7,-1435.6,3751.2,-7.21,15.47,95,75,-1,45.1,33.9,43.5,33.3,-0.03,0.00,1.00,0.00,0.00,0.00,-5.81,16.04,99,-1,0,-10,-6.5,0.01,0.466,0.483,1.81,0,28,0,195.2,42.4,73.5,75.5,0.00,1,4.2,-5.0
11.90,cruise,345.71,4.29,0.471,1,2392.5,-3242.3,-1434.8,3749.6,-8.35,17.31,96,73,-1,45.7,34.0,44.3,33.6,-0.02,0.01,1.00,0.00,0.00,0.00,-5.95,17.16,99,-1,0,-9,-7.3,0.02,0.471,0.486,1.80,0,28,0,195.7,43.2,73.3,75.0,0.00,1,3.7,-7.9
12.00,cruise,345.87,4.13,0.477,1,2392.5,-3242.3,-1434.0,3747.8,-8.35,17.31,97,73,-1,46.3,34.2,45.2,34.1,-0.01,0.02,1.00,0.00,0.00,0.00,-6.15,18.21,99,-1,0,-9,-7.3,0.03,0.477,0.490,1.78,0,28,0,196.3,44.2,73.2,74.5,0.00,1,3.7,-7.9
12.10,cruise,346.02,3.98,0.486,1,2391.6,-3240.5,-1433.1,3746.0,-8.88,18.28,98,73,-1,46.9,34.4,46.1,34.7,-0.00,0.02,1.00,0.00,0.00,0.00,-6.21,19.35,99,-1,0,-8,-7.3,0.03,0.486,0.496,1.75,0,28,0,197.0,45.3,73.2,74.0,0.00,1,3.5,-9.3
12.20,cruise,346.17,3.83,0.496,1,2389.7,-3236.6,-1432.2,3744.1,-9.93,20.39,99,73,-1,47.5,34.6,47.0,35.4,0.01,0.02,1.00,0.00,0.00,0.00,-6.22,20.50,99,-1,0,-7,-7.0,0.03,0.496,0.510,1.71,0,28,0,197.7,46.5,73.1,73.4,0.00,1,2.8,-10.6
12.30,cruise,346.31,3.69,0.505,1,2388.7,-3234.5,-1431.2,3742.1,-10.46,21.45,100,70,-1,48.1,34.8,47.9,36.1,0.01,0.02,1.00,0.00,0.00,0.00,-6.28,21.79,99,-1,0,-7,-6.9,0.04,0.505,0.521,1.69,0,28,0,198.5,47.8,73.1,72.9,0.00,1,2.6,-10.8
12.40,cruise,346.46,3.54,0.515,1,2388.7,-3234.5,-1430.2,3740.0,-10.46,21.45,101,70,-1,48.7,35.1,48.8,36.9,0.01,0.02,1.00,0.00,0.00,0.00,-6.30,23.01,99,-1,0,-6,-6.9,0.04,0.515,0.534,1.67,0,28,0,199.3,49.0,73.1,72.3,0.00,1,2.6,-10.8
12.50,cruise,346.60,3.40,0.527,1,2387.6,-3232.3,-1429.1,3737.8,-10.99,22.59,102,70,-1,49.3,35.3,49.7,37.6,0.01,0.02,1.00,0.00,0.00,0.00,-6.23,24.33,99,-1,0,-6,-6.7,0.04,0.527,0.546,1.63,0,28,0,200.1,50.2,73.0,71.8,0.00,1,2.4,-10.8
12.60,cruise,346.73,3.27,0.538,1,2386.5,-3229.9,-1428.0,3735.4,-11.51,23.73,103,70,-1,49.9,35.6,50.4,38.2,0.01,0.01,1.00,0.00,0.00,0.00,-6.10,25.66,99,-1,0,-5,-6.2,0.04,0.538,0.553,1.57,0,28,0,201.0,51.4,73.0,71.3,0.00,1,1.8,-10.5
12.70,cruise,346.86,3.14,0.549,1,2384.1,-3224.9,-1426.8,3733.0,-12.48,26.19,103,67,-1,50.5,35.9,51.0,38.9,0.01,0.00,1.00,0.00,0.00,0.00,-6.11,27.03,99,-1,0,-5,-4.8,0.03,0.549,0.556,1.51,0,28,0,201.9,52.5,72.8,70.7,0.00,1,-0.3,-9.5
12.80,cruise,347.00,3.00,0.557,1,2384.1,-3224.9,-1425.6,3730.4,-12.48,26.19,104,67,-1,51.1,36.3,51.5,39.4,0.01,-0.01,1.00,0.00,0.00,0.00,-5.97,28.39,99,-1,0,-4,-4.8,0.03,0.557,0.569,1.47,0,28,0,202.9,53.5,72.7,70.2,0.00,1,-0.3,-9.5
12.90,cruise,347.13,2.87,0.563,1,2381.4,-3219.3,-1424.3,3727.7,-13.45,28.92,104,67,-1,51.6,36.8,51.9,40.0,0.01,-0.02,1.00,0.00,0.00,0.00,-5.85,29.86,99,-1,0,-4,-4.0,0.03,0.563,0.578,1.47,0,28,0,203.9,54.5,72.5,69.6,0.00,1,-1.4,-9.2
13.00,cruise,347.26,2.74,0.567,1,2380.0,-3216.3,-1422.9,3724.8,-13.89,30.23,105,67,-1,52.2,37.3,52.2,40.5,0.01,-0.02,1.00,0.00,0.00,0.00,-5.58,31.40,99,-1,0,-3,-3.8,0.03,0.567,0.585,1.48,0,28,0,204.9,55.5,72.3,69.1,0.00,1,-1.6,-9.1
13.10,cruise,347.40,2.60,0.571,1,2378.6,-3213.2,-1421.5,3721.8,-14.33,31.64,105,63,-1,52.8,37.8,52.6,41.0,0.01,-0.03,1.00,0.00,0.00,0.00,-5.60,32.80,99,-1,0,-3,-3.6,0.03,0.571,0.591,1.48,0,28,0,206.0,56.4,72.0,68.5,0.00,1,-1.8,-8.9
13.20,cruise,347.54,2.46,0.576,1,2378.6,-3213.2,-1420.1,3718.7,-14.33,31.64,105,63,-1,53.4,38.4,52.9,41.5,0.01,-0.03,1.00,0.00,0.00,0.00,-5.54,34.29,99,-1,0,-2,-3.6,0.03,0.576,0.598,1.48,0,28,0,207.1,57.4,71.8,68.0,0.00,1,-1.8,-8.9
13.30,cruise,347.67,2.33,0.581,1,2377.2,-3209.9,-1418.7,3715.4,-14.68,33.05,105,63,-1,54.0,39.0,53.2,42.1,0.01,-0.03,1.00,0.00,0.00,0.00,-5.31,35.77,99,-1,0,-2,-3.0,0.03,0.581,0.606,1.48,0,28,0,208.2,58.3,71.7,67.6,0.00,1,-1.6,-8.7
13.40,cruise,347.80,2.20,0.587,1,2374.2,-3203.0,-1417.2,3712.0,-15.29,35.77,106,63,-1,54.5,39.5,53.5,42.7,0.01,-0.03,1.00,0.00,0.00,0.00,-5.03,37.17,99,-1,0,-1,-1.5,0.02,0.587,0.615,1.47,0,28,0,209.1,59.2,71.6,67.2,0.00,1,-0.6,-8.2
13.50,cruise,347.93,2.07,0.600,1,2372.6,-3199.3,-1415.7,3708.5,-15.56,37.27,106,59,-1,55.1,40.1,53.9,43.4,0.02,-0.03,1.00,0.00,0.00,0.00,-4.94,38.59,99,-1,0,-1,-0.6,0.01,0.600,0.630,1.47,0,28,0,209.9,60.0,71.7,67.1,0.00,1,0.4,-7.8
13.60,cruise,348.06,1.94,0.601,1,2372.6,-3199.3,-1414.1,3704.8,-15.56,37.27,106,59,-1,55.7,40.7,54.3,44.2,0.02,-0.03,1.00,0.00,0.00,0.00,-4.68,40.11,99,-1,0,-1,-0.6,-0.00,0.601,0.633,1.48,0,28,0,210.4,60.8,71.8,67.1,0.00,1,0.4,-7.8
13.70,cruise,348.19,1.81,0.600,1,2371.0,-3195.5,-1412.5,3701.0,-15.82,38.67,106,59,-1,56.2,41.3,54.8,45.1,0.03,-0.02,1.00,0.00,0.00,0.00,-4.28,41.56,99,-1,0,-1,0.4,-0.02,0.600,0.633,1.49,0,28,0,210.7,61.6,72.2,67.3,0.00,1,1.6,-7.5
13.80,cruise,348.31,1.69,0.600,1,2367.8,-3187.3,-1410.9,3697.0,-16.35,41.66,107,59,-1,56.8,41.9,55.5,46.2,0.04,-0.02,1.00,0.00,0.00,0.00,-3.68,43.11,99,-1,0,-2,1.9,-0.03,0.600,0.635,1.50,0,28,0,210.7,62.3,72.7,67.8,0.00,1,3.6,-6.8
13.90,cruise,348.43,1.57,0.600,1,2367.8,-3187.3,-1409.3,3692.8,-16.35,41.66,108,58,-1,57.4,42.6,56.1,47.2,0.04,-0.02,1.00,0.00,0.00,0.00,-2.97,44.65,99,-1,0,-2,1.9,-0.04,0.600,0.635,1.47,0,28,0,210.5,63.0,73.2,68.4,0.00,1,3.6,-6.8
14.00,cruise,348.55,1.45,0.600,1,2364.5,-3178.6,-1407.6,3688.6,-16.79,44.65,108,58,-1,57.9,43.2,56.7,48.1,0.04,-0.02,1.00,0.00,0.00,0.00,-2.02,46.17,99,-1,0,-3,1.3,-0.04,0.600,0.634,1.41,0,28,0,210.3,63.5,73.8,68.9,0.00,1,3.7,-4.1
14.10,cruise,348.66,1.34,0.600,1,2364.5,-3178.6,-1406.0,3684.1,-16.79,44.65,109,58,-1,58.5,43.8,57.2,48.9,0.03,-0.03,1.00,0.00,0.00,0.00,-1.04,47.69,99,-1,0,-4,1.3,-0.04,0.600,0.633,1.32,0,28,0,209.9,63.9,74.2,69.4,0.00,1,3.7,-4.1
14.20,cruise,348.76,1.24,0.600,1,2362.8,-3174.0,-1404.3,3679.5,-16.96,46.14,110,58,-1,59.1,44.3,57.7,49.4,0.02,-0.03,1.00,0.00,0.00,0.00,0.11,49.16,99,-1,0,-4,0.5,-0.03,0.600,0.629,1.21,0,28,0,209.5,64.1,74.6,69.9,0.00,1,3.8,-2.5
14.30,cruise,348.86,1.14,0.600,1,2359.3,-3164.4,-1402.6,3674.8,-17.40,49.13,111,60,-1,59.8,44.8,58.1,49.7,0.01,-0.03,1.00,0.00,0.00,0.00,1.50,50.69,99,-1,0,-4,-2.4,-0.02,0.600,0.623,1.09,0,28,0,209.0,64.2,75.0,70.2,0.00,1,4.8,0.2
14.40,cruise,348.95,1.05,0.600,1,2357.6,-3159.4,-1400.8,3669.9,-17.58,50.63,113,60,-1,60.4,45.1,58.7,49.9,0.00,-0.02,1.00,0.00,0.00,0.00,2.76,52.05,99,-1,0,-5,-3.7,-0.00,0.600,0.615,0.97,0,28,0,208.4,64.3,75.4,70.5,0.00,1,6.2,0.6
14.50,cruise,349.02,0.98,0.600,1,2357.6,-3159.4,-1399.1,3664.9,-17.58,50.63,114,60,-1,61.0,45.3,59.5,50.1,0.00,-0.01,1.00,0.00,0.00,0.00,4.19,53.43,99,-1,0,-5,-3.7,0.01,0.600,0.608,0.85,0,28,0,207.7,64.4,75.9,70.9,0.00,1,6.2,0.6
14.60,cruise,349.08,0.92,0.603,1,2354.0,-3148.9,-1397.3,3659.7,-18.11,53.53,115,60,-1,61.7,45.4,60.3,50.3,0.00,-0.00,1.00,0.00,0.00,0.00,5.59,54.80,99,-1,0,-5,-5.6,0.02,0.603,0.605,0.71,0,28,0,206.9,64.5,76.4,71.3,0.00,1,8.5,1.0
14.70,cruise,349.12,0.88,0.610,1,2354.0,-3148.9,-1395.5,3654.4,-18.11,53.53,116,63,-1,62.3,45.4,61.3,50.5,0.00,0.01,1.00,0.00,0.00,0.00,7.34,56.03,99,-1,0,-6,-5.6,0.03,0.610,0.618,0.55,0,28,0,205.9,64.6,77.0,71.7,0.00,1,8.5,1.0
14.80,cruise,349.15,0.85,0.617,1,2350.3,-3137.8,-1393.7,3649.0,-18.72,56.60,118,63,-1,62.9,45.3,62.3,50.8,0.00,0.01,1.00,0.00,0.00,0.00,9.16,57.28,99,-1,0,-6,-6.3,0.03,0.617,0.628,0.40,0,28,0,204.9,64.6,77.6,72.2,0.00,1,8.8,1.1
14.90,cruise,349.16,0.84,0.625,1,2348.4,-3132.1,-1391.8,3643.3,-19.07,58.18,119,63,-1,63.6,45.3,63.3,51.0,0.00,0.02,1.00,0.00,0.00,0.00,10.96,58.60,99,-1,0,-7,-6.5,0.03,0.625,0.638,0.24,0,28,0,203.9,64.7,78.2,72.7,0.00,1,8.7,1.1
15.00,cruise,349.15,0.85,0.635,1,2346.5,-3126.1,-1389.9,3637.6,-19.51,59.68,120,63,-1,63.8,44.6,64.3,51.2,0.01,0.02,1.00,0.00,0.00,0.00,12.79,59.88,99,-1,0,-7,-6.5,0.03,0.635,0.652,0.06,0,28,0,202.9,64.8,78.7,73.1,0.00,1,8.5,1.1
15.10,cruise,349.13,0.87,0.647,1,2344.5,-3120.0,-1388.0,3631.6,-19.86,61.17,122,67,-1,63.9,43.8,65.2,51.4,0.01,0.03,1.00,0.00,0.00,0.00,14.81,61.01,99,-1,0,-8,-6.6,0.03,0.647,0.670,-0.14,0,28,0,202.0,64.8,79.3,73.5,0.00,1,8.4,1.1
15.20,cruise,349.07,0.93,0.662,1,2344.5,-3120.0,-1386.0,3625.5,-19.86,61.17,123,67,-1,64.0,42.9,66.1,51.7,0.01,0.03,1.00,0.00,0.00,0.00,16.87,62.06,99,-1,0,-8,-6.6,0.02,0.662,0.690,-0.37,0,28,0,201.0,64.9,79.8,73.9,0.00,1,8.4,1.1
15.30,cruise,349.00,1.00,0.678,1,2342.5,-3113.8,-1384.0,3619.3,-20.30,62.75,125,67,-1,64.1,42.0,67.0,51.8,0.01,0.03,1.00,0.00,0.00,0.00,18.85,63.21,99,-1,0,-8,-6.4,0.02,0.678,0.707,-0.62,0,28,0,200.1,64.9,80.2,74.3,0.00,1,7.8,1.3
15.40,cruise,348.90,1.10,0.696,1,2338.3,-3100.9,-1381.9,3612.9,-21.36,65.92,126,67,-1,64.1,41.2,67.6,51.9,0.01,0.03,1.00,0.00,0.00,0.00,20.67,64.39,99,-1,0,-9,-5.1,0.01,0.696,0.721,-0.88,0,28,0,199.4,64.9,80.6,74.5,0.00,1,5.0,1.4
15.50,cruise,348.78,1.22,0.716,1,2338.3,-3100.9,-1379.8,3606.4,-21.36,65.92,127,70,-1,64.0,40.4,68.1,51.8,0.01,0.02,1.00,0.00,0.00,0.00,22.57,65.51,99,-1,0,-9,-5.1,0.00,0.716,0.735,-1.15,0,28,0,199.0,64.8,80.8,74.6,0.00,1,5.0,1.4
15.60,cruise,348.63,1.37,0.738,1,2333.9,-3087.2,-1377.6,3599.6,-22.50,69.35,128,70,-1,63.9,39.7,68.5,51.7,0.01,0.01,1.00,0.00,0.00,0.00,24.38,66.73,99,-1,0,-9,-3.7,-0.01,0.738,0.754,-1.41,0,28,0,198.6,64.7,81.0,74.7,0.00,1,2.9,1.6
15.70,cruise,348.46,1.54,0.758,1,2331.6,-3080.2,-1375.4,3592.7,-23.12,71.10,129,70,-1,63.8,39.1,68.7,51.5,0.01,0.01,1.00,0.00,0.00,0.00,26.03,68.10,99,-1,0,-9,-3.2,-0.02,0.758,0.772,-1.65,0,28,0,198.3,64.6,81.1,74.6,0.00,1,2.0,2.1
15.80,cruise,348.27,1.73,0.778,1,2331.6,-3080.2,-1373.1,3585.7,-23.12,71.10,130,70,-1,63.7,38.5,68.9,51.2,0.01,0.01,1.00,0.00,0.00,0.00,27.51,69.52,99,-1,0,-9,-3.2,-0.02,0.778,0.787,-1.85,0,28,0,198.2,64.5,81.1,74.5,0.00,1,2.0,2.1
15.90,cruise,348.07,1.93,0.798,1,2326.8,-3065.5,-1370.7,3578.4,-24.43,74.88,130,71,-1,63.5,37.9,68.9,50.9,0.01,0.00,1.00,0.00,0.00,0.00,28.95,71.04,99,-1,0,-8,-2.8,-0.02,0.798,0.806,-2.02,0,28,0,198.1,64.3,81.1,74.4,0.00,1,1.1,2.3
16.00,cruise,347.86,2.14,0.800,1,2326.8,-3065.5,-1368.3,3571.0,-24.43,74.88,131,71,-1,63.3,37.4,69.0,50.5,0.01,0.01,1.00,0.00,0.00,0.00,30.22,72.74,99,-1,0,-8,-2.8,-0.02,0.800,0.809,-2.17,0,28,0,198.0,64.1,81.0,74.2,0.00,1,1.1,2.3
16.10,cruise,347.63,2.37,0.800,1,2324.3,-3057.9,-1365.8,3563.4,-25.05,76.73,131,71,-1,63.1,36.9,69.0,50.0,0.01,0.00,1.00,0.00,0.00,0.00,31.33,74.39,99,-1,0,-8,-2.7,-0.02,0.800,0.806,-2.31,0,28,0,198.1,63.9,80.9,73.9,0.00,1,0.6,2.5
16.20,cruise,347.40,2.60,0.800,1,2319.1,-3042.0,-1363.3,3555.5,-26.54,80.51,131,71,-1,62.9,36.4,68.9,49.4,0.00,0.00,1.00,0.00,0.00,0.00,32.25,76.23,99,-1,0,-8,-2.5,-0.02,0.800,0.803,-2.43,0,28,0,198.1,63.6,80.8,73.6,0.00,1,-0.1,4.0
16.30,cruise,347.15,2.85,0.800,1,2319.1,-3042.0,-1360.6,3547.5,-26.54,80.51,131,71,-1,62.6,35.9,68.7,48.6,0.00,-0.00,1.00,0.00,0.00,0.00,32.84,78.15,99,-1,0,-7,-2.5,-0.02,0.800,0.802,-2.52,0,28,0,198.1,63.2,80.6,73.3,0.00,1,-0.1,4.0
16.40,cruise,346.90,3.10,0.800,1,2316.4,-3033.8,-1357.9,3539.3,-27.25,82.44,131,71,-1,62.4,35.5,68.5,47.8,-0.00,-0.00,1.00,0.00,0.00,0.00,33.36,80.16,99,-1,0,-7,-2.4,-0.02,0.800,0.803,-2.61,0,28,0,198.2,62.7,80.4,72.9,0.00,1,-0.3,4.8
16.50,cruise,346.65,3.35,0.800,1,2310.8,-3016.9,-1355.1,3531.0,-28.74,86.13,131,71,-1,62.1,35.1,68.3,46.9,-0.00,-0.00,1.00,0.00,0.00,0.00,33.59,82.20,99,-1,0,-7,-2.3,-0.02,0.800,0.806,-2.68,0,28,0,198.2,62.1,80.2,72.5,0.00,1,-0.3,6.0
16.60,cruise,346.39,3.61,0.800,1,2307.8,-3008.2,-1352.3,3522.4,-29.53,87.89,130,71,-1,61.9,34.6,68.1,46.0,-0.00,-0.00,1.00,0.00,0.00,0.00,33.57,84.37,99,-1,0,-6,-2.3,-0.02,0.800,0.802,-2.75,0,28,0,198.1,61.6,80.0,72.1,0.00,1,0.3,6.0
16.70,cruise,346.12,3.88,0.800,1,2307.8,-3008.2,-1349.3,3513.7,-29.53,87.89,130,71,-1,61.6,34.2,67.9,45.2,-0.00,0.01,1.00,0.00,0.00,0.00,33.35,86.52,99,-1,0,-6,-2.3,-0.01,0.800,0.806,-2.79,0,28,0,197.9,61.0,79.8,71.9,0.00,1,0.3,6.0
16.80,cruise,345.85,4.15,0.800,1,2304.8,-2999.2,-1346.3,3504.7,-30.32,89.65,129,71,-1,61.4,33.7,67.8,44.4,-0.00,0.01,1.00,0.00,0.00,0.00,33.00,88.70,99,-1,0,-6,-2.3,-0.01,0.800,0.808,-2.83,0,28,0,197.8,60.5,79.7,71.6,0.00,1,0.5,5.6
16.90,cruise,345.57,4.43,0.800,1,2298.6,-2980.9,-1343.2,3495.6,-31.90,93.16,128,71,-1,61.1,33.4,67.7,43.5,-0.00,0.01,1.00,0.00,0.00,0.00,32.50,90.92,99,-1,0,-5,-2.3,-0.01,0.800,0.807,-2.86,0,28,0,197.8,60.0,79.5,71.2,0.00,1,-1.2,5.3
17.00,cruise,345.30,4.70,0.800,1,2298.6,-2980.9,-1340.1,3486.4,-31.90,93.16,128,71,-1,60.8,33.1,67.4,42.5,-0.00,0.00,1.00,0.00,0.00,0.00,31.82,93.19,99,-1,0,-5,-2.3,-0.01,0.800,0.805,-2.87,0,28,0,198.0,59.5,79.2,70.7,0.00,1,-1.2,5.3
17.10,cruise,345.03,4.97,0.800,1,2295.3,-2971.4,-1336.8,3476.9,-32.78,94.83,127,71,-1,60.5,32.8,67.0,41.4,-0.01,-0.00,1.00,0.00,0.00,0.00,30.76,95.51,99,-1,0,-4,-2.2,-0.00,0.800,0.810,-2.88,0,28,0,198.4,59.0,78.7,70.0,0.00,1,-2.1,5.2
17.20,cruise,344.76,5.24,0.800,1,2288.6,-2952.1,-1333.5,3467.3,-34.45,98.09,126,71,-1,60.2,32.7,66.6,40.4,-0.01,-0.00,1.00,0.00,0.00,0.00,29.53,97.73,99,-1,0,-3,-2.1,0.00,0.800,0.811,-2.86,0,28,0,198.8,58.5,78.3,69.3,0.00,1,-2.8,3.9
17.30,cruise,344.50,5.50,0.800,1,2288.6,-2952.1,-1330.1,3457.6,-34.45,98.09,125,71,-1,59.9,32.5,66.2,39.4,-0.01,-0.00,1.00,0.00,0.00,0.00,28.11,100.09,99,-1,0,-3,-2.1,0.01,0.800,0.810,-2.83,0,28,0,199.2,58.2,77.8,68.6,0.00,1,-2.8,3.9
17.40,cruise,344.24,5.76,0.800,1,2285.0,-2942.1,-1326.5,3447.6,-35.33,99.67,124,71,-1,59.6,32.4,65.8,38.4,-0.01,-0.00,1.00,0.00,0.00,0.00,26.52,102.37,99,-1,0,-2,-2.2,0.01,0.800,0.809,-2.77,0,28,0,199.7,57.9,77.3,67.9,0.00,1,-3.1,3.3
17.50,cruise,343.99,6.01,0.800,1,2277.8,-2921.8,-1322.9,3437.5,-37.00,102.74,123,69,-1,59.4,32.3,65.5,37.5,-0.01,-0.00,1.00,0.00,0.00,0.00,24.57,104.69,99,-1,0,-1,-2.1,0.02,0.800,0.809,-2.70,0,28,0,200.3,57.6,76.8,67.1,0.00,1,-3.4,1.7
17.60,cruise,343.74,6.26,0.800,1,2274.0,-2911.4,-1319.3,3427.3,-37.88,104.33,122,69,-1,59.1,32.2,65.1,36.7,-0.01,-0.00,1.00,0.00,0.00,0.00,22.60,106.84,99,-1,0,-0,-2.1,0.02,0.800,0.808,-2.61,0,28,0,200.9,57.5,76.3,66.4,0.00,1,-3.6,1.0
17.70,cruise,343.51,6.49,0.800,1,2270.2,-2900.9,-1315.5,3416.9,-38.67,105.82,121,69,-1,58.8,32.2,64.8,36.0,-0.01,0.00,1.00,0.00,0.00,0.00,20.57,109.07,99,-1,0,0,-2.1,0.03,0.800,0.808,-2.50,0,28,0,201.5,57.4,75.8,65.6,0.00,1,-3.7,0.2
17.80,cruise,343.29,6.71,0.800,1,2266.2,-2890.2,-1311.7,3406.4,-39.46,107.23,120,69,-1,58.6,32.1,64.4,35.3,-0.01,0.00,1.00,0.00,0.00,0.00,18.55,111.13,99,-1,0,1,-2.1,0.03,0.800,0.808,-2.38,0,28,0,202.3,57.4,75.3,64.8,0.00,1,-4.0,-0.6
17.90,cruise,343.08,6.92,0.800,1,2262.2,-2879.3,-1307.7,3395.7,-40.25,108.72,118,66,-1,58.3,32.1,64.1,34.7,-0.01,0.00,1.00,0.00,0.00,0.00,16.06,113.12,99,-1,0,2,-2.1,0.04,0.800,0.809,-2.24,0,28,0,203.0,57.5,74.8,64.0,0.00,1,-4.1,-1.3
18.00,cruise,342.88,7.12,0.800,1,2262.2,-2879.3,-1303.7,3384.8,-40.25,108.72,117,66,-1,58.1,32.1,63.7,34.2,-0.01,0.00,1.00,0.00,0.00,0.00,13.67,115.12,99,-1,0,3,-2.1,0.04,0.800,0.809,-2.08,0,28,0,203.9,57.6,74.3,63.3,0.00,1,-4.1,-1.3
18.10,cruise,342.71,7.29,0.800,1,2258.1,-2868.4,-1299.6,3373.9,-41.04,110.21,116,66,-1,57.9,32.1,63.4,33.7,-0.01,0.00,1.00,0.00,0.00,0.00,11.36,117.06,99,-1,0,3,-2.1,0.05,0.800,0.809,-1.91,0,28,0,204.8,57.8,73.8,62.5,0.00,1,-4.3,-2.1
18.20,cruise,342.55,7.45,0.800,1,2249.7,-2846.0,-1295.5,3362.7,-42.54,113.03,115,66,-1,57.7,32.2,63.0,33.4,-0.01,0.00,1.00,0.00,0.00,0.00,9.17,118.82,99,-1,0,4,-2.1,0.05,0.800,0.809,-1.73,0,28,0,205.7,58.1,73.3,61.7,0.00,1,-4.5,-3.4
18.30,cruise,342.41,7.59,0.800,1,2245.4,-2834.6,-1291.2,3351.5,-43.15,114.43,114,62,-1,57.5,32.3,62.7,33.0,-0.01,0.00,1.00,0.00,0.00,0.00,6.27,120.60,99,-1,0,5,-2.1,0.06,0.800,0.809,-1.53,0,28,0,206.8,58.4,72.8,60.8,0.00,1,-4.7,-4.1
18.40,cruise,342.29,7.71,0.800,1,2245.4,-2834.6,-1286.9,3340.1,-43.15,114.43,112,62,-1,57.3,32.4,62.4,32.8,-0.01,0.00,1.00,0.00,0.00,0.00,3.70,122.24,99,-1,0,6,-2.1,0.07,0.800,0.808,-1.32,0,28,0,207.9,58.9,72.3,60.0,0.00,1,-4.7,-4.1
18.50,cruise,342.20,7.80,0.800,1,2236.6,-2811.3,-1282.6,3328.5,-44.47,117.25,111,62,-1,57.2,32.5,62.0,32.6,-0.01,0.00,1.00,0.00,0.00,0.00,1.23,123.86,99,-1,0,7,-2.1,0.07,0.800,0.808,-1.10,0,28,0,209.1,59.3,71.7,59.2,0.00,1,-5.1,-5.6
18.60,cruise,342.12,7.88,0.800,1,2236.6,-2811.3,-1278.1,3316.8,-44.47,117.25,110,62,-1,57.1,32.6,61.7,32.4,-0.01,0.00,1.00,0.00,0.00,0.00,-1.00,125.39,99,-1,0,8,-2.1,0.08,0.800,0.807,-0.86,0,28,0,210.4,59.9,71.2,58.3,0.00,1,-5.1,-5.6
18.70,cruise,342.07,7.93,0.800,1,2232.2,-2799.5,-1273.7,3305.0,-45.00,118.65,109,57,-1,57.0,32.8,61.4,32.3,-0.01,0.00,1.00,0.00,0.00,0.00,-4.17,126.83,99,-1,0,8,-2.2,0.09,0.800,0.806,-0.61,0,28,0,211.8,60.5,70.7,57.5,0.00,1,-5.2,-6.3
18.80,cruise,342.05,7.95,0.800,1,2223.0,-2775.4,-1269.1,3293.0,-46.05,121.46,108,57,-1,56.9,33.0,61.1,32.4,-0.00,0.00,1.00,0.00,0.00,0.00,-7.03,128.21,99,-1,0,9,-1.5,0.09,0.800,0.804,-0.35,0,28,0,213.3,61.2,70.2,56.6,0.00,1,-5.5,-8.2
18.90,cruise,342.05,7.95,0.800,1,2223.0,-2775.4,-1264.5,3280.9,-46.05,121.46,107,57,-1,56.9,33.2,60.8,32.6,0.00,0.00,1.00,0.00,0.00,0.00,-9.54,129.55,99,-1,0,10,-1.5,0.09,0.800,0.801,-0.08,0,28,0,214.8,62.0,69.7,55.9,0.00,1,-5.5,-8.2
19.00,cruise,342.07,7.93,0.800,1,2213.7,-2750.8,-1259.9,3268.7,-46.85,124.19,106,57,-1,56.9,33.5,60.5,33.1,0.01,0.00,1.00,0.00,0.00,0.00,-11.60,130.78,99,-1,0,11,0.4,0.08,0.800,0.807,0.21,0,28,0,216.5,63.0,69.3,55.3,0.00,1,-5.8,-10.3
19.10,cruise,342.13,7.87,0.800,1,2209.0,-2738.3,-1255.2,3256.3,-47.20,125.60,104,51,-1,56.9,33.8,60.2,33.7,0.01,-0.00,1.00,0.00,0.00,0.00,-15.16,131.86,99,-1,0,11,1.1,0.07,0.800,0.811,0.50,0,28,0,218.2,63.9,68.9,54.8,0.00,1,-6.0,-9.8
19.20,cruise,342.21,7.79,0.800,1,2209.0,-2738.3,-1250.5,3243.8,-47.20,125.60,103,51,-1,56.9,34.2,59.8,34.4,0.01,-0.01,1.00,0.00,0.00,0.00,-18.18,132.93,99,-1,0,12,1.1,0.07,0.800,0.816,0.80,0,28,0,219.7,64.7,68.5,54.4,0.00,1,-6.0,-9.8
19.30,cruise,342.32,7.68,0.800,1,2199.5,-2712.8,-1245.8,3231.1,-47.64,128.32,102,51,-1,57.0,34.6,59.4,35.0,0.01,-0.01,1.00,0.00,0.00,0.00,-20.70,133.99,99,-1,0,12,3.2,0.06,0.800,0.821,1.09,0,28,0,221.2,65.4,68.1,54.1,0.00,1,-6.2,-7.2
19.40,cruise,342.47,7.53,0.800,1,2194.7,-2699.9,-1241.0,3218.3,-47.72,129.73,101,51,-1,57.0,35.2,59.0,35.5,0.01,-0.02,1.00,0.00,0.00,0.00,-22.82,134.96,99,-1,0,12,4.4,0.05,0.800,0.828,1.39,0,28,0,222.3,65.8,67.8,54.0,0.00,1,-5.9,-6.1
19.50,cruise,342.64,7.36,0.800,1,2194.7,-2699.9,-1236.2,3205.4,-47.72,129.73,99,46,-1,57.1,35.7,58.5,36.2,0.02,-0.02,1.00,0.00,0.00,0.00,-26.60,135.64,99,-1,0,12,4.4,0.03,0.800,0.832,1.70,0,28,0,223.2,66.2,67.5,54.1,0.00,1,-5.9,-6.1
19.60,cruise,342.84,7.16,0.800,1,2190.0,-2686.8,-1231.5,3192.3,-47.81,131.13,98,46,-1,57.3,36.3,58.1,37.0,0.02,-0.02,1.00,0.00,0.00,0.00,-29.79,136.36,99,-1,0,11,5.7,0.01,0.800,0.835,2.04,0,28,0,223.7,66.4,67.3,54.5,0.00,1,-4.7,-5.5
19.70,cruise,343.08,6.92,0.800,1,2180.4,-2660.2,-1226.7,3179.1,-47.81,133.77,97,46,-1,57.4,37.0,57.8,38.1,0.03,-0.02,1.00,0.00,0.00,0.00,-32.29,137.06,99,-1,0,11,8.3,-0.01,0.800,0.838,2.39,0,28,0,223.9,66.6,67.4,55.1,0.00,1,-2.4,-4.5
19.80,cruise,343.35,6.65,0.800,1,2175.6,-2646.7,-1221.9,3165.7,-47.81,135.09,96,46,-1,57.6,37.7,57.6,39.2,0.03,-0.02,1.00,0.00,0.00,0.00,-34.24,137.87,99,-1,0,10,9.0,-0.03,0.800,0.842,2.75,0,28,0,223.9,66.7,67.6,56.0,0.00,1,-2.1,-3.5
19.90,cruise,343.65,6.35,0.800,1,2175.6,-2646.7,-1217.1,3152.2,-47.81,135.09,95,45,-1,57.9,38.4,57.3,40.2,0.03,-0.02,1.00,0.00,0.00,0.00,-35.93,138.72,99,-1,0,9,9.0,-0.04,0.800,0.847,3.10,0,28,0,223.6,66.7,67.7,56.9,0.00,1,-2.1,-3.5
20.00,cruise,343.99,6.01,0.800,1,2170.8,-2633.1,-1212.3,3138.6,-47.72,136.41,94,45,-1,58.1,39.2,56.9,41.1,0.03,-0.03,1.00,0.00,0.00,0.00,-37.20,139.64,99,-1,0,8,9.3,-0.05,0.800,0.850,3.43,0,28,0,223.1,66.6,67.9,57.7,0.00,1,-2.0,-2.5
20.10,cruise,344.37,5.63,0.800,1,2161.3,-2605.5,-1207.6,3124.9,-47.64,139.04,94,45,-1,58.4,40.1,56.5,41.7,0.02,-0.04,1.00,0.00,0.00,0.00,-38.37,140.62,99,-1,0,7,7.3,-0.05,0.800,0.849,3.76,0,28,0,222.6,66.3,68.1,58.5,0.00,1,-1.2,0.3
20.20,cruise,344.78,5.22,0.800,1,2156.6,-2591.5,-1202.8,3111.0,-47.55,140.36,93,45,-1,58.8,40.8,56.2,42.2,0.02,-0.04,1.00,0.00,0.00,0.00,-39.33,141.62,99,-1,0,7,5.2,-0.04,0.800,0.843,4.11,0,28,0,221.9,66.0,68.2,59.2,0.00,1,0.1,1.5
20.30,cruise,345.23,4.77,0.800,1,2156.6,-2591.5,-1198.1,3097.0,-47.55,140.36,94,48,-1,59.2,41.5,56.1,42.4,0.01,-0.03,1.00,0.00,0.00,0.00,-38.88,143.00,99,-1,0,6,5.2,-0.02,0.800,0.833,4.47,0,28,0,221.2,65.7,68.4,59.8,0.00,1,0.1,1.5
20.40,cruise,345.72,4.28,0.800,1,2151.8,-2577.4,-1193.3,3082.9,-47.37,141.68,94,48,-1,59.8,42.1,56.1,42.5,0.00,-0.02,1.00,0.00,0.00,0.00,-38.34,144.39,99,-1,0,6,3.1,0.00,0.800,0.822,4.81,0,28,0,220.4,65.4,68.7,60.2,0.00,1,1.7,2.4
20.50,cruise,346.24,3.76,0.800,1,2142.3,-2548.7,-1188.6,3068.6,-47.29,144.14,94,48,-1,60.4,42.5,56.3,42.5,-0.00,-0.02,1.00,0.00,0.00,0.00,-37.88,145.71,99,-1,0,5,-0.6,0.02,0.800,0.814,5.16,0,28,0,219.6,65.1,69.0,60.7,0.00,1,4.8,3.3
20.60,cruise,346.80,3.20,0.761,1,2142.3,-2548.7,-1183.8,3054.2,-47.29,144.14,94,48,-1,61.0,42.9,56.7,42.5,-0.00,-0.01,1.00,0.00,0.00,0.00,-37.16,147.08,99,-1,0,5,-0.6,0.04,0.761,0.772,5.51,0,28,0,218.7,64.9,69.5,61.1,0.00,1,4.8,3.3
20.70,cruise,347.39,2.61,0.721,1,2137.6,-2534.2,-1179.1,3039.7,-47.29,145.37,95,51,-1,61.8,43.2,57.2,42.5,-0.01,-0.00,1.00,0.00,0.00,0.00,-34.60,148.90,99,-1,0,4,-1.6,0.05,0.722,0.728,5.83,0,28,0,217.7,64.7,69.9,61.5,0.00,1,5.9,3.5
20.80,cruise,348.00,2.00,0.683,1,2132.9,-2519.6,-1174.4,3025.1,-47.37,146.60,96,51,-1,62.5,43.6,57.8,42.4,-0.01,-0.00,1.00,0.00,0.00,0.00,-32.17,150.67,99,-1,0,4,-2.4,0.06,0.683,0.691,6.09,0,28,0,216.7,64.5,70.4,61.9,0.00,1,6.5,3.7
20.90,cruise,348.62,1.38,0.648,1,2128.1,-2504.9,-1169.6,3010.4,-47.37,147.57,97,51,-1,63.3,43.9,58.4,42.3,-0.01,-0.01,1.00,0.00,0.00,0.00,-29.74,152.11,99,-1,0,4,-2.7,0.06,0.649,0.660,6.25,0,28,0,215.7,64.3,70.9,62.3,0.00,1,6.5,3.7
21.00,cruise,349.25,0.75,0.617,1,2118.7,-2475.1,-1164.9,2995.5,-47.46,149.24,98,51,-1,64.0,44.3,58.9,42.2,-0.02,-0.01,1.00,0.00,0.00,0.00,-27.48,153.41,99,-1,0,3,-3.1,0.06,0.617,0.633,6.32,0,28,0,214.8,64.1,71.4,62.6,0.00,1,6.2,3.8
21.10,cruise,349.88,0.12,0.589,1,2113.9,-2460.2,-1160.2,2980.6,-47.55,149.85,99,55,-1,64.8,44.7,59.5,42.0,-0.02,-0.01,1.00,0.00,0.00,0.00,-23.70,154.80,99,-1,0,3,-3.1,0.06,0.590,0.609,6.31,0,28,0,213.9,63.9,71.8,62.9,0.00,1,6.0,3.6
21.20,cruise,350.50,-0.50,0.565,1,2109.1,-2445.1,-1155.4,2965.7,-47.64,150.47,100,55,-1,65.5,45.0,60.0,41.9,-0.02,-0.02,1.00,0.00,0.00,0.00,-20.35,155.89,99,-1,0,3,-2.6,0.06,0.565,0.587,6.23,0,28,0,213.0,63.7,72.2,63.2,0.00,1,6.2,3.1
21.30,cruise,351.10,-1.10,0.543,1,2104.4,-2430.1,-1150.6,2950.6,-47.64,150.91,101,55,-1,66.2,45.4,60.6,41.9,-0.02,-0.02,1.00,0.00,0.00,0.00,-17.18,156.89,99,-1,0,2,-1.5,0.05,0.543,0.561,6.10,0,28,0,212.1,63.5,72.7,63.6,0.00,1,6.5,2.4
21.40,cruise,351.67,-1.67,0.524,1,2099.6,-2414.9,-1145.9,2935.6,-47.72,151.26,102,55,-1,66.9,45.8,61.2,42.2,-0.01,-0.02,1.00,0.00,0.00,0.00,-14.01,157.63,99,-1,0,2,-0.2,0.03,0.524,0.538,5.92,0,28,0,211.0,63.4,73.2,64.2,0.00,1,7.0,1.6
21.50,cruise,352.22,-2.22,0.508,1,2099.6,-2414.9,-1141.1,2920.4,-47.72,151.26,104,59,-1,67.5,46.3,61.8,42.7,0.00,-0.01,1.00,0.00,0.00,0.00,-9.53,158.32,99,-1,0,1,-0.2,0.01,0.508,0.516,5.70,0,28,0,209.8,63.3,74.0,65.0,0.00,1,7.0,1.6
21.60,cruise,352.74,-2.74,0.496,1,2090.0,-2384.6,-1136.3,2905.3,-47.81,151.79,106,59,-1,68.1,46.7,62.6,43.5,0.01,-0.01,1.00,0.00,0.00,0.00,-5.06,158.81,99,-1,0,-0,1.5,-0.01,0.496,0.505,5.42,0,28,0,208.4,63.3,74.8,66.1,0.00,1,8.1,0.6
21.70,cruise,353.21,-3.21,0.488,1,2085.3,-2369.4,-1131.5,2890.1,-47.90,151.96,107,59,-1,68.7,47.2,63.3,44.4,0.02,-0.00,1.00,0.00,0.00,0.00,-0.45,159.14,99,-1,0,-1,1.9,-0.03,0.488,0.499,5.06,0,28,0,206.9,63.3,75.7,67.2,0.00,1,8.1,0.5
21.80,cruise,353.65,-3.65,0.483,1,2080.5,-2354.2,-1126.8,2874.9,-47.99,152.14,109,59,-1,69.2,47.6,64.1,45.3,0.02,-0.00,1.00,0.00,0.00,0.00,4.13,159.28,99,-1,0,-3,2.1,-0.04,0.484,0.496,4.68,0,28,0,205.4,63.3,76.6,68.5,0.00,1,8.1,0.5
21.90,cruise,354.04,-4.04,0.481,1,2080.5,-2354.2,-1122.0,2859.7,-47.99,152.14,111,65,-1,69.6,48.0,64.8,46.3,0.03,-0.00,1.00,0.00,0.00,0.00,10.20,159.20,99,-1,0,-4,2.1,-0.05,0.482,0.496,4.27,0,28,0,203.8,63.3,77.5,69.8,0.00,1,8.1,0.5
22.00,cruise,354.40,-4.40,0.482,1,2075.7,-2339.0,-1117.2,2844.5,-48.08,152.40,113,65,-1,70.0,48.3,65.6,47.3,0.03,-0.00,1.00,0.00,0.00,0.00,16.09,158.99,99,-1,0,-5,2.2,-0.06,0.482,0.497,3.84,0,28,0,202.3,63.3,78.4,71.0,0.00,1,8.0,0.6
22.10,cruise,354.70,-4.70,0.485,1,2070.9,-2323.7,-1112.4,2829.2,-48.08,152.58,115,65,-1,70.4,48.5,66.3,48.3,0.03,-0.00,1.00,0.00,0.00,0.00,21.79,158.48,99,-1,0,-6,1.9,-0.07,0.485,0.500,3.39,0,28,0,200.7,63.2,79.2,72.3,0.00,1,7.8,0.9
22.20,cruise,354.97,-4.97,0.491,1,2061.2,-2293.1,-1107.5,2813.9,-48.34,153.02,117,65,-1,70.7,48.7,66.9,49.1,0.02,-0.00,1.00,0.00,0.00,0.00,27.19,157.93,99,-1,0,-8,0.6,-0.07,0.492,0.505,2.92,0,28,0,199.1,63.1,80.0,73.5,0.00,1,7.4,1.9
22.30,cruise,355.18,-5.18,0.500,1,2056.4,-2277.8,-1102.7,2798.6,-48.43,153.28,119,71,-1,70.9,48.7,67.6,49.8,0.02,-0.00,1.00,0.00,0.00,0.00,33.17,157.01,99,-1,0,-9,-0.1,-0.07,0.500,0.512,2.43,0,28,0,197.7,62.9,80.8,74.6,0.00,1,7.3,2.5
22.40,cruise,355.35,-5.35,0.512,1,2051.5,-2262.5,-1097.9,2783.3,-48.52,153.54,121,71,-1,71.2,48.6,68.2,50.4,0.02,-0.00,1.00,0.00,0.00,0.00,38.75,156.01,99,-1,0,-10,-1.0,-0.07,0.512,0.522,1.93,0,28,0,196.3,62.7,81.4,75.6,0.00,1,7.1,3.2
22.50,cruise,355.47,-5.47,0.526,1,2051.5,-2262.5,-1093.0,2768.0,-48.52,153.54,123,71,-1,71.3,48.3,68.8,50.8,0.01,-0.00,1.00,0.00,0.00,0.00,43.78,154.96,99,-1,0,-11,-1.0,-0.06,0.526,0.534,1.42,0,28,0,195.0,62.4,82.1,76.4,0.00,1,7.1,3.2
22.60,cruise,355.54,-5.54,0.543,1,2046.7,-2247.1,-1088.2,2752.6,-48.69,153.72,125,71,-1,71.5,47.8,69.3,51.1,0.01,0.00,1.00,0.00,0.00,0.00,48.15,153.89,99,-1,0,-11,-1.9,-0.06,0.543,0.549,0.90,0,28,0,193.8,62.1,82.6,77.2,0.00,1,6.9,3.8
22.70,cruise,355.56,-5.56,0.562,1,2036.9,-2216.3,-1083.3,2737.2,-49.13,154.42,127,76,-1,71.5,47.2,69.8,51.1,0.00,-0.00,1.00,0.00,0.00,0.00,52.56,152.78,99,-1,0,-12,-3.7,-0.05,0.562,0.565,0.38,0,28,0,192.7,61.6,83.1,77.9,0.00,1,6.6,6.0
22.80,cruise,355.54,-5.54,0.581,1,2031.9,-2200.8,-1078.4,2721.8,-49.48,154.78,128,76,-1,71.6,46.4,70.3,51.0,0.00,-0.00,1.00,0.00,0.00,0.00,56.40,151.92,99,-1,0,-12,-4.3,-0.04,0.581,0.582,-0.10,0,28,0,191.7,61.1,83.5,78.4,0.00,1,6.4,6.4
22.90,cruise,355.47,-5.47,0.602,1,2031.9,-2200.8,-1073.4,2706.3,-49.48,154.78,129,76,-1,71.6,45.5,70.8,50.7,-0.00,0.00,1.00,0.00,0.00,0.00,59.45,151.23,99,-1,0,-13,-4.3,-0.04,0.602,0.603,-0.56,0,28,0,190.8,60.5,83.8,78.8,0.00,1,6.4,6.4
23.00,cruise,355.36,-5.36,0.624,1,2026.9,-2185.3,-1068.4,2690.8,-49.83,155.21,130,76,-1,71.5,44.4,71.2,50.3,-0.00,0.00,1.00,0.00,0.00,0.00,62.00,150.77,99,-1,0,-13,-4.7,-0.04,0.624,0.628,-1.02,0,28,0,190.1,59.9,84.1,79.2,0.00,1,6.2,6.6
23.10,cruise,355.21,-5.21,0.647,1,2021.9,-2169.8,-1063.4,2675.3,-50.23,155.74,131,80,-1,71.4,43.2,71.6,49.9,-0.00,0.01,1.00,0.00,0.00,0.00,64.39,150.44,99,-1,0,-14,-5.0,-0.04,0.648,0.653,-1.45,0,28,0,189.4,59.3,84.4,79.5,0.00,1,5.9,6.7
23.20,cruise,355.02,-5.02,0.671,1,2016.9,-2154.1,-1058.4,2659.6,-50.76,156.27,132,80,-1,71.3,41.9,72.0,49.4,0.00,0.01,1.00,0.00,0.00,0.00,66.17,150.39,99,-1,0,-14,-5.1,-0.03,0.671,0.678,-1.85,0,28,0,188.8,58.7,84.6,79.7,0.00,1,5.7,6.8
23.30,cruise,354.78,-4.78,0.697,1,2011.8,-2138.5,-1053.3,2644.0,-51.28,156.88,132,80,-1,71.1,40.6,72.3,48.9,0.00,0.01,1.00,0.00,0.00,0.00,67.57,150.59,99,-1,0,-14,-5.3,-0.03,0.697,0.707,-2.26,0,28,0,188.3,58.1,84.8,79.8,0.00,1,5.5,6.8
23.40,cruise,354.52,-4.52,0.724,1,2006.6,-2122.7,-1048.1,2628.2,-51.90,157.50,133,80,-1,70.8,39.2,72.6,48.2,-0.00,0.01,1.00,0.00,0.00,0.00,68.44,151.05,99,-1,0,-14,-5.3,-0.03,0.724,0.733,-2.65,0,28,0,188.0,57.4,84.9,79.8,0.00,1,4.9,6.8
23.50,cruise,354.21,-4.21,0.751,1,1996.0,-2091.1,-1042.8,2612.4,-53.31,158.91,133,81,-1,70.6,37.9,72.9,47.4,-0.00,0.01,1.00,0.00,0.00,0.00,69.04,151.75,99,-1,0,-14,-5.4,-0.03,0.752,0.762,-3.01,0,28,0,187.7,56.8,84.9,79.7,0.00,1,4.1,6.8
23.60,cruise,353.87,-3.87,0.780,1,1996.0,-2091.1,-1037.5,2596.6,-53.31,158.91,133,81,-1,70.3,36.5,73.2,46.6,0.00,0.02,1.00,0.00,0.00,0.00,69.23,152.64,99,-1,0,-14,-5.4,-0.03,0.780,0.794,-3.36,0,28,0,187.5,56.2,84.9,79.5,0.00,1,4.1,6.8
23.70,cruise,353.51,-3.51,0.800,1,1990.6,-2075.1,-1032.1,2580.6,-54.14,159.70,133,81,-1,69.9,35.1,73.4,45.7,0.00,0.02,1.00,0.00,0.00,0.00,69.00,153.86,99,-1,0,-13,-5.4,-0.03,0.800,0.818,-3.68,0,28,0,187.4,55.5,84.9,79.3,0.00,1,3.9,6.8
23.80,cruise,353.11,-3.11,0.800,1,1979.6,-2042.9,-1026.7,2564.6,-56.03,161.54,133,81,-1,69.6,33.7,73.6,44.7,0.00,0.03,1.00,0.00,0.00,0.00,68.40,155.36,99,-1,0,-13,-5.3,-0.03,0.800,0.821,-3.97,0,28,0,187.3,54.9,84.9,78.9,0.00,1,3.0,6.7
23.90,cruise,352.69,-2.69,0.800,1,1973.9,-2026.7,-1021.1,2548.4,-57.04,162.51,132,82,-1,69.2,32.4,73.8,43.5,0.00,0.02,1.00,0.00,0.00,0.00,67.47,157.11,99,-1,0,-13,-5.5,-0.02,0.800,0.820,-4.24,0,28,0,187.3,54.3,84.7,78.4,0.00,1,1.9,6.7
24.00,cruise,352.24,-2.24,0.800,1,1973.9,-2026.7,-1015.4,2532.2,-57.04,162.51,132,82,-1,68.7,31.3,73.8,42.1,-0.00,0.02,1.00,0.00,0.00,0.00,66.01,159.08,99,-1,0,-12,-5.5,-0.02,0.800,0.819,-4.51,0,28,0,187.6,53.7,84.4,77.6,0.00,1,1.9,6.7
24.10,cruise,351.78,-1.78,0.800,1,1968.1,-2010.4,-1009.6,2515.9,-58.10,163.43,131,82,-1,68.3,30.3,73.7,40.3,-0.01,0.02,1.00,0.00,0.00,0.00,63.88,161.26,99,-1,0,-10,-5.9,-0.00,0.800,0.818,-4.78,0,28,0,188.0,53.0,83.9,76.4,0.00,1,0.5,6.6
24.20,cruise,351.29,-1.29,0.800,1,1956.2,-1977.5,-1003.7,2499.5,-60.25,165.19,130,82,-1,67.8,29.6,73.5,38.2,-0.01,0.01,1.00,0.00,0.00,0.00,61.00,163.65,99,-1,0,-9,-6.3,0.01,0.800,0.816,-5.04,0,28,0,188.7,52.4,83.3,74.8,0.00,1,-1.9,6.6
24.30,cruise,350.78,-0.78,0.800,1,1950.1,-1960.9,-997.7,2483.0,-61.35,166.03,129,80,-1,67.2,29.0,73.1,35.8,-0.01,0.01,1.00,0.00,0.00,0.00,57.19,166.27,99,-1,0,-7,-6.4,0.03,0.800,0.815,-5.28,0,28,0,189.4,51.8,82.5,73.0,0.00,1,-3.0,6.7
24.40,cruise,350.25,-0.25,0.800,1,1943.9,-1944.3,-991.6,2466.4,-62.49,166.82,128,80,-1,66.7,28.6,72.7,33.3,-0.02,0.00,1.00,0.00,0.00,0.00,52.57,169.01,99,-1,0,-5,-6.3,0.04,0.800,0.815,-5.50,0,28,0,190.3,51.2,81.7,71.0,0.00,1,-3.7,6.3
24.50,cruise,349.70,0.30,0.800,1,1943.9,-1944.3,-985.4,2449.8,-62.49,166.82,126,80,-1,66.1,28.3,72.3,30.7,-0.02,0.00,1.00,0.00,0.00,0.00,47.22,171.77,99,-1,0,-3,-6.3,0.06,0.800,0.817,-5.70,0,28,0,191.3,50.6,80.7,68.9,0.00,1,-3.7,6.3
24.60,cruise,349.14,0.86,0.800,1,1931.1,-1910.7,-979.1,2433.0,-64.69,168.31,124,80,-1,65.5,28.2,71.8,28.1,-0.02,0.00,1.00,0.00,0.00,0.00,41.30,174.40,99,-1,0,-1,-6.1,0.07,0.800,0.820,-5.87,0,28,0,192.2,50.1,79.7,66.7,0.00,1,-4.1,4.6
24.70,cruise,348.56,1.44,0.800,1,1931.1,-1910.7,-972.6,2416.2,-64.69,168.31,122,76,-1,64.9,28.1,71.4,25.8,-0.02,0.01,1.00,0.00,0.00,0.00,34.39,177.00,99,-1,0,1,-6.1,0.08,0.800,0.824,-6.01,0,28,0,193.2,49.7,78.8,64.7,0.00,1,-4.1,4.6
24.80,cruise,347.97,2.03,0.800,1,1924.6,-1893.8,-966.1,2399.3,-65.83,169.01,120,76,-1,64.3,28.1,70.9,23.8,-0.02,0.01,1.00,0.00,0.00,0.00,27.23,179.33,99,-1,0,3,-5.5,0.09,0.800,0.826,-6.12,0,28,0,194.1,49.4,77.9,62.8,0.00,1,-4.2,3.3
24.90,cruise,347.37,2.63,0.800,1,1917.9,-1876.9,-959.4,2382.4,-66.97,169.72,118,76,-1,63.6,28.1,70.5,22.2,-0.02,0.01,1.00,0.00,0.00,0.00,20.13,181.34,99,-1,0,5,-4.3,0.08,0.800,0.825,-6.22,0,28,0,194.9,49.3,77.1,61.3,0.00,1,-4.5,1.8
25.00,cruise,346.75,3.25,0.800,1,1911.1,-1859.8,-952.6,2365.3,-68.12,170.38,116,76,-1,62.9,28.1,70.0,21.2,-0.02,0.01,1.00,0.00,0.00,0.00,13.33,183.00,99,-1,0,6,-2.5,0.07,0.800,0.821,-6.30,0,28,0,195.7,49.3,76.4,60.3,0.00,1,-5.2,0.2
25.10,cruise,346.13,3.87,0.800,1,1897.2,-1825.6,-945.7,2348.3,-70.36,171.65,114,73,-1,62.2,28.2,69.4,20.9,-0.01,0.00,1.00,0.00,0.00,0.00,6.52,184.41,99,-1,0,6,2.0,0.05,0.800,0.814,-6.37,0,28,0,196.4,49.4,75.8,59.7,0.00,1,-6.9,-3.4
25.20,cruise,345.50,4.50,0.800,1,1897.2,-1825.6,-938.7,2331.1,-70.36,171.65,112,73,-1,61.5,28.4,68.7,21.3,-0.01,0.00,1.00,0.00,0.00,0.00,0.58,185.51,99,-1,0,6,2.0,0.02,0.800,0.806,-6.41,0,28,0,197.1,49.6,75.4,59.7,0.00,1,-6.9,-3.4
25.30,cruise,344.87,5.13,0.800,1,1890.1,-1808.4,-931.6,2313.9,-71.46,172.31,111,73,-1,60.8,28.5,68.0,22.1,-0.00,-0.00,1.00,0.00,0.00,0.00,-4.39,186.49,99,-1,0,6,3.8,-0.00,0.800,0.803,-6.41,0,28,0,197.7,50.0,75.1,59.9,0.00,1,-7.5,-5.1
25.40,cruise,344.24,5.76,0.800,1,1875.6,-1773.8,-924.4,2296.6,-73.39,173.63,110,73,-1,60.1,28.6,67.3,23.1,0.00,-0.00,1.00,0.00,0.00,0.00,-8.34,187.35,99,-1,0,6,5.5,-0.02,0.800,0.804,-6.37,0,28,0,198.3,50.5,74.8,60.3,0.00,1,-8.2,-7.6
25.50,cruise,343.61,6.39,0.800,1,1868.1,-1756.3,-917.1,2279.3,-74.31,174.33,109,70,-1,59.4,28.8,66.5,24.3,0.01,-0.00,1.00,0.00,0.00,0.00,-11.90,188.12,99,-1,0,5,5.9,-0.03,0.800,0.806,-6.30,0,28,0,198.9,51.1,74.5,60.7,0.00,1,-8.5,-7.9
25.60,cruise,343.00,7.00,0.800,1,1860.7,-1738.9,-909.6,2261.8,-75.15,174.99,109,70,-1,58.6,29.0,65.7,25.4,0.01,-0.00,1.00,0.00,0.00,0.00,-14.69,188.94,99,-1,0,5,6.1,-0.04,0.800,0.808,-6.19,0,28,0,199.6,51.7,74.3,61.1,0.00,1,-8.7,-7.2
25.70,cruise,342.40,7.60,0.800,1,1853.1,-1721.3,-902.2,2244.4,-75.89,175.69,108,70,-1,57.9,29.2,64.9,26.4,0.01,-0.00,1.00,0.00,0.00,0.00,-16.81,189.70,99,-1,0,4,6.1,-0.04,0.800,0.810,-6.06,0,28,0,200.3,52.1,74.0,61.5,0.00,1,-8.9,-6.4
25.80,cruise,341.82,8.18,0.800,1,1853.1,-1721.3,-894.6,2226.8,-75.89,175.69,108,70,-1,57.4,29.6,64.1,27.3,0.01,-0.01,1.00,0.00,0.00,0.00,-18.40,190.50,99,-1,0,4,6.1,-0.04,0.800,0.812,-5.88,0,28,0,200.9,52.5,73.7,61.8,0.00,1,-8.9,-6.4
25.90,cruise,341.27,8.73,0.800,1,1837.7,-1686.0,-886.9,2209.2,-77.30,177.10,107,67,-1,57.3,30.3,63.3,28.1,0.01,-0.01,1.00,0.00,0.00,0.00,-20.43,191.24,99,-1,0,4,6.1,-0.05,0.800,0.816,-5.68,0,28,0,201.6,52.8,73.3,62.0,0.00,1,-9.2,-4.9
26.00,cruise,340.74,9.26,0.800,1,1829.9,-1668.2,-879.2,2191.5,-77.92,177.80,107,67,-1,57.2,31.1,62.4,28.7,0.00,-0.02,1.00,0.00,0.00,0.00,-22.12,191.96,99,-1,0,4,6.1,-0.05,0.800,0.819,-5.44,0,28,0,202.2,53.0,72.9,62.2,0.00,1,-9.0,-4.5
26.10,cruise,340.24,9.76,0.800,1,1829.9,-1668.2,-871.4,2173.7,-77.92,177.80,107,67,-1,57.1,31.8,61.5,29.3,0.00,-0.02,1.00,0.00,0.00,0.00,-23.56,192.69,99,-1,0,3,6.1,-0.05,0.800,0.820,-5.17,0,28,0,202.8,53.2,72.5,62.4,0.00,1,-9.0,-4.5
26.20,cruise,339.76,10.24,0.800,1,1822.1,-1650.4,-863.6,2155.9,-78.49,178.51,106,67,-1,57.0,32.5,60.8,29.9,0.00,-0.02,1.00,0.00,0.00,0.00,-24.76,193.42,99,-1,0,3,5.8,-0.05,0.800,0.818,-4.87,0,28,0,203.4,53.4,72.2,62.6,0.00,1,-8.1,-4.5
26.30,cruise,339.32,10.68,0.800,1,1814.2,-1632.5,-855.7,2138.0,-79.01,179.21,106,65,-1,56.9,33.0,60.1,30.5,0.00,-0.01,1.00,0.00,0.00,0.00,-26.48,194.06,99,-1,0,3,5.1,-0.04,0.800,0.812,-4.52,0,28,0,203.9,53.7,72.0,62.8,0.00,1,-6.9,-4.4
26.40,cruise,338.92,11.08,0.800,1,1806.3,-1614.5,-847.8,2120.0,-79.50,179.91,106,65,-1,56.8,33.5,59.7,31.0,0.00,-0.00,1.00,0.00,0.00,0.00,-27.86,194.71,99,-1,0,3,4.1,-0.03,0.800,0.804,-4.14,0,28,0,204.3,54.0,71.8,62.9,0.00,1,-5.6,-4.4
26.50,cruise,338.55,11.45,0.800,1,1798.3,-1596.5,-839.8,2102.0,-79.94,180.57,105,65,-1,56.7,33.9,59.4,31.5,0.00,0.01,1.00,0.00,0.00,0.00,-28.94,195.34,99,-1,0,3,3.0,-0.02,0.800,0.808,-3.74,0,28,0,204.7,54.3,71.7,63.0,0.00,1,-4.1,-4.3
26.60,cruise,338.22,11.78,0.800,1,1782.2,-1560.2,-831.8,2083.9,-80.77,181.98,105,65,-1,56.6,34.2,59.1,31.9,0.00,0.01,1.00,0.00,0.00,0.00,-29.80,196.04,99,-1,0,3,1.9,-0.01,0.800,0.808,-3.35,0,28,0,205.1,54.5,71.6,63.0,0.00,1,-3.7,-3.4
26.70,cruise,337.94,12.06,0.800,1,1774.1,-1542.0,-823.7,2065.7,-81.12,182.64,105,63,-1,56.6,34.6,58.8,32.2,-0.00,0.00,1.00,0.00,0.00,0.00,-31.12,196.65,99,-1,0,3,1.6,-0.00,0.800,0.806,-2.97,0,28,0,205.5,54.8,71.4,62.9,0.00,1,-4.4,-3.3
26.80,cruise,337.69,12.31,0.800,1,1774.1,-1542.0,-815.6,2047.5,-81.12,182.64,105,63,-1,56.5,35.0,58.4,32.3,-0.01,-0.00,1.00,0.00,0.00,0.00,-32.33,197.21,99,-1,0,3,1.6,0.00,0.800,0.807,-2.58,0,28,0,206.1,55.0,71.1,62.7,0.00,1,-4.4,-3.3
26.90,cruise,337.49,12.51,0.800,1,1766.0,-1523.6,-807.5,2029.1,-81.47,183.34,104,63,-1,56.4,35.4,57.9,32.4,-0.01,-0.01,1.00,0.00,0.00,0.00,-33.53,197.81,99,-1,0,4,1.4,0.01,0.800,0.816,-2.18,0,28,0,206.7,55.2,70.7,62.4,0.00,1,-5.3,-3.3
27.00,cruise,337.33,12.67,0.800,1,1749.6,-1486.8,-799.3,2010.7,-82.09,184.70,104,63,-1,56.3,35.8,57.4,32.5,-0.01,-0.01,1.00,0.00,0.00,0.00,-34.70,198.38,99,-1,0,4,1.1,0.01,0.800,0.819,-1.77,0,28,0,207.5,55.4,70.3,62.0,0.00,1,-5.8,-4.3
27.10,cruise,337.21,12.79,0.800,1,1749.6,-1486.8,-791.1,1992.3,-82.09,184.70,103,61,-1,56.2,36.2,56.9,32.7,-0.01,-0.01,1.00,0.00,0.00,0.00,-37.03,198.70,99,-1,0,4,1.1,0.02,0.800,0.819,-1.35,0,28,0,208.3,55.8,69.9,61.7,0.00,1,-5.8,-4.3
27.20,cruise,337.13,12.87,0.800,1,1741.4,-1468.3,-782.9,1973.8,-82.31,185.41,103,61,-1,56.1,36.6,56.5,32.9,-0.01,-0.01,1.00,0.00,0.00,0.00,-39.05,199.06,99,-1,0,5,1.0,0.02,0.800,0.818,-0.92,0,28,0,209.1,56.1,69.5,61.3,0.00,1,-5.5,-4.6
27.30,cruise,337.09,12.91,0.800,1,1724.9,-1431.0,-774.6,1955.2,-82.71,186.77,102,61,-1,56.0,37.0,56.2,33.1,-0.01,-0.01,1.00,0.00,0.00,0.00,-40.85,199.41,99,-1,0,5,0.9,0.02,0.800,0.815,-0.48,0,28,0,209.9,56.5,69.2,61.0,0.00,1,-4.2,-4.5
27.40,cruise,337.10,12.90,0.800,1,1716.6,-1412.3,-766.4,1936.5,-82.84,187.43,102,61,-1,56.0,37.3,55.9,33.3,-0.01,-0.01,1.00,0.00,0.00,0.00,-42.35,199.82,99,-1,0,5,0.9,0.03,0.800,0.813,-0.03,0,28,0,210.5,56.8,68.9,60.8,0.00,1,-3.9,-4.7
27.50,cruise,337.15,12.85,0.800,1,1716.6,-1412.3,-758.1,1917.8,-82.84,187.43,101,58,-1,55.9,37.6,55.6,33.7,-0.01,-0.01,1.00,0.00,0.00,0.00,-44.95,199.92,99,-1,0,5,0.9,0.03,0.800,0.811,0.43,0,28,0,211.2,57.2,68.7,60.6,0.00,1,-3.9,-4.7
27.60,cruise,337.25,12.75,0.800,1,1708.3,-1393.5,-749.8,1899.0,-82.97,188.13,101,58,-1,55.8,37.9,55.4,34.0,-0.01,-0.01,1.00,0.00,0.00,0.00,-47.13,200.14,99,-1,0,6,0.8,0.03,0.800,0.811,0.89,0,28,0,212.0,57.7,68.4,60.3,0.00,1,-4.1,-5.5
27.70,cruise,337.39,12.61,0.800,1,1700.0,-1374.6,-741.5,1880.1,-83.06,188.79,100,58,-1,55.7,38.2,55.1,34.4,-0.00,-0.01,1.00,0.00,0.00,0.00,-48.88,200.37,99,-1,0,6,0.8,0.03,0.800,0.810,1.35,0,28,0,212.9,58.2,68.2,60.0,0.00,1,-4.3,-6.2
27.80,cruise,337.58,12.42,0.800,1,1683.4,-1336.7,-733.2,1861.2,-83.10,190.15,100,58,-1,55.6,38.4,54.9,34.9,-0.00,-0.00,1.00,0.00,0.00,0.00,-50.22,200.73,99,-1,0,6,0.7,0.03,0.800,0.806,1.81,0,28,0,213.8,58.8,67.9,59.8,0.00,1,-3.5,-6.5
27.90,cruise,337.81,12.19,0.800,1,1683.4,-1336.7,-724.9,1842.2,-83.10,190.15,99,54,-1,55.6,38.7,54.8,35.4,-0.00,-0.00,1.00,0.00,0.00,0.00,-52.93,200.65,99,-1,0,6,0.7,0.04,0.800,0.802,2.27,0,28,0,214.6,59.3,67.8,59.6,0.00,1,-3.5,-6.5
28.00,cruise,338.09,11.91,0.800,1,1675.0,-1317.6,-716.5,1823.1,-83.06,190.85,98,54,-1,55.5,38.9,54.7,35.9,0.00,0.00,1.00,0.00,0.00,0.00,-54.99,200.75,99,-1,0,7,0.7,0.04,0.800,0.803,2.73,0,28,0,215.3,59.9,67.7,59.4,0.00,1,-2.8,-6.3
28.10,cruise,338.41,11.59,0.800,1,1666.7,-1298.5,-708.2,1804.0,-83.01,191.56,98,54,-1,55.5,39.1,54.7,36.5,0.00,0.00,1.00,0.00,0.00,0.00,-56.49,200.98,99,-1,0,7,0.6,0.04,0.800,0.806,3.18,0,28,0,216.1,60.5,67.6,59.3,0.00,1,-2.6,-6.6
28.20,cruise,338.78,11.22,0.800,1,1650.2,-1260.0,-699.9,1784.8,-82.75,192.96,97,54,-1,55.4,39.3,54.6,37.0,0.00,-0.00,1.00,0.00,0.00,0.00,-57.55,201.32,99,-1,0,7,0.5,0.04,0.800,0.802,3.62,0,28,0,217.0,61.1,67.4,59.0,0.00,1,-4.1,-6.7
28.30,cruise,339.19,10.81,0.800,1,1641.9,-1240.7,-691.7,1765.5,-82.57,193.67,96,51,-1,55.3,39.5,54.4,37.4,0.00,-0.01,1.00,0.00,0.00,0.00,-60.41,201.08,99,-1,0,7,0.5,0.04,0.800,0.806,4.06,0,28,0,218.1,61.7,67.1,58.7,0.00,1,-4.7,-6.3
28.40,cruise,339.65,10.35,0.800,1,1633.7,-1221.2,-683.4,1746.2,-82.40,194.37,96,51,-1,55.3,39.7,54.1,37.7,-0.00,-0.01,1.00,0.00,0.00,0.00,-62.84,200.94,99,-1,0,8,0.5,0.05,0.800,0.812,4.50,0,28,0,219.1,62.2,66.8,58.3,0.00,1,-4.4,-5.8
28.50,cruise,340.15,9.85,0.800,1,1625.4,-1201.8,-675.2,1726.7,-82.13,195.07,95,51,-1,55.2,39.9,53.9,38.1,-0.00,-0.01,1.00,0.00,0.00,0.00,-64.89,200.89,99,-1,0,8,0.4,0.05,0.800,0.811,4.94,0,28,0,220.1,62.7,66.5,58.0,0.00,1,-3.8,-5.7
28.60,cruise,340.69,9.31,0.800,1,1625.4,-1201.8,-666.9,1707.3,-82.13,195.07,95,51,-1,55.2,40.0,53.7,38.4,-0.00,-0.01,1.00,0.00,0.00,0.00,-66.48,200.95,99,-1,0,8,0.4,0.05,0.800,0.807,5.38,0,28,0,221.0,63.2,66.2,57.7,0.00,1,-3.8,-5.7
28.70,cruise,341.28,8.72,0.800,1,1609.1,-1162.6,-658.7,1687.7,-81.56,196.48,93,47,-1,55.2,40.0,53.6,38.8,0.00,-0.00,1.00,0.00,0.00,0.00,-70.34,200.21,99,-1,0,8,0.4,0.05,0.800,0.805,5.82,0,28,0,221.9,63.7,66.1,57.5,0.00,1,-2.6,-5.5
28.80,cruise,341.90,8.10,0.800,1,1609.1,-1162.6,-650.6,1668.1,-81.56,196.48,92,47,-1,55.2,40.0,53.6,39.2,0.00,-0.00,1.00,0.00,0.00,0.00,-73.41,199.67,99,-1,0,9,0.4,0.06,0.800,0.805,6.25,0,28,0,222.7,64.2,65.9,57.3,0.00,1,-2.6,-5.5
28.90,cruise,342.57,7.43,0.800,1,1601.0,-1142.9,-642.5,1648.4,-81.21,197.18,92,47,-1,55.8,40.5,53.6,39.7,0.01,-0.00,1.00,0.00,0.00,0.00,-75.74,199.35,99,-1,0,9,0.4,0.06,0.800,0.806,6.67,0,28,0,223.4,64.6,65.9,57.2,0.00,1,-1.9,-5.3
29.00,cruise,343.29,6.71,0.791,1,1584.8,-1103.3,-634.4,1628.6,-80.46,198.59,91,47,-1,56.6,41.3,53.6,40.0,0.00,-0.01,1.00,0.00,0.00,0.00,-77.51,199.22,99,-1,0,9,0.4,0.06,0.791,0.799,7.09,0,28,0,224.0,65.1,65.8,57.0,0.00,1,-1.9,-4.1
29.10,cruise,344.04,5.96,0.744,1,1584.8,-1103.3,-626.3,1608.8,-80.46,198.59,90,44,-1,57.4,42.1,53.5,40.3,-0.00,-0.02,1.00,0.00,0.00,0.00,-81.02,198.36,99,-1,0,9,0.4,0.06,0.744,0.762,7.50,0,28,0,224.6,65.4,65.7,56.9,0.00,1,-1.9,-4.1
29.20,cruise,344.83,5.17,0.696,1,1576.8,-1083.3,-618.3,1588.8,-80.02,199.25,89,44,-1,58.3,42.9,53.4,40.6,-0.01,-0.03,1.00,0.00,0.00,0.00,-83.88,197.66,99,-1,0,9,0.3,0.06,0.696,0.723,7.87,0,28,0,225.2,65.7,65.5,56.7,0.00,1,-2.0,-3.4
29.30,cruise,345.65,4.35,0.650,1,1560.9,-1043.4,-610.3,1568.9,-79.15,200.26,88,44,-1,59.2,43.8,53.4,40.9,-0.01,-0.04,1.00,0.00,0.00,0.00,-86.17,197.07,99,-1,0,9,1.0,0.06,0.650,0.680,8.19,0,28,0,225.8,66.0,65.4,56.6,0.00,1,-1.4,-3.7
29.40,cruise,346.50,3.50,0.605,1,1560.9,-1043.4,-602.4,1548.9,-79.15,200.26,87,44,-1,60.1,44.8,53.4,41.2,-0.01,-0.05,1.00,0.00,0.00,0.00,-87.93,196.56,99,-1,0,9,1.0,0.05,0.606,0.639,8.45,0,28,0,226.2,66.3,65.4,56.6,0.00,1,-1.4,-3.7
29.50,cruise,347.35,2.65,0.566,1,1545.2,-1003.2,-594.5,1528.8,-78.09,200.72,87,43,-1,61.1,45.9,53.5,41.7,-0.01,-0.05,1.00,0.00,0.00,0.00,-90.59,195.45,99,-1,0,9,2.8,0.04,0.566,0.598,8.62,0,28,0,226.5,66.6,65.5,56.8,0.00,1,0.8,-3.7
29.60,cruise,348.21,1.79,0.534,1,1537.4,-983.2,-586.7,1508.7,-77.52,200.70,86,43,-1,62.0,47.0,53.6,42.4,-0.00,-0.05,1.00,0.00,0.00,0.00,-92.38,194.56,99,-1,0,9,3.5,0.03,0.534,0.562,8.69,0,28,0,226.5,66.9,65.8,57.3,0.00,1,1.8,-3.6
29.70,cruise,349.05,0.95,0.509,1,1529.7,-963.1,-578.9,1488.7,-76.95,200.59,85,43,-1,62.9,48.1,53.9,43.1,0.00,-0.06,1.00,0.00,0.00,0.00,-93.30,193.87,99,-1,0,8,4.0,0.01,0.509,0.540,8.65,0,28,0,226.3,67.1,66.2,57.8,0.00,1,3.1,-3.5
29.80,cruise,349.88,0.12,0.490,1,1529.7,-963.1,-571.2,1468.6,-76.95,200.59,85,43,-1,63.8,49.2,54.2,44.0,0.01,-0.05,1.00,0.00,0.00,0.00,-93.34,193.51,99,-1,0,7,4.0,0.00,0.490,0.521,8.54,0,28,0,225.9,67.4,66.7,58.6,0.00,1,3.1,-3.5
29.90,cruise,350.69,-0.69,0.460,1,1522.1,-943.1,-563.6,1448.6,-76.38,200.41,86,44,-1,64.7,50.3,54.8,45.0,0.02,-0.05,1.00,0.00,0.00,0.00,-91.30,194.07,99,-1,0,6,4.3,-0.01,0.460,0.490,8.39,0,28,0,225.2,67.6,67.5,59.5,0.00,1,5.0,-3.4
30.00,cruise,351.48,-1.48,0.433,1,1506.9,-903.0,-556.0,1428.5,-75.19,199.84,86,44,-1,65.6,51.3,55.5,46.1,0.03,-0.04,1.00,0.00,0.00,0.00,-88.34,194.95,99,-1,0,5,4.5,-0.02,0.433,0.461,8.18,0,28,0,224.3,67.9,68.4,60.7,0.00,1,8.3,-2.8
30.10,cruise,352.23,-2.23,0.411,1,1506.9,-903.0,-548.4,1408.5,-75.19,199.84,87,44,-1,66.5,52.3,56.3,47.4,0.04,-0.03,1.00,0.00,0.00,0.00,-84.40,196.13,99,-1,0,4,4.5,-0.03,0.411,0.437,7.89,0,28,0,223.0,68.1,69.4,62.0,0.00,1,8.3,-2.8
30.20,cruise,352.94,-2.94,0.393,1,1499.5,-883.1,-541.0,1388.6,-74.62,199.42,89,44,-1,67.3,53.2,57.3,48.7,0.05,-0.02,1.00,0.00,0.00,0.00,-79.38,197.58,99,-1,0,2,4.5,-0.04,0.393,0.418,7.53,0,28,0,221.6,68.3,70.6,63.5,0.00,1,9.7,-2.6
30.30,cruise,353.60,-3.60,0.398,1,1492.1,-863.2,-533.6,1368.7,-74.05,198.96,91,49,-1,68.1,54.1,58.4,50.1,0.05,-0.00,1.00,0.00,0.00,0.00,-69.10,200.74,99,-1,0,1,4.4,-0.05,0.398,0.420,7.10,0,28,0,219.8,68.6,71.9,65.1,0.00,1,10.8,-2.3
30.40,cruise,354.22,-4.22,0.407,1,1477.4,-823.5,-526.2,1348.8,-72.95,197.95,94,49,-1,68.8,54.9,59.5,51.4,0.05,-0.00,1.00,0.00,0.00,0.00,-58.41,203.40,99,-1,0,-1,3.2,-0.05,0.407,0.426,6.61,0,28,0,217.7,68.7,73.2,66.8,0.00,1,12.0,-0.0
30.50,cruise,354.78,-4.78,0.403,1,1477.4,-823.5,-518.9,1329.0,-72.95,197.95,97,49,-1,69.4,55.6,60.6,52.5,0.04,-0.00,1.00,0.00,0.00,0.00,-47.49,205.55,99,-1,0,-3,3.2,-0.06,0.403,0.420,6.07,0,28,0,215.4,68.7,74.5,68.4,0.00,1,12.0,-0.0
30.60,cruise,355.29,-5.29,0.418,1,1462.9,-784.0,-511.6,1309.3,-71.94,196.96,100,49,-1,70.1,56.1,61.6,53.6,0.03,-0.01,1.00,0.00,0.00,0.00,-36.49,207.12,99,-1,0,-4,2.1,-0.06,0.419,0.433,5.51,0,28,0,212.8,68.6,75.8,70.1,0.00,1,12.1,2.9
30.70,cruise,355.75,-5.75,0.421,1,1462.9,-784.0,-504.4,1289.5,-71.94,196.96,104,59,-1,70.6,56.6,62.6,54.5,0.02,-0.01,1.00,0.00,0.00,0.00,-21.27,208.61,99,-1,0,-6,2.1,-0.07,0.421,0.434,4.93,0,28,0,210.0,68.3,77.1,71.7,0.00,1,12.1,2.9
30.80,cruise,356.15,-6.15,0.425,1,1455.8,-764.4,-497.3,1269.9,-71.50,196.55,108,59,-1,70.9,56.7,63.5,55.2,0.02,-0.01,1.00,0.00,0.00,0.00,-7.09,209.03,99,-1,0,-7,1.4,-0.07,0.425,0.436,4.35,0,28,0,207.2,68.0,78.3,73.3,0.00,1,12.1,3.9
30.90,brake,356.50,-6.50,0.430,1,1441.6,-725.2,0.0,0.0,-70.71,195.86,112,59,-1,64.9,50.7,64.4,55.9,0.05,0.07,1.00,0.00,0.00,0.00,6.01,208.62,99,-1,0,-9,-0.6,-0.07,0.430,0.476,3.79,0,28,0,204.3,67.6,79.4,74.8,0.00,1,12.0,5.1
31.00,brake,356.79,-6.79,0.438,1,1434.5,-705.6,0.0,0.0,-70.36,195.51,115,59,-1,58.9,44.7,65.4,56.5,0.09,0.15,1.00,0.00,0.00,0.00,18.02,207.46,99,-1,0,-10,-1.9,-0.07,0.438,0.532,3.22,0,28,0,201.5,67.1,80.6,76.3,0.00,1,11.7,6.2
31.10,brake,357.03,-7.03,0.449,1,1434.5,-705.6,0.0,0.0,-70.36,195.51,118,70,-1,52.9,38.7,66.2,56.9,0.12,0.22,1.00,0.00,0.00,0.00,31.39,205.40,99,-1,0,-12,-1.9,-0.06,0.449,0.584,2.63,0,28,0,198.8,66.6,81.6,77.6,0.00,1,11.7,6.2
31.20,brake,357.22,-7.22,0.464,1,1420.5,-666.6,0.0,0.0,-69.83,194.90,122,70,-1,46.9,32.7,66.8,56.9,0.14,0.28,1.00,0.00,0.00,0.00,42.76,202.93,99,-1,0,-13,-4.5,-0.05,0.464,0.634,2.01,0,28,0,196.6,65.8,82.4,78.7,0.00,1,7.2,9.8
31.30,brake,357.35,-7.35,0.484,1,1420.5,-666.6,0.0,0.0,-69.83,194.90,124,70,-1,40.9,26.7,66.9,56.1,0.15,0.31,1.00,0.00,0.00,0.00,51.87,200.43,99,-1,0,-13,-4.5,-0.04,0.485,0.670,1.34,0,28,0,195.3,64.9,82.7,79.0,0.00,1,7.2,9.8
31.40,brake,357.43,-7.43,0.509,1,1413.5,-647.1,0.0,0.0,-69.70,194.68,126,70,-1,34.9,20.7,66.4,54.4,0.14,0.32,1.00,0.00,0.00,0.00,58.19,198.42,99,-1,0,-13,-5.7,-0.02,0.509,0.692,0.64,0,28,0,195.0,63.6,82.4,78.6,0.00,1,2.1,12.8
31.50,brake,357.46,-7.46,0.550,1,1399.6,-608.2,0.0,0.0,-69.57,194.44,127,73,-1,28.9,14.7,65.0,51.4,0.11,0.29,1.00,0.00,0.00,0.00,61.85,197.13,99,-1,0,-11,-6.5,-0.00,0.550,0.711,-0.07,0,28,0,196.0,61.9,81.3,77.0,0.00,1,-13.0,20.5
31.60,brake,357.46,-7.46,0.565,1,1392.7,-588.8,0.0,0.0,-69.61,194.41,127,73,-1,22.9,8.7,62.6,47.2,0.08,0.23,1.00,0.00,0.00,0.00,61.74,197.06,99,-1,0,-9,-6.1,0.02,0.565,0.691,-0.77,0,28,0,198.1,59.7,79.2,74.4,0.00,1,-21.9,24.6
31.70,brake,357.42,-7.42,0.593,1,1392.7,-588.8,0.0,0.0,-69.61,194.41,126,73,-1,16.9,2.7,59.3,41.9,0.04,0.16,1.00,0.00,0.00,0.00,57.56,198.31,99,-1,0,-5,-6.1,0.04,0.593,0.674,-1.40,0,28,0,200.8,57.0,76.1,71.0,0.00,1,-21.9,24.6
31.80,brake,357.37,-7.37,0.559,1,1378.7,-549.9,0.0,0.0,-69.92,194.50,124,73,-1,10.9,-3.3,55.1,36.0,0.02,0.08,1.00,0.00,0.00,0.00,49.45,200.58,99,-1,0,-1,-3.3,0.05,0.559,0.597,-1.88,0,28,0,203.9,53.7,72.0,67.2,0.00,1,-38.7,31.6
31.90,brake,357.31,-7.31,0.550,1,1378.7,-549.9,0.0,0.0,-69.92,194.50,119,62,-1,4.9,-9.3,50.1,30.2,0.02,-0.01,1.00,0.00,0.00,0.00,33.24,204.00,99,-1,0,2,-3.3,0.06,0.550,0.561,-2.16,0,28,0,206.7,49.8,66.9,63.6,0.00,1,-38.7,31.6
32.00,brake,357.25,-7.25,0.550,1,1371.7,-530.4,0.0,0.0,-70.05,194.41,114,62,-1,-1.1,-15.3,44.6,24.7,0.04,-0.08,1.00,0.00,0.00,0.00,14.74,206.12,99,-1,0,5,-0.3,0.04,0.550,0.597,-2.25,0,28,0,209.0,45.2,61.2,60.7,0.00,1,-44.6,33.8
32.10,brake,357.20,-7.20,0.550,1,1357.7,-491.6,0.0,0.0,-70.18,193.71,108,62,-1,-7.1,-21.3,38.9,20.0,0.09,-0.12,1.00,0.00,0.00,0.00,-4.96,206.39,99,-1,0,7,6.3,0.02,0.550,0.632,-2.14,0,28,0,210.6,40.1,54.9,58.8,0.00,1,-49.7,35.9
32.20,brake,357.18,-7.18,0.550,1,1357.7,-491.6,0.0,0.0,-70.18,193.71,103,62,-1,-13.1,-27.3,33.3,15.8,0.11,-0.17,0.85,0.00,0.00,0.00,-24.61,204.56,99,-1,0,8,6.3,-0.02,0.550,0.661,-1.82,0,28,0,211.5,34.4,48.2,57.8,0.00,1,-49.7,35.9
32.30,brake,357.21,-7.21,0.550,1,1350.7,-472.3,0.0,0.0,-70.14,193.10,97,57,-1,-19.1,-31.3,27.8,12.0,0.10,-0.19,0.65,0.00,0.00,0.00,-45.85,200.26,99,-1,0,8,9.6,-0.06,0.550,0.664,-1.32,0,28,0,211.6,28.2,41.0,57.6,0.00,1,-49.4,36.9
32.40,brake,357.28,-7.28,0.550,1,1343.7,-453.0,0.0,0.0,-70.00,192.28,91,57,-1,-25.1,-32.2,22.7,8.3,0.04,-0.16,0.46,0.00,0.00,0.00,-65.07,194.01,99,-1,0,8,12.6,-0.10,0.550,0.627,-0.70,0,28,0,211.1,21.7,33.5,58.1,0.00,1,-47.0,38.1
32.50,brake,357.41,-7.41,0.550,1,1336.7,-433.9,0.0,0.0,-69.70,191.25,86,57,-1,-31.1,-33.4,18.2,4.7,-0.04,-0.09,0.29,0.00,0.00,0.00,-81.69,186.44,99,-1,0,7,14.9,-0.13,0.551,0.603,-0.03,0,28,0,210.0,15.2,25.2,59.2,0.00,1,-43.1,39.8
32.60,brake,357.60,-7.60,0.550,1,1322.8,-396.0,0.0,0.0,-69.04,188.65,82,57,-1,-36.0,-34.5,14.3,1.0,-0.11,-0.02,0.15,0.00,0.00,0.00,-95.70,178.25,99,-1,0,5,17.4,-0.16,0.551,0.604,0.74,0,28,0,208.5,8.9,16.0,60.8,0.00,1,-34.0,41.4
32.70,brake,357.87,-7.87,0.550,1,1315.9,-377.2,0.0,0.0,-68.69,187.04,79,62,-1,-34.9,-35.6,11.1,-2.7,-0.15,0.03,0.05,0.00,0.00,0.00,-104.95,171.29,99,-1,0,3,17.6,-0.19,0.551,0.624,1.58,0,28,0,206.9,3.0,5.8,62.6,0.00,1,-30.4,39.8
32.80,brake,358.20,-8.20,0.550,1,1315.9,-377.2,0.0,0.0,-68.69,187.04,76,62,-1,-33.9,-36.5,8.3,-6.3,-0.16,0.07,0.01,0.00,0.00,0.00,-112.40,164.53,99,-1,0,1,17.6,-0.20,0.551,0.643,2.44,0,28,0,205.1,357.6,354.9,64.6,0.00,1,-30.4,39.8
32.90,brake,358.61,-8.61,0.550,1,1302.3,-340.3,0.0,0.0,-68.07,183.33,73,62,-1,-33.1,-37.2,5.7,-9.6,-0.14,0.09,0.04,0.00,0.00,0.00,-118.30,158.12,99,-1,0,-1,14.8,-0.20,0.551,0.644,3.31,0,28,0,203.4,352.8,343.8,66.6,0.00,1,-27.9,32.3
33.00,brake,359.08,-9.08,0.550,1,1295.5,-322.1,0.0,0.0,-67.76,181.27,71,62,-1,-32.5,-37.7,3.3,-12.6,-0.10,0.09,0.10,0.00,0.00,0.00,-122.83,152.17,99,-1,0,-3,12.4,-0.20,0.551,0.628,4.13,0,28,0,201.8,348.7,333.4,68.5,0.00,1,-28.8,27.6
33.10,brake,359.61,-9.61,0.550,1,1295.5,-322.1,0.0,0.0,-67.76,181.27,71,69,-1,-32.2,-38.0,0.7,-15.2,-0.06,0.07,0.17,0.00,0.00,0.00,-123.37,149.11,99,-1,0,-4,12.4,-0.18,0.551,0.602,4.84,0,28,0,200.2,345.1,324.1,70.4,0.00,1,-28.8,27.6
33.20,brake,360.21,-10.21,0.550,1,1288.7,-304.1,0.0,0.0,-67.46,179.09,71,69,-1,-32.1,-38.1,-2.1,-17.4,-0.01,0.04,0.25,0.00,0.00,0.00,-123.36,146.30,99,-1,0,-6,9.6,-0.16,0.551,0.571,5.59,0,28,0,198.8,341.9,316.2,72.1,0.00,1,-30.2,23.2
33.30,brake,360.87,-10.87,0.550,1,1275.3,-268.9,0.0,0.0,-66.62,174.50,70,69,-1,-32.3,-38.1,-5.2,-19.3,0.02,-0.00,0.33,0.00,0.00,0.00,-122.75,143.87,99,-1,0,-8,3.3,-0.13,0.551,0.562,6.36,0,28,0,197.4,339.2,309.5,73.7,0.00,1,-33.5,16.2
33.40,brake,361.59,-11.59,0.550,1,1268.7,-251.6,0.0,0.0,-66.05,172.14,70,69,-1,-32.6,-38.0,-8.6,-21.1,0.05,-0.05,0.42,0.00,0.00,0.00,-121.45,141.91,99,-1,0,-9,0.4,-0.10,0.550,0.588,7.08,0,28,0,196.0,336.8,303.8,75.1,0.00,1,-34.5,14.6
33.50,brake,362.38,-12.38,0.550,1,1268.7,-251.6,0.0,0.0,-66.05,172.14,72,74,-1,-32.9,-37.8,-12.2,-22.7,0.05,-0.08,0.51,0.00,0.00,0.00,-117.16,142.37,99,-1,0,-10,0.4,-0.08,0.550,0.604,7.78,0,28,0,194.8,334.6,299.0,76.4,0.00,1,-34.5,14.6
33.60,brake,363.22,-13.22,0.550,1,1262.2,-234.6,0.0,0.0,-65.35,169.76,73,74,-1,-33.3,-37.6,-15.9,-24.4,0.04,-0.11,0.61,0.00,0.00,0.00,-112.47,142.97,99,-1,0,-12,-2.3,-0.05,0.550,0.611,8.44,0,28,0,193.6,332.4,294.8,77.5,0.00,1,-34.6,14.2
33.70,brake,364.12,-14.12,0.550,1,1255.7,-217.8,0.0,0.0,-64.51,167.34,74,74,-1,-33.6,-37.3,-19.6,-26.2,0.01,-0.13,0.71,0.00,0.00,0.00,-107.28,143.72,99,-1,0,-13,-4.5,-0.03,0.550,0.609,9.06,0,28,0,192.6,330.3,291.3,78.5,0.00,1,-33.6,14.7
33.80,brake,365.06,-15.06,0.550,1,1243.0,-184.9,0.0,0.0,-62.49,162.38,76,74,-1,-34.0,-37.0,-23.3,-28.0,-0.01,-0.14,0.81,0.00,0.00,0.00,-101.52,144.63,99,-1,0,-13,-7.8,-0.02,0.550,0.611,9.61,0,28,0,191.7,328.2,288.4,79.3,0.00,1,-28.5,16.5
33.90,brake,366.04,-16.04,0.550,1,1243.0,-184.9,0.0,0.0,-62.49,162.38,78,78,-1,-34.3,-36.7,-26.8,-30.0,-0.03,-0.14,0.91,0.00,0.00,0.00,-93.62,146.66,99,-1,0,-14,-7.8,-0.00,0.550,0.619,10.06,0,28,0,191.0,326.0,286.0,80.0,0.00,1,-28.5,16.5
34.00,brake,367.06,-17.06,0.450,1,1236.9,-168.9,0.0,0.0,-61.35,159.82,81,78,-1,-34.5,-36.4,-30.0,-31.9,-0.05,-0.13,1.00,0.00,0.00,0.00,-85.41,148.36,99,-1,0,-15,-8.6,0.00,0.450,0.521,10.46,0,28,0,190.4,323.9,284.2,80.6,0.00,1,-24.9,17.1
34.10,brake,368.11,-18.11,0.380,1,1224.9,-137.5,0.0,0.0,-58.93,154.72,84,78,-1,-34.8,-36.2,-32.9,-33.8,-0.06,-0.12,1.00,0.00,0.00,0.00,-76.96,149.71,99,-1,0,-15,-8.8,0.00,0.380,0.449,10.77,0,28,0,190.1,321.9,282.8,80.9,0.00,1,-17.2,16.7
34.20,brake,369.16,-19.16,0.380,1,1219.1,-122.2,0.0,0.0,-57.88,152.38,86,78,-1,-35.0,-35.9,-35.4,-35.5,-0.06,-0.10,1.00,0.00,0.00,0.00,-68.48,150.74,99,-1,0,-15,-8.6,-0.00,0.380,0.444,10.85,0,28,0,189.9,320.0,281.8,81.2,0.00,1,-13.8,15.9
34.30,brake,370.18,-20.18,0.380,1,1219.1,-122.2,0.0,0.0,-57.88,152.38,89,79,-1,-35.3,-35.6,-37.7,-37.2,-0.06,-0.08,1.00,0.00,0.00,0.00,-59.77,151.65,99,-1,0,-15,-8.6,-0.00,0.380,0.436,10.64,0,28,0,189.9,318.3,281.1,81.3,0.00,1,-13.8,15.9
34.40,brake,371.17,-21.17,0.380,1,1213.4,-107.2,0.0,0.0,-56.87,150.13,92,79,-1,-35.5,-35.3,-39.7,-38.6,-0.05,-0.07,1.00,0.00,0.00,0.00,-51.33,152.11,99,-1,0,-15,-8.4,-0.01,0.380,0.426,10.29,0,28,0,190.0,316.7,280.6,81.2,0.00,1,-10.9,14.7
34.50,brake,372.13,-22.13,0.380,1,1207.8,-92.3,0.0,0.0,-55.90,147.88,95,79,-1,-35.8,-34.9,-41.3,-39.7,-0.04,-0.05,1.00,0.00,0.00,0.00,-43.28,152.05,99,-1,0,-15,-8.4,-0.01,0.380,0.415,9.88,0,28,0,190.4,315.2,280.4,81.1,0.00,1,-8.4,13.1
34.60,brake,373.04,-23.04,0.380,1,1196.8,-63.3,0.0,0.0,-53.96,143.31,97,79,-1,-36.1,-34.6,-42.8,-40.7,-0.03,-0.04,1.00,0.00,0.00,0.00,-35.71,151.47,99,-1,0,-15,-8.3,-0.00,0.380,0.406,9.48,0,28,0,190.8,314.0,280.5,80.7,0.00,1,-4.6,10.2
34.70,brake,373.92,-23.92,0.380,1,1196.8,-63.3,0.0,0.0,-53.96,143.31,100,78,-1,-36.4,-34.2,-44.0,-41.4,-0.01,-0.03,1.00,0.00,0.00,0.00,-29.24,150.32,99,-1,0,-14,-8.3,-0.00,0.380,0.397,9.08,0,28,0,191.4,312.9,280.6,80.3,0.00,1,-4.6,10.2
34.80,brake,374.76,-24.76,0.380,1,1186.3,-35.2,0.0,0.0,-52.12,138.77,102,78,-1,-36.7,-33.8,-45.0,-41.9,-0.00,-0.02,1.00,0.00,0.00,0.00,-23.35,148.85,99,-1,0,-14,-8.2,0.00,0.380,0.388,8.66,0,28,0,192.2,311.9,280.9,79.8,0.00,1,-1.8,8.0
34.90,brake,375.55,-25.55,0.380,1,1181.1,-21.5,0.0,0.0,-51.24,136.56,104,78,-1,-37.0,-33.4,-45.9,-42.4,-0.00,-0.01,1.00,0.00,0.00,0.00,-18.01,147.14,99,-1,0,-13,-8.2,0.01,0.380,0.386,8.23,0,28,0,193.0,311.0,281.3,79.2,0.00,1,-1.3,7.7
35.00,brake,376.30,-26.30,0.380,1,1181.1,-21.5,0.0,0.0,-51.24,136.56,105,78,-1,-37.4,-33.0,-46.8,-42.7,-0.00,-0.01,1.00,0.00,0.00,0.00,-13.23,145.26,99,-1,0,-13,-8.2,0.01,0.380,0.387,7.79,0,28,0,193.9,310.1,281.8,78.5,0.00,1,-1.3,7.7
35.10,brake,377.01,-27.01,0.380,1,1171.1,5.2,0.0,0.0,-49.53,132.18,107,74,-1,-37.7,-32.6,-47.5,-43.0,-0.01,-0.02,1.00,0.00,0.00,0.00,-9.99,143.15,99,-1,0,-12,-8.1,0.01,0.380,0.390,7.35,0,28,0,194.8,309.3,282.2,77.8,0.00,1,-0.7,7.3
35.20,brake,377.68,-27.68,0.380,1,1171.1,5.2,0.0,0.0,-49.53,132.18,108,74,-1,-38.0,-32.2,-48.3,-43.3,-0.01,-0.02,1.00,0.00,0.00,0.00,-7.01,140.98,99,-1,0,-11,-8.1,0.02,0.380,0.395,6.91,0,28,0,195.7,308.5,282.6,77.1,0.00,1,-0.7,7.3
35.30,brake,378.30,-28.30,0.380,1,1166.2,18.3,0.0,0.0,-48.69,130.01,109,74,-1,-38.3,-31.7,-49.0,-43.6,-0.02,-0.03,1.00,0.00,0.00,0.00,-4.24,138.77,99,-1,0,-11,-7.9,0.02,0.380,0.400,6.47,0,28,0,196.7,307.6,283.0,76.4,0.00,1,-0.6,7.1
35.40,brake,378.88,-28.88,0.380,1,1156.7,43.8,0.0,0.0,-47.07,125.70,110,74,-1,-38.6,-31.2,-49.7,-43.8,-0.03,-0.04,1.00,0.00,0.00,0.00,-1.71,136.52,99,-1,0,-10,-7.8,0.03,0.380,0.406,6.03,0,28,0,197.7,306.8,283.4,75.8,0.00,1,-0.6,7.0
35.50,brake,379.41,-29.41,0.380,1,1152.0,56.2,0.0,0.0,-46.27,123.53,110,70,-1,-38.8,-30.8,-50.4,-44.1,-0.03,-0.04,1.00,0.00,0.00,0.00,-0.43,134.22,99,-1,0,-9,-7.3,0.03,0.380,0.411,5.58,0,28,0,198.6,306.0,283.8,75.1,0.00,1,-0.2,6.6
35.60,brake,379.91,-29.91,0.380,1,1152.0,56.2,0.0,0.0,-46.27,123.53,111,70,-1,-39.1,-30.4,-51.0,-44.3,-0.04,-0.04,1.00,0.00,0.00,0.00,0.82,131.91,99,-1,0,-8,-7.3,0.03,0.380,0.411,5.14,0,28,0,199.6,305.2,284.1,74.4,0.00,1,-0.2,6.6
35.70,brake,380.36,-30.36,0.380,1,1147.5,68.4,0.0,0.0,-45.48,121.34,111,70,-1,-39.3,-29.9,-51.4,-44.4,-0.04,-0.03,1.00,0.00,0.00,0.00,2.00,129.57,99,-1,0,-8,-6.6,0.02,0.380,0.408,4.71,0,28,0,200.6,304.6,284.5,73.7,0.00,1,0.5,6.0
35.80,brake,380.76,-30.76,0.380,1,1138.6,92.1,0.0,0.0,-43.99,116.99,112,70,-1,-39.6,-29.5,-51.7,-44.5,-0.04,-0.02,1.00,0.00,0.00,0.00,3.00,127.24,99,-1,0,-7,-4.8,0.02,0.380,0.402,4.26,0,28,0,201.6,304.0,285.0,73.0,0.00,1,2.3,4.3
35.90,brake,381.13,-31.13,0.380,1,1138.6,92.1,0.0,0.0,-43.99,116.99,112,66,-1,-39.8,-29.2,-51.8,-44.4,-0.03,-0.00,1.00,0.00,0.00,0.00,2.70,124.96,99,-1,0,-6,-4.8,0.01,0.380,0.396,3.81,0,28,0,202.6,303.5,285.4,72.4,0.00,1,2.3,4.3
36.00,brake,381.46,-31.46,0.380,1,1129.9,114.9,0.0,0.0,-42.54,112.72,112,66,-1,-39.9,-28.9,-51.8,-44.3,-0.03,0.01,1.00,0.00,0.00,0.00,2.38,122.68,99,-1,0,-6,-2.8,0.00,0.380,0.398,3.36,0,28,0,203.6,303.2,285.9,71.7,0.00,1,3.6,2.8
36.10,brake,381.74,-31.74,0.380,1,1125.7,126.1,0.0,0.0,-41.88,110.65,112,66,-1,-40.0,-28.7,-51.6,-44.2,-0.04,0.02,1.00,0.00,0.00,0.00,2.00,120.47,99,-1,0,-5,-2.0,-0.00,0.380,0.402,2.91,0,28,0,204.5,302.9,286.4,71.1,0.00,1,3.7,2.3
36.20,brake,381.98,-31.98,0.380,1,1121.6,137.0,0.0,0.0,-41.22,108.58,111,66,-1,-40.1,-28.5,-51.4,-44.0,-0.04,0.03,1.00,0.00,0.00,0.00,1.54,118.30,99,-1,0,-5,-1.3,-0.01,0.380,0.407,2.45,0,28,0,205.2,302.7,286.8,70.6,0.00,1,3.5,1.5
36.30,brake,382.17,-32.17,0.380,1,1117.5,147.7,0.0,0.0,-40.61,106.49,111,63,-1,-40.2,-28.3,-51.2,-43.9,-0.04,0.03,1.00,0.00,0.00,0.00,0.09,116.14,99,-1,0,-4,-0.8,-0.01,0.380,0.409,2.02,0,28,0,205.9,302.6,287.2,70.2,0.00,1,3.2,0.4
36.40,brake,382.33,-32.33,0.380,1,1117.5,147.7,0.0,0.0,-40.61,106.49,110,63,-1,-40.3,-28.1,-50.9,-43.7,-0.04,0.03,1.00,0.00,0.00,0.00,-1.32,113.96,99,-1,0,-4,-0.8,-0.02,0.380,0.410,1.60,0,28,0,206.3,302.6,287.5,69.8,0.00,1,3.2,0.4
36.50,brake,382.44,-32.44,0.380,1,1109.6,168.4,0.0,0.0,-39.38,102.37,110,63,-1,-40.4,-28.0,-50.7,-43.4,-0.04,0.04,1.00,0.00,0.00,0.00,-2.61,111.77,99,-1,0,-4,-0.5,-0.02,0.380,0.409,1.20,0,28,0,206.6,302.8,287.8,69.6,0.00,1,1.8,-2.2
36.60,brake,382.52,-32.52,0.380,1,1105.7,178.5,0.0,0.0,-38.76,100.35,109,63,-1,-40.5,-27.9,-50.4,-43.0,-0.03,0.03,1.00,0.00,0.00,0.00,-3.94,109.61,99,-1,0,-3,-0.8,-0.02,0.380,0.406,0.81,0,28,0,206.6,303.0,288.1,69.4,0.00,1,0.9,-3.5
36.70,brake,382.55,-32.55,0.380,1,1105.7,178.5,0.0,0.0,-38.76,100.35,108,62,-1,-40.6,-27.7,-50.2,-42.5,-0.02,0.03,1.00,0.00,0.00,0.00,-5.41,107.44,99,-1,0,-3,-0.8,-0.01,0.380,0.400,0.43,0,28,0,206.6,303.4,288.3,69.2,0.00,1,0.9,-3.5
36.80,brake,382.55,-32.55,0.380,1,1101.8,188.4,0.0,0.0,-38.14,98.35,107,62,-1,-40.6,-27.6,-50.1,-41.9,-0.01,0.02,1.00,0.00,0.00,0.00,-6.81,105.27,99,-1,0,-3,-1.5,-0.00,0.380,0.393,0.06,0,28,0,206.5,303.8,288.4,69.1,0.00,1,0.0,-4.6
36.90,brake,382.51,-32.51,0.380,1,1094.3,207.6,0.0,0.0,-36.96,94.47,107,62,-1,-40.8,-27.3,-50.0,-41.2,-0.00,0.01,1.00,0.00,0.00,0.00,-8.16,103.13,99,-1,0,-3,-3.1,0.01,0.380,0.385,-0.29,0,28,0,206.2,304.3,288.6,68.9,0.00,1,-1.6,-6.1
37.00,brake,382.44,-32.44,0.380,1,1094.3,207.6,0.0,0.0,-36.96,94.47,106,62,-1,-40.9,-27.1,-50.0,-40.5,0.00,-0.00,1.00,0.00,0.00,0.00,-9.39,101.01,99,-1,0,-3,-3.1,0.02,0.380,0.382,-0.64,0,28,0,206.0,304.9,288.8,68.7,0.00,1,-1.6,-6.1
37.10,brake,382.32,-32.32,0.380,1,1087.1,226.0,0.0,0.0,-35.68,90.77,105,63,-1,-41.0,-26.8,-50.1,-39.7,0.01,-0.01,1.00,0.00,0.00,0.00,-10.31,98.95,99,-1,0,-3,-3.8,0.02,0.380,0.387,-1.00,0,28,0,205.8,305.4,288.9,68.5,0.00,1,-2.2,-6.4
37.20,brake,382.17,-32.17,0.380,1,1087.1,226.0,0.0,0.0,-35.68,90.77,105,63,-1,-41.1,-26.6,-50.2,-38.9,0.01,-0.02,1.00,0.00,0.00,0.00,-11.15,96.89,99,-1,0,-2,-3.8,0.03,0.380,0.391,-1.36,0,28,0,205.6,305.9,289.1,68.3,0.00,1,-2.2,-6.4
37.30,brake,381.98,-31.98,0.380,1,1083.6,235.0,0.0,0.0,-35.07,88.96,104,63,-1,-41.2,-26.3,-50.3,-38.1,0.01,-0.02,1.00,0.00,0.00,0.00,-11.99,94.86,99,-1,0,-2,-4.0,0.03,0.380,0.395,-1.72,0,28,0,205.4,306.4,289.3,68.1,0.00,1,-2.4,-6.4
37.40,brake,381.76,-31.76,0.380,1,1080.1,243.7,0.0,0.0,-34.41,87.17,104,63,-1,-41.3,-26.1,-50.5,-37.3,0.02,-0.03,1.00,0.00,0.00,0.00,-12.74,92.84,99,-1,0,-2,-4.1,0.04,0.380,0.399,-2.06,0,28,0,205.2,306.9,289.4,67.9,0.00,1,-2.5,-6.3
37.50,brake,381.50,-31.50,0.380,1,1076.7,252.3,0.0,0.0,-33.75,85.40,103,64,-1,-41.4,-25.8,-50.6,-36.5,0.02,-0.04,1.00,0.00,0.00,0.00,-13.26,90.86,99,-1,0,-2,-4.1,0.04,0.380,0.402,-2.41,0,28,0,205.0,307.4,289.6,67.6,0.00,1,-2.5,-6.3
37.60,brake,381.21,-31.21,0.380,1,1070.2,269.0,0.0,0.0,-32.34,81.89,103,64,-1,-41.5,-25.7,-50.7,-35.8,0.02,-0.04,1.00,0.00,0.00,0.00,-13.72,88.89,99,-1,0,-1,-3.5,0.04,0.380,0.404,-2.75,0,28,0,204.8,307.9,289.8,67.4,0.00,1,-2.0,-6.0
37.70,brake,380.89,-30.89,0.380,1,1067.0,277.0,0.0,0.0,-31.64,80.15,102,64,-1,-41.5,-25.5,-50.8,-35.0,0.02,-0.04,1.00,0.00,0.00,0.00,-14.18,86.90,99,-1,0,-1,-3.0,0.03,0.380,0.403,-3.08,0,28,0,204.6,308.4,290.0,67.2,0.00,1,-1.3,-5.5
37.80,brake,380.54,-30.54,0.380,1,1067.0,277.0,0.0,0.0,-31.64,80.15,102,64,-1,-41.6,-25.4,-50.8,-34.3,0.02,-0.03,1.00,0.00,0.00,0.00,-14.63,84.91,99,-1,0,-1,-3.0,0.03,0.380,0.401,-3.38,0,28,0,204.6,308.8,290.2,66.9,0.00,1,-1.3,-5.5
37.90,brake,380.16,-30.16,0.380,1,1063.9,284.9,0.0,0.0,-30.94,78.41,101,64,-1,-41.6,-25.3,-50.7,-33.6,0.02,-0.03,1.00,0.00,0.00,0.00,-14.98,82.95,99,-1,0,-1,-2.4,0.02,0.380,0.398,-3.68,0,28,0,204.5,309.3,290.5,66.7,0.00,1,-0.5,-5.0
38.00,brake,379.75,-29.75,0.380,1,1060.8,292.6,0.0,0.0,-30.19,76.70,101,64,-1,-41.6,-25.3,-50.6,-33.0,0.02,-0.02,1.00,0.00,0.00,0.00,-15.28,81.00,99,-1,0,-1,-1.8,0.02,0.380,0.394,-3.97,0,28,0,204.5,309.7,290.7,66.4,0.00,1,0.2,-4.6
38.10,brake,379.32,-29.32,0.380,1,1057.9,300.2,0.0,0.0,-29.49,75.04,100,64,-1,-41.5,-25.3,-50.4,-32.5,0.02,-0.01,1.00,0.00,0.00,0.00,-15.61,79.10,99,-1,0,-0,-1.1,0.01,0.380,0.391,-4.28,0,28,0,204.5,310.1,291.0,66.3,0.00,1,0.8,-4.2
38.20,brake,378.85,-28.85,0.380,1,1052.2,314.8,0.0,0.0,-28.08,71.82,100,64,-1,-41.5,-25.4,-50.2,-31.9,0.02,-0.01,1.00,0.00,0.00,0.00,-15.93,77.23,99,-1,0,-0,-0.2,0.01,0.380,0.390,-4.60,0,28,0,204.5,310.5,291.3,66.1,0.00,1,1.4,-4.2
38.30,brake,378.36,-28.36,0.380,1,1052.2,314.8,0.0,0.0,-28.08,71.82,99,65,-1,-41.4,-25.5,-49.9,-31.4,0.02,-0.01,1.00,0.00,0.00,0.00,-16.22,75.39,99,-1,0,-0,-0.2,0.00,0.380,0.390,-4.90,0,28,0,204.5,311.0,291.6,66.0,0.00,1,1.4,-4.2
38.40,brake,377.83,-27.83,0.380,1,1046.7,328.7,0.0,0.0,-26.67,68.70,99,65,-1,-41.4,-25.6,-49.6,-31.0,0.02,-0.00,1.00,0.00,0.00,0.00,-16.48,73.57,99,-1,0,0,0.2,-0.00,0.380,0.390,-5.19,0,28,0,204.4,311.4,291.8,65.9,0.00,1,1.4,-4.0
38.50,brake,377.28,-27.28,0.380,1,1044.1,335.5,0.0,0.0,-26.02,67.16,98,65,-1,-41.3,-25.8,-49.4,-30.5,0.02,-0.00,1.00,0.00,0.00,0.00,-16.72,71.77,99,-1,0,0,0.3,-0.00,0.380,0.391,-5.47,0,28,0,204.4,311.9,292.1,65.8,0.00,1,1.4,-4.0
38.60,brake,376.71,-26.71,0.380,1,1044.1,335.5,0.0,0.0,-26.02,67.16,98,65,-1,-41.2,-25.9,-49.1,-30.1,0.03,-0.01,1.00,0.00,0.00,0.00,-16.96,70.00,99,-1,0,0,0.3,-0.00,0.380,0.393,-5.74,0,28,0,204.3,312.3,292.3,65.7,0.00,1,1.4,-4.0
38.70,brake,376.10,-26.10,0.380,1,1039.1,348.5,0.0,0.0,-24.61,64.16,97,65,-1,-41.2,-26.0,-48.8,-29.6,0.03,-0.01,1.00,0.00,0.00,0.00,-17.08,68.26,99,-1,0,0,0.4,-0.00,0.380,0.394,-6.00,0,28,0,204.2,312.7,292.5,65.7,0.00,1,1.3,-4.0
38.80,brake,375.47,-25.47,0.380,1,1036.7,354.8,0.0,0.0,-23.95,62.69,97,65,-1,-41.1,-26.2,-48.6,-29.2,0.03,-0.01,1.00,0.00,0.00,0.00,-17.17,66.54,99,-1,0,0,0.4,-0.00,0.380,0.396,-6.25,0,28,0,204.1,313.1,292.8,65.7,0.00,1,1.2,-3.8
38.90,brake,374.82,-24.82,0.380,1,1036.7,354.8,0.0,0.0,-23.95,62.69,96,65,-1,-41.0,-26.4,-48.4,-28.8,0.04,-0.01,1.00,0.00,0.00,0.00,-17.26,64.85,99,-1,0,0,0.4,-0.00,0.380,0.398,-6.50,0,28,0,204.0,313.5,293.0,65.6,0.00,1,1.2,-3.8
39.00,brake,374.14,-24.14,0.380,1,1034.3,361.0,0.0,0.0,-23.29,61.24,95,65,-1,-40.9,-26.5,-48.2,-28.4,0.04,-0.01,1.00,0.00,0.00,0.00,-17.32,63.19,99,-1,0,0,0.4,-0.00,0.380,0.401,-6.74,0,28,0,204.0,314.0,293.2,65.6,0.00,1,1.1,-3.8
39.10,brake,373.44,-23.44,0.380,1,1029.8,372.9,0.0,0.0,-21.88,58.39,95,65,-1,-40.9,-26.7,-47.9,-28.1,0.04,-0.02,1.00,0.00,0.00,0.00,-17.23,61.57,99,-1,0,0,0.4,-0.00,0.380,0.403,-6.97,0,28,0,203.9,314.3,293.4,65.6,0.00,1,1.1,-2.9
39.20,brake,372.72,-22.72,0.380,1,1029.8,372.9,0.0,0.0,-21.88,58.39,95,65,-1,-40.8,-26.9,-47.7,-27.8,0.04,-0.02,1.00,0.00,0.00,0.00,-17.11,59.97,99,-1,0,0,0.4,-0.00,0.380,0.402,-7.17,0,28,0,203.8,314.6,293.5,65.6,0.00,1,1.1,-2.9
39.30,brake,371.99,-21.99,0.380,1,1025.6,384.2,0.0,0.0,-20.48,55.58,94,65,-1,-40.7,-27.1,-47.5,-27.6,0.03,-0.02,1.00,0.00,0.00,0.00,-16.94,58.38,99,-1,0,0,0.5,-0.00,0.380,0.401,-7.34,0,28,0,203.8,314.8,293.7,65.5,0.00,1,1.6,-0.5
39.40,brake,371.24,-21.24,0.298,1,1025.6,384.2,0.0,0.0,-20.48,55.58,94,65,-1,-40.0,-26.9,-47.4,-27.6,0.02,-0.03,1.00,0.00,0.00,0.00,-16.72,56.82,99,-1,0,0,0.5,-0.00,0.298,0.317,-7.50,0,28,0,203.9,314.9,293.8,65.5,0.00,1,1.6,-0.5
39.50,brake,370.48,-20.48,0.318,1,1021.7,395.0,0.0,0.0,-19.14,52.93,93,65,-1,-38.8,-26.2,-47.2,-27.6,0.01,-0.04,1.00,0.00,0.00,0.00,-16.45,55.30,99,-1,0,1,0.3,-0.00,0.318,0.339,-7.65,0,28,0,204.1,314.8,294.0,65.4,0.00,1,2.2,1.7
39.60,brake,369.68,-19.68,0.346,1,1019.8,400.2,0.0,0.0,-18.57,51.76,93,65,-1,-37.6,-25.5,-47.0,-27.7,-0.00,-0.06,1.00,0.00,0.00,0.00,-16.20,53.90,99,-1,0,1,0.2,0.00,0.346,0.373,-7.91,0,28,0,204.3,314.7,294.1,65.3,0.00,1,2.3,2.1
39.70,brake,368.85,-18.85,0.381,1,1018.0,405.3,0.0,0.0,-18.00,50.54,93,65,-1,-36.6,-24.9,-46.8,-27.9,-0.01,-0.08,1.00,0.00,0.00,0.00,-15.95,52.62,99,-1,0,1,0.1,0.00,0.381,0.417,-8.25,0,28,0,204.6,314.6,294.2,65.2,0.00,1,3.2,2.6
39.80,brake,368.00,-18.00,0.415,1,1016.3,410.2,0.0,0.0,-17.36,49.21,93,65,-1,-35.6,-24.3,-46.5,-28.0,-0.02,-0.08,1.00,0.00,0.00,0.00,-15.67,51.31,99,-1,0,1,0.1,0.00,0.415,0.454,-8.56,0,28,0,205.0,314.4,294.5,65.0,0.00,1,4.5,2.8
39.90,brake,367.13,-17.13,0.445,1,1016.3,410.2,0.0,0.0,-17.36,49.21,92,64,-1,-34.5,-23.6,-46.1,-28.1,-0.03,-0.07,1.00,0.00,0.00,0.00,-15.49,49.83,99,-1,0,1,0.1,0.01,0.445,0.484,-8.77,0,28,0,205.5,314.2,294.9,64.7,0.00,1,4.5,2.8
40.00,brake,366.25,-16.25,0.470,1,1014.6,415.1,0.0,0.0,-16.68,47.80,92,64,-1,-33.3,-22.9,-45.5,-28.1,-0.03,-0.07,1.00,0.00,0.00,0.00,-15.24,48.28,99,-1,0,2,0.0,0.01,0.470,0.509,-8.90,0,28,0,206.1,314.1,295.4,64.3,0.00,1,6.0,2.9
40.10,brake,365.37,-15.37,0.493,1,1011.4,424.3,0.0,0.0,-15.29,44.79,91,64,-1,-32.0,-22.2,-44.8,-28.0,-0.03,-0.06,1.00,0.00,0.00,0.00,-14.99,46.67,99,-1,0,2,0.1,0.01,0.493,0.529,-8.96,0,28,0,206.9,314.0,296.1,63.8,0.00,1,9.1,2.5
40.20,brake,364.49,-14.49,0.510,1,1009.9,428.6,0.0,0.0,-14.61,43.22,91,64,-1,-30.8,-21.5,-43.9,-27.9,-0.04,-0.04,1.00,0.00,0.00,0.00,-14.73,44.98,99,-1,0,3,0.4,0.02,0.510,0.542,-8.93,0,28,0,207.8,314.0,296.9,63.2,0.00,1,10.8,2.1
40.30,brake,363.63,-13.63,0.524,1,1008.5,432.8,0.0,0.0,-13.93,41.58,90,60,-1,-29.5,-20.7,-42.8,-27.7,-0.04,-0.03,1.00,0.00,0.00,0.00,-14.89,43.12,99,-1,0,3,1.0,0.02,0.524,0.551,-8.85,0,28,0,208.7,314.1,297.9,62.6,0.00,1,12.3,1.3
40.40,brake,362.79,-12.79,0.533,1,1007.2,436.9,0.0,0.0,-13.27,39.94,89,60,-1,-28.2,-20.0,-41.6,-27.4,-0.04,-0.01,1.00,0.00,0.00,0.00,-15.00,41.21,99,-1,0,4,1.8,0.02,0.533,0.552,-8.70,0,28,0,209.6,314.4,299.1,62.0,0.00,1,13.8,0.4
40.50,brake,361.98,-11.98,0.538,1,1005.9,440.7,0.0,0.0,-12.66,38.30,87,60,-1,-26.9,-19.2,-40.1,-27.1,-0.04,0.01,1.00,0.00,0.00,0.00,-15.09,39.29,99,-1,0,5,2.9,0.01,0.538,0.561,-8.47,0,28,0,210.5,314.8,300.3,61.4,0.00,1,14.9,-0.8
40.60,brake,361.20,-11.20,0.539,1,1005.9,440.7,0.0,0.0,-12.66,38.30,86,60,-1,-25.6,-18.5,-38.5,-26.6,-0.04,0.03,1.00,0.00,0.00,0.00,-15.18,37.37,99,-1,0,5,2.9,0.00,0.539,0.570,-8.20,0,28,0,211.2,315.5,301.6,60.9,0.00,1,14.9,-0.8
40.70,brake,360.45,-10.45,0.537,1,1003.5,448.0,0.0,0.0,-11.58,35.05,84,57,-1,-24.3,-17.8,-36.8,-26.1,-0.04,0.05,1.00,0.00,0.00,0.00,-15.63,35.30,99,-1,0,5,4.2,-0.00,0.537,0.570,-7.87,0,28,0,211.8,316.4,303.0,60.5,0.00,1,15.3,-4.2
40.80,brake,359.74,-9.74,0.531,1,1003.5,448.0,0.0,0.0,-11.58,35.05,83,57,-1,-23.1,-17.0,-35.0,-25.5,-0.03,0.05,1.00,0.00,0.00,0.00,-15.98,33.27,99,-1,0,6,4.2,-0.01,0.531,0.564,-7.47,0,28,0,212.2,317.5,304.5,60.1,0.00,1,15.3,-4.2
40.90,brake,359.07,-9.07,0.522,1,1002.4,451.4,0.0,0.0,-11.12,33.49,81,57,-1,-21.9,-16.4,-33.3,-24.8,-0.03,0.05,0.96,0.00,0.00,0.00,-16.26,31.31,99,-1,0,6,5.0,-0.02,0.522,0.553,-7.04,0,28,0,212.3,318.7,305.8,60.0,0.00,1,14.3,-5.6
41.00,brake,358.44,-8.44,0.513,1,1001.3,454.6,0.0,0.0,-10.70,32.00,79,57,-1,-20.9,-15.7,-31.8,-24.1,-0.02,0.03,0.91,0.00,0.00,0.00,-16.47,29.45,99,-1,0,6,5.4,-0.02,0.513,0.536,-6.59,0,28,0,212.3,320.0,307.0,60.0,0.00,1,12.6,-6.7
41.10,brake,357.86,-7.86,0.502,1,999.3,460.7,0.0,0.0,-9.95,29.27,78,57,-1,-19.9,-15.0,-30.4,-23.3,-0.01,0.02,0.87,0.00,0.00,0.00,-16.63,27.68,99,-1,0,6,5.0,-0.02,0.502,0.515,-6.13,0,28,0,212.0,321.4,308.1,60.1,0.00,1,9.1,-9.0
41.20,brake,357.32,-7.32,0.491,1,998.3,463.5,0.0,0.0,-9.60,28.00,76,57,-1,-18.9,-14.4,-29.2,-22.5,-0.00,-0.00,0.83,0.00,0.00,0.00,-16.67,26.03,99,-1,0,6,4.6,-0.02,0.491,0.493,-5.66,0,28,0,211.7,322.8,309.1,60.2,0.00,1,7.9,-9.6
41.30,brake,356.82,-6.82,0.479,1,998.3,463.5,0.0,0.0,-9.60,28.00,75,57,-1,-18.0,-13.9,-28.1,-21.6,0.01,-0.02,0.79,0.00,0.00,0.00,-16.64,24.48,99,-1,0,6,4.6,-0.02,0.479,0.489,-5.20,0,28,0,211.4,324.2,310.2,60.3,0.00,1,7.9,-9.6
41.40,brake,356.36,-6.36,0.467,1,997.4,466.2,0.0,0.0,-9.23,26.81,73,57,-1,-17.2,-13.3,-27.2,-20.7,0.01,-0.03,0.75,0.00,0.00,0.00,-16.50,23.05,99,-1,0,5,4.3,-0.01,0.467,0.483,-4.76,0,28,0,211.0,325.6,311.2,60.5,0.00,1,7.2,-9.8
41.50,brake,355.95,-5.95,0.452,1,995.6,471.3,0.0,0.0,-8.46,24.57,72,58,-1,-16.3,-12.9,-26.2,-19.8,0.02,-0.04,0.71,0.00,0.00,0.00,-16.18,21.78,99,-1,0,5,3.9,-0.01,0.452,0.475,-4.30,0,28,0,210.6,326.9,312.3,60.7,0.00,1,6.7,-9.8
41.60,brake,355.57,-5.57,0.439,1,994.8,473.7,0.0,0.0,-8.09,23.55,71,58,-1,-15.5,-12.4,-25.3,-18.8,0.02,-0.04,0.68,0.00,0.00,0.00,-15.83,20.60,99,-1,0,5,3.6,-0.01,0.439,0.463,-3.88,0,28,0,210.3,328.3,313.4,60.8,0.00,1,7.4,-9.5
41.70,brake,355.23,-5.23,0.429,1,994.8,473.7,0.0,0.0,-8.09,23.55,71,58,-1,-14.7,-12.0,-24.3,-18.0,0.03,-0.03,0.64,0.00,0.00,0.00,-15.47,19.52,99,-1,0,5,3.6,-0.01,0.429,0.451,-3.54,0,28,0,210.0,329.7,314.6,60.9,0.00,1,7.4,-9.5
41.80,brake,354.92,-4.92,0.420,1,994.0,475.9,0.0,0.0,-7.71,22.62,70,58,-1,-14.0,-11.6,-23.3,-17.1,0.03,-0.02,0.60,0.00,0.00,0.00,-15.08,18.54,99,-1,0,5,3.4,-0.01,0.420,0.442,-3.24,0,28,0,209.8,331.0,316.0,61.0,0.00,1,7.9,-9.2
41.90,brake,354.63,-4.63,0.411,1,992.6,480.2,0.0,0.0,-7.01,20.90,69,59,-1,-13.3,-11.3,-22.3,-16.2,0.04,-0.02,0.56,0.00,0.00,0.00,-14.63,17.66,99,-1,0,5,2.8,-0.00,0.411,0.434,-2.96,0,28,0,209.6,332.4,317.4,61.1,0.00,1,8.5,-8.8
42.00,brake,354.37,-4.37,0.402,1,991.9,482.3,0.0,0.0,-6.68,20.13,68,59,-1,-12.7,-11.0,-21.3,-15.3,0.04,-0.01,0.52,0.00,0.00,0.00,-14.22,16.84,99,-1,0,5,2.5,-0.00,0.402,0.422,-2.70,0,28,0,209.5,333.7,318.8,61.1,0.00,1,8.9,-7.9
42.10,brake,354.14,-4.14,0.393,1,991.2,484.2,0.0,0.0,-6.35,19.42,68,59,-1,-12.1,-10.7,-20.3,-14.6,0.04,-0.00,0.48,0.00,0.00,0.00,-13.80,16.10,99,-1,0,5,2.3,0.00,0.393,0.408,-2.44,0,28,0,209.4,334.9,320.3,61.1,0.00,1,9.1,-6.6
42.20,brake,353.93,-3.93,0.384,1,991.2,484.2,0.0,0.0,-6.35,19.42,67,59,-1,-11.5,-10.4,-19.3,-13.9,0.02,-0.00,0.44,0.00,0.00,0.00,-13.40,15.43,99,-1,0,5,2.3,0.01,0.384,0.393,-2.20,0,28,0,209.4,336.0,321.7,61.1,0.00,1,9.1,-6.6
42.30,brake,353.74,-3.74,0.375,1,990.6,486.1,0.0,0.0,-6.04,18.76,67,60,-1,-11.0,-10.2,-18.3,-13.5,0.00,-0.00,0.41,0.00,0.00,0.00,-13.00,14.82,99,-1,0,5,2.2,0.01,0.375,0.376,-1.97,0,28,0,209.4,336.9,322.9,61.1,0.00,1,9.0,-4.9
42.40,brake,353.57,-3.57,0.369,1,989.5,489.7,0.0,0.0,-5.54,17.57,66,60,-1,-10.5,-9.9,-17.4,-13.1,-0.01,0.00,0.38,0.00,0.00,0.00,-12.64,14.25,99,-1,0,5,2.1,0.01,0.369,0.374,-1.80,0,28,0,209.4,337.7,324.0,61.1,0.00,1,8.7,-3.1
42.50,brake,353.41,-3.41,0.365,1,989.5,489.7,0.0,0.0,-5.54,17.57,66,60,-1,-10.1,-9.7,-16.4,-12.8,-0.02,0.00,0.35,0.00,0.00,0.00,-12.30,13.71,99,-1,0,5,2.1,0.01,0.365,0.373,-1.68,0,28,0,209.4,338.5,325.0,61.1,0.00,1,8.7,-3.1
42.60,brake,353.27,-3.27,0.361,1,989.0,491.4,0.0,0.0,-5.30,17.01,65,60,-1,-9.6,-9.5,-15.5,-12.6,-0.02,0.01,0.32,0.00,0.00,0.00,-11.95,13.21,99,-1,0,5,2.1,0.01,0.361,0.372,-1.56,0,28,0,209.4,339.2,326.0,61.1,0.00,1,8.6,-2.8
42.70,brake,353.13,-3.13,0.357,1,987.9,494.7,0.0,0.0,-4.90,15.92,65,60,-1,-9.3,-9.2,-14.6,-12.3,-0.03,0.01,0.29,0.00,0.00,0.00,-11.64,12.70,99,-1,0,5,2.0,0.01,0.357,0.370,-1.43,0,28,0,209.4,339.9,327.0,61.1,0.00,1,8.2,-2.3
42.80,brake,353.01,-3.01,0.352,1,987.5,496.3,0.0,0.0,-4.72,15.40,64,60,-1,-8.9,-9.0,-13.7,-12.1,-0.03,0.01,0.27,0.00,0.00,0.00,-11.32,12.22,99,-1,0,5,2.0,0.01,0.352,0.367,-1.30,0,28,0,209.4,340.6,328.0,61.2,0.00,1,8.1,-2.2
42.90,brake,352.90,-2.90,0.346,1,987.0,497.8,0.0,0.0,-4.57,14.90,64,60,-1,-8.6,-8.7,-12.9,-11.9,-0.03,0.01,0.24,0.00,0.00,0.00,-11.01,11.76,99,-1,0,5,2.0,0.01,0.346,0.364,-1.17,0,28,0,209.4,341.2,328.9,61.2,0.00,1,7.9,-2.1
43.00,brake,352.80,-2.80,0.340,1,986.6,499.2,0.0,0.0,-4.44,14.41,64,60,-1,-8.2,-8.5,-12.0,-11.7,-0.03,0.02,0.22,0.00,0.00,0.00,-10.73,11.30,99,-1,0,5,2.1,0.01,0.340,0.360,-1.03,0,28,0,209.3,341.9,329.8,61.2,0.00,1,7.6,-2.2
43.10,brake,352.71,-2.71,0.334,1,986.6,499.2,0.0,0.0,-4.44,14.41,63,60,-1,-8.0,-8.2,-11.3,-11.5,-0.03,0.02,0.20,0.00,0.00,0.00,-10.45,10.87,99,-1,0,5,2.1,0.01,0.334,0.353,-0.92,0,28,0,209.3,342.5,330.7,61.3,0.00,1,7.6,-2.2
43.20,brake,352.63,-2.63,0.332,1,986.1,500.6,0.0,0.0,-4.31,13.96,63,60,-1,-7.7,-8.0,-10.5,-11.2,-0.02,0.02,0.17,0.00,0.00,0.00,-10.19,10.48,99,-1,0,5,2.3,0.00,0.332,0.347,-0.86,0,28,0,209.1,343.3,331.7,61.4,0.00,1,7.2,-2.9
43.30,brake,352.55,-2.55,0.331,1,985.7,502.0,0.0,0.0,-4.20,13.54,63,60,-1,-7.4,-7.7,-9.7,-10.8,-0.00,0.02,0.15,0.00,0.00,0.00,-9.95,10.09,99,-1,0,4,2.7,-0.00,0.331,0.342,-0.84,0,28,0,209.0,344.1,332.7,61.5,0.00,1,7.1,-3.9
43.40,brake,352.46,-2.46,0.332,1,985.3,503.3,0.0,0.0,-4.11,13.13,62,60,-1,-7.2,-7.5,-9.0,-10.3,0.01,0.02,0.12,0.00,0.00,0.00,-9.73,9.73,99,-1,0,4,2.9,-0.00,0.332,0.344,-0.84,0,28,0,208.8,344.9,333.9,61.7,0.00,1,6.7,-4.6
43.50,brake,352.37,-2.37,0.332,1,984.9,504.6,0.0,0.0,-4.02,12.74,62,60,-1,-7.0,-7.3,-8.3,-9.9,0.01,0.02,0.09,0.00,0.00,0.00,-9.49,9.41,99,-1,0,4,3.0,-0.01,0.332,0.343,-0.84,0,28,0,208.5,345.7,335.0,61.9,0.00,1,6.0,-4.8
43.60,brake,352.29,-2.29,0.331,1,984.1,507.0,0.0,0.0,-3.85,12.02,62,60,-1,-6.8,-7.1,-7.8,-9.4,0.01,0.01,0.07,0.00,0.00,0.00,-9.27,9.10,99,-1,0,4,3.2,-0.01,0.331,0.339,-0.81,0,28,0,208.3,346.5,336.0,62.1,0.00,1,4.2,-4.8
43.70,brake,352.21,-2.21,0.330,1,984.1,507.0,0.0,0.0,-3.85,12.02,62,60,-1,-6.6,-6.9,-7.3,-9.0,0.01,-0.01,0.05,0.00,0.00,0.00,-9.04,8.80,99,-1,0,4,3.2,-0.01,0.330,0.338,-0.77,0,28,0,208.0,347.2,336.9,62.4,0.00,1,4.2,-4.8
43.80,brake,352.14,-2.14,0.329,1,983.3,509.4,0.0,0.0,-3.69,11.36,62,60,-1,-6.4,-6.7,-6.9,-8.6,0.01,-0.01,0.03,0.00,0.00,0.00,-8.84,8.52,99,-1,0,3,3.2,-0.02,0.329,0.335,-0.73,0,28,0,207.7,347.9,337.7,62.6,0.00,1,3.5,-3.5
43.90,brake,352.07,-2.07,0.327,1,983.0,510.5,0.0,0.0,-3.63,11.05,62,62,-1,-6.2,-6.5,-6.5,-8.3,-0.00,-0.01,0.02,0.00,0.00,0.00,-8.60,8.29,99,-1,0,3,3.3,-0.02,0.327,0.332,-0.68,0,28,0,207.4,348.4,338.4,62.9,0.00,1,3.7,-2.8
44.00,brake,352.00,-2.00,0.327,1,983.0,510.5,0.0,0.0,-3.63,11.05,62,62,-1,-6.0,-6.4,-6.1,-8.1,-0.01,-0.00,0.00,0.00,0.00,0.00,-8.40,8.05,99,-1,0,3,3.3,-0.02,0.327,0.333,-0.67,0,28,0,207.1,348.9,339.0,63.2,0.00,1,3.7,-2.8
44.10,brake,351.92,-1.92,0.331,1,982.3,512.6,0.0,0.0,-3.52,10.50,62,62,-1,-5.9,-6.2,-5.7,-7.9,-0.01,-0.00,0.00,0.00,0.00,0.00,-8.20,7.83,99,-1,0,2,3.2,-0.02,0.331,0.336,-0.72,0,28,0,206.8,349.3,339.6,63.5,0.00,1,3.6,-2.5
44.20,brake,351.84,-1.84,0.336,1,981.9,513.7,0.0,0.0,-3.45,10.24,62,62,-1,-5.8,-6.0,-5.3,-7.6,-0.01,-0.00,0.00,0.00,0.00,0.00,-8.04,7.62,99,-1,0,2,3.2,-0.02,0.336,0.341,-0.80,0,28,0,206.5,349.8,340.1,63.7,0.00,1,3.5,-2.8
44.30,brake,351.76,-1.76,0.338,1,981.6,514.7,0.0,0.0,-3.41,9.98,62,63,-1,-5.6,-5.9,-4.9,-7.4,-0.00,0.00,0.00,0.00,0.00,0.00,-7.83,7.44,99,-1,0,2,3.1,-0.02,0.338,0.340,-0.81,0,28,0,206.2,350.3,340.8,64.0,0.00,1,3.4,-3.5
44.40,brake,351.68,-1.68,0.337,1,981.6,514.7,0.0,0.0,-3.41,9.98,62,63,-1,-5.5,-5.7,-4.5,-7.0,0.01,0.00,0.00,0.00,0.00,0.00,-7.65,7.25,99,-1,0,2,3.1,-0.03,0.337,0.342,-0.76,0,28,0,205.9,350.8,341.7,64.3,0.00,1,3.4,-3.5
44.50,brake,351.61,-1.61,0.332,1,981.3,515.6,0.0,0.0,-3.34,9.69,62,63,-1,-5.3,-5.6,-4.1,-6.6,0.01,0.00,0.00,0.00,0.00,0.00,-7.45,7.04,99,-1,0,1,3.1,-0.03,0.332,0.339,-0.64,0,28,0,205.6,351.4,342.5,64.5,0.00,1,3.3,-3.9
44.60,brake,351.56,-1.56,0.325,1,980.6,517.5,0.0,0.0,-3.25,9.21,63,63,-1,-5.2,-5.4,-3.8,-6.3,0.01,-0.00,0.00,0.00,0.00,0.00,-7.29,6.86,99,-1,0,1,3.1,-0.03,0.325,0.330,-0.49,0,28,0,205.3,351.9,343.3,64.8,0.00,1,2.7,-3.0
44.70,brake,351.52,-1.52,0.321,1,980.6,517.5,0.0,0.0,-3.25,9.21,63,64,-1,-5.1,-5.3,-3.5,-6.1,0.00,-0.00,0.00,0.00,0.00,0.00,-7.11,6.70,99,-1,0,1,3.1,-0.03,0.321,0.323,-0.41,0,28,0,205.0,352.3,343.9,65.1,0.00,1,2.7,-3.0
44.80,brake,351.48,-1.48,0.322,1,980.3,518.4,0.0,0.0,-3.21,8.99,63,64,-1,-5.0,-5.2,-3.2,-5.8,-0.00,-0.00,0.00,0.00,0.00,0.00,-6.94,6.55,99,-1,0,1,3.1,-0.03,0.322,0.324,-0.42,0,28,0,204.7,352.7,344.5,65.4,0.00,1,2.6,-2.5
44.90,brake,351.42,-1.42,0.326,1,979.6,520.2,0.0,0.0,-3.14,8.59,63,64,-1,-4.9,-5.0,-2.9,-5.6,-0.00,-0.00,0.00,0.00,0.00,0.00,-6.79,6.41,99,-1,0,0,3.1,-0.03,0.326,0.328,-0.49,0,28,0,204.5,353.1,345.1,65.7,0.00,1,2.4,-2.5
45.00,brake,351.36,-1.36,0.331,1,979.3,521.0,0.0,0.0,-3.10,8.42,63,64,-1,-4.8,-4.9,-2.7,-5.4,-0.00,-0.00,0.00,0.00,0.00,0.00,-6.67,6.26,99,-1,0,-0,3.1,-0.04,0.331,0.333,-0.56,0,28,0,204.2,353.5,345.7,66.0,0.00,1,2.3,-2.4
45.10,brake,351.26,-1.26,0.337,1,979.0,521.8,0.0,0.0,-3.08,8.24,64,65,-1,-4.7,-4.8,-2.4,-5.1,-0.00,-0.00,0.00,0.00,0.00,0.00,-6.52,6.16,99,-1,0,-0,3.1,-0.04,0.337,0.338,-0.63,0,28,0,203.9,353.8,346.2,66.2,0.00,1,2.2,-2.4
45.20,brake,351.22,-1.22,0.341,1,979.0,521.8,0.0,0.0,-3.08,8.24,64,65,-1,-4.6,-4.7,-2.2,-4.9,0.00,-0.00,0.00,0.00,0.00,0.00,-6.40,6.04,99,-1,0,-1,3.1,-0.04,0.342,0.342,-0.70,0,28,0,203.6,354.1,346.8,66.5,0.00,1,2.2,-2.4
45.30,brake,351.16,-1.16,0.340,1,978.4,523.4,0.0,0.0,-3.01,7.87,64,65,-1,-4.6,-4.6,-1.9,-4.7,0.00,-0.00,0.00,0.00,0.00,0.00,-6.27,5.89,99,-1,0,-1,3.0,-0.04,0.340,0.341,-0.64,0,28,0,203.3,354.5,347.3,66.8,0.00,1,2.0,-2.3
45.40,brake,351.11,-1.11,0.331,1,978.4,523.4,0.0,0.0,-3.01,7.87,64,65,-1,-4.5,-4.5,-1.7,-4.5,0.00,-0.00,0.00,0.00,0.00,0.00,-6.13,5.77,99,-1,0,-1,3.0,-0.04,0.331,0.333,-0.45,0,28,0,203.0,354.8,347.9,67.1,0.00,1,2.0,-2.3
45.50,brake,351.09,-1.09,0.322,1,978.1,524.2,0.0,0.0,-2.99,7.69,65,66,-1,-4.4,-4.4,-1.5,-4.3,0.00,-0.00,0.00,0.00,0.00,0.00,-6.01,5.66,99,-1,0,-1,3.0,-0.05,0.322,0.324,-0.26,0,28,0,202.7,355.1,348.4,67.4,0.00,1,1.9,-2.2
45.60,brake,351.06,-1.06,0.319,1,977.5,525.7,0.0,0.0,-2.94,7.38,65,66,-1,-4.3,-4.3,-1.3,-4.1,0.00,-0.00,0.00,0.00,0.00,0.00,-5.88,5.54,99,-1,0,-2,3.0,-0.05,0.319,0.321,-0.21,0,28,0,202.4,355.4,348.9,67.6,0.00,1,1.7,-2.1
45.70,land,351.03,0.00,0.299,1,977.2,526.4,-19.0,-20.2,-2.94,7.23,65,66,-1,-7.5,-10.3,-1.1,-3.9,0.06,0.03,0.00,0.00,0.00,0.00,-5.79,5.45,99,-1,0,0,2.9,-0.04,0.299,0.336,-0.28,0,28,0,202.1,355.7,349.5,67.9,0.00,0,1.6,-2.0
45.80,land,350.99,0.04,0.303,1,977.2,526.4,-18.7,-20.9,-2.94,7.23,65,66,-1,-7.9,-16.3,-0.9,-3.7,0.12,0.03,0.00,0.00,0.00,0.00,-5.70,5.33,99,-1,0,-0,2.9,-0.04,0.303,0.366,-0.35,0,28,0,202.1,355.7,349.5,67.9,0.00,0,1.6,-2.0
45.90,land,350.95,0.08,0.307,1,976.9,527.2,-18.4,-21.7,-2.92,7.12,66,67,-1,-8.1,-20.2,-0.8,-3.5,0.15,0.02,0.00,0.00,0.00,0.00,-5.61,5.27,99,-1,0,-1,2.8,-0.04,0.307,0.378,-0.42,0,28,0,201.6,356.1,350.3,68.5,0.00,0,1.1,-1.5
46.00,land,350.90,0.13,0.312,1,976.4,528.5,-18.1,-22.4,-2.88,6.92,66,67,-1,-8.3,-20.3,-0.8,-3.6,0.13,0.02,0.00,0.00,0.00,0.00,-5.52,5.21,99,-1,0,-1,2.4,-0.04,0.312,0.370,-0.48,0,28,0,201.6,356.1,350.3,68.5,0.00,0,0.2,2.7
46.10,land,350.85,0.18,0.316,1,976.4,528.5,-17.9,-23.0,-2.88,6.92,66,67,-1,-8.6,-20.4,-0.8,-4.0,0.09,0.02,0.00,0.00,0.00,0.00,-5.44,5.16,99,-1,0,-1,2.4,-0.04,0.316,0.358,-0.55,0,28,0,201.6,356.1,350.3,68.5,0.00,0,0.2,2.7
46.20,land,350.80,0.23,0.319,1,976.1,529.2,-17.6,-23.7,-2.86,6.86,66,67,-1,-9.0,-20.5,-0.8,-4.6,0.04,0.01,0.00,0.00,0.00,0.00,-5.37,5.13,99,-1,0,-1,1.8,-0.03,0.319,0.341,-0.58,0,28,0,201.6,356.1,350.3,68.5,0.00,0,-0.3,5.5
46.30,land,350.76,0.27,0.318,1,975.5,530.6,-17.3,-24.4,-2.81,6.66,67,68,-1,-9.2,-20.5,-0.8,-5.4,0.00,0.01,0.00,0.00,0.00,0.00,-5.29,5.08,99,-1,0,-2,1.1,-0.03,0.318,0.324,-0.55,0,28,0,200.8,354.3,345.2,69.3,0.00,0,-1.1,9.6
46.40,land,350.72,0.31,0.318,1,975.5,530.6,-17.0,-25.1,-2.81,6.66,67,68,-1,-9.5,-20.6,-1.0,-6.4,-0.03,0.01,0.00,0.00,0.00,0.00,-5.21,5.01,99,-1,0,-2,1.1,-0.03,0.318,0.332,-0.52,0,28,0,200.8,354.3,345.2,69.3,0.00,0,-1.1,9.6
46.50,land,350.68,0.35,0.321,1,974.9,531.9,-16.7,-25.7,-2.79,6.37,67,68,-1,-9.7,-20.7,-1.1,-7.5,-0.05,0.00,0.00,0.00,0.00,0.00,-5.12,4.92,99,-1,0,-2,0.5,-0.02,0.321,0.342,-0.55,0,28,0,200.8,354.3,345.2,69.3,0.00,0,-1.5,10.9
46.60,land,350.63,0.40,0.326,1,974.7,532.5,-16.4,-26.4,-2.79,6.17,67,68,-1,-10.0,-20.8,-1.3,-8.6,-0.06,0.00,0.00,0.00,0.00,0.00,-5.05,4.79,99,-1,0,-2,0.2,-0.02,0.326,0.352,-0.62,0,28,0,200.8,354.3,345.2,69.3,0.00,0,-1.6,10.5
46.70,land,350.58,0.45,0.327,1,974.7,532.5,-16.2,-27.0,-2.79,6.17,67,68,-1,-10.2,-20.9,-1.4,-9.6,-0.06,0.00,0.00,0.00,0.00,0.00,-4.96,4.62,99,-1,0,-2,0.2,-0.02,0.327,0.353,-0.63,0,28,0,200.7,349.9,334.8,69.6,0.00,0,-1.6,10.5
46.80,land,350.53,0.50,0.326,1,974.4,533.1,-15.9,-27.6,-2.81,5.91,67,68,-1,-10.4,-20.9,-1.6,-10.5,-0.05,0.00,0.02,0.00,0.00,0.00,-4.86,4.38,99,-1,0,-2,0.0,-0.02,0.326,0.347,-0.59,0,28,0,200.7,349.9,334.8,69.6,0.00,0,-1.7,9.5
46.90,land,350.49,0.54,0.325,1,974.1,533.7,-15.6,-28.2,-2.83,5.63,68,68,-1,-10.6,-21.0,-1.8,-11.3,-0.03,0.00,0.05,0.00,0.00,0.00,-4.77,4.12,99,-1,0,-3,-0.1,-0.02,0.325,0.339,-0.55,0,28,0,200.7,349.9,334.8,69.6,0.00,0,-1.8,8.0
47.00,land,350.44,0.59,0.324,1,973.8,534.2,-15.3,-28.7,-2.88,5.34,68,68,-1,-10.8,-21.1,-2.0,-11.9,-0.01,0.00,0.07,0.00,0.00,0.00,-4.69,3.84,99,-1,0,-3,-0.2,-0.02,0.325,0.331,-0.51,0,28,0,200.7,349.9,334.8,69.6,0.00,0,-1.9,6.6
47.10,land,350.40,0.63,0.324,1,973.5,534.7,-15.0,-29.2,-2.90,5.03,68,68,-1,-11.0,-21.2,-2.2,-12.4,0.01,0.00,0.08,0.00,0.00,0.00,-4.59,3.56,99,-1,0,-3,-0.3,-0.02,0.324,0.329,-0.48,0,28,0,200.9,346.8,328.5,69.6,0.00,0,-1.9,5.1
47.20,land,350.35,0.68,0.327,1,972.9,535.7,-14.7,-29.7,-2.97,4.44,68,68,-1,-11.3,-21.2,-2.4,-12.8,0.02,0.01,0.10,0.00,0.00,0.00,-4.51,3.26,99,-1,0,-3,-0.6,-0.01,0.327,0.335,-0.51,0,28,0,200.9,346.8,328.5,69.6,0.00,0,-2.0,3.6
47.30,land,350.29,0.74,0.332,1,972.6,536.1,-14.4,-30.2,-2.97,4.15,68,68,-1,-11.4,-21.3,-2.6,-13.1,0.02,0.01,0.11,0.00,0.00,0.00,-4.42,2.99,99,-1,0,-3,-0.6,-0.01,0.332,0.343,-0.61,0,28,0,200.9,346.8,328.5,69.6,0.00,0,-2.3,3.7
47.40,land,350.23,0.80,0.337,1,972.6,536.1,-14.1,-30.6,-2.97,4.15,68,68,-1,-11.6,-21.4,-2.9,-13.5,0.02,0.00,0.13,0.00,0.00,0.00,-4.31,2.73,99,-1,0,-3,-0.6,-0.01,0.337,0.344,-0.67,0,28,0,200.9,346.8,328.5,69.6,0.00,0,-2.3,3.7
47.50,land,350.16,0.87,0.338,1,972.3,536.5,-13.8,-31.0,-2.99,3.85,68,68,-1,-11.7,-21.5,-3.1,-13.9,0.01,-0.00,0.14,0.00,0.00,0.00,-4.21,2.44,99,-1,0,-3,-0.7,-0.01,0.338,0.342,-0.67,0,28,0,201.0,344.9,325.0,69.6,0.00,0,-2.6,4.2
47.60,land,350.11,0.92,0.338,1,972.0,536.8,-13.5,-31.3,-3.01,3.54,68,68,-1,-11.9,-21.5,-3.4,-14.4,-0.01,-0.00,0.16,0.00,0.00,0.00,-4.12,2.15,99,-1,0,-3,-0.7,-0.01,0.338,0.342,-0.64,0,28,0,201.0,344.9,325.0,69.6,0.00,0,-2.6,4.8
47.70,land,350.06,0.97,0.335,1,971.4,537.5,-13.2,-31.7,-3.03,2.83,68,68,-1,-11.9,-21.6,-3.7,-15.0,-0.01,-0.00,0.18,0.00,0.00,0.00,-4.01,1.82,99,-1,0,-3,-0.7,-0.01,0.335,0.341,-0.55,0,28,0,201.0,344.9,325.0,69.6,0.00,0,-2.7,5.1
47.80,land,350.02,1.01,0.328,1,971.4,537.5,-12.9,-32.0,-3.03,2.83,68,68,-1,-12.0,-21.7,-4.0,-15.5,-0.01,-0.01,0.20,0.00,0.00,0.00,-3.87,1.49,99,-1,0,-3,-0.7,-0.01,0.328,0.336,-0.41,0,28,0,201.0,344.9,325.0,69.6,0.00,0,-2.7,5.1
47.90,land,350.00,1.03,0.325,1,970.8,537.9,-12.6,-32.2,-3.05,2.13,68,68,-1,-12.0,-21.7,-4.3,-15.9,-0.01,-0.01,0.21,0.00,0.00,0.00,-3.76,1.16,99,-1,0,-3,-0.7,-0.01,0.325,0.331,-0.33,0,28,0,201.2,342.6,321.0,69.6,0.00,0,-2.6,4.0
48.00,land,349.96,1.07,0.326,1,970.5,538.1,-12.3,-32.4,-3.05,1.82,68,68,-1,-12.0,-21.8,-4.6,-16.3,-0.00,-0.01,0.23,0.00,0.00,0.00,-3.63,0.83,99,-1,0,-3,-0.6,-0.01,0.326,0.329,-0.34,0,28,0,201.2,342.6,321.0,69.6,0.00,0,-2.5,3.8
48.10,land,349.92,1.11,0.331,1,970.2,538.3,-12.0,-32.6,-3.05,1.49,68,68,-1,-12.0,-21.9,-4.9,-16.7,-0.00,-0.01,0.24,0.00,0.00,0.00,-3.51,0.55,99,-1,0,-3,-0.6,-0.01,0.331,0.334,-0.42,0,28,0,201.2,342.6,321.0,69.6,0.00,0,-2.5,3.8
48.20,land,349.87,1.16,0.338,1,970.2,538.3,-11.7,-32.8,-3.05,1.49,68,68,-1,-12.0,-21.9,-5.2,-17.1,-0.00,-0.01,0.26,0.00,0.00,0.00,-3.39,0.25,99,-1,0,-3,-0.6,-0.01,0.338,0.343,-0.53,0,28,0,201.2,342.6,321.0,69.6,0.00,0,-2.5,3.8
48.30,land,349.81,1.22,0.343,1,969.9,538.4,-11.4,-32.9,-3.05,1.16,68,68,-1,-12.0,-22.0,-5.4,-17.4,-0.00,-0.01,0.27,0.00,0.00,0.00,-3.27,-0.06,99,-1,0,-3,-0.6,-0.01,0.343,0.346,-0.61,0,28,0,201.4,340.7,318.1,69.7,0.00,0,-2.4,3.7
48.40,land,349.75,1.28,0.344,1,969.3,538.5,-11.1,-33.0,-3.05,0.40,68,68,-1,-11.9,-22.0,-5.6,-17.7,0.00,-0.00,0.28,0.00,0.00,0.00,-3.13,-0.40,99,-1,0,-3,-0.6,-0.01,0.344,0.347,-0.61,0,28,0,201.4,340.7,318.1,69.7,0.00,0,-1.8,2.9
48.50,land,349.70,1.33,0.340,1,969.3,538.5,-10.8,-33.0,-3.05,0.40,68,68,-1,-11.8,-22.1,-5.9,-18.0,0.00,-0.00,0.29,0.00,0.00,0.00,-2.98,-0.77,99,-1,0,-3,-0.6,-0.02,0.340,0.343,-0.51,0,28,0,201.4,340.7,318.1,69.7,0.00,0,-1.8,2.9
48.60,land,349.67,1.36,0.335,1,969.0,538.5,-10.5,-33.0,-3.05,-0.02,68,68,-1,-11.6,-22.1,-6.1,-18.3,0.00,-0.01,0.31,0.00,0.00,0.00,-2.83,-1.15,99,-1,0,-3,-0.6,-0.02,0.335,0.339,-0.39,0,28,0,201.4,340.7,318.1,69.7,0.00,0,-2.0,3.0
48.70,land,349.65,1.38,0.329,1,968.4,538.4,-10.2,-33.0,-3.05,-0.83,68,68,-1,-11.4,-22.2,-6.3,-18.6,-0.00,-0.01,0.32,0.00,0.00,0.00,-2.67,-1.54,99,-1,0,-3,-0.5,-0.02,0.329,0.334,-0.27,0,28,0,201.5,339.2,316.0,69.7,0.00,0,-1.7,2.9
48.80,land,349.63,1.40,0.327,1,968.4,538.4,-9.9,-32.9,-3.05,-0.83,68,68,-1,-11.3,-22.2,-6.5,-18.9,-0.00,-0.01,0.33,0.00,0.00,0.00,-2.53,-1.91,99,-1,0,-3,-0.5,-0.02,0.327,0.331,-0.21,0,28,0,201.5,339.2,316.0,69.7,0.00,0,-1.7,2.9
48.90,land,349.61,1.42,0.328,1,968.1,538.3,-9.6,-32.8,-3.05,-1.21,68,68,-1,-11.1,-22.3,-6.6,-19.2,-0.00,0.00,0.34,0.00,0.00,0.00,-2.39,-2.25,99,-1,0,-3,-0.5,-0.02,0.328,0.329,-0.22,0,28,0,201.5,339.2,316.0,69.7,0.00,0,-0.9,2.7
49.00,land,349.58,1.45,0.332,1,967.8,538.2,-9.3,-32.7,-3.03,-1.58,68,68,-1,-10.9,-22.3,-6.7,-19.5,-0.01,-0.00,0.35,0.00,0.00,0.00,-2.23,-2.59,99,-1,0,-3,-0.5,-0.02,0.332,0.334,-0.29,0,28,0,201.5,339.2,316.0,69.7,0.00,0,-0.6,2.9
49.10,land,349.53,1.50,0.339,1,967.2,537.8,-9.0,-32.5,-3.03,-2.29,68,67,-1,-10.8,-22.4,-6.8,-19.8,-0.01,-0.00,0.36,0.00,0.00,0.00,-2.11,-2.90,99,-1,0,-3,-0.5,-0.02,0.339,0.343,-0.42,0,28,0,201.7,337.9,314.4,69.6,0.00,0,-0.8,2.7
49.20,land,349.49,1.54,0.344,1,966.9,537.5,-8.7,-32.3,-3.03,-2.70,68,67,-1,-10.6,-22.4,-6.9,-20.0,0.00,-0.01,0.37,0.00,0.00,0.00,-1.97,-3.24,99,-1,0,-3,-0.5,-0.02,0.344,0.346,-0.49,0,28,0,201.7,337.9,314.4,69.6,0.00,0,-0.9,2.2
49.30,land,349.44,1.59,0.342,1,966.9,537.5,-8.4,-32.0,-3.03,-2.70,68,67,-1,-10.4,-22.5,-7.0,-20.2,0.00,-0.01,0.37,0.00,0.00,0.00,-1.82,-3.63,99,-1,0,-3,-0.5,-0.02,0.342,0.347,-0.44,0,28,0,201.7,337.9,314.4,69.6,0.00,0,-0.9,2.2
49.40,land,349.41,1.62,0.338,1,966.6,537.2,-8.1,-31.7,-3.03,-3.14,68,67,-1,-10.1,-22.5,-7.1,-20.4,0.00,-0.01,0.38,0.00,0.00,0.00,-1.66,-4.04,99,-1,0,-3,-0.5,-0.02,0.338,0.343,-0.34,0,28,0,201.7,337.9,314.4,69.6,0.00,0,-0.9,2.1
49.50,land,349.39,1.64,0.333,1,966.0,536.5,-7.8,-31.4,-3.01,-4.00,68,67,-1,-9.8,-22.5,-7.3,-20.6,-0.00,-0.02,0.39,0.00,0.00,0.00,-1.47,-4.44,99,-1,0,-3,-0.4,-0.02,0.333,0.341,-0.24,0,28,0,201.9,336.9,313.3,69.5,0.00,0,-0.6,1.8
49.60,land,349.37,1.66,0.331,1,965.7,536.1,-7.5,-31.0,-3.01,-4.39,68,67,-1,-9.5,-21.8,-7.3,-20.8,-0.01,-0.01,0.40,0.00,0.00,0.00,-1.32,-4.83,99,-1,0,-3,-0.5,-0.02,0.332,0.342,-0.20,0,28,0,201.9,336.9,313.3,69.5,0.00,0,0.1,2.1
49.70,land,349.35,1.68,0.333,1,965.4,535.6,-7.2,-30.6,-3.01,-4.77,68,67,-1,-9.2,-20.4,-7.4,-21.0,-0.03,-0.01,0.40,0.00,0.00,0.00,-1.17,-5.20,99,-1,0,-3,-0.4,-0.02,0.333,0.348,-0.22,0,28,0,201.9,336.9,313.3,69.5,0.00,0,0.5,1.7
49.80,land,349.33,1.70,0.336,1,965.4,535.6,-6.9,-30.1,-3.01,-4.77,68,67,-1,-9.0,-19.1,-7.3,-21.2,-0.04,-0.00,0.41,0.00,0.00,0.00,-1.03,-5.54,99,-1,0,-3,-0.4,-0.02,0.336,0.355,-0.27,0,28,0,201.9,336.9,313.3,69.5,0.00,0,0.5,1.7
49.90,land,349.29,1.74,0.340,1,964.8,534.5,-6.6,-29.6,-3.01,-5.56,68,67,-1,-8.8,-17.7,-7.3,-21.3,-0.05,-0.01,0.41,0.00,0.00,0.00,-0.88,-5.89,99,-1,0,-3,-0.7,-0.02,0.340,0.362,-0.33,0,28,0,202.3,336.2,312.9,69.3,0.00,0,0.6,0.2
50.00,land,349.26,1.77,0.342,1,964.4,533.9,-6.3,-29.0,-3.03,-5.95,68,67,-1,-8.4,-16.1,-7.2,-21.3,-0.05,-0.01,0.41,0.00,0.00,0.00,-0.72,-6.28,99,-1,0,-3,-0.9,-0.01,0.342,0.367,-0.35,0,28,0,202.3,336.2,312.9,69.3,0.00,0,0.6,-1.2
50.10,land,349.22,1.81,0.344,1,964.1,533.3,-5.9,-28.4,-3.03,-6.37,68,67,-1,-8.2,-14.6,-7.2,-21.1,-0.05,-0.01,0.40,0.00,0.00,0.00,-0.59,-6.66,99,-1,0,-3,-0.9,-0.01,0.344,0.370,-0.39,0,28,0,202.3,336.2,312.9,69.3,0.00,0,0.4,-2.5
50.20,land,349.17,1.86,0.347,1,964.1,533.3,-5.6,-27.8,-3.03,-6.37,68,67,-1,-7.9,-12.9,-7.2,-20.8,-0.05,-0.02,0.39,0.00,0.00,0.00,-0.43,-7.04,99,-1,0,-3,-0.9,-0.01,0.347,0.372,-0.42,0,28,0,202.3,336.2,312.9,69.3,0.00,0,0.4,-2.5
50.30,land,349.12,1.91,0.349,1,963.8,532.7,-5.3,-27.2,-3.05,-6.77,68,66,-1,-7.6,-11.3,-7.2,-20.4,-0.04,-0.02,0.38,0.00,0.00,0.00,-0.29,-7.42,99,-1,0,-3,-0.9,-0.01,0.349,0.373,-0.46,0,28,0,202.6,337.1,314.5,68.9,0.00,0,0.4,-3.9
50.40,land,349.07,1.96,0.350,1,963.2,531.2,-5.0,-26.4,-3.08,-7.58,68,66,-1,-7.3,-9.6,-7.1,-19.8,-0.03,-0.02,0.36,0.00,0.00,0.00,-0.15,-7.79,99,-1,0,-3,-1.1,-0.01,0.350,0.371,-0.46,0,28,0,202.6,337.1,314.5,68.9,0.00,0,0.8,-6.6
50.50,land,349.03,2.00,0.350,1,962.9,530.4,-4.7,-25.7,-3.10,-7.98,68,66,-1,-6.9,-7.9,-7.1,-19.1,-0.03,-0.02,0.34,0.00,0.00,0.00,0.02,-8.18,99,-1,0,-3,-1.2,-0.01,0.350,0.367,-0.43,0,28,0,202.6,337.1,314.5,68.9,0.00,0,1.1,-7.8
50.60,land,348.98,2.05,0.349,1,962.9,530.4,-4.4,-24.9,-3.10,-7.98,68,66,-1,-6.6,-6.2,-6.9,-18.2,-0.02,-0.01,0.31,0.00,0.00,0.00,0.16,-8.56,99,-1,0,-3,-1.2,-0.00,0.349,0.363,-0.39,0,28,0,202.6,337.1,314.5,68.9,0.00,0,1.1,-7.8
50.70,land,348.94,2.09,0.347,1,962.3,528.7,-4.1,-24.1,-3.10,-8.68,68,66,-1,-6.3,-4.5,-6.8,-17.3,-0.02,-0.01,0.28,0.00,0.00,0.00,0.31,-8.90,99,-1,0,-3,-1.6,-0.00,0.347,0.359,-0.35,0,28,0,202.8,340.1,319.2,68.3,0.00,0,1.5,-9.4
50.80,land,348.91,2.12,0.343,1,962.3,528.7,-3.8,-23.2,-3.10,-8.68,68,66,-1,-6.0,-2.8,-6.7,-16.4,-0.02,-0.02,0.25,0.00,0.00,0.00,0.45,-9.20,99,-1,0,-3,-1.6,0.00,0.343,0.357,-0.26,0,28,0,202.8,340.1,319.2,68.3,0.00,0,1.5,-9.4
50.90,land,348.89,2.14,0.337,1,962.0,527.8,-3.5,-22.3,-3.08,-9.01,67,66,-1,-5.5,-1.2,-6.6,-15.4,-0.02,-0.02,0.22,0.00,0.00,0.00,0.61,-9.50,99,-1,0,-2,-1.6,0.00,0.337,0.354,-0.14,0,28,0,202.8,340.1,319.2,68.3,0.00,0,1.4,-9.6
51.00,land,348.88,2.15,0.332,1,961.4,526.0,-3.2,-21.4,-3.03,-9.56,67,66,-1,-5.2,0.4,-6.4,-14.4,-0.02,-0.02,0.19,0.00,0.00,0.00,0.75,-9.75,99,-1,0,-2,-1.6,0.00,0.332,0.349,-0.04,0,28,0,202.8,340.1,319.2,68.3,0.00,0,1.8,-10.3
51.10,land,348.88,2.15,0.329,1,961.4,526.0,-2.9,-20.5,-3.03,-9.56,67,66,-1,-4.8,1.9,-6.2,-13.3,-0.02,-0.02,0.15,0.00,0.00,0.00,0.89,-9.99,99,-1,0,-2,-1.6,0.00,0.329,0.344,0.04,0,28,0,203.1,344.2,326.5,67.5,0.00,0,1.8,-10.3
51.20,land,348.88,2.15,0.326,1,960.8,524.0,-2.6,-19.5,-2.97,-9.95,67,66,-1,-4.4,3.4,-6.1,-12.2,-0.02,-0.02,0.12,0.00,0.00,0.00,1.04,-10.17,99,-1,0,-2,-1.6,0.00,0.326,0.339,0.09,0,28,0,203.1,344.2,326.5,67.5,0.00,0,2.0,-11.4
51.30,land,348.87,2.16,0.326,1,960.5,523.0,-2.3,-18.5,-2.92,-10.11,67,66,-1,-4.1,4.8,-5.9,-11.0,-0.01,-0.02,0.08,0.00,0.00,0.00,1.14,-10.32,99,-1,0,-2,-1.6,0.00,0.326,0.337,0.08,0,28,0,203.1,344.2,326.5,67.5,0.00,0,2.3,-11.6
51.40,land,348.86,2.17,0.328,1,960.2,522.0,-2.0,-17.5,-2.88,-10.24,67,66,-1,-3.7,6.2,-5.6,-9.8,-0.01,-0.01,0.04,0.00,0.00,0.00,1.26,-10.45,99,-1,0,-2,-1.5,0.01,0.328,0.335,0.05,0,28,0,203.1,344.2,326.5,67.5,0.00,0,2.6,-12.0
51.50,land,348.85,2.18,0.329,1,960.2,522.0,-1.7,-16.5,-2.88,-10.24,67,65,-1,-3.4,7.6,-5.4,-8.6,-0.00,-0.01,0.00,0.00,0.00,0.00,1.38,-10.55,99,-1,0,-2,-1.5,0.01,0.329,0.334,0.02,0,28,0,203.6,349.1,336.2,66.7,0.00,0,2.6,-12.0
51.60,land,348.83,2.20,0.330,1,959.9,520.9,-1.4,-15.4,-2.81,-10.35,67,65,-1,-2.9,9.0,-5.1,-7.4,-0.00,-0.00,0.00,0.00,0.00,0.00,1.51,-10.62,99,-1,0,-2,-1.5,0.01,0.330,0.333,-0.00,0,28,0,203.6,349.1,336.2,66.7,0.00,0,2.9,-12.3
51.70,land,348.81,2.22,0.331,1,959.4,518.9,-1.1,-14.4,-2.70,-10.48,67,65,-1,-2.6,10.4,-4.7,-6.1,-0.00,-0.00,0.00,0.00,0.00,0.00,1.60,-10.66,99,-1,0,-2,-1.3,0.01,0.331,0.332,-0.02,0,28,0,203.6,349.1,336.2,66.7,0.00,0,3.5,-12.8
51.80,land,348.79,2.24,0.332,1,959.1,517.8,-0.9,-13.4,-2.64,-10.50,66,65,-1,-2.1,11.8,-4.4,-4.8,0.00,0.00,0.00,0.00,0.00,0.00,1.71,-10.69,99,-1,0,-1,-1.3,0.01,0.332,0.333,-0.04,0,28,0,203.6,349.1,336.2,66.7,0.00,0,3.6,-12.9
51.90,land,348.76,2.27,0.334,1,959.1,517.8,-0.6,-12.3,-2.64,-10.50,66,65,-1,-1.6,13.3,-4.0,-3.5,-0.00,0.00,0.00,0.00,0.00,0.00,1.82,-10.68,99,-1,0,-1,-1.3,0.01,0.334,0.337,-0.08,0,28,0,204.0,354.7,348.3,66.0,0.00,0,3.6,-12.9
52.00,land,348.73,2.30,0.337,1,958.8,516.8,-0.3,-11.3,-2.57,-10.50,66,65,-1,-1.1,14.9,-3.7,-2.2,-0.02,-0.01,0.00,0.00,0.00,0.00,1.91,-10.64,99,-1,0,-1,-1.2,0.01,0.337,0.345,-0.12,0,28,0,204.0,354.7,348.3,66.0,0.00,0,3.3,-12.6
52.10,land,348.71,2.32,0.334,1,958.3,514.7,-0.1,-10.2,-2.44,-10.44,66,65,-1,-0.4,16.7,-3.4,-1.0,-0.02,-0.02,0.00,0.00,0.00,0.00,1.99,-10.59,99,-1,0,-1,-1.1,0.01,0.334,0.350,-0.07,0,28,0,204.0,354.7,348.3,66.0,0.00,0,2.5,-13.0
52.20,land,348.69,2.34,0.330,1,958.1,513.6,0.2,-9.2,-2.35,-10.37,66,65,-1,0.5,17.5,-3.2,0.3,-0.01,-0.03,0.00,0.00,0.00,0.00,2.05,-10.52,99,-1,0,-1,-1.0,0.01,0.330,0.344,0.02,0,28,0,204.0,354.7,348.3,66.0,0.00,0,2.4,-13.6
52.30,land,348.67,2.36,0.327,1,958.1,513.6,0.4,-8.1,-2.35,-10.37,66,65,-1,2.4,17.5,-2.9,1.7,0.01,-0.04,0.00,0.00,0.00,0.00,2.14,-10.42,99,-1,0,-1,-1.0,0.01,0.327,0.349,0.08,0,28,0,204.4,0.4,0.9,65.6,0.00,0,2.4,-13.6
52.40,land,348.66,2.37,0.324,1,957.7,511.6,0.6,-7.1,-2.18,-10.16,65,65,-1,3.7,17.6,-2.6,3.1,0.02,-0.05,0.00,0.00,0.00,0.00,2.22,-10.29,99,-1,0,-0,-0.9,0.01,0.324,0.352,0.13,0,28,0,204.4,0.4,0.9,65.6,0.00,0,3.5,-13.7
52.50,land,348.66,2.37,0.320,1,957.7,511.6,0.8,-6.1,-2.18,-10.16,65,65,-1,4.0,17.6,-2.3,4.5,0.03,-0.03,0.00,0.00,0.00,0.00,2.27,-10.14,99,-1,0,-0,-0.9,0.01,0.320,0.347,0.19,0,28,0,204.4,0.4,0.9,65.6,0.00,0,3.5,-13.7
52.60,land,348.65,2.38,0.319,1,957.4,510.6,1.1,-5.1,-2.07,-10.03,65,65,-1,4.3,17.7,-1.8,5.8,0.04,-0.02,0.00,0.00,0.00,0.00,2.34,-9.97,99,-1,0,-0,-0.9,0.01,0.319,0.343,0.21,0,28,0,204.4,0.4,0.9,65.6,0.00,0,4.4,-13.4
52.70,land,348.64,2.39,0.319,1,957.3,509.6,1.2,-4.1,-1.93,-9.87,65,64,-1,4.7,17.7,-1.3,7.1,0.04,-0.01,0.00,0.00,0.00,0.00,2.42,-9.76,99,-1,0,0,-0.7,0.01,0.319,0.339,0.20,0,28,0,204.8,6.5,13.8,65.4,0.00,0,5.2,-12.8
52.80,land,348.64,2.39,0.320,1,956.9,507.6,1.4,-3.1,-1.71,-9.44,65,64,-1,5.0,17.8,-0.7,8.2,0.04,0.00,0.00,0.00,0.00,0.00,2.46,-9.52,99,-1,0,0,0.1,0.00,0.320,0.336,0.18,0,28,0,204.8,6.5,13.8,65.4,0.00,0,6.4,-11.0
52.90,land,348.63,2.40,0.321,1,956.7,506.7,1.6,-2.1,-1.60,-9.17,65,64,-1,5.2,17.8,-0.0,9.3,0.03,0.01,0.00,0.00,0.00,0.00,2.49,-9.26,99,-1,0,0,0.3,0.00,0.321,0.338,0.16,0,28,0,204.8,6.5,13.8,65.4,0.00,0,6.6,-9.6
53.00,land,348.63,2.40,0.320,1,956.6,505.8,1.8,-1.2,-1.49,-8.89,65,64,-1,5.4,17.9,0.6,10.2,0.02,0.02,0.01,0.00,0.00,0.00,2.49,-8.97,99,-1,0,0,0.5,-0.00,0.320,0.334,0.16,0,28,0,204.8,6.5,13.8,65.4,0.00,0,6.4,-8.3
53.10,land,348.62,2.41,0.319,1,956.6,505.8,1.9,-0.3,-1.49,-8.89,65,64,-1,5.5,17.9,1.3,11.1,0.01,0.02,0.04,0.00,0.00,0.00,2.47,-8.67,99,-1,0,1,0.5,-0.00,0.319,0.328,0.17,0,28,0,204.6,11.6,24.2,65.9,0.00,0,6.4,-8.3
53.20,land,348.62,2.41,0.321,1,956.3,504.1,2.1,0.5,-1.32,-8.31,64,64,-1,5.5,18.0,1.8,11.8,-0.00,0.01,0.06,0.00,0.00,0.00,2.43,-8.36,99,-1,0,1,0.6,-0.00,0.321,0.327,0.14,0,28,0,204.6,11.6,24.2,65.9,0.00,0,5.7,-6.9
53.30,land,348.61,2.42,0.324,1,956.2,503.3,2.2,1.4,-1.25,-8.01,64,64,-1,5.6,18.0,2.4,12.5,-0.00,0.01,0.09,0.00,0.00,0.00,2.39,-8.06,99,-1,0,1,0.7,-0.00,0.324,0.331,0.07,0,28,0,204.6,11.6,24.2,65.9,0.00,0,5.6,-6.7
53.40,land,348.58,2.45,0.329,1,956.2,503.3,2.3,2.2,-1.25,-8.01,64,64,-1,5.5,18.0,2.9,13.1,-0.00,0.02,0.12,0.00,0.00,0.00,2.32,-7.77,99,-1,0,1,0.7,-0.00,0.329,0.336,-0.02,0,28,0,204.6,11.6,24.2,65.9,0.00,0,5.6,-6.7
53.50,land,348.55,2.48,0.334,1,956.1,502.5,2.4,3.0,-1.19,-7.70,65,65,-1,5.4,18.1,3.5,13.8,0.00,0.02,0.14,0.00,0.00,0.00,2.24,-7.46,99,-1,0,0,0.8,-0.01,0.334,0.344,-0.12,0,28,0,204.1,15.3,31.4,66.6,0.00,0,5.5,-6.5
53.60,land,348.52,2.51,0.336,1,955.8,501.1,2.6,3.7,-1.08,-7.01,65,65,-1,5.3,18.1,4.0,14.4,0.01,0.02,0.16,0.00,0.00,0.00,2.15,-7.14,99,-1,0,0,0.8,-0.01,0.336,0.345,-0.16,0,28,0,204.1,15.3,31.4,66.6,0.00,0,4.0,-6.2
53.70,land,348.49,2.54,0.335,1,955.8,501.1,2.7,4.4,-1.08,-7.01,65,65,-1,5.0,18.2,4.3,15.1,0.01,0.01,0.19,0.00,0.00,0.00,2.02,-6.80,99,-1,0,0,0.8,-0.01,0.335,0.343,-0.14,0,28,0,204.1,15.3,31.4,66.6,0.00,0,4.0,-6.2
53.80,land,348.47,2.56,0.334,1,955.6,499.8,2.8,5.1,-0.97,-6.25,65,65,-1,4.8,18.2,4.6,15.7,0.01,0.00,0.21,0.00,0.00,0.00,1.92,-6.44,99,-1,0,0,0.9,-0.01,0.334,0.341,-0.12,0,28,0,204.1,15.3,31.4,66.6,0.00,0,2.4,-5.8
53.90,land,348.45,2.58,0.332,1,955.5,499.2,2.9,5.7,-0.92,-5.86,65,65,-1,4.5,18.2,4.8,16.3,0.01,-0.00,0.23,0.00,0.00,0.00,1.78,-6.07,99,-1,0,0,0.9,-0.01,0.332,0.338,-0.07,0,28,0,203.7,18.2,36.9,67.3,0.00,0,2.1,-5.0
54.00,land,348.43,2.60,0.330,1,955.4,498.6,3.0,6.3,-0.86,-5.47,65,65,-1,4.2,18.3,5.0,16.8,0.01,0.00,0.25,0.00,0.00,0.00,1.64,-5.70,99,-1,0,-0,0.9,-0.01,0.330,0.333,-0.03,0,28,0,203.7,18.2,36.9,67.3,0.00,0,2.0,-4.2
54.10,land,348.42,2.61,0.330,1,955.4,498.6,3.1,6.9,-0.86,-5.47,65,65,-1,3.9,18.3,5.2,17.2,-0.00,0.00,0.26,0.00,0.00,0.00,1.52,-5.32,99,-1,0,-0,0.9,-0.01,0.330,0.332,-0.03,0,28,0,203.7,18.2,36.9,67.3,0.00,0,2.0,-4.2
54.20,land,348.39,2.64,0.333,1,955.4,498.1,3.1,7.4,-0.81,-5.09,65,65,-1,3.7,18.3,5.4,17.6,-0.00,0.01,0.28,0.00,0.00,0.00,1.39,-4.96,99,-1,0,-0,0.9,-0.01,0.333,0.337,-0.08,0,28,0,203.7,18.2,36.9,67.3,0.00,0,1.9,-3.8
54.30,land,348.36,2.67,0.339,1,955.3,497.6,3.2,7.9,-0.77,-4.72,65,66,-1,3.5,18.4,5.5,18.0,0.00,0.01,0.29,0.00,0.00,0.00,1.27,-4.61,99,-1,0,-0,0.9,-0.01,0.339,0.343,-0.20,0,28,0,203.3,20.1,40.4,67.9,0.00,0,1.9,-3.8
54.40,land,348.33,2.70,0.343,1,955.1,496.8,3.3,8.3,-0.68,-3.90,66,66,-1,3.3,18.4,5.6,18.4,0.00,0.00,0.30,0.00,0.00,0.00,1.14,-4.25,99,-1,0,-0,0.9,-0.01,0.343,0.346,-0.26,0,28,0,203.3,20.1,40.4,67.9,0.00,0,0.9,-3.7
54.50,land,348.30,2.73,0.340,1,955.1,496.8,3.4,8.7,-0.68,-3.90,66,66,-1,3.0,18.5,5.7,18.7,0.01,0.00,0.32,0.00,0.00,0.00,0.99,-3.83,99,-1,0,-1,0.9,-0.02,0.340,0.345,-0.20,0,28,0,203.3,20.1,40.4,67.9,0.00,0,0.9,-3.7
54.60,land,348.28,2.75,0.335,1,955.1,496.4,3.4,9.1,-0.64,-3.44,66,66,-1,2.6,18.5,5.8,19.1,0.01,0.01,0.33,0.00,0.00,0.00,0.83,-3.40,99,-1,0,-1,0.9,-0.02,0.335,0.342,-0.09,0,28,0,203.3,20.1,40.4,67.9,0.00,0,0.8,-3.6
54.70,land,348.28,2.75,0.329,1,955.0,495.8,3.5,9.4,-0.53,-2.53,66,66,-1,2.3,18.5,5.8,19.5,0.01,0.01,0.34,0.00,0.00,0.00,0.70,-2.95,99,-1,0,-1,0.9,-0.02,0.329,0.338,0.03,0,28,0,203.0,21.6,43.0,68.3,0.00,0,0.4,-3.3
54.80,land,348.28,2.75,0.325,1,954.9,495.6,3.5,9.7,-0.46,-2.11,66,66,-1,2.0,18.6,5.8,19.8,0.01,0.01,0.35,0.00,0.00,0.00,0.55,-2.52,99,-1,0,-1,0.9,-0.02,0.325,0.333,0.10,0,28,0,203.0,21.6,43.0,68.3,0.00,0,-0.1,-2.8
54.90,land,348.28,2.75,0.326,1,954.9,495.6,3.6,9.9,-0.46,-2.11,66,66,-1,1.7,18.6,5.8,20.1,0.01,0.01,0.36,0.00,0.00,0.00,0.44,-2.11,99,-1,0,-1,0.9,-0.02,0.326,0.331,0.09,0,28,0,203.0,21.6,43.0,68.3,0.00,0,-0.1,-2.8
55.00,land,348.27,2.76,0.329,1,954.9,495.4,3.6,10.1,-0.42,-1.70,66,66,-1,1.3,18.4,5.7,20.3,0.01,0.00,0.37,0.00,0.00,0.00,0.31,-1.73,99,-1,0,-1,0.8,-0.02,0.329,0.333,0.01,0,28,0,203.0,21.6,43.0,68.3,0.00,0,-0.5,-2.3
55.10,land,348.26,2.77,0.335,1,954.8,495.2,3.7,10.2,-0.31,-0.93,66,66,-1,1.0,17.6,5.6,20.5,0.02,0.00,0.37,0.00,0.00,0.00,0.19,-1.36,99,-1,0,-1,0.8,-0.02,0.335,0.344,-0.10,0,28,0,202.9,22.6,44.6,68.6,0.00,0,-0.9,-2.1
55.20,land,348.22,2.81,0.342,1,954.8,495.2,3.7,10.3,-0.31,-0.93,66,66,-1,0.7,16.7,5.5,20.7,0.03,0.01,0.38,0.00,0.00,0.00,0.10,-0.98,99,-1,0,-1,0.8,-0.02,0.342,0.357,-0.23,0,28,0,202.9,22.6,44.6,68.6,0.00,0,-0.9,-2.1
55.30,land,348.19,2.84,0.347,1,954.8,495.1,3.7,10.4,-0.26,-0.54,66,66,-1,0.4,15.7,5.3,20.9,0.04,0.01,0.38,0.00,0.00,0.00,-0.02,-0.60,99,-1,0,-1,0.8,-0.02,0.347,0.365,-0.31,0,28,0,202.9,22.6,44.6,68.6,0.00,0,-0.9,-1.6
55.40,land,348.15,2.88,0.348,1,954.8,495.1,3.7,10.4,-0.20,-0.11,66,66,-1,-0.0,14.5,5.2,21.0,0.04,0.01,0.38,0.00,0.00,0.00,-0.14,-0.18,99,-1,0,-1,0.9,-0.02,0.348,0.369,-0.33,0,28,0,202.9,22.6,44.6,68.6,0.00,0,-1.1,-0.9
55.50,land,348.12,2.91,0.349,1,954.7,495.1,3.8,10.4,-0.11,0.33,66,66,-1,-0.3,13.2,5.0,20.9,0.04,0.01,0.38,0.00,0.00,0.00,-0.23,0.26,99,-1,0,-1,0.5,-0.01,0.349,0.371,-0.32,0,28,0,202.8,22.8,45.0,68.7,0.00,0,-1.3,0.0
55.60,land,348.10,2.93,0.347,1,954.7,495.2,3.8,10.3,-0.04,0.78,66,66,-1,-0.7,11.8,4.8,20.8,0.05,0.01,0.38,0.00,0.00,0.00,-0.35,0.70,99,-1,0,-1,0.1,-0.01,0.347,0.371,-0.29,0,28,0,202.8,22.8,45.0,68.7,0.00,0,-1.9,0.8
55.70,land,348.08,2.95,0.346,1,954.7,495.3,3.8,10.2,0.04,1.22,66,66,-1,-1.1,10.3,4.6,20.6,0.05,0.01,0.37,0.00,0.00,0.00,-0.45,1.13,99,-1,0,-1,-0.3,-0.00,0.346,0.370,-0.25,0,28,0,202.8,22.8,45.0,68.7,0.00,0,-2.3,1.7
55.80,land,348.06,2.97,0.347,1,954.8,495.7,3.7,10.0,0.20,2.08,66,66,-1,-1.5,8.8,4.4,20.3,0.05,0.01,0.36,0.00,0.00,0.00,-0.55,1.57,99,-1,0,-1,-0.7,-0.00,0.347,0.369,-0.25,0,28,0,202.8,22.8,45.0,68.7,0.00,0,-2.5,4.3
55.90,land,348.05,2.98,0.348,1,954.8,495.9,3.7,9.8,0.31,2.48,66,66,-1,-1.9,7.2,4.1,19.8,0.04,0.01,0.34,0.00,0.00,0.00,-0.66,1.98,99,-1,0,-1,-0.8,0.00,0.348,0.368,-0.28,0,28,0,203.1,21.4,42.5,68.2,0.00,0,-2.6,5.9
56.00,land,348.03,3.00,0.350,1,954.8,495.9,3.7,9.6,0.31,2.48,66,66,-1,-2.1,5.5,3.9,19.2,0.03,0.01,0.32,0.00,0.00,0.00,-0.72,2.40,99,-1,0,-1,-0.8,0.00,0.350,0.366,-0.30,0,28,0,203.1,21.4,42.5,68.2,0.00,0,-2.6,5.9
56.10,land,348.03,3.00,0.350,1,954.9,496.5,3.7,9.3,0.48,3.30,66,66,-1,-2.5,3.7,3.6,18.4,0.02,0.01,0.29,0.00,0.00,0.00,-0.81,2.80,99,-1,0,-1,-0.9,0.00,0.350,0.361,-0.29,0,28,0,203.1,21.4,42.5,68.2,0.00,0,-3.1,8.3
56.20,land,348.03,3.00,0.347,1,954.9,496.9,3.6,9.0,0.57,3.68,66,66,-1,-2.9,1.8,3.3,17.5,0.02,0.01,0.26,0.00,0.00,0.00,-0.90,3.21,99,-1,0,-1,-0.9,0.00,0.347,0.357,-0.21,0,28,0,203.1,21.4,42.5,68.2,0.00,0,-3.2,8.9
56.30,land,348.05,2.98,0.341,1,955.0,497.3,3.6,8.6,0.66,4.02,66,66,-1,-3.3,-0.2,3.0,16.6,0.02,0.01,0.23,0.00,0.00,0.00,-0.98,3.59,99,-1,0,-1,-0.9,0.00,0.341,0.354,-0.09,0,28,0,203.4,17.8,36.6,67.5,0.00,0,-3.2,9.2
56.40,land,348.08,2.95,0.335,1,955.0,497.3,3.5,8.2,0.66,4.02,66,66,-1,-3.6,-2.3,2.7,15.7,0.03,0.01,0.20,0.00,0.00,0.00,-1.04,3.94,99,-1,0,-1,-0.9,0.00,0.335,0.350,0.03,0,28,0,203.4,17.8,36.6,67.5,0.00,0,-3.2,9.2
56.50,land,348.12,2.91,0.329,1,955.1,497.7,3.4,7.8,0.73,4.34,66,66,-1,-3.9,-4.7,2.3,14.7,0.04,0.00,0.16,0.00,0.00,0.00,-1.12,4.26,99,-1,0,-1,-0.8,0.00,0.329,0.346,0.13,0,28,0,203.4,17.8,36.6,67.5,0.00,0,-3.5,9.5
56.60,land,348.16,2.87,0.327,1,955.2,498.1,3.3,7.4,0.81,4.60,66,66,-1,-4.1,-8.2,2.0,13.7,0.05,-0.00,0.13,0.00,0.00,0.00,-1.15,4.53,99,-1,0,-1,-0.7,0.00,0.327,0.349,0.18,0,28,0,203.4,17.8,36.6,67.5,0.00,0,-3.8,10.3
56.70,land,348.21,2.82,0.325,1,955.2,498.6,3.3,6.9,0.88,4.86,66,65,-1,-4.4,-11.0,1.6,12.5,0.05,-0.01,0.09,0.00,0.00,0.00,-1.20,4.79,99,-1,0,-1,-0.5,0.00,0.325,0.348,0.20,0,28,0,203.6,13.2,28.1,66.9,0.00,0,-3.8,11.3
56.80,land,348.26,2.77,0.324,1,955.4,499.6,3.2,6.4,1.03,5.28,66,65,-1,-4.6,-12.0,1.2,11.2,0.02,-0.01,0.04,0.00,0.00,0.00,-1.24,5.01,99,-1,0,-1,-0.1,-0.00,0.324,0.338,0.22,0,28,0,203.6,13.2,28.1,66.9,0.00,0,-3.9,13.9
56.90,land,348.32,2.71,0.322,1,955.4,499.6,3.1,5.9,1.03,5.28,66,65,-1,-4.7,-13.0,0.8,9.8,-0.00,-0.02,0.00,0.00,0.00,0.00,-1.25,5.24,99,-1,0,-0,-0.1,-0.00,0.322,0.330,0.25,0,28,0,203.6,13.2,28.1,66.9,0.00,0,-3.9,13.9
57.00,land,348.38,2.65,0.322,1,955.7,500.7,3.0,5.3,1.14,5.57,65,65,-1,-4.8,-13.9,0.4,8.3,-0.02,-0.02,0.00,0.00,0.00,0.00,-1.27,5.42,99,-1,0,-0,0.2,-0.00,0.322,0.336,0.25,0,28,0,203.6,13.2,28.1,66.9,0.00,0,-3.6,15.6
57.10,land,348.43,2.60,0.324,1,955.8,501.3,2.8,4.8,1.19,5.66,65,66,-1,-4.9,-14.6,0.1,6.7,-0.03,-0.02,0.00,0.00,0.00,0.00,-1.28,5.54,99,-1,0,-0,0.2,-0.00,0.324,0.343,0.19,0,28,0,203.5,6.7,15.2,66.7,0.00,0,-3.4,15.5
57.20,land,348.48,2.55,0.326,1,955.8,501.3,2.7,4.2,1.19,5.66,65,66,-1,-5.0,-15.2,-0.3,5.2,-0.04,-0.01,0.00,0.00,0.00,0.00,-1.27,5.64,99,-1,0,-0,0.2,-0.01,0.326,0.346,0.14,0,28,0,203.5,6.7,15.2,66.7,0.00,0,-3.4,15.5
57.30,land,348.52,2.51,0.326,1,956.0,502.4,2.6,3.6,1.25,5.71,65,66,-1,-5.0,-15.8,-0.6,3.7,-0.04,-0.01,0.00,0.00,0.00,0.00,-1.25,5.70,99,-1,0,-0,0.1,-0.01,0.326,0.345,0.13,0,28,0,203.5,6.7,15.2,66.7,0.00,0,-2.9,14.3
57.40,land,348.56,2.47,0.325,1,956.0,502.4,2.5,3.1,1.25,5.71,65,66,-1,-5.0,-16.2,-0.8,2.3,-0.03,-0.01,0.00,0.00,0.00,0.00,-1.23,5.72,99,-1,0,-0,0.1,-0.00,0.325,0.341,0.15,0,28,0,203.5,6.7,15.2,66.7,0.00,0,-2.9,14.3
57.50,land,348.61,2.42,0.322,1,956.3,503.6,2.4,2.5,1.27,5.64,65,66,-1,-5.1,-16.5,-1.1,1.0,-0.01,-0.02,0.00,0.00,0.00,0.00,-1.22,5.70,99,-1,0,-0,0.0,-0.00,0.322,0.334,0.21,0,28,0,203.3,0.5,1.2,66.7,0.00,0,-2.8,11.7
57.60,land,348.65,2.38,0.320,1,956.3,503.6,2.2,1.9,1.27,5.64,66,66,-1,-5.0,-16.7,-1.4,-0.1,-0.01,-0.02,0.00,0.00,0.00,0.00,-1.18,5.66,99,-1,0,-0,0.0,-0.00,0.320,0.328,0.24,0,28,0,203.3,0.5,1.2,66.7,0.00,0,-2.8,11.7
57.70,land,348.69,2.34,0.320,1,956.5,504.7,2.1,1.4,1.27,5.47,66,66,-1,-5.0,-16.9,-1.6,-1.2,-0.00,-0.01,0.00,0.00,0.00,0.00,-1.14,5.59,99,-1,0,-1,-0.0,-0.00,0.320,0.325,0.23,0,28,0,203.3,0.5,1.2,66.7,0.00,0,-2.3,10.4
57.80,land,348.73,2.30,0.322,1,956.7,505.2,2.0,0.8,1.30,5.37,66,66,-1,-4.9,-17.0,-1.9,-2.3,-0.00,-0.01,0.00,0.00,0.00,0.00,-1.10,5.51,99,-1,0,-1,0.0,-0.00,0.322,0.329,0.19,0,28,0,203.3,0.5,1.2,66.7,0.00,0,-2.3,10.3
57.90,land,348.75,2.28,0.325,1,956.7,505.2,1.8,0.3,1.30,5.37,66,66,-1,-4.8,-17.1,-2.1,-3.3,-0.01,-0.02,0.00,0.00,0.00,0.00,-1.04,5.43,99,-1,0,-1,0.0,-0.00,0.325,0.336,0.12,0,28,0,203.4,355.8,350.4,66.7,0.00,0,-2.3,10.3
58.00,land,348.77,2.26,0.328,1,956.9,506.3,1.7,-0.3,1.27,5.13,66,66,-1,-4.8,-17.1,-2.4,-4.3,-0.01,-0.02,0.00,0.00,0.00,0.00,-1.01,5.32,99,-1,0,-1,0.0,-0.00,0.328,0.343,0.04,0,28,0,203.4,355.8,350.4,66.7,0.00,0,-2.3,9.8
58.10,land,348.78,2.25,0.331,1,957.0,506.8,1.6,-0.8,1.27,4.98,66,66,-1,-4.7,-17.1,-2.6,-5.3,-0.02,-0.02,0.00,0.00,0.00,0.00,-0.96,5.20,99,-1,0,-1,0.1,-0.00,0.331,0.345,0.00,0,28,0,203.4,355.8,350.4,66.7,0.00,0,-1.9,9.3
58.20,land,348.80,2.23,0.331,1,957.2,507.3,1.5,-1.3,1.27,4.80,66,66,-1,-4.6,-17.0,-2.8,-6.2,-0.02,-0.02,0.00,0.00,0.00,0.00,-0.89,5.06,99,-1,0,-1,0.1,-0.01,0.331,0.345,-0.01,0,28,0,203.4,355.8,350.4,66.7,0.00,0,-1.6,8.8
58.30,land,348.80,2.23,0.332,1,957.2,507.3,1.3,-1.8,1.27,4.80,66,66,-1,-4.4,-16.9,-2.9,-7.0,-0.02,-0.02,0.00,0.00,0.00,0.00,-0.82,4.90,99,-1,0,-1,0.1,-0.01,0.332,0.346,-0.02,0,28,0,203.4,351.7,341.4,66.8,0.00,0,-1.6,8.8
58.40,land,348.81,2.22,0.333,1,957.4,508.2,1.2,-2.2,1.23,4.42,66,66,-1,-4.3,-16.7,-3.0,-7.9,-0.02,-0.01,0.00,0.00,0.00,0.00,-0.76,4.72,99,-1,0,-1,0.1,-0.01,0.333,0.347,-0.04,0,28,0,203.4,351.7,341.4,66.8,0.00,0,-1.1,7.7
58.50,land,348.82,2.21,0.332,1,957.5,508.6,1.1,-2.7,1.21,4.20,66,66,-1,-4.1,-16.4,-3.1,-8.6,-0.02,-0.01,0.00,0.00,0.00,0.00,-0.70,4.53,99,-1,0,-1,0.1,-0.01,0.332,0.346,-0.02,0,28,0,203.4,351.7,341.4,66.8,0.00,0,-1.2,6.8
58.60,land,348.83,2.20,0.330,1,957.7,509.0,1.0,-3.1,1.19,3.97,66,66,-1,-4.0,-16.1,-3.3,-9.3,-0.02,-0.02,0.00,0.00,0.00,0.00,-0.63,4.32,99,-1,0,-1,0.1,-0.01,0.330,0.343,0.03,0,28,0,203.4,351.7,341.4,66.8,0.00,0,-1.2,6.0
58.70,land,348.85,2.18,0.327,1,957.8,509.4,0.8,-3.5,1.16,3.74,66,66,-1,-3.8,-15.7,-3.4,-9.9,-0.01,-0.02,0.01,0.00,0.00,0.00,-0.55,4.10,99,-1,0,-1,0.1,-0.01,0.327,0.341,0.07,0,28,0,203.5,348.7,335.4,66.9,0.00,0,-1.1,5.2
58.80,land,348.86,2.17,0.327,1,957.8,509.4,0.7,-3.9,1.16,3.74,66,66,-1,-3.6,-15.3,-3.5,-10.4,-0.01,-0.02,0.03,0.00,0.00,0.00,-0.48,3.88,99,-1,0,-1,0.1,-0.01,0.327,0.340,0.08,0,28,0,203.5,348.7,335.4,66.9,0.00,0,-1.1,5.2
58.90,land,348.87,2.16,0.328,1,957.9,509.7,0.6,-4.2,1.14,3.49,66,66,-1,-3.4,-14.8,-3.6,-10.9,-0.01,-0.02,0.05,0.00,0.00,0.00,-0.40,3.65,99,-1,0,-1,0.1,-0.01,0.328,0.342,0.05,0,28,0,203.5,348.7,335.4,66.9,0.00,0,-0.8,4.9
59.00,land,348.88,2.15,0.329,1,958.1,510.4,0.5,-4.6,1.08,3.00,66,66,-1,-3.2,-14.3,-3.6,-11.3,-0.02,-0.02,0.06,0.00,0.00,0.00,-0.34,3.42,99,-1,0,-1,0.1,-0.01,0.329,0.343,0.02,0,28,0,203.5,348.7,335.4,66.9,0.00,0,-0.1,4.1
59.10,land,348.88,2.15,0.331,1,958.1,510.4,0.4,-4.9,1.08,3.00,66,65,-1,-3.0,-13.8,-3.6,-11.7,-0.02,-0.01,0.07,0.00,0.00,0.00,-0.25,3.18,99,-1,0,-1,0.1,-0.01,0.331,0.344,-0.01,0,28,0,203.6,346.8,331.7,66.9,0.00,0,-0.1,4.1
59.20,land,348.88,2.15,0.332,1,958.2,510.7,0.3,-5.2,1.03,2.75,66,65,-1,-2.8,-13.3,-3.6,-12.0,-0.02,-0.01,0.08,0.00,0.00,0.00,-0.19,2.93,99,-1,0,-1,0.1,-0.01,0.332,0.345,-0.03,0,28,0,203.6,346.8,331.7,66.9,0.00,0,0.2,3.6
59.30,land,348.88,2.15,0.334,1,958.4,511.1,0.2,-5.4,0.97,2.22,66,65,-1,-2.6,-12.8,-3.5,-12.4,-0.02,-0.01,0.09,0.00,0.00,0.00,-0.11,2.69,99,-1,0,-1,0.1,-0.01,0.334,0.347,-0.07,0,28,0,203.6,346.8,331.7,66.9,0.00,0,0.6,2.5
59.40,land,348.87,2.16,0.334,1,958.4,511.1,0.1,-5.6,0.97,2.22,66,65,-1,-2.4,-12.1,-3.5,-12.6,-0.02,-0.01,0.10,0.00,0.00,0.00,-0.03,2.42,99,-1,0,-1,0.1,-0.01,0.334,0.347,-0.07,0,28,0,203.6,346.8,331.7,66.9,0.00,0,0.6,2.5
59.50,land,348.87,2.16,0.333,1,958.5,511.3,-0.0,-5.8,0.92,1.94,66,65,-1,-2.2,-11.5,-3.4,-12.7,-0.02,-0.01,0.11,0.00,0.00,0.00,0.04,2.15,99,-1,0,-1,0.1,-0.00,0.333,0.345,-0.04,0,28,0,203.7,345.8,330.1,66.9,0.00,0,0.6,1.8
59.60,land,348.87,2.16,0.331,1,958.6,511.5,-0.1,-6.0,0.88,1.67,66,65,-1,-1.9,-10.8,-3.4,-12.8,-0.02,-0.02,0.11,0.00,0.00,0.00,0.11,1.88,99,-1,0,-1,0.1,-0.00,0.331,0.344,-0.01,0,28,0,203.7,345.8,330.1,66.9,0.00,0,0.5,1.0
59.70,land,348.87,2.16,0.330,1,958.8,511.8,-0.2,-6.2,0.77,1.13,66,65,-1,-1.8,-10.1,-3.3,-12.8,-0.01,-0.02,0.11,0.00,0.00,0.00,0.16,1.61,99,-1,0,-1,0.0,-0.00,0.330,0.342,0.02,0,28,0,203.7,345.8,330.1,66.9,0.00,0,0.6,-0.5
59.80,land,348.88,2.15,0.330,1,958.8,511.9,-0.3,-6.3,0.73,0.87,66,65,-1,-1.6,-9.4,-3.3,-12.8,-0.01,-0.02,0.11,0.00,0.00,0.00,0.23,1.35,99,-1,0,-1,0.0,-0.00,0.330,0.341,0.02,0,28,0,203.7,345.8,330.1,66.9,0.00,0,0.8,-0.7
59.90,land,348.87,2.16,0.332,1,958.8,511.9,-0.3,-6.4,0.73,0.87,66,65,-1,-1.3,-8.7,-3.2,-12.7,-0.01,-0.01,0.10,0.00,0.00,0.00,0.30,1.09,99,-1,0,-0,0.0,-0.00,0.332,0.342,-0.02,0,28,0,203.7,346.0,330.4,66.9,0.00,0,0.8,-0.7
60.00,land,348.87,2.16,0.333,1,958.9,511.9,-0.4,-6.4,0.68,0.63,65,65,-1,-1.1,-8.0,-3.0,-12.6,-0.01,-0.01,0.10,0.00,0.00,0.00,0.36,0.85,99,-1,0,-0,0.0,-0.00,0.333,0.342,-0.05,0,28,0,203.7,346.0,330.4,66.9,0.00,0,1.3,-1.2
60.20,land,348.84,2.19,0.335,1,959.0,512.0,-0.5,-6.5,0.57,0.13,65,65,-1,-0.8,-6.6,-2.7,-12.2,-0.01,-0.01,0.08,0.00,0.00,0.00,0.46,0.36,99,-1,0,-0,0.0,-0.00,0.335,0.341,-0.08,0,28,0,203.7,346.0,330.4,66.9,0.00,0,1.6,-2.0
60.40,land,348.84,2.19,0.331,1,959.1,512.0,-0.6,-6.5,0.46,-0.36,65,65,-1,-0.4,-5.2,-2.4,-11.5,-0.00,-0.00,0.06,0.00,0.00,0.00,0.57,-0.14,99,-1,0,-0,0.0,-0.00,0.331,0.332,0.01,0,28,0,203.7,347.1,332.4,66.8,0.00,0,1.6,-3.4
60.60,land,348.84,2.19,0.328,1,959.2,511.7,-0.7,-6.3,0.31,-0.99,65,65,-1,-0.0,-3.8,-1.9,-10.8,-0.01,0.01,0.03,0.00,0.00,0.00,0.67,-0.57,99,-1,0,-0,0.1,-0.00,0.328,0.334,0.05,0,28,0,203.7,347.1,332.4,66.8,0.00,0,2.3,-3.4
60.80,land,348.82,2.21,0.336,1,959.3,511.5,-0.8,-6.1,0.22,-1.35,65,65,-1,0.2,-2.6,-1.5,-10.1,-0.01,0.00,0.01,0.00,0.00,0.00,0.73,-0.95,99,-1,0,-0,0.1,-0.00,0.336,0.340,-0.09,0,28,0,203.8,348.8,335.9,66.6,0.00,0,1.8,-4.2
61.00,land,348.80,2.23,0.333,1,959.3,511.2,-0.8,-5.9,0.09,-1.70,65,65,-1,0.5,-1.3,-1.1,-9.1,0.01,-0.00,0.00,0.00,0.00,0.00,0.78,-1.32,99,-1,0,-0,0.1,-0.00,0.333,0.337,-0.04,0,28,0,203.8,348.8,335.9,66.6,0.00,0,1.6,-5.3
61.20,land,348.81,2.22,0.322,1,959.3,511.0,-0.8,-5.5,0.04,-1.87,65,65,-1,0.7,-0.1,-0.8,-8.2,-0.01,-0.00,0.00,0.00,0.00,0.00,0.82,-1.68,99,-1,0,-0,0.1,-0.00,0.322,0.327,0.18,0,28,0,203.7,351.0,340.1,66.5,0.00,0,1.5,-4.8
61.40,land,348.82,2.21,0.327,1,959.3,510.4,-0.8,-5.1,-0.09,-2.23,65,65,-1,0.9,1.0,-0.6,-7.3,-0.01,-0.01,0.00,0.00,0.00,0.00,0.85,-1.94,99,-1,0,-0,0.1,-0.00,0.327,0.335,0.08,0,28,0,203.7,351.0,340.1,66.5,0.00,0,1.2,-4.1
61.60,land,348.80,2.23,0.333,1,959.3,509.9,-0.8,-4.6,-0.18,-2.43,65,65,-1,1.0,1.9,-0.3,-6.4,-0.01,-0.00,0.00,0.00,0.00,0.00,0.86,-2.17,99,-1,0,-0,0.1,-0.00,0.333,0.340,-0.05,0,28,0,203.7,352.9,344.2,66.5,0.00,0,1.4,-4.9
61.80,land,348.79,2.24,0.329,1,959.2,509.4,-0.8,-4.2,-0.26,-2.59,65,65,-1,1.1,2.8,-0.0,-5.3,0.01,-0.00,0.00,0.00,0.00,0.00,0.86,-2.38,99,-1,0,-0,0.1,-0.00,0.329,0.334,0.03,0,28,0,203.7,352.9,344.2,66.5,0.00,0,1.5,-6.2
62.00,land,348.78,2.25,0.329,1,959.2,509.1,-0.7,-3.6,-0.31,-2.66,65,65,-1,1.2,3.6,0.3,-4.1,0.01,0.01,0.00,0.00,0.00,0.00,0.83,-2.54,99,-1,0,-0,0.1,-0.00,0.329,0.336,0.04,0,28,0,203.6,355.3,349.4,66.5,0.00,0,1.8,-6.1
62.20,land,348.78,2.25,0.326,1,959.1,508.3,-0.6,-3.1,-0.40,-2.77,65,65,-1,1.2,4.3,0.6,-3.1,-0.01,0.00,0.00,0.00,0.00,0.00,0.81,-2.65,99,-1,0,-0,0.2,-0.00,0.326,0.330,0.08,0,28,0,203.6,355.3,349.4,66.5,0.00,0,1.3,-4.4
62.40,land,348.76,2.27,0.332,1,959.1,508.0,-0.6,-2.5,-0.42,-2.79,65,66,-1,1.2,4.8,0.9,-2.2,-0.01,0.00,0.00,0.00,0.00,0.00,0.79,-2.71,99,-1,0,-0,0.2,-0.00,0.332,0.335,-0.03,0,28,0,203.5,357.6,354.6,66.5,0.00,0,1.3,-4.6
62.60,land,348.73,2.30,0.336,1,959.0,507.5,-0.5,-2.0,-0.48,-2.79,65,66,-1,1.1,5.2,1.1,-1.3,0.00,0.00,0.00,0.00,0.00,0.00,0.72,-2.74,99,-1,0,-0,0.2,-0.00,0.336,0.338,-0.10,0,28,0,203.5,357.6,354.6,66.5,0.00,0,1.1,-4.8
62.80,land,348.72,2.31,0.325,1,958.8,506.6,-0.4,-1.4,-0.55,-2.75,65,66,-1,1.1,5.6,1.2,-0.3,0.01,-0.01,0.00,0.00,0.00,0.00,0.67,-2.74,99,-1,0,-0,0.2,-0.01,0.325,0.333,0.11,0,28,0,203.4,359.7,359.4,66.6,0.00,0,-0.0,-4.4
63.00,land,348.75,2.28,0.320,1,958.7,506.1,-0.2,-0.9,-0.59,-2.67,65,66,-1,1.0,5.8,1.2,0.6,0.00,-0.01,0.00,0.00,0.00,0.00,0.61,-2.71,99,-1,0,-0,0.2,-0.01,0.320,0.325,0.19,0,28,0,203.4,359.7,359.4,66.6,0.00,0,-0.2,-4.0
63.20,land,348.75,2.28,0.327,1,958.6,505.8,-0.1,-0.3,-0.59,-2.63,66,66,-1,0.9,6.0,1.1,1.4,0.01,-0.01,0.00,0.00,0.00,0.00,0.55,-2.64,99,-1,0,-1,0.2,-0.01,0.327,0.334,0.05,0,28,0,203.3,1.5,3.4,66.7,0.00,0,-0.2,-4.1
63.40,land,348.73,2.30,0.332,1,958.5,505.1,-0.0,0.2,-0.59,-2.45,66,66,-1,0.8,6.0,1.1,2.1,0.01,-0.01,0.00,0.00,0.00,0.00,0.50,-2.54,99,-1,0,-1,0.2,-0.01,0.332,0.339,-0.06,0,28,0,203.3,1.5,3.4,66.7,0.00,0,0.2,-3.2
63.60,land,348.71,2.32,0.331,1,958.4,504.8,0.1,0.7,-0.59,-2.37,66,66,-1,0.7,5.9,1.2,2.7,0.00,0.01,0.00,0.00,0.00,0.00,0.44,-2.41,99,-1,0,-1,0.2,-0.01,0.331,0.335,-0.04,0,28,0,203.3,2.9,6.7,66.7,0.00,0,0.7,-3.0
63.80,land,348.70,2.33,0.327,1,958.2,504.2,0.2,1.1,-0.57,-2.12,66,66,-1,0.5,5.8,1.5,3.3,0.00,0.02,0.00,0.00,0.00,0.00,0.37,-2.26,99,-1,0,-1,0.2,-0.01,0.327,0.336,0.05,0,28,0,203.3,2.9,6.7,66.7,0.00,0,0.8,-2.4
64.00,land,348.72,2.31,0.323,1,958.2,504.0,0.3,1.5,-0.57,-2.03,66,66,-1,0.4,5.6,1.5,3.7,0.01,-0.00,0.00,0.00,0.00,0.00,0.31,-2.09,99,-1,0,-1,0.2,-0.01,0.323,0.327,0.13,0,28,0,203.2,4.2,9.7,66.9,0.00,0,-0.1,-2.5
64.20,land,348.72,2.31,0.327,1,958.0,503.4,0.5,1.9,-0.55,-1.75,66,66,-1,0.2,5.3,1.4,4.2,0.01,-0.01,0.00,0.00,0.00,0.00,0.24,-1.92,99,-1,0,-1,0.2,-0.01,0.327,0.335,0.04,0,28,0,203.2,4.2,9.7,66.9,0.00,0,-0.7,-2.4
64.40,land,348.70,2.33,0.332,1,957.9,503.2,0.6,2.3,-0.55,-1.65,66,66,-1,0.0,5.0,1.3,4.6,0.01,-0.01,0.00,0.00,0.00,0.00,0.17,-1.73,99,-1,0,-1,0.2,-0.01,0.332,0.340,-0.07,0,28,0,203.1,5.0,11.6,66.9,0.00,0,-0.5,-2.1
64.60,land,348.68,2.35,0.332,1,957.8,502.9,0.7,2.6,-0.51,-1.44,66,66,-1,-0.1,4.6,1.3,4.8,0.00,0.00,0.00,0.00,0.00,0.00,0.13,-1.52,99,-1,0,-1,0.3,-0.01,0.332,0.334,-0.05,0,28,0,203.1,5.0,11.6,66.9,0.00,0,-0.1,-1.3
64.80,land,348.69,2.34,0.328,1,957.7,502.6,0.8,2.8,-0.44,-1.11,66,66,-1,-0.2,4.1,1.2,4.8,-0.01,-0.00,0.00,0.00,0.00,0.00,0.07,-1.29,99,-1,0,-1,0.2,-0.01,0.328,0.335,0.02,0,28,0,203.1,5.4,12.4,67.0,0.00,0,-0.7,0.7
65.00,land,348.68,2.35,0.332,1,957.6,502.5,0.9,3.0,-0.44,-1.01,66,66,-1,-0.4,3.7,1.1,4.7,-0.01,-0.00,0.00,0.00,0.00,0.00,0.01,-1.10,99,-1,0,-1,0.0,-0.01,0.332,0.336,-0.06,0,28,0,203.1,5.4,12.4,67.0,0.00,0,0.0,0.0
65.20,land,348.67,2.36,0.332,1,957.5,502.2,0.9,3.2,-0.37,-0.71,66,66,-1,-0.5,3.2,1.1,4.7,0.01,0.00,0.00,0.00,0.00,0.00,-0.03,-0.90,99,-1,0,-1,0.0,-0.01,0.332,0.339,-0.04,0,28,0,203.0,5.1,11.9,67.1,0.00,0,0.0,0.0
65.40,land,348.68,2.35,0.120,1,957.5,502.1,1.0,3.4,-0.35,-0.62,66,66,-1,-0.7,2.7,0.9,4.8,0.01,-0.01,0.00,0.00,0.00,0.00,-0.07,-0.71,99,-1,0,-1,0.3,-0.01,0.120,0.130,0.07,0,28,0,203.0,5.1,11.9,67.1,0.00,0,-1.4,-0.5
65.60,land,348.64,2.39,0.120,1,957.4,502.1,1.1,3.4,-0.31,-0.45,66,66,-1,-0.8,2.3,0.6,4.7,0.00,-0.01,0.00,0.00,0.00,0.00,-0.10,-0.54,99,-1,0,-1,0.2,-0.01,0.120,0.126,-0.28,0,28,0,203.0,5.1,11.8,67.1,0.00,0,-1.2,0.8
65.80,land,348.30,2.73,0.120,1,957.4,502.0,1.1,3.5,-0.29,-0.40,66,66,-1,-0.8,2.2,0.4,4.5,0.00,-0.02,0.00,0.00,0.00,0.00,-0.10,-0.48,99,-1,0,-1,0.2,-0.01,0.120,0.127,-1.94,0,28,0,203.0,5.1,11.8,67.1,0.00,0,-1.2,0.9
66.00,land,347.63,3.40,0.120,1,957.3,501.9,1.2,3.6,-0.26,-0.35,66,66,-1,-0.8,2.1,0.2,4.4,0.00,-0.02,0.00,0.00,0.00,0.00,-0.10,-0.43,99,-1,0,-1,0.2,-0.01,0.120,0.128,-3.58,0,28,0,202.9,4.5,10.7,67.2,0.00,0,-1.2,0.9
66.20,land,346.64,4.39,0.120,1,957.3,501.8,1.2,3.7,-0.26,-0.31,66,66,-1,-0.9,2.0,-0.1,4.2,0.00,-0.02,0.00,0.00,0.00,0.00,-0.12,-0.39,99,-1,0,-1,0.2,-0.01,0.120,0.128,-5.19,0,28,0,202.9,4.5,10.7,67.2,0.00,0,-1.2,0.8
66.40,land,345.32,5.71,0.120,1,957.2,501.7,1.3,3.7,-0.22,-0.25,66,66,-1,-0.9,2.0,-0.3,4.0,0.00,-0.02,0.00,0.00,0.00,0.00,-0.11,-0.35,99,-1,0,-1,0.2,-0.01,0.120,0.129,-6.77,0,28,0,202.8,4.0,9.5,67.2,0.00,0,-1.0,0.7
66.60,land,343.70,7.33,0.120,1,957.2,501.7,1.3,3.8,-0.22,-0.23,66,66,-1,-0.9,1.9,-0.6,3.9,0.00,-0.02,0.00,0.00,0.00,0.00,-0.11,-0.30,99,-1,0,-1,0.2,-0.01,0.120,0.130,-8.32,0,28,0,202.8,4.0,9.5,67.2,0.00,0,-1.3,0.9
66.80,land,341.78,9.25,0.120,1,957.1,501.7,1.4,3.8,-0.18,-0.19,66,66,-1,-0.9,1.8,-0.8,3.7,0.00,-0.03,0.00,0.00,0.00,0.00,-0.10,-0.26,99,-1,0,-1,0.2,-0.01,0.120,0.131,-9.84,0,28,0,202.8,3.5,8.3,67.3,0.00,0,-1.2,0.8
67.00,land,339.55,11.48,0.120,1,957.1,501.6,1.4,3.9,-0.15,-0.15,66,66,-1,-0.9,1.7,-1.1,3.6,0.00,-0.03,0.00,0.00,0.00,0.00,-0.09,-0.22,99,-1,0,-1,0.2,-0.01,0.120,0.132,-11.34,0,28,0,202.8,3.5,8.3,67.3,0.00,0,-1.3,0.8
67.20,land,337.03,14.00,0.120,1,957.1,501.6,1.4,3.9,-0.13,-0.14,66,66,-1,-0.8,1.7,-1.3,3.4,-0.00,-0.03,0.00,0.00,0.00,0.00,-0.06,-0.18,99,-1,0,-1,0.2,-0.01,0.120,0.133,-12.81,0,28,0,202.7,3.0,7.0,67.3,0.00,0,-1.4,0.9
67.40,land,334.22,16.81,0.120,1,957.0,501.6,1.5,3.9,-0.09,-0.11,66,66,-1,-0.7,1.6,-1.6,3.2,-0.00,-0.03,0.00,0.00,0.00,0.00,-0.05,-0.15,99,-1,0,-1,-0.1,-0.01,0.120,0.134,-14.25,0,28,0,202.7,3.0,7.0,67.3,0.00,0,-1.0,0.7
67.60,land,331.13,19.90,0.120,1,957.0,501.6,1.5,3.9,-0.07,-0.09,66,66,-1,-0.7,1.5,-1.8,3.1,0.00,-0.03,0.00,0.00,0.00,0.00,-0.04,-0.13,99,-1,0,-1,-0.5,-0.01,0.120,0.133,-15.63,0,28,0,202.7,2.5,5.9,67.3,0.00,0,-0.5,0.3
67.80,land,327.77,23.26,0.120,1,957.0,501.6,1.5,3.9,-0.04,-0.08,66,66,-1,-0.6,1.4,-1.8,3.1,0.01,-0.02,0.00,0.00,0.00,0.00,-0.01,-0.09,99,-1,0,-1,-0.4,-0.00,0.120,0.134,-16.93,0,28,0,202.7,2.5,5.9,67.3,0.00,0,-0.1,-0.0
68.00,land,324.15,26.88,0.120,1,957.0,501.5,1.5,4.0,0.00,-0.05,66,66,-1,-0.5,1.3,-1.8,3.1,0.01,-0.02,0.00,0.00,0.00,0.00,0.02,-0.05,99,-1,0,-1,-1.0,0.00,0.120,0.134,-18.30,0,28,0,202.9,2.4,5.6,67.1,0.00,0,-0.0,-0.1
68.20,land,320.27,30.76,0.120,1,957.0,501.5,1.5,4.0,0.04,-0.02,66,66,-1,-0.5,1.3,-1.7,3.0,0.00,-0.01,0.00,0.00,0.00,0.00,0.03,-0.02,99,-1,0,-1,-0.4,-0.00,0.120,0.126,-19.55,0,28,0,202.9,2.4,5.6,67.1,0.00,0,0.5,0.6
68.40,land,316.14,34.89,0.120,1,957.0,501.5,1.5,4.0,0.04,-0.01,66,66,-1,-0.4,1.2,-1.5,2.9,0.00,-0.01,0.00,0.00,0.00,0.00,0.04,0.01,99,-1,0,-1,-0.7,0.00,0.120,0.124,-20.84,0,28,0,203.1,2.3,5.3,66.9,0.00,0,0.9,0.9
68.60,land,311.74,39.29,0.120,1,957.0,501.5,1.5,4.0,0.07,0.01,66,66,-1,-0.4,1.1,-1.4,2.7,0.00,-0.01,0.00,0.00,0.00,0.00,0.06,0.03,99,-1,0,-1,-0.2,-0.00,0.120,0.124,-22.13,0,28,0,203.1,2.3,5.3,66.9,0.00,0,0.2,0.2
68.80,land,307.10,43.93,0.120,1,957.1,501.5,1.5,4.0,0.09,0.01,66,66,-1,-0.4,1.1,-1.2,2.6,0.00,-0.01,0.00,0.00,0.00,0.00,0.06,0.04,99,-1,0,-1,-0.5,-0.00,0.120,0.124,-23.39,0,28,0,203.3,2.1,4.9,66.7,0.00,0,0.6,0.7
69.00,land,302.21,48.82,0.120,1,957.1,501.5,1.4,4.0,0.09,0.02,66,66,-1,-0.3,1.1,-1.1,2.5,0.00,-0.01,0.00,0.00,0.00,0.00,0.07,0.06,99,-1,0,-1,-0.6,0.00,0.120,0.124,-24.63,0,28,0,203.3,2.1,4.9,66.7,0.00,0,0.7,0.9
69.20,land,297.07,53.96,0.120,1,957.1,501.5,1.4,4.0,0.09,0.02,66,66,-1,-0.3,1.1,-1.0,2.3,0.00,-0.01,0.00,0.00,0.00,0.00,0.07,0.06,99,-1,0,-1,-0.6,-0.00,0.120,0.124,-25.83,0,28,0,203.5,1.9,4.5,66.6,0.00,0,0.6,0.8
69.40,land,291.70,59.33,0.120,1,957.1,501.5,1.4,4.0,0.09,0.03,66,66,-1,-0.3,1.0,-0.9,2.2,0.00,-0.01,0.00,0.00,0.00,0.00,0.07,0.07,99,-1,0,-1,-0.3,-0.00,0.120,0.125,-27.01,0,28,0,203.5,1.9,4.5,66.6,0.00,0,0.3,0.4
69.60,land,286.10,64.93,0.120,1,957.1,501.5,1.4,4.0,0.09,0.03,66,65,-1,-0.3,1.0,-0.8,2.1,0.00,-0.01,0.00,0.00,0.00,0.00,0.07,0.07,99,-1,0,-1,-0.6,0.00,0.120,0.125,-28.16,0,28,0,203.6,1.8,4.1,66.4,0.00,0,0.6,0.9
69.80,land,280.27,70.76,0.120,1,957.1,501.6,1.4,3.9,0.09,0.03,66,65,-1,-0.3,1.0,-0.8,2.0,0.00,-0.01,0.00,0.00,0.00,0.00,0.07,0.07,99,-1,0,-0,-0.6,0.00,0.120,0.125,-29.29,0,28,0,203.6,1.8,4.1,66.4,0.00,0,0.6,0.9
70.00,land,274.22,76.81,0.120,1,957.1,501.6,1.4,3.9,0.09,0.02,65,65,-1,-0.3,1.1,-0.7,1.9,0.00,-0.01,0.00,0.00,0.00,0.00,0.07,0.06,99,-1,0,-0,-0.2,-0.00,0.120,0.125,-30.40,0,28,0,203.7,1.6,3.7,66.3,0.00,0,0.2,0.3
70.20,land,267.95,83.08,0.120,1,957.2,501.6,1.3,3.9,0.07,0.02,65,65,-1,-0.3,1.1,-0.7,1.8,0.00,-0.01,0.00,0.00,0.00,0.00,0.05,0.05,99,-1,0,-0,-0.5,0.00,0.120,0.125,-31.48,0,28,0,203.7,1.6,3.7,66.3,0.00,0,0.3,0.7
70.40,land,261.47,89.56,0.120,1,957.2,501.6,1.3,3.9,0.07,0.02,65,65,-1,-0.3,1.1,-0.7,1.8,0.00,-0.01,0.00,0.00,0.00,0.00,0.05,0.05,99,-1,0,-0,-0.1,-0.00,0.120,0.125,-32.55,0,28,0,203.8,1.5,3.4,66.2,0.00,0,0.1,0.2
70.60,land,254.78,96.25,0.120,1,957.2,501.6,1.3,3.9,0.07,0.01,65,65,-1,-0.3,1.1,-0.6,1.7,0.00,-0.01,0.00,0.00,0.00,0.00,0.05,0.05,99,-1,0,-0,-0.3,-0.00,0.120,0.126,-33.59,0,28,0,203.8,1.5,3.4,66.2,0.00,0,0.1,0.5
70.80,land,247.89,103.14,0.120,1,957.2,501.6,1.3,3.9,0.07,0.01,65,65,-1,-0.3,1.1,-0.6,1.7,0.00,-0.02,0.00,0.00,0.00,0.00,0.06,0.04,99,-1,0,-0,-0.4,0.00,0.120,0.126,-34.61,0,28,0,203.9,1.4,3.2,66.1,0.00,0,0.0,0.6
71.00,land,240.79,110.24,0.120,1,957.2,501.6,1.3,3.9,0.04,0.01,65,65,-1,-0.3,1.2,-0.6,1.6,-0.00,-0.02,0.00,0.00,0.00,0.00,0.04,0.03,99,-1,0,-0,-0.2,0.00,0.120,0.126,-35.60,0,28,0,203.9,1.4,3.2,66.1,0.00,0,-0.0,0.2
71.20,land,233.50,117.53,0.120,1,957.2,501.6,1.3,3.9,0.04,0.00,65,65,-1,-0.3,1.2,-0.7,1.6,-0.00,-0.02,0.00,0.00,0.00,0.00,0.04,0.02,99,-1,0,-0,-0.3,0.00,0.120,0.127,-36.58,0,28,0,204.0,1.3,2.9,66.0,0.00,0,-0.3,0.5
71.40,land,226.02,125.01,0.120,1,957.2,501.6,1.3,3.9,0.04,-0.01,65,65,-1,-0.3,1.2,-0.7,1.5,0.00,-0.02,0.00,0.00,0.00,0.00,0.04,0.02,99,-1,0,-0,0.0,-0.00,0.120,0.127,-37.54,0,28,0,204.0,1.3,2.9,66.0,0.00,0,0.0,0.0
71.60,land,218.35,132.68,0.120,1,957.2,501.6,1.3,3.9,0.02,-0.01,65,65,-1,-0.3,1.3,-0.7,1.5,0.00,-0.02,0.00,0.00,0.00,0.00,0.02,-0.00,99,-1,0,-0,0.0,-0.00,0.120,0.128,-38.47,0,28,0,204.0,1.2,2.7,66.0,0.00,0,0.0,0.0
71.80,land,210.49,140.54,0.120,1,957.2,501.6,1.3,3.9,0.02,-0.02,65,65,-1,-0.3,1.3,-0.8,1.5,0.00,-0.02,0.00,0.00,0.00,0.00,0.02,-0.00,99,-1,0,0,-0.2,0.00,0.120,0.129,-39.39,0,28,0,204.0,1.2,2.7,66.0,0.00,0,-0.9,0.1
72.00,land,202.46,148.57,0.120,1,957.2,501.6,1.3,3.9,0.00,-0.02,65,65,-1,-0.4,1.3,-0.9,1.5,0.00,-0.02,0.00,0.00,0.00,0.00,0.01,-0.02,99,-1,0,0,0.0,0.00,0.120,0.129,-40.28,0,28,0,204.1,1.1,2.5,65.9,0.00,0,0.0,0.0
72.20,land,194.25,156.78,0.120,1,957.2,501.6,1.3,3.9,0.00,-0.03,65,65,-1,-0.3,1.4,-0.9,1.5,0.00,-0.02,0.00,0.00,0.00,0.00,0.01,-0.03,99,-1,0,0,0.0,0.00,0.120,0.130,-41.16,0,28,0,204.1,1.1,2.5,65.9,0.00,0,0.0,0.0
72.40,land,185.87,165.16,0.120,1,957.2,501.6,1.3,3.9,-0.02,-0.04,65,65,-1,-0.4,1.4,-1.0,1.5,0.00,-0.03,0.00,0.00,0.00,0.00,-0.01,-0.04,99,-1,0,0,-0.0,0.00,0.120,0.131,-42.01,0,28,0,204.1,1.1,2.4,65.9,0.00,0,-0.4,-0.1
72.60,land,177.32,173.71,0.226,1,957.2,501.5,1.3,4.0,-0.04,-0.04,65,65,-1,-0.4,1.5,-1.1,1.5,0.00,-0.03,0.00,0.00,0.00,0.00,-0.00,-0.05,99,-1,0,0,-0.0,0.00,0.226,0.238,-42.85,0,28,0,204.1,1.1,2.4,65.9,0.00,0,-0.5,-0.1
72.80,land,168.69,182.34,0.344,1,957.2,501.5,1.3,4.0,-0.04,-0.04,65,65,-1,-0.4,1.5,-1.3,1.6,0.00,-0.03,0.00,0.00,0.00,0.00,-0.02,-0.06,99,-1,0,0,-0.0,0.00,0.344,0.357,-43.15,0,28,0,204.1,1.0,2.3,65.9,0.00,0,-1.2,-0.3
73.00,land,160.17,190.86,0.424,1,957.2,501.5,1.3,4.0,0.02,-0.02,65,65,-1,-0.3,1.4,-1.4,1.6,0.00,-0.03,0.00,0.00,0.00,0.00,0.01,-0.03,99,-1,0,0,0.0,0.00,0.424,0.436,-42.49,0,28,0,204.1,1.0,2.3,65.9,0.00,0,0.0,0.0
73.20,land,151.91,199.12,0.472,1,957.2,501.5,1.3,4.0,0.11,0.00,65,65,-1,-0.2,1.3,-1.2,1.7,0.01,-0.01,0.00,0.00,0.00,0.00,0.06,0.02,99,-1,0,0,0.0,0.00,0.472,0.478,-41.07,0,28,0,204.1,1.0,2.3,65.9,0.00,0,1.3,-0.3
73.40,land,144.01,207.02,0.504,1,957.3,501.5,1.2,4.0,0.18,0.03,65,65,-1,-0.0,1.2,-1.0,1.7,0.00,-0.00,0.00,0.00,0.00,0.00,0.11,0.07,99,-1,0,0,0.0,0.00,0.504,0.506,-39.27,0,28,0,204.1,1.0,2.3,65.9,0.00,0,1.7,0.2
73.60,land,136.54,214.49,0.519,1,957.3,501.5,1.2,4.0,0.22,0.08,65,65,-1,0.1,0.9,-0.7,1.6,0.00,-0.00,0.00,0.00,0.00,0.00,0.16,0.13,99,-1,0,0,0.0,0.00,0.519,0.521,-37.11,0,28,0,204.1,1.3,2.9,65.9,0.00,0,1.2,0.1
73.80,land,129.49,221.54,0.535,1,957.3,501.6,1.2,3.9,0.24,0.10,65,65,-1,0.2,0.8,-0.5,1.6,0.01,-0.00,0.00,0.00,0.00,0.00,0.18,0.19,99,-1,0,0,0.0,0.00,0.535,0.539,-34.97,0,28,0,204.1,1.3,2.9,65.9,0.00,0,1.4,0.2
74.00,land,122.88,228.15,0.549,1,957.4,501.6,1.1,3.9,0.31,0.19,65,65,-1,0.3,0.5,-0.3,1.6,0.00,-0.00,0.00,0.00,0.00,0.00,0.19,0.26,99,-1,0,0,0.1,0.00,0.549,0.552,-32.77,0,28,0,204.1,1.4,3.2,65.9,0.00,0,1.1,0.5
74.20,land,116.77,234.26,0.545,1,957.5,501.6,1.0,3.9,0.31,0.21,65,65,-1,0.3,0.3,-0.1,1.5,0.00,-0.00,0.00,0.00,0.00,0.00,0.19,0.32,99,-1,0,0,0.0,0.00,0.545,0.548,-30.23,0,28,0,204.1,1.4,3.2,65.9,0.00,0,0.9,0.5
74.40,land,111.17,239.86,0.539,1,957.6,501.7,1.0,3.8,0.33,0.30,65,65,-1,0.3,0.1,0.0,1.4,0.01,-0.01,0.00,0.00,0.00,0.00,0.18,0.39,99,-1,0,0,0.1,0.00,0.539,0.545,-27.71,0,28,0,204.1,1.4,3.2,66.0,0.00,0,0.4,0.5
74.60,land,106.05,244.98,0.536,1,957.6,501.7,0.9,3.8,0.33,0.33,65,65,-1,0.3,-0.1,0.1,1.3,0.00,-0.01,0.00,0.00,0.00,0.00,0.16,0.44,99,-1,0,0,0.1,-0.00,0.536,0.540,-25.27,0,28,0,204.1,1.4,3.2,66.0,0.00,0,0.7,0.9
74.75,land,102.53,248.50,0.538,1,957.7,501.8,0.9,3.7,0.33,0.38,65,65,-1,0.2,-0.2,0.3,1.1,-0.01,0.00,0.00,0.00,0.00,0.00,0.14,0.47,99,-1,0,0,0.1,-0.00,0.538,0.542,-23.55,0,28,0,204.0,1.2,2.8,66.0,0.00,0,0.8,1.2
74.95,land,98.23,252.80,0.538,1,957.7,501.9,0.8,3.6,0.33,0.40,65,65,-1,0.2,-0.4,0.4,0.8,-0.01,-0.00,0.00,0.00,0.00,0.00,0.13,0.50,99,-1,0,0,0.1,-0.00,0.538,0.542,-21.19,0,28,0,204.0,1.2,2.8,66.0,0.00,0,0.6,1.2
75.15,land,94.41,256.62,0.538,1,957.8,501.9,0.7,3.6,0.31,0.43,65,65,-1,0.1,-0.5,0.5,0.5,-0.01,-0.00,0.00,0.00,0.00,0.00,0.10,0.52,99,-1,0,0,0.1,-0.00,0.538,0.543,-18.85,0,28,0,204.0,0.9,2.0,66.0,0.00,0,0.4,1.1
75.35,land,90.25,260.78,0.573,1,957.8,502.0,0.7,3.5,0.26,0.44,65,65,-1,-0.0,-0.5,0.6,0.4,0.00,0.00,0.00,0.00,0.00,0.00,0.05,0.51,99,-1,0,0,0.0,-0.00,0.573,0.575,-16.65,0,28,0,204.0,0.9,2.0,66.0,0.00,0,0.4,0.4
75.55,land,88.09,262.94,0.553,1,957.9,502.1,0.6,3.4,0.22,0.45,65,65,-1,-0.1,-0.6,0.8,0.3,0.00,0.00,0.00,0.00,0.00,0.00,0.01,0.50,99,-1,0,0,0.1,-0.00,0.553,0.556,-14.44,0,28,0,204.0,0.6,1.4,66.0,0.00,0,0.9,0.8
75.75,land,85.59,265.44,0.563,1,957.9,502.3,0.6,3.3,0.15,0.46,65,65,-1,-0.2,-0.6,0.9,0.2,0.00,0.00,0.00,0.00,0.00,0.00,-0.03,0.48,99,-1,0,0,0.1,-0.00,0.563,0.565,-12.23,0,28,0,204.0,0.6,1.4,66.0,0.00,0,0.3,0.7
75.95,land,83.52,267.51,0.593,1,957.9,502.3,0.6,3.2,0.13,0.46,65,65,-1,-0.4,-0.6,0.9,0.0,0.00,0.00,0.00,0.00,0.00,0.00,-0.08,0.47,99,-1,0,0,0.0,0.00,0.593,0.593,-10.08,0,28,0,203.9,0.5,1.1,66.1,0.00,0,0.0,0.0
76.15,land,81.88,269.15,0.622,1,958.0,502.4,0.5,3.1,0.07,0.45,65,65,-1,-0.6,-0.6,0.8,-0.1,-0.00,-0.00,0.00,0.00,0.00,0.00,-0.13,0.44,99,-1,0,-0,0.1,-0.00,0.622,0.623,-7.96,0,28,0,203.9,0.5,1.1,66.1,0.00,0,-0.2,0.7
76.35,land,80.71,270.32,0.430,1,958.0,502.5,0.5,3.0,0.00,0.45,65,65,-1,-0.8,-0.5,0.8,-0.2,-0.00,-0.00,0.00,0.00,0.00,0.00,-0.19,0.41,99,-1,0,-0,0.0,-0.00,0.430,0.433,-5.51,0,28,0,203.9,0.2,0.5,66.1,0.00,0,-0.5,0.7
76.55,land,79.86,271.17,0.361,1,958.0,502.6,0.5,2.9,-0.04,0.42,65,65,-1,-0.9,-0.4,0.6,-0.3,-0.01,-0.01,0.00,0.00,0.00,0.00,-0.22,0.37,99,-1,0,-0,0.0,-0.00,0.361,0.366,-4.13,0,28,0,203.9,0.2,0.5,66.1,0.00,0,-0.8,0.6
76.75,land,79.14,271.89,0.331,1,957.9,502.7,0.6,2.9,-0.09,0.38,65,65,-1,-0.9,-0.4,0.5,-0.4,-0.01,-0.01,0.00,0.00,0.00,0.00,-0.23,0.33,99,-1,0,-0,0.0,-0.00,0.331,0.337,-3.55,0,28,0,203.9,359.9,359.7,66.1,0.00,0,-1.0,0.7
76.95,land,78.50,272.53,0.312,1,957.9,502.7,0.6,2.8,-0.09,0.36,65,65,-1,-1.0,-0.3,0.3,-0.5,-0.00,-0.01,0.00,0.00,0.00,0.00,-0.23,0.29,99,-1,0,-0,0.0,-0.00,0.312,0.317,-3.20,0,28,0,203.9,359.9,359.7,66.1,0.00,0,-0.7,0.4
77.15,land,77.85,273.18,0.314,1,957.9,502.8,0.6,2.7,-0.09,0.33,65,65,-1,-1.0,-0.2,0.2,-0.5,-0.00,-0.01,0.00,0.00,0.00,0.00,-0.22,0.26,99,-1,0,-0,0.0,-0.00,0.314,0.320,-3.24,0,28,0,203.9,359.6,359.1,66.1,0.00,0,-0.6,0.2
77.35,land,77.56,273.47,0.160,1,958.0,502.9,0.6,2.6,0.57,0.53,65,65,-1,-0.0,-3.0,-0.2,0.8,0.24,-0.07,0.00,0.00,0.00,0.00,0.10,1.16,99,-1,0,-0,-0.0,-0.00,0.160,0.285,-0.27,0,28,0,203.9,359.6,359.1,66.1,0.00,0,-4.4,-8.9
77.55,land,77.61,273.42,0.120,1,958.1,503.1,0.5,2.5,0.59,0.57,65,65,-1,0.6,-1.8,-1.0,2.3,0.15,-0.09,0.00,0.00,0.00,0.00,0.29,0.73,99,-1,0,-0,-0.3,0.00,0.120,0.213,0.47,0,28,0,203.9,1.3,3.0,66.1,0.00,0,-4.3,-5.8
77.75,land,77.62,273.41,0.124,1,958.1,503.1,0.4,2.4,0.48,0.33,65,65,-1,0.6,-1.2,-1.8,2.5,0.02,-0.09,0.00,0.00,0.00,0.00,0.29,0.50,99,-1,0,-0,0.2,-0.00,0.124,0.167,0.08,0,28,0,203.9,1.3,3.0,66.1,0.00,0,-3.5,0.4
77.95,land,77.58,273.45,0.131,1,958.2,503.1,0.3,2.4,0.20,0.06,65,65,-1,0.3,-0.1,-1.6,1.4,-0.07,0.03,0.00,0.00,0.00,0.00,0.15,0.14,99,-1,0,-0,-7.2,0.09,0.131,0.172,-0.21,0,28,0,203.9,1.1,2.5,66.1,0.00,0,2.4,6.4
78.15,land,77.50,273.53,0.149,1,958.2,503.1,0.3,2.3,-0.29,-0.10,65,65,-1,-1.1,0.2,0.3,-0.3,-0.15,0.15,0.00,0.00,0.00,0.00,-0.29,0.02,99,-1,0,-0,-0.1,0.03,0.149,0.267,-0.67,0,28,0,203.9,1.1,2.5,66.1,0.00,0,3.3,3.2
78.35,land,77.54,273.49,0.120,1,958.1,503.1,0.4,2.4,-0.21,-0.08,65,63,-1,-0.7,0.8,0.6,-0.6,-0.01,0.00,0.00,0.00,0.00,0.00,-0.15,-0.16,99,-1,0,0,0.1,0.00,0.120,0.127,0.16,0,28,0,205.5,359.7,359.4,64.5,0.00,0,1.1,1.1
78.55,land,77.50,273.53,0.120,1,958.2,503.1,0.3,2.4,0.23,0.09,64,63,-1,0.3,-0.2,-0.1,0.1,0.08,-0.09,0.00,0.00,0.00,0.00,0.18,0.17,99,-1,0,1,0.0,0.01,0.120,0.186,-0.31,0,28,0,205.5,359.7,359.4,64.5,0.00,0,-2.5,-2.7
78.75,land,77.51,273.52,0.120,1,958.2,503.2,0.3,2.3,-0.01,-0.00,64,63,-1,-0.2,0.3,-0.2,0.2,-0.01,0.00,0.00,0.00,0.00,0.00,-0.00,-0.01,99,-1,0,1,0.0,0.01,0.120,0.124,0.01,0,28,0,205.5,0.2,0.4,64.5,0.00,0,0.0,0.0
78.85,touchdown,77.50,273.53,0.000,1,958.1,503.1,0.3,2.4,-0.17,-0.07,64,63,-1,-0.8,0.9,0.1,-0.1,-0.05,0.05,0.00,0.00,0.00,0.00,-0.19,-0.19,99,-1,1,1,-0.0,0.01,0.000,0.000,-0.19,0,28,0,205.5,0.2,0.4,64.5,0.00,0,1.9,2.1
78.95,touchdown,77.51,273.52,0.000,1,958.2,503.1,0.4,2.4,0.12,0.04,64,63,-1,-0.6,0.7,0.2,-0.2,-0.02,0.01,0.00,0.00,0.00,0.00,-0.12,-0.14,99,-1,1,1,0.0,0.01,0.000,0.000,0.20,0,28,0,205.5,0.2,0.4,64.5,0.00,0,-1.2,-1.1
79.15,touchdown,77.50,273.53,0.000,1,958.2,503.1,0.3,2.4,-0.14,-0.06,64,63,-1,0.1,0.0,-0.1,0.1,0.01,-0.02,0.00,0.00,0.00,0.00,0.09,0.09,99,-1,1,1,-0.0,0.01,0.000,0.000,0.09,0,28,0,205.5,360.0,360.0,64.5,0.00,0,1.6,1.9
79.35,touchdown,77.50,273.53,0.000,1,958.2,503.1,0.3,2.4,-0.00,-0.00,64,63,-1,-0.1,0.1,-0.0,0.0,0.01,-0.02,0.00,0.00,0.00,0.00,0.05,0.08,99,-1,1,1,-0.0,0.01,0.000,0.000,-0.03,0,28,0,205.5,360.0,360.0,64.5,0.00,0,0.1,0.1
79.55,touchdown,77.50,273.53,0.000,1,958.2,503.1,0.3,2.4,0.00,0.00,64,63,-1,-0.2,0.3,0.0,-0.0,0.00,-0.01,0.00,0.00,0.00,0.00,0.00,0.00,99,-1,1,1,0.0,0.01,0.000,0.000,0.00,0,28,0,205.5,360.0,360.0,64.5,0.00,0,0.0,0.0
79.75,touchdown,77.50,273.53,0.000,1,958.2,503.1,0.3,2.4,0.00,0.00,64,63,-1,-0.2,0.3,-0.0,-0.0,0.00,-0.01,0.00,0.00,0.00,0.00,0.00,0.00,99,-1,1,1,0.0,0.01,0.000,0.000,0.00,0,28,0,205.5,360.0,360.0,64.5,0.00,0,0.0,-0.0
79.95,touchdown,77.50,273.53,0.000,1,958.2,503.1,0.3,2.4,0.00,0.00,64,63,-1,-0.2,0.3,-0.0,-0.0,0.00,-0.01,0.00,0.00,0.00,0.00,0.00,0.00,99,-1,1,1,-0.0,0.01,0.000,0.000,0.00,0,28,0,205.5,360.0,360.0,64.5,0.00,0,0.0,-0.0
80.15,touchdown,77.50,273.53,0.000,1,958.2,503.1,0.3,2.4,0.00,0.00,64,63,-1,-0.2,0.3,-0.0,-0.0,0.00,-0.01,0.00,0.00,0.00,0.00,0.00,0.00,99,-1,1,1,0.0,0.01,0.000,0.000,0.00,0,28,0,205.5,360.0,360.0,64.5,0.00,0,0.0,-0.0
80.35,touchdown,77.50,273.53,0.000,1,958.2,503.1,0.3,2.4,0.00,0.00,64,63,-1,-0.2,0.3,-0.0,-0.0,0.00,-0.01,0.00,0.00,0.00,0.00,0.00,0.00,99,-1,1,2,-0.0,0.01,0.000,0.000,0.00,0,28,0,205.5,360.0,360.0,64.5,0.00,0,0.0,-0.0
80.55,touchdown,77.50,273.53,0.000,1,958.2,503.1,0.3,2.4,0.00,0.00,64,63,-1,-0.2,0.3,-0.0,-0.0,-0.00,-0.01,0.00,0.00,0.00,0.00,0.00,0.00,99,-1,1,2,0.0,0.01,0.000,0.000,0.00,0,28,0,205.5,360.0,360.0,64.5,0.00,0,0.0,-0.0
80.75,touchdown,77.50,273.53,0.000,1,958.2,503.1,0.3,2.4,0.00,0.00,64,63,-1,-0.2,0.4,-0.0,-0.0,-0.00,-0.01,0.00,0.00,0.00,0.00,0.00,0.00,99,-1,1,2,0.0,0.01,0.000,0.000,0.00,0,28,0,205.5,360.0,360.0,64.5,0.00,0,0.0,-0.0
80.95,touchdown,77.50,273.53,0.000,1,958.2,503.1,0.3,2.4,0.00,0.00,63,63,-1,-0.2,0.4,-0.0,-0.0,-0.00,-0.01,0.00,0.00,0.00,0.00,0.00,0.00,99,-1,1,2,0.0,0.01,0.000,0.000,0.00,0,28,0,205.5,360.0,360.0,64.5,0.00,0,0.0,-0.0
81.15,touchdown,77.50,273.53,0.000,1,958.2,503.1,0.3,2.4,0.00,0.00,63,63,-1,-0.2,0.4,0.0,-0.0,-0.00,-0.01,0.00,0.00,0.00,0.00,0.00,0.00,99,-1,1,2,-0.0,0.01,0.000,0.000,0.00,0,28,0,205.5,360.0,360.0,64.5,0.00,0,0.0,-0.0
81.35,touchdown,77.50,273.53,0.000,1,958.2,503.1,0.3,2.4,0.00,0.00,63,63,-1,-0.2,0.4,0.0,-0.0,-0.00,-0.01,0.00,0.00,0.00,0.00,0.00,0.00,99,-1,1,2,0.0,0.01,0.000,0.000,0.00,0,28,0,205.5,360.0,360.0,64.5,0.00,0,-0.0,-0.0
81.55,touchdown,77.50,273.53,0.000,1,958.2,503.1,0.3,2.4,0.00,0.00,63,63,-1,-0.2,0.4,-0.0,0.0,-0.00,-0.01,0.00,0.00,0.00,0.00,0.00,0.00,99,-1,1,2,0.0,0.01,0.000,0.000,0.00,0,28,0,205.5,0.0,0.0,64.5,0.00,0,0.0,0.0
81.75,touchdown,77.50,273.53,0.000,1,958.2,503.1,0.3,2.4,0.00,0.00,63,63,-1,-0.2,0.4,-0.0,0.0,-0.00,-0.01,0.00,0.00,0.00,0.00,0.00,0.00,99,-1,1,2,0.0,0.01,0.000,0.000,0.00,0,28,0,205.5,0.0,0.0,64.5,0.00,0,0.0,0.0
81.95,touchdown,77.50,273.53,0.000,1,958.2,503.1,0.3,2.4,0.00,0.00,63,63,-1,-0.2,0.4,-0.0,0.0,-0.00,-0.01,0.00,0.00,0.00,0.00,0.00,0.00,99,-1,1,2,0.0,0.01,0.000,0.000,0.00,0,28,0,205.5,0.0,0.0,64.5,0.00,0,0.0,0.0
81.95,end:ok:control [yawkp 0.007 yawkd 0.012 yawmax 0.6 lean 67 body 15 braketurn 0.55 side 1.5 hold 0.38 track 0.2 appr 2],0,0,0,0,0,0,0,0,0,0,0,0,0,0,0,0,0,0,0,0,0,0,0,0,0,0,0,0,0,0,0,0,0,0,0,0,0,0,0,0,0,0,0,0,0
