t,phase,height,err,pwr,gps,x,z,ex,ez,vxw,vzw,hdg,rawhdg,mothdg,tp,tr,p,r,vx,vy,sched,fwdRaw,latRaw,vrtRaw,fwdH,latH,energy,fuel,sat,yerr,yrate,ydem,athr,amax,vv,dockc,npers,chg,nav1,nav3,nav2,trihdg,trires,aimq,wx,wz
0.00,climb,96.50,253.50,1.000,1,1892.5,365.5,-934.0,140.0,0.00,0.00,269,269,-1,0.0,0.0,0.0,0.0,0.00,0.00,0.00,0.00,0.00,0.00,0.00,0.00,-1,-1,1,-2,0.0,-0.01,1.000,1.000,0.00,0,0,0,0.0,180.0,296.6,270.0,0.00,0,-0.0,-0.0
0.10,climb,96.50,253.50,1.000,1,1892.5,365.5,-934.0,140.0,0.00,0.00,269,269,-1,0.0,0.0,0.0,0.0,0.00,0.00,0.00,0.00,0.00,0.00,0.00,0.00,-1,-1,1,-4,0.0,-0.03,1.000,1.000,0.00,0,0,0,0.0,180.0,296.6,270.0,0.00,0,-0.0,-0.0
0.20,climb,96.50,253.50,1.000,1,1892.5,365.5,-934.0,140.0,0.00,0.00,269,269,-1,0.0,0.0,0.0,0.0,0.00,0.00,0.00,0.00,0.00,0.00,0.00,0.00,-1,-1,1,-7,-0.0,-0.05,1.000,1.000,0.00,0,0,0,0.0,180.0,296.6,270.0,0.00,0,0.0,-0.0
0.30,climb,96.50,253.50,1.000,1,1892.5,365.5,-934.0,140.0,0.00,0.00,269,269,-1,0.0,0.0,0.0,0.0,0.00,0.00,0.00,0.00,0.00,0.00,0.00,0.00,-1,-1,1,-11,-0.0,-0.07,1.000,1.000,0.00,0,0,0,0.0,180.0,296.6,270.0,0.00,0,0.0,-0.0
0.40,climb,96.50,253.50,1.000,1,1892.5,365.5,-934.0,140.0,0.00,0.00,269,269,-1,0.0,0.0,0.0,0.0,0.00,0.00,0.00,0.00,0.00,0.00,0.00,0.00,-1,-1,1,-13,-0.0,-0.09,1.000,1.000,0.00,0,0,0,0.0,180.0,296.6,270.0,0.00,0,0.0,-0.0
0.50,climb,96.76,253.24,1.000,1,1892.5,365.5,-934.0,140.0,0.00,-0.00,269,269,-1,0.0,0.0,-0.0,-0.0,-0.00,-0.00,0.00,0.00,0.00,0.00,-0.00,0.00,-1,-1,1,-17,0.0,-0.12,1.000,1.000,0.87,0,0,0,0.0,180.0,296.6,270.0,0.00,0,-0.1,0.0
0.60,climb,96.95,253.05,1.000,1,1892.5,365.5,-934.0,140.0,0.00,0.00,269,269,-1,0.0,0.0,-0.0,-0.0,-0.00,-0.01,0.00,0.00,0.00,0.00,0.00,0.00,-1,-1,1,-20,-0.8,-0.14,1.000,1.000,2.65,0,0,0,0.0,180.0,296.6,270.0,0.00,0,-0.6,0.1
0.70,climb,97.54,252.46,1.000,1,1892.5,365.5,-934.0,140.0,0.00,0.00,269,269,-1,0.0,0.0,-0.1,-0.0,-0.00,-0.01,0.00,0.00,0.00,0.00,0.00,0.00,-1,-1,1,-23,-0.8,-0.15,1.000,1.000,5.18,0,0,0,0.0,180.0,296.6,270.0,0.00,0,-0.6,0.1
0.80,climb,98.39,251.61,1.000,1,1892.5,365.5,-934.0,140.0,0.00,0.00,269,268,-1,0.0,0.0,-0.2,-0.0,-0.00,-0.01,0.00,0.00,0.00,0.00,0.00,0.00,100,-1,1,-25,-8.6,-0.13,1.000,1.000,7.88,0,28,0,0.7,180.0,176.1,269.3,0.00,0,-1.0,0.2
0.90,climb,99.51,250.49,1.000,1,1892.5,365.5,-934.0,140.0,-0.04,0.01,269,268,-1,0.0,0.0,-0.3,-0.1,-0.00,-0.02,0.00,0.00,0.00,0.00,0.00,0.00,100,-1,1,-28,-13.6,-0.10,1.000,1.000,10.54,0,28,0,0.7,180.0,176.1,269.3,0.00,0,-1.1,0.3
1.00,climb,100.90,249.10,1.000,1,1892.5,365.5,-934.0,140.0,-0.04,0.01,269,268,-1,0.0,0.0,-0.4,-0.1,-0.00,-0.02,0.00,0.00,0.00,0.00,0.04,-0.01,100,-1,1,-31,-13.6,-0.06,1.000,1.000,13.18,0,28,0,0.7,180.0,176.1,269.3,0.00,0,-1.1,0.3
1.10,climb,102.54,247.46,1.000,1,1892.5,365.5,-934.0,140.0,-0.09,0.02,269,268,-1,0.0,0.0,-0.5,-0.1,-0.00,-0.01,0.00,0.00,0.00,0.00,0.09,-0.02,100,-1,1,-34,-18.0,-0.02,1.000,1.000,15.79,0,28,0,0.7,180.0,176.1,269.3,0.00,0,-0.7,0.2
1.20,climb,104.44,245.56,1.000,1,1892.5,365.5,-934.0,140.0,-0.18,0.07,268,262,-1,0.0,0.0,-0.4,-0.0,0.01,-0.00,0.00,0.00,0.00,0.00,0.18,-0.06,100,-1,1,-36,-21.3,0.00,1.000,1.000,18.38,0,28,0,7.2,179.9,179.3,262.8,0.00,0,-0.0,-0.2
1.30,climb,106.60,243.40,1.000,1,1892.4,365.5,-933.9,140.0,-0.31,0.10,267,262,-1,0.0,0.0,-0.4,0.0,0.01,0.01,0.00,0.00,0.00,0.00,0.27,-0.07,100,-1,1,-38,-23.7,0.01,1.000,1.000,20.93,0,28,0,7.2,179.9,179.3,262.8,0.00,0,1.1,-0.7
1.40,climb,109.00,241.00,1.000,1,1892.4,365.5,-933.9,140.0,-0.31,0.10,266,262,-1,0.0,0.0,-0.2,0.1,0.01,0.02,0.00,0.00,0.00,0.00,0.31,-0.08,100,-1,1,-41,-23.7,0.00,1.000,1.000,23.47,0,28,0,7.2,179.9,179.3,262.8,0.00,0,1.1,-0.7
1.50,climb,111.66,238.34,1.000,1,1892.3,365.5,-933.9,140.0,-0.35,0.10,265,262,-1,0.0,0.0,-0.1,0.2,0.01,0.02,0.00,0.00,0.00,0.00,0.36,-0.08,100,-1,1,-43,-22.6,-0.02,1.000,1.000,25.98,0,28,0,7.2,179.9,179.3,262.8,0.00,0,1.2,-0.8
1.60,climb,114.57,235.43,1.000,1,1892.3,365.5,-933.8,140.0,-0.35,0.10,263,253,-1,0.0,0.0,0.0,0.3,0.02,0.02,0.00,0.00,0.00,0.00,0.36,-0.06,100,-1,1,-44,-22.6,-0.04,1.000,1.000,28.46,0,28,0,16.5,180.3,181.0,253.5,0.00,0,1.2,-0.8
1.70,climb,117.72,232.28,1.000,1,1892.3,365.6,-933.8,139.9,-0.35,0.08,262,253,-1,0.0,0.0,0.1,0.4,0.02,0.02,0.00,0.00,0.00,0.00,0.36,-0.03,100,-1,1,-45,-21.5,-0.06,1.000,1.000,30.92,0,28,0,16.5,180.3,181.0,253.5,0.00,0,1.1,-0.8
1.80,climb,121.11,228.89,1.000,1,1892.2,365.6,-933.8,139.9,-0.31,0.01,260,253,-1,0.0,0.0,0.2,0.4,0.02,0.02,0.00,0.00,0.00,0.00,0.36,0.00,100,-1,1,-47,-19.4,-0.09,1.000,1.000,33.35,0,28,0,16.5,180.3,181.0,253.5,0.00,0,0.6,-0.6
1.90,climb,124.75,225.25,1.000,1,1892.2,365.6,-933.7,139.9,-0.31,-0.07,259,253,-1,0.0,0.0,0.3,0.5,0.01,0.01,0.00,0.00,0.00,0.00,0.30,0.05,100,-1,1,-49,-19.9,-0.11,1.000,1.000,35.76,0,28,0,16.5,180.3,181.0,253.5,0.00,0,-0.3,0.1
2.00,climb,128.62,221.38,1.000,1,1892.2,365.5,-933.7,139.9,-0.26,-0.18,257,244,-1,0.0,0.0,0.3,0.4,-0.00,-0.00,0.00,0.00,0.00,0.00,0.28,0.13,100,-1,1,-50,-21.0,-0.11,1.000,1.000,38.14,0,28,0,24.5,180.5,181.2,245.5,0.00,0,-1.5,1.2
2.10,climb,132.73,217.27,1.000,1,1892.2,365.5,-933.7,140.0,-0.26,-0.18,255,244,-1,0.0,0.0,0.1,0.3,-0.02,-0.02,0.00,0.00,0.00,0.00,0.21,0.24,100,-1,1,-51,-21.0,-0.10,1.000,1.000,40.50,0,28,0,24.5,180.5,181.2,245.5,0.00,0,-1.5,1.2
2.20,climb,137.08,212.92,1.000,1,1892.1,365.5,-933.7,140.0,-0.22,-0.29,254,244,-1,0.0,0.0,-0.2,0.0,-0.04,-0.05,0.00,0.00,0.00,0.00,0.14,0.30,100,-1,1,-52,-25.8,-0.09,1.000,1.000,42.84,0,28,0,24.5,180.5,181.2,245.5,0.00,0,-3.4,3.0
2.30,climb,141.66,208.34,0.957,1,1892.1,365.5,-933.6,140.0,-0.22,-0.29,252,244,-1,0.0,0.0,-0.5,-0.3,-0.04,-0.06,0.00,0.00,0.00,0.00,0.12,0.34,100,-1,0,-54,-25.8,-0.07,0.957,0.998,45.15,0,28,0,24.5,180.5,181.2,245.5,0.00,0,-3.4,3.0
2.40,climb,146.46,203.54,0.828,1,1892.1,365.5,-933.6,140.0,-0.31,-0.11,249,234,-1,0.0,0.0,-0.9,-0.5,-0.04,-0.06,0.00,0.00,0.00,0.00,0.17,0.31,100,-1,0,-54,-30.3,-0.04,0.828,0.869,47.44,0,28,0,34.6,178.9,178.4,235.4,0.00,0,-2.6,2.1
2.50,climb,154.03,195.97,0.682,1,1892.1,365.5,-933.6,140.0,-0.31,-0.11,247,234,-1,0.0,0.0,-1.1,-0.6,-0.02,-0.05,0.00,0.00,0.00,0.00,0.24,0.22,100,-1,0,-55,-30.3,-0.02,0.682,0.711,49.55,0,28,0,34.6,178.9,178.4,235.4,0.00,0,-2.6,2.1
2.60,climb,156.63,193.37,0.587,1,1892.0,365.5,-933.5,140.0,-0.35,0.04,245,234,-1,0.0,0.0,-1.2,-0.6,0.00,-0.02,0.00,0.00,0.00,0.00,0.34,0.11,100,-1,0,-56,-31.0,-0.02,0.587,0.596,51.25,0,28,0,34.6,178.9,178.4,235.4,0.00,0,-0.8,0.6
2.70,climb,161.89,188.11,0.495,1,1892.0,365.5,-933.5,140.0,-0.40,0.20,244,234,-1,0.0,0.0,-1.1,-0.4,0.02,0.01,0.00,0.00,0.00,0.00,0.44,-0.00,100,-1,0,-57,-30.9,-0.03,0.495,0.508,52.42,0,28,0,34.6,178.9,178.4,235.4,0.00,0,1.2,-0.8
2.80,climb,167.20,182.80,0.426,1,1892.0,365.5,-933.5,140.0,-0.44,0.31,240,222,-1,0.0,0.0,-0.8,-0.2,0.03,0.03,0.00,0.00,0.00,0.00,0.53,-0.05,100,-1,0,-57,-29.9,-0.04,0.426,0.449,53.07,0,28,0,46.8,178.9,179.0,223.2,0.00,0,2.5,-1.5
2.90,climb,172.54,177.46,0.371,1,1891.9,365.6,-933.4,140.0,-0.48,0.38,238,222,-1,0.0,0.0,-0.5,0.0,0.03,0.04,0.00,0.00,0.00,0.00,0.60,-0.05,100,-1,0,-57,-27.3,-0.06,0.371,0.401,53.36,0,28,0,46.8,178.9,179.0,223.2,0.00,0,3.3,-1.9
3.00,climb,177.87,172.13,0.327,1,1891.8,365.6,-933.4,139.9,-0.48,0.37,235,222,-1,0.0,0.0,-0.2,0.2,0.03,0.05,0.00,0.00,0.00,0.00,0.62,-0.04,100,-1,0,-58,-26.5,-0.08,0.327,0.359,53.40,0,28,0,46.8,178.9,179.0,223.2,0.00,0,2.9,-1.6
3.10,climb,183.19,166.81,0.293,1,1891.8,365.6,-933.3,139.9,-0.48,0.37,233,222,-1,0.0,0.0,0.1,0.4,0.02,0.04,0.00,0.00,0.00,0.00,0.61,-0.01,100,-1,0,-59,-26.5,-0.09,0.293,0.320,53.21,0,28,0,46.8,178.9,179.0,223.2,0.00,0,2.9,-1.6
3.20,climb,188.45,161.55,0.268,1,1891.7,365.7,-933.3,139.9,-0.48,0.31,230,212,-1,0.0,0.0,0.3,0.4,0.01,0.04,0.00,0.00,0.00,0.00,0.60,0.04,100,-1,0,-59,-25.1,-0.10,0.268,0.288,52.80,0,28,0,57.5,181.0,180.6,212.5,0.00,0,1.5,-0.2
3.30,climb,193.66,156.34,0.252,1,1891.7,365.7,-933.2,139.8,-0.48,0.26,227,212,-1,0.0,0.0,0.5,0.4,0.00,0.03,0.00,0.00,0.00,0.00,0.56,0.10,100,-1,0,-59,-24.6,-0.11,0.252,0.264,52.21,0,28,0,57.5,181.0,180.6,212.5,0.00,0,0.5,0.3
3.40,climb,198.79,151.21,0.240,1,1891.7,365.7,-933.2,139.8,-0.48,0.26,225,212,-1,0.0,0.0,0.5,0.3,-0.01,0.01,0.00,0.00,0.00,0.00,0.53,0.16,100,-1,0,-59,-24.6,-0.12,0.241,0.247,51.52,0,28,0,57.5,181.0,180.6,212.5,0.00,0,0.5,0.3
3.50,climb,206.35,143.65,0.211,1,1891.6,365.8,-933.1,139.8,-0.48,0.19,223,212,-1,0.0,0.0,0.5,0.2,-0.01,0.00,0.00,0.00,0.00,0.00,0.49,0.21,100,-1,0,-60,-23.6,-0.13,0.211,0.216,50.75,0,28,0,57.5,181.0,180.6,212.5,0.00,0,-0.6,0.8
3.60,climb,208.82,141.18,0.227,1,1891.5,365.8,-933.1,139.7,-0.48,0.16,220,202,-1,0.0,0.0,0.5,0.1,-0.01,-0.00,0.00,0.00,0.00,0.00,0.45,0.25,100,-1,0,-60,-23.3,-0.14,0.227,0.235,49.92,0,28,0,67.2,181.2,180.5,202.8,0.00,0,-0.9,0.9
3.70,climb,213.71,136.29,0.222,1,1891.5,365.8,-933.0,139.7,-0.48,0.14,217,202,-1,0.0,0.0,0.4,0.0,-0.02,-0.01,0.00,0.00,0.00,0.00,0.42,0.29,100,-1,0,-60,-23.3,-0.14,0.222,0.233,49.10,0,28,0,67.2,181.2,180.5,202.8,0.00,0,-1.1,1.0
3.80,climb,218.53,131.47,0.216,1,1891.5,365.8,-933.0,139.7,-0.48,0.14,215,202,-1,0.0,0.0,0.2,-0.1,-0.02,-0.02,0.00,0.00,0.00,0.00,0.39,0.32,100,-1,0,-61,-23.3,-0.15,0.216,0.229,48.29,0,28,0,67.2,181.2,180.5,202.8,0.00,0,-1.1,1.0
3.90,climb,223.26,126.74,0.209,1,1891.4,365.8,-932.9,139.7,-0.44,0.13,213,202,-1,0.0,0.0,0.1,-0.2,-0.02,-0.02,0.00,0.00,0.00,0.00,0.35,0.30,100,-1,0,-62,-23.5,-0.15,0.209,0.225,47.49,0,28,0,67.2,181.2,180.5,202.8,0.00,0,-1.3,1.1
4.00,climb,227.91,122.09,0.202,1,1891.4,365.8,-932.9,139.7,-0.44,0.12,210,192,-1,0.0,0.0,-0.0,-0.3,-0.02,-0.02,0.00,0.00,0.00,0.00,0.32,0.32,100,-1,0,-62,-23.7,-0.15,0.202,0.220,46.70,0,28,0,76.6,179.5,179.9,193.4,0.00,0,-1.4,1.1
4.10,climb,232.48,117.52,0.196,1,1891.3,365.8,-932.8,139.7,-0.40,0.12,207,192,-1,0.0,0.0,-0.2,-0.4,-0.02,-0.02,0.00,0.00,0.00,0.00,0.30,0.34,100,-1,0,-62,-24.0,-0.15,0.196,0.212,45.88,0,28,0,76.6,179.5,179.9,193.4,0.00,0,-1.0,0.5
4.20,climb,236.96,113.04,0.191,1,1891.3,365.8,-932.8,139.7,-0.40,0.12,205,192,-1,0.0,0.0,-0.3,-0.4,-0.01,-0.02,0.00,0.00,0.00,0.00,0.27,0.31,100,-1,0,-63,-23.8,-0.15,0.192,0.202,45.04,0,28,0,76.6,179.5,179.9,193.4,0.00,0,-0.6,-0.0
4.30,climb,241.35,108.65,0.189,1,1891.3,365.8,-932.8,139.7,-0.40,0.12,203,192,-1,0.0,0.0,-0.3,-0.4,0.00,-0.01,0.00,0.00,0.00,0.00,0.26,0.32,100,-1,0,-64,-23.8,-0.16,0.190,0.195,44.15,0,28,0,76.6,179.5,179.9,193.4,0.00,0,-0.6,-0.0
4.40,climb,245.65,104.35,0.191,1,1891.2,365.9,-932.7,139.6,-0.35,0.14,200,183,-1,0.0,0.0,-0.4,-0.3,0.01,-0.01,0.00,0.00,0.00,0.00,0.24,0.29,100,-1,0,-64,-23.4,-0.17,0.191,0.197,43.20,0,28,0,86.1,174.4,179.6,183.9,0.00,0,0.1,-0.8
4.50,climb,251.91,98.09,0.172,1,1891.2,365.9,-932.7,139.6,-0.35,0.14,197,183,-1,0.0,0.0,-0.4,-0.2,0.01,-0.00,0.00,0.00,0.00,0.00,0.24,0.29,100,-1,0,-65,-23.3,-0.17,0.172,0.178,42.23,0,28,0,86.1,174.4,179.6,183.9,0.00,0,0.1,-0.8
4.60,climb,253.94,96.06,0.197,1,1891.2,365.9,-932.7,139.6,-0.35,0.14,195,183,-1,0.0,0.0,-0.4,-0.1,0.01,-0.00,0.00,0.00,0.00,0.00,0.23,0.30,100,-1,0,-65,-23.3,-0.18,0.197,0.203,41.24,0,28,0,86.1,174.4,179.6,183.9,0.00,0,0.1,-0.8
4.70,climb,257.94,92.06,0.201,1,1891.1,365.9,-932.6,139.6,-0.31,0.14,193,183,-1,0.0,0.0,-0.3,-0.0,0.01,-0.00,0.00,0.00,0.00,0.00,0.21,0.27,100,-1,0,-67,-23.2,-0.19,0.201,0.208,40.25,0,28,0,86.1,174.4,179.6,183.9,0.00,0,0.1,-0.8
4.80,climb,261.85,88.15,0.202,1,1891.1,365.9,-932.6,139.6,-0.31,0.16,190,174,-1,0.0,0.0,-0.3,-0.0,0.00,-0.00,0.00,0.00,0.00,0.00,0.21,0.28,100,-1,0,-64,-23.5,-0.17,0.202,0.204,39.34,0,28,0,95.4,3.5,179.7,174.6,0.00,0,0.2,0.4
4.90,climb,265.69,84.31,0.199,1,1891.0,365.9,-932.6,139.6,-0.31,0.16,188,174,-1,0.0,0.0,-0.3,-0.1,-0.01,-0.00,0.00,0.00,0.00,0.00,0.20,0.28,100,-1,0,-61,-23.7,-0.15,0.199,0.202,38.51,0,28,0,95.4,3.5,179.7,174.6,0.00,0,0.5,1.0
5.00,climb,269.44,80.56,0.193,1,1891.0,365.9,-932.5,139.6,-0.31,0.16,185,174,-1,0.0,0.0,-0.3,-0.1,-0.02,0.00,0.00,0.00,0.00,0.00,0.19,0.29,100,-1,0,-59,-23.7,-0.13,0.193,0.202,37.71,0,28,0,95.4,3.5,179.7,174.6,0.00,0,0.5,1.0
5.05,climb,271.29,78.71,0.190,1,1891.0,366.0,-932.5,139.5,-0.31,0.16,184,174,-1,0.0,0.0,-0.2,-0.2,-0.01,0.00,0.00,0.00,0.00,0.00,0.19,0.30,100,-1,0,-57,-24.1,-0.11,0.190,0.196,37.33,0,28,0,95.4,3.5,179.7,174.6,0.00,0,0.3,0.5
5.15,climb,274.91,75.09,0.187,1,1891.0,366.0,-932.5,139.5,-0.26,0.16,181,165,-1,0.0,0.0,-0.2,-0.2,-0.01,-0.00,0.00,0.00,0.00,0.00,0.17,0.31,100,-1,0,-54,-24.0,-0.09,0.187,0.190,36.48,0,28,0,103.7,0.7,179.8,166.3,0.00,0,0.1,0.2
5.25,climb,278.45,71.55,0.187,1,1891.0,366.0,-932.5,139.5,-0.26,0.16,178,165,-1,0.0,0.0,-0.2,-0.2,-0.00,-0.00,0.00,0.00,0.00,0.00,0.16,0.27,100,-1,0,-52,-24.0,-0.08,0.187,0.190,35.58,0,28,0,103.7,0.7,179.8,166.3,0.00,0,0.1,0.2
5.35,climb,281.89,68.11,0.189,1,1890.9,366.0,-932.4,139.5,-0.26,0.15,176,165,-1,0.0,0.0,-0.2,-0.2,-0.00,-0.00,0.00,0.00,0.00,0.00,0.15,0.27,100,-1,0,-50,-23.4,-0.06,0.189,0.191,34.66,0,28,0,103.7,0.7,179.8,166.3,0.00,0,0.0,-0.0
5.45,climb,285.24,64.76,0.191,1,1890.9,366.0,-932.4,139.5,-0.26,0.15,175,165,-1,0.0,0.0,-0.2,-0.2,0.00,-0.00,0.00,0.00,0.00,0.00,0.13,0.28,100,-1,0,-48,-23.4,-0.06,0.191,0.193,33.74,0,28,0,103.7,0.7,179.8,166.3,0.00,0,0.0,-0.0
5.55,climb,290.10,59.90,0.118,1,1890.9,366.1,-932.4,139.5,-0.22,0.15,172,156,-1,0.0,0.0,-0.2,-0.2,0.00,-0.00,0.00,0.00,0.00,0.00,0.12,0.24,100,-1,0,-45,-22.1,-0.04,0.118,0.121,32.83,0,28,0,113.1,0.4,179.8,156.9,0.00,0,-0.0,-0.2
5.65,climb,291.67,58.33,0.118,1,1890.9,366.1,-932.4,139.4,-0.22,0.15,169,156,-1,0.0,0.0,-0.2,-0.1,0.00,-0.01,0.00,0.00,0.00,0.00,0.11,0.24,100,-1,0,-43,-22.1,-0.04,0.118,0.122,31.94,0,28,0,113.1,0.4,179.8,156.9,0.00,0,-0.0,-0.2
5.75,climb,294.74,55.26,0.086,1,1890.8,366.1,-932.3,139.4,-0.22,0.15,167,156,-1,0.0,0.0,-0.3,-0.1,0.00,-0.01,0.00,0.00,0.00,0.00,0.10,0.25,100,-1,0,-41,-20.5,-0.03,0.086,0.090,30.92,0,28,0,113.1,0.4,179.8,156.9,0.00,0,-0.1,-0.2
5.85,climb,297.69,52.31,0.062,1,1890.8,366.1,-932.3,139.4,-0.22,0.15,166,156,-1,0.0,0.0,-0.3,-0.1,0.00,-0.01,0.00,0.00,0.00,0.00,0.09,0.25,100,-1,0,-39,-19.8,-0.03,0.062,0.065,29.79,0,28,0,113.1,0.4,179.8,156.9,0.00,0,-0.1,-0.2
5.95,climb,300.52,49.48,0.039,1,1890.8,366.1,-932.3,139.4,-0.22,0.15,163,148,-1,0.0,0.0,-0.3,-0.1,0.00,-0.01,0.00,0.00,0.00,0.00,0.08,0.26,100,-1,0,-36,-19.2,-0.02,0.039,0.043,28.66,0,28,0,121.4,0.4,179.7,148.6,0.00,0,-0.1,-0.2
6.05,climb,303.23,46.77,0.025,1,1890.8,366.1,-932.3,139.4,-0.22,0.15,161,148,-1,0.0,0.0,-0.3,-0.0,0.00,-0.01,0.00,0.00,0.00,0.00,0.07,0.26,100,-1,0,-34,-19.2,-0.01,0.025,0.029,27.43,0,28,0,121.4,0.4,179.7,148.6,0.00,0,-0.1,-0.2
6.15,climb,305.83,44.17,0.009,1,1890.8,366.1,-932.3,139.4,-0.18,0.15,159,148,-1,0.0,0.0,-0.3,0.0,0.00,-0.01,0.00,0.00,0.00,0.00,0.08,0.22,100,-1,0,-32,-18.5,-0.00,0.009,0.013,26.29,0,28,0,121.4,0.4,179.7,148.6,0.00,0,-0.1,-0.2
6.25,climb,308.31,41.69,0.005,1,1890.7,366.2,-932.2,139.4,-0.18,0.14,157,148,-1,0.0,0.0,-0.3,0.0,0.00,-0.01,0.00,0.00,0.00,0.00,0.06,0.22,100,-1,0,-30,-17.4,0.00,0.005,0.010,25.11,0,28,0,121.4,0.4,179.7,148.6,0.00,0,-0.1,-0.2
6.35,climb,310.67,39.33,0.007,1,1890.7,366.2,-932.2,139.3,-0.18,0.14,154,140,-1,0.0,0.0,-0.3,0.1,0.01,-0.01,0.00,0.00,0.00,0.00,0.05,0.22,100,-1,0,-28,-17.0,0.01,0.007,0.012,23.90,0,28,0,128.7,0.5,179.6,141.4,0.00,0,-0.1,-0.2
6.45,climb,312.90,37.10,0.014,1,1890.7,366.2,-932.2,139.3,-0.18,0.14,152,140,-1,0.0,0.0,-0.3,0.1,0.01,-0.01,0.00,0.00,0.00,0.00,0.04,0.22,100,-1,0,-26,-17.0,0.02,0.014,0.018,22.65,0,28,0,128.7,0.5,179.6,141.4,0.00,0,-0.1,-0.2
6.55,climb,316.01,33.99,0.000,1,1890.7,366.2,-932.2,139.3,-0.18,0.14,150,140,-1,0.0,0.0,-0.3,0.1,0.01,-0.01,0.00,0.00,0.00,0.00,0.04,0.22,100,-1,1,-24,-16.6,0.03,0.000,0.000,21.36,0,28,0,128.7,0.5,179.6,141.4,0.00,0,-0.1,-0.2
6.65,climb,316.98,33.02,0.032,1,1890.7,366.2,-932.2,139.3,-0.18,0.14,149,140,-1,0.0,0.0,-0.4,0.2,0.01,-0.01,0.00,0.00,0.00,0.00,0.03,0.22,100,-1,0,-22,-16.3,0.04,0.032,0.037,20.07,0,28,0,128.7,0.5,179.6,141.4,0.00,0,-0.1,-0.2
6.75,climb,318.83,31.17,0.044,1,1890.6,366.2,-932.2,139.3,-0.18,0.14,147,134,-1,0.0,0.0,-0.4,0.2,0.01,-0.01,0.00,0.00,0.00,0.00,0.02,0.23,100,-1,0,-20,-15.7,0.05,0.044,0.049,18.79,0,28,0,135.2,0.6,179.4,134.8,0.00,0,-0.1,-0.2
6.85,climb,320.55,29.45,0.058,1,1890.6,366.2,-932.1,139.3,-0.18,0.14,145,134,-1,0.0,0.0,-0.4,0.2,0.01,-0.01,0.00,0.00,0.00,0.00,0.01,0.23,100,-1,0,-18,-15.7,0.06,0.058,0.063,17.52,0,28,0,135.2,0.6,179.4,134.8,0.00,0,-0.1,-0.2
6.95,climb,322.14,27.86,0.076,1,1890.6,366.2,-932.1,139.3,-0.18,0.14,143,134,-1,0.0,0.0,-0.4,0.2,0.01,-0.01,0.00,0.00,0.00,0.00,0.01,0.23,100,-1,0,-16,-15.6,0.07,0.077,0.082,16.27,0,28,0,135.2,0.6,179.4,134.8,0.00,0,-0.1,-0.2
7.05,climb,323.61,26.39,0.098,1,1890.6,366.3,-932.1,139.2,-0.18,0.14,142,134,-1,0.0,0.0,-0.4,0.3,0.01,-0.01,0.00,0.00,0.00,0.00,0.00,0.23,100,-1,0,-15,-15.4,0.08,0.098,0.103,15.03,0,28,0,135.2,0.6,179.4,134.8,0.00,0,-0.1,-0.2
7.15,climb,324.96,25.04,0.123,1,1890.6,366.3,-932.1,139.2,-0.18,0.13,139,128,-1,0.0,0.0,-0.4,0.3,0.01,-0.01,0.00,0.00,0.00,0.00,-0.01,0.22,100,-1,0,-13,-15.1,0.09,0.123,0.129,13.80,0,28,0,141.4,0.6,179.2,128.6,0.00,0,-0.1,-0.2
7.25,climb,326.20,23.80,0.150,1,1890.6,366.3,-932.1,139.2,-0.18,0.13,138,128,-1,0.0,0.0,-0.4,0.3,0.01,-0.01,0.00,0.00,0.00,0.00,-0.02,0.22,100,-1,0,-11,-15.0,0.10,0.150,0.155,12.62,0,28,0,141.4,0.6,179.2,128.6,0.00,0,-0.1,-0.2
7.35,climb,327.32,22.68,0.178,1,1890.6,366.3,-932.1,139.2,-0.18,0.13,136,128,-1,0.0,0.0,-0.4,0.4,0.01,-0.01,0.00,0.00,0.00,0.00,-0.03,0.22,100,-1,0,-10,-15.0,0.11,0.178,0.183,11.50,0,28,0,141.4,0.6,179.2,128.6,0.00,0,-0.1,-0.2
7.45,climb,328.35,21.65,0.201,1,1890.5,366.3,-932.0,139.2,-0.18,0.15,135,128,-1,0.0,0.0,-0.4,0.4,0.01,-0.00,0.00,0.00,0.00,0.00,-0.02,0.23,100,-1,0,-8,-14.2,0.12,0.202,0.206,10.52,0,28,0,141.4,0.6,179.2,128.6,0.00,0,0.0,0.0
7.55,climb,329.76,20.24,0.207,1,1890.5,366.3,-932.0,139.2,-0.18,0.16,133,122,-1,0.0,0.0,-0.4,0.4,0.00,-0.00,0.00,0.00,0.00,0.00,-0.02,0.23,100,-1,0,-6,-13.4,0.13,0.207,0.210,9.72,0,28,0,147.3,0.6,179.1,122.7,0.00,0,0.3,0.4
7.65,climb,330.20,19.80,0.228,1,1890.5,366.4,-932.0,139.2,-0.18,0.18,131,122,-1,0.0,0.0,-0.3,0.3,-0.00,0.00,0.00,0.00,0.00,0.00,-0.02,0.24,100,-1,0,-5,-12.3,0.13,0.228,0.230,9.12,0,28,0,147.3,0.6,179.1,122.7,0.00,0,0.5,0.8
7.75,climb,331.06,18.94,0.230,1,1890.5,366.4,-932.0,139.1,-0.18,0.18,130,122,-1,0.0,0.0,-0.3,0.3,-0.01,0.00,0.00,0.00,0.00,0.00,-0.02,0.25,100,-1,0,-3,-12.3,0.12,0.230,0.235,8.68,0,28,0,147.3,0.6,179.1,122.7,0.00,0,0.5,0.8
7.85,climb,331.88,18.12,0.231,1,1890.4,366.4,-932.0,139.1,-0.18,0.19,129,122,-1,0.0,0.0,-0.2,0.2,-0.01,0.00,0.00,0.00,0.00,0.00,-0.02,0.26,100,-1,0,-2,-9.4,0.12,0.231,0.237,8.27,0,28,0,147.3,0.6,179.1,122.7,0.00,0,0.4,0.9
7.95,cruise,332.66,17.34,0.283,1,1890.4,366.4,-931.9,139.1,-0.18,0.19,127,117,-1,4.0,4.0,-0.2,0.1,-0.08,-0.05,0.00,0.00,0.00,0.00,-0.03,0.25,100,-1,0,8,-9.4,0.17,0.284,0.320,7.87,0,28,0,151.7,0.2,179.7,118.3,0.00,1,0.4,0.9
8.05,cruise,333.40,16.60,0.286,1,1890.4,366.4,-931.9,139.1,-0.13,0.19,125,117,-1,8.0,8.0,-0.1,-0.0,-0.13,-0.11,0.00,0.00,0.00,0.00,0.00,0.23,100,-1,0,9,-7.8,0.16,0.287,0.355,7.47,0,28,0,152.5,0.0,179.9,117.5,0.00,1,0.4,1.0
8.15,cruise,334.11,15.89,0.285,1,1890.4,366.5,-931.9,139.1,-0.09,0.18,124,117,-1,12.0,12.0,-0.1,-0.1,-0.18,-0.15,0.00,0.00,0.00,0.00,-0.00,0.23,100,-1,0,10,-4.5,0.14,0.285,0.379,7.18,0,28,0,153.0,360.0,180.1,117.0,0.00,1,1.7,-0.4
8.25,cruise,334.81,15.19,0.277,1,1890.4,366.5,-931.9,139.0,-0.09,0.18,123,117,-1,16.0,16.0,0.1,0.0,-0.21,-0.18,0.00,0.00,0.00,0.00,0.02,0.20,100,-1,0,10,-4.5,0.12,0.277,0.386,7.01,0,28,0,153.4,359.9,180.1,116.6,0.00,1,1.7,-0.4
8.35,cruise,335.48,14.52,0.269,1,1890.4,366.5,-931.9,139.0,0.00,0.13,122,115,-1,20.0,20.0,0.5,0.3,-0.22,-0.19,0.00,0.00,0.00,0.00,0.04,0.15,100,-1,0,10,-1.4,0.10,0.269,0.380,6.84,0,28,0,153.7,0.0,180.0,116.3,0.00,1,5.8,-4.5
8.45,cruise,336.13,13.87,0.264,1,1890.4,366.5,-931.9,139.0,0.00,0.13,121,115,-1,24.0,24.0,1.2,0.8,-0.21,-0.18,0.00,0.00,0.00,0.00,0.07,0.11,100,-1,0,10,-1.4,0.09,0.264,0.367,6.64,0,28,0,153.8,0.2,179.6,116.2,0.00,1,5.8,-4.5
8.55,cruise,337.05,12.95,0.252,1,1890.4,366.5,-931.9,139.0,0.18,0.07,120,115,-1,28.0,28.0,2.1,1.6,-0.18,-0.16,0.00,0.00,0.00,0.00,0.13,0.04,100,-1,0,10,1.6,0.07,0.252,0.343,6.42,0,28,0,153.7,0.6,178.8,116.3,0.00,1,10.4,-10.7
8.65,cruise,337.34,12.66,0.259,1,1890.4,366.5,-931.9,139.0,0.22,0.03,119,115,-1,28.5,28.3,3.1,2.8,-0.09,-0.11,0.00,0.00,0.00,0.00,0.19,-0.03,100,-1,0,10,2.8,0.05,0.259,0.312,6.16,0,28,0,153.5,1.2,177.6,116.5,0.00,1,12.9,-13.8
8.75,cruise,337.89,12.11,0.261,1,1890.5,366.5,-931.9,139.0,0.26,0.01,119,116,-1,29.0,28.8,4.5,4.3,-0.01,-0.04,0.00,0.00,0.00,0.00,0.21,-0.08,100,-1,0,10,4.0,0.03,0.261,0.276,5.87,0,28,0,153.2,2.0,176.1,116.9,0.00,1,15.0,-16.0
8.85,cruise,338.40,11.60,0.266,1,1890.5,366.5,-932.0,139.0,0.22,0.01,119,116,-1,29.5,29.2,6.0,5.9,0.05,0.00,0.00,0.00,0.00,0.00,0.24,-0.12,100,-1,0,9,5.1,0.02,0.266,0.281,5.55,0,28,0,152.6,2.8,174.5,117.5,0.00,1,16.7,-17.4
8.95,cruise,338.87,11.13,0.270,1,1890.5,366.5,-932.0,139.0,0.22,0.01,118,116,-1,30.0,29.5,7.7,7.8,0.09,0.05,0.03,0.00,0.00,0.00,0.20,-0.09,100,-1,0,8,5.1,-0.00,0.270,0.308,5.27,0,28,0,152.0,3.7,173.0,118.2,0.00,1,16.7,-17.4
9.05,cruise,339.32,10.68,0.274,1,1890.5,366.5,-932.0,139.0,-0.04,0.11,118,116,-1,30.4,29.8,9.4,9.7,0.10,0.06,0.11,0.00,0.00,0.00,0.14,-0.02,100,-1,0,7,6.7,-0.02,0.274,0.318,5.02,0,28,0,151.2,4.5,171.8,119.1,0.00,1,18.1,-16.7
9.15,cruise,339.74,10.26,0.281,1,1890.5,366.5,-932.0,139.0,-0.26,0.18,118,119,-1,30.9,30.0,11.2,11.5,0.10,0.06,0.19,0.00,0.00,0.00,0.01,0.12,100,-1,0,6,7.3,-0.04,0.281,0.323,4.76,0,28,0,150.4,5.2,170.9,120.1,0.00,1,17.9,-15.5
9.25,cruise,340.14,9.86,0.289,1,1890.5,366.5,-932.0,139.0,-0.26,0.18,119,119,-1,31.4,30.3,12.8,13.2,0.08,0.05,0.27,0.00,0.00,0.00,-0.15,0.28,100,-1,0,5,7.3,-0.05,0.289,0.326,4.49,0,28,0,149.4,5.7,170.4,121.3,0.00,1,17.9,-15.5
9.35,cruise,340.51,9.49,0.297,1,1890.4,366.6,-931.9,138.9,-0.88,0.37,119,119,-1,32.0,30.6,14.4,14.8,0.07,0.03,0.34,0.00,0.00,0.00,-0.36,0.52,100,-1,0,4,7.5,-0.06,0.297,0.325,4.23,0,28,0,148.5,6.1,170.1,122.4,0.00,1,16.3,-12.6
9.45,cruise,340.86,9.14,0.305,1,1890.2,366.6,-931.9,138.9,-1.27,0.48,120,119,-1,32.5,30.8,15.9,16.4,0.05,0.01,0.41,0.00,0.00,0.00,-0.58,0.76,100,-1,0,3,7.4,-0.07,0.305,0.323,3.99,0,28,0,147.6,6.4,170.0,123.6,0.00,1,15.5,-11.4
9.55,cruise,341.34,8.66,0.310,1,1890.1,366.7,-931.7,138.9,-1.71,0.59,121,122,-1,33.2,31.2,17.4,17.8,0.04,-0.01,0.47,0.00,0.00,0.00,-0.85,1.07,100,-1,0,2,7.2,-0.08,0.310,0.324,3.77,0,28,0,146.6,6.6,170.0,124.8,0.00,1,14.9,-10.4
9.65,cruise,341.49,8.51,0.322,1,1889.9,366.8,-931.6,138.8,-2.11,0.71,122,122,-1,33.6,31.3,18.7,19.2,0.03,-0.02,0.53,0.00,0.00,0.00,-1.15,1.40,100,-1,0,0,6.8,-0.08,0.322,0.338,3.56,0,28,0,145.8,6.7,170.2,126.0,0.00,1,14.5,-9.6
9.75,cruise,341.78,8.22,0.331,1,1889.9,366.8,-931.4,138.7,-2.11,0.71,122,122,-1,34.1,31.5,20.1,20.5,0.03,-0.02,0.59,0.00,0.00,0.00,-1.40,1.73,100,-1,0,-1,6.8,-0.09,0.332,0.347,3.35,0,28,0,144.9,6.7,170.5,127.2,0.00,1,14.5,-9.6
9.85,cruise,342.05,7.95,0.341,1,1889.3,366.9,-931.1,138.7,-3.12,0.96,123,122,-1,34.7,31.7,21.4,21.7,0.02,-0.01,0.64,0.00,0.00,0.00,-1.72,2.11,100,-1,0,-2,5.4,-0.09,0.341,0.352,3.16,0,28,0,144.2,6.6,171.0,128.4,0.00,1,14.7,-7.2
9.95,cruise,342.32,7.68,0.348,1,1889.3,366.9,-930.8,138.6,-3.12,0.96,124,126,-1,35.2,31.8,22.8,22.8,0.00,-0.01,0.69,0.00,0.00,0.00,-2.03,2.55,100,-1,0,-3,5.4,-0.09,0.349,0.352,3.01,0,28,0,143.5,6.2,171.6,129.5,0.00,1,14.7,-7.2
10.05,cruise,342.57,7.43,0.354,1,1889.0,367.0,-930.5,138.5,-3.65,1.08,126,126,-1,35.8,32.0,24.3,23.8,-0.01,0.01,0.74,0.00,0.00,0.00,-2.34,3.00,100,-1,0,-4,4.5,-0.08,0.354,0.360,2.91,0,28,0,142.9,5.7,172.5,130.5,0.00,1,15.0,-6.0
10.15,cruise,342.82,7.18,0.358,1,1888.1,367.3,-930.1,138.3,-4.92,1.31,127,126,-1,36.4,32.1,25.8,24.7,-0.02,0.02,0.79,0.00,0.00,0.00,-2.75,3.53,100,-1,0,-5,2.5,-0.08,0.359,0.370,2.85,0,28,0,142.5,5.1,173.4,131.5,0.00,1,15.5,-4.7
10.25,cruise,343.07,6.93,0.362,1,1887.6,367.4,-929.6,138.2,-5.63,1.37,127,126,-1,37.1,32.2,27.3,25.5,-0.02,0.03,0.84,0.00,0.00,0.00,-3.11,4.03,100,-1,0,-6,1.5,-0.07,0.362,0.378,2.80,0,28,0,142.2,4.4,174.4,132.5,0.00,1,15.3,-4.6
10.35,cruise,343.30,6.70,0.368,1,1887.6,367.4,-929.1,138.1,-5.63,1.37,128,127,-1,37.7,32.3,28.9,26.4,-0.01,0.04,0.89,0.00,0.00,0.00,-3.55,4.58,100,-1,0,-7,1.5,-0.07,0.368,0.386,2.73,0,28,0,142.0,3.7,175.3,133.3,0.00,1,15.3,-4.6
10.45,cruise,343.53,6.47,0.375,1,1886.9,367.6,-928.4,137.9,-6.33,1.42,129,127,-1,38.3,32.3,30.5,27.2,-0.01,0.04,0.93,0.00,0.00,0.00,-3.99,5.11,100,-1,0,-8,0.4,-0.06,0.375,0.395,2.65,0,28,0,141.9,3.0,176.2,134.1,0.00,1,14.9,-4.8
10.55,cruise,343.86,6.14,0.381,1,1886.3,367.7,-927.8,137.8,-7.03,1.44,130,127,-1,39.1,32.5,32.1,28.0,-0.01,0.05,0.98,0.00,0.00,0.00,-4.43,5.65,100,-1,0,-8,-0.8,-0.05,0.381,0.403,2.54,0,28,0,142.0,2.4,177.0,134.7,0.00,1,14.4,-5.0
10.65,cruise,343.96,6.04,0.395,1,1885.5,367.8,-927.0,137.7,-7.78,1.45,131,127,-1,39.6,32.4,33.6,28.8,-0.00,0.06,1.00,0.00,0.00,0.00,-4.91,6.21,100,-1,0,-9,-1.9,-0.04,0.395,0.418,2.42,0,28,0,142.1,1.8,177.6,135.3,0.00,1,13.8,-5.3
10.75,cruise,344.15,5.85,0.406,1,1883.7,368.1,-926.2,137.5,-9.45,1.44,132,127,-1,40.2,32.5,35.2,29.6,0.00,0.06,1.00,0.00,0.00,0.00,-5.42,6.79,100,-1,0,-9,-3.5,-0.03,0.406,0.430,2.29,0,28,0,142.4,1.4,178.1,135.7,0.00,1,11.6,-6.0
10.85,cruise,344.34,5.66,0.417,1,1882.7,368.3,-925.2,137.4,-10.33,1.43,132,127,-1,40.8,32.6,36.6,30.3,0.00,0.05,1.00,0.00,0.00,0.00,-6.00,7.44,100,-1,0,-9,-3.9,-0.02,0.417,0.439,2.19,0,28,0,142.7,1.2,178.4,136.0,0.00,1,9.8,-6.1
10.95,cruise,344.52,5.48,0.428,1,1882.7,368.3,-924.2,137.2,-10.33,1.43,133,127,-1,41.4,32.7,37.9,31.0,0.00,0.04,1.00,0.00,0.00,0.00,-6.57,8.09,100,-1,0,-10,-3.9,-0.02,0.428,0.443,2.09,0,28,0,143.1,1.1,178.6,136.1,0.00,1,9.8,-6.1
11.05,cruise,344.69,5.31,0.439,1,1880.4,368.6,-923.1,137.1,-12.22,1.38,134,127,-1,42.0,32.8,38.9,31.7,-0.00,0.02,1.00,0.00,0.00,0.00,-7.17,8.78,100,-1,0,-10,-4.4,-0.02,0.439,0.450,1.97,0,28,0,143.5,1.1,178.5,136.2,0.00,1,6.4,-6.1
11.15,cruise,344.85,5.15,0.449,1,1879.1,368.7,-921.9,136.9,-13.27,1.38,134,125,-1,42.5,33.0,39.9,32.2,-0.01,0.01,1.00,0.00,0.00,0.00,-7.83,9.48,100,-1,0,-10,-4.7,-0.01,0.449,0.457,1.86,0,28,0,144.0,1.3,178.2,136.1,0.00,1,5.5,-6.1
11.25,cruise,345.01,4.99,0.457,1,1879.1,368.7,-920.6,136.8,-13.27,1.38,134,125,-1,43.1,33.2,40.8,32.8,-0.01,0.01,1.00,0.00,0.00,0.00,-8.52,10.27,100,-1,0,-9,-4.7,-0.01,0.457,0.464,1.80,0,28,0,144.4,1.5,177.9,135.9,0.00,1,5.5,-6.1
11.35,cruise,345.16,4.84,0.466,1,1876.2,369.0,-919.2,136.7,-15.29,1.40,135,125,-1,43.6,33.5,41.7,33.3,-0.01,0.00,1.00,0.00,0.00,0.00,-9.17,11.03,100,-1,0,-9,-5.0,-0.01,0.466,0.472,1.72,0,28,0,144.9,1.8,177.5,135.7,0.00,1,4.3,-6.0
11.45,cruise,345.31,4.69,0.475,1,1876.2,369.0,-917.7,136.5,-15.29,1.40,135,125,-1,44.2,33.7,42.5,33.7,-0.01,0.00,1.00,0.00,0.00,0.00,-9.81,11.81,100,-1,0,-9,-5.0,-0.00,0.475,0.481,1.64,0,28,0,145.4,2.1,177.0,135.5,0.00,1,4.3,-6.0
11.55,cruise,345.52,4.48,0.482,1,1874.6,369.1,-916.1,136.4,-16.35,1.43,135,123,-1,44.8,34.0,43.3,34.2,-0.01,0.00,1.00,0.00,0.00,0.00,-10.50,12.61,100,-1,0,-9,-5.1,-0.00,0.482,0.485,1.59,0,28,0,145.9,2.4,176.4,135.3,0.00,1,4.0,-6.4
11.65,cruise,345.59,4.41,0.488,1,1872.9,369.3,-914.4,136.2,-17.53,1.46,135,123,-1,45.3,34.2,44.0,34.7,-0.00,0.00,1.00,0.00,0.00,0.00,-11.27,13.51,100,-1,0,-9,-5.1,0.00,0.488,0.490,1.61,0,28,0,146.4,2.8,175.7,135.0,0.00,1,3.7,-6.7
11.75,cruise,345.74,4.26,0.491,1,1869.1,369.6,-912.5,136.1,-19.95,1.59,136,123,-1,45.8,34.5,44.8,35.2,-0.00,-0.00,1.00,0.00,0.00,0.00,-12.00,14.45,100,-1,0,-8,-5.0,0.00,0.491,0.494,1.65,0,28,0,146.8,3.3,175.0,134.7,0.00,1,3.2,-6.6
11.85,cruise,345.90,4.10,0.494,1,1867.0,369.7,-910.6,135.9,-21.18,1.67,136,123,-1,46.4,34.8,45.5,35.7,-0.01,-0.00,1.00,0.00,0.00,0.00,-12.76,15.42,100,-1,0,-8,-4.9,0.00,0.494,0.498,1.68,0,28,0,147.3,3.7,174.2,134.4,0.00,1,3.0,-6.5
11.95,cruise,346.05,3.95,0.498,1,1864.8,369.9,-908.5,135.8,-22.37,1.76,136,121,-1,47.0,35.1,46.2,36.1,-0.01,-0.00,1.00,0.00,0.00,0.00,-13.54,16.38,100,-1,0,-8,-4.9,0.01,0.498,0.503,1.70,0,28,0,147.8,4.1,173.4,134.1,0.00,1,2.8,-6.4
12.05,cruise,346.20,3.80,0.503,1,1864.8,369.9,-906.3,135.6,-22.37,1.76,136,121,-1,47.6,35.4,46.9,36.6,-0.01,-0.00,1.00,0.00,0.00,0.00,-14.27,17.32,100,-1,0,-7,-4.9,0.01,0.503,0.508,1.70,0,28,0,148.2,4.6,172.6,133.8,0.00,1,2.8,-6.4
12.15,cruise,346.36,3.64,0.508,1,1860.0,370.3,-904.0,135.4,-24.83,1.98,136,121,-1,48.2,35.7,47.5,37.0,-0.01,-0.01,1.00,0.00,0.00,0.00,-15.00,18.31,100,-1,0,-7,-4.7,0.01,0.508,0.514,1.69,0,28,0,148.6,5.0,171.8,133.5,0.00,1,2.5,-6.3
12.25,cruise,346.51,3.49,0.515,1,1857.4,370.5,-901.5,135.2,-26.02,2.11,136,121,-1,48.8,36.1,48.2,37.5,-0.01,-0.01,1.00,0.00,0.00,0.00,-15.72,19.32,100,-1,0,-7,-4.7,0.01,0.515,0.521,1.66,0,28,0,149.1,5.5,170.9,133.2,0.00,1,2.4,-6.2
12.35,cruise,346.66,3.34,0.522,1,1857.4,370.5,-898.9,135.0,-26.02,2.11,136,119,-1,49.4,36.4,48.8,37.9,-0.01,-0.01,1.00,0.00,0.00,0.00,-16.43,20.28,100,-1,0,-6,-4.7,0.01,0.522,0.529,1.62,0,28,0,149.5,6.0,170.0,132.9,0.00,1,2.4,-6.2
12.45,cruise,346.80,3.20,0.530,1,1854.7,370.7,-896.2,134.8,-27.25,2.24,136,119,-1,50.0,36.7,49.4,38.3,-0.01,-0.01,1.00,0.00,0.00,0.00,-17.15,21.29,100,-1,0,-6,-4.6,0.01,0.530,0.538,1.57,0,28,0,149.9,6.4,169.0,132.6,0.00,1,2.3,-6.2
12.55,cruise,347.00,3.00,0.537,1,1851.9,371.0,-893.4,134.5,-28.43,2.40,137,119,-1,50.6,37.1,50.0,38.7,-0.01,-0.01,1.00,0.00,0.00,0.00,-17.82,22.29,100,-1,0,-6,-4.6,0.01,0.537,0.547,1.50,0,28,0,150.3,6.9,168.1,132.3,0.00,1,2.1,-6.1
12.65,cruise,347.06,2.94,0.548,1,1845.9,371.5,-890.5,134.3,-30.98,2.75,137,119,-1,51.1,37.3,50.7,39.1,-0.00,-0.01,1.00,0.00,0.00,0.00,-18.49,23.34,100,-1,0,-6,-4.5,0.02,0.548,0.555,1.44,0,28,0,150.7,7.3,167.1,132.0,0.00,1,2.4,-6.6
12.75,cruise,347.19,2.81,0.557,1,1845.9,371.5,-887.4,134.0,-30.98,2.75,137,118,-1,51.7,37.7,51.3,39.6,-0.00,-0.00,1.00,0.00,0.00,0.00,-19.23,24.45,100,-1,0,-5,-4.5,0.02,0.557,0.560,1.42,0,28,0,151.1,7.8,166.0,131.7,0.00,1,2.4,-6.6
12.85,cruise,347.32,2.68,0.570,1,1842.7,371.8,-884.2,133.7,-32.34,2.97,137,118,-1,52.3,38.0,52.0,40.1,-0.00,-0.00,1.00,0.00,0.00,0.00,-19.96,25.62,100,-1,0,-5,-4.4,0.02,0.570,0.573,1.44,0,28,0,151.5,8.3,164.9,131.5,0.00,1,2.5,-6.7
12.95,cruise,347.45,2.55,0.600,1,1839.4,372.1,-880.9,133.4,-33.75,3.20,137,118,-1,52.9,38.4,52.6,40.6,-0.00,-0.01,1.00,0.00,0.00,0.00,-20.68,26.86,100,-1,0,-5,-4.4,0.02,0.600,0.604,1.45,0,28,0,151.8,8.8,163.8,131.2,0.00,1,2.3,-6.6
13.05,cruise,347.58,2.42,0.600,1,1835.9,372.4,-877.4,133.1,-35.16,3.44,137,118,-1,53.6,38.8,53.2,41.0,-0.00,-0.01,1.00,0.00,0.00,0.00,-21.38,28.12,100,-1,0,-4,-4.3,0.02,0.600,0.605,1.46,0,28,0,152.2,9.3,162.7,131.0,0.00,1,2.1,-6.5
13.15,cruise,347.71,2.29,0.600,1,1828.5,373.2,-873.8,132.7,-38.10,4.00,137,116,-1,54.2,39.2,53.9,41.5,0.00,-0.00,1.00,0.00,0.00,0.00,-22.11,29.41,100,-1,0,-4,-4.2,0.02,0.600,0.603,1.48,0,28,0,152.5,9.8,161.6,130.8,0.00,1,3.0,-6.3
13.25,cruise,347.85,2.15,0.600,1,1824.6,373.6,-870.0,132.3,-39.64,4.31,137,116,-1,54.9,39.5,54.6,42.0,0.00,-0.00,1.00,0.00,0.00,0.00,-22.83,30.76,100,-1,0,-4,-4.1,0.02,0.600,0.602,1.51,0,28,0,152.9,10.3,160.5,130.6,0.00,1,3.6,-6.3
13.35,cruise,347.98,2.02,0.604,1,1824.6,373.6,-866.1,131.9,-39.64,4.31,138,116,-1,55.6,39.9,55.4,42.6,0.01,0.00,1.00,0.00,0.00,0.00,-23.53,32.19,100,-1,0,-4,-4.1,0.02,0.604,0.610,1.53,0,28,0,153.2,10.7,159.6,130.5,0.00,1,3.6,-6.3
13.45,cruise,348.12,1.88,0.600,1,1820.5,374.1,-862.0,131.4,-41.09,4.63,138,116,-1,56.3,40.2,56.1,43.1,0.00,0.00,1.00,0.00,0.00,0.00,-24.14,33.57,100,-1,0,-4,-4.0,0.02,0.600,0.604,1.52,0,28,0,153.5,11.0,158.7,130.5,0.00,1,3.9,-5.8
13.55,cruise,348.33,1.67,0.600,1,1816.3,374.5,-857.8,131.0,-42.63,4.97,138,115,-1,57.0,40.7,56.8,43.6,-0.00,-0.00,1.00,0.00,0.00,0.00,-24.81,35.02,100,-1,0,-4,-4.0,0.02,0.600,0.603,1.51,0,28,0,153.8,11.3,157.9,130.4,0.00,1,3.5,-5.1
13.65,cruise,348.39,1.61,0.600,1,1807.4,375.6,-853.4,130.4,-45.62,5.65,138,115,-1,57.7,41.0,57.4,43.9,-0.01,-0.01,1.00,0.00,0.00,0.00,-25.43,36.44,100,-1,0,-4,-3.9,0.02,0.600,0.608,1.48,0,28,0,154.1,11.6,157.2,130.3,0.00,1,3.3,-4.0
13.75,cruise,348.52,1.48,0.600,1,1802.7,376.2,-848.9,129.9,-47.07,6.00,138,115,-1,58.3,41.4,58.0,44.3,-0.00,-0.01,1.00,0.00,0.00,0.00,-26.04,37.88,100,-1,0,-4,-3.8,0.02,0.600,0.607,1.42,0,28,0,154.4,11.8,156.5,130.2,0.00,1,3.9,-4.0
13.85,cruise,348.64,1.36,0.600,1,1802.7,376.2,-844.2,129.3,-47.07,6.00,139,115,-1,59.0,41.7,58.7,44.7,-0.00,-0.00,1.00,0.00,0.00,0.00,-26.58,39.30,100,-1,0,-4,-3.8,0.02,0.600,0.603,1.34,0,28,0,154.7,11.9,156.0,130.3,0.00,1,3.9,-4.0
13.95,cruise,348.75,1.25,0.600,1,1797.9,376.8,-839.4,128.7,-48.56,6.35,139,114,-1,59.7,42.0,59.4,45.2,0.00,0.00,1.00,0.00,0.00,0.00,-27.17,40.74,100,-1,0,-4,-3.7,0.02,0.600,0.602,1.25,0,28,0,154.9,12.1,155.5,130.4,0.00,1,4.6,-3.9
14.05,cruise,348.84,1.16,0.600,1,1787.8,378.2,-834.4,128.0,-51.46,7.08,139,114,-1,60.3,42.3,60.2,45.7,0.00,0.01,1.00,0.00,0.00,0.00,-27.69,42.18,100,-1,0,-4,-3.6,0.02,0.600,0.605,1.14,0,28,0,155.2,12.3,154.8,130.5,0.00,1,4.2,-4.6
14.15,cruise,348.93,1.07,0.600,1,1782.6,378.9,-829.3,127.3,-52.91,7.44,139,114,-1,60.9,42.6,60.9,46.2,0.00,0.00,1.00,0.00,0.00,0.00,-28.17,43.64,100,-1,0,-4,-3.5,0.02,0.600,0.601,1.00,0,28,0,155.4,12.5,154.1,130.6,0.00,1,3.2,-4.5
14.25,cruise,349.00,1.00,0.602,1,1782.6,378.9,-824.1,126.6,-52.91,7.44,140,114,-1,61.5,42.9,61.4,46.6,-0.00,-0.01,1.00,0.00,0.00,0.00,-28.63,45.11,100,-1,0,-4,-3.5,0.01,0.602,0.608,0.85,0,28,0,155.7,12.8,153.3,130.5,0.00,1,3.2,-4.5
14.35,cruise,349.05,0.95,0.609,1,1777.2,379.7,-818.7,125.8,-54.36,7.81,140,113,-1,62.1,43.2,62.0,46.9,-0.00,-0.01,1.00,0.00,0.00,0.00,-29.11,46.57,100,-1,0,-4,-3.5,0.01,0.609,0.620,0.68,0,28,0,155.9,13.0,152.6,130.4,0.00,1,2.6,-4.1
14.45,cruise,349.09,0.91,0.617,1,1765.9,381.4,-813.1,125.0,-57.26,8.58,140,113,-1,62.6,43.5,62.5,47.3,-0.00,-0.01,1.00,0.00,0.00,0.00,-29.57,48.04,100,-1,0,-4,-3.4,0.01,0.617,0.627,0.50,0,28,0,156.2,13.2,151.9,130.4,0.00,1,3.3,-3.8
14.55,cruise,349.10,0.90,0.626,1,1760.1,382.2,-807.4,124.1,-58.75,8.99,140,113,-1,63.2,43.7,63.1,47.7,-0.00,-0.01,1.00,0.00,0.00,0.00,-29.98,49.53,100,-1,0,-4,-3.4,0.01,0.626,0.632,0.32,0,28,0,156.4,13.5,151.2,130.4,0.00,1,3.3,-3.9
14.65,cruise,349.10,0.90,0.635,1,1760.1,382.2,-801.6,123.3,-58.75,8.99,141,113,-1,63.7,44.0,63.6,48.1,-0.00,-0.01,1.00,0.00,0.00,0.00,-30.40,51.08,100,-1,0,-4,-3.4,0.01,0.635,0.641,0.15,0,28,0,156.7,13.7,150.5,130.4,0.00,1,3.3,-3.9
14.75,cruise,349.08,0.92,0.645,1,1748.0,384.2,-795.6,122.3,-61.83,9.83,141,112,-1,63.9,43.8,64.2,48.5,0.00,-0.01,1.00,0.00,0.00,0.00,-30.84,52.65,100,-1,0,-4,-3.3,0.01,0.645,0.650,-0.03,0,28,0,156.9,13.9,149.8,130.4,0.00,1,2.9,-3.8
14.85,cruise,349.05,0.95,0.657,1,1748.0,384.2,-789.5,121.3,-61.83,9.83,141,112,-1,63.9,43.3,64.7,48.8,0.00,-0.00,1.00,0.00,0.00,0.00,-31.26,54.25,100,-1,0,-4,-3.3,0.01,0.657,0.661,-0.22,0,28,0,157.1,14.1,149.1,130.4,0.00,1,2.9,-3.8
14.95,cruise,348.99,1.01,0.670,1,1735.2,386.2,-783.2,120.3,-64.86,10.70,141,112,-1,63.9,42.9,65.2,49.2,0.00,-0.00,1.00,0.00,0.00,0.00,-31.61,55.83,100,-1,0,-4,-3.3,0.01,0.670,0.674,-0.42,0,28,0,157.4,14.4,148.4,130.4,0.00,1,2.6,-3.7
15.05,cruise,348.91,1.09,0.685,1,1728.6,387.3,-776.7,119.3,-66.40,11.17,142,112,-1,63.9,42.4,65.7,49.5,0.01,0.00,1.00,0.00,0.00,0.00,-31.98,57.44,100,-1,0,-4,-3.2,0.01,0.685,0.689,-0.64,0,28,0,157.6,14.6,147.7,130.4,0.00,1,2.6,-3.4
15.15,cruise,348.82,1.18,0.700,1,1728.6,387.3,-770.1,118.2,-66.40,11.17,142,111,-1,63.9,41.8,66.2,49.9,0.01,0.00,1.00,0.00,0.00,0.00,-32.34,59.06,100,-1,0,-4,-3.2,0.01,0.700,0.708,-0.83,0,28,0,157.8,14.8,147.0,130.4,0.00,1,2.6,-3.4
15.25,cruise,348.71,1.29,0.714,1,1721.8,388.5,-763.3,117.0,-68.12,11.67,142,111,-1,63.8,41.2,66.6,50.2,0.01,0.01,1.00,0.00,0.00,0.00,-32.77,60.84,100,-1,0,-4,-3.1,0.01,0.714,0.726,-0.99,0,28,0,158.1,15.0,146.4,130.4,0.00,1,2.5,-3.1
15.35,cruise,348.58,1.42,0.730,1,1707.8,390.9,-756.4,115.8,-71.50,12.70,142,111,-1,63.8,40.6,67.0,50.4,0.01,0.01,1.00,0.00,0.00,0.00,-33.17,62.65,100,-1,0,-4,-3.1,0.01,0.730,0.744,-1.16,0,28,0,158.3,15.2,145.7,130.3,0.00,1,2.2,-3.0
15.45,cruise,348.44,1.56,0.746,1,1700.5,392.3,-749.3,114.6,-73.21,13.23,142,111,-1,63.7,40.0,67.4,50.7,0.01,0.01,1.00,0.00,0.00,0.00,-33.52,64.42,100,-1,0,-4,-3.0,0.01,0.746,0.764,-1.33,0,28,0,158.5,15.4,145.1,130.3,0.00,1,1.8,-2.7
15.55,cruise,348.19,1.81,0.766,1,1700.5,392.3,-742.0,113.2,-73.21,13.23,143,110,-1,63.5,39.2,67.8,50.9,0.01,0.01,1.00,0.00,0.00,0.00,-33.94,66.21,100,-1,0,-4,-3.0,0.01,0.766,0.784,-1.51,0,28,0,158.7,15.6,144.4,130.2,0.00,1,1.8,-2.7
15.65,cruise,348.10,1.90,0.781,1,1685.4,395.0,-734.6,111.9,-76.86,14.37,143,110,-1,63.4,38.7,68.0,50.9,0.01,0.01,1.00,0.00,0.00,0.00,-34.40,68.07,100,-1,0,-4,-2.9,0.01,0.781,0.796,-1.66,0,28,0,159.0,15.7,143.8,130.0,0.00,1,0.8,-2.0
15.75,cruise,347.92,2.08,0.798,1,1685.4,395.0,-726.9,110.5,-76.86,14.37,143,110,-1,63.3,38.0,68.2,50.9,0.01,0.01,1.00,0.00,0.00,0.00,-34.88,69.98,100,-1,0,-3,-2.9,0.01,0.798,0.814,-1.79,0,28,0,159.3,15.8,143.2,129.7,0.00,1,0.8,-2.0
15.85,cruise,347.72,2.28,0.800,1,1677.6,396.5,-719.1,109.0,-78.71,14.96,143,110,-1,63.2,37.3,68.4,50.9,0.01,0.01,1.00,0.00,0.00,0.00,-35.38,71.88,100,-1,0,-3,-2.8,0.01,0.800,0.819,-1.92,0,28,0,159.5,16.0,142.5,129.5,0.00,1,0.6,-1.9
15.95,cruise,347.52,2.48,0.800,1,1669.6,398.1,-711.1,107.4,-80.60,15.57,143,109,-1,63.0,36.6,68.5,50.8,0.01,0.01,1.00,0.00,0.00,0.00,-35.98,73.78,100,-1,0,-3,-2.9,0.02,0.800,0.817,-2.04,0,28,0,159.8,16.1,141.9,129.1,0.00,1,0.2,-1.7
16.05,cruise,347.31,2.69,0.800,1,1653.0,401.3,-702.9,105.8,-84.46,16.82,143,109,-1,62.8,36.0,68.6,50.5,0.01,0.01,1.00,0.00,0.00,0.00,-36.65,75.69,100,-1,0,-2,-3.0,0.02,0.800,0.816,-2.14,0,28,0,160.1,16.2,141.3,128.8,0.00,1,-0.4,-0.2
16.15,cruise,347.09,2.91,0.800,1,1653.0,401.3,-694.5,104.2,-84.46,16.82,143,109,-1,62.6,35.3,68.6,50.2,0.01,0.01,1.00,0.00,0.00,0.00,-37.37,77.59,100,-1,0,-2,-3.0,0.02,0.800,0.814,-2.23,0,28,0,160.4,16.2,140.9,128.3,0.00,1,-0.4,-0.2
16.25,cruise,346.86,3.14,0.800,1,1635.6,404.9,-685.9,102.4,-88.24,18.06,143,109,-1,62.5,34.6,68.5,49.7,0.01,0.01,1.00,0.00,0.00,0.00,-38.15,79.41,100,-1,0,-1,-2.7,0.02,0.800,0.812,-2.32,0,28,0,160.7,16.1,140.6,127.9,0.00,1,-0.8,1.5
16.35,cruise,346.63,3.37,0.800,1,1626.7,406.7,-677.1,100.6,-90.13,18.67,143,108,-1,62.3,33.9,68.4,49.1,0.01,0.00,1.00,0.00,0.00,0.00,-39.10,81.14,100,-1,0,-1,-2.8,0.03,0.800,0.810,-2.40,0,28,0,161.0,15.9,140.4,127.4,0.00,1,-1.0,2.4
16.45,cruise,346.39,3.61,0.800,1,1626.7,406.7,-668.2,98.8,-90.13,18.67,142,108,-1,62.1,33.2,68.2,48.4,0.01,0.00,1.00,0.00,0.00,0.00,-40.16,82.82,100,-1,0,-0,-2.8,0.03,0.800,0.807,-2.48,0,28,0,161.3,15.7,140.4,126.9,0.00,1,-1.0,2.4
16.55,cruise,346.15,3.85,0.800,1,1617.5,408.6,-659.0,96.9,-91.98,19.26,142,108,-1,61.9,32.5,68.0,47.6,0.01,-0.00,1.00,0.00,0.00,0.00,-41.32,84.40,100,-1,0,0,-2.7,0.03,0.800,0.804,-2.55,0,28,0,161.6,15.3,140.5,126.4,0.00,1,-1.2,3.3
16.65,cruise,345.90,4.10,0.800,1,1598.7,412.6,-649.7,94.9,-95.67,20.39,142,108,-1,61.6,31.9,67.7,46.7,0.00,-0.00,1.00,0.00,0.00,0.00,-42.63,85.90,100,-1,0,1,-2.6,0.04,0.800,0.805,-2.60,0,28,0,162.0,14.9,140.7,125.9,0.00,1,-1.6,4.8
16.75,cruise,345.65,4.35,0.800,1,1589.0,414.7,-640.2,92.9,-97.47,20.92,141,107,-1,61.4,31.2,67.4,45.7,0.00,-0.00,1.00,0.00,0.00,0.00,-44.16,87.28,100,-1,0,1,-2.6,0.04,0.800,0.805,-2.64,0,28,0,162.3,14.4,141.1,125.3,0.00,1,-1.8,5.7
16.85,cruise,345.40,4.60,0.800,1,1589.0,414.7,-630.5,90.8,-97.47,20.92,141,107,-1,61.2,30.6,67.1,44.6,-0.00,-0.01,1.00,0.00,0.00,0.00,-45.83,88.53,100,-1,0,2,-2.6,0.04,0.800,0.806,-2.66,0,28,0,162.6,13.9,141.7,124.7,0.00,1,-1.8,5.7
16.95,cruise,345.15,4.85,0.800,1,1569.0,419.0,-620.6,88.7,-101.03,21.87,140,107,-1,61.0,30.0,66.8,43.6,0.00,-0.00,1.00,0.00,0.00,0.00,-47.65,89.68,100,-1,0,2,-2.5,0.05,0.800,0.804,-2.67,0,28,0,162.9,13.3,142.4,124.1,0.00,1,-0.9,6.1
17.05,cruise,344.91,5.09,0.800,1,1569.0,419.0,-610.5,86.5,-101.03,21.87,139,107,-1,60.8,29.3,66.5,42.6,0.00,0.00,1.00,0.00,0.00,0.00,-49.55,90.72,100,-1,0,3,-2.5,0.05,0.800,0.802,-2.65,0,28,0,163.3,12.7,143.2,123.7,0.00,1,-0.9,6.1
17.15,brake,344.66,5.34,0.800,1,1558.8,421.2,0.0,0.0,-102.79,22.31,138,105,-1,54.8,23.3,66.3,41.6,0.04,0.09,1.00,0.00,0.00,0.00,-51.63,91.64,100,-1,0,3,-2.5,0.05,0.800,0.853,-2.63,0,28,0,163.5,12.1,144.1,123.3,0.00,1,-0.3,6.1
17.25,brake,344.42,5.58,0.800,1,1548.4,423.5,0.0,0.0,-104.55,22.71,138,105,-1,48.8,17.3,66.1,40.6,0.07,0.18,1.00,0.00,0.00,0.00,-53.81,92.47,100,-1,0,4,-2.4,0.05,0.800,0.900,-2.58,0,28,0,163.8,11.4,145.2,122.9,0.00,1,-0.1,6.5
17.35,brake,344.18,5.82,0.800,1,1527.0,428.1,0.0,0.0,-108.02,23.41,137,105,-1,42.8,11.3,65.8,39.5,0.11,0.24,1.00,0.00,0.00,0.00,-56.09,93.20,100,-1,0,4,-0.9,0.05,0.800,0.939,-2.55,0,28,0,164.1,10.7,146.4,122.4,0.00,1,-4.2,8.0
17.45,brake,343.95,6.05,0.800,1,1527.0,428.1,0.0,0.0,-108.02,23.41,136,105,-1,36.8,5.3,65.0,38.0,0.13,0.26,1.00,0.00,0.00,0.00,-58.54,93.75,100,-1,0,5,-0.9,0.04,0.800,0.960,-2.56,0,28,0,164.3,10.0,147.9,121.7,0.00,1,-4.2,8.0
17.55,brake,343.63,6.37,0.800,1,1505.0,432.9,0.0,0.0,-111.53,24.01,135,105,-1,30.8,-0.7,63.5,35.9,0.15,0.23,1.00,0.00,0.00,0.00,-61.39,94.04,100,-1,0,6,2.9,0.03,0.800,0.955,-2.63,0,28,0,164.4,9.2,149.9,120.5,0.00,1,-17.6,14.1
17.65,brake,343.53,6.47,0.800,1,1493.7,435.3,0.0,0.0,-113.29,24.27,133,105,-1,24.8,-6.7,61.0,33.0,0.17,0.16,1.00,0.00,0.00,0.00,-64.66,94.00,100,-1,0,8,4.9,0.02,0.800,0.929,-2.73,0,28,0,164.4,8.3,152.5,118.9,0.00,1,-26.7,18.6
17.75,brake,343.34,6.66,0.800,1,1482.2,437.7,0.0,0.0,-114.96,24.50,132,105,-1,18.8,-12.7,57.5,29.6,0.18,0.04,1.00,0.00,0.00,0.00,-68.41,93.51,100,-1,0,9,7.5,0.01,0.800,0.890,-2.79,0,28,0,164.3,7.1,156.1,117.1,0.00,1,-35.1,23.5
17.85,brake,343.20,6.80,0.800,1,1482.2,437.7,0.0,0.0,-114.96,24.50,130,105,-1,12.8,-18.7,53.1,25.8,0.20,-0.07,1.00,0.00,0.00,0.00,-72.55,92.48,100,-1,0,11,7.5,-0.01,0.800,0.906,-2.72,0,28,0,163.9,5.7,160.9,115.5,0.00,1,-35.1,23.5
17.95,brake,343.10,6.90,0.800,1,1470.6,440.2,0.0,0.0,-116.50,24.71,128,106,-1,6.8,-24.7,47.9,22.0,0.22,-0.17,1.00,0.00,0.00,0.00,-76.77,91.05,100,-1,0,12,10.5,-0.04,0.800,0.956,-2.43,0,28,0,163.2,3.9,167.2,114.5,0.00,1,-41.6,29.1
18.05,brake,343.08,6.92,0.800,1,1447.0,445.2,0.0,0.0,-119.00,25.05,126,106,-1,0.8,-27.8,42.4,18.1,0.22,-0.22,1.00,0.00,0.00,0.00,-81.07,89.10,100,-1,0,12,17.0,-0.08,0.800,0.976,-1.88,0,28,0,162.0,1.7,174.8,114.2,0.00,1,-45.4,42.2
18.15,brake,343.16,6.84,0.800,1,1447.0,445.2,0.0,0.0,-119.00,25.05,124,106,-1,-5.2,-29.9,37.0,14.0,0.17,-0.21,0.95,0.00,0.00,0.00,-85.34,86.64,100,-1,0,12,17.0,-0.12,0.801,0.954,-1.02,0,28,0,160.2,358.8,183.3,114.8,0.00,1,-45.4,42.2
18.25,brake,343.35,6.65,0.759,1,1435.0,447.7,0.0,0.0,-119.88,25.15,121,106,-1,-11.2,-32.3,32.2,9.6,0.07,-0.16,0.77,0.00,0.00,0.00,-89.42,83.72,100,-1,0,10,19.3,-0.16,0.760,0.849,0.14,0,28,0,158.0,355.1,191.9,116.1,0.00,1,-41.8,50.0
18.35,brake,343.68,6.32,0.670,1,1410.9,452.7,0.0,0.0,-120.63,24.88,120,114,-1,-17.2,-34.6,28.3,4.6,-0.06,-0.03,0.62,0.00,0.00,0.00,-91.72,82.03,100,-1,0,8,21.3,-0.19,0.671,0.708,1.53,0,28,0,155.3,350.5,200.0,118.0,0.00,1,-28.5,63.2
18.45,brake,344.14,5.86,0.578,1,1410.9,452.7,0.0,0.0,-120.63,24.88,119,114,-1,-23.2,-36.6,25.5,-0.8,-0.18,0.13,0.52,0.00,0.00,0.00,-93.84,79.77,100,-1,0,6,21.3,-0.21,0.580,0.705,2.97,0,28,0,152.1,345.1,206.7,120.3,0.00,1,-28.5,63.2
18.55,brake,345.01,4.99,0.550,1,1398.9,455.2,0.0,0.0,-120.50,24.39,117,114,-1,-29.2,-38.3,23.5,-6.4,-0.27,0.28,0.47,0.00,0.00,0.00,-95.79,77.06,100,-1,0,4,20.7,-0.22,0.552,0.772,4.25,0,28,0,148.6,339.4,211.7,122.7,0.00,1,-23.5,65.6
18.65,brake,345.33,4.67,0.550,1,1374.9,459.8,0.0,0.0,-119.40,22.62,116,114,-1,-29.9,-39.5,21.9,-11.8,-0.31,0.33,0.48,0.00,0.00,0.00,-97.47,73.97,100,-1,0,1,17.9,-0.22,0.552,0.807,5.23,0,28,0,144.8,333.8,214.9,125.1,0.00,1,-24.4,59.9
18.75,brake,346.01,3.99,0.550,1,1363.0,462.0,0.0,0.0,-118.52,21.41,117,128,-1,-28.6,-40.3,20.2,-16.7,-0.29,0.31,0.51,0.00,0.00,0.00,-95.79,74.78,100,-1,0,-1,16.3,-0.22,0.552,0.791,5.94,0,28,0,140.6,328.9,216.3,127.6,0.00,1,-30.3,53.0
18.85,brake,346.73,3.27,0.550,1,1363.0,462.0,0.0,0.0,-118.52,21.41,118,128,-1,-27.8,-41.0,18.0,-21.0,-0.23,0.23,0.56,0.00,0.00,0.00,-94.13,75.13,100,-1,0,-4,16.3,-0.22,0.552,0.739,6.52,0,28,0,136.2,325.2,216.0,130.2,0.00,1,-30.3,53.0
18.95,brake,347.49,2.51,0.550,1,1339.6,465.9,0.0,0.0,-116.32,18.68,119,128,-1,-27.6,-41.4,15.0,-24.5,-0.17,0.13,0.60,0.00,0.00,0.00,-92.41,75.31,100,-1,0,-7,11.9,-0.22,0.552,0.670,7.02,0,28,0,131.9,323.0,214.1,133.2,0.00,1,-45.9,36.6
19.05,brake,348.28,1.72,0.550,1,1339.6,465.9,0.0,0.0,-116.32,18.68,121,128,-1,-27.8,-41.7,11.1,-27.3,-0.10,0.01,0.63,0.00,0.00,0.00,-90.44,75.50,100,-1,0,-10,11.9,-0.21,0.552,0.596,7.47,0,28,0,128.0,322.5,210.9,136.3,0.00,1,-45.9,36.6
19.15,brake,349.11,0.89,0.550,1,1316.7,469.4,0.0,0.0,-113.25,16.13,125,144,-1,-28.4,-42.0,6.3,-29.6,-0.05,-0.10,0.67,0.00,0.00,0.00,-84.73,79.47,100,-1,0,-13,5.7,-0.20,0.551,0.612,7.92,0,28,0,124.8,324.0,206.8,139.7,0.00,1,-57.7,22.7
19.25,brake,349.96,0.04,0.550,1,1305.5,470.9,0.0,0.0,-111.45,15.14,128,144,-1,-29.0,-42.1,0.8,-31.5,-0.03,-0.18,0.72,0.00,0.00,0.00,-79.08,82.65,100,-1,0,-17,1.9,-0.18,0.551,0.635,8.33,0,28,0,122.4,327.5,202.0,143.1,0.00,1,-59.1,18.1
19.35,brake,350.83,-0.83,0.550,1,1294.5,472.3,0.0,0.0,-109.38,14.37,131,144,-1,-29.6,-42.2,-5.1,-33.4,-0.02,-0.24,0.79,0.00,0.00,0.00,-73.54,85.10,100,-1,0,-20,-2.2,-0.16,0.551,0.655,8.73,0,28,0,120.9,333.0,197.0,146.3,0.00,1,-57.8,14.9
19.45,brake,351.74,-1.74,0.550,1,1283.7,473.7,0.0,0.0,-107.23,13.85,134,144,-1,-30.2,-42.1,-11.1,-35.1,-0.03,-0.27,0.87,0.00,0.00,0.00,-68.07,86.82,100,-1,0,-23,-6.1,-0.13,0.551,0.673,9.16,0,28,0,120.3,339.8,192.1,149.3,0.00,1,-53.9,13.1
19.55,brake,353.13,-3.13,0.550,1,1283.7,473.7,0.0,0.0,-107.23,13.85,138,149,-1,-30.7,-41.9,-17.1,-36.9,-0.05,-0.29,0.97,0.00,0.00,0.00,-62.05,88.54,100,-1,0,-25,-6.1,-0.10,0.550,0.686,9.53,0,28,0,120.4,347.1,187.7,151.9,0.00,1,-53.9,13.1
19.65,brake,353.60,-3.60,0.550,1,1273.2,475.1,0.0,0.0,-104.99,13.57,140,149,-1,-31.1,-41.6,-22.7,-38.7,-0.06,-0.29,1.00,0.00,0.00,0.00,-56.42,89.57,100,-1,0,-28,-9.4,-0.08,0.550,0.689,9.80,0,28,0,121.2,353.8,183.8,154.0,0.00,1,-48.0,11.8
19.75,brake,354.55,-4.55,0.450,1,1252.8,477.8,0.0,0.0,-100.20,13.47,143,149,-1,-31.4,-41.1,-27.8,-40.2,-0.05,-0.27,1.00,0.00,0.00,0.00,-51.18,89.95,100,-1,0,-29,-14.8,-0.06,0.450,0.580,10.00,0,28,0,122.4,359.1,180.6,155.5,0.00,1,-32.5,9.6
19.85,brake,355.51,-5.51,0.380,1,1242.9,479.1,0.0,0.0,-97.91,13.56,145,149,-1,-31.8,-40.6,-32.1,-41.5,-0.03,-0.24,1.00,0.00,0.00,0.00,-46.40,89.82,100,-1,0,-30,-16.6,-0.03,0.380,0.489,10.10,0,28,0,123.9,2.8,178.1,156.4,0.00,1,-24.4,8.5
19.95,brake,356.46,-6.46,0.380,1,1233.3,480.5,0.0,0.0,-95.84,13.66,146,143,-1,-32.2,-40.0,-35.8,-42.5,-0.00,-0.20,1.00,0.00,0.00,0.00,-42.98,89.01,100,-1,0,-30,-17.5,-0.01,0.380,0.462,10.00,0,28,0,125.7,5.0,176.4,156.7,0.00,1,-17.6,7.6
20.05,brake,357.37,-7.37,0.380,1,1233.3,480.5,0.0,0.0,-95.84,13.66,147,143,-1,-32.7,-39.4,-38.7,-43.1,0.03,-0.17,1.00,0.00,0.00,0.00,-40.03,88.15,100,-1,0,-30,-17.5,0.00,0.380,0.458,9.65,0,28,0,127.5,6.2,175.2,156.5,0.00,1,-17.6,7.6
20.15,brake,358.24,-8.24,0.380,1,1223.9,481.9,0.0,0.0,-93.87,13.73,148,143,-1,-33.3,-38.8,-41.2,-43.4,0.05,-0.14,1.00,0.00,0.00,0.00,-37.47,87.15,100,-1,0,-29,-18.4,0.02,0.380,0.457,9.18,0,28,0,129.5,6.6,174.6,155.8,0.00,1,-12.0,6.9
20.25,brake,359.06,-9.06,0.380,1,1205.6,484.7,0.0,0.0,-90.04,13.91,149,143,-1,-33.9,-38.1,-43.0,-43.4,0.08,-0.11,1.00,0.00,0.00,0.00,-35.26,86.07,100,-1,0,-28,-19.3,0.03,0.380,0.453,8.69,0,28,0,131.5,6.3,174.4,154.6,0.00,1,-2.3,6.7
20.35,brake,359.85,-9.85,0.380,1,1196.7,486.0,0.0,0.0,-88.15,13.97,149,136,-1,-34.5,-37.4,-44.4,-43.2,0.10,-0.08,1.00,0.00,0.00,0.00,-34.27,84.42,100,-1,0,-26,-19.6,0.05,0.380,0.449,8.21,0,28,0,133.4,5.6,174.7,153.0,0.00,1,1.4,7.5
20.45,brake,360.59,-10.59,0.380,1,1188.0,487.5,0.0,0.0,-86.31,14.03,149,136,-1,-35.1,-36.6,-45.5,-42.8,0.10,-0.05,1.00,0.00,0.00,0.00,-33.37,82.78,100,-1,0,-25,-19.6,0.06,0.380,0.443,7.75,0,28,0,135.4,4.4,175.5,151.0,0.00,1,4.3,8.8
20.55,brake,361.63,-11.63,0.380,1,1179.5,488.9,0.0,0.0,-84.46,14.05,149,136,-1,-35.7,-35.8,-46.3,-42.4,0.11,-0.03,1.00,0.00,0.00,0.00,-32.55,81.16,100,-1,0,-22,-19.3,0.08,0.380,0.435,7.29,0,28,0,137.4,2.9,176.8,148.8,0.00,1,6.5,10.5
20.65,brake,361.95,-11.95,0.380,1,1179.5,488.9,0.0,0.0,-84.46,14.05,149,136,-1,-36.4,-35.0,-46.9,-42.0,0.09,-0.02,1.00,0.00,0.00,0.00,-31.79,79.50,100,-1,0,-20,-19.3,0.09,0.380,0.426,6.87,0,28,0,139.3,1.1,178.7,146.4,0.00,1,6.5,10.5
20.75,brake,362.58,-12.58,0.380,1,1171.2,490.3,0.0,0.0,-82.62,14.04,148,128,-1,-37.0,-34.1,-47.4,-41.8,0.07,-0.01,1.00,0.00,0.00,0.00,-31.87,77.50,100,-1,0,-17,-18.7,0.10,0.380,0.415,6.49,0,28,0,141.2,359.1,181.1,143.9,0.00,1,8.1,12.7
20.85,brake,363.18,-13.18,0.380,1,1155.2,493.1,0.0,0.0,-78.88,13.90,147,128,-1,-37.5,-33.3,-47.9,-41.7,0.05,-0.01,1.00,0.00,0.00,0.00,-31.81,75.55,100,-1,0,-15,-16.8,0.11,0.380,0.404,6.13,0,28,0,142.9,356.9,184.1,141.4,0.00,1,9.8,16.8
20.95,brake,363.74,-13.74,0.380,1,1155.2,493.1,0.0,0.0,-78.88,13.90,147,128,-1,-38.1,-32.5,-48.3,-41.9,0.02,-0.01,1.00,0.00,0.00,0.00,-31.57,73.61,100,-1,0,-12,-16.8,0.11,0.380,0.392,5.80,0,28,0,144.5,354.5,187.7,138.9,0.00,1,9.8,16.8
21.05,brake,364.27,-14.27,0.380,1,1147.4,494.4,0.0,0.0,-77.08,13.75,146,128,-1,-38.6,-31.6,-48.7,-42.2,-0.01,-0.01,1.00,0.00,0.00,0.00,-31.24,71.79,100,-1,0,-10,-15.7,0.12,0.380,0.385,5.46,0,28,0,146.1,352.0,191.8,136.5,0.00,1,10.6,18.5
21.15,brake,364.76,-14.76,0.380,1,1139.8,495.8,0.0,0.0,-75.32,13.56,146,122,-1,-39.1,-30.7,-49.0,-42.6,-0.03,-0.00,1.00,0.00,0.00,0.00,-31.40,69.79,100,-1,0,-8,-14.7,0.12,0.380,0.393,5.06,0,28,0,147.5,349.5,196.2,134.1,0.00,1,11.2,19.4
21.25,brake,365.21,-15.21,0.380,1,1132.4,497.1,0.0,0.0,-73.56,13.29,145,122,-1,-39.5,-29.9,-49.3,-43.1,-0.05,0.00,1.00,0.00,0.00,0.00,-31.36,67.86,100,-1,0,-5,-13.5,0.12,0.380,0.402,4.65,0,28,0,148.8,347.0,200.9,131.8,0.00,1,11.6,19.9
21.35,brake,365.62,-15.62,0.380,1,1118.1,499.7,0.0,0.0,-70.14,12.56,145,122,-1,-40.0,-29.1,-49.5,-43.7,-0.08,0.01,1.00,0.00,0.00,0.00,-31.20,66.06,100,-1,0,-3,-10.2,0.12,0.380,0.414,4.23,0,28,0,149.9,344.5,205.6,129.7,0.00,1,11.8,19.4
21.45,brake,366.00,-16.00,0.380,1,1118.1,499.7,0.0,0.0,-70.14,12.56,144,122,-1,-40.4,-28.3,-49.6,-44.3,-0.09,0.02,1.00,0.00,0.00,0.00,-30.86,64.22,100,-1,0,-1,-10.2,0.11,0.380,0.425,3.83,0,28,0,150.9,342.1,210.1,127.7,0.00,1,11.8,19.4
21.55,brake,366.49,-16.49,0.380,1,1111.3,500.9,0.0,0.0,-68.42,12.07,144,117,-1,-40.7,-27.5,-49.7,-44.9,-0.11,0.03,1.00,0.00,0.00,0.00,-30.79,62.29,100,-1,0,1,-8.3,0.10,0.380,0.436,3.46,0,28,0,151.8,339.9,214.3,125.9,0.00,1,11.8,18.0
21.65,brake,366.64,-16.64,0.380,1,1104.6,502.1,0.0,0.0,-66.67,11.51,143,117,-1,-41.1,-26.8,-49.5,-45.5,-0.12,0.05,1.00,0.00,0.00,0.00,-30.57,60.35,100,-1,0,2,-6.5,0.09,0.380,0.447,3.08,0,28,0,152.5,337.9,217.9,124.2,0.00,1,11.7,16.3
21.75,brake,366.90,-16.90,0.380,1,1098.0,503.2,0.0,0.0,-65.04,10.91,143,117,-1,-41.4,-26.2,-49.3,-45.9,-0.12,0.06,1.00,0.00,0.00,0.00,-30.35,58.55,100,-1,0,4,-4.9,0.08,0.380,0.455,2.68,0,28,0,153.1,336.2,221.0,122.8,0.00,1,11.3,14.0
21.85,brake,367.12,-17.12,0.380,1,1088.5,504.7,0.0,0.0,-62.62,9.94,143,117,-1,-41.6,-25.7,-48.9,-46.2,-0.12,0.08,1.00,0.00,0.00,0.00,-30.06,56.77,100,-1,0,5,-2.1,0.08,0.380,0.462,2.26,0,28,0,153.6,334.7,223.5,121.6,0.00,1,9.5,8.6
21.95,brake,367.31,-17.31,0.450,1,1088.5,504.7,0.0,0.0,-62.62,9.94,143,115,-1,-41.8,-25.3,-48.5,-46.4,-0.12,0.09,1.00,0.00,0.00,0.00,-30.13,55.79,100,-1,0,6,-2.1,0.07,0.450,0.536,2.05,0,28,0,154.0,333.6,225.4,120.6,0.00,1,9.5,8.6
22.05,brake,367.45,-17.45,0.550,1,1073.4,507.0,0.0,0.0,-58.84,8.15,142,115,-1,-42.1,-24.8,-48.1,-46.4,-0.13,0.10,1.00,0.00,0.00,0.00,-29.80,53.27,100,-1,0,7,0.5,0.06,0.550,0.641,1.42,0,28,0,154.2,332.8,226.8,119.8,0.00,1,5.9,3.4
22.15,brake,367.56,-17.56,0.550,1,1067.7,507.7,0.0,0.0,-57.08,7.21,142,115,-1,-41.8,-23.9,-47.6,-46.5,-0.13,0.10,1.00,0.00,0.00,0.00,-29.66,51.47,100,-1,0,7,2.3,0.04,0.550,0.643,1.08,0,28,0,154.3,332.3,227.5,119.4,0.00,1,3.0,-0.0
22.25,brake,367.66,-17.66,0.550,1,1067.7,507.7,0.0,0.0,-57.08,7.21,142,115,-1,-40.8,-22.3,-47.2,-46.4,-0.15,0.09,1.00,0.00,0.00,0.00,-29.49,49.41,100,-1,0,7,2.3,0.02,0.550,0.643,0.95,0,28,0,154.1,332.3,227.3,119.5,0.00,1,3.0,-0.0
22.35,brake,367.76,-17.76,0.550,1,1056.7,508.9,0.0,0.0,-53.39,5.12,142,115,-1,-39.6,-20.6,-46.9,-46.2,-0.15,0.07,1.00,0.00,0.00,0.00,-29.30,47.18,100,-1,0,7,5.0,-0.00,0.550,0.639,0.92,0,28,0,153.8,332.7,226.3,119.9,0.00,1,-3.4,-8.1
22.45,brake,367.85,-17.85,0.550,1,1051.5,509.3,0.0,0.0,-51.59,4.14,142,115,-1,-38.6,-19.2,-46.6,-45.7,-0.15,0.05,1.00,0.00,0.00,0.00,-29.16,45.02,100,-1,0,6,5.6,-0.02,0.550,0.632,0.87,0,28,0,153.3,333.7,224.5,120.7,0.00,1,-6.1,-12.5
22.55,brake,367.97,-17.97,0.550,1,1046.5,509.7,0.0,0.0,-49.79,3.21,141,115,-1,-37.5,-18.0,-46.3,-45.0,-0.14,0.04,1.00,0.00,0.00,0.00,-29.01,42.86,100,-1,0,5,5.8,-0.03,0.550,0.621,0.82,0,28,0,152.7,335.2,221.8,121.8,0.00,1,-8.5,-16.8
22.65,brake,368.01,-18.01,0.550,1,1046.5,509.7,0.0,0.0,-49.79,3.21,141,115,-1,-36.5,-16.8,-46.0,-44.0,-0.12,0.02,1.00,0.00,0.00,0.00,-28.86,40.70,100,-1,0,3,5.8,-0.05,0.550,0.607,0.78,0,28,0,152.2,337.3,218.4,123.1,0.00,1,-8.5,-16.8
22.75,brake,368.09,-18.09,0.550,1,1037.0,510.1,0.0,0.0,-46.05,1.52,141,117,-1,-35.4,-15.7,-45.9,-42.7,-0.09,0.00,1.00,0.00,0.00,0.00,-28.56,38.53,100,-1,0,2,5.0,-0.05,0.550,0.588,0.78,0,28,0,151.6,339.9,214.1,124.6,0.00,1,-12.3,-25.2
22.85,brake,368.17,-18.17,0.550,1,1032.5,510.2,0.0,0.0,-44.17,0.82,140,117,-1,-34.3,-14.7,-45.7,-41.0,-0.06,-0.03,1.00,0.00,0.00,0.00,-28.29,36.37,100,-1,0,0,3.9,-0.06,0.550,0.586,0.79,0,28,0,151.2,343.1,208.9,126.1,0.00,1,-13.6,-29.0
22.95,brake,368.24,-18.24,0.550,1,1032.5,510.2,0.0,0.0,-44.17,0.82,140,117,-1,-33.2,-13.7,-45.7,-38.9,-0.03,-0.06,1.00,0.00,0.00,0.00,-27.98,34.18,100,-1,0,-1,3.9,-0.05,0.550,0.585,0.81,0,28,0,150.9,346.7,203.0,127.6,0.00,1,-13.6,-29.0
23.05,brake,368.31,-18.31,0.550,1,1024.2,510.2,0.0,0.0,-40.34,-0.13,139,117,-1,-32.0,-12.9,-45.8,-36.5,0.01,-0.09,1.00,0.00,0.00,0.00,-27.61,32.01,100,-1,0,-2,1.0,-0.05,0.550,0.589,0.84,0,28,0,150.7,350.7,196.3,128.9,0.00,1,-13.7,-34.4
23.15,brake,368.39,-18.39,0.550,1,1020.3,510.2,0.0,0.0,-38.45,-0.37,138,118,-1,-30.7,-12.0,-45.9,-33.7,0.05,-0.12,1.00,0.00,0.00,0.00,-27.12,29.87,100,-1,0,-3,-0.6,-0.04,0.550,0.618,0.91,0,28,0,150.8,355.0,189.0,129.9,0.00,1,-12.5,-35.9
23.25,brake,368.47,-18.47,0.550,1,1016.6,510.2,0.0,0.0,-36.54,-0.43,137,118,-1,-29.4,-11.3,-46.0,-30.5,0.08,-0.15,1.00,0.00,0.00,0.00,-26.57,27.80,100,-1,0,-4,-2.1,-0.02,0.550,0.645,0.98,0,28,0,150.9,359.2,181.4,130.7,0.00,1,-10.2,-36.2
23.35,brake,368.55,-18.55,0.550,1,1016.6,510.2,0.0,0.0,-36.54,-0.43,136,118,-1,-27.9,-10.7,-46.0,-27.2,0.12,-0.17,1.00,0.00,0.00,0.00,-25.89,25.79,100,-1,0,-5,-2.1,-0.01,0.550,0.666,1.07,0,28,0,151.1,3.4,173.9,131.0,0.00,1,-10.2,-36.2
23.45,brake,368.65,-18.65,0.550,1,1009.7,510.1,0.0,0.0,-32.89,-0.03,134,118,-1,-26.4,-10.3,-45.8,-23.6,0.15,-0.18,1.00,0.00,0.00,0.00,-25.13,23.92,100,-1,0,-4,-3.6,0.01,0.550,0.681,1.17,0,28,0,151.3,7.2,167.1,131.0,0.00,1,-2.8,-33.4
23.55,brake,368.82,-18.82,0.550,1,1006.6,510.1,0.0,0.0,-31.11,0.41,132,118,-1,-24.8,-10.0,-45.4,-20.1,0.17,-0.17,1.00,0.00,0.00,0.00,-24.30,22.17,100,-1,0,-4,-3.9,0.01,0.550,0.687,1.27,0,28,0,151.5,10.5,161.2,130.6,0.00,1,2.0,-30.3
23.65,brake,368.89,-18.89,0.550,1,1006.6,510.1,0.0,0.0,-31.11,0.41,131,118,-1,-23.1,-9.9,-44.7,-16.7,0.19,-0.14,1.00,0.00,0.00,0.00,-23.32,20.60,100,-1,0,-3,-3.9,0.02,0.550,0.684,1.41,0,28,0,151.6,13.2,156.6,129.9,0.00,1,2.0,-30.3
23.75,brake,369.05,-19.05,0.550,1,1003.6,510.2,0.0,0.0,-29.38,0.98,129,118,-1,-21.3,-9.9,-43.5,-13.7,0.19,-0.11,1.00,0.00,0.00,0.00,-22.23,19.23,100,-1,0,-3,-4.0,0.03,0.550,0.670,1.60,0,28,0,151.5,15.2,153.4,129.1,0.00,1,7.3,-26.0
23.85,brake,369.24,-19.24,0.550,1,998.1,510.6,0.0,0.0,-26.24,2.34,127,118,-1,-19.5,-10.1,-42.0,-11.2,0.19,-0.06,1.00,0.00,0.00,0.00,-21.09,18.11,100,-1,0,-2,-3.3,0.03,0.550,0.650,1.82,0,28,0,151.4,16.4,151.7,128.3,0.00,1,16.6,-14.9
23.95,brake,369.48,-19.48,0.550,1,998.1,510.6,0.0,0.0,-26.24,2.34,126,118,-1,-17.7,-10.3,-40.2,-9.3,0.16,-0.02,1.00,0.00,0.00,0.00,-19.92,17.23,100,-1,0,-1,-3.3,0.03,0.550,0.623,2.07,0,28,0,151.1,16.8,151.3,127.4,0.00,1,16.6,-14.9
24.05,brake,369.75,-19.75,0.550,1,995.6,510.9,0.0,0.0,-24.83,3.04,124,118,-1,-16.1,-10.6,-38.0,-8.1,0.13,0.03,0.95,0.00,0.00,0.00,-18.76,16.55,100,-1,0,-0,-2.7,0.03,0.550,0.612,2.35,0,28,0,150.8,16.4,152.2,126.7,0.00,1,20.2,-9.0
24.15,brake,370.07,-20.07,0.450,1,990.9,511.6,0.0,0.0,-22.26,4.38,123,118,-1,-14.6,-10.9,-35.8,-7.5,0.09,0.06,0.87,0.00,0.00,0.00,-17.60,16.03,100,-1,0,0,-2.1,0.03,0.450,0.508,2.72,0,28,0,150.5,15.4,154.1,126.0,0.00,1,23.4,2.4
24.25,brake,370.44,-20.44,0.350,1,990.9,511.6,0.0,0.0,-22.26,4.38,122,118,-1,-13.1,-11.3,-33.5,-7.6,0.03,0.07,0.80,0.00,0.00,0.00,-16.44,15.63,100,-1,0,1,-2.1,0.03,0.350,0.393,3.19,0,28,0,150.3,13.7,156.8,125.4,0.00,1,23.4,2.4
24.35,brake,370.84,-20.84,0.250,1,986.7,512.6,0.0,0.0,-20.37,5.14,122,119,-1,-12.0,-11.4,-31.3,-8.0,-0.01,0.07,0.73,0.00,0.00,0.00,-15.44,15.32,100,-1,0,2,-2.0,0.04,0.250,0.284,3.51,0,28,0,150.2,11.8,160.0,124.8,0.00,1,21.8,9.0
24.45,brake,371.23,-21.23,0.250,1,984.8,513.2,0.0,0.0,-19.71,5.30,121,119,-1,-11.1,-11.5,-29.2,-8.6,-0.05,0.07,0.67,0.00,0.00,0.00,-14.69,15.02,100,-1,0,2,-2.1,0.04,0.250,0.297,3.56,0,28,0,150.1,9.6,163.6,124.2,0.00,1,20.6,10.2
24.55,brake,371.76,-21.76,0.250,1,982.8,513.7,0.0,0.0,-19.16,5.36,121,119,-1,-10.6,-11.4,-27.3,-9.4,-0.07,0.07,0.61,0.00,0.00,0.00,-14.11,14.74,100,-1,0,3,-2.2,0.04,0.250,0.304,3.36,0,28,0,150.2,7.4,167.2,123.6,0.00,1,19.3,10.4
24.65,brake,371.92,-21.92,0.250,1,981.0,514.2,0.0,0.0,-18.65,5.38,121,119,-1,-10.2,-11.3,-25.5,-10.1,-0.08,0.06,0.57,0.00,0.00,0.00,-13.65,14.48,100,-1,0,3,-2.3,0.05,0.250,0.309,3.00,0,28,0,150.3,5.3,170.8,123.0,0.00,1,18.0,9.8
24.75,brake,372.20,-22.20,0.250,1,981.0,514.2,0.0,0.0,-18.65,5.38,121,119,-1,-9.8,-11.1,-23.8,-10.8,-0.09,0.06,0.52,0.00,0.00,0.00,-13.23,14.21,100,-1,0,4,-2.3,0.06,0.250,0.308,2.61,0,28,0,150.5,3.3,174.1,122.4,0.00,1,18.0,9.8
24.85,brake,372.43,-22.43,0.250,1,979.1,514.8,0.0,0.0,-18.17,5.36,121,119,-1,-9.5,-10.9,-22.3,-11.4,-0.09,0.05,0.49,0.00,0.00,0.00,-12.85,13.93,100,-1,0,5,-2.4,0.06,0.250,0.304,2.19,0,28,0,150.7,1.6,177.2,121.8,0.00,1,16.5,8.7
24.95,brake,372.62,-22.62,0.250,1,975.6,515.8,0.0,0.0,-17.23,5.23,121,119,-1,-9.2,-10.7,-20.9,-11.9,-0.08,0.04,0.45,0.00,0.00,0.00,-12.46,13.64,100,-1,0,5,-2.1,0.06,0.250,0.298,1.78,0,28,0,150.9,0.1,179.8,121.3,0.00,1,13.4,5.7
25.05,brake,372.77,-22.77,0.250,1,975.6,515.8,0.0,0.0,-17.23,5.23,121,119,-1,-9.0,-10.4,-19.7,-12.3,-0.07,0.03,0.43,0.00,0.00,0.00,-12.11,13.32,100,-1,0,6,-2.1,0.06,0.250,0.291,1.37,0,28,0,151.1,358.8,182.1,120.8,0.00,1,13.4,5.7
25.15,brake,372.88,-22.88,0.250,1,973.9,516.3,0.0,0.0,-16.74,5.12,121,118,-1,-8.7,-10.1,-18.6,-12.5,-0.06,0.03,0.40,0.00,0.00,0.00,-11.77,12.96,100,-1,0,6,-1.6,0.06,0.250,0.287,1.03,0,28,0,151.3,357.8,184.0,120.4,0.00,1,12.4,4.1
25.25,brake,372.96,-22.96,0.250,1,970.7,517.3,0.0,0.0,-15.80,4.88,121,118,-1,-8.5,-9.9,-17.4,-12.6,-0.05,0.03,0.37,0.00,0.00,0.00,-11.43,12.60,100,-1,0,6,-0.5,0.06,0.250,0.282,0.75,0,28,0,151.4,357.0,185.5,120.0,0.00,1,11.0,0.9
25.35,brake,373.00,-23.00,0.250,1,969.1,517.8,0.0,0.0,-15.38,4.75,121,118,-1,-8.2,-9.6,-16.4,-12.6,-0.04,0.03,0.34,0.00,0.00,0.00,-11.12,12.24,100,-1,0,7,0.1,0.05,0.250,0.278,0.45,0,28,0,151.5,356.3,186.7,119.7,0.00,1,10.1,-0.2
25.45,brake,373.02,-23.02,0.250,1,969.1,517.8,0.0,0.0,-15.38,4.75,120,118,-1,-8.0,-9.3,-15.4,-12.5,-0.03,0.03,0.31,0.00,0.00,0.00,-10.84,11.90,100,-1,0,7,0.1,0.05,0.250,0.273,0.13,0,28,0,151.5,355.8,187.6,119.5,0.00,1,10.1,-0.2
25.55,brake,372.97,-22.97,0.250,1,966.2,518.7,0.0,0.0,-14.57,4.50,120,118,-1,-7.8,-9.1,-14.4,-12.3,-0.02,0.03,0.29,0.00,0.00,0.00,-10.56,11.57,100,-1,0,7,1.5,0.04,0.250,0.269,-0.18,0,28,0,151.5,355.5,188.3,119.4,0.00,1,8.4,-2.0
25.65,brake,372.94,-22.94,0.250,1,964.7,519.2,0.0,0.0,-14.19,4.37,120,118,-1,-7.5,-8.9,-13.6,-12.1,-0.01,0.02,0.26,0.00,0.00,0.00,-10.31,11.23,100,-1,0,7,2.3,0.03,0.250,0.264,-0.49,0,28,0,151.4,355.3,188.6,119.4,0.00,1,7.5,-2.8
25.75,brake,372.86,-22.86,0.250,1,964.7,519.2,0.0,0.0,-14.19,4.37,120,118,-1,-7.3,-8.7,-12.8,-11.8,-0.00,0.02,0.24,0.00,0.00,0.00,-10.08,10.91,100,-1,0,7,2.3,0.02,0.250,0.260,-0.79,0,28,0,151.2,355.2,188.8,119.5,0.00,1,7.5,-2.8
25.85,brake,372.74,-22.74,0.250,1,963.4,519.6,0.0,0.0,-13.84,4.26,120,118,-1,-7.1,-8.5,-12.0,-11.5,0.00,0.02,0.22,0.00,0.00,0.00,-9.85,10.62,100,-1,0,7,3.1,0.01,0.250,0.258,-1.11,0,28,0,150.9,355.1,188.8,119.7,0.00,1,6.9,-3.3
25.95,brake,372.59,-22.59,0.250,1,960.7,520.4,0.0,0.0,-13.18,4.04,120,118,-1,-6.9,-8.3,-11.3,-11.3,0.00,0.02,0.19,0.00,0.00,0.00,-9.63,10.34,100,-1,0,7,3.9,0.00,0.250,0.259,-1.46,0,28,0,150.6,355.1,188.7,119.9,0.00,1,6.2,-3.5
26.05,brake,372.40,-22.40,0.250,1,960.7,520.4,0.0,0.0,-13.18,4.04,120,118,-1,-6.6,-8.1,-10.6,-11.0,0.00,0.02,0.17,0.00,0.00,0.00,-9.39,10.10,100,-1,0,6,3.9,-0.00,0.250,0.261,-1.80,0,28,0,150.2,355.1,188.6,120.2,0.00,1,6.2,-3.5
26.15,brake,372.18,-22.18,0.250,1,958.1,521.2,0.0,0.0,-12.59,3.85,120,118,-1,-6.4,-8.0,-9.9,-10.7,0.00,0.03,0.15,0.00,0.00,0.00,-9.18,9.85,100,-1,0,6,4.3,-0.01,0.250,0.262,-2.14,0,28,0,149.9,355.0,188.5,120.5,0.00,1,5.8,-3.5
26.25,brake,371.92,-21.92,0.250,1,958.1,521.2,0.0,0.0,-12.59,3.85,120,118,-1,-6.2,-7.8,-9.3,-10.4,0.01,0.03,0.13,0.00,0.00,0.00,-8.98,9.62,100,-1,0,6,4.3,-0.01,0.250,0.263,-2.47,0,28,0,149.5,355.0,188.4,120.8,0.00,1,5.8,-3.5
26.35,brake,371.63,-21.63,0.250,1,955.7,522.0,0.0,0.0,-12.02,3.65,120,120,-1,-6.1,-7.7,-8.6,-10.1,0.01,0.03,0.10,0.00,0.00,0.00,-8.76,9.41,100,-1,0,5,4.4,-0.02,0.250,0.265,-2.80,0,28,0,149.1,355.0,188.3,121.2,0.00,1,5.5,-3.4
26.45,brake,371.31,-21.31,0.250,1,954.5,522.3,0.0,0.0,-11.76,3.56,120,120,-1,-5.9,-7.5,-8.0,-9.8,0.01,0.03,0.08,0.00,0.00,0.00,-8.54,9.21,100,-1,0,5,4.4,-0.02,0.250,0.266,-3.12,0,28,0,148.7,355.0,188.2,121.5,0.00,1,5.3,-3.3
26.55,brake,370.77,-20.77,0.250,1,953.3,522.7,0.0,0.0,-11.51,3.47,120,120,-1,-5.7,-7.4,-7.4,-9.5,0.01,0.03,0.06,0.00,0.00,0.00,-8.34,9.02,100,-1,0,5,4.3,-0.02,0.250,0.267,-3.44,0,28,0,148.3,355.0,188.1,121.9,0.00,1,5.1,-3.3
26.65,brake,370.58,-20.58,0.250,1,953.3,522.7,0.0,0.0,-11.51,3.47,120,120,-1,-5.5,-7.3,-6.8,-9.2,0.01,0.03,0.05,0.00,0.00,0.00,-8.17,8.83,100,-1,0,4,4.3,-0.02,0.250,0.268,-3.75,0,28,0,147.9,355.0,188.0,122.2,0.00,1,5.1,-3.3
26.75,brake,370.17,-20.17,0.250,1,952.2,523.0,0.0,0.0,-11.27,3.36,121,121,-1,-5.4,-7.1,-6.3,-9.0,0.01,0.03,0.03,0.00,0.00,0.00,-7.97,8.65,100,-1,0,4,4.0,-0.02,0.250,0.264,-4.02,0,28,0,147.6,355.0,187.9,122.5,0.00,1,4.6,-3.0
26.85,brake,369.73,-19.73,0.250,1,951.1,523.3,0.0,0.0,-11.03,3.27,121,121,-1,-5.2,-7.0,-5.9,-8.8,0.00,0.02,0.02,0.00,0.00,0.00,-7.78,8.48,100,-1,0,4,3.7,-0.02,0.250,0.258,-4.26,0,28,0,147.3,355.0,187.8,122.8,0.00,1,3.9,-2.5
26.95,brake,369.27,-19.27,0.250,1,950.0,523.6,0.0,0.0,-10.81,3.19,121,121,-1,-5.1,-6.8,-5.5,-8.6,0.00,0.01,0.00,0.00,0.00,0.00,-7.61,8.32,100,-1,0,3,3.3,-0.02,0.250,0.255,-4.53,0,28,0,147.0,355.0,187.7,123.1,0.00,1,3.3,-2.2
27.05,brake,368.78,-18.78,0.250,1,948.9,524.0,0.0,0.0,-10.59,3.10,121,121,-1,-5.0,-6.7,-5.1,-8.4,0.00,0.01,0.00,0.00,0.00,0.00,-7.44,8.15,100,-1,0,3,3.0,-0.01,0.250,0.254,-4.83,0,28,0,146.7,355.0,187.6,123.4,0.00,1,3.0,-2.2
27.15,brake,368.26,-18.26,0.250,1,946.9,524.6,0.0,0.0,-10.17,2.92,122,123,-1,-4.9,-6.6,-4.8,-8.2,0.00,0.01,0.00,0.00,0.00,0.00,-7.28,8.01,100,-1,0,3,2.7,-0.01,0.250,0.254,-5.12,0,28,0,146.4,355.0,187.5,123.6,0.00,1,2.7,-2.2
27.25,brake,367.71,-17.71,0.250,1,946.9,524.6,0.0,0.0,-10.17,2.92,122,123,-1,-4.8,-6.4,-4.5,-8.0,0.00,0.01,0.00,0.00,0.00,0.00,-7.10,7.85,100,-1,0,3,2.7,-0.01,0.250,0.253,-5.41,0,28,0,146.2,355.0,187.4,123.8,0.00,1,2.7,-2.2
27.35,brake,367.13,-17.13,0.250,1,944.9,525.1,0.0,0.0,-9.80,2.75,122,123,-1,-4.7,-6.3,-4.3,-7.8,0.00,0.01,0.00,0.00,0.00,0.00,-6.96,7.69,100,-1,0,2,2.5,-0.01,0.250,0.253,-5.70,0,28,0,146.0,355.1,187.3,124.0,0.00,1,2.4,-2.1
27.45,brake,366.52,-16.52,0.250,1,943.9,525.4,0.0,0.0,-9.60,2.68,122,123,-1,-4.6,-6.2,-4.0,-7.6,0.00,0.01,0.00,0.00,0.00,0.00,-6.83,7.54,100,-1,0,2,2.5,-0.01,0.250,0.253,-5.98,0,28,0,145.8,355.1,187.2,124.2,0.00,1,2.3,-2.1
27.55,brake,365.89,-15.89,0.275,1,943.9,525.4,0.0,0.0,-9.60,2.68,122,123,-1,-4.5,-6.0,-3.7,-7.4,0.00,0.01,0.00,0.00,0.00,0.00,-6.67,7.41,100,-1,0,2,2.5,-0.02,0.275,0.279,-6.26,0,28,0,145.5,355.1,187.0,124.5,0.00,1,2.3,-2.1
27.65,brake,365.22,-15.22,0.303,1,942.0,525.9,0.0,0.0,-9.23,2.50,123,123,-1,-4.4,-5.9,-3.5,-7.2,0.00,0.01,0.00,0.00,0.00,0.00,-6.54,7.27,100,-1,0,2,2.4,-0.02,0.303,0.307,-6.54,0,28,0,145.3,355.2,186.9,124.7,0.00,1,2.1,-2.0
27.75,brake,364.55,-14.55,0.326,1,941.1,526.1,0.0,0.0,-9.03,2.42,123,123,-1,-4.4,-5.8,-3.3,-7.0,0.00,0.01,0.00,0.00,0.00,0.00,-6.39,7.11,100,-1,0,2,2.3,-0.02,0.326,0.330,-6.69,0,28,0,145.1,355.2,186.8,124.9,0.00,1,1.9,-1.9
27.85,brake,363.88,-13.88,0.343,1,940.2,526.4,0.0,0.0,-8.83,2.33,123,123,-1,-4.3,-5.6,-3.0,-6.8,0.00,0.01,0.00,0.00,0.00,0.00,-6.26,6.95,100,-1,0,1,2.3,-0.02,0.343,0.347,-6.71,0,28,0,144.9,355.3,186.7,125.1,0.00,1,1.8,-1.8
27.95,brake,363.20,-13.20,0.361,1,940.2,526.4,0.0,0.0,-8.83,2.33,123,124,-1,-4.2,-5.5,-2.8,-6.7,0.00,0.01,0.00,0.00,0.00,0.00,-6.11,6.79,100,-1,0,1,2.3,-0.02,0.361,0.364,-6.73,0,28,0,144.7,355.3,186.6,125.3,0.00,1,1.8,-1.8
28.05,brake,362.55,-12.55,0.373,1,938.5,526.8,0.0,0.0,-8.42,2.11,123,124,-1,-4.1,-5.3,-2.6,-6.5,-0.00,0.01,0.00,0.00,0.00,0.00,-5.98,6.61,100,-1,0,1,2.2,-0.02,0.373,0.376,-6.62,0,28,0,144.5,355.4,186.5,125.5,0.00,1,1.6,-1.7
28.15,brake,361.91,-11.91,0.378,1,937.7,527.0,0.0,0.0,-8.22,2.02,124,124,-1,-4.1,-5.1,-2.4,-6.3,-0.00,0.01,0.00,0.00,0.00,0.00,-5.84,6.42,100,-1,0,1,2.3,-0.02,0.378,0.381,-6.38,0,28,0,144.2,355.4,186.4,125.7,0.00,1,1.6,-1.8
28.25,brake,361.30,-11.30,0.382,1,937.7,527.0,0.0,0.0,-8.22,2.02,124,124,-1,-4.0,-5.0,-2.3,-6.2,-0.00,0.01,0.00,0.00,0.00,0.00,-5.70,6.25,100,-1,0,1,2.3,-0.02,0.382,0.385,-6.14,0,28,0,144.0,355.5,186.2,125.9,0.00,1,1.6,-1.8
28.35,brake,360.71,-10.71,0.386,1,936.9,527.2,0.0,0.0,-8.02,1.91,124,125,-1,-3.9,-4.8,-2.1,-6.0,-0.00,0.01,0.00,0.00,0.00,0.00,-5.58,6.07,100,-1,0,0,2.3,-0.03,0.386,0.389,-5.91,0,28,0,143.8,355.5,186.1,126.1,0.00,1,1.5,-1.8
28.45,brake,360.15,-10.15,0.390,1,935.3,527.6,0.0,0.0,-7.65,1.71,124,125,-1,-3.9,-4.6,-1.9,-5.8,-0.00,0.01,0.00,0.00,0.00,0.00,-5.44,5.91,100,-1,0,0,2.2,-0.03,0.390,0.393,-5.68,0,28,0,143.6,355.6,186.0,126.3,0.00,1,1.3,-1.6
28.55,land,359.35,0.00,0.587,1,934.6,527.7,23.2,-22.1,-7.47,1.63,124,125,-1,-9.9,-10.6,-1.8,-5.7,0.06,0.06,0.00,0.00,0.00,0.00,-5.34,5.74,100,-1,0,0,2.2,-0.03,0.587,0.636,-5.45,0,28,0,143.4,355.6,185.9,126.5,0.00,0,1.2,-1.6
28.65,land,359.09,0.26,0.590,1,934.6,527.7,23.9,-22.2,-7.47,1.63,125,125,-1,-15.9,-16.6,-1.6,-5.5,0.12,0.12,0.00,0.00,0.00,0.00,-5.23,5.58,100,-1,0,-0,2.2,-0.03,0.590,0.685,-5.22,0,28,0,143.4,355.6,185.9,126.5,0.00,0,1.2,-1.6
28.75,land,358.66,0.69,0.567,1,933.9,527.9,24.6,-22.4,-7.27,1.52,125,126,-1,-20.1,-20.3,-1.6,-5.4,0.14,0.15,0.00,0.00,0.00,0.00,-5.10,5.40,100,-1,0,-0,2.2,-0.03,0.567,0.682,-4.58,0,28,0,143.0,355.7,185.6,127.0,0.00,0,0.7,-1.2
28.85,land,358.33,1.01,0.521,1,932.4,528.2,25.4,-22.5,-6.99,1.25,125,126,-1,-20.2,-20.3,-1.8,-5.6,0.11,0.11,0.00,0.00,0.00,0.00,-5.02,5.21,100,-1,0,-1,2.2,-0.03,0.521,0.610,-3.52,0,28,0,143.0,355.7,185.6,127.0,0.00,0,-4.5,3.8
28.95,land,358.11,1.23,0.476,1,932.4,528.2,26.1,-22.7,-6.99,1.25,125,126,-1,-20.2,-20.4,-2.3,-6.1,0.05,0.06,0.00,0.00,0.00,0.00,-4.99,5.05,100,-1,0,-1,2.2,-0.03,0.476,0.521,-2.50,0,28,0,143.0,355.7,185.6,127.0,0.00,0,-4.5,3.8
29.05,land,357.98,1.36,0.435,1,931.7,528.3,26.8,-22.8,-6.90,1.14,125,126,-1,-20.2,-20.5,-3.2,-6.9,-0.00,-0.00,0.00,0.00,0.00,0.00,-4.96,4.93,100,-1,0,-1,2.1,-0.03,0.435,0.436,-1.63,0,28,0,143.0,355.7,185.6,127.0,0.00,0,-8.1,7.2
29.15,land,357.92,1.43,0.401,1,931.1,528.4,27.4,-22.9,-6.77,1.03,126,127,-1,-20.3,-20.6,-4.3,-7.9,-0.05,-0.05,0.00,0.00,0.00,0.00,-4.89,4.79,100,-1,0,-1,2.0,-0.03,0.401,0.439,-0.91,0,28,0,141.9,355.4,185.9,128.1,0.00,0,-11.0,9.9
29.25,land,357.90,1.44,0.375,1,930.4,528.5,28.1,-23.0,-6.59,0.94,126,127,-1,-20.3,-20.7,-5.6,-9.1,-0.08,-0.08,0.02,0.00,0.00,0.00,-4.77,4.64,100,-1,0,-2,2.0,-0.04,0.375,0.437,-0.37,0,28,0,141.9,355.4,185.9,128.1,0.00,0,-12.9,11.5
29.35,land,357.93,1.42,0.355,1,929.2,528.7,28.7,-23.1,-6.02,0.75,126,127,-1,-20.3,-20.7,-6.9,-10.4,-0.09,-0.09,0.08,0.00,0.00,0.00,-4.60,4.42,100,-1,0,-2,2.2,-0.04,0.355,0.425,0.03,0,28,0,141.9,355.4,185.9,128.1,0.00,0,-12.9,11.2
29.45,land,357.97,1.38,0.342,1,929.2,528.7,29.3,-23.2,-6.02,0.75,127,127,-1,-20.4,-20.8,-8.2,-11.5,-0.08,-0.08,0.13,0.00,0.00,0.00,-4.38,4.20,100,-1,0,-2,2.2,-0.04,0.342,0.408,0.28,0,28,0,141.9,355.4,185.9,128.1,0.00,0,-12.9,11.2
29.55,land,358.05,1.30,0.334,1,928.0,528.8,29.9,-23.2,-5.23,0.55,127,128,-1,-20.4,-20.9,-9.3,-12.6,-0.07,-0.07,0.18,0.00,0.00,0.00,-4.12,3.92,100,-1,0,-3,2.1,-0.05,0.334,0.389,0.42,0,28,0,140.6,355.0,186.1,129.9,0.00,0,-10.2,8.5
29.65,land,358.08,1.27,0.326,1,927.6,528.8,30.5,-23.3,-4.81,0.46,128,128,-1,-20.5,-21.0,-10.3,-13.4,-0.05,-0.05,0.22,0.00,0.00,0.00,-3.81,3.63,100,-1,0,-3,2.0,-0.05,0.326,0.368,0.55,0,28,0,140.6,355.0,186.1,129.9,0.00,0,-8.6,7.3
29.75,land,358.14,1.20,0.322,1,927.6,528.8,30.9,-23.3,-4.81,0.46,128,128,-1,-20.3,-21.1,-11.1,-14.2,-0.04,-0.04,0.26,0.00,0.00,0.00,-3.51,3.33,100,-1,0,-4,2.0,-0.05,0.322,0.354,0.60,0,28,0,140.6,355.0,186.1,129.9,0.00,0,-8.6,7.3
29.85,land,358.20,1.15,0.324,1,927.1,528.9,31.4,-23.4,-4.37,0.37,128,128,-1,-19.4,-21.1,-11.8,-14.9,-0.03,-0.03,0.29,0.00,0.00,0.00,-3.19,3.01,100,-1,0,-4,1.9,-0.05,0.324,0.348,0.55,0,28,0,140.6,355.0,186.1,129.9,0.00,0,-7.2,6.3
29.95,land,358.25,1.10,0.327,1,926.7,528.9,31.8,-23.4,-3.96,0.29,129,129,-1,-18.4,-21.2,-12.3,-15.4,-0.01,-0.03,0.31,0.00,0.00,0.00,-2.90,2.71,100,-1,0,-4,1.8,-0.05,0.327,0.345,0.47,0,28,0,139.6,354.9,186.0,131.4,0.00,0,-6.1,5.1
30.05,land,358.28,1.06,0.330,1,926.0,528.9,32.2,-23.4,-3.10,0.13,129,129,-1,-17.4,-21.3,-12.8,-15.9,0.00,-0.03,0.33,0.00,0.00,0.00,-2.60,2.41,100,-1,0,-5,0.6,-0.05,0.330,0.344,0.39,0,28,0,139.6,354.9,186.0,131.4,0.00,0,-4.0,3.3
30.15,land,358.32,1.03,0.333,1,926.0,528.9,32.5,-23.4,-3.10,0.13,130,129,-1,-16.5,-21.3,-13.2,-16.2,0.01,-0.03,0.35,0.00,0.00,0.00,-2.30,2.08,100,-1,0,-5,0.6,-0.04,0.333,0.349,0.33,0,28,0,139.6,354.9,186.0,131.4,0.00,0,-4.0,3.3
30.25,land,358.35,1.00,0.333,1,925.7,528.9,32.8,-23.4,-2.64,0.07,130,129,-1,-15.5,-21.4,-13.4,-16.5,0.02,-0.03,0.36,0.00,0.00,0.00,-1.97,1.75,100,-1,0,-6,-0.1,-0.04,0.333,0.352,0.30,0,28,0,139.6,354.9,186.0,131.4,0.00,0,-2.7,2.9
30.35,land,358.37,0.97,0.334,1,925.5,528.9,33.0,-23.4,-2.20,-0.02,130,130,-1,-14.5,-21.5,-13.6,-16.7,0.02,-0.02,0.37,0.00,0.00,0.00,-1.69,1.41,100,-1,0,-6,-0.8,-0.03,0.334,0.354,0.27,0,28,0,139.4,354.6,186.3,131.7,0.00,0,-1.4,2.6
30.45,land,358.40,0.95,0.335,1,925.2,528.9,33.2,-23.4,-1.30,-0.15,131,130,-1,-13.5,-21.5,-13.6,-16.9,0.03,-0.02,0.38,0.00,0.00,0.00,-1.37,1.07,100,-1,0,-6,-2.1,-0.03,0.335,0.355,0.24,0,28,0,139.4,354.6,186.3,131.7,0.00,0,0.9,2.6
30.55,land,358.44,0.91,0.334,1,925.1,528.9,33.3,-23.4,-0.83,-0.22,131,130,-1,-12.6,-21.6,-13.6,-17.2,0.03,-0.02,0.38,0.00,0.00,0.00,-1.08,0.73,100,-1,0,-7,-3.0,-0.02,0.334,0.354,0.25,0,28,0,139.4,354.6,186.3,131.7,0.00,0,1.5,3.4
30.65,land,358.45,0.89,0.334,1,925.1,528.9,33.4,-23.4,-0.83,-0.22,131,130,-1,-11.6,-21.7,-13.6,-17.4,0.02,-0.03,0.39,0.00,0.00,0.00,-0.77,0.38,100,-1,0,-7,-3.0,-0.01,0.334,0.353,0.25,0,28,0,139.4,354.6,186.3,131.7,0.00,0,1.5,3.4
30.75,land,358.48,0.87,0.335,1,925.0,528.9,33.5,-23.4,-0.42,-0.31,131,129,-1,-10.9,-21.7,-13.6,-17.8,0.00,-0.04,0.40,0.00,0.00,0.00,-0.52,0.04,100,-1,0,-7,-3.7,-0.00,0.335,0.352,0.23,0,28,0,140.5,353.0,188.4,130.5,0.00,0,1.7,4.4
30.85,land,358.50,0.85,0.335,1,925.0,528.8,33.5,-23.3,0.00,-0.40,131,129,-1,-10.1,-21.8,-13.5,-18.2,-0.00,-0.04,0.40,0.00,0.00,0.00,-0.26,-0.30,100,-1,0,-7,-4.3,0.00,0.335,0.353,0.20,0,28,0,140.5,353.0,188.4,130.5,0.00,0,2.2,5.0
30.95,land,358.52,0.83,0.337,1,925.1,528.7,33.4,-23.3,0.86,-0.59,131,129,-1,-9.3,-21.8,-13.3,-18.6,-0.01,-0.04,0.41,0.00,0.00,0.00,-0.01,-0.64,100,-1,0,-7,-5.3,0.01,0.337,0.353,0.17,0,28,0,140.5,353.0,188.4,130.5,0.00,0,4.5,5.2
31.05,land,358.54,0.81,0.338,1,925.1,528.7,33.4,-23.2,0.86,-0.59,131,129,-1,-8.5,-21.9,-13.0,-19.0,-0.01,-0.03,0.42,0.00,0.00,0.00,0.25,-1.01,100,-1,0,-7,-5.3,0.01,0.338,0.352,0.14,0,28,0,140.5,353.0,188.4,130.5,0.00,0,4.5,5.2
31.15,land,358.55,0.79,0.340,1,925.2,528.7,33.3,-23.2,1.30,-0.70,131,126,-1,-7.9,-21.9,-12.7,-19.3,-0.01,-0.01,0.42,0.00,0.00,0.00,0.51,-1.38,100,-1,0,-7,-5.4,0.02,0.340,0.349,0.10,0,28,0,142.5,349.9,193.1,128.0,0.00,0,5.8,5.1
31.25,land,358.56,0.78,0.341,1,925.4,528.6,33.1,-23.1,1.71,-0.83,131,126,-1,-7.3,-22.0,-12.1,-19.7,-0.01,-0.00,0.42,0.00,0.00,0.00,0.74,-1.76,100,-1,0,-7,-5.3,0.02,0.341,0.346,0.07,0,28,0,142.5,349.9,193.1,128.0,0.00,0,7.0,5.1
31.35,land,358.58,0.77,0.341,1,925.6,528.5,32.9,-23.0,2.13,-1.01,131,126,-1,-6.7,-22.0,-11.6,-20.0,-0.01,0.01,0.42,0.00,0.00,0.00,0.95,-2.16,100,-1,0,-7,-5.3,0.02,0.341,0.347,0.06,0,28,0,142.5,349.9,193.1,128.0,0.00,0,7.8,4.9
31.45,land,358.60,0.75,0.338,1,926.1,528.2,32.6,-22.9,2.97,-1.41,131,126,-1,-6.2,-22.1,-11.0,-20.3,-0.01,0.01,0.42,0.00,0.00,0.00,1.15,-2.56,100,-1,0,-6,-5.3,0.02,0.338,0.345,0.12,0,28,0,142.5,349.9,193.1,128.0,0.00,0,8.1,4.6
31.55,land,358.64,0.71,0.334,1,926.5,528.1,32.4,-22.7,3.36,-1.65,130,124,-1,-5.8,-22.1,-10.4,-20.6,-0.01,0.01,0.42,0.00,0.00,0.00,1.35,-2.99,100,-1,0,-6,-5.3,0.02,0.334,0.342,0.20,0,28,0,144.9,346.1,199.4,124.9,0.00,0,7.8,4.3
31.65,land,358.66,0.69,0.330,1,926.5,528.1,32.0,-22.6,3.36,-1.65,130,124,-1,-5.5,-22.2,-9.8,-20.9,-0.01,0.00,0.43,0.00,0.00,0.00,1.51,-3.42,100,-1,0,-6,-5.3,0.02,0.330,0.337,0.26,0,28,0,144.9,346.1,199.4,124.9,0.00,0,7.8,4.3
31.75,land,358.68,0.66,0.330,1,927.2,527.7,31.7,-22.4,4.06,-2.11,130,124,-1,-5.1,-22.2,-9.3,-21.1,-0.00,0.00,0.43,0.00,0.00,0.00,1.68,-3.82,100,-1,0,-5,-5.2,0.03,0.330,0.333,0.26,0,28,0,144.9,346.1,199.4,124.9,0.00,0,7.4,2.8
31.85,land,358.71,0.64,0.331,1,927.2,527.7,31.3,-22.2,4.06,-2.11,129,124,-1,-4.9,-22.2,-8.8,-21.3,0.01,0.00,0.42,0.00,0.00,0.00,1.80,-4.21,100,-1,0,-5,-5.2,0.03,0.331,0.335,0.22,0,28,0,144.9,346.1,199.4,124.9,0.00,0,7.4,2.8
31.95,land,358.72,0.63,0.336,1,928.1,527.2,30.8,-22.0,4.64,-2.57,129,122,-1,-4.8,-22.3,-8.3,-21.4,0.01,0.01,0.42,0.00,0.00,0.00,1.94,-4.56,100,-1,0,-4,-5.2,0.03,0.336,0.341,0.13,0,28,0,147.4,343.3,205.0,121.8,0.00,0,7.0,2.5
32.05,land,358.72,0.62,0.342,1,928.1,527.2,30.4,-21.7,4.64,-2.57,128,122,-1,-4.7,-22.2,-7.8,-21.6,-0.00,0.00,0.42,0.00,0.00,0.00,2.04,-4.89,100,-1,0,-4,-5.2,0.03,0.342,0.343,0.01,0,28,0,147.4,343.3,205.0,121.8,0.00,0,7.0,2.5
32.15,land,358.72,0.62,0.343,1,928.6,526.9,29.9,-21.4,4.94,-2.83,128,122,-1,-4.6,-21.0,-7.4,-21.8,-0.02,-0.00,0.43,0.00,0.00,0.00,2.16,-5.27,100,-1,0,-3,-5.1,0.04,0.343,0.353,-0.02,0,28,0,147.4,343.3,205.0,121.8,0.00,0,6.4,2.8
32.25,land,358.73,0.62,0.340,1,929.7,526.3,29.4,-21.1,5.56,-3.45,127,122,-1,-4.5,-19.8,-7.0,-22.0,-0.04,-0.00,0.43,0.00,0.00,0.00,2.25,-5.69,100,-1,0,-3,-5.1,0.04,0.340,0.359,0.04,0,28,0,147.4,343.3,205.0,121.8,0.00,0,6.2,2.7
32.35,land,358.74,0.60,0.337,1,929.7,526.3,28.8,-20.8,5.56,-3.45,127,119,-1,-4.5,-18.5,-6.6,-22.2,-0.06,0.00,0.43,0.00,0.00,0.00,2.39,-6.09,100,-1,0,-2,-5.1,0.04,0.337,0.361,0.09,0,28,0,149.8,341.2,210.3,119.0,0.00,0,6.2,2.7
32.45,land,358.75,0.59,0.337,1,930.2,525.9,28.3,-20.4,5.82,-3.76,126,119,-1,-4.5,-17.1,-6.2,-22.3,-0.06,0.01,0.43,0.00,0.00,0.00,2.48,-6.47,100,-1,0,-2,-4.7,0.04,0.337,0.366,0.08,0,28,0,149.8,341.2,210.3,119.0,0.00,0,6.2,1.8
32.55,land,358.76,0.59,0.339,1,931.5,525.1,27.7,-20.0,6.33,-4.39,126,119,-1,-4.4,-15.5,-5.7,-22.2,-0.06,0.01,0.43,0.00,0.00,0.00,2.58,-6.85,100,-1,0,-1,-4.2,0.04,0.339,0.370,0.04,0,28,0,149.8,341.2,210.3,119.0,0.00,0,5.9,-0.7
32.65,land,358.76,0.59,0.341,1,932.1,524.6,27.0,-19.6,6.57,-4.72,125,119,-1,-4.3,-13.9,-5.3,-22.1,-0.06,0.02,0.42,0.00,0.00,0.00,2.64,-7.24,100,-1,0,-1,-4.0,0.04,0.341,0.374,0.00,0,28,0,149.8,341.2,210.3,119.0,0.00,0,5.8,-2.2
32.75,land,358.75,0.60,0.344,1,932.1,524.6,26.4,-19.1,6.57,-4.72,124,117,-1,-4.3,-12.2,-4.9,-21.8,-0.06,0.02,0.41,0.00,0.00,0.00,2.75,-7.61,100,-1,0,0,-4.0,0.05,0.344,0.376,-0.04,0,28,0,152.2,340.5,213.9,116.5,0.00,0,5.8,-2.2
32.85,land,358.74,0.61,0.346,1,932.8,524.1,25.7,-18.6,6.79,-5.08,124,117,-1,-4.2,-10.4,-4.5,-21.3,-0.05,0.03,0.39,0.00,0.00,0.00,2.83,-7.99,100,-1,0,1,-3.9,0.05,0.346,0.378,-0.08,0,28,0,152.2,340.5,213.9,116.5,0.00,0,5.7,-3.8
32.95,land,358.72,0.62,0.348,1,934.2,523.0,25.0,-18.1,7.21,-5.73,123,117,-1,-4.2,-8.7,-4.0,-20.7,-0.05,0.03,0.37,0.00,0.00,0.00,2.93,-8.35,100,-1,0,1,-3.3,0.05,0.348,0.378,-0.12,0,28,0,152.2,340.5,213.9,116.5,0.00,0,5.0,-6.9
33.05,land,358.71,0.64,0.348,1,934.2,523.0,24.3,-17.5,7.21,-5.73,122,117,-1,-4.1,-7.0,-3.7,-19.9,-0.04,0.03,0.34,0.00,0.00,0.00,3.00,-8.71,100,-1,0,2,-3.3,0.05,0.349,0.375,-0.12,0,28,0,152.2,340.5,213.9,116.5,0.00,0,5.0,-6.9
33.15,land,358.70,0.65,0.347,1,935.7,521.8,23.6,-16.9,7.54,-6.39,122,115,-1,-4.1,-5.1,-3.3,-19.1,-0.03,0.02,0.31,0.00,0.00,0.00,3.10,-9.05,100,-1,0,3,-1.9,0.05,0.347,0.370,-0.09,0,28,0,154.4,342.4,213.6,114.6,0.00,0,3.3,-9.1
33.25,land,358.69,0.66,0.345,1,935.7,521.8,22.8,-16.3,7.54,-6.39,121,115,-1,-4.0,-3.5,-3.1,-18.1,-0.03,0.02,0.28,0.00,0.00,0.00,3.19,-9.35,100,-1,0,4,-1.9,0.05,0.345,0.364,-0.05,0,28,0,154.4,342.4,213.6,114.6,0.00,0,3.3,-9.1
33.35,land,358.68,0.67,0.343,1,936.5,521.1,22.0,-15.6,7.69,-6.70,120,115,-1,-3.9,-1.7,-2.8,-17.1,-0.02,0.01,0.24,0.00,0.00,0.00,3.28,-9.66,100,-1,0,4,-0.9,0.04,0.343,0.357,0.00,0,28,0,154.4,342.4,213.6,114.6,0.00,0,2.4,-10.0
33.45,land,358.68,0.67,0.340,1,938.0,519.7,21.3,-14.9,7.91,-7.25,120,115,-1,-3.9,-0.1,-2.7,-16.0,-0.02,0.01,0.21,0.00,0.00,0.00,3.34,-9.92,100,-1,0,5,1.3,0.03,0.340,0.349,0.06,0,28,0,154.4,342.4,213.6,114.6,0.00,0,0.6,-11.8
33.55,land,358.68,0.66,0.336,1,938.8,519.0,20.5,-14.2,8.02,-7.47,119,114,-1,-3.7,1.6,-2.6,-14.8,-0.01,-0.00,0.17,0.00,0.00,0.00,3.43,-10.17,100,-1,0,6,2.1,0.02,0.336,0.339,0.12,0,28,0,155.1,346.4,207.6,114.3,0.00,0,-0.1,-12.6
33.65,land,358.69,0.66,0.332,1,938.8,519.0,19.7,-13.5,8.02,-7.47,118,114,-1,-3.5,3.2,-2.5,-13.5,0.00,-0.01,0.12,0.00,0.00,0.00,3.52,-10.38,100,-1,0,6,2.1,0.02,0.332,0.336,0.19,0,28,0,155.1,346.4,207.6,114.3,0.00,0,-0.1,-12.6
33.75,land,358.70,0.65,0.329,1,939.6,518.2,18.9,-12.7,8.11,-7.67,118,114,-1,-3.3,4.7,-2.5,-12.2,0.01,-0.02,0.08,0.00,0.00,0.00,3.60,-10.56,100,-1,0,7,2.6,0.02,0.329,0.341,0.24,0,28,0,155.1,346.4,207.6,114.3,0.00,0,-0.5,-13.4
33.85,land,358.71,0.63,0.327,1,940.5,517.4,18.0,-11.9,8.20,-7.80,117,114,-1,-3.0,6.1,-2.5,-10.8,0.02,-0.01,0.04,0.00,0.00,0.00,3.70,-10.69,100,-1,0,7,2.9,0.02,0.327,0.339,0.27,0,28,0,155.1,346.4,207.6,114.3,0.00,0,-0.3,-13.8
33.95,land,358.72,0.62,0.327,1,942.1,515.9,17.2,-11.2,8.31,-8.00,117,115,-1,-2.7,7.5,-2.4,-9.5,0.01,-0.01,0.00,0.00,0.00,0.00,3.76,-10.82,100,-1,0,7,3.2,0.02,0.327,0.336,0.27,0,28,0,154.4,351.7,197.0,115.4,0.00,0,0.4,-13.1
34.05,land,358.73,0.61,0.327,1,942.1,515.9,16.4,-10.4,8.31,-8.00,117,115,-1,-2.4,8.7,-2.3,-8.2,0.00,-0.01,0.00,0.00,0.00,0.00,3.82,-10.88,100,-1,0,8,3.2,0.02,0.327,0.333,0.25,0,28,0,154.4,351.7,197.0,115.4,0.00,0,0.4,-13.1
34.15,land,358.74,0.61,0.328,1,942.9,515.1,15.6,-9.6,8.33,-8.06,116,115,-1,-2.1,10.0,-2.1,-6.9,-0.01,-0.01,0.00,0.00,0.00,0.00,3.86,-10.93,100,-1,0,8,3.2,0.02,0.328,0.333,0.23,0,28,0,154.4,351.7,197.0,115.4,0.00,0,0.7,-12.6
34.25,land,358.74,0.61,0.330,1,944.6,513.4,14.7,-8.7,8.35,-8.11,116,115,-1,-1.7,11.2,-2.0,-5.7,-0.01,-0.01,0.00,0.00,0.00,0.00,3.92,-10.94,100,-1,0,8,3.3,0.02,0.330,0.338,0.18,0,28,0,154.4,351.7,197.0,115.4,0.00,0,0.7,-12.2
34.35,land,358.73,0.62,0.334,1,945.4,512.6,13.9,-7.9,8.35,-8.09,116,116,-1,-1.4,12.5,-1.9,-4.5,-0.01,-0.02,0.00,0.00,0.00,0.00,3.92,-10.96,100,-1,0,8,3.3,0.02,0.334,0.345,0.10,0,28,0,153.3,356.5,187.0,116.7,0.00,0,0.9,-12.3
34.45,land,358.71,0.63,0.336,1,945.4,512.6,13.1,-7.1,8.35,-8.09,116,116,-1,-1.0,13.7,-1.8,-3.3,-0.01,-0.02,0.00,0.00,0.00,0.00,3.94,-10.94,100,-1,0,8,3.3,0.02,0.336,0.347,0.06,0,28,0,153.3,356.5,187.0,116.7,0.00,0,0.9,-12.3
34.55,land,358.70,0.64,0.334,1,946.3,511.8,12.2,-6.3,8.35,-8.06,116,116,-1,-0.5,15.0,-1.6,-2.1,-0.02,-0.01,0.00,0.00,0.00,0.00,3.96,-10.91,100,-1,0,8,3.3,0.02,0.334,0.345,0.08,0,28,0,153.3,356.5,187.0,116.7,0.00,0,1.4,-12.4
34.65,land,358.70,0.64,0.330,1,947.1,511.0,11.4,-5.5,8.33,-8.02,116,116,-1,-0.0,16.4,-1.4,-0.8,-0.02,-0.01,0.00,0.00,0.00,0.00,3.97,-10.86,100,-1,0,8,3.3,0.02,0.330,0.340,0.17,0,28,0,153.3,356.5,187.0,116.7,0.00,0,1.9,-12.4
34.75,land,358.71,0.64,0.325,1,948.8,509.4,10.6,-4.7,8.22,-7.88,116,117,-1,0.5,17.7,-1.2,0.5,-0.01,-0.01,0.00,0.00,0.00,0.00,3.93,-10.79,100,-1,0,8,3.3,0.02,0.325,0.334,0.26,0,28,0,152.1,1.1,177.9,118.0,0.00,0,2.1,-13.3
34.85,land,358.71,0.63,0.323,1,949.6,508.6,9.7,-3.9,8.15,-7.77,116,117,-1,1.2,17.8,-1.0,1.8,0.01,-0.02,0.00,0.00,0.00,0.00,3.88,-10.70,100,-1,0,8,3.3,0.02,0.323,0.332,0.28,0,28,0,152.1,1.1,177.9,118.0,0.00,0,2.4,-13.6
34.95,land,358.71,0.63,0.323,1,949.6,508.6,8.9,-3.1,8.15,-7.77,116,117,-1,2.2,17.8,-0.8,3.2,0.02,-0.02,0.00,0.00,0.00,0.00,3.86,-10.58,100,-1,0,8,3.3,0.02,0.323,0.340,0.28,0,28,0,152.1,1.1,177.9,118.0,0.00,0,2.4,-13.6
35.05,land,358.71,0.64,0.324,1,951.2,507.1,8.1,-2.4,7.98,-7.50,116,117,-1,4.1,17.9,-0.6,4.5,0.03,-0.04,0.00,0.00,0.00,0.00,3.83,-10.45,100,-1,0,8,3.3,0.02,0.324,0.353,0.23,0,28,0,152.1,1.1,177.9,118.0,0.00,0,2.6,-13.3
35.15,land,358.70,0.64,0.326,1,951.2,507.1,7.3,-1.6,7.98,-7.50,117,118,-1,6.8,17.9,-0.3,5.8,0.04,-0.06,0.00,0.00,0.00,0.00,3.74,-10.29,100,-1,0,8,3.3,0.01,0.326,0.366,0.19,0,28,0,150.5,6.0,169.4,119.3,0.00,0,2.6,-13.3
35.25,land,358.69,0.65,0.326,1,952.8,505.7,6.5,-0.9,7.73,-7.13,117,118,-1,6.9,18.0,-0.0,7.1,0.04,-0.05,0.00,0.00,0.00,0.00,3.67,-10.11,100,-1,0,7,3.8,0.01,0.326,0.364,0.18,0,28,0,150.5,6.0,169.4,119.3,0.00,0,3.9,-12.2
35.35,land,358.69,0.65,0.323,1,952.8,505.7,5.7,-0.2,7.73,-7.13,117,118,-1,6.9,18.0,0.3,8.3,0.04,-0.04,0.00,0.00,0.00,0.00,3.60,-9.88,100,-1,0,7,3.8,0.00,0.323,0.356,0.23,0,28,0,150.5,6.0,169.4,119.3,0.00,0,3.9,-12.2
35.45,land,358.69,0.66,0.323,1,953.5,505.0,5.0,0.5,7.58,-6.90,118,118,-1,6.9,18.1,0.8,9.4,0.04,-0.02,0.00,0.00,0.00,0.00,3.53,-9.62,100,-1,0,7,4.0,-0.00,0.323,0.347,0.24,0,28,0,150.5,6.0,169.4,119.3,0.00,0,4.9,-11.4
35.55,land,358.69,0.66,0.323,1,954.3,504.3,4.2,1.2,7.43,-6.66,118,121,-1,6.8,18.1,1.3,10.4,0.03,-0.01,0.02,0.00,0.00,0.00,3.42,-9.37,100,-1,0,6,4.2,-0.01,0.323,0.337,0.21,0,28,0,148.5,9.7,164.5,121.1,0.00,0,5.8,-10.2
35.65,land,358.69,0.66,0.325,1,955.0,503.7,3.5,1.8,7.25,-6.41,119,121,-1,6.7,18.2,1.9,11.3,0.02,0.01,0.05,0.00,0.00,0.00,3.31,-9.09,100,-1,0,6,4.3,-0.01,0.325,0.336,0.18,0,28,0,148.5,9.7,164.5,121.1,0.00,0,6.7,-9.0
35.75,land,358.69,0.66,0.324,1,956.4,502.4,2.8,2.5,6.83,-5.89,119,121,-1,6.6,18.2,2.5,12.0,0.00,0.02,0.08,0.00,0.00,0.00,3.19,-8.79,100,-1,0,5,4.3,-0.01,0.324,0.334,0.18,0,28,0,148.5,9.7,164.5,121.1,0.00,0,7.1,-6.3
35.85,land,358.69,0.66,0.324,1,957.1,501.9,2.1,3.1,6.59,-5.65,119,121,-1,6.4,18.3,3.2,12.7,-0.01,0.02,0.10,0.00,0.00,0.00,3.07,-8.48,100,-1,0,5,4.4,-0.02,0.324,0.337,0.17,0,28,0,148.5,9.7,164.5,121.1,0.00,0,6.7,-5.6
35.95,land,358.68,0.66,0.326,1,957.1,501.9,1.4,3.6,6.59,-5.65,120,123,-1,6.0,18.3,3.7,13.3,-0.01,0.03,0.12,0.00,0.00,0.00,2.87,-8.19,100,-1,0,4,4.4,-0.02,0.326,0.342,0.13,0,28,0,146.2,10.9,164.0,123.4,0.00,0,6.7,-5.6
36.05,land,358.68,0.67,0.328,1,957.7,501.3,0.8,4.2,6.35,-5.42,121,123,-1,5.6,18.3,4.2,13.8,-0.01,0.03,0.15,0.00,0.00,0.00,2.69,-7.90,100,-1,0,4,4.3,-0.03,0.328,0.343,0.10,0,28,0,146.2,10.9,164.0,123.4,0.00,0,6.2,-5.2
36.15,land,358.67,0.68,0.329,1,958.9,500.3,0.2,4.7,5.78,-4.97,121,123,-1,5.2,18.4,4.7,14.4,-0.00,0.03,0.17,0.00,0.00,0.00,2.51,-7.59,100,-1,0,3,4.1,-0.03,0.330,0.341,0.06,0,28,0,146.2,10.9,164.0,123.4,0.00,0,4.9,-5.5
36.25,land,358.66,0.69,0.330,1,958.9,500.3,-0.4,5.2,5.78,-4.97,122,123,-1,4.7,18.4,5.1,15.0,0.00,0.02,0.19,0.00,0.00,0.00,2.30,-7.26,100,-1,0,3,4.1,-0.03,0.330,0.340,0.04,0,28,0,146.2,10.9,164.0,123.4,0.00,0,4.9,-5.5
36.35,land,358.65,0.70,0.329,1,959.5,499.8,-1.0,5.7,5.47,-4.74,123,125,-1,4.1,18.5,5.3,15.6,0.00,0.02,0.21,0.00,0.00,0.00,2.07,-6.93,100,-1,0,2,3.7,-0.03,0.329,0.338,0.06,0,28,0,144.1,11.9,163.7,125.5,0.00,0,3.7,-5.3
36.45,land,358.64,0.71,0.329,1,960.0,499.4,-1.5,6.1,5.16,-4.50,123,125,-1,3.5,18.5,5.5,16.1,0.01,0.01,0.23,0.00,0.00,0.00,1.86,-6.60,100,-1,0,1,3.2,-0.03,0.329,0.334,0.07,0,28,0,144.1,11.9,163.7,125.5,0.00,0,2.5,-5.2
36.55,land,358.63,0.71,0.328,1,960.5,498.9,-2.0,6.6,4.83,-4.28,124,125,-1,2.9,18.5,5.5,16.7,0.01,-0.00,0.25,0.00,0.00,0.00,1.64,-6.25,100,-1,0,1,2.8,-0.03,0.328,0.333,0.07,0,28,0,144.1,11.9,163.7,125.5,0.00,0,1.2,-5.2
36.65,land,358.63,0.72,0.329,1,961.4,498.1,-2.4,7.0,4.22,-3.82,124,125,-1,2.4,18.6,5.5,17.2,0.01,-0.01,0.26,0.00,0.00,0.00,1.45,-5.88,100,-1,0,0,2.3,-0.03,0.329,0.335,0.05,0,28,0,144.1,11.9,163.7,125.5,0.00,0,-0.1,-4.6
36.75,land,358.61,0.74,0.334,1,961.8,497.8,-2.9,7.4,3.91,-3.58,125,126,-1,1.9,18.6,5.4,17.6,0.01,-0.00,0.28,0.00,0.00,0.00,1.27,-5.55,100,-1,0,-0,2.2,-0.03,0.334,0.340,-0.04,0,28,0,142.8,13.8,162.0,126.6,0.00,0,-0.0,-4.4
36.85,land,358.58,0.77,0.339,1,961.8,497.8,-3.3,7.7,3.91,-3.58,125,126,-1,0.7,18.6,5.3,18.1,0.01,0.01,0.29,0.00,0.00,0.00,1.11,-5.19,100,-1,0,-1,2.2,-0.03,0.339,0.347,-0.13,0,28,0,142.8,13.8,162.0,126.6,0.00,0,-0.0,-4.4
36.95,land,358.56,0.79,0.341,1,962.1,497.4,-3.6,8.1,3.58,-3.33,126,126,-1,-0.0,18.7,5.3,18.4,0.00,0.02,0.30,0.00,0.00,0.00,0.95,-4.80,100,-1,0,-1,2.1,-0.04,0.341,0.349,-0.16,0,28,0,142.8,13.8,162.0,126.6,0.00,0,0.1,-3.7
37.05,land,358.54,0.81,0.339,1,962.5,497.1,-4.0,8.4,3.25,-3.07,126,126,-1,-0.6,18.7,5.2,18.8,-0.00,0.02,0.31,0.00,0.00,0.00,0.80,-4.40,100,-1,0,-2,2.0,-0.04,0.339,0.348,-0.13,0,28,0,142.8,13.8,162.0,126.6,0.00,0,-0.3,-3.0
37.15,land,358.52,0.82,0.337,1,963.0,496.6,-4.3,8.7,2.57,-2.50,127,127,-1,-1.1,18.8,5.0,19.0,-0.01,0.02,0.32,0.00,0.00,0.00,0.65,-3.97,100,-1,0,-2,1.9,-0.04,0.337,0.347,-0.08,0,28,0,141.8,15.4,160.7,127.3,0.00,0,-1.2,-2.5
37.25,land,358.51,0.83,0.334,1,963.0,496.6,-4.5,8.9,2.57,-2.50,127,127,-1,-1.6,18.8,4.8,19.3,-0.00,0.01,0.33,0.00,0.00,0.00,0.53,-3.55,100,-1,0,-3,1.9,-0.04,0.334,0.341,-0.03,0,28,0,141.8,15.4,160.7,127.3,0.00,0,-1.2,-2.5
37.35,land,358.51,0.84,0.332,1,963.5,496.1,-4.8,9.2,1.89,-1.94,128,127,-1,-2.0,18.8,4.6,19.6,0.01,0.01,0.33,0.00,0.00,0.00,0.40,-3.11,100,-1,0,-3,1.9,-0.05,0.332,0.338,0.03,0,28,0,141.8,15.4,160.7,127.3,0.00,0,-2.4,-3.1
37.45,land,358.51,0.84,0.330,1,963.6,496.0,-5.0,9.4,1.58,-1.66,128,127,-1,-2.4,18.9,4.3,19.9,0.01,0.00,0.34,0.00,0.00,0.00,0.29,-2.70,100,-1,0,-4,1.9,-0.05,0.331,0.336,0.04,0,28,0,141.8,15.4,160.7,127.3,0.00,0,-3.3,-3.0
37.55,land,358.50,0.85,0.331,1,963.6,496.0,-5.1,9.5,1.58,-1.66,128,128,-1,-2.7,18.9,3.9,20.2,0.01,-0.01,0.35,0.00,0.00,0.00,0.21,-2.28,100,-1,0,-4,1.9,-0.05,0.331,0.339,0.03,0,28,0,141.1,17.4,158.8,127.7,0.00,0,-3.3,-3.0
37.65,land,358.49,0.85,0.333,1,963.8,495.8,-5.3,9.7,1.27,-1.38,129,128,-1,-3.1,19.0,3.4,20.5,0.01,-0.01,0.36,0.00,0.00,0.00,0.13,-1.88,100,-1,0,-4,1.8,-0.05,0.333,0.343,-0.01,0,28,0,141.1,17.4,158.8,127.7,0.00,0,-3.9,-2.8
37.75,land,358.48,0.87,0.337,1,963.9,495.6,-5.4,9.8,0.68,-0.81,129,128,-1,-3.3,18.7,3.0,20.7,0.01,-0.01,0.36,0.00,0.00,0.00,0.07,-1.48,100,-1,0,-4,1.8,-0.05,0.337,0.346,-0.09,0,28,0,141.1,17.4,158.8,127.7,0.00,0,-3.4,-2.1
37.85,land,358.46,0.89,0.340,1,964.0,495.6,-5.4,9.9,0.37,-0.51,129,128,-1,-3.6,17.6,2.6,20.9,0.02,-0.00,0.37,0.00,0.00,0.00,0.02,-1.06,100,-1,0,-5,1.8,-0.05,0.340,0.351,-0.13,0,28,0,141.1,17.4,158.8,127.7,0.00,0,-2.9,-1.9
37.95,land,358.44,0.90,0.339,1,964.0,495.6,-5.5,9.9,0.37,-0.51,129,129,-1,-3.8,16.5,2.2,21.1,0.04,0.00,0.37,0.00,0.00,0.00,-0.03,-0.63,100,-1,0,-5,1.8,-0.06,0.339,0.354,-0.12,0,28,0,140.5,19.5,156.8,127.9,0.00,0,-2.9,-1.9
38.05,land,358.43,0.92,0.339,1,964.0,495.5,-5.5,10.0,-0.20,0.13,130,129,-1,-3.9,15.2,1.9,21.2,0.04,0.00,0.38,0.00,0.00,0.00,-0.05,-0.20,100,-1,0,-5,1.4,-0.06,0.339,0.356,-0.11,0,28,0,140.5,19.5,156.8,127.9,0.00,0,-2.8,-0.2
38.15,land,358.42,0.93,0.340,1,963.9,495.6,-5.5,10.0,-0.48,0.45,130,129,-1,-4.0,13.9,1.6,21.2,0.04,0.00,0.37,0.00,0.00,0.00,-0.07,0.23,100,-1,0,-5,1.1,-0.06,0.340,0.357,-0.13,0,28,0,140.5,19.5,156.8,127.9,0.00,0,-2.8,0.9
38.25,land,358.40,0.94,0.342,1,963.9,495.6,-5.4,9.9,-0.48,0.45,130,129,-1,-4.1,12.6,1.2,21.1,0.04,0.00,0.37,0.00,0.00,0.00,-0.08,0.66,100,-1,0,-6,1.1,-0.05,0.342,0.359,-0.16,0,28,0,140.5,19.5,156.8,127.9,0.00,0,-2.8,0.9
38.35,land,358.39,0.96,0.343,1,963.8,495.7,-5.4,9.9,-1.03,1.09,130,129,-1,-4.2,11.2,0.9,20.8,0.04,0.00,0.36,0.00,0.00,0.00,-0.09,1.08,100,-1,0,-6,0.1,-0.05,0.343,0.359,-0.18,0,28,0,140.3,20.1,156.1,127.9,0.00,0,-2.9,3.3
38.45,land,358.38,0.97,0.345,1,963.7,495.9,-5.3,9.8,-1.30,1.41,130,129,-1,-4.2,9.7,0.6,20.5,0.03,0.00,0.35,0.00,0.00,0.00,-0.09,1.50,100,-1,0,-6,-0.4,-0.04,0.345,0.359,-0.20,0,28,0,140.3,20.1,156.1,127.9,0.00,0,-3.0,4.5
38.55,land,358.37,0.98,0.346,1,963.5,496.0,-5.2,9.6,-1.56,1.72,130,129,-1,-4.2,8.2,0.4,20.0,0.03,0.00,0.33,0.00,0.00,0.00,-0.08,1.91,100,-1,0,-6,-0.9,-0.04,0.346,0.359,-0.22,0,28,0,140.3,20.1,156.1,127.9,0.00,0,-3.0,5.7
38.65,land,358.36,0.99,0.348,1,963.5,496.0,-5.0,9.5,-1.56,1.72,130,129,-1,-4.2,6.5,0.1,19.4,0.02,0.00,0.31,0.00,0.00,0.00,-0.08,2.32,100,-1,0,-6,-0.9,-0.03,0.348,0.358,-0.24,0,28,0,140.3,20.1,156.1,127.9,0.00,0,-3.0,5.7
38.75,land,358.36,0.98,0.346,1,963.3,496.2,-4.8,9.3,-1.80,2.04,130,128,-1,-4.1,4.9,-0.1,18.7,0.03,-0.00,0.29,0.00,0.00,0.00,-0.06,2.72,100,-1,0,-6,-1.5,-0.02,0.346,0.357,-0.19,0,28,0,141.3,18.8,157.0,127.2,0.00,0,-3.1,6.6
38.85,land,358.38,0.97,0.340,1,962.9,496.7,-4.6,9.0,-2.29,2.69,130,128,-1,-4.0,3.1,-0.4,18.0,0.03,-0.00,0.27,0.00,0.00,0.00,-0.04,3.13,100,-1,0,-6,-2.7,-0.01,0.340,0.355,-0.08,0,28,0,141.3,18.8,157.0,127.2,0.00,0,-3.2,7.5
38.95,land,358.40,0.95,0.335,1,962.7,497.0,-4.4,8.8,-2.48,2.99,130,128,-1,-3.9,1.2,-0.6,17.3,0.04,-0.01,0.24,0.00,0.00,0.00,-0.03,3.53,100,-1,0,-5,-3.2,-0.01,0.335,0.352,0.03,0,28,0,141.3,18.8,157.0,127.2,0.00,0,-3.2,8.4
39.05,land,358.43,0.91,0.331,1,962.4,497.3,-4.2,8.5,-2.66,3.25,130,128,-1,-3.7,-0.8,-0.8,16.4,0.04,-0.01,0.21,0.00,0.00,0.00,-0.01,3.89,100,-1,0,-5,-3.7,0.00,0.331,0.349,0.09,0,28,0,141.3,18.8,157.0,127.2,0.00,0,-3.3,9.6
39.15,land,358.47,0.88,0.331,1,962.4,497.3,-3.9,8.2,-2.66,3.25,129,126,-1,-3.5,-2.8,-1.1,15.4,0.03,-0.01,0.18,0.00,0.00,0.00,-0.01,4.20,100,-1,0,-5,-3.7,0.01,0.331,0.347,0.10,0,28,0,143.2,16.1,158.8,125.7,0.00,0,-3.3,9.6
39.25,land,358.50,0.84,0.331,1,961.8,498.0,-3.6,7.8,-2.97,3.76,129,126,-1,-3.1,-5.1,-1.3,14.3,0.02,-0.02,0.14,0.00,0.00,0.00,0.01,4.50,100,-1,0,-4,-4.0,0.02,0.331,0.345,0.10,0,28,0,143.2,16.1,158.8,125.7,0.00,0,-3.4,12.4
39.35,land,358.55,0.80,0.330,1,961.8,498.0,-3.3,7.5,-2.97,3.76,128,126,-1,-2.6,-8.2,-1.5,13.0,0.01,-0.03,0.10,0.00,0.00,0.00,0.01,4.79,100,-1,0,-4,-4.0,0.02,0.330,0.347,0.11,0,28,0,143.2,16.1,158.8,125.7,0.00,0,-3.4,12.4
39.45,land,358.59,0.76,0.330,1,961.2,498.9,-3.0,7.1,-3.16,4.15,128,126,-1,-2.0,-11.4,-1.7,11.7,0.02,-0.04,0.06,0.00,0.00,0.00,0.02,5.02,100,-1,0,-4,-4.0,0.02,0.330,0.352,0.10,0,28,0,143.2,16.1,158.8,125.7,0.00,0,-2.6,13.8
39.55,land,358.65,0.69,0.330,1,961.2,498.9,-2.7,6.6,-3.16,4.15,127,123,-1,-2.0,-12.4,-1.9,10.3,0.01,-0.03,0.02,0.00,0.00,0.00,0.01,5.22,100,-1,0,-3,-4.0,0.03,0.330,0.345,0.10,0,28,0,145.6,11.6,163.4,123.8,0.00,0,-2.6,13.8
39.65,land,358.67,0.67,0.328,1,960.6,499.7,-2.4,6.2,-3.25,4.47,127,123,-1,-1.9,-13.2,-2.0,8.9,0.00,-0.02,0.00,0.00,0.00,0.00,0.02,5.39,100,-1,0,-2,-3.3,0.03,0.328,0.337,0.14,0,28,0,145.6,11.6,163.4,123.8,0.00,0,-0.7,13.8
39.75,land,358.72,0.62,0.326,1,960.2,500.2,-2.1,5.8,-3.25,4.60,126,123,-1,-1.8,-14.0,-1.9,7.6,0.00,-0.01,0.00,0.00,0.00,0.00,0.02,5.53,100,-1,0,-2,-2.9,0.03,0.326,0.328,0.18,0,28,0,145.6,11.6,163.4,123.8,0.00,0,0.4,13.8
39.85,land,358.78,0.57,0.323,1,959.9,500.6,-1.7,5.3,-3.27,4.69,126,123,-1,-1.7,-14.6,-1.8,6.2,-0.00,0.01,0.00,0.00,0.00,0.00,0.06,5.64,100,-1,0,-1,-2.7,0.02,0.323,0.327,0.22,0,28,0,145.6,11.6,163.4,123.8,0.00,0,0.9,13.7
39.95,land,358.82,0.52,0.323,1,959.6,501.1,-1.4,4.9,-3.25,4.75,125,122,-1,-1.8,-15.2,-1.7,4.9,-0.01,0.01,0.00,0.00,0.00,0.00,0.03,5.72,100,-1,0,-1,-2.5,0.03,0.323,0.331,0.21,0,28,0,147.3,5.9,170.8,122.6,0.00,0,0.9,13.6
40.05,land,358.86,0.49,0.327,1,959.3,501.6,-1.1,4.4,-3.23,4.78,125,122,-1,-1.7,-15.7,-1.6,3.5,-0.01,0.01,0.00,0.00,0.00,0.00,0.03,5.75,100,-1,0,-0,-2.4,0.03,0.327,0.336,0.13,0,28,0,147.3,5.9,170.8,122.6,0.00,0,0.9,13.6
40.15,land,358.89,0.46,0.330,1,958.9,502.1,-0.8,3.9,-3.21,4.79,124,122,-1,-1.8,-16.1,-1.5,2.2,-0.02,0.01,0.00,0.00,0.00,0.00,0.02,5.77,100,-1,0,0,-2.4,0.03,0.330,0.342,0.06,0,28,0,147.3,5.9,170.8,122.6,0.00,0,0.7,13.2
40.25,land,358.91,0.43,0.332,1,958.9,502.1,-0.4,3.4,-3.21,4.79,124,122,-1,-1.8,-16.5,-1.5,0.8,-0.02,0.00,0.00,0.00,0.00,0.00,0.00,5.77,100,-1,0,1,-2.4,0.03,0.332,0.342,0.02,0,28,0,147.3,5.9,170.8,122.6,0.00,0,0.7,13.2
40.35,land,358.94,0.40,0.331,1,958.6,502.6,-0.1,2.9,-3.16,4.79,123,121,-1,-1.8,-16.7,-1.4,-0.4,-0.02,0.00,0.00,0.00,0.00,0.00,-0.01,5.74,100,-1,0,1,-2.3,0.04,0.331,0.338,0.04,0,28,0,148.3,0.5,179.2,121.7,0.00,0,0.4,12.5
40.45,land,358.97,0.37,0.328,1,958.0,503.5,0.2,2.5,-3.03,4.71,123,121,-1,-1.8,-16.9,-1.4,-1.5,-0.01,0.00,0.00,0.00,0.00,0.00,-0.01,5.68,100,-1,0,1,-2.2,0.04,0.328,0.332,0.10,0,28,0,148.3,0.5,179.2,121.7,0.00,0,0.3,10.7
40.55,land,359.02,0.32,0.325,1,958.0,503.5,0.5,2.0,-3.03,4.71,123,121,-1,-1.8,-17.1,-1.4,-2.6,-0.00,-0.00,0.00,0.00,0.00,0.00,-0.01,5.60,100,-1,0,2,-2.2,0.04,0.325,0.327,0.16,0,28,0,148.3,0.5,179.2,121.7,0.00,0,0.3,10.7
40.65,land,359.04,0.31,0.325,1,957.4,504.4,0.8,1.5,-2.90,4.56,122,121,-1,-1.8,-17.1,-1.4,-3.6,-0.01,-0.00,0.00,0.00,0.00,0.00,-0.02,5.51,100,-1,0,2,-2.2,0.04,0.325,0.329,0.15,0,28,0,148.3,0.5,179.2,121.7,0.00,0,0.1,10.2
40.75,land,359.06,0.29,0.328,1,957.4,504.4,1.1,1.1,-2.90,4.56,122,120,-1,-1.9,-17.2,-1.4,-4.6,-0.02,-0.00,0.00,0.00,0.00,0.00,-0.04,5.40,100,-1,0,2,-2.2,0.04,0.328,0.336,0.08,0,28,0,149.2,356.2,186.3,120.8,0.00,0,0.1,10.2
40.85,land,359.07,0.27,0.332,1,957.1,504.9,1.4,0.6,-2.81,4.47,122,120,-1,-1.9,-17.1,-1.4,-5.6,-0.02,-0.00,0.00,0.00,0.00,0.00,-0.04,5.28,100,-1,0,3,-2.2,0.05,0.332,0.343,0.01,0,28,0,149.2,356.2,186.3,120.8,0.00,0,0.1,10.1
40.95,land,359.08,0.26,0.334,1,956.6,505.7,1.6,0.2,-2.59,4.22,121,120,-1,-1.9,-17.0,-1.4,-6.6,-0.03,-0.00,0.00,0.00,0.00,0.00,-0.03,5.12,100,-1,0,3,-2.1,0.05,0.334,0.346,-0.04,0,28,0,149.2,356.2,186.3,120.8,0.00,0,0.3,9.0
41.05,land,359.09,0.25,0.333,1,956.6,505.7,1.9,-0.2,-2.59,4.22,121,120,-1,-1.9,-16.8,-1.4,-7.4,-0.02,-0.00,0.00,0.00,0.00,0.00,-0.03,4.95,100,-1,0,3,-2.1,0.05,0.333,0.344,-0.02,0,28,0,149.2,356.2,186.3,120.8,0.00,0,0.3,9.0
41.15,land,359.11,0.24,0.331,1,956.3,506.2,2.2,-0.7,-2.48,4.06,121,119,-1,-1.9,-16.5,-1.4,-8.2,-0.02,-0.00,0.00,0.00,0.00,0.00,-0.03,4.76,100,-1,0,3,-1.8,0.05,0.331,0.339,0.03,0,28,0,149.8,352.6,192.6,120.0,0.00,0,0.2,8.1
41.25,land,359.12,0.22,0.328,1,955.9,506.9,2.4,-1.0,-2.20,3.70,121,119,-1,-1.9,-16.2,-1.4,-8.9,-0.01,-0.00,0.00,0.00,0.00,0.00,-0.03,4.54,100,-1,0,4,-1.0,0.04,0.328,0.334,0.08,0,28,0,149.8,352.6,192.6,120.0,0.00,0,0.1,5.6
41.35,land,359.14,0.20,0.326,1,955.7,507.3,2.6,-1.4,-2.07,3.52,121,119,-1,-1.8,-15.8,-1.4,-9.4,-0.00,-0.00,0.00,0.00,0.00,0.00,-0.00,4.31,100,-1,0,4,-0.6,0.04,0.326,0.328,0.12,0,28,0,149.8,352.6,192.6,120.0,0.00,0,0.2,4.8
41.45,land,359.16,0.18,0.325,1,955.7,507.3,2.8,-1.8,-2.07,3.52,120,119,-1,-1.8,-15.3,-1.4,-9.9,0.00,-0.00,0.00,0.00,0.00,0.00,0.00,4.08,100,-1,0,4,-0.6,0.03,0.325,0.327,0.13,0,28,0,149.8,352.6,192.6,120.0,0.00,0,0.2,4.8
41.55,land,359.17,0.17,0.328,1,955.3,507.9,3.0,-2.1,-1.80,3.15,120,119,-1,-1.8,-14.9,-1.4,-10.3,0.00,0.00,0.01,0.00,0.00,0.00,0.01,3.85,100,-1,0,4,-0.2,0.03,0.328,0.328,0.07,0,28,0,150.0,350.5,196.2,119.6,0.00,0,0.2,4.1
41.65,land,359.17,0.17,0.332,1,955.3,507.9,3.2,-2.4,-1.80,3.15,120,119,-1,-1.7,-14.5,-1.3,-10.7,-0.01,-0.00,0.03,0.00,0.00,0.00,0.03,3.63,100,-1,0,4,-0.2,0.03,0.332,0.335,-0.02,0,28,0,150.0,350.5,196.2,119.6,0.00,0,0.2,4.1
41.75,land,359.16,0.18,0.337,1,955.1,508.2,3.4,-2.7,-1.67,2.97,120,119,-1,-1.7,-14.0,-1.3,-11.1,-0.01,-0.00,0.04,0.00,0.00,0.00,0.05,3.40,100,-1,0,4,-0.1,0.03,0.337,0.343,-0.11,0,28,0,150.0,350.5,196.2,119.6,0.00,0,0.2,4.2
41.85,land,359.16,0.19,0.338,1,955.0,508.5,3.5,-3.0,-1.52,2.77,120,119,-1,-1.6,-13.5,-1.3,-11.5,-0.01,-0.00,0.05,0.00,0.00,0.00,0.07,3.16,100,-1,0,4,-0.0,0.03,0.338,0.344,-0.13,0,28,0,150.0,350.5,196.2,119.6,0.00,0,0.1,3.7
41.95,land,359.15,0.20,0.337,1,954.8,508.8,3.7,-3.3,-1.38,2.56,120,119,-1,-1.6,-13.0,-1.3,-11.7,-0.01,-0.00,0.06,0.00,0.00,0.00,0.08,2.91,100,-1,0,4,0.0,0.03,0.337,0.341,-0.09,0,28,0,149.9,349.0,198.5,119.6,0.00,0,0.0,2.7
42.05,land,359.15,0.19,0.334,1,954.7,509.0,3.8,-3.5,-1.23,2.34,120,119,-1,-1.5,-12.3,-1.3,-11.9,-0.01,-0.00,0.07,0.00,0.00,0.00,0.10,2.64,100,-1,0,4,0.1,0.03,0.334,0.337,-0.03,0,28,0,149.9,349.0,198.5,119.6,0.00,0,0.1,2.1
42.15,land,359.16,0.18,0.329,1,954.5,509.4,3.9,-3.7,-0.90,1.89,120,119,-1,-1.4,-11.6,-1.2,-12.1,-0.01,0.00,0.07,0.00,0.00,0.00,0.14,2.35,100,-1,0,4,0.1,0.03,0.329,0.333,0.07,0,28,0,149.9,349.0,198.5,119.6,0.00,0,0.6,1.2
42.25,land,359.18,0.17,0.325,1,954.4,509.6,4.0,-3.9,-0.77,1.68,120,119,-1,-1.3,-11.0,-1.2,-12.2,-0.01,0.00,0.07,0.00,0.00,0.00,0.16,2.09,100,-1,0,4,0.1,0.03,0.325,0.329,0.13,0,28,0,149.9,349.0,198.5,119.6,0.00,0,0.7,1.0
42.35,land,359.19,0.16,0.326,1,954.4,509.6,4.1,-4.1,-0.77,1.68,120,119,-1,-1.3,-10.4,-1.1,-12.2,-0.01,0.00,0.08,0.00,0.00,0.00,0.17,1.84,100,-1,0,5,0.1,0.03,0.326,0.331,0.10,0,28,0,149.9,348.4,199.5,119.6,0.00,0,0.7,1.0
42.45,land,359.19,0.16,0.331,1,954.3,509.9,4.1,-4.3,-0.51,1.30,120,119,-1,-1.2,-9.8,-1.1,-12.3,-0.02,0.00,0.08,0.00,0.00,0.00,0.19,1.60,100,-1,0,5,0.0,0.03,0.331,0.339,0.01,0,28,0,149.9,348.4,199.5,119.6,0.00,0,0.2,0.5
42.55,land,359.18,0.17,0.336,1,954.3,509.9,4.2,-4.4,-0.51,1.30,120,119,-1,-1.2,-9.2,-1.1,-12.4,-0.03,-0.00,0.08,0.00,0.00,0.00,0.21,1.38,100,-1,0,5,0.0,0.03,0.336,0.347,-0.08,0,28,0,149.9,348.4,199.5,119.6,0.00,0,0.2,0.5
42.65,land,359.17,0.18,0.338,1,954.2,510.1,4.2,-4.5,-0.22,0.87,120,119,-1,-1.1,-8.5,-1.0,-12.4,-0.02,-0.00,0.08,0.00,0.00,0.00,0.22,1.13,100,-1,0,5,0.1,0.03,0.338,0.348,-0.12,0,28,0,149.9,348.4,199.5,119.6,0.00,0,0.2,-0.5
42.75,land,359.16,0.19,0.336,1,954.2,510.2,4.3,-4.6,-0.09,0.65,120,119,-1,-1.0,-7.8,-1.0,-12.3,-0.02,-0.00,0.08,0.00,0.00,0.00,0.24,0.86,100,-1,0,5,0.3,0.03,0.336,0.345,-0.08,0,28,0,149.9,348.3,199.7,119.6,0.00,0,0.1,-1.2
42.85,land,359.15,0.20,0.335,1,954.2,510.2,4.3,-4.7,0.07,0.44,120,119,-1,-1.0,-7.1,-1.0,-12.1,-0.01,-0.00,0.07,0.00,0.00,0.00,0.25,0.61,100,-1,0,5,0.6,0.03,0.335,0.340,-0.05,0,28,0,149.9,348.3,199.7,119.6,0.00,0,0.0,-2.3
42.95,land,359.15,0.20,0.333,1,954.2,510.2,4.3,-4.7,0.07,0.44,120,119,-1,-0.9,-6.3,-1.0,-11.9,-0.00,-0.01,0.06,0.00,0.00,0.00,0.28,0.35,100,-1,0,5,0.6,0.02,0.333,0.336,-0.02,0,28,0,149.9,348.3,199.7,119.6,0.00,0,0.0,-2.3
43.05,land,359.14,0.20,0.332,1,954.3,510.3,4.3,-4.7,0.33,0.03,120,119,-1,-0.8,-5.6,-1.0,-11.5,0.01,-0.01,0.05,0.00,0.00,0.00,0.29,0.10,100,-1,0,5,1.0,0.02,0.332,0.338,0.01,0,28,0,149.9,348.3,199.7,119.6,0.00,0,0.3,-3.9
43.15,land,359.15,0.20,0.330,1,954.3,510.2,4.2,-4.8,0.46,-0.15,120,119,-1,-0.8,-4.9,-0.9,-11.1,0.01,0.00,0.04,0.00,0.00,0.00,0.30,-0.14,100,-1,0,5,1.0,0.02,0.330,0.334,0.04,0,28,0,149.7,349.4,197.8,119.9,0.00,0,0.8,-3.6
43.25,land,359.15,0.20,0.330,1,954.3,510.2,4.2,-4.7,0.46,-0.15,120,119,-1,-0.7,-4.2,-0.8,-10.8,0.00,0.01,0.03,0.00,0.00,0.00,0.32,-0.36,100,-1,0,5,1.0,0.02,0.330,0.333,0.05,0,28,0,149.7,349.4,197.8,119.9,0.00,0,0.8,-3.6
43.35,land,359.14,0.20,0.331,1,954.4,510.2,4.1,-4.7,0.57,-0.33,120,119,-1,-0.7,-3.6,-0.7,-10.5,-0.01,0.00,0.02,0.00,0.00,0.00,0.33,-0.57,100,-1,0,5,1.1,0.02,0.331,0.336,0.02,0,28,0,149.7,349.4,197.8,119.9,0.00,0,0.7,-3.3
43.45,land,359.13,0.21,0.334,1,954.4,510.2,4.1,-4.7,0.68,-0.48,120,119,-1,-0.6,-3.0,-0.7,-10.2,-0.01,0.00,0.01,0.00,0.00,0.00,0.35,-0.76,100,-1,0,5,1.1,0.02,0.334,0.340,-0.03,0,28,0,149.7,349.4,197.8,119.9,0.00,0,0.4,-3.0
43.55,land,359.12,0.23,0.337,1,954.6,510.0,4.0,-4.6,0.88,-0.79,120,120,-1,-0.6,-2.4,-0.6,-9.8,-0.01,-0.00,0.00,0.00,0.00,0.00,0.35,-0.94,100,-1,0,5,1.1,0.02,0.337,0.344,-0.09,0,28,0,149.4,350.5,195.7,120.3,0.00,0,-0.1,-3.7
43.65,land,359.11,0.24,0.336,1,954.6,510.0,3.9,-4.5,0.88,-0.79,120,120,-1,-0.5,-1.7,-0.6,-9.4,-0.01,-0.01,0.00,0.00,0.00,0.00,0.37,-1.12,100,-1,0,5,1.1,0.02,0.336,0.342,-0.08,0,28,0,149.4,350.5,195.7,120.3,0.00,0,-0.1,-3.7
43.75,land,359.10,0.24,0.334,1,954.7,509.9,3.8,-4.4,0.97,-0.94,120,120,-1,-0.5,-1.1,-0.6,-9.0,0.00,-0.01,0.00,0.00,0.00,0.00,0.37,-1.30,100,-1,0,4,1.1,0.02,0.334,0.339,-0.03,0,28,0,149.4,350.5,195.7,120.3,0.00,0,-0.2,-4.6
43.85,land,359.10,0.24,0.330,1,954.8,509.8,3.7,-4.3,1.08,-1.09,120,120,-1,-0.4,-0.5,-0.6,-8.5,0.01,-0.01,0.00,0.00,0.00,0.00,0.39,-1.48,100,-1,0,4,1.1,0.02,0.330,0.336,0.04,0,28,0,149.4,350.5,195.7,120.3,0.00,0,-0.1,-5.1
43.95,land,359.11,0.24,0.326,1,955.0,509.6,3.6,-4.2,1.23,-1.35,120,120,-1,-0.3,0.1,-0.5,-7.9,0.01,0.00,0.00,0.00,0.00,0.00,0.39,-1.65,100,-1,0,4,1.1,0.02,0.326,0.329,0.12,0,28,0,149.0,352.4,192.6,120.7,0.00,0,1.0,-5.1
44.05,land,359.12,0.23,0.325,1,955.0,509.6,3.5,-4.1,1.23,-1.35,120,120,-1,-0.3,0.6,-0.4,-7.5,-0.00,0.01,0.00,0.00,0.00,0.00,0.39,-1.79,100,-1,0,4,1.1,0.02,0.325,0.329,0.13,0,28,0,149.0,352.4,192.6,120.7,0.00,0,1.0,-5.1
44.15,land,359.12,0.23,0.327,1,955.2,509.4,3.3,-3.9,1.30,-1.45,120,120,-1,-0.3,1.1,-0.3,-7.0,-0.00,0.01,0.00,0.00,0.00,0.00,0.40,-1.90,100,-1,0,4,1.1,0.02,0.327,0.333,0.09,0,28,0,149.0,352.4,192.6,120.7,0.00,0,1.1,-4.6
44.25,land,359.11,0.24,0.331,1,955.4,509.1,3.2,-3.8,1.43,-1.63,120,120,-1,-0.2,1.5,-0.2,-6.5,-0.01,0.01,0.00,0.00,0.00,0.00,0.41,-2.01,100,-1,0,4,1.1,0.02,0.331,0.337,0.01,0,28,0,149.0,352.4,192.6,120.7,0.00,0,0.9,-4.5
44.35,land,359.09,0.25,0.335,1,955.4,509.1,3.1,-3.6,1.43,-1.63,120,120,-1,-0.1,2.0,-0.1,-6.1,-0.01,0.01,0.00,0.00,0.00,0.00,0.42,-2.12,100,-1,0,4,1.1,0.02,0.335,0.342,-0.07,0,28,0,148.7,354.0,189.9,121.1,0.00,0,0.9,-4.5
44.45,land,359.08,0.27,0.338,1,955.7,508.8,2.9,-3.5,1.52,-1.79,120,120,-1,-0.1,2.4,-0.0,-5.6,-0.00,0.00,0.00,0.00,0.00,0.00,0.41,-2.22,100,-1,0,4,1.1,0.02,0.338,0.341,-0.11,0,28,0,148.7,354.0,189.9,121.1,0.00,0,0.2,-5.1
44.55,land,359.07,0.28,0.335,1,955.7,508.8,2.8,-3.3,1.52,-1.79,120,120,-1,-0.1,2.8,-0.0,-5.1,0.00,-0.00,0.00,0.00,0.00,0.00,0.41,-2.31,100,-1,0,4,1.1,0.02,0.335,0.337,-0.06,0,28,0,148.7,354.0,189.9,121.1,0.00,0,0.2,-5.1
44.65,land,359.07,0.27,0.327,1,955.9,508.6,2.6,-3.1,1.56,-1.88,120,120,-1,-0.1,3.3,-0.0,-4.6,0.00,-0.01,0.00,0.00,0.00,0.00,0.40,-2.41,100,-1,0,4,1.0,0.02,0.327,0.331,0.09,0,28,0,148.7,354.0,189.9,121.1,0.00,0,-0.1,-5.1
44.75,land,359.09,0.25,0.319,1,956.2,508.2,2.5,-2.9,1.63,-2.00,120,121,-1,-0.1,3.7,0.0,-4.1,-0.00,-0.00,0.00,0.00,0.00,0.00,0.41,-2.49,100,-1,0,4,1.0,0.02,0.319,0.322,0.24,0,28,0,148.4,355.9,186.7,121.5,0.00,0,0.1,-4.6
44.85,land,359.11,0.24,0.318,1,956.2,508.2,2.3,-2.7,1.63,-2.00,120,121,-1,-0.1,4.0,0.0,-3.6,-0.01,-0.00,0.00,0.00,0.00,0.00,0.39,-2.55,100,-1,0,4,1.0,0.02,0.318,0.321,0.27,0,28,0,148.4,355.9,186.7,121.5,0.00,0,0.1,-4.6
44.95,land,359.12,0.23,0.321,1,956.4,508.0,2.1,-2.5,1.65,-2.04,120,121,-1,-0.1,4.3,0.0,-3.2,-0.01,-0.00,0.00,0.00,0.00,0.00,0.39,-2.60,100,-1,0,4,1.0,0.02,0.321,0.325,0.19,0,28,0,148.4,355.9,186.7,121.5,0.00,0,0.0,-4.5
45.05,land,359.12,0.22,0.324,1,956.5,507.8,2.0,-2.3,1.67,-2.08,120,121,-1,-0.0,4.6,0.0,-2.7,-0.01,-0.01,0.00,0.00,0.00,0.00,0.39,-2.64,100,-1,0,4,1.0,0.02,0.324,0.329,0.12,0,28,0,148.4,355.9,186.7,121.5,0.00,0,-0.0,-4.5
45.15,land,359.12,0.23,0.328,1,956.7,507.6,1.8,-2.1,1.67,-2.10,120,121,-1,-0.1,4.8,0.0,-2.3,-0.01,-0.01,0.00,0.00,0.00,0.00,0.37,-2.66,100,-1,0,4,1.0,0.02,0.328,0.333,0.05,0,28,0,148.1,357.7,183.7,121.9,0.00,0,-0.1,-4.5
45.25,land,359.11,0.24,0.331,1,956.9,507.4,1.6,-1.9,1.69,-2.11,121,121,-1,-0.0,5.1,0.0,-1.9,-0.01,-0.01,0.00,0.00,0.00,0.00,0.38,-2.68,100,-1,0,4,1.0,0.02,0.331,0.337,-0.02,0,28,0,148.1,357.7,183.7,121.9,0.00,0,-0.2,-4.4
45.35,land,359.09,0.26,0.335,1,957.2,507.0,1.5,-1.7,1.69,-2.13,121,121,-1,-0.0,5.3,-0.0,-1.4,-0.00,-0.01,0.00,0.00,0.00,0.00,0.38,-2.69,100,-1,0,4,1.0,0.01,0.335,0.341,-0.09,0,28,0,148.1,357.7,183.7,121.9,0.00,0,-0.1,-4.5
45.45,land,359.07,0.28,0.337,1,957.4,506.7,1.3,-1.5,1.69,-2.13,121,121,-1,-0.0,5.5,-0.0,-1.0,0.00,-0.01,0.00,0.00,0.00,0.00,0.37,-2.70,100,-1,0,4,0.9,0.01,0.337,0.341,-0.13,0,28,0,148.1,357.7,183.7,121.9,0.00,0,0.4,-4.6
45.55,land,359.05,0.30,0.336,1,957.4,506.7,1.1,-1.2,1.69,-2.13,121,121,-1,0.0,5.7,0.0,-0.5,0.00,0.00,0.00,0.00,0.00,0.00,0.36,-2.70,100,-1,0,4,0.9,0.01,0.336,0.339,-0.10,0,28,0,147.7,359.5,180.8,122.3,0.00,0,0.4,-4.6
45.65,land,359.05,0.30,0.330,1,957.5,506.5,1.0,-1.0,1.67,-2.12,121,121,-1,-0.0,5.8,0.1,-0.0,0.01,0.00,0.00,0.00,0.00,0.00,0.35,-2.68,100,-1,0,4,1.0,0.01,0.330,0.334,0.02,0,28,0,147.7,359.5,180.8,122.3,0.00,0,0.7,-4.6
45.75,land,359.07,0.28,0.320,1,957.9,506.1,0.8,-0.8,1.65,-2.09,121,121,-1,0.0,5.9,0.2,0.4,0.01,0.00,0.00,0.00,0.00,0.00,0.35,-2.67,100,-1,0,4,0.9,0.01,0.320,0.325,0.21,0,28,0,147.7,359.5,180.8,122.3,0.00,0,0.3,-4.2
45.85,land,359.09,0.26,0.315,1,957.9,506.1,0.6,-0.6,1.65,-2.09,121,121,-1,0.0,6.0,0.2,0.8,0.00,-0.00,0.00,0.00,0.00,0.00,0.34,-2.64,100,-1,0,3,0.9,0.01,0.315,0.318,0.30,0,28,0,147.7,359.5,180.8,122.3,0.00,0,0.3,-4.2
45.95,land,359.11,0.24,0.316,1,958.2,505.7,0.5,-0.4,1.58,-2.02,121,122,-1,-0.0,6.0,0.2,1.2,0.01,-0.00,0.00,0.00,0.00,0.00,0.31,-2.59,100,-1,0,3,0.9,0.01,0.316,0.320,0.26,0,28,0,147.3,1.1,178.3,122.7,0.00,0,-0.0,-4.0
46.05,land,359.12,0.23,0.320,1,958.2,505.7,0.3,-0.2,1.58,-2.02,121,122,-1,-0.0,6.1,0.2,1.6,0.01,-0.01,0.00,0.00,0.00,0.00,0.31,-2.55,100,-1,0,3,0.9,0.01,0.320,0.325,0.18,0,28,0,147.3,1.1,178.3,122.7,0.00,0,-0.0,-4.0
46.15,land,359.12,0.23,0.323,1,958.5,505.3,0.2,0.0,1.52,-1.94,121,122,-1,-0.0,6.1,0.2,2.0,0.01,-0.01,0.00,0.00,0.00,0.00,0.30,-2.51,100,-1,0,3,0.9,0.01,0.323,0.330,0.11,0,28,0,147.3,1.1,178.3,122.7,0.00,0,-0.1,-3.8
46.25,land,359.11,0.23,0.326,1,958.5,505.3,-0.0,0.2,1.52,-1.94,121,122,-1,-0.1,6.1,0.2,2.4,0.01,-0.01,0.00,0.00,0.00,0.00,0.28,-2.45,100,-1,0,3,0.9,0.01,0.326,0.335,0.04,0,28,0,147.3,1.1,178.3,122.7,0.00,0,-0.1,-3.8
46.35,land,359.10,0.24,0.330,1,958.7,505.1,-0.2,0.4,1.47,-1.89,121,122,-1,-0.1,6.0,0.1,2.7,0.02,-0.01,0.00,0.00,0.00,0.00,0.27,-2.38,100,-1,0,3,0.9,0.01,0.330,0.340,-0.03,0,28,0,146.9,2.7,175.9,123.1,0.00,0,-0.2,-3.8
46.45,land,359.09,0.26,0.332,1,958.8,504.9,-0.3,0.6,1.43,-1.83,122,122,-1,-0.1,6.0,0.1,3.1,0.01,-0.00,0.00,0.00,0.00,0.00,0.26,-2.31,100,-1,0,3,0.9,0.01,0.332,0.340,-0.07,0,28,0,146.9,2.7,175.9,123.1,0.00,0,-0.1,-3.6
46.55,land,359.07,0.27,0.333,1,959.1,504.6,-0.4,0.8,1.34,-1.70,122,122,-1,-0.1,5.9,0.2,3.4,0.01,0.00,0.00,0.00,0.00,0.00,0.25,-2.23,100,-1,0,3,0.8,0.01,0.333,0.337,-0.07,0,28,0,146.9,2.7,175.9,123.1,0.00,0,0.3,-2.3
46.65,land,359.07,0.28,0.331,1,959.1,504.6,-0.6,0.9,1.34,-1.70,122,122,-1,-0.1,5.8,0.2,3.6,0.00,0.00,0.00,0.00,0.00,0.00,0.24,-2.15,100,-1,0,3,0.8,0.01,0.331,0.333,-0.05,0,28,0,146.9,2.7,175.9,123.1,0.00,0,0.3,-2.3
46.75,land,359.07,0.28,0.329,1,959.3,504.3,-0.7,1.1,1.23,-1.56,122,122,-1,-0.1,5.7,0.2,3.7,-0.01,-0.00,0.00,0.00,0.00,0.00,0.24,-2.07,100,-1,0,3,0.9,0.01,0.329,0.331,0.01,0,28,0,146.5,3.6,174.6,123.4,0.00,0,0.2,-1.2
46.85,land,359.06,0.28,0.329,1,959.3,504.3,-0.8,1.2,1.23,-1.56,122,122,-1,-0.2,5.5,0.2,3.9,-0.01,-0.00,0.00,0.00,0.00,0.00,0.22,-1.97,100,-1,0,2,0.9,0.01,0.329,0.332,0.00,0,28,0,146.5,3.6,174.6,123.4,0.00,0,0.2,-1.2
46.95,land,359.05,0.29,0.333,1,959.6,504.0,-0.9,1.4,1.12,-1.42,122,122,-1,-0.2,5.4,0.2,4.0,-0.01,-0.00,0.00,0.00,0.00,0.00,0.21,-1.90,100,-1,0,2,0.7,0.01,0.333,0.336,-0.07,0,28,0,146.5,3.6,174.6,123.4,0.00,0,0.1,-0.9
47.05,land,359.04,0.31,0.336,1,959.7,503.8,-1.1,1.5,1.08,-1.34,122,122,-1,-0.2,5.2,0.2,4.1,-0.00,-0.00,0.00,0.00,0.00,0.00,0.20,-1.80,100,-1,0,2,1.0,0.01,0.336,0.339,-0.14,0,28,0,146.5,3.6,174.6,123.4,0.00,0,-0.0,-1.6
47.15,land,359.02,0.33,0.337,1,959.8,503.7,-1.2,1.7,1.01,-1.26,122,123,-1,-0.2,5.1,0.2,4.2,0.01,-0.00,0.00,0.00,0.00,0.00,0.20,-1.71,100,-1,0,2,0.8,0.00,0.337,0.342,-0.15,0,28,0,146.2,4.1,173.9,123.8,0.00,0,-0.1,-1.7
47.25,land,359.02,0.33,0.331,1,959.9,503.6,-1.3,1.8,0.94,-1.18,122,123,-1,-0.3,4.9,0.2,4.4,0.01,-0.00,0.00,0.00,0.00,0.00,0.18,-1.61,100,-1,0,2,0.8,0.00,0.331,0.338,-0.03,0,28,0,146.2,4.1,173.9,123.8,0.00,0,0.0,-1.6
47.35,land,359.03,0.32,0.323,1,959.9,503.6,-1.4,1.9,0.94,-1.18,122,123,-1,-0.3,4.7,0.2,4.6,0.01,-0.00,0.00,0.00,0.00,0.00,0.17,-1.50,100,-1,0,2,0.8,0.00,0.323,0.329,0.13,0,28,0,146.2,4.1,173.9,123.8,0.00,0,0.0,-1.6
47.45,land,359.05,0.30,0.319,1,960.0,503.5,-1.5,2.0,0.88,-1.09,123,123,-1,-0.3,4.4,0.2,4.7,0.00,-0.00,0.00,0.00,0.00,0.00,0.16,-1.39,100,-1,0,2,0.8,0.00,0.319,0.321,0.21,0,28,0,146.2,4.1,173.9,123.8,0.00,0,0.1,-0.9
47.55,land,359.07,0.27,0.120,1,960.1,503.3,-1.5,2.1,0.77,-0.93,123,123,-1,-0.4,4.2,0.2,4.7,0.00,-0.00,0.00,0.00,0.00,0.00,0.14,-1.29,100,-1,0,2,1.0,0.00,0.120,0.122,0.20,0,28,0,145.8,4.6,173.3,124.1,0.00,0,-0.0,-0.6
47.65,land,359.08,0.27,0.120,1,960.2,503.2,-1.6,2.2,0.73,-0.88,123,123,-1,-0.3,4.0,0.2,4.8,0.01,-0.00,0.00,0.00,0.00,0.00,0.14,-1.20,100,-1,0,2,1.1,0.00,0.120,0.123,0.13,0,28,0,145.8,4.6,173.3,124.1,0.00,0,-0.1,-0.7
47.75,land,359.02,0.32,0.120,1,960.2,503.2,-1.7,2.3,0.73,-0.88,123,123,-1,-0.4,3.9,0.2,4.8,0.01,-0.00,0.00,0.00,0.00,0.00,0.13,-1.13,100,-1,0,2,1.1,-0.00,0.120,0.124,-0.33,0,28,0,145.8,4.6,173.3,124.1,0.00,0,-0.1,-0.7
47.85,land,358.88,0.46,0.120,1,960.3,503.0,-1.8,2.4,0.68,-0.82,123,123,-1,-0.4,3.9,0.2,4.9,0.01,-0.00,0.00,0.00,0.00,0.00,0.13,-1.10,100,-1,0,2,0.8,0.00,0.120,0.124,-1.17,0,28,0,145.8,4.6,173.3,124.1,0.00,0,-0.1,-0.5
47.95,land,358.66,0.68,0.120,1,960.3,503.0,-1.8,2.5,0.68,-0.82,123,124,-1,-0.4,3.9,0.2,4.9,0.01,-0.00,0.00,0.00,0.00,0.00,0.12,-1.06,100,-1,0,1,0.8,0.00,0.120,0.125,-2.00,0,28,0,145.5,4.8,173.0,124.4,0.00,0,-0.1,-0.5
48.05,land,358.36,0.99,0.120,1,960.5,502.8,-1.9,2.6,0.64,-0.78,123,124,-1,-0.4,3.8,0.1,5.0,0.01,-0.00,0.00,0.00,0.00,0.00,0.11,-1.03,100,-1,0,1,1.0,0.00,0.120,0.125,-2.82,0,28,0,145.5,4.8,173.0,124.4,0.00,0,-0.1,-0.6
48.15,land,357.97,1.37,0.120,1,960.5,502.8,-2.0,2.7,0.64,-0.78,123,124,-1,-0.4,3.8,0.1,5.0,0.01,-0.00,0.00,0.00,0.00,0.00,0.11,-1.00,100,-1,0,1,1.0,-0.00,0.120,0.126,-3.63,0,28,0,145.5,4.8,173.0,124.4,0.00,0,-0.1,-0.6
48.25,land,357.51,1.84,0.120,1,960.5,502.8,-2.0,2.7,0.64,-0.76,123,124,-1,-0.4,3.8,0.1,5.0,0.01,-0.00,0.00,0.00,0.00,0.00,0.12,-0.98,100,-1,0,1,0.4,0.00,0.120,0.126,-4.44,0,28,0,145.5,4.8,173.0,124.4,0.00,0,-0.1,-0.2
48.35,land,356.96,2.38,0.120,1,960.6,502.6,-2.1,2.8,0.59,-0.70,123,124,-1,-0.4,3.8,0.1,5.1,0.01,-0.00,0.00,0.00,0.00,0.00,0.12,-0.94,100,-1,0,1,0.7,0.01,0.120,0.127,-5.24,0,28,0,145.1,5.0,172.8,124.8,0.00,0,-0.1,-0.4
48.45,land,356.34,3.01,0.120,1,960.7,502.6,-2.1,2.9,0.57,-0.68,123,124,-1,-0.4,3.7,0.1,5.1,0.01,-0.00,0.00,0.00,0.00,0.00,0.11,-0.91,100,-1,0,1,0.6,-0.00,0.120,0.127,-6.03,0,28,0,145.1,5.0,172.8,124.8,0.00,0,-0.1,-0.4
48.55,land,355.26,4.09,0.120,1,960.8,502.5,-2.2,2.9,0.55,-0.65,124,124,-1,-0.4,3.7,0.0,5.2,0.01,-0.00,0.00,0.00,0.00,0.00,0.10,-0.88,100,-1,0,1,0.6,-0.00,0.120,0.127,-6.82,0,28,0,145.1,5.0,172.8,124.8,0.00,0,-0.1,-0.3
48.65,land,354.86,4.49,0.120,1,960.8,502.5,-2.3,3.0,0.55,-0.65,124,124,-1,-0.4,3.7,0.0,5.2,0.01,-0.01,0.00,0.00,0.00,0.00,0.10,-0.84,100,-1,0,1,0.6,-0.00,0.120,0.128,-7.60,0,28,0,145.1,5.0,172.8,124.8,0.00,0,-0.1,-0.3
48.75,land,354.00,5.35,0.120,1,960.8,502.4,-2.3,3.1,0.53,-0.63,124,124,-1,-0.4,3.6,-0.0,5.3,0.02,-0.01,0.00,0.00,0.00,0.00,0.09,-0.81,100,-1,0,1,0.9,-0.01,0.120,0.128,-8.37,0,28,0,144.8,5.3,172.5,125.0,0.00,0,-0.2,-0.5
48.85,land,353.07,6.28,0.120,1,960.9,502.3,-2.4,3.1,0.51,-0.58,124,124,-1,-0.4,3.6,-0.1,5.3,0.02,-0.01,0.00,0.00,0.00,0.00,0.10,-0.80,100,-1,0,1,0.8,0.00,0.120,0.129,-9.14,0,28,0,144.8,5.3,172.5,125.0,0.00,0,-0.3,-0.4
48.95,land,352.06,7.29,0.120,1,960.9,502.3,-2.4,3.2,0.51,-0.58,124,124,-1,-0.4,3.6,-0.1,5.3,0.02,-0.01,0.00,0.00,0.00,0.00,0.10,-0.77,100,-1,0,1,0.8,-0.01,0.120,0.129,-9.89,0,28,0,144.8,5.3,172.5,125.0,0.00,0,-0.3,-0.4
49.05,land,350.97,8.37,0.120,1,961.0,502.2,-2.5,3.2,0.46,-0.53,124,124,-1,-0.4,3.5,-0.1,5.4,0.02,-0.01,0.00,0.00,0.00,0.00,0.09,-0.73,100,-1,0,1,0.5,0.00,0.120,0.130,-10.65,0,28,0,144.8,5.3,172.5,125.0,0.00,0,-0.2,-0.2
49.15,land,349.82,9.53,0.120,1,961.0,502.2,-2.5,3.3,0.46,-0.53,124,124,-1,-0.4,3.5,-0.2,5.4,0.02,-0.01,0.00,0.00,0.00,0.00,0.09,-0.70,100,-1,0,0,0.5,-0.00,0.120,0.130,-11.39,0,28,0,144.5,5.5,172.3,125.3,0.00,0,-0.2,-0.2
49.25,land,348.58,10.76,0.120,1,961.1,502.1,-2.6,3.4,0.42,-0.48,124,124,-1,-0.5,3.4,-0.2,5.5,0.02,-0.01,0.00,0.00,0.00,0.00,0.08,-0.66,100,-1,0,0,0.4,-0.01,0.120,0.131,-12.13,0,28,0,144.5,5.5,172.3,125.3,0.00,0,-0.2,-0.2
49.35,land,347.28,12.07,0.120,1,961.1,502.1,-2.6,3.4,0.42,-0.45,124,124,-1,-0.5,3.4,-0.2,5.5,0.02,-0.01,0.00,0.00,0.00,0.00,0.07,-0.63,100,-1,0,0,0.9,-0.00,0.120,0.131,-12.86,0,28,0,144.5,5.5,172.3,125.3,0.00,0,-0.4,-0.4
49.45,land,345.90,13.44,0.120,1,961.1,502.1,-2.6,3.4,0.42,-0.45,124,124,-1,-0.4,3.4,-0.3,5.5,0.02,-0.01,0.00,0.00,0.00,0.00,0.09,-0.61,100,-1,0,0,0.9,-0.01,0.120,0.132,-13.59,0,28,0,144.5,5.5,172.3,125.3,0.00,0,-0.4,-0.4
49.55,land,344.45,14.89,0.120,1,961.2,502.0,-2.7,3.5,0.40,-0.43,124,125,-1,-0.4,3.3,-0.3,5.6,0.02,-0.01,0.00,0.00,0.00,0.00,0.09,-0.58,100,-1,0,0,0.0,0.00,0.120,0.133,-14.30,0,28,0,144.3,5.8,172.0,125.6,0.00,0,0.0,0.0
49.65,land,342.93,16.41,0.120,1,961.3,501.9,-2.7,3.5,0.35,-0.38,124,125,-1,-0.5,3.3,-0.3,5.6,0.02,-0.01,0.00,0.00,0.00,0.00,0.08,-0.55,100,-1,0,0,0.6,-0.01,0.120,0.133,-15.02,0,28,0,144.3,5.8,172.0,125.6,0.00,0,-0.3,-0.3
49.75,land,341.34,18.00,0.120,1,961.3,501.9,-2.8,3.6,0.35,-0.35,124,125,-1,-0.5,3.2,-0.4,5.6,0.02,-0.01,0.00,0.00,0.00,0.00,0.07,-0.52,100,-1,0,-0,0.9,-0.01,0.120,0.134,-15.72,0,28,0,144.3,5.8,172.0,125.6,0.00,0,-0.5,-0.4
49.85,land,339.68,19.66,0.120,1,961.3,501.9,-2.8,3.6,0.33,-0.33,125,125,-1,-0.4,3.2,-0.4,5.7,0.02,-0.01,0.00,0.00,0.00,0.00,0.09,-0.49,100,-1,0,-0,0.9,-0.01,0.120,0.135,-16.42,0,28,0,144.3,5.8,172.0,125.6,0.00,0,-0.3,-0.2
49.95,land,337.96,21.39,0.120,1,961.3,501.9,-2.8,3.6,0.33,-0.33,125,125,-1,-0.4,3.1,-0.4,5.7,0.02,-0.01,0.00,0.00,0.00,0.00,0.08,-0.46,100,-1,0,-0,0.9,-0.01,0.120,0.132,-17.08,0,28,0,144.0,6.0,171.8,125.9,0.00,0,-0.3,-0.2
50.05,land,336.17,23.17,0.120,1,961.4,501.8,-2.9,3.7,0.29,-0.27,125,125,-1,-0.4,3.0,-0.4,5.6,0.02,-0.00,0.00,0.00,0.00,0.00,0.08,-0.42,100,-1,0,-0,0.6,-0.01,0.120,0.127,-17.71,0,28,0,144.0,6.0,171.8,125.9,0.00,0,0.3,0.5
50.15,land,334.32,25.02,0.120,1,961.4,501.8,-2.9,3.7,0.29,-0.27,125,125,-1,-0.4,3.0,-0.4,5.6,0.01,-0.00,0.00,0.00,0.00,0.00,0.08,-0.39,100,-1,0,-0,0.6,-0.01,0.120,0.126,-18.36,0,28,0,144.0,6.0,171.8,125.9,0.00,0,0.3,0.5
50.25,land,332.40,26.94,0.120,1,961.4,501.8,-2.9,3.7,0.26,-0.25,125,125,-1,-0.5,2.9,-0.4,5.5,0.01,-0.00,0.00,0.00,0.00,0.00,0.07,-0.36,100,-1,0,-0,0.6,-0.01,0.120,0.126,-19.03,0,28,0,144.0,6.0,171.8,125.9,0.00,0,0.3,0.5
50.30,land,331.42,27.93,0.120,1,961.4,501.8,-2.9,3.7,0.26,-0.22,125,125,-1,-0.5,2.9,-0.4,5.5,0.01,-0.00,0.00,0.00,0.00,0.00,0.07,-0.36,100,-1,0,-0,0.9,-0.01,0.120,0.126,-19.03,0,28,0,143.8,5.8,172.2,126.1,0.00,0,0.4,0.7
50.35,land,330.42,28.93,0.120,1,961.5,501.7,-2.9,3.7,0.24,-0.20,125,125,-1,-0.4,2.8,-0.3,5.5,0.02,-0.00,0.00,0.00,0.00,0.00,0.09,-0.33,100,-1,0,-1,0.9,-0.01,0.120,0.126,-19.70,0,28,0,143.8,5.8,172.2,126.1,0.00,0,0.4,0.7
50.45,land,328.37,30.98,0.120,1,961.5,501.7,-3.0,3.8,0.24,-0.20,125,125,-1,-0.4,2.8,-0.3,5.4,0.02,-0.00,0.00,0.00,0.00,0.00,0.08,-0.30,100,-1,0,-1,0.9,-0.01,0.120,0.127,-20.37,0,28,0,143.8,5.8,172.2,126.1,0.00,0,0.4,0.7
50.55,land,325.16,34.18,0.120,1,961.5,501.7,-3.0,3.8,0.22,-0.18,125,125,-1,-0.4,2.7,-0.3,5.4,0.02,-0.00,0.00,0.00,0.00,0.00,0.08,-0.27,100,-1,0,-1,0.9,-0.02,0.120,0.127,-21.02,0,28,0,143.8,5.8,172.2,126.1,0.00,0,0.4,0.7
50.65,land,324.06,35.28,0.120,1,961.5,501.7,-3.0,3.8,0.20,-0.13,125,125,-1,-0.4,2.7,-0.3,5.3,0.02,-0.00,0.00,0.00,0.00,0.00,0.09,-0.25,100,-1,0,-1,0.0,-0.01,0.120,0.127,-21.68,0,28,0,143.5,5.5,172.5,126.3,0.00,0,0.0,0.0
50.75,land,321.82,37.53,0.120,1,961.5,501.7,-3.0,3.8,0.18,-0.12,125,125,-1,-0.4,2.6,-0.3,5.3,0.02,-0.00,0.00,0.00,0.00,0.00,0.09,-0.22,100,-1,0,-1,0.7,-0.01,0.120,0.127,-22.32,0,28,0,143.5,5.5,172.5,126.3,0.00,0,0.2,0.5
50.85,land,319.51,39.84,0.120,1,961.5,501.7,-3.0,3.8,0.18,-0.12,125,125,-1,-0.4,2.6,-0.2,5.2,0.02,-0.00,0.00,0.00,0.00,0.00,0.07,-0.20,100,-1,0,-1,0.7,-0.01,0.120,0.127,-22.96,0,28,0,143.5,5.5,172.5,126.3,0.00,0,0.2,0.5
50.95,land,317.13,42.21,0.120,1,961.6,501.7,-3.1,3.8,0.18,-0.10,125,125,-1,-0.4,2.5,-0.2,5.2,0.02,-0.00,0.00,0.00,0.00,0.00,0.09,-0.18,100,-1,0,-1,0.8,-0.02,0.120,0.128,-23.59,0,28,0,143.5,5.5,172.5,126.3,0.00,0,0.3,0.6
51.05,land,314.70,44.65,0.120,1,961.6,501.6,-3.1,3.8,0.15,-0.07,125,126,-1,-0.4,2.4,-0.2,5.1,0.02,-0.00,0.00,0.00,0.00,0.00,0.08,-0.15,100,-1,0,-1,0.8,-0.02,0.120,0.128,-24.22,0,28,0,143.3,5.3,172.9,126.6,0.00,0,0.2,0.6
51.15,land,312.20,47.15,0.120,1,961.6,501.6,-3.1,3.9,0.13,-0.05,125,126,-1,-0.4,2.4,-0.2,5.1,0.02,-0.00,0.00,0.00,0.00,0.00,0.09,-0.14,100,-1,0,-1,0.6,-0.02,0.120,0.128,-24.84,0,28,0,143.3,5.3,172.9,126.6,0.00,0,0.1,0.4
51.25,land,309.64,49.71,0.120,1,961.6,501.6,-3.1,3.9,0.13,-0.05,126,126,-1,-0.4,2.4,-0.2,5.1,0.02,-0.00,0.00,0.00,0.00,0.00,0.08,-0.12,100,-1,0,-1,0.6,-0.01,0.120,0.128,-25.45,0,28,0,143.3,5.3,172.9,126.6,0.00,0,0.1,0.4
51.35,land,307.02,52.33,0.120,1,961.6,501.6,-3.1,3.9,0.13,-0.04,126,126,-1,-0.4,2.4,-0.2,5.0,0.02,-0.00,0.00,0.00,0.00,0.00,0.08,-0.11,100,-1,0,-1,0.7,-0.02,0.120,0.129,-26.05,0,28,0,143.3,5.3,172.9,126.6,0.00,0,0.1,0.4
51.45,land,304.34,55.01,0.120,1,961.6,501.6,-3.1,3.9,0.11,-0.03,126,126,-1,-0.4,2.3,-0.2,5.0,0.02,-0.00,0.00,0.00,0.00,0.00,0.07,-0.09,100,-1,0,-1,0.5,-0.01,0.120,0.129,-26.65,0,28,0,143.1,5.1,173.2,126.8,0.00,0,0.1,0.3
51.55,land,300.21,59.13,0.120,1,961.6,501.6,-3.1,3.9,0.11,-0.01,126,126,-1,-0.4,2.3,-0.2,4.9,0.02,-0.00,0.00,0.00,0.00,0.00,0.08,-0.08,100,-1,0,-1,0.6,-0.02,0.120,0.130,-27.23,0,28,0,143.1,5.1,173.2,126.8,0.00,0,0.1,0.3
51.65,land,298.81,60.54,0.120,1,961.7,501.6,-3.1,3.9,0.09,-0.01,126,126,-1,-0.4,2.3,-0.2,4.9,0.02,-0.00,0.00,0.00,0.00,0.00,0.08,-0.07,100,-1,0,-1,0.0,-0.02,0.120,0.130,-27.82,0,28,0,143.1,5.1,173.2,126.8,0.00,0,0.0,0.0
51.75,land,295.96,63.39,0.120,1,961.7,501.6,-3.2,3.9,0.09,-0.01,126,126,-1,-0.5,2.2,-0.2,4.9,0.02,-0.00,0.00,0.00,0.00,0.00,0.06,-0.06,100,-1,0,-1,0.0,-0.01,0.120,0.130,-28.39,0,28,0,143.1,5.1,173.2,126.8,0.00,0,0.0,0.0
51.85,land,293.05,66.30,0.120,1,961.7,501.6,-3.2,3.9,0.09,-0.01,126,126,-1,-0.4,2.3,-0.2,4.9,0.02,-0.00,0.00,0.00,0.00,0.00,0.06,-0.06,100,-1,0,-1,0.0,-0.01,0.120,0.131,-28.96,0,28,0,142.8,5.0,173.4,127.1,0.00,0,0.0,0.0
51.95,land,290.08,69.27,0.120,1,961.7,501.6,-3.2,3.9,0.09,0.00,126,126,-1,-0.4,2.3,-0.2,4.9,0.02,-0.00,0.00,0.00,0.00,0.00,0.06,-0.06,100,-1,0,-1,0.4,-0.01,0.120,0.131,-29.52,0,28,0,142.8,5.0,173.4,127.1,0.00,0,-0.0,0.1
52.05,land,287.06,72.29,0.120,1,961.7,501.6,-3.2,3.9,0.09,0.00,126,126,-1,-0.4,2.3,-0.2,4.8,0.03,-0.00,0.00,0.00,0.00,0.00,0.07,-0.05,100,-1,0,-2,0.0,-0.02,0.120,0.132,-30.07,0,28,0,142.8,5.0,173.4,127.1,0.00,0,0.0,0.0
52.15,land,283.98,75.36,0.120,1,961.7,501.6,-3.2,3.9,0.09,-0.01,126,126,-1,-0.4,2.3,-0.2,4.8,0.03,-0.00,0.00,0.00,0.00,0.00,0.07,-0.05,100,-1,0,-2,0.0,-0.01,0.120,0.132,-30.62,0,28,0,142.8,5.0,173.4,127.1,0.00,0,0.0,0.0
52.25,land,280.85,78.49,0.120,1,961.7,501.6,-3.2,3.9,0.09,-0.01,126,126,-1,-0.4,2.3,-0.2,4.8,0.03,-0.00,0.00,0.00,0.00,0.00,0.06,-0.06,100,-1,0,-2,0.0,-0.01,0.120,0.132,-31.17,0,28,0,142.7,5.0,173.4,127.2,0.00,0,0.0,0.0
52.35,land,277.67,81.68,0.120,1,961.7,501.6,-3.2,3.9,0.09,-0.01,126,126,-1,-0.4,2.3,-0.2,4.8,0.03,-0.01,0.00,0.00,0.00,0.00,0.06,-0.06,100,-1,0,-2,0.3,-0.01,0.120,0.133,-31.70,0,28,0,142.7,5.0,173.4,127.2,0.00,0,-0.1,-0.0
52.45,land,274.43,84.91,0.120,1,961.7,501.6,-3.2,3.9,0.09,-0.01,126,126,-1,-0.4,2.3,-0.3,4.8,0.03,-0.01,0.00,0.00,0.00,0.00,0.06,-0.06,100,-1,0,-2,0.0,-0.02,0.120,0.133,-32.23,0,28,0,142.7,5.0,173.4,127.2,0.00,0,0.0,0.0
52.55,land,269.48,89.87,0.120,1,961.7,501.6,-3.2,3.9,0.09,-0.01,126,126,-1,-0.4,2.3,-0.3,4.9,0.03,-0.01,0.00,0.00,0.00,0.00,0.06,-0.06,100,-1,0,-2,0.0,-0.01,0.120,0.134,-32.76,0,28,0,142.7,5.0,173.4,127.2,0.00,0,0.0,0.0
52.65,land,267.80,91.54,0.120,1,961.7,501.6,-3.2,3.9,0.09,-0.01,126,127,-1,-0.4,2.3,-0.3,4.9,0.03,-0.01,0.00,0.00,0.00,0.00,0.06,-0.06,100,-1,0,-2,0.2,-0.02,0.120,0.135,-33.28,0,28,0,142.5,5.1,173.4,127.4,0.00,0,-0.1,-0.1
52.75,land,264.42,94.93,0.120,1,961.8,501.6,-3.2,3.9,0.09,-0.01,126,127,-1,-0.4,2.3,-0.3,4.9,0.03,-0.00,0.00,0.00,0.00,0.00,0.06,-0.06,100,-1,0,-2,0.2,-0.01,0.120,0.131,-33.76,0,28,0,142.5,5.1,173.4,127.4,0.00,0,0.3,0.4
52.85,land,260.98,98.36,0.120,1,961.8,501.6,-3.3,3.9,0.09,-0.01,126,127,-1,-0.4,2.4,-0.2,4.8,0.02,0.00,0.00,0.00,0.00,0.00,0.06,-0.06,100,-1,0,-2,0.2,-0.02,0.120,0.129,-34.21,0,28,0,142.5,5.1,173.4,127.4,0.00,0,0.3,0.4
52.95,land,257.50,101.84,0.120,1,961.8,501.6,-3.3,3.9,0.09,-0.01,126,127,-1,-0.4,2.4,-0.2,4.7,0.02,0.01,0.00,0.00,0.00,0.00,0.06,-0.06,100,-1,0,-2,0.1,-0.02,0.120,0.129,-34.69,0,28,0,142.5,5.1,173.4,127.4,0.00,0,0.4,0.5
53.05,land,253.98,105.37,0.120,1,961.8,501.6,-3.3,3.9,0.09,-0.02,126,127,-1,-0.4,2.4,-0.1,4.7,0.02,0.01,0.00,0.00,0.00,0.00,0.06,-0.06,100,-1,0,-2,0.1,-0.02,0.120,0.129,-35.19,0,28,0,142.4,4.8,173.8,127.5,0.00,0,0.5,0.6
53.15,land,250.40,108.95,0.120,1,961.8,501.6,-3.3,3.9,0.09,-0.02,126,127,-1,-0.4,2.4,-0.1,4.6,0.02,0.01,0.00,0.00,0.00,0.00,0.06,-0.07,100,-1,0,-2,0.1,-0.02,0.120,0.129,-35.68,0,28,0,142.4,4.8,173.8,127.5,0.00,0,0.5,0.6
53.25,land,246.77,112.58,0.120,1,961.8,501.6,-3.3,3.9,0.09,-0.03,127,127,-1,-0.4,2.4,-0.0,4.5,0.02,0.01,0.00,0.00,0.00,0.00,0.06,-0.07,100,-1,0,-2,0.1,-0.02,0.120,0.129,-36.17,0,28,0,142.4,4.8,173.8,127.5,0.00,0,0.5,0.6
53.35,land,243.09,116.26,0.120,1,961.8,501.6,-3.3,3.9,0.09,-0.03,127,127,-1,-0.5,2.5,0.0,4.5,0.02,0.01,0.00,0.00,0.00,0.00,0.05,-0.08,100,-1,0,-2,0.1,-0.02,0.120,0.129,-36.66,0,28,0,142.4,4.8,173.8,127.5,0.00,0,0.5,0.6
53.45,land,239.37,119.98,0.120,1,961.8,501.6,-3.3,3.9,0.09,-0.03,127,127,-1,-0.5,2.5,0.0,4.5,0.02,0.01,0.00,0.00,0.00,0.00,0.05,-0.08,100,-1,0,-2,0.1,-0.02,0.120,0.129,-37.14,0,28,0,142.4,4.4,174.3,127.5,0.00,0,0.5,0.6
53.55,land,235.59,123.75,0.120,1,961.8,501.6,-3.3,3.9,0.09,-0.04,127,127,-1,-0.5,2.5,0.1,4.4,0.02,0.01,0.00,0.00,0.00,0.00,0.04,-0.09,100,-1,0,-2,0.0,-0.02,0.120,0.130,-37.61,0,28,0,142.4,4.4,174.3,127.5,0.00,0,0.0,0.0
53.65,land,231.77,127.57,0.120,1,961.8,501.6,-3.3,3.9,0.11,-0.05,127,127,-1,-0.4,2.6,0.1,4.4,0.02,0.01,0.00,0.00,0.00,0.00,0.06,-0.11,100,-1,0,-2,0.0,-0.02,0.120,0.129,-38.08,0,28,0,142.4,4.4,174.3,127.5,0.00,0,0.0,0.0
53.75,land,227.91,131.44,0.120,1,961.8,501.6,-3.3,3.9,0.11,-0.07,127,127,-1,-0.4,2.6,0.2,4.4,0.02,0.01,0.00,0.00,0.00,0.00,0.06,-0.11,100,-1,0,-2,0.0,-0.02,0.120,0.130,-38.55,0,28,0,142.4,4.4,174.3,127.5,0.00,0,0.0,0.0
53.85,land,224.00,135.35,0.120,1,961.8,501.6,-3.3,3.9,0.11,-0.07,127,127,-1,-0.5,2.6,0.2,4.3,0.02,0.01,0.00,0.00,0.00,0.00,0.05,-0.12,100,-1,0,-2,0.0,-0.02,0.120,0.130,-39.00,0,28,0,142.4,4.2,174.6,127.6,0.00,0,0.0,0.0
53.95,land,220.04,139.31,0.120,1,961.9,501.6,-3.4,3.9,0.11,-0.08,127,127,-1,-0.5,2.7,0.2,4.3,0.02,0.01,0.00,0.00,0.00,0.00,0.04,-0.13,100,-1,0,-2,0.0,-0.02,0.120,0.130,-39.46,0,28,0,142.4,4.2,174.6,127.6,0.00,0,0.0,0.0
54.05,land,216.04,143.31,0.120,1,961.9,501.6,-3.4,3.9,0.13,-0.09,127,127,-1,-0.4,2.7,0.2,4.3,0.02,0.01,0.00,0.00,0.00,0.00,0.05,-0.15,100,-1,0,-2,0.1,-0.02,0.120,0.130,-39.91,0,28,0,142.4,4.2,174.6,127.6,0.00,0,0.2,0.1
54.15,land,211.99,147.35,0.120,1,961.9,501.5,-3.4,3.9,0.13,-0.11,127,127,-1,-0.5,2.8,0.3,4.3,0.02,0.01,0.00,0.00,0.00,0.00,0.05,-0.16,100,-1,0,-2,0.0,-0.02,0.120,0.131,-40.35,0,28,0,142.4,4.2,174.6,127.6,0.00,0,0.0,0.0
54.25,land,207.90,151.44,0.120,1,961.9,501.5,-3.4,4.0,0.13,-0.11,127,127,-1,-0.5,2.8,0.3,4.3,0.02,0.01,0.00,0.00,0.00,0.00,0.04,-0.17,100,-1,0,-2,0.0,-0.02,0.120,0.131,-40.79,0,28,0,142.3,4.1,174.7,127.6,0.00,0,0.0,0.0
54.35,land,203.77,155.58,0.120,1,961.9,501.5,-3.4,4.0,0.15,-0.12,127,127,-1,-0.4,2.9,0.3,4.3,0.02,0.01,0.00,0.00,0.00,0.00,0.05,-0.19,100,-1,0,-2,0.0,-0.02,0.120,0.131,-41.23,0,28,0,142.3,4.1,174.7,127.6,0.00,0,0.0,0.0
54.45,land,199.59,159.75,0.120,1,961.9,501.5,-3.4,4.0,0.18,-0.14,127,127,-1,-0.4,3.0,0.3,4.3,0.02,0.01,0.00,0.00,0.00,0.00,0.04,-0.20,100,-1,0,-2,0.1,-0.02,0.120,0.132,-41.65,0,28,0,142.3,4.1,174.7,127.6,0.00,0,0.2,-0.3
54.55,land,193.25,166.10,0.120,1,961.9,501.5,-3.4,4.0,0.18,-0.14,127,127,-1,-0.4,3.0,0.3,4.4,0.02,0.01,0.00,0.00,0.00,0.00,0.06,-0.22,100,-1,0,-2,0.1,-0.02,0.120,0.132,-42.08,0,28,0,142.3,4.1,174.7,127.6,0.00,0,0.2,-0.3
54.65,land,191.11,168.23,0.120,1,962.0,501.5,-3.5,4.0,0.18,-0.15,127,127,-1,-0.4,3.1,0.4,4.4,0.02,0.01,0.00,0.00,0.00,0.00,0.05,-0.23,100,-1,0,-2,0.2,-0.02,0.120,0.132,-42.50,0,28,0,142.3,4.1,174.7,127.6,0.00,0,0.4,-0.8
54.75,land,186.81,172.54,0.123,1,962.0,501.5,-3.5,4.0,0.20,-0.18,127,127,-1,-0.4,3.1,0.4,4.4,0.03,0.01,0.00,0.00,0.00,0.00,0.04,-0.24,100,-1,0,-2,0.0,-0.02,0.123,0.136,-42.91,0,28,0,142.3,4.1,174.7,127.6,0.00,0,0.0,0.0
54.85,land,182.47,176.88,0.187,1,962.0,501.4,-3.5,4.0,0.20,-0.19,127,127,-1,-0.4,3.2,0.4,4.5,0.03,0.01,0.00,0.00,0.00,0.00,0.05,-0.26,100,-1,0,-2,0.4,-0.02,0.187,0.200,-43.32,0,28,0,142.3,4.1,174.7,127.6,0.00,0,-0.3,-1.1
54.95,land,178.09,181.26,0.254,1,962.0,501.4,-3.5,4.1,0.20,-0.19,127,127,-1,-0.4,3.3,0.4,4.5,0.02,0.00,0.00,0.00,0.00,0.00,0.05,-0.27,100,-1,0,-2,0.4,-0.02,0.254,0.264,-43.69,0,28,0,142.3,4.1,174.7,127.6,0.00,0,-0.3,-1.1
55.05,land,173.70,185.65,0.316,1,962.1,501.4,-3.5,4.1,0.20,-0.19,127,127,-1,-0.4,3.4,0.3,4.5,0.02,-0.01,0.00,0.00,0.00,0.00,0.06,-0.29,100,-1,0,-2,0.2,-0.02,0.316,0.325,-43.90,0,28,0,142.2,4.3,174.5,127.7,0.00,0,-1.0,0.1
55.15,land,169.31,190.03,0.370,1,962.1,501.4,-3.6,4.1,0.20,-0.19,127,127,-1,-0.4,3.3,0.2,4.5,0.02,-0.01,0.00,0.00,0.00,0.00,0.05,-0.27,100,-1,0,-2,0.2,-0.02,0.370,0.380,-43.88,0,28,0,142.2,4.3,174.5,127.7,0.00,0,-1.0,0.1
55.25,land,164.96,194.39,0.415,1,962.1,501.4,-3.6,4.1,0.15,-0.12,127,127,-1,-0.4,3.3,0.1,4.5,0.02,-0.01,0.00,0.00,0.00,0.00,0.04,-0.24,100,-1,0,-2,0.1,-0.02,0.415,0.427,-43.64,0,28,0,142.2,4.3,174.5,127.7,0.00,0,-0.7,-0.0
55.35,land,160.66,198.69,0.450,1,962.1,501.4,-3.6,4.1,0.11,-0.08,127,127,-1,-0.4,3.1,0.1,4.5,0.02,-0.01,0.00,0.00,0.00,0.00,0.05,-0.19,100,-1,0,-2,0.2,-0.02,0.450,0.463,-43.14,0,28,0,142.2,4.3,174.5,127.7,0.00,0,-1.4,-0.2
55.45,land,156.44,202.91,0.472,1,962.1,501.4,-3.6,4.1,0.11,-0.08,127,127,-1,-0.4,3.0,-0.0,4.5,0.02,-0.01,0.00,0.00,0.00,0.00,0.04,-0.13,100,-1,0,-2,0.2,-0.02,0.472,0.488,-42.39,0,28,0,142.2,4.6,174.1,127.7,0.00,0,-1.4,-0.2
55.55,land,150.28,209.06,0.518,1,962.1,501.4,-3.6,4.1,0.07,-0.01,127,127,-1,-0.4,2.7,-0.2,4.5,0.03,-0.02,0.00,0.00,0.00,0.00,0.05,-0.05,100,-1,0,-2,0.2,-0.02,0.518,0.536,-41.52,0,28,0,142.2,4.6,174.1,127.7,0.00,0,-1.4,-0.3
55.65,land,148.28,211.07,0.505,1,962.1,501.4,-3.6,4.1,0.02,0.05,127,127,-1,-0.4,2.5,-0.2,4.5,0.03,-0.02,0.00,0.00,0.00,0.00,0.05,0.03,100,-1,0,-2,0.2,-0.02,0.505,0.522,-40.57,0,28,0,142.2,4.6,174.1,127.7,0.00,0,-1.1,-0.1
55.75,land,144.36,214.98,0.511,1,962.1,501.4,-3.6,4.1,-0.11,0.22,127,127,-1,-0.4,2.2,-0.3,4.5,0.02,-0.01,0.00,0.00,0.00,0.00,0.04,0.13,100,-1,0,-2,-0.3,-0.02,0.511,0.525,-39.46,0,28,0,142.2,4.6,174.1,127.7,0.00,0,-0.5,0.7
55.85,land,140.56,218.79,0.516,1,962.1,501.4,-3.6,4.1,-0.11,0.22,127,127,-1,-0.4,1.9,-0.4,4.4,0.02,-0.01,0.00,0.00,0.00,0.00,0.04,0.24,100,-1,0,-2,-0.3,-0.01,0.516,0.529,-38.33,0,28,0,142.2,4.7,173.9,127.7,0.00,0,-0.5,0.7
55.95,land,136.86,222.48,0.523,1,962.1,501.4,-3.6,4.1,-0.18,0.31,127,127,-1,-0.4,1.5,-0.4,4.3,0.02,-0.01,0.00,0.00,0.00,0.00,0.04,0.35,100,-1,0,-2,-0.7,-0.01,0.523,0.536,-37.24,0,28,0,142.2,4.7,173.9,127.7,0.00,0,-0.7,1.0
56.05,land,133.28,226.07,0.531,1,962.0,501.5,-3.6,4.0,-0.26,0.46,127,127,-1,-0.4,1.2,-0.5,4.2,0.02,-0.02,0.00,0.00,0.00,0.00,0.05,0.44,100,-1,0,-2,-1.1,-0.00,0.531,0.545,-36.17,0,28,0,142.2,4.7,173.9,127.7,0.00,0,-0.8,1.5
56.15,land,129.80,229.54,0.537,1,962.0,501.5,-3.5,4.0,-0.26,0.46,127,127,-1,-0.3,0.9,-0.6,4.0,0.02,-0.02,0.00,0.00,0.00,0.00,0.07,0.53,100,-1,0,-2,-1.1,-0.00,0.537,0.550,-35.07,0,28,0,142.2,4.7,173.9,127.7,0.00,0,-0.8,1.5
56.25,land,126.44,232.91,0.543,1,962.0,501.6,-3.5,3.9,-0.31,0.54,127,126,-1,-0.3,0.6,-0.6,3.8,0.01,-0.01,0.00,0.00,0.00,0.00,0.08,0.62,100,-1,0,-2,-1.2,-0.00,0.543,0.553,-33.95,0,28,0,142.7,4.3,174.4,127.3,0.00,0,-0.6,2.0
56.35,land,123.20,236.15,0.546,1,961.9,501.7,-3.5,3.9,-0.37,0.67,127,126,-1,-0.3,0.4,-0.6,3.6,0.01,-0.01,0.00,0.00,0.00,0.00,0.08,0.69,100,-1,0,-2,-1.1,-0.00,0.546,0.552,-32.77,0,28,0,142.7,4.3,174.4,127.3,0.00,0,-0.2,2.4
56.45,land,120.08,239.26,0.544,1,961.9,501.8,-3.4,3.8,-0.42,0.74,127,126,-1,-0.2,0.1,-0.6,3.4,0.01,-0.01,0.00,0.00,0.00,0.00,0.10,0.76,100,-1,0,-2,-1.0,-0.00,0.544,0.551,-31.51,0,28,0,142.7,4.3,174.4,127.3,0.00,0,-0.4,2.3
56.55,land,115.65,243.70,0.569,1,961.9,501.8,-3.4,3.7,-0.44,0.80,127,126,-1,-0.2,-0.2,-0.7,3.1,0.01,-0.01,0.00,0.00,0.00,0.00,0.10,0.84,100,-1,0,-2,-0.9,-0.00,0.569,0.578,-30.24,0,28,0,142.7,4.3,174.4,127.3,0.00,0,-0.5,2.2
56.65,land,114.23,245.11,0.538,1,961.9,501.8,-3.4,3.7,-0.44,0.80,126,126,-1,-0.1,-0.4,-0.7,2.9,0.01,-0.02,0.00,0.00,0.00,0.00,0.12,0.91,100,-1,0,-2,-0.9,-0.00,0.538,0.549,-28.97,0,28,0,143.1,3.5,175.4,126.8,0.00,0,-0.5,2.2
56.75,land,111.50,247.85,0.535,1,961.8,502.0,-3.3,3.6,-0.48,0.90,126,126,-1,-0.1,-0.7,-0.8,2.7,0.01,-0.02,0.00,0.00,0.00,0.00,0.14,0.96,100,-1,0,-2,-0.8,-0.00,0.535,0.548,-27.72,0,28,0,143.1,3.5,175.4,126.8,0.00,0,-0.6,2.2
56.85,land,108.88,250.47,0.534,1,961.8,502.0,-3.3,3.5,-0.48,0.90,126,126,-1,-0.0,-0.9,-0.9,2.5,0.01,-0.02,0.00,0.00,0.00,0.00,0.14,1.01,100,-1,0,-2,-0.8,-0.00,0.534,0.545,-26.51,0,28,0,143.1,3.5,175.4,126.8,0.00,0,-0.6,2.2
56.95,land,106.37,252.97,0.536,1,961.7,502.2,-3.2,3.4,-0.48,0.98,126,126,-1,0.1,-1.0,-0.9,2.2,0.01,-0.01,0.00,0.00,0.00,0.00,0.17,1.05,100,-1,0,-2,-0.7,-0.00,0.536,0.544,-25.37,0,28,0,143.1,3.5,175.4,126.8,0.00,0,0.5,2.5
57.05,land,103.98,255.37,0.541,1,961.7,502.2,-3.2,3.3,-0.48,0.98,126,126,-1,0.1,-1.2,-0.8,2.0,0.01,-0.00,0.00,0.00,0.00,0.00,0.19,1.07,100,-1,0,-2,-0.7,-0.00,0.541,0.546,-24.28,0,28,0,143.4,2.6,176.5,126.5,0.00,0,0.5,2.5
57.15,land,101.69,257.65,0.544,1,961.6,502.3,-3.1,3.2,-0.48,1.00,126,126,-1,0.2,-1.3,-0.7,1.7,0.00,0.00,0.00,0.00,0.00,0.00,0.20,1.09,100,-1,0,-2,-0.6,-0.00,0.544,0.547,-23.17,0,28,0,143.4,2.6,176.5,126.5,0.00,0,0.9,2.4
57.25,land,99.53,259.82,0.545,1,961.5,502.5,-3.1,3.1,-0.48,1.04,126,126,-1,0.2,-1.4,-0.6,1.5,0.00,0.00,0.00,0.00,0.00,0.00,0.21,1.11,100,-1,0,-2,-0.5,-0.00,0.545,0.547,-22.01,0,28,0,143.4,2.6,176.5,126.5,0.00,0,0.8,2.6
57.35,land,97.48,261.87,0.545,1,961.5,502.6,-3.0,3.0,-0.48,1.05,126,126,-1,0.3,-1.5,-0.5,1.2,0.00,-0.00,0.00,0.00,0.00,0.00,0.22,1.13,100,-1,0,-1,-0.5,-0.00,0.545,0.546,-20.82,0,28,0,143.4,2.6,176.5,126.5,0.00,0,0.6,2.5
57.45,land,95.55,263.80,0.545,1,961.5,502.6,-3.0,2.9,-0.48,1.05,126,125,-1,0.3,-1.6,-0.5,1.0,0.00,-0.00,0.00,0.00,0.00,0.00,0.23,1.14,100,-1,0,-1,-0.5,-0.00,0.545,0.547,-19.65,0,28,0,143.6,1.3,178.2,126.3,0.00,0,0.6,2.5
57.55,land,92.87,266.48,0.573,1,961.4,502.8,-2.9,2.8,-0.46,1.05,126,125,-1,0.4,-1.7,-0.4,0.7,0.00,-0.01,0.00,0.00,0.00,0.00,0.24,1.13,100,-1,0,-1,-0.4,-0.00,0.573,0.576,-18.49,0,28,0,143.6,1.3,178.2,126.3,0.00,0,0.3,2.5
57.65,land,92.03,267.32,0.547,1,961.3,502.9,-2.9,2.7,-0.44,1.04,126,125,-1,0.4,-1.7,-0.4,0.5,0.00,-0.01,0.00,0.00,0.00,0.00,0.24,1.13,100,-1,0,-1,-0.3,-0.00,0.547,0.551,-17.34,0,28,0,143.6,1.3,178.2,126.3,0.00,0,0.1,2.3
57.75,land,90.44,268.91,0.549,1,961.3,503.0,-2.8,2.6,-0.44,1.02,126,125,-1,0.5,-1.7,-0.4,0.3,-0.00,-0.01,0.00,0.00,0.00,0.00,0.25,1.10,100,-1,0,-1,-0.3,-0.00,0.549,0.554,-16.20,0,28,0,143.6,1.3,178.2,126.3,0.00,0,-0.1,2.3
57.85,land,88.97,270.38,0.551,1,961.3,503.1,-2.8,2.5,-0.42,1.00,126,125,-1,0.4,-1.8,-0.4,0.0,-0.00,-0.01,0.00,0.00,0.00,0.00,0.24,1.09,100,-1,0,-1,-0.3,-0.00,0.551,0.558,-15.08,0,28,0,143.8,0.3,179.5,126.2,0.00,0,-0.2,2.3
57.95,land,87.60,271.75,0.554,1,961.3,503.1,-2.8,2.4,-0.42,1.00,126,125,-1,0.5,-1.7,-0.4,-0.2,-0.00,-0.02,0.00,0.00,0.00,0.00,0.24,1.06,100,-1,0,-1,-0.3,-0.00,0.554,0.563,-13.96,0,28,0,143.8,0.3,179.5,126.2,0.00,0,-0.2,2.3
58.05,land,86.35,273.00,0.559,1,961.2,503.3,-2.7,2.3,-0.35,0.94,125,125,-1,0.6,-1.7,-0.5,-0.4,-0.01,-0.02,0.00,0.00,0.00,0.00,0.26,1.01,100,-1,0,-1,-0.2,-0.00,0.559,0.569,-12.86,0,28,0,143.8,0.3,179.5,126.2,0.00,0,-0.5,2.2
58.15,land,85.20,274.15,0.564,1,961.1,503.4,-2.7,2.2,-0.33,0.91,125,125,-1,0.6,-1.6,-0.5,-0.6,-0.01,-0.02,0.00,0.00,0.00,0.00,0.26,0.97,100,-1,0,-1,-0.2,-0.00,0.564,0.577,-11.77,0,28,0,143.8,0.3,179.5,126.2,0.00,0,-0.7,2.2
58.25,land,84.16,275.19,0.575,1,961.1,503.4,-2.6,2.1,-0.33,0.91,125,125,-1,0.6,-1.6,-0.6,-0.8,-0.01,-0.03,0.00,0.00,0.00,0.00,0.26,0.93,100,-1,0,-1,-0.2,-0.00,0.575,0.590,-10.69,0,28,0,143.9,359.6,180.5,126.1,0.00,0,-0.7,2.2
58.35,land,83.23,276.12,0.596,1,961.1,503.6,-2.6,2.0,-0.24,0.83,125,125,-1,0.7,-1.5,-0.7,-1.0,-0.01,-0.03,0.00,0.00,0.00,0.00,0.28,0.88,100,-1,0,-1,-0.1,-0.00,0.596,0.614,-9.62,0,28,0,143.9,359.6,180.5,126.1,0.00,0,-0.9,2.1
58.45,land,82.40,276.95,0.611,1,961.1,503.6,-2.6,1.9,-0.24,0.83,125,125,-1,0.7,-1.3,-0.8,-1.2,-0.02,-0.04,0.00,0.00,0.00,0.00,0.29,0.82,100,-1,0,-1,-0.1,-0.00,0.611,0.631,-8.57,0,28,0,143.9,359.6,180.5,126.1,0.00,0,-0.9,2.1
58.55,land,81.38,277.97,0.420,1,961.1,503.7,-2.6,1.8,-0.18,0.80,125,125,-1,0.8,-1.2,-0.8,-1.5,-0.02,-0.03,0.00,0.00,0.00,0.00,0.32,0.76,100,-1,0,-1,-0.1,-0.00,0.420,0.440,-7.46,0,28,0,143.9,359.6,180.5,126.1,0.00,0,-0.8,2.2
58.65,land,81.09,278.25,0.397,1,961.1,503.7,-2.6,1.8,-0.11,0.76,125,125,-1,0.9,-1.0,-0.8,-1.6,-0.02,-0.02,0.00,0.00,0.00,0.00,0.35,0.68,100,-1,0,-1,-0.1,-0.00,0.397,0.412,-6.26,0,28,0,143.9,359.0,181.4,126.1,0.00,0,-0.1,1.8
58.75,land,80.57,278.78,0.427,1,961.1,503.9,-2.6,1.7,0.00,0.68,125,125,-1,1.1,-0.8,-0.8,-1.8,-0.02,-0.02,0.00,0.00,0.00,0.00,0.38,0.62,100,-1,0,-1,-0.1,-0.00,0.427,0.442,-5.41,0,28,0,143.9,359.0,181.4,126.1,0.00,0,0.8,1.5
58.85,land,80.08,279.27,0.406,1,961.1,503.9,-2.6,1.6,0.00,0.68,125,125,-1,1.1,-0.7,-0.7,-1.9,-0.02,-0.01,0.00,0.00,0.00,0.00,0.39,0.56,100,-1,0,-1,-0.1,-0.00,0.406,0.418,-5.00,0,28,0,143.9,359.0,181.4,126.1,0.00,0,0.8,1.5
58.95,land,79.63,279.71,0.385,1,961.1,504.0,-2.6,1.5,0.04,0.65,125,125,-1,1.2,-0.6,-0.6,-2.0,-0.02,-0.01,0.00,0.00,0.00,0.00,0.41,0.50,100,-1,0,-1,-0.1,-0.00,0.385,0.397,-4.60,0,28,0,143.9,359.0,181.4,126.1,0.00,0,0.9,1.0
59.05,land,79.23,280.12,0.362,1,961.1,504.0,-2.6,1.5,0.09,0.59,125,125,-1,1.2,-0.4,-0.5,-2.1,-0.02,-0.00,0.00,0.00,0.00,0.00,0.41,0.43,100,-1,0,-1,-0.1,-0.00,0.362,0.370,-4.14,0,28,0,143.9,358.2,182.5,126.0,0.00,0,1.2,1.0
59.15,land,78.85,280.49,0.345,1,961.1,504.1,-2.6,1.4,0.15,0.49,125,125,-1,1.3,-0.2,-0.3,-2.2,-0.02,-0.00,0.00,0.00,0.00,0.00,0.42,0.37,100,-1,0,-1,-0.0,-0.00,0.345,0.353,-3.82,0,28,0,143.9,358.2,182.5,126.0,0.00,0,1.0,0.7
59.25,land,78.50,280.84,0.333,1,961.1,504.2,-2.6,1.4,0.20,0.45,125,125,-1,1.3,-0.1,-0.2,-2.3,-0.02,-0.00,0.00,0.00,0.00,0.00,0.41,0.32,100,-1,0,-1,-0.0,-0.00,0.333,0.343,-3.59,0,28,0,143.9,358.2,182.5,126.0,0.00,0,0.9,0.7
59.35,land,78.17,281.17,0.321,1,961.1,504.2,-2.6,1.3,0.22,0.40,125,125,-1,1.4,0.1,-0.1,-2.4,-0.02,-0.01,0.00,0.00,0.00,0.00,0.42,0.25,100,-1,0,-1,-0.0,-0.00,0.321,0.333,-3.37,0,28,0,143.9,358.2,182.5,126.0,0.00,0,0.8,0.3
59.45,land,77.85,281.49,0.313,1,961.1,504.2,-2.6,1.3,0.22,0.40,125,125,-1,1.3,0.3,-0.0,-2.4,-0.02,-0.01,0.00,0.00,0.00,0.00,0.41,0.20,100,-1,0,-1,-0.0,-0.00,0.313,0.322,-3.21,0,28,0,144.0,357.6,183.3,126.0,0.00,0,0.8,0.3
59.55,land,77.57,281.78,0.312,1,961.2,504.2,-2.7,1.3,0.22,0.35,125,125,-1,1.3,0.4,0.1,-2.4,-0.02,-0.01,0.00,0.00,0.00,0.00,0.38,0.16,100,-1,0,-1,-0.0,-0.00,0.312,0.320,-3.18,0,28,0,144.0,357.6,183.3,126.0,0.00,0,0.9,0.0
59.65,land,77.56,281.78,0.120,1,961.1,504.3,-2.6,1.2,-0.33,0.43,125,125,-1,-0.1,-2.5,0.1,-1.0,0.23,-0.00,0.00,0.00,0.00,0.00,-0.08,1.09,100,-1,0,-1,0.0,-0.01,0.120,0.215,0.98,0,28,0,144.0,357.6,183.3,126.0,0.00,0,0.1,-8.5
59.75,land,77.53,281.82,0.145,1,961.1,504.3,-2.6,1.2,-0.33,0.43,125,125,-1,0.1,-0.9,0.1,-0.2,0.13,-0.01,0.00,0.00,0.00,0.00,-0.02,0.54,100,-1,0,-1,0.0,-0.00,0.145,0.201,-0.09,0,28,0,144.0,357.6,183.3,126.0,0.00,0,0.1,-8.5
59.85,land,77.50,281.84,0.161,1,961.1,504.4,-2.6,1.1,-0.33,0.43,125,125,-1,0.1,-0.9,0.1,0.2,0.09,-0.01,0.00,0.00,0.00,0.00,-0.02,0.54,100,-1,0,-1,-0.0,-0.00,0.161,0.199,-0.48,0,28,0,144.0,0.1,179.8,126.0,0.00,0,0.1,-7.0
59.95,land,77.50,281.85,0.133,1,961.1,504.4,-2.6,1.1,0.07,0.01,125,125,-1,0.2,0.5,0.0,-0.0,-0.02,-0.02,0.00,0.00,0.00,0.00,0.02,0.09,100,-1,0,-1,0.7,-0.00,0.133,0.150,-0.00,0,28,0,144.0,0.1,179.8,126.0,0.00,0,-0.8,-0.1
60.05,land,77.50,281.85,0.128,1,961.1,504.4,-2.6,1.1,0.07,0.01,125,125,-1,0.4,0.8,-0.0,0.0,0.01,-0.01,0.00,0.00,0.00,0.00,0.06,-0.03,100,-1,0,-1,0.7,-0.01,0.128,0.136,0.02,0,28,0,144.0,0.1,179.8,126.0,0.00,0,-0.8,-0.1
60.15,land,77.50,281.85,0.125,1,961.1,504.4,-2.6,1.1,0.00,-0.00,125,125,-1,0.2,0.7,-0.0,0.0,0.00,-0.01,0.00,0.00,0.00,0.00,-0.00,-0.00,100,-1,0,-1,0.0,-0.00,0.125,0.131,-0.00,0,28,0,144.0,0.1,179.8,126.0,0.00,0,0.0,0.0
60.25,land,77.50,281.85,0.121,1,961.1,504.4,-2.6,1.1,0.00,0.00,125,125,-1,0.2,0.7,0.0,0.0,0.00,-0.01,0.00,0.00,0.00,0.00,0.00,0.00,100,-1,0,-1,0.8,-0.00,0.121,0.127,0.00,0,28,0,143.9,0.0,180.0,126.1,0.00,0,-0.3,-0.1
60.35,land,77.50,281.85,0.120,1,961.1,504.4,-2.6,1.1,0.00,0.00,125,125,-1,0.2,0.7,0.0,-0.0,0.00,-0.01,0.00,0.00,0.00,0.00,0.00,0.00,100,-1,0,-1,0.8,-0.01,0.120,0.126,0.00,0,28,0,143.9,0.0,180.0,126.1,0.00,0,-0.3,-0.1
60.45,land,77.50,281.85,0.120,1,961.1,504.4,-2.6,1.1,0.00,0.00,125,125,-1,0.2,0.7,0.0,-0.0,0.00,-0.01,0.00,0.00,0.00,0.00,0.00,0.00,100,-1,0,-1,0.0,0.00,0.120,0.125,0.00,0,28,0,143.9,0.0,180.0,126.1,0.00,0,0.0,0.0
60.55,land,77.50,281.85,0.120,1,961.1,504.4,-2.6,1.1,0.00,0.00,125,125,-1,0.2,0.7,0.0,-0.0,0.00,-0.01,0.00,0.00,0.00,0.00,0.00,0.00,100,-1,0,-1,0.0,-0.00,0.120,0.125,0.00,0,28,0,143.9,0.0,180.0,126.1,0.00,0,0.0,0.0
60.65,land,77.50,281.85,0.120,1,961.1,504.4,-2.6,1.1,0.00,0.00,125,125,-1,0.2,0.7,0.0,-0.0,0.00,-0.01,0.00,0.00,0.00,0.00,0.00,0.00,100,-1,0,-1,0.0,-0.00,0.120,0.125,0.00,0,28,0,143.9,360.0,180.0,126.1,0.00,0,0.0,0.0
60.75,land,77.50,281.85,0.120,1,961.1,504.4,-2.6,1.1,0.00,0.00,125,125,-1,0.2,0.8,0.0,-0.0,0.00,-0.01,0.00,0.00,0.00,0.00,0.00,0.00,100,-1,0,-1,0.0,-0.00,0.120,0.125,0.00,0,28,0,143.9,360.0,180.0,126.1,0.00,0,0.0,0.0
60.85,land,77.50,281.85,0.120,1,961.1,504.4,-2.6,1.1,0.00,0.00,125,125,-1,0.2,0.8,0.0,-0.0,0.00,-0.01,0.00,0.00,0.00,0.00,0.00,0.00,100,-1,0,-1,-0.0,-0.00,0.120,0.125,0.00,0,28,0,143.9,360.0,180.0,126.1,0.00,0,-0.3,-0.3
60.95,land,77.50,281.85,0.120,1,961.1,504.4,-2.6,1.1,0.00,0.00,125,125,-1,0.2,0.8,0.0,-0.0,0.00,-0.01,0.00,0.00,0.00,0.00,0.00,0.00,100,-1,0,-1,0.0,-0.00,0.120,0.125,0.00,0,28,0,143.9,360.0,180.0,126.1,0.00,0,-0.0,-0.0
61.05,land,77.50,281.85,0.120,1,961.1,504.4,-2.6,1.1,0.00,0.00,125,125,-1,0.2,0.8,0.0,0.0,0.00,-0.01,0.00,0.00,0.00,0.00,0.00,0.00,100,-1,0,-1,0.0,-0.00,0.120,0.125,0.00,0,28,0,143.9,0.0,180.0,126.1,0.00,0,-0.0,-0.0
61.15,land,77.50,281.85,0.120,1,961.1,504.4,-2.6,1.1,0.00,0.00,125,125,-1,0.2,0.8,0.0,0.0,0.00,-0.01,0.00,0.00,0.00,0.00,0.00,0.00,100,-1,0,-1,-0.0,-0.00,0.120,0.125,0.00,0,28,0,143.9,0.0,180.0,126.1,0.00,0,-0.3,0.2
61.25,touchdown,77.50,281.85,0.000,1,961.1,504.4,-2.6,1.1,0.00,0.00,125,125,-1,0.2,0.8,0.0,0.0,0.00,-0.01,0.00,0.00,0.00,0.00,0.00,0.00,100,-1,1,-1,-0.0,-0.00,0.000,0.000,0.00,0,28,0,143.9,0.0,180.0,126.1,0.00,0,-0.2,0.3
61.35,touchdown,77.50,281.85,0.000,1,961.1,504.4,-2.6,1.1,0.00,0.00,125,125,-1,0.2,0.8,0.0,0.0,0.00,-0.01,0.00,0.00,0.00,0.00,0.00,0.00,100,-1,1,-1,-0.0,-0.00,0.000,0.000,0.00,0,28,0,143.9,0.0,180.0,126.1,0.00,0,-0.2,0.3
61.45,touchdown,77.50,281.85,0.000,1,961.1,504.4,-2.6,1.1,0.00,0.00,125,125,-1,0.2,0.8,0.0,0.0,0.00,-0.01,0.00,0.00,0.00,0.00,0.00,0.00,100,-1,1,-1,-0.0,-0.00,0.000,0.000,0.00,0,28,0,143.9,0.0,180.0,126.1,0.00,0,-0.0,0.0
61.55,touchdown,77.50,281.85,0.000,1,961.1,504.4,-2.6,1.1,0.00,0.00,125,125,-1,0.2,0.8,0.0,0.0,0.00,-0.01,0.00,0.00,0.00,0.00,0.00,0.00,100,-1,1,-1,-0.0,-0.00,0.000,0.000,0.00,0,28,0,143.9,0.0,180.0,126.1,0.00,0,-0.2,0.3
61.65,touchdown,77.50,281.85,0.000,1,961.1,504.4,-2.6,1.1,0.00,0.00,125,125,-1,0.2,0.8,-0.0,0.0,0.00,-0.01,0.00,0.00,0.00,0.00,0.00,0.00,100,-1,1,-1,-0.0,-0.00,0.000,0.000,0.00,0,28,0,143.9,0.0,180.0,126.1,0.00,0,-0.0,0.0
61.75,touchdown,77.50,281.85,0.000,1,961.1,504.4,-2.6,1.1,0.00,0.00,125,125,-1,0.2,0.8,-0.0,0.0,0.00,-0.01,0.00,0.00,0.00,0.00,0.00,0.00,100,-1,1,-1,0.0,-0.00,0.000,0.000,0.00,0,28,0,143.9,0.0,180.0,126.1,0.00,0,0.0,0.0
61.85,touchdown,77.50,281.85,0.000,1,961.1,504.4,-2.6,1.1,0.00,0.00,125,125,-1,0.2,0.8,-0.0,0.0,0.00,-0.01,0.00,0.00,0.00,0.00,0.00,0.00,100,-1,1,-1,0.0,-0.00,0.000,0.000,0.00,0,28,0,143.9,0.0,180.0,126.1,0.00,0,0.0,0.0
61.95,touchdown,77.50,281.85,0.000,1,961.1,504.4,-2.6,1.1,0.00,0.00,125,125,-1,0.2,0.8,-0.0,0.0,0.00,-0.01,0.00,0.00,0.00,0.00,0.00,0.00,100,-1,1,-1,0.0,-0.00,0.000,0.000,0.00,0,28,0,143.9,0.0,180.0,126.1,0.00,0,0.0,0.0
62.05,touchdown,77.50,281.85,0.000,1,961.1,504.4,-2.6,1.1,0.00,0.00,125,125,-1,0.2,0.8,-0.0,0.0,0.00,-0.01,0.00,0.00,0.00,0.00,0.00,0.00,100,-1,1,-1,0.0,-0.00,0.000,0.000,0.00,0,28,0,143.9,0.0,180.0,126.1,0.00,0,0.0,0.0
62.15,touchdown,77.50,281.85,0.000,1,961.1,504.4,-2.6,1.1,0.00,0.00,125,125,-1,0.2,0.8,-0.0,0.0,0.00,-0.01,0.00,0.00,0.00,0.00,0.00,0.00,100,-1,1,-1,0.0,-0.00,0.000,0.000,0.00,0,28,0,143.9,0.0,180.0,126.1,0.00,0,0.0,0.0
62.25,touchdown,77.50,281.85,0.000,1,961.1,504.4,-2.6,1.1,0.00,0.00,125,125,-1,0.2,0.8,-0.0,0.0,0.00,-0.01,0.00,0.00,0.00,0.00,0.00,0.00,100,-1,1,-1,0.0,-0.00,0.000,0.000,0.00,0,28,0,143.9,0.0,180.0,126.1,0.00,0,0.0,0.0
62.35,touchdown,77.50,281.85,0.000,1,961.1,504.4,-2.6,1.1,0.00,0.00,125,125,-1,0.2,0.8,-0.0,0.0,0.00,-0.01,0.00,0.00,0.00,0.00,0.00,0.00,100,-1,1,-1,-0.0,-0.00,0.000,0.000,0.00,0,28,0,143.9,0.0,180.0,126.1,0.00,0,0.3,0.2
62.45,touchdown,77.50,281.85,0.000,1,961.1,504.4,-2.6,1.1,0.00,0.00,125,125,-1,0.2,0.8,-0.0,0.0,0.00,-0.01,0.00,0.00,0.00,0.00,0.00,0.00,100,-1,1,-1,0.0,-0.00,0.000,0.000,0.00,0,28,0,143.9,0.0,180.0,126.1,0.00,0,0.0,0.0
62.55,touchdown,77.50,281.85,0.000,1,961.1,504.4,-2.6,1.1,0.00,0.00,125,125,-1,0.2,0.8,-0.0,0.0,0.00,-0.01,0.00,0.00,0.00,0.00,0.00,0.00,100,-1,1,-1,0.0,-0.00,0.000,0.000,0.00,0,28,0,143.9,0.0,180.0,126.1,0.00,0,0.0,0.0
62.65,touchdown,77.50,281.85,0.000,1,961.1,504.4,-2.6,1.1,0.00,0.00,125,125,-1,0.2,0.8,-0.0,0.0,0.00,-0.01,0.00,0.00,0.00,0.00,0.00,0.00,100,-1,1,-1,0.0,-0.00,0.000,0.000,0.00,0,28,0,143.9,0.0,180.0,126.1,0.00,0,0.0,0.0
62.75,touchdown,77.50,281.85,0.000,1,961.1,504.4,-2.6,1.1,0.00,0.00,125,125,-1,0.2,0.8,-0.0,0.0,0.00,-0.01,0.00,0.00,0.00,0.00,0.00,0.00,100,-1,1,-1,0.0,-0.00,0.000,0.000,0.00,0,28,0,143.9,0.0,180.0,126.1,0.00,0,0.0,0.0
62.85,touchdown,77.50,281.85,0.000,1,961.1,504.4,-2.6,1.1,0.00,0.00,125,125,-1,0.2,0.8,-0.0,0.0,0.00,-0.01,0.00,0.00,0.00,0.00,0.00,0.00,100,-1,1,-1,0.0,-0.00,0.000,0.000,0.00,0,28,0,143.9,0.0,180.0,126.1,0.00,0,0.4,0.4
62.95,touchdown,77.50,281.85,0.000,1,961.1,504.4,-2.6,1.1,0.00,0.00,125,125,-1,0.2,0.8,-0.0,0.0,0.00,-0.01,0.00,0.00,0.00,0.00,0.00,0.00,100,-1,1,-1,-0.0,-0.01,0.000,0.000,0.00,0,28,0,143.9,0.0,180.0,126.1,0.00,0,0.0,0.0
63.05,touchdown,77.50,281.85,0.000,1,961.1,504.4,-2.6,1.1,0.00,0.00,125,125,-1,0.2,0.8,-0.0,0.0,0.00,-0.01,0.00,0.00,0.00,0.00,0.00,0.00,100,-1,1,-1,-0.0,-0.00,0.000,0.000,0.00,0,28,0,143.9,0.0,180.0,126.1,0.00,0,0.0,0.0
63.15,touchdown,77.50,281.85,0.000,1,961.1,504.4,-2.6,1.1,0.00,0.00,125,125,-1,0.2,0.8,-0.0,0.0,0.00,-0.01,0.00,0.00,0.00,0.00,0.00,0.00,100,-1,1,-1,0.0,-0.00,0.000,0.000,0.00,0,28,0,143.9,0.0,180.0,126.1,0.00,0,0.5,0.4
63.25,touchdown,77.50,281.85,0.000,1,961.1,504.4,-2.6,1.1,0.00,0.00,125,125,-1,0.2,0.8,-0.0,0.0,0.00,-0.01,0.00,0.00,0.00,0.00,0.00,0.00,100,-1,1,-1,-0.0,-0.01,0.000,0.000,0.00,0,28,0,143.9,0.0,180.0,126.1,0.00,0,0.0,0.0
63.35,touchdown,77.50,281.85,0.000,1,961.1,504.4,-2.6,1.1,0.00,0.00,125,125,-1,0.2,0.8,-0.0,0.0,0.00,-0.01,0.00,0.00,0.00,0.00,0.00,0.00,100,-1,1,-1,-0.0,-0.00,0.000,0.000,0.00,0,28,0,143.9,0.0,180.0,126.1,0.00,0,0.0,0.0
63.45,touchdown,77.50,281.85,0.000,1,961.1,504.4,-2.6,1.1,0.00,0.00,125,125,-1,0.2,0.8,-0.0,0.0,0.00,-0.01,0.00,0.00,0.00,0.00,0.00,0.00,100,-1,1,-1,-0.0,-0.00,0.000,0.000,0.00,0,28,0,143.9,0.0,180.0,126.1,0.00,0,0.4,0.3
63.55,touchdown,77.50,281.85,0.000,1,961.1,504.4,-2.6,1.1,0.00,0.00,125,125,-1,0.2,0.8,-0.0,0.0,0.00,-0.01,0.00,0.00,0.00,0.00,0.00,0.00,100,-1,1,-1,0.0,-0.00,0.000,0.000,0.00,0,28,0,143.9,0.0,180.0,126.1,0.00,0,0.0,0.0
63.65,touchdown,77.50,281.85,0.000,1,961.1,504.4,-2.6,1.1,0.00,0.00,125,125,-1,0.2,0.8,-0.0,0.0,0.00,-0.01,0.00,0.00,0.00,0.00,0.00,0.00,100,-1,1,-1,0.0,-0.00,0.000,0.000,0.00,0,28,0,143.9,0.0,180.0,126.1,0.00,0,0.0,0.0
63.75,touchdown,77.50,281.85,0.000,1,961.1,504.4,-2.6,1.1,0.00,0.00,125,125,-1,0.2,0.8,-0.0,0.0,0.00,-0.01,0.00,0.00,0.00,0.00,0.00,0.00,100,-1,1,-1,-0.0,-0.00,0.000,0.000,0.00,0,28,0,143.9,0.0,180.0,126.1,0.00,0,0.3,0.3
63.85,touchdown,77.50,281.85,0.000,1,961.1,504.4,-2.6,1.1,0.00,0.00,125,125,-1,0.2,0.8,0.0,-0.0,0.00,-0.01,0.00,0.00,0.00,0.00,0.00,0.00,100,-1,1,-1,0.0,-0.00,0.000,0.000,0.00,0,28,0,143.9,360.0,180.0,126.1,0.00,0,-0.0,-0.0
63.95,touchdown,77.50,281.85,0.000,1,961.1,504.4,-2.6,1.1,0.00,0.00,125,125,-1,0.2,0.8,0.0,-0.0,0.00,-0.01,0.00,0.00,0.00,0.00,0.00,0.00,100,-1,1,-1,0.0,-0.00,0.000,0.000,0.00,0,28,0,143.9,360.0,180.0,126.1,0.00,0,-0.0,-0.0
64.05,touchdown,77.50,281.85,0.000,1,961.1,504.4,-2.6,1.1,0.00,0.00,125,125,-1,0.2,0.8,0.0,-0.0,0.00,-0.01,0.00,0.00,0.00,0.00,0.00,0.00,100,-1,1,-1,0.0,-0.00,0.000,0.000,0.00,0,28,0,143.9,360.0,180.0,126.1,0.00,0,-0.0,-0.0
64.15,touchdown,77.50,281.85,0.000,1,961.1,504.4,-2.6,1.1,0.00,0.00,125,125,-1,0.2,0.8,0.0,-0.0,0.00,-0.01,0.00,0.00,0.00,0.00,0.00,0.00,100,-1,1,-1,0.0,-0.00,0.000,0.000,0.00,0,28,0,143.9,360.0,180.0,126.1,0.00,0,-0.0,-0.0
64.25,touchdown,77.50,281.85,0.000,1,961.1,504.4,-2.6,1.1,0.00,0.00,125,125,-1,0.2,0.8,0.0,-0.0,0.00,-0.01,0.00,0.00,0.00,0.00,0.00,0.00,100,-1,1,-1,0.0,-0.00,0.000,0.000,0.00,0,28,0,143.9,360.0,180.0,126.1,0.00,0,-0.0,-0.0
64.35,touchdown,77.50,281.85,0.000,1,961.1,504.4,-2.6,1.1,0.00,0.00,125,125,-1,0.2,0.8,0.0,-0.0,0.00,-0.01,0.00,0.00,0.00,0.00,0.00,0.00,100,-1,1,-1,0.0,-0.00,0.000,0.000,0.00,0,28,0,143.9,360.0,180.0,126.1,0.00,0,-0.0,-0.0
64.35,end:ok:control [yawkp 0.007 yawkd 0.012 yawmax 0.6 lean 67 body 15 braketurn 0.55 side 1.5 hold 0.38 track 0.2 appr 2],0,0,0,0,0,0,0,0,0,0,0,0,0,0,0,0,0,0,0,0,0,0,0,0,0,0,0,0,0,0,0,0,0,0,0,0,0,0,0,0,0,0,0,0,0
