t,phase,height,err,pwr,gps,x,z,ex,ez,vxw,vzw,hdg,rawhdg,mothdg,tp,tr,p,r,vx,vy,sched,fwdRaw,latRaw,vrtRaw,fwdH,latH,energy,fuel,sat,yerr,yrate,ydem,athr,amax,vv,dockc,npers,chg,nav1,nav3,nav2,trihdg,trires,aimq,wx,wz
0.00,climb,96.50,253.50,1.000,1,1892.5,365.5,2350.0,-3634.0,0.00,0.00,89,89,-1,0.0,0.0,-0.0,-0.0,-0.00,-0.00,0.00,0.00,0.00,0.00,0.00,0.00,-1,-1,1,2,0.0,0.03,1.000,1.000,0.00,0,0,0,180.0,0.0,180.0,90.0,0.00,0,0.0,0.0
0.10,climb,96.50,253.50,1.000,1,1892.5,365.5,2350.0,-3634.0,0.00,0.00,89,89,-1,0.0,0.0,-0.0,-0.0,-0.00,-0.00,0.00,0.00,0.00,0.00,0.00,0.00,-1,-1,1,5,0.0,0.09,1.000,1.000,0.00,0,0,0,180.0,0.0,180.0,90.0,0.00,0,0.0,0.0
0.20,climb,96.50,253.50,1.000,1,1892.5,365.5,2350.0,-3634.0,0.00,0.00,89,89,-1,0.0,0.0,-0.0,-0.0,-0.00,-0.00,0.00,0.00,0.00,0.00,0.00,0.00,-1,-1,1,8,0.0,0.15,1.000,1.000,0.00,0,0,0,180.0,0.0,180.0,90.0,0.00,0,-0.0,0.0
0.30,climb,96.50,253.50,1.000,1,1892.5,365.5,2350.0,-3634.0,0.00,0.00,89,89,-1,0.0,0.0,-0.0,-0.0,-0.00,-0.00,0.00,0.00,0.00,0.00,0.00,0.00,-1,-1,1,11,0.0,0.21,1.000,1.000,0.00,0,0,0,180.0,0.0,180.0,90.0,0.00,0,-0.0,0.0
0.40,climb,96.50,253.50,1.000,1,1892.5,365.5,2350.0,-3634.0,-0.00,0.00,89,89,-1,0.0,0.0,-0.0,-0.0,-0.00,-0.00,0.00,0.00,0.00,0.00,0.00,0.00,-1,-1,1,13,1.0,0.27,1.000,1.000,0.00,0,0,0,180.0,0.0,180.0,90.0,0.00,0,-0.1,0.0
0.50,climb,96.62,253.38,1.000,1,1892.5,365.5,2350.0,-3634.0,-0.00,0.00,89,89,-1,0.0,0.0,-0.0,-0.0,-0.00,-0.00,0.00,0.00,0.00,0.00,-0.00,0.00,-1,-1,1,16,1.0,0.31,1.000,1.000,0.70,0,0,0,180.0,0.0,180.0,90.0,0.00,0,-0.1,0.0
0.60,climb,97.24,252.76,1.000,1,1892.5,365.5,2350.0,-3634.0,0.00,0.00,89,89,-1,0.0,0.0,-0.1,-0.0,-0.00,-0.01,0.00,0.00,0.00,0.00,0.00,0.00,-1,-1,1,19,10.8,0.30,1.000,1.000,2.75,0,0,0,180.0,0.0,180.0,90.0,0.00,0,-1.0,0.3
0.70,climb,97.60,252.40,1.000,1,1892.5,365.5,2350.0,-3634.0,0.00,0.00,89,89,-1,0.0,0.0,-0.2,-0.1,-0.01,-0.02,0.00,0.00,0.00,0.00,0.00,0.00,-1,-1,1,22,20.0,0.23,1.000,1.000,5.65,0,0,0,180.0,0.0,180.0,90.0,0.00,0,-1.3,0.5
0.80,climb,98.57,251.43,1.000,1,1892.5,365.5,2350.0,-3634.0,0.09,-0.01,90,93,-1,0.0,0.0,-0.3,-0.1,-0.01,-0.02,0.00,0.00,0.00,0.00,0.00,0.00,87,-1,1,25,29.8,0.10,1.000,1.000,8.84,0,26,0,175.7,359.9,181.5,94.3,0.00,0,-1.1,0.7
0.90,climb,99.85,250.15,1.000,1,1892.5,365.5,2350.0,-3634.0,0.09,-0.01,90,93,-1,0.0,0.0,-0.4,-0.2,-0.02,-0.02,0.00,0.00,0.00,0.00,0.09,-0.01,87,-1,1,27,29.8,-0.05,1.000,1.000,11.99,0,26,0,175.7,359.9,181.5,94.3,0.00,0,-1.1,0.7
1.00,climb,102.35,247.65,1.000,1,1892.6,365.5,2350.0,-3634.0,0.26,-0.05,91,93,-1,0.0,0.0,-0.4,-0.3,-0.02,-0.00,0.00,0.00,0.00,0.00,0.18,-0.02,87,-1,1,30,42.7,-0.16,1.000,1.000,15.11,0,26,0,175.7,359.9,181.5,94.3,0.00,0,0.7,0.1
1.10,climb,103.33,246.67,1.000,1,1892.6,365.5,2349.9,-3634.0,0.35,-0.11,91,93,-1,0.0,0.0,-0.3,-0.3,-0.01,0.02,0.00,0.00,0.00,0.00,0.26,-0.06,87,-1,1,32,42.6,-0.21,1.000,1.000,18.20,0,26,0,175.7,359.9,181.5,94.3,0.00,0,1.7,-0.8
1.20,climb,105.53,244.47,1.000,1,1892.6,365.5,2349.9,-3634.0,0.44,-0.13,94,109,-1,0.0,0.0,-0.1,-0.2,0.01,0.03,0.00,0.00,0.00,0.00,0.34,-0.13,87,-1,1,33,38.3,-0.20,1.000,1.000,21.26,0,26,0,160.1,359.8,180.6,109.9,0.00,0,2.2,-1.3
1.30,climb,108.04,241.96,1.000,1,1892.6,365.5,2349.9,-3634.0,0.44,-0.13,96,109,-1,0.0,0.0,0.2,-0.1,0.02,0.04,0.00,0.00,0.00,0.00,0.42,-0.18,87,-1,1,34,38.3,-0.10,1.000,1.000,24.29,0,26,0,160.1,359.8,180.6,109.9,0.00,0,2.2,-1.3
1.40,climb,110.84,239.16,1.000,1,1892.7,365.4,2349.8,-3634.0,0.40,-0.15,98,109,-1,0.0,0.0,0.4,0.1,0.03,0.04,0.00,0.00,0.00,0.00,0.41,-0.21,87,-1,1,35,24.0,0.06,1.000,1.000,27.29,0,26,0,160.1,359.8,180.6,109.9,0.00,0,2.0,-1.5
1.50,climb,113.93,236.07,1.000,1,1892.8,365.4,2349.8,-3633.9,0.31,-0.15,100,109,-1,0.0,0.0,0.6,0.2,0.02,0.03,0.00,0.00,0.00,0.00,0.36,-0.22,87,-1,1,36,18.0,0.24,1.000,1.000,30.26,0,26,0,160.1,359.8,180.6,109.9,0.00,0,0.9,-0.7
1.60,climb,119.13,230.87,1.000,1,1892.8,365.4,2349.7,-3633.9,0.18,-0.13,103,120,-1,0.0,0.0,0.6,0.3,0.01,0.01,0.00,0.00,0.00,0.00,0.27,-0.22,87,-1,1,36,15.9,0.36,1.000,1.000,33.20,0,26,0,149.5,359.9,180.1,120.5,0.00,0,-0.8,0.6
1.70,climb,121.01,228.99,1.000,1,1892.8,365.4,2349.7,-3633.9,0.18,-0.13,105,120,-1,0.0,0.0,0.5,0.2,-0.01,-0.02,0.00,0.00,0.00,0.00,0.14,-0.17,87,-1,1,36,15.9,0.41,1.000,1.000,36.10,0,26,0,149.5,359.9,180.1,120.5,0.00,0,-0.8,0.6
1.80,climb,124.98,225.02,1.000,1,1892.8,365.4,2349.7,-3633.9,0.04,-0.13,107,120,-1,0.0,0.0,0.2,-0.0,-0.03,-0.04,0.00,0.00,0.00,0.00,0.00,-0.14,87,-1,1,37,19.0,0.36,1.000,1.000,38.98,0,26,0,149.5,359.9,180.1,120.5,0.00,0,-2.6,2.0
1.90,climb,129.24,220.76,1.000,1,1892.8,365.4,2349.7,-3633.9,0.00,-0.11,109,120,-1,0.0,0.0,-0.2,-0.3,-0.05,-0.06,0.00,0.00,0.00,0.00,-0.04,-0.10,87,-1,1,38,35.8,0.24,1.000,1.000,41.82,0,26,0,149.5,359.9,180.1,120.5,0.00,0,-4.6,3.4
2.00,climb,133.78,216.22,1.000,1,1892.8,365.4,2349.7,-3633.9,0.00,-0.11,112,130,-1,0.0,0.0,-0.6,-0.7,-0.06,-0.07,0.00,0.00,0.00,0.00,-0.04,-0.10,87,-1,1,38,35.8,0.05,1.000,1.000,44.64,0,26,0,139.1,359.9,180.2,130.9,0.00,0,-4.6,3.4
2.10,climb,138.60,211.40,0.865,1,1892.8,365.4,2349.7,-3633.9,0.09,-0.11,115,130,-1,0.0,0.0,-0.9,-1.0,-0.06,-0.05,0.00,0.00,0.00,0.00,0.03,-0.14,87,-1,0,39,45.5,-0.14,0.866,0.910,47.41,0,26,0,139.1,359.9,180.2,130.9,0.00,0,-3.8,2.9
2.20,climb,143.68,206.32,0.707,1,1892.9,365.3,2349.7,-3633.8,0.57,-0.05,117,130,-1,0.0,0.0,-0.9,-1.3,-0.05,-0.01,0.00,0.00,0.00,0.00,0.23,-0.22,87,-1,0,39,55.7,-0.28,0.710,0.734,50.16,0,26,0,139.1,359.9,180.2,130.9,0.00,0,0.2,-0.6
2.30,climb,148.99,201.01,0.555,1,1892.9,365.3,2349.6,-3633.8,0.57,-0.05,119,130,-1,0.0,0.0,-0.7,-1.2,-0.00,0.02,0.00,0.00,0.00,0.00,0.47,-0.33,87,-1,0,40,55.7,-0.31,0.558,0.568,52.62,0,26,0,139.1,359.9,180.2,130.9,0.00,0,0.2,-0.6
2.40,climb,154.46,195.54,0.432,1,1892.9,365.3,2349.6,-3633.8,0.79,-0.04,124,151,-1,0.0,0.0,-0.4,-0.8,0.04,0.05,0.00,0.00,0.00,0.00,0.63,-0.48,87,-1,0,39,53.3,-0.29,0.435,0.471,54.36,0,26,0,118.2,359.9,180.0,151.8,0.00,0,2.1,-3.5
2.50,climb,160.01,189.99,0.338,1,1893.1,365.3,2349.5,-3633.8,0.97,-0.02,128,151,-1,0.0,0.0,-0.0,-0.3,0.07,0.06,0.00,0.00,0.00,0.00,0.68,-0.56,87,-1,0,37,40.7,-0.20,0.339,0.391,55.43,0,26,0,118.2,359.9,180.0,151.8,0.00,0,3.0,-5.1
2.60,climb,166.98,183.02,0.262,1,1893.2,365.3,2349.4,-3633.8,0.88,-0.03,132,151,-1,0.0,0.0,0.3,0.2,0.07,0.04,0.00,0.00,0.00,0.00,0.71,-0.66,87,-1,0,37,34.8,-0.07,0.262,0.308,55.87,0,26,0,118.2,359.9,180.0,151.8,0.00,0,2.0,-3.7
2.70,climb,171.15,178.85,0.231,1,1893.2,365.3,2349.3,-3633.8,0.88,-0.03,135,151,-1,0.0,0.0,0.4,0.5,0.06,0.03,0.00,0.00,0.00,0.00,0.60,-0.64,87,-1,0,37,34.8,0.04,0.231,0.265,55.78,0,26,0,118.2,359.9,180.0,151.8,0.00,0,2.0,-3.7
2.80,climb,176.66,173.34,0.207,1,1893.4,365.3,2349.2,-3633.8,0.79,-0.07,139,166,-1,0.0,0.0,0.5,0.7,0.03,0.02,0.00,0.00,0.00,0.00,0.54,-0.69,87,-1,0,35,27.0,0.10,0.207,0.229,55.31,0,26,0,103.4,358.5,180.4,166.6,0.00,0,0.9,-0.4
2.90,climb,182.10,167.90,0.196,1,1893.5,365.3,2349.1,-3633.8,0.70,-0.09,143,166,-1,0.0,0.0,0.6,0.7,0.01,0.01,0.00,0.00,0.00,0.00,0.42,-0.67,87,-1,0,34,24.7,0.14,0.196,0.205,54.59,0,26,0,103.4,358.5,180.4,166.6,0.00,0,-0.1,0.8
3.00,climb,187.45,162.55,0.192,1,1893.5,365.3,2349.0,-3633.8,0.70,-0.09,147,166,-1,0.0,0.0,0.5,0.6,-0.01,-0.01,0.00,0.00,0.00,0.00,0.31,-0.64,87,-1,0,34,24.7,0.18,0.192,0.197,53.74,0,26,0,103.4,358.5,180.4,166.6,0.00,0,-0.1,0.8
3.10,climb,192.72,157.28,0.189,1,1893.6,365.3,2349.0,-3633.8,0.62,-0.11,150,166,-1,0.0,0.0,0.3,0.5,-0.02,-0.02,0.00,0.00,0.00,0.00,0.25,-0.62,87,-1,0,34,22.1,0.21,0.190,0.207,52.84,0,26,0,103.4,358.5,180.4,166.6,0.00,0,-1.7,2.3
3.20,climb,197.88,152.12,0.193,1,1893.6,365.3,2348.9,-3633.8,0.62,-0.11,154,175,-1,0.0,0.0,0.1,0.2,-0.03,-0.03,0.00,0.00,0.00,0.00,0.17,-0.60,87,-1,0,33,21.5,0.21,0.193,0.217,51.84,0,26,0,93.9,358.1,180.1,176.1,0.00,0,-1.6,2.2
3.30,climb,202.94,147.06,0.197,1,1893.6,365.3,2348.9,-3633.8,0.62,-0.11,157,175,-1,0.0,0.0,-0.0,0.0,-0.03,-0.02,0.00,0.00,0.00,0.00,0.14,-0.61,87,-1,0,32,21.5,0.22,0.198,0.220,50.83,0,26,0,93.9,358.1,180.1,176.1,0.00,0,-1.6,2.2
3.40,climb,207.91,142.09,0.199,1,1893.7,365.3,2348.8,-3633.8,0.57,-0.11,160,175,-1,0.0,0.0,-0.1,-0.1,-0.03,-0.01,0.00,0.00,0.00,0.00,0.09,-0.57,87,-1,0,33,21.2,0.23,0.200,0.216,49.88,0,26,0,93.9,358.1,180.1,176.1,0.00,0,-1.1,1.8
3.50,climb,212.78,137.22,0.199,1,1893.8,365.3,2348.7,-3633.8,0.53,-0.09,162,175,-1,0.0,0.0,-0.2,-0.2,-0.01,-0.01,0.00,0.00,0.00,0.00,0.07,-0.53,87,-1,0,33,21.8,0.24,0.200,0.209,48.96,0,26,0,93.9,358.1,180.1,176.1,0.00,0,-0.4,-0.4
3.60,climb,217.57,132.43,0.197,1,1893.8,365.3,2348.7,-3633.8,0.53,-0.09,166,184,-1,0.0,0.0,-0.2,-0.1,0.01,-0.01,0.00,0.00,0.00,0.00,0.05,-0.53,87,-1,0,33,21.8,0.22,0.198,0.203,48.10,0,26,0,85.3,177.7,179.8,184.7,0.00,0,-0.4,-0.4
3.70,climb,222.27,127.73,0.194,1,1893.9,365.2,2348.6,-3633.7,0.53,-0.04,168,184,-1,0.0,0.0,-0.2,0.0,0.03,-0.00,0.00,0.00,0.00,0.00,0.04,-0.53,87,-1,0,33,22.5,0.22,0.195,0.208,47.25,0,26,0,85.3,177.7,179.8,184.7,0.00,0,0.1,-2.3
3.80,climb,226.89,123.11,0.192,1,1894.0,365.2,2348.6,-3633.7,0.53,-0.04,171,184,-1,0.0,0.0,-0.2,0.2,0.03,-0.00,0.00,0.00,0.00,0.00,0.04,-0.53,87,-1,0,34,22.7,0.22,0.193,0.206,46.39,0,26,0,85.3,177.7,179.8,184.7,0.00,0,0.3,-1.4
3.90,climb,231.41,118.59,0.191,1,1894.0,365.2,2348.5,-3633.7,0.53,-0.04,173,184,-1,0.0,0.0,-0.2,0.3,0.02,-0.00,0.00,0.00,0.00,0.00,0.02,-0.53,87,-1,0,35,22.7,0.24,0.192,0.199,45.51,0,26,0,85.3,177.7,179.8,184.7,0.00,0,0.3,-1.4
4.00,climb,235.86,114.14,0.187,1,1894.1,365.2,2348.5,-3633.7,0.48,-0.04,176,193,-1,0.0,0.0,-0.2,0.3,-0.00,-0.00,0.00,0.00,0.00,0.00,-0.01,-0.53,87,-1,0,35,23.5,0.23,0.188,0.190,44.69,0,26,0,76.2,179.6,179.9,193.8,0.00,0,-0.1,0.8
4.10,climb,240.22,109.78,0.185,1,1894.1,365.2,2348.4,-3633.7,0.44,-0.04,179,193,-1,0.0,0.0,-0.2,0.2,-0.01,-0.01,0.00,0.00,0.00,0.00,-0.03,-0.48,87,-1,0,35,23.6,0.23,0.186,0.193,43.82,0,26,0,76.2,179.6,179.9,193.8,0.00,0,-0.1,1.0
4.20,climb,244.49,105.51,0.188,1,1894.1,365.2,2348.4,-3633.7,0.44,-0.04,181,193,-1,0.0,0.0,-0.2,0.1,-0.02,-0.01,0.00,0.00,0.00,0.00,-0.05,-0.44,87,-1,0,36,23.6,0.24,0.189,0.198,42.87,0,26,0,76.2,179.6,179.9,193.8,0.00,0,-0.1,1.0
4.30,climb,248.66,101.34,0.191,1,1894.2,365.2,2348.3,-3633.7,0.44,-0.04,183,193,-1,0.0,0.0,-0.3,-0.0,-0.02,-0.01,0.00,0.00,0.00,0.00,-0.06,-0.44,87,-1,0,37,23.7,0.26,0.192,0.202,41.93,0,26,0,76.2,179.6,179.9,193.8,0.00,0,-0.3,1.2
4.40,climb,252.74,97.26,0.193,1,1894.2,365.2,2348.3,-3633.7,0.44,-0.04,186,202,-1,0.0,0.0,-0.3,-0.1,-0.02,-0.01,0.00,0.00,0.00,0.00,-0.09,-0.43,87,-1,0,37,23.7,0.26,0.194,0.205,41.01,0,26,0,66.8,179.2,179.7,203.2,0.00,0,-0.3,1.2
4.50,climb,256.73,93.27,0.194,1,1894.2,365.2,2348.3,-3633.7,0.44,-0.04,188,202,-1,0.0,0.0,-0.3,-0.2,-0.02,-0.00,0.00,0.00,0.00,0.00,-0.11,-0.43,87,-1,0,37,23.8,0.27,0.195,0.201,40.11,0,26,0,66.8,179.2,179.7,203.2,0.00,0,-0.1,0.9
4.60,climb,262.56,87.44,0.171,1,1894.3,365.2,2348.2,-3633.7,0.44,-0.02,190,202,-1,0.0,0.0,-0.2,-0.3,-0.01,0.01,0.00,0.00,0.00,0.00,-0.10,-0.43,87,-1,0,38,24.1,0.28,0.171,0.178,39.28,0,26,0,66.8,179.2,179.7,203.2,0.00,0,0.5,0.3
4.70,climb,264.47,85.53,0.187,1,1894.4,365.2,2348.2,-3633.7,0.44,0.00,192,202,-1,0.0,0.0,-0.1,-0.2,0.01,0.01,0.00,0.00,0.00,0.00,-0.10,-0.43,87,-1,0,39,24.9,0.30,0.188,0.198,38.48,0,26,0,66.8,179.2,179.7,203.2,0.00,0,0.9,-1.5
4.80,climb,268.21,81.79,0.183,1,1894.4,365.2,2348.1,-3633.7,0.44,0.00,195,212,-1,0.0,0.0,-0.0,-0.0,0.02,0.01,0.00,0.00,0.00,0.00,-0.12,-0.42,87,-1,0,39,25.3,0.29,0.184,0.198,37.67,0,26,0,57.0,180.0,180.0,213.0,0.00,0,0.7,-1.6
4.90,climb,271.86,78.14,0.184,1,1894.5,365.2,2348.1,-3633.7,0.44,0.00,198,212,-1,0.0,0.0,0.1,0.1,0.03,0.01,0.00,0.00,0.00,0.00,-0.13,-0.42,87,-1,0,40,25.6,0.29,0.185,0.199,36.79,0,26,0,57.0,180.0,180.0,213.0,0.00,0,0.4,-1.6
5.00,climb,276.31,73.69,0.173,1,1894.5,365.2,2348.0,-3633.7,0.44,-0.02,200,212,-1,0.0,0.0,0.1,0.3,0.03,0.00,0.00,0.00,0.00,0.00,-0.15,-0.41,87,-1,0,41,26.1,0.29,0.174,0.187,35.91,0,26,0,57.0,180.0,180.0,213.0,0.00,0,0.2,-1.5
5.10,climb,278.91,71.09,0.184,1,1894.5,365.2,2348.0,-3633.7,0.44,-0.02,202,212,-1,0.0,0.0,0.1,0.4,0.03,-0.00,0.00,0.00,0.00,0.00,-0.18,-0.40,87,-1,0,42,26.1,0.28,0.184,0.195,35.05,0,26,0,57.0,180.0,180.0,213.0,0.00,0,0.2,-1.5
5.20,climb,282.31,67.69,0.183,1,1894.6,365.2,2347.9,-3633.7,0.40,-0.03,205,222,-1,0.0,0.0,0.0,0.6,0.02,-0.01,0.00,0.00,0.00,0.00,-0.20,-0.34,87,-1,0,42,26.5,0.27,0.184,0.196,34.19,0,26,0,46.6,180.6,180.6,223.4,0.00,0,-0.1,-1.3
5.30,climb,285.62,64.38,0.182,1,1894.6,365.2,2347.9,-3633.7,0.35,-0.07,208,222,-1,0.0,0.0,-0.0,0.7,0.02,-0.01,0.00,0.00,0.00,0.00,-0.20,-0.29,87,-1,0,42,27.3,0.26,0.183,0.197,33.34,0,26,0,46.6,180.6,180.6,223.4,0.00,0,-0.6,-0.8
5.40,climb,288.85,61.15,0.145,1,1894.7,365.2,2347.9,-3633.7,0.35,-0.09,210,222,-1,0.0,0.0,-0.1,0.7,0.02,-0.02,0.00,0.00,0.00,0.00,-0.23,-0.27,87,-1,0,43,27.7,0.25,0.145,0.159,32.50,0,26,0,46.6,180.6,180.6,223.4,0.00,0,-0.7,-0.6
5.50,climb,291.99,58.01,0.102,1,1894.7,365.2,2347.8,-3633.7,0.35,-0.09,212,222,-1,0.0,0.0,-0.3,0.8,0.01,-0.02,0.00,0.00,0.00,0.00,-0.26,-0.25,87,-1,0,44,27.7,0.25,0.103,0.116,31.67,0,26,0,46.6,180.6,180.6,223.4,0.00,0,-0.7,-0.6
5.60,climb,295.05,54.95,0.062,1,1894.7,365.2,2347.8,-3633.7,0.26,-0.11,215,233,-1,0.0,0.0,-0.3,0.7,0.00,-0.01,0.00,0.00,0.00,0.00,-0.27,-0.24,87,-1,0,43,28.2,0.24,0.062,0.068,30.82,0,26,0,35.5,180.5,180.7,234.5,0.00,0,-0.1,0.6
5.70,climb,298.01,51.99,0.028,1,1894.7,365.2,2347.8,-3633.7,0.26,-0.11,218,233,-1,0.0,0.0,-0.4,0.7,-0.01,-0.01,0.00,0.00,0.00,0.00,-0.25,-0.14,87,-1,0,40,28.2,0.23,0.028,0.035,29.85,0,26,0,35.5,180.5,180.7,234.5,0.00,0,-0.1,0.6
5.80,climb,300.84,49.16,0.009,1,1894.7,365.2,2347.8,-3633.7,0.26,-0.11,220,233,-1,0.0,0.0,-0.4,0.6,-0.01,-0.01,0.00,0.00,0.00,0.00,-0.25,-0.13,87,-1,0,38,27.6,0.20,0.009,0.016,28.65,0,26,0,35.5,180.5,180.7,234.5,0.00,0,0.2,1.0
5.90,climb,303.57,46.43,0.000,1,1894.8,365.1,2347.7,-3633.6,0.26,-0.11,222,233,-1,0.0,0.0,-0.4,0.5,-0.01,-0.01,0.00,0.00,0.00,0.00,-0.26,-0.12,87,-1,1,36,27.1,0.17,0.000,0.000,27.51,0,26,0,35.5,180.5,180.7,234.5,0.00,0,0.0,0.8
6.00,climb,306.18,43.82,0.000,1,1894.8,365.1,2347.7,-3633.6,0.26,-0.11,226,244,-1,0.0,0.0,-0.4,0.3,-0.01,-0.00,0.00,0.00,0.00,0.00,-0.27,-0.11,87,-1,1,32,26.1,0.11,0.000,0.000,26.36,0,26,0,24.6,180.2,180.3,245.4,0.00,0,0.2,1.1
6.10,climb,308.67,41.33,0.000,1,1894.8,365.1,2347.7,-3633.6,0.26,-0.11,229,244,-1,0.0,0.0,-0.4,0.2,-0.02,-0.00,0.00,0.00,0.00,0.00,-0.27,-0.09,87,-1,1,29,26.1,0.06,0.000,0.000,25.17,0,26,0,24.6,180.2,180.3,245.4,0.00,0,0.2,1.1
6.20,climb,311.03,38.97,0.000,1,1894.9,365.1,2347.6,-3633.6,0.26,-0.11,231,244,-1,0.0,0.0,-0.4,0.1,-0.02,0.00,0.00,0.00,0.00,0.00,-0.27,-0.08,87,-1,1,27,25.5,0.03,0.000,0.000,23.93,0,26,0,24.6,180.2,180.3,245.4,0.00,0,0.3,1.2
6.30,climb,313.27,36.73,0.000,1,1894.9,365.1,2347.6,-3633.6,0.26,-0.11,233,244,-1,0.0,0.0,-0.3,-0.1,-0.02,0.00,0.00,0.00,0.00,0.00,-0.28,-0.07,87,-1,1,25,24.3,-0.00,0.000,0.000,22.65,0,26,0,24.6,180.2,180.3,245.4,0.00,0,0.5,1.4
6.40,climb,315.37,34.63,0.011,1,1894.9,365.1,2347.6,-3633.6,0.26,-0.11,236,254,-1,0.0,0.0,-0.3,-0.2,-0.02,0.00,0.00,0.00,0.00,0.00,-0.28,-0.05,87,-1,1,22,23.8,-0.05,0.011,0.022,21.35,0,26,0,14.6,179.7,178.9,255.4,0.00,0,0.5,1.4
6.50,climb,317.35,32.65,0.019,1,1895.0,365.1,2347.6,-3633.6,0.26,-0.11,239,254,-1,0.0,0.0,-0.2,-0.4,-0.03,0.01,0.00,0.00,0.00,0.00,-0.28,-0.04,87,-1,0,19,23.4,-0.10,0.019,0.032,20.06,0,26,0,14.6,179.7,178.9,255.4,0.00,0,0.5,1.4
6.60,climb,319.20,30.80,0.030,1,1895.0,365.1,2347.5,-3633.6,0.26,-0.11,241,254,-1,0.0,0.0,-0.1,-0.5,-0.03,0.01,0.00,0.00,0.00,0.00,-0.28,-0.03,87,-1,0,16,23.4,-0.14,0.030,0.043,18.78,0,26,0,14.6,179.7,178.9,255.4,0.00,0,0.5,1.4
6.70,climb,320.92,29.08,0.044,1,1895.0,365.0,2347.5,-3633.6,0.26,-0.09,243,254,-1,0.0,0.0,-0.1,-0.7,-0.03,0.01,0.00,0.00,0.00,0.00,-0.28,-0.02,87,-1,0,14,22.8,-0.17,0.044,0.059,17.52,0,26,0,14.6,179.7,178.9,255.4,0.00,0,0.5,1.4
6.80,climb,322.52,27.48,0.062,1,1895.0,365.0,2347.5,-3633.5,0.26,-0.09,247,264,-1,0.0,0.0,0.0,-0.8,-0.03,0.01,0.00,0.00,0.00,0.00,-0.28,-0.02,87,-1,0,11,22.8,-0.23,0.062,0.078,16.26,0,26,0,5.4,179.2,171.6,264.6,0.00,0,0.5,1.4
6.90,climb,323.99,26.01,0.083,1,1895.0,365.0,2347.5,-3633.5,0.26,-0.09,249,264,-1,0.0,0.0,0.1,-0.9,-0.03,0.01,0.00,0.00,0.00,0.00,-0.28,-0.01,87,-1,0,9,22.5,-0.28,0.083,0.100,15.02,0,26,0,5.4,179.2,171.6,264.6,0.00,0,0.5,1.4
7.00,climb,325.34,24.66,0.108,1,1895.1,365.0,2347.4,-3633.5,0.26,-0.09,251,264,-1,0.0,0.0,0.2,-1.1,-0.03,0.01,0.00,0.00,0.00,0.00,-0.28,-0.00,87,-1,0,6,22.1,-0.32,0.108,0.126,13.79,0,26,0,5.4,179.2,171.6,264.6,0.00,0,0.5,1.2
7.10,climb,326.57,23.43,0.135,1,1895.1,365.0,2347.4,-3633.5,0.26,-0.09,253,264,-1,0.0,0.0,0.3,-1.2,-0.03,0.01,0.00,0.00,0.00,0.00,-0.28,0.01,87,-1,0,5,21.7,-0.35,0.136,0.153,12.59,0,26,0,5.4,179.2,171.6,264.6,0.00,0,0.3,0.9
7.20,climb,327.69,22.31,0.164,1,1895.1,365.0,2347.4,-3633.5,0.26,-0.09,256,272,-1,0.0,0.0,0.3,-1.2,-0.02,0.01,0.00,0.00,0.00,0.00,-0.28,0.02,87,-1,0,2,21.2,-0.40,0.166,0.180,11.44,0,26,0,356.5,178.8,19.7,273.5,0.00,0,0.1,0.2
7.30,climb,328.70,21.30,0.192,1,1895.2,365.0,2347.4,-3633.5,0.26,-0.07,259,272,-1,0.0,0.0,0.4,-1.2,-0.01,0.01,0.00,0.00,0.00,0.00,-0.28,0.03,87,-1,0,-1,20.1,-0.44,0.194,0.202,10.38,0,26,0,356.5,178.8,19.7,273.5,0.00,0,-0.4,-0.8
7.40,climb,329.63,20.37,0.215,1,1895.2,365.0,2347.3,-3633.5,0.26,-0.07,261,272,-1,0.0,0.0,0.4,-1.1,0.01,0.00,0.00,0.00,0.00,0.00,-0.27,0.02,87,-1,0,-3,20.1,-0.46,0.218,0.221,9.49,0,26,0,356.5,178.8,19.7,273.5,0.00,0,-0.4,-0.8
7.50,climb,330.49,19.51,0.230,1,1895.2,365.0,2347.3,-3633.5,0.26,-0.07,263,272,-1,0.0,0.0,0.3,-0.9,0.02,-0.01,0.00,0.00,0.00,0.00,-0.27,0.03,87,-1,0,-5,18.4,-0.46,0.233,0.248,8.79,0,26,0,356.5,178.8,19.7,273.5,0.00,0,-1.1,-1.8
7.60,climb,331.51,18.49,0.232,1,1895.2,365.0,2347.3,-3633.5,0.26,-0.04,265,280,-1,0.0,0.0,0.1,-0.6,0.03,-0.03,0.00,0.00,0.00,0.00,-0.27,0.02,87,-1,0,-7,12.3,-0.46,0.235,0.260,8.29,0,26,0,349.2,179.4,3.2,280.8,0.00,0,-2.3,-2.6
7.70,cruise,332.09,17.91,0.285,1,1895.2,365.0,2347.3,-3633.5,0.26,-0.04,267,280,-1,4.0,4.0,-0.1,-0.4,-0.01,-0.11,0.00,0.00,0.00,0.00,-0.27,0.03,87,-1,0,-10,12.3,-0.44,0.289,0.321,7.97,0,26,0,349.2,179.4,3.2,280.8,0.00,0,-2.3,-2.6
7.80,cruise,332.85,17.15,0.283,1,1895.3,365.0,2347.2,-3633.5,0.26,-0.04,269,280,-1,8.0,8.0,-0.4,-0.1,-0.07,-0.17,0.00,0.00,0.00,0.00,-0.26,0.04,87,-1,0,-25,8.5,-0.67,0.291,0.357,7.67,0,26,0,347.3,180.0,0.2,282.7,0.00,1,-2.3,-2.4
7.90,cruise,333.58,16.42,0.279,1,1895.3,365.0,2347.2,-3633.5,0.18,-0.04,271,280,-1,12.0,12.0,-0.5,0.1,-0.12,-0.20,0.00,0.00,0.00,0.00,-0.26,0.05,87,-1,0,-25,-0.5,-0.59,0.285,0.375,7.42,0,26,0,347.0,180.2,359.0,283.0,0.00,1,0.3,-2.6
8.00,cruise,334.31,15.69,0.268,1,1895.3,365.0,2347.2,-3633.5,0.18,-0.04,273,282,-1,16.0,16.0,-0.4,0.4,-0.16,-0.22,0.00,0.00,0.00,0.00,-0.17,0.05,87,-1,0,-25,-0.5,-0.49,0.272,0.372,7.30,0,26,0,347.2,180.5,357.8,282.8,0.00,1,0.3,-2.6
8.10,cruise,335.01,14.99,0.257,1,1895.3,365.0,2347.2,-3633.5,0.04,0.01,274,282,-1,20.0,20.0,0.0,0.9,-0.16,-0.19,0.00,0.00,0.00,0.00,-0.09,0.04,87,-1,0,-24,-11.3,-0.36,0.259,0.352,7.19,0,26,0,347.9,180.9,355.7,282.1,0.00,1,6.9,-7.4
8.20,cruise,335.69,14.31,0.248,1,1895.3,365.0,2347.2,-3633.5,0.00,0.04,275,282,-1,24.0,24.0,0.9,1.7,-0.13,-0.14,0.00,0.00,0.00,0.00,-0.04,-0.01,87,-1,0,-23,-16.3,-0.23,0.249,0.322,7.03,0,26,0,349.1,181.6,351.8,280.9,0.00,1,10.9,-10.8
8.30,cruise,336.36,13.64,0.239,1,1895.3,365.0,2347.2,-3633.5,0.00,0.04,276,282,-1,27.4,27.6,2.1,2.9,-0.09,-0.06,0.00,0.00,0.00,0.00,-0.00,-0.04,87,-1,0,-21,-16.3,-0.10,0.240,0.281,6.87,0,26,0,350.8,182.5,344.7,279.2,0.00,1,10.9,-10.8
8.40,cruise,336.98,13.02,0.234,1,1895.3,365.0,2347.2,-3633.5,-0.09,0.08,276,276,-1,28.1,28.1,3.8,4.3,-0.02,0.03,0.00,0.00,0.00,0.00,0.08,-0.09,87,-1,0,-19,-20.4,0.02,0.234,0.248,6.67,0,26,0,352.9,183.8,332.1,277.1,0.00,1,14.5,-14.2
8.50,cruise,337.58,12.42,0.235,1,1895.3,365.0,2347.2,-3633.5,-0.09,0.05,276,276,-1,28.7,28.5,5.8,5.9,0.05,0.12,0.00,0.00,0.00,0.00,0.08,-0.10,87,-1,0,-17,-24.6,0.12,0.235,0.279,6.38,0,26,0,355.0,185.4,312.5,275.0,0.00,1,18.7,-19.9
8.60,cruise,338.13,11.87,0.237,1,1895.3,365.0,2347.2,-3633.5,-0.09,0.05,276,276,-1,29.3,28.8,8.0,7.6,0.08,0.18,0.03,0.00,0.00,0.00,0.08,-0.06,87,-1,0,-15,-24.6,0.20,0.238,0.307,6.09,0,26,0,357.3,187.3,290.2,272.7,0.00,1,18.7,-19.9
8.70,cruise,338.66,11.34,0.241,1,1895.3,365.0,2347.2,-3633.5,0.18,-0.13,277,276,-1,29.9,29.1,10.2,9.3,0.07,0.19,0.12,0.00,0.00,0.00,0.00,0.01,87,-1,0,-13,-24.8,0.25,0.242,0.313,5.81,0,26,0,359.5,189.3,272.8,270.5,0.00,1,17.2,-20.0
8.80,cruise,339.15,10.85,0.250,1,1895.4,365.0,2347.2,-3633.5,0.40,-0.31,276,267,-1,30.5,29.4,12.4,10.9,0.05,0.18,0.21,0.00,0.00,0.00,-0.16,0.15,87,-1,0,-10,-23.8,0.29,0.251,0.310,5.51,0,26,0,1.7,191.3,261.5,268.3,0.00,1,14.6,-19.3
8.90,cruise,339.62,10.38,0.252,1,1895.4,365.0,2347.1,-3633.5,0.40,-0.31,275,267,-1,31.2,29.6,14.3,12.4,0.02,0.13,0.29,0.00,0.00,0.00,-0.37,0.34,87,-1,0,-8,-23.8,0.31,0.254,0.294,5.22,0,26,0,3.8,193.3,254.4,266.2,0.00,1,14.6,-19.3
9.00,cruise,340.07,9.93,0.258,1,1895.4,364.9,2347.1,-3633.4,0.66,-0.52,274,267,-1,31.8,29.9,15.9,13.7,0.00,0.06,0.35,0.00,0.00,0.00,-0.62,0.56,87,-1,0,-6,-22.3,0.32,0.260,0.276,4.95,0,26,0,5.7,195.2,249.7,264.3,0.00,1,11.1,-18.6
9.10,cruise,340.49,9.51,0.264,1,1895.6,364.7,2347.0,-3633.3,1.23,-1.08,274,267,-1,32.3,30.2,17.1,15.0,-0.00,-0.01,0.41,0.00,0.00,0.00,-0.87,0.84,87,-1,0,-5,-17.5,0.31,0.265,0.269,4.70,0,26,0,7.6,197.2,246.7,262.5,0.00,1,4.4,-17.8
9.20,cruise,340.90,9.10,0.268,1,1895.6,364.7,2346.9,-3633.2,1.23,-1.08,273,260,-1,32.8,30.5,18.1,16.3,0.00,-0.08,0.46,0.00,0.00,0.00,-1.18,1.13,87,-1,0,-3,-17.5,0.29,0.269,0.293,4.48,0,26,0,9.2,199.1,244.9,260.9,0.00,1,4.4,-17.8
9.30,cruise,341.28,8.72,0.273,1,1895.8,364.6,2346.7,-3633.1,1.54,-1.41,272,260,-1,33.2,30.9,18.9,17.6,0.02,-0.12,0.50,0.00,0.00,0.00,-1.50,1.45,87,-1,0,-2,-14.4,0.25,0.274,0.311,4.25,0,26,0,10.6,200.9,243.9,259.6,0.00,1,2.5,-17.4
9.40,cruise,341.63,8.37,0.279,1,1896.1,364.2,2346.6,-3632.9,1.98,-2.14,271,260,-1,33.6,31.2,19.6,19.0,0.03,-0.12,0.55,0.00,0.00,0.00,-1.73,1.78,87,-1,0,-1,-7.7,0.20,0.280,0.322,4.02,0,26,0,11.6,202.7,243.8,258.7,0.00,1,3.8,-16.1
9.50,cruise,341.97,8.03,0.287,1,1896.3,364.0,2346.4,-3632.7,2.15,-2.54,270,260,-1,34.0,31.5,20.5,20.4,0.05,-0.11,0.59,0.00,0.00,0.00,-1.97,2.15,87,-1,0,-0,-4.5,0.15,0.287,0.332,3.80,0,26,0,12.3,204.4,244.4,258.1,0.00,1,5.4,-15.4
9.60,cruise,342.27,7.73,0.296,1,1896.3,364.0,2346.2,-3632.5,2.15,-2.54,269,256,-1,34.4,31.7,21.4,21.9,0.07,-0.09,0.64,0.00,0.00,0.00,-2.18,2.51,87,-1,0,-0,-4.5,0.09,0.296,0.343,3.57,0,26,0,12.5,206.1,245.6,258.0,0.00,1,5.4,-15.4
9.70,cruise,342.56,7.44,0.305,1,1896.6,363.7,2345.9,-3632.2,2.33,-2.98,269,256,-1,34.8,32.0,22.3,23.4,0.08,-0.08,0.69,0.00,0.00,0.00,-2.39,2.93,87,-1,0,-0,-1.5,0.02,0.305,0.352,3.35,0,26,0,12.4,207.6,247.2,258.2,0.00,1,7.2,-14.4
9.80,cruise,342.83,7.17,0.313,1,1896.8,363.4,2345.7,-3631.9,2.50,-3.45,268,256,-1,35.2,32.1,23.4,24.8,0.08,-0.06,0.75,0.00,0.00,0.00,-2.60,3.38,87,-1,0,-1,1.0,-0.04,0.313,0.354,3.20,0,26,0,11.9,209.0,249.2,258.8,0.00,1,9.0,-12.8
9.90,cruise,343.08,6.92,0.320,1,1897.4,362.5,2345.4,-3631.5,2.94,-4.56,268,256,-1,35.7,32.3,24.7,26.1,0.07,-0.03,0.80,0.00,0.00,0.00,-2.84,3.92,87,-1,0,-2,4.0,-0.09,0.320,0.352,3.06,0,26,0,11.0,210.1,251.4,259.6,0.00,1,13.1,-8.5
10.00,cruise,343.39,6.61,0.327,1,1897.4,362.5,2345.1,-3631.0,2.94,-4.56,269,259,-1,36.2,32.4,26.0,27.4,0.06,-0.01,0.85,0.00,0.00,0.00,-3.03,4.50,87,-1,0,-3,4.0,-0.14,0.327,0.350,2.93,0,26,0,9.9,211.1,253.8,260.7,0.00,1,13.1,-8.5
10.10,cruise,343.57,6.43,0.336,1,1897.7,362.0,2344.8,-3630.5,3.21,-5.17,270,259,-1,36.6,32.4,27.4,28.5,0.05,0.01,0.90,0.00,0.00,0.00,-3.25,5.15,87,-1,0,-4,4.8,-0.18,0.336,0.358,2.82,0,26,0,8.6,211.8,256.3,261.9,0.00,1,14.7,-6.7
10.20,cruise,343.80,6.20,0.344,1,1898.4,360.8,2344.5,-3630.0,3.82,-6.48,270,259,-1,37.2,32.5,28.9,29.4,0.04,0.02,0.94,0.00,0.00,0.00,-3.45,5.83,87,-1,0,-5,4.0,-0.21,0.345,0.364,2.71,0,26,0,7.2,212.4,258.7,263.2,0.00,1,16.2,-2.1
10.30,cruise,344.03,5.97,0.351,1,1898.8,360.1,2344.1,-3629.3,4.17,-7.19,271,259,-1,37.7,32.5,30.4,30.1,0.01,0.03,0.98,0.00,0.00,0.00,-3.70,6.55,87,-1,0,-7,2.4,-0.21,0.352,0.366,2.61,0,26,0,5.8,212.6,261.0,264.5,0.00,1,16.2,0.2
10.40,cruise,344.25,5.75,0.358,1,1898.8,360.1,2343.7,-3628.6,4.17,-7.19,273,264,-1,38.3,32.4,31.9,30.6,-0.02,0.04,1.00,0.00,0.00,0.00,-3.83,7.38,87,-1,0,-8,2.4,-0.20,0.359,0.382,2.51,0,26,0,4.6,212.7,262.8,265.6,0.00,1,16.2,0.2
10.50,cruise,344.48,5.52,0.363,1,1899.2,359.4,2343.3,-3627.9,4.61,-7.91,274,264,-1,38.9,32.3,33.5,30.8,-0.05,0.06,1.00,0.00,0.00,0.00,-4.01,8.23,87,-1,0,-9,0.1,-0.17,0.364,0.402,2.45,0,26,0,3.7,212.6,264.3,266.5,0.00,1,15.8,1.6
10.60,cruise,344.70,5.30,0.367,1,1900.3,357.6,2342.8,-3627.0,5.71,-9.36,276,264,-1,39.5,32.2,35.0,30.8,-0.07,0.07,1.00,0.00,0.00,0.00,-4.25,9.11,87,-1,0,-9,-5.6,-0.13,0.367,0.420,2.41,0,26,0,3.0,212.4,265.2,267.0,0.00,1,14.0,2.2
10.70,cruise,344.92,5.08,0.372,1,1900.3,357.6,2342.2,-3626.1,5.71,-9.36,277,264,-1,40.1,32.1,36.6,30.7,-0.08,0.08,1.00,0.00,0.00,0.00,-4.51,10.00,87,-1,0,-9,-5.6,-0.07,0.372,0.432,2.34,0,26,0,2.8,212.3,265.5,267.2,0.00,1,14.0,2.2
10.80,cruise,345.13,4.87,0.377,1,1900.9,356.6,2341.6,-3625.1,6.33,-10.04,279,266,-1,40.7,31.9,38.0,30.6,-0.09,0.07,1.00,0.00,0.00,0.00,-4.77,10.87,87,-1,0,-9,-8.5,-0.01,0.377,0.440,2.26,0,26,0,3.0,212.3,265.2,266.9,0.00,1,11.5,0.8
10.90,cruise,345.34,4.66,0.382,1,1902.3,354.4,2340.9,-3624.1,7.65,-11.35,280,266,-1,41.2,31.8,39.3,30.3,-0.10,0.06,1.00,0.00,0.00,0.00,-5.02,11.73,87,-1,0,-8,-13.4,0.06,0.382,0.446,2.16,0,26,0,3.7,212.5,264.2,266.2,0.00,1,6.0,-3.2
11.00,cruise,345.54,4.46,0.388,1,1902.3,354.4,2340.2,-3622.9,7.65,-11.35,281,266,-1,41.7,31.8,40.4,30.0,-0.10,0.05,1.00,0.00,0.00,0.00,-5.35,12.60,87,-1,0,-7,-13.4,0.12,0.389,0.448,2.06,0,26,0,4.8,213.0,262.7,265.0,0.00,1,6.0,-3.2
11.10,cruise,345.72,4.28,0.394,1,1903.2,353.3,2339.3,-3621.8,8.26,-12.00,282,266,-1,42.2,31.7,41.3,29.8,-0.10,0.03,1.00,0.00,0.00,0.00,-5.60,13.45,87,-1,0,-6,-14.6,0.18,0.395,0.446,1.94,0,26,0,6.1,213.7,260.8,263.6,0.00,1,3.2,-5.6
11.20,cruise,345.94,4.06,0.398,1,1904.0,352.0,2338.5,-3620.5,8.96,-12.66,282,261,-1,42.7,31.8,42.1,29.7,-0.08,0.01,1.00,0.00,0.00,0.00,-6.07,14.27,87,-1,0,-4,-15.1,0.22,0.399,0.439,1.84,0,26,0,7.7,214.7,258.9,261.9,0.00,1,0.6,-8.5
11.30,cruise,346.06,3.94,0.403,1,1906.0,349.3,2337.5,-3619.2,10.37,-14.10,283,261,-1,43.0,31.8,42.7,29.9,-0.06,0.01,1.00,0.00,0.00,0.00,-6.52,15.15,87,-1,0,-2,-14.2,0.25,0.405,0.431,1.79,0,26,0,9.4,216.0,257.1,260.2,0.00,1,-2.2,-14.7
11.40,cruise,346.22,3.78,0.406,1,1907.1,347.8,2336.5,-3617.8,11.07,-14.86,283,261,-1,43.4,31.9,43.4,30.3,-0.03,0.01,1.00,0.00,0.00,0.00,-6.93,16.07,87,-1,0,-1,-12.6,0.27,0.408,0.422,1.77,0,26,0,11.2,217.7,255.6,258.5,0.00,1,-3.0,-17.5
11.50,cruise,346.37,3.63,0.412,1,1907.1,347.8,2335.4,-3616.3,11.07,-14.86,284,261,-1,43.8,32.0,44.0,31.2,0.01,0.01,1.00,0.00,0.00,0.00,-7.30,17.04,87,-1,0,1,-12.6,0.27,0.414,0.419,1.74,0,26,0,12.9,219.6,254.5,256.9,0.00,1,-3.0,-17.5
11.60,cruise,346.51,3.49,0.420,1,1908.2,346.3,2334.3,-3614.8,11.69,-15.68,283,254,-1,44.1,32.2,44.6,32.4,0.05,0.01,1.00,0.00,0.00,0.00,-7.78,17.94,87,-1,0,2,-10.4,0.25,0.422,0.445,1.70,0,26,0,14.6,221.7,253.7,255.6,0.00,1,-3.5,-20.1
11.70,cruise,346.63,3.37,0.429,1,1910.7,342.9,2333.0,-3613.2,12.79,-17.57,283,254,-1,44.3,32.5,45.1,34.0,0.09,-0.00,1.00,0.00,0.00,0.00,-8.13,18.95,87,-1,0,3,-3.3,0.21,0.430,0.470,1.67,0,26,0,16.1,223.9,253.3,254.6,0.00,1,-5.1,-21.9
11.80,cruise,346.76,3.24,0.439,1,1912.0,341.1,2331.8,-3611.4,13.32,-18.57,284,254,-1,44.6,32.8,45.3,35.7,0.11,-0.03,1.00,0.00,0.00,0.00,-8.32,20.07,87,-1,0,4,0.5,0.14,0.439,0.501,1.65,0,26,0,17.5,226.0,253.1,254.0,0.00,1,-6.0,-20.6
11.90,cruise,346.87,3.13,0.450,1,1913.4,339.2,2330.5,-3609.6,13.67,-19.67,284,254,-1,44.7,33.3,45.4,37.5,0.13,-0.05,1.00,0.00,0.00,0.00,-8.42,21.24,87,-1,0,4,4.2,0.07,0.451,0.530,1.58,0,26,0,18.5,227.9,253.2,253.7,0.00,1,-6.0,-18.0
12.00,cruise,346.98,3.02,0.461,1,1913.4,339.2,2329.1,-3607.7,13.67,-19.67,284,250,-1,44.8,33.9,45.3,39.3,0.13,-0.07,1.00,0.00,0.00,0.00,-8.51,22.39,87,-1,0,4,4.2,0.00,0.461,0.555,1.51,0,26,0,19.2,229.5,253.4,253.7,0.00,1,-6.0,-18.0
12.10,cruise,347.09,2.91,0.468,1,1914.8,337.1,2327.7,-3605.6,14.06,-20.85,284,250,-1,44.9,34.5,45.0,40.8,0.13,-0.09,1.00,0.00,0.00,0.00,-8.55,23.65,87,-1,0,4,7.2,-0.07,0.468,0.570,1.48,0,26,0,19.5,230.6,253.8,254.0,0.00,1,-5.6,-14.6
12.20,cruise,347.21,2.79,0.471,1,1917.7,332.6,2326.3,-3603.4,14.59,-23.40,284,250,-1,45.0,35.2,44.5,42.0,0.11,-0.11,1.00,0.00,0.00,0.00,-8.44,24.98,87,-1,0,3,10.9,-0.12,0.472,0.576,1.45,0,26,0,19.4,231.3,254.3,254.6,0.00,1,-2.9,-5.0
12.30,cruise,347.34,2.66,0.471,1,1919.2,330.2,2324.8,-3601.1,14.81,-24.71,285,250,-1,45.0,35.9,44.0,42.9,0.09,-0.12,1.00,0.00,0.00,0.00,-8.24,26.32,87,-1,0,2,11.4,-0.17,0.471,0.570,1.43,0,26,0,18.7,231.4,254.9,255.4,0.00,1,-0.1,0.2
12.40,cruise,347.47,2.53,0.466,1,1919.2,330.2,2323.3,-3598.7,14.81,-24.71,285,252,-1,45.2,36.5,43.4,43.4,0.06,-0.13,1.00,0.00,0.00,0.00,-7.90,27.70,87,-1,0,1,11.4,-0.20,0.467,0.554,1.43,0,26,0,17.4,231.1,255.8,256.5,0.00,1,-0.1,0.2
12.50,cruise,347.62,2.38,0.459,1,1920.6,327.6,2321.9,-3596.1,14.99,-26.02,285,252,-1,45.4,36.9,43.1,43.6,0.03,-0.12,1.00,0.00,0.00,0.00,-7.54,29.06,87,-1,0,0,11.1,-0.22,0.461,0.529,1.47,0,26,0,15.6,230.5,257.1,257.8,0.00,1,3.7,4.7
12.60,cruise,347.77,2.23,0.480,1,1923.7,322.1,2320.3,-3593.4,15.42,-28.44,286,252,-1,45.7,37.2,43.1,43.5,0.01,-0.08,1.00,0.00,0.00,0.00,-7.26,30.34,87,-1,0,-2,7.1,-0.22,0.481,0.526,1.49,0,26,0,13.3,229.5,258.6,259.4,0.00,1,13.1,11.3
12.70,cruise,347.92,2.08,0.510,1,1925.3,319.2,2318.8,-3590.6,15.69,-29.56,286,252,-1,46.2,37.2,43.7,43.3,-0.00,-0.04,1.00,0.00,0.00,0.00,-6.97,31.60,87,-1,0,-3,3.9,-0.21,0.511,0.533,1.52,0,26,0,10.9,228.4,260.3,261.2,0.00,1,17.2,13.1
12.80,cruise,348.08,1.92,0.540,1,1925.3,319.2,2317.2,-3587.7,15.69,-29.56,288,261,-1,46.8,37.1,44.7,43.0,-0.01,0.01,1.00,0.00,0.00,0.00,-6.03,32.92,87,-1,0,-5,3.9,-0.18,0.541,0.551,1.54,0,26,0,8.4,227.2,262.2,262.9,0.00,1,17.2,13.1
12.90,cruise,348.24,1.76,0.570,1,1928.5,313.0,2315.6,-3584.6,16.66,-32.00,289,261,-1,47.5,36.7,46.2,42.6,-0.02,0.04,1.00,0.00,0.00,0.00,-5.21,34.30,87,-1,0,-7,-4.6,-0.13,0.571,0.607,1.62,0,26,0,6.2,225.9,264.0,264.6,0.00,1,21.6,14.4
13.00,cruise,348.43,1.57,0.600,1,1928.5,313.0,2314.0,-3581.5,16.66,-32.00,290,261,-1,48.3,36.2,48.0,42.0,-0.03,0.07,1.00,0.00,0.00,0.00,-4.55,35.79,87,-1,0,-8,-4.6,-0.07,0.600,0.663,1.78,0,26,0,4.4,224.6,265.5,265.9,0.00,1,21.6,14.4
13.10,cruise,348.64,1.36,0.600,1,1930.2,309.7,2312.3,-3578.2,17.40,-33.34,291,261,-1,49.2,35.5,49.9,41.1,-0.04,0.10,1.00,0.00,0.00,0.00,-4.04,37.39,87,-1,0,-9,-9.4,0.01,0.600,0.686,2.02,0,26,0,3.3,223.3,266.5,266.8,0.00,1,21.9,14.1
13.20,cruise,348.88,1.12,0.600,1,1932.0,306.2,2310.5,-3574.7,18.33,-34.72,293,266,-1,50.1,34.8,51.9,40.1,-0.06,0.12,1.00,0.00,0.00,0.00,-3.39,39.11,87,-1,0,-9,-13.5,0.09,0.600,0.704,2.28,0,26,0,2.8,222.1,266.9,267.1,0.00,1,21.0,13.4
13.30,cruise,349.14,0.86,0.600,1,1936.0,298.9,2308.6,-3571.1,20.61,-37.33,294,266,-1,51.0,34.1,53.7,38.7,-0.07,0.11,1.00,0.00,0.00,0.00,-3.00,40.82,87,-1,0,-9,-17.8,0.15,0.601,0.711,2.52,0,26,0,2.9,221.0,266.7,266.8,0.00,1,13.9,9.6
13.40,cruise,349.43,0.57,0.600,1,1936.0,298.9,2306.5,-3567.4,20.61,-37.33,295,266,-1,51.8,33.5,55.1,37.1,-0.08,0.10,1.00,0.00,0.00,0.00,-2.96,42.54,87,-1,0,-8,-17.8,0.20,0.601,0.706,2.69,0,26,0,3.6,220.2,265.8,265.9,0.00,1,13.9,9.6
13.50,cruise,349.73,0.27,0.600,1,1938.1,295.1,2304.4,-3563.6,21.88,-38.55,295,266,-1,52.6,33.3,56.0,35.4,-0.09,0.06,1.00,0.00,0.00,0.00,-3.18,44.22,87,-1,0,-7,-17.6,0.22,0.602,0.690,2.82,0,26,0,4.6,219.7,264.4,264.4,0.00,1,8.8,6.9
13.60,cruise,350.04,-0.04,0.500,1,1940.4,291.2,2302.1,-3559.7,23.16,-39.74,295,263,-1,53.3,33.3,56.4,33.7,-0.11,0.02,1.00,0.00,0.00,0.00,-3.83,45.83,87,-1,0,-5,-15.6,0.22,0.501,0.564,2.92,0,26,0,5.9,219.5,262.8,262.6,0.00,1,3.2,4.0
13.70,cruise,350.37,-0.37,0.400,1,1945.4,282.9,2299.7,-3555.6,25.71,-41.92,295,263,-1,53.9,33.7,56.4,32.3,-0.12,-0.04,1.00,0.00,0.00,0.00,-4.70,47.42,87,-1,0,-3,-9.3,0.19,0.401,0.465,3.02,0,26,0,7.3,219.6,261.1,260.8,0.00,1,-4.7,-3.8
13.80,cruise,350.69,-0.69,0.319,1,1948.0,278.7,2297.1,-3551.4,26.54,-42.68,295,263,-1,54.4,34.3,56.2,31.5,-0.12,-0.09,1.00,0.00,0.00,0.00,-5.62,48.86,87,-1,0,-1,-6.1,0.16,0.320,0.388,3.05,0,26,0,8.7,220.1,259.7,259.2,0.00,1,-5.8,-7.6
13.90,cruise,350.98,-0.98,0.315,1,1948.0,278.7,2294.5,-3547.2,26.54,-42.68,295,263,-1,54.8,34.8,56.0,31.4,-0.08,-0.11,1.00,0.00,0.00,0.00,-6.31,49.86,87,-1,0,-0,-6.1,0.12,0.315,0.376,2.91,0,26,0,9.8,220.9,258.7,257.9,0.00,1,-5.8,-7.6
14.00,cruise,351.22,-1.22,0.327,1,1950.7,274.4,2291.8,-3542.9,27.16,-43.17,294,258,-1,55.2,35.3,55.8,31.8,-0.04,-0.09,1.00,0.00,0.00,0.00,-7.20,50.49,87,-1,0,1,-3.6,0.09,0.327,0.370,2.57,0,26,0,10.7,222.0,258.1,257.1,0.00,1,-5.4,-10.5
14.10,cruise,351.40,-1.40,0.353,1,1953.5,270.0,2289.0,-3538.5,27.55,-43.48,294,258,-1,55.4,35.6,56.0,32.8,0.01,-0.05,1.00,0.00,0.00,0.00,-7.75,50.89,87,-1,0,1,-1.8,0.06,0.353,0.374,2.10,0,26,0,11.4,223.3,258.0,256.6,0.00,1,-3.7,-13.1
14.20,cruise,351.53,-1.53,0.380,1,1959.1,261.3,2286.3,-3534.2,28.34,-44.34,294,258,-1,55.6,35.9,56.3,34.4,0.05,-0.01,1.00,0.00,0.00,0.00,-8.02,51.39,87,-1,0,1,1.2,0.03,0.380,0.402,1.69,0,26,0,11.8,224.9,258.2,256.6,0.00,1,0.5,-16.2
14.30,cruise,351.62,-1.62,0.413,1,1959.1,261.3,2283.4,-3529.8,28.34,-44.34,294,258,-1,55.8,36.1,56.9,36.2,0.07,0.02,1.00,0.00,0.00,0.00,-7.97,52.02,87,-1,0,1,1.2,-0.00,0.413,0.451,1.33,0,26,0,11.9,226.5,258.7,256.8,0.00,1,0.5,-16.2
14.40,cruise,351.66,-1.66,0.452,1,1961.9,256.8,2280.6,-3525.3,28.78,-44.93,294,257,-1,55.9,36.2,57.6,38.3,0.09,0.04,1.00,0.00,0.00,0.00,-7.68,52.81,87,-1,0,0,2.5,-0.04,0.452,0.510,1.00,0,26,0,11.7,228.1,259.5,257.4,0.00,1,1.9,-16.3
14.50,cruise,351.68,-1.68,0.465,1,1967.8,247.6,2277.7,-3520.7,29.71,-46.53,295,257,-1,56.1,36.3,58.4,40.3,0.10,0.05,1.00,0.00,0.00,0.00,-7.04,53.76,87,-1,0,-0,4.0,-0.07,0.465,0.532,0.69,0,26,0,11.3,229.6,260.3,258.1,0.00,1,2.8,-13.2
14.60,cruise,351.67,-1.67,0.477,1,1967.8,247.6,2274.7,-3516.1,29.71,-46.53,296,257,-1,56.2,36.5,59.1,42.2,0.09,0.04,1.00,0.00,0.00,0.00,-6.15,54.86,87,-1,0,-1,4.0,-0.10,0.477,0.540,0.40,0,26,0,10.9,230.8,261.1,258.9,0.00,1,2.8,-13.2
14.70,cruise,351.65,-1.65,0.489,1,1973.9,238.0,2271.7,-3511.4,30.67,-48.61,297,257,-1,56.3,36.6,59.5,43.5,0.07,0.03,1.00,0.00,0.00,0.00,-5.07,56.09,87,-1,0,-2,2.8,-0.11,0.489,0.537,0.13,0,26,0,10.6,231.7,261.6,259.5,0.00,1,1.0,-6.2
14.80,cruise,351.61,-1.61,0.502,1,1977.0,233.1,2268.6,-3506.5,31.20,-49.77,298,259,-1,56.4,36.8,59.7,44.3,0.05,0.00,1.00,0.00,0.00,0.00,-3.83,57.35,87,-1,0,-2,1.7,-0.10,0.503,0.528,-0.15,0,26,0,10.4,232.2,261.9,259.9,0.00,1,-0.3,-2.2
14.90,cruise,351.56,-1.56,0.516,1,1980.1,228.0,2265.5,-3501.6,31.73,-50.94,299,259,-1,56.5,37.0,59.7,44.5,0.02,-0.02,1.00,0.00,0.00,0.00,-2.70,58.68,87,-1,0,-2,0.0,-0.07,0.516,0.538,-0.41,0,26,0,10.3,232.3,262.0,259.9,0.00,1,-1.6,1.5
15.00,cruise,351.50,-1.50,0.530,1,1980.1,228.0,2262.4,-3496.5,31.73,-50.94,300,259,-1,56.6,37.2,59.4,44.1,-0.01,-0.04,1.00,0.00,0.00,0.00,-1.75,59.99,87,-1,0,-2,0.0,-0.04,0.530,0.558,-0.67,0,26,0,10.6,232.1,261.8,259.7,0.00,1,-1.6,1.5
15.10,cruise,351.43,-1.43,0.543,1,1986.6,217.5,2259.2,-3491.3,32.83,-53.39,301,259,-1,56.6,37.1,59.1,43.3,-0.03,-0.05,1.00,0.00,0.00,0.00,-1.04,61.31,87,-1,0,-1,-3.4,0.01,0.543,0.587,-0.88,0,26,0,10.9,231.7,261.3,259.2,0.00,1,-1.7,5.5
15.20,cruise,351.34,-1.34,0.552,1,1986.6,217.5,2255.9,-3486.0,32.83,-53.39,301,258,-1,56.5,36.9,58.8,42.3,-0.04,-0.05,1.00,0.00,0.00,0.00,-0.69,62.67,87,-1,0,-1,-3.4,0.05,0.552,0.603,-1.01,0,26,0,11.3,231.1,260.8,258.6,0.00,1,-1.7,5.5
15.30,cruise,351.26,-1.26,0.559,1,1989.9,212.1,2252.6,-3480.6,33.40,-54.61,301,258,-1,56.5,36.6,58.7,41.2,-0.05,-0.04,1.00,0.00,0.00,0.00,-0.58,64.01,87,-1,0,-0,-4.8,0.09,0.559,0.607,-1.09,0,26,0,11.7,230.5,260.3,258.0,0.00,1,-0.5,6.6
15.40,cruise,351.16,-1.16,0.563,1,1996.8,200.9,2249.2,-3475.0,34.72,-57.11,301,258,-1,56.4,36.2,58.7,40.1,-0.05,-0.02,1.00,0.00,0.00,0.00,-0.75,65.43,87,-1,0,0,-5.2,0.12,0.564,0.599,-1.10,0,26,0,11.9,229.9,260.0,257.5,0.00,1,3.1,5.6
15.50,cruise,351.07,-1.07,0.564,1,2000.3,195.1,2245.7,-3469.4,35.51,-58.32,301,258,-1,56.4,35.7,59.0,39.4,-0.03,0.01,1.00,0.00,0.00,0.00,-0.92,66.83,87,-1,0,1,-4.2,0.12,0.565,0.587,-1.05,0,26,0,11.9,229.5,259.8,257.3,0.00,1,4.8,4.3
15.60,cruise,350.97,-0.97,0.565,1,2000.3,195.1,2242.2,-3463.6,35.51,-58.32,300,257,-1,56.4,35.2,59.4,39.0,-0.02,0.03,1.00,0.00,0.00,0.00,-1.27,68.26,87,-1,0,1,-4.2,0.10,0.566,0.591,-1.01,0,26,0,11.6,229.2,260.0,257.3,0.00,1,4.8,4.3
15.70,cruise,350.87,-0.87,0.568,1,2003.9,189.1,2238.6,-3457.6,36.21,-59.47,300,257,-1,56.4,34.8,60.0,39.0,-0.00,0.04,1.00,0.00,0.00,0.00,-1.51,69.61,87,-1,0,0,-2.7,0.06,0.568,0.592,-0.98,0,26,0,11.1,228.9,260.3,257.7,0.00,1,5.8,3.4
15.80,cruise,350.76,-0.76,0.570,1,2007.6,183.1,2234.9,-3451.6,37.00,-60.66,300,257,-1,56.3,34.3,60.5,39.2,0.01,0.05,1.00,0.00,0.00,0.00,-1.68,71.04,87,-1,0,-0,-0.6,0.00,0.570,0.603,-0.95,0,26,0,10.4,228.7,260.9,258.3,0.00,1,6.1,2.6
15.90,cruise,350.65,-0.65,0.575,1,2015.2,170.7,2231.1,-3445.5,38.63,-63.01,300,257,-1,56.2,34.0,60.9,39.8,0.02,0.05,1.00,0.00,0.00,0.00,-1.72,72.44,87,-1,0,-1,3.3,-0.06,0.575,0.615,-0.96,0,26,0,9.5,228.6,261.6,259.2,0.00,1,4.7,1.6
16.00,cruise,350.54,-0.54,0.581,1,2015.2,170.7,2227.3,-3439.2,38.63,-63.01,300,260,-1,56.1,33.8,61.2,40.3,0.03,0.04,1.00,0.00,0.00,0.00,-1.38,73.90,87,-1,0,-2,3.3,-0.11,0.581,0.619,-1.00,0,26,0,8.7,228.4,262.3,260.1,0.00,1,4.7,1.6
16.10,cruise,350.42,-0.42,0.588,1,2023.1,157.8,2223.4,-3432.8,40.39,-65.44,301,260,-1,56.0,33.8,61.3,40.8,0.03,0.02,1.00,0.00,0.00,0.00,-1.03,75.40,87,-1,0,-3,4.0,-0.14,0.588,0.614,-1.04,0,26,0,8.0,228.2,262.9,260.9,0.00,1,0.7,2.8
16.20,cruise,350.31,-0.31,0.595,1,2023.1,157.8,2219.4,-3426.3,40.39,-65.44,301,260,-1,55.9,33.8,61.1,40.9,0.02,-0.00,1.00,0.00,0.00,0.00,-0.72,76.90,87,-1,0,-4,4.0,-0.15,0.596,0.607,-1.10,0,26,0,7.5,227.8,263.2,261.4,0.00,1,0.7,2.8
16.30,cruise,350.20,-0.20,0.603,1,2031.4,144.4,2215.3,-3419.6,42.10,-67.85,301,260,-1,55.7,33.9,60.7,40.6,0.00,-0.02,1.00,0.00,0.00,0.00,-0.54,78.36,87,-1,0,-4,1.4,-0.13,0.604,0.617,-1.17,0,26,0,7.4,227.4,263.2,261.6,0.00,1,-2.9,5.6
16.40,cruise,350.10,-0.10,0.610,1,2035.7,137.5,2211.1,-3412.9,42.98,-69.04,301,261,-1,55.6,34.0,60.2,39.8,-0.02,-0.04,1.00,0.00,0.00,0.00,-0.52,79.84,87,-1,0,-3,-1.3,-0.10,0.610,0.644,-1.21,0,26,0,7.5,226.8,262.9,261.3,0.00,1,-3.3,6.8
16.50,cruise,350.01,-0.01,0.614,1,2040.1,130.5,2206.8,-3406.0,43.86,-70.20,301,261,-1,55.4,34.0,59.7,38.6,-0.03,-0.04,1.00,0.00,0.00,0.00,-0.82,81.32,87,-1,0,-3,-4.2,-0.03,0.614,0.657,-1.19,0,26,0,8.0,226.1,262.3,260.7,0.00,1,-2.5,6.9
16.60,cruise,349.93,0.07,0.615,1,2040.1,130.5,2202.4,-3399.0,43.86,-70.20,301,261,-1,55.4,33.9,59.3,37.2,-0.05,-0.02,1.00,0.00,0.00,0.00,-1.44,82.76,87,-1,0,-2,-4.2,0.05,0.615,0.658,-1.13,0,26,0,8.6,225.4,261.5,259.9,0.00,1,-2.5,6.9
16.70,cruise,349.85,0.15,0.613,1,2049.1,116.2,2198.0,-3391.9,45.74,-72.46,300,261,-1,55.3,33.7,59.1,35.7,-0.06,-0.01,1.00,0.00,0.00,0.00,-2.40,84.19,87,-1,0,-1,-9.4,0.12,0.614,0.654,-1.01,0,26,0,9.4,224.9,260.6,258.7,0.00,1,-0.5,5.1
16.80,cruise,349.80,0.20,0.602,1,2053.7,108.9,2193.4,-3384.7,46.67,-73.53,300,259,-1,55.3,33.4,59.1,34.1,-0.06,0.01,1.00,0.00,0.00,0.00,-3.97,85.60,87,-1,0,1,-9.8,0.20,0.604,0.647,-0.85,0,26,0,10.3,224.5,259.5,257.3,0.00,1,0.4,3.4
16.90,cruise,349.75,0.25,0.590,1,2053.7,108.9,2188.8,-3377.4,46.67,-73.53,299,259,-1,55.3,33.1,59.3,32.8,-0.06,0.02,1.00,0.00,0.00,0.00,-5.67,86.90,87,-1,0,2,-9.8,0.23,0.592,0.639,-0.68,0,26,0,11.1,224.3,258.6,256.0,0.00,1,0.4,3.4
17.00,cruise,349.71,0.29,0.582,1,2058.5,101.4,2184.0,-3369.9,47.55,-74.53,298,259,-1,55.3,32.8,59.5,31.9,-0.05,0.03,1.00,0.00,0.00,0.00,-7.36,88.10,87,-1,0,3,-8.3,0.23,0.584,0.628,-0.54,0,26,0,11.8,224.3,257.9,254.9,0.00,1,0.6,0.9
17.10,cruise,349.67,0.33,0.579,1,2063.3,93.9,2179.2,-3362.4,48.52,-75.52,297,259,-1,55.3,32.7,59.7,31.6,-0.02,0.04,1.00,0.00,0.00,0.00,-9.01,89.31,87,-1,0,4,-5.5,0.18,0.580,0.615,-0.40,0,26,0,12.3,224.6,257.6,254.3,0.00,1,0.6,-1.9
17.20,cruise,349.64,0.36,0.581,1,2073.2,78.6,2174.3,-3354.8,50.36,-77.41,296,257,-1,55.3,32.6,59.8,32.1,0.00,0.03,1.00,0.00,0.00,0.00,-10.60,90.42,87,-1,0,4,2.9,0.11,0.581,0.599,-0.29,0,26,0,12.5,225.2,257.6,254.2,0.00,1,-1.3,-7.0
17.30,cruise,349.60,0.40,0.586,1,2073.2,78.6,2169.3,-3347.1,50.36,-77.41,296,257,-1,55.2,32.7,59.7,33.1,0.03,0.02,1.00,0.00,0.00,0.00,-11.87,91.59,87,-1,0,3,2.9,0.01,0.586,0.611,-0.23,0,26,0,12.4,225.9,257.9,254.6,0.00,1,-1.3,-7.0
17.40,cruise,349.56,0.44,0.589,1,2083.5,62.9,2164.2,-3339.3,51.94,-79.33,295,257,-1,55.1,33.0,59.6,34.7,0.05,0.00,1.00,0.00,0.00,0.00,-12.45,92.70,87,-1,0,2,10.5,-0.09,0.589,0.620,-0.20,0,26,0,12.1,226.6,258.5,255.5,0.00,1,-4.0,-9.0
17.50,cruise,349.52,0.48,0.590,1,2088.7,54.8,2159.0,-3331.4,52.65,-80.36,295,257,-1,54.9,33.5,59.2,36.5,0.06,-0.01,1.00,0.00,0.00,0.00,-12.74,93.96,87,-1,0,1,12.6,-0.18,0.591,0.636,-0.19,0,26,0,11.6,227.4,259.3,256.6,0.00,1,-5.3,-8.5
17.60,cruise,349.49,0.51,0.589,1,2094.0,46.7,2153.8,-3323.3,53.35,-81.47,296,258,-1,54.7,34.2,58.7,38.2,0.07,-0.03,1.00,0.00,0.00,0.00,-12.32,95.28,87,-1,0,0,13.0,-0.25,0.591,0.651,-0.14,0,26,0,11.1,228.0,260.0,257.7,0.00,1,-6.3,-7.1
17.70,cruise,349.47,0.53,0.587,1,2099.4,38.5,2148.5,-3315.2,54.05,-82.57,296,258,-1,54.5,34.9,58.0,39.6,0.06,-0.05,1.00,0.00,0.00,0.00,-11.68,96.68,87,-1,0,-1,11.4,-0.27,0.590,0.656,-0.07,0,26,0,10.7,228.5,260.5,258.6,0.00,1,-6.6,-4.7
17.80,cruise,349.46,0.54,0.585,1,2104.9,30.2,2143.1,-3307.0,54.58,-83.63,297,258,-1,54.4,35.5,57.2,40.5,0.05,-0.06,1.00,0.00,0.00,0.00,-11.01,98.08,87,-1,0,-1,8.3,-0.26,0.587,0.649,-0.01,0,26,0,10.4,228.7,260.8,259.3,0.00,1,-5.8,-1.8
17.90,cruise,349.47,0.53,0.583,1,2110.4,21.7,2137.6,-3298.7,55.02,-84.65,297,258,-1,54.2,36.0,56.5,40.8,0.03,-0.06,1.00,0.00,0.00,0.00,-10.32,99.33,87,-1,0,-2,4.4,-0.20,0.584,0.632,0.04,0,26,0,10.3,228.7,260.9,259.6,0.00,1,-4.2,0.9
18.00,cruise,349.49,0.51,0.575,1,2110.4,21.7,2132.1,-3290.2,55.02,-84.65,298,259,-1,54.2,36.3,56.0,40.7,0.00,-0.04,1.00,0.00,0.00,0.00,-9.64,100.50,87,-1,0,-2,4.4,-0.12,0.575,0.603,0.09,0,26,0,10.3,228.5,260.8,259.6,0.00,1,-4.2,0.9
18.10,cruise,349.52,0.48,0.560,1,2121.5,4.5,2126.6,-3281.7,55.99,-86.68,298,259,-1,54.2,36.4,55.7,40.1,-0.02,-0.03,1.00,0.00,0.00,0.00,-9.32,101.67,87,-1,0,-1,-4.8,-0.02,0.560,0.586,0.18,0,26,0,10.6,228.2,260.5,259.3,0.00,1,-0.4,4.6
18.20,cruise,349.58,0.42,0.542,1,2121.5,4.5,2121.0,-3273.0,55.99,-86.68,298,259,-1,54.3,36.2,55.7,39.1,-0.04,-0.01,1.00,0.00,0.00,0.00,-9.23,102.78,87,-1,0,-1,-4.8,0.08,0.542,0.569,0.33,0,26,0,11.1,227.7,259.9,258.6,0.00,1,-0.4,4.6
18.30,cruise,349.65,0.35,0.524,1,2132.8,-13.0,2115.4,-3264.3,57.04,-88.52,298,259,-1,54.5,35.9,55.9,37.8,-0.07,0.01,1.00,0.00,0.00,0.00,-9.57,103.85,87,-1,0,0,-11.5,0.18,0.525,0.565,0.48,0,26,0,11.8,227.3,259.1,257.6,0.00,1,1.9,5.3
18.40,cruise,349.73,0.27,0.510,1,2138.5,-21.9,2109.7,-3255.5,57.48,-89.29,297,256,-1,54.7,35.5,56.2,36.3,-0.08,0.03,1.00,0.00,0.00,0.00,-10.64,104.77,87,-1,0,2,-12.1,0.26,0.512,0.566,0.58,0,26,0,12.6,226.9,258.2,256.3,0.00,1,2.7,3.9
18.50,cruise,349.81,0.19,0.501,1,2144.3,-30.9,2104.0,-3246.6,57.92,-90.00,296,256,-1,54.9,35.1,56.6,35.0,-0.07,0.04,1.00,0.00,0.00,0.00,-11.83,105.53,87,-1,0,3,-10.8,0.30,0.504,0.563,0.63,0,26,0,13.5,226.8,257.3,255.0,0.00,1,2.8,1.5
18.60,cruise,349.89,0.11,0.497,1,2144.3,-30.9,2098.2,-3237.6,57.92,-90.00,296,256,-1,55.1,34.8,57.1,34.1,-0.06,0.05,1.00,0.00,0.00,0.00,-13.07,106.23,87,-1,0,4,-10.8,0.29,0.499,0.553,0.67,0,26,0,14.2,226.8,256.7,253.9,0.00,1,2.8,1.5
18.70,cruise,349.95,0.05,0.497,1,2150.2,-40.0,2092.3,-3228.5,58.45,-90.64,295,256,-1,55.2,34.6,57.4,33.7,-0.03,0.05,1.00,0.00,0.00,0.00,-14.30,106.90,87,-1,0,5,-7.7,0.25,0.499,0.537,0.66,0,26,0,14.8,227.2,256.3,253.2,0.00,1,1.9,-1.7
18.80,cruise,350.01,-0.01,0.503,1,2156.1,-49.1,2086.4,-3219.4,58.97,-91.24,295,254,-1,55.3,34.5,57.6,34.0,0.00,0.03,1.00,0.00,0.00,0.00,-15.73,107.49,87,-1,0,5,-3.6,0.17,0.503,0.520,0.61,0,26,0,15.2,227.8,256.2,252.8,0.00,1,0.4,-4.9
18.90,cruise,350.04,-0.04,0.511,1,2162.0,-58.3,2080.5,-3210.2,59.41,-91.85,294,254,-1,55.3,34.7,57.7,34.9,0.03,0.01,1.00,0.00,0.00,0.00,-16.64,108.12,87,-1,0,5,1.2,0.07,0.511,0.534,0.54,0,26,0,15.3,228.5,256.4,253.0,0.00,1,-1.4,-7.6
19.00,cruise,350.06,-0.06,0.522,1,2174.0,-76.8,2074.5,-3201.0,60.29,-93.17,294,254,-1,55.3,35.1,57.5,36.4,0.06,-0.01,1.00,0.00,0.00,0.00,-17.05,108.84,87,-1,0,4,10.4,-0.04,0.522,0.558,0.46,0,26,0,15.2,229.4,256.8,253.7,0.00,1,-4.2,-10.1
19.10,cruise,350.08,-0.08,0.533,1,2180.0,-86.2,2068.5,-3191.7,60.73,-93.95,294,254,-1,55.1,35.7,57.1,38.2,0.08,-0.03,1.00,0.00,0.00,0.00,-16.96,109.68,87,-1,0,3,13.8,-0.14,0.534,0.592,0.37,0,26,0,14.9,230.2,257.5,254.6,0.00,1,-5.6,-9.3
19.20,cruise,350.08,-0.08,0.540,1,2180.0,-86.2,2062.5,-3182.3,60.73,-93.95,294,255,-1,54.9,36.5,56.5,40.0,0.09,-0.05,1.00,0.00,0.00,0.00,-16.32,110.67,87,-1,0,2,13.8,-0.23,0.542,0.620,0.31,0,26,0,14.4,230.8,258.2,255.8,0.00,1,-5.6,-9.3
19.30,cruise,350.09,-0.09,0.543,1,2186.1,-95.6,2056.4,-3172.9,61.00,-94.79,295,255,-1,54.7,37.3,55.7,41.5,0.09,-0.07,1.00,0.00,0.00,0.00,-15.27,111.68,87,-1,0,1,15.7,-0.30,0.546,0.635,0.27,0,26,0,13.8,231.2,258.9,257.0,0.00,1,-6.4,-7.4
19.40,cruise,350.10,-0.10,0.541,1,2198.4,-114.8,2050.2,-3163.3,61.52,-96.53,295,255,-1,54.5,38.2,54.9,42.7,0.08,-0.08,1.00,0.00,0.00,0.00,-14.24,112.73,87,-1,0,-0,13.6,-0.32,0.545,0.632,0.25,0,26,0,13.0,231.4,259.5,258.1,0.00,1,-4.0,-0.6
19.50,cruise,350.12,-0.12,0.535,1,2198.4,-114.8,2044.1,-3153.7,61.52,-96.53,296,255,-1,54.3,38.8,54.1,43.4,0.06,-0.08,1.00,0.00,0.00,0.00,-13.10,113.72,87,-1,0,-1,13.6,-0.30,0.538,0.610,0.26,0,26,0,12.1,231.2,260.2,259.1,0.00,1,-4.0,-0.6
19.60,cruise,350.15,-0.15,0.527,1,2210.8,-134.3,2037.9,-3144.0,61.88,-98.31,297,258,-1,54.3,39.1,53.7,43.6,0.03,-0.06,1.00,0.00,0.00,0.00,-11.45,114.77,87,-1,0,-2,4.8,-0.24,0.528,0.575,0.33,0,26,0,11.1,230.7,260.9,260.0,0.00,1,3.4,6.6
19.70,cruise,350.20,-0.20,0.519,1,2210.8,-134.3,2031.7,-3134.2,61.88,-98.31,297,258,-1,54.3,39.1,53.7,43.5,0.01,-0.02,1.00,0.00,0.00,0.00,-10.06,115.73,87,-1,0,-3,4.8,-0.15,0.520,0.534,0.40,0,26,0,10.1,229.9,261.5,260.8,0.00,1,3.4,6.6
19.80,cruise,350.25,-0.25,0.516,1,2223.2,-154.2,2025.5,-3124.3,62.31,-99.85,298,258,-1,54.5,38.7,54.2,43.0,-0.01,0.03,1.00,0.00,0.00,0.00,-8.92,116.59,87,-1,0,-4,-5.9,-0.06,0.516,0.534,0.47,0,26,0,9.1,229.1,262.1,261.4,0.00,1,10.3,10.2
19.90,cruise,350.31,-0.31,0.515,1,2223.2,-154.2,2019.3,-3114.3,62.31,-99.85,298,258,-1,54.8,38.0,55.0,42.1,-0.03,0.07,1.00,0.00,0.00,0.00,-8.12,117.42,87,-1,0,-4,-5.9,0.04,0.515,0.564,0.51,0,26,0,8.5,228.2,262.4,261.7,0.00,1,10.3,10.2
20.00,cruise,350.37,-0.37,0.516,1,2229.4,-164.2,2013.1,-3104.3,62.58,-100.55,298,261,-1,55.1,37.2,56.0,40.9,-0.05,0.09,1.00,0.00,0.00,0.00,-7.14,118.21,87,-1,0,-4,-10.6,0.14,0.517,0.588,0.50,0,26,0,8.3,227.2,262.4,261.5,0.00,1,11.4,11.0
20.10,cruise,350.44,-0.44,0.516,1,2235.7,-174.3,2006.8,-3094.2,62.93,-101.20,299,261,-1,55.5,36.3,57.0,39.3,-0.07,0.09,1.00,0.00,0.00,0.00,-6.74,118.98,87,-1,0,-3,-13.9,0.22,0.517,0.600,0.46,0,26,0,8.5,226.3,261.9,260.8,0.00,1,10.4,10.8
20.20,cruise,350.50,-0.50,0.511,1,2248.4,-194.7,2000.5,-3084.0,63.90,-102.40,299,261,-1,55.7,35.5,57.7,37.3,-0.09,0.08,1.00,0.00,0.00,0.00,-6.99,119.73,87,-1,0,-2,-15.7,0.28,0.514,0.598,0.39,0,26,0,9.2,225.5,260.9,259.5,0.00,1,4.3,8.5
20.30,cruise,350.55,-0.55,0.504,1,2254.9,-205.0,1994.1,-3073.8,64.51,-102.91,298,261,-1,55.9,34.9,58.1,35.2,-0.10,0.05,1.00,0.00,0.00,0.00,-7.90,120.44,87,-1,0,0,-13.9,0.32,0.507,0.582,0.30,0,26,0,10.3,224.9,259.7,257.8,0.00,1,0.7,5.8
20.40,cruise,350.60,-0.60,0.496,1,2261.4,-215.3,1987.6,-3063.5,65.13,-103.37,297,257,-1,56.1,34.6,58.1,33.2,-0.09,0.02,1.00,0.00,0.00,0.00,-9.99,121.05,87,-1,0,2,-10.6,0.32,0.499,0.555,0.19,0,26,0,11.5,224.5,258.3,256.0,0.00,1,-2.7,2.9
20.50,cruise,350.63,-0.63,0.487,1,2261.4,-215.3,1981.1,-3053.2,65.13,-103.37,296,257,-1,56.1,34.5,57.9,31.7,-0.08,-0.02,1.00,0.00,0.00,0.00,-12.35,121.55,87,-1,0,4,-10.6,0.28,0.490,0.538,0.06,0,26,0,12.8,224.4,257.0,254.4,0.00,1,-2.7,2.9
20.60,cruise,350.64,-0.64,0.481,1,2274.5,-236.1,1974.6,-3042.8,66.18,-104.18,295,257,-1,56.1,34.7,57.5,30.9,-0.06,-0.04,1.00,0.00,0.00,0.00,-14.65,121.93,87,-1,0,5,-1.6,0.22,0.482,0.528,-0.04,0,26,0,13.8,224.6,256.0,253.1,0.00,1,-6.0,-5.1
20.70,cruise,350.63,-0.63,0.479,1,2281.2,-246.5,1968.0,-3032.4,66.62,-104.54,295,257,-1,56.0,35.0,57.1,31.1,-0.02,-0.05,1.00,0.00,0.00,0.00,-16.71,122.29,87,-1,0,5,3.2,0.14,0.480,0.510,-0.12,0,26,0,14.6,225.1,255.5,252.6,0.00,1,-6.0,-8.7
20.80,cruise,350.60,-0.60,0.483,1,2287.8,-257.0,1961.3,-3022.0,66.97,-104.91,294,254,-1,55.9,35.3,56.7,32.1,0.03,-0.05,1.00,0.00,0.00,0.00,-18.87,122.52,87,-1,0,5,7.7,0.04,0.483,0.518,-0.19,0,26,0,15.0,225.9,255.5,252.7,0.00,1,-5.3,-11.0
20.90,cruise,350.55,-0.55,0.493,1,2294.6,-267.5,1954.7,-3011.5,67.32,-105.28,293,254,-1,55.7,35.8,56.3,33.8,0.07,-0.04,1.00,0.00,0.00,0.00,-20.21,122.81,87,-1,0,4,11.2,-0.06,0.494,0.545,-0.25,0,26,0,14.9,226.9,256.0,253.4,0.00,1,-4.2,-12.0
21.00,cruise,350.49,-0.49,0.509,1,2294.6,-267.5,1947.9,-3001.0,67.32,-105.28,293,254,-1,55.5,36.2,56.1,35.9,0.09,-0.03,1.00,0.00,0.00,0.00,-20.77,123.23,87,-1,0,3,11.2,-0.16,0.510,0.574,-0.32,0,26,0,14.4,227.9,256.9,254.6,0.00,1,-4.2,-12.0
21.10,cruise,350.42,-0.42,0.527,1,2308.1,-288.7,1941.2,-2990.4,67.85,-106.36,293,254,-1,55.3,36.8,55.8,38.2,0.11,-0.02,1.00,0.00,0.00,0.00,-20.47,123.85,87,-1,0,2,15.4,-0.25,0.529,0.601,-0.36,0,26,0,13.5,228.8,258.1,256.1,0.00,1,-1.8,-9.8
21.20,cruise,350.34,-0.34,0.545,1,2314.9,-299.4,1934.4,-2979.8,68.12,-107.03,294,257,-1,55.1,37.3,55.6,40.4,0.12,-0.02,1.00,0.00,0.00,0.00,-19.00,124.72,87,-1,0,0,15.3,-0.31,0.548,0.622,-0.38,0,26,0,12.4,229.5,259.4,257.8,0.00,1,-0.4,-6.4
21.30,cruise,350.27,-0.27,0.560,1,2314.9,-299.4,1927.6,-2969.1,68.12,-107.03,295,257,-1,54.8,37.8,55.5,42.1,0.10,-0.02,1.00,0.00,0.00,0.00,-17.16,125.70,87,-1,0,-2,15.3,-0.34,0.564,0.632,-0.38,0,26,0,11.0,229.9,260.7,259.5,0.00,1,-0.4,-6.4
21.40,cruise,350.21,-0.21,0.562,1,2321.7,-310.2,1920.8,-2958.3,68.29,-107.79,296,257,-1,54.7,38.1,55.3,43.3,0.08,-0.01,1.00,0.00,0.00,0.00,-15.08,126.71,87,-1,0,-3,12.9,-0.32,0.565,0.619,-0.37,0,26,0,9.7,229.9,261.8,260.9,0.00,1,1.3,-2.2
21.50,cruise,350.17,-0.17,0.561,1,2335.5,-331.9,1913.9,-2947.5,68.82,-109.46,296,257,-1,54.6,38.2,55.2,43.7,0.05,-0.01,1.00,0.00,0.00,0.00,-13.19,127.76,87,-1,0,-4,3.5,-0.26,0.564,0.596,-0.33,0,26,0,8.5,229.5,262.7,262.0,0.00,1,3.7,7.5
21.60,cruise,350.16,-0.16,0.560,1,2335.5,-331.9,1907.0,-2936.6,68.82,-109.46,297,261,-1,54.6,38.1,55.2,43.3,0.00,-0.01,1.00,0.00,0.00,0.00,-10.76,128.84,87,-1,0,-5,3.5,-0.16,0.561,0.566,-0.27,0,26,0,7.7,228.7,263.2,262.6,0.00,1,3.7,7.5
21.70,cruise,350.16,-0.16,0.554,1,2342.4,-342.9,1900.1,-2925.6,69.08,-110.27,298,261,-1,54.7,37.7,55.2,42.1,-0.04,0.01,1.00,0.00,0.00,0.00,-9.04,129.81,87,-1,0,-5,-2.2,-0.05,0.554,0.578,-0.23,0,26,0,7.3,227.5,263.3,262.7,0.00,1,4.9,11.9
21.80,cruise,350.17,-0.17,0.540,1,2349.3,-354.0,1893.2,-2914.5,69.35,-111.01,298,261,-1,54.9,37.0,55.5,40.3,-0.07,0.02,1.00,0.00,0.00,0.00,-8.14,130.63,87,-1,0,-4,-8.1,0.08,0.540,0.593,-0.19,0,26,0,7.5,226.1,262.8,262.2,0.00,1,6.0,14.2
21.90,cruise,350.20,-0.20,0.522,1,2363.3,-376.4,1886.2,-2903.3,70.22,-112.27,298,261,-1,55.1,36.3,55.9,38.0,-0.11,0.04,1.00,0.00,0.00,0.00,-8.26,131.45,87,-1,0,-3,-16.9,0.20,0.524,0.600,-0.12,0,26,0,8.1,224.7,261.8,261.1,0.00,1,5.6,14.5
22.00,cruise,350.23,-0.23,0.506,1,2370.3,-387.7,1879.2,-2892.1,70.75,-112.73,298,260,-1,55.4,35.5,56.4,35.3,-0.13,0.05,1.00,0.00,0.00,0.00,-9.51,132.08,87,-1,0,-2,-18.1,0.31,0.509,0.601,-0.07,0,26,0,9.1,223.5,260.4,259.5,0.00,1,4.6,11.8
22.10,cruise,350.27,-0.27,0.493,1,2377.4,-399.0,1872.2,-2880.8,71.28,-113.14,297,260,-1,55.6,34.9,56.8,32.6,-0.14,0.05,1.00,0.00,0.00,0.00,-11.53,132.59,87,-1,0,0,-17.1,0.37,0.497,0.591,-0.04,0,26,0,10.4,222.6,258.8,257.4,0.00,1,2.4,7.2
22.20,cruise,350.29,-0.29,0.482,1,2377.4,-399.0,1865.1,-2869.5,71.28,-113.14,296,260,-1,55.7,34.4,57.2,30.4,-0.12,0.05,1.00,0.00,0.00,0.00,-14.02,132.98,87,-1,0,3,-17.1,0.39,0.486,0.568,-0.01,0,26,0,11.7,222.2,257.1,255.3,0.00,1,2.4,7.2
22.30,cruise,350.31,-0.31,0.476,1,2384.6,-410.3,1857.9,-2858.2,71.98,-113.46,295,260,-1,55.8,34.1,57.4,28.8,-0.09,0.04,1.00,0.00,0.00,0.00,-16.86,133.30,87,-1,0,4,-13.8,0.36,0.480,0.543,0.00,0,26,0,13.0,222.3,255.8,253.5,0.00,1,0.7,2.1
22.40,cruise,350.31,-0.31,0.478,1,2391.9,-421.7,1850.6,-2846.8,72.51,-113.69,294,255,-1,55.8,34.0,57.5,28.2,-0.05,0.03,1.00,0.00,0.00,0.00,-20.37,133.29,87,-1,0,6,-9.1,0.29,0.480,0.518,-0.06,0,26,0,13.9,222.8,255.0,252.2,0.00,1,-0.7,-3.1
22.50,cruise,350.29,-0.29,0.484,1,2406.5,-444.5,1843.4,-2835.5,73.39,-114.09,293,255,-1,55.8,34.1,57.5,28.7,-0.01,0.01,1.00,0.00,0.00,0.00,-23.22,133.23,87,-1,0,6,2.3,0.19,0.485,0.493,-0.14,0,26,0,14.6,223.7,254.8,251.7,0.00,1,-4.2,-12.1
22.60,cruise,350.24,-0.24,0.495,1,2406.5,-444.5,1836.0,-2824.0,73.39,-114.09,292,255,-1,55.7,34.3,57.3,30.1,0.04,-0.01,1.00,0.00,0.00,0.00,-25.26,133.29,87,-1,0,6,2.3,0.07,0.495,0.518,-0.23,0,26,0,14.9,224.9,255.0,251.9,0.00,1,-4.2,-12.1
22.70,cruise,350.19,-0.19,0.507,1,2421.3,-467.3,1828.7,-2812.6,74.27,-114.75,292,255,-1,55.5,34.8,56.9,32.3,0.08,-0.03,1.00,0.00,0.00,0.00,-26.39,133.55,87,-1,0,5,12.8,-0.05,0.508,0.560,-0.31,0,26,0,14.9,226.2,255.6,252.7,0.00,1,-6.5,-15.8
22.80,cruise,350.12,-0.12,0.522,1,2428.7,-478.9,1821.2,-2801.2,74.53,-115.17,292,254,-1,55.3,35.4,56.5,34.9,0.11,-0.04,1.00,0.00,0.00,0.00,-26.75,134.05,87,-1,0,4,16.4,-0.18,0.523,0.599,-0.36,0,26,0,14.6,227.5,256.5,253.9,0.00,1,-6.4,-15.7
22.90,cruise,350.03,-0.03,0.540,1,2436.2,-490.4,1813.8,-2789.6,74.71,-115.69,292,254,-1,55.0,36.1,56.0,37.6,0.13,-0.04,1.00,0.00,0.00,0.00,-26.08,134.68,87,-1,0,2,18.1,-0.28,0.542,0.633,-0.40,0,26,0,14.0,228.7,257.7,255.5,0.00,1,-5.5,-13.6
23.00,cruise,349.95,0.05,0.557,1,2443.7,-502.0,1806.3,-2778.1,74.88,-116.29,293,254,-1,54.6,36.9,55.5,40.1,0.13,-0.04,1.00,0.00,0.00,0.00,-24.63,135.49,87,-1,0,1,17.9,-0.35,0.561,0.657,-0.44,0,26,0,13.1,229.7,258.8,257.1,0.00,1,-4.4,-9.9
23.10,cruise,349.87,0.13,0.571,1,2451.2,-513.7,1798.8,-2766.5,75.06,-116.97,293,254,-1,54.3,37.6,54.9,42.1,0.12,-0.04,1.00,0.00,0.00,0.00,-22.74,136.43,87,-1,0,-1,15.4,-0.37,0.576,0.667,-0.45,0,26,0,12.0,230.4,260.0,258.7,0.00,1,-2.8,-5.0
23.20,cruise,349.81,0.19,0.577,1,2451.2,-513.7,1791.3,-2754.8,75.06,-116.97,294,258,-1,54.1,38.2,54.4,43.4,0.09,-0.04,1.00,0.00,0.00,0.00,-19.88,137.55,87,-1,0,-2,15.4,-0.35,0.581,0.657,-0.44,0,26,0,11.0,230.6,261.0,260.0,0.00,1,-2.8,-5.0
23.30,cruise,349.77,0.23,0.573,1,2466.2,-537.3,1783.8,-2743.0,75.23,-118.61,295,258,-1,53.9,38.5,53.9,43.8,0.05,-0.04,1.00,0.00,0.00,0.00,-17.25,138.62,87,-1,0,-3,4.3,-0.27,0.576,0.625,-0.38,0,26,0,10.1,230.2,261.6,260.9,0.00,1,0.9,6.9
23.40,cruise,349.76,0.24,0.559,1,2473.7,-549.2,1776.3,-2731.2,75.41,-119.40,296,258,-1,53.9,38.5,53.6,43.2,-0.00,-0.03,1.00,0.00,0.00,0.00,-15.19,139.63,87,-1,0,-3,-2.6,-0.15,0.560,0.579,-0.27,0,26,0,9.5,229.4,261.9,261.3,0.00,1,3.0,11.3
23.50,cruise,349.77,0.23,0.541,1,2473.7,-549.2,1768.8,-2719.3,75.41,-119.40,297,258,-1,54.0,38.2,53.6,42.0,-0.05,-0.01,1.00,0.00,0.00,0.00,-13.96,140.53,87,-1,0,-3,-2.6,-0.01,0.541,0.574,-0.16,0,26,0,9.3,228.3,261.7,261.2,0.00,1,3.0,11.3
23.60,cruise,349.81,0.19,0.521,1,2481.3,-561.2,1761.2,-2707.3,75.59,-120.10,297,259,-1,54.3,37.6,53.8,40.0,-0.09,0.01,1.00,0.00,0.00,0.00,-13.25,141.29,87,-1,0,-3,-9.1,0.13,0.522,0.577,-0.04,0,26,0,9.6,226.9,261.0,260.5,0.00,1,4.7,14.0
23.70,cruise,349.86,0.14,0.502,1,2488.9,-573.3,1753.6,-2695.2,75.85,-120.70,297,259,-1,54.5,36.8,54.2,37.7,-0.12,0.03,1.00,0.00,0.00,0.00,-13.51,141.91,87,-1,0,-1,-14.3,0.26,0.504,0.584,0.06,0,26,0,10.3,225.7,260.0,259.2,0.00,1,5.4,14.7
23.80,cruise,349.91,0.09,0.487,1,2504.1,-597.5,1746.0,-2683.1,76.46,-121.55,296,259,-1,54.8,36.1,54.8,35.2,-0.14,0.05,1.00,0.00,0.00,0.00,-14.64,142.40,87,-1,0,0,-17.7,0.35,0.491,0.584,0.14,0,26,0,11.2,224.6,258.6,257.6,0.00,1,5.7,10.5
23.90,cruise,349.96,0.04,0.476,1,2504.1,-597.5,1738.4,-2671.0,76.46,-121.55,296,259,-1,55.1,35.4,55.4,32.9,-0.13,0.07,1.00,0.00,0.00,0.00,-16.27,142.68,87,-1,0,2,-17.7,0.39,0.481,0.577,0.21,0,26,0,12.3,223.9,257.3,255.9,0.00,1,5.7,10.5
24.00,cruise,350.00,0.00,0.474,1,2519.5,-621.9,1730.7,-2658.8,77.17,-121.88,295,256,-1,55.2,34.8,56.0,31.1,-0.11,0.07,1.00,0.00,0.00,0.00,-19.17,142.68,87,-1,0,4,-11.8,0.39,0.478,0.563,0.19,0,26,0,13.3,223.6,256.1,254.2,0.00,1,3.1,1.4
24.10,cruise,350.01,-0.01,0.478,1,2527.3,-634.1,1723.0,-2646.6,77.52,-121.99,294,256,-1,55.3,34.4,56.4,30.1,-0.07,0.06,1.00,0.00,0.00,0.00,-21.98,142.57,87,-1,0,5,-6.6,0.33,0.481,0.543,0.11,0,26,0,14.1,223.8,255.3,253.0,0.00,1,1.0,-3.8
24.20,cruise,350.01,-0.01,0.486,1,2535.0,-646.3,1715.2,-2634.4,77.96,-122.15,293,256,-1,55.4,34.3,56.7,30.1,-0.02,0.04,1.00,0.00,0.00,0.00,-24.38,142.47,87,-1,0,6,-0.4,0.24,0.488,0.520,0.01,0,26,0,14.7,224.4,255.0,252.3,0.00,1,-1.3,-8.8
24.30,cruise,349.99,0.01,0.497,1,2535.0,-646.3,1707.5,-2622.2,77.96,-122.15,292,256,-1,55.3,34.4,56.8,31.1,0.03,0.02,1.00,0.00,0.00,0.00,-26.17,142.52,87,-1,0,6,-0.4,0.12,0.497,0.520,-0.06,0,26,0,15.0,225.3,255.2,252.3,0.00,1,-1.3,-8.8
24.40,cruise,349.94,0.06,0.509,1,2542.9,-658.5,1699.6,-2610.0,78.31,-122.37,292,254,-1,55.2,34.8,56.6,33.0,0.07,-0.01,1.00,0.00,0.00,0.00,-27.41,142.67,87,-1,0,5,6.4,-0.03,0.509,0.551,-0.13,0,26,0,14.9,226.5,255.8,253.0,0.00,1,-3.8,-12.5
24.50,cruise,349.89,0.11,0.526,1,2558.6,-683.1,1691.8,-2597.7,78.93,-123.02,292,254,-1,55.0,35.4,56.1,35.4,0.11,-0.03,1.00,0.00,0.00,0.00,-27.69,143.03,87,-1,0,4,17.0,-0.17,0.527,0.601,-0.21,0,26,0,14.6,227.7,256.7,254.3,0.00,1,-7.0,-15.0
24.60,cruise,349.80,0.20,0.541,1,2566.5,-695.4,1683.9,-2585.4,79.19,-123.55,292,254,-1,54.6,36.2,55.5,38.1,0.13,-0.05,1.00,0.00,0.00,0.00,-27.02,143.65,87,-1,0,2,19.8,-0.30,0.544,0.643,-0.25,0,26,0,13.9,228.9,257.8,255.8,0.00,1,-7.6,-13.0
24.70,cruise,349.77,0.23,0.550,1,2566.5,-695.4,1676.0,-2573.1,79.19,-123.55,293,254,-1,54.3,37.2,54.7,40.5,0.13,-0.07,1.00,0.00,0.00,0.00,-25.71,144.48,87,-1,0,0,19.8,-0.39,0.555,0.668,-0.25,0,26,0,13.1,229.7,258.9,257.4,0.00,1,-7.6,-13.0
24.80,cruise,349.71,0.29,0.556,1,2582.4,-720.3,1668.1,-2560.7,79.45,-124.74,294,257,-1,54.0,38.1,53.8,42.4,0.12,-0.08,1.00,0.00,0.00,0.00,-23.19,145.44,87,-1,0,-1,17.8,-0.43,0.562,0.674,-0.25,0,26,0,12.0,230.3,260.0,259.0,0.00,1,-5.2,-4.0
24.90,cruise,349.68,0.32,0.555,1,2582.4,-720.3,1660.1,-2548.2,79.45,-124.74,294,257,-1,53.7,38.8,52.9,43.5,0.09,-0.08,1.00,0.00,0.00,0.00,-20.83,146.42,87,-1,0,-2,17.8,-0.40,0.561,0.656,-0.23,0,26,0,10.9,230.3,260.9,260.2,0.00,1,-5.2,-4.0
25.00,cruise,349.66,0.34,0.548,1,2590.3,-732.8,1652.2,-2535.7,79.45,-125.42,295,257,-1,53.5,39.3,52.2,43.9,0.05,-0.07,1.00,0.00,0.00,0.00,-18.61,147.30,87,-1,0,-3,13.1,-0.33,0.551,0.616,-0.16,0,26,0,9.9,229.9,261.7,261.3,0.00,1,-2.2,1.7
25.10,cruise,349.66,0.34,0.536,1,2606.2,-758.0,1644.2,-2523.1,79.45,-126.76,296,257,-1,53.5,39.3,51.9,43.6,0.01,-0.04,1.00,0.00,0.00,0.00,-16.86,148.11,87,-1,0,-4,-0.3,-0.22,0.538,0.565,-0.06,0,26,0,8.9,229.1,262.2,262.0,0.00,1,4.6,11.0
25.20,cruise,349.69,0.31,0.522,1,2606.2,-758.0,1636.3,-2510.5,79.45,-126.76,296,261,-1,53.6,39.0,51.9,42.6,-0.04,-0.01,1.00,0.00,0.00,0.00,-14.76,148.87,87,-1,0,-4,-0.3,-0.08,0.523,0.548,0.04,0,26,0,8.4,227.9,262.4,262.3,0.00,1,4.6,11.0
25.30,cruise,349.74,0.26,0.508,1,2614.2,-770.8,1628.3,-2497.7,79.63,-127.33,297,261,-1,53.9,38.4,52.4,41.1,-0.08,0.03,1.00,0.00,0.00,0.00,-13.59,149.56,87,-1,0,-4,-7.5,0.07,0.508,0.561,0.17,0,26,0,8.2,226.6,262.2,262.1,0.00,1,7.4,13.6
25.40,cruise,349.80,0.20,0.497,1,2630.1,-796.3,1620.4,-2485.0,79.98,-128.19,297,261,-1,54.3,37.5,53.3,39.1,-0.10,0.07,1.00,0.00,0.00,0.00,-13.11,150.06,87,-1,0,-3,-18.2,0.21,0.498,0.582,0.26,0,26,0,8.6,225.4,261.6,261.3,0.00,1,9.3,13.2
25.50,cruise,349.86,0.14,0.487,1,2638.1,-809.2,1612.4,-2472.2,80.16,-128.43,297,261,-1,54.6,36.5,54.2,36.9,-0.12,0.09,1.00,0.00,0.00,0.00,-13.56,150.48,87,-1,0,-2,-20.3,0.32,0.490,0.594,0.32,0,26,0,9.4,224.4,260.4,259.9,0.00,1,8.1,11.3
25.60,cruise,349.93,0.07,0.480,1,2638.1,-809.2,1604.4,-2459.3,80.16,-128.43,296,258,-1,55.0,35.6,55.1,34.4,-0.13,0.09,1.00,0.00,0.00,0.00,-15.19,150.63,87,-1,0,-0,-20.3,0.40,0.484,0.594,0.32,0,26,0,10.5,223.5,259.0,258.1,0.00,1,8.1,11.3
25.70,cruise,349.98,0.02,0.474,1,2646.2,-822.0,1596.3,-2446.5,80.51,-128.61,295,258,-1,55.2,34.9,55.8,32.1,-0.13,0.08,1.00,0.00,0.00,0.00,-17.50,150.71,87,-1,0,2,-19.6,0.43,0.480,0.579,0.30,0,26,0,11.8,223.1,257.4,256.0,0.00,1,5.9,8.3
25.80,cruise,350.02,-0.02,0.473,1,2662.4,-847.8,1588.2,-2433.6,81.21,-128.76,295,258,-1,55.4,34.4,56.2,30.3,-0.11,0.06,1.00,0.00,0.00,0.00,-20.11,150.67,87,-1,0,4,-12.0,0.41,0.478,0.555,0.22,0,26,0,13.1,223.0,256.0,254.1,0.00,1,0.3,-1.2
25.90,cruise,350.04,-0.04,0.475,1,2662.4,-847.8,1580.1,-2420.7,81.21,-128.76,294,258,-1,55.4,34.2,56.4,29.3,-0.07,0.03,1.00,0.00,0.00,0.00,-22.71,150.53,87,-1,0,5,-12.0,0.35,0.479,0.526,0.11,0,26,0,14.3,223.4,254.9,252.5,0.00,1,0.3,-1.2
26.00,cruise,350.04,-0.04,0.480,1,2670.5,-860.7,1572.0,-2407.8,81.56,-128.80,292,254,-1,55.4,34.2,56.4,29.4,-0.02,0.01,1.00,0.00,0.00,0.00,-26.07,150.21,87,-1,0,6,-6.1,0.25,0.482,0.495,0.01,0,26,0,15.1,224.1,254.4,251.7,0.00,1,-2.2,-6.3
26.10,cruise,350.02,-0.02,0.489,1,2686.9,-886.4,1563.8,-2395.0,82.27,-129.00,292,254,-1,55.3,34.5,56.3,30.4,0.03,-0.01,1.00,0.00,0.00,0.00,-28.60,150.02,87,-1,0,6,6.9,0.12,0.489,0.511,-0.08,0,26,0,15.6,225.2,254.5,251.6,0.00,1,-5.6,-13.7
26.20,cruise,349.97,0.03,0.501,1,2695.2,-899.4,1555.6,-2382.1,82.53,-129.24,291,254,-1,55.2,34.9,55.9,32.4,0.08,-0.03,1.00,0.00,0.00,0.00,-30.15,150.00,87,-1,0,6,12.8,-0.03,0.501,0.555,-0.17,0,26,0,15.7,226.4,255.0,252.3,0.00,1,-6.6,-15.3
26.30,cruise,349.92,0.08,0.513,1,2695.2,-899.4,1547.3,-2369.1,82.53,-129.24,291,254,-1,55.0,35.6,55.4,34.9,0.12,-0.05,1.00,0.00,0.00,0.00,-30.56,150.27,87,-1,0,4,12.8,-0.17,0.514,0.597,-0.20,0,26,0,15.4,227.7,255.9,253.5,0.00,1,-6.6,-15.3
26.40,cruise,349.86,0.14,0.528,1,2703.4,-912.3,1539.1,-2356.2,82.71,-129.55,291,254,-1,54.7,36.3,54.9,37.6,0.14,-0.05,1.00,0.00,0.00,0.00,-29.83,150.78,87,-1,0,3,17.0,-0.28,0.531,0.632,-0.22,0,26,0,14.8,228.9,257.0,255.1,0.00,1,-6.6,-15.6
26.50,cruise,349.79,0.21,0.543,1,2720.0,-938.3,1530.8,-2343.2,82.79,-130.36,292,254,-1,54.4,37.2,54.3,40.2,0.14,-0.05,1.00,0.00,0.00,0.00,-28.26,151.43,87,-1,0,1,18.8,-0.36,0.547,0.655,-0.23,0,26,0,13.8,229.9,258.3,256.8,0.00,1,-4.3,-9.9
26.60,cruise,349.74,0.26,0.554,1,2728.3,-951.4,1522.5,-2330.2,82.79,-130.94,293,254,-1,54.1,37.9,53.7,42.2,0.13,-0.05,1.00,0.00,0.00,0.00,-26.13,152.21,87,-1,0,-1,16.3,-0.39,0.559,0.661,-0.21,0,26,0,12.6,230.5,259.5,258.4,0.00,1,-2.2,-4.7
26.70,cruise,349.69,0.31,0.560,1,2728.3,-951.4,1514.2,-2317.1,82.79,-130.94,293,254,-1,53.8,38.5,53.2,43.5,0.10,-0.05,1.00,0.00,0.00,0.00,-23.84,153.07,87,-1,0,-2,16.3,-0.36,0.565,0.648,-0.19,0,26,0,11.4,230.7,260.6,259.8,0.00,1,-2.2,-4.7
26.80,cruise,349.67,0.33,0.559,1,2744.8,-977.7,1506.0,-2304.0,82.79,-132.14,295,259,-1,53.7,38.8,52.8,44.0,0.06,-0.04,1.00,0.00,0.00,0.00,-20.54,154.05,87,-1,0,-3,5.0,-0.29,0.562,0.616,-0.16,0,26,0,10.3,230.3,261.5,260.9,0.00,1,2.8,7.0
26.90,cruise,349.68,0.32,0.550,1,2744.8,-977.7,1497.7,-2290.8,82.79,-132.14,296,259,-1,53.7,38.7,52.7,43.7,0.01,-0.02,1.00,0.00,0.00,0.00,-17.83,154.91,87,-1,0,-4,5.0,-0.17,0.551,0.569,-0.09,0,26,0,9.4,229.5,262.0,261.6,0.00,1,2.8,7.0
27.00,cruise,349.70,0.30,0.537,1,2753.1,-991.0,1489.4,-2277.5,82.79,-132.80,296,259,-1,53.9,38.3,52.9,42.6,-0.03,0.01,1.00,0.00,0.00,0.00,-15.84,155.69,87,-1,0,-4,-1.8,-0.04,0.538,0.559,0.02,0,26,0,8.8,228.3,262.2,261.8,0.00,1,5.7,11.4
27.10,cruise,349.75,0.25,0.522,1,2769.7,-1017.7,1481.1,-2264.2,83.06,-133.90,296,259,-1,54.2,37.6,53.4,40.9,-0.08,0.03,1.00,0.00,0.00,0.00,-14.78,156.35,87,-1,0,-4,-14.4,0.10,0.522,0.579,0.14,0,26,0,8.7,227.0,261.9,261.5,0.00,1,8.3,15.3
27.20,cruise,349.81,0.19,0.506,1,2769.7,-1017.7,1472.8,-2250.8,83.06,-133.90,297,260,-1,54.5,36.7,54.1,38.7,-0.11,0.06,1.00,0.00,0.00,0.00,-14.42,156.91,87,-1,0,-3,-14.4,0.23,0.508,0.592,0.24,0,26,0,9.2,225.6,261.0,260.5,0.00,1,8.3,15.3
27.30,cruise,349.88,0.12,0.494,1,2786.4,-1044.5,1464.5,-2237.4,83.58,-134.52,296,260,-1,54.8,35.8,54.8,36.2,-0.13,0.08,1.00,0.00,0.00,0.00,-15.07,157.29,87,-1,0,-1,-19.3,0.34,0.498,0.597,0.28,0,26,0,10.0,224.5,259.8,259.0,0.00,1,7.0,11.4
27.40,cruise,349.94,0.06,0.485,1,2794.7,-1058.0,1456.1,-2224.0,83.85,-134.65,296,260,-1,55.1,35.0,55.6,33.7,-0.13,0.08,1.00,0.00,0.00,0.00,-16.48,157.51,87,-1,0,1,-18.1,0.40,0.489,0.591,0.31,0,26,0,11.1,223.7,258.3,257.2,0.00,1,5.0,7.9
27.50,cruise,349.99,0.01,0.478,1,2803.2,-1071.5,1447.8,-2210.5,84.20,-134.74,295,260,-1,55.4,34.3,56.1,31.5,-0.12,0.07,1.00,0.00,0.00,0.00,-18.51,157.54,87,-1,0,3,-14.4,0.42,0.483,0.573,0.30,0,26,0,12.4,223.2,256.9,255.2,0.00,1,2.0,3.6
27.60,cruise,350.04,-0.04,0.475,1,2803.2,-1071.5,1439.3,-2197.0,84.20,-134.74,294,255,-1,55.5,34.0,56.4,29.9,-0.09,0.04,1.00,0.00,0.00,0.00,-21.99,157.35,87,-1,0,4,-14.4,0.38,0.479,0.543,0.23,0,26,0,13.5,223.2,255.6,253.5,0.00,1,2.0,3.6
27.70,cruise,350.06,-0.06,0.475,1,2811.6,-1085.0,1430.9,-2183.5,84.55,-134.74,293,255,-1,55.5,33.9,56.5,29.2,-0.05,0.02,1.00,0.00,0.00,0.00,-25.30,157.04,87,-1,0,6,-9.4,0.30,0.478,0.511,0.15,0,26,0,14.5,223.5,254.8,252.2,0.00,1,-0.7,-1.3
27.80,cruise,350.06,-0.06,0.480,1,2820.1,-1098.4,1422.4,-2170.1,84.90,-134.74,292,255,-1,55.5,34.0,56.4,29.5,-0.00,-0.00,1.00,0.00,0.00,0.00,-28.06,156.76,87,-1,0,6,-3.5,0.19,0.481,0.485,0.06,0,26,0,15.2,224.2,254.4,251.7,0.00,1,-2.9,-6.4
27.90,cruise,350.04,-0.04,0.488,1,2837.1,-1125.4,1413.9,-2156.6,85.43,-134.82,291,255,-1,55.4,34.4,56.1,30.7,0.04,-0.02,1.00,0.00,0.00,0.00,-30.04,156.59,87,-1,0,6,8.6,0.07,0.488,0.521,-0.03,0,26,0,15.5,225.2,254.6,251.9,0.00,1,-6.0,-12.9
28.00,cruise,350.00,-0.00,0.498,1,2837.1,-1125.4,1405.4,-2143.1,85.43,-134.82,291,254,-1,55.2,34.9,55.7,32.7,0.08,-0.04,1.00,0.00,0.00,0.00,-31.44,156.49,87,-1,0,5,8.6,-0.07,0.498,0.563,-0.12,0,26,0,15.4,226.3,255.2,252.7,0.00,1,-6.0,-12.9
28.10,cruise,349.95,0.05,0.509,1,2854.3,-1152.4,1396.8,-2129.6,85.78,-135.22,291,254,-1,55.0,35.6,55.1,35.1,0.12,-0.06,1.00,0.00,0.00,0.00,-31.89,156.73,87,-1,0,4,17.4,-0.20,0.511,0.599,-0.16,0,26,0,15.0,227.4,256.1,254.0,0.00,1,-6.5,-13.1
28.20,cruise,349.89,0.11,0.523,1,2854.3,-1152.4,1388.2,-2116.1,85.78,-135.22,291,254,-1,54.7,36.3,54.5,37.6,0.13,-0.06,1.00,0.00,0.00,0.00,-31.33,157.04,87,-1,0,2,17.4,-0.30,0.526,0.629,-0.21,0,26,0,14.2,228.4,257.3,255.6,0.00,1,-6.5,-13.1
28.30,cruise,349.84,0.16,0.533,1,2862.9,-1165.9,1379.6,-2102.6,85.96,-135.57,292,254,-1,54.4,37.2,53.8,39.8,0.13,-0.07,1.00,0.00,0.00,0.00,-30.17,157.66,87,-1,0,1,18.9,-0.37,0.538,0.645,-0.22,0,26,0,13.1,229.0,258.5,257.3,0.00,1,-5.5,-10.7
28.40,cruise,349.79,0.21,0.539,1,2871.5,-1179.5,1371.0,-2089.0,85.96,-136.01,292,257,-1,54.2,37.9,53.2,41.5,0.11,-0.07,1.00,0.00,0.00,0.00,-27.48,158.53,87,-1,0,-1,18.1,-0.38,0.544,0.641,-0.19,0,26,0,11.9,229.4,259.7,258.9,0.00,1,-4.0,-6.6
28.50,cruise,349.77,0.23,0.539,1,2880.1,-1193.2,1362.4,-2075.3,85.96,-136.45,293,257,-1,54.0,38.3,52.7,42.4,0.08,-0.06,1.00,0.00,0.00,0.00,-24.89,159.33,87,-1,0,-2,14.5,-0.34,0.543,0.617,-0.14,0,26,0,10.7,229.2,260.8,260.2,0.00,1,-1.5,-1.5
28.60,cruise,349.76,0.24,0.535,1,2897.2,-1220.6,1353.9,-2061.6,85.78,-137.42,294,257,-1,53.9,38.4,52.4,42.5,0.04,-0.04,1.00,0.00,0.00,0.00,-22.50,160.01,87,-1,0,-3,2.5,-0.25,0.537,0.578,-0.09,0,26,0,9.6,228.7,261.5,261.2,0.00,1,4.1,9.3
28.70,cruise,349.77,0.23,0.525,1,2905.8,-1234.4,1345.3,-2047.9,85.78,-137.94,295,257,-1,54.0,38.2,52.4,41.8,-0.02,-0.02,1.00,0.00,0.00,0.00,-20.85,160.65,87,-1,0,-4,-4.9,-0.13,0.526,0.543,-0.03,0,26,0,8.8,227.6,261.9,261.7,0.00,1,6.5,13.4
28.80,cruise,349.81,0.19,0.511,1,2905.8,-1234.4,1336.7,-2034.1,85.78,-137.94,295,260,-1,54.2,37.6,52.7,40.4,-0.07,0.01,1.00,0.00,0.00,0.00,-18.97,161.33,87,-1,0,-4,-4.9,0.02,0.511,0.551,0.08,0,26,0,8.5,226.3,261.8,261.6,0.00,1,6.5,13.4
28.90,cruise,349.86,0.14,0.498,1,2923.0,-1262.0,1328.1,-2020.3,86.04,-138.60,295,260,-1,54.6,36.8,53.3,38.4,-0.10,0.05,1.00,0.00,0.00,0.00,-18.25,161.81,87,-1,0,-3,-16.5,0.17,0.499,0.573,0.16,0,26,0,8.7,224.9,261.3,261.0,0.00,1,9.5,15.2
29.00,cruise,349.92,0.08,0.487,1,2931.6,-1275.9,1319.5,-2006.5,86.31,-138.82,295,260,-1,54.9,35.8,54.2,36.0,-0.12,0.08,1.00,0.00,0.00,0.00,-18.33,162.11,87,-1,0,-2,-19.3,0.29,0.490,0.590,0.23,0,26,0,9.3,223.7,260.3,259.8,0.00,1,9.3,13.6
29.10,cruise,349.98,0.02,0.477,1,2931.6,-1275.9,1310.9,-1992.6,86.31,-138.82,295,260,-1,55.2,34.9,55.2,33.4,-0.14,0.10,1.00,0.00,0.00,0.00,-19.44,162.31,87,-1,0,-0,-19.3,0.38,0.482,0.593,0.30,0,26,0,10.3,222.6,258.9,258.1,0.00,1,9.3,13.6
29.20,cruise,350.04,-0.04,0.472,1,2949.0,-1303.7,1302.2,-1978.7,86.92,-138.87,294,258,-1,55.5,34.1,55.9,30.9,-0.14,0.09,1.00,0.00,0.00,0.00,-22.10,162.14,87,-1,0,2,-17.8,0.43,0.477,0.584,0.28,0,26,0,11.5,221.9,257.3,256.1,0.00,1,4.5,6.9
29.30,cruise,350.08,-0.08,0.470,1,2949.0,-1303.7,1293.5,-1964.8,86.92,-138.87,293,258,-1,55.6,33.6,56.4,28.6,-0.12,0.07,1.00,0.00,0.00,0.00,-25.24,161.87,87,-1,0,4,-17.8,0.43,0.475,0.566,0.20,0,26,0,12.7,221.5,255.7,254.0,0.00,1,4.5,6.9
29.40,cruise,350.10,-0.10,0.471,1,2957.7,-1317.6,1284.8,-1950.9,87.19,-138.78,292,258,-1,55.7,33.3,56.8,27.2,-0.09,0.05,1.00,0.00,0.00,0.00,-28.42,161.41,87,-1,0,6,-13.9,0.39,0.476,0.541,0.10,0,26,0,13.8,221.6,254.5,252.2,0.00,1,2.0,2.0
29.50,cruise,350.10,-0.10,0.476,1,2975.2,-1345.3,1276.1,-1937.1,87.89,-138.60,291,258,-1,55.7,33.2,56.8,26.7,-0.05,0.02,1.00,0.00,0.00,0.00,-31.41,160.97,87,-1,0,7,-2.3,0.31,0.479,0.511,-0.02,0,26,0,14.8,222.2,253.8,251.1,0.00,1,-3.1,-8.4
29.60,cruise,350.08,-0.08,0.483,1,2984.0,-1359.2,1267.3,-1923.2,88.24,-138.60,290,254,-1,55.7,33.4,56.7,27.3,0.00,-0.01,1.00,0.00,0.00,0.00,-34.78,160.39,87,-1,0,7,4.2,0.19,0.484,0.489,-0.12,0,26,0,15.4,223.1,253.6,250.7,0.00,1,-5.1,-12.4
29.70,cruise,350.04,-0.04,0.493,1,2984.0,-1359.2,1258.5,-1909.3,88.24,-138.60,289,254,-1,55.5,33.7,56.4,29.0,0.05,-0.03,1.00,0.00,0.00,0.00,-37.10,160.07,87,-1,0,7,4.2,0.05,0.493,0.533,-0.22,0,26,0,15.6,224.2,254.0,251.1,0.00,1,-5.1,-12.4
29.80,cruise,349.98,0.02,0.506,1,3001.7,-1386.9,1249.6,-1895.5,88.77,-138.78,289,254,-1,55.3,34.2,55.9,31.4,0.09,-0.05,1.00,0.00,0.00,0.00,-38.22,159.99,87,-1,0,6,15.3,-0.09,0.506,0.578,-0.31,0,26,0,15.5,225.5,254.8,252.2,0.00,1,-7.4,-15.7
29.90,cruise,349.90,0.10,0.519,1,3001.7,-1386.9,1240.8,-1881.6,88.77,-138.78,289,254,-1,55.1,35.0,55.3,34.1,0.12,-0.06,1.00,0.00,0.00,0.00,-38.23,160.24,87,-1,0,4,15.3,-0.22,0.521,0.618,-0.36,0,26,0,14.9,226.8,255.9,253.7,0.00,1,-7.4,-15.7
30.00,cruise,349.82,0.18,0.535,1,3010.6,-1400.8,1231.9,-1867.7,88.86,-138.91,290,255,-1,54.8,35.8,54.7,36.9,0.14,-0.07,1.00,0.00,0.00,0.00,-36.82,160.74,87,-1,0,2,18.7,-0.33,0.538,0.648,-0.41,0,26,0,14.1,227.9,257.2,255.5,0.00,1,-7.1,-14.8
30.10,cruise,349.75,0.25,0.547,1,3028.4,-1428.7,1223.0,-1853.8,88.95,-139.66,290,255,-1,54.5,36.6,54.0,39.3,0.14,-0.07,1.00,0.00,0.00,0.00,-34.72,161.55,87,-1,0,1,19.1,-0.39,0.552,0.664,-0.41,0,26,0,13.0,228.6,258.5,257.3,0.00,1,-4.1,-7.4
30.20,cruise,349.68,0.32,0.553,1,3028.4,-1428.7,1214.1,-1839.8,88.95,-139.66,291,255,-1,54.2,37.3,53.3,41.2,0.12,-0.07,1.00,0.00,0.00,0.00,-32.23,162.41,87,-1,0,-1,19.1,-0.41,0.559,0.661,-0.36,0,26,0,11.7,229.0,259.8,259.0,0.00,1,-4.1,-7.4
30.30,cruise,349.64,0.36,0.555,1,3037.3,-1442.7,1205.2,-1825.8,88.95,-140.10,292,255,-1,54.0,37.8,52.8,42.2,0.09,-0.06,1.00,0.00,0.00,0.00,-29.75,163.26,87,-1,0,-3,15.5,-0.36,0.560,0.638,-0.31,0,26,0,10.4,229.0,261.0,260.4,0.00,1,-1.6,-2.2
30.40,cruise,349.61,0.39,0.553,1,3055.1,-1470.8,1196.3,-1811.8,88.77,-141.02,293,260,-1,53.9,37.9,52.5,42.5,0.04,-0.04,1.00,0.00,0.00,0.00,-26.09,164.21,87,-1,0,-4,3.4,-0.27,0.556,0.601,-0.26,0,26,0,9.2,228.4,261.8,261.5,0.00,1,4.2,8.5
30.50,cruise,349.61,0.39,0.546,1,3063.9,-1484.9,1187.4,-1797.7,88.86,-141.50,294,260,-1,54.0,37.7,52.5,42.0,-0.00,-0.01,1.00,0.00,0.00,0.00,-23.11,165.02,87,-1,0,-4,-4.2,-0.15,0.546,0.555,-0.18,0,26,0,8.4,227.5,262.3,262.1,0.00,1,7.2,12.5
30.60,cruise,349.63,0.37,0.533,1,3063.9,-1484.9,1178.6,-1783.6,88.86,-141.50,295,260,-1,54.2,37.1,53.0,40.7,-0.05,0.02,1.00,0.00,0.00,0.00,-21.12,165.75,87,-1,0,-4,-4.2,-0.00,0.533,0.570,-0.04,0,26,0,7.9,226.3,262.4,262.2,0.00,1,7.2,12.5
30.70,cruise,349.67,0.33,0.518,1,3072.8,-1499.1,1169.7,-1769.4,88.95,-141.99,295,260,-1,54.5,36.2,53.7,38.7,-0.09,0.05,1.00,0.00,0.00,0.00,-20.07,166.34,87,-1,0,-4,-11.5,0.16,0.519,0.594,0.11,0,26,0,8.1,224.9,261.9,261.6,0.00,1,9.3,15.2
30.80,cruise,349.73,0.27,0.504,1,3090.7,-1527.6,1160.8,-1755.2,89.38,-142.56,295,260,-1,54.8,35.1,54.6,36.2,-0.12,0.08,1.00,0.00,0.00,0.00,-20.02,166.74,87,-1,0,-2,-20.8,0.30,0.507,0.611,0.23,0,26,0,8.8,223.5,260.8,260.3,0.00,1,9.6,14.2
30.90,cruise,349.80,0.20,0.494,1,3099.6,-1541.9,1151.8,-1740.9,89.74,-142.65,295,260,-1,55.2,34.1,55.5,33.4,-0.14,0.10,1.00,0.00,0.00,0.00,-21.06,166.94,87,-1,0,-1,-21.6,0.41,0.499,0.618,0.29,0,26,0,9.9,222.4,259.2,258.4,0.00,1,7.7,11.1
31.00,cruise,349.86,0.14,0.486,1,3108.6,-1556.1,1142.9,-1726.6,90.09,-142.73,294,260,-1,55.4,33.2,56.4,30.6,-0.14,0.10,1.00,0.00,0.00,0.00,-23.09,166.93,87,-1,0,2,-19.6,0.47,0.493,0.608,0.30,0,26,0,11.2,221.7,257.4,256.1,0.00,1,4.2,7.1
31.10,cruise,349.91,0.09,0.479,1,3108.6,-1556.1,1133.9,-1712.4,90.09,-142.73,293,260,-1,55.6,32.7,56.8,28.1,-0.13,0.07,1.00,0.00,0.00,0.00,-25.79,166.80,87,-1,0,4,-19.6,0.48,0.486,0.580,0.29,0,26,0,12.7,221.3,255.6,253.7,0.00,1,4.2,7.1
31.20,cruise,349.96,0.04,0.474,1,3126.8,-1584.7,1124.8,-1698.1,90.88,-142.56,292,255,-1,55.7,32.6,57.0,26.4,-0.10,0.02,1.00,0.00,0.00,0.00,-30.31,166.21,87,-1,0,6,-8.6,0.42,0.479,0.538,0.23,0,26,0,14.1,221.4,254.1,251.6,0.00,1,-3.5,-3.8
31.30,cruise,349.98,0.02,0.471,1,3135.9,-1598.9,1115.7,-1683.8,91.23,-142.47,291,255,-1,55.7,32.7,56.8,25.8,-0.06,-0.01,1.00,0.00,0.00,0.00,-34.41,165.52,87,-1,0,8,-1.8,0.33,0.475,0.507,0.15,0,26,0,15.3,222.0,253.1,250.2,0.00,1,-6.0,-8.9
31.40,cruise,349.98,0.02,0.474,1,3145.0,-1613.1,1106.6,-1669.6,91.58,-142.38,290,255,-1,55.6,33.0,56.3,26.4,-0.00,-0.04,1.00,0.00,0.00,0.00,-37.79,164.90,87,-1,0,8,5.7,0.20,0.475,0.496,0.05,0,26,0,16.0,222.9,252.8,249.8,0.00,1,-7.5,-13.2
31.50,cruise,349.96,0.04,0.479,1,3154.2,-1627.4,1097.5,-1655.4,91.76,-142.29,289,255,-1,55.5,33.5,55.8,28.2,0.06,-0.06,1.00,0.00,0.00,0.00,-40.12,164.47,87,-1,0,8,12.4,0.04,0.479,0.538,-0.03,0,26,0,16.3,224.0,253.1,250.3,0.00,1,-7.6,-16.0
31.60,cruise,349.92,0.08,0.491,1,3154.2,-1627.4,1088.3,-1641.1,91.76,-142.29,289,253,-1,55.3,34.2,55.2,30.9,0.11,-0.06,1.00,0.00,0.00,0.00,-41.60,164.13,87,-1,0,6,12.4,-0.12,0.491,0.578,-0.11,0,26,0,16.0,225.4,254.2,251.7,0.00,1,-7.6,-16.0
31.70,cruise,349.86,0.14,0.506,1,3172.6,-1655.9,1079.1,-1626.9,91.93,-142.51,289,253,-1,55.0,34.9,54.7,34.1,0.15,-0.06,1.00,0.00,0.00,0.00,-41.63,164.21,87,-1,0,4,21.2,-0.27,0.508,0.614,-0.13,0,26,0,15.2,226.7,255.6,253.6,0.00,1,-4.7,-15.4
31.80,cruise,349.80,0.20,0.522,1,3181.8,-1670.1,1069.9,-1612.6,91.93,-142.78,289,253,-1,54.8,35.7,54.3,37.3,0.17,-0.05,1.00,0.00,0.00,0.00,-40.42,164.71,87,-1,0,2,22.1,-0.39,0.527,0.642,-0.11,0,26,0,13.8,227.8,257.4,255.9,0.00,1,-2.8,-12.3
31.90,cruise,349.75,0.25,0.538,1,3181.8,-1670.1,1060.7,-1598.4,91.93,-142.78,290,253,-1,54.5,36.5,53.9,40.0,0.16,-0.05,1.00,0.00,0.00,0.00,-38.24,165.45,87,-1,0,-0,22.1,-0.45,0.545,0.658,-0.09,0,26,0,12.2,228.6,259.2,258.2,0.00,1,-2.8,-12.3
32.00,cruise,349.70,0.30,0.550,1,3191.0,-1684.4,1051.5,-1584.1,91.93,-143.04,291,259,-1,54.2,37.1,53.4,42.0,0.13,-0.05,1.00,0.00,0.00,0.00,-34.00,166.60,87,-1,0,-2,20.2,-0.45,0.557,0.656,-0.07,0,26,0,10.4,229.0,260.9,260.2,0.00,1,-1.1,-6.8
32.10,cruise,349.68,0.32,0.554,1,3209.3,-1713.1,1042.4,-1569.7,91.76,-144.01,293,259,-1,54.1,37.5,53.1,43.0,0.09,-0.04,1.00,0.00,0.00,0.00,-29.79,167.69,87,-1,0,-4,8.8,-0.39,0.559,0.630,-0.05,0,26,0,8.8,228.7,262.2,261.8,0.00,1,3.3,7.1
32.20,cruise,349.69,0.31,0.547,1,3209.3,-1713.1,1033.2,-1555.4,91.76,-144.01,294,259,-1,54.1,37.5,52.8,42.8,0.02,-0.04,1.00,0.00,0.00,0.00,-26.39,168.71,87,-1,0,-5,8.8,-0.28,0.550,0.582,-0.01,0,26,0,7.6,227.8,263.1,262.9,0.00,1,3.3,7.1
32.30,cruise,349.72,0.28,0.534,1,3218.5,-1727.6,1024.0,-1540.9,91.76,-144.49,294,259,-1,54.3,37.1,52.8,41.7,-0.03,-0.01,1.00,0.00,0.00,0.00,-23.95,169.48,87,-1,0,-5,0.8,-0.13,0.534,0.560,0.06,0,26,0,6.8,226.4,263.5,263.4,0.00,1,5.7,13.3
32.40,cruise,349.77,0.23,0.516,1,3236.8,-1756.6,1014.8,-1526.4,91.93,-145.24,295,262,-1,54.6,36.3,53.2,39.7,-0.09,0.02,1.00,0.00,0.00,0.00,-21.59,170.13,87,-1,0,-5,-14.7,0.04,0.516,0.572,0.16,0,26,0,6.7,224.7,263.2,263.1,0.00,1,9.4,19.4
32.50,cruise,349.84,0.16,0.499,1,3236.8,-1756.6,1005.7,-1511.9,91.93,-145.24,295,262,-1,54.9,35.3,53.9,37.1,-0.13,0.05,1.00,0.00,0.00,0.00,-20.72,170.64,87,-1,0,-4,-14.7,0.21,0.500,0.592,0.24,0,26,0,7.2,222.9,262.3,262.2,0.00,1,9.4,19.4
32.60,cruise,349.92,0.08,0.484,1,3246.0,-1771.1,996.5,-1497.4,92.11,-145.46,295,262,-1,55.3,34.2,54.8,34.0,-0.16,0.08,1.00,0.00,0.00,0.00,-21.16,170.86,87,-1,0,-3,-19.7,0.34,0.487,0.603,0.31,0,26,0,8.2,221.3,260.7,260.5,0.00,1,9.7,18.7
32.70,cruise,349.99,0.01,0.473,1,3264.5,-1800.2,987.2,-1482.8,92.64,-145.42,295,262,-1,55.6,33.1,55.7,30.8,-0.17,0.10,1.00,0.00,0.00,0.00,-22.79,170.75,87,-1,0,-0,-21.8,0.43,0.479,0.605,0.33,0,26,0,9.4,220.0,258.8,258.3,0.00,1,7.7,11.4
32.80,cruise,350.05,-0.05,0.468,1,3273.8,-1814.7,978.0,-1468.3,92.99,-145.28,294,258,-1,55.8,32.4,56.5,27.9,-0.16,0.10,1.00,0.00,0.00,0.00,-26.51,170.36,87,-1,0,2,-18.9,0.48,0.475,0.594,0.32,0,26,0,10.9,219.3,256.8,255.8,0.00,1,4.9,5.4
32.90,cruise,350.09,-0.09,0.466,1,3273.8,-1814.7,968.7,-1453.8,92.99,-145.28,292,258,-1,56.0,31.9,57.1,25.6,-0.13,0.08,1.00,0.00,0.00,0.00,-30.56,169.76,87,-1,0,4,-18.9,0.47,0.473,0.569,0.27,0,26,0,12.2,219.1,255.1,253.5,0.00,1,4.9,5.4
33.00,cruise,350.12,-0.12,0.469,1,3283.1,-1829.3,959.4,-1439.2,93.43,-145.06,291,258,-1,56.0,31.7,57.4,24.4,-0.08,0.05,1.00,0.00,0.00,0.00,-34.60,169.04,87,-1,0,6,-13.7,0.40,0.474,0.538,0.18,0,26,0,13.4,219.5,253.9,251.7,0.00,1,2.0,-0.9
33.10,cruise,350.12,-0.12,0.477,1,3301.9,-1858.2,950.0,-1424.8,94.13,-144.67,290,258,-1,56.0,31.8,57.5,24.4,-0.03,0.02,1.00,0.00,0.00,0.00,-37.96,168.32,87,-1,0,7,0.2,0.29,0.480,0.504,0.05,0,26,0,14.2,220.4,253.4,250.7,0.00,1,-3.5,-12.4
33.20,cruise,350.09,-0.09,0.488,1,3311.4,-1872.7,940.6,-1410.3,94.48,-144.54,289,254,-1,55.9,32.0,57.3,25.8,0.03,-0.01,1.00,0.00,0.00,0.00,-41.33,167.57,87,-1,0,7,7.6,0.14,0.488,0.506,-0.08,0,26,0,14.6,221.7,253.7,250.8,0.00,1,-6.0,-16.4
33.30,cruise,350.05,-0.05,0.500,1,3311.4,-1872.7,931.1,-1395.8,94.48,-144.54,289,254,-1,55.8,32.5,56.9,28.2,0.08,-0.03,1.00,0.00,0.00,0.00,-43.33,167.15,87,-1,0,6,7.6,-0.03,0.500,0.560,-0.19,0,26,0,14.6,223.2,254.5,251.7,0.00,1,-6.0,-16.4
33.40,cruise,349.98,0.02,0.515,1,3330.3,-1901.6,921.7,-1381.4,95.01,-144.58,289,254,-1,55.6,33.3,56.3,31.4,0.13,-0.06,1.00,0.00,0.00,0.00,-43.85,167.13,87,-1,0,5,19.3,-0.19,0.516,0.612,-0.27,0,26,0,14.3,224.8,255.6,253.2,0.00,1,-8.8,-19.1
33.50,cruise,349.90,0.10,0.531,1,3339.8,-1916.1,912.2,-1366.9,95.10,-144.80,289,254,-1,55.3,34.2,55.6,34.8,0.15,-0.07,1.00,0.00,0.00,0.00,-43.06,167.56,87,-1,0,3,22.0,-0.33,0.535,0.654,-0.33,0,26,0,13.5,226.3,257.0,255.2,0.00,1,-8.2,-17.1
33.60,cruise,349.83,0.17,0.546,1,3339.8,-1916.1,902.7,-1352.4,95.10,-144.80,290,257,-1,54.9,35.2,54.9,37.9,0.16,-0.07,1.00,0.00,0.00,0.00,-40.48,168.44,87,-1,0,1,22.0,-0.42,0.552,0.681,-0.34,0,26,0,12.5,227.6,258.5,257.2,0.00,1,-8.2,-17.1
33.70,cruise,349.76,0.24,0.556,1,3349.3,-1930.6,893.2,-1337.9,95.10,-145.15,291,257,-1,54.6,36.0,54.1,40.5,0.15,-0.07,1.00,0.00,0.00,0.00,-37.23,169.49,87,-1,0,-1,22.0,-0.46,0.564,0.689,-0.30,0,26,0,11.3,228.5,260.0,259.0,0.00,1,-6.8,-13.0
33.80,cruise,349.71,0.29,0.560,1,3368.4,-1959.7,883.6,-1323.4,95.10,-146.03,292,257,-1,54.4,36.7,53.4,42.1,0.12,-0.07,1.00,0.00,0.00,0.00,-33.86,170.53,87,-1,0,-3,13.4,-0.44,0.567,0.672,-0.24,0,26,0,10.0,228.8,261.2,260.6,0.00,1,-1.4,-0.0
33.90,cruise,349.69,0.31,0.555,1,3377.9,-1974.3,874.1,-1308.8,95.10,-146.56,293,257,-1,54.3,37.0,52.9,42.7,0.07,-0.06,1.00,0.00,0.00,0.00,-30.79,171.52,87,-1,0,-4,5.8,-0.34,0.559,0.628,-0.13,0,26,0,8.9,228.5,262.1,261.7,0.00,1,2.6,7.0
34.00,cruise,349.70,0.30,0.544,1,3377.9,-1974.3,864.6,-1294.2,95.10,-146.56,294,261,-1,54.3,36.8,52.8,42.4,0.02,-0.03,1.00,0.00,0.00,0.00,-26.98,172.61,87,-1,0,-5,5.8,-0.21,0.546,0.569,-0.01,0,26,0,8.0,227.7,262.7,262.5,0.00,1,2.6,7.0
34.10,cruise,349.74,0.26,0.531,1,3396.9,-2003.8,855.1,-1279.5,94.92,-147.44,295,261,-1,54.6,36.0,53.1,41.2,-0.03,0.01,1.00,0.00,0.00,0.00,-24.00,173.36,87,-1,0,-5,-11.0,-0.04,0.531,0.556,0.12,0,26,0,7.5,226.4,262.9,262.7,0.00,1,9.6,16.0
34.20,cruise,349.80,0.20,0.516,1,3406.4,-2018.5,845.6,-1264.7,95.10,-147.70,295,261,-1,55.0,34.9,53.8,39.2,-0.08,0.05,1.00,0.00,0.00,0.00,-22.31,173.93,87,-1,0,-4,-18.1,0.13,0.517,0.587,0.24,0,26,0,7.5,224.9,262.5,262.2,0.00,1,11.2,17.4
34.30,cruise,349.87,0.13,0.503,1,3415.9,-2033.3,836.1,-1250.0,95.27,-147.88,296,261,-1,55.3,33.6,54.8,36.6,-0.12,0.09,1.00,0.00,0.00,0.00,-21.99,174.29,87,-1,0,-3,-22.5,0.30,0.506,0.612,0.33,0,26,0,8.1,223.4,261.4,261.0,0.00,1,11.2,16.6
34.40,cruise,349.94,0.06,0.493,1,3415.9,-2033.3,826.6,-1235.2,95.27,-147.88,295,260,-1,55.7,32.3,55.9,33.5,-0.14,0.11,1.00,0.00,0.00,0.00,-23.23,174.37,87,-1,0,-1,-22.5,0.43,0.499,0.624,0.37,0,26,0,9.3,222.0,259.8,259.0,0.00,1,11.2,16.6
34.50,cruise,350.01,-0.01,0.485,1,3435.0,-2062.9,817.1,-1220.4,95.80,-147.83,294,260,-1,56.0,31.2,56.8,30.1,-0.15,0.10,1.00,0.00,0.00,0.00,-25.59,174.17,87,-1,0,1,-22.4,0.51,0.493,0.618,0.34,0,26,0,10.7,221.0,257.7,256.4,0.00,1,5.3,10.0
34.60,cruise,350.08,-0.08,0.478,1,3444.6,-2077.7,807.5,-1205.6,96.15,-147.83,293,260,-1,56.2,30.7,57.4,26.9,-0.15,0.07,1.00,0.00,0.00,0.00,-29.05,173.75,87,-1,0,4,-18.0,0.54,0.486,0.593,0.29,0,26,0,12.4,220.4,255.5,253.6,0.00,1,1.3,4.9
34.70,cruise,350.12,-0.12,0.471,1,3454.3,-2092.4,797.9,-1190.8,96.59,-147.66,292,260,-1,56.2,30.6,57.5,24.5,-0.12,0.03,1.00,0.00,0.00,0.00,-32.98,173.24,87,-1,0,7,-11.7,0.50,0.478,0.552,0.23,0,26,0,14.0,220.3,253.6,251.0,0.00,1,-2.3,-0.8
34.80,cruise,350.15,-0.15,0.468,1,3463.9,-2107.2,788.2,-1176.1,96.86,-147.39,291,254,-1,56.2,30.8,57.4,23.3,-0.08,-0.00,1.00,0.00,0.00,0.00,-38.61,172.17,87,-1,0,9,-4.0,0.41,0.472,0.512,0.13,0,26,0,15.2,220.6,252.4,249.2,0.00,1,-4.7,-6.2
34.90,cruise,350.16,-0.16,0.469,1,3463.9,-2107.2,778.6,-1161.3,96.86,-147.39,289,254,-1,56.2,31.2,57.1,23.5,-0.02,-0.03,1.00,0.00,0.00,0.00,-43.31,170.97,87,-1,0,9,-4.0,0.27,0.471,0.498,0.02,0,26,0,16.0,221.2,251.9,248.6,0.00,1,-4.7,-6.2
35.00,cruise,350.14,-0.14,0.474,1,3473.6,-2121.9,768.9,-1146.6,97.21,-147.22,288,254,-1,56.0,31.8,56.6,25.0,0.04,-0.05,1.00,0.00,0.00,0.00,-46.87,170.07,87,-1,0,9,4.2,0.09,0.474,0.519,-0.08,0,26,0,16.2,222.2,252.3,249.1,0.00,1,-6.2,-10.6
35.10,cruise,350.09,-0.09,0.485,1,3493.1,-2151.3,759.1,-1131.9,97.56,-146.95,287,254,-1,55.9,32.5,56.0,27.7,0.10,-0.06,1.00,0.00,0.00,0.00,-48.82,169.55,87,-1,0,7,18.2,-0.09,0.485,0.561,-0.17,0,26,0,15.7,223.3,253.4,250.6,0.00,1,-6.1,-14.8
35.20,cruise,350.02,-0.02,0.499,1,3493.1,-2151.3,749.4,-1117.2,97.56,-146.95,287,254,-1,55.6,33.3,55.5,31.0,0.14,-0.07,1.00,0.00,0.00,0.00,-49.16,169.40,87,-1,0,5,18.2,-0.27,0.501,0.605,-0.24,0,26,0,14.7,224.5,255.0,252.9,0.00,1,-6.1,-14.8
35.30,cruise,349.95,0.05,0.515,1,3512.7,-2180.7,739.6,-1102.5,97.73,-147.13,288,254,-1,55.3,34.2,54.9,34.5,0.17,-0.07,1.00,0.00,0.00,0.00,-48.13,169.80,87,-1,0,2,25.2,-0.41,0.521,0.642,-0.26,0,26,0,13.1,225.5,257.1,255.6,0.00,1,-4.2,-11.7
35.40,cruise,349.88,0.12,0.531,1,3512.7,-2180.7,729.8,-1087.8,97.73,-147.13,289,254,-1,55.0,35.1,54.3,37.6,0.17,-0.07,1.00,0.00,0.00,0.00,-45.90,170.56,87,-1,0,-0,25.2,-0.51,0.540,0.666,-0.26,0,26,0,11.2,226.2,259.3,258.4,0.00,1,-4.2,-11.7
35.50,cruise,349.81,0.19,0.544,1,3522.4,-2195.4,720.1,-1073.1,97.73,-147.30,289,254,-1,54.7,36.0,53.7,39.9,0.15,-0.07,1.00,0.00,0.00,0.00,-43.12,171.44,87,-1,0,-3,24.4,-0.55,0.554,0.669,-0.26,0,26,0,9.0,226.5,261.4,261.0,0.00,1,-2.0,-6.3
35.60,cruise,349.77,0.23,0.550,1,3532.2,-2210.2,710.3,-1058.3,97.73,-147.66,291,262,-1,54.5,36.5,53.2,41.4,0.11,-0.05,1.00,0.00,0.00,0.00,-37.91,172.97,87,-1,0,-5,20.5,-0.52,0.559,0.648,-0.23,0,26,0,7.0,226.3,263.3,263.2,0.00,1,0.9,-0.4
35.70,cruise,349.74,0.26,0.550,1,3551.7,-2239.8,700.5,-1043.5,97.56,-148.36,293,262,-1,54.5,36.5,53.0,41.9,0.06,-0.03,1.00,0.00,0.00,0.00,-33.08,174.15,87,-1,0,-7,4.3,-0.41,0.556,0.603,-0.17,0,26,0,5.2,225.5,264.9,264.8,0.00,1,7.7,11.9
35.80,cruise,349.75,0.25,0.543,1,3551.7,-2239.8,690.8,-1028.7,97.56,-148.36,294,262,-1,54.6,36.1,53.2,41.2,-0.00,0.00,1.00,0.00,0.00,0.00,-29.30,175.13,87,-1,0,-8,4.3,-0.25,0.545,0.549,-0.09,0,26,0,4.1,224.2,265.8,265.8,0.00,1,7.7,11.9
35.90,cruise,349.78,0.22,0.532,1,3561.5,-2254.7,681.0,-1013.8,97.73,-148.71,295,262,-1,54.9,35.3,53.9,39.5,-0.07,0.05,1.00,0.00,0.00,0.00,-26.83,175.92,87,-1,0,-8,-6.0,-0.04,0.532,0.592,0.01,0,26,0,3.8,222.5,265.8,265.9,0.00,1,10.5,16.8
36.00,cruise,349.84,0.16,0.517,1,3571.3,-2269.6,671.2,-998.9,97.91,-148.97,295,265,-1,55.2,34.0,54.9,36.7,-0.13,0.09,1.00,0.00,0.00,0.00,-25.09,176.49,87,-1,0,-7,-16.2,0.18,0.518,0.629,0.14,0,26,0,4.4,220.5,264.9,264.9,0.00,1,12.6,20.1
36.10,cruise,349.90,0.10,0.502,1,3590.9,-2299.4,661.4,-984.0,98.53,-149.24,295,265,-1,55.6,32.7,56.1,33.0,-0.17,0.12,1.00,0.00,0.00,0.00,-25.09,176.86,87,-1,0,-5,-29.1,0.38,0.507,0.657,0.23,0,26,0,5.7,218.6,262.8,262.8,0.00,1,12.1,19.1
36.20,cruise,349.98,0.02,0.491,1,3600.8,-2314.3,651.6,-969.1,98.96,-149.15,295,265,-1,55.9,31.6,57.3,28.7,-0.20,0.14,1.00,0.00,0.00,0.00,-26.98,176.78,87,-1,0,-2,-30.4,0.55,0.500,0.670,0.26,0,26,0,7.7,217.1,259.9,259.6,0.00,1,9.3,15.0
36.30,cruise,350.05,-0.05,0.481,1,3610.8,-2329.2,641.7,-954.2,99.40,-148.89,294,265,-1,56.1,30.9,58.2,24.0,-0.22,0.13,1.00,0.00,0.00,0.00,-30.57,176.37,87,-1,0,2,-27.7,0.60,0.492,0.659,0.26,0,26,0,9.9,216.0,256.5,255.6,0.00,1,4.6,8.8
36.40,cruise,350.10,-0.10,0.476,1,3610.8,-2329.2,631.7,-939.3,99.40,-148.89,292,257,-1,56.2,30.8,58.7,19.8,-0.20,0.09,1.00,0.00,0.00,0.00,-37.35,175.08,87,-1,0,7,-27.7,0.60,0.486,0.624,0.18,0,26,0,12.2,215.6,253.2,251.3,0.00,1,4.6,8.8
36.50,brake,350.14,-0.14,0.473,1,3630.8,-2358.9,0.0,0.0,100.46,-148.18,290,257,-1,50.2,24.8,58.8,16.8,-0.17,0.13,1.00,0.00,0.00,0.00,-44.45,173.42,87,-1,0,10,-14.2,0.60,0.483,0.601,0.05,0,26,0,14.4,215.9,250.5,247.7,0.00,1,-4.3,-7.2
36.60,brake,350.14,-0.14,0.473,1,3640.9,-2373.7,0.0,0.0,100.99,-147.92,288,257,-1,44.2,18.8,58.5,15.7,-0.06,0.17,1.00,0.00,0.00,0.00,-51.02,171.60,87,-1,0,13,-4.9,0.54,0.481,0.573,-0.10,0,26,0,16.1,216.9,249.0,245.3,0.00,1,-7.7,-15.4
36.70,brake,350.12,-0.12,0.472,1,3640.9,-2373.7,0.0,0.0,100.99,-147.92,286,257,-1,38.2,12.8,57.8,16.7,0.08,0.20,1.00,0.00,0.00,0.00,-56.33,170.01,87,-1,0,13,-4.9,0.37,0.476,0.586,-0.19,0,26,0,17.3,218.5,248.6,244.4,0.00,1,-7.7,-15.4
36.80,brake,350.08,-0.08,0.473,1,3661.2,-2403.2,0.0,0.0,101.78,-147.30,284,251,-1,32.2,6.8,56.7,19.6,0.23,0.21,1.00,0.00,0.00,0.00,-61.55,168.15,87,-1,0,13,14.9,0.15,0.474,0.652,-0.31,0,26,0,18.1,220.5,249.0,245.0,0.00,1,-18.1,-26.6
36.90,brake,350.01,-0.01,0.477,1,3661.2,-2403.2,0.0,0.0,101.78,-147.30,283,251,-1,26.2,0.8,55.0,23.5,0.39,0.19,1.00,0.00,0.00,0.00,-64.83,166.90,87,-1,0,11,14.9,-0.07,0.477,0.713,-0.50,0,26,0,18.7,222.6,249.8,246.5,0.00,1,-18.1,-26.6
37.00,brake,349.92,0.08,0.478,1,3671.3,-2418.0,0.0,0.0,101.95,-147.30,283,251,-1,20.2,-5.2,52.5,27.4,0.54,0.13,1.00,0.00,0.00,0.00,-66.56,166.32,87,-1,0,10,23.4,-0.28,0.480,0.749,-0.69,0,26,0,19.2,224.2,250.3,248.2,0.00,1,-25.0,-26.7
37.10,brake,349.83,0.17,0.471,1,3681.5,-2432.7,0.0,0.0,101.95,-147.30,282,251,-1,14.2,-11.2,48.9,30.5,0.64,0.02,1.00,0.00,0.00,0.00,-67.74,165.84,87,-1,0,8,29.9,-0.44,0.476,0.741,-0.90,0,26,0,19.8,225.0,250.2,249.8,0.00,1,-32.7,-21.9
37.20,brake,349.75,0.25,0.550,1,3701.9,-2462.2,0.0,0.0,101.51,-147.66,281,249,-1,8.2,-17.2,43.9,32.1,0.67,-0.12,1.00,0.00,0.00,0.00,-70.46,164.81,87,-1,0,7,36.0,-0.54,0.560,0.878,-1.07,0,26,0,20.2,224.5,249.4,250.8,0.00,1,-45.8,3.5
37.30,brake,349.70,0.30,0.550,1,3701.9,-2462.2,0.0,0.0,101.51,-147.66,280,249,-1,2.2,-21.8,37.8,31.7,0.60,-0.26,1.00,0.00,0.00,0.00,-74.62,162.91,87,-1,0,6,36.0,-0.59,0.562,0.906,-1.19,0,26,0,20.3,222.1,247.8,251.5,0.00,1,-45.8,3.5
37.40,brake,349.72,0.28,0.550,1,3722.1,-2491.8,0.0,0.0,100.28,-148.62,278,249,-1,-3.8,-24.4,30.9,29.2,0.41,-0.34,0.98,0.00,0.00,0.00,-80.51,160.15,87,-1,0,6,33.4,-0.60,0.562,0.860,-1.13,0,26,0,19.4,217.6,245.4,252.3,0.00,1,-42.7,45.4
37.50,brake,349.83,0.17,0.550,1,3722.1,-2491.8,0.0,0.0,100.28,-148.62,275,249,-1,-9.8,-27.7,24.5,24.6,0.09,-0.34,0.76,0.00,0.00,0.00,-87.57,156.45,87,-1,0,4,33.4,-0.58,0.562,0.734,-0.78,0,26,0,17.7,211.1,242.2,253.5,0.00,1,-42.7,45.4
37.60,brake,350.03,-0.03,0.550,1,3741.9,-2521.6,0.0,0.0,98.53,-148.80,273,254,-1,-15.8,-31.2,19.5,18.2,-0.24,-0.21,0.53,0.00,0.00,0.00,-92.79,153.10,87,-1,0,3,25.4,-0.55,0.560,0.740,-0.25,0,26,0,15.2,203.0,237.3,255.1,0.00,1,-21.8,80.9
37.70,brake,350.31,-0.31,0.550,1,3751.7,-2536.5,0.0,0.0,97.82,-148.27,270,254,-1,-21.8,-34.3,16.4,10.4,-0.53,0.02,0.31,0.00,0.00,0.00,-98.13,149.06,87,-1,0,1,18.2,-0.49,0.558,0.778,0.49,0,26,0,12.8,194.1,227.8,257.0,0.00,1,-10.2,87.6
37.80,brake,350.66,-0.66,0.550,1,3751.7,-2536.5,0.0,0.0,97.82,-148.27,268,254,-1,-27.8,-36.8,15.2,2.1,-0.69,0.29,0.18,0.00,0.00,0.00,-103.39,144.45,87,-1,0,-1,18.2,-0.38,0.555,0.950,1.47,0,26,0,11.1,185.1,204.6,258.6,0.00,1,-10.2,87.6
37.90,brake,351.07,-1.07,0.550,1,3761.4,-2551.2,0.0,0.0,97.29,-147.30,266,254,-1,-31.4,-38.4,15.0,-5.9,-0.71,0.47,0.20,0.00,0.00,0.00,-108.46,139.29,87,-1,1,-1,8.8,-0.20,0.551,1.000,2.60,0,26,0,10.4,176.9,163.5,259.2,0.00,1,-3.2,84.3
38.00,brake,351.55,-1.55,0.550,1,3780.8,-2580.3,0.0,0.0,97.03,-143.88,264,258,-1,-30.0,-39.2,14.7,-12.7,-0.57,0.44,0.30,0.00,0.00,0.00,-111.82,134.81,87,-1,0,-1,-7.8,-0.01,0.550,0.956,3.66,0,26,0,10.7,170.0,137.1,259.1,0.00,1,-13.4,53.0
38.10,brake,352.07,-2.07,0.550,1,3780.8,-2580.3,0.0,0.0,97.03,-143.88,262,258,-1,-29.6,-39.4,13.1,-17.6,-0.34,0.27,0.38,0.00,0.00,0.00,-115.05,129.92,87,-1,0,-1,-7.8,0.14,0.551,0.793,4.52,0,26,0,11.5,164.9,127.0,258.6,0.00,1,-13.4,53.0
38.20,brake,352.65,-2.65,0.550,1,3790.6,-2594.5,0.0,0.0,97.03,-141.59,261,258,-1,-30.2,-39.1,9.7,-20.2,-0.05,0.02,0.40,0.00,0.00,0.00,-117.47,125.15,87,-1,0,-1,-12.3,0.24,0.552,0.580,5.20,0,26,0,12.0,161.7,122.8,258.4,0.00,1,-27.4,31.1
38.30,brake,353.27,-3.27,0.550,1,3810.0,-2622.2,0.0,0.0,96.94,-136.93,260,258,-1,-31.3,-38.4,4.7,-20.8,0.23,-0.20,0.37,0.00,0.00,0.00,-118.88,121.20,87,-1,0,-1,-15.9,0.29,0.553,0.723,5.80,0,26,0,12.1,160.1,120.7,258.5,0.00,1,-51.6,-4.1
38.40,brake,353.93,-3.93,0.550,1,3810.0,-2622.2,0.0,0.0,96.94,-136.93,260,257,-1,-32.7,-37.5,-1.2,-20.1,0.41,-0.35,0.34,0.00,0.00,0.00,-119.52,117.75,87,-1,0,-1,-15.9,0.30,0.553,0.858,6.41,0,26,0,11.8,159.6,119.3,258.9,0.00,1,-51.6,-4.1
38.50,brake,354.66,-4.66,0.550,1,3829.2,-2649.1,0.0,0.0,95.71,-132.63,260,257,-1,-33.9,-36.5,-7.3,-19.1,0.47,-0.41,0.34,0.00,0.00,0.00,-119.05,115.38,87,-1,0,-2,-12.1,0.27,0.552,0.901,7.22,0,26,0,11.1,159.6,117.9,259.5,0.00,1,-53.4,-7.8
38.60,brake,355.46,-5.46,0.550,1,3838.7,-2662.2,0.0,0.0,94.39,-130.78,260,257,-1,-34.8,-35.7,-12.8,-18.7,0.38,-0.37,0.40,0.00,0.00,0.00,-117.43,113.84,87,-1,0,-2,-7.8,0.20,0.551,0.850,8.11,0,26,0,10.4,159.2,115.7,260.1,0.00,1,-45.6,2.9
38.70,brake,356.35,-6.35,0.550,1,3848.0,-2675.2,0.0,0.0,92.81,-129.11,260,257,-1,-35.3,-35.2,-17.4,-19.5,0.19,-0.27,0.51,0.00,0.00,0.00,-114.92,113.17,87,-1,0,-3,-2.7,0.10,0.550,0.733,9.01,0,26,0,9.4,157.9,112.2,260.9,0.00,1,-34.4,17.0
38.80,brake,357.33,-7.33,0.550,1,3848.0,-2675.2,0.0,0.0,92.81,-129.11,262,261,-1,-35.4,-35.1,-20.8,-21.9,-0.04,-0.13,0.63,0.00,0.00,0.00,-110.63,114.22,87,-1,0,-4,-2.7,-0.03,0.550,0.618,9.88,0,26,0,8.4,155.4,107.8,261.9,0.00,1,-34.4,17.0
38.90,brake,358.40,-8.40,0.550,1,3866.1,-2700.5,0.0,0.0,89.30,-125.42,263,261,-1,-35.2,-35.4,-23.0,-25.6,-0.23,0.01,0.75,0.00,0.00,0.00,-105.79,115.40,87,-1,0,-5,7.1,-0.16,0.551,0.645,10.63,0,26,0,7.3,151.9,103.5,263.1,0.00,1,-11.3,38.4
39.00,brake,359.54,-9.54,0.550,1,3874.9,-2712.9,0.0,0.0,87.63,-123.31,265,261,-1,-34.6,-35.9,-24.4,-30.0,-0.35,0.12,0.87,0.00,0.00,0.00,-100.60,116.55,87,-1,0,-6,9.8,-0.27,0.552,0.742,11.26,0,26,0,6.3,148.0,99.9,264.3,0.00,1,-3.6,40.4
39.10,brake,360.72,-10.72,0.550,1,3883.6,-2725.1,0.0,0.0,86.13,-120.94,266,261,-1,-34.0,-36.5,-25.0,-34.3,-0.39,0.20,0.99,0.00,0.00,0.00,-95.24,117.53,87,-1,0,-7,10.5,-0.35,0.554,0.788,11.83,0,26,0,5.4,144.0,97.4,265.3,0.00,1,-0.3,35.6
39.20,brake,361.95,-11.95,0.550,1,3883.6,-2725.1,0.0,0.0,86.13,-120.94,269,264,-1,-33.3,-37.0,-25.4,-38.0,-0.34,0.22,1.00,0.00,0.00,0.00,-88.61,119.13,87,-1,0,-8,10.5,-0.38,0.555,0.779,12.27,0,26,0,4.5,140.7,95.5,266.2,0.00,1,-0.3,35.6
39.30,brake,363.21,-13.21,0.550,1,3892.1,-2737.0,0.0,0.0,84.81,-118.30,271,264,-1,-32.8,-37.4,-25.9,-40.5,-0.23,0.20,1.00,0.00,0.00,0.00,-82.36,120.03,87,-1,0,-9,8.6,-0.36,0.554,0.725,12.62,0,26,0,3.7,138.5,94.1,267.1,0.00,1,-1.8,25.8
39.40,brake,364.48,-14.48,0.450,1,3908.8,-2759.9,0.0,0.0,82.62,-112.85,273,264,-1,-32.6,-37.6,-26.9,-41.9,-0.08,0.14,1.00,0.00,0.00,0.00,-76.57,120.48,87,-1,0,-10,-1.1,-0.29,0.452,0.541,12.88,0,26,0,2.6,137.4,92.9,267.9,0.00,1,-13.9,1.5
39.50,brake,365.78,-15.78,0.350,1,3917.0,-2771.0,0.0,0.0,81.65,-110.21,276,264,-1,-32.7,-37.5,-28.6,-42.1,0.06,0.06,1.00,0.00,0.00,0.00,-71.22,120.37,87,-1,0,-11,-6.8,-0.20,0.351,0.400,13.08,0,26,0,1.4,137.5,91.6,268.9,0.00,1,-21.1,-7.4
39.60,brake,367.07,-17.07,0.250,1,3925.1,-2781.9,0.0,0.0,80.60,-108.02,278,269,-1,-33.1,-37.2,-31.1,-41.6,0.15,-0.03,1.00,0.00,0.00,0.00,-64.88,120.85,87,-1,0,-12,-11.5,-0.10,0.250,0.324,13.20,0,26,0,0.2,138.4,90.2,269.9,0.00,1,-26.4,-11.4
39.70,brake,368.33,-18.33,0.250,1,3925.1,-2781.9,0.0,0.0,80.60,-108.02,281,269,-1,-33.7,-36.7,-34.1,-40.9,0.18,-0.12,1.00,0.00,0.00,0.00,-58.90,121.22,87,-1,0,-13,-11.5,-0.03,0.250,0.371,13.10,0,26,0,359.0,139.5,88.9,270.8,0.00,1,-26.4,-11.4
39.80,brake,369.54,-19.54,0.250,1,3933.0,-2792.5,0.0,0.0,79.45,-106.17,283,269,-1,-34.4,-36.1,-37.4,-40.2,0.17,-0.18,1.00,0.00,0.00,0.00,-53.20,121.47,87,-1,0,-14,-14.6,0.02,0.250,0.393,12.73,0,26,0,358.2,140.6,87.8,271.6,0.00,1,-28.6,-11.0
39.90,brake,370.69,-20.69,0.250,1,3948.7,-2813.4,0.0,0.0,77.34,-103.18,285,269,-1,-35.1,-35.4,-40.7,-39.8,0.14,-0.23,1.00,0.00,0.00,0.00,-47.90,121.62,87,-1,0,-14,-17.3,0.04,0.250,0.397,12.15,0,26,0,357.7,141.4,87.1,272.2,0.00,1,-25.4,-4.1
40.00,brake,371.76,-21.76,0.250,1,3956.3,-2823.6,0.0,0.0,76.11,-101.60,288,272,-1,-35.9,-34.6,-43.8,-39.6,0.10,-0.25,1.00,0.00,0.00,0.00,-42.26,121.83,87,-1,0,-15,-17.5,0.05,0.250,0.392,11.55,0,26,0,357.5,141.8,86.8,272.5,0.00,1,-21.6,-0.2
40.10,brake,372.78,-22.78,0.250,1,3956.3,-2823.6,0.0,0.0,76.11,-101.60,290,272,-1,-36.7,-33.7,-46.6,-39.7,0.08,-0.25,1.00,0.00,0.00,0.00,-36.95,121.45,87,-1,0,-15,-17.5,0.06,0.250,0.381,10.91,0,26,0,357.6,141.9,87.0,272.4,0.00,1,-21.6,-0.2
40.20,brake,373.73,-23.73,0.250,1,3963.8,-2833.6,0.0,0.0,74.88,-100.20,292,272,-1,-37.4,-32.8,-48.9,-39.8,0.06,-0.23,1.00,0.00,0.00,0.00,-32.06,120.91,87,-1,0,-14,-17.1,0.06,0.250,0.367,10.24,0,26,0,358.1,141.5,87.6,272.0,0.00,1,-16.6,3.2
40.30,brake,374.62,-24.62,0.250,1,3978.5,-2853.3,0.0,0.0,72.42,-97.38,294,272,-1,-38.0,-31.9,-50.7,-39.9,0.06,-0.19,1.00,0.00,0.00,0.00,-27.67,120.08,87,-1,0,-13,-15.6,0.06,0.250,0.349,9.53,0,26,0,358.9,140.9,88.7,271.1,0.00,1,-5.5,8.2
40.40,brake,375.45,-25.45,0.250,1,3978.5,-2853.3,0.0,0.0,72.42,-97.38,295,269,-1,-38.7,-31.0,-52.0,-39.9,0.06,-0.15,1.00,0.00,0.00,0.00,-24.27,118.91,87,-1,0,-12,-15.6,0.07,0.250,0.332,8.81,0,26,0,0.1,140.1,90.1,269.9,0.00,1,-5.5,8.2
40.50,brake,376.22,-26.22,0.250,1,3992.7,-2872.4,0.0,0.0,69.96,-94.57,296,269,-1,-39.2,-30.0,-52.7,-39.7,0.06,-0.09,1.00,0.00,0.00,0.00,-21.34,117.58,87,-1,0,-10,-14.4,0.09,0.250,0.313,8.09,0,26,0,1.7,139.0,92.0,268.1,0.00,1,4.9,11.4
40.60,brake,376.93,-26.93,0.250,1,3999.6,-2881.8,0.0,0.0,68.82,-93.16,297,269,-1,-39.8,-29.0,-53.0,-39.3,0.07,-0.05,1.00,0.00,0.00,0.00,-18.90,116.11,87,-1,0,-8,-14.0,0.12,0.250,0.295,7.38,0,26,0,3.7,137.8,94.1,266.0,0.00,1,8.6,12.9
40.70,brake,377.58,-27.58,0.250,1,3999.6,-2881.8,0.0,0.0,68.82,-93.16,298,269,-1,-40.2,-28.0,-53.0,-39.0,0.06,-0.01,1.00,0.00,0.00,0.00,-17.01,114.57,87,-1,0,-6,-14.0,0.16,0.250,0.279,6.65,0,26,0,6.1,136.5,96.4,263.6,0.00,1,8.6,12.9
40.80,brake,378.16,-28.16,0.250,1,4013.1,-2900.1,0.0,0.0,66.53,-90.18,298,260,-1,-40.7,-27.0,-52.8,-38.6,0.05,0.02,1.00,0.00,0.00,0.00,-17.05,112.73,87,-1,0,-3,-12.7,0.21,0.251,0.280,5.94,0,26,0,8.7,135.0,98.7,261.1,0.00,1,12.7,15.7
40.90,brake,378.68,-28.68,0.250,1,4019.6,-2909.0,0.0,0.0,65.48,-88.77,298,260,-1,-41.1,-26.0,-52.5,-38.4,0.04,0.04,1.00,0.00,0.00,0.00,-17.20,110.74,87,-1,0,-1,-11.6,0.24,0.251,0.279,5.29,0,26,0,11.5,133.4,100.9,258.6,0.00,1,13.2,17.2
41.00,brake,379.25,-29.25,0.250,1,4026.1,-2917.8,0.0,0.0,64.51,-87.28,297,260,-1,-41.5,-25.0,-52.2,-38.4,0.01,0.04,1.00,0.00,0.00,0.00,-17.32,108.94,87,-1,0,2,-10.4,0.27,0.251,0.270,4.67,0,26,0,14.4,131.7,102.9,256.1,0.00,1,12.8,18.2
41.10,brake,379.54,-29.54,0.250,1,4026.1,-2917.8,0.0,0.0,64.51,-87.28,297,260,-1,-41.8,-24.1,-51.9,-38.7,-0.02,0.04,1.00,0.00,0.00,0.00,-17.44,107.12,87,-1,0,4,-10.4,0.29,0.251,0.275,4.05,0,26,0,17.4,129.8,104.6,253.9,0.00,1,12.8,18.2
41.20,brake,379.95,-29.95,0.250,1,4032.5,-2926.4,0.0,0.0,63.54,-85.78,296,249,-1,-42.1,-23.3,-51.8,-39.2,-0.06,0.03,1.00,0.00,0.00,0.00,-19.73,104.91,87,-1,0,6,-8.6,0.29,0.251,0.288,3.45,0,26,0,20.2,127.9,106.0,252.0,0.00,1,12.2,19.2
41.30,brake,380.16,-30.16,0.250,1,4045.0,-2943.2,0.0,0.0,61.79,-82.79,295,249,-1,-42.3,-22.7,-51.6,-40.0,-0.09,0.03,1.00,0.00,0.00,0.00,-21.43,102.89,87,-1,0,8,-4.3,0.28,0.251,0.299,2.85,0,26,0,23.0,126.0,107.1,250.3,0.00,1,10.4,18.9
41.40,brake,380.37,-30.37,0.250,1,4051.1,-2951.3,0.0,0.0,61.08,-81.39,294,249,-1,-42.4,-22.2,-51.5,-41.0,-0.12,0.02,1.00,0.00,0.00,0.00,-22.64,100.79,87,-1,0,9,-1.9,0.26,0.251,0.310,2.26,0,26,0,25.6,124.2,108.0,249.0,0.00,1,9.7,17.8
41.50,brake,380.54,-30.54,0.250,1,4057.2,-2959.3,0.0,0.0,60.21,-79.80,294,249,-1,-42.5,-22.0,-51.3,-42.0,-0.15,0.03,1.00,0.00,0.00,0.00,-23.46,99.02,87,-1,0,10,0.7,0.24,0.251,0.323,1.67,0,26,0,27.9,122.6,108.7,248.0,0.00,1,9.1,15.6
41.60,brake,380.64,-30.64,0.250,1,4063.1,-2967.2,0.0,0.0,59.68,-78.22,292,239,-1,-42.5,-21.9,-51.1,-43.1,-0.16,0.04,1.00,0.00,0.00,0.00,-26.22,96.47,87,-1,0,11,3.1,0.20,0.251,0.334,1.09,0,26,0,29.9,121.3,109.2,247.3,0.00,1,8.3,12.9
41.70,brake,380.69,-30.69,0.250,1,4063.1,-2967.2,0.0,0.0,59.68,-78.22,290,239,-1,-42.4,-22.1,-50.7,-44.0,-0.17,0.06,1.00,0.00,0.00,0.00,-28.65,94.12,87,-1,0,11,3.1,0.16,0.250,0.344,0.48,0,26,0,31.4,120.3,109.6,246.9,0.00,1,8.3,12.9
41.80,brake,380.67,-30.67,0.250,1,4074.9,-2982.5,0.0,0.0,58.27,-75.23,289,239,-1,-42.3,-22.5,-50.2,-44.8,-0.18,0.08,1.00,0.00,0.00,0.00,-30.39,91.95,87,-1,0,11,8.2,0.11,0.250,0.351,-0.12,0,26,0,32.3,119.7,109.8,246.9,0.00,1,5.7,5.4
41.90,brake,380.61,-30.61,0.250,1,4080.7,-2989.9,0.0,0.0,57.74,-73.65,288,239,-1,-42.1,-23.1,-49.5,-45.5,-0.17,0.10,1.00,0.00,0.00,0.00,-31.88,89.66,87,-1,0,11,10.2,0.05,0.250,0.357,-0.71,0,26,0,32.4,119.6,109.9,247.2,0.00,1,3.9,1.0
42.00,brake,380.48,-30.48,0.250,1,4086.4,-2997.1,0.0,0.0,57.22,-72.07,287,237,-1,-41.9,-23.8,-48.7,-45.9,-0.16,0.11,1.00,0.00,0.00,0.00,-33.94,87.22,87,-1,0,10,11.9,-0.00,0.250,0.358,-1.28,0,26,0,31.8,120.0,109.7,247.8,0.00,1,1.9,-3.5
42.10,brake,380.30,-30.30,0.250,1,4092.1,-3004.2,0.0,0.0,56.60,-70.66,286,237,-1,-41.6,-24.7,-47.7,-46.0,-0.14,0.13,1.00,0.00,0.00,0.00,-35.85,84.75,87,-1,0,9,13.1,-0.06,0.250,0.357,-1.85,0,26,0,30.4,120.8,109.2,248.8,0.00,1,-0.4,-8.0
42.20,brake,380.07,-30.07,0.250,1,4092.1,-3004.2,0.0,0.0,56.60,-70.66,284,237,-1,-41.3,-25.7,-46.7,-45.8,-0.11,0.14,1.00,0.00,0.00,0.00,-37.59,82.37,87,-1,0,8,13.1,-0.10,0.250,0.350,-2.39,0,26,0,28.3,122.0,108.6,250.0,0.00,1,-0.4,-8.0
42.30,brake,379.78,-29.78,0.250,1,4097.7,-3011.2,0.0,0.0,56.01,-69.08,283,237,-1,-40.9,-26.7,-45.8,-45.4,-0.08,0.14,1.00,0.00,0.00,0.00,-39.34,79.76,87,-1,0,6,13.8,-0.15,0.250,0.340,-2.94,0,26,0,25.6,123.6,107.6,251.6,0.00,1,-3.1,-12.2
42.40,brake,379.44,-29.44,0.250,1,4108.8,-3024.7,0.0,0.0,54.84,-66.45,283,247,-1,-40.4,-27.7,-45.0,-44.8,-0.05,0.13,1.00,0.00,0.00,0.00,-38.72,78.53,87,-1,0,4,13.7,-0.19,0.251,0.324,-3.48,0,26,0,22.4,125.4,106.4,253.4,0.00,1,-10.2,-19.0
42.50,brake,379.04,-29.04,0.250,1,4114.2,-3031.2,0.0,0.0,54.32,-65.04,283,247,-1,-39.9,-28.6,-44.5,-44.1,-0.03,0.10,1.00,0.00,0.00,0.00,-38.15,77.25,87,-1,0,2,12.7,-0.23,0.251,0.302,-3.99,0,26,0,18.9,127.5,104.7,255.6,0.00,1,-14.2,-21.2
42.60,brake,378.58,-28.58,0.250,1,4114.2,-3031.2,0.0,0.0,54.32,-65.04,283,247,-1,-39.5,-29.5,-44.3,-43.3,-0.01,0.06,1.00,0.00,0.00,0.00,-37.99,75.75,87,-1,0,-0,12.7,-0.25,0.251,0.277,-4.46,0,26,0,15.1,129.6,102.6,258.0,0.00,1,-14.2,-21.2
42.70,brake,378.07,-28.07,0.250,1,4119.6,-3037.6,0.0,0.0,53.61,-63.63,283,247,-1,-39.0,-30.3,-44.6,-42.4,0.01,0.01,1.00,0.00,0.00,0.00,-37.74,74.16,87,-1,0,-3,11.1,-0.27,0.251,0.257,-4.94,0,26,0,11.4,131.9,100.3,260.5,0.00,1,-17.7,-22.9
42.80,brake,377.50,-27.50,0.250,1,4130.2,-3050.0,0.0,0.0,52.21,-61.17,285,261,-1,-38.7,-31.0,-45.3,-41.5,0.02,-0.05,1.00,0.00,0.00,0.00,-34.92,73.99,87,-1,0,-5,6.2,-0.28,0.251,0.283,-5.39,0,26,0,8.0,134.2,97.8,263.0,0.00,1,-22.8,-24.4
42.90,brake,376.88,-26.88,0.250,1,4130.2,-3050.0,0.0,0.0,52.21,-61.17,287,261,-1,-38.4,-31.4,-46.3,-40.6,0.04,-0.11,1.00,0.00,0.00,0.00,-32.55,73.54,87,-1,0,-8,6.2,-0.28,0.251,0.310,-5.84,0,26,0,4.9,136.6,95.2,265.4,0.00,1,-22.8,-24.4
43.00,brake,376.20,-26.20,0.250,1,4135.3,-3056.1,0.0,0.0,51.50,-59.94,288,261,-1,-38.2,-31.7,-47.5,-39.6,0.05,-0.16,1.00,0.00,0.00,0.00,-30.58,72.87,87,-1,0,-10,3.4,-0.26,0.251,0.335,-6.34,0,26,0,2.4,138.9,92.7,267.7,0.00,1,-23.4,-24.3
43.10,brake,375.47,-25.47,0.250,1,4145.4,-3067.8,0.0,0.0,49.57,-57.66,289,261,-1,-38.1,-31.8,-48.8,-38.4,0.07,-0.19,1.00,0.00,0.00,0.00,-28.60,72.00,87,-1,0,-12,-2.8,-0.24,0.251,0.356,-6.82,0,26,0,0.5,141.2,90.7,269.5,0.00,1,-20.2,-22.7
43.20,brake,374.70,-24.70,0.250,1,4150.3,-3073.4,0.0,0.0,48.52,-56.51,291,270,-1,-38.1,-31.8,-50.0,-37.0,0.10,-0.20,1.00,0.00,0.00,0.00,-26.13,71.41,87,-1,0,-13,-6.1,-0.20,0.251,0.372,-7.30,0,26,0,359.4,143.4,89.2,270.7,0.00,1,-16.6,-21.3
43.30,brake,373.87,-23.87,0.250,1,4150.3,-3073.4,0.0,0.0,48.52,-56.51,292,270,-1,-38.3,-31.5,-51.0,-35.3,0.13,-0.20,1.00,0.00,0.00,0.00,-24.06,70.49,87,-1,0,-13,-6.1,-0.14,0.250,0.383,-7.78,0,26,0,359.0,145.5,88.5,271.2,0.00,1,-16.6,-21.3
43.40,brake,373.00,-23.00,0.292,1,4155.0,-3079.0,0.0,0.0,47.46,-55.46,293,270,-1,-38.6,-31.1,-51.7,-33.2,0.16,-0.18,1.00,0.00,0.00,0.00,-22.53,69.43,87,-1,0,-13,-8.9,-0.08,0.292,0.430,-8.29,0,26,0,359.2,147.4,88.8,270.9,0.00,1,-12.2,-19.4
43.50,brake,372.07,-22.07,0.334,1,4164.2,-3089.8,0.0,0.0,45.18,-53.44,293,270,-1,-39.0,-30.5,-52.1,-30.8,0.20,-0.14,1.00,0.00,0.00,0.00,-21.53,68.19,87,-1,0,-12,-13.7,-0.01,0.334,0.470,-8.83,0,26,0,0.1,149.1,90.2,269.9,0.00,1,-1.9,-13.9
43.60,brake,370.87,-20.87,0.374,1,4168.7,-3095.1,0.0,0.0,44.12,-52.47,293,268,-1,-39.4,-29.7,-52.1,-28.2,0.22,-0.10,1.00,0.00,0.00,0.00,-21.03,66.74,87,-1,0,-10,-15.9,0.07,0.375,0.503,-9.32,0,26,0,1.5,150.4,92.6,268.1,0.00,1,3.3,-9.2
43.70,brake,370.12,-20.12,0.397,1,4168.7,-3095.1,0.0,0.0,44.12,-52.47,292,268,-1,-39.9,-28.7,-51.8,-25.5,0.23,-0.05,1.00,0.00,0.00,0.00,-21.07,65.24,87,-1,0,-8,-15.9,0.17,0.398,0.510,-9.70,0,26,0,3.4,151.1,96.1,265.5,0.00,1,3.3,-9.2
43.80,brake,369.12,-19.12,0.422,1,4177.1,-3105.3,0.0,0.0,40.96,-50.36,291,268,-1,-40.4,-27.6,-51.2,-23.1,0.23,0.00,1.00,0.00,0.00,0.00,-21.05,63.44,87,-1,0,-5,-18.3,0.26,0.424,0.515,-9.98,0,26,0,5.6,151.2,100.2,262.5,0.00,1,11.4,4.1
43.90,brake,368.11,-18.11,0.445,1,4177.1,-3105.3,0.0,0.0,40.96,-50.36,290,268,-1,-41.0,-26.4,-50.4,-21.3,0.20,0.04,1.00,0.00,0.00,0.00,-20.81,61.49,87,-1,0,-1,-18.3,0.34,0.448,0.540,-10.13,0,26,0,8.1,150.7,104.3,259.2,0.00,1,11.4,4.1
44.00,brake,367.11,-17.11,0.465,1,4185.0,-3115.1,0.0,0.0,38.14,-48.16,289,258,-1,-41.5,-25.1,-49.6,-20.2,0.14,0.05,1.00,0.00,0.00,0.00,-21.84,59.32,87,-1,0,2,-16.8,0.40,0.470,0.548,-10.16,0,26,0,10.8,149.3,107.9,256.0,0.00,1,13.5,19.4
44.10,brake,366.12,-16.12,0.484,1,4185.0,-3115.1,0.0,0.0,38.14,-48.16,287,258,-1,-41.9,-23.8,-48.9,-20.2,0.07,0.05,1.00,0.00,0.00,0.00,-22.54,57.15,87,-1,0,5,-16.8,0.43,0.490,0.537,-10.09,0,26,0,13.5,147.3,110.5,253.1,0.00,1,13.5,19.4
44.20,brake,365.16,-15.16,0.502,1,4188.7,-3119.9,0.0,0.0,36.74,-46.93,286,258,-1,-41.8,-22.5,-48.4,-21.3,-0.03,0.02,1.00,0.00,0.00,0.00,-22.82,55.06,87,-1,0,7,-13.7,0.42,0.508,0.530,-9.90,0,26,0,16.0,144.5,111.9,250.7,0.00,1,12.7,26.9
44.30,brake,364.23,-14.23,0.521,1,4192.3,-3124.5,0.0,0.0,35.33,-45.53,285,258,-1,-40.6,-20.8,-48.3,-23.6,-0.15,-0.04,1.00,0.00,0.00,0.00,-22.63,53.00,87,-1,0,9,-9.1,0.36,0.526,0.602,-9.61,0,26,0,18.2,141.1,112.2,249.2,0.00,1,10.7,33.0
44.40,brake,363.34,-13.34,0.544,1,4199.0,-3133.2,0.0,0.0,32.52,-42.45,283,249,-1,-39.2,-19.6,-48.3,-26.9,-0.27,-0.09,1.00,0.00,0.00,0.00,-22.89,50.73,87,-1,0,9,4.4,0.25,0.546,0.690,-9.26,0,26,0,20.0,137.5,111.7,248.5,0.00,1,8.2,38.0
44.50,brake,362.48,-12.48,0.570,1,4202.1,-3137.3,0.0,0.0,31.46,-40.52,283,249,-1,-37.5,-18.7,-48.4,-30.8,-0.37,-0.11,1.00,0.00,0.00,0.00,-22.52,48.50,87,-1,0,9,11.9,0.10,0.570,0.762,-8.92,0,26,0,21.3,134.0,110.6,248.7,0.00,1,9.7,34.9
44.60,brake,361.66,-11.66,0.595,1,4202.1,-3137.3,0.0,0.0,31.46,-40.52,282,249,-1,-35.7,-18.3,-48.0,-34.7,-0.43,-0.08,1.00,0.00,0.00,0.00,-22.05,46.32,87,-1,0,8,11.9,-0.07,0.595,0.800,-8.58,0,26,0,22.1,131.2,109.6,249.5,0.00,1,9.7,34.9
44.70,brake,360.88,-10.88,0.614,1,4208.2,-3144.9,0.0,0.0,29.53,-36.12,283,249,-1,-33.7,-18.2,-46.9,-37.8,-0.43,-0.00,1.00,0.00,0.00,0.00,-21.37,44.08,87,-1,0,7,23.2,-0.22,0.616,0.789,-8.28,0,26,0,22.6,129.3,108.8,250.5,0.00,1,16.4,15.3
44.80,brake,360.13,-10.13,0.622,1,4208.2,-3144.9,0.0,0.0,29.53,-36.12,282,247,-1,-31.6,-18.1,-44.7,-39.6,-0.36,0.11,1.00,0.00,0.00,0.00,-21.25,41.54,87,-1,0,6,23.2,-0.34,0.626,0.816,-8.07,0,26,0,22.5,128.9,108.5,251.6,0.00,1,16.4,15.3
44.90,brake,359.41,-9.41,0.615,1,4211.1,-3148.3,0.0,0.0,28.83,-33.66,281,247,-1,-29.3,-18.0,-41.4,-39.8,-0.23,0.23,1.00,0.00,0.00,0.00,-21.59,38.71,87,-1,0,5,25.7,-0.41,0.621,0.805,-7.90,0,26,0,21.7,130.2,108.6,252.5,0.00,1,18.9,-0.1
45.00,brake,358.39,-8.39,0.603,1,4216.7,-3154.4,0.0,0.0,27.77,-28.92,280,247,-1,-27.2,-18.0,-37.6,-38.2,-0.06,0.31,1.00,0.00,0.00,0.00,-22.40,35.75,87,-1,0,4,23.8,-0.43,0.609,0.756,-7.66,0,26,0,20.2,133.1,109.0,253.4,0.00,1,15.0,-32.3
45.10,brake,358.07,-8.07,0.564,1,4216.7,-3154.4,0.0,0.0,27.77,-28.92,278,247,-1,-25.2,-17.8,-33.9,-35.2,0.13,0.31,1.00,0.00,0.00,0.00,-23.40,32.56,87,-1,0,3,23.8,-0.41,0.570,0.746,-7.25,0,26,0,18.0,137.2,109.4,254.6,0.00,1,15.0,-32.3
45.20,brake,357.46,-7.46,0.550,1,4222.2,-3159.7,0.0,0.0,26.72,-24.87,277,254,-1,-23.3,-17.4,-31.3,-31.3,0.29,0.21,1.00,0.00,0.00,0.00,-23.93,29.81,87,-1,0,2,13.2,-0.35,0.554,0.751,-6.63,0,26,0,15.5,142.2,109.7,256.1,0.00,1,-4.2,-49.3
45.30,brake,356.89,-6.89,0.550,1,4222.2,-3159.7,0.0,0.0,26.72,-24.87,276,254,-1,-21.7,-17.0,-30.3,-27.1,0.37,0.02,0.93,0.00,0.00,0.00,-24.09,27.43,87,-1,0,0,13.2,-0.26,0.552,0.707,-5.89,0,26,0,13.1,147.1,109.7,257.6,0.00,1,-4.2,-49.3
45.40,brake,356.38,-6.38,0.550,1,4227.4,-3164.3,0.0,0.0,25.31,-22.24,274,254,-1,-20.5,-16.5,-30.9,-23.1,0.38,-0.21,0.88,0.00,0.00,0.00,-24.32,25.32,87,-1,0,-1,-1.2,-0.14,0.551,0.785,-5.06,0,26,0,11.1,151.5,109.8,258.8,0.00,1,-22.3,-40.2
45.50,brake,355.92,-5.92,0.550,1,4229.8,-3166.5,0.0,0.0,24.08,-21.27,273,254,-1,-19.6,-15.8,-32.7,-19.6,0.33,-0.41,0.88,0.00,0.00,0.00,-24.07,23.58,87,-1,0,-2,-7.8,-0.01,0.550,0.847,-4.19,0,26,0,9.9,154.9,110.4,259.5,0.00,1,-24.6,-29.3
45.60,brake,355.55,-5.55,0.550,1,4229.8,-3166.5,0.0,0.0,24.08,-21.27,273,259,-1,-18.7,-14.9,-34.9,-16.9,0.25,-0.53,0.91,0.00,0.00,0.00,-23.03,22.40,87,-1,0,-1,-7.8,0.13,0.551,0.863,-3.33,0,26,0,9.6,157.1,111.8,259.4,0.00,1,-24.6,-29.3
45.70,brake,355.25,-5.25,0.550,1,4234.3,-3170.5,0.0,0.0,21.27,-19.78,272,259,-1,-18.2,-14.0,-36.7,-15.1,0.17,-0.52,0.95,0.00,0.00,0.00,-22.15,21.42,87,-1,0,-1,-13.3,0.23,0.552,0.826,-2.59,0,26,0,10.1,158.1,113.8,258.5,0.00,1,-8.8,-4.8
45.80,brake,355.04,-5.04,0.550,1,4236.3,-3172.4,0.0,0.0,19.69,-18.90,272,259,-1,-17.4,-12.8,-37.4,-14.0,0.08,-0.40,0.96,0.00,0.00,0.00,-20.56,20.51,87,-1,0,1,-12.4,0.28,0.553,0.743,-2.02,0,26,0,11.2,158.2,116.2,257.0,0.00,1,6.7,5.9
45.90,brake,354.91,-4.91,0.550,1,4236.3,-3172.4,0.0,0.0,19.69,-18.90,272,259,-1,-16.6,-11.7,-36.5,-13.8,-0.02,-0.18,0.93,0.00,0.00,0.00,-19.14,19.45,87,-1,0,3,-12.4,0.30,0.553,0.633,-1.55,0,26,0,12.8,157.5,118.8,255.3,0.00,1,6.7,5.9
46.00,brake,354.87,-4.87,0.550,1,4238.1,-3174.3,0.0,0.0,17.75,-18.11,271,254,-1,-15.7,-10.6,-34.0,-14.4,-0.12,0.08,0.86,0.00,0.00,0.00,-17.59,18.27,87,-1,0,4,-9.7,0.28,0.553,0.631,-1.08,0,26,0,15.0,156.3,121.5,253.4,0.00,1,24.1,14.9
46.10,brake,354.91,-4.91,0.550,1,4241.3,-3177.6,0.0,0.0,14.94,-16.17,269,254,-1,-14.8,-9.7,-30.2,-15.7,-0.22,0.31,0.76,0.00,0.00,0.00,-16.51,16.98,87,-1,0,6,-2.5,0.25,0.552,0.763,-0.56,0,26,0,17.6,155.1,124.3,251.5,0.00,1,48.2,23.7
46.20,brake,355.06,-5.06,0.550,1,4242.7,-3179.2,0.0,0.0,13.89,-14.94,268,254,-1,-13.9,-8.9,-25.6,-17.3,-0.30,0.46,0.66,0.00,0.00,0.00,-15.40,15.73,87,-1,0,8,1.9,0.21,0.551,0.856,0.10,0,26,0,20.2,154.0,127.0,249.8,0.00,1,49.6,22.0
46.30,brake,355.21,-5.21,0.550,1,4244.1,-3180.6,0.0,0.0,13.36,-13.80,267,254,-1,-12.9,-8.1,-20.9,-18.8,-0.35,0.51,0.57,0.00,0.00,0.00,-14.60,14.25,87,-1,0,9,6.9,0.15,0.551,0.893,0.89,0,26,0,22.3,153.5,129.5,248.5,0.00,1,43.5,15.6
46.40,brake,355.45,-5.45,0.550,1,4244.1,-3180.6,0.0,0.0,13.36,-13.80,265,246,-1,-12.1,-7.7,-16.7,-20.0,-0.32,0.47,0.51,0.00,0.00,0.00,-14.58,12.50,87,-1,0,10,6.9,0.06,0.550,0.865,1.74,0,26,0,23.4,153.7,131.3,247.9,0.00,1,43.5,15.6
46.50,brake,355.77,-5.77,0.550,1,4246.8,-3183.0,0.0,0.0,13.54,-11.51,262,246,-1,-11.3,-7.5,-13.6,-20.3,-0.22,0.35,0.46,0.00,0.00,0.00,-14.93,10.76,87,-1,0,10,16.8,-0.05,0.550,0.779,2.64,0,26,0,23.2,154.7,132.2,248.2,0.00,1,15.0,-6.5
46.60,brake,356.15,-6.15,0.550,1,4248.2,-3184.1,0.0,0.0,13.71,-10.37,260,246,-1,-10.6,-7.4,-11.8,-19.6,-0.07,0.18,0.42,0.00,0.00,0.00,-15.30,9.04,87,-1,0,8,19.6,-0.17,0.551,0.650,3.54,0,26,0,21.7,156.3,132.2,249.6,0.00,1,-1.7,-18.3
46.70,brake,356.60,-6.60,0.550,1,4248.2,-3184.1,0.0,0.0,13.71,-10.37,258,246,-1,-9.8,-7.4,-11.6,-17.9,0.09,-0.04,0.37,0.00,0.00,0.00,-15.52,7.40,87,-1,0,6,19.6,-0.27,0.552,0.604,4.39,0,26,0,19.2,158.5,131.5,251.7,0.00,1,-1.7,-18.3
46.80,brake,357.13,-7.13,0.550,1,4249.6,-3185.1,0.0,0.0,14.06,-9.40,258,253,-1,-9.2,-7.4,-12.8,-15.4,0.23,-0.25,0.32,0.00,0.00,0.00,-15.71,6.27,87,-1,0,4,20.2,-0.33,0.554,0.747,5.26,0,26,0,16.3,161.1,130.5,254.2,0.00,1,-16.5,-28.0
46.90,brake,357.72,-7.72,0.450,1,4252.4,-3186.8,0.0,0.0,13.71,-7.82,258,253,-1,-8.5,-7.4,-15.0,-12.6,0.31,-0.43,0.31,0.00,0.00,0.00,-15.56,5.33,87,-1,0,1,14.4,-0.34,0.453,0.747,6.17,0,26,0,13.5,163.9,129.7,256.6,0.00,1,-29.7,-33.3
47.00,brake,358.41,-8.41,0.350,1,4253.7,-3187.5,0.0,0.0,13.18,-7.29,257,253,-1,-7.8,-7.2,-17.5,-9.9,0.31,-0.52,0.33,0.00,0.00,0.00,-15.09,4.65,87,-1,0,-1,9.5,-0.30,0.352,0.684,7.18,0,26,0,11.2,166.6,129.9,258.5,0.00,1,-25.2,-28.6
47.10,brake,359.18,-9.18,0.250,1,4253.7,-3187.5,0.0,0.0,13.18,-7.29,257,253,-1,-7.3,-7.0,-19.5,-7.6,0.27,-0.49,0.36,0.00,0.00,0.00,-14.47,4.19,87,-1,1,-2,9.5,-0.23,0.251,0.502,8.05,0,26,0,9.8,168.9,131.5,259.8,0.00,1,-25.2,-28.6
47.20,brake,359.99,-9.99,0.250,1,4254.9,-3188.2,0.0,0.0,12.30,-6.94,258,260,-1,-6.8,-6.7,-20.5,-5.9,0.21,-0.37,0.37,0.00,0.00,0.00,-13.48,4.23,87,-1,0,-3,5.4,-0.16,0.250,0.482,8.42,0,26,0,9.1,170.7,134.5,260.4,0.00,1,-14.7,-21.4
47.30,brake,360.81,-10.81,0.250,1,4256.1,-3188.9,0.0,0.0,11.60,-6.68,259,260,-1,-6.4,-6.4,-20.6,-4.5,0.17,-0.24,0.37,0.00,0.00,0.00,-12.69,4.26,87,-1,0,-3,2.3,-0.10,0.250,0.411,8.45,0,26,0,8.9,172.2,138.6,260.6,0.00,1,-3.9,-15.5
47.40,brake,361.62,-11.62,0.250,1,4258.3,-3190.2,0.0,0.0,10.20,-6.50,259,260,-1,-6.1,-6.1,-19.8,-3.5,0.13,-0.09,0.34,0.00,0.00,0.00,-11.93,4.32,87,-1,0,-3,-1.4,-0.06,0.250,0.338,8.16,0,26,0,9.0,173.2,143.1,260.5,0.00,1,14.6,-6.0
47.50,brake,362.40,-12.40,0.250,1,4259.3,-3190.8,0.0,0.0,9.67,-6.33,259,260,-1,-5.9,-5.9,-18.2,-3.0,0.08,0.05,0.28,0.00,0.00,0.00,-11.22,4.52,87,-1,0,-2,-3.0,-0.02,0.250,0.300,7.84,0,26,0,9.3,174.0,147.3,260.2,0.00,1,21.6,-1.5
47.60,brake,363.16,-13.16,0.250,1,4259.3,-3190.8,0.0,0.0,9.67,-6.33,260,259,-1,-5.7,-5.6,-15.9,-2.8,0.02,0.17,0.20,0.00,0.00,0.00,-10.66,4.47,87,-1,0,-2,-3.0,0.02,0.250,0.325,7.51,0,26,0,9.9,174.4,150.6,259.8,0.00,1,21.6,-1.5
47.70,brake,363.89,-13.89,0.250,1,4260.2,-3191.4,0.0,0.0,9.32,-6.33,260,259,-1,-5.6,-5.5,-13.4,-2.9,-0.02,0.23,0.12,0.00,0.00,0.00,-10.31,4.54,87,-1,0,-1,-4.5,0.06,0.250,0.350,7.16,0,26,0,10.6,174.6,153.0,259.1,0.00,1,25.0,2.2
47.80,brake,364.59,-14.59,0.250,1,4262.0,-3192.7,0.0,0.0,8.79,-6.15,260,259,-1,-5.4,-5.2,-11.0,-3.2,-0.06,0.23,0.05,0.00,0.00,0.00,-9.75,4.47,87,-1,0,-1,-6.5,0.10,0.250,0.365,6.82,0,26,0,11.4,174.5,154.7,258.4,0.00,1,21.8,5.1
47.90,brake,365.25,-15.25,0.250,1,4262.8,-3193.3,0.0,0.0,8.44,-5.98,260,259,-1,-5.5,-5.2,-9.0,-3.6,-0.07,0.20,0.00,0.00,0.00,0.00,-9.75,4.48,87,-1,0,0,-6.7,0.13,0.250,0.360,6.55,0,26,0,12.3,174.5,156.0,257.6,0.00,1,17.6,4.9
48.00,brake,365.89,-15.89,0.250,1,4263.7,-3193.9,0.0,0.0,8.44,-5.80,259,256,-1,-5.4,-4.9,-7.4,-3.9,-0.07,0.15,0.00,0.00,0.00,0.00,-9.41,4.29,87,-1,0,1,-6.4,0.15,0.250,0.341,6.33,0,26,0,13.1,174.3,156.9,256.8,0.00,1,12.8,4.2
48.10,brake,366.51,-16.51,0.250,1,4263.7,-3193.9,0.0,0.0,8.44,-5.80,259,256,-1,-5.3,-4.8,-6.3,-4.3,-0.07,0.09,0.00,0.00,0.00,0.00,-9.41,4.05,87,-1,0,2,-6.4,0.16,0.250,0.315,6.12,0,26,0,13.8,174.2,157.6,256.1,0.00,1,12.8,4.2
48.20,brake,367.10,-17.10,0.250,1,4265.3,-3195.0,0.0,0.0,8.09,-5.63,258,256,-1,-5.3,-4.7,-5.7,-4.5,-0.06,0.02,0.00,0.00,0.00,0.00,-9.41,3.90,87,-1,0,2,-4.4,0.16,0.250,0.283,5.93,0,26,0,14.4,174.1,158.1,255.6,0.00,1,4.0,1.1
48.30,brake,367.67,-17.67,0.250,1,4266.1,-3195.5,0.0,0.0,8.09,-5.45,258,256,-1,-5.2,-4.5,-5.4,-4.5,-0.03,-0.02,0.00,0.00,0.00,0.00,-9.07,3.83,87,-1,0,3,-3.2,0.14,0.250,0.273,5.74,0,26,0,14.9,174.1,158.8,255.1,0.00,1,1.6,-0.5
48.40,brake,368.21,-18.21,0.250,1,4266.9,-3196.1,0.0,0.0,8.09,-5.27,258,254,-1,-5.1,-4.4,-5.3,-4.4,-0.01,-0.05,0.00,0.00,0.00,0.00,-9.07,3.57,87,-1,0,3,-1.8,0.13,0.250,0.278,5.48,0,26,0,15.2,174.2,159.5,254.8,0.00,1,0.3,-1.7
48.50,brake,368.73,-18.73,0.250,1,4266.9,-3196.1,0.0,0.0,8.09,-5.27,257,254,-1,-5.1,-4.3,-5.3,-4.2,0.00,-0.07,0.00,0.00,0.00,0.00,-9.06,3.32,87,-1,0,3,-1.8,0.10,0.250,0.277,5.27,0,26,0,15.3,174.4,160.3,254.7,0.00,1,0.3,-1.7
48.60,brake,369.23,-19.23,0.250,1,4267.7,-3196.6,0.0,0.0,8.09,-5.10,257,254,-1,-5.0,-4.3,-5.2,-3.8,0.02,-0.06,0.00,0.00,0.00,0.00,-9.05,3.08,87,-1,0,3,-0.6,0.08,0.250,0.283,5.07,0,26,0,15.3,174.7,161.4,254.7,0.00,1,0.2,-2.8
48.70,brake,369.71,-19.71,0.250,1,4269.3,-3197.6,0.0,0.0,7.73,-4.75,256,254,-1,-4.8,-4.1,-5.1,-3.5,0.03,-0.05,0.00,0.00,0.00,0.00,-8.68,2.94,87,-1,0,3,1.8,0.05,0.250,0.282,4.89,0,26,0,15.3,175.1,162.6,254.7,0.00,1,2.1,-3.6
48.80,brake,370.18,-20.18,0.250,1,4270.0,-3198.0,0.0,0.0,7.38,-4.75,256,254,-1,-4.7,-4.1,-4.9,-3.2,0.03,-0.03,0.00,0.00,0.00,0.00,-8.66,2.72,87,-1,0,3,2.8,0.02,0.250,0.273,4.76,0,26,0,15.1,175.5,163.8,254.9,0.00,1,3.3,-3.1
48.90,brake,370.63,-20.63,0.250,1,4270.0,-3198.0,0.0,0.0,7.38,-4.75,256,254,-1,-4.6,-4.0,-4.5,-2.9,0.02,-0.01,0.00,0.00,0.00,0.00,-8.33,2.77,87,-1,0,3,2.8,-0.00,0.250,0.262,4.60,0,26,0,14.8,175.9,164.9,255.2,0.00,1,3.3,-3.1
49.00,land,371.07,-21.07,0.000,1,4271.5,-3199.0,-28.3,-70.0,7.21,-4.57,255,254,-1,-10.6,2.0,-4.0,-2.7,-0.05,0.07,0.00,0.00,0.00,0.00,-8.30,2.57,87,-1,1,0,4.3,-0.07,0.000,0.000,4.40,0,26,0,14.4,176.2,165.7,255.6,0.00,0,5.0,-1.5
49.10,land,371.46,-21.46,0.000,1,4272.2,-3199.4,-29.0,-69.5,7.03,-4.39,255,254,-1,-16.6,8.0,-3.5,-2.6,-0.11,0.14,0.00,0.00,0.00,0.00,-8.13,2.58,87,-1,1,0,4.5,-0.08,0.000,0.000,4.18,0,26,0,14.4,176.2,165.7,255.6,0.00,0,4.9,-1.4
49.20,land,371.80,-21.80,0.048,1,4272.9,-3199.8,-29.7,-69.1,7.03,-4.39,255,255,-1,-20.0,14.0,-3.0,-2.5,-0.17,0.18,0.00,0.00,0.00,0.00,-7.92,2.46,87,-1,1,0,4.6,-0.09,0.048,0.096,3.48,0,26,0,13.6,176.8,167.0,256.4,0.00,0,4.6,-1.5
49.30,land,372.10,-22.10,0.060,1,4273.6,-3200.3,-30.4,-68.7,7.03,-4.22,255,255,-1,-20.0,20.0,-2.5,-2.3,-0.22,0.17,0.00,0.00,0.00,0.00,-7.92,2.47,87,-1,1,0,4.4,-0.09,0.060,0.120,3.12,0,26,0,13.6,176.8,167.0,256.4,0.00,0,4.3,-1.5
49.40,land,372.33,-22.33,0.083,1,4273.6,-3200.3,-31.1,-68.2,7.03,-4.22,255,255,-1,-20.0,20.0,-2.1,-2.2,-0.22,0.17,0.00,0.00,0.00,0.00,-7.87,2.30,87,-1,1,0,4.4,-0.09,0.083,0.167,2.55,0,26,0,13.6,176.8,167.0,256.4,0.00,0,4.3,-1.5
49.50,land,372.49,-22.49,0.118,1,4275.0,-3201.1,-31.8,-67.8,7.03,-4.13,255,255,-1,-20.0,20.0,-1.7,-2.1,-0.22,0.17,0.00,0.00,0.00,0.00,-7.87,2.30,87,-1,1,0,4.1,-0.09,0.118,0.236,1.78,0,26,0,13.6,176.8,167.0,256.4,0.00,0,3.0,-2.2
49.60,land,372.55,-22.55,0.159,1,4275.7,-3201.5,-32.5,-67.4,6.68,-4.04,256,257,-1,-20.0,20.0,-1.4,-1.8,-0.21,0.16,0.00,0.00,0.00,0.00,-7.84,2.25,87,-1,0,-0,3.6,-0.09,0.159,0.305,0.92,0,26,0,11.9,177.9,170.0,258.1,0.00,0,1.4,-4.5
49.70,land,372.54,-22.54,0.199,1,4275.7,-3201.5,-33.2,-67.0,6.68,-4.04,256,257,-1,-20.0,20.0,-1.3,-1.3,-0.16,0.13,0.00,0.00,0.00,0.00,-7.47,2.29,87,-1,0,-0,3.6,-0.08,0.199,0.317,0.12,0,26,0,11.9,177.9,170.0,258.1,0.00,0,1.4,-4.5
49.80,land,372.46,-22.46,0.232,1,4277.0,-3202.3,-33.9,-66.6,6.68,-3.87,256,257,-1,-20.0,20.0,-1.5,-0.4,-0.10,0.09,0.00,0.00,0.00,0.00,-7.46,2.31,87,-1,0,-1,2.2,-0.07,0.233,0.308,-0.53,0,26,0,11.9,177.9,170.0,258.1,0.00,0,-4.4,-12.4
49.90,land,372.32,-22.32,0.260,1,4277.7,-3202.7,-34.5,-66.2,6.68,-3.87,256,257,-1,-20.0,20.0,-2.1,1.0,-0.02,0.04,0.00,0.00,0.00,0.00,-7.41,2.16,87,-1,0,-1,1.4,-0.06,0.260,0.285,-1.04,0,26,0,11.9,177.9,170.0,258.1,0.00,0,-7.7,-16.6
50.00,land,372.13,-22.13,0.283,1,4277.7,-3202.7,-35.2,-65.8,6.68,-3.87,256,258,-1,-20.0,20.0,-2.9,2.7,0.05,-0.02,0.00,0.00,0.00,0.00,-7.40,2.19,87,-1,0,-1,1.4,-0.05,0.283,0.311,-1.44,0,26,0,11.0,182.1,190.8,259.0,0.00,0,-7.7,-16.6
50.10,land,371.92,-21.92,0.300,1,4279.0,-3203.4,-35.9,-65.5,6.68,-3.69,257,258,-1,-20.0,20.0,-4.1,4.7,0.11,-0.08,0.00,0.00,0.00,0.00,-7.35,2.04,87,-1,0,-1,-0.4,-0.04,0.300,0.377,-1.71,0,26,0,11.0,182.1,190.8,259.0,0.00,0,-13.9,-21.4
50.20,land,371.68,-21.68,0.311,1,4279.7,-3203.8,-36.5,-65.1,6.68,-3.69,257,258,-1,-20.0,20.0,-5.6,6.9,0.15,-0.12,0.00,0.00,0.00,0.00,-7.35,2.06,87,-1,0,-1,-1.5,-0.02,0.311,0.421,-1.86,0,26,0,11.0,182.1,190.8,259.0,0.00,0,-14.4,-21.7
50.30,land,371.44,-21.44,0.318,1,4279.7,-3203.8,-37.2,-64.7,6.68,-3.69,257,258,-1,-20.0,20.0,-7.0,9.1,0.17,-0.13,0.05,0.00,0.00,0.00,-7.35,2.06,87,-1,0,-1,-1.5,0.00,0.318,0.437,-1.92,0,26,0,11.0,182.1,190.8,259.0,0.00,0,-14.4,-21.7
50.40,land,371.20,-21.20,0.319,1,4280.9,-3204.6,-37.8,-64.3,5.98,-4.04,256,257,-1,-20.0,20.0,-8.3,11.1,0.15,-0.11,0.12,0.00,0.00,0.00,-7.06,2.28,87,-1,0,-1,-3.1,0.03,0.319,0.424,-1.86,0,26,0,12.2,189.4,217.3,257.8,0.00,0,-10.5,-17.0
50.50,land,370.98,-20.98,0.318,1,4280.9,-3204.6,-38.4,-63.9,5.98,-4.04,256,257,-1,-20.0,20.0,-9.2,12.8,0.12,-0.07,0.19,0.00,0.00,0.00,-6.77,2.50,87,-1,0,-1,-3.1,0.05,0.318,0.392,-1.77,0,26,0,12.2,189.4,217.3,257.8,0.00,0,-10.5,-17.0
50.60,land,370.78,-20.78,0.318,1,4282.1,-3205.4,-39.0,-63.5,5.27,-4.57,256,257,-1,-20.0,20.0,-9.8,14.0,0.06,-0.03,0.23,0.00,0.00,0.00,-6.50,2.81,87,-1,0,-1,-3.6,0.06,0.318,0.354,-1.70,0,26,0,12.2,189.4,217.3,257.8,0.00,0,-4.7,-8.5
50.70,land,370.60,-20.60,0.316,1,4282.6,-3205.9,-39.6,-63.1,4.92,-4.83,256,257,-1,-20.0,20.0,-10.2,14.8,0.01,0.01,0.26,0.00,0.00,0.00,-6.24,3.12,87,-1,0,-0,-3.6,0.07,0.316,0.324,-1.59,0,26,0,12.2,189.4,217.3,257.8,0.00,0,-2.8,-5.1
50.80,land,370.44,-20.44,0.316,1,4282.6,-3205.9,-40.1,-62.6,4.92,-4.83,255,255,-1,-20.0,20.0,-10.4,15.4,-0.03,0.04,0.28,0.00,0.00,0.00,-6.00,3.41,87,-1,0,0,-3.6,0.08,0.316,0.344,-1.53,0,26,0,14.1,192.9,222.2,256.0,0.00,0,-2.8,-5.1
50.90,land,370.28,-20.28,0.317,1,4283.0,-3206.4,-40.5,-62.1,4.57,-5.10,255,255,-1,-20.0,20.0,-10.4,15.7,-0.06,0.05,0.29,0.00,0.00,0.00,-5.76,3.70,87,-1,0,1,-3.3,0.08,0.317,0.360,-1.49,0,26,0,14.1,192.9,222.2,256.0,0.00,0,-1.6,-3.0
51.00,land,370.09,-20.09,0.318,1,4283.9,-3207.5,-41.0,-61.6,3.87,-5.63,254,255,-1,-20.0,20.0,-10.5,16.0,-0.06,0.05,0.29,0.00,0.00,0.00,-5.52,4.01,87,-1,0,1,-2.2,0.08,0.318,0.364,-1.46,0,26,0,14.1,192.9,222.2,256.0,0.00,0,-2.0,-2.2
51.10,land,369.99,-19.99,0.317,1,4283.9,-3207.5,-41.4,-61.0,3.87,-5.63,254,255,-1,-20.0,20.0,-10.7,16.2,-0.06,0.04,0.31,0.00,0.00,0.00,-5.28,4.32,87,-1,0,2,-2.2,0.08,0.317,0.357,-1.38,0,26,0,14.1,192.9,222.2,256.0,0.00,0,-2.0,-2.2
51.20,land,369.81,-19.81,0.315,1,4284.2,-3208.1,-41.7,-60.4,3.52,-5.80,253,254,-1,-20.0,20.0,-11.0,16.6,-0.05,0.02,0.32,0.00,0.00,0.00,-5.03,4.55,87,-1,0,2,-1.5,0.07,0.315,0.344,-1.30,0,26,0,15.3,193.7,221.7,254.8,0.00,0,-2.9,-2.8
51.30,land,369.72,-19.72,0.313,1,4284.5,-3208.7,-42.0,-59.8,3.16,-5.98,253,254,-1,-20.0,20.0,-11.4,17.0,-0.03,0.00,0.34,0.00,0.00,0.00,-4.79,4.78,87,-1,0,3,-0.6,0.06,0.313,0.328,-1.21,0,26,0,15.3,193.7,221.7,254.8,0.00,0,-3.8,-3.6
51.40,land,369.59,-19.59,0.311,1,4285.1,-3209.9,-42.3,-59.2,2.46,-6.50,252,254,-1,-20.0,20.0,-12.0,17.5,-0.02,-0.02,0.36,0.00,0.00,0.00,-4.57,5.10,87,-1,0,3,1.2,0.06,0.311,0.326,-1.13,0,26,0,15.3,193.7,221.7,254.8,0.00,0,-5.7,-5.3
51.50,land,369.46,-19.46,0.311,1,4285.1,-3209.9,-42.6,-58.6,2.46,-6.50,252,254,-1,-20.0,20.0,-12.6,18.1,-0.00,-0.04,0.39,0.00,0.00,0.00,-4.35,5.42,87,-1,0,3,1.2,0.04,0.311,0.327,-1.08,0,26,0,15.3,193.7,221.7,254.8,0.00,0,-5.7,-5.3
51.60,land,369.34,-19.34,0.313,1,4285.5,-3211.3,-42.8,-57.9,1.93,-6.86,252,253,-1,-20.0,20.0,-13.4,18.6,0.01,-0.05,0.41,0.00,0.00,0.00,-4.28,5.61,87,-1,0,4,2.9,0.04,0.313,0.336,-1.07,0,26,0,15.6,195.2,224.2,254.5,0.00,0,-6.1,-6.2
51.70,land,369.21,-19.21,0.315,1,4285.5,-3211.3,-43.0,-57.2,1.93,-6.86,251,253,-1,-20.0,20.0,-14.1,19.2,0.02,-0.06,0.44,0.00,0.00,0.00,-4.05,5.86,87,-1,0,4,2.9,0.03,0.315,0.346,-1.08,0,26,0,15.6,195.2,224.2,254.5,0.00,0,-6.1,-6.2
51.80,land,369.09,-19.09,0.317,1,4285.7,-3212.0,-43.2,-56.5,1.41,-7.12,251,253,-1,-20.0,20.0,-14.8,19.8,0.02,-0.06,0.47,0.00,0.00,0.00,-3.68,6.25,87,-1,0,5,3.6,0.02,0.317,0.349,-1.07,0,26,0,15.6,195.2,224.2,254.5,0.00,0,-5.7,-6.2
51.90,land,368.97,-18.97,0.316,1,4285.9,-3213.5,-43.3,-55.8,0.70,-7.65,250,253,-1,-20.0,20.0,-15.4,20.3,0.02,-0.05,0.49,0.00,0.00,0.00,-3.49,6.59,87,-1,0,5,4.3,0.02,0.316,0.343,-1.01,0,26,0,15.6,195.2,224.2,254.5,0.00,0,-2.6,-6.0
52.00,land,368.86,-18.86,0.313,1,4285.9,-3214.3,-43.4,-55.0,0.18,-7.91,250,254,-1,-20.0,19.1,-15.9,20.9,0.03,-0.03,0.51,0.00,0.00,0.00,-3.28,6.94,87,-1,0,5,4.5,0.02,0.313,0.337,-0.91,0,26,0,14.7,197.0,229.4,255.4,0.00,0,-0.8,-5.8
52.10,land,368.77,-18.77,0.312,1,4285.9,-3215.1,-43.4,-54.2,-0.35,-8.26,250,254,-1,-20.0,17.5,-16.1,21.3,0.05,-0.01,0.53,0.00,0.00,0.00,-2.90,7.36,87,-1,0,6,4.6,0.02,0.312,0.335,-0.85,0,26,0,14.7,197.0,229.4,255.4,0.00,0,0.6,-5.1
52.20,land,368.67,-18.67,0.313,1,4285.9,-3215.1,-43.4,-53.4,-0.35,-8.26,249,254,-1,-20.0,15.6,-16.3,21.7,0.06,0.01,0.54,0.00,0.00,0.00,-2.56,7.86,87,-1,0,6,4.6,0.03,0.313,0.340,-0.84,0,26,0,14.7,197.0,229.4,255.4,0.00,0,0.6,-5.1
52.30,land,368.58,-18.58,0.314,1,4285.9,-3215.9,-43.4,-52.6,-0.70,-8.53,249,254,-1,-20.0,14.0,-16.3,21.9,0.07,0.02,0.55,0.00,0.00,0.00,-2.36,8.22,87,-1,0,6,5.0,0.02,0.314,0.349,-0.83,0,26,0,14.7,197.0,229.4,255.4,0.00,0,1.8,-4.2
52.40,land,368.50,-18.50,0.314,1,4285.6,-3217.7,-43.3,-51.7,-1.41,-9.14,249,256,-1,-19.8,12.1,-16.3,22.0,0.07,0.03,0.55,0.00,0.00,0.00,-2.14,8.68,87,-1,0,6,5.4,0.01,0.314,0.352,-0.81,0,26,0,12.7,198.7,236.3,257.5,0.00,0,2.4,-0.8
52.50,land,368.43,-18.43,0.314,1,4285.6,-3217.7,-43.1,-50.8,-1.41,-9.14,249,256,-1,-19.2,10.5,-16.2,21.9,0.06,0.02,0.55,0.00,0.00,0.00,-1.89,9.05,87,-1,0,6,5.4,0.01,0.314,0.348,-0.77,0,26,0,12.7,198.7,236.3,257.5,0.00,0,2.4,-0.8
52.60,land,368.36,-18.36,0.315,1,4285.4,-3218.7,-42.9,-49.8,-1.76,-9.49,250,256,-1,-18.7,8.5,-16.3,21.6,0.06,0.01,0.54,0.00,0.00,0.00,-1.67,9.51,87,-1,0,6,5.4,0.01,0.315,0.345,-0.77,0,26,0,12.7,198.7,236.3,257.5,0.00,0,1.9,0.7
52.70,land,368.29,-18.29,0.317,1,4285.0,-3220.6,-42.7,-48.9,-2.64,-10.20,250,256,-1,-17.7,6.3,-16.3,21.2,0.06,-0.01,0.53,0.00,0.00,0.00,-1.28,10.02,87,-1,0,6,5.4,0.01,0.317,0.345,-0.76,0,26,0,12.7,198.7,236.3,257.5,0.00,0,0.8,4.3
52.80,land,368.24,-18.24,0.317,1,4285.0,-3220.6,-42.5,-47.9,-2.64,-10.20,250,259,-1,-17.2,4.2,-16.4,20.5,0.06,-0.01,0.51,0.00,0.00,0.00,-0.99,10.48,87,-1,0,5,5.4,-0.00,0.317,0.345,-0.74,0,26,0,10.3,197.8,240.6,259.8,0.00,0,0.8,4.3
52.90,land,368.20,-18.20,0.315,1,4284.7,-3221.7,-42.2,-46.8,-2.99,-10.55,251,259,-1,-16.6,2.1,-16.4,19.6,0.04,-0.02,0.49,0.00,0.00,0.00,-0.69,10.94,87,-1,0,5,5.4,-0.01,0.315,0.338,-0.66,0,26,0,10.3,197.8,240.6,259.8,0.00,0,0.7,6.7
53.00,land,368.17,-18.17,0.312,1,4284.3,-3222.8,-41.8,-45.7,-3.52,-10.90,251,259,-1,-15.5,-0.2,-16.4,18.5,0.02,-0.03,0.47,0.00,0.00,0.00,-0.22,11.45,87,-1,0,4,5.4,-0.02,0.312,0.333,-0.59,0,26,0,10.3,197.8,240.6,259.8,0.00,0,0.6,9.0
53.10,land,368.15,-18.15,0.310,1,4283.6,-3225.0,-41.5,-44.6,-4.22,-11.43,251,259,-1,-14.7,-2.1,-16.4,17.2,0.00,-0.03,0.44,0.00,0.00,0.00,0.12,11.81,87,-1,0,4,5.4,-0.03,0.310,0.325,-0.53,0,26,0,10.3,197.8,240.6,259.8,0.00,0,0.9,12.5
53.20,land,368.13,-18.13,0.311,1,4283.1,-3226.2,-41.1,-43.5,-4.39,-11.60,252,261,-1,-13.9,-4.1,-16.4,15.8,-0.00,-0.04,0.41,0.00,0.00,0.00,0.54,12.17,87,-1,0,3,5.1,-0.04,0.311,0.327,-0.52,0,26,0,7.8,193.7,240.5,262.1,0.00,0,1.0,13.1
53.30,land,368.11,-18.11,0.313,1,4283.1,-3226.2,-40.6,-42.3,-4.39,-11.60,253,261,-1,-13.5,-5.7,-16.3,14.4,-0.01,-0.04,0.37,0.00,0.00,0.00,0.81,12.38,87,-1,0,2,5.1,-0.05,0.313,0.332,-0.55,0,26,0,7.8,193.7,240.5,262.1,0.00,0,1.0,13.1
53.40,land,368.09,-18.09,0.315,1,4282.2,-3228.5,-40.2,-41.1,-4.92,-11.95,254,261,-1,-12.5,-7.5,-16.2,12.9,-0.01,-0.04,0.34,0.00,0.00,0.00,1.25,12.64,87,-1,0,2,4.2,-0.06,0.315,0.335,-0.57,0,26,0,7.8,193.7,240.5,262.1,0.00,0,1.4,13.7
53.50,land,368.07,-18.07,0.317,1,4282.2,-3228.5,-39.7,-40.0,-4.92,-11.95,254,261,-1,-11.9,-9.0,-16.0,11.4,-0.00,-0.04,0.31,0.00,0.00,0.00,1.53,12.84,87,-1,0,1,4.2,-0.06,0.317,0.336,-0.58,0,26,0,7.8,193.7,240.5,262.1,0.00,0,1.4,13.7
53.60,land,368.04,-18.04,0.317,1,4281.1,-3231.0,-39.2,-38.8,-5.63,-12.13,255,263,-1,-10.7,-10.5,-15.8,9.9,0.00,-0.04,0.28,0.00,0.00,0.00,2.05,12.98,87,-1,0,0,3.1,-0.07,0.317,0.336,-0.56,0,26,0,5.9,188.3,234.8,264.0,0.00,0,2.9,13.0
53.70,land,368.03,-18.03,0.314,1,4281.1,-3231.0,-38.6,-37.5,-5.63,-12.13,256,263,-1,-9.4,-12.0,-15.5,8.5,0.02,-0.04,0.25,0.00,0.00,0.00,2.57,13.12,87,-1,0,-1,3.1,-0.08,0.314,0.336,-0.48,0,26,0,5.9,188.3,234.8,264.0,0.00,0,2.9,13.0
53.80,land,368.03,-18.03,0.311,1,4279.9,-3233.4,-38.0,-36.3,-6.33,-12.13,257,263,-1,-8.0,-13.1,-15.1,7.2,0.01,-0.03,0.22,0.00,0.00,0.00,3.09,13.16,87,-1,0,-2,1.7,-0.08,0.311,0.331,-0.41,0,26,0,5.9,188.3,234.8,264.0,0.00,0,4.8,13.5
53.90,land,368.03,-18.03,0.308,1,4279.2,-3234.6,-37.4,-35.1,-6.68,-12.13,258,263,-1,-6.6,-14.2,-14.6,5.8,0.01,-0.03,0.19,0.00,0.00,0.00,3.60,13.20,87,-1,0,-2,0.8,-0.08,0.308,0.321,-0.32,0,26,0,5.9,188.3,234.8,264.0,0.00,0,5.5,14.0
54.00,land,368.03,-18.03,0.305,1,4279.2,-3234.6,-36.7,-33.9,-6.68,-12.13,259,264,-1,-5.1,-15.3,-14.0,4.3,-0.00,-0.03,0.15,0.00,0.00,0.00,4.14,13.21,86,-1,0,-3,0.8,-0.08,0.305,0.317,-0.26,0,26,0,4.9,183.1,212.0,264.9,0.00,0,5.5,14.0
54.10,land,368.04,-18.04,0.305,1,4278.6,-3235.8,-36.1,-32.7,-6.68,-12.13,259,264,-1,-4.7,-16.2,-13.4,2.9,-0.01,-0.02,0.12,0.00,0.00,0.00,4.31,13.16,86,-1,0,-4,-0.2,-0.07,0.305,0.315,-0.24,0,26,0,4.9,183.1,212.0,264.9,0.00,0,5.9,14.2
54.20,land,368.05,-18.05,0.304,1,4277.1,-3238.2,-35.4,-31.5,-7.38,-11.95,260,264,-1,-3.2,-17.2,-12.7,1.5,-0.01,-0.02,0.09,0.00,0.00,0.00,4.81,13.17,86,-1,0,-5,-1.9,-0.07,0.304,0.316,-0.21,0,26,0,4.9,183.1,212.0,264.9,0.00,0,6.5,14.3
54.30,land,368.06,-18.06,0.302,1,4276.4,-3239.4,-34.6,-30.3,-7.38,-11.95,261,264,-1,-1.5,-17.7,-12.0,0.1,-0.01,-0.03,0.07,0.00,0.00,0.00,5.33,13.00,86,-1,0,-5,-2.7,-0.07,0.302,0.320,-0.18,0,26,0,4.9,183.1,212.0,264.9,0.00,0,6.9,14.3
54.40,land,368.08,-18.08,0.301,1,4276.4,-3239.4,-33.9,-29.1,-7.38,-11.95,261,263,-1,-1.1,-18.5,-11.3,-1.3,-0.02,-0.02,0.05,0.00,0.00,0.00,5.44,12.95,86,-1,0,-6,-2.7,-0.06,0.301,0.317,-0.14,0,26,0,5.6,177.6,156.9,264.3,0.00,0,6.9,14.3
54.50,land,368.09,-18.09,0.299,1,4275.6,-3240.6,-33.1,-27.9,-7.73,-11.78,262,263,-1,0.5,-18.9,-10.6,-2.6,-0.02,-0.03,0.03,0.00,0.00,0.00,5.91,12.79,86,-1,0,-6,-3.5,-0.05,0.299,0.320,-0.10,0,26,0,5.6,177.6,156.9,264.3,0.00,0,7.2,14.2
54.60,land,368.11,-18.11,0.297,1,4274.1,-3242.9,-32.4,-26.7,-8.09,-11.34,262,263,-1,1.1,-19.1,-9.9,-3.9,-0.02,-0.03,0.02,0.00,0.00,0.00,6.03,12.57,86,-1,0,-6,-5.4,-0.04,0.297,0.318,-0.06,0,26,0,5.6,177.6,156.9,264.3,0.00,0,7.9,13.5
54.70,land,368.13,-18.13,0.295,1,4274.1,-3242.9,-31.6,-25.6,-8.09,-11.34,262,263,-1,2.8,-19.2,-9.2,-5.1,-0.03,-0.03,0.02,0.00,0.00,0.00,6.49,12.32,86,-1,0,-7,-5.4,-0.03,0.295,0.319,-0.02,0,26,0,5.6,177.6,156.9,264.3,0.00,0,7.9,13.5
54.80,land,368.16,-18.16,0.293,1,4273.3,-3244.0,-30.8,-24.5,-8.09,-11.07,262,261,-1,3.2,-19.1,-8.4,-6.3,-0.03,-0.03,0.02,0.00,0.00,0.00,6.51,12.07,86,-1,0,-7,-6.5,-0.01,0.293,0.317,0.02,0,26,0,8.0,172.5,137.1,262.0,0.00,0,8.2,12.9
54.90,land,368.18,-18.18,0.291,1,4271.6,-3246.2,-29.9,-23.4,-8.26,-10.55,262,261,-1,3.7,-19.1,-7.7,-7.4,-0.03,-0.03,0.02,0.00,0.00,0.00,6.54,11.81,86,-1,0,-7,-8.8,0.02,0.291,0.314,0.06,0,26,0,8.0,172.5,137.1,262.0,0.00,0,8.8,11.6
55.00,land,368.22,-18.22,0.289,1,4270.8,-3247.2,-29.1,-22.3,-8.44,-10.28,262,261,-1,4.7,-19.1,-6.9,-8.4,-0.03,-0.03,0.03,0.00,0.00,0.00,6.74,11.58,86,-1,0,-7,-9.7,0.04,0.289,0.313,0.10,0,26,0,8.0,172.5,137.1,262.0,0.00,0,9.2,11.2
55.10,land,368.24,-18.24,0.287,1,4269.9,-3248.2,-28.3,-21.3,-8.44,-9.93,262,261,-1,5.8,-19.0,-6.2,-9.4,-0.03,-0.04,0.04,0.00,0.00,0.00,6.95,11.34,86,-1,0,-7,-10.0,0.06,0.287,0.314,0.14,0,26,0,8.0,172.5,137.1,262.0,0.00,0,9.7,10.5
55.20,land,368.27,-18.27,0.286,1,4269.9,-3248.2,-27.4,-20.3,-8.44,-9.93,261,257,-1,6.1,-18.7,-5.4,-10.3,-0.03,-0.03,0.05,0.00,0.00,0.00,6.86,11.08,86,-1,0,-6,-10.0,0.08,0.286,0.310,0.15,0,26,0,12.4,168.6,137.4,257.8,0.00,0,9.7,10.5
55.30,land,368.29,-18.29,0.287,1,4269.1,-3249.2,-26.6,-19.3,-8.44,-9.67,261,257,-1,6.4,-18.7,-4.5,-11.1,-0.02,-0.02,0.06,0.00,0.00,0.00,6.78,10.90,86,-1,0,-5,-9.8,0.09,0.287,0.303,0.12,0,26,0,12.4,168.6,137.4,257.8,0.00,0,10.5,9.5
55.40,land,368.30,-18.30,0.289,1,4267.4,-3251.0,-25.8,-18.4,-8.44,-8.96,260,257,-1,6.8,-18.4,-3.5,-11.8,-0.02,-0.00,0.08,0.00,0.00,0.00,6.73,10.62,86,-1,0,-5,-8.6,0.09,0.289,0.297,0.08,0,26,0,12.4,168.6,137.4,257.8,0.00,0,12.1,7.4
55.50,land,368.32,-18.32,0.289,1,4267.4,-3251.0,-24.9,-17.5,-8.44,-8.96,260,257,-1,7.3,-18.0,-2.5,-12.5,-0.02,0.01,0.09,0.00,0.00,0.00,6.70,10.33,86,-1,0,-4,-8.6,0.09,0.289,0.302,0.07,0,26,0,12.4,168.6,137.4,257.8,0.00,0,12.1,7.4
55.60,land,368.34,-18.34,0.287,1,4265.8,-3252.7,-24.1,-16.6,-8.09,-8.26,259,252,-1,6.5,-17.5,-1.4,-13.1,-0.02,0.03,0.11,0.00,0.00,0.00,6.21,10.05,86,-1,0,-3,-7.0,0.09,0.288,0.310,0.10,0,26,0,17.1,166.4,141.8,253.4,0.00,0,12.4,6.1
55.70,land,368.36,-18.36,0.286,1,4265.8,-3252.7,-23.3,-15.8,-8.09,-8.26,257,252,-1,6.7,-17.2,-0.4,-13.7,-0.03,0.04,0.12,0.00,0.00,0.00,6.10,9.82,86,-1,0,-2,-7.0,0.10,0.286,0.312,0.13,0,26,0,17.1,166.4,141.8,253.4,0.00,0,12.4,6.1
55.80,land,368.37,-18.37,0.285,1,4264.2,-3254.3,-22.5,-15.0,-7.73,-7.56,257,252,-1,7.1,-16.9,0.7,-14.2,-0.02,0.04,0.14,0.00,0.00,0.00,6.02,9.58,86,-1,0,-1,-5.1,0.10,0.286,0.309,0.13,0,26,0,17.1,166.4,141.8,253.4,0.00,0,10.9,4.1
55.90,land,368.38,-18.38,0.288,1,4263.4,-3255.0,-21.7,-14.2,-7.73,-7.21,256,252,-1,6.4,-16.3,1.6,-14.6,-0.02,0.04,0.16,0.00,0.00,0.00,5.63,9.23,86,-1,0,-0,-4.1,0.10,0.288,0.310,0.08,0,26,0,17.1,166.4,141.8,253.4,0.00,0,9.8,2.9
56.00,land,368.39,-18.39,0.290,1,4262.7,-3255.7,-20.9,-13.5,-7.38,-6.86,254,249,-1,6.7,-16.0,2.5,-14.9,-0.01,0.03,0.17,0.00,0.00,0.00,5.52,9.02,86,-1,0,1,-3.1,0.10,0.290,0.306,0.03,0,26,0,20.3,166.0,145.9,250.2,0.00,0,8.8,1.8
56.10,land,368.38,-18.38,0.293,1,4262.7,-3255.7,-20.2,-12.8,-7.38,-6.86,253,249,-1,6.0,-15.4,3.2,-15.1,0.00,0.03,0.18,0.00,0.00,0.00,5.11,8.68,86,-1,0,2,-3.1,0.10,0.293,0.307,-0.02,0,26,0,20.3,166.0,145.9,250.2,0.00,0,8.8,1.8
56.20,land,368.38,-18.38,0.294,1,4262.0,-3256.4,-19.5,-12.1,-7.03,-6.59,252,249,-1,5.3,-15.0,3.9,-15.2,0.01,0.04,0.19,0.00,0.00,0.00,4.72,8.41,86,-1,0,3,-2.0,0.10,0.294,0.314,-0.04,0,26,0,20.3,166.0,145.9,250.2,0.00,0,7.7,0.8
56.30,land,368.38,-18.38,0.293,1,4261.3,-3257.0,-18.8,-11.5,-6.86,-6.24,252,249,-1,5.2,-14.4,4.6,-15.2,0.01,0.04,0.19,0.00,0.00,0.00,4.54,8.08,86,-1,0,4,-0.8,0.09,0.293,0.314,-0.03,0,26,0,20.3,166.0,145.9,250.2,0.00,0,7.1,0.4
56.40,land,368.37,-18.37,0.292,1,4260.6,-3257.6,-18.1,-10.9,-6.68,-5.98,251,248,-1,5.0,-14.0,5.3,-15.2,0.01,0.05,0.20,0.00,0.00,0.00,4.34,7.84,86,-1,0,5,0.5,0.08,0.292,0.314,-0.01,0,26,0,21.4,166.7,148.9,249.1,0.00,0,6.3,0.1
56.50,land,368.37,-18.37,0.291,1,4259.4,-3258.7,-17.5,-10.3,-5.98,-5.36,250,248,-1,4.4,-13.2,5.9,-15.2,-0.00,0.05,0.21,0.00,0.00,0.00,4.02,7.45,86,-1,0,5,3.0,0.07,0.291,0.313,0.01,0,26,0,21.4,166.7,148.9,249.1,0.00,0,4.9,0.4
56.60,land,368.37,-18.37,0.290,1,4259.4,-3258.7,-16.9,-9.8,-5.98,-5.36,249,248,-1,3.8,-12.6,6.4,-15.3,-0.01,0.06,0.22,0.00,0.00,0.00,3.70,7.13,86,-1,0,6,3.0,0.06,0.290,0.319,0.03,0,26,0,21.4,166.7,148.9,249.1,0.00,0,4.9,0.4
56.70,land,368.38,-18.38,0.289,1,4258.2,-3259.7,-16.3,-9.3,-5.45,-4.83,249,248,-1,3.2,-12.0,6.9,-15.3,-0.02,0.07,0.22,0.00,0.00,0.00,3.39,6.79,86,-1,0,7,5.0,0.05,0.289,0.325,0.05,0,26,0,21.4,166.7,148.9,249.1,0.00,0,3.2,0.8
56.80,land,368.38,-18.38,0.290,1,4258.2,-3259.7,-15.7,-8.8,-5.45,-4.83,248,249,-1,3.1,-11.5,7.4,-15.3,-0.02,0.06,0.23,0.00,0.00,0.00,3.29,6.50,86,-1,0,7,5.0,0.04,0.290,0.323,0.04,0,26,0,20.2,167.2,148.4,250.1,0.00,0,3.2,0.8
56.90,land,368.37,-18.37,0.293,1,4257.2,-3260.6,-15.2,-8.3,-4.92,-4.31,248,249,-1,3.1,-10.9,7.6,-15.3,-0.02,0.05,0.23,0.00,0.00,0.00,3.19,6.21,86,-1,0,7,5.9,0.04,0.293,0.319,-0.02,0,26,0,20.2,167.2,148.4,250.1,0.00,0,0.2,-0.4
57.00,land,368.36,-18.36,0.296,1,4257.2,-3260.6,-14.7,-7.9,-4.92,-4.31,248,249,-1,2.5,-10.2,7.8,-15.2,-0.01,0.03,0.23,0.00,0.00,0.00,2.94,5.84,86,-1,0,8,5.9,0.03,0.296,0.315,-0.08,0,26,0,20.2,167.2,148.4,250.1,0.00,0,0.2,-0.4
57.10,land,368.35,-18.35,0.298,1,4256.8,-3261.0,-14.3,-7.5,-4.57,-4.04,248,249,-1,2.0,-9.4,7.8,-15.0,-0.01,0.02,0.22,0.00,0.00,0.00,2.69,5.48,86,-1,0,8,6.3,0.03,0.298,0.313,-0.11,0,26,0,20.2,167.2,148.4,250.1,0.00,0,-1.1,-0.9
57.20,land,368.34,-18.34,0.297,1,4255.9,-3261.8,-13.8,-7.1,-3.87,-3.52,248,251,-1,1.5,-8.6,7.8,-14.8,-0.02,0.02,0.22,0.00,0.00,0.00,2.48,5.09,86,-1,0,8,7.5,0.01,0.297,0.312,-0.10,0,26,0,17.7,167.6,145.4,252.6,0.00,0,-2.9,-1.2
57.30,land,368.33,-18.33,0.297,1,4255.5,-3262.1,-13.4,-6.7,-3.69,-3.25,248,251,-1,1.0,-7.8,7.6,-14.5,-0.02,0.01,0.21,0.00,0.00,0.00,2.27,4.71,86,-1,0,7,7.9,-0.00,0.297,0.312,-0.09,0,26,0,17.7,167.6,145.4,252.6,0.00,0,-3.6,-1.2
57.40,land,368.32,-18.32,0.296,1,4255.5,-3262.1,-13.0,-6.4,-3.69,-3.25,248,251,-1,1.0,-7.1,7.5,-14.3,-0.03,0.00,0.20,0.00,0.00,0.00,2.22,4.39,86,-1,0,7,7.9,-0.01,0.296,0.309,-0.08,0,26,0,17.7,167.6,145.4,252.6,0.00,0,-3.6,-1.2
57.50,land,368.31,-18.31,0.296,1,4255.2,-3262.4,-12.7,-6.1,-3.52,-2.99,248,251,-1,0.9,-6.4,7.2,-14.1,-0.03,-0.00,0.19,0.00,0.00,0.00,2.17,4.07,86,-1,0,7,8.2,-0.02,0.296,0.309,-0.06,0,26,0,17.7,167.6,145.4,252.6,0.00,0,-4.2,-1.2
57.60,land,368.31,-18.31,0.295,1,4254.9,-3262.7,-12.4,-5.8,-3.16,-2.72,249,255,-1,0.4,-5.5,7.0,-13.8,-0.04,-0.00,0.18,0.00,0.00,0.00,1.98,3.67,86,-1,0,6,8.4,-0.04,0.295,0.312,-0.04,0,26,0,14.1,167.9,139.4,256.1,0.00,0,-4.5,-1.3
57.70,land,368.31,-18.31,0.293,1,4254.3,-3263.2,-12.1,-5.6,-2.81,-2.20,250,255,-1,-0.1,-4.6,6.7,-13.6,-0.05,-0.00,0.17,0.00,0.00,0.00,1.78,3.28,86,-1,0,6,8.1,-0.05,0.293,0.314,-0.01,0,26,0,14.1,167.9,139.4,256.1,0.00,0,-5.0,-1.6
57.80,land,368.31,-18.31,0.292,1,4254.3,-3263.2,-11.8,-5.3,-2.81,-2.20,250,255,-1,0.3,-4.1,6.4,-13.3,-0.05,-0.02,0.16,0.00,0.00,0.00,1.90,3.02,86,-1,0,5,8.1,-0.06,0.292,0.318,0.01,0,26,0,14.1,167.9,139.4,256.1,0.00,0,-5.0,-1.6
57.90,land,368.31,-18.31,0.291,1,4254.0,-3263.4,-11.5,-5.1,-2.46,-1.93,251,255,-1,-0.3,-3.2,6.0,-13.0,-0.05,-0.02,0.14,0.00,0.00,0.00,1.68,2.64,86,-1,0,5,7.8,-0.06,0.291,0.318,0.03,0,26,0,14.1,167.9,139.4,256.1,0.00,0,-5.2,-1.9
58.00,land,368.31,-18.31,0.290,1,4253.6,-3263.7,-11.3,-5.0,-2.11,-1.41,252,258,-1,-0.4,-2.1,5.7,-12.7,-0.05,-0.02,0.13,0.00,0.00,0.00,1.67,2.22,86,-1,0,4,6.4,-0.07,0.290,0.321,0.06,0,26,0,10.5,168.3,132.0,259.6,0.00,0,-4.9,-3.0
58.10,land,368.32,-18.32,0.289,1,4253.4,-3263.8,-11.1,-4.8,-2.11,-1.14,252,258,-1,-0.6,-1.6,5.3,-12.3,-0.05,-0.02,0.11,0.00,0.00,0.00,1.59,1.98,86,-1,0,3,5.6,-0.07,0.290,0.317,0.06,0,26,0,10.5,168.3,132.0,259.6,0.00,0,-4.2,-4.0
58.20,land,368.31,-18.31,0.291,1,4253.4,-3263.8,-10.9,-4.7,-2.11,-1.14,253,258,-1,-0.2,-1.0,5.0,-11.8,-0.03,-0.02,0.09,0.00,0.00,0.00,1.69,1.70,86,-1,0,2,5.6,-0.07,0.292,0.314,0.02,0,26,0,10.5,168.3,132.0,259.6,0.00,0,-4.2,-4.0
58.30,land,368.31,-18.31,0.293,1,4253.0,-3264.0,-10.7,-4.6,-1.76,-0.70,254,258,-1,-0.9,0.0,4.8,-11.2,-0.03,-0.01,0.07,0.00,0.00,0.00,1.44,1.33,86,-1,0,2,3.5,-0.06,0.293,0.306,-0.02,0,26,0,10.5,168.3,132.0,259.6,0.00,0,-2.7,-5.9
58.40,land,368.30,-18.30,0.294,1,4252.8,-3264.0,-10.5,-4.5,-1.76,-0.44,255,261,-1,-0.7,0.4,4.6,-10.6,-0.01,-0.01,0.05,0.00,0.00,0.00,1.51,1.14,86,-1,0,1,2.4,-0.06,0.294,0.303,-0.03,0,26,0,8.3,170.0,129.7,261.8,0.00,0,-2.4,-6.4
58.50,land,368.29,-18.29,0.292,1,4252.8,-3264.0,-10.3,-4.5,-1.76,-0.44,255,261,-1,-0.4,1.1,4.4,-9.9,-0.01,-0.01,0.03,0.00,0.00,0.00,1.59,0.87,86,-1,0,-0,2.4,-0.05,0.292,0.300,0.01,0,26,0,8.3,170.0,129.7,261.8,0.00,0,-2.4,-6.4
58.60,land,368.29,-18.29,0.290,1,4252.6,-3264.0,-10.2,-4.5,-1.41,0.00,256,261,-1,-1.2,2.1,4.1,-9.2,-0.01,-0.01,0.00,0.00,0.00,0.00,1.32,0.51,86,-1,0,-1,0.7,-0.04,0.290,0.295,0.05,0,26,0,8.3,170.0,129.7,261.8,0.00,0,-2.2,-7.2
58.70,land,368.29,-18.29,0.287,1,4252.6,-3264.0,-10.1,-4.5,-1.41,0.00,257,261,-1,-1.0,2.6,3.9,-8.5,0.00,-0.01,0.00,0.00,0.00,0.00,1.37,0.32,86,-1,0,-1,0.7,-0.04,0.287,0.292,0.10,0,26,0,8.3,170.0,129.7,261.8,0.00,0,-2.2,-7.2
58.80,land,368.30,-18.30,0.285,1,4252.4,-3264.0,-9.9,-4.5,-1.41,0.18,257,261,-1,-0.9,3.1,3.7,-7.7,0.00,-0.02,0.00,0.00,0.00,0.00,1.41,0.14,86,-1,0,-2,0.2,-0.04,0.285,0.293,0.14,0,26,0,7.7,172.8,136.7,262.4,0.00,0,-2.2,-7.5
58.90,land,368.31,-18.31,0.282,1,4252.2,-3264.0,-9.8,-4.5,-1.05,0.53,258,261,-1,-1.8,3.8,3.5,-7.0,0.00,-0.01,0.00,0.00,0.00,0.00,1.11,-0.12,86,-1,0,-2,-0.3,-0.05,0.282,0.288,0.19,0,26,0,7.7,172.8,136.7,262.4,0.00,0,-2.3,-7.6
59.00,land,368.33,-18.33,0.279,1,4252.2,-3264.0,-9.7,-4.5,-1.05,0.53,258,261,-1,-1.6,4.4,3.2,-6.2,0.01,-0.01,0.00,0.00,0.00,0.00,1.14,-0.30,86,-1,0,-3,-0.3,-0.05,0.279,0.287,0.25,0,26,0,7.7,172.8,136.7,262.4,0.00,0,-2.3,-7.6
59.10,land,368.35,-18.35,0.275,1,4252.0,-3263.8,-9.6,-4.6,-0.88,0.70,259,261,-1,-1.6,4.4,3.0,-5.4,0.01,-0.02,0.00,0.00,0.00,0.00,1.14,-0.31,86,-1,0,-3,-0.6,-0.06,0.275,0.288,0.30,0,26,0,7.7,172.8,136.7,262.4,0.00,0,-2.5,-7.6
59.20,land,368.38,-18.38,0.272,1,4251.9,-3263.8,-9.5,-4.7,-0.70,0.70,259,261,-1,-2.0,5.0,2.7,-4.7,0.01,-0.02,0.00,0.00,0.00,0.00,1.00,-0.52,86,-1,0,-4,-0.7,-0.06,0.272,0.284,0.36,0,26,0,7.7,175.7,150.8,262.3,0.00,0,-2.3,-7.2
59.30,land,368.40,-18.40,0.270,1,4251.9,-3263.8,-9.4,-4.7,-0.70,0.70,259,261,-1,-2.5,5.1,2.5,-4.0,0.01,-0.01,0.00,0.00,0.00,0.00,0.82,-0.56,86,-1,0,-4,-0.7,-0.07,0.270,0.278,0.39,0,26,0,7.7,175.7,150.8,262.3,0.00,0,-2.3,-7.2
59.40,land,368.43,-18.43,0.270,1,4251.9,-3263.7,-9.4,-4.8,-0.70,0.88,260,261,-1,-2.4,5.7,2.3,-3.3,-0.00,-0.00,0.00,0.00,0.00,0.00,0.85,-0.74,86,-1,0,-4,-0.9,-0.07,0.270,0.271,0.37,0,26,0,7.7,175.7,150.8,262.3,0.00,0,-1.7,-6.6
59.50,land,368.46,-18.46,0.269,1,4251.7,-3263.5,-9.3,-4.9,-0.70,0.88,260,261,-1,-2.3,5.7,2.3,-2.8,-0.01,0.01,0.00,0.00,0.00,0.00,0.85,-0.74,86,-1,0,-4,-1.7,-0.06,0.270,0.276,0.36,0,26,0,7.7,175.7,150.8,262.3,0.00,0,-0.3,-5.6
59.60,land,368.49,-18.49,0.268,1,4251.7,-3263.4,-9.2,-5.0,-0.70,1.05,260,261,-1,-2.3,5.8,2.2,-2.2,-0.01,0.02,0.00,0.00,0.00,0.00,0.84,-0.74,86,-1,0,-5,-1.9,-0.06,0.268,0.277,0.38,0,26,0,8.1,178.1,166.9,261.9,0.00,0,-0.4,-5.7
59.70,land,368.52,-18.52,0.265,1,4251.7,-3263.4,-9.2,-5.1,-0.70,1.05,260,261,-1,-2.2,6.4,2.2,-1.6,-0.00,0.01,0.00,0.00,0.00,0.00,0.87,-0.92,86,-1,0,-5,-1.9,-0.06,0.265,0.271,0.41,0,26,0,8.1,178.1,166.9,261.9,0.00,0,-0.4,-5.7
59.80,land,368.54,-18.54,0.267,1,4251.5,-3263.2,-9.1,-5.2,-0.53,1.05,260,261,-1,-2.1,6.4,2.0,-1.1,0.00,-0.01,0.00,0.00,0.00,0.00,0.87,-0.92,86,-1,0,-5,-2.3,-0.05,0.267,0.270,0.37,0,26,0,8.1,178.1,166.9,261.9,0.00,0,-2.5,-5.8
59.90,land,368.56,-18.56,0.270,1,4251.5,-3263.2,-9.0,-5.3,-0.53,1.05,260,261,-1,-2.6,6.6,1.7,-0.5,0.00,-0.02,0.00,0.00,0.00,0.00,0.70,-0.95,86,-1,0,-5,-2.3,-0.05,0.270,0.281,0.29,0,26,0,8.1,178.1,166.9,261.9,0.00,0,-2.5,-5.8
60.00,land,368.57,-18.57,0.274,1,4251.5,-3263.1,-9.0,-5.4,-0.35,1.05,260,260,-1,-3.1,6.7,1.4,0.1,0.01,-0.02,0.00,0.00,0.00,0.00,0.52,-0.98,86,-1,0,-5,-2.5,-0.05,0.274,0.284,0.21,0,26,0,9.0,180.3,181.9,261.0,0.00,0,-3.0,-5.8
60.10,land,368.57,-18.57,0.278,1,4251.5,-3263.0,-9.0,-5.5,-0.35,1.05,260,260,-1,-3.1,6.8,1.3,0.6,0.01,-0.00,0.00,0.00,0.00,0.00,0.53,-0.98,86,-1,0,-5,-2.7,-0.04,0.278,0.283,0.12,0,26,0,9.0,180.3,181.9,261.0,0.00,0,-1.9,-5.6
60.20,land,368.57,-18.57,0.280,1,4251.4,-3262.9,-8.9,-5.6,-0.35,0.88,260,260,-1,-3.2,6.4,1.2,1.1,0.01,0.01,0.00,0.00,0.00,0.00,0.50,-0.81,86,-1,0,-5,-2.9,-0.04,0.280,0.290,0.07,0,26,0,9.0,180.3,181.9,261.0,0.00,0,-0.9,-5.4
60.30,land,368.57,-18.57,0.279,1,4251.4,-3262.7,-8.9,-5.7,-0.35,0.88,260,260,-1,-3.1,6.4,1.2,1.6,0.01,0.02,0.00,0.00,0.00,0.00,0.50,-0.81,86,-1,0,-5,-3.4,-0.03,0.279,0.290,0.09,0,26,0,9.0,180.3,181.9,261.0,0.00,0,-0.4,-4.8
60.40,land,368.58,-18.58,0.276,1,4251.4,-3262.7,-8.9,-5.8,-0.35,0.88,260,259,-1,-3.1,6.5,1.2,2.1,0.01,0.02,0.00,0.00,0.00,0.00,0.50,-0.80,86,-1,0,-5,-3.4,-0.02,0.276,0.288,0.15,0,26,0,10.3,182.3,192.5,259.7,0.00,0,-0.4,-4.8
60.50,land,368.59,-18.59,0.272,1,4251.3,-3262.6,-8.8,-5.9,-0.35,0.88,260,259,-1,-3.0,6.6,1.1,2.6,0.02,0.02,0.00,0.00,0.00,0.00,0.50,-0.80,86,-1,0,-4,-3.6,-0.02,0.272,0.285,0.22,0,26,0,10.3,182.3,192.5,259.7,0.00,0,-0.4,-4.7
60.60,land,368.62,-18.62,0.270,1,4251.2,-3262.5,-8.8,-6.0,-0.35,0.70,260,259,-1,-3.1,6.1,1.1,3.0,0.02,0.01,0.00,0.00,0.00,0.00,0.47,-0.63,86,-1,0,-4,-3.7,-0.01,0.270,0.281,0.25,0,26,0,10.3,182.3,192.5,259.7,0.00,0,-1.3,-3.8
60.70,land,368.63,-18.63,0.270,1,4251.2,-3262.4,-8.7,-6.0,-0.35,0.70,259,259,-1,-3.0,6.2,0.9,3.3,0.01,0.00,0.00,0.00,0.00,0.00,0.47,-0.63,86,-1,0,-4,-3.6,-0.01,0.270,0.274,0.24,0,26,0,10.3,182.3,192.5,259.7,0.00,0,-1.9,-3.1
60.80,land,368.65,-18.65,0.270,1,4251.2,-3262.4,-8.7,-6.1,-0.35,0.70,259,257,-1,-3.0,6.2,0.8,3.6,0.00,-0.01,0.00,0.00,0.00,0.00,0.48,-0.62,86,-1,0,-4,-3.6,-0.00,0.270,0.275,0.23,0,26,0,11.8,183.8,197.5,258.2,0.00,0,-1.9,-3.1
60.90,land,368.66,-18.66,0.271,1,4251.1,-3262.3,-8.7,-6.2,-0.35,0.53,259,257,-1,-3.0,5.8,0.5,3.8,-0.01,-0.02,0.00,0.00,0.00,0.00,0.45,-0.45,86,-1,0,-3,-3.6,0.00,0.271,0.280,0.19,0,26,0,11.8,183.8,197.5,258.2,0.00,0,-2.1,-1.5
61.00,land,368.67,-18.67,0.275,1,4251.1,-3262.3,-8.6,-6.2,-0.35,0.53,259,257,-1,-3.0,5.8,0.4,3.9,-0.01,-0.01,0.00,0.00,0.00,0.00,0.45,-0.45,86,-1,0,-3,-3.6,0.01,0.275,0.284,0.11,0,26,0,11.8,183.8,197.5,258.2,0.00,0,-2.1,-1.5
61.10,land,368.67,-18.67,0.278,1,4251.1,-3262.2,-8.6,-6.3,-0.35,0.35,258,257,-1,-3.0,5.3,0.3,4.1,-0.00,0.00,0.00,0.00,0.00,0.00,0.42,-0.27,86,-1,0,-3,-3.6,0.01,0.278,0.280,0.05,0,26,0,11.8,183.8,197.5,258.2,0.00,0,-0.8,-2.1
61.20,land,368.67,-18.67,0.278,1,4251.0,-3262.2,-8.6,-6.3,-0.35,0.26,258,256,-1,-3.0,5.4,0.3,4.3,0.01,0.01,0.00,0.00,0.00,0.00,0.42,-0.27,86,-1,0,-3,-3.5,0.02,0.278,0.285,0.05,0,26,0,13.3,184.4,198.0,256.7,0.00,0,-0.6,-2.4
61.30,land,368.67,-18.67,0.277,1,4251.0,-3262.2,-8.5,-6.3,-0.35,0.18,258,256,-1,-3.0,5.2,0.2,4.6,0.01,0.01,0.00,0.00,0.00,0.00,0.40,-0.18,86,-1,0,-2,-3.5,0.03,0.277,0.287,0.06,0,26,0,13.3,184.4,198.0,256.7,0.00,0,-0.7,-2.4
61.40,land,368.68,-18.68,0.274,1,4251.0,-3262.2,-8.5,-6.3,-0.35,0.00,257,256,-1,-3.0,5.0,0.2,4.8,0.02,0.01,0.00,0.00,0.00,0.00,0.38,-0.09,86,-1,0,-2,-3.5,0.03,0.274,0.284,0.12,0,26,0,13.3,184.4,198.0,256.7,0.00,0,-0.8,-2.3
61.50,land,368.70,-18.70,0.271,1,4251.0,-3262.2,-8.5,-6.3,-0.35,0.00,257,256,-1,-3.1,4.5,0.1,5.0,0.02,0.01,0.00,0.00,0.00,0.00,0.34,0.08,86,-1,0,-2,-3.5,0.04,0.271,0.283,0.19,0,26,0,13.3,184.4,198.0,256.7,0.00,0,-0.8,-2.3
61.60,land,368.71,-18.71,0.269,1,4250.9,-3262.2,-8.4,-6.3,-0.35,0.00,257,254,-1,-3.0,4.5,0.0,5.2,0.02,-0.00,0.00,0.00,0.00,0.00,0.34,0.08,86,-1,0,-1,-3.5,0.05,0.269,0.277,0.22,0,26,0,14.7,185.2,199.2,255.3,0.00,0,-1.2,-2.0
61.70,land,368.73,-18.73,0.270,1,4250.9,-3262.2,-8.4,-6.3,-0.35,-0.18,256,254,-1,-3.1,4.0,-0.1,5.3,0.01,-0.01,0.00,0.00,0.00,0.00,0.30,0.25,86,-1,0,-1,-3.1,0.05,0.270,0.277,0.18,0,26,0,14.7,185.2,199.2,255.3,0.00,0,-1.8,0.3
61.80,land,368.74,-18.74,0.274,1,4250.8,-3262.2,-8.4,-6.3,-0.35,-0.35,256,254,-1,-3.1,4.0,-0.3,5.2,-0.01,-0.01,0.00,0.00,0.00,0.00,0.30,0.26,86,-1,0,-1,-2.8,0.05,0.274,0.284,0.09,0,26,0,14.7,185.2,199.2,255.3,0.00,0,-1.7,1.5
61.90,land,368.74,-18.74,0.277,1,4250.8,-3262.2,-8.3,-6.3,-0.53,-0.35,256,254,-1,-3.2,3.5,-0.4,5.1,-0.03,-0.01,0.00,0.00,0.00,0.00,0.25,0.43,86,-1,0,-0,-2.6,0.05,0.277,0.290,0.03,0,26,0,14.7,185.2,199.2,255.3,0.00,0,-1.2,1.9
62.00,land,368.75,-18.75,0.278,1,4250.8,-3262.2,-8.3,-6.3,-0.53,-0.35,255,253,-1,-2.6,3.4,-0.5,4.9,-0.03,-0.01,0.00,0.00,0.00,0.00,0.42,0.47,86,-1,0,0,-2.6,0.05,0.278,0.291,0.02,0,26,0,15.9,184.7,196.2,254.1,0.00,0,-1.2,1.9
62.10,land,368.75,-18.75,0.278,1,4250.6,-3262.3,-8.2,-6.2,-0.70,-0.53,255,253,-1,-2.2,2.7,-0.5,4.8,-0.01,-0.01,0.00,0.00,0.00,0.00,0.54,0.69,86,-1,0,0,-2.1,0.06,0.278,0.286,0.01,0,26,0,15.9,184.7,196.2,254.1,0.00,0,-0.3,0.8
62.20,land,368.75,-18.75,0.279,1,4250.6,-3262.3,-8.1,-6.2,-0.70,-0.53,255,253,-1,-2.2,2.7,-0.5,4.7,-0.00,-0.00,0.00,0.00,0.00,0.00,0.54,0.69,86,-1,0,1,-2.1,0.06,0.279,0.280,-0.00,0,26,0,15.9,184.7,196.2,254.1,0.00,0,-0.3,0.8
62.30,land,368.75,-18.75,0.278,1,4250.5,-3262.5,-8.1,-6.1,-0.70,-0.70,254,253,-1,-2.3,2.1,-0.5,4.7,0.01,0.00,0.00,0.00,0.00,0.00,0.49,0.87,86,-1,0,1,-1.8,0.06,0.278,0.282,0.02,0,26,0,15.9,184.7,196.2,254.1,0.00,0,-0.3,0.1
62.40,land,368.76,-18.76,0.275,1,4250.4,-3262.6,-8.0,-6.0,-0.70,-0.79,254,252,-1,-2.2,2.1,-0.6,4.7,0.01,-0.00,0.00,0.00,0.00,0.00,0.48,0.87,86,-1,0,1,-1.3,0.06,0.275,0.279,0.08,0,26,0,16.7,184.5,194.7,253.4,0.00,0,-0.4,0.0
62.50,land,368.78,-18.78,0.271,1,4250.4,-3262.6,-7.9,-5.9,-0.70,-0.88,254,252,-1,-2.3,1.8,-0.6,4.7,0.01,-0.00,0.00,0.00,0.00,0.00,0.45,0.96,86,-1,0,2,-1.4,0.06,0.271,0.278,0.14,0,26,0,16.7,184.5,194.7,253.4,0.00,0,-0.6,0.0
62.60,land,368.80,-18.80,0.268,1,4250.4,-3262.6,-7.9,-5.9,-0.70,-0.88,254,252,-1,-2.3,1.5,-0.6,4.7,0.02,-0.01,0.00,0.00,0.00,0.00,0.43,1.04,86,-1,0,2,-1.4,0.07,0.268,0.277,0.20,0,26,0,16.7,184.5,194.7,253.4,0.00,0,-0.6,0.0
62.70,land,368.82,-18.82,0.267,1,4250.3,-3262.7,-7.8,-5.8,-0.70,-0.88,253,252,-1,-2.3,1.4,-0.7,4.6,0.01,-0.01,0.00,0.00,0.00,0.00,0.42,1.04,86,-1,0,2,-1.3,0.07,0.267,0.273,0.21,0,26,0,16.7,184.5,194.7,253.4,0.00,0,-0.8,0.6
62.80,land,368.84,-18.84,0.271,1,4250.1,-3262.9,-7.7,-5.7,-0.70,-1.05,253,252,-1,-2.4,0.9,-0.8,4.4,-0.01,-0.01,0.00,0.00,0.00,0.00,0.37,1.21,86,-1,0,2,-0.5,0.06,0.271,0.279,0.12,0,26,0,17.1,184.1,193.2,252.9,0.00,0,-0.5,2.8
62.90,land,368.84,-18.84,0.275,1,4250.1,-3263.1,-7.6,-5.6,-0.70,-1.23,253,252,-1,-2.4,0.8,-0.8,4.1,-0.02,-0.00,0.00,0.00,0.00,0.00,0.36,1.21,86,-1,0,3,-0.3,0.06,0.275,0.285,0.04,0,26,0,17.1,184.1,193.2,252.9,0.00,0,0.3,2.9
63.00,land,368.85,-18.85,0.278,1,4250.1,-3263.1,-7.6,-5.4,-0.70,-1.23,253,252,-1,-2.5,0.2,-0.8,3.8,-0.02,0.01,0.00,0.00,0.00,0.00,0.31,1.38,86,-1,0,3,-0.3,0.06,0.278,0.289,-0.02,0,26,0,17.1,184.1,193.2,252.9,0.00,0,0.3,2.9
63.10,land,368.84,-18.84,0.280,1,4249.9,-3263.3,-7.5,-5.3,-1.05,-1.23,253,252,-1,-2.5,0.1,-0.7,3.6,-0.00,0.01,0.00,0.00,0.00,0.00,0.30,1.38,86,-1,0,3,0.1,0.06,0.280,0.287,-0.05,0,26,0,17.1,184.1,193.2,252.9,0.00,0,0.1,0.5
63.20,land,368.83,-18.83,0.283,1,4249.9,-3263.3,-7.4,-5.2,-1.05,-1.23,252,252,-1,-1.5,-0.3,-0.7,3.5,0.01,-0.01,0.00,0.00,0.00,0.00,0.64,1.49,86,-1,0,3,0.1,0.06,0.283,0.291,-0.11,0,26,0,17.1,183.3,190.7,252.9,0.00,0,0.1,0.5
63.30,land,368.83,-18.83,0.282,1,4249.7,-3263.6,-7.3,-5.1,-1.05,-1.41,252,252,-1,-1.4,-0.3,-0.7,3.5,0.02,-0.01,0.00,0.00,0.00,0.00,0.63,1.49,86,-1,0,3,1.1,0.05,0.282,0.295,-0.09,0,26,0,17.1,183.3,190.7,252.9,0.00,0,-0.6,0.5
63.40,land,368.83,-18.83,0.279,1,4249.7,-3263.6,-7.2,-4.9,-1.05,-1.41,252,252,-1,-1.6,-0.9,-0.8,3.5,0.03,-0.01,0.00,0.00,0.00,0.00,0.58,1.66,86,-1,0,3,1.1,0.04,0.279,0.295,-0.02,0,26,0,17.1,183.3,190.7,252.9,0.00,0,-0.6,0.5
63.50,land,368.83,-18.83,0.276,1,4249.6,-3263.7,-7.1,-4.8,-1.05,-1.41,252,252,-1,-1.5,-1.0,-0.9,3.4,0.02,-0.02,0.00,0.00,0.00,0.00,0.57,1.66,86,-1,0,3,1.2,0.04,0.276,0.292,0.04,0,26,0,17.1,183.3,190.7,252.9,0.00,0,-0.6,0.5
63.60,land,368.84,-18.84,0.274,1,4249.5,-3263.9,-7.0,-4.6,-1.05,-1.41,252,252,-1,-1.5,-1.1,-0.9,3.3,0.01,-0.01,0.00,0.00,0.00,0.00,0.57,1.66,86,-1,0,3,1.6,0.03,0.274,0.285,0.08,0,26,0,16.7,183.0,189.9,253.3,0.00,0,-0.5,1.0
63.70,land,368.86,-18.86,0.274,1,4249.4,-3264.0,-6.9,-4.5,-1.05,-1.58,252,252,-1,-1.6,-1.8,-0.9,3.0,0.00,-0.01,0.00,0.00,0.00,0.00,0.52,1.83,86,-1,0,3,2.0,0.02,0.274,0.278,0.07,0,26,0,16.7,183.0,189.9,253.3,0.00,0,-0.1,2.0
63.80,land,368.87,-18.87,0.275,1,4249.2,-3264.3,-6.8,-4.3,-1.05,-1.58,252,252,-1,-1.6,-1.9,-0.9,2.7,-0.01,-0.00,0.00,0.00,0.00,0.00,0.52,1.83,86,-1,0,3,3.0,0.01,0.275,0.280,0.05,0,26,0,16.7,183.0,189.9,253.3,0.00,0,0.6,3.8
63.90,land,368.88,-18.88,0.273,1,4249.2,-3264.3,-6.7,-4.2,-1.05,-1.58,252,252,-1,-1.6,-2.0,-0.8,2.3,-0.02,0.00,0.00,0.00,0.00,0.00,0.52,1.83,86,-1,0,3,3.0,0.00,0.273,0.283,0.07,0,26,0,16.7,183.0,189.9,253.3,0.00,0,0.6,3.8
64.00,land,368.91,-18.91,0.270,1,4249.0,-3264.6,-6.6,-4.0,-1.05,-1.67,252,253,-1,-1.5,-2.1,-0.8,1.9,-0.03,-0.00,0.00,0.00,0.00,0.00,0.53,1.83,86,-1,0,3,3.2,-0.00,0.270,0.282,0.14,0,26,0,15.6,181.7,186.0,254.4,0.00,0,0.3,3.6
64.10,land,368.92,-18.92,0.269,1,4248.9,-3264.8,-6.5,-3.9,-1.05,-1.76,253,253,-1,-1.6,-2.5,-0.8,1.6,-0.02,-0.00,0.00,0.00,0.00,0.00,0.51,1.91,86,-1,0,3,3.3,-0.01,0.269,0.277,0.15,0,26,0,15.6,181.7,186.0,254.4,0.00,0,0.2,2.6
64.20,land,368.93,-18.93,0.273,1,4248.8,-3265.0,-6.4,-3.7,-1.05,-1.76,253,253,-1,-1.6,-2.8,-0.8,1.3,0.00,-0.00,0.00,0.00,0.00,0.00,0.48,1.99,86,-1,0,3,3.2,-0.01,0.273,0.275,0.07,0,26,0,15.6,181.7,186.0,254.4,0.00,0,0.0,1.4
64.30,land,368.93,-18.93,0.277,1,4248.8,-3265.0,-6.3,-3.5,-1.05,-1.76,253,253,-1,-1.6,-3.0,-0.8,1.2,0.02,-0.01,0.00,0.00,0.00,0.00,0.49,1.99,86,-1,0,3,3.2,-0.01,0.277,0.287,-0.01,0,26,0,15.6,181.7,186.0,254.4,0.00,0,0.0,1.4
64.40,land,368.93,-18.93,0.279,1,4248.7,-3265.2,-6.2,-3.3,-1.05,-1.76,253,255,-1,-1.6,-3.1,-0.8,1.2,0.02,-0.01,0.00,0.00,0.00,0.00,0.50,1.99,86,-1,0,2,3.2,-0.02,0.279,0.292,-0.04,0,26,0,14.3,180.9,183.7,255.7,0.00,0,-0.1,0.7
64.50,land,368.94,-18.94,0.275,1,4248.4,-3265.5,-6.0,-3.2,-1.05,-1.76,253,255,-1,-1.5,-3.2,-0.8,1.1,0.02,-0.01,0.00,0.00,0.00,0.00,0.51,1.99,86,-1,0,2,3.3,-0.02,0.275,0.290,0.03,0,26,0,14.3,180.9,183.7,255.7,0.00,0,-0.2,1.1
64.60,land,368.95,-18.95,0.273,1,4248.4,-3265.5,-5.9,-3.0,-1.05,-1.76,254,255,-1,-1.5,-3.4,-0.9,1.0,0.02,-0.01,0.00,0.00,0.00,0.00,0.51,1.98,86,-1,0,2,3.3,-0.03,0.273,0.284,0.06,0,26,0,14.3,180.9,183.7,255.7,0.00,0,-0.2,1.1
64.70,land,368.95,-18.95,0.273,1,4248.2,-3265.9,-5.8,-2.8,-1.05,-1.76,254,255,-1,-1.4,-3.5,-0.8,0.8,0.01,-0.00,0.00,0.00,0.00,0.00,0.52,1.98,86,-1,0,2,3.1,-0.03,0.273,0.278,0.06,0,26,0,14.3,180.9,183.7,255.7,0.00,0,0.7,2.2
64.80,land,368.96,-18.96,0.274,1,4248.1,-3266.0,-5.7,-2.6,-1.05,-1.76,254,256,-1,-1.4,-3.6,-0.7,0.5,0.00,0.01,0.00,0.00,0.00,0.00,0.53,1.98,86,-1,0,1,3.1,-0.03,0.274,0.276,0.05,0,26,0,13.0,180.4,181.5,257.0,0.00,0,0.9,2.6
64.90,land,368.98,-18.98,0.273,1,4248.0,-3266.2,-5.6,-2.5,-1.05,-1.76,254,256,-1,-1.3,-3.8,-0.7,0.3,-0.00,0.01,0.00,0.00,0.00,0.00,0.54,1.98,86,-1,0,1,3.1,-0.04,0.273,0.277,0.07,0,26,0,13.0,180.4,181.5,257.0,0.00,0,0.8,2.7
65.00,land,369.00,-19.00,0.269,1,4248.0,-3266.2,-5.5,-2.3,-1.05,-1.76,255,256,-1,-1.3,-3.9,-0.6,-0.0,-0.01,0.01,0.00,0.00,0.00,0.00,0.55,1.97,86,-1,0,1,3.1,-0.05,0.269,0.273,0.13,0,26,0,13.0,180.4,181.5,257.0,0.00,0,0.8,2.7
65.10,land,369.02,-19.02,0.265,1,4247.9,-3266.4,-5.4,-2.1,-1.05,-1.58,255,256,-1,-1.1,-3.5,-0.5,-0.3,-0.01,0.00,0.00,0.00,0.00,0.00,0.60,1.80,86,-1,0,1,3.0,-0.05,0.265,0.271,0.20,0,26,0,13.0,180.4,181.5,257.0,0.00,0,0.6,2.7
65.20,land,369.05,-19.05,0.263,1,4247.7,-3266.7,-5.3,-2.0,-1.05,-1.58,255,257,-1,-1.1,-3.6,-0.5,-0.5,-0.01,-0.01,0.00,0.00,0.00,0.00,0.61,1.80,86,-1,0,0,2.9,-0.06,0.263,0.268,0.24,0,26,0,11.8,179.4,177.0,258.2,0.00,0,-0.2,1.6
65.30,land,369.07,-19.07,0.265,1,4247.6,-3266.9,-5.2,-1.8,-1.05,-1.58,255,257,-1,-1.0,-3.7,-0.5,-0.7,0.01,-0.01,0.00,0.00,0.00,0.00,0.62,1.80,86,-1,0,-0,2.8,-0.06,0.265,0.272,0.20,0,26,0,11.8,179.4,177.0,258.2,0.00,0,-0.1,0.7
65.40,land,369.08,-19.08,0.270,1,4247.6,-3266.9,-5.1,-1.6,-1.05,-1.58,256,257,-1,-0.9,-3.9,-0.5,-0.7,0.02,-0.01,0.00,0.00,0.00,0.00,0.63,1.79,86,-1,0,-0,2.8,-0.06,0.270,0.281,0.09,0,26,0,11.8,179.4,177.0,258.2,0.00,0,-0.1,0.7
65.50,land,369.07,-19.07,0.277,1,4247.5,-3267.0,-5.0,-1.5,-1.05,-1.58,256,257,-1,-0.9,-4.0,-0.5,-0.8,0.02,-0.00,0.00,0.00,0.00,0.00,0.64,1.79,86,-1,0,-1,2.9,-0.07,0.278,0.285,-0.06,0,26,0,11.8,179.4,177.0,258.2,0.00,0,0.3,0.6
65.60,land,369.05,-19.05,0.284,1,4247.3,-3267.3,-4.9,-1.3,-1.05,-1.58,256,258,-1,-0.8,-4.1,-0.4,-1.0,0.00,0.00,0.00,0.00,0.00,0.00,0.65,1.79,86,-1,0,-1,2.6,-0.07,0.284,0.285,-0.19,0,26,0,10.6,178.9,174.3,259.4,0.00,0,0.4,2.5
65.70,land,369.04,-19.04,0.286,1,4247.2,-3267.5,-4.8,-1.2,-1.05,-1.41,257,258,-1,-0.8,-4.2,-0.4,-1.2,-0.01,-0.00,0.00,0.00,0.00,0.00,0.66,1.78,86,-1,0,-1,2.3,-0.08,0.286,0.291,-0.21,0,26,0,10.6,178.9,174.3,259.4,0.00,0,0.3,2.8
65.80,land,369.03,-19.03,0.283,1,4247.2,-3267.5,-4.7,-1.0,-1.05,-1.41,257,258,-1,-0.6,-3.8,-0.4,-1.5,-0.02,-0.01,0.00,0.00,0.00,0.00,0.71,1.61,86,-1,0,-1,2.3,-0.08,0.283,0.293,-0.14,0,26,0,10.6,178.9,174.3,259.4,0.00,0,0.3,2.8
65.90,land,369.03,-19.03,0.279,1,4247.1,-3267.6,-4.6,-0.9,-1.05,-1.41,257,258,-1,-0.5,-3.9,-0.3,-1.8,-0.02,-0.01,0.00,0.00,0.00,0.00,0.71,1.61,86,-1,0,-2,2.0,-0.07,0.279,0.292,-0.08,0,26,0,10.6,178.9,174.3,259.4,0.00,0,0.1,2.9
66.00,land,369.03,-19.03,0.276,1,4246.9,-3267.9,-4.5,-0.7,-1.05,-1.41,257,259,-1,-0.5,-4.0,-0.3,-2.1,-0.02,-0.01,0.00,0.00,0.00,0.00,0.72,1.60,86,-1,0,-2,1.2,-0.07,0.276,0.290,-0.01,0,26,0,9.8,177.8,167.6,260.2,0.00,0,0.1,2.4
66.10,land,369.04,-19.04,0.274,1,4246.9,-3267.9,-4.4,-0.6,-1.05,-1.41,258,259,-1,-0.4,-4.1,-0.3,-2.3,-0.02,-0.01,0.00,0.00,0.00,0.00,0.73,1.60,86,-1,0,-2,1.2,-0.07,0.274,0.283,0.03,0,26,0,9.8,177.8,167.6,260.2,0.00,0,0.1,2.4
66.20,land,369.04,-19.04,0.275,1,4246.7,-3268.1,-4.3,-0.5,-1.05,-1.23,258,259,-1,-0.2,-3.7,-0.2,-2.5,-0.01,0.00,0.00,0.00,0.00,0.00,0.77,1.42,86,-1,0,-2,-0.3,-0.06,0.275,0.278,0.02,0,26,0,9.8,177.8,167.6,260.2,0.00,0,1.3,0.4
66.30,land,369.04,-19.04,0.275,1,4246.7,-3268.1,-4.2,-0.4,-1.05,-1.23,258,259,-1,-0.2,-3.8,-0.1,-2.5,0.01,0.01,0.00,0.00,0.00,0.00,0.78,1.42,86,-1,0,-3,-0.3,-0.05,0.275,0.284,0.01,0,26,0,9.8,177.8,167.6,260.2,0.00,0,1.3,0.4
66.40,land,369.05,-19.05,0.274,1,4246.4,-3268.4,-4.0,-0.2,-1.05,-1.05,258,259,-1,-0.0,-3.4,0.1,-2.4,0.01,0.01,0.00,0.00,0.00,0.00,0.82,1.25,86,-1,0,-3,-1.6,-0.04,0.274,0.286,0.03,0,26,0,9.9,177.6,166.4,260.1,0.00,0,1.6,-0.3
66.50,land,369.05,-19.05,0.272,1,4246.3,-3268.5,-3.9,-0.1,-1.05,-0.97,258,259,-1,0.0,-3.4,0.2,-2.4,0.01,0.01,0.00,0.00,0.00,0.00,0.82,1.25,86,-1,0,-3,-1.4,-0.03,0.272,0.281,0.07,0,26,0,9.9,177.6,166.4,260.1,0.00,0,0.7,0.1
66.60,land,369.06,-19.06,0.272,1,4246.3,-3268.5,-3.8,-0.0,-1.05,-0.97,258,259,-1,0.1,-3.3,0.3,-2.4,0.00,-0.00,0.00,0.00,0.00,0.00,0.84,1.16,86,-1,0,-3,-1.4,-0.03,0.272,0.274,0.06,0,26,0,9.9,177.6,166.4,260.1,0.00,0,0.7,0.1
66.70,land,369.07,-19.07,0.273,1,4246.1,-3268.6,-3.7,0.1,-1.05,-0.88,259,259,-1,0.3,-3.1,0.3,-2.5,-0.01,-0.01,0.00,0.00,0.00,0.00,0.86,1.07,86,-1,0,-3,-1.9,-0.03,0.273,0.280,0.05,0,26,0,9.9,177.6,166.4,260.1,0.00,0,-0.2,0.9
66.80,land,369.08,-19.08,0.272,1,4246.0,-3268.7,-3.6,0.1,-1.05,-0.79,259,258,-1,0.3,-3.1,0.3,-2.6,-0.01,-0.02,0.00,0.00,0.00,0.00,0.86,1.07,86,-1,0,-3,-1.9,-0.02,0.272,0.282,0.07,0,26,0,10.6,177.4,166.5,259.4,0.00,0,-0.1,0.7
66.90,land,369.09,-19.09,0.269,1,4245.9,-3268.8,-3.5,0.2,-1.05,-0.70,259,258,-1,0.4,-2.9,0.2,-2.7,-0.01,-0.02,0.00,0.00,0.00,0.00,0.88,0.99,86,-1,0,-3,-2.2,-0.02,0.269,0.278,0.11,0,26,0,10.6,177.4,166.5,259.4,0.00,0,0.3,0.1
67.00,land,369.10,-19.10,0.270,1,4245.8,-3268.9,-3.4,0.3,-1.05,-0.70,258,258,-1,0.5,-2.7,0.3,-2.7,0.00,-0.01,0.00,0.00,0.00,0.00,0.89,0.90,86,-1,0,-3,-1.8,-0.02,0.270,0.274,0.10,0,26,0,10.6,177.4,166.5,259.4,0.00,0,0.9,-0.2
67.10,land,369.10,-19.10,0.271,1,4245.7,-3268.9,-3.3,0.4,-1.05,-0.70,258,258,-1,0.6,-2.8,0.4,-2.7,0.00,0.00,0.00,0.00,0.00,0.00,0.89,0.90,86,-1,0,-3,-2.1,-0.02,0.272,0.274,0.06,0,26,0,10.6,177.4,166.5,259.4,0.00,0,2.0,-0.2
67.20,land,369.10,-19.10,0.120,1,4245.6,-3269.0,-3.2,0.4,-1.05,-0.53,258,258,-1,0.6,-2.9,0.6,-2.6,0.00,0.02,0.00,0.00,0.00,0.00,0.89,0.90,86,-1,0,-3,-1.9,-0.02,0.120,0.130,-0.02,0,26,0,11.4,177.5,167.8,258.6,0.00,0,2.4,-0.2
67.30,land,369.09,-19.09,0.120,1,4245.5,-3269.0,-3.1,0.5,-1.05,-0.53,258,258,-1,0.8,-2.4,0.8,-2.6,-0.00,0.02,0.00,0.00,0.00,0.00,0.92,0.73,86,-1,0,-3,-2.0,-0.02,0.120,0.130,-0.05,0,26,0,11.4,177.5,167.8,258.6,0.00,0,2.4,-0.1
67.40,land,369.04,-19.04,0.120,1,4245.4,-3269.1,-3.0,0.5,-0.70,-0.53,258,258,-1,0.8,-2.4,1.1,-2.6,-0.00,0.02,0.00,0.00,0.00,0.00,0.92,0.73,86,-1,0,-3,-2.0,-0.01,0.120,0.130,-0.31,0,26,0,11.4,177.5,167.8,258.6,0.00,0,2.3,-0.1
67.50,land,368.91,-18.91,0.120,1,4245.4,-3269.1,-2.9,0.6,-0.70,-0.53,258,258,-1,-0.2,-2.3,1.3,-2.6,-0.00,0.04,0.00,0.00,0.00,0.00,0.58,0.66,86,-1,0,-3,-2.0,-0.01,0.120,0.135,-1.11,0,26,0,11.4,177.5,167.8,258.6,0.00,0,2.3,-0.1
67.60,land,368.70,-18.70,0.120,1,4245.3,-3269.2,-2.8,0.6,-0.70,-0.53,258,257,-1,-0.1,-2.3,1.5,-2.6,-0.00,0.04,0.00,0.00,0.00,0.00,0.58,0.66,86,-1,0,-2,-1.9,-0.01,0.120,0.136,-1.91,0,26,0,12.3,177.7,169.7,257.7,0.00,0,1.7,-0.1
67.70,land,368.42,-18.42,0.120,1,4245.3,-3269.2,-2.8,0.7,-0.70,-0.53,258,257,-1,-0.1,-2.4,1.7,-2.6,-0.00,0.03,0.00,0.00,0.00,0.00,0.57,0.67,86,-1,0,-2,-1.9,-0.01,0.120,0.131,-2.64,0,26,0,12.3,177.7,169.7,257.7,0.00,0,1.7,-0.1
67.80,land,368.07,-18.07,0.120,1,4245.2,-3269.3,-2.7,0.8,-0.70,-0.53,257,257,-1,-0.1,-2.4,1.7,-2.6,-0.00,0.01,0.00,0.00,0.00,0.00,0.57,0.67,86,-1,0,-2,-2.1,0.00,0.120,0.123,-3.28,0,26,0,12.3,177.7,169.7,257.7,0.00,0,0.5,-0.1
67.90,land,367.66,-17.66,0.120,1,4245.1,-3269.4,-2.6,0.8,-0.70,-0.44,257,257,-1,-0.0,-2.4,1.6,-2.6,-0.00,-0.00,0.00,0.00,0.00,0.00,0.57,0.67,86,-1,0,-2,-2.1,0.00,0.120,0.122,-3.96,0,26,0,12.3,177.7,169.7,257.7,0.00,0,-0.6,-0.1
68.00,land,367.17,-17.17,0.120,1,4245.0,-3269.4,-2.6,0.9,-0.70,-0.35,257,256,-1,0.0,-2.2,1.5,-2.6,-0.00,-0.01,0.00,0.00,0.00,0.00,0.59,0.58,86,-1,0,-2,-2.1,0.01,0.120,0.124,-4.73,0,26,0,13.1,177.8,170.5,256.9,0.00,0,-0.6,-0.1
68.10,land,366.60,-16.60,0.120,1,4245.0,-3269.4,-2.5,0.9,-0.70,-0.35,257,256,-1,0.1,-2.0,1.5,-2.6,-0.01,-0.01,0.00,0.00,0.00,0.00,0.61,0.50,86,-1,0,-2,-2.1,0.01,0.120,0.126,-5.50,0,26,0,13.1,177.8,170.5,256.9,0.00,0,-0.6,-0.1
68.20,land,365.95,-15.95,0.120,1,4244.9,-3269.4,-2.4,0.9,-0.70,-0.35,257,256,-1,0.2,-2.0,1.4,-2.6,-0.01,-0.01,0.00,0.00,0.00,0.00,0.60,0.50,86,-1,0,-1,-2.2,0.02,0.120,0.127,-6.25,0,26,0,13.1,177.8,170.5,256.9,0.00,0,-0.8,-0.1
68.30,land,365.24,-15.24,0.120,1,4244.8,-3269.5,-2.3,1.0,-0.70,-0.35,257,256,-1,0.2,-2.1,1.3,-2.6,-0.01,-0.01,0.00,0.00,0.00,0.00,0.60,0.50,86,-1,0,-1,-2.1,0.02,0.120,0.127,-7.00,0,26,0,13.1,177.8,170.5,256.9,0.00,0,-0.8,-0.0
68.40,land,364.44,-14.44,0.120,1,4244.7,-3269.5,-2.3,1.0,-0.70,-0.35,256,255,-1,0.2,-2.1,1.2,-2.6,-0.01,-0.01,0.00,0.00,0.00,0.00,0.60,0.51,86,-1,0,-1,-1.9,0.02,0.120,0.128,-7.74,0,26,0,13.9,177.7,170.8,256.1,0.00,0,-0.8,-0.0
68.50,land,363.58,-13.58,0.120,1,4244.7,-3269.5,-2.2,1.0,-0.70,-0.35,256,255,-1,0.3,-2.1,1.1,-2.6,-0.01,-0.02,0.00,0.00,0.00,0.00,0.60,0.51,86,-1,0,-1,-1.9,0.02,0.120,0.128,-8.48,0,26,0,13.9,177.7,170.8,256.1,0.00,0,-0.8,-0.0
68.60,land,362.64,-12.64,0.120,1,4244.6,-3269.6,-2.1,1.1,-0.70,-0.35,256,255,-1,0.3,-2.2,1.0,-2.6,-0.01,-0.02,0.00,0.00,0.00,0.00,0.60,0.51,86,-1,0,-1,-1.9,0.02,0.120,0.129,-9.21,0,26,0,13.9,177.7,170.8,256.1,0.00,0,-0.9,0.0
68.70,land,361.63,-11.63,0.120,1,4244.5,-3269.6,-2.1,1.1,-0.70,-0.35,256,255,-1,0.3,-2.2,0.9,-2.6,-0.01,-0.02,0.00,0.00,0.00,0.00,0.60,0.51,86,-1,0,-0,-2.1,0.03,0.120,0.130,-9.93,0,26,0,13.9,177.7,170.8,256.1,0.00,0,-1.0,0.0
68.80,land,360.54,-10.54,0.120,1,4244.5,-3269.6,-2.0,1.1,-0.70,-0.35,256,254,-1,0.3,-2.2,0.8,-2.6,-0.00,-0.02,0.00,0.00,0.00,0.00,0.59,0.51,86,-1,0,-0,-2.1,0.04,0.120,0.130,-10.65,0,26,0,14.7,177.6,171.0,255.3,0.00,0,-1.0,0.0
68.90,land,359.39,-9.39,0.120,1,4244.4,-3269.7,-1.9,1.2,-0.70,-0.35,255,254,-1,0.4,-2.3,0.7,-2.6,-0.00,-0.02,0.00,0.00,0.00,0.00,0.59,0.52,86,-1,0,-0,-1.9,0.04,0.120,0.131,-11.36,0,26,0,14.7,177.6,171.0,255.3,0.00,0,-0.9,0.0
69.00,land,357.85,-7.85,0.120,1,4244.3,-3269.7,-1.8,1.2,-0.70,-0.35,255,254,-1,0.4,-2.3,0.6,-2.6,-0.00,-0.02,0.00,0.00,0.00,0.00,0.59,0.52,86,-1,0,0,-1.8,0.04,0.120,0.131,-12.06,0,26,0,14.7,177.6,171.0,255.3,0.00,0,-0.9,0.1
69.10,land,356.87,-6.87,0.120,1,4244.3,-3269.7,-1.8,1.2,-0.70,-0.35,255,254,-1,0.4,-2.4,0.5,-2.6,-0.00,-0.02,0.00,0.00,0.00,0.00,0.59,0.52,86,-1,0,0,-1.8,0.04,0.120,0.132,-12.76,0,26,0,14.7,177.6,171.0,255.3,0.00,0,-0.9,0.1
69.20,land,355.51,-5.51,0.120,1,4244.1,-3269.8,-1.7,1.3,-0.70,-0.18,255,254,-1,0.5,-2.1,0.4,-2.6,-0.01,-0.03,0.00,0.00,0.00,0.00,0.61,0.44,86,-1,0,1,-1.8,0.05,0.120,0.133,-13.45,0,26,0,15.4,177.5,170.9,254.6,0.00,0,-0.9,0.1
69.30,land,354.08,-4.08,0.120,1,4244.1,-3269.8,-1.6,1.3,-0.70,-0.18,255,254,-1,0.6,-1.9,0.3,-2.6,-0.01,-0.03,0.00,0.00,0.00,0.00,0.63,0.36,86,-1,0,1,-1.8,0.05,0.120,0.134,-14.14,0,26,0,15.4,177.5,170.9,254.6,0.00,0,-0.9,0.1
69.40,land,352.58,-2.58,0.120,1,4244.1,-3269.8,-1.6,1.3,-0.70,-0.18,255,254,-1,0.7,-1.9,0.2,-2.6,-0.01,-0.03,0.00,0.00,0.00,0.00,0.63,0.36,86,-1,0,1,-1.6,0.05,0.120,0.134,-14.81,0,26,0,15.4,177.5,170.9,254.6,0.00,0,-0.8,0.1
69.50,land,351.02,-1.02,0.120,1,4243.9,-3269.8,-1.5,1.3,-0.70,-0.18,254,254,-1,0.7,-2.0,0.2,-2.6,-0.00,-0.02,0.00,0.00,0.00,0.00,0.63,0.36,86,-1,0,1,-1.2,0.05,0.120,0.129,-15.46,0,26,0,15.4,177.5,170.9,254.6,0.00,0,0.4,-0.8
69.60,land,349.40,0.60,0.120,1,4243.9,-3269.9,-1.4,1.3,-0.70,-0.18,254,253,-1,0.7,-2.0,0.3,-2.5,0.01,-0.01,0.00,0.00,0.00,0.00,0.63,0.36,86,-1,0,1,-0.7,0.05,0.120,0.126,-16.05,0,26,0,15.9,177.5,171.4,254.1,0.00,0,0.7,-0.8
69.70,land,347.72,2.28,0.120,1,4243.9,-3269.9,-1.4,1.4,-0.70,-0.18,254,253,-1,0.8,-2.0,0.3,-2.4,0.01,-0.00,0.00,0.00,0.00,0.00,0.63,0.36,86,-1,0,1,-0.7,0.04,0.120,0.125,-16.67,0,26,0,15.9,177.5,171.4,254.1,0.00,0,0.7,-0.8
69.80,land,345.97,4.03,0.120,1,4243.8,-3269.9,-1.3,1.4,-0.70,-0.18,254,253,-1,0.8,-2.0,0.4,-2.3,0.01,-0.00,0.00,0.00,0.00,0.00,0.63,0.36,86,-1,0,2,-0.8,0.05,0.120,0.125,-17.33,0,26,0,15.9,177.5,171.4,254.1,0.00,0,0.9,-1.0
69.90,land,344.15,5.85,0.120,1,4243.6,-3269.9,-1.2,1.4,-0.70,-0.18,254,253,-1,0.8,-2.1,0.5,-2.2,0.01,-0.00,0.00,0.00,0.00,0.00,0.63,0.37,86,-1,0,2,-0.7,0.05,0.120,0.125,-17.98,0,26,0,15.9,177.5,171.4,254.1,0.00,0,1.0,-1.0
70.00,land,342.27,7.73,0.120,1,4243.6,-3269.9,-1.1,1.4,-0.70,-0.18,254,253,-1,0.9,-2.1,0.6,-2.1,0.01,0.00,0.00,0.00,0.00,0.00,0.62,0.37,86,-1,0,2,-0.5,0.05,0.120,0.125,-18.62,0,26,0,16.2,178.0,173.3,253.8,0.00,0,0.8,-0.9
70.10,land,340.33,9.67,0.120,1,4243.5,-3269.9,-1.1,1.4,-0.35,-0.18,253,253,-1,0.9,-2.1,0.7,-2.1,0.01,0.00,0.00,0.00,0.00,0.00,0.62,0.37,86,-1,0,2,-0.5,0.05,0.120,0.126,-19.26,0,26,0,16.2,178.0,173.3,253.8,0.00,0,0.8,-0.8
70.20,land,338.32,11.68,0.120,1,4243.5,-3270.0,-1.0,1.4,-0.35,-0.18,253,253,-1,-0.1,-1.8,0.8,-2.0,0.01,0.01,0.00,0.00,0.00,0.00,0.29,0.27,86,-1,0,2,-0.6,0.05,0.120,0.129,-19.89,0,26,0,16.2,178.0,173.3,253.8,0.00,0,1.0,-1.0
70.30,land,336.25,13.75,0.120,1,4243.5,-3270.0,-1.0,1.5,-0.35,-0.18,253,253,-1,-0.1,-1.9,0.9,-1.9,0.01,0.01,0.00,0.00,0.00,0.00,0.29,0.27,86,-1,0,2,-0.6,0.05,0.120,0.130,-20.52,0,26,0,16.2,178.0,173.3,253.8,0.00,0,1.0,-1.0
70.40,land,334.12,15.88,0.120,1,4243.4,-3270.0,-1.0,1.5,-0.35,-0.09,253,253,-1,-0.0,-1.9,1.0,-1.8,0.01,0.01,0.00,0.00,0.00,0.00,0.29,0.27,86,-1,0,2,-0.5,0.06,0.120,0.130,-21.14,0,26,0,16.4,178.5,174.9,253.6,0.00,0,0.8,-0.9
70.50,land,331.93,18.07,0.120,1,4243.4,-3270.0,-0.9,1.5,-0.35,-0.09,253,253,-1,0.0,-1.6,1.0,-1.7,0.01,0.01,0.00,0.00,0.00,0.00,0.31,0.19,86,-1,0,2,-0.5,0.06,0.120,0.129,-21.76,0,26,0,16.4,178.5,174.9,253.6,0.00,0,0.8,-0.9
70.60,land,329.68,20.32,0.120,1,4243.4,-3270.0,-0.9,1.5,-0.35,0.00,253,253,-1,0.1,-1.4,1.1,-1.6,0.01,0.01,0.00,0.00,0.00,0.00,0.34,0.10,86,-1,0,2,-0.5,0.06,0.120,0.128,-22.37,0,26,0,16.4,178.5,174.9,253.6,0.00,0,0.8,-0.9
70.70,land,327.36,22.64,0.120,1,4243.3,-3270.0,-0.9,1.5,-0.35,0.00,253,253,-1,0.2,-1.4,1.2,-1.5,0.01,0.01,0.00,0.00,0.00,0.00,0.34,0.10,86,-1,0,2,-0.4,0.06,0.120,0.128,-22.97,0,26,0,16.4,178.5,174.9,253.6,0.00,0,0.6,-0.7
70.80,land,324.99,25.01,0.120,1,4243.3,-3270.0,-0.8,1.5,-0.35,0.00,253,252,-1,0.2,-1.4,1.2,-1.5,0.01,0.01,0.00,0.00,0.00,0.00,0.34,0.10,86,-1,0,3,-0.3,0.06,0.120,0.128,-23.57,0,26,0,16.6,178.9,176.4,253.4,0.00,0,0.4,-0.5
70.90,land,322.56,27.44,0.120,1,4243.3,-3270.0,-0.8,1.5,-0.35,0.00,253,252,-1,0.2,-1.4,1.3,-1.4,0.01,0.01,0.00,0.00,0.00,0.00,0.34,0.10,86,-1,0,3,-0.3,0.06,0.120,0.129,-24.16,0,26,0,16.6,178.9,176.4,253.4,0.00,0,0.4,-0.5
71.00,land,319.43,30.57,0.120,1,4243.2,-3270.0,-0.8,1.5,-0.35,0.00,253,252,-1,0.2,-1.4,1.4,-1.3,0.01,0.01,0.00,0.00,0.00,0.00,0.34,0.10,86,-1,0,3,-0.4,0.06,0.120,0.129,-24.75,0,26,0,16.6,178.9,176.4,253.4,0.00,0,0.5,-0.7
71.10,land,317.52,32.48,0.120,1,4243.2,-3270.0,-0.7,1.5,-0.35,0.00,253,252,-1,0.2,-1.4,1.4,-1.2,0.01,0.01,0.00,0.00,0.00,0.00,0.34,0.10,86,-1,0,3,-0.4,0.06,0.120,0.129,-25.34,0,26,0,16.6,178.9,176.4,253.4,0.00,0,0.5,-0.7
71.20,land,314.25,35.75,0.120,1,4243.1,-3270.0,-0.7,1.5,-0.35,0.00,253,252,-1,0.3,-1.4,1.5,-1.1,0.01,0.01,0.00,0.00,0.00,0.00,0.34,0.11,86,-1,0,3,-0.5,0.07,0.120,0.129,-25.91,0,26,0,16.8,179.3,177.7,253.2,0.00,0,0.6,-0.8
71.30,land,312.25,37.75,0.120,1,4243.1,-3270.0,-0.6,1.5,-0.35,0.00,253,252,-1,0.3,-1.5,1.5,-1.1,0.01,0.01,0.00,0.00,0.00,0.00,0.34,0.11,86,-1,0,3,-0.5,0.07,0.120,0.129,-26.48,0,26,0,16.8,179.3,177.7,253.2,0.00,0,0.6,-0.8
71.40,land,309.53,40.47,0.120,1,4243.1,-3270.0,-0.6,1.5,-0.35,0.00,252,252,-1,0.3,-1.5,1.6,-1.0,0.01,0.01,0.00,0.00,0.00,0.00,0.34,0.11,86,-1,0,3,-0.3,0.06,0.120,0.128,-27.04,0,26,0,16.8,179.3,177.7,253.2,0.00,0,0.4,-0.6
71.50,land,306.75,43.25,0.120,1,4243.1,-3270.0,-0.6,1.5,-0.35,0.00,252,252,-1,0.3,-1.5,1.6,-1.0,0.01,0.01,0.00,0.00,0.00,0.00,0.34,0.11,86,-1,0,3,-0.3,0.07,0.120,0.128,-27.59,0,26,0,16.8,179.3,177.7,253.2,0.00,0,0.7,-0.7
71.60,land,303.93,46.07,0.120,1,4243.0,-3270.0,-0.5,1.5,-0.35,0.00,252,252,-1,0.3,-1.5,1.6,-1.0,0.01,0.01,0.00,0.00,0.00,0.00,0.34,0.11,86,-1,0,3,0.1,0.06,0.120,0.127,-28.13,0,26,0,16.9,179.5,178.4,253.1,0.00,0,0.4,-0.2
71.70,land,301.05,48.95,0.120,1,4243.0,-3270.0,-0.5,1.5,-0.35,0.00,252,252,-1,0.4,-1.5,1.7,-1.0,0.01,0.01,0.00,0.00,0.00,0.00,0.33,0.11,86,-1,0,3,0.1,0.06,0.120,0.126,-28.67,0,26,0,16.9,179.5,178.4,253.1,0.00,0,0.4,-0.2
71.80,land,298.11,51.89,0.120,1,4243.0,-3270.0,-0.5,1.5,-0.35,0.00,252,252,-1,0.4,-1.5,1.7,-1.0,0.01,0.01,0.00,0.00,0.00,0.00,0.33,0.11,86,-1,0,3,0.0,0.06,0.120,0.126,-29.20,0,26,0,16.9,179.5,178.4,253.1,0.00,0,0.0,0.0
71.90,land,295.13,54.87,0.120,1,4242.9,-3270.0,-0.4,1.5,-0.35,0.00,252,252,-1,0.4,-1.5,1.7,-1.0,0.00,0.01,0.00,0.00,0.00,0.00,0.33,0.11,86,-1,0,3,0.0,0.05,0.120,0.125,-29.73,0,26,0,16.9,179.5,178.4,253.1,0.00,0,0.0,0.0
72.00,land,292.09,57.91,0.120,1,4242.9,-3270.0,-0.4,1.5,-0.35,0.00,252,252,-1,0.4,-1.5,1.7,-1.0,0.00,0.01,0.00,0.00,0.00,0.00,0.33,0.11,86,-1,0,3,0.0,0.06,0.120,0.125,-30.25,0,26,0,16.8,179.6,178.6,253.2,0.00,0,0.0,0.0
72.10,land,289.00,61.00,0.120,1,4242.8,-3270.0,-0.4,1.5,-0.35,0.00,252,252,-1,0.4,-1.5,1.7,-1.0,0.00,0.01,0.00,0.00,0.00,0.00,0.33,0.11,86,-1,0,3,0.9,0.06,0.120,0.124,-30.76,0,26,0,16.8,179.6,178.6,253.2,0.00,0,0.6,0.4
72.20,land,285.86,64.14,0.120,1,4242.8,-3270.0,-0.3,1.5,-0.35,0.00,252,252,-1,0.5,-1.5,1.8,-1.0,0.00,0.01,0.00,0.00,0.00,0.00,0.33,0.11,86,-1,0,3,0.4,0.05,0.120,0.124,-31.27,0,26,0,16.8,179.6,178.6,253.2,0.00,0,0.2,0.2
72.30,land,282.67,67.33,0.120,1,4242.8,-3270.0,-0.3,1.5,-0.35,0.00,252,252,-1,0.5,-1.5,1.8,-1.0,0.00,0.01,0.00,0.00,0.00,0.00,0.33,0.11,86,-1,0,3,0.2,0.06,0.120,0.124,-31.77,0,26,0,16.8,179.6,178.6,253.2,0.00,0,0.1,0.2
72.40,land,279.43,70.57,0.120,1,4242.8,-3270.0,-0.3,1.5,-0.35,0.00,252,252,-1,0.5,-1.5,1.8,-1.0,0.00,0.01,0.00,0.00,0.00,0.00,0.33,0.11,86,-1,0,3,0.2,0.06,0.120,0.124,-32.26,0,26,0,16.7,179.5,178.4,253.3,0.00,0,0.1,0.2
72.50,land,276.15,73.85,0.120,1,4242.7,-3270.0,-0.2,1.5,-0.35,0.00,252,252,-1,0.5,-1.6,1.8,-1.0,0.00,0.01,0.00,0.00,0.00,0.00,0.33,0.11,86,-1,0,3,0.7,0.05,0.120,0.123,-32.75,0,26,0,16.7,179.5,178.4,253.3,0.00,0,0.2,0.5
72.60,land,271.13,78.87,0.120,1,4242.7,-3270.0,-0.2,1.5,-0.35,0.00,252,252,-1,0.5,-1.6,1.8,-1.0,0.00,0.00,0.00,0.00,0.00,0.00,0.33,0.11,86,-1,0,3,0.0,0.06,0.120,0.123,-33.24,0,26,0,16.7,179.5,178.4,253.3,0.00,0,0.0,0.0
72.70,land,269.43,80.57,0.120,1,4242.6,-3270.0,-0.2,1.5,-0.35,0.00,252,252,-1,0.6,-1.6,1.8,-1.1,0.00,0.00,0.00,0.00,0.00,0.00,0.33,0.11,86,-1,0,3,0.5,0.06,0.120,0.123,-33.72,0,26,0,16.7,179.5,178.4,253.3,0.00,0,-0.1,0.6
72.80,land,266.00,84.00,0.120,1,4242.6,-3270.0,-0.1,1.5,-0.35,0.00,252,252,-1,0.6,-1.6,1.8,-1.1,0.00,0.00,0.00,0.00,0.00,0.00,0.33,0.11,86,-1,0,3,0.5,0.05,0.120,0.122,-34.19,0,26,0,16.6,179.5,178.2,253.4,0.00,0,-0.1,0.6
72.90,land,262.52,87.48,0.120,1,4242.5,-3270.0,-0.1,1.5,-0.35,0.00,252,252,-1,0.6,-1.6,1.8,-1.1,0.00,0.00,0.00,0.00,0.00,0.00,0.33,0.11,86,-1,0,3,0.0,0.06,0.120,0.122,-34.66,0,26,0,16.6,179.5,178.2,253.4,0.00,0,0.0,0.0
73.00,land,259.00,91.00,0.120,1,4242.5,-3270.0,-0.0,1.5,-0.35,0.00,252,252,-1,0.6,-1.6,1.8,-1.1,0.00,0.00,0.00,0.00,0.00,0.00,0.33,0.11,86,-1,0,3,0.0,0.06,0.120,0.121,-35.13,0,26,0,16.6,179.5,178.2,253.4,0.00,0,0.0,0.0
73.10,land,255.43,94.57,0.120,1,4242.5,-3270.0,-0.0,1.5,-0.35,0.00,252,252,-1,0.7,-1.6,1.7,-1.1,0.00,0.00,0.00,0.00,0.00,0.00,0.33,0.11,86,-1,0,3,0.3,0.06,0.120,0.121,-35.59,0,26,0,16.6,179.5,178.2,253.4,0.00,0,-0.4,0.6
73.20,land,251.81,98.19,0.120,1,4242.4,-3270.0,0.0,1.5,-0.35,0.00,252,252,-1,0.7,-1.6,1.7,-1.2,0.00,0.00,0.00,0.00,0.00,0.00,0.33,0.11,86,-1,0,3,0.2,0.06,0.120,0.121,-36.04,0,26,0,16.6,179.3,177.8,253.4,0.00,0,-0.3,0.5
73.30,land,248.15,101.85,0.120,1,4242.4,-3270.0,0.1,1.5,-0.35,0.00,252,252,-1,0.7,-1.6,1.7,-1.2,-0.00,0.00,0.00,0.00,0.00,0.00,0.33,0.11,86,-1,0,3,0.3,0.06,0.120,0.120,-36.49,0,26,0,16.6,179.3,177.8,253.4,0.00,0,-0.5,0.7
73.40,land,244.45,105.55,0.120,1,4242.4,-3270.0,0.1,1.5,-0.35,0.00,252,252,-1,0.7,-1.6,1.7,-1.2,-0.00,-0.00,0.00,0.00,0.00,0.00,0.33,0.11,86,-1,0,3,0.3,0.06,0.120,0.120,-36.94,0,26,0,16.6,179.3,177.8,253.4,0.00,0,-0.5,0.7
73.50,land,240.70,109.30,0.120,1,4242.3,-3270.0,0.1,1.5,-0.35,0.00,252,252,-1,0.7,-1.6,1.7,-1.3,-0.00,-0.00,0.00,0.00,0.00,0.00,0.33,0.11,86,-1,0,3,0.2,0.06,0.120,0.121,-37.38,0,26,0,16.6,179.3,177.8,253.4,0.00,0,-0.5,0.6
73.60,land,236.91,113.09,0.120,1,4242.3,-3270.0,0.2,1.5,-0.35,0.00,252,252,-1,0.8,-1.6,1.6,-1.3,-0.00,-0.00,0.00,0.00,0.00,0.00,0.34,0.11,86,-1,0,3,0.2,0.06,0.120,0.121,-37.81,0,26,0,16.5,179.2,177.3,253.5,0.00,0,-0.5,0.6
73.70,land,233.07,116.93,0.120,1,4242.3,-3270.0,0.2,1.5,-0.35,0.00,252,252,-1,0.8,-1.7,1.6,-1.3,-0.00,-0.00,0.00,0.00,0.00,0.00,0.34,0.11,86,-1,0,3,0.1,0.06,0.120,0.122,-38.24,0,26,0,16.5,179.2,177.3,253.5,0.00,0,-0.7,0.8
73.80,land,229.20,120.80,0.120,1,4242.3,-3270.0,0.2,1.5,-0.35,0.00,252,252,-1,0.8,-1.7,1.6,-1.4,-0.00,-0.00,0.00,0.00,0.00,0.00,0.34,0.11,86,-1,0,3,0.1,0.06,0.120,0.122,-38.67,0,26,0,16.5,179.2,177.3,253.5,0.00,0,-0.7,0.8
73.90,land,225.28,124.72,0.120,1,4242.2,-3270.0,0.3,1.5,-0.35,0.00,252,252,-1,0.8,-1.7,1.5,-1.4,-0.00,-0.00,0.00,0.00,0.00,0.00,0.34,0.11,86,-1,0,3,0.0,0.06,0.120,0.123,-39.09,0,26,0,16.5,179.2,177.3,253.5,0.00,0,-0.2,0.2
74.00,land,221.32,128.68,0.120,1,4242.2,-3270.0,0.3,1.5,-0.35,0.00,252,252,-1,0.8,-1.7,1.5,-1.4,-0.00,-0.01,0.00,0.00,0.00,0.00,0.34,0.11,86,-1,0,3,0.0,0.06,0.120,0.124,-39.51,0,26,0,16.5,179.0,176.6,253.5,0.00,0,-0.2,0.2
74.10,land,217.31,132.69,0.120,1,4242.1,-3270.0,0.3,1.5,-0.35,0.00,252,252,-1,0.9,-1.7,1.5,-1.5,-0.00,-0.01,0.00,0.00,0.00,0.00,0.34,0.11,86,-1,0,3,0.0,0.06,0.120,0.124,-39.92,0,26,0,16.5,179.0,176.6,253.5,0.00,0,-0.4,0.5
74.20,land,213.27,136.73,0.120,1,4242.1,-3270.0,0.4,1.5,-0.35,0.00,252,252,-1,0.9,-1.7,1.4,-1.5,-0.00,-0.01,0.00,0.00,0.00,0.00,0.34,0.11,86,-1,0,3,0.0,0.06,0.120,0.125,-40.33,0,26,0,16.5,179.0,176.6,253.5,0.00,0,-0.4,0.5
74.30,land,209.19,140.81,0.120,1,4242.1,-3270.0,0.4,1.5,-0.35,0.00,252,252,-1,0.9,-1.7,1.4,-1.6,-0.01,-0.01,0.00,0.00,0.00,0.00,0.34,0.11,86,-1,0,3,0.0,0.06,0.120,0.126,-40.73,0,26,0,16.5,179.0,176.6,253.5,0.00,0,-0.5,0.5
74.40,land,205.07,144.93,0.120,1,4242.0,-3270.0,0.4,1.5,-0.35,0.00,252,252,-1,0.9,-1.7,1.3,-1.6,-0.01,-0.01,0.00,0.00,0.00,0.00,0.34,0.11,86,-1,0,3,0.0,0.06,0.120,0.126,-41.12,0,26,0,16.5,178.8,175.8,253.5,0.00,0,0.0,0.0
74.50,land,200.91,149.09,0.120,1,4242.0,-3270.0,0.5,1.5,-0.35,0.00,252,252,-1,1.0,-1.7,1.3,-1.7,-0.01,-0.01,0.00,0.00,0.00,0.00,0.34,0.11,86,-1,0,3,0.0,0.06,0.120,0.127,-41.52,0,26,0,16.5,178.8,175.8,253.5,0.00,0,0.0,0.0
74.60,land,196.71,153.29,0.120,1,4241.9,-3270.0,0.5,1.5,-0.35,0.00,252,252,-1,1.0,-1.7,1.2,-1.7,-0.01,-0.01,0.00,0.00,0.00,0.00,0.34,0.11,86,-1,0,3,-0.0,0.06,0.120,0.128,-41.90,0,26,0,16.5,178.8,175.8,253.5,0.00,0,-0.8,0.8
74.70,land,192.47,157.53,0.120,1,4241.9,-3270.0,0.6,1.5,-0.35,0.00,252,252,-1,1.0,-1.7,1.2,-1.8,-0.01,-0.01,0.00,0.00,0.00,0.00,0.34,0.11,86,-1,0,3,-0.0,0.06,0.120,0.128,-42.29,0,26,0,16.5,178.8,175.8,253.5,0.00,0,-0.8,0.8
74.80,land,188.20,161.80,0.120,1,4241.9,-3270.0,0.6,1.5,-0.35,-0.18,252,253,-1,0.9,-2.0,1.1,-1.8,-0.01,-0.01,0.00,0.00,0.00,0.00,0.31,0.19,86,-1,0,3,-0.0,0.06,0.120,0.128,-42.67,0,26,0,16.5,178.5,174.9,253.5,0.00,0,-0.7,0.7
74.90,land,183.89,166.11,0.120,1,4241.9,-3270.0,0.6,1.5,-0.35,-0.18,252,253,-1,0.9,-2.3,1.0,-1.9,-0.00,-0.01,0.00,0.00,0.00,0.00,0.28,0.27,86,-1,0,3,-0.0,0.06,0.120,0.127,-43.04,0,26,0,16.5,178.5,174.9,253.5,0.00,0,-0.7,0.7
75.00,land,178.44,171.56,0.120,1,4241.8,-3270.1,0.7,1.5,-0.35,-0.18,252,253,-1,0.9,-2.3,1.0,-2.0,-0.01,-0.01,0.00,0.00,0.00,0.00,0.28,0.27,86,-1,0,3,0.1,0.06,0.120,0.128,-43.41,0,26,0,16.5,178.5,174.9,253.5,0.00,0,-0.4,0.5
75.10,land,175.15,174.85,0.120,1,4241.8,-3270.1,0.7,1.6,-0.35,-0.18,252,253,-1,0.9,-2.3,0.9,-2.0,-0.01,-0.01,0.00,0.00,0.00,0.00,0.28,0.27,86,-1,0,3,0.1,0.06,0.120,0.128,-43.77,0,26,0,16.5,178.5,174.9,253.5,0.00,0,-0.2,0.3
75.20,land,170.73,179.27,0.142,1,4241.8,-3270.1,0.7,1.6,-0.35,-0.18,252,253,-1,0.9,-2.3,0.9,-2.1,-0.01,-0.01,0.00,0.00,0.00,0.00,0.28,0.27,86,-1,0,3,0.1,0.06,0.142,0.150,-44.13,0,26,0,16.5,178.2,173.9,253.6,0.00,0,-0.2,0.3
75.30,land,166.27,183.73,0.208,1,4241.7,-3270.1,0.8,1.6,-0.35,-0.18,252,253,-1,1.0,-2.3,0.9,-2.2,-0.01,-0.01,0.00,0.00,0.00,0.00,0.28,0.27,86,-1,0,3,0.3,0.05,0.208,0.216,-44.49,0,26,0,16.5,178.2,173.9,253.6,0.00,0,-0.3,0.6
75.40,land,161.80,188.20,0.271,1,4241.7,-3270.1,0.8,1.6,-0.35,-0.18,252,253,-1,1.0,-2.4,0.8,-2.2,-0.01,-0.01,0.00,0.00,0.00,0.00,0.28,0.27,86,-1,0,3,0.6,0.05,0.271,0.280,-44.73,0,26,0,16.5,178.2,173.9,253.6,0.00,0,-0.1,0.8
75.50,land,157.34,192.66,0.325,1,4241.6,-3270.1,0.8,1.6,-0.35,-0.18,252,253,-1,1.0,-2.4,0.9,-2.3,-0.00,-0.01,0.00,0.00,0.00,0.00,0.28,0.27,86,-1,0,3,0.0,0.05,0.325,0.329,-44.70,0,26,0,16.5,178.2,173.9,253.6,0.00,0,0.0,0.0
75.60,land,152.90,197.10,0.369,1,4241.6,-3270.1,0.9,1.6,-0.35,-0.18,253,253,-1,1.0,-2.4,0.9,-2.3,0.00,0.00,0.00,0.00,0.00,0.00,0.28,0.27,86,-1,0,3,0.0,0.06,0.369,0.371,-44.43,0,26,0,16.3,178.0,173.2,253.7,0.00,0,0.0,0.0
75.70,land,148.52,201.48,0.404,1,4241.6,-3270.2,0.9,1.7,-0.35,-0.18,253,253,-1,1.0,-2.4,1.0,-2.2,0.01,0.01,0.00,0.00,0.00,0.00,0.28,0.27,86,-1,0,3,0.5,0.05,0.404,0.409,-43.96,0,26,0,16.3,178.0,173.2,253.7,0.00,0,0.8,-0.3
75.80,land,144.21,205.79,0.433,1,4241.5,-3270.2,0.9,1.7,-0.35,0.00,253,253,-1,1.2,-1.9,1.1,-2.2,0.00,0.00,0.00,0.00,0.00,0.00,0.34,0.11,86,-1,0,3,0.0,0.05,0.433,0.434,-43.33,0,26,0,16.3,178.0,173.2,253.7,0.00,0,0.0,0.0
75.90,land,139.99,210.01,0.450,1,4241.5,-3270.2,1.0,1.7,-0.35,0.00,253,253,-1,1.2,-1.9,1.1,-2.2,-0.01,-0.01,0.00,0.00,0.00,0.00,0.34,0.11,86,-1,0,3,0.5,0.06,0.450,0.455,-42.45,0,26,0,16.3,178.0,173.2,253.7,0.00,0,-0.3,0.6
76.00,land,135.87,214.13,0.460,1,4241.5,-3270.2,1.0,1.7,-0.18,0.00,253,253,-1,1.3,-1.9,1.0,-2.3,-0.01,-0.01,0.00,0.00,0.00,0.00,0.34,0.11,86,-1,0,3,0.5,0.05,0.460,0.469,-41.41,0,26,0,16.1,178.0,173.1,253.9,0.00,0,-0.5,0.7
76.10,land,131.87,218.13,0.467,1,4241.5,-3270.2,1.0,1.7,0.00,0.00,253,253,-1,0.8,-1.8,1.0,-2.4,-0.02,-0.01,0.00,0.00,0.00,0.00,0.17,0.05,86,-1,0,3,0.4,0.05,0.467,0.478,-40.33,0,26,0,16.1,178.0,173.1,253.9,0.00,0,-0.4,0.5
76.20,land,127.02,222.98,0.488,1,4241.5,-3270.2,1.0,1.7,0.00,0.00,253,253,-1,0.3,-1.6,1.0,-2.4,-0.01,-0.00,0.00,0.00,0.00,0.00,0.00,0.00,86,-1,0,3,0.4,0.05,0.488,0.495,-39.24,0,26,0,16.1,178.0,173.1,253.9,0.00,0,-0.4,0.5
76.30,land,124.19,225.81,0.479,1,4241.5,-3270.2,1.0,1.7,0.00,0.09,253,253,-1,0.3,-1.4,0.9,-2.4,-0.00,-0.01,0.00,0.00,0.00,0.00,0.03,-0.08,86,-1,0,3,0.4,0.05,0.479,0.482,-38.09,0,26,0,16.1,178.0,173.1,253.9,0.00,0,-0.3,-0.2
76.40,land,120.54,229.46,0.478,1,4241.5,-3270.1,1.0,1.6,0.00,0.18,253,253,-1,0.4,-1.1,0.9,-2.3,-0.00,-0.01,0.00,0.00,0.00,0.00,0.05,-0.17,86,-1,0,3,0.3,0.05,0.478,0.482,-36.85,0,26,0,15.9,178.0,172.9,254.1,0.00,0,-0.8,-0.7
76.50,land,117.02,232.98,0.472,1,4241.5,-3270.1,1.0,1.6,0.00,0.18,253,253,-1,0.4,-1.1,0.8,-2.2,-0.00,-0.01,0.00,0.00,0.00,0.00,0.05,-0.17,86,-1,0,3,0.3,0.05,0.472,0.478,-35.53,0,26,0,15.9,178.0,172.9,254.1,0.00,0,-0.8,-0.7
76.60,land,113.63,236.37,0.466,1,4241.5,-3270.1,1.0,1.6,0.00,0.18,253,253,-1,0.4,-1.1,0.7,-2.2,-0.00,-0.02,0.00,0.00,0.00,0.00,0.05,-0.17,86,-1,0,3,0.2,0.05,0.466,0.475,-34.22,0,26,0,15.9,178.0,172.9,254.1,0.00,0,-0.7,-0.4
76.70,land,110.36,239.64,0.463,1,4241.5,-3270.1,1.0,1.6,0.00,0.35,253,253,-1,0.4,-1.1,0.6,-2.1,-0.00,-0.01,0.00,0.00,0.00,0.00,0.05,-0.17,86,-1,0,3,0.0,0.05,0.463,0.470,-32.98,0,26,0,15.9,178.0,172.9,254.1,0.00,0,0.0,0.0
76.80,land,107.20,242.80,0.465,1,4241.5,-3270.0,1.0,1.6,0.00,0.35,253,253,-1,0.6,-0.6,0.7,-2.1,-0.01,0.00,0.00,0.00,0.00,0.00,0.10,-0.34,86,-1,0,3,0.5,0.05,0.465,0.470,-31.84,0,26,0,15.8,178.1,173.3,254.2,0.00,0,1.2,-0.5
76.90,land,104.15,245.85,0.469,1,4241.5,-3270.0,1.0,1.5,0.00,0.35,253,253,-1,0.6,-0.6,0.8,-2.0,-0.01,0.02,0.00,0.00,0.00,0.00,0.10,-0.34,86,-1,0,3,0.5,0.04,0.469,0.478,-30.74,0,26,0,15.8,178.1,173.3,254.2,0.00,0,1.2,-0.5
77.00,land,101.21,248.79,0.475,1,4241.5,-3269.9,1.0,1.5,0.00,0.35,253,253,-1,0.6,-0.5,0.9,-1.9,0.01,0.02,0.00,0.00,0.00,0.00,0.10,-0.34,86,-1,0,2,0.7,0.04,0.475,0.485,-29.67,0,26,0,15.8,178.1,173.3,254.2,0.00,0,0.9,-1.8
77.10,land,98.38,251.62,0.479,1,4241.5,-3269.9,1.0,1.4,0.00,0.35,253,253,-1,0.6,-0.5,1.0,-1.7,0.01,0.01,0.00,0.00,0.00,0.00,0.10,-0.34,86,-1,0,2,0.7,0.03,0.479,0.487,-28.57,0,26,0,15.8,178.1,173.3,254.2,0.00,0,-0.2,-1.4
77.20,land,95.66,254.34,0.482,1,4241.5,-3269.9,1.0,1.4,0.00,0.35,253,253,-1,0.6,-0.5,1.0,-1.6,0.01,-0.01,0.00,0.00,0.00,0.00,0.10,-0.34,86,-1,0,2,0.7,0.03,0.482,0.487,-27.45,0,26,0,15.6,178.7,175.3,254.4,0.00,0,-0.7,-0.9
77.30,land,93.06,256.94,0.481,1,4241.5,-3269.9,1.0,1.4,0.00,0.35,253,253,-1,0.6,-0.5,0.9,-1.5,0.00,-0.01,0.00,0.00,0.00,0.00,0.10,-0.34,86,-1,0,2,0.7,0.03,0.481,0.488,-26.27,0,26,0,15.6,178.7,175.3,254.4,0.00,0,-0.7,-0.9
77.40,land,90.59,259.41,0.479,1,4241.5,-3269.8,1.0,1.3,0.35,0.35,253,253,-1,-0.4,-0.1,0.8,-1.4,-0.00,-0.01,0.00,0.00,0.00,0.00,-0.23,-0.44,86,-1,0,2,0.7,0.03,0.479,0.483,-25.05,0,26,0,15.6,178.7,175.3,254.4,0.00,0,-1.0,-0.9
77.50,land,88.23,261.77,0.477,1,4241.5,-3269.8,1.0,1.3,0.35,0.53,253,253,-1,-0.2,0.4,0.7,-1.4,-0.01,-0.01,0.00,0.00,0.00,0.00,-0.18,-0.61,86,-1,0,2,0.6,0.03,0.477,0.486,-23.85,0,26,0,15.6,178.7,175.3,254.4,0.00,0,-1.0,-0.6
77.60,land,85.99,264.01,0.475,1,4241.6,-3269.7,0.9,1.2,0.35,0.53,253,254,-1,-0.2,0.4,0.5,-1.3,-0.01,-0.02,0.00,0.00,0.00,0.00,-0.18,-0.61,86,-1,0,2,0.5,0.03,0.475,0.486,-22.66,0,26,0,15.3,178.9,175.8,254.7,0.00,0,-1.2,-0.5
77.70,land,83.87,266.13,0.473,1,4241.6,-3269.6,0.9,1.2,0.35,0.53,253,254,-1,-0.3,0.5,0.4,-1.3,-0.01,-0.02,0.00,0.00,0.00,0.00,-0.19,-0.61,86,-1,0,2,0.5,0.03,0.473,0.487,-21.48,0,26,0,15.3,178.9,175.8,254.7,0.00,0,-1.7,-0.7
77.80,land,81.87,268.13,0.473,1,4241.7,-3269.6,0.9,1.1,0.35,0.53,253,254,-1,-0.3,0.5,0.2,-1.2,-0.01,-0.02,0.00,0.00,0.00,0.00,-0.19,-0.61,86,-1,0,2,0.4,0.03,0.473,0.486,-20.34,0,26,0,15.3,178.9,175.8,254.7,0.00,0,-1.0,-0.9
77.90,land,79.96,270.04,0.476,1,4241.7,-3269.5,0.8,1.1,0.35,0.53,253,254,-1,-0.3,0.6,0.1,-1.1,-0.00,-0.02,0.00,0.00,0.00,0.00,-0.19,-0.61,86,-1,0,2,0.7,0.03,0.476,0.483,-19.26,0,26,0,15.3,178.9,175.8,254.7,0.00,0,-0.4,-1.5
78.00,land,78.17,271.83,0.480,1,4241.7,-3269.5,0.8,1.0,0.35,0.53,253,254,-1,-0.3,0.6,0.1,-0.9,0.01,-0.00,0.00,0.00,0.00,0.00,-0.19,-0.61,86,-1,0,2,1.2,0.02,0.480,0.485,-18.19,0,26,0,15.1,179.1,176.8,254.9,0.00,0,0.2,-1.8
78.10,land,76.48,273.52,0.484,1,4241.8,-3269.4,0.8,1.0,0.35,0.53,254,254,-1,-0.3,0.6,0.1,-0.7,0.01,0.00,0.00,0.00,0.00,0.00,-0.19,-0.61,86,-1,0,2,1.4,0.01,0.484,0.489,-17.11,0,26,0,15.1,179.1,176.8,254.9,0.00,0,0.3,-1.6
78.20,land,74.91,275.09,0.485,1,4241.8,-3269.4,0.7,0.9,0.35,0.53,254,254,-1,-0.3,0.7,0.2,-0.6,0.01,0.00,0.00,0.00,0.00,0.00,-0.19,-0.61,86,-1,0,2,1.4,0.01,0.485,0.491,-15.99,0,26,0,15.1,179.1,176.8,254.9,0.00,0,0.3,-1.6
78.30,land,73.45,276.55,0.488,1,4241.8,-3269.4,0.7,0.9,0.35,0.53,254,254,-1,-0.3,0.7,0.2,-0.4,0.01,0.00,0.00,0.00,0.00,0.00,-0.19,-0.60,86,-1,0,2,1.5,0.01,0.488,0.493,-14.88,0,26,0,15.1,179.1,176.8,254.9,0.00,0,0.2,-1.5
78.40,land,72.09,277.91,0.491,1,4241.9,-3269.3,0.7,0.8,0.35,0.53,254,254,-1,-0.4,0.7,0.2,-0.3,0.01,0.00,0.00,0.00,0.00,0.00,-0.19,-0.60,86,-1,0,2,1.5,0.00,0.491,0.495,-13.78,0,26,0,14.5,179.8,179.2,255.5,0.00,0,-0.0,-1.4
78.50,land,70.85,279.15,0.495,1,4241.9,-3269.2,0.6,0.8,0.35,0.53,254,254,-1,-0.4,0.8,0.2,-0.1,0.01,-0.00,0.00,0.00,0.00,0.00,-0.19,-0.60,86,-1,0,2,1.2,0.00,0.495,0.499,-12.70,0,26,0,14.5,179.8,179.2,255.5,0.00,0,-0.2,-1.0
78.70,land,70.55,279.45,0.120,1,4241.9,-3269.2,0.6,0.7,-0.01,0.09,254,254,-1,0.3,-0.7,-0.1,-0.1,-0.01,-0.02,0.00,0.00,0.00,0.00,0.03,-0.08,86,-1,0,1,0.0,0.03,0.120,0.133,1.08,0,26,0,14.5,179.8,179.2,255.5,0.00,0,-0.8,0.5
78.90,land,70.90,279.10,0.120,1,4241.9,-3269.2,0.6,0.7,0.00,0.18,254,255,-1,0.4,-0.5,-0.2,-0.4,-0.02,-0.02,0.00,0.00,0.00,0.00,0.05,-0.17,86,-1,0,1,0.0,0.02,0.120,0.134,1.83,0,26,0,14.3,179.7,178.9,255.7,0.00,0,-0.4,1.2
79.10,land,71.00,279.00,0.120,1,4241.9,-3269.1,0.6,0.6,0.00,0.18,254,255,-1,0.4,-0.4,-0.1,-0.5,-0.01,-0.00,0.00,0.00,0.00,0.00,0.05,-0.17,86,-1,0,1,0.0,0.02,0.120,0.124,0.29,0,26,0,14.3,179.7,178.9,255.7,0.00,0,0.2,0.2
79.30,land,70.79,279.21,0.120,1,4241.9,-3269.1,0.6,0.6,0.00,0.18,254,255,-1,0.4,-0.4,0.0,-0.5,-0.00,0.00,0.00,0.00,0.00,0.00,0.05,-0.17,86,-1,0,1,0.0,0.02,0.120,0.122,-1.27,0,26,0,14.3,179.5,178.1,255.7,0.00,0,0.6,0.0
79.50,land,70.51,279.49,0.120,1,4241.9,-3269.1,0.6,0.6,0.00,-0.12,255,255,-1,0.2,-1.1,0.1,-0.2,0.05,-0.00,0.00,0.00,0.00,0.00,-0.02,0.07,86,-1,0,1,0.3,0.01,0.120,0.142,-1.16,0,26,0,14.3,179.5,178.1,255.7,0.00,0,-1.3,-2.0
79.70,land,70.50,279.50,0.120,1,4241.9,-3269.1,0.6,0.6,0.00,0.00,255,255,-1,0.2,-0.9,-0.0,-0.0,0.01,-0.01,0.00,0.00,0.00,0.00,0.00,0.00,86,-1,0,1,0.0,0.02,0.120,0.125,-0.01,0,26,0,14.2,180.0,180.0,255.8,0.00,0,0.0,0.0
79.90,land,70.50,279.50,0.120,1,4241.9,-3269.1,0.6,0.6,0.00,0.00,255,255,-1,0.2,-0.9,0.0,0.0,0.01,-0.01,0.00,0.00,0.00,0.00,0.00,0.00,86,-1,0,1,-0.0,0.02,0.120,0.126,-0.00,0,26,0,14.2,180.0,180.0,255.8,0.00,0,0.5,0.4
80.10,land,70.50,279.50,0.120,1,4241.9,-3269.1,0.6,0.6,0.00,0.00,255,255,-1,0.2,-0.9,0.0,0.0,0.01,-0.01,0.00,0.00,0.00,0.00,0.00,0.00,86,-1,0,1,0.0,0.00,0.120,0.126,0.00,0,26,0,14.2,180.0,180.0,255.8,0.00,0,-0.0,0.0
80.30,land,70.50,279.50,0.120,1,4241.9,-3269.1,0.6,0.6,0.00,0.00,255,255,-1,0.2,-0.9,-0.0,0.0,0.01,-0.01,0.00,0.00,0.00,0.00,0.00,0.00,86,-1,0,1,0.0,0.01,0.120,0.126,0.00,0,26,0,14.2,180.0,180.0,255.8,0.00,0,-0.0,0.0
80.50,land,70.50,279.50,0.120,1,4241.9,-3269.1,0.6,0.6,0.00,0.00,255,255,-1,0.2,-0.9,-0.0,0.0,0.01,-0.01,0.00,0.00,0.00,0.00,0.00,0.00,86,-1,0,1,0.0,0.01,0.120,0.126,0.00,0,26,0,14.2,180.0,180.0,255.8,0.00,0,0.0,0.0
80.70,land,70.50,279.50,0.120,1,4241.9,-3269.1,0.6,0.6,0.00,0.00,255,255,-1,0.2,-0.9,-0.0,0.0,0.01,-0.01,0.00,0.00,0.00,0.00,0.00,0.00,86,-1,0,1,0.0,0.01,0.120,0.126,0.00,0,26,0,14.2,180.0,180.0,255.8,0.00,0,0.0,0.0
80.90,land,70.50,279.50,0.120,1,4241.9,-3269.1,0.6,0.6,0.00,0.00,255,255,-1,0.2,-0.9,-0.0,-0.0,0.01,-0.01,0.00,0.00,0.00,0.00,0.00,0.00,86,-1,0,1,0.0,0.01,0.120,0.126,0.00,0,26,0,14.2,180.0,180.0,255.8,0.00,0,0.0,0.0
81.10,land,70.50,279.50,0.120,1,4241.9,-3269.1,0.6,0.6,0.00,0.00,255,255,-1,0.2,-0.9,-0.0,-0.0,0.01,-0.01,0.00,0.00,0.00,0.00,0.00,0.00,86,-1,0,1,0.0,0.01,0.120,0.127,0.00,0,26,0,14.2,180.0,180.0,255.8,0.00,0,0.0,0.0
81.30,land,70.50,279.50,0.120,1,4241.9,-3269.1,0.6,0.6,0.00,0.00,255,255,-1,0.2,-0.9,-0.0,-0.0,0.01,-0.01,0.00,0.00,0.00,0.00,0.00,0.00,86,-1,0,1,0.0,0.01,0.120,0.127,0.00,0,26,0,14.2,180.0,180.0,255.8,0.00,0,0.0,0.0
81.50,land,70.50,279.50,0.120,1,4241.9,-3269.1,0.6,0.6,0.00,0.00,255,255,-1,0.2,-0.9,0.0,-0.0,0.01,-0.01,0.00,0.00,0.00,0.00,0.00,0.00,86,-1,0,1,0.0,0.01,0.120,0.127,0.00,0,26,0,14.2,180.0,180.0,255.8,0.00,0,0.0,0.0
81.60,touchdown,70.50,279.50,0.000,1,4241.9,-3269.1,0.6,0.6,0.00,0.00,255,255,-1,0.2,-0.9,0.0,-0.0,0.01,-0.01,0.00,0.00,0.00,0.00,0.00,0.00,86,-1,1,1,-0.3,0.01,0.000,0.000,0.00,0,26,0,14.2,180.0,180.0,255.8,0.00,0,0.2,-0.0
81.70,touchdown,70.50,279.50,0.000,1,4241.9,-3269.1,0.6,0.6,0.00,0.00,255,255,-1,0.2,-0.9,0.0,-0.0,0.01,-0.01,0.00,0.00,0.00,0.00,0.00,0.00,86,-1,1,1,0.0,0.02,0.000,0.000,0.00,0,26,0,14.2,180.0,180.0,255.8,0.00,0,0.0,-0.0
81.90,touchdown,70.50,279.50,0.000,1,4241.9,-3269.1,0.6,0.6,0.00,0.00,255,255,-1,0.2,-0.9,0.0,-0.0,0.01,-0.01,0.00,0.00,0.00,0.00,0.00,0.00,86,-1,1,1,0.0,0.01,0.000,0.000,0.00,0,26,0,14.2,180.0,180.0,255.8,0.00,0,0.0,0.0
82.10,touchdown,70.50,279.50,0.000,1,4241.9,-3269.1,0.6,0.6,0.00,0.00,255,255,-1,0.2,-0.9,0.0,-0.0,0.01,-0.01,0.00,0.00,0.00,0.00,0.00,0.00,86,-1,1,1,-0.0,0.01,0.000,0.000,0.00,0,26,0,14.2,180.0,180.0,255.8,0.00,0,-0.0,0.0
82.30,touchdown,70.50,279.50,0.000,1,4241.9,-3269.1,0.6,0.6,0.00,0.00,255,255,-1,0.2,-0.9,0.0,-0.0,0.01,-0.01,0.00,0.00,0.00,0.00,0.00,0.00,86,-1,1,1,0.0,0.01,0.000,0.000,0.00,0,26,0,14.2,180.0,180.0,255.8,0.00,0,0.0,-0.0
82.50,touchdown,70.50,279.50,0.000,1,4241.9,-3269.1,0.6,0.6,0.00,0.00,255,255,-1,0.2,-0.9,0.0,-0.0,0.01,-0.01,0.00,0.00,0.00,0.00,0.00,0.00,86,-1,1,1,-0.2,0.02,0.000,0.000,0.00,0,26,0,14.2,180.0,180.0,255.8,0.00,0,-0.3,0.1
82.70,touchdown,70.50,279.50,0.000,1,4241.9,-3269.1,0.6,0.6,0.00,0.00,255,255,-1,0.2,-1.0,0.0,-0.0,0.01,-0.01,0.00,0.00,0.00,0.00,0.00,0.00,86,-1,1,1,0.0,0.01,0.000,0.000,0.00,0,26,0,14.2,180.0,180.0,255.8,0.00,0,0.0,-0.0
82.90,touchdown,70.50,279.50,0.000,1,4241.9,-3269.1,0.6,0.6,0.00,0.00,255,255,-1,0.2,-1.0,0.0,-0.0,0.01,-0.01,0.00,0.00,0.00,0.00,0.00,0.00,86,-1,1,1,0.5,0.00,0.000,0.000,0.00,0,26,0,14.2,180.0,180.0,255.8,0.00,0,0.5,0.5
83.10,touchdown,70.50,279.50,0.000,1,4241.9,-3269.1,0.6,0.6,0.00,0.00,255,255,-1,0.2,-1.0,0.0,-0.0,0.01,-0.01,0.00,0.00,0.00,0.00,0.00,0.00,86,-1,1,1,0.0,0.01,0.000,0.000,0.00,0,26,0,14.2,180.0,180.0,255.8,0.00,0,0.0,0.0
83.30,touchdown,70.50,279.50,0.000,1,4241.9,-3269.1,0.6,0.6,0.00,0.00,255,255,-1,0.2,-1.0,0.0,-0.0,0.01,-0.01,0.00,0.00,0.00,0.00,0.00,0.00,86,-1,1,1,-0.2,0.02,0.000,0.000,0.00,0,26,0,14.2,180.0,180.0,255.8,0.00,0,0.2,0.2
83.50,touchdown,70.50,279.50,0.000,1,4241.9,-3269.1,0.6,0.6,0.00,0.00,255,255,-1,0.2,-1.0,0.0,-0.0,0.01,-0.01,0.00,0.00,0.00,0.00,0.00,0.00,86,-1,1,1,0.0,0.01,0.000,0.000,0.00,0,26,0,14.2,180.0,180.0,255.8,0.00,0,0.0,0.0
83.70,touchdown,70.50,279.50,0.000,1,4241.9,-3269.1,0.6,0.6,0.00,0.00,255,255,-1,0.3,-1.0,0.0,-0.0,0.01,-0.01,0.00,0.00,0.00,0.00,0.00,0.00,86,-1,1,1,0.0,0.01,0.000,0.000,0.00,0,26,0,14.2,180.0,180.0,255.8,0.00,0,0.0,0.0
83.90,touchdown,70.50,279.50,0.000,1,4241.9,-3269.1,0.6,0.6,0.00,0.00,255,255,-1,0.3,-1.0,0.0,-0.0,0.01,-0.01,0.00,0.00,0.00,0.00,0.00,0.00,86,-1,1,1,0.0,0.01,0.000,0.000,0.00,0,26,0,14.2,180.0,180.0,255.8,0.00,0,0.0,0.0
84.10,touchdown,70.50,279.50,0.000,1,4241.9,-3269.1,0.6,0.6,0.00,0.00,255,255,-1,0.3,-1.0,0.0,-0.0,0.01,-0.01,0.00,0.00,0.00,0.00,0.00,0.00,86,-1,1,1,-0.0,0.01,0.000,0.000,0.00,0,26,0,14.2,180.0,180.0,255.8,0.00,0,-0.0,0.0
84.30,touchdown,70.50,279.50,0.000,1,4241.9,-3269.1,0.6,0.6,0.00,0.00,255,255,-1,0.3,-1.0,0.0,-0.0,0.01,-0.01,0.00,0.00,0.00,0.00,0.00,0.00,86,-1,1,1,0.0,0.01,0.000,0.000,0.00,0,26,0,14.2,180.0,180.0,255.8,0.00,0,-0.0,0.0
84.50,touchdown,70.50,279.50,0.000,1,4241.9,-3269.1,0.6,0.6,0.00,0.00,255,255,-1,0.3,-1.0,0.0,-0.0,0.01,-0.01,0.00,0.00,0.00,0.00,0.00,0.00,86,-1,1,1,0.0,0.01,0.000,0.000,0.00,0,26,0,14.2,180.0,180.0,255.8,0.00,0,-0.0,0.0
84.70,touchdown,70.50,279.50,0.000,1,4241.9,-3269.1,0.6,0.6,0.00,0.00,255,255,-1,0.3,-1.0,0.0,-0.0,0.01,-0.01,0.00,0.00,0.00,0.00,0.00,0.00,86,-1,1,1,0.0,0.01,0.000,0.000,0.00,0,26,0,14.2,180.0,180.0,255.8,0.00,0,-0.0,0.0
84.70,end:ok:control [lean 58 body 30 braketurn 0.55],0,0,0,0,0,0,0,0,0,0,0,0,0,0,0,0,0,0,0,0,0,0,0,0,0,0,0,0,0,0,0,0,0,0,0,0,0,0,0,0,0,0,0,0,0
