t,phase,height,err,pwr,gps,x,z,ex,ez,vxw,vzw,hdg,rawhdg,mothdg,tp,tr,p,r,vx,vy,sched,fwdRaw,latRaw,vrtRaw,fwdH,latH,energy,fuel,sat,yerr,yrate,ydem,athr,amax,vv,dockc,npers,chg,nav1,nav3,nav2,trihdg,trires,aimq,wx,wz
0.00,climb,96.50,253.50,1.000,1,1892.5,365.5,508.0,-3634.0,0.00,0.00,89,89,-1,0.0,0.0,-0.0,0.0,0.00,-0.00,0.00,0.00,0.00,0.00,0.00,0.00,-1,-1,1,2,0.0,0.03,1.000,1.000,0.00,0,0,0,180.0,0.0,180.0,90.0,0.00,0,-0.0,0.0
0.10,climb,96.50,253.50,1.000,1,1892.5,365.5,508.0,-3634.0,0.00,0.00,89,89,-1,0.0,0.0,-0.0,0.0,0.00,-0.00,0.00,0.00,0.00,0.00,0.00,0.00,-1,-1,1,5,0.0,0.09,1.000,1.000,0.00,0,0,0,180.0,0.0,180.0,90.0,0.00,0,-0.0,0.0
0.20,climb,96.50,253.50,1.000,1,1892.5,365.5,508.0,-3634.0,0.00,0.00,89,89,-1,0.0,0.0,-0.0,-0.0,-0.00,-0.00,0.00,0.00,0.00,0.00,0.00,0.00,-1,-1,1,7,0.0,0.15,1.000,1.000,0.00,0,0,0,180.0,0.0,180.0,90.0,0.00,0,-0.0,0.0
0.30,climb,96.50,253.50,1.000,1,1892.5,365.5,508.0,-3634.0,0.00,0.00,89,89,-1,0.0,0.0,-0.0,-0.0,-0.00,-0.00,0.00,0.00,0.00,0.00,0.00,0.00,-1,-1,1,11,0.0,0.21,1.000,1.000,0.00,0,0,0,180.0,0.0,180.0,90.0,0.00,0,-0.0,0.0
0.40,climb,96.50,253.50,1.000,1,1892.5,365.5,508.0,-3634.0,0.00,0.00,89,89,-1,0.0,0.0,-0.0,-0.0,-0.00,-0.00,0.00,0.00,0.00,0.00,0.00,0.00,-1,-1,1,13,0.0,0.27,1.000,1.000,0.00,0,0,0,180.0,0.0,180.0,90.0,0.00,0,-0.0,0.0
0.50,climb,96.62,253.38,1.000,1,1892.5,365.5,508.0,-3634.0,0.00,0.00,89,89,-1,0.0,0.0,-0.0,-0.0,-0.00,-0.00,0.00,0.00,0.00,0.00,-0.00,0.00,-1,-1,1,16,4.6,0.31,1.000,1.000,0.70,0,0,0,180.0,0.0,180.0,90.0,0.00,0,-0.5,0.2
0.60,climb,96.96,253.04,1.000,1,1892.5,365.5,508.0,-3634.0,0.00,0.00,89,89,-1,0.0,0.0,-0.1,-0.0,-0.00,-0.01,0.00,0.00,0.00,0.00,0.00,0.00,-1,-1,1,19,4.6,0.30,1.000,1.000,2.75,0,0,0,180.0,0.0,180.0,90.0,0.00,0,-0.5,0.2
0.70,climb,97.60,252.40,1.000,1,1892.5,365.5,508.0,-3634.0,0.00,0.00,89,89,-1,0.0,0.0,-0.2,-0.1,-0.01,-0.02,0.00,0.00,0.00,0.00,0.00,0.00,-1,-1,1,22,20.0,0.23,1.000,1.000,5.65,0,0,0,180.0,0.0,180.0,90.0,0.00,0,-1.3,0.5
0.80,climb,99.17,250.83,1.000,1,1892.5,365.5,508.0,-3634.0,0.00,0.00,90,93,-1,0.0,0.0,-0.3,-0.1,-0.01,-0.02,0.00,0.00,0.00,0.00,0.00,0.00,81,-1,1,25,20.0,0.10,1.000,1.000,8.84,0,26,0,175.7,359.9,181.5,94.3,0.00,0,-1.3,0.5
0.90,climb,99.85,250.15,1.000,1,1892.5,365.5,508.0,-3634.0,0.09,-0.01,90,93,-1,0.0,0.0,-0.4,-0.2,-0.02,-0.02,0.00,0.00,0.00,0.00,0.09,-0.01,81,-1,1,27,29.8,-0.05,1.000,1.000,11.99,0,26,0,175.7,359.9,181.5,94.3,0.00,0,-1.1,0.7
1.00,climb,101.44,248.56,1.000,1,1892.5,365.5,508.0,-3634.0,0.18,-0.02,91,93,-1,0.0,0.0,-0.4,-0.3,-0.02,-0.00,0.00,0.00,0.00,0.00,0.18,-0.02,81,-1,1,30,38.1,-0.16,1.000,1.000,15.11,0,26,0,175.7,359.9,181.5,94.3,0.00,0,-0.3,0.7
1.10,climb,103.33,246.67,1.000,1,1892.6,365.5,507.9,-3634.0,0.35,-0.11,91,93,-1,0.0,0.0,-0.3,-0.3,-0.01,0.02,0.00,0.00,0.00,0.00,0.26,-0.06,81,-1,1,32,42.5,-0.21,1.000,1.000,18.20,0,26,0,175.7,359.9,181.5,94.3,0.00,0,1.7,-0.8
1.20,climb,105.53,244.47,1.000,1,1892.6,365.5,507.9,-3634.0,0.44,-0.13,94,109,-1,0.0,0.0,-0.1,-0.2,0.01,0.03,0.00,0.00,0.00,0.00,0.34,-0.13,81,-1,1,33,38.3,-0.20,1.000,1.000,21.26,0,26,0,160.1,359.8,180.6,109.9,0.00,0,2.2,-1.3
1.30,climb,109.40,240.60,1.000,1,1892.6,365.5,507.9,-3634.0,0.44,-0.13,96,109,-1,0.0,0.0,0.2,-0.1,0.02,0.04,0.00,0.00,0.00,0.00,0.42,-0.18,81,-1,1,34,38.3,-0.10,1.000,1.000,24.29,0,26,0,160.1,359.8,180.6,109.9,0.00,0,2.2,-1.3
1.40,climb,110.84,239.16,1.000,1,1892.7,365.4,507.8,-3634.0,0.40,-0.15,98,109,-1,0.0,0.0,0.4,0.1,0.03,0.04,0.00,0.00,0.00,0.00,0.41,-0.21,81,-1,1,35,24.0,0.06,1.000,1.000,27.29,0,26,0,160.1,359.8,180.6,109.9,0.00,0,2.0,-1.5
1.50,climb,113.93,236.07,1.000,1,1892.8,365.4,507.8,-3633.9,0.31,-0.15,100,109,-1,0.0,0.0,0.6,0.2,0.02,0.03,0.00,0.00,0.00,0.00,0.36,-0.22,81,-1,1,36,18.0,0.24,1.000,1.000,30.26,0,26,0,160.1,359.8,180.6,109.9,0.00,0,0.9,-0.7
1.60,climb,118.22,231.78,1.000,1,1892.8,365.4,507.7,-3633.9,0.18,-0.13,103,120,-1,0.0,0.0,0.6,0.3,0.01,0.01,0.00,0.00,0.00,0.00,0.27,-0.22,81,-1,1,36,15.9,0.36,1.000,1.000,33.20,0,26,0,149.5,359.9,180.1,120.5,0.00,0,-0.8,0.6
1.70,climb,121.01,228.99,1.000,1,1892.8,365.4,507.7,-3633.9,0.18,-0.13,105,120,-1,0.0,0.0,0.5,0.2,-0.01,-0.02,0.00,0.00,0.00,0.00,0.14,-0.17,81,-1,1,36,15.9,0.41,1.000,1.000,36.10,0,26,0,149.5,359.9,180.1,120.5,0.00,0,-0.8,0.6
1.80,climb,127.08,222.92,1.000,1,1892.8,365.4,507.7,-3633.9,0.00,-0.11,107,120,-1,0.0,0.0,0.2,-0.0,-0.03,-0.04,0.00,0.00,0.00,0.00,0.00,-0.14,81,-1,1,37,26.2,0.36,1.000,1.000,38.98,0,26,0,149.5,359.9,180.1,120.5,0.00,0,-3.9,3.0
1.90,climb,129.24,220.76,1.000,1,1892.8,365.4,507.7,-3633.9,0.00,-0.11,109,120,-1,0.0,0.0,-0.2,-0.3,-0.05,-0.06,0.00,0.00,0.00,0.00,-0.04,-0.10,81,-1,1,38,35.8,0.24,1.000,1.000,41.82,0,26,0,149.5,359.9,180.1,120.5,0.00,0,-4.6,3.4
2.00,climb,133.78,216.22,1.000,1,1892.8,365.4,507.7,-3633.9,0.09,-0.11,112,130,-1,0.0,0.0,-0.6,-0.7,-0.06,-0.07,0.00,0.00,0.00,0.00,-0.04,-0.10,81,-1,1,38,45.5,0.05,1.000,1.000,44.64,0,26,0,139.1,359.9,180.2,130.9,0.00,0,-3.8,2.9
2.10,climb,138.60,211.40,0.865,1,1892.8,365.4,507.7,-3633.9,0.09,-0.11,115,130,-1,0.0,0.0,-0.9,-1.0,-0.06,-0.05,0.00,0.00,0.00,0.00,0.03,-0.14,81,-1,0,39,45.5,-0.14,0.866,0.910,47.41,0,26,0,139.1,359.9,180.2,130.9,0.00,0,-3.8,2.9
2.20,climb,143.68,206.32,0.707,1,1892.8,365.3,507.7,-3633.8,0.31,-0.09,117,130,-1,0.0,0.0,-0.9,-1.3,-0.05,-0.01,0.00,0.00,0.00,0.00,0.23,-0.22,81,-1,0,39,53.1,-0.28,0.710,0.734,50.16,0,26,0,139.1,359.9,180.2,130.9,0.00,0,-2.0,1.7
2.30,climb,148.99,201.01,0.555,1,1892.9,365.3,507.6,-3633.8,0.57,-0.05,119,130,-1,0.0,0.0,-0.7,-1.2,-0.00,0.02,0.00,0.00,0.00,0.00,0.47,-0.33,81,-1,0,40,55.8,-0.32,0.558,0.568,52.62,0,26,0,139.1,359.9,180.2,130.9,0.00,0,0.2,-0.6
2.40,climb,154.46,195.54,0.432,1,1893.0,365.3,507.6,-3633.8,0.88,-0.02,124,151,-1,0.0,0.0,-0.4,-0.8,0.04,0.05,0.00,0.00,0.00,0.00,0.63,-0.48,81,-1,0,39,47.4,-0.29,0.435,0.471,54.36,0,26,0,118.2,359.9,180.0,151.8,0.00,0,3.4,-5.2
2.50,climb,160.01,189.99,0.338,1,1893.1,365.3,507.5,-3633.8,0.97,-0.02,128,151,-1,0.0,0.0,-0.0,-0.3,0.07,0.06,0.00,0.00,0.00,0.00,0.68,-0.56,81,-1,0,37,40.7,-0.20,0.339,0.391,55.43,0,26,0,118.2,359.9,180.0,151.8,0.00,0,3.0,-5.1
2.60,climb,165.59,184.41,0.272,1,1893.1,365.3,507.4,-3633.8,0.97,-0.02,132,151,-1,0.0,0.0,0.3,0.2,0.07,0.04,0.00,0.00,0.00,0.00,0.71,-0.66,81,-1,0,37,40.7,-0.07,0.272,0.319,55.87,0,26,0,118.2,359.9,180.0,151.8,0.00,0,3.0,-5.1
2.70,climb,171.15,178.85,0.231,1,1893.2,365.3,507.3,-3633.8,0.88,-0.03,135,151,-1,0.0,0.0,0.4,0.5,0.06,0.03,0.00,0.00,0.00,0.00,0.60,-0.64,81,-1,0,37,34.8,0.04,0.231,0.265,55.78,0,26,0,118.2,359.9,180.0,151.8,0.00,0,2.0,-3.7
2.80,climb,176.66,173.34,0.208,1,1893.4,365.3,507.2,-3633.8,0.79,-0.07,139,166,-1,0.0,0.0,0.5,0.7,0.03,0.02,0.00,0.00,0.00,0.00,0.54,-0.69,81,-1,0,35,27.0,0.10,0.208,0.229,55.31,0,26,0,103.4,358.5,180.4,166.6,0.00,0,0.9,-0.4
2.90,climb,182.10,167.90,0.197,1,1893.4,365.3,507.1,-3633.8,0.79,-0.07,143,166,-1,0.0,0.0,0.6,0.7,0.01,0.01,0.00,0.00,0.00,0.00,0.42,-0.67,81,-1,0,34,27.0,0.14,0.197,0.206,54.59,0,26,0,103.4,358.5,180.4,166.6,0.00,0,0.9,-0.4
3.00,climb,187.45,162.55,0.192,1,1893.5,365.3,507.0,-3633.8,0.70,-0.09,147,166,-1,0.0,0.0,0.5,0.6,-0.01,-0.01,0.00,0.00,0.00,0.00,0.31,-0.64,81,-1,0,34,24.7,0.18,0.192,0.197,53.74,0,26,0,103.4,358.5,180.4,166.6,0.00,0,-0.1,0.8
3.10,climb,192.72,157.28,0.190,1,1893.6,365.3,507.0,-3633.8,0.62,-0.11,150,166,-1,0.0,0.0,0.3,0.5,-0.02,-0.02,0.00,0.00,0.00,0.00,0.25,-0.62,81,-1,0,34,22.1,0.21,0.190,0.208,52.84,0,26,0,103.4,358.5,180.4,166.6,0.00,0,-1.7,2.3
3.20,climb,197.88,152.12,0.193,1,1893.6,365.3,506.9,-3633.8,0.62,-0.11,154,175,-1,0.0,0.0,0.1,0.2,-0.03,-0.03,0.00,0.00,0.00,0.00,0.17,-0.60,81,-1,0,33,22.1,0.21,0.194,0.217,51.84,0,26,0,93.9,358.1,180.1,176.1,0.00,0,-1.7,2.3
3.30,climb,202.94,147.06,0.198,1,1893.6,365.3,506.9,-3633.8,0.62,-0.11,157,175,-1,0.0,0.0,-0.0,0.0,-0.03,-0.02,0.00,0.00,0.00,0.00,0.14,-0.61,81,-1,0,32,21.5,0.22,0.198,0.220,50.83,0,26,0,93.9,358.1,180.1,176.1,0.00,0,-1.6,2.2
3.40,climb,207.91,142.09,0.200,1,1893.8,365.3,506.8,-3633.8,0.53,-0.10,160,175,-1,0.0,0.0,-0.1,-0.1,-0.03,-0.01,0.00,0.00,0.00,0.00,0.09,-0.57,81,-1,0,33,21.3,0.23,0.200,0.217,49.88,0,26,0,93.9,358.1,180.1,176.1,0.00,0,-0.6,0.9
3.50,climb,212.78,137.22,0.200,1,1893.8,365.3,506.7,-3633.8,0.53,-0.09,162,175,-1,0.0,0.0,-0.2,-0.2,-0.01,-0.01,0.00,0.00,0.00,0.00,0.07,-0.53,81,-1,0,33,21.8,0.24,0.201,0.209,48.96,0,26,0,93.9,358.1,180.1,176.1,0.00,0,-0.4,-0.4
3.60,climb,217.57,132.43,0.197,1,1893.8,365.3,506.7,-3633.8,0.53,-0.09,166,184,-1,0.0,0.0,-0.2,-0.1,0.01,-0.01,0.00,0.00,0.00,0.00,0.05,-0.53,81,-1,0,33,21.8,0.22,0.198,0.204,48.10,0,26,0,85.3,177.7,179.8,184.7,0.00,0,-0.4,-0.4
3.70,climb,222.27,127.73,0.195,1,1893.9,365.2,506.6,-3633.7,0.53,-0.04,168,184,-1,0.0,0.0,-0.2,0.0,0.03,-0.00,0.00,0.00,0.00,0.00,0.04,-0.53,81,-1,0,33,22.5,0.22,0.195,0.209,47.25,0,26,0,85.3,177.7,179.8,184.7,0.00,0,0.1,-2.2
3.80,climb,226.89,123.11,0.193,1,1893.9,365.2,506.6,-3633.7,0.53,-0.04,171,184,-1,0.0,0.0,-0.2,0.2,0.03,-0.00,0.00,0.00,0.00,0.00,0.04,-0.53,81,-1,0,34,22.5,0.22,0.193,0.206,46.39,0,26,0,85.3,177.7,179.8,184.7,0.00,0,0.1,-2.2
3.90,climb,231.41,118.59,0.192,1,1894.0,365.2,506.5,-3633.7,0.53,-0.04,173,184,-1,0.0,0.0,-0.2,0.3,0.02,-0.00,0.00,0.00,0.00,0.00,0.02,-0.53,81,-1,0,35,23.1,0.24,0.192,0.200,45.51,0,26,0,85.3,177.7,179.8,184.7,0.00,0,0.1,-0.1
4.00,climb,235.86,114.14,0.188,1,1894.1,365.2,506.5,-3633.7,0.48,-0.04,176,193,-1,0.0,0.0,-0.2,0.3,-0.00,-0.00,0.00,0.00,0.00,0.00,-0.01,-0.53,81,-1,0,35,23.5,0.23,0.188,0.190,44.69,0,26,0,76.2,179.6,179.9,193.8,0.00,0,-0.1,0.8
4.10,climb,240.22,109.78,0.186,1,1894.1,365.2,506.4,-3633.7,0.48,-0.04,179,193,-1,0.0,0.0,-0.2,0.2,-0.01,-0.01,0.00,0.00,0.00,0.00,-0.03,-0.48,81,-1,0,35,23.5,0.23,0.186,0.194,43.82,0,26,0,76.2,179.6,179.9,193.8,0.00,0,-0.1,0.8
4.20,climb,244.49,105.51,0.189,1,1894.1,365.2,506.4,-3633.7,0.44,-0.04,181,193,-1,0.0,0.0,-0.2,0.1,-0.02,-0.01,0.00,0.00,0.00,0.00,-0.05,-0.44,81,-1,0,36,23.6,0.24,0.189,0.198,42.87,0,26,0,76.2,179.6,179.9,193.8,0.00,0,-0.1,1.0
4.30,climb,248.66,101.34,0.191,1,1894.2,365.2,506.3,-3633.7,0.44,-0.04,183,193,-1,0.0,0.0,-0.3,-0.0,-0.02,-0.01,0.00,0.00,0.00,0.00,-0.06,-0.44,81,-1,0,37,23.7,0.26,0.192,0.202,41.93,0,26,0,76.2,179.6,179.9,193.8,0.00,0,-0.3,1.2
4.40,climb,252.74,97.26,0.193,1,1894.2,365.2,506.3,-3633.7,0.44,-0.04,186,202,-1,0.0,0.0,-0.3,-0.1,-0.02,-0.01,0.00,0.00,0.00,0.00,-0.09,-0.43,81,-1,0,37,23.8,0.26,0.194,0.205,41.01,0,26,0,66.8,179.2,179.7,203.2,0.00,0,-0.1,0.9
4.50,climb,256.73,93.27,0.194,1,1894.2,365.2,506.3,-3633.7,0.44,-0.04,188,202,-1,0.0,0.0,-0.3,-0.2,-0.02,-0.00,0.00,0.00,0.00,0.00,-0.11,-0.43,81,-1,0,37,23.8,0.27,0.195,0.202,40.11,0,26,0,66.8,179.2,179.7,203.2,0.00,0,-0.1,0.9
4.60,climb,260.64,89.36,0.191,1,1894.3,365.2,506.2,-3633.7,0.44,-0.02,190,202,-1,0.0,0.0,-0.2,-0.2,-0.00,0.00,0.00,0.00,0.00,0.00,-0.10,-0.43,81,-1,0,38,24.2,0.28,0.192,0.193,39.30,0,26,0,66.8,179.2,179.7,203.2,0.00,0,0.3,0.1
4.70,climb,264.48,85.52,0.184,1,1894.3,365.2,506.2,-3633.7,0.44,0.00,192,202,-1,0.0,0.0,-0.2,-0.1,0.02,0.00,0.00,0.00,0.00,0.00,-0.09,-0.43,81,-1,0,39,24.7,0.29,0.185,0.196,38.55,0,26,0,66.8,179.2,179.7,203.2,0.00,0,0.4,-1.3
4.80,climb,268.23,81.77,0.180,1,1894.4,365.2,506.1,-3633.7,0.44,0.00,195,212,-1,0.0,0.0,-0.1,0.1,0.03,0.00,0.00,0.00,0.00,0.00,-0.12,-0.42,81,-1,0,38,25.1,0.25,0.181,0.195,37.75,0,26,0,56.9,179.9,180.0,213.1,0.00,0,0.4,-2.2
4.90,climb,271.89,78.11,0.181,1,1894.5,365.2,506.1,-3633.7,0.44,0.00,198,212,-1,0.0,0.0,-0.1,0.4,0.04,-0.00,0.00,0.00,0.00,0.00,-0.13,-0.42,81,-1,0,35,25.6,0.20,0.181,0.196,36.86,0,26,0,56.9,179.9,180.0,213.1,0.00,0,-0.0,-2.2
5.00,climb,275.46,74.54,0.181,1,1894.5,365.2,506.0,-3633.7,0.44,0.00,200,212,-1,0.0,0.0,-0.2,0.6,0.04,-0.01,0.00,0.00,0.00,0.00,-0.15,-0.41,81,-1,0,33,25.6,0.15,0.181,0.198,35.99,0,26,0,56.9,179.9,180.0,213.1,0.00,0,-0.0,-2.2
5.10,climb,278.95,71.05,0.180,1,1894.5,365.2,506.0,-3633.7,0.35,-0.02,202,212,-1,0.0,0.0,-0.2,0.7,0.03,-0.01,0.00,0.00,0.00,0.00,-0.15,-0.32,81,-1,0,31,25.9,0.10,0.181,0.199,35.12,0,26,0,56.9,179.9,180.0,213.1,0.00,0,-0.2,-2.0
5.20,climb,282.35,67.65,0.180,1,1894.6,365.2,506.0,-3633.7,0.35,-0.04,205,222,-1,0.0,0.0,-0.3,0.9,0.03,-0.01,0.00,0.00,0.00,0.00,-0.17,-0.31,81,-1,0,28,25.9,0.04,0.180,0.198,34.26,0,26,0,46.6,180.6,180.5,223.4,0.00,0,-0.4,-1.4
5.30,climb,285.67,64.33,0.179,1,1894.6,365.2,505.9,-3633.7,0.26,-0.04,208,222,-1,0.0,0.0,-0.4,1.0,0.03,-0.02,0.00,0.00,0.00,0.00,-0.20,-0.29,81,-1,0,25,25.7,-0.01,0.179,0.196,33.41,0,26,0,46.6,180.6,180.5,223.4,0.00,0,-0.4,-1.1
5.40,climb,288.90,61.10,0.140,1,1894.6,365.2,505.9,-3633.7,0.26,-0.04,210,222,-1,0.0,0.0,-0.5,1.1,0.02,-0.02,0.00,0.00,0.00,0.00,-0.17,-0.21,81,-1,0,23,25.7,-0.05,0.140,0.157,32.57,0,26,0,46.6,180.6,180.5,223.4,0.00,0,-0.4,-1.1
5.50,climb,292.05,57.95,0.097,1,1894.6,365.2,505.9,-3633.7,0.26,-0.07,212,222,-1,0.0,0.0,-0.6,1.1,0.02,-0.02,0.00,0.00,0.00,0.00,-0.20,-0.19,81,-1,0,21,25.2,-0.08,0.097,0.113,31.74,0,26,0,46.6,180.6,180.5,223.4,0.00,0,-0.4,-0.8
5.60,climb,295.12,54.88,0.056,1,1894.7,365.2,505.8,-3633.7,0.18,-0.09,215,232,-1,0.0,0.0,-0.6,1.1,0.01,-0.02,0.00,0.00,0.00,0.00,-0.21,-0.18,81,-1,0,18,23.6,-0.13,0.056,0.066,30.89,0,26,0,36.6,180.7,180.9,233.4,0.00,0,0.1,0.2
5.70,climb,298.08,51.92,0.023,1,1894.7,365.2,505.8,-3633.7,0.18,-0.09,218,232,-1,0.0,0.0,-0.7,1.1,0.00,-0.01,0.00,0.00,0.00,0.00,-0.18,-0.09,81,-1,0,15,22.6,-0.17,0.023,0.029,29.92,0,26,0,36.6,180.7,180.9,233.4,0.00,0,0.2,0.3
5.80,climb,300.92,49.08,0.005,1,1894.7,365.2,505.8,-3633.7,0.18,-0.09,220,232,-1,0.0,0.0,-0.7,1.0,0.00,-0.01,0.00,0.00,0.00,0.00,-0.18,-0.08,81,-1,1,13,22.6,-0.19,0.005,0.010,28.69,0,26,0,36.6,180.7,180.9,233.4,0.00,0,0.2,0.3
5.90,climb,303.65,46.35,0.000,1,1894.7,365.2,505.8,-3633.7,0.18,-0.09,222,232,-1,0.0,0.0,-0.7,1.0,0.00,-0.01,0.00,0.00,0.00,0.00,-0.18,-0.07,81,-1,1,11,21.6,-0.21,0.000,0.000,27.57,0,26,0,36.6,180.7,180.9,233.4,0.00,0,0.2,0.3
6.00,climb,306.26,43.74,0.000,1,1894.7,365.1,505.8,-3633.6,0.18,-0.09,225,241,-1,0.0,0.0,-0.7,0.9,0.00,-0.01,0.00,0.00,0.00,0.00,-0.19,-0.06,81,-1,1,8,20.5,-0.25,0.000,0.000,26.41,0,26,0,27.8,180.5,181.0,242.2,0.00,0,0.3,0.4
6.10,climb,308.75,41.25,0.000,1,1894.8,365.1,505.7,-3633.6,0.18,-0.09,227,241,-1,0.0,0.0,-0.7,0.8,-0.00,-0.01,0.00,0.00,0.00,0.00,-0.19,-0.05,81,-1,1,6,19.0,-0.28,0.000,0.000,25.20,0,26,0,27.8,180.5,181.0,242.2,0.00,0,0.3,0.4
6.20,climb,311.12,38.88,0.000,1,1894.8,365.1,505.7,-3633.6,0.18,-0.09,229,241,-1,0.0,0.0,-0.7,0.8,-0.00,-0.01,0.00,0.00,0.00,0.00,-0.19,-0.05,81,-1,1,4,19.0,-0.31,0.000,0.000,23.95,0,26,0,27.8,180.5,181.0,242.2,0.00,0,0.3,0.4
6.30,climb,313.35,36.65,0.000,1,1894.8,365.1,505.7,-3633.6,0.18,-0.09,231,241,-1,0.0,0.0,-0.7,0.7,-0.00,-0.01,0.00,0.00,0.00,0.00,-0.19,-0.04,81,-1,1,2,18.4,-0.33,0.000,0.000,22.65,0,26,0,27.8,180.5,181.0,242.2,0.00,0,0.3,0.4
6.40,climb,315.46,34.54,0.009,1,1894.8,365.1,505.7,-3633.6,0.18,-0.09,234,249,-1,0.0,0.0,-0.7,0.6,-0.00,-0.01,0.00,0.00,0.00,0.00,-0.19,-0.03,81,-1,0,-1,18.0,-0.38,0.009,0.012,21.35,0,26,0,20.4,180.4,181.0,249.6,0.00,0,0.3,0.4
6.50,climb,317.43,32.57,0.024,1,1894.8,365.1,505.7,-3633.6,0.18,-0.09,236,249,-1,0.0,0.0,-0.7,0.6,-0.00,-0.01,0.00,0.00,0.00,0.00,-0.19,-0.02,81,-1,0,-3,17.3,-0.42,0.024,0.028,20.06,0,26,0,20.4,180.4,181.0,249.6,0.00,0,0.3,0.4
6.60,climb,319.28,30.72,0.035,1,1894.9,365.1,505.7,-3633.6,0.18,-0.09,238,249,-1,0.0,0.0,-0.7,0.5,-0.00,-0.01,0.00,0.00,0.00,0.00,-0.20,-0.02,81,-1,0,-5,17.1,-0.45,0.035,0.039,18.78,0,26,0,20.4,180.4,181.0,249.6,0.00,0,0.3,0.4
6.70,climb,321.00,29.00,0.049,1,1894.9,365.1,505.6,-3633.6,0.18,-0.09,240,249,-1,0.0,0.0,-0.7,0.5,-0.00,-0.01,0.00,0.00,0.00,0.00,-0.20,-0.01,81,-1,0,-7,16.9,-0.48,0.050,0.053,17.51,0,26,0,20.4,180.4,181.0,249.6,0.00,0,0.3,0.4
6.80,climb,322.59,27.41,0.067,1,1894.9,365.1,505.6,-3633.6,0.18,-0.09,242,255,-1,0.0,0.0,-0.6,0.4,-0.00,-0.01,0.00,0.00,0.00,0.00,-0.20,-0.00,81,-1,0,-9,16.9,-0.52,0.068,0.071,16.26,0,26,0,13.5,180.2,181.0,256.5,0.00,0,0.3,0.4
6.90,climb,324.07,25.93,0.088,1,1894.9,365.1,505.6,-3633.6,0.18,-0.09,244,255,-1,0.0,0.0,-0.6,0.3,-0.00,-0.01,0.00,0.00,0.00,0.00,-0.20,0.00,81,-1,0,-11,16.5,-0.56,0.089,0.093,15.02,0,26,0,13.5,180.2,181.0,256.5,0.00,0,0.3,0.4
7.00,climb,325.42,24.58,0.112,1,1894.9,365.1,505.6,-3633.6,0.18,-0.09,246,255,-1,0.0,0.0,-0.6,0.3,-0.00,-0.00,0.00,0.00,0.00,0.00,-0.20,0.01,81,-1,0,-13,16.5,-0.59,0.115,0.118,13.79,0,26,0,13.5,180.2,181.0,256.5,0.00,0,0.3,0.4
7.10,climb,326.65,23.35,0.139,1,1894.9,365.0,505.6,-3633.6,0.18,-0.09,247,255,-1,0.0,0.0,-0.6,0.2,-0.00,-0.00,0.00,0.00,0.00,0.00,-0.20,0.01,81,-1,0,-14,15.7,-0.61,0.143,0.145,12.60,0,26,0,13.5,180.2,181.0,256.5,0.00,0,0.4,0.2
7.20,climb,327.77,22.23,0.167,1,1895.0,365.0,505.6,-3633.5,0.18,-0.09,250,262,-1,0.0,0.0,-0.5,0.2,-0.00,-0.00,0.00,0.00,0.00,0.00,-0.20,0.02,81,-1,0,-17,14.5,-0.65,0.171,0.172,11.47,0,26,0,7.0,180.1,181.1,263.0,0.00,0,0.5,-0.0
7.30,climb,328.80,21.20,0.192,1,1895.0,365.0,505.5,-3633.5,0.18,-0.09,251,262,-1,0.0,0.0,-0.5,0.2,0.00,0.00,0.00,0.00,0.00,0.00,-0.19,0.03,81,-1,0,-19,12.1,-0.66,0.197,0.198,10.47,0,26,0,7.0,180.1,181.1,263.0,0.00,0,0.6,-0.3
7.40,climb,329.74,20.26,0.209,1,1895.0,365.0,505.5,-3633.5,0.18,-0.09,253,262,-1,0.0,0.0,-0.4,0.2,0.01,0.00,0.00,0.00,0.00,0.00,-0.19,0.03,81,-1,0,-20,12.1,-0.64,0.214,0.219,9.67,0,26,0,7.0,180.1,181.1,263.0,0.00,0,0.6,-0.3
7.50,climb,330.63,19.37,0.222,1,1895.0,365.0,505.5,-3633.5,0.09,-0.09,254,262,-1,0.0,0.0,-0.4,0.3,0.01,0.00,0.00,0.00,0.00,0.00,-0.10,0.04,81,-1,0,-21,5.0,-0.61,0.228,0.235,8.99,0,26,0,7.0,180.1,181.1,263.0,0.00,0,0.7,-0.6
7.60,climb,331.47,18.53,0.228,1,1895.0,365.0,505.5,-3633.5,0.09,-0.09,256,266,-1,0.0,0.0,-0.3,0.3,0.01,0.00,0.00,0.00,0.00,0.00,-0.11,0.06,81,-1,0,-23,-0.3,-0.56,0.233,0.240,8.48,0,26,0,3.3,180.3,185.6,266.7,0.00,0,0.4,-0.3
7.70,climb,332.27,17.73,0.225,1,1895.0,365.0,505.5,-3633.5,0.09,-0.09,258,266,-1,0.0,0.0,-0.3,0.4,0.01,0.00,0.00,0.00,0.00,0.00,-0.10,0.07,81,-1,0,-25,-0.3,-0.49,0.228,0.234,8.17,0,26,0,3.3,180.3,185.6,266.7,0.00,0,0.4,-0.3
7.80,climb,333.05,16.95,0.222,1,1895.0,365.0,505.5,-3633.5,0.09,-0.11,259,266,-1,0.0,0.0,-0.2,0.4,0.01,0.00,0.00,0.00,0.00,0.00,-0.11,0.09,81,-1,0,-26,-5.6,-0.41,0.225,0.229,7.86,0,26,0,3.3,180.3,185.6,266.7,0.00,0,0.4,-0.2
7.90,climb,333.80,16.20,0.220,1,1895.0,365.0,505.5,-3633.5,0.09,-0.11,260,266,-1,0.0,0.0,-0.2,0.4,0.01,0.00,0.00,0.00,0.00,0.00,-0.11,0.09,81,-1,0,-27,-10.8,-0.32,0.221,0.225,7.55,0,26,0,3.3,180.3,185.6,266.7,0.00,0,0.3,-0.1
8.00,climb,334.52,15.48,0.218,1,1895.0,365.0,505.5,-3633.5,0.09,-0.13,260,262,-1,0.0,0.0,-0.1,0.4,0.01,0.00,0.00,0.00,0.00,0.00,-0.11,0.11,81,-1,0,-27,-15.6,-0.23,0.219,0.222,7.25,0,26,0,7.0,180.4,183.2,263.0,0.00,0,0.2,0.0
8.10,climb,335.20,14.80,0.217,1,1895.0,365.0,505.5,-3633.5,0.09,-0.13,260,262,-1,0.0,0.0,-0.1,0.4,0.00,0.00,0.00,0.00,0.00,0.00,-0.11,0.12,81,-1,0,-27,-19.9,-0.15,0.217,0.219,6.95,0,26,0,7.0,180.4,183.2,263.0,0.00,0,0.1,0.2
8.20,climb,335.86,14.14,0.216,1,1895.1,364.9,505.5,-3633.4,0.09,-0.15,261,262,-1,0.0,0.0,-0.1,0.4,0.00,-0.00,0.00,0.00,0.00,0.00,-0.11,0.14,81,-1,0,-28,-26.6,-0.08,0.216,0.217,6.66,0,26,0,7.0,180.4,183.2,263.0,0.00,0,-0.1,0.3
8.30,climb,336.49,13.51,0.215,1,1895.1,364.9,505.4,-3633.4,0.09,-0.15,261,262,-1,0.0,0.0,-0.1,0.3,0.00,-0.00,0.00,0.00,0.00,0.00,-0.11,0.14,81,-1,0,-28,-26.6,-0.03,0.215,0.217,6.37,0,26,0,7.0,180.4,183.2,263.0,0.00,0,-0.1,0.3
8.40,climb,337.10,12.90,0.215,1,1895.1,364.9,505.4,-3633.4,0.09,-0.15,260,252,-1,0.0,0.0,-0.1,0.3,-0.00,-0.00,0.00,0.00,0.00,0.00,-0.11,0.14,81,-1,0,-27,-30.3,0.05,0.215,0.217,6.09,0,26,0,17.2,180.3,180.9,252.8,0.00,0,-0.3,0.4
8.50,climb,337.67,12.33,0.215,1,1895.1,364.9,505.4,-3633.4,0.09,-0.15,258,252,-1,0.0,0.0,-0.1,0.3,-0.00,-0.01,0.00,0.00,0.00,0.00,-0.12,0.13,81,-1,0,-25,-31.1,0.10,0.216,0.219,5.81,0,26,0,17.2,180.3,180.9,252.8,0.00,0,-0.4,0.5
8.60,climb,338.22,11.78,0.216,1,1895.1,364.9,505.4,-3633.4,0.09,-0.15,257,252,-1,0.0,0.0,-0.2,0.2,-0.00,-0.01,0.00,0.00,0.00,0.00,-0.12,0.13,81,-1,0,-24,-31.1,0.13,0.217,0.221,5.53,0,26,0,17.2,180.3,180.9,252.8,0.00,0,-0.4,0.5
8.70,climb,338.74,11.26,0.218,1,1895.1,364.9,505.4,-3633.4,0.09,-0.15,257,252,-1,0.0,0.0,-0.2,0.2,-0.00,-0.01,0.00,0.00,0.00,0.00,-0.12,0.13,81,-1,0,-24,-31.4,0.16,0.218,0.223,5.26,0,26,0,17.2,180.3,180.9,252.8,0.00,0,-0.5,0.5
8.80,climb,339.23,10.77,0.220,1,1895.1,364.8,505.4,-3633.3,0.09,-0.15,254,239,-1,0.0,0.0,-0.2,0.1,-0.00,-0.01,0.00,0.00,0.00,0.00,-0.13,0.12,81,-1,0,-21,-30.1,0.20,0.221,0.226,4.98,0,26,0,29.6,180.0,180.0,240.4,0.00,0,-0.5,0.6
8.90,climb,339.69,10.31,0.223,1,1895.1,364.8,505.4,-3633.3,0.09,-0.15,252,239,-1,0.0,0.0,-0.3,0.1,-0.00,-0.01,0.00,0.00,0.00,0.00,-0.13,0.12,81,-1,0,-19,-28.8,0.23,0.223,0.230,4.71,0,26,0,29.6,180.0,180.0,240.4,0.00,0,-0.6,0.7
9.00,climb,340.13,9.87,0.226,1,1895.1,364.8,505.4,-3633.3,0.09,-0.15,250,239,-1,0.0,0.0,-0.3,0.0,-0.01,-0.01,0.00,0.00,0.00,0.00,-0.14,0.11,81,-1,0,-17,-28.8,0.24,0.227,0.234,4.45,0,26,0,29.6,180.0,180.0,240.4,0.00,0,-0.6,0.7
9.10,climb,340.55,9.45,0.230,1,1895.1,364.8,505.4,-3633.3,0.00,-0.15,248,239,-1,0.0,0.0,-0.4,-0.0,-0.01,-0.02,0.00,0.00,0.00,0.00,-0.06,0.14,81,-1,0,-15,-25.5,0.24,0.231,0.240,4.18,0,26,0,29.6,180.0,180.0,240.4,0.00,0,-0.7,0.8
9.20,cruise,340.93,9.07,0.285,1,1895.1,364.8,505.4,-3633.3,0.00,-0.13,245,228,-1,4.0,4.0,-0.5,-0.1,-0.07,-0.08,0.00,0.00,0.00,0.00,-0.06,0.14,81,-1,0,4,-23.7,0.58,0.291,0.333,3.92,0,26,0,40.6,179.5,179.4,229.4,0.00,1,-0.8,0.8
9.30,cruise,341.29,8.71,0.290,1,1895.1,364.8,505.4,-3633.3,0.00,-0.13,243,228,-1,8.0,8.0,-0.6,-0.1,-0.12,-0.14,0.00,0.00,0.00,0.00,-0.06,0.12,81,-1,0,6,-23.7,0.59,0.296,0.372,3.66,0,26,0,42.9,179.3,179.3,227.1,0.00,1,-0.8,0.8
9.40,cruise,341.64,8.36,0.292,1,1895.1,364.7,505.4,-3633.3,0.00,-0.08,241,228,-1,12.0,12.0,-0.6,-0.2,-0.17,-0.18,0.00,0.00,0.00,0.00,-0.06,0.11,81,-1,0,8,-17.4,0.59,0.298,0.400,3.48,0,26,0,45.0,179.2,179.2,225.0,0.00,1,0.8,-0.4
9.50,cruise,341.99,8.01,0.285,1,1895.1,364.7,505.4,-3633.2,0.00,-0.08,239,228,-1,16.0,16.0,-0.5,-0.1,-0.20,-0.20,0.00,0.00,0.00,0.00,-0.04,0.07,81,-1,0,10,-17.4,0.54,0.290,0.403,3.47,0,26,0,46.6,179.4,179.5,223.4,0.00,1,0.8,-0.4
9.60,cruise,342.33,7.67,0.276,1,1895.1,364.7,505.4,-3633.2,0.00,-0.01,236,221,-1,20.0,20.0,0.0,0.3,-0.20,-0.17,0.00,0.00,0.00,0.00,-0.01,0.01,81,-1,0,11,-12.2,0.46,0.279,0.381,3.49,0,26,0,47.7,180.3,180.3,222.3,0.00,1,3.8,-2.6
9.70,cruise,342.67,7.33,0.267,1,1895.1,364.8,505.4,-3633.3,-0.09,0.10,234,221,-1,24.0,24.0,1.0,0.9,-0.17,-0.11,0.00,0.00,0.00,0.00,0.13,-0.03,81,-1,0,11,-6.2,0.35,0.269,0.342,3.51,0,26,0,48.1,182.1,181.8,221.9,0.00,1,8.5,-5.8
9.80,cruise,343.00,7.00,0.259,1,1895.1,364.8,505.4,-3633.3,-0.09,0.21,232,221,-1,28.0,28.0,2.4,2.0,-0.13,-0.03,0.00,0.00,0.00,0.00,0.20,-0.11,81,-1,0,11,-0.2,0.22,0.260,0.302,3.50,0,26,0,48.0,184.7,184.2,222.0,0.00,1,13.3,-9.2
9.90,cruise,343.30,6.70,0.256,1,1895.1,364.8,505.4,-3633.3,-0.09,0.33,230,221,-1,32.0,32.0,4.2,3.4,-0.06,0.03,0.00,0.00,0.00,0.00,0.25,-0.16,81,-1,0,10,9.9,0.10,0.256,0.280,3.42,0,26,0,47.4,187.9,187.3,222.8,0.00,1,20.1,-16.4
10.00,cruise,343.59,6.41,0.256,1,1895.1,364.9,505.4,-3633.3,-0.09,0.30,229,223,-1,34.2,33.7,6.2,5.2,0.03,0.06,0.00,0.00,0.00,0.00,0.28,-0.19,81,-1,0,9,13.9,-0.02,0.256,0.282,3.30,0,26,0,46.2,191.6,191.1,224.0,0.00,1,21.1,-18.8
10.10,cruise,343.85,6.15,0.259,1,1895.1,364.9,505.4,-3633.4,-0.09,0.30,228,223,-1,34.5,33.9,8.2,7.3,0.11,0.07,0.03,0.00,0.00,0.00,0.26,-0.16,81,-1,0,7,13.9,-0.13,0.259,0.309,3.16,0,26,0,44.8,195.2,195.3,225.7,0.00,1,21.1,-18.8
10.20,cruise,344.08,5.92,0.265,1,1895.1,364.9,505.4,-3633.4,0.00,-0.01,228,223,-1,34.8,34.0,10.0,9.6,0.15,0.04,0.13,0.00,0.00,0.00,0.16,-0.11,81,-1,0,5,18.5,-0.23,0.266,0.319,2.97,0,26,0,43.0,198.5,199.7,227.7,0.00,1,20.1,-19.0
10.30,cruise,344.30,5.70,0.272,1,1895.1,364.9,505.4,-3633.4,0.00,-0.01,227,223,-1,35.1,34.1,11.8,11.9,0.15,0.01,0.22,0.00,0.00,0.00,-0.01,0.01,81,-1,0,3,18.5,-0.31,0.274,0.319,2.80,0,26,0,41.1,201.4,204.2,230.0,0.00,1,20.1,-19.0
10.40,cruise,344.50,5.50,0.278,1,1895.1,364.8,505.4,-3633.4,0.00,-0.65,228,230,-1,35.4,34.3,13.4,14.1,0.13,-0.02,0.30,0.00,0.00,0.00,-0.21,0.23,81,-1,0,1,18.6,-0.37,0.281,0.322,2.65,0,26,0,39.0,203.9,208.6,232.3,0.00,1,18.9,-14.6
10.50,cruise,344.69,5.31,0.287,1,1895.1,364.8,505.4,-3633.3,0.00,-0.65,228,230,-1,35.7,34.4,14.9,16.0,0.09,-0.04,0.38,0.00,0.00,0.00,-0.43,0.49,81,-1,0,-2,18.6,-0.41,0.289,0.327,2.49,0,26,0,37.0,205.9,212.9,234.7,0.00,1,18.9,-14.6
10.60,cruise,344.86,5.14,0.296,1,1895.1,364.7,505.4,-3633.2,0.00,-1.04,229,230,-1,36.0,34.5,16.3,17.6,0.04,-0.05,0.44,0.00,0.00,0.00,-0.68,0.79,81,-1,0,-4,17.2,-0.42,0.300,0.326,2.30,0,26,0,34.9,207.6,216.8,236.9,0.00,1,18.4,-11.5
10.70,cruise,345.02,4.98,0.306,1,1895.1,364.4,505.4,-3633.1,0.09,-1.98,230,230,-1,36.4,34.5,17.8,19.0,-0.01,-0.04,0.51,0.00,0.00,0.00,-0.96,1.13,81,-1,0,-6,11.1,-0.41,0.309,0.323,2.12,0,26,0,33.1,208.9,220.3,238.8,0.00,1,18.4,-6.4
10.80,cruise,345.18,4.82,0.314,1,1895.1,364.4,505.4,-3632.9,0.09,-1.98,232,238,-1,36.8,34.5,19.4,20.1,-0.05,-0.02,0.56,0.00,0.00,0.00,-1.29,1.50,81,-1,0,-8,11.1,-0.37,0.316,0.336,2.00,0,26,0,31.5,210.1,223.5,240.5,0.00,1,18.4,-6.4
10.90,cruise,345.34,4.66,0.320,1,1895.1,364.2,505.4,-3632.7,0.13,-2.50,233,238,-1,37.3,34.4,21.1,20.9,-0.08,0.01,0.62,0.00,0.00,0.00,-1.60,1.94,81,-1,0,-9,6.6,-0.31,0.322,0.350,1.91,0,26,0,30.2,211.3,226.1,241.7,0.00,1,18.3,-4.9
11.00,cruise,345.48,4.52,0.326,1,1895.1,363.5,505.4,-3632.4,0.40,-3.60,235,238,-1,37.8,34.3,23.0,21.6,-0.10,0.05,0.67,0.00,0.00,0.00,-1.91,2.36,81,-1,0,-10,-3.0,-0.23,0.327,0.374,1.83,0,26,0,29.4,212.5,228.4,242.5,0.00,1,18.5,-5.1
11.10,cruise,345.63,4.37,0.331,1,1895.1,363.5,505.4,-3632.0,0.40,-3.60,237,238,-1,38.3,34.1,25.0,22.3,-0.10,0.08,0.73,0.00,0.00,0.00,-2.31,2.80,81,-1,0,-10,-3.0,-0.14,0.331,0.391,1.81,0,26,0,29.1,213.8,230.3,242.8,0.00,1,18.5,-5.1
11.20,cruise,345.77,4.23,0.335,1,1895.2,363.1,505.3,-3631.6,0.57,-4.21,239,240,-1,38.9,33.8,27.2,23.0,-0.09,0.11,0.79,0.00,0.00,0.00,-2.67,3.30,81,-1,0,-10,-7.6,-0.04,0.335,0.402,1.81,0,26,0,29.3,215.5,231.8,242.7,0.00,1,17.8,-7.0
11.30,cruise,345.91,4.09,0.341,1,1895.4,362.1,505.2,-3631.1,1.19,-5.49,241,240,-1,39.4,33.6,29.4,23.8,-0.07,0.13,0.85,0.00,0.00,0.00,-3.10,3.80,81,-1,0,-9,-14.3,0.05,0.341,0.410,1.79,0,26,0,29.9,217.4,233.1,242.1,0.00,1,14.5,-11.7
11.40,cruise,346.04,3.96,0.348,1,1895.5,361.5,505.1,-3630.6,1.45,-6.22,242,240,-1,39.9,33.3,31.5,24.6,-0.06,0.12,0.91,0.00,0.00,0.00,-3.59,4.32,81,-1,0,-8,-16.3,0.12,0.349,0.413,1.76,0,26,0,31.0,219.5,233.9,241.2,0.00,1,11.0,-13.7
11.50,cruise,346.18,3.82,0.355,1,1895.5,361.5,505.0,-3630.0,1.45,-6.22,244,240,-1,40.5,33.1,33.4,25.4,-0.05,0.10,0.97,0.00,0.00,0.00,-4.01,4.97,81,-1,0,-7,-16.3,0.19,0.356,0.410,1.74,0,26,0,32.6,221.8,234.5,240.0,0.00,1,11.0,-13.7
11.60,cruise,346.31,3.69,0.364,1,1895.9,360.1,504.8,-3629.3,2.15,-7.78,245,234,-1,40.9,33.0,34.9,26.2,-0.04,0.06,1.00,0.00,0.00,0.00,-4.57,5.57,81,-1,0,-5,-17.1,0.24,0.365,0.403,1.68,0,26,0,34.6,224.2,234.7,238.4,0.00,1,3.3,-17.9
11.70,cruise,346.43,3.57,0.372,1,1896.1,359.2,504.6,-3628.6,2.50,-8.64,246,234,-1,41.3,33.0,36.2,27.1,-0.02,0.03,1.00,0.00,0.00,0.00,-5.14,6.23,81,-1,0,-4,-16.1,0.26,0.374,0.391,1.62,0,26,0,37.1,226.8,234.7,236.8,0.00,1,-0.1,-20.3
11.80,cruise,346.55,3.45,0.380,1,1896.1,359.2,504.4,-3627.7,2.50,-8.64,247,234,-1,41.6,33.0,37.1,28.3,0.01,-0.00,1.00,0.00,0.00,0.00,-5.70,6.96,81,-1,0,-2,-16.1,0.28,0.382,0.388,1.57,0,26,0,39.8,229.5,234.5,235.1,0.00,1,-0.1,-20.3
11.90,cruise,346.66,3.34,0.389,1,1896.4,358.3,504.1,-3626.8,2.72,-9.54,248,234,-1,41.9,33.1,37.9,29.6,0.04,-0.03,1.00,0.00,0.00,0.00,-6.12,7.80,81,-1,0,-1,-14.2,0.27,0.391,0.418,1.51,0,26,0,42.7,232.2,234.3,233.5,0.00,1,-2.7,-22.0
12.00,cruise,346.76,3.24,0.399,1,1897.0,356.2,503.8,-3625.8,3.03,-11.39,247,223,-1,42.2,33.3,38.5,31.1,0.07,-0.05,1.00,0.00,0.00,0.00,-6.81,8.42,81,-1,0,1,-8.0,0.25,0.401,0.447,1.43,0,26,0,45.6,234.8,234.2,232.1,0.00,1,-4.7,-22.4
12.10,cruise,346.85,3.15,0.410,1,1897.3,355.0,503.5,-3624.7,3.08,-12.39,246,223,-1,42.3,33.6,38.9,32.7,0.10,-0.06,1.00,0.00,0.00,0.00,-7.47,9.12,81,-1,0,2,-4.2,0.20,0.411,0.474,1.36,0,26,0,48.3,237.2,234.1,231.1,0.00,1,-4.8,-21.1
12.20,cruise,346.94,3.06,0.420,1,1897.3,355.0,503.2,-3623.5,3.08,-12.39,245,223,-1,42.5,33.9,39.3,34.4,0.11,-0.07,1.00,0.00,0.00,0.00,-8.05,9.91,81,-1,0,3,-4.2,0.13,0.420,0.499,1.33,0,26,0,50.6,239.2,234.1,230.4,0.00,1,-4.8,-21.1
12.30,cruise,347.03,2.97,0.450,1,1897.6,353.6,502.9,-3622.1,2.99,-13.48,244,223,-1,42.6,34.3,39.4,36.1,0.12,-0.09,1.00,0.00,0.00,0.00,-8.54,10.85,81,-1,0,3,-0.3,0.06,0.450,0.541,1.32,0,26,0,52.4,240.9,234.2,230.2,0.00,1,-4.7,-18.8
12.40,cruise,347.13,2.87,0.480,1,1898.2,350.7,502.6,-3620.7,2.68,-15.80,242,216,-1,42.7,34.7,39.4,37.7,0.12,-0.09,1.00,0.00,0.00,0.00,-9.43,11.54,81,-1,0,3,7.0,-0.02,0.480,0.580,1.35,0,26,0,53.5,242.1,234.4,230.4,0.00,1,-1.5,-12.6
12.50,cruise,347.23,2.77,0.510,1,1898.2,350.7,502.3,-3619.2,2.68,-15.80,240,216,-1,42.8,35.2,39.5,39.3,0.11,-0.09,1.00,0.00,0.00,0.00,-10.23,12.34,81,-1,0,2,7.0,-0.10,0.510,0.614,1.40,0,26,0,53.8,242.8,234.9,231.0,0.00,1,-1.5,-12.6
12.60,cruise,347.35,2.65,0.540,1,1898.4,349.0,502.1,-3617.5,2.42,-17.06,238,216,-1,43.0,35.7,39.5,40.6,0.10,-0.09,1.00,0.00,0.00,0.00,-11.03,13.24,81,-1,0,1,9.9,-0.18,0.541,0.642,1.50,0,26,0,53.3,243.0,235.6,232.1,0.00,1,1.5,-8.4
12.70,cruise,347.49,2.51,0.570,1,1898.8,345.2,501.8,-3615.7,1.80,-19.93,237,216,-1,43.2,36.2,39.5,41.6,0.08,-0.08,1.00,0.00,0.00,0.00,-11.90,14.26,81,-1,0,-1,12.3,-0.25,0.572,0.663,1.66,0,26,0,51.9,242.7,236.7,233.6,0.00,1,8.4,1.4
12.80,cruise,347.67,2.33,0.600,1,1899.0,343.1,501.7,-3613.7,1.45,-21.50,237,219,-1,43.5,36.6,39.7,42.3,0.05,-0.07,1.00,0.00,0.00,0.00,-12.48,15.64,81,-1,0,-2,11.2,-0.30,0.603,0.676,1.91,0,26,0,49.7,242.1,238.0,235.4,0.00,1,12.0,6.2
12.90,cruise,347.89,2.11,0.600,1,1899.0,343.1,501.5,-3611.6,1.45,-21.50,236,219,-1,44.0,36.9,40.1,42.6,0.02,-0.06,1.00,0.00,0.00,0.00,-13.09,17.12,81,-1,0,-4,11.2,-0.31,0.604,0.652,2.21,0,26,0,46.9,241.2,239.5,237.4,0.00,1,12.0,6.2
13.00,cruise,348.16,1.84,0.600,1,1899.1,340.8,501.4,-3609.3,1.19,-23.15,237,219,-1,44.7,37.1,40.9,42.5,-0.00,-0.03,1.00,0.00,0.00,0.00,-13.76,18.65,81,-1,0,-6,8.1,-0.29,0.603,0.620,2.58,0,26,0,43.7,240.2,241.3,239.4,0.00,1,16.1,10.3
13.10,cruise,348.47,1.53,0.600,1,1899.2,338.4,501.3,-3606.9,0.97,-24.84,237,219,-1,45.6,37.0,42.4,42.2,-0.02,0.02,1.00,0.00,0.00,0.00,-14.39,20.27,81,-1,0,-8,3.3,-0.23,0.602,0.627,3.02,0,26,0,40.3,239.2,243.2,241.3,0.00,1,20.7,13.2
13.20,cruise,348.82,1.18,0.600,1,1899.4,333.0,501.2,-3604.3,1.01,-28.22,241,232,-1,46.7,36.7,44.4,41.6,-0.04,0.07,1.00,0.00,0.00,0.00,-13.77,22.71,81,-1,0,-10,-9.6,-0.14,0.601,0.666,3.43,0,26,0,37.1,238.5,245.1,242.9,0.00,1,26.2,14.5
13.30,cruise,349.21,0.79,0.600,1,1899.5,330.0,501.1,-3601.5,1.27,-29.92,244,232,-1,47.9,36.2,46.9,40.9,-0.05,0.12,1.00,0.00,0.00,0.00,-13.11,25.02,81,-1,0,-11,-16.1,-0.03,0.600,0.701,3.83,0,26,0,34.3,237.9,246.8,244.0,0.00,1,26.3,13.4
13.40,cruise,349.63,0.37,0.500,1,1899.5,330.0,501.0,-3598.5,1.27,-29.92,248,232,-1,49.2,35.4,49.6,39.9,-0.08,0.18,1.00,0.00,0.00,0.00,-12.37,27.27,81,-1,0,-11,-16.1,0.09,0.500,0.630,4.18,0,26,0,32.3,237.6,248.2,244.5,0.00,1,26.3,13.4
13.50,cruise,350.09,-0.09,0.400,1,1899.9,323.6,500.8,-3595.4,2.29,-33.19,251,232,-1,50.4,34.6,52.1,38.5,-0.13,0.24,1.00,0.00,0.00,0.00,-11.67,29.44,81,-1,0,-11,-24.3,0.20,0.401,0.548,4.47,0,26,0,31.1,237.5,249.0,244.1,0.00,1,18.9,9.3
13.60,cruise,350.56,-0.56,0.300,1,1899.9,323.6,500.6,-3592.1,2.29,-33.19,256,238,-1,51.6,33.9,54.2,36.6,-0.21,0.28,1.00,0.00,0.00,0.00,-10.48,31.58,81,-1,0,-10,-24.3,0.29,0.302,0.447,4.58,0,26,0,31.0,237.6,249.2,242.8,0.00,1,18.9,9.3
13.70,cruise,351.00,-1.00,0.280,1,1900.5,316.7,500.3,-3588.7,3.30,-35.23,259,238,-1,52.5,33.3,55.7,34.6,-0.24,0.22,1.00,0.00,0.00,0.00,-9.33,33.22,81,-1,0,-8,-24.0,0.35,0.282,0.410,4.40,0,26,0,31.9,238.0,248.8,240.6,0.00,1,6.3,1.2
13.80,cruise,351.40,-1.40,0.292,1,1900.5,316.7,500.0,-3585.2,3.30,-35.23,262,238,-1,53.3,33.0,56.7,32.4,-0.24,0.13,1.00,0.00,0.00,0.00,-8.25,34.41,81,-1,0,-5,-24.0,0.38,0.295,0.402,3.95,0,26,0,33.6,238.8,248.0,237.9,0.00,1,6.3,1.2
13.90,cruise,351.74,-1.74,0.309,1,1900.9,313.2,499.6,-3581.7,3.74,-35.83,264,238,-1,53.8,32.9,57.2,30.5,-0.22,0.04,1.00,0.00,0.00,0.00,-7.43,35.25,81,-1,0,-2,-22.4,0.41,0.312,0.392,3.36,0,26,0,36.3,239.9,247.0,234.8,0.00,1,0.9,-3.7
14.00,cruise,352.03,-2.03,0.326,1,1901.3,309.5,499.2,-3578.0,4.17,-36.39,264,229,-1,54.3,33.1,57.3,29.0,-0.19,-0.03,1.00,0.00,0.00,0.00,-7.70,35.81,81,-1,0,1,-20.0,0.43,0.329,0.400,2.76,0,26,0,39.7,241.6,245.8,231.6,0.00,1,-3.9,-9.2
14.10,cruise,352.24,-2.24,0.344,1,1902.2,302.1,498.8,-3574.4,4.97,-37.54,265,229,-1,54.6,33.3,57.2,28.1,-0.14,-0.06,1.00,0.00,0.00,0.00,-8.08,36.34,81,-1,0,4,-13.8,0.43,0.348,0.418,2.18,0,26,0,43.7,243.6,244.7,228.5,0.00,1,-8.3,-20.1
14.20,cruise,352.40,-2.40,0.358,1,1902.7,298.3,498.3,-3570.6,5.32,-38.22,265,229,-1,54.8,33.6,57.1,28.2,-0.09,-0.07,1.00,0.00,0.00,0.00,-8.40,36.92,81,-1,0,7,-9.5,0.42,0.362,0.419,1.67,0,26,0,48.1,246.1,243.7,226.0,0.00,1,-8.4,-25.0
14.30,cruise,352.50,-2.50,0.377,1,1902.7,298.3,497.8,-3566.8,5.32,-38.22,265,229,-1,55.0,34.0,57.1,29.3,-0.02,-0.06,1.00,0.00,0.00,0.00,-8.66,37.61,81,-1,0,9,-9.5,0.37,0.380,0.410,1.24,0,26,0,52.9,249.0,243.1,224.1,0.00,1,-8.4,-25.0
14.40,cruise,352.55,-2.55,0.402,1,1903.9,290.5,497.2,-3562.9,5.76,-39.86,261,211,-1,55.1,34.3,57.2,31.4,0.05,-0.03,1.00,0.00,0.00,0.00,-11.30,37.74,81,-1,0,10,0.6,0.29,0.405,0.436,0.90,0,26,0,57.8,252.0,242.7,223.0,0.00,1,-6.2,-32.5
14.50,cruise,352.55,-2.55,0.438,1,1903.9,290.5,496.6,-3559.0,5.76,-39.86,259,211,-1,55.2,34.7,57.6,34.5,0.11,0.00,1.00,0.00,0.00,0.00,-13.43,37.97,81,-1,0,10,0.6,0.19,0.439,0.488,0.60,0,26,0,62.9,255.1,242.5,222.7,0.00,1,-6.2,-32.5
14.60,cruise,352.51,-2.51,0.480,1,1904.4,286.4,496.1,-3554.9,5.80,-40.80,257,211,-1,55.2,35.2,58.0,38.3,0.15,0.02,1.00,0.00,0.00,0.00,-14.98,38.39,81,-1,0,10,6.2,0.07,0.480,0.560,0.32,0,26,0,67.9,258.1,242.5,223.2,0.00,1,-5.3,-33.7
14.70,cruise,352.43,-2.43,0.492,1,1905.6,278.0,495.5,-3550.8,5.54,-43.08,255,211,-1,55.1,35.9,58.4,42.2,0.19,0.01,1.00,0.00,0.00,0.00,-16.07,39.06,81,-1,0,9,16.5,-0.06,0.492,0.591,0.05,0,26,0,72.3,260.5,242.4,224.2,0.00,1,-5.5,-29.0
14.80,cruise,352.34,-2.34,0.505,1,1905.6,278.0,494.9,-3546.5,5.54,-43.08,248,193,-1,54.9,36.9,58.5,46.0,0.20,-0.01,1.00,0.00,0.00,0.00,-21.18,37.92,81,-1,0,7,16.5,-0.18,0.506,0.611,-0.18,0,26,0,75.7,262.4,242.2,225.6,0.00,1,-5.5,-29.0
14.90,cruise,352.22,-2.22,0.518,1,1906.6,269.0,494.4,-3542.1,4.70,-45.83,241,193,-1,54.6,38.2,58.3,49.2,0.19,-0.04,1.00,0.00,0.00,0.00,-25.90,36.47,81,-1,0,6,21.8,-0.28,0.521,0.642,-0.43,0,26,0,78.0,263.5,241.8,226.9,0.00,1,-7.7,-17.4
15.00,cruise,352.10,-2.10,0.533,1,1907.0,264.3,493.9,-3537.5,4.13,-47.30,235,193,-1,54.2,39.5,57.6,51.6,0.16,-0.08,1.00,0.00,0.00,0.00,-30.15,34.85,81,-1,0,5,21.4,-0.34,0.537,0.666,-0.68,0,26,0,78.8,263.8,241.3,228.0,0.00,1,-7.6,-9.6
15.10,cruise,351.97,-1.97,0.549,1,1907.4,259.5,493.5,-3532.8,3.52,-48.68,229,193,-1,53.9,40.8,56.5,53.0,0.12,-0.11,1.00,0.00,0.00,0.00,-33.95,33.19,81,-1,0,4,18.9,-0.35,0.553,0.679,-0.93,0,26,0,78.3,263.4,240.8,228.9,0.00,1,-6.1,-2.2
15.20,cruise,351.84,-1.84,0.565,1,1907.4,259.5,493.1,-3528.0,3.52,-48.68,224,192,-1,53.5,41.8,55.3,53.6,0.08,-0.12,1.00,0.00,0.00,0.00,-37.43,31.32,81,-1,0,3,18.9,-0.32,0.568,0.681,-1.18,0,26,0,76.8,262.4,240.4,229.8,0.00,1,-6.1,-2.2
15.30,cruise,351.71,-1.71,0.577,1,1907.7,254.5,492.8,-3523.0,2.77,-50.16,219,192,-1,53.3,42.5,54.0,53.5,0.03,-0.12,1.00,0.00,0.00,0.00,-40.48,29.75,81,-1,0,2,14.7,-0.25,0.580,0.668,-1.34,0,26,0,74.5,261.0,240.3,230.6,0.00,1,-3.4,4.8
15.40,cruise,351.59,-1.59,0.585,1,1908.0,244.1,492.6,-3517.9,1.41,-53.18,216,192,-1,53.4,42.7,53.1,52.7,-0.01,-0.11,1.00,0.00,0.00,0.00,-43.21,28.42,81,-1,0,2,2.3,-0.15,0.586,0.658,-1.42,0,26,0,71.6,259.3,240.5,231.4,0.00,1,6.3,16.3
15.50,cruise,351.49,-1.49,0.589,1,1908.1,238.7,492.5,-3512.6,0.79,-54.68,212,192,-1,53.6,42.5,52.8,51.5,-0.04,-0.07,1.00,0.00,0.00,0.00,-45.67,27.28,81,-1,0,1,-4.0,-0.03,0.589,0.657,-1.41,0,26,0,68.4,257.7,241.1,232.2,0.00,1,12.1,18.8
15.60,cruise,351.39,-1.39,0.589,1,1908.1,238.7,492.4,-3507.2,0.79,-54.68,214,204,-1,54.0,41.9,53.2,50.2,-0.05,-0.02,1.00,0.00,0.00,0.00,-45.87,29.78,81,-1,0,-0,-4.0,0.08,0.589,0.636,-1.33,0,26,0,65.0,256.2,242.2,233.1,0.00,1,12.1,18.8
15.70,cruise,351.29,-1.29,0.587,1,1908.2,227.4,492.3,-3501.6,0.04,-57.71,215,204,-1,54.6,40.8,54.3,48.8,-0.05,0.03,1.00,0.00,0.00,0.00,-45.98,32.25,81,-1,0,-1,-13.2,0.16,0.588,0.637,-1.23,0,26,0,61.6,254.9,243.6,234.1,0.00,1,20.4,19.1
15.80,cruise,351.21,-1.21,0.583,1,1908.2,221.5,492.3,-3495.9,-0.18,-59.32,217,204,-1,55.2,39.5,55.9,47.6,-0.05,0.08,1.00,0.00,0.00,0.00,-46.05,34.78,81,-1,0,-2,-14.9,0.22,0.584,0.656,-1.07,0,26,0,58.1,253.9,245.2,234.9,0.00,1,22.1,17.4
15.90,cruise,351.13,-1.13,0.577,1,1908.2,221.5,492.3,-3490.0,-0.18,-59.32,219,204,-1,55.8,38.1,57.8,46.5,-0.03,0.11,1.00,0.00,0.00,0.00,-45.92,37.56,81,-1,0,-3,-14.9,0.24,0.580,0.663,-0.92,0,26,0,54.7,253.1,246.8,235.8,0.00,1,22.1,17.4
16.00,cruise,351.05,-1.05,0.575,1,1908.2,215.4,492.3,-3483.9,-0.13,-60.92,226,218,-1,56.2,36.5,59.7,45.7,-0.02,0.13,1.00,0.00,0.00,0.00,-42.10,44.03,81,-1,0,-4,-14.7,0.22,0.577,0.662,-0.82,0,26,0,51.4,252.5,248.4,236.6,0.00,1,21.8,15.2
16.10,cruise,350.96,-0.96,0.578,1,1908.2,209.2,492.3,-3477.7,0.04,-62.47,233,218,-1,56.4,35.0,61.2,45.0,-0.00,0.13,1.00,0.00,0.00,0.00,-37.76,49.77,81,-1,0,-4,-12.7,0.17,0.579,0.654,-0.82,0,26,0,48.3,251.8,249.8,237.4,0.00,1,19.1,13.1
16.20,cruise,350.86,-0.86,0.586,1,1908.2,196.3,492.3,-3471.4,0.66,-65.52,239,218,-1,56.5,33.9,62.3,44.4,0.00,0.10,1.00,0.00,0.00,0.00,-33.24,54.69,81,-1,0,-5,-5.1,0.08,0.586,0.646,-0.91,0,26,0,45.5,251.1,250.8,238.0,0.00,1,9.8,10.4
16.30,cruise,350.75,-0.75,0.599,1,1908.3,189.7,492.3,-3464.8,1.01,-67.04,244,218,-1,56.5,33.1,62.8,43.8,0.00,0.06,1.00,0.00,0.00,0.00,-28.98,58.77,81,-1,0,-6,-1.1,-0.01,0.599,0.635,-1.08,0,26,0,43.3,250.3,251.4,238.5,0.00,1,4.1,9.7
16.40,cruise,350.63,-0.63,0.614,1,1908.5,182.9,492.2,-3458.2,1.45,-68.59,251,227,-1,56.4,32.9,62.8,43.0,0.00,0.01,1.00,0.00,0.00,0.00,-23.07,62.96,81,-1,0,-6,1.9,-0.09,0.614,0.618,-1.29,0,26,0,41.6,249.4,251.5,238.8,0.00,1,-1.3,9.2
16.50,cruise,350.50,-0.50,0.629,1,1908.5,182.9,492.0,-3451.4,1.45,-68.59,256,227,-1,56.3,33.0,62.1,42.2,-0.01,-0.04,1.00,0.00,0.00,0.00,-18.04,66.19,81,-1,0,-6,1.9,-0.16,0.630,0.659,-1.47,0,26,0,40.5,248.4,251.3,238.8,0.00,1,-1.3,9.2
16.60,cruise,350.38,-0.38,0.640,1,1908.9,168.7,491.8,-3444.4,2.42,-71.95,260,227,-1,56.0,33.4,61.1,41.1,-0.02,-0.07,1.00,0.00,0.00,0.00,-14.16,68.84,81,-1,0,-6,4.1,-0.19,0.641,0.699,-1.57,0,26,0,39.9,247.3,250.7,238.7,0.00,1,-7.8,9.3
16.70,cruise,350.25,-0.25,0.646,1,1908.9,168.7,491.6,-3437.2,2.42,-71.95,263,227,-1,55.8,33.8,59.9,39.9,-0.03,-0.10,1.00,0.00,0.00,0.00,-11.44,71.08,81,-1,0,-5,4.1,-0.19,0.647,0.729,-1.58,0,26,0,39.6,246.1,249.9,238.3,0.00,1,-7.8,9.3
16.80,cruise,350.15,-0.15,0.647,1,1909.5,153.9,491.3,-3429.9,3.34,-75.26,265,230,-1,55.6,34.2,58.7,38.5,-0.04,-0.10,1.00,0.00,0.00,0.00,-9.19,73.10,81,-1,0,-5,0.2,-0.15,0.648,0.737,-1.48,0,26,0,39.4,245.0,249.1,237.7,0.00,1,-6.6,8.6
16.90,cruise,350.06,-0.06,0.635,1,1909.8,146.3,491.0,-3422.4,3.82,-76.88,267,230,-1,55.4,34.4,57.8,37.2,-0.05,-0.08,1.00,0.00,0.00,0.00,-7.87,74.92,81,-1,0,-4,-3.3,-0.08,0.635,0.719,-1.28,0,26,0,39.4,244.1,248.3,237.0,0.00,1,-3.8,7.6
17.00,cruise,350.00,0.00,0.607,1,1910.3,138.5,490.7,-3414.8,4.31,-78.43,267,230,-1,55.3,34.4,57.4,35.8,-0.05,-0.05,1.00,0.00,0.00,0.00,-7.18,76.64,81,-1,0,-3,-6.4,0.00,0.607,0.673,-0.99,0,26,0,39.4,243.5,247.7,236.2,0.00,1,-0.3,5.8
17.10,cruise,349.96,0.04,0.585,1,1910.3,138.5,490.2,-3407.0,4.31,-78.43,268,230,-1,55.4,34.1,57.4,34.6,-0.05,-0.01,1.00,0.00,0.00,0.00,-6.89,78.24,81,-1,0,-2,-6.4,0.08,0.585,0.625,-0.66,0,26,0,39.5,243.2,247.4,235.3,0.00,1,-0.3,5.8
17.20,cruise,349.94,0.06,0.570,1,1910.7,130.5,489.8,-3399.0,4.79,-79.85,269,229,-1,55.4,33.6,57.9,33.5,-0.05,0.03,1.00,0.00,0.00,0.00,-6.85,79.70,81,-1,0,-1,-9.1,0.15,0.571,0.618,-0.34,0,26,0,39.7,243.3,247.3,234.4,0.00,1,3.0,3.8
17.30,cruise,349.94,0.06,0.563,1,1911.3,122.4,489.2,-3390.9,5.32,-81.22,269,229,-1,55.6,33.0,58.7,32.7,-0.04,0.07,1.00,0.00,0.00,0.00,-6.88,81.10,81,-1,0,-1,-10.5,0.20,0.565,0.627,-0.05,0,26,0,40.0,243.7,247.4,233.5,0.00,1,5.7,1.3
17.40,cruise,349.95,0.05,0.566,1,1911.8,114.2,488.7,-3382.7,5.84,-82.47,269,229,-1,55.7,32.4,59.6,32.2,-0.03,0.09,1.00,0.00,0.00,0.00,-6.84,82.39,81,-1,0,0,-10.4,0.22,0.567,0.632,0.12,0,26,0,40.4,244.3,247.7,232.6,0.00,1,6.7,-1.2
17.50,cruise,349.96,0.04,0.574,1,1913.1,97.4,488.1,-3374.4,6.90,-84.87,270,229,-1,55.8,31.9,60.4,32.0,-0.01,0.09,1.00,0.00,0.00,0.00,-6.64,83.63,81,-1,0,1,-6.1,0.20,0.575,0.633,0.19,0,26,0,41.1,245.1,248.0,231.9,0.00,1,3.9,-6.7
17.60,cruise,349.97,0.03,0.572,1,1913.1,97.4,487.4,-3365.9,6.90,-84.87,270,227,-1,55.9,31.6,60.9,32.3,0.00,0.07,1.00,0.00,0.00,0.00,-6.94,84.87,81,-1,0,2,-6.1,0.15,0.573,0.617,0.22,0,26,0,42.0,246.1,248.2,231.4,0.00,1,3.9,-6.7
17.70,cruise,349.97,0.03,0.572,1,1914.6,80.1,486.7,-3357.3,7.91,-87.36,270,227,-1,55.9,31.6,61.2,33.0,0.02,0.04,1.00,0.00,0.00,0.00,-7.02,86.16,81,-1,0,2,1.9,0.08,0.572,0.606,0.21,0,26,0,43.2,247.0,248.3,231.2,0.00,1,-3.4,-9.6
17.80,cruise,349.98,0.02,0.575,1,1915.5,71.3,485.9,-3348.6,8.31,-88.63,271,227,-1,55.8,31.9,60.9,34.0,0.03,-0.00,1.00,0.00,0.00,0.00,-6.97,87.44,81,-1,0,2,5.9,-0.00,0.575,0.593,0.15,0,26,0,44.6,247.8,248.1,231.1,0.00,1,-7.0,-9.9
17.90,cruise,349.98,0.02,0.578,1,1915.5,71.3,485.0,-3339.8,8.31,-88.63,271,227,-1,55.7,32.4,60.4,35.2,0.04,-0.04,1.00,0.00,0.00,0.00,-6.84,88.75,81,-1,0,2,5.9,-0.09,0.578,0.624,0.09,0,26,0,46.1,248.4,247.7,231.4,0.00,1,-7.0,-9.9
18.00,cruise,349.97,0.03,0.580,1,1917.2,53.3,484.2,-3330.8,8.96,-91.13,270,222,-1,55.6,33.2,59.6,36.5,0.05,-0.06,1.00,0.00,0.00,0.00,-8.45,89.93,81,-1,0,1,11.0,-0.16,0.581,0.647,0.04,0,26,0,47.5,248.9,247.2,231.8,0.00,1,-9.6,-9.0
18.10,cruise,349.97,0.03,0.581,1,1918.1,44.0,483.3,-3321.8,9.18,-92.34,269,222,-1,55.4,34.0,58.7,37.8,0.06,-0.08,1.00,0.00,0.00,0.00,-9.86,91.04,81,-1,0,1,11.2,-0.21,0.583,0.659,0.02,0,26,0,48.6,249.2,246.7,232.3,0.00,1,-8.8,-7.3
18.20,cruise,349.96,0.04,0.581,1,1918.1,44.0,482.4,-3312.5,9.18,-92.34,269,222,-1,55.2,34.8,57.8,38.9,0.05,-0.08,1.00,0.00,0.00,0.00,-11.21,92.12,81,-1,0,0,11.2,-0.22,0.583,0.658,0.03,0,26,0,49.3,249.4,246.3,232.9,0.00,1,-8.8,-7.3
18.30,cruise,349.97,0.03,0.578,1,1919.0,34.7,481.5,-3303.2,9.32,-93.53,268,222,-1,55.1,35.4,57.1,39.6,0.05,-0.07,1.00,0.00,0.00,0.00,-12.47,93.16,81,-1,0,-0,9.6,-0.20,0.580,0.645,0.07,0,26,0,49.7,249.4,246.0,233.3,0.00,1,-7.1,-5.0
18.40,cruise,349.98,0.02,0.573,1,1920.9,15.7,480.5,-3293.8,9.40,-95.84,267,219,-1,55.0,35.8,56.6,40.0,0.03,-0.05,1.00,0.00,0.00,0.00,-14.55,94.03,81,-1,0,-1,3.7,-0.15,0.573,0.622,0.14,0,26,0,49.8,249.2,245.8,233.6,0.00,1,-2.3,0.5
18.50,cruise,350.01,-0.01,0.563,1,1921.9,6.1,479.6,-3284.2,9.40,-96.97,266,219,-1,55.0,36.0,56.3,40.0,0.01,-0.04,1.00,0.00,0.00,0.00,-16.57,94.87,81,-1,0,-1,-0.0,-0.09,0.563,0.591,0.22,0,26,0,49.5,249.0,245.7,233.8,0.00,1,0.6,3.5
18.60,cruise,350.05,-0.05,0.553,1,1922.8,-3.7,478.6,-3274.6,9.40,-98.09,265,219,-1,55.0,35.9,56.3,39.6,-0.01,-0.01,1.00,0.00,0.00,0.00,-18.33,95.69,81,-1,0,-1,-3.6,-0.02,0.553,0.564,0.31,0,26,0,49.0,248.6,245.8,233.8,0.00,1,2.9,5.7
18.70,cruise,350.10,-0.10,0.542,1,1922.8,-3.7,477.7,-3264.8,9.40,-98.09,264,219,-1,55.2,35.6,56.5,38.9,-0.03,0.01,1.00,0.00,0.00,0.00,-19.90,96.51,81,-1,0,-1,-3.6,0.06,0.543,0.560,0.42,0,26,0,48.3,248.2,245.9,233.6,0.00,1,2.9,5.7
18.80,cruise,350.17,-0.17,0.531,1,1924.7,-23.6,476.8,-3254.9,9.62,-100.24,264,221,-1,55.4,35.3,56.9,37.8,-0.04,0.02,1.00,0.00,0.00,0.00,-20.50,97.51,81,-1,0,-0,-8.3,0.13,0.532,0.566,0.51,0,26,0,47.6,247.8,246.0,233.1,0.00,1,4.8,7.3
18.90,cruise,350.24,-0.24,0.523,1,1925.7,-33.7,475.8,-3244.9,9.80,-101.20,263,221,-1,55.6,34.8,57.3,36.6,-0.05,0.04,1.00,0.00,0.00,0.00,-21.12,98.46,81,-1,0,0,-8.9,0.18,0.524,0.569,0.57,0,26,0,47.1,247.5,246.0,232.5,0.00,1,4.9,6.2
19.00,cruise,350.31,-0.31,0.519,1,1926.7,-43.9,474.8,-3234.8,10.06,-102.12,263,221,-1,55.8,34.4,57.8,35.5,-0.05,0.04,1.00,0.00,0.00,0.00,-21.75,99.32,81,-1,0,1,-8.5,0.20,0.520,0.569,0.57,0,26,0,46.7,247.4,246.1,231.8,0.00,1,4.4,4.9
19.10,cruise,350.38,-0.38,0.517,1,1926.7,-43.9,473.8,-3224.6,10.06,-102.12,263,221,-1,55.9,34.0,58.2,34.5,-0.05,0.04,1.00,0.00,0.00,0.00,-22.45,100.13,81,-1,0,2,-8.5,0.21,0.518,0.564,0.55,0,26,0,46.5,247.3,246.2,231.1,0.00,1,4.4,4.9
19.20,cruise,350.43,-0.43,0.516,1,1927.7,-54.2,472.8,-3214.3,10.33,-103.00,263,222,-1,56.0,33.7,58.5,33.7,-0.04,0.03,1.00,0.00,0.00,0.00,-22.73,100.99,81,-1,0,2,-7.0,0.19,0.517,0.554,0.50,0,26,0,46.5,247.3,246.2,230.5,0.00,1,3.1,3.3
19.30,cruise,350.48,-0.48,0.516,1,1929.8,-75.0,471.7,-3204.0,10.94,-104.73,263,222,-1,56.1,33.6,58.6,33.2,-0.02,0.02,1.00,0.00,0.00,0.00,-23.16,101.82,81,-1,0,3,-1.4,0.15,0.517,0.538,0.42,0,26,0,46.7,247.3,246.1,230.0,0.00,1,-0.7,-0.7
19.40,cruise,350.51,-0.51,0.517,1,1931.0,-85.5,470.7,-3193.5,11.29,-105.58,263,222,-1,56.1,33.7,58.6,33.1,-0.01,-0.00,1.00,0.00,0.00,0.00,-23.54,102.63,81,-1,0,3,1.5,0.09,0.517,0.524,0.34,0,26,0,47.1,247.5,246.0,229.8,0.00,1,-2.5,-2.8
19.50,cruise,350.53,-0.53,0.517,1,1931.0,-85.5,469.5,-3183.0,11.29,-105.58,263,222,-1,56.1,33.9,58.3,33.5,0.01,-0.02,1.00,0.00,0.00,0.00,-24.03,103.43,81,-1,0,3,1.5,0.03,0.517,0.534,0.26,0,26,0,47.6,247.7,245.8,229.8,0.00,1,-2.5,-2.8
19.60,cruise,350.55,-0.55,0.520,1,1933.3,-106.8,468.4,-3172.3,11.82,-107.19,263,221,-1,56.1,34.3,58.0,34.3,0.03,-0.04,1.00,0.00,0.00,0.00,-25.01,104.06,81,-1,0,3,6.9,-0.03,0.520,0.552,0.19,0,26,0,48.1,247.9,245.7,230.2,0.00,1,-3.9,-5.5
19.70,cruise,350.55,-0.55,0.524,1,1933.3,-106.8,467.2,-3161.7,11.82,-107.19,262,221,-1,56.0,34.7,57.6,35.4,0.04,-0.04,1.00,0.00,0.00,0.00,-25.85,104.69,81,-1,0,2,6.9,-0.10,0.524,0.567,0.13,0,26,0,48.5,248.1,245.6,230.8,0.00,1,-3.9,-5.5
19.80,cruise,350.54,-0.54,0.528,1,1934.5,-117.6,466.0,-3150.9,12.04,-108.01,262,221,-1,55.9,35.1,57.3,36.6,0.06,-0.04,1.00,0.00,0.00,0.00,-26.47,105.41,81,-1,0,1,8.7,-0.15,0.529,0.577,0.11,0,26,0,48.6,248.3,245.7,231.7,0.00,1,-3.3,-5.5
19.90,cruise,350.53,-0.53,0.534,1,1936.9,-139.4,464.8,-3140.0,12.30,-109.69,262,221,-1,55.8,35.5,57.1,37.8,0.06,-0.03,1.00,0.00,0.00,0.00,-26.85,106.18,81,-1,0,0,8.4,-0.17,0.535,0.583,0.08,0,26,0,48.5,248.4,245.8,232.6,0.00,1,-1.6,-3.7
20.00,cruise,350.53,-0.53,0.538,1,1936.9,-139.4,463.6,-3129.1,12.30,-109.69,262,221,-1,55.7,35.8,56.9,38.7,0.05,-0.03,1.00,0.00,0.00,0.00,-27.19,106.98,81,-1,0,-0,8.4,-0.18,0.539,0.583,0.07,0,26,0,48.3,248.4,246.0,233.4,0.00,1,-1.6,-3.7
20.10,cruise,350.53,-0.53,0.539,1,1939.4,-161.6,462.3,-3118.0,12.39,-111.46,262,221,-1,55.6,36.1,56.7,39.3,0.04,-0.03,1.00,0.00,0.00,0.00,-27.45,107.83,81,-1,0,-1,4.5,-0.16,0.540,0.576,0.08,0,26,0,47.9,248.2,246.1,234.1,0.00,1,-0.3,1.1
20.20,cruise,350.53,-0.53,0.537,1,1940.7,-172.8,461.1,-3106.9,12.48,-112.34,262,221,-1,55.6,36.2,56.5,39.5,0.02,-0.03,1.00,0.00,0.00,0.00,-27.67,108.68,81,-1,0,-2,1.6,-0.12,0.537,0.562,0.08,0,26,0,47.3,247.9,246.2,234.6,0.00,1,0.1,3.8
20.30,cruise,350.55,-0.55,0.531,1,1941.9,-184.1,459.8,-3095.7,12.57,-113.22,262,221,-1,55.6,36.2,56.3,39.1,-0.00,-0.03,1.00,0.00,0.00,0.00,-28.12,109.47,81,-1,0,-2,-1.0,-0.07,0.531,0.548,0.07,0,26,0,46.6,247.4,246.2,234.7,0.00,1,0.9,6.2
20.40,cruise,350.58,-0.58,0.521,1,1943.2,-195.5,458.6,-3084.4,12.66,-114.10,262,223,-1,55.7,36.1,56.2,38.4,-0.03,-0.02,1.00,0.00,0.00,0.00,-27.62,110.52,81,-1,0,-2,-3.4,-0.01,0.521,0.546,0.09,0,26,0,45.8,246.8,246.2,234.6,0.00,1,2.3,7.7
20.50,cruise,350.60,-0.60,0.511,1,1944.5,-207.0,457.3,-3073.0,12.79,-114.91,263,223,-1,55.8,35.9,56.3,37.4,-0.04,-0.00,1.00,0.00,0.00,0.00,-27.38,111.49,81,-1,0,-1,-5.1,0.04,0.511,0.535,0.13,0,26,0,45.0,246.2,246.2,234.4,0.00,1,3.7,8.2
20.60,cruise,350.63,-0.63,0.505,1,1945.7,-218.5,456.0,-3061.5,12.96,-115.66,263,223,-1,55.9,35.5,56.5,36.4,-0.05,0.01,1.00,0.00,0.00,0.00,-27.36,112.33,81,-1,0,-1,-6.2,0.08,0.505,0.536,0.14,0,26,0,44.2,245.6,246.2,234.1,0.00,1,4.5,8.0
20.70,cruise,350.66,-0.66,0.501,1,1945.7,-218.5,454.8,-3050.0,12.96,-115.66,263,223,-1,56.0,35.1,56.9,35.3,-0.05,0.03,1.00,0.00,0.00,0.00,-27.50,113.09,81,-1,0,-1,-6.2,0.11,0.502,0.541,0.13,0,26,0,43.4,245.2,246.3,233.7,0.00,1,4.5,8.0
20.80,cruise,350.68,-0.68,0.498,1,1948.4,-241.8,453.4,-3038.4,13.49,-117.09,263,226,-1,56.1,34.8,57.2,34.3,-0.05,0.03,1.00,0.00,0.00,0.00,-26.64,114.07,81,-1,0,-0,-5.9,0.12,0.499,0.540,0.12,0,26,0,42.8,244.7,246.4,233.3,0.00,1,3.4,6.0
20.90,cruise,350.70,-0.70,0.496,1,1948.4,-241.8,452.1,-3026.7,13.49,-117.09,264,226,-1,56.2,34.5,57.5,33.3,-0.05,0.02,1.00,0.00,0.00,0.00,-26.07,114.94,81,-1,0,0,-5.9,0.12,0.497,0.532,0.08,0,26,0,42.5,244.4,246.4,232.8,0.00,1,3.4,6.0
21.00,cruise,350.71,-0.71,0.495,1,1951.2,-265.4,450.7,-3014.9,14.11,-118.37,264,226,-1,56.3,34.3,57.5,32.5,-0.05,0.00,1.00,0.00,0.00,0.00,-25.79,115.71,81,-1,0,1,-3.3,0.11,0.496,0.520,0.01,0,26,0,42.4,244.2,246.2,232.3,0.00,1,-0.2,2.6
21.10,cruise,350.71,-0.71,0.494,1,1952.6,-277.3,449.3,-3003.1,14.46,-118.97,264,226,-1,56.3,34.3,57.5,31.9,-0.04,-0.01,1.00,0.00,0.00,0.00,-25.84,116.37,81,-1,0,1,-1.6,0.09,0.495,0.520,-0.08,0,26,0,42.5,244.1,246.0,231.8,0.00,1,-1.4,1.4
21.20,cruise,350.70,-0.70,0.494,1,1954.1,-289.2,447.9,-2991.2,14.72,-119.59,264,226,-1,56.2,34.3,57.3,31.6,-0.03,-0.02,1.00,0.00,0.00,0.00,-26.05,116.98,81,-1,0,1,0.5,0.06,0.494,0.522,-0.17,0,26,0,42.7,244.0,245.8,231.5,0.00,1,-2.0,0.6
21.30,cruise,350.68,-0.68,0.493,1,1954.1,-289.2,446.4,-2979.3,14.72,-119.59,264,226,-1,56.2,34.4,57.1,31.5,-0.02,-0.03,1.00,0.00,0.00,0.00,-26.31,117.58,81,-1,0,2,0.5,0.02,0.493,0.520,-0.22,0,26,0,42.8,243.9,245.6,231.4,0.00,1,-2.0,0.6
21.40,cruise,350.65,-0.65,0.495,1,1957.1,-313.3,444.9,-2967.3,15.34,-120.70,264,226,-1,56.1,34.6,56.8,31.8,-0.00,-0.03,1.00,0.00,0.00,0.00,-26.68,118.13,81,-1,0,1,4.4,-0.03,0.495,0.512,-0.27,0,26,0,42.7,243.8,245.6,231.7,0.00,1,-1.2,-1.7
21.50,cruise,350.61,-0.61,0.501,1,1958.7,-325.4,443.4,-2955.2,15.60,-121.25,264,226,-1,56.0,34.7,56.7,32.4,0.01,-0.02,1.00,0.00,0.00,0.00,-26.86,118.66,81,-1,0,1,5.8,-0.07,0.501,0.520,-0.33,0,26,0,42.6,243.8,245.7,232.3,0.00,1,-0.5,-2.5
21.60,cruise,350.56,-0.56,0.508,1,1958.7,-325.4,441.8,-2943.1,15.60,-121.25,265,227,-1,55.9,34.9,56.6,33.3,0.03,-0.02,1.00,0.00,0.00,0.00,-26.71,119.29,81,-1,0,-0,5.8,-0.12,0.509,0.531,-0.36,0,26,0,42.3,243.9,246.0,233.1,0.00,1,-0.5,-2.5
21.70,cruise,350.51,-0.51,0.516,1,1961.8,-349.8,440.3,-2930.9,16.08,-122.44,265,227,-1,55.9,35.0,56.6,34.2,0.03,-0.01,1.00,0.00,0.00,0.00,-26.42,119.99,81,-1,0,-1,6.0,-0.15,0.517,0.540,-0.38,0,26,0,41.9,243.9,246.3,233.9,0.00,1,0.6,-2.5
21.80,cruise,350.45,-0.45,0.525,1,1961.8,-349.8,438.7,-2918.7,16.08,-122.44,265,227,-1,55.8,35.1,56.6,35.1,0.04,-0.00,1.00,0.00,0.00,0.00,-25.94,120.74,81,-1,0,-2,6.0,-0.16,0.526,0.546,-0.40,0,26,0,41.5,243.9,246.6,234.7,0.00,1,0.6,-2.5
21.90,cruise,350.40,-0.40,0.534,1,1965.1,-374.4,437.0,-2906.4,16.52,-123.75,266,227,-1,55.7,35.1,56.7,35.8,0.03,0.01,1.00,0.00,0.00,0.00,-25.33,121.52,81,-1,0,-3,3.0,-0.15,0.535,0.555,-0.41,0,26,0,41.0,244.0,247.0,235.5,0.00,1,2.1,-0.2
22.00,cruise,350.35,-0.35,0.540,1,1965.1,-374.4,435.4,-2894.1,16.52,-123.75,267,229,-1,55.6,35.0,56.9,36.2,0.02,0.01,1.00,0.00,0.00,0.00,-23.99,122.52,81,-1,0,-3,3.0,-0.12,0.540,0.557,-0.40,0,26,0,40.5,243.9,247.3,236.0,0.00,1,2.1,-0.2
22.10,cruise,350.31,-0.31,0.542,1,1968.5,-399.4,433.7,-2881.6,17.01,-125.22,267,229,-1,55.6,34.9,57.0,36.1,-0.00,0.01,1.00,0.00,0.00,0.00,-22.83,123.50,81,-1,0,-3,-2.1,-0.08,0.542,0.551,-0.39,0,26,0,40.0,243.7,247.5,236.2,0.00,1,2.0,3.8
22.20,cruise,350.28,-0.28,0.540,1,1970.2,-412.0,432.0,-2869.1,17.27,-126.02,268,229,-1,55.6,34.7,57.1,35.5,-0.02,0.01,1.00,0.00,0.00,0.00,-22.03,124.44,81,-1,0,-3,-4.5,-0.02,0.540,0.559,-0.37,0,26,0,39.6,243.4,247.5,236.0,0.00,1,1.0,5.0
22.30,cruise,350.26,-0.26,0.532,1,1970.2,-412.0,430.3,-2856.5,17.27,-126.02,268,229,-1,55.7,34.5,57.2,34.5,-0.05,0.00,1.00,0.00,0.00,0.00,-21.64,125.35,81,-1,0,-2,-4.5,0.04,0.532,0.559,-0.33,0,26,0,39.5,243.1,247.2,235.4,0.00,1,1.0,5.0
22.40,cruise,350.25,-0.25,0.523,1,1972.0,-424.6,428.5,-2843.9,17.62,-126.80,268,229,-1,55.7,34.3,57.1,33.3,-0.06,0.00,1.00,0.00,0.00,0.00,-21.50,126.21,81,-1,0,-2,-6.5,0.10,0.523,0.556,-0.30,0,26,0,39.7,242.8,246.8,234.5,0.00,1,0.3,5.3
22.50,cruise,350.25,-0.25,0.515,1,1975.5,-450.2,426.8,-2831.1,18.24,-128.17,268,229,-1,55.7,34.1,57.1,32.0,-0.07,-0.00,1.00,0.00,0.00,0.00,-21.70,126.90,81,-1,0,-0,-7.7,0.14,0.516,0.552,-0.30,0,26,0,40.2,242.6,246.4,233.4,0.00,1,-0.9,3.1
22.60,cruise,350.24,-0.24,0.507,1,1977.4,-463.0,425.0,-2818.3,18.59,-128.80,268,229,-1,55.7,34.0,57.1,30.8,-0.07,-0.00,1.00,0.00,0.00,0.00,-22.34,127.51,81,-1,0,1,-6.6,0.17,0.508,0.545,-0.28,0,26,0,40.8,242.6,245.9,232.2,0.00,1,-1.2,1.5
22.70,cruise,350.23,-0.23,0.501,1,1977.4,-463.0,423.1,-2805.5,18.59,-128.80,268,229,-1,55.7,33.9,57.0,29.9,-0.06,-0.00,1.00,0.00,0.00,0.00,-23.20,128.05,81,-1,0,2,-6.6,0.17,0.501,0.534,-0.24,0,26,0,41.4,242.7,245.5,231.2,0.00,1,-1.2,1.5
22.80,cruise,350.22,-0.22,0.496,1,1979.3,-475.9,421.2,-2792.6,18.94,-129.43,267,227,-1,55.7,33.9,57.0,29.5,-0.04,-0.00,1.00,0.00,0.00,0.00,-25.01,128.39,81,-1,0,2,-4.4,0.14,0.496,0.520,-0.19,0,26,0,42.1,242.9,245.2,230.6,0.00,1,-1.5,-0.7
22.90,cruise,350.20,-0.20,0.495,1,1983.2,-502.0,419.3,-2779.6,19.64,-130.53,267,227,-1,55.7,34.0,56.9,29.7,-0.02,-0.00,1.00,0.00,0.00,0.00,-26.58,128.72,81,-1,0,3,1.8,0.08,0.495,0.505,-0.15,0,26,0,42.6,243.3,245.1,230.4,0.00,1,-1.4,-4.7
23.00,cruise,350.17,-0.17,0.498,1,1983.2,-502.0,417.3,-2766.5,19.64,-130.53,266,227,-1,55.6,34.1,56.9,30.4,0.01,-0.00,1.00,0.00,0.00,0.00,-27.82,129.03,81,-1,0,2,1.8,0.01,0.498,0.503,-0.15,0,26,0,43.0,243.6,245.2,230.6,0.00,1,-1.4,-4.7
23.10,cruise,350.14,-0.14,0.505,1,1987.2,-528.2,415.4,-2753.4,20.26,-131.51,266,227,-1,55.5,34.3,56.8,31.5,0.03,-0.01,1.00,0.00,0.00,0.00,-28.64,129.40,81,-1,0,2,6.9,-0.06,0.505,0.523,-0.17,0,26,0,43.3,244.0,245.3,231.2,0.00,1,-1.9,-6.9
23.20,cruise,350.10,-0.10,0.514,1,1987.2,-528.2,413.3,-2740.3,20.26,-131.51,266,225,-1,55.4,34.6,56.7,32.9,0.05,-0.01,1.00,0.00,0.00,0.00,-29.68,129.71,81,-1,0,1,6.9,-0.12,0.514,0.543,-0.19,0,26,0,43.5,244.4,245.6,232.1,0.00,1,-1.9,-6.9
23.30,cruise,350.06,-0.06,0.524,1,1991.3,-554.6,411.3,-2727.1,20.65,-132.56,266,225,-1,55.3,34.9,56.5,34.4,0.06,-0.01,1.00,0.00,0.00,0.00,-30.18,130.15,81,-1,0,-0,8.6,-0.17,0.525,0.561,-0.23,0,26,0,43.7,244.8,245.8,233.0,0.00,1,-2.1,-7.2
23.40,cruise,350.01,-0.01,0.534,1,1991.3,-554.6,409.2,-2713.9,20.65,-132.56,266,225,-1,55.2,35.2,56.3,35.8,0.06,-0.01,1.00,0.00,0.00,0.00,-30.38,130.68,81,-1,0,-1,8.6,-0.19,0.536,0.574,-0.25,0,26,0,43.8,245.2,246.1,233.9,0.00,1,-2.1,-7.2
23.50,cruise,349.97,0.03,0.541,1,1993.3,-567.9,407.2,-2700.6,20.79,-133.18,266,225,-1,55.1,35.4,56.2,36.9,0.05,-0.01,1.00,0.00,0.00,0.00,-30.27,131.35,81,-1,0,-2,7.9,-0.19,0.543,0.578,-0.24,0,26,0,43.8,245.4,246.3,234.7,0.00,1,-1.6,-5.9
23.60,cruise,349.94,0.06,0.544,1,1997.5,-594.7,405.1,-2687.2,21.01,-134.47,266,225,-1,55.0,35.7,56.0,37.6,0.03,-0.01,1.00,0.00,0.00,0.00,-30.24,132.02,81,-1,0,-2,3.1,-0.16,0.545,0.572,-0.22,0,26,0,43.8,245.5,246.4,235.2,0.00,1,-1.6,-1.0
23.70,cruise,349.92,0.08,0.543,1,1999.6,-608.2,403.0,-2673.8,21.09,-135.18,266,225,-1,54.9,35.8,55.8,37.8,0.01,-0.02,1.00,0.00,0.00,0.00,-30.28,132.69,81,-1,0,-2,-0.1,-0.11,0.543,0.559,-0.22,0,26,0,43.8,245.4,246.3,235.4,0.00,1,-1.3,1.3
23.80,cruise,349.91,0.09,0.537,1,1999.6,-608.2,400.9,-2660.3,21.09,-135.18,266,225,-1,54.9,35.8,55.6,37.4,-0.02,-0.02,1.00,0.00,0.00,0.00,-30.53,133.36,81,-1,0,-2,-0.1,-0.04,0.537,0.556,-0.19,0,26,0,43.8,245.2,246.1,235.1,0.00,1,-1.3,1.3
23.90,cruise,349.91,0.09,0.527,1,2003.9,-635.4,398.8,-2646.7,21.27,-136.54,266,225,-1,54.9,35.7,55.5,36.5,-0.04,-0.01,1.00,0.00,0.00,0.00,-31.04,133.97,81,-1,0,-2,-6.1,0.04,0.527,0.556,-0.14,0,26,0,43.9,245.0,245.8,234.5,0.00,1,-0.3,4.9
24.00,cruise,349.93,0.07,0.515,1,2003.9,-635.4,396.6,-2633.1,21.27,-136.54,265,225,-1,55.0,35.5,55.5,35.4,-0.06,-0.01,1.00,0.00,0.00,0.00,-31.93,134.44,81,-1,0,-1,-6.1,0.11,0.515,0.550,-0.07,0,26,0,44.0,244.7,245.4,233.7,0.00,1,-0.3,4.9
24.10,cruise,349.95,0.05,0.503,1,2008.2,-662.9,394.5,-2619.4,21.53,-137.79,265,225,-1,55.1,35.3,55.5,34.1,-0.07,-0.00,1.00,0.00,0.00,0.00,-33.06,134.86,81,-1,0,0,-8.3,0.16,0.504,0.541,-0.00,0,26,0,44.3,244.5,245.0,232.7,0.00,1,-0.0,3.8
24.20,cruise,349.98,0.02,0.493,1,2008.2,-662.9,392.3,-2605.6,21.53,-137.79,265,225,-1,55.1,35.1,55.6,33.0,-0.07,0.00,1.00,0.00,0.00,0.00,-34.33,135.17,81,-1,0,1,-8.3,0.19,0.494,0.533,0.06,0,26,0,44.8,244.5,244.7,231.6,0.00,1,-0.0,3.8
24.30,cruise,350.00,-0.00,0.484,1,2012.5,-690.6,390.2,-2591.8,21.93,-138.80,264,225,-1,55.2,34.9,55.7,32.0,-0.07,0.01,1.00,0.00,0.00,0.00,-35.66,135.42,81,-1,0,2,-5.9,0.20,0.486,0.522,0.13,0,26,0,45.3,244.6,244.4,230.6,0.00,1,0.2,0.3
24.40,cruise,350.02,-0.02,0.481,1,2012.5,-690.6,388.0,-2577.9,21.93,-138.80,263,223,-1,55.3,34.8,55.8,31.5,-0.05,0.01,1.00,0.00,0.00,0.00,-37.80,135.34,81,-1,0,3,-5.9,0.18,0.482,0.512,0.16,0,26,0,45.9,244.9,244.2,229.9,0.00,1,0.2,0.3
24.50,cruise,350.03,-0.03,0.486,1,2014.7,-704.5,385.8,-2564.0,22.10,-139.09,263,223,-1,55.3,34.8,56.0,31.5,-0.02,0.02,1.00,0.00,0.00,0.00,-39.53,135.17,81,-1,0,3,-3.5,0.14,0.487,0.507,0.09,0,26,0,46.4,245.2,244.1,229.6,0.00,1,0.2,-2.0
24.60,cruise,350.02,-0.02,0.495,1,2016.9,-718.4,383.6,-2550.1,22.24,-139.39,262,223,-1,55.3,34.7,56.1,32.0,0.00,0.02,1.00,0.00,0.00,0.00,-40.79,135.14,81,-1,0,3,-0.6,0.08,0.496,0.508,0.02,0,26,0,46.9,245.7,244.3,229.6,0.00,1,0.2,-4.5
24.70,cruise,350.00,0.00,0.507,1,2021.4,-746.4,381.3,-2536.1,22.59,-140.16,262,223,-1,55.2,34.8,56.3,33.1,0.03,0.02,1.00,0.00,0.00,0.00,-41.61,135.25,81,-1,0,3,5.3,0.01,0.507,0.531,-0.04,0,26,0,47.4,246.3,244.5,230.0,0.00,1,-0.5,-7.8
24.80,cruise,349.97,0.03,0.518,1,2023.7,-760.5,379.1,-2522.1,22.72,-140.63,262,221,-1,55.2,35.0,56.3,34.4,0.05,0.01,1.00,0.00,0.00,0.00,-42.98,135.31,81,-1,0,2,7.4,-0.06,0.518,0.550,-0.06,0,26,0,47.8,246.9,244.8,230.8,0.00,1,-1.2,-8.4
24.90,cruise,349.93,0.07,0.532,1,2023.7,-760.5,376.8,-2508.0,22.72,-140.63,261,221,-1,55.0,35.3,56.3,36.0,0.07,0.00,1.00,0.00,0.00,0.00,-43.79,135.55,81,-1,0,1,7.4,-0.12,0.532,0.568,-0.11,0,26,0,48.2,247.4,245.0,231.6,0.00,1,-1.2,-8.4
25.00,cruise,349.89,0.11,0.543,1,2028.3,-788.7,374.5,-2493.9,22.85,-141.72,261,221,-1,54.9,35.6,56.1,37.5,0.07,-0.01,1.00,0.00,0.00,0.00,-44.15,135.97,81,-1,0,0,9.4,-0.17,0.544,0.586,-0.13,0,26,0,48.4,247.7,245.3,232.6,0.00,1,-2.4,-6.4
25.10,cruise,349.86,0.14,0.550,1,2030.5,-802.9,372.2,-2479.8,22.85,-142.34,261,221,-1,54.8,36.0,55.9,38.7,0.06,-0.02,1.00,0.00,0.00,0.00,-44.37,136.52,81,-1,0,-1,8.2,-0.20,0.551,0.596,-0.12,0,26,0,48.4,247.9,245.4,233.5,0.00,1,-2.7,-4.2
25.20,cruise,349.84,0.16,0.552,1,2032.8,-817.2,370.0,-2465.6,22.76,-142.93,261,221,-1,54.6,36.4,55.5,39.6,0.05,-0.03,1.00,0.00,0.00,0.00,-44.87,137.00,81,-1,0,-1,5.8,-0.19,0.554,0.595,-0.12,0,26,0,48.4,247.9,245.5,234.1,0.00,1,-3.0,-1.6
25.30,cruise,349.82,0.18,0.550,1,2032.8,-817.2,367.7,-2451.3,22.76,-142.93,261,221,-1,54.5,36.7,55.1,39.9,0.03,-0.04,1.00,0.00,0.00,0.00,-45.39,137.43,81,-1,0,-1,5.8,-0.14,0.551,0.584,-0.13,0,26,0,48.4,247.8,245.3,234.4,0.00,1,-3.0,-1.6
25.40,cruise,349.82,0.18,0.543,1,2035.1,-831.6,365.4,-2436.9,22.72,-143.57,260,221,-1,54.5,36.8,54.7,39.7,-0.00,-0.04,1.00,0.00,0.00,0.00,-46.18,137.83,81,-1,0,-1,2.8,-0.08,0.543,0.565,-0.11,0,26,0,48.3,247.5,245.1,234.4,0.00,1,-3.0,1.0
25.50,cruise,349.83,0.17,0.530,1,2039.6,-860.4,363.1,-2422.5,22.59,-144.82,260,221,-1,54.5,36.9,54.4,39.0,-0.03,-0.04,1.00,0.00,0.00,0.00,-47.22,138.13,81,-1,0,-1,-3.5,-0.01,0.530,0.566,-0.07,0,26,0,48.2,247.1,244.7,234.0,0.00,1,-1.6,5.1
25.60,cruise,349.86,0.14,0.517,1,2039.6,-860.4,360.9,-2408.1,22.59,-144.82,260,221,-1,54.6,36.8,54.2,38.0,-0.05,-0.03,1.00,0.00,0.00,0.00,-48.23,138.41,81,-1,0,-0,-3.5,0.06,0.517,0.558,-0.01,0,26,0,48.1,246.7,244.4,233.4,0.00,1,-1.6,5.1
25.70,cruise,349.88,0.12,0.504,1,2044.1,-889.5,358.6,-2393.6,22.59,-145.83,259,221,-1,54.6,36.6,54.1,36.9,-0.06,-0.01,1.00,0.00,0.00,0.00,-49.43,138.54,81,-1,0,0,-6.7,0.12,0.505,0.543,0.06,0,26,0,48.0,246.4,244.1,232.7,0.00,1,1.7,6.2
25.80,cruise,349.92,0.08,0.494,1,2046.4,-904.1,356.4,-2379.0,22.59,-146.27,259,221,-1,54.8,36.3,54.3,35.8,-0.07,0.01,1.00,0.00,0.00,0.00,-50.60,138.63,81,-1,0,1,-6.7,0.15,0.495,0.531,0.14,0,26,0,47.8,246.1,244.0,232.1,0.00,1,3.0,5.6
25.90,cruise,349.95,0.05,0.488,1,2048.7,-918.8,354.1,-2364.4,22.64,-146.62,258,221,-1,54.9,36.0,54.6,35.0,-0.06,0.02,1.00,0.00,0.00,0.00,-51.64,138.71,81,-1,0,1,-5.5,0.16,0.488,0.529,0.21,0,26,0,47.5,245.9,244.0,231.6,0.00,1,4.1,4.0
26.00,cruise,349.98,0.02,0.487,1,2048.7,-918.8,351.8,-2349.7,22.64,-146.62,258,222,-1,55.0,35.7,55.0,34.4,-0.04,0.04,1.00,0.00,0.00,0.00,-51.93,138.98,81,-1,0,2,-5.5,0.14,0.488,0.527,0.24,0,26,0,47.2,245.8,244.2,231.3,0.00,1,4.1,4.0
26.10,cruise,349.99,0.01,0.493,1,2053.2,-948.2,349.6,-2335.0,22.85,-147.17,258,222,-1,55.1,35.4,55.4,34.2,-0.02,0.04,1.00,0.00,0.00,0.00,-51.99,139.22,81,-1,0,2,-1.1,0.10,0.493,0.523,0.19,0,26,0,46.9,245.8,244.4,231.3,0.00,1,3.3,0.1
26.20,cruise,350.00,0.00,0.500,1,2053.2,-948.2,347.3,-2320.3,22.85,-147.17,258,222,-1,55.1,35.3,55.8,34.4,-0.00,0.04,1.00,0.00,0.00,0.00,-51.97,139.57,81,-1,0,1,-1.1,0.05,0.500,0.518,0.16,0,26,0,46.6,246.0,244.7,231.5,0.00,1,3.3,0.1
26.30,cruise,350.00,0.00,0.509,1,2055.5,-962.9,345.0,-2305.6,23.03,-147.48,259,222,-1,55.1,35.3,56.0,34.9,0.02,0.03,1.00,0.00,0.00,0.00,-51.76,140.01,81,-1,0,1,1.1,-0.00,0.509,0.531,0.10,0,26,0,46.5,246.1,245.0,231.9,0.00,1,2.2,-1.6
26.40,cruise,349.98,0.02,0.519,1,2060.1,-992.5,342.7,-2290.8,23.20,-148.21,259,223,-1,55.1,35.4,56.1,35.7,0.03,0.02,1.00,0.00,0.00,0.00,-50.87,140.72,81,-1,0,1,4.9,-0.05,0.519,0.543,0.04,0,26,0,46.4,246.3,245.3,232.4,0.00,1,0.2,-3.6
26.50,cruise,349.97,0.03,0.528,1,2062.5,-1007.4,340.4,-2276.0,23.38,-148.62,259,223,-1,55.0,35.5,56.1,36.6,0.04,0.01,1.00,0.00,0.00,0.00,-49.91,141.47,81,-1,0,-0,5.7,-0.10,0.528,0.553,-0.01,0,26,0,46.3,246.5,245.5,233.1,0.00,1,-0.8,-3.7
26.60,cruise,349.95,0.05,0.535,1,2062.5,-1007.4,338.0,-2261.1,23.38,-148.62,260,223,-1,55.0,35.7,56.0,37.4,0.04,-0.01,1.00,0.00,0.00,0.00,-49.05,142.23,81,-1,0,-1,5.7,-0.13,0.536,0.561,-0.06,0,26,0,46.3,246.6,245.7,233.7,0.00,1,-0.8,-3.7
26.70,cruise,349.93,0.07,0.537,1,2064.8,-1022.3,335.7,-2246.2,23.38,-149.13,260,223,-1,54.9,36.0,55.7,37.9,0.03,-0.02,1.00,0.00,0.00,0.00,-48.21,143.04,81,-1,0,-1,5.6,-0.14,0.537,0.566,-0.08,0,26,0,46.3,246.6,245.7,234.1,0.00,1,-2.1,-2.7
26.80,cruise,349.93,0.07,0.533,1,2069.5,-1052.2,333.4,-2231.3,23.55,-150.16,261,223,-1,54.8,36.3,55.3,38.2,0.01,-0.04,1.00,0.00,0.00,0.00,-47.59,143.78,81,-1,0,-1,3.1,-0.12,0.533,0.562,-0.08,0,26,0,46.2,246.4,245.5,234.4,0.00,1,-3.7,0.8
26.90,cruise,349.93,0.07,0.525,1,2071.8,-1067.3,331.0,-2216.3,23.55,-150.64,261,223,-1,54.7,36.6,54.8,38.0,-0.01,-0.05,1.00,0.00,0.00,0.00,-47.58,144.36,81,-1,0,-1,1.3,-0.09,0.525,0.554,-0.06,0,26,0,46.2,246.1,245.2,234.3,0.00,1,-3.4,2.5
27.00,cruise,349.94,0.06,0.514,1,2071.8,-1067.3,328.7,-2201.2,23.55,-150.64,261,223,-1,54.7,36.7,54.4,37.6,-0.02,-0.05,1.00,0.00,0.00,0.00,-47.76,144.80,81,-1,0,-1,1.3,-0.05,0.514,0.549,-0.03,0,26,0,46.2,245.8,244.9,234.1,0.00,1,-3.4,2.5
27.10,cruise,349.96,0.04,0.504,1,2076.6,-1097.5,326.3,-2186.1,23.55,-151.57,260,223,-1,54.7,36.8,54.1,37.1,-0.03,-0.03,1.00,0.00,0.00,0.00,-48.20,145.16,81,-1,0,-1,-2.7,-0.00,0.504,0.537,0.03,0,26,0,46.1,245.5,244.6,233.8,0.00,1,-0.7,3.1
27.20,cruise,349.98,0.02,0.494,1,2076.6,-1097.5,323.9,-2171.0,23.55,-151.57,260,223,-1,54.8,36.7,54.1,36.5,-0.04,-0.02,1.00,0.00,0.00,0.00,-48.73,145.44,81,-1,0,-0,-2.7,0.05,0.494,0.522,0.11,0,26,0,46.2,245.3,244.4,233.4,0.00,1,-0.7,3.1
27.30,cruise,350.01,-0.01,0.488,1,2081.3,-1127.9,321.6,-2155.8,23.73,-152.27,260,223,-1,54.8,36.5,54.2,35.9,-0.04,0.00,1.00,0.00,0.00,0.00,-49.28,145.67,81,-1,0,0,-5.9,0.09,0.488,0.509,0.17,0,26,0,46.4,245.3,244.3,232.9,0.00,1,1.4,1.4
27.40,cruise,350.04,-0.04,0.485,1,2081.3,-1127.9,319.2,-2140.6,23.73,-152.27,260,223,-1,54.9,36.3,54.5,35.3,-0.04,0.02,1.00,0.00,0.00,0.00,-49.89,145.81,81,-1,0,1,-5.9,0.13,0.485,0.514,0.20,0,26,0,46.7,245.5,244.2,232.3,0.00,1,1.4,1.4
27.50,cruise,350.06,-0.06,0.487,1,2083.6,-1143.2,316.9,-2125.3,23.73,-152.53,260,223,-1,55.0,36.0,54.9,34.9,-0.03,0.04,1.00,0.00,0.00,0.00,-50.15,146.00,81,-1,0,1,-6.1,0.15,0.488,0.522,0.19,0,26,0,47.0,245.8,244.2,231.8,0.00,1,2.5,0.4
27.60,cruise,350.07,-0.07,0.492,1,2086.0,-1158.4,314.5,-2110.1,23.73,-152.80,260,222,-1,55.1,35.7,55.3,34.6,-0.02,0.04,1.00,0.00,0.00,0.00,-50.90,146.01,81,-1,0,2,-5.8,0.15,0.492,0.525,0.16,0,26,0,47.4,246.1,244.3,231.3,0.00,1,2.8,-0.7
27.70,cruise,350.08,-0.08,0.497,1,2090.8,-1189.1,312.1,-2094.8,23.91,-153.33,259,222,-1,55.2,35.6,55.6,34.5,-0.02,0.04,1.00,0.00,0.00,0.00,-51.55,146.09,81,-1,0,2,-3.5,0.14,0.498,0.524,0.12,0,26,0,48.0,246.6,244.4,230.9,0.00,1,0.8,-3.3
27.80,cruise,350.08,-0.08,0.504,1,2093.2,-1204.4,309.7,-2079.4,24.08,-153.59,259,222,-1,55.2,35.4,55.9,34.6,-0.01,0.03,1.00,0.00,0.00,0.00,-51.81,146.27,81,-1,0,2,-2.0,0.12,0.505,0.521,0.05,0,26,0,48.6,247.1,244.4,230.5,0.00,1,-0.4,-4.5
27.90,cruise,350.07,-0.07,0.511,1,2095.6,-1219.8,307.3,-2064.1,24.08,-153.94,259,222,-1,55.2,35.4,56.0,34.9,0.00,0.02,1.00,0.00,0.00,0.00,-52.08,146.48,81,-1,0,3,-0.2,0.09,0.511,0.522,-0.01,0,26,0,49.4,247.6,244.3,230.2,0.00,1,-1.4,-5.3
28.00,cruise,350.05,-0.05,0.517,1,2098.0,-1235.2,304.9,-2048.7,24.08,-154.29,259,219,-1,55.2,35.5,56.0,35.4,0.02,0.01,1.00,0.00,0.00,0.00,-53.74,146.25,81,-1,0,3,2.0,0.06,0.517,0.528,-0.05,0,26,0,50.2,248.1,244.3,230.1,0.00,1,-2.4,-5.6
28.10,cruise,350.03,-0.03,0.522,1,2100.4,-1250.7,302.5,-2033.3,24.08,-154.64,258,219,-1,55.1,35.7,55.9,36.0,0.02,-0.01,1.00,0.00,0.00,0.00,-55.10,146.12,81,-1,0,3,3.9,0.02,0.522,0.540,-0.11,0,26,0,50.9,248.5,244.2,230.2,0.00,1,-3.4,-5.4
28.20,cruise,350.01,-0.01,0.528,1,2102.8,-1266.2,300.1,-2017.8,24.08,-155.04,258,219,-1,55.0,35.9,55.6,36.7,0.03,-0.02,1.00,0.00,0.00,0.00,-56.28,146.04,81,-1,0,3,5.5,-0.03,0.528,0.557,-0.17,0,26,0,51.5,248.8,244.0,230.4,0.00,1,-3.9,-4.8
28.30,cruise,349.98,0.02,0.531,1,2105.2,-1281.7,297.7,-2002.3,24.08,-155.43,257,219,-1,54.9,36.3,55.2,37.4,0.04,-0.04,1.00,0.00,0.00,0.00,-57.37,146.03,81,-1,0,2,6.4,-0.07,0.531,0.569,-0.22,0,26,0,51.9,249.0,243.9,230.8,0.00,1,-3.9,-3.8
28.40,cruise,349.95,0.05,0.532,1,2107.6,-1297.3,295.3,-1986.8,23.99,-155.87,257,217,-1,54.7,36.6,54.8,38.0,0.04,-0.04,1.00,0.00,0.00,0.00,-59.70,145.52,81,-1,0,2,6.2,-0.09,0.532,0.573,-0.22,0,26,0,52.1,249.0,243.7,231.2,0.00,1,-3.4,-2.6
28.50,cruise,349.92,0.08,0.532,1,2107.6,-1297.3,292.9,-1971.2,23.99,-155.87,256,217,-1,54.6,36.9,54.4,38.6,0.03,-0.04,1.00,0.00,0.00,0.00,-61.76,145.11,81,-1,0,1,6.2,-0.10,0.532,0.571,-0.22,0,26,0,52.1,248.9,243.7,231.6,0.00,1,-3.4,-2.6
28.60,cruise,349.90,0.10,0.530,1,2112.4,-1328.5,290.5,-1955.6,23.73,-156.67,255,217,-1,54.5,37.1,54.1,39.0,0.03,-0.03,1.00,0.00,0.00,0.00,-63.60,144.68,81,-1,0,1,4.0,-0.09,0.531,0.563,-0.18,0,26,0,51.9,248.8,243.6,232.0,0.00,1,-0.8,-0.6
28.70,cruise,349.88,0.12,0.529,1,2112.4,-1328.5,288.1,-1940.0,23.73,-156.67,254,217,-1,54.5,37.2,54.0,39.3,0.02,-0.02,1.00,0.00,0.00,0.00,-65.13,144.45,81,-1,0,1,4.0,-0.07,0.529,0.552,-0.12,0,26,0,51.6,248.6,243.7,232.4,0.00,1,-0.8,-0.6
28.80,cruise,349.88,0.12,0.528,1,2114.8,-1344.2,285.7,-1924.3,23.64,-157.10,254,218,-1,54.5,37.2,54.0,39.5,0.02,-0.00,1.00,0.00,0.00,0.00,-65.84,144.59,81,-1,0,0,2.6,-0.05,0.528,0.540,-0.05,0,26,0,51.2,248.5,243.9,232.8,0.00,1,0.9,0.3
28.90,cruise,349.87,0.13,0.528,1,2117.1,-1360.0,283.4,-1908.5,23.55,-157.54,254,218,-1,54.5,37.0,54.2,39.6,0.01,0.01,1.00,0.00,0.00,0.00,-66.32,144.83,81,-1,0,-0,0.7,-0.02,0.528,0.540,0.00,0,26,0,50.7,248.4,244.2,233.0,0.00,1,2.3,1.4
29.00,cruise,349.88,0.12,0.528,1,2121.8,-1391.6,281.0,-1892.7,23.29,-158.33,254,218,-1,54.6,36.8,54.5,39.3,-0.00,0.02,1.00,0.00,0.00,0.00,-66.54,145.13,81,-1,0,-0,-2.7,0.02,0.528,0.540,0.04,0,26,0,50.0,248.1,244.4,233.2,0.00,1,3.5,5.2
29.10,cruise,349.90,0.10,0.524,1,2121.8,-1391.6,278.7,-1876.9,23.29,-158.33,254,218,-1,54.7,36.5,54.7,38.7,-0.02,0.02,1.00,0.00,0.00,0.00,-66.78,145.44,81,-1,0,-0,-2.7,0.05,0.524,0.543,0.07,0,26,0,49.3,247.7,244.6,233.2,0.00,1,3.5,5.2
29.20,cruise,349.92,0.08,0.518,1,2124.1,-1407.5,276.4,-1861.0,23.20,-158.73,254,220,-1,54.8,36.3,54.8,37.9,-0.04,0.01,1.00,0.00,0.00,0.00,-65.41,146.48,81,-1,0,0,-3.7,0.07,0.518,0.540,0.09,0,26,0,48.7,247.3,244.6,232.9,0.00,1,2.8,6.2
29.30,cruise,349.95,0.05,0.509,1,2126.4,-1423.4,274.1,-1845.1,23.20,-159.13,255,220,-1,54.9,36.1,54.9,37.0,-0.04,0.00,1.00,0.00,0.00,0.00,-64.50,147.31,81,-1,0,0,-4.3,0.09,0.509,0.532,0.13,0,26,0,48.2,246.9,244.5,232.6,0.00,1,1.8,6.3
29.40,cruise,349.98,0.02,0.501,1,2131.1,-1455.3,271.7,-1829.2,23.20,-159.79,255,220,-1,55.0,35.9,54.8,36.2,-0.05,-0.01,1.00,0.00,0.00,0.00,-63.93,147.93,81,-1,0,1,-3.4,0.10,0.501,0.527,0.15,0,26,0,47.9,246.5,244.3,232.1,0.00,1,0.1,4.8
29.50,cruise,350.01,-0.01,0.493,1,2131.1,-1455.3,269.4,-1813.2,23.20,-159.79,255,220,-1,55.0,35.8,54.7,35.5,-0.04,-0.02,1.00,0.00,0.00,0.00,-63.68,148.37,81,-1,0,1,-3.4,0.09,0.494,0.524,0.15,0,26,0,47.7,246.2,244.1,231.8,0.00,1,0.1,4.8
29.60,cruise,350.03,-0.03,0.487,1,2135.8,-1487.3,267.1,-1797.2,23.38,-160.27,255,221,-1,55.0,35.9,54.6,34.9,-0.04,-0.03,1.00,0.00,0.00,0.00,-63.17,148.95,81,-1,0,1,-0.6,0.07,0.488,0.519,0.13,0,26,0,47.5,245.9,243.9,231.5,0.00,1,-0.5,3.3
29.70,cruise,350.05,-0.05,0.483,1,2138.1,-1503.3,264.7,-1781.2,23.55,-160.44,256,221,-1,55.1,35.9,54.5,34.5,-0.03,-0.02,1.00,0.00,0.00,0.00,-62.72,149.33,81,-1,0,2,1.1,0.04,0.483,0.508,0.13,0,26,0,47.3,245.6,243.8,231.4,0.00,1,0.2,2.0
29.80,cruise,350.06,-0.06,0.483,1,2138.1,-1503.3,262.4,-1765.2,23.55,-160.44,256,221,-1,55.1,35.9,54.4,34.5,-0.01,-0.02,1.00,0.00,0.00,0.00,-62.53,149.62,81,-1,0,1,1.1,0.00,0.483,0.496,0.11,0,26,0,46.9,245.4,243.9,231.7,0.00,1,0.2,2.0
29.90,cruise,350.07,-0.07,0.486,1,2140.5,-1519.4,260.0,-1749.1,23.55,-160.62,256,221,-1,55.1,36.0,54.5,34.9,0.01,-0.00,1.00,0.00,0.00,0.00,-62.11,149.99,81,-1,0,1,2.6,-0.04,0.486,0.494,0.10,0,26,0,46.4,245.3,244.2,232.2,0.00,1,1.1,0.6
30.00,cruise,350.07,-0.07,0.491,1,2145.2,-1551.6,257.7,-1733.0,23.73,-161.06,256,223,-1,55.0,36.0,54.6,35.5,0.03,0.00,1.00,0.00,0.00,0.00,-60.60,150.80,81,-1,0,0,5.4,-0.09,0.491,0.506,0.11,0,26,0,45.8,245.2,244.5,232.9,0.00,1,2.1,-0.9
30.10,cruise,350.06,-0.06,0.497,1,2145.2,-1551.6,255.3,-1716.9,23.73,-161.06,257,223,-1,55.0,36.1,54.7,36.3,0.04,0.00,1.00,0.00,0.00,0.00,-59.08,151.70,81,-1,0,-1,5.4,-0.13,0.497,0.518,0.12,0,26,0,45.1,245.1,245.0,233.8,0.00,1,2.1,-0.9
30.20,cruise,350.06,-0.06,0.504,1,2150.0,-1583.9,252.9,-1700.8,23.91,-161.59,258,223,-1,55.0,36.2,54.8,37.1,0.04,0.00,1.00,0.00,0.00,0.00,-57.44,152.61,81,-1,0,-2,5.9,-0.16,0.504,0.528,0.12,0,26,0,44.4,245.0,245.5,234.8,0.00,1,2.0,-0.9
30.30,cruise,350.06,-0.06,0.511,1,2150.0,-1583.9,250.5,-1684.6,23.91,-161.59,258,223,-1,54.9,36.3,54.9,37.8,0.04,0.00,1.00,0.00,0.00,0.00,-55.96,153.46,81,-1,0,-3,5.9,-0.17,0.512,0.535,0.10,0,26,0,43.7,244.9,245.9,235.6,0.00,1,2.0,-0.9
30.40,cruise,350.05,-0.05,0.517,1,2152.3,-1600.0,248.2,-1668.5,23.91,-161.85,260,226,-1,54.9,36.4,54.9,38.4,0.03,0.00,1.00,0.00,0.00,0.00,-52.73,154.88,81,-1,0,-3,4.9,-0.16,0.518,0.538,0.07,0,26,0,43.1,244.8,246.2,236.3,0.00,1,1.9,-0.4
30.50,cruise,350.05,-0.05,0.520,1,2154.7,-1616.2,245.8,-1652.3,23.91,-162.11,261,226,-1,54.9,36.4,55.0,38.5,0.02,-0.00,1.00,0.00,0.00,0.00,-49.89,156.09,81,-1,0,-4,3.0,-0.13,0.521,0.531,0.05,0,26,0,42.6,244.6,246.4,236.7,0.00,1,1.5,0.7
30.60,cruise,350.06,-0.06,0.517,1,2159.5,-1648.7,243.4,-1636.0,24.08,-162.82,262,226,-1,54.9,36.4,55.0,38.2,-0.01,-0.01,1.00,0.00,0.00,0.00,-47.75,157.15,81,-1,0,-4,-2.7,-0.08,0.517,0.525,0.05,0,26,0,42.2,244.3,246.5,236.7,0.00,1,0.8,4.5
30.70,cruise,350.08,-0.08,0.511,1,2159.5,-1648.7,241.0,-1619.8,24.08,-162.82,262,226,-1,55.0,36.2,54.9,37.5,-0.03,-0.01,1.00,0.00,0.00,0.00,-46.02,158.03,81,-1,0,-3,-2.7,-0.01,0.511,0.531,0.04,0,26,0,42.0,244.0,246.3,236.4,0.00,1,0.8,4.5
30.80,cruise,350.10,-0.10,0.505,1,2161.9,-1665.0,238.6,-1603.5,24.08,-163.08,263,227,-1,55.1,36.0,54.9,36.5,-0.05,-0.01,1.00,0.00,0.00,0.00,-44.23,158.80,81,-1,0,-3,-5.4,0.05,0.505,0.536,0.00,0,26,0,42.0,243.7,246.0,235.7,0.00,1,0.5,5.4
30.90,cruise,350.12,-0.12,0.498,1,2166.8,-1697.7,236.1,-1587.1,24.43,-163.52,263,227,-1,55.2,35.8,55.0,35.2,-0.07,-0.00,1.00,0.00,0.00,0.00,-43.28,159.32,81,-1,0,-2,-9.1,0.11,0.498,0.536,-0.03,0,26,0,42.2,243.4,245.6,234.7,0.00,1,0.2,5.1
31.00,cruise,350.14,-0.14,0.489,1,2169.3,-1714.1,233.7,-1570.8,24.61,-163.74,263,227,-1,55.3,35.5,55.1,33.8,-0.08,0.00,1.00,0.00,0.00,0.00,-42.88,159.68,81,-1,0,-1,-9.9,0.17,0.490,0.531,-0.02,0,26,0,42.6,243.3,245.2,233.6,0.00,1,0.5,3.3
31.10,cruise,350.15,-0.15,0.484,1,2171.7,-1730.5,231.2,-1554.4,24.79,-163.87,264,227,-1,55.3,35.3,55.2,32.6,-0.08,0.01,1.00,0.00,0.00,0.00,-42.84,159.94,81,-1,0,1,-9.0,0.21,0.485,0.529,-0.01,0,26,0,43.2,243.4,244.8,232.4,0.00,1,0.7,0.6
31.20,cruise,350.15,-0.15,0.484,1,2174.2,-1746.9,228.8,-1538.0,24.96,-163.92,263,225,-1,55.4,35.0,55.5,31.8,-0.06,0.02,1.00,0.00,0.00,0.00,-44.07,159.77,81,-1,0,2,-7.1,0.21,0.485,0.526,-0.05,0,26,0,44.0,243.7,244.5,231.3,0.00,1,0.5,-1.9
31.30,cruise,350.14,-0.14,0.489,1,2174.2,-1746.9,226.3,-1521.6,24.96,-163.92,263,225,-1,55.4,34.9,55.7,31.4,-0.04,0.03,1.00,0.00,0.00,0.00,-45.11,159.55,81,-1,0,3,-7.1,0.19,0.490,0.522,-0.12,0,26,0,44.9,244.2,244.3,230.4,0.00,1,0.5,-1.9
31.40,cruise,350.12,-0.12,0.497,1,2179.2,-1779.7,223.8,-1505.2,25.31,-164.09,263,225,-1,55.4,34.8,56.0,31.5,-0.01,0.03,1.00,0.00,0.00,0.00,-45.85,159.46,81,-1,0,3,-1.4,0.15,0.498,0.519,-0.19,0,26,0,45.7,244.9,244.3,229.9,0.00,1,0.1,-6.9
31.50,cruise,350.08,-0.08,0.508,1,2179.2,-1779.7,221.3,-1488.8,25.31,-164.09,263,225,-1,55.3,34.8,56.2,32.2,0.01,0.03,1.00,0.00,0.00,0.00,-46.18,159.48,81,-1,0,3,-1.4,0.09,0.508,0.530,-0.24,0,26,0,46.6,245.7,244.4,229.9,0.00,1,0.1,-6.9
31.60,cruise,350.03,-0.03,0.520,1,2181.8,-1796.1,218.7,-1472.4,25.49,-164.22,262,222,-1,55.3,34.9,56.4,33.3,0.04,0.02,1.00,0.00,0.00,0.00,-48.02,159.10,81,-1,0,3,2.0,0.02,0.520,0.553,-0.27,0,26,0,47.4,246.5,244.6,230.2,0.00,1,-0.5,-8.9
31.70,cruise,349.97,0.03,0.534,1,2184.3,-1812.5,216.2,-1456.0,25.58,-164.49,262,222,-1,55.1,35.1,56.4,34.8,0.06,0.01,1.00,0.00,0.00,0.00,-49.09,159.06,81,-1,0,2,5.2,-0.06,0.534,0.574,-0.30,0,26,0,48.1,247.2,244.8,230.8,0.00,1,-1.2,-9.7
31.80,cruise,349.91,0.09,0.548,1,2186.9,-1829.0,213.6,-1439.5,25.66,-164.75,262,222,-1,55.0,35.5,56.3,36.4,0.07,-0.00,1.00,0.00,0.00,0.00,-49.64,159.18,81,-1,0,1,7.8,-0.13,0.549,0.588,-0.34,0,26,0,48.7,247.7,245.0,231.7,0.00,1,-2.1,-9.6
31.90,cruise,349.86,0.14,0.557,1,2192.0,-1862.0,211.0,-1423.0,25.66,-165.45,261,222,-1,54.8,35.9,56.0,37.9,0.07,-0.02,1.00,0.00,0.00,0.00,-49.83,159.48,81,-1,0,0,10.0,-0.18,0.559,0.609,-0.36,0,26,0,49.0,248.1,245.1,232.6,0.00,1,-4.0,-5.8
32.00,cruise,349.80,0.20,0.562,1,2192.0,-1862.0,208.5,-1406.5,25.66,-165.45,261,220,-1,54.6,36.3,55.5,39.0,0.06,-0.04,1.00,0.00,0.00,0.00,-51.17,159.42,81,-1,0,-0,10.0,-0.21,0.563,0.617,-0.37,0,26,0,49.1,248.1,245.1,233.3,0.00,1,-4.0,-5.8
32.10,cruise,349.76,0.24,0.560,1,2197.1,-1895.2,205.9,-1389.9,25.49,-166.38,261,220,-1,54.4,36.7,54.9,39.6,0.04,-0.05,1.00,0.00,0.00,0.00,-52.49,159.44,81,-1,0,-1,6.3,-0.19,0.562,0.611,-0.37,0,26,0,49.0,247.9,245.0,233.9,0.00,1,-3.9,0.4
32.20,cruise,349.74,0.26,0.552,1,2197.1,-1895.2,203.4,-1373.3,25.49,-166.38,260,220,-1,54.3,37.0,54.4,39.7,0.02,-0.05,1.00,0.00,0.00,0.00,-53.98,159.43,81,-1,0,-1,6.3,-0.15,0.553,0.590,-0.31,0,26,0,48.7,247.5,244.8,234.2,0.00,1,-3.9,0.4
32.30,cruise,349.73,0.27,0.539,1,2202.2,-1928.6,200.8,-1356.6,25.31,-167.30,259,220,-1,54.3,37.0,53.9,39.3,-0.01,-0.04,1.00,0.00,0.00,0.00,-55.55,159.36,81,-1,0,-1,-0.9,-0.08,0.539,0.570,-0.21,0,26,0,48.2,247.0,244.6,234.2,0.00,1,-0.6,5.9
32.40,cruise,349.74,0.26,0.525,1,2204.7,-1945.4,198.3,-1339.9,25.14,-167.65,259,221,-1,54.4,37.0,53.8,38.5,-0.04,-0.03,1.00,0.00,0.00,0.00,-56.37,159.54,81,-1,0,-1,-4.6,-0.00,0.525,0.558,-0.10,0,26,0,47.7,246.5,244.4,234.0,0.00,1,1.5,6.9
32.50,cruise,349.76,0.24,0.515,1,2204.7,-1945.4,195.8,-1323.1,25.14,-167.65,259,221,-1,54.5,36.6,53.9,37.5,-0.05,0.00,1.00,0.00,0.00,0.00,-57.08,159.63,81,-1,0,-1,-4.6,0.08,0.515,0.542,-0.02,0,26,0,47.3,246.0,244.3,233.5,0.00,1,1.5,6.9
32.60,cruise,349.79,0.21,0.506,1,2209.8,-1979.0,193.2,-1306.3,25.14,-168.18,259,221,-1,54.6,36.2,54.2,36.3,-0.06,0.03,1.00,0.00,0.00,0.00,-57.90,159.61,81,-1,0,0,-9.5,0.15,0.507,0.551,0.07,0,26,0,47.0,245.8,244.2,232.9,0.00,1,4.0,5.5
32.70,cruise,349.82,0.18,0.500,1,2209.8,-1979.0,190.7,-1289.5,25.14,-168.18,258,221,-1,54.8,35.7,54.7,35.2,-0.06,0.04,1.00,0.00,0.00,0.00,-58.61,159.63,81,-1,0,1,-9.5,0.21,0.501,0.555,0.15,0,26,0,47.0,245.7,244.2,232.0,0.00,1,4.0,5.5
32.80,cruise,349.85,0.15,0.495,1,2212.3,-1995.8,188.2,-1272.7,25.31,-168.40,258,222,-1,54.9,35.4,55.1,34.2,-0.06,0.05,1.00,0.00,0.00,0.00,-59.14,159.69,81,-1,0,2,-10.1,0.24,0.497,0.550,0.21,0,26,0,47.3,245.9,244.1,231.0,0.00,1,3.6,3.5
32.90,cruise,349.88,0.12,0.493,1,2217.4,-2029.5,185.7,-1255.8,25.49,-168.75,258,222,-1,55.0,35.1,55.4,33.3,-0.05,0.04,1.00,0.00,0.00,0.00,-59.46,159.76,81,-1,0,3,-7.2,0.24,0.495,0.539,0.21,0,26,0,48.0,246.2,243.9,230.0,0.00,1,-0.0,-1.4
33.00,cruise,349.91,0.09,0.492,1,2217.4,-2029.5,183.1,-1239.0,25.49,-168.75,258,222,-1,55.1,35.1,55.6,32.8,-0.04,0.02,1.00,0.00,0.00,0.00,-59.97,159.78,81,-1,0,4,-7.2,0.22,0.493,0.521,0.20,0,26,0,48.9,246.7,243.7,229.1,0.00,1,-0.0,-1.4
33.10,cruise,349.92,0.08,0.491,1,2219.9,-2046.4,180.6,-1222.1,25.66,-168.93,258,222,-1,55.1,35.2,55.5,32.8,-0.02,-0.00,1.00,0.00,0.00,0.00,-60.45,159.81,81,-1,0,4,-4.1,0.17,0.492,0.501,0.18,0,26,0,50.1,247.3,243.4,228.5,0.00,1,-2.1,-4.2
33.20,cruise,349.93,0.07,0.493,1,2225.1,-2080.3,178.0,-1205.2,25.84,-169.28,257,218,-1,55.0,35.4,55.3,33.3,0.01,-0.02,1.00,0.00,0.00,0.00,-63.27,158.90,81,-1,0,5,3.7,0.10,0.493,0.510,0.15,0,26,0,51.3,247.9,243.1,228.2,0.00,1,-4.9,-8.3
33.30,cruise,349.93,0.07,0.496,1,2227.6,-2097.2,175.4,-1188.2,25.84,-169.45,256,218,-1,54.9,35.9,55.0,34.3,0.04,-0.04,1.00,0.00,0.00,0.00,-65.83,158.08,81,-1,0,5,7.6,0.02,0.496,0.534,0.11,0,26,0,52.3,248.4,242.9,228.4,0.00,1,-5.4,-9.1
33.40,cruise,349.92,0.08,0.499,1,2227.6,-2097.2,172.9,-1171.3,25.84,-169.45,255,218,-1,54.8,36.4,54.5,35.7,0.06,-0.05,1.00,0.00,0.00,0.00,-67.85,157.41,81,-1,0,4,7.6,-0.07,0.500,0.556,0.10,0,26,0,53.1,248.9,242.8,229.0,0.00,1,-5.4,-9.1
33.50,cruise,349.91,0.09,0.504,1,2230.2,-2114.1,170.3,-1154.4,25.66,-169.63,255,218,-1,54.6,36.8,54.1,37.2,0.08,-0.06,1.00,0.00,0.00,0.00,-69.38,156.91,81,-1,0,3,10.8,-0.16,0.505,0.574,0.10,0,26,0,53.4,249.1,242.8,229.9,0.00,1,-5.1,-8.7
33.60,cruise,349.90,0.10,0.510,1,2232.8,-2131.1,167.7,-1137.4,25.58,-169.80,254,216,-1,54.4,37.4,53.6,38.8,0.09,-0.06,1.00,0.00,0.00,0.00,-72.20,155.80,81,-1,0,2,13.3,-0.23,0.512,0.587,0.09,0,26,0,53.2,249.1,242.9,231.2,0.00,1,-3.8,-7.0
33.70,cruise,349.88,0.12,0.517,1,2237.8,-2165.1,165.2,-1120.4,25.22,-170.16,253,216,-1,54.3,37.9,53.2,40.3,0.09,-0.05,1.00,0.00,0.00,0.00,-74.55,154.86,81,-1,0,0,13.5,-0.28,0.519,0.594,0.09,0,26,0,52.5,248.8,243.3,232.6,0.00,1,-0.1,-2.3
33.80,cruise,349.87,0.13,0.523,1,2237.8,-2165.1,162.7,-1103.4,25.22,-170.16,252,216,-1,54.1,38.3,52.9,41.4,0.08,-0.04,1.00,0.00,0.00,0.00,-76.54,154.05,81,-1,0,-1,13.5,-0.29,0.526,0.591,0.09,0,26,0,51.3,248.4,243.8,234.1,0.00,1,-0.1,-2.3
33.90,cruise,349.87,0.13,0.527,1,2242.8,-2199.2,160.1,-1086.3,24.70,-170.68,251,216,-1,54.1,38.4,52.7,42.1,0.06,-0.03,1.00,0.00,0.00,0.00,-78.15,153.39,81,-1,0,-2,7.1,-0.27,0.529,0.577,0.10,0,26,0,49.8,247.9,244.3,235.4,0.00,1,3.8,5.1
34.00,brake,349.88,0.12,0.526,1,2245.3,-2216.3,0.0,0.0,24.52,-170.95,252,221,-1,48.1,32.4,52.6,42.2,0.08,0.05,1.00,0.00,0.00,0.00,-75.51,155.05,81,-1,0,-3,2.3,-0.21,0.527,0.578,0.11,0,26,0,48.0,247.1,244.8,236.4,0.00,1,5.2,9.0
34.10,brake,349.90,0.10,0.520,1,2247.7,-2233.4,0.0,0.0,24.35,-171.21,253,221,-1,42.1,26.4,52.7,41.7,0.08,0.14,1.00,0.00,0.00,0.00,-73.34,156.35,81,-1,0,-4,-3.1,-0.13,0.520,0.611,0.14,0,26,0,46.2,246.1,245.2,237.0,0.00,1,6.0,12.2
34.20,brake,349.95,0.05,0.508,1,2247.7,-2233.4,0.0,0.0,24.35,-171.21,254,221,-1,36.1,20.4,52.9,40.4,0.08,0.24,1.00,0.00,0.00,0.00,-71.63,157.40,81,-1,0,-4,-3.1,-0.02,0.508,0.638,0.19,0,26,0,44.5,245.1,245.5,237.1,0.00,1,6.0,12.2
34.30,brake,350.01,-0.01,0.489,1,2252.6,-2267.7,0.0,0.0,24.26,-171.83,254,221,-1,30.1,14.4,52.9,38.3,0.07,0.31,1.00,0.00,0.00,0.00,-70.75,158.17,81,-1,0,-3,-12.4,0.09,0.489,0.639,0.21,0,26,0,43.3,243.9,245.2,236.4,0.00,1,0.1,19.2
34.40,brake,350.09,-0.09,0.461,1,2255.0,-2284.9,0.0,0.0,24.35,-172.09,255,226,-1,24.1,8.4,52.4,35.1,0.03,0.33,1.00,0.00,0.00,0.00,-67.90,159.69,81,-1,0,-2,-14.8,0.21,0.462,0.606,0.16,0,26,0,42.8,242.3,244.1,234.7,0.00,1,-7.6,22.5
34.50,brake,350.18,-0.18,0.450,1,2257.5,-2302.1,0.0,0.0,24.52,-172.09,255,226,-1,18.1,2.4,51.1,30.8,-0.01,0.30,1.00,0.00,0.00,0.00,-67.38,160.21,81,-1,0,1,-15.3,0.31,0.453,0.574,0.03,0,26,0,43.2,240.4,241.9,232.1,0.00,1,-17.3,25.4
34.60,brake,350.29,-0.29,0.550,1,2257.5,-2302.1,0.0,0.0,24.52,-172.09,255,226,-1,12.1,-3.6,48.7,25.9,-0.03,0.22,1.00,0.00,0.00,0.00,-69.24,159.44,81,-1,0,4,-15.3,0.39,0.555,0.657,-0.14,0,26,0,44.2,237.9,238.6,228.8,0.00,1,-17.3,25.4
34.70,brake,350.40,-0.40,0.550,1,2262.4,-2336.6,0.0,0.0,25.05,-172.18,253,226,-1,6.1,-9.6,45.3,20.8,-0.03,0.11,1.00,0.00,0.00,0.00,-73.23,157.69,81,-1,0,7,-9.3,0.42,0.556,0.612,-0.30,0,26,0,45.7,234.8,234.1,225.5,0.00,1,-38.6,27.6
34.80,brake,350.53,-0.53,0.550,1,2265.0,-2353.8,0.0,0.0,25.49,-172.27,251,222,-1,0.1,-15.6,40.9,16.2,0.02,-0.02,1.00,0.00,0.00,0.00,-80.80,154.09,81,-1,0,10,-2.0,0.39,0.555,0.573,-0.29,0,26,0,47.3,230.8,228.6,222.8,0.00,1,-48.1,26.9
34.90,brake,350.70,-0.70,0.550,1,2265.0,-2353.8,0.0,0.0,25.49,-172.27,248,222,-1,-5.9,-21.6,35.5,12.6,0.10,-0.18,0.89,0.00,0.00,0.00,-88.94,149.71,81,-1,0,12,-2.0,0.27,0.553,0.664,0.04,0,26,0,48.3,225.7,222.4,221.3,0.00,1,-48.1,26.9
35.00,brake,350.92,-0.92,0.550,1,2267.5,-2371.0,0.0,0.0,25.84,-172.09,245,222,-1,-11.9,-27.6,29.6,10.0,0.19,-0.31,0.69,0.00,0.00,0.00,-96.82,144.60,81,-1,0,12,7.3,0.09,0.550,0.753,0.58,0,26,0,48.4,219.2,215.9,221.1,0.00,1,-54.6,25.7
35.10,brake,351.19,-1.19,0.550,1,2270.1,-2388.2,0.0,0.0,26.10,-171.83,242,222,-1,-17.9,-30.0,23.5,7.9,0.22,-0.37,0.49,0.00,0.00,0.00,-104.12,139.15,81,-1,0,11,17.2,-0.13,0.551,0.787,1.31,0,26,0,47.3,211.5,209.4,222.3,0.00,1,-56.9,25.4
35.20,brake,351.53,-1.53,0.550,1,2272.8,-2405.3,0.0,0.0,26.19,-171.30,239,224,-1,-23.9,-31.6,17.9,5.9,0.17,-0.34,0.29,0.00,0.00,0.00,-109.64,134.19,81,-1,0,8,26.2,-0.36,0.554,0.759,2.16,0,26,0,45.1,203.1,203.0,224.6,0.00,1,-54.0,27.5
35.30,brake,351.96,-1.96,0.550,1,2275.4,-2422.4,0.0,0.0,26.10,-170.42,237,224,-1,-29.9,-33.6,13.2,3.4,0.06,-0.22,0.12,0.00,0.00,0.00,-114.16,129.20,81,-1,0,5,33.2,-0.56,0.561,0.673,3.16,0,26,0,41.8,195.1,196.7,227.8,0.00,1,-46.2,32.1
35.40,brake,352.50,-2.50,0.550,1,2280.5,-2456.2,0.0,0.0,25.58,-168.05,235,224,-1,-34.8,-35.8,9.9,0.2,-0.08,-0.03,0.00,0.00,0.00,0.00,-117.70,124.49,81,-1,0,1,36.8,-0.71,0.568,0.609,4.27,0,26,0,38.1,188.0,190.1,231.5,0.00,1,-22.8,42.5
35.50,brake,353.14,-3.14,0.550,1,2283.1,-2472.9,0.0,0.0,25.31,-166.64,234,224,-1,-32.4,-37.7,8.0,-3.6,-0.17,0.15,0.00,0.00,0.00,0.00,-120.43,119.96,81,-1,0,-2,31.6,-0.78,0.571,0.701,5.44,0,26,0,34.5,182.0,182.9,235.2,0.00,1,-13.2,44.8
35.60,brake,353.89,-3.89,0.550,1,2285.6,-2489.5,0.0,0.0,25.31,-165.06,234,237,-1,-30.0,-39.2,7.2,-7.6,-0.23,0.29,0.01,0.00,0.00,0.00,-118.35,120.01,81,-1,0,-5,22.1,-0.74,0.569,0.775,6.61,0,26,0,31.5,176.8,174.7,238.2,0.00,1,-9.3,43.8
35.70,brake,354.74,-4.74,0.550,1,2288.1,-2505.8,0.0,0.0,25.58,-163.30,234,237,-1,-28.1,-40.2,6.6,-11.7,-0.23,0.32,0.11,0.00,0.00,0.00,-116.75,119.39,81,-1,0,-7,9.4,-0.59,0.562,0.784,7.75,0,26,0,29.7,172.0,166.2,240.3,0.00,1,-12.0,40.2
35.80,brake,355.69,-5.69,0.550,1,2288.1,-2505.8,0.0,0.0,25.58,-163.30,235,237,-1,-27.2,-40.6,5.5,-15.5,-0.21,0.24,0.21,0.00,0.00,0.00,-115.56,118.19,81,-1,0,-8,9.4,-0.35,0.554,0.732,8.82,0,26,0,29.2,167.4,158.3,241.2,0.00,1,-12.0,40.2
35.90,brake,356.72,-6.72,0.550,1,2293.4,-2538.0,0.0,0.0,26.46,-159.52,235,237,-1,-27.3,-40.6,3.1,-18.8,-0.16,0.07,0.30,0.00,0.00,0.00,-114.53,116.72,81,-1,0,-8,-16.4,-0.09,0.550,0.643,9.78,0,26,0,29.9,162.8,151.7,241.2,0.00,1,-29.3,28.8
36.00,brake,357.82,-7.82,0.550,1,2293.4,-2538.0,0.0,0.0,26.46,-159.52,235,238,-1,-28.5,-40.0,-0.7,-21.5,-0.10,-0.13,0.39,0.00,0.00,0.00,-113.46,115.21,81,-1,0,-8,-16.4,0.18,0.551,0.641,10.63,0,26,0,31.4,158.1,146.6,240.5,0.00,1,-29.3,28.8
36.10,brake,358.98,-8.98,0.550,1,2298.8,-2569.4,0.0,0.0,27.25,-155.04,235,238,-1,-30.3,-39.1,-5.9,-23.6,-0.02,-0.29,0.47,0.00,0.00,0.00,-111.90,113.93,81,-1,0,-6,-32.9,0.40,0.555,0.681,11.42,0,26,0,33.4,153.2,142.5,239.4,0.00,1,-42.2,17.0
36.20,brake,360.19,-10.19,0.550,1,2298.8,-2569.4,0.0,0.0,27.25,-155.04,236,238,-1,-32.3,-37.8,-11.7,-25.0,0.06,-0.38,0.57,0.00,0.00,0.00,-109.59,113.00,81,-1,0,-5,-32.9,0.56,0.561,0.735,12.15,0,26,0,35.6,148.5,139.4,238.0,0.00,1,-42.2,17.0
36.30,brake,361.46,-11.46,0.550,1,2304.2,-2599.8,0.0,0.0,27.16,-149.94,237,238,-1,-34.2,-36.2,-17.3,-25.8,0.11,-0.37,0.66,0.00,0.00,0.00,-106.36,112.74,81,-1,0,-3,-34.3,0.65,0.564,0.758,12.88,0,26,0,37.8,144.0,136.9,236.4,0.00,1,-33.0,11.8
36.40,brake,362.79,-12.79,0.550,1,2306.9,-2614.6,0.0,0.0,26.72,-147.30,236,229,-1,-35.8,-34.7,-22.0,-26.5,0.12,-0.27,0.76,0.00,0.00,0.00,-105.59,109.87,81,-1,0,-2,-28.6,0.65,0.565,0.718,13.58,0,26,0,40.2,140.0,135.2,234.7,0.00,1,-21.5,14.2
36.50,brake,364.19,-14.19,0.550,1,2309.5,-2629.1,0.0,0.0,26.28,-144.58,236,229,-1,-37.0,-33.4,-25.2,-27.5,0.07,-0.11,0.83,0.00,0.00,0.00,-103.84,107.84,81,-1,0,-0,-19.4,0.57,0.561,0.632,14.21,0,26,0,42.6,136.4,134.0,233.1,0.00,1,-9.7,17.9
36.60,brake,365.65,-15.65,0.550,1,2309.5,-2629.1,0.0,0.0,26.28,-144.58,237,229,-1,-37.6,-32.6,-27.0,-28.8,-0.01,0.07,0.90,0.00,0.00,0.00,-101.68,106.09,81,-1,0,1,-19.4,0.41,0.556,0.586,14.75,0,26,0,44.9,133.4,133.2,231.8,0.00,1,-9.7,17.9
36.70,brake,367.19,-17.19,0.550,1,2314.7,-2657.3,0.0,0.0,25.40,-139.04,237,229,-1,-37.7,-32.4,-27.6,-30.8,-0.10,0.22,0.95,0.00,0.00,0.00,-99.36,104.47,81,-1,0,2,2.8,0.20,0.551,0.680,15.27,0,26,0,46.8,130.9,132.7,231.2,0.00,1,6.1,24.0
36.80,brake,368.78,-18.78,0.550,1,2317.2,-2671.0,0.0,0.0,25.22,-136.41,235,221,-1,-37.4,-32.8,-27.3,-33.3,-0.19,0.32,1.00,0.00,0.00,0.00,-100.02,99.87,81,-1,0,2,12.7,-0.02,0.550,0.755,15.73,0,26,0,48.0,129.1,132.1,231.3,0.00,1,7.0,23.7
36.90,brake,370.41,-20.41,0.450,1,2317.2,-2671.0,0.0,0.0,25.22,-136.41,234,221,-1,-36.7,-33.7,-26.5,-35.9,-0.24,0.38,1.00,0.00,0.00,0.00,-100.62,95.49,81,-1,0,1,12.7,-0.24,0.452,0.699,16.13,0,26,0,48.3,127.9,131.2,232.2,0.00,1,7.0,23.7
37.00,brake,372.08,-22.08,0.350,1,2322.3,-2697.6,0.0,0.0,25.58,-131.04,233,221,-1,-35.6,-34.9,-25.5,-38.5,-0.25,0.38,1.00,0.00,0.00,0.00,-101.10,90.92,81,-1,0,-1,25.7,-0.44,0.354,0.606,16.57,0,26,0,47.4,127.3,129.6,234.1,0.00,1,-5.5,14.1
37.10,brake,373.77,-23.77,0.250,1,2322.3,-2697.6,0.0,0.0,25.58,-131.04,231,221,-1,-34.3,-36.2,-25.0,-40.6,-0.22,0.33,1.00,0.00,0.00,0.00,-101.62,86.60,81,-1,0,-4,25.7,-0.59,0.255,0.474,16.86,0,26,0,45.1,127.0,127.1,236.8,0.00,1,-5.5,14.1
37.20,brake,375.43,-25.43,0.250,1,2324.8,-2710.6,0.0,0.0,25.84,-128.76,232,227,-1,-32.8,-37.4,-25.2,-42.3,-0.16,0.24,1.00,0.00,0.00,0.00,-99.91,85.23,81,-1,0,-7,26.2,-0.60,0.256,0.415,16.80,0,26,0,41.5,127.0,123.7,240.1,0.00,1,-15.9,7.2
37.30,brake,377.05,-27.05,0.250,1,2327.4,-2723.3,0.0,0.0,26.02,-126.83,232,227,-1,-31.5,-38.3,-26.2,-43.5,-0.10,0.14,1.00,0.00,0.00,0.00,-98.26,84.30,81,-1,0,-11,23.9,-0.60,0.256,0.352,16.44,0,26,0,36.9,127.2,119.7,244.0,0.00,1,-26.4,0.4
37.40,brake,378.60,-28.60,0.250,1,2332.6,-2748.2,0.0,0.0,26.02,-123.13,233,227,-1,-30.2,-39.1,-28.2,-44.3,-0.06,0.03,1.00,0.00,0.00,0.00,-96.24,83.88,81,-1,0,-15,15.1,-0.60,0.256,0.292,15.92,0,26,0,31.3,127.5,115.1,248.1,0.00,1,-41.7,-9.0
37.50,brake,380.09,-30.09,0.250,1,2335.2,-2760.4,0.0,0.0,25.84,-121.38,234,227,-1,-29.3,-39.6,-31.1,-44.9,-0.04,-0.08,1.00,0.00,0.00,0.00,-93.71,84.01,81,-1,0,-19,9.1,-0.60,0.256,0.302,15.36,0,26,0,25.1,128.0,110.1,252.5,0.00,1,-46.2,-12.1
37.60,brake,381.51,-31.51,0.250,1,2335.2,-2760.4,0.0,0.0,25.84,-121.38,240,250,-1,-28.6,-39.9,-34.7,-45.4,-0.01,-0.19,1.00,0.00,0.00,0.00,-82.78,92.45,81,-1,0,-24,9.1,-0.60,0.256,0.334,14.79,0,26,0,18.7,128.7,105.2,256.7,0.00,1,-46.2,-12.1
37.70,brake,382.86,-32.86,0.250,1,2337.8,-2772.4,0.0,0.0,25.66,-119.44,247,250,-1,-28.5,-40.0,-38.6,-45.7,0.01,-0.28,1.00,0.00,0.00,0.00,-71.11,99.34,81,-1,0,-28,2.3,-0.60,0.256,0.370,14.19,0,26,0,12.8,129.7,100.7,260.6,0.00,1,-47.7,-14.7
37.80,brake,384.13,-34.13,0.250,1,2342.8,-2795.8,0.0,0.0,24.87,-115.75,253,250,-1,-28.7,-39.9,-42.7,-45.7,0.04,-0.34,1.00,0.00,0.00,0.00,-59.02,104.82,81,-1,0,-31,-11.6,-0.52,0.254,0.408,13.54,0,26,0,7.8,131.0,96.8,263.9,0.00,1,-42.9,-18.1
37.90,brake,385.32,-35.32,0.250,1,2342.8,-2795.8,0.0,0.0,24.87,-115.75,259,250,-1,-29.4,-39.6,-46.6,-45.2,0.09,-0.38,1.00,0.00,0.00,0.00,-47.03,108.65,81,-1,0,-33,-11.6,-0.44,0.253,0.442,12.84,0,26,0,4.3,132.6,94.0,266.3,0.00,1,-42.9,-18.1
38.00,brake,386.43,-36.43,0.250,1,2345.3,-2807.2,0.0,0.0,24.17,-113.99,266,266,-1,-30.5,-38.9,-50.1,-44.2,0.15,-0.40,1.00,0.00,0.00,0.00,-32.41,111.93,81,-1,0,-35,-18.6,-0.32,0.252,0.469,12.11,0,26,0,2.6,134.3,92.5,267.6,0.00,1,-36.9,-18.7
38.10,brake,387.47,-37.47,0.250,1,2347.6,-2818.5,0.0,0.0,23.47,-112.15,272,266,-1,-31.9,-38.0,-52.9,-42.3,0.22,-0.38,1.00,0.00,0.00,0.00,-19.56,112.90,81,-1,0,-35,-25.1,-0.19,0.251,0.489,11.31,0,26,0,2.5,135.9,92.6,267.5,0.00,1,-28.7,-18.0
38.20,brake,388.43,-38.43,0.250,1,2352.1,-2840.5,0.0,0.0,21.88,-108.81,277,266,-1,-33.5,-36.8,-54.9,-39.3,0.30,-0.33,1.00,0.00,0.00,0.00,-9.25,112.42,81,-1,1,-33,-36.0,-0.03,0.250,0.500,10.52,0,26,0,4.1,137.4,94.4,265.5,0.00,1,-9.5,-14.2
38.30,brake,389.32,-39.32,0.250,1,2354.3,-2851.3,0.0,0.0,21.01,-107.23,281,266,-1,-35.3,-35.3,-56.0,-35.0,0.38,-0.24,1.00,0.00,0.00,0.00,-1.68,110.97,81,-1,0,-29,-39.8,0.15,0.250,0.499,9.70,0,26,0,7.0,138.5,97.9,261.7,0.00,1,0.1,-10.2
38.40,brake,390.13,-40.13,0.250,1,2354.3,-2851.3,0.0,0.0,21.01,-107.23,282,258,-1,-37.0,-33.3,-56.4,-29.6,0.44,-0.14,1.00,0.00,0.00,0.00,1.47,109.25,81,-1,0,-23,-39.8,0.34,0.252,0.486,8.87,0,26,0,11.2,139.1,102.8,255.9,0.00,1,0.1,-10.2
38.50,brake,390.88,-40.88,0.250,1,2356.3,-2861.9,0.0,0.0,20.13,-105.64,282,258,-1,-38.6,-31.0,-56.0,-23.6,0.49,-0.04,1.00,0.00,0.00,0.00,2.36,107.52,81,-1,0,-16,-42.9,0.54,0.255,0.464,8.05,0,26,0,16.3,138.9,108.6,248.7,0.00,1,8.3,-4.0
38.60,brake,391.57,-41.57,0.250,1,2360.1,-2882.6,0.0,0.0,18.46,-102.66,281,258,-1,-40.1,-28.3,-55.1,-17.7,0.49,0.06,1.00,0.00,0.00,0.00,1.57,105.90,81,-1,0,-8,-46.1,0.60,0.256,0.476,7.28,0,26,0,22.3,137.8,114.3,240.6,0.00,1,18.1,13.7
38.70,brake,392.21,-42.21,0.250,1,2360.1,-2882.6,0.0,0.0,18.46,-102.66,280,258,-1,-41.4,-25.1,-53.9,-12.7,0.47,0.13,1.00,0.00,0.00,0.00,-0.39,104.30,81,-1,0,1,-46.1,0.60,0.256,0.494,6.58,0,26,0,28.9,135.6,119.4,232.3,0.00,1,18.1,13.7
38.80,brake,392.79,-42.79,0.250,1,2361.9,-2892.8,0.0,0.0,17.67,-101.34,276,233,-1,-42.5,-21.7,-52.5,-9.1,0.40,0.17,1.00,0.00,0.00,0.00,-7.80,102.57,81,-1,0,9,-45.7,0.60,0.256,0.483,5.95,0,26,0,36.1,132.0,123.2,224.4,0.00,1,18.8,24.3
38.90,brake,393.34,-43.34,0.250,1,2365.3,-2912.7,0.0,0.0,16.26,-98.61,271,233,-1,-43.4,-18.0,-51.4,-7.3,0.30,0.18,1.00,0.00,0.00,0.00,-14.43,100.42,81,-1,0,16,-40.3,0.60,0.256,0.446,5.42,0,26,0,43.8,127.0,125.8,217.2,0.00,1,14.2,45.8
39.00,brake,393.84,-43.84,0.250,1,2365.3,-2912.7,0.0,0.0,16.26,-98.61,268,233,-1,-44.0,-14.4,-50.5,-7.1,0.18,0.14,1.00,0.00,0.00,0.00,-19.89,97.95,81,-1,0,22,-40.3,0.60,0.256,0.383,4.92,0,26,0,52.2,120.6,127.3,210.8,0.00,1,14.2,45.8
39.10,brake,394.29,-44.29,0.250,1,2368.4,-2932.1,0.0,0.0,15.29,-95.80,265,233,-1,-44.5,-10.8,-50.3,-8.5,0.05,0.07,1.00,0.00,0.00,0.00,-24.18,95.46,81,-1,0,28,-32.3,0.60,0.256,0.302,4.45,0,26,0,61.4,113.0,127.9,205.1,0.00,1,4.6,62.1
39.20,brake,394.69,-44.69,0.250,1,2368.4,-2932.1,0.0,0.0,15.29,-95.80,257,198,-1,-44.7,-7.5,-50.7,-11.1,-0.07,-0.04,1.00,0.00,0.00,0.00,-36.81,89.76,81,-1,0,33,-32.3,0.60,0.256,0.299,3.95,0,26,0,71.5,104.6,127.8,200.3,0.00,1,4.6,62.1
39.30,brake,395.02,-45.02,0.250,1,2371.4,-2950.9,0.0,0.0,14.77,-92.90,249,198,-1,-44.9,-4.6,-51.7,-14.8,-0.18,-0.15,1.00,0.00,0.00,0.00,-47.35,83.02,81,-1,0,37,-22.3,0.60,0.256,0.384,3.43,0,26,0,82.4,95.8,127.5,196.3,0.00,1,-2.3,69.0
39.40,brake,395.29,-45.29,0.250,1,2372.8,-2960.1,0.0,0.0,14.77,-91.32,243,198,-1,-45.0,-2.2,-53.2,-19.3,-0.27,-0.24,1.00,0.00,0.00,0.00,-55.48,75.96,81,-1,0,40,-16.3,0.60,0.256,0.456,2.89,0,26,0,93.5,87.4,127.2,193.2,0.00,1,-2.3,68.5
39.50,brake,395.50,-45.50,0.250,1,2372.8,-2960.1,0.0,0.0,14.77,-91.32,238,198,-1,-45.0,-0.3,-54.9,-24.4,-0.33,-0.28,1.00,0.00,0.00,0.00,-61.34,69.24,81,-1,0,42,-16.3,0.60,0.256,0.499,2.32,0,26,0,103.7,79.5,127.3,191.1,0.00,1,-2.3,68.5
39.60,brake,395.65,-45.65,0.250,1,2374.3,-2969.1,0.0,0.0,14.77,-89.74,226,157,-1,-45.0,1.1,-56.3,-29.7,-0.38,-0.26,1.00,0.00,0.00,0.00,-72.72,54.61,81,-1,1,43,-10.3,0.60,0.256,0.511,1.68,0,26,0,112.0,72.3,128.2,189.6,0.00,1,1.3,65.4
39.70,brake,395.74,-45.74,0.250,1,2377.3,-2986.6,0.0,0.0,15.38,-86.48,215,157,-1,-45.0,2.0,-57.3,-34.8,-0.41,-0.21,1.00,0.00,0.00,0.00,-80.97,37.73,81,-1,0,44,1.7,0.60,0.256,0.503,1.01,0,26,0,117.9,66.0,130.1,188.5,0.00,1,13.3,54.6
39.80,brake,395.77,-45.77,0.250,1,2378.9,-2995.1,0.0,0.0,15.82,-84.90,204,157,-1,-45.0,2.5,-57.5,-39.2,-0.43,-0.11,1.00,0.00,0.00,0.00,-85.26,21.13,81,-1,0,46,7.1,0.60,0.256,0.472,0.29,0,26,0,121.4,60.4,133.0,187.4,0.00,1,20.3,46.9
39.90,brake,395.75,-45.75,0.250,1,2378.9,-2995.1,0.0,0.0,15.82,-84.90,195,157,-1,-45.0,2.7,-56.8,-42.7,-0.43,0.00,1.00,0.00,0.00,0.00,-86.08,6.99,81,-1,0,47,7.1,0.60,0.256,0.429,-0.49,0,26,0,122.7,55.5,136.9,186.2,0.00,1,20.3,46.9
40.00,brake,395.66,-45.66,0.250,1,2382.2,-3011.8,0.0,0.0,16.96,-82.18,187,147,-1,-45.0,2.6,-55.2,-45.2,-0.42,0.14,1.00,0.00,0.00,0.00,-84.90,-5.75,81,-1,0,48,17.6,0.55,0.255,0.477,-1.31,0,26,0,122.4,51.5,141.4,184.8,0.00,1,32.0,27.8
40.10,brake,395.50,-45.50,0.250,1,2382.2,-3011.8,0.0,0.0,16.96,-82.18,181,147,-1,-45.0,2.2,-52.4,-46.7,-0.40,0.28,1.00,0.00,0.00,0.00,-82.49,-15.35,81,-1,1,50,17.6,0.45,0.253,0.506,-2.15,0,26,0,120.8,48.2,146.3,183.3,0.00,1,32.0,27.8
40.20,brake,395.27,-45.27,0.250,1,2385.7,-3027.9,0.0,0.0,18.19,-79.89,176,147,-1,-45.0,1.3,-48.6,-47.5,-0.37,0.42,1.00,0.00,0.00,0.00,-79.71,-22.47,81,-1,1,51,29.2,0.33,0.252,0.503,-2.98,0,26,0,118.1,46.0,151.0,182.1,0.00,1,35.3,7.3
40.30,brake,394.97,-44.97,0.250,1,2385.7,-3027.9,0.0,0.0,18.19,-79.89,173,147,-1,-45.0,-0.1,-43.8,-47.6,-0.34,0.55,1.00,0.00,0.00,0.00,-77.02,-27.95,81,-1,1,51,29.2,0.22,0.251,0.501,-3.73,0,26,0,114.5,45.2,155.3,181.5,0.00,1,35.3,7.3
40.40,brake,394.60,-44.60,0.250,1,2387.6,-3035.8,0.0,0.0,18.90,-78.84,171,159,-1,-45.0,-2.2,-38.3,-47.3,-0.31,0.65,1.00,0.00,0.00,0.00,-75.12,-30.49,81,-1,1,51,34.8,0.10,0.250,0.500,-4.41,0,26,0,110.3,46.3,158.8,181.7,0.00,1,32.3,-1.8
40.50,brake,394.15,-44.15,0.250,1,2391.6,-3051.4,0.0,0.0,20.30,-77.26,170,159,-1,-44.9,-4.9,-32.3,-46.6,-0.27,0.72,1.00,0.00,0.00,0.00,-73.52,-32.52,81,-1,1,50,45.1,-0.00,0.250,0.500,-5.04,0,26,0,105.5,50.6,161.3,182.9,0.00,1,16.5,-17.2
40.60,brake,393.65,-43.65,0.250,1,2391.6,-3051.4,0.0,0.0,20.30,-77.26,169,159,-1,-44.7,-8.4,-26.5,-45.6,-0.20,0.77,1.00,0.00,0.00,0.00,-72.17,-34.23,81,-1,1,48,45.1,-0.10,0.250,0.500,-5.59,0,26,0,100.2,60.1,162.6,185.3,0.00,1,16.5,-17.2
40.70,brake,393.08,-43.08,0.250,1,2393.7,-3059.1,0.0,0.0,20.92,-76.55,169,159,-1,-44.3,-12.3,-21.2,-44.0,-0.10,0.77,1.00,0.00,0.00,0.00,-70.90,-35.66,81,-1,1,44,48.8,-0.18,0.250,0.501,-6.07,0,26,0,94.5,75.9,162.6,188.8,0.00,1,5.0,-24.2
40.80,brake,392.46,-42.46,0.250,1,2398.0,-3074.2,0.0,0.0,22.06,-75.15,171,181,-1,-43.7,-16.4,-17.2,-42.0,0.02,0.73,1.00,0.00,0.00,0.00,-71.28,-33.70,81,-1,1,39,51.8,-0.23,0.251,0.502,-6.52,0,26,0,88.4,94.9,161.5,193.5,0.00,1,-22.2,-36.1
40.90,brake,391.79,-41.79,0.250,1,2400.2,-3081.7,0.0,0.0,22.59,-74.44,172,181,-1,-42.9,-20.4,-14.8,-39.4,0.15,0.63,1.00,0.00,0.00,0.00,-71.44,-32.09,81,-1,1,34,51.0,-0.36,0.252,0.504,-6.95,0,26,0,81.8,110.7,159.0,199.2,0.00,1,-38.1,-41.0
41.00,brake,391.07,-41.07,0.250,1,2400.2,-3081.7,0.0,0.0,22.59,-74.44,174,181,-1,-41.8,-24.0,-14.5,-36.6,0.26,0.44,0.94,0.00,0.00,0.00,-71.42,-30.85,81,-1,1,27,51.0,-0.48,0.254,0.507,-7.25,0,26,0,74.7,120.6,155.2,205.9,0.00,1,-38.1,-41.0
41.10,brake,390.32,-40.32,0.250,1,2404.8,-3096.4,0.0,0.0,23.29,-73.04,175,181,-1,-40.6,-27.1,-16.5,-33.7,0.33,0.19,0.87,0.00,0.00,0.00,-71.27,-29.81,81,-1,0,20,43.7,-0.57,0.255,0.464,-7.48,0,26,0,66.9,126.3,149.9,213.3,0.00,1,-68.2,-46.1
41.20,brake,389.51,-39.51,0.250,1,2404.8,-3096.4,0.0,0.0,23.29,-73.04,180,211,-1,-39.4,-29.7,-20.3,-31.1,0.33,-0.08,0.84,0.00,0.00,0.00,-73.12,-23.02,81,-1,0,12,43.7,-0.63,0.256,0.417,-7.72,0,26,0,58.4,129.7,143.5,220.9,0.00,1,-68.2,-46.1
41.30,brake,388.64,-38.64,0.250,1,2409.5,-3110.8,0.0,0.0,23.29,-71.28,185,211,-1,-38.2,-31.6,-25.6,-29.3,0.26,-0.34,0.88,0.00,0.00,0.00,-74.04,-16.49,81,-1,0,4,32.0,-0.67,0.257,0.496,-7.99,0,26,0,49.1,131.9,136.0,228.6,0.00,1,-84.2,-42.4
41.40,brake,387.71,-37.71,0.250,1,2409.5,-3110.8,0.0,0.0,23.29,-71.28,190,211,-1,-37.2,-33.1,-31.8,-28.4,0.15,-0.55,0.98,0.00,0.00,0.00,-74.30,-10.17,81,-1,1,-3,32.0,-0.63,0.256,0.512,-8.32,0,26,0,39.1,133.8,127.9,236.1,0.00,1,-84.2,-42.4
41.50,brake,386.71,-36.71,0.250,1,2414.1,-3124.7,0.0,0.0,22.59,-69.08,195,211,-1,-36.3,-34.1,-38.3,-28.4,0.05,-0.70,1.00,0.00,0.00,0.00,-73.80,-3.97,81,-1,1,-10,19.2,-0.60,0.256,0.511,-8.72,0,26,0,29.1,135.6,119.6,243.3,0.00,1,-79.2,-35.3
41.60,brake,385.65,-35.65,0.250,1,2416.3,-3131.6,0.0,0.0,21.88,-67.85,206,249,-1,-35.7,-34.8,-44.5,-29.0,0.00,-0.77,1.00,0.00,0.00,0.00,-72.07,9.41,81,-1,1,-17,12.2,-0.60,0.256,0.511,-9.12,0,26,0,20.1,137.6,111.8,249.9,0.00,1,-69.9,-34.5
41.70,brake,384.54,-34.54,0.250,1,2416.3,-3131.6,0.0,0.0,21.88,-67.85,217,249,-1,-35.3,-35.2,-50.0,-29.5,0.01,-0.77,1.00,0.00,0.00,0.00,-67.51,22.90,81,-1,1,-23,12.2,-0.60,0.256,0.511,-9.63,0,26,0,12.8,140.1,105.2,255.6,0.00,1,-69.9,-34.5
41.80,brake,383.37,-33.37,0.250,1,2418.4,-3138.3,0.0,0.0,21.18,-66.62,228,249,-1,-35.2,-35.3,-54.3,-29.3,0.06,-0.70,1.00,0.00,0.00,0.00,-60.58,34.89,81,-1,1,-27,4.7,-0.60,0.256,0.511,-10.19,0,26,0,7.9,143.0,100.5,260.0,0.00,1,-57.4,-34.3
41.90,brake,382.16,-32.16,0.250,1,2422.4,-3151.3,0.0,0.0,19.25,-64.07,238,249,-1,-35.3,-35.2,-57.3,-27.6,0.15,-0.57,1.00,0.00,0.00,0.00,-52.13,44.22,81,-1,1,-29,-9.2,-0.54,0.254,0.509,-10.87,0,26,0,5.4,146.2,98.0,262.3,0.00,1,-26.4,-36.5
42.00,brake,380.90,-30.90,0.289,1,2424.3,-3157.6,0.0,0.0,18.28,-62.93,247,264,-1,-35.6,-35.0,-58.9,-23.9,0.26,-0.41,1.00,0.00,0.00,0.00,-42.80,51.42,81,-1,0,-29,-15.0,-0.40,0.292,0.556,-11.64,0,26,0,4.9,149.7,98.3,262.4,0.00,1,-10.7,-37.5
42.10,brake,379.58,-29.58,0.346,1,2424.3,-3157.6,0.0,0.0,18.28,-62.93,254,264,-1,-35.9,-34.6,-59.1,-18.2,0.37,-0.23,1.00,0.00,0.00,0.00,-35.01,55.39,81,-1,0,-27,-15.0,-0.24,0.347,0.583,-12.45,0,26,0,5.9,153.4,101.7,260.0,0.00,1,-10.7,-37.5
42.20,brake,378.21,-28.21,0.387,1,2426.0,-3163.8,0.0,0.0,17.23,-61.88,258,264,-1,-36.3,-34.1,-58.1,-10.9,0.47,-0.03,1.00,0.00,0.00,0.00,-29.51,57.05,81,-1,0,-23,-20.4,-0.05,0.387,0.589,-13.26,0,26,0,8.2,157.0,108.8,255.7,0.00,1,4.2,-37.0
42.30,brake,376.79,-26.79,0.425,1,2429.2,-3175.9,0.0,0.0,14.77,-60.03,260,264,-1,-36.9,-33.4,-55.9,-3.2,0.57,0.16,1.00,0.00,0.00,0.00,-26.20,57.31,81,-1,0,-17,-32.5,0.18,0.426,0.719,-13.98,0,26,0,11.6,160.3,119.8,250.2,0.00,1,29.4,-25.1
42.40,brake,375.34,-25.34,0.461,1,2430.5,-3181.9,0.0,0.0,13.36,-59.15,260,253,-1,-37.6,-32.5,-52.7,3.8,0.63,0.35,1.00,0.00,0.00,0.00,-25.31,56.40,81,-1,0,-11,-38.5,0.42,0.466,0.859,-14.56,0,26,0,15.8,163.0,132.8,244.5,0.00,1,35.9,-12.4
42.50,brake,373.87,-23.87,0.493,1,2431.8,-3187.7,0.0,0.0,11.95,-58.62,258,253,-1,-38.6,-31.1,-48.9,8.9,0.64,0.50,1.00,0.00,0.00,0.00,-25.03,55.23,81,-1,0,-6,-42.9,0.60,0.505,0.960,-14.92,0,26,0,20.7,164.6,143.8,238.9,0.00,1,36.1,4.1
42.60,brake,372.41,-22.41,0.518,1,2432.9,-3193.6,0.0,0.0,10.55,-58.10,257,253,-1,-39.4,-29.1,-45.0,11.9,0.57,0.58,1.00,0.00,0.00,0.00,-24.95,54.38,81,-1,0,-1,-44.4,0.60,0.530,0.991,-15.02,0,26,0,25.9,164.6,150.5,233.6,0.00,1,28.8,23.6
42.70,brake,371.00,-21.00,0.531,1,2432.9,-3193.6,0.0,0.0,10.55,-58.10,256,253,-1,-40.0,-26.4,-41.6,12.5,0.42,0.54,1.00,0.00,0.00,0.00,-24.66,53.65,81,-1,0,4,-44.4,0.62,0.544,0.928,-14.78,0,26,0,31.3,162.3,152.3,228.5,0.00,1,28.8,23.6
42.80,brake,369.66,-19.66,0.533,1,2433.8,-3199.3,0.0,0.0,9.14,-57.74,252,233,-1,-40.6,-23.5,-39.7,10.7,0.19,0.37,1.00,0.00,0.00,0.00,-26.44,52.14,81,-1,0,9,-42.0,0.65,0.546,0.771,-14.20,0,26,0,36.4,157.1,150.2,223.5,0.00,1,14.1,44.4
42.90,brake,368.40,-18.40,0.532,1,2434.6,-3205.1,0.0,0.0,7.73,-57.22,250,233,-1,-40.9,-20.5,-39.9,6.8,-0.06,0.06,1.00,0.00,0.00,0.00,-27.26,50.90,81,-1,0,14,-36.3,0.65,0.546,0.594,-13.44,0,26,0,41.2,148.5,145.0,219.0,0.00,1,-5.0,63.7
43.00,brake,367.20,-17.20,0.536,1,2435.9,-3216.3,0.0,0.0,5.54,-55.55,248,233,-1,-40.9,-17.8,-42.4,0.6,-0.31,-0.33,1.00,0.00,0.00,0.00,-27.22,50.05,81,-1,0,17,-12.6,0.63,0.549,0.805,-12.55,0,26,0,45.6,137.4,137.9,215.6,0.00,1,-40.0,91.4
43.10,brake,366.06,-16.06,0.558,1,2436.4,-3221.8,0.0,0.0,4.66,-53.88,248,233,-1,-40.3,-16.0,-47.0,-8.2,-0.54,-0.71,1.00,0.00,0.00,0.00,-26.06,49.37,81,-1,1,18,5.3,0.60,0.570,1.000,-11.63,0,26,0,49.5,125.6,130.0,214.9,0.00,1,-45.1,95.5
43.20,brake,364.94,-14.94,0.621,1,2436.4,-3221.8,0.0,0.0,4.66,-53.88,246,215,-1,-39.0,-15.4,-52.4,-20.0,-0.74,-0.92,1.00,0.00,0.00,0.00,-25.91,47.47,81,-1,1,15,5.3,0.19,0.622,1.000,-10.89,0,26,0,53.5,115.2,122.5,218.0,0.00,1,-45.1,95.5
43.30,brake,363.85,-13.85,0.758,1,2437.2,-3232.0,0.0,0.0,3.69,-49.04,247,215,-1,-37.0,-15.7,-57.3,-34.0,-0.88,-0.89,1.00,0.00,0.00,0.00,-23.80,46.04,81,-1,1,9,40.5,-0.31,0.763,1.000,-10.49,0,26,0,58.8,107.1,116.9,224.4,0.00,1,-17.9,80.1
43.40,brake,362.77,-12.77,0.800,1,2437.5,-3236.6,0.0,0.0,3.78,-45.79,250,215,-1,-34.4,-16.7,-60.4,-46.7,-0.91,-0.66,1.00,0.00,0.00,0.00,-20.38,44.76,81,-1,1,2,50.9,-0.60,0.818,1.000,-10.64,0,26,0,66.0,101.3,114.1,230.9,0.00,1,8.1,61.1
43.50,brake,361.66,-11.66,0.800,1,2437.5,-3236.6,0.0,0.0,3.78,-45.79,253,215,-1,-31.3,-17.4,-60.2,-54.5,-0.79,-0.26,1.00,0.00,0.00,0.00,-16.96,42.70,81,-1,1,-1,50.9,-0.60,0.818,1.000,-11.33,0,26,0,72.6,98.2,114.6,234.0,0.00,1,8.1,61.1
43.60,brake,360.51,-10.51,0.800,1,2438.4,-3244.9,0.0,0.0,5.19,-38.58,245,194,-1,-28.1,-17.4,-55.2,-56.6,-0.52,0.21,1.00,0.00,0.00,0.00,-21.51,36.55,81,-1,1,-0,52.0,-0.60,0.818,1.000,-12.41,0,26,0,74.9,98.3,118.4,233.0,0.00,1,65.3,4.7
43.70,brake,359.32,-9.32,0.800,1,2439.0,-3248.5,0.0,0.0,6.33,-35.07,238,194,-1,-25.2,-16.8,-44.9,-54.3,-0.15,0.66,1.00,0.00,0.00,0.00,-25.01,29.84,81,-1,1,4,49.0,-0.60,0.818,1.000,-13.55,0,26,0,72.4,102.4,124.9,229.4,0.00,1,83.4,-26.5
43.80,brake,358.08,-8.08,0.800,1,2439.0,-3248.5,0.0,0.0,6.33,-35.07,230,194,-1,-22.5,-15.9,-30.5,-49.1,0.23,1.00,1.00,0.00,0.00,0.00,-27.20,23.02,81,-1,1,8,49.0,-0.60,0.818,1.000,-14.31,0,26,0,67.3,111.3,133.0,225.3,0.00,1,83.4,-26.5
43.90,brake,356.83,-6.83,0.800,1,2439.8,-3251.7,0.0,0.0,7.91,-31.82,224,194,-1,-20.3,-14.9,-16.1,-42.5,0.54,1.00,1.00,0.00,0.00,0.00,-28.36,16.44,81,-1,1,11,46.5,-0.60,0.818,1.000,-14.32,0,26,0,61.5,124.6,141.9,222.3,0.00,1,86.5,-52.6
44.00,brake,355.60,-5.60,0.800,1,2441.8,-3257.6,0.0,0.0,11.69,-28.13,221,213,-1,-18.6,-14.3,-5.1,-35.5,0.73,1.00,0.86,0.00,0.00,0.00,-28.54,12.16,81,-1,1,12,34.4,-0.60,0.818,1.000,-13.46,0,26,0,56.2,139.7,150.4,221.1,0.00,1,49.3,-67.7
44.10,brake,354.48,-4.48,0.800,1,2443.1,-3260.3,0.0,0.0,13.36,-27.69,219,213,-1,-17.7,-14.2,1.2,-29.0,0.79,0.92,0.63,0.00,0.00,0.00,-29.16,8.80,81,-1,1,11,24.0,-0.46,0.810,1.000,-11.90,0,26,0,51.9,152.2,157.6,221.5,0.00,1,18.3,-57.5
44.20,brake,353.52,-3.52,0.800,1,2443.1,-3260.3,0.0,0.0,13.36,-27.69,218,213,-1,-17.3,-14.4,3.2,-23.6,0.69,0.49,0.46,0.00,0.00,0.00,-30.06,6.43,81,-1,1,10,24.0,-0.28,0.804,1.000,-9.98,0,26,0,48.8,159.5,161.9,223.0,0.00,1,18.3,-57.5
44.30,brake,352.77,-2.77,0.782,1,2444.6,-3263.1,0.0,0.0,14.68,-27.95,217,213,-1,-17.5,-14.7,1.0,-20.3,0.42,-0.04,0.34,0.00,0.00,0.00,-31.18,4.95,81,-1,0,8,11.8,-0.07,0.782,0.966,-7.98,0,26,0,47.0,160.7,161.9,224.6,0.00,1,-15.3,-38.4
44.40,brake,352.23,-2.23,0.701,1,2447.7,-3268.8,0.0,0.0,16.26,-28.65,218,223,-1,-17.9,-15.1,-4.7,-19.7,0.02,-0.57,0.34,0.00,0.00,0.00,-32.16,4.90,81,-1,0,7,-6.4,0.14,0.701,0.938,-5.90,0,26,0,46.1,156.1,156.9,226.3,0.00,1,-75.2,16.2
44.50,brake,351.88,-1.88,0.617,1,2447.7,-3268.8,0.0,0.0,16.26,-28.65,219,223,-1,-18.1,-15.2,-13.0,-22.4,-0.49,-0.98,0.51,0.00,0.00,0.00,-32.54,5.16,81,-1,1,4,-6.4,0.22,0.619,1.000,-3.72,0,26,0,45.3,147.1,147.4,228.6,0.00,1,-75.2,16.2
44.60,brake,351.69,-1.69,0.550,1,2449.4,-3271.7,0.0,0.0,16.35,-28.21,220,223,-1,-17.7,-15.1,-22.2,-27.8,-0.92,-1.00,0.79,0.00,0.00,0.00,-32.13,5.58,81,-1,1,1,-4.6,0.11,0.551,1.000,-1.70,0,26,0,44.0,137.3,136.4,232.0,0.00,1,-85.5,40.8
44.70,brake,351.58,-1.58,0.550,1,2452.6,-3276.9,0.0,0.0,15.73,-24.87,222,223,-1,-16.6,-14.7,-30.4,-34.5,-1.00,-1.00,1.00,0.00,0.00,0.00,-30.76,5.84,81,-1,1,-3,8.1,-0.10,0.550,1.000,-0.26,0,26,0,42.3,129.3,126.7,236.3,0.00,1,-56.3,43.9
44.80,brake,351.52,-1.52,0.554,1,2454.1,-3279.2,0.0,0.0,15.29,-22.50,226,229,-1,-15.1,-13.9,-36.3,-40.5,-1.00,-0.85,1.00,0.00,0.00,0.00,-28.63,6.83,81,-1,1,-8,12.5,-0.31,0.557,1.000,0.30,0,26,0,40.2,124.1,119.8,240.6,0.00,1,-31.1,25.9
44.90,brake,351.48,-1.48,0.602,1,2454.1,-3279.2,0.0,0.0,15.29,-22.50,230,229,-1,-13.4,-13.0,-38.9,-44.0,-0.81,-0.52,1.00,0.00,0.00,0.00,-26.22,7.25,81,-1,1,-11,12.5,-0.46,0.610,1.000,0.10,0,26,0,38.2,122.0,116.2,243.6,0.00,1,-31.1,25.9
45.00,brake,351.43,-1.43,0.625,1,2455.6,-3281.3,0.0,0.0,14.94,-20.13,233,229,-1,-11.8,-11.9,-37.6,-44.0,-0.44,-0.15,1.00,0.00,0.00,0.00,-24.08,6.98,81,-1,0,-12,14.2,-0.52,0.635,0.872,-0.50,0,26,0,36.6,123.0,115.8,244.6,0.00,1,-4.2,1.8
45.10,brake,351.37,-1.37,0.613,1,2458.5,-3284.7,0.0,0.0,14.41,-14.94,234,229,-1,-10.2,-10.7,-32.5,-40.2,0.01,0.24,1.00,0.00,0.00,0.00,-22.10,5.78,81,-1,0,-11,14.6,-0.51,0.623,0.722,-1.22,0,26,0,35.4,127.6,118.7,243.7,0.00,1,43.2,-56.0
45.20,brake,351.30,-1.30,0.582,1,2458.5,-3284.7,0.0,0.0,14.41,-14.94,236,235,-1,-8.6,-9.4,-25.0,-33.2,0.49,0.59,0.96,0.00,0.00,0.00,-20.32,4.27,81,-1,1,-9,14.6,-0.47,0.590,1.000,-1.69,0,26,0,34.3,135.8,125.0,241.9,0.00,1,43.2,-56.0
45.30,brake,351.22,-1.22,0.550,1,2461.4,-3287.1,0.0,0.0,14.06,-10.72,236,235,-1,-7.2,-8.2,-17.1,-24.5,0.88,0.81,0.63,0.00,0.00,0.00,-18.82,2.55,81,-1,1,-7,13.2,-0.44,0.557,1.000,-1.63,0,26,0,33.0,146.7,134.7,240.3,0.00,1,56.3,-84.8
45.40,brake,351.16,-1.16,0.550,1,2462.8,-3288.1,0.0,0.0,14.06,-9.84,236,235,-1,-6.1,-7.3,-10.5,-16.1,1.00,0.82,0.30,0.00,0.00,0.00,-17.65,1.11,81,-1,1,-7,9.4,-0.40,0.555,1.000,-0.94,0,26,0,31.8,158.1,147.0,239.6,0.00,1,46.0,-74.8
45.50,brake,351.16,-1.16,0.450,1,2462.8,-3288.1,0.0,0.0,14.06,-9.84,236,235,-1,-5.6,-6.9,-5.9,-9.0,0.93,0.65,0.02,0.00,0.00,0.00,-17.16,0.33,81,-1,1,-6,9.4,-0.32,0.453,0.906,0.22,0,26,0,31.0,167.5,159.8,239.5,0.00,1,46.0,-74.8
45.60,brake,351.27,-1.27,0.350,1,2464.2,-3289.1,0.0,0.0,13.89,-9.84,236,238,-1,-5.6,-6.9,-3.4,-4.2,0.67,0.39,0.00,0.00,0.00,0.00,-17.01,0.53,81,-1,1,-7,4.3,-0.22,0.351,0.702,1.39,0,26,0,30.6,173.8,169.6,239.5,0.00,1,29.1,-54.5
45.70,brake,351.47,-1.47,0.291,1,2465.6,-3290.1,0.0,0.0,13.89,-10.28,237,238,-1,-5.8,-7.1,-2.8,-1.8,0.34,0.13,0.00,0.00,0.00,0.00,-17.25,0.99,81,-1,0,-6,-0.4,-0.12,0.291,0.478,2.27,0,26,0,30.7,176.6,174.2,239.3,0.00,1,10.8,-30.0
45.80,brake,351.75,-1.75,0.254,1,2467.0,-3291.2,0.0,0.0,13.71,-10.81,237,238,-1,-6.1,-7.4,-3.4,-1.5,0.03,-0.07,0.00,0.00,0.00,0.00,-17.39,1.61,81,-1,0,-6,-3.5,-0.05,0.254,0.293,2.75,0,26,0,31.1,176.4,174.1,238.9,0.00,1,-3.9,-7.5
45.90,brake,352.05,-2.05,0.250,1,2468.3,-3292.3,0.0,0.0,13.62,-11.25,237,238,-1,-6.4,-7.5,-5.0,-2.8,-0.22,-0.22,0.00,0.00,0.00,0.00,-17.54,2.10,81,-1,0,-6,-4.9,-0.01,0.250,0.426,2.85,0,26,0,31.5,174.1,170.5,238.5,0.00,1,-13.8,9.8
46.00,brake,352.35,-2.35,0.250,1,2471.0,-3294.6,0.0,0.0,13.27,-11.43,237,237,-1,-6.5,-7.6,-7.1,-4.9,-0.36,-0.31,0.00,0.00,0.00,0.00,-17.49,2.35,81,-1,1,-5,-6.3,0.02,0.250,0.500,2.78,0,26,0,32.1,170.7,165.4,238.0,0.00,1,-20.1,23.8
46.10,brake,352.63,-2.63,0.250,1,2471.0,-3294.6,0.0,0.0,13.27,-11.43,237,237,-1,-6.6,-7.5,-9.1,-7.2,-0.41,-0.33,0.05,0.00,0.00,0.00,-17.34,2.47,81,-1,1,-5,-6.3,0.03,0.250,0.500,2.63,0,26,0,32.7,167.1,160.3,237.5,0.00,1,-20.1,23.8
46.20,brake,352.89,-2.89,0.250,1,2473.6,-3296.8,0.0,0.0,12.83,-10.81,238,237,-1,-6.5,-7.2,-10.9,-9.2,-0.38,-0.31,0.14,0.00,0.00,0.00,-17.04,2.38,81,-1,1,-4,-6.2,0.04,0.250,0.500,2.47,0,26,0,33.2,163.9,156.2,237.2,0.00,1,-13.5,16.6
46.30,brake,353.13,-3.13,0.250,1,2473.6,-3296.8,0.0,0.0,12.83,-10.81,238,237,-1,-6.4,-6.9,-12.3,-10.6,-0.32,-0.26,0.20,0.00,0.00,0.00,-16.62,2.28,81,-1,0,-4,-6.2,0.05,0.250,0.483,2.38,0,26,0,33.8,161.6,153.5,236.8,0.00,1,-13.5,16.6
46.40,brake,353.35,-3.35,0.250,1,2476.1,-3298.8,0.0,0.0,12.48,-9.76,238,235,-1,-6.2,-6.6,-13.1,-11.3,-0.22,-0.19,0.23,0.00,0.00,0.00,-16.20,1.88,81,-1,0,-3,-5.8,0.05,0.250,0.415,2.24,0,26,0,34.4,160.3,152.3,236.3,0.00,1,-1.7,1.6
46.50,brake,353.55,-3.55,0.250,1,2476.1,-3298.8,0.0,0.0,12.48,-9.76,237,235,-1,-6.0,-6.2,-13.2,-11.1,-0.10,-0.10,0.23,0.00,0.00,0.00,-15.77,1.49,81,-1,0,-3,-5.8,0.06,0.250,0.331,2.06,0,26,0,34.9,160.2,152.7,235.7,0.00,1,-1.7,1.6
46.60,brake,353.71,-3.71,0.250,1,2478.6,-3300.6,0.0,0.0,12.04,-8.70,237,235,-1,-5.7,-5.8,-12.7,-10.2,0.01,-0.00,0.20,0.00,0.00,0.00,-15.29,1.03,81,-1,0,-2,-5.7,0.07,0.250,0.254,1.80,0,26,0,35.5,161.2,154.5,235.0,0.00,1,9.6,-11.8
46.70,brake,353.84,-3.84,0.250,1,2479.8,-3301.5,0.0,0.0,11.87,-8.35,237,235,-1,-5.5,-5.5,-11.7,-8.7,0.09,0.08,0.15,0.00,0.00,0.00,-14.84,0.76,81,-1,0,-1,-5.1,0.09,0.250,0.318,1.46,0,26,0,36.1,163.1,157.3,234.3,0.00,1,12.5,-15.0
46.80,brake,353.93,-3.93,0.250,1,2480.9,-3302.3,0.0,0.0,11.69,-8.00,237,232,-1,-5.3,-5.3,-10.4,-7.1,0.15,0.13,0.08,0.00,0.00,0.00,-14.50,0.42,81,-1,0,-1,-4.4,0.09,0.250,0.360,1.09,0,26,0,36.6,165.4,160.7,233.6,0.00,1,13.4,-16.1
46.90,brake,353.98,-3.98,0.250,1,2482.1,-3303.1,0.0,0.0,11.60,-7.73,236,232,-1,-5.2,-5.0,-9.1,-5.4,0.17,0.15,0.02,0.00,0.00,0.00,-14.16,0.10,81,-1,0,-0,-3.5,0.09,0.250,0.376,0.78,0,26,0,37.1,167.9,164.1,233.0,0.00,1,12.2,-15.1
47.00,brake,354.02,-4.02,0.250,1,2482.1,-3303.1,0.0,0.0,11.60,-7.73,236,232,-1,-5.0,-4.9,-8.0,-3.8,0.15,0.14,0.00,0.00,0.00,0.00,-13.94,-0.18,81,-1,0,0,-3.5,0.08,0.250,0.367,0.55,0,26,0,37.4,170.1,167.2,232.6,0.00,1,12.2,-15.1
47.10,brake,354.03,-4.03,0.250,1,2483.2,-3303.8,0.0,0.0,11.43,-7.56,235,232,-1,-5.0,-4.7,-7.1,-2.6,0.12,0.10,0.00,0.00,0.00,0.00,-13.70,-0.33,81,-1,0,1,-2.6,0.07,0.250,0.341,0.36,0,26,0,37.6,171.9,169.6,232.3,0.00,1,9.7,-12.6
47.20,brake,354.03,-4.03,0.250,1,2485.5,-3305.3,0.0,0.0,11.07,-7.38,235,231,-1,-4.9,-4.6,-6.6,-1.8,0.08,0.06,0.00,0.00,0.00,0.00,-13.45,-0.50,81,-1,0,1,-1.1,0.05,0.250,0.303,0.13,0,26,0,37.8,173.1,171.2,232.1,0.00,1,2.8,-5.7
47.30,brake,354.01,-4.01,0.250,1,2486.6,-3306.1,0.0,0.0,10.90,-7.29,234,231,-1,-4.8,-4.6,-6.4,-1.3,0.03,0.01,0.00,0.00,0.00,0.00,-13.30,-0.51,81,-1,0,1,-0.4,0.04,0.250,0.265,-0.07,0,26,0,37.9,173.8,172.0,232.0,0.00,1,-0.1,-2.8
47.40,brake,353.97,-3.97,0.250,1,2486.6,-3306.1,0.0,0.0,10.90,-7.29,234,231,-1,-4.8,-4.5,-6.4,-1.1,-0.01,-0.03,0.00,0.00,0.00,0.00,-13.10,-0.57,81,-1,0,1,-0.4,0.03,0.250,0.267,-0.25,0,26,0,37.9,173.9,172.2,232.0,0.00,1,-0.1,-2.8
47.50,brake,353.92,-3.92,0.257,1,2488.7,-3307.5,0.0,0.0,10.55,-7.12,233,231,-1,-4.7,-4.5,-6.6,-1.0,-0.03,-0.06,0.00,0.00,0.00,0.00,-12.91,-0.61,81,-1,0,1,0.5,0.02,0.257,0.292,-0.48,0,26,0,37.8,173.8,172.1,232.0,0.00,1,-2.5,-0.2
47.60,brake,353.85,-3.85,0.266,1,2489.7,-3308.2,0.0,0.0,10.37,-7.03,233,231,-1,-4.7,-4.4,-6.9,-1.0,-0.04,-0.06,0.00,0.00,0.00,0.00,-12.71,-0.64,81,-1,0,1,1.0,0.01,0.266,0.308,-0.68,0,26,0,37.8,173.7,171.9,232.1,0.00,1,-1.9,0.0
47.70,brake,353.76,-3.76,0.272,1,2490.8,-3308.9,0.0,0.0,10.20,-6.86,233,231,-1,-4.6,-4.4,-7.1,-1.0,-0.05,-0.06,0.00,0.00,0.00,0.00,-12.51,-0.66,81,-1,0,1,1.7,-0.00,0.272,0.313,-0.80,0,26,0,37.6,173.6,171.7,232.2,0.00,1,-0.8,0.3
47.80,brake,353.68,-3.68,0.277,1,2491.8,-3309.6,0.0,0.0,10.02,-6.68,233,231,-1,-4.5,-4.3,-7.1,-1.1,-0.05,-0.04,0.00,0.00,0.00,0.00,-12.26,-0.73,81,-1,0,1,1.8,-0.02,0.277,0.312,-0.88,0,26,0,37.5,173.5,171.6,232.4,0.00,1,0.5,-0.1
47.90,brake,353.58,-3.58,0.280,1,2491.8,-3309.6,0.0,0.0,10.02,-6.68,232,231,-1,-4.3,-4.2,-7.0,-1.0,-0.04,-0.02,0.00,0.00,0.00,0.00,-12.02,-0.80,81,-1,0,0,1.8,-0.03,0.280,0.305,-0.94,0,26,0,37.3,173.6,171.6,232.5,0.00,1,0.5,-0.1
48.00,land,353.49,-3.49,0.320,1,2492.8,-3310.2,-92.3,41.7,9.84,-6.50,232,232,-1,-10.3,1.8,-6.8,-0.9,-0.08,0.06,0.00,0.00,0.00,0.00,-11.77,-0.84,81,-1,0,0,2.1,-0.04,0.320,0.376,-0.95,0,26,0,37.1,173.9,172.0,232.7,0.00,0,1.7,-1.2
48.10,land,353.39,-3.39,0.322,1,2493.7,-3310.8,-93.2,42.3,9.67,-6.33,232,232,-1,-16.3,7.8,-6.5,-0.7,-0.12,0.13,0.00,0.00,0.00,0.00,-11.52,-0.89,81,-1,0,0,1.8,-0.04,0.322,0.424,-0.96,0,26,0,37.1,173.9,172.0,232.7,0.00,0,2.5,-2.3
48.20,land,353.29,-3.29,0.323,1,2495.6,-3312.1,-94.2,43.0,9.32,-5.98,232,232,-1,-20.0,13.8,-6.3,-0.3,-0.15,0.16,0.00,0.00,0.00,0.00,-11.27,-0.93,81,-1,0,0,1.6,-0.03,0.323,0.447,-0.94,0,26,0,37.1,173.9,172.0,232.7,0.00,0,0.8,-6.0
48.30,land,353.15,-3.15,0.320,1,2496.5,-3312.6,-95.1,43.6,9.14,-5.80,232,232,-1,-20.0,17.1,-6.3,0.4,-0.14,0.13,0.00,0.00,0.00,0.00,-11.03,-0.97,81,-1,0,0,1.5,-0.03,0.320,0.427,-0.84,0,26,0,37.1,173.9,172.0,232.7,0.00,0,-2.3,-9.3
48.40,land,353.08,-3.08,0.316,1,2496.5,-3312.6,-96.0,44.1,9.14,-5.80,232,233,-1,-20.0,17.2,-6.6,1.4,-0.08,0.08,0.00,0.00,0.00,0.00,-10.78,-0.99,81,-1,0,0,1.5,-0.03,0.316,0.377,-0.73,0,26,0,36.4,176.5,175.3,233.4,0.00,0,-2.3,-9.3
48.50,land,353.02,-3.02,0.312,1,2498.4,-3313.8,-97.0,44.7,8.96,-5.63,232,233,-1,-20.0,17.6,-7.3,2.8,-0.02,0.01,0.00,0.00,0.00,0.00,-10.67,-1.12,81,-1,0,0,0.8,-0.02,0.312,0.324,-0.63,0,26,0,36.4,176.5,175.3,233.4,0.00,0,-9.5,-16.2
48.60,land,352.93,-2.93,0.308,1,2498.4,-3313.8,-97.9,45.3,8.96,-5.63,232,233,-1,-20.0,17.3,-8.4,4.5,0.05,-0.04,0.00,0.00,0.00,0.00,-10.53,-1.01,81,-1,0,0,0.8,-0.01,0.308,0.343,-0.52,0,26,0,36.4,176.5,175.3,233.4,0.00,0,-9.5,-16.2
48.70,land,352.84,-2.84,0.305,1,2499.2,-3314.3,-98.7,45.8,8.79,-5.45,232,233,-1,-20.0,17.6,-9.6,6.3,0.08,-0.08,0.05,0.00,0.00,0.00,-10.29,-1.05,81,-1,0,0,0.4,-0.01,0.305,0.370,-0.45,0,26,0,36.4,176.5,175.3,233.4,0.00,0,-11.7,-18.2
48.80,land,352.76,-2.76,0.302,1,2500.1,-3314.9,-99.6,46.4,8.53,-5.45,232,233,-1,-20.0,17.2,-10.9,8.2,0.10,-0.09,0.12,0.00,0.00,0.00,-10.08,-0.90,81,-1,0,0,0.0,0.00,0.302,0.380,-0.37,0,26,0,36.0,180.2,180.3,233.2,0.00,0,-12.4,-18.7
48.90,land,352.69,-2.69,0.298,1,2501.7,-3315.9,-100.4,46.9,7.82,-5.27,232,233,-1,-20.0,17.1,-12.1,10.0,0.10,-0.09,0.18,0.00,0.00,0.00,-9.69,-0.83,81,-1,0,0,-0.5,0.01,0.298,0.374,-0.28,0,26,0,36.0,180.2,180.3,233.2,0.00,0,-10.5,-16.2
49.00,land,352.62,-2.62,0.298,1,2501.7,-3315.9,-101.2,47.4,7.82,-5.27,232,233,-1,-20.0,16.7,-13.1,11.6,0.09,-0.08,0.24,0.00,0.00,0.00,-9.41,-0.64,81,-1,0,0,-0.5,0.02,0.298,0.364,-0.26,0,26,0,36.0,180.2,180.3,233.2,0.00,0,-10.5,-16.2
49.10,land,352.56,-2.56,0.298,1,2503.1,-3317.0,-102.0,48.0,6.86,-5.27,232,233,-1,-20.0,16.0,-14.0,13.0,0.08,-0.06,0.29,0.00,0.00,0.00,-9.00,-0.34,81,-1,0,0,-0.4,0.02,0.298,0.351,-0.25,0,26,0,36.0,180.2,180.3,233.2,0.00,0,-6.9,-11.3
49.20,land,352.50,-2.50,0.299,1,2503.1,-3317.0,-102.6,48.5,6.86,-5.27,232,233,-1,-20.0,15.6,-14.7,14.1,0.05,-0.03,0.33,0.00,0.00,0.00,-8.65,-0.10,81,-1,0,1,-0.4,0.02,0.299,0.334,-0.26,0,26,0,36.4,183.3,184.5,232.3,0.00,0,-6.9,-11.3
49.30,land,352.45,-2.45,0.300,1,2504.4,-3318.0,-103.3,49.0,5.89,-5.45,232,233,-1,-20.0,15.1,-15.2,14.9,0.03,-0.01,0.36,0.00,0.00,0.00,-8.30,0.14,81,-1,0,1,-0.1,0.02,0.300,0.316,-0.29,0,26,0,36.4,183.3,184.5,232.3,0.00,0,-3.0,-6.4
49.40,land,352.40,-2.40,0.302,1,2504.9,-3318.6,-103.9,49.5,5.36,-5.45,231,233,-1,-20.0,14.1,-15.5,15.5,0.01,0.02,0.38,0.00,0.00,0.00,-8.00,0.57,81,-1,0,1,0.2,0.03,0.303,0.314,-0.31,0,26,0,36.4,183.3,184.5,232.3,0.00,0,-1.7,-4.5
49.50,land,352.35,-2.35,0.305,1,2505.4,-3319.1,-104.4,50.1,4.83,-5.45,231,233,-1,-20.0,13.4,-15.7,16.0,0.00,0.03,0.40,0.00,0.00,0.00,-7.59,0.87,81,-1,0,1,0.5,0.02,0.305,0.317,-0.34,0,26,0,36.4,183.3,184.5,232.3,0.00,0,-1.3,-3.5
49.60,land,352.31,-2.31,0.307,1,2505.9,-3319.7,-104.9,50.6,4.31,-5.45,231,233,-1,-20.0,12.6,-15.9,16.3,-0.00,0.03,0.41,0.00,0.00,0.00,-7.19,1.18,81,-1,0,2,0.8,0.02,0.307,0.321,-0.37,0,26,0,36.4,184.7,186.4,232.1,0.00,0,-1.2,-2.9
49.70,land,352.26,-2.26,0.309,1,2506.3,-3320.2,-105.4,51.2,3.87,-5.45,231,233,-1,-20.0,11.8,-16.1,16.6,0.00,0.03,0.42,0.00,0.00,0.00,-6.78,1.49,81,-1,0,2,1.1,0.02,0.309,0.323,-0.40,0,26,0,36.4,184.7,186.4,232.1,0.00,0,-1.3,-2.3
49.80,land,352.21,-2.21,0.311,1,2506.3,-3320.2,-105.8,51.7,3.87,-5.45,231,233,-1,-20.0,11.1,-16.2,16.8,0.01,0.03,0.42,0.00,0.00,0.00,-6.45,1.75,81,-1,0,2,1.1,0.02,0.311,0.325,-0.42,0,26,0,36.4,184.7,186.4,232.1,0.00,0,-1.3,-2.3
49.90,land,352.16,-2.16,0.313,1,2506.9,-3321.4,-106.1,52.3,2.90,-5.63,230,233,-1,-20.0,10.0,-16.5,16.9,0.02,0.02,0.43,0.00,0.00,0.00,-6.23,2.15,81,-1,0,2,2.0,0.01,0.313,0.328,-0.44,0,26,0,36.4,184.7,186.4,232.1,0.00,0,-2.1,-1.9
50.00,land,352.11,-2.11,0.315,1,2507.2,-3321.9,-106.4,52.9,2.46,-5.63,230,233,-1,-20.0,9.0,-16.8,17.1,0.03,0.01,0.44,0.00,0.00,0.00,-5.82,2.48,81,-1,0,2,2.5,0.00,0.315,0.330,-0.46,0,26,0,35.9,185.1,187.0,232.5,0.00,0,-2.6,-1.8
50.10,land,352.05,-2.05,0.317,1,2507.4,-3322.5,-106.7,53.4,2.02,-5.63,230,233,-1,-20.0,8.0,-17.2,17.2,0.04,-0.00,0.45,0.00,0.00,0.00,-5.49,2.75,81,-1,0,2,2.8,-0.01,0.317,0.333,-0.48,0,26,0,35.9,185.1,187.0,232.5,0.00,0,-3.0,-1.7
50.20,land,352.00,-2.00,0.319,1,2507.4,-3322.5,-106.9,54.0,2.02,-5.63,230,233,-1,-20.0,7.1,-17.6,17.3,0.05,-0.01,0.47,0.00,0.00,0.00,-5.15,3.03,81,-1,0,2,2.8,-0.01,0.319,0.344,-0.51,0,26,0,35.9,185.1,187.0,232.5,0.00,0,-3.0,-1.7
50.30,land,351.94,-1.94,0.320,1,2507.6,-3323.1,-107.1,54.6,1.49,-5.80,230,233,-1,-20.0,5.6,-17.9,17.4,0.06,-0.01,0.47,0.00,0.00,0.00,-4.87,3.49,81,-1,0,2,3.0,-0.01,0.320,0.351,-0.51,0,26,0,35.9,185.1,187.0,232.5,0.00,0,-3.1,-1.3
50.40,land,351.90,-1.90,0.318,1,2507.7,-3324.2,-107.2,55.1,0.44,-5.80,230,234,-1,-20.0,4.2,-18.3,17.3,0.06,-0.02,0.48,0.00,0.00,0.00,-4.45,3.84,81,-1,0,2,3.2,-0.02,0.318,0.348,-0.46,0,26,0,34.8,184.6,186.5,233.3,0.00,0,-3.1,2.0
50.50,land,351.87,-1.87,0.315,1,2507.7,-3324.8,-107.2,55.7,-0.09,-5.98,230,234,-1,-20.0,2.8,-18.7,16.9,0.04,-0.02,0.48,0.00,0.00,0.00,-4.04,4.18,81,-1,0,2,3.3,-0.02,0.315,0.340,-0.36,0,26,0,34.8,184.6,186.5,233.3,0.00,0,-3.4,4.2
50.60,land,351.85,-1.85,0.311,1,2507.7,-3324.8,-107.2,56.3,-0.09,-5.98,230,234,-1,-20.0,0.9,-19.1,16.4,0.03,-0.03,0.48,0.00,0.00,0.00,-3.74,4.66,81,-1,0,2,3.3,-0.03,0.311,0.333,-0.28,0,26,0,34.8,184.6,186.5,233.3,0.00,0,-3.4,4.2
50.70,land,351.85,-1.85,0.308,1,2507.7,-3325.4,-107.2,56.9,-0.70,-5.98,231,234,-1,-20.0,-0.7,-19.5,15.6,0.02,-0.03,0.48,0.00,0.00,0.00,-3.25,5.06,81,-1,0,2,3.4,-0.03,0.308,0.325,-0.22,0,26,0,34.8,184.6,186.5,233.3,0.00,0,-3.3,6.1
50.80,land,351.85,-1.85,0.308,1,2507.6,-3326.0,-107.1,57.5,-1.23,-5.98,231,235,-1,-20.0,-2.5,-19.7,14.8,0.01,-0.02,0.47,0.00,0.00,0.00,-2.81,5.41,81,-1,0,2,3.4,-0.04,0.308,0.319,-0.20,0,26,0,33.5,181.5,182.2,234.2,0.00,0,-2.8,7.7
50.90,land,351.85,-1.85,0.308,1,2507.2,-3327.2,-106.9,58.1,-2.20,-5.98,231,235,-1,-20.0,-4.1,-20.0,13.8,0.01,-0.02,0.46,0.00,0.00,0.00,-2.44,5.71,81,-1,0,1,2.6,-0.04,0.308,0.317,-0.20,0,26,0,33.5,181.5,182.2,234.2,0.00,0,-2.2,9.3
51.00,land,351.84,-1.84,0.311,1,2507.0,-3327.8,-106.7,58.7,-2.64,-5.98,232,235,-1,-20.0,-6.0,-20.2,12.8,0.01,-0.01,0.44,0.00,0.00,0.00,-1.99,6.05,81,-1,0,1,2.3,-0.03,0.311,0.322,-0.24,0,26,0,33.5,181.5,182.2,234.2,0.00,0,-2.2,9.6
51.10,land,351.83,-1.83,0.313,1,2506.7,-3328.4,-106.5,59.3,-3.08,-5.80,232,235,-1,-20.0,-7.6,-20.4,11.8,0.02,-0.02,0.43,0.00,0.00,0.00,-1.61,6.33,81,-1,0,1,2.1,-0.04,0.313,0.328,-0.28,0,26,0,33.5,181.5,182.2,234.2,0.00,0,-2.2,9.7
51.20,land,351.82,-1.82,0.315,1,2506.7,-3328.4,-106.2,59.9,-3.08,-5.80,232,236,-1,-20.0,-9.0,-20.5,10.7,0.03,-0.02,0.43,0.00,0.00,0.00,-1.10,6.47,81,-1,0,0,2.1,-0.04,0.315,0.333,-0.30,0,26,0,32.6,177.1,175.5,235.0,0.00,0,-2.2,9.7
51.30,land,351.81,-1.81,0.317,1,2505.9,-3329.5,-105.8,60.5,-3.96,-5.63,233,236,-1,-20.0,-10.8,-20.7,9.7,0.04,-0.02,0.42,0.00,0.00,0.00,-0.70,6.75,81,-1,0,-0,1.7,-0.05,0.317,0.340,-0.33,0,26,0,32.6,177.1,175.5,235.0,0.00,0,-2.3,10.1
51.40,land,351.79,-1.79,0.319,1,2505.5,-3330.1,-105.4,61.0,-4.31,-5.45,233,236,-1,-20.0,-12.1,-20.9,8.6,0.04,-0.02,0.41,0.00,0.00,0.00,-0.19,6.87,81,-1,0,-1,1.2,-0.05,0.319,0.345,-0.35,0,26,0,32.6,177.1,175.5,235.0,0.00,0,-2.1,10.7
51.50,land,351.78,-1.78,0.319,1,2505.5,-3330.1,-105.0,61.6,-4.31,-5.45,234,236,-1,-20.0,-13.3,-21.1,7.5,0.04,-0.02,0.41,0.00,0.00,0.00,0.24,6.94,81,-1,0,-1,1.2,-0.05,0.319,0.342,-0.35,0,26,0,32.6,177.1,175.5,235.0,0.00,0,-2.1,10.7
51.60,land,351.77,-1.77,0.318,1,2505.0,-3330.6,-104.5,62.1,-4.83,-5.36,234,237,-1,-20.0,-15.0,-21.2,6.3,0.04,-0.01,0.40,0.00,0.00,0.00,0.78,7.18,81,-1,0,-2,0.5,-0.05,0.318,0.336,-0.31,0,26,0,32.2,172.4,168.0,235.4,0.00,0,-1.4,11.7
51.70,land,351.77,-1.77,0.316,1,2504.5,-3331.1,-104.0,62.6,-5.19,-5.19,235,237,-1,-20.0,-16.2,-21.1,5.0,0.03,0.00,0.39,0.00,0.00,0.00,1.23,7.23,81,-1,0,-2,-0.3,-0.04,0.316,0.329,-0.26,0,26,0,32.2,172.4,168.0,235.4,0.00,0,-0.6,12.7
51.80,land,351.78,-1.78,0.314,1,2503.4,-3332.1,-103.5,63.1,-5.98,-4.75,235,237,-1,-20.0,-17.5,-21.1,3.7,0.02,0.02,0.38,0.00,0.00,0.00,1.74,7.33,81,-1,0,-3,-2.1,-0.03,0.314,0.330,-0.22,0,26,0,32.2,172.4,168.0,235.4,0.00,0,0.8,14.5
51.90,land,351.78,-1.78,0.313,1,2502.8,-3332.6,-102.9,63.6,-6.33,-4.57,235,237,-1,-20.0,-18.4,-20.9,2.3,0.02,0.02,0.37,0.00,0.00,0.00,2.24,7.30,81,-1,0,-3,-2.8,-0.02,0.313,0.329,-0.19,0,26,0,32.2,172.4,168.0,235.4,0.00,0,0.8,14.9
52.00,land,351.79,-1.79,0.315,1,2502.8,-3332.6,-102.3,64.1,-6.33,-4.57,236,236,-1,-20.0,-19.3,-20.8,0.9,0.01,0.02,0.36,0.00,0.00,0.00,2.66,7.34,81,-1,0,-3,-2.8,-0.01,0.315,0.328,-0.21,0,26,0,33.4,166.8,160.4,234.6,0.00,0,0.8,14.9
52.10,land,351.79,-1.79,0.316,1,2502.1,-3333.0,-101.6,64.5,-6.59,-4.31,236,236,-1,-20.0,-19.8,-20.8,-0.4,0.01,0.02,0.36,0.00,0.00,0.00,3.06,7.26,81,-1,0,-4,-3.2,-0.01,0.316,0.325,-0.22,0,26,0,33.4,166.8,160.4,234.6,0.00,0,0.7,15.1
52.20,land,351.79,-1.79,0.316,1,2501.4,-3333.4,-100.9,64.9,-6.86,-4.04,236,236,-1,-20.0,-20.0,-20.7,-1.8,-0.00,0.01,0.36,0.00,0.00,0.00,3.46,7.17,81,-1,0,-4,-3.5,-0.01,0.316,0.322,-0.23,0,26,0,33.4,166.8,160.4,234.6,0.00,0,0.6,15.2
52.30,land,351.79,-1.79,0.317,1,2500.0,-3334.2,-100.2,65.3,-7.38,-3.43,237,236,-1,-20.0,-20.0,-20.7,-3.2,-0.01,0.01,0.36,0.00,0.00,0.00,3.93,7.13,81,-1,0,-4,-3.8,-0.01,0.317,0.325,-0.23,0,26,0,33.4,166.8,160.4,234.6,0.00,0,0.4,15.2
52.40,land,351.78,-1.78,0.318,1,2499.2,-3334.5,-99.5,65.7,-7.56,-3.08,236,233,-1,-20.0,-20.0,-20.7,-4.6,-0.02,0.00,0.37,0.00,0.00,0.00,4.26,6.94,81,-1,0,-4,-3.8,-0.01,0.318,0.327,-0.24,0,26,0,35.7,160.6,153.9,233.1,0.00,0,0.3,15.2
52.50,land,351.77,-1.77,0.319,1,2498.5,-3334.8,-98.7,66.0,-7.73,-2.72,236,233,-1,-20.0,-20.0,-20.8,-6.0,-0.03,-0.00,0.38,0.00,0.00,0.00,4.60,6.74,81,-1,0,-4,-3.8,-0.00,0.319,0.332,-0.25,0,26,0,35.7,160.6,153.9,233.1,0.00,0,0.1,15.1
52.60,land,351.77,-1.77,0.320,1,2498.5,-3334.8,-98.0,66.3,-7.73,-2.72,236,233,-1,-20.0,-20.0,-20.9,-7.3,-0.04,-0.01,0.40,0.00,0.00,0.00,4.94,6.54,81,-1,0,-4,-3.8,-0.00,0.320,0.340,-0.26,0,26,0,35.7,160.6,153.9,233.1,0.00,0,0.1,15.1
52.70,land,351.75,-1.75,0.322,1,2497.7,-3335.0,-97.2,66.5,-7.91,-2.37,237,233,-1,-20.0,-20.0,-21.0,-8.7,-0.05,-0.02,0.42,0.00,0.00,0.00,5.29,6.34,81,-1,0,-4,-3.8,-0.01,0.322,0.348,-0.28,0,26,0,35.7,160.6,153.9,233.1,0.00,0,-0.0,15.0
52.80,land,351.74,-1.74,0.322,1,2496.9,-3335.2,-96.4,66.7,-8.09,-1.93,236,231,-1,-20.0,-19.4,-21.1,-10.0,-0.06,-0.02,0.43,0.00,0.00,0.00,5.65,6.10,81,-1,0,-4,-3.8,0.00,0.322,0.352,-0.27,0,26,0,38.5,154.2,148.7,231.5,0.00,0,0.0,14.6
52.90,land,351.73,-1.73,0.319,1,2496.0,-3335.4,-95.5,66.9,-8.26,-1.49,236,231,-1,-20.0,-18.8,-21.3,-11.1,-0.05,-0.02,0.45,0.00,0.00,0.00,6.01,5.86,81,-1,0,-4,-3.8,0.01,0.319,0.349,-0.21,0,26,0,38.5,154.2,148.7,231.5,0.00,0,0.2,13.3
53.00,land,351.73,-1.73,0.314,1,2495.2,-3335.5,-94.7,67.0,-8.35,-0.97,236,231,-1,-20.0,-17.8,-21.4,-12.1,-0.05,-0.02,0.47,0.00,0.00,0.00,6.36,5.49,81,-1,0,-3,-3.8,0.01,0.314,0.343,-0.11,0,26,0,38.5,154.2,148.7,231.5,0.00,0,0.1,11.3
53.10,land,351.74,-1.74,0.311,1,2493.5,-3335.5,-93.9,67.0,-8.44,0.09,236,231,-1,-20.0,-16.8,-21.5,-12.8,-0.04,-0.02,0.48,0.00,0.00,0.00,6.72,5.12,81,-1,0,-3,-3.9,0.01,0.311,0.336,-0.04,0,26,0,38.5,154.2,148.7,231.5,0.00,0,0.5,7.8
53.20,land,351.74,-1.74,0.310,1,2493.5,-3335.5,-93.0,67.0,-8.44,0.09,235,228,-1,-20.0,-15.4,-21.6,-13.4,-0.04,-0.02,0.49,0.00,0.00,0.00,6.97,4.75,81,-1,0,-3,-3.9,0.02,0.310,0.333,-0.02,0,26,0,41.1,149.7,146.2,229.9,0.00,0,0.5,7.8
53.30,land,351.74,-1.74,0.309,1,2492.7,-3335.5,-92.2,67.0,-8.61,0.62,235,228,-1,-20.0,-14.3,-21.6,-13.8,-0.03,-0.01,0.50,0.00,0.00,0.00,7.39,4.47,81,-1,0,-2,-3.9,0.03,0.309,0.327,-0.00,0,26,0,41.1,149.7,146.2,229.9,0.00,0,0.9,6.2
53.40,land,351.74,-1.74,0.310,1,2490.9,-3335.2,-91.3,66.9,-8.61,1.67,234,228,-1,-20.0,-13.0,-21.6,-14.1,-0.04,-0.01,0.50,0.00,0.00,0.00,7.67,4.09,81,-1,0,-2,-3.7,0.04,0.310,0.329,-0.02,0,26,0,41.1,149.7,146.2,229.9,0.00,0,1.0,3.9
53.50,land,351.74,-1.74,0.312,1,2490.9,-3335.2,-90.4,66.7,-8.61,1.67,234,228,-1,-20.0,-11.7,-21.6,-14.3,-0.05,-0.01,0.51,0.00,0.00,0.00,7.95,3.71,81,-1,0,-2,-3.7,0.04,0.313,0.335,-0.07,0,26,0,41.1,149.7,146.2,229.9,0.00,0,1.0,3.9
53.60,land,351.72,-1.72,0.315,1,2489.2,-3334.8,-89.6,66.5,-8.61,2.64,233,226,-1,-20.0,-10.4,-21.7,-14.5,-0.06,-0.01,0.51,0.00,0.00,0.00,8.18,3.44,81,-1,0,-1,-2.9,0.05,0.315,0.342,-0.12,0,26,0,43.2,147.7,146.1,228.3,0.00,0,0.9,2.3
53.70,land,351.71,-1.71,0.317,1,2488.4,-3334.5,-88.7,66.3,-8.61,3.08,233,226,-1,-20.0,-8.9,-21.6,-14.6,-0.06,-0.01,0.51,0.00,0.00,0.00,8.46,3.09,81,-1,0,-1,-2.4,0.05,0.317,0.344,-0.15,0,26,0,43.2,147.7,146.1,228.3,0.00,0,1.3,1.0
53.80,land,351.70,-1.70,0.317,1,2487.5,-3334.1,-87.9,66.0,-8.61,3.60,233,226,-1,-20.0,-7.7,-21.5,-14.6,-0.06,0.00,0.51,0.00,0.00,0.00,8.71,2.80,81,-1,0,-0,-2.1,0.05,0.317,0.342,-0.13,0,26,0,43.2,147.7,146.1,228.3,0.00,0,1.5,-0.7
53.90,land,351.69,-1.69,0.315,1,2487.5,-3334.1,-87.0,65.6,-8.61,3.60,232,226,-1,-20.0,-6.4,-21.4,-14.3,-0.05,0.01,0.50,0.00,0.00,0.00,9.01,2.44,81,-1,0,0,-2.1,0.05,0.315,0.339,-0.10,0,26,0,43.2,147.7,146.1,228.3,0.00,0,1.5,-0.7
54.00,land,351.69,-1.69,0.311,1,2485.8,-3333.3,-86.1,65.2,-8.61,4.66,232,225,-1,-20.0,-4.9,-21.3,-13.9,-0.04,0.01,0.49,0.00,0.00,0.00,9.32,2.11,81,-1,0,1,-1.7,0.05,0.311,0.330,-0.02,0,26,0,44.2,147.9,147.1,227.2,0.00,0,1.0,-4.9
54.10,land,351.69,-1.69,0.308,1,2484.9,-3332.8,-85.3,64.8,-8.61,5.19,231,225,-1,-20.0,-3.5,-21.2,-13.3,-0.03,0.01,0.48,0.00,0.00,0.00,9.63,1.77,81,-1,0,1,-1.5,0.06,0.308,0.321,0.04,0,26,0,44.2,147.9,147.1,227.2,0.00,0,0.4,-6.1
54.20,land,351.68,-1.68,0.309,1,2484.1,-3332.2,-84.4,64.3,-8.61,5.63,231,225,-1,-20.0,-2.2,-21.2,-12.7,-0.02,0.00,0.47,0.00,0.00,0.00,9.95,1.42,81,-1,0,2,-1.2,0.06,0.309,0.318,0.03,0,26,0,44.2,147.9,147.1,227.2,0.00,0,0.3,-6.9
54.30,land,351.67,-1.67,0.311,1,2484.1,-3332.2,-83.6,63.7,-8.61,5.63,230,225,-1,-20.0,-1.0,-21.1,-11.9,-0.02,0.00,0.46,0.00,0.00,0.00,10.22,1.14,81,-1,0,2,-1.2,0.06,0.311,0.320,-0.02,0,26,0,44.2,147.9,147.1,227.2,0.00,0,0.3,-6.9
54.40,land,351.66,-1.66,0.313,1,2483.2,-3331.6,-82.7,63.1,-8.61,6.06,230,225,-1,-20.0,0.1,-21.1,-11.1,-0.02,0.00,0.45,0.00,0.00,0.00,10.50,0.85,81,-1,0,2,-0.8,0.06,0.313,0.321,-0.05,0,26,0,43.9,150.4,149.5,226.7,0.00,0,0.1,-7.5
54.50,land,351.64,-1.64,0.315,1,2481.4,-3330.3,-81.8,62.5,-8.79,6.86,230,225,-1,-20.0,0.6,-21.0,-10.3,-0.01,0.00,0.43,0.00,0.00,0.00,10.86,0.74,81,-1,0,2,0.1,0.06,0.315,0.320,-0.09,0,26,0,43.9,150.4,149.5,226.7,0.00,0,-0.1,-8.6
54.60,land,351.62,-1.62,0.317,1,2480.6,-3329.6,-80.9,61.8,-8.79,7.21,230,225,-1,-20.0,1.7,-21.0,-9.4,-0.01,0.00,0.42,0.00,0.00,0.00,11.14,0.45,81,-1,0,3,0.6,0.05,0.317,0.322,-0.12,0,26,0,43.9,150.4,149.5,226.7,0.00,0,-0.3,-9.0
54.70,land,351.59,-1.59,0.318,1,2480.6,-3329.6,-80.1,61.1,-8.79,7.21,230,225,-1,-20.0,2.6,-21.0,-8.5,-0.01,-0.00,0.41,0.00,0.00,0.00,11.36,0.22,81,-1,0,3,0.6,0.05,0.318,0.323,-0.15,0,26,0,43.9,150.4,149.5,226.7,0.00,0,-0.3,-9.0
54.80,land,351.56,-1.56,0.320,1,2479.7,-3328.9,-79.2,60.4,-8.96,7.56,230,226,-1,-20.0,3.1,-21.0,-7.6,-0.01,-0.00,0.40,0.00,0.00,0.00,11.73,0.07,81,-1,0,3,0.9,0.04,0.320,0.324,-0.17,0,26,0,42.8,153.9,152.2,226.8,0.00,0,-0.4,-9.3
54.90,land,351.53,-1.53,0.321,1,2478.8,-3328.1,-78.3,59.6,-8.96,7.91,230,226,-1,-20.0,3.9,-21.0,-6.8,-0.01,-0.01,0.40,0.00,0.00,0.00,11.95,-0.19,81,-1,0,3,1.1,0.04,0.321,0.327,-0.19,0,26,0,42.8,153.9,152.2,226.8,0.00,0,-0.6,-9.4
55.00,land,351.50,-1.50,0.322,1,2477.9,-3327.3,-77.4,58.8,-9.14,8.17,229,226,-1,-20.0,4.2,-21.0,-5.9,-0.00,-0.01,0.39,0.00,0.00,0.00,12.26,-0.27,81,-1,0,3,1.2,0.04,0.322,0.327,-0.21,0,26,0,42.8,153.9,152.2,226.8,0.00,0,-0.7,-9.5
55.10,land,351.46,-1.46,0.324,1,2476.9,-3326.4,-76.4,57.9,-9.32,8.53,229,226,-1,-19.6,4.7,-21.0,-5.0,-0.00,-0.02,0.38,0.00,0.00,0.00,12.62,-0.41,81,-1,0,3,1.3,0.04,0.324,0.332,-0.22,0,26,0,42.8,153.9,152.2,226.8,0.00,0,-0.8,-9.4
55.20,land,351.42,-1.42,0.325,1,2475.0,-3324.7,-75.5,57.1,-9.58,9.05,230,228,-1,-17.9,4.9,-21.1,-4.1,0.00,-0.04,0.38,0.00,0.00,0.00,12.93,-0.53,81,-1,0,3,1.3,0.03,0.325,0.342,-0.24,0,26,0,41.4,157.6,155.0,227.4,0.00,0,-1.1,-9.3
55.30,land,351.39,-1.39,0.326,1,2475.0,-3324.7,-74.5,56.2,-9.58,9.05,230,228,-1,-16.4,5.4,-21.2,-3.2,0.00,-0.07,0.38,0.00,0.00,0.00,13.16,-0.70,81,-1,0,3,1.3,0.03,0.326,0.352,-0.25,0,26,0,41.4,157.6,155.0,227.4,0.00,0,-1.1,-9.3
55.40,land,351.36,-1.36,0.324,1,2474.1,-3323.7,-73.6,55.2,-9.76,9.32,230,228,-1,-14.7,5.7,-21.2,-2.4,0.00,-0.08,0.38,0.00,0.00,0.00,13.47,-0.80,81,-1,0,3,1.4,0.03,0.324,0.357,-0.21,0,26,0,41.4,157.6,155.0,227.4,0.00,0,-0.8,-9.1
55.50,land,351.34,-1.34,0.319,1,2473.1,-3322.8,-72.6,54.3,-10.02,9.67,230,228,-1,-12.6,6.0,-21.1,-1.5,0.00,-0.08,0.37,0.00,0.00,0.00,13.89,-0.91,81,-1,0,3,1.6,0.02,0.319,0.354,-0.09,0,26,0,41.4,157.6,155.0,227.4,0.00,0,0.5,-9.0
55.60,land,351.33,-1.33,0.313,1,2471.0,-3320.8,-71.5,53.3,-10.55,10.20,230,229,-1,-10.8,5.9,-20.9,-0.7,0.01,-0.08,0.36,0.00,0.00,0.00,14.21,-0.91,81,-1,0,3,1.9,0.02,0.313,0.349,0.02,0,26,0,40.1,161.6,158.4,228.1,0.00,0,3.9,-8.7
55.70,land,351.34,-1.34,0.307,1,2469.9,-3319.7,-70.5,52.3,-10.81,10.37,230,229,-1,-8.7,6.2,-20.4,0.1,0.01,-0.07,0.35,0.00,0.00,0.00,14.63,-1.04,81,-1,0,2,2.0,0.01,0.307,0.341,0.13,0,26,0,40.1,161.6,158.4,228.1,0.00,0,5.8,-8.6
55.80,land,351.36,-1.36,0.301,1,2468.8,-3318.7,-69.4,51.2,-11.07,10.55,230,229,-1,-6.8,6.2,-19.8,0.9,0.02,-0.06,0.33,0.00,0.00,0.00,14.95,-1.02,81,-1,0,2,2.0,0.01,0.301,0.332,0.25,0,26,0,40.1,161.6,158.4,228.1,0.00,0,7.6,-8.3
55.90,land,351.39,-1.39,0.296,1,2468.8,-3318.7,-68.3,50.2,-11.07,10.55,230,229,-1,-5.0,6.2,-19.0,1.6,0.02,-0.05,0.30,0.00,0.00,0.00,15.26,-0.99,81,-1,0,2,2.0,0.01,0.296,0.324,0.34,0,26,0,40.1,161.6,158.4,228.1,0.00,0,7.6,-8.3
56.00,land,351.43,-1.43,0.294,1,2466.6,-3316.5,-67.2,49.1,-11.60,10.90,230,230,-1,-3.1,6.1,-18.1,2.3,0.02,-0.05,0.28,0.00,0.00,0.00,15.57,-0.98,81,-1,0,2,2.2,0.00,0.294,0.322,0.36,0,26,0,39.3,167.2,164.4,229.0,0.00,0,9.6,-7.7
56.10,land,351.46,-1.46,0.294,1,2465.4,-3315.4,-66.1,48.0,-11.78,11.07,230,230,-1,-1.2,6.1,-17.2,3.0,0.03,-0.05,0.25,0.00,0.00,0.00,15.89,-0.95,81,-1,0,2,2.2,0.00,0.294,0.324,0.35,0,26,0,39.3,167.2,164.4,229.0,0.00,0,10.6,-7.3
56.20,land,351.49,-1.49,0.295,1,2464.2,-3314.3,-64.9,46.9,-11.95,11.07,230,230,-1,0.5,6.2,-16.1,3.6,0.03,-0.04,0.22,0.00,0.00,0.00,16.14,-0.98,81,-1,0,2,2.3,-0.00,0.295,0.321,0.32,0,26,0,39.3,167.2,164.4,229.0,0.00,0,11.9,-6.6
56.30,land,351.51,-1.51,0.297,1,2463.0,-3313.2,-63.7,45.8,-12.13,11.07,230,230,-1,1.9,5.9,-14.9,4.1,0.03,-0.02,0.18,0.00,0.00,0.00,16.27,-0.85,81,-1,0,2,2.3,-0.00,0.297,0.316,0.25,0,26,0,39.3,167.2,164.4,229.0,0.00,0,13.1,-6.1
56.40,land,351.53,-1.53,0.299,1,2463.0,-3313.2,-62.5,44.7,-12.13,11.07,230,230,-1,3.2,5.6,-13.6,4.7,0.03,-0.00,0.14,0.00,0.00,0.00,16.41,-0.75,81,-1,0,2,2.3,-0.00,0.299,0.313,0.22,0,26,0,38.6,173.6,172.1,230.2,0.00,0,13.1,-6.1
56.50,land,351.55,-1.55,0.297,1,2460.5,-3311.0,-61.3,43.6,-12.48,11.25,230,230,-1,5.0,5.7,-12.2,5.2,0.04,0.00,0.11,0.00,0.00,0.00,16.65,-0.77,81,-1,0,2,2.4,-0.00,0.297,0.314,0.23,0,26,0,38.6,173.6,172.1,230.2,0.00,0,14.3,-5.8
56.60,land,351.58,-1.58,0.296,1,2460.5,-3311.0,-60.0,42.5,-12.48,11.25,230,230,-1,6.4,5.4,-10.8,5.7,0.04,0.01,0.07,0.00,0.00,0.00,16.79,-0.66,81,-1,0,2,2.4,-0.00,0.296,0.317,0.26,0,26,0,38.6,173.6,172.1,230.2,0.00,0,14.3,-5.8
56.70,land,351.61,-1.61,0.293,1,2459.2,-3309.8,-58.7,41.3,-12.66,11.07,230,230,-1,7.5,4.7,-9.4,6.1,0.05,0.01,0.04,0.00,0.00,0.00,16.81,-0.40,81,-1,0,2,2.3,-0.00,0.293,0.319,0.29,0,26,0,38.6,173.6,172.1,230.2,0.00,0,14.4,-5.4
56.80,land,351.64,-1.64,0.291,1,2458.0,-3308.7,-57.5,40.2,-12.83,11.07,230,231,-1,8.9,4.4,-8.0,6.5,0.05,0.01,0.01,0.00,0.00,0.00,16.95,-0.31,81,-1,0,2,2.3,-0.00,0.291,0.316,0.33,0,26,0,37.8,180.3,180.4,231.7,0.00,0,14.4,-4.7
56.90,land,351.67,-1.67,0.288,1,2455.4,-3306.6,-56.2,39.1,-13.01,10.81,230,231,-1,9.8,3.9,-6.6,6.8,0.05,0.02,0.00,0.00,0.00,0.00,16.90,-0.14,81,-1,0,2,2.2,-0.00,0.288,0.313,0.36,0,26,0,37.8,180.3,180.4,231.7,0.00,0,13.9,-2.6
57.00,land,351.71,-1.71,0.287,1,2454.1,-3305.5,-54.9,38.1,-13.10,10.63,230,231,-1,10.8,3.5,-5.3,7.0,0.03,0.01,0.00,0.00,0.00,0.00,16.91,-0.03,81,-1,0,2,2.1,-0.00,0.287,0.304,0.38,0,26,0,37.8,180.3,180.4,231.7,0.00,0,13.2,-1.1
57.10,land,351.75,-1.75,0.288,1,2452.8,-3304.4,-53.6,37.0,-13.18,10.46,230,231,-1,11.7,2.9,-4.0,7.1,0.02,0.00,0.00,0.00,0.00,0.00,16.87,0.14,81,-1,0,2,2.0,-0.00,0.288,0.295,0.35,0,26,0,37.8,180.3,180.4,231.7,0.00,0,12.6,0.3
57.20,land,351.79,-1.79,0.287,1,2452.8,-3304.4,-52.3,35.9,-13.18,10.46,231,232,-1,12.6,2.4,-2.8,7.0,0.01,-0.00,0.00,0.00,0.00,0.00,16.83,0.28,81,-1,0,2,2.0,-0.00,0.287,0.290,0.35,0,26,0,36.8,184.9,186.6,233.2,0.00,0,12.6,0.3
57.30,land,351.83,-1.83,0.284,1,2450.1,-3302.4,-50.9,34.9,-13.18,10.02,231,232,-1,13.1,1.8,-1.5,6.8,-0.00,-0.00,0.00,0.00,0.00,0.00,16.66,0.42,81,-1,0,2,1.6,-0.00,0.284,0.284,0.40,0,26,0,36.8,184.9,186.6,233.2,0.00,0,12.1,1.8
57.40,land,351.88,-1.88,0.280,1,2448.8,-3301.4,-49.6,33.9,-13.18,9.84,231,232,-1,13.7,1.4,-0.4,6.6,-0.00,-0.00,0.00,0.00,0.00,0.00,16.55,0.51,81,-1,0,1,1.5,-0.00,0.280,0.282,0.45,0,26,0,36.8,184.9,186.6,233.2,0.00,0,11.9,2.1
57.50,land,351.94,-1.94,0.277,1,2448.8,-3301.4,-48.3,32.9,-13.18,9.84,231,232,-1,14.4,1.0,0.8,6.4,-0.01,-0.00,0.00,0.00,0.00,0.00,16.44,0.60,81,-1,0,1,1.5,-0.00,0.277,0.279,0.50,0,26,0,36.8,184.9,186.6,233.2,0.00,0,11.9,2.1
57.60,land,352.00,-2.00,0.273,1,2447.5,-3300.4,-47.0,31.9,-13.18,9.67,231,233,-1,15.0,0.6,2.0,6.2,-0.01,-0.00,0.00,0.00,0.00,0.00,16.34,0.65,81,-1,0,1,1.4,-0.01,0.273,0.276,0.55,0,26,0,35.8,187.6,190.4,234.4,0.00,0,11.6,2.4
57.70,land,352.06,-2.06,0.269,1,2444.9,-3298.6,-45.7,31.0,-13.01,9.23,232,233,-1,15.1,0.4,3.1,5.9,-0.01,0.01,0.00,0.00,0.00,0.00,16.04,0.67,81,-1,0,1,1.2,-0.01,0.269,0.275,0.61,0,26,0,35.8,187.6,190.4,234.4,0.00,0,11.1,2.7
57.80,land,352.13,-2.13,0.265,1,2443.6,-3297.7,-44.4,30.1,-12.83,8.96,232,233,-1,15.7,-0.0,4.2,5.7,-0.01,0.01,0.00,0.00,0.00,0.00,15.93,0.74,81,-1,0,0,1.2,-0.02,0.265,0.271,0.66,0,26,0,35.8,187.6,190.4,234.4,0.00,0,10.7,2.5
57.90,land,352.20,-2.20,0.263,1,2443.6,-3297.7,-43.1,29.2,-12.83,8.96,232,233,-1,15.7,-0.3,5.2,5.5,-0.00,0.01,0.00,0.00,0.00,0.00,15.63,0.78,81,-1,0,0,1.2,-0.02,0.263,0.266,0.68,0,26,0,35.8,187.6,190.4,234.4,0.00,0,10.7,2.5
58.00,land,352.26,-2.26,0.265,1,2442.3,-3296.8,-41.8,28.3,-12.74,8.79,233,234,-1,16.2,-0.5,6.2,5.3,0.01,-0.00,0.00,0.00,0.00,0.00,15.46,0.77,81,-1,0,-0,1.1,-0.02,0.265,0.268,0.61,0,26,0,34.9,189.5,193.5,235.3,0.00,0,9.9,2.0
58.10,land,352.30,-2.30,0.274,1,2441.0,-3295.9,-40.5,27.4,-12.66,8.61,233,234,-1,16.5,-0.8,7.1,5.1,0.01,-0.00,0.00,0.00,0.00,0.00,15.29,0.77,81,-1,0,-0,1.0,-0.03,0.274,0.279,0.41,0,26,0,34.9,189.5,193.5,235.3,0.00,0,9.3,1.7
58.20,land,352.32,-2.32,0.283,1,2439.8,-3295.1,-39.3,26.6,-12.48,8.35,233,234,-1,16.6,-1.0,8.0,4.9,0.00,0.00,0.00,0.00,0.00,0.00,14.99,0.80,81,-1,0,-1,1.0,-0.03,0.283,0.284,0.23,0,26,0,34.9,189.5,193.5,235.3,0.00,0,9.2,2.2
58.30,land,352.34,-2.34,0.284,1,2437.4,-3293.5,-38.1,25.8,-12.04,7.91,233,234,-1,16.5,-1.3,8.9,4.6,-0.01,0.01,0.00,0.00,0.00,0.00,14.70,0.84,81,-1,0,-1,1.0,-0.04,0.284,0.289,0.19,0,26,0,34.9,189.5,193.5,235.3,0.00,0,8.7,3.0
58.40,land,352.36,-2.36,0.281,1,2437.4,-3293.5,-36.9,25.0,-12.04,7.91,234,235,-1,16.5,-1.2,9.7,4.4,-0.01,0.01,0.02,0.00,0.00,0.00,14.39,0.73,81,-1,0,-1,1.0,-0.05,0.282,0.289,0.24,0,26,0,33.9,190.8,195.9,236.0,0.00,0,8.7,3.0
58.50,land,352.39,-2.39,0.279,1,2435.0,-3292.0,-35.7,24.2,-11.60,7.38,234,235,-1,16.4,-1.5,10.5,4.1,-0.01,0.02,0.04,0.00,0.00,0.00,14.10,0.76,81,-1,0,-2,0.9,-0.05,0.279,0.287,0.28,0,26,0,33.9,190.8,195.9,236.0,0.00,0,8.3,3.0
58.60,land,352.43,-2.43,0.276,1,2435.0,-3292.0,-34.5,23.5,-11.60,7.38,234,235,-1,16.2,-1.6,11.4,3.8,-0.01,0.02,0.06,0.00,0.00,0.00,13.73,0.75,81,-1,0,-2,0.9,-0.06,0.276,0.287,0.32,0,26,0,33.9,190.8,195.9,236.0,0.00,0,8.3,3.0
58.70,land,352.46,-2.46,0.273,1,2433.9,-3291.2,-33.4,22.7,-11.34,7.12,235,235,-1,15.9,-1.8,12.1,3.5,-0.01,0.03,0.09,0.00,0.00,0.00,13.37,0.75,81,-1,0,-2,0.8,-0.06,0.273,0.287,0.36,0,26,0,33.9,190.8,195.9,236.0,0.00,0,8.0,3.0
58.80,land,352.50,-2.50,0.272,1,2431.6,-3289.9,-32.2,22.0,-10.81,6.59,235,236,-1,15.6,-1.9,12.8,3.3,-0.00,0.03,0.11,0.00,0.00,0.00,13.00,0.73,81,-1,0,-3,0.2,-0.06,0.272,0.284,0.37,0,26,0,33.1,191.6,197.6,236.5,0.00,0,6.1,2.5
58.90,land,352.53,-2.53,0.275,1,2430.6,-3289.2,-31.1,21.4,-10.55,6.33,235,236,-1,15.3,-2.1,13.4,3.1,-0.00,0.01,0.12,0.00,0.00,0.00,12.64,0.73,81,-1,0,-3,-0.2,-0.06,0.275,0.281,0.30,0,26,0,33.1,191.6,197.6,236.5,0.00,0,4.3,2.5
59.00,land,352.55,-2.55,0.280,1,2430.6,-3289.2,-30.1,20.7,-10.55,6.33,236,236,-1,14.9,-2.3,13.8,2.8,-0.00,-0.00,0.13,0.00,0.00,0.00,12.28,0.74,81,-1,0,-3,-0.2,-0.06,0.280,0.283,0.19,0,26,0,33.1,191.6,197.6,236.5,0.00,0,4.3,2.5
59.10,land,352.56,-2.56,0.283,1,2428.5,-3288.0,-29.0,20.1,-9.93,5.89,236,236,-1,14.7,-2.3,14.1,2.5,-0.01,-0.01,0.14,0.00,0.00,0.00,11.96,0.68,81,-1,0,-3,-1.2,-0.05,0.283,0.292,0.12,0,26,0,33.1,191.6,197.6,236.5,0.00,0,2.4,2.5
59.20,land,352.58,-2.58,0.282,1,2428.5,-3288.0,-28.0,19.5,-9.93,5.89,236,236,-1,14.1,-2.3,14.3,2.3,-0.01,-0.01,0.15,0.00,0.00,0.00,11.53,0.66,81,-1,0,-4,-1.2,-0.05,0.282,0.291,0.15,0,26,0,33.0,191.6,197.5,236.3,0.00,0,2.4,2.5
59.30,land,352.60,-2.60,0.280,1,2427.6,-3287.5,-27.1,19.0,-9.67,5.63,236,236,-1,13.7,-2.5,14.5,2.0,-0.01,-0.01,0.15,0.00,0.00,0.00,11.16,0.70,81,-1,0,-4,-1.5,-0.05,0.280,0.290,0.17,0,26,0,33.0,191.6,197.5,236.3,0.00,0,1.9,2.5
59.40,land,352.63,-2.63,0.279,1,2426.6,-3286.9,-26.1,18.4,-9.32,5.36,236,236,-1,13.0,-2.6,14.7,1.7,-0.01,-0.01,0.16,0.00,0.00,0.00,10.73,0.70,81,-1,0,-4,-1.7,-0.04,0.279,0.288,0.20,0,26,0,33.0,191.6,197.5,236.3,0.00,0,1.6,2.6
59.50,land,352.65,-2.65,0.277,1,2424.8,-3285.9,-25.2,17.9,-8.70,4.92,236,236,-1,12.5,-2.8,14.8,1.4,-0.01,-0.01,0.16,0.00,0.00,0.00,10.36,0.75,81,-1,0,-4,-1.9,-0.05,0.277,0.285,0.22,0,26,0,33.0,191.6,197.5,236.3,0.00,0,1.1,2.6
59.60,land,352.68,-2.68,0.275,1,2424.8,-3285.9,-24.3,17.4,-8.70,4.92,236,235,-1,12.0,-2.7,14.9,1.1,-0.02,-0.00,0.16,0.00,0.00,0.00,9.97,0.70,81,-1,0,-4,-1.9,-0.04,0.275,0.283,0.25,0,26,0,33.5,191.0,196.4,235.6,0.00,0,1.1,2.6
59.70,land,352.72,-2.72,0.273,1,2424.0,-3285.4,-23.5,16.9,-8.44,4.66,236,235,-1,11.5,-3.0,15.0,0.7,-0.02,0.00,0.17,0.00,0.00,0.00,9.61,0.78,81,-1,0,-4,-1.9,-0.04,0.273,0.281,0.27,0,26,0,33.5,191.0,196.4,235.6,0.00,0,0.9,2.5
59.80,land,352.75,-2.75,0.272,1,2422.4,-3284.6,-22.7,16.5,-7.73,4.22,236,235,-1,10.8,-3.1,15.0,0.4,-0.02,0.01,0.17,0.00,0.00,0.00,9.17,0.80,81,-1,0,-4,-2.0,-0.04,0.272,0.283,0.30,0,26,0,33.5,191.0,196.4,235.6,0.00,0,0.3,2.4
59.90,land,352.78,-2.78,0.271,1,2422.4,-3284.6,-21.9,16.1,-7.73,4.22,236,235,-1,10.1,-3.1,15.1,0.2,-0.02,0.01,0.17,0.00,0.00,0.00,8.78,0.76,81,-1,0,-4,-2.0,-0.04,0.271,0.281,0.29,0,26,0,33.5,191.0,196.4,235.6,0.00,0,0.3,2.4
60.00,land,352.81,-2.81,0.273,1,2421.6,-3284.2,-21.1,15.7,-7.47,4.04,236,235,-1,9.7,-3.1,15.0,-0.0,-0.01,0.00,0.17,0.00,0.00,0.00,8.46,0.77,81,-1,0,-4,-2.2,-0.03,0.273,0.277,0.25,0,26,0,34.3,190.3,195.0,234.8,0.00,0,-0.4,1.6
60.10,land,352.83,-2.83,0.275,1,2420.2,-3283.4,-20.4,15.3,-6.86,3.60,236,235,-1,9.3,-3.2,14.9,-0.2,0.00,-0.00,0.16,0.00,0.00,0.00,8.14,0.79,81,-1,0,-4,-2.6,-0.03,0.275,0.278,0.20,0,26,0,34.3,190.3,195.0,234.8,0.00,0,-1.6,0.3
60.20,land,352.85,-2.85,0.275,1,2420.2,-3283.4,-19.7,14.9,-6.86,3.60,236,235,-1,8.4,-3.3,14.7,-0.3,0.01,-0.00,0.16,0.00,0.00,0.00,7.70,0.83,81,-1,0,-4,-2.6,-0.02,0.275,0.279,0.18,0,26,0,34.3,190.3,195.0,234.8,0.00,0,-1.6,0.3
60.30,land,352.88,-2.88,0.274,1,2419.6,-3283.1,-19.1,14.6,-6.59,3.43,236,235,-1,7.9,-3.4,14.5,-0.3,0.01,-0.00,0.15,0.00,0.00,0.00,7.38,0.84,81,-1,0,-4,-2.7,-0.02,0.274,0.277,0.21,0,26,0,34.3,190.3,195.0,234.8,0.00,0,-1.7,0.2
60.40,land,352.91,-2.91,0.272,1,2418.9,-3282.7,-18.4,14.2,-6.24,3.25,236,234,-1,7.2,-3.3,14.3,-0.4,0.01,0.00,0.14,0.00,0.00,0.00,6.99,0.82,81,-1,0,-3,-2.9,-0.01,0.272,0.277,0.23,0,26,0,35.4,189.9,193.8,233.7,0.00,0,-1.9,0.2
60.50,land,352.94,-2.94,0.270,1,2417.7,-3282.1,-17.8,13.9,-5.63,2.81,236,234,-1,6.5,-3.6,14.1,-0.5,0.01,0.01,0.14,0.00,0.00,0.00,6.62,0.91,81,-1,0,-3,-2.9,-0.01,0.270,0.278,0.26,0,26,0,35.4,189.9,193.8,233.7,0.00,0,-2.1,0.2
60.60,land,352.97,-2.97,0.268,1,2417.2,-3281.9,-17.2,13.6,-5.45,2.64,235,234,-1,5.7,-3.5,13.9,-0.6,0.01,0.01,0.13,0.00,0.00,0.00,6.23,0.88,81,-1,0,-3,-2.8,-0.00,0.268,0.277,0.29,0,26,0,35.4,189.9,193.8,233.7,0.00,0,-2.4,0.4
60.70,land,353.00,-3.00,0.267,1,2417.2,-3281.9,-16.7,13.4,-5.45,2.64,235,234,-1,5.3,-3.8,13.7,-0.7,0.00,0.01,0.12,0.00,0.00,0.00,5.98,0.94,81,-1,0,-3,-2.8,0.00,0.267,0.272,0.29,0,26,0,35.4,189.9,193.8,233.7,0.00,0,-2.4,0.4
60.80,land,353.03,-3.03,0.270,1,2416.7,-3281.6,-16.2,13.1,-5.10,2.46,235,232,-1,4.5,-3.7,13.3,-0.9,-0.00,-0.00,0.11,0.00,0.00,0.00,5.59,0.92,81,-1,0,-2,-2.8,0.01,0.270,0.271,0.22,0,26,0,36.6,189.1,192.2,232.6,0.00,0,-3.3,0.8
60.90,land,353.04,-3.04,0.275,1,2415.7,-3281.1,-15.7,12.9,-4.66,2.20,235,232,-1,4.2,-3.7,12.8,-1.0,-0.00,-0.02,0.09,0.00,0.00,0.00,5.39,0.92,81,-1,0,-2,-2.8,0.01,0.275,0.285,0.12,0,26,0,36.6,189.1,192.2,232.6,0.00,0,-5.4,0.9
61.00,land,353.05,-3.05,0.278,1,2415.3,-3280.9,-15.2,12.6,-4.39,2.11,234,232,-1,3.6,-3.7,12.2,-1.2,-0.00,-0.03,0.08,0.00,0.00,0.00,5.07,0.93,81,-1,0,-2,-2.7,0.02,0.278,0.291,0.06,0,26,0,36.6,189.1,192.2,232.6,0.00,0,-5.3,0.7
61.10,land,353.07,-3.07,0.277,1,2415.3,-3280.9,-14.8,12.4,-4.39,2.11,234,232,-1,3.0,-3.5,11.7,-1.3,-0.00,-0.02,0.06,0.00,0.00,0.00,4.80,0.87,81,-1,0,-2,-2.7,0.02,0.277,0.288,0.07,0,26,0,36.6,189.1,192.2,232.6,0.00,0,-5.3,0.7
61.20,land,353.07,-3.07,0.279,1,2414.4,-3280.5,-14.3,12.2,-3.96,1.76,234,231,-1,2.6,-3.7,11.3,-1.3,0.01,-0.02,0.04,0.00,0.00,0.00,4.54,0.94,81,-1,0,-1,-2.5,0.03,0.279,0.288,0.04,0,26,0,37.9,187.5,189.6,231.5,0.00,0,-4.3,-0.1
61.30,land,353.08,-3.08,0.279,1,2414.4,-3280.5,-13.9,12.0,-3.96,1.76,233,231,-1,1.8,-3.8,10.8,-1.4,0.01,-0.01,0.03,0.00,0.00,0.00,4.22,0.95,81,-1,0,-1,-2.5,0.03,0.279,0.287,0.04,0,26,0,37.9,187.5,189.6,231.5,0.00,0,-4.3,-0.1
61.40,land,353.10,-3.10,0.276,1,2414.1,-3280.4,-13.6,11.9,-3.69,1.67,233,231,-1,1.3,-3.6,10.4,-1.4,0.01,-0.01,0.02,0.00,0.00,0.00,3.95,0.88,81,-1,0,-1,-2.3,0.03,0.276,0.283,0.09,0,26,0,37.9,187.5,189.6,231.5,0.00,0,-4.3,-0.1
61.50,land,353.11,-3.11,0.274,1,2413.7,-3280.2,-13.2,11.7,-3.52,1.58,233,231,-1,0.9,-3.5,10.0,-1.5,0.01,-0.01,0.00,0.00,0.00,0.00,3.76,0.86,81,-1,0,-0,-2.2,0.04,0.274,0.280,0.13,0,26,0,37.9,187.5,189.6,231.5,0.00,0,-4.3,-0.0
61.60,land,353.14,-3.14,0.271,1,2413.0,-3279.9,-12.9,11.6,-3.16,1.32,232,230,-1,0.4,-3.7,9.5,-1.5,0.01,-0.01,0.00,0.00,0.00,0.00,3.50,0.92,81,-1,0,-0,-2.1,0.04,0.271,0.277,0.18,0,26,0,38.9,186.2,187.7,230.6,0.00,0,-4.5,0.1
61.70,land,353.16,-3.16,0.268,1,2412.7,-3279.8,-12.5,11.4,-2.99,1.23,232,230,-1,-0.0,-3.6,9.1,-1.5,0.01,-0.01,0.00,0.00,0.00,0.00,3.31,0.90,81,-1,0,0,-2.0,0.05,0.268,0.274,0.23,0,26,0,38.9,186.2,187.7,230.6,0.00,0,-4.3,0.4
61.80,land,353.19,-3.19,0.267,1,2412.7,-3279.8,-12.2,11.3,-2.99,1.23,232,230,-1,-0.4,-3.6,8.6,-1.6,0.00,-0.00,0.00,0.00,0.00,0.00,3.11,0.88,81,-1,0,1,-2.0,0.05,0.267,0.268,0.25,0,26,0,38.9,186.2,187.7,230.6,0.00,0,-4.3,0.4
61.90,land,353.22,-3.22,0.267,1,2412.5,-3279.7,-12.0,11.2,-2.81,1.05,232,230,-1,-1.0,-3.7,8.3,-1.8,-0.01,0.01,0.00,0.00,0.00,0.00,2.86,0.92,81,-1,0,1,-2.0,0.06,0.267,0.273,0.23,0,26,0,38.9,186.2,187.7,230.6,0.00,0,-3.8,1.0
62.00,land,353.24,-3.24,0.269,1,2412.0,-3279.5,-11.7,11.1,-2.46,0.88,231,229,-1,-1.3,-3.4,8.0,-1.9,-0.02,0.02,0.00,0.00,0.00,0.00,2.72,0.83,81,-1,0,1,-1.9,0.06,0.269,0.284,0.18,0,26,0,39.8,184.7,185.7,229.8,0.00,0,-2.7,1.2
62.10,land,353.25,-3.25,0.272,1,2412.0,-3279.5,-11.5,11.0,-2.46,0.88,231,229,-1,-1.9,-3.5,7.7,-2.1,-0.01,0.02,0.00,0.00,0.00,0.00,2.47,0.87,81,-1,0,1,-1.9,0.07,0.272,0.286,0.12,0,26,0,39.8,184.7,185.7,229.8,0.00,0,-2.7,1.2
62.20,land,353.27,-3.27,0.273,1,2411.7,-3279.4,-11.2,10.9,-2.29,0.88,231,229,-1,-2.2,-3.3,7.3,-2.1,-0.00,0.01,0.00,0.00,0.00,0.00,2.33,0.77,81,-1,0,2,-1.8,0.07,0.273,0.280,0.10,0,26,0,39.8,184.7,185.7,229.8,0.00,0,-3.4,0.6
62.30,land,353.27,-3.27,0.274,1,2411.5,-3279.3,-11.0,10.8,-2.11,0.88,230,229,-1,-2.5,-3.0,6.8,-2.1,0.01,-0.00,0.00,0.00,0.00,0.00,2.19,0.66,81,-1,0,2,-1.4,0.07,0.274,0.277,0.08,0,26,0,39.8,184.7,185.7,229.8,0.00,0,-4.3,-0.1
62.40,land,353.28,-3.28,0.274,1,2411.1,-3279.2,-10.8,10.8,-1.76,0.70,230,229,-1,-3.1,-3.1,6.3,-2.0,0.02,-0.01,0.00,0.00,0.00,0.00,1.94,0.70,81,-1,0,2,-0.3,0.06,0.275,0.289,0.06,0,26,0,40.4,183.4,184.0,229.3,0.00,0,-6.0,-1.5
62.50,land,353.29,-3.29,0.274,1,2411.0,-3279.1,-10.6,10.7,-1.67,0.70,230,229,-1,-3.4,-2.7,5.6,-1.8,0.03,-0.02,0.00,0.00,0.00,0.00,1.80,0.59,81,-1,0,2,0.2,0.05,0.274,0.294,0.07,0,26,0,40.4,183.4,184.0,229.3,0.00,0,-6.1,-1.3
62.60,land,353.30,-3.30,0.272,1,2410.8,-3279.1,-10.5,10.6,-1.58,0.53,230,229,-1,-3.5,-2.6,5.0,-1.7,0.02,-0.03,0.00,0.00,0.00,0.00,1.73,0.54,81,-1,0,3,0.9,0.05,0.272,0.291,0.10,0,26,0,40.4,183.4,184.0,229.3,0.00,0,-5.6,-0.5
62.70,land,353.31,-3.31,0.273,1,2410.6,-3279.0,-10.3,10.6,-1.41,0.53,230,229,-1,-4.0,-2.9,4.5,-1.7,0.01,-0.02,0.00,0.00,0.00,0.00,1.55,0.62,81,-1,0,3,1.7,0.04,0.273,0.285,0.09,0,26,0,40.4,183.4,184.0,229.3,0.00,0,-5.1,0.4
62.80,land,353.32,-3.32,0.273,1,2410.5,-3279.0,-10.1,10.5,-1.41,0.53,229,229,-1,-4.3,-2.6,4.0,-1.7,-0.00,-0.01,0.00,0.00,0.00,0.00,1.41,0.51,81,-1,0,3,2.5,0.02,0.273,0.278,0.08,0,26,0,40.2,181.7,182.0,229.7,0.00,0,-4.2,1.3
62.90,land,353.33,-3.33,0.273,1,2410.5,-3279.0,-10.0,10.5,-1.41,0.53,229,229,-1,-4.3,-2.6,3.6,-1.9,-0.02,-0.00,0.00,0.00,0.00,0.00,1.41,0.52,81,-1,0,3,2.5,0.01,0.273,0.281,0.07,0,26,0,40.2,181.7,182.0,229.7,0.00,0,-4.2,1.3
63.00,land,353.34,-3.34,0.272,1,2410.4,-3278.9,-9.9,10.4,-1.32,0.53,229,229,-1,-4.4,-2.4,3.3,-2.0,-0.03,0.00,0.00,0.00,0.00,0.00,1.34,0.46,81,-1,0,3,3.1,0.00,0.272,0.285,0.09,0,26,0,40.2,181.7,182.0,229.7,0.00,0,-3.8,2.0
63.10,land,353.35,-3.35,0.272,1,2410.1,-3278.8,-9.7,10.4,-1.23,0.53,229,229,-1,-4.5,-2.3,2.9,-2.2,-0.02,0.00,0.00,0.00,0.00,0.00,1.28,0.40,81,-1,0,3,3.7,-0.00,0.272,0.281,0.10,0,26,0,40.2,181.7,182.0,229.7,0.00,0,-3.8,0.6
63.20,land,353.35,-3.35,0.276,1,2410.1,-3278.8,-9.6,10.3,-1.23,0.53,229,230,-1,-4.5,-2.3,2.5,-2.2,-0.01,-0.00,0.00,0.00,0.00,0.00,1.28,0.40,81,-1,0,3,3.7,-0.01,0.276,0.279,0.01,0,26,0,38.9,179.9,179.9,231.1,0.00,0,-3.8,0.6
63.30,land,353.34,-3.34,0.280,1,2410.0,-3278.7,-9.5,10.2,-1.05,0.53,229,230,-1,-4.8,-2.0,2.2,-2.1,0.01,-0.00,0.00,0.00,0.00,0.00,1.14,0.28,81,-1,0,3,3.7,-0.01,0.280,0.284,-0.07,0,26,0,38.9,179.9,179.9,231.1,0.00,0,-3.8,-0.5
63.40,land,353.33,-3.33,0.281,1,2409.9,-3278.7,-9.4,10.2,-1.05,0.53,230,230,-1,-4.7,-2.0,1.8,-2.0,0.01,-0.01,0.00,0.00,0.00,0.00,1.14,0.28,81,-1,0,3,3.7,-0.02,0.281,0.290,-0.09,0,26,0,38.9,179.9,179.9,231.1,0.00,0,-3.9,-1.2
63.50,land,353.33,-3.33,0.278,1,2409.8,-3278.6,-9.3,10.1,-0.97,0.53,230,230,-1,-4.9,-1.9,1.4,-1.8,0.01,-0.01,0.00,0.00,0.00,0.00,1.08,0.22,81,-1,0,3,3.8,-0.02,0.278,0.287,-0.03,0,26,0,38.9,179.9,179.9,231.1,0.00,0,-4.0,-1.1
63.60,land,353.33,-3.33,0.275,1,2409.7,-3278.6,-9.2,10.1,-0.88,0.53,230,232,-1,-5.0,-1.8,1.0,-1.7,0.01,-0.01,0.00,0.00,0.00,0.00,1.01,0.16,81,-1,0,3,3.8,-0.02,0.275,0.285,0.04,0,26,0,37.4,179.1,178.8,232.6,0.00,0,-4.1,-1.0
63.70,land,353.35,-3.35,0.271,1,2409.6,-3278.5,-9.1,10.0,-0.88,0.53,230,232,-1,-4.9,-1.8,0.6,-1.6,0.01,-0.02,0.00,0.00,0.00,0.00,1.01,0.16,81,-1,0,2,3.7,-0.03,0.271,0.284,0.10,0,26,0,37.4,179.1,178.8,232.6,0.00,0,-4.1,-1.0
63.80,land,353.36,-3.36,0.269,1,2409.6,-3278.5,-9.1,10.0,-0.88,0.53,230,232,-1,-4.9,-1.8,0.2,-1.6,0.01,-0.02,0.00,0.00,0.00,0.00,1.01,0.15,81,-1,0,2,3.7,-0.03,0.269,0.280,0.14,0,26,0,37.4,179.1,178.8,232.6,0.00,0,-4.0,-0.7
63.90,land,353.37,-3.37,0.269,1,2409.4,-3278.4,-9.0,9.9,-0.70,0.53,231,232,-1,-4.8,-1.9,-0.1,-1.6,-0.00,-0.02,0.00,0.00,0.00,0.00,1.01,0.15,81,-1,0,2,3.7,-0.04,0.269,0.276,0.13,0,26,0,37.4,179.1,178.8,232.6,0.00,0,-2.9,0.3
64.00,land,353.38,-3.38,0.271,1,2409.3,-3278.3,-8.9,9.9,-0.70,0.53,231,233,-1,-5.2,-1.6,-0.3,-1.6,-0.01,-0.00,0.00,0.00,0.00,0.00,0.88,0.03,81,-1,0,1,3.7,-0.04,0.271,0.275,0.10,0,26,0,35.9,178.2,177.5,234.1,0.00,0,-1.8,0.3
64.10,land,353.38,-3.38,0.275,1,2409.3,-3278.3,-8.8,9.8,-0.70,0.53,231,233,-1,-5.1,-1.6,-0.5,-1.6,-0.01,0.01,0.00,0.00,0.00,0.00,0.88,0.03,81,-1,0,1,3.7,-0.05,0.275,0.284,0.01,0,26,0,35.9,178.2,177.5,234.1,0.00,0,-1.8,0.3
64.20,land,353.38,-3.38,0.276,1,2409.3,-3278.3,-8.8,9.8,-0.70,0.53,232,233,-1,-5.1,-1.6,-0.6,-1.7,-0.01,0.02,0.00,0.00,0.00,0.00,0.88,0.02,81,-1,0,1,3.6,-0.05,0.276,0.287,-0.01,0,26,0,35.9,178.2,177.5,234.1,0.00,0,-1.2,0.3
64.30,land,353.38,-3.38,0.274,1,2409.2,-3278.2,-8.7,9.7,-0.70,0.53,232,233,-1,-5.0,-1.6,-0.8,-1.7,-0.01,0.01,0.00,0.00,0.00,0.00,0.88,0.02,81,-1,0,1,3.5,-0.06,0.274,0.279,0.03,0,26,0,35.9,178.2,177.5,234.1,0.00,0,-1.5,0.1
64.40,land,353.38,-3.38,0.275,1,2409.0,-3278.1,-8.6,9.7,-0.70,0.70,232,235,-1,-4.6,-1.3,-1.0,-1.6,-0.00,-0.01,0.00,0.00,0.00,0.00,0.99,-0.12,81,-1,0,0,3.3,-0.06,0.275,0.279,0.02,0,26,0,34.5,177.7,176.7,235.6,0.00,0,-3.0,-0.8
64.50,land,353.39,-3.39,0.274,1,2409.0,-3278.1,-8.5,9.6,-0.70,0.70,233,235,-1,-4.6,-1.3,-1.3,-1.5,0.00,-0.02,0.00,0.00,0.00,0.00,0.99,-0.13,81,-1,0,-0,3.3,-0.07,0.274,0.283,0.04,0,26,0,34.5,177.7,176.7,235.6,0.00,0,-3.0,-0.8
64.60,land,353.40,-3.40,0.270,1,2408.9,-3277.9,-8.5,9.5,-0.70,0.70,233,235,-1,-4.5,-1.3,-1.6,-1.5,0.00,-0.03,0.00,0.00,0.00,0.00,0.99,-0.14,81,-1,0,-0,2.9,-0.07,0.270,0.283,0.10,0,26,0,34.5,177.7,176.7,235.6,0.00,0,-2.9,-0.7
64.70,land,353.41,-3.41,0.269,1,2408.8,-3277.9,-8.4,9.4,-0.70,0.70,233,235,-1,-4.5,-1.3,-1.9,-1.4,0.00,-0.02,0.00,0.00,0.00,0.00,0.98,-0.14,81,-1,0,-1,2.8,-0.07,0.269,0.279,0.12,0,26,0,34.5,177.7,176.7,235.6,0.00,0,-1.8,-0.7
64.80,land,353.41,-3.41,0.273,1,2408.8,-3277.9,-8.3,9.4,-0.70,0.70,234,236,-1,-4.4,-1.3,-2.0,-1.4,0.00,-0.01,0.00,0.00,0.00,0.00,0.98,-0.15,81,-1,0,-1,2.8,-0.08,0.273,0.277,0.03,0,26,0,33.3,177.3,176.0,236.7,0.00,0,-1.8,-0.7
64.90,land,353.40,-3.40,0.278,1,2408.8,-3277.8,-8.3,9.3,-0.70,0.70,234,236,-1,-4.4,-1.4,-2.0,-1.3,0.00,0.01,0.00,0.00,0.00,0.00,0.98,-0.15,81,-1,0,-1,2.3,-0.07,0.278,0.285,-0.05,0,26,0,33.3,177.3,176.0,236.7,0.00,0,-0.4,-0.6
65.00,land,353.39,-3.39,0.279,1,2408.6,-3277.6,-8.2,9.2,-0.70,0.88,234,236,-1,-4.0,-0.9,-1.9,-1.2,-0.00,0.02,0.00,0.00,0.00,0.00,1.08,-0.30,81,-1,0,-2,1.7,-0.07,0.279,0.287,-0.07,0,26,0,33.3,177.3,176.0,236.7,0.00,0,0.6,-0.6
65.10,land,353.39,-3.39,0.276,1,2408.6,-3277.6,-8.1,9.1,-0.70,0.88,234,236,-1,-3.9,-0.9,-1.9,-1.2,-0.00,0.02,0.00,0.00,0.00,0.00,1.08,-0.31,81,-1,0,-2,1.7,-0.07,0.276,0.284,-0.01,0,26,0,33.3,177.3,176.0,236.7,0.00,0,0.6,-0.6
65.20,land,353.40,-3.40,0.272,1,2408.5,-3277.5,-8.0,9.0,-0.70,0.88,235,236,-1,-3.9,-0.9,-1.9,-1.2,-0.00,0.02,0.00,0.00,0.00,0.00,1.08,-0.31,81,-1,0,-2,1.2,-0.07,0.272,0.279,0.06,0,26,0,32.6,177.7,176.3,237.4,0.00,0,0.3,-0.5
65.30,land,353.41,-3.41,0.269,1,2408.4,-3277.4,-8.0,9.0,-0.70,0.88,235,236,-1,-3.8,-0.9,-1.9,-1.1,-0.00,0.01,0.00,0.00,0.00,0.00,1.08,-0.32,81,-1,0,-3,0.2,-0.06,0.269,0.272,0.12,0,26,0,32.6,177.7,176.3,237.4,0.00,0,-1.0,-0.4
65.40,land,353.42,-3.42,0.268,1,2408.4,-3277.4,-7.9,8.9,-0.70,0.88,235,236,-1,-3.7,-0.9,-2.0,-1.1,-0.00,-0.01,0.00,0.00,0.00,0.00,1.08,-0.32,81,-1,0,-3,0.2,-0.06,0.268,0.273,0.13,0,26,0,32.6,177.7,176.3,237.4,0.00,0,-1.0,-0.4
65.50,land,353.43,-3.43,0.272,1,2408.3,-3277.2,-7.8,8.8,-0.70,1.05,235,236,-1,-3.5,-0.7,-2.3,-1.0,-0.00,-0.04,0.00,0.00,0.00,0.00,1.13,-0.40,81,-1,0,-3,-0.5,-0.05,0.272,0.289,0.05,0,26,0,32.6,177.7,176.3,237.4,0.00,0,-3.1,-0.3
65.60,land,353.42,-3.42,0.276,1,2408.3,-3277.2,-7.8,8.7,-0.70,1.05,236,236,-1,-3.3,-0.5,-2.6,-1.0,-0.01,-0.05,0.00,0.00,0.00,0.00,1.18,-0.47,81,-1,0,-3,-0.5,-0.05,0.276,0.296,-0.03,0,26,0,32.6,177.3,175.8,237.4,0.00,0,-3.1,-0.3
65.70,land,353.41,-3.41,0.280,1,2408.2,-3277.1,-7.7,8.6,-0.88,1.05,236,236,-1,-2.8,-0.8,-2.8,-1.0,-0.00,-0.04,0.00,0.00,0.00,0.00,1.32,-0.38,81,-1,0,-3,-0.7,-0.05,0.280,0.296,-0.11,0,26,0,32.6,177.3,175.8,237.4,0.00,0,-2.3,-0.3
65.80,land,353.38,-3.38,0.285,1,2408.0,-3276.9,-7.6,8.5,-0.88,1.05,236,236,-1,-2.7,-0.7,-2.9,-0.9,-0.00,-0.02,0.00,0.00,0.00,0.00,1.32,-0.38,81,-1,0,-3,-1.3,-0.05,0.285,0.295,-0.19,0,26,0,32.6,177.3,175.8,237.4,0.00,0,0.2,-0.2
65.90,land,353.35,-3.35,0.289,1,2408.0,-3276.9,-7.5,8.4,-0.88,1.05,236,236,-1,-2.7,-0.7,-2.8,-0.9,-0.00,-0.00,0.00,0.00,0.00,0.00,1.32,-0.38,81,-1,0,-3,-1.3,-0.04,0.289,0.292,-0.27,0,26,0,32.6,177.3,175.8,237.4,0.00,0,0.2,-0.2
66.00,land,353.33,-3.33,0.291,1,2407.9,-3276.7,-7.4,8.2,-0.88,1.05,236,236,-1,-2.6,-0.7,-2.7,-0.9,-0.00,0.01,0.00,0.00,0.00,0.00,1.32,-0.38,81,-1,0,-3,-1.9,-0.03,0.291,0.295,-0.29,0,26,0,33.1,177.4,175.9,236.9,0.00,0,1.1,-0.2
66.10,land,353.30,-3.30,0.288,1,2407.8,-3276.6,-7.3,8.1,-0.88,1.23,236,236,-1,-2.2,-0.2,-2.6,-0.9,-0.01,0.01,0.00,0.00,0.00,0.00,1.42,-0.53,81,-1,0,-3,-2.2,-0.03,0.288,0.294,-0.23,0,26,0,33.1,177.4,175.9,236.9,0.00,0,1.3,-0.1
66.20,land,353.29,-3.29,0.285,1,2407.6,-3276.4,-7.2,8.0,-1.05,1.23,236,236,-1,-1.7,-0.5,-2.4,-0.8,-0.01,0.01,0.00,0.00,0.00,0.00,1.56,-0.43,81,-1,0,-3,-2.7,-0.02,0.285,0.289,-0.16,0,26,0,33.1,177.4,175.9,236.9,0.00,0,1.4,-0.1
66.30,land,353.28,-3.28,0.282,1,2407.5,-3276.3,-7.1,7.9,-1.05,1.23,236,236,-1,-1.6,-0.5,-2.3,-0.8,-0.01,0.01,0.00,0.00,0.00,0.00,1.56,-0.43,81,-1,0,-3,-2.9,-0.02,0.282,0.287,-0.10,0,26,0,33.1,177.4,175.9,236.9,0.00,0,1.4,-0.1
66.40,land,353.28,-3.28,0.279,1,2407.5,-3276.3,-7.0,7.8,-1.05,1.23,236,235,-1,-1.5,-0.4,-2.2,-0.8,-0.01,0.00,0.00,0.00,0.00,0.00,1.56,-0.42,81,-1,0,-3,-2.9,-0.01,0.279,0.284,-0.03,0,26,0,34.2,177.7,176.7,235.8,0.00,0,1.4,-0.1
66.50,land,353.29,-3.29,0.276,1,2407.3,-3276.0,-6.9,7.6,-1.05,1.41,236,235,-1,-1.4,-0.4,-2.0,-0.8,-0.01,0.00,0.00,0.00,0.00,0.00,1.57,-0.42,81,-1,0,-3,-3.0,-0.00,0.276,0.280,0.03,0,26,0,34.2,177.7,176.7,235.8,0.00,0,1.2,0.0
66.60,land,353.30,-3.30,0.272,1,2407.3,-3276.0,-6.8,7.5,-1.05,1.41,235,235,-1,-1.0,0.1,-1.9,-0.8,-0.01,-0.00,0.00,0.00,0.00,0.00,1.67,-0.56,81,-1,0,-3,-3.0,-0.00,0.272,0.278,0.10,0,26,0,34.2,177.7,176.7,235.8,0.00,0,1.2,0.0
66.70,land,353.31,-3.31,0.269,1,2407.2,-3275.9,-6.7,7.4,-1.05,1.41,235,235,-1,-0.9,0.1,-1.8,-0.8,-0.01,-0.00,0.00,0.00,0.00,0.00,1.67,-0.56,81,-1,0,-3,-3.0,0.00,0.269,0.275,0.16,0,26,0,34.2,177.7,176.7,235.8,0.00,0,1.1,0.1
66.80,land,353.34,-3.34,0.265,1,2407.0,-3275.6,-6.6,7.2,-1.05,1.41,235,234,-1,-0.8,0.1,-1.7,-0.8,-0.01,-0.01,0.00,0.00,0.00,0.00,1.67,-0.55,81,-1,0,-3,-2.9,0.01,0.265,0.273,0.23,0,26,0,35.4,178.0,177.2,234.6,0.00,0,0.8,-0.3
66.90,land,353.36,-3.36,0.264,1,2406.9,-3275.4,-6.5,7.1,-1.05,1.41,235,234,-1,-0.7,0.2,-1.7,-0.7,-0.00,-0.01,0.00,0.00,0.00,0.00,1.67,-0.54,81,-1,0,-2,-2.9,0.01,0.264,0.269,0.23,0,26,0,35.4,178.0,177.2,234.6,0.00,0,0.7,-1.4
67.00,land,353.37,-3.37,0.268,1,2406.8,-3275.3,-6.4,6.9,-1.05,1.41,235,234,-1,-0.6,0.2,-1.6,-0.5,0.01,-0.01,0.00,0.00,0.00,0.00,1.67,-0.54,81,-1,0,-2,-2.9,0.01,0.268,0.277,0.15,0,26,0,35.4,178.0,177.2,234.6,0.00,0,0.8,-2.3
67.10,land,353.37,-3.37,0.273,1,2406.8,-3275.3,-6.3,6.8,-1.05,1.41,235,234,-1,-0.5,0.2,-1.5,-0.3,0.03,-0.01,0.00,0.00,0.00,0.00,1.67,-0.53,81,-1,0,-2,-2.9,0.02,0.273,0.287,0.05,0,26,0,35.4,178.0,177.2,234.6,0.00,0,0.8,-2.3
67.20,land,353.35,-3.35,0.280,1,2406.7,-3275.2,-6.2,6.7,-1.05,1.41,234,232,-1,-0.4,0.3,-1.4,-0.1,0.02,-0.01,0.00,0.00,0.00,0.00,1.68,-0.52,81,-1,0,-2,-3.0,0.02,0.280,0.290,-0.08,0,26,0,36.6,178.9,178.5,233.4,0.00,0,1.0,-2.3
67.30,land,353.33,-3.33,0.284,1,2406.5,-3274.9,-6.1,6.5,-1.23,1.41,234,232,-1,-0.3,0.3,-1.3,-0.0,0.00,-0.01,0.00,0.00,0.00,0.00,1.68,-0.52,81,-1,0,-2,-2.8,0.02,0.284,0.288,-0.16,0,26,0,36.6,178.9,178.5,233.4,0.00,0,0.7,-0.2
67.40,land,353.32,-3.32,0.285,1,2406.5,-3274.9,-6.0,6.4,-1.23,1.41,234,232,-1,0.2,0.0,-1.3,0.0,-0.00,-0.01,0.00,0.00,0.00,0.00,1.82,-0.41,81,-1,0,-1,-2.8,0.03,0.285,0.292,-0.18,0,26,0,36.6,178.9,178.5,233.4,0.00,0,0.7,-0.2
67.50,land,353.31,-3.31,0.282,1,2406.2,-3274.6,-5.8,6.2,-1.23,1.41,234,232,-1,0.3,0.0,-1.2,0.0,-0.00,-0.02,0.00,0.00,0.00,0.00,1.83,-0.40,81,-1,0,-1,-2.9,0.03,0.282,0.290,-0.12,0,26,0,36.6,178.9,178.5,233.4,0.00,0,0.4,-0.1
67.60,land,353.30,-3.30,0.279,1,2406.1,-3274.4,-5.7,6.1,-1.23,1.41,233,231,-1,0.5,0.1,-1.2,0.1,-0.00,-0.02,0.00,0.00,0.00,0.00,1.83,-0.39,81,-1,0,-1,-2.7,0.04,0.279,0.289,-0.05,0,26,0,37.7,179.2,178.9,232.3,0.00,0,0.3,-0.1
67.70,land,353.31,-3.31,0.276,1,2406.1,-3274.4,-5.6,5.9,-1.23,1.41,233,231,-1,0.6,0.1,-1.2,0.1,-0.00,-0.02,0.00,0.00,0.00,0.00,1.83,-0.38,81,-1,0,-0,-2.7,0.04,0.276,0.287,0.02,0,26,0,37.7,179.2,178.9,232.3,0.00,0,0.3,-0.1
67.80,land,353.32,-3.32,0.272,1,2406.0,-3274.3,-5.5,5.8,-1.23,1.41,233,231,-1,0.7,0.1,-1.1,0.1,-0.00,-0.03,0.00,0.00,0.00,0.00,1.83,-0.37,81,-1,0,-0,-2.7,0.05,0.272,0.284,0.08,0,26,0,37.7,179.2,178.9,232.3,0.00,0,0.2,-0.1
67.90,land,353.33,-3.33,0.270,1,2405.8,-3274.2,-5.3,5.7,-1.23,1.41,232,231,-1,0.8,0.1,-1.1,0.1,0.00,-0.02,0.00,0.00,0.00,0.00,1.83,-0.37,81,-1,0,-0,-2.5,0.05,0.270,0.278,0.12,0,26,0,37.7,179.2,178.9,232.3,0.00,0,0.5,-0.2
68.00,land,353.33,-3.33,0.272,1,2405.6,-3273.9,-5.2,5.5,-1.23,1.41,232,230,-1,0.9,0.1,-0.9,0.2,0.00,-0.00,0.00,0.00,0.00,0.00,1.83,-0.36,81,-1,0,0,-1.7,0.05,0.272,0.274,0.08,0,26,0,38.6,179.5,179.3,231.4,0.00,0,2.8,-0.5
68.10,land,353.33,-3.33,0.276,1,2405.6,-3273.9,-5.1,5.4,-1.23,1.41,232,230,-1,1.0,0.2,-0.6,0.2,0.00,0.02,0.00,0.00,0.00,0.00,1.84,-0.35,81,-1,0,1,-1.7,0.04,0.276,0.285,0.00,0,26,0,38.6,179.5,179.3,231.4,0.00,0,2.8,-0.5
68.20,land,353.33,-3.33,0.277,1,2405.4,-3273.6,-5.0,5.2,-1.23,1.41,232,230,-1,1.1,0.2,-0.2,0.3,0.00,0.03,0.00,0.00,0.00,0.00,1.84,-0.34,81,-1,0,1,-0.9,0.04,0.277,0.291,-0.02,0,26,0,38.6,179.5,179.3,231.4,0.00,0,3.7,-0.2
68.30,land,353.33,-3.33,0.275,1,2405.2,-3273.5,-4.9,5.1,-1.23,1.41,231,230,-1,1.3,0.2,0.1,0.3,-0.00,0.03,0.00,0.00,0.00,0.00,1.84,-0.33,81,-1,0,1,-0.5,0.04,0.275,0.288,0.02,0,26,0,38.6,179.5,179.3,231.4,0.00,0,2.6,0.2
68.40,land,353.33,-3.33,0.277,1,2405.2,-3273.5,-4.7,5.0,-1.23,1.41,231,230,-1,1.4,0.2,0.3,0.3,-0.01,0.01,0.00,0.00,0.00,0.00,1.84,-0.33,81,-1,0,1,-0.5,0.03,0.277,0.285,-0.02,0,26,0,39.0,180.6,180.7,231.0,0.00,0,2.6,0.2
68.50,land,353.32,-3.32,0.281,1,2405.1,-3273.3,-4.6,4.8,-1.23,1.41,231,230,-1,1.5,0.2,0.4,0.3,-0.01,-0.01,0.00,0.00,0.00,0.00,1.84,-0.32,81,-1,0,1,-0.1,0.03,0.281,0.289,-0.10,0,26,0,39.0,180.6,180.7,231.0,0.00,0,0.9,0.2
68.60,land,353.31,-3.31,0.283,1,2404.9,-3273.0,-4.5,4.7,-1.23,1.41,231,230,-1,1.6,0.2,0.4,0.2,-0.01,-0.03,0.00,0.00,0.00,0.00,1.84,-0.32,81,-1,0,2,0.6,0.03,0.283,0.297,-0.12,0,26,0,39.0,180.6,180.7,231.0,0.00,0,-0.3,0.3
68.70,land,353.30,-3.30,0.279,1,2404.7,-3272.9,-4.4,4.5,-1.23,1.41,231,230,-1,1.7,0.2,0.4,0.2,-0.01,-0.03,0.00,0.00,0.00,0.00,1.84,-0.31,81,-1,0,2,0.8,0.02,0.279,0.296,-0.05,0,26,0,39.0,180.6,180.7,231.0,0.00,0,-0.6,0.3
68.80,land,353.31,-3.31,0.276,1,2404.7,-3272.9,-4.2,4.4,-1.23,1.41,231,230,-1,1.8,0.3,0.3,0.2,-0.01,-0.04,0.00,0.00,0.00,0.00,1.84,-0.31,81,-1,0,2,0.8,0.02,0.276,0.295,0.01,0,26,0,38.8,180.4,180.5,231.2,0.00,0,-0.6,0.3
68.90,land,353.31,-3.31,0.274,1,2404.5,-3272.6,-4.1,4.3,-1.23,1.23,231,230,-1,1.9,0.3,0.3,0.2,-0.01,-0.03,0.00,0.00,0.00,0.00,1.84,-0.31,81,-1,0,2,1.8,0.01,0.274,0.290,0.05,0,26,0,38.8,180.4,180.5,231.2,0.00,0,0.6,-0.2
69.00,land,353.31,-3.31,0.276,1,2404.4,-3272.5,-4.0,4.1,-1.23,1.23,231,230,-1,1.7,-0.1,0.4,0.2,-0.00,-0.01,0.00,0.00,0.00,0.00,1.73,-0.17,81,-1,0,2,2.0,0.00,0.276,0.281,0.02,0,26,0,38.8,180.4,180.5,231.2,0.00,0,1.8,-0.1
69.10,land,353.30,-3.30,0.280,1,2404.4,-3272.5,-3.9,4.0,-1.23,1.23,230,230,-1,1.8,-0.1,0.6,0.2,-0.00,0.01,0.00,0.00,0.00,0.00,1.73,-0.17,81,-1,0,2,2.0,-0.00,0.280,0.284,-0.06,0,26,0,38.8,180.4,180.5,231.2,0.00,0,1.8,-0.1
69.20,land,353.29,-3.29,0.281,1,2404.1,-3272.3,-3.7,3.9,-1.05,1.23,231,231,-1,1.9,-0.1,0.9,0.2,-0.00,0.02,0.00,0.00,0.00,0.00,1.73,-0.17,81,-1,0,2,2.8,-0.01,0.281,0.290,-0.09,0,26,0,38.0,180.9,181.1,232.0,0.00,0,3.0,-0.0
69.30,land,353.29,-3.29,0.278,1,2404.0,-3272.1,-3.6,3.8,-1.05,1.23,231,231,-1,1.6,0.3,1.1,0.2,-0.01,0.03,0.00,0.00,0.00,0.00,1.60,-0.28,81,-1,0,2,3.0,-0.02,0.278,0.291,-0.02,0,26,0,38.0,180.9,181.1,232.0,0.00,0,2.9,0.0
69.40,land,353.30,-3.30,0.274,1,2404.0,-3272.1,-3.5,3.6,-1.05,1.23,231,231,-1,1.7,0.3,1.4,0.2,-0.01,0.03,0.00,0.00,0.00,0.00,1.60,-0.28,81,-1,0,2,3.0,-0.02,0.274,0.288,0.05,0,26,0,38.0,180.9,181.1,232.0,0.00,0,2.9,0.0
69.50,land,353.31,-3.31,0.272,1,2403.9,-3272.0,-3.4,3.5,-1.05,1.23,231,231,-1,1.8,0.3,1.7,0.2,-0.00,0.02,0.00,0.00,0.00,0.00,1.60,-0.28,81,-1,0,2,2.9,-0.02,0.272,0.282,0.08,0,26,0,38.0,180.9,181.1,232.0,0.00,0,2.5,-0.1
69.60,land,353.31,-3.31,0.274,1,2403.8,-3271.9,-3.3,3.4,-1.05,1.23,231,232,-1,1.9,0.3,1.8,0.3,0.00,0.00,0.00,0.00,0.00,0.00,1.59,-0.29,81,-1,0,2,2.8,-0.03,0.274,0.276,0.05,0,26,0,36.9,181.6,182.2,233.1,0.00,0,1.5,-0.5
69.70,land,353.30,-3.30,0.278,1,2403.6,-3271.7,-3.2,3.3,-1.05,1.05,231,232,-1,1.8,0.1,1.7,0.4,0.00,-0.02,0.00,0.00,0.00,0.00,1.54,-0.23,81,-1,0,1,2.5,-0.03,0.278,0.287,-0.03,0,26,0,36.9,181.6,182.2,233.1,0.00,0,-1.1,-0.4
69.80,land,353.30,-3.30,0.279,1,2403.6,-3271.7,-3.1,3.2,-1.05,1.05,231,232,-1,1.8,-0.1,1.6,0.4,0.01,-0.03,0.00,0.00,0.00,0.00,1.48,-0.16,81,-1,0,1,2.5,-0.03,0.279,0.293,-0.06,0,26,0,36.9,181.6,182.2,233.1,0.00,0,-1.1,-0.4
69.90,land,353.30,-3.30,0.276,1,2403.5,-3271.6,-3.0,3.1,-0.88,1.05,231,232,-1,1.4,0.3,1.5,0.4,0.00,-0.03,0.00,0.00,0.00,0.00,1.34,-0.28,81,-1,0,1,2.2,-0.02,0.276,0.289,0.01,0,26,0,36.9,181.6,182.2,233.1,0.00,0,-1.2,-0.3
70.00,land,353.30,-3.30,0.274,1,2403.4,-3271.5,-2.9,3.0,-0.88,1.05,232,233,-1,1.5,0.3,1.4,0.4,-0.01,-0.03,0.00,0.00,0.00,0.00,1.34,-0.28,81,-1,0,1,2.0,-0.02,0.274,0.288,0.05,0,26,0,36.0,181.5,182.0,234.0,0.00,0,-1.1,-0.1
70.10,land,353.30,-3.30,0.276,1,2403.3,-3271.3,-2.8,2.9,-0.88,1.05,232,233,-1,1.6,0.3,1.4,0.4,-0.01,-0.01,0.00,0.00,0.00,0.00,1.34,-0.29,81,-1,0,1,1.5,-0.02,0.276,0.286,0.01,0,26,0,36.0,181.5,182.0,234.0,0.00,0,1.0,0.4
70.20,land,353.30,-3.30,0.280,1,2403.2,-3271.2,-2.8,2.8,-0.88,0.88,232,233,-1,1.7,0.4,1.5,0.4,-0.01,0.01,0.00,0.00,0.00,0.00,1.34,-0.29,81,-1,0,0,1.1,-0.02,0.280,0.286,-0.07,0,26,0,36.0,181.5,182.0,234.0,0.00,0,2.0,0.2
70.30,land,353.28,-3.28,0.283,1,2403.2,-3271.2,-2.7,2.7,-0.88,0.88,232,233,-1,1.4,-0.0,1.8,0.4,-0.00,0.02,0.00,0.00,0.00,0.00,1.23,-0.16,81,-1,0,0,1.1,-0.02,0.283,0.293,-0.12,0,26,0,36.0,181.5,182.0,234.0,0.00,0,2.0,0.2
70.40,land,353.28,-3.28,0.282,1,2403.1,-3271.1,-2.6,2.6,-0.88,0.88,232,234,-1,1.5,-0.0,2.0,0.4,0.00,0.03,0.00,0.00,0.00,0.00,1.23,-0.16,81,-1,0,0,0.8,-0.02,0.282,0.294,-0.10,0,26,0,35.5,181.8,182.5,234.5,0.00,0,2.4,-0.2
70.50,land,353.27,-3.27,0.279,1,2402.9,-3270.9,-2.5,2.5,-0.70,0.88,233,234,-1,1.6,-0.0,2.2,0.4,0.00,0.03,0.00,0.00,0.00,0.00,1.23,-0.16,81,-1,0,-0,0.5,-0.02,0.279,0.291,-0.03,0,26,0,35.5,181.8,182.5,234.5,0.00,0,2.4,-0.1
70.60,land,353.28,-3.28,0.275,1,2402.8,-3270.8,-2.4,2.4,-0.70,0.88,233,234,-1,1.2,0.3,2.5,0.4,-0.00,0.03,0.00,0.00,0.00,0.00,1.09,-0.27,81,-1,0,-0,0.2,-0.02,0.275,0.291,0.03,0,26,0,35.5,181.8,182.5,234.5,0.00,0,1.6,-0.0
70.70,land,353.28,-3.28,0.275,1,2402.8,-3270.7,-2.3,2.3,-0.70,0.70,233,234,-1,1.3,0.4,2.6,0.4,-0.00,0.02,0.00,0.00,0.00,0.00,1.09,-0.28,81,-1,0,-0,0.0,-0.01,0.275,0.284,0.04,0,26,0,35.5,181.8,182.5,234.5,0.00,0,0.0,0.0
70.80,land,353.27,-3.27,0.279,1,2402.8,-3270.7,-2.3,2.2,-0.70,0.70,233,234,-1,1.1,-0.1,2.6,0.4,-0.00,-0.00,0.00,0.00,0.00,0.00,0.98,-0.14,81,-1,0,-1,0.0,-0.01,0.279,0.280,-0.04,0,26,0,35.4,182.2,183.1,234.6,0.00,0,0.0,0.0
70.90,land,353.26,-3.26,0.120,1,2402.7,-3270.7,-2.2,2.2,-0.70,0.70,233,234,-1,1.1,-0.0,2.4,0.4,0.00,-0.02,0.00,0.00,0.00,0.00,0.98,-0.14,81,-1,0,-1,-0.5,-0.00,0.120,0.130,-0.09,0,26,0,35.4,182.2,183.1,234.6,0.00,0,-1.4,-0.2
71.00,land,353.26,-3.26,0.120,1,2402.6,-3270.6,-2.1,2.1,-0.53,0.70,233,234,-1,0.7,0.3,2.2,0.5,0.00,-0.03,0.00,0.00,0.00,0.00,0.84,-0.25,81,-1,0,-1,-0.8,0.00,0.120,0.132,-0.07,0,26,0,35.4,182.2,183.1,234.6,0.00,0,-2.1,-0.5
71.10,land,353.20,-3.20,0.120,1,2402.5,-3270.4,-2.1,2.0,-0.53,0.70,233,234,-1,0.8,0.3,2.0,0.5,0.00,-0.03,0.00,0.00,0.00,0.00,0.84,-0.25,81,-1,0,-1,-1.0,0.00,0.120,0.134,-0.33,0,26,0,35.4,182.2,183.1,234.6,0.00,0,-2.3,-0.5
71.20,land,353.07,-3.07,0.120,1,2402.5,-3270.4,-2.0,1.9,-0.53,0.70,233,233,-1,0.8,0.3,1.8,0.6,0.00,-0.04,0.00,0.00,0.00,0.00,0.84,-0.25,81,-1,0,-1,-1.0,0.00,0.120,0.136,-1.13,0,26,0,35.7,181.8,182.6,234.3,0.00,0,-2.3,-0.5
71.30,land,352.86,-2.86,0.120,1,2402.5,-3270.4,-2.0,1.9,-0.53,0.53,233,233,-1,0.6,-0.1,1.6,0.6,0.00,-0.03,0.00,0.00,0.00,0.00,0.74,-0.11,81,-1,0,-1,-1.0,0.00,0.120,0.133,-1.90,0,26,0,35.7,181.8,182.6,234.3,0.00,0,-2.2,-0.2
71.40,land,352.58,-2.58,0.120,1,2402.4,-3270.3,-1.9,1.8,-0.53,0.53,233,233,-1,0.6,-0.1,1.4,0.5,-0.01,-0.02,0.00,0.00,0.00,0.00,0.74,-0.11,81,-1,0,-1,-1.0,0.00,0.120,0.132,-2.62,0,26,0,35.7,181.8,182.6,234.3,0.00,0,-1.2,0.9
71.50,land,352.23,-2.23,0.120,1,2402.3,-3270.2,-1.9,1.8,-0.53,0.53,233,233,-1,0.7,-0.1,1.3,0.4,-0.01,-0.02,0.00,0.00,0.00,0.00,0.74,-0.11,81,-1,0,-1,-0.7,0.00,0.120,0.132,-3.35,0,26,0,35.7,181.8,182.6,234.3,0.00,0,-0.8,0.6
71.60,land,351.80,-1.80,0.120,1,2402.3,-3270.2,-1.8,1.7,-0.53,0.53,233,233,-1,0.7,-0.1,1.2,0.4,-0.01,-0.02,0.00,0.00,0.00,0.00,0.74,-0.11,81,-1,0,-1,-0.7,-0.00,0.120,0.133,-4.13,0,26,0,36.1,181.3,181.7,233.9,0.00,0,-0.8,0.6
71.70,land,351.29,-1.29,0.120,1,2402.2,-3270.1,-1.8,1.7,-0.53,0.53,233,233,-1,0.8,-0.1,1.2,0.3,-0.01,-0.02,0.00,0.00,0.00,0.00,0.74,-0.11,81,-1,0,-1,-0.8,0.00,0.120,0.134,-4.90,0,26,0,36.1,181.3,181.7,233.9,0.00,0,-0.9,0.8
71.80,land,350.71,-0.71,0.120,1,2402.2,-3270.1,-1.7,1.6,-0.53,0.53,233,233,-1,0.8,-0.1,1.1,0.2,-0.01,-0.02,0.00,0.00,0.00,0.00,0.74,-0.11,81,-1,0,-1,-0.8,0.00,0.120,0.135,-5.66,0,26,0,36.1,181.3,181.7,233.9,0.00,0,-0.9,0.8
71.90,land,350.06,-0.06,0.120,1,2402.2,-3270.1,-1.7,1.6,-0.53,0.53,233,233,-1,0.9,-0.0,1.0,0.2,-0.01,-0.02,0.00,0.00,0.00,0.00,0.74,-0.11,81,-1,0,-1,-0.8,0.00,0.120,0.131,-6.39,0,26,0,36.1,181.3,181.7,233.9,0.00,0,-0.8,0.6
72.00,land,349.33,0.67,0.120,1,2402.1,-3270.0,-1.6,1.5,-0.53,0.53,233,233,-1,0.9,-0.0,1.0,0.2,-0.00,-0.01,0.00,0.00,0.00,0.00,0.74,-0.10,81,-1,0,-1,-0.7,-0.00,0.120,0.124,-7.06,0,26,0,36.4,180.9,181.2,233.6,0.00,0,0.1,-0.3
72.10,land,348.54,1.46,0.120,1,2402.1,-3270.0,-1.6,1.5,-0.53,0.53,233,233,-1,0.9,-0.0,1.0,0.2,0.00,-0.01,0.00,0.00,0.00,0.00,0.74,-0.10,81,-1,0,-1,-0.7,0.00,0.120,0.124,-7.76,0,26,0,36.4,180.9,181.2,233.6,0.00,0,0.1,-0.3
72.20,land,347.67,2.33,0.120,1,2402.0,-3269.9,-1.5,1.4,-0.53,0.53,233,233,-1,1.0,-0.0,1.0,0.3,0.00,-0.01,0.00,0.00,0.00,0.00,0.74,-0.10,81,-1,0,-0,-0.7,0.01,0.120,0.125,-8.49,0,26,0,36.4,180.9,181.2,233.6,0.00,0,0.1,-0.3
72.30,land,346.73,3.27,0.120,1,2401.9,-3269.8,-1.5,1.4,-0.53,0.53,233,233,-1,1.0,-0.0,1.0,0.3,0.00,-0.01,0.00,0.00,0.00,0.00,0.74,-0.10,81,-1,0,-0,-1.0,0.01,0.120,0.125,-9.22,0,26,0,36.4,180.9,181.2,233.6,0.00,0,0.1,-0.4
72.40,land,345.72,4.28,0.120,1,2401.9,-3269.8,-1.4,1.3,-0.53,0.53,233,232,-1,1.1,-0.0,1.0,0.3,0.00,-0.01,0.00,0.00,0.00,0.00,0.74,-0.10,81,-1,0,-0,-0.9,0.01,0.120,0.126,-9.94,0,26,0,36.7,181.1,181.5,233.3,0.00,0,0.0,-0.4
72.50,land,344.63,5.37,0.120,1,2401.9,-3269.8,-1.4,1.3,-0.53,0.53,233,232,-1,1.1,-0.0,1.0,0.4,0.00,-0.01,0.00,0.00,0.00,0.00,0.74,-0.10,81,-1,0,-0,-0.9,0.01,0.120,0.126,-10.66,0,26,0,36.7,181.1,181.5,233.3,0.00,0,0.0,-0.4
72.60,land,343.48,6.52,0.120,1,2401.8,-3269.7,-1.3,1.2,-0.35,0.53,233,232,-1,0.7,0.3,1.0,0.4,-0.00,-0.01,0.00,0.00,0.00,0.00,0.60,-0.21,81,-1,0,-0,-0.3,0.00,0.120,0.123,-11.37,0,26,0,36.7,181.1,181.5,233.3,0.00,0,-0.0,-0.1
72.70,land,342.25,7.75,0.120,1,2401.7,-3269.6,-1.3,1.1,-0.35,0.53,233,232,-1,0.8,0.3,1.0,0.4,-0.00,-0.01,0.00,0.00,0.00,0.00,0.60,-0.21,81,-1,0,-0,-0.9,0.02,0.120,0.124,-12.07,0,26,0,36.7,181.1,181.5,233.3,0.00,0,-0.1,-0.3
72.80,land,340.96,9.04,0.120,1,2401.7,-3269.5,-1.2,1.1,-0.35,0.53,233,232,-1,0.8,0.3,1.0,0.4,-0.00,-0.01,0.00,0.00,0.00,0.00,0.60,-0.20,81,-1,0,-0,0.0,0.02,0.120,0.124,-12.77,0,26,0,37.0,181.2,181.6,233.0,0.00,0,0.0,0.0
72.90,land,339.59,10.41,0.120,1,2401.7,-3269.5,-1.2,1.0,-0.35,0.53,232,232,-1,0.9,0.4,1.0,0.5,-0.00,-0.01,0.00,0.00,0.00,0.00,0.60,-0.20,81,-1,0,0,-0.9,0.00,0.120,0.125,-13.46,0,26,0,37.0,181.2,181.6,233.0,0.00,0,-0.2,-0.3
73.00,land,338.16,11.84,0.120,1,2401.7,-3269.5,-1.2,1.0,-0.35,0.53,232,232,-1,0.9,0.4,1.0,0.5,-0.00,-0.01,0.00,0.00,0.00,0.00,0.60,-0.20,81,-1,0,0,-0.9,0.02,0.120,0.125,-14.14,0,26,0,37.0,181.2,181.6,233.0,0.00,0,-0.2,-0.3
73.10,land,336.66,13.34,0.120,1,2401.6,-3269.4,-1.1,0.9,-0.35,0.35,232,232,-1,0.9,0.4,1.0,0.5,-0.00,-0.01,0.00,0.00,0.00,0.00,0.60,-0.20,81,-1,0,0,-0.6,0.02,0.120,0.126,-14.82,0,26,0,37.0,181.2,181.6,233.0,0.00,0,-0.2,-0.2
73.20,land,335.09,14.91,0.120,1,2401.6,-3269.4,-1.1,0.9,-0.35,0.35,232,232,-1,0.6,-0.0,0.9,0.5,0.00,-0.01,0.00,0.00,0.00,0.00,0.49,-0.06,81,-1,0,0,-0.9,0.02,0.120,0.126,-15.49,0,26,0,37.3,181.2,181.6,232.7,0.00,0,-0.3,-0.3
73.30,land,333.46,16.54,0.120,1,2401.6,-3269.4,-1.1,0.9,-0.35,0.35,232,232,-1,0.7,-0.0,0.9,0.5,0.00,-0.01,0.00,0.00,0.00,0.00,0.49,-0.06,81,-1,0,0,-0.9,0.02,0.120,0.127,-16.16,0,26,0,37.3,181.2,181.6,232.7,0.00,0,-0.3,-0.3
73.40,land,331.76,18.24,0.120,1,2401.5,-3269.3,-1.0,0.8,-0.35,0.35,232,232,-1,0.7,-0.0,0.9,0.6,0.00,-0.01,0.00,0.00,0.00,0.00,0.49,-0.06,81,-1,0,0,-0.7,0.02,0.120,0.127,-16.82,0,26,0,37.3,181.2,181.6,232.7,0.00,0,-0.3,-0.2
73.50,land,330.00,20.00,0.120,1,2401.5,-3269.3,-1.0,0.8,-0.35,0.35,232,232,-1,0.7,-0.0,0.8,0.6,0.00,-0.01,0.00,0.00,0.00,0.00,0.49,-0.06,81,-1,0,0,-0.8,0.02,0.120,0.128,-17.48,0,26,0,37.3,181.2,181.6,232.7,0.00,0,-0.5,-0.2
73.60,land,328.17,21.83,0.120,1,2401.4,-3269.2,-1.0,0.8,-0.35,0.35,232,231,-1,0.8,-0.0,0.8,0.6,0.00,-0.02,0.00,0.00,0.00,0.00,0.49,-0.06,81,-1,0,0,-0.8,0.03,0.120,0.128,-18.12,0,26,0,37.6,181.2,181.6,232.4,0.00,0,-0.5,-0.2
73.70,land,326.28,23.72,0.120,1,2401.4,-3269.2,-0.9,0.7,-0.35,0.35,232,231,-1,0.8,-0.0,0.8,0.6,0.00,-0.02,0.00,0.00,0.00,0.00,0.49,-0.06,81,-1,0,1,-0.8,0.03,0.120,0.129,-18.77,0,26,0,37.6,181.2,181.6,232.4,0.00,0,-0.5,-0.2
73.80,land,324.32,25.68,0.120,1,2401.4,-3269.2,-0.9,0.7,-0.35,0.35,232,231,-1,0.8,-0.0,0.7,0.6,0.00,-0.02,0.00,0.00,0.00,0.00,0.49,-0.06,81,-1,0,1,-0.4,0.01,0.120,0.129,-19.40,0,26,0,37.6,181.2,181.6,232.4,0.00,0,-0.3,-0.1
73.90,land,322.30,27.70,0.120,1,2401.3,-3269.1,-0.9,0.7,-0.35,0.35,232,231,-1,0.9,-0.0,0.7,0.6,0.00,-0.02,0.00,0.00,0.00,0.00,0.49,-0.06,81,-1,0,1,-0.9,0.02,0.120,0.130,-20.04,0,26,0,37.6,181.2,181.6,232.4,0.00,0,-0.7,-0.2
74.00,land,320.22,29.78,0.120,1,2401.3,-3269.1,-0.8,0.6,-0.35,0.35,232,231,-1,0.9,-0.0,0.6,0.7,0.00,-0.02,0.00,0.00,0.00,0.00,0.49,-0.06,81,-1,0,1,-0.7,0.03,0.120,0.130,-20.66,0,26,0,37.8,181.1,181.5,232.2,0.00,0,-0.6,-0.1
74.10,land,318.08,31.92,0.120,1,2401.3,-3269.1,-0.8,0.6,-0.35,0.35,232,231,-1,0.9,-0.0,0.6,0.7,0.00,-0.02,0.00,0.00,0.00,0.00,0.49,-0.06,81,-1,0,1,-0.7,0.03,0.120,0.131,-21.28,0,26,0,37.8,181.1,181.5,232.2,0.00,0,-0.6,-0.1
74.20,land,315.87,34.13,0.120,1,2401.3,-3269.0,-0.8,0.5,-0.35,0.35,232,231,-1,1.0,-0.0,0.5,0.7,0.00,-0.02,0.00,0.00,0.00,0.00,0.49,-0.06,81,-1,0,1,-0.6,0.03,0.120,0.131,-21.89,0,26,0,37.8,181.1,181.5,232.2,0.00,0,-0.5,-0.1
74.30,land,313.61,36.39,0.120,1,2401.2,-3269.0,-0.7,0.5,-0.35,0.35,231,231,-1,1.0,-0.0,0.4,0.7,0.00,-0.03,0.00,0.00,0.00,0.00,0.49,-0.06,81,-1,0,1,-0.8,0.03,0.120,0.132,-22.50,0,26,0,37.8,181.1,181.5,232.2,0.00,0,-0.8,-0.1
74.40,land,311.28,38.72,0.120,1,2401.2,-3269.0,-0.7,0.5,-0.35,0.35,231,231,-1,1.0,-0.0,0.4,0.7,0.00,-0.03,0.00,0.00,0.00,0.00,0.49,-0.06,81,-1,0,1,-0.8,0.04,0.120,0.132,-23.09,0,26,0,38.1,181.0,181.3,231.9,0.00,0,-0.8,-0.1
74.50,land,308.90,41.10,0.120,1,2401.2,-3268.9,-0.7,0.4,-0.35,0.35,231,231,-1,1.1,0.0,0.3,0.7,0.00,-0.03,0.00,0.00,0.00,0.00,0.49,-0.05,81,-1,0,1,-0.4,0.03,0.120,0.132,-23.68,0,26,0,38.1,181.0,181.3,231.9,0.00,0,-0.4,-0.1
74.60,land,306.46,43.54,0.120,1,2401.1,-3268.9,-0.6,0.4,-0.35,0.35,231,231,-1,1.1,0.0,0.3,0.7,0.00,-0.03,0.00,0.00,0.00,0.00,0.49,-0.05,81,-1,0,1,-0.2,0.03,0.120,0.132,-24.27,0,26,0,38.1,181.0,181.3,231.9,0.00,0,-0.4,-0.1
74.70,land,303.96,46.04,0.120,1,2401.0,-3268.8,-0.6,0.4,-0.35,0.35,231,231,-1,1.1,0.0,0.3,0.7,0.00,-0.03,0.00,0.00,0.00,0.00,0.49,-0.05,81,-1,0,1,-0.0,0.03,0.120,0.132,-24.84,0,26,0,38.1,181.0,181.3,231.9,0.00,0,-0.2,-0.0
74.80,land,301.40,48.60,0.120,1,2401.0,-3268.8,-0.5,0.3,-0.35,0.35,231,231,-1,1.1,0.0,0.2,0.7,0.00,-0.02,0.00,0.00,0.00,0.00,0.49,-0.05,81,-1,0,1,-0.0,0.03,0.120,0.131,-25.41,0,26,0,38.2,180.9,181.1,231.8,0.00,0,-0.2,-0.0
74.90,land,298.79,51.21,0.120,1,2401.0,-3268.8,-0.5,0.3,-0.35,0.35,231,231,-1,1.2,0.0,0.2,0.7,0.00,-0.02,0.00,0.00,0.00,0.00,0.49,-0.05,81,-1,0,1,0.0,0.03,0.120,0.131,-25.98,0,26,0,38.2,180.9,181.1,231.8,0.00,0,0.0,0.0
75.00,land,296.12,53.88,0.120,1,2401.0,-3268.8,-0.5,0.3,-0.35,0.35,231,231,-1,1.2,0.0,0.2,0.7,0.00,-0.02,0.00,0.00,0.00,0.00,0.49,-0.05,81,-1,0,1,0.5,0.02,0.120,0.131,-26.53,0,26,0,38.2,180.9,181.1,231.8,0.00,0,-0.3,-0.1
75.10,land,293.40,56.60,0.120,1,2400.9,-3268.7,-0.4,0.2,-0.35,0.35,231,231,-1,1.2,0.0,0.2,0.7,0.00,-0.02,0.00,0.00,0.00,0.00,0.49,-0.05,81,-1,0,1,0.1,0.01,0.120,0.130,-27.08,0,26,0,38.2,180.9,181.1,231.8,0.00,0,0.0,-0.0
75.20,land,290.63,59.37,0.120,1,2400.9,-3268.7,-0.4,0.2,-0.35,0.35,231,231,-1,1.3,0.0,0.2,0.7,0.00,-0.02,0.00,0.00,0.00,0.00,0.49,-0.05,81,-1,0,1,0.5,0.03,0.120,0.130,-27.63,0,26,0,38.0,180.9,181.1,232.0,0.00,0,0.0,-0.0
75.30,land,287.80,62.20,0.120,1,2400.8,-3268.6,-0.4,0.2,-0.35,0.35,231,231,-1,1.3,0.0,0.2,0.7,0.00,-0.02,0.00,0.00,0.00,0.00,0.49,-0.05,81,-1,0,1,0.0,0.02,0.120,0.131,-28.16,0,26,0,38.0,180.9,181.1,232.0,0.00,0,0.0,0.0
75.40,land,284.91,65.09,0.120,1,2400.8,-3268.6,-0.3,0.1,-0.35,0.35,231,231,-1,1.3,0.0,0.2,0.7,0.00,-0.02,0.00,0.00,0.00,0.00,0.49,-0.05,81,-1,0,1,0.0,0.03,0.120,0.131,-28.69,0,26,0,38.0,180.9,181.1,232.0,0.00,0,0.0,0.0
75.50,land,281.98,68.02,0.120,1,2400.8,-3268.6,-0.3,0.1,-0.35,0.35,231,231,-1,1.4,0.0,0.2,0.7,0.00,-0.02,0.00,0.00,0.00,0.00,0.49,-0.05,81,-1,0,1,0.0,0.03,0.120,0.131,-29.22,0,26,0,38.0,180.9,181.1,232.0,0.00,0,0.0,0.0
75.60,land,278.99,71.01,0.120,1,2400.8,-3268.6,-0.3,0.1,-0.35,0.35,231,231,-1,1.4,0.0,0.2,0.7,0.00,-0.02,0.00,0.00,0.00,0.00,0.49,-0.05,81,-1,0,1,0.0,0.03,0.120,0.131,-29.74,0,26,0,37.9,180.9,181.1,232.1,0.00,0,0.0,0.0
75.70,land,275.95,74.05,0.120,1,2400.7,-3268.5,-0.2,0.0,-0.35,0.35,231,231,-1,1.4,0.0,0.2,0.7,0.00,-0.02,0.00,0.00,0.00,0.00,0.49,-0.05,81,-1,0,1,0.0,0.01,0.120,0.131,-30.26,0,26,0,37.9,180.9,181.1,232.1,0.00,0,0.0,0.0
75.80,land,272.87,77.13,0.120,1,2400.7,-3268.4,-0.2,-0.0,-0.35,0.35,231,231,-1,1.5,0.0,0.2,0.7,0.00,-0.02,0.00,0.00,0.00,0.00,0.49,-0.05,81,-1,0,1,0.2,0.03,0.120,0.131,-30.76,0,26,0,37.9,180.9,181.1,232.1,0.00,0,0.0,0.0
75.90,land,269.73,80.27,0.120,1,2400.7,-3268.4,-0.2,-0.1,-0.35,0.35,231,231,-1,1.5,0.0,0.2,0.7,0.00,-0.02,0.00,0.00,0.00,0.00,0.49,-0.05,81,-1,0,1,0.2,0.02,0.120,0.131,-31.27,0,26,0,37.9,180.9,181.1,232.1,0.00,0,0.0,0.0
76.00,land,266.54,83.46,0.120,1,2400.6,-3268.4,-0.1,-0.1,-0.35,0.35,231,231,-1,1.5,0.1,0.2,0.7,0.00,-0.02,0.00,0.00,0.00,0.00,0.49,-0.05,81,-1,0,1,0.1,0.02,0.120,0.131,-31.77,0,26,0,37.6,180.9,181.2,232.4,0.00,0,0.0,0.0
76.10,land,263.30,86.70,0.120,1,2400.6,-3268.3,-0.1,-0.1,-0.35,0.35,231,231,-1,1.6,0.1,0.2,0.7,0.00,-0.02,0.00,0.00,0.00,0.00,0.49,-0.05,81,-1,0,1,0.7,0.03,0.120,0.131,-32.26,0,26,0,37.6,180.9,181.2,232.4,0.00,0,0.1,0.0
76.20,land,260.01,89.99,0.120,1,2400.6,-3268.3,-0.1,-0.2,-0.35,0.35,231,231,-1,1.6,0.1,0.3,0.7,0.00,-0.02,0.00,0.00,0.00,0.00,0.49,-0.05,81,-1,0,1,0.7,0.01,0.120,0.131,-32.75,0,26,0,37.6,180.9,181.2,232.4,0.00,0,0.1,0.0
76.30,land,256.68,93.32,0.120,1,2400.5,-3268.3,-0.0,-0.2,-0.35,0.18,231,231,-1,1.3,-0.4,0.3,0.7,0.01,-0.02,0.00,0.00,0.00,0.00,0.38,0.08,81,-1,0,1,0.1,0.02,0.120,0.131,-33.23,0,26,0,37.6,180.9,181.2,232.4,0.00,0,0.0,0.0
76.40,land,253.29,96.71,0.120,1,2400.4,-3268.3,0.0,-0.2,-0.35,0.18,231,232,-1,1.3,-0.4,0.3,0.7,0.01,-0.02,0.00,0.00,0.00,0.00,0.38,0.08,81,-1,0,1,1.1,0.00,0.120,0.131,-33.71,0,26,0,37.3,180.9,181.2,232.7,0.00,0,0.2,0.1
76.50,land,249.86,100.14,0.120,1,2400.4,-3268.3,0.1,-0.2,-0.35,0.18,231,232,-1,1.3,-0.4,0.3,0.7,0.01,-0.02,0.00,0.00,0.00,0.00,0.38,0.08,81,-1,0,1,1.1,0.00,0.120,0.132,-34.19,0,26,0,37.3,180.9,181.2,232.7,0.00,0,0.2,0.1
76.60,land,246.39,103.61,0.120,1,2400.4,-3268.2,0.1,-0.2,-0.18,0.18,231,232,-1,1.4,-0.4,0.3,0.7,0.01,-0.02,0.00,0.00,0.00,0.00,0.38,0.08,81,-1,0,1,0.7,-0.00,0.120,0.132,-34.65,0,26,0,37.3,180.9,181.2,232.7,0.00,0,0.0,0.1
76.70,land,242.86,107.14,0.120,1,2400.4,-3268.2,0.1,-0.3,-0.18,0.18,231,232,-1,1.0,-0.0,0.3,0.7,0.00,-0.02,0.00,0.00,0.00,0.00,0.25,-0.03,81,-1,0,1,1.0,0.01,0.120,0.129,-35.12,0,26,0,37.3,180.9,181.2,232.7,0.00,0,0.0,0.1
76.80,land,239.29,110.71,0.120,1,2400.4,-3268.2,0.1,-0.3,-0.18,0.18,232,232,-1,1.0,-0.0,0.3,0.7,0.00,-0.02,0.00,0.00,0.00,0.00,0.25,-0.03,81,-1,0,1,1.0,-0.00,0.120,0.130,-35.58,0,26,0,37.0,180.9,181.2,233.0,0.00,0,0.0,0.1
76.90,land,235.68,114.32,0.120,1,2400.4,-3268.2,0.1,-0.3,-0.18,0.18,232,232,-1,1.0,-0.0,0.3,0.7,0.00,-0.02,0.00,0.00,0.00,0.00,0.25,-0.03,81,-1,0,1,0.0,0.02,0.120,0.130,-36.03,0,26,0,37.0,180.9,181.2,233.0,0.00,0,0.0,0.0
77.00,land,232.02,117.98,0.120,1,2400.3,-3268.2,0.2,-0.3,-0.18,0.18,232,232,-1,1.0,-0.0,0.3,0.6,0.00,-0.02,0.00,0.00,0.00,0.00,0.25,-0.03,81,-1,0,1,0.7,0.00,0.120,0.130,-36.48,0,26,0,37.0,180.9,181.2,233.0,0.00,0,-0.1,0.1
77.10,land,228.32,121.68,0.120,1,2400.3,-3268.2,0.2,-0.3,-0.18,0.18,232,232,-1,1.0,-0.0,0.3,0.6,0.00,-0.02,0.00,0.00,0.00,0.00,0.25,-0.03,81,-1,0,1,0.7,0.00,0.120,0.130,-36.92,0,26,0,37.0,180.9,181.2,233.0,0.00,0,-0.1,0.1
77.20,land,224.57,125.43,0.120,1,2400.3,-3268.2,0.2,-0.3,-0.18,0.18,232,232,-1,1.1,-0.0,0.2,0.6,0.00,-0.02,0.00,0.00,0.00,0.00,0.25,-0.03,81,-1,0,1,0.4,0.00,0.120,0.131,-37.36,0,26,0,36.8,180.8,181.1,233.2,0.00,0,-0.1,0.1
77.30,land,220.78,129.22,0.120,1,2400.3,-3268.1,0.2,-0.4,-0.18,0.18,232,232,-1,1.1,-0.0,0.2,0.6,0.00,-0.03,0.00,0.00,0.00,0.00,0.25,-0.03,81,-1,0,1,1.0,-0.01,0.120,0.131,-37.79,0,26,0,36.8,180.8,181.1,233.2,0.00,0,-0.4,0.2
77.40,land,216.95,133.05,0.120,1,2400.3,-3268.1,0.2,-0.4,-0.18,0.18,232,232,-1,1.1,-0.0,0.2,0.6,0.00,-0.03,0.00,0.00,0.00,0.00,0.25,-0.03,81,-1,0,1,0.7,-0.00,0.120,0.132,-38.22,0,26,0,36.8,180.8,181.1,233.2,0.00,0,-0.4,0.2
77.50,land,213.07,136.93,0.120,1,2400.2,-3268.1,0.2,-0.4,-0.18,0.18,232,232,-1,1.1,-0.0,0.2,0.6,0.00,-0.03,0.00,0.00,0.00,0.00,0.25,-0.03,81,-1,0,0,0.6,-0.00,0.120,0.132,-38.64,0,26,0,36.8,180.8,181.1,233.2,0.00,0,-0.4,0.2
77.70,land,205.20,144.80,0.120,1,2400.2,-3268.1,0.3,-0.4,-0.18,0.18,232,232,-1,1.1,0.0,0.1,0.6,0.00,-0.03,0.00,0.00,0.00,0.00,0.25,-0.03,81,-1,0,0,0.4,-0.00,0.120,0.133,-39.48,0,26,0,36.6,180.7,180.9,233.4,0.00,0,-0.4,0.1
77.90,land,197.16,152.84,0.120,1,2400.2,-3268.0,0.3,-0.5,-0.18,0.18,232,232,-1,1.2,0.0,0.0,0.5,0.00,-0.03,0.00,0.00,0.00,0.00,0.25,-0.03,81,-1,0,0,0.3,0.01,0.120,0.134,-40.29,0,26,0,36.6,180.7,180.9,233.4,0.00,0,-0.4,0.1
78.10,land,188.97,161.03,0.120,1,2400.2,-3268.0,0.3,-0.5,-0.18,0.18,232,233,-1,1.2,0.0,-0.1,0.5,0.00,-0.04,0.00,0.00,0.00,0.00,0.25,-0.03,81,-1,0,0,0.3,-0.00,0.120,0.135,-41.09,0,26,0,36.4,180.5,180.7,233.6,0.00,0,-0.4,0.1
78.30,land,180.63,169.37,0.120,1,2400.1,-3267.9,0.4,-0.5,-0.18,0.18,232,233,-1,1.2,0.0,-0.0,0.3,-0.01,-0.02,0.00,0.00,0.00,0.00,0.25,-0.03,81,-1,0,0,0.4,-0.01,0.120,0.133,-41.76,0,26,0,36.4,180.5,180.7,233.6,0.00,0,0.9,1.4
78.50,land,172.16,177.84,0.233,1,2400.1,-3267.9,0.4,-0.6,-0.18,0.18,232,233,-1,1.3,0.0,0.1,0.1,-0.02,-0.01,0.00,0.00,0.00,0.00,0.25,-0.03,81,-1,0,-0,0.3,-0.01,0.233,0.247,-42.48,0,26,0,36.3,180.2,180.3,233.7,0.00,0,1.0,1.4
78.70,land,163.62,186.38,0.355,1,2400.0,-3267.9,0.5,-0.6,-0.18,0.18,233,233,-1,1.3,0.0,0.3,-0.2,-0.02,-0.01,0.00,0.00,0.00,0.00,0.25,-0.03,81,-1,0,-0,0.3,-0.01,0.355,0.368,-42.71,0,26,0,36.3,180.2,180.3,233.7,0.00,0,0.8,1.2
78.90,land,155.24,194.76,0.427,1,2400.0,-3267.9,0.5,-0.6,-0.18,0.18,233,233,-1,1.3,0.0,0.5,-0.5,-0.03,-0.01,0.00,0.00,0.00,0.00,0.25,-0.03,81,-1,0,-0,0.3,-0.01,0.427,0.443,-41.78,0,26,0,36.2,180.0,180.0,233.8,0.00,0,0.7,1.2
79.10,land,147.20,202.80,0.459,1,2400.0,-3267.8,0.5,-0.7,-0.18,0.18,233,233,-1,1.4,0.0,0.6,-0.6,-0.01,-0.02,0.00,0.00,0.00,0.00,0.25,-0.03,81,-1,0,-0,0.4,-0.01,0.459,0.470,-39.97,0,26,0,36.2,180.0,180.0,233.8,0.00,0,0.5,0.6
79.30,land,139.58,210.42,0.475,1,2399.9,-3267.8,0.6,-0.7,-0.18,0.18,233,233,-1,1.4,0.1,0.7,-0.6,-0.01,-0.02,0.00,0.00,0.00,0.00,0.25,-0.03,81,-1,0,-0,0.3,-0.01,0.475,0.486,-37.84,0,26,0,36.1,179.9,179.8,233.9,0.00,0,0.4,0.3
79.50,land,132.42,217.58,0.482,1,2399.9,-3267.7,0.6,-0.7,0.00,0.18,233,233,-1,1.0,0.4,1.0,-0.6,-0.01,0.01,0.00,0.00,0.00,0.00,0.11,-0.14,81,-1,0,-0,0.2,-0.01,0.482,0.487,-35.50,0,26,0,36.1,179.9,179.8,233.9,0.00,0,1.8,-0.5
79.70,land,125.76,224.24,0.475,1,2399.9,-3267.7,0.6,-0.8,0.00,0.18,233,233,-1,1.0,0.4,1.2,-0.5,-0.01,0.01,0.00,0.00,0.00,0.00,0.11,-0.14,81,-1,0,-0,0.1,-0.01,0.475,0.480,-32.95,0,26,0,36.0,180.3,180.4,234.0,0.00,0,1.0,-0.3
79.90,land,119.62,230.38,0.467,1,2399.9,-3267.7,0.6,-0.8,0.00,0.18,233,233,-1,1.0,0.4,1.4,-0.4,-0.01,-0.00,0.00,0.00,0.00,0.00,0.11,-0.14,81,-1,0,-0,0.0,-0.01,0.467,0.470,-30.41,0,26,0,36.0,180.3,180.4,234.0,0.00,0,0.0,0.0
80.10,land,113.96,236.04,0.461,1,2400.0,-3267.6,0.5,-0.9,0.18,0.18,233,233,-1,0.6,0.8,1.5,-0.3,-0.00,-0.00,0.00,0.00,0.00,0.00,-0.03,-0.25,81,-1,0,-1,0.0,-0.01,0.461,0.463,-27.97,0,26,0,35.9,180.6,180.9,234.0,0.00,0,0.2,-0.2
80.30,land,108.73,241.27,0.473,1,2400.0,-3267.6,0.5,-0.9,0.18,0.00,233,233,-1,0.3,0.4,1.5,0.1,0.03,-0.01,0.00,0.00,0.00,0.00,-0.14,-0.11,81,-1,0,-1,0.0,-0.01,0.473,0.486,-25.86,0,26,0,35.9,180.6,180.9,234.0,0.00,0,-0.4,-1.8
80.50,land,103.91,246.09,0.491,1,2400.0,-3267.6,0.5,-0.9,0.18,0.00,233,233,-1,0.3,0.4,1.4,0.2,-0.00,-0.01,0.00,0.00,0.00,0.00,-0.14,-0.11,81,-1,0,-1,0.1,-0.01,0.491,0.498,-23.84,0,26,0,35.9,181.2,181.7,234.1,0.00,0,-0.7,-0.5
80.70,land,99.54,250.46,0.497,1,2400.1,-3267.6,0.4,-0.9,0.35,0.00,233,233,-1,0.0,0.6,1.2,0.1,-0.01,-0.02,0.00,0.00,0.00,0.00,-0.21,-0.16,81,-1,0,-1,0.0,-0.01,0.497,0.510,-21.56,0,26,0,35.9,181.2,181.7,234.1,0.00,0,-1.5,0.6
80.90,land,95.63,254.37,0.500,1,2400.1,-3267.6,0.4,-0.9,0.35,0.00,233,233,-1,-0.2,0.8,0.9,-0.0,-0.02,-0.03,0.00,0.00,0.00,0.00,-0.28,-0.21,81,-1,0,-1,0.0,-0.01,0.500,0.518,-19.25,0,26,0,35.9,180.8,181.1,234.1,0.00,0,-1.5,0.6
81.10,land,92.19,257.81,0.506,1,2400.2,-3267.7,0.3,-0.8,0.35,-0.18,233,233,-1,-0.6,0.3,0.5,-0.1,-0.02,-0.03,0.00,0.00,0.00,0.00,-0.39,-0.07,81,-1,0,-1,0.0,-0.01,0.506,0.526,-16.98,0,26,0,35.9,180.8,181.1,234.1,0.00,0,-1.9,0.7
81.30,land,89.18,260.82,0.515,1,2400.3,-3267.7,0.2,-0.8,0.35,-0.09,233,233,-1,-0.5,0.6,0.2,-0.3,-0.03,-0.03,0.00,0.00,0.00,0.00,-0.33,-0.14,81,-1,0,-1,-0.4,-0.00,0.515,0.539,-14.76,0,26,0,35.9,180.0,180.0,234.1,0.00,0,-1.9,0.9
81.50,land,86.62,263.38,0.529,1,2400.4,-3267.7,0.1,-0.8,0.26,0.00,233,233,-1,-0.1,0.7,-0.0,-0.5,-0.02,-0.02,0.00,0.00,0.00,0.00,-0.21,-0.16,81,-1,0,-1,-1.8,0.02,0.529,0.546,-12.56,0,26,0,35.9,180.0,180.0,234.1,0.00,0,-0.8,0.9
81.70,land,84.50,265.50,0.556,1,2400.4,-3267.7,0.1,-0.8,0.18,0.00,233,233,-1,0.1,0.5,0.3,-0.4,-0.01,0.02,0.00,0.00,0.00,0.00,-0.14,-0.11,81,-1,0,-0,-1.6,0.02,0.556,0.568,-10.28,0,26,0,36.4,179.6,179.5,233.6,0.00,0,2.2,-0.3
81.90,land,82.86,267.14,0.572,1,2400.4,-3267.7,0.1,-0.8,0.18,0.00,233,233,-1,0.0,0.5,0.9,-0.2,0.01,0.04,0.00,0.00,0.00,0.00,-0.14,-0.11,81,-1,0,-0,-1.0,0.02,0.572,0.593,-7.90,0,26,0,36.4,179.6,179.5,233.6,0.00,0,2.9,-1.5
82.10,land,81.73,268.27,0.415,1,2400.5,-3267.7,0.0,-0.8,0.35,0.00,233,232,-1,0.0,0.5,1.4,0.1,0.01,0.03,0.00,0.00,0.00,0.00,-0.14,-0.11,81,-1,0,-0,0.1,0.01,0.415,0.432,-5.30,0,26,0,36.9,180.9,181.2,233.1,0.00,0,1.1,-1.3
82.30,land,80.95,269.05,0.339,1,2400.5,-3267.7,-0.0,-0.8,0.35,0.00,232,232,-1,-0.4,0.9,1.3,0.3,0.00,-0.01,0.00,0.00,0.00,0.00,-0.28,-0.21,81,-1,0,-0,0.4,-0.01,0.339,0.346,-3.72,0,26,0,36.9,180.9,181.2,233.1,0.00,0,-0.8,-0.9
82.50,land,80.37,269.63,0.293,1,2400.6,-3267.7,-0.1,-0.8,0.35,-0.18,232,232,-1,-0.8,0.5,0.9,0.4,-0.00,-0.03,0.00,0.00,0.00,0.00,-0.39,-0.08,81,-1,0,0,1.1,-0.02,0.293,0.307,-2.82,0,26,0,36.8,181.2,181.6,233.2,0.00,0,-2.4,-0.3
82.70,land,79.86,270.14,0.276,1,2400.7,-3267.8,-0.2,-0.7,0.35,-0.18,232,232,-1,-0.8,0.5,0.4,0.4,-0.01,-0.04,0.00,0.00,0.00,0.00,-0.39,-0.08,81,-1,0,0,0.5,-0.01,0.276,0.294,-2.50,0,26,0,36.8,181.2,181.6,233.2,0.00,0,-2.1,-0.0
82.90,land,79.37,270.63,0.273,1,2400.7,-3267.8,-0.2,-0.7,0.35,-0.18,232,233,-1,-0.9,0.5,0.1,0.4,0.00,-0.01,0.00,0.00,0.00,0.00,-0.39,-0.08,81,-1,0,0,0.1,-0.00,0.273,0.278,-2.44,0,26,0,36.5,180.6,180.7,233.5,0.00,0,-1.0,-0.3
83.10,land,78.88,271.12,0.276,1,2400.8,-3267.8,-0.3,-0.7,0.35,-0.18,232,233,-1,-0.9,0.5,0.3,0.5,-0.00,0.02,0.00,0.00,0.00,0.00,-0.39,-0.08,81,-1,0,0,-0.5,0.01,0.276,0.283,-2.49,0,26,0,36.5,180.6,180.7,233.5,0.00,0,1.3,-0.3
83.30,land,78.41,271.59,0.266,1,2400.9,-3267.9,-0.4,-0.6,0.18,-0.18,232,232,-1,-0.8,0.4,0.5,0.5,0.00,0.02,0.00,0.00,0.00,0.00,-0.32,-0.02,81,-1,0,0,-0.8,0.01,0.266,0.273,-2.31,0,26,0,36.6,180.8,181.1,233.4,0.00,0,0.7,-0.2
83.50,land,77.95,272.05,0.267,1,2400.9,-3267.9,-0.4,-0.6,0.18,-0.18,232,232,-1,-0.6,0.2,0.5,0.5,0.00,-0.02,0.00,0.00,0.00,0.00,-0.25,0.03,81,-1,0,0,-0.7,0.00,0.267,0.273,-2.33,0,26,0,36.6,180.8,181.1,233.4,0.00,0,-1.6,-0.1
83.70,land,77.50,272.50,0.280,1,2401.0,-3267.9,-0.4,-0.6,0.11,0.63,232,232,-1,-0.6,0.2,0.1,0.3,-0.04,-0.03,0.00,0.00,0.00,0.00,-0.25,0.03,81,-1,0,0,-0.0,0.01,0.280,0.311,-2.58,0,26,0,36.9,180.8,181.1,233.1,0.00,0,-4.7,8.3
83.90,land,77.57,272.43,0.124,1,2401.0,-3267.8,-0.5,-0.7,0.00,0.53,232,232,-1,1.1,1.6,-0.6,-0.6,-0.07,-0.07,0.00,0.00,0.00,0.00,0.32,-0.42,81,-1,0,0,0.0,0.00,0.124,0.181,0.34,0,26,0,36.9,180.8,181.1,233.1,0.00,0,-3.5,3.3
84.10,land,77.55,272.45,0.138,1,2401.0,-3267.7,-0.5,-0.8,0.12,0.35,232,232,-1,0.5,1.5,-0.5,-0.5,0.00,0.01,0.00,0.00,0.00,0.00,0.12,-0.35,81,-1,0,0,2.0,-0.04,0.138,0.143,-0.10,0,26,0,36.8,178.7,178.3,233.2,0.00,0,2.0,-0.3
84.30,land,77.50,272.50,0.127,1,2401.0,-3267.7,-0.5,-0.8,0.00,-0.02,232,232,-1,0.1,0.4,0.0,0.0,-0.01,-0.01,0.00,0.00,0.00,0.00,-0.02,0.02,81,-1,0,0,-0.1,0.01,0.127,0.134,-0.01,0,26,0,36.8,178.7,178.3,233.2,0.00,0,0.6,-0.6
84.50,land,77.50,272.50,0.120,1,2401.0,-3267.7,-0.5,-0.8,0.00,0.00,232,232,-1,0.2,0.4,-0.0,-0.0,-0.01,-0.01,0.00,0.00,0.00,0.00,0.00,0.00,81,-1,0,0,-0.0,0.01,0.120,0.129,0.00,0,26,0,36.7,180.0,180.0,233.3,0.00,0,0.2,-0.3
84.70,land,77.50,272.50,0.120,1,2401.0,-3267.7,-0.5,-0.8,0.00,0.00,232,232,-1,0.2,0.4,0.0,0.0,-0.01,-0.01,0.00,0.00,0.00,0.00,0.00,0.00,81,-1,0,0,0.0,0.00,0.120,0.130,0.00,0,26,0,36.7,180.0,180.0,233.3,0.00,0,0.0,0.0
84.90,land,77.50,272.50,0.120,1,2401.0,-3267.7,-0.5,-0.8,0.00,0.00,232,232,-1,0.2,0.4,0.0,0.0,-0.01,-0.01,0.00,0.00,0.00,0.00,0.00,0.00,81,-1,0,0,0.0,0.00,0.120,0.130,0.00,0,26,0,36.7,180.0,180.0,233.3,0.00,0,0.0,0.0
85.10,land,77.50,272.50,0.120,1,2401.0,-3267.7,-0.5,-0.8,0.00,0.00,232,232,-1,0.2,0.4,0.0,0.0,-0.01,-0.01,0.00,0.00,0.00,0.00,0.00,0.00,81,-1,0,0,0.5,-0.01,0.120,0.130,0.00,0,26,0,36.7,180.0,180.0,233.3,0.00,0,0.3,-0.1
85.30,touchdown,77.50,272.50,0.000,1,2401.0,-3267.7,-0.5,-0.8,0.00,0.00,232,232,-1,0.2,0.4,0.0,0.0,-0.01,-0.01,0.00,0.00,0.00,0.00,0.00,0.00,81,-1,1,0,0.0,0.00,0.000,0.000,0.00,0,26,0,36.7,180.0,180.0,233.3,0.00,0,0.0,0.0
85.50,touchdown,77.50,272.50,0.000,1,2401.0,-3267.7,-0.5,-0.8,0.00,0.00,232,232,-1,0.2,0.4,0.0,0.0,-0.01,-0.01,0.00,0.00,0.00,0.00,0.00,0.00,81,-1,1,0,0.4,0.00,0.000,0.000,0.00,0,26,0,36.7,180.0,180.0,233.3,0.00,0,0.3,-0.0
85.70,touchdown,77.50,272.50,0.000,1,2401.0,-3267.7,-0.5,-0.8,0.00,0.00,232,232,-1,0.2,0.4,0.0,0.0,-0.01,-0.01,0.00,0.00,0.00,0.00,0.00,0.00,81,-1,1,0,0.0,0.00,0.000,0.000,0.00,0,26,0,36.7,180.0,180.0,233.3,0.00,0,0.0,0.0
85.90,touchdown,77.50,272.50,0.000,1,2401.0,-3267.7,-0.5,-0.8,0.00,0.00,232,232,-1,0.2,0.4,0.0,0.0,-0.01,-0.01,0.00,0.00,0.00,0.00,0.00,0.00,81,-1,1,0,0.0,0.00,0.000,0.000,0.00,0,26,0,36.7,180.0,180.0,233.3,0.00,0,0.0,0.0
86.10,touchdown,77.50,272.50,0.000,1,2401.0,-3267.7,-0.5,-0.8,0.00,0.00,232,232,-1,0.2,0.4,0.0,0.0,-0.01,-0.01,0.00,0.00,0.00,0.00,0.00,0.00,81,-1,1,0,0.0,0.00,0.000,0.000,0.00,0,26,0,36.7,180.0,180.0,233.3,0.00,0,0.0,0.0
86.30,touchdown,77.50,272.50,0.000,1,2401.0,-3267.7,-0.5,-0.8,0.00,0.00,232,232,-1,0.2,0.4,0.0,0.0,-0.01,-0.01,0.00,0.00,0.00,0.00,0.00,0.00,81,-1,1,0,-0.5,0.01,0.000,0.000,0.00,0,26,0,36.7,180.0,180.0,233.3,0.00,0,-0.3,-0.5
86.50,touchdown,77.50,272.50,0.000,1,2401.0,-3267.7,-0.5,-0.8,0.00,0.00,232,232,-1,0.2,0.4,0.0,0.0,-0.01,-0.01,0.00,0.00,0.00,0.00,0.00,0.00,81,-1,1,0,0.0,0.00,0.000,0.000,0.00,0,26,0,36.7,180.0,180.0,233.3,0.00,0,0.0,0.0
86.70,touchdown,77.50,272.50,0.000,1,2401.0,-3267.7,-0.5,-0.8,0.00,0.00,232,232,-1,0.2,0.4,0.0,0.0,-0.01,-0.01,0.00,0.00,0.00,0.00,0.00,0.00,81,-1,1,0,0.1,-0.00,0.000,0.000,0.00,0,26,0,36.7,180.0,180.0,233.3,0.00,0,-0.3,-0.2
86.90,touchdown,77.50,272.50,0.000,1,2401.0,-3267.7,-0.5,-0.8,0.00,0.00,232,232,-1,0.2,0.4,0.0,0.0,-0.01,-0.01,0.00,0.00,0.00,0.00,0.00,0.00,81,-1,1,0,0.0,0.00,0.000,0.000,0.00,0,26,0,36.7,180.0,180.0,233.3,0.00,0,-0.0,-0.0
87.10,touchdown,77.50,272.50,0.000,1,2401.0,-3267.7,-0.5,-0.8,0.00,0.00,232,232,-1,0.2,0.4,0.0,0.0,-0.01,-0.01,0.00,0.00,0.00,0.00,0.00,0.00,81,-1,1,0,0.0,0.00,0.000,0.000,0.00,0,26,0,36.7,180.0,180.0,233.3,0.00,0,0.0,0.0
87.30,touchdown,77.50,272.50,0.000,1,2401.0,-3267.7,-0.5,-0.8,0.00,0.00,232,232,-1,0.2,0.4,0.0,0.0,-0.01,-0.01,0.00,0.00,0.00,0.00,0.00,0.00,81,-1,1,0,0.0,0.00,0.000,0.000,0.00,0,26,0,36.7,180.0,180.0,233.3,0.00,0,0.0,0.0
87.50,touchdown,77.50,272.50,0.000,1,2401.0,-3267.7,-0.5,-0.8,0.00,0.00,232,232,-1,0.2,0.4,0.0,0.0,-0.01,-0.01,0.00,0.00,0.00,0.00,0.00,0.00,81,-1,1,0,0.0,0.00,0.000,0.000,0.00,0,26,0,36.7,180.0,180.0,233.3,0.00,0,0.0,0.0
87.70,touchdown,77.50,272.50,0.000,1,2401.0,-3267.7,-0.5,-0.8,0.00,0.00,232,232,-1,0.2,0.4,-0.0,0.0,-0.01,-0.01,0.00,0.00,0.00,0.00,0.00,0.00,81,-1,1,0,0.0,0.00,0.000,0.000,0.00,0,26,0,36.7,180.0,180.0,233.3,0.00,0,-0.0,-0.0
87.90,touchdown,77.50,272.50,0.000,1,2401.0,-3267.7,-0.5,-0.8,0.00,0.00,232,232,-1,0.2,0.5,-0.0,-0.0,-0.01,-0.01,0.00,0.00,0.00,0.00,0.00,0.00,81,-1,1,0,0.0,0.00,0.000,0.000,0.00,0,26,0,36.7,180.0,180.0,233.3,0.00,0,-0.0,0.0
88.10,touchdown,77.50,272.50,0.000,1,2401.0,-3267.7,-0.5,-0.8,0.00,0.00,232,232,-1,0.2,0.5,-0.0,-0.0,-0.01,-0.02,0.00,0.00,0.00,0.00,0.00,0.00,81,-1,1,0,0.0,0.00,0.000,0.000,0.00,0,26,0,36.7,180.0,180.0,233.3,0.00,0,-0.0,0.0
88.30,touchdown,77.50,272.50,0.000,1,2401.0,-3267.7,-0.5,-0.8,0.00,0.00,232,232,-1,0.2,0.5,-0.0,-0.0,-0.01,-0.02,0.00,0.00,0.00,0.00,0.00,0.00,81,-1,1,0,0.0,0.00,0.000,0.000,0.00,0,26,0,36.7,180.0,180.0,233.3,0.00,0,-0.0,0.0
88.40,end:ok:control [lean 58 body 30 braketurn 0.55],0,0,0,0,0,0,0,0,0,0,0,0,0,0,0,0,0,0,0,0,0,0,0,0,0,0,0,0,0,0,0,0,0,0,0,0,0,0,0,0,0,0,0,0,0
