t,phase,height,err,pwr,gps,x,z,ex,ez,vxw,vzw,hdg,rawhdg,mothdg,tp,tr,p,r,vx,vy,sched,fwdRaw,latRaw,vrtRaw,fwdH,latH,energy,fuel,sat,yerr,yrate,ydem,athr,amax,vv,dockc,npers,chg,nav1,nav3,nav2,trihdg,trires,aimq,wx,wz
0.00,climb,99.50,250.50,1.000,1,1285.7,-20.2,606.8,385.7,0.00,0.00,165,165,-1,0.0,0.0,-0.0,-0.0,-0.00,-0.00,0.00,0.00,0.00,0.00,0.00,0.00,-1,-1,1,-2,-0.0,-0.03,1.000,1.000,0.00,0,0,0,103.6,0.0,180.0,166.4,0.00,0,0.0,-0.0
0.10,climb,99.50,250.50,1.000,1,1285.7,-20.2,606.8,385.7,0.00,0.00,165,165,-1,0.0,0.0,-0.0,0.0,0.00,0.00,0.00,0.00,0.00,0.00,0.00,0.00,-1,-1,1,-5,-0.1,-0.09,1.000,1.000,0.00,0,0,0,103.6,0.0,180.0,166.4,0.00,0,0.3,0.0
0.20,climb,99.50,250.50,1.000,1,1285.7,-20.2,606.8,385.7,0.00,-0.00,165,165,-1,0.0,0.0,-0.0,0.0,0.00,0.00,0.00,0.00,0.00,0.00,0.00,0.00,-1,-1,1,-8,0.0,-0.15,1.000,1.000,0.00,0,0,0,103.6,0.0,180.0,166.4,0.00,0,-0.1,0.1
0.30,climb,99.51,250.49,1.000,1,1285.7,-20.2,606.8,385.7,0.00,0.00,165,165,-1,0.0,0.0,-0.0,-0.0,-0.00,-0.00,0.00,0.00,0.00,0.00,-0.00,-0.00,-1,-1,1,-10,-0.7,-0.21,1.000,1.000,0.05,0,0,0,103.6,0.0,180.0,166.4,0.00,0,-0.5,0.2
0.40,climb,99.57,250.43,1.000,1,1285.7,-20.2,606.8,385.7,0.00,0.00,165,165,-1,0.0,0.0,-0.0,-0.0,-0.00,-0.00,0.00,0.00,0.00,0.00,0.00,0.00,-1,-1,1,-13,-0.7,-0.26,1.000,1.000,0.37,0,0,0,103.7,0.1,180.0,166.3,0.00,0,-0.5,0.2
0.50,climb,99.77,250.23,1.000,1,1285.7,-20.2,606.8,385.7,0.00,0.00,165,165,-1,0.0,0.0,-0.1,-0.0,-0.00,-0.01,0.00,0.00,0.00,0.00,0.00,0.00,-1,-1,1,-16,-5.6,-0.29,1.000,1.000,1.55,0,0,0,103.7,0.1,180.0,166.3,0.00,0,-0.9,0.3
0.60,climb,100.20,249.80,1.000,1,1285.7,-20.2,606.8,385.7,0.00,0.00,165,165,-1,0.0,0.0,-0.2,-0.1,-0.00,-0.02,0.00,0.00,0.00,0.00,0.00,0.00,-1,-1,1,-19,-5.6,-0.28,1.000,1.000,3.59,0,0,0,103.7,0.1,180.0,166.3,0.00,0,-0.9,0.3
0.70,climb,100.92,249.08,1.000,1,1285.7,-20.2,606.8,385.7,0.00,0.02,165,165,-1,0.0,0.0,-0.3,-0.1,-0.00,-0.02,0.00,0.00,0.00,0.00,0.02,0.01,-1,-1,1,-22,-11.3,-0.22,1.000,1.000,6.48,0,0,0,103.7,0.1,180.0,166.3,0.00,0,-1.2,0.2
0.80,climb,101.97,248.03,1.000,1,1285.8,-20.2,606.8,385.7,0.13,0.12,165,161,-1,0.0,0.0,-0.4,0.0,0.01,-0.02,0.00,0.00,0.00,0.00,0.08,-0.07,100,-1,1,-25,-27.3,-0.11,1.000,1.000,9.67,0,26,0,108.1,1.2,179.6,161.9,0.00,0,-0.4,-1.5
0.90,climb,103.32,246.68,1.000,1,1285.8,-20.2,606.7,385.7,0.13,0.12,164,161,-1,0.0,0.0,-0.4,0.2,0.03,-0.01,0.00,0.00,0.00,0.00,0.15,-0.09,100,-1,1,-27,-27.3,0.00,1.000,1.000,12.81,0,26,0,108.1,1.2,179.6,161.9,0.00,0,-0.4,-1.5
1.00,climb,104.99,245.01,1.000,1,1285.8,-20.1,606.7,385.7,0.18,0.26,164,161,-1,0.0,0.0,-0.4,0.4,0.04,0.00,0.00,0.00,0.00,0.00,0.22,-0.12,100,-1,1,-30,-38.3,0.09,1.000,1.000,15.92,0,26,0,108.1,1.2,179.6,161.9,0.00,0,0.5,-1.6
1.10,climb,106.96,243.04,1.000,1,1285.8,-20.1,606.7,385.6,0.09,0.33,163,161,-1,0.0,0.0,-0.3,0.6,0.03,0.01,0.00,0.00,0.00,0.00,0.30,-0.09,100,-1,1,-32,-39.6,0.12,1.000,1.000,19.01,0,26,0,108.1,1.2,179.6,161.9,0.00,0,0.7,-1.2
1.20,climb,109.24,240.76,1.000,1,1285.8,-20.1,606.7,385.6,0.09,0.33,161,147,-1,0.0,0.0,-0.2,0.7,0.02,0.02,0.00,0.00,0.00,0.00,0.34,0.02,100,-1,1,-33,-39.6,0.13,1.000,1.000,22.06,0,26,0,122.4,1.0,179.4,147.6,0.00,0,0.7,-1.2
1.30,climb,111.83,238.17,1.000,1,1285.8,-20.1,606.7,385.6,0.09,0.39,159,147,-1,0.0,0.0,-0.1,0.7,0.01,0.01,0.00,0.00,0.00,0.00,0.40,0.06,100,-1,1,-34,-38.4,0.09,1.000,1.000,25.09,0,26,0,122.4,1.0,179.4,147.6,0.00,0,0.5,-0.1
1.40,climb,114.71,235.29,1.000,1,1285.8,-20.0,606.7,385.5,-0.04,0.44,157,147,-1,0.0,0.0,-0.2,0.5,-0.02,-0.01,0.00,0.00,0.00,0.00,0.39,0.21,100,-1,1,-35,-35.0,0.00,1.000,1.000,28.08,0,26,0,122.4,1.0,179.4,147.6,0.00,0,-0.5,1.4
1.50,climb,117.90,232.10,1.000,1,1285.8,-20.0,606.7,385.5,-0.18,0.47,155,147,-1,0.0,0.0,-0.4,0.2,-0.05,-0.04,0.00,0.00,0.00,0.00,0.36,0.36,100,-1,1,-36,-30.6,-0.12,1.000,1.000,31.04,0,26,0,122.4,1.0,179.4,147.6,0.00,0,-2.1,3.2
1.60,climb,121.38,228.62,1.000,1,1285.8,-19.9,606.7,385.4,-0.26,0.50,152,134,-1,0.0,0.0,-0.8,-0.3,-0.08,-0.07,0.00,0.00,0.00,0.00,0.32,0.47,100,-1,1,-36,-25.9,-0.21,1.000,1.000,33.97,0,26,0,134.9,0.5,179.5,135.1,0.00,0,-3.9,5.0
1.70,climb,125.14,224.86,1.000,1,1285.7,-19.8,606.7,385.4,-0.04,0.54,149,134,-1,0.0,0.0,-1.4,-0.9,-0.10,-0.10,0.00,0.00,0.00,0.00,0.36,0.42,100,-1,1,-37,-21.8,-0.28,1.000,1.000,36.87,0,26,0,134.9,0.5,179.5,135.1,0.00,0,-5.1,6.0
1.80,climb,129.20,220.80,1.000,1,1285.8,-19.8,606.8,385.3,0.22,0.53,147,134,-1,0.0,0.0,-1.9,-1.4,-0.09,-0.10,0.00,0.00,0.00,0.00,0.43,0.33,100,-1,1,-37,-24.0,-0.31,1.000,1.000,39.74,0,26,0,134.9,0.5,179.5,135.1,0.00,0,-3.7,4.4
1.90,climb,133.53,216.47,1.000,1,1285.8,-19.7,606.7,385.3,0.66,0.51,145,134,-1,0.0,0.0,-2.3,-1.7,-0.06,-0.08,0.00,0.00,0.00,0.00,0.56,0.12,100,-1,1,-38,-29.1,-0.28,1.000,1.000,42.58,0,26,0,134.9,0.5,179.5,135.1,0.00,0,-0.8,1.1
2.00,climb,138.13,211.87,0.970,1,1285.8,-19.7,606.7,385.2,0.66,0.51,142,124,-1,0.0,0.0,-2.4,-1.6,0.00,-0.04,0.00,0.00,0.00,0.00,0.81,-0.21,100,-1,0,-38,-29.1,-0.18,0.972,0.988,45.37,0,26,0,145.0,0.1,179.9,125.1,0.00,0,-0.8,1.1
2.10,climb,143.01,206.99,0.818,1,1286.1,-19.6,606.6,385.2,1.54,0.46,139,124,-1,0.0,0.0,-2.0,-1.0,0.07,0.03,0.00,0.00,0.00,0.00,1.10,-0.56,100,-1,0,-38,-42.9,-0.05,0.818,0.857,48.12,0,26,0,145.0,0.1,179.9,125.1,0.00,0,7.0,-6.5
2.20,climb,148.13,201.87,0.663,1,1286.2,-19.6,606.4,385.1,1.76,0.48,137,124,-1,0.0,0.0,-1.3,-0.2,0.12,0.10,0.00,0.00,0.00,0.00,1.39,-0.81,100,-1,0,-39,-47.1,0.08,0.663,0.751,50.74,0,26,0,145.0,0.1,179.9,125.1,0.00,0,9.6,-8.0
2.30,climb,153.44,196.56,0.524,1,1286.4,-19.5,606.3,385.1,1.76,0.54,135,124,-1,0.0,0.0,-0.3,0.7,0.13,0.15,0.00,0.00,0.00,0.00,1.58,-0.90,100,-1,0,-40,-47.9,0.14,0.524,0.637,52.90,0,26,0,145.0,0.1,179.9,125.1,0.00,0,9.7,-6.5
2.40,climb,158.90,191.10,0.412,1,1286.4,-19.5,606.1,385.0,1.76,0.54,131,106,-1,0.0,0.0,0.7,1.2,0.09,0.16,0.00,0.00,0.00,0.00,1.69,-0.73,100,-1,0,-39,-47.9,0.18,0.413,0.514,54.38,0,26,0,162.6,1.0,176.8,107.3,0.00,0,9.7,-6.5
2.50,climb,164.43,185.57,0.328,1,1286.7,-19.4,605.9,385.0,1.45,0.72,127,106,-1,0.0,0.0,1.4,1.4,0.04,0.12,0.00,0.00,0.00,0.00,1.71,-0.50,100,-1,0,-38,-42.0,0.15,0.328,0.391,55.24,0,26,0,162.6,1.0,176.8,107.3,0.00,0,3.2,0.1
2.60,climb,169.98,180.02,0.271,1,1286.7,-19.4,605.8,384.9,1.45,0.72,124,106,-1,0.0,0.0,1.7,1.2,-0.02,0.06,0.00,0.00,0.00,0.00,1.60,-0.21,100,-1,0,-38,-42.0,0.08,0.271,0.302,55.48,0,26,0,162.6,1.0,176.8,107.3,0.00,0,3.2,0.1
2.70,climb,175.50,174.50,0.235,1,1286.9,-19.3,605.6,384.8,1.23,0.77,121,106,-1,0.0,0.0,1.6,0.8,-0.05,-0.00,0.00,0.00,0.00,0.00,1.45,0.03,100,-1,0,-38,-38.0,-0.00,0.235,0.256,55.27,0,26,0,162.6,1.0,176.8,107.3,0.00,0,-1.0,2.3
2.80,climb,180.97,169.03,0.213,1,1287.1,-19.2,605.5,384.7,0.97,0.80,116,91,-1,0.0,0.0,1.2,0.4,-0.06,-0.06,0.00,0.00,0.00,0.00,1.34,0.23,100,-1,0,-37,-31.2,-0.05,0.213,0.262,54.76,0,26,0,178.3,0.3,169.6,91.7,0.00,0,-6.1,4.0
2.90,climb,186.37,163.63,0.200,1,1287.2,-19.1,605.4,384.7,0.92,0.78,112,91,-1,0.0,0.0,0.5,-0.1,-0.07,-0.09,0.00,0.00,0.00,0.00,1.20,0.37,100,-1,0,-36,-28.7,-0.09,0.200,0.263,54.07,0,26,0,178.3,0.3,169.6,91.7,0.00,0,-6.4,3.9
3.00,climb,191.68,158.32,0.192,1,1287.3,-19.0,605.3,384.6,0.88,0.74,109,91,-1,0.0,0.0,-0.1,-0.5,-0.06,-0.10,0.00,0.00,0.00,0.00,1.13,0.43,100,-1,0,-35,-26.7,-0.13,0.193,0.257,53.27,0,26,0,178.3,0.3,169.6,91.7,0.00,0,-5.7,3.4
3.10,climb,196.91,153.09,0.188,1,1287.3,-18.9,605.2,384.5,0.88,0.68,106,91,-1,0.0,0.0,-0.7,-0.8,-0.05,-0.09,0.00,0.00,0.00,0.00,1.05,0.46,100,-1,0,-35,-25.1,-0.17,0.188,0.247,52.41,0,26,0,178.3,0.3,169.6,91.7,0.00,0,-4.0,2.8
3.20,climb,202.03,147.97,0.187,1,1287.3,-18.9,605.2,384.4,0.88,0.68,102,80,-1,0.0,0.0,-1.1,-1.0,-0.04,-0.07,0.00,0.00,0.00,0.00,1.00,0.48,100,-1,0,-34,-25.1,-0.18,0.187,0.232,51.48,0,26,0,189.2,358.8,352.8,80.8,0.00,0,-4.0,2.8
3.30,climb,207.06,142.94,0.187,1,1287.4,-18.9,605.1,384.4,0.88,0.61,99,80,-1,0.0,0.0,-1.2,-1.1,-0.03,-0.04,0.00,0.00,0.00,0.00,0.96,0.47,100,-1,0,-34,-24.0,-0.19,0.188,0.214,50.52,0,26,0,189.2,358.8,352.8,80.8,0.00,0,-1.8,1.7
3.40,climb,212.00,138.00,0.188,1,1287.6,-18.8,605.0,384.3,0.97,0.47,96,80,-1,0.0,0.0,-1.3,-1.1,-0.01,-0.02,0.00,0.00,0.00,0.00,1.02,0.44,100,-1,0,-34,-22.9,-0.21,0.189,0.198,49.57,0,26,0,189.2,358.8,352.8,80.8,0.00,0,0.9,-0.7
3.50,climb,216.83,133.17,0.189,1,1287.7,-18.7,604.9,384.3,0.97,0.41,93,80,-1,0.0,0.0,-1.2,-0.9,0.01,-0.00,0.00,0.00,0.00,0.00,0.99,0.42,100,-1,0,-34,-22.6,-0.23,0.189,0.194,48.63,0,26,0,189.2,358.8,352.8,80.8,0.00,0,1.7,-1.4
3.60,climb,221.57,128.43,0.190,1,1287.7,-18.7,604.8,384.2,0.97,0.41,90,71,-1,0.0,0.0,-1.0,-0.7,0.02,0.01,0.00,0.00,0.00,0.00,0.96,0.42,100,-1,0,-34,-22.6,-0.22,0.191,0.203,47.68,0,26,0,198.5,358.9,356.8,71.5,0.00,0,1.7,-1.4
3.70,climb,226.21,123.79,0.194,1,1287.9,-18.7,604.7,384.2,0.97,0.34,87,71,-1,0.0,0.0,-0.9,-0.5,0.03,0.02,0.00,0.00,0.00,0.00,0.94,0.43,100,-1,0,-34,-22.2,-0.23,0.195,0.211,46.69,0,26,0,198.5,358.9,356.8,71.5,0.00,0,1.9,-1.6
3.80,climb,230.76,119.24,0.196,1,1288.0,-18.6,604.6,384.2,0.97,0.31,84,71,-1,0.0,0.0,-0.7,-0.4,0.02,0.02,0.00,0.00,0.00,0.00,0.93,0.43,100,-1,0,-34,-22.2,-0.24,0.197,0.212,45.74,0,26,0,198.5,358.9,356.8,71.5,0.00,0,1.4,-1.0
3.90,climb,235.22,114.78,0.196,1,1288.1,-18.6,604.5,384.1,0.97,0.30,82,71,-1,0.0,0.0,-0.6,-0.2,0.01,0.01,0.00,0.00,0.00,0.00,0.91,0.44,100,-1,0,-35,-22.4,-0.26,0.197,0.206,44.84,0,26,0,198.5,358.9,356.8,71.5,0.00,0,0.9,-0.3
4.00,climb,239.60,110.40,0.195,1,1288.1,-18.6,604.4,384.1,0.97,0.30,79,62,-1,0.0,0.0,-0.5,-0.2,0.00,0.00,0.00,0.00,0.00,0.00,0.89,0.48,100,-1,0,-35,-22.4,-0.25,0.196,0.198,43.95,0,26,0,207.4,359.5,359.1,62.6,0.00,0,0.9,-0.3
4.10,climb,243.88,106.12,0.194,1,1288.3,-18.5,604.3,384.1,0.97,0.28,76,62,-1,0.0,0.0,-0.5,-0.3,-0.01,-0.01,0.00,0.00,0.00,0.00,0.87,0.51,100,-1,0,-35,-23.2,-0.25,0.195,0.202,43.07,0,26,0,207.4,359.5,359.1,62.6,0.00,0,-0.3,1.1
4.20,climb,248.08,101.92,0.194,1,1288.4,-18.5,604.2,384.0,0.88,0.27,74,62,-1,0.0,0.0,-0.6,-0.4,-0.02,-0.01,0.00,0.00,0.00,0.00,0.85,0.54,100,-1,0,-36,-23.4,-0.26,0.195,0.208,42.18,0,26,0,207.4,359.5,359.1,62.6,0.00,0,-0.2,1.0
4.30,climb,252.19,97.81,0.195,1,1288.5,-18.5,604.1,384.0,0.88,0.26,72,62,-1,0.0,0.0,-0.6,-0.4,-0.01,-0.01,0.00,0.00,0.00,0.00,0.75,0.53,100,-1,0,-37,-23.7,-0.27,0.196,0.206,41.28,0,26,0,207.4,359.5,359.1,62.6,0.00,0,0.2,0.4
4.40,climb,256.21,93.79,0.193,1,1288.6,-18.5,604.0,384.0,0.88,0.23,69,52,-1,0.0,0.0,-0.6,-0.4,-0.00,-0.01,0.00,0.00,0.00,0.00,0.73,0.55,100,-1,0,-37,-24.1,-0.27,0.194,0.198,40.43,0,26,0,216.8,359.1,358.9,53.2,0.00,0,0.6,-0.4
4.50,climb,260.14,89.86,0.190,1,1288.6,-18.5,603.9,384.0,0.88,0.23,66,52,-1,0.0,0.0,-0.5,-0.3,0.01,0.00,0.00,0.00,0.00,0.00,0.71,0.57,100,-1,0,-38,-24.1,-0.27,0.191,0.195,39.59,0,26,0,216.8,359.1,358.9,53.2,0.00,0,0.6,-0.4
4.60,climb,263.99,86.01,0.189,1,1288.7,-18.4,603.8,383.9,0.88,0.21,64,52,-1,0.0,0.0,-0.4,-0.2,0.01,0.01,0.00,0.00,0.00,0.00,0.70,0.57,100,-1,0,-38,-24.6,-0.27,0.190,0.199,38.73,0,26,0,216.8,359.1,358.9,53.2,0.00,0,1.0,-0.9
4.70,climb,267.75,82.25,0.190,1,1288.8,-18.4,603.8,383.9,0.88,0.18,62,52,-1,0.0,0.0,-0.3,-0.1,0.02,0.01,0.00,0.00,0.00,0.00,0.69,0.58,100,-1,0,-39,-25.0,-0.29,0.191,0.201,37.83,0,26,0,216.8,359.1,358.9,53.2,0.00,0,1.0,-1.0
4.80,climb,271.42,78.58,0.190,1,1288.8,-18.4,603.7,383.9,0.88,0.18,59,42,-1,0.0,0.0,-0.2,0.0,0.02,0.01,0.00,0.00,0.00,0.00,0.66,0.61,100,-1,0,-39,-25.0,-0.29,0.191,0.201,36.95,0,26,0,226.6,359.7,359.8,43.4,0.00,0,1.0,-1.0
4.90,climb,275.01,74.99,0.189,1,1289.0,-18.4,603.6,383.9,0.79,0.19,57,42,-1,0.0,0.0,-0.2,0.1,0.01,0.00,0.00,0.00,0.00,0.00,0.56,0.59,100,-1,0,-40,-26.0,-0.29,0.190,0.193,36.10,0,26,0,226.6,359.7,359.8,43.4,0.00,0,-0.1,0.3
5.00,climb,278.52,71.48,0.185,1,1289.0,-18.4,603.5,383.9,0.79,0.19,54,42,-1,0.0,0.0,-0.2,0.0,-0.01,-0.01,0.00,0.00,0.00,0.00,0.54,0.61,100,-1,0,-41,-26.0,-0.28,0.185,0.192,35.30,0,26,0,226.6,359.7,359.8,43.4,0.00,0,-0.1,0.3
5.10,climb,281.95,68.05,0.181,1,1289.1,-18.3,603.4,383.8,0.79,0.19,53,42,-1,0.0,0.0,-0.3,-0.1,-0.02,-0.02,0.00,0.00,0.00,0.00,0.51,0.63,100,-1,0,-42,-27.0,-0.27,0.182,0.195,34.49,0,26,0,226.6,359.7,359.8,43.4,0.00,0,-0.9,1.2
5.20,climb,285.29,64.71,0.180,1,1289.1,-18.3,603.4,383.8,0.79,0.19,49,32,-1,0.0,0.0,-0.4,-0.2,-0.02,-0.02,0.00,0.00,0.00,0.00,0.47,0.66,100,-1,0,-42,-27.0,-0.26,0.181,0.197,33.63,0,26,0,237.2,359.2,359.5,32.8,0.00,0,-0.9,1.2
5.30,climb,288.55,61.45,0.145,1,1289.3,-18.3,603.3,383.8,0.79,0.17,47,32,-1,0.0,0.0,-0.5,-0.3,-0.02,-0.02,0.00,0.00,0.00,0.00,0.45,0.68,100,-1,0,-42,-27.9,-0.25,0.146,0.164,32.79,0,26,0,237.2,359.2,359.5,32.8,0.00,0,-1.0,1.2
5.40,climb,291.73,58.27,0.102,1,1289.3,-18.3,603.2,383.8,0.79,0.17,44,32,-1,0.0,0.0,-0.6,-0.4,-0.02,-0.03,0.00,0.00,0.00,0.00,0.43,0.68,100,-1,0,-43,-27.9,-0.24,0.102,0.120,31.96,0,26,0,237.2,359.2,359.5,32.8,0.00,0,-1.0,1.2
5.50,climb,294.82,55.18,0.060,1,1289.4,-18.3,603.1,383.8,0.79,0.15,42,32,-1,0.0,0.0,-0.7,-0.4,-0.01,-0.02,0.00,0.00,0.00,0.00,0.43,0.68,100,-1,0,-44,-28.3,-0.23,0.061,0.073,31.10,0,26,0,237.2,359.2,359.5,32.8,0.00,0,-0.7,0.9
5.60,climb,297.80,52.20,0.026,1,1289.5,-18.3,603.0,383.8,0.70,0.12,39,21,-1,0.0,0.0,-0.8,-0.4,-0.00,-0.02,0.00,0.00,0.00,0.00,0.34,0.63,100,-1,0,-43,-27.8,-0.23,0.026,0.034,30.13,0,26,0,248.4,357.7,359.1,21.6,0.00,0,-0.1,-0.1
5.70,climb,300.66,49.34,0.006,1,1289.5,-18.3,603.0,383.8,0.70,0.12,36,21,-1,0.0,0.0,-0.8,-0.4,0.00,-0.02,0.00,0.00,0.00,0.00,0.32,0.64,100,-1,1,-43,-27.8,-0.24,0.006,0.013,28.93,0,26,0,248.4,357.7,359.1,21.6,0.00,0,-0.1,-0.1
5.80,climb,303.41,46.59,0.000,1,1289.7,-18.2,602.9,383.7,0.70,0.09,34,21,-1,0.0,0.0,-0.8,-0.3,0.00,-0.02,0.00,0.00,0.00,0.00,0.31,0.64,100,-1,1,-44,-26.9,-0.25,0.000,0.000,27.78,0,26,0,248.4,357.7,359.1,21.6,0.00,0,-0.0,-0.1
5.90,climb,306.05,43.95,0.000,1,1289.7,-18.2,602.8,383.7,0.70,0.09,32,21,-1,0.0,0.0,-0.8,-0.3,0.00,-0.01,0.00,0.00,0.00,0.00,0.29,0.65,100,-1,1,-44,-26.4,-0.26,0.000,0.000,26.63,0,26,0,248.4,357.7,359.1,21.6,0.00,0,0.1,-0.2
6.00,climb,308.56,41.44,0.000,1,1289.8,-18.2,602.8,383.7,0.70,0.08,28,10,-1,0.0,0.0,-0.8,-0.2,0.01,-0.01,0.00,0.00,0.00,0.00,0.26,0.66,100,-1,1,-41,-25.8,-0.27,0.000,0.000,25.44,0,26,0,259.2,355.4,359.1,10.8,0.00,0,0.2,-0.4
6.10,climb,310.95,39.05,0.000,1,1289.8,-18.2,602.7,383.7,0.70,0.08,26,10,-1,0.0,0.0,-0.8,-0.1,0.01,-0.01,0.00,0.00,0.00,0.00,0.23,0.67,100,-1,1,-38,-25.8,-0.25,0.000,0.000,24.20,0,26,0,259.2,355.4,359.1,10.8,0.00,0,0.2,-0.4
6.20,climb,313.20,36.80,0.000,1,1289.9,-18.2,602.6,383.7,0.62,0.08,23,10,-1,0.0,0.0,-0.8,-0.1,0.01,-0.01,0.00,0.00,0.00,0.00,0.17,0.60,100,-1,1,-36,-24.6,-0.21,0.000,0.000,22.92,0,26,0,259.2,355.4,359.1,10.8,0.00,0,0.4,-0.6
6.30,climb,315.33,34.67,0.006,1,1290.0,-18.2,602.6,383.7,0.62,0.07,21,10,-1,0.0,0.0,-0.7,0.0,0.01,-0.00,0.00,0.00,0.00,0.00,0.15,0.60,100,-1,1,-34,-24.1,-0.18,0.006,0.011,21.61,0,26,0,259.2,355.4,359.1,10.8,0.00,0,0.4,-0.6
6.40,climb,317.33,32.67,0.020,1,1290.0,-18.2,602.5,383.7,0.62,0.07,18,360,-1,0.0,0.0,-0.7,0.1,0.01,-0.00,0.00,0.00,0.00,0.00,0.12,0.61,100,-1,0,-30,-24.1,-0.13,0.020,0.027,20.32,0,26,0,269.1,321.9,359.3,0.9,0.00,0,0.4,-0.6
6.50,climb,319.20,30.80,0.030,1,1290.1,-18.2,602.4,383.7,0.62,0.07,15,360,-1,0.0,0.0,-0.7,0.2,0.01,-0.00,0.00,0.00,0.00,0.00,0.09,0.61,100,-1,0,-28,-23.3,-0.08,0.030,0.037,19.04,0,26,0,269.1,321.9,359.3,0.9,0.00,0,0.4,-0.6
6.60,climb,320.94,29.06,0.044,1,1290.2,-18.2,602.4,383.7,0.62,0.07,13,360,-1,0.0,0.0,-0.6,0.3,0.01,-0.00,0.00,0.00,0.00,0.00,0.07,0.62,100,-1,0,-25,-23.1,-0.04,0.044,0.050,17.77,0,26,0,269.1,321.9,359.3,0.9,0.00,0,0.4,-0.6
6.70,climb,322.56,27.44,0.060,1,1290.2,-18.2,602.3,383.7,0.62,0.07,11,360,-1,0.0,0.0,-0.6,0.4,0.02,-0.00,0.00,0.00,0.00,0.00,0.05,0.62,100,-1,0,-23,-23.1,-0.01,0.060,0.067,16.52,0,26,0,269.1,321.9,359.3,0.9,0.00,0,0.4,-0.6
6.80,climb,324.06,25.94,0.080,1,1290.2,-18.2,602.3,383.7,0.62,0.07,8,351,-1,0.0,0.0,-0.5,0.5,0.02,-0.00,0.00,0.00,0.00,0.00,0.01,0.62,100,-1,0,-20,-22.8,0.05,0.080,0.087,15.27,0,26,0,278.4,183.9,359.4,351.6,0.00,0,0.4,-0.6
6.90,climb,325.43,24.57,0.104,1,1290.4,-18.2,602.2,383.7,0.62,0.07,5,351,-1,0.0,0.0,-0.4,0.5,0.02,0.00,0.00,0.00,0.00,0.00,-0.01,0.62,100,-1,0,-18,-22.4,0.10,0.104,0.111,14.04,0,26,0,278.4,183.9,359.4,351.6,0.00,0,0.4,-0.6
7.00,climb,326.68,23.32,0.131,1,1290.4,-18.1,602.1,383.7,0.62,0.07,3,351,-1,0.0,0.0,-0.4,0.6,0.02,0.00,0.00,0.00,0.00,0.00,-0.04,0.62,100,-1,0,-15,-22.2,0.14,0.131,0.139,12.83,0,26,0,278.4,183.9,359.4,351.6,0.00,0,0.6,-0.4
7.10,climb,327.82,22.18,0.159,1,1290.4,-18.1,602.1,383.6,0.62,0.07,1,351,-1,0.0,0.0,-0.3,0.7,0.01,0.01,0.00,0.00,0.00,0.00,-0.06,0.62,100,-1,0,-14,-22.2,0.17,0.160,0.168,11.67,0,26,0,278.4,183.9,359.4,351.6,0.00,0,0.6,-0.4
7.20,climb,328.86,21.14,0.187,1,1290.5,-18.1,602.0,383.6,0.62,0.07,358,342,-1,0.0,0.0,-0.2,0.7,0.01,0.01,0.00,0.00,0.00,0.00,-0.09,0.61,100,-1,0,-11,-21.9,0.23,0.187,0.193,10.61,0,26,0,287.2,181.3,359.6,342.8,0.00,0,0.7,-0.1
7.30,climb,329.81,20.19,0.209,1,1290.5,-18.1,602.0,383.6,0.62,0.06,356,342,-1,0.0,0.0,-0.1,0.6,-0.00,0.01,0.00,0.00,0.00,0.00,-0.11,0.61,100,-1,0,-8,-21.4,0.27,0.210,0.216,9.71,0,26,0,287.2,181.3,359.6,342.8,0.00,0,0.8,0.6
7.40,climb,330.69,19.31,0.225,1,1290.7,-18.1,601.9,383.6,0.62,0.06,353,342,-1,0.0,0.0,0.0,0.5,-0.01,0.01,0.00,0.00,0.00,0.00,-0.13,0.60,100,-1,0,-6,-19.3,0.29,0.226,0.235,8.97,0,26,0,287.2,181.3,359.6,342.8,0.00,0,0.9,1.0
7.50,climb,331.53,18.47,0.231,1,1290.7,-18.1,601.8,383.6,0.62,0.06,352,342,-1,0.0,0.0,0.1,0.4,-0.01,0.01,0.00,0.00,0.00,0.00,-0.15,0.60,100,-1,0,-4,-19.3,0.30,0.232,0.243,8.46,0,26,0,287.2,181.3,359.6,342.8,0.00,0,0.9,1.0
7.60,climb,332.34,17.66,0.227,1,1290.7,-18.1,601.8,383.6,0.62,0.06,349,334,-1,0.0,0.0,0.2,0.3,-0.01,0.01,0.00,0.00,0.00,0.00,-0.18,0.59,100,-1,0,-1,-17.4,0.32,0.229,0.238,8.15,0,26,0,295.0,179.9,0.1,335.0,0.00,0,0.7,1.1
7.70,cruise,333.12,16.88,0.274,1,1290.9,-18.1,601.7,383.6,0.62,0.09,347,334,-1,4.0,4.0,0.2,0.2,-0.08,-0.05,0.00,0.00,0.00,0.00,-0.21,0.58,100,-1,0,1,-12.9,0.32,0.276,0.312,7.86,0,26,0,295.0,179.9,0.1,335.0,0.00,0,-0.1,0.7
7.80,cruise,333.87,16.13,0.271,1,1290.9,-18.1,601.6,383.6,0.62,0.10,345,334,-1,8.0,8.0,0.2,0.1,-0.13,-0.12,0.00,0.00,0.00,0.00,-0.25,0.57,100,-1,0,15,-9.9,0.56,0.276,0.346,7.56,0,26,0,297.7,179.7,0.1,332.3,0.00,1,-0.1,0.2
7.90,cruise,334.60,15.40,0.264,1,1291.0,-18.1,601.6,383.6,0.53,0.09,343,334,-1,12.0,12.0,0.2,0.1,-0.18,-0.18,0.00,0.00,0.00,0.00,-0.27,0.56,100,-1,0,16,-6.0,0.52,0.268,0.363,7.34,0,26,0,298.6,179.7,0.2,331.4,0.00,1,1.1,-1.0
8.00,cruise,335.33,14.67,0.249,1,1291.0,-18.1,601.5,383.6,0.53,0.07,341,330,-1,16.0,16.0,0.4,0.3,-0.20,-0.20,0.00,0.00,0.00,0.00,-0.26,0.47,100,-1,0,16,-1.3,0.45,0.252,0.357,7.29,0,26,0,299.0,179.6,0.2,331.0,0.00,1,3.7,-3.2
8.10,cruise,336.05,13.95,0.232,1,1291.0,-18.1,601.5,383.6,0.53,0.07,339,330,-1,20.0,20.0,0.8,0.7,-0.19,-0.18,0.00,0.00,0.00,0.00,-0.25,0.47,100,-1,0,16,-1.3,0.36,0.234,0.332,7.26,0,26,0,299.1,179.1,0.5,331.0,0.00,1,3.7,-3.2
8.20,cruise,336.74,13.26,0.221,1,1291.1,-18.1,601.4,383.6,0.35,-0.01,338,330,-1,24.0,24.0,1.7,1.3,-0.17,-0.14,0.00,0.00,0.00,0.00,-0.19,0.40,100,-1,0,16,7.2,0.26,0.221,0.303,7.12,0,26,0,298.6,178.3,0.9,331.4,0.00,1,10.7,-8.7
8.30,cruise,337.40,12.60,0.216,1,1291.1,-18.1,601.4,383.6,0.31,-0.04,337,330,-1,28.0,28.0,2.8,2.3,-0.14,-0.10,0.00,0.00,0.00,0.00,-0.13,0.33,100,-1,0,15,10.7,0.16,0.216,0.279,6.87,0,26,0,297.9,177.1,1.6,332.2,0.00,1,13.8,-11.2
8.40,cruise,338.02,11.98,0.214,1,1291.2,-18.1,601.4,383.6,0.26,-0.05,336,332,-1,29.2,28.8,4.2,3.6,-0.06,-0.04,0.00,0.00,0.00,0.00,-0.09,0.30,100,-1,0,14,13.7,0.07,0.214,0.241,6.58,0,26,0,296.8,175.3,2.4,333.5,0.00,1,16.7,-13.7
8.50,cruise,338.61,11.39,0.214,1,1291.2,-18.1,601.3,383.6,0.26,-0.04,335,332,-1,29.7,29.2,5.8,5.1,0.01,0.03,0.00,0.00,0.00,0.00,-0.07,0.26,100,-1,0,12,16.2,-0.03,0.214,0.226,6.29,0,26,0,295.4,172.9,3.4,335.0,0.00,1,19.1,-15.7
8.60,cruise,339.15,10.85,0.217,1,1291.2,-18.1,601.3,383.6,0.26,-0.04,335,332,-1,30.3,29.6,7.6,6.9,0.08,0.07,0.01,0.00,0.00,0.00,-0.08,0.26,100,-1,0,11,16.2,-0.11,0.217,0.258,5.98,0,26,0,293.9,169.8,4.5,336.9,0.00,1,19.1,-15.7
8.70,cruise,339.66,10.34,0.222,1,1291.3,-18.1,601.3,383.6,0.44,0.07,335,332,-1,30.8,30.0,9.4,8.9,0.13,0.08,0.10,0.00,0.00,0.00,-0.15,0.32,100,-1,0,8,19.0,-0.19,0.222,0.276,5.65,0,26,0,292.3,166.1,5.8,339.0,0.00,1,20.2,-16.7
8.80,cruise,340.13,9.87,0.250,1,1291.3,-18.1,601.2,383.6,0.66,0.16,335,338,-1,31.4,30.3,11.1,11.0,0.14,0.06,0.18,0.00,0.00,0.00,-0.24,0.37,100,-1,0,6,19.2,-0.26,0.251,0.304,5.34,0,26,0,290.6,161.7,7.1,341.3,0.00,1,19.1,-15.4
8.90,cruise,340.57,9.43,0.250,1,1291.4,-18.0,601.2,383.6,0.92,0.27,336,338,-1,31.9,30.6,12.7,12.9,0.13,0.01,0.26,0.00,0.00,0.00,-0.41,0.54,100,-1,0,4,18.7,-0.31,0.251,0.290,4.99,0,26,0,288.9,156.9,8.3,343.6,0.00,1,17.8,-12.8
9.00,cruise,340.98,9.02,0.250,1,1291.5,-18.0,601.1,383.5,1.19,0.41,336,338,-1,32.4,30.9,14.1,14.6,0.09,-0.02,0.33,0.00,0.00,0.00,-0.62,0.74,100,-1,0,2,17.5,-0.34,0.252,0.281,4.70,0,26,0,287.4,151.6,9.6,345.8,0.00,1,16.9,-9.7
9.10,cruise,341.38,8.62,0.250,1,1291.5,-18.0,601.0,383.5,1.19,0.41,337,338,-1,32.9,31.2,15.4,16.1,0.03,-0.04,0.39,0.00,0.00,0.00,-0.85,0.93,100,-1,0,-1,17.5,-0.36,0.252,0.271,4.47,0,26,0,285.9,145.8,10.9,348.0,0.00,1,16.9,-9.7
9.20,cruise,341.76,8.24,0.253,1,1291.7,-17.9,600.8,383.4,1.54,0.58,338,344,-1,33.4,31.5,16.7,17.2,-0.03,-0.05,0.44,0.00,0.00,0.00,-1.12,1.21,100,-1,0,-3,15.4,-0.36,0.255,0.276,4.26,0,26,0,284.6,140.0,12.3,349.9,0.00,1,16.5,-6.8
9.30,cruise,342.13,7.87,0.259,1,1291.8,-17.9,600.7,383.4,1.93,0.76,339,344,-1,34.0,31.6,18.0,18.1,-0.08,-0.03,0.49,0.00,0.00,0.00,-1.40,1.53,100,-1,0,-4,12.8,-0.34,0.261,0.290,4.02,0,26,0,283.6,134.4,13.8,351.7,0.00,1,16.5,-4.4
9.40,cruise,342.46,7.54,0.269,1,1292.3,-17.7,600.4,383.3,2.59,1.17,340,344,-1,34.5,31.8,19.5,18.9,-0.09,-0.00,0.54,0.00,0.00,0.00,-1.66,1.78,100,-1,0,-6,7.1,-0.32,0.270,0.296,3.74,0,26,0,282.8,129.5,15.5,353.2,0.00,1,17.6,-3.6
9.50,cruise,342.77,7.23,0.278,1,1292.3,-17.7,600.2,383.2,2.59,1.17,341,344,-1,35.1,31.8,21.1,19.7,-0.09,0.03,0.59,0.00,0.00,0.00,-1.96,2.06,100,-1,0,-7,7.1,-0.28,0.280,0.312,3.49,0,26,0,282.4,125.6,17.1,354.4,0.00,1,17.6,-3.6
9.60,cruise,343.06,6.94,0.288,1,1292.6,-17.5,599.9,383.0,2.94,1.43,342,347,-1,35.6,31.9,22.8,20.5,-0.07,0.05,0.65,0.00,0.00,0.00,-2.29,2.34,100,-1,0,-8,3.9,-0.24,0.289,0.324,3.26,0,26,0,282.4,122.9,18.7,355.4,0.00,1,17.5,-4.7
9.70,cruise,343.31,6.69,0.299,1,1293.3,-17.2,599.6,382.9,3.65,2.08,342,347,-1,36.2,31.8,24.7,21.5,-0.05,0.08,0.71,0.00,0.00,0.00,-2.65,2.61,100,-1,0,-9,-2.4,-0.19,0.300,0.338,3.03,0,26,0,282.7,121.4,20.3,356.0,0.00,1,16.6,-8.1
9.80,cruise,343.55,6.45,0.312,1,1293.7,-16.9,599.2,382.7,4.00,2.48,343,347,-1,36.7,31.8,26.5,22.5,-0.03,0.09,0.76,0.00,0.00,0.00,-3.06,2.88,100,-1,0,-9,-5.2,-0.13,0.312,0.351,2.81,0,26,0,283.5,121.0,21.8,356.4,0.00,1,15.0,-9.8
9.90,cruise,343.76,6.24,0.324,1,1293.7,-16.9,598.8,382.4,4.00,2.48,344,347,-1,37.2,31.7,28.3,23.5,-0.01,0.09,0.82,0.00,0.00,0.00,-3.51,3.13,100,-1,0,-9,-5.2,-0.07,0.324,0.359,2.63,0,26,0,284.6,121.5,23.1,356.4,0.00,1,15.0,-9.8
10.00,cruise,343.97,6.03,0.335,1,1294.1,-16.7,598.4,382.2,4.44,2.95,344,343,-1,37.7,31.7,30.1,24.6,-0.00,0.09,0.88,0.00,0.00,0.00,-4.09,3.42,100,-1,0,-9,-7.8,-0.02,0.335,0.366,2.49,0,26,0,286.1,122.8,24.1,356.1,0.00,1,12.9,-11.6
10.10,cruise,344.16,5.84,0.345,1,1294.6,-16.3,597.9,381.8,4.92,3.46,343,343,-1,38.2,31.7,31.7,25.6,-0.00,0.08,0.93,0.00,0.00,0.00,-4.72,3.73,100,-1,0,-8,-9.9,0.04,0.345,0.372,2.38,0,26,0,287.8,124.7,24.9,355.5,0.00,1,10.7,-12.8
10.20,cruise,344.35,5.65,0.354,1,1295.7,-15.5,597.4,381.4,5.98,4.56,343,343,-1,38.6,31.7,33.2,26.5,-0.00,0.06,0.98,0.00,0.00,0.00,-5.40,4.08,100,-1,0,-7,-12.6,0.09,0.354,0.377,2.28,0,26,0,289.7,127.0,25.4,354.7,0.00,1,5.2,-13.9
10.30,cruise,344.53,5.47,0.364,1,1296.3,-15.0,596.8,381.0,6.59,5.11,343,343,-1,39.0,31.7,34.4,27.4,-0.01,0.04,1.00,0.00,0.00,0.00,-6.08,4.42,100,-1,0,-6,-13.2,0.13,0.365,0.382,2.16,0,26,0,291.6,129.6,25.6,353.6,0.00,1,2.8,-14.4
10.40,cruise,344.70,5.30,0.374,1,1297.0,-14.4,596.2,380.5,7.29,5.68,342,335,-1,39.4,31.7,35.4,28.2,-0.01,0.02,1.00,0.00,0.00,0.00,-6.86,4.74,100,-1,0,-5,-13.0,0.16,0.375,0.385,2.04,0,26,0,293.6,132.3,25.6,352.4,0.00,1,1.2,-15.0
10.50,cruise,344.86,5.14,0.382,1,1297.0,-14.4,595.5,379.9,7.29,5.68,342,335,-1,39.8,31.8,36.4,29.0,-0.00,0.01,1.00,0.00,0.00,0.00,-7.69,5.13,100,-1,0,-4,-13.0,0.19,0.383,0.386,1.96,0,26,0,295.4,135.2,25.3,351.1,0.00,1,1.2,-15.0
10.60,cruise,345.02,4.98,0.389,1,1297.8,-13.8,594.7,379.3,8.00,6.24,341,335,-1,40.1,32.0,37.2,29.8,0.01,-0.00,1.00,0.00,0.00,0.00,-8.51,5.52,100,-1,0,-2,-12.0,0.19,0.390,0.395,1.90,0,26,0,297.2,137.9,24.9,349.9,0.00,1,0.1,-15.1
10.70,cruise,345.18,4.82,0.397,1,1299.6,-12.5,593.8,378.7,9.54,7.26,340,335,-1,40.5,32.1,37.9,30.7,0.02,-0.02,1.00,0.00,0.00,0.00,-9.31,5.96,100,-1,0,-1,-8.2,0.18,0.397,0.412,1.83,0,26,0,298.7,140.4,24.4,348.8,0.00,1,-1.3,-15.0
10.80,cruise,345.32,4.68,0.405,1,1299.6,-12.5,592.9,378.0,9.54,7.26,339,329,-1,40.8,32.3,38.5,31.7,0.04,-0.03,1.00,0.00,0.00,0.00,-10.17,6.33,100,-1,0,-0,-8.2,0.16,0.406,0.432,1.76,0,26,0,299.9,142.7,23.7,347.9,0.00,1,-1.3,-15.0
10.90,cruise,345.46,4.54,0.414,1,1300.6,-11.7,591.9,377.2,10.33,7.73,338,329,-1,41.1,32.5,39.0,32.8,0.06,-0.04,1.00,0.00,0.00,0.00,-11.01,6.72,100,-1,0,0,-5.8,0.12,0.414,0.452,1.68,0,26,0,300.9,144.7,22.9,347.3,0.00,1,-1.5,-14.7
11.00,cruise,345.59,4.41,0.420,1,1302.9,-10.0,590.8,376.4,12.26,8.68,337,329,-1,41.3,32.7,39.4,34.0,0.07,-0.04,1.00,0.00,0.00,0.00,-11.89,7.24,100,-1,0,0,-0.7,0.07,0.420,0.468,1.67,0,26,0,301.5,146.4,22.2,347.0,0.00,1,-0.7,-12.7
11.10,cruise,345.73,4.27,0.423,1,1302.9,-10.0,589.6,375.5,12.26,8.68,337,329,-1,41.6,33.0,39.8,35.2,0.08,-0.05,1.00,0.00,0.00,0.00,-12.79,7.87,100,-1,0,1,-0.7,0.02,0.423,0.479,1.70,0,26,0,301.9,147.7,21.5,346.9,0.00,1,-0.7,-12.7
11.20,cruise,345.87,4.13,0.427,1,1304.2,-9.1,588.3,374.6,13.23,9.12,336,327,-1,41.9,33.3,40.1,36.4,0.09,-0.05,1.00,0.00,0.00,0.00,-13.67,8.44,100,-1,0,0,1.5,-0.02,0.427,0.486,1.74,0,26,0,302.0,148.6,20.9,347.1,0.00,1,0.2,-11.1
11.30,cruise,346.02,3.98,0.429,1,1307.2,-7.2,586.9,373.7,15.42,9.93,336,327,-1,42.2,33.6,40.5,37.5,0.09,-0.05,1.00,0.00,0.00,0.00,-14.59,9.20,100,-1,0,-0,4.3,-0.07,0.429,0.489,1.78,0,26,0,301.9,148.9,20.6,347.6,0.00,1,3.5,-6.3
11.40,cruise,346.18,3.82,0.432,1,1307.2,-7.2,585.3,372.7,15.42,9.93,335,327,-1,42.5,33.8,40.9,38.5,0.08,-0.04,1.00,0.00,0.00,0.00,-15.44,9.91,100,-1,0,-1,4.3,-0.10,0.432,0.487,1.82,0,26,0,301.7,148.7,20.6,348.3,0.00,1,3.5,-6.3
11.50,cruise,346.34,3.66,0.435,1,1308.8,-6.2,583.7,371.7,16.57,10.30,335,327,-1,42.9,34.0,41.4,39.3,0.07,-0.04,1.00,0.00,0.00,0.00,-16.30,10.72,100,-1,0,-2,4.9,-0.13,0.435,0.483,1.83,0,26,0,301.3,147.9,20.9,349.3,0.00,1,5.5,-3.5
11.60,cruise,346.50,3.50,0.438,1,1310.5,-5.1,582.0,370.6,17.62,10.67,335,328,-1,43.3,34.1,41.9,39.8,0.05,-0.03,1.00,0.00,0.00,0.00,-17.10,11.50,100,-1,0,-3,4.8,-0.15,0.439,0.474,1.82,0,26,0,301.0,146.6,21.7,350.3,0.00,1,7.5,-0.4
11.70,cruise,346.67,3.33,0.442,1,1314.3,-2.9,580.1,369.5,19.91,11.49,335,328,-1,43.7,34.2,42.6,40.1,0.03,-0.02,1.00,0.00,0.00,0.00,-17.95,12.35,100,-1,0,-4,2.5,-0.16,0.442,0.463,1.80,0,26,0,300.7,144.8,22.7,351.4,0.00,1,10.9,5.7
11.80,cruise,346.84,3.16,0.444,1,1314.3,-2.9,578.2,368.4,19.91,11.49,335,328,-1,44.3,34.2,43.4,40.1,0.01,-0.00,1.00,0.00,0.00,0.00,-18.83,13.18,100,-1,0,-5,2.5,-0.15,0.444,0.448,1.78,0,26,0,300.5,142.8,24.1,352.5,0.00,1,10.9,5.7
11.90,cruise,347.01,2.99,0.450,1,1316.4,-1.7,576.1,367.2,21.05,11.96,335,328,-1,44.8,34.1,44.2,39.8,-0.02,0.01,1.00,0.00,0.00,0.00,-19.77,13.98,100,-1,0,-6,0.5,-0.13,0.450,0.462,1.76,0,26,0,300.5,140.7,25.7,353.4,0.00,1,11.9,7.8
12.00,cruise,347.19,2.81,0.480,1,1318.6,-0.5,573.9,366.0,22.06,12.46,335,328,-1,45.4,33.9,45.1,39.3,-0.04,0.02,1.00,0.00,0.00,0.00,-20.68,14.64,100,-1,0,-7,-1.8,-0.10,0.480,0.508,1.70,0,26,0,300.7,138.8,27.4,354.2,0.00,1,12.1,9.1
12.10,cruise,347.36,2.64,0.510,1,1320.9,0.8,571.6,364.7,23.07,13.02,335,328,-1,46.0,33.6,46.1,38.6,-0.05,0.03,1.00,0.00,0.00,0.00,-21.67,15.25,100,-1,0,-7,-4.5,-0.05,0.510,0.553,1.65,0,26,0,301.1,137.1,29.2,354.6,0.00,1,12.1,9.9
12.20,cruise,347.53,2.47,0.540,1,1325.7,3.6,569.3,363.3,25.18,14.47,334,328,-1,46.6,33.4,47.2,37.7,-0.06,0.04,1.00,0.00,0.00,0.00,-22.77,15.82,100,-1,0,-7,-9.9,-0.00,0.540,0.596,1.64,0,26,0,301.7,135.8,31.0,354.7,0.00,1,10.5,8.9
12.30,cruise,347.72,2.28,0.570,1,1325.7,3.6,566.8,361.9,25.18,14.47,334,328,-1,47.2,33.1,48.2,36.7,-0.07,0.04,1.00,0.00,0.00,0.00,-24.03,16.30,100,-1,0,-7,-9.9,0.06,0.570,0.636,1.74,0,26,0,302.7,135.0,32.7,354.4,0.00,1,10.5,8.9
12.40,cruise,347.93,2.07,0.600,1,1331.1,6.7,564.2,360.4,27.47,16.39,333,325,-1,47.8,32.9,49.3,35.6,-0.07,0.05,1.00,0.00,0.00,0.00,-25.55,16.62,100,-1,0,-6,-13.2,0.11,0.600,0.672,1.90,0,26,0,303.9,134.6,34.3,353.8,0.00,1,7.2,4.5
12.50,cruise,348.15,1.85,0.600,1,1333.9,8.4,561.4,358.8,28.70,17.50,333,325,-1,48.5,32.8,50.2,34.5,-0.07,0.04,1.00,0.00,0.00,0.00,-27.18,16.86,100,-1,0,-5,-13.6,0.16,0.601,0.670,2.11,0,26,0,305.3,134.7,35.5,352.8,0.00,1,4.6,1.0
12.60,cruise,348.41,1.59,0.600,1,1336.9,10.3,558.6,357.1,29.93,18.67,332,325,-1,49.1,32.8,51.0,33.6,-0.07,0.03,1.00,0.00,0.00,0.00,-28.94,17.09,100,-1,0,-4,-12.8,0.19,0.601,0.661,2.38,0,26,0,306.8,135.4,36.4,351.5,0.00,1,1.9,-3.7
12.70,cruise,348.69,1.31,0.600,1,1336.9,10.3,555.6,355.2,29.93,18.67,331,325,-1,49.7,33.0,51.6,33.1,-0.05,0.02,1.00,0.00,0.00,0.00,-30.76,17.28,100,-1,0,-3,-12.8,0.20,0.602,0.645,2.71,0,26,0,308.3,136.6,36.7,350.1,0.00,1,1.9,-3.7
12.80,cruise,348.99,1.01,0.600,1,1339.9,12.2,552.6,353.3,31.20,19.83,330,319,-1,50.3,33.4,52.1,33.0,-0.03,0.01,1.00,0.00,0.00,0.00,-32.73,17.20,100,-1,0,-1,-10.9,0.19,0.601,0.627,3.02,0,26,0,309.7,138.1,36.6,348.8,0.00,1,-0.1,-7.8
12.90,cruise,349.32,0.68,0.600,1,1346.5,16.5,549.3,351.2,33.75,22.03,329,319,-1,50.9,33.9,52.5,33.5,-0.01,0.00,1.00,0.00,0.00,0.00,-34.60,17.15,100,-1,0,-0,-4.5,0.15,0.601,0.607,3.32,0,26,0,310.9,139.8,36.1,347.9,0.00,1,-1.6,-14.4
13.00,cruise,349.66,0.34,0.600,1,1346.5,16.5,546.0,349.0,33.75,22.03,329,319,-1,51.4,34.4,52.9,34.6,0.02,-0.00,1.00,0.00,0.00,0.00,-36.41,17.29,100,-1,0,0,-4.5,0.09,0.600,0.614,3.61,0,26,0,311.8,141.7,35.2,347.3,0.00,1,-1.6,-14.4
13.10,cruise,350.02,-0.02,0.500,1,1350.0,18.8,542.5,346.7,35.07,23.04,328,319,-1,52.0,35.1,53.3,36.3,0.06,-0.01,1.00,0.00,0.00,0.00,-38.10,17.57,100,-1,0,0,-0.8,0.02,0.500,0.534,3.89,0,26,0,312.3,143.6,33.9,347.1,0.00,1,-2.1,-17.2
13.20,cruise,350.40,-0.40,0.400,1,1357.3,23.6,538.9,344.4,37.75,24.76,328,316,-1,52.6,36.0,53.6,38.2,0.11,-0.02,1.00,0.00,0.00,0.00,-39.78,17.96,100,-1,0,0,5.6,-0.06,0.400,0.453,4.12,0,26,0,312.5,145.4,32.3,347.3,0.00,1,-2.5,-17.1
13.30,cruise,350.78,-0.78,0.300,1,1357.3,23.6,535.2,341.9,37.75,24.76,327,316,-1,53.1,36.9,53.8,40.2,0.17,-0.04,1.00,0.00,0.00,0.00,-41.19,18.47,100,-1,0,-0,5.6,-0.12,0.300,0.363,4.23,0,26,0,312.4,146.9,30.7,347.8,0.00,1,-2.5,-17.1
13.40,cruise,351.14,-1.14,0.312,1,1365.1,28.7,531.3,339.4,39.59,25.58,327,316,-1,53.5,37.8,54.0,42.1,0.16,-0.05,1.00,0.00,0.00,0.00,-42.22,19.11,100,-1,0,-1,7.0,-0.16,0.312,0.379,4.08,0,26,0,312.1,148.2,29.2,348.3,0.00,1,-2.0,-12.3
13.50,cruise,351.46,-1.46,0.339,1,1365.1,28.7,527.4,336.8,39.59,25.58,328,316,-1,53.9,38.6,54.1,43.6,0.13,-0.07,1.00,0.00,0.00,0.00,-42.83,19.69,100,-1,0,-1,7.0,-0.17,0.339,0.406,3.68,0,26,0,311.7,149.2,28.0,348.9,0.00,1,-2.0,-12.3
13.60,cruise,351.74,-1.74,0.365,1,1369.1,31.2,523.4,334.3,40.21,25.74,328,318,-1,54.2,39.2,54.1,44.7,0.09,-0.08,1.00,0.00,0.00,0.00,-43.18,20.37,100,-1,0,-2,6.5,-0.17,0.366,0.428,3.14,0,26,0,311.3,149.7,27.1,349.4,0.00,1,-1.5,-8.5
13.70,cruise,351.98,-1.98,0.384,1,1373.2,33.8,519.3,331.7,40.87,25.90,328,318,-1,54.4,39.7,54.1,45.4,0.06,-0.08,1.00,0.00,0.00,0.00,-43.54,21.10,100,-1,0,-2,5.5,-0.16,0.385,0.438,2.65,0,26,0,310.9,149.8,26.7,349.9,0.00,1,-0.3,-4.5
13.80,cruise,352.18,-2.18,0.400,1,1381.6,39.0,515.1,329.1,42.50,26.27,329,318,-1,54.8,40.1,54.1,45.8,0.03,-0.07,1.00,0.00,0.00,0.00,-44.01,21.96,100,-1,0,-3,2.1,-0.14,0.401,0.442,2.22,0,26,0,310.5,149.4,26.8,350.4,0.00,1,3.6,2.9
13.90,cruise,352.35,-2.35,0.416,1,1385.9,41.7,510.9,326.5,43.33,26.50,329,318,-1,55.1,40.2,54.3,45.8,0.01,-0.06,1.00,0.00,0.00,0.00,-44.48,22.74,100,-1,0,-4,-0.1,-0.11,0.416,0.443,1.82,0,26,0,310.4,148.6,27.4,351.0,0.00,1,5.8,5.6
14.00,cruise,352.49,-2.49,0.425,1,1385.9,41.7,506.6,323.8,43.33,26.50,329,319,-1,55.5,40.1,54.7,45.6,-0.01,-0.04,1.00,0.00,0.00,0.00,-45.01,23.54,100,-1,0,-4,-0.1,-0.08,0.425,0.445,1.46,0,26,0,310.4,147.5,28.5,351.5,0.00,1,5.8,5.6
14.10,cruise,352.60,-2.60,0.433,1,1394.8,47.1,502.2,321.1,45.13,27.14,329,319,-1,55.9,39.8,55.3,45.2,-0.02,-0.01,1.00,0.00,0.00,0.00,-45.64,24.28,100,-1,0,-5,-4.5,-0.05,0.433,0.446,1.15,0,26,0,310.7,146.2,29.9,352.1,0.00,1,9.7,8.3
14.20,cruise,352.69,-2.69,0.441,1,1399.4,49.8,497.7,318.4,46.10,27.57,329,319,-1,56.4,39.3,56.1,44.7,-0.03,0.01,1.00,0.00,0.00,0.00,-46.38,24.95,100,-1,0,-5,-6.6,-0.01,0.441,0.457,0.87,0,26,0,311.2,144.9,31.7,352.6,0.00,1,10.4,8.7
14.30,cruise,352.75,-2.75,0.446,1,1399.4,49.8,493.1,315.7,46.10,27.57,329,319,-1,56.8,38.7,56.9,44.1,-0.04,0.03,1.00,0.00,0.00,0.00,-47.26,25.54,100,-1,0,-5,-6.6,0.02,0.446,0.474,0.64,0,26,0,312.0,143.6,33.5,352.9,0.00,1,10.4,8.7
14.40,cruise,352.79,-2.79,0.454,1,1404.1,52.6,488.4,312.9,46.98,28.07,329,316,-1,57.2,38.0,57.9,43.4,-0.04,0.04,1.00,0.00,0.00,0.00,-48.26,25.80,100,-1,0,-6,-8.2,0.05,0.454,0.491,0.40,0,26,0,312.9,142.4,35.5,353.1,0.00,1,10.7,8.7
14.50,cruise,352.80,-2.80,0.463,1,1408.8,55.4,483.7,310.1,47.90,28.62,329,316,-1,57.6,37.2,58.8,42.6,-0.04,0.05,1.00,0.00,0.00,0.00,-49.36,26.01,100,-1,0,-6,-9.2,0.07,0.463,0.504,0.16,0,26,0,313.9,141.4,37.5,353.2,0.00,1,10.6,8.4
14.60,cruise,352.79,-2.79,0.472,1,1418.6,61.3,478.8,307.1,49.70,29.91,328,316,-1,57.9,36.5,59.7,41.8,-0.04,0.05,1.00,0.00,0.00,0.00,-50.56,26.12,100,-1,0,-6,-8.5,0.07,0.473,0.513,-0.09,0,26,0,314.8,140.6,39.3,353.1,0.00,1,8.2,6.4
14.70,cruise,352.76,-2.76,0.483,1,1423.7,64.4,473.9,304.2,50.63,30.64,328,316,-1,58.2,35.9,60.4,41.1,-0.04,0.04,1.00,0.00,0.00,0.00,-51.81,26.10,100,-1,0,-6,-7.3,0.06,0.484,0.520,-0.33,0,26,0,315.7,139.9,40.8,353.0,0.00,1,6.2,5.7
14.80,cruise,352.70,-2.70,0.495,1,1423.7,64.4,468.8,301.1,50.63,30.64,327,313,-1,58.4,35.5,60.9,40.3,-0.03,0.02,1.00,0.00,0.00,0.00,-53.24,25.83,100,-1,0,-5,-7.3,0.04,0.495,0.524,-0.57,0,26,0,316.4,139.4,42.1,352.7,0.00,1,6.2,5.7
14.90,cruise,352.62,-2.62,0.508,1,1428.8,67.5,463.7,298.0,51.50,31.41,326,313,-1,58.5,35.2,61.2,39.7,-0.03,0.01,1.00,0.00,0.00,0.00,-54.68,25.49,100,-1,0,-5,-5.8,0.02,0.508,0.528,-0.81,0,26,0,317.0,139.0,43.0,352.4,0.00,1,4.3,4.6
15.00,cruise,352.52,-2.52,0.521,1,1434.0,70.7,458.5,294.8,52.47,32.23,326,313,-1,58.4,34.8,61.5,39.2,-0.02,0.00,1.00,0.00,0.00,0.00,-56.18,25.21,100,-1,0,-5,-4.1,-0.01,0.521,0.533,-1.02,0,26,0,317.3,138.7,43.7,352.2,0.00,1,2.9,3.4
15.10,cruise,352.40,-2.40,0.534,1,1439.3,74.0,453.2,291.5,53.39,33.08,325,313,-1,58.3,34.6,61.6,38.9,-0.01,-0.01,1.00,0.00,0.00,0.00,-57.67,24.90,100,-1,0,-5,-2.4,-0.05,0.534,0.544,-1.21,0,26,0,317.5,138.4,44.1,352.1,0.00,1,1.9,2.6
15.20,cruise,352.25,-2.25,0.547,1,1450.2,80.8,447.8,288.1,55.33,34.79,325,311,-1,58.1,34.5,61.6,38.7,-0.01,-0.01,1.00,0.00,0.00,0.00,-59.17,24.59,100,-1,0,-5,0.0,-0.08,0.547,0.557,-1.40,0,26,0,317.5,138.3,44.3,352.1,0.00,1,0.2,0.4
15.30,cruise,352.09,-2.09,0.560,1,1450.2,80.8,442.3,284.7,55.33,34.79,324,311,-1,58.0,34.4,61.6,38.7,-0.00,-0.01,1.00,0.00,0.00,0.00,-60.65,24.35,100,-1,0,-5,0.0,-0.09,0.560,0.566,-1.56,0,26,0,317.5,138.2,44.3,352.2,0.00,1,0.2,0.4
15.40,cruise,351.93,-1.93,0.570,1,1461.6,88.0,436.6,281.1,57.52,36.69,324,311,-1,57.8,34.3,61.6,38.8,0.00,-0.01,1.00,0.00,0.00,0.00,-62.21,24.20,100,-1,0,-5,-0.0,-0.11,0.570,0.576,-1.65,0,26,0,317.5,138.2,44.3,352.2,0.00,1,0.0,-0.6
15.50,cruise,351.76,-1.76,0.577,1,1467.4,91.7,430.9,277.5,58.62,37.65,323,311,-1,57.6,34.2,61.7,38.9,0.00,-0.00,1.00,0.00,0.00,0.00,-63.81,24.16,100,-1,0,-5,-1.2,-0.10,0.578,0.580,-1.68,0,26,0,317.6,138.3,44.2,352.2,0.00,1,0.3,-1.5
15.60,cruise,351.58,-1.58,0.585,1,1473.4,95.6,425.1,273.8,59.72,38.58,323,311,-1,57.4,34.0,61.8,38.9,0.00,0.01,1.00,0.00,0.00,0.00,-65.37,24.11,100,-1,0,-5,-3.2,-0.07,0.585,0.593,-1.70,0,26,0,317.8,138.6,44.3,352.0,0.00,1,0.8,-2.0
15.70,cruise,351.41,-1.41,0.592,1,1479.4,99.5,419.1,269.9,60.86,39.48,323,311,-1,57.2,33.7,62.0,38.8,-0.00,0.02,1.00,0.00,0.00,0.00,-66.89,24.08,100,-1,0,-4,-5.1,-0.02,0.592,0.607,-1.72,0,26,0,318.3,138.9,44.5,351.6,0.00,1,1.2,-1.8
15.80,cruise,351.23,-1.23,0.601,1,1485.6,103.5,413.1,266.0,62.01,40.42,322,311,-1,57.1,33.4,62.3,38.4,-0.01,0.03,1.00,0.00,0.00,0.00,-68.43,24.08,100,-1,0,-4,-6.7,0.03,0.601,0.625,-1.76,0,26,0,319.0,139.2,44.8,351.0,0.00,1,0.6,-1.7
15.90,cruise,351.06,-1.06,0.609,1,1491.9,107.6,406.9,262.0,63.24,41.40,322,311,-1,56.9,33.0,62.5,37.8,-0.02,0.03,1.00,0.00,0.00,0.00,-70.02,24.01,100,-1,0,-3,-7.7,0.08,0.610,0.639,-1.80,0,26,0,319.8,139.7,45.1,350.0,0.00,1,-0.8,-1.5
16.00,cruise,350.89,-0.89,0.617,1,1498.3,111.9,400.6,257.9,64.47,42.39,321,308,-1,56.8,32.7,62.6,36.9,-0.03,0.02,1.00,0.00,0.00,0.00,-71.78,23.68,100,-1,0,-1,-7.8,0.13,0.617,0.646,-1.80,0,26,0,320.6,140.2,45.4,348.7,0.00,1,-2.4,-1.7
16.10,cruise,350.73,-0.73,0.624,1,1504.8,116.2,394.2,253.6,65.70,43.40,321,308,-1,56.6,32.6,62.5,35.8,-0.03,0.01,1.00,0.00,0.00,0.00,-73.56,23.27,100,-1,0,0,-7.0,0.16,0.625,0.650,-1.81,0,26,0,321.3,140.8,45.5,347.3,0.00,1,-4.0,-2.6
16.20,cruise,350.56,-0.56,0.630,1,1504.8,116.2,387.7,249.3,65.70,43.40,320,308,-1,56.4,32.6,62.2,34.9,-0.03,-0.00,1.00,0.00,0.00,0.00,-75.37,22.79,100,-1,0,2,-7.0,0.17,0.631,0.652,-1.79,0,26,0,321.8,141.6,45.3,345.8,0.00,1,-4.0,-2.6
16.30,cruise,350.41,-0.41,0.636,1,1518.3,125.1,381.0,244.9,68.16,45.38,320,308,-1,56.2,32.7,61.8,34.2,-0.03,-0.02,1.00,0.00,0.00,0.00,-77.15,22.33,100,-1,0,3,-3.1,0.17,0.637,0.664,-1.76,0,26,0,322.2,142.5,44.7,344.5,0.00,1,-6.7,-4.9
16.40,cruise,350.25,-0.25,0.640,1,1525.2,129.7,374.2,240.4,69.43,46.33,319,307,-1,56.0,33.0,61.3,33.8,-0.02,-0.03,1.00,0.00,0.00,0.00,-78.94,21.77,100,-1,0,4,-0.2,0.14,0.640,0.669,-1.70,0,26,0,322.3,143.4,43.8,343.4,0.00,1,-7.3,-5.8
16.50,cruise,350.10,-0.10,0.641,1,1532.2,134.4,367.3,235.8,70.75,47.27,319,307,-1,55.7,33.3,60.7,33.8,-0.01,-0.03,1.00,0.00,0.00,0.00,-80.69,21.38,100,-1,0,5,3.0,0.10,0.641,0.668,-1.59,0,26,0,322.1,144.4,42.6,342.8,0.00,1,-7.5,-7.0
16.60,brake,349.97,0.03,0.640,1,1532.2,134.4,0.0,0.0,70.75,47.27,318,307,-1,49.7,27.3,60.1,34.4,0.05,0.02,1.00,0.00,0.00,0.00,-82.39,21.25,100,-1,0,5,3.0,0.04,0.640,0.670,-1.44,0,26,0,321.7,145.4,41.2,342.6,0.00,1,-7.5,-7.0
16.70,brake,349.84,0.16,0.635,1,1546.7,144.1,0.0,0.0,73.39,48.98,318,307,-1,43.7,21.3,59.6,35.6,0.13,0.12,1.00,0.00,0.00,0.00,-83.99,21.43,100,-1,0,5,8.6,-0.03,0.635,0.735,-1.23,0,26,0,321.0,146.4,39.4,342.9,0.00,1,-6.4,-9.5
16.80,brake,349.73,0.27,0.629,1,1546.7,144.1,0.0,0.0,73.39,48.98,318,309,-1,37.7,15.3,59.1,37.0,0.22,0.19,1.00,0.00,0.00,0.00,-85.41,22.14,100,-1,0,4,8.6,-0.09,0.630,0.793,-1.01,0,26,0,320.2,147.3,37.5,343.5,0.00,1,-6.4,-9.5
16.90,brake,349.64,0.36,0.625,1,1561.7,154.1,0.0,0.0,76.20,50.42,319,309,-1,31.7,9.3,58.2,38.1,0.28,0.22,1.00,0.00,0.00,0.00,-86.79,23.15,100,-1,0,3,11.8,-0.14,0.625,0.825,-0.84,0,26,0,319.0,148.2,35.5,344.0,0.00,1,-12.4,-3.7
17.00,brake,349.58,0.42,0.608,1,1561.7,154.1,0.0,0.0,76.20,50.42,319,309,-1,25.7,3.3,56.6,38.4,0.31,0.20,1.00,0.00,0.00,0.00,-88.08,24.28,100,-1,0,3,11.8,-0.17,0.609,0.812,-0.74,0,26,0,317.4,148.8,33.3,344.1,0.00,1,-12.4,-3.7
17.10,brake,349.56,0.44,0.565,1,1569.5,159.1,0.0,0.0,77.61,51.00,319,309,-1,19.7,-2.7,54.0,37.3,0.29,0.12,1.00,0.00,0.00,0.00,-89.35,25.32,100,-1,0,4,11.4,-0.15,0.566,0.731,-0.72,0,26,0,315.4,149.3,31.1,343.4,0.00,1,-19.0,3.6
17.20,brake,349.59,0.41,0.550,1,1585.4,169.5,0.0,0.0,80.38,51.90,320,316,-1,13.7,-8.7,50.2,34.7,0.24,0.01,1.00,0.00,0.00,0.00,-90.43,27.07,100,-1,0,5,9.0,-0.10,0.550,0.649,-0.73,0,26,0,313.1,149.4,29.0,342.1,0.00,1,-35.1,25.0
17.30,brake,349.65,0.35,0.550,1,1593.5,174.7,0.0,0.0,81.43,52.17,320,316,-1,7.7,-14.7,45.4,30.8,0.18,-0.11,1.00,0.00,0.00,0.00,-91.41,28.26,100,-1,0,7,8.8,-0.04,0.550,0.663,-0.72,0,26,0,310.4,149.2,26.9,340.4,0.00,1,-40.2,36.1
17.40,brake,349.76,0.24,0.550,1,1593.5,174.7,0.0,0.0,81.43,52.17,320,316,-1,1.7,-20.7,40.0,25.9,0.11,-0.19,1.00,0.00,0.00,0.00,-92.29,28.89,100,-1,0,9,8.8,-0.00,0.550,0.670,-0.66,0,26,0,307.4,148.6,25.1,338.9,0.00,1,-40.2,36.1
17.50,brake,349.91,0.09,0.550,1,1601.7,179.9,0.0,0.0,82.27,52.37,320,316,-1,-4.3,-25.0,34.5,20.6,0.03,-0.22,0.94,0.00,0.00,0.00,-93.12,28.97,100,-1,0,10,9.4,0.00,0.550,0.651,-0.42,0,26,0,304.1,147.4,23.4,337.9,0.00,1,-42.4,45.7
17.60,brake,350.12,-0.12,0.550,1,1610.0,185.2,0.0,0.0,82.92,52.52,321,328,-1,-10.3,-27.6,29.5,15.0,-0.09,-0.20,0.74,0.00,0.00,0.00,-93.01,31.37,100,-1,0,10,10.7,-0.02,0.550,0.665,0.08,0,26,0,300.6,145.5,22.2,337.8,0.00,1,-40.9,53.5
17.70,brake,350.40,-0.40,0.550,1,1618.3,190.4,0.0,0.0,83.32,52.62,322,328,-1,-16.3,-30.1,25.3,9.3,-0.20,-0.11,0.55,0.00,0.00,0.00,-92.80,33.15,100,-1,0,9,12.7,-0.07,0.550,0.673,0.83,0,26,0,296.9,142.4,21.3,338.4,0.00,1,-36.0,59.3
17.80,brake,350.74,-0.74,0.550,1,1626.6,195.7,0.0,0.0,83.41,52.70,323,328,-1,-22.3,-32.6,22.1,3.6,-0.27,0.02,0.41,0.00,0.00,0.00,-92.48,34.37,100,-1,0,8,14.7,-0.14,0.551,0.665,1.72,0,26,0,293.0,138.2,20.8,339.7,0.00,1,-29.9,61.7
17.90,brake,351.15,-1.15,0.550,1,1643.2,206.3,0.0,0.0,82.49,52.94,323,328,-1,-28.3,-34.7,19.8,-1.6,-0.28,0.17,0.33,0.00,0.00,0.00,-92.01,35.03,100,-1,0,6,17.3,-0.21,0.551,0.733,2.69,0,26,0,289.1,133.1,20.3,341.4,0.00,1,-19.1,54.4
18.00,brake,351.63,-1.63,0.550,1,1643.2,206.3,0.0,0.0,82.49,52.94,326,344,-1,-33.9,-36.5,18.2,-6.2,-0.24,0.30,0.30,0.00,0.00,0.00,-89.92,39.01,100,-1,0,4,17.3,-0.27,0.552,0.768,3.69,0,26,0,285.5,127.6,19.7,343.4,0.00,1,-19.1,54.4
18.10,brake,352.18,-2.18,0.550,1,1659.5,216.9,0.0,0.0,80.51,53.49,329,344,-1,-32.2,-37.8,16.6,-10.0,-0.15,0.29,0.31,0.00,0.00,0.00,-87.86,42.04,100,-1,0,2,15.7,-0.30,0.553,0.729,4.62,0,26,0,282.2,122.6,18.6,345.4,0.00,1,-23.2,37.0
18.20,brake,352.80,-2.80,0.550,1,1667.4,222.3,0.0,0.0,79.28,53.88,331,344,-1,-30.8,-38.7,14.6,-13.0,-0.05,0.19,0.31,0.00,0.00,0.00,-85.94,44.24,100,-1,0,-0,13.2,-0.31,0.553,0.650,5.50,0,26,0,279.5,119.2,16.6,347.5,0.00,1,-31.8,28.2
18.30,brake,353.50,-3.50,0.550,1,1667.4,222.3,0.0,0.0,79.28,53.88,333,344,-1,-29.9,-39.3,11.6,-15.1,0.04,0.04,0.29,0.00,0.00,0.00,-84.19,45.82,100,-1,0,-2,13.2,-0.31,0.553,0.585,6.37,0,26,0,277.4,118.4,13.5,349.6,0.00,1,-31.8,28.2
18.40,brake,354.28,-4.28,0.550,1,1675.3,227.7,0.0,0.0,77.96,54.21,336,353,-1,-29.4,-39.5,7.6,-16.8,0.10,-0.13,0.27,0.00,0.00,0.00,-81.38,48.93,100,-1,0,-4,9.7,-0.28,0.553,0.646,7.22,0,26,0,276.0,122.6,9.4,351.6,0.00,1,-41.4,21.2
18.50,brake,355.14,-5.14,0.550,1,1690.5,238.6,0.0,0.0,75.15,54.25,338,353,-1,-29.4,-39.5,2.7,-18.3,0.11,-0.27,0.28,0.00,0.00,0.00,-78.66,51.27,100,-1,0,-6,0.2,-0.22,0.552,0.704,8.10,0,26,0,275.4,140.2,4.5,353.5,0.00,1,-52.2,15.9
18.60,brake,356.08,-6.08,0.550,1,1690.5,238.6,0.0,0.0,75.15,54.25,341,353,-1,-29.8,-39.4,-2.5,-19.9,0.08,-0.34,0.33,0.00,0.00,0.00,-76.00,53.05,100,-1,0,-8,0.2,-0.16,0.551,0.719,9.02,0,26,0,275.4,186.0,359.4,355.1,0.00,1,-52.2,15.9
18.70,brake,357.09,-7.09,0.550,1,1705.2,249.3,0.0,0.0,72.25,53.05,343,353,-1,-30.3,-39.1,-7.6,-21.7,0.03,-0.33,0.43,0.00,0.00,0.00,-73.32,54.38,100,-1,0,-9,-9.3,-0.08,0.550,0.696,9.95,0,26,0,276.1,220.5,354.8,356.3,0.00,1,-42.6,19.2
18.80,brake,358.17,-8.17,0.550,1,1712.3,254.5,0.0,0.0,70.71,52.04,344,352,-1,-31.0,-38.6,-12.2,-23.8,-0.01,-0.27,0.54,0.00,0.00,0.00,-70.78,54.99,100,-1,0,-9,-13.1,-0.00,0.550,0.662,10.80,0,26,0,277.4,230.6,351.0,356.9,0.00,1,-32.4,20.9
18.90,brake,359.33,-9.33,0.550,1,1712.3,254.5,0.0,0.0,70.71,52.04,345,352,-1,-31.8,-38.1,-16.0,-25.9,-0.03,-0.18,0.65,0.00,0.00,0.00,-68.21,55.27,100,-1,0,-9,-13.1,0.07,0.550,0.632,11.58,0,26,0,279.3,231.8,348.3,356.9,0.00,1,-32.4,20.9
19.00,brake,360.55,-10.55,0.550,1,1726.0,264.6,0.0,0.0,67.46,49.64,346,352,-1,-32.6,-37.5,-18.9,-28.0,-0.04,-0.07,0.74,0.00,0.00,0.00,-65.67,55.26,100,-1,0,-9,-17.1,0.14,0.551,0.594,12.30,0,26,0,281.4,229.3,346.8,356.3,0.00,1,-10.9,22.4
19.10,brake,361.84,-11.84,0.550,1,1732.6,269.5,0.0,0.0,65.65,48.41,347,352,-1,-33.5,-36.9,-21.0,-29.9,-0.04,0.03,0.82,0.00,0.00,0.00,-63.22,54.93,100,-1,0,-8,-17.2,0.19,0.551,0.579,12.90,0,26,0,283.7,225.0,346.3,355.1,0.00,1,-2.9,22.3
19.20,brake,363.19,-13.19,0.550,1,1739.1,274.3,0.0,0.0,63.81,47.29,347,343,-1,-34.2,-36.3,-22.5,-31.6,-0.04,0.11,0.88,0.00,0.00,0.00,-61.92,53.10,100,-1,0,-6,-16.0,0.22,0.552,0.610,13.49,0,26,0,285.9,219.9,346.6,353.6,0.00,1,1.9,21.1
19.30,brake,364.59,-14.59,0.550,1,1739.1,274.3,0.0,0.0,63.81,47.29,347,343,-1,-34.9,-35.6,-23.5,-33.1,-0.04,0.16,0.94,0.00,0.00,0.00,-60.62,51.31,100,-1,0,-5,-16.0,0.23,0.552,0.631,14.02,0,26,0,287.9,214.8,347.3,352.1,0.00,1,1.9,21.1
19.40,brake,366.04,-16.04,0.550,1,1751.3,283.5,0.0,0.0,59.99,45.42,347,343,-1,-35.4,-35.1,-24.4,-34.6,-0.05,0.18,0.98,0.00,0.00,0.00,-59.36,49.52,100,-1,0,-3,-9.5,0.20,0.551,0.644,14.51,0,26,0,289.5,210.6,348.2,350.8,0.00,1,2.1,17.6
19.50,brake,367.54,-17.54,0.550,1,1757.2,288.0,0.0,0.0,58.01,44.67,347,343,-1,-35.7,-34.8,-25.2,-36.0,-0.06,0.19,1.00,0.00,0.00,0.00,-58.16,47.74,100,-1,0,-3,-4.6,0.14,0.551,0.652,14.99,0,26,0,290.6,207.6,348.9,350.0,0.00,1,-1.8,15.6
19.60,brake,369.08,-19.08,0.550,1,1762.8,292.4,0.0,0.0,55.99,44.02,346,338,-1,-35.8,-34.8,-26.1,-37.5,-0.09,0.17,1.00,0.00,0.00,0.00,-57.49,45.33,100,-1,0,-2,0.3,0.04,0.550,0.652,15.46,0,26,0,291.2,206.4,349.1,349.9,0.00,1,-8.0,13.1
19.70,brake,370.67,-20.67,0.450,1,1768.3,296.7,0.0,0.0,54.01,43.41,345,338,-1,-35.6,-34.9,-27.4,-39.0,-0.11,0.12,1.00,0.00,0.00,0.00,-56.76,43.03,100,-1,0,-3,4.9,-0.07,0.450,0.544,15.90,0,26,0,291.4,207.3,348.6,350.7,0.00,1,-15.0,10.1
19.80,brake,372.28,-22.28,0.350,1,1768.3,296.7,0.0,0.0,54.01,43.41,345,338,-1,-35.2,-35.3,-29.0,-40.5,-0.13,0.07,1.00,0.00,0.00,0.00,-55.93,40.90,100,-1,0,-5,4.9,-0.20,0.351,0.432,16.28,0,26,0,291.1,210.4,347.3,352.3,0.00,1,-15.0,10.1
19.90,brake,373.90,-23.90,0.250,1,1778.6,305.3,0.0,0.0,50.45,42.18,345,338,-1,-34.8,-35.8,-30.9,-42.0,-0.12,0.03,1.00,0.00,0.00,0.00,-55.03,38.92,100,-1,0,-7,8.7,-0.30,0.251,0.312,16.48,0,26,0,290.5,215.0,345.3,354.6,0.00,1,-25.3,2.3
20.00,brake,375.50,-25.50,0.250,1,1783.6,309.4,0.0,0.0,49.09,41.56,345,339,-1,-34.2,-36.2,-33.0,-43.2,-0.11,-0.01,1.00,0.00,0.00,0.00,-54.06,37.43,100,-1,0,-10,8.0,-0.37,0.252,0.300,16.36,0,26,0,289.9,220.4,342.8,357.3,0.00,1,-27.7,-1.4
20.10,brake,377.04,-27.04,0.250,1,1788.4,313.5,0.0,0.0,47.94,40.95,345,339,-1,-33.7,-36.7,-35.2,-44.2,-0.08,-0.05,1.00,0.00,0.00,0.00,-53.14,36.23,100,-1,0,-13,6.2,-0.41,0.253,0.306,15.91,0,26,0,289.4,225.9,340.0,0.0,0.00,1,-29.1,-4.5
20.20,brake,378.52,-28.52,0.250,1,1788.4,313.5,0.0,0.0,47.94,40.95,344,339,-1,-33.4,-37.0,-37.5,-45.0,-0.06,-0.09,1.00,0.00,0.00,0.00,-52.27,35.25,100,-1,0,-15,6.2,-0.43,0.253,0.312,15.28,0,26,0,289.0,230.9,337.0,2.8,0.00,1,-29.1,-4.5
20.30,brake,379.93,-29.93,0.250,1,1797.7,321.6,0.0,0.0,45.75,39.59,344,339,-1,-33.1,-37.2,-39.9,-45.4,-0.03,-0.12,1.00,0.00,0.00,0.00,-51.37,34.27,100,-1,0,-18,0.4,-0.43,0.253,0.312,14.63,0,26,0,288.8,235.1,333.9,5.4,0.00,1,-28.3,-9.8
20.40,brake,381.26,-31.26,0.250,1,1797.7,321.6,0.0,0.0,45.75,39.59,344,340,-1,-33.0,-37.2,-42.2,-45.6,0.01,-0.15,1.00,0.00,0.00,0.00,-50.41,33.46,100,-1,0,-20,0.4,-0.41,0.253,0.314,13.90,0,26,0,288.8,238.6,330.9,7.7,0.00,1,-28.3,-9.8
20.50,brake,382.52,-32.52,0.250,1,1806.6,329.3,0.0,0.0,43.73,38.02,344,340,-1,-32.2,-36.3,-44.3,-45.4,0.04,-0.18,1.00,0.00,0.00,0.00,-49.41,32.62,100,-1,0,-22,-7.2,-0.38,0.252,0.338,13.17,0,26,0,289.1,241.2,327.9,9.6,0.00,1,-23.7,-13.3
20.60,brake,383.71,-33.71,0.250,1,1806.6,329.3,0.0,0.0,43.73,38.02,344,340,-1,-31.7,-35.1,-46.4,-44.8,0.07,-0.20,1.00,0.00,0.00,0.00,-48.43,31.81,100,-1,0,-23,-7.2,-0.32,0.252,0.360,12.44,0,26,0,289.5,243.0,325.2,10.8,0.00,1,-23.7,-13.3
20.70,brake,384.82,-34.82,0.250,1,1815.1,336.7,0.0,0.0,41.79,36.25,344,340,-1,-31.3,-33.9,-48.1,-43.7,0.11,-0.21,1.00,0.00,0.00,0.00,-47.46,30.95,100,-1,0,-24,-15.1,-0.26,0.251,0.379,11.69,0,26,0,290.3,244.0,322.8,11.4,0.00,1,-15.0,-13.5
20.80,brake,385.86,-35.86,0.250,1,1819.2,340.2,0.0,0.0,40.87,35.30,344,338,-1,-31.0,-32.4,-49.5,-42.2,0.15,-0.21,1.00,0.00,0.00,0.00,-46.60,29.83,100,-1,0,-24,-18.9,-0.17,0.250,0.395,10.95,0,26,0,291.4,244.4,320.8,11.1,0.00,1,-9.8,-12.5
20.90,brake,386.83,-36.83,0.250,1,1819.2,340.2,0.0,0.0,40.87,35.30,343,338,-1,-30.9,-30.8,-50.5,-40.1,0.18,-0.21,1.00,0.00,0.00,0.00,-45.73,28.73,100,-1,0,-22,-18.9,-0.07,0.250,0.407,10.22,0,26,0,292.7,244.1,319.2,9.8,0.00,1,-9.8,-12.5
21.00,brake,387.73,-37.73,0.250,1,1827.2,347.0,0.0,0.0,39.20,33.34,342,338,-1,-30.9,-29.1,-51.2,-37.6,0.22,-0.18,1.00,0.00,0.00,0.00,-44.89,27.68,100,-1,0,-20,-25.1,0.04,0.250,0.413,9.48,0,26,0,294.4,243.1,318.2,7.6,0.00,1,1.4,-7.6
21.10,brake,388.56,-38.56,0.250,1,1827.2,347.0,0.0,0.0,39.20,33.34,342,338,-1,-31.0,-27.2,-51.4,-34.7,0.25,-0.15,1.00,0.00,0.00,0.00,-44.05,26.61,100,-1,0,-17,-25.1,0.16,0.250,0.411,8.75,0,26,0,296.4,241.4,317.7,4.4,0.00,1,1.4,-7.6
21.20,brake,389.34,-39.34,0.250,1,1831.0,350.3,0.0,0.0,38.41,32.35,340,330,-1,-31.1,-25.2,-51.2,-31.6,0.27,-0.11,1.00,0.00,0.00,0.00,-43.59,24.94,100,-1,0,-13,-27.0,0.28,0.251,0.400,8.05,0,26,0,298.6,239.0,317.8,0.4,0.00,1,7.1,-3.6
21.30,brake,390.06,-40.06,0.250,1,1834.8,353.5,0.0,0.0,37.62,31.35,338,330,-1,-31.2,-23.1,-50.5,-28.6,0.26,-0.06,1.00,0.00,0.00,0.00,-43.03,23.38,100,-1,0,-8,-27.9,0.39,0.252,0.381,7.39,0,26,0,301.0,235.8,318.4,355.9,0.00,1,12.3,1.3
21.40,brake,390.73,-40.73,0.250,1,1838.5,356.5,0.0,0.0,36.91,30.38,337,330,-1,-31.2,-21.1,-49.6,-26.0,0.24,-0.02,1.00,0.00,0.00,0.00,-42.44,22.01,100,-1,0,-4,-27.9,0.48,0.254,0.355,6.78,0,26,0,303.7,231.9,319.6,351.2,0.00,1,16.4,7.3
21.50,brake,391.35,-41.35,0.250,1,1845.7,362.4,0.0,0.0,35.42,28.56,336,330,-1,-31.2,-18.9,-48.6,-24.1,0.19,0.00,1.00,0.00,0.00,0.00,-41.76,20.70,100,-1,0,1,-26.1,0.57,0.255,0.331,6.19,0,26,0,306.5,227.3,321.2,346.4,0.00,1,20.0,20.1
21.60,brake,391.92,-41.92,0.250,1,1849.2,365.2,0.0,0.0,34.63,27.75,333,320,-1,-31.1,-16.9,-47.5,-23.0,0.12,0.01,1.00,0.00,0.00,0.00,-41.47,18.72,100,-1,0,6,-23.9,0.60,0.256,0.306,5.65,0,26,0,309.3,222.2,323.3,341.9,0.00,1,20.1,25.6
21.70,brake,392.44,-42.44,0.250,1,1849.2,365.2,0.0,0.0,34.63,27.75,331,320,-1,-30.8,-14.9,-46.5,-22.8,0.04,0.01,1.00,0.00,0.00,0.00,-41.01,16.95,100,-1,0,10,-23.9,0.60,0.256,0.273,5.13,0,26,0,312.0,216.9,325.9,337.8,0.00,1,20.1,25.6
21.80,brake,392.92,-42.92,0.250,1,1852.6,367.9,0.0,0.0,33.88,27.00,330,320,-1,-30.5,-13.1,-45.6,-23.4,-0.05,0.00,1.00,0.00,0.00,0.00,-40.46,15.51,100,-1,0,13,-20.7,0.60,0.256,0.277,4.62,0,26,0,314.4,211.4,329.1,334.2,0.00,1,20.0,29.6
21.90,brake,393.36,-43.36,0.250,1,1855.9,370.5,0.0,0.0,33.05,26.28,328,320,-1,-30.1,-11.6,-44.7,-24.7,-0.15,-0.01,1.00,0.00,0.00,0.00,-39.73,14.29,100,-1,0,16,-16.5,0.60,0.256,0.317,4.18,0,26,0,316.3,205.9,333.0,331.2,0.00,1,19.7,32.7
22.00,brake,393.76,-43.76,0.250,1,1859.2,373.1,0.0,0.0,32.12,25.65,327,311,-1,-29.5,-10.3,-43.8,-26.5,-0.23,-0.01,1.00,0.00,0.00,0.00,-39.12,12.63,100,-1,0,19,-11.7,0.60,0.256,0.351,3.74,0,26,0,317.6,200.6,337.6,328.9,0.00,1,19.5,34.2
22.10,brake,394.11,-44.11,0.250,1,1862.3,375.6,0.0,0.0,31.20,25.10,325,311,-1,-28.9,-9.3,-42.8,-28.6,-0.30,0.01,1.00,0.00,0.00,0.00,-38.42,11.29,100,-1,0,20,-7.0,0.55,0.255,0.377,3.26,0,26,0,318.4,195.6,342.6,327.0,0.00,1,20.1,33.2
22.20,brake,394.41,-44.41,0.250,1,1865.4,378.1,0.0,0.0,30.19,24.64,324,311,-1,-28.2,-8.6,-41.5,-30.6,-0.34,0.04,1.00,0.00,0.00,0.00,-37.63,10.13,100,-1,0,22,-2.2,0.48,0.254,0.408,2.76,0,26,0,318.5,190.8,347.8,325.5,0.00,1,21.0,30.3
22.30,brake,394.66,-44.66,0.250,1,1871.1,383.0,0.0,0.0,28.17,24.01,324,311,-1,-27.5,-8.1,-39.9,-32.4,-0.36,0.09,1.00,0.00,0.00,0.00,-36.87,9.17,100,-1,0,23,8.0,0.40,0.252,0.435,2.25,0,26,0,318.1,186.6,352.6,324.5,0.00,1,22.4,18.2
22.40,brake,394.87,-44.87,0.250,1,1871.1,383.0,0.0,0.0,28.17,24.01,323,312,-1,-26.7,-8.0,-37.8,-33.7,-0.36,0.16,1.00,0.00,0.00,0.00,-36.07,8.28,100,-1,0,23,8.0,0.31,0.251,0.458,1.71,0,26,0,317.1,183.1,356.7,324.0,0.00,1,22.4,18.2
22.50,brake,395.02,-45.02,0.250,1,1873.9,385.3,0.0,0.0,27.11,23.82,323,312,-1,-25.9,-8.1,-35.2,-34.4,-0.33,0.23,1.00,0.00,0.00,0.00,-35.32,7.42,100,-1,0,23,13.3,0.20,0.251,0.475,1.20,0,26,0,315.7,180.2,359.8,323.9,0.00,1,22.4,10.0
22.60,brake,395.12,-45.12,0.250,1,1879.0,390.1,0.0,0.0,25.09,23.64,323,312,-1,-25.1,-8.5,-32.2,-34.6,-0.28,0.30,1.00,0.00,0.00,0.00,-34.63,6.60,100,-1,0,23,22.6,0.10,0.250,0.482,0.65,0,26,0,313.8,178.1,1.8,324.4,0.00,1,18.7,-6.9
22.70,brake,395.17,-45.17,0.250,1,1881.5,392.4,0.0,0.0,24.13,23.64,323,312,-1,-24.2,-9.1,-28.9,-34.1,-0.22,0.35,1.00,0.00,0.00,0.00,-34.00,5.72,100,-1,0,22,27.0,-0.01,0.250,0.475,0.15,0,26,0,311.4,177.0,2.6,325.5,0.00,1,14.1,-15.6
22.80,brake,395.18,-45.18,0.250,1,1881.5,392.4,0.0,0.0,24.13,23.64,324,320,-1,-23.3,-9.8,-25.7,-33.1,-0.13,0.37,0.97,0.00,0.00,0.00,-33.35,5.37,100,-1,0,20,27.0,-0.14,0.250,0.449,-0.28,0,26,0,308.7,177.1,2.3,327.2,0.00,1,14.1,-15.6
22.90,brake,395.13,-45.13,0.250,1,1883.8,394.8,0.0,0.0,23.25,23.66,324,320,-1,-22.3,-10.7,-22.9,-31.5,-0.03,0.35,0.89,0.00,0.00,0.00,-32.80,4.95,100,-1,0,18,30.5,-0.26,0.251,0.403,-0.70,0,26,0,305.7,178.7,0.9,329.7,0.00,1,7.6,-23.1
23.00,brake,395.03,-45.03,0.250,1,1888.3,399.5,0.0,0.0,21.71,23.63,324,320,-1,-21.3,-11.7,-20.9,-29.5,0.06,0.28,0.81,0.00,0.00,0.00,-32.29,4.45,100,-1,0,15,34.1,-0.37,0.252,0.390,-1.07,0,26,0,302.3,182.2,358.6,332.9,0.00,1,-9.7,-33.2
23.10,brake,394.89,-44.89,0.250,1,1890.4,401.9,0.0,0.0,21.05,23.53,325,320,-1,-20.2,-12.7,-19.9,-27.3,0.14,0.17,0.74,0.00,0.00,0.00,-31.84,3.98,100,-1,0,11,33.4,-0.47,0.253,0.375,-1.42,0,26,0,298.8,188.1,355.5,336.7,0.00,1,-18.8,-35.7
23.20,brake,394.70,-44.70,0.250,1,1890.4,401.9,0.0,0.0,21.05,23.53,326,334,-1,-19.1,-13.6,-20.0,-24.9,0.19,0.02,0.69,0.00,0.00,0.00,-31.26,4.44,100,-1,0,7,33.4,-0.53,0.254,0.338,-1.77,0,26,0,295.3,197.0,351.8,340.7,0.00,1,-18.8,-35.7
23.30,brake,394.45,-44.45,0.250,1,1894.5,406.6,0.0,0.0,20.00,23.08,328,334,-1,-18.1,-14.4,-21.1,-22.7,0.21,-0.13,0.65,0.00,0.00,0.00,-30.71,4.85,100,-1,0,3,28.1,-0.57,0.255,0.388,-2.12,0,26,0,291.9,208.4,347.8,344.9,0.00,1,-30.8,-34.3
23.40,brake,394.17,-44.17,0.250,1,1896.4,408.8,0.0,0.0,19.47,22.69,329,334,-1,-17.0,-15.0,-22.8,-20.7,0.20,-0.26,0.65,0.00,0.00,0.00,-30.10,5.13,100,-1,0,-1,23.9,-0.59,0.255,0.438,-2.46,0,26,0,288.7,220.9,343.7,348.8,0.00,1,-32.2,-31.5
23.50,brake,393.85,-43.85,0.250,1,1896.4,408.8,0.0,0.0,19.47,22.69,330,334,-1,-16.0,-15.3,-24.9,-19.0,0.18,-0.35,0.67,0.00,0.00,0.00,-29.42,5.32,100,-1,0,-5,23.9,-0.57,0.255,0.468,-2.73,0,26,0,285.8,232.4,339.8,352.3,0.00,1,-32.2,-31.5
23.60,brake,393.51,-43.51,0.250,1,1898.4,411.1,0.0,0.0,18.98,22.17,332,346,-1,-15.0,-15.5,-26.9,-17.4,0.17,-0.39,0.69,0.00,0.00,0.00,-28.49,6.34,100,-1,0,-8,19.0,-0.53,0.254,0.478,-2.96,0,26,0,283.3,241.5,336.6,355.1,0.00,1,-29.6,-28.3
23.70,brake,393.14,-43.14,0.250,1,1902.0,415.3,0.0,0.0,18.06,20.80,334,346,-1,-14.2,-15.4,-28.5,-15.9,0.18,-0.37,0.72,0.00,0.00,0.00,-27.47,7.15,100,-1,0,-10,8.8,-0.47,0.253,0.472,-3.22,0,26,0,281.1,248.0,334.1,357.2,0.00,1,-15.6,-22.4
23.80,brake,392.76,-42.76,0.250,1,1903.8,417.4,0.0,0.0,17.62,20.01,336,346,-1,-13.5,-15.2,-29.4,-14.3,0.20,-0.30,0.72,0.00,0.00,0.00,-26.41,7.84,100,-1,0,-11,3.7,-0.39,0.252,0.454,-3.46,0,26,0,279.4,252.3,332.5,358.4,0.00,1,-6.3,-19.4
23.90,brake,392.35,-42.35,0.250,1,1903.8,417.4,0.0,0.0,17.62,20.01,337,346,-1,-12.9,-14.8,-29.5,-12.6,0.22,-0.21,0.71,0.00,0.00,0.00,-25.31,8.37,100,-1,0,-11,3.7,-0.30,0.251,0.424,-3.74,0,26,0,278.3,254.8,331.9,358.8,0.00,1,-6.3,-19.4
24.00,brake,391.93,-41.93,0.250,1,1907.2,421.2,0.0,0.0,17.01,18.44,339,351,-1,-12.5,-14.4,-29.0,-11.0,0.23,-0.11,0.68,0.00,0.00,0.00,-24.14,9.22,100,-1,0,-11,-5.5,-0.20,0.251,0.387,-4.07,0,26,0,277.7,255.7,332.2,358.4,0.00,1,10.8,-11.7
24.10,brake,391.48,-41.48,0.250,1,1908.9,422.9,0.0,0.0,16.74,17.73,341,351,-1,-12.3,-14.0,-27.7,-9.5,0.23,0.00,0.63,0.00,0.00,0.00,-23.02,9.96,100,-1,0,-10,-9.4,-0.09,0.250,0.344,-4.43,0,26,0,277.7,254.9,333.3,357.4,0.00,1,17.2,-6.6
24.20,brake,391.00,-41.00,0.250,1,1908.9,422.9,0.0,0.0,16.74,17.73,342,351,-1,-12.1,-13.4,-26.0,-8.3,0.20,0.10,0.57,0.00,0.00,0.00,-22.00,10.52,100,-1,0,-9,-9.4,0.02,0.250,0.370,-4.81,0,26,0,278.4,252.5,335.0,356.0,0.00,1,17.2,-6.6
24.30,brake,390.51,-40.51,0.250,1,1910.6,424.7,0.0,0.0,16.52,17.07,343,351,-1,-12.1,-12.9,-24.0,-7.6,0.15,0.16,0.50,0.00,0.00,0.00,-21.07,10.99,100,-1,0,-7,-13.1,0.13,0.250,0.376,-5.13,0,26,0,279.6,248.1,337.1,354.1,0.00,1,21.2,-0.7
24.40,brake,389.99,-39.99,0.250,1,1912.2,426.3,0.0,0.0,16.35,16.46,344,348,-1,-12.2,-12.3,-21.9,-7.4,0.08,0.19,0.43,0.00,0.00,0.00,-20.33,11.18,100,-1,0,-5,-16.3,0.23,0.251,0.359,-5.35,0,26,0,281.4,241.8,339.4,352.0,0.00,1,22.6,5.3
24.50,brake,389.45,-39.45,0.250,1,1915.4,429.5,0.0,0.0,15.95,15.50,344,348,-1,-12.3,-11.6,-20.2,-7.8,0.01,0.17,0.38,0.00,0.00,0.00,-19.68,11.27,100,-1,0,-2,-19.7,0.32,0.252,0.324,-5.56,0,26,0,283.5,234.2,341.5,349.7,0.00,1,18.0,14.3
24.60,brake,388.90,-38.90,0.250,1,1915.4,429.5,0.0,0.0,15.95,15.50,345,348,-1,-12.5,-11.0,-18.8,-8.5,-0.06,0.14,0.35,0.00,0.00,0.00,-19.13,11.35,100,-1,0,0,-19.7,0.40,0.252,0.331,-5.73,0,26,0,285.8,226.4,343.4,347.4,0.00,1,18.0,14.3
24.70,brake,388.33,-38.33,0.250,1,1917.0,431.0,0.0,0.0,15.69,15.12,345,348,-1,-12.6,-10.3,-17.8,-9.5,-0.11,0.08,0.33,0.00,0.00,0.00,-18.62,11.32,100,-1,0,2,-19.8,0.44,0.253,0.331,-5.86,0,26,0,288.1,219.2,345.1,345.1,0.00,1,14.2,16.4
24.80,brake,387.75,-37.75,0.250,1,1920.1,434.0,0.0,0.0,14.99,14.51,344,339,-1,-12.6,-9.7,-17.2,-10.5,-0.14,0.03,0.33,0.00,0.00,0.00,-18.41,10.74,100,-1,0,4,-16.9,0.47,0.253,0.323,-6.03,0,26,0,290.3,213.2,346.4,343.0,0.00,1,7.2,15.8
24.90,brake,387.13,-37.13,0.250,1,1921.5,435.4,0.0,0.0,14.63,14.25,343,339,-1,-12.6,-9.1,-17.0,-11.5,-0.16,-0.01,0.34,0.00,0.00,0.00,-18.19,10.21,100,-1,0,6,-14.1,0.46,0.253,0.320,-6.20,0,26,0,292.2,208.6,347.5,341.2,0.00,1,5.0,13.7
25.00,brake,386.50,-36.50,0.250,1,1921.5,435.4,0.0,0.0,14.63,14.25,343,339,-1,-12.5,-8.6,-16.8,-12.4,-0.16,-0.03,0.35,0.00,0.00,0.00,-17.95,9.74,100,-1,0,8,-14.1,0.44,0.253,0.328,-6.39,0,26,0,293.7,205.2,348.4,339.8,0.00,1,5.0,13.7
25.10,brake,385.85,-35.85,0.250,1,1923.0,436.8,0.0,0.0,14.19,13.99,342,339,-1,-12.4,-8.2,-16.7,-13.1,-0.14,-0.03,0.36,0.00,0.00,0.00,-17.67,9.22,100,-1,0,9,-10.7,0.39,0.252,0.321,-6.58,0,26,0,294.8,202.7,349.1,338.7,0.00,1,4.0,10.6
25.20,brake,385.17,-35.17,0.250,1,1925.7,439.5,0.0,0.0,13.32,13.46,341,334,-1,-12.1,-7.8,-16.4,-13.5,-0.12,-0.02,0.36,0.00,0.00,0.00,-17.47,8.51,100,-1,0,9,-3.0,0.33,0.252,0.305,-6.79,0,26,0,295.5,200.8,349.7,338.0,0.00,1,4.9,3.9
25.30,brake,384.47,-34.47,0.250,1,1927.0,440.9,0.0,0.0,12.79,13.19,340,334,-1,-11.8,-7.6,-16.0,-13.7,-0.09,0.01,0.35,0.00,0.00,0.00,-17.22,7.87,100,-1,0,10,0.9,0.26,0.251,0.293,-6.97,0,26,0,295.7,199.4,350.4,337.6,0.00,1,5.8,0.6
25.40,brake,383.76,-33.76,0.250,1,1927.0,440.9,0.0,0.0,12.79,13.19,339,334,-1,-11.4,-7.3,-15.4,-13.7,-0.07,0.04,0.34,0.00,0.00,0.00,-16.90,7.21,100,-1,0,10,0.9,0.18,0.250,0.294,-7.15,0,26,0,295.5,198.4,351.0,337.7,0.00,1,5.8,0.6
25.50,brake,383.03,-33.03,0.250,1,1928.2,442.2,0.0,0.0,12.35,12.95,338,334,-1,-11.0,-7.2,-14.6,-13.5,-0.04,0.07,0.32,0.00,0.00,0.00,-16.60,6.67,100,-1,0,9,4.6,0.09,0.250,0.293,-7.30,0,26,0,294.8,197.8,351.6,338.1,0.00,1,6.5,-2.3
25.60,brake,382.29,-32.29,0.250,1,1930.6,444.7,0.0,0.0,11.43,12.52,338,335,-1,-10.6,-7.2,-13.7,-13.2,-0.02,0.08,0.29,0.00,0.00,0.00,-16.25,6.20,100,-1,0,9,10.8,0.01,0.250,0.287,-7.42,0,26,0,293.9,197.7,352.0,338.8,0.00,1,5.2,-6.5
25.70,brake,381.53,-31.53,0.250,1,1931.7,445.9,0.0,0.0,11.03,12.33,338,335,-1,-10.2,-7.2,-12.9,-12.7,0.00,0.07,0.26,0.00,0.00,0.00,-15.94,5.77,100,-1,0,8,12.9,-0.06,0.250,0.281,-7.57,0,26,0,292.6,198.1,352.3,339.8,0.00,1,3.6,-7.8
25.80,brake,380.76,-30.76,0.250,1,1931.7,445.9,0.0,0.0,11.03,12.33,337,335,-1,-9.7,-7.2,-12.3,-12.2,0.02,0.05,0.24,0.00,0.00,0.00,-15.63,5.40,100,-1,0,6,12.9,-0.13,0.250,0.280,-7.68,0,26,0,291.2,199.2,352.3,341.1,0.00,1,3.6,-7.8
25.90,brake,379.98,-29.98,0.250,1,1932.8,447.2,0.0,0.0,10.68,12.14,337,335,-1,-9.3,-7.2,-11.9,-11.6,0.03,0.03,0.21,0.00,0.00,0.00,-15.35,5.08,100,-1,0,5,14.3,-0.19,0.251,0.273,-7.73,0,26,0,289.6,201.1,352.2,342.5,0.00,1,1.5,-8.3
26.00,brake,379.20,-29.20,0.250,1,1934.8,449.5,0.0,0.0,9.98,11.74,338,341,-1,-8.9,-7.3,-11.7,-11.1,0.03,-0.00,0.20,0.00,0.00,0.00,-14.97,5.00,100,-1,0,3,14.9,-0.23,0.251,0.265,-7.81,0,26,0,288.0,203.7,351.9,344.1,0.00,1,-1.9,-7.9
26.10,brake,378.40,-28.40,0.250,1,1935.8,450.7,0.0,0.0,9.67,11.52,338,341,-1,-8.5,-7.3,-11.6,-10.6,0.03,-0.03,0.18,0.00,0.00,0.00,-14.61,4.89,100,-1,0,2,14.1,-0.26,0.251,0.275,-7.92,0,26,0,286.4,206.9,351.5,345.6,0.00,1,-2.8,-7.5
26.20,brake,377.58,-27.58,0.250,1,1936.7,451.8,0.0,0.0,9.40,11.30,339,341,-1,-8.1,-7.3,-11.6,-10.2,0.03,-0.05,0.17,0.00,0.00,0.00,-14.26,4.80,100,-1,0,0,12.7,-0.27,0.251,0.285,-8.06,0,26,0,285.0,210.5,351.1,347.0,0.00,1,-3.0,-7.1
26.30,brake,376.75,-26.75,0.250,1,1936.7,451.8,0.0,0.0,9.40,11.30,339,341,-1,-7.7,-7.3,-11.7,-9.7,0.03,-0.06,0.17,0.00,0.00,0.00,-13.93,4.72,100,-1,0,-1,12.7,-0.27,0.251,0.289,-8.22,0,26,0,283.6,214.2,350.6,348.3,0.00,1,-3.0,-7.1
26.40,brake,375.91,-25.91,0.250,1,1937.7,452.9,0.0,0.0,9.10,11.04,340,346,-1,-7.4,-7.2,-11.7,-9.3,0.03,-0.06,0.16,0.00,0.00,0.00,-13.48,4.79,100,-1,0,-2,10.7,-0.25,0.251,0.289,-8.33,0,26,0,282.5,217.5,350.3,349.4,0.00,1,-2.5,-6.3
26.50,brake,375.06,-25.06,0.250,1,1938.6,454.0,0.0,0.0,8.88,10.78,341,346,-1,-7.1,-7.2,-11.7,-9.0,0.03,-0.06,0.15,0.00,0.00,0.00,-13.08,4.90,100,-1,0,-3,8.5,-0.22,0.251,0.288,-8.44,0,26,0,281.7,220.3,350.1,350.2,0.00,1,-1.8,-5.5
26.60,brake,374.20,-24.20,0.250,1,1939.4,455.1,0.0,0.0,8.61,10.51,342,346,-1,-6.8,-7.0,-11.7,-8.6,0.03,-0.06,0.15,0.00,0.00,0.00,-12.67,4.91,100,-1,0,-3,6.0,-0.19,0.251,0.284,-8.55,0,26,0,281.1,222.2,349.9,350.7,0.00,1,-1.0,-4.6
26.70,brake,373.33,-23.33,0.250,1,1941.1,457.1,0.0,0.0,8.13,9.95,343,346,-1,-6.6,-6.9,-11.6,-8.4,0.02,-0.05,0.14,0.00,0.00,0.00,-12.27,4.94,100,-1,0,-4,1.2,-0.14,0.250,0.279,-8.66,0,26,0,280.7,223.2,349.9,351.0,0.00,1,1.2,-2.7
26.80,brake,372.44,-22.44,0.250,1,1941.9,458.1,0.0,0.0,7.91,9.68,343,348,-1,-6.4,-6.7,-11.4,-8.1,0.02,-0.04,0.13,0.00,0.00,0.00,-11.86,4.95,100,-1,0,-4,-1.0,-0.10,0.250,0.272,-8.77,0,26,0,280.6,223.2,350.0,351.1,0.00,1,2.5,-1.9
26.90,brake,371.55,-21.55,0.250,1,1941.9,458.1,0.0,0.0,7.91,9.68,344,348,-1,-6.2,-6.5,-11.2,-7.9,0.01,-0.03,0.12,0.00,0.00,0.00,-11.47,4.97,100,-1,0,-3,-1.0,-0.05,0.250,0.264,-8.88,0,26,0,280.7,222.2,350.3,350.9,0.00,1,2.5,-1.9
27.00,brake,370.65,-20.65,0.250,1,1942.7,459.0,0.0,0.0,7.69,9.39,345,348,-1,-6.1,-6.3,-10.8,-7.8,0.00,-0.01,0.11,0.00,0.00,0.00,-11.08,4.96,100,-1,0,-3,-2.8,-0.01,0.250,0.254,-8.98,0,26,0,281.0,220.3,350.7,350.5,0.00,1,3.8,-1.0
27.10,brake,369.74,-19.74,0.250,1,1943.4,460.0,0.0,0.0,7.47,9.13,345,348,-1,-6.0,-6.0,-10.4,-7.6,-0.00,0.00,0.09,0.00,0.00,0.00,-10.72,4.92,100,-1,0,-3,-4.2,0.03,0.250,0.252,-9.11,0,26,0,281.4,217.8,351.1,350.0,0.00,1,4.6,-0.3
27.20,brake,368.81,-18.81,0.250,1,1944.1,460.8,0.0,0.0,7.25,8.90,346,347,-1,-5.9,-5.8,-10.0,-7.5,-0.01,0.01,0.08,0.00,0.00,0.00,-10.42,4.81,100,-1,0,-2,-5.2,0.07,0.250,0.255,-9.28,0,26,0,281.9,214.9,351.6,349.4,0.00,1,5.0,-0.1
27.30,brake,367.86,-17.86,0.250,1,1944.9,461.7,0.0,0.0,7.08,8.68,346,347,-1,-5.8,-5.6,-9.5,-7.4,-0.01,0.01,0.07,0.00,0.00,0.00,-10.15,4.73,100,-1,0,-1,-5.8,0.09,0.250,0.258,-9.45,0,26,0,282.5,212.0,352.1,348.7,0.00,1,5.1,-0.0
27.40,brake,366.90,-16.90,0.270,1,1946.2,463.4,0.0,0.0,6.68,8.28,346,347,-1,-5.7,-5.4,-9.1,-7.3,-0.01,0.01,0.05,0.00,0.00,0.00,-9.88,4.60,100,-1,0,-1,-6.3,0.11,0.270,0.280,-9.60,0,26,0,283.1,209.1,352.6,348.0,0.00,1,5.1,0.1
27.50,brake,365.92,-15.92,0.305,1,1946.9,464.2,0.0,0.0,6.46,8.10,346,347,-1,-5.6,-5.2,-8.7,-7.2,-0.01,0.02,0.04,0.00,0.00,0.00,-9.64,4.50,100,-1,0,0,-6.1,0.13,0.306,0.317,-9.76,0,26,0,283.8,206.4,353.1,347.3,0.00,1,4.7,-0.3
27.60,brake,364.93,-14.93,0.338,1,1946.9,464.2,0.0,0.0,6.46,8.10,346,345,-1,-5.5,-5.0,-8.3,-7.1,-0.01,0.01,0.03,0.00,0.00,0.00,-9.42,4.30,100,-1,0,1,-6.1,0.14,0.338,0.345,-9.84,0,26,0,284.3,204.0,353.5,346.7,0.00,1,4.7,-0.3
27.70,brake,363.96,-13.96,0.363,1,1947.5,465.0,0.0,0.0,6.20,7.91,346,345,-1,-5.3,-4.8,-8.0,-6.9,-0.00,0.00,0.02,0.00,0.00,0.00,-9.19,4.06,100,-1,0,1,-5.5,0.14,0.364,0.366,-9.75,0,26,0,284.8,202.2,353.8,346.1,0.00,1,3.9,-0.9
27.80,brake,363.02,-13.02,0.382,1,1948.7,466.5,0.0,0.0,5.71,7.53,346,345,-1,-5.2,-4.6,-7.7,-6.7,0.00,-0.00,0.01,0.00,0.00,0.00,-8.97,3.87,100,-1,0,2,-2.5,0.12,0.382,0.385,-9.53,0,26,0,285.2,200.9,354.1,345.7,0.00,1,2.4,-1.8
27.90,brake,362.11,-12.11,0.392,1,1949.2,467.3,0.0,0.0,5.45,7.33,345,345,-1,-5.0,-4.4,-7.5,-6.5,0.00,-0.01,0.00,0.00,0.00,0.00,-8.72,3.64,100,-1,0,2,-0.2,0.09,0.392,0.398,-9.16,0,26,0,285.4,200.1,354.3,345.5,0.00,1,2.0,-1.7
28.00,brake,361.24,-11.24,0.399,1,1949.2,467.3,0.0,0.0,5.45,7.33,345,344,-1,-4.9,-4.3,-7.3,-6.3,-0.00,-0.01,0.00,0.00,0.00,0.00,-8.48,3.40,100,-1,0,2,-0.2,0.04,0.399,0.404,-8.74,0,26,0,285.3,199.7,354.4,345.5,0.00,1,2.0,-1.7
28.10,brake,360.42,-10.42,0.405,1,1950.3,468.7,0.0,0.0,4.97,6.91,345,344,-1,-4.7,-4.1,-7.1,-6.2,-0.01,-0.01,0.00,0.00,0.00,0.00,-8.23,3.21,100,-1,0,2,4.1,-0.01,0.405,0.412,-8.33,0,26,0,285.0,199.6,354.6,345.7,0.00,1,2.1,-1.4
28.20,align,359.65,-9.65,0.354,1,1950.7,469.4,-57.8,-103.2,4.70,6.70,345,344,-1,-10.7,-10.1,-6.8,-6.1,0.04,0.06,0.00,0.00,0.00,0.00,-7.97,2.98,100,-1,0,6,5.6,0.03,0.354,0.397,-7.87,0,26,0,284.5,199.4,354.8,346.2,0.00,0,3.0,-1.3
28.30,align,358.93,-8.93,0.348,1,1950.7,469.4,-58.2,-103.9,4.70,6.70,345,344,-1,-16.7,-16.1,-6.4,-6.0,0.10,0.14,0.00,0.00,0.00,0.00,-7.71,2.76,100,-1,0,9,5.6,0.06,0.348,0.444,-7.29,0,26,0,284.5,199.4,354.8,346.2,0.00,0,3.0,-1.3
28.40,align,358.26,-8.26,0.345,1,1951.2,470.0,-58.7,-104.5,4.48,6.50,345,346,-1,-20.0,-20.0,-6.1,-6.0,0.13,0.16,0.00,0.00,0.00,0.00,-7.45,2.62,100,-1,0,12,6.4,0.10,0.345,0.462,-6.78,0,26,0,283.3,199.2,355.3,347.3,0.00,0,2.9,-1.2
28.50,align,357.63,-7.63,0.349,1,1952.0,471.3,-59.1,-105.2,4.13,6.23,345,346,-1,-20.0,-20.0,-6.0,-6.2,0.10,0.13,0.00,0.00,0.00,0.00,-7.25,2.51,100,-1,0,14,7.5,0.15,0.350,0.441,-6.44,0,26,0,283.3,199.2,355.3,347.3,0.00,0,-2.3,3.0
28.60,align,357.03,-7.03,0.354,1,1952.0,471.3,-59.5,-105.8,4.13,6.23,345,346,-1,-20.0,-20.0,-6.2,-6.6,0.06,0.08,0.00,0.00,0.00,0.00,-7.08,2.39,100,-1,0,15,7.5,0.15,0.355,0.408,-6.14,0,26,0,283.3,199.2,355.3,347.3,0.00,0,-2.3,3.0
28.70,align,356.46,-6.46,0.359,1,1952.8,472.5,-60.0,-106.4,3.82,6.03,345,346,-1,-20.0,-20.0,-6.9,-7.4,0.01,0.01,0.00,0.00,0.00,0.00,-6.96,2.30,100,-1,0,15,9.9,0.13,0.359,0.367,-5.85,0,26,0,283.3,199.2,355.3,347.3,0.00,0,-10.3,8.6
28.80,align,355.93,-5.93,0.360,1,1952.8,472.5,-60.3,-107.0,3.82,6.03,346,349,-1,-20.0,-20.0,-7.9,-8.5,-0.05,-0.04,0.05,0.00,0.00,0.00,-6.79,2.22,100,-1,0,14,9.9,0.09,0.360,0.395,-5.49,0,26,0,280.1,212.1,353.6,351.0,0.00,0,-10.3,8.6
28.90,align,355.44,-5.44,0.357,1,1953.6,473.7,-60.7,-107.6,3.38,5.71,346,349,-1,-20.0,-20.0,-9.1,-9.7,-0.09,-0.07,0.11,0.00,0.00,0.00,-6.59,2.14,100,-1,0,14,13.9,0.04,0.357,0.421,-5.10,0,26,0,280.1,212.1,353.6,351.0,0.00,0,-14.3,11.0
29.00,align,354.98,-4.98,0.355,1,1953.9,474.2,-61.1,-108.2,3.03,5.48,347,349,-1,-20.0,-20.0,-10.3,-11.1,-0.11,-0.09,0.17,0.00,0.00,0.00,-6.34,1.97,100,-1,0,13,15.5,-0.01,0.355,0.432,-4.74,0,26,0,280.1,212.1,353.6,351.0,0.00,0,-14.0,10.2
29.10,align,354.55,-4.55,0.355,1,1953.9,474.2,-61.4,-108.7,3.03,5.48,347,349,-1,-20.0,-20.0,-11.4,-12.4,-0.11,-0.08,0.22,0.00,0.00,0.00,-6.02,1.72,100,-1,0,13,15.5,-0.05,0.355,0.429,-4.43,0,26,0,280.1,212.1,353.6,351.0,0.00,0,-14.0,10.2
29.20,align,354.16,-4.16,0.352,1,1954.4,475.3,-61.6,-109.3,2.29,4.83,348,354,-1,-20.0,-20.0,-12.3,-13.6,-0.10,-0.05,0.27,0.00,0.00,0.00,-5.62,1.55,100,-1,0,12,17.1,-0.09,0.352,0.412,-4.10,0,26,0,274.9,246.6,348.9,357.9,0.00,0,-11.1,5.9
29.30,align,353.79,-3.79,0.349,1,1954.4,475.3,-61.9,-109.8,2.29,4.83,349,354,-1,-20.0,-20.0,-13.0,-14.5,-0.07,-0.03,0.30,0.00,0.00,0.00,-5.18,1.32,100,-1,0,11,17.1,-0.12,0.350,0.388,-3.79,0,26,0,274.9,246.6,348.9,357.9,0.00,0,-11.1,5.9
29.40,align,353.45,-3.45,0.347,1,1954.7,476.1,-62.1,-110.2,1.45,4.09,350,354,-1,-20.0,-20.0,-13.4,-15.2,-0.03,0.00,0.33,0.00,0.00,0.00,-4.73,1.02,100,-1,0,10,16.4,-0.14,0.347,0.361,-3.50,0,26,0,274.9,246.6,348.9,357.9,0.00,0,-7.9,0.1
29.50,align,353.12,-3.12,0.347,1,1954.7,476.1,-62.2,-110.6,1.45,4.09,350,354,-1,-20.0,-20.0,-13.8,-15.5,0.01,0.02,0.34,0.00,0.00,0.00,-4.27,0.75,100,-1,0,10,16.4,-0.14,0.348,0.356,-3.28,0,26,0,274.9,246.6,348.9,357.9,0.00,0,-7.9,0.1
29.60,align,352.82,-2.82,0.349,1,1954.9,476.9,-62.3,-111.0,0.57,3.31,352,1,-1,-20.0,-20.0,-14.1,-15.7,0.04,0.02,0.35,0.00,0.00,0.00,-3.82,0.48,100,-1,0,8,13.6,-0.14,0.349,0.371,-3.09,0,26,0,268.5,275.8,345.5,5.3,0.00,0,-7.1,-3.4
29.70,align,352.54,-2.54,0.345,1,1954.9,477.2,-62.4,-111.4,0.22,2.90,353,1,-1,-20.0,-20.0,-14.4,-15.7,0.06,0.01,0.36,0.00,0.00,0.00,-3.35,0.18,100,-1,0,7,11.8,-0.14,0.345,0.374,-2.81,0,26,0,268.5,275.8,345.5,5.3,0.00,0,-7.4,-3.9
29.80,align,352.29,-2.29,0.342,1,1954.9,477.4,-62.4,-111.7,-0.13,2.52,354,1,-1,-20.0,-20.0,-14.9,-15.6,0.07,-0.00,0.37,0.00,0.00,0.00,-2.91,-0.07,100,-1,0,6,10.1,-0.12,0.342,0.370,-2.56,0,26,0,268.5,275.8,345.5,5.3,0.00,0,-8.0,-3.3
29.90,align,352.05,-2.05,0.341,1,1954.9,477.4,-62.4,-111.9,-0.13,2.52,355,1,-1,-20.0,-20.0,-15.4,-15.6,0.06,-0.02,0.38,0.00,0.00,0.00,-2.50,-0.34,100,-1,0,5,10.1,-0.11,0.341,0.373,-2.37,0,26,0,268.5,275.8,345.5,5.3,0.00,0,-8.0,-3.3
30.00,align,351.83,-1.83,0.342,1,1954.9,477.6,-62.4,-112.1,-0.40,2.12,357,5,-1,-20.0,-20.0,-16.0,-15.7,0.04,-0.04,0.40,0.00,0.00,0.00,-2.09,-0.52,100,-1,0,3,8.2,-0.10,0.342,0.374,-2.23,0,26,0,263.9,288.6,342.4,10.3,0.00,0,-8.1,-1.8
30.10,align,351.62,-1.62,0.343,1,1954.8,478.0,-62.3,-112.3,-0.92,1.29,358,5,-1,-20.0,-20.0,-16.7,-16.0,0.02,-0.05,0.42,0.00,0.00,0.00,-1.70,-0.72,100,-1,0,2,4.2,-0.08,0.343,0.372,-2.08,0,26,0,263.9,288.6,342.4,10.3,0.00,0,-7.7,1.5
30.20,align,351.43,-1.43,0.342,1,1954.8,478.0,-62.3,-112.5,-0.92,1.29,359,5,-1,-20.0,-20.0,-17.3,-16.3,0.01,-0.06,0.44,0.00,0.00,0.00,-1.27,-0.94,100,-1,0,1,4.2,-0.07,0.342,0.368,-1.93,0,26,0,263.9,288.6,342.4,10.3,0.00,0,-7.7,1.5
30.30,align,351.25,-1.25,0.340,1,1954.6,478.1,-62.1,-112.6,-1.19,0.82,0,5,-1,-20.0,-20.0,-17.9,-16.7,-0.00,-0.05,0.46,0.00,0.00,0.00,-0.82,-1.19,100,-1,0,-0,2.5,-0.05,0.340,0.362,-1.76,0,26,0,263.9,288.6,342.4,10.3,0.00,0,-6.6,2.4
30.40,align,351.09,-1.09,0.341,1,1954.5,478.1,-62.0,-112.6,-1.45,0.36,1,6,-1,-20.0,-20.0,-18.4,-17.1,-0.00,-0.04,0.48,0.00,0.00,0.00,-0.39,-1.44,100,-1,0,-1,1.2,-0.04,0.341,0.359,-1.64,0,26,0,262.8,288.7,339.6,12.3,0.00,0,-5.1,2.9
30.50,align,350.94,-0.94,0.341,1,1954.2,478.1,-61.8,-112.6,-1.98,-0.60,2,6,-1,-20.0,-20.0,-18.7,-17.4,-0.01,-0.02,0.49,0.00,0.00,0.00,0.07,-1.72,100,-1,0,-2,-0.3,-0.04,0.341,0.353,-1.54,0,26,0,262.8,288.7,339.6,12.3,0.00,0,-1.5,3.5
30.60,align,350.79,-0.79,0.342,1,1954.2,478.1,-61.7,-112.6,-1.98,-0.60,2,6,-1,-20.0,-20.0,-18.9,-17.8,-0.01,-0.00,0.50,0.00,0.00,0.00,0.52,-2.00,100,-1,0,-2,-0.3,-0.04,0.342,0.345,-1.44,0,26,0,262.8,288.7,339.6,12.3,0.00,0,-1.5,3.5
30.70,align,350.67,-0.67,0.341,1,1953.9,478.0,-61.4,-112.5,-2.24,-1.10,3,6,-1,-20.0,-20.0,-18.9,-18.1,-0.00,0.02,0.51,0.00,0.00,0.00,0.98,-2.30,100,-1,0,-3,-0.9,-0.04,0.341,0.348,-1.32,0,26,0,262.8,288.7,339.6,12.3,0.00,0,0.1,3.3
30.80,align,350.56,-0.56,0.337,1,1953.4,477.6,-61.2,-112.3,-2.86,-2.13,3,5,-1,-20.0,-20.0,-18.9,-18.3,0.00,0.02,0.52,0.00,0.00,0.00,1.47,-2.64,100,-1,0,-3,-1.9,-0.04,0.337,0.346,-1.14,0,26,0,263.6,286.5,339.2,12.1,0.00,0,1.3,3.3
30.90,align,350.48,-0.48,0.329,1,1953.4,477.6,-60.9,-112.1,-2.86,-2.13,4,5,-1,-20.0,-20.0,-18.8,-18.6,-0.00,0.03,0.52,0.00,0.00,0.00,1.94,-2.99,100,-1,0,-4,-1.9,-0.04,0.329,0.340,-0.92,0,26,0,263.6,286.5,339.2,12.1,0.00,0,1.3,3.3
31.00,align,350.40,-0.40,0.324,1,1952.8,477.1,-60.6,-111.9,-3.47,-3.04,4,5,-1,-20.0,-20.0,-18.9,-18.8,-0.00,0.01,0.53,0.00,0.00,0.00,2.38,-3.38,100,-1,0,-4,-2.6,-0.03,0.324,0.331,-0.75,0,26,0,263.6,286.5,339.2,12.1,0.00,0,-0.4,3.4
31.10,align,350.34,-0.34,0.322,1,1952.8,477.1,-60.3,-111.6,-3.47,-3.04,4,5,-1,-20.0,-20.0,-19.1,-19.1,-0.01,-0.01,0.54,0.00,0.00,0.00,2.78,-3.68,100,-1,0,-4,-2.6,-0.03,0.322,0.329,-0.67,0,26,0,263.6,286.5,339.2,12.1,0.00,0,-0.4,3.4
31.20,align,350.27,-0.27,0.322,1,1952.4,476.7,-59.9,-111.2,-3.82,-3.45,4,4,-1,-20.0,-20.0,-19.4,-19.4,-0.01,-0.02,0.55,0.00,0.00,0.00,3.16,-4.06,100,-1,0,-4,-3.1,-0.02,0.322,0.336,-0.63,0,26,0,265.1,282.6,339.1,11.1,0.00,0,-1.5,3.5
31.30,align,350.20,-0.20,0.328,1,1951.6,475.9,-59.5,-110.9,-4.35,-4.22,4,4,-1,-20.0,-20.0,-19.7,-19.6,-0.01,-0.03,0.56,0.00,0.00,0.00,3.52,-4.35,100,-1,0,-4,-3.4,-0.02,0.328,0.346,-0.67,0,26,0,265.1,282.6,339.1,11.1,0.00,0,-1.7,3.2
31.40,align,350.13,-0.13,0.332,1,1951.1,475.5,-59.1,-110.4,-4.70,-4.63,4,4,-1,-20.0,-20.0,-20.0,-19.9,-0.01,-0.03,0.57,0.00,0.00,0.00,3.90,-4.64,100,-1,0,-4,-3.5,-0.01,0.332,0.350,-0.70,0,26,0,265.1,282.6,339.1,11.1,0.00,0,-1.1,2.9
31.50,align,350.07,-0.07,0.333,1,1951.1,475.5,-58.6,-110.0,-4.70,-4.63,4,4,-1,-20.0,-20.0,-20.2,-20.0,-0.01,-0.03,0.58,0.00,0.00,0.00,4.28,-5.02,100,-1,0,-4,-3.5,-0.01,0.333,0.347,-0.67,0,26,0,265.1,282.6,339.1,11.1,0.00,0,-1.1,2.9
31.60,align,350.01,-0.01,0.333,1,1950.1,474.5,-58.1,-109.5,-5.32,-5.50,4,2,-1,-20.0,-20.0,-20.3,-20.2,-0.01,-0.01,0.59,0.00,0.00,0.00,4.73,-5.29,100,-1,0,-4,-4.2,-0.00,0.333,0.340,-0.60,0,26,0,267.0,277.7,338.7,9.9,0.00,0,1.4,3.0
31.70,align,349.96,0.04,0.332,1,1950.1,474.5,-57.6,-109.0,-5.32,-5.50,3,2,-1,-20.0,-20.0,-20.4,-20.3,-0.00,0.00,0.59,0.00,0.00,0.00,5.17,-5.64,100,-1,0,-3,-4.2,0.01,0.332,0.334,-0.53,0,26,0,267.0,277.7,338.7,9.9,0.00,0,1.4,3.0
31.80,align,349.91,0.09,0.331,1,1948.9,473.2,-57.0,-108.4,-5.98,-6.35,3,2,-1,-20.0,-19.9,-20.3,-20.5,-0.00,0.02,0.59,0.00,0.00,0.00,5.61,-6.00,100,-1,0,-3,-4.5,0.02,0.331,0.339,-0.47,0,26,0,267.0,277.7,338.7,9.9,0.00,0,3.0,2.7
31.90,align,349.87,0.13,0.331,1,1948.3,472.6,-56.4,-107.7,-6.28,-6.75,3,2,-1,-20.0,-18.4,-20.2,-20.5,-0.02,0.02,0.59,0.00,0.00,0.00,6.02,-6.31,100,-1,0,-3,-4.6,0.03,0.331,0.345,-0.43,0,26,0,267.0,277.7,338.7,9.9,0.00,0,2.0,2.3
32.00,align,349.83,0.17,0.331,1,1948.3,472.6,-55.8,-107.1,-6.28,-6.75,3,360,-1,-20.0,-16.6,-20.2,-20.6,-0.04,0.00,0.59,0.00,0.00,0.00,6.46,-6.58,100,-1,0,-3,-4.6,0.04,0.331,0.349,-0.41,0,26,0,269.2,272.1,339.6,7.7,0.00,0,2.0,2.3
32.10,align,349.80,0.20,0.331,1,1947.0,471.1,-55.2,-106.4,-6.99,-7.50,2,360,-1,-20.0,-14.8,-20.3,-20.6,-0.06,-0.01,0.59,0.00,0.00,0.00,6.87,-6.90,100,-1,0,-2,-4.6,0.05,0.331,0.358,-0.36,0,26,0,269.2,272.1,339.6,7.7,0.00,0,0.5,1.3
32.20,align,349.76,0.24,0.332,1,1947.0,471.1,-54.5,-105.6,-6.99,-7.50,2,360,-1,-20.0,-13.0,-20.4,-20.6,-0.07,-0.01,0.59,0.00,0.00,0.00,7.28,-7.22,100,-1,0,-2,-4.6,0.06,0.332,0.364,-0.34,0,26,0,269.2,272.1,339.6,7.7,0.00,0,0.5,1.3
32.30,align,349.73,0.27,0.331,1,1946.3,470.4,-53.8,-104.9,-7.34,-7.89,2,360,-1,-20.0,-11.3,-20.5,-20.4,-0.07,-0.01,0.59,0.00,0.00,0.00,7.69,-7.54,100,-1,0,-2,-4.5,0.06,0.331,0.363,-0.28,0,26,0,269.2,272.1,339.6,7.7,0.00,0,0.4,-0.1
32.40,align,349.71,0.29,0.329,1,1944.7,468.7,-53.0,-104.0,-8.04,-8.66,1,358,-1,-20.0,-9.4,-20.6,-20.0,-0.06,-0.01,0.59,0.00,0.00,0.00,8.14,-7.83,100,-1,0,-1,-4.1,0.07,0.329,0.360,-0.23,0,26,0,271.0,267.3,339.8,5.9,0.00,0,0.1,-3.7
32.50,align,349.69,0.31,0.328,1,1943.9,467.8,-52.2,-103.2,-8.39,-9.03,1,358,-1,-20.0,-7.5,-20.6,-19.5,-0.06,-0.01,0.58,0.00,0.00,0.00,8.58,-8.12,100,-1,0,-1,-4.0,0.07,0.328,0.355,-0.18,0,26,0,271.0,267.3,339.8,5.9,0.00,0,-0.0,-5.8
32.60,align,349.67,0.33,0.326,1,1943.0,466.9,-51.4,-102.3,-8.75,-9.40,0,358,-1,-20.0,-5.7,-20.7,-18.7,-0.04,-0.01,0.56,0.00,0.00,0.00,9.01,-8.42,100,-1,0,-0,-3.7,0.08,0.326,0.347,-0.13,0,26,0,271.0,267.3,339.8,5.9,0.00,0,0.1,-7.9
32.70,align,349.66,0.34,0.324,1,1943.0,466.9,-50.5,-101.4,-8.75,-9.40,360,358,-1,-20.0,-4.0,-20.7,-17.7,-0.03,-0.00,0.54,0.00,0.00,0.00,9.43,-8.72,100,-1,0,0,-3.7,0.08,0.324,0.336,-0.07,0,26,0,271.0,267.3,339.8,5.9,0.00,0,0.1,-7.9
32.80,align,349.65,0.35,0.322,1,1941.2,464.9,-49.6,-100.4,-9.36,-10.17,359,358,-1,-20.0,-2.2,-20.6,-16.6,-0.01,0.01,0.52,0.00,0.00,0.00,9.87,-9.01,100,-1,0,1,-2.0,0.07,0.322,0.331,-0.01,0,26,0,271.4,266.3,339.8,4.4,0.00,0,0.6,-11.6
32.90,align,349.65,0.35,0.319,1,1940.2,463.8,-48.7,-99.4,-9.62,-10.52,359,358,-1,-20.0,-0.7,-20.5,-15.3,0.00,0.02,0.50,0.00,0.00,0.00,10.30,-9.22,100,-1,0,1,-1.2,0.06,0.319,0.328,0.05,0,26,0,271.4,266.3,339.8,4.4,0.00,0,0.8,-12.9
33.00,align,349.64,0.36,0.318,1,1940.2,463.8,-47.7,-98.3,-9.62,-10.52,359,358,-1,-20.0,0.7,-20.3,-14.0,0.01,0.03,0.47,0.00,0.00,0.00,10.70,-9.43,99,-1,0,1,-1.2,0.05,0.318,0.332,0.08,0,26,0,271.4,266.3,339.8,4.4,0.00,0,0.8,-12.9
33.10,align,349.63,0.37,0.321,1,1939.2,462.8,-46.7,-97.3,-9.84,-10.83,359,358,-1,-20.0,2.1,-20.1,-12.6,0.01,0.03,0.44,0.00,0.00,0.00,11.05,-9.60,99,-1,0,1,-0.6,0.04,0.321,0.336,0.03,0,26,0,271.4,266.3,339.8,4.4,0.00,0,0.7,-13.3
33.20,align,349.62,0.38,0.323,1,1937.2,460.5,-45.7,-96.2,-10.11,-11.43,359,359,-1,-20.0,3.0,-20.0,-11.3,0.01,0.03,0.42,0.00,0.00,0.00,11.33,-9.74,99,-1,0,1,0.7,0.02,0.323,0.338,-0.00,0,26,0,269.8,270.7,340.0,4.1,0.00,0,-0.2,-13.4
33.30,align,349.61,0.39,0.324,1,1937.2,460.5,-44.7,-95.0,-10.11,-11.43,359,359,-1,-20.0,3.9,-20.0,-10.0,0.01,0.01,0.40,0.00,0.00,0.00,11.62,-9.88,99,-1,0,1,0.7,0.01,0.324,0.332,0.00,0,26,0,269.8,270.7,340.0,4.1,0.00,0,-0.2,-13.4
33.40,align,349.60,0.40,0.322,1,1936.2,459.4,-43.7,-93.9,-10.24,-11.73,359,359,-1,-20.0,4.9,-20.0,-8.8,-0.00,-0.00,0.39,0.00,0.00,0.00,11.92,-10.02,99,-1,0,1,1.3,-0.01,0.322,0.325,0.05,0,26,0,269.8,270.7,340.0,4.1,0.00,0,-1.3,-12.8
33.50,align,349.59,0.41,0.321,1,1935.2,458.2,-42.7,-92.7,-10.28,-12.03,359,359,-1,-19.4,5.6,-20.1,-7.6,-0.01,-0.02,0.38,0.00,0.00,0.00,12.21,-10.06,99,-1,0,1,1.7,-0.01,0.321,0.332,0.08,0,26,0,269.8,270.7,340.0,4.1,0.00,0,-2.0,-12.4
33.60,align,349.58,0.42,0.322,1,1933.1,455.7,-41.6,-91.4,-10.37,-12.62,359,2,-1,-17.8,6.3,-20.3,-6.5,-0.01,-0.05,0.37,0.00,0.00,0.00,12.44,-10.24,99,-1,0,1,2.0,-0.03,0.322,0.345,0.07,0,26,0,267.3,277.2,339.4,4.8,0.00,0,-2.5,-12.2
33.70,align,349.57,0.43,0.323,1,1933.1,455.7,-40.6,-90.2,-10.37,-12.62,360,2,-1,-16.2,6.8,-20.5,-5.3,-0.01,-0.07,0.37,0.00,0.00,0.00,12.67,-10.32,99,-1,0,0,2.0,-0.04,0.323,0.356,0.06,0,26,0,267.3,277.2,339.4,4.8,0.00,0,-2.5,-12.2
33.80,align,349.56,0.44,0.322,1,1931.0,453.1,-39.6,-88.9,-10.28,-13.30,0,2,-1,-14.5,7.4,-20.6,-4.2,-0.01,-0.09,0.37,0.00,0.00,0.00,12.93,-10.39,99,-1,0,-0,2.1,-0.04,0.322,0.360,0.09,0,26,0,267.3,277.2,339.4,4.8,0.00,0,-0.7,-11.9
33.90,align,349.57,0.43,0.316,1,1930.0,451.7,-38.5,-87.6,-10.28,-13.68,0,2,-1,-12.7,7.7,-20.6,-3.1,-0.00,-0.09,0.36,0.00,0.00,0.00,13.25,-10.36,99,-1,0,-0,2.1,-0.05,0.316,0.353,0.21,0,26,0,267.3,277.2,339.4,4.8,0.00,0,1.0,-11.8
34.00,align,349.59,0.41,0.309,1,1930.0,451.7,-37.5,-86.2,-10.28,-13.68,1,4,-1,-10.8,8.2,-20.4,-2.0,0.00,-0.09,0.35,0.00,0.00,0.00,13.50,-10.51,99,-1,0,-1,2.1,-0.06,0.309,0.344,0.32,0,26,0,264.7,284.0,339.4,5.7,0.00,0,1.0,-11.8
34.10,align,349.62,0.38,0.303,1,1928.0,448.9,-36.5,-84.8,-10.06,-14.44,2,4,-1,-8.9,8.5,-20.1,-0.9,0.01,-0.07,0.34,0.00,0.00,0.00,13.79,-10.57,99,-1,0,-2,1.5,-0.07,0.303,0.335,0.43,0,26,0,264.7,284.0,339.4,5.7,0.00,0,5.5,-11.5
34.20,align,349.67,0.33,0.295,1,1928.0,448.9,-35.5,-83.4,-10.06,-14.44,2,4,-1,-7.0,8.7,-19.5,0.2,0.02,-0.05,0.32,0.00,0.00,0.00,14.08,-10.56,99,-1,0,-2,1.5,-0.07,0.295,0.324,0.54,0,26,0,264.7,284.0,339.4,5.7,0.00,0,5.5,-11.5
34.30,align,349.72,0.28,0.289,1,1926.0,445.9,-34.5,-81.9,-9.76,-15.08,2,4,-1,-5.2,8.9,-18.6,1.2,0.02,-0.04,0.29,0.00,0.00,0.00,14.36,-10.54,99,-1,0,-2,0.9,-0.07,0.289,0.312,0.62,0,26,0,264.7,284.0,339.4,5.7,0.00,0,9.1,-10.6
34.40,align,349.78,0.22,0.285,1,1925.0,444.4,-33.5,-80.4,-9.58,-15.34,3,6,-1,-3.5,9.0,-17.7,2.3,0.02,-0.03,0.26,0.00,0.00,0.00,14.55,-10.53,99,-1,0,-3,0.4,-0.08,0.285,0.307,0.64,0,26,0,262.7,292.1,342.5,6.3,0.00,0,10.0,-10.0
34.50,align,349.83,0.17,0.285,1,1924.1,442.8,-32.5,-78.9,-9.36,-15.53,4,6,-1,-1.9,9.1,-16.7,3.2,0.03,-0.02,0.23,0.00,0.00,0.00,14.72,-10.51,99,-1,0,-4,-0.3,-0.08,0.285,0.304,0.61,0,26,0,262.7,292.1,342.5,6.3,0.00,0,11.2,-9.0
34.60,align,349.87,0.13,0.286,1,1924.1,442.8,-31.6,-77.3,-9.36,-15.53,4,6,-1,-0.4,9.1,-15.6,4.1,0.02,-0.01,0.20,0.00,0.00,0.00,14.85,-10.42,99,-1,0,-4,-0.3,-0.07,0.286,0.300,0.53,0,26,0,262.7,292.1,342.5,6.3,0.00,0,11.2,-9.0
34.70,align,349.91,0.09,0.288,1,1923.2,441.3,-30.7,-75.8,-9.18,-15.71,4,6,-1,1.0,9.2,-14.3,4.9,0.02,0.01,0.17,0.00,0.00,0.00,14.97,-10.35,99,-1,0,-4,-1.0,-0.07,0.288,0.299,0.47,0,26,0,262.7,292.1,342.5,6.3,0.00,0,12.2,-8.0
34.80,align,349.95,0.05,0.288,1,1922.3,439.7,-29.8,-74.2,-8.96,-15.86,5,7,-1,2.3,9.3,-13.0,5.6,0.02,0.02,0.14,0.00,0.00,0.00,15.07,-10.24,99,-1,0,-5,-1.9,-0.06,0.288,0.303,0.44,0,26,0,262.4,301.6,347.7,6.2,0.00,0,13.0,-7.1
34.90,align,349.99,0.01,0.285,1,1921.4,438.1,-28.9,-72.6,-8.70,-15.99,5,7,-1,3.6,9.1,-11.7,6.3,0.02,0.02,0.11,0.00,0.00,0.00,15.16,-10.06,99,-1,0,-5,-2.8,-0.04,0.285,0.304,0.46,0,26,0,262.4,301.6,347.7,6.2,0.00,0,13.3,-6.6
35.00,align,350.04,-0.04,0.281,1,1920.5,436.5,-28.0,-71.0,-8.48,-16.08,5,7,-1,4.8,9.1,-10.3,6.9,0.02,0.03,0.08,0.00,0.00,0.00,15.24,-9.92,99,-1,0,-5,-3.6,-0.03,0.281,0.302,0.48,0,26,0,262.4,301.6,347.7,6.2,0.00,0,13.4,-6.0
35.10,align,350.08,-0.08,0.279,1,1919.7,434.9,-27.2,-69.4,-8.22,-16.13,5,7,-1,5.9,8.9,-9.0,7.5,0.02,0.02,0.05,0.00,0.00,0.00,15.27,-9.72,99,-1,0,-5,-4.4,-0.02,0.279,0.296,0.48,0,26,0,262.4,301.6,347.7,6.2,0.00,0,13.0,-5.3
35.20,align,350.12,-0.12,0.279,1,1918.9,433.3,-26.4,-67.8,-7.95,-16.13,5,5,-1,6.9,8.7,-7.7,7.9,0.01,0.01,0.03,0.00,0.00,0.00,15.30,-9.44,99,-1,0,-5,-5.3,-0.00,0.279,0.289,0.45,0,26,0,263.8,311.9,353.1,5.1,0.00,0,12.0,-4.1
35.30,align,350.16,-0.16,0.279,1,1918.1,431.7,-25.6,-66.2,-7.69,-16.12,5,5,-1,7.9,8.5,-6.6,8.2,0.00,0.00,0.02,0.00,0.00,0.00,15.32,-9.17,99,-1,0,-5,-6.2,0.02,0.279,0.281,0.41,0,26,0,263.8,311.9,353.1,5.1,0.00,0,11.0,-3.1
35.40,align,350.20,-0.20,0.277,1,1917.4,430.0,-24.9,-64.5,-7.47,-16.08,5,5,-1,8.8,8.3,-5.5,8.5,0.00,-0.00,0.00,0.00,0.00,0.00,15.32,-8.94,99,-1,0,-5,-6.7,0.03,0.277,0.279,0.41,0,26,0,263.8,311.9,353.1,5.1,0.00,0,10.2,-2.4
35.50,align,350.24,-0.24,0.273,1,1916.7,428.4,-24.2,-62.9,-7.21,-16.03,5,5,-1,9.6,8.1,-4.4,8.8,0.00,-0.01,0.00,0.00,0.00,0.00,15.29,-8.66,99,-1,0,-5,-7.1,0.03,0.273,0.276,0.45,0,26,0,263.8,311.9,353.1,5.1,0.00,0,9.9,-2.2
35.60,align,350.29,-0.29,0.268,1,1915.3,425.2,-23.5,-61.3,-6.72,-15.88,5,2,-1,10.5,7.8,-3.3,9.0,0.00,-0.01,0.00,0.00,0.00,0.00,15.31,-8.32,99,-1,0,-5,-7.3,0.05,0.268,0.274,0.50,0,26,0,266.5,321.6,357.2,3.0,0.00,0,9.3,-2.0
35.70,align,350.34,-0.34,0.263,1,1914.6,423.7,-22.8,-59.7,-6.46,-15.78,5,2,-1,11.2,7.4,-2.3,9.3,0.01,-0.01,0.00,0.00,0.00,0.00,15.29,-7.96,99,-1,0,-5,-7.3,0.06,0.263,0.271,0.54,0,26,0,266.5,321.6,357.2,3.0,0.00,0,9.5,-2.0
35.80,align,350.38,-0.38,0.261,1,1914.6,423.7,-22.1,-58.2,-6.46,-15.78,4,2,-1,11.9,7.0,-1.2,9.5,0.01,-0.00,0.00,0.00,0.00,0.00,15.26,-7.60,99,-1,0,-4,-7.3,0.06,0.261,0.267,0.53,0,26,0,266.5,321.6,357.2,3.0,0.00,0,9.5,-2.0
35.90,align,350.42,-0.42,0.265,1,1913.4,420.5,-21.5,-56.6,-6.02,-15.51,4,2,-1,12.6,6.7,-0.0,9.7,0.01,0.01,0.00,0.00,0.00,0.00,15.19,-7.31,99,-1,0,-4,-7.2,0.07,0.265,0.273,0.41,0,26,0,266.5,321.6,357.2,3.0,0.00,0,10.5,-1.2
36.00,align,350.43,-0.43,0.272,1,1912.8,419.0,-20.9,-55.0,-5.80,-15.36,3,360,-1,13.2,6.3,1.1,9.8,0.01,0.02,0.00,0.00,0.00,0.00,15.14,-6.90,99,-1,0,-3,-6.9,0.08,0.272,0.282,0.24,0,26,0,269.4,64.1,1.2,0.8,0.00,0,10.5,-0.5
36.10,align,350.43,-0.43,0.280,1,1912.8,419.0,-20.3,-53.5,-5.80,-15.36,3,360,-1,13.7,5.9,2.3,9.8,-0.00,0.02,0.00,0.00,0.00,0.00,15.06,-6.53,99,-1,0,-3,-6.9,0.08,0.280,0.288,0.07,0,26,0,269.4,64.1,1.2,0.8,0.00,0,10.5,-0.5
36.20,align,350.43,-0.43,0.285,1,1912.2,417.5,-19.7,-52.0,-5.58,-15.18,2,360,-1,14.2,5.5,3.3,9.7,-0.01,0.01,0.01,0.00,0.00,0.00,14.95,-6.18,99,-1,0,-2,-6.6,0.09,0.286,0.293,-0.04,0,26,0,269.4,64.1,1.2,0.8,0.00,0,9.6,0.3
36.30,align,350.43,-0.43,0.285,1,1911.2,414.5,-19.2,-50.5,-5.10,-14.75,2,360,-1,14.5,4.9,4.3,9.6,-0.01,0.00,0.02,0.00,0.00,0.00,14.80,-5.81,99,-1,0,-2,-5.5,0.08,0.285,0.291,-0.04,0,26,0,269.4,64.1,1.2,0.8,0.00,0,8.3,0.9
36.40,align,350.43,-0.43,0.282,1,1911.2,414.5,-18.7,-49.0,-5.10,-14.75,1,357,-1,14.8,4.4,5.2,9.5,-0.01,-0.00,0.03,0.00,0.00,0.00,14.65,-5.40,99,-1,0,-1,-5.5,0.09,0.283,0.288,0.00,0,26,0,271.9,110.7,4.9,359.0,0.00,0,8.3,0.9
36.50,align,350.43,-0.43,0.279,1,1910.2,411.6,-18.2,-47.5,-4.61,-14.27,1,357,-1,15.0,3.9,6.0,9.4,-0.00,-0.01,0.04,0.00,0.00,0.00,14.46,-5.02,99,-1,0,-1,-4.0,0.08,0.280,0.284,0.05,0,26,0,271.9,110.7,4.9,359.0,0.00,0,7.3,0.4
36.60,align,350.44,-0.44,0.276,1,1909.8,410.2,-17.7,-46.1,-4.39,-14.01,0,357,-1,15.1,3.2,6.8,9.3,0.01,-0.01,0.05,0.00,0.00,0.00,14.27,-4.63,99,-1,0,-0,-3.2,0.08,0.276,0.285,0.09,0,26,0,271.9,110.7,4.9,359.0,0.00,0,7.1,0.1
36.70,align,350.45,-0.45,0.273,1,1909.8,410.2,-17.3,-44.7,-4.39,-14.01,360,357,-1,15.2,2.7,7.6,9.3,0.02,-0.01,0.06,0.00,0.00,0.00,14.04,-4.30,99,-1,0,0,-3.2,0.07,0.273,0.286,0.14,0,26,0,271.9,110.7,4.9,359.0,0.00,0,7.1,0.1
36.80,align,350.47,-0.47,0.270,1,1908.9,407.5,-16.8,-43.3,-3.96,-13.50,359,356,-1,15.3,2.2,8.3,9.3,0.03,-0.01,0.08,0.00,0.00,0.00,13.83,-3.95,99,-1,0,1,-1.5,0.07,0.270,0.285,0.18,0,26,0,273.2,112.3,7.8,358.1,0.00,0,7.5,0.3
36.90,align,350.49,-0.49,0.268,1,1908.6,406.1,-16.4,-42.0,-3.74,-13.24,359,356,-1,15.4,1.6,9.1,9.2,0.03,0.00,0.10,0.00,0.00,0.00,13.60,-3.62,99,-1,0,1,-0.6,0.06,0.268,0.282,0.19,0,26,0,273.2,112.3,7.8,358.1,0.00,0,8.0,1.3
37.00,align,350.50,-0.50,0.270,1,1908.6,406.1,-16.1,-40.6,-3.74,-13.24,358,356,-1,15.4,1.1,9.9,9.1,0.02,0.01,0.11,0.00,0.00,0.00,13.35,-3.30,99,-1,0,2,-0.6,0.05,0.270,0.284,0.13,0,26,0,273.2,112.3,7.8,358.1,0.00,0,8.0,1.3
37.10,align,350.50,-0.50,0.275,1,1907.9,403.5,-15.7,-39.3,-3.30,-12.68,358,356,-1,15.3,0.5,10.7,8.8,0.00,0.02,0.12,0.00,0.00,0.00,13.09,-3.01,99,-1,0,2,0.7,0.04,0.275,0.284,0.02,0,26,0,273.2,112.3,7.8,358.1,0.00,0,7.7,4.2
37.20,align,350.49,-0.49,0.279,1,1907.6,402.3,-15.4,-38.0,-3.12,-12.36,357,356,-1,15.2,-0.0,11.4,8.4,-0.01,0.02,0.13,0.00,0.00,0.00,12.81,-2.74,99,-1,0,3,1.3,0.04,0.279,0.289,-0.06,0,26,0,273.1,105.8,11.0,358.5,0.00,0,6.9,5.1
37.30,align,350.49,-0.49,0.281,1,1907.6,402.3,-15.1,-36.8,-3.12,-12.36,357,356,-1,15.0,-0.4,12.0,7.9,-0.02,0.01,0.14,0.00,0.00,0.00,12.50,-2.52,99,-1,0,3,1.3,0.03,0.281,0.294,-0.10,0,26,0,273.1,105.8,11.0,358.5,0.00,0,6.9,5.1
37.40,align,350.48,-0.48,0.281,1,1907.0,399.9,-14.8,-35.6,-2.72,-11.67,357,356,-1,14.7,-0.9,12.6,7.4,-0.02,0.02,0.15,0.00,0.00,0.00,12.15,-2.27,99,-1,0,3,2.1,0.02,0.281,0.296,-0.12,0,26,0,273.1,105.8,11.0,358.5,0.00,0,6.0,5.9
37.50,align,350.48,-0.48,0.279,1,1906.7,398.8,-14.5,-34.4,-2.55,-11.32,357,356,-1,14.3,-1.3,13.2,6.9,-0.02,0.02,0.16,0.00,0.00,0.00,11.80,-2.08,99,-1,0,3,2.3,0.02,0.279,0.297,-0.09,0,26,0,273.1,105.8,11.0,358.5,0.00,0,5.5,5.8
37.60,align,350.48,-0.48,0.279,1,1906.5,397.7,-14.2,-33.3,-2.37,-10.96,357,357,-1,13.9,-1.6,13.7,6.4,-0.02,0.02,0.17,0.00,0.00,0.00,11.44,-1.93,99,-1,0,3,2.4,0.02,0.279,0.296,-0.09,0,26,0,271.9,97.8,13.5,359.7,0.00,0,4.7,5.3
37.70,align,350.47,-0.47,0.281,1,1906.3,396.6,-14.0,-32.2,-2.24,-10.59,357,357,-1,13.5,-2.0,14.1,5.9,-0.01,0.02,0.17,0.00,0.00,0.00,11.08,-1.78,99,-1,0,3,2.4,0.01,0.281,0.294,-0.13,0,26,0,271.9,97.8,13.5,359.7,0.00,0,4.0,4.8
37.80,align,350.46,-0.46,0.284,1,1906.0,395.6,-13.8,-31.1,-2.11,-10.23,357,357,-1,13.0,-2.2,14.4,5.5,-0.00,0.02,0.18,0.00,0.00,0.00,10.70,-1.67,99,-1,0,3,2.4,0.01,0.284,0.293,-0.17,0,26,0,271.9,97.8,13.5,359.7,0.00,0,3.4,4.5
37.90,align,350.45,-0.45,0.285,1,1905.8,394.6,-13.5,-30.1,-2.02,-9.84,357,357,-1,12.5,-2.5,14.7,5.1,-0.00,0.02,0.18,0.00,0.00,0.00,10.33,-1.56,99,-1,0,3,2.4,0.01,0.285,0.294,-0.19,0,26,0,271.9,97.8,13.5,359.7,0.00,0,3.3,4.5
38.00,align,350.43,-0.43,0.284,1,1905.8,394.6,-13.3,-29.1,-2.02,-9.84,357,359,-1,12.0,-2.5,15.0,4.8,-0.00,0.03,0.19,0.00,0.00,0.00,9.93,-1.53,99,-1,0,3,2.4,0.01,0.284,0.297,-0.17,0,26,0,270.5,91.7,15.0,0.8,0.00,0,3.3,4.5
38.10,align,350.43,-0.43,0.283,1,1905.5,392.7,-13.1,-28.1,-1.76,-9.07,357,359,-1,11.4,-2.7,15.3,4.4,-0.00,0.04,0.20,0.00,0.00,0.00,9.54,-1.45,99,-1,0,3,2.3,0.01,0.283,0.299,-0.14,0,26,0,270.5,91.7,15.0,0.8,0.00,0,2.9,4.5
38.20,align,350.42,-0.42,0.282,1,1905.3,391.8,-13.0,-27.2,-1.67,-8.68,358,359,-1,10.8,-3.0,15.6,4.0,-0.00,0.05,0.20,0.00,0.00,0.00,9.14,-1.37,99,-1,0,2,2.3,0.00,0.282,0.302,-0.12,0,26,0,270.5,91.7,15.0,0.8,0.00,0,2.4,4.3
38.30,align,350.41,-0.41,0.282,1,1905.3,391.8,-12.8,-26.3,-1.67,-8.68,358,359,-1,10.1,-3.1,15.8,3.7,-0.00,0.05,0.20,0.00,0.00,0.00,8.74,-1.32,99,-1,0,2,2.3,0.00,0.282,0.301,-0.13,0,26,0,270.5,91.7,15.0,0.8,0.00,0,2.4,4.3
38.40,align,350.39,-0.39,0.286,1,1905.1,391.0,-12.6,-25.5,-1.58,-8.31,358,360,-1,9.6,-3.2,15.8,3.3,0.00,0.03,0.20,0.00,0.00,0.00,8.36,-1.29,99,-1,0,2,2.2,-0.01,0.286,0.299,-0.20,0,26,0,269.1,86.7,15.9,1.8,0.00,0,1.1,3.9
38.50,align,350.36,-0.36,0.293,1,1905.0,390.2,-12.5,-24.7,-1.58,-7.93,358,360,-1,8.9,-3.0,15.7,3.0,-0.00,0.01,0.20,0.00,0.00,0.00,7.98,-1.35,99,-1,0,2,2.2,-0.01,0.293,0.299,-0.33,0,26,0,269.1,86.7,15.9,1.8,0.00,0,-0.7,3.9
38.60,align,350.33,-0.33,0.298,1,1904.7,388.7,-12.3,-23.9,-1.41,-7.13,359,360,-1,8.2,-3.1,15.4,2.6,-0.01,-0.00,0.19,0.00,0.00,0.00,7.57,-1.30,99,-1,0,1,2.0,-0.01,0.298,0.302,-0.40,0,26,0,269.1,86.7,15.9,1.8,0.00,0,-3.1,3.9
38.70,align,350.30,-0.30,0.298,1,1904.7,388.7,-12.2,-23.2,-1.41,-7.13,359,360,-1,7.5,-3.3,15.1,2.3,-0.01,-0.01,0.17,0.00,0.00,0.00,7.16,-1.25,99,-1,0,1,2.0,-0.01,0.298,0.306,-0.38,0,26,0,269.1,86.7,15.9,1.8,0.00,0,-3.1,3.9
38.80,align,350.28,-0.28,0.298,1,1904.5,388.0,-12.0,-22.5,-1.41,-6.75,359,1,-1,6.8,-3.1,14.7,2.0,-0.01,-0.01,0.16,0.00,0.00,0.00,6.77,-1.30,99,-1,0,1,1.9,-0.02,0.298,0.309,-0.36,0,26,0,267.8,81.8,14.8,2.6,0.00,0,-3.6,3.9
38.90,align,350.26,-0.26,0.298,1,1904.4,387.4,-11.9,-21.9,-1.32,-6.37,359,1,-1,6.1,-3.3,14.3,1.6,-0.02,-0.01,0.15,0.00,0.00,0.00,6.38,-1.26,99,-1,0,1,1.8,-0.02,0.298,0.310,-0.33,0,26,0,267.8,81.8,14.8,2.6,0.00,0,-4.0,3.9
39.00,align,350.24,-0.24,0.297,1,1904.1,386.2,-11.8,-21.3,-1.32,-5.69,360,1,-1,5.4,-3.2,13.8,1.2,-0.02,-0.01,0.13,0.00,0.00,0.00,6.03,-1.29,99,-1,0,0,1.7,-0.03,0.297,0.311,-0.30,0,26,0,267.8,81.8,14.8,2.6,0.00,0,-4.6,4.0
39.10,align,350.22,-0.22,0.296,1,1904.0,385.6,-11.6,-20.7,-1.27,-5.36,360,1,-1,4.8,-3.1,13.4,0.9,-0.03,-0.01,0.11,0.00,0.00,0.00,5.69,-1.31,99,-1,0,0,1.7,-0.03,0.296,0.313,-0.27,0,26,0,267.8,81.8,14.8,2.6,0.00,0,-4.7,3.9
39.20,align,350.21,-0.21,0.295,1,1904.0,385.6,-11.5,-20.1,-1.27,-5.36,0,2,-1,4.1,-3.1,12.9,0.5,-0.03,-0.01,0.10,0.00,0.00,0.00,5.35,-1.30,99,-1,0,-0,1.7,-0.04,0.295,0.313,-0.23,0,26,0,266.8,76.1,12.9,3.3,0.00,0,-4.7,3.9
39.30,align,350.20,-0.20,0.294,1,1903.9,385.1,-11.4,-19.6,-1.23,-5.05,1,2,-1,3.5,-3.2,12.4,0.2,-0.03,-0.02,0.08,0.00,0.00,0.00,5.04,-1.28,99,-1,0,-1,1.6,-0.04,0.294,0.313,-0.20,0,26,0,266.8,76.1,12.9,3.3,0.00,0,-4.8,3.9
39.40,align,350.19,-0.19,0.292,1,1903.6,384.2,-11.3,-19.1,-1.32,-4.47,1,2,-1,3.0,-3.0,11.9,-0.1,-0.03,-0.02,0.06,0.00,0.00,0.00,4.74,-1.34,99,-1,0,-1,1.1,-0.05,0.292,0.312,-0.15,0,26,0,266.8,76.1,12.9,3.3,0.00,0,-5.1,3.3
39.50,align,350.19,-0.19,0.290,1,1903.5,383.8,-11.1,-18.7,-1.32,-4.21,1,2,-1,2.4,-2.7,11.4,-0.4,-0.04,-0.02,0.05,0.00,0.00,0.00,4.45,-1.40,99,-1,0,-1,0.6,-0.04,0.290,0.311,-0.11,0,26,0,266.8,76.1,12.9,3.3,0.00,0,-5.2,2.9
39.60,align,350.20,-0.20,0.288,1,1903.5,383.8,-11.0,-18.3,-1.32,-4.21,1,3,-1,1.9,-2.7,10.9,-0.7,-0.03,-0.02,0.03,0.00,0.00,0.00,4.18,-1.42,99,-1,0,-1,0.6,-0.04,0.288,0.308,-0.07,0,26,0,266.1,70.2,10.8,3.7,0.00,0,-5.2,2.9
39.70,align,350.20,-0.20,0.285,1,1903.4,383.4,-10.9,-17.9,-1.32,-3.94,2,3,-1,1.3,-2.6,10.3,-0.9,-0.03,-0.02,0.01,0.00,0.00,0.00,3.91,-1.43,99,-1,0,-2,0.2,-0.04,0.285,0.306,-0.03,0,26,0,266.1,70.2,10.8,3.7,0.00,0,-5.4,2.5
39.80,align,350.21,-0.21,0.282,1,1903.1,382.6,-10.7,-17.5,-1.41,-3.47,2,3,-1,0.8,-2.3,9.8,-1.1,-0.03,-0.02,0.00,0.00,0.00,0.00,3.66,-1.52,99,-1,0,-2,-0.9,-0.03,0.282,0.303,0.02,0,26,0,266.1,70.2,10.8,3.7,0.00,0,-5.3,1.3
39.90,align,350.22,-0.22,0.281,1,1902.9,382.3,-10.6,-17.1,-1.49,-3.27,2,3,-1,0.3,-2.2,9.3,-1.3,-0.02,-0.02,0.00,0.00,0.00,0.00,3.42,-1.53,99,-1,0,-2,-1.4,-0.02,0.281,0.296,0.04,0,26,0,266.1,70.2,10.8,3.7,0.00,0,-4.8,0.2
40.00,align,350.22,-0.22,0.282,1,1902.9,382.3,-10.4,-16.8,-1.49,-3.27,2,3,-1,-0.1,-1.9,8.8,-1.3,-0.01,-0.01,0.00,0.00,0.00,0.00,3.22,-1.61,99,-1,0,-2,-1.4,-0.01,0.282,0.290,0.02,0,26,0,266.3,67.1,8.7,3.5,0.00,0,-4.8,0.2
40.10,align,350.22,-0.22,0.283,1,1902.6,381.7,-10.3,-16.5,-1.58,-2.88,2,3,-1,-0.5,-1.8,8.4,-1.2,0.00,-0.00,0.00,0.00,0.00,0.00,3.02,-1.61,99,-1,0,-2,-2.3,-0.01,0.283,0.284,-0.00,0,26,0,266.3,67.1,8.7,3.5,0.00,0,-4.1,-1.5
40.20,align,350.23,-0.23,0.282,1,1902.6,381.7,-10.1,-16.2,-1.58,-2.88,2,3,-1,-0.9,-1.5,8.0,-1.1,0.01,0.00,0.00,0.00,0.00,0.00,2.81,-1.69,99,-1,0,-2,-2.3,0.00,0.282,0.285,0.00,0,26,0,266.3,67.1,8.7,3.5,0.00,0,-4.1,-1.5
40.30,align,350.23,-0.23,0.279,1,1902.3,381.2,-10.0,-15.9,-1.58,-2.53,2,3,-1,-1.3,-1.4,7.6,-0.9,0.01,-0.00,0.00,0.00,0.00,0.00,2.64,-1.69,99,-1,0,-2,-2.6,0.00,0.279,0.282,0.06,0,26,0,266.3,67.1,8.7,3.5,0.00,0,-4.2,-1.7
40.40,align,350.24,-0.24,0.275,1,1902.3,381.2,-9.8,-15.7,-1.58,-2.53,2,2,-1,-1.6,-1.3,7.1,-0.8,0.01,-0.00,0.00,0.00,0.00,0.00,2.46,-1.68,99,-1,0,-2,-2.6,0.01,0.275,0.280,0.11,0,26,0,267.3,69.5,7.1,2.5,0.00,0,-4.2,-1.7
40.50,align,350.26,-0.26,0.271,1,1902.0,380.7,-9.7,-15.4,-1.58,-2.20,2,2,-1,-2.0,-1.2,6.7,-0.7,0.01,-0.00,0.00,0.00,0.00,0.00,2.29,-1.67,99,-1,0,-2,-2.7,0.01,0.271,0.277,0.17,0,26,0,267.3,69.5,7.1,2.5,0.00,0,-4.5,-1.7
40.60,align,350.29,-0.29,0.267,1,1901.8,380.5,-9.5,-15.2,-1.58,-2.04,2,2,-1,-2.4,-1.1,6.2,-0.5,0.01,-0.00,0.00,0.00,0.00,0.00,2.14,-1.66,99,-1,0,-2,-2.8,0.01,0.267,0.274,0.22,0,26,0,267.3,69.5,7.1,2.5,0.00,0,-4.4,-1.4
40.70,align,350.31,-0.31,0.264,1,1901.7,380.3,-9.3,-15.0,-1.58,-1.92,2,2,-1,-2.7,-1.1,5.8,-0.4,0.01,-0.00,0.00,0.00,0.00,0.00,1.99,-1.65,99,-1,0,-2,-2.7,0.01,0.264,0.267,0.25,0,26,0,267.3,69.5,7.1,2.5,0.00,0,-4.1,-0.6
40.80,align,350.33,-0.33,0.265,1,1901.7,380.3,-9.2,-14.8,-1.58,-1.92,2,1,-1,-3.0,-1.0,5.4,-0.4,-0.01,0.00,0.00,0.00,0.00,0.00,1.87,-1.64,99,-1,0,-2,-2.7,0.02,0.265,0.269,0.21,0,26,0,268.5,74.4,5.4,1.5,0.00,0,-4.1,-0.6
40.90,align,350.35,-0.35,0.268,1,1901.5,380.1,-9.0,-14.6,-1.58,-1.81,2,1,-1,-3.2,-0.9,5.0,-0.5,-0.03,-0.00,0.00,0.00,0.00,0.00,1.77,-1.63,99,-1,0,-2,-2.7,0.02,0.268,0.280,0.13,0,26,0,268.5,74.4,5.4,1.5,0.00,0,-4.2,0.6
41.00,align,350.35,-0.35,0.272,1,1901.4,379.9,-8.9,-14.4,-1.58,-1.70,1,1,-1,-3.4,-0.8,4.5,-0.6,-0.03,-0.00,0.00,0.00,0.00,0.00,1.66,-1.62,99,-1,0,-1,-2.7,0.02,0.272,0.284,0.04,0,26,0,268.5,74.4,5.4,1.5,0.00,0,-4.3,0.9
41.10,align,350.34,-0.34,0.276,1,1901.0,379.6,-8.7,-14.3,-1.58,-1.52,1,1,-1,-3.6,-0.7,4.1,-0.6,-0.01,-0.01,0.00,0.00,0.00,0.00,1.58,-1.62,99,-1,0,-1,-2.5,0.03,0.276,0.282,-0.04,0,26,0,268.5,74.4,5.4,1.5,0.00,0,-4.5,-1.5
41.20,align,350.33,-0.33,0.281,1,1900.9,379.5,-8.5,-14.1,-1.58,-1.44,1,359,-1,-3.8,-0.6,3.6,-0.4,0.01,-0.01,0.00,0.00,0.00,0.00,1.49,-1.61,99,-1,0,-1,-2.2,0.03,0.281,0.290,-0.12,0,26,0,269.5,82.7,3.6,0.4,0.00,0,-4.5,-2.4
41.30,align,350.31,-0.31,0.282,1,1900.7,379.3,-8.4,-14.0,-1.58,-1.35,1,359,-1,-4.0,-0.4,3.2,-0.2,0.02,-0.01,0.00,0.00,0.00,0.00,1.42,-1.60,99,-1,0,-1,-1.9,0.03,0.282,0.297,-0.15,0,26,0,269.5,82.7,3.6,0.4,0.00,0,-4.6,-2.5
41.40,align,350.30,-0.30,0.279,1,1900.7,379.3,-8.2,-13.8,-1.58,-1.35,1,359,-1,-4.2,-0.3,2.7,0.1,0.03,-0.02,0.00,0.00,0.00,0.00,1.33,-1.60,99,-1,0,-1,-1.9,0.03,0.279,0.297,-0.08,0,26,0,269.5,82.7,3.6,0.4,0.00,0,-4.6,-2.5
41.50,align,350.30,-0.30,0.276,1,1900.6,379.2,-8.1,-13.7,-1.58,-1.29,0,359,-1,-4.3,-0.2,2.2,0.3,0.03,-0.02,0.00,0.00,0.00,0.00,1.27,-1.59,99,-1,0,-0,-1.8,0.03,0.276,0.296,-0.02,0,26,0,269.5,82.7,3.6,0.4,0.00,0,-4.8,-2.6
41.60,align,350.30,-0.30,0.273,1,1900.4,379.1,-7.9,-13.6,-1.58,-1.23,0,359,-1,-4.4,-0.1,1.8,0.5,0.02,-0.02,0.00,0.00,0.00,0.00,1.23,-1.59,99,-1,0,-0,-1.5,0.03,0.273,0.290,0.02,0,26,0,270.3,99.1,1.8,359.7,0.00,0,-4.6,-2.2
41.70,align,350.30,-0.30,0.273,1,1900.1,378.9,-7.8,-13.5,-1.49,-1.14,360,359,-1,-4.5,-0.0,1.4,0.6,0.01,-0.02,0.00,0.00,0.00,0.00,1.18,-1.58,99,-1,0,0,-0.6,0.02,0.274,0.282,0.01,0,26,0,270.3,99.1,1.8,359.7,0.00,0,-3.7,-0.2
41.80,align,350.30,-0.30,0.274,1,1900.1,378.9,-7.6,-13.4,-1.49,-1.14,360,359,-1,-4.5,-0.2,1.0,0.6,-0.01,-0.01,0.00,0.00,0.00,0.00,1.15,-1.49,99,-1,0,0,-0.6,0.02,0.274,0.280,0.00,0,26,0,270.3,99.1,1.8,359.7,0.00,0,-3.7,-0.2
41.90,align,350.30,-0.30,0.274,1,1900.0,378.7,-7.5,-13.2,-1.49,-1.11,360,359,-1,-4.6,-0.1,0.7,0.5,-0.02,-0.01,0.00,0.00,0.00,0.00,1.12,-1.49,99,-1,0,0,-0.3,0.01,0.274,0.284,-0.00,0,26,0,270.3,99.1,1.8,359.7,0.00,0,-3.3,0.6
42.00,align,350.31,-0.31,0.272,1,1899.8,378.6,-7.3,-13.1,-1.45,-1.09,359,359,-1,-4.6,-0.1,0.4,0.4,-0.03,-0.01,0.00,0.00,0.00,0.00,1.10,-1.44,99,-1,0,1,-0.1,0.01,0.272,0.286,0.02,0,26,0,270.5,139.1,0.4,359.5,0.00,0,-3.0,1.1
42.10,align,350.31,-0.31,0.270,1,1899.7,378.5,-7.2,-13.0,-1.41,-1.07,359,359,-1,-4.6,-0.1,0.1,0.3,-0.02,-0.01,0.00,0.00,0.00,0.00,1.08,-1.39,99,-1,0,1,0.0,0.01,0.270,0.281,0.06,0,26,0,270.5,139.1,0.4,359.5,0.00,0,-2.9,1.1
42.20,align,350.31,-0.31,0.271,1,1899.5,378.4,-7.0,-12.9,-1.41,-1.05,359,359,-1,-4.6,-0.0,-0.1,0.3,-0.01,-0.01,0.00,0.00,0.00,0.00,1.07,-1.39,99,-1,0,1,0.1,0.01,0.271,0.278,0.02,0,26,0,270.5,139.1,0.4,359.5,0.00,0,-2.7,0.4
42.30,align,350.30,-0.30,0.275,1,1899.4,378.3,-6.9,-12.8,-1.41,-1.05,359,359,-1,-4.5,0.1,-0.4,0.4,0.01,-0.01,0.00,0.00,0.00,0.00,1.08,-1.39,99,-1,0,1,0.1,0.02,0.275,0.281,-0.06,0,26,0,270.5,139.1,0.4,359.5,0.00,0,-2.8,-0.7
42.40,align,350.29,-0.29,0.278,1,1899.1,378.1,-6.8,-12.7,-1.32,-1.05,359,359,-1,-4.5,0.0,-0.7,0.6,0.02,-0.01,0.00,0.00,0.00,0.00,1.06,-1.34,99,-1,0,1,0.1,0.02,0.278,0.289,-0.11,0,26,0,270.4,237.5,359.3,359.6,0.00,0,-2.4,-1.9
42.50,align,350.28,-0.28,0.277,1,1899.1,378.1,-6.6,-12.6,-1.32,-1.05,359,359,-1,-4.4,-0.0,-0.9,0.7,0.02,-0.01,0.00,0.00,0.00,0.00,1.08,-1.30,99,-1,0,1,0.1,0.02,0.277,0.290,-0.09,0,26,0,270.4,237.5,359.3,359.6,0.00,0,-2.4,-1.9
42.60,align,350.27,-0.27,0.273,1,1898.9,377.9,-6.5,-12.5,-1.32,-1.07,359,359,-1,-4.3,0.0,-1.2,0.9,0.02,-0.02,0.00,0.00,0.00,0.00,1.08,-1.30,99,-1,0,1,0.1,0.02,0.273,0.289,-0.02,0,26,0,270.4,237.5,359.3,359.6,0.00,0,-2.5,-1.6
42.70,align,350.27,-0.27,0.271,1,1898.7,377.8,-6.4,-12.4,-1.23,-1.08,359,359,-1,-4.3,0.1,-1.4,1.1,0.02,-0.02,0.00,0.00,0.00,0.00,1.09,-1.30,99,-1,0,1,0.1,0.02,0.271,0.284,0.02,0,26,0,270.4,237.5,359.3,359.6,0.00,0,-1.9,-0.9
42.80,align,350.27,-0.27,0.271,1,1898.7,377.8,-6.2,-12.3,-1.23,-1.08,359,359,-1,-4.2,-0.1,-1.6,1.1,0.01,-0.01,0.00,0.00,0.00,0.00,1.10,-1.21,99,-1,0,1,0.1,0.02,0.271,0.280,0.01,0,26,0,270.4,256.6,358.4,359.6,0.00,0,-1.9,-0.9
42.90,align,350.27,-0.27,0.271,1,1898.5,377.6,-6.1,-12.2,-1.19,-1.12,359,359,-1,-4.0,0.0,-1.7,1.2,0.00,-0.01,0.00,0.00,0.00,0.00,1.12,-1.21,99,-1,0,1,0.1,0.02,0.271,0.274,0.00,0,26,0,270.4,256.6,358.4,359.6,0.00,0,-0.6,0.2
43.00,align,350.27,-0.27,0.271,1,1898.4,377.4,-6.0,-12.1,-1.14,-1.14,359,359,-1,-3.9,-0.1,-1.8,1.1,-0.01,-0.00,0.00,0.00,0.00,0.00,1.15,-1.16,99,-1,0,1,0.1,0.02,0.271,0.275,-0.00,0,26,0,270.4,256.6,358.4,359.6,0.00,0,-0.8,0.7
43.10,align,350.28,-0.28,0.270,1,1898.4,377.4,-5.9,-11.9,-1.14,-1.14,359,359,-1,-3.8,-0.1,-1.9,1.0,-0.01,-0.00,0.00,0.00,0.00,0.00,1.17,-1.12,99,-1,0,1,0.1,0.02,0.270,0.276,0.01,0,26,0,270.4,256.6,358.4,359.6,0.00,0,-0.8,0.7
43.20,align,350.29,-0.29,0.266,1,1898.1,377.2,-5.8,-11.8,-1.10,-1.21,359,359,-1,-3.6,-0.1,-2.0,1.0,-0.01,-0.01,0.00,0.00,0.00,0.00,1.20,-1.12,99,-1,0,1,0.1,0.02,0.266,0.274,0.08,0,26,0,270.3,260.7,358.0,359.6,0.00,0,-1.2,0.4
43.30,align,350.30,-0.30,0.265,1,1898.1,377.2,-5.6,-11.7,-1.10,-1.21,359,359,-1,-3.5,-0.1,-2.1,0.9,-0.00,-0.01,0.00,0.00,0.00,0.00,1.23,-1.07,99,-1,0,1,0.1,0.02,0.265,0.271,0.09,0,26,0,270.3,260.7,358.0,359.6,0.00,0,-1.2,0.4
43.40,align,350.29,-0.29,0.269,1,1897.9,377.0,-5.5,-11.6,-1.05,-1.25,359,359,-1,-3.3,-0.2,-2.2,1.1,0.02,-0.02,0.00,0.00,0.00,0.00,1.25,-1.03,99,-1,0,1,0.1,0.02,0.269,0.281,0.01,0,26,0,270.3,260.7,358.0,359.6,0.00,0,-0.9,-1.5
43.50,align,350.28,-0.28,0.273,1,1897.9,377.0,-5.4,-11.5,-1.05,-1.25,359,359,-1,-3.2,-0.1,-2.3,1.2,0.02,-0.01,0.00,0.00,0.00,0.00,1.28,-1.03,99,-1,0,1,0.1,0.02,0.273,0.286,-0.07,0,26,0,270.3,260.7,358.0,359.6,0.00,0,-0.9,-1.5
43.60,align,350.27,-0.27,0.276,1,1897.7,376.7,-5.3,-11.3,-0.97,-1.32,359,359,-1,-3.0,-0.2,-2.3,1.3,0.02,-0.00,0.00,0.00,0.00,0.00,1.31,-0.98,99,-1,0,1,0.0,0.02,0.276,0.283,-0.12,0,26,0,270.3,263.2,357.7,359.7,0.00,0,0.0,0.0
43.70,align,350.25,-0.25,0.277,1,1897.6,376.6,-5.2,-11.2,-0.97,-1.35,359,359,-1,-2.9,-0.3,-2.2,1.3,0.01,0.00,0.00,0.00,0.00,0.00,1.34,-0.94,99,-1,0,1,0.2,0.03,0.277,0.283,-0.13,0,26,0,270.3,263.2,357.7,359.7,0.00,0,1.0,-0.3
43.80,align,350.24,-0.24,0.276,1,1897.5,376.4,-5.1,-11.1,-0.88,-1.38,359,359,-1,-2.7,-0.2,-2.2,1.4,0.01,0.00,0.00,0.00,0.00,0.00,1.37,-0.94,99,-1,0,1,0.2,0.02,0.276,0.280,-0.11,0,26,0,270.3,263.2,357.7,359.7,0.00,0,0.6,-0.2
43.90,align,350.24,-0.24,0.272,1,1897.5,376.3,-5.0,-10.9,-0.88,-1.42,359,359,-1,-2.5,-0.4,-2.2,1.4,0.01,0.00,0.00,0.00,0.00,0.00,1.40,-0.85,99,-1,0,1,0.2,0.02,0.272,0.276,-0.04,0,26,0,270.3,263.2,357.7,359.7,0.00,0,0.4,-0.1
44.00,align,350.24,-0.24,0.269,1,1897.5,376.3,-5.0,-10.8,-0.88,-1.42,359,359,-1,-2.3,-0.4,-2.1,1.4,0.01,-0.00,0.00,0.00,0.00,0.00,1.44,-0.85,99,-1,0,1,0.2,0.02,0.269,0.273,0.02,0,26,0,270.2,264.1,357.9,359.7,0.00,0,0.4,-0.1
44.10,align,350.25,-0.25,0.265,1,1897.4,376.1,-4.9,-10.6,-0.88,-1.45,359,359,-1,-2.1,-0.3,-2.1,1.4,0.01,-0.01,0.00,0.00,0.00,0.00,1.47,-0.85,99,-1,0,1,0.0,0.03,0.265,0.270,0.08,0,26,0,270.2,264.1,357.9,359.7,0.00,0,0.0,0.0
44.20,align,350.27,-0.27,0.262,1,1897.2,375.9,-4.8,-10.5,-0.79,-1.51,359,359,-1,-2.0,-0.6,-2.1,1.3,0.00,-0.00,0.00,0.00,0.00,0.00,1.49,-0.76,99,-1,0,1,0.2,0.02,0.262,0.265,0.12,0,26,0,270.2,264.1,357.9,359.7,0.00,0,0.7,1.0
44.30,align,350.27,-0.27,0.265,1,1897.1,375.7,-4.7,-10.4,-0.75,-1.52,359,359,-1,-1.8,-0.5,-2.0,1.2,-0.01,0.00,0.00,0.00,0.00,0.00,1.52,-0.76,99,-1,0,1,0.1,0.02,0.265,0.269,0.06,0,26,0,270.2,264.1,357.9,359.7,0.00,0,0.9,1.2
44.40,align,350.25,-0.25,0.274,1,1897.1,375.7,-4.6,-10.2,-0.75,-1.52,359,359,-1,-1.7,-0.6,-1.9,1.1,-0.01,0.00,0.00,0.00,0.00,0.00,1.53,-0.71,99,-1,0,1,0.1,0.02,0.274,0.280,-0.12,0,26,0,270.2,264.7,358.1,359.8,0.00,0,0.9,1.2
44.50,align,350.22,-0.22,0.284,1,1897.0,375.4,-4.6,-10.0,-0.70,-1.56,359,359,-1,-1.5,-0.7,-1.9,1.1,-0.00,-0.00,0.00,0.00,0.00,0.00,1.55,-0.67,99,-1,0,1,0.1,0.02,0.284,0.284,-0.29,0,26,0,270.2,264.7,358.1,359.8,0.00,0,0.7,0.1
44.60,align,350.20,-0.20,0.286,1,1897.0,375.4,-4.5,-9.9,-0.70,-1.56,359,359,-1,-1.4,-0.7,-1.8,1.0,0.01,-0.00,0.00,0.00,0.00,0.00,1.57,-0.67,99,-1,0,1,0.1,0.02,0.286,0.290,-0.31,0,26,0,270.2,264.7,358.1,359.8,0.00,0,0.7,0.1
44.70,align,350.17,-0.17,0.284,1,1896.9,375.2,-4.4,-9.7,-0.70,-1.58,359,359,-1,-1.2,-0.6,-1.8,1.0,0.00,-0.01,0.00,0.00,0.00,0.00,1.60,-0.67,99,-1,0,1,0.0,0.02,0.284,0.288,-0.25,0,26,0,270.2,264.7,358.1,359.8,0.00,0,0.0,0.0
44.80,align,350.16,-0.16,0.281,1,1896.9,375.1,-4.4,-9.6,-0.62,-1.60,359,359,-1,-1.1,-0.9,-1.7,1.0,0.01,-0.01,0.00,0.00,0.00,0.00,1.62,-0.58,99,-1,0,1,0.2,0.02,0.281,0.288,-0.18,0,26,0,270.1,265.5,358.3,359.8,0.00,0,0.5,0.3
44.90,align,350.15,-0.15,0.278,1,1896.7,374.7,-4.3,-9.4,-0.62,-1.65,359,359,-1,-0.9,-0.8,-1.7,1.0,0.00,-0.01,0.00,0.00,0.00,0.00,1.64,-0.58,99,-1,0,1,0.2,0.02,0.278,0.286,-0.11,0,26,0,270.1,265.5,358.3,359.8,0.00,0,0.0,0.6
45.00,align,350.15,-0.15,0.275,1,1896.7,374.7,-4.2,-9.2,-0.62,-1.65,359,359,-1,-0.7,-0.8,-1.7,1.0,0.00,-0.02,0.00,0.00,0.00,0.00,1.66,-0.58,99,-1,0,1,0.2,0.02,0.275,0.284,-0.05,0,26,0,270.1,265.5,358.3,359.8,0.00,0,0.0,0.6
45.10,align,350.15,-0.15,0.271,1,1896.6,374.4,-4.2,-9.1,-0.53,-1.69,359,359,-1,-0.6,-1.0,-1.8,0.9,0.01,-0.02,0.00,0.00,0.00,0.00,1.68,-0.49,99,-1,0,1,0.0,0.02,0.271,0.282,0.02,0,26,0,270.1,265.5,358.3,359.8,0.00,0,0.0,0.0
45.20,align,350.16,-0.16,0.269,1,1896.6,374.2,-4.1,-8.9,-0.53,-1.71,359,359,-1,-0.4,-1.0,-1.7,0.8,-0.00,-0.02,0.00,0.00,0.00,0.00,1.70,-0.49,99,-1,0,1,0.1,0.02,0.269,0.278,0.06,0,26,0,270.1,266.9,358.2,359.9,0.00,0,0.7,1.1
45.30,align,350.16,-0.16,0.270,1,1896.6,374.2,-4.1,-8.7,-0.53,-1.71,359,359,-1,-0.2,-1.0,-1.7,0.8,-0.01,-0.01,0.00,0.00,0.00,0.00,1.72,-0.49,99,-1,0,1,0.1,0.02,0.270,0.277,0.02,0,26,0,270.1,266.9,358.2,359.9,0.00,0,0.7,1.1
45.40,align,350.15,-0.15,0.274,1,1896.5,373.9,-4.0,-8.6,-0.53,-1.74,359,359,-1,-0.1,-1.0,-1.5,0.7,-0.01,0.01,0.00,0.00,0.00,0.00,1.72,-0.49,99,-1,0,1,0.1,0.02,0.274,0.280,-0.06,0,26,0,270.1,266.9,358.2,359.9,0.00,0,2.4,0.8
45.50,align,350.14,-0.14,0.277,1,1896.5,373.9,-4.0,-8.4,-0.53,-1.74,359,359,-1,0.0,-0.9,-1.2,0.6,-0.00,0.02,0.00,0.00,0.00,0.00,1.75,-0.49,99,-1,0,1,0.1,0.02,0.277,0.285,-0.11,0,26,0,270.1,266.9,358.2,359.9,0.00,0,2.4,0.8
45.60,align,350.14,-0.14,0.276,1,1896.4,373.5,-3.9,-8.2,-0.44,-1.76,359,359,-1,0.1,-1.2,-1.0,0.5,0.00,0.02,0.00,0.00,0.00,0.00,1.74,-0.41,99,-1,0,1,0.1,0.02,0.276,0.284,-0.09,0,26,0,270.1,266.7,359.0,359.9,0.00,0,2.3,0.5
45.70,align,350.14,-0.14,0.273,1,1896.3,373.4,-3.9,-8.0,-0.44,-1.76,359,359,-1,0.3,-1.1,-0.7,0.5,0.00,0.02,0.00,0.00,0.00,0.00,1.77,-0.41,99,-1,0,1,0.1,0.02,0.273,0.279,-0.02,0,26,0,270.1,266.7,359.0,359.9,0.00,0,2.3,0.5
45.80,align,350.15,-0.15,0.269,1,1896.3,373.2,-3.8,-7.9,-0.44,-1.74,359,359,-1,0.4,-1.1,-0.5,0.4,-0.00,0.01,0.00,0.00,0.00,0.00,1.77,-0.41,99,-1,0,1,0.1,0.02,0.269,0.275,0.05,0,26,0,270.1,266.7,359.0,359.9,0.00,0,1.8,0.6
45.90,align,350.15,-0.15,0.268,1,1896.3,373.0,-3.8,-7.7,-0.44,-1.74,359,359,-1,0.5,-1.1,-0.4,0.4,-0.00,0.00,0.00,0.00,0.00,0.00,1.74,-0.41,99,-1,0,1,0.1,0.02,0.268,0.270,0.06,0,26,0,270.1,266.7,359.0,359.9,0.00,0,0.3,0.5
46.00,align,350.15,-0.15,0.272,1,1896.3,373.0,-3.8,-7.5,-0.44,-1.74,359,359,-1,0.6,-1.1,-0.4,0.3,-0.00,-0.02,0.00,0.00,0.00,0.00,1.74,-0.41,99,-1,0,1,0.1,0.02,0.272,0.281,-0.02,0,26,0,270.0,267.5,359.6,360.0,0.00,0,0.3,0.5
46.10,align,350.14,-0.14,0.275,1,1896.2,372.7,-3.7,-7.3,-0.44,-1.71,359,359,-1,0.7,-1.1,-0.5,0.3,0.00,-0.03,0.00,0.00,0.00,0.00,1.74,-0.41,99,-1,0,1,0.1,0.02,0.275,0.289,-0.08,0,26,0,270.0,267.5,359.6,360.0,0.00,0,-0.9,0.1
46.20,align,350.13,-0.13,0.277,1,1896.1,372.5,-3.7,-7.2,-0.35,-1.71,359,359,-1,0.7,-1.0,-0.5,0.3,0.00,-0.03,0.00,0.00,0.00,0.00,1.72,-0.41,99,-1,0,1,0.0,0.02,0.277,0.290,-0.11,0,26,0,270.0,267.5,359.6,360.0,0.00,0,0.0,0.0
46.30,align,350.11,-0.11,0.282,1,1896.1,372.5,-3.6,-7.0,-0.35,-1.71,359,359,-1,0.8,-1.3,-0.4,0.3,0.01,-0.01,0.00,0.00,0.00,0.00,1.72,-0.32,99,-1,0,1,0.0,0.02,0.282,0.289,-0.19,0,26,0,270.0,267.5,359.6,360.0,0.00,0,0.0,0.0
46.40,align,350.08,-0.08,0.285,1,1896.1,372.2,-3.6,-6.8,-0.35,-1.71,359,359,-1,0.9,-1.3,-0.3,0.2,-0.00,0.00,0.00,0.00,0.00,0.00,1.72,-0.32,99,-1,0,1,0.6,0.02,0.285,0.286,-0.24,0,26,0,269.9,280.8,359.7,0.1,0.00,0,1.9,0.8
46.50,align,350.06,-0.06,0.285,1,1896.1,372.2,-3.6,-6.7,-0.35,-1.71,359,359,-1,1.0,-1.2,-0.1,0.1,-0.01,0.01,0.00,0.00,0.00,0.00,1.72,-0.32,99,-1,0,1,0.6,0.01,0.285,0.289,-0.22,0,26,0,269.9,280.8,359.7,0.1,0.00,0,1.9,0.8
46.60,align,350.05,-0.05,0.282,1,1896.0,371.8,-3.5,-6.5,-0.35,-1.70,359,359,-1,1.1,-1.2,0.1,0.0,-0.01,0.01,0.00,0.00,0.00,0.00,1.72,-0.32,99,-1,0,1,1.0,0.00,0.282,0.287,-0.15,0,26,0,269.9,280.8,359.7,0.1,0.00,0,1.9,0.9
46.70,align,350.05,-0.05,0.279,1,1896.0,371.7,-3.5,-6.3,-0.35,-1.69,359,359,-1,1.2,-1.2,0.2,-0.0,-0.01,0.01,0.00,0.00,0.00,0.00,1.71,-0.32,99,-1,0,1,1.1,0.00,0.279,0.285,-0.08,0,26,0,269.9,280.8,359.7,0.1,0.00,0,1.8,0.9
46.80,align,350.05,-0.05,0.276,1,1896.0,371.7,-3.5,-6.2,-0.35,-1.69,359,359,-1,1.3,-1.2,0.4,-0.1,-0.01,0.01,0.00,0.00,0.00,0.00,1.70,-0.32,99,-1,0,1,1.1,-0.00,0.276,0.282,-0.01,0,26,0,269.6,44.9,0.4,0.4,0.00,0,1.8,0.9
46.90,align,350.06,-0.06,0.272,1,1895.9,371.5,-3.4,-6.0,-0.35,-1.67,359,359,-1,1.3,-1.2,0.6,-0.2,-0.01,0.01,0.00,0.00,0.00,0.00,1.68,-0.33,99,-1,0,1,1.0,-0.00,0.272,0.279,0.05,0,26,0,269.6,44.9,0.4,0.4,0.00,0,1.5,0.9
47.00,align,350.07,-0.07,0.268,1,1895.8,371.2,-3.4,-5.8,-0.35,-1.61,359,359,-1,1.3,-1.1,0.7,-0.3,-0.01,0.00,0.00,0.00,0.00,0.00,1.65,-0.33,99,-1,0,1,1.1,-0.00,0.268,0.275,0.12,0,26,0,269.6,44.9,0.4,0.4,0.00,0,1.1,0.8
47.10,align,350.09,-0.09,0.265,1,1895.8,371.0,-3.3,-5.7,-0.35,-1.58,359,359,-1,1.3,-1.1,0.8,-0.4,-0.01,-0.00,0.00,0.00,0.00,0.00,1.62,-0.33,99,-1,0,1,1.1,-0.01,0.265,0.269,0.16,0,26,0,269.6,44.9,0.4,0.4,0.00,0,0.7,0.0
47.20,align,350.10,-0.10,0.266,1,1895.8,370.8,-3.3,-5.5,-0.35,-1.56,359,360,-1,1.3,-1.1,0.9,-0.3,0.01,-0.01,0.00,0.00,0.00,0.00,1.59,-0.33,99,-1,0,1,1.0,-0.01,0.266,0.271,0.12,0,26,0,269.2,45.7,0.9,0.8,0.00,0,0.5,-1.0
47.30,align,350.10,-0.10,0.270,1,1895.8,370.8,-3.3,-5.3,-0.35,-1.56,359,360,-1,1.4,-1.1,0.9,-0.2,0.02,-0.01,0.00,0.00,0.00,0.00,1.56,-0.33,99,-1,0,1,1.0,-0.01,0.270,0.283,0.04,0,26,0,269.2,45.7,0.9,0.8,0.00,0,0.5,-1.0
47.40,align,350.09,-0.09,0.275,1,1895.7,370.7,-3.2,-5.2,-0.35,-1.53,359,360,-1,1.4,-1.1,1.0,-0.0,0.03,0.00,0.00,0.00,0.00,0.00,1.53,-0.34,99,-1,0,1,1.0,-0.01,0.275,0.288,-0.04,0,26,0,269.2,45.7,0.9,0.8,0.00,0,0.8,-1.7
47.50,align,350.07,-0.07,0.279,1,1895.7,370.5,-3.2,-5.0,-0.35,-1.49,360,360,-1,1.4,-1.0,1.2,0.1,0.02,0.01,0.00,0.00,0.00,0.00,1.50,-0.34,99,-1,0,0,1.1,-0.01,0.279,0.290,-0.12,0,26,0,269.2,45.7,0.9,0.8,0.00,0,1.5,-1.4
47.60,align,350.05,-0.05,0.284,1,1895.7,370.4,-3.2,-4.9,-0.35,-1.46,360,0,-1,1.4,-1.0,1.3,0.0,0.00,0.01,0.00,0.00,0.00,0.00,1.46,-0.34,99,-1,0,0,1.1,-0.01,0.284,0.287,-0.20,0,26,0,268.8,45.8,1.3,1.2,0.00,0,1.4,-0.1
47.70,align,350.03,-0.03,0.286,1,1895.6,370.1,-3.1,-4.7,-0.35,-1.38,360,0,-1,1.4,-1.0,1.4,-0.0,-0.01,0.01,0.00,0.00,0.00,0.00,1.43,-0.34,99,-1,0,0,0.7,-0.01,0.286,0.292,-0.22,0,26,0,268.8,45.8,1.3,1.2,0.00,0,0.9,0.9
47.80,align,350.02,-0.02,0.283,1,1895.6,370.0,-3.1,-4.6,-0.35,-1.34,360,0,-1,1.3,-1.0,1.5,-0.1,-0.01,0.00,0.00,0.00,0.00,0.00,1.39,-0.35,99,-1,0,0,0.6,-0.01,0.283,0.290,-0.15,0,26,0,268.8,45.8,1.3,1.2,0.00,0,0.7,1.0
47.90,align,350.02,-0.02,0.280,1,1895.5,369.8,-3.1,-4.5,-0.35,-1.30,360,0,-1,1.3,-0.9,1.6,-0.3,-0.02,0.00,0.00,0.00,0.00,0.00,1.34,-0.35,99,-1,0,0,0.6,-0.01,0.280,0.288,-0.09,0,26,0,268.8,45.8,1.3,1.2,0.00,0,0.6,1.2
48.00,align,350.02,-0.02,0.277,1,1895.5,369.8,-3.0,-4.3,-0.35,-1.30,360,1,-1,1.2,-0.9,1.6,-0.4,-0.02,0.00,0.00,0.00,0.00,0.00,1.30,-0.35,99,-1,0,0,0.6,-0.01,0.277,0.285,-0.02,0,26,0,268.5,46.6,1.6,1.5,0.00,0,0.6,1.2
48.10,align,350.03,-0.03,0.273,1,1895.5,369.6,-3.0,-4.2,-0.35,-1.21,0,1,-1,1.2,-0.9,1.7,-0.5,-0.02,0.00,0.00,0.00,0.00,0.00,1.25,-0.35,99,-1,0,-0,0.5,-0.01,0.273,0.282,0.05,0,26,0,268.5,46.6,1.6,1.5,0.00,0,0.4,1.3
48.20,align,350.04,-0.04,0.269,1,1895.5,369.6,-3.0,-4.1,-0.35,-1.21,0,1,-1,1.1,-0.9,1.7,-0.6,-0.02,0.00,0.00,0.00,0.00,0.00,1.21,-0.35,99,-1,0,-0,0.5,-0.01,0.269,0.278,0.11,0,26,0,268.5,46.6,1.6,1.5,0.00,0,0.4,1.3
48.30,align,350.05,-0.05,0.268,1,1895.4,369.4,-2.9,-4.0,-0.35,-1.13,0,1,-1,1.0,-0.9,1.7,-0.7,-0.01,-0.00,0.00,0.00,0.00,0.00,1.16,-0.36,99,-1,0,-0,0.0,-0.01,0.268,0.274,0.12,0,26,0,268.5,46.6,1.6,1.5,0.00,0,0.0,0.0
48.40,align,350.05,-0.05,0.272,1,1895.4,369.4,-2.9,-3.9,-0.35,-1.13,0,1,-1,1.0,-0.8,1.7,-0.6,0.00,-0.00,0.00,0.00,0.00,0.00,1.13,-0.36,99,-1,0,-0,0.0,-0.01,0.272,0.274,0.04,0,26,0,268.3,44.7,1.7,1.7,0.00,0,0.0,0.0
48.50,align,350.04,-0.04,0.276,1,1895.3,369.1,-2.9,-3.8,-0.35,-1.04,0,1,-1,1.0,-0.8,1.7,-0.5,0.02,-0.00,0.00,0.00,0.00,0.00,1.09,-0.36,99,-1,0,-0,0.4,-0.02,0.276,0.286,-0.04,0,26,0,268.3,44.7,1.7,1.7,0.00,0,-0.2,-1.9
48.60,align,350.04,-0.04,0.278,1,1895.3,369.0,-2.8,-3.6,-0.35,-1.00,0,1,-1,0.9,-0.8,1.7,-0.3,0.03,-0.01,0.00,0.00,0.00,0.00,1.04,-0.36,99,-1,0,-0,0.4,-0.02,0.278,0.292,-0.07,0,26,0,268.3,44.7,1.7,1.7,0.00,0,-0.1,-1.7
48.70,align,350.03,-0.03,0.276,1,1895.2,368.9,-2.8,-3.5,-0.35,-0.97,0,1,-1,0.8,-0.8,1.7,-0.1,0.02,-0.00,0.00,0.00,0.00,0.00,1.00,-0.36,99,-1,0,-0,0.3,-0.02,0.276,0.286,-0.03,0,26,0,268.3,44.7,1.7,1.7,0.00,0,0.3,-1.0
48.80,align,350.02,-0.02,0.277,1,1895.2,368.9,-2.7,-3.4,-0.35,-0.97,1,1,-1,0.8,-0.8,1.7,-0.0,0.01,0.01,0.00,0.00,0.00,0.00,0.96,-0.36,99,-1,0,-1,0.3,-0.02,0.277,0.285,-0.03,0,26,0,268.1,43.1,1.7,1.9,0.00,0,0.3,-1.0
48.90,align,350.02,-0.02,0.279,1,1895.2,368.9,-2.7,-3.4,-0.35,-0.92,1,1,-1,0.7,-0.7,1.8,-0.1,-0.00,0.01,0.00,0.00,0.00,0.00,0.92,-0.36,99,-1,0,-1,0.1,-0.01,0.279,0.283,-0.07,0,26,0,268.1,43.1,1.7,1.9,0.00,0,0.3,-0.0
49.00,align,350.01,-0.01,0.280,1,1895.2,368.8,-2.7,-3.3,-0.35,-0.88,1,1,-1,0.6,-0.7,1.8,-0.2,-0.01,0.01,0.00,0.00,0.00,0.00,0.88,-0.36,99,-1,0,-1,0.1,-0.01,0.280,0.288,-0.09,0,26,0,268.1,43.1,1.7,1.9,0.00,0,0.3,0.6
49.10,align,350.01,-0.01,0.277,1,1895.1,368.6,-2.6,-3.2,-0.35,-0.79,1,1,-1,0.6,-0.7,1.9,-0.2,-0.01,0.01,0.00,0.00,0.00,0.00,0.83,-0.36,99,-1,0,-1,-0.0,-0.01,0.277,0.286,-0.03,0,26,0,268.1,43.1,1.7,1.9,0.00,0,0.1,1.0
49.20,align,350.02,-0.02,0.273,1,1895.1,368.5,-2.6,-3.1,-0.35,-0.75,1,1,-1,0.5,-0.7,1.9,-0.3,-0.02,0.01,0.00,0.00,0.00,0.00,0.79,-0.36,99,-1,0,-1,-0.0,-0.01,0.273,0.283,0.04,0,26,0,268.1,44.3,1.9,1.9,0.00,0,-0.0,1.1
49.30,align,350.03,-0.03,0.270,1,1895.1,368.5,-2.6,-3.0,-0.35,-0.75,1,1,-1,0.4,-0.7,1.9,-0.5,-0.02,0.00,0.00,0.00,0.00,0.00,0.74,-0.36,99,-1,0,-1,-0.0,-0.01,0.270,0.279,0.10,0,26,0,268.1,44.3,1.9,1.9,0.00,0,-0.0,1.1
49.40,align,350.05,-0.05,0.267,1,1895.0,368.5,-2.5,-3.0,-0.35,-0.70,1,1,-1,0.3,-0.6,1.8,-0.5,-0.02,-0.00,0.00,0.00,0.00,0.00,0.70,-0.36,99,-1,0,-1,-0.1,-0.01,0.267,0.274,0.14,0,26,0,268.1,44.3,1.9,1.9,0.00,0,-0.5,1.1
49.50,align,350.06,-0.06,0.268,1,1895.0,368.4,-2.5,-2.9,-0.35,-0.66,1,1,-1,0.2,-0.6,1.7,-0.5,-0.00,-0.01,0.00,0.00,0.00,0.00,0.65,-0.36,99,-1,0,-1,-0.1,-0.01,0.268,0.272,0.10,0,26,0,268.1,44.3,1.9,1.9,0.00,0,-1.2,0.2
49.60,align,350.05,-0.05,0.272,1,1894.9,368.3,-2.5,-2.8,-0.44,-0.59,1,1,-1,0.1,-0.3,1.6,-0.4,0.01,-0.01,0.00,0.00,0.00,0.00,0.62,-0.45,99,-1,0,-1,-0.1,-0.01,0.272,0.281,0.02,0,26,0,268.1,40.6,1.6,1.9,0.00,0,-0.7,-1.8
49.70,align,350.04,-0.04,0.277,1,1894.9,368.2,-2.4,-2.8,-0.44,-0.56,1,1,-1,0.1,-0.3,1.6,-0.2,0.02,0.00,0.00,0.00,0.00,0.00,0.59,-0.45,99,-1,0,-1,-0.1,-0.01,0.277,0.285,-0.06,0,26,0,268.1,40.6,1.6,1.9,0.00,0,0.1,-1.3
49.80,align,350.03,-0.03,0.280,1,1894.9,368.2,-2.4,-2.7,-0.44,-0.56,1,1,-1,0.0,-0.3,1.6,-0.1,0.01,0.01,0.00,0.00,0.00,0.00,0.55,-0.45,99,-1,0,-1,-0.1,-0.01,0.280,0.290,-0.11,0,26,0,268.1,40.6,1.6,1.9,0.00,0,0.1,-1.3
49.90,align,350.02,-0.02,0.279,1,1894.8,368.2,-2.3,-2.7,-0.44,-0.53,1,1,-1,-0.1,-0.3,1.6,-0.0,0.01,0.01,0.00,0.00,0.00,0.00,0.52,-0.45,99,-1,0,-1,-0.1,-0.01,0.279,0.289,-0.09,0,26,0,268.1,40.6,1.6,1.9,0.00,0,0.4,-1.1
50.00,align,350.02,-0.02,0.276,1,1894.8,368.1,-2.3,-2.6,-0.44,-0.48,1,1,-1,-0.2,-0.2,1.7,0.1,0.01,0.01,0.00,0.00,0.00,0.00,0.48,-0.45,99,-1,0,-1,-0.1,-0.01,0.276,0.285,-0.02,0,26,0,268.2,42.4,1.7,1.8,0.00,0,0.2,-0.8
50.10,align,350.02,-0.02,0.272,1,1894.7,368.0,-2.2,-2.6,-0.40,-0.41,1,1,-1,-0.2,-0.2,1.7,0.2,0.01,0.01,0.00,0.00,0.00,0.00,0.44,-0.45,99,-1,0,-1,-0.1,-0.01,0.272,0.281,0.05,0,26,0,268.2,42.4,1.7,1.8,0.00,0,-0.2,-0.4
50.20,align,350.03,-0.03,0.270,1,1894.7,368.0,-2.2,-2.5,-0.35,-0.37,1,1,-1,-0.3,-0.3,1.6,0.2,0.01,0.00,0.00,0.00,0.00,0.00,0.40,-0.40,99,-1,0,-1,-0.1,-0.01,0.270,0.275,0.08,0,26,0,268.2,42.4,1.7,1.8,0.00,0,-1.0,0.0
50.30,align,350.04,-0.04,0.270,1,1894.6,367.9,-2.2,-2.5,-0.35,-0.34,1,1,-1,-0.4,-0.4,1.5,0.2,-0.00,-0.01,0.00,0.00,0.00,0.00,0.37,-0.36,99,-1,0,-1,-0.1,-0.01,0.270,0.273,0.08,0,26,0,268.2,42.4,1.7,1.8,0.00,0,-1.8,0.7
50.40,align,350.05,-0.05,0.270,1,1894.6,367.9,-2.1,-2.4,-0.35,-0.34,1,1,-1,-0.5,-0.4,1.3,0.1,-0.01,-0.02,0.00,0.00,0.00,0.00,0.34,-0.36,99,-1,0,-1,-0.1,-0.01,0.270,0.281,0.07,0,26,0,268.2,36.5,1.3,1.8,0.00,0,-1.8,0.7
50.50,align,350.06,-0.06,0.268,1,1894.6,367.9,-2.1,-2.4,-0.35,-0.29,1,1,-1,-0.6,-0.4,1.1,0.0,-0.02,-0.02,0.00,0.00,0.00,0.00,0.30,-0.36,99,-1,0,-1,-0.1,-0.01,0.268,0.284,0.09,0,26,0,268.2,36.5,1.3,1.8,0.00,0,-1.9,0.8
50.60,align,350.07,-0.07,0.266,1,1894.6,367.9,-2.1,-2.4,-0.35,-0.29,1,1,-1,-0.6,-0.4,0.9,-0.1,-0.01,-0.02,0.00,0.00,0.00,0.00,0.28,-0.36,99,-1,0,-1,-0.1,-0.01,0.266,0.279,0.13,0,26,0,268.2,36.5,1.3,1.8,0.00,0,-1.9,0.8
50.70,align,350.08,-0.08,0.267,1,1894.5,367.9,-2.0,-2.4,-0.35,-0.26,1,1,-1,-0.7,-0.3,0.8,-0.1,-0.01,-0.01,0.00,0.00,0.00,0.00,0.26,-0.36,99,-1,0,-1,-0.1,-0.01,0.267,0.275,0.09,0,26,0,268.2,36.5,1.3,1.8,0.00,0,-1.5,0.5
50.80,align,350.08,-0.08,0.271,1,1894.5,367.8,-2.0,-2.3,-0.35,-0.24,1,1,-1,-0.7,-0.3,0.8,-0.2,-0.01,0.01,0.00,0.00,0.00,0.00,0.25,-0.36,99,-1,0,-1,0.0,-0.01,0.271,0.278,0.01,0,26,0,268.3,23.6,0.8,1.7,0.00,0,0.0,0.0
50.90,align,350.08,-0.08,0.274,1,1894.4,367.8,-2.0,-2.3,-0.35,-0.22,1,1,-1,-0.7,-0.3,0.8,-0.2,-0.01,0.02,0.00,0.00,0.00,0.00,0.24,-0.35,99,-1,0,-1,-0.1,-0.02,0.274,0.283,-0.04,0,26,0,268.3,23.6,0.8,1.7,0.00,0,0.3,-0.1
51.00,align,350.07,-0.07,0.274,1,1894.4,367.8,-1.9,-2.3,-0.35,-0.22,1,1,-1,-0.8,-0.3,0.8,-0.2,0.00,0.01,0.00,0.00,0.00,0.00,0.21,-0.35,99,-1,0,-1,-0.1,-0.01,0.274,0.280,-0.05,0,26,0,268.3,23.6,0.8,1.7,0.00,0,0.3,-0.1
51.10,align,350.07,-0.07,0.275,1,1894.3,367.7,-1.9,-2.3,-0.35,-0.18,1,1,-1,-0.8,-0.3,0.8,-0.1,0.01,0.00,0.00,0.00,0.00,0.00,0.19,-0.35,99,-1,0,-1,-0.1,-0.02,0.275,0.280,-0.05,0,26,0,268.3,23.6,0.8,1.7,0.00,0,-0.8,-1.0
51.20,align,350.06,-0.06,0.274,1,1894.3,367.7,-1.8,-2.2,-0.35,-0.16,1,1,-1,-0.9,-0.2,0.7,0.0,0.01,-0.00,0.00,0.00,0.00,0.00,0.17,-0.35,99,-1,0,-1,-0.1,-0.01,0.274,0.280,-0.03,0,26,0,268.3,22.8,0.7,1.7,0.00,0,-0.9,-0.9
51.30,align,350.07,-0.07,0.270,1,1894.3,367.7,-1.8,-2.2,-0.35,-0.15,1,1,-1,-0.9,-0.2,0.6,0.1,0.01,-0.00,0.00,0.00,0.00,0.00,0.16,-0.35,99,-1,0,-1,-0.1,-0.01,0.270,0.278,0.03,0,26,0,268.3,22.8,0.7,1.7,0.00,0,-1.0,-0.9
51.40,align,350.07,-0.07,0.267,1,1894.2,367.7,-1.8,-2.2,-0.35,-0.13,1,1,-1,-0.9,-0.2,0.5,0.2,0.01,-0.01,0.00,0.00,0.00,0.00,0.15,-0.35,99,-1,0,-1,-0.1,-0.01,0.267,0.275,0.10,0,26,0,268.3,22.8,0.7,1.7,0.00,0,-1.1,-0.8
51.50,align,350.09,-0.09,0.264,1,1894.2,367.7,-1.7,-2.2,-0.35,-0.13,1,1,-1,-1.0,-0.2,0.4,0.3,0.01,-0.00,0.00,0.00,0.00,0.00,0.13,-0.35,99,-1,0,-1,-0.1,-0.01,0.264,0.269,0.13,0,26,0,268.3,22.8,0.7,1.7,0.00,0,-1.1,0.2
51.60,align,350.10,-0.10,0.265,1,1894.2,367.7,-1.7,-2.2,-0.35,-0.13,1,1,-1,-1.0,-0.2,0.4,0.2,-0.01,-0.00,0.00,0.00,0.00,0.00,0.13,-0.35,99,-1,0,-1,-0.1,-0.01,0.265,0.270,0.10,0,26,0,268.3,12.2,0.4,1.7,0.00,0,-1.1,0.2
51.70,align,350.09,-0.09,0.271,1,1894.2,367.7,-1.7,-2.2,-0.35,-0.12,1,1,-1,-1.0,-0.1,0.3,0.1,-0.02,-0.00,0.00,0.00,0.00,0.00,0.12,-0.35,99,-1,0,-1,-0.1,-0.01,0.271,0.279,-0.01,0,26,0,268.3,12.2,0.4,1.7,0.00,0,-0.8,1.3
51.80,align,350.08,-0.08,0.277,1,1894.1,367.7,-1.6,-2.2,-0.35,-0.11,1,1,-1,-1.0,-0.1,0.3,0.0,-0.02,0.00,0.00,0.00,0.00,0.00,0.11,-0.35,99,-1,0,-1,-0.1,-0.01,0.277,0.284,-0.13,0,26,0,268.3,12.2,0.4,1.7,0.00,0,-0.4,1.1
51.90,align,350.06,-0.06,0.282,1,1894.1,367.6,-1.6,-2.1,-0.35,-0.11,1,1,-1,-1.0,-0.1,0.2,0.0,0.00,-0.00,0.00,0.00,0.00,0.00,0.11,-0.35,99,-1,0,-1,-0.1,-0.01,0.282,0.283,-0.21,0,26,0,268.3,12.2,0.4,1.7,0.00,0,-0.7,-0.8
52.00,align,350.03,-0.03,0.284,1,1894.1,367.6,-1.6,-2.1,-0.35,-0.11,1,1,-1,-1.0,-0.1,0.1,0.1,0.01,-0.00,0.00,0.00,0.00,0.00,0.11,-0.35,99,-1,0,-1,-0.1,-0.01,0.284,0.289,-0.23,0,26,0,268.4,5.0,0.1,1.6,0.00,0,-0.7,-0.8
52.10,align,350.02,-0.02,0.282,1,1894.0,367.6,-1.5,-2.1,-0.35,-0.11,1,1,-1,-1.0,-0.1,0.1,0.2,0.01,-0.01,0.00,0.00,0.00,0.00,0.11,-0.35,99,-1,0,-1,-0.1,-0.01,0.282,0.287,-0.16,0,26,0,268.4,5.0,0.1,1.6,0.00,0,-0.8,-0.7
52.20,align,350.01,-0.01,0.279,1,1894.0,367.6,-1.5,-2.1,-0.35,-0.09,1,1,-1,-1.1,-0.0,-0.0,0.2,0.01,-0.01,0.00,0.00,0.00,0.00,0.08,-0.35,99,-1,0,-1,-0.1,-0.01,0.279,0.285,-0.10,0,26,0,268.4,5.0,0.1,1.6,0.00,0,-0.9,-0.5
52.30,align,350.01,-0.01,0.275,1,1894.0,367.6,-1.5,-2.1,-0.35,-0.09,1,1,-1,-1.1,-0.0,-0.1,0.3,0.01,-0.01,0.00,0.00,0.00,0.00,0.08,-0.35,99,-1,0,-1,-0.1,-0.01,0.275,0.283,-0.03,0,26,0,268.4,5.0,0.1,1.6,0.00,0,-0.9,-0.5
52.40,align,350.01,-0.01,0.272,1,1893.9,367.6,-1.4,-2.1,-0.26,-0.09,1,1,-1,-1.1,-0.3,-0.3,0.4,0.01,-0.01,0.00,0.00,0.00,0.00,0.08,-0.26,99,-1,0,-1,-0.1,-0.01,0.272,0.282,0.04,0,26,0,268.4,350.8,359.7,1.6,0.00,0,-0.9,-0.4
52.50,align,350.02,-0.02,0.268,1,1893.9,367.6,-1.4,-2.1,-0.26,-0.11,1,1,-1,-1.0,-0.2,-0.4,0.4,0.01,-0.02,0.00,0.00,0.00,0.00,0.11,-0.26,99,-1,0,-1,-0.1,-0.01,0.268,0.280,0.10,0,26,0,268.4,350.8,359.7,1.6,0.00,0,-0.7,-0.1
52.60,align,350.04,-0.04,0.266,1,1893.9,367.6,-1.4,-2.1,-0.26,-0.11,1,1,-1,-1.0,-0.2,-0.5,0.4,0.00,-0.02,0.00,0.00,0.00,0.00,0.11,-0.26,99,-1,0,-1,-0.1,-0.01,0.266,0.274,0.14,0,26,0,268.4,350.8,359.7,1.6,0.00,0,-0.7,-0.1
52.70,align,350.04,-0.04,0.267,1,1893.8,367.6,-1.4,-2.1,-0.26,-0.13,1,1,-1,-1.0,-0.2,-0.5,0.4,-0.00,-0.00,0.00,0.00,0.00,0.00,0.11,-0.26,99,-1,0,-1,-0.1,-0.01,0.267,0.269,0.10,0,26,0,268.4,350.8,359.7,1.6,0.00,0,0.8,0.3
52.80,align,350.04,-0.04,0.271,1,1893.8,367.5,-1.3,-2.1,-0.26,-0.13,1,1,-1,-0.9,-0.2,-0.5,0.4,-0.00,0.01,0.00,0.00,0.00,0.00,0.13,-0.27,99,-1,0,-1,-0.1,-0.01,0.271,0.276,0.02,0,26,0,268.4,343.4,359.5,1.6,0.00,0,1.5,0.2
52.90,align,350.04,-0.04,0.275,1,1893.8,367.5,-1.3,-2.0,-0.26,-0.13,1,1,-1,-0.9,-0.2,-0.3,0.4,-0.00,0.03,0.00,0.00,0.00,0.00,0.13,-0.27,99,-1,0,-1,-0.1,-0.01,0.275,0.287,-0.06,0,26,0,268.4,343.4,359.5,1.6,0.00,0,1.5,0.2
53.00,align,350.03,-0.03,0.278,1,1893.7,367.5,-1.3,-2.0,-0.26,-0.13,1,1,-1,-0.9,-0.2,-0.1,0.4,0.00,0.03,0.00,0.00,0.00,0.00,0.13,-0.27,99,-1,0,-1,-0.1,-0.01,0.278,0.290,-0.11,0,26,0,268.4,343.4,359.5,1.6,0.00,0,1.0,-0.3
53.10,align,350.01,-0.01,0.280,1,1893.7,367.5,-1.2,-2.0,-0.26,-0.13,1,1,-1,-0.9,-0.1,-0.1,0.4,0.01,0.01,0.00,0.00,0.00,0.00,0.13,-0.27,99,-1,0,-1,-0.1,-0.01,0.280,0.288,-0.14,0,26,0,268.4,343.4,359.5,1.6,0.00,0,1.0,-0.3
53.20,align,349.99,0.01,0.284,1,1893.7,367.5,-1.2,-2.0,-0.18,-0.13,1,1,-1,-0.9,-0.1,-0.1,0.4,-0.00,-0.00,0.00,0.00,0.00,0.00,0.13,-0.27,99,-1,0,-1,-0.1,-0.01,0.284,0.285,-0.19,0,26,0,268.5,355.8,359.9,1.5,0.00,0,-0.7,0.4
53.30,align,349.98,0.02,0.283,1,1893.7,367.5,-1.2,-2.0,-0.18,-0.13,1,1,-1,-0.9,-0.4,-0.2,0.3,-0.00,-0.01,0.00,0.00,0.00,0.00,0.13,-0.18,99,-1,0,-1,-0.1,-0.01,0.283,0.288,-0.17,0,26,0,268.5,355.8,359.9,1.5,0.00,0,-0.7,0.4
53.40,align,349.97,0.03,0.281,1,1893.7,367.5,-1.2,-2.0,-0.18,-0.15,1,1,-1,-0.9,-0.4,-0.3,0.3,-0.00,-0.01,0.00,0.00,0.00,0.00,0.13,-0.18,99,-1,0,-1,-0.1,-0.01,0.281,0.286,-0.10,0,26,0,268.5,355.8,359.9,1.5,0.00,0,-0.8,0.4
53.50,align,349.97,0.03,0.277,1,1893.7,367.5,-1.2,-2.0,-0.18,-0.15,1,1,-1,-0.8,-0.4,-0.4,0.3,-0.00,-0.01,0.00,0.00,0.00,0.00,0.15,-0.18,99,-1,0,-1,-0.1,-0.01,0.277,0.285,-0.03,0,26,0,268.5,355.8,359.9,1.5,0.00,0,-0.8,0.4
53.60,align,349.97,0.03,0.274,1,1893.6,367.4,-1.1,-1.9,-0.18,-0.15,1,1,-1,-0.8,-0.3,-0.5,0.2,-0.01,-0.02,0.00,0.00,0.00,0.00,0.15,-0.18,99,-1,0,-1,-0.1,-0.01,0.274,0.283,0.03,0,26,0,268.5,342.3,359.5,1.5,0.00,0,-1.1,0.5
53.70,align,349.99,0.01,0.270,1,1893.6,367.4,-1.1,-1.9,-0.18,-0.18,1,1,-1,-0.8,-0.3,-0.6,0.2,-0.01,-0.02,0.00,0.00,0.00,0.00,0.15,-0.18,99,-1,0,-1,-0.1,-0.01,0.270,0.281,0.10,0,26,0,268.5,342.3,359.5,1.5,0.00,0,-1.1,0.3
53.80,align,350.00,0.00,0.268,1,1893.6,367.4,-1.1,-1.9,-0.18,-0.18,1,1,-1,-0.7,-0.3,-0.7,0.1,-0.00,-0.02,0.00,0.00,0.00,0.00,0.17,-0.18,99,-1,0,-1,-0.1,-0.01,0.268,0.276,0.13,0,26,0,268.5,342.3,359.5,1.5,0.00,0,-1.1,0.3
53.90,align,350.01,-0.01,0.269,1,1893.6,367.4,-1.1,-1.9,-0.18,-0.18,1,1,-1,-0.7,-0.3,-0.7,0.1,0.00,-0.01,0.00,0.00,0.00,0.00,0.17,-0.18,99,-1,0,-1,-0.1,-0.01,0.269,0.272,0.10,0,26,0,268.5,342.3,359.5,1.5,0.00,0,-0.6,0.0
54.00,align,350.01,-0.01,0.273,1,1893.6,367.4,-1.1,-1.9,-0.18,-0.20,1,0,-1,-0.6,-0.3,-0.7,0.1,-0.00,0.01,0.00,0.00,0.00,0.00,0.20,-0.18,99,-1,0,-1,-0.1,-0.01,0.273,0.276,0.02,0,26,0,268.5,336.2,359.3,1.5,0.00,0,1.7,0.1
54.10,align,350.00,0.00,0.277,1,1893.6,367.4,-1.1,-1.9,-0.18,-0.20,1,0,-1,-0.6,-0.3,-0.5,0.1,-0.00,0.02,0.00,0.00,0.00,0.00,0.20,-0.18,99,-1,0,-1,-0.1,-0.01,0.277,0.287,-0.06,0,26,0,268.5,336.2,359.3,1.5,0.00,0,1.7,0.1
54.20,align,349.99,0.01,0.279,1,1893.5,367.3,-1.0,-1.8,-0.18,-0.22,1,0,-1,-0.5,-0.3,-0.3,0.1,-0.00,0.03,0.00,0.00,0.00,0.00,0.22,-0.18,99,-1,0,-1,-0.1,-0.01,0.279,0.291,-0.08,0,26,0,268.5,336.2,359.3,1.5,0.00,0,2.0,0.2
54.30,align,349.99,0.01,0.275,1,1893.5,367.3,-1.0,-1.8,-0.18,-0.22,1,0,-1,-0.5,-0.3,-0.1,0.1,-0.00,0.03,0.00,0.00,0.00,0.00,0.22,-0.18,99,-1,0,-1,-0.1,-0.01,0.275,0.288,-0.02,0,26,0,268.5,336.2,359.3,1.5,0.00,0,2.0,0.2
54.40,align,350.00,0.00,0.272,1,1893.5,367.3,-1.0,-1.8,-0.18,-0.22,1,0,-1,-0.5,-0.3,0.1,0.1,-0.00,0.03,0.00,0.00,0.00,0.00,0.22,-0.18,99,-1,0,-1,-0.1,-0.01,0.272,0.285,0.05,0,26,0,268.5,3.8,0.1,1.5,0.00,0,1.8,0.2
54.50,align,350.00,-0.00,0.271,1,1893.5,367.3,-1.0,-1.8,-0.18,-0.22,1,0,-1,-0.5,-0.3,0.2,0.0,-0.00,0.02,0.00,0.00,0.00,0.00,0.22,-0.18,99,-1,0,-1,-0.0,-0.01,0.271,0.279,0.06,0,26,0,268.5,3.8,0.1,1.5,0.00,0,0.9,0.2
54.60,align,350.00,-0.00,0.275,1,1893.5,367.2,-1.0,-1.8,-0.18,-0.20,0,0,-1,-0.6,-0.2,0.1,0.0,-0.00,-0.00,0.00,0.00,0.00,0.00,0.20,-0.18,99,-1,0,-0,-0.1,-0.01,0.275,0.278,-0.02,0,26,0,268.5,3.8,0.1,1.5,0.00,0,-1.4,0.3
54.70,align,349.99,0.01,0.280,1,1893.5,367.2,-1.0,-1.7,-0.18,-0.20,0,0,-1,-0.5,-0.2,-0.0,-0.0,-0.01,-0.02,0.00,0.00,0.00,0.00,0.20,-0.18,99,-1,0,-0,-0.1,-0.01,0.280,0.291,-0.10,0,26,0,268.5,3.8,0.1,1.5,0.00,0,-1.4,0.3
54.80,align,349.98,0.02,0.281,1,1893.4,367.2,-0.9,-1.7,-0.18,-0.20,0,0,-1,-0.5,-0.2,-0.2,-0.1,-0.01,-0.03,0.00,0.00,0.00,0.00,0.20,-0.18,99,-1,0,-0,-0.1,-0.01,0.281,0.297,-0.12,0,26,0,268.6,350.6,359.8,1.4,0.00,0,-2.4,0.4
54.90,align,349.98,0.02,0.278,1,1893.4,367.2,-0.9,-1.7,-0.18,-0.21,0,0,-1,-0.5,-0.2,-0.5,-0.1,-0.01,-0.04,0.00,0.00,0.00,0.00,0.20,-0.18,99,-1,0,-0,-0.1,-0.01,0.278,0.296,-0.06,0,26,0,268.6,350.6,359.8,1.4,0.00,0,-2.1,0.2
55.00,align,349.97,0.03,0.276,1,1893.4,367.2,-0.9,-1.7,-0.18,-0.21,0,0,-1,-0.5,-0.2,-0.7,-0.1,-0.00,-0.04,0.00,0.00,0.00,0.00,0.21,-0.18,99,-1,0,-0,-0.1,-0.01,0.276,0.292,-0.02,0,26,0,268.6,350.6,359.8,1.4,0.00,0,-2.1,0.2
55.10,align,349.97,0.03,0.278,1,1893.4,367.1,-0.9,-1.6,-0.18,-0.26,0,0,-1,-0.4,-0.2,-0.8,-0.1,-0.00,-0.02,0.00,0.00,0.00,0.00,0.23,-0.18,99,-1,0,-0,-0.4,-0.00,0.278,0.287,-0.05,0,26,0,268.6,350.6,359.8,1.4,0.00,0,0.2,-0.1
55.20,align,349.95,0.05,0.283,1,1893.4,367.1,-0.9,-1.6,-0.18,-0.26,0,0,-1,-0.3,-0.2,-0.7,-0.1,-0.00,0.00,0.00,0.00,0.00,0.00,0.26,-0.18,99,-1,0,-0,-0.4,-0.00,0.283,0.284,-0.13,0,26,0,268.7,332.4,359.3,1.3,0.00,0,0.2,-0.1
55.30,align,349.94,0.06,0.285,1,1893.3,367.1,-0.8,-1.6,-0.18,-0.31,0,0,-1,-0.2,-0.2,-0.6,-0.1,-0.00,0.01,0.00,0.00,0.00,0.00,0.28,-0.18,99,-1,0,-0,-0.9,0.00,0.285,0.290,-0.16,0,26,0,268.7,332.4,359.3,1.3,0.00,0,1.5,-0.0
55.40,align,349.93,0.07,0.282,1,1893.3,367.0,-0.8,-1.6,-0.18,-0.33,0,0,-1,-0.1,-0.2,-0.4,-0.1,-0.00,0.01,0.00,0.00,0.00,0.00,0.31,-0.18,99,-1,0,-0,-1.0,0.01,0.282,0.289,-0.09,0,26,0,268.7,332.4,359.3,1.3,0.00,0,1.6,0.0
55.50,align,349.93,0.07,0.279,1,1893.3,367.0,-0.8,-1.5,-0.18,-0.33,0,0,-1,-0.0,-0.1,-0.3,-0.1,-0.00,0.02,0.00,0.00,0.00,0.00,0.33,-0.18,99,-1,0,-0,-1.0,0.01,0.279,0.286,-0.02,0,26,0,268.7,332.4,359.3,1.3,0.00,0,1.4,0.0
55.60,align,349.94,0.06,0.275,1,1893.3,367.0,-0.8,-1.5,-0.18,-0.33,0,360,-1,-0.0,-0.1,-0.1,-0.1,-0.00,0.02,0.00,0.00,0.00,0.00,0.33,-0.18,99,-1,0,-0,-1.0,0.01,0.275,0.283,0.05,0,26,0,269.0,351.5,359.9,1.0,0.00,0,1.4,0.0
55.70,align,349.95,0.05,0.272,1,1893.3,367.0,-0.8,-1.5,-0.18,-0.33,0,360,-1,0.0,-0.1,-0.0,-0.1,-0.00,0.02,0.00,0.00,0.00,0.00,0.33,-0.18,99,-1,0,-0,-1.1,0.02,0.272,0.280,0.11,0,26,0,269.0,351.5,359.9,1.0,0.00,0,1.5,0.1
55.80,align,349.97,0.03,0.268,1,1893.2,366.9,-0.8,-1.4,-0.18,-0.33,0,360,-1,0.0,-0.1,0.1,-0.1,-0.01,0.02,0.00,0.00,0.00,0.00,0.33,-0.18,99,-1,0,-0,-1.0,0.02,0.268,0.276,0.18,0,26,0,269.0,351.5,359.9,1.0,0.00,0,0.8,-0.0
55.90,align,349.99,0.01,0.265,1,1893.2,366.9,-0.7,-1.4,-0.18,-0.33,0,360,-1,0.0,-0.1,0.2,-0.1,-0.00,0.01,0.00,0.00,0.00,0.00,0.33,-0.18,99,-1,0,-0,-1.1,0.01,0.265,0.268,0.21,0,26,0,269.0,351.5,359.9,1.0,0.00,0,0.0,-0.4
56.00,align,350.00,-0.00,0.266,1,1893.2,366.8,-0.7,-1.4,-0.18,-0.33,0,360,-1,0.1,-0.1,0.1,-0.0,0.00,-0.01,0.00,0.00,0.00,0.00,0.33,-0.18,99,-1,0,-0,-1.1,0.02,0.266,0.270,0.18,0,26,0,269.4,14.5,0.1,0.6,0.00,0,-1.2,-0.3
56.10,align,350.01,-0.01,0.270,1,1893.2,366.8,-0.7,-1.3,-0.18,-0.33,0,360,-1,0.1,-0.1,-0.0,-0.0,0.00,-0.03,0.00,0.00,0.00,0.00,0.33,-0.18,99,-1,0,-0,-1.0,0.02,0.270,0.282,0.10,0,26,0,269.4,14.5,0.1,0.6,0.00,0,-1.5,-0.3
56.20,align,350.01,-0.01,0.274,1,1893.2,366.8,-0.7,-1.3,-0.18,-0.33,360,360,-1,0.1,-0.1,-0.1,0.0,0.00,-0.03,0.00,0.00,0.00,0.00,0.33,-0.18,99,-1,0,0,-1.0,0.02,0.274,0.285,0.02,0,26,0,269.4,14.5,0.1,0.6,0.00,0,-1.5,-0.3
56.30,align,350.00,-0.00,0.278,1,1893.2,366.7,-0.7,-1.3,-0.18,-0.33,360,360,-1,0.1,-0.1,-0.2,0.0,0.00,-0.01,0.00,0.00,0.00,0.00,0.33,-0.18,99,-1,0,0,-0.8,0.02,0.278,0.283,-0.06,0,26,0,269.4,14.5,0.1,0.6,0.00,0,0.6,-0.2
56.40,align,349.98,0.02,0.282,1,1893.1,366.7,-0.7,-1.2,-0.18,-0.33,360,359,-1,0.1,-0.0,-0.1,0.1,0.00,0.01,0.00,0.00,0.00,0.00,0.33,-0.17,99,-1,0,0,-0.5,0.02,0.282,0.286,-0.14,0,26,0,269.8,336.9,359.9,0.2,0.00,0,1.4,-0.2
56.50,align,349.97,0.03,0.284,1,1893.1,366.7,-0.6,-1.2,-0.18,-0.35,360,359,-1,0.2,-0.0,0.1,0.1,0.00,0.02,0.00,0.00,0.00,0.00,0.33,-0.17,99,-1,0,0,-0.3,0.02,0.284,0.292,-0.17,0,26,0,269.8,336.9,359.9,0.2,0.00,0,1.3,-0.1
56.60,align,349.96,0.04,0.281,1,1893.1,366.7,-0.6,-1.2,-0.18,-0.35,360,359,-1,0.3,-0.0,0.2,0.1,0.00,0.02,0.00,0.00,0.00,0.00,0.35,-0.17,99,-1,0,0,-0.3,0.01,0.281,0.289,-0.10,0,26,0,269.8,336.9,359.9,0.2,0.00,0,1.3,-0.1
56.70,align,349.96,0.04,0.278,1,1893.1,366.6,-0.6,-1.1,-0.18,-0.35,360,359,-1,0.3,-0.0,0.4,0.1,-0.00,0.02,0.00,0.00,0.00,0.00,0.35,-0.17,99,-1,0,0,-0.2,0.01,0.278,0.286,-0.03,0,26,0,269.8,336.9,359.9,0.2,0.00,0,1.5,-0.1
56.80,descend,349.96,0.04,0.120,1,1893.1,366.6,-0.6,-1.1,-0.09,-0.33,359,359,-1,0.2,-0.1,0.5,0.1,0.00,0.02,0.00,0.00,0.00,0.00,0.33,-0.13,99,-1,0,1,-0.0,0.01,0.120,0.128,0.03,0,26,0,269.9,79.3,0.5,0.1,0.00,0,1.2,-0.0
56.90,descend,349.98,-253.48,0.120,1,1893.1,366.6,-0.6,-1.1,-0.09,-0.33,359,359,-1,0.2,-0.3,0.6,0.1,0.00,0.02,0.00,0.00,0.00,0.00,0.33,-0.08,99,-1,0,1,-0.0,0.01,0.120,0.128,0.10,0,26,0,269.9,79.3,0.5,0.1,0.00,0,1.2,-0.0
57.00,descend,349.94,-253.44,0.120,1,1893.1,366.5,-0.6,-1.0,-0.09,-0.31,359,359,-1,0.2,-0.3,0.7,0.1,0.00,0.02,0.00,0.00,0.00,0.00,0.31,-0.08,99,-1,0,1,-0.0,0.01,0.120,0.128,-0.16,0,26,0,269.9,79.3,0.5,0.1,0.00,0,1.2,0.0
57.10,descend,349.82,-253.32,0.120,1,1893.1,366.5,-0.6,-1.0,-0.09,-0.31,359,359,-1,0.2,-0.3,0.9,0.1,0.00,0.02,0.00,0.00,0.00,0.00,0.31,-0.08,99,-1,0,1,0.0,0.01,0.120,0.128,-0.97,0,26,0,269.9,79.3,0.5,0.1,0.00,0,1.2,0.0
57.20,descend,349.63,-253.13,0.120,1,1893.0,366.4,-0.6,-1.0,-0.09,-0.29,359,359,-1,0.2,-0.3,1.0,0.1,-0.00,0.02,0.00,0.00,0.00,0.00,0.31,-0.08,99,-1,0,1,0.0,0.01,0.120,0.128,-1.76,0,26,0,269.9,84.4,1.0,0.1,0.00,0,1.0,0.0
57.30,descend,349.35,-252.85,0.120,1,1893.0,366.4,-0.5,-0.9,-0.09,-0.29,359,359,-1,0.2,-0.2,1.1,0.1,-0.00,0.02,0.00,0.00,0.00,0.00,0.29,-0.08,99,-1,0,1,0.0,0.01,0.120,0.129,-2.55,0,26,0,269.9,84.4,1.0,0.1,0.00,0,1.0,0.0
57.40,descend,349.00,-252.50,0.120,1,1893.0,366.4,-0.5,-0.9,-0.09,-0.29,359,359,-1,0.2,-0.2,1.2,0.1,-0.00,0.02,0.00,0.00,0.00,0.00,0.29,-0.08,99,-1,0,1,0.0,0.01,0.120,0.129,-3.33,0,26,0,269.9,84.4,1.0,0.1,0.00,0,1.2,0.1
57.50,descend,348.57,-252.07,0.120,1,1893.0,366.4,-0.5,-0.9,-0.09,-0.26,359,359,-1,0.2,-0.2,1.3,0.1,-0.00,0.02,0.00,0.00,0.00,0.00,0.29,-0.08,99,-1,0,1,0.0,0.02,0.120,0.129,-4.11,0,26,0,269.9,84.4,1.0,0.1,0.00,0,0.6,0.1
57.60,descend,348.06,-251.56,0.120,1,1893.0,366.4,-0.5,-0.9,-0.09,-0.26,359,359,-1,0.2,-0.2,1.4,0.1,-0.00,0.02,0.00,0.00,0.00,0.00,0.26,-0.08,99,-1,0,1,0.0,0.02,0.120,0.129,-4.88,0,26,0,269.9,85.9,1.4,0.1,0.00,0,0.6,0.1
57.70,descend,347.48,-250.98,0.120,1,1893.0,366.3,-0.5,-0.8,-0.09,-0.26,359,359,-1,0.2,-0.2,1.5,0.1,-0.00,0.02,0.00,0.00,0.00,0.00,0.26,-0.08,99,-1,0,1,0.0,0.02,0.120,0.130,-5.64,0,26,0,269.9,85.9,1.4,0.1,0.00,0,1.1,0.1
57.80,descend,346.82,-250.32,0.120,1,1893.0,366.3,-0.5,-0.8,-0.09,-0.24,359,359,-1,0.1,-0.2,1.5,0.0,-0.00,0.02,0.00,0.00,0.00,0.00,0.24,-0.08,99,-1,0,1,0.0,0.02,0.120,0.130,-6.39,0,26,0,269.9,85.9,1.4,0.1,0.00,0,0.0,0.0
57.90,descend,346.09,-249.59,0.120,1,1893.0,366.3,-0.5,-0.8,-0.09,-0.24,359,359,-1,0.2,-0.2,1.6,0.0,-0.00,0.02,0.00,0.00,0.00,0.00,0.24,-0.08,99,-1,0,1,0.0,0.02,0.120,0.130,-7.14,0,26,0,269.9,85.9,1.4,0.1,0.00,0,1.0,0.1
58.00,descend,345.28,-248.78,0.120,1,1893.0,366.2,-0.5,-0.8,-0.09,-0.22,359,359,-1,0.1,-0.2,1.7,0.0,-0.00,0.02,0.00,0.00,0.00,0.00,0.23,-0.08,99,-1,0,1,0.0,0.02,0.120,0.130,-7.88,0,26,0,269.9,86.5,1.7,0.1,0.00,0,0.3,0.0
58.10,descend,344.40,-247.90,0.120,1,1893.0,366.2,-0.5,-0.7,-0.09,-0.22,359,359,-1,0.1,-0.2,1.8,0.0,-0.00,0.02,0.00,0.00,0.00,0.00,0.22,-0.08,99,-1,0,1,0.0,0.02,0.120,0.131,-8.62,0,26,0,269.9,86.5,1.7,0.1,0.00,0,0.3,0.0
58.20,descend,343.45,-246.95,0.120,1,1893.0,366.2,-0.5,-0.7,-0.09,-0.20,359,359,-1,0.1,-0.2,1.8,0.0,-0.00,0.02,0.00,0.00,0.00,0.00,0.21,-0.08,99,-1,0,1,0.0,0.02,0.120,0.131,-9.34,0,26,0,269.9,86.5,1.7,0.1,0.00,0,0.9,0.2
58.30,descend,342.43,-245.93,0.120,1,1892.9,366.2,-0.5,-0.7,-0.09,-0.19,359,359,-1,0.1,-0.2,1.9,-0.0,-0.00,0.03,0.00,0.00,0.00,0.00,0.20,-0.08,99,-1,0,1,0.0,0.02,0.120,0.131,-10.07,0,26,0,269.9,86.5,1.7,0.1,0.00,0,0.7,0.2
58.40,descend,341.33,-244.83,0.120,1,1892.9,366.2,-0.4,-0.7,-0.09,-0.19,359,359,-1,0.1,-0.2,1.9,-0.0,-0.00,0.03,0.00,0.00,0.00,0.00,0.19,-0.09,99,-1,0,1,0.0,0.02,0.120,0.132,-10.78,0,26,0,269.9,86.8,1.9,0.1,0.00,0,0.7,0.2
58.50,descend,340.16,-243.66,0.120,1,1892.9,366.1,-0.4,-0.7,-0.09,-0.16,359,359,-1,0.0,-0.2,2.0,-0.0,-0.00,0.03,0.00,0.00,0.00,0.00,0.18,-0.09,99,-1,0,1,0.0,0.02,0.120,0.132,-11.49,0,26,0,269.9,86.8,1.9,0.1,0.00,0,0.0,0.0
58.60,descend,338.93,-242.43,0.120,1,1892.9,366.1,-0.4,-0.6,-0.09,-0.16,359,359,-1,0.0,-0.2,2.1,-0.1,-0.00,0.03,0.00,0.00,0.00,0.00,0.17,-0.09,99,-1,0,1,0.0,0.02,0.120,0.132,-12.19,0,26,0,269.9,86.8,1.9,0.1,0.00,0,0.0,0.0
58.70,descend,337.62,-241.12,0.120,1,1892.9,366.1,-0.4,-0.6,-0.09,-0.15,359,359,-1,-0.0,-0.2,2.1,-0.1,-0.00,0.03,0.00,0.00,0.00,0.00,0.16,-0.09,99,-1,0,1,0.0,0.02,0.120,0.132,-12.89,0,26,0,269.9,86.8,1.9,0.1,0.00,0,0.3,0.1
58.80,descend,336.25,-239.75,0.120,1,1892.9,366.1,-0.4,-0.6,-0.09,-0.13,359,359,-1,-0.1,-0.2,2.1,-0.1,-0.00,0.03,0.00,0.00,0.00,0.00,0.13,-0.09,99,-1,0,1,0.0,0.02,0.120,0.133,-13.58,0,26,0,269.9,86.9,2.1,0.1,0.00,0,0.4,0.2
58.90,descend,334.80,-238.30,0.120,1,1892.9,366.1,-0.4,-0.6,-0.09,-0.11,359,359,-1,-0.1,-0.2,2.2,-0.1,-0.00,0.03,0.00,0.00,0.00,0.00,0.13,-0.09,99,-1,0,1,0.0,0.02,0.120,0.133,-14.26,0,26,0,269.9,86.9,2.1,0.1,0.00,0,0.8,0.5
59.00,descend,333.29,-236.79,0.120,1,1892.9,366.1,-0.4,-0.6,-0.09,-0.11,359,359,-1,-0.1,-0.2,2.2,-0.1,-0.01,0.03,0.00,0.00,0.00,0.00,0.11,-0.09,99,-1,0,1,0.2,0.02,0.120,0.133,-14.94,0,26,0,269.9,86.9,2.1,0.1,0.00,0,0.7,0.5
59.10,descend,331.72,-235.22,0.120,1,1892.9,366.1,-0.4,-0.6,-0.09,-0.11,359,359,-1,-0.1,-0.1,2.2,-0.2,-0.01,0.03,0.00,0.00,0.00,0.00,0.11,-0.09,99,-1,0,1,0.2,0.01,0.120,0.133,-15.61,0,26,0,269.9,86.9,2.1,0.1,0.00,0,0.7,0.5
59.20,descend,330.07,-233.57,0.120,1,1892.9,366.1,-0.4,-0.6,-0.09,-0.09,359,359,-1,-0.2,-0.1,2.3,-0.2,-0.01,0.03,0.00,0.00,0.00,0.00,0.09,-0.09,99,-1,0,1,0.0,0.02,0.120,0.133,-16.27,0,26,0,269.9,86.4,2.3,0.1,0.00,0,0.0,0.0
59.30,descend,328.36,-231.86,0.120,1,1892.9,366.1,-0.4,-0.6,-0.09,-0.07,359,359,-1,-0.2,-0.1,2.3,-0.2,-0.01,0.03,0.00,0.00,0.00,0.00,0.07,-0.09,99,-1,0,1,0.3,0.02,0.120,0.133,-16.93,0,26,0,269.9,86.4,2.3,0.1,0.00,0,0.2,0.5
59.40,descend,326.59,-230.09,0.120,1,1892.8,366.0,-0.4,-0.6,-0.09,-0.04,359,359,-1,-0.2,-0.1,2.3,-0.2,-0.01,0.03,0.00,0.00,0.00,0.00,0.07,-0.09,99,-1,0,1,0.4,0.01,0.120,0.133,-17.59,0,26,0,269.9,86.4,2.3,0.1,0.00,0,0.1,0.6
59.50,descend,324.75,-228.25,0.120,1,1892.8,366.0,-0.3,-0.5,-0.09,-0.04,359,359,-1,-0.3,-0.1,2.3,-0.2,-0.01,0.03,0.00,0.00,0.00,0.00,0.05,-0.09,99,-1,0,1,0.3,0.01,0.120,0.134,-18.24,0,26,0,269.9,86.4,2.3,0.1,0.00,0,-0.0,0.5
59.60,descend,322.85,-226.35,0.120,1,1892.8,366.0,-0.3,-0.5,-0.09,-0.02,359,359,-1,-0.3,-0.1,2.3,-0.3,-0.01,0.03,0.00,0.00,0.00,0.00,0.05,-0.09,99,-1,0,1,0.0,0.01,0.120,0.134,-18.88,0,26,0,269.8,85.1,2.3,0.2,0.00,0,0.0,0.0
59.70,descend,320.88,-224.38,0.120,1,1892.8,366.0,-0.3,-0.5,-0.09,-0.02,359,359,-1,-0.4,-0.1,2.3,-0.3,-0.01,0.03,0.00,0.00,0.00,0.00,0.02,-0.09,99,-1,0,1,0.0,0.02,0.120,0.134,-19.51,0,26,0,269.8,85.1,2.3,0.2,0.00,0,0.0,0.0
59.80,descend,318.85,-222.35,0.120,1,1892.8,366.0,-0.3,-0.5,-0.09,-0.02,359,359,-1,-0.4,-0.1,2.3,-0.3,-0.01,0.03,0.00,0.00,0.00,0.00,0.02,-0.09,99,-1,0,1,0.3,0.01,0.120,0.134,-20.14,0,26,0,269.8,85.1,2.3,0.2,0.00,0,-0.2,0.6
59.90,descend,316.76,-220.26,0.120,1,1892.8,366.0,-0.3,-0.5,-0.09,0.00,359,359,-1,-0.4,-0.1,2.3,-0.4,-0.01,0.03,0.00,0.00,0.00,0.00,0.00,-0.09,99,-1,0,1,0.0,0.02,0.120,0.134,-20.77,0,26,0,269.8,85.1,2.3,0.2,0.00,0,0.0,0.0
60.00,descend,314.61,-218.11,0.120,1,1892.8,366.0,-0.3,-0.5,-0.09,0.02,359,359,-1,-0.4,-0.1,2.2,-0.4,-0.01,0.03,0.00,0.00,0.00,0.00,0.00,-0.09,99,-1,0,1,0.0,0.01,0.120,0.134,-21.38,0,26,0,269.7,83.5,2.2,0.2,0.00,0,0.0,0.0
60.10,descend,312.40,-215.90,0.120,1,1892.8,366.0,-0.3,-0.5,-0.09,0.02,359,359,-1,-0.5,-0.1,2.2,-0.4,-0.00,0.02,0.00,0.00,0.00,0.00,-0.02,-0.09,99,-1,0,1,0.0,0.02,0.120,0.130,-21.96,0,26,0,269.7,83.5,2.2,0.2,0.00,0,0.0,0.0
60.20,descend,310.13,-213.63,0.120,1,1892.8,366.0,-0.3,-0.5,-0.09,0.03,359,359,-1,-0.5,-0.1,2.1,-0.3,0.00,0.01,0.00,0.00,0.00,0.00,-0.02,-0.09,99,-1,0,1,0.1,0.01,0.120,0.126,-22.49,0,26,0,269.7,83.5,2.2,0.2,0.00,0,-1.3,-0.8
60.30,descend,307.81,-211.31,0.120,1,1892.8,366.0,-0.3,-0.5,-0.09,0.03,359,359,-1,-0.5,-0.1,1.9,-0.2,0.01,0.01,0.00,0.00,0.00,0.00,-0.03,-0.09,99,-1,0,1,0.1,0.01,0.120,0.126,-23.04,0,26,0,269.7,83.5,2.2,0.2,0.00,0,-1.3,-0.8
60.40,descend,305.43,-208.93,0.120,1,1892.8,366.1,-0.3,-0.6,-0.09,0.04,359,359,-1,-0.6,-0.1,1.8,-0.2,0.01,0.01,0.00,0.00,0.00,0.00,-0.04,-0.09,99,-1,0,1,0.1,0.01,0.120,0.126,-23.63,0,26,0,269.7,80.9,1.8,0.3,0.00,0,-1.4,-0.8
60.50,descend,303.00,-206.50,0.120,1,1892.8,366.1,-0.3,-0.6,-0.09,0.04,359,359,-1,-0.6,-0.1,1.7,-0.1,0.01,0.00,0.00,0.00,0.00,0.00,-0.04,-0.09,99,-1,0,1,0.1,0.01,0.120,0.125,-24.21,0,26,0,269.7,80.9,1.8,0.3,0.00,0,-1.5,-0.8
60.60,descend,300.50,-204.00,0.120,1,1892.8,366.1,-0.3,-0.6,-0.09,0.04,359,359,-1,-0.6,-0.1,1.5,0.0,0.01,0.00,0.00,0.00,0.00,0.00,-0.04,-0.09,99,-1,0,1,0.1,0.01,0.120,0.125,-24.79,0,26,0,269.7,80.9,1.8,0.3,0.00,0,-1.5,-0.8
60.70,descend,297.95,-201.45,0.120,1,1892.7,366.1,-0.2,-0.6,-0.09,0.04,359,359,-1,-0.6,-0.1,1.4,0.1,0.01,0.00,0.00,0.00,0.00,0.00,-0.04,-0.09,99,-1,0,1,0.1,0.01,0.120,0.125,-25.36,0,26,0,269.7,80.9,1.8,0.3,0.00,0,-1.5,-0.8
60.80,descend,295.35,-198.85,0.120,1,1892.7,366.1,-0.2,-0.6,-0.09,0.04,359,359,-1,-0.6,-0.1,1.2,0.1,0.01,0.00,0.00,0.00,0.00,0.00,-0.04,-0.09,99,-1,0,1,0.1,0.01,0.120,0.124,-25.92,0,26,0,269.7,75.8,1.2,0.3,0.00,0,-1.3,-0.6
60.90,descend,292.68,-196.18,0.120,1,1892.7,366.1,-0.2,-0.6,-0.09,0.04,359,359,-1,-0.6,-0.0,1.1,0.2,0.01,-0.00,0.00,0.00,0.00,0.00,-0.04,-0.09,99,-1,0,1,0.1,0.01,0.120,0.125,-26.47,0,26,0,269.7,75.8,1.2,0.3,0.00,0,-1.6,-0.8
61.00,descend,289.97,-193.47,0.120,1,1892.7,366.1,-0.2,-0.6,-0.09,0.04,359,359,-1,-0.6,-0.0,0.9,0.3,0.01,-0.00,0.00,0.00,0.00,0.00,-0.04,-0.09,99,-1,0,1,0.1,0.01,0.120,0.125,-27.02,0,26,0,269.7,75.8,1.2,0.3,0.00,0,-1.6,-0.8
61.10,descend,287.20,-190.70,0.120,1,1892.7,366.1,-0.2,-0.6,-0.09,0.04,359,359,-1,-0.6,-0.0,0.8,0.3,0.01,-0.00,0.00,0.00,0.00,0.00,-0.04,-0.09,99,-1,0,1,0.1,0.01,0.120,0.126,-27.56,0,26,0,269.7,75.8,1.2,0.3,0.00,0,-1.5,-0.7
61.20,descend,284.37,-187.87,0.120,1,1892.7,366.1,-0.2,-0.6,-0.09,0.04,359,359,-1,-0.6,-0.0,0.6,0.4,0.01,-0.01,0.00,0.00,0.00,0.00,-0.04,-0.09,99,-1,0,1,0.1,0.01,0.120,0.127,-28.10,0,26,0,269.7,63.0,0.7,0.3,0.00,0,-1.4,-0.6
61.30,descend,281.49,-184.99,0.120,1,1892.7,366.1,-0.2,-0.6,-0.09,0.04,359,359,-1,-0.6,-0.0,0.5,0.5,0.01,-0.01,0.00,0.00,0.00,0.00,-0.04,-0.09,99,-1,0,1,0.0,0.01,0.120,0.128,-28.63,0,26,0,269.7,63.0,0.7,0.3,0.00,0,-1.6,-0.6
61.50,descend,275.58,-179.08,0.120,1,1892.7,366.1,-0.2,-0.6,-0.09,0.04,359,359,-1,-0.6,-0.0,0.2,0.6,0.01,-0.01,0.00,0.00,0.00,0.00,-0.04,-0.09,99,-1,0,1,0.0,0.01,0.120,0.129,-29.68,0,26,0,269.7,63.0,0.7,0.3,0.00,0,-1.6,-0.6
61.60,descend,272.55,-176.05,0.120,1,1892.7,366.1,-0.2,-0.6,-0.09,0.04,359,359,-1,-0.6,-0.0,0.0,0.7,0.01,-0.01,0.00,0.00,0.00,0.00,-0.04,-0.09,99,-1,0,1,0.0,0.01,0.120,0.130,-30.19,0,26,0,269.7,63.0,0.7,0.3,0.00,0,-1.6,-0.6
61.70,descend,269.47,-172.97,0.120,1,1892.7,366.1,-0.2,-0.6,-0.09,0.04,359,359,-1,-0.6,-0.0,-0.1,0.7,0.01,-0.01,0.00,0.00,0.00,0.00,-0.04,-0.09,99,-1,0,1,0.0,0.01,0.120,0.131,-30.70,0,26,0,269.6,341.3,359.9,0.4,0.00,0,-1.6,-0.6
61.80,descend,266.33,-169.83,0.120,1,1892.6,366.1,-0.1,-0.6,-0.09,0.04,359,359,-1,-0.6,0.0,-0.3,0.8,0.01,-0.02,0.00,0.00,0.00,0.00,-0.04,-0.09,99,-1,0,1,0.0,0.01,0.120,0.132,-31.21,0,26,0,269.6,341.3,359.9,0.4,0.00,0,-1.5,-0.5
61.90,descend,263.15,-166.65,0.120,1,1892.6,366.1,-0.1,-0.6,-0.09,0.04,359,359,-1,-0.6,0.0,-0.4,0.8,0.01,-0.02,0.00,0.00,0.00,0.00,-0.04,-0.09,99,-1,0,1,0.0,0.01,0.120,0.133,-31.71,0,26,0,269.6,341.3,359.9,0.4,0.00,0,-1.4,-0.5
62.00,descend,259.91,-163.41,0.120,1,1892.6,366.1,-0.1,-0.6,-0.09,0.04,359,359,-1,-0.6,0.0,-0.6,0.9,0.01,-0.02,0.00,0.00,0.00,0.00,-0.04,-0.09,99,-1,0,1,0.0,0.01,0.120,0.134,-32.20,0,26,0,269.6,341.3,359.9,0.4,0.00,0,-1.7,-0.5
62.10,descend,256.63,-160.13,0.120,1,1892.6,366.1,-0.1,-0.6,-0.09,0.04,359,359,-1,-0.6,0.0,-0.8,0.9,0.01,-0.02,0.00,0.00,0.00,0.00,-0.04,-0.09,99,-1,0,1,0.0,0.01,0.120,0.135,-32.69,0,26,0,269.6,295.5,359.2,0.4,0.00,0,-1.5,-0.4
62.20,descend,253.30,-156.80,0.120,1,1892.6,366.1,-0.1,-0.6,-0.09,0.04,359,359,-1,-0.6,0.0,-0.9,1.0,0.01,-0.02,0.00,0.00,0.00,0.00,-0.04,-0.09,99,-1,0,1,0.0,0.01,0.120,0.136,-33.17,0,26,0,269.6,295.5,359.2,0.4,0.00,0,-1.5,-0.4
62.30,descend,249.93,-153.43,0.120,1,1892.6,366.1,-0.1,-0.6,-0.09,0.04,359,359,-1,-0.6,0.0,-1.1,1.0,0.01,-0.02,0.00,0.00,0.00,0.00,-0.04,-0.09,99,-1,0,1,0.1,0.01,0.120,0.132,-33.63,0,26,0,269.6,295.5,359.2,0.4,0.00,0,-1.0,0.3
62.40,descend,246.52,-150.02,0.120,1,1892.6,366.1,-0.1,-0.6,-0.09,0.04,359,359,-1,-0.6,0.0,-1.2,0.9,0.00,-0.01,0.00,0.00,0.00,0.00,-0.04,-0.09,99,-1,0,1,0.1,0.01,0.120,0.125,-34.03,0,26,0,269.6,295.5,359.2,0.4,0.00,0,-1.0,0.3
62.50,descend,243.06,-146.56,0.120,1,1892.6,366.1,-0.1,-0.6,-0.09,0.04,359,359,-1,-0.6,0.0,-1.2,0.9,-0.00,-0.01,0.00,0.00,0.00,0.00,-0.04,-0.09,99,-1,0,1,0.1,0.01,0.120,0.126,-34.45,0,26,0,269.6,287.5,358.8,0.4,0.00,0,-0.6,0.6
62.60,descend,239.56,-143.06,0.120,1,1892.6,366.1,-0.1,-0.6,-0.09,0.04,359,359,-1,-0.6,0.0,-1.3,0.8,-0.00,-0.01,0.00,0.00,0.00,0.00,-0.04,-0.09,99,-1,0,1,0.1,0.01,0.120,0.127,-34.92,0,26,0,269.6,287.5,358.8,0.4,0.00,0,-0.6,0.6
62.70,descend,236.01,-139.51,0.120,1,1892.6,366.2,-0.1,-0.7,-0.09,0.04,359,359,-1,-0.6,0.1,-1.4,0.7,-0.00,-0.01,0.00,0.00,0.00,0.00,-0.04,-0.09,99,-1,0,1,0.1,0.01,0.120,0.128,-35.38,0,26,0,269.6,287.5,358.8,0.4,0.00,0,-0.6,0.5
62.80,descend,232.42,-135.92,0.120,1,1892.6,366.2,-0.1,-0.7,-0.09,0.04,359,359,-1,-0.6,0.1,-1.5,0.7,-0.01,-0.02,0.00,0.00,0.00,0.00,-0.04,-0.09,99,-1,0,1,0.1,0.01,0.120,0.128,-35.83,0,26,0,269.6,287.5,358.8,0.4,0.00,0,-0.8,0.7
62.90,descend,228.78,-132.28,0.120,1,1892.6,366.2,-0.1,-0.7,-0.09,0.04,359,359,-1,-0.6,0.1,-1.5,0.6,-0.01,-0.02,0.00,0.00,0.00,0.00,-0.04,-0.09,99,-1,0,1,0.1,0.01,0.120,0.129,-36.28,0,26,0,269.6,284.9,358.5,0.4,0.00,0,-0.8,0.7
63.00,descend,225.10,-128.60,0.120,1,1892.5,366.2,-0.0,-0.7,-0.09,0.07,359,359,-1,-0.7,0.1,-1.6,0.5,-0.01,-0.02,0.00,0.00,0.00,0.00,-0.04,-0.09,99,-1,0,1,0.1,0.01,0.120,0.130,-36.72,0,26,0,269.6,284.9,358.5,0.4,0.00,0,-1.0,0.8
63.10,descend,221.37,-124.87,0.120,1,1892.5,366.2,-0.0,-0.7,-0.09,0.07,359,359,-1,-0.7,0.1,-1.7,0.5,-0.01,-0.02,0.00,0.00,0.00,0.00,-0.06,-0.09,99,-1,0,1,0.1,0.01,0.120,0.131,-37.16,0,26,0,269.6,284.9,358.5,0.4,0.00,0,-1.0,0.8
63.20,descend,217.60,-121.10,0.120,1,1892.5,366.2,-0.0,-0.7,-0.09,0.07,359,359,-1,-0.7,0.1,-1.8,0.4,-0.01,-0.02,0.00,0.00,0.00,0.00,-0.06,-0.09,99,-1,0,1,0.1,0.01,0.120,0.132,-37.60,0,26,0,269.6,284.9,358.5,0.4,0.00,0,-1.0,0.7
63.30,descend,213.79,-117.29,0.120,1,1892.5,366.2,-0.0,-0.7,-0.09,0.07,359,359,-1,-0.7,0.1,-1.9,0.3,-0.01,-0.02,0.00,0.00,0.00,0.00,-0.06,-0.09,99,-1,0,1,0.0,0.01,0.120,0.133,-38.03,0,26,0,269.6,282.6,358.1,0.4,0.00,0,-0.7,0.5
63.40,descend,209.93,-113.43,0.120,1,1892.5,366.2,-0.0,-0.7,-0.09,0.07,359,359,-1,-0.7,0.1,-2.0,0.3,-0.01,-0.02,0.00,0.00,0.00,0.00,-0.06,-0.09,99,-1,0,1,0.1,0.01,0.120,0.134,-38.45,0,26,0,269.6,282.6,358.1,0.4,0.00,0,-1.1,0.7
63.50,descend,206.04,-109.54,0.120,1,1892.5,366.2,0.0,-0.7,-0.09,0.07,359,359,-1,-0.7,0.1,-2.1,0.2,-0.01,-0.03,0.00,0.00,0.00,0.00,-0.06,-0.09,99,-1,0,1,0.1,0.01,0.120,0.135,-38.87,0,26,0,269.6,282.6,358.1,0.4,0.00,0,-1.1,0.7
63.60,descend,202.10,-105.60,0.120,1,1892.5,366.2,0.0,-0.7,-0.09,0.09,359,359,-1,-0.8,0.1,-2.2,0.1,-0.01,-0.03,0.00,0.00,0.00,0.00,-0.09,-0.09,99,-1,0,1,0.1,0.01,0.120,0.136,-39.29,0,26,0,269.6,282.6,358.1,0.4,0.00,0,-1.3,0.8
63.70,descend,198.13,-101.63,0.120,1,1892.5,366.2,0.0,-0.7,-0.09,0.09,359,359,-1,-0.8,0.1,-2.3,0.1,-0.01,-0.02,0.00,0.00,0.00,0.00,-0.09,-0.09,99,-1,0,1,0.0,0.01,0.120,0.132,-39.67,0,26,0,269.6,280.8,357.7,0.4,0.00,0,-0.2,-0.1
63.80,descend,194.12,-97.62,0.120,1,1892.5,366.2,0.0,-0.7,-0.09,0.11,359,359,-1,-0.8,0.1,-2.3,0.1,0.00,-0.02,0.00,0.00,0.00,0.00,-0.09,-0.09,99,-1,0,1,0.0,0.01,0.120,0.128,-40.00,0,26,0,269.6,280.8,357.7,0.4,0.00,0,-0.1,-0.4
63.90,descend,190.07,-93.57,0.120,1,1892.5,366.2,0.0,-0.7,-0.09,0.11,359,359,-1,-0.9,0.1,-2.4,0.2,0.01,-0.01,0.00,0.00,0.00,0.00,-0.11,-0.09,99,-1,0,1,0.0,0.01,0.120,0.128,-40.36,0,26,0,269.6,280.8,357.7,0.4,0.00,0,0.0,0.0
64.00,descend,185.98,-89.48,0.185,1,1892.5,366.2,0.0,-0.7,-0.09,0.11,359,359,-1,-0.9,0.1,-2.4,0.2,0.01,-0.02,0.00,0.00,0.00,0.00,-0.11,-0.09,99,-1,0,1,0.0,0.01,0.185,0.193,-40.76,0,26,0,269.6,280.8,357.7,0.4,0.00,0,0.0,0.0
64.10,descend,181.86,-85.36,0.255,1,1892.4,366.3,0.1,-0.8,-0.09,0.13,359,359,-1,-0.9,0.1,-2.4,0.2,0.01,-0.02,0.00,0.00,0.00,0.00,-0.12,-0.09,99,-1,0,1,0.0,0.01,0.255,0.264,-41.15,0,26,0,269.5,280.9,357.6,0.5,0.00,0,-0.1,-0.2
64.20,descend,177.71,-81.21,0.324,1,1892.4,366.3,0.1,-0.8,-0.09,0.13,359,359,-1,-1.0,0.1,-2.5,0.3,0.01,-0.02,0.00,0.00,0.00,0.00,-0.13,-0.09,99,-1,0,1,0.0,0.01,0.324,0.333,-41.43,0,26,0,269.5,280.9,357.6,0.5,0.00,0,-0.1,-0.2
64.30,descend,173.57,-77.07,0.381,1,1892.4,366.3,0.1,-0.8,-0.09,0.11,359,359,-1,-1.0,0.1,-2.5,0.3,0.01,-0.02,0.00,0.00,0.00,0.00,-0.12,-0.09,99,-1,0,1,0.0,0.01,0.381,0.391,-41.41,0,26,0,269.5,280.9,357.6,0.5,0.00,0,-0.6,-0.3
64.40,descend,169.48,-72.98,0.426,1,1892.4,366.3,0.1,-0.8,-0.09,0.08,359,359,-1,-0.9,0.2,-2.6,0.3,0.01,-0.02,0.00,0.00,0.00,0.00,-0.11,-0.09,99,-1,0,1,0.1,0.01,0.426,0.438,-41.11,0,26,0,269.5,280.9,357.6,0.5,0.00,0,-0.9,-0.3
64.50,descend,165.44,-68.94,0.459,1,1892.4,366.3,0.1,-0.8,-0.09,0.03,359,359,-1,-0.8,0.2,-2.7,0.4,0.01,-0.03,0.00,0.00,0.00,0.00,-0.08,-0.09,99,-1,0,1,0.0,0.01,0.459,0.472,-40.51,0,26,0,269.5,280.5,357.4,0.5,0.00,0,-0.7,-0.2
64.60,descend,161.50,-65.00,0.478,1,1892.4,366.3,0.1,-0.8,-0.09,0.03,359,359,-1,-0.7,0.2,-2.8,0.4,0.00,-0.03,0.00,0.00,0.00,0.00,-0.03,-0.09,99,-1,0,1,0.0,0.01,0.478,0.493,-39.64,0,26,0,269.5,280.5,357.4,0.5,0.00,0,-0.7,-0.2
64.70,descend,157.68,-61.18,0.485,1,1892.4,366.3,0.1,-0.8,0.00,-0.10,359,359,-1,-0.5,-0.1,-2.8,0.4,0.01,-0.03,0.00,0.00,0.00,0.00,0.03,0.00,99,-1,0,1,0.0,0.01,0.485,0.500,-38.53,0,26,0,269.5,280.5,357.4,0.5,0.00,0,0.0,0.0
64.80,descend,153.98,-57.48,0.489,1,1892.4,366.3,0.1,-0.8,0.00,-0.16,359,359,-1,-0.3,-0.1,-2.8,0.4,0.01,-0.02,0.00,0.00,0.00,0.00,0.10,0.00,99,-1,0,1,0.4,0.01,0.489,0.498,-37.35,0,26,0,269.5,280.5,357.4,0.5,0.00,0,0.7,-0.0
64.90,descend,150.40,-53.90,0.490,1,1892.4,366.3,0.1,-0.8,0.00,-0.16,359,360,-1,-0.1,-0.1,-2.7,0.4,0.00,-0.01,0.00,0.00,0.00,0.00,0.16,0.00,99,-1,0,1,0.4,0.00,0.490,0.496,-36.12,0,26,0,269.4,282.3,357.3,0.6,0.00,0,0.7,-0.0
65.00,descend,146.95,-50.45,0.487,1,1892.4,366.2,0.1,-0.8,0.00,-0.32,359,360,-1,0.2,-0.1,-2.6,0.4,0.00,-0.01,0.00,0.00,0.00,0.00,0.25,0.00,99,-1,0,1,1.1,-0.01,0.487,0.492,-34.82,0,26,0,269.4,282.3,357.3,0.6,0.00,0,1.0,0.1
65.10,descend,143.63,-47.13,0.483,1,1892.4,366.2,0.1,-0.7,0.00,-0.38,360,360,-1,0.4,-0.1,-2.5,0.4,0.00,-0.01,0.00,0.00,0.00,0.00,0.32,0.00,99,-1,0,0,1.3,-0.01,0.483,0.488,-33.52,0,26,0,269.4,282.3,357.3,0.6,0.00,0,1.0,0.2
65.20,descend,140.44,-43.94,0.480,1,1892.4,366.1,0.1,-0.7,0.00,-0.44,360,360,-1,0.6,-0.1,-2.4,0.4,0.00,-0.01,0.00,0.00,0.00,0.00,0.38,0.00,99,-1,0,0,1.5,-0.02,0.480,0.485,-32.24,0,26,0,269.4,282.3,357.3,0.6,0.00,0,0.9,0.3
65.30,descend,137.37,-40.87,0.476,1,1892.4,366.1,0.1,-0.6,0.00,-0.44,360,0,-1,0.8,-0.1,-2.3,0.3,-0.00,-0.02,0.00,0.00,0.00,0.00,0.44,0.00,99,-1,0,0,1.5,-0.02,0.476,0.484,-30.97,0,26,0,268.9,296.2,357.7,1.1,0.00,0,0.9,0.3
65.40,descend,133.72,-37.22,0.487,1,1892.4,366.1,0.1,-0.6,0.00,-0.49,360,0,-1,1.0,-0.1,-2.2,0.3,-0.00,-0.02,0.00,0.00,0.00,0.00,0.49,0.00,99,-1,0,0,1.6,-0.03,0.487,0.497,-29.72,0,26,0,268.9,296.2,357.7,1.1,0.00,0,0.8,0.4
65.50,descend,131.62,-35.12,0.471,1,1892.4,366.0,0.1,-0.5,0.00,-0.54,360,0,-1,1.2,-0.1,-2.2,0.2,-0.00,-0.03,0.00,0.00,0.00,0.00,0.54,0.00,99,-1,0,0,1.5,-0.02,0.471,0.484,-28.47,0,26,0,268.9,296.2,357.7,1.1,0.00,0,0.5,0.4
65.60,descend,128.92,-32.42,0.468,1,1892.4,365.9,0.1,-0.5,0.09,-0.63,360,0,-1,1.3,-0.4,-2.2,0.2,-0.00,-0.03,0.00,0.00,0.00,0.00,0.58,0.09,99,-1,0,0,1.2,-0.02,0.468,0.482,-27.24,0,26,0,268.9,296.2,357.7,1.1,0.00,0,0.4,0.5
65.70,descend,126.34,-29.84,0.468,1,1892.4,365.9,0.1,-0.4,0.09,-0.63,360,1,-1,1.5,-0.4,-2.1,0.1,-0.00,-0.03,0.00,0.00,0.00,0.00,0.63,0.09,99,-1,0,0,1.2,-0.02,0.468,0.480,-26.08,0,26,0,268.4,308.2,357.9,1.6,0.00,0,0.4,0.5
65.80,descend,123.87,-27.37,0.473,1,1892.4,365.8,0.1,-0.4,0.09,-0.73,0,1,-1,1.7,-0.4,-1.9,0.1,-0.00,-0.01,0.00,0.00,0.00,0.00,0.67,0.09,99,-1,0,-0,0.2,-0.02,0.473,0.478,-25.02,0,26,0,268.4,308.2,357.9,1.6,0.00,0,3.1,0.6
65.90,descend,121.50,-25.00,0.480,1,1892.4,365.7,0.1,-0.3,0.09,-0.77,0,1,-1,1.9,-0.4,-1.6,0.0,-0.01,0.01,0.00,0.00,0.00,0.00,0.73,0.09,99,-1,0,-0,-0.5,-0.01,0.480,0.488,-23.97,0,26,0,268.4,308.2,357.9,1.6,0.00,0,4.1,0.7
66.00,descend,119.24,-22.74,0.484,1,1892.5,365.6,0.1,-0.2,0.09,-0.79,0,1,-1,2.1,-0.4,-1.1,-0.1,-0.01,0.03,0.00,0.00,0.00,0.00,0.77,0.09,99,-1,0,-0,-0.9,0.01,0.484,0.497,-22.87,0,26,0,268.4,308.2,357.9,1.6,0.00,0,4.1,0.7
66.10,descend,117.10,-20.60,0.484,1,1892.5,365.6,0.0,-0.1,0.09,-0.81,0,1,-1,2.2,-0.4,-0.7,-0.1,-0.01,0.03,0.00,0.00,0.00,0.00,0.79,0.08,99,-1,0,-0,-1.1,0.01,0.484,0.499,-21.70,0,26,0,268.5,334.3,359.3,1.5,0.00,0,4.0,0.8
66.20,descend,115.08,-18.58,0.484,1,1892.5,365.6,0.0,-0.1,0.09,-0.81,0,1,-1,2.3,-0.4,-0.3,-0.2,-0.01,0.03,0.00,0.00,0.00,0.00,0.81,0.08,99,-1,0,-0,-1.1,0.02,0.484,0.501,-20.53,0,26,0,268.5,334.3,359.3,1.5,0.00,0,4.0,0.8
66.30,descend,113.17,-16.67,0.485,1,1892.5,365.4,0.0,0.0,0.00,-0.77,0,1,-1,2.3,-0.4,0.0,-0.3,-0.01,0.03,0.00,0.00,0.00,0.00,0.80,0.08,99,-1,0,-0,-0.8,0.02,0.485,0.502,-19.38,0,26,0,268.5,334.3,359.3,1.5,0.00,0,3.3,0.9
66.40,descend,111.38,-14.88,0.487,1,1892.5,365.3,0.0,0.1,0.00,-0.71,0,1,-1,2.3,-0.1,0.3,-0.4,-0.02,0.02,0.00,0.00,0.00,0.00,0.77,-0.00,99,-1,0,-0,-0.2,0.01,0.487,0.502,-18.24,0,26,0,268.5,334.3,359.3,1.5,0.00,0,2.4,1.0
66.50,descend,109.70,-13.20,0.489,1,1892.5,365.3,0.0,0.2,0.00,-0.66,0,0,-1,2.1,-0.1,0.6,-0.5,-0.02,0.01,0.00,0.00,0.00,0.00,0.71,-0.00,99,-1,0,-0,0.5,-0.00,0.489,0.502,-17.11,0,26,0,268.7,23.2,0.5,1.3,0.00,0,1.6,1.1
66.60,descend,108.13,-11.63,0.492,1,1892.5,365.3,0.0,0.2,0.00,-0.66,0,0,-1,2.0,-0.1,0.7,-0.6,-0.02,0.00,0.00,0.00,0.00,0.00,0.66,-0.00,99,-1,0,-0,0.5,-0.02,0.492,0.501,-16.00,0,26,0,268.7,23.2,0.5,1.3,0.00,0,1.6,1.1
66.70,descend,106.67,-10.17,0.496,1,1892.5,365.2,0.0,0.3,0.00,-0.60,0,0,-1,1.9,-0.1,0.8,-0.7,-0.02,-0.00,0.00,0.00,0.00,0.00,0.60,-0.00,99,-1,0,-0,0.7,-0.02,0.496,0.507,-14.90,0,26,0,268.7,23.2,0.5,1.3,0.00,0,0.7,0.9
66.80,descend,105.31,-8.81,0.501,1,1892.5,365.1,0.0,0.4,-0.09,-0.51,0,0,-1,1.8,-0.1,0.8,-0.8,-0.02,-0.01,0.00,0.00,0.00,0.00,0.55,-0.00,99,-1,0,-0,1.1,-0.02,0.501,0.515,-13.80,0,26,0,268.7,23.2,0.5,1.3,0.00,0,-0.1,1.2
66.90,descend,104.07,-7.57,0.507,1,1892.5,365.1,0.0,0.4,-0.09,-0.51,0,1,-1,1.7,0.1,0.8,-0.9,-0.03,-0.02,0.00,0.00,0.00,0.00,0.50,-0.09,99,-1,0,-0,1.1,-0.03,0.507,0.525,-12.72,0,26,0,268.4,24.0,0.7,1.6,0.00,0,-0.1,1.2
67.00,descend,102.93,-6.43,0.515,1,1892.5,365.0,0.0,0.5,-0.09,-0.46,0,1,-1,1.6,0.1,0.7,-1.0,-0.03,-0.02,0.00,0.00,0.00,0.00,0.46,-0.09,99,-1,0,-0,1.0,-0.03,0.515,0.536,-11.65,0,26,0,268.4,24.0,0.7,1.6,0.00,0,-0.4,1.1
67.10,descend,101.90,-5.40,0.532,1,1892.4,365.0,0.0,0.5,-0.18,-0.40,0,1,-1,1.5,0.1,0.6,-1.2,-0.03,-0.03,0.00,0.00,0.00,0.00,0.43,-0.09,99,-1,0,-0,0.6,-0.03,0.533,0.555,-10.59,0,26,0,268.4,24.0,0.7,1.6,0.00,0,-0.9,0.7
67.20,descend,100.98,-4.48,0.554,1,1892.4,365.0,0.1,0.5,-0.18,-0.40,0,1,-1,1.4,0.4,0.5,-1.2,-0.02,-0.03,0.00,0.00,0.00,0.00,0.39,-0.18,99,-1,0,-0,0.6,-0.02,0.554,0.573,-9.52,0,26,0,268.4,24.0,0.7,1.6,0.00,0,-0.9,0.7
67.30,descend,100.17,-3.67,0.563,1,1892.4,364.9,0.1,0.6,-0.26,-0.34,1,1,-1,1.4,0.6,0.4,-1.1,-0.00,-0.03,0.00,0.00,0.00,0.00,0.37,-0.22,99,-1,0,-1,-1.1,-0.01,0.563,0.574,-8.38,0,26,0,268.2,12.8,0.4,1.8,0.00,0,-0.9,-1.6
67.40,descend,99.51,-3.01,0.551,1,1892.4,364.9,0.1,0.6,-0.26,-0.30,1,1,-1,1.3,0.7,0.3,-0.9,0.01,-0.03,0.00,0.00,0.00,0.00,0.34,-0.27,99,-1,0,-1,-1.7,0.01,0.551,0.566,-7.02,0,26,0,268.2,12.8,0.4,1.8,0.00,0,-1.9,-1.1
67.50,descend,99.01,-2.51,0.361,1,1892.4,364.9,0.1,0.6,-0.26,-0.30,1,1,-1,1.2,0.7,0.1,-0.8,-0.00,-0.05,0.00,0.00,0.00,0.00,0.29,-0.27,99,-1,0,-1,-1.7,0.02,0.361,0.382,-5.34,0,26,0,268.2,12.8,0.4,1.8,0.00,0,-1.9,-1.1
67.60,descend,98.68,-2.18,0.339,1,1892.3,364.8,0.2,0.7,-0.26,-0.25,1,1,-1,1.1,0.7,-0.2,-0.8,-0.02,-0.07,0.00,0.00,0.00,0.00,0.25,-0.27,99,-1,0,-1,-1.7,0.02,0.339,0.373,-3.71,0,26,0,268.2,12.8,0.4,1.8,0.00,0,-2.9,-0.2
67.70,descend,98.44,-1.94,0.277,1,1892.3,364.8,0.2,0.7,-0.26,-0.22,1,0,-1,1.0,0.8,-0.6,-1.0,-0.04,-0.08,0.00,0.00,0.00,0.00,0.22,-0.27,99,-1,0,-1,-1.6,0.02,0.277,0.325,-2.53,0,26,0,268.8,331.8,359.4,1.2,0.00,0,-4.2,2.0
67.80,descend,98.25,-1.75,0.251,1,1892.3,364.8,0.2,0.7,-0.26,-0.22,1,0,-1,1.0,0.8,-1.0,-1.2,-0.05,-0.09,0.00,0.00,0.00,0.00,0.22,-0.27,99,-1,0,-1,-1.6,0.02,0.251,0.308,-2.02,0,26,0,268.8,331.8,359.4,1.2,0.00,0,-4.2,2.0
67.90,descend,98.09,-1.59,0.237,1,1892.2,364.7,0.2,0.7,-0.26,-0.18,0,0,-1,1.0,0.8,-1.4,-1.5,-0.07,-0.09,0.00,0.00,0.00,0.00,0.20,-0.27,99,-1,0,-0,-2.0,0.03,0.237,0.301,-1.76,0,26,0,268.8,331.8,359.4,1.2,0.00,0,-4.1,2.9
68.00,descend,97.91,-1.41,0.236,1,1892.2,364.7,0.3,0.8,-0.26,-0.13,0,0,-1,0.9,0.8,-1.9,-1.7,-0.07,-0.10,0.00,0.00,0.00,0.00,0.17,-0.26,99,-1,0,-0,-2.1,0.03,0.236,0.302,-1.74,0,26,0,268.8,331.8,359.4,1.2,0.00,0,-4.5,2.4
68.10,descend,97.74,-1.24,0.238,1,1892.2,364.7,0.3,0.8,-0.26,-0.13,0,359,-1,0.8,0.8,-2.3,-2.0,-0.06,-0.11,0.00,0.00,0.00,0.00,0.13,-0.26,99,-1,0,-0,-2.1,0.04,0.238,0.306,-1.79,0,26,0,269.6,280.0,357.7,0.5,0.00,0,-4.5,2.4
68.20,descend,97.56,-1.06,0.239,1,1892.2,364.7,0.3,0.8,-0.22,-0.10,0,359,-1,0.7,0.7,-2.9,-2.2,-0.06,-0.12,0.00,0.00,0.00,0.00,0.10,-0.22,99,-1,0,-0,-2.1,0.04,0.239,0.312,-1.82,0,26,0,269.6,280.0,357.7,0.5,0.00,0,-5.0,2.1
68.30,descend,97.38,-0.88,0.238,1,1892.1,364.7,0.3,0.8,-0.18,-0.03,0,359,-1,0.6,0.6,-3.5,-2.4,-0.06,-0.14,0.00,0.00,0.00,0.00,0.07,-0.18,99,-1,0,-0,-1.7,0.04,0.238,0.318,-1.81,0,26,0,269.6,280.0,357.7,0.5,0.00,0,-6.5,2.4
68.40,descend,97.21,-0.71,0.236,1,1892.1,364.7,0.4,0.8,-0.18,-0.03,360,359,-1,0.5,0.6,-4.1,-2.6,-0.07,-0.16,0.00,0.00,0.00,0.00,0.03,-0.18,99,-1,0,0,-1.7,0.03,0.236,0.326,-1.76,0,26,0,269.6,280.0,357.7,0.5,0.00,0,-6.5,2.4
68.50,descend,97.05,-0.55,0.230,1,1892.1,364.7,0.4,0.8,-0.09,0.02,360,359,-1,0.4,0.5,-4.9,-2.9,-0.09,-0.17,0.00,0.00,0.00,0.00,0.00,-0.13,99,-1,0,0,-1.3,0.03,0.230,0.332,-1.66,0,26,0,270.3,265.9,355.1,359.9,0.00,0,-7.7,3.9
68.60,capture,96.91,-0.41,0.314,1,1892.1,364.7,0.4,0.8,-0.09,0.02,360,359,-1,0.4,0.3,-5.7,-3.3,-0.10,-0.19,0.00,0.00,0.00,0.00,-0.02,-0.09,99,-1,0,0,-1.3,0.03,0.314,0.429,-1.49,0,26,0,270.3,265.9,355.1,359.9,0.00,0,-7.7,3.9
68.70,capture,96.84,-0.34,0.314,1,1892.1,364.8,0.4,0.8,-0.09,0.56,359,359,-1,0.3,0.3,-5.7,-3.6,-0.09,-0.07,0.00,0.00,0.00,0.00,-0.05,-0.09,99,-1,0,1,-0.6,0.03,0.314,0.377,-1.41,0,26,0,270.3,265.9,355.1,359.9,0.00,0,7.4,2.5
68.80,capture,96.82,-0.32,0.253,1,1892.1,364.8,0.4,0.7,-0.09,0.56,359,359,-1,-1.3,0.4,-5.0,-3.9,-0.09,0.06,0.00,0.00,0.00,0.00,-0.56,-0.09,99,-1,0,1,-0.6,0.03,0.253,0.309,-0.18,0,26,0,270.3,265.9,355.1,359.9,0.00,0,7.4,2.5
68.90,capture,96.86,-0.36,0.200,1,1892.1,364.8,0.4,0.7,0.49,0.51,359,358,-1,-1.2,-1.4,-4.8,-3.7,-0.00,-0.01,0.00,0.00,0.00,0.00,-0.52,0.48,99,-1,0,1,0.0,0.02,0.200,0.206,0.82,0,26,0,270.6,262.3,355.3,359.7,0.00,0,0.0,-0.0
69.00,capture,96.79,-0.29,0.260,1,1892.2,364.9,0.3,0.6,0.83,1.31,359,358,-1,-3.1,-2.4,-3.0,-2.3,0.20,0.26,0.00,0.00,0.00,0.00,-1.32,0.81,99,-1,0,1,1.4,-0.01,0.260,0.446,-0.34,0,26,0,270.6,262.3,355.3,359.7,0.00,0,13.4,-10.6
69.10,capture,96.64,-0.14,0.294,1,1892.5,365.4,0.2,0.3,0.61,1.74,359,358,-1,-3.1,-3.2,-0.0,-0.0,0.37,0.46,0.00,0.00,0.00,0.00,-3.10,1.89,99,-1,1,1,0.0,-0.04,0.294,0.588,-0.91,0,26,0,270.6,262.3,355.3,359.7,0.00,0,0.0,0.0
69.20,capture,96.50,-0.00,0.337,1,1892.5,365.4,0.0,0.1,0.61,1.74,359,358,-1,-3.1,-1.9,-0.0,-0.0,0.01,0.02,0.00,0.00,0.00,0.00,-1.76,0.58,99,-1,0,1,0.0,0.02,0.337,0.351,-1.64,0,26,0,270.6,262.3,355.3,359.7,0.00,0,0.0,0.0
69.30,capture,96.50,-0.00,0.255,1,1892.5,365.5,0.0,0.0,0.00,0.00,359,359,-1,-0.1,-0.2,-0.0,-0.0,-0.00,-0.01,0.00,0.00,0.00,0.00,0.00,0.00,99,-1,0,1,0.0,0.02,0.255,0.260,0.00,0,26,0,270.0,180.0,0.0,0.0,0.00,0,0.0,-0.0
69.40,capture,96.50,-0.00,0.255,1,1892.5,365.5,0.0,0.0,0.00,0.00,359,359,-1,-0.1,-0.2,-0.0,-0.0,-0.00,-0.01,0.00,0.00,0.00,0.00,0.00,0.00,99,-1,0,1,0.0,0.02,0.255,0.260,0.00,0,26,0,270.0,180.0,0.0,0.0,0.00,0,0.0,-0.0
69.50,capture,96.50,-0.00,0.255,1,1892.5,365.5,0.0,0.0,0.00,0.00,359,359,-1,-0.1,-0.2,-0.0,-0.0,-0.00,-0.01,0.00,0.00,0.00,0.00,0.00,0.00,99,-1,0,1,-0.0,0.02,0.255,0.260,0.00,0,26,0,270.0,180.0,0.0,0.0,0.00,0,0.0,-0.0
69.60,capture,96.50,-0.00,0.255,1,1892.5,365.5,0.0,0.0,0.00,0.00,359,359,-1,-0.1,-0.2,-0.0,-0.0,-0.00,-0.01,0.00,0.00,0.00,0.00,0.00,0.00,99,-1,0,1,0.0,0.02,0.255,0.260,0.00,0,26,0,270.0,180.0,0.0,0.0,0.00,0,0.0,-0.0
69.70,capture,96.50,-0.00,0.255,1,1892.5,365.5,0.0,0.0,0.00,0.00,359,359,-1,-0.1,-0.2,-0.0,-0.0,-0.00,-0.01,0.00,0.00,0.00,0.00,0.00,0.00,99,-1,0,1,0.0,0.02,0.255,0.260,0.00,0,26,0,270.0,180.0,0.0,0.0,0.00,0,0.0,-0.0
69.80,capture,96.50,-0.00,0.255,1,1892.5,365.5,0.0,0.0,0.00,0.00,359,359,-1,-0.1,-0.2,-0.0,-0.0,-0.00,-0.01,0.00,0.00,0.00,0.00,0.00,0.00,99,-1,0,1,0.0,0.02,0.255,0.260,0.00,0,26,0,270.0,180.0,0.0,0.0,0.00,0,0.0,-0.0
69.90,capture,96.50,-0.00,0.255,1,1892.5,365.5,0.0,0.0,0.00,0.00,359,359,-1,-0.1,-0.2,-0.0,-0.0,-0.00,-0.01,0.00,0.00,0.00,0.00,0.00,0.00,99,-1,0,1,0.0,0.02,0.255,0.260,0.00,0,26,0,270.0,180.0,0.0,0.0,0.00,0,0.0,-0.0
70.00,capture,96.50,-0.00,0.255,1,1892.5,365.5,0.0,0.0,0.00,0.00,359,359,-1,-0.1,-0.2,-0.0,-0.0,-0.00,-0.01,0.00,0.00,0.00,0.00,0.00,0.00,99,-1,0,1,0.0,0.02,0.255,0.260,0.00,0,26,0,270.0,180.0,0.0,0.0,0.00,0,0.0,-0.0
70.10,capture,96.50,-0.00,0.255,1,1892.5,365.5,0.0,0.0,0.00,0.00,359,359,-1,-0.1,-0.2,-0.0,-0.0,-0.00,-0.01,0.00,0.00,0.00,0.00,0.00,0.00,99,-1,0,1,0.0,0.02,0.255,0.260,0.00,0,26,0,270.0,180.0,0.0,0.0,0.00,0,0.0,-0.0
70.20,docked,96.50,-0.00,0.000,1,1892.5,365.5,0.0,0.0,0.00,0.00,359,359,-1,-0.1,-0.2,-0.0,-0.0,-0.00,-0.01,0.00,0.00,0.00,0.00,0.00,0.00,99,-1,1,0,0.0,-0.00,0.000,0.000,0.00,0,26,0,270.0,180.0,0.0,0.0,0.00,0,0.0,-0.0
70.20,end:ok:control [lean 58 body 30 braketurn 0.55],0,0,0,0,0,0,0,0,0,0,0,0,0,0,0,0,0,0,0,0,0,0,0,0,0,0,0,0,0,0,0,0,0,0,0,0,0,0,0,0,0,0,0,0,0
