t,phase,height,err,pwr,gps,x,z,ex,ez,vxw,vzw,hdg,rawhdg,mothdg,tp,tr,p,r,vx,vy,sched,fwdRaw,latRaw,vrtRaw,fwdH,latH,energy,fuel,sat,yerr,yrate,ydem,athr,amax,vv,dockc,npers,chg,nav1,nav3,nav2,trihdg,trires,aimq,wx,wz
0.00,climb,77.50,272.50,0.378,1,2400.5,-3268.1,-1480.0,5033.6,0.00,0.00,232,232,-1,0.0,0.0,0.0,0.0,0.00,0.00,0.00,0.00,0.00,0.00,0.00,0.00,-1,-1,0,-2,0.0,-0.03,0.378,0.378,0.00,0,0,0,36.8,180.0,180.0,233.2,0.00,0,0.0,0.0
0.10,climb,77.50,272.50,0.642,1,2400.5,-3268.1,-1480.0,5033.6,0.00,0.00,232,232,-1,0.0,0.0,0.0,0.0,0.00,-0.00,0.00,0.00,0.00,0.00,0.00,0.00,-1,-1,0,-5,0.0,-0.09,0.643,0.643,0.00,0,0,0,36.8,180.0,180.0,233.2,0.00,0,0.0,0.0
0.20,climb,77.50,272.50,0.917,1,2400.5,-3268.1,-1480.0,5033.6,0.00,0.00,232,232,-1,0.0,0.0,-0.0,0.0,-0.00,-0.00,0.00,0.00,0.00,0.00,0.00,0.00,-1,-1,0,-8,0.0,-0.15,0.919,0.919,0.00,0,0,0,36.8,180.0,180.0,233.2,0.00,0,0.0,0.0
0.30,climb,77.50,272.50,1.000,1,2400.5,-3268.1,-1480.0,5033.6,0.00,0.00,232,232,-1,0.0,0.0,-0.0,0.0,0.00,-0.00,0.00,0.00,0.00,0.00,0.00,0.00,-1,-1,1,-10,0.0,-0.21,1.000,1.000,0.00,0,0,0,36.8,180.0,180.0,233.2,0.00,0,0.0,0.0
0.40,climb,77.54,272.46,1.000,1,2400.5,-3268.1,-1480.0,5033.6,0.00,0.00,232,232,-1,0.0,0.0,0.0,-0.0,-0.00,0.00,0.00,0.00,0.00,0.00,0.00,0.00,-1,-1,1,-13,-2.0,-0.27,1.000,1.000,0.17,0,0,0,36.8,180.0,180.0,233.2,0.00,0,0.0,0.1
0.50,climb,77.70,272.30,1.000,1,2400.5,-3268.1,-1480.0,5033.6,0.00,0.00,232,232,-1,0.0,0.0,0.0,-0.0,-0.00,-0.00,0.00,0.00,0.00,0.00,0.00,0.00,-1,-1,1,-16,-5.5,-0.29,1.000,1.000,1.19,0,0,0,36.8,180.0,180.0,233.2,0.00,0,-0.3,0.2
0.60,climb,78.09,271.91,1.000,1,2400.5,-3268.1,-1480.0,5033.6,0.00,0.00,232,232,-1,0.0,0.0,-0.0,-0.0,-0.00,-0.01,0.00,0.00,0.00,0.00,0.00,0.00,-1,-1,1,-19,-11.3,-0.28,1.000,1.000,3.23,0,0,0,36.8,180.0,180.0,233.2,0.00,0,-0.8,0.1
0.70,climb,78.78,271.22,1.000,1,2400.5,-3268.1,-1480.0,5033.6,0.00,0.00,232,232,-1,0.0,0.0,-0.1,-0.0,-0.00,-0.02,0.00,0.00,0.00,0.00,0.00,0.00,-1,-1,1,-22,-11.3,-0.22,1.000,1.000,6.13,0,0,0,36.8,180.0,180.0,233.2,0.00,0,-0.8,0.1
0.80,climb,79.79,270.21,1.000,1,2400.5,-3268.1,-1480.0,5033.6,0.00,0.18,232,228,-1,0.0,0.0,-0.2,0.0,0.01,-0.02,0.00,0.00,0.00,0.00,0.00,0.00,100,-1,1,-25,-28.1,-0.10,1.000,1.000,9.31,0,26,0,41.3,179.8,179.8,228.7,0.00,0,-1.1,-1.5
0.90,climb,81.11,268.89,1.000,1,2400.5,-3268.1,-1480.0,5033.6,0.00,0.18,231,228,-1,0.0,0.0,-0.4,0.2,0.03,-0.02,0.00,0.00,0.00,0.00,0.11,-0.14,100,-1,1,-27,-28.1,0.02,1.000,1.000,12.46,0,26,0,41.3,179.8,179.8,228.7,0.00,0,-1.1,-1.5
1.00,climb,82.74,267.26,1.000,1,2400.4,-3268.1,-1480.0,5033.6,-0.09,0.18,230,228,-1,0.0,0.0,-0.4,0.4,0.04,-0.02,0.00,0.00,0.00,0.00,0.11,-0.14,100,-1,1,-30,-38.9,0.10,1.000,1.000,15.57,0,26,0,41.3,179.8,179.8,228.7,0.00,0,-0.7,-1.4
1.10,climb,84.68,265.32,1.000,1,2400.4,-3268.1,-1479.9,5033.6,-0.09,0.18,230,228,-1,0.0,0.0,-0.5,0.6,0.03,-0.01,0.00,0.00,0.00,0.00,0.18,-0.08,100,-1,1,-32,-38.9,0.13,1.000,1.000,18.66,0,26,0,41.3,179.8,179.8,228.7,0.00,0,-0.7,-1.4
1.20,climb,86.93,263.07,1.000,1,2400.4,-3268.0,-1479.9,5033.5,-0.35,0.18,228,213,-1,0.0,0.0,-0.4,0.6,0.01,-0.00,0.00,0.00,0.00,0.00,0.25,-0.01,100,-1,1,-33,-36.5,0.13,1.000,1.000,21.71,0,26,0,55.7,180.0,180.0,214.3,0.00,0,0.1,1.3
1.30,climb,89.48,260.52,1.000,1,2400.4,-3268.0,-1479.9,5033.5,-0.35,0.18,225,213,-1,0.0,0.0,-0.4,0.5,-0.02,0.00,0.00,0.00,0.00,0.00,0.37,0.12,100,-1,1,-34,-36.5,0.06,1.000,1.000,24.73,0,26,0,55.7,180.0,180.0,214.3,0.00,0,0.1,1.3
1.40,climb,92.33,257.67,1.000,1,2400.3,-3268.0,-1479.9,5033.5,-0.53,0.18,224,213,-1,0.0,0.0,-0.3,0.2,-0.04,0.00,0.00,0.00,0.00,0.00,0.43,0.20,100,-1,1,-35,-24.9,-0.07,1.000,1.000,27.73,0,26,0,55.7,180.0,180.0,214.3,0.00,0,0.2,3.8
1.50,climb,95.48,254.52,1.000,1,2400.3,-3268.0,-1479.8,5033.5,-0.53,0.18,222,213,-1,0.0,0.0,-0.3,-0.2,-0.06,-0.00,0.00,0.00,0.00,0.00,0.48,0.27,100,-1,1,-36,-19.8,-0.23,1.000,1.000,30.69,0,26,0,55.7,180.0,180.0,214.3,0.00,0,-0.0,3.7
1.60,climb,98.92,251.08,1.000,1,2400.2,-3267.9,-1479.8,5033.5,-0.35,0.26,219,203,-1,0.0,0.0,-0.3,-0.6,-0.06,-0.01,0.00,0.00,0.00,0.00,0.47,0.30,100,-1,1,-36,-17.5,-0.33,1.000,1.000,33.62,0,26,0,66.4,178.6,179.4,203.6,0.00,0,-0.4,2.8
1.70,climb,102.65,247.35,1.000,1,2400.2,-3267.9,-1479.7,5033.4,-0.26,0.35,217,203,-1,0.0,0.0,-0.4,-0.8,-0.04,-0.02,0.00,0.00,0.00,0.00,0.42,0.12,100,-1,1,-37,-19.1,-0.39,1.000,1.000,36.52,0,26,0,66.4,178.6,179.4,203.6,0.00,0,-0.8,0.8
1.80,climb,106.66,243.34,1.000,1,2400.2,-3267.9,-1479.7,5033.4,-0.26,0.35,215,203,-1,0.0,0.0,-0.5,-0.8,-0.01,-0.02,0.00,0.00,0.00,0.00,0.44,0.02,100,-1,1,-38,-19.1,-0.37,1.000,1.000,39.39,0,26,0,66.4,178.6,179.4,203.6,0.00,0,-0.8,0.8
1.90,climb,110.95,239.05,1.000,1,2400.2,-3267.9,-1479.7,5033.4,-0.09,0.44,213,203,-1,0.0,0.0,-0.7,-0.5,0.04,-0.03,0.00,0.00,0.00,0.00,0.42,-0.16,100,-1,1,-39,-25.4,-0.27,1.000,1.000,42.22,0,26,0,66.4,178.6,179.4,203.6,0.00,0,-1.3,-1.9
2.00,climb,115.51,234.49,1.000,1,2400.2,-3267.8,-1479.7,5033.3,0.18,0.70,210,192,-1,0.0,0.0,-0.9,0.1,0.09,-0.04,0.00,0.00,0.00,0.00,0.46,-0.26,100,-1,1,-39,-44.5,-0.09,1.000,1.000,45.02,0,26,0,76.7,176.2,179.1,193.3,0.00,0,-2.1,-6.3
2.10,climb,120.34,229.66,0.969,1,2400.2,-3267.8,-1479.7,5033.3,0.18,0.70,207,192,-1,0.0,0.0,-1.1,0.8,0.12,-0.04,0.00,0.00,0.00,0.00,0.55,-0.48,100,-1,1,-39,-44.5,0.10,0.970,1.000,47.79,0,26,0,76.7,176.2,179.1,193.3,0.00,0,-2.1,-6.3
2.20,climb,125.45,224.55,0.817,1,2400.2,-3267.7,-1479.7,5033.2,0.00,0.70,205,192,-1,0.0,0.0,-1.1,1.5,0.12,-0.02,0.00,0.00,0.00,0.00,0.64,-0.29,99,-1,0,-40,-53.2,0.26,0.820,0.875,50.53,0,26,0,76.7,176.2,179.1,193.3,0.00,0,-1.8,-6.1
2.30,climb,130.82,219.18,0.661,1,2400.1,-3267.5,-1479.7,5033.1,-0.44,0.97,203,192,-1,0.0,0.0,-1.0,1.9,0.08,0.01,0.00,0.00,0.00,0.00,0.88,-0.18,99,-1,0,-41,-56.8,0.36,0.666,0.700,53.16,0,26,0,76.7,176.2,179.1,193.3,0.00,0,0.7,0.7
2.40,climb,136.40,213.60,0.519,1,2400.1,-3267.5,-1479.6,5033.0,-0.44,0.97,198,171,-1,0.0,0.0,-0.7,1.7,0.00,0.03,0.00,0.00,0.00,0.00,1.06,0.12,99,-1,0,-39,-56.8,0.35,0.523,0.538,55.37,0,26,0,98.1,6.8,179.0,171.8,0.00,0,0.7,0.7
2.50,climb,142.13,207.87,0.407,1,2400.0,-3267.3,-1479.6,5032.9,-0.88,1.05,194,171,-1,0.0,0.0,-0.4,1.2,-0.08,0.04,0.00,0.00,0.00,0.00,1.19,0.43,99,-1,0,-38,-43.2,0.26,0.409,0.456,56.85,0,26,0,98.1,6.8,179.0,171.8,0.00,0,1.4,8.4
2.60,climb,147.92,202.08,0.323,1,2399.9,-3267.2,-1479.5,5032.8,-0.88,1.05,190,171,-1,0.0,0.0,-0.3,0.3,-0.12,0.02,0.00,0.00,0.00,0.00,1.20,0.67,99,-1,0,-38,-35.8,0.11,0.323,0.380,57.70,0,26,0,98.1,6.8,179.0,171.8,0.00,0,0.5,8.9
2.70,climb,153.73,196.27,0.264,1,2399.9,-3267.2,-1479.4,5032.7,-0.88,1.05,187,171,-1,0.0,0.0,-0.2,-0.5,-0.13,0.00,0.00,0.00,0.00,0.00,1.16,0.74,99,-1,0,-38,-35.8,-0.04,0.264,0.318,57.96,0,26,0,98.1,6.8,179.0,171.8,0.00,0,0.5,8.9
2.80,climb,159.51,190.49,0.230,1,2399.8,-3267.1,-1479.3,5032.6,-0.88,1.05,183,156,-1,0.0,0.0,-0.3,-1.2,-0.11,-0.01,0.00,0.00,0.00,0.00,1.09,0.83,99,-1,0,-36,-30.1,-0.11,0.230,0.280,57.73,0,26,0,113.5,359.5,180.2,156.5,0.00,0,-0.0,7.4
2.90,climb,165.22,184.78,0.209,1,2399.7,-3266.9,-1479.3,5032.5,-0.70,1.05,178,156,-1,0.0,0.0,-0.4,-1.6,-0.08,-0.03,0.00,0.00,0.00,0.00,1.03,0.73,99,-1,0,-35,-23.3,-0.17,0.209,0.253,57.19,0,26,0,113.5,359.5,180.2,156.5,0.00,0,-0.8,2.6
3.00,climb,170.85,179.15,0.198,1,2399.7,-3266.9,-1479.2,5032.4,-0.70,1.05,175,156,-1,0.0,0.0,-0.6,-1.8,-0.04,-0.03,0.00,0.00,0.00,0.00,0.99,0.80,99,-1,0,-34,-23.3,-0.21,0.198,0.226,56.47,0,26,0,113.5,359.5,180.2,156.5,0.00,0,-0.8,2.6
3.10,climb,176.38,173.62,0.193,1,2399.6,-3266.8,-1479.1,5032.3,-0.53,0.88,172,156,-1,0.0,0.0,-0.7,-1.7,-0.00,-0.03,0.00,0.00,0.00,0.00,0.79,0.65,99,-1,0,-34,-21.5,-0.25,0.194,0.207,55.62,0,26,0,113.5,359.5,180.2,156.5,0.00,0,-0.8,-0.2
3.20,climb,181.82,168.18,0.193,1,2399.5,-3266.6,-1479.1,5032.2,-0.35,0.88,168,147,-1,0.0,0.0,-0.9,-1.4,0.03,-0.03,0.00,0.00,0.00,0.00,0.77,0.62,99,-1,0,-33,-20.3,-0.25,0.193,0.217,54.68,0,26,0,122.5,359.9,180.0,147.5,0.00,0,-0.4,-3.4
3.30,climb,187.17,162.83,0.192,1,2399.5,-3266.6,-1479.0,5032.1,-0.35,0.88,164,147,-1,0.0,0.0,-0.9,-1.0,0.05,-0.02,0.00,0.00,0.00,0.00,0.75,0.57,99,-1,0,-33,-20.3,-0.25,0.193,0.219,53.75,0,26,0,122.5,359.9,180.0,147.5,0.00,0,-0.4,-3.4
3.40,climb,192.42,157.58,0.192,1,2399.5,-3266.5,-1479.0,5032.0,-0.35,0.88,162,147,-1,0.0,0.0,-0.9,-0.6,0.05,-0.00,0.00,0.00,0.00,0.00,0.72,0.61,99,-1,0,-33,-20.3,-0.25,0.193,0.214,52.81,0,26,0,122.5,359.9,180.0,147.5,0.00,0,0.7,-3.6
3.50,climb,197.58,152.42,0.193,1,2399.5,-3266.4,-1479.0,5031.9,-0.18,0.88,159,147,-1,0.0,0.0,-0.7,-0.4,0.04,0.01,0.00,0.00,0.00,0.00,0.76,0.48,99,-1,0,-34,-20.6,-0.26,0.194,0.214,51.86,0,26,0,122.5,359.9,180.0,147.5,0.00,0,1.3,-3.0
3.60,climb,202.65,147.35,0.192,1,2399.5,-3266.3,-1479.0,5031.8,-0.18,0.88,156,138,-1,0.0,0.0,-0.6,-0.2,0.02,0.02,0.00,0.00,0.00,0.00,0.73,0.52,99,-1,0,-33,-21.6,-0.24,0.192,0.208,50.97,0,26,0,130.7,0.5,179.6,139.3,0.00,0,1.9,-0.5
3.70,climb,207.63,142.37,0.190,1,2399.4,-3266.2,-1479.0,5031.8,-0.18,0.88,153,138,-1,0.0,0.0,-0.4,-0.2,0.00,0.02,0.00,0.00,0.00,0.00,0.71,0.55,99,-1,0,-33,-22.1,-0.24,0.190,0.200,50.09,0,26,0,130.7,0.5,179.6,139.3,0.00,0,1.8,0.7
3.80,climb,212.53,137.47,0.189,1,2399.4,-3266.2,-1478.9,5031.7,-0.18,0.88,151,138,-1,0.0,0.0,-0.2,-0.2,-0.01,0.02,0.00,0.00,0.00,0.00,0.68,0.58,99,-1,0,-34,-22.1,-0.24,0.189,0.203,49.19,0,26,0,130.7,0.5,179.6,139.3,0.00,0,1.8,0.7
3.90,climb,217.34,132.66,0.190,1,2399.4,-3266.1,-1478.9,5031.6,-0.18,0.88,149,138,-1,0.0,0.0,-0.2,-0.4,-0.03,0.01,0.00,0.00,0.00,0.00,0.66,0.60,99,-1,0,-35,-22.5,-0.25,0.190,0.206,48.25,0,26,0,130.7,0.5,179.6,139.3,0.00,0,1.1,1.5
4.00,climb,222.05,127.95,0.190,1,2399.4,-3265.9,-1478.9,5031.5,-0.18,0.79,146,129,-1,0.0,0.0,-0.2,-0.6,-0.03,-0.00,0.00,0.00,0.00,0.00,0.63,0.64,99,-1,0,-35,-23.3,-0.24,0.191,0.206,47.33,0,26,0,139.7,359.6,180.5,130.3,0.00,0,-0.6,1.4
4.10,climb,226.67,123.33,0.191,1,2399.4,-3265.9,-1478.9,5031.4,-0.18,0.79,143,129,-1,0.0,0.0,-0.3,-0.7,-0.03,-0.02,0.00,0.00,0.00,0.00,0.53,0.61,99,-1,0,-36,-23.3,-0.25,0.192,0.210,46.41,0,26,0,139.7,359.6,180.5,130.3,0.00,0,-0.6,1.4
4.20,climb,231.20,118.80,0.190,1,2399.4,-3265.8,-1478.9,5031.3,-0.18,0.70,141,129,-1,0.0,0.0,-0.4,-0.7,-0.01,-0.03,0.00,0.00,0.00,0.00,0.44,0.58,99,-1,0,-36,-23.8,-0.25,0.190,0.207,45.54,0,26,0,139.7,359.6,180.5,130.3,0.00,0,-1.2,0.6
4.30,climb,235.65,114.35,0.187,1,2399.3,-3265.7,-1478.8,5031.3,-0.18,0.70,139,129,-1,0.0,0.0,-0.6,-0.6,0.01,-0.03,0.00,0.00,0.00,0.00,0.42,0.59,99,-1,0,-38,-24.7,-0.27,0.188,0.202,44.69,0,26,0,139.7,359.6,180.5,130.3,0.00,0,-0.8,-1.3
4.40,climb,240.00,110.00,0.187,1,2399.3,-3265.7,-1478.8,5031.2,-0.18,0.70,136,120,-1,0.0,0.0,-0.7,-0.4,0.02,-0.02,0.00,0.00,0.00,0.00,0.39,0.61,99,-1,0,-38,-24.7,-0.26,0.187,0.205,43.80,0,26,0,149.3,359.9,180.1,120.7,0.00,0,-0.8,-1.3
4.50,climb,244.27,105.73,0.186,1,2399.3,-3265.6,-1478.8,5031.1,-0.09,0.70,134,120,-1,0.0,0.0,-0.7,-0.3,0.02,-0.01,0.00,0.00,0.00,0.00,0.42,0.57,99,-1,0,-38,-25.0,-0.26,0.187,0.200,42.92,0,26,0,149.3,359.9,180.1,120.7,0.00,0,-0.2,-1.6
4.60,climb,248.45,101.55,0.185,1,2399.3,-3265.6,-1478.8,5031.1,0.00,0.70,132,120,-1,0.0,0.0,-0.6,-0.1,0.02,0.00,0.00,0.00,0.00,0.00,0.47,0.53,99,-1,0,-39,-25.5,-0.27,0.185,0.194,42.06,0,26,0,149.3,359.9,180.1,120.7,0.00,0,0.6,-1.1
4.70,climb,252.55,97.45,0.183,1,2399.3,-3265.5,-1478.8,5031.0,0.00,0.70,130,120,-1,0.0,0.0,-0.4,-0.1,0.01,0.02,0.00,0.00,0.00,0.00,0.45,0.54,99,-1,0,-40,-25.9,-0.28,0.184,0.195,41.20,0,26,0,149.3,359.9,180.1,120.7,0.00,0,1.5,-0.6
4.80,climb,256.56,93.44,0.182,1,2399.3,-3265.3,-1478.8,5030.9,0.00,0.70,127,109,-1,0.0,0.0,-0.2,-0.0,0.00,0.03,0.00,0.00,0.00,0.00,0.42,0.56,99,-1,0,-40,-26.5,-0.27,0.183,0.195,40.32,0,26,0,159.6,0.0,179.9,110.4,0.00,0,2.1,-0.1
4.90,climb,260.48,89.52,0.184,1,2399.3,-3265.3,-1478.8,5030.8,0.00,0.70,124,109,-1,0.0,0.0,-0.0,-0.0,0.00,0.03,0.00,0.00,0.00,0.00,0.39,0.58,99,-1,0,-40,-26.8,-0.27,0.185,0.196,39.41,0,26,0,159.6,0.0,179.9,110.4,0.00,0,2.0,0.1
5.00,climb,264.31,85.69,0.185,1,2399.3,-3265.3,-1478.8,5030.8,0.00,0.70,122,109,-1,0.0,0.0,0.2,-0.0,-0.00,0.03,0.00,0.00,0.00,0.00,0.37,0.60,99,-1,0,-41,-26.8,-0.26,0.186,0.198,38.51,0,26,0,159.6,0.0,179.9,110.4,0.00,0,2.0,0.1
5.10,climb,268.05,81.95,0.186,1,2399.3,-3265.2,-1478.8,5030.7,0.00,0.70,120,109,-1,0.0,0.0,0.3,-0.1,-0.01,0.03,0.00,0.00,0.00,0.00,0.35,0.61,99,-1,0,-42,-27.0,-0.26,0.187,0.200,37.62,0,26,0,159.6,0.0,179.9,110.4,0.00,0,1.8,0.2
5.20,climb,271.70,78.30,0.187,1,2399.3,-3265.1,-1478.8,5030.6,0.00,0.53,117,99,-1,0.0,0.0,0.5,-0.1,-0.01,0.02,0.00,0.00,0.00,0.00,0.31,0.63,99,-1,0,-42,-27.4,-0.26,0.188,0.200,36.73,0,26,0,170.4,359.8,181.1,99.6,0.00,0,1.2,0.2
5.30,climb,275.26,74.74,0.187,1,2399.3,-3265.1,-1478.8,5030.6,0.00,0.53,114,99,-1,0.0,0.0,0.6,-0.2,-0.01,0.02,0.00,0.00,0.00,0.00,0.21,0.48,99,-1,0,-42,-27.4,-0.25,0.188,0.200,35.86,0,26,0,170.4,359.8,181.1,99.6,0.00,0,1.2,0.2
5.40,climb,278.74,71.26,0.187,1,2399.3,-3265.0,-1478.8,5030.5,0.00,0.53,111,99,-1,0.0,0.0,0.6,-0.2,-0.01,0.02,0.00,0.00,0.00,0.00,0.19,0.49,99,-1,0,-43,-27.7,-0.25,0.188,0.199,34.99,0,26,0,170.4,359.8,181.1,99.6,0.00,0,0.6,0.3
5.50,climb,282.13,67.87,0.187,1,2399.3,-3264.9,-1478.8,5030.5,-0.18,0.53,110,99,-1,0.0,0.0,0.7,-0.3,-0.01,0.01,0.00,0.00,0.00,0.00,0.18,0.50,99,-1,0,-44,-27.9,-0.25,0.188,0.197,34.13,0,26,0,170.4,359.8,181.1,99.6,0.00,0,0.2,0.3
5.60,climb,285.44,64.56,0.187,1,2399.3,-3264.9,-1478.8,5030.4,-0.18,0.53,106,88,-1,0.0,0.0,0.7,-0.3,-0.01,0.00,0.00,0.00,0.00,0.00,-0.02,0.56,99,-1,0,-43,-27.9,-0.24,0.187,0.195,33.29,0,26,0,181.5,359.7,348.0,88.5,0.00,0,0.2,0.3
5.70,climb,288.67,61.33,0.152,1,2399.3,-3264.8,-1478.8,5030.4,-0.18,0.53,103,88,-1,0.0,0.0,0.6,-0.4,-0.01,-0.00,0.00,0.00,0.00,0.00,-0.05,0.55,99,-1,0,-42,-28.1,-0.24,0.152,0.158,32.45,0,26,0,181.5,359.7,348.0,88.5,0.00,0,-0.3,0.3
5.80,climb,291.81,58.19,0.109,1,2399.3,-3264.8,-1478.8,5030.3,-0.18,0.53,101,88,-1,0.0,0.0,0.6,-0.5,-0.01,-0.00,0.00,0.00,0.00,0.00,-0.07,0.55,99,-1,0,-39,-28.1,-0.23,0.110,0.117,31.62,0,26,0,181.5,359.7,348.0,88.5,0.00,0,-0.5,0.3
5.90,climb,294.87,55.13,0.068,1,2399.3,-3264.8,-1478.8,5030.3,-0.18,0.53,99,88,-1,0.0,0.0,0.5,-0.5,-0.02,-0.01,0.00,0.00,0.00,0.00,-0.09,0.55,99,-1,0,-37,-28.1,-0.19,0.068,0.077,30.79,0,26,0,181.5,359.7,348.0,88.5,0.00,0,-0.5,0.3
6.00,climb,297.83,52.17,0.032,1,2399.2,-3264.7,-1478.7,5030.2,-0.18,0.53,95,76,-1,0.0,0.0,0.4,-0.6,-0.01,-0.01,0.00,0.00,0.00,0.00,-0.13,0.54,99,-1,0,-34,-27.9,-0.12,0.032,0.041,29.87,0,26,0,192.7,359.5,358.0,77.3,0.00,0,-0.6,0.4
6.10,climb,300.67,49.33,0.011,1,2399.2,-3264.7,-1478.7,5030.2,-0.18,0.53,92,76,-1,0.0,0.0,0.3,-0.6,-0.01,-0.01,0.00,0.00,0.00,0.00,-0.15,0.53,99,-1,0,-31,-27.2,-0.08,0.011,0.020,28.71,0,26,0,192.7,359.5,358.0,77.3,0.00,0,-0.7,-0.2
6.20,climb,303.40,46.60,0.000,1,2399.2,-3264.6,-1478.7,5030.1,-0.18,0.53,90,76,-1,0.0,0.0,0.2,-0.6,-0.01,-0.01,0.00,0.00,0.00,0.00,-0.18,0.53,99,-1,1,-29,-26.6,-0.04,0.000,0.000,27.54,0,26,0,192.7,359.5,358.0,77.3,0.00,0,-0.7,0.2
6.30,climb,306.01,43.99,0.000,1,2399.2,-3264.6,-1478.7,5030.1,-0.18,0.53,88,76,-1,0.0,0.0,0.1,-0.6,-0.01,-0.01,0.00,0.00,0.00,0.00,-0.20,0.52,99,-1,1,-26,-26.0,-0.01,0.000,0.000,26.41,0,26,0,192.7,359.5,358.0,77.3,0.00,0,-0.7,-0.0
6.40,climb,308.50,41.50,0.000,1,2399.1,-3264.5,-1478.7,5030.0,-0.18,0.44,85,66,-1,0.0,0.0,0.1,-0.6,-0.00,-0.01,0.00,0.00,0.00,0.00,-0.23,0.51,99,-1,1,-23,-24.8,0.05,0.000,0.000,25.23,0,26,0,203.1,359.4,358.7,66.9,0.00,0,-0.7,-0.5
6.50,climb,310.87,39.13,0.000,1,2399.1,-3264.5,-1478.6,5030.0,-0.18,0.44,82,66,-1,0.0,0.0,-0.0,-0.5,0.00,-0.02,0.00,0.00,0.00,0.00,-0.24,0.41,99,-1,1,-20,-24.8,0.09,0.000,0.000,24.01,0,26,0,203.1,359.4,358.7,66.9,0.00,0,-0.7,-0.5
6.60,climb,313.11,36.89,0.000,1,2399.1,-3264.4,-1478.6,5029.9,-0.18,0.35,79,66,-1,0.0,0.0,-0.1,-0.4,0.01,-0.02,0.00,0.00,0.00,0.00,-0.24,0.31,99,-1,1,-18,-23.5,0.13,0.000,0.000,22.74,0,26,0,203.1,359.4,358.7,66.9,0.00,0,-0.6,-0.8
6.70,climb,315.22,34.78,0.002,1,2399.1,-3264.3,-1478.6,5029.9,-0.18,0.35,77,66,-1,0.0,0.0,-0.2,-0.4,0.01,-0.02,0.00,0.00,0.00,0.00,-0.25,0.30,99,-1,1,-16,-23.1,0.16,0.002,0.005,21.44,0,26,0,203.1,359.4,358.7,66.9,0.00,0,-0.6,-0.7
6.80,climb,317.20,32.80,0.017,1,2399.1,-3264.3,-1478.6,5029.8,-0.18,0.35,74,56,-1,0.0,0.0,-0.3,-0.3,0.01,-0.02,0.00,0.00,0.00,0.00,-0.27,0.29,99,-1,0,-13,-23.1,0.21,0.017,0.027,20.15,0,26,0,212.6,359.5,359.3,57.4,0.00,0,-0.6,-0.7
6.90,climb,319.05,30.95,0.028,1,2399.1,-3264.3,-1478.6,5029.8,-0.18,0.35,71,56,-1,0.0,0.0,-0.3,-0.2,0.01,-0.02,0.00,0.00,0.00,0.00,-0.28,0.28,99,-1,0,-10,-22.6,0.26,0.028,0.038,18.87,0,26,0,212.6,359.5,359.3,57.4,0.00,0,-0.6,-0.7
7.00,climb,320.78,29.22,0.042,1,2399.0,-3264.2,-1478.6,5029.8,-0.18,0.35,69,56,-1,0.0,0.0,-0.4,-0.1,0.01,-0.02,0.00,0.00,0.00,0.00,-0.29,0.27,99,-1,0,-8,-22.0,0.29,0.043,0.053,17.60,0,26,0,212.6,359.5,359.3,57.4,0.00,0,-0.6,-0.7
7.10,climb,322.38,27.62,0.060,1,2399.0,-3264.2,-1478.5,5029.7,-0.18,0.35,67,56,-1,0.0,0.0,-0.5,-0.0,0.01,-0.02,0.00,0.00,0.00,0.00,-0.30,0.26,99,-1,0,-6,-22.0,0.33,0.060,0.071,16.35,0,26,0,212.6,359.5,359.3,57.4,0.00,0,-0.6,-0.7
7.20,climb,323.86,26.14,0.081,1,2399.0,-3264.2,-1478.5,5029.7,-0.18,0.35,64,48,-1,0.0,0.0,-0.5,0.1,0.01,-0.02,0.00,0.00,0.00,0.00,-0.31,0.24,99,-1,0,-3,-21.8,0.38,0.082,0.093,15.11,0,26,0,221.5,359.6,359.5,48.5,0.00,0,-0.6,-0.7
7.30,climb,325.22,24.78,0.106,1,2399.0,-3264.1,-1478.5,5029.7,-0.18,0.35,62,48,-1,0.0,0.0,-0.6,0.1,0.01,-0.02,0.00,0.00,0.00,0.00,-0.32,0.23,99,-1,0,-0,-21.4,0.43,0.107,0.118,13.88,0,26,0,221.5,359.6,359.5,48.5,0.00,0,-0.5,-0.5
7.40,climb,326.45,23.55,0.133,1,2399.0,-3264.1,-1478.5,5029.6,-0.18,0.35,59,48,-1,0.0,0.0,-0.6,0.2,0.01,-0.01,0.00,0.00,0.00,0.00,-0.33,0.21,99,-1,0,2,-21.0,0.47,0.135,0.146,12.67,0,26,0,221.5,359.6,359.5,48.5,0.00,0,-0.4,-0.4
7.50,climb,327.58,22.42,0.163,1,2399.0,-3264.1,-1478.5,5029.6,-0.18,0.35,58,48,-1,0.0,0.0,-0.7,0.3,0.01,-0.01,0.00,0.00,0.00,0.00,-0.34,0.20,99,-1,0,4,-20.3,0.50,0.165,0.174,11.51,0,26,0,221.5,359.6,359.5,48.5,0.00,0,-0.2,-0.0
7.60,climb,328.60,21.40,0.190,1,2399.0,-3264.1,-1478.5,5029.6,-0.18,0.35,55,39,-1,0.0,0.0,-0.7,0.3,0.00,-0.01,0.00,0.00,0.00,0.00,-0.35,0.19,99,-1,0,7,-20.3,0.54,0.194,0.198,10.46,0,26,0,229.8,359.5,359.6,40.2,0.00,0,-0.2,-0.0
7.70,climb,329.54,20.46,0.212,1,2398.9,-3264.0,-1478.4,5029.5,-0.18,0.35,52,39,-1,0.0,0.0,-0.6,0.2,-0.01,-0.00,0.00,0.00,0.00,0.00,-0.35,0.17,99,-1,0,9,-16.7,0.56,0.216,0.220,9.58,0,26,0,229.8,359.5,359.6,40.2,0.00,0,0.4,1.0
7.80,climb,330.41,19.59,0.229,1,2398.9,-3264.0,-1478.4,5029.5,-0.18,0.35,50,39,-1,0.0,0.0,-0.6,0.1,-0.01,-0.00,0.00,0.00,0.00,0.00,-0.36,0.16,99,-1,0,11,-16.7,0.56,0.233,0.239,8.85,0,26,0,229.8,359.5,359.6,40.2,0.00,0,0.4,1.0
7.90,climb,331.23,18.77,0.236,1,2398.9,-3264.0,-1478.4,5029.5,-0.18,0.35,49,39,-1,0.0,0.0,-0.5,0.0,-0.02,0.00,0.00,0.00,0.00,0.00,-0.36,0.15,99,-1,0,13,-13.3,0.52,0.240,0.248,8.32,0,26,0,229.8,359.5,359.6,40.2,0.00,0,0.5,1.2
8.00,climb,332.03,17.97,0.234,1,2398.9,-3263.9,-1478.4,5029.4,0.00,0.35,46,34,-1,0.0,0.0,-0.5,-0.1,-0.02,0.00,0.00,0.00,0.00,0.00,-0.24,0.25,99,-1,0,15,-8.6,0.47,0.237,0.246,8.01,0,26,0,235.2,359.2,359.5,34.8,0.00,0,0.5,1.4
8.10,climb,332.80,17.20,0.232,1,2398.9,-3263.9,-1478.4,5029.4,0.00,0.35,44,34,-1,0.0,0.0,-0.4,-0.2,-0.03,0.00,0.00,0.00,0.00,0.00,-0.25,0.25,99,-1,0,17,-3.8,0.42,0.234,0.244,7.71,0,26,0,235.2,359.2,359.5,34.8,0.00,0,0.5,1.5
8.20,climb,333.53,16.47,0.230,1,2398.9,-3263.9,-1478.4,5029.4,0.00,0.35,43,34,-1,0.0,0.0,-0.4,-0.4,-0.03,-0.00,0.00,0.00,0.00,0.00,-0.26,0.24,99,-1,0,19,0.9,0.35,0.232,0.242,7.41,0,26,0,235.2,359.2,359.5,34.8,0.00,0,0.4,1.2
8.30,climb,334.24,15.76,0.229,1,2398.9,-3263.8,-1478.4,5029.3,0.00,0.35,41,34,-1,0.0,0.0,-0.4,-0.5,-0.02,-0.00,0.00,0.00,0.00,0.00,-0.26,0.23,99,-1,0,20,5.5,0.29,0.230,0.240,7.11,0,26,0,235.2,359.2,359.5,34.8,0.00,0,0.4,1.2
8.40,climb,334.91,15.09,0.229,1,2398.9,-3263.7,-1478.4,5029.3,-0.18,0.35,40,35,-1,0.0,0.0,-0.3,-0.6,-0.02,-0.00,0.00,0.00,0.00,0.00,-0.38,0.09,99,-1,0,21,13.2,0.23,0.229,0.238,6.81,0,26,0,233.6,359.0,359.2,36.4,0.00,0,0.2,0.7
8.50,climb,335.56,14.44,0.228,1,2398.9,-3263.7,-1478.4,5029.2,-0.18,0.35,40,35,-1,0.0,0.0,-0.3,-0.7,-0.02,-0.00,0.00,0.00,0.00,0.00,-0.38,0.09,99,-1,0,22,13.2,0.17,0.229,0.236,6.52,0,26,0,233.6,359.0,359.2,36.4,0.00,0,0.2,0.7
8.60,climb,336.17,13.83,0.229,1,2398.8,-3263.7,-1478.4,5029.2,-0.18,0.18,39,35,-1,0.0,0.0,-0.3,-0.7,-0.01,-0.00,0.00,0.00,0.00,0.00,-0.32,0.03,99,-1,0,22,19.3,0.12,0.229,0.235,6.23,0,26,0,233.6,359.0,359.2,36.4,0.00,0,0.0,0.1
8.70,climb,336.76,13.24,0.230,1,2398.8,-3263.7,-1478.3,5029.2,-0.18,0.18,39,35,-1,0.0,0.0,-0.2,-0.7,-0.01,-0.00,0.00,0.00,0.00,0.00,-0.25,-0.03,99,-1,0,23,21.6,0.07,0.230,0.234,5.95,0,26,0,233.6,359.0,359.2,36.4,0.00,0,-0.1,-0.2
8.80,climb,337.32,12.68,0.231,1,2398.8,-3263.7,-1478.3,5029.2,-0.18,0.18,39,43,-1,0.0,0.0,-0.2,-0.7,-0.01,-0.00,0.00,0.00,0.00,0.00,-0.25,-0.03,99,-1,0,22,23.4,0.01,0.231,0.235,5.67,0,26,0,226.2,359.1,359.1,43.8,0.00,0,-0.2,-0.4
8.90,climb,337.85,12.15,0.233,1,2398.8,-3263.7,-1478.3,5029.2,-0.18,0.18,40,43,-1,0.0,0.0,-0.2,-0.6,-0.00,-0.00,0.00,0.00,0.00,0.00,-0.25,-0.02,99,-1,0,22,23.4,-0.03,0.233,0.235,5.39,0,26,0,226.2,359.1,359.1,43.8,0.00,0,-0.2,-0.4
9.00,climb,338.36,11.64,0.235,1,2398.8,-3263.6,-1478.3,5029.1,-0.18,0.18,40,43,-1,0.0,0.0,-0.2,-0.6,0.00,-0.01,0.00,0.00,0.00,0.00,-0.25,-0.02,99,-1,0,21,25.4,-0.07,0.236,0.239,5.11,0,26,0,226.2,359.1,359.1,43.8,0.00,0,-0.4,-0.9
9.10,climb,338.83,11.17,0.239,1,2398.7,-3263.6,-1478.3,5029.1,-0.18,0.18,41,43,-1,0.0,0.0,-0.2,-0.5,0.01,-0.01,0.00,0.00,0.00,0.00,-0.25,-0.02,99,-1,0,21,25.7,-0.09,0.239,0.244,4.84,0,26,0,226.2,359.1,359.1,43.8,0.00,0,-0.5,-1.0
9.20,climb,339.28,10.72,0.242,1,2398.7,-3263.6,-1478.2,5029.1,-0.18,0.18,42,53,-1,0.0,0.0,-0.3,-0.4,0.01,-0.01,0.00,0.00,0.00,0.00,-0.25,-0.01,99,-1,0,19,25.7,-0.13,0.242,0.250,4.58,0,26,0,216.3,359.4,359.2,53.7,0.00,0,-0.5,-1.0
9.30,climb,339.70,10.30,0.247,1,2398.7,-3263.6,-1478.2,5029.1,-0.18,0.18,44,53,-1,0.0,0.0,-0.3,-0.3,0.01,-0.01,0.00,0.00,0.00,0.00,-0.25,-0.00,99,-1,0,17,25.4,-0.17,0.247,0.255,4.31,0,26,0,216.3,359.4,359.2,53.7,0.00,0,-0.5,-0.9
9.40,climb,340.10,9.90,0.252,1,2398.7,-3263.6,-1478.2,5029.1,-0.18,0.18,45,53,-1,0.0,0.0,-0.4,-0.2,0.01,-0.01,0.00,0.00,0.00,0.00,-0.25,0.00,99,-1,0,16,24.5,-0.19,0.252,0.260,4.05,0,26,0,216.3,359.4,359.2,53.7,0.00,0,-0.6,-0.9
9.50,cruise,340.47,9.53,0.307,1,2398.7,-3263.5,-1478.2,5029.1,-0.18,0.18,46,53,-1,4.0,4.0,-0.4,-0.2,-0.04,-0.07,0.00,0.00,0.00,0.00,-0.25,0.01,99,-1,0,15,23.2,-0.19,0.308,0.343,3.79,0,26,0,216.3,359.4,359.2,53.7,0.00,0,-0.6,-0.8
9.60,cruise,340.82,9.18,0.314,1,2398.7,-3263.5,-1478.2,5029.0,-0.18,0.18,49,63,-1,8.0,8.0,-0.5,-0.1,-0.09,-0.12,0.00,0.00,0.00,0.00,-0.25,0.02,99,-1,0,-2,23.2,-0.51,0.319,0.387,3.53,0,26,0,206.5,359.7,359.3,63.5,0.00,1,-0.6,-0.8
9.70,cruise,341.16,8.84,0.313,1,2398.6,-3263.5,-1478.2,5029.0,-0.18,0.00,51,63,-1,12.0,12.0,-0.5,0.0,-0.13,-0.17,0.00,0.00,0.00,0.00,-0.25,0.03,99,-1,0,-4,19.0,-0.51,0.319,0.412,3.41,0,26,0,204.4,359.8,359.6,65.6,0.00,1,0.6,-2.4
9.80,cruise,341.50,8.50,0.302,1,2398.6,-3263.5,-1478.1,5029.0,-0.18,0.00,53,63,-1,16.0,16.0,-0.4,0.3,-0.15,-0.20,0.00,0.00,0.00,0.00,-0.14,-0.11,99,-1,0,-6,19.0,-0.50,0.307,0.412,3.49,0,26,0,202.6,0.1,0.3,67.4,0.00,1,0.6,-2.4
9.90,cruise,341.85,8.15,0.292,1,2398.6,-3263.5,-1478.1,5029.0,-0.18,0.00,54,63,-1,20.0,20.0,-0.1,0.9,-0.14,-0.20,0.00,0.00,0.00,0.00,-0.14,-0.10,99,-1,0,-7,15.3,-0.45,0.296,0.395,3.54,0,26,0,201.1,0.8,2.2,68.9,0.00,1,2.6,-4.9
10.00,cruise,342.20,7.80,0.279,1,2398.6,-3263.5,-1478.1,5029.0,0.00,-0.18,56,69,-1,24.0,24.0,0.5,1.8,-0.10,-0.19,0.00,0.00,0.00,0.00,0.00,0.00,99,-1,0,-8,5.5,-0.38,0.281,0.362,3.64,0,26,0,200.2,2.0,5.4,69.8,0.00,1,8.5,-12.3
10.10,cruise,342.54,7.46,0.269,1,2398.6,-3263.5,-1478.1,5029.0,0.00,-0.18,58,69,-1,28.0,28.0,1.4,3.1,-0.04,-0.16,0.00,0.00,0.00,0.00,0.09,-0.15,99,-1,0,-9,5.5,-0.29,0.270,0.325,3.68,0,26,0,199.8,3.7,10.1,70.3,0.00,1,8.5,-12.3
10.20,cruise,342.87,7.13,0.264,1,2398.6,-3263.6,-1478.1,5029.1,0.00,-0.18,60,69,-1,32.0,32.0,2.7,4.8,-0.00,-0.10,0.00,0.00,0.00,0.00,0.09,-0.15,99,-1,0,-9,1.1,-0.20,0.264,0.292,3.63,0,26,0,199.7,5.8,15.7,70.3,0.00,1,12.0,-15.7
10.30,cruise,343.18,6.82,0.261,1,2398.6,-3263.6,-1478.1,5029.1,0.18,-0.18,61,69,-1,33.4,33.8,4.4,6.6,0.04,-0.01,0.00,0.00,0.00,0.00,0.08,-0.15,99,-1,0,-9,-6.5,-0.11,0.261,0.273,3.56,0,26,0,200.0,8.2,21.5,70.1,0.00,1,18.8,-19.1
10.40,cruise,343.47,6.53,0.261,1,2398.6,-3263.6,-1478.1,5029.1,0.18,0.00,62,68,-1,33.8,33.9,6.5,8.5,0.07,0.08,0.02,0.00,0.00,0.00,0.24,-0.07,99,-1,0,-8,-9.2,-0.04,0.261,0.301,3.44,0,26,0,200.5,10.8,27.1,69.7,0.00,1,21.2,-19.4
10.50,cruise,343.75,6.25,0.262,1,2398.6,-3263.6,-1478.1,5029.1,0.18,0.00,64,68,-1,34.3,34.0,8.9,10.3,0.06,0.15,0.12,0.00,0.00,0.00,0.16,0.08,99,-1,0,-8,-9.2,0.03,0.262,0.318,3.32,0,26,0,201.2,13.6,32.0,69.0,0.00,1,21.2,-19.4
10.60,cruise,344.01,5.99,0.267,1,2398.7,-3263.6,-1478.2,5029.1,0.00,0.35,65,68,-1,34.8,34.0,11.4,12.1,0.04,0.18,0.21,0.00,0.00,0.00,0.08,0.23,99,-1,0,-7,-12.0,0.08,0.267,0.326,3.16,0,26,0,202.0,16.4,36.1,68.4,0.00,1,21.6,-18.3
10.70,cruise,344.25,5.75,0.274,1,2398.7,-3263.5,-1478.2,5029.1,-0.09,0.70,66,68,-1,35.3,33.9,13.8,13.7,0.03,0.17,0.30,0.00,0.00,0.00,-0.14,0.32,99,-1,0,-6,-12.4,0.11,0.275,0.329,2.97,0,26,0,202.9,19.2,39.5,67.6,0.00,1,19.7,-17.9
10.80,cruise,344.47,5.53,0.282,1,2398.6,-3263.4,-1478.2,5029.0,-0.26,1.05,66,65,-1,35.8,33.9,16.2,15.3,0.02,0.14,0.39,0.00,0.00,0.00,-0.36,0.61,99,-1,0,-5,-12.2,0.14,0.282,0.327,2.81,0,26,0,203.8,21.9,42.4,66.9,0.00,1,17.2,-17.5
10.90,cruise,344.67,5.33,0.292,1,2398.6,-3263.4,-1478.1,5028.9,-0.26,1.05,67,65,-1,36.3,33.8,18.3,16.8,0.01,0.10,0.47,0.00,0.00,0.00,-0.66,0.87,99,-1,0,-5,-12.2,0.15,0.292,0.324,2.62,0,26,0,204.7,24.4,44.7,66.1,0.00,1,17.2,-17.5
11.00,cruise,344.86,5.14,0.303,1,2398.5,-3263.1,-1478.1,5028.8,-0.70,1.93,67,65,-1,36.7,33.8,20.1,18.3,0.01,0.05,0.54,0.00,0.00,0.00,-0.98,1.21,99,-1,0,-4,-10.6,0.15,0.304,0.321,2.40,0,26,0,205.6,26.9,46.6,65.4,0.00,1,11.3,-16.7
11.10,cruise,345.02,4.98,0.317,1,2398.5,-3262.9,-1478.0,5028.6,-0.88,2.37,68,65,-1,37.1,33.8,21.7,19.7,0.01,0.00,0.61,0.00,0.00,0.00,-1.37,1.53,99,-1,0,-3,-9.3,0.14,0.317,0.320,2.17,0,26,0,206.5,29.1,48.2,64.8,0.00,1,8.7,-16.3
11.20,cruise,345.17,4.83,0.329,1,2398.3,-3262.6,-1478.0,5028.4,-1.05,2.90,68,62,-1,37.4,33.9,23.0,21.2,0.01,-0.04,0.66,0.00,0.00,0.00,-1.69,1.88,99,-1,0,-3,-7.5,0.13,0.329,0.345,1.98,0,26,0,207.4,31.3,49.5,64.2,0.00,1,7.1,-16.0
11.30,cruise,345.30,4.70,0.339,1,2398.2,-3262.2,-1477.8,5028.1,-1.23,3.60,69,62,-1,37.7,33.9,24.1,22.6,0.02,-0.06,0.71,0.00,0.00,0.00,-2.04,2.31,99,-1,0,-2,-5.4,0.10,0.339,0.367,1.85,0,26,0,208.2,33.3,50.8,63.8,0.00,1,6.3,-15.6
11.40,cruise,345.43,4.57,0.347,1,2398.2,-3262.2,-1477.7,5027.7,-1.23,3.60,69,62,-1,38.0,34.0,25.2,24.1,0.04,-0.07,0.77,0.00,0.00,0.00,-2.45,2.92,99,-1,0,-2,-5.4,0.06,0.347,0.384,1.76,0,26,0,208.8,35.2,52.1,63.6,0.00,1,6.3,-15.6
11.50,cruise,345.56,4.44,0.352,1,2398.1,-3261.8,-1477.6,5027.3,-1.41,4.13,69,62,-1,38.3,34.1,26.3,25.6,0.05,-0.06,0.82,0.00,0.00,0.00,-2.77,3.37,99,-1,0,-2,-3.4,0.02,0.352,0.393,1.74,0,26,0,209.1,37.0,53.5,63.6,0.00,1,6.8,-15.0
11.60,cruise,345.68,4.32,0.358,1,2397.8,-3260.8,-1477.4,5026.9,-1.76,5.71,70,60,-1,38.6,34.2,27.4,27.0,0.06,-0.06,0.87,0.00,0.00,0.00,-3.17,3.98,99,-1,0,-2,-0.2,-0.02,0.358,0.401,1.72,0,26,0,209.3,38.7,55.0,63.8,0.00,1,8.2,-12.8
11.70,cruise,345.81,4.19,0.363,1,2397.6,-3260.2,-1477.3,5026.3,-1.93,6.42,70,60,-1,39.0,34.3,28.5,28.5,0.06,-0.05,0.92,0.00,0.00,0.00,-3.61,4.76,99,-1,0,-3,0.7,-0.05,0.363,0.405,1.72,0,26,0,209.2,40.2,56.6,64.3,0.00,1,9.5,-10.9
11.80,cruise,345.94,4.06,0.368,1,2397.4,-3259.5,-1477.1,5025.7,-1.93,7.29,70,60,-1,39.3,34.3,29.7,29.8,0.06,-0.04,0.96,0.00,0.00,0.00,-3.97,5.40,99,-1,0,-4,1.4,-0.09,0.368,0.403,1.73,0,26,0,208.8,41.5,58.2,64.9,0.00,1,11.3,-8.5
11.90,cruise,346.07,3.93,0.372,1,2397.2,-3258.7,-1476.9,5025.0,-2.11,8.17,71,60,-1,39.7,34.3,31.0,30.9,0.05,-0.02,1.00,0.00,0.00,0.00,-4.19,6.27,99,-1,0,-4,1.8,-0.12,0.373,0.397,1.75,0,26,0,208.1,42.6,59.9,65.7,0.00,1,13.3,-6.0
12.00,cruise,346.21,3.79,0.378,1,2397.2,-3258.7,-1476.7,5024.2,-2.11,8.17,72,62,-1,40.2,34.3,32.4,31.9,0.04,0.01,1.00,0.00,0.00,0.00,-4.50,7.14,99,-1,0,-5,1.8,-0.14,0.379,0.396,1.75,0,26,0,207.1,43.5,61.7,66.7,0.00,1,13.3,-6.0
12.10,cruise,346.34,3.66,0.386,1,2396.9,-3257.8,-1476.4,5023.3,-2.29,9.05,74,62,-1,40.6,34.2,34.0,32.8,0.03,0.03,1.00,0.00,0.00,0.00,-4.76,8.03,99,-1,0,-6,1.6,-0.16,0.387,0.410,1.73,0,26,0,206.0,44.2,63.4,67.7,0.00,1,14.7,-4.2
12.20,cruise,346.47,3.53,0.395,1,2396.4,-3255.8,-1476.2,5022.3,-2.64,10.81,75,62,-1,41.1,34.1,35.6,33.7,0.03,0.04,1.00,0.00,0.00,0.00,-4.97,8.94,99,-1,0,-7,-0.4,-0.16,0.396,0.425,1.69,0,26,0,204.8,44.9,65.1,68.8,0.00,1,15.1,-2.1
12.30,cruise,346.61,3.39,0.405,1,2396.4,-3255.8,-1475.9,5021.3,-2.64,10.81,76,62,-1,41.6,33.9,37.1,34.3,0.02,0.05,1.00,0.00,0.00,0.00,-5.14,9.87,99,-1,0,-8,-0.4,-0.16,0.406,0.434,1.63,0,26,0,203.7,45.4,66.6,69.7,0.00,1,15.1,-2.1
12.40,cruise,346.74,3.26,0.413,1,2396.2,-3254.6,-1475.7,5020.1,-2.99,11.78,78,66,-1,42.1,33.7,38.6,34.7,-0.00,0.05,1.00,0.00,0.00,0.00,-5.30,10.94,99,-1,0,-9,-1.9,-0.14,0.414,0.435,1.60,0,26,0,202.8,45.8,67.8,70.4,0.00,1,14.0,-0.9
12.50,cruise,346.88,3.12,0.420,1,2395.5,-3252.0,-1475.3,5018.9,-3.69,13.80,80,66,-1,42.7,33.6,39.9,34.9,-0.02,0.04,1.00,0.00,0.00,0.00,-5.42,12.10,99,-1,0,-9,-6.1,-0.11,0.420,0.447,1.56,0,26,0,202.2,46.1,68.6,70.7,0.00,1,9.9,0.6
12.60,cruise,347.02,2.98,0.450,1,2395.5,-3252.0,-1475.0,5017.5,-3.69,13.80,82,66,-1,43.2,33.5,41.1,34.8,-0.05,0.03,1.00,0.00,0.00,0.00,-5.50,13.18,99,-1,0,-9,-6.1,-0.06,0.450,0.484,1.51,0,26,0,202.0,46.4,68.9,70.7,0.00,1,9.9,0.6
12.70,cruise,347.16,2.84,0.480,1,2394.6,-3249.0,-1474.6,5016.0,-4.57,15.91,84,66,-1,43.7,33.3,42.2,34.6,-0.06,0.02,1.00,0.00,0.00,0.00,-5.64,14.35,99,-1,0,-9,-10.6,-0.01,0.480,0.520,1.46,0,26,0,202.2,46.6,68.9,70.3,0.00,1,6.1,0.0
12.80,cruise,347.31,2.69,0.510,1,2394.6,-3249.0,-1474.1,5014.5,-4.57,15.91,86,66,-1,44.2,33.2,43.1,34.1,-0.07,0.02,1.00,0.00,0.00,0.00,-5.77,15.51,99,-1,0,-8,-10.6,0.05,0.510,0.555,1.47,0,26,0,202.8,47.0,68.6,69.6,0.00,1,6.1,0.0
12.90,cruise,347.47,2.53,0.540,1,2393.6,-3245.5,-1473.6,5012.8,-5.54,18.28,87,66,-1,44.7,33.1,44.1,33.6,-0.07,0.02,1.00,0.00,0.00,0.00,-5.90,16.76,99,-1,0,-7,-13.8,0.11,0.540,0.589,1.55,0,26,0,203.8,47.5,68.0,68.5,0.00,1,3.3,-3.5
13.00,cruise,347.64,2.36,0.570,1,2393.6,-3245.5,-1473.1,5011.0,-5.54,18.28,88,66,-1,45.2,33.1,45.0,33.2,-0.06,0.02,1.00,0.00,0.00,0.00,-6.10,18.10,99,-1,0,-6,-13.8,0.16,0.571,0.618,1.72,0,26,0,205.1,48.3,67.4,67.2,0.00,1,3.3,-3.5
13.10,cruise,347.84,2.16,0.600,1,2392.3,-3241.5,-1472.5,5009.1,-6.94,21.09,89,66,-1,45.8,33.1,45.8,33.0,-0.05,0.02,1.00,0.00,0.00,0.00,-6.46,19.61,99,-1,0,-4,-13.5,0.20,0.601,0.641,1.98,0,26,0,206.7,49.4,66.7,65.7,0.00,1,0.3,-9.5
13.20,cruise,348.07,1.93,0.600,1,2391.6,-3239.3,-1471.8,5007.0,-7.47,22.50,90,60,-1,46.3,33.3,46.6,33.1,-0.03,0.01,1.00,0.00,0.00,0.00,-7.12,21.03,99,-1,0,-3,-11.3,0.21,0.602,0.627,2.30,0,26,0,208.5,50.8,66.1,64.3,0.00,1,-1.2,-12.8
13.30,cruise,348.34,1.66,0.600,1,2391.6,-3239.3,-1471.1,5004.8,-7.47,22.50,90,60,-1,46.9,33.5,47.2,33.6,-0.01,0.00,1.00,0.00,0.00,0.00,-7.54,22.48,99,-1,0,-2,-11.3,0.19,0.601,0.608,2.70,0,26,0,210.4,52.4,65.7,63.0,0.00,1,-1.2,-12.8
13.40,cruise,348.63,1.37,0.600,1,2390.8,-3236.9,-1470.3,5002.4,-8.17,24.08,90,60,-1,47.5,33.9,47.8,34.6,0.02,-0.00,1.00,0.00,0.00,0.00,-8.06,24.12,99,-1,0,-1,-8.0,0.15,0.601,0.617,3.14,0,26,0,212.3,54.2,65.5,62.1,0.00,1,-1.7,-15.9
13.50,cruise,348.96,1.04,0.600,1,2389.9,-3234.4,-1469.4,4999.9,-8.70,25.66,91,60,-1,48.0,34.5,48.3,36.2,0.06,-0.01,1.00,0.00,0.00,0.00,-8.29,25.80,99,-1,0,-0,-3.9,0.07,0.600,0.640,3.55,0,26,0,214.1,56.2,65.6,61.6,0.00,1,-2.1,-18.5
13.60,cruise,349.31,0.69,0.600,1,2388.1,-3228.8,-1468.5,4997.2,-9.49,29.09,91,53,-1,48.6,35.2,48.7,38.1,0.08,-0.02,1.00,0.00,0.00,0.00,-8.90,27.41,99,-1,0,-0,4.3,-0.01,0.600,0.662,3.92,0,26,0,215.6,58.0,65.9,61.6,0.00,1,-3.0,-18.4
13.70,cruise,349.70,0.30,0.500,1,2387.1,-3225.8,-1467.6,4994.3,-9.76,30.76,90,53,-1,49.1,36.1,49.0,40.1,0.11,-0.04,1.00,0.00,0.00,0.00,-9.29,29.16,99,-1,0,-0,6.7,-0.09,0.500,0.579,4.24,0,26,0,216.9,59.6,66.2,61.8,0.00,1,-3.4,-16.3
13.80,cruise,350.12,-0.12,0.400,1,2387.1,-3225.8,-1466.6,4991.3,-9.76,30.76,91,53,-1,49.6,37.1,49.0,41.9,0.14,-0.08,1.00,0.00,0.00,0.00,-9.46,30.85,99,-1,0,-1,6.7,-0.15,0.401,0.491,4.51,0,26,0,217.9,60.9,66.6,62.2,0.00,1,-3.4,-16.3
13.90,cruise,350.55,-0.55,0.300,1,2385.1,-3219.3,-1465.6,4988.1,-10.02,33.66,91,53,-1,50.1,38.2,48.9,43.4,0.17,-0.15,1.00,0.00,0.00,0.00,-9.38,32.48,99,-1,0,-1,7.9,-0.19,0.301,0.394,4.66,0,26,0,218.6,61.7,66.8,62.7,0.00,1,-3.1,-9.2
14.00,cruise,350.97,-0.97,0.266,1,2384.1,-3215.8,-1464.6,4984.8,-9.84,34.54,90,50,-1,50.5,39.2,48.7,44.6,0.14,-0.19,1.00,0.00,0.00,0.00,-9.78,33.73,99,-1,0,-2,7.0,-0.19,0.267,0.354,4.54,0,26,0,218.9,62.3,67.0,63.1,0.00,1,-1.3,-5.4
14.10,cruise,351.36,-1.36,0.281,1,2384.1,-3215.8,-1463.6,4981.3,-9.84,34.54,90,50,-1,50.9,40.1,48.6,45.4,0.10,-0.18,1.00,0.00,0.00,0.00,-9.78,34.56,99,-1,0,-2,7.0,-0.19,0.281,0.358,4.18,0,26,0,218.7,62.5,67.3,63.7,0.00,1,-1.3,-5.4
14.20,cruise,351.69,-1.69,0.306,1,2382.2,-3208.8,-1462.6,4977.8,-9.67,35.77,90,50,-1,51.3,40.7,48.6,46.0,0.07,-0.14,1.00,0.00,0.00,0.00,-9.88,35.23,99,-1,0,-3,4.9,-0.18,0.306,0.371,3.65,0,26,0,218.0,62.5,67.9,64.4,0.00,1,5.1,0.1
14.30,cruise,351.97,-1.97,0.335,1,2381.2,-3205.1,-1461.7,4974.3,-9.67,36.30,90,50,-1,51.6,41.0,49.0,46.5,0.06,-0.09,1.00,0.00,0.00,0.00,-9.70,35.76,99,-1,0,-4,3.4,-0.18,0.336,0.386,3.10,0,26,0,216.8,62.4,68.7,65.3,0.00,1,8.7,2.6
14.40,cruise,352.21,-2.21,0.366,1,2381.2,-3205.1,-1460.7,4970.6,-9.67,36.30,91,54,-1,52.1,41.2,49.6,46.9,0.04,-0.05,1.00,0.00,0.00,0.00,-9.01,36.47,99,-1,0,-5,3.4,-0.17,0.367,0.400,2.60,0,26,0,215.0,62.2,69.7,66.5,0.00,1,8.7,2.6
14.50,cruise,352.40,-2.40,0.398,1,2380.3,-3201.5,-1459.8,4967.0,-9.49,37.00,92,54,-1,52.5,41.1,50.6,47.2,0.03,-0.01,1.00,0.00,0.00,0.00,-8.06,37.34,99,-1,0,-6,1.4,-0.16,0.399,0.415,2.15,0,26,0,212.8,61.8,70.9,67.8,0.00,1,12.1,4.9
14.60,cruise,352.55,-2.55,0.423,1,2378.4,-3193.8,-1458.8,4963.2,-9.49,38.76,93,54,-1,53.0,40.8,51.8,47.4,0.02,0.02,1.00,0.00,0.00,0.00,-7.17,38.39,99,-1,0,-8,-3.9,-0.13,0.424,0.443,1.77,0,26,0,210.4,61.4,72.2,69.1,0.00,1,16.2,8.3
14.70,cruise,352.68,-2.68,0.430,1,2377.4,-3189.9,-1457.9,4959.3,-9.67,39.90,95,54,-1,53.6,40.4,53.2,47.3,0.00,0.05,1.00,0.00,0.00,0.00,-6.17,39.43,99,-1,0,-9,-6.8,-0.10,0.431,0.453,1.44,0,26,0,207.9,60.8,73.5,70.3,0.00,1,17.3,10.3
14.80,cruise,352.79,-2.79,0.436,1,2376.4,-3185.8,-1456.9,4955.4,-9.84,40.96,98,64,-1,54.2,39.7,54.7,46.9,-0.01,0.07,1.00,0.00,0.00,0.00,-4.19,40.84,99,-1,0,-10,-9.5,-0.06,0.436,0.473,1.17,0,26,0,205.4,60.1,74.7,71.3,0.00,1,17.6,11.4
14.90,cruise,352.88,-2.88,0.442,1,2376.4,-3185.8,-1455.9,4951.3,-9.84,40.96,100,64,-1,54.8,38.9,56.2,46.3,-0.03,0.09,1.00,0.00,0.00,0.00,-2.31,42.06,99,-1,0,-11,-9.5,-0.03,0.442,0.493,0.92,0,26,0,203.2,59.4,75.7,72.1,0.00,1,17.6,11.4
15.00,cruise,352.94,-2.94,0.450,1,2374.4,-3177.3,-1454.9,4947.1,-10.55,43.24,103,64,-1,55.4,37.9,57.7,45.5,-0.04,0.10,1.00,0.00,0.00,0.00,-0.71,43.31,99,-1,0,-11,-13.8,0.01,0.450,0.512,0.64,0,26,0,201.5,58.6,76.5,72.6,0.00,1,14.4,10.9
15.10,cruise,352.98,-2.98,0.460,1,2374.4,-3177.3,-1453.9,4942.8,-10.55,43.24,105,64,-1,55.9,36.9,58.9,44.4,-0.05,0.09,1.00,0.00,0.00,0.00,0.72,44.50,99,-1,0,-11,-13.8,0.05,0.460,0.527,0.34,0,26,0,200.4,57.9,76.9,72.5,0.00,1,14.4,10.9
15.20,cruise,352.99,-2.99,0.472,1,2372.1,-3168.4,-1452.8,4938.4,-11.60,45.44,107,69,-1,56.4,36.0,59.9,42.9,-0.07,0.07,1.00,0.00,0.00,0.00,2.18,45.69,99,-1,0,-11,-15.7,0.09,0.472,0.539,0.05,0,26,0,200.0,57.3,76.9,71.9,0.00,1,7.7,8.7
15.30,cruise,352.98,-2.98,0.485,1,2372.1,-3168.4,-1451.6,4933.9,-11.60,45.44,108,69,-1,56.7,35.2,60.6,41.2,-0.08,0.05,1.00,0.00,0.00,0.00,3.27,46.78,99,-1,0,-9,-15.7,0.13,0.485,0.547,-0.26,0,26,0,200.2,56.8,76.5,70.7,0.00,1,7.7,8.7
15.40,cruise,352.94,-2.94,0.498,1,2370.9,-3163.8,-1450.4,4929.3,-12.22,46.58,109,69,-1,57.0,34.7,61.0,39.2,-0.09,0.02,1.00,0.00,0.00,0.00,3.95,48.00,99,-1,0,-8,-15.6,0.16,0.499,0.552,-0.54,0,26,0,201.1,56.5,75.7,69.0,0.00,1,3.9,6.6
15.50,cruise,352.89,-2.89,0.509,1,2369.6,-3159.0,-1449.1,4924.5,-12.92,47.81,110,69,-1,57.2,34.3,61.1,37.3,-0.09,-0.01,1.00,0.00,0.00,0.00,4.23,49.35,99,-1,0,-6,-14.8,0.18,0.510,0.561,-0.77,0,26,0,202.5,56.5,74.7,67.0,0.00,1,0.2,3.6
15.60,cruise,352.81,-2.81,0.520,1,2368.3,-3154.1,-1447.8,4919.6,-13.62,49.04,110,65,-1,57.4,34.2,61.1,35.6,-0.08,-0.02,1.00,0.00,0.00,0.00,3.88,50.75,99,-1,0,-3,-13.4,0.20,0.521,0.575,-0.96,0,26,0,204.2,56.9,73.7,64.9,0.00,1,-2.4,-0.1
15.70,cruise,352.71,-2.71,0.530,1,2365.4,-3144.0,-1446.4,4914.7,-15.03,51.50,110,65,-1,57.5,34.1,61.1,34.6,-0.06,-0.02,1.00,0.00,0.00,0.00,3.36,52.08,99,-1,0,-2,-8.2,0.19,0.531,0.576,-1.12,0,26,0,206.0,57.5,72.8,63.0,0.00,1,-3.9,-7.6
15.80,cruise,352.59,-2.59,0.538,1,2363.8,-3138.8,-1444.9,4909.5,-15.73,52.73,109,65,-1,57.6,34.2,61.1,34.1,-0.04,-0.03,1.00,0.00,0.00,0.00,2.87,53.58,99,-1,0,-0,-4.8,0.16,0.539,0.574,-1.22,0,26,0,207.8,58.5,72.1,61.4,0.00,1,-4.5,-10.7
15.90,cruise,352.46,-2.46,0.545,1,2363.8,-3138.8,-1443.3,4904.3,-15.73,52.73,109,65,-1,57.6,34.3,61.0,34.4,-0.01,-0.03,1.00,0.00,0.00,0.00,2.40,54.98,99,-1,0,1,-4.8,0.11,0.545,0.568,-1.30,0,26,0,209.6,59.7,71.6,60.4,0.00,1,-4.5,-10.7
16.00,cruise,352.31,-2.31,0.552,1,2362.2,-3133.4,-1441.7,4898.9,-16.44,53.96,108,58,-1,57.6,34.6,60.9,35.4,0.01,-0.03,1.00,0.00,0.00,0.00,1.34,56.40,99,-1,0,2,-1.2,0.05,0.552,0.573,-1.36,0,26,0,211.3,61.0,71.4,59.9,0.00,1,-4.8,-13.7
16.10,cruise,352.15,-2.15,0.559,1,2358.8,-3122.3,-1440.0,4893.4,-17.49,56.78,108,58,-1,57.6,34.9,61.0,37.0,0.04,-0.02,1.00,0.00,0.00,0.00,0.83,57.91,99,-1,0,2,4.6,-0.01,0.559,0.590,-1.40,0,26,0,213.1,62.6,71.3,59.8,0.00,1,-3.7,-17.4
16.20,cruise,351.97,-1.97,0.565,1,2358.8,-3122.3,-1438.3,4887.8,-17.49,56.78,108,58,-1,57.6,35.3,61.1,39.0,0.06,-0.00,1.00,0.00,0.00,0.00,0.70,59.41,99,-1,0,1,4.6,-0.07,0.565,0.603,-1.42,0,26,0,214.6,64.1,71.5,60.1,0.00,1,-3.7,-17.4
16.30,cruise,351.79,-1.79,0.573,1,2357.0,-3116.5,-1436.5,4882.0,-17.84,58.18,108,58,-1,57.4,35.5,61.3,41.2,0.08,0.01,1.00,0.00,0.00,0.00,1.16,60.85,99,-1,0,1,6.6,-0.12,0.573,0.623,-1.45,0,26,0,216.0,65.6,71.8,60.7,0.00,1,-2.8,-17.3
16.40,cruise,351.60,-1.60,0.583,1,2353.4,-3104.5,-1434.7,4876.1,-18.46,61.00,108,52,-1,57.1,35.7,61.5,43.4,0.09,0.01,1.00,0.00,0.00,0.00,1.16,62.29,99,-1,0,-0,8.5,-0.16,0.584,0.641,-1.53,0,26,0,217.1,66.9,72.1,61.5,0.00,1,-1.8,-12.7
16.50,cruise,351.40,-1.40,0.594,1,2351.5,-3098.3,-1432.9,4870.0,-18.63,62.58,108,52,-1,56.8,35.9,61.6,45.2,0.08,0.01,1.00,0.00,0.00,0.00,1.61,63.71,99,-1,0,-1,7.5,-0.19,0.596,0.648,-1.62,0,26,0,217.9,67.8,72.4,62.3,0.00,1,-2.0,-8.7
16.60,cruise,351.20,-1.20,0.606,1,2351.5,-3098.3,-1431.0,4863.8,-18.63,62.58,109,52,-1,56.5,36.1,61.6,46.4,0.07,-0.00,1.00,0.00,0.00,0.00,2.38,65.25,99,-1,0,-1,7.5,-0.18,0.607,0.650,-1.72,0,26,0,218.5,68.4,72.5,62.9,0.00,1,-2.0,-8.7
16.70,cruise,351.01,-1.01,0.617,1,2349.6,-3091.9,-1429.1,4857.4,-18.72,64.25,109,52,-1,56.2,36.2,61.4,46.9,0.05,-0.01,1.00,0.00,0.00,0.00,3.29,66.84,99,-1,0,-2,5.1,-0.13,0.618,0.654,-1.80,0,26,0,219.0,68.6,72.4,63.0,0.00,1,-2.4,-4.9
16.80,cruise,350.83,-0.83,0.628,1,2347.8,-3085.4,-1427.3,4850.9,-18.81,65.92,109,50,-1,56.0,36.1,61.2,46.8,0.02,-0.02,1.00,0.00,0.00,0.00,3.66,68.45,99,-1,0,-1,1.9,-0.07,0.628,0.653,-1.86,0,26,0,219.3,68.6,72.2,62.8,0.00,1,-2.6,-1.6
16.90,cruise,350.65,-0.65,0.639,1,2344.0,-3071.8,-1425.4,4844.2,-19.07,69.17,109,50,-1,55.8,35.9,60.9,46.1,-0.00,-0.02,1.00,0.00,0.00,0.00,3.70,70.02,99,-1,0,-1,-5.6,0.02,0.639,0.654,-1.92,0,26,0,219.7,68.4,71.8,62.2,0.00,1,-2.7,4.4
17.00,cruise,350.49,-0.49,0.647,1,2344.0,-3071.8,-1423.5,4837.3,-19.07,69.17,108,50,-1,55.7,35.5,60.5,44.8,-0.03,-0.02,1.00,0.00,0.00,0.00,3.53,71.66,99,-1,0,0,-5.6,0.12,0.647,0.678,-1.93,0,26,0,220.2,68.1,71.3,61.2,0.00,1,-2.7,4.4
17.10,cruise,350.33,-0.33,0.651,1,2340.1,-3057.5,-1421.6,4830.2,-19.42,72.60,107,50,-1,55.6,35.0,60.2,43.1,-0.04,-0.02,1.00,0.00,0.00,0.00,3.00,73.32,99,-1,0,2,-10.6,0.21,0.653,0.695,-1.88,0,26,0,220.7,67.7,70.6,59.8,0.00,1,-2.3,6.9
17.20,cruise,350.20,-0.20,0.653,1,2340.1,-3057.5,-1419.6,4823.0,-19.42,72.60,106,48,-1,55.6,34.6,60.0,41.2,-0.05,-0.02,1.00,0.00,0.00,0.00,1.56,75.14,99,-1,0,3,-10.6,0.27,0.656,0.702,-1.78,0,26,0,221.2,67.3,69.9,58.3,0.00,1,-2.3,6.9
17.30,cruise,350.07,-0.07,0.651,1,2338.2,-3050.1,-1417.7,4815.6,-19.69,74.27,105,48,-1,55.5,34.1,59.8,39.4,-0.05,-0.01,1.00,0.00,0.00,0.00,-0.10,76.83,99,-1,0,5,-10.6,0.30,0.654,0.694,-1.60,0,26,0,221.8,67.0,69.3,56.8,0.00,1,-1.7,6.2
17.40,cruise,349.96,0.04,0.645,1,2334.2,-3034.8,-1415.7,4808.1,-20.21,77.70,103,48,-1,55.4,33.8,59.7,38.2,-0.04,-0.01,1.00,0.00,0.00,0.00,-1.83,78.58,99,-1,0,6,-4.2,0.28,0.648,0.677,-1.38,0,26,0,222.3,66.9,68.8,55.7,0.00,1,-0.9,2.3
17.50,cruise,349.87,0.13,0.637,1,2332.1,-3026.9,-1413.7,4800.3,-20.57,79.37,102,48,-1,55.3,33.6,59.6,37.6,-0.01,-0.00,1.00,0.00,0.00,0.00,-3.49,80.21,99,-1,0,6,1.6,0.21,0.639,0.650,-1.13,0,26,0,222.5,66.8,68.6,55.2,0.00,1,-0.2,0.2
17.60,cruise,349.78,0.22,0.628,1,2332.1,-3026.9,-1411.6,4792.4,-20.57,79.37,101,47,-1,55.2,33.6,59.6,38.0,0.02,0.00,1.00,0.00,0.00,0.00,-5.22,81.82,99,-1,0,6,1.6,0.08,0.628,0.641,-0.87,0,26,0,222.2,66.7,68.7,55.6,0.00,1,-0.2,0.2
17.70,cruise,349.70,0.30,0.620,1,2327.9,-3010.7,-1409.5,4784.4,-21.09,82.44,100,47,-1,55.1,33.8,59.5,39.2,0.05,0.00,1.00,0.00,0.00,0.00,-6.55,83.35,99,-1,0,4,13.2,-0.07,0.620,0.653,-0.63,0,26,0,221.4,66.6,69.1,56.9,0.00,1,0.9,-1.9
17.80,cruise,349.63,0.37,0.615,1,2325.8,-3002.3,-1407.4,4776.2,-21.36,84.02,99,47,-1,54.9,34.2,59.4,40.8,0.08,-0.00,1.00,0.00,0.00,0.00,-7.28,84.79,99,-1,0,3,16.8,-0.21,0.617,0.667,-0.47,0,26,0,220.0,66.3,69.8,58.8,0.00,1,0.9,-1.2
17.90,cruise,349.57,0.43,0.612,1,2325.8,-3002.3,-1405.3,4767.8,-21.36,84.02,99,47,-1,54.7,34.7,59.1,42.6,0.09,-0.02,1.00,0.00,0.00,0.00,-7.70,86.35,99,-1,0,0,16.8,-0.33,0.616,0.682,-0.36,0,26,0,218.3,65.9,70.6,61.0,0.00,1,0.9,-1.2
18.00,cruise,349.52,0.48,0.611,1,2323.6,-2993.8,-1403.1,4759.3,-21.62,85.43,100,53,-1,54.5,35.4,58.7,44.2,0.09,-0.03,1.00,0.00,0.00,0.00,-6.23,87.90,99,-1,0,-2,18.4,-0.40,0.617,0.689,-0.29,0,26,0,216.1,65.2,71.4,63.2,0.00,1,1.0,0.8
18.10,cruise,349.49,0.51,0.609,1,2319.3,-2976.4,-1401.0,4750.7,-21.97,88.24,101,53,-1,54.3,35.9,58.2,45.2,0.08,-0.03,1.00,0.00,0.00,0.00,-4.75,89.40,99,-1,0,-4,13.8,-0.43,0.616,0.684,-0.22,0,26,0,213.7,64.3,72.2,65.2,0.00,1,2.5,7.7
18.20,cruise,349.47,0.53,0.607,1,2319.3,-2976.4,-1398.8,4741.9,-21.97,88.24,102,53,-1,54.2,36.3,57.7,45.5,0.05,-0.03,1.00,0.00,0.00,0.00,-3.51,90.87,99,-1,0,-5,13.8,-0.38,0.612,0.663,-0.15,0,26,0,211.3,63.2,72.9,66.8,0.00,1,2.5,7.7
18.30,cruise,349.48,0.52,0.603,1,2314.8,-2958.4,-1396.6,4733.0,-22.41,91.05,102,53,-1,54.2,36.4,57.4,45.0,0.01,-0.02,1.00,0.00,0.00,0.00,-2.64,92.31,99,-1,0,-6,-0.7,-0.28,0.606,0.628,-0.06,0,26,0,209.1,61.9,73.4,67.8,0.00,1,5.3,14.9
18.40,cruise,349.51,0.49,0.598,1,2312.6,-2949.2,-1394.3,4723.9,-22.68,92.46,104,62,-1,54.3,36.0,57.3,43.7,-0.03,-0.00,1.00,0.00,0.00,0.00,-0.25,93.77,99,-1,0,-7,-9.6,-0.12,0.598,0.619,0.03,0,26,0,207.4,60.4,73.6,68.1,0.00,1,6.8,17.1
18.50,cruise,349.57,0.43,0.592,1,2310.3,-2939.8,-1392.1,4714.7,-23.12,93.69,105,62,-1,54.6,35.3,57.6,41.5,-0.07,0.03,1.00,0.00,0.00,0.00,1.37,95.19,99,-1,0,-6,-17.6,0.07,0.592,0.649,0.13,0,26,0,206.4,59.0,73.4,67.5,0.00,1,8.0,17.9
18.60,cruise,349.63,0.37,0.586,1,2307.9,-2930.4,-1389.8,4705.3,-23.64,94.83,105,62,-1,54.9,34.3,58.2,38.5,-0.11,0.06,1.00,0.00,0.00,0.00,1.96,96.48,99,-1,0,-5,-23.7,0.26,0.588,0.682,0.22,0,26,0,206.1,57.8,72.9,66.0,0.00,1,8.0,17.0
18.70,cruise,349.72,0.28,0.574,1,2307.9,-2930.4,-1387.4,4695.9,-23.64,94.83,105,62,-1,55.2,33.3,59.0,34.9,-0.14,0.08,1.00,0.00,0.00,0.00,1.60,97.72,99,-1,0,-2,-23.7,0.43,0.581,0.703,0.32,0,26,0,206.6,56.8,71.9,63.5,0.00,1,8.0,17.0
18.80,cruise,349.81,0.19,0.552,1,2305.5,-2920.8,-1385.0,4686.3,-24.17,95.98,104,61,-1,55.5,32.4,59.7,30.8,-0.15,0.09,1.00,0.00,0.00,0.00,0.36,98.97,99,-1,0,1,-26.8,0.56,0.563,0.696,0.42,0,26,0,207.6,56.2,70.7,60.2,0.00,1,7.0,14.6
18.90,cruise,349.90,0.10,0.532,1,2300.5,-2901.4,-1382.5,4676.6,-25.75,98.00,103,61,-1,55.7,31.8,60.2,26.9,-0.16,0.08,1.00,0.00,0.00,0.00,-1.78,100.15,99,-1,0,5,-21.8,0.60,0.544,0.669,0.51,0,26,0,209.1,56.0,69.4,56.6,0.00,1,2.0,4.5
19.00,cruise,349.98,0.02,0.518,1,2297.9,-2891.5,-1380.0,4666.9,-26.46,98.79,102,61,-1,55.9,31.6,60.5,23.8,-0.13,0.06,1.00,0.00,0.00,0.00,-4.59,101.22,99,-1,0,8,-14.3,0.60,0.530,0.631,0.53,0,26,0,210.8,56.3,68.3,53.2,0.00,1,-0.8,-1.8
19.10,cruise,350.05,-0.05,0.511,1,2295.2,-2881.6,-1377.4,4657.0,-27.16,99.58,101,61,-1,56.0,31.6,60.6,22.3,-0.09,0.03,1.00,0.00,0.00,0.00,-7.34,102.01,99,-1,0,10,-5.0,0.49,0.519,0.581,0.51,0,26,0,212.4,56.9,67.5,51.0,0.00,1,-3.4,-8.1
19.20,cruise,350.10,-0.10,0.509,1,2292.4,-2871.6,-1374.7,4647.1,-27.86,100.28,99,55,-1,56.0,31.8,60.4,22.6,-0.03,0.00,1.00,0.00,0.00,0.00,-10.97,102.63,99,-1,0,11,5.0,0.32,0.512,0.529,0.47,0,26,0,213.8,57.9,67.2,50.3,0.00,1,-5.5,-13.8
19.30,cruise,350.11,-0.11,0.514,1,2289.6,-2861.5,-1371.9,4637.1,-28.39,100.99,98,55,-1,55.9,32.2,60.0,24.8,0.04,-0.02,1.00,0.00,0.00,0.00,-13.78,103.17,99,-1,0,10,14.6,0.11,0.515,0.544,0.39,0,26,0,214.9,59.0,67.3,51.1,0.00,1,-7.0,-18.0
19.40,cruise,350.11,-0.11,0.528,1,2289.6,-2861.5,-1369.1,4627.0,-28.39,100.99,97,55,-1,55.8,32.7,59.4,28.5,0.10,-0.04,1.00,0.00,0.00,0.00,-15.36,103.77,99,-1,0,8,14.6,-0.13,0.528,0.601,0.28,0,26,0,215.5,60.3,67.8,53.2,0.00,1,-7.0,-18.0
19.50,cruise,350.07,-0.07,0.549,1,2283.8,-2841.1,-1366.2,4616.8,-29.27,102.57,97,55,-1,55.6,33.6,58.8,32.9,0.15,-0.05,1.00,0.00,0.00,0.00,-15.85,104.53,99,-1,0,5,28.4,-0.35,0.553,0.661,0.18,0,26,0,215.7,61.4,68.6,56.2,0.00,1,-7.6,-19.4
19.60,cruise,350.02,-0.02,0.573,1,2283.8,-2841.1,-1363.3,4606.6,-29.27,102.57,98,54,-1,55.3,34.8,58.1,37.4,0.17,-0.06,1.00,0.00,0.00,0.00,-15.60,105.52,99,-1,0,2,28.4,-0.53,0.583,0.715,0.13,0,26,0,215.3,62.3,69.6,59.5,0.00,1,-7.6,-19.4
19.70,cruise,349.98,0.02,0.575,1,2280.8,-2830.8,-1360.3,4596.3,-29.53,103.54,98,54,-1,54.9,36.1,57.3,41.3,0.18,-0.06,1.00,0.00,0.00,0.00,-14.53,106.68,99,-1,0,-1,30.9,-0.60,0.588,0.729,0.11,0,26,0,214.5,62.8,70.6,62.6,0.00,1,-6.8,-16.3
19.80,cruise,349.94,0.06,0.575,1,2274.9,-2809.8,-1357.4,4585.8,-29.71,105.64,99,54,-1,54.5,37.3,56.5,44.2,0.16,-0.06,1.00,0.00,0.00,0.00,-12.89,107.94,99,-1,0,-4,23.2,-0.60,0.588,0.718,0.12,0,26,0,213.2,63.0,71.5,65.2,0.00,1,-2.3,-4.7
19.90,cruise,349.93,0.07,0.574,1,2271.9,-2799.1,-1354.4,4575.3,-29.53,106.70,100,54,-1,54.2,38.3,55.8,46.0,0.12,-0.05,1.00,0.00,0.00,0.00,-11.22,109.17,99,-1,0,-6,14.5,-0.58,0.586,0.687,0.15,0,26,0,211.5,62.7,72.4,67.2,0.00,1,1.1,2.9
20.00,cruise,349.94,0.06,0.573,1,2271.9,-2799.1,-1351.4,4564.6,-29.53,106.70,101,59,-1,54.1,38.6,55.4,46.5,0.06,-0.04,1.00,0.00,0.00,0.00,-7.74,110.44,99,-1,0,-7,14.5,-0.43,0.579,0.636,0.16,0,26,0,209.6,61.9,73.1,68.6,0.00,1,1.1,2.9
20.10,cruise,349.98,0.02,0.570,1,2269.0,-2788.4,-1348.5,4553.9,-29.53,107.75,103,59,-1,54.2,38.5,55.3,45.7,-0.00,-0.01,1.00,0.00,0.00,0.00,-5.08,111.61,99,-1,0,-8,3.6,-0.23,0.571,0.578,0.20,0,26,0,207.9,60.8,73.5,69.2,0.00,1,4.8,10.3
20.20,cruise,350.04,-0.04,0.565,1,2263.0,-2766.6,-1345.5,4543.0,-29.71,109.86,104,59,-1,54.6,37.7,55.8,43.8,-0.07,0.03,1.00,0.00,0.00,0.00,-3.17,112.79,99,-1,0,-8,-19.2,0.02,0.565,0.622,0.26,0,26,0,206.5,59.4,73.6,69.0,0.00,1,10.3,19.8
20.30,cruise,350.12,-0.12,0.561,1,2263.0,-2766.6,-1342.5,4532.1,-29.71,109.86,104,59,-1,55.0,36.4,56.6,40.8,-0.13,0.07,1.00,0.00,0.00,0.00,-2.35,113.78,99,-1,0,-6,-19.2,0.26,0.563,0.672,0.28,0,26,0,206.0,58.0,73.1,67.6,0.00,1,10.3,19.8
20.40,cruise,350.21,-0.21,0.541,1,2260.1,-2755.5,-1339.6,4521.0,-29.97,110.83,104,63,-1,55.5,35.1,57.5,36.7,-0.18,0.09,1.00,0.00,0.00,0.00,-1.82,114.80,99,-1,0,-4,-27.5,0.48,0.548,0.694,0.32,0,26,0,206.3,56.7,72.0,65.1,0.00,1,10.3,21.1
20.50,cruise,350.31,-0.31,0.516,1,2253.9,-2733.1,-1336.5,4509.9,-31.03,112.50,104,63,-1,55.8,33.9,58.3,31.9,-0.21,0.10,1.00,0.00,0.00,0.00,-2.76,115.74,99,-1,0,0,-33.1,0.60,0.528,0.689,0.35,0,26,0,207.6,55.7,70.4,61.3,0.00,1,5.6,15.0
20.60,cruise,350.40,-0.40,0.494,1,2250.8,-2721.8,-1333.4,4498.6,-31.55,113.12,103,63,-1,56.1,33.1,58.9,26.8,-0.23,0.09,1.00,0.00,0.00,0.00,-5.06,116.59,99,-1,0,5,-29.4,0.60,0.505,0.663,0.36,0,26,0,209.4,55.3,68.6,56.8,0.00,1,2.1,8.7
20.70,cruise,350.48,-0.48,0.477,1,2250.8,-2721.8,-1330.3,4487.3,-31.55,113.12,102,63,-1,56.3,32.7,59.3,22.4,-0.21,0.06,1.00,0.00,0.00,0.00,-8.20,117.15,99,-1,0,9,-29.4,0.60,0.488,0.619,0.36,0,26,0,211.7,55.4,67.0,52.3,0.00,1,2.1,8.7
20.80,cruise,350.55,-0.55,0.467,1,2247.6,-2710.5,-1327.1,4476.0,-32.26,113.73,99,55,-1,56.4,32.7,59.3,19.4,-0.17,0.03,1.00,0.00,0.00,0.00,-13.63,117.43,99,-1,0,13,-22.2,0.60,0.478,0.570,0.31,0,26,0,213.9,56.0,65.7,48.7,0.00,1,-1.1,1.1
20.90,cruise,350.58,-0.58,0.465,1,2241.0,-2687.6,-1323.8,4464.6,-33.57,114.61,97,55,-1,56.4,32.8,59.2,18.5,-0.10,0.00,1.00,0.00,0.00,0.00,-18.67,117.36,99,-1,0,15,-3.6,0.56,0.474,0.522,0.22,0,26,0,216.1,57.3,64.9,46.5,0.00,1,-5.1,-15.4
21.00,cruise,350.58,-0.58,0.469,1,2237.6,-2676.1,-1320.5,4453.1,-34.10,115.05,95,55,-1,56.4,33.0,58.9,19.8,-0.01,-0.01,1.00,0.00,0.00,0.00,-22.73,117.24,99,-1,0,15,6.8,0.38,0.473,0.485,0.13,0,26,0,218.0,58.9,64.7,46.0,0.00,1,-6.1,-22.0
21.10,cruise,350.55,-0.55,0.482,1,2237.6,-2676.1,-1317.1,4441.6,-34.10,115.05,94,55,-1,56.3,33.3,58.6,23.1,0.07,-0.02,1.00,0.00,0.00,0.00,-25.43,117.27,99,-1,0,14,6.8,0.15,0.483,0.527,0.01,0,26,0,219.7,60.8,65.1,47.2,0.00,1,-6.1,-22.0
21.20,cruise,350.48,-0.48,0.506,1,2230.7,-2653.0,-1313.6,4430.1,-34.80,115.93,93,48,-1,56.1,33.8,58.2,27.9,0.15,-0.02,1.00,0.00,0.00,0.00,-28.69,116.99,99,-1,0,12,25.4,-0.10,0.506,0.592,-0.12,0,26,0,221.0,62.7,65.8,49.7,0.00,1,-6.9,-28.3
21.30,cruise,350.38,-0.38,0.540,1,2227.2,-2641.4,-1310.2,4418.5,-34.98,116.46,92,48,-1,55.8,34.7,57.8,33.5,0.20,-0.03,1.00,0.00,0.00,0.00,-30.08,117.24,99,-1,0,8,31.6,-0.34,0.544,0.666,-0.23,0,26,0,221.9,64.4,66.7,53.1,0.00,1,-7.4,-27.3
21.40,cruise,350.26,-0.26,0.581,1,2227.2,-2641.4,-1306.7,4406.9,-34.98,116.46,92,48,-1,55.3,35.9,57.3,38.9,0.22,-0.04,1.00,0.00,0.00,0.00,-30.01,117.83,99,-1,0,5,31.6,-0.54,0.591,0.741,-0.36,0,26,0,222.4,65.8,67.7,56.6,0.00,1,-7.4,-27.3
21.50,cruise,350.14,-0.14,0.589,1,2220.2,-2617.9,-1303.2,4395.2,-34.80,118.21,93,48,-1,54.8,37.4,56.5,43.5,0.22,-0.06,1.00,0.00,0.00,0.00,-28.85,118.99,99,-1,0,2,33.5,-0.60,0.602,0.766,-0.43,0,26,0,222.3,66.7,68.6,59.9,0.00,1,-6.7,-16.0
21.60,cruise,350.04,-0.04,0.593,1,2220.2,-2617.9,-1299.7,4383.4,-34.80,118.21,94,48,-1,54.2,38.9,55.5,46.8,0.19,-0.07,1.00,0.00,0.00,0.00,-27.40,120.14,99,-1,0,-1,33.5,-0.60,0.606,0.763,-0.44,0,26,0,221.5,66.9,69.4,62.5,0.00,1,-6.7,-16.0
21.70,cruise,349.96,0.04,0.593,1,2213.3,-2593.9,-1296.2,4371.4,-34.19,120.50,94,48,-1,53.7,40.0,54.4,48.7,0.14,-0.08,1.00,0.00,0.00,0.00,-26.05,121.49,99,-1,0,-3,19.4,-0.60,0.606,0.735,-0.39,0,26,0,219.8,66.5,70.1,64.6,0.00,1,-0.9,2.8
21.80,cruise,349.93,0.07,0.592,1,2209.9,-2581.8,-1292.8,4359.4,-33.84,121.64,94,48,-1,53.4,40.6,53.5,49.1,0.07,-0.07,1.00,0.00,0.00,0.00,-25.14,122.71,99,-1,0,-5,8.5,-0.48,0.601,0.683,-0.34,0,26,0,217.6,65.5,70.7,66.1,0.00,1,3.3,11.9
21.90,cruise,349.93,0.07,0.589,1,2206.5,-2569.5,-1289.4,4347.3,-33.57,122.78,94,48,-1,53.4,40.6,52.9,48.4,-0.00,-0.05,1.00,0.00,0.00,0.00,-24.84,123.79,99,-1,0,-6,-3.6,-0.28,0.591,0.621,-0.26,0,26,0,215.0,64.0,71.2,67.0,0.00,1,7.6,19.2
22.00,cruise,349.96,0.04,0.583,1,2206.5,-2569.5,-1286.0,4335.0,-33.57,122.78,96,56,-1,53.7,40.0,53.0,46.5,-0.07,-0.01,1.00,0.00,0.00,0.00,-21.11,125.53,99,-1,0,-6,-3.6,-0.05,0.583,0.630,-0.14,0,26,0,212.6,62.2,71.4,67.3,0.00,1,7.6,19.2
22.10,cruise,350.02,-0.02,0.561,1,2203.2,-2557.2,-1282.7,4322.7,-33.40,123.84,97,56,-1,54.2,38.8,53.7,43.6,-0.13,0.04,1.00,0.00,0.00,0.00,-18.54,126.91,99,-1,0,-5,-15.4,0.20,0.562,0.663,0.00,0,26,0,210.8,60.4,71.3,66.7,0.00,1,11.4,23.9
22.20,cruise,350.10,-0.10,0.533,1,2196.5,-2532.2,-1279.4,4310.2,-33.66,125.60,97,56,-1,54.8,37.2,54.8,40.0,-0.18,0.10,1.00,0.00,0.00,0.00,-17.27,128.06,99,-1,0,-4,-31.2,0.43,0.539,0.687,0.17,0,26,0,209.9,58.9,70.8,65.1,0.00,1,13.6,23.2
22.30,cruise,350.20,-0.20,0.510,1,2196.5,-2532.2,-1276.0,4297.7,-33.66,125.60,97,56,-1,55.3,35.6,56.1,35.8,-0.21,0.13,1.00,0.00,0.00,0.00,-17.08,128.90,99,-1,0,-1,-31.2,0.60,0.521,0.696,0.32,0,26,0,210.0,57.7,70.0,62.5,0.00,1,13.6,23.2
22.40,cruise,350.29,-0.29,0.494,1,2189.7,-2506.9,-1272.6,4285.1,-34.54,126.83,97,58,-1,55.7,34.3,57.3,31.5,-0.21,0.14,1.00,0.00,0.00,0.00,-17.47,129.63,99,-1,0,2,-29.6,0.60,0.505,0.680,0.39,0,26,0,210.8,57.1,68.9,59.1,0.00,1,8.0,11.5
22.50,cruise,350.37,-0.37,0.482,1,2186.2,-2494.2,-1269.2,4272.4,-35.07,127.35,97,58,-1,56.0,33.4,58.2,27.7,-0.19,0.12,1.00,0.00,0.00,0.00,-18.93,130.08,99,-1,0,6,-22.9,0.60,0.493,0.645,0.41,0,26,0,212.2,57.0,67.8,55.6,0.00,1,3.7,3.3
22.60,cruise,350.43,-0.43,0.476,1,2186.2,-2494.2,-1265.7,4259.7,-35.07,127.35,96,58,-1,56.2,33.0,58.8,25.0,-0.14,0.09,1.00,0.00,0.00,0.00,-20.91,130.43,99,-1,0,9,-22.9,0.60,0.487,0.596,0.39,0,26,0,213.9,57.6,66.9,52.5,0.00,1,3.7,3.3
22.70,cruise,350.46,-0.46,0.476,1,2182.6,-2481.4,-1262.1,4246.9,-35.68,127.71,96,58,-1,56.2,32.9,58.9,23.9,-0.08,0.04,1.00,0.00,0.00,0.00,-23.05,130.58,99,-1,0,11,-14.6,0.51,0.484,0.544,0.30,0,26,0,215.9,58.6,66.2,50.3,0.00,1,-0.6,-5.3
22.80,cruise,350.47,-0.47,0.483,1,2179.0,-2468.6,-1258.5,4234.1,-36.12,128.06,94,51,-1,56.2,33.1,58.7,24.6,-0.01,0.01,1.00,0.00,0.00,0.00,-26.72,130.34,99,-1,0,12,-5.6,0.35,0.487,0.497,0.14,0,26,0,217.9,60.1,65.9,49.4,0.00,1,-4.2,-12.6
22.90,cruise,350.44,-0.44,0.496,1,2175.4,-2455.8,-1254.9,4221.3,-36.65,128.32,93,51,-1,56.1,33.5,58.3,27.0,0.06,-0.02,1.00,0.00,0.00,0.00,-29.48,130.16,99,-1,0,12,3.8,0.16,0.497,0.537,-0.03,0,26,0,219.9,61.8,65.8,49.8,0.00,1,-6.9,-18.9
23.00,cruise,350.38,-0.38,0.514,1,2167.9,-2430.0,-1251.2,4208.4,-37.27,129.29,93,51,-1,55.9,34.2,57.8,30.7,0.13,-0.04,1.00,0.00,0.00,0.00,-30.87,130.37,99,-1,0,10,21.9,-0.07,0.514,0.601,-0.14,0,26,0,221.6,63.5,66.1,51.4,0.00,1,-9.9,-25.1
23.10,cruise,350.30,-0.30,0.537,1,2167.9,-2430.0,-1247.4,4195.5,-37.27,129.29,93,51,-1,55.6,35.2,57.1,35.1,0.18,-0.06,1.00,0.00,0.00,0.00,-30.99,130.93,99,-1,0,8,21.9,-0.29,0.540,0.664,-0.23,0,26,0,223.0,64.9,66.5,53.8,0.00,1,-9.9,-25.1
23.20,cruise,350.21,-0.21,0.564,1,2164.2,-2417.1,-1243.7,4182.6,-37.27,129.81,92,45,-1,55.1,36.5,56.2,39.5,0.20,-0.06,1.00,0.00,0.00,0.00,-32.44,131.10,99,-1,0,5,28.2,-0.47,0.572,0.722,-0.28,0,26,0,223.7,66.0,67.0,56.5,0.00,1,-9.6,-23.8
23.30,cruise,350.12,-0.12,0.580,1,2160.5,-2404.0,-1240.0,4169.5,-37.27,130.52,92,45,-1,54.6,38.0,55.2,43.4,0.20,-0.08,1.00,0.00,0.00,0.00,-33.14,131.62,99,-1,0,2,31.7,-0.59,0.592,0.756,-0.29,0,26,0,223.7,66.7,67.6,59.2,0.00,1,-9.1,-20.1
23.40,cruise,350.04,-0.04,0.581,1,2153.1,-2377.7,-1236.3,4156.4,-36.74,132.28,92,45,-1,54.0,39.4,54.0,46.3,0.18,-0.09,1.00,0.00,0.00,0.00,-33.44,132.37,99,-1,0,-0,27.7,-0.60,0.594,0.754,-0.27,0,26,0,223.0,66.8,68.2,61.5,0.00,1,-5.4,-6.7
23.50,cruise,349.98,0.02,0.581,1,2153.1,-2377.7,-1232.6,4143.2,-36.74,132.28,91,45,-1,53.5,40.6,52.8,48.0,0.14,-0.09,1.00,0.00,0.00,0.00,-33.76,133.07,99,-1,0,-2,27.7,-0.60,0.594,0.729,-0.23,0,26,0,221.5,66.3,68.8,63.5,0.00,1,-5.4,-6.7
23.60,cruise,349.96,0.04,0.579,1,2145.8,-2351.0,-1228.9,4129.9,-35.95,134.12,92,50,-1,53.2,41.2,51.8,48.6,0.08,-0.08,1.00,0.00,0.00,0.00,-31.81,134.32,99,-1,0,-4,10.0,-0.48,0.587,0.678,-0.17,0,26,0,219.3,65.3,69.4,65.0,0.00,1,3.7,10.2
23.70,cruise,349.97,0.03,0.574,1,2145.8,-2351.0,-1225.3,4116.5,-35.95,134.12,92,50,-1,53.2,41.2,51.4,48.1,0.01,-0.05,1.00,0.00,0.00,0.00,-30.43,135.48,99,-1,0,-5,10.0,-0.29,0.577,0.610,-0.08,0,26,0,216.7,64.0,70.0,66.1,0.00,1,3.7,10.2
23.80,cruise,350.01,-0.01,0.558,1,2138.7,-2324.0,-1221.8,4103.0,-35.33,135.79,93,50,-1,53.5,40.7,51.5,46.6,-0.06,-0.00,1.00,0.00,0.00,0.00,-29.63,136.35,99,-1,0,-5,-13.4,-0.07,0.559,0.593,0.01,0,26,0,214.1,62.4,70.5,66.6,0.00,1,12.7,21.8
23.90,cruise,350.08,-0.08,0.536,1,2138.7,-2324.0,-1218.2,4089.5,-35.33,135.79,93,50,-1,54.0,39.5,52.4,44.2,-0.12,0.05,1.00,0.00,0.00,0.00,-29.20,137.24,99,-1,0,-5,-13.4,0.17,0.537,0.629,0.15,0,26,0,212.1,60.8,70.7,66.4,0.00,1,12.7,21.8
24.00,cruise,350.16,-0.16,0.516,1,2135.2,-2310.3,-1214.7,4075.8,-35.33,136.67,94,58,-1,54.6,38.0,53.7,41.1,-0.16,0.10,1.00,0.00,0.00,0.00,-25.70,138.80,99,-1,0,-4,-22.9,0.38,0.520,0.659,0.27,0,26,0,210.8,59.3,70.5,65.3,0.00,1,15.0,23.6
24.10,cruise,350.25,-0.25,0.501,1,2131.7,-2296.6,-1211.2,4062.1,-35.33,137.20,95,58,-1,55.2,36.4,55.1,37.5,-0.19,0.14,1.00,0.00,0.00,0.00,-23.34,139.74,99,-1,0,-2,-28.4,0.53,0.510,0.673,0.32,0,26,0,210.4,58.2,70.0,63.4,0.00,1,15.0,22.3
24.20,cruise,350.33,-0.33,0.490,1,2124.5,-2269.1,-1207.6,4048.4,-36.04,138.16,95,58,-1,55.6,34.9,56.5,33.8,-0.19,0.15,1.00,0.00,0.00,0.00,-22.35,140.48,99,-1,0,1,-27.9,0.60,0.501,0.666,0.36,0,26,0,210.8,57.5,69.2,60.7,0.00,1,9.4,12.5
24.30,cruise,350.40,-0.40,0.481,1,2120.9,-2255.2,-1204.0,4034.6,-36.47,138.52,96,58,-1,56.0,33.9,57.5,30.3,-0.17,0.13,1.00,0.00,0.00,0.00,-22.51,141.00,99,-1,0,4,-21.9,0.60,0.492,0.637,0.36,0,26,0,211.8,57.3,68.3,57.7,0.00,1,4.9,5.4
24.40,cruise,350.46,-0.46,0.476,1,2117.2,-2241.3,-1200.4,4020.7,-37.00,138.87,95,56,-1,56.1,33.3,58.1,27.8,-0.13,0.09,1.00,0.00,0.00,0.00,-24.05,141.20,99,-1,0,6,-13.6,0.56,0.485,0.591,0.33,0,26,0,213.1,57.5,67.5,55.0,0.00,1,0.2,-1.6
24.50,cruise,350.49,-0.49,0.475,1,2117.2,-2241.3,-1196.7,4006.8,-37.00,138.87,95,56,-1,56.2,33.2,58.2,26.6,-0.07,0.04,1.00,0.00,0.00,0.00,-25.83,141.37,99,-1,0,8,-13.6,0.44,0.481,0.536,0.23,0,26,0,214.6,58.2,66.9,53.2,0.00,1,0.2,-1.6
24.60,cruise,350.49,-0.49,0.480,1,2109.7,-2213.5,-1192.9,3992.9,-37.97,139.31,94,56,-1,56.2,33.4,58.0,27.1,-0.01,-0.00,1.00,0.00,0.00,0.00,-27.37,141.39,99,-1,0,9,5.2,0.26,0.482,0.488,0.10,0,26,0,216.0,59.2,66.5,52.6,0.00,1,-6.7,-14.5
24.70,cruise,350.47,-0.47,0.491,1,2109.7,-2213.5,-1189.2,3979.0,-37.97,139.31,94,56,-1,56.0,33.9,57.5,29.1,0.06,-0.03,1.00,0.00,0.00,0.00,-28.16,141.61,99,-1,0,8,5.2,0.06,0.491,0.539,-0.05,0,26,0,217.4,60.4,66.5,53.1,0.00,1,-6.7,-14.5
24.80,cruise,350.41,-0.41,0.505,1,2102.0,-2185.6,-1185.3,3965.1,-38.50,140.01,93,51,-1,55.8,34.7,56.9,32.3,0.12,-0.06,1.00,0.00,0.00,0.00,-30.05,141.58,99,-1,0,7,21.3,-0.15,0.506,0.599,-0.15,0,26,0,218.5,61.6,66.7,54.7,0.00,1,-9.7,-20.0
24.90,cruise,350.34,-0.34,0.522,1,2098.1,-2171.5,-1181.5,3951.1,-38.67,140.45,93,51,-1,55.5,35.7,56.0,35.9,0.16,-0.08,1.00,0.00,0.00,0.00,-30.75,141.91,99,-1,0,5,25.8,-0.33,0.526,0.651,-0.22,0,26,0,219.2,62.7,67.2,56.8,0.00,1,-9.6,-18.9
25.00,cruise,350.27,-0.27,0.540,1,2098.1,-2171.5,-1177.6,3937.0,-38.67,140.45,93,51,-1,55.1,37.0,55.1,39.5,0.18,-0.09,1.00,0.00,0.00,0.00,-30.68,142.41,99,-1,0,2,25.8,-0.47,0.548,0.692,-0.26,0,26,0,219.4,63.5,67.7,59.1,0.00,1,-9.6,-18.9
25.10,cruise,350.19,-0.19,0.555,1,2090.4,-2143.3,-1173.8,3923.0,-38.50,141.59,94,51,-1,54.6,38.2,54.1,42.5,0.18,-0.09,1.00,0.00,0.00,0.00,-29.97,143.17,99,-1,0,0,24.7,-0.54,0.565,0.712,-0.26,0,26,0,219.2,63.9,68.3,61.2,0.00,1,-6.4,-10.4
25.20,cruise,350.13,-0.13,0.562,1,2086.6,-2129.1,-1169.9,3908.8,-38.23,142.29,94,51,-1,54.2,39.3,53.2,44.7,0.15,-0.08,1.00,0.00,0.00,0.00,-28.95,143.85,99,-1,0,-2,19.0,-0.53,0.572,0.702,-0.22,0,26,0,218.4,64.0,68.8,63.1,0.00,1,-3.1,-3.4
25.30,cruise,350.10,-0.10,0.559,1,2086.6,-2129.1,-1166.1,3894.6,-38.23,142.29,94,51,-1,53.9,40.0,52.4,45.8,0.10,-0.07,1.00,0.00,0.00,0.00,-28.01,144.65,99,-1,0,-3,19.0,-0.44,0.566,0.663,-0.12,0,26,0,217.1,63.5,69.4,64.5,0.00,1,-3.1,-3.4
25.40,cruise,350.11,-0.11,0.550,1,2082.8,-2114.8,-1162.3,3880.3,-37.97,143.17,94,51,-1,53.8,40.2,52.0,45.9,0.04,-0.05,1.00,0.00,0.00,0.00,-27.35,145.58,99,-1,0,-4,11.1,-0.31,0.553,0.602,-0.02,0,26,0,215.4,62.8,69.9,65.5,0.00,1,1.1,3.9
25.50,cruise,350.13,-0.13,0.536,1,2075.2,-2086.0,-1158.5,3865.9,-37.53,144.58,94,51,-1,54.0,39.9,52.1,45.1,-0.02,-0.01,1.00,0.00,0.00,0.00,-26.95,146.27,99,-1,0,-5,-8.3,-0.12,0.537,0.550,0.10,0,26,0,213.7,61.8,70.3,66.0,0.00,1,8.5,14.5
25.60,cruise,350.19,-0.19,0.521,1,2075.2,-2086.0,-1154.7,3851.5,-37.53,144.58,95,57,-1,54.3,39.1,52.7,43.5,-0.07,0.03,1.00,0.00,0.00,0.00,-23.91,147.44,99,-1,0,-4,-8.3,0.08,0.521,0.576,0.19,0,26,0,212.3,60.6,70.4,65.9,0.00,1,8.5,14.5
25.70,cruise,350.26,-0.26,0.506,1,2071.5,-2071.5,-1151.0,3837.0,-37.44,145.11,96,57,-1,54.8,38.0,53.6,41.2,-0.11,0.08,1.00,0.00,0.00,0.00,-21.75,148.27,99,-1,0,-4,-16.6,0.26,0.508,0.605,0.29,0,26,0,211.4,59.6,70.3,65.0,0.00,1,11.0,17.1
25.80,cruise,350.34,-0.34,0.493,1,2064.0,-2042.4,-1147.3,3822.5,-37.62,146.12,97,57,-1,55.2,36.7,54.9,38.4,-0.14,0.12,1.00,0.00,0.00,0.00,-20.41,148.98,99,-1,0,-2,-25.3,0.40,0.498,0.624,0.38,0,26,0,211.0,58.7,70.0,63.6,0.00,1,11.4,15.3
25.90,cruise,350.42,-0.42,0.482,1,2060.2,-2027.7,-1143.5,3807.9,-37.97,146.47,97,57,-1,55.6,35.4,56.0,35.4,-0.16,0.13,1.00,0.00,0.00,0.00,-20.04,149.55,99,-1,0,-0,-24.7,0.51,0.490,0.625,0.41,0,26,0,211.2,58.1,69.4,61.4,0.00,1,8.2,11.8
26.00,cruise,350.49,-0.49,0.473,1,2060.2,-2027.7,-1139.7,3793.2,-37.97,146.47,97,57,-1,56.0,34.4,56.9,32.3,-0.15,0.11,1.00,0.00,0.00,0.00,-20.55,149.91,99,-1,0,3,-24.7,0.55,0.482,0.607,0.38,0,26,0,212.0,57.9,68.6,58.9,0.00,1,8.2,11.8
26.10,cruise,350.55,-0.55,0.467,1,2052.5,-1998.3,-1135.9,3778.5,-38.67,147.04,96,57,-1,56.2,33.8,57.4,29.7,-0.13,0.07,1.00,0.00,0.00,0.00,-21.76,150.17,99,-1,0,5,-15.1,0.53,0.475,0.570,0.31,0,26,0,213.3,57.9,67.7,56.3,0.00,1,-0.3,1.1
26.20,cruise,350.59,-0.59,0.463,1,2052.5,-1998.3,-1132.0,3763.8,-38.67,147.04,96,57,-1,56.2,33.6,57.5,28.1,-0.09,0.03,1.00,0.00,0.00,0.00,-23.38,150.23,99,-1,0,7,-15.1,0.45,0.468,0.524,0.21,0,26,0,214.8,58.4,66.8,54.2,0.00,1,-0.3,1.1
26.30,cruise,350.60,-0.60,0.464,1,2048.6,-1983.6,-1128.1,3749.1,-39.11,147.22,95,57,-1,56.2,33.7,57.3,27.7,-0.04,-0.01,1.00,0.00,0.00,0.00,-25.08,150.24,99,-1,0,8,-7.7,0.32,0.466,0.490,0.08,0,26,0,216.3,59.1,66.3,53.0,0.00,1,-3.7,-5.0
26.40,cruise,350.58,-0.58,0.470,1,2040.7,-1954.2,-1124.2,3734.4,-39.73,147.48,94,51,-1,56.1,34.1,56.9,28.8,0.02,-0.04,1.00,0.00,0.00,0.00,-28.36,149.87,99,-1,0,8,9.1,0.16,0.470,0.501,-0.06,0,26,0,217.6,60.0,66.0,52.9,0.00,1,-7.5,-14.0
26.50,cruise,350.54,-0.54,0.481,1,2040.7,-1954.2,-1120.2,3719.7,-39.73,147.48,93,51,-1,56.0,34.7,56.3,31.0,0.09,-0.06,1.00,0.00,0.00,0.00,-30.72,149.62,99,-1,0,8,9.1,-0.03,0.481,0.552,-0.19,0,26,0,218.6,60.9,66.0,53.9,0.00,1,-7.5,-14.0
26.60,cruise,350.47,-0.47,0.497,1,2032.7,-1924.6,-1116.2,3704.9,-39.99,147.96,93,51,-1,55.7,35.5,55.7,34.0,0.14,-0.07,1.00,0.00,0.00,0.00,-31.94,149.58,99,-1,0,6,21.6,-0.21,0.499,0.601,-0.30,0,26,0,219.2,61.9,66.4,55.6,0.00,1,-7.3,-16.9
26.70,cruise,350.38,-0.38,0.517,1,2032.7,-1924.6,-1112.2,3690.1,-39.99,147.96,93,51,-1,55.3,36.5,55.0,37.3,0.17,-0.07,1.00,0.00,0.00,0.00,-32.13,149.87,99,-1,0,4,21.6,-0.36,0.521,0.645,-0.37,0,26,0,219.3,62.6,67.0,57.8,0.00,1,-7.3,-16.9
26.80,cruise,350.29,-0.29,0.534,1,2024.7,-1894.9,-1108.2,3675.3,-39.95,148.67,93,50,-1,54.9,37.5,54.3,40.4,0.18,-0.07,1.00,0.00,0.00,0.00,-32.17,150.22,99,-1,0,1,25.2,-0.47,0.542,0.675,-0.39,0,26,0,218.8,63.1,67.8,60.1,0.00,1,-4.0,-9.7
26.90,cruise,350.21,-0.21,0.550,1,2024.7,-1894.9,-1104.2,3660.4,-39.95,148.67,93,50,-1,54.5,38.5,53.5,42.9,0.16,-0.07,1.00,0.00,0.00,0.00,-31.64,150.65,99,-1,0,-1,25.2,-0.52,0.559,0.687,-0.41,0,26,0,217.5,63.0,68.7,62.5,0.00,1,-4.0,-9.7
27.00,cruise,350.14,-0.14,0.559,1,2020.8,-1880.0,-1100.3,3645.5,-39.77,149.19,93,50,-1,54.2,39.2,52.9,44.6,0.13,-0.06,1.00,0.00,0.00,0.00,-30.85,151.29,99,-1,0,-3,22.6,-0.52,0.568,0.675,-0.38,0,26,0,215.6,62.6,69.7,64.6,0.00,1,-0.9,-3.9
27.10,cruise,350.10,-0.10,0.559,1,2012.9,-1850.0,-1096.3,3630.6,-39.33,150.47,94,50,-1,54.0,39.6,52.5,45.4,0.08,-0.04,1.00,0.00,0.00,0.00,-30.07,151.95,99,-1,0,-5,8.1,-0.43,0.565,0.634,-0.30,0,26,0,213.2,61.8,70.7,66.4,0.00,1,6.7,10.4
27.20,cruise,350.09,-0.09,0.551,1,2012.9,-1850.0,-1092.4,3615.5,-39.33,150.47,95,58,-1,54.1,39.4,52.5,45.0,0.02,-0.02,1.00,0.00,0.00,0.00,-25.36,153.44,99,-1,0,-6,8.1,-0.29,0.553,0.571,-0.21,0,26,0,210.6,60.5,71.5,67.7,0.00,1,6.7,10.4
27.30,cruise,350.11,-0.11,0.538,1,2008.9,-1834.9,-1088.4,3600.4,-39.20,151.08,97,58,-1,54.3,38.8,52.9,43.6,-0.05,0.02,1.00,0.00,0.00,0.00,-21.69,154.57,99,-1,0,-7,-2.0,-0.10,0.538,0.575,-0.11,0,26,0,208.3,59.0,72.1,68.3,0.00,1,10.3,16.8
27.40,cruise,350.15,-0.15,0.522,1,2005.0,-1819.8,-1084.5,3585.3,-39.11,151.66,97,58,-1,54.7,37.7,53.7,41.3,-0.11,0.06,1.00,0.00,0.00,0.00,-19.07,155.45,99,-1,0,-7,-12.1,0.11,0.522,0.611,-0.02,0,26,0,206.7,57.4,72.2,68.0,0.00,1,12.6,20.6
27.50,cruise,350.21,-0.21,0.506,1,1997.2,-1789.3,-1080.6,3570.1,-39.42,152.62,98,58,-1,55.2,36.3,54.8,38.2,-0.15,0.10,1.00,0.00,0.00,0.00,-17.73,156.16,99,-1,0,-5,-26.5,0.31,0.509,0.639,0.06,0,26,0,206.0,55.9,71.8,66.8,0.00,1,12.8,21.0
27.60,cruise,350.26,-0.26,0.493,1,1993.2,-1774.0,-1076.7,3554.8,-39.86,152.89,99,63,-1,55.6,34.9,56.0,34.5,-0.19,0.12,1.00,0.00,0.00,0.00,-15.98,156.82,99,-1,0,-3,-28.9,0.47,0.500,0.653,0.09,0,26,0,206.1,54.7,70.9,64.5,0.00,1,10.4,17.5
27.70,cruise,350.32,-0.32,0.481,1,1993.2,-1774.0,-1072.7,3539.5,-39.86,152.89,99,63,-1,55.9,33.7,57.1,30.4,-0.20,0.13,1.00,0.00,0.00,0.00,-15.98,157.19,99,-1,0,-0,-28.9,0.58,0.491,0.648,0.10,0,26,0,207.0,53.9,69.6,61.4,0.00,1,10.4,17.5
27.80,cruise,350.37,-0.37,0.472,1,1989.2,-1758.7,-1068.7,3524.2,-40.30,153.11,98,63,-1,56.1,32.9,57.8,26.4,-0.20,0.10,1.00,0.00,0.00,0.00,-17.29,157.37,99,-1,0,4,-27.7,0.60,0.482,0.623,0.07,0,26,0,208.5,53.6,68.2,57.9,0.00,1,6.8,12.3
27.90,cruise,350.40,-0.40,0.467,1,1985.1,-1743.4,-1064.6,3508.9,-40.83,153.19,98,63,-1,56.2,32.5,58.2,23.3,-0.17,0.07,1.00,0.00,0.00,0.00,-19.62,157.32,99,-1,0,7,-23.2,0.60,0.477,0.587,-0.02,0,26,0,210.2,53.8,66.9,54.6,0.00,1,2.9,6.3
28.00,cruise,350.40,-0.40,0.467,1,1976.8,-1712.8,-1060.5,3493.6,-41.97,153.28,96,57,-1,56.2,32.5,58.2,21.5,-0.11,0.03,1.00,0.00,0.00,0.00,-24.14,156.93,99,-1,0,9,-7.5,0.51,0.474,0.541,-0.13,0,26,0,211.9,54.4,66.0,52.1,0.00,1,-4.0,-8.1
28.10,cruise,350.38,-0.38,0.470,1,1976.8,-1712.8,-1056.3,3478.3,-41.97,153.28,95,57,-1,56.2,32.6,58.0,21.5,-0.04,-0.01,1.00,0.00,0.00,0.00,-28.15,156.41,99,-1,0,10,-7.5,0.36,0.474,0.499,-0.26,0,26,0,213.5,55.5,65.5,50.9,0.00,1,-4.0,-8.1
28.20,cruise,350.32,-0.32,0.479,1,1972.6,-1697.4,-1052.1,3462.9,-42.45,153.28,94,57,-1,56.1,32.9,57.5,23.3,0.03,-0.04,1.00,0.00,0.00,0.00,-31.09,155.98,99,-1,0,10,2.1,0.16,0.480,0.512,-0.39,0,26,0,214.9,56.8,65.4,51.2,0.00,1,-6.5,-14.5
28.30,cruise,350.24,-0.24,0.492,1,1964.0,-1666.8,-1047.8,3447.6,-43.20,153.41,94,57,-1,55.8,33.5,56.9,26.6,0.11,-0.05,1.00,0.00,0.00,0.00,-32.63,155.82,99,-1,0,9,19.4,-0.05,0.492,0.571,-0.49,0,26,0,215.9,58.2,65.8,52.7,0.00,1,-8.8,-22.8
28.40,cruise,350.13,-0.13,0.512,1,1959.6,-1651.4,-1043.5,3432.3,-43.42,153.59,93,52,-1,55.5,34.2,56.3,30.8,0.16,-0.06,1.00,0.00,0.00,0.00,-34.60,155.58,99,-1,0,6,25.1,-0.26,0.515,0.629,-0.59,0,26,0,216.6,59.7,66.5,55.0,0.00,1,-8.9,-23.0
28.50,cruise,350.00,-0.00,0.536,1,1959.6,-1651.4,-1039.1,3416.9,-43.42,153.59,93,52,-1,55.1,35.2,55.5,35.1,0.19,-0.07,1.00,0.00,0.00,0.00,-35.01,155.72,99,-1,0,4,25.1,-0.43,0.542,0.682,-0.65,0,26,0,216.9,60.9,67.3,57.8,0.00,1,-8.9,-23.0
28.60,cruise,349.87,0.13,0.561,1,1955.3,-1636.0,-1034.8,3401.5,-43.46,153.85,93,52,-1,54.7,36.4,54.8,39.1,0.20,-0.07,1.00,0.00,0.00,0.00,-34.21,156.17,99,-1,0,1,28.0,-0.54,0.571,0.720,-0.69,0,26,0,216.7,61.8,68.2,60.5,0.00,1,-8.1,-20.3
28.70,cruise,349.76,0.24,0.579,1,1946.6,-1605.1,-1030.5,3386.1,-43.24,154.86,94,52,-1,54.2,37.5,53.9,42.2,0.18,-0.07,1.00,0.00,0.00,0.00,-32.73,156.87,99,-1,0,-2,24.1,-0.59,0.592,0.734,-0.67,0,26,0,215.8,62.2,69.2,62.9,0.00,1,-3.5,-7.7
28.80,cruise,349.67,0.33,0.587,1,1946.6,-1605.1,-1026.1,3370.6,-43.24,154.86,95,55,-1,53.8,38.4,53.2,44.2,0.14,-0.06,1.00,0.00,0.00,0.00,-29.83,158.00,99,-1,0,-4,24.1,-0.55,0.598,0.715,-0.57,0,26,0,214.4,62.1,70.0,65.0,0.00,1,-3.5,-7.7
28.90,cruise,349.61,0.39,0.585,1,1938.0,-1574.0,-1021.8,3355.1,-42.80,156.18,96,55,-1,53.6,38.8,52.6,45.0,0.08,-0.05,1.00,0.00,0.00,0.00,-27.27,159.00,99,-1,0,-5,7.1,-0.44,0.592,0.666,-0.47,0,26,0,212.6,61.4,70.8,66.5,0.00,1,4.1,8.9
29.00,cruise,349.59,0.41,0.574,1,1933.8,-1558.3,-1017.5,3339.5,-42.63,156.84,96,55,-1,53.6,38.7,52.5,44.5,0.01,-0.02,1.00,0.00,0.00,0.00,-25.30,159.95,99,-1,0,-6,-4.2,-0.26,0.576,0.594,-0.35,0,26,0,210.6,60.3,71.3,67.4,0.00,1,7.4,15.6
29.10,cruise,349.61,0.39,0.555,1,1933.8,-1558.3,-1013.3,3323.8,-42.63,156.84,97,55,-1,53.8,38.1,52.7,42.9,-0.06,0.01,1.00,0.00,0.00,0.00,-24.11,160.73,99,-1,0,-6,-4.2,-0.04,0.555,0.597,-0.21,0,26,0,209.1,58.9,71.5,67.5,0.00,1,7.4,15.6
29.20,cruise,349.65,0.35,0.533,1,1925.2,-1526.8,-1009.0,3308.1,-42.58,157.90,98,61,-1,54.2,37.0,53.4,40.1,-0.13,0.05,1.00,0.00,0.00,0.00,-21.06,161.69,99,-1,0,-5,-23.5,0.19,0.534,0.630,-0.09,0,26,0,208.2,57.4,71.1,66.6,0.00,1,10.3,21.9
29.30,cruise,349.71,0.29,0.512,1,1921.0,-1511.0,-1004.7,3292.3,-42.76,158.25,98,61,-1,54.6,35.7,54.3,36.5,-0.18,0.08,1.00,0.00,0.00,0.00,-19.60,162.36,99,-1,0,-3,-28.6,0.41,0.518,0.655,0.00,0,26,0,208.1,56.0,70.2,64.6,0.00,1,9.9,20.6
29.40,cruise,349.77,0.23,0.494,1,1916.7,-1495.2,-1000.5,3276.5,-43.11,158.47,98,61,-1,55.0,34.5,55.2,32.4,-0.22,0.11,1.00,0.00,0.00,0.00,-19.73,162.73,99,-1,0,-0,-30.0,0.56,0.504,0.663,0.07,0,26,0,208.7,54.9,69.0,61.8,0.00,1,8.1,16.4
29.50,cruise,349.84,0.16,0.480,1,1912.3,-1479.3,-996.2,3260.7,-43.51,158.55,98,61,-1,55.3,33.5,56.1,28.2,-0.22,0.11,1.00,0.00,0.00,0.00,-21.32,162.84,99,-1,0,3,-27.6,0.60,0.490,0.651,0.11,0,26,0,210.0,54.4,67.5,58.2,0.00,1,5.9,9.8
29.60,cruise,349.88,0.12,0.472,1,1912.3,-1479.3,-991.8,3244.8,-43.51,158.55,97,57,-1,55.5,32.8,56.9,24.5,-0.20,0.10,1.00,0.00,0.00,0.00,-25.08,162.49,99,-1,0,7,-27.6,0.60,0.483,0.626,0.11,0,26,0,211.6,54.4,66.2,54.6,0.00,1,5.9,9.8
29.70,cruise,349.91,0.09,0.470,1,1908.0,-1463.5,-987.5,3229.0,-43.99,158.55,95,57,-1,55.6,32.4,57.3,21.9,-0.15,0.08,1.00,0.00,0.00,0.00,-29.16,161.94,99,-1,0,10,-22.1,0.60,0.481,0.588,0.07,0,26,0,213.4,55.1,65.3,51.6,0.00,1,3.0,2.0
29.80,cruise,349.92,0.08,0.474,1,1899.0,-1431.8,-983.0,3213.1,-44.96,158.55,94,57,-1,55.7,32.4,57.5,21.1,-0.08,0.04,1.00,0.00,0.00,0.00,-32.94,161.34,99,-1,0,12,-5.1,0.52,0.482,0.541,-0.01,0,26,0,215.3,56.3,64.7,49.5,0.00,1,-3.7,-13.7
29.90,cruise,349.89,0.11,0.481,1,1899.0,-1431.8,-978.5,3197.3,-44.96,158.55,93,57,-1,55.6,32.5,57.4,22.0,-0.01,0.01,1.00,0.00,0.00,0.00,-35.95,160.84,99,-1,0,13,-5.1,0.36,0.485,0.493,-0.12,0,26,0,217.2,57.8,64.5,48.8,0.00,1,-3.7,-13.7
30.00,cruise,349.84,0.16,0.495,1,1894.5,-1415.9,-974.0,3181.4,-45.40,158.55,92,50,-1,55.5,32.8,57.0,24.6,0.07,-0.02,1.00,0.00,0.00,0.00,-40.49,159.88,99,-1,0,12,4.5,0.15,0.495,0.539,-0.24,0,26,0,218.8,59.5,64.7,49.4,0.00,1,-6.1,-19.9
30.10,cruise,349.76,0.24,0.512,1,1885.4,-1384.2,-969.4,3165.6,-45.88,158.82,91,50,-1,55.3,33.4,56.5,28.7,0.14,-0.04,1.00,0.00,0.00,0.00,-43.14,159.34,99,-1,0,10,23.3,-0.09,0.512,0.605,-0.31,0,26,0,220.2,61.3,65.1,51.3,0.00,1,-8.9,-25.5
30.20,cruise,349.66,0.34,0.535,1,1885.4,-1384.2,-964.9,3149.7,-45.88,158.82,91,50,-1,54.9,34.3,55.9,33.4,0.20,-0.05,1.00,0.00,0.00,0.00,-44.12,159.32,99,-1,0,7,23.3,-0.32,0.538,0.671,-0.36,0,26,0,221.0,62.7,65.9,54.1,0.00,1,-8.9,-25.5
30.30,cruise,349.55,0.45,0.560,1,1876.2,-1352.3,-960.3,3133.8,-45.83,159.48,91,50,-1,54.5,35.6,55.0,38.0,0.22,-0.07,1.00,0.00,0.00,0.00,-43.69,159.77,99,-1,0,4,33.4,-0.52,0.570,0.733,-0.40,0,26,0,221.2,63.8,66.7,57.1,0.00,1,-9.3,-19.0
30.40,cruise,349.45,0.55,0.580,1,1871.6,-1336.3,-955.7,3117.8,-45.66,160.05,91,48,-1,53.9,37.1,53.8,41.8,0.21,-0.10,1.00,0.00,0.00,0.00,-43.48,160.14,99,-1,0,1,32.6,-0.60,0.593,0.770,-0.40,0,26,0,220.6,64.2,67.5,60.0,0.00,1,-8.3,-11.9
30.50,cruise,349.37,0.63,0.588,1,1871.6,-1336.3,-951.1,3101.8,-45.66,160.05,91,48,-1,53.4,38.5,52.4,44.6,0.17,-0.11,1.00,0.00,0.00,0.00,-43.20,160.73,99,-1,0,-1,32.6,-0.60,0.601,0.770,-0.36,0,26,0,219.4,64.0,68.2,62.5,0.00,1,-8.3,-11.9
30.60,cruise,349.33,0.67,0.583,1,1867.1,-1320.3,-946.6,3085.8,-45.31,160.66,91,48,-1,52.9,39.6,51.0,46.0,0.12,-0.11,1.00,0.00,0.00,0.00,-43.23,161.24,99,-1,0,-3,27.5,-0.60,0.596,0.732,-0.28,0,26,0,217.6,63.3,68.8,64.5,0.00,1,-5.5,-3.6
30.70,cruise,349.32,0.68,0.568,1,1862.6,-1304.2,-942.1,3069.7,-44.87,161.28,90,48,-1,52.7,40.1,50.0,46.2,0.05,-0.09,1.00,0.00,0.00,0.00,-43.74,161.59,99,-1,0,-5,18.7,-0.47,0.576,0.657,-0.15,0,26,0,215.2,62.1,69.5,66.0,0.00,1,-0.9,5.4
30.80,cruise,349.34,0.66,0.548,1,1853.7,-1271.8,-937.6,3053.5,-44.17,162.38,92,56,-1,52.8,40.0,49.7,45.4,-0.02,-0.05,1.00,0.00,0.00,0.00,-39.72,163.10,99,-1,0,-6,-3.8,-0.27,0.550,0.586,0.01,0,26,0,212.7,60.5,70.1,67.0,0.00,1,10.2,19.0
30.90,cruise,349.40,0.60,0.528,1,1853.7,-1271.8,-933.2,3037.3,-44.17,162.38,93,56,-1,53.1,39.3,50.1,43.6,-0.08,0.01,1.00,0.00,0.00,0.00,-36.62,164.24,99,-1,0,-6,-3.8,-0.04,0.528,0.578,0.15,0,26,0,210.4,58.9,70.5,67.4,0.00,1,10.2,19.0
31.00,cruise,349.48,0.52,0.510,1,1849.3,-1255.5,-928.8,3021.0,-43.95,162.73,93,56,-1,53.7,38.0,51.3,41.1,-0.14,0.08,1.00,0.00,0.00,0.00,-34.38,165.01,99,-1,0,-6,-14.9,0.19,0.512,0.621,0.30,0,26,0,208.8,57.3,70.6,67.0,0.00,1,14.3,22.2
31.10,cruise,349.57,0.43,0.497,1,1840.5,-1222.9,-924.4,3004.7,-44.03,163.34,94,56,-1,54.3,36.5,52.9,38.0,-0.17,0.14,1.00,0.00,0.00,0.00,-32.98,165.64,99,-1,0,-4,-29.3,0.39,0.502,0.657,0.42,0,26,0,207.9,56.0,70.3,65.8,0.00,1,16.9,20.5
31.20,cruise,349.67,0.33,0.486,1,1836.1,-1206.6,-920.0,2988.4,-44.34,163.48,95,61,-1,54.8,34.9,54.6,34.5,-0.19,0.18,1.00,0.00,0.00,0.00,-30.48,166.41,99,-1,0,-2,-31.0,0.54,0.495,0.675,0.54,0,26,0,207.9,55.1,69.7,63.7,0.00,1,14.7,16.1
31.30,cruise,349.77,0.23,0.479,1,1836.1,-1206.6,-915.6,2972.1,-44.34,163.48,95,61,-1,55.3,33.5,56.2,30.8,-0.19,0.18,1.00,0.00,0.00,0.00,-29.40,166.81,99,-1,0,1,-31.0,0.60,0.489,0.670,0.60,0,26,0,208.5,54.6,68.9,60.8,0.00,1,14.7,16.1
31.40,cruise,349.85,0.15,0.476,1,1831.6,-1190.2,-911.1,2955.7,-44.69,163.56,95,61,-1,55.6,32.5,57.3,27.4,-0.17,0.15,1.00,0.00,0.00,0.00,-29.47,166.98,99,-1,0,4,-28.6,0.60,0.486,0.641,0.57,0,26,0,209.9,54.7,67.9,57.5,0.00,1,10.4,9.7
31.50,cruise,349.92,0.08,0.474,1,1822.5,-1157.5,-906.6,2939.3,-45.75,163.56,95,61,-1,55.7,32.1,57.9,25.0,-0.13,0.09,1.00,0.00,0.00,0.00,-30.50,166.94,99,-1,0,7,-14.6,0.59,0.485,0.590,0.50,0,26,0,211.7,55.4,66.9,54.5,0.00,1,-2.0,-6.8
31.60,cruise,349.97,0.03,0.475,1,1817.9,-1141.1,-902.0,2923.0,-46.23,163.56,94,55,-1,55.8,32.1,57.9,24.1,-0.07,0.03,1.00,0.00,0.00,0.00,-33.94,166.42,99,-1,0,9,-5.2,0.47,0.481,0.527,0.37,0,26,0,213.9,56.6,66.1,52.3,0.00,1,-7.3,-14.2
31.70,cruise,349.98,0.02,0.477,1,1817.9,-1141.1,-897.4,2906.6,-46.23,163.56,93,55,-1,55.7,32.5,57.4,24.8,-0.00,-0.04,1.00,0.00,0.00,0.00,-36.81,165.94,99,-1,0,10,-5.2,0.31,0.480,0.498,0.22,0,26,0,216.2,58.1,65.5,51.2,0.00,1,-7.3,-14.2
31.80,cruise,349.97,0.03,0.484,1,1808.6,-1108.4,-892.8,2890.3,-46.89,163.56,93,55,-1,55.6,33.1,56.6,27.1,0.07,-0.08,1.00,0.00,0.00,0.00,-38.74,165.61,99,-1,0,10,13.5,0.11,0.484,0.556,0.07,0,26,0,218.4,59.7,65.2,51.4,0.00,1,-12.6,-23.6
31.90,cruise,349.93,0.07,0.497,1,1803.9,-1092.1,-888.1,2873.9,-47.02,163.65,93,55,-1,55.3,34.0,55.7,30.5,0.14,-0.09,1.00,0.00,0.00,0.00,-39.44,165.52,99,-1,0,9,21.3,-0.10,0.497,0.612,-0.07,0,26,0,220.3,61.3,65.2,52.7,0.00,1,-12.6,-24.9
32.00,cruise,349.86,0.14,0.514,1,1803.9,-1092.1,-883.4,2857.6,-47.02,163.65,91,47,-1,55.0,35.1,54.7,34.5,0.19,-0.10,1.00,0.00,0.00,0.00,-42.77,164.81,99,-1,0,7,21.3,-0.29,0.516,0.665,-0.15,0,26,0,221.6,62.8,65.4,54.7,0.00,1,-12.6,-24.9
32.10,cruise,349.78,0.22,0.532,1,1799.2,-1075.7,-878.7,2841.2,-47.02,163.83,91,47,-1,54.6,36.4,53.7,38.6,0.22,-0.10,1.00,0.00,0.00,0.00,-44.71,164.47,99,-1,0,4,27.3,-0.46,0.539,0.707,-0.16,0,26,0,222.2,63.8,66.0,57.1,0.00,1,-11.2,-23.6
32.20,cruise,349.71,0.29,0.552,1,1789.8,-1042.8,-874.0,2824.8,-46.54,164.44,90,47,-1,54.1,37.8,52.8,42.3,0.22,-0.09,1.00,0.00,0.00,0.00,-45.51,164.41,99,-1,0,2,29.2,-0.57,0.563,0.734,-0.15,0,26,0,221.9,64.4,66.8,59.7,0.00,1,-4.8,-13.2
32.30,cruise,349.65,0.35,0.567,1,1785.2,-1026.4,-869.3,2808.3,-46.10,164.93,90,47,-1,53.6,38.9,51.9,45.0,0.19,-0.08,1.00,0.00,0.00,0.00,-45.78,164.65,99,-1,0,-1,24.6,-0.60,0.580,0.735,-0.09,0,26,0,220.7,64.5,67.7,62.2,0.00,1,-0.2,-4.6
32.40,cruise,349.61,0.39,0.573,1,1785.2,-1026.4,-864.7,2791.9,-46.10,164.93,91,51,-1,53.3,39.7,51.3,46.7,0.14,-0.07,1.00,0.00,0.00,0.00,-43.55,165.62,99,-1,0,-3,24.6,-0.55,0.583,0.703,-0.01,0,26,0,218.5,64.0,68.8,64.4,0.00,1,-0.2,-4.6
32.50,cruise,349.62,0.38,0.568,1,1780.6,-1009.8,-860.1,2775.3,-45.66,165.43,91,51,-1,53.1,40.0,50.9,47.2,0.08,-0.04,1.00,0.00,0.00,0.00,-41.66,166.48,99,-1,0,-5,16.7,-0.43,0.575,0.643,0.09,0,26,0,215.6,63.0,70.0,66.2,0.00,1,4.9,4.8
32.60,cruise,349.65,0.35,0.556,1,1771.6,-976.6,-855.6,2758.7,-44.87,166.55,92,51,-1,53.3,39.7,51.0,46.5,0.00,-0.01,1.00,0.00,0.00,0.00,-40.16,167.32,99,-1,0,-6,-4.8,-0.25,0.558,0.565,0.19,0,26,0,212.4,61.5,70.9,67.6,0.00,1,13.6,20.4
32.70,cruise,349.72,0.28,0.540,1,1767.1,-959.9,-851.1,2742.1,-44.74,167.04,92,51,-1,53.7,38.8,51.7,44.8,-0.07,0.03,1.00,0.00,0.00,0.00,-39.08,168.01,99,-1,0,-7,-15.4,-0.04,0.540,0.595,0.28,0,26,0,209.6,59.7,71.6,68.3,0.00,1,15.9,24.4
32.80,cruise,349.81,0.19,0.522,1,1767.1,-959.9,-846.6,2725.4,-44.74,167.04,94,61,-1,54.3,37.5,52.7,42.1,-0.13,0.08,1.00,0.00,0.00,0.00,-33.03,169.74,99,-1,0,-7,-15.4,0.18,0.523,0.632,0.37,0,26,0,207.6,57.9,71.8,68.0,0.00,1,15.9,24.4
32.90,cruise,349.91,0.09,0.505,1,1762.7,-943.2,-842.2,2708.7,-44.74,167.43,95,61,-1,54.9,35.9,54.1,38.7,-0.17,0.12,1.00,0.00,0.00,0.00,-28.77,170.90,99,-1,0,-5,-23.8,0.37,0.509,0.658,0.45,0,26,0,206.6,56.2,71.5,66.8,0.00,1,16.4,25.6
33.00,cruise,350.01,-0.01,0.490,1,1758.2,-926.4,-837.7,2691.9,-44.87,167.67,96,61,-1,55.4,34.3,55.5,34.7,-0.20,0.15,1.00,0.00,0.00,0.00,-26.33,171.56,99,-1,0,-3,-29.1,0.52,0.498,0.669,0.49,0,26,0,206.5,54.8,70.7,64.5,0.00,1,15.5,24.0
33.10,cruise,350.11,-0.11,0.477,1,1753.7,-909.6,-833.2,2675.1,-45.22,167.85,97,61,-1,55.8,32.9,56.8,30.5,-0.21,0.15,1.00,0.00,0.00,0.00,-25.73,171.92,99,-1,0,-0,-30.6,0.60,0.488,0.659,0.52,0,26,0,207.2,53.9,69.5,61.5,0.00,1,12.9,19.6
33.20,cruise,350.19,-0.19,0.468,1,1749.1,-892.8,-828.6,2658.3,-45.66,167.92,96,61,-1,56.1,32.1,57.7,26.6,-0.19,0.12,1.00,0.00,0.00,0.00,-26.91,171.92,99,-1,0,3,-28.3,0.60,0.479,0.624,0.49,0,26,0,208.5,53.6,68.2,58.0,0.00,1,8.5,13.0
33.30,cruise,350.26,-0.26,0.465,1,1744.5,-876.1,-824.0,2641.6,-46.14,167.85,96,61,-1,56.2,31.7,58.1,23.8,-0.15,0.08,1.00,0.00,0.00,0.00,-29.01,171.64,99,-1,0,6,-22.5,0.58,0.475,0.579,0.39,0,26,0,210.1,53.9,67.1,54.9,0.00,1,3.4,5.1
33.40,cruise,350.29,-0.29,0.466,1,1735.2,-842.5,-819.4,2624.8,-47.15,167.59,95,61,-1,56.3,31.7,58.2,22.4,-0.09,0.03,1.00,0.00,0.00,0.00,-31.42,171.23,99,-1,0,9,-6.1,0.47,0.473,0.529,0.24,0,26,0,211.9,54.7,66.3,52.7,0.00,1,-4.5,-10.3
33.50,cruise,350.30,-0.30,0.471,1,1735.2,-842.5,-814.7,2608.0,-47.15,167.59,95,61,-1,56.2,31.9,57.9,22.8,-0.02,-0.01,1.00,0.00,0.00,0.00,-33.44,170.85,99,-1,0,10,-6.1,0.31,0.474,0.488,0.09,0,26,0,213.6,55.9,65.8,51.7,0.00,1,-4.5,-10.3
33.60,cruise,350.27,-0.27,0.481,1,1730.4,-825.8,-809.9,2591.3,-47.59,167.45,94,54,-1,56.1,32.3,57.4,24.8,0.05,-0.04,1.00,0.00,0.00,0.00,-37.04,170.10,99,-1,0,9,3.1,0.13,0.481,0.525,-0.07,0,26,0,215.0,57.3,65.8,52.0,0.00,1,-7.1,-16.3
33.70,cruise,350.22,-0.22,0.495,1,1720.8,-792.3,-805.1,2574.5,-48.21,167.43,93,54,-1,55.9,32.9,56.8,28.1,0.12,-0.05,1.00,0.00,0.00,0.00,-39.08,169.68,99,-1,0,8,19.4,-0.08,0.495,0.581,-0.19,0,26,0,216.2,58.9,66.1,53.5,0.00,1,-8.9,-23.0
33.80,cruise,350.14,-0.14,0.514,1,1716.0,-775.5,-800.3,2557.8,-48.34,167.50,93,54,-1,55.7,33.8,56.2,32.2,0.17,-0.06,1.00,0.00,0.00,0.00,-39.53,169.69,99,-1,0,6,24.6,-0.28,0.517,0.636,-0.27,0,26,0,217.0,60.3,66.8,55.8,0.00,1,-8.9,-23.0
33.90,cruise,350.04,-0.04,0.538,1,1716.0,-775.5,-795.5,2541.0,-48.34,167.50,93,54,-1,55.3,34.8,55.5,36.4,0.20,-0.06,1.00,0.00,0.00,0.00,-38.53,170.02,99,-1,0,3,24.6,-0.43,0.544,0.686,-0.34,0,26,0,217.4,61.6,67.5,58.3,0.00,1,-8.9,-23.0
34.00,cruise,349.95,0.05,0.562,1,1706.3,-742.0,-790.6,2524.3,-48.16,167.94,94,52,-1,54.9,36.0,54.7,40.1,0.20,-0.07,1.00,0.00,0.00,0.00,-37.72,170.33,99,-1,0,1,26.0,-0.52,0.571,0.721,-0.40,0,26,0,217.4,62.5,68.3,60.7,0.00,1,-6.7,-14.6
34.10,cruise,349.86,0.14,0.578,1,1706.3,-742.0,-785.8,2507.5,-48.16,167.94,94,52,-1,54.5,37.2,53.9,43.0,0.17,-0.07,1.00,0.00,0.00,0.00,-36.23,170.91,99,-1,0,-1,26.0,-0.55,0.589,0.730,-0.39,0,26,0,216.8,62.9,69.1,62.8,0.00,1,-6.7,-14.6
34.20,cruise,349.80,0.20,0.582,1,1696.7,-708.3,-781.0,2490.7,-47.68,168.93,94,52,-1,54.1,38.0,53.1,44.7,0.13,-0.07,1.00,0.00,0.00,0.00,-34.68,171.64,99,-1,0,-3,14.5,-0.50,0.591,0.707,-0.31,0,26,0,215.8,62.8,69.7,64.5,0.00,1,-1.2,0.5
34.30,cruise,349.77,0.23,0.577,1,1692.0,-691.4,-776.2,2473.8,-47.33,169.45,95,52,-1,53.9,38.4,52.5,45.2,0.07,-0.06,1.00,0.00,0.00,0.00,-33.46,172.31,99,-1,0,-4,4.9,-0.38,0.582,0.656,-0.25,0,26,0,214.3,62.2,70.2,65.7,0.00,1,2.3,8.2
34.40,cruise,349.78,0.22,0.563,1,1692.0,-691.4,-771.5,2456.9,-47.33,169.45,96,56,-1,54.0,38.3,52.2,44.6,0.00,-0.03,1.00,0.00,0.00,0.00,-30.07,173.35,99,-1,0,-5,4.9,-0.19,0.565,0.585,-0.15,0,26,0,212.9,61.2,70.4,66.2,0.00,1,2.3,8.2
34.50,cruise,349.81,0.19,0.543,1,1687.3,-674.4,-766.8,2439.9,-47.11,169.98,96,56,-1,54.3,37.6,52.5,42.8,-0.06,0.00,1.00,0.00,0.00,0.00,-27.83,174.18,99,-1,0,-5,-5.9,0.03,0.543,0.580,-0.02,0,26,0,211.7,60.0,70.4,66.0,0.00,1,5.7,14.4
34.60,cruise,349.87,0.13,0.521,1,1677.9,-640.3,-762.1,2422.8,-46.85,170.75,97,56,-1,54.7,36.5,53.1,40.2,-0.13,0.04,1.00,0.00,0.00,0.00,-26.69,174.74,99,-1,0,-3,-23.7,0.25,0.523,0.610,0.09,0,26,0,211.0,58.7,69.9,64.9,0.00,1,9.3,19.6
34.70,cruise,349.95,0.05,0.500,1,1673.2,-623.2,-757.4,2405.8,-46.98,170.97,97,56,-1,55.1,35.2,54.0,36.8,-0.17,0.08,1.00,0.00,0.00,0.00,-26.70,175.03,99,-1,0,-1,-28.2,0.44,0.506,0.631,0.20,0,26,0,211.0,57.6,69.1,62.9,0.00,1,9.2,18.0
34.80,cruise,350.03,-0.03,0.481,1,1673.2,-623.2,-752.7,2388.7,-46.98,170.97,96,57,-1,55.5,33.9,55.0,33.0,-0.20,0.10,1.00,0.00,0.00,0.00,-27.45,175.17,99,-1,0,1,-28.2,0.59,0.491,0.636,0.28,0,26,0,211.7,56.8,68.0,60.0,0.00,1,9.2,18.0
34.90,cruise,350.11,-0.11,0.467,1,1668.5,-606.1,-748.0,2371.6,-47.15,171.12,96,57,-1,55.8,32.8,55.9,29.2,-0.20,0.11,1.00,0.00,0.00,0.00,-29.23,175.08,99,-1,0,5,-28.8,0.60,0.477,0.619,0.35,0,26,0,212.9,56.6,66.9,56.8,0.00,1,7.7,13.8
35.00,cruise,350.18,-0.18,0.460,1,1663.8,-589.0,-743.3,2354.5,-47.42,171.12,95,57,-1,56.0,32.1,56.7,26.2,-0.16,0.10,1.00,0.00,0.00,0.00,-31.75,174.71,99,-1,0,8,-25.3,0.60,0.470,0.591,0.35,0,26,0,214.3,56.8,65.9,53.7,0.00,1,5.7,7.4
35.10,cruise,350.22,-0.22,0.459,1,1659.0,-571.8,-738.5,2337.3,-47.86,171.10,94,57,-1,56.2,31.7,57.2,24.4,-0.10,0.08,1.00,0.00,0.00,0.00,-34.58,174.27,99,-1,0,10,-18.5,0.57,0.468,0.551,0.32,0,26,0,215.8,57.6,65.3,51.3,0.00,1,3.2,0.2
35.20,cruise,350.24,-0.24,0.465,1,1649.3,-537.7,-733.7,2320.2,-48.47,170.86,93,52,-1,56.2,31.6,57.4,24.3,-0.03,0.05,1.00,0.00,0.00,0.00,-39.17,173.29,99,-1,0,11,0.0,0.42,0.470,0.506,0.23,0,26,0,217.3,58.6,65.1,50.1,0.00,1,-2.2,-13.4
35.30,cruise,350.22,-0.22,0.478,1,1649.3,-537.7,-728.8,2303.2,-48.47,170.86,92,52,-1,56.2,31.7,57.4,25.9,0.05,0.02,1.00,0.00,0.00,0.00,-42.42,172.46,99,-1,0,11,0.0,0.22,0.480,0.512,0.10,0,26,0,218.5,60.0,65.3,50.3,0.00,1,-2.2,-13.4
35.40,cruise,350.18,-0.18,0.497,1,1639.6,-503.5,-724.0,2286.1,-48.96,170.73,92,52,-1,56.0,32.2,57.1,29.1,0.12,-0.02,1.00,0.00,0.00,0.00,-44.23,172.01,99,-1,0,10,19.6,-0.01,0.497,0.567,-0.03,0,26,0,219.5,61.4,65.8,51.8,0.00,1,-7.2,-20.9
35.50,cruise,350.11,-0.11,0.521,1,1634.7,-486.4,-719.1,2269.0,-49.00,170.79,92,52,-1,55.8,33.1,56.6,33.1,0.18,-0.05,1.00,0.00,0.00,0.00,-44.45,171.96,99,-1,0,7,26.8,-0.25,0.523,0.640,-0.18,0,26,0,220.2,62.6,66.4,54.2,0.00,1,-8.8,-20.2
35.60,cruise,350.02,-0.02,0.545,1,1634.7,-486.4,-714.2,2251.9,-49.00,170.79,91,49,-1,55.4,34.3,55.7,37.2,0.20,-0.08,1.00,0.00,0.00,0.00,-45.05,171.88,99,-1,0,4,26.8,-0.45,0.552,0.706,-0.30,0,26,0,220.3,63.4,67.0,57.0,0.00,1,-8.8,-20.2
35.70,cruise,349.93,0.07,0.563,1,1629.8,-469.3,-709.3,2234.8,-48.96,171.00,91,49,-1,54.9,35.8,54.5,40.8,0.20,-0.11,1.00,0.00,0.00,0.00,-44.88,172.12,99,-1,0,2,31.2,-0.59,0.576,0.751,-0.37,0,26,0,219.9,63.8,67.7,59.7,0.00,1,-9.7,-17.0
35.80,cruise,349.85,0.15,0.572,1,1620.0,-435.0,-704.4,2217.7,-48.47,171.75,91,49,-1,54.4,37.2,53.1,43.5,0.18,-0.12,1.00,0.00,0.00,0.00,-44.48,172.49,99,-1,0,-1,28.3,-0.60,0.585,0.759,-0.39,0,26,0,218.7,63.6,68.3,62.2,0.00,1,-5.5,-3.4
35.90,cruise,349.79,0.21,0.570,1,1620.0,-435.0,-699.5,2200.5,-48.47,171.75,91,49,-1,54.0,38.3,51.7,45.1,0.14,-0.12,1.00,0.00,0.00,0.00,-44.41,172.84,99,-1,0,-3,28.3,-0.60,0.582,0.729,-0.32,0,26,0,216.7,62.8,69.1,64.4,0.00,1,-5.5,-3.4
36.00,cruise,349.77,0.23,0.557,1,1610.5,-400.6,-694.7,2183.3,-47.68,172.74,92,55,-1,53.8,38.8,50.7,45.6,0.08,-0.10,1.00,0.00,0.00,0.00,-40.50,174.17,99,-1,0,-5,11.3,-0.52,0.566,0.664,-0.19,0,26,0,214.0,61.6,69.9,66.3,0.00,1,5.7,13.3
36.10,cruise,349.79,0.21,0.538,1,1610.5,-400.6,-690.0,2166.1,-47.68,172.74,93,55,-1,53.9,38.8,50.4,45.1,0.01,-0.06,1.00,0.00,0.00,0.00,-37.62,175.20,99,-1,0,-6,11.3,-0.35,0.543,0.582,-0.02,0,26,0,211.0,59.9,70.8,67.7,0.00,1,5.7,13.3
36.20,cruise,349.84,0.16,0.521,1,1601.0,-365.9,-685.2,2148.8,-47.15,173.45,94,55,-1,54.2,38.0,50.7,43.6,-0.05,-0.00,1.00,0.00,0.00,0.00,-35.48,175.95,99,-1,0,-7,-10.8,-0.15,0.521,0.549,0.12,0,26,0,208.2,58.2,71.5,68.6,0.00,1,15.5,22.9
36.30,cruise,349.91,0.09,0.505,1,1601.0,-365.9,-680.5,2131.4,-47.15,173.45,94,55,-1,54.6,36.8,51.8,41.4,-0.10,0.07,1.00,0.00,0.00,0.00,-34.03,176.50,99,-1,0,-7,-10.8,0.07,0.505,0.591,0.26,0,26,0,206.1,56.4,72.0,68.8,0.00,1,15.5,22.9
36.40,cruise,349.99,0.01,0.494,1,1591.6,-331.2,-675.8,2114.1,-47.24,173.78,96,64,-1,55.2,35.0,53.4,38.5,-0.14,0.13,1.00,0.00,0.00,0.00,-28.98,177.58,99,-1,0,-7,-28.2,0.28,0.496,0.633,0.36,0,26,0,204.8,54.8,71.9,68.0,0.00,1,18.7,22.6
36.50,cruise,350.07,-0.07,0.486,1,1591.6,-331.2,-671.1,2096.7,-47.24,173.78,97,64,-1,55.7,33.2,55.2,34.9,-0.18,0.18,1.00,0.00,0.00,0.00,-25.67,178.25,99,-1,0,-5,-28.2,0.47,0.492,0.664,0.43,0,26,0,204.5,53.5,71.4,66.1,0.00,1,18.7,22.6
36.60,cruise,350.15,-0.15,0.481,1,1586.8,-313.8,-666.3,2079.3,-47.50,173.78,98,64,-1,56.1,31.5,56.9,30.7,-0.19,0.19,1.00,0.00,0.00,0.00,-24.20,178.53,99,-1,0,-2,-32.2,0.60,0.492,0.676,0.42,0,26,0,205.1,52.7,70.3,63.1,0.00,1,16.6,19.5
36.70,cruise,350.22,-0.22,0.479,1,1577.2,-279.1,-661.5,2061.9,-48.43,173.62,98,64,-1,56.4,30.3,58.2,26.3,-0.19,0.17,1.00,0.00,0.00,0.00,-24.55,178.53,99,-1,0,2,-28.9,0.60,0.489,0.661,0.35,0,26,0,206.5,52.4,69.0,59.2,0.00,1,6.7,7.2
36.80,cruise,350.28,-0.28,0.477,1,1572.3,-261.7,-656.7,2044.6,-49.04,173.50,97,61,-1,56.6,29.6,58.9,22.4,-0.17,0.11,1.00,0.00,0.00,0.00,-27.65,178.11,99,-1,0,6,-22.2,0.60,0.488,0.623,0.23,0,26,0,208.5,52.6,67.5,55.1,0.00,1,0.3,-0.8
36.90,cruise,350.31,-0.31,0.476,1,1572.3,-261.7,-651.8,2027.2,-49.04,173.50,96,61,-1,56.6,29.6,59.0,19.7,-0.13,0.04,1.00,0.00,0.00,0.00,-31.49,177.52,99,-1,0,10,-22.2,0.60,0.487,0.569,0.07,0,26,0,210.8,53.4,66.2,51.6,0.00,1,0.3,-0.8
37.00,cruise,350.31,-0.31,0.477,1,1567.4,-244.4,-646.9,2009.9,-49.61,173.33,95,61,-1,56.6,29.8,58.7,18.7,-0.07,-0.02,1.00,0.00,0.00,0.00,-35.29,176.80,99,-1,0,12,-13.7,0.52,0.485,0.528,-0.11,0,26,0,213.2,54.7,65.2,49.2,0.00,1,-5.2,-8.6
37.10,cruise,350.28,-0.28,0.479,1,1557.3,-209.7,-641.9,1992.6,-50.58,173.05,94,61,-1,56.5,30.2,57.9,19.7,0.00,-0.07,1.00,0.00,0.00,0.00,-38.42,176.15,99,-1,0,13,5.5,0.35,0.483,0.518,-0.29,0,26,0,215.5,56.2,64.5,48.3,0.00,1,-12.0,-21.0
37.20,cruise,350.22,-0.22,0.485,1,1557.3,-209.7,-636.8,1975.2,-50.58,173.05,92,51,-1,56.3,30.8,57.0,22.3,0.08,-0.10,1.00,0.00,0.00,0.00,-43.93,174.85,99,-1,0,13,5.5,0.14,0.486,0.572,-0.44,0,26,0,217.6,57.9,64.2,48.8,0.00,1,-12.0,-21.0
37.30,cruise,350.13,-0.13,0.497,1,1547.2,-175.2,-631.7,1958.0,-50.98,172.85,91,51,-1,56.1,31.7,56.0,26.2,0.15,-0.11,1.00,0.00,0.00,0.00,-47.54,173.85,99,-1,0,11,23.0,-0.08,0.497,0.625,-0.56,0,26,0,219.2,59.5,64.4,50.6,0.00,1,-11.9,-25.3
37.40,cruise,350.02,-0.02,0.514,1,1542.1,-157.9,-626.7,1940.7,-50.98,172.89,91,51,-1,55.7,32.7,55.1,30.8,0.20,-0.11,1.00,0.00,0.00,0.00,-49.31,173.33,99,-1,0,8,29.1,-0.30,0.517,0.675,-0.63,0,26,0,220.0,60.9,65.0,53.2,0.00,1,-9.7,-23.3
37.50,cruise,349.89,0.11,0.535,1,1537.0,-140.6,-621.6,1923.4,-50.84,173.06,91,51,-1,55.3,33.8,54.2,35.4,0.23,-0.09,1.00,0.00,0.00,0.00,-49.45,173.33,99,-1,0,5,32.1,-0.48,0.543,0.718,-0.63,0,26,0,220.0,61.9,65.9,56.3,0.00,1,-6.2,-18.8
37.60,cruise,349.77,0.23,0.557,1,1537.0,-140.6,-616.5,1906.1,-50.84,173.06,91,50,-1,54.9,35.0,53.4,39.6,0.23,-0.08,1.00,0.00,0.00,0.00,-49.14,173.55,99,-1,0,2,32.1,-0.60,0.569,0.745,-0.58,0,26,0,219.0,62.5,67.1,59.6,0.00,1,-6.2,-18.8
37.70,cruise,349.66,0.34,0.574,1,1526.9,-105.9,-611.4,1888.8,-50.23,173.73,91,50,-1,54.5,36.1,52.8,42.7,0.21,-0.07,1.00,0.00,0.00,0.00,-47.95,174.10,99,-1,0,-1,26.3,-0.60,0.587,0.745,-0.48,0,26,0,217.0,62.4,68.5,62.7,0.00,1,2.6,-2.7
37.80,cruise,349.59,0.41,0.584,1,1526.9,-105.9,-606.4,1871.4,-50.23,173.73,91,50,-1,54.2,36.7,52.3,44.7,0.15,-0.05,1.00,0.00,0.00,0.00,-46.39,174.79,99,-1,0,-4,26.3,-0.60,0.597,0.718,-0.38,0,26,0,214.1,61.8,70.1,65.5,0.00,1,2.6,-2.7
37.90,cruise,349.55,0.45,0.585,1,1521.9,-88.5,-601.4,1854.0,-49.88,174.18,92,50,-1,54.2,36.7,52.2,45.3,0.09,-0.03,1.00,0.00,0.00,0.00,-44.87,175.54,99,-1,0,-6,18.0,-0.49,0.593,0.661,-0.27,0,26,0,210.6,60.5,71.5,67.9,0.00,1,7.7,7.3
38.00,cruise,349.56,0.44,0.576,1,1516.9,-71.0,-596.4,1836.5,-49.61,174.70,94,62,-1,54.3,36.2,52.4,44.6,0.01,0.00,1.00,0.00,0.00,0.00,-37.08,177.78,99,-1,0,-8,7.2,-0.31,0.579,0.590,-0.15,0,26,0,207.1,58.8,72.8,69.6,0.00,1,12.3,16.4
38.10,cruise,349.59,0.41,0.560,1,1507.0,-36.0,-591.5,1819.0,-49.31,175.61,96,62,-1,54.7,34.9,53.2,42.6,-0.06,0.05,1.00,0.00,0.00,0.00,-30.86,179.40,99,-1,0,-9,-16.7,-0.08,0.560,0.620,-0.01,0,26,0,204.2,56.7,73.5,70.3,0.00,1,17.9,28.5
38.20,cruise,349.66,0.34,0.542,1,1502.1,-18.4,-586.5,1801.5,-49.48,175.94,97,62,-1,55.2,33.2,54.4,39.4,-0.13,0.09,1.00,0.00,0.00,0.00,-26.52,180.46,99,-1,0,-9,-26.9,0.16,0.543,0.664,0.09,0,26,0,202.4,54.4,73.6,69.9,0.00,1,18.0,30.5
38.30,cruise,349.74,0.26,0.523,1,1502.1,-18.4,-581.6,1783.9,-49.48,175.94,98,62,-1,55.7,31.2,55.8,34.9,-0.19,0.13,1.00,0.00,0.00,0.00,-24.47,181.12,99,-1,0,-7,-26.9,0.41,0.528,0.697,0.17,0,26,0,201.8,52.1,72.7,68.0,0.00,1,18.0,30.5
38.40,cruise,349.83,0.17,0.504,1,1497.1,-0.8,-576.6,1766.3,-49.79,176.15,99,67,-1,56.1,29.4,57.2,29.3,-0.24,0.16,1.00,0.00,0.00,0.00,-23.13,181.58,99,-1,0,-3,-34.0,0.60,0.515,0.715,0.23,0,26,0,202.4,50.2,71.0,64.5,0.00,1,16.2,29.6
38.50,cruise,349.91,0.09,0.490,1,1492.1,16.8,-571.6,1748.7,-50.27,176.20,98,67,-1,56.3,28.2,58.3,22.9,-0.26,0.15,1.00,0.00,0.00,0.00,-24.61,181.57,99,-1,0,2,-37.0,0.60,0.501,0.705,0.23,0,26,0,203.9,48.8,68.8,59.7,0.00,1,12.9,25.4
38.60,cruise,349.98,0.02,0.480,1,1487.0,34.5,-566.5,1731.0,-50.98,176.13,97,67,-1,56.5,27.7,59.1,16.7,-0.26,0.12,1.00,0.00,0.00,0.00,-28.55,181.12,99,-1,0,7,-35.3,0.60,0.491,0.671,0.19,0,26,0,206.0,48.1,66.3,54.2,0.00,1,8.0,18.3
38.70,cruise,350.03,-0.03,0.477,1,1476.6,69.6,-561.4,1713.4,-52.43,175.64,96,67,-1,56.5,27.8,59.4,11.8,-0.22,0.07,1.00,0.00,0.00,0.00,-33.94,180.19,99,-1,0,12,-21.3,0.60,0.487,0.624,0.10,0,26,0,208.3,48.2,64.3,49.2,0.00,1,-1.7,-1.3
38.80,cruise,350.06,-0.06,0.476,1,1471.3,87.2,-556.1,1695.9,-53.17,175.34,93,58,-1,56.5,28.1,59.2,9.0,-0.16,0.01,1.00,0.00,0.00,0.00,-42.26,178.36,99,-1,0,16,-12.0,0.60,0.486,0.567,-0.03,0,26,0,210.7,49.0,62.8,45.5,0.00,1,-5.6,-11.7
38.90,cruise,350.06,-0.06,0.475,1,1471.3,87.2,-550.8,1678.3,-53.17,175.34,91,58,-1,56.5,28.5,58.7,8.7,-0.08,-0.04,1.00,0.00,0.00,0.00,-49.65,176.37,99,-1,0,18,-12.0,0.60,0.485,0.539,-0.16,0,26,0,212.9,50.6,62.0,43.5,0.00,1,-5.6,-11.7
39.00,cruise,350.02,-0.02,0.475,1,1466.0,104.7,-545.5,1660.8,-53.88,175.08,90,58,-1,56.4,28.8,58.0,10.7,0.01,-0.06,1.00,0.00,0.00,0.00,-55.39,174.60,99,-1,0,18,-2.2,0.40,0.480,0.513,-0.27,0,26,0,214.9,52.6,61.9,43.3,0.00,1,-8.1,-20.5
39.10,cruise,349.96,0.04,0.480,1,1460.5,122.2,-540.0,1643.3,-54.45,174.85,89,58,-1,56.3,29.2,57.4,14.9,0.10,-0.07,1.00,0.00,0.00,0.00,-58.88,173.41,99,-1,0,17,8.0,0.17,0.481,0.560,-0.34,0,26,0,216.5,54.8,62.5,44.9,0.00,1,-8.8,-27.1
39.20,cruise,349.86,0.14,0.496,1,1449.6,157.1,-534.6,1625.9,-55.06,174.50,87,52,-1,56.1,29.6,56.8,20.5,0.18,-0.05,1.00,0.00,0.00,0.00,-62.45,172.05,99,-1,0,14,26.8,-0.09,0.496,0.612,-0.41,0,26,0,217.4,57.1,63.7,47.9,0.00,1,-7.6,-32.2
39.30,cruise,349.74,0.26,0.521,1,1444.1,174.5,-529.1,1608.4,-55.11,174.50,87,52,-1,55.8,30.4,56.4,26.9,0.24,-0.04,1.00,0.00,0.00,0.00,-63.39,171.65,99,-1,0,10,33.2,-0.34,0.525,0.673,-0.47,0,26,0,217.8,59.2,65.1,51.8,0.00,1,-6.8,-29.9
39.40,cruise,349.60,0.40,0.553,1,1444.1,174.5,-523.6,1591.0,-55.11,174.50,88,52,-1,55.5,31.3,55.9,33.2,0.27,-0.04,1.00,0.00,0.00,0.00,-61.95,172.19,99,-1,0,5,33.2,-0.56,0.564,0.735,-0.50,0,26,0,217.5,60.8,66.7,56.1,0.00,1,-6.8,-29.9
39.50,cruise,349.47,0.53,0.587,1,1433.1,209.5,-518.1,1573.5,-54.89,174.99,89,52,-1,55.1,32.6,55.2,38.5,0.26,-0.05,1.00,0.00,0.00,0.00,-58.96,173.39,99,-1,0,1,35.8,-0.60,0.600,0.780,-0.50,0,26,0,216.4,61.7,68.4,60.2,0.00,1,-3.5,-15.1
39.60,cruise,349.36,0.64,0.611,1,1427.6,227.0,-512.6,1556.0,-54.62,175.47,90,55,-1,54.7,33.8,54.5,42.4,0.22,-0.06,1.00,0.00,0.00,0.00,-53.36,175.46,99,-1,0,-2,30.4,-0.60,0.625,0.795,-0.46,0,26,0,214.3,61.9,69.9,63.8,0.00,1,-0.5,-4.0
39.70,cruise,349.29,0.71,0.620,1,1427.6,227.0,-507.1,1538.5,-54.62,175.47,92,55,-1,54.4,34.6,53.6,44.6,0.16,-0.07,1.00,0.00,0.00,0.00,-47.98,177.40,99,-1,0,-5,30.4,-0.60,0.634,0.772,-0.38,0,26,0,211.6,61.2,71.4,66.8,0.00,1,-0.5,-4.0
39.80,cruise,349.26,0.74,0.612,1,1422.1,244.6,-501.6,1520.9,-54.27,176.04,93,55,-1,54.3,34.9,52.9,45.1,0.08,-0.06,1.00,0.00,0.00,0.00,-43.45,179.02,99,-1,0,-8,21.6,-0.59,0.625,0.715,-0.28,0,26,0,208.3,59.8,72.6,69.0,0.00,1,3.2,7.4
39.90,cruise,349.27,0.73,0.590,1,1411.4,280.0,-496.2,1503.2,-53.83,177.29,94,55,-1,54.4,34.4,52.5,44.1,-0.00,-0.05,1.00,0.00,0.00,0.00,-40.33,180.26,99,-1,0,-9,-2.9,-0.39,0.595,0.623,-0.15,0,26,0,205.1,57.7,73.4,70.5,0.00,1,11.2,26.8
40.00,cruise,349.34,0.66,0.558,1,1406.0,297.7,-490.9,1485.5,-53.79,177.79,97,66,-1,54.8,33.1,52.6,41.6,-0.09,-0.01,1.00,0.00,0.00,0.00,-33.05,182.31,99,-1,0,-10,-16.5,-0.13,0.558,0.611,0.06,0,26,0,202.7,55.1,73.7,71.0,0.00,1,14.4,31.6
40.10,cruise,349.44,0.56,0.524,1,1406.0,297.7,-485.5,1467.8,-53.79,177.79,98,66,-1,55.3,31.2,53.4,37.8,-0.17,0.06,1.00,0.00,0.00,0.00,-28.28,183.59,99,-1,0,-9,-16.5,0.15,0.525,0.642,0.29,0,26,0,201.4,52.5,73.3,70.2,0.00,1,14.4,31.6
40.20,cruise,349.56,0.44,0.496,1,1400.6,315.6,-480.1,1449.9,-54.01,178.11,99,66,-1,55.8,29.2,54.7,32.9,-0.23,0.12,1.00,0.00,0.00,0.00,-26.17,184.27,99,-1,0,-7,-27.9,0.43,0.501,0.677,0.48,0,26,0,201.2,50.1,72.0,68.0,0.00,1,16.5,32.5
40.30,cruise,349.69,0.31,0.474,1,1395.2,333.4,-474.7,1432.1,-54.36,178.22,99,66,-1,56.2,27.6,56.2,27.0,-0.28,0.17,1.00,0.00,0.00,0.00,-26.63,184.41,99,-1,0,-3,-35.8,0.60,0.484,0.697,0.62,0,26,0,202.2,48.2,70.0,64.1,0.00,1,16.2,29.8
40.40,cruise,349.81,0.19,0.461,1,1389.7,351.2,-469.2,1414.3,-54.80,178.13,98,65,-1,56.4,26.7,57.6,20.5,-0.30,0.18,1.00,0.00,0.00,0.00,-29.99,183.94,99,-1,0,3,-39.0,0.60,0.471,0.690,0.66,0,26,0,204.0,47.1,67.5,58.8,0.00,1,13.7,24.2
40.50,cruise,349.92,0.08,0.456,1,1384.2,369.0,-463.7,1396.5,-55.37,177.88,96,65,-1,56.6,26.5,58.6,14.3,-0.28,0.15,1.00,0.00,0.00,0.00,-35.29,182.93,99,-1,0,8,-37.4,0.60,0.466,0.665,0.61,0,26,0,206.4,46.9,65.1,53.0,0.00,1,9.8,15.3
40.60,cruise,350.00,-0.00,0.457,1,1372.9,404.5,-458.1,1378.8,-56.78,177.09,95,65,-1,56.6,26.9,59.1,9.5,-0.23,0.10,1.00,0.00,0.00,0.00,-41.81,181.42,99,-1,0,14,-23.9,0.60,0.467,0.619,0.50,0,26,0,209.0,47.5,63.1,47.6,0.00,1,-0.5,-5.5
40.70,cruise,350.05,-0.05,0.461,1,1372.9,404.5,-452.4,1361.0,-56.78,177.09,93,65,-1,56.6,27.6,59.0,6.7,-0.17,0.03,1.00,0.00,0.00,0.00,-48.51,179.53,99,-1,0,18,-23.9,0.60,0.472,0.564,0.29,0,26,0,211.7,48.9,61.7,43.4,0.00,1,-0.5,-5.5
40.80,cruise,350.07,-0.07,0.464,1,1361.4,439.8,-446.7,1343.4,-58.05,176.29,90,55,-1,56.5,28.2,58.5,6.4,-0.09,-0.03,1.00,0.00,0.00,0.00,-57.61,176.59,99,-1,0,21,-4.6,0.60,0.475,0.533,0.08,0,26,0,214.4,50.9,60.9,40.9,0.00,1,-8.6,-25.1
40.90,cruise,350.06,-0.06,0.466,1,1355.6,457.4,-440.9,1325.7,-58.58,175.99,88,55,-1,56.4,29.0,57.8,8.6,0.00,-0.07,1.00,0.00,0.00,0.00,-64.84,173.90,99,-1,0,21,6.3,0.51,0.474,0.509,-0.10,0,26,0,217.0,53.5,60.8,40.3,0.00,1,-10.0,-32.8
41.00,cruise,350.01,-0.01,0.471,1,1355.6,457.4,-435.1,1308.1,-58.58,175.99,86,55,-1,56.2,29.6,57.0,13.1,0.10,-0.08,1.00,0.00,0.00,0.00,-69.56,171.95,99,-1,0,20,6.3,0.27,0.473,0.560,-0.21,0,26,0,219.4,56.3,61.3,41.6,0.00,1,-10.0,-32.8
41.10,cruise,349.92,0.08,0.485,1,1343.8,492.5,-429.2,1290.5,-59.06,175.61,86,55,-1,56.0,30.3,56.4,19.4,0.20,-0.07,1.00,0.00,0.00,0.00,-71.46,171.07,99,-1,0,17,27.7,-0.01,0.485,0.614,-0.28,0,26,0,221.2,59.1,62.3,44.5,0.00,1,-9.1,-38.7
41.20,cruise,349.80,0.20,0.511,1,1337.9,510.1,-423.3,1273.0,-59.06,175.57,85,47,-1,55.7,31.2,55.9,26.5,0.27,-0.05,1.00,0.00,0.00,0.00,-74.33,169.71,99,-1,0,13,36.0,-0.30,0.514,0.679,-0.36,0,26,0,222.4,61.6,63.7,48.6,0.00,1,-8.0,-36.0
41.30,cruise,349.65,0.35,0.548,1,1337.9,510.1,-417.4,1255.4,-59.06,175.57,85,47,-1,55.3,32.4,55.4,33.6,0.30,-0.05,1.00,0.00,0.00,0.00,-74.61,169.55,99,-1,0,8,36.0,-0.56,0.559,0.752,-0.41,0,26,0,222.8,63.5,65.2,53.2,0.00,1,-8.0,-36.0
41.40,cruise,349.52,0.48,0.587,1,1326.1,545.3,-411.5,1237.8,-58.49,176.09,85,47,-1,54.8,33.9,54.7,39.8,0.30,-0.05,1.00,0.00,0.00,0.00,-72.93,170.37,99,-1,0,4,41.6,-0.60,0.600,0.808,-0.40,0,26,0,222.2,64.7,66.8,57.7,0.00,1,-4.5,-20.4
41.50,cruise,349.40,0.60,0.619,1,1320.3,562.9,-405.6,1220.2,-57.96,176.59,86,47,-1,54.3,35.5,53.8,44.4,0.26,-0.07,1.00,0.00,0.00,0.00,-70.32,171.71,99,-1,0,-0,37.2,-0.60,0.633,0.835,-0.36,0,26,0,220.4,65.0,68.3,61.7,0.00,1,-1.3,-7.7
41.60,cruise,349.32,0.68,0.623,1,1320.3,562.9,-399.8,1202.6,-57.96,176.59,88,52,-1,53.8,36.7,52.7,47.1,0.19,-0.08,1.00,0.00,0.00,0.00,-64.16,174.44,99,-1,0,-4,37.2,-0.60,0.637,0.808,-0.30,0,26,0,217.3,64.3,69.8,65.1,0.00,1,-1.3,-7.7
41.70,cruise,349.29,0.71,0.620,1,1308.9,598.4,-394.1,1184.9,-56.82,177.93,89,52,-1,53.6,37.3,51.5,47.8,0.10,-0.09,1.00,0.00,0.00,0.00,-59.21,176.62,99,-1,0,-6,17.3,-0.60,0.634,0.753,-0.21,0,26,0,213.3,62.6,71.2,67.8,0.00,1,7.8,20.3
41.80,cruise,349.31,0.69,0.594,1,1303.2,616.2,-388.4,1167.1,-56.38,178.59,90,52,-1,53.7,37.1,50.5,46.8,0.00,-0.09,1.00,0.00,0.00,0.00,-56.03,178.19,99,-1,0,-9,4.7,-0.52,0.604,0.655,-0.09,0,26,0,208.7,60.0,72.4,69.9,0.00,1,13.3,31.1
41.90,cruise,349.38,0.62,0.557,1,1303.2,616.2,-382.7,1149.3,-56.38,178.59,91,52,-1,54.1,36.2,50.3,44.5,-0.10,-0.05,1.00,0.00,0.00,0.00,-54.43,179.20,99,-1,0,-10,4.7,-0.29,0.560,0.641,0.09,0,26,0,204.5,56.9,73.4,71.4,0.00,1,13.3,31.1
42.00,cruise,349.49,0.51,0.520,1,1297.6,634.1,-377.1,1131.4,-56.16,179.12,93,67,-1,54.6,34.6,50.9,40.9,-0.18,0.02,1.00,0.00,0.00,0.00,-45.95,182.01,99,-1,0,-10,-9.6,-0.02,0.520,0.626,0.31,0,26,0,201.6,53.5,73.7,71.8,0.00,1,18.1,37.6
42.10,cruise,349.63,0.37,0.489,1,1292.0,652.1,-371.5,1113.4,-56.12,179.45,95,67,-1,55.3,32.6,52.4,36.4,-0.25,0.11,1.00,0.00,0.00,0.00,-40.19,183.68,99,-1,0,-10,-22.9,0.27,0.491,0.669,0.53,0,26,0,200.0,50.4,73.2,70.9,0.00,1,21.3,39.4
42.20,brake,349.77,0.23,0.467,1,1280.7,688.0,0.0,0.0,-56.73,179.45,96,67,-1,49.3,26.6,54.4,31.0,-0.31,0.33,1.00,0.00,0.00,0.00,-37.13,184.48,99,-1,0,-7,-39.2,0.53,0.475,0.732,0.71,0,26,0,199.9,47.9,71.9,68.4,0.00,1,22.0,30.0
42.30,brake,349.90,0.10,0.456,1,1280.7,688.0,0.0,0.0,-56.73,179.45,96,67,-1,43.3,20.6,56.5,25.0,-0.30,0.48,1.00,0.00,0.00,0.00,-36.76,184.58,99,-1,0,-3,-39.2,0.60,0.466,0.776,0.81,0,26,0,200.9,46.2,69.9,64.3,0.00,1,22.0,30.0
42.40,brake,350.02,-0.02,0.453,1,1269.2,723.8,0.0,0.0,-57.92,178.75,96,66,-1,37.3,14.6,58.2,18.7,-0.26,0.55,1.00,0.00,0.00,0.00,-39.20,183.96,99,-1,0,2,-36.1,0.60,0.463,0.790,0.79,0,26,0,202.8,45.4,67.5,58.9,0.00,1,8.7,10.9
42.50,brake,350.12,-0.12,0.454,1,1263.4,741.6,0.0,0.0,-58.71,178.29,95,66,-1,31.3,8.6,58.9,12.9,-0.20,0.52,1.00,0.00,0.00,0.00,-43.68,182.75,99,-1,0,8,-28.6,0.60,0.465,0.756,0.61,0,26,0,205.4,45.5,65.0,53.1,0.00,1,-4.2,0.1
42.60,brake,350.20,-0.20,0.453,1,1257.4,759.4,0.0,0.0,-59.50,177.82,93,66,-1,25.3,2.6,58.3,8.7,-0.11,0.41,1.00,0.00,0.00,0.00,-49.50,181.06,99,-1,0,14,-20.3,0.60,0.463,0.672,0.28,0,26,0,208.8,46.2,62.2,47.8,0.00,1,-19.1,-10.8
42.70,brake,350.25,-0.25,0.450,1,1251.4,777.2,0.0,0.0,-60.29,177.41,91,66,-1,19.3,-3.4,56.1,6.8,0.01,0.24,1.00,0.00,0.00,0.00,-55.70,179.05,99,-1,0,17,-11.9,0.60,0.460,0.563,-0.13,0,26,0,213.1,47.5,59.1,44.0,0.00,1,-34.7,-20.7
42.80,brake,350.28,-0.28,0.550,1,1251.4,777.2,0.0,0.0,-60.29,177.41,88,51,-1,13.3,-9.4,52.5,7.1,0.18,0.05,1.00,0.00,0.00,0.00,-67.11,174.94,99,-1,0,20,-11.9,0.60,0.562,0.656,-0.54,0,26,0,218.1,48.9,55.6,41.5,0.00,1,-34.7,-20.7
42.90,brake,350.28,-0.28,0.550,1,1239.2,812.6,0.0,0.0,-61.30,176.92,85,51,-1,7.3,-15.4,47.5,9.0,0.39,-0.13,1.00,0.00,0.00,0.00,-77.42,170.49,99,-1,0,21,6.7,0.49,0.558,0.764,-0.85,0,26,0,223.4,49.9,51.5,40.2,0.00,1,-59.8,-30.6
43.00,brake,350.27,-0.27,0.550,1,1233.1,830.3,0.0,0.0,-61.52,176.95,81,51,-1,1.3,-18.8,41.5,11.8,0.59,-0.27,1.00,0.00,0.00,0.00,-86.88,165.87,99,-1,0,21,18.5,0.29,0.553,0.898,-0.91,0,26,0,227.8,49.8,47.0,40.0,0.00,1,-67.1,-27.6
43.10,brake,350.29,-0.29,0.550,1,1226.9,848.0,0.0,0.0,-61.30,176.92,78,51,-1,-4.7,-17.2,34.6,14.8,0.69,-0.39,0.88,0.00,0.00,0.00,-95.74,161.02,99,-1,0,21,30.2,0.05,0.550,0.982,-0.61,0,26,0,230.4,47.7,42.3,40.6,0.00,1,-69.5,-17.6
43.20,brake,350.35,-0.35,0.550,1,1226.9,848.0,0.0,0.0,-61.30,176.92,73,38,-1,-10.7,-17.3,27.2,16.9,0.68,-0.50,0.69,0.00,0.00,0.00,-109.54,151.86,99,-1,1,19,30.2,-0.22,0.552,1.000,-0.10,0,26,0,230.7,43.0,37.3,42.1,0.00,1,-69.5,-17.6
43.30,brake,350.49,-0.49,0.550,1,1220.9,865.6,0.0,0.0,-60.64,176.77,68,38,-1,-16.7,-19.4,19.6,17.4,0.52,-0.54,0.51,0.00,0.00,0.00,-121.40,142.08,99,-1,0,17,40.6,-0.47,0.558,0.980,0.57,0,26,0,228.5,35.6,32.4,44.4,0.00,1,-66.1,-1.0
43.40,brake,350.73,-0.73,0.550,1,1209.0,900.9,0.0,0.0,-58.27,175.78,64,38,-1,-22.7,-23.2,12.8,15.7,0.22,-0.47,0.33,0.00,0.00,0.00,-131.00,132.29,99,-1,0,14,53.9,-0.70,0.567,0.845,1.31,0,26,0,224.2,26.7,27.3,47.8,0.00,1,-40.5,41.3
43.50,brake,351.09,-1.09,0.550,1,1203.3,918.4,0.0,0.0,-56.87,174.95,60,38,-1,-28.7,-27.7,7.7,11.9,-0.14,-0.26,0.13,0.00,0.00,0.00,-138.42,123.02,99,-1,0,9,54.3,-0.90,0.578,0.739,2.15,0,26,0,218.7,17.7,21.7,52.3,0.00,1,-21.8,59.2
43.60,brake,351.56,-1.56,0.550,1,1197.7,935.8,0.0,0.0,-55.68,173.80,59,56,-1,-34.7,-32.2,5.0,6.1,-0.46,0.07,0.00,0.00,0.00,0.00,-137.99,121.65,99,-1,0,4,49.0,-0.90,0.578,0.793,3.08,0,26,0,212.9,9.4,14.3,57.3,0.00,1,-3.8,70.1
43.70,brake,352.13,-2.13,0.550,1,1197.7,935.8,0.0,0.0,-55.68,173.80,59,56,-1,-34.7,-35.8,4.8,-0.6,-0.63,0.41,0.00,0.00,0.00,0.00,-137.47,120.05,99,-1,0,-1,49.0,-0.90,0.578,0.997,4.15,0,26,0,207.9,2.0,3.7,62.0,0.00,1,-3.8,70.1
43.80,brake,352.79,-2.79,0.550,1,1186.7,970.2,0.0,0.0,-54.67,170.64,58,56,-1,-31.6,-38.3,5.9,-7.2,-0.63,0.60,0.00,0.00,0.00,0.00,-137.18,117.95,99,-1,1,-4,22.2,-0.83,0.574,1.000,5.36,0,26,0,204.6,355.5,350.3,65.3,0.00,1,7.7,62.7
43.90,brake,353.53,-3.53,0.550,1,1186.7,970.2,0.0,0.0,-54.67,170.64,58,56,-1,-29.3,-39.6,6.9,-13.0,-0.51,0.57,0.15,0.00,0.00,0.00,-137.25,115.19,99,-1,0,-6,22.2,-0.56,0.561,0.996,6.51,0,26,0,203.1,349.9,337.3,67.0,0.00,1,7.7,62.7
44.00,brake,354.35,-4.35,0.550,1,1175.7,1003.8,0.0,0.0,-55.33,166.53,59,66,-1,-28.4,-40.1,6.2,-17.4,-0.34,0.34,0.28,0.00,0.00,0.00,-134.56,115.51,99,-1,0,-6,-8.6,-0.25,0.552,0.825,7.51,0,26,0,203.1,345.0,327.9,67.5,0.00,1,-22.7,33.4
44.10,brake,355.22,-5.22,0.550,1,1170.2,1020.3,0.0,0.0,-55.85,164.25,59,66,-1,-28.9,-39.8,3.1,-20.4,-0.14,0.01,0.35,0.00,0.00,0.00,-132.39,115.19,99,-1,0,-6,-21.2,0.06,0.550,0.609,8.32,0,26,0,203.9,340.8,321.9,67.3,0.00,1,-42.2,17.9
44.20,brake,356.15,-6.15,0.550,1,1170.2,1020.3,0.0,0.0,-55.85,164.25,60,66,-1,-30.5,-38.9,-2.4,-21.8,0.06,-0.32,0.40,0.00,0.00,0.00,-129.94,114.94,99,-1,0,-5,-21.2,0.32,0.553,0.706,8.99,0,26,0,205.0,337.2,318.0,66.7,0.00,1,-42.2,17.9
44.30,brake,357.12,-7.12,0.550,1,1158.9,1052.5,0.0,0.0,-56.21,159.30,61,66,-1,-32.8,-37.4,-9.6,-22.0,0.24,-0.55,0.46,0.00,0.00,0.00,-126.82,115.23,99,-1,0,-4,-39.4,0.54,0.560,0.874,9.71,0,26,0,206.3,334.0,315.3,65.8,0.00,1,-61.0,-2.5
44.40,brake,358.13,-8.13,0.550,1,1153.3,1068.3,0.0,0.0,-55.72,156.75,62,61,-1,-35.2,-35.3,-17.1,-21.4,0.34,-0.63,0.55,0.00,0.00,0.00,-124.21,114.49,99,-1,0,-3,-42.2,0.73,0.569,0.957,10.48,0,26,0,207.8,331.0,313.6,64.2,0.00,1,-55.3,-2.7
44.50,brake,359.19,-9.19,0.550,1,1153.3,1068.3,0.0,0.0,-55.72,156.75,63,61,-1,-37.2,-33.0,-23.7,-20.5,0.35,-0.55,0.67,0.00,0.00,0.00,-120.54,114.66,99,-1,0,-1,-42.2,0.76,0.570,0.931,11.26,0,26,0,209.6,328.1,312.3,62.0,0.00,1,-55.3,-2.7
44.60,brake,360.33,-10.33,0.550,1,1142.5,1099.0,0.0,0.0,-53.35,151.66,64,61,-1,-38.8,-30.7,-28.6,-20.2,0.26,-0.36,0.78,0.00,0.00,0.00,-116.01,115.39,99,-1,0,2,-31.4,0.72,0.568,0.815,12.00,0,26,0,211.8,324.8,311.3,59.5,0.00,1,-22.9,15.9
44.70,brake,361.56,-11.56,0.550,1,1142.5,1099.0,0.0,0.0,-53.35,151.66,66,61,-1,-39.8,-29.0,-31.5,-21.0,0.10,-0.12,0.86,0.00,0.00,0.00,-110.97,116.32,99,-1,0,4,-31.4,0.69,0.566,0.655,12.59,0,26,0,214.3,321.3,310.4,57.2,0.00,1,-22.9,15.9
44.80,brake,362.87,-12.87,0.550,1,1137.2,1114.0,0.0,0.0,-51.86,149.11,65,52,-1,-40.3,-28.0,-32.8,-23.2,-0.09,0.11,0.92,0.00,0.00,0.00,-109.09,114.11,99,-1,0,6,-20.2,0.52,0.559,0.640,13.08,0,26,0,217.2,317.4,309.6,55.4,0.00,1,-5.8,28.5
44.90,brake,364.26,-14.26,0.450,1,1132.2,1128.7,0.0,0.0,-50.49,146.43,65,52,-1,-40.3,-27.9,-32.7,-26.9,-0.28,0.29,0.98,0.00,0.00,0.00,-106.91,112.08,99,-1,0,7,-7.3,0.28,0.452,0.679,13.53,0,26,0,220.2,313.6,308.9,54.5,0.00,1,8.3,39.2
45.00,brake,365.70,-15.70,0.350,1,1127.2,1143.1,0.0,0.0,-49.39,143.70,65,52,-1,-39.9,-28.7,-31.8,-31.3,-0.43,0.40,1.00,0.00,0.00,0.00,-104.84,109.99,99,-1,0,7,5.7,0.02,0.350,0.682,13.97,0,26,0,222.9,310.2,308.1,54.4,0.00,1,16.2,44.6
45.10,brake,367.15,-17.15,0.250,1,1117.5,1171.2,0.0,0.0,-48.38,138.56,65,52,-1,-39.2,-30.0,-30.4,-35.8,-0.49,0.45,1.00,0.00,0.00,0.00,-103.31,107.65,99,-1,1,6,23.7,-0.21,0.251,0.501,14.28,0,26,0,224.7,307.6,307.3,55.1,0.00,1,13.5,35.5
45.20,brake,368.58,-18.58,0.250,1,1112.6,1184.9,0.0,0.0,-48.30,136.27,63,44,-1,-38.2,-31.6,-28.8,-39.7,-0.47,0.45,1.00,0.00,0.00,0.00,-105.64,101.89,99,-1,1,5,27.6,-0.38,0.252,0.504,14.18,0,26,0,225.2,305.9,306.1,56.5,0.00,1,7.2,27.2
45.30,brake,369.96,-19.96,0.250,1,1112.6,1184.9,0.0,0.0,-48.30,136.27,61,44,-1,-37.0,-33.3,-27.3,-42.9,-0.42,0.44,1.00,0.00,0.00,0.00,-107.95,96.17,99,-1,1,3,27.6,-0.49,0.254,0.507,13.92,0,26,0,224.6,304.8,304.5,58.3,0.00,1,7.2,27.2
45.40,brake,371.28,-21.28,0.250,1,1107.8,1198.4,0.0,0.0,-48.25,134.30,59,44,-1,-35.6,-34.9,-25.9,-45.4,-0.36,0.41,1.00,0.00,0.00,0.00,-110.14,90.73,99,-1,1,1,28.5,-0.55,0.255,0.510,13.37,0,26,0,222.9,304.3,302.4,60.6,0.00,1,0.4,19.6
45.50,brake,372.54,-22.54,0.250,1,1098.1,1224.7,0.0,0.0,-48.25,130.43,57,44,-1,-34.2,-36.2,-25.0,-47.1,-0.28,0.36,1.00,0.00,0.00,0.00,-112.01,85.46,99,-1,0,-2,25.5,-0.59,0.255,0.509,12.76,0,26,0,220.1,304.2,299.8,63.3,0.00,1,-17.1,2.7
45.60,brake,373.73,-23.73,0.250,1,1093.3,1237.6,0.0,0.0,-48.25,128.54,58,53,-1,-32.8,-37.4,-24.7,-48.2,-0.18,0.29,1.00,0.00,0.00,0.00,-110.16,84.88,99,-1,0,-5,22.5,-0.60,0.256,0.446,12.13,0,26,0,215.9,304.6,296.5,66.6,0.00,1,-27.2,-5.3
45.70,brake,374.85,-24.85,0.250,1,1093.3,1237.6,0.0,0.0,-48.25,128.54,58,53,-1,-31.4,-38.4,-25.4,-48.6,-0.10,0.20,1.00,0.00,0.00,0.00,-108.32,84.36,99,-1,0,-9,22.5,-0.60,0.256,0.376,11.50,0,26,0,210.3,305.3,292.5,70.4,0.00,1,-27.2,-5.3
45.80,brake,375.91,-25.91,0.250,1,1083.7,1262.9,0.0,0.0,-47.94,124.85,59,53,-1,-30.2,-39.1,-27.1,-48.5,-0.03,0.10,1.00,0.00,0.00,0.00,-106.10,84.28,99,-1,0,-13,13.2,-0.60,0.256,0.306,10.87,0,26,0,203.5,306.5,287.8,74.7,0.00,1,-45.4,-17.8
45.90,brake,376.90,-26.90,0.250,1,1078.9,1275.2,0.0,0.0,-47.59,123.09,60,53,-1,-29.3,-39.6,-29.9,-48.2,0.02,-0.02,1.00,0.00,0.00,0.00,-103.21,85.05,99,-1,0,-18,7.4,-0.60,0.256,0.270,10.23,0,26,0,196.0,307.9,282.6,79.3,0.00,1,-52.1,-21.5
46.00,brake,377.80,-27.80,0.250,1,1074.2,1287.4,0.0,0.0,-47.20,121.33,68,80,-1,-28.7,-39.9,-33.7,-47.8,0.03,-0.14,1.00,0.00,0.00,0.00,-90.82,95.75,99,-1,0,-23,1.0,-0.60,0.256,0.327,9.58,0,26,0,188.5,309.8,277.1,84.0,0.00,1,-56.2,-23.5
46.10,brake,378.62,-28.62,0.250,1,1069.5,1299.4,0.0,0.0,-46.58,119.62,75,80,-1,-28.5,-40.0,-38.2,-47.4,0.03,-0.27,1.00,0.00,0.00,0.00,-77.56,104.56,99,-1,0,-27,-5.6,-0.56,0.255,0.374,8.91,0,26,0,181.8,311.9,271.6,88.6,0.00,1,-57.5,-24.5
46.20,brake,379.35,-29.35,0.250,1,1069.5,1299.4,0.0,0.0,-46.58,119.62,81,80,-1,-28.7,-39.9,-43.0,-47.1,0.03,-0.38,1.00,0.00,0.00,0.00,-63.78,111.40,99,-1,0,-32,-5.6,-0.52,0.254,0.416,8.21,0,26,0,176.5,314.4,266.6,92.9,0.00,1,-57.5,-24.5
46.30,brake,379.99,-29.99,0.250,1,1064.9,1311.2,0.0,0.0,-45.88,117.91,88,80,-1,-29.4,-39.6,-47.9,-46.7,0.04,-0.46,1.00,0.00,0.00,0.00,-50.19,116.14,99,-1,0,-35,-12.8,-0.45,0.253,0.454,7.53,0,26,0,172.9,317.3,262.3,96.6,0.00,1,-55.8,-25.1
46.40,brake,380.55,-30.55,0.250,1,1056.0,1334.4,0.0,0.0,-44.08,114.48,95,98,-1,-30.4,-39.0,-52.4,-45.8,0.08,-0.50,1.00,0.00,0.00,0.00,-34.66,119.66,99,-1,0,-38,-26.4,-0.36,0.252,0.485,6.83,0,26,0,171.2,320.4,259.4,99.2,0.00,1,-41.9,-25.3
46.50,brake,381.03,-31.03,0.250,1,1051.6,1345.7,0.0,0.0,-42.93,112.81,101,98,-1,-31.9,-38.1,-56.1,-44.1,0.15,-0.49,1.00,0.00,0.00,0.00,-21.07,120.85,99,-1,1,-39,-32.4,-0.25,0.251,0.502,6.04,0,26,0,171.3,323.5,258.3,100.3,0.00,1,-31.5,-25.3
46.60,brake,381.44,-31.44,0.250,1,1047.4,1356.9,0.0,0.0,-41.75,111.23,106,98,-1,-33.5,-36.9,-58.8,-40.9,0.24,-0.44,1.00,0.00,0.00,0.00,-10.21,120.27,99,-1,1,-38,-37.4,-0.11,0.250,0.500,5.23,0,26,0,172.9,326.5,259.4,99.5,0.00,1,-19.8,-24.4
46.70,brake,381.77,-31.77,0.250,1,1047.4,1356.9,0.0,0.0,-41.75,111.23,109,98,-1,-35.2,-35.4,-60.4,-35.9,0.34,-0.35,1.00,0.00,0.00,0.00,-2.69,118.77,99,-1,1,-35,-37.4,0.05,0.250,0.500,4.38,0,26,0,175.9,329.2,263.1,96.2,0.00,1,-19.8,-24.4
46.80,brake,382.02,-32.02,0.250,1,1039.4,1378.8,0.0,0.0,-39.38,108.37,110,89,-1,-36.8,-33.5,-61.1,-28.9,0.42,-0.24,1.00,0.00,0.00,0.00,0.05,117.03,99,-1,1,-29,-44.7,0.25,0.251,0.502,3.49,0,26,0,179.8,331.4,269.7,90.3,0.00,1,1.8,-17.5
46.90,brake,382.20,-32.20,0.250,1,1039.4,1378.8,0.0,0.0,-39.38,108.37,110,89,-1,-38.5,-31.3,-60.8,-20.2,0.49,-0.11,1.00,0.00,0.00,0.00,-0.27,115.30,99,-1,0,-21,-44.7,0.48,0.254,0.496,2.61,0,26,0,184.5,332.9,278.8,82.1,0.00,1,1.8,-17.5
47.00,brake,382.32,-32.32,0.250,1,1035.5,1389.5,0.0,0.0,-38.19,107.05,108,89,-1,-39.9,-28.7,-59.8,-11.1,0.54,0.02,1.00,0.00,0.00,0.00,-3.02,113.62,99,-1,0,-11,-47.0,0.60,0.256,0.478,1.76,0,26,0,189.8,333.7,289.3,72.5,0.00,1,10.4,-11.0
47.10,brake,382.37,-32.37,0.250,1,1028.2,1410.6,0.0,0.0,-35.82,104.59,106,89,-1,-41.2,-25.7,-58.3,-2.8,0.55,0.13,1.00,0.00,0.00,0.00,-7.29,111.81,99,-1,1,-1,-48.9,0.60,0.256,0.511,0.99,0,26,0,195.5,333.5,299.1,62.8,0.00,1,18.9,9.1
47.20,brake,382.38,-32.38,0.250,1,1024.7,1421.0,0.0,0.0,-34.63,103.40,101,68,-1,-42.4,-22.3,-56.3,3.5,0.52,0.22,1.00,0.00,0.00,0.00,-15.82,109.41,99,-1,1,8,-47.4,0.60,0.256,0.511,0.31,0,26,0,201.4,332.2,306.6,53.8,0.00,1,19.0,20.7
47.30,brake,382.35,-32.35,0.250,1,1021.3,1431.2,0.0,0.0,-33.57,102.26,96,68,-1,-43.3,-18.6,-54.2,7.6,0.45,0.28,1.00,0.00,0.00,0.00,-23.70,106.44,99,-1,1,15,-44.5,0.60,0.256,0.511,-0.28,0,26,0,207.5,329.5,311.5,46.0,0.00,1,16.8,32.3
47.40,brake,382.29,-32.29,0.250,1,1018.0,1441.4,0.0,0.0,-32.59,101.12,92,68,-1,-44.0,-14.8,-52.1,9.4,0.36,0.31,1.00,0.00,0.00,0.00,-30.60,103.19,99,-1,1,22,-41.2,0.60,0.256,0.511,-0.81,0,26,0,213.6,325.5,314.0,39.2,0.00,1,12.6,42.8
47.50,brake,382.18,-32.18,0.250,1,1018.0,1441.4,0.0,0.0,-32.59,101.12,88,68,-1,-44.4,-11.0,-50.4,9.6,0.25,0.29,1.00,0.00,0.00,0.00,-36.20,99.88,99,-1,0,28,-41.2,0.60,0.256,0.470,-1.31,0,26,0,219.8,320.1,314.9,33.2,0.00,1,12.6,42.8
47.60,brake,382.04,-32.04,0.250,1,1014.8,1451.4,0.0,0.0,-31.71,99.98,82,43,-1,-44.8,-7.4,-49.2,8.2,0.12,0.22,1.00,0.00,0.00,0.00,-45.08,94.70,99,-1,0,34,-37.5,0.60,0.256,0.393,-1.77,0,26,0,226.2,313.2,314.4,27.8,0.00,1,6.7,52.3
47.70,brake,381.85,-31.85,0.250,1,1008.7,1471.1,0.0,0.0,-30.15,97.47,77,43,-1,-44.9,-4.0,-49.0,5.7,0.00,0.09,1.00,0.00,0.00,0.00,-51.82,89.55,99,-1,0,38,-28.3,0.60,0.256,0.291,-2.14,0,26,0,233.0,305.0,312.9,22.9,0.00,1,-9.2,66.5
47.80,brake,381.62,-31.62,0.250,1,1005.7,1480.7,0.0,0.0,-29.55,96.15,74,43,-1,-45.0,-1.0,-49.8,2.1,-0.10,-0.08,1.00,0.00,0.00,0.00,-56.53,84.93,99,-1,0,43,-22.9,0.60,0.256,0.327,-2.51,0,26,0,240.5,296.0,310.7,18.7,0.00,1,-15.5,70.2
47.90,brake,381.32,-31.32,0.250,1,1002.8,1490.2,0.0,0.0,-29.11,94.75,71,43,-1,-45.0,1.5,-51.4,-2.4,-0.20,-0.24,1.00,0.00,0.00,0.00,-59.38,81.20,99,-1,0,46,-16.7,0.60,0.256,0.430,-2.95,0,26,0,248.8,287.0,308.2,15.4,0.00,1,-19.1,72.2
48.00,brake,380.95,-30.95,0.250,1,999.9,1499.6,0.0,0.0,-28.76,93.30,63,11,-1,-45.0,3.4,-53.7,-7.9,-0.28,-0.37,1.00,0.00,0.00,0.00,-68.91,71.24,99,-1,1,48,-10.2,0.60,0.256,0.511,-3.46,0,26,0,258.5,278.3,305.7,13.2,0.00,1,-18.9,72.5
48.10,brake,380.51,-30.51,0.250,1,999.9,1499.6,0.0,0.0,-28.76,93.30,56,11,-1,-44.9,4.6,-56.3,-14.4,-0.35,-0.44,1.00,0.00,0.00,0.00,-75.93,61.36,99,-1,1,49,-10.2,0.60,0.256,0.511,-4.05,0,26,0,269.4,270.4,303.7,12.3,0.00,1,-18.9,72.5
48.20,brake,380.02,-30.02,0.250,1,997.1,1508.8,0.0,0.0,-28.50,91.71,50,11,-1,-44.9,5.2,-58.6,-21.8,-0.41,-0.45,1.00,0.00,0.00,0.00,-80.58,52.25,99,-1,1,49,-3.3,0.60,0.256,0.511,-4.67,0,26,0,280.3,263.4,302.6,12.8,0.00,1,-14.7,70.9
48.30,brake,379.47,-29.47,0.250,1,994.2,1517.8,0.0,0.0,-28.43,89.96,45,11,-1,-44.9,5.2,-60.5,-29.6,-0.45,-0.39,1.00,0.00,0.00,0.00,-83.41,44.09,99,-1,1,47,4.0,0.60,0.256,0.511,-5.31,0,26,0,289.6,257.1,302.6,14.1,0.00,1,-7.5,67.4
48.40,brake,378.86,-28.86,0.250,1,991.4,1526.7,0.0,0.0,-28.48,88.20,35,333,-1,-44.9,4.9,-61.6,-36.9,-0.48,-0.30,1.00,0.00,0.00,0.00,-88.66,27.00,99,-1,1,46,10.4,0.59,0.255,0.511,-6.05,0,26,0,296.1,251.7,304.0,15.5,0.00,1,1.5,62.6
48.50,brake,378.19,-28.19,0.250,1,988.5,1535.4,0.0,0.0,-28.67,86.53,25,333,-1,-44.9,4.2,-61.8,-43.0,-0.49,-0.18,1.00,0.00,0.00,0.00,-90.57,10.36,99,-1,1,45,16.0,0.48,0.254,0.507,-6.87,0,26,0,299.6,247.0,306.8,16.3,0.00,1,11.2,56.4
48.60,brake,377.45,-27.45,0.273,1,985.6,1543.9,0.0,0.0,-28.94,84.90,16,333,-1,-45.0,3.2,-61.0,-47.6,-0.49,-0.04,1.00,0.00,0.00,0.00,-89.61,-3.89,99,-1,0,45,21.5,0.37,0.276,0.489,-7.75,0,26,0,300.5,243.1,310.8,16.3,0.00,1,20.4,48.6
48.70,brake,376.64,-26.64,0.339,1,979.8,1560.5,0.0,0.0,-29.73,81.91,10,333,-1,-45.0,2.1,-59.0,-50.7,-0.48,0.12,1.00,0.00,0.00,0.00,-87.10,-15.08,99,-1,0,46,31.5,0.27,0.340,0.580,-8.65,0,26,0,299.3,240.2,315.7,15.5,0.00,1,36.1,29.8
48.80,brake,375.76,-25.76,0.405,1,976.7,1568.6,0.0,0.0,-30.28,80.51,4,333,-1,-45.0,0.6,-55.6,-52.6,-0.46,0.29,1.00,0.00,0.00,0.00,-83.88,-23.61,99,-1,0,47,36.7,0.17,0.405,0.702,-9.53,0,26,0,296.5,238.3,321.1,14.2,0.00,1,41.2,18.1
48.90,brake,374.82,-24.82,0.470,1,973.7,1576.6,0.0,0.0,-31.05,79.19,0,333,-1,-45.0,-1.0,-50.5,-53.2,-0.41,0.47,1.00,0.00,0.00,0.00,-80.60,-30.02,99,-1,0,49,42.2,0.07,0.470,0.820,-10.36,0,26,0,292.4,238.0,326.5,12.8,0.00,1,43.4,4.2
49.00,brake,373.81,-23.81,0.502,1,970.5,1584.4,0.0,0.0,-32.04,77.92,357,333,-1,-45.0,-3.1,-43.5,-52.7,-0.32,0.65,1.00,0.00,0.00,0.00,-77.49,-35.06,99,-1,0,50,47.9,-0.04,0.502,0.893,-11.07,0,26,0,287.3,240.1,331.6,11.8,0.00,1,40.5,-11.2
49.10,brake,372.76,-22.76,0.474,1,970.5,1584.4,0.0,0.0,-32.04,77.92,355,333,-1,-44.9,-5.7,-34.9,-51.2,-0.20,0.82,1.00,0.00,0.00,0.00,-74.53,-39.27,99,-1,0,50,47.9,-0.16,0.475,0.882,-11.62,0,26,0,281.2,246.4,335.6,11.8,0.00,1,40.5,-11.2
49.20,brake,371.66,-21.66,0.454,1,967.2,1592.1,0.0,0.0,-33.20,76.77,355,355,-1,-44.6,-8.9,-25.9,-48.6,-0.04,0.92,1.00,0.00,0.00,0.00,-73.48,-39.96,99,-1,0,48,53.1,-0.26,0.456,0.841,-11.94,0,26,0,274.3,259.2,338.2,13.4,0.00,1,30.5,-26.7
49.30,brake,370.54,-20.54,0.444,1,963.8,1599.7,0.0,0.0,-34.48,75.81,355,355,-1,-44.2,-12.9,-18.2,-45.2,0.15,0.93,1.00,0.00,0.00,0.00,-72.56,-40.87,99,-1,0,44,57.5,-0.35,0.447,0.877,-12.03,0,26,0,266.8,278.2,338.9,16.9,0.00,1,13.0,-40.5
49.40,brake,369.41,-19.41,0.439,1,956.6,1614.7,0.0,0.0,-36.74,74.27,355,355,-1,-43.5,-17.4,-13.4,-41.2,0.31,0.80,1.00,0.00,0.00,0.00,-71.77,-41.83,99,-1,1,39,62.3,-0.45,0.444,0.888,-11.92,0,26,0,258.5,296.0,337.4,22.8,0.00,1,-39.8,-55.0
49.50,brake,368.29,-18.29,0.436,1,952.9,1622.0,0.0,0.0,-37.62,73.52,355,355,-1,-42.5,-21.9,-12.4,-37.0,0.44,0.52,0.94,0.00,0.00,0.00,-70.99,-42.72,99,-1,0,31,59.2,-0.63,0.447,0.827,-11.63,0,26,0,249.4,306.7,333.3,30.7,0.00,1,-68.6,-56.7
49.60,brake,367.19,-17.19,0.450,1,952.9,1622.0,0.0,0.0,-37.62,73.52,0,30,-1,-41.2,-25.9,-15.2,-33.2,0.46,0.10,0.84,0.00,0.00,0.00,-73.80,-37.07,99,-1,0,22,59.2,-0.70,0.464,0.687,-11.14,0,26,0,239.3,312.0,326.6,39.9,0.00,1,-68.6,-56.7
49.70,brake,366.11,-16.11,0.550,1,949.0,1629.3,0.0,0.0,-38.19,72.64,5,30,-1,-39.7,-29.1,-21.3,-30.6,0.33,-0.36,0.84,0.00,0.00,0.00,-75.80,-31.46,99,-1,0,12,52.9,-0.69,0.567,0.844,-10.52,0,26,0,227.9,314.4,317.3,49.8,0.00,1,-93.9,-54.1
49.80,brake,365.03,-15.03,0.550,1,941.4,1643.6,0.0,0.0,-37.99,70.14,10,30,-1,-38.3,-31.6,-29.7,-30.0,0.08,-0.77,0.97,0.00,0.00,0.00,-77.06,-25.60,99,-1,0,1,34.2,-0.63,0.564,0.904,-9.85,0,26,0,215.1,315.6,305.7,59.9,0.00,1,-118.6,-37.6
49.90,brake,363.97,-13.97,0.496,1,941.4,1643.6,0.0,0.0,-37.99,70.14,15,30,-1,-37.1,-33.1,-39.4,-31.6,-0.18,-1.00,1.00,0.00,0.00,0.00,-77.43,-19.17,99,-1,0,-9,34.2,-0.60,0.507,0.978,-9.12,0,26,0,201.9,316.7,293.0,70.0,0.00,1,-118.6,-37.6
50.00,brake,362.94,-12.94,0.572,1,934.1,1657.1,0.0,0.0,-35.64,66.27,26,79,-1,-36.5,-34.0,-48.8,-34.6,-0.29,-1.00,1.00,0.00,0.00,0.00,-77.65,-3.72,99,-1,1,-18,8.0,-0.60,0.585,1.000,-8.43,0,26,0,190.1,318.3,281.3,79.6,0.00,1,-95.1,-30.8
50.10,brake,361.91,-11.91,0.703,1,934.1,1657.1,0.0,0.0,-35.64,66.27,39,79,-1,-36.3,-34.2,-56.4,-37.4,-0.24,-1.00,1.00,0.00,0.00,0.00,-74.00,13.62,99,-1,1,-26,8.0,-0.60,0.719,1.000,-8.26,0,26,0,181.8,320.9,272.3,87.8,0.00,1,-95.1,-30.8
50.20,brake,360.88,-10.88,0.776,1,927.4,1669.9,0.0,0.0,-31.40,61.92,53,79,-1,-36.5,-33.9,-61.5,-37.8,-0.07,-0.87,1.00,0.00,0.00,0.00,-65.71,30.63,99,-1,1,-32,-18.6,-0.53,0.789,1.000,-8.56,0,26,0,177.9,324.6,267.1,93.0,0.00,1,-38.7,-43.4
50.30,brake,359.84,-9.84,0.800,1,927.4,1669.9,0.0,0.0,-31.40,61.92,66,79,-1,-37.1,-33.2,-63.6,-33.2,0.19,-0.51,1.00,0.00,0.00,0.00,-54.20,43.38,99,-1,1,-32,-18.6,-0.26,0.803,1.000,-9.21,0,26,0,178.3,329.3,267.1,92.9,0.00,1,-38.7,-43.4
50.40,brake,358.77,-8.77,0.800,1,924.5,1675.9,0.0,0.0,-28.52,59.63,75,87,-1,-37.9,-32.1,-62.2,-21.7,0.48,-0.04,1.00,0.00,0.00,0.00,-43.18,50.05,99,-1,1,-25,-33.3,0.17,0.802,1.000,-10.07,0,26,0,182.2,334.8,274.7,85.9,0.00,1,-3.4,-52.3
50.50,brake,357.68,-7.68,0.800,1,919.6,1687.3,0.0,0.0,-22.04,55.72,79,87,-1,-38.8,-30.7,-57.7,-5.8,0.77,0.48,1.00,0.00,0.00,0.00,-36.06,51.44,99,-1,1,-13,-58.8,0.60,0.818,1.000,-10.86,0,26,0,188.7,341.0,294.0,74.5,0.00,1,64.5,-59.5
50.60,brake,356.60,-6.60,0.800,1,917.7,1692.8,0.0,0.0,-18.81,54.67,79,87,-1,-39.5,-29.0,-50.6,8.1,0.97,0.95,1.00,0.00,0.00,0.00,-31.93,50.70,99,-1,1,-3,-62.9,0.60,0.818,1.000,-11.22,0,26,0,196.3,347.9,323.7,64.5,0.00,1,81.6,-50.1
50.70,brake,355.58,-5.58,0.800,1,917.7,1692.8,0.0,0.0,-18.81,54.67,79,87,-1,-38.7,-26.5,-42.2,17.0,1.00,1.00,1.00,0.00,0.00,0.00,-29.15,49.93,99,-1,1,3,-62.9,0.60,0.818,1.000,-10.85,0,26,0,203.4,355.1,348.8,58.4,0.00,1,81.6,-50.1
50.80,brake,354.67,-4.67,0.800,1,916.0,1698.2,0.0,0.0,-15.97,54.49,74,60,-1,-38.6,-24.5,-33.8,21.7,0.88,1.00,0.93,0.00,0.00,0.00,-30.31,48.02,99,-1,1,6,-57.9,0.66,0.822,1.000,-9.75,0,26,0,209.1,1.5,2.6,55.0,0.00,1,80.1,-32.5
50.90,brake,353.93,-3.93,0.736,1,913.3,1709.3,0.0,0.0,-11.98,56.38,70,60,-1,-39.2,-22.7,-26.6,23.0,0.59,1.00,0.78,0.00,0.00,0.00,-31.54,47.28,99,-1,1,9,-45.5,0.72,0.760,1.000,-8.26,0,26,0,213.9,5.1,7.6,52.3,0.00,1,36.4,23.1
51.00,brake,353.38,-3.38,0.668,1,913.3,1709.3,0.0,0.0,-11.98,56.38,67,60,-1,-40.4,-21.0,-21.7,21.1,0.16,0.93,0.63,0.00,0.00,0.00,-32.70,47.47,99,-1,1,12,-45.5,0.78,0.694,1.000,-6.72,0,26,0,218.0,4.3,5.5,49.1,0.00,1,36.4,23.1
51.10,brake,353.03,-3.03,0.599,1,911.2,1720.9,0.0,0.0,-9.56,58.62,65,60,-1,-41.6,-19.2,-20.4,16.3,-0.30,0.51,0.51,0.00,0.00,0.00,-33.59,48.10,99,-1,0,16,-30.8,0.83,0.625,0.948,-5.22,0,26,0,221.6,357.9,357.6,45.2,0.00,1,-30.4,79.8
51.20,brake,352.82,-2.82,0.550,1,910.3,1726.8,0.0,0.0,-8.81,58.84,62,44,-1,-42.5,-17.5,-23.1,9.2,-0.65,-0.08,0.48,0.00,0.00,0.00,-35.99,47.25,99,-1,0,20,-19.3,0.84,0.575,0.869,-3.74,0,26,0,224.7,345.4,345.3,41.4,0.00,1,-64.1,93.0
51.30,brake,352.69,-2.69,0.550,1,910.3,1726.8,0.0,0.0,-8.81,58.84,60,44,-1,-42.8,-16.1,-29.8,0.9,-0.80,-0.73,0.66,0.00,0.00,0.00,-37.34,46.32,99,-1,1,22,-19.3,0.78,0.571,1.000,-2.23,0,26,0,226.7,329.4,330.9,39.0,0.00,1,-64.1,93.0
51.40,brake,352.59,-2.59,0.550,1,908.7,1738.3,0.0,0.0,-7.71,56.51,59,44,-1,-42.1,-15.7,-38.8,-8.4,-0.83,-1.00,0.98,0.00,0.00,0.00,-37.17,45.46,99,-1,1,21,16.2,0.50,0.559,1.000,-0.85,0,26,0,226.8,314.9,316.7,39.9,0.00,1,-89.0,78.1
51.50,brake,352.50,-2.50,0.467,1,908.0,1743.8,0.0,0.0,-7.23,54.18,60,44,-1,-40.6,-16.5,-48.1,-19.6,-0.88,-1.00,1.00,0.00,0.00,0.00,-35.06,44.99,99,-1,1,16,34.2,-0.01,0.467,0.935,0.11,0,26,0,224.0,304.9,304.0,45.5,0.00,1,-75.6,59.8
51.60,brake,352.41,-2.41,0.583,1,908.0,1743.8,0.0,0.0,-7.23,54.18,64,51,-1,-38.2,-18.1,-55.7,-32.5,-0.89,-1.00,1.00,0.00,0.00,0.00,-29.92,45.75,99,-1,1,6,34.2,-0.56,0.594,1.000,0.36,0,26,0,218.2,299.2,293.7,55.3,0.00,1,-75.6,59.8
51.70,brake,352.29,-2.29,0.679,1,907.3,1749.0,0.0,0.0,-6.81,51.72,71,51,-1,-35.4,-19.9,-60.6,-44.0,-0.81,-0.88,1.00,0.00,0.00,0.00,-23.44,46.61,99,-1,1,-5,45.0,-0.60,0.694,1.000,-0.16,0,26,0,210.1,296.6,286.2,65.9,0.00,1,-54.2,37.8
51.80,brake,352.15,-2.15,0.734,1,906.0,1758.7,0.0,0.0,-5.95,46.10,78,51,-1,-32.2,-21.6,-61.8,-50.8,-0.60,-0.43,1.00,0.00,0.00,0.00,-16.75,46.64,99,-1,1,-12,49.5,-0.60,0.750,1.000,-1.18,0,26,0,202.1,296.8,281.6,73.8,0.00,1,-0.2,-16.3
51.90,brake,351.97,-1.97,0.800,1,905.5,1763.1,0.0,0.0,-5.30,42.80,83,51,-1,-28.5,-22.6,-58.3,-51.1,-0.25,0.10,1.00,0.00,0.00,0.00,-11.49,45.04,99,-1,0,-16,46.7,-0.60,0.818,0.958,-2.49,0,26,0,197.0,299.9,280.0,77.6,0.00,1,29.0,-47.1
52.00,brake,351.75,-1.75,0.800,1,905.5,1763.1,0.0,0.0,-5.30,42.80,89,74,-1,-24.6,-22.8,-50.1,-46.0,0.20,0.62,1.00,0.00,0.00,0.00,-6.29,42.67,99,-1,1,-17,46.7,-0.60,0.818,1.000,-3.81,0,26,0,195.3,306.3,281.3,78.0,0.00,1,29.0,-47.1
52.10,brake,351.50,-1.50,0.747,1,904.7,1770.8,0.0,0.0,-3.49,35.90,91,74,-1,-20.6,-22.3,-38.9,-37.3,0.68,1.00,1.00,0.00,0.00,0.00,-3.94,39.34,99,-1,1,-16,39.1,-0.60,0.764,1.000,-4.62,0,26,0,194.7,315.7,285.1,77.3,0.00,1,61.8,-96.5
52.20,brake,351.24,-1.24,0.666,1,904.7,1770.8,0.0,0.0,-3.49,35.90,90,74,-1,-17.0,-21.5,-28.3,-27.4,1.00,1.00,0.89,0.00,0.00,0.00,-3.37,35.91,99,-1,1,-16,39.1,-0.67,0.685,1.000,-4.39,0,26,0,193.7,327.0,290.5,77.2,0.00,1,61.8,-96.5
52.30,brake,351.02,-1.02,0.573,1,904.1,1777.4,0.0,0.0,-2.35,32.26,89,74,-1,-14.3,-20.7,-20.7,-18.1,1.00,0.95,0.55,0.00,0.00,0.00,-3.56,33.36,99,-1,1,-17,25.1,-0.81,0.597,1.000,-3.09,0,26,0,192.0,337.9,297.6,78.2,0.00,1,35.1,-86.5
52.40,brake,350.91,-0.91,0.471,1,904.1,1777.4,0.0,0.0,-2.35,32.26,88,79,-1,-12.7,-20.5,-16.6,-10.4,1.00,0.57,0.31,0.00,0.00,0.00,-3.74,32.12,99,-1,1,-18,25.1,-0.87,0.494,0.988,-1.29,0,26,0,190.1,346.6,306.9,79.7,0.00,1,35.1,-86.5
52.50,brake,350.92,-0.92,0.383,1,903.9,1780.6,0.0,0.0,-2.22,31.99,86,79,-1,-11.9,-20.7,-15.6,-5.2,0.91,0.14,0.21,0.00,0.00,0.00,-4.21,31.79,99,-1,1,-20,18.1,-0.76,0.397,0.795,0.34,0,26,0,188.4,352.5,318.2,81.3,0.00,1,11.9,-63.5
52.60,brake,351.04,-1.04,0.321,1,903.7,1783.8,0.0,0.0,-2.15,32.12,85,79,-1,-11.6,-21.0,-16.9,-2.6,0.58,-0.21,0.23,0.00,0.00,0.00,-4.71,31.85,99,-1,0,-21,12.7,-0.68,0.330,0.647,1.47,0,26,0,187.1,355.3,326.5,82.6,0.00,1,-9.5,-36.7
52.70,brake,351.25,-1.25,0.275,1,903.3,1790.3,0.0,0.0,-1.63,32.61,85,79,-1,-11.5,-21.3,-19.3,-2.5,0.23,-0.42,0.31,0.00,0.00,0.00,-5.02,32.15,99,-1,0,-22,9.9,-0.64,0.282,0.539,2.24,0,26,0,185.9,355.4,322.1,83.8,0.00,1,-26.5,12.6
52.80,brake,351.51,-1.51,0.252,1,903.2,1793.6,0.0,0.0,-1.16,32.61,85,84,-1,-11.3,-21.3,-21.9,-4.7,-0.07,-0.48,0.41,0.00,0.00,0.00,-4.52,32.33,99,-1,0,-24,8.6,-0.67,0.260,0.480,2.53,0,26,0,184.7,353.4,305.7,84.9,0.00,1,-23.9,27.9
52.90,brake,351.77,-1.77,0.250,1,903.2,1793.6,0.0,0.0,-1.16,32.61,85,84,-1,-11.2,-21.3,-24.1,-8.1,-0.25,-0.46,0.51,0.00,0.00,0.00,-3.79,32.41,99,-1,1,-25,8.6,-0.67,0.257,0.514,2.57,0,26,0,183.6,350.3,290.1,86.1,0.00,1,-23.9,27.9
53.00,brake,352.03,-2.03,0.250,1,903.1,1800.0,0.0,0.0,-0.07,31.90,86,84,-1,-11.0,-21.0,-25.7,-11.9,-0.34,-0.38,0.59,0.00,0.00,0.00,-2.86,32.18,99,-1,1,-26,3.3,-0.67,0.257,0.514,2.42,0,26,0,182.7,346.8,281.2,87.1,0.00,1,-8.4,35.3
53.10,brake,352.28,-2.28,0.250,1,903.1,1803.2,0.0,0.0,0.51,31.29,87,84,-1,-10.9,-20.6,-26.7,-15.6,-0.35,-0.31,0.66,0.00,0.00,0.00,-1.75,31.86,99,-1,1,-26,-2.3,-0.59,0.255,0.511,2.28,0,26,0,182.3,343.3,277.7,87.5,0.00,1,-1.2,32.5
53.20,brake,352.49,-2.49,0.251,1,903.1,1803.2,0.0,0.0,0.51,31.29,88,86,-1,-10.8,-19.9,-27.1,-18.5,-0.30,-0.25,0.71,0.00,0.00,0.00,-0.46,31.29,99,-1,0,-26,-2.3,-0.47,0.254,0.474,2.04,0,26,0,182.8,340.2,277.7,87.1,0.00,1,-1.2,32.5
53.30,brake,352.68,-2.68,0.257,1,903.3,1809.2,0.0,0.0,1.52,29.75,89,86,-1,-10.9,-19.1,-27.0,-20.4,-0.21,-0.18,0.74,0.00,0.00,0.00,0.75,30.59,99,-1,0,-24,-13.8,-0.32,0.259,0.417,1.77,0,26,0,184.1,337.8,279.9,85.8,0.00,1,10.9,18.5
53.40,brake,352.82,-2.82,0.264,1,903.3,1809.2,0.0,0.0,1.52,29.75,90,86,-1,-11.1,-18.2,-26.5,-21.2,-0.09,-0.12,0.74,0.00,0.00,0.00,1.76,29.74,99,-1,0,-22,-13.8,-0.17,0.265,0.348,1.45,0,26,0,186.2,336.2,283.7,83.8,0.00,1,10.9,18.5
53.50,brake,352.93,-2.93,0.272,1,903.7,1815.0,0.0,0.0,2.24,28.21,91,86,-1,-11.3,-17.2,-25.5,-20.9,0.03,-0.04,0.71,0.00,0.00,0.00,2.57,28.87,99,-1,0,-20,-22.6,-0.02,0.272,0.302,1.07,0,26,0,188.9,335.5,289.0,81.1,0.00,1,20.6,2.7
53.60,brake,353.00,-3.00,0.280,1,904.0,1817.7,0.0,0.0,2.55,27.42,90,77,-1,-11.6,-16.3,-24.1,-19.7,0.14,0.04,0.66,0.00,0.00,0.00,2.42,28.20,99,-1,0,-16,-26.0,0.12,0.281,0.352,0.67,0,26,0,192.2,335.5,295.5,77.9,0.00,1,24.9,-2.0
53.70,brake,353.04,-3.04,0.288,1,904.0,1817.7,0.0,0.0,2.55,27.42,89,77,-1,-11.9,-15.3,-22.3,-18.1,0.21,0.12,0.59,0.00,0.00,0.00,2.26,27.45,99,-1,0,-13,-26.0,0.26,0.289,0.421,0.29,0,26,0,196.0,336.1,302.8,74.2,0.00,1,24.9,-2.0
53.80,brake,353.04,-3.04,0.293,1,904.3,1820.4,0.0,0.0,2.81,26.72,88,77,-1,-12.3,-14.3,-20.2,-16.4,0.23,0.18,0.51,0.00,0.00,0.00,2.05,26.79,99,-1,0,-9,-28.2,0.38,0.295,0.462,0.00,0,26,0,199.9,336.9,310.3,70.5,0.00,1,27.6,-4.0
53.90,brake,353.03,-3.03,0.295,1,904.9,1825.6,0.0,0.0,3.25,25.53,87,77,-1,-12.6,-13.3,-18.1,-14.9,0.21,0.21,0.43,0.00,0.00,0.00,1.84,26.22,99,-1,0,-5,-28.6,0.47,0.299,0.466,-0.19,0,26,0,203.7,337.7,316.9,66.7,0.00,1,25.4,0.1
54.00,brake,353.01,-3.01,0.293,1,904.9,1825.6,0.0,0.0,3.25,25.53,84,62,-1,-12.9,-12.3,-16.4,-14.0,0.14,0.20,0.37,0.00,0.00,0.00,0.58,25.73,99,-1,0,-2,-28.6,0.53,0.299,0.432,-0.28,0,26,0,207.4,338.1,322.1,63.2,0.00,1,25.4,0.1
54.10,brake,352.99,-2.99,0.292,1,905.6,1830.6,0.0,0.0,3.41,24.57,81,62,-1,-13.1,-11.5,-15.1,-13.8,0.05,0.15,0.33,0.00,0.00,0.00,-0.55,25.27,99,-1,0,1,-23.6,0.56,0.298,0.378,-0.33,0,26,0,210.7,338.0,325.7,60.1,0.00,1,15.5,8.6
54.20,brake,352.96,-2.96,0.290,1,905.6,1830.6,0.0,0.0,3.41,24.57,79,62,-1,-13.3,-10.7,-14.2,-14.1,-0.05,0.09,0.32,0.00,0.00,0.00,-1.52,24.75,99,-1,0,4,-23.6,0.55,0.296,0.354,-0.34,0,26,0,213.5,337.3,327.7,57.5,0.00,1,15.5,8.6
54.30,brake,352.94,-2.94,0.287,1,906.2,1835.4,0.0,0.0,3.38,23.60,76,62,-1,-13.3,-10.1,-13.8,-14.8,-0.12,0.04,0.33,0.00,0.00,0.00,-2.32,24.21,99,-1,0,6,-14.3,0.50,0.292,0.356,-0.31,0,26,0,215.8,336.2,328.5,55.5,0.00,1,5.9,12.3
54.40,brake,352.92,-2.92,0.285,1,906.2,1835.4,0.0,0.0,3.38,23.60,73,51,-1,-13.2,-9.5,-13.7,-15.7,-0.16,-0.00,0.35,0.00,0.00,0.00,-3.67,23.56,99,-1,0,7,-14.3,0.43,0.289,0.356,-0.29,0,26,0,217.5,334.9,328.6,54.1,0.00,1,5.9,12.3
54.50,brake,352.90,-2.90,0.286,1,906.6,1837.7,0.0,0.0,3.36,23.03,70,51,-1,-13.0,-9.1,-13.7,-16.6,-0.18,-0.02,0.37,0.00,0.00,0.00,-4.71,22.79,99,-1,0,8,-9.1,0.35,0.288,0.369,-0.31,0,26,0,218.7,333.8,328.4,53.2,0.00,1,3.3,11.2
54.60,brake,352.87,-2.87,0.288,1,907.2,1842.2,0.0,0.0,3.23,21.80,68,51,-1,-12.7,-8.8,-13.7,-17.3,-0.18,-0.02,0.39,0.00,0.00,0.00,-5.53,21.97,99,-1,0,8,1.2,0.25,0.290,0.367,-0.36,0,26,0,219.2,333.0,328.0,52.9,0.00,1,1.5,5.6
54.70,brake,352.83,-2.83,0.289,1,907.6,1844.3,0.0,0.0,3.14,21.09,65,51,-1,-12.3,-8.6,-13.5,-17.8,-0.15,-0.00,0.40,0.00,0.00,0.00,-6.15,21.16,99,-1,0,8,6.0,0.14,0.290,0.351,-0.39,0,26,0,219.1,332.7,327.6,53.1,0.00,1,1.4,1.5
54.80,brake,352.79,-2.79,0.291,1,907.6,1844.3,0.0,0.0,3.14,21.09,63,51,-1,-11.8,-8.4,-13.1,-18.0,-0.11,0.02,0.39,0.00,0.00,0.00,-6.64,20.27,99,-1,0,8,6.0,0.03,0.291,0.344,-0.44,0,26,0,218.5,333.0,327.3,53.7,0.00,1,1.4,1.5
54.90,brake,352.74,-2.74,0.292,1,907.9,1846.4,0.0,0.0,3.05,20.48,62,51,-1,-11.3,-8.4,-12.6,-17.8,-0.06,0.05,0.38,0.00,0.00,0.00,-7.03,19.48,99,-1,0,7,10.2,-0.07,0.292,0.334,-0.49,0,26,0,217.3,333.8,327.2,54.8,0.00,1,1.6,-2.9
55.00,brake,352.68,-2.68,0.294,1,908.5,1850.3,0.0,0.0,2.88,19.16,60,51,-1,-10.7,-8.3,-12.0,-17.3,-0.00,0.06,0.35,0.00,0.00,0.00,-7.25,18.64,99,-1,0,5,15.5,-0.16,0.294,0.318,-0.56,0,26,0,215.8,335.1,327.2,56.1,0.00,1,0.7,-10.8
55.10,brake,352.62,-2.62,0.296,1,908.5,1850.3,0.0,0.0,2.88,19.16,59,51,-1,-10.2,-8.4,-11.4,-16.4,0.05,0.05,0.32,0.00,0.00,0.00,-7.42,17.90,99,-1,0,4,15.5,-0.23,0.297,0.337,-0.64,0,26,0,214.0,336.7,327.4,57.6,0.00,1,0.7,-10.8
55.20,brake,352.55,-2.55,0.296,1,909.0,1854.0,0.0,0.0,2.72,17.93,59,57,-1,-9.6,-8.3,-11.0,-15.4,0.09,0.04,0.29,0.00,0.00,0.00,-7.17,17.28,99,-1,0,2,16.3,-0.29,0.298,0.347,-0.66,0,26,0,212.0,338.4,327.7,59.2,0.00,1,-1.6,-13.6
55.30,brake,352.47,-2.47,0.295,1,909.0,1854.0,0.0,0.0,2.72,17.93,59,57,-1,-9.1,-8.3,-10.7,-14.3,0.10,0.01,0.25,0.00,0.00,0.00,-6.95,16.75,99,-1,0,1,16.3,-0.31,0.297,0.339,-0.66,0,26,0,210.2,339.9,327.9,60.9,0.00,1,-1.6,-13.6
55.40,brake,352.40,-2.40,0.294,1,909.6,1857.4,0.0,0.0,2.75,16.96,59,57,-1,-8.6,-8.3,-10.7,-13.4,0.09,-0.04,0.23,0.00,0.00,0.00,-6.71,16.33,99,-1,0,-1,13.2,-0.32,0.296,0.348,-0.64,0,26,0,208.4,341.2,327.8,62.4,0.00,1,-4.8,-10.4
55.50,brake,352.33,-2.33,0.293,1,909.6,1857.4,0.0,0.0,2.75,16.96,59,57,-1,-8.2,-8.2,-10.8,-12.7,0.07,-0.07,0.22,0.00,0.00,0.00,-6.45,15.93,99,-1,0,-2,13.2,-0.31,0.294,0.349,-0.61,0,26,0,206.9,342.2,327.6,63.8,0.00,1,-4.8,-10.4
55.60,brake,352.27,-2.27,0.291,1,910.1,1860.7,0.0,0.0,2.88,16.13,60,63,-1,-7.8,-8.1,-11.0,-12.1,0.04,-0.08,0.21,0.00,0.00,0.00,-5.92,15.68,99,-1,0,-3,7.6,-0.28,0.293,0.342,-0.59,0,26,0,205.7,342.8,327.3,64.8,0.00,1,-3.4,-5.6
55.70,brake,352.21,-2.21,0.290,1,910.1,1860.7,0.0,0.0,2.88,16.13,61,63,-1,-7.5,-8.0,-11.2,-11.8,0.02,-0.08,0.20,0.00,0.00,0.00,-5.43,15.46,99,-1,0,-4,7.6,-0.24,0.291,0.331,-0.56,0,26,0,204.9,343.3,327.1,65.6,0.00,1,-3.4,-5.6
55.80,brake,352.15,-2.15,0.289,1,910.4,1862.3,0.0,0.0,2.99,15.69,61,63,-1,-7.2,-7.8,-11.2,-11.5,0.01,-0.07,0.20,0.00,0.00,0.00,-4.93,15.19,99,-1,0,-5,4.2,-0.18,0.290,0.318,-0.53,0,26,0,204.5,343.6,327.1,65.9,0.00,1,-1.7,-3.6
55.90,brake,352.10,-2.10,0.290,1,911.0,1865.3,0.0,0.0,3.23,14.81,62,63,-1,-7.0,-7.6,-11.2,-11.4,-0.01,-0.06,0.19,0.00,0.00,0.00,-4.47,14.90,99,-1,0,-5,-2.2,-0.11,0.290,0.316,-0.54,0,26,0,204.5,343.8,327.4,65.9,0.00,1,1.7,-1.0
56.00,brake,352.03,-2.03,0.294,1,911.4,1866.8,0.0,0.0,3.32,14.46,62,64,-1,-6.8,-7.3,-11.0,-11.2,-0.01,-0.04,0.19,0.00,0.00,0.00,-3.99,14.62,99,-1,0,-4,-4.5,-0.04,0.294,0.315,-0.62,0,26,0,204.8,343.9,328.0,65.6,0.00,1,3.2,-0.9
56.10,brake,351.96,-1.96,0.299,1,911.7,1868.2,0.0,0.0,3.41,14.02,63,64,-1,-6.6,-7.0,-10.8,-11.0,-0.00,-0.03,0.17,0.00,0.00,0.00,-3.61,14.39,99,-1,0,-4,-6.5,0.02,0.299,0.311,-0.71,0,26,0,205.3,344.1,329.0,65.1,0.00,1,4.1,-1.2
56.20,brake,351.88,-1.88,0.301,1,912.1,1869.6,0.0,0.0,3.49,13.58,63,64,-1,-6.5,-6.7,-10.5,-10.8,0.00,-0.02,0.16,0.00,0.00,0.00,-3.23,14.06,99,-1,0,-3,-8.1,0.07,0.301,0.310,-0.73,0,26,0,206.1,344.3,330.2,64.3,0.00,1,4.6,-1.1
56.30,brake,351.81,-1.81,0.301,1,912.1,1869.6,0.0,0.0,3.49,13.58,64,64,-1,-6.3,-6.3,-10.1,-10.5,0.00,-0.01,0.15,0.00,0.00,0.00,-2.87,13.72,99,-1,0,-2,-8.1,0.12,0.301,0.308,-0.70,0,26,0,207.1,344.5,331.5,63.4,0.00,1,4.6,-1.1
56.40,brake,351.75,-1.75,0.300,1,912.8,1872.2,0.0,0.0,3.63,12.79,64,61,-1,-6.2,-6.1,-9.8,-10.2,0.00,-0.01,0.13,0.00,0.00,0.00,-2.71,13.43,99,-1,0,-1,-9.2,0.16,0.300,0.306,-0.67,0,26,0,208.1,344.8,332.9,62.4,0.00,1,5.2,-1.1
56.50,brake,351.68,-1.68,0.299,1,913.1,1873.4,0.0,0.0,3.69,12.44,63,61,-1,-6.1,-5.7,-9.4,-10.0,0.00,-0.00,0.12,0.00,0.00,0.00,-2.50,13.05,99,-1,0,0,-8.7,0.19,0.300,0.301,-0.64,0,26,0,209.1,345.0,334.3,61.4,0.00,1,5.5,-1.0
56.60,brake,351.62,-1.62,0.298,1,913.1,1873.4,0.0,0.0,3.69,12.44,63,61,-1,-6.0,-5.5,-9.0,-9.7,-0.00,0.01,0.10,0.00,0.00,0.00,-2.33,12.76,99,-1,0,1,-8.7,0.19,0.298,0.302,-0.60,0,26,0,210.0,345.3,335.5,60.4,0.00,1,5.5,-1.0
56.70,brake,351.57,-1.57,0.296,1,913.9,1875.8,0.0,0.0,3.74,11.65,63,61,-1,-5.8,-5.2,-8.6,-9.5,-0.01,0.01,0.09,0.00,0.00,0.00,-2.13,12.38,99,-1,0,2,-5.9,0.19,0.297,0.305,-0.56,0,26,0,210.8,345.6,336.7,59.6,0.00,1,5.6,-1.0
56.80,brake,351.52,-1.52,0.295,1,914.3,1877.0,0.0,0.0,3.74,11.29,62,58,-1,-5.7,-4.9,-8.1,-9.3,-0.01,0.02,0.07,0.00,0.00,0.00,-2.11,12.05,99,-1,0,2,-4.1,0.17,0.295,0.309,-0.52,0,26,0,211.5,345.9,337.7,59.0,0.00,1,5.6,-1.0
56.90,brake,351.47,-1.47,0.293,1,914.6,1878.1,0.0,0.0,3.78,10.94,62,58,-1,-5.5,-4.7,-7.6,-9.1,-0.02,0.03,0.06,0.00,0.00,0.00,-2.07,11.71,99,-1,0,3,-2.0,0.14,0.293,0.312,-0.48,0,26,0,211.9,346.3,338.6,58.5,0.00,1,5.5,-0.9
57.00,brake,351.43,-1.43,0.291,1,914.6,1878.1,0.0,0.0,3.78,10.94,61,58,-1,-5.3,-4.5,-7.1,-9.0,-0.02,0.04,0.05,0.00,0.00,0.00,-1.97,11.41,99,-1,0,3,-2.0,0.10,0.291,0.314,-0.44,0,26,0,212.1,346.7,339.3,58.3,0.00,1,5.5,-0.9
57.10,brake,351.39,-1.39,0.288,1,915.4,1880.2,0.0,0.0,3.74,10.33,61,58,-1,-5.2,-4.4,-6.6,-8.9,-0.03,0.04,0.03,0.00,0.00,0.00,-1.97,11.14,99,-1,0,3,1.8,0.06,0.289,0.316,-0.39,0,26,0,212.2,347.1,340.0,58.3,0.00,1,4.9,-1.1
57.20,brake,351.36,-1.36,0.286,1,915.4,1880.2,0.0,0.0,3.74,10.33,60,57,-1,-5.0,-4.3,-6.0,-8.8,-0.03,0.04,0.02,0.00,0.00,0.00,-1.89,10.82,99,-1,0,3,1.8,0.02,0.286,0.314,-0.35,0,26,0,212.0,347.5,340.5,58.4,0.00,1,4.9,-1.1
57.30,brake,351.32,-1.32,0.285,1,916.1,1882.2,0.0,0.0,3.65,9.71,60,57,-1,-4.8,-4.2,-5.6,-8.7,-0.02,0.04,0.01,0.00,0.00,0.00,-1.85,10.52,99,-1,0,3,4.5,-0.01,0.285,0.307,-0.33,0,26,0,211.7,348.0,341.0,58.7,0.00,1,3.2,-2.5
57.40,brake,351.29,-1.29,0.286,1,916.5,1883.1,0.0,0.0,3.58,9.45,59,57,-1,-4.6,-4.1,-5.2,-8.4,-0.01,0.02,0.00,0.00,0.00,0.00,-1.80,10.22,99,-1,0,2,5.5,-0.05,0.286,0.298,-0.35,0,26,0,211.2,348.5,341.4,59.1,0.00,1,2.0,-3.4
57.50,land,351.25,-1.25,0.266,1,916.5,1883.1,4.0,-117.6,3.58,9.45,59,57,-1,-10.6,-10.1,-5.0,-8.1,0.07,0.07,0.00,0.00,0.00,0.00,-1.78,9.95,99,-1,0,0,5.5,-0.11,0.267,0.322,-0.37,0,26,0,210.7,349.0,341.8,59.7,0.00,0,2.0,-3.4
57.60,land,351.21,-1.21,0.267,1,917.2,1884.9,3.7,-118.5,3.47,8.92,59,59,-1,-16.6,-16.1,-4.8,-7.8,0.13,0.12,0.00,0.00,0.00,0.00,-1.69,9.69,99,-1,0,-0,6.0,-0.12,0.267,0.368,-0.36,0,26,0,210.0,349.5,342.2,60.3,0.00,0,-0.0,-4.0
57.70,land,351.16,-1.16,0.267,1,917.5,1885.8,3.3,-119.4,3.43,8.70,59,59,-1,-20.0,-20.0,-4.8,-7.4,0.17,0.13,0.00,0.00,0.00,0.00,-1.59,9.44,99,-1,0,-0,5.4,-0.12,0.268,0.387,-0.36,0,26,0,210.0,349.5,342.2,60.3,0.00,0,-1.9,-2.7
57.80,land,351.12,-1.12,0.272,1,917.5,1885.8,3.0,-120.3,3.43,8.70,59,59,-1,-20.0,-20.0,-4.9,-7.3,0.15,0.10,0.00,0.00,0.00,0.00,-1.51,9.23,99,-1,0,-0,5.4,-0.11,0.273,0.369,-0.45,0,26,0,210.0,349.5,342.2,60.3,0.00,0,-1.9,-2.7
57.90,land,351.06,-1.06,0.277,1,917.9,1886.7,2.6,-121.2,3.43,8.53,59,59,-1,-20.0,-20.0,-5.3,-7.5,0.09,0.06,0.00,0.00,0.00,0.00,-1.42,9.08,99,-1,0,-0,4.5,-0.09,0.278,0.339,-0.53,0,26,0,210.0,349.5,342.2,60.3,0.00,0,-4.0,0.6
58.00,land,351.01,-1.01,0.283,1,918.5,1888.3,2.3,-122.0,3.38,8.22,60,61,-1,-20.0,-20.0,-6.0,-8.1,0.03,0.02,0.00,0.00,0.00,0.00,-1.31,8.91,99,-1,0,-0,2.8,-0.08,0.283,0.303,-0.61,0,26,0,208.0,348.8,339.6,62.3,0.00,0,-8.5,8.4
58.10,land,350.95,-0.95,0.286,1,918.5,1888.3,2.0,-122.8,3.38,8.22,60,61,-1,-20.0,-20.0,-6.8,-9.1,-0.03,-0.02,0.04,0.00,0.00,0.00,-1.19,8.81,99,-1,0,-1,2.8,-0.07,0.287,0.305,-0.66,0,26,0,208.0,348.8,339.6,62.3,0.00,0,-8.5,8.4
58.20,land,350.89,-0.89,0.288,1,918.9,1889.1,1.6,-123.6,3.38,8.00,60,61,-1,-20.0,-20.0,-7.9,-10.3,-0.07,-0.05,0.09,0.00,0.00,0.00,-1.04,8.62,99,-1,0,-1,1.8,-0.06,0.288,0.337,-0.66,0,26,0,208.0,348.8,339.6,62.3,0.00,0,-10.0,11.3
58.30,land,350.84,-0.84,0.289,1,919.6,1890.7,1.3,-124.4,3.38,7.43,61,61,-1,-20.0,-20.0,-9.0,-11.6,-0.10,-0.07,0.15,0.00,0.00,0.00,-0.88,8.44,99,-1,0,-1,-0.2,-0.04,0.289,0.358,-0.65,0,26,0,208.0,348.8,339.6,62.3,0.00,0,-11.2,12.9
58.40,land,350.78,-0.78,0.288,1,919.6,1890.7,0.9,-125.2,3.38,7.43,61,62,-1,-20.0,-20.0,-10.2,-12.9,-0.10,-0.08,0.21,0.00,0.00,0.00,-0.65,8.14,99,-1,0,-2,-0.2,-0.03,0.288,0.360,-0.61,0,26,0,207.2,342.2,327.9,63.5,0.00,0,-11.2,12.9
58.50,land,350.73,-0.73,0.288,1,919.9,1891.4,0.6,-125.9,3.43,7.08,61,62,-1,-20.0,-20.0,-11.3,-14.0,-0.09,-0.07,0.26,0.00,0.00,0.00,-0.38,7.85,99,-1,0,-2,-1.0,-0.03,0.288,0.351,-0.59,0,26,0,207.2,342.2,327.9,63.5,0.00,0,-10.2,11.6
58.60,land,350.67,-0.67,0.289,1,920.6,1892.7,0.3,-126.6,3.49,6.15,62,62,-1,-20.0,-20.0,-12.2,-15.0,-0.07,-0.06,0.30,0.00,0.00,0.00,-0.10,7.48,99,-1,0,-3,-2.4,-0.02,0.289,0.337,-0.58,0,26,0,207.2,342.2,327.9,63.5,0.00,0,-7.1,7.6
58.70,land,350.62,-0.62,0.290,1,920.9,1893.3,-0.1,-127.2,3.56,5.67,62,62,-1,-20.0,-20.0,-13.0,-15.7,-0.04,-0.04,0.33,0.00,0.00,0.00,0.22,7.07,99,-1,0,-3,-2.8,-0.01,0.290,0.320,-0.58,0,26,0,207.2,342.2,327.9,63.5,0.00,0,-5.2,5.3
58.80,land,350.55,-0.55,0.292,1,921.3,1893.8,-0.4,-127.8,3.60,5.19,62,61,-1,-20.0,-20.0,-13.5,-16.1,-0.01,-0.02,0.35,0.00,0.00,0.00,0.54,6.67,99,-1,0,-3,-3.1,-0.01,0.292,0.301,-0.60,0,26,0,207.6,337.5,321.6,63.5,0.00,0,-3.5,3.4
58.90,land,350.49,-0.49,0.296,1,921.3,1893.8,-0.8,-128.3,3.60,5.19,63,61,-1,-20.0,-20.0,-14.0,-16.4,0.02,0.00,0.37,0.00,0.00,0.00,0.83,6.26,99,-1,0,-4,-3.1,-0.01,0.296,0.304,-0.65,0,26,0,207.6,337.5,321.6,63.5,0.00,0,-3.5,3.4
59.00,land,350.41,-0.41,0.300,1,922.0,1894.7,-1.2,-128.8,3.74,4.22,63,61,-1,-20.0,-20.0,-14.3,-16.5,0.03,0.01,0.38,0.00,0.00,0.00,1.13,5.86,99,-1,0,-4,-3.6,-0.01,0.300,0.319,-0.71,0,26,0,207.6,337.5,321.6,63.5,0.00,0,-2.0,1.8
59.10,land,350.34,-0.34,0.303,1,922.4,1895.1,-1.5,-129.2,3.78,3.74,63,61,-1,-20.0,-20.0,-14.6,-16.6,0.04,0.01,0.39,0.00,0.00,0.00,1.43,5.45,99,-1,0,-4,-3.7,-0.01,0.303,0.325,-0.73,0,26,0,207.6,337.5,321.6,63.5,0.00,0,-1.7,1.5
59.20,land,350.26,-0.26,0.305,1,922.4,1895.1,-1.9,-129.6,3.78,3.74,63,60,-1,-20.0,-20.0,-14.9,-16.7,0.05,0.01,0.39,0.00,0.00,0.00,1.69,5.04,99,-1,0,-4,-3.7,-0.01,0.305,0.329,-0.75,0,26,0,208.9,336.0,321.0,62.3,0.00,0,-1.7,1.5
59.30,land,350.18,-0.18,0.307,1,923.2,1895.7,-2.3,-129.9,3.93,2.86,63,60,-1,-20.0,-20.0,-15.2,-16.7,0.04,0.01,0.40,0.00,0.00,0.00,1.97,4.68,99,-1,0,-4,-4.2,-0.00,0.307,0.330,-0.76,0,26,0,208.9,336.0,321.0,62.3,0.00,0,-1.6,2.0
59.40,land,350.10,-0.10,0.309,1,923.2,1895.7,-2.7,-130.2,3.93,2.86,63,60,-1,-20.0,-20.0,-15.5,-16.9,0.04,0.01,0.41,0.00,0.00,0.00,2.23,4.32,99,-1,0,-4,-4.2,0.00,0.309,0.328,-0.77,0,26,0,208.9,336.0,321.0,62.3,0.00,0,-1.6,2.0
59.50,land,350.03,-0.03,0.311,1,923.6,1896.0,-3.1,-130.5,4.00,2.42,63,60,-1,-20.0,-20.0,-15.8,-17.1,0.03,0.01,0.42,0.00,0.00,0.00,2.49,3.95,99,-1,0,-4,-4.3,0.00,0.311,0.324,-0.78,0,26,0,208.9,336.0,321.0,62.3,0.00,0,-1.6,2.7
59.60,land,349.95,0.05,0.313,1,924.4,1896.4,-3.5,-130.7,4.13,1.54,63,58,-1,-20.0,-20.0,-16.1,-17.3,0.01,0.00,0.44,0.00,0.00,0.00,2.73,3.60,99,-1,0,-4,-4.3,0.00,0.313,0.318,-0.78,0,26,0,210.5,334.2,320.7,60.9,0.00,0,-1.8,4.4
59.70,land,349.87,0.13,0.315,1,924.8,1896.5,-3.9,-130.9,4.22,1.10,63,58,-1,-20.0,-20.0,-16.5,-17.7,-0.00,-0.00,0.45,0.00,0.00,0.00,2.98,3.24,99,-1,0,-4,-4.3,0.01,0.315,0.318,-0.79,0,26,0,210.5,334.2,320.7,60.9,0.00,0,-1.9,5.0
59.80,land,349.78,0.22,0.318,1,924.8,1896.5,-4.3,-131.0,4.22,1.10,63,58,-1,-20.0,-20.0,-16.8,-18.1,-0.01,-0.01,0.47,0.00,0.00,0.00,3.26,2.90,99,-1,0,-4,-4.3,0.01,0.318,0.327,-0.81,0,26,0,210.5,334.2,320.7,60.9,0.00,0,-1.9,5.0
59.90,land,349.70,0.30,0.321,1,925.3,1896.5,-4.8,-131.0,4.26,0.62,63,58,-1,-20.0,-20.0,-17.2,-18.5,-0.02,-0.02,0.48,0.00,0.00,0.00,3.51,2.49,99,-1,0,-4,-4.3,0.01,0.321,0.336,-0.83,0,26,0,210.5,334.2,320.7,60.9,0.00,0,-2.0,5.4
60.00,land,349.61,0.39,0.324,1,925.7,1896.6,-5.2,-131.1,4.31,0.13,63,57,-1,-20.0,-20.0,-17.6,-19.0,-0.03,-0.02,0.50,0.00,0.00,0.00,3.76,2.10,99,-1,0,-3,-4.2,0.02,0.324,0.345,-0.86,0,26,0,212.4,331.4,319.3,59.4,0.00,0,-2.1,5.6
60.10,land,349.52,0.48,0.326,1,926.6,1896.5,-5.6,-131.0,4.39,-0.88,62,57,-1,-20.0,-20.0,-18.0,-19.5,-0.03,-0.02,0.52,0.00,0.00,0.00,4.02,1.71,99,-1,0,-3,-4.1,0.02,0.326,0.348,-0.87,0,26,0,212.4,331.4,319.3,59.4,0.00,0,-1.6,5.0
60.20,land,349.44,0.56,0.326,1,927.0,1896.3,-6.1,-131.0,4.44,-1.41,62,57,-1,-20.0,-20.0,-18.3,-19.8,-0.03,-0.02,0.54,0.00,0.00,0.00,4.30,1.28,99,-1,0,-3,-3.8,0.02,0.326,0.345,-0.84,0,26,0,212.4,331.4,319.3,59.4,0.00,0,-1.2,4.3
60.30,land,349.36,0.64,0.327,1,927.0,1896.3,-6.5,-130.8,4.44,-1.41,62,57,-1,-19.7,-20.0,-18.6,-20.1,-0.02,-0.02,0.55,0.00,0.00,0.00,4.58,0.84,99,-1,0,-3,-3.8,0.02,0.327,0.342,-0.82,0,26,0,212.4,331.4,319.3,59.4,0.00,0,-1.2,4.3
60.40,land,349.28,0.72,0.328,1,927.4,1896.2,-6.9,-130.7,4.48,-1.93,62,55,-1,-19.0,-20.0,-18.8,-20.4,-0.01,-0.02,0.56,0.00,0.00,0.00,4.86,0.43,99,-1,0,-2,-3.4,0.02,0.328,0.340,-0.81,0,26,0,214.2,328.9,318.4,58.1,0.00,0,-0.8,3.4
60.50,land,349.20,0.80,0.329,1,928.3,1895.6,-7.4,-130.4,4.53,-2.99,61,55,-1,-18.4,-20.0,-19.0,-20.5,-0.00,-0.02,0.56,0.00,0.00,0.00,5.11,-0.00,99,-1,0,-2,-2.7,0.02,0.329,0.338,-0.80,0,26,0,214.2,328.9,318.4,58.1,0.00,0,0.1,1.7
60.60,land,349.12,0.88,0.330,1,928.8,1895.3,-7.8,-130.1,4.53,-3.56,61,55,-1,-17.5,-20.0,-19.1,-20.6,0.01,-0.02,0.57,0.00,0.00,0.00,5.41,-0.42,99,-1,0,-2,-2.7,0.02,0.330,0.342,-0.79,0,26,0,214.2,328.9,318.4,58.1,0.00,0,0.7,1.3
60.70,land,349.04,0.96,0.330,1,929.3,1894.9,-8.3,-129.8,4.57,-4.13,61,55,-1,-16.6,-20.0,-19.1,-20.6,0.01,-0.02,0.57,0.00,0.00,0.00,5.69,-0.90,99,-1,0,-2,-2.4,0.02,0.330,0.343,-0.76,0,26,0,214.2,328.9,318.4,58.1,0.00,0,1.6,1.1
60.80,land,348.98,1.02,0.328,1,929.3,1894.9,-8.8,-129.4,4.57,-4.13,60,53,-1,-15.8,-20.0,-19.0,-20.6,0.01,-0.02,0.57,0.00,0.00,0.00,6.02,-1.33,99,-1,0,-1,-2.4,0.02,0.328,0.340,-0.68,0,26,0,215.5,328.1,319.0,57.0,0.00,0,1.6,1.1
60.90,land,348.92,1.08,0.325,1,930.2,1893.9,-9.2,-129.0,4.61,-5.23,60,53,-1,-15.0,-20.0,-18.8,-20.6,0.01,-0.01,0.56,0.00,0.00,0.00,6.31,-1.74,99,-1,0,-1,-2.3,0.03,0.325,0.335,-0.61,0,26,0,215.5,328.1,319.0,57.0,0.00,0,3.5,1.4
61.00,land,348.87,1.13,0.324,1,930.2,1893.9,-9.7,-128.4,4.61,-5.23,60,53,-1,-14.1,-20.0,-18.5,-20.7,0.01,-0.01,0.56,0.00,0.00,0.00,6.62,-2.18,99,-1,0,-1,-2.3,0.04,0.324,0.332,-0.56,0,26,0,215.5,328.1,319.0,57.0,0.00,0,3.5,1.4
61.10,land,348.82,1.18,0.324,1,930.6,1893.4,-10.1,-127.9,4.61,-5.71,59,53,-1,-13.3,-20.0,-18.2,-20.8,-0.00,-0.02,0.56,0.00,0.00,0.00,6.88,-2.56,99,-1,0,-0,-2.2,0.04,0.324,0.331,-0.55,0,26,0,215.5,328.1,319.0,57.0,0.00,0,3.8,1.9
61.20,land,348.76,1.24,0.326,1,931.6,1892.1,-10.6,-127.3,4.59,-6.68,59,52,-1,-12.7,-20.0,-17.9,-20.9,-0.01,-0.02,0.55,0.00,0.00,0.00,7.16,-2.91,99,-1,0,0,-2.2,0.05,0.326,0.337,-0.56,0,26,0,217.2,327.9,320.4,55.6,0.00,0,3.8,2.3
61.30,land,348.70,1.30,0.330,1,932.0,1891.4,-11.1,-126.6,4.57,-7.16,58,52,-1,-12.0,-20.0,-17.7,-21.0,-0.01,-0.03,0.55,0.00,0.00,0.00,7.42,-3.27,99,-1,0,1,-2.1,0.06,0.330,0.345,-0.61,0,26,0,217.2,327.9,320.4,55.6,0.00,0,3.8,2.0
61.40,land,348.64,1.36,0.333,1,932.0,1891.4,-11.5,-125.9,4.57,-7.16,58,52,-1,-11.3,-20.0,-17.4,-21.1,-0.01,-0.03,0.55,0.00,0.00,0.00,7.68,-3.63,99,-1,0,1,-2.1,0.07,0.333,0.347,-0.64,0,26,0,217.2,327.9,320.4,55.6,0.00,0,3.8,2.0
61.50,land,348.59,1.41,0.332,1,932.5,1890.7,-12.0,-125.2,4.55,-7.65,57,52,-1,-10.5,-20.0,-16.9,-21.2,-0.00,-0.02,0.54,0.00,0.00,0.00,7.95,-4.00,99,-1,0,2,-1.9,0.07,0.332,0.342,-0.60,0,26,0,217.2,327.9,320.4,55.6,0.00,0,4.7,1.7
61.60,land,348.54,1.46,0.329,1,932.9,1889.9,-12.4,-124.4,4.53,-8.17,57,50,-1,-9.8,-20.0,-16.4,-21.3,-0.01,-0.00,0.53,0.00,0.00,0.00,8.26,-4.36,99,-1,0,2,-1.5,0.08,0.329,0.333,-0.53,0,26,0,218.9,327.9,322.2,54.2,0.00,0,6.0,1.7
61.70,land,348.51,1.49,0.326,1,933.4,1889.0,-12.9,-123.5,4.48,-8.66,56,50,-1,-9.2,-20.0,-15.7,-21.3,-0.01,0.02,0.52,0.00,0.00,0.00,8.54,-4.70,99,-1,0,3,-1.0,0.08,0.326,0.336,-0.45,0,26,0,218.9,327.9,322.2,54.2,0.00,0,7.4,1.8
61.80,land,348.47,1.53,0.325,1,933.8,1888.1,-13.3,-122.6,4.44,-9.14,56,50,-1,-8.5,-20.0,-14.9,-21.4,-0.01,0.03,0.51,0.00,0.00,0.00,8.82,-5.04,99,-1,0,3,-0.5,0.08,0.326,0.340,-0.42,0,26,0,218.9,327.9,322.2,54.2,0.00,0,8.3,1.8
61.90,land,348.43,1.57,0.327,1,934.7,1886.2,-13.8,-121.7,4.24,-10.02,55,50,-1,-7.8,-20.0,-14.1,-21.5,-0.01,0.02,0.50,0.00,0.00,0.00,9.05,-5.37,99,-1,0,4,0.6,0.08,0.327,0.341,-0.44,0,26,0,218.9,327.9,322.2,54.2,0.00,0,7.3,0.8
62.00,land,348.40,1.60,0.327,1,934.7,1886.2,-14.2,-120.7,4.24,-10.02,54,49,-1,-7.4,-20.0,-13.3,-21.5,-0.00,0.02,0.49,0.00,0.00,0.00,9.28,-5.68,99,-1,0,5,0.6,0.08,0.327,0.335,-0.42,0,26,0,220.3,329.3,324.9,53.0,0.00,0,7.3,0.8
62.10,land,348.37,1.63,0.325,1,935.1,1885.1,-14.6,-119.6,4.11,-10.46,54,49,-1,-6.9,-20.0,-12.7,-21.5,0.00,0.01,0.48,0.00,0.00,0.00,9.49,-6.01,99,-1,0,5,1.5,0.08,0.325,0.329,-0.37,0,26,0,220.3,329.3,324.9,53.0,0.00,0,6.1,0.1
62.20,land,348.35,1.65,0.321,1,935.9,1882.9,-15.0,-118.6,3.82,-11.29,53,49,-1,-6.2,-20.0,-12.2,-21.5,0.00,-0.01,0.47,0.00,0.00,0.00,9.71,-6.35,99,-1,0,6,3.4,0.07,0.321,0.328,-0.28,0,26,0,220.3,329.3,324.9,53.0,0.00,0,3.0,-0.6
62.30,land,348.32,1.68,0.319,1,936.3,1881.8,-15.4,-117.4,3.69,-11.65,53,49,-1,-5.7,-20.0,-11.8,-21.5,0.00,-0.03,0.47,0.00,0.00,0.00,9.88,-6.67,99,-1,0,6,4.1,0.06,0.319,0.331,-0.23,0,26,0,220.3,329.3,324.9,53.0,0.00,0,2.5,-0.7
62.40,land,348.30,1.70,0.322,1,936.3,1881.8,-15.8,-116.3,3.69,-11.65,52,50,-1,-5.0,-20.0,-11.4,-21.5,0.00,-0.03,0.46,0.00,0.00,0.00,10.03,-6.97,99,-1,0,7,4.1,0.05,0.322,0.335,-0.26,0,26,0,219.5,330.8,325.9,53.6,0.00,0,2.5,-0.7
62.50,land,348.27,1.73,0.324,1,937.0,1879.4,-16.1,-115.1,3.43,-12.44,52,50,-1,-4.2,-20.0,-11.0,-21.4,0.00,-0.04,0.46,0.00,0.00,0.00,10.18,-7.28,99,-1,0,7,5.3,0.05,0.324,0.338,-0.29,0,26,0,219.5,330.8,325.9,53.6,0.00,0,2.6,-0.7
62.60,land,348.25,1.75,0.323,1,937.0,1879.4,-16.5,-113.9,3.43,-12.44,52,50,-1,-3.3,-20.0,-10.5,-21.4,-0.00,-0.03,0.45,0.00,0.00,0.00,10.38,-7.66,99,-1,0,7,5.3,0.04,0.323,0.335,-0.27,0,26,0,219.5,330.8,325.9,53.6,0.00,0,2.6,-0.7
62.70,land,348.24,1.76,0.319,1,937.6,1876.8,-16.8,-112.6,3.16,-13.23,52,50,-1,-2.5,-20.0,-9.8,-21.4,-0.00,-0.01,0.44,0.00,0.00,0.00,10.53,-7.97,99,-1,0,8,6.6,0.03,0.319,0.324,-0.17,0,26,0,219.5,330.8,325.9,53.6,0.00,0,5.3,-0.6
62.80,land,348.24,1.76,0.314,1,937.9,1875.4,-17.1,-111.3,3.03,-13.58,52,51,-1,-1.3,-20.0,-9.0,-21.5,-0.00,0.00,0.43,0.00,0.00,0.00,10.69,-8.40,99,-1,0,7,7.1,0.02,0.314,0.316,-0.07,0,26,0,217.6,332.8,326.2,55.2,0.00,0,6.3,-0.5
62.90,land,348.24,1.76,0.311,1,938.2,1874.0,-17.4,-109.9,2.88,-13.93,52,51,-1,-0.3,-20.0,-8.1,-21.5,-0.00,0.01,0.42,0.00,0.00,0.00,10.81,-8.76,99,-1,0,8,7.4,0.01,0.311,0.318,-0.02,0,26,0,217.6,332.8,326.2,55.2,0.00,0,6.3,-0.4
63.00,land,348.24,1.76,0.312,1,938.2,1874.0,-17.7,-108.5,2.88,-13.93,52,51,-1,0.6,-20.0,-7.1,-21.5,-0.00,0.01,0.41,0.00,0.00,0.00,10.92,-9.12,99,-1,0,8,7.4,0.00,0.312,0.320,-0.04,0,26,0,217.6,332.8,326.2,55.2,0.00,0,6.3,-0.4
63.10,land,348.24,1.76,0.314,1,938.8,1871.2,-18.0,-107.1,2.57,-14.46,51,51,-1,1.4,-20.0,-6.2,-21.5,-0.01,0.01,0.41,0.00,0.00,0.00,10.99,-9.39,99,-1,0,8,7.7,0.00,0.314,0.322,-0.07,0,26,0,217.6,332.8,326.2,55.2,0.00,0,6.2,-0.2
63.20,land,348.23,1.77,0.315,1,939.0,1869.7,-18.3,-105.7,2.40,-14.81,52,54,-1,2.2,-20.0,-5.3,-21.5,-0.01,0.01,0.40,0.00,0.00,0.00,10.98,-9.76,99,-1,0,7,7.7,-0.01,0.315,0.323,-0.09,0,26,0,215.4,335.3,327.0,57.1,0.00,0,6.1,-0.1
63.30,land,348.22,1.78,0.316,1,939.0,1869.7,-18.5,-104.2,2.40,-14.81,52,54,-1,3.2,-20.0,-4.4,-21.6,-0.01,0.01,0.40,0.00,0.00,0.00,11.03,-10.17,99,-1,0,7,7.7,-0.01,0.316,0.323,-0.10,0,26,0,215.4,335.3,327.0,57.1,0.00,0,6.1,-0.1
63.40,land,348.21,1.79,0.317,1,939.2,1868.2,-18.7,-102.7,2.22,-15.07,52,54,-1,4.0,-20.0,-3.5,-21.6,-0.01,0.01,0.39,0.00,0.00,0.00,11.03,-10.51,99,-1,0,7,7.7,-0.01,0.317,0.324,-0.12,0,26,0,215.4,335.3,327.0,57.1,0.00,0,5.9,-0.0
63.50,land,348.20,1.80,0.318,1,939.6,1865.1,-18.9,-101.2,1.82,-15.56,52,54,-1,4.7,-20.0,-2.6,-21.6,-0.01,0.00,0.39,0.00,0.00,0.00,11.05,-10.83,99,-1,0,7,7.6,-0.01,0.318,0.324,-0.14,0,26,0,215.4,335.3,327.0,57.1,0.00,0,5.6,0.2
63.60,land,348.18,1.82,0.319,1,939.8,1863.6,-19.1,-99.6,1.65,-15.82,52,56,-1,5.4,-20.0,-1.8,-21.7,-0.01,0.00,0.39,0.00,0.00,0.00,10.94,-11.21,99,-1,0,7,7.5,-0.02,0.319,0.325,-0.15,0,26,0,213.0,337.4,327.3,59.1,0.00,0,5.4,0.2
63.70,land,348.17,1.83,0.320,1,939.8,1863.6,-19.3,-98.1,1.65,-15.82,53,56,-1,6.2,-19.1,-0.9,-21.7,-0.02,-0.00,0.39,0.00,0.00,0.00,10.90,-11.58,99,-1,0,6,7.5,-0.02,0.320,0.331,-0.17,0,26,0,213.0,337.4,327.3,59.1,0.00,0,5.4,0.2
63.80,land,348.15,1.85,0.321,1,939.9,1862.0,-19.4,-96.5,1.43,-16.04,53,56,-1,6.8,-17.4,-0.1,-21.7,-0.05,-0.00,0.39,0.00,0.00,0.00,10.82,-11.93,99,-1,0,6,7.4,-0.02,0.321,0.341,-0.18,0,26,0,213.0,337.4,327.3,59.1,0.00,0,5.2,0.3
63.90,land,348.13,1.87,0.323,1,940.2,1858.7,-19.6,-94.8,0.94,-16.52,53,56,-1,7.5,-15.6,0.7,-21.8,-0.07,-0.01,0.39,0.00,0.00,0.00,10.77,-12.30,99,-1,0,6,7.3,-0.03,0.323,0.353,-0.20,0,26,0,213.0,337.4,327.3,59.1,0.00,0,4.8,-0.0
64.00,land,348.11,1.89,0.321,1,940.2,1857.0,-19.7,-93.2,0.68,-16.83,53,58,-1,8.0,-13.8,1.4,-21.7,-0.08,-0.01,0.39,0.00,0.00,0.00,10.59,-12.72,99,-1,0,6,7.2,-0.03,0.321,0.356,-0.17,0,26,0,210.6,339.0,327.1,61.1,0.00,0,4.6,-1.6
64.10,land,348.11,1.89,0.316,1,940.3,1855.3,-19.7,-91.5,0.40,-17.09,54,58,-1,8.6,-11.8,2.2,-21.5,-0.08,-0.01,0.39,0.00,0.00,0.00,10.48,-13.19,99,-1,0,5,7.2,-0.04,0.316,0.351,-0.05,0,26,0,210.6,339.0,327.1,61.1,0.00,0,4.4,-3.4
64.20,land,348.11,1.89,0.310,1,940.3,1853.6,-19.8,-89.8,0.11,-17.36,54,58,-1,9.1,-9.8,2.9,-21.1,-0.07,-0.02,0.38,0.00,0.00,0.00,10.33,-13.62,99,-1,0,5,7.1,-0.04,0.310,0.343,0.05,0,26,0,210.6,339.0,327.1,61.1,0.00,0,4.2,-5.4
64.30,land,348.13,1.87,0.305,1,940.3,1851.8,-19.8,-88.1,-0.18,-17.62,54,58,-1,9.5,-7.7,3.6,-20.5,-0.05,-0.02,0.36,0.00,0.00,0.00,10.19,-14.05,99,-1,0,5,7.0,-0.05,0.305,0.333,0.16,0,26,0,210.6,339.0,327.1,61.1,0.00,0,4.2,-7.2
64.40,land,348.15,1.85,0.300,1,940.3,1851.8,-19.8,-86.3,-0.18,-17.62,55,61,-1,9.9,-5.6,4.2,-19.7,-0.04,-0.02,0.34,0.00,0.00,0.00,9.96,-14.54,99,-1,0,4,7.0,-0.06,0.300,0.324,0.24,0,26,0,208.0,342.3,329.0,63.1,0.00,0,4.2,-7.2
64.50,land,348.17,1.83,0.298,1,940.3,1850.1,-19.8,-84.6,-0.44,-17.80,56,61,-1,10.2,-3.8,4.9,-18.8,-0.04,-0.01,0.31,0.00,0.00,0.00,9.71,-14.92,99,-1,0,4,6.9,-0.07,0.299,0.319,0.26,0,26,0,208.0,342.3,329.0,63.1,0.00,0,4.4,-8.4
64.60,land,348.18,1.82,0.299,1,940.1,1846.5,-19.7,-82.8,-0.94,-18.15,56,61,-1,10.4,-1.9,5.5,-17.8,-0.04,-0.01,0.28,0.00,0.00,0.00,9.47,-15.30,99,-1,0,3,6.1,-0.07,0.299,0.318,0.25,0,26,0,208.0,342.3,329.0,63.1,0.00,0,4.6,-10.0
64.70,land,348.20,1.80,0.299,1,940.0,1844.6,-19.6,-81.0,-1.16,-18.28,56,61,-1,10.7,-0.0,6.1,-16.7,-0.03,-0.01,0.26,0.00,0.00,0.00,9.25,-15.64,99,-1,0,3,5.3,-0.07,0.299,0.317,0.24,0,26,0,208.0,342.3,329.0,63.1,0.00,0,4.8,-10.6
64.80,land,348.21,1.79,0.298,1,940.0,1844.6,-19.5,-79.1,-1.16,-18.28,57,63,-1,10.9,1.7,6.7,-15.6,-0.03,-0.01,0.23,0.00,0.00,0.00,8.94,-15.99,99,-1,0,2,5.3,-0.07,0.298,0.315,0.24,0,26,0,205.5,347.4,334.9,64.9,0.00,0,4.8,-10.6
64.90,land,348.22,1.78,0.297,1,939.7,1841.0,-19.4,-77.3,-1.63,-18.46,58,63,-1,10.9,3.4,7.3,-14.5,-0.03,-0.00,0.20,0.00,0.00,0.00,8.60,-16.29,99,-1,0,1,3.5,-0.06,0.298,0.312,0.25,0,26,0,205.5,347.4,334.9,64.9,0.00,0,5.3,-11.6
65.00,land,348.23,1.77,0.296,1,939.7,1841.0,-19.2,-75.5,-1.63,-18.46,58,63,-1,11.0,5.1,7.9,-13.3,-0.03,0.00,0.18,0.00,0.00,0.00,8.29,-16.57,99,-1,0,1,3.5,-0.05,0.296,0.311,0.26,0,26,0,205.5,347.4,334.9,64.9,0.00,0,5.3,-11.6
65.10,land,348.25,1.75,0.295,1,939.5,1839.1,-19.0,-73.6,-1.87,-18.50,59,63,-1,10.8,6.7,8.5,-12.1,-0.03,0.01,0.15,0.00,0.00,0.00,7.96,-16.81,99,-1,0,0,2.7,-0.05,0.295,0.311,0.27,0,26,0,205.5,347.4,334.9,64.9,0.00,0,5.4,-12.0
65.20,land,348.26,1.74,0.293,1,939.3,1837.3,-18.8,-71.8,-2.09,-18.54,60,65,-1,10.7,8.3,9.0,-10.8,-0.03,0.01,0.13,0.00,0.00,0.00,7.60,-17.04,99,-1,0,-0,2.0,-0.05,0.293,0.311,0.29,0,26,0,204.3,353.2,345.3,65.5,0.00,0,5.4,-12.5
65.30,land,348.27,1.73,0.291,1,938.8,1833.6,-18.6,-69.9,-2.57,-18.46,60,65,-1,10.4,9.8,9.5,-9.5,-0.03,0.02,0.11,0.00,0.00,0.00,7.22,-17.24,99,-1,0,-1,0.8,-0.05,0.291,0.310,0.32,0,26,0,204.3,353.2,345.3,65.5,0.00,0,5.2,-13.3
65.40,land,348.29,1.71,0.289,1,938.6,1831.7,-18.3,-68.1,-2.79,-18.37,61,65,-1,10.0,11.1,10.0,-8.2,-0.03,0.02,0.09,0.00,0.00,0.00,6.81,-17.35,99,-1,0,-2,0.2,-0.05,0.289,0.309,0.35,0,26,0,204.3,353.2,345.3,65.5,0.00,0,5.0,-13.6
65.50,land,348.31,1.69,0.287,1,938.6,1831.7,-18.1,-66.2,-2.79,-18.37,61,65,-1,9.6,12.3,10.5,-6.8,-0.02,0.03,0.08,0.00,0.00,0.00,6.43,-17.43,99,-1,0,-2,0.2,-0.04,0.287,0.307,0.38,0,26,0,204.3,353.2,345.3,65.5,0.00,0,5.0,-13.6
65.60,land,348.33,1.67,0.285,1,938.3,1829.9,-17.8,-64.4,-3.05,-18.28,62,65,-1,9.0,13.5,10.9,-5.4,-0.02,0.03,0.07,0.00,0.00,0.00,6.01,-17.53,99,-1,0,-2,-0.6,-0.04,0.285,0.305,0.41,0,26,0,204.2,359.5,359.0,65.3,0.00,0,4.7,-14.1
65.70,land,348.35,1.65,0.282,1,937.6,1826.3,-17.4,-62.6,-3.49,-18.02,62,65,-1,8.5,14.6,11.3,-4.0,-0.01,0.03,0.06,0.00,0.00,0.00,5.62,-17.57,99,-1,0,-3,-2.3,-0.03,0.282,0.301,0.44,0,26,0,204.2,359.5,359.0,65.3,0.00,0,3.4,-15.0
65.80,land,348.37,1.63,0.281,1,937.2,1824.5,-17.1,-60.8,-3.71,-17.80,62,65,-1,7.9,15.7,11.6,-2.5,-0.00,0.03,0.06,0.00,0.00,0.00,5.24,-17.59,99,-1,0,-3,-3.1,-0.02,0.281,0.295,0.44,0,26,0,204.2,359.5,359.0,65.3,0.00,0,2.2,-15.7
65.90,land,348.38,1.62,0.282,1,936.8,1822.7,-16.7,-59.0,-3.93,-17.58,63,65,-1,7.2,16.5,11.7,-1.0,0.01,0.02,0.06,0.00,0.00,0.00,4.82,-17.53,99,-1,0,-4,-3.7,-0.01,0.282,0.295,0.40,0,26,0,204.2,359.5,359.0,65.3,0.00,0,1.2,-16.1
66.00,land,348.40,1.60,0.282,1,936.4,1821.0,-16.3,-57.2,-4.11,-17.27,63,64,-1,6.6,17.3,11.8,0.5,0.01,0.02,0.06,0.00,0.00,0.00,4.46,-17.45,99,-1,0,-4,-4.3,-0.00,0.282,0.296,0.39,0,26,0,205.4,6.2,12.9,64.1,0.00,0,0.6,-16.1
66.10,land,348.41,1.59,0.280,1,936.4,1821.0,-15.9,-55.5,-4.11,-17.27,63,64,-1,5.9,17.8,11.9,2.0,0.02,0.02,0.07,0.00,0.00,0.00,4.11,-17.27,99,-1,0,-4,-4.3,0.00,0.280,0.296,0.43,0,26,0,205.4,6.2,12.9,64.1,0.00,0,0.6,-16.1
66.20,land,348.43,1.57,0.277,1,936.0,1819.3,-15.5,-53.8,-4.28,-17.01,63,64,-1,5.2,18.4,11.9,3.5,0.02,0.03,0.08,0.00,0.00,0.00,3.77,-17.13,99,-1,0,-4,-4.7,0.01,0.277,0.297,0.46,0,26,0,205.4,6.2,12.9,64.1,0.00,0,0.1,-16.0
66.30,land,348.45,1.55,0.276,1,935.1,1815.9,-15.1,-52.1,-4.57,-16.39,64,64,-1,4.5,18.7,11.9,5.0,0.02,0.03,0.10,0.00,0.00,0.00,3.41,-16.90,99,-1,0,-5,-5.0,0.01,0.276,0.296,0.47,0,26,0,205.4,6.2,12.9,64.1,0.00,0,-1.2,-14.9
66.40,land,348.46,1.54,0.277,1,934.7,1814.3,-14.6,-50.4,-4.68,-16.04,63,61,-1,4.0,19.1,11.9,6.3,0.02,0.03,0.11,0.00,0.00,0.00,3.23,-16.71,99,-1,0,-4,-5.1,0.01,0.277,0.294,0.43,0,26,0,207.8,12.5,22.8,62.1,0.00,0,-2.0,-14.1
66.50,land,348.47,1.53,0.278,1,934.7,1814.3,-14.2,-48.8,-4.68,-16.04,63,61,-1,3.5,19.3,11.7,7.6,0.02,0.02,0.13,0.00,0.00,0.00,3.00,-16.44,99,-1,0,-4,-5.1,0.02,0.278,0.293,0.39,0,26,0,207.8,12.5,22.8,62.1,0.00,0,-2.0,-14.1
66.60,land,348.48,1.52,0.279,1,934.2,1812.8,-13.7,-47.3,-4.75,-15.64,63,61,-1,3.0,19.3,11.6,8.8,0.01,0.02,0.15,0.00,0.00,0.00,2.79,-16.11,99,-1,0,-4,-5.2,0.02,0.279,0.293,0.35,0,26,0,207.8,12.5,22.8,62.1,0.00,0,-2.7,-13.4
66.70,land,348.49,1.51,0.281,1,933.7,1811.2,-13.2,-45.7,-4.83,-15.25,63,61,-1,2.4,19.3,11.3,10.0,0.01,0.02,0.16,0.00,0.00,0.00,2.55,-15.79,99,-1,0,-4,-5.2,0.02,0.281,0.293,0.30,0,26,0,207.8,12.5,22.8,62.1,0.00,0,-3.4,-12.7
66.80,land,348.49,1.51,0.283,1,932.7,1808.3,-12.7,-44.2,-4.92,-14.46,63,58,-1,2.0,19.2,11.0,11.0,0.01,0.01,0.18,0.00,0.00,0.00,2.47,-15.44,99,-1,0,-4,-5.2,0.03,0.283,0.292,0.26,0,26,0,210.7,17.3,27.6,59.8,0.00,0,-4.6,-11.4
66.90,land,348.49,1.51,0.283,1,932.2,1806.9,-12.2,-42.8,-4.92,-14.02,62,58,-1,1.7,19.1,10.7,12.0,0.02,0.01,0.20,0.00,0.00,0.00,2.37,-15.09,99,-1,0,-3,-5.3,0.04,0.283,0.294,0.24,0,26,0,210.7,17.3,27.6,59.8,0.00,0,-4.7,-11.2
67.00,land,348.50,1.50,0.282,1,932.2,1806.9,-11.7,-41.4,-4.92,-14.02,62,58,-1,1.3,18.8,10.4,13.0,0.03,0.01,0.22,0.00,0.00,0.00,2.26,-14.68,99,-1,0,-3,-5.3,0.05,0.282,0.298,0.26,0,26,0,210.7,17.3,27.6,59.8,0.00,0,-4.7,-11.2
67.10,land,348.50,1.50,0.280,1,931.3,1804.2,-11.2,-40.0,-4.88,-13.10,62,58,-1,0.9,18.5,10.1,14.0,0.04,0.02,0.24,0.00,0.00,0.00,2.13,-14.29,99,-1,0,-2,-5.2,0.06,0.281,0.303,0.27,0,26,0,210.7,17.3,27.6,59.8,0.00,0,-5.1,-10.6
67.20,land,348.51,1.49,0.281,1,930.8,1802.9,-10.8,-38.7,-4.83,-12.66,61,55,-1,0.7,18.0,9.8,15.0,0.05,0.01,0.25,0.00,0.00,0.00,2.13,-13.81,99,-1,0,-2,-5.0,0.07,0.281,0.304,0.26,0,26,0,214.0,21.0,29.6,57.3,0.00,0,-5.8,-9.7
67.30,land,348.51,1.49,0.283,1,930.8,1802.9,-10.3,-37.4,-4.83,-12.66,60,55,-1,0.5,17.6,9.3,15.8,0.05,0.00,0.27,0.00,0.00,0.00,2.12,-13.38,99,-1,0,-1,-5.0,0.08,0.283,0.302,0.20,0,26,0,214.0,21.0,29.6,57.3,0.00,0,-5.8,-9.7
67.40,land,348.50,1.50,0.286,1,929.8,1800.5,-9.8,-36.2,-4.70,-11.73,59,55,-1,0.3,17.0,8.8,16.6,0.05,-0.01,0.28,0.00,0.00,0.00,2.08,-12.91,99,-1,0,-0,-3.8,0.08,0.286,0.311,0.13,0,26,0,214.0,21.0,29.6,57.3,0.00,0,-7.4,-7.4
67.50,land,348.49,1.51,0.291,1,929.4,1799.3,-9.3,-35.0,-4.59,-11.29,59,55,-1,0.0,16.6,8.2,17.2,0.04,-0.03,0.29,0.00,0.00,0.00,2.03,-12.48,99,-1,0,0,-3.1,0.08,0.291,0.317,0.04,0,26,0,214.0,21.0,29.6,57.3,0.00,0,-7.3,-5.8
67.60,land,348.47,1.53,0.297,1,929.4,1799.3,-8.9,-33.8,-4.59,-11.29,58,52,-1,0.0,16.0,7.6,17.7,0.03,-0.03,0.30,0.00,0.00,0.00,2.10,-12.01,99,-1,0,1,-3.1,0.09,0.297,0.323,-0.08,0,26,0,216.9,22.7,29.1,55.0,0.00,0,-7.3,-5.8
67.70,land,348.44,1.56,0.301,1,928.9,1798.2,-8.4,-32.7,-4.46,-10.81,57,52,-1,-0.1,15.3,7.0,18.0,0.03,-0.03,0.31,0.00,0.00,0.00,2.13,-11.50,99,-1,0,2,-2.3,0.09,0.301,0.326,-0.15,0,26,0,216.9,22.7,29.1,55.0,0.00,0,-6.8,-4.6
67.80,land,348.41,1.59,0.303,1,928.1,1796.2,-8.0,-31.7,-4.11,-9.89,56,52,-1,-0.1,14.4,6.4,18.4,0.04,-0.03,0.31,0.00,0.00,0.00,2.16,-10.97,99,-1,0,3,-0.3,0.08,0.304,0.332,-0.19,0,26,0,216.9,22.7,29.1,55.0,0.00,0,-6.0,-3.1
67.90,land,348.39,1.61,0.304,1,928.1,1796.2,-7.6,-30.7,-4.11,-9.89,56,52,-1,-0.1,13.7,5.9,18.6,0.04,-0.04,0.31,0.00,0.00,0.00,2.18,-10.48,99,-1,0,3,-0.3,0.07,0.304,0.337,-0.20,0,26,0,216.9,22.7,29.1,55.0,0.00,0,-6.0,-3.1
68.00,land,348.36,1.64,0.305,1,927.3,1794.3,-7.2,-29.7,-3.71,-8.96,55,51,-1,-0.1,12.9,5.3,18.9,0.05,-0.04,0.32,0.00,0.00,0.00,2.21,-9.99,99,-1,0,4,1.8,0.07,0.305,0.342,-0.20,0,26,0,218.0,22.5,27.9,54.0,0.00,0,-5.1,-1.6
68.10,land,348.35,1.65,0.304,1,927.3,1794.3,-6.8,-28.8,-3.71,-8.96,54,51,-1,-0.1,11.9,4.7,19.0,0.05,-0.04,0.32,0.00,0.00,0.00,2.22,-9.45,99,-1,0,5,1.8,0.06,0.304,0.342,-0.18,0,26,0,218.0,22.5,27.9,54.0,0.00,0,-5.1,-1.6
68.20,land,348.34,1.66,0.301,1,926.9,1793.5,-6.4,-28.0,-3.49,-8.48,54,51,-1,-0.2,10.9,4.2,19.0,0.05,-0.04,0.31,0.00,0.00,0.00,2.21,-8.90,99,-1,0,5,3.1,0.05,0.301,0.336,-0.12,0,26,0,218.0,22.5,27.9,54.0,0.00,0,-4.1,-0.4
68.30,land,348.33,1.67,0.299,1,926.3,1791.9,-6.1,-27.2,-3.05,-7.60,53,51,-1,-0.2,10.0,3.8,18.9,0.03,-0.03,0.31,0.00,0.00,0.00,2.20,-8.40,99,-1,0,6,5.4,0.03,0.299,0.326,-0.08,0,26,0,218.0,22.5,27.9,54.0,0.00,0,-1.5,2.9
68.40,land,348.33,1.67,0.300,1,926.0,1791.2,-5.8,-26.4,-2.83,-7.21,53,52,-1,-0.3,9.1,3.5,18.6,0.02,-0.02,0.30,0.00,0.00,0.00,2.15,-7.91,99,-1,0,6,6.5,0.02,0.300,0.315,-0.09,0,26,0,216.7,20.9,27.1,55.1,0.00,0,-0.4,4.2
68.50,land,348.33,1.67,0.300,1,925.7,1790.5,-5.5,-25.7,-2.61,-6.81,53,52,-1,-0.4,8.2,3.2,18.2,0.01,-0.02,0.28,0.00,0.00,0.00,2.11,-7.45,99,-1,0,6,7.5,-0.00,0.300,0.310,-0.09,0,26,0,216.7,20.9,27.1,55.1,0.00,0,-0.1,4.7
68.60,land,348.34,1.66,0.300,1,925.7,1790.5,-5.2,-25.0,-2.61,-6.81,53,52,-1,-0.4,7.3,3.0,17.7,0.01,-0.02,0.26,0.00,0.00,0.00,2.07,-7.00,99,-1,0,7,7.5,-0.02,0.300,0.310,-0.09,0,26,0,216.7,20.9,27.1,55.1,0.00,0,-0.1,4.7
68.70,land,348.34,1.66,0.300,1,925.2,1789.2,-5.0,-24.3,-2.26,-6.02,52,52,-1,-0.6,6.4,2.7,17.2,0.01,-0.02,0.25,0.00,0.00,0.00,1.98,-6.57,99,-1,0,7,8.5,-0.03,0.300,0.310,-0.09,0,26,0,216.7,20.9,27.1,55.1,0.00,0,0.2,5.3
68.80,land,348.35,1.65,0.300,1,925.0,1788.6,-4.7,-23.7,-2.09,-5.67,53,56,-1,-0.8,5.6,2.5,16.7,0.01,-0.02,0.23,0.00,0.00,0.00,1.84,-6.16,99,-1,0,6,8.8,-0.04,0.300,0.311,-0.08,0,26,0,213.2,18.2,26.7,58.1,0.00,0,0.2,5.5
68.90,land,348.36,1.64,0.299,1,924.8,1788.1,-4.5,-23.1,-1.91,-5.32,53,56,-1,-1.0,4.8,2.2,16.2,0.01,-0.02,0.21,0.00,0.00,0.00,1.73,-5.79,99,-1,0,6,8.8,-0.06,0.299,0.311,-0.06,0,26,0,213.2,18.2,26.7,58.1,0.00,0,0.1,5.5
69.00,land,348.37,1.63,0.299,1,924.7,1787.6,-4.3,-22.6,-1.78,-4.97,53,56,-1,-1.1,3.9,2.0,15.7,0.01,-0.02,0.19,0.00,0.00,0.00,1.63,-5.41,99,-1,0,6,8.9,-0.06,0.299,0.312,-0.04,0,26,0,213.2,18.2,26.7,58.1,0.00,0,0.1,5.6
69.10,land,348.38,1.62,0.298,1,924.5,1787.1,-4.2,-22.1,-1.65,-4.66,54,56,-1,-1.3,3.1,1.7,15.2,0.02,-0.02,0.18,0.00,0.00,0.00,1.51,-5.06,99,-1,0,5,8.5,-0.07,0.298,0.311,-0.02,0,26,0,213.2,18.2,26.7,58.1,0.00,0,0.2,5.6
69.20,land,348.39,1.61,0.296,1,924.5,1787.1,-4.0,-21.6,-1.65,-4.66,54,60,-1,-1.5,2.4,1.5,14.6,0.02,-0.01,0.16,0.00,0.00,0.00,1.36,-4.75,99,-1,0,5,8.5,-0.08,0.296,0.308,0.00,0,26,0,209.4,15.4,26.1,61.4,0.00,0,0.2,5.6
69.30,land,348.41,1.59,0.295,1,924.3,1786.7,-3.8,-21.2,-1.47,-4.35,55,60,-1,-1.5,1.6,1.4,14.1,0.02,-0.01,0.14,0.00,0.00,0.00,1.28,-4.41,99,-1,0,4,7.9,-0.08,0.295,0.304,0.03,0,26,0,209.4,15.4,26.1,61.4,0.00,0,0.4,5.8
69.40,land,348.43,1.57,0.294,1,924.2,1786.3,-3.7,-20.8,-1.34,-4.00,56,60,-1,-1.8,0.8,1.3,13.4,0.01,0.00,0.12,0.00,0.00,0.00,1.14,-4.06,99,-1,0,3,7.1,-0.08,0.294,0.300,0.05,0,26,0,209.4,15.4,26.1,61.4,0.00,0,0.7,6.2
69.50,land,348.46,1.54,0.292,1,924.0,1785.5,-3.6,-20.4,-1.08,-3.47,56,60,-1,-1.8,0.1,1.2,12.8,0.01,0.01,0.09,0.00,0.00,0.00,1.07,-3.78,99,-1,0,3,5.1,-0.07,0.292,0.299,0.08,0,26,0,209.4,15.4,26.1,61.4,0.00,0,1.3,7.1
69.60,land,348.49,1.51,0.290,1,924.0,1785.5,-3.5,-20.0,-1.08,-3.47,57,62,-1,-1.9,-0.6,1.3,12.1,-0.00,0.02,0.07,0.00,0.00,0.00,0.98,-3.50,99,-1,0,2,5.1,-0.06,0.290,0.299,0.11,0,26,0,206.6,12.7,24.2,64.0,0.00,0,1.3,7.1
69.70,land,348.52,1.48,0.288,1,923.9,1785.2,-3.4,-19.7,-0.94,-3.21,58,62,-1,-1.9,-1.3,1.3,11.3,-0.01,0.03,0.05,0.00,0.00,0.00,0.90,-3.22,99,-1,0,1,4.2,-0.06,0.288,0.302,0.15,0,26,0,206.6,12.7,24.2,64.0,0.00,0,1.4,7.5
69.80,land,348.56,1.44,0.286,1,923.7,1784.6,-3.3,-19.4,-0.79,-2.68,59,62,-1,-2.0,-1.9,1.4,10.5,-0.01,0.03,0.02,0.00,0.00,0.00,0.80,-2.96,99,-1,0,1,2.7,-0.06,0.286,0.302,0.18,0,26,0,206.6,12.7,24.2,64.0,0.00,0,0.9,8.0
69.90,land,348.60,1.40,0.283,1,923.7,1784.6,-3.2,-19.1,-0.79,-2.68,59,62,-1,-2.2,-2.6,1.4,9.8,-0.02,0.03,0.00,0.00,0.00,0.00,0.70,-2.71,99,-1,0,-0,2.7,-0.06,0.283,0.301,0.23,0,26,0,206.6,12.7,24.2,64.0,0.00,0,0.9,8.0
70.00,land,348.64,1.36,0.281,1,923.6,1784.1,-3.1,-18.9,-0.70,-2.24,60,64,-1,-2.3,-3.1,1.4,9.0,-0.02,0.02,0.00,0.00,0.00,0.00,0.59,-2.50,99,-1,0,-1,1.4,-0.06,0.281,0.298,0.27,0,26,0,205.1,9.6,19.9,65.2,0.00,0,-0.4,7.8
70.10,land,348.69,1.31,0.279,1,923.6,1784.1,-3.1,-18.6,-0.70,-2.24,60,64,-1,-2.5,-3.6,1.3,8.2,-0.02,0.01,0.00,0.00,0.00,0.00,0.49,-2.30,99,-1,0,-1,1.4,-0.05,0.279,0.290,0.29,0,26,0,205.1,9.6,19.9,65.2,0.00,0,-0.4,7.8
70.20,land,348.73,1.27,0.280,1,923.5,1783.9,-3.0,-18.4,-0.66,-2.07,61,64,-1,-2.6,-4.1,1.1,7.5,-0.01,-0.00,0.00,0.00,0.00,0.00,0.43,-2.13,99,-1,0,-2,0.6,-0.05,0.280,0.283,0.27,0,26,0,205.1,9.6,19.9,65.2,0.00,0,-1.5,7.1
70.30,land,348.77,1.23,0.279,1,923.4,1783.6,-2.9,-18.2,-0.62,-1.76,61,64,-1,-2.7,-4.5,0.8,6.9,0.00,-0.01,0.00,0.00,0.00,0.00,0.37,-1.95,99,-1,0,-2,-1.0,-0.04,0.279,0.285,0.28,0,26,0,205.1,9.6,19.9,65.2,0.00,0,-2.9,6.0
70.40,land,348.82,1.18,0.275,1,923.4,1783.6,-2.9,-18.1,-0.62,-1.76,62,64,-1,-2.8,-4.7,0.6,6.3,0.00,-0.02,0.00,0.00,0.00,0.00,0.29,-1.84,99,-1,0,-3,-1.0,-0.03,0.275,0.285,0.33,0,26,0,205.0,6.5,13.8,65.1,0.00,0,-2.9,6.0
70.50,land,348.87,1.13,0.272,1,923.3,1783.4,-2.8,-17.9,-0.57,-1.63,62,64,-1,-2.8,-5.1,0.3,5.7,0.01,-0.03,0.00,0.00,0.00,0.00,0.26,-1.70,99,-1,0,-3,-1.5,-0.03,0.272,0.285,0.39,0,26,0,205.0,6.5,13.8,65.1,0.00,0,-3.2,5.7
70.60,land,348.93,1.07,0.269,1,923.3,1783.2,-2.8,-17.7,-0.53,-1.49,62,64,-1,-2.9,-5.4,-0.0,5.1,0.00,-0.03,0.00,0.00,0.00,0.00,0.23,-1.57,99,-1,0,-3,-1.8,-0.03,0.269,0.281,0.42,0,26,0,205.0,6.5,13.8,65.1,0.00,0,-3.2,5.9
70.70,land,348.98,1.02,0.271,1,923.2,1783.1,-2.7,-17.6,-0.48,-1.41,63,64,-1,-2.8,-5.6,-0.3,4.5,-0.00,-0.02,0.00,0.00,0.00,0.00,0.22,-1.47,99,-1,0,-3,-1.9,-0.03,0.271,0.278,0.38,0,26,0,205.0,6.5,13.8,65.1,0.00,0,-2.6,6.1
70.80,land,349.02,0.98,0.274,1,923.1,1782.8,-2.7,-17.5,-0.40,-1.23,63,63,-1,-2.8,-5.9,-0.3,3.9,-0.00,0.00,0.00,0.00,0.00,0.00,0.22,-1.37,99,-1,0,-4,-2.5,-0.03,0.274,0.276,0.29,0,26,0,205.8,3.7,7.7,64.3,0.00,0,-0.2,5.9
70.90,land,349.05,0.95,0.278,1,923.1,1782.8,-2.6,-17.3,-0.40,-1.23,63,63,-1,-2.8,-6.1,-0.3,3.3,-0.01,0.02,0.00,0.00,0.00,0.00,0.21,-1.27,99,-1,0,-4,-2.5,-0.02,0.278,0.288,0.21,0,26,0,205.8,3.7,7.7,64.3,0.00,0,-0.2,5.9
71.00,land,349.08,0.92,0.279,1,923.1,1782.7,-2.6,-17.2,-0.35,-1.23,63,63,-1,-2.7,-6.1,-0.2,2.7,-0.01,0.03,0.00,0.00,0.00,0.00,0.25,-1.26,99,-1,0,-4,-2.7,-0.02,0.279,0.293,0.18,0,26,0,205.8,3.7,7.7,64.3,0.00,0,0.6,5.9
71.10,land,349.11,0.89,0.276,1,923.1,1782.6,-2.6,-17.1,-0.31,-1.14,63,63,-1,-2.7,-6.3,-0.2,2.1,-0.01,0.03,0.00,0.00,0.00,0.00,0.25,-1.16,99,-1,0,-4,-2.9,-0.02,0.276,0.290,0.24,0,26,0,205.8,3.7,7.7,64.3,0.00,0,0.5,5.9
71.20,land,349.15,0.85,0.273,1,923.0,1782.4,-2.5,-17.0,-0.26,-1.05,63,62,-1,-2.7,-6.6,-0.2,1.6,-0.01,0.02,0.00,0.00,0.00,0.00,0.25,-1.06,99,-1,0,-4,-3.0,-0.01,0.273,0.284,0.28,0,26,0,206.9,1.5,3.0,63.1,0.00,0,-0.4,5.1
71.30,land,349.19,0.81,0.273,1,923.0,1782.4,-2.5,-16.9,-0.26,-1.05,63,62,-1,-2.7,-6.5,-0.2,1.1,-0.00,0.01,0.00,0.00,0.00,0.00,0.25,-1.06,99,-1,0,-4,-3.0,-0.01,0.273,0.278,0.27,0,26,0,206.9,1.5,3.0,63.1,0.00,0,-0.4,5.1
71.40,land,349.22,0.78,0.273,1,923.0,1782.3,-2.5,-16.8,-0.22,-1.05,63,62,-1,-2.5,-6.5,-0.3,0.7,0.00,-0.00,0.00,0.00,0.00,0.00,0.29,-1.04,99,-1,0,-3,-3.0,-0.01,0.273,0.275,0.26,0,26,0,206.9,1.5,3.0,63.1,0.00,0,-1.1,4.5
71.50,land,349.26,0.74,0.272,1,923.0,1782.2,-2.5,-16.7,-0.22,-0.97,63,62,-1,-2.7,-6.7,-0.5,0.3,0.00,-0.01,0.00,0.00,0.00,0.00,0.25,-0.96,99,-1,0,-3,-3.0,-0.01,0.272,0.277,0.28,0,26,0,206.9,1.5,3.0,63.1,0.00,0,-1.5,4.0
71.60,land,349.30,0.70,0.268,1,922.9,1782.0,-2.4,-16.6,-0.20,-0.97,62,61,-1,-2.7,-6.6,-0.7,-0.1,-0.00,-0.01,0.00,0.00,0.00,0.00,0.26,-0.96,99,-1,0,-3,-2.9,-0.00,0.268,0.274,0.34,0,26,0,208.1,359.5,359.1,61.9,0.00,0,-1.8,4.1
71.70,land,349.35,0.65,0.264,1,922.9,1782.0,-2.4,-16.5,-0.20,-0.97,62,61,-1,-2.6,-6.6,-0.8,-0.5,-0.01,-0.02,0.00,0.00,0.00,0.00,0.28,-0.95,99,-1,0,-3,-2.9,-0.00,0.264,0.273,0.40,0,26,0,208.1,359.5,359.1,61.9,0.00,0,-1.8,4.1
71.80,land,349.39,0.61,0.263,1,922.9,1781.9,-2.4,-16.4,-0.18,-0.97,62,61,-1,-2.6,-6.6,-1.0,-1.0,-0.01,-0.01,0.00,0.00,0.00,0.00,0.30,-0.94,99,-1,0,-3,-2.9,0.00,0.263,0.270,0.41,0,26,0,208.1,359.5,359.1,61.9,0.00,0,-1.5,4.2
71.90,land,349.43,0.57,0.266,1,922.9,1781.7,-2.4,-16.3,-0.18,-1.05,62,61,-1,-2.5,-6.4,-1.0,-1.4,-0.01,0.00,0.00,0.00,0.00,0.00,0.32,-0.97,99,-1,0,-3,-2.9,0.00,0.266,0.273,0.33,0,26,0,208.1,359.5,359.1,61.9,0.00,0,0.4,3.9
72.00,land,349.46,0.54,0.271,1,922.8,1781.6,-2.4,-16.2,-0.18,-1.05,61,60,-1,-2.5,-6.2,-1.0,-1.7,-0.01,0.01,0.00,0.00,0.00,0.00,0.35,-1.01,99,-1,0,-2,-2.8,0.01,0.271,0.282,0.22,0,26,0,209.2,357.7,356.0,60.8,0.00,0,0.6,3.1
72.10,land,349.47,0.53,0.277,1,922.8,1781.5,-2.3,-16.1,-0.18,-1.05,61,60,-1,-2.5,-6.2,-0.9,-2.0,-0.00,0.02,0.00,0.00,0.00,0.00,0.35,-1.01,99,-1,0,-2,-2.9,0.01,0.277,0.284,0.09,0,26,0,209.2,357.7,356.0,60.8,0.00,0,0.2,2.2
72.20,land,349.47,0.53,0.280,1,922.8,1781.4,-2.3,-16.0,-0.18,-1.14,61,60,-1,-2.5,-6.1,-0.9,-2.2,0.01,0.01,0.00,0.00,0.00,0.00,0.36,-1.01,99,-1,0,-2,-2.7,0.02,0.280,0.286,0.04,0,26,0,209.2,357.7,356.0,60.8,0.00,0,-0.3,1.8
72.30,land,349.48,0.52,0.279,1,922.8,1781.4,-2.3,-15.9,-0.18,-1.14,61,60,-1,-2.4,-5.8,-1.0,-2.4,0.01,0.00,0.00,0.00,0.00,0.00,0.40,-1.08,99,-1,0,-2,-2.7,0.02,0.279,0.282,0.06,0,26,0,209.2,357.7,356.0,60.8,0.00,0,-0.3,1.8
72.40,land,349.50,0.50,0.275,1,922.8,1781.1,-2.3,-15.7,-0.18,-1.23,60,59,-1,-2.4,-5.8,-1.0,-2.6,0.00,-0.00,0.00,0.00,0.00,0.00,0.41,-1.08,99,-1,0,-1,-2.7,0.03,0.275,0.277,0.12,0,26,0,210.4,356.8,354.6,59.6,0.00,0,-0.5,1.9
72.50,land,349.52,0.48,0.272,1,922.8,1781.0,-2.3,-15.6,-0.18,-1.23,60,59,-1,-2.2,-5.5,-1.1,-2.8,-0.00,-0.01,0.00,0.00,0.00,0.00,0.46,-1.16,99,-1,0,-1,-2.8,0.03,0.272,0.275,0.18,0,26,0,210.4,356.8,354.6,59.6,0.00,0,-0.7,2.0
72.60,land,349.55,0.45,0.268,1,922.8,1781.0,-2.3,-15.5,-0.18,-1.23,60,59,-1,-2.2,-5.4,-1.2,-2.9,-0.00,-0.01,0.00,0.00,0.00,0.00,0.46,-1.15,99,-1,0,-1,-2.8,0.04,0.268,0.274,0.25,0,26,0,210.4,356.8,354.6,59.6,0.00,0,-0.7,2.0
72.70,land,349.59,0.41,0.265,1,922.7,1780.9,-2.2,-15.4,-0.22,-1.32,60,59,-1,-2.2,-5.0,-1.3,-3.1,-0.01,-0.01,0.00,0.00,0.00,0.00,0.47,-1.25,99,-1,0,-1,-2.7,0.04,0.265,0.273,0.31,0,26,0,210.4,356.8,354.6,59.6,0.00,0,-0.8,1.9
72.80,land,349.62,0.38,0.264,1,922.7,1780.6,-2.2,-15.2,-0.22,-1.41,59,58,-1,-2.2,-5.0,-1.3,-3.3,-0.01,-0.00,0.00,0.00,0.00,0.00,0.48,-1.25,99,-1,0,-0,-2.7,0.05,0.264,0.270,0.32,0,26,0,211.5,355.9,353.3,58.6,0.00,0,0.3,1.8
72.90,land,349.64,0.36,0.269,1,922.7,1780.5,-2.2,-15.1,-0.22,-1.45,59,58,-1,-2.1,-4.6,-1.3,-3.5,-0.01,0.01,0.00,0.00,0.00,0.00,0.53,-1.32,99,-1,0,-0,-2.7,0.05,0.269,0.276,0.20,0,26,0,211.5,355.9,353.3,58.6,0.00,0,0.5,1.0
73.00,land,349.65,0.35,0.275,1,922.7,1780.5,-2.2,-15.0,-0.22,-1.45,59,58,-1,-2.0,-4.4,-1.3,-3.5,-0.00,0.01,0.00,0.00,0.00,0.00,0.56,-1.36,99,-1,0,0,-2.7,0.06,0.275,0.278,0.08,0,26,0,211.5,355.9,353.3,58.6,0.00,0,0.5,1.0
73.10,land,349.64,0.36,0.279,1,922.6,1780.2,-2.1,-14.8,-0.26,-1.58,59,58,-1,-2.0,-4.2,-1.2,-3.5,0.01,0.00,0.00,0.00,0.00,0.00,0.57,-1.40,99,-1,0,0,-2.7,0.06,0.279,0.286,-0.01,0,26,0,211.5,355.9,353.3,58.6,0.00,0,0.3,-0.8
73.20,land,349.64,0.36,0.281,1,922.6,1780.2,-2.1,-14.7,-0.26,-1.58,58,56,-1,-1.9,-3.9,-1.2,-3.4,0.02,0.00,0.00,0.00,0.00,0.00,0.61,-1.49,99,-1,0,1,-2.7,0.07,0.281,0.288,-0.03,0,26,0,212.6,355.8,353.4,57.5,0.00,0,0.3,-0.8
73.30,land,349.64,0.36,0.277,1,922.6,1779.8,-2.1,-14.5,-0.26,-1.67,58,56,-1,-1.9,-3.8,-1.2,-3.3,0.02,-0.00,0.00,0.00,0.00,0.00,0.61,-1.48,99,-1,0,1,-2.5,0.07,0.277,0.284,0.03,0,26,0,212.6,355.8,353.4,57.5,0.00,0,-0.0,-0.5
73.40,land,349.65,0.35,0.274,1,922.5,1779.7,-2.1,-14.3,-0.26,-1.67,58,56,-1,-1.7,-3.5,-1.3,-3.3,0.01,-0.00,0.00,0.00,0.00,0.00,0.67,-1.55,99,-1,0,1,-2.1,0.07,0.274,0.279,0.10,0,26,0,212.6,355.8,353.4,57.5,0.00,0,-0.2,-0.1
73.50,land,349.67,0.33,0.270,1,922.5,1779.7,-2.0,-14.2,-0.26,-1.67,58,56,-1,-1.7,-3.4,-1.3,-3.3,0.00,-0.01,0.00,0.00,0.00,0.00,0.67,-1.55,99,-1,0,1,-2.1,0.07,0.270,0.274,0.16,0,26,0,212.6,355.8,353.4,57.5,0.00,0,-0.2,-0.1
73.60,land,349.70,0.30,0.267,1,922.5,1779.5,-2.0,-14.0,-0.26,-1.76,57,56,-1,-1.5,-3.0,-1.3,-3.3,-0.01,-0.01,0.00,0.00,0.00,0.00,0.73,-1.62,99,-1,0,2,-1.6,0.07,0.267,0.275,0.22,0,26,0,213.4,355.8,353.6,56.7,0.00,0,-0.4,0.4
73.70,land,349.73,0.27,0.263,1,922.5,1779.1,-2.0,-13.8,-0.31,-1.85,57,56,-1,-1.6,-2.9,-1.4,-3.4,-0.02,-0.01,0.00,0.00,0.00,0.00,0.70,-1.64,99,-1,0,2,-0.6,0.06,0.263,0.276,0.28,0,26,0,213.4,355.8,353.6,56.7,0.00,0,-0.3,0.8
73.80,land,349.76,0.24,0.261,1,922.4,1778.9,-2.0,-13.6,-0.31,-1.89,57,56,-1,-1.4,-2.5,-1.4,-3.5,-0.02,-0.01,0.00,0.00,0.00,0.00,0.75,-1.71,99,-1,0,2,0.0,0.06,0.261,0.273,0.32,0,26,0,213.4,355.8,353.6,56.7,0.00,0,0.0,0.0
73.90,land,349.78,0.22,0.264,1,922.4,1778.9,-1.9,-13.4,-0.31,-1.89,57,56,-1,-1.3,-2.3,-1.4,-3.5,-0.02,0.00,0.00,0.00,0.00,0.00,0.78,-1.75,99,-1,0,2,0.0,0.05,0.264,0.270,0.25,0,26,0,213.4,355.8,353.6,56.7,0.00,0,0.0,0.0
74.00,land,349.79,0.21,0.271,1,922.4,1778.7,-1.9,-13.2,-0.31,-1.93,57,56,-1,-1.2,-2.1,-1.3,-3.5,-0.01,0.01,0.00,0.00,0.00,0.00,0.81,-1.78,99,-1,0,3,0.5,0.04,0.271,0.278,0.09,0,26,0,213.4,355.7,353.5,56.6,0.00,0,1.0,-0.3
74.10,land,349.78,0.22,0.278,1,922.4,1778.6,-1.9,-13.1,-0.31,-2.02,56,56,-1,-1.0,-1.8,-1.1,-3.3,0.01,0.02,0.00,0.00,0.00,0.00,0.86,-1.85,99,-1,0,3,1.0,0.03,0.278,0.287,-0.03,0,26,0,213.4,355.7,353.5,56.6,0.00,0,1.3,-1.3
74.20,land,349.76,0.24,0.281,1,922.3,1778.1,-1.8,-12.8,-0.35,-2.11,56,56,-1,-1.0,-1.7,-1.0,-3.1,0.02,0.01,0.00,0.00,0.00,0.00,0.87,-1.85,99,-1,0,3,1.8,0.03,0.281,0.294,-0.09,0,26,0,213.4,355.7,353.5,56.6,0.00,0,0.8,-2.9
74.30,land,349.76,0.24,0.280,1,922.3,1777.9,-1.8,-12.6,-0.35,-2.11,56,56,-1,-0.9,-1.3,-0.9,-2.8,0.03,0.01,0.00,0.00,0.00,0.00,0.88,-1.95,99,-1,0,3,2.0,0.02,0.280,0.293,-0.07,0,26,0,213.4,355.7,353.5,56.6,0.00,0,0.7,-2.9
74.40,land,349.75,0.25,0.277,1,922.2,1777.7,-1.8,-12.4,-0.35,-2.20,56,56,-1,-0.8,-1.2,-0.8,-2.5,0.03,0.00,0.00,0.00,0.00,0.00,0.88,-1.95,99,-1,0,3,2.0,0.02,0.277,0.289,-0.00,0,26,0,212.8,357.0,355.3,57.3,0.00,0,0.5,-2.8
74.50,land,349.76,0.24,0.273,1,922.2,1777.7,-1.7,-12.2,-0.35,-2.20,56,56,-1,-0.6,-0.8,-0.8,-2.2,0.03,0.00,0.00,0.00,0.00,0.00,0.93,-2.02,99,-1,0,3,2.0,0.02,0.273,0.284,0.06,0,26,0,212.8,357.0,355.3,57.3,0.00,0,0.5,-2.8
74.60,land,349.76,0.24,0.271,1,922.2,1777.5,-1.7,-12.0,-0.35,-2.20,56,56,-1,-0.6,-0.7,-0.8,-2.0,0.02,-0.01,0.00,0.00,0.00,0.00,0.93,-2.02,99,-1,0,3,2.4,0.01,0.271,0.280,0.10,0,26,0,212.8,357.0,355.3,57.3,0.00,0,0.2,-2.4
74.70,land,349.76,0.24,0.273,1,922.1,1777.0,-1.7,-11.8,-0.35,-2.20,56,56,-1,-0.5,-0.6,-0.8,-1.9,-0.00,-0.01,0.00,0.00,0.00,0.00,0.93,-2.02,99,-1,0,3,2.9,0.01,0.273,0.279,0.06,0,26,0,212.8,357.0,355.3,57.3,0.00,0,-0.2,-0.1
74.80,land,349.76,0.24,0.275,1,922.1,1776.8,-1.6,-11.5,-0.35,-2.24,56,57,-1,-0.4,-0.5,-0.8,-1.9,-0.02,-0.01,0.00,0.00,0.00,0.00,0.93,-2.02,99,-1,0,3,2.9,-0.00,0.275,0.287,0.01,0,26,0,211.8,357.6,356.1,58.3,0.00,0,0.0,0.4
74.90,land,349.77,0.23,0.274,1,922.1,1776.8,-1.6,-11.3,-0.35,-2.24,56,57,-1,-0.3,-0.2,-0.8,-2.0,-0.03,-0.01,0.00,0.00,0.00,0.00,0.94,-2.06,99,-1,0,3,2.9,-0.01,0.274,0.289,0.03,0,26,0,211.8,357.6,356.1,58.3,0.00,0,0.0,0.4
75.00,land,349.78,0.22,0.272,1,922.0,1776.6,-1.5,-11.1,-0.35,-2.29,57,57,-1,-0.2,0.0,-0.7,-2.0,-0.03,-0.01,0.00,0.00,0.00,0.00,0.96,-2.10,99,-1,0,3,2.9,-0.01,0.272,0.286,0.07,0,26,0,211.8,357.6,356.1,58.3,0.00,0,0.1,0.3
75.10,land,349.78,0.22,0.273,1,922.0,1776.1,-1.5,-10.9,-0.37,-2.29,57,57,-1,-0.1,0.1,-0.7,-2.0,-0.02,-0.00,0.00,0.00,0.00,0.00,0.96,-2.10,99,-1,0,2,3.0,-0.02,0.273,0.281,0.06,0,26,0,211.8,357.6,356.1,58.3,0.00,0,0.8,-0.9
75.20,land,349.78,0.22,0.274,1,922.0,1776.1,-1.5,-10.6,-0.37,-2.29,57,58,-1,-0.1,0.3,-0.6,-1.9,-0.01,0.00,0.00,0.00,0.00,0.00,0.93,-2.12,99,-1,0,2,3.0,-0.02,0.274,0.278,0.02,0,26,0,210.6,357.8,356.2,59.5,0.00,0,0.8,-0.9
75.30,land,349.77,0.23,0.278,1,921.9,1775.7,-1.4,-10.4,-0.40,-2.29,57,58,-1,-0.1,0.5,-0.5,-1.7,0.01,0.00,0.00,0.00,0.00,0.00,0.91,-2.13,99,-1,0,2,2.9,-0.02,0.279,0.282,-0.06,0,26,0,210.6,357.8,356.2,59.5,0.00,0,0.5,-2.5
75.40,land,349.76,0.24,0.280,1,921.9,1775.4,-1.4,-10.2,-0.40,-2.37,57,58,-1,-0.1,0.6,-0.5,-1.4,0.02,-0.00,0.00,0.00,0.00,0.00,0.90,-2.14,99,-1,0,2,3.0,-0.02,0.280,0.287,-0.08,0,26,0,210.6,357.8,356.2,59.5,0.00,0,0.3,-2.6
75.50,land,349.76,0.24,0.277,1,921.8,1775.2,-1.4,-9.9,-0.40,-2.37,58,58,-1,0.1,1.0,-0.4,-1.2,0.01,-0.01,0.00,0.00,0.00,0.00,0.94,-2.21,99,-1,0,2,2.9,-0.03,0.277,0.284,-0.01,0,26,0,210.6,357.8,356.2,59.5,0.00,0,0.2,-2.4
75.60,land,349.76,0.24,0.273,1,921.8,1775.2,-1.3,-9.7,-0.40,-2.37,58,60,-1,0.2,1.1,-0.4,-0.9,0.01,-0.01,0.00,0.00,0.00,0.00,0.93,-2.22,99,-1,0,1,2.9,-0.03,0.273,0.282,0.05,0,26,0,209.4,358.8,358.0,60.6,0.00,0,0.2,-2.4
75.70,land,349.77,0.23,0.270,1,921.8,1775.0,-1.3,-9.5,-0.40,-2.37,58,60,-1,0.2,1.2,-0.4,-0.7,0.01,-0.01,0.00,0.00,0.00,0.00,0.92,-2.22,99,-1,0,1,2.9,-0.04,0.270,0.280,0.12,0,26,0,209.4,358.8,358.0,60.6,0.00,0,0.0,-2.4
75.80,land,349.78,0.22,0.268,1,921.7,1774.7,-1.2,-9.2,-0.40,-2.37,58,60,-1,0.3,1.4,-0.4,-0.5,0.01,-0.01,0.00,0.00,0.00,0.00,0.91,-2.23,99,-1,0,1,2.8,-0.04,0.268,0.274,0.15,0,26,0,209.4,358.8,358.0,60.6,0.00,0,0.1,-2.1
75.90,land,349.79,0.21,0.268,1,921.7,1774.3,-1.2,-9.0,-0.35,-2.29,59,60,-1,0.2,1.3,-0.3,-0.4,-0.00,-0.00,0.00,0.00,0.00,0.00,0.86,-2.16,99,-1,0,1,2.8,-0.04,0.268,0.268,0.15,0,26,0,209.4,358.8,358.0,60.6,0.00,0,1.2,-1.1
76.00,land,349.80,0.20,0.269,1,921.7,1774.3,-1.2,-8.8,-0.35,-2.29,59,61,-1,0.3,1.3,-0.2,-0.2,-0.00,0.01,0.00,0.00,0.00,0.00,0.88,-2.14,99,-1,0,0,2.8,-0.05,0.269,0.275,0.11,0,26,0,208.2,359.7,359.4,61.8,0.00,0,1.2,-1.1
76.10,land,349.80,0.20,0.272,1,921.6,1773.8,-1.1,-8.5,-0.35,-2.29,59,61,-1,0.4,1.5,0.0,-0.1,0.00,0.02,0.00,0.00,0.00,0.00,0.87,-2.14,99,-1,0,-0,2.8,-0.06,0.272,0.281,0.06,0,26,0,208.2,359.7,359.4,61.8,0.00,0,2.0,-1.8
76.20,land,349.80,0.20,0.272,1,921.6,1773.6,-1.1,-8.3,-0.35,-2.29,59,61,-1,0.4,1.6,0.2,0.1,0.01,0.02,0.00,0.00,0.00,0.00,0.86,-2.15,99,-1,0,-0,2.8,-0.06,0.272,0.283,0.05,0,26,0,208.2,359.7,359.4,61.8,0.00,0,1.0,-2.1
76.30,land,349.80,0.20,0.274,1,921.6,1773.6,-1.1,-8.1,-0.35,-2.29,60,61,-1,0.5,1.7,0.3,0.3,0.01,0.00,0.00,0.00,0.00,0.00,0.85,-2.15,99,-1,0,-1,2.8,-0.07,0.274,0.279,0.02,0,26,0,208.2,359.7,359.4,61.8,0.00,0,1.0,-2.1
76.40,land,349.79,0.21,0.276,1,921.5,1773.4,-1.0,-7.9,-0.35,-2.20,60,62,-1,0.4,1.7,0.2,0.5,0.01,-0.02,0.00,0.00,0.00,0.00,0.80,-2.08,99,-1,0,-1,2.5,-0.07,0.276,0.286,-0.04,0,26,0,207.1,0.6,1.1,62.9,0.00,0,-0.3,-1.8
76.50,land,349.79,0.21,0.275,1,921.4,1772.9,-1.0,-7.6,-0.37,-2.15,60,62,-1,0.3,1.8,0.1,0.6,0.00,-0.03,0.00,0.00,0.00,0.00,0.75,-2.10,99,-1,0,-1,1.7,-0.07,0.275,0.286,-0.02,0,26,0,207.1,0.6,1.1,62.9,0.00,0,-1.3,-1.1
76.60,land,349.79,0.21,0.272,1,921.4,1772.9,-0.9,-7.4,-0.37,-2.15,60,62,-1,0.3,1.8,-0.0,0.7,0.00,-0.03,0.00,0.00,0.00,0.00,0.74,-2.06,99,-1,0,-1,1.7,-0.06,0.272,0.284,0.05,0,26,0,207.1,0.6,1.1,62.9,0.00,0,-1.3,-1.1
76.70,land,349.80,0.20,0.271,1,921.4,1772.7,-0.9,-7.2,-0.35,-2.11,61,62,-1,0.4,1.8,-0.1,0.8,-0.00,-0.02,0.00,0.00,0.00,0.00,0.73,-2.01,99,-1,0,-2,1.3,-0.06,0.271,0.280,0.06,0,26,0,207.1,0.6,1.1,62.9,0.00,0,-1.0,-1.0
76.80,land,349.79,0.21,0.275,1,921.4,1772.5,-0.9,-7.0,-0.35,-2.11,61,62,-1,0.4,1.9,-0.0,0.9,-0.00,-0.00,0.00,0.00,0.00,0.00,0.72,-2.01,99,-1,0,-2,0.8,-0.05,0.275,0.277,-0.02,0,26,0,206.6,0.9,1.7,63.4,0.00,0,0.3,-0.9
76.90,land,349.78,0.22,0.280,1,921.3,1772.1,-0.8,-6.8,-0.31,-2.02,61,62,-1,0.5,1.9,0.2,1.0,-0.00,0.02,0.00,0.00,0.00,0.00,0.73,-1.96,99,-1,0,-2,-0.1,-0.05,0.280,0.289,-0.10,0,26,0,206.6,0.9,1.7,63.4,0.00,0,2.6,-0.7
77.00,land,349.77,0.23,0.281,1,921.3,1771.9,-0.8,-6.6,-0.26,-2.02,61,62,-1,0.4,1.9,0.4,1.0,-0.00,0.03,0.00,0.00,0.00,0.00,0.70,-1.92,99,-1,0,-2,-0.5,-0.04,0.281,0.295,-0.12,0,26,0,206.6,0.9,1.7,63.4,0.00,0,2.6,-0.7
77.10,land,349.76,0.24,0.278,1,921.3,1771.7,-0.8,-6.4,-0.26,-1.93,62,62,-1,0.6,1.9,0.7,1.1,-0.00,0.03,0.00,0.00,0.00,0.00,0.73,-1.90,99,-1,0,-2,-1.0,-0.04,0.278,0.293,-0.06,0,26,0,206.6,0.9,1.7,63.4,0.00,0,2.6,-0.7
77.20,land,349.76,0.24,0.274,1,921.3,1771.7,-0.8,-6.2,-0.26,-1.93,62,62,-1,0.5,1.8,0.9,1.1,-0.00,0.03,0.00,0.00,0.00,0.00,0.69,-1.83,99,-1,0,-3,-1.0,-0.03,0.274,0.289,0.01,0,26,0,206.7,1.6,3.2,63.3,0.00,0,2.6,-0.7
77.30,land,349.76,0.24,0.274,1,921.2,1771.5,-0.7,-6.0,-0.31,-1.93,62,62,-1,0.4,2.0,1.1,1.2,-0.01,0.02,0.00,0.00,0.00,0.00,0.64,-1.85,99,-1,0,-3,-1.2,-0.03,0.274,0.283,0.02,0,26,0,206.7,1.6,3.2,63.3,0.00,0,1.4,-0.5
77.40,land,349.75,0.25,0.278,1,921.2,1771.1,-0.7,-5.8,-0.31,-1.80,62,62,-1,0.3,1.9,1.0,1.2,-0.00,-0.01,0.00,0.00,0.00,0.00,0.60,-1.77,99,-1,0,-3,-2.2,-0.02,0.278,0.282,-0.06,0,26,0,206.7,1.6,3.2,63.3,0.00,0,-1.4,-0.7
77.50,land,349.74,0.26,0.281,1,921.1,1771.0,-0.7,-5.6,-0.35,-1.76,62,62,-1,0.3,1.9,0.9,1.3,0.00,-0.02,0.00,0.00,0.00,0.00,0.58,-1.73,99,-1,0,-3,-2.5,-0.01,0.281,0.291,-0.11,0,26,0,206.7,1.6,3.2,63.3,0.00,0,-2.1,-1.0
77.60,land,349.73,0.27,0.280,1,921.1,1771.0,-0.6,-5.5,-0.35,-1.76,62,61,-1,0.2,1.9,0.6,1.4,0.00,-0.03,0.00,0.00,0.00,0.00,0.52,-1.72,99,-1,0,-3,-2.5,-0.00,0.280,0.295,-0.09,0,26,0,207.6,1.8,3.4,62.4,0.00,0,-2.1,-1.0
77.70,land,349.73,0.27,0.277,1,921.1,1770.8,-0.6,-5.3,-0.35,-1.67,62,61,-1,0.1,1.8,0.4,1.5,0.01,-0.04,0.00,0.00,0.00,0.00,0.48,-1.64,99,-1,0,-3,-2.8,0.00,0.277,0.294,-0.03,0,26,0,207.6,1.8,3.4,62.4,0.00,0,-2.5,-1.0
77.80,land,349.73,0.27,0.275,1,921.0,1770.5,-0.6,-5.1,-0.31,-1.58,62,61,-1,0.1,1.9,0.2,1.6,-0.00,-0.04,0.00,0.00,0.00,0.00,0.48,-1.64,99,-1,0,-3,-3.3,0.01,0.275,0.290,0.01,0,26,0,207.6,1.8,3.4,62.4,0.00,0,-1.6,-0.3
77.90,land,349.72,0.28,0.277,1,921.0,1770.3,-0.5,-5.0,-0.29,-1.58,62,61,-1,0.1,1.7,0.1,1.6,-0.00,-0.02,0.00,0.00,0.00,0.00,0.48,-1.54,99,-1,0,-3,-3.3,0.02,0.277,0.287,-0.02,0,26,0,207.6,1.8,3.4,62.4,0.00,0,-0.1,-0.2
78.00,land,349.71,0.29,0.281,1,921.0,1770.3,-0.5,-4.8,-0.29,-1.58,61,60,-1,0.2,1.8,0.1,1.6,-0.00,-0.00,0.00,0.00,0.00,0.00,0.51,-1.53,99,-1,0,-2,-3.3,0.02,0.281,0.283,-0.10,0,26,0,208.8,1.7,3.1,61.2,0.00,0,-0.1,-0.2
78.10,land,349.69,0.31,0.284,1,920.9,1770.0,-0.5,-4.6,-0.22,-1.49,61,60,-1,0.3,1.8,0.3,1.7,0.00,0.02,0.00,0.00,0.00,0.00,0.53,-1.51,99,-1,0,-2,-3.3,0.02,0.284,0.291,-0.15,0,26,0,208.8,1.7,3.1,61.2,0.00,0,1.9,-0.7
78.20,land,349.68,0.32,0.283,1,920.9,1769.8,-0.4,-4.5,-0.20,-1.49,61,60,-1,0.4,1.6,0.5,1.7,0.01,0.03,0.00,0.00,0.00,0.00,0.53,-1.41,99,-1,0,-2,-3.5,0.03,0.283,0.296,-0.13,0,26,0,208.8,1.7,3.1,61.2,0.00,0,2.1,-0.7
78.30,land,349.67,0.33,0.280,1,920.9,1769.8,-0.4,-4.3,-0.20,-1.49,61,60,-1,0.4,1.7,0.7,1.8,0.01,0.03,0.00,0.00,0.00,0.00,0.55,-1.40,99,-1,0,-2,-3.5,0.03,0.280,0.293,-0.06,0,26,0,208.8,1.7,3.1,61.2,0.00,0,2.1,-0.7
78.40,land,349.68,0.32,0.276,1,920.9,1769.7,-0.4,-4.2,-0.18,-1.41,61,59,-1,0.4,1.5,0.9,1.9,0.01,0.03,0.00,0.00,0.00,0.00,0.54,-1.31,99,-1,0,-2,-3.3,0.04,0.276,0.291,0.00,0,26,0,210.1,2.4,4.1,59.9,0.00,0,2.0,-0.7
78.50,land,349.68,0.32,0.274,1,920.9,1769.4,-0.4,-4.1,-0.18,-1.32,60,59,-1,0.5,1.6,1.1,1.9,0.00,0.02,0.00,0.00,0.00,0.00,0.54,-1.31,99,-1,0,-1,-2.8,0.04,0.274,0.283,0.04,0,26,0,210.1,2.4,4.1,59.9,0.00,0,0.6,0.2
78.60,land,349.68,0.32,0.275,1,920.9,1769.4,-0.4,-3.9,-0.18,-1.32,60,59,-1,0.4,1.4,1.1,1.8,-0.01,0.01,0.00,0.00,0.00,0.00,0.50,-1.23,99,-1,0,-1,-2.8,0.04,0.275,0.280,0.03,0,26,0,210.1,2.4,4.1,59.9,0.00,0,0.6,0.2
78.70,land,349.68,0.32,0.276,1,920.8,1769.2,-0.4,-3.8,-0.22,-1.23,60,59,-1,0.2,1.3,1.0,1.8,-0.01,-0.01,0.00,0.00,0.00,0.00,0.43,-1.18,99,-1,0,-1,-1.9,0.03,0.276,0.286,-0.00,0,26,0,210.1,2.4,4.1,59.9,0.00,0,-1.9,0.6
78.90,land,349.68,0.32,0.276,1,920.8,1769.1,-0.3,-3.6,-0.22,-1.14,59,58,-1,0.1,1.2,0.6,1.7,-0.01,-0.03,0.00,0.00,0.00,0.00,0.39,-1.10,99,-1,0,-0,-1.6,0.03,0.276,0.291,0.01,0,26,0,211.1,2.2,3.6,58.9,0.00,0,-2.1,0.5
79.10,land,349.68,0.32,0.278,1,920.8,1768.7,-0.3,-3.3,-0.18,-1.05,59,58,-1,0.1,1.1,0.4,1.7,0.01,-0.01,0.00,0.00,0.00,0.00,0.39,-0.99,99,-1,0,0,0.0,0.02,0.278,0.286,-0.03,0,26,0,211.1,2.2,3.6,58.9,0.00,0,0.0,0.0
79.30,land,349.66,0.34,0.120,1,920.7,1768.6,-0.2,-3.1,-0.15,-0.97,59,57,-1,0.1,0.9,0.5,1.7,-0.00,0.01,0.00,0.00,0.00,0.00,0.37,-0.91,99,-1,0,1,-0.4,0.02,0.120,0.123,-0.07,0,26,0,211.5,2.0,3.2,58.5,0.00,0,1.0,0.5
79.50,land,349.62,0.38,0.120,1,920.7,1768.5,-0.2,-3.0,-0.13,-0.88,58,57,-1,0.1,0.8,0.6,1.6,-0.00,0.01,0.00,0.00,0.00,0.00,0.35,-0.82,99,-1,0,1,0.1,0.01,0.120,0.124,-0.26,0,26,0,211.5,2.0,3.2,58.5,0.00,0,0.5,0.2
79.70,land,349.29,0.71,0.120,1,920.7,1768.2,-0.2,-2.8,-0.13,-0.88,58,58,-1,0.1,0.9,0.7,1.6,-0.00,0.01,0.00,0.00,0.00,0.00,0.35,-0.82,99,-1,0,1,0.3,0.02,0.120,0.125,-1.86,0,26,0,211.5,2.0,3.3,58.5,0.00,0,0.7,0.4
79.90,land,348.64,1.36,0.120,1,920.6,1768.0,-0.2,-2.6,-0.09,-0.83,58,58,-1,0.2,0.9,0.8,1.5,-0.00,0.01,0.00,0.00,0.00,0.00,0.37,-0.80,99,-1,0,1,0.3,0.02,0.120,0.125,-3.43,0,26,0,211.5,2.0,3.3,58.5,0.00,0,0.5,0.4
80.10,land,347.69,2.31,0.120,1,920.6,1767.9,-0.1,-2.4,-0.09,-0.79,58,58,-1,0.2,0.8,0.9,1.4,-0.00,0.01,0.00,0.00,0.00,0.00,0.35,-0.72,99,-1,0,1,0.0,0.03,0.120,0.125,-4.97,0,26,0,211.4,2.0,3.3,58.6,0.00,0,0.0,0.0
80.30,land,346.43,3.57,0.120,1,920.6,1767.7,-0.1,-2.3,-0.09,-0.79,58,58,-1,0.2,0.9,1.0,1.4,-0.01,0.01,0.00,0.00,0.00,0.00,0.35,-0.72,99,-1,0,1,0.0,0.03,0.120,0.125,-6.49,0,26,0,211.4,2.0,3.3,58.6,0.00,0,0.0,0.0
80.50,land,344.87,5.13,0.120,1,920.6,1767.6,-0.1,-2.1,-0.09,-0.79,58,58,-1,0.3,1.0,1.1,1.3,-0.01,0.01,0.00,0.00,0.00,0.00,0.35,-0.72,99,-1,0,1,0.5,0.02,0.120,0.126,-7.97,0,26,0,211.3,1.9,3.2,58.7,0.00,0,0.6,0.8
80.70,land,343.03,6.97,0.120,1,920.6,1767.5,-0.1,-2.0,-0.09,-0.70,58,58,-1,0.2,0.8,1.1,1.2,-0.01,0.01,0.00,0.00,0.00,0.00,0.30,-0.64,99,-1,0,1,0.3,0.02,0.120,0.126,-9.43,0,26,0,211.3,1.9,3.2,58.7,0.00,0,0.3,0.5
80.90,land,340.89,9.11,0.120,1,920.6,1767.3,-0.1,-1.8,-0.09,-0.70,58,58,-1,0.2,0.9,1.1,1.1,-0.01,0.01,0.00,0.00,0.00,0.00,0.30,-0.64,99,-1,0,1,0.4,0.02,0.120,0.126,-10.87,0,26,0,211.2,1.8,3.0,58.8,0.00,0,0.2,0.7
81.10,land,338.47,11.53,0.120,1,920.6,1767.2,-0.1,-1.7,-0.09,-0.70,58,58,-1,0.2,1.0,1.2,1.0,-0.01,0.01,0.00,0.00,0.00,0.00,0.30,-0.64,99,-1,0,1,0.3,0.02,0.120,0.126,-12.28,0,26,0,211.2,1.8,3.0,58.8,0.00,0,0.1,0.6
81.30,land,335.77,14.23,0.120,1,920.5,1767.1,-0.0,-1.6,-0.13,-0.62,58,58,-1,0.0,0.9,1.2,0.9,-0.01,0.01,0.00,0.00,0.00,0.00,0.22,-0.59,99,-1,0,1,0.1,0.02,0.120,0.127,-13.66,0,26,0,211.1,1.7,2.8,58.9,0.00,0,0.0,0.2
81.50,land,332.81,17.19,0.120,1,920.5,1766.9,-0.0,-1.5,-0.13,-0.62,58,58,-1,0.0,1.0,1.1,0.8,-0.01,0.01,0.00,0.00,0.00,0.00,0.22,-0.59,99,-1,0,1,0.3,0.03,0.120,0.127,-15.02,0,26,0,211.1,1.7,2.8,58.9,0.00,0,-0.2,0.7
81.70,land,329.57,20.43,0.120,1,920.5,1766.8,0.0,-1.3,-0.13,-0.62,58,58,-1,0.1,1.0,1.1,0.8,-0.01,0.00,0.00,0.00,0.00,0.00,0.22,-0.59,99,-1,0,1,0.1,0.02,0.120,0.127,-16.36,0,26,0,211.0,1.5,2.5,59.0,0.00,0,-0.1,0.2
81.90,land,326.07,23.93,0.120,1,920.4,1766.7,0.1,-1.2,-0.13,-0.57,58,58,-1,0.0,1.0,1.1,0.7,-0.02,0.00,0.00,0.00,0.00,0.00,0.19,-0.55,99,-1,0,1,0.0,0.02,0.120,0.127,-17.67,0,26,0,211.0,1.5,2.5,59.0,0.00,0,0.0,0.0
82.10,land,322.31,27.69,0.120,1,920.4,1766.6,0.1,-1.1,-0.13,-0.53,58,58,-1,-0.0,1.0,1.0,0.6,-0.02,0.00,0.00,0.00,0.00,0.00,0.17,-0.52,99,-1,0,1,0.2,0.02,0.120,0.127,-18.96,0,26,0,210.9,1.2,2.1,59.1,0.00,0,-0.3,0.5
82.30,land,318.30,31.70,0.120,1,920.4,1766.5,0.1,-1.0,-0.13,-0.53,58,58,-1,-0.0,1.0,1.0,0.5,-0.02,0.00,0.00,0.00,0.00,0.00,0.17,-0.52,99,-1,0,1,0.3,0.02,0.120,0.128,-20.22,0,26,0,210.9,1.2,2.1,59.1,0.00,0,-0.4,0.6
82.50,land,314.04,35.96,0.120,1,920.4,1766.3,0.1,-0.9,-0.13,-0.53,58,58,-1,0.0,1.1,0.9,0.4,-0.02,-0.00,0.00,0.00,0.00,0.00,0.17,-0.52,99,-1,0,1,0.0,0.02,0.120,0.128,-21.45,0,26,0,210.8,1.0,1.6,59.2,0.00,0,0.0,0.0
82.70,land,309.54,40.46,0.120,1,920.3,1766.3,0.2,-0.8,-0.13,-0.53,58,58,-1,0.0,1.2,0.8,0.2,-0.02,-0.00,0.00,0.00,0.00,0.00,0.17,-0.52,99,-1,0,1,0.1,0.02,0.120,0.130,-22.66,0,26,0,210.8,1.0,1.6,59.2,0.00,0,-0.2,0.3
82.90,land,304.81,45.19,0.120,1,920.3,1766.1,0.2,-0.7,-0.13,-0.44,58,58,-1,-0.1,1.0,0.7,0.1,-0.02,-0.00,0.00,0.00,0.00,0.00,0.12,-0.44,99,-1,0,1,0.2,0.01,0.120,0.130,-23.84,0,26,0,210.7,0.6,1.1,59.3,0.00,0,-0.5,0.5
83.10,land,299.84,50.16,0.120,1,920.3,1766.1,0.2,-0.6,-0.13,-0.44,58,58,-1,-0.1,1.0,0.6,0.0,-0.02,-0.01,0.00,0.00,0.00,0.00,0.12,-0.44,99,-1,0,1,0.2,0.01,0.120,0.132,-24.99,0,26,0,210.7,0.6,1.1,59.3,0.00,0,-0.6,0.6
83.30,land,294.65,55.35,0.120,1,920.2,1766.0,0.2,-0.5,-0.09,-0.35,58,58,-1,-0.1,1.1,0.4,-0.1,-0.03,-0.01,0.00,0.00,0.00,0.00,0.12,-0.44,99,-1,0,1,0.1,0.02,0.120,0.134,-26.12,0,26,0,210.7,0.3,0.4,59.3,0.00,0,-1.3,0.9
84.95,land,243.80,106.20,0.120,1,920.1,1765.4,0.4,0.1,-0.09,-0.26,58,58,-1,-0.1,1.0,-1.1,-1.2,-0.04,-0.03,0.00,0.00,0.00,0.00,0.06,-0.27,99,-1,0,1,0.0,0.02,0.120,0.149,-34.53,0,26,0,210.7,0.3,0.4,59.3,0.00,0,-1.2,0.8
85.15,land,236.75,113.25,0.120,1,920.1,1765.3,0.4,0.2,-0.09,-0.26,58,58,-1,-0.1,1.0,-1.2,-1.2,-0.03,-0.02,0.00,0.00,0.00,0.00,0.06,-0.27,99,-1,0,1,0.0,0.02,0.120,0.138,-35.35,0,26,0,210.5,358.1,356.7,59.5,0.00,0,-0.9,-0.3
85.35,land,229.54,120.46,0.120,1,920.0,1765.3,0.5,0.2,-0.09,-0.26,58,58,-1,-0.1,1.1,-1.1,-1.0,-0.00,-0.00,0.00,0.00,0.00,0.00,0.06,-0.27,99,-1,0,1,0.1,0.01,0.120,0.122,-36.11,0,26,0,210.5,358.1,356.7,59.5,0.00,0,0.7,-1.7
85.55,land,222.16,127.84,0.120,1,920.0,1765.2,0.5,0.3,-0.09,-0.26,58,59,-1,-0.1,1.1,-0.9,-0.6,0.00,0.00,0.00,0.00,0.00,0.00,0.06,-0.27,99,-1,0,1,0.2,0.01,0.120,0.122,-36.96,0,26,0,210.5,358.7,357.7,59.5,0.00,0,1.0,-2.2
85.75,land,214.61,135.39,0.120,1,920.0,1765.2,0.5,0.3,-0.09,-0.26,58,59,-1,-0.1,1.1,-0.7,-0.2,0.01,0.00,0.00,0.00,0.00,0.00,0.06,-0.27,99,-1,0,1,0.2,0.01,0.120,0.123,-37.83,0,26,0,210.5,358.7,357.7,59.5,0.00,0,0.9,-2.0
85.95,land,206.89,143.11,0.120,1,920.0,1765.1,0.5,0.4,-0.09,-0.26,58,59,-1,-0.1,1.2,-0.5,0.2,0.01,0.00,0.00,0.00,0.00,0.00,0.06,-0.27,99,-1,0,1,0.2,0.01,0.120,0.124,-38.68,0,26,0,210.4,359.7,359.4,59.6,0.00,0,0.7,-1.9
86.15,land,199.00,151.00,0.120,1,920.0,1765.1,0.5,0.4,-0.09,-0.26,59,59,-1,-0.1,1.2,-0.4,0.6,0.01,0.00,0.00,0.00,0.00,0.00,0.06,-0.27,99,-1,0,1,0.2,0.01,0.120,0.125,-39.51,0,26,0,210.4,359.7,359.4,59.6,0.00,0,0.6,-1.9
86.35,land,190.95,159.05,0.120,1,920.0,1765.0,0.5,0.5,-0.09,-0.26,59,59,-1,-0.1,1.2,-0.3,1.0,0.01,0.00,0.00,0.00,0.00,0.00,0.06,-0.27,99,-1,0,1,0.1,0.01,0.120,0.125,-40.32,0,26,0,210.3,0.6,1.0,59.7,0.00,0,0.6,-1.9
86.55,land,182.75,167.25,0.120,1,919.9,1764.9,0.6,0.5,-0.09,-0.26,59,59,-1,-0.1,1.3,-0.2,1.3,0.02,-0.00,0.00,0.00,0.00,0.00,0.06,-0.27,99,-1,0,1,0.1,0.01,0.120,0.126,-41.11,0,26,0,210.3,0.6,1.0,59.7,0.00,0,0.3,-1.6
86.75,land,174.38,175.62,0.120,1,919.9,1764.9,0.6,0.6,-0.09,-0.26,59,59,-1,-0.1,1.3,-0.2,1.7,0.02,-0.00,0.00,0.00,0.00,0.00,0.06,-0.27,99,-1,0,1,0.1,0.01,0.120,0.128,-41.88,0,26,0,210.3,1.4,2.4,59.7,0.00,0,0.2,-1.5
86.95,land,165.87,184.13,0.206,1,919.9,1764.9,0.6,0.6,-0.11,-0.26,59,59,-1,-0.1,1.4,-0.1,2.0,0.02,-0.00,0.00,0.00,0.00,0.00,0.04,-0.28,99,-1,0,0,0.1,0.01,0.206,0.215,-42.64,0,26,0,210.3,1.4,2.4,59.7,0.00,0,0.2,-1.8
87.15,land,157.26,192.74,0.335,1,919.9,1764.8,0.6,0.7,-0.13,-0.26,59,59,-1,-0.2,1.5,-0.1,2.1,-0.01,-0.00,0.00,0.00,0.00,0.00,0.02,-0.29,99,-1,0,0,0.0,0.01,0.335,0.340,-43.06,0,26,0,210.3,2.0,3.5,59.8,0.00,0,0.0,0.0
87.35,land,148.78,201.22,0.413,1,919.9,1764.8,0.6,0.7,-0.09,-0.18,59,59,-1,-0.2,1.2,-0.1,2.0,-0.00,-0.01,0.00,0.00,0.00,0.00,0.02,-0.20,99,-1,0,0,0.4,0.00,0.413,0.417,-42.27,0,26,0,210.3,2.0,3.5,59.8,0.00,0,-0.5,0.7
87.55,land,140.60,209.40,0.455,1,919.8,1764.7,0.7,0.8,-0.04,-0.09,59,59,-1,-0.1,1.2,-0.2,2.1,0.00,-0.02,0.00,0.00,0.00,0.00,0.05,-0.17,99,-1,0,0,0.1,0.00,0.455,0.463,-40.67,0,26,0,210.2,1.9,3.3,59.8,0.00,0,-0.5,-0.2
87.75,land,132.84,217.16,0.473,1,919.8,1764.7,0.7,0.8,0.00,-0.04,59,59,-1,-0.1,0.9,-0.4,2.1,0.01,-0.02,0.00,0.00,0.00,0.00,0.05,-0.08,99,-1,0,0,0.1,0.00,0.473,0.485,-38.55,0,26,0,210.2,1.9,3.3,59.8,0.00,0,-0.7,-0.2
87.95,land,125.52,224.48,0.483,1,919.9,1764.7,0.7,0.8,0.09,0.00,59,59,-1,-0.1,0.6,-0.4,2.2,0.01,-0.00,0.00,0.00,0.00,0.00,0.04,0.02,99,-1,0,0,0.1,0.01,0.483,0.487,-36.27,0,26,0,210.1,1.9,3.2,59.9,0.00,0,0.3,-0.1
88.15,land,118.71,231.29,0.478,1,919.9,1764.7,0.6,0.8,0.13,0.09,59,59,-1,-0.1,0.3,-0.4,2.2,0.01,-0.00,0.00,0.00,0.00,0.00,0.05,0.13,99,-1,0,0,0.7,0.00,0.478,0.485,-33.75,0,26,0,210.1,1.9,3.2,59.9,0.00,0,0.2,-0.4
88.35,land,112.41,237.59,0.470,1,919.9,1764.7,0.6,0.8,0.18,0.18,59,59,-1,-0.0,-0.1,-0.4,2.2,0.01,-0.01,0.00,0.00,0.00,0.00,0.06,0.24,99,-1,0,0,0.1,0.00,0.470,0.481,-31.19,0,26,0,210.1,2.0,3.4,59.9,0.00,0,-0.1,-0.0
88.55,land,106.60,243.40,0.467,1,920.0,1764.8,0.6,0.7,0.26,0.26,59,59,-1,0.1,-0.2,-0.4,2.1,-0.00,-0.01,0.00,0.00,0.00,0.00,0.10,0.26,99,-1,0,0,0.2,0.00,0.467,0.471,-28.77,0,26,0,210.1,2.0,3.4,59.9,0.00,0,0.6,1.3
88.75,land,101.24,248.76,0.473,1,920.0,1764.8,0.5,0.7,0.26,0.26,59,59,-1,0.1,-0.5,-0.2,1.8,-0.00,0.02,0.00,0.00,0.00,0.00,0.09,0.36,99,-1,0,0,0.2,0.00,0.473,0.481,-26.55,0,26,0,210.0,1.8,3.0,60.0,0.00,0,1.4,1.2
88.95,land,96.32,253.68,0.479,1,920.1,1764.9,0.5,0.6,0.31,0.35,59,59,-1,0.1,-0.9,0.1,1.7,0.01,0.00,0.00,0.00,0.00,0.00,0.08,0.46,99,-1,0,0,0.0,0.00,0.479,0.486,-24.32,0,26,0,210.0,1.8,3.0,60.0,0.00,0,0.0,0.0
89.15,land,91.86,258.14,0.479,1,920.1,1765.0,0.4,0.5,0.31,0.35,59,59,-1,0.1,-0.9,0.1,1.6,0.02,-0.01,0.00,0.00,0.00,0.00,0.08,0.46,99,-1,0,0,0.4,-0.01,0.479,0.488,-21.99,0,26,0,209.9,1.7,3.0,60.1,0.00,0,-0.1,0.7
89.35,land,87.87,262.13,0.479,1,920.2,1765.0,0.3,0.5,0.35,0.44,59,59,-1,0.1,-1.3,-0.0,1.6,0.02,-0.02,0.00,0.00,0.00,0.00,0.07,0.56,99,-1,0,0,0.2,-0.00,0.479,0.492,-19.66,0,26,0,209.9,1.7,3.0,60.1,0.00,0,-0.6,0.4
89.55,land,85.45,264.55,0.445,1,919.9,1764.9,0.3,0.4,-3.98,-2.60,59,59,-1,0.0,-1.5,1.8,-1.1,-0.40,0.30,0.00,0.00,0.00,0.00,0.05,0.60,99,-1,0,0,66.8,0.00,0.445,0.725,-17.41,0,26,0,209.9,1.5,2.6,60.1,0.00,0,9.5,65.6
89.75,land,85.99,264.01,0.120,1,919.5,1764.6,1.0,0.9,-3.45,-3.08,59,59,-1,-4.5,8.1,7.1,-12.8,-1.00,0.60,0.15,0.00,0.00,0.00,-1.35,-4.42,99,-1,1,0,-17.9,0.36,0.121,0.242,2.07,0,26,0,209.9,1.5,2.6,60.1,0.00,0,37.7,55.5
89.95,land,86.37,263.63,0.120,1,918.4,1763.7,1.7,1.5,-4.06,-3.43,58,60,-1,-5.1,8.1,12.4,-22.2,-1.00,0.53,0.50,0.00,0.00,0.00,-1.51,-4.84,99,-1,1,1,-18.8,0.39,0.121,0.242,1.56,0,26,0,209.2,347.5,338.3,60.9,0.00,0,25.7,34.5
90.15,land,86.42,263.58,0.120,1,917.5,1763.0,2.6,2.2,-4.55,-3.60,56,60,-1,-5.7,8.2,15.9,-29.3,-0.95,0.45,0.74,0.00,0.00,0.00,-1.63,-5.31,99,-1,1,3,-17.2,0.42,0.121,0.243,0.10,0,26,0,209.2,347.5,338.3,60.9,0.00,0,18.4,20.0
90.35,land,86.14,263.86,0.120,1,917.0,1762.6,3.5,2.9,-4.77,-3.69,52,49,-1,-5.2,8.3,17.8,-33.3,-0.82,0.38,0.87,0.00,0.00,0.00,-1.48,-5.85,99,-1,1,7,-15.6,0.45,0.122,0.243,-1.51,0,26,0,219.9,340.2,336.6,50.3,0.00,0,14.9,12.8
90.55,land,85.71,264.29,0.120,1,916.0,1761.8,4.5,3.7,-4.83,-3.69,48,49,-1,-4.2,8.3,11.9,-39.0,-1.00,-0.14,1.00,0.00,0.00,0.00,-1.14,-5.97,99,-1,1,11,-63.5,0.65,0.123,0.246,-2.36,0,26,0,219.9,340.2,336.6,50.3,0.00,0,8.7,15.8
90.75,land,85.04,264.96,0.120,1,914.5,1760.7,5.5,4.4,-5.23,-3.78,40,26,-1,-1.6,8.4,-1.1,-42.3,-0.98,-0.58,1.00,0.00,0.00,0.00,-0.44,-6.35,99,-1,1,19,-100.2,0.63,0.123,0.246,-3.55,0,26,0,243.2,326.9,341.8,30.7,0.00,0,-0.2,10.4
90.95,land,84.07,265.93,0.120,1,914.0,1760.3,6.5,5.2,-5.36,-3.78,35,26,-1,0.0,8.5,-19.3,-41.9,-0.70,-0.94,1.00,0.00,0.00,0.00,-0.01,-6.56,99,-1,1,24,-101.3,0.60,0.123,0.245,-4.69,0,26,0,243.2,326.9,341.8,30.7,0.00,0,-1.7,7.6
91.15,land,82.76,267.24,0.120,1,912.3,1759.2,7.6,5.9,-5.69,-3.87,22,346,-1,5.7,8.6,-31.9,-36.7,-0.34,-0.95,1.00,0.00,0.00,0.00,1.45,-6.63,99,-1,1,37,-82.1,0.60,0.123,0.245,-6.17,0,26,0,282.8,234.3,342.5,1.5,0.00,0,5.2,-4.5
91.35,land,81.16,268.84,0.120,1,911.2,1758.4,8.7,6.7,-5.95,-4.00,12,346,-1,7.8,8.6,-36.3,-27.1,-0.07,-0.72,1.00,0.00,0.00,0.00,2.67,-6.49,99,-1,1,47,-67.1,0.60,0.123,0.245,-7.71,0,26,0,282.8,234.3,342.5,1.5,0.00,0,16.6,-12.2
91.55,land,79.33,270.67,0.198,1,909.9,1757.6,9.9,7.5,-6.22,-4.13,356,317,-1,7.9,8.7,-34.6,-15.4,0.09,-0.37,0.89,0.00,0.00,0.00,4.41,-5.83,99,-1,0,63,-53.6,0.69,0.203,0.388,-9.05,0,26,0,312.1,202.5,339.4,329.7,0.00,0,31.0,-17.4
91.75,land,77.33,272.67,0.344,1,908.7,1756.7,11.2,8.3,-6.46,-4.39,344,317,-1,8.0,8.8,-28.1,-5.2,0.12,0.06,0.62,0.00,0.00,0.00,5.87,-4.91,99,-1,0,75,-38.8,0.80,0.357,0.431,-10.14,0,26,0,312.1,202.5,339.4,329.7,0.00,0,47.5,-18.2
91.95,land,75.23,274.77,0.522,1,907.3,1755.8,12.5,9.2,-6.59,-4.61,330,302,-1,8.0,8.8,-17.8,1.2,0.02,0.47,0.26,0.00,0.00,0.00,7.13,-3.47,99,-1,0,89,-18.9,0.90,0.549,0.744,-10.75,0,26,0,327.4,194.0,338.7,305.0,0.00,0,56.9,-15.3
92.15,land,73.19,276.81,0.585,1,906.7,1755.3,13.8,10.2,-6.59,-4.66,321,302,-1,8.2,8.9,-7.0,4.4,-0.10,0.54,0.00,0.00,0.00,0.00,7.76,-2.21,99,-1,0,98,-4.8,0.90,0.614,0.872,-10.14,0,26,0,327.4,194.0,338.7,305.0,0.00,0,53.9,-13.8
92.35,land,71.57,278.43,0.533,1,904.9,1754.0,15.1,11.1,-5.34,-4.13,315,302,-1,3.3,3.9,-1.8,7.4,0.05,0.09,0.00,0.00,0.00,0.00,7.31,-1.08,99,-1,0,104,48.8,0.15,0.534,0.589,-7.45,0,26,0,326.7,187.8,348.2,303.1,0.00,0,5.3,-22.7
92.55,land,70.45,279.55,0.392,1,904.4,1753.6,16.1,11.9,-4.70,-3.96,311,302,-1,3.4,2.3,-5.0,11.8,0.18,-0.53,0.09,0.00,0.00,0.00,6.14,-0.13,99,-1,0,108,60.0,-0.40,0.396,0.678,-4.73,0,26,0,326.7,187.8,348.2,303.1,0.00,0,-10.2,-25.5
92.75,land,69.87,280.13,0.307,1,903.2,1752.4,16.9,12.7,-3.72,-4.12,315,325,-1,3.5,1.6,-11.3,12.9,-0.22,-0.68,0.23,0.00,0.00,0.00,5.64,0.38,99,-1,1,104,63.2,-0.46,0.311,0.623,-3.10,0,26,0,304.4,204.4,342.8,323.9,0.00,0,-4.1,6.5
92.95,land,70.03,279.97,0.120,1,902.9,1752.0,17.6,13.5,-3.49,-4.26,318,325,-1,3.6,2.4,-11.3,10.5,-0.30,-0.10,0.17,0.00,0.00,0.00,5.50,0.29,99,-1,1,101,39.7,0.01,0.120,0.240,0.73,0,26,0,304.4,204.4,342.8,323.9,0.00,0,13.3,1.9
93.15,land,70.10,279.90,0.131,1,901.9,1750.6,18.3,14.4,-3.21,-4.66,325,344,-1,3.7,3.9,-7.1,9.7,-0.21,0.13,0.06,0.00,0.00,0.00,5.71,-0.05,99,-1,1,94,27.9,0.18,0.131,0.262,0.02,0,26,0,284.6,218.9,348.1,343.9,0.00,0,29.9,-5.0
93.35,land,69.90,280.10,0.182,1,901.5,1750.1,19.0,15.4,-3.10,-4.57,331,344,-1,3.8,4.0,-1.9,10.6,-0.07,0.23,0.03,0.00,0.00,0.00,5.50,-0.48,99,-1,0,88,25.7,0.29,0.183,0.303,-1.11,0,26,0,284.6,218.9,348.1,343.9,0.00,0,30.8,-7.8
93.55,land,69.76,280.24,0.180,1,900.8,1748.9,19.5,16.2,-2.26,-3.60,339,359,-1,3.9,4.0,-0.5,6.6,-0.59,-0.09,0.00,0.00,0.00,0.00,4.45,-0.90,99,-1,1,80,66.7,-0.51,0.183,0.367,-1.14,0,26,0,270.5,243.4,359.1,359.4,0.00,0,10.8,26.2
93.75,land,69.56,280.44,0.196,1,900.3,1748.3,19.9,16.9,-2.01,-3.17,344,359,-1,3.9,4.0,0.6,1.3,-0.67,-0.03,0.00,0.00,0.00,0.00,3.92,-1.15,99,-1,1,75,34.2,-0.38,0.198,0.396,-1.50,0,26,0,270.5,243.4,359.1,359.4,0.00,0,-5.5,30.5
93.95,land,69.69,280.31,0.120,1,900.2,1748.0,20.3,17.5,-1.27,-2.02,354,20,-1,4.0,4.1,-2.3,-2.1,-0.44,-0.41,0.00,0.00,0.00,0.00,2.14,-1.07,99,-1,1,65,0.4,0.79,0.125,0.250,1.22,0,26,0,249.5,357.1,358.9,20.6,0.00,0,-17.1,10.6
94.15,land,69.79,280.21,0.120,1,899.8,1747.4,20.6,17.9,-1.36,-1.84,2,20,-1,4.1,4.1,-4.1,-2.2,-0.29,-0.26,0.00,0.00,0.00,0.00,1.92,-1.48,99,-1,1,57,22.1,0.53,0.122,0.244,0.41,0,26,0,249.5,357.1,358.9,20.6,0.00,0,-0.5,-3.2
94.35,land,69.71,280.29,0.120,1,899.7,1747.3,20.8,18.2,-1.36,-1.67,8,24,-1,4.1,4.2,-3.0,-1.6,-0.24,-0.04,0.00,0.00,0.00,0.00,1.45,-1.59,99,-1,0,51,26.7,0.27,0.121,0.231,-0.45,0,26,0,244.6,349.9,355.2,25.5,0.00,0,6.6,-5.2
94.45,touchdown,69.61,280.39,0.000,1,899.4,1747.0,21.0,18.4,-1.36,-1.49,11,24,-1,10.1,10.2,-1.4,-0.9,-0.25,0.01,0.00,0.00,0.00,0.00,1.29,-1.64,99,-1,1,48,31.7,0.21,0.000,0.000,-0.85,0,26,0,244.6,349.9,355.2,25.5,0.00,0,18.9,-10.9
94.55,touchdown,69.50,280.50,0.000,1,899.4,1747.0,21.1,18.5,-1.36,-1.49,13,24,-1,12.6,16.2,0.1,-0.1,-0.29,0.00,0.00,0.00,0.00,0.00,1.15,-1.66,99,-1,1,46,31.7,0.17,0.000,0.000,-1.23,0,26,0,244.6,349.9,355.2,25.5,0.00,0,18.9,-10.9
94.75,touchdown,69.50,280.50,0.000,1,899.2,1746.8,21.3,18.7,-0.27,-0.28,19,32,-1,8.7,19.0,0.0,-0.0,-0.44,-0.19,0.00,0.00,0.00,0.00,0.33,-0.68,99,-1,1,41,0.2,0.80,0.000,0.000,-0.01,0,26,0,236.6,0.0,0.0,33.4,0.00,0,-0.0,-0.0
94.95,touchdown,69.50,280.50,0.000,1,899.2,1746.8,21.3,18.7,0.00,0.00,23,32,-1,6.7,17.5,0.0,-0.0,-0.43,-0.17,0.00,0.00,0.00,0.00,0.01,-0.01,99,-1,1,37,0.0,0.72,0.000,0.000,0.00,0,26,0,236.6,0.0,0.0,33.4,0.00,0,0.0,0.0
95.15,touchdown,69.50,280.50,0.000,1,899.2,1746.8,21.3,18.7,0.00,0.00,25,32,-1,5.9,17.8,-0.0,0.0,-0.43,-0.16,0.00,0.00,0.00,0.00,0.00,0.00,99,-1,1,34,0.0,0.68,0.000,0.000,0.00,0,26,0,236.6,0.0,0.0,33.4,0.00,0,0.0,-0.0
95.35,touchdown,69.50,280.50,0.000,1,899.2,1746.8,21.3,18.7,0.00,0.00,27,32,-1,5.3,18.0,0.0,-0.0,-0.44,-0.16,0.00,0.00,0.00,0.00,0.00,0.00,99,-1,1,32,0.0,0.64,0.000,0.000,0.00,0,26,0,236.6,0.0,0.0,33.4,0.00,0,0.0,-0.0
95.55,touchdown,69.50,280.50,0.000,1,899.2,1746.8,21.3,18.7,0.00,0.00,29,32,-1,4.9,18.1,0.0,0.0,-0.44,-0.16,0.00,0.00,0.00,0.00,0.00,0.00,99,-1,1,30,0.0,0.61,0.000,0.000,0.00,0,26,0,236.6,0.0,0.0,33.4,0.00,0,0.0,0.0
95.75,touchdown,69.50,280.50,0.000,1,899.2,1746.8,21.3,18.7,0.00,0.00,30,32,-1,4.7,18.3,0.0,0.0,-0.45,-0.16,0.00,0.00,0.00,0.00,0.00,0.00,99,-1,1,29,-0.0,0.59,0.000,0.000,0.00,0,26,0,236.6,0.0,0.0,33.4,0.00,0,0.0,0.0
95.95,touchdown,69.50,280.50,0.000,1,899.2,1746.8,21.3,18.7,0.00,0.00,30,32,-1,4.5,18.4,0.0,-0.0,-0.45,-0.15,0.00,0.00,0.00,0.00,0.00,0.00,99,-1,1,29,-0.0,0.57,0.000,0.000,0.00,0,26,0,236.6,0.0,0.0,33.4,0.00,0,0.0,0.0
96.15,touchdown,69.50,280.50,0.000,1,899.2,1746.8,21.3,18.7,0.00,0.00,31,32,-1,4.3,18.4,0.0,-0.0,-0.46,-0.15,0.00,0.00,0.00,0.00,0.00,0.00,99,-1,1,28,-0.0,0.56,0.000,0.000,0.00,0,26,0,236.6,0.0,0.0,33.4,0.00,0,0.0,0.0
96.35,touchdown,69.50,280.50,0.000,1,899.2,1746.8,21.3,18.7,0.00,0.00,31,32,-1,4.2,18.5,0.0,0.0,-0.46,-0.15,0.00,0.00,0.00,0.00,0.00,0.00,99,-1,1,28,-0.0,0.55,0.000,0.000,0.00,0,26,0,236.6,0.0,0.0,33.4,0.00,0,0.0,0.0
96.55,touchdown,69.50,280.50,0.000,1,899.2,1746.8,21.3,18.7,0.00,0.00,32,32,-1,4.1,18.6,0.0,0.0,-0.47,-0.15,0.00,0.00,0.00,0.00,0.00,0.00,99,-1,1,27,-0.0,0.55,0.000,0.000,0.00,0,26,0,236.6,0.0,0.0,33.4,0.00,0,0.0,0.0
96.75,touchdown,69.50,280.50,0.000,1,899.2,1746.8,21.3,18.7,0.00,0.00,32,32,-1,4.1,18.7,0.0,-0.0,-0.47,-0.15,0.00,0.00,0.00,0.00,0.00,0.00,99,-1,1,27,-0.0,0.55,0.000,0.000,0.00,0,26,0,236.6,0.0,0.0,33.4,0.00,0,0.0,0.0
96.95,touchdown,69.50,280.50,0.000,1,899.2,1746.8,21.3,18.7,0.00,0.00,32,32,-1,4.1,18.7,0.0,-0.0,-0.47,-0.16,0.00,0.00,0.00,0.00,0.00,0.00,99,-1,1,27,-0.0,0.54,0.000,0.000,0.00,0,26,0,236.6,0.0,0.0,33.4,0.00,0,0.0,0.0
97.15,touchdown,69.50,280.50,0.000,1,899.2,1746.8,21.3,18.7,0.00,0.00,32,32,-1,4.0,18.8,0.0,-0.0,-0.48,-0.16,0.00,0.00,0.00,0.00,0.00,0.00,99,-1,1,27,0.0,0.54,0.000,0.000,0.00,0,26,0,236.6,0.0,0.0,33.4,0.00,0,0.0,0.0
97.35,touchdown,69.50,280.50,0.000,1,899.2,1746.8,21.3,18.7,0.00,0.00,32,32,-1,4.0,18.8,0.0,-0.0,-0.48,-0.16,0.00,0.00,0.00,0.00,0.00,0.00,99,-1,1,27,0.0,0.54,0.000,0.000,0.00,0,26,0,236.6,0.0,0.0,33.4,0.00,0,0.0,0.0
97.55,touchdown,69.50,280.50,0.000,1,899.2,1746.8,21.3,18.7,0.00,0.00,32,32,-1,4.0,18.9,0.0,-0.0,-0.49,-0.16,0.00,0.00,0.00,0.00,0.00,0.00,99,-1,1,27,0.0,0.54,0.000,0.000,0.00,0,26,0,236.6,0.0,0.0,33.4,0.00,0,0.0,0.0
97.55,end:ok:control [lean 58 body 30 braketurn 0.55],0,0,0,0,0,0,0,0,0,0,0,0,0,0,0,0,0,0,0,0,0,0,0,0,0,0,0,0,0,0,0,0,0,0,0,0,0,0,0,0,0,0,0,0,0
