t,phase,height,err,pwr,gps,x,z,ex,ez,vxw,vzw,hdg,rawhdg,mothdg,tp,tr,p,r,vx,vy,sched,fwdRaw,latRaw,vrtRaw,fwdH,latH,energy,fuel,sat,yerr,yrate,ydem,athr,amax,vv,dockc,npers,chg,nav1,nav3,nav2,trihdg,trires,aimq,wx,wz
0.00,climb,69.50,280.50,1.000,1,870.9,1803.7,1021.6,-1438.2,0.00,0.00,79,79,-1,0.0,0.0,0.0,0.0,0.00,0.00,0.00,0.00,0.00,0.00,0.00,0.00,-1,-1,1,-2,0.0,-0.01,1.000,1.000,0.00,0,0,0,190.3,0.0,0.0,79.7,0.00,0,0.0,-0.0
0.10,climb,69.50,280.50,1.000,1,870.9,1803.7,1021.6,-1438.2,0.00,0.00,79,79,-1,0.0,0.0,0.0,0.0,0.00,0.00,0.00,0.00,0.00,0.00,0.00,0.00,-1,-1,1,-5,0.0,-0.03,1.000,1.000,0.00,0,0,0,190.3,0.0,0.0,79.7,0.00,0,0.0,-0.0
0.20,climb,69.50,280.50,1.000,1,870.9,1803.7,1021.6,-1438.2,0.00,0.00,79,79,-1,0.0,0.0,0.0,0.0,0.00,0.00,0.00,0.00,0.00,0.00,0.00,0.00,-1,-1,1,-8,0.0,-0.05,1.000,1.000,0.00,0,0,0,190.3,0.0,0.0,79.7,0.00,0,0.0,-0.0
0.30,climb,69.52,280.48,1.000,1,870.9,1803.7,1021.6,-1438.2,0.00,0.00,79,79,-1,0.0,0.0,-0.0,-0.0,-0.00,-0.00,0.00,0.00,0.00,0.00,0.00,0.00,-1,-1,1,-11,-0.0,-0.07,1.000,1.000,0.14,0,0,0,190.3,0.0,0.0,79.7,0.00,0,-0.4,0.1
0.40,climb,69.60,280.40,1.000,1,870.9,1803.7,1021.6,-1438.2,0.00,0.00,79,79,-1,0.0,0.0,-0.0,-0.0,-0.00,-0.00,0.00,0.00,0.00,0.00,0.00,0.00,-1,-1,1,-14,-0.0,-0.09,1.000,1.000,0.52,0,0,0,190.3,360.0,359.9,79.7,0.00,0,-0.4,0.1
0.50,climb,69.82,280.18,1.000,1,870.9,1803.7,1021.6,-1438.2,0.00,0.00,79,79,-1,0.0,0.0,-0.1,-0.0,-0.00,-0.01,0.00,0.00,0.00,0.00,0.00,0.00,-1,-1,1,-17,0.0,-0.12,1.000,1.000,1.76,0,0,0,190.3,360.0,359.9,79.7,0.00,0,-0.6,0.2
0.60,climb,70.27,279.73,1.000,1,870.9,1803.7,1021.6,-1438.2,0.04,-0.04,79,79,-1,0.0,0.0,-0.2,-0.0,0.00,-0.01,0.00,0.00,0.00,0.00,0.00,-0.00,-1,-1,1,-20,-2.2,-0.13,1.000,1.000,3.83,0,0,0,190.3,360.0,359.9,79.7,0.00,0,-0.4,-0.4
0.70,climb,71.02,278.98,1.000,1,870.9,1803.7,1021.6,-1438.2,0.04,-0.04,79,79,-1,0.0,0.0,-0.2,0.0,0.01,-0.01,0.00,0.00,0.00,0.00,0.05,-0.03,-1,-1,1,-23,-2.2,-0.13,1.000,1.000,6.72,0,0,0,190.3,360.0,359.9,79.7,0.00,0,-0.4,-0.4
0.80,climb,72.07,277.93,1.000,1,870.9,1803.7,1021.6,-1438.2,0.13,-0.09,79,78,-1,0.0,0.0,-0.2,0.1,0.01,0.00,0.00,0.00,0.00,0.00,0.13,-0.06,99,-1,1,-25,-10.6,-0.11,1.000,1.000,9.79,0,28,0,191.4,0.1,0.4,78.6,0.00,0,0.3,-0.9
0.90,climb,73.43,276.57,1.000,1,870.9,1803.7,1021.6,-1438.2,0.15,-0.09,78,78,-1,0.0,0.0,-0.1,0.2,0.02,0.00,0.00,0.00,0.00,0.00,0.15,-0.06,99,-1,1,-28,-15.9,-0.07,1.000,1.000,12.83,0,28,0,191.4,0.1,0.4,78.6,0.00,0,0.2,-0.7
1.00,climb,75.09,274.91,1.000,1,870.9,1803.7,1021.6,-1438.2,0.20,0.00,78,78,-1,0.0,0.0,-0.1,0.3,0.01,0.00,0.00,0.00,0.00,0.00,0.17,-0.05,99,-1,1,-31,-20.3,-0.03,1.000,1.000,15.84,0,28,0,191.4,0.1,0.4,78.6,0.00,0,0.0,0.2
1.10,climb,77.04,272.96,1.000,1,870.9,1803.7,1021.6,-1438.2,0.20,0.00,78,78,-1,0.0,0.0,-0.1,0.2,-0.00,-0.00,0.00,0.00,0.00,0.00,0.19,0.04,99,-1,1,-34,-20.3,0.01,1.000,1.000,18.81,0,28,0,191.4,0.1,0.4,78.6,0.00,0,0.0,0.2
1.20,climb,79.29,270.71,1.000,1,871.0,1803.7,1021.5,-1438.2,0.22,0.04,77,70,-1,0.0,0.0,-0.1,0.1,-0.02,-0.01,0.00,0.00,0.00,0.00,0.20,0.09,99,-1,1,-36,-22.8,0.02,1.000,1.000,21.76,0,28,0,198.7,0.0,0.0,71.3,0.00,0,-0.3,1.3
1.30,climb,81.84,268.16,1.000,1,871.0,1803.7,1021.5,-1438.2,0.24,0.04,76,70,-1,0.0,0.0,-0.2,-0.2,-0.03,-0.02,0.00,0.00,0.00,0.00,0.20,0.10,99,-1,1,-38,-23.1,0.02,1.000,1.000,24.67,0,28,0,198.7,0.0,0.0,71.3,0.00,0,-1.2,2.7
1.40,climb,84.67,265.33,1.000,1,871.0,1803.7,1021.5,-1438.2,0.24,0.00,75,70,-1,0.0,0.0,-0.4,-0.4,-0.04,-0.02,0.00,0.00,0.00,0.00,0.22,0.10,99,-1,1,-40,-22.0,-0.00,1.000,1.000,27.55,0,28,0,198.7,0.0,0.0,71.3,0.00,0,-1.6,2.9
1.50,climb,87.78,262.22,1.000,1,871.0,1803.7,1021.5,-1438.2,0.24,0.00,74,70,-1,0.0,0.0,-0.6,-0.7,-0.05,-0.04,0.00,0.00,0.00,0.00,0.23,0.06,99,-1,1,-42,-22.0,-0.03,1.000,1.000,30.41,0,28,0,198.7,0.0,0.0,71.3,0.00,0,-1.6,2.9
1.60,climb,91.18,258.82,1.000,1,871.1,1803.7,1021.4,-1438.2,0.24,-0.26,73,62,-1,0.0,0.0,-0.8,-0.8,-0.03,-0.05,0.00,0.00,0.00,0.00,0.26,-0.01,99,-1,1,-43,-18.6,-0.06,1.000,1.000,33.23,0,28,0,207.4,358.7,357.6,62.6,0.00,0,-2.4,0.2
1.70,climb,94.85,255.15,1.000,1,871.1,1803.7,1021.4,-1438.2,0.24,-0.26,71,62,-1,0.0,0.0,-1.1,-0.8,0.00,-0.05,0.00,0.00,0.00,0.00,0.31,-0.17,99,-1,1,-45,-18.6,-0.09,1.000,1.000,36.02,0,28,0,207.4,358.7,357.6,62.6,0.00,0,-2.4,0.2
1.80,climb,98.79,251.21,1.000,1,871.1,1803.6,1021.4,-1438.1,0.31,-0.62,69,62,-1,0.0,0.0,-1.3,-0.4,0.04,-0.04,0.00,0.00,0.00,0.00,0.38,-0.33,99,-1,1,-46,-18.8,-0.11,1.000,1.000,38.79,0,28,0,207.4,358.7,357.6,62.6,0.00,0,-1.1,-4.0
1.90,climb,103.00,247.00,1.000,1,871.1,1803.6,1021.4,-1438.1,0.31,-0.62,68,62,-1,0.0,0.0,-1.3,0.0,0.07,-0.03,0.00,0.00,0.00,0.00,0.51,-0.46,99,-1,1,-48,-18.8,-0.11,1.000,1.000,41.52,0,28,0,207.4,358.7,357.6,62.6,0.00,0,-1.1,-4.0
2.00,climb,107.48,242.52,1.000,1,871.2,1803.4,1021.3,-1438.0,0.62,-0.75,66,54,-1,0.0,0.0,-1.3,0.5,0.08,-0.01,0.00,0.00,0.00,0.00,0.70,-0.51,99,-1,1,-49,-22.1,-0.10,1.000,1.000,44.23,0,28,0,215.0,359.6,359.4,55.0,0.00,0,1.2,-3.6
2.10,climb,114.71,235.29,1.000,1,871.3,1803.3,1021.3,-1437.9,0.83,-0.75,64,54,-1,0.0,0.0,-1.1,0.9,0.06,0.02,0.00,0.00,0.00,0.00,0.88,-0.41,99,-1,1,-50,-24.7,-0.09,1.000,1.000,46.90,0,28,0,215.0,359.6,359.4,55.0,0.00,0,2.6,-1.4
2.20,climb,117.25,232.75,0.901,1,871.3,1803.3,1021.2,-1437.8,0.83,-0.75,63,54,-1,0.0,0.0,-0.8,0.9,0.02,0.04,0.00,0.00,0.00,0.00,1.08,-0.28,99,-1,0,-52,-24.7,-0.06,0.901,0.927,49.55,0,28,0,215.0,359.6,359.4,55.0,0.00,0,2.6,-1.4
2.30,climb,122.54,227.46,0.751,1,871.5,1803.2,1021.1,-1437.8,1.16,-0.53,61,54,-1,0.0,0.0,-0.4,0.7,-0.03,0.05,0.00,0.00,0.00,0.00,1.22,-0.04,99,-1,0,-53,-28.9,-0.05,0.751,0.784,52.18,0,28,0,215.0,359.6,359.4,55.0,0.00,0,3.3,4.4
2.40,climb,128.05,221.95,0.609,1,871.6,1803.2,1021.0,-1437.7,1.19,-0.44,59,43,-1,0.0,0.0,-0.1,0.2,-0.07,0.05,0.00,0.00,0.00,0.00,1.27,0.15,99,-1,0,-54,-29.9,-0.03,0.609,0.656,54.49,0,28,0,225.5,0.2,0.2,44.5,0.00,0,1.9,5.8
2.50,climb,133.71,216.29,0.491,1,871.8,1803.1,1020.9,-1437.7,1.12,-0.40,56,43,-1,0.0,0.0,0.1,-0.3,-0.09,0.02,0.00,0.00,0.00,0.00,1.23,0.29,99,-1,0,-54,-29.8,-0.02,0.491,0.535,56.19,0,28,0,225.5,0.2,0.2,44.5,0.00,0,-0.1,5.2
2.60,climb,139.46,210.54,0.401,1,871.9,1803.1,1020.7,-1437.6,1.01,-0.35,54,43,-1,0.0,0.0,-0.0,-0.8,-0.08,-0.01,0.00,0.00,0.00,0.00,1.14,0.33,99,-1,0,-55,-28.7,-0.03,0.401,0.439,57.23,0,28,0,225.5,0.2,0.2,44.5,0.00,0,-1.9,3.2
2.70,climb,145.24,204.76,0.336,1,872.0,1803.1,1020.6,-1437.6,0.90,-0.40,53,43,-1,0.0,0.0,-0.3,-1.1,-0.05,-0.05,0.00,0.00,0.00,0.00,1.02,0.33,99,-1,0,-57,-27.3,-0.05,0.336,0.374,57.70,0,28,0,225.5,0.2,0.2,44.5,0.00,0,-3.0,0.9
2.80,climb,151.01,198.99,0.291,1,872.0,1803.0,1020.5,-1437.6,0.81,-0.44,50,32,-1,0.0,0.0,-0.7,-1.1,-0.01,-0.06,0.00,0.00,0.00,0.00,0.94,0.28,99,-1,0,-56,-25.8,-0.07,0.291,0.322,57.75,0,28,0,237.0,357.9,358.6,33.0,0.00,0,-3.1,-0.8
2.90,climb,156.75,193.25,0.258,1,872.0,1803.0,1020.5,-1437.5,0.81,-0.44,47,32,-1,0.0,0.0,-1.0,-1.0,0.01,-0.06,0.00,0.00,0.00,0.00,0.89,0.23,99,-1,0,-57,-25.8,-0.09,0.258,0.288,57.51,0,28,0,237.0,357.9,358.6,33.0,0.00,0,-3.1,-0.8
3.00,climb,162.44,187.56,0.236,1,872.1,1803.0,1020.4,-1437.5,0.77,-0.48,45,32,-1,0.0,0.0,-1.3,-0.7,0.03,-0.05,0.00,0.00,0.00,0.00,0.88,0.21,99,-1,0,-58,-24.7,-0.11,0.237,0.272,57.03,0,28,0,237.0,357.9,358.6,33.0,0.00,0,-2.5,-2.0
3.10,climb,168.05,181.95,0.223,1,872.3,1802.9,1020.3,-1437.4,0.73,-0.62,43,32,-1,0.0,0.0,-1.4,-0.4,0.04,-0.03,0.00,0.00,0.00,0.00,0.91,0.14,99,-1,0,-59,-22.7,-0.13,0.223,0.255,56.37,0,28,0,237.0,357.9,358.6,33.0,0.00,0,-0.2,-2.5
3.20,climb,173.59,176.41,0.212,1,872.3,1802.8,1020.2,-1437.4,0.73,-0.66,40,22,-1,0.0,0.0,-1.4,-0.1,0.04,-0.02,0.00,0.00,0.00,0.00,0.94,0.16,99,-1,0,-58,-21.9,-0.14,0.212,0.236,55.66,0,28,0,246.5,356.7,358.6,23.5,0.00,0,0.7,-1.8
3.30,climb,179.05,170.95,0.206,1,872.4,1802.7,1020.2,-1437.3,0.73,-0.66,37,22,-1,0.0,0.0,-1.3,0.1,0.03,-0.00,0.00,0.00,0.00,0.00,0.96,0.18,99,-1,0,-59,-21.2,-0.15,0.206,0.220,54.85,0,28,0,246.5,356.7,358.6,23.5,0.00,0,1.6,-1.1
3.40,climb,184.43,165.57,0.203,1,872.5,1802.7,1020.1,-1437.2,0.75,-0.70,35,22,-1,0.0,0.0,-1.1,0.3,0.02,0.01,0.00,0.00,0.00,0.00,0.96,0.22,99,-1,0,-60,-20.6,-0.16,0.204,0.218,53.98,0,28,0,246.5,356.7,358.6,23.5,0.00,0,2.1,0.0
3.50,climb,189.71,160.29,0.202,1,872.5,1802.7,1020.0,-1437.2,0.75,-0.70,33,22,-1,0.0,0.0,-0.9,0.3,0.00,0.02,0.00,0.00,0.00,0.00,1.00,0.24,99,-1,0,-61,-20.6,-0.18,0.202,0.212,53.08,0,28,0,246.5,356.7,358.6,23.5,0.00,0,2.1,0.0
3.60,climb,194.91,155.09,0.200,1,872.6,1802.6,1019.9,-1437.1,0.75,-0.70,30,14,-1,0.0,0.0,-0.7,0.2,-0.01,0.02,0.00,0.00,0.00,0.00,0.98,0.29,99,-1,0,-61,-20.3,-0.18,0.200,0.214,52.20,0,28,0,254.9,357.6,359.3,15.1,0.00,0,2.0,1.1
3.70,climb,200.02,149.98,0.198,1,872.7,1802.4,1019.9,-1437.0,0.75,-0.70,28,14,-1,0.0,0.0,-0.6,0.0,-0.02,0.01,0.00,0.00,0.00,0.00,0.97,0.34,99,-1,0,-61,-20.2,-0.19,0.198,0.209,51.32,0,28,0,254.9,357.6,359.3,15.1,0.00,0,-0.0,1.8
3.80,climb,205.05,144.95,0.197,1,872.7,1802.4,1019.8,-1436.9,0.75,-0.70,26,14,-1,0.0,0.0,-0.6,-0.1,-0.03,-0.01,0.00,0.00,0.00,0.00,0.96,0.37,99,-1,0,-62,-20.2,-0.19,0.197,0.213,50.42,0,28,0,254.9,357.6,359.3,15.1,0.00,0,-0.0,1.8
3.90,climb,209.98,140.02,0.196,1,872.8,1802.4,1019.7,-1436.9,0.75,-0.70,24,14,-1,0.0,0.0,-0.7,-0.2,-0.02,-0.02,0.00,0.00,0.00,0.00,0.94,0.40,99,-1,0,-64,-20.2,-0.20,0.196,0.211,49.53,0,28,0,254.9,357.6,359.3,15.1,0.00,0,-0.7,1.4
4.00,climb,214.82,135.18,0.194,1,872.9,1802.2,1019.6,-1436.8,0.70,-0.70,21,6,-1,0.0,0.0,-0.8,-0.2,0.00,-0.03,0.00,0.00,0.00,0.00,0.92,0.42,99,-1,0,-64,-20.5,-0.20,0.195,0.206,48.64,0,28,0,263.0,353.1,359.2,7.0,0.00,0,-0.7,-0.6
4.10,climb,219.57,130.43,0.194,1,873.0,1802.2,1019.6,-1436.7,0.68,-0.70,19,6,-1,0.0,0.0,-0.9,-0.1,0.01,-0.02,0.00,0.00,0.00,0.00,0.89,0.44,99,-1,0,-65,-20.7,-0.21,0.195,0.209,47.74,0,28,0,263.0,353.1,359.2,7.0,0.00,0,0.1,-0.9
4.20,climb,224.23,125.77,0.194,1,873.0,1802.2,1019.5,-1436.7,0.68,-0.70,17,6,-1,0.0,0.0,-0.9,0.0,0.02,-0.01,0.00,0.00,0.00,0.00,0.87,0.45,99,-1,0,-66,-20.7,-0.21,0.195,0.205,46.84,0,28,0,263.0,353.1,359.2,7.0,0.00,0,0.1,-0.9
4.30,climb,228.80,121.20,0.194,1,873.1,1802.1,1019.4,-1436.6,0.66,-0.70,15,6,-1,0.0,0.0,-0.8,0.1,0.01,0.01,0.00,0.00,0.00,0.00,0.85,0.45,99,-1,0,-67,-20.9,-0.22,0.194,0.202,45.95,0,28,0,263.0,353.1,359.2,7.0,0.00,0,0.9,-0.7
4.40,climb,233.28,116.72,0.195,1,873.2,1802.0,1019.4,-1436.5,0.64,-0.70,12,358,-1,0.0,0.0,-0.6,0.2,0.01,0.02,0.00,0.00,0.00,0.00,0.83,0.49,99,-1,0,-67,-21.1,-0.22,0.195,0.204,45.04,0,28,0,271.3,204.1,359.4,358.7,0.00,0,1.4,0.3
4.50,climb,237.67,112.33,0.195,1,873.3,1801.9,1019.3,-1436.5,0.64,-0.70,10,358,-1,0.0,0.0,-0.5,0.1,-0.00,0.01,0.00,0.00,0.00,0.00,0.81,0.50,99,-1,0,-68,-21.3,-0.22,0.196,0.202,44.13,0,28,0,271.3,204.1,359.4,358.7,0.00,0,0.8,1.0
4.60,climb,241.97,108.03,0.196,1,873.3,1801.9,1019.2,-1436.4,0.64,-0.70,8,358,-1,0.0,0.0,-0.4,0.0,-0.01,0.00,0.00,0.00,0.00,0.00,0.79,0.53,99,-1,0,-69,-21.3,-0.23,0.196,0.203,43.24,0,28,0,271.3,204.1,359.4,358.7,0.00,0,0.8,1.0
4.70,climb,246.19,103.81,0.196,1,873.4,1801.7,1019.2,-1436.3,0.62,-0.70,7,358,-1,0.0,0.0,-0.4,-0.0,-0.01,-0.01,0.00,0.00,0.00,0.00,0.77,0.53,99,-1,0,-70,-21.7,-0.24,0.196,0.204,42.35,0,28,0,271.3,204.1,359.4,358.7,0.00,0,-0.3,0.2
4.80,climb,250.32,99.68,0.194,1,873.4,1801.7,1019.1,-1436.2,0.62,-0.70,4,349,-1,0.0,0.0,-0.4,-0.0,0.00,-0.01,0.00,0.00,0.00,0.00,0.74,0.56,99,-1,0,-71,-21.7,-0.24,0.194,0.201,41.51,0,28,0,279.9,182.5,359.6,350.1,0.00,0,-0.3,0.2
4.90,climb,254.37,95.63,0.191,1,873.4,1801.7,1019.1,-1436.2,0.59,-0.66,2,349,-1,0.0,0.0,-0.4,0.1,0.02,-0.01,0.00,0.00,0.00,0.00,0.68,0.57,99,-1,0,-72,-21.9,-0.24,0.192,0.202,40.68,0,28,0,279.9,182.5,359.6,350.1,0.00,0,-0.2,-0.7
5.00,climb,258.33,91.67,0.190,1,873.5,1801.6,1019.0,-1436.1,0.57,-0.66,360,349,-1,0.0,0.0,-0.4,0.2,0.01,0.00,0.00,0.00,0.00,0.00,0.66,0.57,99,-1,0,-73,-22.1,-0.24,0.191,0.196,39.83,0,28,0,279.9,182.5,359.6,350.1,0.00,0,0.3,-0.7
5.10,climb,262.20,87.80,0.189,1,873.6,1801.5,1018.9,-1436.0,0.55,-0.66,358,349,-1,0.0,0.0,-0.3,0.2,0.01,0.01,0.00,0.00,0.00,0.00,0.64,0.59,99,-1,0,-74,-22.4,-0.25,0.189,0.195,38.98,0,28,0,279.9,182.5,359.6,350.1,0.00,0,1.1,0.0
5.20,climb,265.99,84.01,0.189,1,873.7,1801.4,1018.9,-1436.0,0.55,-0.66,355,340,-1,0.0,0.0,-0.2,0.2,0.00,0.01,0.00,0.00,0.00,0.00,0.61,0.60,99,-1,0,-74,-22.4,-0.25,0.189,0.195,38.10,0,28,0,288.8,180.8,359.7,341.2,0.00,0,1.0,-0.0
5.30,climb,269.69,80.31,0.190,1,873.7,1801.4,1018.8,-1435.9,0.55,-0.66,353,340,-1,0.0,0.0,-0.1,0.2,0.00,0.01,0.00,0.00,0.00,0.00,0.59,0.62,99,-1,0,-75,-22.4,-0.26,0.191,0.197,37.20,0,28,0,288.8,180.8,359.7,341.2,0.00,0,1.0,-0.0
5.40,climb,273.29,76.71,0.192,1,873.7,1801.3,1018.8,-1435.8,0.53,-0.66,351,340,-1,0.0,0.0,0.0,0.2,0.00,0.01,0.00,0.00,0.00,0.00,0.57,0.62,99,-1,0,-76,-22.5,-0.26,0.192,0.198,36.31,0,28,0,288.8,180.8,359.7,341.2,0.00,0,0.9,-0.0
5.50,climb,276.81,73.19,0.193,1,873.8,1801.2,1018.7,-1435.8,0.53,-0.62,349,340,-1,0.0,0.0,0.1,0.2,0.00,0.01,0.00,0.00,0.00,0.00,0.51,0.63,99,-1,0,-77,-22.8,-0.27,0.193,0.199,35.42,0,28,0,288.8,180.8,359.7,341.2,0.00,0,0.6,-0.0
5.60,climb,280.25,69.75,0.193,1,873.9,1801.2,1018.7,-1435.7,0.53,-0.62,347,331,-1,0.0,0.0,0.2,0.2,0.00,0.01,0.00,0.00,0.00,0.00,0.48,0.65,99,-1,0,-77,-23.1,-0.27,0.194,0.198,34.55,0,28,0,297.8,179.9,0.0,332.2,0.00,0,0.3,-0.0
5.70,climb,283.59,66.41,0.194,1,873.9,1801.2,1018.6,-1435.7,0.53,-0.62,344,331,-1,0.0,0.0,0.2,0.2,0.00,0.00,0.00,0.00,0.00,0.00,0.45,0.67,99,-1,0,-78,-23.1,-0.27,0.195,0.197,33.68,0,28,0,297.8,179.9,0.0,332.2,0.00,0,0.3,-0.0
5.80,climb,286.86,63.14,0.183,1,873.9,1801.1,1018.6,-1435.6,0.53,-0.57,342,331,-1,0.0,0.0,0.2,0.2,0.00,0.00,0.00,0.00,0.00,0.00,0.38,0.68,99,-1,0,-79,-23.4,-0.27,0.184,0.184,32.83,0,28,0,297.8,179.9,0.0,332.2,0.00,0,0.1,-0.0
5.90,climb,290.03,59.97,0.142,1,874.0,1801.0,1018.5,-1435.5,0.51,-0.53,341,331,-1,0.0,0.0,0.2,0.2,0.00,-0.00,0.00,0.00,0.00,0.00,0.36,0.69,99,-1,0,-80,-23.9,-0.28,0.143,0.145,31.98,0,28,0,297.8,179.9,0.0,332.2,0.00,0,-0.4,0.0
6.00,climb,293.13,56.87,0.101,1,874.0,1801.0,1018.5,-1435.5,0.51,-0.53,338,322,-1,0.0,0.0,0.1,0.2,0.00,-0.01,0.00,0.00,0.00,0.00,0.30,0.67,99,-1,0,-77,-23.9,-0.25,0.102,0.105,31.14,0,28,0,307.3,180.0,360.0,322.7,0.00,0,-0.4,0.0
6.10,climb,296.14,53.86,0.061,1,874.1,1800.9,1018.4,-1435.4,0.51,-0.53,335,322,-1,0.0,0.0,0.1,0.2,0.00,-0.01,0.00,0.00,0.00,0.00,0.27,0.68,99,-1,0,-75,-24.1,-0.24,0.061,0.065,30.31,0,28,0,307.3,180.0,360.0,322.7,0.00,0,-0.6,0.1
6.20,climb,299.04,50.96,0.029,1,874.2,1800.8,1018.4,-1435.4,0.51,-0.53,333,322,-1,0.0,0.0,0.0,0.2,0.00,-0.01,0.00,0.00,0.00,0.00,0.24,0.69,99,-1,0,-73,-23.5,-0.22,0.029,0.033,29.35,0,28,0,307.3,180.0,360.0,322.7,0.00,0,-0.6,0.1
6.30,climb,301.82,48.18,0.013,1,874.2,1800.8,1018.3,-1435.3,0.48,-0.53,331,322,-1,0.0,0.0,-0.0,0.2,0.00,-0.01,0.00,0.00,0.00,0.00,0.22,0.70,99,-1,0,-71,-23.1,-0.22,0.013,0.017,28.11,0,28,0,307.3,180.0,360.0,322.7,0.00,0,-0.6,0.1
6.40,climb,304.49,45.51,0.000,1,874.2,1800.8,1018.3,-1435.3,0.48,-0.53,329,312,-1,0.0,0.0,-0.1,0.2,0.00,-0.01,0.00,0.00,0.00,0.00,0.20,0.69,99,-1,1,-68,-23.1,-0.20,0.000,0.000,26.99,0,28,0,316.7,180.2,359.8,313.3,0.00,0,-0.6,0.1
6.50,climb,307.04,42.96,0.000,1,874.3,1800.7,1018.2,-1435.2,0.48,-0.48,326,312,-1,0.0,0.0,-0.1,0.2,0.00,-0.01,0.00,0.00,0.00,0.00,0.13,0.67,99,-1,1,-66,-22.7,-0.19,0.000,0.000,25.82,0,28,0,316.7,180.2,359.8,313.3,0.00,0,-0.6,0.1
6.60,climb,309.47,40.53,0.000,1,874.4,1800.6,1018.2,-1435.2,0.46,-0.48,324,312,-1,0.0,0.0,-0.2,0.1,0.00,-0.01,0.00,0.00,0.00,0.00,0.11,0.68,99,-1,1,-64,-21.8,-0.18,0.000,0.000,24.61,0,28,0,316.7,180.2,359.8,313.3,0.00,0,-0.6,0.1
6.70,climb,311.78,38.22,0.000,1,874.4,1800.6,1018.1,-1435.1,0.46,-0.48,322,312,-1,0.0,0.0,-0.2,0.1,0.00,-0.01,0.00,0.00,0.00,0.00,0.10,0.66,99,-1,1,-62,-21.3,-0.17,0.000,0.000,23.36,0,28,0,316.7,180.2,359.8,313.3,0.00,0,-0.6,0.1
6.80,climb,313.95,36.05,0.004,1,874.4,1800.6,1018.1,-1435.1,0.46,-0.48,319,304,-1,0.0,0.0,-0.3,0.1,0.00,-0.01,0.00,0.00,0.00,0.00,0.07,0.66,99,-1,1,-59,-21.3,-0.16,0.004,0.007,22.06,0,28,0,325.5,180.3,359.5,304.5,0.00,0,-0.6,0.1
6.90,climb,315.99,34.01,0.018,1,874.5,1800.5,1018.0,-1435.0,0.46,-0.48,317,304,-1,0.0,0.0,-0.3,0.1,0.00,-0.01,0.00,0.00,0.00,0.00,0.04,0.67,99,-1,0,-57,-20.8,-0.15,0.018,0.024,20.76,0,28,0,325.5,180.3,359.5,304.5,0.00,0,-0.6,0.1
7.00,climb,317.91,32.09,0.027,1,874.6,1800.4,1018.0,-1435.0,0.44,-0.48,315,304,-1,0.0,0.0,-0.4,0.1,0.00,-0.01,0.00,0.00,0.00,0.00,0.03,0.65,99,-1,0,-54,-20.0,-0.14,0.027,0.033,19.48,0,28,0,325.5,180.3,359.5,304.5,0.00,0,-0.6,0.2
7.10,climb,319.70,30.30,0.040,1,874.6,1800.4,1017.9,-1434.9,0.44,-0.48,313,304,-1,0.0,0.0,-0.4,0.1,0.00,-0.02,0.00,0.00,0.00,0.00,0.01,0.65,99,-1,0,-53,-20.0,-0.13,0.040,0.046,18.20,0,28,0,325.5,180.3,359.5,304.5,0.00,0,-0.6,0.2
7.20,climb,321.36,28.64,0.056,1,874.6,1800.4,1017.9,-1434.9,0.44,-0.44,310,295,-1,0.0,0.0,-0.5,0.1,0.00,-0.02,0.00,0.00,0.00,0.00,-0.05,0.62,99,-1,0,-50,-19.7,-0.11,0.056,0.063,16.94,0,28,0,333.5,180.4,359.3,296.5,0.00,0,-0.6,0.2
7.30,climb,322.90,27.10,0.076,1,874.7,1800.3,1017.9,-1434.8,0.44,-0.44,308,295,-1,0.0,0.0,-0.5,0.1,0.00,-0.02,0.00,0.00,0.00,0.00,-0.07,0.62,99,-1,0,-48,-19.3,-0.10,0.076,0.083,15.70,0,28,0,333.5,180.4,359.3,296.5,0.00,0,-0.5,0.2
7.40,climb,324.32,25.68,0.099,1,874.7,1800.3,1017.8,-1434.8,0.44,-0.44,306,295,-1,0.0,0.0,-0.6,0.1,0.00,-0.02,0.00,0.00,0.00,0.00,-0.09,0.61,99,-1,0,-46,-19.3,-0.09,0.099,0.106,14.46,0,28,0,333.5,180.4,359.3,296.5,0.00,0,-0.5,0.2
7.50,climb,325.61,24.39,0.126,1,874.7,1800.3,1017.8,-1434.8,0.42,-0.44,305,295,-1,0.0,0.0,-0.6,0.1,0.00,-0.02,0.00,0.00,0.00,0.00,-0.09,0.60,99,-1,0,-44,-19.1,-0.08,0.126,0.133,13.24,0,28,0,333.5,180.4,359.3,296.5,0.00,0,-0.5,0.2
7.60,climb,326.79,23.21,0.154,1,874.8,1800.2,1017.7,-1434.7,0.42,-0.44,302,288,-1,0.0,0.0,-0.7,0.1,0.00,-0.02,0.00,0.00,0.00,0.00,-0.12,0.59,99,-1,0,-42,-19.0,-0.06,0.154,0.161,12.06,0,28,0,341.2,180.4,358.9,288.8,0.00,0,-0.5,0.2
7.70,climb,327.86,22.14,0.182,1,874.8,1800.2,1017.7,-1434.7,0.42,-0.44,300,288,-1,0.0,0.0,-0.7,0.1,0.00,-0.02,0.00,0.00,0.00,0.00,-0.14,0.59,99,-1,0,-39,-19.0,-0.05,0.182,0.190,10.96,0,28,0,341.2,180.4,358.9,288.8,0.00,0,-0.5,0.2
7.80,climb,328.84,21.16,0.207,1,874.9,1800.1,1017.6,-1434.6,0.40,-0.44,298,288,-1,0.0,0.0,-0.7,0.1,0.00,-0.02,0.00,0.00,0.00,0.00,-0.14,0.57,99,-1,0,-38,-19.2,-0.03,0.207,0.214,10.01,0,28,0,341.2,180.4,358.9,288.8,0.00,0,-0.3,0.2
7.90,climb,329.75,20.25,0.224,1,874.9,1800.1,1017.6,-1434.6,0.40,-0.44,296,288,-1,0.0,0.0,-0.8,0.1,0.00,-0.01,0.00,0.00,0.00,0.00,-0.16,0.57,99,-1,0,-36,-19.2,-0.02,0.224,0.230,9.25,0,28,0,341.2,180.4,358.9,288.8,0.00,0,-0.3,0.2
8.00,climb,330.61,19.39,0.231,1,874.9,1800.0,1017.6,-1434.5,0.37,-0.44,294,280,-1,0.0,0.0,-0.7,0.1,-0.01,-0.00,0.00,0.00,0.00,0.00,-0.16,0.55,99,-1,0,-34,-19.4,-0.00,0.231,0.235,8.71,0,28,0,348.9,180.2,358.8,281.1,0.00,0,0.2,0.5
8.10,climb,331.44,18.56,0.230,1,875.0,1800.0,1017.5,-1434.5,0.35,-0.44,292,280,-1,0.0,0.0,-0.7,0.0,-0.01,-0.00,0.00,0.00,0.00,0.00,-0.16,0.54,99,-1,0,-31,-19.6,0.01,0.230,0.234,8.35,0,28,0,348.9,180.2,358.8,281.1,0.00,0,0.6,0.8
8.20,climb,332.23,17.77,0.228,1,875.0,1799.9,1017.5,-1434.5,0.31,-0.44,290,280,-1,0.0,0.0,-0.6,-0.0,-0.01,0.00,0.00,0.00,0.00,0.00,-0.16,0.53,99,-1,0,-30,-19.6,0.03,0.228,0.232,8.03,0,28,0,348.9,180.2,358.8,281.1,0.00,0,0.6,0.8
8.30,climb,333.00,17.00,0.226,1,875.0,1799.9,1017.5,-1434.4,0.31,-0.44,289,280,-1,0.0,0.0,-0.5,-0.1,-0.01,0.00,0.00,0.00,0.00,0.00,-0.15,0.51,99,-1,0,-28,-19.6,0.04,0.226,0.231,7.71,0,28,0,348.9,180.2,358.8,281.1,0.00,0,0.6,0.8
8.40,climb,333.73,16.27,0.225,1,875.1,1799.8,1017.4,-1434.4,0.29,-0.44,286,272,-1,0.0,0.0,-0.5,-0.2,-0.01,-0.00,0.00,0.00,0.00,0.00,-0.17,0.51,99,-1,0,-26,-19.4,0.05,0.225,0.230,7.40,0,28,0,356.7,179.9,2.4,273.3,0.00,0,0.5,0.9
8.50,climb,334.43,15.57,0.225,1,875.1,1799.8,1017.4,-1434.3,0.29,-0.44,284,272,-1,0.0,0.0,-0.4,-0.2,-0.01,-0.00,0.00,0.00,0.00,0.00,-0.17,0.50,99,-1,0,-24,-19.4,0.07,0.225,0.231,7.08,0,28,0,356.7,179.9,2.4,273.3,0.00,0,0.5,0.9
8.60,climb,335.10,14.90,0.225,1,875.1,1799.8,1017.4,-1434.3,0.29,-0.44,282,272,-1,0.0,0.0,-0.4,-0.3,-0.01,-0.00,0.00,0.00,0.00,0.00,-0.19,0.49,99,-1,0,-22,-19.3,0.08,0.225,0.232,6.77,0,28,0,356.7,179.9,2.4,273.3,0.00,0,0.4,0.9
8.70,climb,335.74,14.26,0.226,1,875.2,1799.7,1017.4,-1434.2,0.26,-0.40,281,272,-1,0.0,0.0,-0.4,-0.4,-0.01,-0.00,0.00,0.00,0.00,0.00,-0.19,0.44,99,-1,0,-20,-18.7,0.09,0.226,0.233,6.47,0,28,0,356.7,179.9,2.4,273.3,0.00,0,0.2,0.7
8.80,climb,336.35,13.65,0.227,1,875.2,1799.7,1017.3,-1434.2,0.24,-0.40,278,265,-1,0.0,0.0,-0.4,-0.4,-0.01,-0.01,0.00,0.00,0.00,0.00,-0.20,0.43,99,-1,0,-18,-18.2,0.10,0.227,0.234,6.16,0,28,0,4.3,179.5,174.0,265.7,0.00,0,0.2,0.4
8.90,climb,336.93,13.07,0.229,1,875.2,1799.7,1017.3,-1434.2,0.24,-0.40,276,265,-1,0.0,0.0,-0.4,-0.5,-0.01,-0.01,0.00,0.00,0.00,0.00,-0.20,0.42,99,-1,0,-16,-18.2,0.11,0.229,0.235,5.86,0,28,0,4.3,179.5,174.0,265.7,0.00,0,0.2,0.4
9.00,cruise,337.48,12.52,0.281,1,875.2,1799.6,1017.3,-1434.1,0.22,-0.31,274,265,-1,4.0,4.0,-0.3,-0.4,-0.06,-0.06,0.00,0.00,0.00,0.00,-0.21,0.37,99,-1,0,-14,-16.7,0.11,0.282,0.318,5.56,0,28,0,4.3,179.5,174.0,265.7,0.00,0,0.4,-0.2
9.10,cruise,338.00,12.00,0.285,1,875.3,1799.6,1017.3,-1434.1,0.20,-0.31,273,265,-1,8.0,8.0,-0.3,-0.4,-0.11,-0.12,0.00,0.00,0.00,0.00,-0.20,0.32,99,-1,0,-0,-15.7,0.20,0.286,0.350,5.26,0,28,0,9.5,179.5,177.2,260.5,0.00,1,1.0,-0.9
9.20,cruise,338.50,11.50,0.283,1,875.3,1799.6,1017.2,-1434.1,0.20,-0.31,271,258,-1,12.0,12.0,-0.2,-0.3,-0.15,-0.15,0.00,0.00,0.00,0.00,-0.19,0.31,99,-1,0,1,-15.7,0.20,0.284,0.368,5.08,0,28,0,11.0,179.7,178.3,259.0,0.00,1,1.0,-0.9
9.30,cruise,339.00,11.00,0.274,1,875.3,1799.5,1017.2,-1434.0,0.18,-0.26,269,258,-1,16.0,16.0,0.1,0.0,-0.16,-0.16,0.00,0.00,0.00,0.00,-0.18,0.26,99,-1,0,3,-14.1,0.19,0.274,0.363,5.03,0,28,0,12.4,180.0,180.2,257.6,0.00,1,2.6,-2.5
9.40,cruise,339.49,10.51,0.265,1,875.3,1799.5,1017.2,-1434.0,0.09,-0.13,267,258,-1,20.0,20.0,0.7,0.6,-0.15,-0.15,0.00,0.00,0.00,0.00,-0.14,0.17,99,-1,0,4,-10.3,0.18,0.265,0.344,4.98,0,28,0,13.6,180.8,183.2,256.4,0.00,1,8.5,-8.2
9.50,cruise,339.96,10.04,0.257,1,875.3,1799.5,1017.2,-1434.0,0.04,-0.09,266,258,-1,24.0,24.0,1.7,1.5,-0.12,-0.11,0.00,0.00,0.00,0.00,-0.10,0.12,99,-1,0,5,-8.3,0.16,0.258,0.318,4.90,0,28,0,14.6,181.9,187.3,255.4,0.00,1,11.8,-11.3
9.60,cruise,340.40,9.60,0.254,1,875.3,1799.5,1017.2,-1434.0,0.02,-0.04,264,254,-1,28.0,28.0,3.0,2.7,-0.08,-0.06,0.00,0.00,0.00,0.00,-0.05,0.08,99,-1,0,6,-6.4,0.14,0.255,0.293,4.75,0,28,0,15.3,183.5,192.5,254.7,0.00,1,14.7,-14.1
9.70,cruise,340.81,9.19,0.258,1,875.3,1799.5,1017.2,-1434.0,0.02,-0.04,262,254,-1,31.5,31.3,4.5,4.1,-0.04,-0.02,0.00,0.00,0.00,0.00,-0.03,0.04,99,-1,0,6,-4.6,0.12,0.258,0.275,4.49,0,28,0,15.8,185.4,198.4,254.2,0.00,1,16.8,-16.3
9.80,cruise,341.19,8.81,0.263,1,875.3,1799.5,1017.2,-1434.0,0.02,-0.04,261,254,-1,31.9,31.6,6.3,5.8,0.02,0.04,0.00,0.00,0.00,0.00,-0.03,0.04,99,-1,0,6,-4.6,0.10,0.263,0.278,4.24,0,28,0,16.1,187.6,204.7,253.9,0.00,1,16.8,-16.3
9.90,cruise,341.54,8.46,0.267,1,875.3,1799.5,1017.2,-1434.0,0.07,-0.09,260,254,-1,32.4,31.8,8.2,7.6,0.07,0.08,0.04,0.00,0.00,0.00,-0.08,0.08,99,-1,0,6,-2.7,0.08,0.267,0.308,4.02,0,28,0,16.1,189.9,211.2,253.9,0.00,1,18.3,-18.2
10.00,cruise,341.87,8.13,0.272,1,875.4,1799.4,1017.2,-1434.0,0.24,-0.35,259,253,-1,32.8,32.0,10.1,9.6,0.10,0.07,0.13,0.00,0.00,0.00,-0.17,0.19,99,-1,0,6,0.8,0.05,0.272,0.319,3.84,0,28,0,15.9,192.4,217.6,254.2,0.00,1,17.5,-19.7
10.10,cruise,342.18,7.82,0.276,1,875.4,1799.4,1017.1,-1433.9,0.24,-0.35,259,253,-1,33.2,32.2,11.9,11.6,0.12,0.04,0.21,0.00,0.00,0.00,-0.31,0.30,99,-1,0,6,0.8,0.03,0.276,0.320,3.68,0,28,0,15.6,194.8,223.5,254.6,0.00,1,17.5,-19.7
10.20,cruise,342.47,7.53,0.282,1,875.4,1799.3,1017.1,-1433.9,0.53,-0.92,258,253,-1,33.7,32.5,13.5,13.6,0.11,0.02,0.29,0.00,0.00,0.00,-0.49,0.53,99,-1,0,5,3.3,0.01,0.282,0.316,3.50,0,28,0,15.0,197.0,228.8,255.2,0.00,1,15.5,-16.7
10.30,cruise,342.74,7.26,0.289,1,875.4,1799.3,1017.1,-1433.8,0.53,-0.92,258,253,-1,34.2,32.7,15.1,15.4,0.08,-0.01,0.37,0.00,0.00,0.00,-0.71,0.79,99,-1,0,4,3.3,-0.01,0.289,0.313,3.30,0,28,0,14.3,199.0,233.4,256.0,0.00,1,15.5,-16.7
10.40,cruise,342.99,7.01,0.299,1,875.5,1799.2,1017.0,-1433.7,0.70,-1.23,258,256,-1,34.6,32.9,16.5,16.9,0.04,-0.02,0.43,0.00,0.00,0.00,-0.94,1.06,99,-1,0,4,4.3,-0.03,0.299,0.318,3.09,0,28,0,13.5,200.6,237.4,256.8,0.00,1,14.8,-14.2
10.50,cruise,343.23,6.77,0.308,1,875.6,1799.0,1016.9,-1433.5,0.88,-1.63,259,256,-1,35.1,33.0,17.9,18.3,0.01,-0.03,0.50,0.00,0.00,0.00,-1.18,1.42,99,-1,0,3,5.0,-0.04,0.308,0.321,2.89,0,28,0,12.5,202.0,241.1,257.8,0.00,1,14.5,-11.7
10.60,cruise,343.46,6.54,0.314,1,875.8,1798.6,1016.8,-1433.3,1.30,-2.50,259,256,-1,35.6,33.2,19.3,19.6,-0.01,-0.04,0.55,0.00,0.00,0.00,-1.44,1.83,99,-1,0,2,5.2,-0.05,0.314,0.328,2.75,0,28,0,11.5,203.2,244.5,258.8,0.00,1,14.2,-8.7
10.70,cruise,343.68,6.32,0.320,1,875.8,1798.6,1016.7,-1433.1,1.30,-2.50,260,256,-1,36.1,33.3,20.7,20.8,-0.01,-0.04,0.60,0.00,0.00,0.00,-1.72,2.24,99,-1,0,1,5.2,-0.06,0.320,0.337,2.64,0,28,0,10.5,204.2,247.6,259.9,0.00,1,14.2,-8.7
10.80,cruise,343.89,6.11,0.327,1,876.0,1798.3,1016.5,-1432.8,1.54,-2.94,261,260,-1,36.6,33.5,22.0,21.9,-0.02,-0.04,0.66,0.00,0.00,0.00,-1.98,2.67,99,-1,0,-0,5.0,-0.06,0.327,0.345,2.51,0,28,0,9.4,205.1,250.6,260.9,0.00,1,14.2,-7.9
10.90,cruise,344.09,5.91,0.334,1,876.3,1797.6,1016.4,-1432.5,2.11,-3.91,262,260,-1,37.1,33.6,23.4,23.1,-0.01,-0.02,0.71,0.00,0.00,0.00,-2.27,3.15,99,-1,0,-2,3.9,-0.07,0.334,0.343,2.41,0,28,0,8.3,206.1,253.3,261.9,0.00,1,15.3,-8.1
11.00,cruise,344.27,5.73,0.341,1,876.6,1797.2,1016.2,-1432.1,2.44,-4.44,264,260,-1,37.6,33.7,25.0,24.3,0.01,0.00,0.77,0.00,0.00,0.00,-2.54,3.65,99,-1,0,-3,3.2,-0.07,0.341,0.344,2.33,0,28,0,7.2,207.0,256.0,263.0,0.00,1,16.4,-8.3
11.10,cruise,344.45,5.55,0.348,1,876.9,1796.7,1015.9,-1431.7,2.83,-5.01,265,260,-1,38.2,33.7,26.7,25.6,0.02,0.03,0.83,0.00,0.00,0.00,-2.83,4.20,99,-1,0,-4,2.5,-0.06,0.348,0.367,2.27,0,28,0,6.1,208.0,258.6,264.0,0.00,1,17.2,-8.3
11.20,cruise,344.63,5.37,0.353,1,877.2,1796.1,1015.6,-1431.2,3.27,-5.63,267,264,-1,38.8,33.7,28.5,26.8,0.04,0.05,0.89,0.00,0.00,0.00,-3.11,4.84,99,-1,0,-5,2.0,-0.06,0.353,0.382,2.27,0,28,0,5.0,209.0,261.0,265.1,0.00,1,16.8,-7.8
11.30,cruise,344.81,5.19,0.358,1,877.2,1796.1,1015.3,-1430.6,3.27,-5.63,269,264,-1,39.4,33.8,30.3,28.1,0.04,0.05,0.94,0.00,0.00,0.00,-3.40,5.55,99,-1,0,-6,2.0,-0.06,0.358,0.388,2.28,0,28,0,3.9,209.8,263.2,266.2,0.00,1,16.8,-7.8
11.40,cruise,344.99,5.01,0.366,1,877.9,1794.8,1015.0,-1430.0,4.22,-6.86,271,264,-1,40.0,33.8,32.0,29.2,0.03,0.04,1.00,0.00,0.00,0.00,-3.68,6.27,99,-1,0,-7,0.3,-0.06,0.366,0.393,2.22,0,28,0,3.0,210.5,265.0,267.1,0.00,1,14.8,-5.8
11.50,cruise,345.16,4.84,0.376,1,878.4,1794.1,1014.6,-1429.3,4.77,-7.56,272,264,-1,40.7,33.8,33.5,30.1,0.01,0.04,1.00,0.00,0.00,0.00,-3.94,7.02,99,-1,0,-8,-0.8,-0.06,0.377,0.397,2.13,0,28,0,2.1,211.1,266.5,267.9,0.00,1,13.8,-4.9
11.60,cruise,345.33,4.67,0.387,1,878.9,1793.3,1014.1,-1428.6,5.34,-8.22,274,268,-1,41.3,33.9,35.1,30.9,0.00,0.04,1.00,0.00,0.00,0.00,-4.16,7.91,99,-1,0,-8,-2.1,-0.05,0.387,0.404,2.04,0,28,0,1.4,211.6,267.7,268.6,0.00,1,13.0,-4.2
11.70,cruise,345.49,4.51,0.397,1,878.9,1793.3,1013.6,-1427.8,5.34,-8.22,277,268,-1,41.9,33.9,36.6,31.6,-0.01,0.04,1.00,0.00,0.00,0.00,-4.37,8.77,99,-1,0,-9,-2.1,-0.04,0.397,0.416,1.95,0,28,0,0.8,212.1,268.7,269.2,0.00,1,13.0,-4.2
11.80,cruise,345.65,4.35,0.406,1,879.5,1792.4,1013.0,-1426.9,5.95,-8.96,278,268,-1,42.6,33.9,37.9,32.1,-0.02,0.03,1.00,0.00,0.00,0.00,-4.57,9.74,99,-1,0,-9,-3.4,-0.02,0.406,0.426,1.88,0,28,0,0.5,212.4,269.2,269.5,0.00,1,11.5,-3.6
11.90,cruise,345.81,4.19,0.411,1,880.9,1790.4,1012.4,-1426.0,7.34,-10.50,280,268,-1,43.2,34.0,39.1,32.5,-0.04,0.01,1.00,0.00,0.00,0.00,-4.81,10.73,99,-1,0,-9,-5.5,-0.01,0.411,0.431,1.85,0,28,0,0.4,212.7,269.3,269.6,0.00,1,7.5,-3.1
12.00,cruise,345.98,4.02,0.415,1,881.7,1789.3,1011.6,-1424.9,8.09,-11.29,282,268,-1,43.8,34.2,40.1,32.7,-0.05,0.00,1.00,0.00,0.00,0.00,-5.02,11.79,99,-1,0,-9,-6.4,0.00,0.415,0.434,1.83,0,28,0,0.5,213.1,269.2,269.4,0.00,1,5.9,-3.5
12.10,cruise,346.15,3.85,0.418,1,881.7,1789.3,1010.8,-1423.8,8.09,-11.29,283,268,-1,44.4,34.4,41.0,32.9,-0.05,-0.01,1.00,0.00,0.00,0.00,-5.25,12.86,99,-1,0,-9,-6.4,0.02,0.418,0.443,1.82,0,28,0,0.9,213.4,268.7,269.1,0.00,1,5.9,-3.5
12.20,cruise,346.31,3.69,0.423,1,883.4,1786.9,1010.0,-1422.6,9.51,-12.83,285,268,-1,45.0,34.5,42.0,33.2,-0.05,-0.01,1.00,0.00,0.00,0.00,-5.42,13.93,99,-1,0,-8,-7.7,0.03,0.423,0.445,1.79,0,28,0,1.3,214.0,268.1,268.7,0.00,1,4.7,-6.2
12.30,cruise,346.47,3.53,0.429,1,883.4,1786.9,1009.1,-1421.4,9.51,-12.83,286,268,-1,45.6,34.7,42.9,33.5,-0.03,0.00,1.00,0.00,0.00,0.00,-5.60,14.96,99,-1,0,-8,-7.7,0.04,0.429,0.444,1.75,0,28,0,1.7,214.7,267.5,268.2,0.00,1,4.7,-6.2
12.40,cruise,346.62,3.38,0.434,1,885.5,1784.1,1008.0,-1420.0,11.03,-14.41,287,267,-1,46.3,34.8,43.9,34.0,-0.02,0.01,1.00,0.00,0.00,0.00,-5.82,16.03,99,-1,0,-7,-8.0,0.05,0.434,0.447,1.75,0,28,0,2.3,215.5,266.8,267.6,0.00,1,4.2,-8.7
12.50,cruise,346.77,3.23,0.439,1,886.7,1782.6,1007.0,-1418.6,11.80,-15.25,288,267,-1,46.9,35.0,44.9,34.5,-0.01,0.01,1.00,0.00,0.00,0.00,-6.02,17.12,99,-1,0,-7,-7.7,0.05,0.439,0.450,1.76,0,28,0,2.8,216.4,266.2,267.1,0.00,1,3.9,-9.7
12.60,cruise,346.92,3.08,0.446,1,886.7,1782.6,1005.8,-1417.1,11.80,-15.25,289,267,-1,47.5,35.2,45.9,35.2,-0.00,0.01,1.00,0.00,0.00,0.00,-6.18,18.26,99,-1,0,-6,-7.7,0.05,0.446,0.453,1.75,0,28,0,3.3,217.4,265.7,266.6,0.00,1,3.9,-9.7
12.70,cruise,347.07,2.93,0.456,1,887.9,1781.0,1004.6,-1415.5,12.55,-16.13,290,267,-1,48.1,35.4,46.9,35.9,0.01,0.02,1.00,0.00,0.00,0.00,-6.26,19.45,99,-1,0,-6,-7.2,0.05,0.456,0.467,1.72,0,28,0,3.8,218.5,265.2,266.1,0.00,1,3.6,-10.5
12.80,cruise,347.20,2.80,0.468,1,890.6,1777.6,1003.3,-1413.8,14.00,-17.93,291,265,-1,48.7,35.6,47.8,36.7,0.01,0.02,1.00,0.00,0.00,0.00,-6.35,20.62,99,-1,0,-5,-6.6,0.05,0.468,0.483,1.66,0,28,0,4.3,219.6,264.8,265.6,0.00,1,2.8,-10.9
12.90,cruise,347.34,2.66,0.479,1,892.1,1775.7,1001.9,-1412.1,14.74,-18.94,292,265,-1,49.2,35.8,48.7,37.5,0.01,0.01,1.00,0.00,0.00,0.00,-6.37,21.84,99,-1,0,-5,-6.3,0.05,0.479,0.492,1.60,0,28,0,4.8,220.8,264.5,265.1,0.00,1,1.6,-10.7
13.00,cruise,347.47,2.53,0.489,1,892.1,1775.7,1000.4,-1410.2,14.74,-18.94,293,265,-1,49.8,36.1,49.4,38.2,0.01,-0.00,1.00,0.00,0.00,0.00,-6.34,23.15,99,-1,0,-4,-6.3,0.05,0.489,0.496,1.56,0,28,0,5.4,221.9,264.0,264.5,0.00,1,1.6,-10.7
13.10,cruise,347.61,2.39,0.496,1,895.2,1771.6,998.9,-1408.2,16.33,-21.18,293,265,-1,50.4,36.4,50.1,38.8,0.01,-0.01,1.00,0.00,0.00,0.00,-6.27,24.57,99,-1,0,-4,-5.6,0.05,0.496,0.508,1.56,0,28,0,6.0,223.0,263.5,263.9,0.00,1,-0.0,-10.7
13.20,cruise,347.74,2.26,0.502,1,896.9,1769.4,997.3,-1406.1,17.07,-22.37,294,262,-1,51.0,36.8,50.7,39.5,0.01,-0.01,1.00,0.00,0.00,0.00,-6.24,26.00,99,-1,0,-3,-5.4,0.05,0.502,0.516,1.58,0,28,0,6.7,224.1,263.1,263.4,0.00,1,-0.4,-10.6
13.30,cruise,347.88,2.12,0.510,1,896.9,1769.4,995.6,-1403.9,17.07,-22.37,295,262,-1,51.6,37.3,51.2,40.1,0.01,-0.02,1.00,0.00,0.00,0.00,-6.11,27.47,99,-1,0,-2,-5.4,0.05,0.510,0.526,1.58,0,28,0,7.4,225.1,262.6,262.8,0.00,1,-0.4,-10.6
13.40,cruise,348.02,1.98,0.540,1,898.7,1767.1,993.8,-1401.6,17.80,-23.55,296,262,-1,52.2,37.7,51.8,40.8,0.01,-0.02,1.00,0.00,0.00,0.00,-5.91,28.92,99,-1,0,-2,-5.2,0.05,0.540,0.558,1.57,0,28,0,8.1,226.2,262.2,262.1,0.00,1,-0.7,-10.5
13.50,cruise,348.16,1.84,0.570,1,902.4,1762.1,992.0,-1399.2,19.20,-26.06,296,262,-1,52.8,38.2,52.3,41.4,0.01,-0.02,1.00,0.00,0.00,0.00,-5.63,30.41,99,-1,0,-1,-4.4,0.05,0.570,0.590,1.55,0,28,0,8.9,227.3,261.8,261.6,0.00,1,-0.5,-9.8
13.60,cruise,348.30,1.70,0.600,1,902.4,1762.1,990.1,-1396.6,19.20,-26.06,297,259,-1,53.5,38.6,52.8,42.0,0.01,-0.02,1.00,0.00,0.00,0.00,-5.42,31.91,99,-1,0,-1,-4.4,0.05,0.600,0.620,1.58,0,28,0,9.5,228.3,261.5,261.1,0.00,1,-0.5,-9.8
13.70,cruise,348.45,1.55,0.600,1,906.4,1756.5,988.1,-1393.9,20.68,-28.96,297,259,-1,54.1,39.2,53.4,42.7,0.02,-0.02,1.00,0.00,0.00,0.00,-5.10,33.55,99,-1,0,-0,-2.7,0.04,0.600,0.623,1.68,0,28,0,10.0,229.2,261.4,260.8,0.00,1,1.3,-9.2
13.80,cruise,348.61,1.39,0.600,1,908.6,1753.5,986.1,-1391.0,21.42,-30.54,298,259,-1,54.8,39.7,54.0,43.6,0.03,-0.01,1.00,0.00,0.00,0.00,-4.66,35.28,99,-1,0,-0,-1.6,0.03,0.600,0.623,1.81,0,28,0,10.2,230.2,261.5,260.7,0.00,1,3.2,-9.0
13.90,cruise,348.78,1.22,0.600,1,910.8,1750.3,983.9,-1388.0,22.13,-32.12,299,259,-1,55.6,40.3,54.9,44.6,0.04,-0.00,1.00,0.00,0.00,0.00,-4.06,37.08,99,-1,0,-1,-0.5,0.02,0.600,0.623,1.97,0,28,0,10.1,231.1,261.8,260.9,0.00,1,4.3,-8.2
14.00,cruise,348.96,1.04,0.600,1,913.0,1747.0,981.7,-1384.8,22.83,-33.71,300,259,-1,56.3,40.9,55.7,45.7,0.04,-0.00,1.00,0.00,0.00,0.00,-3.31,38.87,99,-1,0,-1,0.7,-0.00,0.600,0.626,2.09,0,28,0,9.8,231.9,262.3,261.3,0.00,1,4.6,-6.4
14.10,cruise,349.15,0.85,0.600,1,915.4,1743.5,979.5,-1381.5,23.53,-35.33,301,259,-1,57.1,41.5,56.4,46.7,0.04,-0.01,1.00,0.00,0.00,0.00,-2.45,40.64,99,-1,0,-2,1.7,-0.02,0.600,0.629,2.16,0,28,0,9.2,232.5,262.9,261.9,0.00,1,4.6,-4.2
14.20,cruise,349.35,0.65,0.600,1,917.8,1739.9,977.1,-1378.0,24.21,-36.96,302,259,-1,57.8,42.3,57.0,47.5,0.03,-0.02,1.00,0.00,0.00,0.00,-1.48,42.43,99,-1,0,-2,2.3,-0.04,0.600,0.632,2.19,0,28,0,8.5,232.9,263.6,262.6,0.00,1,4.5,-1.6
14.30,cruise,349.55,0.45,0.600,1,917.8,1739.9,974.7,-1374.4,24.21,-36.96,303,259,-1,58.6,43.1,57.4,48.1,0.02,-0.04,1.00,0.00,0.00,0.00,-0.45,44.18,99,-1,0,-3,2.3,-0.05,0.600,0.634,2.19,0,28,0,7.7,233.0,264.2,263.3,0.00,1,4.5,-1.6
14.40,cruise,349.76,0.24,0.600,1,922.8,1732.1,972.3,-1370.5,25.58,-40.17,304,262,-1,59.4,43.8,57.7,48.5,0.00,-0.05,1.00,0.00,0.00,0.00,0.73,45.88,99,-1,0,-4,1.1,-0.05,0.600,0.632,2.17,0,28,0,6.9,232.9,264.7,263.9,0.00,1,5.3,2.8
14.50,cruise,349.97,0.03,0.600,1,925.4,1727.9,969.7,-1366.6,26.26,-41.70,305,262,-1,60.2,44.5,58.1,48.7,-0.00,-0.05,1.00,0.00,0.00,0.00,1.90,47.58,99,-1,0,-4,-0.3,-0.04,0.600,0.631,2.15,0,28,0,6.1,232.6,265.3,264.6,0.00,1,6.8,3.8
14.60,cruise,350.18,-0.18,0.500,1,925.4,1727.9,967.1,-1362.4,26.26,-41.70,306,262,-1,61.0,45.1,58.6,48.8,-0.01,-0.05,1.00,0.00,0.00,0.00,3.01,49.19,99,-1,0,-5,-0.3,-0.03,0.500,0.528,2.13,0,28,0,5.2,232.2,266.0,265.3,0.00,1,6.8,3.8
14.70,cruise,350.38,-0.38,0.450,1,930.8,1719.2,964.4,-1358.1,27.66,-44.60,307,262,-1,61.8,45.5,59.3,48.9,-0.01,-0.03,1.00,0.00,0.00,0.00,4.05,50.82,99,-1,0,-6,-2.7,-0.02,0.450,0.472,2.11,0,28,0,4.2,231.8,266.7,266.2,0.00,1,9.8,4.9
14.80,cruise,350.56,-0.56,0.447,1,933.6,1714.7,961.7,-1353.7,28.21,-45.66,308,266,-1,62.6,45.8,60.2,49.1,-0.02,-0.02,1.00,0.00,0.00,0.00,5.27,52.22,99,-1,0,-7,-3.4,-0.01,0.447,0.464,1.99,0,28,0,3.1,231.3,267.5,267.0,0.00,1,10.9,4.8
14.90,cruise,350.71,-0.71,0.453,1,936.5,1710.0,958.9,-1349.2,28.74,-46.63,309,266,-1,63.3,45.8,61.2,49.3,-0.01,-0.00,1.00,0.00,0.00,0.00,6.38,53.29,99,-1,0,-8,-4.1,-0.01,0.453,0.459,1.72,0,28,0,2.1,230.9,268.3,268.0,0.00,1,11.7,4.6
15.00,cruise,350.83,-0.83,0.464,1,936.5,1710.0,956.0,-1344.5,28.74,-46.63,309,266,-1,63.9,45.6,62.2,49.6,-0.00,0.01,1.00,0.00,0.00,0.00,7.44,54.26,99,-1,0,-9,-4.1,-0.01,0.464,0.470,1.36,0,28,0,1.1,230.4,269.1,268.9,0.00,1,11.7,4.6
15.10,cruise,350.90,-0.90,0.479,1,942.4,1700.5,953.1,-1339.8,29.90,-48.43,310,266,-1,64.4,45.3,63.3,49.9,-0.00,0.02,1.00,0.00,0.00,0.00,8.43,55.17,99,-1,0,-10,-4.8,-0.01,0.479,0.488,0.97,0,28,0,0.1,230.0,269.9,269.9,0.00,1,11.8,4.4
15.20,cruise,350.93,-0.93,0.496,1,945.4,1695.6,950.1,-1335.0,30.59,-49.39,311,270,-1,65.0,45.0,64.4,50.3,0.00,0.02,1.00,0.00,0.00,0.00,9.58,56.11,99,-1,0,-10,-5.0,-0.02,0.496,0.507,0.57,0,28,0,359.2,229.6,270.7,270.9,0.00,1,11.3,4.1
15.30,cruise,350.93,-0.93,0.513,1,945.4,1695.6,947.1,-1330.1,30.59,-49.39,312,270,-1,65.4,44.6,65.4,50.6,0.00,0.02,1.00,0.00,0.00,0.00,10.68,57.11,99,-1,0,-11,-5.0,-0.02,0.513,0.528,0.20,0,28,0,358.4,229.1,271.4,271.8,0.00,1,11.3,4.1
15.40,cruise,350.89,-0.89,0.531,1,948.5,1690.5,944.0,-1325.0,31.38,-50.45,313,270,-1,65.9,44.3,66.5,51.0,0.00,0.03,1.00,0.00,0.00,0.00,11.74,58.24,99,-1,0,-12,-5.1,-0.03,0.531,0.549,-0.15,0,28,0,357.6,228.7,272.1,272.7,0.00,1,11.2,4.1
15.50,cruise,350.82,-0.82,0.552,1,955.0,1680.2,940.8,-1319.9,33.07,-52.60,314,270,-1,66.1,43.5,67.5,51.3,0.01,0.03,1.00,0.00,0.00,0.00,12.77,59.38,99,-1,0,-13,-5.3,-0.03,0.552,0.575,-0.52,0,28,0,356.9,228.3,272.7,273.7,0.00,1,10.0,4.0
15.60,cruise,350.71,-0.71,0.575,1,955.0,1680.2,937.5,-1314.7,33.07,-52.60,315,273,-1,66.1,42.4,68.3,51.5,0.01,0.03,1.00,0.00,0.00,0.00,13.85,60.57,99,-1,0,-14,-5.3,-0.03,0.575,0.596,-0.90,0,28,0,356.5,227.8,273.2,274.4,0.00,1,10.0,4.0
15.70,cruise,350.56,-0.56,0.599,1,958.4,1674.9,934.1,-1309.4,34.01,-53.70,316,273,-1,66.1,41.3,69.0,51.5,0.00,0.02,1.00,0.00,0.00,0.00,14.80,61.82,99,-1,0,-15,-5.8,-0.03,0.599,0.613,-1.27,0,28,0,356.2,227.3,273.5,274.9,0.00,1,8.4,4.3
15.80,cruise,350.39,-0.39,0.625,1,965.5,1663.8,930.6,-1303.9,36.17,-56.07,316,273,-1,66.0,40.2,69.6,51.2,-0.00,0.02,1.00,0.00,0.00,0.00,15.63,63.22,99,-1,0,-15,-7.4,-0.03,0.625,0.641,-1.65,0,28,0,356.2,226.8,273.6,275.1,0.00,1,5.3,4.5
15.90,cruise,350.19,-0.19,0.652,1,969.2,1658.1,927.0,-1298.3,37.38,-57.35,317,273,-1,65.9,39.0,70.0,50.6,-0.01,0.01,1.00,0.00,0.00,0.00,16.23,64.72,99,-1,0,-14,-8.3,-0.01,0.652,0.667,-2.01,0,28,0,356.5,226.4,273.3,274.9,0.00,1,3.5,4.5
16.00,cruise,349.96,0.04,0.679,1,969.2,1658.1,923.3,-1292.6,37.38,-57.35,317,272,-1,65.7,37.9,70.3,49.6,-0.02,0.01,1.00,0.00,0.00,0.00,16.59,66.41,99,-1,0,-14,-8.3,0.00,0.679,0.694,-2.34,0,28,0,357.0,225.9,272.9,274.3,0.00,1,3.5,4.5
16.10,cruise,349.70,0.30,0.706,1,977.0,1646.3,919.5,-1286.8,39.95,-60.03,317,272,-1,65.5,36.8,70.5,48.4,-0.02,0.00,1.00,0.00,0.00,0.00,16.71,68.22,99,-1,0,-13,-9.2,0.01,0.706,0.722,-2.63,0,28,0,357.7,225.4,272.3,273.4,0.00,1,1.5,4.3
16.20,cruise,349.42,0.58,0.732,1,981.1,1640.2,915.5,-1280.8,41.37,-61.48,317,272,-1,65.3,35.7,70.6,47.0,-0.02,0.00,1.00,0.00,0.00,0.00,16.57,70.18,99,-1,0,-12,-9.4,0.03,0.732,0.749,-2.89,0,28,0,358.5,225.0,271.5,272.3,0.00,1,0.6,4.1
16.30,cruise,349.13,0.87,0.756,1,985.3,1633.9,911.4,-1274.7,42.87,-62.97,317,272,-1,65.1,34.7,70.6,45.4,-0.03,-0.00,1.00,0.00,0.00,0.00,16.13,72.33,99,-1,0,-11,-9.5,0.04,0.756,0.776,-3.09,0,28,0,359.4,224.5,270.6,270.9,0.00,1,0.0,3.5
16.40,cruise,348.82,1.18,0.780,1,985.3,1633.9,907.2,-1268.4,42.87,-62.97,316,269,-1,64.8,33.8,70.6,43.6,-0.03,0.00,1.00,0.00,0.00,0.00,15.22,74.64,99,-1,0,-9,-9.5,0.05,0.780,0.800,-3.26,0,28,0,0.4,224.2,269.6,269.4,0.00,1,0.0,3.5
16.50,cruise,348.50,1.50,0.800,1,989.7,1627.5,902.8,-1262.0,44.43,-64.56,315,269,-1,64.5,33.0,70.6,41.9,-0.03,0.00,1.00,0.00,0.00,0.00,14.07,77.09,99,-1,0,-7,-9.4,0.06,0.800,0.822,-3.36,0,28,0,1.4,223.9,268.6,267.7,0.00,1,-0.5,2.9
16.60,cruise,348.18,1.82,0.800,1,999.0,1614.2,898.2,-1255.5,47.77,-67.72,314,269,-1,64.2,32.4,70.4,40.1,-0.03,-0.00,1.00,0.00,0.00,0.00,12.61,79.61,99,-1,0,-6,-7.6,0.07,0.800,0.822,-3.42,0,28,0,2.3,223.8,267.5,266.0,0.00,1,-1.9,0.3
16.70,cruise,347.85,2.15,0.800,1,999.0,1614.2,893.5,-1248.7,47.77,-67.72,313,269,-1,63.9,31.9,70.3,38.6,-0.02,0.00,1.00,0.00,0.00,0.00,10.92,82.15,99,-1,0,-4,-7.6,0.06,0.800,0.820,-3.44,0,28,0,3.3,223.8,266.6,264.3,0.00,1,-1.9,0.3
16.80,cruise,347.52,2.48,0.800,1,1003.9,1607.3,888.6,-1241.8,49.48,-69.35,312,265,-1,63.5,31.6,70.2,37.5,-0.02,0.00,1.00,0.00,0.00,0.00,8.90,84.72,99,-1,0,-2,-6.5,0.06,0.800,0.819,-3.44,0,28,0,4.1,224.1,265.7,262.8,0.00,1,-2.4,-2.0
16.90,cruise,347.19,2.81,0.800,1,1014.2,1593.1,883.5,-1234.8,52.80,-72.55,310,265,-1,63.2,31.3,70.1,36.8,-0.01,0.01,1.00,0.00,0.00,0.00,6.90,87.18,99,-1,0,-1,-3.5,0.05,0.800,0.817,-3.43,0,28,0,4.9,224.6,265.0,261.5,0.00,1,-3.1,-6.7
17.00,cruise,346.85,3.15,0.800,1,1014.2,1593.1,878.3,-1227.6,52.80,-72.55,309,265,-1,62.8,31.1,70.0,36.6,-0.01,0.01,1.00,0.00,0.00,0.00,5.06,89.59,99,-1,0,-0,-3.5,0.04,0.800,0.815,-3.41,0,28,0,5.6,225.3,264.4,260.4,0.00,1,-3.1,-6.7
17.10,cruise,346.35,3.65,0.800,1,1019.6,1585.7,872.9,-1220.2,54.40,-74.14,308,265,-1,62.3,30.8,69.8,36.7,-0.00,0.01,1.00,0.00,0.00,0.00,3.43,91.89,99,-1,0,1,-2.2,0.03,0.800,0.814,-3.38,0,28,0,6.3,226.3,264.0,259.5,0.00,1,-3.5,-9.1
17.20,cruise,346.18,3.82,0.800,1,1030.9,1570.4,867.3,-1212.6,57.39,-77.48,308,262,-1,62.1,31.0,69.6,36.9,-0.00,0.01,1.00,0.00,0.00,0.00,1.89,94.18,99,-1,0,2,-0.8,0.03,0.800,0.808,-3.35,0,28,0,7.0,227.3,263.5,258.6,0.00,1,-5.9,-10.6
17.30,cruise,345.86,4.14,0.800,1,1036.7,1562.6,861.6,-1204.9,58.75,-79.19,307,262,-1,61.7,31.1,69.3,37.1,-0.00,0.00,1.00,0.00,0.00,0.00,0.52,96.42,99,-1,0,3,-0.5,0.03,0.800,0.801,-3.32,0,28,0,7.9,228.3,262.9,257.6,0.00,1,-7.4,-10.8
17.40,cruise,345.54,4.46,0.800,1,1036.7,1562.6,855.8,-1197.1,58.75,-79.19,306,262,-1,61.3,31.3,68.8,37.1,-0.00,-0.01,1.00,0.00,0.00,0.00,-0.62,98.60,99,-1,0,4,-0.5,0.03,0.800,0.810,-3.27,0,28,0,9.0,229.4,262.2,256.4,0.00,1,-7.4,-10.8
17.50,cruise,345.23,4.77,0.800,1,1042.7,1554.5,849.8,-1189.0,60.07,-80.90,306,262,-1,60.9,31.6,68.2,37.2,-0.00,-0.01,1.00,0.00,0.00,0.00,-1.64,100.75,99,-1,0,5,-0.4,0.04,0.800,0.810,-3.21,0,28,0,10.3,230.5,261.5,255.2,0.00,1,-8.3,-11.4
17.60,cruise,344.93,5.07,0.800,1,1055.0,1537.9,843.7,-1180.8,62.40,-84.46,305,257,-1,60.5,31.7,67.8,37.4,0.00,-0.01,1.00,0.00,0.00,0.00,-2.83,102.85,99,-1,0,6,-0.4,0.05,0.800,0.806,-3.12,0,28,0,11.5,231.6,260.8,254.1,0.00,1,-7.3,-11.7
17.70,cruise,344.63,5.37,0.800,1,1055.0,1537.9,837.5,-1172.4,62.40,-84.46,304,257,-1,60.2,31.8,67.4,37.6,0.00,0.00,1.00,0.00,0.00,0.00,-3.79,104.95,99,-1,0,7,-0.4,0.06,0.800,0.804,-3.00,0,28,0,12.7,232.7,260.2,253.1,0.00,1,-7.3,-11.7
17.80,cruise,344.35,5.65,0.800,1,1067.8,1520.6,831.2,-1163.8,64.47,-88.07,304,257,-1,59.9,31.8,67.1,38.0,0.01,0.01,1.00,0.00,0.00,0.00,-4.52,107.02,99,-1,0,8,-0.4,0.06,0.800,0.812,-2.88,0,28,0,13.9,233.8,259.7,252.2,0.00,1,-6.2,-10.8
17.90,cruise,344.08,5.92,0.800,1,1067.8,1520.6,824.7,-1155.1,64.47,-88.07,304,257,-1,59.5,31.8,66.7,38.3,0.01,0.01,1.00,0.00,0.00,0.00,-5.00,109.03,99,-1,0,9,-0.4,0.07,0.800,0.811,-2.74,0,28,0,15.1,234.8,259.2,251.3,0.00,1,-6.2,-10.8
18.00,cruise,343.83,6.17,0.800,1,1080.9,1502.5,818.2,-1146.1,66.23,-91.76,303,252,-1,59.2,31.9,66.3,38.4,0.00,-0.00,1.00,0.00,0.00,0.00,-5.98,111.01,99,-1,0,10,-0.6,0.08,0.800,0.805,-2.58,0,28,0,16.6,235.8,258.6,250.3,0.00,1,-8.7,-9.9
18.10,cruise,343.61,6.39,0.800,1,1080.9,1502.5,811.6,-1137.0,66.23,-91.76,302,252,-1,58.9,32.1,65.7,38.3,0.00,-0.01,1.00,0.00,0.00,0.00,-6.87,112.95,99,-1,0,11,-0.6,0.09,0.800,0.811,-2.42,0,28,0,18.3,236.7,257.7,249.0,0.00,1,-8.7,-9.9
18.20,cruise,343.40,6.60,0.800,1,1087.6,1493.2,804.9,-1127.7,67.02,-93.60,302,252,-1,58.7,32.3,65.0,38.0,-0.00,-0.02,1.00,0.00,0.00,0.00,-7.76,114.86,99,-1,0,13,-0.7,0.10,0.800,0.818,-2.22,0,28,0,20.1,237.4,256.9,247.7,0.00,1,-9.5,-9.0
18.30,cruise,343.22,6.78,0.800,1,1101.1,1474.0,798.2,-1118.2,68.33,-97.29,301,252,-1,58.4,32.4,64.4,37.9,-0.00,-0.02,1.00,0.00,0.00,0.00,-8.54,116.69,99,-1,0,14,0.2,0.10,0.801,0.814,-2.00,0,28,0,21.8,238.2,256.1,246.6,0.00,1,-7.6,-8.2
18.40,cruise,343.06,6.94,0.800,1,1108.0,1464.1,791.4,-1108.5,68.86,-99.10,300,246,-1,58.2,32.5,63.9,38.1,0.01,-0.01,1.00,0.00,0.00,0.00,-10.27,118.45,99,-1,0,15,2.0,0.10,0.800,0.812,-1.72,0,28,0,23.2,238.9,255.5,245.8,0.00,1,-5.8,-8.5
18.50,cruise,342.92,7.08,0.800,1,1108.0,1464.1,784.5,-1098.6,68.86,-99.10,299,246,-1,58.1,32.4,63.6,38.7,0.02,0.00,1.00,0.00,0.00,0.00,-11.50,120.12,99,-1,0,15,2.0,0.08,0.800,0.819,-1.41,0,28,0,24.2,239.7,255.2,245.6,0.00,1,-5.8,-8.5
18.60,cruise,342.81,7.19,0.800,1,1121.9,1443.8,777.6,-1088.6,69.79,-102.83,299,246,-1,57.9,32.4,63.4,39.8,0.03,0.01,1.00,0.00,0.00,0.00,-12.17,121.92,99,-1,0,14,7.5,0.04,0.800,0.835,-1.08,0,28,0,24.7,240.3,255.3,246.0,0.00,1,-3.0,-6.6
18.70,cruise,342.73,7.27,0.800,1,1121.9,1443.8,770.6,-1078.3,69.79,-102.83,299,246,-1,57.8,32.5,63.2,41.1,0.04,0.01,1.00,0.00,0.00,0.00,-12.23,123.67,99,-1,0,14,7.5,0.01,0.800,0.841,-0.75,0,28,0,24.7,240.7,255.5,246.7,0.00,1,-3.0,-6.6
18.80,cruise,342.67,7.33,0.800,1,1128.9,1433.4,763.6,-1067.9,70.18,-104.72,298,245,-1,57.8,32.6,62.8,42.3,0.05,0.00,1.00,0.00,0.00,0.00,-12.05,125.49,99,-1,0,13,9.8,-0.03,0.800,0.840,-0.46,0,28,0,24.4,240.9,255.8,247.8,0.00,1,-2.7,-4.4
18.90,cruise,342.65,7.35,0.800,1,1135.9,1422.8,756.6,-1057.3,70.49,-106.57,298,245,-1,57.7,32.8,62.4,43.4,0.05,-0.01,1.00,0.00,0.00,0.00,-11.50,127.25,99,-1,0,11,11.7,-0.06,0.800,0.845,-0.19,0,28,0,23.6,240.7,256.2,249.0,0.00,1,-2.6,-1.9
19.00,cruise,342.66,7.34,0.800,1,1150.1,1401.0,749.5,-1046.5,71.10,-110.26,298,245,-1,57.7,33.1,61.7,44.2,0.04,-0.02,1.00,0.00,0.00,0.00,-10.82,129.03,99,-1,0,10,13.4,-0.08,0.800,0.854,0.07,0,28,0,22.6,240.2,256.6,250.3,0.00,1,-2.9,4.8
19.10,cruise,342.70,7.30,0.800,1,1157.2,1389.9,742.4,-1035.5,71.37,-112.06,298,245,-1,57.7,33.4,60.9,44.6,0.04,-0.04,1.00,0.00,0.00,0.00,-10.22,130.80,99,-1,0,9,13.0,-0.10,0.800,0.861,0.34,0,28,0,21.4,239.4,257.0,251.5,0.00,1,-3.0,8.0
19.20,cruise,342.78,7.22,0.800,1,1157.2,1389.9,735.3,-1024.4,71.37,-112.06,299,249,-1,57.7,33.6,59.9,44.6,0.03,-0.05,1.00,0.00,0.00,0.00,-8.93,132.56,99,-1,0,8,13.0,-0.10,0.801,0.864,0.63,0,28,0,20.0,238.3,257.3,252.6,0.00,1,-3.0,8.0
19.30,cruise,342.90,7.10,0.800,1,1164.4,1378.5,728.1,-1013.0,71.72,-113.82,299,249,-1,57.9,33.6,59.0,44.4,0.02,-0.05,1.00,0.00,0.00,0.00,-8.15,134.28,99,-1,0,7,11.5,-0.09,0.800,0.859,0.97,0,28,0,18.6,237.0,257.7,253.7,0.00,1,-2.0,10.4
19.40,cruise,343.06,6.94,0.800,1,1178.8,1355.3,720.9,-1001.5,72.42,-117.16,299,249,-1,58.1,33.5,58.3,43.9,0.01,-0.05,1.00,0.00,0.00,0.00,-7.78,135.89,99,-1,0,6,6.9,-0.07,0.800,0.851,1.36,0,28,0,17.1,235.6,258.1,254.7,0.00,1,1.8,13.8
19.50,cruise,343.27,6.73,0.800,1,1186.1,1343.5,713.7,-989.8,72.86,-118.74,298,249,-1,58.4,33.2,57.8,43.2,0.00,-0.04,1.00,0.00,0.00,0.00,-7.89,137.51,99,-1,0,5,4.1,-0.05,0.800,0.838,1.78,0,28,0,15.7,234.1,258.5,255.6,0.00,1,3.9,15.4
19.60,cruise,343.53,6.47,0.800,1,1186.1,1343.5,706.4,-978.0,72.86,-118.74,299,255,-1,58.7,32.9,57.5,42.2,-0.01,-0.03,1.00,0.00,0.00,0.00,-7.12,139.13,99,-1,0,4,4.1,-0.02,0.800,0.832,2.22,0,28,0,14.3,232.5,259.0,256.5,0.00,1,3.9,15.4
19.70,cruise,343.83,6.17,0.800,1,1193.4,1331.5,699.1,-966.0,73.39,-120.28,299,255,-1,59.2,32.5,57.4,41.1,-0.01,-0.02,1.00,0.00,0.00,0.00,-6.94,140.73,99,-1,0,3,1.2,0.01,0.800,0.828,2.69,0,28,0,12.9,230.9,259.4,257.2,0.00,1,6.0,16.8
19.80,cruise,344.18,5.82,0.800,1,1208.3,1307.1,691.7,-953.9,74.71,-123.09,298,255,-1,59.6,31.9,57.6,39.8,-0.02,-0.01,1.00,0.00,0.00,0.00,-7.30,142.27,99,-1,0,3,-3.4,0.03,0.800,0.820,3.18,0,28,0,11.7,229.2,259.9,257.9,0.00,1,10.2,18.1
19.90,cruise,344.58,5.42,0.800,1,1208.3,1307.1,684.2,-941.6,74.71,-123.09,298,255,-1,60.2,31.2,58.1,38.4,-0.02,0.01,1.00,0.00,0.00,0.00,-8.12,143.76,99,-1,0,2,-3.4,0.05,0.800,0.824,3.68,0,28,0,10.5,227.5,260.3,258.4,0.00,1,10.2,18.1
20.00,cruise,345.02,4.98,0.786,1,1223.4,1282.2,676.7,-929.2,76.46,-125.64,298,259,-1,60.8,30.6,58.7,37.0,-0.02,0.02,1.00,0.00,0.00,0.00,-8.38,145.31,99,-1,0,1,-5.7,0.07,0.787,0.819,4.16,0,28,0,9.6,225.9,260.7,258.9,0.00,1,11.1,16.6
20.10,cruise,345.50,4.50,0.747,1,1231.2,1269.5,669.1,-916.7,77.52,-126.74,298,259,-1,61.4,30.0,59.4,35.7,-0.02,0.02,1.00,0.00,0.00,0.00,-9.14,146.79,99,-1,0,1,-5.6,0.08,0.747,0.783,4.62,0,28,0,8.8,224.4,261.0,259.2,0.00,1,10.5,15.1
20.20,cruise,346.02,3.98,0.707,1,1239.0,1256.8,661.3,-904.0,78.57,-127.71,297,259,-1,62.0,29.7,60.1,34.4,-0.02,0.02,1.00,0.00,0.00,0.00,-10.36,148.20,99,-1,0,1,-4.3,0.07,0.707,0.740,5.04,0,28,0,8.2,223.1,261.3,259.5,0.00,1,9.1,13.5
20.30,cruise,346.57,3.43,0.669,1,1246.9,1243.9,653.5,-891.3,79.63,-128.54,297,259,-1,62.6,29.6,60.7,33.3,-0.02,0.02,1.00,0.00,0.00,0.00,-11.85,149.47,99,-1,0,1,-2.5,0.06,0.669,0.693,5.37,0,28,0,7.6,221.9,261.5,259.8,0.00,1,7.3,11.8
20.40,cruise,347.14,2.86,0.635,1,1246.9,1243.9,645.6,-878.4,79.63,-128.54,297,262,-1,63.2,29.8,61.1,32.5,-0.01,0.00,1.00,0.00,0.00,0.00,-13.05,150.64,98,-1,0,0,-2.5,0.03,0.635,0.645,5.60,0,28,0,7.1,220.8,261.8,260.1,0.00,1,7.3,11.8
20.50,cruise,347.72,2.28,0.604,1,1263.1,1218.1,637.5,-865.5,81.61,-129.73,297,262,-1,63.8,30.3,61.3,32.0,-0.01,-0.02,1.00,0.00,0.00,0.00,-14.38,151.62,98,-1,0,-0,1.5,0.00,0.604,0.620,5.75,0,28,0,6.6,219.9,262.1,260.6,0.00,1,3.8,8.7
20.60,cruise,348.31,1.69,0.576,1,1271.3,1205.1,629.4,-852.6,82.44,-130.08,296,262,-1,64.4,30.9,61.4,31.6,-0.01,-0.04,1.00,0.00,0.00,0.00,-15.73,152.45,98,-1,0,-1,2.7,-0.02,0.576,0.600,5.80,0,28,0,6.0,219.0,262.6,261.3,0.00,1,3.5,8.2
20.70,cruise,348.88,1.12,0.553,1,1271.3,1205.1,621.2,-839.6,82.44,-130.08,296,262,-1,65.0,31.6,61.5,31.5,-0.00,-0.04,1.00,0.00,0.00,0.00,-16.97,153.06,98,-1,0,-2,2.7,-0.04,0.553,0.577,5.78,0,28,0,5.4,218.2,263.1,262.1,0.00,1,3.5,8.2
20.80,cruise,349.45,0.55,0.532,1,1288.0,1179.0,612.9,-826.5,83.89,-130.52,296,264,-1,65.6,32.4,61.6,31.5,-0.00,-0.05,1.00,0.00,0.00,0.00,-17.65,153.62,98,-1,0,-3,3.1,-0.06,0.532,0.560,5.70,0,28,0,4.8,217.5,263.8,262.9,0.00,1,4.0,7.6
20.90,cruise,350.00,0.00,0.513,1,1288.0,1179.0,604.5,-813.5,83.89,-130.52,296,264,-1,66.2,33.1,61.8,31.5,-0.00,-0.05,1.00,0.00,0.00,0.00,-18.28,154.07,98,-1,0,-3,3.1,-0.06,0.514,0.539,5.57,0,28,0,4.1,216.7,264.5,263.8,0.00,1,4.0,7.6
21.00,cruise,350.53,-0.53,0.497,1,1304.9,1152.9,596.1,-800.4,85.17,-130.69,296,264,-1,66.7,33.6,62.2,31.5,-0.00,-0.04,1.00,0.00,0.00,0.00,-18.79,154.42,98,-1,0,-4,1.9,-0.06,0.497,0.515,5.41,0,28,0,3.4,216.0,265.3,264.8,0.00,1,7.0,7.5
21.10,brake,351.04,-1.04,0.481,1,1304.9,1152.9,0.0,0.0,85.17,-130.69,296,264,-1,60.7,27.6,62.7,31.7,0.03,0.07,1.00,0.00,0.00,0.00,-19.23,154.80,98,-1,0,-5,1.9,-0.06,0.481,0.520,5.24,0,28,0,2.7,215.2,266.2,265.8,0.00,1,7.0,7.5
21.20,brake,351.52,-1.52,0.467,1,1322.1,1126.7,0.0,0.0,86.35,-130.65,296,267,-1,54.7,21.6,63.3,31.7,0.06,0.18,1.00,0.00,0.00,0.00,-19.11,155.22,98,-1,0,-6,0.1,-0.06,0.468,0.562,5.04,0,28,0,2.0,214.5,267.1,266.8,0.00,1,7.7,7.5
21.30,brake,351.98,-1.98,0.459,1,1322.1,1126.7,0.0,0.0,86.35,-130.65,296,267,-1,48.7,15.6,63.8,31.6,0.08,0.27,1.00,0.00,0.00,0.00,-19.03,155.45,98,-1,0,-7,0.1,-0.05,0.459,0.600,4.75,0,28,0,1.5,213.8,267.8,267.5,0.00,1,7.7,7.5
21.40,brake,352.41,-2.41,0.456,1,1339.5,1100.6,0.0,0.0,87.45,-130.39,297,267,-1,42.7,9.6,64.0,30.9,0.10,0.32,1.00,0.00,0.00,0.00,-19.29,155.60,98,-1,0,-7,-1.7,-0.04,0.456,0.622,4.37,0,28,0,1.3,212.9,268.0,267.8,0.00,1,-0.5,10.5
21.50,brake,352.82,-2.82,0.458,1,1348.3,1087.6,0.0,0.0,88.02,-130.21,296,267,-1,36.7,3.6,63.6,29.3,0.10,0.31,1.00,0.00,0.00,0.00,-20.31,155.68,98,-1,0,-7,-2.7,-0.03,0.458,0.623,3.91,0,28,0,1.6,211.8,267.4,267.2,0.00,1,-9.0,13.0
21.60,brake,353.20,-3.20,0.464,1,1348.3,1087.6,0.0,0.0,88.02,-130.21,296,266,-1,30.7,-2.4,62.2,26.6,0.10,0.24,1.00,0.00,0.00,0.00,-22.59,155.54,98,-1,0,-5,-2.7,-0.00,0.464,0.601,3.39,0,28,0,2.6,210.4,265.6,265.6,0.00,1,-9.0,13.0
21.70,brake,353.57,-3.57,0.550,1,1357.2,1074.6,0.0,0.0,88.64,-130.08,295,266,-1,24.7,-8.4,59.6,22.8,0.09,0.14,1.00,0.00,0.00,0.00,-26.30,155.19,98,-1,0,-3,-3.5,0.02,0.550,0.641,2.87,0,28,0,4.1,208.5,262.4,263.2,0.00,1,-19.4,16.4
21.80,brake,353.93,-3.93,0.550,1,1375.1,1048.6,0.0,0.0,90.00,-129.68,293,266,-1,18.7,-14.4,56.1,18.4,0.09,0.02,1.00,0.00,0.00,0.00,-31.46,154.40,98,-1,0,-0,-2.9,0.04,0.550,0.593,2.39,0,28,0,6.1,206.2,257.8,260.6,0.00,1,-39.4,24.5
21.90,brake,354.29,-4.29,0.550,1,1375.1,1048.6,0.0,0.0,90.00,-129.68,291,266,-1,12.7,-20.4,51.6,14.0,0.10,-0.10,1.00,0.00,0.00,0.00,-37.89,153.24,98,-1,0,2,-2.9,0.05,0.550,0.630,2.09,0,28,0,8.1,203.2,251.7,258.2,0.00,1,-39.4,24.5
22.00,brake,354.66,-4.66,0.550,1,1393.2,1022.7,0.0,0.0,91.45,-129.20,288,259,-1,6.7,-26.4,46.6,10.0,0.13,-0.19,1.00,0.00,0.00,0.00,-47.03,150.98,98,-1,0,4,1.4,0.04,0.550,0.677,2.04,0,28,0,9.8,199.7,244.3,256.6,0.00,1,-49.3,31.7
22.10,brake,355.27,-5.27,0.550,1,1402.4,1009.9,0.0,0.0,91.98,-128.80,284,259,-1,0.7,-32.0,41.4,6.2,0.17,-0.22,1.00,0.00,0.00,0.00,-56.31,147.94,98,-1,0,4,4.8,0.01,0.550,0.706,2.25,0,28,0,10.9,195.6,235.4,256.0,0.00,1,-48.2,35.8
22.20,brake,355.49,-5.49,0.550,1,1411.7,997.0,0.0,0.0,92.33,-128.23,281,259,-1,-5.3,-32.4,36.5,2.7,0.13,-0.18,0.89,0.00,0.00,0.00,-65.21,144.21,98,-1,0,4,8.2,-0.03,0.550,0.672,2.72,0,28,0,11.2,191.0,224.3,256.2,0.00,1,-43.3,40.8
22.30,brake,355.97,-5.97,0.550,1,1411.7,997.0,0.0,0.0,92.33,-128.23,278,259,-1,-11.3,-33.5,32.3,-1.0,0.06,-0.08,0.74,0.00,0.00,0.00,-73.49,139.88,98,-1,0,3,8.2,-0.08,0.550,0.604,3.33,0,28,0,10.8,185.9,208.5,257.2,0.00,1,-43.3,40.8
22.40,brake,356.52,-6.52,0.550,1,1420.9,984.2,0.0,0.0,92.50,-127.49,275,259,-1,-17.3,-34.9,28.9,-4.9,-0.03,0.06,0.64,0.00,0.00,0.00,-81.01,135.08,98,-1,0,2,11.2,-0.12,0.551,0.587,4.07,0,28,0,9.8,180.5,183.0,258.8,0.00,1,-36.8,46.3
22.50,brake,357.13,-7.13,0.550,1,1439.4,959.0,0.0,0.0,92.72,-125.35,272,259,-1,-23.3,-36.5,26.4,-9.2,-0.13,0.20,0.59,0.00,0.00,0.00,-87.85,129.91,98,-1,0,-0,13.8,-0.16,0.551,0.681,4.95,0,28,0,8.4,174.9,148.7,260.7,0.00,1,-27.4,52.9
22.60,brake,357.81,-7.81,0.550,1,1448.7,946.6,0.0,0.0,92.77,-123.90,269,259,-1,-29.3,-38.1,24.3,-13.6,-0.19,0.30,0.57,0.00,0.00,0.00,-93.98,124.41,98,-1,0,-2,13.5,-0.18,0.551,0.750,5.84,0,28,0,6.7,169.3,121.8,262.8,0.00,1,-28.5,52.0
22.70,brake,358.56,-8.56,0.550,1,1448.7,946.6,0.0,0.0,92.77,-123.90,267,259,-1,-35.3,-39.5,22.2,-17.9,-0.22,0.34,0.58,0.00,0.00,0.00,-99.36,118.68,98,-1,0,-5,13.5,-0.19,0.551,0.775,6.66,0,28,0,4.8,163.9,106.2,265.0,0.00,1,-28.5,52.0
22.80,brake,359.38,-9.38,0.550,1,1458.0,934.3,0.0,0.0,92.86,-122.23,266,267,-1,-33.8,-40.7,19.5,-21.7,-0.19,0.24,0.60,0.00,0.00,0.00,-101.82,114.87,98,-1,0,-7,12.4,-0.20,0.551,0.723,7.40,0,28,0,2.5,159.1,96.4,267.6,0.00,1,-34.3,47.9
22.90,brake,360.25,-10.25,0.550,1,1467.3,922.2,0.0,0.0,92.94,-120.32,265,267,-1,-32.4,-41.5,15.7,-24.8,-0.13,0.08,0.61,0.00,0.00,0.00,-103.69,111.19,98,-1,0,-10,10.8,-0.20,0.551,0.636,8.03,0,28,0,359.5,155.1,88.9,270.5,0.00,1,-44.0,41.3
23.00,brake,361.16,-11.16,0.550,1,1485.8,898.7,0.0,0.0,92.59,-116.04,264,267,-1,-31.5,-42.0,10.7,-27.3,-0.07,-0.09,0.63,0.00,0.00,0.00,-104.60,108.02,98,-1,0,-13,6.6,-0.20,0.551,0.614,8.60,0,28,0,355.7,152.1,82.0,273.8,0.00,1,-63.4,25.9
23.10,brake,362.12,-12.12,0.550,1,1485.8,898.7,0.0,0.0,92.59,-116.04,264,267,-1,-30.9,-42.3,4.7,-29.3,-0.02,-0.23,0.65,0.00,0.00,0.00,-104.25,105.69,98,-1,0,-17,6.6,-0.20,0.551,0.649,9.17,0,28,0,351.4,150.2,75.3,277.5,0.00,1,-63.4,25.9
23.20,brake,363.12,-13.12,0.550,1,1495.1,887.3,0.0,0.0,92.02,-113.77,267,282,-1,-30.7,-42.4,-2.0,-31.0,0.00,-0.32,0.70,0.00,0.00,0.00,-97.60,109.02,98,-1,0,-21,3.6,-0.19,0.551,0.678,9.79,0,28,0,347.1,149.3,68.9,281.1,0.00,1,-67.9,19.4
23.30,brake,364.16,-14.16,0.550,1,1504.2,876.0,0.0,0.0,91.01,-111.51,270,282,-1,-30.9,-42.3,-8.8,-32.7,-0.00,-0.36,0.78,0.00,0.00,0.00,-90.16,112.20,98,-1,0,-24,0.1,-0.17,0.551,0.694,10.44,0,28,0,343.3,149.3,63.2,284.6,0.00,1,-67.6,14.7
23.40,brake,365.24,-15.24,0.550,1,1522.0,854.3,0.0,0.0,87.98,-107.27,274,282,-1,-31.2,-42.1,-15.2,-34.3,-0.02,-0.34,0.88,0.00,0.00,0.00,-82.08,115.13,98,-1,0,-27,-7.8,-0.14,0.551,0.694,11.06,0,28,0,340.4,149.6,58.7,287.5,0.00,1,-52.2,10.3
23.50,brake,366.36,-16.36,0.550,1,1530.7,843.7,0.0,0.0,86.00,-105.29,277,282,-1,-31.9,-41.8,-20.9,-35.9,-0.02,-0.30,0.98,0.00,0.00,0.00,-73.58,117.62,98,-1,0,-29,-11.9,-0.11,0.550,0.675,11.61,0,28,0,338.6,150.2,55.6,289.7,0.00,1,-40.5,9.3
23.60,brake,367.53,-17.53,0.450,1,1530.7,843.7,0.0,0.0,86.00,-105.29,282,291,-1,-32.7,-41.3,-25.7,-37.2,0.00,-0.23,1.00,0.00,0.00,0.00,-62.47,120.75,98,-1,0,-31,-11.9,-0.07,0.450,0.544,12.06,0,28,0,337.9,150.6,54.2,291.0,0.00,1,-40.5,9.3
23.70,brake,368.72,-18.72,0.380,1,1539.1,833.3,0.0,0.0,83.94,-103.38,286,291,-1,-33.7,-40.7,-29.4,-38.1,0.05,-0.15,1.00,0.00,0.00,0.00,-52.05,122.57,98,-1,0,-31,-15.7,-0.03,0.380,0.458,12.37,0,28,0,338.1,150.9,54.3,291.2,0.00,1,-28.0,8.3
23.80,brake,369.93,-19.93,0.380,1,1555.4,813.1,0.0,0.0,80.07,-100.02,290,291,-1,-34.8,-40.0,-32.2,-38.5,0.09,-0.07,1.00,0.00,0.00,0.00,-42.61,123.35,98,-1,0,-30,-20.1,0.01,0.380,0.444,12.47,0,28,0,339.2,150.9,55.7,290.5,0.00,1,-8.3,7.5
23.90,brake,371.13,-21.13,0.380,1,1555.4,813.1,0.0,0.0,80.07,-100.02,293,291,-1,-35.9,-39.1,-34.3,-38.7,0.12,-0.01,1.00,0.00,0.00,0.00,-34.49,123.39,98,-1,0,-29,-20.1,0.04,0.380,0.429,12.31,0,28,0,340.8,150.6,58.2,289.2,0.00,1,-8.3,7.5
24.00,brake,372.30,-22.30,0.380,1,1571.0,793.4,0.0,0.0,76.82,-97.01,295,286,-1,-37.0,-38.1,-36.0,-38.8,0.12,0.03,1.00,0.00,0.00,0.00,-28.66,122.62,98,-1,0,-27,-21.9,0.06,0.380,0.438,12.03,0,28,0,342.7,150.0,61.6,287.5,0.00,1,0.9,11.0
24.10,brake,373.44,-23.44,0.380,1,1578.6,783.9,0.0,0.0,75.23,-95.47,297,286,-1,-38.1,-37.1,-37.4,-38.9,0.10,0.05,1.00,0.00,0.00,0.00,-23.56,121.48,98,-1,0,-25,-22.3,0.09,0.380,0.438,11.77,0,28,0,344.8,149.1,65.5,285.4,0.00,1,2.6,14.2
24.20,brake,374.57,-24.57,0.380,1,1586.0,774.4,0.0,0.0,73.74,-93.93,299,286,-1,-39.1,-36.0,-38.8,-39.2,0.06,0.04,1.00,0.00,0.00,0.00,-19.12,120.04,98,-1,0,-23,-22.0,0.11,0.380,0.420,11.56,0,28,0,346.9,147.8,69.8,283.1,0.00,1,2.5,17.2
24.30,brake,375.67,-25.67,0.380,1,1586.0,774.4,0.0,0.0,73.74,-93.93,301,286,-1,-40.0,-34.8,-40.4,-39.9,0.01,0.02,1.00,0.00,0.00,0.00,-15.18,118.45,98,-1,0,-21,-22.0,0.12,0.380,0.392,11.34,0,28,0,349.0,146.2,73.8,281.0,0.00,1,2.5,17.2
24.40,brake,376.75,-26.75,0.380,1,1600.4,756.0,0.0,0.0,70.88,-90.75,302,278,-1,-40.8,-33.5,-42.1,-40.7,-0.04,-0.00,1.00,0.00,0.00,0.00,-13.23,116.55,98,-1,0,-19,-20.1,0.13,0.380,0.397,11.11,0,28,0,351.0,144.3,77.5,278.9,0.00,1,1.1,21.1
24.50,brake,377.79,-27.79,0.380,1,1607.4,747.1,0.0,0.0,69.52,-89.12,302,278,-1,-41.4,-32.4,-43.9,-41.8,-0.07,-0.02,1.00,0.00,0.00,0.00,-11.19,114.60,98,-1,0,-17,-18.5,0.12,0.380,0.418,10.85,0,28,0,352.8,142.3,80.7,277.0,0.00,1,0.7,21.7
24.60,brake,378.80,-28.80,0.380,1,1607.4,747.1,0.0,0.0,69.52,-89.12,303,278,-1,-41.8,-31.3,-45.6,-42.9,-0.10,-0.04,1.00,0.00,0.00,0.00,-9.03,112.67,98,-1,0,-15,-18.5,0.12,0.380,0.437,10.54,0,28,0,354.5,140.3,83.4,275.3,0.00,1,0.7,21.7
24.70,brake,379.79,-29.79,0.380,1,1620.9,729.7,0.0,0.0,66.80,-85.58,304,278,-1,-42.1,-30.3,-47.3,-44.1,-0.12,-0.04,1.00,0.00,0.00,0.00,-6.80,110.59,98,-1,0,-13,-14.5,0.10,0.380,0.446,10.23,0,28,0,356.0,138.3,85.5,273.8,0.00,1,0.9,19.1
24.80,brake,380.74,-30.74,0.380,1,1627.5,721.3,0.0,0.0,65.48,-83.78,305,272,-1,-42.5,-29.4,-48.7,-45.1,-0.12,-0.03,1.00,0.00,0.00,0.00,-5.71,108.41,98,-1,0,-12,-12.7,0.09,0.380,0.440,9.90,0,28,0,357.4,136.5,87.2,272.4,0.00,1,1.8,16.2
24.90,brake,381.66,-31.66,0.380,1,1627.5,721.3,0.0,0.0,65.48,-83.78,306,272,-1,-42.8,-28.5,-49.8,-45.8,-0.11,-0.01,1.00,0.00,0.00,0.00,-4.51,106.24,98,-1,0,-11,-12.7,0.08,0.380,0.427,9.50,0,28,0,358.8,134.9,88.8,271.1,0.00,1,1.8,16.2
25.00,brake,382.54,-32.54,0.380,1,1634.0,713.0,0.0,0.0,64.20,-81.96,306,272,-1,-43.1,-27.8,-50.5,-46.2,-0.09,0.02,1.00,0.00,0.00,0.00,-3.39,104.06,98,-1,0,-10,-11.0,0.07,0.380,0.423,9.08,0,28,0,0.1,133.7,90.1,269.9,0.00,1,2.8,12.8
25.10,brake,383.38,-33.38,0.380,1,1646.5,697.1,0.0,0.0,61.79,-78.22,307,272,-1,-43.3,-27.1,-50.9,-46.2,-0.07,0.05,1.00,0.00,0.00,0.00,-2.49,101.87,98,-1,0,-8,-7.8,0.05,0.380,0.428,8.63,0,28,0,1.5,132.9,91.4,268.7,0.00,1,4.5,5.9
25.20,brake,384.19,-34.19,0.380,1,1646.5,697.1,0.0,0.0,61.79,-78.22,307,266,-1,-43.5,-26.4,-51.0,-46.0,-0.05,0.08,1.00,0.00,0.00,0.00,-2.67,99.65,98,-1,0,-7,-7.8,0.04,0.380,0.433,8.21,0,28,0,2.7,132.4,92.5,267.6,0.00,1,4.5,5.9
25.30,brake,384.95,-34.95,0.380,1,1658.6,681.9,0.0,0.0,59.55,-74.62,307,266,-1,-43.7,-25.9,-51.0,-45.7,-0.04,0.09,1.00,0.00,0.00,0.00,-2.94,97.50,98,-1,0,-6,-5.0,0.03,0.380,0.434,7.77,0,28,0,3.7,132.2,93.4,266.7,0.00,1,2.3,-0.1
25.40,brake,385.67,-35.67,0.380,1,1664.4,674.6,0.0,0.0,58.49,-72.86,307,266,-1,-43.9,-25.5,-51.0,-45.2,-0.04,0.09,1.00,0.00,0.00,0.00,-3.33,95.41,98,-1,0,-6,-4.1,0.02,0.380,0.432,7.32,0,28,0,4.4,132.2,94.0,266.1,0.00,1,0.3,-2.8
25.50,brake,386.35,-36.35,0.380,1,1664.4,674.6,0.0,0.0,58.49,-72.86,306,266,-1,-44.1,-25.2,-51.0,-44.6,-0.03,0.09,1.00,0.00,0.00,0.00,-3.83,93.36,98,-1,0,-5,-4.1,0.01,0.380,0.427,6.90,0,28,0,4.7,132.6,94.3,265.8,0.00,1,0.3,-2.8
25.60,brake,386.99,-36.99,0.380,1,1675.9,660.4,0.0,0.0,56.34,-69.35,306,264,-1,-44.2,-24.9,-51.2,-44.1,-0.03,0.06,1.00,0.00,0.00,0.00,-4.65,91.29,98,-1,0,-5,-2.4,0.00,0.380,0.419,6.51,0,28,0,4.6,133.1,94.3,265.8,0.00,1,-5.6,-6.8
25.70,brake,387.58,-37.58,0.380,1,1675.9,660.4,0.0,0.0,56.34,-69.35,306,264,-1,-44.2,-24.8,-51.6,-43.6,-0.04,0.03,1.00,0.00,0.00,0.00,-5.38,89.18,98,-1,0,-6,-2.4,-0.01,0.380,0.410,6.16,0,28,0,4.1,133.8,93.9,266.2,0.00,1,-5.6,-6.8
25.80,brake,388.14,-38.14,0.380,1,1681.4,653.6,0.0,0.0,55.24,-67.63,305,264,-1,-44.2,-24.8,-52.1,-43.2,-0.04,0.01,1.00,0.00,0.00,0.00,-6.02,87.12,98,-1,0,-6,-1.7,-0.02,0.380,0.400,5.81,0,28,0,3.3,134.6,93.3,266.8,0.00,1,-8.2,-8.4
25.90,brake,388.66,-38.66,0.380,1,1692.2,640.5,0.0,0.0,53.00,-64.27,305,264,-1,-44.2,-24.8,-52.7,-42.7,-0.04,-0.02,1.00,0.00,0.00,0.00,-6.57,85.07,98,-1,0,-7,-1.6,-0.03,0.380,0.402,5.47,0,28,0,2.3,135.7,92.4,267.7,0.00,1,-11.9,-11.8
26.00,brake,389.14,-39.14,0.380,1,1697.4,634.2,0.0,0.0,51.86,-62.64,305,268,-1,-44.2,-24.9,-53.5,-42.2,-0.03,-0.04,1.00,0.00,0.00,0.00,-6.62,83.04,98,-1,0,-8,-1.9,-0.04,0.380,0.410,5.11,0,28,0,1.3,136.9,91.4,268.7,0.00,1,-12.6,-13.5
26.10,brake,389.58,-39.58,0.380,1,1697.4,634.2,0.0,0.0,51.86,-62.64,305,268,-1,-44.1,-24.9,-54.2,-41.5,-0.02,-0.06,1.00,0.00,0.00,0.00,-6.72,81.04,98,-1,0,-9,-1.9,-0.04,0.380,0.410,4.75,0,28,0,0.3,138.2,90.4,269.6,0.00,1,-12.6,-13.5
26.20,brake,389.99,-39.99,0.380,1,1707.5,622.1,0.0,0.0,49.35,-59.52,305,268,-1,-44.0,-25.0,-54.9,-40.6,0.00,-0.07,1.00,0.00,0.00,0.00,-6.83,79.02,98,-1,0,-10,-3.4,-0.04,0.380,0.408,4.37,0,28,0,359.5,139.8,89.5,270.5,0.00,1,-11.9,-16.2
26.30,brake,390.35,-40.35,0.380,1,1707.5,622.1,0.0,0.0,49.35,-59.52,304,268,-1,-43.9,-25.0,-55.5,-39.5,0.02,-0.08,1.00,0.00,0.00,0.00,-7.01,77.00,98,-1,0,-11,-3.4,-0.03,0.380,0.419,3.98,0,28,0,359.0,141.4,88.7,271.2,0.00,1,-11.9,-16.2
26.40,brake,390.68,-40.68,0.380,1,1712.3,616.3,0.0,0.0,48.03,-58.01,304,270,-1,-43.8,-25.0,-56.0,-38.1,0.04,-0.07,1.00,0.00,0.00,0.00,-7.02,74.98,98,-1,0,-11,-4.1,-0.03,0.380,0.426,3.61,0,28,0,358.6,143.2,88.2,271.7,0.00,1,-10.5,-16.9
26.50,brake,390.98,-40.98,0.380,1,1717.0,610.6,0.0,0.0,46.63,-56.54,304,270,-1,-43.6,-24.9,-56.3,-36.6,0.06,-0.07,1.00,0.00,0.00,0.00,-7.15,72.93,98,-1,0,-11,-4.6,-0.03,0.380,0.432,3.24,0,28,0,358.6,144.9,87.9,271.9,0.00,1,-8.5,-17.0
26.60,brake,391.24,-41.24,0.380,1,1726.0,599.6,0.0,0.0,43.86,-53.85,303,270,-1,-43.4,-24.9,-56.5,-34.9,0.08,-0.07,1.00,0.00,0.00,0.00,-7.42,70.93,98,-1,0,-11,-5.8,-0.02,0.380,0.437,2.87,0,28,0,358.7,146.5,88.0,271.7,0.00,1,-4.7,-14.9
26.70,brake,391.46,-41.46,0.380,1,1730.3,594.3,0.0,0.0,42.45,-52.65,303,270,-1,-43.2,-24.8,-56.6,-33.1,0.09,-0.06,1.00,0.00,0.00,0.00,-7.84,69.01,98,-1,0,-11,-6.1,-0.01,0.380,0.440,2.46,0,28,0,359.0,148.0,88.5,271.3,0.00,1,-2.5,-12.9
26.80,brake,391.64,-41.64,0.380,1,1730.3,594.3,0.0,0.0,42.45,-52.65,302,269,-1,-43.0,-24.8,-56.5,-31.3,0.10,-0.05,1.00,0.00,0.00,0.00,-8.37,67.11,98,-1,0,-10,-6.1,0.00,0.380,0.439,2.04,0,28,0,359.5,149.2,89.2,270.6,0.00,1,-2.5,-12.9
26.90,brake,391.79,-41.79,0.380,1,1734.4,589.1,0.0,0.0,41.09,-51.48,301,269,-1,-42.8,-24.7,-56.3,-29.6,0.11,-0.03,1.00,0.00,0.00,0.00,-8.98,65.25,98,-1,0,-9,-6.3,0.01,0.380,0.436,1.64,0,28,0,0.2,150.2,90.3,269.7,0.00,1,-0.2,-10.6
27.00,brake,391.90,-41.90,0.380,1,1742.3,579.1,0.0,0.0,38.28,-49.24,300,269,-1,-42.6,-24.7,-56.0,-27.9,0.11,-0.02,1.00,0.00,0.00,0.00,-9.57,63.40,98,-1,0,-8,-6.2,0.02,0.380,0.431,1.25,0,28,0,1.0,151.0,91.7,268.6,0.00,1,4.0,-5.3
27.10,brake,391.98,-41.98,0.380,1,1742.3,579.1,0.0,0.0,38.28,-49.24,299,269,-1,-42.5,-24.7,-55.5,-26.5,0.11,-0.01,1.00,0.00,0.00,0.00,-10.13,61.54,98,-1,0,-7,-6.2,0.03,0.380,0.425,0.89,0,28,0,1.8,151.4,93.4,267.4,0.00,1,4.0,-5.3
27.20,brake,392.04,-42.04,0.380,1,1749.6,569.5,0.0,0.0,35.46,-47.09,297,266,-1,-42.3,-24.7,-55.0,-25.4,0.10,-0.00,1.00,0.00,0.00,0.00,-10.86,59.68,98,-1,0,-6,-5.8,0.03,0.380,0.419,0.58,0,28,0,2.7,151.5,95.0,266.1,0.00,1,6.1,2.2
27.30,brake,392.07,-42.07,0.280,1,1749.6,569.5,0.0,0.0,35.46,-47.09,296,266,-1,-41.2,-24.0,-54.6,-24.7,0.08,-0.02,1.00,0.00,0.00,0.00,-11.42,57.83,98,-1,0,-4,-5.8,0.04,0.280,0.317,0.32,0,28,0,3.6,151.2,96.6,264.8,0.00,1,6.1,2.2
27.40,brake,392.09,-42.09,0.250,1,1753.0,564.9,0.0,0.0,34.01,-45.99,295,266,-1,-39.8,-23.1,-54.2,-24.4,0.05,-0.04,1.00,0.00,0.00,0.00,-11.73,55.98,98,-1,0,-3,-5.4,0.04,0.250,0.287,0.10,0,28,0,4.6,150.5,98.0,263.6,0.00,1,6.3,5.6
27.50,brake,392.06,-42.06,0.250,1,1759.5,555.9,0.0,0.0,31.90,-44.19,294,266,-1,-38.7,-22.3,-53.8,-24.5,0.02,-0.07,1.00,0.00,0.00,0.00,-12.01,54.41,98,-1,0,-2,-4.8,0.05,0.250,0.286,-0.27,0,28,0,5.5,149.6,99.3,262.5,0.00,1,6.6,10.6
27.60,brake,391.98,-41.98,0.250,1,1759.5,555.9,0.0,0.0,31.90,-44.19,292,263,-1,-37.8,-21.5,-53.5,-24.7,0.00,-0.08,1.00,0.00,0.00,0.00,-12.58,53.03,98,-1,0,-1,-4.8,0.05,0.250,0.283,-0.81,0,28,0,6.4,148.6,100.4,261.4,0.00,1,6.6,10.6
27.70,brake,391.84,-41.84,0.250,1,1765.7,547.3,0.0,0.0,30.06,-42.45,292,263,-1,-36.9,-20.8,-53.0,-25.0,-0.01,-0.08,1.00,0.00,0.00,0.00,-12.94,51.67,98,-1,0,0,-4.0,0.05,0.250,0.287,-1.35,0,28,0,7.4,147.4,101.5,260.2,0.00,1,9.1,12.6
27.80,brake,391.66,-41.66,0.250,1,1768.6,543.1,0.0,0.0,29.18,-41.55,291,263,-1,-36.0,-20.1,-52.4,-25.4,-0.03,-0.07,1.00,0.00,0.00,0.00,-13.12,50.33,98,-1,0,1,-3.8,0.06,0.250,0.289,-1.87,0,28,0,8.5,146.2,102.6,259.0,0.00,1,10.7,13.0
27.90,brake,391.44,-41.44,0.250,1,1768.6,543.1,0.0,0.0,29.18,-41.55,290,263,-1,-35.1,-19.3,-51.7,-25.8,-0.04,-0.06,1.00,0.00,0.00,0.00,-13.20,49.03,98,-1,0,3,-3.8,0.06,0.250,0.289,-2.39,0,28,0,9.8,145.0,103.8,257.8,0.00,1,10.7,13.0
28.00,brake,391.16,-41.16,0.250,1,1771.5,539.1,0.0,0.0,28.30,-40.63,289,258,-1,-34.2,-18.6,-50.8,-26.1,-0.05,-0.04,1.00,0.00,0.00,0.00,-13.60,47.61,98,-1,0,4,-3.7,0.07,0.250,0.286,-2.90,0,28,0,11.2,143.8,105.1,256.4,0.00,1,12.4,13.2
28.10,brake,390.84,-40.84,0.250,1,1774.3,535.1,0.0,0.0,27.51,-39.70,288,258,-1,-33.4,-17.8,-49.7,-26.3,-0.06,-0.03,1.00,0.00,0.00,0.00,-13.93,46.25,98,-1,0,5,-3.6,0.08,0.250,0.284,-3.42,0,28,0,12.8,142.7,106.5,255.1,0.00,1,13.9,12.8
28.20,brake,390.46,-40.46,0.250,1,1777.0,531.2,0.0,0.0,26.76,-38.78,287,258,-1,-32.6,-17.1,-48.6,-26.5,-0.07,-0.01,1.00,0.00,0.00,0.00,-14.20,44.93,98,-1,0,7,-3.3,0.09,0.250,0.280,-3.94,0,28,0,14.4,141.7,108.0,253.7,0.00,1,15.0,12.0
28.30,brake,390.04,-40.04,0.250,1,1782.1,523.6,0.0,0.0,25.40,-36.94,286,258,-1,-31.9,-16.3,-47.3,-26.6,-0.07,0.01,1.00,0.00,0.00,0.00,-14.43,43.66,98,-1,0,8,-2.4,0.09,0.250,0.283,-4.45,0,28,0,16.1,140.9,109.5,252.3,0.00,1,16.7,9.7
28.40,brake,389.57,-39.57,0.250,1,1782.1,523.6,0.0,0.0,25.40,-36.94,285,251,-1,-31.1,-15.6,-45.9,-26.6,-0.08,0.02,1.00,0.00,0.00,0.00,-15.26,42.15,98,-1,0,9,-2.4,0.09,0.250,0.292,-4.92,0,28,0,17.8,140.2,111.1,251.0,0.00,1,16.7,9.7
28.50,brake,389.06,-39.06,0.250,1,1784.6,520.0,0.0,0.0,24.74,-35.97,283,251,-1,-30.4,-14.9,-44.4,-26.6,-0.08,0.04,1.00,0.00,0.00,0.00,-15.96,40.64,98,-1,0,11,-1.8,0.10,0.250,0.298,-5.35,0,28,0,19.4,139.8,112.7,249.8,0.00,1,16.9,7.8
28.60,brake,388.51,-38.51,0.250,1,1787.1,516.5,0.0,0.0,24.13,-35.00,282,251,-1,-29.6,-14.2,-42.9,-26.4,-0.08,0.05,1.00,0.00,0.00,0.00,-16.58,39.14,98,-1,0,12,-1.1,0.10,0.250,0.304,-5.75,0,28,0,20.9,139.6,114.2,248.7,0.00,1,16.9,5.7
28.70,brake,387.92,-37.92,0.250,1,1791.7,509.7,0.0,0.0,23.07,-33.13,280,251,-1,-28.9,-13.6,-41.3,-26.0,-0.08,0.06,1.00,0.00,0.00,0.00,-17.16,37.67,98,-1,0,13,0.5,0.09,0.250,0.308,-6.13,0,28,0,22.2,139.7,115.7,247.7,0.00,1,15.6,1.0
28.80,brake,387.29,-37.29,0.250,1,1794.0,506.5,0.0,0.0,22.59,-32.29,278,246,-1,-28.2,-13.0,-39.8,-25.6,-0.08,0.06,1.00,0.00,0.00,0.00,-18.24,36.02,98,-1,0,13,1.4,0.09,0.250,0.308,-6.54,0,28,0,23.3,140.1,117.2,247.0,0.00,1,13.9,-1.3
28.90,brake,386.61,-36.61,0.250,1,1796.2,503.3,0.0,0.0,22.15,-31.45,276,246,-1,-27.6,-12.6,-38.3,-25.1,-0.08,0.06,1.00,0.00,0.00,0.00,-19.13,34.45,98,-1,0,14,2.4,0.08,0.250,0.305,-6.98,0,28,0,24.0,140.6,118.5,246.4,0.00,1,12.4,-3.6
29.00,brake,385.88,-35.88,0.250,1,1796.2,503.3,0.0,0.0,22.15,-31.45,274,246,-1,-26.9,-12.2,-37.0,-24.5,-0.07,0.05,1.00,0.00,0.00,0.00,-19.90,32.92,98,-1,0,14,2.4,0.07,0.250,0.300,-7.41,0,28,0,24.4,141.4,119.6,246.1,0.00,1,12.4,-3.6
29.10,brake,385.11,-35.11,0.250,1,1800.6,497.2,0.0,0.0,21.31,-29.83,272,246,-1,-26.3,-11.8,-35.7,-23.8,-0.06,0.05,1.00,0.00,0.00,0.00,-20.58,31.44,98,-1,0,14,4.4,0.06,0.250,0.293,-7.81,0,28,0,24.5,142.4,120.7,246.0,0.00,1,9.3,-7.9
29.20,brake,384.30,-34.30,0.250,1,1800.6,497.2,0.0,0.0,21.31,-29.83,270,245,-1,-25.7,-11.5,-34.5,-23.0,-0.05,0.04,0.96,0.00,0.00,0.00,-21.18,29.93,98,-1,0,14,4.4,0.05,0.250,0.287,-8.18,0,28,0,24.4,143.6,121.6,246.1,0.00,1,9.3,-7.9
29.30,brake,383.46,-33.46,0.250,1,1804.7,491.5,0.0,0.0,20.48,-28.23,268,245,-1,-25.0,-11.3,-33.4,-22.2,-0.03,0.04,0.92,0.00,0.00,0.00,-21.68,28.45,98,-1,0,14,5.9,0.04,0.250,0.280,-8.49,0,28,0,24.0,145.0,122.5,246.3,0.00,1,7.0,-10.9
29.40,brake,382.59,-32.59,0.250,1,1806.7,488.7,0.0,0.0,20.08,-27.48,267,245,-1,-24.4,-11.1,-32.3,-21.2,-0.02,0.03,0.89,0.00,0.00,0.00,-22.02,27.05,98,-1,0,14,6.7,0.02,0.250,0.271,-8.79,0,28,0,23.5,146.4,123.3,246.7,0.00,1,5.9,-12.1
29.50,brake,381.68,-31.68,0.250,1,1806.7,488.7,0.0,0.0,20.08,-27.48,265,245,-1,-23.7,-10.9,-31.3,-20.3,-0.01,0.02,0.85,0.00,0.00,0.00,-22.29,25.72,98,-1,0,13,6.7,0.01,0.250,0.262,-9.08,0,28,0,22.8,148.0,124.0,247.2,0.00,1,5.9,-12.1
29.60,brake,380.75,-30.75,0.250,1,1810.7,483.4,0.0,0.0,19.25,-26.08,264,247,-1,-23.0,-10.9,-30.5,-19.2,0.01,0.01,0.81,0.00,0.00,0.00,-22.26,24.62,98,-1,0,13,8.1,-0.00,0.250,0.258,-9.35,0,28,0,22.0,149.6,124.6,247.9,0.00,1,3.9,-13.7
29.70,brake,379.79,-29.79,0.250,1,1812.5,480.8,0.0,0.0,18.81,-25.44,263,247,-1,-22.4,-10.8,-29.7,-18.2,0.02,0.01,0.78,0.00,0.00,0.00,-22.23,23.59,98,-1,0,12,8.5,-0.02,0.250,0.259,-9.63,0,28,0,21.1,151.2,125.1,248.6,0.00,1,3.5,-13.7
29.80,brake,378.79,-28.79,0.250,1,1814.4,478.3,0.0,0.0,18.37,-24.84,262,247,-1,-21.7,-10.9,-29.0,-17.2,0.03,-0.00,0.75,0.00,0.00,0.00,-22.11,22.63,98,-1,0,11,8.7,-0.02,0.250,0.262,-9.93,0,28,0,20.2,152.8,125.6,249.4,0.00,1,3.2,-13.7
29.90,brake,377.76,-27.76,0.250,1,1816.2,475.9,0.0,0.0,17.97,-24.27,261,247,-1,-21.0,-10.9,-28.3,-16.3,0.04,-0.01,0.72,0.00,0.00,0.00,-21.96,21.73,98,-1,0,10,8.8,-0.03,0.250,0.269,-10.22,0,28,0,19.2,154.4,126.0,250.3,0.00,1,3.0,-13.6
30.00,brake,376.71,-26.71,0.250,1,1816.2,475.9,0.0,0.0,17.97,-24.27,261,251,-1,-20.4,-11.0,-27.6,-15.3,0.05,-0.02,0.69,0.00,0.00,0.00,-21.60,21.10,98,-1,0,9,8.8,-0.04,0.250,0.275,-10.50,0,28,0,18.3,155.9,126.5,251.1,0.00,1,3.0,-13.6
30.10,brake,375.63,-25.63,0.250,1,1819.7,471.2,0.0,0.0,17.05,-23.16,260,251,-1,-19.7,-11.1,-27.0,-14.4,0.05,-0.02,0.66,0.00,0.00,0.00,-21.17,20.49,98,-1,0,8,8.4,-0.05,0.250,0.278,-10.74,0,28,0,17.4,157.4,127.0,252.0,0.00,1,3.4,-12.0
30.20,brake,374.53,-24.53,0.264,1,1819.7,471.2,0.0,0.0,17.05,-23.16,260,251,-1,-19.1,-11.1,-26.4,-13.6,0.05,-0.02,0.63,0.00,0.00,0.00,-20.78,19.88,98,-1,0,8,8.4,-0.05,0.264,0.292,-10.94,0,28,0,16.5,158.8,127.4,252.8,0.00,1,3.4,-12.0
30.30,brake,373.42,-23.42,0.298,1,1821.4,468.9,0.0,0.0,16.57,-22.64,260,251,-1,-18.4,-11.2,-25.7,-12.8,0.05,-0.02,0.60,0.00,0.00,0.00,-20.36,19.31,98,-1,0,7,8.1,-0.05,0.298,0.325,-11.13,0,28,0,15.8,160.0,127.8,253.5,0.00,1,3.9,-10.9
30.40,brake,372.29,-22.29,0.332,1,1824.5,464.5,0.0,0.0,15.60,-21.62,260,254,-1,-17.7,-11.3,-25.1,-12.3,0.04,-0.02,0.58,0.00,0.00,0.00,-19.77,18.92,98,-1,0,6,7.2,-0.05,0.332,0.356,-11.29,0,28,0,15.1,161.1,128.1,254.3,0.00,1,4.4,-7.8
30.50,brake,371.16,-21.16,0.362,1,1824.5,464.5,0.0,0.0,15.60,-21.62,260,254,-1,-17.0,-11.3,-24.4,-11.8,0.04,-0.03,0.55,0.00,0.00,0.00,-19.21,18.49,98,-1,0,5,7.2,-0.05,0.362,0.386,-11.34,0,28,0,14.4,162.0,128.4,254.9,0.00,1,4.4,-7.8
30.60,brake,370.04,-20.04,0.387,1,1827.5,460.3,0.0,0.0,14.41,-20.53,260,254,-1,-16.3,-11.3,-23.8,-11.4,0.02,-0.03,0.53,0.00,0.00,0.00,-18.56,18.05,98,-1,0,5,5.2,-0.04,0.387,0.408,-11.26,0,28,0,13.9,162.7,128.6,255.5,0.00,1,5.0,-4.9
30.70,brake,368.95,-18.95,0.406,1,1828.9,458.3,0.0,0.0,13.80,-19.96,260,254,-1,-15.5,-11.3,-23.2,-11.1,0.02,-0.03,0.51,0.00,0.00,0.00,-17.89,17.59,98,-1,0,5,3.9,-0.03,0.406,0.426,-11.05,0,28,0,13.5,163.3,128.8,255.9,0.00,1,5.7,-3.7
30.80,brake,367.89,-17.89,0.419,1,1828.9,458.3,0.0,0.0,13.80,-19.96,260,256,-1,-14.7,-11.2,-22.5,-10.9,0.01,-0.02,0.48,0.00,0.00,0.00,-17.14,17.18,98,-1,0,4,3.9,-0.02,0.419,0.434,-10.75,0,28,0,13.3,163.8,129.2,256.1,0.00,1,5.7,-3.7
30.90,brake,366.87,-16.87,0.426,1,1831.5,454.4,0.0,0.0,12.48,-18.78,260,256,-1,-14.0,-11.1,-21.7,-10.7,0.01,-0.01,0.46,0.00,0.00,0.00,-16.36,16.75,98,-1,0,4,1.5,-0.00,0.426,0.433,-10.34,0,28,0,13.3,164.2,129.8,256.3,0.00,1,7.5,-1.5
31.00,brake,365.91,-15.91,0.427,1,1832.7,452.6,0.0,0.0,11.87,-18.17,260,256,-1,-13.2,-10.9,-21.0,-10.5,0.00,-0.01,0.44,0.00,0.00,0.00,-15.59,16.28,98,-1,0,4,0.7,0.01,0.427,0.431,-9.83,0,28,0,13.3,164.5,130.6,256.2,0.00,1,7.7,-1.1
31.10,brake,365.01,-15.01,0.424,1,1833.9,450.8,0.0,0.0,11.25,-17.58,260,256,-1,-12.5,-10.7,-20.2,-10.4,0.00,-0.01,0.41,0.00,0.00,0.00,-14.89,15.79,98,-1,0,4,0.3,0.02,0.424,0.428,-9.28,0,28,0,13.5,164.8,131.4,256.2,0.00,1,7.7,-0.8
31.20,brake,364.16,-14.16,0.419,1,1833.9,450.8,0.0,0.0,11.25,-17.58,260,255,-1,-11.9,-10.5,-19.4,-10.3,-0.00,-0.01,0.39,0.00,0.00,0.00,-14.20,15.29,98,-1,0,4,0.3,0.03,0.419,0.425,-8.73,0,28,0,13.6,165.1,132.3,256.0,0.00,1,7.7,-0.8
31.30,brake,363.36,-13.36,0.413,1,1834.9,449.1,0.0,0.0,10.68,-17.00,260,255,-1,-11.3,-10.3,-18.6,-10.2,-0.01,-0.01,0.36,0.00,0.00,0.00,-13.56,14.80,98,-1,0,5,-0.0,0.03,0.413,0.420,-8.17,0,28,0,13.8,165.3,133.2,255.9,0.00,1,7.6,-0.6
31.40,brake,362.62,-12.62,0.405,1,1836.0,447.5,0.0,0.0,10.11,-16.42,260,255,-1,-10.6,-10.1,-17.9,-10.1,-0.01,-0.01,0.34,0.00,0.00,0.00,-12.93,14.31,98,-1,0,5,-0.2,0.04,0.405,0.414,-7.61,0,28,0,14.0,165.5,134.0,255.7,0.00,1,7.4,-0.5
31.50,brake,361.93,-11.93,0.395,1,1837.9,444.3,0.0,0.0,9.14,-15.33,259,255,-1,-10.1,-9.8,-17.2,-10.0,-0.01,-0.02,0.32,0.00,0.00,0.00,-12.38,13.82,98,-1,0,5,-0.4,0.04,0.395,0.406,-7.05,0,28,0,14.2,165.7,134.9,255.5,0.00,1,7.3,-0.6
31.60,brake,361.30,-11.30,0.385,1,1837.9,444.3,0.0,0.0,9.14,-15.33,259,255,-1,-9.6,-9.5,-16.5,-9.9,-0.01,-0.01,0.30,0.00,0.00,0.00,-11.87,13.32,98,-1,0,5,-0.4,0.04,0.385,0.393,-6.52,0,28,0,14.5,166.0,135.9,255.4,0.00,1,7.3,-0.6
31.70,brake,360.71,-10.71,0.378,1,1838.7,442.8,0.0,0.0,8.70,-14.82,259,255,-1,-9.1,-9.3,-15.7,-9.7,-0.00,-0.00,0.27,0.00,0.00,0.00,-11.40,12.86,98,-1,0,5,-0.5,0.04,0.378,0.380,-6.08,0,28,0,14.7,166.3,137.0,255.2,0.00,1,7.6,-1.1
31.80,brake,360.14,-10.14,0.376,1,1839.6,441.4,0.0,0.0,8.31,-14.35,259,255,-1,-8.7,-9.1,-14.9,-9.5,-0.00,-0.00,0.25,0.00,0.00,0.00,-10.98,12.42,98,-1,0,5,-0.5,0.04,0.376,0.377,-5.75,0,28,0,14.9,166.6,138.1,255.0,0.00,1,7.7,-1.3
31.90,brake,359.61,-9.61,0.374,1,1840.4,440.0,0.0,0.0,7.95,-13.90,258,255,-1,-8.3,-8.8,-14.2,-9.4,-0.00,-0.00,0.23,0.00,0.00,0.00,-10.60,12.01,98,-1,0,6,-0.5,0.04,0.374,0.376,-5.45,0,28,0,15.1,166.9,139.2,254.8,0.00,1,7.5,-1.3
32.00,brake,359.11,-9.11,0.372,1,1841.9,437.3,0.0,0.0,7.29,-13.04,258,254,-1,-8.0,-8.6,-13.5,-9.2,-0.00,-0.00,0.20,0.00,0.00,0.00,-10.24,11.59,98,-1,0,6,-0.5,0.05,0.372,0.374,-5.14,0,28,0,15.3,167.2,140.3,254.6,0.00,1,7.0,-1.1
32.10,brake,358.41,-8.41,0.374,1,1841.9,437.3,0.0,0.0,7.29,-13.04,258,254,-1,-7.6,-8.4,-12.8,-9.0,-0.01,-0.00,0.18,0.00,0.00,0.00,-9.91,11.18,98,-1,0,6,-0.5,0.05,0.374,0.378,-4.83,0,28,0,15.5,167.5,141.3,254.5,0.00,1,7.0,-1.1
32.20,brake,358.20,-8.20,0.364,1,1842.6,436.0,0.0,0.0,6.99,-12.62,257,254,-1,-7.3,-8.2,-12.1,-8.9,-0.01,-0.00,0.16,0.00,0.00,0.00,-9.58,10.79,98,-1,0,6,-0.4,0.05,0.364,0.368,-4.52,0,28,0,15.7,167.8,142.3,254.3,0.00,1,6.7,-1.1
32.30,brake,357.78,-7.78,0.359,1,1843.9,433.6,0.0,0.0,6.42,-11.83,257,254,-1,-7.0,-8.0,-11.5,-8.8,-0.01,-0.00,0.14,0.00,0.00,0.00,-9.24,10.41,98,-1,0,6,-0.4,0.05,0.359,0.364,-4.21,0,28,0,15.8,168.0,143.2,254.2,0.00,1,6.3,-1.0
32.40,brake,357.41,-7.41,0.353,1,1844.5,432.5,0.0,0.0,6.15,-11.45,257,253,-1,-6.7,-7.7,-10.9,-8.7,-0.01,-0.00,0.13,0.00,0.00,0.00,-8.97,10.04,98,-1,0,6,-0.4,0.05,0.353,0.359,-3.90,0,28,0,16.0,168.3,144.1,254.1,0.00,1,6.1,-0.9
32.50,brake,357.06,-7.06,0.345,1,1844.5,432.5,0.0,0.0,6.15,-11.45,256,253,-1,-6.4,-7.5,-10.3,-8.5,-0.02,-0.00,0.11,0.00,0.00,0.00,-8.68,9.68,98,-1,0,6,-0.4,0.05,0.345,0.352,-3.59,0,28,0,16.1,168.6,145.0,253.9,0.00,1,6.1,-0.9
32.60,brake,356.74,-6.74,0.337,1,1845.7,430.3,0.0,0.0,5.71,-10.70,256,253,-1,-6.2,-7.3,-9.7,-8.4,-0.02,-0.00,0.09,0.00,0.00,0.00,-8.42,9.32,98,-1,0,7,-0.4,0.05,0.337,0.345,-3.27,0,28,0,16.3,168.8,145.8,253.8,0.00,1,5.5,-0.8
32.70,brake,356.45,-6.45,0.327,1,1845.7,430.3,0.0,0.0,5.71,-10.70,256,253,-1,-6.0,-7.0,-9.1,-8.3,-0.02,-0.00,0.08,0.00,0.00,0.00,-8.16,8.97,98,-1,0,7,-0.4,0.05,0.327,0.336,-2.96,0,28,0,16.4,169.0,146.6,253.7,0.00,1,5.5,-0.8
32.80,brake,356.19,-6.19,0.321,1,1846.3,429.2,0.0,0.0,5.49,-10.36,255,252,-1,-5.7,-6.8,-8.6,-8.1,-0.01,-0.00,0.06,0.00,0.00,0.00,-7.91,8.65,98,-1,0,7,-0.3,0.05,0.321,0.324,-2.72,0,28,0,16.5,169.4,147.6,253.6,0.00,1,5.5,-1.4
32.90,brake,355.93,-5.93,0.317,1,1847.3,427.2,0.0,0.0,5.19,-9.72,255,252,-1,-5.6,-6.6,-8.1,-7.8,0.01,-0.00,0.04,0.00,0.00,0.00,-7.71,8.34,98,-1,0,7,0.3,0.05,0.317,0.322,-2.54,0,28,0,16.6,169.8,148.9,253.5,0.00,1,4.9,-3.6
33.00,brake,355.69,-5.69,0.316,1,1847.3,427.2,0.0,0.0,5.19,-9.72,255,252,-1,-5.4,-6.4,-7.6,-7.5,0.02,0.00,0.02,0.00,0.00,0.00,-7.54,8.04,98,-1,0,7,0.3,0.05,0.316,0.325,-2.44,0,28,0,16.6,170.3,150.2,253.5,0.00,1,4.9,-3.6
33.10,brake,355.45,-5.45,0.320,1,1847.8,426.3,0.0,0.0,5.05,-9.45,255,252,-1,-5.3,-6.2,-7.1,-7.1,0.02,0.00,0.00,0.00,0.00,0.00,-7.37,7.78,98,-1,0,7,0.5,0.04,0.320,0.330,-2.40,0,28,0,16.6,170.8,151.6,253.5,0.00,1,4.8,-3.7
33.20,brake,355.21,-5.21,0.323,1,1848.8,424.4,0.0,0.0,4.75,-8.94,254,252,-1,-5.1,-6.1,-6.6,-6.7,0.02,0.00,0.00,0.00,0.00,0.00,-7.16,7.54,98,-1,0,7,1.0,0.04,0.323,0.333,-2.36,0,28,0,16.6,171.3,152.9,253.5,0.00,1,4.4,-3.4
33.30,brake,354.97,-4.97,0.326,1,1849.3,423.6,0.0,0.0,4.61,-8.71,254,252,-1,-4.9,-5.9,-6.2,-6.4,0.02,0.00,0.00,0.00,0.00,0.00,-7.00,7.32,98,-1,0,7,1.4,0.04,0.326,0.335,-2.32,0,28,0,16.5,171.8,154.1,253.5,0.00,1,3.9,-2.8
33.40,brake,354.75,-4.75,0.327,1,1849.7,422.7,0.0,0.0,4.53,-8.48,254,252,-1,-4.8,-5.8,-5.8,-6.2,0.01,-0.00,0.00,0.00,0.00,0.00,-6.83,7.11,98,-1,0,7,2.0,0.03,0.327,0.332,-2.24,0,28,0,16.4,172.2,154.9,253.7,0.00,1,3.2,-1.8
33.50,brake,354.54,-4.54,0.326,1,1850.2,421.9,0.0,0.0,4.39,-8.27,254,252,-1,-4.7,-5.6,-5.5,-6.0,-0.01,-0.01,0.00,0.00,0.00,0.00,-6.70,6.89,98,-1,0,7,2.3,0.02,0.326,0.333,-2.13,0,28,0,16.2,172.4,155.4,253.8,0.00,1,2.7,-1.0
33.60,brake,354.34,-4.34,0.326,1,1850.2,421.9,0.0,0.0,4.39,-8.27,254,253,-1,-4.5,-5.5,-5.2,-5.9,-0.02,-0.01,0.00,0.00,0.00,0.00,-6.53,6.72,98,-1,0,6,2.3,0.02,0.326,0.339,-2.05,0,28,0,16.0,172.6,155.6,254.0,0.00,1,2.7,-1.0
33.70,brake,354.14,-4.14,0.329,1,1851.0,420.3,0.0,0.0,4.17,-7.87,254,253,-1,-4.3,-5.4,-4.9,-5.9,-0.02,-0.02,0.00,0.00,0.00,0.00,-6.35,6.56,98,-1,0,6,2.8,0.01,0.329,0.344,-2.00,0,28,0,15.8,172.7,155.7,254.3,0.00,1,2.7,-0.7
33.80,brake,353.95,-3.95,0.329,1,1851.4,419.5,0.0,0.0,4.09,-7.65,254,253,-1,-4.2,-5.3,-4.6,-5.8,-0.02,-0.01,0.00,0.00,0.00,0.00,-6.21,6.38,98,-1,0,6,2.8,0.01,0.329,0.341,-1.92,0,28,0,15.5,172.9,155.8,254.5,0.00,1,3.0,-1.1
33.90,brake,353.77,-3.77,0.328,1,1851.4,419.5,0.0,0.0,4.09,-7.65,254,253,-1,-4.1,-5.1,-4.2,-5.7,-0.01,-0.00,0.00,0.00,0.00,0.00,-6.07,6.19,98,-1,0,6,2.8,0.01,0.328,0.334,-1.81,0,28,0,15.3,173.1,156.1,254.8,0.00,1,3.0,-1.1
34.00,brake,353.60,-3.60,0.326,1,1851.8,418.8,0.0,0.0,4.00,-7.45,254,254,-1,-4.0,-5.0,-3.9,-5.6,-0.01,0.01,0.00,0.00,0.00,0.00,-5.92,6.03,98,-1,0,5,2.9,0.00,0.326,0.331,-1.69,0,28,0,15.0,173.4,156.6,255.1,0.00,1,3.5,-1.6
34.10,brake,353.44,-3.44,0.324,1,1852.2,418.0,0.0,0.0,3.91,-7.25,254,254,-1,-3.9,-4.9,-3.4,-5.4,0.00,0.02,0.00,0.00,0.00,0.00,-5.78,5.87,98,-1,0,5,2.9,0.00,0.324,0.331,-1.58,0,28,0,14.7,173.7,157.3,255.3,0.00,1,3.8,-2.0
34.20,align,353.29,0.00,0.357,1,1853.0,416.6,39.9,-51.8,3.78,-6.88,254,254,-1,2.1,1.1,-3.0,-5.2,-0.06,-0.04,0.00,0.00,0.00,0.00,-5.63,5.71,98,-1,0,10,2.9,0.03,0.357,0.396,-1.50,0,28,0,14.5,174.0,158.0,255.6,0.00,0,3.7,-2.1
34.30,align,353.15,0.15,0.362,1,1853.4,416.0,39.5,-51.1,3.69,-6.69,254,254,-1,8.1,6.2,-2.6,-5.0,-0.11,-0.10,0.00,0.00,0.00,0.00,-5.54,5.56,98,-1,0,12,3.1,0.05,0.362,0.444,-1.46,0,28,0,14.5,174.0,158.0,255.6,0.00,0,4.0,-2.5
34.40,align,353.02,0.27,0.360,1,1853.4,416.0,39.1,-50.5,3.69,-6.69,254,255,-1,14.1,6.4,-2.2,-4.7,-0.09,-0.15,0.00,0.00,0.00,0.00,-5.38,5.42,98,-1,0,15,3.1,0.07,0.361,0.458,-1.31,0,28,0,13.9,174.7,159.6,256.1,0.00,0,4.0,-2.5
34.50,align,352.92,0.38,0.351,1,1854.1,414.7,38.8,-49.8,3.56,-6.26,254,255,-1,14.8,6.7,-1.6,-4.3,-0.07,-0.13,0.00,0.00,0.00,0.00,-5.23,5.26,98,-1,0,16,4.1,0.07,0.351,0.431,-1.02,0,28,0,13.9,174.7,159.6,256.1,0.00,0,7.4,-6.3
34.60,align,352.84,0.45,0.341,1,1854.1,414.7,38.4,-49.2,3.56,-6.26,254,255,-1,14.8,7.0,-0.7,-3.6,-0.03,-0.08,0.00,0.00,0.00,0.00,-5.11,5.07,98,-1,0,16,4.1,0.06,0.341,0.384,-0.74,0,28,0,13.9,174.7,159.6,256.1,0.00,0,7.4,-6.3
34.70,align,352.78,0.51,0.332,1,1854.4,414.1,38.1,-48.6,3.43,-6.04,254,255,-1,15.0,7.2,0.5,-2.7,0.01,-0.02,0.00,0.00,0.00,0.00,-4.92,4.91,98,-1,0,16,4.9,0.05,0.332,0.345,-0.50,0,28,0,13.9,174.7,159.6,256.1,0.00,0,10.8,-8.6
34.80,align,352.74,0.55,0.323,1,1855.1,412.9,37.7,-48.0,3.35,-5.72,255,257,-1,15.0,7.6,2.0,-1.7,0.03,0.03,0.00,0.00,0.00,0.00,-4.80,4.77,98,-1,0,15,6.4,0.04,0.323,0.350,-0.29,0,28,0,12.2,178.7,174.1,257.8,0.00,0,16.5,-10.4
34.90,align,352.71,0.58,0.301,1,1855.4,412.3,37.4,-47.4,3.34,-5.64,255,257,-1,14.9,7.7,3.7,-0.6,0.05,0.09,0.00,0.00,0.00,0.00,-4.71,4.67,98,-1,0,15,7.3,0.03,0.301,0.356,0.17,0,28,0,12.2,178.7,174.1,257.8,0.00,0,17.7,-10.4
35.00,align,352.69,0.60,0.309,1,1855.4,412.3,37.1,-46.8,3.34,-5.64,255,257,-1,14.6,7.7,5.4,0.5,0.06,0.11,0.00,0.00,0.00,0.00,-4.65,4.61,98,-1,0,15,7.3,0.01,0.309,0.378,0.04,0,28,0,12.2,178.7,174.1,257.8,0.00,0,17.7,-10.4
35.10,align,352.68,0.61,0.306,1,1855.8,411.8,36.7,-46.3,3.38,-5.60,256,257,-1,14.2,7.7,7.1,1.4,0.05,0.11,0.00,0.00,0.00,0.00,-4.67,4.59,98,-1,0,14,8.2,0.00,0.306,0.373,0.10,0,28,0,12.2,178.7,174.1,257.8,0.00,0,17.0,-9.3
35.20,align,352.67,0.62,0.306,1,1856.5,410.6,36.4,-45.7,3.65,-5.66,256,260,-1,13.6,7.6,8.5,2.3,0.04,0.10,0.00,0.00,0.00,0.00,-4.70,4.64,98,-1,0,14,9.1,-0.01,0.306,0.363,0.13,0,28,0,9.0,183.6,201.9,261.0,0.00,0,12.9,-5.5
35.30,align,352.67,0.62,0.305,1,1856.9,410.1,36.0,-45.1,3.82,-5.73,257,260,-1,12.7,7.5,9.7,2.9,0.02,0.08,0.00,0.00,0.00,0.00,-4.83,4.69,98,-1,0,13,9.3,-0.02,0.305,0.347,0.15,0,28,0,9.0,183.6,201.9,261.0,0.00,0,10.2,-3.4
35.40,align,352.67,0.62,0.305,1,1857.3,409.5,35.6,-44.6,4.04,-5.81,258,260,-1,11.7,7.2,10.6,3.4,-0.00,0.06,0.04,0.00,0.00,0.00,-4.97,4.78,98,-1,0,12,9.3,-0.03,0.305,0.331,0.15,0,28,0,9.0,183.6,201.9,261.0,0.00,0,7.5,-1.3
35.50,align,352.68,0.62,0.305,1,1857.3,409.5,35.2,-44.0,4.04,-5.81,258,260,-1,10.7,6.9,11.3,3.7,-0.03,0.04,0.06,0.00,0.00,0.00,-5.16,4.85,98,-1,0,12,9.3,-0.03,0.305,0.330,0.15,0,28,0,9.0,183.6,201.9,261.0,0.00,0,7.5,-1.3
35.60,align,352.68,0.61,0.306,1,1858.1,408.3,34.8,-43.4,4.48,-5.93,259,264,-1,9.5,6.7,11.7,3.8,-0.04,0.03,0.08,0.00,0.00,0.00,-5.30,4.97,98,-1,0,11,9.0,-0.03,0.306,0.330,0.15,0,28,0,5.0,184.9,224.3,264.9,0.00,0,4.1,0.3
35.70,align,352.69,0.60,0.306,1,1858.1,408.3,34.4,-42.8,4.48,-5.93,260,264,-1,8.4,6.5,12.0,4.0,-0.04,0.02,0.09,0.00,0.00,0.00,-5.45,5.06,98,-1,0,10,9.0,-0.04,0.306,0.329,0.15,0,28,0,5.0,184.9,224.3,264.9,0.00,0,4.1,0.3
35.80,align,352.71,0.59,0.306,1,1859.1,407.1,33.9,-42.2,4.92,-6.01,261,264,-1,7.4,6.3,12.3,4.2,-0.03,0.02,0.10,0.00,0.00,0.00,-5.60,5.14,98,-1,0,9,7.6,-0.04,0.306,0.328,0.15,0,28,0,5.0,184.9,224.3,264.9,0.00,0,2.0,0.2
35.90,align,352.72,0.58,0.306,1,1859.6,406.5,33.4,-41.6,5.14,-6.04,261,264,-1,6.3,6.1,12.4,4.3,-0.03,0.02,0.10,0.00,0.00,0.00,-5.77,5.20,98,-1,0,9,6.8,-0.03,0.306,0.326,0.15,0,28,0,5.0,184.9,224.3,264.9,0.00,0,1.2,-0.1
36.00,align,352.73,0.57,0.306,1,1860.1,405.9,32.9,-41.0,5.36,-6.06,262,267,-1,5.1,5.9,12.4,4.5,-0.03,0.02,0.11,0.00,0.00,0.00,-5.89,5.31,98,-1,0,8,6.0,-0.03,0.306,0.325,0.15,0,28,0,1.8,184.9,249.8,268.2,0.00,0,0.6,-0.5
36.10,align,352.74,0.55,0.305,1,1860.1,405.9,32.4,-40.4,5.36,-6.06,263,267,-1,4.0,5.6,12.5,4.7,-0.02,0.03,0.11,0.00,0.00,0.00,-6.03,5.40,98,-1,0,7,6.0,-0.02,0.305,0.324,0.15,0,28,0,1.8,184.9,249.8,268.2,0.00,0,0.6,-0.5
36.20,align,352.75,0.54,0.305,1,1861.2,404.7,31.8,-39.8,5.76,-6.12,264,267,-1,3.1,5.3,12.4,4.9,-0.01,0.03,0.11,0.00,0.00,0.00,-6.14,5.49,98,-1,0,6,4.5,-0.02,0.305,0.323,0.16,0,28,0,1.8,184.9,249.8,268.2,0.00,0,-0.1,-1.3
36.30,align,352.76,0.53,0.305,1,1861.8,404.1,31.3,-39.2,5.98,-6.15,265,267,-1,2.0,5.0,12.4,5.1,-0.00,0.04,0.11,0.00,0.00,0.00,-6.30,5.56,98,-1,0,5,3.9,-0.02,0.305,0.322,0.16,0,28,0,1.8,184.9,249.8,268.2,0.00,0,-0.6,-1.5
36.40,align,352.78,0.52,0.305,1,1862.4,403.5,30.7,-38.6,6.15,-6.20,266,269,-1,0.8,4.6,12.3,5.3,0.01,0.05,0.11,0.00,0.00,0.00,-6.44,5.67,98,-1,0,4,3.3,-0.02,0.305,0.326,0.16,0,28,0,359.9,185.3,271.1,270.1,0.00,0,-1.2,-1.6
36.50,align,352.79,0.51,0.305,1,1862.4,403.5,30.1,-38.0,6.15,-6.20,266,269,-1,-0.1,4.2,12.1,5.6,0.01,0.05,0.11,0.00,0.00,0.00,-6.55,5.78,98,-1,0,4,3.3,-0.01,0.305,0.329,0.16,0,28,0,359.9,185.3,271.1,270.1,0.00,0,-1.2,-1.6
36.60,align,352.80,0.49,0.304,1,1863.1,402.8,29.4,-37.3,6.37,-6.25,267,269,-1,-1.3,3.7,11.8,5.8,0.02,0.05,0.10,0.00,0.00,0.00,-6.71,5.89,98,-1,0,3,2.9,-0.01,0.304,0.331,0.16,0,28,0,359.9,185.3,271.1,270.1,0.00,0,-2.0,-1.7
36.70,align,352.81,0.48,0.304,1,1864.4,401.6,28.8,-36.7,6.77,-6.35,267,269,-1,-2.4,3.2,11.5,6.0,0.03,0.04,0.10,0.00,0.00,0.00,-6.87,5.99,98,-1,0,3,2.5,-0.01,0.304,0.331,0.16,0,28,0,359.9,185.3,271.1,270.1,0.00,0,-4.0,-1.8
36.80,align,352.83,0.46,0.304,1,1864.4,401.6,28.1,-36.1,6.77,-6.35,268,270,-1,-3.3,2.7,11.0,6.3,0.03,0.03,0.09,0.00,0.00,0.00,-6.99,6.11,98,-1,0,2,2.5,-0.02,0.304,0.330,0.16,0,28,0,358.9,186.0,280.5,271.1,0.00,0,-4.0,-1.8
36.90,align,352.84,0.45,0.304,1,1865.1,400.9,27.4,-35.4,6.99,-6.42,268,270,-1,-4.5,2.1,10.5,6.5,0.04,0.02,0.07,0.00,0.00,0.00,-7.16,6.23,98,-1,0,2,2.4,-0.02,0.304,0.329,0.16,0,28,0,358.9,186.0,280.5,271.1,0.00,0,-5.1,-1.7
37.00,align,352.86,0.43,0.304,1,1865.8,400.3,26.7,-34.8,7.16,-6.48,269,270,-1,-5.4,1.5,9.8,6.7,0.05,0.01,0.06,0.00,0.00,0.00,-7.29,6.34,98,-1,0,1,2.2,-0.02,0.304,0.327,0.16,0,28,0,358.9,186.0,280.5,271.1,0.00,0,-6.1,-1.7
37.10,align,352.88,0.42,0.303,1,1866.5,399.6,26.0,-34.1,7.34,-6.56,269,270,-1,-6.4,0.9,9.1,6.8,0.05,0.00,0.04,0.00,0.00,0.00,-7.43,6.46,98,-1,0,1,1.8,-0.02,0.303,0.323,0.16,0,28,0,358.9,186.0,280.5,271.1,0.00,0,-7.0,-1.4
37.20,align,352.90,0.40,0.303,1,1868.0,398.3,25.2,-33.5,7.56,-6.75,270,271,-1,-7.3,0.2,8.3,6.9,0.04,-0.00,0.02,0.00,0.00,0.00,-7.52,6.59,98,-1,0,0,1.3,-0.02,0.303,0.322,0.17,0,28,0,358.4,186.6,283.4,271.6,0.00,0,-8.0,0.0
37.30,align,352.92,0.38,0.302,1,1868.0,398.3,24.5,-32.8,7.56,-6.75,270,271,-1,-8.0,-0.5,7.5,6.8,0.04,-0.01,0.00,0.00,0.00,0.00,-7.57,6.73,98,-1,0,0,1.3,-0.01,0.302,0.322,0.18,0,28,0,358.4,186.6,283.4,271.6,0.00,0,-8.0,0.0
37.40,align,352.94,0.35,0.300,1,1868.8,397.6,23.7,-32.1,7.65,-6.86,270,271,-1,-8.7,-1.3,6.6,6.7,0.03,-0.01,0.00,0.00,0.00,0.00,-7.63,6.87,98,-1,0,-0,1.2,-0.02,0.300,0.319,0.19,0,28,0,358.4,186.6,283.4,271.6,0.00,0,-8.3,0.9
37.50,align,352.97,0.32,0.299,1,1869.6,396.9,22.9,-31.4,7.73,-6.95,270,271,-1,-9.4,-2.1,5.8,6.5,0.02,-0.02,0.00,0.00,0.00,0.00,-7.70,6.99,98,-1,0,-0,1.2,-0.02,0.299,0.315,0.20,0,28,0,358.4,186.6,283.4,271.6,0.00,0,-8.4,1.9
37.60,align,353.00,0.29,0.297,1,1870.3,396.2,22.2,-30.7,7.78,-7.06,270,271,-1,-10.0,-2.8,4.9,6.2,0.01,-0.02,0.00,0.00,0.00,0.00,-7.73,7.12,98,-1,0,-0,1.1,-0.02,0.297,0.311,0.22,0,28,0,358.3,186.1,285.3,271.7,0.00,0,-8.6,2.9
37.70,align,353.04,0.26,0.295,1,1871.9,394.8,21.4,-30.0,7.87,-7.22,271,271,-1,-10.6,-3.6,4.0,5.8,0.01,-0.02,0.00,0.00,0.00,0.00,-7.76,7.22,98,-1,0,-1,0.8,-0.01,0.295,0.308,0.23,0,28,0,358.3,186.1,285.3,271.7,0.00,0,-8.8,4.1
37.80,align,353.07,0.22,0.293,1,1871.9,394.8,20.6,-29.3,7.87,-7.22,271,271,-1,-11.2,-4.2,3.1,5.4,0.00,-0.03,0.00,0.00,0.00,0.00,-7.79,7.30,98,-1,0,-1,0.8,-0.01,0.293,0.305,0.26,0,28,0,358.3,186.1,285.3,271.7,0.00,0,-8.8,4.1
37.90,align,353.11,0.18,0.290,1,1872.7,394.1,19.8,-28.6,7.87,-7.27,271,271,-1,-11.7,-4.8,2.2,5.0,0.00,-0.03,0.00,0.00,0.00,0.00,-7.79,7.36,98,-1,0,-1,0.7,-0.01,0.290,0.303,0.28,0,28,0,358.3,186.1,285.3,271.7,0.00,0,-8.9,4.4
38.00,align,353.15,0.14,0.287,1,1874.2,392.6,19.0,-27.8,7.78,-7.34,271,271,-1,-12.0,-5.4,1.3,4.5,0.00,-0.03,0.00,0.00,0.00,0.00,-7.74,7.40,98,-1,0,-1,0.7,-0.01,0.287,0.302,0.31,0,28,0,358.4,184.5,290.2,271.6,0.00,0,-9.0,4.7
38.10,align,353.20,0.09,0.284,1,1875.0,391.9,18.3,-27.1,7.73,-7.36,271,271,-1,-12.3,-5.9,0.4,4.0,0.00,-0.04,0.00,0.00,0.00,0.00,-7.70,7.43,98,-1,0,-1,0.5,-0.01,0.284,0.300,0.34,0,28,0,358.4,184.5,290.2,271.6,0.00,0,-8.8,4.8
38.20,align,353.25,0.05,0.281,1,1875.8,391.1,17.5,-26.4,7.65,-7.37,271,271,-1,-12.6,-6.4,-0.5,3.5,0.00,-0.04,0.00,0.00,0.00,0.00,-7.65,7.45,98,-1,0,-1,0.2,-0.01,0.281,0.297,0.37,0,28,0,358.4,184.5,290.2,271.6,0.00,0,-8.5,4.9
38.30,align,353.30,-0.00,0.277,1,1876.5,390.4,16.7,-25.6,7.51,-7.37,271,271,-1,-12.8,-6.9,-1.3,3.1,0.00,-0.04,0.00,0.00,0.00,0.00,-7.56,7.46,98,-1,0,-1,0.0,-0.01,0.277,0.294,0.40,0,28,0,358.4,184.5,290.2,271.6,0.00,0,-7.3,4.9
38.40,align,353.34,-0.05,0.277,1,1876.5,390.4,16.0,-24.9,7.51,-7.37,271,271,-1,-6.8,-0.9,-2.0,2.6,-0.06,-0.08,0.00,0.00,0.00,0.00,-7.44,7.45,98,-1,0,-1,0.0,-0.00,0.277,0.334,0.36,0,28,0,358.4,182.6,300.6,271.6,0.00,0,-7.3,4.9
38.50,align,353.37,-0.08,0.282,1,1877.3,389.6,15.2,-24.1,7.38,-7.35,271,271,-1,-5.2,5.0,-2.5,2.1,-0.12,-0.08,0.00,0.00,0.00,0.00,-7.31,7.42,98,-1,0,-1,-0.0,-0.00,0.282,0.361,0.25,0,28,0,358.4,182.6,300.6,271.6,0.00,0,-5.5,4.9
38.60,align,353.40,-0.10,0.282,1,1878.0,388.9,14.5,-23.4,7.25,-7.33,271,271,-1,-5.3,4.6,-2.8,1.7,-0.11,-0.05,0.00,0.00,0.00,0.00,-7.18,7.40,98,-1,0,-1,-0.0,-0.00,0.282,0.344,0.21,0,28,0,358.4,182.6,300.6,271.6,0.00,0,-3.7,4.2
38.70,align,353.42,-0.13,0.282,1,1879.4,387.5,13.8,-22.7,6.94,-7.20,271,271,-1,-5.5,4.3,-3.0,1.6,-0.07,-0.02,0.00,0.00,0.00,0.00,-7.05,7.34,98,-1,0,-1,0.1,-0.00,0.282,0.320,0.20,0,28,0,358.4,182.6,300.6,271.6,0.00,0,-0.6,-0.6
38.80,align,353.43,-0.14,0.283,1,1879.4,387.5,13.1,-22.0,6.94,-7.20,271,271,-1,-5.6,4.1,-3.0,1.7,-0.03,-0.00,0.00,0.00,0.00,0.00,-6.88,7.26,98,-1,0,-1,0.1,-0.00,0.283,0.294,0.16,0,28,0,358.5,181.8,310.6,271.5,0.00,0,-0.6,-0.6
38.90,align,353.43,-0.14,0.286,1,1880.1,386.7,12.4,-21.2,6.81,-7.11,271,271,-1,-5.8,3.9,-2.9,2.1,0.02,0.01,0.00,0.00,0.00,0.00,-6.75,7.17,98,-1,0,-1,0.1,-0.00,0.286,0.297,0.09,0,28,0,358.5,181.8,310.6,271.5,0.00,0,0.5,-3.3
39.00,align,353.43,-0.13,0.288,1,1880.8,386.0,11.7,-20.5,6.68,-7.04,270,271,-1,-6.0,3.7,-2.8,2.6,0.04,0.02,0.00,0.00,0.00,0.00,-6.62,7.10,98,-1,0,-0,0.1,-0.01,0.288,0.313,0.05,0,28,0,358.5,181.8,310.6,271.5,0.00,0,0.9,-4.9
39.10,align,353.43,-0.13,0.286,1,1881.4,385.3,11.1,-19.8,6.55,-7.00,270,271,-1,-6.2,3.3,-2.7,3.1,0.06,0.03,0.00,0.00,0.00,0.00,-6.49,7.05,98,-1,0,-0,0.1,-0.00,0.286,0.321,0.08,0,28,0,358.5,181.8,310.6,271.5,0.00,0,1.1,-5.6
39.20,align,353.42,-0.13,0.286,1,1882.1,384.6,10.4,-19.1,6.42,-6.98,270,271,-1,-6.4,2.9,-2.7,3.7,0.07,0.02,0.00,0.00,0.00,0.00,-6.36,7.03,98,-1,0,-0,0.1,-0.00,0.286,0.322,0.08,0,28,0,358.4,183.8,292.8,271.6,0.00,0,0.9,-5.5
39.30,align,353.42,-0.12,0.288,1,1883.3,383.2,9.8,-18.4,6.20,-7.02,270,271,-1,-6.6,2.3,-2.6,4.1,0.06,0.02,0.00,0.00,0.00,0.00,-6.23,7.04,98,-1,0,-0,0.1,-0.00,0.288,0.321,0.04,0,28,0,358.4,183.8,292.8,271.6,0.00,0,-0.3,-3.7
39.40,align,353.41,-0.12,0.290,1,1883.3,383.2,9.2,-17.7,6.20,-7.02,270,271,-1,-7.0,1.7,-2.7,4.5,0.06,0.01,0.00,0.00,0.00,0.00,-6.14,7.07,98,-1,0,-0,0.1,-0.00,0.290,0.318,0.00,0,28,0,358.4,183.8,292.8,271.6,0.00,0,-0.3,-3.7
39.50,align,353.40,-0.11,0.292,1,1884.5,381.8,8.6,-17.0,5.98,-7.13,270,271,-1,-7.3,0.9,-2.8,4.7,0.05,0.01,0.00,0.00,0.00,0.00,-6.05,7.12,98,-1,0,-0,-0.0,-0.00,0.292,0.313,-0.04,0,28,0,358.4,183.8,292.8,271.6,0.00,0,-1.5,-0.9
39.60,align,353.39,-0.10,0.295,1,1884.5,381.8,8.0,-16.3,5.98,-7.13,270,271,-1,-7.6,0.1,-3.0,4.7,0.03,-0.00,0.00,0.00,0.00,0.00,-5.92,7.17,98,-1,0,-0,-0.0,-0.00,0.295,0.309,-0.08,0,28,0,358.4,184.8,288.2,271.6,0.00,0,-1.5,-0.9
39.70,align,353.38,-0.09,0.295,1,1885.1,381.1,7.4,-15.6,5.89,-7.19,270,271,-1,-8.0,-0.7,-3.1,4.7,0.02,-0.00,0.00,0.00,0.00,0.00,-5.84,7.23,98,-1,0,-0,-0.0,-0.00,0.295,0.306,-0.09,0,28,0,358.4,184.8,288.2,271.6,0.00,0,-1.9,0.3
39.80,align,353.38,-0.09,0.294,1,1886.3,379.7,6.8,-14.9,5.67,-7.32,270,271,-1,-8.2,-1.6,-3.4,4.5,0.02,-0.00,0.00,0.00,0.00,0.00,-5.71,7.30,98,-1,0,-0,-0.3,-0.00,0.294,0.303,-0.06,0,28,0,358.4,184.8,288.2,271.6,0.00,0,-2.2,2.1
39.90,align,353.38,-0.09,0.293,1,1886.3,379.7,6.2,-14.2,5.67,-7.32,270,271,-1,-8.7,-2.5,-3.6,4.3,0.02,-0.00,0.00,0.00,0.00,0.00,-5.62,7.35,98,-1,0,-0,-0.3,0.00,0.293,0.300,-0.03,0,28,0,358.4,184.8,288.2,271.6,0.00,0,-2.2,2.1
40.00,align,353.39,-0.09,0.291,1,1886.8,378.9,5.7,-13.4,5.54,-7.35,270,270,-1,-8.9,-3.5,-3.8,4.0,0.02,-0.00,0.00,0.00,0.00,0.00,-5.49,7.38,98,-1,0,-0,-0.4,0.00,0.291,0.299,-0.00,0,28,0,358.6,184.1,289.0,271.4,0.00,0,-2.3,2.6
40.10,align,353.39,-0.10,0.289,1,1887.9,377.4,5.1,-12.7,5.32,-7.40,270,270,-1,-9.3,-4.4,-4.0,3.7,0.02,-0.00,0.00,0.00,0.00,0.00,-5.36,7.41,98,-1,0,-0,-0.5,0.00,0.289,0.298,0.03,0,28,0,358.6,184.1,289.0,271.4,0.00,0,-2.5,3.1
40.20,align,353.41,-0.11,0.287,1,1888.4,376.7,4.6,-11.9,5.19,-7.42,270,270,-1,-9.7,-5.5,-4.3,3.4,0.02,-0.00,0.00,0.00,0.00,0.00,-5.28,7.43,98,-1,0,-0,-0.5,0.00,0.287,0.298,0.06,0,28,0,358.6,184.1,289.0,271.4,0.00,0,-2.6,3.2
40.30,align,353.42,-0.13,0.285,1,1889.0,376.0,4.1,-11.2,5.05,-7.42,270,270,-1,-10.1,-6.6,-4.5,3.1,0.03,-0.00,0.00,0.00,0.00,0.00,-5.15,7.44,98,-1,0,-0,-0.5,0.00,0.285,0.299,0.09,0,28,0,358.6,184.1,289.0,271.4,0.00,0,-2.8,3.4
40.40,align,353.44,-0.15,0.282,1,1889.0,376.0,3.5,-10.5,5.05,-7.42,270,270,-1,-10.5,-7.8,-4.8,2.8,0.04,-0.00,0.00,0.00,0.00,0.00,-5.02,7.44,98,-1,0,-0,-0.5,0.00,0.282,0.300,0.12,0,28,0,358.8,182.9,292.2,271.2,0.00,0,-2.8,3.4
40.50,align,353.46,-0.17,0.280,1,1889.4,375.2,3.1,-9.7,4.88,-7.40,270,270,-1,-10.8,-9.2,-5.1,2.4,0.05,-0.01,0.00,0.00,0.00,0.00,-4.85,7.42,98,-1,0,-0,-0.5,0.00,0.280,0.302,0.15,0,28,0,358.8,182.9,292.2,271.2,0.00,0,-2.9,3.4
40.60,align,353.48,-0.19,0.279,1,1889.9,374.5,2.6,-9.0,4.75,-7.39,270,270,-1,-11.3,-10.9,-5.4,2.0,0.05,0.00,0.00,0.00,0.00,0.00,-4.73,7.41,98,-1,0,-0,-0.5,0.00,0.279,0.302,0.14,0,28,0,358.8,182.9,292.2,271.2,0.00,0,-2.7,3.8
40.70,align,353.49,-0.20,0.283,1,1890.4,373.7,2.1,-8.2,4.61,-7.38,270,270,-1,-11.9,-13.4,-5.6,1.5,0.05,0.01,0.00,0.00,0.00,0.00,-4.60,7.39,98,-1,0,-0,-0.4,0.00,0.283,0.305,0.06,0,28,0,358.8,182.9,292.2,271.2,0.00,0,-2.5,5.2
40.80,align,353.50,-0.21,0.288,1,1891.3,372.3,1.7,-7.5,4.35,-7.36,270,270,-1,-12.7,-17.7,-5.9,0.7,0.06,0.01,0.00,0.00,0.00,0.00,-4.47,7.38,98,-1,0,-0,-0.3,0.00,0.288,0.315,-0.05,0,28,0,359.0,180.8,318.6,271.0,0.00,0,-2.7,8.7
40.90,align,353.50,-0.20,0.294,1,1891.7,371.5,1.2,-6.8,4.22,-7.33,270,270,-1,-12.6,-18.1,-6.1,-0.2,0.03,0.01,0.00,0.00,0.00,0.00,-4.34,7.37,98,-1,0,-0,-0.3,0.00,0.294,0.307,-0.16,0,28,0,359.0,180.8,318.6,271.0,0.00,0,-3.1,10.5
41.00,align,353.49,-0.20,0.298,1,1891.7,371.5,0.8,-6.0,4.22,-7.33,270,270,-1,-12.5,-18.5,-6.5,-1.3,-0.00,-0.01,0.00,0.00,0.00,0.00,-4.21,7.33,98,-1,0,-0,-0.3,0.00,0.298,0.301,-0.23,0,28,0,359.0,180.8,318.6,271.0,0.00,0,-3.1,10.5
41.10,align,353.48,-0.19,0.298,1,1892.1,370.8,0.4,-5.3,4.04,-7.28,270,270,-1,-12.2,-18.9,-6.8,-2.4,-0.02,-0.02,0.00,0.00,0.00,0.00,-4.03,7.29,98,-1,0,-0,-0.3,0.00,0.298,0.313,-0.24,0,28,0,359.0,180.8,318.6,271.0,0.00,0,-3.5,11.5
41.20,align,353.48,-0.19,0.297,1,1892.9,369.4,-0.0,-4.6,3.69,-7.09,270,270,-1,-12.0,-19.1,-7.2,-3.6,-0.03,-0.02,0.00,0.00,0.00,0.00,-3.85,7.21,98,-1,0,-0,-0.2,0.00,0.297,0.320,-0.21,0,28,0,359.1,176.5,75.9,270.9,0.00,0,-3.7,12.3
41.30,align,353.48,-0.19,0.296,1,1893.2,368.7,-0.4,-3.9,3.52,-6.94,270,270,-1,-11.7,-19.2,-7.6,-4.9,-0.05,-0.03,0.00,0.00,0.00,0.00,-3.67,7.10,98,-1,0,-0,-0.0,0.00,0.296,0.328,-0.18,0,28,0,359.1,176.5,75.9,270.9,0.00,0,-3.8,12.4
41.40,align,353.48,-0.19,0.295,1,1893.2,368.7,-0.7,-3.2,3.52,-6.94,270,270,-1,-11.3,-19.2,-8.0,-6.1,-0.06,-0.04,0.00,0.00,0.00,0.00,-3.48,6.96,98,-1,0,-0,-0.0,-0.00,0.295,0.334,-0.15,0,28,0,359.1,176.5,75.9,270.9,0.00,0,-3.8,12.4
41.50,align,353.48,-0.19,0.296,1,1893.9,367.3,-1.1,-2.5,3.16,-6.56,270,270,-1,-11.0,-19.2,-8.4,-7.3,-0.06,-0.04,0.03,0.00,0.00,0.00,-3.29,6.79,98,-1,0,-0,0.3,-0.00,0.296,0.335,-0.17,0,28,0,359.1,176.5,75.9,270.9,0.00,0,-2.8,10.6
41.60,align,353.47,-0.18,0.297,1,1894.2,366.7,-1.4,-1.8,2.94,-6.32,271,270,-1,-10.6,-19.0,-8.6,-8.3,-0.04,-0.03,0.06,0.00,0.00,0.00,-3.10,6.59,98,-1,0,-1,0.3,-0.01,0.297,0.326,-0.19,0,28,0,358.9,171.8,82.6,271.1,0.00,0,-1.3,8.6
41.70,align,353.46,-0.17,0.297,1,1894.5,366.1,-1.7,-1.2,2.72,-6.05,271,270,-1,-10.1,-18.7,-8.7,-9.1,-0.02,-0.01,0.08,0.00,0.00,0.00,-2.87,6.35,98,-1,0,-1,0.3,-0.01,0.297,0.311,-0.18,0,28,0,358.9,171.8,82.6,271.1,0.00,0,-0.2,7.2
41.80,align,353.45,-0.16,0.297,1,1894.5,366.1,-2.0,-0.6,2.72,-6.05,271,270,-1,-9.6,-18.3,-8.7,-9.8,-0.01,-0.01,0.10,0.00,0.00,0.00,-2.64,6.09,98,-1,0,-1,0.3,-0.01,0.297,0.305,-0.18,0,28,0,358.9,171.8,82.6,271.1,0.00,0,-0.2,7.2
41.90,align,353.44,-0.15,0.298,1,1895.0,364.9,-2.2,0.0,2.29,-5.50,271,270,-1,-9.1,-17.9,-8.7,-10.5,-0.01,-0.01,0.12,0.00,0.00,0.00,-2.41,5.82,98,-1,0,-1,0.0,-0.01,0.298,0.304,-0.18,0,28,0,358.9,171.8,82.6,271.1,0.00,0,0.4,5.7
42.00,align,353.43,-0.14,0.298,1,1895.0,364.9,-2.5,0.6,2.29,-5.50,271,270,-1,-8.6,-17.4,-8.7,-11.0,-0.01,-0.01,0.13,0.00,0.00,0.00,-2.18,5.55,98,-1,0,-1,0.0,-0.01,0.298,0.306,-0.18,0,28,0,358.9,169.1,84.0,271.1,0.00,0,0.4,5.7
42.10,align,353.41,-0.12,0.299,1,1895.4,363.9,-2.7,1.1,1.89,-4.97,271,270,-1,-8.1,-17.0,-8.7,-11.6,-0.01,-0.01,0.14,0.00,0.00,0.00,-2.00,5.28,98,-1,0,-1,-0.1,-0.01,0.299,0.310,-0.18,0,28,0,358.9,169.1,84.0,271.1,0.00,0,0.5,5.1
42.20,align,353.41,-0.11,0.299,1,1895.4,363.9,-2.9,1.6,1.89,-4.97,271,270,-1,-7.6,-16.5,-8.6,-12.1,-0.02,-0.02,0.16,0.00,0.00,0.00,-1.78,5.01,98,-1,0,-1,-0.1,-0.01,0.299,0.315,-0.18,0,28,0,358.9,169.1,84.0,271.1,0.00,0,0.5,5.1
42.30,align,353.40,-0.10,0.300,1,1895.5,363.4,-3.0,2.1,1.71,-4.68,271,270,-1,-7.2,-16.0,-8.6,-12.6,-0.03,-0.02,0.17,0.00,0.00,0.00,-1.60,4.72,98,-1,0,-1,-0.1,-0.01,0.300,0.321,-0.18,0,28,0,358.9,169.1,84.0,271.1,0.00,0,0.4,5.0
42.40,align,353.38,-0.09,0.301,1,1895.8,362.6,-3.2,2.5,1.36,-4.10,272,270,-1,-6.7,-15.4,-8.6,-13.1,-0.04,-0.03,0.18,0.00,0.00,0.00,-1.42,4.43,98,-1,0,-2,-0.1,-0.01,0.301,0.328,-0.18,0,28,0,358.9,167.1,85.3,271.1,0.00,0,0.3,4.9
42.50,align,353.37,-0.08,0.301,1,1896.0,362.2,-3.3,2.9,1.14,-3.80,272,270,-1,-6.3,-14.8,-8.6,-13.6,-0.05,-0.04,0.20,0.00,0.00,0.00,-1.25,4.13,98,-1,0,-2,-0.2,-0.01,0.301,0.336,-0.18,0,28,0,358.9,167.1,85.3,271.1,0.00,0,0.2,4.8
42.60,align,353.35,-0.06,0.302,1,1896.0,362.2,-3.5,3.3,1.14,-3.80,272,270,-1,-5.7,-14.1,-8.6,-14.0,-0.06,-0.04,0.21,0.00,0.00,0.00,-1.03,3.83,98,-1,0,-2,-0.2,-0.01,0.302,0.343,-0.19,0,28,0,358.9,167.1,85.3,271.1,0.00,0,0.2,4.8
42.70,align,353.34,-0.05,0.302,1,1896.1,361.5,-3.6,3.7,0.79,-3.13,272,270,-1,-5.2,-13.4,-8.5,-14.4,-0.05,-0.04,0.22,0.00,0.00,0.00,-0.86,3.50,98,-1,0,-2,-0.6,-0.01,0.302,0.340,-0.17,0,28,0,358.9,167.1,85.3,271.1,0.00,0,1.9,2.3
42.80,align,353.33,-0.04,0.302,1,1896.1,361.5,-3.6,4.0,0.79,-3.13,272,270,-1,-4.8,-12.6,-8.3,-14.5,-0.04,-0.02,0.22,0.00,0.00,0.00,-0.69,3.15,98,-1,0,-2,-0.6,-0.01,0.302,0.326,-0.15,0,28,0,359.1,165.6,86.7,270.8,0.00,0,1.9,2.3
42.90,align,353.31,-0.02,0.304,1,1896.3,361.0,-3.7,4.3,0.40,-2.44,272,270,-1,-4.2,-11.7,-7.9,-14.5,-0.02,0.00,0.21,0.00,0.00,0.00,-0.48,2.81,98,-1,0,-2,-0.7,-0.00,0.304,0.311,-0.18,0,28,0,359.1,165.6,86.7,270.8,0.00,0,4.8,-1.1
43.00,align,353.29,0.00,0.306,1,1896.3,361.0,-3.8,4.5,0.40,-2.44,272,270,-1,-3.7,-10.8,-7.4,-14.3,-0.01,0.01,0.20,0.00,0.00,0.00,-0.32,2.45,98,-1,0,-2,-0.7,-0.00,0.306,0.314,-0.20,0,28,0,359.1,165.6,86.7,270.8,0.00,0,4.8,-1.1
43.10,align,353.27,0.02,0.308,1,1896.3,360.7,-3.8,4.8,0.22,-2.11,272,270,-1,-3.3,-10.0,-6.9,-14.1,-0.00,0.02,0.19,0.00,0.00,0.00,-0.15,2.12,98,-1,0,-2,-0.7,-0.00,0.308,0.316,-0.22,0,28,0,359.1,165.6,86.7,270.8,0.00,0,5.1,-1.9
43.20,align,353.25,0.05,0.309,1,1896.3,360.4,-3.8,5.0,-0.04,-1.49,272,269,-1,-2.9,-9.1,-6.4,-13.8,-0.00,0.02,0.17,0.00,0.00,0.00,-0.04,1.79,98,-1,0,-2,-0.7,-0.00,0.309,0.319,-0.23,0,28,0,359.9,166.2,89.7,270.1,0.00,0,5.3,-2.8
43.30,align,353.22,0.07,0.311,1,1896.3,360.3,-3.8,5.1,-0.18,-1.20,271,269,-1,-2.6,-8.3,-5.9,-13.5,-0.01,0.02,0.16,0.00,0.00,0.00,0.08,1.49,98,-1,0,-1,-0.7,-0.00,0.311,0.321,-0.23,0,28,0,359.9,166.2,89.7,270.1,0.00,0,5.2,-2.9
43.40,align,353.20,0.10,0.312,1,1896.3,360.2,-3.8,5.2,-0.26,-0.92,271,269,-1,-2.2,-7.5,-5.4,-13.2,-0.01,0.02,0.14,0.00,0.00,0.00,0.20,1.19,98,-1,0,-1,-0.7,-0.00,0.312,0.324,-0.24,0,28,0,359.9,166.2,89.7,270.1,0.00,0,5.1,-3.0
43.50,align,353.17,0.12,0.313,1,1896.3,360.2,-3.8,5.3,-0.26,-0.92,271,269,-1,-2.0,-6.7,-4.9,-12.9,-0.01,0.02,0.12,0.00,0.00,0.00,0.28,0.92,98,-1,0,-1,-0.7,0.00,0.313,0.328,-0.23,0,28,0,359.9,166.2,89.7,270.1,0.00,0,5.1,-3.0
43.60,align,353.15,0.15,0.314,1,1896.2,360.0,-3.7,5.4,-0.44,-0.40,271,268,-1,-1.7,-6.0,-4.4,-12.6,-0.02,0.02,0.11,0.00,0.00,0.00,0.36,0.65,98,-1,0,-1,-0.7,0.00,0.314,0.331,-0.23,0,28,0,0.7,167.4,93.1,269.3,0.00,0,4.8,-3.0
43.70,align,353.12,0.17,0.315,1,1896.1,360.0,-3.7,5.5,-0.53,-0.15,271,268,-1,-1.5,-5.2,-3.9,-12.3,-0.02,0.02,0.09,0.00,0.00,0.00,0.44,0.39,98,-1,0,-1,-0.6,0.00,0.315,0.334,-0.22,0,28,0,0.7,167.4,93.1,269.3,0.00,0,4.7,-3.0
43.80,align,353.10,0.19,0.316,1,1896.1,360.0,-3.6,5.5,-0.57,0.10,270,268,-1,-1.2,-4.5,-3.5,-11.9,-0.03,0.02,0.08,0.00,0.00,0.00,0.53,0.15,98,-1,0,-0,-0.6,0.01,0.316,0.337,-0.21,0,28,0,0.7,167.4,93.1,269.3,0.00,0,4.1,-3.2
43.90,align,353.08,0.21,0.315,1,1896.1,360.0,-3.6,5.5,-0.57,0.10,270,268,-1,-1.1,-3.7,-3.1,-11.6,-0.03,0.02,0.07,0.00,0.00,0.00,0.57,-0.10,98,-1,0,-0,-0.6,0.01,0.315,0.332,-0.17,0,28,0,0.7,167.4,93.1,269.3,0.00,0,4.1,-3.2
44.00,align,353.07,0.22,0.311,1,1896.0,360.1,-3.5,5.4,-0.62,0.34,270,268,-1,-0.9,-3.0,-2.8,-11.2,-0.02,0.01,0.05,0.00,0.00,0.00,0.62,-0.34,98,-1,0,0,-0.6,0.01,0.311,0.324,-0.09,0,28,0,1.3,168.7,96.5,268.7,0.00,0,3.5,-3.8
44.10,align,353.06,0.23,0.309,1,1895.9,360.1,-3.4,5.4,-0.66,0.56,270,268,-1,-0.7,-2.3,-2.5,-10.8,-0.03,0.00,0.04,0.00,0.00,0.00,0.66,-0.56,98,-1,0,0,-0.6,0.01,0.309,0.322,-0.04,0,28,0,1.3,168.7,96.5,268.7,0.00,0,3.0,-4.0
44.20,align,353.06,0.24,0.309,1,1895.8,360.3,-3.4,5.3,-0.75,0.98,269,268,-1,-0.6,-1.6,-2.2,-10.4,-0.03,0.00,0.02,0.00,0.00,0.00,0.71,-0.77,98,-1,0,1,-0.6,0.01,0.309,0.322,-0.02,0,28,0,1.3,168.7,96.5,268.7,0.00,0,2.7,-3.9
44.30,align,353.05,0.24,0.308,1,1895.8,360.3,-3.3,5.2,-0.75,0.98,269,268,-1,-0.4,-1.0,-2.0,-10.0,-0.04,0.00,0.01,0.00,0.00,0.00,0.76,-0.97,98,-1,0,1,-0.6,0.01,0.308,0.323,-0.01,0,28,0,1.3,168.7,96.5,268.7,0.00,0,2.7,-3.9
44.40,align,353.05,0.24,0.308,1,1895.7,360.4,-3.2,5.1,-0.79,1.16,269,267,-1,-0.2,-0.3,-1.7,-9.6,-0.04,-0.00,0.00,0.00,0.00,0.00,0.81,-1.15,98,-1,0,1,-0.5,0.01,0.308,0.324,0.01,0,28,0,1.7,170.3,100.0,268.3,0.00,0,2.5,-3.9
44.50,align,353.05,0.24,0.307,1,1895.6,360.5,-3.1,5.0,-0.79,1.36,269,267,-1,-0.1,0.3,-1.5,-9.2,-0.04,-0.00,0.00,0.00,0.00,0.00,0.82,-1.34,98,-1,0,1,-0.2,0.01,0.307,0.323,0.03,0,28,0,1.7,170.3,100.0,268.3,0.00,0,2.3,-4.0
44.60,align,353.05,0.24,0.306,1,1895.5,360.8,-3.1,4.8,-0.83,1.74,269,267,-1,-0.1,1.0,-1.3,-8.8,-0.04,-0.00,0.00,0.00,0.00,0.00,0.83,-1.53,98,-1,0,1,0.3,0.01,0.306,0.321,0.05,0,28,0,1.7,170.3,100.0,268.3,0.00,0,2.0,-4.9
44.70,align,353.05,0.24,0.306,1,1895.5,360.8,-3.0,4.7,-0.83,1.74,268,267,-1,0.1,1.6,-1.1,-8.2,-0.03,-0.00,0.00,0.00,0.00,0.00,0.88,-1.71,98,-1,0,2,0.3,0.01,0.306,0.319,0.06,0,28,0,1.7,170.3,100.0,268.3,0.00,0,2.0,-4.9
44.80,align,353.05,0.24,0.305,1,1895.4,361.0,-2.9,4.5,-0.83,1.91,268,267,-1,0.2,2.3,-0.9,-7.7,-0.02,-0.00,0.00,0.00,0.00,0.00,0.89,-1.88,98,-1,0,2,0.5,0.01,0.305,0.315,0.08,0,28,0,1.7,172.3,102.7,268.3,0.00,0,1.9,-5.6
44.90,align,353.05,0.24,0.304,1,1895.3,361.2,-2.8,4.3,-0.83,2.08,268,267,-1,0.3,2.9,-0.7,-7.1,-0.02,-0.01,0.00,0.00,0.00,0.00,0.90,-2.05,98,-1,0,2,0.7,0.00,0.304,0.312,0.10,0,28,0,1.7,172.3,102.7,268.3,0.00,0,1.7,-6.1
45.00,align,353.06,0.23,0.302,1,1895.1,361.7,-2.7,4.1,-0.83,2.33,268,267,-1,0.4,3.5,-0.6,-6.4,-0.01,-0.01,0.00,0.00,0.00,0.00,0.91,-2.19,98,-1,0,2,1.0,0.00,0.302,0.310,0.13,0,28,0,1.7,172.3,102.7,268.3,0.00,0,1.4,-6.6
45.10,align,353.07,0.23,0.301,1,1895.1,361.9,-2.6,3.8,-0.83,2.44,268,267,-1,0.5,3.9,-0.4,-5.7,-0.01,-0.01,0.00,0.00,0.00,0.00,0.92,-2.30,98,-1,0,2,1.1,0.00,0.301,0.307,0.15,0,28,0,1.7,172.3,102.7,268.3,0.00,0,1.2,-6.6
45.20,align,353.07,0.22,0.299,1,1895.1,361.9,-2.6,3.6,-0.83,2.44,268,268,-1,0.5,4.4,-0.3,-5.1,-0.01,-0.01,0.00,0.00,0.00,0.00,0.93,-2.41,98,-1,0,2,1.1,0.00,0.299,0.306,0.18,0,28,0,1.4,174.9,105.5,268.6,0.00,0,1.2,-6.6
45.30,align,353.09,0.21,0.297,1,1895.0,362.2,-2.5,3.3,-0.83,2.53,268,268,-1,0.6,4.8,-0.2,-4.4,-0.01,-0.01,0.00,0.00,0.00,0.00,0.93,-2.49,98,-1,0,2,1.1,0.00,0.297,0.304,0.21,0,28,0,1.4,174.9,105.5,268.6,0.00,0,1.1,-6.7
45.40,align,353.10,0.19,0.295,1,1894.8,362.7,-2.4,3.1,-0.83,2.65,268,268,-1,0.7,5.2,-0.1,-3.8,-0.00,-0.01,0.00,0.00,0.00,0.00,0.94,-2.56,98,-1,0,2,1.2,0.00,0.295,0.302,0.24,0,28,0,1.4,174.9,105.5,268.6,0.00,0,0.8,-6.6
45.50,align,353.12,0.17,0.292,1,1894.7,363.0,-2.3,2.8,-0.79,2.69,268,268,-1,0.7,5.5,0.0,-3.1,-0.00,-0.02,0.00,0.00,0.00,0.00,0.94,-2.61,98,-1,0,2,1.2,0.00,0.292,0.300,0.27,0,28,0,1.4,174.9,105.5,268.6,0.00,0,0.6,-6.5
45.60,align,353.14,0.15,0.290,1,1894.7,363.0,-2.2,2.5,-0.79,2.69,268,268,-1,0.7,5.8,0.1,-2.5,-0.00,-0.02,0.00,0.00,0.00,0.00,0.90,-2.66,98,-1,0,2,1.2,0.00,0.290,0.297,0.31,0,28,0,1.0,177.5,111.4,269.0,0.00,0,0.6,-6.5
45.70,align,353.17,0.13,0.287,1,1894.6,363.5,-2.2,2.3,-0.79,2.74,268,268,-1,0.7,6.1,0.1,-1.8,0.00,-0.02,0.00,0.00,0.00,0.00,0.89,-2.68,98,-1,0,2,1.2,0.00,0.287,0.295,0.34,0,28,0,1.0,177.5,111.4,269.0,0.00,0,0.4,-6.3
45.80,align,353.19,0.10,0.284,1,1894.5,363.8,-2.1,2.0,-0.79,2.74,268,268,-1,0.8,6.3,0.2,-1.2,0.00,-0.02,0.00,0.00,0.00,0.00,0.89,-2.70,98,-1,0,2,1.2,0.00,0.284,0.294,0.37,0,28,0,1.0,177.5,111.4,269.0,0.00,0,0.2,-6.2
45.90,align,353.22,0.07,0.281,1,1894.4,364.0,-2.0,1.7,-0.75,2.72,268,268,-1,0.8,6.5,0.2,-0.6,0.00,-0.03,0.00,0.00,0.00,0.00,0.89,-2.70,98,-1,0,2,1.2,0.00,0.281,0.293,0.40,0,28,0,1.0,177.5,111.4,269.0,0.00,0,0.1,-6.2
46.00,align,353.26,0.04,0.278,1,1894.4,364.0,-1.9,1.5,-0.75,2.72,268,269,-1,0.7,6.6,0.2,0.0,0.01,-0.03,0.00,0.00,0.00,0.00,0.84,-2.70,98,-1,0,2,1.2,-0.00,0.278,0.291,0.44,0,28,0,0.5,180.0,185.4,269.5,0.00,0,0.1,-6.2
46.10,align,353.29,-0.00,0.274,1,1894.3,364.3,-1.8,1.2,-0.75,2.70,268,269,-1,0.8,6.7,0.2,0.6,0.01,-0.03,0.00,0.00,0.00,0.00,0.84,-2.68,98,-1,0,2,1.2,-0.00,0.274,0.290,0.47,0,28,0,0.5,180.0,185.4,269.5,0.00,0,-0.1,-6.0
46.20,align,353.33,-0.04,0.273,1,1894.3,364.6,-1.8,0.9,-0.75,2.67,268,269,-1,0.8,6.8,0.2,1.2,0.01,-0.03,0.00,0.00,0.00,0.00,0.83,-2.64,98,-1,0,2,1.2,-0.00,0.273,0.285,0.46,0,28,0,0.5,180.0,185.4,269.5,0.00,0,0.1,-5.7
46.30,align,353.36,-0.06,0.275,1,1894.1,365.1,-1.7,0.7,-0.75,2.57,268,269,-1,0.9,6.8,0.3,1.7,0.01,-0.01,0.00,0.00,0.00,0.00,0.83,-2.60,98,-1,0,2,1.2,-0.00,0.275,0.283,0.39,0,28,0,0.5,180.0,185.4,269.5,0.00,0,1.8,-5.2
46.40,align,353.37,-0.08,0.279,1,1894.1,365.1,-1.6,0.4,-0.75,2.57,268,269,-1,0.9,6.9,0.5,2.2,0.01,0.00,0.00,0.00,0.00,0.00,0.82,-2.55,98,-1,0,2,1.2,-0.00,0.279,0.285,0.28,0,28,0,0.0,182.2,269.8,270.0,0.00,0,1.8,-5.2
46.50,align,353.39,-0.09,0.280,1,1894.0,365.4,-1.5,0.1,-0.70,2.52,268,269,-1,0.8,6.9,0.7,2.7,0.01,0.01,0.00,0.00,0.00,0.00,0.77,-2.50,98,-1,0,2,1.2,-0.00,0.280,0.289,0.24,0,28,0,0.0,182.2,269.8,270.0,0.00,0,2.3,-5.2
46.60,align,353.41,-0.11,0.277,1,1893.9,365.8,-1.5,-0.1,-0.66,2.35,269,269,-1,0.8,6.8,0.9,3.3,0.02,0.01,0.00,0.00,0.00,0.00,0.77,-2.42,98,-1,0,1,1.2,-0.00,0.277,0.288,0.28,0,28,0,0.0,182.2,269.8,270.0,0.00,0,1.9,-4.9
46.70,align,353.43,-0.13,0.274,1,1893.9,365.8,-1.4,-0.3,-0.66,2.35,269,269,-1,0.7,6.7,1.1,3.7,0.02,0.01,0.00,0.00,0.00,0.00,0.72,-2.33,98,-1,0,1,1.2,-0.00,0.274,0.287,0.31,0,28,0,0.0,182.2,269.8,270.0,0.00,0,1.9,-4.9
46.80,align,353.45,-0.15,0.273,1,1893.8,366.1,-1.3,-0.6,-0.66,2.26,269,270,-1,0.7,6.6,1.2,4.2,0.02,0.00,0.00,0.00,0.00,0.00,0.71,-2.25,98,-1,0,1,1.2,-0.01,0.273,0.282,0.30,0,28,0,359.5,184.2,276.9,270.5,0.00,0,1.5,-4.5
46.90,align,353.47,-0.17,0.274,1,1893.8,366.3,-1.3,-0.8,-0.62,2.18,269,270,-1,0.6,6.5,1.3,4.6,0.02,-0.01,0.00,0.00,0.00,0.00,0.66,-2.16,98,-1,0,1,1.2,-0.01,0.274,0.284,0.26,0,28,0,359.5,184.2,276.9,270.5,0.00,0,0.8,-4.0
47.00,align,353.48,-0.18,0.277,1,1893.7,366.7,-1.2,-1.0,-0.57,1.97,269,270,-1,0.5,6.3,1.3,4.8,0.00,-0.01,0.00,0.00,0.00,0.00,0.61,-2.05,98,-1,0,1,1.1,-0.01,0.277,0.283,0.19,0,28,0,359.5,184.2,276.9,270.5,0.00,0,0.5,-1.9
47.10,align,353.49,-0.19,0.280,1,1893.7,366.7,-1.2,-1.2,-0.57,1.97,269,270,-1,0.5,6.1,1.3,5.0,-0.00,-0.01,0.00,0.00,0.00,0.00,0.60,-1.96,98,-1,0,1,1.1,-0.01,0.280,0.285,0.11,0,28,0,359.5,184.2,276.9,270.5,0.00,0,0.5,-1.9
47.20,align,353.49,-0.20,0.280,1,1893.6,366.9,-1.1,-1.4,-0.53,1.86,269,270,-1,0.4,5.9,1.4,5.2,-0.00,-0.00,0.00,0.00,0.00,0.00,0.55,-1.85,98,-1,0,1,1.1,-0.01,0.280,0.283,0.11,0,28,0,359.0,185.2,280.9,271.0,0.00,0,0.6,-1.6
47.30,align,353.50,-0.21,0.278,1,1893.6,367.1,-1.1,-1.6,-0.48,1.74,269,270,-1,0.3,5.7,1.4,5.4,-0.00,-0.01,0.00,0.00,0.00,0.00,0.50,-1.73,98,-1,0,1,1.2,-0.01,0.278,0.280,0.14,0,28,0,359.0,185.2,280.9,271.0,0.00,0,0.5,-1.7
47.40,align,353.52,-0.22,0.275,1,1893.5,367.4,-1.0,-1.7,-0.44,1.49,269,270,-1,0.2,5.4,1.4,5.5,0.00,-0.01,0.00,0.00,0.00,0.00,0.45,-1.61,98,-1,0,1,1.0,-0.01,0.275,0.279,0.17,0,28,0,359.0,185.2,280.9,271.0,0.00,0,0.2,-1.4
47.50,align,353.53,-0.24,0.273,1,1893.5,367.4,-1.0,-1.9,-0.44,1.49,270,270,-1,0.2,5.1,1.5,5.7,0.01,-0.01,0.00,0.00,0.00,0.00,0.45,-1.49,98,-1,0,0,1.0,-0.01,0.273,0.278,0.20,0,28,0,359.0,185.2,280.9,271.0,0.00,0,0.2,-1.4
47.60,align,353.55,-0.26,0.270,1,1893.4,367.7,-0.9,-2.0,-0.35,1.24,270,270,-1,0.1,4.9,1.4,5.8,0.01,-0.01,0.00,0.00,0.00,0.00,0.40,-1.37,98,-1,0,0,1.2,-0.01,0.270,0.277,0.23,0,28,0,358.5,185.8,284.3,271.5,0.00,0,-0.1,-1.5
47.70,align,353.58,-0.28,0.267,1,1893.4,367.8,-0.9,-2.2,-0.31,1.12,270,270,-1,-0.1,4.6,1.4,6.0,0.01,-0.01,0.00,0.00,0.00,0.00,0.35,-1.24,98,-1,0,0,1.1,-0.01,0.267,0.277,0.25,0,28,0,358.5,185.8,284.3,271.5,0.00,0,0.1,-1.0
47.80,align,353.60,-0.31,0.266,1,1893.3,367.9,-0.9,-2.3,-0.31,1.00,270,270,-1,-0.2,4.3,1.4,6.1,0.01,-0.00,0.00,0.00,0.00,0.00,0.31,-1.12,98,-1,0,0,1.0,-0.01,0.266,0.272,0.25,0,28,0,358.5,185.8,284.3,271.5,0.00,0,0.2,-0.2
47.90,align,353.61,-0.32,0.269,1,1893.3,367.9,-0.8,-2.4,-0.31,1.00,270,270,-1,-0.2,4.0,1.4,6.1,-0.00,-0.00,0.00,0.00,0.00,0.00,0.31,-1.00,98,-1,0,-0,1.0,-0.01,0.269,0.272,0.17,0,28,0,358.5,185.8,284.3,271.5,0.00,0,0.2,-0.2
48.00,align,353.62,-0.33,0.274,1,1893.3,368.0,-0.8,-2.5,-0.26,0.89,270,271,-1,-0.3,3.7,1.4,5.9,-0.02,-0.00,0.00,0.00,0.00,0.00,0.26,-0.89,98,-1,0,-0,1.1,-0.01,0.274,0.283,0.06,0,28,0,358.1,185.9,288.2,271.9,0.00,0,0.1,0.9
48.10,align,353.62,-0.33,0.276,1,1893.3,368.0,-0.8,-2.5,-0.22,0.77,270,271,-1,-0.4,3.4,1.4,5.8,-0.02,-0.00,0.00,0.00,0.00,0.00,0.21,-0.77,98,-1,0,-0,1.2,-0.02,0.276,0.286,0.02,0,28,0,358.1,185.9,288.2,271.9,0.00,0,-0.0,1.6
48.20,align,353.63,-0.33,0.276,1,1893.2,368.2,-0.8,-2.6,-0.18,0.55,270,271,-1,-0.5,3.1,1.4,5.7,-0.01,0.00,0.00,0.00,0.00,0.00,0.17,-0.66,98,-1,0,-0,1.2,-0.02,0.276,0.281,0.01,0,28,0,358.1,185.9,288.2,271.9,0.00,0,0.6,0.8
48.30,align,353.62,-0.33,0.277,1,1893.2,368.2,-0.7,-2.7,-0.13,0.44,271,271,-1,-0.5,2.8,1.5,5.6,-0.00,0.01,0.00,0.00,0.00,0.00,0.17,-0.55,98,-1,0,-1,1.1,-0.02,0.277,0.282,-0.03,0,28,0,358.1,185.9,288.2,271.9,0.00,0,0.7,0.5
48.40,align,353.62,-0.33,0.278,1,1893.2,368.2,-0.7,-2.7,-0.13,0.44,271,271,-1,-0.7,2.5,1.5,5.6,0.00,0.01,0.00,0.00,0.00,0.00,0.13,-0.44,98,-1,0,-1,1.1,-0.02,0.278,0.282,-0.03,0,28,0,357.6,185.5,293.6,272.4,0.00,0,0.7,0.5
48.50,align,353.62,-0.33,0.276,1,1893.2,368.3,-0.7,-2.7,-0.04,0.21,271,271,-1,-0.8,2.2,1.6,5.5,0.00,0.01,0.00,0.00,0.00,0.00,0.08,-0.32,98,-1,0,-1,1.0,-0.02,0.276,0.281,-0.00,0,28,0,357.6,185.5,293.6,272.4,0.00,0,0.4,0.6
48.60,align,353.63,-0.33,0.274,1,1893.2,368.3,-0.7,-2.8,0.00,0.10,271,271,-1,-0.9,1.9,1.6,5.4,0.01,0.01,0.00,0.00,0.00,0.00,0.04,-0.21,98,-1,0,-1,1.1,-0.02,0.274,0.280,0.03,0,28,0,357.6,185.5,293.6,272.4,0.00,0,0.3,0.7
48.70,align,353.64,-0.34,0.271,1,1893.2,368.3,-0.7,-2.8,0.00,0.10,271,271,-1,-1.1,1.6,1.6,5.4,0.01,0.01,0.00,0.00,0.00,0.00,-0.00,-0.10,98,-1,0,-1,1.1,-0.02,0.271,0.279,0.06,0,28,0,357.6,185.5,293.6,272.4,0.00,0,0.3,0.7
48.80,align,353.65,-0.35,0.269,1,1893.2,368.3,-0.7,-2.8,0.04,-0.10,271,272,-1,-1.1,1.3,1.6,5.3,0.01,0.01,0.00,0.00,0.00,0.00,0.00,0.00,98,-1,0,-1,1.2,-0.02,0.269,0.277,0.09,0,28,0,357.1,185.2,298.5,272.8,0.00,0,-0.3,1.1
48.90,align,353.66,-0.36,0.269,1,1893.2,368.3,-0.7,-2.8,0.04,-0.10,271,272,-1,-1.2,1.0,1.6,5.2,0.01,0.00,0.00,0.00,0.00,0.00,-0.04,0.10,98,-1,0,-1,1.2,-0.02,0.269,0.271,0.08,0,28,0,357.1,185.2,298.5,272.8,0.00,0,-0.3,1.1
49.00,align,353.66,-0.37,0.270,1,1893.2,368.2,-0.7,-2.8,0.13,-0.29,271,272,-1,-1.3,0.7,1.4,5.0,-0.00,-0.01,0.00,0.00,0.00,0.00,-0.08,0.20,98,-1,0,-1,1.1,-0.02,0.270,0.274,0.04,0,28,0,357.1,185.2,298.5,272.8,0.00,0,-1.4,2.4
49.10,align,353.66,-0.37,0.273,1,1893.2,368.2,-0.7,-2.7,0.13,-0.29,271,272,-1,-1.5,0.4,1.3,4.8,-0.02,-0.01,0.00,0.00,0.00,0.00,-0.12,0.29,98,-1,0,-1,1.1,-0.02,0.273,0.285,-0.03,0,28,0,357.1,185.2,298.5,272.8,0.00,0,-1.4,2.4
49.20,align,353.65,-0.36,0.279,1,1893.3,368.2,-0.8,-2.7,0.18,-0.44,272,272,-1,-1.5,0.1,1.2,4.5,-0.02,-0.00,0.00,0.00,0.00,0.00,-0.12,0.37,98,-1,0,-2,1.1,-0.02,0.279,0.288,-0.14,0,28,0,356.7,184.4,306.5,273.2,0.00,0,-0.2,2.8
49.30,align,353.63,-0.34,0.283,1,1893.3,368.1,-0.8,-2.7,0.18,-0.52,272,272,-1,-1.6,-0.1,1.2,4.2,-0.01,0.01,0.00,0.00,0.00,0.00,-0.16,0.44,98,-1,0,-2,1.0,-0.03,0.283,0.291,-0.21,0,28,0,356.7,184.4,306.5,273.2,0.00,0,-0.0,2.5
49.40,align,353.62,-0.33,0.284,1,1893.3,368.1,-0.8,-2.6,0.18,-0.52,272,272,-1,-1.6,-0.4,1.2,4.0,-0.01,0.01,0.00,0.00,0.00,0.00,-0.16,0.52,98,-1,0,-2,1.0,-0.03,0.284,0.291,-0.21,0,28,0,356.7,184.4,306.5,273.2,0.00,0,-0.0,2.5
49.50,align,353.61,-0.31,0.282,1,1893.3,368.1,-0.8,-2.6,0.22,-0.59,272,272,-1,-1.7,-0.7,1.2,3.7,-0.01,0.01,0.00,0.00,0.00,0.00,-0.20,0.60,98,-1,0,-2,1.0,-0.03,0.282,0.289,-0.18,0,28,0,356.7,184.4,306.5,273.2,0.00,0,-0.2,2.4
49.60,align,353.60,-0.31,0.281,1,1893.3,368.0,-0.8,-2.5,0.26,-0.66,272,273,-1,-1.9,-0.9,1.1,3.5,-0.01,0.01,0.00,0.00,0.00,0.00,-0.24,0.67,98,-1,0,-2,1.0,-0.03,0.281,0.287,-0.14,0,28,0,356.3,183.4,317.3,273.7,0.00,0,-0.3,2.4
49.70,align,353.59,-0.30,0.279,1,1893.4,367.9,-0.9,-2.4,0.26,-0.71,272,273,-1,-1.9,-1.1,1.1,3.2,-0.01,0.00,0.00,0.00,0.00,0.00,-0.24,0.72,98,-1,0,-2,1.0,-0.03,0.279,0.285,-0.11,0,28,0,356.3,183.4,317.3,273.7,0.00,0,-0.4,2.5
49.80,align,353.59,-0.30,0.277,1,1893.4,367.8,-0.9,-2.3,0.31,-0.78,272,273,-1,-2.0,-1.4,1.0,2.9,-0.01,0.00,0.00,0.00,0.00,0.00,-0.28,0.79,98,-1,0,-2,0.9,-0.03,0.277,0.282,-0.07,0,28,0,356.3,183.4,317.3,273.7,0.00,0,-0.5,2.4
49.90,align,353.59,-0.30,0.275,1,1893.4,367.8,-0.9,-2.3,0.31,-0.82,272,273,-1,-2.0,-1.6,0.9,2.7,-0.01,0.00,0.00,0.00,0.00,0.00,-0.27,0.84,98,-1,0,-2,1.0,-0.03,0.275,0.280,-0.04,0,28,0,356.3,183.4,317.3,273.7,0.00,0,-0.7,2.6
50.00,align,353.60,-0.31,0.273,1,1893.5,367.6,-1.0,-2.2,0.35,-0.91,272,273,-1,-2.2,-1.8,0.8,2.4,-0.01,0.00,0.00,0.00,0.00,0.00,-0.31,0.88,98,-1,0,-2,1.0,-0.03,0.273,0.277,-0.00,0,28,0,355.9,182.4,329.7,274.1,0.00,0,-1.0,2.6
50.10,align,353.61,-0.32,0.270,1,1893.5,367.5,-1.0,-2.1,0.35,-0.94,273,273,-1,-2.2,-1.9,0.7,2.2,-0.01,-0.00,0.00,0.00,0.00,0.00,-0.31,0.93,98,-1,0,-3,1.0,-0.03,0.270,0.276,0.03,0,28,0,355.9,182.4,329.7,274.1,0.00,0,-1.1,2.6
50.20,align,353.62,-0.33,0.268,1,1893.5,367.5,-1.0,-2.0,0.35,-0.94,273,273,-1,-2.2,-2.1,0.6,1.9,-0.01,-0.01,0.00,0.00,0.00,0.00,-0.31,0.96,98,-1,0,-3,1.0,-0.03,0.268,0.275,0.07,0,28,0,355.9,182.4,329.7,274.1,0.00,0,-1.1,2.6
50.30,align,353.63,-0.34,0.267,1,1893.6,367.4,-1.1,-1.9,0.40,-0.98,273,273,-1,-2.4,-2.3,0.5,1.7,-0.01,0.00,0.00,0.00,0.00,0.00,-0.35,1.00,98,-1,0,-3,1.0,-0.03,0.267,0.270,0.07,0,28,0,355.9,182.4,329.7,274.1,0.00,0,-0.9,2.3
50.40,align,353.63,-0.34,0.270,1,1893.6,367.3,-1.1,-1.8,0.40,-1.00,273,273,-1,-2.4,-2.4,0.4,1.6,0.01,0.00,0.00,0.00,0.00,0.00,-0.35,1.02,98,-1,0,-3,1.1,-0.03,0.271,0.274,-0.00,0,28,0,355.6,181.5,340.9,274.4,0.00,0,-0.9,1.6
50.50,align,353.62,-0.32,0.276,1,1893.7,367.1,-1.1,-1.7,0.40,-1.03,273,273,-1,-2.4,-2.5,0.3,1.6,0.03,-0.00,0.00,0.00,0.00,0.00,-0.34,1.03,98,-1,0,-3,0.9,-0.03,0.276,0.288,-0.11,0,28,0,355.6,181.5,340.9,274.4,0.00,0,-1.3,0.1
50.60,align,353.60,-0.31,0.280,1,1893.7,367.1,-1.2,-1.6,0.40,-1.03,273,273,-1,-2.4,-2.6,0.2,1.5,0.03,-0.01,0.00,0.00,0.00,0.00,-0.34,1.05,98,-1,0,-3,0.9,-0.03,0.280,0.295,-0.18,0,28,0,355.6,181.5,340.9,274.4,0.00,0,-1.3,0.1
50.70,align,353.57,-0.28,0.284,1,1893.8,366.9,-1.2,-1.5,0.40,-1.08,273,273,-1,-2.4,-2.8,-0.0,1.4,0.01,-0.02,0.00,0.00,0.00,0.00,-0.34,1.07,98,-1,0,-3,0.7,-0.03,0.284,0.295,-0.25,0,28,0,355.6,181.5,340.9,274.4,0.00,0,-1.5,2.1
50.80,align,353.55,-0.25,0.289,1,1893.8,366.8,-1.3,-1.4,0.40,-1.10,273,274,-1,-2.4,-2.9,-0.2,1.2,-0.01,-0.01,0.00,0.00,0.00,0.00,-0.34,1.10,98,-1,0,-3,0.4,-0.03,0.289,0.296,-0.32,0,28,0,355.2,181.2,346.2,274.8,0.00,0,-1.4,2.8
50.90,align,353.52,-0.23,0.290,1,1893.8,366.7,-1.3,-1.3,0.40,-1.12,273,274,-1,-2.5,-3.1,-0.3,0.9,-0.01,-0.01,0.00,0.00,0.00,0.00,-0.33,1.12,98,-1,0,-3,0.2,-0.03,0.290,0.300,-0.31,0,28,0,355.2,181.2,346.2,274.8,0.00,0,-1.5,2.9
51.00,align,353.50,-0.21,0.289,1,1893.8,366.7,-1.3,-1.2,0.40,-1.12,273,274,-1,-2.5,-3.2,-0.5,0.6,-0.02,-0.02,0.00,0.00,0.00,0.00,-0.33,1.14,98,-1,0,-3,0.2,-0.03,0.289,0.302,-0.27,0,28,0,355.2,181.2,346.2,274.8,0.00,0,-1.5,2.9
51.10,align,353.48,-0.19,0.287,1,1893.9,366.5,-1.4,-1.0,0.40,-1.13,273,274,-1,-2.5,-3.3,-0.6,0.3,-0.02,-0.02,0.00,0.00,0.00,0.00,-0.33,1.15,98,-1,0,-3,0.1,-0.02,0.287,0.303,-0.23,0,28,0,355.2,181.2,346.2,274.8,0.00,0,-1.6,3.1
51.20,align,353.47,-0.18,0.286,1,1893.9,366.3,-1.4,-0.9,0.35,-1.12,273,274,-1,-2.4,-3.4,-0.8,-0.0,-0.02,-0.02,0.00,0.00,0.00,0.00,-0.28,1.15,98,-1,0,-3,-0.0,-0.02,0.286,0.305,-0.20,0,28,0,355.2,180.0,359.6,274.8,0.00,0,-1.9,3.2
51.30,align,353.46,-0.17,0.284,1,1893.9,366.3,-1.4,-0.8,0.35,-1.12,274,274,-1,-2.4,-3.4,-1.0,-0.4,-0.03,-0.03,0.00,0.00,0.00,0.00,-0.28,1.14,98,-1,0,-4,-0.0,-0.02,0.284,0.306,-0.16,0,28,0,355.2,180.0,359.6,274.8,0.00,0,-1.9,3.2
51.40,align,353.45,-0.16,0.283,1,1894.0,366.2,-1.5,-0.7,0.31,-1.11,274,274,-1,-2.3,-3.5,-1.2,-0.7,-0.03,-0.03,0.00,0.00,0.00,0.00,-0.24,1.13,98,-1,0,-4,-0.0,-0.02,0.283,0.308,-0.12,0,28,0,355.2,180.0,359.6,274.8,0.00,0,-2.0,3.3
51.50,align,353.45,-0.15,0.283,1,1894.0,366.1,-1.5,-0.6,0.31,-1.09,274,274,-1,-2.3,-3.5,-1.4,-1.0,-0.02,-0.03,0.00,0.00,0.00,0.00,-0.24,1.10,98,-1,0,-4,-0.2,-0.02,0.283,0.304,-0.12,0,28,0,355.2,180.0,359.6,274.8,0.00,0,-1.8,3.0
51.60,align,353.43,-0.14,0.285,1,1894.1,365.9,-1.5,-0.5,0.22,-1.02,274,274,-1,-2.2,-3.4,-1.5,-1.1,-0.01,-0.02,0.00,0.00,0.00,0.00,-0.20,1.07,98,-1,0,-4,-1.3,-0.02,0.285,0.299,-0.15,0,28,0,355.3,179.0,12.2,274.7,0.00,0,-0.4,1.3
51.70,align,353.42,-0.12,0.288,1,1894.1,365.9,-1.6,-0.4,0.22,-1.02,274,274,-1,-2.1,-3.4,-1.5,-1.3,-0.00,-0.01,0.00,0.00,0.00,0.00,-0.15,1.03,98,-1,0,-4,-1.3,-0.01,0.288,0.293,-0.19,0,28,0,355.3,179.0,12.2,274.7,0.00,0,-0.4,1.3
51.80,align,353.40,-0.11,0.288,1,1894.1,365.7,-1.6,-0.3,0.13,-0.94,274,274,-1,-2.0,-3.3,-1.5,-1.3,0.00,-0.01,0.00,0.00,0.00,0.00,-0.11,0.99,98,-1,0,-4,-2.2,-0.01,0.288,0.291,-0.19,0,28,0,355.3,179.0,12.2,274.7,0.00,0,0.2,0.7
51.90,align,353.39,-0.09,0.287,1,1894.1,365.7,-1.6,-0.2,0.13,-0.94,274,274,-1,-1.8,-3.3,-1.5,-1.4,0.00,-0.01,0.00,0.00,0.00,0.00,-0.07,0.95,98,-1,0,-4,-2.2,0.00,0.287,0.290,-0.15,0,28,0,355.3,179.0,12.2,274.7,0.00,0,0.2,0.7
52.00,align,353.38,-0.08,0.285,1,1894.1,365.6,-1.6,-0.1,0.09,-0.91,274,273,-1,-1.7,-3.2,-1.4,-1.5,0.00,-0.01,0.00,0.00,0.00,0.00,-0.03,0.92,98,-1,0,-4,-2.3,0.00,0.285,0.289,-0.11,0,28,0,356.1,178.6,19.1,273.9,0.00,0,0.2,0.7
52.10,align,353.37,-0.08,0.284,1,1894.1,365.5,-1.6,-0.0,0.04,-0.88,273,273,-1,-1.6,-3.2,-1.4,-1.5,-0.00,-0.01,0.00,0.00,0.00,0.00,0.01,0.88,98,-1,0,-3,-2.4,0.00,0.284,0.288,-0.08,0,28,0,356.1,178.6,19.1,273.9,0.00,0,0.1,0.7
52.20,align,353.37,-0.08,0.282,1,1894.1,365.3,-1.6,0.1,0.00,-0.80,273,273,-1,-1.5,-3.1,-1.4,-1.6,-0.00,-0.01,0.00,0.00,0.00,0.00,0.05,0.83,98,-1,0,-3,-2.5,0.01,0.282,0.288,-0.04,0,28,0,356.1,178.6,19.1,273.9,0.00,0,-0.0,0.7
52.30,align,353.37,-0.08,0.280,1,1894.1,365.3,-1.6,0.2,-0.04,-0.76,273,273,-1,-1.5,-3.0,-1.5,-1.6,-0.00,-0.01,0.00,0.00,0.00,0.00,0.05,0.80,98,-1,0,-3,-2.6,0.01,0.280,0.287,-0.01,0,28,0,356.1,178.6,19.1,273.9,0.00,0,-0.2,0.7
52.40,align,353.37,-0.08,0.278,1,1894.1,365.3,-1.6,0.2,-0.04,-0.76,273,272,-1,-1.4,-2.9,-1.5,-1.7,-0.00,-0.02,0.00,0.00,0.00,0.00,0.09,0.75,98,-1,0,-3,-2.6,0.01,0.278,0.287,0.03,0,28,0,357.1,178.4,29.5,272.9,0.00,0,-0.2,0.7
52.50,align,353.38,-0.09,0.276,1,1894.1,365.2,-1.6,0.3,-0.09,-0.73,273,272,-1,-1.2,-2.9,-1.5,-1.8,-0.01,-0.02,0.00,0.00,0.00,0.00,0.13,0.72,98,-1,0,-3,-2.6,0.01,0.276,0.287,0.07,0,28,0,357.1,178.4,29.5,272.9,0.00,0,-0.3,0.7
52.60,align,353.40,-0.10,0.274,1,1894.1,365.1,-1.6,0.4,-0.13,-0.65,273,272,-1,-1.2,-2.8,-1.6,-1.9,-0.01,-0.02,0.00,0.00,0.00,0.00,0.12,0.68,98,-1,0,-3,-2.7,0.01,0.274,0.286,0.10,0,28,0,357.1,178.4,29.5,272.9,0.00,0,-0.3,0.5
52.70,align,353.40,-0.11,0.273,1,1894.1,365.1,-1.6,0.4,-0.13,-0.65,273,272,-1,-1.1,-2.7,-1.6,-1.9,-0.00,-0.02,0.00,0.00,0.00,0.00,0.16,0.64,98,-1,0,-3,-2.7,0.01,0.273,0.282,0.10,0,28,0,357.1,178.4,29.5,272.9,0.00,0,-0.3,0.5
52.80,align,353.41,-0.12,0.275,1,1894.1,365.0,-1.6,0.5,-0.18,-0.60,272,271,-1,-1.0,-2.6,-1.6,-1.9,0.00,-0.01,0.00,0.00,0.00,0.00,0.20,0.60,98,-1,0,-2,-2.6,0.01,0.275,0.282,0.06,0,28,0,358.1,178.2,44.2,271.9,0.00,0,0.2,-0.0
52.90,align,353.41,-0.11,0.278,1,1894.0,364.9,-1.5,0.6,-0.22,-0.53,272,271,-1,-1.0,-2.6,-1.5,-1.8,0.01,-0.00,0.00,0.00,0.00,0.00,0.20,0.56,98,-1,0,-2,-2.6,0.01,0.278,0.281,-0.01,0,28,0,358.1,178.2,44.2,271.9,0.00,0,1.7,0.0
53.00,align,353.40,-0.10,0.282,1,1894.0,364.8,-1.5,0.6,-0.26,-0.49,272,271,-1,-0.9,-2.5,-1.3,-1.8,-0.00,0.01,0.00,0.00,0.00,0.00,0.24,0.52,98,-1,0,-2,-2.4,0.02,0.282,0.286,-0.08,0,28,0,358.1,178.2,44.2,271.9,0.00,0,1.7,0.4
53.10,align,353.39,-0.10,0.282,1,1894.0,364.8,-1.5,0.7,-0.26,-0.45,272,271,-1,-0.7,-2.4,-1.1,-1.9,-0.01,0.01,0.00,0.00,0.00,0.00,0.28,0.49,98,-1,0,-2,-2.5,0.02,0.282,0.288,-0.08,0,28,0,358.1,178.2,44.2,271.9,0.00,0,1.6,0.4
53.20,align,353.39,-0.09,0.280,1,1893.9,364.8,-1.5,0.7,-0.26,-0.41,272,270,-1,-0.7,-2.3,-1.0,-1.9,-0.01,0.01,0.00,0.00,0.00,0.00,0.28,0.44,98,-1,0,-2,-2.5,0.02,0.280,0.287,-0.04,0,28,0,359.2,178.1,66.1,270.8,0.00,0,1.5,0.4
53.30,align,353.39,-0.10,0.279,1,1893.9,364.8,-1.4,0.7,-0.26,-0.41,271,270,-1,-0.7,-2.2,-0.9,-1.9,-0.01,0.01,0.00,0.00,0.00,0.00,0.27,0.40,98,-1,0,-1,-2.5,0.02,0.279,0.285,-0.01,0,28,0,359.2,178.1,66.1,270.8,0.00,0,1.5,0.4
53.40,align,353.39,-0.10,0.277,1,1893.9,364.7,-1.4,0.8,-0.31,-0.33,271,270,-1,-0.6,-2.1,-0.7,-2.0,-0.01,0.00,0.00,0.00,0.00,0.00,0.31,0.36,98,-1,0,-1,-2.4,0.02,0.277,0.283,0.03,0,28,0,359.2,178.1,66.1,270.8,0.00,0,1.1,0.5
53.50,align,353.40,-0.11,0.274,1,1893.9,364.7,-1.4,0.8,-0.31,-0.33,271,270,-1,-0.6,-2.0,-0.6,-2.0,-0.01,0.00,0.00,0.00,0.00,0.00,0.31,0.32,98,-1,0,-1,-2.4,0.02,0.274,0.281,0.06,0,28,0,359.2,178.1,66.1,270.8,0.00,0,1.1,0.5
53.60,align,353.41,-0.12,0.272,1,1893.8,364.6,-1.4,0.8,-0.35,-0.24,271,269,-1,-0.5,-1.9,-0.5,-2.1,-0.02,0.00,0.00,0.00,0.00,0.00,0.31,0.28,98,-1,0,-1,-2.4,0.02,0.272,0.279,0.10,0,28,0,0.1,177.9,93.8,269.9,0.00,0,0.9,0.6
53.70,align,353.43,-0.13,0.269,1,1893.8,364.6,-1.3,0.9,-0.35,-0.24,270,269,-1,-0.4,-1.8,-0.5,-2.1,-0.02,-0.00,0.00,0.00,0.00,0.00,0.35,0.24,98,-1,0,-0,-2.4,0.03,0.269,0.278,0.13,0,28,0,0.1,177.9,93.8,269.9,0.00,0,0.9,0.6
53.80,align,353.43,-0.14,0.271,1,1893.8,364.6,-1.3,0.9,-0.35,-0.20,270,269,-1,-0.4,-1.7,-0.4,-2.1,-0.01,-0.00,0.00,0.00,0.00,0.00,0.35,0.20,98,-1,0,-0,-2.1,0.02,0.271,0.275,0.10,0,28,0,0.1,177.9,93.8,269.9,0.00,0,0.6,0.0
53.90,align,353.43,-0.13,0.276,1,1893.7,364.6,-1.2,0.9,-0.35,-0.12,270,269,-1,-0.4,-1.5,-0.4,-2.0,0.01,-0.01,0.00,0.00,0.00,0.00,0.35,0.15,98,-1,0,0,-2.3,0.03,0.276,0.282,-0.01,0,28,0,0.1,177.9,93.8,269.9,0.00,0,0.4,-1.6
54.00,align,353.42,-0.13,0.278,1,1893.7,364.6,-1.2,0.9,-0.35,-0.08,270,268,-1,-0.3,-1.5,-0.3,-1.8,0.01,-0.01,0.00,0.00,0.00,0.00,0.35,0.12,98,-1,0,0,-2.3,0.03,0.278,0.287,-0.04,0,28,0,1.1,178.2,120.9,268.9,0.00,0,0.3,-1.6
54.10,align,353.42,-0.13,0.276,1,1893.7,364.6,-1.2,0.9,-0.35,-0.08,269,268,-1,-0.3,-1.3,-0.3,-1.7,0.01,-0.01,0.00,0.00,0.00,0.00,0.35,0.08,98,-1,0,1,-2.3,0.03,0.276,0.286,-0.01,0,28,0,1.1,178.2,120.9,268.9,0.00,0,0.3,-1.6
54.20,align,353.42,-0.13,0.274,1,1893.6,364.6,-1.1,0.9,-0.35,-0.04,269,268,-1,-0.3,-1.2,-0.3,-1.5,0.01,-0.01,0.00,0.00,0.00,0.00,0.35,0.05,98,-1,0,1,-2.3,0.03,0.274,0.284,0.03,0,28,0,1.1,178.2,120.9,268.9,0.00,0,0.2,-1.5
54.30,align,353.42,-0.13,0.272,1,1893.6,364.6,-1.1,0.9,-0.35,-0.01,269,268,-1,-0.3,-1.1,-0.3,-1.4,0.01,-0.01,0.00,0.00,0.00,0.00,0.35,0.02,98,-1,0,1,-2.2,0.03,0.272,0.283,0.06,0,28,0,1.1,178.2,120.9,268.9,0.00,0,0.0,-1.4
54.40,align,353.43,-0.14,0.272,1,1893.5,364.6,-1.1,0.9,-0.35,0.03,269,267,-1,-0.3,-1.1,-0.3,-1.3,0.01,-0.01,0.00,0.00,0.00,0.00,0.35,-0.00,98,-1,0,1,-2.3,0.04,0.272,0.278,0.06,0,28,0,2.0,178.7,147.8,268.0,0.00,0,0.6,-0.5
54.50,align,353.43,-0.14,0.273,1,1893.5,364.6,-1.0,0.9,-0.35,0.05,268,267,-1,-0.2,-1.0,-0.2,-1.2,-0.00,-0.00,0.00,0.00,0.00,0.00,0.35,-0.02,98,-1,0,2,-2.3,0.04,0.273,0.275,0.03,0,28,0,2.0,178.7,147.8,268.0,0.00,0,1.1,0.1
54.60,align,353.43,-0.14,0.275,1,1893.5,364.6,-1.0,0.9,-0.35,0.05,268,267,-1,-0.2,-0.9,-0.1,-1.2,-0.01,0.01,0.00,0.00,0.00,0.00,0.35,-0.04,98,-1,0,2,-2.3,0.04,0.275,0.282,-0.01,0,28,0,2.0,178.7,147.8,268.0,0.00,0,1.1,0.1
54.70,align,353.43,-0.14,0.275,1,1893.4,364.6,-1.0,0.9,-0.35,0.10,268,267,-1,-0.2,-0.9,0.0,-1.3,-0.02,0.01,0.00,0.00,0.00,0.00,0.35,-0.06,98,-1,0,2,-2.2,0.04,0.275,0.284,-0.01,0,28,0,2.0,178.7,147.8,268.0,0.00,0,1.0,0.5
54.80,align,353.43,-0.14,0.273,1,1893.4,364.6,-0.9,0.9,-0.35,0.13,268,266,-1,-0.2,-0.8,0.1,-1.3,-0.02,0.00,0.00,0.00,0.00,0.00,0.36,-0.08,98,-1,0,2,-2.2,0.04,0.273,0.282,0.03,0,28,0,2.9,178.7,155.3,267.1,0.00,0,0.6,0.2
54.90,align,353.44,-0.14,0.272,1,1893.4,364.6,-0.9,0.9,-0.35,0.15,268,266,-1,-0.2,-0.7,0.1,-1.3,-0.01,-0.00,0.00,0.00,0.00,0.00,0.36,-0.12,98,-1,0,2,-2.0,0.04,0.272,0.279,0.03,0,28,0,2.9,178.7,155.3,267.1,0.00,0,-0.1,-0.3
55.00,align,353.43,-0.14,0.274,1,1893.4,364.6,-0.9,0.9,-0.35,0.15,267,266,-1,-0.1,-0.6,0.1,-1.3,-0.01,-0.01,0.00,0.00,0.00,0.00,0.36,-0.14,98,-1,0,3,-2.0,0.04,0.274,0.282,-0.01,0,28,0,2.9,178.7,155.3,267.1,0.00,0,-0.1,-0.3
55.10,align,353.43,-0.13,0.276,1,1893.3,364.6,-0.8,0.9,-0.35,0.18,267,266,-1,-0.1,-0.6,0.1,-1.2,0.00,-0.01,0.00,0.00,0.00,0.00,0.36,-0.16,98,-1,0,3,-2.0,0.04,0.276,0.282,-0.04,0,28,0,2.9,178.7,155.3,267.1,0.00,0,-0.2,-0.9
55.20,align,353.42,-0.12,0.278,1,1893.3,364.7,-0.8,0.9,-0.31,0.21,267,265,-1,-0.2,-0.5,0.1,-1.0,0.01,-0.00,0.00,0.00,0.00,0.00,0.32,-0.18,98,-1,0,3,-2.1,0.05,0.278,0.284,-0.08,0,28,0,3.7,179.0,164.7,266.3,0.00,0,0.4,-1.6
55.30,align,353.41,-0.11,0.278,1,1893.3,364.7,-0.8,0.8,-0.31,0.21,267,265,-1,-0.2,-0.4,0.1,-0.9,0.01,-0.00,0.00,0.00,0.00,0.00,0.32,-0.19,98,-1,0,3,-2.1,0.05,0.278,0.285,-0.07,0,28,0,3.7,179.0,164.7,266.3,0.00,0,0.4,-1.6
55.40,descend,353.40,-0.11,0.120,1,1893.2,364.7,-0.7,0.8,-0.31,0.24,266,265,-1,-0.2,-0.4,0.2,-0.7,0.01,-0.01,0.00,0.00,0.00,0.00,0.32,-0.21,98,-1,0,4,-2.1,0.05,0.120,0.128,-0.04,0,28,0,3.7,179.0,164.7,266.3,0.00,0,0.1,-1.6
55.50,descend,353.40,-256.90,0.120,1,1893.2,364.7,-0.7,0.8,-0.31,0.24,266,265,-1,-0.1,-0.3,0.2,-0.6,0.01,-0.01,0.00,0.00,0.00,0.00,0.32,-0.22,98,-1,0,4,-2.1,0.05,0.120,0.129,-0.00,0,28,0,3.7,179.0,164.7,266.3,0.00,0,0.1,-1.6
55.60,descend,353.34,-256.84,0.120,1,1893.2,364.7,-0.7,0.8,-0.31,0.24,266,264,-1,-0.1,-0.3,0.2,-0.4,0.01,-0.01,0.00,0.00,0.00,0.00,0.32,-0.22,98,-1,0,4,-2.0,0.05,0.120,0.130,-0.39,0,28,0,4.5,179.6,175.0,265.5,0.00,0,-0.0,-1.5
55.70,descend,353.20,-256.70,0.120,1,1893.1,364.8,-0.6,0.7,-0.31,0.24,266,264,-1,-0.1,-0.3,0.1,-0.3,0.02,-0.01,0.00,0.00,0.00,0.00,0.32,-0.22,98,-1,0,4,-1.8,0.05,0.120,0.130,-1.20,0,28,0,4.5,179.6,175.0,265.5,0.00,0,-0.1,-1.3
55.80,descend,352.97,-256.47,0.120,1,1893.1,364.8,-0.6,0.7,-0.31,0.24,266,264,-1,-0.1,-0.3,0.1,-0.1,0.02,-0.01,0.00,0.00,0.00,0.00,0.33,-0.22,98,-1,0,4,-2.0,0.05,0.120,0.131,-2.00,0,28,0,4.5,179.6,175.0,265.5,0.00,0,-0.1,-1.4
55.90,descend,352.67,-256.17,0.120,1,1893.1,364.8,-0.6,0.7,-0.31,0.24,265,264,-1,-0.1,-0.3,0.1,0.0,0.02,-0.01,0.00,0.00,0.00,0.00,0.33,-0.22,98,-1,0,5,-2.0,0.06,0.120,0.132,-2.79,0,28,0,4.5,179.6,175.0,265.5,0.00,0,-0.1,-1.4
56.00,descend,352.29,-255.79,0.120,1,1893.0,364.9,-0.6,0.7,-0.26,0.23,265,264,-1,-0.0,-0.3,0.1,0.2,0.02,-0.01,0.00,0.00,0.00,0.00,0.33,-0.21,98,-1,0,5,-1.7,0.06,0.120,0.132,-3.58,0,28,0,5.3,180.2,181.8,264.7,0.00,0,-0.2,-1.2
56.10,descend,351.83,-255.33,0.120,1,1893.0,364.9,-0.5,0.6,-0.26,0.23,265,264,-1,-0.2,-0.3,0.1,0.3,0.02,-0.01,0.00,0.00,0.00,0.00,0.28,-0.21,98,-1,0,5,-1.7,0.06,0.120,0.132,-4.36,0,28,0,5.3,180.2,181.8,264.7,0.00,0,-0.2,-1.2
56.20,descend,351.30,-254.80,0.120,1,1893.0,364.9,-0.5,0.6,-0.26,0.22,265,264,-1,-0.1,-0.3,0.1,0.4,0.02,-0.01,0.00,0.00,0.00,0.00,0.28,-0.21,98,-1,0,5,-1.5,0.06,0.120,0.132,-5.14,0,28,0,5.3,180.2,181.8,264.7,0.00,0,-0.2,-0.9
56.30,descend,350.69,-254.19,0.120,1,1892.9,364.9,-0.5,0.6,-0.26,0.21,265,264,-1,-0.1,-0.3,0.0,0.5,0.01,-0.01,0.00,0.00,0.00,0.00,0.28,-0.19,98,-1,0,5,-1.3,0.06,0.120,0.132,-5.90,0,28,0,5.3,180.2,181.8,264.7,0.00,0,-0.3,-0.8
56.40,descend,350.00,-253.50,0.120,1,1892.9,364.9,-0.4,0.6,-0.26,0.21,264,263,-1,-0.1,-0.3,0.0,0.6,0.01,-0.01,0.00,0.00,0.00,0.00,0.28,-0.18,98,-1,0,6,-1.3,0.05,0.120,0.131,-6.66,0,28,0,5.9,180.6,185.3,264.1,0.00,0,-0.3,-0.8
56.50,descend,349.24,-252.74,0.120,1,1892.9,364.9,-0.4,0.6,-0.26,0.20,264,263,-1,-0.1,-0.3,-0.0,0.6,0.01,-0.01,0.00,0.00,0.00,0.00,0.28,-0.17,98,-1,0,6,-1.1,0.05,0.120,0.131,-7.42,0,28,0,5.9,180.6,185.3,264.1,0.00,0,-0.2,-0.7
56.60,descend,348.40,-251.90,0.120,1,1892.9,365.0,-0.4,0.5,-0.26,0.19,264,263,-1,-0.1,-0.4,-0.0,0.7,0.01,-0.01,0.00,0.00,0.00,0.00,0.28,-0.16,98,-1,0,6,-0.6,0.05,0.120,0.130,-8.16,0,28,0,5.9,180.6,185.3,264.1,0.00,0,-0.1,-0.4
56.70,descend,347.50,-251.00,0.120,1,1892.9,365.0,-0.4,0.5,-0.26,0.19,264,263,-1,-0.1,-0.3,-0.0,0.7,0.01,-0.01,0.00,0.00,0.00,0.00,0.28,-0.16,98,-1,0,6,-0.6,0.05,0.120,0.130,-8.90,0,28,0,5.9,180.6,185.3,264.1,0.00,0,-0.1,-0.4
56.80,descend,346.51,-250.01,0.120,1,1892.8,365.0,-0.3,0.5,-0.26,0.18,264,263,-1,-0.0,-0.4,-0.0,0.7,0.01,-0.01,0.00,0.00,0.00,0.00,0.28,-0.15,98,-1,0,6,-0.9,0.05,0.120,0.129,-9.63,0,28,0,6.2,180.7,186.8,263.8,0.00,0,-0.1,-0.6
56.90,descend,345.46,-248.96,0.120,1,1892.8,365.0,-0.3,0.5,-0.26,0.16,264,263,-1,-0.0,-0.4,-0.0,0.8,0.01,-0.01,0.00,0.00,0.00,0.00,0.28,-0.13,98,-1,0,6,-0.5,0.05,0.120,0.129,-10.36,0,28,0,6.2,180.7,186.8,263.8,0.00,0,-0.0,-0.4
57.00,descend,344.33,-247.83,0.120,1,1892.8,365.1,-0.3,0.5,-0.26,0.15,263,263,-1,-0.0,-0.4,-0.0,0.8,0.01,-0.01,0.00,0.00,0.00,0.00,0.28,-0.13,98,-1,0,7,-0.2,0.05,0.120,0.129,-11.08,0,28,0,6.2,180.7,186.8,263.8,0.00,0,-0.0,-0.2
57.10,descend,342.51,-246.01,0.120,1,1892.7,365.1,-0.3,0.4,-0.26,0.15,263,263,-1,0.0,-0.4,-0.0,0.8,0.01,-0.01,0.00,0.00,0.00,0.00,0.28,-0.12,98,-1,0,7,-0.4,0.05,0.120,0.130,-11.79,0,28,0,6.2,180.7,186.8,263.8,0.00,0,-0.1,-0.4
57.20,descend,341.87,-245.37,0.120,1,1892.7,365.1,-0.2,0.4,-0.26,0.15,263,263,-1,0.0,-0.4,-0.1,0.9,0.01,-0.01,0.00,0.00,0.00,0.00,0.28,-0.12,98,-1,0,7,-0.4,0.05,0.120,0.130,-12.50,0,28,0,6.4,180.9,187.6,263.6,0.00,0,-0.1,-0.4
57.30,descend,340.53,-244.03,0.120,1,1892.7,365.1,-0.2,0.4,-0.26,0.14,263,263,-1,0.0,-0.4,-0.1,0.9,0.01,-0.01,0.00,0.00,0.00,0.00,0.28,-0.11,98,-1,0,7,0.0,0.05,0.120,0.130,-13.20,0,28,0,6.4,180.9,187.6,263.6,0.00,0,0.0,0.0
57.40,descend,339.12,-242.62,0.120,1,1892.7,365.1,-0.2,0.4,-0.26,0.14,263,263,-1,0.1,-0.4,-0.1,0.9,0.01,-0.01,0.00,0.00,0.00,0.00,0.28,-0.11,98,-1,0,7,0.0,0.05,0.120,0.130,-13.89,0,28,0,6.4,180.9,187.6,263.6,0.00,0,0.0,0.0
57.50,descend,337.65,-241.15,0.120,1,1892.7,365.1,-0.2,0.4,-0.26,0.13,263,263,-1,0.1,-0.5,-0.1,0.9,0.01,-0.02,0.00,0.00,0.00,0.00,0.28,-0.10,98,-1,0,7,0.0,0.05,0.120,0.131,-14.58,0,28,0,6.4,180.9,187.6,263.6,0.00,0,0.0,0.0
57.60,descend,336.10,-239.60,0.120,1,1892.6,365.1,-0.1,0.4,-0.26,0.12,263,262,-1,0.1,-0.5,-0.1,1.0,0.01,-0.02,0.00,0.00,0.00,0.00,0.28,-0.10,98,-1,0,7,0.0,0.06,0.120,0.131,-15.27,0,28,0,6.5,180.9,188.2,263.5,0.00,0,0.0,0.0
57.70,descend,334.49,-237.99,0.120,1,1892.6,365.1,-0.1,0.4,-0.26,0.12,263,262,-1,0.1,-0.5,-0.1,1.0,0.01,-0.02,0.00,0.00,0.00,0.00,0.28,-0.09,98,-1,0,7,0.0,0.05,0.120,0.132,-15.94,0,28,0,6.5,180.9,188.2,263.5,0.00,0,0.0,0.0
57.80,descend,332.81,-236.31,0.120,1,1892.6,365.1,-0.1,0.4,-0.26,0.12,263,262,-1,0.1,-0.5,-0.1,1.0,0.01,-0.02,0.00,0.00,0.00,0.00,0.28,-0.09,98,-1,0,7,-0.3,0.05,0.120,0.132,-16.61,0,28,0,6.5,180.9,188.2,263.5,0.00,0,-0.3,-0.2
57.90,descend,331.07,-234.57,0.120,1,1892.5,365.2,-0.0,0.3,-0.26,0.11,263,262,-1,0.1,-0.5,-0.2,1.0,0.01,-0.02,0.00,0.00,0.00,0.00,0.28,-0.08,98,-1,0,7,0.0,0.05,0.120,0.132,-17.27,0,28,0,6.5,180.9,188.2,263.5,0.00,0,0.0,0.0
58.00,descend,329.26,-232.76,0.120,1,1892.5,365.2,-0.0,0.3,-0.26,0.11,263,262,-1,0.2,-0.5,-0.2,1.0,0.01,-0.02,0.00,0.00,0.00,0.00,0.28,-0.08,98,-1,0,7,-0.3,0.05,0.120,0.132,-17.93,0,28,0,6.6,181.0,188.6,263.4,0.00,0,-0.4,-0.4
58.10,descend,327.38,-230.88,0.120,1,1892.5,365.2,0.0,0.3,-0.26,0.10,263,262,-1,0.2,-0.5,-0.2,1.0,0.01,-0.02,0.00,0.00,0.00,0.00,0.27,-0.06,98,-1,0,7,0.0,0.05,0.120,0.132,-18.59,0,28,0,6.6,181.0,188.6,263.4,0.00,0,0.0,0.0
58.20,descend,325.44,-228.94,0.120,1,1892.4,365.2,0.0,0.3,-0.31,0.09,263,262,-1,0.2,-0.5,-0.2,1.0,0.01,-0.02,0.00,0.00,0.00,0.00,0.27,-0.06,98,-1,0,7,0.5,0.05,0.120,0.131,-19.23,0,28,0,6.6,181.0,188.6,263.4,0.00,0,0.2,-0.2
58.30,descend,323.44,-226.94,0.120,1,1892.4,365.2,0.1,0.3,-0.31,0.09,263,262,-1,0.3,-0.6,-0.2,1.1,0.01,-0.02,0.00,0.00,0.00,0.00,0.32,-0.05,98,-1,0,7,0.5,0.05,0.120,0.132,-19.87,0,28,0,6.6,181.0,188.6,263.4,0.00,0,0.2,-0.2
58.40,descend,321.37,-224.87,0.120,1,1892.4,365.2,0.1,0.3,-0.31,0.09,263,263,-1,0.4,-0.6,-0.1,1.1,0.01,-0.01,0.00,0.00,0.00,0.00,0.32,-0.05,98,-1,0,7,0.6,0.04,0.120,0.131,-20.51,0,28,0,6.5,181.1,189.1,263.5,0.00,0,0.3,-0.2
58.50,descend,319.25,-222.75,0.120,1,1892.3,365.2,0.1,0.3,-0.31,0.08,263,263,-1,0.4,-0.6,-0.1,1.1,0.01,-0.01,0.00,0.00,0.00,0.00,0.31,-0.04,98,-1,0,7,0.7,0.05,0.120,0.131,-21.14,0,28,0,6.5,181.1,189.1,263.5,0.00,0,0.3,-0.1
58.60,descend,317.05,-220.55,0.120,1,1892.3,365.2,0.2,0.3,-0.31,0.08,263,263,-1,0.4,-0.6,-0.1,1.1,0.01,-0.01,0.00,0.00,0.00,0.00,0.31,-0.04,98,-1,0,7,0.7,0.04,0.120,0.131,-21.76,0,28,0,6.5,181.1,189.1,263.5,0.00,0,0.3,-0.1
58.70,descend,314.80,-218.30,0.120,1,1892.3,365.2,0.2,0.3,-0.31,0.07,263,263,-1,0.4,-0.6,-0.1,1.1,0.01,-0.01,0.00,0.00,0.00,0.00,0.31,-0.03,98,-1,0,7,0.0,0.04,0.120,0.132,-22.37,0,28,0,6.5,181.1,189.1,263.5,0.00,0,0.0,0.0
58.80,descend,312.49,-215.99,0.120,1,1892.3,365.2,0.2,0.3,-0.31,0.07,263,263,-1,0.4,-0.6,-0.1,1.1,0.02,-0.01,0.00,0.00,0.00,0.00,0.31,-0.03,98,-1,0,7,0.6,0.05,0.120,0.132,-22.98,0,28,0,6.3,181.1,189.8,263.7,0.00,0,0.2,-0.1
58.90,descend,310.12,-213.62,0.120,1,1892.2,365.2,0.2,0.3,-0.26,0.05,263,263,-1,0.4,-0.6,-0.0,1.1,0.02,-0.02,0.00,0.00,0.00,0.00,0.31,-0.03,98,-1,0,7,0.3,0.04,0.120,0.132,-23.58,0,28,0,6.3,181.1,189.8,263.7,0.00,0,0.1,-0.0
59.00,descend,307.68,-211.18,0.120,1,1892.2,365.3,0.3,0.3,-0.26,0.05,263,263,-1,0.3,-0.6,-0.0,1.1,0.02,-0.01,0.00,0.00,0.00,0.00,0.27,-0.02,98,-1,0,7,0.9,0.05,0.120,0.132,-24.17,0,28,0,6.3,181.1,189.8,263.7,0.00,0,0.2,-0.1
59.10,descend,305.19,-208.69,0.120,1,1892.2,365.3,0.3,0.2,-0.26,0.05,263,263,-1,0.4,-0.6,-0.0,1.1,0.02,-0.02,0.00,0.00,0.00,0.00,0.27,-0.02,98,-1,0,7,0.9,0.04,0.120,0.132,-24.76,0,28,0,6.3,181.1,189.8,263.7,0.00,0,0.1,-0.1
59.20,descend,302.64,-206.14,0.120,1,1892.2,365.3,0.3,0.2,-0.26,0.05,263,263,-1,0.4,-0.6,-0.0,1.1,0.02,-0.02,0.00,0.00,0.00,0.00,0.27,-0.02,98,-1,0,7,0.9,0.04,0.120,0.133,-25.34,0,28,0,6.1,181.1,190.4,263.9,0.00,0,0.1,-0.1
59.30,descend,300.04,-203.54,0.120,1,1892.1,365.3,0.4,0.2,-0.26,0.04,263,263,-1,0.4,-0.7,-0.0,1.1,0.02,-0.02,0.00,0.00,0.00,0.00,0.27,-0.01,98,-1,0,7,0.2,0.05,0.120,0.133,-25.91,0,28,0,6.1,181.1,190.4,263.9,0.00,0,0.0,-0.0
59.40,descend,297.38,-200.88,0.120,1,1892.1,365.3,0.4,0.2,-0.26,0.04,263,263,-1,0.4,-0.7,-0.0,1.1,0.02,-0.02,0.00,0.00,0.00,0.00,0.27,-0.01,98,-1,0,7,0.0,0.05,0.120,0.134,-26.47,0,28,0,6.1,181.1,190.4,263.9,0.00,0,0.0,0.0
59.50,descend,293.28,-196.78,0.120,1,1892.1,365.3,0.4,0.2,-0.26,0.04,263,263,-1,0.4,-0.7,-0.0,1.1,0.02,-0.02,0.00,0.00,0.00,0.00,0.27,-0.01,98,-1,0,7,0.0,0.05,0.120,0.134,-27.03,0,28,0,6.1,181.1,190.4,263.9,0.00,0,0.0,0.0
59.60,descend,291.89,-195.39,0.120,1,1892.0,365.3,0.4,0.2,-0.26,0.04,263,263,-1,0.4,-0.7,-0.0,1.1,0.02,-0.02,0.00,0.00,0.00,0.00,0.27,-0.01,98,-1,0,7,0.8,0.05,0.120,0.134,-27.59,0,28,0,5.9,181.1,190.8,264.1,0.00,0,0.0,-0.0
59.70,descend,289.06,-192.56,0.120,1,1892.0,365.3,0.5,0.2,-0.26,0.04,263,263,-1,0.5,-0.7,-0.0,1.1,0.02,-0.02,0.00,0.00,0.00,0.00,0.27,-0.01,98,-1,0,7,0.8,0.04,0.120,0.133,-28.13,0,28,0,5.9,181.1,190.8,264.1,0.00,0,0.0,-0.0
59.80,descend,286.18,-189.68,0.120,1,1892.0,365.3,0.5,0.2,-0.26,0.03,263,263,-1,0.5,-0.7,-0.0,1.1,0.02,-0.02,0.00,0.00,0.00,0.00,0.27,-0.00,98,-1,0,7,1.1,0.04,0.120,0.133,-28.67,0,28,0,5.9,181.1,190.8,264.1,0.00,0,0.2,0.2
59.90,descend,283.25,-186.75,0.120,1,1892.0,365.3,0.5,0.2,-0.26,0.03,263,263,-1,0.5,-0.7,-0.0,1.1,0.01,-0.02,0.00,0.00,0.00,0.00,0.27,-0.00,98,-1,0,7,1.1,0.04,0.120,0.132,-29.21,0,28,0,5.9,181.1,190.8,264.1,0.00,0,0.2,0.2
60.00,descend,280.26,-183.76,0.120,1,1891.9,365.3,0.5,0.2,-0.26,0.03,263,263,-1,0.5,-0.7,0.0,1.1,0.01,-0.02,0.00,0.00,0.00,0.00,0.27,-0.00,98,-1,0,7,1.3,0.03,0.120,0.132,-29.74,0,28,0,5.6,181.1,191.0,264.4,0.00,0,0.2,0.3
60.10,descend,277.22,-180.72,0.120,1,1891.9,365.3,0.6,0.2,-0.26,0.03,263,263,-1,0.5,-0.7,0.0,1.1,0.01,-0.02,0.00,0.00,0.00,0.00,0.27,-0.00,98,-1,0,7,1.0,0.03,0.120,0.132,-30.26,0,28,0,5.6,181.1,191.0,264.4,0.00,0,0.1,0.2
60.20,descend,274.13,-177.63,0.120,1,1891.9,365.3,0.6,0.2,-0.26,0.03,263,263,-1,0.5,-0.7,0.0,1.0,0.01,-0.02,0.00,0.00,0.00,0.00,0.27,-0.00,98,-1,0,7,0.7,0.04,0.120,0.132,-30.78,0,28,0,5.6,181.1,191.0,264.4,0.00,0,0.1,0.2
60.30,descend,270.99,-174.49,0.120,1,1891.9,365.3,0.6,0.2,-0.26,0.03,263,263,-1,0.6,-0.7,0.0,1.0,0.01,-0.02,0.00,0.00,0.00,0.00,0.27,-0.00,98,-1,0,7,0.7,0.04,0.120,0.132,-31.29,0,28,0,5.6,181.1,191.0,264.4,0.00,0,0.1,0.2
60.40,descend,267.80,-171.30,0.120,1,1891.8,365.3,0.6,0.2,-0.22,0.03,263,264,-1,0.4,-0.7,0.1,1.0,0.01,-0.02,0.00,0.00,0.00,0.00,0.22,0.00,98,-1,0,7,0.9,0.03,0.120,0.131,-31.80,0,28,0,5.2,181.0,190.8,264.8,0.00,0,0.1,0.3
60.50,descend,264.56,-168.06,0.120,1,1891.8,365.3,0.7,0.2,-0.22,0.03,263,264,-1,0.5,-0.7,0.1,1.0,0.01,-0.02,0.00,0.00,0.00,0.00,0.22,-0.01,98,-1,0,7,0.8,0.04,0.120,0.132,-32.30,0,28,0,5.2,181.0,190.8,264.8,0.00,0,0.0,0.2
60.60,descend,261.27,-164.77,0.120,1,1891.8,365.3,0.7,0.2,-0.22,0.03,263,264,-1,0.5,-0.7,0.1,0.9,0.01,-0.02,0.00,0.00,0.00,0.00,0.22,-0.01,98,-1,0,7,0.8,0.04,0.120,0.132,-32.80,0,28,0,5.2,181.0,190.8,264.8,0.00,0,0.0,0.2
60.70,descend,257.93,-161.43,0.120,1,1891.8,365.3,0.7,0.2,-0.22,0.03,263,264,-1,0.5,-0.7,0.1,0.9,0.01,-0.02,0.00,0.00,0.00,0.00,0.22,-0.01,98,-1,0,7,0.2,0.03,0.120,0.132,-33.29,0,28,0,5.2,181.0,190.8,264.8,0.00,0,-0.0,0.1
60.80,descend,254.54,-158.04,0.120,1,1891.8,365.3,0.7,0.2,-0.22,0.03,264,264,-1,0.5,-0.7,0.0,0.9,0.01,-0.02,0.00,0.00,0.00,0.00,0.22,-0.01,98,-1,0,6,0.9,0.04,0.120,0.132,-33.78,0,28,0,4.8,180.9,190.3,265.2,0.00,0,-0.1,0.3
60.90,descend,251.10,-154.60,0.120,1,1891.7,365.3,0.7,0.2,-0.22,0.03,264,264,-1,0.5,-0.7,0.0,0.8,0.01,-0.02,0.00,0.00,0.00,0.00,0.22,-0.01,98,-1,0,6,0.8,0.03,0.120,0.133,-34.26,0,28,0,4.8,180.9,190.3,265.2,0.00,0,-0.1,0.3
61.00,descend,247.61,-151.11,0.120,1,1891.7,365.3,0.8,0.2,-0.22,0.03,264,264,-1,0.5,-0.7,0.0,0.8,0.01,-0.02,0.00,0.00,0.00,0.00,0.22,-0.01,98,-1,0,6,0.8,0.03,0.120,0.133,-34.73,0,28,0,4.8,180.9,190.3,265.2,0.00,0,-0.1,0.3
61.10,descend,244.08,-147.58,0.120,1,1891.7,365.3,0.8,0.2,-0.22,0.03,264,264,-1,0.6,-0.7,0.0,0.8,0.01,-0.02,0.00,0.00,0.00,0.00,0.22,-0.01,98,-1,0,6,0.7,0.03,0.120,0.133,-35.20,0,28,0,4.8,180.9,190.3,265.2,0.00,0,-0.1,0.3
61.20,descend,240.51,-144.01,0.120,1,1891.7,365.3,0.8,0.2,-0.22,0.03,264,264,-1,0.6,-0.7,-0.0,0.8,0.01,-0.02,0.00,0.00,0.00,0.00,0.22,-0.01,98,-1,0,6,0.8,0.03,0.120,0.133,-35.67,0,28,0,4.5,180.8,189.5,265.5,0.00,0,-0.2,0.3
61.30,descend,236.88,-140.38,0.120,1,1891.6,365.3,0.8,0.2,-0.22,0.03,264,264,-1,0.6,-0.7,-0.0,0.7,0.01,-0.02,0.00,0.00,0.00,0.00,0.22,-0.01,98,-1,0,6,0.6,0.03,0.120,0.133,-36.13,0,28,0,4.5,180.8,189.5,265.5,0.00,0,-0.1,0.2
61.40,descend,233.21,-136.71,0.120,1,1891.6,365.3,0.9,0.2,-0.22,0.03,264,264,-1,0.6,-0.7,-0.0,0.7,0.01,-0.02,0.00,0.00,0.00,0.00,0.22,-0.01,98,-1,0,6,0.6,0.03,0.120,0.133,-36.59,0,28,0,4.5,180.8,189.5,265.5,0.00,0,-0.1,0.2
61.50,descend,229.50,-133.00,0.120,1,1891.6,365.3,0.9,0.2,-0.22,0.03,264,264,-1,0.6,-0.7,-0.1,0.7,0.01,-0.02,0.00,0.00,0.00,0.00,0.22,-0.01,98,-1,0,6,0.1,0.04,0.120,0.133,-37.04,0,28,0,4.5,180.8,189.5,265.5,0.00,0,-0.0,0.0
61.60,descend,225.74,-129.24,0.120,1,1891.6,365.3,0.9,0.2,-0.22,0.03,264,265,-1,0.6,-0.7,-0.1,0.6,0.01,-0.02,0.00,0.00,0.00,0.00,0.22,-0.01,98,-1,0,6,0.6,0.03,0.120,0.133,-37.48,0,28,0,4.2,180.6,188.6,265.8,0.00,0,-0.1,0.2
61.70,descend,221.94,-125.44,0.120,1,1891.6,365.4,0.9,0.2,-0.18,0.04,264,265,-1,0.5,-0.6,-0.1,0.6,0.01,-0.02,0.00,0.00,0.00,0.00,0.18,-0.03,98,-1,0,6,1.1,0.03,0.120,0.132,-37.93,0,28,0,4.2,180.6,188.6,265.8,0.00,0,0.1,0.3
61.80,descend,218.09,-121.59,0.120,1,1891.5,365.4,0.9,0.1,-0.18,0.04,264,265,-1,0.5,-0.6,-0.1,0.6,0.01,-0.02,0.00,0.00,0.00,0.00,0.18,-0.03,98,-1,0,6,0.8,0.03,0.120,0.131,-38.36,0,28,0,4.2,180.6,188.6,265.8,0.00,0,0.1,0.2
61.90,descend,214.20,-117.70,0.120,1,1891.5,365.4,1.0,0.1,-0.18,0.04,264,265,-1,0.5,-0.6,-0.0,0.6,0.01,-0.02,0.00,0.00,0.00,0.00,0.18,-0.03,98,-1,0,6,0.8,0.03,0.120,0.131,-38.79,0,28,0,4.2,180.6,188.6,265.8,0.00,0,0.1,0.2
62.00,descend,210.27,-113.77,0.120,1,1891.5,365.4,1.0,0.1,-0.18,0.04,265,265,-1,0.6,-0.6,-0.0,0.5,0.01,-0.02,0.00,0.00,0.00,0.00,0.18,-0.03,98,-1,0,5,1.2,0.02,0.120,0.131,-39.22,0,28,0,3.8,180.5,187.8,266.2,0.00,0,0.2,0.3
62.10,descend,204.29,-107.79,0.120,1,1891.5,365.4,1.0,0.1,-0.18,0.04,265,265,-1,0.6,-0.6,-0.0,0.5,0.01,-0.02,0.00,0.00,0.00,0.00,0.18,-0.03,98,-1,0,5,1.1,0.02,0.120,0.130,-39.64,0,28,0,3.8,180.5,187.8,266.2,0.00,0,0.2,0.3
62.20,descend,202.28,-105.78,0.120,1,1891.5,365.4,1.0,0.1,-0.18,0.04,265,265,-1,0.6,-0.6,-0.0,0.5,0.01,-0.02,0.00,0.00,0.00,0.00,0.18,-0.03,98,-1,0,5,0.6,0.02,0.120,0.130,-40.06,0,28,0,3.8,180.5,187.8,266.2,0.00,0,0.1,0.2
62.30,descend,198.22,-101.72,0.120,1,1891.5,365.4,1.0,0.1,-0.18,0.04,265,265,-1,0.6,-0.6,-0.0,0.4,0.01,-0.02,0.00,0.00,0.00,0.00,0.18,-0.03,98,-1,0,5,1.0,0.03,0.120,0.131,-40.47,0,28,0,3.8,180.5,187.8,266.2,0.00,0,0.1,0.3
62.40,descend,194.12,-97.62,0.120,1,1891.5,365.4,1.0,0.1,-0.18,0.04,265,266,-1,0.6,-0.6,0.0,0.4,0.01,-0.02,0.00,0.00,0.00,0.00,0.18,-0.03,98,-1,0,5,1.0,0.02,0.120,0.131,-40.88,0,28,0,3.4,180.4,186.6,266.6,0.00,0,0.1,0.3
62.50,descend,189.99,-93.49,0.164,1,1891.4,365.4,1.1,0.1,-0.18,0.04,265,266,-1,0.6,-0.6,0.0,0.4,0.01,-0.02,0.00,0.00,0.00,0.00,0.18,-0.03,98,-1,0,5,0.6,0.03,0.164,0.174,-41.28,0,28,0,3.4,180.4,186.6,266.6,0.00,0,-0.0,0.3
62.60,descend,185.81,-89.31,0.233,1,1891.4,365.4,1.1,0.1,-0.18,0.04,265,266,-1,0.6,-0.6,0.0,0.3,0.01,-0.02,0.00,0.00,0.00,0.00,0.18,-0.03,98,-1,0,5,1.1,0.03,0.233,0.244,-41.68,0,28,0,3.4,180.4,186.6,266.6,0.00,0,-0.1,0.5
62.70,descend,181.61,-85.11,0.298,1,1891.4,365.4,1.1,0.1,-0.18,0.04,265,266,-1,0.6,-0.6,-0.0,0.3,0.01,-0.02,0.00,0.00,0.00,0.00,0.18,-0.03,98,-1,0,5,1.1,0.02,0.298,0.310,-41.93,0,28,0,3.4,180.4,186.6,266.6,0.00,0,-0.1,0.5
62.80,descend,177.43,-80.93,0.353,1,1891.4,365.4,1.1,0.1,-0.18,0.04,265,266,-1,0.7,-0.6,-0.0,0.3,0.01,-0.02,0.00,0.00,0.00,0.00,0.18,-0.03,98,-1,0,5,1.0,0.03,0.353,0.365,-41.89,0,28,0,3.1,180.3,184.8,266.9,0.00,0,-0.4,0.5
62.90,descend,173.29,-76.79,0.396,1,1891.4,365.4,1.1,0.1,-0.18,0.04,265,266,-1,0.7,-0.6,-0.1,0.2,0.00,-0.03,0.00,0.00,0.00,0.00,0.18,-0.03,98,-1,0,5,1.0,0.02,0.396,0.408,-41.58,0,28,0,3.1,180.3,184.8,266.9,0.00,0,-0.4,0.5
63.00,descend,169.21,-72.71,0.426,1,1891.3,365.4,1.1,0.1,-0.18,0.03,265,266,-1,0.7,-0.6,-0.1,0.2,0.00,-0.03,0.00,0.00,0.00,0.00,0.18,-0.03,98,-1,0,5,1.1,0.03,0.426,0.439,-40.98,0,28,0,3.1,180.3,184.8,266.9,0.00,0,0.3,0.5
63.10,descend,165.21,-68.71,0.447,1,1891.3,365.4,1.2,0.1,-0.18,0.03,266,266,-1,0.7,-0.6,-0.0,0.1,0.00,-0.01,0.00,0.00,0.00,0.00,0.18,-0.02,98,-1,0,4,1.1,0.02,0.447,0.453,-40.17,0,28,0,3.1,180.3,184.8,266.9,0.00,0,0.3,0.5
63.20,descend,161.31,-64.81,0.462,1,1891.3,365.4,1.2,0.1,-0.22,0.03,266,266,-1,0.7,-0.6,0.1,0.1,0.00,-0.00,0.00,0.00,0.00,0.00,0.18,-0.02,98,-1,0,4,1.9,0.01,0.462,0.463,-39.23,0,28,0,2.7,180.1,181.7,267.3,0.00,0,1.4,0.6
63.30,descend,157.52,-61.02,0.474,1,1891.3,365.4,1.2,0.1,-0.22,0.03,266,266,-1,0.8,-0.6,0.2,0.0,0.00,0.00,0.00,0.00,0.00,0.00,0.22,-0.02,98,-1,0,4,2.2,0.01,0.474,0.474,-38.23,0,28,0,2.7,180.1,181.7,267.3,0.00,0,1.6,0.6
63.40,descend,153.82,-57.32,0.487,1,1891.3,365.4,1.2,0.1,-0.22,0.03,266,266,-1,0.9,-0.6,0.4,-0.1,-0.00,0.00,0.00,0.00,0.00,0.00,0.22,-0.02,98,-1,0,4,2.2,0.00,0.487,0.489,-37.24,0,28,0,2.7,180.1,181.7,267.3,0.00,0,1.6,0.6
63.50,descend,150.24,-53.74,0.493,1,1891.2,365.4,1.2,0.1,-0.18,0.03,266,266,-1,0.9,-0.6,0.6,-0.1,-0.00,0.00,0.00,0.00,0.00,0.00,0.22,-0.02,98,-1,0,4,2.2,0.00,0.493,0.496,-36.12,0,28,0,2.7,180.1,181.7,267.3,0.00,0,1.4,0.8
63.60,descend,146.79,-50.29,0.493,1,1891.2,365.4,1.3,0.1,-0.18,0.03,266,267,-1,0.8,-0.6,0.7,-0.2,-0.00,0.01,0.00,0.00,0.00,0.00,0.18,-0.02,98,-1,0,4,2.2,0.00,0.493,0.497,-34.86,0,28,0,1.8,179.8,174.5,268.2,0.00,0,1.4,0.8
63.70,descend,143.46,-46.96,0.492,1,1891.2,365.4,1.3,0.1,-0.13,0.04,266,267,-1,0.8,-0.6,0.8,-0.3,-0.01,0.00,0.00,0.00,0.00,0.00,0.18,-0.02,98,-1,0,4,2.1,-0.00,0.492,0.497,-33.62,0,28,0,1.8,179.8,174.5,268.2,0.00,0,1.1,0.9
63.80,descend,140.25,-43.75,0.492,1,1891.2,365.4,1.3,0.1,-0.13,0.04,266,267,-1,0.7,-0.5,0.9,-0.4,-0.01,0.00,0.00,0.00,0.00,0.00,0.13,-0.04,98,-1,0,4,2.0,-0.00,0.492,0.497,-32.39,0,28,0,1.8,179.8,174.5,268.2,0.00,0,0.9,1.0
63.90,descend,137.16,-40.66,0.493,1,1891.2,365.4,1.3,0.1,-0.09,0.05,267,267,-1,0.7,-0.5,1.0,-0.5,-0.01,0.00,0.00,0.00,0.00,0.00,0.13,-0.04,98,-1,0,3,1.9,-0.00,0.493,0.497,-31.17,0,28,0,1.8,179.8,174.5,268.2,0.00,0,0.7,1.0
64.00,descend,134.20,-37.70,0.493,1,1891.2,365.4,1.3,0.1,-0.09,0.07,267,268,-1,0.5,-0.5,1.1,-0.6,-0.01,-0.00,0.00,0.00,0.00,0.00,0.09,-0.05,98,-1,0,3,1.7,0.00,0.493,0.499,-29.97,0,28,0,1.0,179.5,151.6,269.0,0.00,0,0.4,1.1
64.10,descend,131.35,-34.85,0.494,1,1891.2,365.5,1.3,0.1,-0.04,0.09,267,268,-1,0.6,-0.4,1.1,-0.7,-0.02,-0.00,0.00,0.00,0.00,0.00,0.09,-0.06,98,-1,0,3,1.7,0.00,0.494,0.502,-28.77,0,28,0,1.0,179.5,151.6,269.0,0.00,0,0.2,1.2
64.20,descend,128.62,-32.12,0.496,1,1891.2,365.5,1.3,0.0,-0.04,0.09,267,268,-1,0.4,-0.4,1.1,-0.8,-0.02,-0.01,0.00,0.00,0.00,0.00,0.05,-0.09,98,-1,0,3,1.7,0.00,0.496,0.505,-27.59,0,28,0,1.0,179.5,151.6,269.0,0.00,0,0.2,1.2
64.30,descend,126.01,-29.51,0.497,1,1891.2,365.5,1.3,0.0,0.00,0.10,267,268,-1,0.3,-0.3,1.1,-0.9,-0.02,-0.01,0.00,0.00,0.00,0.00,0.00,-0.10,98,-1,0,3,1.5,0.00,0.497,0.509,-26.42,0,28,0,1.0,179.5,151.6,269.0,0.00,0,-0.1,1.2
64.40,descend,123.52,-27.02,0.500,1,1891.2,365.5,1.3,0.0,0.04,0.12,267,269,-1,0.2,-0.2,1.1,-1.0,-0.02,-0.01,0.00,0.00,0.00,0.00,-0.04,-0.12,98,-1,0,3,1.4,0.00,0.500,0.514,-25.26,0,28,0,0.4,179.0,111.3,269.6,0.00,0,-0.3,1.3
64.50,descend,121.14,-24.64,0.503,1,1891.2,365.5,1.3,0.0,0.09,0.16,268,269,-1,0.2,-0.1,1.0,-1.2,-0.03,-0.01,0.00,0.00,0.00,0.00,-0.04,-0.14,98,-1,0,2,1.1,0.00,0.503,0.519,-24.12,0,28,0,0.4,179.0,111.3,269.6,0.00,0,-0.7,1.3
64.60,descend,118.87,-22.37,0.506,1,1891.2,365.5,1.3,-0.0,0.09,0.20,268,269,-1,0.0,-0.1,1.0,-1.3,-0.03,-0.02,0.00,0.00,0.00,0.00,-0.08,-0.17,98,-1,0,2,1.1,0.00,0.506,0.525,-22.98,0,28,0,0.4,179.0,111.3,269.6,0.00,0,-1.0,1.5
64.70,descend,116.71,-20.21,0.510,1,1891.2,365.5,1.3,-0.0,0.13,0.23,268,269,-1,0.0,0.1,0.9,-1.4,-0.03,-0.02,0.00,0.00,0.00,0.00,-0.08,-0.20,98,-1,0,2,1.0,0.00,0.510,0.533,-21.86,0,28,0,0.4,179.0,111.3,269.6,0.00,0,-1.2,1.5
64.80,descend,114.67,-18.17,0.516,1,1891.2,365.6,1.3,-0.0,0.13,0.27,268,269,-1,-0.1,0.2,0.7,-1.6,-0.04,-0.02,0.00,0.00,0.00,0.00,-0.12,-0.24,98,-1,0,2,0.8,0.00,0.516,0.541,-20.75,0,28,0,360.0,178.4,88.3,270.0,0.00,0,-1.3,1.3
64.90,descend,112.73,-16.23,0.522,1,1891.2,365.6,1.3,-0.1,0.13,0.35,268,269,-1,-0.1,0.3,0.6,-1.7,-0.04,-0.03,0.00,0.00,0.00,0.00,-0.12,-0.28,98,-1,0,2,0.7,0.00,0.522,0.548,-19.65,0,28,0,360.0,178.4,88.3,270.0,0.00,0,-1.3,0.3
65.00,descend,110.91,-14.41,0.527,1,1891.2,365.7,1.3,-0.1,0.18,0.44,268,269,-1,-0.1,0.6,0.5,-1.7,-0.02,-0.03,0.00,0.00,0.00,0.00,-0.12,-0.36,98,-1,0,2,0.7,0.00,0.527,0.546,-18.52,0,28,0,360.0,178.4,88.3,270.0,0.00,0,-1.1,-1.5
65.10,descend,109.20,-12.70,0.531,1,1891.3,365.7,1.3,-0.2,0.18,0.53,268,269,-1,-0.2,0.9,0.4,-1.5,0.01,-0.02,0.00,0.00,0.00,0.00,-0.16,-0.44,98,-1,0,2,0.5,0.00,0.531,0.543,-17.38,0,28,0,360.0,178.4,88.3,270.0,0.00,0,-0.7,-3.2
65.30,descend,106.11,-9.61,0.542,1,1891.3,365.8,1.2,-0.3,0.18,0.62,269,269,-1,-0.3,1.4,0.3,-0.7,0.05,-0.01,0.00,0.00,0.00,0.00,-0.16,-0.59,98,-1,0,1,0.4,0.00,0.542,0.563,-15.08,0,28,0,359.7,178.8,73.8,270.3,0.00,0,0.2,-4.0
65.50,descend,103.49,-6.99,0.552,1,1891.3,365.9,1.2,-0.4,0.18,0.57,269,269,-1,-0.3,1.5,0.3,-0.1,0.02,-0.01,0.00,0.00,0.00,0.00,-0.16,-0.62,98,-1,0,1,0.2,0.00,0.552,0.565,-12.73,0,28,0,359.7,178.8,73.8,270.3,0.00,0,-0.2,-0.6
65.70,descend,101.37,-4.87,0.580,1,1891.4,366.0,1.2,-0.5,0.18,0.48,269,269,-1,-0.3,1.3,0.2,-0.1,-0.03,-0.02,0.00,0.00,0.00,0.00,-0.17,-0.52,98,-1,0,1,0.3,0.00,0.580,0.598,-10.35,0,28,0,359.5,179.9,6.5,270.5,0.00,0,-0.9,1.5
65.90,descend,99.76,-3.26,0.586,1,1891.4,366.1,1.1,-0.6,0.18,0.44,269,269,-1,-0.3,1.2,-0.0,-0.5,-0.05,-0.03,0.00,0.00,0.00,0.00,-0.17,-0.46,98,-1,0,1,0.1,0.00,0.586,0.617,-7.81,0,28,0,359.5,179.9,6.5,270.5,0.00,0,-1.1,2.4
66.10,descend,98.77,-2.27,0.364,1,1891.4,366.2,1.1,-0.7,0.18,0.46,269,270,-1,-0.4,1.3,-0.2,-0.9,-0.05,-0.03,0.00,0.00,0.00,0.00,-0.17,-0.45,98,-1,0,1,-0.3,0.01,0.364,0.395,-4.53,0,28,0,359.4,179.3,51.4,270.6,0.00,0,-1.0,1.7
66.30,descend,98.20,-1.70,0.289,1,1891.5,366.3,1.0,-0.8,0.18,0.45,269,270,-1,-0.4,1.3,-0.4,-1.3,-0.06,-0.03,0.00,0.00,0.00,0.00,-0.17,-0.45,98,-1,0,1,-0.5,0.01,0.289,0.326,-2.76,0,28,0,359.4,179.3,51.4,270.6,0.00,0,-1.2,2.1
66.50,descend,97.79,-1.29,0.251,1,1891.5,366.4,1.0,-0.9,0.22,0.38,269,269,-1,-0.5,1.2,-0.8,-1.9,-0.08,-0.04,0.00,0.00,0.00,0.00,-0.22,-0.41,98,-1,0,1,-0.7,0.01,0.251,0.301,-2.01,0,28,0,359.6,178.4,74.8,270.4,0.00,0,-2.1,3.8
66.70,descend,97.46,-0.96,0.233,1,1891.6,366.5,1.0,-0.9,0.18,0.32,269,269,-1,-0.4,1.1,-1.3,-2.7,-0.11,-0.06,0.00,0.00,0.00,0.00,-0.17,-0.35,98,-1,0,1,-0.6,0.01,0.233,0.299,-1.67,0,28,0,359.6,178.4,74.8,270.4,0.00,0,-2.3,4.7
66.90,descend,97.17,-0.67,0.224,1,1891.6,366.5,0.9,-1.0,0.18,0.29,269,269,-1,-0.5,1.0,-1.7,-3.8,-0.13,-0.05,0.00,0.00,0.00,0.00,-0.17,-0.29,98,-1,0,1,-0.6,0.01,0.224,0.297,-1.53,0,28,0,359.8,176.8,86.7,270.2,0.00,0,-1.8,5.3
67.10,capture,96.91,-0.41,0.307,1,1891.6,366.5,0.9,-1.0,0.18,0.27,269,269,-1,-0.5,1.0,-2.0,-4.9,-0.15,-0.06,0.00,0.00,0.00,0.00,-0.17,-0.28,98,-1,0,1,-0.5,0.01,0.307,0.389,-1.38,0,28,0,359.8,176.8,86.7,270.2,0.00,0,-1.7,5.7
67.30,capture,96.80,-0.30,0.231,1,1891.6,366.6,0.9,-1.1,0.00,-0.08,269,269,-1,0.1,-0.3,-2.3,-5.1,0.00,-0.06,0.00,0.00,0.00,0.00,0.04,0.16,98,-1,0,1,0.1,0.00,0.231,0.253,0.24,0,28,0,360.0,174.5,89.6,270.0,0.00,0,-2.3,-3.0
67.50,capture,96.82,-0.32,0.235,1,1891.6,366.6,0.9,-1.1,0.00,-0.10,269,269,-1,0.0,-0.0,-3.0,-4.8,-0.04,-0.11,0.00,0.00,0.00,0.00,-0.00,0.07,98,-1,0,1,0.1,0.00,0.235,0.294,0.12,0,28,0,360.0,174.5,89.6,270.0,0.00,0,-4.5,0.9
67.70,capture,96.78,-0.28,0.260,1,1891.6,366.5,0.9,-1.0,-0.09,-0.25,269,269,-1,0.0,-0.1,-3.8,-4.9,-0.05,-0.11,0.00,0.00,0.00,0.00,-0.00,0.10,98,-1,0,1,1.9,0.00,0.260,0.324,-0.36,0,28,0,359.8,175.1,87.9,270.2,0.00,0,-3.3,-2.3
67.90,capture,96.76,-0.26,0.248,1,1891.6,366.5,0.9,-1.0,-0.13,-0.25,269,269,-1,0.4,-0.6,-4.4,-4.5,-0.02,-0.11,0.00,0.00,0.00,0.00,0.13,0.25,98,-1,0,1,1.5,-0.01,0.248,0.300,-0.11,0,28,0,359.8,175.1,87.9,270.2,0.00,0,-3.1,-1.3
68.10,capture,96.77,-0.27,0.235,1,1891.6,366.4,0.9,-0.9,0.00,-0.24,270,270,-1,0.1,-0.6,-4.6,-4.4,-0.05,-0.06,0.00,0.00,0.00,0.00,-0.00,0.24,98,-1,0,0,-2.1,0.03,0.235,0.280,0.13,0,28,0,359.4,175.7,81.7,270.6,0.00,0,0.4,-0.2
68.30,capture,96.77,-0.27,0.239,1,1891.6,366.4,0.9,-0.9,0.13,-0.19,270,270,-1,-0.3,-0.5,-4.6,-4.6,-0.06,-0.06,0.00,0.00,0.00,0.00,-0.13,0.19,98,-1,0,0,-5.2,0.06,0.239,0.285,0.04,0,28,0,359.4,175.7,81.7,270.6,0.00,0,0.7,2.1
68.50,capture,96.77,-0.27,0.240,1,1891.6,366.4,0.9,-0.9,0.18,-0.20,269,269,-1,-0.5,-0.5,-4.5,-4.4,-0.04,-0.05,0.00,0.00,0.00,0.00,-0.18,0.19,98,-1,0,1,-2.0,0.03,0.240,0.274,0.01,0,28,0,0.4,175.5,94.7,269.6,0.00,0,1.2,-0.1
68.70,capture,96.77,-0.27,0.241,1,1891.7,366.3,0.8,-0.8,0.21,-0.23,269,269,-1,-0.6,-0.7,-4.4,-4.3,-0.04,-0.05,0.00,0.00,0.00,0.00,-0.22,0.23,98,-1,0,1,0.5,-0.00,0.241,0.279,-0.02,0,28,0,0.4,175.5,94.7,269.6,0.00,0,-0.1,0.1
68.90,capture,96.77,-0.27,0.240,1,1891.7,366.3,0.8,-0.8,0.24,-0.25,269,269,-1,-0.8,-0.7,-4.3,-4.2,-0.04,-0.05,0.00,0.00,0.00,0.00,-0.25,0.24,98,-1,0,1,0.5,-0.00,0.240,0.275,-0.02,0,28,0,0.4,175.7,95.4,269.6,0.00,0,0.1,-0.3
69.10,capture,96.76,-0.26,0.240,1,1891.8,366.2,0.7,-0.7,0.28,-0.28,269,269,-1,-0.9,-0.8,-4.1,-4.1,-0.03,-0.04,0.00,0.00,0.00,0.00,-0.27,0.26,98,-1,0,1,-0.2,0.01,0.240,0.270,-0.02,0,28,0,0.4,175.7,95.4,269.6,0.00,0,1.1,-1.0
69.25,capture,96.76,-0.26,0.239,1,1891.8,366.2,0.7,-0.7,0.31,-0.30,269,269,-1,-1.0,-0.9,-4.0,-3.9,-0.02,-0.03,0.00,0.00,0.00,0.00,-0.31,0.29,98,-1,0,1,-0.1,0.01,0.239,0.263,-0.01,0,28,0,0.4,176.0,95.6,269.6,0.00,0,0.8,-0.8
69.45,capture,96.75,-0.25,0.241,1,1891.9,366.1,0.6,-0.6,0.38,-0.40,269,269,-1,-1.1,-1.2,-3.7,-3.6,-0.01,-0.03,0.00,0.00,0.00,0.00,-0.35,0.36,98,-1,0,1,-0.1,-0.01,0.241,0.257,-0.04,0,28,0,0.4,176.0,95.6,269.6,0.00,0,1.8,-1.7
69.65,capture,96.78,-0.28,0.241,1,1892.0,365.4,0.6,-0.5,0.32,-0.05,269,269,-1,-1.5,-1.5,-3.4,-3.4,-0.02,-0.03,0.00,0.00,0.00,0.00,-0.46,0.44,98,-1,0,1,0.5,0.01,0.241,0.258,-0.07,0,28,0,0.4,176.5,96.7,269.6,0.00,0,3.0,-3.0
69.85,capture,96.67,-0.17,0.264,1,1892.4,365.4,0.4,0.1,2.39,0.08,269,269,-1,-5.2,-1.2,-1.0,-0.9,0.26,0.30,0.00,0.00,0.00,0.00,-1.62,0.22,98,-1,0,1,2.9,-0.02,0.264,0.486,-0.45,0,28,0,0.4,176.5,96.7,269.6,0.00,0,19.0,-18.9
70.05,capture,96.50,0.00,0.294,1,1892.5,365.5,0.0,-0.0,0.00,-0.00,269,269,-1,-3.8,3.2,0.0,-0.0,-0.05,0.02,0.00,0.00,0.00,0.00,-1.10,-1.22,98,-1,0,1,-0.0,0.01,0.294,0.319,-0.90,0,28,0,0.0,180.0,0.0,270.0,0.00,0,-0.0,-0.0
70.25,capture,96.50,0.00,0.249,1,1892.5,365.5,0.0,-0.0,0.00,0.00,269,269,-1,-0.5,-0.5,0.0,0.0,-0.01,-0.02,0.00,0.00,0.00,0.00,0.00,0.00,98,-1,0,1,0.0,0.01,0.249,0.259,-0.00,0,28,0,0.0,180.0,0.0,270.0,0.00,0,0.0,-0.0
70.45,capture,96.50,0.00,0.249,1,1892.5,365.5,0.0,-0.0,0.00,0.00,269,269,-1,-0.5,-0.5,0.0,0.0,-0.01,-0.02,0.00,0.00,0.00,0.00,0.00,0.00,98,-1,0,1,0.0,0.01,0.249,0.259,0.00,0,28,0,0.0,180.0,0.0,270.0,0.00,0,-0.0,-0.0
70.65,capture,96.50,0.00,0.249,1,1892.5,365.5,0.0,-0.0,0.00,0.00,269,269,-1,-0.5,-0.5,0.0,0.0,-0.01,-0.02,0.00,0.00,0.00,0.00,0.00,0.00,98,-1,0,1,0.0,0.01,0.249,0.259,0.00,0,28,0,0.0,180.0,0.0,270.0,0.00,0,-0.0,-0.0
70.85,capture,96.50,0.00,0.249,1,1892.5,365.5,0.0,-0.0,0.00,0.00,269,269,-1,-0.5,-0.5,0.0,0.0,-0.01,-0.02,0.00,0.00,0.00,0.00,0.00,0.00,99,-1,0,1,0.0,0.01,0.249,0.259,0.00,0,28,0,0.0,180.0,0.0,270.0,0.00,0,-0.0,-0.0
71.05,docked,96.50,0.00,0.000,1,1892.5,365.5,0.0,-0.0,0.00,0.00,269,269,-1,-0.5,-0.5,0.0,0.0,-0.01,-0.02,0.00,0.00,0.00,0.00,0.00,0.00,99,-1,1,0,0.0,0.00,0.000,0.000,0.00,0,28,0,0.0,180.0,0.0,270.0,0.00,0,-0.0,-0.0
71.05,end:ok:control [yawkp 0.007 yawkd 0.012 yawmax 0.6 lean 67 body 15 braketurn 0.55 side 1.5 hold 0.38 track 0.2 appr 2],0,0,0,0,0,0,0,0,0,0,0,0,0,0,0,0,0,0,0,0,0,0,0,0,0,0,0,0,0,0,0,0,0,0,0,0,0,0,0,0,0,0,0,0,0
