t,phase,height,err,pwr,gps,x,z,ex,ez,vxw,vzw,hdg,rawhdg,mothdg,tp,tr,p,r,vx,vy,sched,fwdRaw,latRaw,vrtRaw,fwdH,latH,energy,fuel,sat,yerr,yrate,ydem,athr,amax,vv,dockc,npers,chg,nav1,nav3,nav2,trihdg,trires,aimq,wx,wz
0.00,climb,96.50,253.50,1.000,1,1892.5,365.5,-934.0,140.0,0.00,0.00,269,269,-1,0.0,0.0,-0.0,0.0,0.00,-0.00,0.00,0.00,0.00,0.00,0.00,0.00,-1,-1,1,-2,0.0,-0.03,1.000,1.000,0.00,0,0,0,0.0,180.0,180.0,270.0,0.00,0,0.0,0.0
0.10,climb,96.50,253.50,1.000,1,1892.5,365.5,-934.0,140.0,0.00,0.00,269,269,-1,0.0,0.0,-0.0,0.0,0.00,-0.00,0.00,0.00,0.00,0.00,0.00,0.00,-1,-1,1,-5,0.0,-0.09,1.000,1.000,0.00,0,0,0,0.0,180.0,180.0,270.0,0.00,0,0.0,0.0
0.20,climb,96.50,253.50,1.000,1,1892.5,365.5,-934.0,140.0,0.00,0.00,269,269,-1,0.0,0.0,-0.0,-0.0,-0.00,-0.00,0.00,0.00,0.00,0.00,0.00,0.00,-1,-1,1,-8,0.0,-0.15,1.000,1.000,0.00,0,0,0,0.0,180.0,180.0,270.0,0.00,0,0.0,0.0
0.30,climb,96.50,253.50,1.000,1,1892.5,365.5,-934.0,140.0,0.00,0.00,269,269,-1,0.0,0.0,-0.0,-0.0,-0.00,-0.00,0.00,0.00,0.00,0.00,0.00,0.00,-1,-1,1,-11,0.0,-0.21,1.000,1.000,0.00,0,0,0,0.0,180.0,180.0,270.0,0.00,0,-0.0,0.0
0.40,climb,96.50,253.50,1.000,1,1892.5,365.5,-934.0,140.0,0.00,-0.00,269,269,-1,0.0,0.0,-0.0,-0.0,-0.00,-0.00,0.00,0.00,0.00,0.00,0.00,0.00,-1,-1,1,-13,-1.0,-0.27,1.000,1.000,0.00,0,0,0,0.0,180.0,180.0,270.0,0.00,0,-0.1,0.0
0.50,climb,96.62,253.38,1.000,1,1892.5,365.5,-934.0,140.0,0.00,-0.00,269,269,-1,0.0,0.0,-0.0,-0.0,-0.00,-0.00,0.00,0.00,0.00,0.00,-0.00,0.00,-1,-1,1,-17,-1.0,-0.31,1.000,1.000,0.70,0,0,0,0.0,180.0,180.0,270.0,0.00,0,-0.1,0.0
0.60,climb,96.96,253.04,1.000,1,1892.5,365.5,-934.0,140.0,0.00,0.00,269,269,-1,0.0,0.0,-0.1,-0.0,-0.00,-0.01,0.00,0.00,0.00,0.00,0.00,0.00,-1,-1,1,-20,-10.7,-0.30,1.000,1.000,2.75,0,0,0,0.0,180.0,180.0,270.0,0.00,0,-1.0,0.2
0.70,climb,97.60,252.40,1.000,1,1892.5,365.5,-934.0,140.0,0.00,0.00,269,269,-1,0.0,0.0,-0.2,-0.0,-0.00,-0.02,0.00,0.00,0.00,0.00,0.00,0.00,-1,-1,1,-23,-20.0,-0.24,1.000,1.000,5.65,0,0,0,0.0,180.0,180.0,270.0,0.00,0,-1.4,0.3
0.80,climb,98.57,251.43,1.000,1,1892.5,365.5,-934.0,140.0,0.00,0.00,268,265,-1,0.0,0.0,-0.3,-0.1,-0.00,-0.02,0.00,0.00,0.00,0.00,0.00,0.00,99,-1,1,-25,-20.0,-0.10,1.000,1.000,8.84,0,26,0,4.3,179.9,178.8,265.7,0.00,0,-1.4,0.3
0.90,climb,99.84,250.16,1.000,1,1892.5,365.5,-934.0,140.0,-0.18,0.03,268,265,-1,0.0,0.0,-0.4,-0.1,-0.00,-0.02,0.00,0.00,0.00,0.00,0.09,-0.02,99,-1,1,-27,-38.0,0.05,1.000,1.000,11.99,0,26,0,4.3,179.9,178.8,265.7,0.00,0,-0.4,0.4
1.00,climb,102.34,247.66,1.000,1,1892.5,365.5,-934.0,140.0,-0.18,0.03,267,265,-1,0.0,0.0,-0.5,-0.1,-0.00,-0.01,0.00,0.00,0.00,0.00,0.18,-0.02,99,-1,1,-30,-38.0,0.16,1.000,1.000,15.11,0,26,0,4.3,179.9,178.8,265.7,0.00,0,-0.4,0.4
1.10,climb,103.33,246.67,1.000,1,1892.4,365.5,-933.9,140.0,-0.35,0.13,267,265,-1,0.0,0.0,-0.4,-0.0,0.01,0.01,0.00,0.00,0.00,0.00,0.27,-0.07,99,-1,1,-32,-43.4,0.21,1.000,1.000,18.20,0,26,0,4.3,179.9,178.8,265.7,0.00,0,1.6,-0.5
1.20,climb,106.13,243.87,1.000,1,1892.4,365.5,-933.9,140.0,-0.35,0.15,264,249,-1,0.0,0.0,-0.2,0.1,0.01,0.02,0.00,0.00,0.00,0.00,0.36,-0.10,99,-1,1,-33,-39.5,0.21,1.000,1.000,21.26,0,26,0,20.1,180.0,179.9,249.9,0.00,0,2.1,-0.7
1.30,climb,108.03,241.97,1.000,1,1892.4,365.5,-933.9,140.0,-0.35,0.15,262,249,-1,0.0,0.0,0.0,0.1,0.01,0.03,0.00,0.00,0.00,0.00,0.37,-0.10,99,-1,1,-33,-39.5,0.12,1.000,1.000,24.29,0,26,0,20.1,180.0,179.9,249.9,0.00,0,2.1,-0.7
1.40,climb,110.83,239.17,1.000,1,1892.3,365.6,-933.8,139.9,-0.35,0.15,260,249,-1,0.0,0.0,0.2,0.2,0.01,0.04,0.00,0.00,0.00,0.00,0.37,-0.09,99,-1,1,-35,-33.0,-0.03,1.000,1.000,27.29,0,26,0,20.1,180.0,179.9,249.9,0.00,0,2.2,-0.8
1.50,climb,113.93,236.07,1.000,1,1892.3,365.6,-933.8,139.9,-0.35,0.14,258,249,-1,0.0,0.0,0.4,0.2,0.01,0.03,0.00,0.00,0.00,0.00,0.37,-0.07,99,-1,1,-36,-25.5,-0.21,1.000,1.000,30.26,0,26,0,20.1,180.0,179.9,249.9,0.00,0,1.9,-0.7
1.60,climb,117.33,232.67,1.000,1,1892.3,365.6,-933.8,139.9,-0.35,0.08,255,238,-1,0.0,0.0,0.5,0.2,-0.00,0.01,0.00,0.00,0.00,0.00,0.36,0.02,99,-1,1,-36,-19.3,-0.33,1.000,1.000,33.20,0,26,0,31.2,180.5,180.8,238.8,0.00,0,0.8,0.1
1.70,climb,121.01,228.99,1.000,1,1892.2,365.6,-933.7,139.9,-0.22,-0.07,253,238,-1,0.0,0.0,0.3,0.1,-0.01,-0.02,0.00,0.00,0.00,0.00,0.25,0.09,99,-1,1,-36,-18.3,-0.40,1.000,1.000,36.11,0,26,0,31.2,180.5,180.8,238.8,0.00,0,-2.6,1.1
1.80,climb,124.98,225.02,1.000,1,1892.2,365.6,-933.7,139.9,-0.22,-0.07,250,238,-1,0.0,0.0,0.0,-0.0,-0.02,-0.04,0.00,0.00,0.00,0.00,0.18,0.14,99,-1,1,-37,-18.3,-0.37,1.000,1.000,38.98,0,26,0,31.2,180.5,180.8,238.8,0.00,0,-2.6,1.1
1.90,climb,129.24,220.76,1.000,1,1892.2,365.6,-933.7,139.9,-0.18,-0.08,248,238,-1,0.0,0.0,-0.4,-0.2,-0.02,-0.07,0.00,0.00,0.00,0.00,0.13,0.16,99,-1,1,-38,-34.2,-0.26,1.000,1.000,41.83,0,26,0,31.2,180.5,180.8,238.8,0.00,0,-4.7,1.8
2.00,climb,133.77,216.23,1.000,1,1892.2,365.6,-933.7,139.9,-0.26,0.02,245,228,-1,0.0,0.0,-0.9,-0.3,-0.02,-0.08,0.00,0.00,0.00,0.00,0.13,0.14,99,-1,1,-38,-44.3,-0.07,1.000,1.000,44.64,0,26,0,41.2,178.9,178.8,228.8,0.00,0,-4.0,1.9
2.10,climb,138.59,211.41,0.865,1,1892.2,365.6,-933.7,139.9,-0.26,0.02,243,228,-1,0.0,0.0,-1.3,-0.4,-0.02,-0.07,0.00,0.00,0.00,0.00,0.24,0.10,99,-1,0,-38,-44.3,0.12,0.865,0.901,47.42,0,26,0,41.2,178.9,178.8,228.8,0.00,0,-4.0,1.9
2.20,climb,144.98,205.02,0.697,1,1892.1,365.6,-933.6,139.9,-0.35,0.21,240,228,-1,0.0,0.0,-1.4,-0.4,-0.00,-0.04,0.00,0.00,0.00,0.00,0.41,-0.01,99,-1,0,-39,-52.6,0.27,0.700,0.717,50.17,0,26,0,41.2,178.9,178.8,228.8,0.00,0,-2.0,1.4
2.30,climb,148.98,201.02,0.555,1,1892.1,365.6,-933.6,139.9,-0.44,0.45,238,228,-1,0.0,0.0,-1.2,-0.2,0.02,0.02,0.00,0.00,0.00,0.00,0.61,-0.15,99,-1,0,-40,-56.7,0.33,0.558,0.572,52.62,0,26,0,41.2,178.9,178.8,228.8,0.00,0,1.3,0.2
2.40,climb,154.44,195.56,0.433,1,1892.0,365.7,-933.5,139.8,-0.53,0.76,234,207,-1,0.0,0.0,-0.8,-0.0,0.03,0.06,0.00,0.00,0.00,0.00,0.77,-0.23,99,-1,0,-38,-49.9,0.34,0.436,0.474,54.33,0,26,0,62.3,178.5,179.2,207.7,0.00,0,5.9,-1.7
2.50,climb,159.99,190.01,0.342,1,1891.9,365.8,-933.5,139.8,-0.53,0.77,230,207,-1,0.0,0.0,-0.1,0.2,0.03,0.09,0.00,0.00,0.00,0.00,0.89,-0.24,99,-1,0,-37,-43.4,0.26,0.343,0.393,55.36,0,26,0,62.3,178.5,179.2,207.7,0.00,0,5.9,-1.4
2.60,climb,165.57,184.43,0.276,1,1891.9,365.8,-933.4,139.7,-0.53,0.77,226,207,-1,0.0,0.0,0.4,0.3,0.02,0.09,0.00,0.00,0.00,0.00,0.91,-0.19,99,-1,0,-37,-43.4,0.14,0.276,0.319,55.80,0,26,0,62.3,178.5,179.2,207.7,0.00,0,5.9,-1.4
2.70,climb,171.13,178.87,0.235,1,1891.8,366.0,-933.4,139.6,-0.53,0.65,223,207,-1,0.0,0.0,0.8,0.3,0.01,0.07,0.00,0.00,0.00,0.00,0.89,-0.11,99,-1,0,-37,-31.9,0.01,0.235,0.264,55.71,0,26,0,62.3,178.5,179.2,207.7,0.00,0,2.2,-0.5
2.80,climb,176.64,173.36,0.212,1,1891.8,366.0,-933.3,139.5,-0.53,0.65,218,191,-1,0.0,0.0,1.0,0.3,0.00,0.04,0.00,0.00,0.00,0.00,0.84,0.01,99,-1,0,-35,-31.9,-0.06,0.212,0.227,55.24,0,26,0,78.0,184.9,181.1,192.0,0.00,0,2.2,-0.5
2.90,climb,182.07,167.93,0.199,1,1891.8,366.0,-933.3,139.5,-0.53,0.56,214,191,-1,0.0,0.0,1.0,0.3,-0.00,0.02,0.00,0.00,0.00,0.00,0.76,0.12,99,-1,0,-33,-28.1,-0.11,0.199,0.207,54.54,0,26,0,78.0,184.9,181.1,192.0,0.00,0,0.5,-0.2
3.00,climb,187.42,162.58,0.194,1,1891.7,366.1,-933.2,139.4,-0.53,0.49,210,191,-1,0.0,0.0,0.9,0.2,-0.00,-0.01,0.00,0.00,0.00,0.00,0.69,0.20,99,-1,0,-33,-25.4,-0.15,0.194,0.199,53.71,0,26,0,78.0,184.9,181.1,192.0,0.00,0,-0.8,-0.0
3.10,climb,192.68,157.32,0.193,1,1891.6,366.2,-933.2,139.4,-0.53,0.40,207,191,-1,0.0,0.0,0.6,0.2,-0.01,-0.04,0.00,0.00,0.00,0.00,0.63,0.27,99,-1,0,-33,-22.2,-0.19,0.193,0.210,52.80,0,26,0,78.0,184.9,181.1,192.0,0.00,0,-3.7,0.3
3.20,climb,199.11,150.89,0.183,1,1891.6,366.2,-933.1,139.3,-0.53,0.40,203,181,-1,0.0,0.0,0.3,0.1,-0.01,-0.05,0.00,0.00,0.00,0.00,0.57,0.33,99,-1,0,-32,-22.2,-0.19,0.184,0.208,51.84,0,26,0,87.7,186.5,180.3,182.3,0.00,0,-3.7,0.3
3.30,climb,202.90,147.10,0.197,1,1891.6,366.2,-933.1,139.3,-0.44,0.37,200,181,-1,0.0,0.0,-0.1,0.1,-0.01,-0.05,0.00,0.00,0.00,0.00,0.50,0.29,99,-1,0,-31,-21.4,-0.20,0.197,0.219,50.86,0,26,0,87.7,186.5,180.3,182.3,0.00,0,-3.5,0.4
3.40,climb,207.88,142.12,0.195,1,1891.5,366.3,-933.0,139.3,-0.44,0.37,197,181,-1,0.0,0.0,-0.3,0.1,-0.00,-0.03,0.00,0.00,0.00,0.00,0.46,0.32,99,-1,0,-31,-20.9,-0.21,0.195,0.210,49.98,0,26,0,87.7,186.5,180.3,182.3,0.00,0,-0.9,0.4
3.50,climb,212.77,137.23,0.192,1,1891.4,366.3,-933.0,139.2,-0.44,0.38,194,181,-1,0.0,0.0,-0.3,0.0,-0.00,-0.01,0.00,0.00,0.00,0.00,0.47,0.33,99,-1,0,-32,-20.9,-0.22,0.193,0.199,49.11,0,26,0,87.7,186.5,180.3,182.3,0.00,0,0.5,0.3
3.60,climb,217.57,132.43,0.189,1,1891.4,366.3,-932.9,139.2,-0.44,0.38,191,173,-1,0.0,0.0,-0.2,0.0,-0.00,0.01,0.00,0.00,0.00,0.00,0.46,0.36,99,-1,0,-32,-20.9,-0.21,0.190,0.195,48.25,0,26,0,96.1,2.1,179.8,173.9,0.00,0,0.5,0.3
3.70,climb,222.28,127.72,0.189,1,1891.4,366.4,-932.9,139.2,-0.44,0.40,188,173,-1,0.0,0.0,-0.1,0.0,-0.00,0.02,0.00,0.00,0.00,0.00,0.45,0.38,99,-1,0,-32,-21.0,-0.22,0.190,0.199,47.34,0,26,0,96.1,2.1,179.8,173.9,0.00,0,1.6,0.2
3.80,climb,226.90,123.10,0.193,1,1891.3,366.4,-932.9,139.1,-0.44,0.40,186,173,-1,0.0,0.0,0.1,-0.0,-0.00,0.02,0.00,0.00,0.00,0.00,0.44,0.40,99,-1,0,-32,-20.9,-0.23,0.194,0.205,46.36,0,26,0,96.1,2.1,179.8,173.9,0.00,0,1.6,0.1
3.90,climb,231.41,118.59,0.197,1,1891.3,366.4,-932.8,139.1,-0.44,0.40,184,173,-1,0.0,0.0,0.3,-0.0,-0.00,0.03,0.00,0.00,0.00,0.00,0.42,0.41,99,-1,0,-33,-20.9,-0.25,0.198,0.210,45.38,0,26,0,96.1,2.1,179.8,173.9,0.00,0,1.6,0.1
4.00,climb,235.84,114.16,0.198,1,1891.2,366.5,-932.8,139.0,-0.35,0.36,181,164,-1,0.0,0.0,0.3,-0.1,-0.01,0.02,0.00,0.00,0.00,0.00,0.38,0.35,99,-1,0,-33,-21.5,-0.25,0.199,0.207,44.47,0,26,0,104.5,358.6,180.4,165.5,0.00,0,-0.2,0.3
4.10,climb,240.18,109.82,0.194,1,1891.2,366.5,-932.7,139.0,-0.35,0.36,178,164,-1,0.0,0.0,0.3,-0.1,-0.01,-0.01,0.00,0.00,0.00,0.00,0.35,0.36,99,-1,0,-34,-21.5,-0.25,0.195,0.200,43.66,0,26,0,104.5,358.6,180.4,165.5,0.00,0,-0.2,0.3
4.20,climb,245.51,104.49,0.179,1,1891.2,366.5,-932.7,139.0,-0.35,0.35,176,164,-1,0.0,0.0,0.1,-0.2,-0.01,-0.03,0.00,0.00,0.00,0.00,0.33,0.37,99,-1,0,-35,-22.0,-0.25,0.180,0.196,42.86,0,26,0,104.5,358.6,180.4,165.5,0.00,0,-1.5,0.5
4.30,climb,248.63,101.37,0.186,1,1891.2,366.6,-932.7,138.9,-0.35,0.33,174,164,-1,0.0,0.0,-0.1,-0.2,-0.01,-0.04,0.00,0.00,0.00,0.00,0.29,0.38,99,-1,0,-36,-22.5,-0.27,0.187,0.204,42.04,0,26,0,104.5,358.6,180.4,165.5,0.00,0,-2.3,0.4
4.40,climb,252.73,97.27,0.186,1,1891.1,366.6,-932.6,138.9,-0.35,0.31,171,156,-1,0.0,0.0,-0.4,-0.2,-0.00,-0.04,0.00,0.00,0.00,0.00,0.25,0.39,99,-1,0,-36,-22.7,-0.26,0.186,0.202,41.15,0,26,0,113.4,0.7,179.7,156.6,0.00,0,-2.2,0.1
4.50,climb,256.73,93.27,0.186,1,1891.1,366.7,-932.6,138.9,-0.35,0.31,169,156,-1,0.0,0.0,-0.6,-0.1,0.01,-0.04,0.00,0.00,0.00,0.00,0.23,0.40,99,-1,0,-37,-23.4,-0.27,0.187,0.203,40.26,0,26,0,113.4,0.7,179.7,156.6,0.00,0,-1.2,-0.5
4.60,climb,260.66,89.34,0.182,1,1891.0,366.7,-932.6,138.8,-0.35,0.33,167,156,-1,0.0,0.0,-0.7,-0.1,0.01,-0.02,0.00,0.00,0.00,0.00,0.22,0.41,99,-1,0,-37,-24.0,-0.28,0.183,0.196,39.45,0,26,0,113.4,0.7,179.7,156.6,0.00,0,-0.1,-0.4
4.70,climb,264.50,85.50,0.177,1,1891.0,366.7,-932.5,138.8,-0.35,0.33,165,156,-1,0.0,0.0,-0.7,-0.0,0.01,-0.01,0.00,0.00,0.00,0.00,0.23,0.42,99,-1,0,-39,-24.0,-0.29,0.178,0.183,38.66,0,26,0,113.4,0.7,179.7,156.6,0.00,0,-0.1,-0.4
4.80,climb,268.26,81.74,0.175,1,1891.0,366.7,-932.5,138.8,-0.26,0.33,162,146,-1,0.0,0.0,-0.6,0.0,0.00,0.00,0.00,0.00,0.00,0.00,0.23,0.35,99,-1,0,-36,-24.4,-0.23,0.176,0.177,37.81,0,26,0,123.0,0.9,179.4,147.0,0.00,0,0.5,0.1
4.90,climb,271.93,78.07,0.175,1,1891.0,366.8,-932.5,138.7,-0.26,0.35,160,146,-1,0.0,0.0,-0.5,0.0,-0.00,0.00,0.00,0.00,0.00,0.00,0.24,0.37,99,-1,0,-33,-24.8,-0.17,0.175,0.177,36.93,0,26,0,123.0,0.9,179.4,147.0,0.00,0,0.7,0.2
5.00,climb,275.51,74.49,0.175,1,1890.9,366.8,-932.4,138.7,-0.26,0.37,158,146,-1,0.0,0.0,-0.4,-0.0,-0.00,0.01,0.00,0.00,0.00,0.00,0.25,0.39,99,-1,0,-31,-25.2,-0.12,0.175,0.179,36.05,0,26,0,123.0,0.9,179.4,147.0,0.00,0,0.8,0.4
5.10,climb,279.01,70.99,0.174,1,1890.9,366.9,-932.4,138.7,-0.26,0.37,156,146,-1,0.0,0.0,-0.4,-0.0,-0.01,0.01,0.00,0.00,0.00,0.00,0.23,0.39,99,-1,0,-29,-25.6,-0.08,0.174,0.180,35.18,0,26,0,123.0,0.9,179.4,147.0,0.00,0,0.9,0.5
5.20,climb,282.42,67.58,0.173,1,1890.9,366.9,-932.4,138.6,-0.26,0.37,153,136,-1,0.0,0.0,-0.3,-0.1,-0.01,0.01,0.00,0.00,0.00,0.00,0.21,0.41,99,-1,0,-26,-25.6,-0.01,0.173,0.180,34.33,0,26,0,133.1,0.2,179.8,136.9,0.00,0,0.9,0.5
5.30,climb,285.75,64.25,0.172,1,1890.8,366.9,-932.4,138.6,-0.26,0.37,150,136,-1,0.0,0.0,-0.2,-0.1,-0.01,0.01,0.00,0.00,0.00,0.00,0.19,0.41,99,-1,0,-24,-25.3,0.04,0.172,0.179,33.48,0,26,0,133.1,0.2,179.8,136.9,0.00,0,0.7,0.6
5.40,climb,288.99,61.01,0.132,1,1890.8,366.9,-932.3,138.6,-0.26,0.37,148,136,-1,0.0,0.0,-0.1,-0.2,-0.01,0.01,0.00,0.00,0.00,0.00,0.18,0.42,99,-1,0,-22,-25.3,0.08,0.132,0.139,32.64,0,26,0,133.1,0.2,179.8,136.9,0.00,0,0.7,0.6
5.50,climb,292.16,57.84,0.088,1,1890.8,367.0,-932.3,138.5,-0.26,0.35,146,136,-1,0.0,0.0,-0.1,-0.2,-0.01,0.01,0.00,0.00,0.00,0.00,0.15,0.41,99,-1,0,-20,-24.8,0.10,0.088,0.095,31.81,0,26,0,133.1,0.2,179.8,136.9,0.00,0,0.6,0.6
5.60,climb,295.22,54.78,0.050,1,1890.8,367.1,-932.3,138.5,-0.26,0.33,143,126,-1,0.0,0.0,-0.1,-0.3,-0.01,-0.00,0.00,0.00,0.00,0.00,0.12,0.42,99,-1,0,-17,-23.0,0.15,0.050,0.053,30.90,0,26,0,143.0,359.8,180.3,127.0,0.00,0,-0.2,-0.0
5.70,climb,298.17,51.83,0.021,1,1890.7,367.1,-932.3,138.4,-0.22,0.33,140,126,-1,0.0,0.0,-0.1,-0.3,-0.00,-0.01,0.00,0.00,0.00,0.00,0.09,0.41,99,-1,0,-14,-22.0,0.18,0.021,0.024,29.84,0,26,0,143.0,359.8,180.3,127.0,0.00,0,-0.2,-0.1
5.80,climb,301.00,49.00,0.004,1,1890.7,367.1,-932.2,138.4,-0.22,0.33,138,126,-1,0.0,0.0,-0.1,-0.2,-0.00,-0.01,0.00,0.00,0.00,0.00,0.10,0.38,99,-1,0,-12,-22.0,0.21,0.004,0.007,28.61,0,26,0,143.0,359.8,180.3,127.0,0.00,0,-0.2,-0.1
5.90,climb,303.72,46.28,0.000,1,1890.7,367.1,-932.2,138.4,-0.18,0.31,136,126,-1,0.0,0.0,-0.2,-0.2,-0.00,-0.01,0.00,0.00,0.00,0.00,0.10,0.34,99,-1,1,-10,-21.0,0.22,0.000,0.000,27.49,0,26,0,143.0,359.8,180.3,127.0,0.00,0,-0.3,-0.1
6.00,climb,306.33,43.67,0.000,1,1890.7,367.2,-932.2,138.4,-0.18,0.31,133,117,-1,0.0,0.0,-0.2,-0.2,0.00,-0.01,0.00,0.00,0.00,0.00,0.08,0.34,99,-1,1,-7,-19.1,0.26,0.000,0.000,26.33,0,26,0,151.5,359.9,180.2,118.5,0.00,0,-0.3,-0.1
6.10,climb,308.81,41.19,0.000,1,1890.7,367.2,-932.2,138.3,-0.18,0.31,131,117,-1,0.0,0.0,-0.2,-0.2,0.00,-0.01,0.00,0.00,0.00,0.00,0.07,0.35,99,-1,1,-5,-19.1,0.29,0.000,0.000,25.13,0,26,0,151.5,359.9,180.2,118.5,0.00,0,-0.3,-0.1
6.20,climb,311.16,38.84,0.000,1,1890.7,367.2,-932.2,138.3,-0.18,0.31,129,117,-1,0.0,0.0,-0.3,-0.2,0.00,-0.01,0.00,0.00,0.00,0.00,0.06,0.35,99,-1,1,-2,-18.5,0.32,0.000,0.000,23.88,0,26,0,151.5,359.9,180.2,118.5,0.00,0,-0.3,-0.1
6.30,climb,313.39,36.61,0.000,1,1890.6,367.2,-932.1,138.3,-0.18,0.29,127,117,-1,0.0,0.0,-0.3,-0.2,0.00,-0.01,0.00,0.00,0.00,0.00,0.03,0.33,99,-1,1,-1,-17.9,0.34,0.000,0.000,22.58,0,26,0,151.5,359.9,180.2,118.5,0.00,0,-0.3,-0.1
6.40,climb,315.48,34.52,0.009,1,1890.6,367.3,-932.1,138.2,-0.18,0.29,125,110,-1,0.0,0.0,-0.4,-0.1,0.00,-0.01,0.00,0.00,0.00,0.00,0.02,0.33,99,-1,0,2,-17.1,0.39,0.009,0.013,21.28,0,26,0,158.8,0.0,180.0,111.2,0.00,0,-0.3,-0.1
6.50,climb,317.45,32.55,0.024,1,1890.6,367.3,-932.1,138.2,-0.18,0.29,122,110,-1,0.0,0.0,-0.4,-0.1,0.00,-0.01,0.00,0.00,0.00,0.00,0.00,0.34,99,-1,0,4,-17.1,0.42,0.024,0.029,19.99,0,26,0,158.8,0.0,180.0,111.2,0.00,0,-0.3,-0.1
6.60,climb,319.29,30.71,0.035,1,1890.6,367.3,-932.1,138.2,-0.18,0.29,121,110,-1,0.0,0.0,-0.4,-0.1,0.00,-0.01,0.00,0.00,0.00,0.00,-0.01,0.34,99,-1,0,6,-16.8,0.46,0.036,0.040,18.71,0,26,0,158.8,0.0,180.0,111.2,0.00,0,-0.3,-0.1
6.70,climb,321.00,29.00,0.050,1,1890.6,367.4,-932.1,138.1,-0.18,0.29,119,110,-1,0.0,0.0,-0.5,-0.1,0.00,-0.01,0.00,0.00,0.00,0.00,-0.02,0.34,99,-1,0,8,-16.4,0.48,0.050,0.055,17.44,0,26,0,158.8,0.0,180.0,111.2,0.00,0,-0.3,-0.1
6.80,climb,322.59,27.41,0.068,1,1890.5,367.4,-932.1,138.1,-0.18,0.27,117,104,-1,0.0,0.0,-0.5,-0.1,0.00,-0.01,0.00,0.00,0.00,0.00,-0.03,0.33,99,-1,0,10,-16.2,0.52,0.069,0.074,16.19,0,26,0,165.4,0.1,179.7,104.6,0.00,0,-0.3,-0.1
6.90,climb,324.05,25.95,0.089,1,1890.5,367.4,-932.0,138.1,-0.18,0.26,115,104,-1,0.0,0.0,-0.5,-0.0,0.00,-0.01,0.00,0.00,0.00,0.00,-0.05,0.32,99,-1,0,12,-16.1,0.56,0.091,0.096,14.95,0,26,0,165.4,0.1,179.7,104.6,0.00,0,-0.3,-0.1
7.00,climb,325.40,24.60,0.114,1,1890.5,367.4,-932.0,138.1,-0.18,0.26,113,104,-1,0.0,0.0,-0.6,-0.0,0.00,-0.01,0.00,0.00,0.00,0.00,-0.06,0.31,99,-1,0,14,-16.1,0.59,0.117,0.122,13.72,0,26,0,165.4,0.1,179.7,104.6,0.00,0,-0.3,-0.1
7.10,climb,326.62,23.38,0.142,1,1890.5,367.5,-932.0,138.0,-0.18,0.26,112,104,-1,0.0,0.0,-0.6,-0.0,0.00,-0.01,0.00,0.00,0.00,0.00,-0.07,0.31,99,-1,0,15,-15.8,0.62,0.145,0.149,12.52,0,26,0,165.4,0.1,179.7,104.6,0.00,0,-0.2,-0.0
7.20,climb,327.73,22.27,0.171,1,1890.5,367.5,-932.0,138.0,-0.18,0.27,109,97,-1,0.0,0.0,-0.6,-0.0,0.00,-0.01,0.00,0.00,0.00,0.00,-0.08,0.31,99,-1,0,17,-14.2,0.65,0.175,0.178,11.38,0,26,0,171.7,0.1,179.5,98.3,0.00,0,0.4,0.2
7.30,climb,328.74,21.26,0.197,1,1890.5,367.5,-932.0,138.0,-0.18,0.27,108,97,-1,0.0,0.0,-0.5,-0.0,-0.00,0.00,0.00,0.00,0.00,0.00,-0.09,0.31,99,-1,0,19,-14.2,0.66,0.202,0.204,10.36,0,26,0,171.7,0.1,179.5,98.3,0.00,0,0.4,0.2
7.40,climb,329.68,20.32,0.216,1,1890.5,367.5,-932.0,138.0,-0.18,0.29,106,97,-1,0.0,0.0,-0.4,-0.0,-0.01,0.01,0.00,0.00,0.00,0.00,-0.09,0.32,99,-1,0,21,-12.0,0.65,0.222,0.228,9.53,0,26,0,171.7,0.1,179.5,98.3,0.00,0,0.8,0.4
7.50,climb,330.56,19.44,0.226,1,1890.4,367.6,-931.9,137.9,-0.18,0.29,105,97,-1,0.0,0.0,-0.3,-0.1,-0.01,0.02,0.00,0.00,0.00,0.00,-0.10,0.32,99,-1,0,22,-3.4,0.61,0.232,0.242,8.92,0,26,0,171.7,0.1,179.5,98.3,0.00,0,1.4,0.6
7.60,climb,331.41,18.59,0.224,1,1890.4,367.6,-931.9,137.9,-0.18,0.26,103,94,-1,0.0,0.0,-0.2,-0.2,-0.01,0.02,0.00,0.00,0.00,0.00,-0.11,0.32,99,-1,0,23,1.9,0.54,0.228,0.239,8.57,0,26,0,175.2,359.9,181.7,94.8,0.00,0,1.1,0.4
7.70,climb,332.23,17.77,0.221,1,1890.4,367.6,-931.9,137.9,-0.18,0.26,102,94,-1,0.0,0.0,-0.0,-0.2,-0.01,0.02,0.00,0.00,0.00,0.00,-0.12,0.29,99,-1,0,25,1.9,0.46,0.223,0.233,8.26,0,26,0,175.2,359.9,181.7,94.8,0.00,0,1.1,0.4
7.80,climb,333.02,16.98,0.217,1,1890.4,367.7,-931.9,137.8,-0.18,0.26,100,94,-1,0.0,0.0,0.1,-0.2,-0.01,0.01,0.00,0.00,0.00,0.00,-0.13,0.29,99,-1,0,26,7.3,0.37,0.219,0.228,7.95,0,26,0,175.2,359.9,181.7,94.8,0.00,0,1.0,0.3
7.90,climb,333.77,16.23,0.215,1,1890.4,367.7,-931.9,137.8,-0.18,0.24,99,94,-1,0.0,0.0,0.1,-0.2,-0.01,0.01,0.00,0.00,0.00,0.00,-0.13,0.27,99,-1,0,27,12.5,0.29,0.216,0.223,7.64,0,26,0,175.2,359.9,181.7,94.8,0.00,0,0.8,0.3
8.00,climb,334.50,15.50,0.213,1,1890.3,367.7,-931.9,137.8,-0.18,0.22,99,98,-1,0.0,0.0,0.2,-0.3,-0.00,0.01,0.00,0.00,0.00,0.00,-0.14,0.26,99,-1,0,27,21.3,0.20,0.213,0.219,7.34,0,26,0,170.8,359.7,181.8,99.2,0.00,0,0.3,0.1
8.10,climb,335.20,14.80,0.211,1,1890.3,367.7,-931.8,137.8,-0.18,0.22,99,98,-1,0.0,0.0,0.2,-0.2,-0.00,0.01,0.00,0.00,0.00,0.00,-0.14,0.24,99,-1,0,27,21.3,0.12,0.211,0.214,7.04,0,26,0,170.8,359.7,181.8,99.2,0.00,0,0.3,0.1
8.20,climb,336.03,13.97,0.205,1,1890.3,367.8,-931.8,137.8,-0.18,0.19,99,98,-1,0.0,0.0,0.2,-0.2,0.00,0.00,0.00,0.00,0.00,0.00,-0.14,0.22,99,-1,0,28,27.5,0.06,0.205,0.207,6.74,0,26,0,170.8,359.7,181.8,99.2,0.00,0,-0.2,-0.2
8.30,climb,336.50,13.50,0.208,1,1890.3,367.8,-931.8,137.7,-0.18,0.18,99,98,-1,0.0,0.0,0.2,-0.2,0.00,-0.00,0.00,0.00,0.00,0.00,-0.15,0.21,99,-1,0,28,29.7,0.00,0.208,0.210,6.46,0,26,0,170.8,359.7,181.8,99.2,0.00,0,-0.4,-0.3
8.40,climb,337.11,12.89,0.208,1,1890.3,367.8,-931.8,137.7,-0.18,0.18,100,109,-1,0.0,0.0,0.2,-0.2,0.00,-0.00,0.00,0.00,0.00,0.00,-0.14,0.20,99,-1,0,26,29.7,-0.07,0.208,0.211,6.17,0,26,0,160.2,359.8,180.6,109.8,0.00,0,-0.4,-0.3
8.50,climb,337.69,12.31,0.208,1,1890.3,367.8,-931.8,137.7,-0.18,0.18,102,109,-1,0.0,0.0,0.1,-0.1,0.00,-0.01,0.00,0.00,0.00,0.00,-0.14,0.21,99,-1,0,25,31.0,-0.12,0.208,0.213,5.89,0,26,0,160.2,359.8,180.6,109.8,0.00,0,-0.6,-0.3
8.60,climb,338.25,11.75,0.209,1,1890.2,367.8,-931.7,137.7,-0.18,0.15,103,109,-1,0.0,0.0,0.1,-0.1,0.00,-0.01,0.00,0.00,0.00,0.00,-0.14,0.19,99,-1,0,24,31.7,-0.16,0.209,0.215,5.61,0,26,0,160.2,359.8,180.6,109.8,0.00,0,-0.7,-0.3
8.70,climb,338.77,11.23,0.210,1,1890.2,367.8,-931.7,137.7,-0.18,0.15,104,109,-1,0.0,0.0,-0.0,-0.0,0.00,-0.01,0.00,0.00,0.00,0.00,-0.13,0.19,99,-1,0,23,31.9,-0.18,0.210,0.217,5.34,0,26,0,160.2,359.8,180.6,109.8,0.00,0,-0.8,-0.3
8.80,climb,339.27,10.73,0.211,1,1890.2,367.8,-931.7,137.7,-0.18,0.15,106,121,-1,0.0,0.0,-0.1,-0.0,0.00,-0.02,0.00,0.00,0.00,0.00,-0.13,0.20,99,-1,0,20,31.4,-0.22,0.212,0.221,5.07,0,26,0,147.6,0.1,179.9,122.4,0.00,0,-0.9,-0.4
8.90,climb,339.74,10.26,0.214,1,1890.2,367.9,-931.7,137.6,-0.18,0.15,109,121,-1,0.0,0.0,-0.2,0.0,0.00,-0.02,0.00,0.00,0.00,0.00,-0.12,0.20,99,-1,0,18,30.3,-0.25,0.215,0.224,4.80,0,26,0,147.6,0.1,179.9,122.4,0.00,0,-1.1,-0.4
9.00,climb,340.19,9.81,0.217,1,1890.2,367.9,-931.7,137.6,-0.18,0.15,110,121,-1,0.0,0.0,-0.3,0.0,0.00,-0.02,0.00,0.00,0.00,0.00,-0.11,0.21,99,-1,0,16,27.3,-0.26,0.218,0.228,4.53,0,26,0,147.6,0.1,179.9,122.4,0.00,0,-1.2,-0.4
9.10,cruise,340.61,9.39,0.270,1,1890.2,367.9,-931.7,137.6,-0.18,0.15,112,121,-1,4.0,4.0,-0.5,0.1,-0.05,-0.10,0.00,0.00,0.00,0.00,-0.10,0.21,99,-1,0,14,27.3,-0.26,0.272,0.312,4.26,0,26,0,147.6,0.1,179.9,122.4,0.00,0,-1.2,-0.4
9.20,cruise,341.10,8.90,0.272,1,1890.1,367.9,-931.6,137.6,-0.18,0.18,115,132,-1,8.0,8.0,-0.6,0.1,-0.11,-0.15,0.00,0.00,0.00,0.00,-0.09,0.22,99,-1,0,-7,23.1,-0.65,0.279,0.352,4.00,0,26,0,136.6,0.6,179.3,133.4,0.00,1,-0.5,-0.5
9.30,cruise,341.38,8.62,0.277,1,1890.1,367.9,-931.6,137.6,-0.09,0.20,118,132,-1,12.0,12.0,-0.6,0.1,-0.16,-0.19,0.00,0.00,0.00,0.00,-0.07,0.24,99,-1,0,-9,20.0,-0.65,0.284,0.380,3.79,0,26,0,134.3,0.7,179.3,135.7,0.00,1,1.2,-1.4
9.40,cruise,341.75,8.25,0.271,1,1890.1,368.0,-931.6,137.6,0.00,0.20,120,132,-1,16.0,16.0,-0.4,0.3,-0.19,-0.20,0.00,0.00,0.00,0.00,0.02,0.22,99,-1,0,-11,15.2,-0.62,0.278,0.384,3.73,0,26,0,132.5,0.8,179.3,137.5,0.00,1,3.6,-3.9
9.50,cruise,342.11,7.89,0.263,1,1890.1,368.0,-931.6,137.5,0.09,0.20,122,132,-1,20.0,20.0,-0.0,0.8,-0.17,-0.20,0.00,0.00,0.00,0.00,0.10,0.17,99,-1,0,-12,9.7,-0.55,0.268,0.366,3.72,0,26,0,131.1,0.8,179.3,138.9,0.00,1,6.3,-7.5
9.60,cruise,342.46,7.54,0.257,1,1890.1,368.0,-931.6,137.5,0.09,0.20,124,139,-1,24.0,24.0,0.7,1.6,-0.12,-0.17,0.00,0.00,0.00,0.00,0.18,0.11,99,-1,0,-13,9.7,-0.46,0.261,0.339,3.67,0,26,0,130.2,0.8,179.3,139.8,0.00,1,6.3,-7.5
9.70,cruise,342.79,7.21,0.253,1,1890.1,368.0,-931.6,137.5,0.26,0.20,127,139,-1,28.0,28.0,1.7,2.9,-0.06,-0.12,0.00,0.00,0.00,0.00,0.26,0.05,99,-1,0,-14,-1.4,-0.35,0.255,0.306,3.59,0,26,0,129.9,0.8,179.3,140.1,0.00,1,13.6,-15.3
9.80,cruise,343.10,6.90,0.253,1,1890.2,368.0,-931.6,137.5,0.26,0.21,129,139,-1,32.0,32.0,3.2,4.5,-0.01,-0.05,0.00,0.00,0.00,0.00,0.33,-0.01,99,-1,0,-13,-6.4,-0.24,0.254,0.270,3.46,0,26,0,130.2,0.7,179.4,139.9,0.00,1,17.2,-18.3
9.90,cruise,343.39,6.61,0.253,1,1890.2,368.0,-931.7,137.5,0.26,0.21,130,139,-1,33.9,33.7,5.1,6.3,0.04,0.03,0.00,0.00,0.00,0.00,0.34,-0.01,99,-1,0,-13,-6.4,-0.13,0.253,0.274,3.34,0,26,0,130.9,0.5,179.6,139.3,0.00,1,17.2,-18.3
10.00,cruise,343.65,6.35,0.256,1,1890.2,368.1,-931.7,137.4,0.26,0.23,131,137,-1,34.2,33.8,7.3,8.3,0.09,0.11,0.03,0.00,0.00,0.00,0.35,-0.00,99,-1,0,-12,-10.5,-0.03,0.256,0.310,3.20,0,26,0,132.0,0.2,179.8,138.5,0.00,1,19.8,-20.3
10.10,cruise,343.90,6.10,0.262,1,1890.2,368.1,-931.7,137.4,0.13,0.25,132,137,-1,34.6,33.9,9.7,10.3,0.09,0.16,0.13,0.00,0.00,0.00,0.27,0.10,99,-1,0,-11,-13.2,0.05,0.262,0.329,3.01,0,26,0,133.4,0.1,179.9,137.5,0.00,1,21.1,-21.4
10.20,cruise,344.16,5.84,0.270,1,1890.2,368.1,-931.7,137.4,-0.04,0.26,133,137,-1,35.1,33.9,12.1,12.2,0.08,0.17,0.23,0.00,0.00,0.00,0.15,0.22,99,-1,0,-10,-15.1,0.10,0.270,0.337,2.81,0,26,0,134.9,0.0,180.0,136.3,0.00,1,21.0,-21.3
10.30,cruise,344.31,5.69,0.282,1,1890.1,368.2,-931.7,137.4,-0.66,0.26,134,137,-1,35.5,33.8,14.5,14.0,0.05,0.15,0.32,0.00,0.00,0.00,-0.04,0.40,99,-1,0,-9,-16.1,0.14,0.282,0.339,2.59,0,26,0,136.5,0.2,179.8,135.2,0.00,1,16.7,-19.5
10.40,cruise,344.49,5.51,0.292,1,1890.1,368.2,-931.6,137.3,-0.66,0.26,134,131,-1,35.9,33.7,16.6,15.6,0.02,0.10,0.41,0.00,0.00,0.00,-0.29,0.65,99,-1,0,-8,-16.1,0.17,0.293,0.328,2.40,0,26,0,138.1,0.7,179.3,134.0,0.00,1,16.7,-19.5
10.50,cruise,344.67,5.33,0.300,1,1890.0,368.2,-931.5,137.3,-1.14,0.24,134,131,-1,36.3,33.7,18.4,17.0,-0.00,0.04,0.48,0.00,0.00,0.00,-0.66,0.97,99,-1,0,-6,-15.7,0.19,0.301,0.313,2.26,0,26,0,139.6,1.3,178.4,132.8,0.00,1,13.2,-18.1
10.60,cruise,344.83,5.17,0.309,1,1889.9,368.2,-931.4,137.3,-1.63,0.24,134,131,-1,36.7,33.8,19.9,18.3,-0.03,-0.01,0.54,0.00,0.00,0.00,-1.00,1.30,99,-1,0,-5,-14.7,0.19,0.310,0.322,2.11,0,26,0,141.0,2.2,177.3,131.6,0.00,1,9.9,-16.6
10.70,cruise,344.98,5.02,0.318,1,1889.7,368.2,-931.2,137.3,-2.15,0.24,134,131,-1,37.1,33.8,21.2,19.5,-0.03,-0.05,0.59,0.00,0.00,0.00,-1.38,1.67,99,-1,0,-4,-13.2,0.18,0.318,0.344,1.97,0,26,0,142.3,3.1,176.0,130.6,0.00,1,7.7,-15.6
10.80,cruise,345.13,4.87,0.325,1,1889.1,368.3,-930.9,137.2,-3.30,0.32,133,126,-1,37.4,33.9,22.3,20.7,-0.03,-0.08,0.64,0.00,0.00,0.00,-1.80,2.07,99,-1,0,-3,-9.4,0.16,0.326,0.359,1.86,0,26,0,143.3,4.1,174.5,129.7,0.00,1,5.2,-15.0
10.90,cruise,345.26,4.74,0.332,1,1888.7,368.3,-930.6,137.2,-3.91,0.41,133,126,-1,37.7,34.0,23.3,21.9,-0.01,-0.09,0.68,0.00,0.00,0.00,-2.19,2.48,99,-1,0,-3,-7.3,0.14,0.332,0.364,1.78,0,26,0,144.1,5.2,172.8,129.0,0.00,1,5.7,-15.2
11.00,cruise,345.40,4.60,0.336,1,1888.7,368.3,-930.2,137.2,-3.91,0.41,133,126,-1,38.0,34.1,24.4,23.3,0.02,-0.08,0.73,0.00,0.00,0.00,-2.59,2.96,99,-1,0,-2,-7.3,0.10,0.336,0.368,1.75,0,26,0,144.6,6.2,171.2,128.6,0.00,1,5.7,-15.2
11.10,cruise,345.52,4.48,0.340,1,1887.8,368.4,-929.8,137.1,-5.19,0.66,133,126,-1,38.3,34.1,25.5,24.8,0.04,-0.06,0.79,0.00,0.00,0.00,-2.97,3.45,99,-1,0,-2,-3.0,0.06,0.340,0.375,1.76,0,26,0,145.0,7.2,169.8,128.5,0.00,1,8.8,-15.0
11.20,cruise,345.68,4.32,0.345,1,1887.2,368.5,-929.3,137.1,-5.80,0.83,133,124,-1,38.6,34.2,26.8,26.3,0.07,-0.03,0.84,0.00,0.00,0.00,-3.37,4.00,99,-1,0,-2,-1.2,0.02,0.345,0.380,1.75,0,26,0,145.0,8.0,168.6,128.7,0.00,1,10.7,-14.4
11.30,cruise,345.77,4.23,0.352,1,1887.2,368.5,-928.7,137.0,-5.80,0.83,133,124,-1,39.0,34.2,28.3,27.9,0.09,-0.01,0.90,0.00,0.00,0.00,-3.70,4.55,99,-1,0,-3,-1.2,-0.03,0.352,0.387,1.75,0,26,0,144.9,8.7,167.7,129.2,0.00,1,10.7,-14.4
11.40,cruise,345.89,4.11,0.360,1,1885.9,368.7,-928.1,136.9,-7.29,1.23,133,124,-1,39.3,34.1,29.7,29.5,0.09,0.00,0.96,0.00,0.00,0.00,-4.07,5.18,99,-1,0,-3,1.5,-0.07,0.360,0.393,1.74,0,26,0,144.6,9.1,167.3,129.9,0.00,1,12.5,-11.0
11.50,cruise,346.00,4.00,0.372,1,1885.1,368.9,-927.4,136.8,-8.00,1.44,133,124,-1,39.7,34.1,31.2,30.9,0.09,0.00,1.00,0.00,0.00,0.00,-4.49,5.88,99,-1,0,-4,2.2,-0.11,0.372,0.406,1.66,0,26,0,144.2,9.3,167.2,130.7,0.00,1,12.8,-8.7
11.60,cruise,346.11,3.89,0.386,1,1885.1,368.9,-926.6,136.6,-8.00,1.44,134,125,-1,40.1,34.0,32.6,32.2,0.07,0.01,1.00,0.00,0.00,0.00,-4.81,6.55,99,-1,0,-5,2.2,-0.15,0.386,0.418,1.54,0,26,0,143.8,9.2,167.5,131.7,0.00,1,12.8,-8.7
11.70,cruise,346.22,3.78,0.397,1,1883.3,369.2,-925.7,136.5,-9.89,1.91,134,125,-1,40.5,34.0,34.0,33.2,0.05,0.01,1.00,0.00,0.00,0.00,-5.23,7.36,99,-1,0,-6,1.5,-0.17,0.398,0.421,1.47,0,26,0,143.4,8.8,168.2,132.7,0.00,1,13.0,-3.0
11.80,cruise,346.34,3.66,0.401,1,1883.3,369.2,-924.8,136.3,-9.89,1.91,135,125,-1,41.0,33.9,35.3,33.9,0.02,0.01,1.00,0.00,0.00,0.00,-5.71,8.29,99,-1,0,-7,1.5,-0.17,0.402,0.415,1.50,0,26,0,143.2,8.1,169.2,133.7,0.00,1,13.0,-3.0
11.90,cruise,346.47,3.53,0.406,1,1882.2,369.4,-923.7,136.1,-10.94,2.14,135,125,-1,41.5,33.8,36.6,34.3,-0.01,0.02,1.00,0.00,0.00,0.00,-6.23,9.25,99,-1,0,-8,-0.1,-0.16,0.406,0.418,1.51,0,26,0,143.1,7.1,170.6,134.5,0.00,1,13.0,-0.1
12.00,cruise,346.61,3.39,0.420,1,1879.8,369.9,-922.5,135.8,-12.96,2.49,135,126,-1,42.0,33.6,37.9,34.2,-0.05,0.02,1.00,0.00,0.00,0.00,-6.69,10.13,99,-1,0,-9,-5.0,-0.12,0.420,0.451,1.51,0,26,0,143.4,5.8,172.2,135.0,0.00,1,12.5,4.1
12.10,cruise,346.76,3.24,0.450,1,1878.4,370.2,-921.3,135.6,-14.11,2.60,136,126,-1,42.6,33.4,39.2,34.0,-0.07,0.03,1.00,0.00,0.00,0.00,-7.27,11.02,99,-1,0,-9,-7.8,-0.08,0.450,0.496,1.51,0,26,0,143.9,4.5,173.9,135.3,0.00,1,11.5,4.1
12.20,cruise,346.91,3.09,0.480,1,1878.4,370.2,-919.9,135.3,-14.11,2.60,136,126,-1,43.1,33.2,40.5,33.5,-0.08,0.04,1.00,0.00,0.00,0.00,-7.94,11.95,99,-1,0,-9,-7.8,-0.02,0.480,0.538,1.54,0,26,0,144.7,3.2,175.5,135.2,0.00,1,11.5,4.1
12.30,cruise,347.07,2.93,0.510,1,1875.3,370.7,-918.4,135.1,-16.52,2.68,136,126,-1,43.7,33.0,41.9,33.0,-0.09,0.05,1.00,0.00,0.00,0.00,-8.66,12.83,99,-1,0,-8,-12.4,0.04,0.510,0.577,1.61,0,26,0,145.7,2.2,176.8,134.7,0.00,1,9.3,1.2
12.40,cruise,347.25,2.75,0.540,1,1875.3,370.7,-916.8,134.8,-16.52,2.68,136,122,-1,44.3,32.8,43.2,32.4,-0.08,0.05,1.00,0.00,0.00,0.00,-9.59,13.72,99,-1,0,-8,-12.4,0.10,0.540,0.610,1.78,0,26,0,147.0,1.5,177.7,134.0,0.00,1,9.3,1.2
12.50,cruise,347.45,2.55,0.570,1,1871.6,371.2,-915.0,134.5,-19.34,2.58,136,122,-1,44.9,32.7,44.4,32.0,-0.07,0.04,1.00,0.00,0.00,0.00,-10.61,14.58,99,-1,0,-6,-14.0,0.15,0.571,0.637,1.99,0,26,0,148.4,1.3,177.9,132.9,0.00,1,5.3,-4.8
12.60,cruise,347.68,2.32,0.600,1,1871.6,371.2,-913.1,134.3,-19.34,2.58,135,122,-1,45.5,32.8,45.5,31.8,-0.06,0.04,1.00,0.00,0.00,0.00,-11.77,15.55,99,-1,0,-5,-14.0,0.17,0.601,0.657,2.27,0,26,0,149.7,1.5,177.3,131.7,0.00,1,5.3,-4.8
12.70,cruise,347.94,2.06,0.600,1,1867.4,371.7,-911.1,134.0,-22.50,2.45,135,122,-1,46.1,32.9,46.4,31.9,-0.04,0.03,1.00,0.00,0.00,0.00,-12.98,16.54,99,-1,0,-4,-11.3,0.18,0.601,0.640,2.63,0,26,0,151.0,2.3,175.8,130.5,0.00,1,1.2,-12.1
12.80,cruise,348.23,1.77,0.600,1,1865.0,372.0,-908.9,133.8,-24.21,2.44,134,117,-1,46.7,33.2,47.2,32.4,-0.01,0.02,1.00,0.00,0.00,0.00,-14.34,17.51,99,-1,0,-3,-8.7,0.17,0.601,0.620,3.04,0,26,0,152.0,3.5,173.3,129.3,0.00,1,-0.1,-15.5
12.90,cruise,348.56,1.44,0.600,1,1862.4,372.2,-906.5,133.5,-25.93,2.52,134,117,-1,47.3,33.6,48.0,33.4,0.02,0.01,1.00,0.00,0.00,0.00,-15.69,18.60,99,-1,0,-2,-5.3,0.14,0.601,0.618,3.47,0,26,0,152.8,5.2,170.0,128.4,0.00,1,-1.4,-18.3
13.00,cruise,348.92,1.08,0.600,1,1859.7,372.5,-903.9,133.3,-27.64,2.68,134,117,-1,47.9,34.1,48.5,34.9,0.04,-0.00,1.00,0.00,0.00,0.00,-16.93,19.80,99,-1,0,-1,-1.4,0.08,0.600,0.627,3.88,0,26,0,153.2,7.1,166.2,127.8,0.00,1,-2.9,-19.1
13.10,cruise,349.32,0.68,0.500,1,1856.8,372.8,-901.2,133.0,-29.36,2.97,134,117,-1,48.5,34.9,48.9,36.6,0.07,-0.02,1.00,0.00,0.00,0.00,-18.03,21.13,99,-1,0,-1,2.2,0.01,0.500,0.549,4.25,0,26,0,153.1,9.1,162.4,127.5,0.00,1,-3.5,-18.1
13.20,cruise,349.74,0.26,0.400,1,1856.8,372.8,-898.3,132.7,-29.36,2.97,134,116,-1,49.1,35.8,49.1,38.4,0.11,-0.05,1.00,0.00,0.00,0.00,-18.99,22.58,99,-1,0,-1,2.2,-0.06,0.400,0.466,4.57,0,26,0,152.8,11.1,159.1,127.5,0.00,1,-3.5,-18.1
13.30,cruise,350.18,-0.18,0.300,1,1850.6,373.4,-895.3,132.4,-32.12,3.67,135,116,-1,49.6,36.7,49.3,40.1,0.16,-0.09,1.00,0.00,0.00,0.00,-19.72,24.07,99,-1,0,-1,5.9,-0.12,0.300,0.376,4.77,0,26,0,152.2,12.9,156.5,127.7,0.00,1,-3.1,-14.4
13.40,cruise,350.61,-0.61,0.250,1,1850.6,373.4,-892.1,132.1,-32.12,3.67,135,116,-1,50.1,37.6,49.3,41.7,0.17,-0.13,1.00,0.00,0.00,0.00,-20.10,25.33,99,-1,0,-2,5.9,-0.15,0.250,0.329,4.69,0,26,0,151.5,14.6,154.4,128.0,0.00,1,-3.1,-14.4
13.50,cruise,351.00,-1.00,0.268,1,1844.0,374.3,-888.8,131.7,-33.53,4.26,136,116,-1,50.5,38.4,49.4,43.1,0.15,-0.13,1.00,0.00,0.00,0.00,-20.23,26.38,99,-1,0,-2,5.7,-0.16,0.269,0.345,4.35,0,26,0,150.8,15.9,153.0,128.4,0.00,1,-0.8,-9.2
13.60,cruise,351.33,-1.33,0.300,1,1840.6,374.7,-885.5,131.2,-33.93,4.54,136,119,-1,50.9,39.1,49.5,44.2,0.12,-0.11,1.00,0.00,0.00,0.00,-20.01,27.24,99,-1,0,-2,4.9,-0.16,0.300,0.370,3.79,0,26,0,150.2,16.8,152.2,128.9,0.00,1,1.3,-5.9
13.70,cruise,351.61,-1.61,0.335,1,1840.6,374.7,-882.1,130.8,-33.93,4.54,137,119,-1,51.2,39.5,49.8,45.1,0.09,-0.09,1.00,0.00,0.00,0.00,-19.70,27.99,99,-1,0,-3,4.9,-0.16,0.335,0.393,3.16,0,26,0,149.6,17.3,152.1,129.5,0.00,1,1.3,-5.9
13.80,cruise,351.84,-1.84,0.367,1,1833.7,375.7,-878.6,130.3,-35.11,5.24,138,119,-1,51.5,39.8,50.2,45.7,0.06,-0.06,1.00,0.00,0.00,0.00,-19.44,28.85,99,-1,0,-4,2.0,-0.15,0.367,0.411,2.62,0,26,0,149.2,17.2,152.6,130.2,0.00,1,6.4,1.0
13.90,cruise,352.04,-2.04,0.395,1,1830.1,376.3,-875.2,129.8,-35.90,5.65,139,119,-1,51.9,39.9,50.7,46.1,0.03,-0.04,1.00,0.00,0.00,0.00,-19.24,29.83,99,-1,0,-5,-0.2,-0.13,0.395,0.423,2.17,0,26,0,148.9,16.7,153.6,131.0,0.00,1,8.8,3.8
14.00,cruise,352.20,-2.20,0.413,1,1830.1,376.3,-871.6,129.2,-35.90,5.65,139,120,-1,52.4,39.8,51.4,46.1,0.01,-0.02,1.00,0.00,0.00,0.00,-19.10,30.92,99,-1,0,-5,-0.2,-0.10,0.413,0.424,1.80,0,26,0,148.8,15.7,155.1,131.8,0.00,1,8.8,3.8
14.10,cruise,352.34,-2.34,0.432,1,1826.4,376.8,-867.9,128.7,-36.74,6.04,140,120,-1,52.9,39.5,52.4,46.0,-0.01,0.01,1.00,0.00,0.00,0.00,-19.03,32.00,99,-1,0,-6,-2.6,-0.07,0.432,0.439,1.46,0,26,0,149.0,14.3,157.0,132.7,0.00,1,11.1,6.5
14.20,cruise,352.48,-2.48,0.443,1,1822.7,377.5,-864.2,128.0,-37.75,6.42,140,120,-1,53.5,39.1,53.4,45.6,-0.02,0.03,1.00,0.00,0.00,0.00,-19.15,33.16,99,-1,0,-7,-5.0,-0.04,0.443,0.466,1.19,0,26,0,149.4,12.7,159.2,133.4,0.00,1,12.6,8.3
14.30,cruise,352.55,-2.55,0.447,1,1814.9,378.8,-860.3,127.4,-39.95,7.04,141,120,-1,54.0,38.5,54.6,45.1,-0.04,0.05,1.00,0.00,0.00,0.00,-19.37,34.30,99,-1,0,-7,-9.1,-0.01,0.447,0.483,0.98,0,26,0,150.0,10.8,161.6,134.0,0.00,1,13.5,10.1
14.40,cruise,352.62,-2.62,0.453,1,1810.8,379.6,-856.4,126.7,-41.09,7.25,141,118,-1,54.5,37.8,55.8,44.3,-0.05,0.06,1.00,0.00,0.00,0.00,-19.87,35.36,99,-1,0,-8,-10.9,0.02,0.453,0.500,0.74,0,26,0,150.9,9.0,164.1,134.4,0.00,1,12.9,10.0
14.50,cruise,352.67,-2.67,0.460,1,1810.8,379.6,-852.3,125.9,-41.09,7.25,141,118,-1,55.0,37.0,56.9,43.4,-0.05,0.07,1.00,0.00,0.00,0.00,-20.49,36.34,99,-1,0,-8,-10.9,0.06,0.460,0.515,0.51,0,26,0,151.9,7.3,166.6,134.4,0.00,1,12.9,10.0
14.60,cruise,352.70,-2.70,0.467,1,1802.3,381.0,-848.1,125.2,-43.55,7.43,140,118,-1,55.5,36.2,58.0,42.3,-0.06,0.07,1.00,0.00,0.00,0.00,-21.32,37.29,99,-1,0,-8,-13.2,0.09,0.467,0.527,0.28,0,26,0,153.1,5.8,168.7,134.2,0.00,1,9.4,7.5
14.70,cruise,352.71,-2.71,0.477,1,1802.3,381.0,-843.8,124.5,-43.55,7.43,140,118,-1,55.9,35.5,58.9,41.1,-0.07,0.06,1.00,0.00,0.00,0.00,-22.29,38.14,99,-1,0,-7,-13.2,0.12,0.477,0.538,0.03,0,26,0,154.4,4.6,170.5,133.5,0.00,1,9.4,7.5
14.80,cruise,352.70,-2.70,0.487,1,1797.8,381.8,-839.3,123.7,-44.78,7.45,139,113,-1,56.2,34.9,59.6,39.7,-0.07,0.05,1.00,0.00,0.00,0.00,-23.58,38.79,99,-1,0,-6,-13.7,0.15,0.488,0.546,-0.22,0,26,0,155.8,3.7,171.9,132.5,0.00,1,6.9,6.0
14.90,cruise,352.67,-2.67,0.497,1,1788.5,383.3,-834.7,123.0,-47.55,7.39,138,113,-1,56.5,34.5,60.1,38.3,-0.08,0.02,1.00,0.00,0.00,0.00,-25.06,39.45,99,-1,0,-5,-11.9,0.17,0.498,0.547,-0.44,0,26,0,157.1,3.1,172.6,131.1,0.00,1,0.9,1.7
15.00,cruise,352.62,-2.62,0.506,1,1783.7,384.0,-830.0,122.2,-48.87,7.34,138,113,-1,56.7,34.3,60.3,37.0,-0.07,-0.00,1.00,0.00,0.00,0.00,-26.64,40.07,99,-1,0,-3,-9.6,0.17,0.507,0.544,-0.62,0,26,0,158.2,3.0,172.5,129.6,0.00,1,-1.7,-1.1
15.10,cruise,352.55,-2.55,0.515,1,1778.7,384.7,-825.2,121.5,-50.27,7.29,137,113,-1,56.8,34.3,60.3,35.9,-0.06,-0.02,1.00,0.00,0.00,0.00,-28.19,40.58,99,-1,0,-2,-6.7,0.16,0.516,0.560,-0.78,0,26,0,159.1,3.3,171.5,128.1,0.00,1,-3.5,-4.0
15.20,cruise,352.47,-2.47,0.522,1,1778.7,384.7,-820.2,120.8,-50.27,7.29,136,109,-1,56.9,34.5,60.2,35.4,-0.04,-0.04,1.00,0.00,0.00,0.00,-29.94,41.04,99,-1,0,-0,-6.7,0.13,0.523,0.564,-0.90,0,26,0,159.7,3.9,169.7,126.9,0.00,1,-3.5,-4.0
15.30,cruise,352.37,-2.37,0.527,1,1773.5,385.5,-815.0,120.0,-51.77,7.29,135,109,-1,57.0,34.8,60.0,35.6,-0.02,-0.04,1.00,0.00,0.00,0.00,-31.62,41.63,99,-1,0,0,-3.4,0.07,0.527,0.558,-0.96,0,26,0,160.0,4.8,167.1,126.1,0.00,1,-4.1,-7.0
15.40,cruise,352.26,-2.26,0.532,1,1762.8,386.9,-809.7,119.3,-54.58,7.39,134,109,-1,57.0,35.1,59.9,36.3,0.01,-0.03,1.00,0.00,0.00,0.00,-33.09,42.26,99,-1,0,1,2.5,0.02,0.532,0.553,-1.01,0,26,0,159.9,5.9,164.1,125.8,0.00,1,-3.1,-11.3
15.50,cruise,352.13,-2.13,0.538,1,1757.3,387.7,-804.3,118.6,-55.99,7.54,134,109,-1,57.0,35.4,60.0,37.6,0.03,-0.02,1.00,0.00,0.00,0.00,-34.33,43.07,99,-1,0,0,4.9,-0.04,0.538,0.565,-1.06,0,26,0,159.6,7.2,161.2,126.0,0.00,1,-1.5,-12.4
15.60,cruise,351.99,-1.99,0.543,1,1757.3,387.7,-798.8,117.8,-55.99,7.54,134,110,-1,57.0,35.7,60.2,39.3,0.06,-0.00,1.00,0.00,0.00,0.00,-35.29,44.11,99,-1,0,-0,4.9,-0.10,0.543,0.574,-1.09,0,26,0,159.0,8.5,158.7,126.6,0.00,1,-1.5,-12.4
15.70,cruise,351.84,-1.84,0.549,1,1745.7,389.2,-793.1,117.1,-58.71,8.00,134,110,-1,57.0,36.1,60.5,41.2,0.07,0.01,1.00,0.00,0.00,0.00,-36.01,45.36,99,-1,0,-1,7.4,-0.15,0.550,0.593,-1.14,0,26,0,158.3,9.8,156.6,127.4,0.00,1,-0.3,-11.3
15.80,cruise,351.69,-1.69,0.558,1,1739.7,390.1,-787.2,116.3,-60.12,8.33,134,110,-1,56.9,36.4,60.7,43.0,0.07,0.01,1.00,0.00,0.00,0.00,-36.45,46.72,99,-1,0,-2,6.5,-0.18,0.559,0.604,-1.22,0,26,0,157.5,11.0,155.0,128.3,0.00,1,-0.2,-9.6
15.90,cruise,351.52,-1.52,0.569,1,1733.6,390.9,-781.2,115.4,-61.52,8.69,135,110,-1,56.8,36.5,60.9,44.5,0.07,0.01,1.00,0.00,0.00,0.00,-36.77,48.28,99,-1,0,-3,4.4,-0.18,0.570,0.612,-1.32,0,26,0,156.8,11.9,153.8,129.0,0.00,1,-0.4,-7.0
16.00,cruise,351.36,-1.36,0.580,1,1727.4,391.8,-775.1,114.6,-62.97,9.13,136,113,-1,56.6,36.5,61.0,45.4,0.05,0.00,1.00,0.00,0.00,0.00,-36.89,49.99,99,-1,0,-3,1.3,-0.14,0.581,0.612,-1.45,0,26,0,156.4,12.6,152.9,129.3,0.00,1,-1.0,-3.7
16.10,cruise,351.20,-1.20,0.591,1,1720.9,392.8,-768.9,113.7,-64.56,9.62,136,113,-1,56.5,36.3,61.0,45.6,0.03,-0.00,1.00,0.00,0.00,0.00,-37.03,51.75,99,-1,0,-3,-2.6,-0.08,0.591,0.609,-1.54,0,26,0,156.4,12.9,152.3,129.2,0.00,1,-1.5,-0.3
16.20,cruise,351.05,-1.05,0.600,1,1720.9,392.8,-762.4,112.7,-64.56,9.62,137,113,-1,56.3,35.9,60.9,45.1,-0.00,-0.01,1.00,0.00,0.00,0.00,-37.32,53.54,99,-1,0,-2,-2.6,0.01,0.600,0.607,-1.60,0,26,0,156.7,12.9,151.9,128.7,0.00,1,-1.5,-0.3
16.30,cruise,350.91,-0.91,0.608,1,1707.6,394.8,-755.9,111.7,-67.68,10.58,137,113,-1,56.3,35.4,60.8,43.9,-0.03,-0.01,1.00,0.00,0.00,0.00,-37.79,55.16,99,-1,0,-1,-9.2,0.10,0.608,0.634,-1.64,0,26,0,157.5,12.6,151.7,127.7,0.00,1,-1.3,5.2
16.40,cruise,350.77,-0.77,0.615,1,1700.8,395.9,-749.1,110.7,-69.21,11.00,137,110,-1,56.2,34.8,60.7,42.4,-0.05,-0.01,1.00,0.00,0.00,0.00,-38.63,56.57,99,-1,0,0,-10.8,0.19,0.616,0.650,-1.66,0,26,0,158.5,12.0,151.7,126.4,0.00,1,-0.8,5.8
16.50,cruise,350.63,-0.63,0.620,1,1693.7,397.0,-742.3,109.6,-70.75,11.38,136,110,-1,56.2,34.2,60.6,40.7,-0.05,-0.00,1.00,0.00,0.00,0.00,-39.69,57.76,99,-1,0,2,-10.7,0.25,0.623,0.658,-1.65,0,26,0,159.7,11.4,151.5,124.9,0.00,1,-0.7,4.7
16.60,cruise,350.50,-0.50,0.624,1,1693.7,397.0,-735.2,108.5,-70.75,11.38,136,110,-1,56.1,33.6,60.6,39.1,-0.05,0.00,1.00,0.00,0.00,0.00,-40.96,58.80,99,-1,0,3,-10.7,0.27,0.627,0.658,-1.61,0,26,0,160.8,10.9,151.2,123.5,0.00,1,-0.7,4.7
16.70,cruise,350.36,-0.36,0.627,1,1679.2,399.4,-728.0,107.3,-73.74,12.00,135,110,-1,56.1,33.1,60.6,37.9,-0.04,0.00,1.00,0.00,0.00,0.00,-42.35,59.69,99,-1,0,4,-5.6,0.26,0.630,0.656,-1.55,0,26,0,161.6,10.6,150.7,122.3,0.00,1,-0.7,1.1
16.80,cruise,350.23,-0.23,0.630,1,1671.7,400.6,-720.7,106.1,-75.28,12.29,135,107,-1,56.0,32.8,60.6,37.2,-0.02,0.00,1.00,0.00,0.00,0.00,-44.00,60.38,99,-1,0,5,-1.0,0.21,0.632,0.647,-1.48,0,26,0,162.1,10.5,150.1,121.6,0.00,1,-0.8,-0.5
16.90,cruise,350.09,-0.09,0.631,1,1671.7,400.6,-713.2,104.9,-75.28,12.29,134,107,-1,55.8,32.7,60.5,37.3,0.00,0.00,1.00,0.00,0.00,0.00,-45.57,61.16,99,-1,0,5,-1.0,0.12,0.632,0.634,-1.38,0,26,0,162.1,10.6,149.9,121.6,0.00,1,-0.8,-0.5
17.00,cruise,349.96,0.04,0.630,1,1656.3,403.2,-705.6,103.6,-78.44,12.93,134,107,-1,55.6,32.7,60.4,37.9,0.03,-0.01,1.00,0.00,0.00,0.00,-47.03,62.14,99,-1,0,4,9.2,0.00,0.630,0.650,-1.25,0,26,0,161.5,10.9,150.1,122.2,0.00,1,-1.3,-2.0
17.10,cruise,349.84,0.16,0.629,1,1656.3,403.2,-697.8,102.3,-78.44,12.93,133,107,-1,55.4,33.0,60.1,39.1,0.05,-0.01,1.00,0.00,0.00,0.00,-48.17,63.24,99,-1,0,3,9.2,-0.12,0.630,0.670,-1.12,0,26,0,160.5,11.2,150.8,123.4,0.00,1,-1.3,-2.0
17.20,cruise,349.70,0.30,0.629,1,1648.3,404.5,-689.8,101.0,-80.02,13.27,134,110,-1,55.2,33.4,59.7,40.7,0.07,-0.02,1.00,0.00,0.00,0.00,-48.88,64.74,99,-1,0,1,14.0,-0.25,0.631,0.691,-0.99,0,26,0,159.0,11.6,151.8,125.2,0.00,1,-1.6,-2.3
17.30,cruise,349.62,0.38,0.627,1,1640.2,405.8,-681.7,99.7,-81.56,13.65,134,110,-1,55.0,33.9,59.3,42.4,0.08,-0.03,1.00,0.00,0.00,0.00,-49.30,66.39,99,-1,0,-1,16.8,-0.35,0.631,0.702,-0.86,0,26,0,157.3,11.9,153.2,127.1,0.00,1,-1.4,-1.9
17.40,cruise,349.52,0.48,0.624,1,1631.9,407.2,-673.4,98.3,-83.10,14.04,134,110,-1,54.7,34.4,58.9,43.9,0.09,-0.03,1.00,0.00,0.00,0.00,-49.52,68.20,99,-1,0,-3,17.5,-0.40,0.631,0.701,-0.73,0,26,0,155.6,12.0,154.8,129.1,0.00,1,-0.1,-0.3
17.50,cruise,349.45,0.55,0.622,1,1623.5,408.7,-665.0,96.8,-84.55,14.46,135,110,-1,54.6,34.7,58.5,45.0,0.07,-0.02,1.00,0.00,0.00,0.00,-49.56,70.01,99,-1,0,-4,15.4,-0.40,0.628,0.688,-0.62,0,26,0,154.2,11.8,156.7,130.9,0.00,1,1.4,2.3
17.60,cruise,349.40,0.60,0.620,1,1614.9,410.1,-656.4,95.4,-86.04,14.89,136,116,-1,54.5,34.8,58.2,45.2,0.05,-0.02,1.00,0.00,0.00,0.00,-49.27,72.10,99,-1,0,-6,10.6,-0.32,0.624,0.663,-0.52,0,26,0,153.3,11.1,158.8,132.1,0.00,1,2.5,5.9
17.70,cruise,349.37,0.63,0.617,1,1606.2,411.7,-647.7,93.8,-87.45,15.29,136,116,-1,54.5,34.5,58.1,44.6,0.01,-0.01,1.00,0.00,0.00,0.00,-49.14,73.94,99,-1,0,-6,3.5,-0.19,0.618,0.627,-0.41,0,26,0,153.2,9.8,161.2,132.7,0.00,1,3.7,9.9
17.80,cruise,349.37,0.63,0.614,1,1588.4,414.8,-638.9,92.3,-90.26,15.91,137,116,-1,54.6,33.9,58.2,43.1,-0.03,0.01,1.00,0.00,0.00,0.00,-49.39,75.50,99,-1,0,-6,-12.1,-0.03,0.614,0.640,-0.32,0,26,0,153.8,8.1,163.8,132.6,0.00,1,5.8,14.8
17.90,cruise,349.39,0.61,0.609,1,1588.4,414.8,-629.9,90.7,-90.26,15.91,137,116,-1,54.9,33.0,58.5,40.8,-0.07,0.03,1.00,0.00,0.00,0.00,-50.13,76.73,99,-1,0,-5,-12.1,0.14,0.610,0.669,-0.21,0,26,0,155.2,6.3,166.6,131.5,0.00,1,5.8,14.8
18.00,cruise,349.43,0.57,0.602,1,1579.2,416.4,-620.7,89.1,-91.76,16.08,136,112,-1,55.1,32.1,59.0,37.8,-0.10,0.05,1.00,0.00,0.00,0.00,-51.86,77.39,99,-1,0,-3,-18.7,0.31,0.606,0.693,-0.08,0,26,0,157.2,4.4,169.5,129.6,0.00,1,5.6,15.4
18.10,cruise,349.48,0.52,0.594,1,1569.9,418.0,-611.4,87.5,-93.16,16.15,135,112,-1,55.3,31.2,59.4,34.2,-0.12,0.05,1.00,0.00,0.00,0.00,-54.11,77.54,99,-1,0,-0,-22.9,0.45,0.602,0.706,0.04,0,26,0,159.6,2.8,172.4,126.9,0.00,1,4.8,14.3
18.20,cruise,349.56,0.44,0.569,1,1551.0,421.2,-602.0,85.9,-95.80,15.95,134,112,-1,55.5,30.7,59.8,30.5,-0.13,0.05,1.00,0.00,0.00,0.00,-56.84,77.17,99,-1,0,3,-21.6,0.54,0.580,0.686,0.15,0,26,0,161.9,1.7,174.9,123.6,0.00,1,1.4,7.1
18.30,cruise,349.61,0.39,0.550,1,1541.3,422.8,-592.5,84.3,-97.12,15.75,132,112,-1,55.6,30.4,60.0,27.3,-0.12,0.05,1.00,0.00,0.00,0.00,-59.93,76.43,99,-1,0,6,-15.6,0.55,0.560,0.653,0.25,0,26,0,164.0,1.0,176.5,120.5,0.00,1,-0.5,2.2
18.40,cruise,349.67,0.33,0.534,1,1541.3,422.8,-582.8,82.7,-97.12,15.75,130,104,-1,55.7,30.5,60.1,25.3,-0.09,0.03,1.00,0.00,0.00,0.00,-63.80,74.90,99,-1,0,8,-15.6,0.48,0.541,0.605,0.35,0,26,0,165.3,1.0,176.3,118.2,0.00,1,-0.5,2.2
18.50,cruise,349.72,0.28,0.525,1,1531.5,424.4,-573.0,81.1,-98.31,15.51,129,104,-1,55.7,30.8,60.0,24.9,-0.04,0.01,1.00,0.00,0.00,0.00,-67.23,73.38,99,-1,0,9,-6.8,0.32,0.528,0.555,0.42,0,26,0,165.8,1.5,174.1,117.2,0.00,1,-2.3,-3.3
18.60,cruise,349.75,0.25,0.526,1,1511.6,427.4,-563.1,79.6,-100.50,15.10,127,104,-1,55.7,31.2,59.7,26.5,0.02,-0.01,1.00,0.00,0.00,0.00,-70.00,72.27,99,-1,0,9,12.9,0.11,0.527,0.543,0.42,0,26,0,165.2,2.6,170.2,117.8,0.00,1,-5.0,-13.3
18.70,cruise,349.76,0.24,0.536,1,1501.4,428.9,-553.1,78.1,-101.47,15.01,126,104,-1,55.6,31.9,59.3,29.5,0.09,-0.02,1.00,0.00,0.00,0.00,-71.91,71.82,99,-1,0,7,21.2,-0.12,0.536,0.595,0.40,0,26,0,163.7,4.2,165.9,119.8,0.00,1,-5.8,-15.7
18.80,cruise,349.75,0.25,0.552,1,1491.2,430.4,-542.9,76.6,-102.44,15.04,127,108,-1,55.4,32.8,58.8,33.4,0.14,-0.04,1.00,0.00,0.00,0.00,-72.57,72.49,99,-1,0,4,27.1,-0.35,0.556,0.652,0.36,0,26,0,161.4,6.0,162.6,122.6,0.00,1,-6.3,-15.4
18.90,cruise,349.73,0.27,0.572,1,1491.2,430.4,-532.7,75.1,-102.44,15.04,127,108,-1,55.1,34.0,58.1,37.4,0.16,-0.05,1.00,0.00,0.00,0.00,-72.52,73.89,99,-1,0,1,27.1,-0.53,0.581,0.704,0.33,0,26,0,158.6,7.9,160.5,125.8,0.00,1,-6.3,-15.4
19.00,brake,349.71,0.29,0.573,1,1470.5,433.5,0.0,0.0,-104.46,15.47,128,108,-1,49.1,28.0,57.2,41.0,0.29,-0.02,1.00,0.00,0.00,0.00,-71.90,75.85,99,-1,0,-2,28.1,-0.60,0.586,0.712,0.31,0,26,0,155.7,9.5,159.7,128.8,0.00,1,-4.9,-7.9
19.10,brake,349.70,0.30,0.572,1,1470.5,433.5,0.0,0.0,-104.46,15.47,129,108,-1,43.1,22.0,56.3,43.5,0.33,0.04,1.00,0.00,0.00,0.00,-70.99,78.18,99,-1,0,-5,28.1,-0.60,0.585,0.733,0.32,0,26,0,153.0,10.5,159.9,131.4,0.00,1,-4.9,-7.9
19.20,brake,349.73,0.27,0.569,1,1449.3,436.7,0.0,0.0,-106.57,16.35,131,118,-1,37.1,16.0,55.4,44.7,0.32,0.12,1.00,0.00,0.00,0.00,-69.08,81.32,99,-1,0,-7,13.2,-0.58,0.582,0.757,0.35,0,26,0,151.0,10.7,161.2,133.3,0.00,1,-1.1,9.2
19.30,brake,349.77,0.23,0.568,1,1438.6,438.3,0.0,0.0,-107.62,16.85,133,118,-1,31.1,10.0,54.4,44.2,0.27,0.18,1.00,0.00,0.00,0.00,-67.45,84.11,99,-1,0,-8,1.7,-0.42,0.574,0.752,0.35,0,26,0,150.1,9.6,163.5,134.2,0.00,1,-1.2,21.3
19.40,brake,349.87,0.13,0.530,1,1438.6,438.3,0.0,0.0,-107.62,16.85,133,118,-1,25.1,4.0,53.2,41.5,0.16,0.22,1.00,0.00,0.00,0.00,-66.52,86.27,99,-1,0,-7,1.7,-0.18,0.531,0.683,0.30,0,26,0,150.4,7.3,167.3,133.9,0.00,1,-1.2,21.3
19.50,brake,350.01,-0.01,0.550,1,1427.8,440.1,0.0,0.0,-108.72,17.29,134,118,-1,19.1,-2.0,51.6,36.4,-0.00,0.25,1.00,0.00,0.00,0.00,-66.75,87.54,99,-1,0,-6,-10.5,0.10,0.550,0.650,0.23,0,26,0,152.0,3.7,173.1,132.0,0.00,1,-3.9,34.6
19.60,brake,350.19,-0.19,0.550,1,1405.8,443.6,0.0,0.0,-110.65,17.62,133,115,-1,13.1,-8.0,49.6,28.8,-0.16,0.25,1.00,0.00,0.00,0.00,-68.78,87.29,99,-1,0,-2,-28.7,0.39,0.555,0.720,0.17,0,26,0,154.4,359.2,181.6,128.4,0.00,1,-16.3,55.5
19.70,brake,350.41,-0.41,0.550,1,1394.6,445.3,0.0,0.0,-111.45,17.38,131,115,-1,7.1,-14.0,47.1,19.6,-0.29,0.22,1.00,0.00,0.00,0.00,-72.17,85.71,99,-1,0,3,-31.3,0.60,0.562,0.768,0.15,0,26,0,157.1,354.4,193.0,123.4,0.00,1,-25.3,59.1
19.80,brake,350.65,-0.65,0.550,1,1394.6,445.3,0.0,0.0,-111.45,17.38,128,115,-1,1.1,-20.0,43.9,10.1,-0.36,0.15,1.00,0.00,0.00,0.00,-76.51,82.87,99,-1,0,8,-31.3,0.60,0.562,0.765,0.25,0,26,0,159.6,349.8,205.9,118.2,0.00,1,-25.3,59.1
19.90,brake,350.91,-0.91,0.550,1,1383.4,447.0,0.0,0.0,-112.15,16.81,126,115,-1,-4.9,-26.0,40.1,1.8,-0.32,0.05,1.00,0.00,0.00,0.00,-81.25,79.11,99,-1,0,12,-28.5,0.66,0.565,0.712,0.52,0,26,0,161.2,345.7,216.9,114.2,0.00,1,-34.8,56.9
20.00,brake,351.19,-1.19,0.550,1,1360.9,450.2,0.0,0.0,-112.85,14.90,122,108,-1,-10.9,-32.0,35.6,-4.3,-0.19,-0.07,0.86,0.00,0.00,0.00,-86.83,73.49,99,-1,0,14,-10.2,0.71,0.567,0.670,0.97,0,26,0,161.5,342.5,223.2,112.0,0.00,1,-48.6,39.2
20.10,brake,351.50,-1.50,0.550,1,1349.6,451.6,0.0,0.0,-112.81,13.79,119,108,-1,-16.9,-34.2,30.8,-8.0,-0.03,-0.13,0.72,0.00,0.00,0.00,-91.44,67.80,99,-1,0,15,2.1,0.50,0.558,0.624,1.58,0,26,0,160.3,340.5,224.7,111.8,0.00,1,-50.3,28.1
20.20,brake,351.95,-1.95,0.550,1,1349.6,451.6,0.0,0.0,-112.81,13.79,116,108,-1,-22.9,-34.7,26.1,-9.9,0.13,-0.13,0.58,0.00,0.00,0.00,-94.88,62.56,99,-1,0,13,2.1,0.22,0.552,0.656,2.31,0,26,0,157.9,339.6,222.5,113.3,0.00,1,-50.3,28.1
20.30,brake,352.26,-2.26,0.550,1,1327.1,454.1,0.0,0.0,-112.06,11.76,114,108,-1,-28.9,-35.6,21.6,-10.5,0.26,-0.07,0.45,0.00,0.00,0.00,-97.28,58.01,99,-1,0,10,28.3,-0.11,0.550,0.685,3.15,0,26,0,154.2,339.3,218.0,116.3,0.00,1,-46.3,15.5
20.40,brake,352.74,-2.74,0.550,1,1327.1,454.1,0.0,0.0,-112.06,11.76,115,119,-1,-33.5,-36.9,17.7,-10.7,0.32,-0.01,0.34,0.00,0.00,0.00,-96.96,57.40,99,-1,0,6,28.3,-0.44,0.557,0.691,4.07,0,26,0,149.5,339.4,212.6,120.4,0.00,1,-46.3,15.5
20.50,brake,353.32,-3.32,0.550,1,1316.0,455.2,0.0,0.0,-111.36,10.95,115,119,-1,-31.5,-38.3,14.2,-11.0,0.31,0.00,0.26,0.00,0.00,0.00,-96.29,57.00,99,-1,0,1,37.6,-0.73,0.568,0.692,5.06,0,26,0,144.2,339.3,207.6,125.2,0.00,1,-43.4,15.7
20.60,brake,354.00,-4.00,0.550,1,1304.9,456.2,0.0,0.0,-110.65,10.29,115,119,-1,-29.0,-39.8,11.1,-12.2,0.21,0.01,0.21,0.00,0.00,0.00,-95.52,56.80,99,-1,0,-4,42.1,-0.90,0.578,0.665,6.16,0,26,0,138.6,338.8,203.8,130.2,0.00,1,-40.7,20.3
20.70,brake,354.79,-4.79,0.550,1,1283.0,458.1,0.0,0.0,-108.76,9.27,116,119,-1,-26.2,-41.0,8.3,-14.4,0.04,0.02,0.22,0.00,0.00,0.00,-94.52,56.67,99,-1,0,-9,34.4,-0.90,0.578,0.602,7.28,0,26,0,133.3,337.6,201.2,135.0,0.00,1,-36.5,36.6
20.80,brake,355.69,-5.69,0.550,1,1272.2,459.0,0.0,0.0,-107.62,8.76,120,140,-1,-23.7,-41.9,5.7,-17.8,-0.13,0.02,0.29,0.00,0.00,0.00,-89.99,61.78,99,-1,0,-13,23.0,-0.90,0.578,0.641,8.40,0,26,0,128.6,336.0,199.6,139.1,0.00,1,-35.2,43.1
20.90,brake,356.70,-6.70,0.550,1,1272.2,459.0,0.0,0.0,-107.62,8.76,123,140,-1,-22.0,-42.5,3.0,-22.0,-0.28,-0.01,0.40,0.00,0.00,0.00,-85.52,65.92,99,-1,0,-16,23.0,-0.77,0.571,0.685,9.50,0,26,0,125.1,334.4,198.6,142.1,0.00,1,-35.2,43.1
21.00,brake,358.08,-8.08,0.550,1,1251.0,460.6,0.0,0.0,-104.55,7.45,126,140,-1,-21.3,-42.6,-0.3,-26.5,-0.37,-0.09,0.55,0.00,0.00,0.00,-81.05,69.20,99,-1,0,-18,-7.3,-0.52,0.559,0.743,10.57,0,26,0,123.1,333.9,197.7,144.0,0.00,1,-37.4,44.1
21.10,brake,358.96,-8.96,0.550,1,1240.7,461.3,0.0,0.0,-102.61,6.69,129,140,-1,-22.0,-42.4,-4.8,-30.8,-0.37,-0.22,0.70,0.00,0.00,0.00,-76.49,71.65,99,-1,0,-18,-22.7,-0.22,0.552,0.786,11.49,0,26,0,122.7,335.1,196.6,144.9,0.00,1,-39.3,36.6
21.20,brake,360.47,-10.47,0.550,1,1230.6,461.9,0.0,0.0,-100.42,5.95,132,145,-1,-23.9,-41.9,-10.7,-34.2,-0.27,-0.35,0.84,0.00,0.00,0.00,-71.24,74.16,99,-1,0,-18,-36.0,0.09,0.550,0.801,12.20,0,26,0,124.2,338.2,195.2,144.8,0.00,1,-38.5,25.7
21.30,brake,361.40,-11.40,0.550,1,1230.6,461.9,0.0,0.0,-100.42,5.95,135,145,-1,-26.7,-40.8,-17.4,-36.3,-0.11,-0.44,0.95,0.00,0.00,0.00,-66.18,75.75,99,-1,0,-17,-36.0,0.37,0.555,0.773,12.72,0,26,0,127.2,342.3,193.6,143.8,0.00,1,-38.5,25.7
21.40,brake,362.65,-12.65,0.450,1,1220.8,462.5,0.0,0.0,-97.95,5.32,138,145,-1,-29.8,-39.3,-23.9,-36.7,0.10,-0.43,1.00,0.00,0.00,0.00,-61.47,76.45,99,-1,0,-15,-46.3,0.61,0.461,0.673,13.03,0,26,0,131.5,346.2,192.2,141.7,0.00,1,-33.0,13.7
21.50,brake,363.92,-13.92,0.350,1,1201.8,463.4,0.0,0.0,-92.81,4.59,140,145,-1,-32.9,-37.3,-28.9,-35.5,0.30,-0.32,1.00,0.00,0.00,0.00,-57.28,76.40,99,-1,0,-12,-54.8,0.60,0.358,0.606,13.23,0,26,0,136.7,349.1,191.6,138.2,0.00,1,-7.5,-2.0
21.60,brake,365.20,-15.20,0.250,1,1192.7,463.9,0.0,0.0,-90.70,4.48,140,127,-1,-35.6,-34.9,-32.0,-33.2,0.42,-0.14,1.00,0.00,0.00,0.00,-56.30,73.93,99,-1,0,-7,-53.2,0.60,0.256,0.481,13.30,0,26,0,142.1,350.4,192.2,133.4,0.00,1,5.4,-0.3
21.70,brake,366.48,-16.48,0.250,1,1192.7,463.9,0.0,0.0,-90.70,4.48,139,127,-1,-37.9,-32.2,-33.5,-30.7,0.44,0.03,1.00,0.00,0.00,0.00,-55.67,71.75,99,-1,0,-1,-53.2,0.60,0.256,0.444,13.15,0,26,0,147.4,350.4,194.9,127.9,0.00,1,5.4,-0.3
21.80,brake,367.73,-17.73,0.250,1,1183.8,464.3,0.0,0.0,-88.95,4.44,139,127,-1,-39.7,-29.2,-34.2,-28.5,0.38,0.15,1.00,0.00,0.00,0.00,-55.31,69.80,99,-1,0,4,-50.7,0.61,0.256,0.466,12.81,0,26,0,152.5,349.3,200.1,122.0,0.00,1,13.5,6.2
21.90,brake,368.94,-18.94,0.250,1,1166.3,465.2,0.0,0.0,-86.13,4.30,138,127,-1,-41.1,-26.1,-34.7,-27.2,0.27,0.20,1.00,0.00,0.00,0.00,-55.12,68.03,99,-1,0,10,-43.9,0.61,0.256,0.441,12.39,0,26,0,157.4,347.4,208.3,116.3,0.00,1,15.4,22.0
22.00,brake,370.12,-20.12,0.250,1,1166.3,465.2,0.0,0.0,-86.13,4.30,135,107,-1,-42.1,-23.1,-35.2,-26.8,0.13,0.19,1.00,0.00,0.00,0.00,-57.47,64.30,99,-1,0,15,-43.9,0.61,0.256,0.387,11.96,0,26,0,161.8,344.8,219.5,111.0,0.00,1,15.4,22.0
22.10,brake,371.25,-21.25,0.250,1,1157.8,465.6,0.0,0.0,-84.81,4.13,133,107,-1,-42.9,-20.2,-36.1,-27.3,0.00,0.15,1.00,0.00,0.00,0.00,-59.13,60.95,99,-1,0,20,-39.4,0.60,0.256,0.317,11.58,0,26,0,165.7,341.8,232.2,106.3,0.00,1,12.5,29.0
22.20,brake,372.61,-22.61,0.250,1,1141.2,466.4,0.0,0.0,-82.31,3.63,131,107,-1,-43.5,-17.5,-37.5,-28.6,-0.12,0.09,1.00,0.00,0.00,0.00,-60.13,58.06,99,-1,0,24,-30.4,0.60,0.256,0.336,11.19,0,26,0,169.0,338.4,243.9,102.4,0.00,1,3.5,36.5
22.30,brake,373.37,-23.37,0.250,1,1141.2,466.4,0.0,0.0,-82.31,3.63,130,107,-1,-43.9,-15.1,-39.2,-30.4,-0.20,0.02,1.00,0.00,0.00,0.00,-60.68,55.73,99,-1,0,27,-30.4,0.60,0.256,0.344,10.72,0,26,0,171.8,334.8,252.9,99.1,0.00,1,3.5,36.5
22.40,brake,374.35,-24.35,0.250,1,1125.0,467.0,0.0,0.0,-79.80,2.78,128,95,-1,-44.2,-13.2,-41.2,-32.5,-0.26,-0.02,1.00,0.00,0.00,0.00,-61.86,52.44,99,-1,0,30,-20.0,0.60,0.256,0.368,10.21,0,26,0,174.0,331.4,259.0,96.6,0.00,1,-1.1,33.7
22.50,brake,375.28,-25.28,0.250,1,1117.2,467.2,0.0,0.0,-78.57,2.23,127,95,-1,-44.4,-11.7,-43.1,-34.7,-0.29,-0.03,1.00,0.00,0.00,0.00,-62.41,49.81,99,-1,0,32,-14.4,0.60,0.256,0.384,9.71,0,26,0,175.6,328.2,262.9,94.8,0.00,1,-1.2,29.5
22.60,brake,376.15,-26.15,0.250,1,1117.2,467.2,0.0,0.0,-78.57,2.23,126,95,-1,-44.5,-10.6,-44.7,-36.8,-0.30,-0.01,1.00,0.00,0.00,0.00,-62.45,47.73,99,-1,0,33,-14.4,0.60,0.256,0.381,9.13,0,26,0,176.7,325.4,265.2,93.5,0.00,1,-1.2,29.5
22.70,brake,376.97,-26.97,0.250,1,1109.4,467.4,0.0,0.0,-77.30,1.61,125,95,-1,-44.5,-10.0,-45.8,-38.5,-0.29,0.03,1.00,0.00,0.00,0.00,-62.12,46.03,99,-1,0,34,-8.7,0.60,0.256,0.386,8.52,0,26,0,177.3,323.2,266.4,92.7,0.00,1,-0.2,24.0
22.80,brake,377.73,-27.73,0.250,1,1094.2,467.6,0.0,0.0,-75.01,0.31,125,91,-1,-44.6,-9.9,-46.3,-39.9,-0.27,0.10,1.00,0.00,0.00,0.00,-61.95,44.31,99,-1,0,34,2.4,0.60,0.256,0.404,7.84,0,26,0,177.6,321.6,267.0,92.4,0.00,1,3.1,10.5
22.90,brake,378.43,-28.43,0.250,1,1094.2,467.6,0.0,0.0,-75.01,0.31,125,91,-1,-44.5,-10.2,-46.2,-40.8,-0.25,0.17,1.00,0.00,0.00,0.00,-61.62,42.78,99,-1,0,34,2.4,0.60,0.256,0.423,7.14,0,26,0,177.5,320.7,266.9,92.5,0.00,1,3.1,10.5
23.00,brake,379.07,-29.07,0.250,1,1079.5,467.5,0.0,0.0,-72.82,-1.11,124,91,-1,-44.4,-11.1,-45.5,-41.3,-0.22,0.24,1.00,0.00,0.00,0.00,-61.25,41.30,99,-1,0,33,15.0,0.50,0.254,0.438,6.42,0,26,0,176.7,320.6,266.0,93.2,0.00,1,2.2,-5.0
23.10,brake,379.65,-29.65,0.250,1,1072.3,467.3,0.0,0.0,-71.76,-1.85,124,91,-1,-44.3,-12.6,-44.2,-41.5,-0.19,0.31,1.00,0.00,0.00,0.00,-60.96,39.84,99,-1,0,32,21.5,0.34,0.252,0.450,5.72,0,26,0,175.2,321.2,264.1,94.6,0.00,1,-0.3,-12.5
23.20,brake,380.29,-30.29,0.250,1,1065.2,467.1,0.0,0.0,-70.71,-2.52,124,96,-1,-44.0,-14.6,-42.7,-41.3,-0.15,0.36,1.00,0.00,0.00,0.00,-60.40,38.79,99,-1,0,30,27.1,0.16,0.250,0.456,5.06,0,26,0,173.0,322.6,260.8,96.8,0.00,1,-4.5,-19.7
23.30,brake,380.63,-30.63,0.250,1,1065.2,467.1,0.0,0.0,-70.71,-2.52,124,96,-1,-43.6,-17.1,-40.9,-40.9,-0.11,0.39,1.00,0.00,0.00,0.00,-59.93,37.61,99,-1,0,27,27.1,-0.01,0.250,0.451,4.40,0,26,0,169.9,324.6,256.0,99.9,0.00,1,-4.5,-19.7
23.40,brake,381.02,-31.02,0.250,1,1058.2,466.8,0.0,0.0,-69.65,-3.22,124,96,-1,-43.0,-19.9,-39.4,-40.3,-0.07,0.39,1.00,0.00,0.00,0.00,-59.58,36.22,99,-1,0,23,32.2,-0.19,0.251,0.434,3.84,0,26,0,166.2,327.2,249.1,103.8,0.00,1,-10.7,-26.1
23.50,brake,381.36,-31.36,0.250,1,1051.3,466.4,0.0,0.0,-68.69,-3.86,124,96,-1,-42.2,-22.9,-38.3,-39.5,-0.03,0.34,1.00,0.00,0.00,0.00,-59.34,34.81,99,-1,0,18,35.7,-0.36,0.252,0.401,3.32,0,26,0,161.9,330.4,240.1,108.7,0.00,1,-18.8,-31.6
23.60,brake,381.64,-31.64,0.250,1,1044.5,466.0,0.0,0.0,-67.68,-4.42,125,112,-1,-41.2,-25.8,-37.9,-38.7,0.01,0.26,1.00,0.00,0.00,0.00,-58.07,35.03,99,-1,0,12,37.2,-0.50,0.254,0.361,2.83,0,26,0,157.5,334.5,229.0,114.3,0.00,1,-27.7,-36.5
23.70,brake,381.85,-31.85,0.250,1,1031.2,465.0,0.0,0.0,-65.57,-5.27,126,112,-1,-40.1,-28.4,-38.6,-37.8,0.04,0.13,1.00,0.00,0.00,0.00,-56.94,35.02,99,-1,0,6,33.6,-0.60,0.256,0.325,2.35,0,26,0,153.1,339.6,216.3,120.5,0.00,1,-46.0,-43.2
23.80,brake,382.00,-32.00,0.250,1,1024.8,464.4,0.0,0.0,-64.38,-5.54,127,112,-1,-38.9,-30.6,-40.2,-37.0,0.06,-0.02,1.00,0.00,0.00,0.00,-55.81,34.81,99,-1,0,-1,28.6,-0.60,0.256,0.287,1.94,0,26,0,149.3,345.8,203.0,127.0,0.00,1,-52.5,-44.7
23.90,brake,382.09,-32.09,0.250,1,1024.8,464.4,0.0,0.0,-64.38,-5.54,127,112,-1,-37.8,-32.3,-42.8,-36.4,0.07,-0.17,1.00,0.00,0.00,0.00,-54.64,34.49,99,-1,0,-7,28.6,-0.60,0.256,0.352,1.55,0,26,0,146.3,353.3,190.0,133.6,0.00,1,-52.5,-44.7
24.00,brake,382.12,-32.12,0.250,1,1018.4,463.9,0.0,0.0,-63.17,-5.67,129,125,-1,-36.8,-33.5,-46.1,-35.8,0.07,-0.32,1.00,0.00,0.00,0.00,-52.78,35.18,99,-1,0,-13,22.0,-0.60,0.256,0.411,1.13,0,26,0,144.2,1.6,177.7,139.9,0.00,1,-56.2,-45.0
24.10,brake,382.09,-32.09,0.250,1,1012.2,463.3,0.0,0.0,-61.88,-5.66,130,125,-1,-36.2,-34.3,-49.7,-35.2,0.08,-0.43,1.00,0.00,0.00,0.00,-50.97,35.53,99,-1,0,-19,14.4,-0.60,0.256,0.461,0.70,0,26,0,143.1,10.3,166.4,145.6,0.00,1,-56.6,-44.7
24.20,brake,381.96,-31.96,0.250,1,1000.2,462.2,0.0,0.0,-59.17,-5.24,131,125,-1,-35.1,-34.1,-53.2,-34.1,0.12,-0.49,1.00,0.00,0.00,0.00,-49.27,35.57,99,-1,0,-24,-1.4,-0.60,0.256,0.499,0.19,0,26,0,143.0,18.4,156.3,150.3,0.00,1,-45.7,-43.9
24.30,brake,381.82,-31.82,0.250,1,1000.2,462.2,0.0,0.0,-59.17,-5.24,132,125,-1,-34.0,-33.4,-56.3,-32.3,0.17,-0.51,1.00,0.00,0.00,0.00,-47.76,35.33,99,-1,1,-27,-1.4,-0.52,0.254,0.508,-0.45,0,26,0,143.6,25.5,147.2,153.6,0.00,1,-45.7,-43.9
24.40,brake,381.59,-31.59,0.250,1,994.4,461.7,0.0,0.0,-57.83,-4.82,132,124,-1,-33.2,-32.5,-58.7,-29.0,0.24,-0.48,1.00,0.00,0.00,0.00,-46.50,34.72,99,-1,1,-28,-8.8,-0.39,0.252,0.505,-1.15,0,26,0,144.7,31.4,139.3,155.0,0.00,1,-36.4,-43.8
24.50,brake,381.29,-31.29,0.250,1,983.1,460.9,0.0,0.0,-55.22,-3.65,131,124,-1,-32.6,-31.3,-60.2,-23.8,0.33,-0.42,1.00,0.00,0.00,0.00,-45.52,33.70,99,-1,1,-27,-21.7,-0.23,0.251,0.502,-1.90,0,26,0,146.1,36.2,132.6,153.9,0.00,1,-13.5,-40.9
24.60,brake,380.93,-30.93,0.250,1,977.7,460.6,0.0,0.0,-54.03,-2.90,129,124,-1,-32.2,-30.1,-60.8,-16.9,0.41,-0.32,1.00,0.00,0.00,0.00,-44.96,32.26,99,-1,1,-24,-26.7,-0.05,0.250,0.500,-2.71,0,26,0,147.5,39.9,127.3,150.5,0.00,1,-2.0,-37.0
24.70,brake,380.50,-30.50,0.250,1,972.4,460.3,0.0,0.0,-52.91,-2.10,127,124,-1,-32.0,-28.8,-60.5,-8.6,0.49,-0.21,1.00,0.00,0.00,0.00,-44.73,30.45,99,-1,1,-19,-30.8,0.16,0.250,0.501,-3.52,0,26,0,148.8,42.6,123.4,145.1,0.00,1,8.4,-30.8
24.80,brake,380.01,-30.01,0.250,1,972.4,460.3,0.0,0.0,-52.91,-2.10,124,119,-1,-32.0,-27.3,-59.4,-0.2,0.55,-0.08,1.00,0.00,0.00,0.00,-44.98,27.94,99,-1,0,-12,-30.8,0.37,0.252,0.504,-4.32,0,26,0,150.0,44.2,120.7,138.7,0.00,1,8.4,-30.8
24.90,brake,379.46,-29.46,0.250,1,962.0,460.1,0.0,0.0,-51.04,-0.46,121,119,-1,-32.1,-25.8,-57.5,7.2,0.58,0.04,1.00,0.00,0.00,0.00,-45.32,25.37,99,-1,0,-6,-36.1,0.56,0.255,0.504,-5.09,0,26,0,151.3,44.7,119.0,132.3,0.00,1,22.4,-11.9
25.00,brake,378.86,-28.86,0.250,1,962.0,460.1,0.0,0.0,-51.04,-0.46,117,119,-1,-32.4,-24.1,-55.1,12.8,0.59,0.16,1.00,0.00,0.00,0.00,-45.60,22.94,99,-1,1,-0,-36.1,0.60,0.256,0.511,-5.80,0,26,0,152.7,44.0,118.1,126.7,0.00,1,22.4,-11.9
25.10,brake,378.24,-28.24,0.250,1,952.0,460.3,0.0,0.0,-49.44,1.33,114,119,-1,-32.6,-22.4,-52.0,16.0,0.54,0.26,1.00,0.00,0.00,0.00,-45.60,20.97,99,-1,1,4,-33.6,0.60,0.256,0.511,-6.37,0,26,0,154.4,42.0,118.0,122.1,0.00,1,26.5,13.5
25.20,brake,377.43,-27.43,0.250,1,952.0,460.3,0.0,0.0,-49.44,1.33,111,113,-1,-32.9,-20.7,-48.8,17.2,0.46,0.33,1.00,0.00,0.00,0.00,-45.68,18.94,99,-1,1,8,-33.6,0.60,0.256,0.511,-6.85,0,26,0,156.4,38.9,118.4,118.5,0.00,1,26.5,13.5
25.30,brake,376.92,-26.92,0.250,1,947.1,460.5,0.0,0.0,-48.74,2.08,109,113,-1,-33.1,-19.0,-45.6,16.5,0.35,0.36,1.00,0.00,0.00,0.00,-45.54,17.48,99,-1,1,11,-30.5,0.60,0.256,0.511,-7.28,0,26,0,158.6,34.9,119.3,115.4,0.00,1,24.0,25.9
25.40,brake,376.23,-26.23,0.250,1,942.3,460.7,0.0,0.0,-48.12,2.71,107,113,-1,-33.3,-17.4,-43.0,14.5,0.22,0.32,1.00,0.00,0.00,0.00,-45.25,16.60,99,-1,0,14,-27.2,0.60,0.256,0.475,-7.68,0,26,0,161.1,30.0,120.7,112.5,0.00,1,19.2,36.9
25.50,brake,375.50,-25.50,0.250,1,932.9,461.4,0.0,0.0,-46.80,3.68,106,113,-1,-33.3,-15.7,-41.1,11.5,0.10,0.24,1.00,0.00,0.00,0.00,-44.75,16.15,99,-1,0,17,-20.7,0.63,0.256,0.390,-8.04,0,26,0,163.6,24.7,122.6,109.8,0.00,1,4.1,53.9
25.60,brake,374.74,-24.74,0.250,1,932.9,461.4,0.0,0.0,-46.80,3.68,104,103,-1,-33.3,-14.2,-40.2,7.5,-0.03,0.09,1.00,0.00,0.00,0.00,-44.44,15.12,99,-1,0,19,-20.7,0.65,0.257,0.305,-8.33,0,26,0,166.1,18.9,125.9,107.3,0.00,1,4.1,53.9
25.70,brake,373.94,-23.94,0.250,1,928.2,461.8,0.0,0.0,-46.05,4.02,103,103,-1,-33.1,-12.7,-40.5,2.8,-0.15,-0.08,1.00,0.00,0.00,0.00,-43.88,14.54,99,-1,0,21,-16.2,0.65,0.257,0.352,-8.57,0,26,0,168.1,12.9,132.6,105.3,0.00,1,-4.5,59.5
25.80,brake,373.09,-23.09,0.250,1,919.2,462.6,0.0,0.0,-44.41,4.33,103,103,-1,-32.8,-11.5,-41.8,-2.7,-0.27,-0.26,1.00,0.00,0.00,0.00,-43.14,14.35,99,-1,0,22,-4.6,0.64,0.256,0.467,-8.86,0,26,0,169.5,6.7,147.5,104.1,0.00,1,-15.3,63.9
25.90,brake,372.19,-22.19,0.250,1,914.8,463.1,0.0,0.0,-43.51,4.34,103,103,-1,-32.3,-10.7,-43.6,-8.9,-0.37,-0.38,1.00,0.00,0.00,0.00,-42.19,14.52,99,-1,1,23,1.4,0.55,0.255,0.509,-9.20,0,26,0,170.0,0.7,176.3,103.8,0.00,1,-14.6,62.4
26.00,brake,371.23,-21.23,0.283,1,914.8,463.1,0.0,0.0,-43.51,4.34,104,99,-1,-31.7,-10.2,-45.7,-15.7,-0.46,-0.44,1.00,0.00,0.00,0.00,-41.14,14.80,99,-1,1,22,1.4,0.41,0.285,0.571,-9.66,0,26,0,169.6,354.7,206.6,104.7,0.00,1,-14.6,62.4
26.10,brake,370.23,-20.23,0.358,1,910.6,463.5,0.0,0.0,-42.41,4.24,105,99,-1,-30.9,-10.1,-47.5,-22.8,-0.53,-0.45,1.00,0.00,0.00,0.00,-39.73,15.41,99,-1,1,20,8.1,0.24,0.359,0.719,-10.07,0,26,0,168.3,349.0,223.1,106.4,0.00,1,-11.2,59.6
26.20,brake,369.18,-19.18,0.441,1,902.4,464.3,0.0,0.0,-39.66,3.53,108,99,-1,-29.8,-10.2,-48.6,-29.5,-0.58,-0.36,1.00,0.00,0.00,0.00,-38.03,16.17,99,-1,0,18,20.9,0.06,0.441,0.818,-10.51,0,26,0,166.4,343.8,230.2,108.6,0.00,1,6.4,45.3
26.30,brake,368.12,-18.12,0.519,1,902.4,464.3,0.0,0.0,-39.66,3.53,110,99,-1,-28.5,-10.4,-48.3,-35.1,-0.57,-0.20,1.00,0.00,0.00,0.00,-36.09,16.82,99,-1,0,16,20.9,-0.10,0.519,0.825,-10.96,0,26,0,164.1,339.1,233.3,110.5,0.00,1,6.4,45.3
26.40,brake,367.03,-17.03,0.576,1,898.6,464.6,0.0,0.0,-38.03,2.83,113,107,-1,-27.0,-10.8,-46.1,-38.6,-0.48,0.05,1.00,0.00,0.00,0.00,-33.91,17.45,99,-1,0,15,26.3,-0.23,0.578,0.791,-11.41,0,26,0,161.9,335.4,234.5,111.5,0.00,1,19.7,32.2
26.50,brake,365.95,-15.95,0.602,1,894.9,464.8,0.0,0.0,-36.23,1.88,116,107,-1,-25.3,-11.1,-41.4,-39.6,-0.32,0.34,1.00,0.00,0.00,0.00,-31.87,17.34,99,-1,0,15,31.0,-0.32,0.606,0.872,-11.79,0,26,0,160.2,333.0,234.8,111.7,0.00,1,33.8,14.5
26.60,brake,364.86,-14.86,0.605,1,891.4,464.9,0.0,0.0,-34.45,0.68,117,107,-1,-23.5,-11.4,-34.7,-38.5,-0.11,0.60,1.00,0.00,0.00,0.00,-30.26,16.48,99,-1,0,15,34.8,-0.40,0.611,0.897,-12.03,0,26,0,158.9,332.2,233.8,111.5,0.00,1,44.1,-5.8
26.70,brake,363.77,-13.77,0.598,1,884.9,464.7,0.0,0.0,-31.35,-2.05,118,107,-1,-21.8,-11.7,-27.0,-35.6,0.12,0.76,1.00,0.00,0.00,0.00,-29.14,14.99,99,-1,0,15,38.6,-0.45,0.606,0.956,-11.99,0,26,0,157.7,333.1,231.1,111.8,0.00,1,39.9,-40.6
26.80,brake,362.71,-12.71,0.583,1,881.9,464.4,0.0,0.0,-30.30,-3.36,119,113,-1,-20.2,-12.1,-20.2,-31.7,0.33,0.76,0.86,0.00,0.00,0.00,-28.36,13.53,99,-1,1,13,38.4,-0.50,0.592,1.000,-11.60,0,26,0,156.1,335.5,225.8,113.1,0.00,1,22.6,-48.7
26.90,brake,361.69,-11.69,0.560,1,881.9,464.4,0.0,0.0,-30.30,-3.36,120,113,-1,-18.7,-12.7,-15.7,-27.5,0.46,0.57,0.69,0.00,0.00,0.00,-28.03,12.00,99,-1,0,11,38.4,-0.55,0.570,0.982,-10.83,0,26,0,153.7,339.2,217.6,115.6,0.00,1,22.6,-48.7
27.00,brake,360.75,-10.75,0.550,1,878.9,463.9,0.0,0.0,-29.53,-4.47,119,113,-1,-17.4,-13.2,-14.5,-23.8,0.46,0.20,0.57,0.00,0.00,0.00,-27.91,10.62,99,-1,0,7,36.0,-0.58,0.561,0.825,-9.71,0,26,0,150.6,343.6,207.6,119.2,0.00,1,-2.0,-47.4
27.10,brake,359.90,-9.90,0.490,1,876.0,463.4,0.0,0.0,-29.03,-5.24,119,113,-1,-16.4,-13.8,-16.4,-21.2,0.33,-0.23,0.53,0.00,0.00,0.00,-27.88,9.64,99,-1,0,3,30.3,-0.54,0.498,0.724,-8.48,0,26,0,147.6,348.7,197.5,123.2,0.00,1,-27.8,-38.9
27.20,brake,358.98,-8.98,0.463,1,870.3,462.3,0.0,0.0,-27.80,-5.76,121,124,-1,-15.5,-14.1,-20.7,-20.1,0.13,-0.61,0.59,0.00,0.00,0.00,-27.41,9.70,99,-1,0,-1,14.8,-0.47,0.470,0.765,-7.28,0,26,0,145.2,354.1,188.4,127.2,0.00,1,-58.4,-12.8
27.30,brake,358.49,-8.49,0.439,1,870.3,462.3,0.0,0.0,-27.80,-5.76,122,124,-1,-14.7,-14.1,-26.0,-20.4,-0.06,-0.85,0.72,0.00,0.00,0.00,-26.63,9.82,99,-1,0,-4,14.8,-0.38,0.443,0.808,-6.22,0,26,0,143.7,359.3,181.0,130.6,0.00,1,-58.4,-12.8
27.40,brake,357.88,-7.88,0.437,1,865.0,461.2,0.0,0.0,-25.44,-5.32,123,124,-1,-13.9,-13.8,-31.2,-21.5,-0.18,-0.91,0.86,0.00,0.00,0.00,-25.52,9.90,99,-1,0,-7,2.8,-0.30,0.439,0.874,-5.47,0,26,0,143.1,3.4,175.4,133.5,0.00,1,-42.5,0.8
27.50,brake,357.32,-7.32,0.448,1,865.0,461.2,0.0,0.0,-25.44,-5.32,124,124,-1,-13.1,-13.2,-34.9,-22.5,-0.18,-0.79,0.97,0.00,0.00,0.00,-24.06,9.85,99,-1,0,-9,2.8,-0.23,0.450,0.835,-5.05,0,26,0,143.1,6.2,171.8,135.3,0.00,1,-42.5,0.8
27.60,brake,356.79,-6.79,0.465,1,860.3,460.2,0.0,0.0,-22.19,-4.42,125,126,-1,-12.3,-12.4,-36.4,-22.5,-0.08,-0.54,1.00,0.00,0.00,0.00,-22.38,9.73,99,-1,0,-9,-5.1,-0.16,0.466,0.712,-4.94,0,26,0,143.4,7.5,169.9,135.8,0.00,1,3.4,-6.0
27.70,brake,356.30,-6.30,0.550,1,858.3,459.8,0.0,0.0,-20.48,-3.92,126,126,-1,-11.5,-11.4,-35.4,-21.1,0.06,-0.21,0.97,0.00,0.00,0.00,-20.57,9.44,99,-1,0,-8,-8.7,-0.06,0.550,0.660,-4.97,0,26,0,143.9,7.5,169.7,134.7,0.00,1,27.1,-11.4
27.80,brake,355.84,-5.84,0.550,1,858.3,459.8,0.0,0.0,-20.48,-3.92,126,126,-1,-10.7,-10.4,-32.2,-18.6,0.21,0.13,0.85,0.00,0.00,0.00,-18.81,9.00,99,-1,0,-6,-8.7,0.06,0.550,0.686,-5.06,0,26,0,144.5,6.4,171.1,132.3,0.00,1,27.1,-11.4
27.90,brake,355.41,-5.41,0.550,1,856.3,459.5,0.0,0.0,-18.76,-3.43,127,126,-1,-10.0,-9.3,-27.2,-15.6,0.31,0.46,0.68,0.00,0.00,0.00,-17.10,8.46,99,-1,0,-3,-12.3,0.19,0.551,0.859,-4.95,0,26,0,145.5,4.3,173.8,129.2,0.00,1,47.1,-15.0
28.00,brake,355.05,-5.05,0.550,1,853.0,458.9,0.0,0.0,-15.86,-2.60,126,122,-1,-9.4,-8.2,-21.2,-12.8,0.33,0.68,0.47,0.00,0.00,0.00,-15.53,7.78,99,-1,0,1,-18.8,0.33,0.554,0.957,-4.41,0,26,0,146.9,1.4,177.8,125.7,0.00,1,63.2,-9.7
28.10,brake,354.76,-4.76,0.450,1,851.4,458.7,0.0,0.0,-15.10,-2.45,126,122,-1,-9.0,-7.3,-15.3,-11.1,0.24,0.74,0.29,0.00,0.00,0.00,-14.37,7.20,99,-1,0,4,-19.9,0.46,0.456,0.845,-3.54,0,26,0,148.8,358.3,182.8,122.4,0.00,1,53.5,-1.3
28.20,brake,354.55,-4.55,0.350,1,850.0,458.4,0.0,0.0,-14.79,-2.52,126,122,-1,-8.8,-6.6,-10.8,-10.5,0.07,0.60,0.16,0.00,0.00,0.00,-13.70,6.79,99,-1,0,7,-18.7,0.54,0.356,0.625,-2.42,0,26,0,151.0,355.4,188.2,119.5,0.00,1,35.4,7.4
28.30,brake,354.48,-4.48,0.283,1,850.0,458.4,0.0,0.0,-14.79,-2.52,125,122,-1,-8.8,-6.2,-8.1,-11.1,-0.09,0.36,0.12,0.00,0.00,0.00,-13.53,6.48,99,-1,0,9,-18.7,0.56,0.289,0.470,-1.38,0,26,0,153.0,353.0,193.5,117.1,0.00,1,35.4,7.4
28.40,brake,354.42,-4.42,0.254,1,848.5,458.2,0.0,0.0,-14.72,-2.71,124,114,-1,-8.9,-5.9,-7.3,-12.1,-0.19,0.10,0.13,0.00,0.00,0.00,-13.74,5.95,99,-1,0,11,-16.6,0.55,0.258,0.375,-0.80,0,26,0,154.6,351.2,198.0,115.3,0.00,1,16.0,12.5
28.50,brake,354.37,-4.37,0.250,1,847.0,457.9,0.0,0.0,-14.68,-2.96,123,114,-1,-9.0,-5.7,-7.9,-13.3,-0.22,-0.10,0.18,0.00,0.00,0.00,-13.95,5.45,99,-1,0,12,-13.8,0.52,0.254,0.382,-0.61,0,26,0,155.8,350.1,201.2,114.1,0.00,1,0.6,13.5
28.60,brake,354.30,-4.30,0.250,1,844.1,457.2,0.0,0.0,-14.28,-3.36,122,114,-1,-8.9,-5.5,-9.1,-14.2,-0.21,-0.21,0.22,0.00,0.00,0.00,-14.02,4.96,99,-1,0,13,-7.6,0.48,0.254,0.423,-0.67,0,26,0,156.6,349.6,203.1,113.3,0.00,1,-11.9,8.5
28.70,brake,354.22,-4.22,0.256,1,842.7,456.9,0.0,0.0,-13.97,-3.54,121,114,-1,-8.8,-5.3,-10.5,-14.9,-0.18,-0.25,0.27,0.00,0.00,0.00,-13.97,4.49,99,-1,0,14,-4.1,0.42,0.259,0.431,-0.81,0,26,0,157.1,349.3,204.0,113.0,0.00,1,-10.8,5.0
28.80,brake,354.11,-4.11,0.268,1,841.4,456.5,0.0,0.0,-13.54,-3.71,120,112,-1,-8.6,-5.1,-11.6,-15.3,-0.15,-0.22,0.30,0.00,0.00,0.00,-13.86,3.96,99,-1,0,14,-0.3,0.35,0.270,0.417,-1.01,0,26,0,157.2,349.4,204.1,112.9,0.00,1,-7.1,1.3
28.90,brake,353.98,-3.98,0.280,1,841.4,456.5,0.0,0.0,-13.54,-3.71,119,112,-1,-8.3,-4.9,-12.2,-15.4,-0.11,-0.16,0.31,0.00,0.00,0.00,-13.62,3.40,99,-1,0,13,-0.3,0.27,0.281,0.386,-1.20,0,26,0,157.0,349.6,203.5,113.1,0.00,1,-7.1,1.3
29.00,brake,353.84,-3.84,0.290,1,840.0,456.1,0.0,0.0,-13.03,-3.87,119,112,-1,-7.9,-4.8,-12.1,-15.2,-0.06,-0.07,0.30,0.00,0.00,0.00,-13.29,2.86,99,-1,0,13,3.5,0.19,0.291,0.343,-1.37,0,26,0,156.6,349.9,202.5,113.6,0.00,1,-1.8,-2.3
29.10,brake,353.68,-3.68,0.301,1,838.8,455.7,0.0,0.0,-12.55,-4.00,118,112,-1,-7.6,-4.7,-11.4,-14.7,-0.02,0.02,0.28,0.00,0.00,0.00,-12.95,2.37,99,-1,0,12,7.3,0.10,0.301,0.318,-1.54,0,26,0,155.9,350.2,201.1,114.3,0.00,1,3.3,-5.4
29.20,brake,353.47,-3.47,0.310,1,836.4,454.9,0.0,0.0,-11.54,-4.32,118,114,-1,-7.1,-4.6,-10.3,-14.1,0.01,0.09,0.24,0.00,0.00,0.00,-12.57,1.94,99,-1,0,11,14.6,0.00,0.310,0.351,-1.65,0,26,0,154.8,350.6,199.4,115.3,0.00,1,9.7,-9.9
29.30,brake,353.35,-3.35,0.311,1,835.3,454.4,0.0,0.0,-11.10,-4.48,118,114,-1,-6.7,-4.6,-8.9,-13.3,0.04,0.14,0.19,0.00,0.00,0.00,-12.22,1.51,99,-1,0,10,17.4,-0.09,0.311,0.383,-1.66,0,26,0,153.5,351.0,197.6,116.5,0.00,1,9.9,-10.9
29.40,brake,353.19,-3.19,0.310,1,834.2,454.0,0.0,0.0,-10.68,-4.65,117,114,-1,-6.3,-4.6,-7.5,-12.4,0.07,0.15,0.14,0.00,0.00,0.00,-11.92,1.11,99,-1,0,8,19.3,-0.18,0.311,0.397,-1.59,0,26,0,151.9,351.5,195.6,118.1,0.00,1,8.4,-11.3
29.50,brake,353.05,-3.05,0.305,1,834.2,454.0,0.0,0.0,-10.68,-4.65,117,114,-1,-5.9,-4.6,-6.3,-11.5,0.08,0.13,0.10,0.00,0.00,0.00,-11.62,0.72,99,-1,0,7,19.3,-0.25,0.306,0.390,-1.45,0,26,0,150.1,352.1,193.6,119.9,0.00,1,8.4,-11.3
29.60,brake,352.91,-2.91,0.301,1,832.1,453.0,0.0,0.0,-10.13,-4.89,118,121,-1,-5.5,-4.6,-5.4,-10.6,0.08,0.09,0.06,0.00,0.00,0.00,-11.41,0.59,99,-1,0,5,19.4,-0.30,0.303,0.371,-1.33,0,26,0,148.2,352.7,191.7,121.7,0.00,1,2.4,-9.5
29.70,brake,352.78,-2.78,0.298,1,832.1,453.0,0.0,0.0,-10.13,-4.89,118,121,-1,-5.2,-4.7,-4.9,-9.8,0.07,0.04,0.03,0.00,0.00,0.00,-11.24,0.51,99,-1,0,3,19.4,-0.33,0.300,0.344,-1.23,0,26,0,146.4,353.3,190.0,123.6,0.00,1,2.4,-9.5
29.80,brake,352.66,-2.66,0.297,1,830.2,452.0,0.0,0.0,-9.73,-5.03,119,121,-1,-4.9,-4.7,-4.7,-9.3,0.05,-0.01,0.01,0.00,0.00,0.00,-11.08,0.42,99,-1,0,1,15.7,-0.34,0.299,0.321,-1.16,0,26,0,144.6,354.0,188.5,125.3,0.00,1,-3.2,-4.9
29.90,brake,352.55,-2.55,0.296,1,830.2,452.0,0.0,0.0,-9.73,-5.03,119,121,-1,-4.7,-4.7,-4.8,-9.0,0.02,-0.06,0.01,0.00,0.00,0.00,-10.95,0.37,99,-1,0,-0,15.7,-0.32,0.298,0.327,-1.10,0,26,0,143.1,354.6,187.2,126.9,0.00,1,-3.2,-4.9
30.00,brake,352.44,-2.44,0.295,1,829.2,451.5,0.0,0.0,-9.51,-5.06,121,127,-1,-4.5,-4.7,-5.2,-8.8,-0.00,-0.09,0.01,0.00,0.00,0.00,-10.77,0.47,99,-1,0,-2,12.8,-0.29,0.296,0.335,-1.03,0,26,0,141.9,355.2,186.1,128.2,0.00,1,-5.1,-3.1
30.10,brake,352.35,-2.35,0.294,1,828.3,451.0,0.0,0.0,-9.27,-5.09,122,127,-1,-4.3,-4.6,-5.6,-8.7,-0.01,-0.12,0.01,0.00,0.00,0.00,-10.56,0.53,99,-1,0,-3,9.4,-0.24,0.295,0.347,-0.97,0,26,0,141.1,355.8,185.2,129.1,0.00,1,-5.9,-2.2
30.20,brake,352.22,-2.22,0.295,1,826.5,450.0,0.0,0.0,-8.72,-5.10,123,127,-1,-4.1,-4.5,-6.1,-8.6,-0.01,-0.12,0.02,0.00,0.00,0.00,-10.34,0.55,99,-1,0,-3,2.7,-0.18,0.296,0.346,-0.94,0,26,0,140.5,356.4,184.4,129.7,0.00,1,-3.1,-2.3
30.30,land,352.15,-2.15,0.298,1,826.5,450.0,132.0,55.5,-8.72,-5.10,123,127,-1,-10.1,-10.5,-6.2,-8.4,0.06,-0.03,0.01,0.00,0.00,0.00,-10.09,0.54,99,-1,0,0,2.7,-0.05,0.298,0.335,-0.94,0,26,0,140.3,356.8,183.9,129.9,0.00,0,-3.1,-2.3
30.40,land,352.06,-2.06,0.298,1,824.8,449.0,132.9,56.0,-8.09,-5.04,124,129,-1,-16.1,-16.5,-6.1,-8.1,0.13,0.07,0.00,0.00,0.00,0.00,-9.79,0.52,99,-1,0,-1,-2.9,-0.01,0.298,0.380,-0.89,0,26,0,140.5,356.9,183.7,129.8,0.00,0,3.4,-2.0
30.50,land,351.97,-1.97,0.297,1,824.8,449.0,133.7,56.5,-8.09,-5.04,125,129,-1,-20.0,-19.7,-5.8,-7.9,0.15,0.15,0.00,0.00,0.00,0.00,-9.52,0.50,99,-1,0,-2,-2.9,0.03,0.297,0.419,-0.85,0,26,0,140.5,356.9,183.7,129.8,0.00,0,3.4,-2.0
30.60,land,351.90,-1.90,0.296,1,824.0,448.5,134.5,57.0,-7.80,-5.00,126,129,-1,-20.0,-20.0,-5.4,-7.9,0.13,0.16,0.00,0.00,0.00,0.00,-9.25,0.47,99,-1,0,-2,-4.9,0.05,0.296,0.412,-0.80,0,26,0,140.5,356.9,183.7,129.8,0.00,0,4.7,-0.3
30.70,land,351.83,-1.83,0.295,1,823.3,448.0,135.2,57.5,-7.58,-4.97,126,129,-1,-20.0,-20.0,-5.2,-8.2,0.08,0.13,0.00,0.00,0.00,0.00,-9.05,0.46,99,-1,0,-3,-6.3,0.07,0.295,0.380,-0.74,0,26,0,140.5,356.9,183.7,129.8,0.00,0,3.3,2.5
30.80,land,351.77,-1.77,0.293,1,821.8,447.0,136.0,58.0,-7.19,-4.94,126,126,-1,-20.0,-20.0,-5.4,-8.8,0.02,0.08,0.01,0.00,0.00,0.00,-8.86,0.37,99,-1,0,-3,-7.4,0.09,0.293,0.332,-0.67,0,26,0,142.7,355.2,186.2,127.4,0.00,0,-3.1,10.1
30.90,land,351.72,-1.72,0.291,1,821.8,447.0,136.7,58.5,-7.19,-4.94,126,126,-1,-20.0,-20.0,-5.9,-9.9,-0.04,0.03,0.05,0.00,0.00,0.00,-8.72,0.29,99,-1,0,-3,-7.4,0.09,0.291,0.316,-0.60,0,26,0,142.7,355.2,186.2,127.4,0.00,0,-3.1,10.1
31.00,land,351.68,-1.68,0.290,1,820.4,446.0,137.4,59.0,-6.81,-5.02,127,126,-1,-20.0,-20.0,-6.7,-11.1,-0.08,-0.01,0.10,0.00,0.00,0.00,-8.59,0.18,99,-1,0,-3,-6.6,0.08,0.290,0.327,-0.57,0,26,0,142.7,355.2,186.2,127.4,0.00,0,-7.9,13.9
31.10,land,351.63,-1.63,0.292,1,819.7,445.5,138.1,59.5,-6.57,-5.09,127,126,-1,-20.0,-20.0,-7.7,-12.4,-0.10,-0.05,0.15,0.00,0.00,0.00,-8.46,0.05,99,-1,0,-3,-5.9,0.06,0.292,0.352,-0.58,0,26,0,142.7,355.2,186.2,127.4,0.00,0,-9.3,13.5
31.20,land,351.57,-1.57,0.296,1,819.1,445.0,138.8,60.0,-6.24,-5.17,127,124,-1,-20.0,-20.0,-8.9,-13.7,-0.10,-0.07,0.20,0.00,0.00,0.00,-8.31,-0.16,99,-1,0,-3,-5.1,0.05,0.296,0.365,-0.64,0,26,0,144.9,352.4,190.8,125.3,0.00,0,-9.4,12.1
31.30,land,351.50,-1.50,0.300,1,819.1,445.0,139.4,60.5,-6.24,-5.17,127,124,-1,-20.0,-19.4,-9.9,-14.8,-0.10,-0.07,0.25,0.00,0.00,0.00,-8.09,-0.44,99,-1,0,-3,-5.1,0.04,0.300,0.367,-0.70,0,26,0,144.9,352.4,190.8,125.3,0.00,0,-9.4,12.1
31.40,land,351.44,-1.44,0.301,1,818.5,444.4,140.0,61.1,-5.87,-5.28,127,124,-1,-20.0,-18.4,-10.9,-15.8,-0.09,-0.06,0.30,0.00,0.00,0.00,-7.86,-0.75,99,-1,0,-3,-4.1,0.02,0.301,0.359,-0.68,0,26,0,144.9,352.4,190.8,125.3,0.00,0,-8.4,10.2
31.50,land,351.37,-1.37,0.302,1,818.0,443.9,140.5,61.6,-5.43,-5.42,127,124,-1,-20.0,-17.3,-11.7,-16.5,-0.07,-0.04,0.33,0.00,0.00,0.00,-7.59,-1.11,99,-1,0,-3,-3.3,-0.00,0.302,0.347,-0.69,0,26,0,144.9,352.4,190.8,125.3,0.00,0,-7.0,8.0
31.60,land,351.30,-1.30,0.305,1,817.0,442.8,141.0,62.1,-4.50,-5.66,127,123,-1,-20.0,-16.1,-12.3,-17.0,-0.06,-0.02,0.35,0.00,0.00,0.00,-7.31,-1.47,99,-1,0,-3,-2.2,-0.01,0.305,0.334,-0.70,0,26,0,145.8,351.0,193.1,124.7,0.00,0,-3.5,3.3
31.70,land,351.23,-1.23,0.307,1,817.0,442.8,141.5,62.7,-4.50,-5.66,127,123,-1,-20.0,-14.7,-12.6,-17.2,-0.04,0.01,0.36,0.00,0.00,0.00,-6.99,-1.86,99,-1,0,-3,-2.2,-0.02,0.307,0.328,-0.72,0,26,0,145.8,351.0,193.1,124.7,0.00,0,-3.5,3.3
31.80,land,351.15,-1.15,0.309,1,816.2,441.6,141.9,63.3,-3.54,-5.91,127,123,-1,-20.0,-13.4,-12.9,-17.3,-0.03,0.03,0.37,0.00,0.00,0.00,-6.67,-2.25,99,-1,0,-3,-1.8,-0.03,0.309,0.333,-0.72,0,26,0,145.8,351.0,193.1,124.7,0.00,0,-1.0,-0.3
31.90,land,351.08,-1.08,0.309,1,816.2,441.6,142.3,63.9,-3.54,-5.91,126,123,-1,-20.0,-12.0,-13.0,-17.2,-0.02,0.04,0.37,0.00,0.00,0.00,-6.36,-2.65,99,-1,0,-3,-1.8,-0.03,0.309,0.336,-0.71,0,26,0,145.8,351.0,193.1,124.7,0.00,0,-1.0,-0.3
32.00,land,351.01,-1.01,0.310,1,815.9,441.0,142.6,64.5,-3.08,-6.04,126,123,-1,-20.0,-10.5,-13.2,-17.0,-0.02,0.04,0.37,0.00,0.00,0.00,-6.06,-3.04,99,-1,0,-3,-1.7,-0.03,0.310,0.335,-0.70,0,26,0,146.5,351.5,192.8,124.2,0.00,0,-1.1,-1.6
32.10,land,350.94,-0.94,0.309,1,815.6,440.4,142.9,65.1,-2.61,-6.17,126,123,-1,-20.0,-8.9,-13.4,-16.6,-0.01,0.03,0.36,0.00,0.00,0.00,-5.76,-3.43,99,-1,0,-3,-1.9,-0.02,0.309,0.326,-0.65,0,26,0,146.5,351.5,192.8,124.2,0.00,0,-1.8,-2.9
32.20,land,350.86,-0.86,0.307,1,815.2,439.1,143.1,65.7,-1.76,-6.38,126,123,-1,-20.0,-7.4,-13.8,-16.1,-0.01,0.01,0.36,0.00,0.00,0.00,-5.49,-3.79,99,-1,0,-3,-2.6,-0.01,0.307,0.316,-0.59,0,26,0,146.5,351.5,192.8,124.2,0.00,0,-3.8,-4.8
32.30,land,350.81,-0.81,0.307,1,815.1,438.5,143.3,66.4,-1.36,-6.47,126,123,-1,-20.0,-6.0,-14.2,-15.6,-0.02,-0.01,0.36,0.00,0.00,0.00,-5.18,-4.13,99,-1,0,-3,-3.0,-0.00,0.307,0.315,-0.55,0,26,0,146.5,351.5,192.8,124.2,0.00,0,-4.4,-4.9
32.40,land,350.75,-0.75,0.308,1,815.1,438.5,143.4,67.0,-1.36,-6.47,126,122,-1,-20.0,-4.3,-14.7,-15.1,-0.03,-0.02,0.35,0.00,0.00,0.00,-4.89,-4.45,99,-1,0,-2,-3.0,0.01,0.308,0.326,-0.56,0,26,0,147.5,354.2,189.1,123.5,0.00,0,-4.4,-4.9
32.50,land,350.68,-0.68,0.309,1,814.9,437.2,143.6,67.6,-0.57,-6.56,126,122,-1,-20.0,-2.8,-15.2,-14.5,-0.04,-0.03,0.35,0.00,0.00,0.00,-4.58,-4.75,99,-1,0,-2,-3.4,0.02,0.309,0.336,-0.56,0,26,0,147.5,354.2,189.1,123.5,0.00,0,-5.1,-4.9
32.60,land,350.62,-0.62,0.310,1,814.9,437.2,143.6,68.3,-0.57,-6.56,125,122,-1,-20.0,-1.3,-15.8,-14.0,-0.05,-0.04,0.35,0.00,0.00,0.00,-4.26,-5.02,99,-1,0,-2,-3.4,0.03,0.310,0.346,-0.56,0,26,0,147.5,354.2,189.1,123.5,0.00,0,-5.1,-4.9
32.70,land,350.55,-0.55,0.310,1,814.9,436.5,143.6,69.0,-0.15,-6.59,125,122,-1,-20.0,0.2,-16.3,-13.4,-0.06,-0.04,0.36,0.00,0.00,0.00,-3.92,-5.30,99,-1,0,-2,-3.4,0.03,0.310,0.348,-0.54,0,26,0,147.5,354.2,189.1,123.5,0.00,0,-5.1,-5.2
32.80,land,350.50,-0.50,0.308,1,814.9,435.9,143.6,69.6,0.29,-6.59,125,120,-1,-20.0,2.0,-16.8,-12.7,-0.06,-0.03,0.35,0.00,0.00,0.00,-3.52,-5.58,99,-1,0,-1,-3.1,0.04,0.308,0.345,-0.48,0,26,0,148.8,357.6,184.0,122.7,0.00,0,-4.5,-6.0
32.90,land,350.44,-0.44,0.306,1,815.0,434.6,143.6,70.3,1.21,-6.59,124,120,-1,-20.0,3.8,-17.1,-11.9,-0.06,-0.02,0.35,0.00,0.00,0.00,-3.10,-5.86,99,-1,0,-1,-2.2,0.03,0.306,0.338,-0.43,0,26,0,148.8,357.6,184.0,122.7,0.00,0,-2.8,-8.3
33.00,land,350.40,-0.40,0.305,1,815.0,434.6,143.5,70.9,1.21,-6.59,124,120,-1,-20.0,5.6,-17.4,-11.0,-0.05,-0.01,0.34,0.00,0.00,0.00,-2.68,-6.14,99,-1,0,-1,-2.2,0.03,0.305,0.329,-0.37,0,26,0,148.8,357.6,184.0,122.7,0.00,0,-2.8,-8.3
33.10,land,350.35,-0.35,0.303,1,815.4,433.3,143.3,71.6,2.09,-6.53,124,120,-1,-20.0,7.3,-17.5,-10.0,-0.04,0.01,0.33,0.00,0.00,0.00,-2.27,-6.38,99,-1,0,-0,-1.2,0.03,0.303,0.321,-0.32,0,26,0,148.8,357.6,184.0,122.7,0.00,0,-1.1,-10.9
33.20,land,350.31,-0.31,0.302,1,815.6,432.6,143.1,72.2,2.48,-6.47,123,120,-1,-20.0,9.1,-17.6,-8.8,-0.04,0.01,0.31,0.00,0.00,0.00,-1.83,-6.60,99,-1,0,0,-0.9,0.03,0.302,0.322,-0.29,0,26,0,149.5,1.8,176.9,122.1,0.00,0,-1.0,-11.8
33.30,land,350.26,-0.26,0.303,1,815.6,432.6,142.9,72.9,2.48,-6.47,123,120,-1,-20.0,10.7,-17.6,-7.6,-0.03,0.02,0.30,0.00,0.00,0.00,-1.41,-6.78,99,-1,0,1,-0.9,0.03,0.303,0.323,-0.30,0,26,0,149.5,1.8,176.9,122.1,0.00,0,-1.0,-11.8
33.40,land,350.21,-0.21,0.304,1,815.9,432.0,142.6,73.5,2.86,-6.38,122,120,-1,-20.0,12.3,-17.7,-6.3,-0.03,0.02,0.29,0.00,0.00,0.00,-1.00,-6.92,99,-1,0,1,-0.4,0.03,0.304,0.322,-0.31,0,26,0,149.5,1.8,176.9,122.1,0.00,0,-0.9,-12.5
33.50,land,350.17,-0.17,0.304,1,816.2,431.3,142.3,74.2,3.21,-6.28,122,120,-1,-20.0,13.7,-17.7,-5.0,-0.03,0.02,0.28,0.00,0.00,0.00,-0.60,-7.03,99,-1,0,1,0.0,0.03,0.304,0.322,-0.30,0,26,0,149.5,1.8,176.9,122.1,0.00,0,-0.9,-13.1
33.60,land,350.12,-0.12,0.305,1,817.0,430.1,141.9,74.8,3.87,-6.00,122,120,-1,-20.0,15.0,-17.8,-3.7,-0.03,0.01,0.27,0.00,0.00,0.00,-0.19,-7.11,99,-1,0,2,1.1,0.02,0.305,0.320,-0.30,0,26,0,149.4,7.2,168.0,122.2,0.00,0,-1.1,-14.0
33.70,land,350.06,-0.06,0.305,1,817.0,430.1,141.5,75.4,3.87,-6.00,121,120,-1,-20.0,16.2,-17.9,-2.3,-0.02,0.01,0.27,0.00,0.00,0.00,0.20,-7.13,99,-1,0,2,1.1,0.02,0.305,0.318,-0.29,0,26,0,149.4,7.2,168.0,122.2,0.00,0,-1.1,-14.0
33.80,land,350.01,-0.01,0.305,1,817.8,429.0,141.1,76.0,4.48,-5.63,121,120,-1,-20.0,17.3,-18.0,-0.9,-0.02,0.01,0.27,0.00,0.00,0.00,0.62,-7.15,99,-1,0,3,2.1,0.02,0.305,0.315,-0.28,0,26,0,149.4,7.2,168.0,122.2,0.00,0,-1.3,-14.9
33.90,land,349.96,0.04,0.305,1,817.8,429.0,140.7,76.5,4.48,-5.63,120,120,-1,-20.0,18.2,-18.1,0.5,-0.02,0.00,0.27,0.00,0.00,0.00,1.02,-7.12,99,-1,0,3,2.1,0.02,0.305,0.311,-0.27,0,26,0,149.4,7.2,168.0,122.2,0.00,0,-1.3,-14.9
34.00,land,349.91,0.09,0.305,1,818.8,427.9,140.2,77.1,5.01,-5.12,120,121,-1,-20.0,18.8,-18.3,1.9,-0.01,-0.01,0.28,0.00,0.00,0.00,1.39,-7.05,99,-1,0,3,2.5,0.01,0.305,0.311,-0.26,0,26,0,148.2,13.4,158.9,123.0,0.00,0,-1.5,-15.1
34.10,land,349.86,0.14,0.305,1,819.3,427.4,139.7,77.6,5.23,-4.83,120,121,-1,-20.0,19.2,-18.5,3.4,-0.00,-0.01,0.29,0.00,0.00,0.00,1.78,-6.94,99,-1,0,3,2.6,0.02,0.305,0.311,-0.25,0,26,0,148.2,13.4,158.9,123.0,0.00,0,-1.7,-15.1
34.20,land,349.79,0.21,0.305,1,819.3,427.4,139.2,78.1,5.23,-4.83,120,121,-1,-20.0,19.6,-18.7,4.8,0.00,-0.02,0.31,0.00,0.00,0.00,2.14,-6.79,99,-1,0,4,2.6,0.02,0.305,0.313,-0.24,0,26,0,148.2,13.4,158.9,123.0,0.00,0,-1.7,-15.1
34.30,land,349.75,0.25,0.305,1,820.4,426.5,138.7,78.6,5.65,-4.17,119,121,-1,-20.0,19.9,-18.9,6.2,0.01,-0.02,0.33,0.00,0.00,0.00,2.53,-6.60,99,-1,0,4,2.7,0.02,0.305,0.318,-0.24,0,26,0,148.2,13.4,158.9,123.0,0.00,0,-1.9,-14.9
34.40,land,349.70,0.30,0.306,1,821.0,426.1,138.1,79.0,5.82,-3.80,119,123,-1,-20.0,19.7,-19.2,7.6,0.02,-0.03,0.35,0.00,0.00,0.00,2.86,-6.41,99,-1,0,4,2.7,0.02,0.306,0.326,-0.24,0,26,0,146.5,20.0,151.2,124.0,0.00,0,-2.1,-14.7
34.50,land,349.64,0.36,0.306,1,821.6,425.8,137.5,79.4,6.00,-3.41,119,123,-1,-20.0,19.5,-19.5,9.0,0.03,-0.04,0.37,0.00,0.00,0.00,3.21,-6.17,99,-1,0,4,2.7,0.03,0.306,0.334,-0.24,0,26,0,146.5,20.0,151.2,124.0,0.00,0,-2.1,-14.6
34.60,land,349.58,0.42,0.307,1,821.6,425.8,136.9,79.7,6.00,-3.41,119,123,-1,-20.0,19.2,-19.9,10.4,0.04,-0.05,0.40,0.00,0.00,0.00,3.56,-5.91,99,-1,0,4,2.7,0.03,0.307,0.343,-0.25,0,26,0,146.5,20.0,151.2,124.0,0.00,0,-2.1,-14.6
34.70,land,349.53,0.47,0.307,1,822.2,425.5,136.3,80.0,6.13,-2.98,119,123,-1,-20.0,18.8,-20.2,11.7,0.05,-0.05,0.43,0.00,0.00,0.00,3.90,-5.59,99,-1,0,4,2.9,0.03,0.307,0.345,-0.24,0,26,0,146.5,20.0,151.2,124.0,0.00,0,-1.8,-14.2
34.80,land,349.48,0.52,0.306,1,823.4,425.0,135.7,80.3,6.44,-2.00,119,125,-1,-20.0,17.9,-20.4,12.9,0.05,-0.04,0.45,0.00,0.00,0.00,4.27,-5.27,99,-1,0,4,3.9,0.01,0.306,0.342,-0.21,0,26,0,144.3,26.3,145.4,125.1,0.00,0,0.0,-12.0
34.90,land,349.44,0.56,0.305,1,823.4,425.0,135.1,80.5,6.44,-2.00,119,125,-1,-20.0,16.9,-20.6,13.9,0.05,-0.03,0.47,0.00,0.00,0.00,4.62,-4.91,99,-1,0,4,3.9,-0.00,0.305,0.336,-0.18,0,26,0,144.3,26.3,145.4,125.1,0.00,0,0.0,-12.0
35.00,land,349.40,0.60,0.305,1,824.7,424.7,134.4,80.7,6.64,-0.92,120,125,-1,-20.0,15.9,-20.6,14.7,0.05,-0.01,0.49,0.00,0.00,0.00,4.97,-4.51,99,-1,0,4,4.5,-0.01,0.305,0.328,-0.17,0,26,0,144.3,26.3,145.4,125.1,0.00,0,2.6,-9.0
35.10,land,349.37,0.63,0.305,1,825.4,424.7,133.8,80.8,6.70,-0.38,120,125,-1,-20.0,14.8,-20.5,15.4,0.05,0.01,0.50,0.00,0.00,0.00,5.31,-4.08,99,-1,0,4,4.7,-0.02,0.305,0.327,-0.16,0,26,0,144.3,26.3,145.4,125.1,0.00,0,3.3,-7.6
35.20,land,349.34,0.66,0.306,1,825.4,424.7,133.1,80.8,6.70,-0.38,120,128,-1,-20.0,13.0,-20.3,15.9,0.05,0.02,0.50,0.00,0.00,0.00,5.60,-3.70,99,-1,0,3,4.7,-0.03,0.306,0.335,-0.18,0,26,0,141.3,30.2,144.0,127.2,0.00,0,3.3,-7.6
35.30,land,349.31,0.69,0.309,1,826.1,424.7,132.4,80.8,6.72,0.13,121,128,-1,-20.0,11.2,-20.1,16.4,0.06,0.02,0.51,0.00,0.00,0.00,5.85,-3.31,99,-1,0,3,4.7,-0.04,0.309,0.344,-0.23,0,26,0,141.3,30.2,144.0,127.2,0.00,0,3.5,-6.5
35.40,land,349.28,0.72,0.311,1,827.4,424.8,131.7,80.8,6.77,1.21,121,128,-1,-20.0,9.6,-20.0,16.6,0.07,0.02,0.51,0.00,0.00,0.00,6.14,-2.92,99,-1,0,2,4.7,-0.05,0.311,0.347,-0.27,0,26,0,141.3,30.2,144.0,127.2,0.00,0,2.7,-3.3
35.50,land,349.25,0.75,0.311,1,828.1,425.0,131.1,80.7,6.72,1.74,121,128,-1,-20.0,7.9,-19.9,16.7,0.07,0.02,0.51,0.00,0.00,0.00,6.41,-2.49,99,-1,0,2,4.3,-0.05,0.311,0.344,-0.26,0,26,0,141.3,30.2,144.0,127.2,0.00,0,1.8,-1.4
35.60,land,349.23,0.77,0.311,1,828.1,425.0,130.4,80.5,6.72,1.74,122,130,-1,-20.0,5.7,-19.9,16.7,0.07,0.01,0.50,0.00,0.00,0.00,6.62,-2.10,99,-1,0,1,4.3,-0.06,0.311,0.342,-0.24,0,26,0,138.7,31.7,144.9,129.3,0.00,0,1.8,-1.4
35.70,land,349.21,0.79,0.311,1,828.8,425.2,129.7,80.3,6.72,2.26,123,130,-1,-20.0,3.7,-19.9,16.5,0.07,-0.00,0.50,0.00,0.00,0.00,6.88,-1.73,99,-1,0,1,4.0,-0.07,0.311,0.342,-0.23,0,26,0,138.7,31.7,144.9,129.3,0.00,0,0.8,0.4
35.80,land,349.20,0.80,0.309,1,830.1,425.8,129.0,80.0,6.68,3.35,123,130,-1,-20.0,1.7,-20.0,16.0,0.07,-0.01,0.50,0.00,0.00,0.00,7.13,-1.30,99,-1,0,0,3.2,-0.07,0.309,0.340,-0.19,0,26,0,138.7,31.7,144.9,129.3,0.00,0,-0.4,4.9
35.90,land,349.21,0.79,0.306,1,830.1,425.8,128.4,79.7,6.68,3.35,124,130,-1,-20.0,-0.1,-20.1,15.4,0.05,-0.01,0.49,0.00,0.00,0.00,7.42,-0.91,99,-1,0,-0,3.2,-0.07,0.306,0.330,-0.11,0,26,0,138.7,31.7,144.9,129.3,0.00,0,-0.4,4.9
36.00,land,349.22,0.78,0.303,1,831.5,426.6,127.7,79.3,6.68,4.36,124,131,-1,-20.0,-2.0,-20.1,14.6,0.04,-0.01,0.47,0.00,0.00,0.00,7.70,-0.54,99,-1,0,-1,2.7,-0.08,0.303,0.321,-0.06,0,26,0,137.9,30.6,146.9,130.7,0.00,0,-0.1,8.5
36.10,land,349.24,0.76,0.303,1,832.1,427.1,127.0,78.9,6.70,4.82,125,131,-1,-20.0,-3.8,-20.1,13.6,0.03,-0.00,0.46,0.00,0.00,0.00,7.97,-0.21,99,-1,0,-1,2.0,-0.08,0.304,0.317,-0.06,0,26,0,137.9,30.6,146.9,130.7,0.00,0,-0.0,9.3
36.20,land,349.25,0.75,0.306,1,832.1,427.1,126.4,78.4,6.70,4.82,125,131,-1,-20.0,-5.3,-20.1,12.6,0.03,0.01,0.44,0.00,0.00,0.00,8.26,0.10,99,-1,0,-2,2.0,-0.07,0.306,0.321,-0.11,0,26,0,137.9,30.6,146.9,130.7,0.00,0,-0.0,9.3
36.30,land,349.26,0.74,0.308,1,833.5,428.1,125.7,77.9,6.81,5.65,125,131,-1,-20.0,-6.7,-20.0,11.5,0.03,0.01,0.42,0.00,0.00,0.00,8.53,0.36,99,-1,0,-2,0.5,-0.07,0.308,0.326,-0.15,0,26,0,137.9,30.6,146.9,130.7,0.00,0,0.3,10.7
36.40,land,349.26,0.74,0.310,1,834.2,428.7,125.0,77.4,6.88,6.04,126,131,-1,-20.0,-7.9,-19.9,10.4,0.03,0.01,0.40,0.00,0.00,0.00,8.83,0.61,99,-1,0,-2,-0.2,-0.06,0.310,0.328,-0.18,0,26,0,138.4,26.8,150.4,131.3,0.00,0,0.2,11.3
36.50,land,349.26,0.74,0.312,1,834.2,428.7,124.3,76.8,6.88,6.04,126,131,-1,-20.0,-9.1,-19.8,9.3,0.03,0.02,0.39,0.00,0.00,0.00,9.11,0.86,99,-1,0,-3,-0.2,-0.05,0.312,0.330,-0.21,0,26,0,138.4,26.8,150.4,131.3,0.00,0,0.2,11.3
36.60,land,349.27,0.73,0.313,1,834.9,429.4,123.6,76.1,6.94,6.39,126,131,-1,-20.0,-10.1,-19.7,8.2,0.03,0.01,0.37,0.00,0.00,0.00,9.38,1.06,99,-1,0,-3,-1.1,-0.03,0.313,0.329,-0.22,0,26,0,138.4,26.8,150.4,131.3,0.00,0,-0.0,11.8
36.70,land,349.27,0.73,0.314,1,836.3,430.7,122.9,75.5,7.14,7.04,126,131,-1,-20.0,-11.0,-19.7,7.0,0.03,0.01,0.36,0.00,0.00,0.00,9.65,1.24,99,-1,0,-3,-2.8,-0.02,0.314,0.328,-0.24,0,26,0,138.4,26.8,150.4,131.3,0.00,0,-0.7,12.8
36.80,land,349.26,0.74,0.315,1,837.0,431.4,122.2,74.8,7.27,7.35,126,129,-1,-20.0,-11.6,-19.7,5.8,0.02,0.00,0.35,0.00,0.00,0.00,9.93,1.44,99,-1,0,-3,-3.4,-0.00,0.315,0.324,-0.24,0,26,0,140.2,21.8,154.3,130.5,0.00,0,-1.0,13.3
36.90,land,349.26,0.74,0.316,1,837.0,431.4,121.5,74.1,7.27,7.35,126,129,-1,-20.0,-12.2,-19.8,4.6,0.01,-0.00,0.34,0.00,0.00,0.00,10.21,1.61,99,-1,0,-3,-3.4,0.01,0.316,0.322,-0.25,0,26,0,140.2,21.8,154.3,130.5,0.00,0,-1.0,13.3
37.00,land,349.26,0.74,0.317,1,838.5,433.0,120.8,73.3,7.62,7.86,126,129,-1,-20.0,-12.7,-19.8,3.4,0.01,-0.01,0.34,0.00,0.00,0.00,10.51,1.72,99,-1,0,-3,-4.1,0.02,0.317,0.322,-0.25,0,26,0,140.2,21.8,154.3,130.5,0.00,0,-1.3,13.7
37.10,land,349.25,0.75,0.317,1,838.5,433.0,120.0,72.5,7.62,7.86,126,129,-1,-20.0,-13.1,-19.9,2.2,0.00,-0.01,0.33,0.00,0.00,0.00,10.80,1.80,99,-1,0,-3,-4.1,0.02,0.317,0.323,-0.26,0,26,0,140.2,21.8,154.3,130.5,0.00,0,-1.3,13.7
37.20,land,349.24,0.76,0.318,1,840.1,434.6,119.2,71.7,8.04,8.28,126,126,-1,-20.0,-13.1,-20.1,0.9,-0.01,-0.02,0.34,0.00,0.00,0.00,11.08,1.93,99,-1,0,-3,-4.2,0.03,0.318,0.330,-0.26,0,26,0,142.8,16.4,158.9,128.8,0.00,0,-1.7,13.8
37.30,land,349.24,0.76,0.319,1,840.9,435.4,118.4,70.9,8.28,8.46,126,126,-1,-20.0,-13.2,-20.2,-0.3,-0.02,-0.03,0.34,0.00,0.00,0.00,11.37,2.00,99,-1,0,-3,-4.2,0.03,0.319,0.337,-0.26,0,26,0,142.8,16.4,158.9,128.8,0.00,0,-1.8,13.7
37.40,land,349.23,0.77,0.319,1,840.9,435.4,117.6,70.1,8.28,8.46,126,126,-1,-20.0,-13.2,-20.4,-1.5,-0.03,-0.03,0.35,0.00,0.00,0.00,11.66,2.03,99,-1,0,-2,-4.2,0.04,0.319,0.344,-0.26,0,26,0,142.8,16.4,158.9,128.8,0.00,0,-1.8,13.7
37.50,land,349.22,0.78,0.319,1,842.6,437.2,116.8,69.2,8.85,8.77,126,126,-1,-20.0,-13.1,-20.6,-2.7,-0.03,-0.03,0.36,0.00,0.00,0.00,11.96,2.02,99,-1,0,-2,-3.9,0.04,0.319,0.346,-0.24,0,26,0,142.8,16.4,158.9,128.8,0.00,0,-1.0,12.8
37.60,land,349.22,0.78,0.316,1,842.6,437.2,115.9,68.3,8.85,8.77,125,124,-1,-20.0,-12.8,-20.7,-3.8,-0.04,-0.03,0.37,0.00,0.00,0.00,12.29,2.05,99,-1,0,-2,-3.9,0.04,0.316,0.342,-0.19,0,26,0,145.1,11.2,164.2,127.1,0.00,0,-1.0,12.8
37.70,land,349.22,0.78,0.314,1,843.5,438.1,115.0,67.4,9.18,8.89,125,124,-1,-20.0,-12.4,-20.8,-4.9,-0.04,-0.02,0.38,0.00,0.00,0.00,12.62,2.02,99,-1,0,-2,-3.2,0.03,0.314,0.338,-0.13,0,26,0,145.1,11.2,164.2,127.1,0.00,0,-0.2,12.0
37.80,land,349.23,0.77,0.312,1,845.5,439.9,114.0,66.5,9.89,9.07,125,124,-1,-20.0,-12.1,-20.8,-5.9,-0.05,-0.00,0.38,0.00,0.00,0.00,12.97,1.95,99,-1,0,-1,-1.5,0.02,0.312,0.331,-0.08,0,26,0,145.1,11.2,164.2,127.1,0.00,0,1.5,10.0
37.90,land,349.24,0.76,0.309,1,845.5,439.9,113.0,65.6,9.89,9.07,125,124,-1,-20.0,-11.7,-20.6,-6.8,-0.05,0.01,0.38,0.00,0.00,0.00,13.29,1.84,99,-1,0,-1,-1.5,0.00,0.309,0.333,-0.04,0,26,0,145.1,11.2,164.2,127.1,0.00,0,1.5,10.0
38.00,land,349.25,0.75,0.308,1,847.5,441.7,112.0,64.7,10.59,9.14,124,123,-1,-20.0,-11.2,-20.5,-7.6,-0.05,0.02,0.39,0.00,0.00,0.00,13.60,1.72,99,-1,0,-1,-0.3,-0.01,0.308,0.337,-0.02,0,26,0,146.1,6.7,170.2,126.3,0.00,0,2.0,8.3
38.10,land,349.26,0.74,0.310,1,847.5,441.7,111.0,63.8,10.59,9.14,124,123,-1,-20.0,-10.7,-20.3,-8.4,-0.06,0.02,0.39,0.00,0.00,0.00,13.90,1.57,99,-1,0,-1,-0.3,-0.02,0.310,0.342,-0.04,0,26,0,146.1,6.7,170.2,126.3,0.00,0,2.0,8.3
38.20,land,349.27,0.73,0.310,1,849.7,443.5,109.9,62.9,11.29,9.11,124,123,-1,-20.0,-10.1,-20.2,-9.1,-0.06,0.02,0.39,0.00,0.00,0.00,14.19,1.39,99,-1,0,-1,0.3,-0.02,0.310,0.339,-0.04,0,26,0,146.1,6.7,170.2,126.3,0.00,0,1.1,5.6
38.30,land,349.27,0.73,0.307,1,850.9,444.4,108.8,62.0,11.69,9.07,124,123,-1,-20.0,-9.5,-20.1,-9.6,-0.05,0.01,0.40,0.00,0.00,0.00,14.46,1.17,99,-1,0,-1,0.5,-0.02,0.307,0.331,0.00,0,26,0,146.1,6.7,170.2,126.3,0.00,0,0.5,4.1
38.40,land,349.28,0.72,0.305,1,850.9,444.4,107.6,61.1,11.69,9.07,124,123,-1,-20.0,-8.8,-20.1,-10.0,-0.04,0.00,0.40,0.00,0.00,0.00,14.77,0.93,99,-1,0,-1,0.5,-0.03,0.305,0.322,0.04,0,26,0,146.1,4.0,174.1,126.3,0.00,0,0.5,4.1
38.50,land,349.29,0.71,0.304,1,852.1,445.3,106.4,60.2,12.04,9.03,124,123,-1,-20.0,-8.1,-20.1,-10.3,-0.03,-0.00,0.41,0.00,0.00,0.00,15.04,0.69,99,-1,0,-1,0.6,-0.03,0.305,0.319,0.06,0,26,0,146.1,4.0,174.1,126.3,0.00,0,-0.0,2.6
38.60,land,349.30,0.70,0.306,1,854.6,447.1,105.2,59.3,12.74,8.93,124,123,-1,-20.0,-7.5,-20.1,-10.4,-0.03,-0.00,0.41,0.00,0.00,0.00,15.30,0.45,99,-1,0,-1,0.6,-0.03,0.306,0.320,0.03,0,26,0,146.1,4.0,174.1,126.3,0.00,0,-0.5,1.0
38.70,land,349.30,0.70,0.307,1,854.6,447.1,103.9,58.4,12.74,8.93,124,123,-1,-20.0,-6.8,-20.1,-10.5,-0.03,-0.01,0.41,0.00,0.00,0.00,15.56,0.21,99,-1,0,-1,0.6,-0.03,0.307,0.321,0.00,0,26,0,146.1,4.0,174.1,126.3,0.00,0,-0.5,1.0
38.80,land,349.29,0.71,0.309,1,855.9,448.0,102.6,57.5,13.10,8.89,124,123,-1,-20.0,-6.1,-20.2,-10.4,-0.02,-0.01,0.41,0.00,0.00,0.00,15.83,-0.03,99,-1,0,-1,0.0,-0.02,0.309,0.322,-0.02,0,26,0,145.9,3.7,174.6,126.5,0.00,0,0.0,0.0
38.90,land,349.28,0.72,0.310,1,858.6,449.8,101.3,56.6,13.75,8.81,124,123,-1,-20.0,-5.4,-20.3,-10.3,-0.02,-0.01,0.41,0.00,0.00,0.00,16.06,-0.24,99,-1,0,-1,-0.8,-0.01,0.310,0.323,-0.05,0,26,0,145.9,3.7,174.6,126.5,0.00,0,-0.7,-1.3
39.00,land,349.27,0.73,0.311,1,860.0,450.7,99.9,55.7,14.06,8.79,124,123,-1,-19.4,-4.7,-20.3,-10.2,-0.02,-0.02,0.41,0.00,0.00,0.00,16.33,-0.47,99,-1,0,-1,-1.2,-0.00,0.311,0.329,-0.08,0,26,0,145.9,3.7,174.6,126.5,0.00,0,-0.9,-1.7
39.10,land,349.26,0.74,0.313,1,860.0,450.7,98.5,54.8,14.06,8.79,124,123,-1,-17.7,-4.1,-20.4,-10.0,-0.02,-0.05,0.41,0.00,0.00,0.00,16.57,-0.66,99,-1,0,-1,-1.2,0.00,0.313,0.340,-0.10,0,26,0,145.9,3.7,174.6,126.5,0.00,0,-0.9,-1.7
39.20,land,349.24,0.76,0.314,1,861.4,451.5,97.1,54.0,14.39,8.77,124,123,-1,-15.9,-3.5,-20.5,-9.7,-0.02,-0.07,0.41,0.00,0.00,0.00,16.83,-0.84,99,-1,0,-1,-1.2,0.01,0.314,0.353,-0.12,0,26,0,146.3,4.5,173.3,126.2,0.00,0,-1.0,-1.8
39.30,land,349.23,0.77,0.314,1,864.4,453.3,95.6,53.1,15.07,8.77,124,123,-1,-14.1,-2.8,-20.6,-9.4,-0.02,-0.09,0.41,0.00,0.00,0.00,17.11,-1.00,99,-1,0,-1,-1.5,0.01,0.314,0.360,-0.12,0,26,0,146.3,4.5,173.3,126.2,0.00,0,0.3,-2.6
39.40,land,349.22,0.78,0.311,1,865.9,454.2,94.1,52.2,15.45,8.80,124,123,-1,-12.1,-2.1,-20.6,-9.1,-0.02,-0.10,0.41,0.00,0.00,0.00,17.40,-1.18,99,-1,0,-1,-1.5,0.01,0.311,0.359,-0.05,0,26,0,146.3,4.5,173.3,126.2,0.00,0,2.0,-2.6
39.50,land,349.23,0.77,0.306,1,865.9,454.2,92.6,51.3,15.45,8.80,124,123,-1,-10.1,-1.5,-20.3,-8.8,-0.03,-0.09,0.40,0.00,0.00,0.00,17.73,-1.34,99,-1,0,-1,-1.5,0.02,0.306,0.354,0.05,0,26,0,146.3,4.5,173.3,126.2,0.00,0,2.0,-2.6
39.60,land,349.24,0.76,0.302,1,867.5,455.1,91.0,50.4,15.82,8.83,124,122,-1,-8.0,-0.9,-19.8,-8.4,-0.03,-0.08,0.38,0.00,0.00,0.00,18.06,-1.47,99,-1,0,-0,-1.4,0.02,0.302,0.344,0.13,0,26,0,146.8,5.0,172.3,125.4,0.00,0,4.1,-2.8
39.70,land,349.26,0.74,0.301,1,870.7,456.8,89.4,49.6,16.44,8.90,124,122,-1,-6.1,-0.3,-19.1,-8.0,-0.02,-0.06,0.35,0.00,0.00,0.00,18.34,-1.56,99,-1,0,-0,-0.9,0.02,0.301,0.331,0.13,0,26,0,146.8,5.0,172.3,125.4,0.00,0,8.6,-4.7
39.80,land,349.27,0.73,0.302,1,872.4,457.7,87.8,48.7,16.70,8.93,124,122,-1,-4.2,0.2,-18.2,-7.4,-0.00,-0.04,0.32,0.00,0.00,0.00,18.62,-1.67,99,-1,0,-0,-0.7,0.01,0.302,0.318,0.11,0,26,0,146.8,5.0,172.3,125.4,0.00,0,10.3,-5.3
39.90,land,349.28,0.72,0.303,1,872.4,457.7,86.1,47.8,16.70,8.93,123,122,-1,-2.3,0.7,-17.1,-6.8,0.00,-0.03,0.28,0.00,0.00,0.00,18.86,-1.74,99,-1,0,-0,-0.7,0.01,0.303,0.315,0.09,0,26,0,146.8,5.0,172.3,125.4,0.00,0,10.3,-5.3
40.00,land,349.29,0.71,0.303,1,874.1,458.6,84.4,46.9,16.94,8.95,123,122,-1,-0.6,1.2,-16.0,-6.2,0.00,-0.02,0.24,0.00,0.00,0.00,19.08,-1.81,99,-1,0,0,-0.5,0.01,0.303,0.313,0.08,0,26,0,146.8,4.5,173.2,124.6,0.00,0,11.1,-5.3
40.10,land,349.30,0.70,0.303,1,875.8,459.5,82.7,46.0,17.16,8.96,123,122,-1,1.2,1.6,-14.8,-5.7,0.00,-0.02,0.19,0.00,0.00,0.00,19.27,-1.88,99,-1,0,0,-0.4,0.01,0.303,0.311,0.08,0,26,0,146.8,4.5,173.2,124.6,0.00,0,11.9,-5.2
40.20,land,349.31,0.69,0.302,1,877.5,460.4,81.0,45.1,17.34,8.99,123,122,-1,2.8,1.9,-13.5,-5.1,0.00,-0.01,0.15,0.00,0.00,0.00,19.43,-1.93,99,-1,0,0,-0.3,0.01,0.302,0.309,0.09,0,26,0,146.8,4.5,173.2,124.6,0.00,0,12.3,-5.1
40.30,land,349.33,0.67,0.301,1,879.3,461.3,79.2,44.2,17.49,8.98,123,122,-1,4.4,2.3,-12.3,-4.6,0.00,-0.01,0.10,0.00,0.00,0.00,19.56,-1.98,99,-1,0,0,-0.2,0.01,0.301,0.308,0.11,0,26,0,146.8,4.5,173.2,124.6,0.00,0,12.5,-5.0
40.40,land,349.34,0.66,0.120,1,881.0,462.2,77.5,43.3,17.60,8.96,123,122,-1,5.8,2.7,-11.0,-4.1,0.01,-0.01,0.06,0.00,0.00,0.00,19.65,-2.03,99,-1,0,0,-0.1,0.01,0.120,0.127,0.15,0,26,0,146.6,3.3,175.1,124.0,0.00,0,12.5,-4.9
40.50,land,349.36,0.64,0.120,1,884.6,464.0,75.7,42.4,17.69,8.91,123,122,-1,7.2,3.0,-9.8,-3.6,0.01,-0.01,0.01,0.00,0.00,0.00,19.71,-2.08,99,-1,0,1,0.0,0.01,0.120,0.128,0.18,0,26,0,146.6,3.3,175.1,124.0,0.00,0,12.3,-4.8
40.60,land,349.33,0.67,0.120,1,886.3,464.9,73.9,41.5,17.58,8.83,123,122,-1,8.0,3.2,-8.5,-3.1,0.01,-0.01,0.00,0.00,0.00,0.00,19.70,-2.08,99,-1,0,1,0.1,0.01,0.120,0.128,-0.10,0,26,0,146.6,3.3,175.1,124.0,0.00,0,12.2,-4.7
40.70,land,349.22,0.78,0.120,1,886.3,464.9,72.2,40.6,17.58,8.83,123,122,-1,8.0,3.3,-7.3,-2.6,0.01,-0.00,0.00,0.00,0.00,0.00,19.56,-2.07,99,-1,0,1,0.1,0.01,0.120,0.125,-0.90,0,26,0,146.6,3.3,175.1,124.0,0.00,0,12.2,-4.7
40.80,land,349.03,0.97,0.120,1,889.8,466.6,70.4,39.7,17.34,8.69,123,123,-1,8.0,3.4,-6.1,-2.2,0.01,0.00,0.00,0.00,0.00,0.00,19.44,-2.06,99,-1,0,1,0.2,0.01,0.120,0.127,-1.70,0,26,0,146.4,1.9,177.1,123.8,0.00,0,11.9,-4.6
40.90,land,348.75,1.25,0.120,1,891.5,467.5,68.7,38.9,17.20,8.62,123,123,-1,8.0,3.5,-4.9,-1.7,0.01,0.01,0.00,0.00,0.00,0.00,19.28,-2.05,99,-1,0,1,0.3,0.01,0.120,0.131,-2.50,0,26,0,146.4,1.9,177.1,123.8,0.00,0,11.8,-4.5
41.00,land,348.40,1.60,0.120,1,891.5,467.5,67.0,38.0,17.20,8.62,123,123,-1,8.0,3.6,-3.8,-1.2,0.02,0.02,0.00,0.00,0.00,0.00,19.14,-2.03,99,-1,0,1,0.3,0.01,0.120,0.135,-3.28,0,26,0,146.4,1.9,177.1,123.8,0.00,0,11.8,-4.5
41.10,land,347.97,2.03,0.120,1,893.2,468.3,65.3,37.2,17.07,8.56,123,123,-1,8.0,3.7,-2.6,-0.8,0.02,0.03,0.00,0.00,0.00,0.00,18.99,-2.01,99,-1,0,1,0.4,0.01,0.120,0.139,-4.06,0,26,0,146.4,1.9,177.1,123.8,0.00,0,11.6,-4.5
41.20,land,347.47,2.53,0.120,1,896.6,470.0,63.6,36.3,16.81,8.40,123,123,-1,8.0,3.8,-1.5,-0.4,0.01,0.03,0.00,0.00,0.00,0.00,18.84,-2.01,99,-1,0,1,0.5,0.00,0.120,0.139,-4.80,0,26,0,146.2,0.6,179.1,123.8,0.00,0,10.6,-3.6
41.30,land,346.90,3.10,0.120,1,898.3,470.9,61.9,35.5,16.63,8.34,123,123,-1,8.0,3.9,-0.5,-0.1,0.01,0.03,0.00,0.00,0.00,0.00,18.68,-2.01,99,-1,0,1,0.5,0.00,0.120,0.135,-5.49,0,26,0,146.2,0.6,179.1,123.8,0.00,0,9.8,-3.0
41.40,land,346.26,3.74,0.120,1,898.3,470.9,60.2,34.6,16.63,8.34,123,123,-1,8.0,3.9,0.5,0.2,0.00,0.03,0.00,0.00,0.00,0.00,18.50,-1.98,99,-1,0,1,0.5,0.00,0.120,0.131,-6.17,0,26,0,146.2,0.6,179.1,123.8,0.00,0,9.8,-3.0
41.50,land,345.55,4.45,0.120,1,899.9,471.7,58.6,33.8,16.50,8.26,123,123,-1,8.0,4.0,1.4,0.4,-0.01,0.03,0.00,0.00,0.00,0.00,18.35,-1.98,99,-1,0,1,0.5,0.00,0.120,0.134,-6.85,0,26,0,146.2,0.6,179.1,123.8,0.00,0,9.1,-2.3
41.60,land,344.77,5.23,0.120,1,901.6,472.5,56.9,33.0,16.35,8.18,123,123,-1,8.0,4.1,2.3,0.6,-0.01,0.03,0.00,0.00,0.00,0.00,18.18,-1.97,99,-1,0,1,0.6,-0.00,0.120,0.136,-7.55,0,26,0,146.0,359.1,181.3,124.1,0.00,0,8.6,-1.9
41.70,land,343.92,6.08,0.120,1,904.8,474.1,55.3,32.2,16.02,8.03,123,123,-1,8.0,4.1,3.1,0.9,-0.00,0.03,0.00,0.00,0.00,0.00,18.00,-1.97,99,-1,0,1,0.6,-0.00,0.120,0.134,-8.26,0,26,0,146.0,359.1,181.3,124.1,0.00,0,7.6,-2.7
41.80,land,343.01,6.99,0.120,1,904.8,474.1,53.7,31.4,16.02,8.03,123,123,-1,8.0,4.2,3.8,1.2,0.01,0.03,0.00,0.00,0.00,0.00,17.81,-1.95,99,-1,0,0,0.6,-0.00,0.120,0.133,-8.92,0,26,0,146.0,359.1,181.3,124.1,0.00,0,7.6,-2.7
41.90,land,342.03,7.97,0.120,1,906.4,474.9,52.1,30.6,15.84,7.94,123,123,-1,8.0,4.2,4.5,1.5,0.02,0.02,0.00,0.00,0.00,0.00,17.62,-1.93,99,-1,0,0,0.6,-0.00,0.120,0.135,-9.57,0,26,0,146.0,359.1,181.3,124.1,0.00,0,7.0,-3.2
42.00,land,340.98,9.02,0.120,1,909.5,476.5,50.5,29.8,15.53,7.79,123,123,-1,8.0,4.3,5.2,1.8,0.02,0.02,0.00,0.00,0.00,0.00,17.47,-1.93,99,-1,0,0,0.6,-0.00,0.120,0.138,-10.24,0,26,0,145.8,358.3,182.4,124.4,0.00,0,6.2,-3.2
42.10,land,339.86,10.14,0.120,1,909.5,476.5,49.0,29.0,15.53,7.79,123,123,-1,8.0,4.4,5.8,2.2,0.02,0.02,0.00,0.00,0.00,0.00,17.27,-1.92,99,-1,0,0,0.6,-0.01,0.120,0.136,-10.93,0,26,0,145.8,358.3,182.4,124.4,0.00,0,6.2,-3.2
42.20,land,338.68,11.32,0.120,1,911.1,477.3,47.4,28.2,15.36,7.72,123,123,-1,8.0,4.4,6.3,2.4,0.01,0.02,0.00,0.00,0.00,0.00,17.09,-1.90,99,-1,0,0,0.7,-0.01,0.120,0.131,-11.57,0,26,0,145.8,358.3,182.4,124.4,0.00,0,5.5,-2.6
42.30,land,337.44,12.56,0.120,1,914.1,478.8,45.9,27.4,15.01,7.56,123,123,-1,8.0,4.4,6.8,2.6,0.00,0.01,0.00,0.00,0.00,0.00,16.89,-1.89,99,-1,0,0,0.7,-0.01,0.120,0.126,-12.20,0,26,0,145.8,358.3,182.4,124.4,0.00,0,4.3,-1.6
42.40,land,336.13,13.87,0.120,1,914.1,478.8,44.4,26.7,15.01,7.56,123,123,-1,8.0,4.5,7.2,2.8,0.00,0.01,0.00,0.00,0.00,0.00,16.70,-1.87,99,-1,0,0,0.7,-0.01,0.120,0.125,-12.85,0,26,0,145.6,357.8,183.1,124.7,0.00,0,4.3,-1.6
42.50,land,334.76,15.24,0.120,1,915.6,479.6,42.9,25.9,14.83,7.48,123,123,-1,8.0,4.5,7.6,3.0,0.00,0.01,0.00,0.00,0.00,0.00,16.51,-1.86,99,-1,0,0,0.7,-0.01,0.120,0.126,-13.54,0,26,0,145.6,357.8,183.1,124.7,0.00,0,4.3,-1.6
42.60,land,333.31,16.69,0.120,1,917.1,480.3,41.4,25.2,14.66,7.40,123,123,-1,8.0,4.5,8.0,3.1,0.00,0.02,0.00,0.00,0.00,0.00,16.32,-1.84,99,-1,0,0,0.7,-0.01,0.120,0.128,-14.23,0,26,0,145.6,357.8,183.1,124.7,0.00,0,4.3,-1.6
42.70,land,331.80,18.20,0.120,1,919.9,481.8,40.0,24.5,14.30,7.26,123,123,-1,8.0,4.6,8.4,3.3,0.00,0.02,0.00,0.00,0.00,0.00,16.13,-1.82,99,-1,0,0,0.7,-0.01,0.120,0.130,-14.91,0,26,0,145.6,357.8,183.1,124.7,0.00,0,4.1,-1.5
42.80,land,330.22,19.78,0.120,1,919.9,481.8,38.6,23.7,14.30,7.26,123,124,-1,8.0,4.6,8.8,3.5,0.00,0.02,0.00,0.00,0.00,0.00,15.94,-1.80,99,-1,0,-0,0.7,-0.01,0.120,0.131,-15.59,0,26,0,145.4,357.3,183.9,125.1,0.00,0,4.1,-1.5
42.90,land,328.57,21.43,0.120,1,922.8,483.2,37.1,23.0,13.95,7.11,123,124,-1,8.0,4.6,9.2,3.6,0.00,0.03,0.00,0.00,0.00,0.00,15.74,-1.79,99,-1,0,-0,0.7,-0.02,0.120,0.133,-16.26,0,26,0,145.4,357.3,183.9,125.1,0.00,0,3.9,-1.4
43.00,land,326.86,23.14,0.120,1,924.1,483.9,35.7,22.3,13.78,7.02,123,124,-1,8.0,4.6,9.6,3.8,0.01,0.03,0.01,0.00,0.00,0.00,15.56,-1.76,99,-1,0,-0,0.7,-0.02,0.120,0.134,-16.92,0,26,0,145.4,357.3,183.9,125.1,0.00,0,3.9,-1.4
43.10,land,325.08,24.92,0.120,1,925.5,484.6,34.4,21.6,13.60,6.95,124,124,-1,8.0,4.7,10.0,3.9,0.01,0.03,0.02,0.00,0.00,0.00,15.36,-1.75,99,-1,0,-0,0.7,-0.02,0.120,0.136,-17.58,0,26,0,145.4,357.3,183.9,125.1,0.00,0,3.6,-1.2
43.20,land,323.24,26.76,0.120,1,925.5,484.6,33.0,20.9,13.60,6.95,124,124,-1,8.0,4.7,10.4,4.1,0.00,0.03,0.04,0.00,0.00,0.00,15.18,-1.73,99,-1,0,-0,0.7,-0.02,0.120,0.133,-18.20,0,26,0,145.2,356.8,184.6,125.5,0.00,0,3.6,-1.2
43.30,land,321.34,28.66,0.120,1,926.8,485.3,31.7,20.2,13.43,6.87,124,124,-1,8.0,4.7,10.6,4.1,-0.01,0.02,0.05,0.00,0.00,0.00,14.98,-1.72,99,-1,0,-0,0.6,-0.02,0.120,0.132,-18.78,0,26,0,145.2,356.8,184.6,125.5,0.00,0,2.9,-0.6
43.40,land,319.39,30.61,0.120,1,929.5,486.6,30.3,19.5,13.03,6.71,124,124,-1,8.0,4.7,10.8,4.1,-0.01,0.02,0.05,0.00,0.00,0.00,14.75,-1.68,99,-1,0,-0,0.5,-0.02,0.120,0.131,-19.38,0,26,0,145.2,356.8,184.6,125.5,0.00,0,2.1,-0.2
43.50,land,317.37,32.63,0.120,1,929.5,486.6,29.0,18.9,13.03,6.71,124,124,-1,8.0,4.7,11.0,4.2,-0.01,0.02,0.06,0.00,0.00,0.00,14.56,-1.65,99,-1,0,-0,0.5,-0.02,0.120,0.131,-20.02,0,26,0,145.2,356.8,184.6,125.5,0.00,0,2.1,-0.2
43.60,land,315.29,34.71,0.120,1,930.8,487.3,27.7,18.2,12.85,6.62,124,124,-1,8.0,4.8,11.2,4.2,-0.01,0.02,0.06,0.00,0.00,0.00,14.37,-1.64,99,-1,0,-0,0.4,-0.02,0.120,0.131,-20.65,0,26,0,145.0,356.2,185.4,125.7,0.00,0,1.8,-0.1
43.70,land,313.14,36.86,0.120,1,932.0,488.0,26.5,17.5,12.63,6.51,124,124,-1,8.0,4.8,11.4,4.2,-0.01,0.02,0.07,0.00,0.00,0.00,14.12,-1.63,99,-1,0,-1,0.4,-0.02,0.120,0.131,-21.28,0,26,0,145.0,356.2,185.4,125.7,0.00,0,1.7,-0.1
43.80,land,310.93,39.07,0.120,1,933.3,488.6,25.2,16.9,12.44,6.43,124,124,-1,8.0,4.8,11.5,4.2,-0.01,0.01,0.07,0.00,0.00,0.00,13.91,-1.60,99,-1,0,-1,0.4,-0.02,0.120,0.131,-21.90,0,26,0,145.0,356.2,185.4,125.7,0.00,0,1.4,-0.1
43.90,land,308.67,41.33,0.120,1,935.7,489.9,24.0,16.3,12.02,6.23,124,124,-1,8.0,4.8,11.6,4.3,-0.01,0.01,0.08,0.00,0.00,0.00,13.69,-1.57,99,-1,0,-1,0.4,-0.02,0.120,0.130,-22.51,0,26,0,145.0,356.2,185.4,125.7,0.00,0,1.1,-0.1
44.00,land,306.34,43.66,0.120,1,936.9,490.5,22.8,15.6,11.80,6.12,124,124,-1,8.1,4.8,11.7,4.3,-0.01,0.01,0.08,0.00,0.00,0.00,13.45,-1.55,99,-1,0,-1,0.3,-0.02,0.120,0.130,-23.13,0,26,0,144.8,355.9,185.8,126.0,0.00,0,0.8,-0.1
44.10,land,303.95,46.05,0.120,1,938.1,491.1,21.6,15.0,11.58,6.02,124,124,-1,8.1,4.8,11.8,4.3,-0.01,0.01,0.09,0.00,0.00,0.00,13.20,-1.53,99,-1,0,-1,0.5,-0.02,0.120,0.130,-23.73,0,26,0,144.8,355.9,185.8,126.0,0.00,0,0.9,-0.1
44.20,land,301.50,48.50,0.120,1,938.1,491.1,20.4,14.4,11.58,6.02,124,124,-1,8.2,4.8,11.9,4.3,-0.01,0.01,0.09,0.00,0.00,0.00,12.96,-1.50,98,-1,0,-1,0.5,-0.02,0.120,0.129,-24.33,0,26,0,144.8,355.9,185.8,126.0,0.00,0,0.9,-0.1
44.30,land,298.99,51.01,0.120,1,940.3,492.3,19.3,13.8,11.16,5.81,124,124,-1,8.2,4.9,12.0,4.3,-0.01,0.01,0.09,0.00,0.00,0.00,12.74,-1.48,98,-1,0,-1,0.0,-0.03,0.120,0.129,-24.92,0,26,0,144.8,355.9,185.8,126.0,0.00,0,0.0,0.0
44.40,land,296.43,53.57,0.120,1,941.4,492.8,18.2,13.2,10.96,5.70,124,124,-1,8.2,4.9,12.0,4.3,-0.01,0.01,0.09,0.00,0.00,0.00,12.50,-1.45,98,-1,0,-1,0.4,-0.02,0.120,0.128,-25.50,0,26,0,144.7,355.7,186.1,126.2,0.00,0,0.4,-0.0
44.50,land,293.81,56.19,0.120,1,942.5,493.4,17.1,12.7,10.74,5.59,124,124,-1,8.3,4.9,12.1,4.4,-0.01,0.01,0.09,0.00,0.00,0.00,12.27,-1.44,98,-1,0,-1,0.7,-0.02,0.120,0.128,-26.08,0,26,0,144.7,355.7,186.1,126.2,0.00,0,0.5,-0.0
44.60,land,291.13,58.87,0.120,1,942.5,493.4,16.0,12.1,10.74,5.59,124,124,-1,8.3,4.9,12.1,4.4,-0.01,0.01,0.09,0.00,0.00,0.00,12.03,-1.42,98,-1,0,-1,0.7,-0.03,0.120,0.128,-26.65,0,26,0,144.7,355.7,186.1,126.2,0.00,0,0.5,-0.0
44.70,land,288.39,61.61,0.120,1,944.6,494.5,14.9,11.6,10.35,5.38,124,124,-1,8.4,4.9,12.1,4.4,-0.01,0.00,0.10,0.00,0.00,0.00,11.79,-1.39,98,-1,0,-1,1.0,-0.02,0.120,0.127,-27.22,0,26,0,144.7,355.7,186.1,126.2,0.00,0,0.3,-0.0
44.80,land,285.60,64.40,0.120,1,944.6,494.5,13.9,11.0,10.35,5.38,124,124,-1,8.4,5.0,12.1,4.4,-0.01,0.00,0.10,0.00,0.00,0.00,11.58,-1.39,98,-1,0,-1,1.0,-0.04,0.120,0.127,-27.78,0,26,0,144.5,355.6,186.1,126.3,0.00,0,0.3,-0.0
44.90,land,282.75,67.25,0.120,1,946.6,495.5,12.9,10.5,9.95,5.17,124,124,-1,8.4,5.0,12.1,4.4,-0.01,0.00,0.10,0.00,0.00,0.00,11.34,-1.35,98,-1,0,-1,0.9,-0.02,0.120,0.126,-28.33,0,26,0,144.5,355.6,186.1,126.3,0.00,0,-0.1,0.0
45.00,land,279.85,70.15,0.120,1,946.6,495.5,11.9,10.0,9.95,5.17,124,124,-1,8.5,5.1,12.1,4.4,-0.02,-0.00,0.10,0.00,0.00,0.00,11.14,-1.35,98,-1,0,-1,0.9,-0.04,0.120,0.127,-28.88,0,26,0,144.5,355.6,186.1,126.3,0.00,0,-0.1,0.0
45.10,land,276.89,73.11,0.120,1,948.6,496.5,10.9,9.5,9.56,4.98,124,124,-1,8.5,5.0,12.1,4.4,-0.02,-0.00,0.09,0.00,0.00,0.00,10.90,-1.32,98,-1,0,-1,0.0,-0.02,0.120,0.127,-29.42,0,26,0,144.5,355.6,186.1,126.3,0.00,0,0.0,0.0
45.20,land,273.13,76.87,0.120,1,949.5,497.0,9.9,9.0,9.38,4.88,124,125,-1,8.6,5.1,12.1,4.4,-0.02,-0.00,0.09,0.00,0.00,0.00,10.70,-1.31,98,-1,0,-1,0.3,-0.02,0.120,0.128,-29.95,0,26,0,144.3,355.6,186.1,126.5,0.00,0,-0.2,0.0
45.30,land,270.83,79.17,0.120,1,949.5,497.0,9.0,8.5,9.38,4.88,125,125,-1,8.6,5.1,12.0,4.4,-0.02,-0.01,0.09,0.00,0.00,0.00,10.49,-1.30,98,-1,0,-1,0.3,-0.03,0.120,0.129,-30.48,0,26,0,144.3,355.6,186.1,126.5,0.00,0,-0.2,0.0
45.40,land,267.71,82.29,0.120,1,950.4,497.5,8.1,8.0,9.21,4.78,125,125,-1,8.6,5.2,12.0,4.4,-0.02,-0.01,0.09,0.00,0.00,0.00,10.29,-1.29,98,-1,0,-1,0.5,-0.03,0.120,0.130,-31.00,0,26,0,144.3,355.6,186.1,126.5,0.00,0,-0.5,0.0
45.50,land,264.55,85.45,0.120,1,951.3,498.0,7.2,7.5,9.03,4.69,125,125,-1,8.7,5.2,11.9,4.4,-0.02,-0.01,0.09,0.00,0.00,0.00,10.10,-1.27,98,-1,0,-1,0.3,-0.03,0.120,0.130,-31.51,0,26,0,144.3,355.6,186.1,126.5,0.00,0,-0.4,0.0
45.60,land,261.33,88.67,0.120,1,952.2,498.5,6.3,7.0,8.85,4.60,125,125,-1,8.7,5.2,11.9,4.4,-0.02,-0.01,0.09,0.00,0.00,0.00,9.90,-1.25,98,-1,0,-1,0.4,-0.04,0.120,0.131,-32.02,0,26,0,144.2,355.8,185.9,126.7,0.00,0,-0.7,0.0
45.70,land,258.07,91.93,0.120,1,954.0,499.4,5.4,6.6,8.53,4.43,125,125,-1,8.8,5.2,11.8,4.4,-0.02,-0.01,0.09,0.00,0.00,0.00,9.71,-1.23,98,-1,0,-1,0.5,-0.04,0.120,0.132,-32.53,0,26,0,144.2,355.8,185.9,126.7,0.00,0,-1.0,0.0
45.80,land,254.76,95.24,0.120,1,954.8,499.8,4.5,6.1,8.37,4.34,125,125,-1,8.8,5.3,11.7,4.5,-0.02,-0.01,0.08,0.00,0.00,0.00,9.53,-1.22,98,-1,0,-1,0.5,-0.04,0.120,0.133,-33.02,0,26,0,144.2,355.8,185.9,126.7,0.00,0,-1.0,0.0
45.90,land,251.39,98.61,0.120,1,954.8,499.8,3.7,5.7,8.37,4.34,125,125,-1,8.8,5.4,11.7,4.5,-0.02,-0.02,0.08,0.00,0.00,0.00,9.35,-1.21,98,-1,0,-1,0.5,-0.04,0.120,0.134,-33.52,0,26,0,144.2,355.8,185.9,126.7,0.00,0,-1.0,0.0
46.00,land,247.98,102.02,0.120,1,955.6,500.2,2.9,5.3,8.20,4.25,125,125,-1,8.9,5.4,11.6,4.5,-0.02,-0.02,0.08,0.00,0.00,0.00,9.16,-1.19,98,-1,0,-1,0.1,-0.03,0.120,0.135,-34.00,0,26,0,144.0,356.0,185.6,126.8,0.00,0,-0.3,0.0
46.10,land,244.52,105.48,0.120,1,956.4,500.6,2.1,4.9,8.06,4.16,125,125,-1,8.9,5.5,11.5,4.5,-0.01,-0.01,0.08,0.00,0.00,0.00,9.00,-1.19,98,-1,0,-2,0.4,-0.04,0.120,0.131,-34.46,0,26,0,144.0,356.0,185.6,126.8,0.00,0,-0.7,-0.3
46.20,land,240.14,109.86,0.120,1,958.0,501.4,1.3,4.5,7.76,3.99,125,125,-1,9.0,5.5,11.5,4.6,-0.01,-0.01,0.08,0.00,0.00,0.00,8.80,-1.17,98,-1,0,-2,0.3,-0.04,0.120,0.125,-34.86,0,26,0,144.0,356.0,185.6,126.8,0.00,0,0.1,-1.1
46.30,land,237.48,112.52,0.120,1,958.0,501.4,0.5,4.1,7.76,3.99,125,125,-1,9.0,5.6,11.5,4.7,-0.00,-0.00,0.08,0.00,0.00,0.00,8.64,-1.17,98,-1,0,-2,0.3,-0.04,0.120,0.122,-35.28,0,26,0,144.0,356.0,185.6,126.8,0.00,0,0.1,-1.1
46.40,land,233.89,116.11,0.120,1,959.5,502.2,-0.3,3.7,7.47,3.83,125,125,-1,9.0,5.6,11.5,4.9,-0.00,-0.00,0.08,0.00,0.00,0.00,8.48,-1.15,98,-1,0,-2,0.2,-0.04,0.120,0.122,-35.75,0,26,0,143.9,356.3,185.0,126.9,0.00,0,0.0,-0.9
46.50,land,230.26,119.74,0.120,1,960.3,502.6,-1.0,3.3,7.34,3.77,125,125,-1,9.1,5.6,11.5,5.0,-0.00,-0.01,0.08,0.00,0.00,0.00,8.32,-1.15,98,-1,0,-2,0.3,-0.04,0.120,0.123,-36.21,0,26,0,143.9,356.3,185.0,126.9,0.00,0,-0.0,-1.3
46.60,land,226.58,123.42,0.120,1,960.3,502.6,-1.8,2.9,7.34,3.77,125,125,-1,9.1,5.7,11.5,5.1,-0.00,-0.01,0.09,0.00,0.00,0.00,8.17,-1.13,98,-1,0,-2,0.3,-0.04,0.120,0.123,-36.66,0,26,0,143.9,356.3,185.0,126.9,0.00,0,-0.0,-1.3
46.70,land,222.86,127.14,0.120,1,961.7,503.3,-2.5,2.5,7.10,3.61,125,125,-1,9.2,5.8,11.5,5.2,-0.00,-0.01,0.09,0.00,0.00,0.00,8.03,-1.15,98,-1,0,-2,0.3,-0.04,0.120,0.123,-37.11,0,26,0,143.9,356.3,185.0,126.9,0.00,0,-0.1,-1.3
46.80,land,219.09,130.91,0.120,1,962.4,503.7,-3.2,2.2,6.97,3.55,125,125,-1,9.2,5.8,11.5,5.3,0.00,-0.01,0.09,0.00,0.00,0.00,7.88,-1.13,98,-1,0,-2,0.3,-0.04,0.120,0.124,-37.55,0,26,0,143.8,356.8,184.4,127.0,0.00,0,-0.2,-1.2
46.90,land,215.28,134.72,0.120,1,963.1,504.0,-3.9,1.8,6.88,3.47,125,125,-1,9.2,5.9,11.5,5.5,0.00,-0.01,0.09,0.00,0.00,0.00,7.74,-1.12,98,-1,0,-2,0.2,-0.04,0.120,0.124,-37.98,0,26,0,143.8,356.8,184.4,127.0,0.00,0,-0.1,-0.8
47.00,land,211.42,138.58,0.120,1,963.1,504.0,-4.6,1.5,6.88,3.47,125,125,-1,9.3,6.0,11.5,5.6,0.00,-0.01,0.09,0.00,0.00,0.00,7.62,-1.14,98,-1,0,-2,0.2,-0.04,0.120,0.125,-38.41,0,26,0,143.8,356.8,184.4,127.0,0.00,0,-0.1,-0.8
47.10,land,207.53,142.47,0.120,1,964.4,504.7,-5.3,1.1,6.66,3.33,125,125,-1,9.3,6.0,11.5,5.7,0.00,-0.01,0.09,0.00,0.00,0.00,7.47,-1.13,98,-1,0,-2,0.3,-0.04,0.120,0.125,-38.84,0,26,0,143.8,356.8,184.4,127.0,0.00,0,-0.3,-1.4
47.20,land,202.60,147.40,0.120,1,965.1,505.0,-5.9,0.8,6.55,3.26,125,125,-1,9.4,6.2,11.4,5.8,0.00,-0.01,0.09,0.00,0.00,0.00,7.36,-1.14,98,-1,0,-2,0.3,-0.05,0.120,0.126,-39.26,0,26,0,143.7,357.3,183.6,127.1,0.00,0,-0.3,-1.4
47.30,land,199.61,150.39,0.120,1,965.1,505.0,-6.6,0.5,6.55,3.26,125,125,-1,9.4,6.2,11.4,5.9,0.00,-0.01,0.09,0.00,0.00,0.00,7.23,-1.14,98,-1,0,-2,0.3,-0.05,0.120,0.126,-39.67,0,26,0,143.7,357.3,183.6,127.1,0.00,0,-0.3,-1.4
47.40,land,195.59,154.41,0.120,1,965.7,505.4,-7.2,0.1,6.46,3.20,125,125,-1,9.5,6.3,11.4,6.1,0.00,-0.01,0.09,0.00,0.00,0.00,7.12,-1.14,98,-1,0,-2,0.3,-0.05,0.120,0.127,-40.08,0,26,0,143.7,357.3,183.6,127.1,0.00,0,-0.3,-1.3
47.50,land,191.53,158.47,0.120,1,966.4,505.7,-7.9,-0.2,6.35,3.13,126,125,-1,9.5,6.4,11.3,6.2,0.00,-0.01,0.10,0.00,0.00,0.00,6.99,-1.14,98,-1,0,-2,0.2,-0.05,0.120,0.128,-40.48,0,26,0,143.7,357.3,183.6,127.1,0.00,0,-0.2,-0.8
47.60,land,187.43,162.57,0.120,1,967.6,506.3,-8.5,-0.5,6.20,3.00,126,125,-1,9.5,6.5,11.3,6.3,0.00,-0.02,0.10,0.00,0.00,0.00,6.88,-1.15,98,-1,0,-2,0.3,-0.05,0.120,0.128,-40.87,0,26,0,143.6,357.9,182.8,127.2,0.00,0,-0.4,-1.3
47.70,land,183.29,166.71,0.120,1,967.6,506.3,-9.1,-0.8,6.20,3.00,126,125,-1,9.6,6.7,11.3,6.5,0.01,-0.02,0.10,0.00,0.00,0.00,6.78,-1.17,98,-1,0,-2,0.3,-0.05,0.120,0.128,-41.27,0,26,0,143.6,357.9,182.8,127.2,0.00,0,-0.4,-1.3
47.80,land,179.11,170.89,0.120,1,968.8,506.9,-9.7,-1.1,6.02,2.87,126,125,-1,9.6,6.8,11.2,6.6,0.01,-0.02,0.10,0.00,0.00,0.00,6.67,-1.18,98,-1,0,-2,0.3,-0.05,0.120,0.129,-41.65,0,26,0,143.6,357.9,182.8,127.2,0.00,0,-0.4,-1.2
47.90,land,174.90,175.10,0.120,1,969.4,507.2,-10.3,-1.4,5.95,2.80,126,125,-1,9.7,6.9,11.2,6.7,0.01,-0.02,0.10,0.00,0.00,0.00,6.56,-1.18,98,-1,0,-2,0.3,-0.05,0.120,0.129,-42.03,0,26,0,143.6,357.9,182.8,127.2,0.00,0,-0.4,-1.6
48.00,land,170.65,179.35,0.177,1,969.4,507.2,-10.9,-1.7,5.95,2.80,126,126,-1,9.7,7.0,11.2,6.9,0.01,-0.02,0.10,0.00,0.00,0.00,6.47,-1.21,98,-1,0,-2,0.3,-0.05,0.177,0.186,-42.40,0,26,0,143.5,358.5,182.0,127.3,0.00,0,-0.4,-1.6
48.10,land,166.36,183.64,0.243,1,970.6,507.7,-11.5,-1.9,5.82,2.68,126,126,-1,9.7,7.1,11.1,7.0,0.01,-0.02,0.10,0.00,0.00,0.00,6.38,-1.22,98,-1,0,-2,0.0,-0.05,0.243,0.253,-42.77,0,26,0,143.5,358.5,182.0,127.3,0.00,0,-0.1,-1.3
48.20,land,159.90,190.10,0.335,1,971.2,508.0,-12.1,-2.2,5.65,2.63,126,126,-1,9.8,7.3,11.1,7.2,0.01,-0.01,0.10,0.00,0.00,0.00,6.29,-1.24,98,-1,0,-3,-0.2,-0.05,0.335,0.343,-43.03,0,26,0,143.5,358.5,182.0,127.3,0.00,0,0.1,-1.3
48.30,land,157.75,192.25,0.363,1,971.2,508.0,-12.7,-2.5,5.65,2.63,126,126,-1,9.8,7.2,11.2,7.3,0.01,-0.01,0.11,0.00,0.00,0.00,6.11,-1.18,98,-1,0,-3,-0.2,-0.05,0.363,0.370,-42.99,0,26,0,143.5,358.5,182.0,127.3,0.00,0,0.1,-1.3
48.40,land,153.50,196.50,0.402,1,971.7,508.2,-13.2,-2.7,5.45,2.56,126,125,-1,9.9,7.1,11.3,7.4,0.01,0.01,0.11,0.00,0.00,0.00,5.91,-1.12,98,-1,0,-3,-0.6,-0.04,0.402,0.409,-42.62,0,26,0,143.6,359.0,181.3,127.2,0.00,0,0.8,-1.4
48.50,land,149.32,200.68,0.426,1,972.3,508.5,-13.8,-3.0,5.19,2.49,126,125,-1,9.9,6.9,11.5,7.6,0.01,0.02,0.12,0.00,0.00,0.00,5.66,-1.03,98,-1,0,-3,-0.9,-0.03,0.426,0.439,-41.94,0,26,0,143.6,359.0,181.3,127.2,0.00,0,1.8,-1.5
48.60,land,145.24,204.76,0.443,1,972.8,508.7,-14.3,-3.2,4.83,2.41,126,125,-1,10.0,6.6,11.6,7.7,0.01,0.02,0.13,0.00,0.00,0.00,5.33,-0.89,98,-1,0,-3,-1.1,-0.03,0.443,0.454,-41.09,0,26,0,143.6,359.0,181.3,127.2,0.00,0,1.6,-1.3
48.70,land,141.25,208.75,0.452,1,973.2,509.0,-14.7,-3.5,4.48,2.34,126,125,-1,10.0,6.2,11.8,7.7,0.01,0.01,0.13,0.00,0.00,0.00,5.00,-0.74,98,-1,0,-3,-0.9,-0.03,0.452,0.464,-40.09,0,26,0,143.6,359.0,181.3,127.2,0.00,0,1.0,-0.8
48.80,land,137.37,212.63,0.460,1,974.0,509.4,-15.1,-3.7,3.74,2.19,126,125,-1,10.0,5.8,11.9,7.8,0.02,0.01,0.14,0.00,0.00,0.00,4.67,-0.59,98,-1,0,-3,-1.1,-0.03,0.460,0.474,-39.06,0,26,0,144.0,359.1,181.3,126.9,0.00,0,1.1,-1.0
48.90,land,133.59,216.41,0.469,1,974.4,509.6,-15.5,-3.9,3.38,2.12,126,125,-1,10.1,5.3,12.0,7.9,0.03,0.01,0.14,0.00,0.00,0.00,4.31,-0.42,98,-1,0,-3,-0.9,-0.03,0.469,0.485,-38.04,0,26,0,144.0,359.1,181.3,126.9,0.00,0,0.7,-0.7
49.00,land,129.91,220.09,0.477,1,974.7,509.8,-15.9,-4.1,2.99,2.04,126,125,-1,10.1,4.9,12.1,7.9,0.03,0.01,0.15,0.00,0.00,0.00,3.98,-0.27,98,-1,0,-3,-0.8,-0.03,0.478,0.491,-37.00,0,26,0,144.0,359.1,181.3,126.9,0.00,0,0.2,0.1
49.10,land,126.35,223.65,0.483,1,974.9,510.0,-16.2,-4.3,2.59,1.98,126,125,-1,10.1,4.4,12.2,7.9,0.02,0.00,0.15,0.00,0.00,0.00,3.62,-0.10,98,-1,0,-3,-1.2,-0.04,0.483,0.490,-35.90,0,26,0,144.0,359.1,181.3,126.9,0.00,0,-0.1,1.3
49.20,land,122.07,227.93,0.498,1,975.2,510.2,-16.4,-4.5,2.18,1.92,126,125,-1,10.2,3.8,12.1,7.7,0.00,-0.01,0.14,0.00,0.00,0.00,3.26,0.09,98,-1,0,-2,-1.7,-0.02,0.498,0.502,-34.75,0,26,0,144.5,358.9,181.5,126.4,0.00,0,-0.6,2.2
49.30,land,119.59,230.41,0.484,1,975.4,510.4,-16.7,-4.7,1.76,1.86,126,125,-1,10.2,3.2,12.1,7.4,-0.00,-0.01,0.14,0.00,0.00,0.00,2.89,0.29,98,-1,0,-2,-1.9,-0.01,0.484,0.490,-33.53,0,26,0,144.5,358.9,181.5,126.4,0.00,0,-0.8,2.5
49.40,land,116.40,233.60,0.480,1,975.4,510.4,-16.9,-4.9,1.76,1.86,126,125,-1,10.2,2.5,12.0,7.1,-0.00,-0.01,0.13,0.00,0.00,0.00,2.51,0.49,98,-1,0,-2,-1.9,-0.01,0.480,0.487,-32.28,0,26,0,144.5,358.9,181.5,126.4,0.00,0,-0.8,2.5
49.50,land,113.34,236.66,0.476,1,975.5,510.6,-17.0,-5.1,1.36,1.77,126,125,-1,10.3,2.0,12.0,6.8,-0.00,-0.02,0.12,0.00,0.00,0.00,2.14,0.65,98,-1,0,-2,-1.9,-0.01,0.476,0.485,-31.04,0,26,0,144.5,358.9,181.5,126.4,0.00,0,-0.9,2.6
49.60,land,110.39,239.61,0.472,1,975.7,510.9,-17.1,-5.3,0.62,1.61,125,124,-1,10.3,1.4,11.9,6.5,-0.00,-0.02,0.11,0.00,0.00,0.00,1.77,0.83,98,-1,0,-2,-1.8,-0.00,0.472,0.481,-29.81,0,26,0,145.2,358.2,182.7,125.6,0.00,0,-1.3,2.9
49.70,land,107.57,242.43,0.468,1,975.7,510.9,-17.2,-5.4,0.62,1.61,125,124,-1,10.3,0.9,11.7,6.2,0.00,-0.03,0.11,0.00,0.00,0.00,1.43,0.97,98,-1,0,-2,-1.8,-0.00,0.468,0.479,-28.59,0,26,0,145.2,358.2,182.7,125.6,0.00,0,-1.3,2.9
49.80,land,104.86,245.14,0.468,1,975.7,511.2,-17.2,-5.6,-0.04,1.44,125,124,-1,10.3,0.4,11.7,5.9,0.00,-0.02,0.10,0.00,0.00,0.00,1.09,1.10,98,-1,0,-2,-1.5,-0.00,0.468,0.477,-27.43,0,26,0,145.2,358.2,182.7,125.6,0.00,0,0.1,2.7
49.90,land,102.26,247.74,0.472,1,975.7,511.2,-17.2,-5.7,-0.04,1.44,125,124,-1,10.4,-0.0,11.7,5.6,0.01,-0.00,0.10,0.00,0.00,0.00,0.79,1.21,98,-1,0,-2,-1.5,-0.00,0.472,0.476,-26.37,0,26,0,145.2,358.2,182.7,125.6,0.00,0,0.1,2.7
50.00,land,99.76,250.24,0.477,1,975.6,511.5,-17.2,-5.9,-0.64,1.24,125,123,-1,10.4,-0.4,11.9,5.3,0.01,0.01,0.10,0.00,0.00,0.00,0.50,1.30,98,-1,0,-1,-1.3,0.00,0.477,0.486,-25.32,0,26,0,145.8,357.1,184.3,125.0,0.00,0,1.6,2.6
50.10,land,97.37,252.63,0.479,1,975.6,511.5,-17.1,-6.0,-0.64,1.24,125,123,-1,10.4,-0.8,12.0,5.0,0.01,0.02,0.10,0.00,0.00,0.00,0.18,1.38,98,-1,0,-1,-1.3,0.00,0.479,0.492,-24.23,0,26,0,145.8,357.1,184.3,125.0,0.00,0,1.6,2.6
50.20,land,94.54,255.46,0.491,1,975.5,511.6,-17.0,-6.1,-0.97,1.13,124,123,-1,10.4,-1.2,12.2,4.7,0.02,0.02,0.10,0.00,0.00,0.00,-0.16,1.48,98,-1,0,-1,-1.1,0.00,0.491,0.505,-23.07,0,26,0,145.8,357.1,184.3,125.0,0.00,0,1.4,2.5
50.30,land,92.94,257.06,0.477,1,975.3,511.8,-16.9,-6.2,-1.58,0.90,124,123,-1,10.4,-1.6,12.3,4.4,0.02,0.02,0.10,0.00,0.00,0.00,-0.48,1.56,98,-1,0,-1,-0.9,0.00,0.477,0.491,-21.91,0,26,0,145.8,357.1,184.3,125.0,0.00,0,1.2,2.5
50.40,land,90.89,259.11,0.476,1,975.1,511.9,-16.8,-6.3,-1.87,0.78,124,123,-1,10.4,-1.9,12.4,4.2,0.02,0.02,0.10,0.00,0.00,0.00,-0.81,1.63,98,-1,0,-1,-0.8,0.01,0.476,0.491,-20.76,0,26,0,146.2,355.7,186.4,124.6,0.00,0,0.8,2.6
50.50,land,88.96,261.04,0.477,1,975.1,511.9,-16.6,-6.4,-1.87,0.78,124,123,-1,9.5,-2.2,12.5,3.9,0.02,0.02,0.10,0.00,0.00,0.00,-1.12,1.69,98,-1,0,-0,-0.8,0.01,0.477,0.492,-19.66,0,26,0,146.2,355.7,186.4,124.6,0.00,0,0.8,2.6
50.60,land,87.13,262.87,0.480,1,974.7,512.0,-16.4,-6.4,-2.40,0.52,124,123,-1,8.5,-2.5,12.5,3.5,0.01,0.02,0.10,0.00,0.00,0.00,-1.42,1.72,98,-1,0,-0,-0.7,0.01,0.480,0.492,-18.61,0,26,0,146.2,355.7,186.4,124.6,0.00,0,-0.6,3.7
50.70,land,85.41,264.59,0.485,1,974.7,512.0,-16.2,-6.5,-2.40,0.52,124,123,-1,7.6,-2.7,12.4,3.1,0.00,0.02,0.09,0.00,0.00,0.00,-1.71,1.75,98,-1,0,-0,-0.7,0.01,0.485,0.493,-17.56,0,26,0,146.2,355.7,186.4,124.6,0.00,0,-0.6,3.7
50.80,land,83.79,266.21,0.489,1,974.4,512.0,-15.9,-6.5,-2.66,0.37,123,123,-1,6.6,-2.9,12.3,2.7,-0.00,0.02,0.09,0.00,0.00,0.00,-2.02,1.77,98,-1,0,0,-0.6,0.01,0.489,0.499,-16.51,0,26,0,146.4,354.4,188.4,124.3,0.00,0,-1.1,4.0
50.90,land,82.29,267.71,0.491,1,974.1,512.1,-15.6,-6.6,-2.92,0.24,123,123,-1,5.5,-3.1,12.2,2.3,-0.00,0.03,0.08,0.00,0.00,0.00,-2.31,1.80,98,-1,0,0,-0.5,0.01,0.491,0.504,-15.41,0,26,0,146.4,354.4,188.4,124.3,0.00,0,-1.2,3.9
51.00,land,80.56,269.44,0.508,1,973.5,512.1,-15.3,-6.6,-3.41,-0.07,123,123,-1,4.5,-3.2,12.0,1.9,-0.00,0.04,0.07,0.00,0.00,0.00,-2.62,1.78,98,-1,0,0,-0.3,0.01,0.508,0.525,-14.33,0,26,0,146.4,354.4,188.4,124.3,0.00,0,-1.5,3.9
51.10,land,79.60,270.40,0.498,1,973.5,512.1,-15.0,-6.6,-3.41,-0.07,123,123,-1,3.5,-3.4,11.9,1.5,-0.00,0.05,0.07,0.00,0.00,0.00,-2.89,1.80,98,-1,0,0,-0.3,0.01,0.498,0.518,-13.26,0,26,0,146.4,354.4,188.4,124.3,0.00,0,-1.5,3.9
51.20,land,78.13,271.87,0.517,1,972.7,512.0,-14.6,-6.6,-3.85,-0.42,123,123,-1,2.5,-3.4,11.7,1.1,-0.01,0.04,0.06,0.00,0.00,0.00,-3.18,1.76,98,-1,0,1,0.3,0.01,0.517,0.537,-12.21,0,26,0,146.4,353.3,190.1,124.2,0.00,0,-3.0,3.8
51.30,land,77.89,272.11,0.480,1,972.8,512.1,-14.2,-6.5,-0.07,0.95,123,123,-1,1.4,-3.4,9.1,1.2,0.07,-0.32,0.00,0.00,0.00,0.00,-3.46,1.73,98,-1,0,1,4.2,0.01,0.480,0.637,-11.16,0,26,0,146.4,353.3,190.1,124.2,0.00,0,-41.0,-6.7
51.40,land,77.87,272.13,0.120,1,972.8,512.1,-14.3,-6.6,-0.07,0.95,123,123,-1,7.4,-0.8,5.0,2.0,0.14,-0.66,0.00,0.00,0.00,0.00,0.45,0.84,98,-1,1,1,4.2,-0.07,0.120,0.240,-0.42,0,26,0,146.4,353.3,190.1,124.2,0.00,0,-41.0,-6.7
51.50,land,77.92,272.08,0.120,1,972.7,512.2,-14.2,-6.7,-0.33,0.83,123,123,-1,10.5,-1.0,1.3,2.6,0.14,-0.67,0.00,0.00,0.00,0.00,0.17,0.88,98,-1,1,1,3.7,-0.06,0.120,0.240,0.46,0,26,0,146.4,353.3,190.1,124.2,0.00,0,-39.6,-6.6
51.60,land,77.97,272.03,0.120,1,972.7,512.4,-14.2,-6.8,-0.22,1.03,123,124,-1,10.5,-1.1,-2.0,3.1,0.12,-0.62,0.00,0.00,0.00,0.00,0.20,0.92,98,-1,1,0,1.9,-0.05,0.120,0.240,0.59,0,26,0,144.9,4.5,173.6,125.0,0.00,0,-29.9,-3.3
51.70,land,77.99,272.01,0.120,1,972.7,512.5,-14.2,-6.9,-0.07,1.21,123,124,-1,10.5,-1.4,-4.9,3.4,0.09,-0.60,0.00,0.00,0.00,0.00,0.38,0.99,98,-1,1,0,1.0,-0.03,0.120,0.240,0.40,0,26,0,144.9,4.5,173.6,125.0,0.00,0,-24.9,-1.6
51.80,land,77.98,272.02,0.120,1,972.7,512.5,-14.2,-7.0,-0.07,1.21,123,124,-1,10.6,-1.6,-7.2,3.5,0.08,-0.55,0.00,0.00,0.00,0.00,0.61,1.05,98,-1,1,0,1.0,-0.02,0.120,0.240,0.08,0,26,0,144.9,4.5,173.6,125.0,0.00,0,-24.9,-1.6
51.90,land,77.92,272.08,0.120,1,972.7,512.8,-14.2,-7.2,-0.05,1.09,123,124,-1,10.6,-1.7,-8.9,3.5,0.06,-0.47,0.00,0.00,0.00,0.00,0.89,1.07,98,-1,1,0,-11.5,-0.01,0.120,0.240,-0.33,0,26,0,144.9,4.5,173.6,125.0,0.00,0,-4.4,-2.4
52.00,land,77.93,272.07,0.120,1,972.7,512.8,-14.2,-7.3,-0.05,1.09,123,123,-1,10.6,-1.4,-9.1,3.9,0.12,-0.24,0.00,0.00,0.00,0.00,0.55,0.94,98,-1,1,0,-11.5,0.24,0.120,0.241,0.29,0,26,0,146.3,10.0,165.2,123.8,0.00,0,-4.4,-2.4
52.10,land,77.90,272.10,0.120,1,972.7,512.9,-14.2,-7.4,0.04,1.14,123,123,-1,10.6,-1.5,-8.5,4.3,0.11,-0.12,0.00,0.00,0.00,0.00,0.65,0.94,98,-1,0,0,-11.0,0.23,0.120,0.216,-0.15,0,26,0,146.3,10.0,165.2,123.8,0.00,0,3.3,-1.9
52.20,land,77.84,272.16,0.120,1,972.7,513.0,-14.2,-7.5,-0.02,1.10,123,123,-1,10.6,-1.6,-7.2,4.5,0.10,-0.02,0.00,0.00,0.00,0.00,0.58,0.94,98,-1,0,1,-10.0,0.21,0.120,0.167,-0.50,0,26,0,146.3,10.0,165.2,123.8,0.00,0,10.4,-1.2
52.30,land,77.74,272.26,0.120,1,972.7,513.2,-14.2,-7.6,-0.22,0.80,123,123,-1,10.7,-1.6,-5.3,4.6,0.09,0.10,0.00,0.00,0.00,0.00,0.51,0.92,98,-1,0,1,-2.6,0.24,0.120,0.196,-0.93,0,26,0,146.3,10.0,165.2,123.8,0.00,0,20.2,4.8
52.40,land,77.67,272.33,0.120,1,972.7,513.2,-14.2,-7.7,-0.22,0.80,122,120,-1,10.7,-1.3,-3.4,3.7,-0.08,0.10,0.00,0.00,0.00,0.00,0.24,0.80,98,-1,0,1,-2.6,0.07,0.120,0.193,-1.01,0,26,0,148.5,5.8,170.6,121.4,0.00,0,20.2,4.8
52.50,land,77.59,272.41,0.120,1,972.6,513.3,-14.1,-7.8,-0.19,0.40,122,120,-1,10.7,-0.4,-1.8,1.9,-0.23,0.09,0.00,0.00,0.00,0.00,0.05,0.45,98,-1,1,1,13.4,-0.24,0.120,0.241,-1.02,0,26,0,148.5,5.8,170.6,121.4,0.00,0,17.1,15.6
52.60,land,77.50,272.50,0.120,1,972.6,513.3,-14.1,-7.8,-0.05,-0.35,122,120,-1,10.7,0.3,0.1,-0.1,-0.31,0.15,0.00,0.00,0.00,0.00,0.00,0.19,98,-1,1,2,-0.2,-0.20,0.120,0.241,-1.36,0,26,0,148.5,5.8,170.6,121.4,0.00,0,3.7,4.0
52.70,land,77.53,272.47,0.120,1,972.6,513.3,-14.1,-7.8,-0.05,-0.35,122,120,-1,10.7,1.7,0.4,-0.4,-0.06,-0.09,0.00,0.00,0.00,0.00,-0.23,-0.27,98,-1,0,2,-0.2,0.04,0.120,0.180,0.43,0,26,0,148.5,5.8,170.6,121.4,0.00,0,3.7,4.0
52.80,land,77.53,272.47,0.120,1,972.6,513.2,-14.1,-7.7,-0.03,-0.19,122,123,-1,10.7,1.4,0.4,-0.4,-0.00,-0.14,0.00,0.00,0.00,0.00,-0.13,-0.14,98,-1,0,2,-0.5,0.04,0.120,0.177,0.08,0,26,0,146.4,359.3,181.0,123.6,0.00,0,0.9,0.7
52.90,land,77.50,272.50,0.120,1,972.6,513.2,-14.1,-7.7,0.03,0.09,122,123,-1,10.8,1.1,0.0,-0.0,0.06,-0.20,0.00,0.00,0.00,0.00,0.05,-0.04,98,-1,0,1,0.2,0.07,0.120,0.224,-0.20,0,26,0,146.4,359.3,181.0,123.6,0.00,0,-1.3,-1.3
53.00,land,77.50,272.50,0.120,1,972.6,513.2,-14.1,-7.7,0.03,0.09,122,123,-1,10.8,0.8,-0.0,-0.0,0.00,-0.15,0.00,0.00,0.00,0.00,0.07,0.06,98,-1,0,1,0.2,0.02,0.120,0.181,0.02,0,26,0,146.4,359.3,181.0,123.6,0.00,0,-1.3,-1.3
53.10,land,77.50,272.50,0.120,1,972.6,513.2,-14.1,-7.7,0.02,0.01,122,123,-1,10.8,1.0,-0.0,-0.0,-0.00,-0.15,0.00,0.00,0.00,0.00,0.02,-0.01,98,-1,0,1,-0.2,0.03,0.120,0.179,-0.00,0,26,0,146.4,359.3,181.0,123.6,0.00,0,0.3,-0.6
53.20,land,77.50,272.50,0.120,1,972.6,513.2,-14.1,-7.7,0.00,0.00,122,122,-1,10.8,1.0,-0.0,-0.0,-0.00,-0.15,0.00,0.00,0.00,0.00,0.00,0.00,98,-1,0,1,0.0,0.03,0.120,0.179,0.00,0,26,0,146.6,360.0,180.0,123.4,0.00,0,0.0,0.0
53.30,land,77.50,272.50,0.120,1,972.6,513.2,-14.1,-7.7,0.00,0.00,122,122,-1,10.8,1.0,-0.0,-0.0,-0.00,-0.15,0.00,0.00,0.00,0.00,0.00,0.00,98,-1,0,1,0.0,0.02,0.120,0.180,0.00,0,26,0,146.6,360.0,180.0,123.4,0.00,0,0.0,0.0
53.40,land,77.50,272.50,0.120,1,972.6,513.2,-14.1,-7.7,0.00,0.00,122,122,-1,10.8,1.0,-0.0,0.0,-0.00,-0.15,0.00,0.00,0.00,0.00,0.00,0.00,98,-1,0,1,0.0,0.02,0.120,0.180,-0.00,0,26,0,146.6,360.0,180.0,123.4,0.00,0,0.0,0.0
53.50,land,77.50,272.50,0.120,1,972.6,513.2,-14.1,-7.7,0.00,0.00,122,122,-1,10.9,1.0,-0.0,0.0,-0.00,-0.15,0.00,0.00,0.00,0.00,0.00,0.00,98,-1,0,1,-0.8,0.02,0.120,0.181,0.00,0,26,0,146.6,360.0,180.0,123.4,0.00,0,0.0,-0.0
53.60,land,77.50,272.50,0.120,1,972.6,513.2,-14.1,-7.7,0.00,0.00,122,122,-1,10.9,1.0,-0.0,0.0,-0.00,-0.15,0.00,0.00,0.00,0.00,0.00,0.00,98,-1,0,1,0.0,0.04,0.120,0.182,0.00,0,26,0,146.6,0.0,180.0,123.4,0.00,0,0.0,0.0
53.70,land,77.50,272.50,0.120,1,972.6,513.2,-14.1,-7.7,0.00,0.00,122,122,-1,10.9,1.0,-0.0,0.0,-0.00,-0.15,0.00,0.00,0.00,0.00,0.00,0.00,98,-1,0,1,0.0,0.02,0.120,0.182,0.00,0,26,0,146.6,0.0,180.0,123.4,0.00,0,0.0,0.0
53.80,land,77.50,272.50,0.120,1,972.6,513.2,-14.1,-7.7,0.00,0.00,122,122,-1,10.9,1.0,0.0,0.0,-0.00,-0.15,0.00,0.00,0.00,0.00,0.00,0.00,98,-1,0,1,0.0,0.02,0.120,0.183,0.00,0,26,0,146.6,0.0,180.0,123.4,0.00,0,0.0,0.0
53.90,land,77.50,272.50,0.120,1,972.6,513.2,-14.1,-7.7,0.00,0.00,122,122,-1,10.9,1.0,0.0,0.0,-0.00,-0.16,0.00,0.00,0.00,0.00,0.00,0.00,98,-1,0,1,0.0,0.02,0.120,0.183,0.00,0,26,0,146.6,0.0,180.0,123.4,0.00,0,0.0,0.0
54.00,land,77.50,272.50,0.120,1,972.6,513.2,-14.1,-7.7,0.00,0.00,122,122,-1,10.9,1.0,-0.0,-0.0,-0.00,-0.16,0.00,0.00,0.00,0.00,0.00,0.00,98,-1,0,1,0.0,0.02,0.120,0.184,0.00,0,26,0,146.6,0.0,180.0,123.4,0.00,0,0.0,0.0
54.10,land,77.50,272.50,0.120,1,972.6,513.2,-14.1,-7.7,0.00,0.00,122,122,-1,11.0,1.0,-0.0,-0.0,-0.00,-0.16,0.00,0.00,0.00,0.00,0.00,0.00,98,-1,0,1,-0.5,0.02,0.120,0.184,0.00,0,26,0,146.6,0.0,180.0,123.4,0.00,0,0.1,-0.2
54.20,land,77.50,272.50,0.120,1,972.6,513.2,-14.1,-7.7,0.00,0.00,122,122,-1,11.0,1.0,-0.0,0.0,-0.00,-0.16,0.00,0.00,0.00,0.00,0.00,0.00,98,-1,0,1,-0.5,0.03,0.120,0.185,0.00,0,26,0,146.6,0.0,180.0,123.4,0.00,0,0.1,-0.2
54.30,touchdown,77.50,272.50,0.000,1,972.6,513.2,-14.1,-7.7,0.00,0.00,122,122,-1,12.6,1.0,-0.0,0.0,-0.00,-0.18,0.00,0.00,0.00,0.00,0.00,0.00,98,-1,1,1,0.6,0.03,0.000,0.000,0.00,0,26,0,146.6,0.0,180.0,123.4,0.00,0,0.0,0.3
54.40,touchdown,77.50,272.50,0.000,1,972.6,513.2,-14.1,-7.7,0.00,0.00,122,122,-1,12.6,1.0,-0.0,-0.0,-0.00,-0.18,0.00,0.00,0.00,0.00,0.00,0.00,98,-1,1,1,0.6,0.01,0.000,0.000,0.00,0,26,0,146.6,0.0,180.0,123.4,0.00,0,0.0,0.3
54.50,touchdown,77.50,272.50,0.000,1,972.6,513.2,-14.1,-7.7,0.00,0.00,122,122,-1,12.6,1.0,-0.0,-0.0,-0.00,-0.18,0.00,0.00,0.00,0.00,0.00,0.00,98,-1,1,1,-0.7,0.02,0.000,0.000,0.00,0,26,0,146.6,0.0,180.0,123.4,0.00,0,0.0,0.0
54.60,touchdown,77.50,272.50,0.000,1,972.6,513.2,-14.1,-7.7,0.00,0.00,122,122,-1,12.6,1.0,-0.0,-0.0,-0.00,-0.18,0.00,0.00,0.00,0.00,0.00,0.00,98,-1,1,1,-0.7,0.03,0.000,0.000,0.00,0,26,0,146.6,0.0,180.0,123.4,0.00,0,0.0,0.0
54.70,touchdown,77.50,272.50,0.000,1,972.6,513.2,-14.1,-7.7,0.00,0.00,122,122,-1,12.6,1.1,-0.0,-0.0,-0.00,-0.18,0.00,0.00,0.00,0.00,0.00,0.00,98,-1,1,1,0.4,0.02,0.000,0.000,0.00,0,26,0,146.6,0.0,180.0,123.4,0.00,0,-0.4,-0.2
54.80,touchdown,77.50,272.50,0.000,1,972.6,513.2,-14.1,-7.7,0.00,0.00,122,122,-1,12.6,1.1,-0.0,-0.0,-0.00,-0.18,0.00,0.00,0.00,0.00,0.00,0.00,98,-1,1,1,0.0,0.01,0.000,0.000,0.00,0,26,0,146.6,360.0,180.0,123.4,0.00,0,0.0,0.0
54.90,touchdown,77.50,272.50,0.000,1,972.6,513.2,-14.1,-7.7,0.00,0.00,122,122,-1,12.6,1.1,-0.0,-0.0,-0.00,-0.19,0.00,0.00,0.00,0.00,0.00,0.00,98,-1,1,1,0.0,0.02,0.000,0.000,0.00,0,26,0,146.6,360.0,180.0,123.4,0.00,0,0.0,0.0
55.00,touchdown,77.50,272.50,0.000,1,972.6,513.2,-14.1,-7.7,0.00,0.00,122,122,-1,12.6,1.1,-0.0,-0.0,-0.00,-0.19,0.00,0.00,0.00,0.00,0.00,0.00,98,-1,1,1,0.0,0.01,0.000,0.000,0.00,0,26,0,146.6,360.0,180.0,123.4,0.00,0,0.0,0.0
55.10,touchdown,77.50,272.50,0.000,1,972.6,513.2,-14.1,-7.7,0.00,0.00,122,122,-1,12.6,1.1,-0.0,-0.0,-0.00,-0.19,0.00,0.00,0.00,0.00,0.00,0.00,98,-1,1,1,0.0,0.02,0.000,0.000,0.00,0,26,0,146.6,360.0,180.0,123.4,0.00,0,0.0,0.0
55.20,touchdown,77.50,272.50,0.000,1,972.6,513.2,-14.1,-7.7,0.00,0.00,122,122,-1,12.6,1.1,-0.0,-0.0,-0.00,-0.19,0.00,0.00,0.00,0.00,0.00,0.00,98,-1,1,1,0.0,0.02,0.000,0.000,0.00,0,26,0,146.6,0.0,180.0,123.4,0.00,0,0.0,-0.0
55.30,touchdown,77.50,272.50,0.000,1,972.6,513.2,-14.1,-7.7,0.00,0.00,122,122,-1,12.6,1.1,-0.0,-0.0,-0.00,-0.19,0.00,0.00,0.00,0.00,0.00,0.00,98,-1,1,1,0.0,0.02,0.000,0.000,0.00,0,26,0,146.6,0.0,180.0,123.4,0.00,0,0.0,-0.0
55.40,touchdown,77.50,272.50,0.000,1,972.6,513.2,-14.1,-7.7,0.00,0.00,122,122,-1,12.6,1.1,-0.0,-0.0,-0.00,-0.19,0.00,0.00,0.00,0.00,0.00,0.00,98,-1,1,1,-0.0,0.02,0.000,0.000,0.00,0,26,0,146.6,0.0,180.0,123.4,0.00,0,-0.0,0.0
55.50,touchdown,77.50,272.50,0.000,1,972.6,513.2,-14.1,-7.7,0.00,0.00,122,122,-1,12.6,1.1,-0.0,-0.0,-0.00,-0.19,0.00,0.00,0.00,0.00,0.00,0.00,98,-1,1,1,-0.0,0.02,0.000,0.000,0.00,0,26,0,146.6,0.0,180.0,123.4,0.00,0,-0.0,-0.0
55.60,touchdown,77.50,272.50,0.000,1,972.6,513.2,-14.1,-7.7,0.00,0.00,122,122,-1,12.6,1.1,-0.0,-0.0,-0.00,-0.19,0.00,0.00,0.00,0.00,0.00,0.00,98,-1,1,1,-0.0,0.02,0.000,0.000,0.00,0,26,0,146.6,360.0,180.0,123.4,0.00,0,-0.0,0.0
55.70,touchdown,77.50,272.50,0.000,1,972.6,513.2,-14.1,-7.7,0.00,0.00,122,122,-1,12.6,1.1,-0.0,-0.0,-0.00,-0.20,0.00,0.00,0.00,0.00,0.00,0.00,98,-1,1,1,0.0,0.02,0.000,0.000,0.00,0,26,0,146.6,360.0,180.0,123.4,0.00,0,0.0,0.0
55.80,touchdown,77.50,272.50,0.000,1,972.6,513.2,-14.1,-7.7,0.00,0.00,122,122,-1,12.6,1.1,-0.0,-0.0,-0.00,-0.20,0.00,0.00,0.00,0.00,0.00,0.00,98,-1,1,1,0.0,0.02,0.000,0.000,0.00,0,26,0,146.6,360.0,180.0,123.4,0.00,0,0.0,0.0
55.90,touchdown,77.50,272.50,0.000,1,972.6,513.2,-14.1,-7.7,0.00,0.00,122,122,-1,12.6,1.1,-0.0,-0.0,-0.00,-0.20,0.00,0.00,0.00,0.00,0.00,0.00,98,-1,1,1,0.0,0.02,0.000,0.000,0.00,0,26,0,146.6,360.0,180.0,123.4,0.00,0,0.0,0.0
56.00,touchdown,77.50,272.50,0.000,1,972.6,513.2,-14.1,-7.7,0.00,0.00,122,122,-1,12.6,1.1,-0.0,-0.0,-0.00,-0.20,0.00,0.00,0.00,0.00,0.00,0.00,98,-1,1,1,0.2,0.02,0.000,0.000,0.00,0,26,0,146.6,0.0,180.0,123.4,0.00,0,0.1,0.3
56.10,touchdown,77.50,272.50,0.000,1,972.6,513.2,-14.1,-7.7,0.00,0.00,122,122,-1,12.6,1.1,-0.0,-0.0,-0.00,-0.20,0.00,0.00,0.00,0.00,0.00,0.00,98,-1,1,1,0.2,0.01,0.000,0.000,0.00,0,26,0,146.6,0.0,180.0,123.4,0.00,0,0.1,0.3
56.20,touchdown,77.50,272.50,0.000,1,972.6,513.2,-14.1,-7.7,0.00,0.00,122,122,-1,12.6,1.1,-0.0,-0.0,-0.00,-0.20,0.00,0.00,0.00,0.00,0.00,0.00,98,-1,1,1,0.0,0.02,0.000,0.000,0.00,0,26,0,146.6,0.0,180.0,123.4,0.00,0,0.0,0.0
56.30,touchdown,77.50,272.50,0.000,1,972.6,513.2,-14.1,-7.7,0.00,0.00,122,122,-1,12.6,1.1,-0.0,-0.0,-0.00,-0.20,0.00,0.00,0.00,0.00,0.00,0.00,98,-1,1,1,0.0,0.02,0.000,0.000,0.00,0,26,0,146.6,0.0,180.0,123.4,0.00,0,0.0,0.0
56.40,touchdown,77.50,272.50,0.000,1,972.6,513.2,-14.1,-7.7,0.00,0.00,122,122,-1,12.6,1.1,-0.0,-0.0,-0.00,-0.20,0.00,0.00,0.00,0.00,0.00,0.00,98,-1,1,1,0.0,0.02,0.000,0.000,0.00,0,26,0,146.6,360.0,180.0,123.4,0.00,0,0.0,0.0
56.50,touchdown,77.50,272.50,0.000,1,972.6,513.2,-14.1,-7.7,0.00,0.00,122,122,-1,12.6,1.1,-0.0,-0.0,-0.00,-0.21,0.00,0.00,0.00,0.00,0.00,0.00,98,-1,1,1,-0.1,0.02,0.000,0.000,0.00,0,26,0,146.6,360.0,180.0,123.4,0.00,0,-0.2,-0.3
56.60,touchdown,77.50,272.50,0.000,1,972.6,513.2,-14.1,-7.7,0.00,0.00,122,122,-1,12.6,1.1,-0.0,-0.0,-0.01,-0.21,0.00,0.00,0.00,0.00,0.00,0.00,98,-1,1,1,0.0,0.02,0.000,0.000,0.00,0,26,0,146.6,360.0,180.0,123.4,0.00,0,0.0,0.0
56.70,touchdown,77.50,272.50,0.000,1,972.6,513.2,-14.1,-7.7,0.00,0.00,122,122,-1,12.6,1.1,-0.0,-0.0,-0.01,-0.21,0.00,0.00,0.00,0.00,0.00,0.00,98,-1,1,1,0.0,0.02,0.000,0.000,0.00,0,26,0,146.6,360.0,180.0,123.4,0.00,0,0.0,0.0
56.80,touchdown,77.50,272.50,0.000,1,972.6,513.2,-14.1,-7.7,0.00,0.00,122,122,-1,12.6,1.1,-0.0,-0.0,-0.01,-0.21,0.00,0.00,0.00,0.00,0.00,0.00,98,-1,1,1,0.0,0.02,0.000,0.000,0.00,0,26,0,146.6,0.0,180.0,123.4,0.00,0,0.0,0.0
56.90,touchdown,77.50,272.50,0.000,1,972.6,513.2,-14.1,-7.7,0.00,0.00,122,122,-1,12.6,1.1,-0.0,-0.0,-0.01,-0.21,0.00,0.00,0.00,0.00,0.00,0.00,98,-1,1,1,-0.0,0.02,0.000,0.000,0.00,0,26,0,146.6,0.0,180.0,123.4,0.00,0,0.0,0.0
57.00,touchdown,77.50,272.50,0.000,1,972.6,513.2,-14.1,-7.7,0.00,0.00,122,122,-1,12.6,1.1,-0.0,-0.0,-0.01,-0.21,0.00,0.00,0.00,0.00,0.00,0.00,98,-1,1,1,-0.0,0.02,0.000,0.000,0.00,0,26,0,146.6,0.0,180.0,123.4,0.00,0,0.0,0.0
57.10,touchdown,77.50,272.50,0.000,1,972.6,513.2,-14.1,-7.7,0.00,0.00,122,122,-1,12.6,1.1,-0.0,-0.0,-0.01,-0.21,0.00,0.00,0.00,0.00,0.00,0.00,98,-1,1,1,-0.0,0.02,0.000,0.000,0.00,0,26,0,146.6,0.0,180.0,123.4,0.00,0,0.0,0.0
57.20,touchdown,77.50,272.50,0.000,1,972.6,513.2,-14.1,-7.7,0.00,0.00,122,122,-1,12.6,1.1,-0.0,-0.0,-0.01,-0.21,0.00,0.00,0.00,0.00,0.00,0.00,98,-1,1,1,-0.0,0.02,0.000,0.000,0.00,0,26,0,146.6,0.0,180.0,123.4,0.00,0,0.0,0.0
57.30,touchdown,77.50,272.50,0.000,1,972.6,513.2,-14.1,-7.7,0.00,0.00,122,122,-1,12.6,1.1,-0.0,-0.0,-0.01,-0.22,0.00,0.00,0.00,0.00,0.00,0.00,98,-1,1,1,-0.0,0.02,0.000,0.000,0.00,0,26,0,146.6,0.0,180.0,123.4,0.00,0,0.0,0.0
57.40,touchdown,77.50,272.50,0.000,1,972.6,513.2,-14.1,-7.7,0.00,0.00,122,122,-1,12.6,1.1,-0.0,-0.0,-0.01,-0.22,0.00,0.00,0.00,0.00,0.00,0.00,98,-1,1,1,-0.0,0.02,0.000,0.000,0.00,0,26,0,146.6,0.0,180.0,123.4,0.00,0,0.0,0.0
57.40,end:ok:control [lean 58 body 30 braketurn 0.55],0,0,0,0,0,0,0,0,0,0,0,0,0,0,0,0,0,0,0,0,0,0,0,0,0,0,0,0,0,0,0,0,0,0,0,0,0,0,0,0,0,0,0,0,0
