t,phase,height,err,pwr,gps,x,z,ex,ez,vxw,vzw,hdg,rawhdg,mothdg,tp,tr,p,r,vx,vy,sched,fwdRaw,latRaw,vrtRaw,fwdH,latH,energy,fuel,sat,yerr,yrate,ydem,athr,amax,vv,dockc,npers,chg,nav1,nav3,nav2,trihdg,trires,aimq,wx,wz
0.00,climb,69.50,280.50,0.378,1,-668.0,2828.2,2560.5,-2462.7,0.00,0.00,71,71,-1,0.0,0.0,0.0,-0.0,-0.00,0.00,0.00,0.00,0.00,0.00,0.00,0.00,-1,-1,0,-2,0.0,-0.01,0.378,0.378,0.00,0,0,0,198.4,0.0,0.0,71.6,0.00,0,0.0,0.0
0.10,climb,69.50,280.50,0.642,1,-668.0,2828.2,2560.5,-2462.7,0.00,0.00,71,71,-1,0.0,0.0,0.0,0.0,0.00,-0.00,0.00,0.00,0.00,0.00,0.00,0.00,-1,-1,0,-4,0.0,-0.03,0.643,0.643,0.00,0,0,0,198.4,0.0,0.0,71.6,0.00,0,0.0,0.0
0.20,climb,69.50,280.50,0.918,1,-668.0,2828.2,2560.5,-2462.7,0.00,0.00,71,71,-1,0.0,0.0,-0.0,0.0,0.00,-0.00,0.00,0.00,0.00,0.00,0.00,0.00,-1,-1,0,-7,0.0,-0.05,0.918,0.918,0.00,0,0,0,198.4,0.0,0.0,71.6,0.00,0,-0.0,0.0
0.30,climb,69.50,280.50,1.000,1,-668.0,2828.2,2560.5,-2462.7,0.00,0.00,71,71,-1,0.0,0.0,-0.0,-0.0,-0.00,-0.00,0.00,0.00,0.00,0.00,0.00,0.00,-1,-1,1,-11,-0.0,-0.07,1.000,1.000,0.00,0,0,0,198.4,0.0,0.0,71.6,0.00,0,-0.0,-1.0
0.40,climb,69.54,280.46,1.000,1,-668.0,2828.2,2560.5,-2462.7,0.00,0.00,71,71,-1,0.0,0.0,-0.0,0.1,0.02,-0.00,0.00,0.00,0.00,0.00,0.00,0.00,-1,-1,1,-13,-0.0,-0.09,1.000,1.000,0.23,0,0,0,198.4,0.1,0.2,71.6,0.00,0,-0.5,-1.3
0.50,climb,69.71,280.29,1.000,1,-668.0,2828.2,2560.5,-2462.7,0.00,0.00,71,71,-1,0.0,0.0,-0.1,0.2,0.01,-0.01,0.00,0.00,0.00,0.00,0.00,0.00,-1,-1,1,-16,-0.0,-0.12,1.000,1.000,1.24,0,0,0,198.4,0.1,0.2,71.6,0.00,0,-0.5,-1.3
0.60,climb,70.10,279.90,1.000,1,-668.0,2828.2,2560.5,-2462.7,0.07,0.00,71,71,-1,0.0,0.0,-0.1,0.2,0.01,-0.01,0.00,0.00,0.00,0.00,0.04,0.01,-1,-1,1,-19,-1.9,-0.13,1.000,1.000,3.29,0,0,0,198.4,0.1,0.2,71.6,0.00,0,-0.5,0.2
0.70,climb,70.80,279.20,1.000,1,-668.0,2828.2,2560.5,-2462.7,0.07,0.00,71,71,-1,0.0,0.0,-0.2,0.2,-0.01,-0.01,0.00,0.00,0.00,0.00,0.06,0.02,-1,-1,1,-22,-1.9,-0.13,1.000,1.000,6.18,0,0,0,198.4,0.1,0.2,71.6,0.00,0,-0.5,0.2
0.80,climb,71.82,278.18,1.000,1,-668.0,2828.3,2560.5,-2462.7,0.13,0.18,70,70,-1,0.0,0.0,-0.2,-0.0,-0.03,-0.01,0.00,0.00,0.00,0.00,0.07,0.21,85,-1,1,-25,-10.0,-0.11,1.000,1.000,9.37,0,26,0,199.4,359.9,359.8,70.6,0.00,0,-0.8,2.3
0.90,climb,73.16,276.84,1.000,1,-668.0,2828.3,2560.5,-2462.8,0.13,0.18,70,70,-1,0.0,0.0,-0.3,-0.3,-0.04,-0.02,0.00,0.00,0.00,0.00,0.06,0.21,85,-1,1,-28,-10.0,-0.08,1.000,1.000,12.53,0,26,0,199.4,359.9,359.8,70.6,0.00,0,-0.8,2.3
1.00,climb,74.80,275.20,1.000,1,-668.0,2828.3,2560.5,-2462.8,0.18,0.18,70,70,-1,0.0,0.0,-0.4,-0.5,-0.04,-0.02,0.00,0.00,0.00,0.00,0.11,0.22,85,-1,1,-31,-15.1,-0.04,1.000,1.000,15.64,0,26,0,199.4,359.9,359.8,70.6,0.00,0,-1.0,2.7
1.10,climb,76.76,273.24,1.000,1,-668.0,2828.3,2560.5,-2462.8,0.22,0.00,70,70,-1,0.0,0.0,-0.5,-0.7,-0.04,-0.01,0.00,0.00,0.00,0.00,0.21,0.07,85,-1,1,-34,-19.2,-0.01,1.000,1.000,18.73,0,26,0,199.4,359.9,359.8,70.6,0.00,0,-0.6,2.3
1.20,climb,79.01,270.99,1.000,1,-667.9,2828.2,2560.4,-2462.8,0.26,-0.18,69,63,-1,0.0,0.0,-0.5,-0.8,-0.02,-0.01,0.00,0.00,0.00,0.00,0.28,0.01,85,-1,1,-36,-24.1,0.02,1.000,1.000,21.78,0,26,0,206.4,359.0,357.9,63.6,0.00,0,0.3,-0.1
1.30,climb,81.56,268.44,1.000,1,-667.9,2828.2,2560.4,-2462.7,0.22,-0.35,68,63,-1,0.0,0.0,-0.5,-0.7,0.01,-0.01,0.00,0.00,0.00,0.00,0.31,-0.06,85,-1,1,-38,-24.3,0.02,1.000,1.000,24.80,0,26,0,206.4,359.0,357.9,63.6,0.00,0,0.2,-2.2
1.40,climb,84.41,265.59,1.000,1,-667.9,2828.2,2560.4,-2462.7,0.22,-0.53,67,63,-1,0.0,0.0,-0.5,-0.4,0.04,-0.01,0.00,0.00,0.00,0.00,0.34,-0.24,85,-1,1,-40,-23.7,0.01,1.000,1.000,27.79,0,26,0,206.4,359.0,357.9,63.6,0.00,0,0.0,-3.5
1.50,climb,87.55,262.45,1.000,1,-667.9,2828.2,2560.4,-2462.7,0.22,-0.53,67,63,-1,0.0,0.0,-0.5,-0.0,0.06,-0.01,0.00,0.00,0.00,0.00,0.41,-0.40,85,-1,1,-42,-23.7,-0.01,1.000,1.000,30.75,0,26,0,206.4,359.0,357.9,63.6,0.00,0,0.0,-3.5
1.60,climb,90.99,259.01,1.000,1,-667.8,2828.1,2560.3,-2462.6,0.22,-0.53,65,53,-1,0.0,0.0,-0.5,0.4,0.07,-0.01,0.00,0.00,0.00,0.00,0.43,-0.38,85,-1,1,-43,-22.5,-0.03,1.000,1.000,33.68,0,26,0,215.8,360.0,360.0,54.2,0.00,0,-0.3,-4.0
1.70,climb,94.71,255.29,1.000,1,-667.8,2828.0,2560.3,-2462.6,0.40,-0.44,63,53,-1,0.0,0.0,-0.6,0.7,0.05,-0.02,0.00,0.00,0.00,0.00,0.50,-0.34,85,-1,1,-45,-18.7,-0.07,1.000,1.000,36.57,0,26,0,215.8,360.0,360.0,54.2,0.00,0,-1.1,-1.5
1.80,climb,98.72,251.28,1.000,1,-667.8,2828.0,2560.3,-2462.5,0.40,-0.44,61,53,-1,0.0,0.0,-0.7,0.8,0.02,-0.02,0.00,0.00,0.00,0.00,0.56,-0.20,85,-1,1,-46,-18.7,-0.10,1.000,1.000,39.44,0,26,0,215.8,360.0,360.0,54.2,0.00,0,-1.1,-1.5
1.90,climb,103.02,246.98,1.000,1,-667.7,2828.0,2560.2,-2462.5,0.55,-0.35,60,53,-1,0.0,0.0,-0.8,0.6,-0.02,-0.03,0.00,0.00,0.00,0.00,0.65,-0.03,85,-1,1,-48,-17.4,-0.13,1.000,1.000,42.28,0,26,0,215.8,360.0,360.0,54.2,0.00,0,-1.4,1.2
2.00,climb,107.61,242.39,1.000,1,-667.7,2827.9,2560.2,-2462.4,0.73,-0.35,58,46,-1,0.0,0.0,-0.9,0.2,-0.06,-0.02,0.00,0.00,0.00,0.00,0.80,0.09,85,-1,1,-49,-17.5,-0.13,1.000,1.000,45.08,0,26,0,223.2,359.4,359.4,46.8,0.00,0,-1.1,3.7
2.10,climb,112.48,237.52,1.000,1,-667.6,2827.9,2560.1,-2462.4,0.86,-0.35,56,46,-1,0.0,0.0,-0.9,-0.3,-0.09,-0.01,0.00,0.00,0.00,0.00,0.91,0.19,85,-1,1,-50,-18.6,-0.13,1.000,1.000,47.86,0,26,0,223.2,359.4,359.4,46.8,0.00,0,-0.3,5.7
2.20,climb,117.61,232.39,0.846,1,-667.4,2827.8,2560.0,-2462.4,0.92,-0.53,55,46,-1,0.0,0.0,-0.8,-0.9,-0.09,0.00,0.00,0.00,0.00,0.00,0.96,0.25,85,-1,0,-52,-23.0,-0.12,0.846,0.884,50.61,0,26,0,223.2,359.4,359.4,46.8,0.00,0,1.9,4.8
2.30,climb,123.02,226.98,0.688,1,-667.4,2827.8,2559.9,-2462.3,0.92,-0.53,53,46,-1,0.0,0.0,-0.7,-1.3,-0.07,0.02,0.00,0.00,0.00,0.00,1.06,0.13,85,-1,0,-53,-23.0,-0.10,0.688,0.723,53.34,0,26,0,223.2,359.4,359.4,46.8,0.00,0,1.9,4.8
2.40,climb,128.65,221.35,0.537,1,-667.3,2827.7,2559.8,-2462.2,0.81,-0.79,51,37,-1,0.0,0.0,-0.4,-1.3,-0.01,0.03,0.00,0.00,0.00,0.00,1.13,-0.10,85,-1,0,-54,-25.3,-0.07,0.537,0.555,55.76,0,26,0,232.1,358.2,358.6,37.9,0.00,0,2.9,1.4
2.50,climb,134.41,215.59,0.418,1,-667.2,2827.6,2559.7,-2462.1,0.64,-0.97,49,37,-1,0.0,0.0,-0.2,-0.9,0.05,0.03,0.00,0.00,0.00,0.00,1.12,-0.31,85,-1,0,-55,-27.1,-0.06,0.418,0.449,57.40,0,26,0,232.1,358.2,358.6,37.9,0.00,0,2.9,-2.7
2.60,climb,140.24,209.76,0.333,1,-667.2,2827.5,2559.7,-2462.0,0.51,-1.05,47,37,-1,0.0,0.0,-0.1,-0.3,0.09,0.01,0.00,0.00,0.00,0.00,1.09,-0.42,85,-1,0,-56,-27.7,-0.06,0.333,0.375,58.29,0,26,0,232.1,358.2,358.6,37.9,0.00,0,1.7,-5.8
2.70,climb,146.08,203.92,0.275,1,-667.1,2827.4,2559.6,-2461.9,0.42,-1.05,45,37,-1,0.0,0.0,-0.1,0.4,0.11,-0.00,0.00,0.00,0.00,0.00,1.04,-0.46,85,-1,0,-57,-27.6,-0.07,0.275,0.321,58.57,0,26,0,232.1,358.2,358.6,37.9,0.00,0,0.1,-7.0
2.80,climb,151.90,198.10,0.238,1,-667.1,2827.3,2559.6,-2461.8,0.40,-1.05,42,26,-1,0.0,0.0,-0.2,1.1,0.10,-0.01,0.00,0.00,0.00,0.00,1.05,-0.42,85,-1,0,-57,-27.1,-0.08,0.238,0.283,58.41,0,26,0,243.1,0.7,0.4,26.9,0.00,0,-0.7,-6.5
2.90,climb,157.67,192.33,0.217,1,-667.1,2827.2,2559.6,-2461.7,0.44,-0.97,40,26,-1,0.0,0.0,-0.2,1.5,0.08,-0.01,0.00,0.00,0.00,0.00,1.02,-0.28,85,-1,0,-58,-26.1,-0.09,0.217,0.254,57.91,0,26,0,243.1,0.7,0.4,26.9,0.00,0,-1.0,-4.8
3.00,climb,163.37,186.63,0.206,1,-667.0,2827.1,2559.5,-2461.6,0.55,-0.88,38,26,-1,0.0,0.0,-0.2,1.7,0.05,-0.00,0.00,0.00,0.00,0.00,0.99,-0.16,85,-1,0,-59,-23.9,-0.11,0.206,0.226,57.20,0,26,0,243.1,0.7,0.4,26.9,0.00,0,-0.5,-0.1
3.10,climb,168.98,181.02,0.200,1,-666.9,2827.0,2559.5,-2461.6,0.62,-0.88,36,26,-1,0.0,0.0,-0.2,1.7,0.01,-0.00,0.00,0.00,0.00,0.00,1.03,-0.07,85,-1,0,-60,-23.0,-0.13,0.200,0.205,56.38,0,26,0,243.1,0.7,0.4,26.9,0.00,0,-0.4,1.9
3.20,climb,174.51,175.49,0.201,1,-666.8,2826.9,2559.4,-2461.5,0.66,-0.88,33,16,-1,0.0,0.0,-0.2,1.4,-0.02,0.00,0.00,0.00,0.00,0.00,1.07,0.04,85,-1,0,-60,-22.3,-0.14,0.202,0.210,55.44,0,26,0,252.8,0.8,0.3,17.2,0.00,0,-0.3,3.7
3.30,climb,179.94,170.06,0.202,1,-666.8,2826.8,2559.3,-2461.4,0.70,-0.70,30,16,-1,0.0,0.0,-0.2,1.0,-0.05,0.00,0.00,0.00,0.00,0.00,1.09,0.12,85,-1,0,-60,-21.9,-0.15,0.202,0.222,54.50,0,26,0,252.8,0.8,0.3,17.2,0.00,0,-0.3,4.3
3.40,climb,185.28,164.72,0.202,1,-666.8,2826.8,2559.3,-2461.3,0.70,-0.70,28,16,-1,0.0,0.0,-0.2,0.6,-0.05,-0.00,0.00,0.00,0.00,0.00,0.95,0.29,85,-1,0,-61,-21.9,-0.17,0.203,0.225,53.58,0,26,0,252.8,0.8,0.3,17.2,0.00,0,-0.3,4.3
3.50,climb,190.53,159.47,0.202,1,-666.7,2826.7,2559.2,-2461.2,0.70,-0.70,26,16,-1,0.0,0.0,-0.2,0.3,-0.04,-0.01,0.00,0.00,0.00,0.00,0.94,0.32,85,-1,0,-62,-21.6,-0.18,0.203,0.222,52.67,0,26,0,252.8,0.8,0.3,17.2,0.00,0,-0.5,3.2
3.60,climb,195.69,154.31,0.202,1,-666.6,2826.6,2559.1,-2461.2,0.66,-0.70,24,8,-1,0.0,0.0,-0.3,0.2,-0.02,-0.01,0.00,0.00,0.00,0.00,0.93,0.36,85,-1,0,-62,-21.4,-0.18,0.202,0.215,51.77,0,26,0,261.5,358.4,359.8,8.5,0.00,0,-0.9,0.4
3.70,climb,200.75,149.25,0.201,1,-666.6,2826.6,2559.1,-2461.1,0.66,-0.70,21,8,-1,0.0,0.0,-0.4,0.2,0.00,-0.02,0.00,0.00,0.00,0.00,0.89,0.36,85,-1,0,-63,-21.4,-0.18,0.202,0.211,50.88,0,26,0,261.5,358.4,359.8,8.5,0.00,0,-0.9,0.4
3.80,climb,205.73,144.27,0.199,1,-666.4,2826.4,2559.0,-2461.0,0.62,-0.70,19,8,-1,0.0,0.0,-0.4,0.4,0.02,-0.02,0.00,0.00,0.00,0.00,0.87,0.37,85,-1,0,-64,-21.8,-0.19,0.200,0.215,50.02,0,26,0,261.5,358.4,359.8,8.5,0.00,0,-0.2,-1.7
3.90,climb,210.63,139.37,0.195,1,-666.4,2826.4,2558.9,-2460.9,0.62,-0.70,17,8,-1,0.0,0.0,-0.4,0.5,0.04,-0.00,0.00,0.00,0.00,0.00,0.85,0.38,85,-1,0,-65,-21.9,-0.20,0.196,0.210,49.20,0,26,0,261.5,358.4,359.8,8.5,0.00,0,0.5,-1.5
4.00,climb,215.44,134.56,0.193,1,-666.3,2826.3,2558.9,-2460.9,0.62,-0.70,14,359,-1,0.0,0.0,-0.3,0.7,0.03,0.01,0.00,0.00,0.00,0.00,0.83,0.42,85,-1,0,-65,-22.0,-0.20,0.194,0.208,48.34,0,26,0,270.1,244.9,359.7,359.8,0.00,0,0.5,-0.4
4.10,climb,220.17,129.83,0.191,1,-666.3,2826.2,2558.8,-2460.8,0.62,-0.70,12,359,-1,0.0,0.0,-0.2,0.7,0.01,0.01,0.00,0.00,0.00,0.00,0.82,0.45,85,-1,0,-66,-22.2,-0.20,0.192,0.199,47.48,0,26,0,270.1,244.9,359.7,359.8,0.00,0,0.6,0.9
4.20,climb,224.81,125.19,0.188,1,-666.3,2826.2,2558.8,-2460.7,0.62,-0.70,10,359,-1,0.0,0.0,-0.1,0.6,-0.01,0.01,0.00,0.00,0.00,0.00,0.80,0.48,85,-1,0,-67,-22.2,-0.20,0.189,0.197,46.64,0,26,0,270.1,244.9,359.7,359.8,0.00,0,0.6,0.9
4.30,climb,229.37,120.63,0.188,1,-666.1,2826.1,2558.7,-2460.7,0.62,-0.70,8,359,-1,0.0,0.0,-0.1,0.4,-0.02,0.01,0.00,0.00,0.00,0.00,0.78,0.51,85,-1,0,-68,-22.1,-0.21,0.189,0.200,45.75,0,26,0,270.1,244.9,359.7,359.8,0.00,0,0.5,1.8
4.40,climb,233.82,116.18,0.192,1,-666.1,2826.1,2558.6,-2460.6,0.62,-0.70,6,350,-1,0.0,0.0,-0.0,0.2,-0.02,0.01,0.00,0.00,0.00,0.00,0.76,0.54,85,-1,0,-68,-22.1,-0.21,0.193,0.205,44.78,0,26,0,279.0,180.3,359.9,351.0,0.00,0,0.5,1.8
4.50,climb,238.19,111.81,0.195,1,-666.1,2826.0,2558.6,-2460.5,0.62,-0.70,3,350,-1,0.0,0.0,-0.0,0.1,-0.02,-0.00,0.00,0.00,0.00,0.00,0.74,0.58,85,-1,0,-69,-22.1,-0.22,0.195,0.204,43.85,0,26,0,279.0,180.3,359.9,351.0,0.00,0,0.2,1.6
4.60,climb,242.47,107.53,0.195,1,-665.9,2825.9,2558.5,-2460.5,0.57,-0.70,1,350,-1,0.0,0.0,-0.1,-0.0,-0.01,-0.01,0.00,0.00,0.00,0.00,0.72,0.60,85,-1,0,-70,-22.4,-0.22,0.195,0.206,42.98,0,26,0,279.0,180.3,359.9,351.0,0.00,0,-1.1,0.4
4.70,climb,246.66,103.34,0.193,1,-665.9,2825.8,2558.4,-2460.4,0.57,-0.70,359,350,-1,0.0,0.0,-0.2,-0.0,0.00,-0.02,0.00,0.00,0.00,0.00,0.70,0.58,85,-1,0,-71,-22.7,-0.23,0.194,0.202,42.14,0,26,0,279.0,180.3,359.9,351.0,0.00,0,-1.1,-0.5
4.80,climb,250.77,99.23,0.190,1,-665.9,2825.8,2558.4,-2460.3,0.57,-0.70,357,341,-1,0.0,0.0,-0.3,0.1,0.01,-0.02,0.00,0.00,0.00,0.00,0.67,0.61,85,-1,0,-72,-22.7,-0.23,0.190,0.203,41.32,0,26,0,288.0,181.0,359.7,342.0,0.00,0,-1.1,-0.5
4.90,climb,254.80,95.20,0.187,1,-665.8,2825.7,2558.3,-2460.3,0.53,-0.53,354,341,-1,0.0,0.0,-0.3,0.2,0.02,-0.00,0.00,0.00,0.00,0.00,0.47,0.62,85,-1,0,-72,-23.2,-0.23,0.188,0.197,40.50,0,26,0,288.0,181.0,359.7,342.0,0.00,0,0.6,-0.8
5.00,climb,258.75,91.25,0.183,1,-665.7,2825.7,2558.3,-2460.2,0.53,-0.53,352,341,-1,0.0,0.0,-0.2,0.3,0.02,0.01,0.00,0.00,0.00,0.00,0.45,0.59,85,-1,0,-73,-23.3,-0.23,0.184,0.194,39.71,0,26,0,288.0,181.0,359.7,342.0,0.00,0,1.0,-0.5
5.10,climb,262.61,87.39,0.182,1,-665.7,2825.7,2558.2,-2460.2,0.53,-0.53,351,341,-1,0.0,0.0,-0.1,0.3,0.01,0.01,0.00,0.00,0.00,0.00,0.43,0.61,85,-1,0,-74,-23.3,-0.24,0.183,0.194,38.85,0,26,0,288.0,181.0,359.7,342.0,0.00,0,1.0,-0.5
5.20,climb,266.38,83.62,0.183,1,-665.7,2825.6,2558.2,-2460.1,0.53,-0.53,348,332,-1,0.0,0.0,0.0,0.4,0.01,0.02,0.00,0.00,0.00,0.00,0.40,0.63,85,-1,0,-75,-23.5,-0.24,0.184,0.195,37.95,0,26,0,297.3,180.3,359.8,332.7,0.00,0,1.0,-0.4
5.30,climb,270.06,79.94,0.184,1,-665.6,2825.6,2558.1,-2460.1,0.53,-0.53,345,332,-1,0.0,0.0,0.1,0.4,0.01,0.02,0.00,0.00,0.00,0.00,0.38,0.64,85,-1,0,-74,-23.6,-0.24,0.185,0.195,37.06,0,26,0,297.3,180.3,359.8,332.7,0.00,0,0.9,-0.4
5.40,climb,273.66,76.34,0.185,1,-665.5,2825.4,2558.1,-2460.0,0.53,-0.53,343,332,-1,0.0,0.0,0.2,0.4,0.01,0.02,0.00,0.00,0.00,0.00,0.35,0.66,85,-1,0,-72,-23.7,-0.22,0.186,0.196,36.19,0,26,0,297.3,180.3,359.8,332.7,0.00,0,0.8,-0.3
5.50,climb,277.17,72.83,0.186,1,-665.5,2825.4,2558.0,-2459.9,0.53,-0.53,341,332,-1,0.0,0.0,0.3,0.4,0.01,0.02,0.00,0.00,0.00,0.00,0.33,0.67,85,-1,0,-70,-23.7,-0.21,0.186,0.196,35.32,0,26,0,297.3,180.3,359.8,332.7,0.00,0,0.7,-0.3
5.60,climb,280.59,69.41,0.186,1,-665.4,2825.3,2558.0,-2459.9,0.53,-0.53,338,322,-1,0.0,0.0,0.4,0.5,0.01,0.02,0.00,0.00,0.00,0.00,0.30,0.68,85,-1,0,-67,-23.8,-0.19,0.186,0.196,34.46,0,26,0,306.8,179.9,0.1,323.2,0.00,0,0.6,-0.3
5.70,climb,283.93,66.07,0.185,1,-665.4,2825.3,2557.9,-2459.8,0.53,-0.53,336,322,-1,0.0,0.0,0.5,0.5,0.01,0.02,0.00,0.00,0.00,0.00,0.27,0.70,85,-1,0,-65,-23.8,-0.17,0.186,0.195,33.61,0,26,0,306.8,179.9,0.1,323.2,0.00,0,0.6,-0.3
5.80,climb,287.19,62.81,0.170,1,-665.3,2825.2,2557.9,-2459.8,0.53,-0.53,334,322,-1,0.0,0.0,0.6,0.5,0.01,0.01,0.00,0.00,0.00,0.00,0.24,0.71,85,-1,0,-63,-23.9,-0.15,0.170,0.179,32.76,0,26,0,306.8,179.9,0.1,323.2,0.00,0,0.5,-0.3
5.90,climb,290.36,59.64,0.128,1,-665.3,2825.2,2557.8,-2459.7,0.53,-0.53,332,322,-1,0.0,0.0,0.6,0.5,0.01,0.01,0.00,0.00,0.00,0.00,0.22,0.71,85,-1,0,-61,-23.9,-0.14,0.128,0.136,31.93,0,26,0,306.8,179.9,0.1,323.2,0.00,0,0.5,-0.3
6.00,climb,293.45,56.55,0.086,1,-665.3,2825.2,2557.8,-2459.7,0.53,-0.53,329,313,-1,0.0,0.0,0.7,0.5,0.01,0.01,0.00,0.00,0.00,0.00,0.18,0.72,85,-1,0,-58,-24.0,-0.12,0.086,0.094,31.11,0,26,0,316.3,179.8,0.2,313.7,0.00,0,0.4,-0.3
6.10,climb,296.45,53.55,0.049,1,-665.1,2825.1,2557.7,-2459.6,0.53,-0.53,327,313,-1,0.0,0.0,0.7,0.5,-0.00,0.01,0.00,0.00,0.00,0.00,0.15,0.73,85,-1,0,-56,-23.7,-0.10,0.049,0.053,30.21,0,26,0,316.3,179.8,0.2,313.7,0.00,0,-0.2,0.4
6.20,climb,299.33,50.67,0.022,1,-665.1,2825.1,2557.6,-2459.6,0.53,-0.53,325,313,-1,0.0,0.0,0.7,0.4,-0.00,0.00,0.00,0.00,0.00,0.00,0.12,0.74,85,-1,0,-53,-23.7,-0.09,0.022,0.025,29.16,0,26,0,316.3,179.8,0.2,313.7,0.00,0,-0.2,0.4
6.30,climb,302.10,47.90,0.006,1,-665.1,2825.0,2557.6,-2459.5,0.53,-0.53,323,313,-1,0.0,0.0,0.7,0.3,-0.00,0.00,0.00,0.00,0.00,0.00,0.10,0.74,85,-1,0,-52,-23.0,-0.09,0.006,0.009,27.93,0,26,0,316.3,179.8,0.2,313.7,0.00,0,-0.3,0.4
6.40,climb,304.75,45.25,0.000,1,-665.0,2824.9,2557.5,-2459.5,0.53,-0.53,320,303,-1,0.0,0.0,0.6,0.3,-0.01,0.00,0.00,0.00,0.00,0.00,0.06,0.74,85,-1,1,-49,-22.1,-0.07,0.000,0.000,26.82,0,26,0,325.6,179.8,0.3,304.4,0.00,0,-0.5,0.3
6.50,climb,307.29,42.71,0.000,1,-665.0,2824.9,2557.5,-2459.4,0.53,-0.53,317,303,-1,0.0,0.0,0.6,0.2,-0.01,-0.00,0.00,0.00,0.00,0.00,0.03,0.75,85,-1,1,-46,-22.1,-0.06,0.000,0.000,25.67,0,26,0,325.6,179.8,0.3,304.4,0.00,0,-0.5,0.3
6.60,climb,309.71,40.29,0.000,1,-664.9,2824.9,2557.4,-2459.4,0.53,-0.53,315,303,-1,0.0,0.0,0.6,0.1,-0.00,-0.00,0.00,0.00,0.00,0.00,0.00,0.75,85,-1,1,-44,-21.5,-0.05,0.000,0.000,24.47,0,26,0,325.6,179.8,0.3,304.4,0.00,0,-0.5,0.3
6.70,climb,312.00,38.00,0.000,1,-664.8,2824.8,2557.4,-2459.3,0.48,-0.44,313,303,-1,0.0,0.0,0.5,0.1,-0.01,-0.00,0.00,0.00,0.00,0.00,0.01,0.72,85,-1,1,-42,-20.4,-0.04,0.000,0.000,23.23,0,26,0,325.6,179.8,0.3,304.4,0.00,0,-0.5,0.3
6.80,climb,314.16,35.84,0.004,1,-664.8,2824.8,2557.3,-2459.3,0.48,-0.44,311,295,-1,0.0,0.0,0.5,0.0,-0.01,-0.00,0.00,0.00,0.00,0.00,-0.08,0.65,85,-1,0,-39,-20.4,-0.03,0.004,0.008,21.94,0,26,0,334.0,179.8,0.4,296.0,0.00,0,-0.5,0.3
6.90,climb,316.19,33.81,0.018,1,-664.7,2824.7,2557.3,-2459.2,0.48,-0.35,308,295,-1,0.0,0.0,0.4,0.0,-0.01,-0.00,0.00,0.00,0.00,0.00,-0.16,0.58,85,-1,0,-37,-19.6,-0.02,0.018,0.022,20.64,0,26,0,334.0,179.8,0.4,296.0,0.00,0,-0.5,0.3
7.00,climb,318.10,31.90,0.028,1,-664.7,2824.7,2557.2,-2459.2,0.48,-0.35,306,295,-1,0.0,0.0,0.3,-0.0,-0.01,-0.01,0.00,0.00,0.00,0.00,-0.18,0.57,85,-1,0,-35,-19.3,-0.01,0.028,0.032,19.35,0,26,0,334.0,179.8,0.4,296.0,0.00,0,-0.5,0.3
7.10,climb,319.88,30.12,0.041,1,-664.7,2824.7,2557.2,-2459.2,0.48,-0.35,304,295,-1,0.0,0.0,0.3,-0.1,-0.01,-0.01,0.00,0.00,0.00,0.00,-0.20,0.56,85,-1,0,-33,-19.3,-0.00,0.041,0.046,18.08,0,26,0,334.0,179.8,0.4,296.0,0.00,0,-0.5,0.3
7.20,climb,321.53,28.47,0.058,1,-664.6,2824.6,2557.1,-2459.1,0.48,-0.35,302,287,-1,0.0,0.0,0.2,-0.1,-0.01,-0.01,0.00,0.00,0.00,0.00,-0.23,0.55,85,-1,0,-31,-19.0,0.01,0.058,0.063,16.82,0,26,0,341.8,179.8,0.6,288.2,0.00,0,-0.5,0.3
7.30,climb,323.06,26.94,0.078,1,-664.6,2824.6,2557.1,-2459.1,0.48,-0.35,300,287,-1,0.0,0.0,0.2,-0.2,-0.01,-0.01,0.00,0.00,0.00,0.00,-0.25,0.54,85,-1,0,-28,-18.8,0.03,0.078,0.083,15.58,0,26,0,341.8,179.8,0.6,288.2,0.00,0,-0.5,0.3
7.40,climb,324.46,25.54,0.101,1,-664.5,2824.5,2557.0,-2459.1,0.46,-0.35,298,287,-1,0.0,0.0,0.1,-0.2,-0.01,-0.01,0.00,0.00,0.00,0.00,-0.26,0.54,85,-1,0,-27,-18.4,0.04,0.101,0.107,14.34,0,26,0,341.8,179.8,0.6,288.2,0.00,0,-0.5,0.4
7.50,climb,325.74,24.26,0.128,1,-664.5,2824.5,2557.0,-2459.0,0.44,-0.35,296,287,-1,0.0,0.0,0.1,-0.2,-0.01,-0.01,0.00,0.00,0.00,0.00,-0.26,0.52,85,-1,0,-25,-18.3,0.05,0.128,0.134,13.12,0,26,0,341.8,179.8,0.6,288.2,0.00,0,-0.5,0.4
7.60,climb,326.91,23.09,0.157,1,-664.5,2824.5,2557.0,-2459.0,0.44,-0.35,294,280,-1,0.0,0.0,0.0,-0.3,-0.01,-0.01,0.00,0.00,0.00,0.00,-0.26,0.50,85,-1,0,-22,-18.3,0.06,0.157,0.164,11.94,0,26,0,349.2,179.7,1.5,280.8,0.00,0,-0.5,0.4
7.70,climb,327.97,22.03,0.186,1,-664.4,2824.4,2556.9,-2458.9,0.44,-0.35,291,280,-1,0.0,0.0,-0.0,-0.3,-0.00,-0.01,0.00,0.00,0.00,0.00,-0.28,0.49,85,-1,0,-20,-18.1,0.07,0.186,0.191,10.85,0,26,0,349.2,179.7,1.5,280.8,0.00,0,-0.4,0.3
7.80,climb,328.94,21.06,0.210,1,-664.4,2824.4,2556.9,-2458.9,0.44,-0.35,290,280,-1,0.0,0.0,-0.1,-0.3,-0.00,-0.01,0.00,0.00,0.00,0.00,-0.30,0.48,85,-1,0,-19,-18.0,0.09,0.210,0.215,9.89,0,26,0,349.2,179.7,1.5,280.8,0.00,0,-0.3,0.1
7.90,climb,329.84,20.16,0.228,1,-664.3,2824.3,2556.8,-2458.9,0.44,-0.35,288,280,-1,0.0,0.0,-0.1,-0.3,-0.00,-0.01,0.00,0.00,0.00,0.00,-0.31,0.47,85,-1,0,-17,-17.4,0.09,0.228,0.233,9.13,0,26,0,349.2,179.7,1.5,280.8,0.00,0,-0.3,0.1
8.00,climb,330.69,19.31,0.235,1,-664.3,2824.3,2556.8,-2458.8,0.44,-0.35,286,273,-1,0.0,0.0,-0.1,-0.3,-0.00,-0.01,0.00,0.00,0.00,0.00,-0.33,0.46,85,-1,0,-15,-17.4,0.11,0.235,0.240,8.60,0,26,0,356.3,179.7,5.1,273.7,0.00,0,-0.3,0.1
8.10,climb,331.51,18.49,0.232,1,-664.2,2824.3,2556.7,-2458.8,0.42,-0.35,284,273,-1,0.0,0.0,-0.2,-0.3,-0.00,-0.00,0.00,0.00,0.00,0.00,-0.32,0.44,85,-1,0,-13,-16.9,0.11,0.232,0.234,8.30,0,26,0,356.3,179.7,5.1,273.7,0.00,0,-0.1,0.0
8.20,climb,332.30,17.70,0.229,1,-664.2,2824.3,2556.7,-2458.8,0.40,-0.35,282,273,-1,0.0,0.0,-0.1,-0.3,0.00,-0.00,0.00,0.00,0.00,0.00,-0.31,0.43,85,-1,0,-11,-16.1,0.12,0.229,0.230,8.00,0,26,0,356.3,179.7,5.1,273.7,0.00,0,0.1,-0.2
8.30,cruise,333.07,16.93,0.276,1,-664.2,2824.2,2556.7,-2458.7,0.40,-0.35,281,273,-1,4.0,4.0,-0.1,-0.3,-0.05,-0.06,0.00,0.00,0.00,0.00,-0.32,0.42,85,-1,0,-10,-15.0,0.11,0.276,0.306,7.70,0,26,0,356.3,179.7,5.1,273.7,0.00,0,0.3,-0.3
8.40,cruise,333.80,16.20,0.274,1,-664.1,2824.2,2556.6,-2458.7,0.35,-0.35,279,267,-1,8.0,8.0,-0.1,-0.2,-0.11,-0.11,0.00,0.00,0.00,0.00,-0.30,0.40,85,-1,0,3,-12.2,0.19,0.274,0.335,7.41,0,26,0,2.3,179.8,174.2,267.7,0.00,1,0.7,-0.6
8.50,cruise,334.52,15.48,0.267,1,-664.1,2824.2,2556.6,-2458.7,0.35,-0.35,277,267,-1,12.0,12.0,0.0,-0.2,-0.16,-0.16,0.00,0.00,0.00,0.00,-0.31,0.39,85,-1,0,5,-12.2,0.18,0.268,0.353,7.20,0,26,0,3.5,179.8,177.5,266.5,0.00,1,0.7,-0.6
8.60,cruise,335.23,14.77,0.252,1,-664.0,2824.1,2556.6,-2458.6,0.29,-0.18,275,267,-1,16.0,16.0,0.2,0.1,-0.18,-0.18,0.00,0.00,0.00,0.00,-0.30,0.38,85,-1,0,6,-8.6,0.17,0.253,0.349,7.15,0,26,0,4.5,180.1,181.0,265.5,0.00,1,4.2,-3.9
8.70,cruise,335.93,14.07,0.236,1,-664.0,2824.1,2556.5,-2458.6,0.22,-0.18,274,267,-1,20.0,20.0,0.7,0.5,-0.18,-0.17,0.00,0.00,0.00,0.00,-0.27,0.19,85,-1,0,6,-6.7,0.15,0.236,0.327,7.13,0,26,0,5.3,180.6,186.2,264.7,0.00,1,7.3,-6.7
8.80,cruise,336.61,13.39,0.225,1,-664.0,2824.1,2556.5,-2458.6,0.22,-0.18,272,263,-1,24.0,24.0,1.6,1.2,-0.15,-0.13,0.00,0.00,0.00,0.00,-0.21,0.18,85,-1,0,7,-6.7,0.13,0.225,0.300,7.00,0,26,0,5.9,181.4,193.3,264.1,0.00,1,7.3,-6.7
8.90,cruise,337.26,12.74,0.220,1,-664.0,2824.1,2556.5,-2458.6,0.13,-0.18,271,263,-1,28.0,28.0,2.7,2.3,-0.12,-0.09,0.00,0.00,0.00,0.00,-0.17,0.18,85,-1,0,7,-3.5,0.11,0.221,0.278,6.75,0,26,0,6.4,182.6,201.9,263.6,0.00,1,13.2,-12.4
9.00,cruise,337.87,12.13,0.219,1,-664.0,2824.0,2556.5,-2458.6,0.13,-0.18,270,263,-1,29.0,28.7,4.1,3.6,-0.05,-0.03,0.00,0.00,0.00,0.00,-0.13,0.18,85,-1,0,8,-1.9,0.10,0.219,0.241,6.47,0,26,0,6.6,184.0,211.3,263.4,0.00,1,15.9,-15.1
9.10,cruise,338.44,11.56,0.219,1,-663.9,2824.0,2556.5,-2458.5,0.13,-0.18,269,263,-1,29.5,29.2,5.8,5.1,0.02,0.04,0.00,0.00,0.00,0.00,-0.14,0.17,85,-1,0,8,-0.5,0.08,0.220,0.237,6.18,0,26,0,6.6,185.8,221.1,263.4,0.00,1,18.1,-17.4
9.20,cruise,338.98,11.02,0.223,1,-663.9,2824.0,2556.4,-2458.5,0.13,-0.18,268,263,-1,30.1,29.6,7.7,6.9,0.08,0.10,0.01,0.00,0.00,0.00,-0.14,0.17,85,-1,0,8,-0.5,0.06,0.223,0.271,5.87,0,26,0,6.5,187.8,230.4,263.5,0.00,1,18.1,-17.4
9.30,cruise,339.48,10.52,0.228,1,-663.9,2824.0,2556.4,-2458.5,0.31,-0.26,267,263,-1,30.7,29.9,9.6,8.9,0.11,0.12,0.10,0.00,0.00,0.00,-0.21,0.17,85,-1,0,7,2.3,0.04,0.229,0.290,5.55,0,26,0,6.1,189.9,238.5,263.9,0.00,1,19.0,-18.4
9.40,cruise,339.94,10.06,0.250,1,-663.9,2823.9,2556.4,-2458.5,0.46,-0.44,267,263,-1,31.2,30.2,11.5,10.8,0.12,0.10,0.19,0.00,0.00,0.00,-0.32,0.25,85,-1,0,7,3.6,0.02,0.250,0.307,5.26,0,26,0,5.5,191.9,245.4,264.5,0.00,1,17.3,-17.0
9.50,cruise,340.38,9.62,0.250,1,-663.8,2823.9,2556.4,-2458.4,0.64,-0.70,267,263,-1,31.8,30.5,13.2,12.6,0.10,0.05,0.26,0.00,0.00,0.00,-0.49,0.41,85,-1,0,6,4.7,-0.00,0.250,0.290,4.96,0,26,0,4.8,193.6,251.1,265.3,0.00,1,15.2,-15.1
9.60,cruise,340.78,9.22,0.250,1,-663.8,2823.9,2556.3,-2458.4,0.64,-0.70,267,265,-1,32.3,30.9,14.6,14.2,0.07,-0.00,0.33,0.00,0.00,0.00,-0.67,0.67,85,-1,0,5,4.7,-0.02,0.250,0.269,4.64,0,26,0,3.9,195.2,255.8,266.1,0.00,1,15.2,-15.1
9.70,cruise,341.17,8.83,0.260,1,-663.7,2823.8,2556.2,-2458.3,0.86,-0.88,267,265,-1,32.9,31.2,15.8,15.7,0.04,-0.05,0.39,0.00,0.00,0.00,-0.90,0.84,85,-1,0,4,5.5,-0.04,0.260,0.284,4.33,0,26,0,3.0,196.5,259.9,267.0,0.00,1,13.1,-13.0
9.80,cruise,341.53,8.47,0.267,1,-663.6,2823.7,2556.1,-2458.2,1.12,-1.23,268,265,-1,33.4,31.5,16.8,17.0,0.00,-0.09,0.44,0.00,0.00,0.00,-1.17,1.19,85,-1,0,3,6.1,-0.05,0.267,0.291,4.08,0,26,0,2.1,197.6,263.5,267.9,0.00,1,11.6,-11.0
9.90,cruise,341.87,8.13,0.274,1,-663.3,2823.4,2556.0,-2458.0,1.60,-1.85,268,265,-1,33.9,31.8,17.8,18.1,-0.03,-0.10,0.49,0.00,0.00,0.00,-1.41,1.54,85,-1,0,2,6.7,-0.06,0.274,0.308,3.84,0,26,0,1.1,198.5,266.8,269.0,0.00,1,11.6,-7.6
10.00,cruise,342.19,7.81,0.283,1,-663.1,2823.1,2555.8,-2457.9,1.87,-2.20,269,269,-1,34.4,32.1,18.9,19.2,-0.04,-0.08,0.53,0.00,0.00,0.00,-1.62,1.83,85,-1,0,1,6.6,-0.07,0.283,0.317,3.58,0,26,0,360.0,199.2,270.0,270.0,0.00,1,13.0,-6.9
10.10,cruise,342.48,7.52,0.291,1,-662.9,2822.9,2555.6,-2457.6,2.13,-2.55,270,269,-1,34.9,32.3,20.1,20.3,-0.03,-0.05,0.58,0.00,0.00,0.00,-1.85,2.21,85,-1,0,-0,6.2,-0.08,0.291,0.316,3.37,0,26,0,358.9,199.9,273.2,271.1,0.00,1,14.6,-6.9
10.20,cruise,342.76,7.24,0.299,1,-662.9,2822.9,2555.4,-2457.4,2.13,-2.55,271,269,-1,35.5,32.5,21.5,21.3,-0.02,-0.02,0.63,0.00,0.00,0.00,-2.07,2.60,85,-1,0,-1,6.2,-0.08,0.299,0.311,3.19,0,26,0,357.7,200.5,276.1,272.3,0.00,1,14.6,-6.9
10.30,cruise,343.02,6.98,0.307,1,-662.7,2822.6,2555.2,-2457.1,2.42,-2.90,272,269,-1,36.0,32.6,23.1,22.5,0.00,0.01,0.69,0.00,0.00,0.00,-2.29,3.00,85,-1,0,-2,5.6,-0.08,0.307,0.311,3.03,0,26,0,356.5,201.2,278.9,273.5,0.00,1,16.0,-7.4
10.40,cruise,343.26,6.74,0.315,1,-662.1,2821.9,2554.9,-2456.8,3.16,-3.60,274,274,-1,36.6,32.7,24.7,23.7,0.02,0.04,0.75,0.00,0.00,0.00,-2.53,3.44,85,-1,0,-4,4.0,-0.08,0.315,0.333,2.89,0,26,0,355.4,201.9,281.4,274.7,0.00,1,17.4,-7.9
10.50,cruise,343.48,6.52,0.324,1,-661.8,2821.6,2554.6,-2456.4,3.60,-4.04,276,274,-1,37.2,32.8,26.5,25.0,0.03,0.05,0.81,0.00,0.00,0.00,-2.78,3.91,85,-1,0,-5,3.3,-0.08,0.324,0.352,2.77,0,26,0,354.2,202.6,283.6,275.8,0.00,1,17.3,-7.9
10.60,cruise,343.69,6.31,0.336,1,-661.8,2821.6,2554.3,-2456.1,3.60,-4.04,277,274,-1,37.8,32.8,28.2,26.3,0.04,0.06,0.87,0.00,0.00,0.00,-3.05,4.47,85,-1,0,-6,3.3,-0.08,0.336,0.371,2.62,0,26,0,353.2,203.2,285.6,277.0,0.00,1,17.3,-7.9
10.70,cruise,343.89,6.11,0.348,1,-660.9,2820.6,2553.9,-2455.6,4.64,-4.92,279,274,-1,38.4,32.8,30.0,27.5,0.04,0.06,0.93,0.00,0.00,0.00,-3.32,5.06,85,-1,0,-7,1.4,-0.08,0.348,0.383,2.46,0,26,0,352.2,203.8,287.2,278.0,0.00,1,15.5,-6.7
10.80,cruise,344.08,5.92,0.360,1,-660.4,2820.1,2553.4,-2455.1,5.25,-5.45,281,278,-1,39.0,32.9,31.6,28.5,0.03,0.05,0.98,0.00,0.00,0.00,-3.61,5.72,85,-1,0,-8,0.5,-0.07,0.360,0.388,2.34,0,26,0,351.4,204.3,288.5,278.9,0.00,1,13.6,-5.9
10.90,cruise,344.26,5.74,0.370,1,-660.4,2820.1,2552.9,-2454.6,5.25,-5.45,283,278,-1,39.6,33.0,33.0,29.5,0.02,0.03,1.00,0.00,0.00,0.00,-3.90,6.48,85,-1,0,-9,0.5,-0.07,0.370,0.388,2.24,0,26,0,350.8,204.7,289.5,279.7,0.00,1,13.6,-5.9
11.00,cruise,344.45,5.55,0.379,1,-659.2,2818.9,2552.3,-2454.0,6.64,-6.59,285,278,-1,40.2,33.1,34.3,30.2,-0.00,0.02,1.00,0.00,0.00,0.00,-4.23,7.28,85,-1,0,-9,-1.3,-0.06,0.379,0.387,2.15,0,26,0,350.3,204.9,290.3,280.3,0.00,1,10.5,-3.6
11.10,cruise,344.62,5.38,0.387,1,-658.5,2818.2,2551.7,-2453.4,7.36,-7.12,286,278,-1,40.8,33.2,35.5,30.8,-0.02,0.01,1.00,0.00,0.00,0.00,-4.53,8.19,85,-1,0,-10,-2.5,-0.05,0.387,0.399,2.06,0,26,0,349.9,205.1,290.8,280.7,0.00,1,9.4,-3.0
11.20,cruise,344.80,5.20,0.395,1,-658.1,2817.8,2551.0,-2452.7,7.73,-7.38,288,279,-1,41.4,33.3,36.6,31.2,-0.03,0.00,1.00,0.00,0.00,0.00,-4.82,9.04,85,-1,0,-10,-3.0,-0.04,0.395,0.409,1.99,0,26,0,349.8,205.2,291.0,281.0,0.00,1,9.0,-2.7
11.25,cruise,344.89,5.11,0.398,1,-658.1,2817.8,2550.6,-2452.3,7.73,-7.38,289,279,-1,41.7,33.4,37.1,31.4,-0.04,0.00,1.00,0.00,0.00,0.00,-4.85,9.53,85,-1,0,-10,-3.0,-0.03,0.398,0.415,1.94,0,26,0,349.7,205.3,291.0,281.1,0.00,1,9.0,-2.7
11.35,cruise,345.06,4.94,0.404,1,-657.3,2817.0,2549.8,-2451.5,8.50,-8.00,291,279,-1,42.3,33.5,38.2,31.7,-0.04,0.00,1.00,0.00,0.00,0.00,-5.13,10.48,85,-1,0,-10,-4.0,-0.02,0.404,0.420,1.90,0,26,0,349.8,205.5,290.7,281.2,0.00,1,8.0,-3.0
11.45,cruise,345.23,4.77,0.407,1,-656.4,2816.2,2548.9,-2450.7,9.34,-8.53,292,279,-1,42.9,33.7,39.2,32.2,-0.03,0.01,1.00,0.00,0.00,0.00,-5.49,11.39,85,-1,0,-10,-5.0,-0.01,0.407,0.423,1.91,0,26,0,349.9,205.8,290.2,281.1,0.00,1,7.4,-4.3
11.55,cruise,345.40,4.60,0.412,1,-654.3,2814.3,2547.9,-2449.8,11.03,-9.76,293,279,-1,43.5,33.8,40.3,32.7,-0.02,0.02,1.00,0.00,0.00,0.00,-5.80,12.39,85,-1,0,-10,-6.6,0.00,0.412,0.426,1.92,0,26,0,350.1,206.3,289.4,280.9,0.00,1,6.4,-7.4
11.65,cruise,345.56,4.44,0.419,1,-654.3,2814.3,2546.8,-2448.8,11.03,-9.76,294,279,-1,44.1,34.0,41.4,33.3,-0.00,0.03,1.00,0.00,0.00,0.00,-6.11,13.40,85,-1,0,-10,-6.6,0.01,0.419,0.431,1.91,0,26,0,350.4,206.9,288.3,280.6,0.00,1,6.4,-7.4
11.75,cruise,345.72,4.28,0.426,1,-651.9,2812.2,2545.6,-2447.8,12.81,-10.99,295,279,-1,44.7,34.1,42.5,34.0,0.00,0.03,1.00,0.00,0.00,0.00,-6.42,14.35,85,-1,0,-9,-7.3,0.02,0.426,0.439,1.89,0,26,0,350.8,207.7,287.2,280.3,0.00,1,5.1,-9.0
11.85,cruise,345.89,4.11,0.432,1,-651.9,2812.2,2544.4,-2446.7,12.81,-10.99,296,279,-1,45.4,34.3,43.6,34.6,0.01,0.03,1.00,0.00,0.00,0.00,-6.70,15.49,85,-1,0,-9,-7.3,0.03,0.432,0.447,1.91,0,26,0,351.2,208.5,286.0,279.9,0.00,1,5.1,-9.0
11.95,cruise,346.06,3.94,0.437,1,-650.5,2811.1,2543.0,-2445.6,13.73,-11.69,297,277,-1,46.0,34.5,44.7,35.3,0.01,0.03,1.00,0.00,0.00,0.00,-6.98,16.63,85,-1,0,-8,-7.3,0.03,0.437,0.453,1.93,0,26,0,351.6,209.3,284.8,279.5,0.00,1,4.8,-9.1
12.05,cruise,346.22,3.78,0.444,1,-649.1,2809.9,2541.6,-2444.4,14.66,-12.39,298,277,-1,46.6,34.7,45.6,35.9,0.01,0.02,1.00,0.00,0.00,0.00,-7.24,17.78,85,-1,0,-8,-7.0,0.03,0.444,0.458,1.92,0,26,0,352.0,210.1,283.7,279.0,0.00,1,4.2,-9.0
12.15,cruise,346.39,3.61,0.452,1,-647.5,2808.6,2540.0,-2443.1,15.60,-13.27,298,277,-1,47.3,34.9,46.5,36.5,0.01,0.01,1.00,0.00,0.00,0.00,-7.40,19.10,85,-1,0,-8,-6.5,0.03,0.452,0.463,1.89,0,26,0,352.4,210.9,282.6,278.6,0.00,1,3.4,-9.0
12.25,cruise,346.55,3.45,0.461,1,-644.2,2805.7,2538.4,-2441.7,17.42,-14.68,299,277,-1,47.9,35.2,47.3,37.1,0.01,0.00,1.00,0.00,0.00,0.00,-7.60,20.26,85,-1,0,-7,-5.4,0.02,0.461,0.469,1.84,0,26,0,352.7,211.8,281.7,278.2,0.00,1,2.0,-8.8
12.35,cruise,346.70,3.30,0.470,1,-644.2,2805.7,2536.7,-2440.2,17.42,-14.68,300,276,-1,48.4,35.5,48.0,37.8,0.01,-0.00,1.00,0.00,0.00,0.00,-7.79,21.41,85,-1,0,-7,-5.4,0.02,0.470,0.477,1.77,0,26,0,353.1,212.6,280.8,277.8,0.00,1,2.0,-8.8
12.45,cruise,346.86,3.14,0.479,1,-642.4,2804.2,2534.9,-2438.7,18.35,-15.56,301,276,-1,49.0,35.9,48.6,38.3,0.01,-0.01,1.00,0.00,0.00,0.00,-7.90,22.72,85,-1,0,-6,-5.1,0.02,0.479,0.488,1.71,0,26,0,353.4,213.4,279.9,277.4,0.00,1,1.3,-8.5
12.55,cruise,347.01,2.99,0.484,1,-640.5,2802.6,2533.0,-2437.1,19.29,-16.44,301,276,-1,49.6,36.2,49.1,38.7,-0.00,-0.02,1.00,0.00,0.00,0.00,-8.00,24.05,85,-1,0,-6,-4.9,0.02,0.484,0.495,1.68,0,26,0,353.8,214.1,279.1,276.9,0.00,1,0.5,-7.5
12.65,cruise,347.17,2.83,0.485,1,-636.4,2799.0,2531.0,-2435.4,21.29,-18.37,302,276,-1,50.2,36.7,49.5,39.0,-0.01,-0.03,1.00,0.00,0.00,0.00,-8.11,25.39,85,-1,0,-5,-4.6,0.02,0.485,0.503,1.69,0,26,0,354.2,214.7,278.3,276.4,0.00,1,-0.1,-6.6
12.75,cruise,347.33,2.67,0.495,1,-636.4,2799.0,2528.9,-2433.5,21.29,-18.37,302,274,-1,50.9,37.1,49.9,39.4,-0.01,-0.04,1.00,0.00,0.00,0.00,-8.23,26.89,85,-1,0,-5,-4.6,0.02,0.495,0.517,1.75,0,26,0,354.7,215.4,277.5,275.9,0.00,1,-0.1,-6.6
12.85,cruise,347.51,2.49,0.525,1,-634.1,2797.1,2526.6,-2431.6,22.30,-19.34,303,274,-1,51.5,37.6,50.3,39.7,-0.01,-0.04,1.00,0.00,0.00,0.00,-8.36,28.31,85,-1,0,-4,-4.4,0.02,0.525,0.551,1.80,0,26,0,355.1,216.0,276.7,275.4,0.00,1,-0.4,-6.5
12.95,cruise,347.68,2.32,0.555,1,-631.8,2795.1,2524.3,-2429.6,23.27,-20.39,303,274,-1,52.1,38.2,50.7,40.0,-0.01,-0.04,1.00,0.00,0.00,0.00,-8.38,29.78,85,-1,0,-4,-3.9,0.02,0.555,0.582,1.85,0,26,0,355.4,216.6,276.1,275.0,0.00,1,-0.3,-6.3
13.05,cruise,347.86,2.14,0.585,1,-626.9,2790.8,2521.9,-2427.5,25.27,-22.59,303,274,-1,52.8,38.7,51.1,40.5,-0.00,-0.03,1.00,0.00,0.00,0.00,-8.40,31.27,85,-1,0,-4,-2.5,0.01,0.585,0.606,1.92,0,26,0,355.6,217.2,275.7,274.8,0.00,1,2.0,-6.3
13.15,cruise,348.05,1.95,0.600,1,-626.9,2790.8,2519.4,-2425.3,25.27,-22.59,304,273,-1,53.5,39.2,51.7,41.1,0.01,-0.02,1.00,0.00,0.00,0.00,-8.37,32.84,85,-1,0,-4,-2.5,0.00,0.600,0.619,2.06,0,26,0,355.7,217.8,275.6,274.7,0.00,1,2.0,-6.3
13.25,cruise,348.26,1.74,0.600,1,-624.3,2788.4,2516.8,-2422.9,26.35,-23.73,304,273,-1,54.3,39.7,52.4,41.9,0.02,-0.01,1.00,0.00,0.00,0.00,-8.33,34.46,85,-1,0,-4,-1.8,-0.01,0.600,0.617,2.25,0,26,0,355.4,218.4,275.7,275.0,0.00,1,3.8,-6.5
13.35,cruise,348.49,1.51,0.600,1,-618.8,2783.3,2514.1,-2420.5,28.63,-26.37,305,273,-1,55.1,40.3,53.4,42.9,0.03,0.00,1.00,0.00,0.00,0.00,-8.10,36.36,85,-1,0,-4,-0.4,-0.02,0.600,0.618,2.50,0,26,0,355.0,219.0,276.2,275.5,0.00,1,6.9,-5.7
13.45,cruise,348.73,1.27,0.600,1,-618.8,2783.3,2511.3,-2417.8,28.63,-26.37,306,273,-1,56.0,40.9,54.3,43.9,0.03,0.00,1.00,0.00,0.00,0.00,-7.87,38.12,85,-1,0,-5,-0.4,-0.03,0.600,0.620,2.70,0,26,0,354.4,219.5,276.8,276.1,0.00,1,6.9,-5.7
13.55,cruise,348.99,1.01,0.600,1,-615.8,2780.6,2508.3,-2415.1,29.79,-27.77,307,275,-1,56.9,41.6,55.2,44.8,0.02,-0.00,1.00,0.00,0.00,0.00,-7.37,40.06,85,-1,0,-6,-0.2,-0.04,0.600,0.616,2.86,0,26,0,353.8,219.9,277.4,276.8,0.00,1,7.1,-4.4
13.65,cruise,349.27,0.73,0.600,1,-609.6,2774.7,2505.3,-2412.2,32.12,-30.41,307,275,-1,57.8,42.2,56.0,45.4,0.01,-0.01,1.00,0.00,0.00,0.00,-6.88,41.92,85,-1,0,-6,-1.0,-0.04,0.600,0.614,2.97,0,26,0,353.3,220.0,278.0,277.5,0.00,1,6.9,-0.7
13.75,cruise,349.56,0.44,0.600,1,-609.6,2774.7,2502.1,-2409.2,32.12,-30.41,308,275,-1,58.7,42.9,56.8,45.9,0.00,-0.02,1.00,0.00,0.00,0.00,-6.36,43.78,85,-1,0,-7,-1.0,-0.04,0.600,0.611,3.04,0,26,0,352.8,220.0,278.5,278.0,0.00,1,6.9,-0.7
13.85,cruise,349.86,0.14,0.600,1,-602.9,2768.3,2498.8,-2406.1,34.50,-33.05,309,275,-1,59.6,43.6,57.4,46.1,-0.01,-0.03,1.00,0.00,0.00,0.00,-5.80,45.68,85,-1,0,-7,-2.2,-0.03,0.600,0.625,3.09,0,26,0,352.5,219.8,279.0,278.6,0.00,1,6.8,2.7
13.95,cruise,350.17,-0.17,0.500,1,-602.9,2768.3,2495.4,-2402.8,34.50,-33.05,310,277,-1,60.6,44.2,58.0,46.2,-0.02,-0.04,1.00,0.00,0.00,0.00,-5.31,47.48,85,-1,0,-8,-2.2,-0.03,0.500,0.530,3.13,0,26,0,352.2,219.4,279.5,279.1,0.00,1,6.8,2.7
14.05,cruise,350.48,-0.48,0.400,1,-595.7,2761.4,2491.8,-2399.4,36.83,-35.51,311,277,-1,61.6,44.8,58.7,46.3,-0.03,-0.04,1.00,0.00,0.00,0.00,-4.85,49.26,85,-1,0,-9,-3.3,-0.03,0.400,0.428,3.15,0,26,0,351.9,219.0,280.0,279.6,0.00,1,8.5,3.2
14.15,cruise,350.77,-0.77,0.379,1,-591.9,2757.8,2488.2,-2395.9,37.66,-36.30,311,277,-1,62.5,45.3,59.5,46.4,-0.04,-0.03,1.00,0.00,0.00,0.00,-4.33,50.97,85,-1,0,-9,-4.3,-0.02,0.379,0.405,3.09,0,26,0,351.6,218.6,280.5,280.2,0.00,1,9.2,2.9
14.25,cruise,351.03,-1.03,0.385,1,-588.1,2754.1,2484.4,-2392.3,38.36,-37.00,312,277,-1,63.3,45.5,60.5,46.6,-0.03,-0.01,1.00,0.00,0.00,0.00,-3.90,52.16,85,-1,0,-10,-5.4,-0.02,0.385,0.403,2.83,0,26,0,351.3,218.2,281.0,280.8,0.00,1,10.3,2.2
14.35,cruise,351.25,-1.25,0.400,1,-588.1,2754.1,2480.6,-2388.6,38.36,-37.00,312,278,-1,63.9,45.5,61.6,46.8,-0.02,0.01,1.00,0.00,0.00,0.00,-3.37,53.19,85,-1,0,-10,-5.4,-0.01,0.400,0.415,2.42,0,26,0,351.1,217.9,281.4,281.4,0.00,1,10.3,2.2
14.45,cruise,351.42,-1.42,0.418,1,-584.2,2750.3,2476.7,-2384.8,39.02,-37.53,313,278,-1,64.5,45.2,62.8,47.2,-0.01,0.04,1.00,0.00,0.00,0.00,-2.92,54.06,85,-1,0,-11,-6.6,0.00,0.418,0.439,1.99,0,26,0,351.0,217.6,281.7,282.0,0.00,1,11.1,1.1
14.55,cruise,351.54,-1.54,0.433,1,-576.2,2742.7,2472.8,-2381.0,40.50,-38.76,314,278,-1,65.1,44.7,64.2,47.7,-0.00,0.06,1.00,0.00,0.00,0.00,-2.47,54.96,85,-1,0,-11,-8.2,0.01,0.433,0.459,1.54,0,26,0,350.9,217.5,281.8,282.5,0.00,1,11.1,-1.7
14.65,cruise,351.61,-1.61,0.450,1,-572.1,2738.8,2468.7,-2377.2,41.33,-39.46,314,278,-1,65.6,44.2,65.5,48.3,-0.00,0.06,1.00,0.00,0.00,0.00,-1.91,56.02,85,-1,0,-12,-8.5,0.01,0.450,0.478,1.08,0,26,0,350.8,217.5,281.8,283.0,0.00,1,10.0,-2.4
14.75,cruise,351.64,-1.64,0.470,1,-572.1,2738.8,2464.6,-2373.3,41.33,-39.46,315,278,-1,66.1,43.7,66.8,48.8,-0.00,0.06,1.00,0.00,0.00,0.00,-1.37,57.13,85,-1,0,-12,-8.5,0.02,0.470,0.498,0.61,0,26,0,350.9,217.6,281.7,283.3,0.00,1,10.0,-2.4
14.85,cruise,351.63,-1.63,0.492,1,-567.9,2734.8,2460.4,-2369.3,42.28,-40.17,316,278,-1,66.6,43.2,67.8,49.1,-0.01,0.04,1.00,0.00,0.00,0.00,-0.93,58.31,85,-1,0,-12,-8.7,0.02,0.492,0.517,0.13,0,26,0,351.2,217.7,281.3,283.3,0.00,1,8.3,-2.6
14.95,cruise,351.58,-1.58,0.516,1,-563.6,2730.7,2456.1,-2365.2,43.26,-40.87,316,278,-1,67.0,42.8,68.5,49.0,-0.02,0.02,1.00,0.00,0.00,0.00,-0.59,59.51,85,-1,0,-12,-8.8,0.02,0.517,0.535,-0.35,0,26,0,351.7,217.9,280.6,282.9,0.00,1,5.6,-2.7
15.05,cruise,351.48,-1.48,0.543,1,-554.7,2722.3,2451.7,-2361.0,45.42,-42.63,316,278,-1,67.1,42.1,69.0,48.6,-0.03,-0.00,1.00,0.00,0.00,0.00,-0.26,60.87,85,-1,0,-11,-8.9,0.03,0.543,0.558,-0.83,0,26,0,352.3,218.1,279.7,282.1,0.00,1,1.1,-2.9
15.15,cruise,351.35,-1.35,0.571,1,-554.7,2722.3,2447.2,-2356.8,45.42,-42.63,317,276,-1,67.1,41.3,69.3,47.9,-0.03,-0.01,1.00,0.00,0.00,0.00,-0.23,62.29,85,-1,0,-10,-8.9,0.04,0.571,0.597,-1.29,0,26,0,353.2,218.3,278.6,281.0,0.00,1,1.1,-2.9
15.25,cruise,351.18,-1.18,0.598,1,-550.1,2718.0,2442.6,-2352.5,46.56,-43.51,317,276,-1,66.9,40.5,69.5,47.1,-0.03,-0.02,1.00,0.00,0.00,0.00,-0.36,63.72,85,-1,0,-9,-8.8,0.05,0.598,0.630,-1.71,0,26,0,354.1,218.7,277.4,279.6,0.00,1,-0.6,-3.7
15.35,cruise,350.97,-0.97,0.625,1,-545.3,2713.5,2437.8,-2348.0,47.75,-44.56,317,276,-1,66.8,39.7,69.6,46.3,-0.03,-0.02,1.00,0.00,0.00,0.00,-0.52,65.31,85,-1,0,-7,-8.5,0.05,0.625,0.658,-2.07,0,26,0,355.0,219.1,276.1,278.2,0.00,1,-1.6,-4.7
15.45,cruise,350.74,-0.74,0.650,1,-535.4,2704.4,2433.0,-2343.5,50.34,-46.76,316,276,-1,66.5,39.1,69.6,45.7,-0.02,-0.02,1.00,0.00,0.00,0.00,-0.84,66.96,85,-1,0,-6,-6.2,0.05,0.650,0.680,-2.38,0,26,0,355.9,219.7,274.9,276.7,0.00,1,-2.2,-7.4
15.55,cruise,350.47,-0.47,0.673,1,-535.4,2704.4,2427.9,-2338.9,50.34,-46.76,316,272,-1,66.3,38.5,69.8,45.4,-0.02,-0.01,1.00,0.00,0.00,0.00,-1.30,68.69,85,-1,0,-4,-6.2,0.04,0.673,0.692,-2.62,0,26,0,356.6,220.5,274.0,275.6,0.00,1,-2.2,-7.4
15.65,cruise,350.18,-0.18,0.695,1,-525.0,2694.7,2422.8,-2334.1,53.09,-49.39,316,272,-1,66.0,37.9,70.0,45.7,-0.00,0.00,1.00,0.00,0.00,0.00,-1.62,70.51,85,-1,0,-4,-2.2,0.03,0.695,0.698,-2.81,0,26,0,357.0,221.4,273.4,274.8,0.00,1,-0.4,-10.2
15.75,cruise,349.87,0.13,0.716,1,-519.6,2689.7,2417.5,-2329.2,54.54,-50.80,316,272,-1,65.7,37.3,70.4,46.5,0.01,0.02,1.00,0.00,0.00,0.00,-1.68,72.49,85,-1,0,-3,-0.8,0.00,0.716,0.734,-2.95,0,26,0,357.2,222.5,273.1,274.5,0.00,1,0.1,-11.1
15.85,cruise,349.54,0.46,0.738,1,-514.1,2684.5,2412.1,-2324.2,55.99,-52.29,316,272,-1,65.4,36.8,70.7,47.6,0.02,0.02,1.00,0.00,0.00,0.00,-1.54,74.52,85,-1,0,-3,0.1,-0.01,0.738,0.769,-3.08,0,26,0,357.2,223.6,273.0,274.5,0.00,1,-0.1,-11.2
15.95,cruise,349.20,0.80,0.760,1,-508.4,2679.1,2406.6,-2319.0,57.44,-53.96,316,272,-1,65.0,36.3,71.1,48.7,0.02,0.03,1.00,0.00,0.00,0.00,-1.15,76.60,85,-1,0,-3,0.7,-0.03,0.760,0.796,-3.21,0,26,0,357.1,224.7,272.9,274.5,0.00,1,-1.1,-11.0
16.05,cruise,348.84,1.16,0.784,1,-502.5,2673.6,2400.9,-2313.6,58.88,-55.63,316,272,-1,64.6,35.9,71.3,49.7,0.02,0.02,1.00,0.00,0.00,0.00,-0.45,78.81,85,-1,0,-3,1.0,-0.03,0.784,0.820,-3.35,0,26,0,357.1,225.8,272.8,274.4,0.00,1,-2.3,-10.8
16.15,cruise,348.48,1.52,0.800,1,-502.5,2673.6,2395.0,-2308.1,58.88,-55.63,317,272,-1,64.2,35.6,71.4,50.4,0.02,0.02,1.00,0.00,0.00,0.00,0.38,81.00,85,-1,0,-3,1.0,-0.03,0.800,0.832,-3.49,0,26,0,357.2,226.9,272.6,274.1,0.00,1,-2.3,-10.8
16.25,cruise,348.11,1.89,0.800,1,-496.5,2667.9,2389.0,-2302.4,60.33,-57.39,317,272,-1,63.8,35.3,71.4,50.9,0.02,0.01,1.00,0.00,0.00,0.00,1.30,83.26,85,-1,0,-2,0.6,-0.02,0.800,0.824,-3.62,0,26,0,357.6,227.9,272.2,273.4,0.00,1,-3.7,-10.1
16.35,cruise,347.74,2.26,0.800,1,-490.4,2662.0,2382.9,-2296.5,61.80,-59.33,318,271,-1,63.4,35.1,71.2,50.9,0.01,0.00,1.00,0.00,0.00,0.00,2.23,85.64,85,-1,0,-1,-0.1,-0.01,0.800,0.815,-3.73,0,26,0,358.2,228.8,271.6,272.5,0.00,1,-5.2,-9.2
16.45,cruise,347.36,2.64,0.800,1,-477.6,2649.7,2376.6,-2290.4,64.59,-63.28,318,271,-1,63.0,34.9,70.9,50.7,0.01,-0.00,1.00,0.00,0.00,0.00,3.07,87.99,85,-1,0,-0,-1.0,0.01,0.800,0.810,-3.81,0,26,0,359.0,229.5,270.9,271.4,0.00,1,-6.8,-6.6
16.55,cruise,346.98,3.02,0.800,1,-477.6,2649.7,2370.1,-2284.2,64.59,-63.28,318,271,-1,62.6,34.7,70.4,50.3,0.01,-0.01,1.00,0.00,0.00,0.00,3.87,90.34,85,-1,0,1,-1.0,0.02,0.800,0.812,-3.87,0,26,0,359.9,230.1,270.1,270.2,0.00,1,-6.8,-6.6
16.65,cruise,346.60,3.40,0.800,1,-471.1,2643.2,2363.6,-2277.7,65.91,-65.30,318,271,-1,62.2,34.6,69.9,49.6,0.00,-0.01,1.00,0.00,0.00,0.00,4.49,92.67,85,-1,0,2,-1.2,0.03,0.800,0.814,-3.91,0,26,0,0.9,230.6,269.3,268.8,0.00,1,-7.3,-5.2
16.75,cruise,346.23,3.77,0.800,1,-457.6,2629.6,2356.9,-2271.0,68.36,-69.26,318,267,-1,61.7,34.5,69.2,48.8,0.00,-0.02,1.00,0.00,0.00,0.00,4.61,94.91,85,-1,0,4,-1.4,0.04,0.800,0.816,-3.91,0,26,0,2.0,231.0,268.4,267.4,0.00,1,-7.8,-3.0
16.85,cruise,345.86,4.14,0.800,1,-450.7,2622.6,2350.1,-2264.1,69.51,-71.28,317,267,-1,61.3,34.3,68.6,47.9,0.00,-0.02,1.00,0.00,0.00,0.00,4.61,97.20,85,-1,0,5,-1.4,0.05,0.800,0.816,-3.89,0,26,0,3.1,231.3,267.5,266.1,0.00,1,-6.9,-2.9
16.95,cruise,345.50,4.50,0.800,1,-450.7,2622.6,2343.2,-2257.1,69.51,-71.28,317,267,-1,60.9,34.1,68.1,47.2,0.00,-0.01,1.00,0.00,0.00,0.00,4.51,99.46,85,-1,0,6,-1.4,0.06,0.800,0.813,-3.83,0,26,0,4.1,231.5,266.7,265.0,0.00,1,-6.9,-2.9
17.05,cruise,345.14,4.86,0.800,1,-436.5,2607.8,2336.1,-2249.8,71.67,-75.15,316,267,-1,60.5,33.9,67.7,46.8,0.01,-0.00,1.00,0.00,0.00,0.00,4.33,101.63,85,-1,0,7,0.2,0.06,0.800,0.810,-3.72,0,26,0,4.8,231.8,266.2,264.2,0.00,1,-3.9,-2.6
17.15,cruise,344.79,5.21,0.800,1,-436.5,2607.8,2329.0,-2242.3,71.67,-75.15,316,264,-1,60.1,33.7,67.4,46.7,0.02,0.01,1.00,0.00,0.00,0.00,3.97,103.77,85,-1,0,7,0.2,0.05,0.800,0.821,-3.58,0,26,0,5.2,232.0,265.9,263.8,0.00,1,-3.9,-2.6
17.25,cruise,344.45,5.55,0.800,1,-429.3,2600.1,2321.8,-2234.6,72.70,-77.08,315,264,-1,59.8,33.4,67.2,46.8,0.02,0.01,1.00,0.00,0.00,0.00,3.74,105.89,85,-1,0,7,1.3,0.04,0.800,0.829,-3.42,0,26,0,5.4,232.2,265.8,263.6,0.00,1,-2.5,-2.0
17.35,cruise,344.13,5.87,0.800,1,-414.5,2584.2,2314.4,-2226.8,74.67,-80.95,315,264,-1,59.4,33.2,67.0,46.8,0.02,0.01,1.00,0.00,0.00,0.00,3.62,107.99,85,-1,0,7,3.2,0.03,0.800,0.829,-3.27,0,26,0,5.4,232.2,265.8,263.7,0.00,1,-2.2,1.3
17.45,cruise,343.83,6.17,0.800,1,-414.5,2584.2,2307.0,-2218.7,74.67,-80.95,315,264,-1,59.1,33.1,66.6,46.7,0.02,0.01,1.00,0.00,0.00,0.00,3.56,110.07,85,-1,0,7,3.2,0.01,0.800,0.825,-3.13,0,26,0,5.3,232.0,265.8,263.8,0.00,1,-2.2,1.3
17.55,cruise,343.54,6.46,0.800,1,-399.3,2567.6,2299.4,-2210.5,76.61,-84.81,314,264,-1,58.7,33.1,66.2,46.6,0.02,0.00,1.00,0.00,0.00,0.00,3.51,112.15,85,-1,0,7,5.2,-0.00,0.800,0.819,-2.98,0,26,0,5.1,231.6,265.9,264.1,0.00,1,-2.5,5.3
17.65,cruise,343.27,6.73,0.800,1,-391.6,2558.9,2291.8,-2202.1,77.60,-86.66,314,264,-1,58.4,33.1,65.6,46.3,0.02,-0.01,1.00,0.00,0.00,0.00,3.41,114.24,85,-1,0,7,5.7,-0.02,0.800,0.821,-2.82,0,26,0,4.8,231.0,266.1,264.4,0.00,1,-2.8,6.8
17.75,cruise,343.03,6.97,0.800,1,-383.7,2550.1,2284.1,-2193.4,78.59,-88.51,313,264,-1,58.1,33.2,64.9,45.9,0.02,-0.01,1.00,0.00,0.00,0.00,3.11,116.28,85,-1,0,6,6.0,-0.02,0.800,0.825,-2.63,0,26,0,4.5,230.2,266.2,264.8,0.00,1,-3.1,8.2
17.85,cruise,342.81,7.19,0.800,1,-383.7,2550.1,2276.2,-2184.6,78.59,-88.51,313,264,-1,57.8,33.3,64.1,45.3,0.01,-0.02,1.00,0.00,0.00,0.00,2.66,118.33,85,-1,0,6,6.0,-0.03,0.800,0.828,-2.41,0,26,0,4.2,229.3,266.4,265.1,0.00,1,-3.1,8.2
17.95,cruise,342.62,7.38,0.800,1,-375.8,2541.2,2268.3,-2175.7,79.60,-90.18,312,265,-1,57.5,33.6,63.3,44.6,0.01,-0.03,1.00,0.00,0.00,0.00,2.01,120.26,85,-1,0,6,6.3,-0.04,0.800,0.831,-2.17,0,26,0,3.9,228.3,266.5,265.5,0.00,1,-3.4,9.6
18.05,cruise,342.46,7.54,0.800,1,-359.6,2522.7,2260.3,-2166.5,81.67,-93.52,312,265,-1,57.3,33.8,62.4,43.9,0.01,-0.03,1.00,0.00,0.00,0.00,1.22,122.27,85,-1,0,5,6.3,-0.04,0.800,0.832,-1.88,0,26,0,3.5,227.2,266.7,265.9,0.00,1,-2.5,10.5
18.15,cruise,342.33,7.67,0.800,1,-351.4,2513.2,2252.1,-2157.2,82.73,-95.10,311,265,-1,57.1,34.0,61.7,43.3,0.01,-0.03,1.00,0.00,0.00,0.00,0.14,124.16,85,-1,0,5,5.7,-0.04,0.800,0.830,-1.55,0,26,0,3.1,226.1,267.0,266.4,0.00,1,-1.1,10.5
18.25,cruise,342.24,7.76,0.800,1,-351.4,2513.2,2243.9,-2147.7,82.73,-95.10,311,265,-1,57.0,34.1,61.1,42.7,0.01,-0.02,1.00,0.00,0.00,0.00,-1.04,126.04,85,-1,0,4,5.7,-0.04,0.800,0.824,-1.18,0,26,0,2.6,225.1,267.5,267.0,0.00,1,-1.1,10.5
18.35,cruise,342.19,7.81,0.800,1,-343.0,2503.6,2235.5,-2138.1,83.78,-96.68,310,267,-1,56.9,34.0,60.7,42.1,0.01,-0.01,1.00,0.00,0.00,0.00,-1.99,127.92,85,-1,0,3,4.6,-0.03,0.800,0.815,-0.76,0,26,0,2.0,224.0,268.0,267.6,0.00,1,0.6,10.6
18.45,cruise,342.18,7.82,0.800,1,-334.6,2493.8,2227.1,-2128.3,84.88,-98.09,309,267,-1,56.9,33.9,60.5,41.6,0.01,0.00,1.00,0.00,0.00,0.00,-3.13,129.68,85,-1,0,3,3.3,-0.02,0.800,0.808,-0.32,0,26,0,1.4,223.0,268.5,268.3,0.00,1,2.5,10.6
18.55,cruise,342.21,7.79,0.800,1,-317.3,2473.9,2218.5,-2118.4,87.17,-100.90,309,267,-1,57.0,33.7,60.5,41.2,0.01,0.02,1.00,0.00,0.00,0.00,-4.28,131.43,85,-1,0,2,1.1,-0.01,0.800,0.820,0.13,0,26,0,0.7,221.9,269.2,269.1,0.00,1,5.5,11.0
18.65,cruise,342.29,7.71,0.800,1,-308.5,2463.7,2209.8,-2108.4,88.40,-102.13,308,267,-1,57.1,33.5,60.6,40.6,0.01,0.02,1.00,0.00,0.00,0.00,-5.52,133.22,85,-1,0,1,0.4,-0.00,0.800,0.822,0.57,0,26,0,0.1,220.8,269.8,269.8,0.00,1,5.1,11.8
18.75,cruise,342.41,7.59,0.800,1,-299.6,2453.4,2201.0,-2098.2,89.66,-103.36,308,269,-1,57.3,33.4,60.7,39.9,0.00,0.02,1.00,0.00,0.00,0.00,-6.66,134.91,85,-1,0,1,0.0,0.00,0.800,0.814,0.99,0,26,0,359.7,219.6,270.4,270.4,0.00,1,3.9,11.8
18.85,cruise,342.57,7.43,0.800,1,-299.6,2453.4,2192.1,-2087.9,89.66,-103.36,308,269,-1,57.5,33.3,60.6,39.0,-0.01,0.01,1.00,0.00,0.00,0.00,-8.01,136.59,85,-1,0,0,0.0,0.00,0.800,0.812,1.41,0,26,0,359.4,218.4,270.7,270.8,0.00,1,3.9,11.8
18.95,cruise,342.79,7.21,0.800,1,-281.3,2432.4,2183.0,-2077.4,92.32,-105.64,307,269,-1,57.8,33.4,60.5,38.0,-0.01,-0.00,1.00,0.00,0.00,0.00,-9.70,138.22,85,-1,0,0,-0.4,0.00,0.800,0.811,1.83,0,26,0,359.3,217.2,270.9,270.9,0.00,1,1.0,11.8
19.05,cruise,343.04,6.96,0.800,1,-281.3,2432.4,2173.8,-2066.9,92.32,-105.64,306,269,-1,58.0,33.6,60.1,36.8,-0.02,-0.01,1.00,0.00,0.00,0.00,-11.68,139.81,85,-1,0,0,-0.4,0.01,0.800,0.826,2.25,0,26,0,359.3,216.0,270.9,270.9,0.00,1,1.0,11.8
19.15,cruise,343.35,6.65,0.800,1,-272.0,2421.8,2164.5,-2056.3,93.68,-106.70,306,270,-1,58.4,33.9,59.8,35.6,-0.02,-0.02,1.00,0.00,0.00,0.00,-13.93,141.30,85,-1,0,0,-0.5,0.01,0.800,0.834,2.69,0,26,0,359.4,214.9,270.9,270.9,0.00,1,-0.0,11.4
19.25,cruise,343.70,6.30,0.800,1,-252.9,2400.2,2155.0,-2045.5,96.47,-108.54,305,270,-1,58.7,34.2,59.4,34.5,-0.02,-0.02,1.00,0.00,0.00,0.00,-16.44,142.69,85,-1,0,0,-0.6,0.01,0.800,0.839,3.15,0,26,0,359.5,213.9,270.8,270.7,0.00,1,-0.8,9.1
19.35,cruise,344.09,5.91,0.800,1,-252.9,2400.2,2145.4,-2034.7,96.47,-108.54,304,270,-1,59.1,34.7,59.1,33.5,-0.03,-0.03,1.00,0.00,0.00,0.00,-19.15,143.95,85,-1,0,1,-0.6,0.01,0.800,0.844,3.62,0,26,0,359.6,213.0,270.6,270.6,0.00,1,-0.8,9.1
19.45,cruise,344.53,5.47,0.790,1,-243.1,2389.3,2135.6,-2023.8,97.89,-109.42,303,270,-1,59.6,35.2,58.8,32.5,-0.03,-0.03,1.00,0.00,0.00,0.00,-21.97,145.17,85,-1,0,1,-0.6,0.01,0.790,0.841,4.11,0,26,0,359.8,212.3,270.4,270.3,0.00,1,-1.2,8.0
19.55,cruise,345.03,4.97,0.738,1,-223.2,2367.2,2125.7,-2012.8,100.70,-111.01,302,269,-1,60.1,35.8,58.5,31.7,-0.03,-0.04,1.00,0.00,0.00,0.00,-24.98,146.23,85,-1,0,1,-0.4,0.01,0.738,0.793,4.62,0,26,0,359.9,211.5,270.2,270.2,0.00,1,-0.5,7.1
19.65,cruise,345.57,4.43,0.686,1,-223.2,2367.2,2115.7,-2001.7,100.70,-111.01,301,269,-1,60.7,36.4,58.3,31.0,-0.04,-0.04,1.00,0.00,0.00,0.00,-27.95,147.24,85,-1,0,1,-0.4,0.01,0.686,0.740,5.13,0,26,0,359.9,210.9,270.1,270.1,0.00,1,-0.5,7.1
19.75,cruise,346.15,3.85,0.637,1,-202.7,2344.8,2105.5,-1990.5,103.17,-112.06,301,269,-1,61.3,37.0,58.2,30.6,-0.03,-0.04,1.00,0.00,0.00,0.00,-30.83,147.96,85,-1,0,1,1.9,-0.00,0.637,0.683,5.61,0,26,0,359.8,210.3,270.4,270.4,0.00,1,2.8,5.0
19.85,cruise,346.75,3.25,0.595,1,-202.7,2344.8,2095.2,-1979.3,103.17,-112.06,300,269,-1,61.9,37.6,58.4,30.6,-0.02,-0.03,1.00,0.00,0.00,0.00,-33.27,148.64,85,-1,0,0,1.9,-0.02,0.595,0.622,6.03,0,26,0,359.3,209.8,271.2,271.0,0.00,1,2.8,5.0
19.95,cruise,347.38,2.62,0.564,1,-181.9,2322.3,2084.8,-1968.1,105.03,-112.68,300,270,-1,62.6,38.1,58.9,31.2,-0.00,-0.00,1.00,0.00,0.00,0.00,-34.95,149.23,85,-1,0,-1,3.6,-0.04,0.564,0.567,6.35,0,26,0,358.7,209.5,272.3,272.0,0.00,1,7.8,1.7
20.05,cruise,348.01,1.99,0.547,1,-171.3,2311.1,2074.4,-1956.8,105.77,-112.85,299,270,-1,63.3,38.6,59.6,32.1,0.01,0.02,1.00,0.00,0.00,0.00,-35.97,149.78,85,-1,0,-2,3.6,-0.06,0.547,0.565,6.52,0,26,0,357.8,209.4,273.8,273.3,0.00,1,9.2,1.1
20.15,cruise,348.63,1.37,0.529,1,-171.3,2311.1,2063.8,-1945.6,105.77,-112.85,300,270,-1,64.0,39.0,60.4,33.2,0.02,0.03,1.00,0.00,0.00,0.00,-36.42,150.32,85,-1,0,-4,3.6,-0.07,0.530,0.558,6.57,0,26,0,357.0,209.3,275.4,274.7,0.00,1,9.2,1.1
20.25,cruise,349.26,0.74,0.503,1,-150.0,2288.5,2053.2,-1934.3,107.19,-113.03,300,270,-1,64.7,39.4,61.3,34.2,0.02,0.04,1.00,0.00,0.00,0.00,-36.48,150.81,85,-1,0,-5,3.0,-0.08,0.504,0.532,6.53,0,26,0,356.1,209.1,277.0,276.2,0.00,1,8.4,1.6
20.35,cruise,349.87,0.13,0.482,1,-150.0,2288.5,2042.5,-1923.0,107.19,-113.03,300,274,-1,65.4,39.9,62.0,35.1,0.01,0.02,1.00,0.00,0.00,0.00,-35.59,151.65,85,-1,0,-6,3.0,-0.08,0.482,0.500,6.40,0,26,0,355.4,208.9,278.3,277.4,0.00,1,8.4,1.6
20.45,cruise,350.46,-0.46,0.465,1,-139.2,2277.2,2031.7,-1911.7,107.83,-113.03,301,274,-1,66.1,40.4,62.6,35.7,0.00,0.01,1.00,0.00,0.00,0.00,-34.68,152.31,85,-1,0,-7,1.9,-0.07,0.465,0.471,6.19,0,26,0,354.9,208.6,279.3,278.4,0.00,1,7.1,2.0
20.55,cruise,351.04,-1.04,0.452,1,-117.5,2254.6,2020.9,-1900.4,108.90,-112.85,301,274,-1,66.7,40.9,63.1,35.9,-0.01,-0.01,1.00,0.00,0.00,0.00,-33.79,152.91,85,-1,0,-8,-1.0,-0.06,0.452,0.461,5.89,0,26,0,354.6,208.3,280.0,279.0,0.00,1,4.4,3.9
20.65,cruise,351.58,-1.58,0.443,1,-117.5,2254.6,2010.0,-1889.1,108.90,-112.85,302,274,-1,67.3,41.4,63.4,35.7,-0.03,-0.04,1.00,0.00,0.00,0.00,-33.21,153.27,85,-1,0,-8,-1.0,-0.04,0.443,0.473,5.55,0,26,0,354.5,207.8,280.3,279.2,0.00,1,4.4,3.9
20.75,cruise,352.09,-2.09,0.437,1,-106.6,2243.3,1999.1,-1877.8,109.36,-112.76,302,274,-1,67.9,41.8,63.5,35.2,-0.05,-0.06,1.00,0.00,0.00,0.00,-32.76,153.63,85,-1,0,-8,-2.2,-0.03,0.437,0.483,5.16,0,26,0,354.7,207.4,280.2,279.1,0.00,1,2.8,4.3
20.85,cruise,352.56,-2.56,0.434,1,-95.6,2232.0,1988.1,-1866.5,109.76,-112.50,302,274,-1,68.4,42.2,63.7,34.6,-0.05,-0.06,1.00,0.00,0.00,0.00,-32.73,153.73,85,-1,0,-8,-3.1,-0.02,0.434,0.484,4.76,0,26,0,354.9,206.9,280.0,278.9,0.00,1,2.4,4.2
20.95,cruise,352.99,-2.99,0.430,1,-73.5,2209.6,1977.1,-1855.3,110.56,-112.15,302,274,-1,68.9,42.4,64.0,34.0,-0.05,-0.05,1.00,0.00,0.00,0.00,-32.92,153.86,85,-1,0,-7,-4.8,-0.00,0.430,0.474,4.39,0,26,0,355.2,206.6,279.6,278.6,0.00,1,4.5,1.2
21.05,cruise,353.38,-3.38,0.427,1,-73.5,2209.6,1966.0,-1844.1,110.56,-112.15,302,274,-1,69.3,42.5,64.6,33.7,-0.04,-0.02,1.00,0.00,0.00,0.00,-33.21,153.94,85,-1,0,-7,-4.8,0.01,0.427,0.456,4.01,0,26,0,355.4,206.5,279.1,278.3,0.00,1,4.5,1.2
21.15,cruise,353.72,-3.72,0.426,1,-51.3,2187.2,1955.0,-1832.9,111.32,-111.53,302,273,-1,69.7,42.3,65.4,33.8,-0.03,0.01,1.00,0.00,0.00,0.00,-33.67,153.87,85,-1,0,-7,-5.5,0.01,0.426,0.445,3.65,0,26,0,355.6,206.6,278.8,278.2,0.00,1,8.2,-3.2
21.25,cruise,354.01,-4.01,0.427,1,-40.2,2176.1,1943.8,-1821.7,111.69,-111.27,303,273,-1,70.1,41.9,66.4,34.2,-0.02,0.05,1.00,0.00,0.00,0.00,-33.87,153.90,85,-1,0,-7,-5.5,0.02,0.427,0.454,3.27,0,26,0,355.7,206.9,278.4,278.2,0.00,1,9.0,-4.8
21.35,cruise,354.26,-4.26,0.432,1,-40.2,2176.1,1932.7,-1810.6,111.69,-111.27,303,273,-1,70.4,41.4,67.5,34.8,-0.01,0.07,1.00,0.00,0.00,0.00,-33.80,153.99,85,-1,0,-7,-5.5,0.01,0.432,0.464,2.85,0,26,0,355.8,207.3,278.2,278.4,0.00,1,9.0,-4.8
21.45,cruise,354.46,-4.46,0.440,1,-29.0,2165.0,1921.5,-1799.5,112.09,-111.01,303,273,-1,70.7,40.8,68.5,35.6,0.00,0.07,1.00,0.00,0.00,0.00,-33.46,154.16,85,-1,0,-7,-5.2,0.01,0.441,0.473,2.39,0,26,0,355.8,207.9,277.9,278.5,0.00,1,8.8,-6.1
21.55,cruise,354.61,-4.61,0.455,1,-6.5,2142.8,1910.2,-1788.4,112.89,-110.57,303,273,-1,70.9,40.2,69.5,36.4,0.00,0.07,1.00,0.00,0.00,0.00,-32.88,154.36,85,-1,0,-7,-4.8,0.01,0.455,0.486,1.87,0,26,0,355.9,208.6,277.5,278.6,0.00,1,5.7,-8.1
21.65,cruise,354.71,-4.71,0.472,1,4.9,2131.8,1899.0,-1777.3,113.43,-110.57,304,273,-1,71.0,39.7,70.2,37.1,0.00,0.05,1.00,0.00,0.00,0.00,-32.17,154.70,85,-1,0,-7,-4.6,0.01,0.472,0.494,1.33,0,26,0,356.0,209.4,277.0,278.4,0.00,1,3.1,-8.3
21.75,cruise,354.77,-4.77,0.490,1,4.9,2131.8,1887.6,-1766.3,113.43,-110.57,304,273,-1,71.1,39.3,70.7,37.4,-0.00,0.02,1.00,0.00,0.00,0.00,-31.46,155.24,85,-1,0,-7,-4.6,0.01,0.490,0.501,0.81,0,26,0,356.3,210.2,276.3,277.9,0.00,1,3.1,-8.3
21.85,cruise,354.78,-4.78,0.512,1,16.2,2120.7,1876.3,-1755.2,113.95,-110.39,305,273,-1,71.1,39.1,70.9,37.4,-0.01,-0.01,1.00,0.00,0.00,0.00,-31.01,155.60,85,-1,0,-6,-4.5,0.01,0.512,0.524,0.26,0,26,0,356.8,211.0,275.3,276.9,0.00,1,0.3,-8.4
21.95,cruise,354.74,-4.74,0.535,1,39.2,2098.6,1864.8,-1744.2,115.11,-110.57,305,272,-1,71.1,39.1,70.9,37.1,-0.02,-0.03,1.00,0.00,0.00,0.00,-30.92,156.02,85,-1,0,-5,-4.5,0.02,0.535,0.561,-0.27,0,26,0,357.3,211.9,274.3,275.7,0.00,1,-3.3,-8.3
22.05,cruise,354.66,-4.66,0.558,1,39.2,2098.6,1853.3,-1733.1,115.11,-110.57,305,272,-1,71.0,39.0,70.8,36.6,-0.02,-0.04,1.00,0.00,0.00,0.00,-31.04,156.56,85,-1,0,-3,-4.5,0.03,0.558,0.594,-0.76,0,26,0,358.0,212.7,273.1,274.2,0.00,1,-3.3,-8.3
22.15,cruise,354.54,-4.54,0.581,1,62.4,2076.5,1841.8,-1722.1,116.38,-110.92,305,272,-1,70.9,38.9,70.6,36.2,-0.02,-0.04,1.00,0.00,0.00,0.00,-31.45,156.99,85,-1,0,-2,-3.9,0.04,0.581,0.617,-1.20,0,26,0,358.6,213.5,272.1,272.9,0.00,1,-3.1,-8.3
22.25,cruise,354.37,-4.37,0.603,1,74.0,2065.4,1830.1,-1711.0,117.09,-111.18,305,272,-1,70.7,38.7,70.6,35.9,-0.01,-0.03,1.00,0.00,0.00,0.00,-31.91,157.57,85,-1,0,-1,-3.2,0.04,0.603,0.633,-1.58,0,26,0,359.2,214.4,271.2,271.7,0.00,1,-2.4,-8.7
22.35,cruise,354.18,-4.18,0.624,1,85.8,2054.2,1818.5,-1699.9,117.85,-111.53,305,269,-1,70.5,38.4,70.6,35.9,-0.01,-0.02,1.00,0.00,0.00,0.00,-32.65,158.13,85,-1,0,0,-2.3,0.04,0.624,0.645,-1.90,0,26,0,359.6,215.3,270.5,270.8,0.00,1,-1.2,-8.9
22.45,cruise,353.95,-3.95,0.643,1,85.8,2054.2,1806.7,-1688.7,117.85,-111.53,305,269,-1,70.3,38.0,70.7,36.4,-0.00,-0.01,1.00,0.00,0.00,0.00,-33.16,158.84,85,-1,0,1,-2.3,0.03,0.643,0.650,-2.17,0,26,0,359.9,216.1,270.2,270.2,0.00,1,-1.2,-8.9
22.55,cruise,353.69,-3.69,0.663,1,97.7,2043.0,1794.8,-1677.5,118.66,-112.06,305,269,-1,70.0,37.6,71.0,37.1,0.00,0.00,1.00,0.00,0.00,0.00,-33.27,159.78,85,-1,0,1,-1.2,0.02,0.663,0.668,-2.40,0,26,0,360.0,217.0,270.1,270.1,0.00,1,0.1,-8.7
22.65,cruise,353.41,-3.41,0.682,1,109.6,2031.8,1782.9,-1666.3,119.50,-112.63,305,269,-1,69.7,37.1,71.2,38.1,0.01,0.01,1.00,0.00,0.00,0.00,-32.99,160.86,85,-1,0,1,-0.1,0.01,0.682,0.697,-2.61,0,26,0,359.9,217.9,270.2,270.2,0.00,1,0.7,-8.5
22.75,cruise,353.11,-3.11,0.703,1,133.7,2009.1,1770.9,-1655.0,121.25,-113.91,305,269,-1,69.4,36.6,71.5,39.1,0.01,0.02,1.00,0.00,0.00,0.00,-32.37,162.02,85,-1,0,1,1.1,-0.00,0.703,0.722,-2.83,0,26,0,359.8,218.6,270.3,270.5,0.00,1,0.5,-7.7
22.85,cruise,352.79,-2.79,0.724,1,133.7,2009.1,1758.8,-1643.6,121.25,-113.91,306,269,-1,69.1,36.2,71.7,40.1,0.01,0.02,1.00,0.00,0.00,0.00,-31.41,163.37,85,-1,0,0,1.1,-0.01,0.724,0.747,-3.03,0,26,0,359.6,219.4,270.5,270.8,0.00,1,0.5,-7.7
22.95,cruise,352.45,-2.45,0.746,1,145.9,1997.7,1746.6,-1632.2,122.22,-114.74,306,269,-1,68.7,35.7,71.9,41.2,0.02,0.02,1.00,0.00,0.00,0.00,-30.13,164.91,85,-1,0,-0,1.4,-0.02,0.746,0.773,-3.21,0,26,0,359.4,220.1,270.7,271.1,0.00,1,0.4,-7.5
23.05,cruise,352.09,-2.09,0.768,1,170.6,1974.5,1734.3,-1620.6,124.20,-116.54,307,269,-1,68.4,35.3,72.1,42.1,0.02,0.02,1.00,0.00,0.00,0.00,-28.62,166.51,85,-1,0,-0,1.7,-0.02,0.768,0.796,-3.39,0,26,0,359.3,220.8,270.9,271.4,0.00,1,-0.8,-6.3
23.15,cruise,351.73,-1.73,0.791,1,170.6,1974.5,1721.9,-1609.0,124.20,-116.54,308,270,-1,68.0,34.9,72.1,42.9,0.02,0.02,1.00,0.00,0.00,0.00,-26.95,168.17,85,-1,0,-0,1.7,-0.02,0.791,0.816,-3.55,0,26,0,359.2,221.4,270.9,271.5,0.00,1,-0.8,-6.3
23.25,cruise,351.35,-1.35,0.800,1,183.1,1962.8,1709.4,-1597.3,125.27,-117.55,308,270,-1,67.6,34.6,72.1,43.5,0.02,0.01,1.00,0.00,0.00,0.00,-25.26,169.92,85,-1,0,-0,1.8,-0.02,0.800,0.825,-3.68,0,26,0,359.1,222.0,271.0,271.6,0.00,1,-1.5,-5.8
23.35,cruise,350.96,-0.96,0.800,1,208.4,1939.0,1696.8,-1585.4,127.44,-119.84,309,270,-1,67.2,34.3,72.0,43.9,0.02,0.01,1.00,0.00,0.00,0.00,-23.55,171.75,85,-1,0,-0,1.8,-0.02,0.800,0.823,-3.79,0,26,0,359.1,222.5,270.9,271.5,0.00,1,-2.8,-4.5
23.45,cruise,350.57,-0.57,0.800,1,208.4,1939.0,1684.1,-1573.5,127.44,-119.84,310,270,-1,66.7,34.0,71.8,44.2,0.01,0.01,1.00,0.00,0.00,0.00,-21.99,173.55,85,-1,0,-0,1.8,-0.02,0.800,0.819,-3.87,0,26,0,359.2,223.0,270.8,271.4,0.00,1,-2.8,-4.5
23.55,cruise,350.18,-0.18,0.800,1,234.2,1914.7,1671.3,-1561.4,129.61,-122.21,310,270,-1,66.3,33.8,71.6,44.3,0.01,0.01,1.00,0.00,0.00,0.00,-20.63,175.34,85,-1,0,-0,1.8,-0.02,0.800,0.816,-3.94,0,26,0,359.3,223.2,270.7,271.2,0.00,1,-3.4,-1.8
23.65,cruise,349.79,0.21,0.800,1,234.2,1914.7,1658.3,-1549.2,129.61,-122.21,310,270,-1,65.9,33.6,71.2,44.2,0.01,0.00,1.00,0.00,0.00,0.00,-19.51,177.07,85,-1,0,0,1.8,-0.02,0.800,0.812,-4.00,0,26,0,359.5,223.4,270.5,270.9,0.00,1,-3.4,-1.8
23.75,cruise,349.39,0.61,0.800,1,260.3,1890.0,1645.3,-1536.9,131.67,-124.63,311,270,-1,65.5,33.5,70.8,43.9,0.01,-0.00,1.00,0.00,0.00,0.00,-18.66,178.77,85,-1,0,1,1.8,-0.02,0.800,0.810,-4.04,0,26,0,359.7,223.4,270.3,270.5,0.00,1,-4.2,0.7
23.85,cruise,349.00,1.00,0.800,1,273.6,1877.4,1632.2,-1524.5,132.67,-125.82,311,270,-1,65.0,33.3,70.3,43.5,0.01,-0.01,1.00,0.00,0.00,0.00,-18.19,180.38,85,-1,0,1,1.8,-0.02,0.800,0.812,-4.05,0,26,0,359.9,223.3,270.1,270.2,0.00,1,-4.6,2.0
23.95,cruise,348.61,1.39,0.800,1,286.9,1864.7,1618.9,-1511.9,133.66,-126.96,311,269,-1,64.6,33.2,69.8,42.9,0.01,-0.01,1.00,0.00,0.00,0.00,-18.22,181.93,85,-1,0,1,1.9,-0.01,0.800,0.814,-4.05,0,26,0,0.2,223.1,269.8,269.7,0.00,1,-5.0,3.2
24.05,cruise,348.22,1.78,0.800,1,300.4,1852.0,1605.6,-1499.2,134.64,-128.10,311,269,-1,64.2,33.2,69.1,42.1,0.00,-0.02,1.00,0.00,0.00,0.00,-18.68,183.40,85,-1,0,2,1.9,-0.01,0.800,0.816,-4.02,0,26,0,0.4,222.7,269.5,269.3,0.00,1,-5.0,4.1
24.15,cruise,347.85,2.15,0.800,1,300.4,1852.0,1592.1,-1486.5,134.64,-128.10,310,269,-1,63.8,33.1,68.5,41.3,0.00,-0.02,1.00,0.00,0.00,0.00,-19.49,184.82,85,-1,0,2,1.9,-0.01,0.800,0.815,-3.95,0,26,0,0.7,222.3,269.2,268.9,0.00,1,-5.0,4.1
24.25,cruise,347.48,2.52,0.800,1,313.9,1839.1,1578.6,-1473.6,135.60,-129.16,310,269,-1,63.3,32.9,68.0,40.7,0.00,-0.01,1.00,0.00,0.00,0.00,-20.60,186.13,85,-1,0,2,1.9,-0.01,0.800,0.812,-3.86,0,26,0,0.9,221.9,269.0,268.6,0.00,1,-4.2,4.1
24.35,cruise,347.13,2.87,0.800,1,341.3,1813.0,1565.0,-1460.6,137.54,-131.35,310,268,-1,63.0,32.8,67.5,40.2,0.01,-0.01,1.00,0.00,0.00,0.00,-21.95,187.48,85,-1,0,3,1.9,-0.00,0.800,0.809,-3.73,0,26,0,0.9,221.5,268.9,268.5,0.00,1,-2.6,4.2
24.45,cruise,346.78,3.22,0.800,1,355.1,1799.8,1551.2,-1447.5,138.50,-132.32,309,268,-1,62.6,32.5,67.1,39.7,0.01,-0.00,1.00,0.00,0.00,0.00,-23.43,188.74,85,-1,0,3,1.9,-0.00,0.800,0.806,-3.59,0,26,0,1.0,221.1,268.9,268.5,0.00,1,-1.9,4.3
24.55,cruise,346.45,3.55,0.800,1,355.1,1799.8,1537.4,-1434.3,138.50,-132.32,309,268,-1,62.2,32.3,66.8,39.4,0.01,0.01,1.00,0.00,0.00,0.00,-24.99,189.91,85,-1,0,3,1.9,-0.01,0.800,0.811,-3.42,0,26,0,0.9,220.6,268.9,268.6,0.00,1,-1.9,4.3
24.65,cruise,346.15,3.85,0.800,1,383.0,1773.0,1523.5,-1420.9,140.42,-134.30,308,268,-1,61.9,32.1,66.4,38.9,0.01,0.00,1.00,0.00,0.00,0.00,-26.58,191.10,85,-1,0,2,1.9,-0.01,0.800,0.810,-3.24,0,26,0,0.9,220.1,269.0,268.7,0.00,1,-2.0,6.0
24.75,cruise,345.86,4.14,0.800,1,397.2,1759.5,1509.5,-1407.5,141.39,-135.22,308,268,-1,61.6,31.9,66.0,38.3,0.00,-0.00,1.00,0.00,0.00,0.00,-28.31,192.23,85,-1,0,2,2.0,-0.01,0.800,0.804,-3.04,0,26,0,0.8,219.5,269.0,268.7,0.00,1,-2.4,7.3
24.85,cruise,345.60,4.40,0.800,1,397.2,1759.5,1495.3,-1394.0,141.39,-135.22,307,268,-1,61.3,31.8,65.5,37.6,0.00,-0.01,1.00,0.00,0.00,0.00,-30.31,193.28,85,-1,0,2,2.0,-0.01,0.800,0.805,-2.82,0,26,0,0.8,218.7,269.0,268.7,0.00,1,-2.4,7.3
24.95,cruise,345.37,4.63,0.800,1,425.7,1732.3,1481.1,-1380.5,143.36,-136.93,307,268,-1,61.0,31.7,65.0,36.7,-0.00,-0.01,1.00,0.00,0.00,0.00,-32.60,194.24,85,-1,0,2,2.0,-0.01,0.800,0.813,-2.58,0,26,0,0.8,217.8,268.9,268.7,0.00,1,-2.7,9.2
25.05,cruise,345.17,4.83,0.800,1,440.1,1718.5,1466.8,-1366.8,144.36,-137.72,306,268,-1,60.8,31.7,64.4,35.8,-0.01,-0.01,1.00,0.00,0.00,0.00,-35.16,195.11,85,-1,0,2,2.0,-0.01,0.800,0.815,-2.31,0,26,0,0.8,216.9,268.9,268.7,0.00,1,-2.0,9.3
25.15,cruise,344.99,5.01,0.800,1,454.6,1704.7,1452.4,-1353.0,145.37,-138.52,305,268,-1,60.6,31.7,64.0,35.0,-0.01,-0.01,1.00,0.00,0.00,0.00,-37.88,195.89,85,-1,0,2,2.0,-0.01,0.800,0.811,-2.02,0,26,0,0.7,216.0,269.0,268.8,0.00,1,-1.2,9.3
25.25,cruise,344.84,5.16,0.800,1,454.6,1704.7,1437.9,-1339.2,145.37,-138.52,305,268,-1,60.5,31.6,63.6,34.2,-0.01,-0.00,1.00,0.00,0.00,0.00,-40.70,196.63,85,-1,0,2,2.0,-0.01,0.800,0.808,-1.70,0,26,0,0.6,215.0,269.1,269.0,0.00,1,-1.2,9.3
25.35,cruise,344.73,5.27,0.800,1,469.2,1690.8,1423.3,-1325.3,146.40,-139.13,304,268,-1,60.3,31.6,63.3,33.5,-0.01,0.00,1.00,0.00,0.00,0.00,-43.68,197.19,85,-1,0,2,2.0,-0.01,0.800,0.806,-1.36,0,26,0,0.4,214.1,269.4,269.3,0.00,1,-0.5,9.3
25.45,cruise,344.65,5.35,0.800,1,498.8,1662.8,1408.6,-1311.3,148.49,-140.41,303,268,-1,60.2,31.6,63.0,32.9,-0.01,0.00,1.00,0.00,0.00,0.00,-46.59,197.79,85,-1,0,2,2.0,-0.01,0.800,0.806,-1.01,0,26,0,0.2,213.2,269.6,269.6,0.00,1,-0.6,7.8
25.55,cruise,344.61,5.39,0.800,1,498.8,1662.8,1393.7,-1297.3,148.49,-140.41,303,269,-1,60.2,31.7,62.7,32.4,-0.01,-0.00,1.00,0.00,0.00,0.00,-49.40,198.30,85,-1,0,1,2.0,-0.01,0.800,0.805,-0.65,0,26,0,0.1,212.5,269.9,269.9,0.00,1,-0.6,7.8
25.65,cruise,344.60,5.40,0.800,1,513.7,1648.7,1378.8,-1283.2,149.56,-140.93,302,269,-1,60.1,32.1,62.4,31.9,-0.01,-0.00,1.00,0.00,0.00,0.00,-52.21,198.76,85,-1,0,1,2.0,-0.02,0.800,0.807,-0.27,0,26,0,360.0,211.9,270.1,270.1,0.00,1,-1.0,6.7
25.75,cruise,344.63,5.37,0.800,1,543.9,1620.4,1363.8,-1269.1,151.70,-141.90,301,269,-1,60.1,32.5,62.1,31.5,-0.01,-0.00,1.00,0.00,0.00,0.00,-54.94,199.21,85,-1,0,1,1.9,-0.02,0.800,0.809,0.12,0,26,0,359.9,211.3,270.2,270.2,0.00,1,-1.8,4.5
25.85,cruise,344.70,5.30,0.800,1,543.9,1620.4,1348.6,-1254.9,151.70,-141.90,301,269,-1,60.1,32.9,61.8,31.2,-0.01,-0.01,1.00,0.00,0.00,0.00,-57.60,199.58,85,-1,0,1,1.9,-0.02,0.800,0.812,0.52,0,26,0,359.8,210.9,270.3,270.3,0.00,1,-1.8,4.5
25.95,cruise,344.82,5.18,0.800,1,574.5,1591.9,1333.4,-1240.7,153.85,-142.78,300,269,-1,60.2,33.5,61.4,30.9,-0.01,-0.01,1.00,0.00,0.00,0.00,-60.09,199.99,85,-1,0,1,1.8,-0.02,0.800,0.815,0.94,0,26,0,359.7,210.6,270.4,270.4,0.00,1,-2.6,2.3
26.05,cruise,344.97,5.03,0.800,1,589.9,1577.6,1318.0,-1226.4,154.91,-143.22,300,269,-1,60.3,34.1,61.1,30.8,-0.01,-0.01,1.00,0.00,0.00,0.00,-62.43,200.40,85,-1,0,1,1.8,-0.02,0.800,0.819,1.36,0,26,0,359.7,210.4,270.5,270.4,0.00,1,-2.6,1.7
26.15,cruise,345.17,4.83,0.800,1,605.5,1563.3,1302.6,-1212.1,155.92,-143.61,299,269,-1,60.4,34.8,60.8,30.6,-0.01,-0.01,1.00,0.00,0.00,0.00,-64.62,200.83,85,-1,0,1,1.8,-0.02,0.800,0.819,1.80,0,26,0,359.7,210.2,270.5,270.5,0.00,1,-1.8,1.8
26.25,cruise,345.41,4.59,0.800,1,605.5,1563.3,1287.0,-1197.8,155.92,-143.61,299,269,-1,60.6,35.4,60.5,30.6,-0.01,-0.01,1.00,0.00,0.00,0.00,-66.64,201.23,85,-1,0,0,1.8,-0.02,0.800,0.819,2.26,0,26,0,359.6,210.0,270.7,270.6,0.00,1,-1.8,1.8
26.35,cruise,345.70,4.30,0.800,1,636.9,1534.4,1271.3,-1183.4,157.98,-144.36,299,270,-1,60.9,36.1,60.4,30.5,-0.01,-0.01,1.00,0.00,0.00,0.00,-68.48,201.72,85,-1,0,0,1.8,-0.02,0.800,0.818,2.71,0,26,0,359.5,209.9,270.9,270.8,0.00,1,-0.3,2.0
26.45,cruise,346.03,3.97,0.800,1,636.9,1534.4,1255.6,-1168.9,157.98,-144.36,298,270,-1,61.2,36.8,60.3,30.6,-0.01,-0.01,1.00,0.00,0.00,0.00,-70.14,202.19,85,-1,0,0,1.8,-0.02,0.800,0.817,3.18,0,26,0,359.3,209.7,271.2,271.1,0.00,1,-0.3,2.0
26.55,cruise,346.41,3.59,0.782,1,652.8,1520.0,1239.7,-1154.5,158.99,-144.71,298,270,-1,61.5,37.5,60.2,30.6,-0.01,-0.01,1.00,0.00,0.00,0.00,-71.64,202.70,85,-1,0,-0,1.8,-0.02,0.782,0.801,3.64,0,26,0,359.1,209.5,271.5,271.4,0.00,1,-0.0,1.7
26.65,cruise,346.83,3.17,0.743,1,668.8,1505.5,1223.7,-1140.0,160.00,-145.06,298,270,-1,61.9,38.4,60.1,30.8,-0.01,-0.02,1.00,0.00,0.00,0.00,-72.96,203.28,85,-1,0,-0,1.7,-0.02,0.743,0.766,4.10,0,26,0,359.0,209.5,271.8,271.6,0.00,1,-0.5,0.6
26.75,cruise,347.29,2.71,0.703,1,701.0,1476.4,1207.6,-1125.4,161.87,-145.68,298,270,-1,62.4,39.2,60.0,31.0,-0.02,-0.02,1.00,0.00,0.00,0.00,-73.91,203.95,85,-1,0,-1,1.9,-0.02,0.703,0.728,4.55,0,26,0,358.9,209.5,272.0,271.8,0.00,1,-0.5,-0.8
26.85,cruise,347.79,2.21,0.663,1,701.0,1476.4,1191.5,-1110.9,161.87,-145.68,298,270,-1,62.8,40.2,60.0,31.3,-0.02,-0.02,1.00,0.00,0.00,0.00,-74.69,204.56,85,-1,0,-1,1.9,-0.03,0.663,0.691,4.95,0,26,0,358.7,209.6,272.3,272.0,0.00,1,-0.5,-0.8
26.95,cruise,348.32,1.68,0.626,1,717.3,1461.8,1175.2,-1096.3,162.62,-145.90,298,270,-1,63.4,41.1,59.9,31.5,-0.02,-0.03,1.00,0.00,0.00,0.00,-75.21,205.12,85,-1,0,-1,1.7,-0.03,0.626,0.660,5.27,0,26,0,358.6,209.7,272.5,272.2,0.00,1,-0.5,-1.0
27.05,cruise,348.87,1.13,0.593,1,749.9,1432.6,1158.9,-1081.7,163.70,-145.99,298,270,-1,63.9,42.1,59.9,31.8,-0.03,-0.03,1.00,0.00,0.00,0.00,-75.56,205.55,85,-1,0,-1,0.9,-0.03,0.593,0.628,5.49,0,26,0,358.4,209.8,272.7,272.4,0.00,1,0.7,-0.9
27.15,cruise,349.44,0.56,0.564,1,749.9,1432.6,1142.6,-1067.1,163.70,-145.99,298,271,-1,64.5,43.0,60.1,32.1,-0.03,-0.03,1.00,0.00,0.00,0.00,-75.53,205.92,85,-1,0,-2,0.9,-0.02,0.564,0.597,5.64,0,26,0,358.3,209.9,273.0,272.6,0.00,1,0.7,-0.9
27.25,cruise,350.00,0.00,0.540,1,766.3,1418.0,1126.2,-1052.5,164.03,-145.94,298,271,-1,65.1,43.8,60.3,32.4,-0.03,-0.02,1.00,0.00,0.00,0.00,-75.28,206.25,85,-1,0,-2,0.2,-0.01,0.540,0.569,5.71,0,26,0,358.2,210.1,273.1,272.8,0.00,1,1.7,-1.6
27.35,cruise,350.56,-0.56,0.514,1,799.2,1388.9,1109.7,-1037.9,164.38,-145.59,298,271,-1,65.7,44.4,60.7,32.7,-0.03,-0.01,1.00,0.00,0.00,0.00,-74.84,206.49,85,-1,0,-2,-2.7,0.00,0.514,0.537,5.70,0,26,0,358.2,210.3,273.1,272.9,0.00,1,3.9,-3.7
27.45,cruise,351.10,-1.10,0.491,1,815.6,1374.3,1093.3,-1023.4,164.51,-145.42,299,271,-1,66.3,45.0,61.3,33.1,-0.04,0.00,1.00,0.00,0.00,0.00,-74.22,206.66,85,-1,0,-2,-3.8,0.02,0.491,0.511,5.64,0,26,0,358.2,210.7,273.0,272.8,0.00,1,4.6,-5.0
27.55,cruise,351.64,-1.64,0.470,1,832.1,1359.8,1076.9,-1008.8,164.58,-145.15,299,271,-1,66.9,45.5,62.0,33.5,-0.03,0.02,1.00,0.00,0.00,0.00,-73.41,206.93,85,-1,0,-2,-4.2,0.04,0.470,0.495,5.53,0,26,0,358.3,211.2,272.8,272.7,0.00,1,5.0,-6.1
27.65,brake,352.15,-2.15,0.454,1,848.6,1345.3,0.0,0.0,164.53,-144.84,299,271,-1,60.9,39.5,62.7,34.0,-0.01,0.12,1.00,0.00,0.00,0.00,-72.39,207.16,85,-1,0,-1,-4.0,0.04,0.454,0.507,5.35,0,26,0,358.4,211.9,272.5,272.5,0.00,1,4.9,-7.3
27.75,brake,352.63,-2.63,0.442,1,848.6,1345.3,0.0,0.0,164.53,-144.84,300,271,-1,54.9,33.5,63.4,34.7,0.02,0.21,1.00,0.00,0.00,0.00,-71.03,207.38,85,-1,0,-1,-4.0,0.04,0.442,0.538,5.09,0,26,0,358.5,212.6,272.3,272.4,0.00,1,4.9,-7.3
27.85,brake,353.08,-3.08,0.435,1,881.4,1316.4,0.0,0.0,164.38,-144.27,300,271,-1,48.9,27.5,64.1,35.4,0.06,0.29,1.00,0.00,0.00,0.00,-69.40,207.64,85,-1,0,-1,-3.2,0.04,0.435,0.577,4.77,0,26,0,358.6,213.5,272.1,272.3,0.00,1,0.6,-8.9
27.95,brake,353.49,-3.49,0.432,1,897.9,1302.0,0.0,0.0,164.25,-143.92,301,270,-1,42.9,21.5,64.3,35.8,0.09,0.33,1.00,0.00,0.00,0.00,-67.93,207.89,85,-1,0,-1,-2.5,0.03,0.432,0.598,4.37,0,26,0,359.0,214.4,271.5,271.7,0.00,1,-5.6,-7.9
28.05,brake,353.88,-3.88,0.435,1,914.3,1287.6,0.0,0.0,164.05,-143.66,301,270,-1,36.9,15.5,63.8,35.5,0.11,0.31,1.00,0.00,0.00,0.00,-66.90,207.88,85,-1,0,1,-1.7,0.03,0.436,0.604,3.87,0,26,0,359.7,215.1,270.4,270.5,0.00,1,-13.7,-5.8
28.15,brake,354.23,-4.23,0.445,1,914.3,1287.6,0.0,0.0,164.05,-143.66,301,270,-1,30.9,9.5,62.3,34.3,0.12,0.26,1.00,0.00,0.00,0.00,-66.73,207.60,85,-1,0,3,-1.7,0.04,0.445,0.595,3.30,0,26,0,1.0,215.6,268.6,268.5,0.00,1,-13.7,-5.8
28.25,brake,354.56,-4.56,0.450,1,947.0,1259.0,0.0,0.0,163.67,-143.22,301,270,-1,24.9,3.5,59.8,32.3,0.13,0.16,1.00,0.00,0.00,0.00,-67.95,206.86,85,-1,0,5,0.2,0.05,0.450,0.566,2.71,0,26,0,2.9,215.7,265.9,265.8,0.00,1,-33.9,0.5
28.35,brake,354.86,-4.86,0.550,1,963.4,1244.6,0.0,0.0,163.41,-143.04,299,264,-1,18.9,-2.5,56.1,29.6,0.14,0.05,1.00,0.00,0.00,0.00,-72.64,205.00,85,-1,0,8,1.1,0.06,0.550,0.626,2.17,0,26,0,5.5,215.4,262.3,262.7,0.00,1,-43.0,4.2
28.45,brake,355.15,-5.15,0.550,1,963.4,1244.6,0.0,0.0,163.41,-143.04,298,264,-1,12.9,-8.5,51.4,26.7,0.17,-0.06,1.00,0.00,0.00,0.00,-78.80,202.37,85,-1,0,12,1.1,0.07,0.550,0.640,1.72,0,26,0,8.4,214.5,257.9,259.6,0.00,1,-43.0,4.2
28.55,brake,355.44,-5.44,0.550,1,979.7,1230.3,0.0,0.0,163.19,-143.00,295,264,-1,6.9,-14.3,46.0,23.7,0.20,-0.16,1.00,0.00,0.00,0.00,-86.26,199.09,85,-1,0,14,2.7,0.07,0.550,0.694,1.53,0,26,0,11.3,212.9,252.8,256.8,0.00,1,-50.2,8.8
28.65,brake,355.76,-5.76,0.550,1,1012.3,1201.7,0.0,0.0,162.55,-143.09,293,264,-1,0.9,-15.0,40.0,20.8,0.19,-0.22,1.00,0.00,0.00,0.00,-94.65,195.13,85,-1,0,16,7.9,0.05,0.550,0.712,1.67,0,26,0,13.8,210.3,247.3,254.8,0.00,1,-54.9,20.6
28.75,brake,356.13,-6.13,0.550,1,1012.3,1201.7,0.0,0.0,162.55,-143.09,289,254,-1,-5.1,-16.6,34.0,17.9,0.15,-0.24,0.89,0.00,0.00,0.00,-107.72,187.87,85,-1,0,18,7.9,0.03,0.550,0.708,2.05,0,26,0,15.4,206.9,241.6,253.6,0.00,1,-54.9,20.6
28.85,brake,356.55,-6.55,0.550,1,1028.5,1187.4,0.0,0.0,161.96,-143.00,285,254,-1,-11.1,-18.9,28.4,14.7,0.09,-0.22,0.70,0.00,0.00,0.00,-120.12,179.59,85,-1,0,18,11.2,-0.01,0.550,0.674,2.68,0,26,0,16.0,202.7,235.6,253.3,0.00,1,-51.6,27.7
28.95,brake,357.05,-7.05,0.550,1,1044.6,1173.1,0.0,0.0,161.15,-142.78,281,254,-1,-17.1,-21.9,23.4,11.3,0.00,-0.16,0.52,0.00,0.00,0.00,-131.34,170.60,85,-1,0,17,14.6,-0.05,0.550,0.612,3.43,0,26,0,15.6,197.8,229.0,253.8,0.00,1,-45.4,34.9
29.05,brake,357.63,-7.63,0.550,1,1060.7,1158.9,0.0,0.0,160.18,-142.29,277,254,-1,-23.1,-25.0,19.4,7.6,-0.09,-0.04,0.35,0.00,0.00,0.00,-141.13,161.21,85,-1,0,16,17.9,-0.10,0.550,0.601,4.32,0,26,0,14.3,192.6,221.2,255.2,0.00,1,-37.4,40.7
29.15,brake,358.30,-8.30,0.550,1,1076.6,1144.7,0.0,0.0,159.13,-141.68,274,257,-1,-29.1,-28.0,16.3,3.7,-0.16,0.10,0.22,0.00,0.00,0.00,-148.27,153.01,85,-1,0,14,20.6,-0.15,0.551,0.657,5.38,0,26,0,12.5,187.4,210.4,257.1,0.00,1,-29.0,44.3
29.25,brake,359.06,-9.06,0.550,1,1108.2,1116.6,0.0,0.0,157.10,-139.66,272,257,-1,-35.1,-30.4,14.1,-0.1,-0.20,0.23,0.14,0.00,0.00,0.00,-154.33,144.95,85,-1,0,12,22.5,-0.18,0.551,0.725,6.46,0,26,0,10.4,182.5,193.4,259.3,0.00,1,-19.2,42.4
29.35,brake,359.90,-9.90,0.550,1,1108.2,1116.6,0.0,0.0,157.10,-139.66,269,257,-1,-37.7,-32.4,12.3,-3.7,-0.19,0.29,0.09,0.00,0.00,0.00,-159.19,137.27,85,-1,0,9,22.5,-0.20,0.551,0.744,7.49,0,26,0,8.1,178.0,166.5,261.7,0.00,1,-19.2,42.4
29.45,brake,360.83,-10.83,0.550,1,1123.8,1102.8,0.0,0.0,156.18,-138.25,267,257,-1,-36.7,-33.7,10.4,-6.8,-0.13,0.26,0.08,0.00,0.00,0.00,-163.16,129.95,85,-1,0,7,22.1,-0.22,0.552,0.707,8.47,0,26,0,5.8,174.2,135.3,264.1,0.00,1,-20.4,37.3
29.55,brake,361.85,-11.85,0.550,1,1139.4,1089.1,0.0,0.0,155.35,-136.71,267,266,-1,-36.1,-34.4,7.9,-9.3,-0.05,0.15,0.07,0.00,0.00,0.00,-163.20,127.24,85,-1,0,5,20.9,-0.22,0.552,0.635,9.46,0,26,0,3.4,171.2,111.2,266.6,0.00,1,-26.1,30.3
29.65,brake,362.95,-12.95,0.550,1,1170.2,1062.1,0.0,0.0,153.59,-133.29,266,266,-1,-35.8,-34.7,4.6,-11.1,0.02,0.01,0.07,0.00,0.00,0.00,-162.94,124.75,85,-1,0,2,16.7,-0.21,0.552,0.563,10.41,0,26,0,0.9,169.0,94.8,269.1,0.00,1,-43.5,16.8
29.75,brake,364.13,-14.13,0.550,1,1170.2,1062.1,0.0,0.0,153.59,-133.29,266,266,-1,-35.8,-34.8,0.4,-12.6,0.07,-0.13,0.09,0.00,0.00,0.00,-162.20,122.66,85,-1,0,-0,16.7,-0.20,0.551,0.633,11.36,0,26,0,358.4,167.4,82.8,271.6,0.00,1,-43.5,16.8
29.85,brake,365.39,-15.39,0.550,1,1185.5,1048.9,0.0,0.0,152.45,-131.48,266,266,-1,-36.0,-34.7,-4.3,-13.8,0.10,-0.23,0.15,0.00,0.00,0.00,-160.83,121.09,85,-1,0,-3,13.6,-0.18,0.551,0.683,12.33,0,26,0,355.9,166.5,73.5,274.0,0.00,1,-49.4,12.3
29.95,brake,366.74,-16.74,0.550,1,1200.7,1035.9,0.0,0.0,151.04,-129.68,268,275,-1,-36.2,-34.6,-9.3,-15.0,0.11,-0.27,0.25,0.00,0.00,0.00,-155.56,124.22,85,-1,0,-5,10.0,-0.15,0.551,0.703,13.33,0,26,0,353.8,166.0,66.4,276.1,0.00,1,-51.5,9.6
30.05,brake,368.18,-18.18,0.550,1,1230.4,1010.4,0.0,0.0,147.39,-126.30,270,275,-1,-36.3,-34.5,-13.9,-16.3,0.09,-0.26,0.37,0.00,0.00,0.00,-150.05,127.09,85,-1,0,-7,2.5,-0.12,0.551,0.690,14.29,0,26,0,352.0,165.6,61.4,277.9,0.00,1,-42.9,11.1
30.15,brake,369.69,-19.69,0.550,1,1245.0,997.9,0.0,0.0,145.15,-124.69,271,275,-1,-36.3,-34.5,-18.1,-17.8,0.06,-0.20,0.49,0.00,0.00,0.00,-144.33,129.79,85,-1,0,-8,-0.7,-0.09,0.550,0.652,15.20,0,26,0,350.8,165.0,58.8,279.3,0.00,1,-34.4,14.1
30.25,brake,371.29,-21.29,0.450,1,1245.0,997.9,0.0,0.0,145.15,-124.69,273,275,-1,-36.3,-34.5,-21.5,-19.6,0.02,-0.12,0.60,0.00,0.00,0.00,-138.30,132.26,85,-1,0,-9,-0.7,-0.06,0.450,0.507,16.01,0,26,0,350.0,164.0,58.4,280.3,0.00,1,-34.4,14.1
30.35,brake,372.96,-22.96,0.380,1,1273.4,973.4,0.0,0.0,140.49,-121.46,275,279,-1,-36.2,-34.5,-24.2,-21.6,-0.00,-0.04,0.70,0.00,0.00,0.00,-130.80,135.77,85,-1,0,-10,-5.0,-0.03,0.380,0.397,16.75,0,26,0,349.6,162.6,59.6,280.8,0.00,1,-17.9,19.1
30.45,brake,374.67,-24.67,0.380,1,1287.3,961.3,0.0,0.0,138.34,-119.93,277,279,-1,-36.2,-34.5,-26.3,-23.6,-0.02,0.02,0.78,0.00,0.00,0.00,-123.48,138.72,85,-1,0,-10,-6.0,-0.01,0.380,0.398,17.24,0,26,0,349.5,161.0,61.7,280.9,0.00,1,-13.2,20.5
30.55,brake,376.38,-26.38,0.380,1,1287.3,961.3,0.0,0.0,138.34,-119.93,280,279,-1,-36.2,-34.4,-28.2,-25.6,-0.04,0.05,0.86,0.00,0.00,0.00,-116.47,141.26,85,-1,0,-10,-6.0,0.00,0.380,0.414,17.35,0,26,0,349.5,159.2,64.1,280.9,0.00,1,-13.2,20.5
30.65,brake,378.09,-28.09,0.380,1,1314.5,937.7,0.0,0.0,134.38,-116.81,282,279,-1,-36.4,-34.1,-30.0,-27.7,-0.06,0.05,0.93,0.00,0.00,0.00,-109.74,143.41,85,-1,0,-10,-7.0,0.01,0.380,0.422,17.25,0,26,0,349.6,157.3,66.5,280.8,0.00,1,-9.9,21.1
30.75,brake,379.78,-29.78,0.380,1,1314.5,937.7,0.0,0.0,134.38,-116.81,284,279,-1,-36.6,-33.9,-31.8,-29.7,-0.07,0.04,1.00,0.00,0.00,0.00,-103.16,145.13,85,-1,0,-9,-7.0,0.02,0.380,0.423,17.16,0,26,0,349.8,155.4,68.5,280.6,0.00,1,-9.9,21.1
30.85,brake,381.46,-31.46,0.380,1,1327.8,926.2,0.0,0.0,132.45,-115.14,286,279,-1,-36.9,-33.5,-33.6,-31.6,-0.08,0.01,1.00,0.00,0.00,0.00,-96.68,146.46,85,-1,0,-9,-7.2,0.02,0.380,0.417,17.07,0,26,0,349.8,153.6,70.2,280.5,0.00,1,-10.2,20.2
30.95,brake,383.12,-33.12,0.380,1,1340.9,914.8,0.0,0.0,130.47,-113.42,288,279,-1,-37.1,-33.2,-35.6,-33.5,-0.09,-0.02,1.00,0.00,0.00,0.00,-90.22,147.48,85,-1,0,-9,-7.1,0.02,0.380,0.422,16.95,0,26,0,349.8,151.9,71.4,280.5,0.00,1,-11.1,18.9
31.05,brake,384.77,-34.77,0.380,1,1353.8,903.6,0.0,0.0,128.54,-111.67,290,279,-1,-37.4,-32.9,-37.6,-35.2,-0.09,-0.04,1.00,0.00,0.00,0.00,-83.86,148.18,85,-1,0,-10,-6.7,0.01,0.380,0.431,16.81,0,26,0,349.7,150.5,72.1,280.7,0.00,1,-11.9,17.0
31.15,brake,386.39,-36.39,0.380,1,1366.5,892.6,0.0,0.0,126.56,-109.84,291,280,-1,-37.7,-32.5,-39.6,-36.8,-0.09,-0.05,1.00,0.00,0.00,0.00,-77.52,148.57,85,-1,0,-10,-6.4,0.01,0.380,0.435,16.66,0,26,0,349.5,149.3,72.6,280.9,0.00,1,-12.2,14.7
31.25,brake,388.00,-38.00,0.380,1,1391.3,871.0,0.0,0.0,122.61,-106.26,293,280,-1,-38.0,-32.1,-41.5,-38.1,-0.08,-0.05,1.00,0.00,0.00,0.00,-71.39,148.64,85,-1,0,-10,-5.8,0.00,0.380,0.432,16.45,0,26,0,349.3,148.4,72.8,281.2,0.00,1,-11.2,9.2
31.35,brake,389.57,-39.57,0.380,1,1403.4,860.6,0.0,0.0,120.67,-104.50,295,280,-1,-38.2,-31.8,-43.2,-39.1,-0.06,-0.05,1.00,0.00,0.00,0.00,-65.54,148.42,85,-1,0,-10,-5.5,-0.00,0.380,0.422,16.15,0,26,0,349.1,147.8,73.0,281.5,0.00,1,-9.5,6.8
31.45,brake,391.11,-41.11,0.380,1,1403.4,860.6,0.0,0.0,120.67,-104.50,297,280,-1,-38.4,-31.5,-44.6,-39.8,-0.04,-0.03,1.00,0.00,0.00,0.00,-60.15,147.87,85,-1,0,-11,-5.5,-0.01,0.380,0.408,15.78,0,26,0,349.0,147.3,73.2,281.7,0.00,1,-9.5,6.8
31.55,brake,392.62,-42.62,0.380,1,1415.4,850.2,0.0,0.0,118.74,-102.74,299,280,-1,-38.6,-31.2,-45.7,-40.3,-0.02,-0.02,1.00,0.00,0.00,0.00,-55.14,147.02,85,-1,0,-11,-5.4,-0.01,0.380,0.394,15.40,0,26,0,349.0,147.1,73.4,281.8,0.00,1,-7.7,4.5
31.65,brake,394.10,-44.10,0.380,1,1438.6,830.1,0.0,0.0,114.79,-99.23,300,280,-1,-38.8,-30.9,-46.6,-40.4,0.00,-0.00,1.00,0.00,0.00,0.00,-50.65,145.83,85,-1,0,-11,-5.5,-0.01,0.380,0.380,15.03,0,26,0,349.2,147.0,73.6,281.7,0.00,1,-5.1,0.9
31.75,brake,395.54,-45.54,0.380,1,1438.6,830.1,0.0,0.0,114.79,-99.23,301,280,-1,-39.0,-30.6,-47.4,-40.4,0.01,0.01,1.00,0.00,0.00,0.00,-46.73,144.35,85,-1,0,-10,-5.5,-0.01,0.380,0.388,14.64,0,26,0,349.4,147.0,73.9,281.6,0.00,1,-5.1,0.9
31.85,brake,396.93,-46.93,0.380,1,1461.1,810.7,0.0,0.0,110.96,-95.87,302,280,-1,-39.2,-30.2,-48.0,-40.3,0.02,0.00,1.00,0.00,0.00,0.00,-43.37,142.75,85,-1,0,-10,-5.6,-0.01,0.380,0.389,14.24,0,26,0,349.7,147.1,74.3,281.4,0.00,1,-4.5,-0.3
31.95,brake,398.29,-48.29,0.380,1,1472.0,801.2,0.0,0.0,109.12,-94.22,303,279,-1,-39.4,-29.9,-48.7,-40.2,0.02,-0.00,1.00,0.00,0.00,0.00,-40.62,140.90,85,-1,0,-10,-5.6,-0.00,0.380,0.389,13.84,0,26,0,350.0,147.3,74.6,281.3,0.00,1,-4.4,-0.6
32.05,brake,399.61,-49.61,0.380,1,1472.0,801.2,0.0,0.0,109.12,-94.22,304,279,-1,-39.5,-29.6,-49.3,-40.0,0.02,-0.01,1.00,0.00,0.00,0.00,-38.30,138.98,85,-1,0,-10,-5.6,-0.00,0.380,0.392,13.45,0,26,0,350.3,147.4,75.0,281.1,0.00,1,-4.4,-0.6
32.15,brake,400.89,-50.89,0.380,1,1493.4,782.8,0.0,0.0,105.34,-90.99,304,279,-1,-39.7,-29.3,-49.9,-39.8,0.02,-0.02,1.00,0.00,0.00,0.00,-36.25,136.96,85,-1,0,-10,-5.6,-0.00,0.380,0.395,13.06,0,26,0,350.5,147.6,75.3,280.9,0.00,1,-4.4,-0.7
32.25,brake,402.13,-52.13,0.380,1,1503.8,773.8,0.0,0.0,103.49,-89.41,305,279,-1,-39.9,-29.0,-50.5,-39.6,0.02,-0.03,1.00,0.00,0.00,0.00,-34.46,134.86,85,-1,0,-10,-5.5,0.00,0.380,0.398,12.66,0,26,0,350.8,147.7,75.7,280.7,0.00,1,-4.5,-0.7
32.35,brake,403.33,-53.33,0.380,1,1503.8,773.8,0.0,0.0,103.49,-89.41,305,278,-1,-40.0,-28.7,-51.1,-39.4,0.02,-0.04,1.00,0.00,0.00,0.00,-33.13,132.69,85,-1,0,-9,-5.5,0.00,0.380,0.401,12.27,0,26,0,351.1,147.9,76.0,280.5,0.00,1,-4.5,-0.7
32.45,brake,404.49,-54.49,0.380,1,1524.0,756.3,0.0,0.0,99.76,-86.29,305,278,-1,-40.2,-28.4,-51.7,-39.2,0.01,-0.05,1.00,0.00,0.00,0.00,-31.94,130.48,85,-1,0,-9,-5.5,0.00,0.380,0.405,11.88,0,26,0,351.4,148.1,76.4,280.3,0.00,1,-4.4,-0.5
32.55,brake,405.62,-55.62,0.380,1,1533.9,747.8,0.0,0.0,97.87,-84.70,306,278,-1,-40.3,-28.1,-52.3,-39.0,0.01,-0.06,1.00,0.00,0.00,0.00,-30.81,128.25,85,-1,0,-9,-5.4,0.00,0.380,0.406,11.49,0,26,0,351.7,148.2,76.8,280.1,0.00,1,-3.4,0.2
32.65,brake,406.71,-56.71,0.380,1,1543.5,739.5,0.0,0.0,95.93,-83.17,306,278,-1,-40.4,-27.8,-52.8,-38.8,0.01,-0.06,1.00,0.00,0.00,0.00,-29.82,125.95,85,-1,0,-9,-5.5,0.00,0.380,0.405,11.11,0,26,0,352.0,148.2,77.3,279.7,0.00,1,-2.1,0.8
32.75,brake,407.76,-57.76,0.380,1,1543.5,739.5,0.0,0.0,95.93,-83.17,306,277,-1,-40.5,-27.5,-53.1,-38.6,0.01,-0.05,1.00,0.00,0.00,0.00,-29.10,123.58,85,-1,0,-8,-5.5,0.01,0.380,0.403,10.72,0,26,0,352.5,148.2,78.0,279.3,0.00,1,-2.1,0.8
32.85,brake,408.77,-58.77,0.380,1,1552.9,731.3,0.0,0.0,94.09,-81.63,306,277,-1,-40.7,-27.2,-53.4,-38.3,0.01,-0.04,1.00,0.00,0.00,0.00,-28.52,121.25,85,-1,0,-8,-5.4,0.01,0.380,0.399,10.33,0,26,0,353.0,148.0,78.9,278.7,0.00,1,-0.6,1.5
32.95,brake,409.75,-59.75,0.380,1,1562.2,723.2,0.0,0.0,92.20,-80.09,306,277,-1,-40.8,-26.9,-53.5,-38.0,0.01,-0.03,1.00,0.00,0.00,0.00,-27.99,118.88,85,-1,0,-7,-5.4,0.02,0.380,0.395,9.92,0,26,0,353.6,147.8,79.9,277.9,0.00,1,1.0,2.1
33.05,brake,410.69,-60.69,0.280,1,1580.2,707.6,0.0,0.0,88.55,-77.12,306,277,-1,-40.9,-26.5,-53.4,-37.6,0.01,-0.02,1.00,0.00,0.00,0.00,-27.57,116.52,85,-1,0,-6,-5.4,0.02,0.280,0.291,9.51,0,26,0,354.3,147.6,81.1,277.1,0.00,1,3.5,2.5
33.15,brake,411.59,-61.59,0.250,1,1580.2,707.6,0.0,0.0,88.55,-77.12,305,274,-1,-41.0,-26.2,-53.3,-37.1,0.02,-0.00,1.00,0.00,0.00,0.00,-27.63,114.13,85,-1,0,-5,-5.4,0.03,0.250,0.258,9.08,0,26,0,355.0,147.3,82.3,276.1,0.00,1,3.5,2.5
33.25,brake,412.43,-62.43,0.250,1,1588.9,700.0,0.0,0.0,86.88,-75.70,305,274,-1,-41.2,-25.9,-53.1,-36.7,0.02,0.00,1.00,0.00,0.00,0.00,-27.81,111.82,85,-1,0,-4,-5.1,0.03,0.250,0.258,8.60,0,26,0,355.8,147.1,83.6,275.1,0.00,1,4.2,2.5
33.35,brake,413.22,-63.22,0.250,1,1597.5,692.5,0.0,0.0,85.43,-74.47,305,274,-1,-41.3,-25.5,-52.9,-36.2,0.01,0.01,1.00,0.00,0.00,0.00,-28.05,109.80,85,-1,0,-3,-5.0,0.04,0.250,0.259,7.99,0,26,0,356.6,146.8,84.8,274.2,0.00,1,4.5,2.5
33.45,brake,413.94,-63.94,0.250,1,1614.3,677.9,0.0,0.0,82.79,-72.18,304,274,-1,-41.5,-25.1,-52.6,-35.8,0.01,0.01,1.00,0.00,0.00,0.00,-28.36,107.92,85,-1,0,-2,-4.8,0.04,0.250,0.259,7.30,0,26,0,357.4,146.6,86.0,273.2,0.00,1,4.6,2.4
33.55,brake,414.59,-64.59,0.250,1,1622.4,670.8,0.0,0.0,81.52,-71.06,304,271,-1,-41.6,-24.8,-52.4,-35.3,0.01,0.01,1.00,0.00,0.00,0.00,-29.14,105.90,85,-1,0,-1,-4.8,0.05,0.250,0.259,6.61,0,26,0,358.1,146.3,87.2,272.3,0.00,1,4.6,2.4
33.65,brake,415.17,-65.17,0.250,1,1622.4,670.8,0.0,0.0,81.52,-71.06,303,271,-1,-41.7,-24.4,-52.1,-34.9,0.01,0.01,1.00,0.00,0.00,0.00,-29.85,103.94,85,-1,0,-0,-4.8,0.06,0.250,0.259,5.95,0,26,0,358.9,146.1,88.4,271.3,0.00,1,4.6,2.4
33.75,brake,415.68,-65.68,0.250,1,1630.5,663.7,0.0,0.0,80.24,-69.94,302,271,-1,-41.8,-24.0,-51.9,-34.4,0.01,0.01,1.00,0.00,0.00,0.00,-30.47,101.99,85,-1,0,1,-4.7,0.06,0.250,0.258,5.29,0,26,0,359.7,145.8,89.5,270.4,0.00,1,4.5,2.4
33.85,brake,416.13,-66.13,0.250,1,1638.4,656.8,0.0,0.0,79.01,-68.82,302,271,-1,-42.0,-23.6,-51.7,-34.0,0.00,0.01,1.00,0.00,0.00,0.00,-31.05,100.07,85,-1,0,2,-4.7,0.07,0.250,0.257,4.64,0,26,0,0.4,145.6,90.6,269.5,0.00,1,4.4,2.4
33.95,brake,416.52,-66.52,0.250,1,1653.9,643.3,0.0,0.0,76.60,-66.62,301,268,-1,-42.1,-23.2,-51.4,-33.6,0.00,0.01,1.00,0.00,0.00,0.00,-32.01,98.04,85,-1,0,3,-4.4,0.07,0.250,0.255,4.00,0,26,0,1.2,145.4,91.7,268.6,0.00,1,3.9,2.4
34.05,brake,416.85,-66.85,0.250,1,1653.9,643.3,0.0,0.0,76.60,-66.62,300,268,-1,-42.2,-22.8,-51.2,-33.3,-0.00,0.01,1.00,0.00,0.00,0.00,-32.84,96.06,85,-1,0,3,-4.4,0.08,0.250,0.256,3.37,0,26,0,1.9,145.1,92.7,267.8,0.00,1,3.9,2.4
34.15,brake,417.11,-67.11,0.250,1,1661.5,636.8,0.0,0.0,75.37,-65.52,299,268,-1,-42.3,-22.5,-51.1,-33.0,-0.01,0.01,1.00,0.00,0.00,0.00,-33.48,94.09,85,-1,0,4,-4.1,0.08,0.250,0.257,2.76,0,26,0,2.5,144.9,93.6,267.0,0.00,1,3.6,2.4
34.25,brake,417.31,-67.31,0.250,1,1676.3,623.9,0.0,0.0,73.08,-63.37,299,268,-1,-42.4,-22.1,-50.9,-32.7,-0.02,0.00,1.00,0.00,0.00,0.00,-34.05,92.20,85,-1,0,5,-3.3,0.08,0.250,0.258,2.15,0,26,0,3.1,144.7,94.4,266.3,0.00,1,2.6,2.3
34.35,brake,417.45,-67.45,0.250,1,1683.5,617.7,0.0,0.0,71.94,-62.27,298,265,-1,-42.5,-21.8,-50.8,-32.5,-0.02,-0.00,1.00,0.00,0.00,0.00,-34.82,90.24,85,-1,0,5,-2.9,0.08,0.250,0.261,1.55,0,26,0,3.6,144.4,95.1,265.7,0.00,1,2.3,2.2
34.45,brake,417.54,-67.54,0.250,1,1683.5,617.7,0.0,0.0,71.94,-62.27,297,265,-1,-42.6,-21.5,-50.8,-32.3,-0.03,-0.01,1.00,0.00,0.00,0.00,-35.42,88.31,85,-1,0,6,-2.9,0.08,0.250,0.265,0.96,0,26,0,4.1,144.2,95.7,265.2,0.00,1,2.3,2.2
34.55,brake,417.56,-67.56,0.250,1,1697.6,605.5,0.0,0.0,69.70,-60.14,297,265,-1,-42.7,-21.2,-50.7,-32.2,-0.04,-0.01,1.00,0.00,0.00,0.00,-35.84,86.46,85,-1,0,6,-2.1,0.07,0.250,0.267,0.36,0,26,0,4.5,144.0,96.2,264.8,0.00,1,1.8,1.6
34.65,brake,417.52,-67.52,0.250,1,1697.6,605.5,0.0,0.0,69.70,-60.14,296,265,-1,-42.8,-21.0,-50.6,-32.1,-0.04,-0.01,1.00,0.00,0.00,0.00,-36.15,84.66,85,-1,0,7,-2.1,0.07,0.250,0.270,-0.22,0,26,0,4.8,143.9,96.6,264.4,0.00,1,1.8,1.6
34.75,brake,417.43,-67.43,0.250,1,1711.3,593.7,0.0,0.0,67.46,-57.96,295,264,-1,-42.8,-20.8,-50.5,-31.9,-0.04,-0.00,1.00,0.00,0.00,0.00,-36.57,82.81,85,-1,0,7,-0.9,0.07,0.250,0.267,-0.79,0,26,0,5.1,143.8,97.0,264.1,0.00,1,2.4,0.1
34.85,brake,417.29,-67.29,0.250,1,1711.3,593.7,0.0,0.0,67.46,-57.96,295,264,-1,-42.9,-20.6,-50.2,-31.7,-0.04,0.01,1.00,0.00,0.00,0.00,-36.85,80.95,85,-1,0,7,-0.9,0.06,0.250,0.270,-1.33,0,26,0,5.4,143.8,97.3,263.8,0.00,1,2.4,0.1
34.95,brake,417.10,-67.10,0.250,1,1717.9,588.0,0.0,0.0,66.31,-56.91,294,264,-1,-42.9,-20.6,-49.9,-31.5,-0.04,0.02,1.00,0.00,0.00,0.00,-37.02,79.16,85,-1,0,8,-0.3,0.06,0.250,0.274,-1.88,0,26,0,5.6,143.9,97.7,263.5,0.00,1,2.8,-0.6
35.05,brake,416.85,-66.85,0.250,1,1724.5,582.4,0.0,0.0,65.26,-55.85,294,264,-1,-42.9,-20.5,-49.6,-31.2,-0.04,0.03,1.00,0.00,0.00,0.00,-37.19,77.43,85,-1,0,8,0.3,0.05,0.250,0.276,-2.44,0,26,0,5.7,144.1,97.9,263.4,0.00,1,2.6,-1.1
35.15,brake,416.54,-66.54,0.250,1,1737.3,571.5,0.0,0.0,63.15,-53.75,293,263,-1,-42.9,-20.5,-49.3,-31.0,-0.04,0.02,1.00,0.00,0.00,0.00,-37.38,75.68,85,-1,0,8,2.0,0.04,0.250,0.275,-2.94,0,26,0,5.7,144.3,97.9,263.5,0.00,1,1.1,-3.2
35.25,brake,416.19,-66.19,0.250,1,1737.3,571.5,0.0,0.0,63.15,-53.75,293,263,-1,-42.9,-20.6,-49.1,-30.8,-0.04,0.02,1.00,0.00,0.00,0.00,-37.48,73.97,85,-1,0,7,2.0,0.03,0.250,0.274,-3.44,0,26,0,5.5,144.7,97.8,263.7,0.00,1,1.1,-3.2
35.35,brake,415.79,-65.79,0.250,1,1743.5,566.2,0.0,0.0,62.01,-52.69,292,263,-1,-42.8,-20.8,-48.9,-30.6,-0.04,0.01,1.00,0.00,0.00,0.00,-37.42,72.25,85,-1,0,7,2.8,0.02,0.250,0.272,-3.93,0,26,0,5.2,145.2,97.4,264.0,0.00,1,0.1,-4.2
35.45,brake,415.34,-65.34,0.250,1,1755.6,555.9,0.0,0.0,59.99,-50.65,292,263,-1,-42.8,-21.1,-48.7,-30.5,-0.04,0.01,1.00,0.00,0.00,0.00,-37.41,70.64,85,-1,0,7,4.3,0.00,0.250,0.269,-4.42,0,26,0,4.7,145.7,96.8,264.6,0.00,1,-1.8,-6.2
35.55,brake,414.84,-64.84,0.250,1,1761.6,550.9,0.0,0.0,58.93,-49.66,292,265,-1,-42.7,-21.4,-48.6,-30.3,-0.04,-0.00,1.00,0.00,0.00,0.00,-37.12,69.18,85,-1,0,6,4.7,-0.01,0.250,0.267,-4.89,0,26,0,4.1,146.4,96.1,265.3,0.00,1,-2.6,-7.4
35.65,brake,414.29,-64.29,0.250,1,1767.4,546.0,0.0,0.0,57.88,-48.67,291,265,-1,-42.6,-21.7,-48.6,-30.1,-0.03,-0.01,1.00,0.00,0.00,0.00,-36.77,67.73,85,-1,0,5,4.9,-0.02,0.250,0.267,-5.37,0,26,0,3.4,147.1,95.2,266.0,0.00,1,-3.1,-8.3
35.75,brake,413.69,-63.69,0.250,1,1767.4,546.0,0.0,0.0,57.88,-48.67,291,265,-1,-42.5,-22.1,-48.5,-29.8,-0.03,-0.01,1.00,0.00,0.00,0.00,-36.41,66.28,85,-1,0,4,4.9,-0.03,0.250,0.266,-5.86,0,26,0,2.7,148.0,94.2,266.8,0.00,1,-3.1,-8.3
35.85,brake,413.04,-63.04,0.250,1,1773.1,541.2,0.0,0.0,56.82,-47.75,291,265,-1,-42.4,-22.6,-48.4,-29.5,-0.02,-0.02,1.00,0.00,0.00,0.00,-36.03,64.89,85,-1,0,3,5.0,-0.04,0.250,0.263,-6.37,0,26,0,1.9,148.9,93.2,267.7,0.00,1,-3.2,-9.0
35.95,brake,412.34,-62.34,0.250,1,1778.7,536.5,0.0,0.0,55.85,-46.87,291,268,-1,-42.3,-23.0,-48.4,-29.1,-0.01,-0.02,1.00,0.00,0.00,0.00,-35.41,63.74,85,-1,0,3,4.9,-0.04,0.250,0.261,-6.88,0,26,0,1.2,149.9,92.1,268.5,0.00,1,-3.3,-9.5
36.05,brake,411.59,-61.59,0.250,1,1784.2,531.9,0.0,0.0,54.80,-45.99,291,268,-1,-42.1,-23.4,-48.4,-28.6,0.00,-0.03,1.00,0.00,0.00,0.00,-34.77,62.52,85,-1,0,2,4.6,-0.04,0.250,0.261,-7.38,0,26,0,0.6,150.9,91.0,269.3,0.00,1,-3.5,-9.9
36.15,brake,410.79,-60.79,0.250,1,1789.6,527.4,0.0,0.0,53.83,-45.13,291,268,-1,-42.0,-23.8,-48.3,-28.2,0.01,-0.03,1.00,0.00,0.00,0.00,-34.27,61.32,85,-1,0,1,4.4,-0.04,0.250,0.266,-7.87,0,26,0,360.0,151.9,89.9,270.1,0.00,1,-3.5,-10.1
36.25,brake,409.94,-59.94,0.250,1,1800.1,518.5,0.0,0.0,51.81,-43.51,291,268,-1,-41.9,-24.2,-48.3,-27.6,0.02,-0.03,1.00,0.00,0.00,0.00,-33.72,60.11,85,-1,0,0,3.7,-0.05,0.250,0.272,-8.35,0,26,0,359.4,152.9,88.8,270.8,0.00,1,-3.3,-10.3
36.35,brake,409.04,-59.04,0.300,1,1805.2,514.3,0.0,0.0,50.76,-42.71,291,270,-1,-41.8,-24.5,-48.3,-27.1,0.03,-0.04,1.00,0.00,0.00,0.00,-33.06,59.03,85,-1,0,-0,3.2,-0.05,0.300,0.328,-8.84,0,26,0,358.9,153.9,87.7,271.4,0.00,1,-2.8,-10.0
36.45,brake,408.09,-58.09,0.380,1,1810.2,510.0,0.0,0.0,49.61,-41.90,291,270,-1,-41.6,-24.9,-48.2,-26.5,0.04,-0.04,1.00,0.00,0.00,0.00,-32.39,57.90,85,-1,0,-1,2.5,-0.04,0.380,0.411,-9.30,0,26,0,358.5,154.9,86.7,272.0,0.00,1,-2.2,-9.4
36.55,brake,407.12,-57.12,0.380,1,1810.2,510.0,0.0,0.0,49.61,-41.90,291,270,-1,-41.5,-25.2,-48.2,-25.9,0.05,-0.04,1.00,0.00,0.00,0.00,-31.72,56.67,85,-1,0,-1,2.5,-0.04,0.380,0.416,-9.67,0,26,0,358.1,155.8,85.9,272.4,0.00,1,-2.2,-9.4
36.65,brake,406.13,-56.13,0.380,1,1815.1,505.9,0.0,0.0,48.25,-41.01,290,270,-1,-41.3,-25.5,-48.1,-25.2,0.06,-0.04,1.00,0.00,0.00,0.00,-30.93,55.26,85,-1,0,-1,1.4,-0.03,0.380,0.420,-9.87,0,26,0,358.0,156.7,85.4,272.6,0.00,1,-1.5,-8.7
36.75,brake,405.13,-55.13,0.380,1,1819.8,501.9,0.0,0.0,46.85,-40.05,290,271,-1,-41.3,-25.7,-47.9,-24.4,0.07,-0.03,1.00,0.00,0.00,0.00,-30.11,53.77,85,-1,0,-1,0.2,-0.01,0.380,0.422,-9.92,0,26,0,358.0,157.4,85.2,272.6,0.00,1,-0.4,-7.5
36.85,brake,404.13,-54.13,0.280,1,1824.4,498.0,0.0,0.0,45.35,-39.13,290,271,-1,-41.1,-25.9,-47.7,-23.8,0.08,-0.03,1.00,0.00,0.00,0.00,-29.23,52.29,85,-1,0,-1,-0.9,0.00,0.280,0.323,-9.96,0,26,0,358.2,158.0,85.5,272.4,0.00,1,0.7,-5.9
36.95,brake,403.13,-53.13,0.250,1,1828.8,494.1,0.0,0.0,43.95,-38.25,290,271,-1,-39.8,-25.1,-47.5,-23.1,0.07,-0.04,1.00,0.00,0.00,0.00,-28.46,50.84,85,-1,0,-1,-1.8,0.02,0.250,0.295,-10.00,0,26,0,358.5,158.3,86.1,272.0,0.00,1,1.8,-4.3
37.05,brake,402.11,-52.11,0.250,1,1837.3,486.6,0.0,0.0,41.53,-36.79,289,271,-1,-38.6,-24.4,-47.2,-22.6,0.07,-0.05,1.00,0.00,0.00,0.00,-27.71,49.48,85,-1,0,-0,-2.7,0.03,0.250,0.298,-10.15,0,26,0,358.8,158.5,87.0,271.6,0.00,1,2.9,-0.5
37.15,brake,401.06,-51.06,0.250,1,1841.3,483.0,0.0,0.0,40.56,-36.15,289,270,-1,-37.6,-23.8,-47.0,-22.2,0.05,-0.06,1.00,0.00,0.00,0.00,-27.32,48.29,85,-1,0,0,-2.7,0.03,0.250,0.297,-10.51,0,26,0,359.2,158.5,88.0,271.0,0.00,1,3.8,1.0
37.25,brake,399.96,-49.96,0.250,1,1841.3,483.0,0.0,0.0,40.56,-36.15,289,270,-1,-36.8,-23.2,-46.6,-21.9,0.04,-0.07,1.00,0.00,0.00,0.00,-26.96,47.17,85,-1,0,1,-2.7,0.04,0.250,0.294,-10.89,0,26,0,359.7,158.4,89.1,270.4,0.00,1,3.8,1.0
37.35,brake,398.84,-48.84,0.250,1,1849.2,475.9,0.0,0.0,38.54,-34.87,288,270,-1,-35.9,-22.6,-46.2,-21.8,0.03,-0.07,1.00,0.00,0.00,0.00,-26.48,46.05,85,-1,0,1,-2.7,0.04,0.250,0.289,-11.27,0,26,0,0.1,158.1,90.3,269.8,0.00,1,5.9,3.8
37.45,brake,397.67,-47.67,0.250,1,1853.0,472.5,0.0,0.0,37.57,-34.23,288,270,-1,-35.0,-22.0,-45.8,-21.7,0.02,-0.06,1.00,0.00,0.00,0.00,-26.04,44.98,85,-1,0,2,-2.6,0.05,0.250,0.283,-11.65,0,26,0,0.7,157.7,91.6,269.2,0.00,1,7.0,5.1
37.55,brake,396.48,-46.48,0.250,1,1853.0,472.5,0.0,0.0,37.57,-34.23,287,268,-1,-34.2,-21.5,-45.2,-21.8,0.00,-0.06,1.00,0.00,0.00,0.00,-25.72,43.84,85,-1,0,3,-2.6,0.05,0.250,0.275,-12.02,0,26,0,1.2,157.2,92.9,268.5,0.00,1,7.0,5.1
37.65,brake,395.25,-45.25,0.250,1,1860.3,465.8,0.0,0.0,35.60,-32.89,287,268,-1,-33.3,-20.9,-44.5,-21.9,-0.01,-0.05,1.00,0.00,0.00,0.00,-25.34,42.72,85,-1,0,3,-1.9,0.05,0.250,0.272,-12.37,0,26,0,1.8,156.5,94.2,267.7,0.00,1,10.3,6.7
37.75,brake,394.00,-44.00,0.250,1,1860.3,465.8,0.0,0.0,35.60,-32.89,286,268,-1,-32.5,-20.4,-43.6,-22.1,-0.02,-0.02,1.00,0.00,0.00,0.00,-24.87,41.60,85,-1,0,4,-1.9,0.05,0.250,0.268,-12.68,0,26,0,2.5,155.9,95.5,267.0,0.00,1,10.3,6.7
37.85,brake,392.72,-42.72,0.250,1,1867.1,459.4,0.0,0.0,33.79,-31.54,286,268,-1,-31.6,-19.8,-42.5,-22.3,-0.03,-0.01,1.00,0.00,0.00,0.00,-24.45,40.52,85,-1,0,5,-1.3,0.05,0.250,0.263,-12.99,0,26,0,3.2,155.3,96.9,266.2,0.00,1,13.0,6.4
37.95,brake,391.41,-41.41,0.250,1,1867.1,459.4,0.0,0.0,33.79,-31.54,285,265,-1,-30.9,-19.3,-41.3,-22.4,-0.03,0.01,1.00,0.00,0.00,0.00,-24.27,39.35,85,-1,0,6,-1.3,0.06,0.250,0.267,-13.33,0,26,0,4.0,154.7,98.3,265.4,0.00,1,13.0,6.4
38.05,brake,390.06,-40.06,0.250,1,1873.7,453.3,0.0,0.0,32.17,-30.19,285,265,-1,-30.1,-18.8,-40.1,-22.5,-0.04,0.02,1.00,0.00,0.00,0.00,-24.07,38.21,85,-1,0,6,-0.5,0.06,0.250,0.275,-13.66,0,26,0,4.7,154.2,99.7,264.6,0.00,1,13.5,5.6
38.15,brake,388.68,-38.68,0.250,1,1876.9,450.3,0.0,0.0,31.38,-29.50,284,265,-1,-29.4,-18.3,-38.9,-22.6,-0.05,0.02,1.00,0.00,0.00,0.00,-23.86,37.10,85,-1,0,7,0.0,0.06,0.250,0.279,-14.00,0,26,0,5.4,153.7,100.9,263.9,0.00,1,13.0,4.7
38.25,brake,387.27,-37.27,0.250,1,1876.9,450.3,0.0,0.0,31.38,-29.50,284,265,-1,-28.6,-17.8,-37.7,-22.7,-0.06,0.02,1.00,0.00,0.00,0.00,-23.62,36.01,85,-1,0,8,0.0,0.05,0.250,0.281,-14.28,0,26,0,6.1,153.4,102.0,263.3,0.00,1,13.0,4.7
38.35,brake,385.83,-35.83,0.250,1,1879.9,447.4,0.0,0.0,30.67,-28.81,283,262,-1,-27.9,-17.3,-36.6,-22.8,-0.06,0.02,1.00,0.00,0.00,0.00,-23.64,34.81,85,-1,0,8,0.6,0.05,0.250,0.282,-14.55,0,26,0,6.6,153.2,102.9,262.9,0.00,1,12.2,3.7
38.45,brake,384.37,-34.37,0.267,1,1885.9,441.8,0.0,0.0,29.27,-27.40,282,262,-1,-27.2,-16.9,-35.5,-22.8,-0.07,0.01,0.99,0.00,0.00,0.00,-23.58,33.64,85,-1,0,9,1.9,0.04,0.267,0.299,-14.80,0,26,0,7.0,153.0,103.6,262.5,0.00,1,10.4,1.3
38.55,brake,382.88,-32.88,0.307,1,1888.8,439.1,0.0,0.0,28.56,-26.67,281,262,-1,-26.5,-16.4,-34.4,-22.8,-0.07,0.01,0.96,0.00,0.00,0.00,-23.47,32.50,85,-1,0,9,2.4,0.04,0.307,0.339,-15.02,0,26,0,7.3,153.1,104.2,262.3,0.00,1,9.9,-0.5
38.65,brake,381.38,-31.38,0.348,1,1891.6,436.5,0.0,0.0,27.86,-25.91,280,262,-1,-25.8,-16.0,-33.3,-22.6,-0.06,0.02,0.93,0.00,0.00,0.00,-23.32,31.36,85,-1,0,9,2.8,0.03,0.348,0.377,-15.19,0,26,0,7.5,153.3,104.7,262.1,0.00,1,9.3,-2.3
38.75,brake,379.87,-29.87,0.387,1,1894.3,434.0,0.0,0.0,27.11,-25.08,279,261,-1,-25.1,-15.5,-32.3,-22.3,-0.05,0.01,0.90,0.00,0.00,0.00,-23.23,30.13,85,-1,0,9,3.1,0.03,0.388,0.411,-15.30,0,26,0,7.7,153.7,105.2,262.0,0.00,1,8.6,-4.1
38.85,brake,378.36,-28.36,0.421,1,1897.0,431.6,0.0,0.0,26.32,-24.20,279,261,-1,-24.3,-15.1,-31.3,-21.8,-0.03,0.01,0.87,0.00,0.00,0.00,-23.05,28.86,85,-1,0,9,3.3,0.03,0.421,0.438,-15.26,0,26,0,7.7,154.2,105.7,262.0,0.00,1,8.1,-6.4
38.95,brake,376.87,-26.87,0.449,1,1897.0,431.6,0.0,0.0,26.32,-24.20,278,261,-1,-23.5,-14.5,-30.2,-21.1,-0.00,0.02,0.83,0.00,0.00,0.00,-22.81,27.54,85,-1,0,9,3.3,0.02,0.449,0.456,-15.10,0,26,0,7.7,155.0,106.2,262.0,0.00,1,8.1,-6.4
39.05,brake,375.42,-25.42,0.465,1,1902.0,427.0,0.0,0.0,24.57,-22.27,277,261,-1,-22.6,-13.9,-29.2,-20.3,0.02,0.01,0.79,0.00,0.00,0.00,-22.45,26.14,85,-1,0,9,4.0,0.02,0.465,0.478,-14.72,0,26,0,7.6,156.0,106.8,262.1,0.00,1,7.4,-9.5
39.15,brake,374.01,-24.01,0.477,1,1902.0,427.0,0.0,0.0,24.57,-22.27,276,262,-1,-21.7,-13.4,-28.2,-19.4,0.03,0.01,0.76,0.00,0.00,0.00,-22.05,24.77,85,-1,0,9,4.0,0.01,0.477,0.493,-14.26,0,26,0,7.5,157.1,107.3,262.3,0.00,1,7.4,-9.5
39.25,brake,372.66,-22.66,0.487,1,1904.4,424.8,0.0,0.0,23.69,-21.35,275,262,-1,-20.8,-12.9,-27.3,-18.5,0.03,0.00,0.72,0.00,0.00,0.00,-21.60,23.45,85,-1,0,9,4.3,0.01,0.487,0.500,-13.75,0,26,0,7.3,158.2,107.7,262.5,0.00,1,6.9,-9.9
39.35,brake,371.37,-21.37,0.490,1,1908.9,420.8,0.0,0.0,21.84,-19.53,275,262,-1,-19.9,-12.4,-26.5,-17.7,0.03,-0.01,0.69,0.00,0.00,0.00,-21.12,22.19,85,-1,0,8,4.8,0.00,0.490,0.506,-13.14,0,26,0,7.0,159.2,107.9,262.8,0.00,1,5.3,-9.5
39.45,brake,370.15,-20.15,0.485,1,1908.9,420.8,0.0,0.0,21.84,-19.53,274,262,-1,-19.0,-12.0,-25.7,-16.9,0.03,-0.02,0.65,0.00,0.00,0.00,-20.51,20.93,85,-1,0,8,4.8,-0.00,0.485,0.506,-12.42,0,26,0,6.6,160.3,107.9,263.1,0.00,1,5.3,-9.5
39.50,brake,369.57,-19.57,0.481,1,1912.0,418.0,0.0,0.0,20.48,-18.27,273,263,-1,-18.5,-11.7,-25.4,-16.5,0.02,-0.03,0.64,0.00,0.00,0.00,-20.29,20.27,85,-1,0,8,5.4,-0.01,0.481,0.503,-12.03,0,26,0,6.4,160.7,107.9,263.3,0.00,1,5.1,-8.9
39.60,brake,368.47,-18.47,0.472,1,1914.0,416.2,0.0,0.0,19.60,-17.49,273,263,-1,-17.6,-11.4,-24.6,-15.8,0.02,-0.03,0.61,0.00,0.00,0.00,-19.59,19.22,85,-1,0,7,5.6,-0.01,0.472,0.493,-11.27,0,26,0,6.0,161.7,107.7,263.7,0.00,1,5.3,-8.1
39.70,brake,367.43,-17.43,0.463,1,1914.0,416.2,0.0,0.0,19.60,-17.49,272,263,-1,-16.7,-11.0,-23.9,-15.2,0.01,-0.03,0.58,0.00,0.00,0.00,-18.92,18.22,85,-1,0,7,5.6,-0.02,0.463,0.481,-10.55,0,26,0,5.6,162.5,107.4,264.2,0.00,1,5.3,-8.1
39.80,brake,366.48,-16.48,0.451,1,1917.7,412.9,0.0,0.0,17.89,-16.03,272,263,-1,-15.8,-10.7,-23.1,-14.6,0.01,-0.03,0.55,0.00,0.00,0.00,-18.23,17.28,85,-1,0,7,5.4,-0.02,0.451,0.465,-9.81,0,26,0,5.2,163.3,106.9,264.6,0.00,1,6.5,-6.8
39.90,brake,365.59,-15.59,0.438,1,1919.5,411.3,0.0,0.0,17.05,-15.37,271,264,-1,-15.0,-10.4,-22.2,-14.1,0.01,-0.02,0.52,0.00,0.00,0.00,-17.49,16.46,85,-1,0,6,4.9,-0.02,0.438,0.447,-9.10,0,26,0,4.9,164.1,106.6,265.0,0.00,1,7.5,-6.6
40.00,brake,364.76,-14.76,0.427,1,1919.5,411.3,0.0,0.0,17.05,-15.37,271,264,-1,-14.2,-10.1,-21.3,-13.5,0.01,-0.01,0.49,0.00,0.00,0.00,-16.76,15.69,85,-1,0,6,4.9,-0.02,0.427,0.435,-8.47,0,26,0,4.6,164.8,106.4,265.3,0.00,1,7.5,-6.6
40.10,brake,363.99,-13.99,0.418,1,1922.7,408.4,0.0,0.0,15.64,-14.21,271,264,-1,-13.5,-9.8,-20.4,-13.0,0.02,-0.01,0.45,0.00,0.00,0.00,-16.15,14.99,85,-1,0,6,4.0,-0.01,0.418,0.427,-7.92,0,26,0,4.3,165.5,106.4,265.5,0.00,1,7.8,-6.3
40.20,brake,363.27,-13.27,0.407,1,1922.7,408.4,0.0,0.0,15.64,-14.21,270,264,-1,-12.9,-9.6,-19.5,-12.4,0.02,-0.00,0.42,0.00,0.00,0.00,-15.54,14.32,85,-1,0,5,4.0,-0.01,0.407,0.417,-7.36,0,26,0,4.1,166.2,106.4,265.8,0.00,1,7.8,-6.3
40.30,brake,362.61,-12.61,0.394,1,1925.6,405.7,0.0,0.0,14.33,-13.14,270,265,-1,-12.2,-9.3,-18.6,-11.9,0.02,-0.00,0.39,0.00,0.00,0.00,-14.89,13.73,85,-1,0,5,3.6,-0.01,0.394,0.405,-6.79,0,26,0,3.9,166.8,106.4,266.0,0.00,1,7.9,-5.8
40.40,brake,362.01,-12.01,0.380,1,1925.6,405.7,0.0,0.0,14.33,-13.14,270,265,-1,-11.6,-9.1,-17.7,-11.4,0.02,0.00,0.36,0.00,0.00,0.00,-14.33,13.14,85,-1,0,5,3.6,-0.01,0.380,0.388,-6.23,0,26,0,3.7,167.5,106.4,266.2,0.00,1,7.9,-5.8
40.50,brake,361.45,-11.45,0.368,1,1928.4,403.2,0.0,0.0,13.14,-12.23,270,265,-1,-11.0,-8.8,-16.8,-11.0,0.01,0.00,0.33,0.00,0.00,0.00,-13.76,12.61,85,-1,0,5,3.5,-0.01,0.368,0.371,-5.74,0,26,0,3.6,168.0,106.2,266.4,0.00,1,7.9,-4.0
40.60,brake,360.93,-10.93,0.359,1,1929.6,402.0,0.0,0.0,12.66,-11.82,270,265,-1,-10.5,-8.6,-16.0,-10.7,0.00,0.00,0.30,0.00,0.00,0.00,-13.24,12.12,85,-1,0,5,3.5,-0.01,0.359,0.360,-5.33,0,26,0,3.4,168.4,106.0,266.6,0.00,1,7.6,-3.8
40.70,brake,360.44,-10.44,0.353,1,1929.6,402.0,0.0,0.0,12.66,-11.82,269,266,-1,-10.0,-8.4,-15.1,-10.4,0.00,0.00,0.27,0.00,0.00,0.00,-12.78,11.68,85,-1,0,4,3.5,-0.01,0.353,0.354,-5.01,0,26,0,3.2,168.8,105.6,266.8,0.00,1,7.6,-3.8
40.80,brake,359.98,-9.98,0.346,1,1932.1,399.7,0.0,0.0,11.73,-11.05,269,266,-1,-9.6,-8.2,-14.3,-10.0,0.00,0.00,0.24,0.00,0.00,0.00,-12.32,11.26,85,-1,0,4,3.5,-0.01,0.346,0.347,-4.68,0,26,0,3.0,169.2,105.2,267.0,0.00,1,7.2,-3.6
40.90,brake,359.56,-9.56,0.338,1,1933.2,398.6,0.0,0.0,11.29,-10.70,269,266,-1,-9.2,-8.0,-13.5,-9.7,0.00,0.00,0.22,0.00,0.00,0.00,-11.91,10.86,85,-1,0,4,3.5,-0.01,0.338,0.340,-4.35,0,26,0,2.7,169.6,104.6,267.2,0.00,1,6.9,-3.5
41.00,brake,359.17,-9.17,0.329,1,1934.3,397.6,0.0,0.0,10.94,-10.35,269,266,-1,-8.8,-7.8,-12.8,-9.4,0.00,0.00,0.19,0.00,0.00,0.00,-11.49,10.48,85,-1,0,4,3.5,-0.02,0.329,0.330,-4.02,0,26,0,2.5,170.0,104.0,267.5,0.00,1,6.7,-3.4
41.10,brake,358.81,-8.81,0.319,1,1934.3,397.6,0.0,0.0,10.94,-10.35,269,267,-1,-8.5,-7.6,-12.0,-9.2,0.00,0.00,0.17,0.00,0.00,0.00,-11.14,10.13,85,-1,0,3,3.5,-0.02,0.319,0.320,-3.68,0,26,0,2.3,170.4,103.2,267.7,0.00,1,6.7,-3.4
41.20,brake,358.47,-8.47,0.313,1,1935.4,396.6,0.0,0.0,10.59,-10.03,269,267,-1,-8.1,-7.4,-11.3,-8.9,0.00,0.00,0.14,0.00,0.00,0.00,-10.79,9.81,85,-1,0,3,3.5,-0.02,0.313,0.315,-3.45,0,26,0,2.0,170.7,102.3,268.0,0.00,1,6.5,-3.3
41.30,brake,358.13,-8.13,0.317,1,1936.4,395.6,0.0,0.0,10.24,-9.74,269,267,-1,-7.8,-7.3,-10.7,-8.6,0.00,0.00,0.12,0.00,0.00,0.00,-10.45,9.52,85,-1,0,3,3.4,-0.02,0.317,0.318,-3.39,0,26,0,1.8,171.1,101.2,268.2,0.00,1,6.2,-3.2
41.40,brake,357.80,-7.80,0.320,1,1938.4,393.7,0.0,0.0,9.62,-9.22,269,267,-1,-7.6,-7.1,-10.0,-8.4,0.00,0.00,0.10,0.00,0.00,0.00,-10.19,9.25,85,-1,0,3,3.4,-0.02,0.320,0.322,-3.33,0,26,0,1.5,171.4,100.0,268.5,0.00,1,5.8,-3.0
41.50,brake,357.48,-7.48,0.323,1,1939.3,392.8,0.0,0.0,9.36,-8.96,269,268,-1,-7.2,-7.0,-9.4,-8.1,0.00,0.00,0.08,0.00,0.00,0.00,-9.83,9.00,85,-1,0,2,3.4,-0.02,0.323,0.325,-3.26,0,26,0,1.3,171.7,98.7,268.7,0.00,1,5.6,-2.9
41.60,brake,357.16,-7.16,0.326,1,1939.3,392.8,0.0,0.0,9.36,-8.96,269,268,-1,-7.0,-6.9,-8.8,-7.9,0.00,0.01,0.06,0.00,0.00,0.00,-9.55,8.76,85,-1,0,2,3.4,-0.03,0.326,0.329,-3.19,0,26,0,1.0,172.0,97.1,269.0,0.00,1,5.6,-2.9
41.70,brake,356.85,-6.85,0.329,1,1940.2,391.9,0.0,0.0,9.10,-8.72,269,268,-1,-6.7,-6.7,-8.2,-7.6,0.00,0.01,0.04,0.00,0.00,0.00,-9.28,8.53,85,-1,0,2,3.4,-0.03,0.329,0.332,-3.12,0,26,0,0.7,172.3,95.5,269.3,0.00,1,5.4,-2.8
41.80,brake,356.55,-6.55,0.332,1,1942.0,390.3,0.0,0.0,8.66,-8.26,269,268,-1,-6.6,-6.6,-7.6,-7.4,0.00,0.01,0.02,0.00,0.00,0.00,-9.06,8.30,85,-1,0,2,3.4,-0.03,0.332,0.335,-3.05,0,26,0,0.5,172.6,93.6,269.5,0.00,1,5.1,-2.7
41.90,brake,356.25,-6.25,0.335,1,1942.9,389.4,0.0,0.0,8.44,-8.03,269,269,-1,-6.4,-6.4,-7.0,-7.1,0.00,0.01,0.00,0.00,0.00,0.00,-8.81,8.09,85,-1,0,1,3.4,-0.03,0.336,0.338,-2.98,0,26,0,0.2,172.8,91.6,269.8,0.00,1,4.4,-2.5
42.00,brake,355.97,-5.97,0.335,1,1942.9,389.4,0.0,0.0,8.44,-8.03,269,269,-1,-6.2,-6.3,-6.6,-6.9,0.00,-0.00,0.00,0.00,0.00,0.00,-8.58,7.88,85,-1,0,1,3.4,-0.03,0.335,0.337,-2.85,0,26,0,359.9,173.1,89.2,270.1,0.00,1,4.4,-2.5
42.10,brake,355.71,-5.71,0.330,1,1943.7,388.7,0.0,0.0,8.22,-7.80,269,269,-1,-6.0,-6.1,-6.3,-6.7,-0.00,-0.02,0.00,0.00,0.00,0.00,-8.34,7.67,85,-1,0,1,3.4,-0.04,0.330,0.340,-2.63,0,26,0,359.6,173.3,86.6,270.4,0.00,1,3.1,-2.5
42.20,brake,355.48,-5.48,0.321,1,1944.5,387.9,0.0,0.0,7.95,-7.57,269,269,-1,-5.7,-6.0,-6.0,-6.5,-0.00,-0.03,0.00,0.00,0.00,0.00,-8.07,7.45,85,-1,0,0,3.4,-0.04,0.322,0.335,-2.36,0,26,0,359.3,173.6,83.8,270.7,0.00,1,2.2,-2.4
42.30,brake,355.28,-5.28,0.310,1,1946.0,386.4,0.0,0.0,7.56,-7.14,269,270,-1,-5.6,-5.8,-5.7,-6.3,-0.00,-0.02,0.00,0.00,0.00,0.00,-7.86,7.26,85,-1,0,0,3.0,-0.04,0.310,0.319,-2.05,0,26,0,359.0,173.8,81.0,271.0,0.00,1,3.6,-2.2
42.40,brake,355.10,-5.10,0.302,1,1946.8,385.7,0.0,0.0,7.34,-6.94,270,270,-1,-5.4,-5.7,-5.3,-6.1,-0.00,-0.00,0.00,0.00,0.00,0.00,-7.62,7.08,85,-1,0,-0,2.6,-0.04,0.302,0.303,-1.84,0,26,0,358.8,174.0,78.4,271.2,0.00,1,4.5,-2.2
42.50,brake,354.93,-4.93,0.296,1,1947.5,385.1,0.0,0.0,7.16,-6.77,270,270,-1,-5.2,-5.5,-4.8,-5.9,-0.00,0.01,0.00,0.00,0.00,0.00,-7.38,6.90,85,-1,0,-0,2.2,-0.03,0.296,0.300,-1.68,0,26,0,358.6,174.2,76.1,271.4,0.00,1,4.8,-2.1
42.60,brake,354.77,-4.77,0.295,1,1947.5,385.1,0.0,0.0,7.16,-6.77,270,270,-1,-5.1,-5.4,-4.3,-5.7,0.00,0.01,0.00,0.00,0.00,0.00,-7.19,6.74,85,-1,0,-0,2.2,-0.03,0.295,0.301,-1.61,0,26,0,358.4,174.4,74.1,271.6,0.00,1,4.8,-2.1
42.70,brake,354.61,-4.61,0.294,1,1948.9,383.7,0.0,0.0,6.86,-6.42,270,271,-1,-4.9,-5.3,-3.8,-5.5,0.00,0.02,0.00,0.00,0.00,0.00,-6.99,6.59,85,-1,0,-1,1.8,-0.03,0.294,0.301,-1.54,0,26,0,358.3,174.6,72.2,271.7,0.00,1,4.8,-2.0
42.80,brake,354.47,-4.47,0.292,1,1949.5,383.1,0.0,0.0,6.68,-6.26,270,271,-1,-4.9,-5.1,-3.3,-5.3,-0.00,0.02,0.00,0.00,0.00,0.00,-6.84,6.43,85,-1,0,-1,1.6,-0.03,0.292,0.301,-1.47,0,26,0,358.1,174.8,70.4,271.9,0.00,1,4.7,-1.9
42.90,brake,354.33,-4.33,0.290,1,1949.5,383.1,0.0,0.0,6.68,-6.26,270,271,-1,-4.7,-5.0,-2.8,-5.2,-0.00,0.02,0.00,0.00,0.00,0.00,-6.65,6.29,85,-1,0,-1,1.6,-0.03,0.290,0.300,-1.40,0,26,0,358.0,174.9,68.6,272.0,0.00,1,4.7,-1.9
43.00,brake,354.19,-4.19,0.288,1,1950.2,382.5,0.0,0.0,6.59,-6.10,270,271,-1,-4.7,-4.9,-2.3,-5.0,-0.00,0.03,0.00,0.00,0.00,0.00,-6.55,6.14,85,-1,0,-1,1.6,-0.03,0.288,0.299,-1.33,0,26,0,357.9,175.1,66.8,272.1,0.00,1,4.5,-1.8
43.10,brake,354.07,-4.07,0.286,1,1951.5,381.3,0.0,0.0,6.37,-5.79,271,271,-1,-4.6,-4.8,-1.9,-4.8,-0.00,0.03,0.00,0.00,0.00,0.00,-6.40,6.00,85,-1,0,-1,1.4,-0.03,0.286,0.297,-1.26,0,26,0,357.8,175.3,64.9,272.2,0.00,1,4.2,-1.7
43.20,brake,353.95,-3.95,0.284,1,1952.1,380.8,0.0,0.0,6.28,-5.65,271,271,-1,-4.5,-4.6,-1.5,-4.6,-0.00,0.03,0.00,0.00,0.00,0.00,-6.31,5.86,85,-1,0,-1,1.2,-0.03,0.284,0.295,-1.18,0,26,0,357.7,175.4,63.1,272.3,0.00,1,3.9,-1.7
43.30,brake,353.84,-3.84,0.281,1,1952.1,380.8,0.0,0.0,6.28,-5.65,271,271,-1,-4.5,-4.5,-1.1,-4.5,-0.00,0.02,0.00,0.00,0.00,0.00,-6.21,5.73,85,-1,0,-1,1.2,-0.02,0.281,0.292,-1.11,0,26,0,357.6,175.6,61.5,272.4,0.00,1,3.9,-1.7
43.40,brake,353.73,-3.73,0.279,1,1953.4,379.7,0.0,0.0,6.15,-5.36,271,271,-1,-4.5,-4.3,-0.8,-4.3,-0.00,0.02,0.00,0.00,0.00,0.00,-6.16,5.59,85,-1,0,-1,0.4,-0.02,0.279,0.288,-1.04,0,26,0,357.5,175.7,60.3,272.5,0.00,1,2.7,-1.5
43.50,brake,353.64,-3.64,0.276,1,1953.4,379.7,0.0,0.0,6.15,-5.36,271,271,-1,-4.5,-4.2,-0.5,-4.2,-0.00,0.01,0.00,0.00,0.00,0.00,-6.06,5.46,85,-1,0,-1,0.4,-0.01,0.276,0.283,-0.97,0,26,0,357.5,175.8,59.3,272.5,0.00,1,2.7,-1.5
43.60,brake,353.55,-3.55,0.272,1,1954.0,379.1,0.0,0.0,6.06,-5.23,271,271,-1,-4.4,-4.1,-0.3,-4.0,-0.00,0.01,0.00,0.00,0.00,0.00,-5.97,5.34,85,-1,0,-1,0.2,-0.01,0.272,0.278,-0.90,0,26,0,357.5,176.0,58.4,272.5,0.00,1,2.4,-1.5
43.70,align,353.46,0.00,0.309,1,1954.6,378.6,-62.1,-13.1,6.06,-5.11,271,271,-1,-10.4,-8.5,-0.1,-3.9,0.04,0.07,0.00,0.00,0.00,0.00,-5.97,5.22,85,-1,0,-1,0.0,-0.01,0.309,0.352,-0.82,0,26,0,357.5,176.1,57.7,272.5,0.00,0,2.0,-1.4
43.80,align,353.39,0.08,0.309,1,1955.8,377.6,-62.7,-12.6,5.89,-4.87,271,271,-1,-16.4,-8.5,0.1,-3.8,0.04,0.12,0.00,0.00,0.00,0.00,-5.88,5.10,85,-1,0,-1,-0.1,-0.01,0.309,0.375,-0.75,0,26,0,357.5,176.1,57.7,272.5,0.00,0,1.0,-0.7
43.90,align,353.32,0.14,0.308,1,1955.8,377.6,-63.3,-12.1,5.89,-4.87,271,271,-1,-20.0,-8.5,0.2,-3.7,0.03,0.14,0.00,0.00,0.00,0.00,-5.79,4.99,85,-1,0,-1,-0.1,-0.01,0.308,0.376,-0.68,0,26,0,357.6,176.3,57.0,272.4,0.00,0,1.0,-0.7
44.00,align,353.27,0.20,0.306,1,1956.9,376.7,-63.9,-11.7,5.89,-4.66,271,271,-1,-20.0,-8.5,-0.0,-3.8,0.01,0.11,0.00,0.00,0.00,0.00,-5.79,4.88,85,-1,0,-1,-0.3,-0.01,0.306,0.352,-0.59,0,26,0,357.6,176.3,57.0,272.4,0.00,0,-4.3,1.6
44.10,align,353.23,0.24,0.303,1,1957.5,376.2,-64.4,-11.2,5.89,-4.55,271,271,-1,-20.0,-8.5,-0.5,-4.0,-0.01,0.05,0.00,0.00,0.00,0.00,-5.79,4.79,85,-1,0,-1,-0.4,-0.01,0.303,0.327,-0.47,0,26,0,357.6,176.3,57.0,272.4,0.00,0,-8.2,2.1
44.20,align,353.19,0.28,0.301,1,1958.1,375.8,-65.0,-10.7,5.89,-4.43,271,271,-1,-20.0,-8.5,-1.5,-4.2,-0.02,-0.01,0.00,0.00,0.00,0.00,-5.78,4.68,85,-1,0,-1,-0.4,-0.00,0.301,0.312,-0.41,0,26,0,357.6,176.3,57.0,272.4,0.00,0,-11.3,2.4
44.30,align,353.16,0.30,0.300,1,1958.7,375.3,-65.6,-10.3,5.80,-4.32,271,271,-1,-20.0,-8.5,-2.6,-4.4,-0.02,-0.06,0.00,0.00,0.00,0.00,-5.78,4.57,85,-1,0,-1,-0.4,-0.00,0.300,0.332,-0.34,0,26,0,357.5,175.7,60.3,272.5,0.00,0,-12.8,2.6
44.40,align,353.14,0.33,0.298,1,1958.7,375.3,-66.2,-9.8,5.80,-4.32,271,271,-1,-20.0,-8.5,-3.9,-4.7,-0.03,-0.09,0.00,0.00,0.00,0.00,-5.69,4.46,85,-1,0,-1,-0.4,-0.01,0.298,0.345,-0.27,0,26,0,357.5,175.7,60.3,272.5,0.00,0,-12.8,2.6
44.50,align,353.12,0.35,0.296,1,1959.9,374.5,-66.8,-9.4,5.58,-4.05,272,271,-1,-20.0,-8.4,-5.3,-5.0,-0.03,-0.11,0.00,0.00,0.00,0.00,-5.60,4.33,85,-1,0,-2,-0.3,-0.01,0.296,0.353,-0.20,0,26,0,357.5,175.7,60.3,272.5,0.00,0,-13.4,2.3
44.60,align,353.10,0.36,0.294,1,1959.9,374.5,-67.4,-9.0,5.58,-4.05,272,271,-1,-20.0,-8.3,-6.6,-5.2,-0.02,-0.11,0.00,0.00,0.00,0.00,-5.47,4.21,85,-1,0,-2,-0.3,-0.01,0.294,0.349,-0.14,0,26,0,357.5,175.7,60.3,272.5,0.00,0,-13.4,2.3
44.70,align,353.09,0.38,0.293,1,1960.9,373.7,-67.9,-8.6,5.14,-3.79,272,272,-1,-20.0,-8.3,-7.7,-5.3,-0.01,-0.09,0.00,0.00,0.00,0.00,-5.28,4.08,85,-1,0,-2,-0.4,-0.01,0.293,0.336,-0.12,0,26,0,357.2,175.0,60.9,272.8,0.00,0,-9.1,0.7
44.80,align,353.07,0.39,0.296,1,1960.9,373.7,-68.4,-8.2,5.14,-3.79,272,272,-1,-20.0,-8.2,-8.6,-5.4,-0.00,-0.06,0.00,0.00,0.00,0.00,-5.02,3.95,85,-1,0,-2,-0.4,-0.01,0.296,0.321,-0.14,0,26,0,357.2,175.0,60.9,272.8,0.00,0,-9.1,0.7
44.90,align,353.05,0.42,0.299,1,1961.9,373.0,-68.9,-7.9,4.61,-3.53,272,272,-1,-20.0,-8.2,-9.1,-5.4,0.01,-0.02,0.02,0.00,0.00,0.00,-4.75,3.82,85,-1,0,-2,-0.5,-0.01,0.299,0.309,-0.18,0,26,0,357.2,175.0,60.9,272.8,0.00,0,-4.0,-0.4
45.00,align,353.03,0.44,0.300,1,1961.9,373.0,-69.4,-7.5,4.61,-3.53,272,272,-1,-20.0,-8.1,-9.5,-5.3,0.01,0.00,0.03,0.00,0.00,0.00,-4.48,3.69,85,-1,0,-2,-0.5,-0.01,0.300,0.306,-0.18,0,26,0,357.2,175.0,60.9,272.8,0.00,0,-4.0,-0.4
45.10,align,353.01,0.45,0.299,1,1962.7,372.3,-69.8,-7.2,4.09,-3.27,272,272,-1,-20.0,-7.9,-9.8,-5.3,0.01,0.02,0.04,0.00,0.00,0.00,-4.22,3.56,85,-1,0,-2,-0.6,-0.01,0.299,0.310,-0.14,0,26,0,357.3,175.2,60.5,272.8,0.00,0,-2.3,-0.3
45.20,align,353.00,0.46,0.298,1,1963.1,372.0,-70.2,-6.8,3.82,-3.14,272,272,-1,-20.0,-7.8,-10.0,-5.3,0.01,0.02,0.04,0.00,0.00,0.00,-3.96,3.43,85,-1,0,-2,-0.6,-0.01,0.298,0.312,-0.10,0,26,0,357.3,175.2,60.5,272.8,0.00,0,-2.1,-0.3
45.30,align,353.00,0.47,0.297,1,1963.1,372.0,-70.6,-6.5,3.82,-3.14,272,272,-1,-20.0,-7.7,-10.2,-5.2,0.01,0.03,0.05,0.00,0.00,0.00,-3.69,3.29,85,-1,0,-2,-0.6,-0.01,0.297,0.312,-0.06,0,26,0,357.3,175.2,60.5,272.8,0.00,0,-2.1,-0.3
45.40,align,352.99,0.47,0.296,1,1963.5,371.7,-71.0,-6.2,3.56,-3.02,272,272,-1,-20.0,-7.5,-10.4,-5.2,0.01,0.03,0.05,0.00,0.00,0.00,-3.43,3.16,85,-1,0,-2,-0.6,-0.01,0.296,0.310,-0.02,0,26,0,357.3,175.2,60.5,272.8,0.00,0,-1.7,-0.3
45.50,align,353.00,0.47,0.294,1,1964.1,371.1,-71.3,-5.9,3.08,-2.78,272,272,-1,-20.0,-7.3,-10.6,-5.2,0.01,0.03,0.06,0.00,0.00,0.00,-3.17,3.03,85,-1,0,-2,-0.6,-0.01,0.294,0.308,0.02,0,26,0,357.4,175.3,61.3,272.6,0.00,0,-1.9,-0.2
45.60,align,353.00,0.46,0.292,1,1964.4,370.9,-71.6,-5.6,2.81,-2.66,272,272,-1,-20.0,-7.1,-10.8,-5.1,0.00,0.03,0.06,0.00,0.00,0.00,-2.96,2.91,85,-1,0,-2,-0.6,-0.01,0.292,0.305,0.06,0,26,0,357.4,175.3,61.3,272.6,0.00,0,-1.9,-0.2
45.70,align,353.01,0.45,0.290,1,1964.4,370.9,-71.9,-5.4,2.81,-2.66,272,272,-1,-20.0,-6.9,-11.0,-5.1,0.00,0.03,0.07,0.00,0.00,0.00,-2.70,2.77,85,-1,0,-2,-0.6,-0.01,0.290,0.301,0.10,0,26,0,357.4,175.3,61.3,272.6,0.00,0,-1.9,-0.2
45.80,align,353.02,0.44,0.288,1,1964.7,370.6,-72.2,-5.1,2.59,-2.54,272,272,-1,-20.0,-6.7,-11.2,-5.1,-0.00,0.02,0.07,0.00,0.00,0.00,-2.48,2.65,85,-1,0,-2,-0.8,-0.01,0.288,0.297,0.14,0,26,0,357.4,175.3,61.3,272.6,0.00,0,-2.1,-0.1
45.90,align,353.04,0.42,0.286,1,1964.9,370.4,-72.4,-4.9,2.33,-2.43,272,271,-1,-20.0,-6.5,-11.4,-5.1,-0.00,0.02,0.08,0.00,0.00,0.00,-2.22,2.52,85,-1,0,-2,-1.0,-0.01,0.286,0.294,0.18,0,26,0,357.7,175.4,63.2,272.4,0.00,0,-2.4,-0.1
45.95,align,353.05,0.41,0.285,1,1965.1,370.1,-72.4,-4.9,2.07,-2.31,272,271,-1,-20.0,-6.5,-11.6,-5.1,-0.00,0.01,0.09,0.00,0.00,0.00,-2.23,2.52,85,-1,0,-2,-1.0,-0.01,0.285,0.292,0.18,0,26,0,357.7,175.4,63.2,272.4,0.00,0,-2.5,-0.0
46.05,align,353.07,0.39,0.283,1,1965.3,369.9,-72.6,-4.6,1.80,-2.20,272,271,-1,-20.0,-6.2,-11.8,-5.1,-0.01,0.01,0.09,0.00,0.00,0.00,-1.97,2.39,85,-1,0,-2,-1.0,-0.00,0.283,0.290,0.22,0,26,0,357.7,175.4,63.2,272.4,0.00,0,-2.7,0.0
46.15,align,353.10,0.36,0.280,1,1965.5,369.7,-72.8,-4.4,1.54,-2.08,272,271,-1,-20.0,-6.0,-12.1,-5.0,-0.01,0.01,0.10,0.00,0.00,0.00,-1.71,2.27,85,-1,0,-2,-1.0,-0.00,0.280,0.286,0.26,0,26,0,357.7,175.4,63.2,272.4,0.00,0,-2.7,0.1
46.25,align,353.13,0.33,0.277,1,1965.6,369.5,-73.0,-4.2,1.32,-1.97,272,271,-1,-20.0,-5.7,-12.4,-5.0,-0.01,0.00,0.11,0.00,0.00,0.00,-1.45,2.14,85,-1,0,-2,-1.1,-0.00,0.277,0.284,0.29,0,26,0,358.0,175.4,66.0,272.1,0.00,0,-2.9,0.1
46.35,align,353.16,0.30,0.275,1,1965.8,369.3,-73.1,-4.0,1.05,-1.86,272,271,-1,-20.0,-5.4,-12.7,-5.0,-0.01,0.00,0.12,0.00,0.00,0.00,-1.24,2.02,85,-1,0,-2,-1.1,-0.00,0.275,0.280,0.32,0,26,0,358.0,175.4,66.0,272.1,0.00,0,-3.1,0.2
46.45,align,353.20,0.27,0.272,1,1965.8,369.1,-73.3,-3.8,0.75,-1.75,272,271,-1,-20.0,-5.2,-13.0,-5.0,-0.02,-0.00,0.13,0.00,0.00,0.00,-0.98,1.90,85,-1,0,-2,-1.1,-0.00,0.272,0.280,0.35,0,26,0,358.0,175.4,66.0,272.1,0.00,0,-3.2,0.2
46.55,align,353.24,0.23,0.269,1,1965.9,369.0,-73.3,-3.6,0.48,-1.64,272,271,-1,-20.0,-4.9,-13.4,-5.0,-0.02,-0.01,0.14,0.00,0.00,0.00,-0.68,1.78,85,-1,0,-2,-1.0,-0.00,0.269,0.280,0.38,0,26,0,358.0,175.4,66.0,272.1,0.00,0,-3.2,0.2
46.65,align,353.27,0.20,0.266,1,1965.9,368.8,-73.4,-3.5,0.26,-1.55,272,271,-1,-20.0,-4.6,-13.7,-5.0,-0.01,-0.01,0.15,0.00,0.00,0.00,-0.42,1.65,85,-1,0,-2,-1.1,-0.00,0.266,0.276,0.41,0,26,0,358.3,175.4,69.3,271.8,0.00,0,-3.4,-0.7
46.75,align,353.28,0.18,0.270,1,1965.9,368.7,-73.4,-3.3,0.00,-1.46,272,271,-1,-20.0,-4.4,-14.1,-4.8,0.00,-0.01,0.16,0.00,0.00,0.00,-0.20,1.56,85,-1,0,-2,-1.1,-0.00,0.270,0.277,0.32,0,26,0,358.3,175.4,69.3,271.8,0.00,0,-3.5,-1.8
46.85,align,353.29,0.18,0.275,1,1965.9,368.5,-73.4,-3.2,-0.22,-1.35,272,271,-1,-20.0,-4.1,-14.4,-4.5,0.02,-0.02,0.17,0.00,0.00,0.00,0.05,1.46,85,-1,0,-2,-1.1,-0.00,0.275,0.290,0.20,0,26,0,358.3,175.4,69.3,271.8,0.00,0,-3.6,-2.9
46.95,align,353.28,0.18,0.281,1,1965.9,368.4,-73.4,-3.0,-0.48,-1.29,272,271,-1,-20.0,-3.8,-14.7,-4.2,0.02,-0.01,0.18,0.00,0.00,0.00,0.27,1.34,85,-1,0,-2,-1.1,-0.00,0.281,0.295,0.09,0,26,0,358.3,175.4,69.3,271.8,0.00,0,-2.7,-3.0
47.05,align,353.27,0.20,0.288,1,1965.8,368.3,-73.4,-2.9,-0.75,-1.20,272,270,-1,-20.0,-3.6,-15.0,-3.9,0.02,-0.00,0.18,0.00,0.00,0.00,0.53,1.27,85,-1,0,-2,-1.1,-0.00,0.288,0.296,-0.03,0,26,0,358.6,176.5,68.7,271.4,0.00,0,-2.1,-2.4
47.15,align,353.25,0.21,0.291,1,1965.7,368.2,-73.3,-2.8,-1.05,-1.11,272,270,-1,-20.0,-3.3,-15.2,-3.6,0.01,-0.00,0.19,0.00,0.00,0.00,0.79,1.17,85,-1,0,-2,-1.1,-0.00,0.291,0.298,-0.08,0,26,0,358.6,176.5,68.7,271.4,0.00,0,-2.2,-2.3
47.25,align,353.24,0.22,0.291,1,1965.6,368.1,-73.2,-2.7,-1.36,-1.04,272,270,-1,-20.0,-3.0,-15.4,-3.4,0.01,-0.01,0.19,0.00,0.00,0.00,1.09,1.08,85,-1,0,-2,-1.1,0.00,0.291,0.298,-0.07,0,26,0,358.6,176.5,68.7,271.4,0.00,0,-2.3,-2.2
47.35,align,353.24,0.23,0.290,1,1965.4,368.0,-73.1,-2.6,-1.63,-0.98,272,270,-1,-20.0,-2.8,-15.7,-3.1,0.01,-0.01,0.20,0.00,0.00,0.00,1.39,1.00,85,-1,0,-2,-1.1,0.00,0.290,0.299,-0.04,0,26,0,358.6,176.5,68.7,271.4,0.00,0,-2.5,-2.2
47.45,align,353.23,0.24,0.290,1,1965.2,367.9,-72.9,-2.5,-1.98,-0.91,272,270,-1,-20.0,-2.5,-15.9,-2.9,0.01,-0.01,0.20,0.00,0.00,0.00,1.65,0.93,85,-1,0,-2,-1.1,0.00,0.290,0.299,-0.02,0,26,0,359.0,177.4,69.2,271.0,0.00,0,-2.5,-2.1
47.55,align,353.22,0.24,0.288,1,1964.9,367.7,-72.6,-2.3,-2.42,-0.81,271,270,-1,-20.0,-2.1,-16.2,-2.7,0.01,-0.02,0.21,0.00,0.00,0.00,2.09,0.82,85,-1,0,-1,-1.1,0.00,0.288,0.299,0.01,0,26,0,359.0,177.4,69.2,271.0,0.00,0,-2.8,-2.1
47.65,align,353.22,0.24,0.288,1,1964.9,367.7,-72.4,-2.2,-2.42,-0.81,271,270,-1,-20.0,-1.9,-16.5,-2.4,0.01,-0.02,0.22,0.00,0.00,0.00,2.44,0.76,85,-1,0,-1,-1.1,0.00,0.288,0.299,0.03,0,26,0,359.0,177.4,69.2,271.0,0.00,0,-2.8,-2.1
47.75,align,353.22,0.24,0.287,1,1964.6,367.7,-72.1,-2.2,-2.68,-0.76,271,270,-1,-20.0,-1.7,-16.7,-2.2,0.01,-0.03,0.23,0.00,0.00,0.00,2.70,0.70,85,-1,0,-1,-1.1,0.00,0.287,0.300,0.05,0,26,0,359.0,177.4,69.2,271.0,0.00,0,-2.9,-2.0
47.85,align,353.22,0.24,0.286,1,1964.0,367.5,-71.8,-2.1,-3.30,-0.67,271,270,-1,-20.0,-1.5,-17.1,-2.0,0.01,-0.03,0.24,0.00,0.00,0.00,3.05,0.66,85,-1,0,-1,-1.1,0.01,0.286,0.301,0.06,0,26,0,359.4,178.2,71.3,270.6,0.00,0,-3.1,-1.8
47.95,align,353.22,0.24,0.286,1,1964.0,367.5,-71.5,-2.0,-3.30,-0.67,271,270,-1,-20.0,-1.3,-17.4,-1.8,0.01,-0.04,0.25,0.00,0.00,0.00,3.31,0.62,85,-1,0,-1,-1.1,0.01,0.286,0.302,0.08,0,26,0,359.4,178.2,71.3,270.6,0.00,0,-3.1,-1.8
48.05,align,353.23,0.24,0.285,1,1963.3,367.4,-71.2,-2.0,-4.00,-0.59,271,270,-1,-20.0,-1.2,-17.7,-1.6,0.00,-0.04,0.26,0.00,0.00,0.00,3.66,0.59,85,-1,0,-1,-1.0,0.01,0.285,0.303,0.09,0,26,0,359.4,178.2,71.3,270.6,0.00,0,-3.2,-1.7
48.15,align,353.23,0.24,0.284,1,1962.8,367.3,-70.8,-1.9,-4.31,-0.56,271,270,-1,-20.0,-1.0,-18.0,-1.4,0.00,-0.04,0.27,0.00,0.00,0.00,4.01,0.54,85,-1,0,-1,-1.0,0.01,0.284,0.303,0.10,0,26,0,359.4,178.2,71.3,270.6,0.00,0,-2.9,-1.6
48.25,align,353.23,0.23,0.284,1,1962.8,367.3,-70.3,-1.8,-4.31,-0.56,271,269,-1,-20.0,-0.9,-18.3,-1.2,0.00,-0.04,0.28,0.00,0.00,0.00,4.31,0.52,85,-1,0,-1,-1.0,0.01,0.284,0.302,0.10,0,26,0,359.8,178.9,78.5,270.2,0.00,0,-2.9,-1.6
48.35,align,353.23,0.23,0.286,1,1962.4,367.3,-69.9,-1.8,-4.61,-0.54,270,269,-1,-20.0,-0.7,-18.5,-1.0,-0.00,-0.03,0.28,0.00,0.00,0.00,4.62,0.51,85,-1,0,-0,-1.0,0.01,0.286,0.297,0.07,0,26,0,359.8,178.9,78.5,270.2,0.00,0,-2.1,-1.4
48.45,align,353.23,0.23,0.288,1,1961.9,367.2,-69.4,-1.7,-4.97,-0.51,270,269,-1,-20.0,-0.6,-18.6,-0.9,-0.00,-0.02,0.29,0.00,0.00,0.00,4.97,0.48,85,-1,0,-0,-1.1,0.01,0.288,0.296,0.03,0,26,0,359.8,178.9,78.5,270.2,0.00,0,-1.2,-1.0
48.55,align,353.23,0.23,0.289,1,1960.8,367.1,-68.9,-1.7,-5.67,-0.46,270,269,-1,-20.0,-0.5,-18.6,-0.8,-0.01,-0.01,0.29,0.00,0.00,0.00,5.32,0.47,85,-1,0,-0,-1.1,0.01,0.289,0.293,0.02,0,26,0,359.8,178.9,78.5,270.2,0.00,0,-0.1,-0.9
48.65,align,353.23,0.23,0.289,1,1960.2,367.1,-68.3,-1.6,-6.02,-0.44,270,269,-1,-20.0,-0.4,-18.6,-0.7,-0.01,-0.00,0.29,0.00,0.00,0.00,5.67,0.46,85,-1,0,0,-1.2,0.01,0.289,0.291,0.02,0,26,0,0.2,179.3,105.0,269.8,0.00,0,0.2,-1.0
48.75,align,353.23,0.23,0.289,1,1959.6,367.0,-67.7,-1.6,-6.37,-0.43,270,269,-1,-20.0,-0.3,-18.6,-0.5,-0.01,0.00,0.29,0.00,0.00,0.00,6.02,0.45,85,-1,0,0,-1.1,0.02,0.289,0.293,0.02,0,26,0,0.2,179.3,105.0,269.8,0.00,0,0.3,-0.8
48.85,align,353.23,0.23,0.289,1,1959.6,367.0,-67.1,-1.5,-6.37,-0.43,270,269,-1,-20.0,-0.3,-18.6,-0.4,-0.01,0.00,0.29,0.00,0.00,0.00,6.37,0.46,85,-1,0,0,-1.1,0.01,0.289,0.294,0.02,0,26,0,0.2,179.3,105.0,269.8,0.00,0,0.3,-0.8
48.95,align,353.23,0.23,0.289,1,1958.9,367.0,-66.4,-1.5,-6.64,-0.42,270,269,-1,-20.0,-0.2,-18.6,-0.3,-0.01,0.00,0.29,0.00,0.00,0.00,6.63,0.46,85,-1,0,0,-0.9,0.01,0.289,0.294,0.02,0,26,0,0.2,179.3,105.0,269.8,0.00,0,0.2,-0.7
49.05,align,353.23,0.23,0.289,1,1958.2,367.0,-65.7,-1.5,-6.99,-0.40,269,268,-1,-18.5,-0.1,-18.5,-0.2,-0.01,-0.01,0.28,0.00,0.00,0.00,6.98,0.46,85,-1,0,1,-1.0,0.02,0.289,0.298,0.03,0,26,0,0.6,179.6,145.1,269.4,0.00,0,0.2,-0.7
49.15,align,353.24,0.23,0.289,1,1956.8,366.9,-65.0,-1.4,-7.60,-0.37,269,268,-1,-17.1,-0.1,-18.5,-0.1,-0.01,-0.03,0.28,0.00,0.00,0.00,7.29,0.48,85,-1,0,1,-0.8,0.02,0.289,0.304,0.03,0,26,0,0.6,179.6,145.1,269.4,0.00,0,0.0,-0.5
49.25,align,353.24,0.23,0.289,1,1956.8,366.9,-64.3,-1.4,-7.60,-0.37,269,268,-1,-15.8,-0.1,-18.5,-0.0,-0.01,-0.05,0.28,0.00,0.00,0.00,7.60,0.48,85,-1,0,1,-0.8,0.02,0.289,0.311,0.03,0,26,0,0.6,179.6,145.1,269.4,0.00,0,0.0,-0.5
49.35,align,353.24,0.22,0.289,1,1955.2,366.8,-63.5,-1.4,-8.22,-0.35,269,268,-1,-14.5,-0.1,-18.5,0.1,-0.01,-0.06,0.28,0.00,0.00,0.00,7.86,0.50,85,-1,0,1,-0.9,0.02,0.289,0.317,0.04,0,26,0,0.6,179.6,145.1,269.4,0.00,0,0.0,-0.6
49.45,align,353.24,0.22,0.289,1,1955.2,366.8,-62.7,-1.3,-8.22,-0.35,269,268,-1,-13.0,-0.0,-18.5,0.1,-0.01,-0.08,0.28,0.00,0.00,0.00,8.21,0.50,85,-1,0,1,-0.9,0.02,0.289,0.324,0.04,0,26,0,1.0,179.8,168.3,269.0,0.00,0,0.0,-0.6
49.55,align,353.24,0.23,0.292,1,1954.3,366.8,-61.8,-1.3,-8.48,-0.35,269,268,-1,-11.7,-0.0,-18.4,0.2,-0.01,-0.08,0.28,0.00,0.00,0.00,8.47,0.53,85,-1,0,1,-0.6,0.02,0.292,0.326,-0.01,0,26,0,1.0,179.8,168.3,269.0,0.00,0,0.8,-0.4
49.65,align,353.22,0.24,0.300,1,1952.6,366.7,-61.0,-1.2,-9.05,-0.33,269,268,-1,-10.3,-0.1,-18.1,0.2,-0.01,-0.06,0.27,0.00,0.00,0.00,8.73,0.55,85,-1,0,1,-0.5,0.02,0.300,0.329,-0.15,0,26,0,1.0,179.8,168.3,269.0,0.00,0,4.2,-0.4
49.75,align,353.19,0.27,0.308,1,1952.6,366.7,-60.1,-1.2,-9.05,-0.33,269,268,-1,-8.9,-0.0,-17.6,0.3,-0.01,-0.05,0.25,0.00,0.00,0.00,9.04,0.55,85,-1,0,1,-0.5,0.02,0.308,0.332,-0.29,0,26,0,1.0,179.8,168.3,269.0,0.00,0,4.2,-0.4
49.85,align,353.16,0.30,0.315,1,1951.6,366.7,-59.1,-1.2,-9.36,-0.33,268,268,-1,-7.4,-0.1,-17.0,0.3,-0.01,-0.04,0.23,0.00,0.00,0.00,9.35,0.58,85,-1,0,2,-0.4,0.02,0.315,0.335,-0.38,0,26,0,1.2,180.0,179.2,268.8,0.00,0,5.7,-0.3
49.95,align,353.13,0.34,0.316,1,1950.7,366.6,-58.2,-1.1,-9.62,-0.33,268,268,-1,-6.0,-0.1,-16.4,0.4,-0.01,-0.04,0.21,0.00,0.00,0.00,9.61,0.60,85,-1,0,2,-0.4,0.02,0.316,0.335,-0.37,0,26,0,1.2,180.0,179.2,268.8,0.00,0,6.5,-0.3
50.05,align,353.10,0.36,0.316,1,1948.7,366.6,-57.2,-1.1,-10.24,-0.33,268,268,-1,-4.7,-0.2,-15.6,0.4,-0.00,-0.03,0.19,0.00,0.00,0.00,9.87,0.62,85,-1,0,2,-0.2,0.02,0.316,0.328,-0.34,0,26,0,1.2,180.0,179.2,268.8,0.00,0,9.0,-1.0
50.15,align,353.09,0.38,0.313,1,1947.6,366.5,-56.2,-1.1,-10.46,-0.33,268,268,-1,-3.0,-0.2,-14.7,0.6,0.01,-0.01,0.16,0.00,0.00,0.00,10.22,0.65,85,-1,0,2,0.0,0.02,0.313,0.321,-0.26,0,26,0,1.2,180.0,179.2,268.8,0.00,0,9.9,-1.3
50.25,align,353.07,0.39,0.311,1,1947.6,366.5,-55.1,-1.0,-10.46,-0.33,268,268,-1,-1.7,-0.3,-13.7,0.7,0.01,-0.01,0.12,0.00,0.00,0.00,10.44,0.67,85,-1,0,2,0.0,0.01,0.311,0.317,-0.19,0,26,0,1.2,180.4,197.3,268.7,0.00,0,9.9,-1.3
50.35,align,353.06,0.40,0.311,1,1945.5,366.5,-54.1,-1.0,-10.85,-0.33,268,268,-1,-0.4,-0.4,-12.6,0.8,0.01,-0.00,0.09,0.00,0.00,0.00,10.66,0.69,85,-1,0,2,0.3,0.01,0.311,0.316,-0.16,0,26,0,1.2,180.4,197.3,268.7,0.00,0,10.4,-1.2
50.45,align,353.06,0.41,0.310,1,1944.4,366.4,-53.0,-1.0,-10.99,-0.35,268,268,-1,0.7,-0.4,-11.6,0.9,0.01,-0.00,0.05,0.00,0.00,0.00,10.84,0.71,85,-1,0,2,0.3,0.01,0.310,0.316,-0.13,0,26,0,1.2,180.4,197.3,268.7,0.00,0,10.3,-1.1
50.55,align,353.05,0.41,0.309,1,1943.3,366.4,-51.9,-0.9,-11.12,-0.35,268,268,-1,1.8,-0.6,-10.6,1.0,0.01,-0.00,0.02,0.00,0.00,0.00,10.97,0.75,85,-1,0,2,0.4,0.01,0.309,0.315,-0.09,0,26,0,1.2,180.4,197.3,268.7,0.00,0,10.2,-1.1
50.65,align,353.05,0.41,0.307,1,1943.3,366.4,-50.8,-0.9,-11.12,-0.35,268,268,-1,2.9,-0.6,-9.5,1.1,0.01,-0.01,0.00,0.00,0.00,0.00,11.10,0.76,85,-1,0,2,0.4,0.01,0.307,0.314,-0.04,0,26,0,1.1,180.9,220.9,268.9,0.00,0,10.2,-1.1
50.75,align,353.06,0.41,0.305,1,1941.1,366.3,-49.7,-0.9,-11.29,-0.40,268,268,-1,3.9,-0.7,-8.5,1.2,0.01,-0.01,0.00,0.00,0.00,0.00,11.23,0.79,85,-1,0,2,0.4,0.01,0.305,0.315,0.00,0,26,0,1.1,180.9,220.9,268.9,0.00,0,9.9,-1.0
50.85,align,353.07,0.40,0.302,1,1939.9,366.3,-48.6,-0.8,-11.34,-0.41,268,268,-1,4.7,-0.9,-7.5,1.3,0.02,-0.01,0.00,0.00,0.00,0.00,11.27,0.82,85,-1,0,2,0.4,0.01,0.302,0.314,0.06,0,26,0,1.1,180.9,220.9,268.9,0.00,0,9.7,-0.9
50.95,align,353.08,0.38,0.299,1,1938.8,366.3,-47.4,-0.8,-11.43,-0.43,268,268,-1,5.5,-1.0,-6.6,1.4,0.02,-0.01,0.00,0.00,0.00,0.00,11.31,0.83,85,-1,0,2,0.5,0.01,0.299,0.312,0.11,0,26,0,1.1,180.9,220.9,268.9,0.00,0,9.5,-0.9
51.05,align,353.10,0.36,0.296,1,1938.8,366.3,-46.3,-0.8,-11.43,-0.43,268,268,-1,6.5,-1.1,-5.6,1.5,0.02,-0.02,0.00,0.00,0.00,0.00,11.40,0.85,85,-1,0,2,0.5,0.01,0.296,0.311,0.17,0,26,0,0.8,181.4,238.9,269.2,0.00,0,9.5,-0.9
51.15,align,353.13,0.34,0.292,1,1937.6,366.2,-45.1,-0.7,-11.43,-0.46,268,268,-1,7.2,-1.2,-4.7,1.5,0.02,-0.02,0.00,0.00,0.00,0.00,11.40,0.88,85,-1,0,2,0.5,0.01,0.292,0.309,0.22,0,26,0,0.8,181.4,238.9,269.2,0.00,0,9.3,-0.8
51.25,align,353.16,0.31,0.288,1,1936.5,366.2,-44.0,-0.7,-11.43,-0.48,268,268,-1,7.8,-1.3,-3.8,1.6,0.02,-0.02,0.00,0.00,0.00,0.00,11.40,0.90,85,-1,0,2,0.5,0.01,0.288,0.307,0.28,0,26,0,0.8,181.4,238.9,269.2,0.00,0,9.1,-0.8
51.35,align,353.19,0.27,0.284,1,1934.2,366.1,-42.8,-0.6,-11.34,-0.53,268,268,-1,8.5,-1.5,-2.9,1.7,0.02,-0.03,0.00,0.00,0.00,0.00,11.40,0.91,85,-1,0,2,0.5,0.01,0.284,0.304,0.34,0,26,0,0.8,181.4,238.9,269.2,0.00,0,8.7,-0.7
51.45,align,353.24,0.23,0.279,1,1933.1,366.0,-41.7,-0.6,-11.29,-0.56,268,268,-1,8.9,-1.6,-2.1,1.7,0.03,-0.03,0.00,0.00,0.00,0.00,11.31,0.92,85,-1,0,2,0.5,0.01,0.279,0.300,0.41,0,26,0,0.5,181.7,252.3,269.5,0.00,0,8.6,-0.4
51.55,align,353.28,0.19,0.276,1,1932.0,365.9,-40.6,-0.5,-11.25,-0.59,268,268,-1,9.5,-1.7,-1.2,1.8,0.02,-0.02,0.00,0.00,0.00,0.00,11.27,0.94,85,-1,0,2,0.5,0.01,0.276,0.293,0.44,0,26,0,0.5,181.7,252.3,269.5,0.00,0,9.0,0.2
51.65,align,353.32,0.14,0.275,1,1932.0,365.9,-39.5,-0.4,-11.25,-0.59,268,268,-1,10.0,-1.8,-0.3,1.7,0.01,-0.01,0.00,0.00,0.00,0.00,11.22,0.96,85,-1,0,2,0.5,0.01,0.275,0.286,0.43,0,26,0,0.5,181.7,252.3,269.5,0.00,0,9.0,0.2
51.75,align,353.37,0.10,0.273,1,1930.8,365.9,-38.3,-0.4,-11.16,-0.62,268,268,-1,10.4,-1.9,0.6,1.6,0.00,-0.00,0.00,0.00,0.00,0.00,11.14,0.97,85,-1,0,2,0.5,0.01,0.273,0.277,0.42,0,26,0,0.5,181.7,252.3,269.5,0.00,0,9.3,0.8
51.85,align,353.41,0.06,0.272,1,1928.6,365.8,-37.2,-0.3,-10.90,-0.66,268,269,-1,10.7,-2.0,1.6,1.5,-0.00,0.01,0.00,0.00,0.00,0.00,11.01,0.97,85,-1,0,2,0.5,0.01,0.272,0.277,0.41,0,26,0,0.2,181.5,260.5,269.8,0.00,0,9.8,1.8
51.95,align,353.45,0.01,0.269,1,1928.6,365.8,-36.1,-0.3,-10.90,-0.66,268,269,-1,11.0,-2.1,2.6,1.3,-0.01,0.01,0.00,0.00,0.00,0.00,10.88,0.97,85,-1,0,2,0.5,0.01,0.269,0.278,0.42,0,26,0,0.2,181.5,260.5,269.8,0.00,0,9.8,1.8
52.05,align,353.50,-0.04,0.264,1,1926.5,365.6,-35.1,-0.2,-10.59,-0.70,268,269,-1,11.2,-2.2,3.5,1.1,-0.01,0.02,0.00,0.00,0.00,0.00,10.74,0.98,85,-1,0,2,0.4,0.01,0.264,0.274,0.48,0,26,0,0.2,181.5,260.5,269.8,0.00,0,9.1,1.7
52.15,align,353.56,-0.09,0.260,1,1925.5,365.5,-34.0,-0.1,-10.42,-0.73,268,269,-1,11.3,-2.3,4.4,0.9,-0.00,0.01,0.00,0.00,0.00,0.00,10.57,0.98,85,-1,0,2,0.4,0.01,0.260,0.267,0.51,0,26,0,0.2,181.5,260.5,269.8,0.00,0,8.4,1.1
52.25,align,353.60,-0.13,0.262,1,1925.5,365.5,-33.0,-0.0,-10.42,-0.73,269,269,-1,11.4,-2.4,5.2,0.8,0.00,0.01,0.00,0.00,0.00,0.00,10.39,0.98,85,-1,0,1,0.4,0.01,0.262,0.267,0.45,0,26,0,0.0,180.8,269.7,270.0,0.00,0,8.4,1.1
52.35,align,353.62,-0.15,0.268,1,1924.4,365.5,-31.9,0.0,-10.24,-0.73,269,269,-1,11.5,-2.5,6.0,0.8,0.01,0.00,0.00,0.00,0.00,0.00,10.22,0.97,85,-1,0,1,0.4,0.01,0.268,0.274,0.29,0,26,0,0.0,180.8,269.7,270.0,0.00,0,7.6,0.6
52.45,align,353.62,-0.16,0.277,1,1923.4,365.4,-30.9,0.1,-10.06,-0.73,269,269,-1,11.6,-2.5,6.7,0.8,0.02,0.00,0.00,0.00,0.00,0.00,10.04,0.95,85,-1,0,1,0.3,0.00,0.277,0.285,0.10,0,26,0,0.0,180.8,269.7,270.0,0.00,0,7.1,0.3
52.55,align,353.61,-0.14,0.286,1,1921.5,365.3,-29.9,0.2,-9.62,-0.75,269,269,-1,11.7,-2.6,7.4,0.7,0.00,0.01,0.00,0.00,0.00,0.00,9.87,0.95,85,-1,0,1,0.3,0.00,0.286,0.290,-0.08,0,26,0,0.0,180.8,269.7,270.0,0.00,0,6.7,1.5
52.65,align,353.60,-0.13,0.288,1,1921.5,365.3,-29.0,0.2,-9.62,-0.75,269,269,-1,11.5,-2.6,8.0,0.5,-0.00,0.01,0.00,0.00,0.00,0.00,9.61,0.94,85,-1,0,1,0.3,0.00,0.288,0.294,-0.11,0,26,0,359.8,180.5,288.5,270.2,0.00,0,6.7,1.5
52.75,align,353.59,-0.13,0.286,1,1919.6,365.1,-28.0,0.3,-9.14,-0.75,269,269,-1,11.4,-2.7,8.7,0.4,-0.00,0.01,0.00,0.00,0.00,0.00,9.39,0.93,85,-1,0,1,0.3,0.00,0.286,0.293,-0.05,0,26,0,359.8,180.5,288.5,270.2,0.00,0,6.2,1.5
52.85,align,353.60,-0.13,0.283,1,1919.6,365.1,-27.1,0.4,-9.14,-0.75,269,269,-1,11.2,-2.7,9.3,0.2,-0.01,0.02,0.00,0.00,0.00,0.00,9.13,0.91,85,-1,0,1,0.3,0.00,0.283,0.293,0.00,0,26,0,359.8,180.5,288.5,270.2,0.00,0,6.2,1.5
52.95,align,353.60,-0.14,0.280,1,1917.8,365.0,-26.2,0.5,-8.61,-0.75,269,269,-1,11.0,-2.7,9.9,0.1,-0.01,0.03,0.00,0.00,0.00,0.00,8.86,0.90,85,-1,0,1,0.3,0.00,0.280,0.292,0.05,0,26,0,359.8,180.5,288.5,270.2,0.00,0,5.8,1.6
53.05,align,353.61,-0.15,0.277,1,1917.8,365.0,-25.3,0.5,-8.61,-0.75,269,269,-1,10.7,-2.8,10.5,-0.1,-0.01,0.03,0.02,0.00,0.00,0.00,8.60,0.89,85,-1,0,1,0.3,0.00,0.277,0.292,0.10,0,26,0,359.7,179.9,21.9,270.3,0.00,0,5.8,1.6
53.15,align,353.63,-0.16,0.274,1,1916.2,364.8,-24.5,0.6,-8.04,-0.73,269,269,-1,10.3,-2.7,11.0,-0.2,-0.01,0.04,0.03,0.00,0.00,0.00,8.29,0.86,85,-1,0,1,0.3,0.00,0.274,0.292,0.15,0,26,0,359.7,179.9,21.9,270.3,0.00,0,5.3,1.4
53.25,align,353.64,-0.18,0.272,1,1915.4,364.7,-23.7,0.7,-7.78,-0.70,269,269,-1,10.0,-2.8,11.5,-0.3,-0.00,0.04,0.05,0.00,0.00,0.00,8.03,0.85,85,-1,0,1,0.2,0.00,0.272,0.289,0.16,0,26,0,359.7,179.9,21.9,270.3,0.00,0,4.2,1.1
53.35,align,353.65,-0.18,0.274,1,1915.4,364.7,-22.9,0.8,-7.78,-0.70,269,269,-1,9.7,-2.8,11.9,-0.5,-0.00,0.03,0.06,0.00,0.00,0.00,7.77,0.82,85,-1,0,1,0.2,0.00,0.274,0.286,0.10,0,26,0,359.7,179.9,21.9,270.3,0.00,0,4.2,1.1
53.45,align,353.64,-0.18,0.279,1,1913.9,364.6,-22.1,0.8,-7.16,-0.68,269,269,-1,9.1,-2.8,12.1,-0.6,-0.00,0.01,0.07,0.00,0.00,0.00,7.42,0.80,85,-1,0,1,0.3,0.00,0.279,0.285,0.00,0,26,0,359.6,179.4,58.9,270.4,0.00,0,0.9,1.3
53.55,align,353.63,-0.17,0.285,1,1913.2,364.5,-21.4,0.9,-6.81,-0.66,269,269,-1,8.8,-2.8,12.2,-0.7,-0.00,-0.01,0.07,0.00,0.00,0.00,7.15,0.79,85,-1,0,1,0.2,0.00,0.285,0.292,-0.10,0,26,0,359.6,179.4,58.9,270.4,0.00,0,-0.3,0.9
53.65,align,353.62,-0.16,0.288,1,1912.6,364.5,-20.7,1.0,-6.55,-0.64,269,269,-1,8.2,-2.7,12.1,-0.8,-0.01,-0.02,0.07,0.00,0.00,0.00,6.80,0.76,85,-1,0,1,0.2,0.00,0.288,0.298,-0.16,0,26,0,359.6,179.4,58.9,270.4,0.00,0,-1.0,1.4
53.75,align,353.61,-0.15,0.286,1,1912.6,364.5,-20.1,1.0,-6.55,-0.64,269,269,-1,7.8,-2.7,12.0,-0.9,-0.01,-0.02,0.07,0.00,0.00,0.00,6.54,0.73,85,-1,0,1,0.2,0.00,0.286,0.298,-0.12,0,26,0,359.6,179.4,58.9,270.4,0.00,0,-1.0,1.4
53.85,align,353.61,-0.14,0.284,1,1911.3,364.3,-19.4,1.1,-5.93,-0.58,269,269,-1,7.1,-2.6,11.9,-1.0,-0.01,-0.02,0.07,0.00,0.00,0.00,6.19,0.69,85,-1,0,1,0.2,0.00,0.284,0.296,-0.08,0,26,0,359.5,178.9,66.9,270.5,0.00,0,-1.4,1.3
53.95,align,353.61,-0.14,0.282,1,1911.3,364.3,-18.8,1.2,-5.93,-0.58,269,269,-1,6.7,-2.6,11.8,-1.1,-0.01,-0.02,0.06,0.00,0.00,0.00,5.92,0.66,85,-1,0,1,0.2,0.00,0.282,0.295,-0.04,0,26,0,359.5,178.9,66.9,270.5,0.00,0,-1.4,1.3
54.05,align,353.61,-0.15,0.280,1,1910.8,364.3,-18.3,1.2,-5.67,-0.55,269,269,-1,6.3,-2.5,11.6,-1.3,-0.01,-0.02,0.06,0.00,0.00,0.00,5.66,0.63,85,-1,0,1,0.2,0.00,0.280,0.293,0.00,0,26,0,359.5,178.9,66.9,270.5,0.00,0,-1.6,1.3
54.15,align,353.62,-0.16,0.277,1,1909.7,364.2,-17.7,1.3,-5.05,-0.48,269,269,-1,5.5,-2.5,11.4,-1.4,-0.02,-0.02,0.05,0.00,0.00,0.00,5.31,0.59,85,-1,0,1,0.2,0.00,0.277,0.290,0.04,0,26,0,359.5,178.9,66.9,270.5,0.00,0,-1.6,1.1
54.25,align,353.63,-0.17,0.276,1,1909.2,364.1,-17.2,1.3,-4.79,-0.45,269,270,-1,5.1,-2.4,11.3,-1.5,-0.01,-0.01,0.05,0.00,0.00,0.00,5.05,0.55,85,-1,0,1,0.2,0.00,0.276,0.285,0.06,0,26,0,359.4,178.4,70.1,270.6,0.00,0,-1.0,0.5
54.35,align,353.63,-0.17,0.277,1,1909.2,364.1,-16.7,1.4,-4.79,-0.45,269,270,-1,4.6,-2.3,11.2,-1.5,-0.01,0.00,0.04,0.00,0.00,0.00,4.78,0.51,85,-1,0,1,0.2,0.00,0.277,0.281,0.03,0,26,0,359.4,178.4,70.1,270.6,0.00,0,-1.0,0.5
54.45,align,353.64,-0.17,0.277,1,1908.3,364.1,-16.3,1.4,-4.26,-0.37,269,270,-1,4.1,-2.2,11.1,-1.6,-0.01,0.01,0.04,0.00,0.00,0.00,4.52,0.48,85,-1,0,1,0.2,0.00,0.277,0.282,0.03,0,26,0,359.4,178.4,70.1,270.6,0.00,0,-1.0,0.3
54.55,align,353.65,-0.18,0.274,1,1907.9,364.0,-15.8,1.4,-4.00,-0.34,269,270,-1,3.6,-2.1,11.0,-1.6,-0.01,0.01,0.04,0.00,0.00,0.00,4.26,0.43,85,-1,0,1,0.2,0.00,0.274,0.282,0.07,0,26,0,359.4,178.4,70.1,270.6,0.00,0,-1.2,0.3
54.65,align,353.66,-0.20,0.271,1,1907.5,364.0,-15.4,1.5,-3.78,-0.30,269,270,-1,3.0,-2.0,10.8,-1.6,-0.01,0.01,0.03,0.00,0.00,0.00,3.99,0.39,85,-1,0,1,0.2,0.00,0.271,0.280,0.12,0,26,0,359.3,178.3,68.8,270.7,0.00,0,-1.2,0.3
54.75,align,353.68,-0.22,0.268,1,1907.5,364.0,-15.0,1.5,-3.78,-0.30,269,270,-1,2.6,-1.9,10.7,-1.6,-0.01,0.02,0.03,0.00,0.00,0.00,3.78,0.34,85,-1,0,1,0.2,0.00,0.268,0.279,0.16,0,26,0,359.3,178.3,68.8,270.7,0.00,0,-1.2,0.3
54.85,align,353.70,-0.23,0.266,1,1907.2,364.0,-14.7,1.5,-3.56,-0.26,269,270,-1,2.2,-1.8,10.5,-1.6,-0.01,0.01,0.02,0.00,0.00,0.00,3.56,0.31,85,-1,0,1,0.2,0.00,0.266,0.274,0.18,0,26,0,359.3,178.3,68.8,270.7,0.00,0,-1.9,0.2
54.95,align,353.71,-0.25,0.268,1,1906.8,363.9,-14.3,1.6,-3.30,-0.23,269,270,-1,1.6,-1.7,10.2,-1.6,-0.00,-0.00,0.01,0.00,0.00,0.00,3.29,0.27,85,-1,0,1,0.2,0.00,0.268,0.270,0.12,0,26,0,359.3,178.3,68.8,270.7,0.00,0,-2.7,-0.1
55.05,align,353.71,-0.25,0.273,1,1906.2,363.9,-14.0,1.6,-2.90,-0.16,269,270,-1,1.2,-1.7,9.8,-1.6,-0.01,-0.02,0.00,0.00,0.00,0.00,3.12,0.23,85,-1,0,1,0.2,0.00,0.273,0.283,0.03,0,26,0,359.2,178.3,65.9,270.8,0.00,0,-4.7,-0.5
55.15,align,353.71,-0.24,0.278,1,1905.9,363.9,-13.7,1.6,-2.68,-0.13,269,270,-1,0.8,-1.6,9.3,-1.5,0.00,-0.03,0.00,0.00,0.00,0.00,2.90,0.20,85,-1,0,1,0.1,0.00,0.278,0.290,-0.07,0,26,0,359.2,178.3,65.9,270.8,0.00,0,-4.6,-1.4
55.25,align,353.69,-0.23,0.281,1,1905.9,363.9,-13.4,1.6,-2.68,-0.13,269,270,-1,0.3,-1.5,8.9,-1.4,0.02,-0.02,0.00,0.00,0.00,0.00,2.68,0.16,85,-1,0,1,0.1,0.00,0.281,0.296,-0.13,0,26,0,359.2,178.3,65.9,270.8,0.00,0,-4.6,-1.4
55.35,align,353.68,-0.21,0.283,1,1905.5,363.9,-13.2,1.6,-2.33,-0.07,269,270,-1,-0.1,-1.4,8.5,-1.2,0.01,-0.01,0.00,0.00,0.00,0.00,2.50,0.12,85,-1,0,1,0.1,0.00,0.283,0.293,-0.15,0,26,0,359.2,178.3,65.9,270.8,0.00,0,-3.6,-0.9
55.45,align,353.66,-0.19,0.284,1,1905.5,363.9,-13.0,1.6,-2.33,-0.07,269,270,-1,-0.5,-1.3,8.1,-1.2,0.00,-0.01,0.00,0.00,0.00,0.00,2.33,0.09,85,-1,0,1,0.1,0.00,0.284,0.288,-0.17,0,26,0,359.1,178.7,55.6,270.9,0.00,0,-3.6,-0.9
55.55,align,353.64,-0.18,0.284,1,1905.0,363.9,-12.7,1.6,-1.98,-0.02,270,270,-1,-0.9,-1.2,7.8,-1.1,-0.00,-0.00,0.00,0.00,0.00,0.00,2.15,0.06,85,-1,0,0,0.1,0.00,0.284,0.285,-0.16,0,26,0,359.1,178.7,55.6,270.9,0.00,0,-3.4,-0.4
55.65,align,353.64,-0.17,0.282,1,1904.8,363.9,-12.5,1.6,-1.80,0.00,270,270,-1,-1.3,-1.1,7.4,-1.1,-0.00,-0.00,0.00,0.00,0.00,0.00,1.98,0.04,85,-1,0,0,0.1,0.00,0.282,0.283,-0.10,0,26,0,359.1,178.7,55.6,270.9,0.00,0,-3.5,-0.4
55.75,align,353.63,-0.17,0.279,1,1904.8,363.9,-12.3,1.6,-1.80,0.00,270,270,-1,-1.7,-1.1,7.1,-1.0,-0.00,-0.00,0.00,0.00,0.00,0.00,1.80,0.01,85,-1,0,0,0.1,0.00,0.279,0.281,-0.05,0,26,0,359.1,178.7,55.6,270.9,0.00,0,-3.5,-0.4
55.85,align,353.64,-0.17,0.276,1,1904.7,363.9,-12.2,1.6,-1.63,0.02,270,270,-1,-2.1,-1.0,6.7,-1.0,-0.00,-0.00,0.00,0.00,0.00,0.00,1.63,-0.01,85,-1,0,0,0.1,0.00,0.276,0.278,0.01,0,26,0,359.0,178.9,49.1,271.0,0.00,0,-3.8,-0.3
55.95,align,353.65,-0.18,0.272,1,1904.5,363.9,-12.0,1.6,-1.49,0.04,270,270,-1,-2.5,-0.9,6.3,-1.0,-0.00,-0.00,0.00,0.00,0.00,0.00,1.49,-0.03,85,-1,0,0,0.1,0.00,0.272,0.276,0.07,0,26,0,359.0,178.9,49.1,271.0,0.00,0,-3.8,-0.3
56.05,align,353.66,-0.20,0.268,1,1904.4,363.9,-11.9,1.6,-1.32,0.07,270,270,-1,-2.9,-0.9,5.9,-0.9,-0.01,-0.00,0.00,0.00,0.00,0.00,1.32,-0.06,85,-1,0,0,0.1,0.00,0.268,0.272,0.12,0,26,0,359.0,178.9,49.1,271.0,0.00,0,-3.9,-0.2
56.15,align,353.68,-0.22,0.264,1,1904.2,363.9,-11.8,1.6,-1.05,0.11,270,270,-1,-3.1,-0.8,5.5,-0.9,-0.01,-0.01,0.00,0.00,0.00,0.00,1.23,-0.08,85,-1,0,0,0.1,0.00,0.264,0.270,0.18,0,26,0,359.0,178.9,49.1,271.0,0.00,0,-4.0,-0.4
56.25,align,353.70,-0.24,0.262,1,1904.2,363.9,-11.7,1.6,-1.05,0.11,270,270,-1,-3.6,-0.7,5.1,-0.9,-0.00,-0.00,0.00,0.00,0.00,0.00,1.06,-0.11,85,-1,0,0,0.1,0.00,0.262,0.263,0.21,0,26,0,359.0,179.0,42.7,271.0,0.00,0,-4.0,-0.4
56.35,align,353.71,-0.25,0.264,1,1904.1,363.9,-11.6,1.6,-0.97,0.13,270,270,-1,-3.8,-0.7,4.8,-0.8,0.01,0.00,0.00,0.00,0.00,0.00,0.97,-0.13,85,-1,0,0,0.1,0.00,0.264,0.269,0.15,0,26,0,359.0,179.0,42.7,271.0,0.00,0,-3.5,-0.9
56.45,align,353.70,-0.24,0.274,1,1903.9,363.9,-11.5,1.6,-0.79,0.15,270,270,-1,-4.0,-0.7,4.5,-0.6,0.01,0.01,0.00,0.00,0.00,0.00,0.88,-0.13,85,-1,0,0,0.1,0.00,0.274,0.280,-0.04,0,26,0,359.0,179.0,42.7,271.0,0.00,0,-3.5,-1.0
56.55,align,353.68,-0.21,0.284,1,1903.9,363.9,-11.4,1.6,-0.79,0.15,270,270,-1,-4.2,-0.6,4.1,-0.5,0.00,-0.00,0.00,0.00,0.00,0.00,0.79,-0.15,85,-1,0,0,0.1,0.00,0.284,0.286,-0.24,0,26,0,359.0,179.0,42.7,271.0,0.00,0,-3.5,-1.0
56.65,align,353.65,-0.18,0.289,1,1903.8,364.0,-11.3,1.5,-0.70,0.15,270,270,-1,-4.4,-0.6,3.7,-0.5,0.00,-0.01,0.00,0.00,0.00,0.00,0.70,-0.15,85,-1,0,0,0.1,-0.00,0.289,0.292,-0.31,0,26,0,358.9,179.4,27.3,271.1,0.00,0,-3.9,-0.6
56.75,align,353.62,-0.16,0.287,1,1903.7,364.0,-11.2,1.5,-0.62,0.18,270,270,-1,-4.7,-0.5,3.3,-0.4,0.00,-0.01,0.00,0.00,0.00,0.00,0.62,-0.17,85,-1,0,0,0.1,-0.00,0.287,0.290,-0.24,0,26,0,358.9,179.4,27.3,271.1,0.00,0,-4.0,-0.5
56.85,align,353.61,-0.14,0.284,1,1903.6,364.0,-11.2,1.5,-0.53,0.20,270,270,-1,-4.8,-0.5,2.9,-0.4,-0.00,-0.01,0.00,0.00,0.00,0.00,0.57,-0.18,85,-1,0,0,0.1,-0.00,0.284,0.289,-0.18,0,26,0,358.9,179.4,27.3,271.1,0.00,0,-4.2,-0.4
56.95,align,353.60,-0.13,0.281,1,1903.6,364.0,-11.1,1.5,-0.44,0.20,270,270,-1,-4.9,-0.4,2.5,-0.3,-0.00,-0.02,0.00,0.00,0.00,0.00,0.53,-0.20,85,-1,0,0,0.1,-0.00,0.281,0.288,-0.11,0,26,0,358.9,179.4,27.3,271.1,0.00,0,-4.3,-0.4
57.05,align,353.60,-0.13,0.278,1,1903.5,364.1,-11.1,1.5,-0.44,0.20,270,270,-1,-5.1,-0.4,2.0,-0.3,-0.00,-0.02,0.00,0.00,0.00,0.00,0.44,-0.20,85,-1,0,0,0.1,-0.00,0.278,0.286,-0.04,0,26,0,358.9,179.7,17.1,271.1,0.00,0,-4.4,-0.4
57.15,align,353.60,-0.13,0.274,1,1903.5,364.1,-11.0,1.4,-0.35,0.20,270,270,-1,-5.1,-0.4,1.6,-0.3,-0.00,-0.02,0.00,0.00,0.00,0.00,0.44,-0.20,85,-1,0,0,0.1,-0.00,0.274,0.285,0.02,0,26,0,358.9,179.7,17.1,271.1,0.00,0,-4.6,-0.3
57.25,align,353.61,-0.15,0.270,1,1903.5,364.1,-11.0,1.4,-0.35,0.20,270,270,-1,-5.4,-0.4,1.1,-0.2,-0.00,-0.03,0.00,0.00,0.00,0.00,0.35,-0.20,85,-1,0,-0,0.1,-0.00,0.270,0.283,0.09,0,26,0,358.9,179.7,17.1,271.1,0.00,0,-4.6,-0.3
57.35,align,353.62,-0.15,0.269,1,1903.5,364.1,-11.0,1.4,-0.35,0.21,270,270,-1,-5.4,-0.4,0.7,-0.2,-0.00,-0.02,0.00,0.00,0.00,0.00,0.35,-0.21,85,-1,0,-0,0.1,-0.00,0.269,0.279,0.10,0,26,0,358.9,179.7,17.1,271.1,0.00,0,-4.2,-0.3
57.45,align,353.62,-0.15,0.273,1,1903.4,364.1,-10.9,1.4,-0.26,0.22,270,270,-1,-5.3,-0.3,0.5,-0.2,-0.00,-0.01,0.00,0.00,0.00,0.00,0.35,-0.22,85,-1,0,-0,0.1,-0.00,0.273,0.278,0.02,0,26,0,358.8,179.8,9.9,271.2,0.00,0,-2.1,-0.2
57.55,align,353.61,-0.14,0.277,1,1903.4,364.1,-10.9,1.4,-0.26,0.22,270,270,-1,-5.6,-0.3,0.3,-0.2,-0.00,0.01,0.00,0.00,0.00,0.00,0.26,-0.22,85,-1,0,-0,0.1,-0.00,0.277,0.282,-0.06,0,26,0,358.8,179.8,9.9,271.2,0.00,0,-2.1,-0.2
57.65,align,353.60,-0.14,0.279,1,1903.4,364.2,-10.9,1.3,-0.26,0.22,270,270,-1,-5.6,-0.3,0.1,-0.2,-0.00,0.01,0.00,0.00,0.00,0.00,0.26,-0.22,85,-1,0,-0,0.1,-0.00,0.279,0.285,-0.09,0,26,0,358.8,179.8,9.9,271.2,0.00,0,-1.6,-0.2
57.75,align,353.60,-0.14,0.275,1,1903.3,364.2,-10.8,1.3,-0.26,0.22,270,270,-1,-5.6,-0.3,-0.1,-0.2,-0.01,0.01,0.00,0.00,0.00,0.00,0.26,-0.22,85,-1,0,-0,0.1,-0.00,0.275,0.281,-0.02,0,26,0,358.8,179.8,9.9,271.2,0.00,0,-1.7,-0.1
57.85,align,353.61,-0.14,0.272,1,1903.3,364.2,-10.8,1.3,-0.26,0.22,270,270,-1,-5.6,-0.3,-0.2,-0.1,-0.01,0.01,0.00,0.00,0.00,0.00,0.26,-0.22,85,-1,0,-0,0.1,-0.00,0.272,0.276,0.05,0,26,0,358.8,179.9,6.6,271.2,0.00,0,-1.9,-0.1
57.95,align,353.62,-0.15,0.268,1,1903.3,364.2,-10.8,1.3,-0.26,0.22,270,270,-1,-5.6,-0.3,-0.4,-0.1,-0.01,0.00,0.00,0.00,0.00,0.00,0.26,-0.22,85,-1,0,-0,0.1,-0.00,0.268,0.271,0.11,0,26,0,358.8,179.9,6.6,271.2,0.00,0,-2.0,0.0
58.05,align,353.64,-0.17,0.263,1,1903.3,364.2,-10.8,1.3,-0.26,0.22,270,270,-1,-5.6,-0.2,-0.6,-0.1,-0.01,-0.00,0.00,0.00,0.00,0.00,0.26,-0.22,85,-1,0,-0,0.1,-0.00,0.263,0.267,0.18,0,26,0,358.8,179.9,6.6,271.2,0.00,0,-2.0,0.0
58.15,align,353.65,-0.19,0.262,1,1903.2,364.3,-10.7,1.2,-0.26,0.22,270,270,-1,-5.6,-0.2,-0.9,-0.1,0.00,-0.01,0.00,0.00,0.00,0.00,0.26,-0.22,85,-1,0,-0,0.1,-0.00,0.262,0.265,0.19,0,26,0,358.8,179.9,6.6,271.2,0.00,0,-2.3,-0.4
58.25,align,353.66,-0.19,0.267,1,1903.2,364.3,-10.7,1.2,-0.35,0.22,270,270,-1,-5.3,-0.2,-1.1,0.1,0.02,-0.01,0.00,0.00,0.00,0.00,0.35,-0.22,85,-1,0,-0,0.0,-0.00,0.267,0.276,0.08,0,26,0,358.8,180.1,356.0,271.2,0.00,0,-1.8,-1.6
58.35,align,353.64,-0.17,0.277,1,1903.2,364.3,-10.7,1.2,-0.35,0.22,270,270,-1,-5.3,-0.2,-1.2,0.2,0.02,-0.01,0.00,0.00,0.00,0.00,0.35,-0.22,85,-1,0,-0,0.0,-0.00,0.277,0.287,-0.10,0,26,0,358.8,180.1,356.0,271.2,0.00,0,-1.8,-1.6
58.45,align,353.61,-0.14,0.286,1,1903.1,364.4,-10.6,1.2,-0.35,0.20,270,270,-1,-5.3,-0.2,-1.4,0.3,0.01,-0.01,0.00,0.00,0.00,0.00,0.35,-0.22,85,-1,0,-0,0.1,-0.00,0.286,0.293,-0.27,0,26,0,358.8,180.1,356.0,271.2,0.00,0,-2.1,-0.2
58.55,align,353.57,-0.11,0.290,1,1903.1,364.4,-10.6,1.1,-0.40,0.20,270,270,-1,-5.2,-0.2,-1.6,0.3,-0.00,-0.01,0.00,0.00,0.00,0.00,0.35,-0.20,85,-1,0,-0,0.1,-0.00,0.290,0.294,-0.32,0,26,0,358.8,180.1,356.0,271.2,0.00,0,-1.5,0.3
58.65,align,353.55,-0.08,0.290,1,1903.1,364.4,-10.6,1.1,-0.40,0.20,270,270,-1,-5.1,-0.2,-1.8,0.3,-0.01,-0.01,0.00,0.00,0.00,0.00,0.39,-0.20,85,-1,0,-0,0.1,-0.00,0.290,0.296,-0.30,0,26,0,358.7,180.3,346.0,271.3,0.00,0,-1.5,0.3
58.75,align,353.52,-0.06,0.288,1,1903.0,364.4,-10.5,1.1,-0.44,0.19,270,270,-1,-4.9,-0.3,-1.9,0.2,-0.01,-0.01,0.00,0.00,0.00,0.00,0.44,-0.19,85,-1,0,-0,0.1,-0.00,0.288,0.296,-0.23,0,26,0,358.7,180.3,346.0,271.3,0.00,0,-1.7,0.3
58.85,align,353.51,-0.05,0.285,1,1902.9,364.4,-10.5,1.1,-0.53,0.18,270,270,-1,-4.9,-0.3,-2.1,0.2,-0.01,-0.02,0.00,0.00,0.00,0.00,0.44,-0.18,85,-1,0,-0,0.1,-0.00,0.285,0.295,-0.16,0,26,0,358.7,180.3,346.0,271.3,0.00,0,-2.0,0.4
58.95,align,353.50,-0.04,0.282,1,1902.9,364.4,-10.4,1.1,-0.53,0.18,270,270,-1,-4.6,-0.3,-2.3,0.2,-0.01,-0.02,0.00,0.00,0.00,0.00,0.53,-0.18,85,-1,0,-0,0.1,-0.00,0.282,0.295,-0.10,0,26,0,358.7,180.3,346.0,271.3,0.00,0,-2.2,0.4
59.05,align,353.50,-0.04,0.279,1,1902.9,364.4,-10.4,1.1,-0.53,0.18,270,270,-1,-4.6,-0.3,-2.5,0.1,-0.01,-0.03,0.00,0.00,0.00,0.00,0.53,-0.18,85,-1,0,-0,0.1,-0.00,0.279,0.294,-0.03,0,26,0,358.7,180.2,351.8,271.3,0.00,0,-2.2,0.4
59.15,align,353.51,-0.04,0.275,1,1902.8,364.5,-10.3,1.0,-0.62,0.15,270,270,-1,-4.3,-0.3,-2.7,0.1,-0.01,-0.03,0.00,0.00,0.00,0.00,0.61,-0.16,85,-1,0,-0,0.1,-0.00,0.275,0.293,0.03,0,26,0,358.7,180.2,351.8,271.3,0.00,0,-2.1,0.4
59.25,align,353.51,-0.05,0.273,1,1902.8,364.5,-10.3,1.0,-0.62,0.15,270,270,-1,-4.3,-0.3,-2.9,0.1,-0.01,-0.03,0.00,0.00,0.00,0.00,0.61,-0.16,85,-1,0,-0,0.1,-0.00,0.273,0.288,0.07,0,26,0,358.7,180.2,351.8,271.3,0.00,0,-2.1,0.3
59.35,align,353.52,-0.05,0.275,1,1902.6,364.5,-10.2,1.0,-0.70,0.15,270,270,-1,-4.0,-0.3,-3.1,0.1,-0.00,-0.02,0.00,0.00,0.00,0.00,0.70,-0.16,85,-1,0,-0,-0.4,-0.00,0.275,0.285,0.04,0,26,0,358.7,180.2,351.8,271.3,0.00,0,-0.7,-0.1
59.45,align,353.51,-0.04,0.279,1,1902.6,364.5,-10.1,1.0,-0.70,0.15,270,270,-1,-4.0,-0.3,-3.0,0.1,-0.00,-0.01,0.00,0.00,0.00,0.00,0.70,-0.16,85,-1,0,-0,-0.4,0.00,0.279,0.283,-0.05,0,26,0,358.7,180.1,353.5,271.3,0.00,0,-0.7,-0.1
59.55,align,353.50,-0.03,0.282,1,1902.5,364.5,-10.0,1.0,-0.79,0.15,270,270,-1,-3.7,-0.3,-3.0,0.1,0.00,0.00,0.00,0.00,0.00,0.00,0.79,-0.16,85,-1,0,-0,-0.3,0.00,0.282,0.284,-0.10,0,26,0,358.7,180.1,353.5,271.3,0.00,0,0.9,-0.3
59.65,align,353.49,-0.03,0.281,1,1902.5,364.5,-10.0,1.0,-0.88,0.13,270,270,-1,-3.4,-0.3,-2.9,0.2,0.01,0.00,0.00,0.00,0.00,0.00,0.88,-0.14,85,-1,0,-0,-0.4,0.00,0.281,0.285,-0.08,0,26,0,358.7,180.1,353.5,271.3,0.00,0,1.1,-0.6
59.75,align,353.49,-0.03,0.278,1,1902.4,364.6,-9.9,0.9,-0.88,0.13,270,270,-1,-3.3,-0.3,-2.8,0.2,0.01,0.00,0.00,0.00,0.00,0.00,0.88,-0.14,85,-1,0,-0,-0.2,0.00,0.278,0.281,-0.01,0,26,0,358.7,180.1,353.5,271.3,0.00,0,0.5,-0.3
59.85,align,353.50,-0.03,0.275,1,1902.2,364.6,-9.8,0.9,-0.97,0.11,270,270,-1,-3.0,-0.3,-2.7,0.3,0.00,-0.00,0.00,0.00,0.00,0.00,0.97,-0.14,85,-1,0,-0,-0.6,0.00,0.275,0.277,0.05,0,26,0,358.9,180.3,344.6,271.1,0.00,0,1.0,-0.6
59.95,align,353.51,-0.04,0.271,1,1902.2,364.6,-9.7,0.9,-0.97,0.11,270,270,-1,-2.9,-0.4,-2.7,0.3,0.01,-0.00,0.00,0.00,0.00,0.00,0.97,-0.11,85,-1,0,-0,-0.6,0.01,0.271,0.275,0.11,0,26,0,358.9,180.3,344.6,271.1,0.00,0,1.0,-0.6
60.05,align,353.53,-0.06,0.267,1,1902.0,364.6,-9.6,0.9,-1.05,0.11,270,270,-1,-2.6,-0.4,-2.6,0.3,0.00,-0.01,0.00,0.00,0.00,0.00,1.05,-0.11,85,-1,0,-0,-0.5,0.00,0.267,0.272,0.18,0,26,0,358.9,180.3,344.6,271.1,0.00,0,0.4,-0.4
60.15,align,353.55,-0.09,0.262,1,1902.0,364.6,-9.5,0.9,-1.05,0.11,270,270,-1,-2.6,-0.4,-2.6,0.4,0.00,-0.01,0.00,0.00,0.00,0.00,1.05,-0.11,85,-1,0,-0,-0.5,0.01,0.262,0.269,0.24,0,26,0,358.9,180.3,344.6,271.1,0.00,0,0.4,-0.4
60.25,align,353.58,-0.11,0.261,1,1901.7,364.6,-9.4,0.9,-1.14,0.09,270,270,-1,-2.2,-0.4,-2.5,0.4,0.00,-0.01,0.00,0.00,0.00,0.00,1.14,-0.09,85,-1,0,-0,-0.3,0.00,0.261,0.265,0.25,0,26,0,359.0,180.4,335.9,271.0,0.00,0,1.2,-0.0
60.35,align,353.59,-0.12,0.266,1,1901.7,364.6,-9.2,0.9,-1.14,0.09,270,270,-1,-2.2,-0.4,-2.3,0.4,-0.00,0.01,0.00,0.00,0.00,0.00,1.14,-0.09,85,-1,0,-0,-0.3,0.00,0.266,0.268,0.14,0,26,0,359.0,180.4,335.9,271.0,0.00,0,1.2,-0.0
60.45,align,353.58,-0.11,0.275,1,1901.6,364.6,-9.1,0.9,-1.19,0.09,270,270,-1,-2.0,-0.4,-2.2,0.3,-0.01,0.01,0.00,0.00,0.00,0.00,1.19,-0.09,85,-1,0,-0,-0.3,0.00,0.275,0.279,-0.04,0,26,0,359.0,180.4,335.9,271.0,0.00,0,1.5,0.3
60.55,align,353.56,-0.09,0.284,1,1901.4,364.6,-9.0,0.9,-1.23,0.07,270,270,-1,-1.8,-0.5,-2.1,0.3,-0.01,-0.01,0.00,0.00,0.00,0.00,1.23,-0.07,85,-1,0,-0,-0.6,0.00,0.284,0.289,-0.21,0,26,0,359.0,180.4,335.9,271.0,0.00,0,0.4,0.7
60.65,align,353.53,-0.07,0.286,1,1901.4,364.6,-8.9,0.9,-1.23,0.07,270,270,-1,-1.7,-0.5,-2.1,0.3,-0.01,-0.02,0.00,0.00,0.00,0.00,1.23,-0.07,85,-1,0,-0,-0.6,0.01,0.286,0.296,-0.24,0,26,0,359.2,180.3,340.4,270.8,0.00,0,0.4,0.7
60.75,align,353.52,-0.06,0.284,1,1901.1,364.6,-8.8,0.9,-1.32,0.04,270,270,-1,-1.6,-0.5,-2.1,0.2,-0.01,-0.02,0.00,0.00,0.00,0.00,1.23,-0.07,85,-1,0,-0,-0.3,0.00,0.284,0.294,-0.17,0,26,0,359.2,180.3,340.4,270.8,0.00,0,-0.0,0.4
60.85,align,353.51,-0.05,0.281,1,1901.1,364.6,-8.6,0.9,-1.32,0.04,270,270,-1,-1.3,-0.5,-2.1,0.2,-0.01,-0.03,0.00,0.00,0.00,0.00,1.32,-0.04,85,-1,0,0,-0.3,0.00,0.281,0.294,-0.10,0,26,0,359.2,180.3,340.4,270.8,0.00,0,-0.0,0.4
60.95,align,353.51,-0.05,0.277,1,1900.9,364.7,-8.5,0.8,-1.36,0.04,270,270,-1,-1.2,-0.5,-2.1,0.1,-0.01,-0.03,0.00,0.00,0.00,0.00,1.32,-0.04,85,-1,0,0,-0.4,0.01,0.277,0.292,-0.03,0,26,0,359.2,180.3,340.4,270.8,0.00,0,-0.4,0.6
61.05,align,353.52,-0.05,0.274,1,1900.9,364.7,-8.4,0.8,-1.36,0.04,270,270,-1,-1.0,-0.5,-2.2,0.1,-0.01,-0.03,0.00,0.00,0.00,0.00,1.36,-0.04,85,-1,0,0,-0.4,0.01,0.274,0.291,0.03,0,26,0,359.3,180.1,353.2,270.7,0.00,0,-0.4,0.6
61.15,align,353.52,-0.06,0.272,1,1900.7,364.7,-8.2,0.8,-1.41,0.04,270,270,-1,-0.8,-0.5,-2.2,0.0,-0.00,-0.03,0.00,0.00,0.00,0.00,1.41,-0.04,85,-1,0,0,-0.1,0.00,0.272,0.287,0.07,0,26,0,359.3,180.1,353.2,270.7,0.00,0,-0.1,0.1
61.25,align,353.53,-0.06,0.273,1,1900.6,364.7,-8.1,0.8,-1.41,0.04,270,270,-1,-0.7,-0.5,-2.1,0.0,-0.00,-0.02,0.00,0.00,0.00,0.00,1.41,-0.04,85,-1,0,0,-0.3,0.00,0.273,0.282,0.03,0,26,0,359.3,180.1,353.2,270.7,0.00,0,0.4,0.1
61.35,align,353.52,-0.05,0.277,1,1900.4,364.7,-7.9,0.8,-1.45,0.04,270,270,-1,-0.5,-0.5,-1.9,0.0,-0.00,-0.00,0.00,0.00,0.00,0.00,1.45,-0.04,85,-1,0,0,-0.1,0.00,0.277,0.279,-0.05,0,26,0,359.3,180.1,353.2,270.7,0.00,0,1.8,0.1
61.45,align,353.50,-0.04,0.282,1,1900.3,364.7,-7.8,0.8,-1.49,0.04,270,270,-1,-0.3,-0.5,-1.6,-0.0,-0.00,0.02,0.00,0.00,0.00,0.00,1.49,-0.04,85,-1,0,0,0.1,-0.00,0.282,0.291,-0.13,0,26,0,359.4,180.0,358.9,270.6,0.00,0,2.9,0.2
61.55,align,353.49,-0.03,0.284,1,1900.0,364.7,-7.6,0.8,-1.49,0.04,270,270,-1,-0.2,-0.5,-1.2,-0.0,-0.00,0.03,0.00,0.00,0.00,0.00,1.49,-0.04,85,-1,0,0,0.5,-0.00,0.284,0.296,-0.15,0,26,0,359.4,180.0,358.9,270.6,0.00,0,3.6,0.2
61.65,align,353.49,-0.02,0.281,1,1900.0,364.7,-7.5,0.8,-1.49,0.04,270,270,-1,-0.1,-0.5,-0.9,-0.1,-0.01,0.03,0.00,0.00,0.00,0.00,1.49,-0.04,85,-1,0,0,0.5,-0.00,0.281,0.294,-0.08,0,26,0,359.4,180.0,358.9,270.6,0.00,0,3.6,0.2
61.75,align,353.49,-0.02,0.277,1,1899.8,364.7,-7.3,0.8,-1.54,0.04,270,270,-1,0.1,-0.5,-0.5,-0.1,-0.01,0.03,0.00,0.00,0.00,0.00,1.54,-0.04,85,-1,0,0,0.5,-0.00,0.277,0.291,-0.02,0,26,0,359.4,180.0,358.9,270.6,0.00,0,3.4,0.3
61.85,align,353.49,-0.03,0.274,1,1899.5,364.7,-7.2,0.8,-1.49,0.04,270,270,-1,0.4,-0.5,-0.2,-0.1,-0.01,0.03,0.00,0.00,0.00,0.00,1.58,-0.04,85,-1,0,0,0.6,-0.01,0.274,0.287,0.05,0,26,0,359.2,179.9,7.5,270.8,0.00,0,2.9,0.1
61.95,align,353.50,-0.04,0.272,1,1899.5,364.7,-7.0,0.8,-1.49,0.04,270,270,-1,0.2,-0.5,0.1,-0.1,-0.00,0.02,0.00,0.00,0.00,0.00,1.49,-0.04,85,-1,0,0,0.6,-0.01,0.272,0.282,0.08,0,26,0,359.2,179.9,7.5,270.8,0.00,0,2.9,0.1
62.05,align,353.50,-0.04,0.273,1,1899.2,364.7,-6.9,0.8,-1.49,0.04,270,270,-1,0.3,-0.5,0.3,-0.1,0.00,0.01,0.00,0.00,0.00,0.00,1.49,-0.04,85,-1,0,0,0.4,-0.01,0.273,0.277,0.05,0,26,0,359.2,179.9,7.5,270.8,0.00,0,0.5,-0.1
62.15,align,353.50,-0.03,0.277,1,1899.1,364.7,-6.7,0.8,-1.49,0.04,270,270,-1,0.4,-0.5,0.3,-0.1,0.00,-0.01,0.00,0.00,0.00,0.00,1.49,-0.04,85,-1,0,0,0.4,-0.00,0.277,0.282,-0.03,0,26,0,359.2,179.9,7.5,270.8,0.00,0,-0.0,-0.1
62.25,align,353.49,-0.03,0.279,1,1899.1,364.7,-6.6,0.8,-1.49,0.04,270,270,-1,0.5,-0.5,0.3,-0.1,-0.00,-0.02,0.00,0.00,0.00,0.00,1.49,-0.04,85,-1,0,0,0.4,-0.00,0.279,0.287,-0.05,0,26,0,358.9,179.9,3.9,271.1,0.00,0,-0.0,-0.1
62.35,align,353.50,-0.03,0.275,1,1898.9,364.7,-6.4,0.8,-1.49,0.04,270,270,-1,0.6,-0.5,0.3,-0.1,-0.00,-0.02,0.00,0.00,0.00,0.00,1.49,-0.04,85,-1,0,0,0.9,-0.01,0.275,0.285,0.01,0,26,0,358.9,179.9,3.9,271.1,0.00,0,-0.3,-0.1
62.45,align,353.51,-0.04,0.271,1,1898.6,364.7,-6.3,0.8,-1.41,0.04,270,270,-1,0.4,-0.5,0.2,-0.1,-0.00,-0.02,0.00,0.00,0.00,0.00,1.41,-0.04,85,-1,0,0,0.6,-0.01,0.271,0.282,0.08,0,26,0,358.9,179.9,3.9,271.1,0.00,0,-0.0,0.0
62.55,align,353.51,-0.05,0.271,1,1898.6,364.7,-6.1,0.8,-1.41,0.04,270,270,-1,0.5,-0.5,0.3,-0.1,-0.00,-0.02,0.00,0.00,0.00,0.00,1.41,-0.04,85,-1,0,0,0.6,-0.01,0.271,0.278,0.09,0,26,0,358.9,179.9,3.9,271.1,0.00,0,-0.0,0.0
62.65,align,353.51,-0.05,0.274,1,1898.5,364.7,-6.0,0.8,-1.41,0.04,270,270,-1,0.6,-0.5,0.4,-0.1,-0.00,-0.00,0.00,0.00,0.00,0.00,1.41,-0.04,85,-1,0,0,0.8,-0.01,0.274,0.276,0.01,0,26,0,358.7,179.9,3.1,271.3,0.00,0,1.3,0.1
62.75,align,353.50,-0.04,0.279,1,1898.2,364.7,-5.9,0.8,-1.41,0.04,270,270,-1,0.6,-0.5,0.6,-0.1,-0.00,0.02,0.00,0.00,0.00,0.00,1.41,-0.04,85,-1,0,-0,0.6,-0.01,0.279,0.286,-0.07,0,26,0,358.7,179.9,3.1,271.3,0.00,0,2.6,0.1
62.85,align,353.50,-0.03,0.280,1,1898.1,364.7,-5.7,0.8,-1.32,0.04,270,270,-1,0.7,-0.5,0.8,-0.1,-0.00,0.02,0.00,0.00,0.00,0.00,1.41,-0.05,85,-1,0,-0,0.6,-0.01,0.280,0.290,-0.09,0,26,0,358.7,179.9,3.1,271.3,0.00,0,2.4,0.2
62.95,align,353.49,-0.03,0.277,1,1898.0,364.7,-5.6,0.8,-1.32,0.04,270,270,-1,0.5,-0.5,1.1,-0.1,-0.00,0.02,0.00,0.00,0.00,0.00,1.32,-0.05,85,-1,0,-0,0.6,-0.01,0.277,0.288,-0.03,0,26,0,358.7,179.9,3.1,271.3,0.00,0,2.2,0.2
63.05,align,353.50,-0.04,0.274,1,1897.8,364.8,-5.5,0.8,-1.27,0.05,270,271,-1,0.6,-0.5,1.3,-0.1,-0.01,0.02,0.00,0.00,0.00,0.00,1.32,-0.05,85,-1,0,-0,0.6,-0.01,0.274,0.284,0.04,0,26,0,358.4,179.8,5.7,271.6,0.00,0,1.8,0.0
63.15,align,353.51,-0.04,0.271,1,1897.8,364.8,-5.3,0.7,-1.27,0.05,270,271,-1,0.6,-0.4,1.5,-0.1,-0.00,0.02,0.00,0.00,0.00,0.00,1.27,-0.06,85,-1,0,-0,0.6,-0.01,0.271,0.278,0.08,0,26,0,358.4,179.8,5.7,271.6,0.00,0,1.8,0.0
63.25,align,353.51,-0.05,0.271,1,1897.6,364.8,-5.2,0.7,-1.23,0.07,270,271,-1,0.5,-0.4,1.6,-0.0,0.01,0.01,0.00,0.00,0.00,0.00,1.23,-0.07,85,-1,0,-0,0.4,-0.01,0.271,0.277,0.07,0,26,0,358.4,179.8,5.7,271.6,0.00,0,0.1,-0.6
63.35,align,353.51,-0.05,0.273,1,1897.6,364.8,-5.1,0.7,-1.23,0.07,270,271,-1,0.6,-0.4,1.5,0.0,0.01,-0.01,0.00,0.00,0.00,0.00,1.23,-0.07,85,-1,0,-0,0.4,-0.01,0.273,0.281,0.03,0,26,0,358.4,179.8,5.7,271.6,0.00,0,0.1,-0.6
63.45,align,353.51,-0.04,0.276,1,1897.4,364.8,-5.0,0.7,-1.14,0.07,270,271,-1,0.4,-0.4,1.4,0.1,0.01,-0.02,0.00,0.00,0.00,0.00,1.14,-0.07,85,-1,0,-0,0.5,-0.01,0.276,0.287,-0.02,0,26,0,358.2,180.0,358.6,271.8,0.00,0,-1.1,0.0
63.55,align,353.51,-0.04,0.276,1,1897.4,364.8,-4.9,0.7,-1.14,0.07,270,271,-1,0.5,-0.4,1.3,0.1,-0.00,-0.02,0.00,0.00,0.00,0.00,1.14,-0.07,85,-1,0,-0,0.5,-0.01,0.276,0.287,-0.03,0,26,0,358.2,180.0,358.6,271.8,0.00,0,-1.1,0.0
63.65,align,353.51,-0.04,0.276,1,1897.2,364.8,-4.7,0.7,-1.05,0.07,270,271,-1,0.3,-0.4,1.3,-0.0,-0.01,-0.02,0.00,0.00,0.00,0.00,1.05,-0.08,85,-1,0,-0,0.6,-0.01,0.276,0.288,-0.03,0,26,0,358.2,180.0,358.6,271.8,0.00,0,-0.8,0.7
63.75,align,353.50,-0.04,0.277,1,1897.1,364.8,-4.6,0.7,-1.05,0.07,271,271,-1,0.3,-0.4,1.3,-0.1,-0.01,-0.01,0.00,0.00,0.00,0.00,1.05,-0.08,85,-1,0,-1,0.5,-0.01,0.277,0.286,-0.04,0,26,0,358.2,180.0,358.6,271.8,0.00,0,-0.2,0.8
63.85,align,353.50,-0.03,0.277,1,1897.0,364.8,-4.5,0.7,-1.01,0.07,271,271,-1,0.3,-0.4,1.3,-0.1,-0.00,-0.00,0.00,0.00,0.00,0.00,1.01,-0.08,85,-1,0,-1,0.5,-0.01,0.277,0.280,-0.05,0,26,0,358.0,179.9,3.9,272.0,0.00,0,0.2,0.2
63.95,align,353.50,-0.03,0.276,1,1896.9,364.8,-4.4,0.7,-0.97,0.07,271,271,-1,0.2,-0.4,1.3,-0.1,-0.00,0.00,0.00,0.00,0.00,0.00,0.97,-0.08,85,-1,0,-1,0.5,-0.01,0.276,0.278,-0.03,0,26,0,358.0,179.9,3.9,272.0,0.00,0,0.4,-0.0
64.05,align,353.50,-0.04,0.273,1,1896.8,364.8,-4.3,0.7,-0.97,0.07,271,271,-1,0.2,-0.4,1.3,-0.1,-0.00,-0.00,0.00,0.00,0.00,0.00,0.97,-0.08,85,-1,0,-1,0.5,-0.01,0.273,0.275,0.04,0,26,0,358.0,179.9,3.9,272.0,0.00,0,0.2,0.0
64.15,align,353.51,-0.05,0.269,1,1896.7,364.8,-4.2,0.7,-0.88,0.07,271,271,-1,0.0,-0.4,1.4,-0.1,-0.00,-0.00,0.00,0.00,0.00,0.00,0.88,-0.08,85,-1,0,-1,0.0,-0.01,0.269,0.271,0.11,0,26,0,358.0,179.9,3.9,272.0,0.00,0,0.0,0.0
64.25,align,353.53,-0.07,0.265,1,1896.7,364.8,-4.2,0.7,-0.88,0.07,271,271,-1,0.1,-0.4,1.3,-0.1,-0.00,-0.00,0.00,0.00,0.00,0.00,0.88,-0.08,85,-1,0,-1,0.0,-0.01,0.265,0.268,0.17,0,26,0,357.8,179.8,3.9,272.2,0.00,0,0.0,0.0
64.35,align,353.56,-0.09,0.261,1,1896.5,364.8,-4.1,0.7,-0.79,0.07,271,271,-1,0.0,-0.4,1.3,-0.1,-0.00,-0.01,0.00,0.00,0.00,0.00,0.83,-0.08,85,-1,0,-1,0.7,-0.01,0.261,0.265,0.23,0,26,0,357.8,179.8,3.9,272.2,0.00,0,-0.1,-0.1
64.45,align,353.58,-0.11,0.260,1,1896.4,364.8,-4.0,0.7,-0.79,0.07,271,271,-1,-0.1,-0.4,1.3,-0.1,0.00,-0.00,0.00,0.00,0.00,0.00,0.79,-0.08,85,-1,0,-1,0.6,-0.01,0.260,0.261,0.22,0,26,0,357.8,179.8,3.9,272.2,0.00,0,0.2,-0.4
64.55,align,353.57,-0.11,0.269,1,1896.4,364.8,-3.9,0.7,-0.79,0.07,271,271,-1,-0.0,-0.4,1.3,-0.1,0.00,0.00,0.00,0.00,0.00,0.00,0.79,-0.08,85,-1,0,-1,0.6,-0.01,0.269,0.271,0.03,0,26,0,357.8,179.8,3.9,272.2,0.00,0,0.2,-0.4
64.65,align,353.55,-0.08,0.282,1,1896.3,364.9,-3.8,0.7,-0.70,0.07,271,271,-1,0.0,-0.4,1.3,-0.0,0.00,-0.00,0.00,0.00,0.00,0.00,0.79,-0.08,85,-1,0,-1,0.7,-0.02,0.282,0.284,-0.19,0,26,0,357.6,179.9,1.7,272.4,0.00,0,-0.1,-0.5
64.75,align,353.52,-0.05,0.289,1,1896.3,364.9,-3.8,0.6,-0.70,0.07,271,271,-1,-0.2,-0.4,1.3,0.0,0.00,-0.00,0.00,0.00,0.00,0.00,0.70,-0.08,85,-1,0,-1,0.7,-0.02,0.289,0.290,-0.30,0,26,0,357.6,179.9,1.7,272.4,0.00,0,-0.1,-0.5
64.85,align,353.50,-0.03,0.286,1,1896.2,364.9,-3.7,0.6,-0.70,0.07,271,271,-1,-0.2,-0.3,1.3,0.0,0.00,-0.00,0.00,0.00,0.00,0.00,0.70,-0.08,85,-1,0,-1,0.6,-0.02,0.286,0.289,-0.24,0,26,0,357.6,179.9,1.7,272.4,0.00,0,-0.3,-0.4
64.95,align,353.48,-0.02,0.283,1,1896.1,364.9,-3.6,0.6,-0.62,0.07,271,271,-1,-0.2,-0.3,1.3,0.1,0.00,-0.01,0.00,0.00,0.00,0.00,0.66,-0.08,85,-1,0,-1,0.5,-0.02,0.283,0.287,-0.17,0,26,0,357.6,179.9,1.7,272.4,0.00,0,-0.5,-0.2
65.05,align,353.47,-0.01,0.280,1,1896.1,364.9,-3.6,0.6,-0.62,0.07,271,272,-1,-0.3,-0.3,1.2,0.1,0.00,-0.01,0.00,0.00,0.00,0.00,0.61,-0.08,85,-1,0,-1,0.5,-0.01,0.280,0.284,-0.10,0,26,0,357.4,180.0,359.3,272.6,0.00,0,-0.5,-0.2
65.15,align,353.47,-0.01,0.277,1,1896.0,364.9,-3.5,0.6,-0.62,0.07,271,272,-1,-0.3,-0.3,1.1,0.1,0.00,-0.01,0.00,0.00,0.00,0.00,0.61,-0.08,85,-1,0,-1,0.5,-0.02,0.277,0.282,-0.03,0,26,0,357.4,180.0,359.3,272.6,0.00,0,-0.8,-0.2
65.25,align,353.48,-0.01,0.274,1,1895.9,364.9,-3.4,0.6,-0.53,0.07,271,272,-1,-0.5,-0.3,1.1,0.1,0.00,-0.01,0.00,0.00,0.00,0.00,0.53,-0.08,85,-1,0,-1,0.5,-0.02,0.274,0.278,0.03,0,26,0,357.4,180.0,359.3,272.6,0.00,0,-1.0,-0.1
65.35,align,353.49,-0.02,0.270,1,1895.9,364.9,-3.4,0.6,-0.53,0.07,271,272,-1,-0.5,-0.3,1.0,0.1,0.00,-0.01,0.00,0.00,0.00,0.00,0.53,-0.08,85,-1,0,-1,0.5,-0.02,0.270,0.276,0.10,0,26,0,357.4,180.0,359.3,272.6,0.00,0,-1.0,-0.1
65.45,align,353.50,-0.04,0.266,1,1895.8,364.9,-3.3,0.6,-0.53,0.07,271,272,-1,-0.5,-0.3,0.8,0.1,-0.00,-0.02,0.00,0.00,0.00,0.00,0.53,-0.08,85,-1,0,-1,0.4,-0.02,0.266,0.273,0.16,0,26,0,357.2,180.1,358.4,272.8,0.00,0,-0.7,0.0
65.55,align,353.52,-0.06,0.265,1,1895.8,364.9,-3.3,0.6,-0.53,0.07,271,272,-1,-0.4,-0.3,0.8,0.1,-0.00,-0.01,0.00,0.00,0.00,0.00,0.53,-0.08,85,-1,0,-1,0.4,-0.02,0.265,0.269,0.17,0,26,0,357.2,180.1,358.4,272.8,0.00,0,-0.7,0.0
65.65,align,353.53,-0.06,0.268,1,1895.7,364.9,-3.2,0.6,-0.44,0.07,272,272,-1,-0.7,-0.3,0.8,0.1,-0.00,0.01,0.00,0.00,0.00,0.00,0.44,-0.08,85,-1,0,-2,0.4,-0.01,0.268,0.272,0.09,0,26,0,357.2,180.1,358.4,272.8,0.00,0,1.2,0.1
65.75,align,353.53,-0.06,0.272,1,1895.7,364.9,-3.2,0.6,-0.44,0.07,272,272,-1,-0.7,-0.3,1.0,0.1,-0.00,0.03,0.00,0.00,0.00,0.00,0.44,-0.08,85,-1,0,-2,0.5,-0.02,0.272,0.283,0.01,0,26,0,357.2,180.1,358.4,272.8,0.00,0,1.4,0.1
65.85,align,353.52,-0.05,0.277,1,1895.7,364.9,-3.2,0.6,-0.44,0.07,272,272,-1,-0.6,-0.3,1.1,0.1,-0.00,0.02,0.00,0.00,0.00,0.00,0.44,-0.08,85,-1,0,-2,0.5,-0.02,0.277,0.286,-0.07,0,26,0,357.0,180.0,359.4,273.0,0.00,0,1.4,0.1
65.95,align,353.50,-0.04,0.281,1,1895.6,364.9,-3.1,0.6,-0.44,0.07,272,272,-1,-0.6,-0.3,1.1,0.1,-0.00,0.00,0.00,0.00,0.00,0.00,0.44,-0.08,85,-1,0,-2,0.0,-0.01,0.281,0.283,-0.15,0,26,0,357.0,180.0,359.4,273.0,0.00,0,0.0,0.0
66.05,align,353.49,-0.02,0.283,1,1895.5,364.9,-3.1,0.6,-0.35,0.07,272,272,-1,-0.8,-0.3,1.0,0.1,-0.00,-0.01,0.00,0.00,0.00,0.00,0.35,-0.08,85,-1,0,-2,0.5,-0.02,0.283,0.287,-0.17,0,26,0,357.0,180.0,359.4,273.0,0.00,0,-0.9,0.2
66.15,align,353.48,-0.01,0.280,1,1895.5,364.9,-3.0,0.6,-0.35,0.07,272,272,-1,-0.8,-0.3,0.9,0.0,-0.00,-0.01,0.00,0.00,0.00,0.00,0.35,-0.08,85,-1,0,-2,0.5,-0.02,0.280,0.285,-0.10,0,26,0,357.0,180.0,359.4,273.0,0.00,0,-0.9,0.2
66.25,align,353.48,-0.01,0.277,1,1895.5,365.0,-3.0,0.5,-0.35,0.07,272,272,-1,-0.8,-0.3,0.8,0.0,-0.01,-0.01,0.00,0.00,0.00,0.00,0.35,-0.08,85,-1,0,-2,0.4,-0.02,0.277,0.284,-0.04,0,26,0,356.8,180.0,0.7,273.2,0.00,0,-0.9,0.2
66.35,align,353.48,-0.02,0.273,1,1895.4,365.0,-3.0,0.5,-0.26,0.07,272,272,-1,-0.8,-0.3,0.7,-0.0,-0.01,-0.01,0.00,0.00,0.00,0.00,0.35,-0.08,85,-1,0,-2,0.4,-0.02,0.273,0.282,0.03,0,26,0,356.8,180.0,0.7,273.2,0.00,0,-1.3,0.4
66.45,align,353.49,-0.03,0.269,1,1895.4,365.0,-2.9,0.5,-0.26,0.07,272,272,-1,-1.0,-0.3,0.6,-0.1,-0.01,-0.02,0.00,0.00,0.00,0.00,0.26,-0.07,85,-1,0,-2,0.3,-0.02,0.269,0.279,0.10,0,26,0,356.8,180.0,0.7,273.2,0.00,0,-0.9,0.1
66.55,align,353.51,-0.04,0.267,1,1895.4,365.0,-2.9,0.5,-0.26,0.07,272,272,-1,-1.0,-0.3,0.5,-0.1,-0.00,-0.01,0.00,0.00,0.00,0.00,0.26,-0.07,85,-1,0,-2,0.3,-0.02,0.267,0.273,0.13,0,26,0,356.8,180.0,0.7,273.2,0.00,0,-0.9,0.1
66.65,align,353.51,-0.05,0.268,1,1895.4,365.0,-2.9,0.5,-0.26,0.07,272,272,-1,-1.0,-0.3,0.5,-0.0,0.00,-0.00,0.00,0.00,0.00,0.00,0.26,-0.08,85,-1,0,-2,0.6,-0.02,0.268,0.269,0.10,0,26,0,356.7,179.9,1.2,273.3,0.00,0,-0.7,-0.2
66.75,align,353.51,-0.05,0.272,1,1895.4,365.0,-2.9,0.5,-0.26,0.07,272,272,-1,-1.0,-0.3,0.5,-0.0,0.00,0.01,0.00,0.00,0.00,0.00,0.26,-0.08,85,-1,0,-2,0.6,-0.02,0.272,0.278,0.02,0,26,0,356.7,179.9,1.2,273.3,0.00,0,0.7,-0.2
66.85,align,353.51,-0.05,0.273,1,1895.3,365.0,-2.8,0.5,-0.26,0.07,272,272,-1,-1.0,-0.3,0.6,-0.0,-0.00,0.02,0.00,0.00,0.00,0.00,0.26,-0.08,85,-1,0,-2,0.2,-0.02,0.273,0.282,-0.01,0,26,0,356.7,179.9,1.2,273.3,0.00,0,0.2,-0.0
66.95,align,353.51,-0.05,0.273,1,1895.3,365.0,-2.8,0.5,-0.26,0.07,272,272,-1,-1.0,-0.3,0.7,-0.0,-0.00,0.01,0.00,0.00,0.00,0.00,0.26,-0.08,85,-1,0,-2,0.2,-0.02,0.273,0.276,0.00,0,26,0,356.7,179.9,1.2,273.3,0.00,0,0.2,-0.0
67.05,align,353.50,-0.04,0.277,1,1895.3,365.0,-2.8,0.5,-0.18,0.07,272,272,-1,-0.9,-0.3,0.5,-0.0,-0.00,-0.01,0.00,0.00,0.00,0.00,0.26,-0.08,85,-1,0,-2,0.4,-0.02,0.277,0.283,-0.08,0,26,0,356.5,179.9,0.9,273.5,0.00,0,-1.5,0.0
67.15,align,353.49,-0.03,0.279,1,1895.3,365.0,-2.8,0.5,-0.18,0.07,272,272,-1,-1.2,-0.3,0.4,-0.0,-0.00,-0.02,0.00,0.00,0.00,0.00,0.17,-0.07,85,-1,0,-2,0.4,-0.02,0.279,0.288,-0.10,0,26,0,356.5,179.9,0.9,273.5,0.00,0,-1.5,0.0
67.25,align,353.49,-0.03,0.275,1,1895.2,365.0,-2.7,0.5,-0.18,0.07,272,272,-1,-1.2,-0.3,0.2,-0.0,-0.00,-0.02,0.00,0.00,0.00,0.00,0.17,-0.07,85,-1,0,-2,0.4,-0.02,0.276,0.286,-0.03,0,26,0,356.5,179.9,0.9,273.5,0.00,0,-1.7,0.1
67.35,align,353.50,-0.03,0.272,1,1895.2,365.0,-2.7,0.5,-0.18,0.07,272,272,-1,-1.2,-0.3,0.0,-0.0,-0.00,-0.03,0.00,0.00,0.00,0.00,0.17,-0.07,85,-1,0,-2,0.4,-0.02,0.272,0.284,0.03,0,26,0,356.5,179.9,0.9,273.5,0.00,0,-1.9,0.1
67.45,align,353.50,-0.04,0.270,1,1895.2,365.0,-2.7,0.5,-0.18,0.07,272,273,-1,-1.2,-0.3,-0.1,-0.0,0.00,-0.03,0.00,0.00,0.00,0.00,0.17,-0.07,85,-1,0,-2,0.3,-0.02,0.270,0.281,0.07,0,26,0,356.4,180.0,0.1,273.6,0.00,0,-0.9,-0.4
67.55,align,353.51,-0.04,0.271,1,1895.2,365.0,-2.7,0.5,-0.18,0.07,272,273,-1,-1.2,-0.3,-0.2,0.0,0.00,-0.01,0.00,0.00,0.00,0.00,0.17,-0.07,85,-1,0,-2,0.5,-0.02,0.271,0.278,0.04,0,26,0,356.4,180.0,0.1,273.6,0.00,0,0.3,-0.9
67.65,align,353.50,-0.03,0.275,1,1895.2,365.1,-2.7,0.5,-0.18,0.07,272,273,-1,-1.2,-0.3,-0.2,0.1,0.00,0.00,0.00,0.00,0.00,0.00,0.17,-0.07,85,-1,0,-2,0.1,-0.02,0.276,0.279,-0.04,0,26,0,356.4,180.0,0.1,273.6,0.00,0,1.3,-0.1
67.75,align,353.49,-0.02,0.278,1,1895.2,365.1,-2.7,0.4,-0.18,0.07,272,273,-1,-1.2,-0.3,-0.1,0.1,-0.00,0.02,0.00,0.00,0.00,0.00,0.17,-0.07,85,-1,0,-2,0.1,-0.02,0.278,0.286,-0.09,0,26,0,356.4,180.0,0.1,273.6,0.00,0,1.3,-0.1
67.85,align,353.48,-0.02,0.278,1,1895.1,365.1,-2.6,0.4,-0.18,0.07,273,273,-1,-1.1,-0.3,0.1,0.0,-0.01,0.02,0.00,0.00,0.00,0.00,0.17,-0.07,85,-1,0,-3,-0.0,-0.02,0.278,0.288,-0.07,0,26,0,356.3,180.0,359.7,273.7,0.00,0,1.4,0.3
67.95,align,353.49,-0.02,0.274,1,1895.1,365.1,-2.6,0.4,-0.18,0.07,273,273,-1,-1.1,-0.3,0.2,-0.0,-0.01,0.02,0.00,0.00,0.00,0.00,0.17,-0.07,85,-1,0,-3,-0.1,-0.02,0.274,0.285,-0.01,0,26,0,356.3,180.0,359.7,273.7,0.00,0,1.0,0.3
68.05,align,353.49,-0.03,0.271,1,1895.1,365.1,-2.6,0.4,-0.18,0.07,273,273,-1,-1.1,-0.3,0.3,-0.1,-0.01,0.02,0.00,0.00,0.00,0.00,0.17,-0.07,85,-1,0,-3,-0.1,-0.02,0.271,0.281,0.06,0,26,0,356.3,180.0,359.7,273.7,0.00,0,1.0,0.3
68.15,align,353.50,-0.04,0.268,1,1895.1,365.1,-2.6,0.4,-0.18,0.07,273,273,-1,-1.1,-0.3,0.3,-0.1,-0.00,0.01,0.00,0.00,0.00,0.00,0.17,-0.07,85,-1,0,-3,0.0,-0.02,0.268,0.274,0.10,0,26,0,356.3,180.0,359.7,273.7,0.00,0,0.0,0.0
68.25,align,353.51,-0.04,0.270,1,1895.1,365.1,-2.6,0.4,-0.18,0.07,273,273,-1,-1.1,-0.3,0.3,-0.0,0.00,-0.00,0.00,0.00,0.00,0.00,0.17,-0.07,85,-1,0,-3,-0.1,-0.02,0.270,0.271,0.06,0,26,0,356.3,179.9,0.9,273.7,0.00,0,-1.3,-0.1
68.35,align,353.50,-0.04,0.274,1,1895.1,365.1,-2.6,0.4,-0.18,0.07,273,273,-1,-1.1,-0.3,0.1,-0.0,-0.00,-0.02,0.00,0.00,0.00,0.00,0.17,-0.07,85,-1,0,-3,-0.1,-0.02,0.274,0.284,-0.02,0,26,0,356.3,179.9,0.9,273.7,0.00,0,-1.3,-0.1
68.45,align,353.50,-0.04,0.275,1,1895.0,365.1,-2.5,0.4,-0.18,0.07,273,273,-1,-1.1,-0.3,-0.1,-0.0,-0.00,-0.03,0.00,0.00,0.00,0.00,0.17,-0.07,85,-1,0,-3,-0.1,-0.02,0.275,0.289,-0.04,0,26,0,356.3,179.9,0.9,273.7,0.00,0,-1.9,-0.0
68.55,align,353.50,-0.03,0.275,1,1895.0,365.1,-2.5,0.4,-0.18,0.07,273,273,-1,-1.1,-0.3,-0.3,-0.0,-0.00,-0.03,0.00,0.00,0.00,0.00,0.17,-0.07,85,-1,0,-3,-0.1,-0.02,0.275,0.286,-0.03,0,26,0,356.3,179.9,0.9,273.7,0.00,0,-1.9,-0.0
68.65,align,353.48,-0.02,0.279,1,1895.0,365.1,-2.5,0.4,-0.18,0.07,273,273,-1,-1.1,-0.2,-0.3,-0.0,-0.00,-0.01,0.00,0.00,0.00,0.00,0.17,-0.07,85,-1,0,-3,0.0,-0.02,0.279,0.285,-0.11,0,26,0,356.4,180.0,0.1,273.6,0.00,0,0.0,0.0
68.75,align,353.46,0.00,0.284,1,1895.0,365.1,-2.5,0.4,-0.18,0.07,273,273,-1,-1.1,-0.2,-0.3,-0.0,-0.00,0.01,0.00,0.00,0.00,0.00,0.17,-0.07,85,-1,0,-3,-0.4,-0.02,0.284,0.288,-0.19,0,26,0,356.4,180.0,0.1,273.6,0.00,0,0.9,0.1
68.85,align,353.44,0.02,0.286,1,1894.9,365.1,-2.5,0.4,-0.18,0.07,273,273,-1,-1.1,-0.2,-0.2,-0.0,-0.00,0.01,0.00,0.00,0.00,0.00,0.17,-0.07,85,-1,0,-3,-0.4,-0.01,0.286,0.293,-0.21,0,26,0,356.4,180.0,0.1,273.6,0.00,0,0.6,0.1
68.95,align,353.43,0.03,0.283,1,1894.9,365.1,-2.4,0.4,-0.18,0.07,273,273,-1,-1.0,-0.2,-0.1,-0.1,-0.00,0.01,0.00,0.00,0.00,0.00,0.17,-0.07,85,-1,0,-3,-0.4,-0.01,0.283,0.290,-0.14,0,26,0,356.4,180.0,0.1,273.6,0.00,0,0.6,0.1
69.05,align,353.43,0.04,0.280,1,1894.9,365.1,-2.4,0.4,-0.18,0.07,273,272,-1,-1.0,-0.2,-0.0,-0.1,-0.00,0.01,0.00,0.00,0.00,0.00,0.17,-0.07,85,-1,0,-3,-0.4,-0.01,0.280,0.287,-0.08,0,26,0,356.6,179.9,1.1,273.4,0.00,0,0.5,0.1
69.15,align,353.43,0.04,0.277,1,1894.9,365.2,-2.4,0.4,-0.18,0.07,273,272,-1,-1.0,-0.2,0.0,-0.1,-0.01,0.01,0.00,0.00,0.00,0.00,0.17,-0.07,85,-1,0,-3,-0.6,-0.01,0.277,0.284,-0.01,0,26,0,356.6,179.9,1.1,273.4,0.00,0,0.5,0.2
69.25,align,353.44,0.03,0.273,1,1894.9,365.2,-2.4,0.3,-0.18,0.07,273,272,-1,-1.0,-0.2,0.1,-0.1,-0.01,0.01,0.00,0.00,0.00,0.00,0.17,-0.07,85,-1,0,-3,-0.6,-0.01,0.273,0.280,0.06,0,26,0,356.6,179.9,1.1,273.4,0.00,0,0.5,0.2
69.35,align,353.45,0.02,0.270,1,1894.9,365.2,-2.4,0.3,-0.18,0.07,273,272,-1,-1.0,-0.2,0.1,-0.1,-0.01,0.01,0.00,0.00,0.00,0.00,0.17,-0.07,85,-1,0,-3,-0.5,-0.01,0.270,0.276,0.12,0,26,0,356.6,179.9,1.1,273.4,0.00,0,0.2,0.3
69.45,align,353.47,-0.01,0.265,1,1894.9,365.2,-2.4,0.3,-0.18,0.07,272,272,-1,-1.0,-0.2,0.1,-0.2,-0.01,0.01,0.00,0.00,0.00,0.00,0.17,-0.07,85,-1,0,-2,-0.5,-0.01,0.265,0.271,0.19,0,26,0,356.8,179.8,3.3,273.2,0.00,0,0.2,0.3
69.55,align,353.49,-0.03,0.263,1,1894.8,365.2,-2.3,0.3,-0.18,0.07,272,272,-1,-1.0,-0.2,0.1,-0.2,-0.00,-0.00,0.00,0.00,0.00,0.00,0.17,-0.07,85,-1,0,-2,-0.7,-0.01,0.263,0.265,0.22,0,26,0,356.8,179.8,3.3,273.2,0.00,0,-0.9,-0.5
69.65,align,353.50,-0.04,0.265,1,1894.8,365.2,-2.3,0.3,-0.18,0.07,272,272,-1,-1.0,-0.2,0.0,-0.1,0.01,-0.01,0.00,0.00,0.00,0.00,0.17,-0.07,85,-1,0,-2,-0.7,-0.01,0.265,0.272,0.16,0,26,0,356.8,179.8,3.3,273.2,0.00,0,-0.9,-0.5
69.75,align,353.50,-0.03,0.274,1,1894.8,365.2,-2.3,0.3,-0.18,0.07,272,272,-1,-1.0,-0.2,-0.1,-0.0,0.01,-0.02,0.00,0.00,0.00,0.00,0.17,-0.07,85,-1,0,-2,-0.6,-0.01,0.274,0.285,-0.02,0,26,0,356.8,179.8,3.3,273.2,0.00,0,-0.9,-0.7
69.85,align,353.47,-0.01,0.284,1,1894.8,365.2,-2.3,0.3,-0.18,0.07,272,272,-1,-1.0,-0.2,-0.2,0.0,0.01,-0.01,0.00,0.00,0.00,0.00,0.17,-0.07,85,-1,0,-2,-0.6,-0.01,0.284,0.291,-0.19,0,26,0,357.1,180.0,359.4,272.9,0.00,0,-0.1,-0.4
69.95,align,353.45,0.02,0.287,1,1894.8,365.2,-2.3,0.3,-0.18,0.07,272,272,-1,-1.0,-0.2,-0.2,0.1,0.00,-0.00,0.00,0.00,0.00,0.00,0.17,-0.07,85,-1,0,-2,0.0,-0.01,0.287,0.289,-0.24,0,26,0,357.1,180.0,359.4,272.9,0.00,0,0.0,0.0
70.05,align,353.43,0.04,0.287,1,1894.7,365.2,-2.3,0.3,-0.18,0.07,272,272,-1,-0.9,-0.2,-0.2,0.1,-0.00,0.00,0.00,0.00,0.00,0.00,0.17,-0.07,85,-1,0,-2,-0.6,-0.02,0.287,0.288,-0.22,0,26,0,357.1,180.0,359.4,272.9,0.00,0,-0.1,0.0
70.15,align,353.42,0.05,0.284,1,1894.7,365.2,-2.2,0.3,-0.18,0.07,272,272,-1,-0.9,-0.2,-0.2,0.1,-0.00,-0.00,0.00,0.00,0.00,0.00,0.17,-0.07,85,-1,0,-2,-0.6,-0.01,0.284,0.286,-0.15,0,26,0,357.1,180.0,359.4,272.9,0.00,0,-0.1,0.0
70.25,align,353.41,0.06,0.281,1,1894.7,365.2,-2.2,0.3,-0.18,0.07,272,272,-1,-0.9,-0.2,-0.2,0.0,-0.00,-0.00,0.00,0.00,0.00,0.00,0.17,-0.07,85,-1,0,-2,0.0,-0.00,0.281,0.284,-0.08,0,26,0,357.3,180.1,358.8,272.7,0.00,0,0.0,0.0
70.35,align,353.41,0.06,0.278,1,1894.7,365.2,-2.2,0.3,-0.18,0.07,272,272,-1,-0.9,-0.2,-0.2,0.0,-0.00,-0.01,0.00,0.00,0.00,0.00,0.17,-0.07,85,-1,0,-2,-0.2,-0.01,0.278,0.282,-0.01,0,26,0,357.3,180.1,358.8,272.7,0.00,0,-0.2,0.0
70.45,align,353.42,0.05,0.275,1,1894.7,365.2,-2.2,0.3,-0.18,0.07,272,272,-1,-0.9,-0.2,-0.3,0.0,-0.00,-0.01,0.00,0.00,0.00,0.00,0.17,-0.07,85,-1,0,-2,-0.5,-0.01,0.275,0.280,0.05,0,26,0,357.3,180.1,358.8,272.7,0.00,0,-0.5,0.1
70.55,align,353.43,0.03,0.271,1,1894.7,365.2,-2.2,0.3,-0.18,0.07,272,272,-1,-0.9,-0.2,-0.4,0.0,-0.00,-0.01,0.00,0.00,0.00,0.00,0.17,-0.07,85,-1,0,-2,-0.6,-0.01,0.271,0.278,0.12,0,26,0,357.3,180.1,358.8,272.7,0.00,0,-0.8,0.2
70.65,align,353.45,0.01,0.267,1,1894.6,365.3,-2.2,0.3,-0.26,0.07,272,271,-1,-0.9,-0.1,-0.4,-0.0,-0.01,-0.02,0.00,0.00,0.00,0.00,0.17,-0.07,85,-1,0,-2,-0.5,-0.01,0.267,0.275,0.18,0,26,0,357.5,180.0,359.9,272.5,0.00,0,-0.7,0.0
70.75,align,353.47,-0.01,0.264,1,1894.6,365.3,-2.1,0.2,-0.26,0.07,272,271,-1,-0.6,-0.1,-0.5,-0.0,-0.00,-0.02,0.00,0.00,0.00,0.00,0.26,-0.07,85,-1,0,-2,0.0,-0.01,0.264,0.270,0.22,0,26,0,357.5,180.0,359.9,272.5,0.00,0,0.0,0.0
70.85,align,353.49,-0.02,0.265,1,1894.6,365.3,-2.1,0.2,-0.26,0.07,272,271,-1,-0.6,-0.1,-0.5,0.0,0.00,-0.00,0.00,0.00,0.00,0.00,0.26,-0.07,85,-1,0,-2,-0.6,-0.01,0.265,0.267,0.18,0,26,0,357.5,180.0,359.9,272.5,0.00,0,1.0,-0.3
70.95,align,353.50,-0.03,0.269,1,1894.5,365.3,-2.1,0.2,-0.26,0.05,272,271,-1,-0.6,-0.1,-0.4,0.1,0.00,0.01,0.00,0.00,0.00,0.00,0.26,-0.07,85,-1,0,-2,-0.5,-0.01,0.269,0.275,0.10,0,26,0,357.5,180.0,359.9,272.5,0.00,0,1.7,-0.0
71.05,align,353.49,-0.03,0.274,1,1894.5,365.3,-2.0,0.2,-0.26,0.04,272,271,-1,-0.6,-0.2,-0.2,0.0,-0.00,0.02,0.00,0.00,0.00,0.00,0.26,-0.06,85,-1,0,-2,-0.5,-0.01,0.274,0.285,-0.01,0,26,0,357.8,180.0,358.9,272.2,0.00,0,1.6,0.4
71.15,align,353.48,-0.01,0.281,1,1894.5,365.3,-2.0,0.2,-0.26,0.04,272,271,-1,-0.6,-0.2,-0.0,-0.0,-0.01,0.02,0.00,0.00,0.00,0.00,0.26,-0.05,85,-1,0,-2,-0.5,-0.00,0.281,0.290,-0.13,0,26,0,357.8,180.0,358.9,272.2,0.00,0,0.3,0.4
71.25,align,353.45,0.01,0.286,1,1894.5,365.3,-2.0,0.2,-0.26,0.04,272,271,-1,-0.5,-0.2,-0.0,-0.0,-0.01,-0.00,0.00,0.00,0.00,0.00,0.26,-0.05,85,-1,0,-2,-0.5,-0.00,0.286,0.290,-0.21,0,26,0,357.8,180.0,358.9,272.2,0.00,0,0.3,0.4
71.35,align,353.43,0.03,0.288,1,1894.5,365.3,-2.0,0.2,-0.26,0.04,271,271,-1,-0.5,-0.2,-0.1,-0.1,-0.01,-0.01,0.00,0.00,0.00,0.00,0.26,-0.05,85,-1,0,-1,-0.5,-0.00,0.288,0.297,-0.23,0,26,0,357.8,180.0,358.9,272.2,0.00,0,-0.5,0.4
71.45,align,353.42,0.04,0.285,1,1894.4,365.3,-1.9,0.2,-0.26,0.04,271,271,-1,-0.5,-0.2,-0.2,-0.1,-0.01,-0.02,0.00,0.00,0.00,0.00,0.26,-0.05,85,-1,0,-1,-0.5,-0.00,0.285,0.295,-0.16,0,26,0,358.0,179.9,3.8,272.0,0.00,0,-0.6,0.5
71.55,align,353.41,0.05,0.282,1,1894.4,365.3,-1.9,0.2,-0.26,0.07,271,271,-1,-0.5,-0.1,-0.3,-0.2,-0.01,-0.02,0.00,0.00,0.00,0.00,0.26,-0.07,85,-1,0,-1,-0.6,-0.00,0.282,0.294,-0.10,0,26,0,358.0,179.9,3.8,272.0,0.00,0,-0.9,0.6
71.65,align,353.41,0.05,0.279,1,1894.4,365.3,-1.9,0.2,-0.26,0.07,271,271,-1,-0.5,-0.1,-0.4,-0.2,-0.01,-0.02,0.00,0.00,0.00,0.00,0.26,-0.07,85,-1,0,-1,-0.5,-0.00,0.279,0.293,-0.03,0,26,0,358.0,179.9,3.8,272.0,0.00,0,-1.0,0.6
71.75,align,353.42,0.05,0.276,1,1894.3,365.3,-1.9,0.2,-0.26,0.07,271,271,-1,-0.5,-0.1,-0.5,-0.3,-0.01,-0.02,0.00,0.00,0.00,0.00,0.26,-0.07,85,-1,0,-1,-0.6,-0.00,0.276,0.291,0.04,0,26,0,358.0,179.9,3.8,272.0,0.00,0,-1.2,0.5
71.85,align,353.43,0.04,0.273,1,1894.3,365.3,-1.8,0.2,-0.26,0.07,271,271,-1,-0.5,-0.1,-0.6,-0.3,-0.01,-0.02,0.00,0.00,0.00,0.00,0.26,-0.07,85,-1,0,-1,-0.5,-0.00,0.273,0.286,0.08,0,26,0,358.2,179.7,9.9,271.8,0.00,0,-0.6,-0.1
71.95,align,353.43,0.03,0.273,1,1894.3,365.3,-1.8,0.2,-0.26,0.07,271,271,-1,-0.4,-0.1,-0.6,-0.3,-0.00,-0.02,0.00,0.00,0.00,0.00,0.26,-0.07,85,-1,0,-1,-0.5,-0.00,0.273,0.281,0.07,0,26,0,358.2,179.7,9.9,271.8,0.00,0,-0.6,-0.1
72.05,align,353.44,0.03,0.273,1,1894.3,365.3,-1.8,0.2,-0.26,0.09,271,271,-1,-0.4,-0.0,-0.6,-0.2,0.01,-0.01,0.00,0.00,0.00,0.00,0.26,-0.09,85,-1,0,-1,-0.5,-0.00,0.273,0.280,0.06,0,26,0,358.2,179.7,9.9,271.8,0.00,0,0.3,-1.2
72.15,align,353.44,0.02,0.274,1,1894.2,365.3,-1.8,0.2,-0.26,0.09,271,271,-1,-0.4,-0.0,-0.6,-0.1,0.02,-0.00,0.00,0.00,0.00,0.00,0.26,-0.09,85,-1,0,-1,-0.5,-0.00,0.274,0.281,0.05,0,26,0,358.2,179.7,9.9,271.8,0.00,0,0.6,-1.6
72.25,align,353.45,0.02,0.272,1,1894.2,365.3,-1.7,0.2,-0.26,0.09,271,271,-1,-0.4,-0.0,-0.5,0.1,0.02,-0.00,0.00,0.00,0.00,0.00,0.26,-0.09,85,-1,0,-1,-0.5,-0.00,0.272,0.281,0.07,0,26,0,358.4,180.1,357.6,271.6,0.00,0,0.6,-1.6
72.35,align,353.46,0.00,0.269,1,1894.2,365.4,-1.7,0.1,-0.26,0.09,271,271,-1,-0.4,0.0,-0.5,0.2,0.02,-0.00,0.00,0.00,0.00,0.00,0.26,-0.09,85,-1,0,-1,-0.4,-0.00,0.269,0.278,0.14,0,26,0,358.4,180.1,357.6,271.6,0.00,0,0.2,-0.8
72.45,align,353.47,-0.01,0.268,1,1894.2,365.4,-1.7,0.1,-0.26,0.09,271,271,-1,-0.4,0.0,-0.5,0.3,0.01,-0.01,0.00,0.00,0.00,0.00,0.26,-0.09,85,-1,0,-1,-0.4,-0.00,0.268,0.273,0.15,0,26,0,358.4,180.1,357.6,271.6,0.00,0,0.2,-0.8
72.55,align,353.48,-0.01,0.271,1,1894.1,365.4,-1.6,0.1,-0.35,0.07,271,271,-1,-0.1,-0.0,-0.5,0.2,-0.01,-0.01,0.00,0.00,0.00,0.00,0.35,-0.07,85,-1,0,-1,-0.7,0.00,0.271,0.279,0.07,0,26,0,358.4,180.1,357.6,271.6,0.00,0,0.2,0.3
72.65,align,353.48,-0.01,0.275,1,1894.1,365.4,-1.6,0.1,-0.35,0.07,271,270,-1,-0.1,-0.0,-0.5,0.0,-0.03,-0.01,0.00,0.00,0.00,0.00,0.35,-0.07,85,-1,0,-1,-0.4,-0.00,0.275,0.292,-0.01,0,26,0,358.6,180.1,357.8,271.4,0.00,0,0.1,2.0
72.75,align,353.47,-0.01,0.278,1,1894.0,365.4,-1.6,0.1,-0.35,0.07,271,270,-1,-0.0,-0.0,-0.4,-0.1,-0.03,-0.01,0.00,0.00,0.00,0.00,0.35,-0.07,85,-1,0,-1,-0.4,0.00,0.278,0.294,-0.06,0,26,0,358.6,180.1,357.8,271.4,0.00,0,0.4,1.2
72.95,align,353.46,0.00,0.279,1,1894.0,365.4,-1.5,0.1,-0.35,0.07,271,270,-1,0.0,-0.0,-0.3,-0.3,-0.02,0.00,0.00,0.00,0.00,0.00,0.35,-0.07,85,-1,0,-1,-0.4,0.00,0.279,0.288,-0.08,0,26,0,358.6,180.1,357.8,271.4,0.00,0,1.0,0.9
73.15,align,353.46,0.00,0.275,1,1893.9,365.4,-1.4,0.1,-0.35,0.09,271,270,-1,0.1,0.0,-0.1,-0.4,-0.02,0.00,0.00,0.00,0.00,0.00,0.35,-0.09,85,-1,0,-1,-0.2,0.00,0.275,0.284,0.01,0,26,0,358.7,179.6,16.5,271.3,0.00,0,0.4,0.3
73.35,align,353.49,-0.02,0.269,1,1893.8,365.4,-1.4,0.1,-0.35,0.11,270,270,-1,0.1,0.1,0.0,-0.5,-0.01,-0.00,0.00,0.00,0.00,0.00,0.35,-0.10,85,-1,0,-0,-0.4,0.00,0.269,0.276,0.11,0,26,0,358.7,179.6,16.5,271.3,0.00,0,-0.0,-0.4
73.45,descend,353.49,-0.03,0.120,1,1893.8,365.5,-1.3,0.1,-0.35,0.11,270,270,-1,0.1,0.1,0.0,-0.5,-0.00,-0.01,0.00,0.00,0.00,0.00,0.35,-0.11,85,-1,0,-0,-0.4,0.00,0.120,0.124,0.08,0,26,0,358.9,179.5,22.5,271.1,0.00,0,-0.1,-1.3
73.55,descend,353.49,-256.99,0.120,1,1893.8,365.5,-1.3,0.0,-0.35,0.11,270,270,-1,0.1,0.1,0.0,-0.3,0.02,-0.01,0.00,0.00,0.00,0.00,0.35,-0.11,85,-1,0,-0,-0.5,0.00,0.120,0.132,0.00,0,26,0,358.9,179.5,22.5,271.1,0.00,0,-0.2,-2.2
73.75,descend,353.29,-256.79,0.120,1,1893.7,365.5,-1.2,0.0,-0.35,0.11,270,270,-1,0.2,0.2,-0.0,0.2,0.03,-0.01,0.00,0.00,0.00,0.00,0.35,-0.11,85,-1,0,-0,-0.5,0.00,0.120,0.137,-1.15,0,26,0,358.9,179.5,22.5,271.1,0.00,0,-0.3,-2.3
73.95,descend,352.79,-256.29,0.120,1,1893.6,365.5,-1.2,0.0,-0.35,0.11,270,270,-1,0.2,0.2,0.0,0.4,0.02,-0.00,0.00,0.00,0.00,0.00,0.35,-0.11,85,-1,0,-0,-0.4,0.00,0.120,0.127,-2.64,0,26,0,359.1,180.3,340.4,270.9,0.00,0,0.8,-0.6
74.15,descend,352.01,-255.51,0.120,1,1893.6,365.5,-1.1,-0.0,-0.26,0.11,270,270,-1,0.1,0.2,0.2,0.5,0.00,0.01,0.00,0.00,0.00,0.00,0.31,-0.11,85,-1,0,-0,-0.4,0.01,0.120,0.126,-4.07,0,26,0,359.1,180.3,340.4,270.9,0.00,0,1.3,-0.3
74.35,descend,350.93,-254.43,0.120,1,1893.5,365.5,-1.0,-0.0,-0.26,0.09,270,270,-1,0.0,0.2,0.5,0.6,0.00,0.01,0.00,0.00,0.00,0.00,0.26,-0.10,85,-1,0,-0,-0.5,0.00,0.120,0.127,-5.60,0,26,0,359.3,180.5,324.0,270.7,0.00,0,1.3,-0.3
74.55,descend,349.54,-253.04,0.120,1,1893.5,365.6,-1.0,-0.1,-0.26,0.09,270,270,-1,0.1,0.1,0.7,0.6,0.00,0.01,0.00,0.00,0.00,0.00,0.26,-0.09,85,-1,0,0,-0.5,0.01,0.120,0.128,-7.11,0,26,0,359.3,180.5,324.0,270.7,0.00,0,1.3,-0.3
74.75,descend,347.86,-251.36,0.120,1,1893.4,365.6,-0.9,-0.1,-0.26,0.09,270,270,-1,0.1,0.1,0.9,0.7,0.00,0.01,0.00,0.00,0.00,0.00,0.26,-0.09,85,-1,0,0,-0.4,0.01,0.120,0.128,-8.58,0,26,0,359.4,180.6,312.8,270.6,0.00,0,1.1,-0.3
74.95,descend,345.89,-249.39,0.120,1,1893.4,365.6,-0.9,-0.1,-0.26,0.07,270,270,-1,0.1,0.1,1.1,0.7,0.01,0.02,0.00,0.00,0.00,0.00,0.26,-0.06,85,-1,0,0,-0.3,0.01,0.120,0.128,-10.03,0,26,0,359.4,180.6,312.8,270.6,0.00,0,0.7,-0.2
75.15,descend,343.63,-247.13,0.120,1,1893.3,365.6,-0.8,-0.1,-0.26,0.07,270,269,-1,0.2,0.1,1.2,0.8,0.01,0.02,0.00,0.00,0.00,0.00,0.26,-0.06,85,-1,0,0,-0.3,0.01,0.120,0.128,-11.46,0,26,0,359.6,180.7,301.7,270.4,0.00,0,0.7,-0.2
75.35,descend,341.10,-244.60,0.120,1,1893.2,365.6,-0.8,-0.1,-0.22,0.04,270,269,-1,0.2,0.1,1.4,0.8,0.01,0.02,0.00,0.00,0.00,0.00,0.26,-0.06,85,-1,0,0,-0.4,0.01,0.120,0.129,-12.86,0,26,0,359.6,180.7,301.7,270.4,0.00,0,0.7,-0.2
75.55,descend,338.28,-241.78,0.120,1,1893.2,365.6,-0.7,-0.1,-0.18,0.04,270,269,-1,-0.0,0.1,1.5,0.8,0.01,0.02,0.00,0.00,0.00,0.00,0.18,-0.04,85,-1,0,0,-0.2,0.01,0.120,0.130,-14.23,0,26,0,359.7,180.8,291.2,270.3,0.00,0,0.4,-0.1
75.75,descend,335.20,-238.70,0.120,1,1893.2,365.6,-0.7,-0.1,-0.18,0.04,269,269,-1,-0.0,0.1,1.6,0.8,0.01,0.02,0.00,0.00,0.00,0.00,0.18,-0.04,85,-1,0,1,-0.4,0.01,0.120,0.130,-15.58,0,26,0,359.7,180.8,291.2,270.3,0.00,0,0.5,-0.1
75.95,descend,331.85,-235.35,0.120,1,1893.2,365.6,-0.7,-0.1,-0.18,0.02,269,269,-1,0.0,-0.0,1.7,0.9,0.01,0.02,0.00,0.00,0.00,0.00,0.18,-0.02,85,-1,0,1,0.0,0.00,0.120,0.130,-16.90,0,26,0,359.8,180.8,281.4,270.2,0.00,0,0.0,0.0
76.15,descend,328.24,-231.74,0.120,1,1893.1,365.6,-0.6,-0.1,-0.18,0.02,269,269,-1,0.0,-0.0,1.8,0.9,0.01,0.02,0.00,0.00,0.00,0.00,0.18,-0.02,85,-1,0,1,0.0,0.00,0.120,0.130,-18.20,0,26,0,359.8,180.8,281.4,270.2,0.00,0,0.0,0.0
76.35,descend,324.38,-227.88,0.120,1,1893.1,365.7,-0.6,-0.2,-0.09,0.00,269,269,-1,-0.2,0.0,1.9,0.9,0.01,0.02,0.00,0.00,0.00,0.00,0.09,-0.02,85,-1,0,1,0.0,0.01,0.120,0.131,-19.48,0,26,0,360.0,180.9,272.4,270.0,0.00,0,0.0,0.0
76.55,descend,320.26,-223.76,0.120,1,1893.1,365.7,-0.6,-0.2,-0.09,0.00,269,269,-1,-0.2,-0.1,1.9,0.9,0.01,0.02,0.00,0.00,0.00,0.00,0.09,0.00,85,-1,0,1,0.0,0.01,0.120,0.131,-20.74,0,26,0,360.0,180.9,272.4,270.0,0.00,0,0.0,0.0
76.75,descend,315.90,-219.40,0.120,1,1893.1,365.7,-0.6,-0.2,-0.09,0.00,269,269,-1,-0.2,-0.1,2.0,0.9,0.01,0.02,0.00,0.00,0.00,0.00,0.09,0.00,85,-1,0,1,-0.4,0.01,0.120,0.131,-21.97,0,26,0,0.1,180.9,264.0,269.9,0.00,0,0.2,-0.0
76.95,descend,311.30,-214.80,0.120,1,1893.0,365.7,-0.5,-0.2,-0.09,-0.02,269,269,-1,-0.2,-0.1,2.0,0.9,0.01,0.02,0.00,0.00,0.00,0.00,0.09,0.02,85,-1,0,1,0.0,0.01,0.120,0.131,-23.17,0,26,0,0.1,180.9,264.0,269.9,0.00,0,0.0,0.0
77.15,descend,306.46,-209.96,0.120,1,1893.0,365.6,-0.5,-0.1,-0.09,-0.02,269,269,-1,-0.2,-0.1,2.0,0.9,0.01,0.02,0.00,0.00,0.00,0.00,0.09,0.02,85,-1,0,1,-0.1,0.01,0.120,0.131,-24.34,0,26,0,0.2,180.9,256.5,269.8,0.00,0,0.0,0.0
77.35,descend,301.39,-204.89,0.120,1,1893.0,365.6,-0.5,-0.1,-0.09,-0.02,269,269,-1,-0.2,-0.1,2.0,0.9,0.01,0.02,0.00,0.00,0.00,0.00,0.09,0.02,85,-1,0,1,0.0,0.01,0.120,0.130,-25.49,0,26,0,0.2,180.9,256.5,269.8,0.00,0,0.0,0.0
77.55,descend,296.10,-199.60,0.120,1,1893.0,365.6,-0.5,-0.1,0.00,-0.02,269,269,-1,-0.4,-0.1,2.0,0.9,0.01,0.02,0.00,0.00,0.00,0.00,-0.00,0.02,85,-1,0,1,-0.3,0.01,0.120,0.131,-26.60,0,26,0,0.3,180.9,250.0,269.7,0.00,0,-0.1,0.0
77.75,descend,290.58,-194.08,0.120,1,1893.0,365.6,-0.5,-0.1,0.00,-0.02,269,269,-1,-0.4,-0.1,2.0,0.9,0.01,0.02,0.00,0.00,0.00,0.00,-0.00,0.02,85,-1,0,1,-0.6,0.01,0.120,0.131,-27.69,0,26,0,0.3,180.9,250.0,269.7,0.00,0,-0.4,0.1
77.95,descend,284.86,-188.36,0.120,1,1893.0,365.6,-0.5,-0.1,0.00,-0.02,269,269,-1,-0.4,-0.1,1.9,0.8,0.01,0.02,0.00,0.00,0.00,0.00,-0.00,0.02,85,-1,0,1,-0.6,0.01,0.120,0.131,-28.76,0,26,0,0.4,180.9,244.4,269.6,0.00,0,-0.6,0.2
78.15,descend,278.92,-182.42,0.120,1,1893.0,365.6,-0.5,-0.1,0.00,-0.02,269,269,-1,-0.4,-0.1,1.9,0.8,0.01,0.02,0.00,0.00,0.00,0.00,-0.00,0.02,85,-1,0,1,-0.3,0.01,0.120,0.130,-29.81,0,26,0,0.4,180.9,244.4,269.6,0.00,0,-0.5,0.1
78.35,descend,272.78,-176.28,0.120,1,1893.0,365.6,-0.5,-0.1,0.00,-0.02,269,269,-1,-0.4,-0.1,1.8,0.8,0.01,0.02,0.00,0.00,0.00,0.00,-0.00,0.02,85,-1,0,1,0.0,0.01,0.120,0.130,-30.83,0,26,0,0.5,180.8,239.7,269.5,0.00,0,0.0,0.0
78.55,descend,266.44,-169.94,0.120,1,1893.0,365.6,-0.5,-0.1,0.00,-0.02,269,269,-1,-0.4,-0.1,1.8,0.8,0.01,0.02,0.00,0.00,0.00,0.00,-0.00,0.02,85,-1,0,1,-0.3,0.01,0.120,0.130,-31.83,0,26,0,0.5,180.8,239.7,269.5,0.00,0,-0.9,0.2
78.75,descend,259.90,-163.40,0.120,1,1893.0,365.6,-0.5,-0.1,0.00,-0.02,269,268,-1,-0.4,-0.1,1.7,0.8,0.01,0.02,0.00,0.00,0.00,0.00,-0.00,0.02,85,-1,0,1,-0.1,0.01,0.120,0.129,-32.81,0,26,0,0.5,180.8,235.5,269.5,0.00,0,-0.4,0.1
78.95,descend,253.17,-156.67,0.120,1,1893.0,365.6,-0.5,-0.1,0.00,-0.02,269,268,-1,-0.4,-0.1,1.6,0.8,0.01,0.01,0.00,0.00,0.00,0.00,-0.00,0.02,85,-1,0,1,-0.2,0.01,0.120,0.129,-33.77,0,26,0,0.5,180.8,235.5,269.5,0.00,0,-0.9,0.2
79.15,descend,246.26,-149.76,0.120,1,1893.0,365.6,-0.5,-0.1,0.00,0.00,269,268,-1,-0.4,-0.1,1.5,0.7,0.01,0.01,0.00,0.00,0.00,0.00,-0.00,0.01,85,-1,0,1,-0.1,0.01,0.120,0.128,-34.71,0,26,0,0.6,180.8,231.7,269.4,0.00,0,-0.5,0.1
79.35,descend,239.15,-142.65,0.120,1,1893.0,365.6,-0.5,-0.1,-0.09,0.00,268,268,-1,-0.4,-0.1,1.4,0.7,0.01,0.01,0.00,0.00,0.00,0.00,0.00,0.00,85,-1,0,2,-0.1,0.01,0.120,0.127,-35.63,0,26,0,0.6,180.8,231.7,269.4,0.00,0,-0.6,0.1
79.55,descend,231.87,-135.37,0.120,1,1893.0,365.6,-0.5,-0.1,-0.09,0.00,268,268,-1,-0.2,-0.1,1.3,0.7,0.01,0.01,0.00,0.00,0.00,0.00,0.09,0.00,85,-1,0,2,-0.1,0.01,0.120,0.125,-36.53,0,26,0,0.6,180.7,227.9,269.4,0.00,0,-0.6,0.1
79.75,descend,224.41,-127.91,0.120,1,1893.0,365.6,-0.5,-0.1,-0.09,0.00,268,268,-1,-0.2,-0.1,1.2,0.7,0.01,0.01,0.00,0.00,0.00,0.00,0.09,0.00,85,-1,0,2,-0.1,0.01,0.120,0.125,-37.41,0,26,0,0.6,180.7,227.9,269.4,0.00,0,-0.7,0.2
79.95,descend,216.78,-120.28,0.120,1,1892.9,365.6,-0.5,-0.1,-0.09,0.00,268,268,-1,-0.1,-0.1,1.0,0.6,0.01,0.00,0.00,0.00,0.00,0.00,0.09,0.00,85,-1,0,2,-0.0,0.01,0.120,0.124,-38.27,0,26,0,0.7,180.6,224.1,269.3,0.00,0,-0.6,0.1
80.15,descend,208.98,-112.48,0.120,1,1892.9,365.6,-0.4,-0.1,-0.09,0.01,268,268,-1,-0.1,-0.1,0.9,0.6,0.01,0.00,0.00,0.00,0.00,0.00,0.09,0.00,85,-1,0,2,0.0,0.01,0.120,0.123,-39.11,0,26,0,0.7,180.6,224.1,269.3,0.00,0,0.0,0.0
80.35,descend,201.01,-104.51,0.120,1,1892.9,365.6,-0.4,-0.1,-0.09,0.02,268,268,-1,-0.1,-0.0,0.7,0.6,0.00,-0.00,0.00,0.00,0.00,0.00,0.09,-0.02,85,-1,0,2,-0.0,0.01,0.120,0.122,-39.94,0,26,0,0.7,180.6,220.2,269.3,0.00,0,-0.8,0.2
80.55,descend,192.88,-96.38,0.120,1,1892.9,365.6,-0.4,-0.1,-0.09,0.02,268,268,-1,-0.1,-0.0,0.6,0.5,0.00,-0.00,0.00,0.00,0.00,0.00,0.09,-0.02,85,-1,0,2,-0.0,0.01,0.120,0.123,-40.74,0,26,0,0.7,180.6,220.2,269.3,0.00,0,-0.6,0.1
80.75,descend,184.60,-88.10,0.238,1,1892.9,365.6,-0.4,-0.1,-0.09,0.02,268,268,-1,-0.1,-0.0,0.4,0.5,0.00,-0.01,0.00,0.00,0.00,0.00,0.09,-0.02,85,-1,0,2,-0.0,0.01,0.238,0.242,-41.52,0,26,0,0.7,180.5,215.9,269.3,0.00,0,-1.0,0.2
80.95,descend,176.24,-79.74,0.362,1,1892.9,365.6,-0.4,-0.1,-0.09,0.02,268,268,-1,-0.1,-0.0,0.2,0.4,0.00,-0.01,0.00,0.00,0.00,0.00,0.09,-0.02,85,-1,0,2,-0.0,0.01,0.362,0.366,-41.78,0,26,0,0.7,180.5,215.9,269.3,0.00,0,-1.0,0.2
81.15,descend,168.04,-71.54,0.437,1,1892.8,365.6,-0.3,-0.1,-0.09,0.00,268,268,-1,-0.1,-0.0,-0.0,0.4,0.00,-0.02,0.00,0.00,0.00,0.00,0.09,-0.02,85,-1,0,2,-0.0,0.01,0.437,0.444,-40.88,0,26,0,0.7,180.4,210.6,269.3,0.00,0,-1.0,0.4
81.35,descend,160.19,-63.69,0.467,1,1892.8,365.6,-0.3,-0.1,-0.09,0.00,268,268,-1,-0.1,-0.1,-0.2,0.2,-0.01,-0.02,0.00,0.00,0.00,0.00,0.09,0.00,85,-1,0,2,0.0,0.01,0.467,0.477,-39.01,0,26,0,0.7,180.4,210.6,269.3,0.00,0,-1.2,0.9
81.55,descend,152.76,-56.26,0.485,1,1892.8,365.6,-0.3,-0.1,-0.09,0.00,268,268,-1,-0.1,-0.1,-0.4,0.0,-0.01,-0.01,0.00,0.00,0.00,0.00,0.09,0.00,85,-1,0,2,0.0,0.01,0.485,0.496,-36.88,0,26,0,0.7,180.1,190.0,269.3,0.00,0,-1.1,1.1
81.75,descend,145.82,-49.32,0.487,1,1892.8,365.6,-0.3,-0.1,-0.09,0.00,268,268,-1,-0.0,-0.1,-0.5,-0.1,-0.01,-0.01,0.00,0.00,0.00,0.00,0.09,0.00,85,-1,0,2,0.0,0.01,0.487,0.492,-34.43,0,26,0,0.7,180.1,190.0,269.3,0.00,0,-0.6,0.8
81.95,descend,139.39,-42.89,0.480,1,1892.8,365.6,-0.3,-0.1,-0.09,0.00,268,268,-1,-0.0,-0.1,-0.6,-0.2,-0.01,-0.02,0.00,0.00,0.00,0.00,0.09,0.00,85,-1,0,2,0.0,0.01,0.480,0.491,-31.86,0,26,0,0.7,179.8,166.0,269.3,0.00,0,-0.8,0.7
82.15,descend,133.46,-36.96,0.474,1,1892.8,365.6,-0.3,-0.1,-0.18,0.02,268,268,-1,0.2,-0.0,-0.9,-0.4,-0.02,-0.03,0.00,0.00,0.00,0.00,0.18,-0.02,85,-1,0,2,0.0,0.01,0.474,0.491,-29.34,0,26,0,0.7,179.8,166.0,269.3,0.00,0,-1.2,0.8
82.35,descend,128.01,-31.51,0.474,1,1892.7,365.6,-0.2,-0.1,-0.18,0.04,268,268,-1,0.3,0.1,-1.1,-0.5,-0.00,-0.03,0.00,0.00,0.00,0.00,0.18,-0.04,85,-1,0,2,-0.0,0.01,0.474,0.485,-26.97,0,26,0,0.7,179.5,146.4,269.3,0.00,0,-0.7,-0.2
82.55,descend,123.00,-26.50,0.483,1,1892.7,365.6,-0.2,-0.1,-0.26,0.07,268,268,-1,0.4,0.1,-1.1,-0.4,-0.00,-0.00,0.00,0.00,0.00,0.00,0.22,-0.05,85,-1,0,2,0.0,0.01,0.483,0.486,-24.79,0,26,0,0.7,179.5,146.4,269.3,0.00,0,1.2,0.0
82.75,descend,118.44,-21.94,0.488,1,1892.6,365.7,-0.1,-0.2,-0.26,0.08,268,268,-1,0.6,0.2,-0.9,-0.5,-0.01,-0.01,0.00,0.00,0.00,0.00,0.27,-0.07,85,-1,0,2,0.0,0.01,0.488,0.493,-22.51,0,26,0,0.7,179.5,146.8,269.3,0.00,0,0.9,0.1
82.95,descend,114.34,-17.84,0.489,1,1892.5,365.7,-0.1,-0.2,-0.35,0.11,268,268,-1,0.6,0.2,-0.9,-0.5,-0.01,-0.01,0.00,0.00,0.00,0.00,0.27,-0.09,85,-1,0,2,0.0,0.01,0.489,0.499,-20.17,0,26,0,0.7,179.5,146.8,269.3,0.00,0,0.0,0.0
83.15,descend,110.71,-14.21,0.493,1,1892.5,365.7,-0.0,-0.2,-0.35,0.13,268,268,-1,0.9,0.3,-1.0,-0.6,-0.01,-0.03,0.00,0.00,0.00,0.00,0.36,-0.12,85,-1,0,2,0.0,0.01,0.493,0.509,-17.89,0,26,0,0.7,179.4,142.0,269.3,0.00,0,-0.6,0.5
83.35,descend,107.52,-11.02,0.500,1,1892.4,365.7,0.1,-0.2,-0.35,0.15,268,268,-1,1.0,0.4,-1.2,-0.7,-0.02,-0.04,0.00,0.00,0.00,0.00,0.36,-0.14,85,-1,0,2,-0.0,0.01,0.500,0.522,-15.65,0,26,0,0.7,179.4,142.0,269.3,0.00,0,-1.1,0.6
83.55,descend,104.78,-8.28,0.510,1,1892.4,365.8,0.1,-0.3,-0.44,0.19,268,268,-1,1.3,0.5,-1.4,-0.8,-0.02,-0.04,0.00,0.00,0.00,0.00,0.44,-0.17,85,-1,0,2,0.4,0.01,0.510,0.537,-13.47,0,26,0,0.7,179.2,132.0,269.3,0.00,0,-0.9,0.6
83.75,descend,102.47,-5.97,0.526,1,1892.3,365.8,0.2,-0.3,-0.53,0.22,268,268,-1,1.6,0.7,-1.3,-1.0,-0.02,-0.02,0.00,0.00,0.00,0.00,0.53,-0.20,85,-1,0,2,1.3,-0.00,0.526,0.543,-11.30,0,26,0,0.7,179.2,132.0,269.3,0.00,0,0.4,0.6
83.95,descend,100.60,-4.10,0.563,1,1892.1,365.9,0.4,-0.4,-0.70,0.27,268,269,-1,2.3,0.8,-0.6,-0.9,-0.01,0.03,0.00,0.00,0.00,0.00,0.71,-0.26,85,-1,0,2,1.5,-0.01,0.563,0.581,-9.06,0,26,0,0.3,179.0,105.4,269.7,0.00,0,3.9,-0.4
84.15,descend,99.27,-2.77,0.370,1,1892.0,365.9,0.5,-0.4,-0.70,0.31,269,269,-1,2.4,1.0,0.1,-0.9,-0.03,0.02,0.00,0.00,0.00,0.00,0.71,-0.29,85,-1,0,1,1.3,-0.01,0.370,0.388,-6.24,0,26,0,0.3,179.0,105.4,269.7,0.00,0,3.3,0.3
84.35,descend,98.54,-2.04,0.319,1,1891.8,366.0,0.6,-0.5,-0.40,0.26,269,269,-1,1.8,1.0,-0.2,-1.3,-0.06,-0.06,0.00,0.00,0.00,0.00,0.49,-0.27,85,-1,0,1,0.3,0.00,0.319,0.371,-3.33,0,26,0,359.8,178.9,79.0,270.2,0.00,0,-4.4,3.1
84.55,descend,98.08,-1.58,0.262,1,1891.8,366.0,0.7,-0.5,-0.35,0.26,269,269,-1,1.4,1.0,-1.3,-2.0,-0.08,-0.12,0.00,0.00,0.00,0.00,0.36,-0.26,85,-1,0,1,-0.0,0.01,0.262,0.342,-2.23,0,26,0,359.8,178.9,79.0,270.2,0.00,0,-5.8,3.2
84.75,descend,97.74,-1.24,0.234,1,1891.7,366.1,0.8,-0.6,-0.26,0.25,269,269,-1,1.2,1.0,-2.5,-2.6,-0.08,-0.13,0.00,0.00,0.00,0.00,0.27,-0.25,85,-1,0,1,-0.5,0.01,0.234,0.319,-1.70,0,26,0,359.7,177.7,82.6,270.3,0.00,0,-6.1,3.0
84.95,descend,97.42,-0.92,0.231,1,1891.7,366.1,0.8,-0.6,-0.18,0.15,269,269,-1,1.0,0.8,-3.7,-3.3,-0.10,-0.15,0.00,0.00,0.00,0.00,0.18,-0.18,85,-1,0,1,-0.6,0.01,0.231,0.331,-1.67,0,26,0,359.7,177.7,82.6,270.3,0.00,0,-6.7,4.5
85.15,descend,97.10,-0.60,0.227,1,1891.6,366.2,0.9,-0.6,-0.09,0.09,269,269,-1,1.0,0.6,-5.2,-4.3,-0.13,-0.18,0.00,0.00,0.00,0.00,0.18,-0.12,85,-1,0,1,-0.1,0.01,0.227,0.350,-1.62,0,26,0,359.8,176.2,87.3,270.2,0.00,0,-7.6,5.1
85.25,capture,96.96,-0.46,0.315,1,1891.6,366.2,0.9,-0.7,-0.09,0.09,269,269,-1,0.7,0.5,-5.9,-4.8,-0.13,-0.19,0.00,0.00,0.00,0.00,0.09,-0.09,85,-1,0,1,-0.1,0.01,0.315,0.443,-1.55,0,26,0,359.8,176.2,87.3,270.2,0.00,0,-7.6,5.1
85.35,capture,96.88,-0.38,0.312,1,1891.6,366.2,0.9,-0.7,-0.09,0.05,269,269,-1,0.7,0.4,-6.1,-5.3,-0.13,-0.10,0.00,0.00,0.00,0.00,0.09,-0.05,85,-1,0,1,0.2,0.00,0.312,0.403,-1.40,0,26,0,359.8,176.2,87.3,270.2,0.00,0,-7.9,5.1
85.55,capture,96.88,-0.38,0.237,1,1891.7,366.2,0.8,-0.7,0.44,-0.06,269,269,-1,-0.6,0.5,-5.4,-5.8,-0.08,0.00,0.00,0.00,0.00,0.00,-0.35,-0.07,85,-1,0,1,5.0,-0.00,0.237,0.272,0.09,0,26,0,0.0,174.3,90.3,270.0,0.00,0,1.2,-0.4
85.75,capture,96.86,-0.36,0.244,1,1891.8,366.1,0.7,-0.7,0.41,-0.31,269,269,-1,-1.0,-0.2,-5.3,-5.4,-0.01,-0.06,0.00,0.00,0.00,0.00,-0.44,0.16,85,-1,0,1,7.8,-0.09,0.244,0.272,-0.06,0,26,0,0.0,174.3,90.3,270.0,0.00,0,-0.4,-4.6
85.95,capture,96.82,-0.32,0.251,1,1891.9,366.1,0.7,-0.6,0.52,-0.42,270,271,-1,-1.0,-0.8,-4.5,-4.7,0.02,0.02,0.00,0.00,0.00,0.00,-0.44,0.36,85,-1,0,0,1.9,0.02,0.251,0.268,-0.18,0,26,0,358.5,175.0,73.0,271.5,0.00,0,4.2,-4.7
86.15,capture,96.79,-0.29,0.248,1,1892.1,365.5,0.5,-0.0,1.89,-0.68,270,271,-1,-0.9,-0.5,-2.7,-2.8,0.22,0.21,0.00,0.00,0.00,0.00,-0.38,0.13,85,-1,0,-0,-6.5,0.01,0.248,0.421,-0.10,0,26,0,358.5,175.0,73.0,271.5,0.00,0,20.3,-20.8
86.35,capture,96.50,-0.00,0.316,1,1892.5,365.5,0.1,0.1,1.00,1.02,270,269,-1,-8.0,-1.8,-0.0,-0.0,0.01,0.07,0.00,0.00,0.00,0.00,-2.67,0.52,85,-1,0,0,0.0,0.10,0.316,0.348,-1.24,0,26,0,360.0,180.0,74.9,270.0,0.00,0,-0.0,0.0
86.55,capture,96.50,-0.00,0.256,1,1892.5,365.5,0.0,-0.0,0.00,0.00,270,269,-1,-0.1,-0.1,-0.0,-0.0,-0.01,-0.01,0.00,0.00,0.00,0.00,0.00,0.00,85,-1,0,0,0.0,0.00,0.256,0.262,0.00,0,26,0,360.0,180.0,74.9,270.0,0.00,0,0.0,-0.0
86.75,capture,96.50,-0.00,0.256,1,1892.5,365.5,0.0,-0.0,0.00,0.00,269,269,-1,-0.1,-0.1,-0.0,-0.0,-0.01,-0.01,0.00,0.00,0.00,0.00,0.00,0.00,85,-1,0,1,0.0,0.00,0.256,0.262,0.00,0,26,0,0.0,180.0,0.0,270.0,0.00,0,0.0,-0.0
86.95,capture,96.50,-0.00,0.256,1,1892.5,365.5,0.0,-0.0,0.00,0.00,269,269,-1,-0.1,-0.1,-0.0,-0.0,-0.01,-0.01,0.00,0.00,0.00,0.00,0.00,0.00,85,-1,0,1,0.0,0.00,0.256,0.262,0.00,0,26,0,0.0,180.0,0.0,270.0,0.00,0,0.0,-0.0
87.15,capture,96.50,-0.00,0.256,1,1892.5,365.5,0.0,-0.0,0.00,0.00,269,269,-1,-0.1,-0.1,-0.0,-0.0,-0.01,-0.01,0.00,0.00,0.00,0.00,0.00,0.00,85,-1,0,1,0.0,0.01,0.256,0.262,0.00,0,26,0,0.0,180.0,0.0,270.0,0.00,0,0.0,-0.0
87.35,capture,96.50,-0.00,0.256,1,1892.5,365.5,0.0,-0.0,0.00,0.00,269,269,-1,-0.1,-0.1,-0.0,-0.0,-0.01,-0.01,0.00,0.00,0.00,0.00,0.00,0.00,85,-1,0,1,0.0,0.01,0.256,0.262,0.00,0,26,0,0.0,180.0,0.0,270.0,0.00,0,0.0,-0.0
87.45,docked,96.50,-0.00,0.000,1,1892.5,365.5,0.0,-0.0,0.00,0.00,269,269,-1,-0.1,-0.1,-0.0,-0.0,-0.01,-0.01,0.00,0.00,0.00,0.00,0.00,0.00,85,-1,1,0,0.0,-0.00,0.000,0.000,0.00,0,26,0,0.0,180.0,0.0,270.0,0.00,0,0.0,-0.0
87.45,end:ok:control [yawkp 0.007 yawkd 0.012 yawmax 0.6 lean 67 body 15 braketurn 0.55 side 1.5 hold 0.38],0,0,0,0,0,0,0,0,0,0,0,0,0,0,0,0,0,0,0,0,0,0,0,0,0,0,0,0,0,0,0,0,0,0,0,0,0,0,0,0,0,0,0,0,0
