t,phase,height,err,pwr,gps,x,z,ex,ez,vxw,vzw,hdg,rawhdg,mothdg,tp,tr,p,r,vx,vy,sched,fwdRaw,latRaw,vrtRaw,fwdH,latH,energy,fuel,sat,yerr,yrate,ydem,athr,amax,vv,dockc,npers,chg,nav1,nav3,nav2,trihdg,trires,aimq,wx,wz
0.00,climb,77.50,272.50,0.378,1,2401.4,-3269.4,-3069.9,6097.9,0.00,0.00,230,230,-1,0.0,0.0,-0.0,-0.0,-0.00,-0.00,0.00,0.00,0.00,0.00,0.00,0.00,-1,-1,0,-2,0.0,-0.01,0.378,0.378,0.00,0,0,0,39.4,180.0,180.0,230.6,0.00,0,0.0,0.0
0.10,climb,77.50,272.50,0.642,1,2401.4,-3269.4,-3069.9,6097.9,0.00,0.00,230,230,-1,0.0,0.0,-0.0,-0.0,-0.00,-0.00,0.00,0.00,0.00,0.00,0.00,0.00,-1,-1,0,-4,0.0,-0.03,0.643,0.643,0.00,0,0,0,39.4,180.0,180.0,230.6,0.00,0,0.0,0.0
0.20,climb,77.50,272.50,0.917,1,2401.4,-3269.4,-3069.9,6097.9,0.00,0.00,230,230,-1,0.0,0.0,0.0,0.0,0.00,0.00,0.00,0.00,0.00,0.00,0.00,0.00,-1,-1,0,-7,0.0,-0.05,0.918,0.918,0.00,0,0,0,39.4,180.0,180.0,230.6,0.00,0,0.4,-0.5
0.30,climb,77.50,272.50,1.000,1,2401.4,-3269.4,-3069.9,6097.9,0.00,0.00,230,230,-1,0.0,0.0,-0.0,0.0,0.00,-0.00,0.00,0.00,0.00,0.00,0.00,0.00,-1,-1,1,-11,0.0,-0.07,1.000,1.000,0.00,0,0,0,39.4,180.0,180.0,230.6,0.00,0,-0.4,0.0
0.40,climb,77.55,272.45,1.000,1,2401.4,-3269.4,-3069.9,6097.9,0.00,0.00,230,230,-1,0.0,0.0,-0.0,-0.0,-0.00,-0.01,0.00,0.00,0.00,0.00,0.00,0.00,-1,-1,1,-14,0.0,-0.09,1.000,1.000,0.27,0,0,0,39.4,180.0,180.0,230.6,0.00,0,-0.4,0.0
0.50,climb,77.73,272.27,1.000,1,2401.4,-3269.4,-3069.9,6097.9,0.00,0.00,230,230,-1,0.0,0.0,-0.1,-0.0,-0.00,-0.01,0.00,0.00,0.00,0.00,0.00,0.00,-1,-1,1,-17,0.0,-0.12,1.000,1.000,1.37,0,0,0,39.4,180.0,180.0,230.6,0.00,0,-0.5,0.1
0.60,climb,78.14,271.86,1.000,1,2401.4,-3269.4,-3069.9,6097.9,0.00,0.00,230,230,-1,0.0,0.0,-0.2,-0.0,0.00,-0.01,0.00,0.00,0.00,0.00,0.00,0.00,-1,-1,1,-20,-0.4,-0.13,1.000,1.000,3.44,0,0,0,39.4,180.0,180.0,230.6,0.00,0,-0.8,0.0
0.70,climb,78.85,271.15,1.000,1,2401.4,-3269.4,-3069.9,6097.9,0.00,0.09,230,230,-1,0.0,0.0,-0.2,0.1,0.01,-0.01,0.00,0.00,0.00,0.00,0.06,-0.07,-1,-1,1,-23,-1.9,-0.13,1.000,1.000,6.34,0,0,0,39.4,180.0,180.0,230.6,0.00,0,-0.4,-0.4
0.80,climb,79.87,270.13,1.000,1,2401.4,-3269.4,-3069.9,6097.9,-0.09,0.18,229,229,-1,0.0,0.0,-0.2,0.1,0.01,0.00,0.00,0.00,0.00,0.00,0.12,-0.01,100,-1,1,-25,-10.7,-0.11,1.000,1.000,9.42,0,28,0,40.4,180.0,180.0,229.6,0.00,0,0.3,-0.9
0.90,climb,81.19,268.81,1.000,1,2401.4,-3269.4,-3069.9,6097.9,-0.09,0.18,229,229,-1,0.0,0.0,-0.1,0.2,0.02,0.00,0.00,0.00,0.00,0.00,0.18,-0.08,100,-1,1,-28,-10.7,-0.07,1.000,1.000,12.46,0,28,0,40.4,180.0,180.0,229.6,0.00,0,0.3,-0.9
1.00,climb,82.81,267.19,1.000,1,2401.3,-3269.4,-3069.9,6097.9,-0.18,0.09,229,229,-1,0.0,0.0,-0.1,0.3,0.01,0.00,0.00,0.00,0.00,0.00,0.18,-0.08,100,-1,1,-31,-20.4,-0.03,1.000,1.000,15.47,0,28,0,40.4,180.0,180.0,229.6,0.00,0,-0.0,0.1
1.10,climb,84.73,265.27,1.000,1,2401.3,-3269.4,-3069.8,6097.9,-0.26,0.09,229,229,-1,0.0,0.0,-0.1,0.3,-0.00,-0.00,0.00,0.00,0.00,0.00,0.19,0.05,100,-1,1,-34,-22.9,0.01,1.000,1.000,18.45,0,28,0,40.4,180.0,180.0,229.6,0.00,0,-0.4,1.3
1.20,climb,86.95,263.05,1.000,1,2401.3,-3269.4,-3069.8,6097.9,-0.26,0.09,228,221,-1,0.0,0.0,-0.2,0.1,-0.02,-0.01,0.00,0.00,0.00,0.00,0.25,0.11,100,-1,1,-36,-22.9,0.02,1.000,1.000,21.40,0,28,0,47.8,179.9,180.0,222.2,0.00,0,-0.4,1.3
1.30,climb,89.45,260.55,1.000,1,2401.3,-3269.4,-3069.8,6097.9,-0.26,0.09,227,221,-1,0.0,0.0,-0.2,-0.1,-0.03,-0.02,0.00,0.00,0.00,0.00,0.25,0.12,100,-1,1,-38,-23.6,0.02,1.000,1.000,24.32,0,28,0,47.8,179.9,180.0,222.2,0.00,0,-0.8,2.1
1.40,climb,92.25,257.75,1.000,1,2401.2,-3269.3,-3069.8,6097.8,-0.26,0.09,226,221,-1,0.0,0.0,-0.4,-0.4,-0.04,-0.03,0.00,0.00,0.00,0.00,0.25,0.12,100,-1,1,-40,-22.2,-0.00,1.000,1.000,27.21,0,28,0,47.8,179.9,180.0,222.2,0.00,0,-1.7,2.8
1.50,climb,95.33,254.67,1.000,1,2401.2,-3269.3,-3069.7,6097.8,-0.18,0.18,225,221,-1,0.0,0.0,-0.6,-0.6,-0.04,-0.04,0.00,0.00,0.00,0.00,0.25,0.12,100,-1,1,-42,-20.3,-0.03,1.000,1.000,30.06,0,28,0,47.8,179.9,180.0,222.2,0.00,0,-2.1,2.1
1.60,climb,98.69,251.31,1.000,1,2401.2,-3269.3,-3069.7,6097.8,-0.18,0.18,223,212,-1,0.0,0.0,-0.8,-0.8,-0.03,-0.05,0.00,0.00,0.00,0.00,0.25,0.01,100,-1,1,-43,-20.3,-0.06,1.000,1.000,32.89,0,28,0,56.6,178.0,178.7,213.4,0.00,0,-2.1,2.1
1.70,climb,102.33,247.67,1.000,1,2401.2,-3269.3,-3069.7,6097.8,-0.09,0.35,222,212,-1,0.0,0.0,-1.1,-0.7,0.00,-0.05,0.00,0.00,0.00,0.00,0.32,-0.17,100,-1,1,-45,-18.8,-0.09,1.000,1.000,35.69,0,28,0,56.6,178.0,178.7,213.4,0.00,0,-2.4,0.2
1.80,climb,106.24,243.76,1.000,1,2401.2,-3269.2,-3069.7,6097.7,-0.09,0.53,220,212,-1,0.0,0.0,-1.3,-0.4,0.04,-0.04,0.00,0.00,0.00,0.00,0.46,-0.27,100,-1,1,-46,-18.4,-0.10,1.000,1.000,38.46,0,28,0,56.6,178.0,178.7,213.4,0.00,0,-2.0,-2.3
1.90,climb,110.42,239.58,1.000,1,2401.2,-3269.1,-3069.7,6097.7,-0.09,0.79,219,212,-1,0.0,0.0,-1.4,0.1,0.07,-0.03,0.00,0.00,0.00,0.00,0.55,-0.44,100,-1,1,-48,-20.5,-0.11,1.000,1.000,41.20,0,28,0,56.6,178.0,178.7,213.4,0.00,0,-0.0,-4.4
2.00,climb,114.87,235.13,1.000,1,2401.2,-3269.1,-3069.7,6097.6,-0.09,0.79,217,205,-1,0.0,0.0,-1.3,0.6,0.08,-0.01,0.00,0.00,0.00,0.00,0.68,-0.41,100,-1,1,-49,-20.5,-0.10,1.000,1.000,43.91,0,28,0,64.4,177.8,179.0,205.6,0.00,0,-0.0,-4.4
2.10,climb,119.59,230.41,1.000,1,2401.1,-3268.9,-3069.7,6097.5,-0.44,0.97,215,205,-1,0.0,0.0,-1.1,0.9,0.06,0.02,0.00,0.00,0.00,0.00,0.94,-0.34,100,-1,1,-50,-24.2,-0.08,1.000,1.000,46.59,0,28,0,64.4,177.8,179.0,205.6,0.00,0,2.6,-0.5
2.20,climb,124.58,225.42,0.868,1,2401.1,-3268.9,-3069.6,6097.4,-0.44,0.97,214,205,-1,0.0,0.0,-0.8,0.9,0.01,0.04,0.00,0.00,0.00,0.00,1.05,-0.17,100,-1,0,-51,-24.2,-0.07,0.868,0.888,49.25,0,28,0,64.4,177.8,179.0,205.6,0.00,0,2.6,-0.5
2.30,climb,129.84,220.16,0.716,1,2401.0,-3268.7,-3069.6,6097.3,-0.88,0.97,212,205,-1,0.0,0.0,-0.4,0.6,-0.05,0.05,0.00,0.00,0.00,0.00,1.27,0.03,100,-1,0,-53,-27.7,-0.06,0.716,0.757,51.87,0,28,0,64.4,177.8,179.0,205.6,0.00,0,2.7,5.7
2.40,climb,135.31,214.69,0.576,1,2400.9,-3268.6,-3069.5,6097.2,-0.88,0.97,210,194,-1,0.0,0.0,-0.2,-0.0,-0.09,0.03,0.00,0.00,0.00,0.00,1.27,0.29,100,-1,0,-53,-28.3,-0.04,0.576,0.624,54.13,0,28,0,74.6,179.2,179.8,195.4,0.00,0,0.9,6.7
2.50,climb,140.92,209.08,0.463,1,2400.9,-3268.6,-3069.4,6097.1,-0.88,0.97,207,194,-1,0.0,0.0,-0.2,-0.7,-0.11,0.00,0.00,0.00,0.00,0.00,1.26,0.34,100,-1,0,-54,-28.3,-0.04,0.463,0.506,55.69,0,28,0,74.6,179.2,179.8,195.4,0.00,0,0.9,6.7
2.60,climb,146.60,203.40,0.379,1,2400.8,-3268.5,-3069.3,6097.0,-0.88,0.88,205,194,-1,0.0,0.0,-0.4,-1.2,-0.09,-0.04,0.00,0.00,0.00,0.00,1.17,0.42,100,-1,0,-55,-28.5,-0.04,0.379,0.430,56.60,0,28,0,74.6,179.2,179.8,195.4,0.00,0,-1.0,5.8
2.70,climb,152.31,197.69,0.319,1,2400.7,-3268.3,-3069.2,6096.9,-0.62,0.88,204,194,-1,0.0,0.0,-0.7,-1.5,-0.06,-0.06,0.00,0.00,0.00,0.00,1.09,0.29,100,-1,0,-57,-27.6,-0.06,0.319,0.365,56.97,0,28,0,74.6,179.2,179.8,195.4,0.00,0,-2.7,0.8
2.80,climb,158.00,192.00,0.276,1,2400.7,-3268.3,-3069.2,6096.8,-0.62,0.88,201,183,-1,0.0,0.0,-1.0,-1.5,-0.01,-0.06,0.00,0.00,0.00,0.00,1.04,0.27,100,-1,0,-56,-27.6,-0.06,0.276,0.304,56.95,0,28,0,85.8,164.7,178.9,184.2,0.00,0,-2.7,0.8
2.90,climb,163.64,186.36,0.248,1,2400.6,-3268.1,-3069.1,6096.7,-0.35,0.97,198,183,-1,0.0,0.0,-1.3,-1.2,0.03,-0.05,0.00,0.00,0.00,0.00,1.06,0.12,100,-1,0,-57,-25.6,-0.08,0.248,0.280,56.61,0,28,0,85.8,164.7,178.9,184.2,0.00,0,-0.9,-3.0
3.00,climb,169.22,180.78,0.231,1,2400.5,-3268.0,-3069.1,6096.6,-0.26,0.97,196,183,-1,0.0,0.0,-1.4,-0.8,0.05,-0.03,0.00,0.00,0.00,0.00,1.03,0.08,100,-1,0,-58,-24.4,-0.10,0.231,0.262,56.04,0,28,0,85.8,164.7,178.9,184.2,0.00,0,0.4,-3.2
3.10,climb,174.73,175.27,0.220,1,2400.5,-3268.0,-3069.0,6096.5,-0.26,0.97,194,183,-1,0.0,0.0,-1.4,-0.5,0.05,-0.01,0.00,0.00,0.00,0.00,1.00,0.03,100,-1,0,-59,-24.4,-0.12,0.221,0.244,55.32,0,28,0,85.8,164.7,178.9,184.2,0.00,0,0.4,-3.2
3.20,climb,180.16,169.84,0.213,1,2400.5,-3267.8,-3069.0,6096.4,-0.26,1.05,191,173,-1,0.0,0.0,-1.2,-0.1,0.05,0.00,0.00,0.00,0.00,0.00,1.09,0.06,100,-1,0,-59,-22.5,-0.13,0.213,0.234,54.55,0,28,0,95.7,12.2,178.8,174.3,0.00,0,1.7,-2.7
3.30,climb,185.51,164.49,0.208,1,2400.5,-3267.8,-3069.0,6096.3,-0.26,1.05,188,173,-1,0.0,0.0,-1.1,0.2,0.05,0.02,0.00,0.00,0.00,0.00,1.08,0.11,100,-1,0,-59,-22.5,-0.14,0.209,0.233,53.72,0,28,0,95.7,12.2,178.8,174.3,0.00,0,1.7,-2.7
3.35,climb,188.15,161.85,0.185,1,2400.5,-3267.7,-3069.0,6096.3,-0.26,1.05,186,173,-1,0.0,0.0,-0.9,0.3,0.03,0.02,0.00,0.00,0.00,0.00,1.08,0.16,100,-1,0,-58,-21.8,-0.14,0.185,0.208,53.72,0,28,0,95.7,12.2,178.8,174.3,0.00,0,2.3,-1.6
3.45,climb,193.36,156.64,0.183,1,2400.4,-3267.6,-3069.0,6096.2,-0.26,1.05,184,173,-1,0.0,0.0,-0.7,0.4,0.02,0.03,0.00,0.00,0.00,0.00,1.07,0.19,100,-1,0,-59,-21.1,-0.15,0.183,0.201,52.83,0,28,0,95.7,12.2,178.8,174.3,0.00,0,2.3,-0.3
3.55,climb,198.48,151.52,0.182,1,2400.4,-3267.5,-3068.9,6096.1,-0.26,1.05,181,166,-1,0.0,0.0,-0.5,0.4,0.00,0.02,0.00,0.00,0.00,0.00,1.06,0.24,100,-1,0,-59,-20.5,-0.16,0.182,0.192,51.91,0,28,0,103.2,2.5,179.4,166.8,0.00,0,1.7,0.5
3.65,climb,203.50,146.50,0.185,1,2400.4,-3267.4,-3068.9,6096.0,-0.26,1.05,179,166,-1,0.0,0.0,-0.4,0.3,-0.01,0.01,0.00,0.00,0.00,0.00,1.05,0.29,100,-1,0,-60,-20.0,-0.18,0.185,0.195,50.93,0,28,0,103.2,2.5,179.4,166.8,0.00,0,0.9,1.3
3.75,climb,208.42,141.58,0.187,1,2400.4,-3267.3,-3068.9,6095.9,-0.26,1.05,177,166,-1,0.0,0.0,-0.3,0.1,-0.02,0.01,0.00,0.00,0.00,0.00,1.04,0.32,100,-1,0,-61,-19.6,-0.19,0.188,0.198,49.96,0,28,0,103.2,2.5,179.4,166.8,0.00,0,0.7,1.4
3.85,climb,213.24,136.76,0.194,1,2400.3,-3267.2,-3068.9,6095.8,-0.26,1.05,175,166,-1,0.0,0.0,-0.2,0.0,-0.02,0.00,0.00,0.00,0.00,0.00,1.03,0.35,100,-1,0,-62,-19.4,-0.20,0.194,0.204,48.93,0,28,0,103.2,2.5,179.4,166.8,0.00,0,0.5,1.5
3.95,climb,217.96,132.04,0.200,1,2400.3,-3267.1,-3068.8,6095.7,-0.26,1.05,172,158,-1,0.0,0.0,-0.2,-0.1,-0.02,0.00,0.00,0.00,0.00,0.00,1.01,0.40,100,-1,0,-63,-19.3,-0.21,0.200,0.211,47.92,0,28,0,111.0,0.3,179.9,159.0,0.00,0,0.4,1.5
4.05,climb,222.58,127.42,0.206,1,2400.3,-3267.0,-3068.8,6095.6,-0.26,0.97,170,158,-1,0.0,0.0,-0.2,-0.2,-0.01,-0.00,0.00,0.00,0.00,0.00,0.99,0.44,100,-1,0,-64,-19.5,-0.21,0.207,0.212,46.91,0,28,0,111.0,0.3,179.9,159.0,0.00,0,0.2,0.4
4.15,climb,227.13,122.87,0.205,1,2400.2,-3266.9,-3068.8,6095.5,-0.26,0.97,168,158,-1,0.0,0.0,-0.2,-0.1,0.01,-0.01,0.00,0.00,0.00,0.00,0.89,0.45,100,-1,0,-65,-19.8,-0.22,0.205,0.210,46.06,0,28,0,111.0,0.3,179.9,159.0,0.00,0,-0.1,-0.8
4.25,climb,231.59,118.41,0.203,1,2400.2,-3266.8,-3068.7,6095.4,-0.26,0.97,167,158,-1,0.0,0.0,-0.2,-0.1,0.01,-0.01,0.00,0.00,0.00,0.00,0.88,0.48,100,-1,0,-66,-20.4,-0.23,0.204,0.211,45.21,0,28,0,111.0,0.3,179.9,159.0,0.00,0,-0.2,-0.7
4.35,climb,235.99,114.01,0.193,1,2400.2,-3266.7,-3068.7,6095.3,-0.26,0.97,164,150,-1,0.0,0.0,-0.2,0.0,0.01,-0.01,0.00,0.00,0.00,0.00,0.86,0.52,100,-1,0,-67,-21.0,-0.22,0.194,0.202,44.52,0,28,0,119.1,0.4,179.8,150.9,0.00,0,-0.3,-0.7
4.45,climb,240.32,109.68,0.183,1,2400.2,-3266.6,-3068.7,6095.2,-0.26,0.88,162,150,-1,0.0,0.0,-0.2,0.1,0.01,-0.00,0.00,0.00,0.00,0.00,0.84,0.55,100,-1,0,-67,-21.4,-0.22,0.183,0.187,43.83,0,28,0,119.1,0.4,179.8,150.9,0.00,0,0.2,-0.1
4.55,climb,244.56,105.44,0.175,1,2400.1,-3266.5,-3068.7,6095.1,-0.18,0.88,160,150,-1,0.0,0.0,-0.2,0.0,-0.00,0.01,0.00,0.00,0.00,0.00,0.74,0.55,100,-1,0,-69,-21.5,-0.22,0.176,0.179,43.08,0,28,0,119.1,0.4,179.8,150.9,0.00,0,0.8,0.4
4.65,climb,248.71,101.29,0.175,1,2400.1,-3266.5,-3068.6,6095.0,-0.18,0.88,159,150,-1,0.0,0.0,-0.1,0.0,-0.00,0.01,0.00,0.00,0.00,0.00,0.75,0.48,100,-1,0,-70,-21.5,-0.23,0.175,0.180,42.20,0,28,0,119.1,0.4,179.8,150.9,0.00,0,0.7,0.3
4.75,climb,252.76,97.24,0.178,1,2400.1,-3266.4,-3068.6,6095.0,-0.18,0.88,156,141,-1,0.0,0.0,-0.0,-0.0,-0.01,0.01,0.00,0.00,0.00,0.00,0.73,0.52,100,-1,0,-70,-21.6,-0.23,0.178,0.183,41.25,0,28,0,127.6,0.0,180.0,142.4,0.00,0,0.6,0.3
4.85,climb,256.73,93.27,0.180,1,2400.1,-3266.3,-3068.6,6094.9,-0.18,0.88,154,141,-1,0.0,0.0,0.0,-0.1,-0.01,0.01,0.00,0.00,0.00,0.00,0.71,0.55,100,-1,0,-71,-21.6,-0.24,0.181,0.186,40.32,0,28,0,127.6,0.0,180.0,142.4,0.00,0,0.5,0.3
4.90,climb,258.67,91.33,0.205,1,2400.1,-3266.3,-3068.6,6094.8,-0.18,0.88,152,141,-1,0.0,0.0,0.1,-0.1,-0.01,0.01,0.00,0.00,0.00,0.00,0.69,0.57,100,-1,0,-71,-21.6,-0.24,0.206,0.211,39.39,0,28,0,127.6,0.0,180.0,142.4,0.00,0,0.5,0.3
5.00,climb,262.50,87.50,0.208,1,2400.1,-3266.2,-3068.6,6094.7,-0.18,0.79,150,141,-1,0.0,0.0,0.1,-0.1,-0.01,0.00,0.00,0.00,0.00,0.00,0.60,0.54,100,-1,0,-72,-21.7,-0.24,0.209,0.214,38.48,0,28,0,127.6,0.0,180.0,142.4,0.00,0,0.4,0.3
5.10,climb,266.26,83.74,0.204,1,2400.0,-3266.0,-3068.6,6094.6,-0.18,0.79,148,134,-1,0.0,0.0,0.1,-0.1,-0.01,0.00,0.00,0.00,0.00,0.00,0.58,0.57,100,-1,0,-73,-22.7,-0.24,0.205,0.209,37.71,0,28,0,135.3,359.7,180.3,134.7,0.00,0,0.2,0.3
5.20,climb,269.95,80.05,0.191,1,2400.0,-3266.0,-3068.5,6094.5,-0.18,0.79,146,134,-1,0.0,0.0,0.1,-0.2,-0.01,0.00,0.00,0.00,0.00,0.00,0.55,0.59,100,-1,0,-73,-22.7,-0.24,0.192,0.196,37.10,0,28,0,135.3,359.7,180.3,134.7,0.00,0,0.2,0.3
5.30,climb,273.59,76.41,0.178,1,2400.0,-3266.0,-3068.5,6094.5,-0.18,0.79,144,134,-1,0.0,0.0,0.1,-0.2,-0.01,-0.00,0.00,0.00,0.00,0.00,0.53,0.61,100,-1,0,-72,-23.3,-0.23,0.178,0.182,36.49,0,28,0,135.3,359.7,180.3,134.7,0.00,0,0.1,0.3
5.40,climb,277.14,72.86,0.170,1,2400.0,-3265.8,-3068.5,6094.4,-0.18,0.70,142,134,-1,0.0,0.0,0.1,-0.3,-0.01,-0.00,0.00,0.00,0.00,0.00,0.52,0.62,100,-1,0,-71,-23.6,-0.21,0.171,0.175,35.74,0,28,0,135.3,359.7,180.3,134.7,0.00,0,-0.0,0.3
5.50,climb,280.61,69.39,0.170,1,2400.0,-3265.8,-3068.5,6094.3,-0.18,0.70,140,124,-1,0.0,0.0,0.1,-0.3,-0.01,-0.00,0.00,0.00,0.00,0.00,0.42,0.59,100,-1,0,-68,-23.6,-0.19,0.170,0.176,34.87,0,28,0,144.6,359.6,180.5,125.4,0.00,0,-0.0,0.3
5.60,climb,283.98,66.02,0.169,1,2400.0,-3265.7,-3068.5,6094.2,-0.18,0.70,137,124,-1,0.0,0.0,0.1,-0.3,-0.01,-0.01,0.00,0.00,0.00,0.00,0.40,0.61,100,-1,0,-66,-23.7,-0.17,0.170,0.176,34.00,0,28,0,144.6,359.6,180.5,125.4,0.00,0,-0.2,0.3
5.70,climb,287.28,62.72,0.152,1,2399.9,-3265.6,-3068.5,6094.2,-0.18,0.70,135,124,-1,0.0,0.0,0.0,-0.4,-0.01,-0.01,0.00,0.00,0.00,0.00,0.38,0.62,100,-1,0,-64,-23.8,-0.16,0.152,0.159,33.14,0,28,0,144.6,359.6,180.5,125.4,0.00,0,-0.3,0.4
5.80,climb,290.49,59.51,0.109,1,2399.9,-3265.6,-3068.4,6094.1,-0.18,0.70,134,124,-1,0.0,0.0,0.0,-0.4,-0.01,-0.01,0.00,0.00,0.00,0.00,0.36,0.63,100,-1,0,-62,-23.8,-0.15,0.109,0.117,32.29,0,28,0,144.6,359.6,180.5,125.4,0.00,0,-0.3,0.4
5.90,climb,293.61,56.39,0.067,1,2399.9,-3265.5,-3068.4,6094.0,-0.18,0.62,131,115,-1,0.0,0.0,-0.0,-0.4,-0.01,-0.01,0.00,0.00,0.00,0.00,0.27,0.58,100,-1,0,-59,-23.9,-0.13,0.067,0.075,31.45,0,28,0,154.1,359.6,180.9,115.9,0.00,0,-0.3,0.4
6.00,climb,296.63,53.37,0.032,1,2399.9,-3265.4,-3068.4,6094.0,-0.18,0.62,128,115,-1,0.0,0.0,-0.1,-0.5,-0.01,-0.01,0.00,0.00,0.00,0.00,0.24,0.59,100,-1,0,-57,-23.2,-0.11,0.032,0.040,30.47,0,28,0,154.1,359.6,180.9,115.9,0.00,0,-0.5,-0.2
6.10,climb,299.52,50.48,0.011,1,2399.9,-3265.4,-3068.4,6093.9,-0.18,0.62,126,115,-1,0.0,0.0,-0.2,-0.5,-0.01,-0.01,0.00,0.00,0.00,0.00,0.22,0.60,100,-1,0,-55,-23.2,-0.10,0.011,0.018,29.30,0,28,0,154.1,359.6,180.9,115.9,0.00,0,-0.5,-0.2
6.20,climb,302.31,47.69,0.000,1,2399.8,-3265.3,-3068.4,6093.8,-0.18,0.62,125,115,-1,0.0,0.0,-0.2,-0.5,-0.01,-0.01,0.00,0.00,0.00,0.00,0.20,0.61,100,-1,1,-53,-22.2,-0.10,0.000,0.000,28.11,0,28,0,154.1,359.6,180.9,115.9,0.00,0,-0.4,-0.1
6.30,climb,304.97,45.03,0.000,1,2399.8,-3265.2,-3068.3,6093.8,-0.09,0.62,122,106,-1,0.0,0.0,-0.3,-0.4,-0.00,-0.01,0.00,0.00,0.00,0.00,0.17,0.62,100,-1,1,-50,-21.7,-0.08,0.000,0.000,26.96,0,28,0,163.3,359.6,181.2,106.7,0.00,0,-0.4,-0.3
6.40,climb,307.52,42.48,0.000,1,2399.8,-3265.2,-3068.3,6093.7,-0.09,0.53,119,106,-1,0.0,0.0,-0.3,-0.4,0.00,-0.01,0.00,0.00,0.00,0.00,0.22,0.58,100,-1,1,-48,-21.1,-0.07,0.000,0.000,25.77,0,28,0,163.3,359.6,181.2,106.7,0.00,0,-0.4,-0.6
6.50,climb,309.94,40.06,0.000,1,2399.8,-3265.2,-3068.3,6093.7,-0.09,0.53,117,106,-1,0.0,0.0,-0.4,-0.3,0.01,-0.01,0.00,0.00,0.00,0.00,0.16,0.51,100,-1,1,-45,-21.1,-0.06,0.000,0.000,24.53,0,28,0,163.3,359.6,181.2,106.7,0.00,0,-0.4,-0.6
6.60,climb,312.23,37.77,0.000,1,2399.8,-3265.1,-3068.3,6093.6,-0.09,0.53,115,106,-1,0.0,0.0,-0.4,-0.2,0.01,-0.01,0.00,0.00,0.00,0.00,0.15,0.51,100,-1,1,-44,-20.6,-0.06,0.000,0.000,23.25,0,28,0,163.3,359.6,181.2,106.7,0.00,0,-0.4,-0.8
6.70,climb,314.39,35.61,0.000,1,2399.8,-3265.0,-3068.3,6093.6,-0.09,0.53,113,97,-1,0.0,0.0,-0.5,-0.1,0.01,-0.01,0.00,0.00,0.00,0.00,0.12,0.52,100,-1,1,-41,-19.6,-0.05,0.000,0.000,21.94,0,28,0,171.5,360.0,180.3,98.5,0.00,0,-0.4,-0.8
6.80,climb,316.42,33.58,0.012,1,2399.8,-3265.0,-3068.3,6093.5,-0.09,0.53,110,97,-1,0.0,0.0,-0.5,-0.0,0.01,-0.01,0.00,0.00,0.00,0.00,0.10,0.52,100,-1,0,-39,-19.2,-0.04,0.012,0.023,20.65,0,28,0,171.5,360.0,180.3,98.5,0.00,0,-0.4,-0.8
6.90,climb,318.32,31.68,0.022,1,2399.8,-3265.0,-3068.3,6093.5,-0.09,0.53,108,97,-1,0.0,0.0,-0.5,0.1,0.01,-0.01,0.00,0.00,0.00,0.00,0.08,0.53,100,-1,0,-37,-19.2,-0.03,0.022,0.033,19.36,0,28,0,171.5,360.0,180.3,98.5,0.00,0,-0.4,-0.8
7.00,climb,320.10,29.90,0.035,1,2399.8,-3264.9,-3068.3,6093.4,-0.09,0.53,107,97,-1,0.0,0.0,-0.6,0.2,0.02,-0.01,0.00,0.00,0.00,0.00,0.07,0.53,100,-1,0,-35,-18.9,-0.02,0.035,0.046,18.09,0,28,0,171.5,360.0,180.3,98.5,0.00,0,-0.3,-0.8
7.10,climb,321.75,28.25,0.051,1,2399.8,-3264.8,-3068.3,6093.3,-0.09,0.53,104,90,-1,0.0,0.0,-0.6,0.3,0.02,-0.01,0.00,0.00,0.00,0.00,0.04,0.53,100,-1,0,-32,-18.5,-0.00,0.051,0.063,16.83,0,28,0,179.2,0.3,160.4,90.8,0.00,0,-0.3,-0.8
7.20,climb,323.28,26.72,0.071,1,2399.8,-3264.8,-3068.3,6093.3,-0.09,0.53,102,90,-1,0.0,0.0,-0.6,0.4,0.02,-0.01,0.00,0.00,0.00,0.00,0.02,0.53,100,-1,0,-30,-18.5,0.01,0.071,0.083,15.59,0,28,0,179.2,0.3,160.4,90.8,0.00,0,-0.3,-0.8
7.30,climb,324.68,25.32,0.094,1,2399.8,-3264.7,-3068.3,6093.2,-0.09,0.53,100,90,-1,0.0,0.0,-0.6,0.5,0.02,-0.01,0.00,0.00,0.00,0.00,0.01,0.53,100,-1,0,-28,-18.3,0.02,0.094,0.106,14.35,0,28,0,179.2,0.3,160.4,90.8,0.00,0,-0.3,-0.8
7.40,climb,325.96,24.04,0.121,1,2399.8,-3264.7,-3068.3,6093.2,-0.09,0.53,99,90,-1,0.0,0.0,-0.7,0.6,0.02,-0.01,0.00,0.00,0.00,0.00,-0.01,0.53,100,-1,0,-27,-18.1,0.03,0.121,0.133,13.13,0,28,0,179.2,0.3,160.4,90.8,0.00,0,-0.3,-0.8
7.50,climb,327.12,22.88,0.150,1,2399.7,-3264.6,-3068.2,6093.1,-0.09,0.53,96,83,-1,0.0,0.0,-0.7,0.7,0.02,-0.01,0.00,0.00,0.00,0.00,-0.03,0.53,100,-1,0,-24,-17.8,0.05,0.150,0.161,11.95,0,28,0,186.4,0.6,5.2,83.6,0.00,0,-0.1,-0.5
7.60,climb,328.18,21.82,0.179,1,2399.7,-3264.5,-3068.2,6093.1,-0.09,0.53,94,83,-1,0.0,0.0,-0.7,0.7,0.02,-0.01,0.00,0.00,0.00,0.00,-0.05,0.53,100,-1,0,-22,-17.6,0.06,0.179,0.189,10.83,0,28,0,186.4,0.6,5.2,83.6,0.00,0,0.0,-0.3
7.70,climb,329.14,20.86,0.205,1,2399.7,-3264.5,-3068.2,6093.0,-0.09,0.53,92,83,-1,0.0,0.0,-0.6,0.8,0.01,-0.00,0.00,0.00,0.00,0.00,-0.07,0.53,100,-1,0,-21,-17.6,0.07,0.205,0.213,9.86,0,28,0,186.4,0.6,5.2,83.6,0.00,0,0.0,-0.3
7.80,climb,330.03,19.97,0.224,1,2399.7,-3264.5,-3068.2,6093.0,-0.09,0.53,91,83,-1,0.0,0.0,-0.6,0.8,0.01,-0.00,0.00,0.00,0.00,0.00,-0.08,0.53,100,-1,0,-19,-17.4,0.07,0.224,0.228,9.07,0,28,0,186.4,0.6,5.2,83.6,0.00,0,0.2,-0.0
7.90,climb,330.88,19.12,0.233,1,2399.7,-3264.4,-3068.2,6092.9,-0.09,0.53,88,76,-1,0.0,0.0,-0.5,0.7,-0.01,0.01,0.00,0.00,0.00,0.00,-0.10,0.52,100,-1,0,-17,-17.0,0.09,0.233,0.238,8.51,0,28,0,193.4,0.6,2.5,76.6,0.00,0,0.6,0.7
8.00,climb,331.69,18.31,0.233,1,2399.7,-3264.3,-3068.2,6092.9,-0.09,0.53,87,76,-1,0.0,0.0,-0.4,0.6,-0.02,0.01,0.00,0.00,0.00,0.00,-0.12,0.52,100,-1,0,-15,-16.0,0.09,0.233,0.243,8.14,0,28,0,193.4,0.6,2.5,76.6,0.00,0,0.7,1.7
8.10,cruise,332.46,17.54,0.282,1,2399.7,-3264.3,-3068.2,6092.8,-0.09,0.53,85,76,-1,4.0,4.0,-0.3,0.4,-0.09,-0.05,0.00,0.00,0.00,0.00,-0.13,0.52,100,-1,0,-13,-16.0,0.10,0.282,0.320,7.82,0,28,0,193.4,0.6,2.5,76.6,0.00,0,0.7,1.7
8.20,cruise,333.21,16.79,0.280,1,2399.7,-3264.2,-3068.2,6092.8,-0.09,0.53,83,76,-1,8.0,8.0,-0.2,0.2,-0.15,-0.11,0.00,0.00,0.00,0.00,-0.15,0.51,100,-1,0,-0,-14.4,0.18,0.281,0.354,7.51,0,28,0,198.1,0.2,0.5,71.9,0.00,1,0.4,1.2
8.30,cruise,333.94,16.06,0.274,1,2399.7,-3264.2,-3068.2,6092.7,-0.09,0.53,81,69,-1,12.0,12.0,-0.2,0.2,-0.19,-0.17,0.00,0.00,0.00,0.00,-0.17,0.51,100,-1,0,1,-14.4,0.18,0.275,0.373,7.30,0,28,0,199.5,0.1,0.3,70.5,0.00,1,0.4,1.2
8.40,cruise,334.66,15.34,0.260,1,2399.7,-3264.2,-3068.2,6092.7,-0.09,0.53,80,69,-1,16.0,16.0,-0.0,0.3,-0.21,-0.20,0.00,0.00,0.00,0.00,-0.18,0.50,100,-1,0,3,-13.2,0.18,0.261,0.369,7.24,0,28,0,200.8,0.3,0.7,69.2,0.00,1,1.4,-0.4
8.50,cruise,335.37,14.63,0.246,1,2399.7,-3264.1,-3068.2,6092.6,0.00,0.44,78,69,-1,20.0,20.0,0.5,0.7,-0.19,-0.18,0.00,0.00,0.00,0.00,-0.09,0.43,100,-1,0,4,-11.8,0.17,0.247,0.346,7.17,0,28,0,201.9,0.8,2.1,68.1,0.00,1,3.7,-3.1
8.60,cruise,336.05,13.95,0.238,1,2399.7,-3264.0,-3068.2,6092.6,0.00,0.26,77,69,-1,24.0,24.0,1.2,1.4,-0.16,-0.15,0.00,0.00,0.00,0.00,-0.08,0.34,100,-1,0,5,-8.8,0.16,0.238,0.319,7.00,0,28,0,202.9,1.9,4.5,67.1,0.00,1,10.4,-10.1
8.70,cruise,336.69,13.31,0.234,1,2399.7,-3264.0,-3068.2,6092.5,0.09,0.26,75,65,-1,27.9,27.8,2.4,2.5,-0.11,-0.09,0.00,0.00,0.00,0.00,-0.07,0.25,100,-1,0,5,-7.1,0.14,0.234,0.288,6.75,0,28,0,203.7,3.5,7.9,66.3,0.00,1,13.7,-13.5
8.80,cruise,337.30,12.70,0.233,1,2399.7,-3264.0,-3068.2,6092.5,0.09,0.26,74,65,-1,28.5,28.3,3.9,3.8,-0.03,-0.01,0.00,0.00,0.00,0.00,0.01,0.28,100,-1,0,6,-7.1,0.13,0.233,0.244,6.48,0,28,0,204.3,5.6,12.2,65.7,0.00,1,13.7,-13.5
8.90,cruise,337.87,12.13,0.235,1,2399.7,-3264.0,-3068.2,6092.5,0.09,0.18,72,65,-1,29.0,28.7,5.7,5.5,0.05,0.06,0.00,0.00,0.00,0.00,0.03,0.19,100,-1,0,6,-5.4,0.11,0.235,0.266,6.17,0,28,0,204.8,8.1,17.2,65.3,0.00,1,16.5,-16.4
9.00,cruise,338.41,11.59,0.239,1,2399.7,-3264.0,-3068.2,6092.5,0.00,0.26,71,65,-1,29.5,29.1,7.6,7.4,0.10,0.11,0.02,0.00,0.00,0.00,0.03,0.19,100,-1,0,7,-2.3,0.09,0.239,0.295,5.87,0,28,0,205.0,10.9,22.4,65.2,0.00,1,19.1,-19.5
9.10,cruise,338.90,11.10,0.244,1,2399.7,-3264.0,-3068.2,6092.5,0.00,0.26,70,64,-1,30.1,29.4,9.6,9.4,0.13,0.12,0.11,0.00,0.00,0.00,-0.09,0.25,100,-1,0,6,-2.3,0.07,0.244,0.312,5.56,0,28,0,205.0,13.7,27.6,65.3,0.00,1,19.1,-19.5
9.20,cruise,339.37,10.63,0.251,1,2399.7,-3263.9,-3068.2,6092.4,0.00,0.44,70,64,-1,30.7,29.8,11.4,11.3,0.13,0.10,0.20,0.00,0.00,0.00,-0.15,0.41,100,-1,0,6,-0.7,0.05,0.251,0.312,5.25,0,28,0,204.8,16.4,32.4,65.6,0.00,1,18.5,-19.2
9.30,cruise,339.80,10.20,0.261,1,2399.7,-3263.9,-3068.2,6092.4,-0.09,0.62,69,64,-1,31.2,30.1,13.1,13.1,0.11,0.05,0.27,0.00,0.00,0.00,-0.30,0.54,100,-1,0,6,0.7,0.03,0.261,0.305,4.92,0,28,0,204.5,18.7,36.7,66.0,0.00,1,16.7,-17.7
9.40,cruise,340.20,9.80,0.272,1,2399.6,-3263.7,-3068.2,6092.3,-0.35,1.23,69,64,-1,31.8,30.4,14.6,14.8,0.08,0.00,0.34,0.00,0.00,0.00,-0.59,0.81,100,-1,0,5,2.8,0.01,0.272,0.293,4.58,0,28,0,204.1,20.8,40.4,66.6,0.00,1,12.9,-13.3
9.50,cruise,340.58,9.42,0.282,1,2399.6,-3263.7,-3068.1,6092.2,-0.35,1.23,69,65,-1,32.3,30.7,15.8,16.2,0.04,-0.03,0.40,0.00,0.00,0.00,-0.77,1.02,100,-1,0,4,2.8,-0.00,0.282,0.301,4.29,0,28,0,203.5,22.5,43.5,67.2,0.00,1,12.9,-13.3
9.60,cruise,340.94,9.06,0.289,1,2399.6,-3263.5,-3068.1,6092.0,-0.44,1.67,69,65,-1,32.9,31.0,17.0,17.4,-0.01,-0.06,0.45,0.00,0.00,0.00,-1.00,1.40,100,-1,0,4,3.7,-0.02,0.289,0.308,4.05,0,28,0,202.9,23.8,46.3,68.0,0.00,1,11.8,-10.7
9.70,cruise,341.29,8.71,0.295,1,2399.5,-3263.1,-3068.0,6091.8,-0.70,2.55,69,65,-1,33.4,31.3,18.0,18.4,-0.04,-0.07,0.50,0.00,0.00,0.00,-1.29,1.67,100,-1,0,3,4.7,-0.03,0.295,0.326,3.84,0,28,0,202.1,25.0,48.9,68.8,0.00,1,11.4,-6.9
9.80,cruise,341.62,8.38,0.298,1,2399.4,-3262.8,-3068.0,6091.6,-0.88,2.99,70,65,-1,34.0,31.6,19.1,19.3,-0.05,-0.08,0.54,0.00,0.00,0.00,-1.55,2.14,100,-1,0,2,4.9,-0.04,0.298,0.336,3.70,0,28,0,201.3,25.9,51.3,69.6,0.00,1,11.9,-6.3
9.90,cruise,341.94,8.06,0.302,1,2399.4,-3262.8,-3067.9,6091.3,-0.88,2.99,70,69,-1,34.5,31.9,20.2,20.3,-0.05,-0.06,0.59,0.00,0.00,0.00,-1.83,2.52,100,-1,0,1,4.9,-0.05,0.302,0.335,3.55,0,28,0,200.4,26.9,53.7,70.6,0.00,1,11.9,-6.3
10.00,cruise,342.24,7.76,0.307,1,2399.3,-3262.5,-3067.8,6091.0,-1.05,3.34,71,69,-1,35.0,32.0,21.5,21.3,-0.02,-0.03,0.63,0.00,0.00,0.00,-2.07,2.83,100,-1,0,0,5.0,-0.06,0.307,0.323,3.40,0,28,0,199.4,27.9,56.4,71.6,0.00,1,13.2,-6.9
10.10,cruise,342.53,7.47,0.310,1,2399.0,-3261.7,-3067.7,6090.6,-1.41,4.31,72,69,-1,35.6,32.2,23.0,22.5,0.01,-0.01,0.69,0.00,0.00,0.00,-2.35,3.31,100,-1,0,-1,4.8,-0.07,0.311,0.315,3.32,0,28,0,198.3,29.0,59.2,72.7,0.00,1,15.5,-8.3
10.20,cruise,342.80,7.20,0.316,1,2399.0,-3261.7,-3067.5,6090.2,-1.41,4.31,73,69,-1,36.2,32.4,24.5,23.8,0.03,0.01,0.75,0.00,0.00,0.00,-2.60,3.71,100,-1,0,-2,4.8,-0.07,0.316,0.329,3.22,0,28,0,197.1,30.2,62.0,73.8,0.00,1,15.5,-8.3
10.30,cruise,343.06,6.94,0.325,1,2398.9,-3261.2,-3067.4,6089.7,-1.58,4.83,75,73,-1,36.8,32.5,26.1,25.1,0.04,0.03,0.80,0.00,0.00,0.00,-2.79,4.25,100,-1,0,-3,4.4,-0.08,0.325,0.348,3.07,0,28,0,196.0,31.3,64.8,74.9,0.00,1,15.9,-8.5
10.40,cruise,343.29,6.71,0.336,1,2398.7,-3260.7,-3067.2,6089.2,-1.85,5.36,76,73,-1,37.4,32.6,27.7,26.4,0.05,0.04,0.86,0.00,0.00,0.00,-3.05,4.78,100,-1,0,-4,4.1,-0.08,0.336,0.366,2.90,0,28,0,194.8,32.4,67.4,76.1,0.00,1,16.1,-8.5
10.50,cruise,343.52,6.48,0.348,1,2398.5,-3260.1,-3067.0,6088.6,-2.11,5.89,78,73,-1,37.9,32.7,29.3,27.6,0.05,0.03,0.92,0.00,0.00,0.00,-3.27,5.33,100,-1,0,-5,3.5,-0.08,0.348,0.377,2.73,0,28,0,193.6,33.4,69.8,77.2,0.00,1,15.5,-7.9
10.60,cruise,343.73,6.27,0.359,1,2398.2,-3259.5,-3066.7,6088.0,-2.46,6.50,80,73,-1,38.5,32.8,30.8,28.7,0.03,0.03,0.97,0.00,0.00,0.00,-3.58,5.96,100,-1,0,-6,2.7,-0.08,0.360,0.383,2.59,0,28,0,192.5,34.2,71.9,78.2,0.00,1,14.8,-6.6
10.70,cruise,343.94,6.06,0.369,1,2397.7,-3258.0,-3066.5,6087.3,-3.25,7.91,82,77,-1,39.2,32.9,32.2,29.6,0.02,0.02,1.00,0.00,0.00,0.00,-3.78,6.75,100,-1,0,-7,0.5,-0.07,0.369,0.384,2.48,0,28,0,191.6,34.9,73.6,79.1,0.00,1,12.8,-4.2
10.80,cruise,344.15,5.85,0.377,1,2397.7,-3258.0,-3066.2,6086.5,-3.25,7.91,84,77,-1,39.8,33.0,33.6,30.4,0.00,0.02,1.00,0.00,0.00,0.00,-4.04,7.54,100,-1,0,-8,0.5,-0.06,0.377,0.387,2.40,0,28,0,190.8,35.5,75.1,79.9,0.00,1,12.8,-4.2
10.90,cruise,344.35,5.65,0.384,1,2397.3,-3257.1,-3065.8,6085.6,-3.69,8.70,86,77,-1,40.4,33.1,34.9,31.0,-0.01,0.02,1.00,0.00,0.00,0.00,-4.26,8.44,100,-1,0,-9,-0.8,-0.05,0.384,0.395,2.32,0,28,0,190.1,36.0,76.2,80.4,0.00,1,12.0,-3.5
11.00,cruise,344.54,5.46,0.392,1,2396.9,-3256.2,-3065.4,6084.7,-4.13,9.40,88,77,-1,41.0,33.2,36.1,31.5,-0.02,0.02,1.00,0.00,0.00,0.00,-4.45,9.26,100,-1,0,-9,-2.0,-0.04,0.393,0.407,2.23,0,28,0,189.6,36.4,77.1,80.9,0.00,1,11.2,-2.9
11.10,cruise,344.73,5.27,0.402,1,2395.9,-3254.1,-3064.9,6083.7,-5.19,10.99,90,80,-1,41.7,33.3,37.3,31.9,-0.03,0.02,1.00,0.00,0.00,0.00,-4.64,10.21,100,-1,0,-9,-4.0,-0.03,0.402,0.419,2.12,0,28,0,189.2,36.8,77.8,81.2,0.00,1,9.0,-2.5
11.20,cruise,344.91,5.09,0.410,1,2395.4,-3253.0,-3064.4,6082.6,-5.71,11.78,92,80,-1,42.3,33.5,38.4,32.3,-0.03,0.01,1.00,0.00,0.00,0.00,-4.79,11.16,100,-1,0,-10,-4.9,-0.02,0.410,0.427,2.02,0,28,0,189.0,37.1,78.1,81.3,0.00,1,7.8,-3.3
11.30,cruise,345.09,4.91,0.416,1,2394.8,-3251.7,-3063.9,6081.5,-6.33,12.66,94,80,-1,42.9,33.6,39.5,32.6,-0.03,0.01,1.00,0.00,0.00,0.00,-4.92,12.13,100,-1,0,-10,-5.8,-0.01,0.416,0.433,1.97,0,28,0,189.0,37.6,78.3,81.3,0.00,1,7.0,-4.6
11.40,cruise,345.26,4.74,0.423,1,2394.8,-3251.7,-3063.3,6080.2,-6.33,12.66,95,80,-1,43.5,33.7,40.6,33.0,-0.02,0.01,1.00,0.00,0.00,0.00,-5.10,13.20,100,-1,0,-9,-5.8,0.00,0.423,0.438,1.93,0,28,0,189.2,38.2,78.4,81.1,0.00,1,7.0,-4.6
11.50,cruise,345.43,4.57,0.428,1,2393.4,-3249.0,-3062.6,6078.9,-7.56,14.41,97,80,-1,44.2,33.9,41.6,33.4,-0.02,0.02,1.00,0.00,0.00,0.00,-5.17,14.26,100,-1,0,-9,-6.9,0.01,0.428,0.443,1.93,0,28,0,189.4,38.9,78.4,80.8,0.00,1,6.0,-5.7
11.60,cruise,345.61,4.39,0.431,1,2393.4,-3249.0,-3061.9,6077.5,-7.56,14.41,98,80,-1,44.8,34.0,42.7,33.8,-0.02,0.02,1.00,0.00,0.00,0.00,-5.39,15.36,100,-1,0,-9,-6.9,0.02,0.431,0.447,1.95,0,28,0,189.7,39.6,78.3,80.5,0.00,1,6.0,-5.7
11.70,cruise,345.79,4.21,0.434,1,2392.6,-3247.5,-3061.1,6076.0,-8.17,15.38,100,80,-1,45.5,34.2,43.7,34.1,-0.02,0.02,1.00,0.00,0.00,0.00,-5.47,16.54,100,-1,0,-8,-7.2,0.03,0.434,0.452,1.97,0,28,0,190.1,40.3,78.2,80.2,0.00,1,5.6,-5.8
11.80,cruise,345.97,4.03,0.439,1,2390.8,-3244.2,-3060.2,6074.4,-9.40,17.23,101,80,-1,46.1,34.3,44.7,34.5,-0.02,0.02,1.00,0.00,0.00,0.00,-5.55,17.63,100,-1,0,-8,-7.3,0.03,0.439,0.457,1.96,0,28,0,190.5,41.0,78.0,79.8,0.00,1,5.0,-5.8
11.90,cruise,346.14,3.86,0.445,1,2389.8,-3242.4,-3059.3,6072.7,-10.02,18.19,102,78,-1,46.8,34.5,45.6,34.8,-0.02,0.02,1.00,0.00,0.00,0.00,-5.64,18.80,100,-1,0,-8,-7.3,0.03,0.445,0.463,1.94,0,28,0,190.9,41.7,77.8,79.3,0.00,1,4.7,-5.9
12.00,cruise,346.31,3.69,0.451,1,2389.8,-3242.4,-3058.3,6070.9,-10.02,18.19,103,78,-1,47.4,34.7,46.5,35.1,-0.02,0.02,1.00,0.00,0.00,0.00,-5.70,19.97,99,-1,0,-7,-7.3,0.04,0.451,0.468,1.90,0,28,0,191.3,42.4,77.7,78.9,0.00,1,4.7,-5.9
12.10,cruise,346.48,3.52,0.459,1,2388.7,-3240.5,-3057.2,6069.0,-10.63,19.16,104,78,-1,48.0,34.8,47.4,35.5,-0.02,0.01,1.00,0.00,0.00,0.00,-5.73,21.15,99,-1,0,-7,-6.8,0.03,0.459,0.473,1.85,0,28,0,191.7,43.1,77.6,78.5,0.00,1,4.4,-6.2
12.20,cruise,346.64,3.36,0.467,1,2386.4,-3236.4,-3056.1,6067.0,-11.95,21.18,105,78,-1,48.7,35.0,48.2,35.9,-0.01,0.01,1.00,0.00,0.00,0.00,-5.72,22.34,99,-1,0,-6,-5.5,0.03,0.467,0.475,1.80,0,28,0,192.1,44.0,77.5,78.2,0.00,1,3.1,-8.1
12.30,cruise,346.79,3.21,0.475,1,2385.2,-3234.2,-3054.9,6064.9,-12.57,22.24,106,76,-1,49.3,35.3,49.0,36.5,0.00,0.00,1.00,0.00,0.00,0.00,-5.82,23.62,99,-1,0,-6,-5.1,0.02,0.475,0.477,1.77,0,28,0,192.5,44.9,77.4,77.8,0.00,1,1.9,-8.6
12.40,cruise,346.95,3.05,0.482,1,2385.2,-3234.2,-3053.7,6062.7,-12.57,22.24,106,76,-1,49.9,35.6,49.6,37.1,0.00,-0.01,1.00,0.00,0.00,0.00,-5.78,24.88,99,-1,0,-6,-5.1,0.02,0.482,0.486,1.73,0,28,0,193.0,45.8,77.3,77.4,0.00,1,1.9,-8.6
12.50,cruise,347.10,2.90,0.487,1,2382.5,-3229.5,-3052.4,6060.4,-13.89,24.52,107,76,-1,50.5,36.0,50.2,37.7,0.00,-0.01,1.00,0.00,0.00,0.00,-5.68,26.23,99,-1,0,-5,-4.5,0.02,0.487,0.495,1.74,0,28,0,193.6,46.8,77.2,77.0,0.00,1,0.9,-8.7
12.60,cruise,347.26,2.74,0.490,1,2382.5,-3229.5,-3051.0,6058.0,-13.89,24.52,108,76,-1,51.1,36.4,50.7,38.3,0.00,-0.02,1.00,0.00,0.00,0.00,-5.62,27.61,99,-1,0,-5,-4.5,0.02,0.490,0.500,1.77,0,28,0,194.2,47.7,77.0,76.5,0.00,1,0.9,-8.7
12.70,cruise,347.43,2.57,0.494,1,2381.1,-3226.9,-3049.6,6055.4,-14.50,25.75,109,74,-1,51.7,36.9,51.3,38.9,0.00,-0.02,1.00,0.00,0.00,0.00,-5.53,29.03,99,-1,0,-4,-4.3,0.02,0.494,0.506,1.79,0,28,0,194.8,48.6,76.9,76.1,0.00,1,0.6,-8.7
12.80,cruise,347.59,2.41,0.499,1,2378.0,-3221.5,-3048.1,6052.8,-15.73,28.21,109,74,-1,52.3,37.3,51.8,39.4,0.00,-0.02,1.00,0.00,0.00,0.00,-5.39,30.46,99,-1,0,-4,-4.1,0.02,0.499,0.512,1.79,0,28,0,195.4,49.5,76.7,75.7,0.00,1,0.1,-8.5
12.90,cruise,347.75,2.25,0.510,1,2378.0,-3221.5,-3046.5,6050.0,-15.73,28.21,110,74,-1,52.9,37.8,52.3,40.0,0.00,-0.03,1.00,0.00,0.00,0.00,-5.20,31.88,99,-1,0,-4,-4.1,0.03,0.510,0.525,1.77,0,28,0,196.1,50.4,76.6,75.3,0.00,1,0.1,-8.5
13.00,cruise,347.91,2.09,0.540,1,2376.4,-3218.6,-3044.9,6047.1,-16.35,29.44,111,74,-1,53.5,38.3,52.7,40.5,0.00,-0.03,1.00,0.00,0.00,0.00,-4.97,33.31,99,-1,0,-3,-4.1,0.03,0.540,0.557,1.75,0,28,0,196.8,51.3,76.4,74.8,0.00,1,-0.1,-8.4
13.10,cruise,348.06,1.94,0.570,1,2374.7,-3215.5,-3043.2,6044.0,-16.88,30.76,111,71,-1,54.2,38.8,53.1,41.0,0.00,-0.03,1.00,0.00,0.00,0.00,-4.76,34.76,99,-1,0,-3,-3.9,0.03,0.570,0.589,1.71,0,28,0,197.5,52.2,76.2,74.4,0.00,1,-0.3,-8.3
13.20,cruise,348.21,1.79,0.600,1,2371.2,-3209.0,-3041.5,6040.9,-17.93,33.49,111,71,-1,54.8,39.2,53.7,41.6,0.01,-0.02,1.00,0.00,0.00,0.00,-4.50,36.14,99,-1,0,-2,-2.7,0.02,0.600,0.618,1.70,0,28,0,198.1,53.1,76.2,74.1,0.00,1,1.4,-8.0
13.30,cruise,348.37,1.63,0.600,1,2369.4,-3205.6,-3039.7,6037.5,-18.54,34.98,112,71,-1,55.4,39.8,54.2,42.3,0.01,-0.02,1.00,0.00,0.00,0.00,-4.06,37.77,99,-1,0,-2,-1.9,0.02,0.600,0.620,1.76,0,28,0,198.4,53.9,76.4,74.0,0.00,1,2.5,-7.8
13.40,cruise,348.54,1.46,0.600,1,2369.4,-3205.6,-3037.9,6034.1,-18.54,34.98,113,71,-1,56.1,40.3,54.9,43.2,0.02,-0.01,1.00,0.00,0.00,0.00,-3.58,39.43,99,-1,0,-2,-1.9,0.01,0.600,0.620,1.88,0,28,0,198.6,54.8,76.6,74.1,0.00,1,2.5,-7.8
13.50,cruise,348.72,1.28,0.600,1,2365.5,-3198.2,-3036.0,6030.5,-19.69,38.23,113,70,-1,56.9,40.9,55.7,44.1,0.03,-0.01,1.00,0.00,0.00,0.00,-3.01,41.17,99,-1,0,-3,-0.9,-0.00,0.600,0.619,2.01,0,28,0,198.5,55.6,77.1,74.4,0.00,1,4.3,-6.9
13.60,cruise,348.90,1.10,0.600,1,2365.5,-3198.2,-3034.0,6026.7,-19.69,38.23,114,70,-1,57.7,41.5,56.5,45.0,0.03,-0.01,1.00,0.00,0.00,0.00,-2.19,42.95,99,-1,0,-3,-0.9,-0.01,0.600,0.620,2.10,0,28,0,198.3,56.3,77.6,74.7,0.00,1,4.3,-6.9
13.70,cruise,349.10,0.90,0.600,1,2363.5,-3194.2,-3032.0,6022.7,-20.30,39.81,115,70,-1,58.4,42.2,57.1,45.9,0.02,-0.02,1.00,0.00,0.00,0.00,-1.37,44.67,99,-1,0,-3,-0.7,-0.02,0.600,0.621,2.16,0,28,0,198.0,56.9,78.0,75.1,0.00,1,4.1,-5.6
13.80,cruise,349.30,0.70,0.600,1,2359.3,-3185.9,-3030.0,6018.6,-21.36,43.07,116,70,-1,59.2,42.9,57.7,46.5,0.01,-0.02,1.00,0.00,0.00,0.00,-0.36,46.42,99,-1,0,-4,-0.4,-0.02,0.600,0.623,2.19,0,28,0,197.7,57.4,78.4,75.5,0.00,1,3.7,-3.0
13.90,cruise,349.51,0.49,0.600,1,2357.2,-3181.4,-3027.8,6014.4,-21.97,44.74,117,72,-1,59.9,43.6,58.2,47.1,0.01,-0.03,1.00,0.00,0.00,0.00,0.77,48.07,99,-1,0,-4,-0.3,-0.02,0.600,0.624,2.21,0,28,0,197.4,57.7,78.8,75.8,0.00,1,4.0,-2.4
14.00,cruise,349.71,0.29,0.600,1,2354.9,-3176.9,-3025.7,6009.9,-22.50,46.32,118,72,-1,60.7,44.4,58.8,47.6,0.01,-0.03,1.00,0.00,0.00,0.00,1.90,49.80,99,-1,0,-5,-0.3,-0.03,0.600,0.624,2.20,0,28,0,196.9,57.9,79.2,76.2,0.00,1,5.0,-2.3
14.10,cruise,349.91,0.09,0.600,1,2354.9,-3176.9,-3023.4,6005.4,-22.50,46.32,119,72,-1,61.5,45.0,59.4,48.3,0.01,-0.03,1.00,0.00,0.00,0.00,3.15,51.40,99,-1,0,-5,-0.3,-0.03,0.600,0.621,2.17,0,28,0,196.2,58.2,79.8,76.8,0.00,1,5.0,-2.3
14.20,cruise,350.10,-0.10,0.500,1,2352.6,-3172.1,-3021.1,6000.6,-23.03,47.90,121,72,-1,62.3,45.6,60.2,49.0,0.02,-0.02,1.00,0.00,0.00,0.00,4.49,52.96,99,-1,0,-6,-0.8,-0.03,0.500,0.517,2.14,0,28,0,195.4,58.5,80.4,77.5,0.00,1,6.3,-2.2
14.30,cruise,350.28,-0.28,0.444,1,2347.9,-3162.1,-3018.8,5995.7,-24.08,50.89,122,75,-1,63.1,46.1,61.2,49.8,0.02,-0.00,1.00,0.00,0.00,0.00,6.15,54.46,99,-1,0,-7,-2.3,-0.03,0.444,0.455,2.09,0,28,0,194.4,58.8,81.1,78.2,0.00,1,8.8,-2.1
14.40,cruise,350.45,-0.45,0.444,1,2347.9,-3162.1,-3016.4,5990.6,-24.08,50.89,123,75,-1,63.8,46.5,62.3,50.6,0.03,0.01,1.00,0.00,0.00,0.00,7.81,55.76,99,-1,0,-7,-2.3,-0.02,0.444,0.460,1.93,0,28,0,193.4,59.1,81.9,79.0,0.00,1,8.8,-2.1
14.50,cruise,350.57,-0.57,0.460,1,2343.0,-3151.7,-3014.0,5985.5,-24.79,53.00,125,75,-1,64.4,46.7,63.3,51.4,0.03,0.01,1.00,0.00,0.00,0.00,9.54,56.69,99,-1,0,-8,-2.9,-0.03,0.460,0.479,1.58,0,28,0,192.3,59.4,82.6,79.9,0.00,1,8.7,-1.9
14.60,cruise,350.65,-0.65,0.490,1,2340.5,-3146.3,-3011.5,5980.2,-25.14,54.05,126,75,-1,64.9,46.7,64.3,52.2,0.03,0.02,1.00,0.00,0.00,0.00,11.22,57.42,99,-1,0,-9,-3.4,-0.03,0.490,0.511,1.14,0,28,0,191.2,59.6,83.4,80.7,0.00,1,8.4,-1.2
14.70,cruise,350.69,-0.69,0.520,1,2340.5,-3146.3,-3009.0,5974.8,-25.14,54.05,128,79,-1,65.3,46.7,65.3,52.9,0.02,0.01,1.00,0.00,0.00,0.00,13.19,58.13,99,-1,0,-10,-3.4,-0.03,0.520,0.536,0.69,0,28,0,190.3,59.8,84.0,81.4,0.00,1,8.4,-1.2
14.80,cruise,350.69,-0.69,0.550,1,2337.9,-3140.8,-3006.4,5969.3,-25.58,55.20,129,79,-1,65.6,46.3,66.2,53.4,0.01,0.01,1.00,0.00,0.00,0.00,15.08,58.93,99,-1,0,-10,-4.0,-0.02,0.550,0.565,0.28,0,28,0,189.4,59.8,84.5,82.0,0.00,1,7.8,-0.3
14.90,cruise,350.66,-0.66,0.580,1,2332.7,-3129.5,-3003.9,5963.7,-26.54,57.74,131,79,-1,65.6,45.6,66.9,53.7,0.01,0.01,1.00,0.00,0.00,0.00,16.94,59.78,99,-1,0,-11,-5.2,-0.02,0.580,0.590,-0.11,0,28,0,188.7,59.8,84.9,82.5,0.00,1,6.7,1.5
15.00,cruise,350.60,-0.60,0.600,1,2330.0,-3123.6,-3001.2,5958.0,-27.16,59.24,132,79,-1,65.7,44.8,67.6,53.8,0.01,0.01,1.00,0.00,0.00,0.00,18.69,60.74,99,-1,0,-11,-5.5,-0.02,0.600,0.610,-0.46,0,28,0,188.0,59.7,85.3,82.9,0.00,1,6.4,1.8
15.10,cruise,350.51,-0.51,0.600,1,2327.2,-3117.5,-2998.5,5952.1,-27.86,60.73,133,81,-1,65.7,44.0,68.3,53.9,0.01,0.01,1.00,0.00,0.00,0.00,20.53,61.85,99,-1,0,-11,-5.7,-0.01,0.600,0.612,-0.79,0,28,0,187.5,59.6,85.6,83.2,0.00,1,5.5,2.0
15.20,cruise,350.39,-0.39,0.600,1,2327.2,-3117.5,-2995.7,5946.0,-27.86,60.73,134,81,-1,65.7,43.1,68.8,53.8,0.00,0.01,1.00,0.00,0.00,0.00,22.17,63.03,99,-1,0,-12,-5.7,-0.01,0.600,0.607,-1.11,0,28,0,187.2,59.4,85.7,83.3,0.00,1,5.5,2.0
15.30,cruise,350.24,-0.24,0.612,1,2324.4,-3111.4,-2992.9,5939.9,-28.56,62.23,135,81,-1,65.6,42.3,69.2,53.5,-0.00,0.00,1.00,0.00,0.00,0.00,23.64,64.26,99,-1,0,-11,-5.8,-0.01,0.612,0.614,-1.41,0,28,0,187.1,59.2,85.8,83.2,0.00,1,4.0,2.2
15.40,cruise,350.07,-0.07,0.635,1,2318.5,-3098.5,-2990.0,5933.5,-29.97,65.30,135,81,-1,65.5,41.5,69.4,53.0,-0.01,-0.01,1.00,0.00,0.00,0.00,24.93,65.54,99,-1,0,-11,-5.9,-0.01,0.635,0.643,-1.72,0,28,0,187.3,59.0,85.6,82.9,0.00,1,1.7,2.5
15.50,cruise,349.87,0.13,0.659,1,2315.5,-3091.9,-2987.0,5927.0,-30.76,66.88,136,81,-1,65.3,40.6,69.5,52.4,-0.01,-0.01,1.00,0.00,0.00,0.00,26.09,66.95,99,-1,0,-11,-5.9,-0.00,0.659,0.669,-2.01,0,28,0,187.6,58.8,85.4,82.4,0.00,1,1.3,2.6
15.60,cruise,349.65,0.35,0.683,1,2315.5,-3091.9,-2984.0,5920.4,-30.76,66.88,136,81,-1,65.2,39.8,69.6,51.7,-0.01,-0.01,1.00,0.00,0.00,0.00,27.00,68.49,99,-1,0,-10,-5.9,-0.00,0.683,0.693,-2.28,0,28,0,187.9,58.6,85.2,81.9,0.00,1,1.3,2.6
15.70,cruise,349.40,0.60,0.707,1,2312.3,-3085.1,-2980.8,5913.6,-31.55,68.47,136,81,-1,65.0,38.9,69.8,51.0,-0.01,-0.00,1.00,0.00,0.00,0.00,27.76,70.09,99,-1,0,-10,-5.9,0.00,0.707,0.712,-2.53,0,28,0,188.2,58.4,84.9,81.4,0.00,1,1.3,2.3
15.80,cruise,349.13,0.87,0.731,1,2305.8,-3070.9,-2977.6,5906.6,-33.31,71.98,136,81,-1,64.7,38.1,69.9,50.3,-0.01,0.00,1.00,0.00,0.00,0.00,28.43,71.94,99,-1,0,-9,-5.8,0.01,0.731,0.736,-2.74,0,28,0,188.6,58.3,84.7,80.8,0.00,1,0.9,2.2
15.90,cruise,348.84,1.16,0.753,1,2305.8,-3070.9,-2974.3,5899.4,-33.31,71.98,136,80,-1,64.5,37.2,70.0,49.5,-0.01,0.00,1.00,0.00,0.00,0.00,28.88,73.87,99,-1,0,-8,-5.8,0.01,0.753,0.760,-2.91,0,28,0,189.0,58.1,84.4,80.2,0.00,1,0.9,2.2
16.00,cruise,348.54,1.46,0.776,1,2302.4,-3063.6,-2970.9,5892.1,-34.28,73.74,136,80,-1,64.2,36.4,70.0,48.8,-0.01,0.01,1.00,0.00,0.00,0.00,29.13,75.92,99,-1,0,-8,-5.8,0.01,0.776,0.784,-3.06,0,28,0,189.5,58.0,84.0,79.5,0.00,1,0.5,1.7
16.10,cruise,348.24,1.76,0.796,1,2295.3,-3048.4,-2967.4,5884.6,-36.30,77.61,136,80,-1,64.0,35.6,70.1,47.9,-0.01,0.01,1.00,0.00,0.00,0.00,29.37,78.14,99,-1,0,-7,-5.6,0.02,0.796,0.806,-3.16,0,28,0,190.0,57.9,83.7,78.7,0.00,1,-0.3,1.3
16.20,cruise,347.92,2.08,0.800,1,2295.3,-3048.4,-2963.8,5876.9,-36.30,77.61,135,80,-1,63.7,34.9,70.0,47.0,-0.01,0.01,1.00,0.00,0.00,0.00,29.40,80.48,99,-1,0,-6,-5.6,0.02,0.800,0.810,-3.23,0,28,0,190.6,57.8,83.3,77.8,0.00,1,-0.3,1.3
16.30,cruise,347.61,2.39,0.800,1,2291.6,-3040.5,-2960.1,5869.0,-37.35,79.54,135,78,-1,63.4,34.2,70.0,46.1,-0.01,0.00,1.00,0.00,0.00,0.00,29.11,82.91,99,-1,0,-5,-5.6,0.03,0.800,0.810,-3.29,0,28,0,191.3,57.8,82.8,76.8,0.00,1,-1.0,1.1
16.40,cruise,347.29,2.71,0.800,1,2287.8,-3032.4,-2956.3,5860.9,-38.41,81.56,134,78,-1,63.1,33.7,69.7,44.9,-0.01,-0.00,1.00,0.00,0.00,0.00,28.68,85.47,99,-1,0,-4,-5.6,0.04,0.800,0.811,-3.32,0,28,0,192.2,57.7,82.2,75.6,0.00,1,-2.2,0.9
16.50,cruise,346.98,3.02,0.800,1,2279.8,-3015.6,-2952.3,5852.6,-40.52,85.52,133,78,-1,62.7,33.3,69.5,43.6,-0.01,-0.00,1.00,0.00,0.00,0.00,28.03,88.08,99,-1,0,-3,-5.4,0.05,0.800,0.813,-3.33,0,28,0,193.3,57.7,81.5,74.2,0.00,1,-3.5,-0.5
16.60,cruise,346.66,3.34,0.800,1,2275.7,-3006.9,-2948.3,5844.1,-41.57,87.54,132,78,-1,62.4,32.9,69.2,42.5,-0.01,-0.00,1.00,0.00,0.00,0.00,27.14,90.65,99,-1,0,-1,-5.5,0.06,0.800,0.812,-3.31,0,28,0,194.4,57.8,80.8,72.8,0.00,1,-3.9,-1.6
16.70,cruise,346.35,3.65,0.800,1,2275.7,-3006.9,-2944.2,5835.4,-41.57,87.54,131,73,-1,62.1,32.5,68.9,41.3,-0.01,-0.00,1.00,0.00,0.00,0.00,25.78,93.42,99,-1,0,0,-5.5,0.07,0.800,0.812,-3.28,0,28,0,195.6,58.0,80.1,71.3,0.00,1,-3.9,-1.6
16.80,cruise,346.05,3.95,0.800,1,2267.1,-2988.9,-2940.0,5826.5,-43.51,91.41,130,73,-1,61.8,32.2,68.6,40.2,-0.01,-0.00,1.00,0.00,0.00,0.00,24.31,96.04,99,-1,0,2,-5.3,0.08,0.800,0.811,-3.24,0,28,0,196.9,58.4,79.4,69.8,0.00,1,-4.6,-3.7
16.90,cruise,345.75,4.25,0.800,1,2262.7,-2979.6,-2935.6,5817.4,-44.47,93.34,128,73,-1,61.5,32.0,68.3,39.3,-0.01,-0.00,1.00,0.00,0.00,0.00,22.75,98.64,99,-1,0,3,-4.6,0.09,0.800,0.810,-3.17,0,28,0,198.3,58.8,78.7,68.3,0.00,1,-5.1,-5.4
17.00,cruise,345.46,4.54,0.800,1,2258.2,-2970.1,-2931.2,5808.1,-45.44,95.19,127,73,-1,61.1,31.8,68.0,38.6,-0.01,0.00,1.00,0.00,0.00,0.00,21.18,101.20,99,-1,0,5,-3.6,0.09,0.800,0.808,-3.09,0,28,0,199.8,59.4,78.0,66.8,0.00,1,-5.4,-7.3
17.10,cruise,345.17,4.83,0.800,1,2258.2,-2970.1,-2926.7,5798.6,-45.44,95.19,126,68,-1,60.8,31.7,67.7,38.2,-0.00,0.00,1.00,0.00,0.00,0.00,18.98,103.75,99,-1,0,6,-3.6,0.09,0.800,0.805,-2.98,0,28,0,201.4,60.2,77.3,65.5,0.00,1,-5.4,-7.3
17.20,cruise,344.89,5.11,0.800,1,2253.6,-2960.4,-2922.1,5788.9,-46.32,97.12,125,68,-1,60.5,31.7,67.4,38.2,0.00,0.01,1.00,0.00,0.00,0.00,17.13,106.23,99,-1,0,7,-2.4,0.08,0.800,0.808,-2.85,0,28,0,203.1,61.2,76.8,64.4,0.00,1,-5.7,-9.4
17.30,cruise,344.63,5.37,0.800,1,2244.1,-2940.6,-2917.4,5779.1,-47.81,100.90,124,68,-1,60.2,31.8,67.0,38.4,0.01,-0.00,1.00,0.00,0.00,0.00,15.54,108.50,99,-1,0,8,0.4,0.07,0.800,0.808,-2.72,0,28,0,205.1,62.2,76.1,63.3,0.00,1,-9.0,-11.7
17.40,cruise,344.38,5.62,0.800,1,2239.3,-2930.3,-2912.6,5769.1,-48.52,102.83,123,68,-1,59.8,32.1,66.4,38.6,0.01,-0.02,1.00,0.00,0.00,0.00,14.24,110.74,99,-1,0,9,1.6,0.06,0.800,0.822,-2.60,0,28,0,207.4,63.3,75.4,62.2,0.00,1,-10.7,-11.4
17.50,cruise,344.14,5.86,0.800,1,2239.3,-2930.3,-2907.8,5758.8,-48.52,102.83,121,59,-1,59.5,32.6,65.6,38.8,0.01,-0.03,1.00,0.00,0.00,0.00,11.68,113.10,99,-1,0,11,1.6,0.05,0.800,0.832,-2.47,0,28,0,209.9,64.2,74.5,61.1,0.00,1,-10.7,-11.4
17.60,cruise,343.93,6.07,0.800,1,2234.4,-2919.9,-2902.9,5748.4,-49.04,104.77,120,59,-1,59.2,33.0,64.9,39.1,0.01,-0.03,1.00,0.00,0.00,0.00,9.51,115.28,99,-1,0,11,2.5,0.05,0.800,0.836,-2.28,0,28,0,212.3,65.2,73.7,60.3,0.00,1,-10.8,-10.9
17.70,cruise,343.73,6.27,0.800,1,2224.5,-2898.5,-2898.0,5737.8,-49.83,108.54,119,59,-1,58.9,33.4,64.2,39.7,0.02,-0.02,1.00,0.00,0.00,0.00,7.73,117.28,99,-1,0,12,4.9,0.04,0.800,0.836,-2.05,0,28,0,214.4,66.0,73.1,59.7,0.00,1,-8.0,-10.8
17.80,cruise,343.55,6.45,0.800,1,2224.5,-2898.5,-2893.0,5727.0,-49.83,108.54,118,59,-1,58.6,33.8,63.7,40.7,0.03,-0.01,1.00,0.00,0.00,0.00,6.51,119.26,99,-1,0,12,4.9,0.03,0.800,0.836,-1.77,0,28,0,216.3,66.9,72.6,59.5,0.00,1,-8.0,-10.8
17.90,cruise,343.40,6.60,0.800,1,2214.5,-2876.3,-2888.0,5716.0,-50.27,112.32,116,51,-1,58.4,34.1,63.4,41.9,0.04,-0.00,1.00,0.00,0.00,0.00,4.02,121.24,99,-1,0,12,8.3,0.01,0.800,0.837,-1.47,0,28,0,217.6,67.7,72.5,59.8,0.00,1,-4.9,-9.2
18.00,cruise,343.27,6.73,0.800,1,2209.4,-2864.9,-2883.0,5704.8,-50.36,114.26,115,51,-1,58.2,34.6,63.1,43.3,0.05,-0.00,1.00,0.00,0.00,0.00,2.29,123.04,99,-1,0,11,9.9,-0.02,0.800,0.842,-1.18,0,28,0,218.5,68.3,72.4,60.4,0.00,1,-4.6,-6.7
18.10,cruise,343.17,6.83,0.800,1,2209.4,-2864.9,-2877.9,5693.4,-50.36,114.26,114,51,-1,57.9,35.1,62.7,44.4,0.05,-0.01,1.00,0.00,0.00,0.00,1.21,124.86,99,-1,0,11,9.9,-0.04,0.800,0.849,-0.91,0,28,0,218.9,68.5,72.4,61.1,0.00,1,-4.6,-6.7
18.20,cruise,343.11,6.89,0.800,1,2199.4,-2841.6,-2872.9,5681.8,-50.36,118.04,114,51,-1,57.7,35.7,62.1,45.4,0.05,-0.02,1.00,0.00,0.00,0.00,0.50,126.55,99,-1,0,10,11.6,-0.06,0.800,0.855,-0.65,0,28,0,218.9,68.5,72.4,61.9,0.00,1,-4.6,-0.0
18.30,cruise,343.07,6.93,0.800,1,2194.3,-2829.6,-2867.9,5670.1,-50.36,119.88,113,51,-1,57.6,36.3,61.3,45.9,0.04,-0.04,1.00,0.00,0.00,0.00,-0.38,128.33,99,-1,0,9,11.6,-0.08,0.800,0.861,-0.40,0,28,0,218.3,68.0,72.3,62.7,0.00,1,-4.6,3.7
18.40,cruise,343.07,6.93,0.800,1,2194.3,-2829.6,-2862.8,5658.1,-50.36,119.88,112,51,-1,57.4,37.0,60.4,46.0,0.03,-0.05,1.00,0.00,0.00,0.00,-1.46,130.02,99,-1,0,8,11.6,-0.08,0.800,0.862,-0.13,0,28,0,217.3,67.2,72.2,63.4,0.00,1,-4.6,3.7
18.50,cruise,343.11,6.89,0.800,1,2189.3,-2817.5,-2857.8,5646.0,-50.27,121.73,111,51,-1,57.3,37.6,59.4,45.7,0.01,-0.06,1.00,0.00,0.00,0.00,-2.84,131.67,99,-1,0,8,10.4,-0.07,0.800,0.859,0.19,0,28,0,216.0,66.1,72.1,64.1,0.00,1,-4.2,7.0
18.60,cruise,343.20,6.80,0.800,1,2179.2,-2792.7,-2852.8,5633.7,-50.36,125.24,110,51,-1,57.3,38.1,58.5,45.2,0.00,-0.06,1.00,0.00,0.00,0.00,-4.70,133.24,99,-1,0,7,6.4,-0.05,0.800,0.849,0.55,0,28,0,214.6,64.8,72.1,64.7,0.00,1,-0.7,11.3
18.70,cruise,343.32,6.68,0.800,1,2179.2,-2792.7,-2847.7,5621.2,-50.36,125.24,110,56,-1,57.4,38.4,57.8,44.5,-0.00,-0.05,1.00,0.00,0.00,0.00,-4.85,134.90,99,-1,0,6,6.4,-0.03,0.800,0.843,0.95,0,28,0,212.9,63.5,72.2,65.3,0.00,1,-0.7,11.3
18.80,cruise,343.50,6.50,0.800,1,2169.1,-2767.3,-2842.7,5608.6,-50.54,128.58,109,56,-1,57.6,38.6,57.4,43.7,-0.01,-0.04,1.00,0.00,0.00,0.00,-5.30,136.44,99,-1,0,6,3.3,-0.01,0.800,0.836,1.41,0,28,0,210.9,62.1,72.5,66.1,0.00,1,5.3,13.8
18.90,cruise,343.71,6.29,0.800,1,2164.1,-2754.3,-2837.6,5595.8,-50.80,130.17,109,56,-1,57.9,38.6,57.3,43.1,-0.01,-0.02,1.00,0.00,0.00,0.00,-6.08,138.03,99,-1,0,5,2.2,-0.01,0.800,0.822,1.91,0,28,0,208.6,60.7,73.0,67.0,0.00,1,8.5,14.4
19.00,cruise,343.98,6.02,0.800,1,2164.1,-2754.3,-2832.6,5582.8,-50.80,130.17,108,56,-1,58.3,38.5,57.6,42.5,-0.01,-0.00,1.00,0.00,0.00,0.00,-6.91,139.56,99,-1,0,4,2.2,-0.00,0.800,0.805,2.43,0,28,0,206.1,59.4,73.8,68.2,0.00,1,8.5,14.4
19.10,cruise,344.29,5.71,0.800,1,2153.8,-2727.9,-2827.5,5569.6,-51.50,133.24,109,65,-1,58.7,38.2,58.1,42.0,-0.00,0.02,1.00,0.00,0.00,0.00,-4.73,141.14,99,-1,0,2,0.1,0.00,0.800,0.817,2.93,0,28,0,203.5,58.0,74.8,69.5,0.00,1,12.6,14.5
19.20,cruise,344.64,5.36,0.800,1,2148.6,-2714.4,-2822.3,5556.4,-52.12,134.65,110,65,-1,59.2,38.0,58.8,41.6,-0.00,0.03,1.00,0.00,0.00,0.00,-2.88,142.82,99,-1,0,1,-0.5,0.00,0.800,0.824,3.40,0,28,0,201.1,56.7,75.8,70.8,0.00,1,12.3,14.1
19.30,cruise,345.03,4.97,0.771,1,2143.4,-2700.9,-2817.1,5542.9,-52.73,136.14,111,65,-1,59.8,37.8,59.5,41.1,-0.00,0.03,1.00,0.00,0.00,0.00,-1.46,144.38,99,-1,0,-0,-1.0,0.00,0.771,0.796,3.83,0,28,0,198.9,55.5,76.8,72.0,0.00,1,11.2,14.1
19.40,cruise,345.47,4.53,0.736,1,2138.0,-2687.1,-2811.9,5529.4,-53.53,137.46,111,65,-1,60.3,37.7,60.1,40.5,-0.01,0.02,1.00,0.00,0.00,0.00,-0.26,146.00,99,-1,0,-1,-1.3,0.00,0.736,0.760,4.23,0,28,0,197.0,54.2,77.6,73.1,0.00,1,10.5,14.1
19.50,cruise,345.93,4.07,0.702,1,2138.0,-2687.1,-2806.5,5515.6,-53.53,137.46,112,74,-1,60.9,37.6,60.6,39.9,-0.01,0.02,1.00,0.00,0.00,0.00,2.32,147.50,99,-1,0,-2,-1.3,-0.00,0.702,0.727,4.57,0,28,0,195.3,52.9,78.3,74.0,0.00,1,10.5,14.1
19.60,cruise,346.43,3.57,0.671,1,2132.6,-2673.3,-2801.1,5501.8,-54.32,138.60,113,74,-1,61.5,37.6,61.1,39.1,-0.02,0.02,1.00,0.00,0.00,0.00,4.26,148.81,99,-1,0,-3,-1.6,-0.00,0.671,0.694,4.83,0,28,0,193.9,51.6,78.9,74.8,0.00,1,9.6,14.1
19.70,cruise,346.94,3.06,0.643,1,2121.6,-2645.3,-2795.6,5487.9,-55.90,140.54,114,74,-1,62.2,37.6,61.5,38.3,-0.02,0.01,1.00,0.00,0.00,0.00,5.70,150.00,99,-1,0,-4,-1.9,-0.01,0.643,0.666,5.00,0,28,0,192.7,50.3,79.4,75.5,0.00,1,8.1,13.8
19.80,cruise,347.46,2.54,0.616,1,2115.9,-2631.2,-2790.1,5473.8,-56.69,141.24,114,74,-1,62.8,37.7,61.9,37.4,-0.03,0.01,1.00,0.00,0.00,0.00,6.40,151.11,99,-1,0,-4,-2.1,-0.01,0.616,0.638,5.11,0,28,0,191.7,49.0,79.8,76.1,0.00,1,7.5,13.5
19.90,cruise,347.98,2.02,0.593,1,2110.2,-2617.1,-2784.4,5459.7,-57.39,141.86,115,78,-1,63.4,37.8,62.2,36.5,-0.03,0.00,1.00,0.00,0.00,0.00,7.54,152.01,99,-1,0,-5,-2.2,-0.01,0.593,0.614,5.15,0,28,0,190.8,47.7,80.2,76.6,0.00,1,6.8,13.1
20.00,cruise,348.50,1.50,0.573,1,2110.2,-2617.1,-2778.7,5445.6,-57.39,141.86,115,78,-1,64.0,38.0,62.6,35.5,-0.04,-0.00,1.00,0.00,0.00,0.00,8.16,152.81,99,-1,0,-5,-2.2,-0.01,0.573,0.595,5.12,0,28,0,190.1,46.5,80.4,77.0,0.00,1,6.8,13.1
20.10,cruise,349.01,0.99,0.555,1,2098.5,-2588.6,-2772.9,5431.3,-58.97,142.73,115,78,-1,64.6,38.1,62.9,34.5,-0.04,-0.01,1.00,0.00,0.00,0.00,8.16,153.51,99,-1,0,-5,-3.0,-0.01,0.555,0.579,5.05,0,28,0,189.5,45.4,80.6,77.2,0.00,1,5.8,11.0
20.20,cruise,349.51,0.49,0.539,1,2092.6,-2574.3,-2767.0,5417.1,-59.77,143.00,115,78,-1,65.2,38.3,63.2,33.5,-0.04,-0.01,1.00,0.00,0.00,0.00,7.75,154.24,99,-1,0,-6,-3.6,-0.00,0.539,0.566,4.93,0,28,0,189.1,44.4,80.7,77.3,0.00,1,5.7,9.8
20.30,cruise,349.98,0.02,0.526,1,2092.6,-2574.3,-2761.1,5402.8,-59.77,143.00,115,80,-1,65.7,38.4,63.6,32.6,-0.04,-0.00,1.00,0.00,0.00,0.00,7.30,154.81,99,-1,0,-6,-3.6,0.00,0.526,0.550,4.76,0,28,0,188.8,43.6,80.8,77.3,0.00,1,5.7,9.8
20.40,cruise,350.44,-0.44,0.515,1,2086.5,-2560.0,-2755.0,5388.5,-60.56,143.17,115,80,-1,66.2,38.4,64.0,31.8,-0.04,0.00,1.00,0.00,0.00,0.00,6.55,155.32,99,-1,0,-5,-4.1,0.01,0.515,0.537,4.56,0,28,0,188.6,42.9,80.8,77.2,0.00,1,5.7,7.7
20.45,cruise,350.65,-0.65,0.504,1,2080.4,-2545.6,-2755.0,5388.5,-61.26,143.26,115,80,-1,66.5,38.4,64.2,31.5,-0.04,0.00,1.00,0.00,0.00,0.00,6.36,155.32,99,-1,0,-5,-4.3,0.01,0.504,0.526,4.56,0,28,0,188.5,42.7,80.8,77.1,0.00,1,5.4,5.0
20.55,cruise,351.07,-1.07,0.495,1,2074.2,-2531.3,-2748.9,5374.1,-62.05,143.35,115,80,-1,67.0,38.4,64.7,31.0,-0.03,0.01,1.00,0.00,0.00,0.00,5.48,155.71,99,-1,0,-5,-4.5,0.02,0.495,0.516,4.35,0,28,0,188.5,42.5,80.8,76.9,0.00,1,5.1,2.1
20.65,cruise,351.45,-1.45,0.488,1,2068.0,-2517.0,-2742.7,5359.8,-62.75,143.35,115,81,-1,67.4,38.5,65.3,30.7,-0.03,0.01,1.00,0.00,0.00,0.00,4.56,156.14,99,-1,0,-5,-4.5,0.02,0.488,0.508,4.11,0,28,0,188.5,42.5,80.7,76.6,0.00,1,4.8,0.4
20.75,cruise,351.80,-1.80,0.484,1,2061.7,-2502.6,-2736.5,5345.5,-63.46,143.35,115,81,-1,67.8,38.4,65.8,30.5,-0.03,0.01,1.00,0.00,0.00,0.00,3.71,156.44,99,-1,0,-5,-4.3,0.02,0.484,0.503,3.81,0,28,0,188.5,42.7,80.8,76.3,0.00,1,4.5,-1.1
20.85,cruise,352.12,-2.12,0.483,1,2055.3,-2488.3,-2730.2,5331.1,-64.16,143.35,115,81,-1,68.2,38.4,66.3,30.5,-0.02,0.01,1.00,0.00,0.00,0.00,2.95,156.74,99,-1,0,-4,-3.8,0.02,0.483,0.500,3.50,0,28,0,188.6,42.9,80.8,76.0,0.00,1,4.2,-2.4
20.95,cruise,352.40,-2.40,0.484,1,2048.8,-2474.0,-2723.8,5316.8,-64.86,143.35,115,81,-1,68.5,38.4,66.8,30.6,-0.02,0.01,1.00,0.00,0.00,0.00,2.35,157.04,99,-1,0,-4,-3.0,0.02,0.484,0.496,3.17,0,28,0,188.6,43.4,80.9,75.8,0.00,1,3.4,-4.1
21.05,cruise,352.64,-2.64,0.488,1,2042.3,-2459.6,-2717.3,5302.5,-65.48,143.35,115,80,-1,68.8,38.5,67.2,31.0,-0.01,0.00,1.00,0.00,0.00,0.00,1.92,157.33,99,-1,0,-4,-2.5,0.01,0.488,0.495,2.80,0,28,0,188.7,43.9,81.0,75.7,0.00,1,2.5,-5.4
21.15,cruise,352.84,-2.84,0.494,1,2035.7,-2445.3,-2710.8,5288.1,-66.09,143.44,115,80,-1,69.0,38.5,67.5,31.4,-0.01,-0.00,1.00,0.00,0.00,0.00,1.77,157.59,99,-1,0,-4,-2.1,0.00,0.494,0.499,2.42,0,28,0,188.8,44.5,81.1,75.5,0.00,1,2.3,-5.8
21.25,cruise,353.00,-3.00,0.502,1,2029.0,-2430.9,-2704.2,5273.8,-66.75,143.53,115,80,-1,69.2,38.5,67.9,31.9,-0.01,-0.00,1.00,0.00,0.00,0.00,1.84,157.92,99,-1,0,-4,-1.8,-0.00,0.502,0.506,2.05,0,28,0,188.8,45.2,81.2,75.4,0.00,1,2.0,-6.0
21.35,cruise,353.13,-3.13,0.511,1,2022.3,-2416.6,-2697.5,5259.4,-67.37,143.61,116,80,-1,69.3,38.5,68.2,32.4,-0.01,-0.00,1.00,0.00,0.00,0.00,2.05,158.28,99,-1,0,-4,-1.7,-0.00,0.511,0.515,1.68,0,28,0,188.9,45.8,81.3,75.3,0.00,1,1.7,-6.1
21.45,cruise,353.22,-3.22,0.522,1,2015.5,-2402.2,-2690.8,5245.1,-67.94,143.79,116,80,-1,69.4,38.4,68.5,32.9,-0.00,-0.00,1.00,0.00,0.00,0.00,2.39,158.61,99,-1,0,-3,-1.6,-0.00,0.522,0.527,1.29,0,28,0,189.0,46.4,81.4,75.2,0.00,1,1.5,-6.2
21.55,cruise,353.27,-3.27,0.535,1,2008.7,-2387.8,-2684.0,5230.7,-68.51,143.88,116,80,-1,69.5,38.3,68.8,33.4,-0.00,-0.00,1.00,0.00,0.00,0.00,2.93,159.00,99,-1,0,-3,-1.5,-0.00,0.535,0.540,0.90,0,28,0,189.1,47.1,81.5,75.0,0.00,1,1.2,-6.2
21.65,cruise,353.28,-3.28,0.551,1,2001.8,-2373.4,-2677.2,5216.3,-69.08,144.05,117,80,-1,69.5,38.2,69.1,33.9,-0.00,-0.00,1.00,0.00,0.00,0.00,3.52,159.32,99,-1,0,-3,-1.4,-0.00,0.551,0.555,0.50,0,28,0,189.3,47.7,81.5,74.9,0.00,1,1.0,-6.1
21.75,cruise,353.25,-3.25,0.568,1,1994.8,-2359.0,-2670.3,5201.9,-69.70,144.40,117,80,-1,69.5,38.0,69.3,34.5,-0.00,0.00,1.00,0.00,0.00,0.00,4.26,159.70,99,-1,0,-3,-1.4,-0.00,0.568,0.569,0.09,0,28,0,189.4,48.4,81.6,74.8,0.00,1,1.2,-6.5
21.85,cruise,353.20,-3.20,0.584,1,1987.8,-2344.5,-2663.3,5187.5,-70.40,144.76,118,79,-1,69.4,37.8,69.6,35.0,-0.00,0.00,1.00,0.00,0.00,0.00,5.06,160.26,99,-1,0,-3,-1.3,-0.00,0.584,0.585,-0.24,0,28,0,189.5,49.0,81.7,74.6,0.00,1,1.0,-6.4
21.95,cruise,353.11,-3.11,0.600,1,1980.7,-2330.0,-2656.3,5173.0,-71.06,145.20,118,79,-1,69.4,37.6,69.8,35.5,0.00,0.00,1.00,0.00,0.00,0.00,5.86,160.86,99,-1,0,-3,-1.3,-0.00,0.600,0.602,-0.56,0,28,0,189.7,49.7,81.7,74.5,0.00,1,0.7,-6.4
22.05,cruise,352.99,-2.99,0.618,1,1973.6,-2315.5,-2649.2,5158.5,-71.67,145.63,118,79,-1,69.2,37.3,70.0,35.9,0.00,0.00,1.00,0.00,0.00,0.00,6.78,161.51,99,-1,0,-3,-1.3,-0.00,0.618,0.620,-0.89,0,28,0,189.9,50.3,81.8,74.3,0.00,1,0.4,-6.2
22.15,cruise,352.84,-2.84,0.638,1,1966.3,-2300.9,-2642.1,5144.0,-72.33,146.16,119,79,-1,69.1,37.1,70.1,36.2,-0.00,-0.01,1.00,0.00,0.00,0.00,7.69,162.13,99,-1,0,-2,-1.3,-0.00,0.638,0.642,-1.22,0,28,0,190.2,50.9,81.7,73.9,0.00,1,-1.1,-6.0
22.25,cruise,352.67,-2.67,0.657,1,1959.0,-2286.2,-2634.8,5129.4,-73.08,146.78,119,78,-1,68.9,36.9,70.1,36.4,-0.00,-0.01,1.00,0.00,0.00,0.00,8.36,162.87,99,-1,0,-2,-1.3,0.00,0.657,0.664,-1.51,0,28,0,190.7,51.5,81.5,73.5,0.00,1,-1.4,-6.0
22.35,cruise,352.47,-2.47,0.675,1,1951.7,-2271.5,-2627.5,5114.7,-73.78,147.48,120,78,-1,68.7,36.7,70.1,36.6,-0.00,-0.01,1.00,0.00,0.00,0.00,8.91,163.72,99,-1,0,-1,-1.3,0.01,0.675,0.683,-1.75,0,28,0,191.1,52.1,81.3,73.0,0.00,1,-1.7,-5.8
22.45,cruise,352.26,-2.26,0.694,1,1944.3,-2256.7,-2620.2,5100.0,-74.44,148.18,120,78,-1,68.5,36.5,70.1,36.6,-0.00,-0.01,1.00,0.00,0.00,0.00,9.45,164.64,99,-1,0,-1,-1.3,0.01,0.694,0.703,-1.99,0,28,0,191.6,52.7,81.1,72.5,0.00,1,-2.0,-5.6
22.55,cruise,352.02,-2.02,0.714,1,1936.7,-2241.8,-2612.8,5085.2,-75.23,149.06,120,78,-1,68.2,36.3,70.0,36.7,-0.00,-0.01,1.00,0.00,0.00,0.00,9.91,165.54,99,-1,0,-0,-1.3,0.01,0.714,0.724,-2.23,0,28,0,192.2,53.2,80.8,71.9,0.00,1,-2.3,-5.4
22.65,cruise,351.78,-1.78,0.730,1,1929.2,-2226.8,-2605.2,5070.3,-76.03,149.94,120,76,-1,68.0,36.1,69.9,36.6,-0.00,-0.01,1.00,0.00,0.00,0.00,9.92,166.68,99,-1,0,0,-1.3,0.02,0.730,0.741,-2.37,0,28,0,192.8,53.7,80.5,71.3,0.00,1,-2.6,-5.3
22.75,cruise,351.52,-1.52,0.747,1,1921.5,-2211.8,-2597.7,5055.3,-76.73,150.91,120,76,-1,67.7,35.9,69.7,36.6,-0.00,-0.01,1.00,0.00,0.00,0.00,9.83,167.83,99,-1,0,1,-1.3,0.02,0.747,0.759,-2.50,0,28,0,193.5,54.3,80.2,70.7,0.00,1,-3.0,-5.1
22.85,cruise,351.26,-1.26,0.764,1,1913.8,-2196.6,-2590.0,5040.3,-77.52,151.96,120,76,-1,67.4,35.7,69.6,36.5,-0.00,-0.01,1.00,0.00,0.00,0.00,9.80,169.01,99,-1,0,2,-1.3,0.03,0.764,0.771,-2.63,0,28,0,194.1,54.7,80.0,70.1,0.00,1,-2.1,-4.9
22.95,cruise,350.99,-0.99,0.779,1,1906.0,-2181.3,-2582.3,5025.1,-78.31,153.11,120,76,-1,67.1,35.5,69.5,36.5,-0.00,-0.01,1.00,0.00,0.00,0.00,9.69,170.32,99,-1,0,2,-1.3,0.03,0.779,0.786,-2.70,0,28,0,194.7,55.2,79.7,69.5,0.00,1,-2.5,-4.9
23.05,cruise,350.72,-0.72,0.791,1,1898.1,-2165.9,-2574.5,5009.8,-79.10,154.25,120,74,-1,66.8,35.3,69.4,36.4,-0.00,-0.01,1.00,0.00,0.00,0.00,9.13,171.73,99,-1,0,3,-1.3,0.04,0.791,0.800,-2.72,0,28,0,195.4,55.7,79.4,68.8,0.00,1,-2.9,-4.7
23.15,cruise,350.45,-0.45,0.800,1,1890.1,-2150.4,-2566.6,4994.4,-79.80,155.48,120,74,-1,66.5,35.1,69.2,36.2,-0.00,-0.01,1.00,0.00,0.00,0.00,8.51,173.14,99,-1,0,4,-1.3,0.04,0.800,0.810,-2.74,0,28,0,196.1,56.1,79.0,68.1,0.00,1,-3.2,-4.5
23.25,cruise,350.18,-0.18,0.800,1,1882.1,-2134.8,-2558.6,4978.9,-80.51,156.62,120,74,-1,66.2,35.0,68.9,36.0,-0.00,-0.01,1.00,0.00,0.00,0.00,7.93,174.58,99,-1,0,4,-1.3,0.05,0.800,0.812,-2.74,0,28,0,196.9,56.6,78.7,67.4,0.00,1,-3.6,-4.4
23.35,cruise,349.92,0.08,0.800,1,1874.0,-2119.0,-2550.6,4963.3,-81.25,157.85,120,74,-1,65.9,34.8,68.7,35.8,-0.00,-0.01,1.00,0.00,0.00,0.00,7.27,175.95,99,-1,0,5,-1.3,0.05,0.800,0.808,-2.74,0,28,0,197.6,57.0,78.3,66.8,0.00,1,-2.8,-4.2
23.45,cruise,349.66,0.34,0.800,1,1865.8,-2103.1,-2542.5,4947.5,-81.96,159.17,119,71,-1,65.7,34.6,68.6,35.7,-0.00,0.00,1.00,0.00,0.00,0.00,6.11,177.43,99,-1,0,6,-1.3,0.05,0.800,0.803,-2.68,0,28,0,198.3,57.4,78.1,66.2,0.00,1,-2.1,-4.1
23.55,cruise,349.40,0.60,0.800,1,1857.5,-2087.1,-2534.3,4931.6,-82.62,160.40,119,71,-1,65.4,34.4,68.6,35.7,-0.00,0.01,1.00,0.00,0.00,0.00,5.16,178.96,99,-1,0,6,-1.3,0.06,0.800,0.807,-2.61,0,28,0,198.8,57.8,77.9,65.8,0.00,1,-1.3,-3.9
23.65,cruise,349.15,0.85,0.800,1,1849.2,-2071.0,-2526.0,4915.6,-83.28,161.72,119,71,-1,65.1,34.1,68.6,35.8,0.00,0.01,1.00,0.00,0.00,0.00,4.36,180.37,99,-1,0,6,-1.3,0.06,0.800,0.809,-2.53,0,28,0,199.4,58.3,77.7,65.3,0.00,1,-1.7,-4.9
23.75,cruise,348.92,1.08,0.800,1,1840.9,-2054.7,-2517.7,4899.5,-83.89,162.95,118,71,-1,64.9,34.0,68.4,35.7,-0.00,0.00,1.00,0.00,0.00,0.00,3.64,181.86,99,-1,0,7,-1.3,0.07,0.800,0.804,-2.46,0,28,0,200.2,58.7,77.4,64.7,0.00,1,-3.2,-4.7
23.85,cruise,348.70,1.30,0.800,1,1832.4,-2038.3,-2509.4,4883.2,-84.46,164.27,118,68,-1,64.6,34.0,68.1,35.4,-0.00,-0.01,1.00,0.00,0.00,0.00,2.20,183.26,99,-1,0,8,-1.3,0.07,0.800,0.810,-2.38,0,28,0,201.2,59.2,77.0,63.9,0.00,1,-4.8,-4.6
23.95,cruise,348.49,1.51,0.800,1,1823.9,-2021.8,-2500.9,4866.8,-84.99,165.54,117,68,-1,64.4,34.1,67.6,35.0,-0.01,-0.02,1.00,0.00,0.00,0.00,0.68,184.71,99,-1,0,9,-1.4,0.08,0.800,0.822,-2.29,0,28,0,202.5,59.6,76.4,62.8,0.00,1,-6.3,-4.4
24.05,cruise,348.29,1.71,0.800,1,1815.4,-2005.1,-2492.4,4850.3,-85.52,166.82,117,68,-1,64.2,34.2,67.2,34.5,-0.01,-0.02,1.00,0.00,0.00,0.00,-0.95,186.08,99,-1,0,10,-1.4,0.09,0.800,0.822,-2.19,0,28,0,203.7,60.0,75.8,61.9,0.00,1,-5.4,-4.3
24.15,cruise,348.10,1.90,0.800,1,1806.8,-1988.4,-2483.9,4833.6,-85.96,168.05,116,68,-1,63.9,34.2,66.8,34.3,-0.01,-0.01,1.00,0.00,0.00,0.00,-2.53,187.44,99,-1,0,11,-0.5,0.09,0.800,0.814,-2.06,0,28,0,204.7,60.4,75.3,61.2,0.00,1,-4.2,-4.5
24.25,cruise,347.93,2.07,0.800,1,1798.2,-1971.5,-2475.3,4816.9,-86.40,169.28,116,64,-1,63.7,34.2,66.6,34.6,0.00,-0.00,1.00,0.00,0.00,0.00,-4.76,188.69,99,-1,0,11,1.2,0.08,0.800,0.803,-1.89,0,28,0,205.4,60.8,75.1,60.9,0.00,1,-2.6,-5.2
24.35,cruise,347.77,2.23,0.800,1,1789.5,-1954.4,-2466.7,4800.0,-86.84,170.51,115,64,-1,63.5,34.2,66.6,35.5,0.01,0.01,1.00,0.00,0.00,0.00,-6.20,189.95,99,-1,0,10,3.5,0.06,0.800,0.823,-1.69,0,28,0,205.7,61.4,75.3,61.3,0.00,1,-0.7,-6.1
24.45,cruise,347.62,2.38,0.800,1,1780.8,-1937.3,-2458.0,4782.9,-87.19,171.74,115,64,-1,63.4,34.2,66.7,36.8,0.02,0.02,1.00,0.00,0.00,0.00,-6.75,191.23,99,-1,0,10,5.1,0.03,0.800,0.835,-1.48,0,28,0,205.7,61.8,75.5,62.1,0.00,1,-0.3,-5.6
24.55,cruise,347.49,2.51,0.800,1,1772.1,-1920.0,-2449.3,4765.8,-87.54,173.06,115,64,-1,63.2,34.4,66.7,38.2,0.03,0.02,1.00,0.00,0.00,0.00,-6.40,192.50,99,-1,0,9,7.2,-0.00,0.800,0.836,-1.29,0,28,0,205.6,62.2,75.8,63.1,0.00,1,-1.2,-5.0
24.65,cruise,347.37,2.63,0.800,1,1763.3,-1902.6,-2440.6,4748.5,-87.85,174.33,115,64,-1,63.0,34.7,66.5,39.6,0.03,0.01,1.00,0.00,0.00,0.00,-5.31,193.86,99,-1,0,8,8.7,-0.03,0.800,0.832,-1.11,0,28,0,205.3,62.4,76.1,64.2,0.00,1,-1.7,-3.6
24.75,cruise,347.27,2.73,0.800,1,1754.5,-1885.1,-2431.8,4731.1,-88.11,175.61,116,64,-1,62.9,35.1,66.3,40.9,0.03,0.00,1.00,0.00,0.00,0.00,-3.70,195.18,99,-1,0,6,9.7,-0.06,0.800,0.828,-0.97,0,28,0,204.9,62.5,76.4,65.4,0.00,1,-2.2,-2.3
24.85,cruise,347.19,2.81,0.800,1,1745.7,-1867.4,-2423.0,4713.6,-88.37,176.88,116,64,-1,62.7,35.7,65.9,41.9,0.03,-0.01,1.00,0.00,0.00,0.00,-1.79,196.46,99,-1,0,5,9.7,-0.08,0.800,0.831,-0.82,0,28,0,204.3,62.4,76.7,66.5,0.00,1,-2.6,-0.5
24.95,cruise,347.13,2.87,0.800,1,1736.8,-1849.7,-2414.2,4695.9,-88.59,178.11,117,64,-1,62.6,36.2,65.4,42.6,0.03,-0.02,1.00,0.00,0.00,0.00,0.13,197.73,99,-1,0,4,9.2,-0.09,0.800,0.834,-0.68,0,28,0,203.8,62.1,76.8,67.5,0.00,1,-3.0,1.6
25.05,cruise,347.09,2.91,0.800,1,1727.9,-1831.8,-2405.3,4678.2,-88.77,179.34,117,66,-1,62.5,36.7,64.9,43.0,0.02,-0.02,1.00,0.00,0.00,0.00,2.37,198.91,99,-1,0,4,7.8,-0.09,0.800,0.834,-0.53,0,28,0,203.2,61.6,76.9,68.2,0.00,1,-2.9,3.9
25.15,cruise,347.08,2.92,0.800,1,1719.0,-1813.7,-2396.4,4660.3,-88.99,180.57,118,66,-1,62.4,37.2,64.3,42.8,0.01,-0.03,1.00,0.00,0.00,0.00,4.10,200.07,99,-1,0,3,5.7,-0.07,0.800,0.829,-0.36,0,28,0,202.6,60.8,76.9,68.7,0.00,1,-2.4,6.4
25.25,cruise,347.10,2.90,0.800,1,1710.1,-1795.6,-2387.5,4642.2,-89.17,181.76,118,66,-1,62.4,37.4,63.9,42.4,0.00,-0.02,1.00,0.00,0.00,0.00,5.21,201.24,99,-1,0,3,3.2,-0.05,0.800,0.818,-0.15,0,28,0,201.9,60.0,76.9,69.1,0.00,1,-0.5,7.8
25.35,cruise,347.14,2.86,0.800,1,1701.2,-1777.3,-2378.6,4624.1,-89.38,182.90,118,66,-1,62.4,37.4,63.6,41.7,-0.01,-0.01,1.00,0.00,0.00,0.00,5.76,202.37,99,-1,0,2,0.5,-0.02,0.800,0.812,0.08,0,28,0,201.1,59.1,77.0,69.4,0.00,1,1.5,9.2
25.45,cruise,347.20,2.80,0.800,1,1692.2,-1759.0,-2369.7,4605.8,-89.69,184.00,118,69,-1,62.5,37.2,63.6,40.9,-0.01,0.00,1.00,0.00,0.00,0.00,6.57,203.47,99,-1,0,2,-2.0,0.01,0.800,0.812,0.34,0,28,0,200.3,58.2,77.1,69.6,0.00,1,3.6,10.2
25.55,cruise,347.30,2.70,0.800,1,1683.2,-1740.5,-2360.7,4587.5,-90.04,185.05,118,69,-1,62.7,36.8,63.8,39.9,-0.01,0.02,1.00,0.00,0.00,0.00,6.73,204.59,99,-1,0,2,-3.8,0.04,0.800,0.826,0.62,0,28,0,199.4,57.2,77.2,69.7,0.00,1,5.3,10.8
25.65,cruise,347.42,2.58,0.800,1,1674.2,-1721.9,-2351.7,4569.0,-90.48,186.11,118,69,-1,62.9,36.4,64.1,38.8,-0.02,0.03,1.00,0.00,0.00,0.00,6.34,205.70,99,-1,0,2,-4.9,0.06,0.800,0.834,0.89,0,28,0,198.7,56.3,77.3,69.6,0.00,1,5.4,10.1
25.75,cruise,347.56,2.44,0.798,1,1665.1,-1703.2,-2342.7,4550.4,-90.97,187.08,117,69,-1,63.1,36.0,64.3,37.6,-0.02,0.02,1.00,0.00,0.00,0.00,5.31,206.87,99,-1,0,2,-5.7,0.08,0.799,0.834,1.15,0,28,0,198.2,55.4,77.3,69.3,0.00,1,4.3,10.4
25.85,cruise,347.74,2.26,0.781,1,1656.0,-1684.4,-2333.6,4531.7,-91.54,188.04,117,71,-1,63.4,35.8,64.4,36.1,-0.03,0.01,1.00,0.00,0.00,0.00,4.24,207.98,99,-1,0,3,-5.2,0.09,0.782,0.812,1.39,0,28,0,197.9,54.5,77.0,68.9,0.00,1,2.5,10.1
25.95,cruise,347.93,2.07,0.764,1,1646.8,-1665.6,-2324.5,4512.9,-92.15,188.88,117,71,-1,63.6,35.7,64.3,34.7,-0.03,-0.00,1.00,0.00,0.00,0.00,2.46,209.12,99,-1,0,3,-3.7,0.09,0.764,0.787,1.62,0,28,0,197.8,53.7,76.7,68.3,0.00,1,0.8,8.8
26.05,cruise,348.14,1.86,0.747,1,1637.5,-1646.6,-2315.3,4494.1,-92.81,189.67,116,71,-1,63.8,36.0,64.1,33.6,-0.03,-0.02,1.00,0.00,0.00,0.00,0.12,210.16,99,-1,0,4,-1.6,0.07,0.747,0.780,1.81,0,28,0,197.8,52.9,76.4,67.9,0.00,1,-1.1,7.2
26.15,cruise,348.37,1.63,0.730,1,1628.2,-1627.6,-2306.0,4475.1,-93.47,190.42,115,71,-1,64.0,36.4,63.7,32.8,-0.02,-0.03,1.00,0.00,0.00,0.00,-2.54,211.14,99,-1,0,4,0.4,0.05,0.730,0.770,2.00,0,28,0,197.8,52.3,76.1,67.7,0.00,1,-2.2,6.1
26.25,cruise,348.62,1.38,0.711,1,1618.8,-1608.5,-2296.7,4456.1,-94.09,191.03,115,71,-1,64.3,36.9,63.4,32.4,-0.02,-0.04,1.00,0.00,0.00,0.00,-5.12,212.06,99,-1,0,4,2.6,0.02,0.711,0.750,2.19,0,28,0,197.6,51.7,75.9,67.8,0.00,1,-2.0,4.4
26.35,cruise,348.87,1.13,0.691,1,1609.3,-1589.4,-2287.3,4437.0,-94.66,191.56,114,71,-1,64.5,37.5,63.1,32.6,-0.01,-0.03,1.00,0.00,0.00,0.00,-7.37,212.82,99,-1,0,3,5.0,-0.01,0.691,0.719,2.38,0,28,0,197.2,51.3,76.1,68.4,0.00,1,-0.7,3.2
26.45,cruise,349.14,0.86,0.671,1,1599.8,-1570.2,-2277.8,4417.9,-95.23,192.04,114,71,-1,64.7,38.1,63.0,33.3,0.01,-0.03,1.00,0.00,0.00,0.00,-8.98,213.48,99,-1,0,2,7.1,-0.04,0.671,0.693,2.58,0,28,0,196.4,51.0,76.6,69.5,0.00,1,0.4,1.7
26.55,cruise,349.41,0.59,0.650,1,1590.3,-1550.9,-2268.3,4398.7,-95.67,192.39,114,71,-1,65.0,38.7,63.0,34.4,0.02,-0.02,1.00,0.00,0.00,0.00,-9.81,214.13,99,-1,0,1,8.1,-0.08,0.650,0.674,2.76,0,28,0,195.5,50.8,77.3,70.9,0.00,1,1.6,0.7
26.65,cruise,349.68,0.32,0.632,1,1580.7,-1531.7,-2258.8,4379.4,-96.11,192.74,114,75,-1,65.3,39.3,63.1,35.7,0.02,-0.01,1.00,0.00,0.00,0.00,-8.78,214.69,99,-1,0,-1,8.1,-0.10,0.632,0.652,2.88,0,28,0,194.3,50.7,78.2,72.5,0.00,1,3.4,0.5
26.75,cruise,349.96,0.04,0.615,1,1571.0,-1512.4,-2249.2,4360.2,-96.46,193.01,115,75,-1,65.5,39.8,63.5,37.0,0.03,0.00,1.00,0.00,0.00,0.00,-7.11,215.26,99,-1,0,-2,7.3,-0.11,0.615,0.635,2.96,0,28,0,193.0,50.5,79.2,74.1,0.00,1,4.8,1.3
26.85,cruise,350.24,-0.24,0.600,1,1561.4,-1493.1,-2239.5,4340.9,-96.81,193.23,115,75,-1,65.8,40.2,63.8,38.1,0.03,0.01,1.00,0.00,0.00,0.00,-4.92,215.71,99,-1,0,-4,5.9,-0.12,0.600,0.624,3.00,0,28,0,191.7,50.4,80.3,75.7,0.00,1,5.6,1.9
26.95,cruise,350.51,-0.51,0.600,1,1551.6,-1473.7,-2229.9,4321.6,-97.12,193.40,116,75,-1,66.1,40.5,64.2,38.9,0.02,0.01,1.00,0.00,0.00,0.00,-2.52,216.11,99,-1,0,-5,3.6,-0.11,0.600,0.619,2.98,0,28,0,190.6,50.1,81.1,77.0,0.00,1,5.5,3.4
27.05,cruise,350.78,-0.78,0.600,1,1541.9,-1454.4,-2220.1,4302.2,-97.47,193.54,117,79,-1,66.4,40.6,64.6,39.2,0.00,0.01,1.00,0.00,0.00,0.00,0.91,216.42,99,-1,0,-6,1.3,-0.09,0.600,0.609,2.90,0,28,0,189.6,49.6,81.8,77.9,0.00,1,5.4,5.5
27.15,cruise,351.05,-1.05,0.600,1,1532.1,-1435.0,-2210.4,4282.9,-97.78,193.62,118,79,-1,66.7,40.7,64.9,39.0,-0.01,0.00,1.00,0.00,0.00,0.00,3.68,216.66,99,-1,0,-7,-1.0,-0.06,0.600,0.610,2.76,0,28,0,189.0,48.9,82.1,78.5,0.00,1,4.9,7.7
27.25,cruise,351.30,-1.30,0.600,1,1522.3,-1415.6,-2200.6,4263.5,-98.17,193.71,118,79,-1,67.1,40.7,65.0,38.1,-0.03,-0.01,1.00,0.00,0.00,0.00,5.53,216.84,99,-1,0,-7,-3.5,-0.03,0.600,0.628,2.59,0,28,0,188.8,48.1,82.1,78.4,0.00,1,2.8,8.8
27.35,cruise,351.54,-1.54,0.600,1,1512.5,-1396.3,-2190.8,4244.1,-98.61,193.80,119,79,-1,67.3,40.6,65.0,36.8,-0.04,-0.02,1.00,0.00,0.00,0.00,6.26,217.08,99,-1,0,-6,-5.6,-0.00,0.600,0.641,2.40,0,28,0,188.9,47.3,81.8,77.9,0.00,1,1.9,8.1
27.45,cruise,351.77,-1.77,0.600,1,1502.6,-1376.9,-2181.0,4224.8,-99.05,193.80,119,80,-1,67.6,40.5,65.1,35.3,-0.05,-0.03,1.00,0.00,0.00,0.00,6.01,217.36,99,-1,0,-5,-7.3,0.03,0.600,0.648,2.22,0,28,0,189.3,46.7,81.2,76.9,0.00,1,1.2,6.7
27.55,cruise,351.99,-1.99,0.600,1,1492.6,-1357.5,-2171.1,4205.4,-99.54,193.80,118,80,-1,67.9,40.4,65.1,33.6,-0.06,-0.03,1.00,0.00,0.00,0.00,4.77,217.59,99,-1,0,-4,-8.5,0.06,0.600,0.653,2.07,0,28,0,190.0,46.2,80.4,75.6,0.00,1,0.7,4.8
27.65,cruise,352.19,-2.19,0.600,1,1482.6,-1338.1,-2161.1,4186.0,-100.06,193.71,118,80,-1,68.1,40.2,65.2,32.0,-0.06,-0.03,1.00,0.00,0.00,0.00,2.74,217.85,99,-1,0,-2,-8.9,0.09,0.600,0.652,1.93,0,28,0,190.8,46.0,79.6,74.2,0.00,1,0.6,2.3
27.75,cruise,352.37,-2.37,0.600,1,1472.6,-1318.8,-2151.1,4166.6,-100.59,193.67,117,80,-1,68.4,40.1,65.4,30.7,-0.05,-0.02,1.00,0.00,0.00,0.00,0.17,218.03,99,-1,0,-1,-8.6,0.10,0.600,0.646,1.81,0,28,0,191.5,46.1,78.9,72.7,0.00,1,0.8,-0.6
27.85,cruise,352.54,-2.54,0.600,1,1462.5,-1299.4,-2141.1,4147.3,-101.07,193.58,117,77,-1,68.6,40.0,65.6,29.8,-0.05,-0.01,1.00,0.00,0.00,0.00,-3.24,218.21,99,-1,0,0,-7.6,0.11,0.600,0.636,1.71,0,28,0,192.3,46.5,78.3,71.3,0.00,1,1.4,-3.3
27.95,cruise,352.69,-2.69,0.600,1,1452.4,-1280.1,-2131.0,4127.9,-101.56,193.54,116,77,-1,68.7,39.8,66.0,29.4,-0.03,-0.00,1.00,0.00,0.00,0.00,-6.34,218.29,99,-1,0,1,-6.1,0.10,0.600,0.623,1.62,0,28,0,192.9,47.1,78.0,70.3,0.00,1,2.0,-5.8
28.05,cruise,352.82,-2.82,0.600,1,1442.2,-1260.7,-2120.9,4108.6,-102.04,193.54,115,77,-1,68.9,39.7,66.4,29.6,-0.02,0.01,1.00,0.00,0.00,0.00,-8.82,218.39,99,-1,0,2,-4.2,0.09,0.600,0.619,1.52,0,28,0,193.2,47.9,78.0,69.7,0.00,1,2.7,-8.1
28.15,cruise,352.94,-2.94,0.600,1,1431.9,-1241.3,-2110.7,4089.2,-102.48,193.54,115,77,-1,69.0,39.5,67.0,30.4,-0.01,0.02,1.00,0.00,0.00,0.00,-10.35,218.54,99,-1,0,2,-2.0,0.07,0.600,0.618,1.41,0,28,0,193.4,49.0,78.3,69.5,0.00,1,3.6,-10.4
28.25,cruise,353.02,-3.02,0.600,1,1421.7,-1222.0,-2100.4,4069.8,-102.88,193.54,115,76,-1,69.2,39.4,67.6,32.0,0.01,0.03,1.00,0.00,0.00,0.00,-10.88,218.72,99,-1,0,2,0.2,0.04,0.600,0.626,1.28,0,28,0,193.3,50.2,78.8,69.9,0.00,1,3.7,-12.6
28.35,cruise,353.09,-3.09,0.600,1,1411.3,-1202.6,-2090.2,4050.5,-103.27,193.62,115,76,-1,69.2,39.4,68.2,33.9,0.02,0.03,1.00,0.00,0.00,0.00,-10.13,218.94,99,-1,0,1,2.2,0.01,0.600,0.629,1.11,0,28,0,193.2,51.5,79.4,70.6,0.00,1,2.1,-13.4
28.45,cruise,353.13,-3.13,0.600,1,1401.0,-1183.3,-2079.8,4031.1,-103.62,193.75,116,76,-1,69.3,39.6,68.5,35.9,0.02,0.01,1.00,0.00,0.00,0.00,-8.23,219.29,99,-1,0,0,3.9,-0.02,0.600,0.624,0.89,0,28,0,193.2,52.9,79.9,71.3,0.00,1,0.2,-13.7
28.55,cruise,353.15,-3.15,0.600,1,1390.6,-1163.9,-2069.5,4011.8,-103.89,193.93,117,76,-1,69.3,40.1,68.7,38.0,0.03,-0.00,1.00,0.00,0.00,0.00,-5.36,219.66,99,-1,0,-0,5.0,-0.05,0.600,0.617,0.64,0,28,0,193.3,54.2,80.3,72.0,0.00,1,-1.7,-13.9
28.65,cruise,353.15,-3.15,0.600,1,1380.2,-1144.5,-2059.1,3992.4,-104.15,194.15,118,76,-1,69.2,40.6,68.8,39.9,0.03,-0.01,1.00,0.00,0.00,0.00,-1.73,220.00,99,-1,0,-1,5.7,-0.07,0.600,0.623,0.38,0,28,0,193.4,55.4,80.7,72.7,0.00,1,-2.3,-12.8
28.75,cruise,353.12,-3.12,0.600,1,1369.8,-1125.0,-2048.7,3973.0,-104.33,194.37,119,76,-1,69.1,41.2,68.8,41.6,0.03,-0.01,1.00,0.00,0.00,0.00,2.38,220.31,99,-1,0,-2,5.8,-0.08,0.600,0.627,0.11,0,28,0,193.6,56.5,80.9,73.3,0.00,1,-2.7,-11.3
28.85,cruise,353.07,-3.07,0.600,1,1359.3,-1105.6,-2038.3,3953.5,-104.41,194.63,120,76,-1,69.0,41.7,68.7,42.9,0.03,-0.02,1.00,0.00,0.00,0.00,6.76,220.49,99,-1,0,-2,5.4,-0.08,0.600,0.629,-0.17,0,28,0,193.9,57.4,81.0,73.7,0.00,1,-3.1,-9.4
28.95,cruise,352.99,-2.99,0.600,1,1348.9,-1086.1,-2027.8,3934.1,-104.50,194.94,121,76,-1,68.9,42.1,68.6,44.0,0.02,-0.03,1.00,0.00,0.00,0.00,11.17,220.59,99,-1,0,-2,4.3,-0.08,0.600,0.628,-0.44,0,28,0,194.2,58.1,81.1,73.9,0.00,1,-3.1,-7.4
29.05,cruise,352.89,-2.89,0.605,1,1338.4,-1066.6,-2017.4,3914.6,-104.50,195.21,122,74,-1,68.8,42.4,68.5,44.6,0.01,-0.03,1.00,0.00,0.00,0.00,15.08,220.67,99,-1,0,-2,2.8,-0.07,0.605,0.629,-0.71,0,28,0,194.5,58.7,81.0,74.0,0.00,1,-2.8,-5.2
29.15,cruise,352.77,-2.77,0.619,1,1328.0,-1047.0,-2006.9,3895.1,-104.50,195.51,123,74,-1,68.6,42.4,68.5,45.0,0.01,-0.02,1.00,0.00,0.00,0.00,18.73,220.62,99,-1,0,-2,1.0,-0.05,0.619,0.635,-0.96,0,28,0,194.8,59.1,81.0,74.0,0.00,1,-1.2,-4.1
29.25,cruise,352.63,-2.63,0.635,1,1317.5,-1027.5,-1996.5,3875.5,-104.46,195.86,124,74,-1,68.5,42.2,68.6,45.3,0.01,-0.00,1.00,0.00,0.00,0.00,22.09,220.59,99,-1,0,-2,-1.0,-0.03,0.635,0.639,-1.21,0,28,0,195.0,59.4,81.0,73.9,0.00,1,0.6,-2.9
29.35,cruise,352.47,-2.47,0.651,1,1307.1,-1007.8,-1986.0,3856.0,-104.50,196.28,125,74,-1,68.3,41.7,68.8,45.3,0.00,0.01,1.00,0.00,0.00,0.00,25.12,220.55,99,-1,0,-2,-3.0,-0.00,0.651,0.660,-1.44,0,28,0,195.1,59.7,81.0,73.7,0.00,1,1.4,-2.1
29.45,cruise,352.29,-2.29,0.666,1,1296.6,-988.2,-1975.6,3836.3,-104.50,196.70,125,74,-1,68.2,41.0,69.1,45.2,0.00,0.02,1.00,0.00,0.00,0.00,27.54,220.65,99,-1,0,-2,-4.4,0.02,0.666,0.678,-1.63,0,28,0,195.3,59.9,81.0,73.4,0.00,1,1.8,-1.5
29.55,cruise,352.09,-2.09,0.683,1,1286.2,-968.5,-1965.1,3816.7,-104.55,197.14,126,74,-1,68.0,40.2,69.4,44.9,-0.00,0.02,1.00,0.00,0.00,0.00,29.58,220.76,99,-1,0,-1,-5.2,0.04,0.683,0.699,-1.83,0,28,0,195.5,60.1,80.9,73.0,0.00,1,2.0,-1.0
29.65,cruise,351.88,-1.88,0.701,1,1275.7,-948.7,-1954.7,3797.0,-104.68,197.69,126,74,-1,67.8,39.4,69.6,44.4,-0.01,0.02,1.00,0.00,0.00,0.00,31.05,220.97,99,-1,0,-1,-5.7,0.06,0.701,0.718,-2.04,0,28,0,195.9,60.2,80.7,72.3,0.00,1,0.8,-0.7
29.75,cruise,351.65,-1.65,0.718,1,1265.2,-928.9,-1944.2,3777.2,-104.81,198.28,126,74,-1,67.6,38.7,69.7,43.7,-0.01,0.01,1.00,0.00,0.00,0.00,31.94,221.40,99,-1,0,0,-5.6,0.07,0.718,0.734,-2.22,0,28,0,196.6,60.4,80.4,71.4,0.00,1,-0.2,-1.0
29.85,cruise,351.41,-1.41,0.736,1,1254.7,-909.0,-1933.7,3757.4,-104.99,198.96,126,72,-1,67.4,38.0,69.7,42.9,-0.01,0.01,1.00,0.00,0.00,0.00,31.87,222.00,99,-1,0,1,-5.1,0.08,0.737,0.749,-2.40,0,28,0,197.3,60.5,80.0,70.4,0.00,1,-1.2,-0.8
29.95,cruise,351.15,-1.15,0.755,1,1244.2,-889.1,-1923.2,3737.5,-105.16,199.69,126,72,-1,67.1,37.6,69.5,42.0,-0.01,-0.00,1.00,0.00,0.00,0.00,31.28,222.78,99,-1,0,2,-4.2,0.08,0.755,0.765,-2.56,0,28,0,198.2,60.7,79.6,69.3,0.00,1,-3.0,-1.2
30.05,cruise,350.89,-0.89,0.773,1,1233.7,-869.0,-1912.7,3717.6,-105.42,200.50,125,72,-1,66.9,37.3,69.2,41.2,-0.01,-0.02,1.00,0.00,0.00,0.00,30.19,223.66,99,-1,0,4,-2.6,0.08,0.773,0.795,-2.71,0,28,0,199.3,60.9,79.0,68.1,0.00,1,-4.9,-2.0
30.15,cruise,350.62,-0.62,0.789,1,1223.1,-848.9,-1902.2,3697.5,-105.69,201.38,125,72,-1,66.6,37.3,68.7,40.4,-0.01,-0.03,1.00,0.00,0.00,0.00,28.68,224.70,99,-1,0,5,-0.9,0.06,0.789,0.818,-2.79,0,28,0,200.5,61.1,78.3,67.0,0.00,1,-6.2,-2.7
30.25,cruise,350.36,-0.36,0.800,1,1212.5,-828.7,-1891.6,3677.4,-105.91,202.24,124,67,-1,66.2,37.4,68.1,40.0,-0.00,-0.03,1.00,0.00,0.00,0.00,25.97,225.94,99,-1,0,6,1.1,0.05,0.800,0.830,-2.82,0,28,0,201.7,61.4,77.7,66.2,0.00,1,-6.7,-3.6
30.35,cruise,350.09,-0.09,0.800,1,1201.9,-808.4,-1881.0,3657.2,-106.17,203.23,124,67,-1,65.9,37.6,67.6,40.2,0.00,-0.03,1.00,0.00,0.00,0.00,23.59,227.07,99,-1,0,6,3.2,0.03,0.800,0.825,-2.80,0,28,0,202.6,61.7,77.3,65.9,0.00,1,-5.4,-4.2
30.45,cruise,349.83,0.17,0.800,1,1191.3,-788.0,-1870.4,3636.9,-106.35,204.19,123,67,-1,65.6,37.8,67.3,40.8,0.01,-0.02,1.00,0.00,0.00,0.00,21.89,228.24,99,-1,0,6,5.1,0.00,0.800,0.824,-2.68,0,28,0,203.1,62.0,77.2,66.0,0.00,1,-3.7,-4.6
30.55,cruise,349.58,0.42,0.800,1,1180.7,-767.5,-1859.8,3616.5,-106.48,205.18,123,67,-1,65.3,37.9,67.1,41.8,0.02,-0.00,1.00,0.00,0.00,0.00,21.15,229.25,99,-1,0,5,6.8,-0.03,0.800,0.823,-2.53,0,28,0,203.2,62.3,77.4,66.7,0.00,1,-1.8,-4.8
30.65,cruise,349.34,0.66,0.800,1,1170.0,-746.9,-1849.2,3596.0,-106.61,206.17,123,66,-1,65.0,38.1,67.1,43.2,0.03,0.01,1.00,0.00,0.00,0.00,21.25,230.19,99,-1,0,4,8.1,-0.05,0.800,0.834,-2.36,0,28,0,202.8,62.7,77.7,67.8,0.00,1,-0.2,-4.8
30.75,cruise,349.11,0.89,0.800,1,1159.3,-726.3,-1838.5,3575.4,-106.70,207.16,123,66,-1,64.7,38.2,67.1,44.7,0.04,0.01,1.00,0.00,0.00,0.00,22.34,231.03,99,-1,0,3,8.9,-0.08,0.800,0.840,-2.21,0,28,0,202.2,62.9,78.2,69.0,0.00,1,-0.1,-3.7
30.85,cruise,348.89,1.11,0.800,1,1148.7,-705.5,-1827.8,3554.8,-106.74,208.15,123,66,-1,64.4,38.4,67.0,46.0,0.04,0.01,1.00,0.00,0.00,0.00,24.20,231.76,99,-1,0,2,8.8,-0.10,0.800,0.839,-2.08,0,28,0,201.5,63.0,78.6,70.2,0.00,1,-0.2,-2.0
30.95,cruise,348.69,1.31,0.800,1,1138.0,-684.6,-1817.2,3534.0,-106.79,209.16,124,66,-1,64.1,38.7,66.9,46.8,0.03,0.00,1.00,0.00,0.00,0.00,26.42,232.43,99,-1,0,1,7.8,-0.10,0.801,0.830,-1.97,0,28,0,200.9,62.9,79.0,71.2,0.00,1,-0.8,0.1
31.05,cruise,348.50,1.50,0.800,1,1132.6,-674.1,-1801.1,3502.6,-106.83,209.66,124,69,-1,63.9,38.8,66.5,47.2,0.02,-0.01,1.00,0.00,0.00,0.00,29.40,233.47,99,-1,0,-0,6.9,-0.08,0.800,0.826,-1.86,0,28,0,200.4,62.7,79.1,71.8,0.00,1,-1.2,1.2
31.15,cruise,348.33,1.67,0.800,1,1111.3,-631.9,-1790.4,3481.6,-106.92,211.66,125,69,-1,63.7,39.0,66.0,46.9,0.01,-0.02,1.00,0.00,0.00,0.00,31.43,234.13,99,-1,0,-0,2.3,-0.06,0.800,0.826,-1.80,0,28,0,200.1,62.1,79.0,72.0,0.00,1,-3.6,6.1
31.25,cruise,348.18,1.82,0.800,1,1111.3,-631.9,-1779.8,3460.4,-106.92,211.66,125,69,-1,63.5,39.0,65.4,45.9,-0.00,-0.03,1.00,0.00,0.00,0.00,32.35,234.92,99,-1,0,0,2.3,-0.03,0.800,0.831,-1.72,0,28,0,200.2,61.4,78.7,71.7,0.00,1,-3.6,6.1
31.35,cruise,348.06,1.94,0.800,1,1095.2,-600.0,-1769.1,3439.2,-107.01,213.07,124,69,-1,63.4,38.9,64.7,44.7,-0.01,-0.03,1.00,0.00,0.00,0.00,32.08,235.85,99,-1,0,1,-1.4,0.01,0.800,0.837,-1.58,0,28,0,200.3,60.6,78.2,71.2,0.00,1,-2.7,8.4
31.45,cruise,347.95,2.05,0.800,1,1084.5,-578.6,-1763.7,3428.5,-107.14,213.95,124,69,-1,63.3,38.6,64.3,43.3,-0.02,-0.02,1.00,0.00,0.00,0.00,30.63,236.45,99,-1,0,1,-3.5,0.02,0.800,0.835,-1.49,0,28,0,200.3,59.7,77.8,70.6,0.00,1,-1.1,9.1
31.55,cruise,347.87,2.13,0.800,1,1073.8,-557.2,-1753.0,3407.1,-107.27,214.78,123,69,-1,63.2,38.2,64.1,41.9,-0.02,-0.01,1.00,0.00,0.00,0.00,28.53,237.57,99,-1,0,2,-4.5,0.05,0.800,0.828,-1.27,0,28,0,200.2,58.8,77.5,70.0,0.00,1,0.7,9.5
31.65,cruise,347.81,2.19,0.800,1,1063.0,-535.6,-1742.3,3385.7,-107.45,215.60,123,69,-1,63.2,37.8,64.0,40.6,-0.02,-0.00,1.00,0.00,0.00,0.00,25.84,238.69,99,-1,0,2,-5.0,0.07,0.800,0.819,-1.01,0,28,0,199.9,57.9,77.2,69.6,0.00,1,2.2,9.8
31.75,cruise,347.77,2.23,0.800,1,1052.3,-514.0,-1731.5,3364.1,-107.71,216.34,122,69,-1,63.2,37.3,64.0,39.3,-0.02,0.00,1.00,0.00,0.00,0.00,22.73,239.81,99,-1,0,3,-4.9,0.08,0.800,0.821,-0.74,0,28,0,199.6,57.2,77.1,69.2,0.00,1,2.3,8.4
31.85,cruise,347.75,2.25,0.800,1,1041.5,-492.3,-1720.8,3342.5,-108.02,217.08,121,70,-1,63.2,36.9,64.1,38.3,-0.02,0.01,1.00,0.00,0.00,0.00,19.63,240.87,99,-1,0,3,-4.1,0.08,0.800,0.821,-0.48,0,28,0,199.4,56.6,76.9,68.8,0.00,1,2.2,6.5
31.95,cruise,347.76,2.24,0.800,1,1030.6,-470.6,-1710.0,3320.8,-108.41,217.77,120,70,-1,63.3,36.6,64.2,37.6,-0.01,0.01,1.00,0.00,0.00,0.00,16.53,241.90,99,-1,0,3,-3.2,0.07,0.800,0.819,-0.20,0,28,0,199.2,56.1,76.8,68.5,0.00,1,2.1,4.4
32.05,cruise,347.79,2.21,0.800,1,1019.8,-448.8,-1699.1,3299.1,-108.81,218.45,120,70,-1,63.3,36.4,64.3,37.2,-0.00,0.01,1.00,0.00,0.00,0.00,13.60,242.88,99,-1,0,3,-1.5,0.06,0.800,0.813,0.07,0,28,0,199.1,55.9,76.8,68.4,0.00,1,1.3,2.0
32.15,cruise,347.84,2.16,0.794,1,1008.9,-426.9,-1688.3,3277.3,-109.23,219.12,119,70,-1,63.4,36.5,64.2,37.1,0.00,-0.00,1.00,0.00,0.00,0.00,10.98,243.80,99,-1,0,3,0.8,0.04,0.794,0.795,0.32,0,28,0,199.1,55.8,76.8,68.4,0.00,1,-1.0,0.7
32.25,cruise,347.92,2.08,0.781,1,997.9,-404.9,-1677.4,3255.4,-109.64,219.78,119,70,-1,63.4,36.9,63.9,37.1,0.00,-0.02,1.00,0.00,0.00,0.00,8.66,244.68,99,-1,0,3,3.1,0.01,0.781,0.800,0.55,0,28,0,199.2,55.7,76.7,68.4,0.00,1,-3.6,-0.2
32.35,cruise,348.02,1.98,0.768,1,986.9,-382.9,-1666.4,3233.4,-109.97,220.33,118,70,-1,63.5,37.5,63.4,37.3,0.00,-0.04,1.00,0.00,0.00,0.00,6.59,245.52,99,-1,0,3,4.4,-0.01,0.768,0.800,0.77,0,28,0,199.4,55.7,76.5,68.6,0.00,1,-4.7,-0.7
32.45,cruise,348.13,1.87,0.756,1,975.9,-360.8,-1655.4,3211.4,-110.28,220.94,118,70,-1,63.5,38.2,62.9,37.5,0.01,-0.05,1.00,0.00,0.00,0.00,4.75,246.21,99,-1,0,3,5.4,-0.03,0.756,0.795,0.96,0,28,0,199.6,55.6,76.3,68.8,0.00,1,-5.0,-0.5
32.55,cruise,348.28,1.72,0.740,1,964.9,-338.7,-1644.4,3189.3,-110.57,221.53,117,70,-1,63.6,38.9,62.3,37.8,0.00,-0.05,1.00,0.00,0.00,0.00,3.15,246.91,99,-1,0,3,5.5,-0.05,0.740,0.782,1.19,0,28,0,199.6,55.5,76.2,69.0,0.00,1,-4.7,-0.1
32.65,cruise,348.44,1.56,0.721,1,953.8,-316.5,-1633.4,3167.2,-110.74,221.93,117,69,-1,63.7,39.5,61.9,38.1,0.01,-0.05,1.00,0.00,0.00,0.00,1.71,247.58,99,-1,0,2,5.4,-0.05,0.721,0.760,1.47,0,28,0,199.5,55.4,76.2,69.4,0.00,1,-2.9,-0.1
32.75,cruise,348.63,1.37,0.703,1,942.7,-294.3,-1622.3,3145.0,-110.87,222.33,117,69,-1,63.9,40.0,61.7,38.6,0.01,-0.03,1.00,0.00,0.00,0.00,0.78,248.03,99,-1,0,2,5.3,-0.05,0.703,0.736,1.70,0,28,0,199.1,55.3,76.5,70.0,0.00,1,-0.4,-0.1
32.85,cruise,348.83,1.17,0.682,1,931.6,-272.0,-1611.2,3122.8,-111.03,222.73,117,69,-1,64.1,40.4,61.7,39.3,0.02,-0.02,1.00,0.00,0.00,0.00,0.51,248.44,99,-1,0,1,4.9,-0.06,0.682,0.706,1.96,0,28,0,198.5,55.2,76.9,70.9,0.00,1,2.1,-0.1
32.95,cruise,349.06,0.94,0.660,1,920.5,-249.7,-1600.1,3100.5,-111.14,223.06,117,69,-1,64.3,40.7,62.0,40.1,0.02,-0.00,1.00,0.00,0.00,0.00,0.87,248.86,99,-1,0,-0,4.0,-0.06,0.660,0.676,2.22,0,28,0,197.6,55.1,77.6,71.8,0.00,1,3.8,0.6
33.05,cruise,349.29,0.71,0.639,1,909.4,-227.4,-1589.0,3078.2,-111.20,223.29,117,72,-1,64.6,40.9,62.4,40.7,0.02,0.01,1.00,0.00,0.00,0.00,2.85,249.20,99,-1,0,-1,2.6,-0.06,0.639,0.659,2.44,0,28,0,196.6,55.0,78.2,72.8,0.00,1,5.5,1.6
33.15,cruise,349.54,0.46,0.622,1,898.2,-205.0,-1577.9,3055.9,-111.25,223.47,118,72,-1,64.9,41.0,62.8,41.2,0.02,0.02,1.00,0.00,0.00,0.00,5.00,249.40,99,-1,0,-2,1.0,-0.04,0.622,0.642,2.56,0,28,0,195.5,54.8,78.9,73.7,0.00,1,6.1,3.5
33.25,cruise,349.79,0.21,0.607,1,887.1,-182.7,-1566.7,3033.5,-111.27,223.54,118,72,-1,65.2,40.9,63.3,41.4,0.01,0.02,1.00,0.00,0.00,0.00,7.16,249.52,99,-1,0,-3,-0.4,-0.03,0.607,0.625,2.62,0,28,0,194.5,54.4,79.5,74.4,0.00,1,6.4,4.4
33.35,cruise,350.04,-0.04,0.600,1,876.0,-160.3,-1555.6,3011.2,-111.34,223.60,119,72,-1,65.5,40.8,63.8,41.4,0.00,0.02,1.00,0.00,0.00,0.00,9.15,249.53,99,-1,0,-3,-1.4,-0.02,0.600,0.615,2.58,0,28,0,193.7,54.0,80.0,75.0,0.00,1,6.4,5.1
33.45,cruise,350.28,-0.28,0.600,1,864.9,-138.0,-1544.5,2988.8,-111.40,223.59,119,76,-1,65.8,40.6,64.2,41.2,-0.00,0.02,1.00,0.00,0.00,0.00,11.89,249.50,99,-1,0,-4,-2.0,-0.01,0.600,0.611,2.53,0,28,0,192.9,53.4,80.4,75.5,0.00,1,5.7,6.2
33.55,cruise,350.52,-0.52,0.600,1,853.7,-115.6,-1533.4,2966.5,-111.49,223.50,120,76,-1,66.1,40.5,64.5,40.7,-0.01,0.00,1.00,0.00,0.00,0.00,13.99,249.41,99,-1,0,-4,-2.4,-0.00,0.600,0.609,2.43,0,28,0,192.3,52.9,80.6,75.8,0.00,1,4.4,6.4
33.65,cruise,350.74,-0.74,0.600,1,842.5,-93.3,-1522.2,2944.1,-111.60,223.40,120,76,-1,66.4,40.5,64.7,40.1,-0.02,-0.01,1.00,0.00,0.00,0.00,15.33,249.30,99,-1,0,-4,-2.7,0.00,0.600,0.615,2.29,0,28,0,192.0,52.3,80.6,75.8,0.00,1,3.0,6.6
33.75,cruise,350.95,-0.95,0.600,1,831.4,-70.9,-1511.0,2921.8,-111.73,223.29,120,76,-1,66.7,40.4,64.8,39.5,-0.02,-0.01,1.00,0.00,0.00,0.00,16.03,249.21,99,-1,0,-4,-2.8,0.00,0.600,0.619,2.14,0,28,0,191.8,51.7,80.6,75.7,0.00,1,2.7,5.6
33.85,cruise,351.15,-1.15,0.600,1,820.2,-48.6,-1499.9,2899.4,-111.91,223.17,120,77,-1,66.9,40.3,64.9,38.9,-0.02,-0.01,1.00,0.00,0.00,0.00,16.55,249.14,99,-1,0,-4,-3.0,0.01,0.600,0.619,1.99,0,28,0,191.7,51.3,80.6,75.6,0.00,1,2.4,4.5
33.95,cruise,351.33,-1.33,0.600,1,809.0,-26.3,-1488.7,2877.1,-112.08,223.03,120,77,-1,67.1,40.3,65.1,38.3,-0.02,-0.01,1.00,0.00,0.00,0.00,16.61,249.10,99,-1,0,-4,-3.1,0.01,0.600,0.619,1.85,0,28,0,191.6,51.0,80.5,75.4,0.00,1,2.1,3.5
34.05,cruise,351.49,-1.49,0.600,1,797.8,-4.0,-1477.5,2854.8,-112.28,222.89,120,77,-1,67.3,40.2,65.2,37.9,-0.02,-0.01,1.00,0.00,0.00,0.00,16.35,249.07,99,-1,0,-3,-3.0,0.01,0.600,0.619,1.70,0,28,0,191.7,50.8,80.4,75.1,0.00,1,1.8,2.3
34.15,cruise,351.63,-1.63,0.600,1,786.5,18.3,-1466.3,2832.5,-112.48,222.74,120,77,-1,67.5,40.2,65.4,37.4,-0.02,-0.02,1.00,0.00,0.00,0.00,15.85,249.07,99,-1,0,-3,-3.0,0.01,0.600,0.618,1.55,0,28,0,191.7,50.7,80.3,74.8,0.00,1,1.5,1.3
34.25,cruise,351.76,-1.76,0.600,1,775.3,40.5,-1455.0,2810.2,-112.70,222.59,120,77,-1,67.6,40.1,65.5,37.1,-0.01,-0.02,1.00,0.00,0.00,0.00,15.14,249.07,99,-1,0,-3,-3.0,0.02,0.600,0.618,1.39,0,28,0,191.9,50.7,80.2,74.5,0.00,1,1.1,0.2
34.35,cruise,351.88,-1.88,0.600,1,764.0,62.8,-1443.8,2788.0,-112.90,222.45,120,77,-1,67.8,40.1,65.7,36.8,-0.01,-0.02,1.00,0.00,0.00,0.00,14.35,249.08,99,-1,0,-2,-3.0,0.02,0.600,0.618,1.24,0,28,0,192.1,50.8,80.1,74.1,0.00,1,0.8,-0.9
34.45,cruise,351.97,-1.97,0.600,1,752.7,85.0,-1432.5,2765.7,-113.12,222.31,120,77,-1,67.9,39.9,65.9,36.6,-0.01,-0.01,1.00,0.00,0.00,0.00,13.59,249.09,99,-1,0,-2,-3.0,0.02,0.600,0.613,1.08,0,28,0,192.3,50.9,80.0,73.8,0.00,1,1.7,-0.8
34.55,cruise,352.05,-2.05,0.600,1,741.3,107.2,-1421.2,2743.5,-113.31,222.17,120,77,-1,68.0,39.8,66.2,36.5,-0.01,-0.00,1.00,0.00,0.00,0.00,12.90,249.10,99,-1,0,-2,-3.0,0.02,0.600,0.607,0.92,0,28,0,192.3,51.0,80.0,73.6,0.00,1,2.5,-0.7
34.65,cruise,352.11,-2.11,0.600,1,730.0,129.4,-1409.8,2721.3,-113.53,222.03,120,77,-1,68.1,39.5,66.5,36.5,-0.01,0.00,1.00,0.00,0.00,0.00,12.23,249.09,99,-1,0,-2,-3.0,0.02,0.600,0.605,0.76,0,28,0,192.4,51.2,80.0,73.4,0.00,1,2.2,-1.8
34.75,cruise,352.14,-2.14,0.600,1,718.6,151.6,-1398.5,2699.1,-113.73,221.91,120,77,-1,68.2,39.3,66.8,36.5,-0.01,0.00,1.00,0.00,0.00,0.00,11.71,249.10,99,-1,0,-1,-3.0,0.03,0.600,0.605,0.58,0,28,0,192.5,51.5,80.0,73.1,0.00,1,1.9,-2.9
34.85,cruise,352.16,-2.16,0.600,1,707.2,173.8,-1387.1,2676.9,-113.93,221.79,120,77,-1,68.2,39.1,67.1,36.6,-0.00,0.00,1.00,0.00,0.00,0.00,11.40,249.09,99,-1,0,-1,-2.9,0.03,0.600,0.604,0.40,0,28,0,192.7,51.9,80.0,72.8,0.00,1,1.6,-3.9
34.95,cruise,352.16,-2.16,0.600,1,695.8,196.0,-1375.7,2654.7,-114.10,221.68,120,77,-1,68.2,38.8,67.4,36.8,-0.00,0.01,1.00,0.00,0.00,0.00,11.31,249.09,99,-1,0,-1,-2.9,0.03,0.600,0.604,0.21,0,28,0,193.0,52.4,80.0,72.5,0.00,1,1.2,-4.9
35.05,cruise,352.14,-2.14,0.602,1,684.4,218.1,-1364.3,2632.5,-114.28,221.59,120,76,-1,68.2,38.7,67.6,36.9,-0.00,-0.00,1.00,0.00,0.00,0.00,11.05,249.08,99,-1,0,-0,-2.9,0.03,0.602,0.605,0.00,0,28,0,193.4,53.0,79.8,72.0,0.00,1,-0.2,-4.8
35.15,cruise,352.11,-2.11,0.611,1,673.0,240.3,-1352.9,2610.4,-114.43,221.52,120,76,-1,68.2,38.6,67.6,36.7,-0.01,-0.02,1.00,0.00,0.00,0.00,10.73,249.10,99,-1,0,0,-2.9,0.04,0.611,0.625,-0.20,0,28,0,194.0,53.5,79.6,71.3,0.00,1,-1.7,-4.7
35.25,cruise,352.05,-2.05,0.622,1,661.5,262.4,-1341.5,2588.2,-114.61,221.51,120,76,-1,68.1,38.4,67.6,36.6,-0.01,-0.02,1.00,0.00,0.00,0.00,10.38,249.11,99,-1,0,1,-2.9,0.04,0.622,0.636,-0.42,0,28,0,194.6,54.0,79.3,70.6,0.00,1,-1.4,-5.2
35.35,cruise,351.98,-1.98,0.632,1,650.0,284.6,-1330.0,2566.1,-114.76,221.51,120,76,-1,68.0,38.3,67.7,36.6,-0.00,-0.01,1.00,0.00,0.00,0.00,10.07,249.20,99,-1,0,2,-2.9,0.05,0.632,0.642,-0.60,0,28,0,195.2,54.6,79.0,70.0,0.00,1,-1.1,-5.6
35.45,cruise,351.89,-1.89,0.643,1,638.6,306.8,-1318.5,2543.9,-114.92,221.58,119,73,-1,67.9,38.1,67.7,36.5,-0.00,-0.01,1.00,0.00,0.00,0.00,9.13,249.30,99,-1,0,2,-2.8,0.05,0.643,0.654,-0.78,0,28,0,195.9,55.1,78.8,69.3,0.00,1,-1.4,-5.4
35.55,cruise,351.79,-1.79,0.654,1,627.0,328.9,-1307.1,2521.7,-115.05,221.66,119,73,-1,67.8,37.9,67.7,36.4,-0.01,-0.01,1.00,0.00,0.00,0.00,8.29,249.47,99,-1,0,3,-2.8,0.06,0.654,0.666,-0.94,0,28,0,196.6,55.7,78.5,68.6,0.00,1,-1.7,-5.3
35.65,cruise,351.67,-1.67,0.665,1,615.5,351.1,-1295.5,2499.6,-115.16,221.76,119,73,-1,67.7,37.7,67.7,36.3,-0.01,-0.01,1.00,0.00,0.00,0.00,7.46,249.63,99,-1,0,4,-2.8,0.06,0.665,0.679,-1.10,0,28,0,197.4,56.2,78.2,67.8,0.00,1,-2.0,-5.2
35.75,cruise,351.53,-1.53,0.677,1,604.0,373.3,-1284.0,2477.4,-115.25,221.86,119,73,-1,67.6,37.6,67.6,36.1,-0.01,-0.02,1.00,0.00,0.00,0.00,6.62,249.79,99,-1,0,5,-2.8,0.07,0.677,0.694,-1.25,0,28,0,198.2,56.7,77.9,67.0,0.00,1,-2.3,-5.0
35.85,cruise,351.39,-1.39,0.690,1,592.5,395.5,-1272.5,2455.2,-115.38,222.09,119,70,-1,67.4,37.3,67.6,36.0,-0.00,-0.01,1.00,0.00,0.00,0.00,5.07,249.95,99,-1,0,5,-2.4,0.07,0.690,0.700,-1.40,0,28,0,198.9,57.3,77.6,66.4,0.00,1,-1.1,-4.9
35.95,cruise,351.23,-1.23,0.700,1,580.9,417.7,-1261.0,2433.0,-115.51,222.39,118,70,-1,67.3,37.0,67.7,36.2,0.00,0.00,1.00,0.00,0.00,0.00,3.93,250.24,99,-1,0,6,-1.6,0.07,0.700,0.701,-1.49,0,28,0,199.3,57.8,77.5,66.0,0.00,1,-0.1,-5.3
36.05,cruise,351.07,-1.07,0.708,1,569.4,440.0,-1249.4,2410.8,-115.62,222.75,118,70,-1,67.1,36.7,67.9,36.6,0.01,0.01,1.00,0.00,0.00,0.00,3.34,250.57,99,-1,0,6,-0.6,0.06,0.708,0.719,-1.53,0,28,0,199.6,58.3,77.6,65.9,0.00,1,0.5,-5.0
36.15,cruise,350.90,-0.90,0.715,1,557.8,462.3,-1237.9,2388.5,-115.75,223.12,118,70,-1,67.0,36.3,68.1,37.2,0.01,0.01,1.00,0.00,0.00,0.00,3.37,250.94,99,-1,0,6,0.2,0.05,0.715,0.733,-1.55,0,28,0,199.8,58.9,77.7,66.0,0.00,1,0.9,-5.1
36.25,cruise,350.73,-0.73,0.724,1,546.2,484.6,-1226.3,2366.2,-115.84,223.51,118,69,-1,66.8,36.0,68.3,37.9,0.01,0.02,1.00,0.00,0.00,0.00,3.67,251.33,99,-1,0,5,0.6,0.04,0.724,0.747,-1.58,0,28,0,199.9,59.3,77.9,66.2,0.00,1,1.0,-4.8
36.35,cruise,350.55,-0.55,0.733,1,534.6,507.0,-1214.7,2343.9,-115.95,223.96,118,69,-1,66.6,35.7,68.5,38.5,0.01,0.02,1.00,0.00,0.00,0.00,4.47,251.70,99,-1,0,5,1.0,0.03,0.733,0.756,-1.63,0,28,0,199.9,59.8,78.1,66.5,0.00,1,0.3,-4.1
36.45,cruise,350.38,-0.38,0.743,1,523.0,529.4,-1203.1,2321.5,-116.04,224.43,119,69,-1,66.4,35.5,68.6,39.0,0.01,0.01,1.00,0.00,0.00,0.00,5.56,252.13,99,-1,0,5,1.2,0.02,0.743,0.762,-1.68,0,28,0,200.0,60.1,78.2,66.6,0.00,1,-0.4,-3.5
36.55,cruise,350.20,-0.20,0.753,1,511.4,551.9,-1191.5,2299.1,-116.15,224.96,119,69,-1,66.2,35.3,68.5,39.3,0.01,0.00,1.00,0.00,0.00,0.00,6.74,252.56,99,-1,0,5,1.3,0.02,0.753,0.765,-1.73,0,28,0,200.3,60.4,78.1,66.6,0.00,1,-1.8,-3.3
36.65,cruise,350.02,-0.02,0.763,1,499.8,574.5,-1179.9,2276.6,-116.26,225.55,119,68,-1,66.0,35.2,68.3,39.5,0.01,-0.00,1.00,0.00,0.00,0.00,7.60,253.06,99,-1,0,5,1.4,0.02,0.763,0.774,-1.77,0,28,0,200.7,60.6,78.0,66.5,0.00,1,-2.7,-2.6
36.75,cruise,349.85,0.15,0.771,1,488.2,597.1,-1168.3,2254.0,-116.39,226.19,119,68,-1,65.8,35.2,68.1,39.6,0.01,-0.01,1.00,0.00,0.00,0.00,8.36,253.61,99,-1,0,5,1.4,0.02,0.771,0.785,-1.77,0,28,0,201.2,60.8,77.8,66.4,0.00,1,-3.0,-2.5
36.85,cruise,349.68,0.32,0.778,1,476.5,619.7,-1156.7,2231.4,-116.49,226.85,119,68,-1,65.7,35.2,67.8,39.7,0.01,-0.01,1.00,0.00,0.00,0.00,8.97,254.22,99,-1,0,6,1.4,0.02,0.778,0.794,-1.75,0,28,0,201.7,61.0,77.6,66.1,0.00,1,-3.3,-2.3
36.95,cruise,349.51,0.49,0.785,1,464.9,642.5,-1145.0,2208.8,-116.58,227.48,119,68,-1,65.5,35.1,67.5,39.7,0.01,-0.01,1.00,0.00,0.00,0.00,9.44,254.83,99,-1,0,6,1.4,0.02,0.785,0.802,-1.72,0,28,0,202.2,61.2,77.3,65.9,0.00,1,-3.6,-2.2
37.05,cruise,349.36,0.64,0.790,1,453.2,665.3,-1133.4,2186.0,-116.64,228.12,119,66,-1,65.3,35.1,67.2,39.6,0.01,-0.02,1.00,0.00,0.00,0.00,9.06,255.45,99,-1,0,6,1.4,0.03,0.790,0.810,-1.67,0,28,0,202.8,61.3,77.0,65.6,0.00,1,-4.0,-2.1
37.15,cruise,349.21,0.79,0.795,1,441.5,688.1,-1121.7,2163.2,-116.72,228.82,119,66,-1,65.1,35.1,66.8,39.5,0.01,-0.02,1.00,0.00,0.00,0.00,8.56,256.07,99,-1,0,6,1.4,0.03,0.795,0.816,-1.61,0,28,0,203.4,61.4,76.7,65.3,0.00,1,-3.8,-1.4
37.25,cruise,349.07,0.93,0.798,1,429.8,711.1,-1110.0,2140.4,-116.77,229.50,119,66,-1,65.0,35.0,66.5,39.4,0.01,-0.02,1.00,0.00,0.00,0.00,7.94,256.75,99,-1,0,7,1.3,0.03,0.798,0.818,-1.51,0,28,0,203.9,61.4,76.5,65.1,0.00,1,-3.4,-0.6
37.35,cruise,348.95,1.05,0.799,1,418.2,734.1,-1098.3,2117.4,-116.85,230.25,119,66,-1,64.8,34.9,66.2,39.3,0.01,-0.02,1.00,0.00,0.00,0.00,7.26,257.40,99,-1,0,7,1.3,0.03,0.799,0.818,-1.40,0,28,0,204.2,61.4,76.2,64.9,0.00,1,-2.8,-0.6
37.45,cruise,348.84,1.16,0.797,1,406.5,757.1,-1086.7,2094.4,-116.91,231.00,118,65,-1,64.7,34.7,65.9,39.3,0.01,-0.01,1.00,0.00,0.00,0.00,6.06,258.13,99,-1,0,7,1.4,0.03,0.797,0.815,-1.24,0,28,0,204.5,61.4,76.1,64.8,0.00,1,-2.1,-0.5
37.55,cruise,348.75,1.25,0.795,1,394.8,780.3,-1075.0,2071.4,-116.96,231.72,118,65,-1,64.7,34.4,65.8,39.3,0.01,-0.01,1.00,0.00,0.00,0.00,5.06,258.85,99,-1,0,7,1.3,0.03,0.795,0.811,-1.08,0,28,0,204.6,61.4,76.0,64.8,0.00,1,-1.3,-0.3
37.65,cruise,348.67,1.33,0.791,1,383.1,803.5,-1063.3,2048.2,-116.98,232.38,118,65,-1,64.6,34.1,65.7,39.4,0.01,-0.01,1.00,0.00,0.00,0.00,4.20,259.53,99,-1,0,7,1.4,0.03,0.791,0.807,-0.90,0,28,0,204.6,61.4,76.0,64.9,0.00,1,-1.1,0.4
37.75,cruise,348.61,1.39,0.788,1,371.4,826.8,-1051.6,2025.0,-116.99,233.02,117,65,-1,64.6,33.7,65.5,39.4,0.01,-0.01,1.00,0.00,0.00,0.00,3.42,260.14,99,-1,0,7,1.3,0.03,0.788,0.804,-0.75,0,28,0,204.5,61.3,75.9,65.0,0.00,1,-0.8,1.0
37.85,cruise,348.56,1.44,0.784,1,359.7,850.2,-1039.9,2001.7,-117.03,233.66,117,65,-1,64.5,33.6,65.4,39.3,0.01,-0.01,1.00,0.00,0.00,0.00,2.71,260.73,99,-1,0,7,1.3,0.03,0.784,0.800,-0.60,0,28,0,204.4,61.1,75.9,65.1,0.00,1,-0.7,1.7
37.95,cruise,348.54,1.46,0.779,1,348.0,873.6,-1028.2,1978.3,-117.05,234.29,117,65,-1,64.5,33.5,65.2,39.2,0.01,-0.01,1.00,0.00,0.00,0.00,1.98,261.32,99,-1,0,6,1.3,0.03,0.779,0.796,-0.44,0,28,0,204.2,60.8,75.9,65.2,0.00,1,-0.5,2.4
38.05,cruise,348.53,1.47,0.773,1,336.3,897.0,-1016.5,1954.9,-117.09,234.91,117,65,-1,64.5,33.4,65.1,39.0,0.01,-0.01,1.00,0.00,0.00,0.00,1.21,261.90,99,-1,0,6,1.4,0.03,0.773,0.790,-0.27,0,28,0,203.9,60.5,75.9,65.4,0.00,1,-0.3,3.1
38.15,cruise,348.53,1.47,0.766,1,324.6,920.6,-1004.8,1931.5,-117.11,235.46,117,65,-1,64.5,33.3,64.9,38.8,0.01,-0.01,1.00,0.00,0.00,0.00,0.33,262.47,99,-1,0,6,1.3,0.03,0.766,0.785,-0.10,0,28,0,203.7,60.1,75.9,65.5,0.00,1,-0.7,3.1
38.25,cruise,348.56,1.44,0.759,1,312.8,944.2,-993.1,1907.9,-117.16,235.99,116,65,-1,64.5,33.3,64.7,38.6,0.01,-0.02,1.00,0.00,0.00,0.00,-0.35,262.98,99,-1,0,6,1.3,0.03,0.759,0.781,0.05,0,28,0,203.5,59.8,75.8,65.6,0.00,1,-1.1,3.2
38.35,cruise,348.60,1.40,0.751,1,301.1,967.8,-981.3,1884.3,-117.20,236.49,116,65,-1,64.6,33.3,64.4,38.3,0.01,-0.02,1.00,0.00,0.00,0.00,-1.27,263.47,99,-1,0,6,1.3,0.03,0.752,0.776,0.20,0,28,0,203.4,59.4,75.7,65.6,0.00,1,-1.5,3.3
38.45,cruise,348.66,1.34,0.738,1,295.3,979.6,-963.8,1848.9,-117.24,236.76,116,65,-1,64.6,33.3,64.1,37.9,0.01,-0.03,1.00,0.00,0.00,0.00,-2.34,264.18,99,-1,0,6,1.3,0.03,0.738,0.765,0.46,0,28,0,203.3,59.0,75.5,65.6,0.00,1,-1.6,3.3
38.55,cruise,348.73,1.27,0.728,1,271.8,1027.1,-952.0,1825.2,-117.32,237.60,115,65,-1,64.7,33.5,63.8,37.6,0.01,-0.03,1.00,0.00,0.00,0.00,-3.75,264.60,99,-1,0,6,1.5,0.03,0.728,0.756,0.62,0,28,0,203.2,58.6,75.4,65.6,0.00,1,-1.1,4.1
38.65,cruise,348.82,1.18,0.717,1,260.1,1050.9,-940.3,1801.4,-117.34,237.92,115,66,-1,64.8,33.6,63.6,37.3,0.01,-0.03,1.00,0.00,0.00,0.00,-5.02,264.94,99,-1,0,6,2.1,0.02,0.717,0.745,0.78,0,28,0,202.9,58.2,75.3,65.8,0.00,1,0.3,4.2
38.75,cruise,348.92,1.08,0.705,1,260.1,1050.9,-928.6,1777.6,-117.34,237.92,115,66,-1,64.9,33.6,63.5,37.2,0.01,-0.02,1.00,0.00,0.00,0.00,-6.16,265.21,99,-1,0,6,2.1,0.01,0.705,0.731,0.95,0,28,0,202.3,57.7,75.5,66.2,0.00,1,0.3,4.2
38.85,cruise,349.03,0.97,0.692,1,236.6,1098.5,-916.8,1753.8,-117.42,238.49,115,66,-1,65.0,33.6,63.6,37.5,0.02,-0.01,1.00,0.00,0.00,0.00,-6.93,265.53,99,-1,0,5,3.9,-0.00,0.692,0.715,1.13,0,28,0,201.4,57.3,75.8,67.0,0.00,1,3.1,4.3
38.95,cruise,349.16,0.84,0.680,1,224.8,1122.4,-905.1,1730.0,-117.45,238.67,115,66,-1,65.2,33.7,63.7,37.9,0.03,-0.01,1.00,0.00,0.00,0.00,-7.26,265.73,99,-1,0,4,4.5,-0.02,0.680,0.703,1.28,0,28,0,200.3,56.8,76.4,68.0,0.00,1,3.3,4.4
39.05,cruise,349.29,0.71,0.670,1,224.8,1122.4,-893.3,1706.1,-117.45,238.67,115,70,-1,65.3,33.8,63.8,38.3,0.03,-0.01,1.00,0.00,0.00,0.00,-5.81,265.94,99,-1,0,3,4.5,-0.04,0.670,0.695,1.38,0,28,0,199.2,56.3,76.9,69.0,0.00,1,3.3,4.4
39.15,cruise,349.43,0.57,0.661,1,201.3,1170.2,-881.6,1682.2,-117.55,238.93,115,70,-1,65.5,34.0,64.0,38.8,0.03,-0.01,1.00,0.00,0.00,0.00,-4.18,266.15,99,-1,0,2,4.9,-0.05,0.661,0.686,1.44,0,28,0,198.0,55.8,77.5,70.2,0.00,1,3.7,5.8
39.25,cruise,349.57,0.43,0.653,1,201.3,1170.2,-869.8,1658.3,-117.55,238.93,116,70,-1,65.6,34.1,64.1,39.2,0.03,-0.01,1.00,0.00,0.00,0.00,-2.53,266.27,99,-1,0,0,4.9,-0.06,0.653,0.680,1.47,0,28,0,196.8,55.1,78.1,71.3,0.00,1,3.7,5.8
39.35,cruise,349.71,0.29,0.647,1,189.6,1194.1,-858.1,1634.4,-117.60,238.97,116,70,-1,65.8,34.3,64.1,39.2,0.02,-0.02,1.00,0.00,0.00,0.00,-1.10,266.34,99,-1,0,-1,4.4,-0.06,0.647,0.674,1.47,0,28,0,195.6,54.3,78.6,72.4,0.00,1,3.5,7.6
39.45,cruise,349.86,0.14,0.642,1,166.0,1241.9,-846.3,1610.5,-117.75,238.93,117,75,-1,65.9,34.3,64.1,39.0,0.01,-0.02,1.00,0.00,0.00,0.00,1.52,266.37,99,-1,0,-2,2.5,-0.05,0.642,0.667,1.44,0,28,0,194.5,53.3,79.1,73.3,0.00,1,3.9,10.9
39.55,brake,350.00,-0.00,0.637,1,154.3,1265.8,0.0,0.0,-117.87,238.89,117,75,-1,59.9,28.3,64.1,38.6,0.04,0.05,1.00,0.00,0.00,0.00,3.39,266.35,99,-1,0,-2,0.9,-0.05,0.637,0.673,1.41,0,28,0,193.4,52.2,79.5,74.1,0.00,1,4.8,12.4
39.65,brake,350.15,-0.15,0.632,1,154.3,1265.8,0.0,0.0,-117.87,238.89,117,75,-1,53.9,22.3,64.2,37.9,0.06,0.15,1.00,0.00,0.00,0.00,4.47,266.34,99,-1,0,-3,0.9,-0.03,0.632,0.715,1.39,0,28,0,192.4,51.0,79.9,74.7,0.00,1,4.8,12.4
39.75,brake,350.30,-0.30,0.626,1,142.5,1289.6,0.0,0.0,-118.04,238.80,117,75,-1,47.9,16.3,64.3,36.8,0.08,0.23,1.00,0.00,0.00,0.00,4.56,266.34,99,-1,0,-3,-0.8,-0.01,0.626,0.752,1.37,0,28,0,191.7,49.6,80.0,75.1,0.00,1,5.0,13.6
39.85,brake,350.45,-0.45,0.623,1,118.8,1337.4,0.0,0.0,-118.51,238.40,117,78,-1,41.9,10.3,64.1,35.0,0.09,0.29,1.00,0.00,0.00,0.00,4.23,266.28,99,-1,0,-3,-3.7,0.01,0.623,0.774,1.28,0,28,0,191.4,48.1,79.8,74.9,0.00,1,-2.3,17.6
39.95,brake,350.61,-0.61,0.625,1,118.8,1337.4,0.0,0.0,-118.51,238.40,117,78,-1,35.9,4.3,63.2,32.2,0.08,0.28,1.00,0.00,0.00,0.00,1.65,266.23,99,-1,0,-2,-3.7,0.03,0.625,0.769,1.12,0,28,0,191.8,46.3,78.7,73.8,0.00,1,-2.3,17.6
40.05,brake,350.77,-0.77,0.627,1,106.9,1361.2,0.0,0.0,-118.87,238.18,116,78,-1,29.9,-1.7,61.4,28.3,0.07,0.21,1.00,0.00,0.00,0.00,-3.83,266.17,99,-1,0,-0,-4.6,0.05,0.627,0.741,0.92,0,28,0,193.1,44.0,76.5,71.7,0.00,1,-10.7,20.7
40.15,brake,350.95,-0.95,0.559,1,83.0,1408.7,0.0,0.0,-119.76,237.52,114,78,-1,23.9,-7.7,58.6,23.6,0.06,0.11,1.00,0.00,0.00,0.00,-12.51,265.82,99,-1,0,3,-4.1,0.07,0.559,0.627,0.72,0,28,0,195.1,41.3,73.0,69.1,0.00,1,-32.0,27.5
40.25,brake,351.16,-1.16,0.550,1,83.0,1408.7,0.0,0.0,-119.76,237.52,111,72,-1,17.9,-13.7,54.7,18.5,0.05,-0.02,1.00,0.00,0.00,0.00,-26.81,264.65,99,-1,0,5,-4.1,0.09,0.550,0.579,0.60,0,28,0,197.4,37.9,68.0,66.3,0.00,1,-32.0,27.5
40.35,brake,351.38,-1.38,0.550,1,71.0,1432.5,0.0,0.0,-120.14,237.00,108,72,-1,11.9,-19.7,50.0,13.7,0.07,-0.12,1.00,0.00,0.00,0.00,-43.06,262.20,99,-1,0,8,-2.5,0.08,0.550,0.627,0.59,0,28,0,199.7,33.8,61.9,64.1,0.00,1,-40.9,30.7
40.45,brake,351.62,-1.62,0.550,1,59.0,1456.1,0.0,0.0,-120.38,236.21,104,72,-1,5.9,-25.7,45.0,9.5,0.12,-0.17,1.00,0.00,0.00,0.00,-60.16,258.20,99,-1,0,9,0.4,0.06,0.550,0.665,0.70,0,28,0,201.4,29.2,54.9,62.9,0.00,1,-45.8,33.0
40.55,brake,351.89,-1.89,0.550,1,46.9,1479.6,0.0,0.0,-120.53,235.24,100,72,-1,-0.1,-29.3,40.1,5.8,0.15,-0.16,1.00,0.00,0.00,0.00,-77.14,252.81,99,-1,0,9,3.8,0.02,0.550,0.673,1.03,0,28,0,202.3,24.1,47.4,62.7,0.00,1,-46.9,34.9
40.65,brake,352.20,-2.20,0.550,1,22.8,1526.4,0.0,0.0,-120.47,232.73,96,67,-1,-6.1,-30.2,35.5,2.4,0.12,-0.11,0.85,0.00,0.00,0.00,-95.93,245.17,99,-1,0,8,11.5,-0.03,0.550,0.642,1.52,0,28,0,202.4,18.6,39.1,63.4,0.00,1,-40.8,41.3
40.75,brake,352.56,-2.56,0.550,1,10.8,1549.5,0.0,0.0,-120.34,231.24,92,67,-1,-12.1,-31.6,31.5,-1.1,0.06,-0.02,0.72,0.00,0.00,0.00,-113.05,236.43,99,-1,0,7,14.5,-0.09,0.550,0.584,2.20,0,28,0,201.7,12.7,29.5,64.9,0.00,1,-36.2,45.8
40.85,brake,353.00,-3.00,0.550,1,10.8,1549.5,0.0,0.0,-120.34,231.24,88,67,-1,-18.1,-33.2,28.2,-4.8,-0.02,0.08,0.62,0.00,0.00,0.00,-128.34,226.90,99,-1,0,5,14.5,-0.14,0.551,0.592,3.01,0,28,0,200.5,6.6,17.2,66.8,0.00,1,-36.2,45.8
40.95,brake,353.50,-3.50,0.550,1,-1.2,1572.5,0.0,0.0,-120.16,229.57,84,67,-1,-24.1,-34.9,25.4,-8.8,-0.10,0.19,0.55,0.00,0.00,0.00,-141.74,216.91,99,-1,0,3,16.5,-0.18,0.551,0.665,3.85,0,28,0,198.9,0.4,1.3,69.1,0.00,1,-32.4,49.3
41.05,brake,354.07,-4.07,0.550,1,-25.2,1618.0,0.0,0.0,-119.83,225.48,82,72,-1,-30.1,-36.5,22.9,-12.9,-0.16,0.26,0.52,0.00,0.00,0.00,-150.68,208.59,99,-1,0,0,17.9,-0.21,0.551,0.719,4.68,0,28,0,197.0,354.4,342.1,71.6,0.00,1,-33.2,50.1
41.15,brake,354.70,-4.70,0.550,1,-25.2,1618.0,0.0,0.0,-119.83,225.48,80,72,-1,-35.4,-37.9,20.3,-16.8,-0.19,0.28,0.52,0.00,0.00,0.00,-158.49,200.21,99,-1,0,-3,17.9,-0.23,0.552,0.739,5.45,0,28,0,194.9,348.5,322.8,74.4,0.00,1,-33.2,50.1
41.25,brake,355.39,-5.39,0.550,1,-49.1,1662.5,0.0,0.0,-119.56,220.52,78,72,-1,-34.8,-39.0,17.3,-20.4,-0.18,0.19,0.53,0.00,0.00,0.00,-165.07,191.99,99,-1,0,-6,16.1,-0.25,0.552,0.699,6.17,0,28,0,192.5,343.2,306.3,77.5,0.00,1,-47.4,40.7
41.35,brake,356.15,-6.15,0.550,1,-61.1,1684.3,0.0,0.0,-119.35,217.71,76,72,-1,-34.6,-39.9,13.3,-23.4,-0.13,0.06,0.54,0.00,0.00,0.00,-170.20,184.27,99,-1,0,-9,14.2,-0.26,0.552,0.629,6.87,0,28,0,189.5,338.5,293.1,80.9,0.00,1,-56.6,33.4
41.45,brake,356.96,-6.96,0.550,1,-61.1,1684.3,0.0,0.0,-119.35,217.71,76,83,-1,-33.8,-40.7,8.3,-25.9,-0.08,-0.08,0.56,0.00,0.00,0.00,-167.89,182.90,99,-1,0,-13,14.2,-0.26,0.552,0.616,7.58,0,28,0,185.8,334.7,282.2,84.7,0.00,1,-56.6,33.4
41.55,brake,357.82,-7.82,0.550,1,-84.8,1727.1,0.0,0.0,-118.18,211.68,77,83,-1,-32.9,-41.2,2.4,-28.1,-0.04,-0.20,0.60,0.00,0.00,0.00,-164.42,182.30,99,-1,0,-17,8.1,-0.26,0.552,0.648,8.29,0,28,0,181.6,332.0,273.0,88.6,0.00,1,-67.1,19.7
41.65,brake,358.74,-8.74,0.550,1,-96.6,1748.0,0.0,0.0,-117.07,208.56,78,83,-1,-32.5,-41.5,-3.9,-29.9,-0.01,-0.28,0.67,0.00,0.00,0.00,-159.38,182.69,99,-1,0,-21,3.6,-0.24,0.552,0.670,8.99,0,28,0,177.1,330.2,265.0,92.5,0.00,1,-66.0,14.5
41.75,brake,359.70,-9.70,0.550,1,-96.6,1748.0,0.0,0.0,-117.07,208.56,80,83,-1,-32.4,-41.5,-10.4,-31.7,-0.00,-0.32,0.76,0.00,0.00,0.00,-152.62,184.15,99,-1,0,-24,3.6,-0.21,0.552,0.679,9.66,0,28,0,173.1,329.3,258.4,96.0,0.00,1,-66.0,14.5
41.85,brake,360.70,-10.70,0.550,1,-119.6,1789.0,0.0,0.0,-113.81,202.46,84,99,-1,-32.6,-41.4,-16.5,-33.2,0.01,-0.31,0.86,0.00,0.00,0.00,-135.68,192.82,99,-1,0,-27,-6.4,-0.18,0.551,0.678,10.26,0,28,0,169.8,328.9,253.4,99.0,0.00,1,-51.0,8.3
41.95,brake,361.74,-11.74,0.550,1,-119.6,1789.0,0.0,0.0,-113.81,202.46,89,99,-1,-33.2,-41.1,-21.9,-34.6,0.02,-0.27,0.95,0.00,0.00,0.00,-118.40,199.81,99,-1,0,-29,-6.4,-0.13,0.551,0.667,10.79,0,28,0,167.7,328.9,250.1,101.1,0.00,1,-51.0,8.3
42.05,brake,362.82,-12.82,0.550,1,-130.8,1809.0,0.0,0.0,-111.76,199.51,93,99,-1,-33.9,-40.6,-26.5,-35.7,0.06,-0.20,1.00,0.00,0.00,0.00,-101.36,204.99,99,-1,0,-31,-11.3,-0.08,0.550,0.652,11.25,0,28,0,166.8,329.0,248.7,102.3,0.00,1,-39.3,7.0
42.15,brake,363.94,-13.94,0.450,1,-152.6,1848.2,0.0,0.0,-107.34,193.84,97,99,-1,-34.9,-39.9,-30.0,-36.4,0.09,-0.12,1.00,0.00,0.00,0.00,-85.19,208.38,99,-1,0,-31,-19.7,-0.02,0.450,0.535,11.59,0,28,0,167.0,328.9,249.1,102.3,0.00,1,-15.6,7.2
42.25,brake,365.10,-15.10,0.380,1,-152.6,1848.2,0.0,0.0,-107.34,193.84,101,101,-1,-36.0,-39.0,-32.6,-36.7,0.13,-0.04,1.00,0.00,0.00,0.00,-69.68,210.34,99,-1,0,-30,-19.7,0.03,0.380,0.448,11.85,0,28,0,168.2,328.6,251.2,101.4,0.00,1,-15.6,7.2
42.35,brake,366.26,-16.26,0.380,1,-163.2,1867.4,0.0,0.0,-105.22,191.16,104,101,-1,-37.1,-38.0,-34.7,-36.8,0.14,0.01,1.00,0.00,0.00,0.00,-55.98,210.90,99,-1,0,-28,-22.4,0.07,0.380,0.441,11.94,0,28,0,170.1,327.9,254.5,99.6,0.00,1,-6.9,8.8
42.45,brake,367.41,-17.41,0.380,1,-173.6,1886.3,0.0,0.0,-103.34,188.66,107,101,-1,-37.7,-36.9,-36.4,-37.0,0.12,0.04,1.00,0.00,0.00,0.00,-44.11,210.54,99,-1,0,-26,-24.1,0.11,0.380,0.443,11.82,0,28,0,172.4,326.8,258.4,97.4,0.00,1,-1.5,11.6
42.55,brake,368.53,-18.53,0.380,1,-193.8,1923.4,0.0,0.0,-99.96,183.87,109,101,-1,-38.3,-35.7,-38.0,-37.3,0.08,0.03,1.00,0.00,0.00,0.00,-33.74,209.50,99,-1,0,-23,-25.0,0.14,0.380,0.426,11.60,0,28,0,174.9,325.3,262.6,95.0,0.00,1,2.1,19.2
42.65,brake,369.64,-19.64,0.380,1,-203.7,1941.6,0.0,0.0,-98.33,181.41,111,92,-1,-39.0,-34.5,-39.7,-38.0,0.03,0.01,1.00,0.00,0.00,0.00,-28.25,207.37,99,-1,0,-21,-24.4,0.15,0.381,0.397,11.39,0,28,0,177.4,323.4,266.5,92.5,0.00,1,2.2,22.6
42.75,brake,370.73,-20.73,0.380,1,-203.7,1941.6,0.0,0.0,-98.33,181.41,112,92,-1,-39.6,-33.2,-41.6,-39.0,-0.02,-0.01,1.00,0.00,0.00,0.00,-22.77,205.08,99,-1,0,-18,-24.4,0.17,0.381,0.395,11.23,0,28,0,179.9,321.0,269.9,90.1,0.00,1,2.2,22.6
42.85,brake,371.79,-21.79,0.380,1,-213.4,1959.6,0.0,0.0,-96.75,178.95,114,92,-1,-40.3,-32.0,-43.4,-40.2,-0.06,-0.03,1.00,0.00,0.00,0.00,-17.22,202.70,99,-1,0,-16,-23.4,0.17,0.381,0.420,11.03,0,28,0,182.5,318.5,272.8,87.7,0.00,1,2.1,25.0
42.95,brake,372.82,-22.82,0.380,1,-223.0,1977.3,0.0,0.0,-95.26,176.44,115,92,-1,-40.8,-30.7,-45.3,-41.5,-0.10,-0.05,1.00,0.00,0.00,0.00,-11.60,200.18,99,-1,0,-14,-21.8,0.16,0.381,0.442,10.75,0,28,0,184.9,315.8,275.1,85.5,0.00,1,2.1,26.2
43.05,brake,373.82,-23.82,0.380,1,-232.4,1994.8,0.0,0.0,-93.80,173.89,116,82,-1,-41.4,-29.5,-47.1,-42.9,-0.13,-0.05,1.00,0.00,0.00,0.00,-9.50,197.35,99,-1,0,-12,-19.8,0.15,0.381,0.454,10.44,0,28,0,187.4,313.1,276.9,83.5,0.00,1,2.3,26.5
43.15,brake,374.79,-24.79,0.380,1,-250.8,2028.9,0.0,0.0,-91.02,168.62,116,82,-1,-41.8,-28.4,-48.6,-44.2,-0.13,-0.04,1.00,0.00,0.00,0.00,-6.70,194.47,99,-1,0,-10,-15.3,0.14,0.380,0.450,10.10,0,28,0,189.9,310.5,278.5,81.6,0.00,1,4.5,22.3
43.25,brake,375.73,-25.73,0.380,1,-250.8,2028.9,0.0,0.0,-91.02,168.62,117,82,-1,-42.2,-27.3,-49.8,-45.2,-0.13,-0.01,1.00,0.00,0.00,0.00,-3.59,191.58,99,-1,0,-8,-15.3,0.13,0.380,0.437,9.70,0,28,0,192.4,308.3,279.9,79.9,0.00,1,4.5,22.3
43.35,brake,376.62,-26.62,0.380,1,-259.8,2045.5,0.0,0.0,-89.73,165.89,118,82,-1,-42.6,-26.3,-50.6,-45.9,-0.11,0.02,1.00,0.00,0.00,0.00,-0.57,188.60,99,-1,0,-6,-12.9,0.11,0.380,0.434,9.26,0,28,0,195.0,306.4,281.2,78.1,0.00,1,6.0,18.7
43.45,brake,377.49,-27.49,0.380,1,-277.4,2078.0,0.0,0.0,-87.33,160.49,118,72,-1,-43.0,-25.4,-50.9,-46.2,-0.09,0.06,1.00,0.00,0.00,0.00,-1.47,185.65,99,-1,0,-5,-8.3,0.09,0.380,0.443,8.81,0,28,0,197.5,305.0,282.4,76.5,0.00,1,7.9,10.6
43.55,brake,378.31,-28.31,0.380,1,-286.1,2093.9,0.0,0.0,-86.23,157.85,118,72,-1,-43.3,-24.6,-51.0,-46.2,-0.08,0.10,1.00,0.00,0.00,0.00,-2.30,182.70,99,-1,0,-3,-6.3,0.08,0.380,0.450,8.34,0,28,0,199.7,304.0,283.6,75.1,0.00,1,7.1,6.8
43.65,brake,379.09,-29.09,0.380,1,-286.1,2093.9,0.0,0.0,-86.23,157.85,118,72,-1,-43.6,-23.9,-50.8,-46.0,-0.07,0.12,1.00,0.00,0.00,0.00,-3.17,179.84,99,-1,0,-2,-6.3,0.06,0.380,0.455,7.88,0,28,0,201.5,303.4,284.5,73.9,0.00,1,7.1,6.8
43.75,brake,379.82,-29.82,0.380,1,-294.6,2109.5,0.0,0.0,-85.19,155.21,117,72,-1,-43.8,-23.4,-50.6,-45.8,-0.07,0.13,1.00,0.00,0.00,0.00,-4.20,177.01,99,-1,0,-1,-4.3,0.04,0.380,0.458,7.42,0,28,0,202.6,303.1,285.2,73.1,0.00,1,5.5,3.4
43.85,brake,380.51,-30.51,0.380,1,-311.4,2139.9,0.0,0.0,-83.21,150.12,116,66,-1,-44.1,-23.0,-50.4,-45.4,-0.06,0.13,1.00,0.00,0.00,0.00,-7.66,174.17,99,-1,0,-1,-1.3,0.03,0.380,0.457,6.98,0,28,0,203.2,303.1,285.6,72.6,0.00,1,0.3,-2.5
43.95,brake,381.16,-31.16,0.380,1,-319.7,2154.7,0.0,0.0,-82.23,147.48,115,66,-1,-44.2,-22.8,-50.4,-45.1,-0.07,0.11,1.00,0.00,0.00,0.00,-10.75,171.30,99,-1,0,-1,-0.4,0.01,0.380,0.453,6.59,0,28,0,203.0,303.4,285.7,72.6,0.00,1,-3.5,-4.9
44.05,brake,381.77,-31.77,0.380,1,-327.8,2169.3,0.0,0.0,-81.27,145.02,115,66,-1,-44.4,-22.7,-50.6,-44.8,-0.08,0.08,1.00,0.00,0.00,0.00,-13.39,168.33,99,-1,0,-1,0.0,-0.00,0.380,0.444,6.24,0,28,0,202.2,303.9,285.3,73.0,0.00,1,-7.3,-7.3
44.15,brake,382.34,-32.34,0.380,1,-335.9,2183.6,0.0,0.0,-80.29,142.56,114,66,-1,-44.5,-22.7,-51.0,-44.5,-0.08,0.05,1.00,0.00,0.00,0.00,-15.47,165.52,99,-1,0,-2,0.1,-0.01,0.380,0.431,5.89,0,28,0,200.8,304.6,284.6,73.7,0.00,1,-10.8,-9.8
44.25,brake,382.87,-32.87,0.380,1,-343.8,2197.6,0.0,0.0,-79.28,140.10,114,70,-1,-44.6,-22.8,-51.7,-44.2,-0.07,0.02,1.00,0.00,0.00,0.00,-15.44,162.88,99,-1,0,-3,0.0,-0.02,0.380,0.416,5.53,0,28,0,198.8,305.5,283.7,74.8,0.00,1,-13.9,-12.3
44.35,brake,383.35,-33.35,0.380,1,-343.8,2197.6,0.0,0.0,-79.28,140.10,114,70,-1,-44.7,-22.9,-52.5,-43.8,-0.07,-0.02,1.00,0.00,0.00,0.00,-15.25,160.25,99,-1,0,-4,0.0,-0.03,0.380,0.415,5.16,0,28,0,196.5,306.6,282.4,76.2,0.00,1,-13.9,-12.3
44.45,brake,383.80,-33.80,0.380,1,-359.4,2225.1,0.0,0.0,-77.05,135.26,114,70,-1,-44.6,-23.1,-53.5,-43.4,-0.06,-0.05,1.00,0.00,0.00,0.00,-14.88,157.67,99,-1,0,-6,-0.7,-0.04,0.380,0.422,4.81,0,28,0,194.0,308.0,281.0,77.8,0.00,1,-17.1,-17.0
44.55,brake,384.21,-34.21,0.380,1,-359.4,2225.1,0.0,0.0,-77.05,135.26,114,70,-1,-44.6,-23.3,-54.5,-42.7,-0.04,-0.07,1.00,0.00,0.00,0.00,-14.51,154.99,99,-1,0,-8,-0.7,-0.05,0.380,0.423,4.46,0,28,0,191.5,309.6,279.6,79.3,0.00,1,-17.1,-17.0
44.65,brake,384.57,-34.57,0.380,1,-367.0,2238.4,0.0,0.0,-75.84,132.89,115,80,-1,-44.6,-23.5,-55.4,-41.9,-0.02,-0.08,1.00,0.00,0.00,0.00,-11.75,152.56,99,-1,0,-9,-1.1,-0.05,0.380,0.421,4.08,0,28,0,189.3,311.4,278.2,80.9,0.00,1,-17.1,-18.8
44.75,brake,384.90,-34.90,0.380,1,-374.5,2251.5,0.0,0.0,-74.56,130.52,116,80,-1,-44.5,-23.6,-56.2,-40.8,-0.00,-0.09,1.00,0.00,0.00,0.00,-9.65,150.00,99,-1,0,-11,-1.6,-0.05,0.380,0.415,3.67,0,28,0,187.5,313.3,277.0,82.2,0.00,1,-16.4,-20.5
44.85,brake,385.19,-35.19,0.380,1,-381.9,2264.4,0.0,0.0,-73.20,128.23,117,80,-1,-44.3,-23.8,-56.8,-39.5,0.02,-0.09,1.00,0.00,0.00,0.00,-8.19,147.43,99,-1,0,-12,-2.4,-0.05,0.380,0.425,3.27,0,28,0,186.0,315.4,276.1,83.4,0.00,1,-14.9,-21.8
44.95,brake,385.44,-35.44,0.380,1,-396.1,2289.5,0.0,0.0,-70.26,123.75,117,80,-1,-44.1,-23.9,-57.3,-37.8,0.05,-0.08,1.00,0.00,0.00,0.00,-7.43,144.77,99,-1,0,-12,-4.3,-0.05,0.380,0.433,2.87,0,28,0,185.0,317.6,275.5,84.1,0.00,1,-10.2,-22.7
45.05,brake,385.66,-35.66,0.380,1,-403.0,2301.7,0.0,0.0,-68.75,121.64,117,85,-1,-43.9,-24.0,-57.6,-35.8,0.08,-0.07,1.00,0.00,0.00,0.00,-6.37,142.16,99,-1,0,-13,-5.3,-0.04,0.380,0.440,2.47,0,28,0,184.5,319.8,275.3,84.5,0.00,1,-7.6,-21.9
45.15,brake,385.83,-35.83,0.380,1,-403.0,2301.7,0.0,0.0,-68.75,121.64,117,85,-1,-43.7,-24.0,-57.7,-33.6,0.10,-0.06,1.00,0.00,0.00,0.00,-6.15,139.59,99,-1,0,-13,-5.3,-0.02,0.380,0.446,2.04,0,28,0,184.3,321.9,275.5,84.4,0.00,1,-7.6,-21.9
45.25,brake,385.96,-35.96,0.380,1,-416.4,2325.5,0.0,0.0,-65.71,117.77,117,85,-1,-43.5,-24.0,-57.7,-31.3,0.12,-0.05,1.00,0.00,0.00,0.00,-6.59,137.14,99,-1,0,-12,-6.4,-0.01,0.380,0.448,1.60,0,28,0,184.5,323.8,276.1,83.9,0.00,1,-2.5,-17.8
45.35,brake,386.06,-36.06,0.380,1,-422.9,2337.2,0.0,0.0,-64.13,115.93,116,85,-1,-43.3,-24.0,-57.5,-28.9,0.13,-0.04,1.00,0.00,0.00,0.00,-7.64,134.65,99,-1,0,-11,-6.8,-0.00,0.380,0.449,1.17,0,28,0,184.9,325.5,277.1,83.1,0.00,1,-0.4,-14.7
45.45,brake,386.11,-36.11,0.380,1,-422.9,2337.2,0.0,0.0,-64.13,115.93,115,83,-1,-43.1,-24.0,-57.3,-26.7,0.14,-0.04,1.00,0.00,0.00,0.00,-9.24,132.16,99,-1,0,-10,-6.8,0.01,0.380,0.449,0.77,0,28,0,185.5,326.8,278.4,82.1,0.00,1,-0.4,-14.7
45.55,brake,386.14,-36.14,0.380,1,-435.3,2359.9,0.0,0.0,-60.91,112.41,114,83,-1,-42.8,-24.0,-57.0,-24.7,0.14,-0.03,1.00,0.00,0.00,0.00,-11.02,129.70,99,-1,0,-9,-7.2,0.02,0.380,0.447,0.42,0,28,0,186.3,327.8,279.9,80.8,0.00,1,3.3,-6.7
45.65,brake,386.14,-36.14,0.380,1,-441.3,2371.0,0.0,0.0,-59.30,110.74,113,83,-1,-42.6,-24.0,-56.6,-23.0,0.13,-0.02,1.00,0.00,0.00,0.00,-12.88,127.20,99,-1,0,-8,-7.0,0.03,0.380,0.442,0.07,0,28,0,187.2,328.4,281.6,79.4,0.00,1,4.8,-2.4
45.75,brake,386.11,-36.11,0.380,1,-447.1,2382.0,0.0,0.0,-57.72,109.07,111,83,-1,-42.4,-24.0,-56.2,-21.7,0.12,-0.02,1.00,0.00,0.00,0.00,-14.65,124.77,99,-1,0,-6,-6.4,0.04,0.380,0.435,-0.24,0,28,0,188.2,328.5,283.2,78.0,0.00,1,6.0,2.0
45.85,brake,386.06,-36.06,0.380,1,-447.1,2382.0,0.0,0.0,-57.72,109.07,110,80,-1,-42.2,-24.1,-55.7,-20.9,0.11,-0.01,1.00,0.00,0.00,0.00,-16.92,122.24,99,-1,0,-5,-6.4,0.04,0.380,0.426,-0.54,0,28,0,189.2,328.2,284.6,76.6,0.00,1,6.0,2.0
45.95,brake,385.98,-35.98,0.380,1,-452.7,2392.8,0.0,0.0,-56.16,107.40,109,80,-1,-42.0,-24.2,-55.1,-20.6,0.08,-0.00,1.00,0.00,0.00,0.00,-18.78,119.74,99,-1,0,-4,-5.9,0.05,0.380,0.416,-0.82,0,28,0,190.3,327.5,285.9,75.3,0.00,1,7.1,6.5
46.05,brake,385.89,-35.89,0.380,1,-458.2,2403.4,0.0,0.0,-54.62,105.73,108,80,-1,-41.9,-24.2,-54.7,-20.7,0.06,-0.01,1.00,0.00,0.00,0.00,-20.18,117.29,99,-1,0,-2,-5.5,0.05,0.380,0.408,-1.06,0,28,0,191.5,326.4,287.0,74.0,0.00,1,7.6,10.7
46.15,brake,385.77,-35.77,0.380,1,-468.8,2424.1,0.0,0.0,-51.65,102.30,107,80,-1,-41.8,-24.3,-54.2,-21.3,0.03,-0.02,1.00,0.00,0.00,0.00,-21.07,114.91,99,-1,0,-1,-4.7,0.05,0.380,0.401,-1.26,0,28,0,192.7,324.9,287.8,72.8,0.00,1,7.6,17.9
46.25,brake,385.64,-35.64,0.380,1,-473.8,2434.2,0.0,0.0,-50.25,100.55,106,75,-1,-41.8,-24.3,-53.9,-22.3,0.00,-0.03,1.00,0.00,0.00,0.00,-22.41,112.39,99,-1,0,0,-4.3,0.06,0.380,0.394,-1.44,0,28,0,194.0,323.1,288.4,71.6,0.00,1,7.9,20.6
46.35,brake,385.49,-35.49,0.380,1,-473.8,2434.2,0.0,0.0,-50.25,100.55,105,75,-1,-41.8,-24.3,-53.6,-23.5,-0.02,-0.03,1.00,0.00,0.00,0.00,-23.13,110.00,99,-1,0,1,-4.3,0.06,0.380,0.402,-1.64,0,28,0,195.4,321.1,288.8,70.5,0.00,1,7.9,20.6
46.45,brake,385.32,-35.32,0.380,1,-483.6,2453.9,0.0,0.0,-47.76,97.03,104,75,-1,-41.8,-24.2,-53.3,-24.9,-0.05,-0.04,1.00,0.00,0.00,0.00,-23.35,107.76,99,-1,0,2,-3.0,0.06,0.380,0.413,-1.89,0,28,0,196.9,318.9,289.2,69.4,0.00,1,8.8,22.5
46.55,brake,385.12,-35.12,0.380,1,-488.3,2463.4,0.0,0.0,-46.59,95.19,104,75,-1,-41.8,-24.1,-52.9,-26.4,-0.06,-0.03,1.00,0.00,0.00,0.00,-23.15,105.64,99,-1,0,3,-2.1,0.06,0.380,0.417,-2.14,0,28,0,198.5,316.8,289.6,68.4,0.00,1,9.7,22.1
46.65,brake,384.90,-34.90,0.380,1,-488.3,2463.4,0.0,0.0,-46.59,95.19,103,69,-1,-41.8,-24.0,-52.5,-27.8,-0.08,-0.02,1.00,0.00,0.00,0.00,-23.88,103.25,99,-1,0,4,-2.1,0.06,0.380,0.418,-2.38,0,28,0,200.2,314.8,290.1,67.5,0.00,1,9.7,22.1
46.75,brake,384.66,-34.66,0.380,1,-497.3,2482.0,0.0,0.0,-44.46,91.41,103,69,-1,-41.9,-24.0,-52.0,-29.2,-0.09,0.00,1.00,0.00,0.00,0.00,-24.17,100.98,99,-1,0,5,-0.4,0.05,0.380,0.417,-2.61,0,28,0,202.0,312.8,290.6,66.5,0.00,1,11.4,19.6
46.85,brake,384.39,-34.39,0.380,1,-497.3,2482.0,0.0,0.0,-44.46,91.41,102,69,-1,-41.9,-23.9,-51.4,-30.5,-0.10,0.02,1.00,0.00,0.00,0.00,-24.20,98.72,99,-1,0,6,-0.4,0.05,0.380,0.427,-2.83,0,28,0,203.9,311.2,291.2,65.7,0.00,1,11.4,19.6
46.95,brake,384.11,-34.11,0.380,1,-501.7,2491.0,0.0,0.0,-43.49,89.47,102,69,-1,-41.9,-23.8,-50.7,-31.5,-0.10,0.04,1.00,0.00,0.00,0.00,-24.07,96.53,99,-1,0,7,0.3,0.04,0.380,0.434,-3.03,0,28,0,205.8,309.7,291.9,64.8,0.00,1,11.8,17.3
47.05,brake,383.81,-33.81,0.380,1,-506.0,2499.8,0.0,0.0,-42.60,87.45,101,62,-1,-41.9,-23.7,-49.9,-32.4,-0.10,0.06,1.00,0.00,0.00,0.00,-25.55,93.86,99,-1,0,8,1.1,0.04,0.380,0.441,-3.21,0,28,0,207.5,308.6,292.6,64.1,0.00,1,11.9,14.6
47.15,brake,383.50,-33.50,0.380,1,-510.2,2508.4,0.0,0.0,-41.80,85.52,100,62,-1,-42.0,-23.7,-49.0,-33.0,-0.09,0.07,1.00,0.00,0.00,0.00,-26.79,91.34,99,-1,0,8,2.0,0.03,0.380,0.445,-3.40,0,28,0,208.9,307.9,293.2,63.5,0.00,1,11.4,11.3
47.25,brake,383.15,-33.15,0.380,1,-518.3,2525.0,0.0,0.0,-40.41,81.74,99,62,-1,-42.0,-23.7,-48.2,-33.5,-0.09,0.07,1.00,0.00,0.00,0.00,-27.84,88.87,99,-1,0,9,4.1,0.02,0.380,0.445,-3.61,0,28,0,209.9,307.4,293.7,63.2,0.00,1,7.8,4.9
47.35,brake,382.78,-32.78,0.380,1,-522.3,2533.1,0.0,0.0,-39.77,79.98,98,62,-1,-41.9,-23.7,-47.5,-33.9,-0.09,0.07,1.00,0.00,0.00,0.00,-28.76,86.53,99,-1,0,9,4.9,0.01,0.380,0.443,-3.83,0,28,0,210.4,307.3,294.1,63.1,0.00,1,5.5,1.9
47.45,brake,382.39,-32.39,0.380,1,-522.3,2533.1,0.0,0.0,-39.77,79.98,97,59,-1,-41.9,-23.9,-46.9,-34.2,-0.08,0.06,1.00,0.00,0.00,0.00,-30.24,84.05,99,-1,0,8,4.9,-0.00,0.380,0.437,-4.03,0,28,0,210.4,307.4,294.2,63.3,0.00,1,5.5,1.9
47.55,brake,381.98,-31.98,0.380,1,-530.1,2548.6,0.0,0.0,-38.56,76.38,96,59,-1,-41.8,-24.0,-46.4,-34.3,-0.07,0.05,1.00,0.00,0.00,0.00,-31.47,81.53,99,-1,0,8,5.8,-0.01,0.380,0.429,-4.22,0,28,0,210.0,307.8,294.2,63.8,0.00,1,0.6,-3.7
47.65,brake,381.54,-31.54,0.380,1,-534.0,2556.1,0.0,0.0,-37.95,74.62,94,59,-1,-41.8,-24.2,-46.1,-34.3,-0.06,0.03,1.00,0.00,0.00,0.00,-32.46,79.16,99,-1,0,7,5.9,-0.02,0.380,0.418,-4.39,0,28,0,209.2,308.4,293.9,64.4,0.00,1,-2.0,-6.3
47.75,brake,381.09,-31.09,0.380,1,-537.7,2563.4,0.0,0.0,-37.31,72.86,94,59,-1,-41.7,-24.5,-45.9,-34.1,-0.05,0.01,1.00,0.00,0.00,0.00,-33.21,76.85,99,-1,0,6,5.9,-0.03,0.380,0.405,-4.56,0,28,0,208.0,309.2,293.4,65.2,0.00,1,-4.3,-8.6
47.85,brake,380.61,-30.61,0.380,1,-537.7,2563.4,0.0,0.0,-37.31,72.86,93,62,-1,-41.6,-24.8,-45.9,-33.8,-0.04,-0.01,1.00,0.00,0.00,0.00,-32.87,74.97,99,-1,0,6,5.9,-0.03,0.380,0.399,-4.69,0,28,0,206.5,310.1,292.8,66.2,0.00,1,-4.3,-8.6
47.95,brake,380.12,-30.12,0.380,1,-545.0,2577.6,0.0,0.0,-35.97,69.43,93,62,-1,-41.5,-25.1,-46.0,-33.4,-0.02,-0.03,1.00,0.00,0.00,0.00,-32.53,73.08,99,-1,0,4,5.3,-0.04,0.380,0.399,-4.81,0,28,0,204.9,311.3,292.1,67.3,0.00,1,-7.1,-12.2
48.05,brake,379.62,-29.62,0.380,1,-545.0,2577.6,0.0,0.0,-35.97,69.43,93,62,-1,-41.4,-25.4,-46.2,-32.9,-0.01,-0.04,1.00,0.00,0.00,0.00,-32.16,71.28,99,-1,0,3,5.3,-0.04,0.380,0.398,-4.95,0,28,0,203.2,312.5,291.4,68.4,0.00,1,-7.1,-12.2
48.15,brake,379.09,-29.09,0.380,1,-548.5,2584.4,0.0,0.0,-35.24,67.76,93,62,-1,-41.3,-25.7,-46.4,-32.3,0.01,-0.05,1.00,0.00,0.00,0.00,-31.76,69.47,99,-1,0,2,4.7,-0.04,0.380,0.404,-5.12,0,28,0,201.5,313.7,290.7,69.4,0.00,1,-7.6,-13.2
48.25,brake,378.55,-28.55,0.380,1,-555.4,2597.6,0.0,0.0,-33.66,64.51,94,69,-1,-41.2,-26.0,-46.6,-31.5,0.03,-0.06,1.00,0.00,0.00,0.00,-30.23,68.23,99,-1,0,1,2.9,-0.04,0.380,0.415,-5.29,0,28,0,200.0,315.1,290.1,70.4,0.00,1,-7.1,-14.1
48.35,brake,377.99,-27.99,0.380,1,-558.7,2603.9,0.0,0.0,-32.78,62.93,94,69,-1,-41.1,-26.2,-46.8,-30.6,0.04,-0.06,1.00,0.00,0.00,0.00,-28.89,66.79,99,-1,0,1,2.3,-0.03,0.380,0.422,-5.44,0,28,0,198.7,316.4,289.6,71.2,0.00,1,-5.9,-13.7
48.45,brake,377.42,-27.42,0.380,1,-558.7,2603.9,0.0,0.0,-32.78,62.93,95,69,-1,-41.0,-26.5,-46.9,-29.7,0.06,-0.06,1.00,0.00,0.00,0.00,-27.73,65.32,99,-1,0,-0,2.3,-0.03,0.380,0.426,-5.57,0,28,0,197.7,317.7,289.3,71.8,0.00,1,-5.9,-13.7
48.55,brake,376.84,-26.84,0.380,1,-565.0,2616.1,0.0,0.0,-30.92,59.94,95,69,-1,-40.9,-26.8,-46.9,-28.7,0.07,-0.05,1.00,0.00,0.00,0.00,-26.74,63.84,99,-1,0,-0,0.9,-0.02,0.380,0.428,-5.70,0,28,0,196.9,318.9,289.2,72.2,0.00,1,-2.9,-11.8
48.65,brake,376.26,-26.26,0.380,1,-568.0,2622.0,0.0,0.0,-29.97,58.45,95,73,-1,-40.8,-27.0,-46.8,-27.8,0.08,-0.04,1.00,0.00,0.00,0.00,-25.34,62.50,99,-1,0,-1,0.5,-0.02,0.380,0.428,-5.82,0,28,0,196.3,320.0,289.3,72.5,0.00,1,-0.9,-10.1
48.75,brake,375.66,-25.66,0.380,1,-568.0,2622.0,0.0,0.0,-29.97,58.45,96,73,-1,-40.6,-27.2,-46.6,-26.8,0.09,-0.02,1.00,0.00,0.00,0.00,-24.21,61.06,99,-1,0,-1,0.5,-0.01,0.380,0.423,-5.96,0,28,0,196.1,321.0,289.6,72.5,0.00,1,-0.9,-10.1
48.85,brake,375.05,-25.05,0.380,1,-573.8,2633.3,0.0,0.0,-28.02,55.72,96,73,-1,-40.5,-27.5,-46.2,-26.1,0.09,-0.00,1.00,0.00,0.00,0.00,-23.26,59.71,99,-1,0,-1,0.1,-0.01,0.380,0.414,-6.11,0,28,0,196.0,321.7,290.0,72.5,0.00,1,2.9,-5.4
48.95,brake,374.43,-24.43,0.380,1,-576.5,2638.8,0.0,0.0,-27.03,54.32,96,73,-1,-40.4,-27.8,-45.8,-25.5,0.08,0.01,1.00,0.00,0.00,0.00,-22.38,58.22,99,-1,0,-1,-0.1,-0.00,0.380,0.415,-6.19,0,28,0,196.1,322.3,290.5,72.3,0.00,1,3.5,-2.8
49.05,brake,373.82,-23.82,0.380,1,-579.2,2644.1,0.0,0.0,-26.04,52.91,96,73,-1,-40.3,-28.0,-45.4,-25.1,0.07,0.01,1.00,0.00,0.00,0.00,-21.61,56.69,99,-1,0,-0,-0.2,-0.00,0.380,0.410,-6.21,0,28,0,196.4,322.5,291.0,72.1,0.00,1,3.8,-0.2
49.15,brake,373.21,-23.21,0.280,1,-579.2,2644.1,0.0,0.0,-26.04,52.91,95,73,-1,-39.4,-27.6,-45.0,-25.0,0.05,-0.01,1.00,0.00,0.00,0.00,-20.86,55.16,99,-1,0,-0,-0.2,0.00,0.280,0.300,-6.21,0,28,0,196.7,322.6,291.4,71.8,0.00,1,3.8,-0.2
49.25,brake,372.59,-22.59,0.250,1,-581.7,2649.3,0.0,0.0,-25.05,51.59,95,73,-1,-38.0,-27.0,-44.7,-25.1,0.02,-0.03,1.00,0.00,0.00,0.00,-20.09,53.72,99,-1,0,0,-0.2,0.00,0.250,0.268,-6.20,0,28,0,197.0,322.3,291.6,71.6,0.00,1,3.9,2.5
49.35,brake,371.96,-21.96,0.250,1,-586.5,2659.3,0.0,0.0,-23.60,49.39,95,73,-1,-36.9,-26.3,-44.4,-25.5,-0.01,-0.05,1.00,0.00,0.00,0.00,-19.46,52.39,99,-1,0,0,-0.3,0.01,0.250,0.275,-6.38,0,28,0,197.5,321.9,291.8,71.3,0.00,1,4.1,6.6
49.45,brake,371.28,-21.28,0.250,1,-588.8,2664.2,0.0,0.0,-22.98,48.43,95,71,-1,-36.0,-25.7,-44.2,-26.0,-0.03,-0.06,1.00,0.00,0.00,0.00,-19.12,51.29,99,-1,0,1,-0.3,0.01,0.250,0.288,-6.76,0,28,0,197.9,321.3,292.0,71.0,0.00,1,4.7,7.1
49.55,brake,370.56,-20.56,0.269,1,-588.8,2664.2,0.0,0.0,-22.98,48.43,95,71,-1,-35.1,-25.2,-43.9,-26.5,-0.04,-0.07,1.00,0.00,0.00,0.00,-18.75,50.22,99,-1,0,1,-0.3,0.01,0.269,0.312,-7.17,0,28,0,198.5,320.6,292.2,70.7,0.00,1,4.7,7.1
49.65,brake,369.81,-19.81,0.303,1,-593.3,2673.6,0.0,0.0,-21.80,46.41,95,71,-1,-34.2,-24.6,-43.5,-26.9,-0.05,-0.06,1.00,0.00,0.00,0.00,-18.36,49.16,99,-1,0,1,-0.1,0.01,0.303,0.347,-7.59,0,28,0,199.1,320.1,292.5,70.4,0.00,1,6.9,6.4
49.75,brake,369.01,-19.01,0.337,1,-595.4,2678.2,0.0,0.0,-21.18,45.35,95,71,-1,-33.4,-24.0,-42.9,-27.3,-0.05,-0.05,1.00,0.00,0.00,0.00,-17.97,48.02,99,-1,0,2,-0.0,0.01,0.337,0.378,-7.98,0,28,0,199.8,319.6,293.0,69.9,0.00,1,8.6,5.4
49.85,brake,368.20,-18.20,0.368,1,-595.4,2678.2,0.0,0.0,-21.18,45.35,94,68,-1,-32.5,-23.4,-42.1,-27.4,-0.04,-0.03,1.00,0.00,0.00,0.00,-17.89,46.75,99,-1,0,2,-0.0,0.02,0.368,0.397,-8.30,0,28,0,200.6,319.3,293.7,69.4,0.00,1,8.6,5.4
49.95,brake,367.36,-17.36,0.393,1,-599.5,2687.0,0.0,0.0,-19.86,42.80,94,68,-1,-31.4,-22.7,-41.1,-27.4,-0.04,-0.01,1.00,0.00,0.00,0.00,-17.78,45.30,99,-1,0,3,0.0,0.02,0.393,0.409,-8.51,0,28,0,201.5,319.2,294.6,68.7,0.00,1,11.4,2.5
50.05,brake,366.52,-16.52,0.413,1,-599.5,2687.0,0.0,0.0,-19.86,42.80,93,68,-1,-30.4,-21.9,-40.1,-27.2,-0.03,0.01,1.00,0.00,0.00,0.00,-17.68,43.75,99,-1,0,4,0.0,0.03,0.413,0.428,-8.60,0,28,0,202.5,319.3,295.6,68.1,0.00,1,11.4,2.5
50.15,brake,365.69,-15.69,0.428,1,-601.4,2691.1,0.0,0.0,-19.20,41.48,92,68,-1,-29.4,-21.1,-38.9,-26.8,-0.02,0.02,1.00,0.00,0.00,0.00,-17.59,42.19,99,-1,0,4,0.1,0.03,0.428,0.443,-8.60,0,28,0,203.3,319.5,296.8,67.4,0.00,1,11.8,0.8
50.25,brake,364.87,-14.87,0.438,1,-605.1,2699.1,0.0,0.0,-17.91,38.67,91,65,-1,-28.3,-20.3,-37.7,-26.4,-0.02,0.02,1.00,0.00,0.00,0.00,-17.88,40.38,99,-1,0,5,1.1,0.03,0.438,0.452,-8.50,0,28,0,204.0,320.0,297.9,66.9,0.00,1,11.5,-2.2
50.35,brake,364.06,-14.06,0.445,1,-606.8,2702.9,0.0,0.0,-17.27,37.27,90,65,-1,-27.2,-19.6,-36.4,-25.9,-0.02,0.02,1.00,0.00,0.00,0.00,-18.11,38.58,99,-1,0,5,1.4,0.02,0.445,0.459,-8.32,0,28,0,204.6,320.5,299.1,66.4,0.00,1,11.4,-2.7
50.45,brake,363.28,-13.28,0.449,1,-606.8,2702.9,0.0,0.0,-17.27,37.27,88,65,-1,-26.1,-18.8,-35.2,-25.4,-0.02,0.02,1.00,0.00,0.00,0.00,-18.26,36.79,99,-1,0,6,1.4,0.02,0.449,0.465,-8.09,0,28,0,205.1,321.2,300.3,66.0,0.00,1,11.4,-2.7
50.55,brake,362.52,-12.52,0.451,1,-608.5,2706.5,0.0,0.0,-16.66,35.95,87,65,-1,-25.1,-18.1,-33.9,-24.9,-0.03,0.02,0.98,0.00,0.00,0.00,-18.35,35.11,99,-1,0,6,1.6,0.02,0.451,0.469,-7.83,0,28,0,205.6,321.8,301.4,65.6,0.00,1,11.2,-3.0
50.65,brake,361.79,-11.79,0.453,1,-610.1,2710.0,0.0,0.0,-16.06,34.63,86,63,-1,-24.1,-17.4,-32.7,-24.4,-0.03,0.02,0.94,0.00,0.00,0.00,-18.58,33.35,99,-1,0,6,1.8,0.02,0.453,0.473,-7.55,0,28,0,206.0,322.5,302.5,65.2,0.00,1,11.0,-3.1
50.75,brake,361.10,-11.10,0.452,1,-613.2,2716.6,0.0,0.0,-14.94,31.99,84,63,-1,-23.1,-16.7,-31.6,-23.9,-0.03,0.01,0.90,0.00,0.00,0.00,-18.70,31.62,99,-1,0,7,2.4,0.02,0.452,0.470,-7.23,0,28,0,206.3,323.3,303.6,65.0,0.00,1,9.6,-4.5
50.85,brake,360.44,-10.44,0.449,1,-613.2,2716.6,0.0,0.0,-14.94,31.99,83,63,-1,-22.2,-16.0,-30.4,-23.3,-0.03,0.01,0.87,0.00,0.00,0.00,-18.73,29.93,99,-1,0,7,2.4,0.02,0.449,0.463,-6.86,0,28,0,206.5,324.1,304.6,64.8,0.00,1,9.6,-4.5
50.95,brake,359.81,-9.81,0.444,1,-616.1,2722.7,0.0,0.0,-13.93,29.53,82,63,-1,-21.2,-15.4,-29.4,-22.7,-0.03,0.00,0.83,0.00,0.00,0.00,-18.69,28.37,99,-1,0,7,3.8,0.01,0.444,0.454,-6.48,0,28,0,206.5,325.1,305.5,64.8,0.00,1,8.2,-6.4
51.05,brake,359.22,-9.22,0.439,1,-617.4,2725.5,0.0,0.0,-13.45,28.39,80,63,-1,-20.4,-14.8,-28.3,-22.1,-0.02,-0.00,0.80,0.00,0.00,0.00,-18.63,26.81,99,-1,0,7,4.5,0.00,0.439,0.448,-6.12,0,28,0,206.3,326.1,306.4,64.9,0.00,1,7.9,-6.9
51.15,brake,358.67,-8.67,0.433,1,-618.7,2728.3,0.0,0.0,-12.99,27.25,79,63,-1,-19.5,-14.3,-27.3,-21.5,-0.02,-0.00,0.77,0.00,0.00,0.00,-18.50,25.39,99,-1,0,7,4.9,-0.01,0.433,0.443,-5.76,0,28,0,206.1,327.1,307.2,65.0,0.00,1,7.6,-7.1
51.25,brake,358.15,-8.15,0.427,1,-618.7,2728.3,0.0,0.0,-12.99,27.25,78,63,-1,-18.6,-13.8,-26.3,-20.8,-0.02,-0.00,0.73,0.00,0.00,0.00,-18.30,24.00,99,-1,0,6,4.9,-0.01,0.427,0.436,-5.39,0,28,0,205.8,328.2,308.0,65.2,0.00,1,7.6,-7.1
51.35,brake,357.67,-7.67,0.418,1,-621.2,2733.4,0.0,0.0,-12.06,25.05,77,63,-1,-17.8,-13.3,-25.3,-20.2,-0.02,-0.00,0.70,0.00,0.00,0.00,-18.04,22.65,99,-1,0,6,5.5,-0.02,0.418,0.429,-5.01,0,28,0,205.5,329.3,308.8,65.5,0.00,1,7.1,-7.2
51.45,brake,357.23,-7.23,0.408,1,-622.4,2735.9,0.0,0.0,-11.62,24.08,76,64,-1,-17.0,-12.8,-24.3,-19.6,-0.02,-0.01,0.66,0.00,0.00,0.00,-17.65,21.48,99,-1,0,6,5.5,-0.02,0.408,0.420,-4.61,0,28,0,205.1,330.4,309.5,65.8,0.00,1,6.7,-7.1
51.55,brake,356.83,-6.83,0.395,1,-622.4,2735.9,0.0,0.0,-11.62,24.08,76,64,-1,-16.2,-12.4,-23.4,-19.0,-0.02,-0.01,0.63,0.00,0.00,0.00,-17.26,20.42,99,-1,0,6,5.5,-0.03,0.395,0.409,-4.19,0,28,0,204.7,331.5,310.2,66.1,0.00,1,6.7,-7.1
51.65,brake,356.46,-6.46,0.383,1,-624.6,2740.5,0.0,0.0,-10.79,22.24,75,64,-1,-15.5,-12.0,-22.4,-18.4,-0.02,-0.01,0.60,0.00,0.00,0.00,-16.85,19.38,99,-1,0,5,5.6,-0.03,0.383,0.393,-3.80,0,28,0,204.3,332.6,311.0,66.5,0.00,1,6.8,-8.2
51.75,brake,356.13,-6.13,0.372,1,-624.6,2740.5,0.0,0.0,-10.79,22.24,74,64,-1,-14.8,-11.7,-21.5,-17.7,0.00,-0.01,0.56,0.00,0.00,0.00,-16.46,18.43,99,-1,0,5,5.6,-0.03,0.372,0.375,-3.46,0,28,0,203.9,333.7,311.9,66.8,0.00,1,6.8,-8.2
51.85,brake,355.82,-5.82,0.365,1,-625.6,2742.6,0.0,0.0,-10.42,21.36,74,66,-1,-14.1,-11.3,-20.6,-16.9,0.01,-0.01,0.53,0.00,0.00,0.00,-15.99,17.58,99,-1,0,5,5.4,-0.03,0.365,0.373,-3.21,0,28,0,203.4,335.0,312.8,67.1,0.00,1,6.6,-8.8
51.95,brake,355.53,-5.53,0.360,1,-626.7,2744.7,0.0,0.0,-10.06,20.65,73,66,-1,-13.5,-11.1,-19.8,-16.1,0.02,-0.01,0.49,0.00,0.00,0.00,-15.58,16.88,99,-1,0,4,5.3,-0.03,0.360,0.371,-3.01,0,28,0,203.0,336.1,313.8,67.5,0.00,1,6.3,-8.8
52.05,brake,355.25,-5.25,0.354,1,-628.6,2748.7,0.0,0.0,-9.36,19.25,73,66,-1,-13.0,-10.8,-19.0,-15.4,0.02,-0.01,0.46,0.00,0.00,0.00,-15.17,16.20,99,-1,0,4,5.2,-0.04,0.354,0.368,-2.79,0,28,0,202.6,337.3,314.8,67.8,0.00,1,5.9,-8.7
52.15,brake,355.00,-5.00,0.347,1,-628.6,2748.7,0.0,0.0,-9.36,19.25,72,66,-1,-12.4,-10.5,-18.2,-14.6,0.03,-0.02,0.43,0.00,0.00,0.00,-14.74,15.52,99,-1,0,4,5.2,-0.04,0.347,0.364,-2.57,0,28,0,202.1,338.5,315.8,68.2,0.00,1,5.9,-8.7
52.25,brake,354.78,-4.78,0.339,1,-629.5,2750.5,0.0,0.0,-9.03,18.54,72,67,-1,-11.9,-10.2,-17.5,-13.9,0.03,-0.02,0.39,0.00,0.00,0.00,-14.25,14.91,99,-1,0,3,5.1,-0.04,0.339,0.359,-2.34,0,28,0,201.7,339.6,316.9,68.6,0.00,1,5.6,-8.5
52.35,brake,354.57,-4.57,0.332,1,-631.2,2754.1,0.0,0.0,-8.37,17.40,72,67,-1,-11.3,-10.0,-16.7,-13.2,0.02,-0.02,0.36,0.00,0.00,0.00,-13.80,14.38,99,-1,0,3,4.4,-0.04,0.332,0.348,-2.14,0,28,0,201.3,340.6,317.9,68.9,0.00,1,6.1,-6.7
52.45,brake,354.38,-4.38,0.326,1,-632.0,2755.8,0.0,0.0,-8.09,16.88,72,67,-1,-10.8,-9.8,-16.0,-12.7,0.01,-0.01,0.33,0.00,0.00,0.00,-13.37,13.93,99,-1,0,3,3.9,-0.03,0.326,0.337,-1.96,0,28,0,201.0,341.5,318.9,69.2,0.00,1,6.1,-5.2
52.55,brake,354.20,-4.20,0.321,1,-632.0,2755.8,0.0,0.0,-8.09,16.88,72,67,-1,-10.4,-9.6,-15.3,-12.3,-0.00,-0.01,0.31,0.00,0.00,0.00,-12.99,13.47,99,-1,0,2,3.9,-0.03,0.321,0.328,-1.80,0,28,0,200.8,342.2,319.7,69.4,0.00,1,6.1,-5.2
52.65,brake,354.04,-4.04,0.318,1,-632.8,2757.4,0.0,0.0,-7.80,16.35,72,68,-1,-10.0,-9.4,-14.6,-12.0,-0.02,-0.01,0.28,0.00,0.00,0.00,-12.56,13.05,99,-1,0,2,3.5,-0.03,0.318,0.330,-1.71,0,28,0,200.6,342.8,320.5,69.6,0.00,1,6.2,-3.8
52.75,brake,353.87,-3.87,0.320,1,-634.3,2760.6,0.0,0.0,-7.29,15.47,72,68,-1,-9.6,-9.2,-13.9,-11.7,-0.02,-0.01,0.26,0.00,0.00,0.00,-12.19,12.70,99,-1,0,2,3.0,-0.02,0.320,0.333,-1.69,0,28,0,200.4,343.3,321.2,69.8,0.00,1,6.1,-2.9
52.85,brake,353.70,-3.70,0.323,1,-634.3,2760.6,0.0,0.0,-7.29,15.47,71,68,-1,-9.3,-9.0,-13.2,-11.5,-0.02,-0.01,0.24,0.00,0.00,0.00,-11.84,12.34,99,-1,0,2,3.0,-0.02,0.323,0.337,-1.69,0,28,0,200.2,343.9,321.8,70.0,0.00,1,6.1,-2.9
52.95,brake,353.54,-3.54,0.326,1,-635.0,2762.1,0.0,0.0,-7.08,15.03,71,68,-1,-8.9,-8.8,-12.5,-11.2,-0.03,-0.01,0.22,0.00,0.00,0.00,-11.51,11.97,99,-1,0,2,2.9,-0.02,0.326,0.341,-1.69,0,28,0,200.0,344.4,322.5,70.2,0.00,1,5.9,-2.7
53.05,brake,353.38,-3.38,0.327,1,-636.4,2765.0,0.0,0.0,-6.66,14.15,71,69,-1,-8.6,-8.6,-11.9,-11.0,-0.02,-0.00,0.20,0.00,0.00,0.00,-11.17,11.62,99,-1,0,1,2.4,-0.02,0.327,0.336,-1.65,0,28,0,199.9,344.9,323.3,70.3,0.00,1,6.3,-3.6
53.15,brake,353.22,-3.22,0.326,1,-637.0,2766.4,0.0,0.0,-6.46,13.71,71,69,-1,-8.3,-8.4,-11.2,-10.6,-0.01,0.01,0.17,0.00,0.00,0.00,-10.85,11.26,99,-1,0,1,2.0,-0.02,0.326,0.331,-1.58,0,28,0,199.8,345.5,324.3,70.4,0.00,1,6.7,-4.4
53.25,brake,353.07,-3.07,0.325,1,-637.0,2766.4,0.0,0.0,-6.46,13.71,71,69,-1,-8.0,-8.1,-10.4,-10.2,0.01,0.01,0.15,0.00,0.00,0.00,-10.54,10.89,99,-1,0,1,2.0,-0.02,0.325,0.334,-1.50,0,28,0,199.7,346.2,325.6,70.5,0.00,1,6.7,-4.4
53.35,brake,352.93,-2.93,0.326,1,-637.7,2767.7,0.0,0.0,-6.28,13.27,71,69,-1,-7.8,-7.9,-9.7,-9.7,0.01,0.02,0.12,0.00,0.00,0.00,-10.25,10.52,99,-1,0,1,1.8,-0.01,0.326,0.339,-1.46,0,28,0,199.6,346.9,326.9,70.6,0.00,1,6.8,-4.8
53.45,brake,352.79,-2.79,0.326,1,-638.9,2770.3,0.0,0.0,-5.93,12.57,71,69,-1,-7.6,-7.7,-9.1,-9.3,0.01,0.01,0.10,0.00,0.00,0.00,-9.98,10.23,99,-1,0,1,1.7,-0.01,0.326,0.335,-1.41,0,28,0,199.6,347.6,328.2,70.6,0.00,1,5.5,-3.9
53.55,brake,352.65,-2.65,0.324,1,-639.5,2771.5,0.0,0.0,-5.78,12.22,71,69,-1,-7.3,-7.5,-8.5,-8.9,0.00,0.00,0.07,0.00,0.00,0.00,-9.71,9.95,99,-1,0,1,1.6,-0.01,0.324,0.327,-1.32,0,28,0,199.5,348.1,329.3,70.7,0.00,1,4.8,-3.3
53.65,brake,352.53,-2.53,0.322,1,-640.0,2772.7,0.0,0.0,-5.65,11.87,71,69,-1,-7.1,-7.3,-8.0,-8.6,-0.00,-0.00,0.06,0.00,0.00,0.00,-9.46,9.65,99,-1,0,1,1.6,-0.01,0.322,0.326,-1.23,0,28,0,199.4,348.6,330.2,70.8,0.00,1,4.3,-3.0
53.75,brake,352.41,-2.41,0.321,1,-640.0,2772.7,0.0,0.0,-5.65,11.87,71,69,-1,-6.9,-7.1,-7.6,-8.3,-0.01,-0.01,0.04,0.00,0.00,0.00,-9.23,9.35,99,-1,0,1,1.6,-0.01,0.321,0.327,-1.17,0,28,0,199.3,349.1,331.1,70.9,0.00,1,4.3,-3.0
53.85,brake,352.30,-2.30,0.323,1,-641.1,2775.0,0.0,0.0,-5.38,11.25,71,70,-1,-6.7,-7.0,-7.1,-8.1,-0.01,-0.01,0.02,0.00,0.00,0.00,-9.00,9.15,99,-1,0,1,1.5,-0.01,0.323,0.328,-1.15,0,28,0,199.2,349.5,331.9,71.0,0.00,1,3.9,-2.8
53.95,brake,352.19,-2.19,0.324,1,-641.1,2775.0,0.0,0.0,-5.38,11.25,71,70,-1,-6.6,-6.7,-6.7,-7.8,-0.01,-0.01,0.01,0.00,0.00,0.00,-8.79,8.85,99,-1,0,1,1.5,-0.01,0.324,0.330,-1.12,0,28,0,199.1,349.9,332.8,71.1,0.00,1,3.9,-2.8
54.05,brake,352.07,-2.07,0.325,1,-642.2,2777.2,0.0,0.0,-5.14,10.72,71,70,-1,-6.4,-6.6,-6.3,-7.5,-0.01,-0.01,0.00,0.00,0.00,0.00,-8.58,8.64,99,-1,0,1,1.6,-0.02,0.325,0.331,-1.09,0,28,0,198.9,350.3,333.6,71.2,0.00,1,3.6,-2.7
54.15,brake,351.97,-1.97,0.326,1,-642.2,2777.2,0.0,0.0,-5.14,10.72,71,70,-1,-6.2,-6.4,-5.9,-7.3,-0.01,-0.01,0.00,0.00,0.00,0.00,-8.40,8.42,99,-1,0,0,1.6,-0.02,0.326,0.332,-1.06,0,28,0,198.8,350.7,334.4,71.3,0.00,1,3.6,-2.7
54.25,brake,351.86,-1.86,0.327,1,-642.7,2778.2,0.0,0.0,-5.03,10.46,71,70,-1,-6.1,-6.3,-5.6,-7.0,-0.01,-0.01,0.00,0.00,0.00,0.00,-8.20,8.21,99,-1,0,0,1.6,-0.02,0.327,0.333,-1.03,0,28,0,198.7,351.1,335.2,71.4,0.00,1,3.4,-2.6
54.35,brake,351.76,-1.76,0.328,1,-643.2,2779.3,0.0,0.0,-4.92,10.20,71,70,-1,-5.9,-6.1,-5.3,-6.8,-0.01,-0.01,0.00,0.00,0.00,0.00,-8.01,8.00,99,-1,0,0,1.6,-0.02,0.328,0.335,-1.00,0,28,0,198.6,351.5,335.9,71.5,0.00,1,3.3,-2.6
54.45,brake,351.67,-1.67,0.327,1,-643.7,2780.3,0.0,0.0,-4.81,9.93,71,70,-1,-5.8,-6.0,-4.9,-6.5,0.00,-0.00,0.00,0.00,0.00,0.00,-7.82,7.79,99,-1,0,0,1.5,-0.02,0.327,0.329,-0.93,0,28,0,198.5,351.9,336.8,71.6,0.00,1,3.3,-2.8
54.55,brake,351.58,-1.58,0.324,1,-644.6,2782.2,0.0,0.0,-4.64,9.40,71,70,-1,-5.7,-5.8,-4.5,-6.2,0.01,0.00,0.00,0.00,0.00,0.00,-7.65,7.57,99,-1,0,-0,1.5,-0.02,0.324,0.329,-0.83,0,28,0,198.3,352.3,337.9,71.8,0.00,1,3.8,-3.4
54.65,brake,351.50,-1.50,0.322,1,-645.1,2783.1,0.0,0.0,-4.55,9.23,71,71,-1,-5.5,-5.6,-4.1,-5.8,0.01,0.01,0.00,0.00,0.00,0.00,-7.47,7.35,99,-1,0,-0,1.5,-0.02,0.322,0.330,-0.76,0,28,0,198.2,352.8,339.1,71.9,0.00,1,3.6,-3.4
54.75,brake,351.43,-1.43,0.322,1,-645.1,2783.1,0.0,0.0,-4.55,9.23,71,71,-1,-5.4,-5.5,-3.7,-5.5,0.01,0.01,0.00,0.00,0.00,0.00,-7.33,7.22,99,-1,0,-0,1.5,-0.02,0.322,0.330,-0.73,0,28,0,198.1,353.3,340.2,72.0,0.00,1,3.6,-3.4
54.85,brake,351.35,-1.35,0.322,1,-645.5,2784.0,0.0,0.0,-4.46,8.96,71,71,-1,-5.3,-5.4,-3.3,-5.2,0.01,0.01,0.00,0.00,0.00,0.00,-7.15,7.01,99,-1,0,-0,1.6,-0.02,0.322,0.330,-0.69,0,28,0,198.0,353.7,341.3,72.1,0.00,1,3.6,-3.4
54.95,brake,351.29,-1.29,0.322,1,-646.0,2784.9,0.0,0.0,-4.39,8.79,71,71,-1,-5.2,-5.3,-3.0,-4.9,0.02,0.01,0.00,0.00,0.00,0.00,-7.03,6.86,99,-1,0,-1,1.5,-0.02,0.322,0.330,-0.66,0,28,0,197.8,354.2,342.4,72.2,0.00,1,3.3,-3.2
55.05,brake,351.22,-1.22,0.321,1,-646.8,2786.6,0.0,0.0,-4.26,8.44,71,71,-1,-5.1,-5.1,-2.7,-4.6,0.02,0.01,0.00,0.00,0.00,0.00,-6.90,6.73,99,-1,0,-1,1.5,-0.02,0.321,0.330,-0.62,0,28,0,197.7,354.6,343.5,72.4,0.00,1,3.0,-3.1
55.15,brake,351.16,-1.16,0.321,1,-646.8,2786.6,0.0,0.0,-4.26,8.44,71,71,-1,-5.0,-5.0,-2.4,-4.3,0.02,0.01,0.00,0.00,0.00,0.00,-6.77,6.59,99,-1,0,-1,1.5,-0.02,0.321,0.330,-0.59,0,28,0,197.6,355.0,344.5,72.5,0.00,1,3.0,-3.1
55.25,brake,351.10,-1.10,0.320,1,-647.2,2787.5,0.0,0.0,-4.22,8.26,71,71,-1,-5.0,-4.9,-2.1,-4.0,0.02,0.01,0.00,0.00,0.00,0.00,-6.67,6.45,99,-1,0,-1,1.5,-0.02,0.320,0.330,-0.55,0,28,0,197.4,355.4,345.6,72.6,0.00,1,2.8,-3.0
55.35,brake,351.05,-1.05,0.320,1,-647.7,2788.3,0.0,0.0,-4.15,8.09,71,71,-1,-4.9,-4.8,-1.8,-3.7,0.02,0.01,0.00,0.00,0.00,0.00,-6.54,6.31,99,-1,0,-1,1.5,-0.03,0.320,0.330,-0.51,0,28,0,197.3,355.8,346.6,72.8,0.00,1,2.7,-3.0
55.45,brake,351.00,-1.00,0.319,1,-648.1,2789.1,0.0,0.0,-4.11,7.91,71,72,-1,-4.8,-4.7,-1.6,-3.4,0.02,0.01,0.00,0.00,0.00,0.00,-6.43,6.17,99,-1,0,-1,1.6,-0.03,0.319,0.329,-0.47,0,28,0,197.1,356.1,347.6,72.9,0.00,1,2.6,-3.0
55.55,brake,350.95,-0.95,0.318,1,-648.9,2790.6,0.0,0.0,-4.02,7.65,71,72,-1,-4.7,-4.6,-1.3,-3.1,0.02,0.00,0.00,0.00,0.00,0.00,-6.35,6.11,99,-1,0,-1,1.5,-0.03,0.318,0.328,-0.44,0,28,0,197.0,356.5,348.6,73.0,0.00,1,2.1,-2.7
55.65,brake,350.91,-0.91,0.317,1,-649.3,2791.4,0.0,0.0,-3.98,7.56,71,72,-1,-4.7,-4.5,-1.1,-2.8,0.02,0.00,0.00,0.00,0.00,0.00,-6.25,5.97,99,-1,0,-1,1.4,-0.03,0.317,0.327,-0.40,0,28,0,196.8,356.8,349.6,73.2,0.00,1,1.9,-2.6
55.75,brake,350.87,-0.87,0.316,1,-649.3,2791.4,0.0,0.0,-3.98,7.56,72,72,-1,-4.6,-4.5,-0.9,-2.6,0.02,0.00,0.00,0.00,0.00,0.00,-6.17,5.91,99,-1,0,-2,1.4,-0.03,0.316,0.327,-0.36,0,28,0,196.7,357.2,350.6,73.3,0.00,1,1.9,-2.6
55.85,brake,350.83,-0.83,0.314,1,-650.1,2792.8,0.0,0.0,-3.89,7.29,72,72,-1,-4.6,-4.3,-0.7,-2.3,0.02,0.00,0.00,0.00,0.00,0.00,-6.06,5.77,99,-1,0,-2,1.5,-0.03,0.314,0.325,-0.32,0,28,0,196.6,357.5,351.6,73.5,0.00,1,1.7,-2.5
55.95,brake,350.80,-0.80,0.313,1,-650.4,2793.6,0.0,0.0,-3.87,7.21,72,72,-1,-4.5,-4.3,-0.6,-2.1,0.02,0.00,0.00,0.00,0.00,0.00,-5.98,5.71,99,-1,0,-2,1.1,-0.03,0.313,0.323,-0.28,0,28,0,196.4,357.8,352.5,73.6,0.00,1,1.5,-2.1
56.05,brake,350.77,-0.77,0.311,1,-650.4,2793.6,0.0,0.0,-3.87,7.21,72,72,-1,-4.5,-4.2,-0.4,-1.9,0.02,0.00,0.00,0.00,0.00,0.00,-5.92,5.65,99,-1,0,-2,1.1,-0.03,0.312,0.320,-0.24,0,28,0,196.3,358.0,353.3,73.7,0.00,1,1.5,-2.1
56.15,brake,350.75,-0.75,0.310,1,-650.8,2794.3,0.0,0.0,-3.82,7.12,72,72,-1,-4.4,-4.2,-0.3,-1.7,0.02,-0.00,0.00,0.00,0.00,0.00,-5.84,5.58,99,-1,0,-2,0.8,-0.02,0.310,0.316,-0.21,0,28,0,196.2,358.2,353.9,73.8,0.00,1,1.4,-1.9
56.25,land,350.73,0.00,0.277,1,-651.2,2795.0,-17.3,33.5,-3.80,7.03,72,73,-1,1.6,1.8,-0.1,-1.6,-0.05,-0.06,0.00,0.00,0.00,0.00,-5.78,5.52,99,-1,0,0,0.5,-0.01,0.277,0.321,-0.17,0,28,0,196.2,358.4,354.5,73.8,0.00,0,1.3,-1.4
56.35,land,350.72,0.01,0.275,1,-651.6,2795.7,-16.9,32.8,-3.76,6.94,72,73,-1,7.6,7.8,-0.0,-1.5,-0.11,-0.12,0.00,0.00,0.00,0.00,-5.70,5.46,99,-1,0,-0,0.2,-0.00,0.275,0.369,-0.13,0,28,0,196.2,358.4,354.5,73.8,0.00,0,1.1,-1.1
56.45,land,350.70,0.03,0.275,1,-652.3,2797.0,-16.5,32.1,-3.69,6.77,72,73,-1,8.5,9.3,0.1,-1.3,-0.12,-0.12,0.00,0.00,0.00,0.00,-5.65,5.39,99,-1,0,-0,-0.1,-0.00,0.275,0.373,-0.13,0,28,0,196.2,358.4,354.5,73.8,0.00,0,2.8,-2.8
56.55,land,350.68,0.05,0.278,1,-652.7,2797.7,-16.2,31.5,-3.65,6.59,72,73,-1,8.7,9.6,0.5,-1.0,-0.09,-0.09,0.00,0.00,0.00,0.00,-5.57,5.33,99,-1,0,-0,-0.1,-0.00,0.278,0.350,-0.16,0,28,0,196.2,358.4,354.5,73.8,0.00,0,5.5,-5.6
56.65,land,350.65,0.09,0.280,1,-652.7,2797.7,-15.8,30.8,-3.65,6.59,72,73,-1,8.8,9.9,1.1,-0.3,-0.04,-0.05,0.00,0.00,0.00,0.00,-5.47,5.18,99,-1,0,-0,-0.1,-0.00,0.280,0.317,-0.20,0,28,0,196.2,360.0,360.0,73.8,0.00,0,5.5,-5.6
56.75,land,350.61,0.12,0.280,1,-653.4,2799.0,-15.4,30.1,-3.56,6.42,72,73,-1,8.8,9.8,1.9,0.6,0.00,-0.00,0.00,0.00,0.00,0.00,-5.37,5.12,99,-1,0,-0,-0.0,-0.00,0.280,0.282,-0.20,0,28,0,196.2,360.0,360.0,73.8,0.00,0,10.0,-10.3
56.85,land,350.57,0.16,0.280,1,-653.4,2799.0,-15.1,29.5,-3.56,6.42,73,73,-1,8.6,9.8,3.0,1.6,0.04,0.03,0.00,0.00,0.00,0.00,-5.32,5.05,99,-1,0,-0,-0.0,-0.00,0.280,0.310,-0.20,0,28,0,196.2,360.0,360.0,73.8,0.00,0,10.0,-10.3
56.95,land,350.53,0.21,0.281,1,-654.1,2800.3,-14.7,28.9,-3.54,6.24,73,73,-1,8.4,9.8,4.1,2.8,0.07,0.06,0.00,0.00,0.00,0.00,-5.27,4.98,99,-1,0,-1,0.2,-0.01,0.281,0.331,-0.19,0,28,0,196.2,360.0,360.0,73.8,0.00,0,11.3,-11.7
57.05,land,350.48,0.25,0.281,1,-654.1,2800.3,-14.4,28.2,-3.54,6.24,73,73,-1,8.2,9.8,5.2,4.0,0.07,0.07,0.00,0.00,0.00,0.00,-5.23,4.91,99,-1,0,-1,0.2,-0.01,0.281,0.339,-0.19,0,28,0,196.1,5.5,18.4,73.9,0.00,0,11.3,-11.7
57.15,land,350.43,0.30,0.283,1,-654.8,2801.5,-14.0,27.6,-3.63,6.42,73,73,-1,7.7,9.3,6.3,5.0,0.08,0.07,0.00,0.00,0.00,0.00,-5.27,4.99,99,-1,0,-1,0.2,-0.01,0.283,0.344,-0.23,0,28,0,196.1,5.5,18.4,73.9,0.00,0,9.3,-9.6
57.25,land,350.39,0.35,0.284,1,-655.2,2802.2,-13.7,27.0,-3.71,6.50,73,73,-1,7.1,8.8,7.2,6.0,0.07,0.07,0.00,0.00,0.00,0.00,-5.35,5.07,99,-1,0,-1,0.2,-0.01,0.284,0.337,-0.24,0,28,0,196.1,5.5,18.4,73.9,0.00,0,7.3,-7.6
57.35,land,350.35,0.39,0.284,1,-655.6,2802.8,-13.3,26.3,-3.80,6.68,73,73,-1,6.4,8.3,7.9,6.7,0.05,0.05,0.01,0.00,0.00,0.00,-5.45,5.14,99,-1,0,-1,0.2,-0.01,0.284,0.323,-0.22,0,28,0,196.1,5.5,18.4,73.9,0.00,0,5.3,-5.6
57.45,land,350.31,0.42,0.284,1,-656.0,2803.5,-12.9,25.7,-3.91,6.86,73,73,-1,5.6,7.6,8.3,7.2,0.03,0.03,0.03,0.00,0.00,0.00,-5.56,5.30,99,-1,0,-1,0.2,-0.01,0.284,0.307,-0.21,0,28,0,195.7,9.5,30.7,74.3,0.00,0,3.4,-3.8
57.55,land,350.28,0.46,0.285,1,-656.0,2803.5,-12.5,25.0,-3.91,6.86,73,73,-1,4.7,6.9,8.6,7.5,0.01,0.02,0.05,0.00,0.00,0.00,-5.70,5.45,99,-1,0,-1,0.2,-0.01,0.285,0.298,-0.24,0,28,0,195.7,9.5,30.7,74.3,0.00,0,3.4,-3.8
57.65,land,350.24,0.49,0.289,1,-656.4,2804.2,-12.1,24.3,-4.00,6.94,74,73,-1,4.0,6.4,8.8,7.7,0.00,0.00,0.05,0.00,0.00,0.00,-5.80,5.53,99,-1,0,-1,0.1,-0.01,0.289,0.291,-0.30,0,28,0,195.7,9.5,30.7,74.3,0.00,0,1.7,-2.1
57.70,land,350.22,0.51,0.290,1,-656.8,2804.9,-12.1,24.3,-4.11,7.12,74,73,-1,3.9,6.4,8.8,7.8,-0.01,-0.01,0.06,0.00,0.00,0.00,-5.79,5.54,99,-1,0,-2,-0.0,-0.01,0.290,0.295,-0.30,0,28,0,195.7,9.5,30.7,74.3,0.00,0,0.7,-1.3
57.80,land,350.19,0.54,0.291,1,-657.2,2805.6,-11.7,23.6,-4.20,7.29,74,73,-1,3.0,5.6,8.8,7.9,-0.00,-0.00,0.06,0.00,0.00,0.00,-5.93,5.69,99,-1,0,-2,-0.2,-0.01,0.291,0.294,-0.33,0,28,0,195.7,10.3,33.0,74.4,0.00,0,0.0,-1.2
57.90,land,350.16,0.58,0.292,1,-657.6,2806.4,-11.3,22.9,-4.31,7.38,74,73,-1,2.2,4.8,8.8,8.0,0.00,-0.00,0.06,0.00,0.00,0.00,-6.05,5.85,99,-1,0,-2,-0.3,-0.01,0.292,0.292,-0.32,0,28,0,195.7,10.3,33.0,74.4,0.00,0,-0.5,-0.7
58.00,land,350.13,0.61,0.292,1,-658.1,2807.1,-10.9,22.1,-4.39,7.56,74,73,-1,1.3,4.2,8.7,8.0,0.00,0.00,0.06,0.00,0.00,0.00,-6.17,5.91,99,-1,0,-2,-0.2,-0.01,0.292,0.294,-0.30,0,28,0,195.7,10.3,33.0,74.4,0.00,0,-0.4,-0.3
58.10,land,350.10,0.63,0.291,1,-658.5,2807.9,-10.4,21.4,-4.46,7.65,74,73,-1,0.4,3.4,8.7,8.0,0.01,0.01,0.06,0.00,0.00,0.00,-6.30,6.06,99,-1,0,-2,-0.4,-0.01,0.291,0.299,-0.29,0,28,0,195.7,10.3,33.0,74.4,0.00,0,-1.1,-0.3
58.20,land,350.07,0.66,0.291,1,-659.0,2808.7,-10.0,20.6,-4.55,7.82,74,73,-1,-0.3,2.7,8.5,8.0,0.02,0.01,0.06,0.00,0.00,0.00,-6.38,6.13,99,-1,0,-2,-0.4,-0.01,0.291,0.303,-0.28,0,28,0,195.9,10.4,32.9,74.2,0.00,0,-1.2,-0.2
58.30,land,350.05,0.69,0.291,1,-659.4,2809.5,-9.5,19.8,-4.64,7.91,74,73,-1,-1.3,1.8,8.4,8.0,0.02,0.02,0.05,0.00,0.00,0.00,-6.51,6.28,99,-1,0,-2,-0.4,-0.01,0.291,0.309,-0.26,0,28,0,195.9,10.4,32.9,74.2,0.00,0,-1.5,-0.1
58.40,land,350.02,0.71,0.291,1,-659.9,2810.3,-9.1,19.0,-4.70,8.09,74,73,-1,-2.2,1.1,8.3,8.0,0.03,0.02,0.05,0.00,0.00,0.00,-6.62,6.34,99,-1,0,-2,-0.4,-0.01,0.291,0.313,-0.25,0,28,0,195.9,10.4,32.9,74.2,0.00,0,-1.6,-0.1
58.50,land,350.00,0.73,0.291,1,-660.4,2811.1,-8.6,18.2,-4.77,8.17,74,73,-1,-3.1,0.2,8.1,8.0,0.04,0.03,0.04,0.00,0.00,0.00,-6.73,6.49,99,-1,0,-2,-0.3,-0.01,0.291,0.320,-0.23,0,28,0,195.9,10.4,32.9,74.2,0.00,0,-1.5,-0.0
58.60,land,349.98,0.75,0.290,1,-660.6,2811.5,-7.9,17.0,-4.79,8.26,74,73,-1,-4.4,-1.1,7.9,8.0,0.05,0.04,0.04,0.00,0.00,0.00,-6.87,6.63,99,-1,0,-2,-0.5,-0.01,0.290,0.328,-0.21,0,28,0,196.1,10.3,32.1,74.0,0.00,0,-1.9,0.1
58.70,land,349.96,0.77,0.291,1,-661.6,2813.2,-7.4,16.2,-4.90,8.53,74,73,-1,-5.4,-1.9,7.7,7.9,0.05,0.04,0.03,0.00,0.00,0.00,-6.96,6.70,99,-1,0,-2,-1.0,-0.01,0.291,0.326,-0.23,0,28,0,196.1,10.3,32.1,74.0,0.00,0,-3.2,1.9
58.80,land,349.94,0.79,0.295,1,-662.1,2814.0,-6.9,15.3,-4.97,8.61,74,73,-1,-6.4,-3.1,7.4,7.7,0.04,0.03,0.02,0.00,0.00,0.00,-7.06,6.85,99,-1,0,-2,-1.1,-0.00,0.295,0.323,-0.29,0,28,0,196.1,10.3,32.1,74.0,0.00,0,-4.4,3.2
58.90,land,349.91,0.82,0.298,1,-662.1,2814.0,-6.4,14.5,-4.97,8.61,74,73,-1,-7.4,-3.9,6.9,7.3,0.02,0.02,0.00,0.00,0.00,0.00,-7.15,6.91,99,-1,0,-2,-1.1,0.00,0.298,0.315,-0.34,0,28,0,196.1,10.3,32.1,74.0,0.00,0,-4.4,3.2
59.00,land,349.89,0.85,0.302,1,-662.6,2814.9,-5.9,13.6,-5.03,8.79,74,72,-1,-8.6,-5.1,6.3,6.8,0.01,0.01,0.00,0.00,0.00,0.00,-7.28,7.04,99,-1,0,-2,-1.2,0.00,0.302,0.308,-0.40,0,28,0,196.7,8.6,26.8,73.3,0.00,0,-5.6,4.6
59.10,land,349.86,0.87,0.304,1,-663.6,2816.7,-5.4,12.7,-5.10,8.96,74,72,-1,-9.8,-6.2,5.7,6.2,-0.00,0.00,0.00,0.00,0.00,0.00,-7.37,7.09,99,-1,0,-2,-1.5,0.01,0.304,0.305,-0.42,0,28,0,196.7,8.6,26.8,73.3,0.00,0,-7.1,6.3
59.20,land,349.84,0.90,0.303,1,-663.6,2816.7,-4.9,11.8,-5.10,8.96,74,72,-1,-10.9,-7.3,5.0,5.5,-0.00,0.00,0.00,0.00,0.00,0.00,-7.43,7.15,99,-1,0,-1,-1.5,0.01,0.303,0.305,-0.39,0,28,0,196.7,8.6,26.8,73.3,0.00,0,-7.1,6.3
59.30,land,349.82,0.92,0.303,1,-664.1,2817.6,-4.4,10.9,-5.12,9.05,73,72,-1,-12.2,-8.6,4.2,4.8,-0.00,0.00,0.00,0.00,0.00,0.00,-7.50,7.21,99,-1,0,-1,-1.6,0.01,0.303,0.304,-0.37,0,28,0,196.7,8.6,26.8,73.3,0.00,0,-7.4,6.6
59.40,land,349.80,0.93,0.302,1,-665.1,2819.4,-3.9,10.0,-5.14,9.14,73,71,-1,-13.6,-10.0,3.5,4.1,0.00,0.01,0.00,0.00,0.00,0.00,-7.57,7.25,99,-1,0,-1,-1.5,0.01,0.302,0.306,-0.34,0,28,0,197.6,5.2,16.0,72.5,0.00,0,-7.8,7.0
59.50,land,349.79,0.95,0.301,1,-665.1,2819.4,-3.4,9.1,-5.14,9.14,73,71,-1,-15.1,-11.5,2.7,3.4,0.01,0.01,0.00,0.00,0.00,0.00,-7.60,7.22,99,-1,0,-1,-1.5,0.01,0.301,0.310,-0.30,0,28,0,197.6,5.2,16.0,72.5,0.00,0,-7.8,7.0
59.60,land,349.77,0.96,0.299,1,-665.6,2820.3,-2.9,8.2,-5.12,9.14,73,71,-1,-17.1,-13.8,1.9,2.7,0.02,0.02,0.00,0.00,0.00,0.00,-7.61,7.20,99,-1,0,-1,-1.5,0.01,0.299,0.318,-0.27,0,28,0,197.6,5.2,16.0,72.5,0.00,0,-7.9,7.1
59.70,land,349.77,0.97,0.298,1,-666.2,2821.3,-2.3,7.2,-5.10,9.14,72,71,-1,-20.0,-17.7,1.1,2.0,0.05,0.04,0.00,0.00,0.00,0.00,-7.61,7.18,99,-1,0,-0,-1.4,0.01,0.298,0.335,-0.23,0,28,0,197.6,5.2,16.0,72.5,0.00,0,-8.1,7.1
59.80,land,349.76,0.97,0.297,1,-667.2,2823.1,-1.8,6.3,-5.03,9.05,72,71,-1,-20.1,-18.1,0.3,1.2,0.05,0.03,0.00,0.00,0.00,0.00,-7.62,7.15,99,-1,0,-0,-1.3,0.02,0.297,0.330,-0.19,0,28,0,198.3,1.3,4.0,71.7,0.00,0,-8.9,7.8
59.90,land,349.76,0.97,0.295,1,-667.7,2824.0,-1.3,5.4,-4.97,8.96,72,71,-1,-20.1,-18.3,-0.7,0.4,0.03,0.01,0.00,0.00,0.00,0.00,-7.58,7.05,99,-1,0,0,-1.1,0.02,0.295,0.311,-0.16,0,28,0,198.3,1.3,4.0,71.7,0.00,0,-10.2,9.2
60.00,land,349.76,0.97,0.295,1,-667.7,2824.0,-0.8,4.5,-4.97,8.96,72,71,-1,-20.1,-18.5,-1.7,-0.5,0.01,-0.02,0.00,0.00,0.00,0.00,-7.52,6.97,99,-1,0,0,-1.1,0.01,0.295,0.306,-0.16,0,28,0,198.3,1.3,4.0,71.7,0.00,0,-10.2,9.2
60.10,land,349.76,0.97,0.296,1,-668.6,2825.8,-0.3,3.6,-4.83,8.88,72,71,-1,-20.2,-18.9,-2.8,-1.5,-0.01,-0.04,0.00,0.00,0.00,0.00,-7.49,6.96,99,-1,0,0,-0.3,0.01,0.296,0.312,-0.15,0,28,0,198.3,1.3,4.0,71.7,0.00,0,-11.3,10.6
60.20,land,349.77,0.96,0.294,1,-669.1,2826.6,0.1,2.7,-4.75,8.70,72,70,-1,-20.2,-19.1,-4.0,-2.6,-0.02,-0.05,0.00,0.00,0.00,0.00,-7.40,6.89,99,-1,0,1,0.1,0.01,0.294,0.321,-0.12,0,28,0,198.5,356.1,348.4,71.5,0.00,0,-11.4,10.9
60.30,land,349.78,0.96,0.292,1,-669.1,2826.6,0.6,1.9,-4.75,8.70,71,70,-1,-20.2,-19.1,-5.1,-3.7,-0.03,-0.06,0.00,0.00,0.00,0.00,-7.27,6.73,99,-1,0,1,0.1,0.00,0.292,0.329,-0.08,0,28,0,198.5,356.1,348.4,71.5,0.00,0,-11.4,10.9
60.40,land,349.78,0.95,0.291,1,-670.0,2828.3,1.1,1.0,-4.48,8.35,71,70,-1,-20.3,-19.1,-6.2,-4.8,-0.04,-0.06,0.00,0.00,0.00,0.00,-7.10,6.60,99,-1,0,1,1.0,-0.00,0.291,0.334,-0.05,0,28,0,198.5,356.1,348.4,71.5,0.00,0,-10.5,10.8
60.50,land,349.79,0.94,0.292,1,-670.0,2828.3,1.5,0.2,-4.48,8.35,71,70,-1,-20.3,-19.2,-7.2,-5.9,-0.05,-0.06,0.00,0.00,0.00,0.00,-6.92,6.47,99,-1,0,1,1.0,-0.01,0.292,0.333,-0.06,0,28,0,198.5,356.1,348.4,71.5,0.00,0,-10.5,10.8
60.60,land,349.79,0.94,0.293,1,-670.9,2829.9,2.0,-0.7,-4.15,7.82,71,71,-1,-20.4,-19.0,-8.1,-6.9,-0.04,-0.03,0.02,0.00,0.00,0.00,-6.68,6.29,99,-1,0,1,1.7,-0.01,0.293,0.321,-0.08,0,28,0,197.9,350.6,332.7,72.2,0.00,0,-7.4,8.3
60.70,land,349.79,0.95,0.294,1,-671.3,2830.7,2.4,-1.4,-3.98,7.56,72,71,-1,-20.4,-18.9,-8.8,-7.7,-0.02,-0.01,0.05,0.00,0.00,0.00,-6.41,6.11,99,-1,0,1,1.8,-0.02,0.294,0.309,-0.10,0,28,0,197.9,350.6,332.7,72.2,0.00,0,-6.1,7.0
60.80,land,349.77,0.96,0.297,1,-671.3,2830.7,2.8,-2.2,-3.98,7.56,72,71,-1,-20.4,-18.7,-9.4,-8.4,-0.01,0.00,0.08,0.00,0.00,0.00,-6.15,5.93,99,-1,0,0,1.8,-0.02,0.297,0.303,-0.16,0,28,0,197.9,350.6,332.7,72.2,0.00,0,-6.1,7.0
60.90,land,349.76,0.97,0.299,1,-671.7,2831.4,3.2,-2.9,-3.82,7.29,72,71,-1,-20.5,-18.6,-9.9,-9.1,-0.01,0.01,0.11,0.00,0.00,0.00,-5.91,5.74,99,-1,0,0,1.5,-0.02,0.299,0.306,-0.19,0,28,0,197.9,350.6,332.7,72.2,0.00,0,-5.2,6.1
61.00,land,349.75,0.99,0.300,1,-672.4,2832.8,3.5,-3.6,-3.47,6.68,72,72,-1,-20.0,-18.2,-10.3,-9.7,-0.01,0.01,0.13,0.00,0.00,0.00,-5.61,5.49,99,-1,0,-0,1.3,-0.02,0.300,0.306,-0.19,0,28,0,197.0,347.3,323.5,73.1,0.00,0,-4.6,5.4
61.10,land,349.73,1.00,0.300,1,-672.4,2832.8,3.9,-4.3,-3.47,6.68,72,72,-1,-19.5,-18.0,-10.8,-10.2,-0.01,0.00,0.16,0.00,0.00,0.00,-5.33,5.31,99,-1,0,-0,1.3,-0.02,0.300,0.305,-0.19,0,28,0,197.0,347.3,323.5,73.1,0.00,0,-4.6,5.4
61.20,land,349.72,1.02,0.300,1,-673.0,2834.1,4.2,-5.0,-3.12,5.98,73,72,-1,-19.0,-17.6,-11.2,-10.8,-0.01,-0.00,0.18,0.00,0.00,0.00,-5.04,5.05,99,-1,0,-1,1.2,-0.02,0.300,0.307,-0.19,0,28,0,197.0,347.3,323.5,73.1,0.00,0,-4.5,5.2
61.30,land,349.70,1.03,0.301,1,-673.0,2834.1,4.5,-5.6,-3.12,5.98,73,72,-1,-18.4,-17.1,-11.7,-11.4,-0.02,-0.01,0.20,0.00,0.00,0.00,-4.75,4.79,99,-1,0,-1,1.2,-0.02,0.301,0.314,-0.19,0,28,0,197.0,347.3,323.5,73.1,0.00,0,-4.5,5.2
61.40,land,349.68,1.05,0.302,1,-673.6,2835.2,4.8,-6.1,-2.77,5.36,73,73,-1,-17.9,-16.9,-12.1,-11.9,-0.03,-0.02,0.22,0.00,0.00,0.00,-4.47,4.62,99,-1,0,-1,1.1,-0.02,0.302,0.321,-0.20,0,28,0,196.2,344.7,316.8,74.0,0.00,0,-4.5,5.0
61.50,land,349.66,1.07,0.302,1,-673.6,2835.2,5.1,-6.7,-2.77,5.36,73,73,-1,-20.2,-18.6,-12.6,-12.5,-0.01,0.00,0.25,0.00,0.00,0.00,-4.18,4.35,99,-1,0,-1,1.1,-0.02,0.302,0.308,-0.21,0,28,0,196.2,344.7,316.8,74.0,0.00,0,-4.5,5.0
61.60,land,349.64,1.09,0.304,1,-673.9,2835.7,5.4,-7.2,-2.57,5.01,74,73,-1,-20.7,-19.2,-13.0,-13.0,-0.01,0.00,0.27,0.00,0.00,0.00,-3.87,4.09,99,-1,0,-2,1.1,-0.03,0.304,0.308,-0.22,0,28,0,196.2,344.7,316.8,74.0,0.00,0,-4.6,5.0
61.70,land,349.62,1.11,0.305,1,-674.1,2836.2,5.6,-7.7,-2.40,4.66,74,73,-1,-20.7,-19.5,-13.5,-13.5,-0.01,-0.00,0.29,0.00,0.00,0.00,-3.58,3.82,99,-1,0,-2,0.9,-0.03,0.305,0.310,-0.24,0,28,0,196.2,344.7,316.8,74.0,0.00,0,-4.8,4.8
61.80,land,349.59,1.14,0.307,1,-674.4,2836.6,5.9,-8.1,-2.20,4.31,74,74,-1,-20.7,-19.5,-14.0,-14.0,-0.01,-0.01,0.31,0.00,0.00,0.00,-3.27,3.56,99,-1,0,-2,0.8,-0.03,0.307,0.314,-0.26,0,28,0,195.5,342.3,311.0,74.8,0.00,0,-4.8,4.6
61.90,land,349.56,1.17,0.308,1,-674.8,2837.4,6.1,-8.5,-1.80,3.52,75,74,-1,-20.6,-19.2,-14.5,-14.5,-0.02,-0.02,0.34,0.00,0.00,0.00,-2.94,3.21,99,-1,0,-3,0.7,-0.03,0.308,0.321,-0.29,0,28,0,195.5,342.3,311.0,74.8,0.00,0,-5.0,4.5
62.00,land,349.53,1.20,0.311,1,-674.9,2837.7,6.3,-8.9,-1.60,3.16,75,74,-1,-20.2,-19.0,-15.0,-15.0,-0.02,-0.03,0.36,0.00,0.00,0.00,-2.64,2.94,99,-1,0,-3,0.7,-0.03,0.311,0.329,-0.32,0,28,0,195.5,342.3,311.0,74.8,0.00,0,-5.1,4.4
62.10,land,349.49,1.24,0.313,1,-675.1,2838.0,6.4,-9.2,-1.38,2.72,76,74,-1,-19.7,-18.8,-15.5,-15.5,-0.03,-0.04,0.38,0.00,0.00,0.00,-2.34,2.66,99,-1,0,-3,0.6,-0.03,0.313,0.339,-0.35,0,28,0,195.5,342.3,311.0,74.8,0.00,0,-5.1,4.4
62.20,land,349.45,1.28,0.316,1,-675.1,2838.0,6.6,-9.5,-1.38,2.72,76,74,-1,-18.9,-18.2,-16.1,-16.0,-0.04,-0.05,0.40,0.00,0.00,0.00,-2.00,2.31,99,-1,0,-4,0.6,-0.04,0.316,0.351,-0.39,0,28,0,194.7,340.1,305.9,75.6,0.00,0,-5.1,4.4
62.30,land,349.41,1.32,0.317,1,-675.3,2838.4,6.7,-9.7,-0.92,1.93,76,74,-1,-18.2,-17.8,-16.5,-16.4,-0.04,-0.05,0.42,0.00,0.00,0.00,-1.69,2.03,99,-1,0,-4,-0.2,-0.03,0.317,0.354,-0.40,0,28,0,194.7,340.1,305.9,75.6,0.00,0,-3.9,3.2
62.40,land,349.37,1.36,0.317,1,-675.3,2838.4,6.8,-9.9,-0.92,1.93,77,74,-1,-17.4,-17.1,-16.9,-16.7,-0.03,-0.06,0.44,0.00,0.00,0.00,-1.34,1.67,99,-1,0,-5,-0.2,-0.03,0.317,0.353,-0.39,0,28,0,194.7,340.1,305.9,75.6,0.00,0,-3.9,3.2
62.50,land,349.33,1.40,0.318,1,-675.4,2838.7,6.9,-10.1,-0.40,0.97,77,74,-1,-16.4,-16.3,-17.2,-16.9,-0.03,-0.06,0.45,0.00,0.00,0.00,-0.97,1.31,99,-1,0,-5,-1.4,-0.03,0.318,0.351,-0.39,0,28,0,194.7,340.1,305.9,75.6,0.00,0,-1.4,1.2
62.60,land,349.29,1.44,0.319,1,-675.4,2838.8,6.9,-10.2,-0.13,0.53,78,74,-1,-15.3,-15.2,-17.4,-17.0,-0.02,-0.05,0.45,0.00,0.00,0.00,-0.60,0.86,99,-1,0,-5,-1.9,-0.02,0.319,0.349,-0.40,0,28,0,194.7,338.8,304.0,75.7,0.00,0,-0.0,0.1
62.70,land,349.25,1.48,0.320,1,-675.4,2838.8,6.9,-10.3,-0.13,0.53,78,74,-1,-14.3,-14.3,-17.4,-16.9,-0.01,-0.05,0.45,0.00,0.00,0.00,-0.24,0.49,99,-1,0,-6,-1.9,-0.02,0.320,0.345,-0.40,0,28,0,194.7,338.8,304.0,75.7,0.00,0,-0.0,0.1
62.80,land,349.21,1.53,0.321,1,-675.4,2838.8,6.9,-10.3,0.40,-0.35,78,74,-1,-13.2,-13.2,-17.3,-16.7,-0.01,-0.04,0.45,0.00,0.00,0.00,0.11,0.11,99,-1,0,-6,-2.8,-0.01,0.321,0.340,-0.41,0,28,0,194.7,338.8,304.0,75.7,0.00,0,3.3,-1.5
62.90,land,349.17,1.56,0.321,1,-675.3,2838.7,6.9,-10.3,0.68,-0.79,78,74,-1,-12.1,-12.1,-17.0,-16.4,-0.01,-0.02,0.43,0.00,0.00,0.00,0.46,-0.26,99,-1,0,-6,-3.0,-0.01,0.321,0.333,-0.39,0,28,0,194.7,338.8,304.0,75.7,0.00,0,5.5,-1.7
63.00,land,349.14,1.59,0.318,1,-675.3,2838.7,6.8,-10.2,0.68,-0.79,78,73,-1,-10.9,-10.9,-16.4,-16.1,-0.01,-0.00,0.42,0.00,0.00,0.00,0.83,-0.63,99,-1,0,-6,-3.0,-0.01,0.318,0.325,-0.32,0,28,0,196.1,339.5,307.6,74.3,0.00,0,5.5,-1.7
63.10,land,349.11,1.62,0.319,1,-675.1,2838.4,6.7,-10.1,1.12,-1.58,78,73,-1,-9.8,-9.7,-15.8,-15.8,-0.02,0.01,0.39,0.00,0.00,0.00,1.16,-1.01,99,-1,0,-6,-3.1,-0.00,0.319,0.331,-0.32,0,28,0,196.1,339.5,307.6,74.3,0.00,0,7.2,-1.8
63.20,land,349.08,1.65,0.322,1,-675.0,2838.2,6.6,-9.9,1.30,-2.02,78,73,-1,-8.8,-8.5,-15.2,-15.5,-0.03,0.01,0.37,0.00,0.00,0.00,1.43,-1.31,99,-1,0,-6,-3.2,-0.00,0.322,0.338,-0.37,0,28,0,196.1,339.5,307.6,74.3,0.00,0,7.4,-1.9
63.30,land,349.04,1.69,0.325,1,-674.9,2838.0,6.5,-9.7,1.47,-2.37,78,73,-1,-7.8,-7.1,-14.5,-15.2,-0.05,0.00,0.35,0.00,0.00,0.00,1.70,-1.69,99,-1,0,-5,-3.2,-0.00,0.325,0.346,-0.41,0,28,0,196.1,339.5,307.6,74.3,0.00,0,7.1,-2.2
63.40,land,349.00,1.73,0.326,1,-674.9,2838.0,6.4,-9.5,1.47,-2.37,77,71,-1,-6.8,-5.9,-13.8,-14.8,-0.05,-0.01,0.33,0.00,0.00,0.00,1.97,-1.98,99,-1,0,-5,-3.2,0.00,0.326,0.350,-0.42,0,28,0,198.2,340.9,313.6,72.2,0.00,0,7.1,-2.2
63.50,land,348.97,1.76,0.323,1,-674.5,2837.4,6.2,-9.2,1.78,-3.08,77,71,-1,-5.8,-4.5,-13.2,-14.3,-0.04,-0.01,0.30,0.00,0.00,0.00,2.22,-2.27,99,-1,0,-4,-3.5,0.01,0.323,0.346,-0.35,0,28,0,198.2,340.9,313.6,72.2,0.00,0,6.7,-5.2
63.60,land,348.94,1.79,0.319,1,-674.3,2837.1,6.0,-8.9,1.91,-3.52,76,71,-1,-4.7,-3.2,-12.6,-13.7,-0.03,-0.02,0.28,0.00,0.00,0.00,2.47,-2.56,99,-1,0,-4,-3.5,0.01,0.319,0.337,-0.25,0,28,0,198.2,340.9,313.6,72.2,0.00,0,6.6,-7.2
63.70,land,348.93,1.80,0.314,1,-674.1,2836.7,5.8,-8.6,2.02,-3.87,76,71,-1,-3.5,-1.4,-12.0,-12.8,-0.01,-0.03,0.24,0.00,0.00,0.00,2.73,-2.93,99,-1,0,-4,-3.5,0.02,0.314,0.327,-0.14,0,28,0,198.2,340.9,313.6,72.2,0.00,0,6.7,-8.8
63.90,land,348.91,1.83,0.309,1,-673.7,2835.9,5.4,-7.8,2.22,-4.39,74,69,-1,-1.0,1.5,-10.7,-10.7,0.01,-0.03,0.17,0.00,0.00,0.00,3.17,-3.40,99,-1,0,-2,-3.3,0.03,0.309,0.326,-0.05,0,28,0,200.1,344.2,322.4,70.2,0.00,0,6.7,-9.7
64.10,land,348.88,1.85,0.310,1,-673.2,2835.0,5.0,-6.9,2.42,-4.83,73,69,-1,2.2,4.6,-9.4,-8.6,0.00,-0.05,0.09,0.00,0.00,0.00,3.55,-3.70,99,-1,0,-1,-2.5,0.03,0.310,0.331,-0.05,0,28,0,200.1,344.2,322.4,70.2,0.00,0,6.9,-9.9
64.30,land,348.85,1.88,0.309,1,-672.7,2834.0,4.5,-6.0,2.61,-5.10,72,67,-1,7.1,8.5,-8.0,-6.6,-0.02,-0.07,0.01,0.00,0.00,0.00,3.96,-3.97,99,-1,0,0,-1.6,0.03,0.309,0.344,-0.04,0,28,0,201.5,349.0,333.8,68.6,0.00,0,7.9,-10.0
64.50,land,348.84,1.89,0.303,1,-672.2,2832.9,4.0,-4.9,2.81,-5.36,71,67,-1,8.6,9.4,-6.2,-4.4,0.00,-0.04,0.00,0.00,0.00,0.00,4.31,-4.08,99,-1,0,1,-1.0,0.02,0.303,0.319,0.09,0,28,0,201.5,349.0,333.8,68.6,0.00,0,10.3,-10.8
64.70,land,348.85,1.89,0.298,1,-671.6,2831.8,3.4,-3.9,2.97,-5.45,70,67,-1,10.1,10.1,-4.1,-2.3,0.01,-0.01,0.00,0.00,0.00,0.00,4.61,-4.11,99,-1,0,2,-0.4,0.03,0.298,0.307,0.17,0,28,0,202.3,354.5,346.9,67.7,0.00,0,11.5,-10.5
64.90,land,348.86,1.87,0.294,1,-671.3,2831.3,2.8,-2.8,3.01,-5.54,69,67,-1,11.3,10.6,-1.8,-0.2,0.02,0.01,0.00,0.00,0.00,0.00,4.80,-4.08,99,-1,0,3,-0.1,0.02,0.294,0.308,0.23,0,28,0,202.3,354.5,346.9,67.7,0.00,0,11.7,-10.4
65.10,land,348.88,1.85,0.290,1,-670.7,2830.2,2.2,-1.7,3.01,-5.45,68,66,-1,11.9,10.7,0.6,1.8,0.04,0.02,0.00,0.00,0.00,0.00,4.82,-3.94,99,-1,0,4,0.4,0.02,0.290,0.314,0.30,0,28,0,202.5,0.6,1.4,67.5,0.00,0,11.7,-10.1
65.30,land,348.91,1.82,0.287,1,-669.8,2828.6,1.6,-0.6,2.94,-5.10,68,66,-1,12.4,10.6,2.8,3.7,0.04,0.03,0.00,0.00,0.00,0.00,4.76,-3.75,99,-1,0,4,1.4,0.02,0.287,0.314,0.33,0,28,0,202.5,0.6,1.4,67.5,0.00,0,10.3,-8.2
65.50,land,348.92,1.81,0.290,1,-669.2,2827.6,1.0,0.4,2.81,-4.75,68,67,-1,12.3,10.2,4.7,5.2,0.02,0.01,0.00,0.00,0.00,0.00,4.53,-3.46,99,-1,0,4,2.6,0.01,0.290,0.305,0.24,0,28,0,202.0,6.0,14.7,68.1,0.00,0,8.3,-5.7
65.70,land,348.93,1.80,0.293,1,-668.7,2826.7,0.5,1.3,2.64,-4.31,68,67,-1,12.0,9.8,6.2,6.3,0.01,0.00,0.00,0.00,0.00,0.00,4.26,-3.19,99,-1,0,4,3.5,-0.01,0.293,0.298,0.18,0,28,0,202.0,6.0,14.7,68.1,0.00,0,7.2,-4.3
65.90,land,348.95,1.78,0.290,1,-668.4,2826.3,-0.1,2.2,2.55,-4.13,68,68,-1,11.5,9.3,7.5,7.2,0.01,0.01,0.01,0.00,0.00,0.00,3.91,-2.88,99,-1,0,4,3.8,-0.02,0.290,0.300,0.22,0,28,0,200.5,9.3,23.6,69.6,0.00,0,7.0,-4.0
66.10,land,348.98,1.76,0.287,1,-667.7,2825.2,-0.6,3.0,2.20,-3.43,68,68,-1,10.7,8.8,8.8,8.1,0.02,0.02,0.06,0.00,0.00,0.00,3.50,-2.59,99,-1,0,4,4.0,-0.02,0.287,0.305,0.25,0,28,0,200.5,9.3,23.6,69.6,0.00,0,6.2,-3.4
66.30,land,349.01,1.73,0.285,1,-667.3,2824.6,-1.0,3.6,1.91,-2.90,69,70,-1,9.7,8.1,9.9,8.9,0.04,0.04,0.11,0.00,0.00,0.00,3.03,-2.24,99,-1,0,3,4.0,-0.03,0.285,0.314,0.26,0,28,0,198.6,11.5,31.2,71.5,0.00,0,5.5,-2.8
66.50,land,349.02,1.71,0.290,1,-667.0,2824.0,-1.4,4.2,1.63,-2.46,70,70,-1,8.7,7.5,10.7,9.5,0.02,0.03,0.14,0.00,0.00,0.00,2.58,-1.96,99,-1,0,2,2.9,-0.03,0.290,0.312,0.16,0,28,0,198.6,11.5,31.2,71.5,0.00,0,3.5,-0.9
66.70,land,349.03,1.70,0.295,1,-666.7,2823.6,-1.7,4.7,1.27,-1.85,71,72,-1,7.4,6.5,11.2,9.6,0.01,0.03,0.15,0.00,0.00,0.00,2.05,-1.53,99,-1,0,1,1.1,-0.02,0.295,0.310,0.05,0,28,0,196.9,12.8,36.9,73.2,0.00,0,2.1,0.3
66.90,land,349.04,1.70,0.296,1,-666.5,2823.3,-1.9,5.0,0.90,-1.32,72,72,-1,6.0,5.6,11.5,9.6,0.00,0.03,0.16,0.00,0.00,0.00,1.53,-1.16,99,-1,0,0,-0.4,-0.00,0.296,0.310,0.04,0,28,0,196.9,12.8,36.9,73.2,0.00,0,0.7,0.8
67.10,land,349.05,1.69,0.296,1,-666.3,2823.1,-2.1,5.3,0.55,-0.79,73,72,-1,4.6,4.6,11.6,9.4,0.00,0.03,0.16,0.00,0.00,0.00,1.01,-0.79,99,-1,0,-1,-1.1,0.01,0.296,0.312,0.02,0,28,0,196.5,12.8,37.5,73.5,0.00,0,-0.3,0.8
67.30,land,349.06,1.68,0.297,1,-666.3,2823.0,-2.2,5.5,0.37,-0.53,73,72,-1,3.2,3.5,11.5,9.1,0.01,0.03,0.15,0.00,0.00,0.00,0.51,-0.40,99,-1,0,-1,-1.5,0.01,0.297,0.315,0.01,0,28,0,196.5,12.8,37.5,73.5,0.00,0,-1.1,1.2
67.50,land,349.07,1.67,0.297,1,-666.3,2823.0,-2.2,5.5,-0.15,0.18,73,72,-1,1.8,2.6,11.1,8.8,0.02,0.03,0.13,0.00,0.00,0.00,0.05,-0.08,99,-1,0,-1,-0.4,0.00,0.297,0.315,0.01,0,28,0,197.0,12.3,35.5,73.0,0.00,0,-2.8,1.2
67.70,land,349.08,1.66,0.297,1,-666.4,2823.1,-2.2,5.5,-0.46,0.62,73,72,-1,0.4,1.6,10.5,8.5,0.03,0.02,0.11,0.00,0.00,0.00,-0.40,0.25,99,-1,0,-1,0.0,-0.01,0.297,0.317,0.01,0,28,0,197.0,12.3,35.5,73.0,0.00,0,-3.5,1.3
67.90,land,349.09,1.64,0.296,1,-666.4,2823.2,-2.1,5.3,-0.59,0.79,73,72,-1,-0.8,0.6,9.7,8.2,0.04,0.02,0.09,0.00,0.00,0.00,-0.80,0.59,99,-1,0,-1,0.1,-0.01,0.296,0.319,0.02,0,28,0,197.4,11.5,33.0,72.7,0.00,0,-3.7,1.3
68.10,land,349.11,1.63,0.295,1,-666.7,2823.5,-1.9,5.1,-0.94,1.49,73,72,-1,-2.1,-0.6,8.9,7.9,0.04,0.02,0.06,0.00,0.00,0.00,-1.18,0.93,99,-1,0,-1,-0.1,-0.01,0.295,0.319,0.03,0,28,0,197.4,11.5,33.0,72.7,0.00,0,-4.2,2.4
68.30,land,349.13,1.60,0.294,1,-666.9,2823.9,-1.7,4.8,-1.14,1.85,73,71,-1,-3.2,-1.8,8.0,7.3,0.02,0.02,0.03,0.00,0.00,0.00,-1.50,1.29,99,-1,0,-1,-0.2,-0.00,0.294,0.312,0.05,0,28,0,197.6,10.3,29.7,72.5,0.00,0,-4.4,4.0
68.50,land,349.17,1.56,0.293,1,-667.0,2824.1,-1.5,4.4,-1.21,2.02,73,71,-1,-4.2,-2.8,7.1,6.4,0.00,0.02,0.00,0.00,0.00,0.00,-1.75,1.57,99,-1,0,-1,-0.4,-0.00,0.293,0.302,0.07,0,28,0,197.6,10.3,29.7,72.5,0.00,0,-4.6,4.7
68.70,land,349.22,1.51,0.291,1,-667.4,2824.8,-1.2,4.0,-1.45,2.46,72,71,-1,-5.2,-3.9,6.2,5.3,-0.01,0.02,0.00,0.00,0.00,0.00,-2.01,1.85,99,-1,0,-0,-0.6,0.00,0.291,0.301,0.11,0,28,0,197.9,8.0,23.4,72.1,0.00,0,-4.8,5.6
68.90,land,349.27,1.46,0.288,1,-667.5,2825.0,-1.0,3.5,-1.49,2.55,72,71,-1,-6.0,-4.5,5.2,4.1,-0.01,0.02,0.00,0.00,0.00,0.00,-2.20,1.97,99,-1,0,-0,-0.5,0.01,0.288,0.300,0.16,0,28,0,197.9,8.0,23.4,72.1,0.00,0,-4.9,5.7
69.10,land,349.34,1.39,0.284,1,-668.0,2825.8,-0.6,2.9,-1.67,2.81,72,71,-1,-6.9,-5.1,4.2,3.0,-0.02,0.02,0.00,0.00,0.00,0.00,-2.39,2.08,99,-1,0,0,-0.5,0.01,0.284,0.297,0.21,0,28,0,198.2,5.1,15.1,71.8,0.00,0,-5.2,5.8
69.30,land,349.42,1.31,0.280,1,-668.2,2826.1,-0.3,2.4,-1.71,2.90,72,71,-1,-7.7,-5.8,3.1,1.8,-0.02,0.01,0.00,0.00,0.00,0.00,-2.54,2.21,99,-1,0,0,-0.4,0.01,0.280,0.293,0.27,0,28,0,198.2,5.1,15.1,71.8,0.00,0,-5.3,5.8
69.50,land,349.51,1.23,0.276,1,-668.5,2826.7,0.0,1.8,-1.76,2.90,71,71,-1,-8.2,-6.0,2.1,0.6,-0.03,0.01,0.00,0.00,0.00,0.00,-2.59,2.18,99,-1,0,1,-0.4,0.01,0.276,0.289,0.34,0,28,0,198.5,2.1,6.2,71.5,0.00,0,-5.5,5.8
69.70,land,349.58,1.15,0.278,1,-668.9,2827.3,0.4,1.2,-1.80,2.90,71,71,-1,-8.6,-6.2,0.8,-0.3,-0.01,-0.01,0.00,0.00,0.00,0.00,-2.64,2.16,99,-1,0,1,-0.3,0.01,0.278,0.288,0.26,0,28,0,198.5,2.1,6.2,71.5,0.00,0,-6.2,4.5
69.90,land,349.63,1.10,0.281,1,-669.3,2827.9,0.8,0.6,-1.78,2.81,71,70,-1,-8.9,-6.2,-0.3,-1.0,-0.01,-0.01,0.00,0.00,0.00,0.00,-2.60,2.07,99,-1,0,1,-0.3,0.01,0.281,0.289,0.19,0,28,0,198.6,359.4,358.2,71.4,0.00,0,-5.8,3.4
70.10,land,349.69,1.04,0.277,1,-669.8,2828.7,1.1,0.1,-1.71,2.72,71,70,-1,-9.1,-6.2,-1.5,-1.7,-0.01,-0.02,0.00,0.00,0.00,0.00,-2.56,1.99,99,-1,0,1,-0.2,0.01,0.277,0.291,0.25,0,28,0,198.6,359.4,358.2,71.4,0.00,0,-6.0,3.5
70.30,land,349.76,0.97,0.274,1,-670.0,2829.0,1.5,-0.5,-1.69,2.64,71,70,-1,-9.1,-6.3,-2.7,-2.4,-0.01,-0.03,0.00,0.00,0.00,0.00,-2.47,1.93,99,-1,0,1,-0.2,0.01,0.274,0.290,0.29,0,28,0,198.7,357.2,351.8,71.3,0.00,0,-5.9,3.2
70.50,land,349.80,0.93,0.279,1,-670.4,2829.7,1.8,-1.0,-1.52,2.37,71,70,-1,-9.0,-6.1,-3.6,-2.9,-0.01,-0.01,0.00,0.00,0.00,0.00,-2.31,1.80,99,-1,0,1,0.4,0.01,0.279,0.287,0.17,0,28,0,198.7,357.2,351.8,71.3,0.00,0,-2.9,2.3
70.70,land,349.82,0.92,0.286,1,-670.7,2830.1,2.1,-1.4,-1.36,2.11,71,70,-1,-8.6,-6.0,-4.1,-3.3,-0.01,0.00,0.00,0.00,0.00,0.00,-2.11,1.68,99,-1,0,1,0.8,0.00,0.286,0.293,0.02,0,28,0,198.5,355.6,347.1,71.5,0.00,0,-2.4,2.5
70.90,land,349.84,0.90,0.283,1,-671.0,2830.5,2.3,-1.8,-1.21,1.93,71,70,-1,-8.2,-5.6,-4.6,-3.8,-0.02,-0.00,0.00,0.00,0.00,0.00,-1.89,1.48,99,-1,0,1,0.8,0.00,0.283,0.293,0.08,0,28,0,198.5,355.6,347.1,71.5,0.00,0,-2.4,2.4
71.10,land,349.87,0.86,0.280,1,-671.2,2830.9,2.6,-2.2,-1.05,1.67,71,71,-1,-7.8,-5.2,-5.1,-4.3,-0.03,-0.01,0.00,0.00,0.00,0.00,-1.66,1.28,99,-1,0,1,0.9,-0.00,0.280,0.298,0.14,0,28,0,198.2,354.3,343.2,71.8,0.00,0,-2.7,2.5
71.30,land,349.91,0.83,0.278,1,-671.3,2831.0,2.8,-2.5,-0.99,1.49,71,71,-1,-7.3,-4.8,-5.6,-4.8,-0.03,-0.02,0.00,0.00,0.00,0.00,-1.42,1.09,99,-1,0,1,0.9,-0.00,0.278,0.300,0.16,0,28,0,198.2,354.3,343.2,71.8,0.00,0,-2.5,2.2
71.50,land,349.92,0.81,0.282,1,-671.6,2831.4,3.0,-2.8,-0.75,1.14,71,71,-1,-6.7,-4.3,-5.9,-5.0,-0.01,-0.02,0.00,0.00,0.00,0.00,-1.19,0.89,99,-1,0,1,0.6,-0.00,0.282,0.294,0.07,0,28,0,197.7,353.2,339.6,72.3,0.00,0,-1.1,-0.4
71.70,land,349.92,0.81,0.285,1,-671.6,2831.5,3.1,-3.0,-0.66,0.97,71,71,-1,-6.1,-3.9,-6.1,-4.9,0.00,-0.02,0.00,0.00,0.00,0.00,-0.93,0.70,99,-1,0,1,0.3,0.00,0.285,0.292,0.01,0,28,0,197.7,353.2,339.6,72.3,0.00,0,-0.7,-0.7
71.90,land,349.93,0.80,0.282,1,-671.8,2831.7,3.2,-3.2,-0.40,0.53,72,72,-1,-5.5,-3.4,-6.3,-4.7,0.00,-0.03,0.00,0.00,0.00,0.00,-0.68,0.51,99,-1,0,1,0.3,-0.00,0.282,0.294,0.06,0,28,0,197.5,353.3,339.5,72.5,0.00,0,-1.3,-1.1
72.10,land,349.95,0.78,0.279,1,-671.8,2831.8,3.3,-3.3,-0.20,0.26,72,72,-1,-4.8,-2.9,-6.6,-4.5,-0.00,-0.04,0.00,0.00,0.00,0.00,-0.43,0.32,99,-1,0,0,0.3,-0.00,0.279,0.298,0.11,0,28,0,197.5,353.3,339.5,72.5,0.00,0,-1.2,-1.4
72.30,land,349.95,0.78,0.284,1,-671.8,2831.9,3.3,-3.3,0.02,0.09,72,72,-1,-3.9,-2.4,-6.7,-4.2,0.00,-0.02,0.00,0.00,0.00,0.00,-0.14,0.14,99,-1,0,0,0.3,-0.00,0.284,0.295,0.02,0,28,0,197.3,353.6,340.2,72.7,0.00,0,1.7,-1.7
72.50,land,349.92,0.81,0.293,1,-671.8,2831.9,3.3,-3.4,0.13,-0.09,72,72,-1,-3.1,-1.8,-6.2,-3.9,-0.00,0.01,0.00,0.00,0.00,0.00,0.15,-0.04,99,-1,0,0,0.2,-0.00,0.293,0.296,-0.15,0,28,0,197.3,353.6,340.2,72.7,0.00,0,2.7,-1.5
72.70,land,349.90,0.83,0.290,1,-671.7,2831.8,3.3,-3.3,0.44,-0.35,72,72,-1,-2.2,-1.5,-5.5,-3.6,-0.00,0.01,0.00,0.00,0.00,0.00,0.42,-0.14,99,-1,0,0,0.3,-0.00,0.290,0.296,-0.09,0,28,0,197.3,354.5,342.7,72.7,0.00,0,3.1,-1.3
72.90,land,349.89,0.84,0.288,1,-671.6,2831.7,3.2,-3.2,0.59,-0.53,72,72,-1,-1.6,-1.2,-4.9,-3.3,-0.01,0.01,0.00,0.00,0.00,0.00,0.62,-0.26,99,-1,0,0,0.3,-0.00,0.288,0.293,-0.03,0,28,0,197.3,354.5,342.7,72.7,0.00,0,3.0,-1.2
73.10,land,349.89,0.84,0.285,1,-671.5,2831.6,3.1,-3.1,0.70,-0.70,72,72,-1,-0.9,-0.8,-4.3,-3.1,-0.01,0.00,0.00,0.00,0.00,0.00,0.82,-0.38,99,-1,0,0,0.3,-0.00,0.285,0.290,0.03,0,28,0,197.2,355.4,345.4,72.8,0.00,0,2.7,-1.1
73.30,land,349.90,0.83,0.281,1,-671.3,2831.4,2.9,-3.0,0.81,-0.88,72,72,-1,-0.3,-0.3,-3.8,-2.9,-0.01,-0.00,0.00,0.00,0.00,0.00,0.98,-0.51,99,-1,0,0,0.3,-0.00,0.281,0.288,0.09,0,28,0,197.2,355.4,345.4,72.8,0.00,0,2.5,-1.1
73.50,land,349.93,0.80,0.278,1,-671.3,2831.3,2.8,-2.8,0.86,-0.97,72,72,-1,0.2,0.2,-3.3,-2.7,-0.02,-0.01,0.00,0.00,0.00,0.00,1.11,-0.65,99,-1,0,0,0.3,-0.00,0.278,0.289,0.15,0,28,0,197.2,356.1,347.7,72.8,0.00,0,2.3,-1.0
73.70,land,349.96,0.77,0.275,1,-671.1,2831.1,2.6,-2.6,0.92,-1.05,72,72,-1,0.7,0.5,-2.9,-2.4,-0.02,-0.01,0.00,0.00,0.00,0.00,1.20,-0.72,99,-1,0,0,0.3,-0.00,0.275,0.285,0.18,0,28,0,197.2,356.1,347.7,72.8,0.00,0,2.4,-1.2
73.90,land,349.98,0.75,0.279,1,-670.9,2830.9,2.4,-2.4,0.99,-1.14,72,72,-1,1.1,0.8,-2.3,-2.0,0.00,0.01,0.00,0.00,0.00,0.00,1.29,-0.78,99,-1,0,0,0.3,-0.00,0.279,0.281,0.10,0,28,0,197.1,356.9,350.2,72.9,0.00,0,3.1,-2.2
74.10,land,350.00,0.74,0.277,1,-670.6,2830.5,2.2,-2.1,1.03,-1.23,72,72,-1,1.5,1.1,-1.6,-1.5,0.00,0.00,0.00,0.00,0.00,0.00,1.36,-0.85,99,-1,0,0,0.3,-0.00,0.277,0.279,0.13,0,28,0,197.1,356.9,350.2,72.9,0.00,0,2.8,-2.2
74.30,land,350.03,0.70,0.120,1,-670.4,2830.3,2.0,-1.9,1.05,-1.32,72,72,-1,1.7,1.2,-1.1,-1.1,0.00,0.00,0.00,0.00,0.00,0.00,1.38,-0.84,99,-1,0,0,0.3,-0.00,0.120,0.122,0.20,0,28,0,197.1,358.3,354.4,72.9,0.00,0,2.5,-2.2
74.50,land,350.01,0.72,0.120,1,-670.3,2830.1,1.8,-1.6,1.05,-1.32,72,72,-1,2.0,1.5,-0.6,-0.7,0.00,0.00,0.00,0.00,0.00,0.00,1.41,-0.93,99,-1,0,0,0.3,-0.00,0.120,0.121,-0.15,0,28,0,197.1,358.3,354.4,72.9,0.00,0,2.5,-2.2
74.70,land,349.69,1.04,0.120,1,-669.9,2829.7,1.5,-1.4,1.03,-1.23,72,72,-1,2.1,1.7,-0.1,-0.2,0.00,0.00,0.00,0.00,0.00,0.00,1.39,-0.93,99,-1,0,0,0.3,-0.00,0.120,0.122,-1.77,0,28,0,197.0,359.5,358.2,73.0,0.00,0,2.3,-2.1
74.90,land,349.05,1.68,0.120,1,-669.7,2829.5,1.3,-1.1,1.01,-1.23,72,72,-1,2.2,1.5,0.3,0.2,0.01,0.00,0.00,0.00,0.00,0.00,1.36,-0.85,99,-1,0,0,0.3,-0.00,0.120,0.125,-3.36,0,28,0,197.0,359.5,358.2,73.0,0.00,0,2.1,-2.0
75.10,land,348.10,2.63,0.120,1,-669.6,2829.4,1.1,-0.9,1.01,-1.23,72,72,-1,2.3,1.7,0.7,0.6,0.01,0.00,0.00,0.00,0.00,0.00,1.34,-0.86,99,-1,0,0,0.3,-0.00,0.120,0.126,-4.91,0,28,0,196.8,0.5,1.8,73.2,0.00,0,2.1,-2.0
75.30,land,346.84,3.89,0.120,1,-669.3,2829.0,0.9,-0.6,0.97,-1.14,72,72,-1,2.4,1.8,1.1,1.0,0.01,0.01,0.00,0.00,0.00,0.00,1.32,-0.87,99,-1,0,-0,0.3,-0.00,0.120,0.127,-6.44,0,28,0,196.8,0.5,1.8,73.2,0.00,0,1.9,-1.9
75.50,land,345.28,5.45,0.120,1,-669.2,2828.9,0.7,-0.4,0.94,-1.14,72,72,-1,2.3,1.7,1.5,1.4,0.02,0.01,0.00,0.00,0.00,0.00,1.25,-0.80,99,-1,0,-0,0.3,-0.00,0.120,0.129,-7.95,0,28,0,196.7,1.6,5.2,73.3,0.00,0,2.0,-1.9
75.70,land,343.43,7.30,0.120,1,-669.0,2828.6,0.6,-0.2,0.90,-1.14,72,72,-1,2.4,1.8,1.9,1.7,0.02,0.01,0.00,0.00,0.00,0.00,1.23,-0.81,99,-1,0,-0,0.3,-0.00,0.120,0.130,-9.42,0,28,0,196.7,1.6,5.2,73.3,0.00,0,1.7,-1.8
75.90,land,341.28,9.45,0.120,1,-668.9,2828.4,0.4,0.1,0.90,-1.05,72,72,-1,2.4,1.7,2.2,2.1,0.02,0.01,0.00,0.00,0.00,0.00,1.18,-0.73,99,-1,0,-0,0.3,-0.01,0.120,0.133,-10.87,0,28,0,196.6,2.5,8.4,73.4,0.00,0,1.6,-1.7
76.10,land,338.85,11.88,0.120,1,-668.7,2828.2,0.2,0.3,0.86,-1.05,72,72,-1,2.5,1.8,2.5,2.4,0.02,0.01,0.00,0.00,0.00,0.00,1.14,-0.75,99,-1,0,-0,0.3,-0.01,0.120,0.134,-12.30,0,28,0,196.6,2.5,8.4,73.4,0.00,0,1.6,-1.8
76.30,land,336.15,14.59,0.120,1,-668.5,2827.9,0.0,0.5,0.81,-0.97,72,73,-1,2.5,1.7,2.8,2.7,0.02,0.01,0.00,0.00,0.00,0.00,1.09,-0.67,99,-1,0,-0,0.4,-0.01,0.120,0.130,-13.66,0,28,0,196.4,3.4,11.4,73.6,0.00,0,0.7,-1.0
76.50,land,333.19,17.54,0.120,1,-668.3,2827.8,-0.1,0.7,0.77,-0.88,73,73,-1,2.5,1.8,2.9,2.8,0.01,-0.01,0.00,0.00,0.00,0.00,1.04,-0.68,99,-1,0,-0,0.0,-0.00,0.120,0.126,-14.93,0,28,0,196.4,3.4,11.4,73.6,0.00,0,0.0,0.0
76.70,land,329.97,20.77,0.120,1,-668.1,2827.6,-0.3,0.8,0.75,-0.88,73,73,-1,2.4,1.7,2.9,2.9,0.01,-0.01,0.00,0.00,0.00,0.00,1.00,-0.61,99,-1,0,-1,0.0,-0.00,0.120,0.127,-16.28,0,28,0,196.3,3.7,12.6,73.7,0.00,0,0.0,0.0
76.90,land,326.47,24.26,0.120,1,-668.0,2827.4,-0.4,1.0,0.70,-0.79,73,73,-1,2.4,1.6,2.9,3.0,0.01,-0.01,0.00,0.00,0.00,0.00,0.93,-0.54,99,-1,0,-1,0.0,-0.00,0.120,0.127,-17.61,0,28,0,196.3,3.7,12.6,73.7,0.00,0,0.0,0.0
77.10,land,322.72,28.01,0.120,1,-667.9,2827.3,-0.6,1.2,0.70,-0.79,73,73,-1,2.4,1.7,2.9,3.1,0.01,-0.01,0.00,0.00,0.00,0.00,0.91,-0.55,99,-1,0,-1,0.7,-0.01,0.120,0.128,-18.92,0,28,0,196.1,3.9,13.3,73.9,0.00,0,0.1,-0.9
77.30,land,318.71,32.02,0.120,1,-667.8,2827.2,-0.7,1.3,0.66,-0.70,73,73,-1,2.3,1.5,2.9,3.2,0.01,-0.01,0.00,0.00,0.00,0.00,0.84,-0.48,99,-1,0,-1,0.0,-0.01,0.120,0.129,-20.20,0,28,0,196.1,3.9,13.3,73.9,0.00,0,0.0,0.0
77.50,land,314.45,36.28,0.120,1,-667.7,2827.0,-0.8,1.5,0.64,-0.70,73,73,-1,2.4,1.6,2.9,3.2,0.01,-0.01,0.00,0.00,0.00,0.00,0.82,-0.48,99,-1,0,-1,0.0,-0.01,0.120,0.129,-21.45,0,28,0,196.0,4.0,13.8,74.0,0.00,0,0.0,0.0
77.70,land,309.94,40.79,0.120,1,-667.5,2826.9,-1.0,1.6,0.59,-0.62,73,73,-1,2.3,1.5,2.8,3.3,0.02,-0.01,0.00,0.00,0.00,0.00,0.75,-0.41,99,-1,0,-1,0.5,-0.01,0.120,0.130,-22.68,0,28,0,196.0,4.0,13.8,74.0,0.00,0,-0.3,-0.6
77.90,land,305.20,45.53,0.120,1,-667.4,2826.8,-1.1,1.7,0.57,-0.62,73,73,-1,2.3,1.5,2.8,3.4,0.02,-0.01,0.00,0.00,0.00,0.00,0.73,-0.42,99,-1,0,-1,0.0,-0.01,0.120,0.131,-23.88,0,28,0,195.9,4.2,14.3,74.1,0.00,0,0.0,0.0
78.10,land,300.22,50.52,0.120,1,-667.3,2826.7,-1.2,1.8,0.55,-0.53,73,73,-1,2.3,1.4,2.7,3.5,0.02,-0.01,0.00,0.00,0.00,0.00,0.68,-0.34,99,-1,0,-1,0.0,-0.01,0.120,0.133,-25.04,0,28,0,195.9,4.2,14.3,74.1,0.00,0,0.0,0.0
78.30,land,295.01,55.73,0.120,1,-667.2,2826.6,-1.3,1.9,0.53,-0.53,73,73,-1,2.3,1.4,2.7,3.5,0.02,-0.01,0.00,0.00,0.00,0.00,0.66,-0.35,99,-1,0,-1,0.4,-0.01,0.120,0.133,-26.19,0,28,0,195.8,4.3,14.7,74.2,0.00,0,-0.5,-0.5
78.50,land,289.57,61.16,0.120,1,-667.1,2826.5,-1.4,2.0,0.51,-0.53,73,73,-1,2.3,1.5,2.6,3.6,0.02,-0.02,0.00,0.00,0.00,0.00,0.64,-0.36,99,-1,0,-1,0.6,-0.01,0.120,0.134,-27.30,0,28,0,195.8,4.3,14.7,74.2,0.00,0,-0.9,-0.8
78.70,land,283.93,66.80,0.120,1,-667.0,2826.3,-1.5,2.1,0.48,-0.44,73,73,-1,2.2,1.3,2.5,3.6,0.02,-0.01,0.00,0.00,0.00,0.00,0.59,-0.28,99,-1,0,-1,0.3,-0.02,0.120,0.130,-28.36,0,28,0,195.7,4.3,15.1,74.3,0.00,0,0.5,0.7
78.90,land,278.09,72.64,0.120,1,-666.9,2826.3,-1.6,2.2,0.46,-0.44,73,73,-1,2.3,1.4,2.6,3.5,0.00,0.00,0.00,0.00,0.00,0.00,0.57,-0.29,99,-1,0,-1,0.3,-0.01,0.120,0.122,-29.32,0,28,0,195.7,4.3,15.1,74.3,0.00,0,0.7,0.9
79.10,land,272.05,78.69,0.120,1,-666.8,2826.2,-1.7,2.3,0.44,-0.44,73,73,-1,2.3,1.4,2.7,3.3,0.00,0.00,0.00,0.00,0.00,0.00,0.55,-0.30,99,-1,0,-1,0.2,-0.01,0.120,0.122,-30.37,0,28,0,195.6,4.1,14.5,74.4,0.00,0,0.6,0.8
79.30,land,265.80,84.94,0.120,1,-666.7,2826.1,-1.8,2.4,0.44,-0.44,73,73,-1,2.3,1.5,2.8,3.2,0.00,0.00,0.00,0.00,0.00,0.00,0.55,-0.30,99,-1,0,-1,0.1,-0.01,0.120,0.121,-31.39,0,28,0,195.6,4.1,14.5,74.4,0.00,0,0.2,0.4
79.50,land,259.34,91.39,0.120,1,-666.6,2826.0,-1.8,2.5,0.42,-0.44,73,73,-1,2.4,1.5,2.9,3.0,0.00,0.00,0.00,0.00,0.00,0.00,0.53,-0.30,99,-1,0,-1,0.3,-0.01,0.120,0.120,-32.40,0,28,0,195.5,3.9,13.8,74.5,0.00,0,0.5,1.0
79.70,land,252.69,98.04,0.120,1,-666.5,2825.9,-1.9,2.6,0.40,-0.44,74,73,-1,2.4,1.6,3.0,2.9,-0.00,0.00,0.00,0.00,0.00,0.00,0.50,-0.31,99,-1,0,-1,0.3,-0.01,0.120,0.120,-33.38,0,28,0,195.5,3.9,13.8,74.5,0.00,0,0.5,1.0
79.90,land,245.85,104.88,0.120,1,-666.5,2825.9,-2.0,2.6,0.40,-0.35,74,74,-1,2.4,1.4,3.0,2.8,0.00,0.00,0.00,0.00,0.00,0.00,0.48,-0.23,99,-1,0,-1,0.2,-0.01,0.120,0.120,-34.35,0,28,0,195.4,3.6,13.0,74.6,0.00,0,0.3,0.6
80.10,land,238.82,111.91,0.120,1,-666.4,2825.8,-2.1,2.7,0.40,-0.35,74,74,-1,2.4,1.4,3.1,2.6,0.00,-0.00,0.00,0.00,0.00,0.00,0.48,-0.23,99,-1,0,-2,0.2,-0.01,0.120,0.120,-35.29,0,28,0,195.4,3.6,13.0,74.6,0.00,0,0.2,0.6
80.30,land,231.60,119.13,0.120,1,-666.3,2825.7,-2.2,2.8,0.37,-0.35,74,74,-1,2.4,1.5,3.1,2.5,-0.00,-0.00,0.00,0.00,0.00,0.00,0.46,-0.23,99,-1,0,-2,0.0,-0.01,0.120,0.121,-36.21,0,28,0,195.3,3.4,12.3,74.7,0.00,0,0.0,0.0
80.50,land,224.20,126.53,0.120,1,-666.3,2825.6,-2.2,2.9,0.37,-0.35,74,74,-1,2.5,1.5,3.2,2.4,-0.00,-0.00,0.00,0.00,0.00,0.00,0.46,-0.23,99,-1,0,-2,0.2,-0.01,0.120,0.121,-37.11,0,28,0,195.3,3.4,12.3,74.7,0.00,0,0.2,0.6
80.70,land,216.63,134.10,0.120,1,-666.2,2825.5,-2.3,2.9,0.37,-0.35,74,74,-1,2.6,1.6,3.2,2.3,-0.00,-0.00,0.00,0.00,0.00,0.00,0.46,-0.23,99,-1,0,-2,0.0,-0.01,0.120,0.122,-38.00,0,28,0,195.3,3.2,11.6,74.7,0.00,0,0.0,0.0
80.90,land,208.88,141.85,0.120,1,-666.1,2825.5,-2.4,3.0,0.37,-0.44,74,74,-1,2.7,1.9,3.2,2.2,-0.01,-0.00,0.00,0.00,0.00,0.00,0.48,-0.32,99,-1,0,-2,0.0,-0.01,0.120,0.124,-38.86,0,28,0,195.3,3.2,11.6,74.7,0.00,0,0.0,0.0
81.10,land,200.96,149.77,0.120,1,-666.0,2825.4,-2.5,3.1,0.37,-0.44,74,74,-1,2.8,1.9,3.2,2.1,-0.01,-0.01,0.00,0.00,0.00,0.00,0.48,-0.32,99,-1,0,-2,0.1,-0.01,0.120,0.125,-39.70,0,28,0,195.2,3.0,10.9,74.8,0.00,0,0.0,0.5
81.30,land,192.88,157.85,0.120,1,-665.9,2825.3,-2.5,3.2,0.40,-0.44,74,74,-1,2.8,2.0,3.2,2.0,-0.01,-0.01,0.00,0.00,0.00,0.00,0.48,-0.32,99,-1,0,-2,0.3,-0.01,0.120,0.126,-40.53,0,28,0,195.2,3.0,10.9,74.8,0.00,0,-0.0,1.2
81.50,land,184.64,166.10,0.120,1,-665.9,2825.2,-2.6,3.3,0.40,-0.44,74,74,-1,3.0,2.0,3.2,1.9,-0.01,-0.01,0.00,0.00,0.00,0.00,0.50,-0.31,99,-1,0,-2,0.2,-0.01,0.120,0.127,-41.33,0,28,0,195.1,2.8,10.3,74.8,0.00,0,-0.0,0.7
81.70,land,176.23,174.50,0.120,1,-665.8,2825.1,-2.7,3.4,0.40,-0.44,74,74,-1,3.0,2.0,3.2,1.8,-0.01,-0.01,0.00,0.00,0.00,0.00,0.50,-0.31,99,-1,0,-2,0.0,-0.02,0.120,0.128,-42.11,0,28,0,195.1,2.8,10.3,74.8,0.00,0,0.0,0.0
81.90,land,167.68,183.05,0.215,1,-665.7,2825.1,-2.8,3.4,0.42,-0.44,74,74,-1,3.2,2.1,3.2,1.7,-0.01,-0.01,0.00,0.00,0.00,0.00,0.52,-0.31,99,-1,0,-2,0.0,-0.01,0.215,0.224,-42.88,0,28,0,195.1,2.6,9.7,74.9,0.00,0,0.0,0.0
82.10,land,159.07,191.67,0.330,1,-665.6,2824.9,-2.9,3.5,0.37,-0.44,74,74,-1,3.2,2.1,3.2,1.7,-0.01,-0.01,0.00,0.00,0.00,0.00,0.50,-0.31,99,-1,0,-2,0.0,-0.01,0.330,0.341,-43.06,0,28,0,195.1,2.6,9.7,74.9,0.00,0,0.0,0.0
82.30,land,150.60,200.14,0.404,1,-665.6,2824.9,-2.9,3.6,0.35,-0.35,74,74,-1,3.0,1.9,3.1,1.6,-0.01,-0.01,0.00,0.00,0.00,0.00,0.43,-0.24,99,-1,0,-2,0.0,-0.01,0.404,0.410,-42.22,0,28,0,195.1,2.5,9.1,74.9,0.00,0,0.0,0.0
82.50,land,142.41,208.33,0.451,1,-665.5,2824.8,-3.0,3.7,0.26,-0.26,74,74,-1,2.8,1.8,3.2,1.7,0.00,-0.00,0.00,0.00,0.00,0.00,0.33,-0.18,99,-1,0,-2,0.0,-0.01,0.451,0.453,-40.73,0,28,0,195.1,2.5,9.1,74.9,0.00,0,0.0,0.0
82.70,land,134.61,216.12,0.474,1,-665.5,2824.8,-3.0,3.7,0.15,-0.18,74,74,-1,2.4,1.7,3.2,1.8,0.01,-0.00,0.00,0.00,0.00,0.00,0.20,-0.13,99,-1,0,-2,0.0,-0.01,0.474,0.477,-38.73,0,28,0,195.0,2.6,9.6,75.0,0.00,0,0.1,-0.3
82.90,land,127.23,223.50,0.492,1,-665.5,2824.7,-3.0,3.7,0.00,0.00,74,74,-1,2.1,1.5,3.2,1.9,0.01,-0.00,0.00,0.00,0.00,0.00,0.07,-0.07,99,-1,0,-2,0.1,-0.01,0.492,0.496,-36.60,0,28,0,195.0,2.6,9.6,75.0,0.00,0,-0.6,-0.5
83.10,land,120.35,230.38,0.489,1,-665.5,2824.8,-3.0,3.8,-0.13,0.09,74,74,-1,1.7,1.4,3.0,2.0,0.01,-0.01,0.00,0.00,0.00,0.00,-0.06,-0.02,99,-1,0,-2,0.0,-0.01,0.489,0.495,-34.09,0,28,0,195.0,2.8,10.2,75.0,0.00,0,-0.4,-0.1
83.30,land,113.96,236.77,0.487,1,-665.5,2824.8,-3.0,3.7,-0.18,0.18,74,74,-1,1.2,1.0,2.8,2.0,0.01,-0.01,0.00,0.00,0.00,0.00,-0.22,0.12,99,-1,0,-2,0.1,-0.01,0.487,0.496,-31.62,0,28,0,195.0,2.8,10.2,75.0,0.00,0,-1.0,-0.2
83.50,land,108.06,242.67,0.486,1,-665.6,2824.9,-3.0,3.7,-0.31,0.35,74,74,-1,0.8,0.8,2.6,2.1,0.01,-0.01,0.00,0.00,0.00,0.00,-0.33,0.18,99,-1,0,-2,0.1,-0.01,0.486,0.497,-29.21,0,28,0,195.0,2.8,10.2,75.0,0.00,0,-1.4,-0.1
83.70,land,102.63,248.10,0.486,1,-665.6,2824.9,-2.9,3.6,-0.35,0.44,74,74,-1,0.4,0.3,2.2,2.1,0.02,-0.02,0.00,0.00,0.00,0.00,-0.46,0.33,99,-1,0,-2,0.1,-0.01,0.486,0.501,-26.84,0,28,0,195.0,2.8,10.2,75.0,0.00,0,-2.0,-0.1
83.90,land,97.67,253.06,0.488,1,-665.7,2825.0,-2.8,3.5,-0.40,0.53,74,74,-1,0.1,0.0,1.8,2.1,0.02,-0.03,0.00,0.00,0.00,0.00,-0.53,0.40,99,-1,0,-2,0.1,-0.01,0.488,0.506,-24.52,0,28,0,195.0,2.6,9.6,75.0,0.00,0,-2.2,0.0
84.10,land,93.17,257.57,0.492,1,-665.8,2825.1,-2.7,3.4,-0.44,0.62,74,74,-1,-0.1,-0.2,1.2,2.0,0.02,-0.03,0.00,0.00,0.00,0.00,-0.59,0.47,99,-1,0,-2,0.1,-0.01,0.492,0.514,-22.25,0,28,0,195.0,2.6,9.6,75.0,0.00,0,-2.6,0.1
84.30,land,89.11,261.63,0.498,1,-665.9,2825.3,-2.7,3.3,-0.40,0.70,74,74,-1,-0.2,-0.6,0.7,2.0,0.02,-0.03,0.00,0.00,0.00,0.00,-0.59,0.56,99,-1,0,-2,-1.0,-0.01,0.498,0.521,-20.02,0,28,0,195.0,2.3,8.5,75.0,0.00,0,-2.0,0.2
84.50,land,85.49,265.25,0.508,1,-665.9,2825.4,-2.6,3.1,-0.35,0.70,74,74,-1,-0.1,-0.7,0.4,2.0,0.02,-0.02,0.00,0.00,0.00,0.00,-0.53,0.58,99,-1,0,-2,-1.5,0.00,0.508,0.526,-17.84,0,28,0,195.0,2.3,8.5,75.0,0.00,0,-1.4,0.2
84.70,land,82.29,268.44,0.522,1,-666.0,2825.5,-2.5,3.0,-0.29,0.79,74,73,-1,-0.0,-1.1,0.3,1.9,0.03,-0.01,0.00,0.00,0.00,0.00,-0.49,0.68,99,-1,0,-2,-2.5,0.02,0.522,0.538,-15.70,0,28,0,195.7,2.0,7.2,74.4,0.00,0,-0.8,0.3
84.90,land,79.53,271.21,0.540,1,-666.0,2825.8,-2.5,2.8,-0.20,0.88,74,73,-1,0.1,-1.2,0.2,1.8,0.02,-0.01,0.00,0.00,0.00,0.00,-0.43,0.70,99,-1,0,-2,-2.3,0.02,0.540,0.551,-13.58,0,28,0,195.7,2.0,7.2,74.4,0.00,0,-0.3,1.5
85.10,land,77.23,273.51,0.553,1,-666.1,2825.9,-2.4,2.6,-0.18,0.88,73,72,-1,0.1,-1.6,0.2,1.3,-0.01,-0.01,0.00,0.00,0.00,0.00,-0.42,0.79,99,-1,0,-1,-2.0,0.02,0.553,0.559,-11.25,0,28,0,196.6,1.6,5.5,73.4,0.00,0,-0.1,2.7
85.30,land,75.43,275.30,0.573,1,-666.1,2826.0,-2.4,2.5,-0.15,0.88,73,72,-1,0.1,-1.7,0.1,0.8,-0.01,-0.01,0.00,0.00,0.00,0.00,-0.40,0.80,99,-1,0,-1,-1.9,0.02,0.573,0.583,-8.72,0,28,0,196.6,1.6,5.5,73.4,0.00,0,-0.3,2.8
85.50,land,74.13,276.60,0.388,1,-666.1,2826.2,-2.4,2.3,-0.13,0.88,73,72,-1,0.1,-1.9,-0.0,0.2,-0.02,-0.02,0.00,0.00,0.00,0.00,-0.39,0.80,99,-1,0,-1,-1.6,0.01,0.388,0.404,-6.21,0,28,0,197.4,0.5,1.6,72.6,0.00,0,-0.8,2.8
85.70,land,73.27,277.46,0.362,1,-666.2,2826.5,-2.3,2.1,-0.11,0.79,72,72,-1,0.1,-2.0,-0.2,-0.3,-0.02,-0.02,0.00,0.00,0.00,0.00,-0.37,0.80,99,-1,0,-0,-1.1,0.01,0.362,0.378,-4.15,0,28,0,197.4,0.5,1.6,72.6,0.00,0,-0.6,1.9
85.90,land,72.62,278.11,0.311,1,-666.2,2826.6,-2.3,2.0,-0.11,0.70,72,71,-1,0.2,-1.8,-0.3,-0.7,-0.01,-0.02,0.00,0.00,0.00,0.00,-0.35,0.72,99,-1,0,0,-0.9,0.01,0.311,0.323,-3.18,0,28,0,198.0,359.4,358.2,72.0,0.00,0,-0.1,1.6
86.10,land,72.07,278.67,0.289,1,-666.2,2826.8,-2.3,1.8,-0.09,0.62,72,71,-1,0.3,-1.7,-0.3,-1.0,-0.01,-0.01,0.00,0.00,0.00,0.00,-0.30,0.64,99,-1,0,0,-0.8,0.01,0.289,0.298,-2.76,0,28,0,198.0,359.4,358.2,72.0,0.00,0,0.2,1.8
86.30,land,71.54,279.19,0.283,1,-666.2,2826.9,-2.3,1.7,-0.09,0.53,71,71,-1,0.3,-1.5,-0.3,-1.3,-0.02,-0.01,0.00,0.00,0.00,0.00,-0.28,0.56,99,-1,0,1,-0.6,0.01,0.283,0.295,-2.63,0,28,0,198.3,358.8,356.2,71.7,0.00,0,-0.0,1.5
86.50,land,71.05,279.69,0.276,1,-666.2,2827.0,-2.3,1.6,-0.09,0.44,71,71,-1,0.4,-1.3,-0.3,-1.7,-0.02,-0.02,0.00,0.00,0.00,0.00,-0.25,0.47,99,-1,0,1,-0.5,0.01,0.276,0.293,-2.50,0,28,0,198.3,358.8,356.2,71.7,0.00,0,-0.0,1.4
86.70,land,70.55,280.18,0.275,1,-666.2,2827.0,-2.3,1.5,-0.09,0.44,71,70,-1,0.4,-1.1,-0.2,-1.8,-0.01,-0.01,0.00,0.00,0.00,0.00,-0.23,0.39,99,-1,0,1,-0.7,0.02,0.275,0.283,-2.48,0,28,0,198.6,358.1,354.4,71.4,0.00,0,0.6,1.1
86.90,land,70.42,280.31,0.168,1,-666.5,2827.2,-2.1,1.4,-1.04,0.26,71,70,-1,-2.2,-0.9,2.9,-1.0,0.07,0.28,0.00,0.00,0.00,0.00,-1.05,0.29,99,-1,0,1,-1.6,0.01,0.168,0.307,-0.47,0,28,0,198.6,358.1,354.4,71.4,0.00,0,15.6,3.5
87.10,land,70.38,280.35,0.151,1,-666.6,2827.2,-1.9,1.3,-1.12,0.26,71,70,-1,-2.6,0.3,5.6,-1.8,-0.09,0.25,0.00,0.00,0.00,0.00,-1.14,-0.12,99,-1,0,1,-3.0,0.05,0.151,0.287,-0.28,0,28,0,198.8,0.2,0.5,71.1,0.00,0,12.9,4.4
87.30,land,70.27,280.46,0.166,1,-666.8,2827.2,-1.7,1.3,-1.31,0.08,70,70,-1,-3.1,1.1,7.2,-3.6,-0.21,0.19,0.00,0.00,0.00,0.00,-1.26,-0.36,99,-1,0,2,-12.6,0.16,0.166,0.328,-0.69,0,28,0,198.8,0.2,0.5,71.1,0.00,0,7.9,8.9
87.50,land,70.12,280.61,0.182,1,-667.1,2827.2,-1.4,1.3,-1.58,-0.25,69,66,-1,-3.5,2.5,8.3,-7.0,-0.37,0.23,0.03,0.00,0.00,0.00,-1.38,-0.80,99,-1,1,3,-20.4,0.27,0.183,0.366,-1.09,0,28,0,203.1,358.1,355.5,66.7,0.00,0,4.3,14.8
87.70,land,70.14,280.59,0.120,1,-667.5,2827.0,-1.1,1.4,-1.10,-0.79,68,66,-1,-1.5,2.7,9.0,-9.0,-0.21,0.10,0.09,0.00,0.00,0.00,-0.65,-1.12,99,-1,1,4,3.4,0.12,0.120,0.240,0.21,0,28,0,203.1,358.1,355.5,66.7,0.00,0,-1.3,-1.5
87.90,land,70.08,280.65,0.138,1,-667.6,2826.9,-0.9,1.6,-1.25,-0.88,66,63,-1,-2.0,2.7,8.1,-8.1,-0.03,-0.00,0.04,0.00,0.00,0.00,-0.79,-1.31,99,-1,0,6,3.7,-0.00,0.138,0.151,-0.47,0,28,0,205.9,355.6,350.9,63.9,0.00,0,-4.4,-6.6
88.10,land,70.04,280.69,0.120,1,-667.8,2826.8,-0.7,1.7,-0.54,-0.43,65,63,-1,-0.6,2.3,7.3,-7.3,-0.11,0.10,0.01,0.00,0.00,0.00,-0.31,-0.62,99,-1,0,7,3.0,0.01,0.120,0.203,0.09,0,28,0,205.9,355.6,350.9,63.9,0.00,0,1.7,0.1
88.30,land,70.02,280.71,0.120,1,-667.8,2826.8,-0.7,1.7,-0.06,-0.09,64,63,-1,0.2,0.8,7.0,-7.0,-0.05,0.03,0.00,0.00,0.00,0.00,-0.02,-0.11,99,-1,0,8,-0.6,0.06,0.120,0.152,-0.11,0,28,0,206.1,356.3,352.4,63.7,0.00,0,-2.0,-2.1
88.50,touchdown,69.95,280.78,0.000,1,-667.7,2826.8,-0.7,1.7,0.70,0.22,64,63,-1,1.3,-0.4,5.9,-5.9,0.04,-0.05,0.00,0.00,0.00,0.00,0.33,0.29,99,-1,1,8,-0.5,0.07,0.000,0.000,-0.33,0,28,0,206.1,356.3,352.4,63.7,0.00,0,-7.9,-8.0
88.70,touchdown,69.81,280.92,0.000,1,-667.5,2826.9,-0.9,1.7,1.23,0.43,63,63,-1,2.6,-1.9,3.8,-3.8,0.14,-0.15,0.00,0.00,0.00,0.00,0.72,0.75,99,-1,1,9,0.1,0.06,0.000,0.000,-0.64,0,28,0,206.2,357.4,354.8,63.7,0.00,0,-13.7,-13.7
88.90,touchdown,69.55,281.18,0.000,1,-667.4,2826.9,-1.1,1.6,1.48,0.51,63,63,-1,3.8,-3.1,0.6,-0.6,0.28,-0.29,0.00,0.00,0.00,0.00,1.09,1.12,99,-1,1,9,0.0,0.06,0.000,0.000,-1.10,0,28,0,206.2,357.4,354.8,63.7,0.00,0,-16.8,-16.8
89.10,touchdown,69.57,281.16,0.000,1,-667.1,2827.0,-1.4,1.5,0.42,0.13,63,63,-1,2.4,-1.6,-1.6,1.6,0.13,-0.15,0.00,0.00,0.00,0.00,0.58,0.55,99,-1,1,9,0.1,0.06,0.000,0.000,0.74,0,28,0,206.0,0.5,1.0,64.0,0.00,0,-4.6,-4.5
89.30,touchdown,69.59,281.14,0.000,1,-667.1,2827.0,-1.4,1.5,0.05,0.00,63,63,-1,0.8,-0.0,-1.9,1.9,0.00,-0.01,0.00,0.00,0.00,0.00,0.04,0.03,99,-1,1,9,0.1,0.06,0.000,0.000,0.03,0,28,0,206.0,0.5,1.0,64.0,0.00,0,-0.5,-0.4
89.50,touchdown,69.53,281.21,0.000,1,-667.2,2826.9,-1.4,1.5,-1.01,-0.36,63,63,-1,-0.8,1.7,-0.5,0.5,-0.15,0.14,0.00,0.00,0.00,0.00,-0.49,-0.52,99,-1,1,9,-0.1,0.06,0.000,0.000,-0.52,0,28,0,206.0,0.7,1.5,64.0,0.00,0,11.9,12.1
89.70,touchdown,69.55,281.18,0.000,1,-667.3,2826.9,-1.2,1.6,-0.37,-0.13,63,63,-1,-0.2,1.0,0.6,-0.6,-0.06,0.05,0.00,0.00,0.00,0.00,-0.27,-0.28,99,-1,1,9,-0.1,0.06,0.000,0.000,0.27,0,28,0,206.0,0.7,1.5,64.0,0.00,0,3.5,3.7
89.90,touchdown,69.49,281.24,0.000,1,-667.3,2826.9,-1.2,1.6,0.39,0.16,63,63,-1,1.5,-0.8,-0.2,0.1,0.09,-0.10,0.00,0.00,0.00,0.00,0.28,0.32,99,-1,1,9,0.1,0.06,0.000,0.000,-0.32,0,28,0,206.0,359.8,359.6,64.0,0.00,0,-4.7,-5.0
90.10,touchdown,69.51,281.23,0.000,1,-667.2,2826.9,-1.3,1.5,-0.42,-0.14,63,63,-1,0.5,0.3,-0.2,0.2,-0.04,0.03,0.00,0.00,0.00,0.00,-0.04,-0.04,99,-1,1,9,-0.0,0.06,0.000,0.000,-0.04,0,28,0,206.0,359.8,359.6,64.0,0.00,0,5.0,4.9
90.30,touchdown,69.51,281.23,0.000,1,-667.2,2826.9,-1.2,1.6,0.30,0.09,63,63,-1,0.5,0.3,0.1,-0.1,-0.00,-0.01,0.00,0.00,0.00,0.00,-0.03,-0.03,99,-1,1,9,-0.0,0.06,0.000,0.000,0.03,0,28,0,206.0,359.9,359.8,64.0,0.00,0,-3.7,-3.4
90.50,touchdown,69.50,281.23,0.000,1,-667.2,2826.9,-1.3,1.6,-0.10,-0.01,63,63,-1,0.5,0.3,0.0,-0.0,-0.03,0.02,0.00,0.00,0.00,0.00,-0.04,-0.03,99,-1,1,9,0.1,0.06,0.000,0.000,-0.02,0,28,0,206.0,359.9,359.8,64.0,0.00,0,1.2,1.1
90.70,touchdown,69.50,281.23,0.000,1,-667.2,2826.9,-1.3,1.6,-0.00,0.00,63,63,-1,0.6,0.2,0.0,-0.0,-0.01,-0.00,0.00,0.00,0.00,0.00,-0.00,-0.00,99,-1,1,9,0.1,0.06,0.000,0.000,-0.00,0,28,0,206.0,0.0,0.0,64.0,0.00,0,0.2,0.3
90.90,touchdown,69.50,281.23,0.000,1,-667.2,2826.9,-1.3,1.6,0.00,0.00,63,63,-1,0.7,0.2,0.0,0.0,-0.01,-0.00,0.00,0.00,0.00,0.00,0.00,0.00,99,-1,1,9,0.0,0.06,0.000,0.000,0.00,0,28,0,206.0,0.0,0.0,64.0,0.00,0,0.0,0.0
91.10,touchdown,69.50,281.23,0.000,1,-667.2,2826.9,-1.3,1.6,0.00,0.00,63,63,-1,0.7,0.2,0.0,0.0,-0.01,-0.00,0.00,0.00,0.00,0.00,0.00,0.00,99,-1,1,9,-0.0,0.06,0.000,0.000,0.00,0,28,0,206.0,0.0,0.0,64.0,0.00,0,0.0,0.0
91.30,touchdown,69.50,281.23,0.000,1,-667.2,2826.9,-1.3,1.6,0.00,0.00,63,63,-1,0.7,0.2,0.0,0.0,-0.01,-0.00,0.00,0.00,0.00,0.00,0.00,0.00,99,-1,1,9,-0.0,0.06,0.000,0.000,0.00,0,28,0,206.0,0.0,0.0,64.0,0.00,0,-0.0,0.0
91.50,touchdown,69.50,281.23,0.000,1,-667.2,2826.9,-1.3,1.6,0.00,0.00,63,63,-1,0.7,0.2,0.0,0.0,-0.01,-0.00,0.00,0.00,0.00,0.00,0.00,0.00,99,-1,1,9,-0.0,0.06,0.000,0.000,0.00,0,28,0,206.0,0.0,0.0,64.0,0.00,0,0.0,0.0
91.60,end:ok:control [yawkp 0.007 yawkd 0.012 yawmax 0.6 lean 67 body 15 braketurn 0.55 side 1.5 hold 0.38 track 0.2 appr 2],0,0,0,0,0,0,0,0,0,0,0,0,0,0,0,0,0,0,0,0,0,0,0,0,0,0,0,0,0,0,0,0,0,0,0,0,0,0,0,0,0,0,0,0,0
